timestamp,open,low,high,close,volume
2021-11-01 09:00:00,775,775,780,775,0
2021-11-01 09:01:00,775,775,780,780,207800
2021-11-01 09:02:00,780,780,780,780,243500
2021-11-01 09:03:00,780,775,780,780,267600
2021-11-01 09:04:00,780,780,780,780,217500
2021-11-01 09:05:00,780,775,780,780,282300
2021-11-01 09:06:00,780,775,780,780,403300
2021-11-01 09:07:00,780,780,780,780,355600
2021-11-01 09:08:00,780,780,780,780,80100
2021-11-01 09:09:00,780,780,780,780,511200
2021-11-01 09:10:00,780,780,785,785,84800
2021-11-01 09:11:00,785,785,785,785,300400
2021-11-01 09:12:00,785,780,785,785,488600
2021-11-01 09:13:00,785,785,785,785,300100
2021-11-01 09:14:00,785,785,785,785,152600
2021-11-01 09:15:00,785,785,785,785,136500
2021-11-01 09:16:00,785,785,785,785,74700
2021-11-01 09:17:00,790,790,790,790,10000
2021-11-01 09:18:00,790,785,790,785,40700
2021-11-01 09:19:00,790,785,790,790,58500
2021-11-01 09:20:00,790,785,790,790,16400
2021-11-01 09:21:00,790,790,790,790,17100
2021-11-01 09:22:00,790,790,790,790,220000
2021-11-01 09:23:00,790,790,790,790,255000
2021-11-01 09:24:00,790,790,790,790,251300
2021-11-01 09:25:00,790,785,790,790,221100
2021-11-01 09:26:00,790,790,790,790,7100
2021-11-01 09:27:00,790,785,790,785,74900
2021-11-01 09:28:00,780,780,780,780,31400
2021-11-01 09:29:00,780,780,785,780,25500
2021-11-01 09:30:00,785,785,785,785,5400
2021-11-01 09:31:00,785,785,785,785,300000
2021-11-01 09:32:00,780,780,785,785,202200
2021-11-01 09:33:00,785,785,785,785,188100
2021-11-01 09:34:00,785,785,785,785,335000
2021-11-01 09:35:00,785,785,785,785,165900
2021-11-01 09:36:00,790,785,790,790,10500
2021-11-01 09:37:00,790,790,790,790,15200
2021-11-01 09:38:00,790,790,790,790,20800
2021-11-01 09:39:00,790,790,790,790,200
2021-11-01 09:40:00,790,790,790,790,20300
2021-11-01 09:41:00,790,790,790,790,3800
2021-11-01 09:42:00,790,790,790,790,21200
2021-11-01 09:43:00,790,790,790,790,191600
2021-11-01 09:44:00,790,790,790,790,19600
2021-11-01 09:45:00,790,790,790,790,16000
2021-11-01 09:46:00,790,790,790,790,9100
2021-11-01 09:47:00,790,790,790,790,138500
2021-11-01 09:48:00,790,790,790,790,162400
2021-11-01 09:49:00,790,790,790,790,214300
2021-11-01 09:50:00,790,790,790,790,73000
2021-11-01 09:51:00,790,790,790,790,32900
2021-11-01 09:52:00,790,790,790,790,15100
2021-11-01 09:53:00,790,790,790,790,4000
2021-11-01 09:54:00,790,790,790,790,1000
2021-11-01 09:55:00,785,785,790,785,75600
2021-11-01 09:56:00,790,785,790,785,3600
2021-11-01 09:57:00,785,785,785,785,15000
2021-11-01 09:58:00,785,785,785,785,20000
2021-11-01 09:59:00,785,785,785,785,67000
2021-11-01 10:00:00,785,785,785,785,43000
2021-11-01 10:01:00,785,785,785,785,50000
2021-11-01 10:02:00,785,785,785,785,7700
2021-11-01 10:03:00,785,780,785,785,4900
2021-11-01 10:04:00,785,785,785,785,4100
2021-11-01 10:05:00,785,785,785,785,4700
2021-11-01 10:06:00,785,785,785,785,1300
2021-11-01 10:07:00,785,780,785,780,14500
2021-11-01 10:08:00,785,785,785,785,1200
2021-11-01 10:09:00,785,785,785,785,8800
2021-11-01 10:10:00,785,785,785,785,0
2021-11-01 10:11:00,785,785,785,785,10400
2021-11-01 10:12:00,785,785,785,785,0
2021-11-01 10:13:00,785,785,785,785,3400
2021-11-01 10:14:00,785,785,785,785,6600
2021-11-01 10:15:00,785,785,785,785,300
2021-11-01 10:16:00,785,785,785,785,30000
2021-11-01 10:17:00,785,785,785,785,400
2021-11-01 10:18:00,780,780,785,785,2500
2021-11-01 10:19:00,780,780,785,785,0
2021-11-01 10:20:00,785,785,785,785,300
2021-11-01 10:21:00,785,785,785,785,0
2021-11-01 10:22:00,780,780,780,780,10000
2021-11-01 10:23:00,785,785,785,785,500
2021-11-01 10:24:00,785,785,785,785,0
2021-11-01 10:25:00,785,785,785,785,200
2021-11-01 10:26:00,785,785,785,785,0
2021-11-01 10:27:00,785,785,785,785,0
2021-11-01 10:28:00,780,780,785,785,45400
2021-11-01 10:29:00,785,785,785,785,400
2021-11-01 10:30:00,780,780,780,780,75000
2021-11-01 10:31:00,785,780,785,780,1700
2021-11-01 10:32:00,785,785,785,785,25200
2021-11-01 10:33:00,785,785,785,785,5200
2021-11-01 10:34:00,785,785,785,785,0
2021-11-01 10:35:00,785,785,785,785,70000
2021-11-01 10:36:00,785,785,785,785,25900
2021-11-01 10:37:00,785,785,785,785,4100
2021-11-01 10:38:00,785,785,785,785,75000
2021-11-01 10:39:00,785,785,785,785,66500
2021-11-01 10:40:00,785,785,785,785,64200
2021-11-01 10:41:00,785,785,785,785,2000
2021-11-01 10:42:00,785,780,785,785,46200
2021-11-01 10:43:00,785,785,785,785,34700
2021-11-01 10:44:00,785,785,785,785,9400
2021-11-01 10:45:00,785,785,785,785,81300
2021-11-01 10:46:00,785,785,785,785,24700
2021-11-01 10:47:00,785,785,785,785,8000
2021-11-01 10:48:00,785,785,785,785,2000
2021-11-01 10:49:00,785,785,785,785,300
2021-11-01 10:50:00,785,785,785,785,0
2021-11-01 10:51:00,785,785,785,785,200
2021-11-01 10:52:00,785,785,785,785,0
2021-11-01 10:53:00,785,785,785,785,0
2021-11-01 10:54:00,780,780,785,785,30500
2021-11-01 10:55:00,785,785,785,785,40800
2021-11-01 10:56:00,785,785,785,785,0
2021-11-01 10:57:00,785,785,785,785,0
2021-11-01 10:58:00,785,785,785,785,8700
2021-11-01 10:59:00,785,785,785,785,1300
2021-11-01 11:00:00,785,785,785,785,0
2021-11-01 11:01:00,785,785,785,785,0
2021-11-01 11:02:00,785,785,785,785,17400
2021-11-01 11:03:00,785,785,785,785,3000
2021-11-01 11:04:00,785,785,785,785,0
2021-11-01 11:05:00,785,785,785,785,200
2021-11-01 11:06:00,785,785,785,785,0
2021-11-01 11:07:00,785,780,785,785,26500
2021-11-01 11:08:00,785,780,785,785,0
2021-11-01 11:09:00,785,785,785,785,23000
2021-11-01 11:10:00,785,785,785,785,5200
2021-11-01 11:11:00,785,785,785,785,1800
2021-11-01 11:12:00,785,785,785,785,400
2021-11-01 11:13:00,785,785,785,785,600
2021-11-01 11:14:00,785,785,785,785,600
2021-11-01 11:15:00,785,785,785,785,0
2021-11-01 11:16:00,785,785,785,785,0
2021-11-01 11:17:00,780,780,785,785,1200
2021-11-01 11:18:00,785,785,785,785,200
2021-11-01 11:19:00,785,785,785,785,0
2021-11-01 11:20:00,785,785,785,785,400
2021-11-01 11:21:00,785,785,785,785,0
2021-11-01 11:22:00,785,785,785,785,300
2021-11-01 11:23:00,785,785,785,785,60300
2021-11-01 11:24:00,785,785,785,785,83900
2021-11-01 11:25:00,785,780,785,785,36100
2021-11-01 11:26:00,785,785,785,785,300
2021-11-01 11:27:00,785,785,785,785,200
2021-11-01 11:28:00,785,785,785,785,70700
2021-11-01 11:29:00,785,785,790,790,58600
2021-11-01 11:30:00,785,785,790,790,0
2021-11-01 11:31:00,785,785,790,790,0
2021-11-01 11:32:00,785,785,790,790,0
2021-11-01 11:33:00,785,785,790,790,0
2021-11-01 11:34:00,785,785,790,790,0
2021-11-01 11:35:00,785,785,790,790,0
2021-11-01 11:36:00,785,785,790,790,0
2021-11-01 11:37:00,785,785,790,790,0
2021-11-01 11:38:00,785,785,790,790,0
2021-11-01 11:39:00,785,785,790,790,0
2021-11-01 11:40:00,785,785,790,790,0
2021-11-01 11:41:00,785,785,790,790,0
2021-11-01 11:42:00,785,785,790,790,0
2021-11-01 11:43:00,785,785,790,790,0
2021-11-01 11:44:00,785,785,790,790,0
2021-11-01 11:45:00,785,785,790,790,0
2021-11-01 11:46:00,785,785,790,790,0
2021-11-01 11:47:00,785,785,790,790,0
2021-11-01 11:48:00,785,785,790,790,0
2021-11-01 11:49:00,785,785,790,790,0
2021-11-01 11:50:00,785,785,790,790,0
2021-11-01 11:51:00,785,785,790,790,0
2021-11-01 11:52:00,785,785,790,790,0
2021-11-01 11:53:00,785,785,790,790,0
2021-11-01 11:54:00,785,785,790,790,0
2021-11-01 11:55:00,785,785,790,790,0
2021-11-01 11:56:00,785,785,790,790,0
2021-11-01 11:57:00,785,785,790,790,0
2021-11-01 11:58:00,785,785,790,790,0
2021-11-01 11:59:00,785,785,790,790,0
2021-11-01 12:00:00,785,785,790,790,0
2021-11-01 12:01:00,785,785,790,790,0
2021-11-01 12:02:00,785,785,790,790,0
2021-11-01 12:03:00,785,785,790,790,0
2021-11-01 12:04:00,785,785,790,790,0
2021-11-01 12:05:00,785,785,790,790,0
2021-11-01 12:06:00,785,785,790,790,0
2021-11-01 12:07:00,785,785,790,790,0
2021-11-01 12:08:00,785,785,790,790,0
2021-11-01 12:09:00,785,785,790,790,0
2021-11-01 12:10:00,785,785,790,790,0
2021-11-01 12:11:00,785,785,790,790,0
2021-11-01 12:12:00,785,785,790,790,0
2021-11-01 12:13:00,785,785,790,790,0
2021-11-01 12:14:00,785,785,790,790,0
2021-11-01 12:15:00,785,785,790,790,0
2021-11-01 12:16:00,785,785,790,790,0
2021-11-01 12:17:00,785,785,790,790,0
2021-11-01 12:18:00,785,785,790,790,0
2021-11-01 12:19:00,785,785,790,790,0
2021-11-01 12:20:00,785,785,790,790,0
2021-11-01 12:21:00,785,785,790,790,0
2021-11-01 12:22:00,785,785,790,790,0
2021-11-01 12:23:00,785,785,790,790,0
2021-11-01 12:24:00,785,785,790,790,0
2021-11-01 12:25:00,785,785,790,790,0
2021-11-01 12:26:00,785,785,790,790,0
2021-11-01 12:27:00,785,785,790,790,0
2021-11-01 12:28:00,785,785,790,790,0
2021-11-01 12:29:00,785,785,790,790,0
2021-11-01 12:30:00,785,785,790,790,0
2021-11-01 12:31:00,785,785,790,790,0
2021-11-01 12:32:00,785,785,790,790,0
2021-11-01 12:33:00,785,785,790,790,0
2021-11-01 12:34:00,785,785,790,790,0
2021-11-01 12:35:00,785,785,790,790,0
2021-11-01 12:36:00,785,785,790,790,0
2021-11-01 12:37:00,785,785,790,790,0
2021-11-01 12:38:00,785,785,790,790,0
2021-11-01 12:39:00,785,785,790,790,0
2021-11-01 12:40:00,785,785,790,790,0
2021-11-01 12:41:00,785,785,790,790,0
2021-11-01 12:42:00,785,785,790,790,0
2021-11-01 12:43:00,785,785,790,790,0
2021-11-01 12:44:00,785,785,790,790,0
2021-11-01 12:45:00,785,785,790,790,0
2021-11-01 12:46:00,785,785,790,790,0
2021-11-01 12:47:00,785,785,790,790,0
2021-11-01 12:48:00,785,785,790,790,0
2021-11-01 12:49:00,785,785,790,790,0
2021-11-01 12:50:00,785,785,790,790,0
2021-11-01 12:51:00,785,785,790,790,0
2021-11-01 12:52:00,785,785,790,790,0
2021-11-01 12:53:00,785,785,790,790,0
2021-11-01 12:54:00,785,785,790,790,0
2021-11-01 12:55:00,785,785,790,790,0
2021-11-01 12:56:00,785,785,790,790,0
2021-11-01 12:57:00,785,785,790,790,0
2021-11-01 12:58:00,785,785,790,790,0
2021-11-01 12:59:00,785,785,790,790,0
2021-11-01 13:00:00,785,785,790,790,0
2021-11-01 13:01:00,785,785,790,790,0
2021-11-01 13:02:00,785,785,790,790,0
2021-11-01 13:03:00,785,785,790,790,0
2021-11-01 13:04:00,785,785,790,790,0
2021-11-01 13:05:00,785,785,790,790,0
2021-11-01 13:06:00,785,785,790,790,0
2021-11-01 13:07:00,785,785,790,790,0
2021-11-01 13:08:00,785,785,790,790,0
2021-11-01 13:09:00,785,785,790,790,0
2021-11-01 13:10:00,785,785,790,790,0
2021-11-01 13:11:00,785,785,790,790,0
2021-11-01 13:12:00,785,785,790,790,0
2021-11-01 13:13:00,785,785,790,790,0
2021-11-01 13:14:00,785,785,790,790,0
2021-11-01 13:15:00,785,785,790,790,0
2021-11-01 13:16:00,785,785,790,790,0
2021-11-01 13:17:00,785,785,790,790,0
2021-11-01 13:18:00,785,785,790,790,0
2021-11-01 13:19:00,785,785,790,790,0
2021-11-01 13:20:00,785,785,790,790,0
2021-11-01 13:21:00,785,785,790,790,0
2021-11-01 13:22:00,785,785,790,790,0
2021-11-01 13:23:00,785,785,790,790,0
2021-11-01 13:24:00,785,785,790,790,0
2021-11-01 13:25:00,785,785,790,790,0
2021-11-01 13:26:00,785,785,790,790,0
2021-11-01 13:27:00,785,785,790,790,0
2021-11-01 13:28:00,785,785,790,790,0
2021-11-01 13:29:00,785,785,790,790,0
2021-11-01 13:30:00,785,785,790,790,0
2021-11-01 13:31:00,785,785,790,790,0
2021-11-01 13:32:00,790,790,790,790,1500
2021-11-01 13:33:00,790,790,790,790,182100
2021-11-01 13:34:00,790,790,790,790,609400
2021-11-01 13:35:00,790,790,790,790,23700
2021-11-01 13:36:00,790,785,790,790,18600
2021-11-01 13:37:00,790,785,790,790,130900
2021-11-01 13:38:00,790,790,790,790,67400
2021-11-01 13:39:00,790,790,790,790,79600
2021-11-01 13:40:00,790,790,790,790,15000
2021-11-01 13:41:00,790,790,790,790,48100
2021-11-01 13:42:00,790,790,790,790,17500
2021-11-01 13:43:00,790,790,790,790,57400
2021-11-01 13:44:00,790,785,790,785,9700
2021-11-01 13:45:00,790,790,790,790,24700
2021-11-01 13:46:00,790,790,790,790,26800
2021-11-01 13:47:00,790,790,790,790,40700
2021-11-01 13:48:00,790,790,790,790,10200
2021-11-01 13:49:00,790,790,790,790,17500
2021-11-01 13:50:00,790,790,790,790,15700
2021-11-01 13:51:00,790,790,790,790,18100
2021-11-01 13:52:00,790,790,790,790,4400
2021-11-01 13:53:00,790,790,790,790,2500
2021-11-01 13:54:00,790,790,790,790,25000
2021-11-01 13:55:00,790,790,790,790,0
2021-11-01 13:56:00,790,790,790,790,1000
2021-11-01 13:57:00,790,790,790,790,10800
2021-11-01 13:58:00,790,785,790,785,143300
2021-11-01 13:59:00,785,785,785,785,800
2021-11-01 14:00:00,785,785,785,785,46000
2021-11-01 14:01:00,785,785,785,785,95600
2021-11-01 14:02:00,785,780,785,785,32400
2021-11-01 14:03:00,785,785,785,785,59700
2021-11-01 14:04:00,785,785,785,785,45600
2021-11-01 14:05:00,785,785,785,785,30200
2021-11-01 14:06:00,785,785,785,785,23800
2021-11-01 14:07:00,785,785,785,785,6200
2021-11-01 14:08:00,785,785,785,785,35100
2021-11-01 14:09:00,785,780,785,780,15700
2021-11-01 14:10:00,785,785,785,785,800
2021-11-01 14:11:00,785,785,785,785,5200
2021-11-01 14:12:00,785,785,785,785,0
2021-11-01 14:13:00,785,785,785,785,0
2021-11-01 14:14:00,785,785,785,785,400
2021-11-01 14:15:00,780,780,785,785,120200
2021-11-01 14:16:00,780,775,780,780,89400
2021-11-01 14:17:00,780,780,785,785,17600
2021-11-01 14:18:00,780,780,785,785,10300
2021-11-01 14:19:00,780,780,785,785,0
2021-11-01 14:20:00,785,785,785,785,400
2021-11-01 14:21:00,780,780,785,780,26700
2021-11-01 14:22:00,780,780,780,780,600
2021-11-01 14:23:00,780,780,780,780,100700
2021-11-01 14:24:00,780,780,780,780,91400
2021-11-01 14:25:00,775,775,780,780,144400
2021-11-01 14:26:00,775,770,775,775,111000
2021-11-01 14:27:00,780,780,780,780,200
2021-11-01 14:28:00,780,780,780,780,2400
2021-11-01 14:29:00,780,775,780,780,12600
2021-11-01 14:30:00,780,780,780,780,400
2021-11-01 14:31:00,780,780,780,780,800
2021-11-01 14:32:00,780,780,780,780,200
2021-11-01 14:33:00,780,780,780,780,0
2021-11-01 14:34:00,780,780,780,780,200
2021-11-01 14:35:00,780,780,780,780,29600
2021-11-01 14:36:00,780,780,780,780,52000
2021-11-01 14:37:00,780,780,780,780,10800
2021-11-01 14:38:00,780,780,780,780,36800
2021-11-01 14:39:00,780,780,780,780,2400
2021-11-01 14:40:00,780,780,780,780,44500
2021-11-01 14:41:00,780,780,780,780,36900
2021-11-01 14:42:00,780,780,785,785,11300
2021-11-01 14:43:00,785,780,785,785,11700
2021-11-01 14:44:00,785,785,785,785,41200
2021-11-01 14:45:00,785,780,785,785,20700
2021-11-01 14:46:00,785,785,785,785,29400
2021-11-01 14:47:00,785,780,785,785,7900
2021-11-01 14:48:00,785,785,785,785,50000
2021-11-01 14:49:00,785,780,790,790,28000
2021-11-01 14:50:00,785,780,790,790,0
2021-11-01 14:51:00,785,780,790,790,0
2021-11-01 14:52:00,785,780,790,790,0
2021-11-01 14:53:00,785,780,790,790,0
2021-11-01 14:54:00,785,780,790,790,0
2021-11-01 14:55:00,785,780,790,790,0
2021-11-01 14:56:00,785,780,790,790,0
2021-11-01 14:57:00,785,780,790,790,0
2021-11-01 14:58:00,785,780,790,790,0
2021-11-01 14:59:00,785,780,790,790,0
2021-11-01 15:00:00,785,785,785,785,94700
2021-11-01 15:01:00,785,785,785,785,0
2021-11-01 15:02:00,785,785,785,785,0
2021-11-01 15:03:00,785,785,785,785,0
2021-11-01 15:04:00,785,785,785,785,0
2021-11-01 15:05:00,785,785,785,785,51500
2021-11-01 15:06:00,785,785,785,785,5100
2021-11-01 15:07:00,785,785,785,785,0
2021-11-01 15:08:00,785,785,785,785,2800
2021-11-01 15:09:00,785,785,785,785,0
2021-11-01 15:10:00,785,785,785,785,0
2021-11-01 15:11:00,785,785,785,785,0
2021-11-01 15:12:00,785,785,785,785,0
2021-11-01 15:13:00,785,785,785,785,0
2021-11-01 15:14:00,785,785,785,785,0
2021-11-01 15:15:00,785,785,785,785,0
2021-11-01 15:16:00,785,785,785,785,0
2021-11-01 15:17:00,785,785,785,785,0
2021-11-01 15:18:00,785,785,785,785,0
2021-11-01 15:19:00,785,785,785,785,0
2021-11-01 15:20:00,785,785,785,785,0
2021-11-01 15:21:00,785,785,785,785,0
2021-11-01 15:22:00,785,785,785,785,0
2021-11-01 15:23:00,785,785,785,785,0
2021-11-01 15:24:00,785,785,785,785,0
2021-11-01 15:25:00,785,785,785,785,0
2021-11-01 15:26:00,785,785,785,785,0
2021-11-01 15:27:00,785,785,785,785,0
2021-11-01 15:28:00,785,785,785,785,0
2021-11-01 15:29:00,785,785,785,785,0
2021-11-01 15:30:00,785,785,785,785,0
2021-11-01 15:31:00,785,785,785,785,0
2021-11-01 15:32:00,785,785,785,785,0
2021-11-01 15:33:00,785,785,785,785,0
2021-11-01 15:34:00,785,785,785,785,0
2021-11-01 15:35:00,785,785,785,785,0
2021-11-01 15:36:00,785,785,785,785,0
2021-11-01 15:37:00,785,785,785,785,0
2021-11-01 15:38:00,785,785,785,785,0
2021-11-01 15:39:00,785,785,785,785,0
2021-11-01 15:40:00,785,785,785,785,0
2021-11-01 15:41:00,785,785,785,785,0
2021-11-01 15:42:00,785,785,785,785,0
2021-11-01 15:43:00,785,785,785,785,0
2021-11-01 15:44:00,785,785,785,785,0
2021-11-01 15:45:00,785,785,785,785,0
2021-11-01 15:46:00,785,785,785,785,0
2021-11-01 15:47:00,785,785,785,785,0
2021-11-01 15:48:00,785,785,785,785,0
2021-11-01 15:49:00,785,785,785,785,0
2021-11-01 15:50:00,785,785,785,785,0
2021-11-01 15:51:00,785,785,785,785,0
2021-11-01 15:52:00,785,785,785,785,0
2021-11-01 15:53:00,785,785,785,785,0
2021-11-01 15:54:00,785,785,785,785,0
2021-11-01 15:55:00,785,785,785,785,0
2021-11-01 15:56:00,785,785,785,785,0
2021-11-01 15:57:00,785,785,785,785,0
2021-11-01 15:58:00,785,785,785,785,0
2021-11-01 15:59:00,785,785,785,785,0
2021-11-02 09:00:00,785,785,795,795,0
2021-11-02 09:01:00,795,790,795,790,236600
2021-11-02 09:02:00,790,790,795,790,411800
2021-11-02 09:03:00,790,790,790,790,416000
2021-11-02 09:04:00,790,790,790,790,545000
2021-11-02 09:05:00,790,790,790,790,230000
2021-11-02 09:06:00,790,790,790,790,210600
2021-11-02 09:07:00,790,790,790,790,270100
2021-11-02 09:08:00,790,790,790,790,237500
2021-11-02 09:09:00,790,790,790,790,291000
2021-11-02 09:10:00,790,790,795,790,62500
2021-11-02 09:11:00,795,790,795,790,227800
2021-11-02 09:12:00,790,790,790,790,222200
2021-11-02 09:13:00,790,790,790,790,155500
2021-11-02 09:14:00,790,790,790,790,54700
2021-11-02 09:15:00,795,790,795,795,21000
2021-11-02 09:16:00,795,795,795,795,4000
2021-11-02 09:17:00,795,795,795,795,10000
2021-11-02 09:18:00,795,795,795,795,900
2021-11-02 09:19:00,795,795,795,795,11100
2021-11-02 09:20:00,790,790,795,795,1900
2021-11-02 09:21:00,795,795,795,795,6800
2021-11-02 09:22:00,795,795,795,795,800
2021-11-02 09:23:00,790,790,795,795,13000
2021-11-02 09:24:00,795,790,795,795,14400
2021-11-02 09:25:00,790,790,795,795,4800
2021-11-02 09:26:00,795,795,795,795,1800
2021-11-02 09:27:00,795,795,795,795,3700
2021-11-02 09:28:00,795,795,795,795,1800
2021-11-02 09:29:00,795,795,795,795,451900
2021-11-02 09:30:00,795,795,795,795,621500
2021-11-02 09:31:00,795,795,795,795,556300
2021-11-02 09:32:00,795,795,795,795,250000
2021-11-02 09:33:00,795,795,795,795,75200
2021-11-02 09:34:00,795,795,795,795,340000
2021-11-02 09:35:00,795,795,800,800,118000
2021-11-02 09:36:00,800,800,800,800,3000
2021-11-02 09:37:00,800,800,800,800,11200
2021-11-02 09:38:00,800,800,800,800,201000
2021-11-02 09:39:00,800,795,800,800,114000
2021-11-02 09:40:00,800,795,800,800,28000
2021-11-02 09:41:00,800,795,800,800,20700
2021-11-02 09:42:00,800,800,800,800,18000
2021-11-02 09:43:00,800,800,800,800,17000
2021-11-02 09:44:00,795,795,800,800,80000
2021-11-02 09:45:00,800,800,800,800,15000
2021-11-02 09:46:00,800,795,800,795,29900
2021-11-02 09:47:00,800,795,800,800,6900
2021-11-02 09:48:00,800,800,800,800,5600
2021-11-02 09:49:00,800,800,800,800,1300
2021-11-02 09:50:00,795,795,800,800,1100
2021-11-02 09:51:00,800,795,800,800,63900
2021-11-02 09:52:00,800,795,800,800,10000
2021-11-02 09:53:00,800,795,800,795,116000
2021-11-02 09:54:00,795,795,800,800,294900
2021-11-02 09:55:00,800,795,800,800,3200
2021-11-02 09:56:00,795,795,795,795,41500
2021-11-02 09:57:00,795,795,795,795,210500
2021-11-02 09:58:00,795,795,795,795,21500
2021-11-02 09:59:00,795,790,795,790,21200
2021-11-02 10:00:00,795,795,795,795,23600
2021-11-02 10:01:00,795,790,795,790,65300
2021-11-02 10:02:00,795,795,795,795,37300
2021-11-02 10:03:00,795,795,795,795,66600
2021-11-02 10:04:00,795,785,795,795,272700
2021-11-02 10:05:00,795,795,795,795,20000
2021-11-02 10:06:00,795,795,795,795,36800
2021-11-02 10:07:00,795,795,795,795,7300
2021-11-02 10:08:00,795,790,795,795,39200
2021-11-02 10:09:00,795,795,795,795,3700
2021-11-02 10:10:00,790,790,795,795,9300
2021-11-02 10:11:00,795,790,795,790,8800
2021-11-02 10:12:00,795,795,795,795,29800
2021-11-02 10:13:00,795,795,795,795,600
2021-11-02 10:14:00,795,795,795,795,19000
2021-11-02 10:15:00,795,795,795,795,6000
2021-11-02 10:16:00,795,790,795,795,1800
2021-11-02 10:17:00,795,795,795,795,10000
2021-11-02 10:18:00,795,795,795,795,400
2021-11-02 10:19:00,795,795,795,795,0
2021-11-02 10:20:00,790,790,790,790,6000
2021-11-02 10:21:00,795,795,795,795,400
2021-11-02 10:22:00,795,795,795,795,0
2021-11-02 10:23:00,795,795,795,795,300
2021-11-02 10:24:00,795,790,795,790,23000
2021-11-02 10:25:00,795,795,795,795,300
2021-11-02 10:26:00,795,795,795,795,0
2021-11-02 10:27:00,795,790,795,790,8500
2021-11-02 10:28:00,795,795,795,795,300
2021-11-02 10:29:00,795,795,795,795,0
2021-11-02 10:30:00,795,795,795,795,0
2021-11-02 10:31:00,795,795,795,795,200
2021-11-02 10:32:00,795,795,795,795,0
2021-11-02 10:33:00,795,795,795,795,0
2021-11-02 10:34:00,795,795,795,795,300
2021-11-02 10:35:00,795,790,795,790,700
2021-11-02 10:36:00,790,790,790,790,6700
2021-11-02 10:37:00,795,790,795,790,3900
2021-11-02 10:38:00,790,790,790,790,6000
2021-11-02 10:39:00,790,790,790,790,3100
2021-11-02 10:40:00,790,790,790,790,95300
2021-11-02 10:41:00,790,790,790,790,6200
2021-11-02 10:42:00,790,790,790,790,31800
2021-11-02 10:43:00,790,790,790,790,30000
2021-11-02 10:44:00,790,790,790,790,400
2021-11-02 10:45:00,790,790,790,790,29800
2021-11-02 10:46:00,790,790,790,790,0
2021-11-02 10:47:00,790,790,790,790,40200
2021-11-02 10:48:00,790,790,790,790,20000
2021-11-02 10:49:00,790,790,790,790,20200
2021-11-02 10:50:00,790,790,790,790,0
2021-11-02 10:51:00,790,790,790,790,10000
2021-11-02 10:52:00,790,790,790,790,25500
2021-11-02 10:53:00,790,790,790,790,7000
2021-11-02 10:54:00,790,790,790,790,28700
2021-11-02 10:55:00,790,790,790,790,0
2021-11-02 10:56:00,790,790,790,790,42900
2021-11-02 10:57:00,790,790,790,790,8500
2021-11-02 10:58:00,790,790,790,790,46000
2021-11-02 10:59:00,790,790,790,790,15600
2021-11-02 11:00:00,790,785,790,785,153800
2021-11-02 11:01:00,785,785,785,785,1100
2021-11-02 11:02:00,785,785,785,785,0
2021-11-02 11:03:00,780,780,780,780,38700
2021-11-02 11:04:00,780,770,780,770,141900
2021-11-02 11:05:00,770,770,770,770,9000
2021-11-02 11:06:00,770,770,780,775,108500
2021-11-02 11:07:00,780,775,780,775,1800
2021-11-02 11:08:00,775,775,775,775,400
2021-11-02 11:09:00,775,775,780,780,15500
2021-11-02 11:10:00,780,780,780,780,31400
2021-11-02 11:11:00,780,780,780,780,164600
2021-11-02 11:12:00,780,780,780,780,4300
2021-11-02 11:13:00,780,780,780,780,150000
2021-11-02 11:14:00,775,775,780,780,18400
2021-11-02 11:15:00,780,780,780,780,4600
2021-11-02 11:16:00,780,780,780,780,500
2021-11-02 11:17:00,780,780,780,780,200
2021-11-02 11:18:00,780,780,780,780,300
2021-11-02 11:19:00,780,780,780,780,0
2021-11-02 11:20:00,780,780,780,780,1000
2021-11-02 11:21:00,780,780,780,780,400
2021-11-02 11:22:00,780,775,780,780,60800
2021-11-02 11:23:00,770,770,780,780,8200
2021-11-02 11:24:00,780,780,780,780,15000
2021-11-02 11:25:00,780,780,780,780,20600
2021-11-02 11:26:00,780,780,780,780,300
2021-11-02 11:27:00,780,780,780,780,5000
2021-11-02 11:28:00,780,780,780,780,10200
2021-11-02 11:29:00,780,780,780,780,11000
2021-11-02 11:30:00,780,780,780,780,0
2021-11-02 11:31:00,780,780,780,780,0
2021-11-02 11:32:00,780,780,780,780,0
2021-11-02 11:33:00,780,780,780,780,0
2021-11-02 11:34:00,780,780,780,780,0
2021-11-02 11:35:00,780,780,780,780,0
2021-11-02 11:36:00,780,780,780,780,0
2021-11-02 11:37:00,780,780,780,780,0
2021-11-02 11:38:00,780,780,780,780,0
2021-11-02 11:39:00,780,780,780,780,0
2021-11-02 11:40:00,780,780,780,780,0
2021-11-02 11:41:00,780,780,780,780,0
2021-11-02 11:42:00,780,780,780,780,0
2021-11-02 11:43:00,780,780,780,780,0
2021-11-02 11:44:00,780,780,780,780,0
2021-11-02 11:45:00,780,780,780,780,0
2021-11-02 11:46:00,780,780,780,780,0
2021-11-02 11:47:00,780,780,780,780,0
2021-11-02 11:48:00,780,780,780,780,0
2021-11-02 11:49:00,780,780,780,780,0
2021-11-02 11:50:00,780,780,780,780,0
2021-11-02 11:51:00,780,780,780,780,0
2021-11-02 11:52:00,780,780,780,780,0
2021-11-02 11:53:00,780,780,780,780,0
2021-11-02 11:54:00,780,780,780,780,0
2021-11-02 11:55:00,780,780,780,780,0
2021-11-02 11:56:00,780,780,780,780,0
2021-11-02 11:57:00,780,780,780,780,0
2021-11-02 11:58:00,780,780,780,780,0
2021-11-02 11:59:00,780,780,780,780,0
2021-11-02 12:00:00,780,780,780,780,0
2021-11-02 12:01:00,780,780,780,780,0
2021-11-02 12:02:00,780,780,780,780,0
2021-11-02 12:03:00,780,780,780,780,0
2021-11-02 12:04:00,780,780,780,780,0
2021-11-02 12:05:00,780,780,780,780,0
2021-11-02 12:06:00,780,780,780,780,0
2021-11-02 12:07:00,780,780,780,780,0
2021-11-02 12:08:00,780,780,780,780,0
2021-11-02 12:09:00,780,780,780,780,0
2021-11-02 12:10:00,780,780,780,780,0
2021-11-02 12:11:00,780,780,780,780,0
2021-11-02 12:12:00,780,780,780,780,0
2021-11-02 12:13:00,780,780,780,780,0
2021-11-02 12:14:00,780,780,780,780,0
2021-11-02 12:15:00,780,780,780,780,0
2021-11-02 12:16:00,780,780,780,780,0
2021-11-02 12:17:00,780,780,780,780,0
2021-11-02 12:18:00,780,780,780,780,0
2021-11-02 12:19:00,780,780,780,780,0
2021-11-02 12:20:00,780,780,780,780,0
2021-11-02 12:21:00,780,780,780,780,0
2021-11-02 12:22:00,780,780,780,780,0
2021-11-02 12:23:00,780,780,780,780,0
2021-11-02 12:24:00,780,780,780,780,0
2021-11-02 12:25:00,780,780,780,780,0
2021-11-02 12:26:00,780,780,780,780,0
2021-11-02 12:27:00,780,780,780,780,0
2021-11-02 12:28:00,780,780,780,780,0
2021-11-02 12:29:00,780,780,780,780,0
2021-11-02 12:30:00,780,780,780,780,0
2021-11-02 12:31:00,780,780,780,780,0
2021-11-02 12:32:00,780,780,780,780,0
2021-11-02 12:33:00,780,780,780,780,0
2021-11-02 12:34:00,780,780,780,780,0
2021-11-02 12:35:00,780,780,780,780,0
2021-11-02 12:36:00,780,780,780,780,0
2021-11-02 12:37:00,780,780,780,780,0
2021-11-02 12:38:00,780,780,780,780,0
2021-11-02 12:39:00,780,780,780,780,0
2021-11-02 12:40:00,780,780,780,780,0
2021-11-02 12:41:00,780,780,780,780,0
2021-11-02 12:42:00,780,780,780,780,0
2021-11-02 12:43:00,780,780,780,780,0
2021-11-02 12:44:00,780,780,780,780,0
2021-11-02 12:45:00,780,780,780,780,0
2021-11-02 12:46:00,780,780,780,780,0
2021-11-02 12:47:00,780,780,780,780,0
2021-11-02 12:48:00,780,780,780,780,0
2021-11-02 12:49:00,780,780,780,780,0
2021-11-02 12:50:00,780,780,780,780,0
2021-11-02 12:51:00,780,780,780,780,0
2021-11-02 12:52:00,780,780,780,780,0
2021-11-02 12:53:00,780,780,780,780,0
2021-11-02 12:54:00,780,780,780,780,0
2021-11-02 12:55:00,780,780,780,780,0
2021-11-02 12:56:00,780,780,780,780,0
2021-11-02 12:57:00,780,780,780,780,0
2021-11-02 12:58:00,780,780,780,780,0
2021-11-02 12:59:00,780,780,780,780,0
2021-11-02 13:00:00,780,780,780,780,0
2021-11-02 13:01:00,780,780,780,780,0
2021-11-02 13:02:00,780,780,780,780,0
2021-11-02 13:03:00,780,780,780,780,0
2021-11-02 13:04:00,780,780,780,780,0
2021-11-02 13:05:00,780,780,780,780,0
2021-11-02 13:06:00,780,780,780,780,0
2021-11-02 13:07:00,780,780,780,780,0
2021-11-02 13:08:00,780,780,780,780,0
2021-11-02 13:09:00,780,780,780,780,0
2021-11-02 13:10:00,780,780,780,780,0
2021-11-02 13:11:00,780,780,780,780,0
2021-11-02 13:12:00,780,780,780,780,0
2021-11-02 13:13:00,780,780,780,780,0
2021-11-02 13:14:00,780,780,780,780,0
2021-11-02 13:15:00,780,780,780,780,0
2021-11-02 13:16:00,780,780,780,780,0
2021-11-02 13:17:00,780,780,780,780,0
2021-11-02 13:18:00,780,780,780,780,0
2021-11-02 13:19:00,780,780,780,780,0
2021-11-02 13:20:00,780,780,780,780,0
2021-11-02 13:21:00,780,780,780,780,0
2021-11-02 13:22:00,780,780,780,780,0
2021-11-02 13:23:00,780,780,780,780,0
2021-11-02 13:24:00,780,780,780,780,0
2021-11-02 13:25:00,780,780,780,780,0
2021-11-02 13:26:00,780,780,780,780,0
2021-11-02 13:27:00,780,780,780,780,0
2021-11-02 13:28:00,780,780,780,780,0
2021-11-02 13:29:00,780,780,780,780,0
2021-11-02 13:30:00,780,775,780,775,10600
2021-11-02 13:31:00,780,775,780,775,0
2021-11-02 13:32:00,775,770,780,770,86000
2021-11-02 13:33:00,780,770,780,770,10200
2021-11-02 13:34:00,775,770,775,775,39100
2021-11-02 13:35:00,775,775,775,775,34500
2021-11-02 13:36:00,775,775,775,775,45500
2021-11-02 13:37:00,775,775,775,775,34500
2021-11-02 13:38:00,775,775,775,775,31500
2021-11-02 13:39:00,775,775,775,775,55600
2021-11-02 13:40:00,775,775,775,775,49500
2021-11-02 13:41:00,775,775,775,775,70200
2021-11-02 13:42:00,775,775,775,775,13700
2021-11-02 13:43:00,775,775,775,775,28300
2021-11-02 13:44:00,775,775,775,775,1700
2021-11-02 13:45:00,775,775,775,775,11500
2021-11-02 13:46:00,775,775,775,775,84200
2021-11-02 13:47:00,775,775,780,780,88600
2021-11-02 13:48:00,775,775,780,775,11300
2021-11-02 13:49:00,780,780,780,780,300
2021-11-02 13:50:00,780,780,780,780,400
2021-11-02 13:51:00,780,780,780,780,1000
2021-11-02 13:52:00,780,780,780,780,11100
2021-11-02 13:53:00,780,780,780,780,1100
2021-11-02 13:54:00,780,780,780,780,1500
2021-11-02 13:55:00,775,775,780,780,69900
2021-11-02 13:56:00,780,780,780,780,10500
2021-11-02 13:57:00,780,780,780,780,700
2021-11-02 13:58:00,780,780,780,780,20700
2021-11-02 13:59:00,780,775,780,780,12800
2021-11-02 14:00:00,780,775,780,775,14200
2021-11-02 14:01:00,780,780,780,780,37800
2021-11-02 14:02:00,780,780,780,780,43800
2021-11-02 14:03:00,780,780,780,780,13000
2021-11-02 14:04:00,780,780,780,780,55200
2021-11-02 14:05:00,775,775,780,780,14200
2021-11-02 14:06:00,780,780,780,780,2800
2021-11-02 14:07:00,780,780,780,780,25700
2021-11-02 14:08:00,780,780,780,780,23800
2021-11-02 14:09:00,780,780,780,780,44000
2021-11-02 14:10:00,780,780,780,780,8000
2021-11-02 14:11:00,780,780,780,780,55000
2021-11-02 14:12:00,780,780,780,780,0
2021-11-02 14:13:00,780,780,780,780,27500
2021-11-02 14:14:00,780,780,780,780,0
2021-11-02 14:15:00,780,775,780,780,49200
2021-11-02 14:16:00,780,775,780,780,72000
2021-11-02 14:17:00,780,780,780,780,200
2021-11-02 14:18:00,780,780,780,780,0
2021-11-02 14:19:00,780,780,780,780,43400
2021-11-02 14:20:00,780,780,780,780,55600
2021-11-02 14:21:00,780,775,780,780,13800
2021-11-02 14:22:00,780,780,780,780,8000
2021-11-02 14:23:00,780,775,780,780,21300
2021-11-02 14:24:00,780,780,780,780,8700
2021-11-02 14:25:00,780,780,780,780,39100
2021-11-02 14:26:00,780,770,780,770,153100
2021-11-02 14:27:00,780,780,780,780,1900
2021-11-02 14:28:00,780,780,780,780,200
2021-11-02 14:29:00,780,775,780,775,2900
2021-11-02 14:30:00,780,775,780,775,0
2021-11-02 14:31:00,775,775,775,775,49400
2021-11-02 14:32:00,775,770,775,775,16600
2021-11-02 14:33:00,775,770,775,775,58200
2021-11-02 14:34:00,775,770,775,775,28300
2021-11-02 14:35:00,775,765,775,775,25400
2021-11-02 14:36:00,770,770,775,775,22300
2021-11-02 14:37:00,775,775,775,775,1100
2021-11-02 14:38:00,775,775,775,775,45200
2021-11-02 14:39:00,775,775,775,775,29400
2021-11-02 14:40:00,775,775,775,775,3900
2021-11-02 14:41:00,775,775,775,775,0
2021-11-02 14:42:00,775,770,775,775,1200
2021-11-02 14:43:00,775,775,775,775,200
2021-11-02 14:44:00,775,775,775,775,1600
2021-11-02 14:45:00,775,775,775,775,30300
2021-11-02 14:46:00,775,775,775,775,12000
2021-11-02 14:47:00,775,775,775,775,6500
2021-11-02 14:48:00,775,775,775,775,28300
2021-11-02 14:49:00,775,760,775,765,265700
2021-11-02 14:50:00,775,760,775,765,0
2021-11-02 14:51:00,775,760,775,765,0
2021-11-02 14:52:00,775,760,775,765,0
2021-11-02 14:53:00,775,760,775,765,0
2021-11-02 14:54:00,775,760,775,765,0
2021-11-02 14:55:00,775,760,775,765,0
2021-11-02 14:56:00,775,760,775,765,0
2021-11-02 14:57:00,775,760,775,765,0
2021-11-02 14:58:00,775,760,775,765,0
2021-11-02 14:59:00,775,760,775,765,0
2021-11-02 15:00:00,775,775,775,775,151600
2021-11-02 15:01:00,775,775,775,775,0
2021-11-02 15:02:00,775,775,775,775,0
2021-11-02 15:03:00,775,775,775,775,0
2021-11-02 15:04:00,775,775,775,775,0
2021-11-02 15:05:00,775,775,775,775,61900
2021-11-02 15:06:00,775,775,775,775,5000
2021-11-02 15:07:00,775,775,775,775,0
2021-11-02 15:08:00,775,775,775,775,4000
2021-11-02 15:09:00,775,775,775,775,1100
2021-11-02 15:10:00,775,775,775,775,3000
2021-11-02 15:11:00,775,775,775,775,0
2021-11-02 15:12:00,775,775,775,775,900
2021-11-02 15:13:00,775,775,775,775,70000
2021-11-02 15:14:00,775,775,775,775,0
2021-11-02 15:15:00,775,775,775,775,0
2021-11-02 15:16:00,775,775,775,775,0
2021-11-02 15:17:00,775,775,775,775,0
2021-11-02 15:18:00,775,775,775,775,0
2021-11-02 15:19:00,775,775,775,775,0
2021-11-02 15:20:00,775,775,775,775,0
2021-11-02 15:21:00,775,775,775,775,0
2021-11-02 15:22:00,775,775,775,775,0
2021-11-02 15:23:00,775,775,775,775,0
2021-11-02 15:24:00,775,775,775,775,0
2021-11-02 15:25:00,775,775,775,775,0
2021-11-02 15:26:00,775,775,775,775,0
2021-11-02 15:27:00,775,775,775,775,0
2021-11-02 15:28:00,775,775,775,775,0
2021-11-02 15:29:00,775,775,775,775,0
2021-11-02 15:30:00,775,775,775,775,0
2021-11-02 15:31:00,775,775,775,775,0
2021-11-02 15:32:00,775,775,775,775,0
2021-11-02 15:33:00,775,775,775,775,0
2021-11-02 15:34:00,775,775,775,775,0
2021-11-02 15:35:00,775,775,775,775,0
2021-11-02 15:36:00,775,775,775,775,0
2021-11-02 15:37:00,775,775,775,775,0
2021-11-02 15:38:00,775,775,775,775,0
2021-11-02 15:39:00,775,775,775,775,0
2021-11-02 15:40:00,775,775,775,775,0
2021-11-02 15:41:00,775,775,775,775,0
2021-11-02 15:42:00,775,775,775,775,0
2021-11-02 15:43:00,775,775,775,775,0
2021-11-02 15:44:00,775,775,775,775,0
2021-11-02 15:45:00,775,775,775,775,0
2021-11-02 15:46:00,775,775,775,775,0
2021-11-02 15:47:00,775,775,775,775,0
2021-11-02 15:48:00,775,775,775,775,0
2021-11-02 15:49:00,775,775,775,775,0
2021-11-02 15:50:00,775,775,775,775,0
2021-11-02 15:51:00,775,775,775,775,0
2021-11-02 15:52:00,775,775,775,775,0
2021-11-02 15:53:00,775,775,775,775,0
2021-11-02 15:54:00,775,775,775,775,0
2021-11-02 15:55:00,775,775,775,775,0
2021-11-02 15:56:00,775,775,775,775,0
2021-11-02 15:57:00,775,775,775,775,0
2021-11-02 15:58:00,775,775,775,775,0
2021-11-02 15:59:00,775,775,775,775,0
2021-11-03 09:00:00,780,780,785,780,0
2021-11-03 09:01:00,780,780,785,785,240900
2021-11-03 09:02:00,785,780,785,785,487600
2021-11-03 09:03:00,785,785,785,785,84400
2021-11-03 09:04:00,780,780,780,780,15000
2021-11-03 09:05:00,780,780,780,780,127200
2021-11-03 09:06:00,780,775,780,775,301000
2021-11-03 09:07:00,775,775,780,780,200600
2021-11-03 09:08:00,780,775,780,775,85700
2021-11-03 09:09:00,775,775,775,775,59000
2021-11-03 09:10:00,775,770,775,770,82700
2021-11-03 09:11:00,765,765,765,765,200
2021-11-03 09:12:00,770,770,775,775,28700
2021-11-03 09:13:00,775,775,775,775,55300
2021-11-03 09:14:00,775,775,775,775,28100
2021-11-03 09:15:00,775,770,775,775,21100
2021-11-03 09:16:00,775,775,775,775,35700
2021-11-03 09:17:00,775,775,775,775,54700
2021-11-03 09:18:00,775,775,775,775,7600
2021-11-03 09:19:00,775,775,775,775,25000
2021-11-03 09:20:00,775,775,775,775,73800
2021-11-03 09:21:00,775,775,775,775,10100
2021-11-03 09:22:00,775,775,775,775,38200
2021-11-03 09:23:00,775,775,775,775,22300
2021-11-03 09:24:00,775,775,775,775,17700
2021-11-03 09:25:00,775,775,775,775,210100
2021-11-03 09:26:00,775,775,775,775,73000
2021-11-03 09:27:00,775,775,775,775,72000
2021-11-03 09:28:00,775,770,775,775,73500
2021-11-03 09:29:00,775,770,775,775,63400
2021-11-03 09:30:00,775,775,775,775,3800
2021-11-03 09:31:00,775,775,775,775,13200
2021-11-03 09:32:00,775,770,775,775,66800
2021-11-03 09:33:00,775,775,775,775,11000
2021-11-03 09:34:00,775,770,775,770,28400
2021-11-03 09:35:00,770,770,775,775,23700
2021-11-03 09:36:00,775,775,775,775,84000
2021-11-03 09:37:00,775,775,775,775,14200
2021-11-03 09:38:00,775,775,775,775,39600
2021-11-03 09:39:00,775,775,775,775,49200
2021-11-03 09:40:00,770,770,775,775,55500
2021-11-03 09:41:00,775,775,775,775,50500
2021-11-03 09:42:00,775,775,775,775,12900
2021-11-03 09:43:00,775,775,775,775,57600
2021-11-03 09:44:00,775,775,775,775,72200
2021-11-03 09:45:00,775,770,775,775,47600
2021-11-03 09:46:00,775,775,775,775,41400
2021-11-03 09:47:00,775,775,775,775,12000
2021-11-03 09:48:00,775,775,775,775,28000
2021-11-03 09:49:00,775,770,775,775,32000
2021-11-03 09:50:00,775,775,775,775,56000
2021-11-03 09:51:00,775,775,775,775,59600
2021-11-03 09:52:00,775,775,775,775,49000
2021-11-03 09:53:00,775,775,775,775,6400
2021-11-03 09:54:00,775,775,775,775,27500
2021-11-03 09:55:00,775,775,775,775,0
2021-11-03 09:56:00,775,775,775,775,10000
2021-11-03 09:57:00,775,775,775,775,0
2021-11-03 09:58:00,775,775,775,775,0
2021-11-03 09:59:00,775,775,775,775,1200
2021-11-03 10:00:00,775,775,775,775,30300
2021-11-03 10:01:00,775,775,775,775,8500
2021-11-03 10:02:00,775,775,775,775,1200
2021-11-03 10:03:00,775,775,775,775,8800
2021-11-03 10:04:00,775,775,775,775,42100
2021-11-03 10:05:00,775,775,775,775,3000
2021-11-03 10:06:00,775,775,775,775,49400
2021-11-03 10:07:00,775,775,775,775,4600
2021-11-03 10:08:00,775,770,775,775,35000
2021-11-03 10:09:00,775,775,775,775,2300
2021-11-03 10:10:00,775,770,775,775,8700
2021-11-03 10:11:00,770,770,775,775,18100
2021-11-03 10:12:00,775,775,775,775,9000
2021-11-03 10:13:00,775,775,775,775,0
2021-11-03 10:14:00,775,775,775,775,0
2021-11-03 10:15:00,775,775,775,775,7000
2021-11-03 10:16:00,775,775,775,775,3000
2021-11-03 10:17:00,775,775,775,775,4000
2021-11-03 10:18:00,775,775,775,775,200
2021-11-03 10:19:00,775,775,775,775,0
2021-11-03 10:20:00,775,775,775,775,600
2021-11-03 10:21:00,775,775,775,775,0
2021-11-03 10:22:00,775,775,775,775,20400
2021-11-03 10:23:00,775,775,775,775,300
2021-11-03 10:24:00,775,775,775,775,500
2021-11-03 10:25:00,775,775,775,775,0
2021-11-03 10:26:00,775,775,775,775,200
2021-11-03 10:27:00,775,775,775,775,0
2021-11-03 10:28:00,775,775,775,775,300
2021-11-03 10:29:00,775,775,775,775,0
2021-11-03 10:30:00,775,775,775,775,0
2021-11-03 10:31:00,770,770,770,770,1000
2021-11-03 10:32:00,775,775,775,775,300
2021-11-03 10:33:00,770,770,770,770,100
2021-11-03 10:34:00,775,775,775,775,600
2021-11-03 10:35:00,775,775,775,775,200
2021-11-03 10:36:00,775,775,775,775,16400
2021-11-03 10:37:00,775,775,775,775,13600
2021-11-03 10:38:00,775,775,775,775,20000
2021-11-03 10:39:00,775,775,775,775,600
2021-11-03 10:40:00,775,775,775,775,200
2021-11-03 10:41:00,775,775,775,775,3200
2021-11-03 10:42:00,775,775,775,775,300
2021-11-03 10:43:00,775,770,775,775,4300
2021-11-03 10:44:00,775,775,775,775,2500
2021-11-03 10:45:00,775,775,775,775,6300
2021-11-03 10:46:00,775,775,775,775,3000
2021-11-03 10:47:00,770,770,775,775,23900
2021-11-03 10:48:00,775,775,775,775,10500
2021-11-03 10:49:00,775,775,775,775,34000
2021-11-03 10:50:00,775,775,775,775,79700
2021-11-03 10:51:00,775,775,775,775,18800
2021-11-03 10:52:00,775,770,775,770,25100
2021-11-03 10:53:00,775,770,775,770,87100
2021-11-03 10:54:00,775,775,775,775,9000
2021-11-03 10:55:00,775,775,775,775,104300
2021-11-03 10:56:00,775,770,775,775,56000
2021-11-03 10:57:00,775,775,775,775,61600
2021-11-03 10:58:00,775,775,775,775,58700
2021-11-03 10:59:00,775,770,775,775,66900
2021-11-03 11:00:00,775,775,775,775,62900
2021-11-03 11:01:00,775,775,775,775,46500
2021-11-03 11:02:00,775,775,775,775,67000
2021-11-03 11:03:00,770,770,775,775,40000
2021-11-03 11:04:00,775,775,775,775,100400
2021-11-03 11:05:00,775,775,775,775,125400
2021-11-03 11:06:00,775,775,775,775,71100
2021-11-03 11:07:00,775,770,775,775,38600
2021-11-03 11:08:00,775,770,775,775,68400
2021-11-03 11:09:00,775,775,775,775,92000
2021-11-03 11:10:00,775,775,775,775,94500
2021-11-03 11:11:00,775,775,775,775,105000
2021-11-03 11:12:00,775,775,775,775,136600
2021-11-03 11:13:00,775,770,775,775,133000
2021-11-03 11:14:00,775,775,775,775,40500
2021-11-03 11:15:00,775,775,775,775,64000
2021-11-03 11:16:00,775,770,775,775,69100
2021-11-03 11:17:00,775,775,775,775,10000
2021-11-03 11:18:00,775,770,775,770,10900
2021-11-03 11:19:00,775,770,775,775,28500
2021-11-03 11:20:00,775,770,775,775,14000
2021-11-03 11:21:00,775,770,775,775,16700
2021-11-03 11:22:00,770,770,775,775,8500
2021-11-03 11:23:00,775,775,775,775,28700
2021-11-03 11:24:00,775,775,775,775,6000
2021-11-03 11:25:00,775,775,775,775,3000
2021-11-03 11:26:00,775,775,775,775,3300
2021-11-03 11:27:00,775,775,775,775,1700
2021-11-03 11:28:00,775,770,775,775,4000
2021-11-03 11:29:00,775,775,775,775,1600
2021-11-03 11:30:00,775,775,775,775,0
2021-11-03 11:31:00,775,775,775,775,0
2021-11-03 11:32:00,775,775,775,775,0
2021-11-03 11:33:00,775,775,775,775,0
2021-11-03 11:34:00,775,775,775,775,0
2021-11-03 11:35:00,775,775,775,775,0
2021-11-03 11:36:00,775,775,775,775,0
2021-11-03 11:37:00,775,775,775,775,0
2021-11-03 11:38:00,775,775,775,775,0
2021-11-03 11:39:00,775,775,775,775,0
2021-11-03 11:40:00,775,775,775,775,0
2021-11-03 11:41:00,775,775,775,775,0
2021-11-03 11:42:00,775,775,775,775,0
2021-11-03 11:43:00,775,775,775,775,0
2021-11-03 11:44:00,775,775,775,775,0
2021-11-03 11:45:00,775,775,775,775,0
2021-11-03 11:46:00,775,775,775,775,0
2021-11-03 11:47:00,775,775,775,775,0
2021-11-03 11:48:00,775,775,775,775,0
2021-11-03 11:49:00,775,775,775,775,0
2021-11-03 11:50:00,775,775,775,775,0
2021-11-03 11:51:00,775,775,775,775,0
2021-11-03 11:52:00,775,775,775,775,0
2021-11-03 11:53:00,775,775,775,775,0
2021-11-03 11:54:00,775,775,775,775,0
2021-11-03 11:55:00,775,775,775,775,0
2021-11-03 11:56:00,775,775,775,775,0
2021-11-03 11:57:00,775,775,775,775,0
2021-11-03 11:58:00,775,775,775,775,0
2021-11-03 11:59:00,775,775,775,775,0
2021-11-03 12:00:00,775,775,775,775,0
2021-11-03 12:01:00,775,775,775,775,0
2021-11-03 12:02:00,775,775,775,775,0
2021-11-03 12:03:00,775,775,775,775,0
2021-11-03 12:04:00,775,775,775,775,0
2021-11-03 12:05:00,775,775,775,775,0
2021-11-03 12:06:00,775,775,775,775,0
2021-11-03 12:07:00,775,775,775,775,0
2021-11-03 12:08:00,775,775,775,775,0
2021-11-03 12:09:00,775,775,775,775,0
2021-11-03 12:10:00,775,775,775,775,0
2021-11-03 12:11:00,775,775,775,775,0
2021-11-03 12:12:00,775,775,775,775,0
2021-11-03 12:13:00,775,775,775,775,0
2021-11-03 12:14:00,775,775,775,775,0
2021-11-03 12:15:00,775,775,775,775,0
2021-11-03 12:16:00,775,775,775,775,0
2021-11-03 12:17:00,775,775,775,775,0
2021-11-03 12:18:00,775,775,775,775,0
2021-11-03 12:19:00,775,775,775,775,0
2021-11-03 12:20:00,775,775,775,775,0
2021-11-03 12:21:00,775,775,775,775,0
2021-11-03 12:22:00,775,775,775,775,0
2021-11-03 12:23:00,775,775,775,775,0
2021-11-03 12:24:00,775,775,775,775,0
2021-11-03 12:25:00,775,775,775,775,0
2021-11-03 12:26:00,775,775,775,775,0
2021-11-03 12:27:00,775,775,775,775,0
2021-11-03 12:28:00,775,775,775,775,0
2021-11-03 12:29:00,775,775,775,775,0
2021-11-03 12:30:00,775,775,775,775,0
2021-11-03 12:31:00,775,775,775,775,0
2021-11-03 12:32:00,775,775,775,775,0
2021-11-03 12:33:00,775,775,775,775,0
2021-11-03 12:34:00,775,775,775,775,0
2021-11-03 12:35:00,775,775,775,775,0
2021-11-03 12:36:00,775,775,775,775,0
2021-11-03 12:37:00,775,775,775,775,0
2021-11-03 12:38:00,775,775,775,775,0
2021-11-03 12:39:00,775,775,775,775,0
2021-11-03 12:40:00,775,775,775,775,0
2021-11-03 12:41:00,775,775,775,775,0
2021-11-03 12:42:00,775,775,775,775,0
2021-11-03 12:43:00,775,775,775,775,0
2021-11-03 12:44:00,775,775,775,775,0
2021-11-03 12:45:00,775,775,775,775,0
2021-11-03 12:46:00,775,775,775,775,0
2021-11-03 12:47:00,775,775,775,775,0
2021-11-03 12:48:00,775,775,775,775,0
2021-11-03 12:49:00,775,775,775,775,0
2021-11-03 12:50:00,775,775,775,775,0
2021-11-03 12:51:00,775,775,775,775,0
2021-11-03 12:52:00,775,775,775,775,0
2021-11-03 12:53:00,775,775,775,775,0
2021-11-03 12:54:00,775,775,775,775,0
2021-11-03 12:55:00,775,775,775,775,0
2021-11-03 12:56:00,775,775,775,775,0
2021-11-03 12:57:00,775,775,775,775,0
2021-11-03 12:58:00,775,775,775,775,0
2021-11-03 12:59:00,775,775,775,775,0
2021-11-03 13:00:00,775,775,775,775,0
2021-11-03 13:01:00,775,775,775,775,0
2021-11-03 13:02:00,775,775,775,775,0
2021-11-03 13:03:00,775,775,775,775,0
2021-11-03 13:04:00,775,775,775,775,0
2021-11-03 13:05:00,775,775,775,775,0
2021-11-03 13:06:00,775,775,775,775,0
2021-11-03 13:07:00,775,775,775,775,0
2021-11-03 13:08:00,775,775,775,775,0
2021-11-03 13:09:00,775,775,775,775,0
2021-11-03 13:10:00,775,775,775,775,0
2021-11-03 13:11:00,775,775,775,775,0
2021-11-03 13:12:00,775,775,775,775,0
2021-11-03 13:13:00,775,775,775,775,0
2021-11-03 13:14:00,775,775,775,775,0
2021-11-03 13:15:00,775,775,775,775,0
2021-11-03 13:16:00,775,775,775,775,0
2021-11-03 13:17:00,775,775,775,775,0
2021-11-03 13:18:00,775,775,775,775,0
2021-11-03 13:19:00,775,775,775,775,0
2021-11-03 13:20:00,775,775,775,775,0
2021-11-03 13:21:00,775,775,775,775,0
2021-11-03 13:22:00,775,775,775,775,0
2021-11-03 13:23:00,775,775,775,775,0
2021-11-03 13:24:00,775,775,775,775,0
2021-11-03 13:25:00,775,775,775,775,0
2021-11-03 13:26:00,775,775,775,775,0
2021-11-03 13:27:00,775,775,775,775,0
2021-11-03 13:28:00,775,775,775,775,0
2021-11-03 13:29:00,775,775,775,775,0
2021-11-03 13:30:00,775,775,775,775,51000
2021-11-03 13:31:00,775,775,775,775,30000
2021-11-03 13:32:00,775,775,775,775,49300
2021-11-03 13:33:00,775,775,775,775,58700
2021-11-03 13:34:00,775,775,775,775,47400
2021-11-03 13:35:00,775,775,775,775,114600
2021-11-03 13:36:00,775,775,775,775,63400
2021-11-03 13:37:00,775,775,775,775,71100
2021-11-03 13:38:00,775,775,775,775,120700
2021-11-03 13:39:00,775,775,775,775,76100
2021-11-03 13:40:00,775,775,775,775,71400
2021-11-03 13:41:00,775,775,775,775,145400
2021-11-03 13:42:00,775,775,775,775,72000
2021-11-03 13:43:00,775,775,775,775,72500
2021-11-03 13:44:00,775,775,775,775,101000
2021-11-03 13:45:00,775,775,775,775,90000
2021-11-03 13:46:00,775,770,775,775,80000
2021-11-03 13:47:00,775,775,775,775,62200
2021-11-03 13:48:00,775,775,775,775,57500
2021-11-03 13:49:00,775,775,775,775,13500
2021-11-03 13:50:00,775,775,775,775,54000
2021-11-03 13:51:00,775,775,775,775,71000
2021-11-03 13:52:00,775,775,775,775,105000
2021-11-03 13:53:00,775,775,775,775,55000
2021-11-03 13:54:00,775,775,775,775,39000
2021-11-03 13:55:00,775,775,775,775,44000
2021-11-03 13:56:00,775,775,775,775,25000
2021-11-03 13:57:00,775,775,775,775,65000
2021-11-03 13:58:00,775,775,775,775,59100
2021-11-03 13:59:00,775,775,775,775,60000
2021-11-03 14:00:00,775,775,775,775,95000
2021-11-03 14:01:00,775,775,775,775,42400
2021-11-03 14:02:00,775,775,775,775,67900
2021-11-03 14:03:00,770,770,775,775,92000
2021-11-03 14:04:00,770,770,775,775,83200
2021-11-03 14:05:00,775,770,775,775,23600
2021-11-03 14:06:00,775,770,775,775,31300
2021-11-03 14:07:00,775,775,775,775,16000
2021-11-03 14:08:00,775,775,775,775,32700
2021-11-03 14:09:00,775,775,775,775,44700
2021-11-03 14:10:00,775,775,775,775,126000
2021-11-03 14:11:00,775,775,775,775,119800
2021-11-03 14:12:00,775,775,775,775,31200
2021-11-03 14:13:00,775,770,775,770,83400
2021-11-03 14:14:00,775,775,775,775,78800
2021-11-03 14:15:00,775,770,775,775,14500
2021-11-03 14:16:00,775,775,775,775,34900
2021-11-03 14:17:00,775,775,775,775,68600
2021-11-03 14:18:00,775,770,775,775,13100
2021-11-03 14:19:00,775,775,775,775,8400
2021-11-03 14:20:00,770,770,775,775,25400
2021-11-03 14:21:00,775,775,775,775,6900
2021-11-03 14:22:00,775,775,775,775,10500
2021-11-03 14:23:00,775,770,775,775,7900
2021-11-03 14:24:00,775,775,775,775,2800
2021-11-03 14:25:00,770,770,775,775,10200
2021-11-03 14:26:00,775,770,775,770,11700
2021-11-03 14:27:00,775,770,775,770,0
2021-11-03 14:28:00,770,770,770,770,6100
2021-11-03 14:29:00,765,765,770,770,13800
2021-11-03 14:30:00,770,770,775,775,18100
2021-11-03 14:31:00,775,770,775,770,5100
2021-11-03 14:32:00,770,770,775,775,2000
2021-11-03 14:33:00,775,770,775,775,86900
2021-11-03 14:34:00,775,775,775,775,11000
2021-11-03 14:35:00,775,770,775,770,6000
2021-11-03 14:36:00,770,770,775,775,15400
2021-11-03 14:37:00,775,775,775,775,10000
2021-11-03 14:38:00,775,775,775,775,36800
2021-11-03 14:39:00,775,770,775,775,44000
2021-11-03 14:40:00,775,775,775,775,9100
2021-11-03 14:41:00,775,770,775,775,26000
2021-11-03 14:42:00,775,775,775,775,23000
2021-11-03 14:43:00,770,770,775,775,9500
2021-11-03 14:44:00,775,770,775,770,18000
2021-11-03 14:45:00,775,775,775,775,9600
2021-11-03 14:46:00,770,770,775,775,16400
2021-11-03 14:47:00,775,770,775,775,88600
2021-11-03 14:48:00,775,755,775,755,455000
2021-11-03 14:49:00,755,755,775,775,161500
2021-11-03 14:50:00,755,755,775,775,0
2021-11-03 14:51:00,755,755,775,775,0
2021-11-03 14:52:00,755,755,775,775,0
2021-11-03 14:53:00,755,755,775,775,0
2021-11-03 14:54:00,755,755,775,775,0
2021-11-03 14:55:00,755,755,775,775,0
2021-11-03 14:56:00,755,755,775,775,0
2021-11-03 14:57:00,755,755,775,775,0
2021-11-03 14:58:00,755,755,775,775,0
2021-11-03 14:59:00,755,755,775,775,0
2021-11-03 15:00:00,775,775,775,775,150100
2021-11-03 15:01:00,775,775,775,775,0
2021-11-03 15:02:00,775,775,775,775,0
2021-11-03 15:03:00,775,775,775,775,0
2021-11-03 15:04:00,775,775,775,775,0
2021-11-03 15:05:00,775,775,775,775,0
2021-11-03 15:06:00,775,775,775,775,0
2021-11-03 15:07:00,775,775,775,775,0
2021-11-03 15:08:00,775,775,775,775,0
2021-11-03 15:09:00,775,775,775,775,0
2021-11-03 15:10:00,775,775,775,775,0
2021-11-03 15:11:00,775,775,775,775,0
2021-11-03 15:12:00,775,775,775,775,0
2021-11-03 15:13:00,775,775,775,775,0
2021-11-03 15:14:00,775,775,775,775,0
2021-11-03 15:15:00,775,775,775,775,0
2021-11-03 15:16:00,775,775,775,775,0
2021-11-03 15:17:00,775,775,775,775,0
2021-11-03 15:18:00,775,775,775,775,0
2021-11-03 15:19:00,775,775,775,775,0
2021-11-03 15:20:00,775,775,775,775,0
2021-11-03 15:21:00,775,775,775,775,0
2021-11-03 15:22:00,775,775,775,775,0
2021-11-03 15:23:00,775,775,775,775,0
2021-11-03 15:24:00,775,775,775,775,0
2021-11-03 15:25:00,775,775,775,775,0
2021-11-03 15:26:00,775,775,775,775,0
2021-11-03 15:27:00,775,775,775,775,0
2021-11-03 15:28:00,775,775,775,775,0
2021-11-03 15:29:00,775,775,775,775,0
2021-11-03 15:30:00,775,775,775,775,0
2021-11-03 15:31:00,775,775,775,775,0
2021-11-03 15:32:00,775,775,775,775,0
2021-11-03 15:33:00,775,775,775,775,0
2021-11-03 15:34:00,775,775,775,775,0
2021-11-03 15:35:00,775,775,775,775,0
2021-11-03 15:36:00,775,775,775,775,0
2021-11-03 15:37:00,775,775,775,775,0
2021-11-03 15:38:00,775,775,775,775,0
2021-11-03 15:39:00,775,775,775,775,0
2021-11-03 15:40:00,775,775,775,775,0
2021-11-03 15:41:00,775,775,775,775,0
2021-11-03 15:42:00,775,775,775,775,0
2021-11-03 15:43:00,775,775,775,775,0
2021-11-03 15:44:00,775,775,775,775,0
2021-11-03 15:45:00,775,775,775,775,0
2021-11-03 15:46:00,775,775,775,775,0
2021-11-03 15:47:00,775,775,775,775,0
2021-11-03 15:48:00,775,775,775,775,0
2021-11-03 15:49:00,775,775,775,775,0
2021-11-03 15:50:00,775,775,775,775,0
2021-11-03 15:51:00,775,775,775,775,0
2021-11-03 15:52:00,775,775,775,775,0
2021-11-03 15:53:00,775,775,775,775,0
2021-11-03 15:54:00,775,775,775,775,0
2021-11-03 15:55:00,775,775,775,775,0
2021-11-03 15:56:00,775,775,775,775,0
2021-11-03 15:57:00,775,775,775,775,0
2021-11-03 15:58:00,775,775,775,775,0
2021-11-03 15:59:00,775,775,775,775,0
2021-11-04 09:00:00,775,775,780,775,0
2021-11-04 09:01:00,780,780,780,780,450000
2021-11-04 09:02:00,780,780,780,780,540000
2021-11-04 09:03:00,780,780,780,780,270800
2021-11-04 09:04:00,780,775,780,775,275700
2021-11-04 09:05:00,780,780,780,780,203600
2021-11-04 09:06:00,780,775,780,775,72400
2021-11-04 09:07:00,775,775,775,775,368100
2021-11-04 09:08:00,775,775,775,775,100400
2021-11-04 09:09:00,775,775,775,775,205000
2021-11-04 09:10:00,775,775,775,775,234000
2021-11-04 09:11:00,775,770,775,775,198100
2021-11-04 09:12:00,775,775,775,775,208500
2021-11-04 09:13:00,775,775,775,775,197200
2021-11-04 09:14:00,775,775,775,775,9000
2021-11-04 09:15:00,775,775,775,775,57500
2021-11-04 09:16:00,775,775,775,775,142500
2021-11-04 09:17:00,775,775,775,775,81000
2021-11-04 09:18:00,775,770,775,775,193500
2021-11-04 09:19:00,775,770,775,770,39500
2021-11-04 09:20:00,775,770,775,775,41300
2021-11-04 09:21:00,775,770,775,775,127700
2021-11-04 09:22:00,775,765,775,775,102500
2021-11-04 09:23:00,775,775,775,775,6000
2021-11-04 09:24:00,775,775,775,775,3500
2021-11-04 09:25:00,775,775,775,775,2000
2021-11-04 09:26:00,775,775,775,775,25000
2021-11-04 09:27:00,775,775,775,775,7000
2021-11-04 09:28:00,775,775,775,775,10500
2021-11-04 09:29:00,775,775,775,775,5000
2021-11-04 09:30:00,775,775,775,775,5000
2021-11-04 09:31:00,770,770,775,775,14400
2021-11-04 09:32:00,775,775,775,775,300
2021-11-04 09:33:00,775,775,775,775,10000
2021-11-04 09:34:00,775,775,775,775,200
2021-11-04 09:35:00,770,770,775,775,1100
2021-11-04 09:36:00,775,770,775,770,2400
2021-11-04 09:37:00,775,775,775,775,1100
2021-11-04 09:38:00,775,775,775,775,1700
2021-11-04 09:39:00,775,775,775,775,2000
2021-11-04 09:40:00,775,775,775,775,800
2021-11-04 09:41:00,775,775,775,775,0
2021-11-04 09:42:00,770,770,775,770,400
2021-11-04 09:43:00,770,770,775,775,20700
2021-11-04 09:44:00,775,775,775,775,200
2021-11-04 09:45:00,770,770,775,770,2900
2021-11-04 09:46:00,770,765,775,765,600
2021-11-04 09:47:00,775,765,775,775,1500
2021-11-04 09:48:00,770,770,770,770,95000
2021-11-04 09:49:00,770,765,770,770,12000
2021-11-04 09:50:00,770,770,775,775,11100
2021-11-04 09:51:00,775,770,775,770,300
2021-11-04 09:52:00,770,770,770,770,1000
2021-11-04 09:53:00,770,770,770,770,1300
2021-11-04 09:54:00,770,770,770,770,500
2021-11-04 09:55:00,770,770,770,770,0
2021-11-04 09:56:00,770,770,770,770,400
2021-11-04 09:57:00,765,765,770,770,39800
2021-11-04 09:58:00,770,770,775,775,42200
2021-11-04 09:59:00,775,775,775,775,20200
2021-11-04 10:00:00,775,775,775,775,600
2021-11-04 10:01:00,775,775,775,775,1000
2021-11-04 10:02:00,775,775,775,775,1400
2021-11-04 10:03:00,775,775,775,775,500
2021-11-04 10:04:00,775,775,775,775,1500
2021-11-04 10:05:00,775,775,775,775,1600
2021-11-04 10:06:00,775,775,775,775,900
2021-11-04 10:07:00,775,775,775,775,900
2021-11-04 10:08:00,775,770,775,775,1900
2021-11-04 10:09:00,775,775,775,775,1000
2021-11-04 10:10:00,770,770,775,775,2400
2021-11-04 10:11:00,775,775,775,775,10700
2021-11-04 10:12:00,775,775,775,775,5000
2021-11-04 10:13:00,775,775,775,775,5300
2021-11-04 10:14:00,775,775,775,775,300
2021-11-04 10:15:00,775,775,775,775,10200
2021-11-04 10:16:00,775,775,775,775,50000
2021-11-04 10:17:00,775,775,775,775,58400
2021-11-04 10:18:00,775,775,775,775,22400
2021-11-04 10:19:00,775,775,775,775,10600
2021-11-04 10:20:00,775,775,775,775,8600
2021-11-04 10:21:00,775,775,775,775,0
2021-11-04 10:22:00,775,775,775,775,300
2021-11-04 10:23:00,775,775,775,775,200
2021-11-04 10:24:00,775,775,775,775,400
2021-11-04 10:25:00,775,775,775,775,4700
2021-11-04 10:26:00,775,775,775,775,0
2021-11-04 10:27:00,775,775,775,775,200
2021-11-04 10:28:00,775,775,775,775,400
2021-11-04 10:29:00,775,775,775,775,0
2021-11-04 10:30:00,775,775,775,775,500
2021-11-04 10:31:00,770,770,775,775,3200
2021-11-04 10:32:00,770,770,775,775,800
2021-11-04 10:33:00,770,770,775,775,0
2021-11-04 10:34:00,775,775,775,775,10000
2021-11-04 10:35:00,775,775,775,775,200
2021-11-04 10:36:00,775,775,775,775,0
2021-11-04 10:37:00,775,775,775,775,300
2021-11-04 10:38:00,775,775,775,775,4500
2021-11-04 10:39:00,770,770,775,775,10100
2021-11-04 10:40:00,770,770,770,770,1000
2021-11-04 10:41:00,775,770,775,770,2800
2021-11-04 10:42:00,770,770,770,770,600
2021-11-04 10:43:00,770,770,770,770,80000
2021-11-04 10:44:00,770,770,770,770,110500
2021-11-04 10:45:00,770,770,770,770,135000
2021-11-04 10:46:00,770,770,770,770,73000
2021-11-04 10:47:00,770,770,770,770,8000
2021-11-04 10:48:00,770,770,770,770,123000
2021-11-04 10:49:00,770,770,770,770,146000
2021-11-04 10:50:00,770,770,770,770,56600
2021-11-04 10:51:00,770,770,770,770,81500
2021-11-04 10:52:00,770,770,770,770,28000
2021-11-04 10:53:00,770,770,770,770,131500
2021-11-04 10:54:00,770,765,770,765,93500
2021-11-04 10:55:00,765,765,770,770,128900
2021-11-04 10:56:00,770,770,770,770,99000
2021-11-04 10:57:00,770,770,770,770,82500
2021-11-04 10:58:00,770,770,770,770,68000
2021-11-04 10:59:00,770,770,770,770,12500
2021-11-04 11:00:00,770,770,770,770,4500
2021-11-04 11:01:00,770,770,770,770,1600
2021-11-04 11:02:00,770,770,770,770,700
2021-11-04 11:03:00,770,765,770,770,4500
2021-11-04 11:04:00,770,765,770,770,0
2021-11-04 11:05:00,770,770,770,770,300
2021-11-04 11:06:00,770,770,770,770,0
2021-11-04 11:07:00,770,770,770,770,400
2021-11-04 11:08:00,770,770,770,770,0
2021-11-04 11:09:00,770,770,770,770,600
2021-11-04 11:10:00,765,765,765,765,2600
2021-11-04 11:11:00,770,770,770,770,300
2021-11-04 11:12:00,770,770,770,770,400
2021-11-04 11:13:00,770,770,770,770,1100
2021-11-04 11:14:00,770,770,770,770,20000
2021-11-04 11:15:00,770,770,770,770,2400
2021-11-04 11:16:00,770,770,770,770,6000
2021-11-04 11:17:00,770,770,770,770,1100
2021-11-04 11:18:00,770,770,770,770,0
2021-11-04 11:19:00,770,770,770,770,200
2021-11-04 11:20:00,770,770,770,770,0
2021-11-04 11:21:00,770,770,770,770,5300
2021-11-04 11:22:00,770,770,770,770,1400
2021-11-04 11:23:00,770,770,770,770,300
2021-11-04 11:24:00,770,770,770,770,0
2021-11-04 11:25:00,770,770,770,770,9800
2021-11-04 11:26:00,770,770,770,770,100
2021-11-04 11:27:00,770,770,770,770,1300
2021-11-04 11:28:00,770,770,770,770,700
2021-11-04 11:29:00,770,770,770,770,11500
2021-11-04 11:30:00,770,770,770,770,500
2021-11-04 11:31:00,770,770,770,770,0
2021-11-04 11:32:00,770,770,770,770,0
2021-11-04 11:33:00,770,770,770,770,0
2021-11-04 11:34:00,770,770,770,770,0
2021-11-04 11:35:00,770,770,770,770,0
2021-11-04 11:36:00,770,770,770,770,0
2021-11-04 11:37:00,770,770,770,770,0
2021-11-04 11:38:00,770,770,770,770,0
2021-11-04 11:39:00,770,770,770,770,0
2021-11-04 11:40:00,770,770,770,770,0
2021-11-04 11:41:00,770,770,770,770,0
2021-11-04 11:42:00,770,770,770,770,0
2021-11-04 11:43:00,770,770,770,770,0
2021-11-04 11:44:00,770,770,770,770,0
2021-11-04 11:45:00,770,770,770,770,0
2021-11-04 11:46:00,770,770,770,770,0
2021-11-04 11:47:00,770,770,770,770,0
2021-11-04 11:48:00,770,770,770,770,0
2021-11-04 11:49:00,770,770,770,770,0
2021-11-04 11:50:00,770,770,770,770,0
2021-11-04 11:51:00,770,770,770,770,0
2021-11-04 11:52:00,770,770,770,770,0
2021-11-04 11:53:00,770,770,770,770,0
2021-11-04 11:54:00,770,770,770,770,0
2021-11-04 11:55:00,770,770,770,770,0
2021-11-04 11:56:00,770,770,770,770,0
2021-11-04 11:57:00,770,770,770,770,0
2021-11-04 11:58:00,770,770,770,770,0
2021-11-04 11:59:00,770,770,770,770,0
2021-11-04 12:00:00,770,770,770,770,0
2021-11-04 12:01:00,770,770,770,770,0
2021-11-04 12:02:00,770,770,770,770,0
2021-11-04 12:03:00,770,770,770,770,0
2021-11-04 12:04:00,770,770,770,770,0
2021-11-04 12:05:00,770,770,770,770,0
2021-11-04 12:06:00,770,770,770,770,0
2021-11-04 12:07:00,770,770,770,770,0
2021-11-04 12:08:00,770,770,770,770,0
2021-11-04 12:09:00,770,770,770,770,0
2021-11-04 12:10:00,770,770,770,770,0
2021-11-04 12:11:00,770,770,770,770,0
2021-11-04 12:12:00,770,770,770,770,0
2021-11-04 12:13:00,770,770,770,770,0
2021-11-04 12:14:00,770,770,770,770,0
2021-11-04 12:15:00,770,770,770,770,0
2021-11-04 12:16:00,770,770,770,770,0
2021-11-04 12:17:00,770,770,770,770,0
2021-11-04 12:18:00,770,770,770,770,0
2021-11-04 12:19:00,770,770,770,770,0
2021-11-04 12:20:00,770,770,770,770,0
2021-11-04 12:21:00,770,770,770,770,0
2021-11-04 12:22:00,770,770,770,770,0
2021-11-04 12:23:00,770,770,770,770,0
2021-11-04 12:24:00,770,770,770,770,0
2021-11-04 12:25:00,770,770,770,770,0
2021-11-04 12:26:00,770,770,770,770,0
2021-11-04 12:27:00,770,770,770,770,0
2021-11-04 12:28:00,770,770,770,770,0
2021-11-04 12:29:00,770,770,770,770,0
2021-11-04 12:30:00,770,770,770,770,0
2021-11-04 12:31:00,770,770,770,770,0
2021-11-04 12:32:00,770,770,770,770,0
2021-11-04 12:33:00,770,770,770,770,0
2021-11-04 12:34:00,770,770,770,770,0
2021-11-04 12:35:00,770,770,770,770,0
2021-11-04 12:36:00,770,770,770,770,0
2021-11-04 12:37:00,770,770,770,770,0
2021-11-04 12:38:00,770,770,770,770,0
2021-11-04 12:39:00,770,770,770,770,0
2021-11-04 12:40:00,770,770,770,770,0
2021-11-04 12:41:00,770,770,770,770,0
2021-11-04 12:42:00,770,770,770,770,0
2021-11-04 12:43:00,770,770,770,770,0
2021-11-04 12:44:00,770,770,770,770,0
2021-11-04 12:45:00,770,770,770,770,0
2021-11-04 12:46:00,770,770,770,770,0
2021-11-04 12:47:00,770,770,770,770,0
2021-11-04 12:48:00,770,770,770,770,0
2021-11-04 12:49:00,770,770,770,770,0
2021-11-04 12:50:00,770,770,770,770,0
2021-11-04 12:51:00,770,770,770,770,0
2021-11-04 12:52:00,770,770,770,770,0
2021-11-04 12:53:00,770,770,770,770,0
2021-11-04 12:54:00,770,770,770,770,0
2021-11-04 12:55:00,770,770,770,770,0
2021-11-04 12:56:00,770,770,770,770,0
2021-11-04 12:57:00,770,770,770,770,0
2021-11-04 12:58:00,770,770,770,770,0
2021-11-04 12:59:00,770,770,770,770,0
2021-11-04 13:00:00,770,770,770,770,0
2021-11-04 13:01:00,770,770,770,770,0
2021-11-04 13:02:00,770,770,770,770,0
2021-11-04 13:03:00,770,770,770,770,0
2021-11-04 13:04:00,770,770,770,770,0
2021-11-04 13:05:00,770,770,770,770,0
2021-11-04 13:06:00,770,770,770,770,0
2021-11-04 13:07:00,770,770,770,770,0
2021-11-04 13:08:00,770,770,770,770,0
2021-11-04 13:09:00,770,770,770,770,0
2021-11-04 13:10:00,770,770,770,770,0
2021-11-04 13:11:00,770,770,770,770,0
2021-11-04 13:12:00,770,770,770,770,0
2021-11-04 13:13:00,770,770,770,770,0
2021-11-04 13:14:00,770,770,770,770,0
2021-11-04 13:15:00,770,770,770,770,0
2021-11-04 13:16:00,770,770,770,770,0
2021-11-04 13:17:00,770,770,770,770,0
2021-11-04 13:18:00,770,770,770,770,0
2021-11-04 13:19:00,770,770,770,770,0
2021-11-04 13:20:00,770,770,770,770,0
2021-11-04 13:21:00,770,770,770,770,0
2021-11-04 13:22:00,770,770,770,770,0
2021-11-04 13:23:00,770,770,770,770,0
2021-11-04 13:24:00,770,770,770,770,0
2021-11-04 13:25:00,770,770,770,770,0
2021-11-04 13:26:00,770,770,770,770,0
2021-11-04 13:27:00,770,770,770,770,0
2021-11-04 13:28:00,770,770,770,770,0
2021-11-04 13:29:00,770,770,770,770,0
2021-11-04 13:30:00,770,770,770,770,4500
2021-11-04 13:31:00,770,770,770,770,0
2021-11-04 13:32:00,770,770,770,770,15500
2021-11-04 13:33:00,770,770,770,770,16200
2021-11-04 13:34:00,770,770,770,770,5400
2021-11-04 13:35:00,770,770,770,770,500
2021-11-04 13:36:00,770,770,770,770,25500
2021-11-04 13:37:00,770,770,770,770,10300
2021-11-04 13:38:00,770,765,770,770,8700
2021-11-04 13:39:00,770,765,770,765,7000
2021-11-04 13:40:00,770,770,770,770,400
2021-11-04 13:41:00,770,770,770,770,16300
2021-11-04 13:42:00,770,765,770,765,5200
2021-11-04 13:43:00,770,770,770,770,10700
2021-11-04 13:44:00,770,770,770,770,500
2021-11-04 13:45:00,770,770,770,770,1300
2021-11-04 13:46:00,770,770,770,770,1100
2021-11-04 13:47:00,770,770,770,770,20800
2021-11-04 13:48:00,770,765,770,770,128800
2021-11-04 13:49:00,770,770,770,770,64800
2021-11-04 13:50:00,770,770,770,770,150100
2021-11-04 13:51:00,770,770,770,770,103900
2021-11-04 13:52:00,770,770,770,770,41000
2021-11-04 13:53:00,770,770,770,770,125500
2021-11-04 13:54:00,770,770,770,770,54000
2021-11-04 13:55:00,770,770,770,770,114500
2021-11-04 13:56:00,770,770,770,770,33000
2021-11-04 13:57:00,770,770,770,770,43500
2021-11-04 13:58:00,770,770,770,770,66400
2021-11-04 13:59:00,770,765,770,770,123100
2021-11-04 14:00:00,770,770,770,770,121000
2021-11-04 14:01:00,770,765,770,770,229200
2021-11-04 14:02:00,770,770,770,770,114000
2021-11-04 14:03:00,770,770,770,770,137700
2021-11-04 14:04:00,770,770,770,770,91400
2021-11-04 14:05:00,770,770,770,770,140000
2021-11-04 14:06:00,770,770,770,770,62000
2021-11-04 14:07:00,770,765,770,770,156500
2021-11-04 14:08:00,770,770,770,770,113600
2021-11-04 14:09:00,770,770,770,770,191100
2021-11-04 14:10:00,770,770,770,770,128300
2021-11-04 14:11:00,770,770,770,770,67000
2021-11-04 14:12:00,770,770,770,770,18000
2021-11-04 14:13:00,770,770,770,770,22000
2021-11-04 14:14:00,770,770,770,770,15000
2021-11-04 14:15:00,770,770,770,770,28200
2021-11-04 14:16:00,770,765,770,770,13600
2021-11-04 14:17:00,770,770,770,770,29800
2021-11-04 14:18:00,770,770,770,770,3800
2021-11-04 14:19:00,770,770,770,770,210000
2021-11-04 14:20:00,770,770,775,770,26700
2021-11-04 14:21:00,775,775,775,775,300
2021-11-04 14:22:00,775,775,775,775,3800
2021-11-04 14:23:00,775,775,775,775,6400
2021-11-04 14:24:00,775,775,775,775,800
2021-11-04 14:25:00,775,775,775,775,3000
2021-11-04 14:26:00,775,775,775,775,2400
2021-11-04 14:27:00,775,775,775,775,6200
2021-11-04 14:28:00,775,775,775,775,200
2021-11-04 14:29:00,775,775,775,775,1000
2021-11-04 14:30:00,775,775,775,775,300
2021-11-04 14:31:00,775,775,775,775,0
2021-11-04 14:32:00,770,770,775,775,2500
2021-11-04 14:33:00,775,775,775,775,1000
2021-11-04 14:34:00,775,775,775,775,5000
2021-11-04 14:35:00,775,775,775,775,2200
2021-11-04 14:36:00,775,775,775,775,2500
2021-11-04 14:37:00,775,775,775,775,700
2021-11-04 14:38:00,775,775,775,775,2000
2021-11-04 14:39:00,775,775,775,775,900
2021-11-04 14:40:00,775,775,775,775,2900
2021-11-04 14:41:00,775,775,775,775,2100
2021-11-04 14:42:00,775,770,775,770,23700
2021-11-04 14:43:00,770,770,770,770,1500
2021-11-04 14:44:00,775,775,775,775,300
2021-11-04 14:45:00,775,775,775,775,0
2021-11-04 14:46:00,775,775,775,775,800
2021-11-04 14:47:00,775,775,775,775,1700
2021-11-04 14:48:00,770,770,775,775,1900
2021-11-04 14:49:00,775,775,775,775,6500
2021-11-04 14:50:00,775,775,775,775,0
2021-11-04 14:51:00,775,775,775,775,0
2021-11-04 14:52:00,775,775,775,775,0
2021-11-04 14:53:00,775,775,775,775,0
2021-11-04 14:54:00,775,775,775,775,0
2021-11-04 14:55:00,775,775,775,775,0
2021-11-04 14:56:00,775,775,775,775,0
2021-11-04 14:57:00,775,775,775,775,0
2021-11-04 14:58:00,775,775,775,775,0
2021-11-04 14:59:00,775,775,775,775,0
2021-11-04 15:00:00,775,775,775,775,252100
2021-11-04 15:01:00,775,775,775,775,0
2021-11-04 15:02:00,775,775,775,775,0
2021-11-04 15:03:00,775,775,775,775,0
2021-11-04 15:04:00,775,775,775,775,0
2021-11-04 15:05:00,775,775,775,775,0
2021-11-04 15:06:00,775,775,775,775,0
2021-11-04 15:07:00,775,775,775,775,0
2021-11-04 15:08:00,775,775,775,775,0
2021-11-04 15:09:00,775,775,775,775,0
2021-11-04 15:10:00,775,775,775,775,0
2021-11-04 15:11:00,775,775,775,775,0
2021-11-04 15:12:00,775,775,775,775,0
2021-11-04 15:13:00,775,775,775,775,0
2021-11-04 15:14:00,775,775,775,775,0
2021-11-04 15:15:00,775,775,775,775,0
2021-11-04 15:16:00,775,775,775,775,0
2021-11-04 15:17:00,775,775,775,775,0
2021-11-04 15:18:00,775,775,775,775,0
2021-11-04 15:19:00,775,775,775,775,0
2021-11-04 15:20:00,775,775,775,775,0
2021-11-04 15:21:00,775,775,775,775,0
2021-11-04 15:22:00,775,775,775,775,0
2021-11-04 15:23:00,775,775,775,775,0
2021-11-04 15:24:00,775,775,775,775,0
2021-11-04 15:25:00,775,775,775,775,0
2021-11-04 15:26:00,775,775,775,775,0
2021-11-04 15:27:00,775,775,775,775,0
2021-11-04 15:28:00,775,775,775,775,0
2021-11-04 15:29:00,775,775,775,775,0
2021-11-04 15:30:00,775,775,775,775,0
2021-11-04 15:31:00,775,775,775,775,0
2021-11-04 15:32:00,775,775,775,775,0
2021-11-04 15:33:00,775,775,775,775,0
2021-11-04 15:34:00,775,775,775,775,0
2021-11-04 15:35:00,775,775,775,775,0
2021-11-04 15:36:00,775,775,775,775,0
2021-11-04 15:37:00,775,775,775,775,0
2021-11-04 15:38:00,775,775,775,775,0
2021-11-04 15:39:00,775,775,775,775,0
2021-11-04 15:40:00,775,775,775,775,0
2021-11-04 15:41:00,775,775,775,775,0
2021-11-04 15:42:00,775,775,775,775,0
2021-11-04 15:43:00,775,775,775,775,0
2021-11-04 15:44:00,775,775,775,775,0
2021-11-04 15:45:00,775,775,775,775,0
2021-11-04 15:46:00,775,775,775,775,0
2021-11-04 15:47:00,775,775,775,775,0
2021-11-04 15:48:00,775,775,775,775,0
2021-11-04 15:49:00,775,775,775,775,0
2021-11-04 15:50:00,775,775,775,775,0
2021-11-04 15:51:00,775,775,775,775,0
2021-11-04 15:52:00,775,775,775,775,0
2021-11-04 15:53:00,775,775,775,775,0
2021-11-04 15:54:00,775,775,775,775,0
2021-11-04 15:55:00,775,775,775,775,0
2021-11-04 15:56:00,775,775,775,775,0
2021-11-04 15:57:00,775,775,775,775,0
2021-11-04 15:58:00,775,775,775,775,0
2021-11-04 15:59:00,775,775,775,775,0
2021-11-05 09:00:00,775,775,780,780,119800
2021-11-05 09:01:00,775,775,780,780,225000
2021-11-05 09:02:00,780,775,780,780,530000
2021-11-05 09:03:00,780,780,780,780,50500
2021-11-05 09:04:00,780,780,780,780,50000
2021-11-05 09:05:00,775,775,775,775,54000
2021-11-05 09:06:00,775,775,775,775,139000
2021-11-05 09:07:00,775,770,775,775,122200
2021-11-05 09:08:00,775,775,775,775,22200
2021-11-05 09:09:00,775,775,775,775,0
2021-11-05 09:10:00,775,775,775,775,300
2021-11-05 09:11:00,775,775,775,775,400
2021-11-05 09:12:00,770,770,770,770,500
2021-11-05 09:13:00,770,770,770,770,100
2021-11-05 09:14:00,775,775,775,775,400
2021-11-05 09:15:00,775,775,775,775,10700
2021-11-05 09:16:00,775,775,775,775,7500
2021-11-05 09:17:00,775,775,775,775,400
2021-11-05 09:18:00,775,775,775,775,200
2021-11-05 09:19:00,775,775,775,775,800
2021-11-05 09:20:00,775,775,775,775,8800
2021-11-05 09:21:00,775,775,775,775,100300
2021-11-05 09:22:00,775,775,775,775,421100
2021-11-05 09:23:00,775,770,775,775,457500
2021-11-05 09:24:00,775,775,775,775,201400
2021-11-05 09:25:00,775,775,775,775,465300
2021-11-05 09:26:00,775,775,775,775,267400
2021-11-05 09:27:00,780,775,780,775,85800
2021-11-05 09:28:00,775,775,775,775,72500
2021-11-05 09:29:00,775,775,775,775,168600
2021-11-05 09:30:00,775,775,775,775,180900
2021-11-05 09:31:00,775,775,775,775,83300
2021-11-05 09:32:00,775,750,775,750,409000
2021-11-05 09:33:00,775,775,775,775,7100
2021-11-05 09:34:00,775,775,775,775,1800
2021-11-05 09:35:00,770,770,775,775,5400
2021-11-05 09:36:00,770,770,770,770,200
2021-11-05 09:37:00,770,770,770,770,5000
2021-11-05 09:38:00,770,770,770,770,0
2021-11-05 09:39:00,770,770,770,770,100
2021-11-05 09:40:00,770,770,775,775,17100
2021-11-05 09:41:00,775,775,775,775,800
2021-11-05 09:42:00,775,775,775,775,0
2021-11-05 09:43:00,775,775,775,775,44500
2021-11-05 09:44:00,775,775,775,775,20500
2021-11-05 09:45:00,775,770,775,775,35000
2021-11-05 09:46:00,775,775,775,775,1600
2021-11-05 09:47:00,775,770,775,775,3500
2021-11-05 09:48:00,775,775,775,775,42600
2021-11-05 09:49:00,775,775,775,775,0
2021-11-05 09:50:00,770,770,770,770,134900
2021-11-05 09:51:00,770,770,770,770,209100
2021-11-05 09:52:00,770,770,770,770,99000
2021-11-05 09:53:00,770,770,770,770,255100
2021-11-05 09:54:00,770,770,770,770,257500
2021-11-05 09:55:00,770,770,770,770,68200
2021-11-05 09:56:00,770,770,770,770,10300
2021-11-05 09:57:00,770,770,770,770,1900
2021-11-05 09:58:00,770,770,770,770,0
2021-11-05 09:59:00,770,770,770,770,110500
2021-11-05 10:00:00,770,770,770,770,8800
2021-11-05 10:01:00,770,770,770,770,1200
2021-11-05 10:02:00,770,770,770,770,0
2021-11-05 10:03:00,770,770,770,770,200
2021-11-05 10:04:00,770,765,770,770,17600
2021-11-05 10:05:00,770,770,770,770,8000
2021-11-05 10:06:00,770,770,770,770,0
2021-11-05 10:07:00,770,770,770,770,3200
2021-11-05 10:08:00,770,770,770,770,4000
2021-11-05 10:09:00,765,765,770,770,3300
2021-11-05 10:10:00,770,770,770,770,10000
2021-11-05 10:11:00,770,770,770,770,2700
2021-11-05 10:12:00,770,770,770,770,3500
2021-11-05 10:13:00,770,770,770,770,11900
2021-11-05 10:14:00,770,770,770,770,1800
2021-11-05 10:15:00,770,765,770,765,7800
2021-11-05 10:16:00,765,765,765,765,2200
2021-11-05 10:17:00,760,755,765,755,82900
2021-11-05 10:18:00,755,750,765,765,25600
2021-11-05 10:19:00,755,750,765,765,0
2021-11-05 10:20:00,765,765,765,765,300
2021-11-05 10:21:00,765,765,770,770,26000
2021-11-05 10:22:00,765,765,770,770,0
2021-11-05 10:23:00,765,765,770,770,0
2021-11-05 10:24:00,770,765,770,765,5300
2021-11-05 10:25:00,770,770,770,770,300
2021-11-05 10:26:00,770,770,770,770,0
2021-11-05 10:27:00,770,770,770,770,20000
2021-11-05 10:28:00,770,770,770,770,0
2021-11-05 10:29:00,770,770,770,770,20300
2021-11-05 10:30:00,770,770,770,770,0
2021-11-05 10:31:00,770,770,770,770,400
2021-11-05 10:32:00,765,765,770,765,9300
2021-11-05 10:33:00,765,765,765,765,400
2021-11-05 10:34:00,765,765,765,765,300
2021-11-05 10:35:00,765,765,765,765,0
2021-11-05 10:36:00,765,765,765,765,300
2021-11-05 10:37:00,760,760,760,760,18000
2021-11-05 10:38:00,760,760,765,765,7200
2021-11-05 10:39:00,770,770,770,770,2300
2021-11-05 10:40:00,770,770,770,770,66600
2021-11-05 10:41:00,770,770,770,770,50000
2021-11-05 10:42:00,770,770,770,770,300
2021-11-05 10:43:00,770,770,770,770,0
2021-11-05 10:44:00,770,770,770,770,7000
2021-11-05 10:45:00,770,770,770,770,2000
2021-11-05 10:46:00,770,770,770,770,0
2021-11-05 10:47:00,770,770,770,770,400
2021-11-05 10:48:00,770,770,770,770,0
2021-11-05 10:49:00,765,765,770,770,2400
2021-11-05 10:50:00,765,765,765,765,2400
2021-11-05 10:51:00,770,770,770,770,200
2021-11-05 10:52:00,765,755,765,765,102500
2021-11-05 10:53:00,765,765,765,765,300
2021-11-05 10:54:00,765,765,765,765,10000
2021-11-05 10:55:00,765,765,765,765,500
2021-11-05 10:56:00,765,765,765,765,0
2021-11-05 10:57:00,765,765,765,765,0
2021-11-05 10:58:00,760,760,765,765,2400
2021-11-05 10:59:00,765,765,765,765,6000
2021-11-05 11:00:00,765,765,765,765,300
2021-11-05 11:01:00,765,765,765,765,25500
2021-11-05 11:02:00,765,765,765,765,0
2021-11-05 11:03:00,765,765,765,765,0
2021-11-05 11:04:00,760,760,765,760,5400
2021-11-05 11:05:00,765,765,765,765,6600
2021-11-05 11:06:00,765,765,765,765,30100
2021-11-05 11:07:00,765,765,765,765,200
2021-11-05 11:08:00,765,765,765,765,100
2021-11-05 11:09:00,765,765,765,765,400
2021-11-05 11:10:00,765,765,765,765,0
2021-11-05 11:11:00,765,765,765,765,300
2021-11-05 11:12:00,765,765,765,765,500
2021-11-05 11:13:00,765,765,765,765,200
2021-11-05 11:14:00,765,765,765,765,500
2021-11-05 11:15:00,765,765,765,765,1600
2021-11-05 11:16:00,765,760,765,760,12300
2021-11-05 11:17:00,760,760,765,765,38900
2021-11-05 11:18:00,765,765,765,765,203200
2021-11-05 11:19:00,765,765,765,765,150300
2021-11-05 11:20:00,765,755,765,765,310600
2021-11-05 11:21:00,765,765,765,765,290000
2021-11-05 11:22:00,765,765,765,765,193700
2021-11-05 11:23:00,765,765,765,765,110100
2021-11-05 11:24:00,765,765,765,765,90200
2021-11-05 11:25:00,765,765,765,765,22300
2021-11-05 11:26:00,765,760,765,765,3600
2021-11-05 11:27:00,765,760,765,765,55600
2021-11-05 11:28:00,765,765,765,765,71000
2021-11-05 11:29:00,765,765,770,770,36800
2021-11-05 11:30:00,765,765,770,770,0
2021-11-05 11:31:00,765,765,770,770,0
2021-11-05 11:32:00,765,765,770,770,0
2021-11-05 11:33:00,765,765,770,770,0
2021-11-05 11:34:00,765,765,770,770,0
2021-11-05 11:35:00,765,765,770,770,0
2021-11-05 11:36:00,765,765,770,770,0
2021-11-05 11:37:00,765,765,770,770,0
2021-11-05 11:38:00,765,765,770,770,0
2021-11-05 11:39:00,765,765,770,770,0
2021-11-05 11:40:00,765,765,770,770,0
2021-11-05 11:41:00,765,765,770,770,0
2021-11-05 11:42:00,765,765,770,770,0
2021-11-05 11:43:00,765,765,770,770,0
2021-11-05 11:44:00,765,765,770,770,0
2021-11-05 11:45:00,765,765,770,770,0
2021-11-05 11:46:00,765,765,770,770,0
2021-11-05 11:47:00,765,765,770,770,0
2021-11-05 11:48:00,765,765,770,770,0
2021-11-05 11:49:00,765,765,770,770,0
2021-11-05 11:50:00,765,765,770,770,0
2021-11-05 11:51:00,765,765,770,770,0
2021-11-05 11:52:00,765,765,770,770,0
2021-11-05 11:53:00,765,765,770,770,0
2021-11-05 11:54:00,765,765,770,770,0
2021-11-05 11:55:00,765,765,770,770,0
2021-11-05 11:56:00,765,765,770,770,0
2021-11-05 11:57:00,765,765,770,770,0
2021-11-05 11:58:00,765,765,770,770,0
2021-11-05 11:59:00,765,765,770,770,0
2021-11-05 12:00:00,765,765,770,770,0
2021-11-05 12:01:00,765,765,770,770,0
2021-11-05 12:02:00,765,765,770,770,0
2021-11-05 12:03:00,765,765,770,770,0
2021-11-05 12:04:00,765,765,770,770,0
2021-11-05 12:05:00,765,765,770,770,0
2021-11-05 12:06:00,765,765,770,770,0
2021-11-05 12:07:00,765,765,770,770,0
2021-11-05 12:08:00,765,765,770,770,0
2021-11-05 12:09:00,765,765,770,770,0
2021-11-05 12:10:00,765,765,770,770,0
2021-11-05 12:11:00,765,765,770,770,0
2021-11-05 12:12:00,765,765,770,770,0
2021-11-05 12:13:00,765,765,770,770,0
2021-11-05 12:14:00,765,765,770,770,0
2021-11-05 12:15:00,765,765,770,770,0
2021-11-05 12:16:00,765,765,770,770,0
2021-11-05 12:17:00,765,765,770,770,0
2021-11-05 12:18:00,765,765,770,770,0
2021-11-05 12:19:00,765,765,770,770,0
2021-11-05 12:20:00,765,765,770,770,0
2021-11-05 12:21:00,765,765,770,770,0
2021-11-05 12:22:00,765,765,770,770,0
2021-11-05 12:23:00,765,765,770,770,0
2021-11-05 12:24:00,765,765,770,770,0
2021-11-05 12:25:00,765,765,770,770,0
2021-11-05 12:26:00,765,765,770,770,0
2021-11-05 12:27:00,765,765,770,770,0
2021-11-05 12:28:00,765,765,770,770,0
2021-11-05 12:29:00,765,765,770,770,0
2021-11-05 12:30:00,765,765,770,770,0
2021-11-05 12:31:00,765,765,770,770,0
2021-11-05 12:32:00,765,765,770,770,0
2021-11-05 12:33:00,765,765,770,770,0
2021-11-05 12:34:00,765,765,770,770,0
2021-11-05 12:35:00,765,765,770,770,0
2021-11-05 12:36:00,765,765,770,770,0
2021-11-05 12:37:00,765,765,770,770,0
2021-11-05 12:38:00,765,765,770,770,0
2021-11-05 12:39:00,765,765,770,770,0
2021-11-05 12:40:00,765,765,770,770,0
2021-11-05 12:41:00,765,765,770,770,0
2021-11-05 12:42:00,765,765,770,770,0
2021-11-05 12:43:00,765,765,770,770,0
2021-11-05 12:44:00,765,765,770,770,0
2021-11-05 12:45:00,765,765,770,770,0
2021-11-05 12:46:00,765,765,770,770,0
2021-11-05 12:47:00,765,765,770,770,0
2021-11-05 12:48:00,765,765,770,770,0
2021-11-05 12:49:00,765,765,770,770,0
2021-11-05 12:50:00,765,765,770,770,0
2021-11-05 12:51:00,765,765,770,770,0
2021-11-05 12:52:00,765,765,770,770,0
2021-11-05 12:53:00,765,765,770,770,0
2021-11-05 12:54:00,765,765,770,770,0
2021-11-05 12:55:00,765,765,770,770,0
2021-11-05 12:56:00,765,765,770,770,0
2021-11-05 12:57:00,765,765,770,770,0
2021-11-05 12:58:00,765,765,770,770,0
2021-11-05 12:59:00,765,765,770,770,0
2021-11-05 13:00:00,765,765,770,770,0
2021-11-05 13:01:00,765,765,770,770,0
2021-11-05 13:02:00,765,765,770,770,0
2021-11-05 13:03:00,765,765,770,770,0
2021-11-05 13:04:00,765,765,770,770,0
2021-11-05 13:05:00,765,765,770,770,0
2021-11-05 13:06:00,765,765,770,770,0
2021-11-05 13:07:00,765,765,770,770,0
2021-11-05 13:08:00,765,765,770,770,0
2021-11-05 13:09:00,765,765,770,770,0
2021-11-05 13:10:00,765,765,770,770,0
2021-11-05 13:11:00,765,765,770,770,0
2021-11-05 13:12:00,765,765,770,770,0
2021-11-05 13:13:00,765,765,770,770,0
2021-11-05 13:14:00,765,765,770,770,0
2021-11-05 13:15:00,765,765,770,770,0
2021-11-05 13:16:00,765,765,770,770,0
2021-11-05 13:17:00,765,765,770,770,0
2021-11-05 13:18:00,765,765,770,770,0
2021-11-05 13:19:00,765,765,770,770,0
2021-11-05 13:20:00,765,765,770,770,0
2021-11-05 13:21:00,765,765,770,770,0
2021-11-05 13:22:00,765,765,770,770,0
2021-11-05 13:23:00,765,765,770,770,0
2021-11-05 13:24:00,765,765,770,770,0
2021-11-05 13:25:00,765,765,770,770,0
2021-11-05 13:26:00,765,765,770,770,0
2021-11-05 13:27:00,765,765,770,770,0
2021-11-05 13:28:00,765,765,770,770,0
2021-11-05 13:29:00,765,765,770,770,0
2021-11-05 13:30:00,770,770,770,770,4900
2021-11-05 13:31:00,770,770,770,770,300
2021-11-05 13:32:00,770,770,770,770,500
2021-11-05 13:33:00,765,765,765,765,8500
2021-11-05 13:34:00,765,765,765,765,25000
2021-11-05 13:35:00,765,765,765,765,50800
2021-11-05 13:36:00,765,760,765,765,111100
2021-11-05 13:37:00,765,765,765,765,68300
2021-11-05 13:38:00,765,765,765,765,222300
2021-11-05 13:39:00,765,765,765,765,120000
2021-11-05 13:40:00,760,760,765,765,36200
2021-11-05 13:41:00,765,765,765,765,28500
2021-11-05 13:42:00,765,765,765,765,30500
2021-11-05 13:43:00,765,765,765,765,12600
2021-11-05 13:44:00,765,765,765,765,43500
2021-11-05 13:45:00,765,765,765,765,68500
2021-11-05 13:46:00,765,765,765,765,45500
2021-11-05 13:47:00,765,765,765,765,2500
2021-11-05 13:48:00,760,760,760,760,300
2021-11-05 13:49:00,765,760,765,765,4200
2021-11-05 13:50:00,765,765,765,765,5800
2021-11-05 13:51:00,765,765,765,765,5400
2021-11-05 13:52:00,760,760,765,765,2800
2021-11-05 13:53:00,765,765,765,765,1500
2021-11-05 13:54:00,760,760,760,760,5000
2021-11-05 13:55:00,765,765,765,765,1400
2021-11-05 13:56:00,765,765,765,765,0
2021-11-05 13:57:00,765,765,765,765,1300
2021-11-05 13:58:00,765,765,765,765,700
2021-11-05 13:59:00,765,760,765,760,1700
2021-11-05 14:00:00,765,760,765,760,4500
2021-11-05 14:01:00,765,765,765,765,600
2021-11-05 14:02:00,765,760,765,765,2300
2021-11-05 14:03:00,765,765,765,765,87000
2021-11-05 14:04:00,765,765,765,765,90000
2021-11-05 14:05:00,765,765,765,765,48000
2021-11-05 14:06:00,765,765,765,765,109600
2021-11-05 14:07:00,765,765,765,765,34000
2021-11-05 14:08:00,765,760,765,760,131400
2021-11-05 14:09:00,765,765,765,765,42500
2021-11-05 14:10:00,765,765,765,765,10000
2021-11-05 14:11:00,765,765,765,765,7100
2021-11-05 14:12:00,765,765,765,765,3000
2021-11-05 14:13:00,765,765,765,765,200
2021-11-05 14:14:00,765,765,765,765,500
2021-11-05 14:15:00,765,760,765,760,19900
2021-11-05 14:16:00,760,760,765,765,7100
2021-11-05 14:17:00,765,760,765,760,4600
2021-11-05 14:18:00,760,760,760,760,1700
2021-11-05 14:19:00,765,760,765,760,2000
2021-11-05 14:20:00,760,760,760,760,300
2021-11-05 14:21:00,760,760,760,760,400
2021-11-05 14:22:00,760,760,760,760,0
2021-11-05 14:23:00,760,760,765,765,49700
2021-11-05 14:24:00,765,765,765,765,30100
2021-11-05 14:25:00,765,765,765,765,3900
2021-11-05 14:26:00,765,765,765,765,87300
2021-11-05 14:27:00,765,765,765,765,87000
2021-11-05 14:28:00,765,765,765,765,85500
2021-11-05 14:29:00,765,765,765,765,61100
2021-11-05 14:30:00,765,765,765,765,53400
2021-11-05 14:31:00,765,765,765,765,41000
2021-11-05 14:32:00,765,760,765,765,41300
2021-11-05 14:33:00,765,765,765,765,47300
2021-11-05 14:34:00,765,765,765,765,37800
2021-11-05 14:35:00,765,765,765,765,67600
2021-11-05 14:36:00,765,765,765,765,33400
2021-11-05 14:37:00,765,765,765,765,20000
2021-11-05 14:38:00,765,765,765,765,3700
2021-11-05 14:39:00,765,760,765,765,51100
2021-11-05 14:40:00,765,765,765,765,20000
2021-11-05 14:41:00,765,760,765,765,37900
2021-11-05 14:42:00,765,765,765,765,2100
2021-11-05 14:43:00,760,760,765,765,28000
2021-11-05 14:44:00,765,765,765,765,17000
2021-11-05 14:45:00,765,765,765,765,10000
2021-11-05 14:46:00,765,765,765,765,2000
2021-11-05 14:47:00,765,765,765,765,44800
2021-11-05 14:48:00,765,765,765,765,7500
2021-11-05 14:49:00,765,765,765,765,157900
2021-11-05 14:50:00,765,765,765,765,0
2021-11-05 14:51:00,765,765,765,765,0
2021-11-05 14:52:00,765,765,765,765,0
2021-11-05 14:53:00,765,765,765,765,0
2021-11-05 14:54:00,765,765,765,765,0
2021-11-05 14:55:00,765,765,765,765,0
2021-11-05 14:56:00,765,765,765,765,0
2021-11-05 14:57:00,765,765,765,765,0
2021-11-05 14:58:00,765,765,765,765,0
2021-11-05 14:59:00,765,765,765,765,0
2021-11-05 15:00:00,760,760,760,760,122000
2021-11-05 15:01:00,760,760,760,760,0
2021-11-05 15:02:00,760,760,760,760,0
2021-11-05 15:03:00,760,760,760,760,0
2021-11-05 15:04:00,760,760,760,760,0
2021-11-05 15:05:00,760,760,760,760,120000
2021-11-05 15:06:00,760,760,760,760,0
2021-11-05 15:07:00,760,760,760,760,0
2021-11-05 15:08:00,760,760,760,760,0
2021-11-05 15:09:00,760,760,760,760,0
2021-11-05 15:10:00,760,760,760,760,0
2021-11-05 15:11:00,760,760,760,760,0
2021-11-05 15:12:00,760,760,760,760,0
2021-11-05 15:13:00,760,760,760,760,0
2021-11-05 15:14:00,760,760,760,760,0
2021-11-05 15:15:00,760,760,760,760,0
2021-11-05 15:16:00,760,760,760,760,0
2021-11-05 15:17:00,760,760,760,760,0
2021-11-05 15:18:00,760,760,760,760,0
2021-11-05 15:19:00,760,760,760,760,0
2021-11-05 15:20:00,760,760,760,760,0
2021-11-05 15:21:00,760,760,760,760,0
2021-11-05 15:22:00,760,760,760,760,0
2021-11-05 15:23:00,760,760,760,760,0
2021-11-05 15:24:00,760,760,760,760,0
2021-11-05 15:25:00,760,760,760,760,0
2021-11-05 15:26:00,760,760,760,760,0
2021-11-05 15:27:00,760,760,760,760,0
2021-11-05 15:28:00,760,760,760,760,0
2021-11-05 15:29:00,760,760,760,760,0
2021-11-05 15:30:00,760,760,760,760,0
2021-11-05 15:31:00,760,760,760,760,0
2021-11-05 15:32:00,760,760,760,760,0
2021-11-05 15:33:00,760,760,760,760,0
2021-11-05 15:34:00,760,760,760,760,0
2021-11-05 15:35:00,760,760,760,760,0
2021-11-05 15:36:00,760,760,760,760,0
2021-11-05 15:37:00,760,760,760,760,0
2021-11-05 15:38:00,760,760,760,760,0
2021-11-05 15:39:00,760,760,760,760,0
2021-11-05 15:40:00,760,760,760,760,0
2021-11-05 15:41:00,760,760,760,760,0
2021-11-05 15:42:00,760,760,760,760,0
2021-11-05 15:43:00,760,760,760,760,0
2021-11-05 15:44:00,760,760,760,760,0
2021-11-05 15:45:00,760,760,760,760,0
2021-11-05 15:46:00,760,760,760,760,0
2021-11-05 15:47:00,760,760,760,760,0
2021-11-05 15:48:00,760,760,760,760,0
2021-11-05 15:49:00,760,760,760,760,0
2021-11-05 15:50:00,760,760,760,760,0
2021-11-05 15:51:00,760,760,760,760,0
2021-11-05 15:52:00,760,760,760,760,0
2021-11-05 15:53:00,760,760,760,760,0
2021-11-05 15:54:00,760,760,760,760,0
2021-11-05 15:55:00,760,760,760,760,0
2021-11-05 15:56:00,760,760,760,760,0
2021-11-05 15:57:00,760,760,760,760,0
2021-11-05 15:58:00,760,760,760,760,0
2021-11-05 15:59:00,760,760,760,760,0
2021-11-08 09:00:00,760,760,760,760,0
2021-11-08 09:01:00,760,760,760,760,0
2021-11-08 09:02:00,760,760,760,760,0
2021-11-08 09:03:00,760,760,760,760,0
2021-11-08 09:04:00,760,760,760,760,0
2021-11-08 09:05:00,760,760,760,760,0
2021-11-08 09:06:00,760,760,760,760,0
2021-11-08 09:07:00,760,760,760,760,0
2021-11-08 09:08:00,760,760,760,760,0
2021-11-08 09:09:00,760,760,760,760,0
2021-11-08 09:10:00,760,760,760,760,0
2021-11-08 09:11:00,760,760,760,760,0
2021-11-08 09:12:00,760,760,760,760,0
2021-11-08 09:13:00,760,760,760,760,0
2021-11-08 09:14:00,760,760,760,760,0
2021-11-08 09:15:00,760,760,760,760,0
2021-11-08 09:16:00,760,760,760,760,0
2021-11-08 09:17:00,760,760,760,760,0
2021-11-08 09:18:00,760,760,760,760,0
2021-11-08 09:19:00,760,760,760,760,0
2021-11-08 09:20:00,760,760,760,760,0
2021-11-08 09:21:00,760,760,760,760,0
2021-11-08 09:22:00,760,760,760,760,0
2021-11-08 09:23:00,760,760,760,760,0
2021-11-08 09:24:00,760,760,760,760,0
2021-11-08 09:25:00,760,760,760,760,0
2021-11-08 09:26:00,760,760,760,760,0
2021-11-08 09:27:00,760,760,760,760,0
2021-11-08 09:28:00,760,760,760,760,0
2021-11-08 09:29:00,760,760,760,760,0
2021-11-08 09:30:00,760,760,760,760,0
2021-11-08 09:31:00,760,760,760,760,0
2021-11-08 09:32:00,760,760,760,760,0
2021-11-08 09:33:00,760,760,760,760,0
2021-11-08 09:34:00,760,760,760,760,0
2021-11-08 09:35:00,760,760,760,760,0
2021-11-08 09:36:00,760,760,760,760,0
2021-11-08 09:37:00,760,760,760,760,0
2021-11-08 09:38:00,760,760,760,760,0
2021-11-08 09:39:00,760,760,760,760,0
2021-11-08 09:40:00,760,760,760,760,0
2021-11-08 09:41:00,760,760,760,760,0
2021-11-08 09:42:00,760,760,760,760,400
2021-11-08 09:43:00,760,760,760,760,300
2021-11-08 09:44:00,760,760,760,760,0
2021-11-08 09:45:00,760,755,760,755,1500
2021-11-08 09:46:00,760,760,760,760,200
2021-11-08 09:47:00,760,760,760,760,0
2021-11-08 09:48:00,760,755,760,755,16000
2021-11-08 09:49:00,760,760,760,760,500
2021-11-08 09:50:00,760,760,760,760,100
2021-11-08 09:51:00,760,760,760,760,0
2021-11-08 09:52:00,760,760,760,760,26100
2021-11-08 09:53:00,760,760,760,760,300
2021-11-08 09:54:00,760,760,760,760,0
2021-11-08 09:55:00,760,760,760,760,13000
2021-11-08 09:56:00,760,760,760,760,200
2021-11-08 09:57:00,755,755,755,755,17100
2021-11-08 09:58:00,755,755,760,760,10400
2021-11-08 09:59:00,755,755,760,760,1800
2021-11-08 10:00:00,760,760,760,760,17700
2021-11-08 10:01:00,760,760,760,760,500
2021-11-08 10:02:00,760,760,760,760,18300
2021-11-08 10:03:00,760,760,760,760,500
2021-11-08 10:04:00,755,755,755,755,3000
2021-11-08 10:05:00,755,755,755,755,0
2021-11-08 10:06:00,755,755,755,755,1200
2021-11-08 10:07:00,755,755,755,755,58500
2021-11-08 10:08:00,755,755,755,755,39600
2021-11-08 10:09:00,755,755,755,755,75000
2021-11-08 10:10:00,760,760,760,760,16100
2021-11-08 10:11:00,760,755,760,760,56000
2021-11-08 10:12:00,760,760,760,760,22000
2021-11-08 10:13:00,760,760,760,760,36000
2021-11-08 10:14:00,760,760,760,760,66000
2021-11-08 10:15:00,760,760,760,760,46700
2021-11-08 10:16:00,760,760,760,760,1300
2021-11-08 10:17:00,760,755,760,760,19200
2021-11-08 10:18:00,760,760,760,760,10000
2021-11-08 10:19:00,760,760,760,760,4300
2021-11-08 10:20:00,760,760,760,760,17600
2021-11-08 10:21:00,760,760,760,760,9700
2021-11-08 10:22:00,760,760,760,760,8400
2021-11-08 10:23:00,760,760,760,760,2000
2021-11-08 10:24:00,760,760,760,760,5500
2021-11-08 10:25:00,760,760,760,760,0
2021-11-08 10:26:00,755,755,755,755,1300
2021-11-08 10:27:00,760,760,760,760,200
2021-11-08 10:28:00,760,760,760,760,52100
2021-11-08 10:29:00,760,760,760,760,9100
2021-11-08 10:30:00,760,760,760,760,0
2021-11-08 10:31:00,760,760,760,760,5800
2021-11-08 10:32:00,755,755,760,760,5300
2021-11-08 10:33:00,760,760,760,760,6200
2021-11-08 10:34:00,760,760,760,760,10200
2021-11-08 10:35:00,760,760,760,760,300
2021-11-08 10:36:00,760,760,760,760,1500
2021-11-08 10:37:00,760,755,760,760,1800
2021-11-08 10:38:00,760,760,760,760,1100
2021-11-08 10:39:00,760,760,760,760,1400
2021-11-08 10:40:00,760,760,760,760,9400
2021-11-08 10:41:00,760,760,760,760,2500
2021-11-08 10:42:00,760,760,760,760,300
2021-11-08 10:43:00,760,760,760,760,200
2021-11-08 10:44:00,760,760,760,760,9700
2021-11-08 10:45:00,760,760,760,760,26300
2021-11-08 10:46:00,760,760,760,760,14200
2021-11-08 10:47:00,760,760,760,760,32100
2021-11-08 10:48:00,760,760,760,760,43700
2021-11-08 10:49:00,760,760,760,760,42500
2021-11-08 10:50:00,760,760,760,760,33300
2021-11-08 10:51:00,760,760,760,760,0
2021-11-08 10:52:00,760,760,760,760,39700
2021-11-08 10:53:00,760,760,760,760,8600
2021-11-08 10:54:00,760,760,760,760,1400
2021-11-08 10:55:00,760,760,760,760,5000
2021-11-08 10:56:00,760,760,760,760,7600
2021-11-08 10:57:00,760,760,760,760,18500
2021-11-08 10:58:00,760,760,760,760,1500
2021-11-08 10:59:00,760,760,760,760,13100
2021-11-08 11:00:00,760,760,760,760,6900
2021-11-08 11:01:00,760,760,760,760,800
2021-11-08 11:02:00,760,760,760,760,0
2021-11-08 11:03:00,760,760,760,760,200
2021-11-08 11:04:00,760,760,760,760,0
2021-11-08 11:05:00,760,760,760,760,200
2021-11-08 11:06:00,760,760,760,760,0
2021-11-08 11:07:00,760,760,760,760,0
2021-11-08 11:08:00,760,760,760,760,9800
2021-11-08 11:09:00,760,760,760,760,0
2021-11-08 11:10:00,760,760,760,760,400
2021-11-08 11:11:00,760,760,760,760,0
2021-11-08 11:12:00,760,760,760,760,10200
2021-11-08 11:13:00,760,755,760,760,4500
2021-11-08 11:14:00,760,755,760,760,24200
2021-11-08 11:15:00,760,760,760,760,300
2021-11-08 11:16:00,760,760,760,760,0
2021-11-08 11:17:00,760,760,760,760,400
2021-11-08 11:18:00,760,760,760,760,0
2021-11-08 11:19:00,760,760,760,760,0
2021-11-08 11:20:00,760,760,760,760,300
2021-11-08 11:21:00,760,760,760,760,1200
2021-11-08 11:22:00,760,760,760,760,5900
2021-11-08 11:23:00,760,760,760,760,300
2021-11-08 11:24:00,760,760,760,760,0
2021-11-08 11:25:00,760,760,760,760,200
2021-11-08 11:26:00,760,760,760,760,9700
2021-11-08 11:27:00,760,760,760,760,69500
2021-11-08 11:28:00,760,755,760,760,36700
2021-11-08 11:29:00,760,760,760,760,38500
2021-11-08 11:30:00,760,760,760,760,1800
2021-11-08 11:31:00,760,760,760,760,0
2021-11-08 11:32:00,760,760,760,760,0
2021-11-08 11:33:00,760,760,760,760,0
2021-11-08 11:34:00,760,760,760,760,0
2021-11-08 11:35:00,760,760,760,760,0
2021-11-08 11:36:00,760,760,760,760,0
2021-11-08 11:37:00,760,760,760,760,0
2021-11-08 11:38:00,760,760,760,760,0
2021-11-08 11:39:00,760,760,760,760,0
2021-11-08 11:40:00,760,760,760,760,0
2021-11-08 11:41:00,760,760,760,760,0
2021-11-08 11:42:00,760,760,760,760,0
2021-11-08 11:43:00,760,760,760,760,0
2021-11-08 11:44:00,760,760,760,760,0
2021-11-08 11:45:00,760,760,760,760,0
2021-11-08 11:46:00,760,760,760,760,0
2021-11-08 11:47:00,760,760,760,760,0
2021-11-08 11:48:00,760,760,760,760,0
2021-11-08 11:49:00,760,760,760,760,0
2021-11-08 11:50:00,760,760,760,760,0
2021-11-08 11:51:00,760,760,760,760,0
2021-11-08 11:52:00,760,760,760,760,0
2021-11-08 11:53:00,760,760,760,760,0
2021-11-08 11:54:00,760,760,760,760,0
2021-11-08 11:55:00,760,760,760,760,0
2021-11-08 11:56:00,760,760,760,760,0
2021-11-08 11:57:00,760,760,760,760,0
2021-11-08 11:58:00,760,760,760,760,0
2021-11-08 11:59:00,760,760,760,760,0
2021-11-08 12:00:00,760,760,760,760,0
2021-11-08 12:01:00,760,760,760,760,0
2021-11-08 12:02:00,760,760,760,760,0
2021-11-08 12:03:00,760,760,760,760,0
2021-11-08 12:04:00,760,760,760,760,0
2021-11-08 12:05:00,760,760,760,760,0
2021-11-08 12:06:00,760,760,760,760,0
2021-11-08 12:07:00,760,760,760,760,0
2021-11-08 12:08:00,760,760,760,760,0
2021-11-08 12:09:00,760,760,760,760,0
2021-11-08 12:10:00,760,760,760,760,0
2021-11-08 12:11:00,760,760,760,760,0
2021-11-08 12:12:00,760,760,760,760,0
2021-11-08 12:13:00,760,760,760,760,0
2021-11-08 12:14:00,760,760,760,760,0
2021-11-08 12:15:00,760,760,760,760,0
2021-11-08 12:16:00,760,760,760,760,0
2021-11-08 12:17:00,760,760,760,760,0
2021-11-08 12:18:00,760,760,760,760,0
2021-11-08 12:19:00,760,760,760,760,0
2021-11-08 12:20:00,760,760,760,760,0
2021-11-08 12:21:00,760,760,760,760,0
2021-11-08 12:22:00,760,760,760,760,0
2021-11-08 12:23:00,760,760,760,760,0
2021-11-08 12:24:00,760,760,760,760,0
2021-11-08 12:25:00,760,760,760,760,0
2021-11-08 12:26:00,760,760,760,760,0
2021-11-08 12:27:00,760,760,760,760,0
2021-11-08 12:28:00,760,760,760,760,0
2021-11-08 12:29:00,760,760,760,760,0
2021-11-08 12:30:00,760,760,760,760,0
2021-11-08 12:31:00,760,760,760,760,0
2021-11-08 12:32:00,760,760,760,760,0
2021-11-08 12:33:00,760,760,760,760,0
2021-11-08 12:34:00,760,760,760,760,0
2021-11-08 12:35:00,760,760,760,760,0
2021-11-08 12:36:00,760,760,760,760,0
2021-11-08 12:37:00,760,760,760,760,0
2021-11-08 12:38:00,760,760,760,760,0
2021-11-08 12:39:00,760,760,760,760,0
2021-11-08 12:40:00,760,760,760,760,0
2021-11-08 12:41:00,760,760,760,760,0
2021-11-08 12:42:00,760,760,760,760,0
2021-11-08 12:43:00,760,760,760,760,0
2021-11-08 12:44:00,760,760,760,760,0
2021-11-08 12:45:00,760,760,760,760,0
2021-11-08 12:46:00,760,760,760,760,0
2021-11-08 12:47:00,760,760,760,760,0
2021-11-08 12:48:00,760,760,760,760,0
2021-11-08 12:49:00,760,760,760,760,0
2021-11-08 12:50:00,760,760,760,760,0
2021-11-08 12:51:00,760,760,760,760,0
2021-11-08 12:52:00,760,760,760,760,0
2021-11-08 12:53:00,760,760,760,760,0
2021-11-08 12:54:00,760,760,760,760,0
2021-11-08 12:55:00,760,760,760,760,0
2021-11-08 12:56:00,760,760,760,760,0
2021-11-08 12:57:00,760,760,760,760,0
2021-11-08 12:58:00,760,760,760,760,0
2021-11-08 12:59:00,760,760,760,760,0
2021-11-08 13:00:00,760,760,760,760,0
2021-11-08 13:01:00,760,760,760,760,0
2021-11-08 13:02:00,760,760,760,760,0
2021-11-08 13:03:00,760,760,760,760,0
2021-11-08 13:04:00,760,760,760,760,0
2021-11-08 13:05:00,760,760,760,760,0
2021-11-08 13:06:00,760,760,760,760,0
2021-11-08 13:07:00,760,760,760,760,0
2021-11-08 13:08:00,760,760,760,760,0
2021-11-08 13:09:00,760,760,760,760,0
2021-11-08 13:10:00,760,760,760,760,0
2021-11-08 13:11:00,760,760,760,760,0
2021-11-08 13:12:00,760,760,760,760,0
2021-11-08 13:13:00,760,760,760,760,0
2021-11-08 13:14:00,760,760,760,760,0
2021-11-08 13:15:00,760,760,760,760,0
2021-11-08 13:16:00,760,760,760,760,0
2021-11-08 13:17:00,760,760,760,760,0
2021-11-08 13:18:00,760,760,760,760,0
2021-11-08 13:19:00,760,760,760,760,0
2021-11-08 13:20:00,760,760,760,760,0
2021-11-08 13:21:00,760,760,760,760,0
2021-11-08 13:22:00,760,760,760,760,0
2021-11-08 13:23:00,760,760,760,760,0
2021-11-08 13:24:00,760,760,760,760,0
2021-11-08 13:25:00,760,760,760,760,0
2021-11-08 13:26:00,760,760,760,760,0
2021-11-08 13:27:00,760,760,760,760,0
2021-11-08 13:28:00,760,760,760,760,0
2021-11-08 13:29:00,760,760,760,760,0
2021-11-08 13:30:00,760,760,760,760,41900
2021-11-08 13:31:00,760,760,760,760,13300
2021-11-08 13:32:00,760,755,760,760,27000
2021-11-08 13:33:00,760,760,760,760,122200
2021-11-08 13:34:00,760,760,760,760,0
2021-11-08 13:35:00,760,760,760,760,44300
2021-11-08 13:36:00,760,760,760,760,17000
2021-11-08 13:37:00,760,760,760,760,67000
2021-11-08 13:38:00,760,760,760,760,56000
2021-11-08 13:39:00,760,760,760,760,112100
2021-11-08 13:40:00,760,760,760,760,107800
2021-11-08 13:41:00,760,760,760,760,77700
2021-11-08 13:42:00,760,760,760,760,98500
2021-11-08 13:43:00,760,760,760,760,60000
2021-11-08 13:44:00,760,760,760,760,45000
2021-11-08 13:45:00,760,760,760,760,83100
2021-11-08 13:46:00,760,760,760,760,98800
2021-11-08 13:47:00,760,760,760,760,38100
2021-11-08 13:48:00,760,755,760,760,10300
2021-11-08 13:49:00,760,760,760,760,70200
2021-11-08 13:50:00,760,755,760,755,9300
2021-11-08 13:51:00,760,760,760,760,85000
2021-11-08 13:52:00,760,760,760,760,80000
2021-11-08 13:53:00,760,760,760,760,92500
2021-11-08 13:54:00,760,760,760,760,70500
2021-11-08 13:55:00,760,760,760,760,76000
2021-11-08 13:56:00,760,760,760,760,65700
2021-11-08 13:57:00,760,760,760,760,74500
2021-11-08 13:58:00,760,755,760,760,87000
2021-11-08 13:59:00,760,760,760,760,57100
2021-11-08 14:00:00,760,755,760,760,55300
2021-11-08 14:01:00,760,760,760,760,80300
2021-11-08 14:02:00,760,760,760,760,35700
2021-11-08 14:03:00,760,760,760,760,26200
2021-11-08 14:04:00,760,760,760,760,0
2021-11-08 14:05:00,760,760,760,760,14200
2021-11-08 14:06:00,760,760,760,760,30400
2021-11-08 14:07:00,760,760,760,760,48900
2021-11-08 14:08:00,760,760,760,760,96700
2021-11-08 14:09:00,760,760,760,760,23000
2021-11-08 14:10:00,760,760,760,760,30100
2021-11-08 14:11:00,760,760,760,760,57900
2021-11-08 14:12:00,760,760,760,760,90000
2021-11-08 14:13:00,760,760,760,760,54800
2021-11-08 14:14:00,760,760,760,760,38200
2021-11-08 14:15:00,760,760,760,760,78100
2021-11-08 14:16:00,760,760,760,760,38900
2021-11-08 14:17:00,760,760,760,760,32800
2021-11-08 14:18:00,760,760,760,760,10700
2021-11-08 14:19:00,760,760,760,760,0
2021-11-08 14:20:00,760,760,760,760,200
2021-11-08 14:21:00,760,760,760,760,300
2021-11-08 14:22:00,760,755,760,755,10500
2021-11-08 14:23:00,760,755,760,755,20400
2021-11-08 14:24:00,760,760,760,760,200
2021-11-08 14:25:00,760,760,760,760,0
2021-11-08 14:26:00,760,760,760,760,200
2021-11-08 14:27:00,760,760,760,760,0
2021-11-08 14:28:00,760,760,760,760,300
2021-11-08 14:29:00,760,760,760,760,14500
2021-11-08 14:30:00,760,760,760,760,400
2021-11-08 14:31:00,760,760,760,760,5500
2021-11-08 14:32:00,760,760,760,760,10500
2021-11-08 14:33:00,760,760,760,760,7800
2021-11-08 14:34:00,760,755,760,760,39900
2021-11-08 14:35:00,760,755,760,760,101000
2021-11-08 14:36:00,760,760,760,760,7500
2021-11-08 14:37:00,760,760,760,760,30000
2021-11-08 14:38:00,760,760,760,760,20000
2021-11-08 14:39:00,760,760,760,760,3500
2021-11-08 14:40:00,760,760,760,760,300
2021-11-08 14:41:00,760,760,760,760,7000
2021-11-08 14:42:00,755,755,760,760,15400
2021-11-08 14:43:00,755,755,760,760,0
2021-11-08 14:44:00,760,760,760,760,3500
2021-11-08 14:45:00,760,760,760,760,2000
2021-11-08 14:46:00,760,760,760,760,10000
2021-11-08 14:47:00,760,760,760,760,14300
2021-11-08 14:48:00,760,755,760,760,56500
2021-11-08 14:49:00,760,760,760,760,1300
2021-11-08 14:50:00,760,760,760,760,1000
2021-11-08 14:51:00,760,760,760,760,0
2021-11-08 14:52:00,760,760,760,760,0
2021-11-08 14:53:00,760,760,760,760,0
2021-11-08 14:54:00,760,760,760,760,0
2021-11-08 14:55:00,760,760,760,760,0
2021-11-08 14:56:00,760,760,760,760,0
2021-11-08 14:57:00,760,760,760,760,0
2021-11-08 14:58:00,760,760,760,760,0
2021-11-08 14:59:00,760,760,760,760,0
2021-11-08 15:00:00,760,760,760,760,117100
2021-11-08 15:01:00,760,760,760,760,0
2021-11-08 15:02:00,760,760,760,760,0
2021-11-08 15:03:00,760,760,760,760,0
2021-11-08 15:04:00,760,760,760,760,0
2021-11-08 15:05:00,760,760,760,760,0
2021-11-08 15:06:00,760,760,760,760,0
2021-11-08 15:07:00,760,760,760,760,0
2021-11-08 15:08:00,760,760,760,760,0
2021-11-08 15:09:00,760,760,760,760,100
2021-11-08 15:10:00,760,760,760,760,0
2021-11-08 15:11:00,760,760,760,760,0
2021-11-08 15:12:00,760,760,760,760,0
2021-11-08 15:13:00,760,760,760,760,100000
2021-11-08 15:14:00,760,760,760,760,0
2021-11-08 15:15:00,760,760,760,760,0
2021-11-08 15:16:00,760,760,760,760,0
2021-11-08 15:17:00,760,760,760,760,0
2021-11-08 15:18:00,760,760,760,760,0
2021-11-08 15:19:00,760,760,760,760,0
2021-11-08 15:20:00,760,760,760,760,0
2021-11-08 15:21:00,760,760,760,760,0
2021-11-08 15:22:00,760,760,760,760,0
2021-11-08 15:23:00,760,760,760,760,0
2021-11-08 15:24:00,760,760,760,760,0
2021-11-08 15:25:00,760,760,760,760,0
2021-11-08 15:26:00,760,760,760,760,0
2021-11-08 15:27:00,760,760,760,760,0
2021-11-08 15:28:00,760,760,760,760,0
2021-11-08 15:29:00,760,760,760,760,0
2021-11-08 15:30:00,760,760,760,760,0
2021-11-08 15:31:00,760,760,760,760,0
2021-11-08 15:32:00,760,760,760,760,0
2021-11-08 15:33:00,760,760,760,760,0
2021-11-08 15:34:00,760,760,760,760,0
2021-11-08 15:35:00,760,760,760,760,0
2021-11-08 15:36:00,760,760,760,760,0
2021-11-08 15:37:00,760,760,760,760,0
2021-11-08 15:38:00,760,760,760,760,0
2021-11-08 15:39:00,760,760,760,760,0
2021-11-08 15:40:00,760,760,760,760,0
2021-11-08 15:41:00,760,760,760,760,0
2021-11-08 15:42:00,760,760,760,760,0
2021-11-08 15:43:00,760,760,760,760,0
2021-11-08 15:44:00,760,760,760,760,0
2021-11-08 15:45:00,760,760,760,760,0
2021-11-08 15:46:00,760,760,760,760,0
2021-11-08 15:47:00,760,760,760,760,0
2021-11-08 15:48:00,760,760,760,760,0
2021-11-08 15:49:00,760,760,760,760,0
2021-11-08 15:50:00,760,760,760,760,0
2021-11-08 15:51:00,760,760,760,760,0
2021-11-08 15:52:00,760,760,760,760,0
2021-11-08 15:53:00,760,760,760,760,0
2021-11-08 15:54:00,760,760,760,760,0
2021-11-08 15:55:00,760,760,760,760,0
2021-11-08 15:56:00,760,760,760,760,0
2021-11-08 15:57:00,760,760,760,760,0
2021-11-08 15:58:00,760,760,760,760,0
2021-11-08 15:59:00,760,760,760,760,0
2021-11-09 09:00:00,765,765,770,770,0
2021-11-09 09:01:00,770,770,770,770,15000
2021-11-09 09:02:00,770,770,770,770,0
2021-11-09 09:03:00,770,770,770,770,0
2021-11-09 09:04:00,765,765,765,765,5500
2021-11-09 09:05:00,765,765,765,765,13500
2021-11-09 09:06:00,765,765,765,765,200
2021-11-09 09:07:00,770,770,770,770,6700
2021-11-09 09:08:00,770,770,770,770,8000
2021-11-09 09:09:00,770,770,770,770,0
2021-11-09 09:10:00,770,770,770,770,300
2021-11-09 09:11:00,770,770,770,770,0
2021-11-09 09:12:00,765,765,765,765,3300
2021-11-09 09:13:00,765,765,765,765,0
2021-11-09 09:14:00,765,765,765,765,100
2021-11-09 09:15:00,765,765,765,765,0
2021-11-09 09:16:00,765,765,765,765,0
2021-11-09 09:17:00,770,770,770,770,300
2021-11-09 09:18:00,770,770,770,770,66700
2021-11-09 09:19:00,770,770,770,770,1100
2021-11-09 09:20:00,770,770,770,770,14100
2021-11-09 09:21:00,770,770,770,770,6200
2021-11-09 09:22:00,770,770,770,770,600
2021-11-09 09:23:00,765,765,770,770,8400
2021-11-09 09:24:00,765,765,770,770,0
2021-11-09 09:25:00,770,770,770,770,3000
2021-11-09 09:26:00,765,765,765,765,10000
2021-11-09 09:27:00,765,765,765,765,0
2021-11-09 09:28:00,770,770,770,770,100
2021-11-09 09:29:00,770,770,770,770,3500
2021-11-09 09:30:00,770,770,770,770,0
2021-11-09 09:31:00,770,770,770,770,0
2021-11-09 09:32:00,770,770,770,770,0
2021-11-09 09:33:00,770,770,770,770,0
2021-11-09 09:34:00,770,770,770,770,0
2021-11-09 09:35:00,770,770,770,770,0
2021-11-09 09:36:00,770,770,770,770,31000
2021-11-09 09:37:00,770,770,770,770,0
2021-11-09 09:38:00,765,765,765,765,18500
2021-11-09 09:39:00,770,770,770,770,107600
2021-11-09 09:40:00,770,770,770,770,80200
2021-11-09 09:41:00,770,770,770,770,105500
2021-11-09 09:42:00,775,775,775,775,4100
2021-11-09 09:43:00,775,770,775,775,18000
2021-11-09 09:44:00,775,775,775,775,10100
2021-11-09 09:45:00,775,775,775,775,5000
2021-11-09 09:46:00,775,775,780,780,363100
2021-11-09 09:47:00,780,775,785,785,151600
2021-11-09 09:48:00,785,785,785,785,2400
2021-11-09 09:49:00,785,785,785,785,7800
2021-11-09 09:50:00,785,785,785,785,15100
2021-11-09 09:51:00,785,785,785,785,0
2021-11-09 09:52:00,785,785,785,785,22000
2021-11-09 09:53:00,785,785,785,785,500
2021-11-09 09:54:00,780,780,780,780,2400
2021-11-09 09:55:00,780,780,785,780,108300
2021-11-09 09:56:00,780,780,785,785,6000
2021-11-09 09:57:00,785,785,785,785,66800
2021-11-09 09:58:00,785,785,790,790,27800
2021-11-09 09:59:00,790,785,790,785,89000
2021-11-09 10:00:00,785,785,785,785,4200
2021-11-09 10:01:00,785,785,785,785,300
2021-11-09 10:02:00,785,785,785,785,95300
2021-11-09 10:03:00,785,785,785,785,5800
2021-11-09 10:04:00,785,785,785,785,12800
2021-11-09 10:05:00,785,785,785,785,98200
2021-11-09 10:06:00,785,785,785,785,48000
2021-11-09 10:07:00,785,785,790,790,2000
2021-11-09 10:08:00,790,790,790,790,1400
2021-11-09 10:09:00,790,785,790,785,15900
2021-11-09 10:10:00,785,785,785,785,1400
2021-11-09 10:11:00,785,785,785,785,0
2021-11-09 10:12:00,790,790,790,790,5000
2021-11-09 10:13:00,790,785,790,790,8300
2021-11-09 10:14:00,790,790,790,790,7300
2021-11-09 10:15:00,790,790,790,790,62100
2021-11-09 10:16:00,790,790,790,790,66000
2021-11-09 10:17:00,790,790,790,790,26700
2021-11-09 10:18:00,790,790,790,790,62500
2021-11-09 10:19:00,790,790,790,790,36100
2021-11-09 10:20:00,790,790,790,790,47800
2021-11-09 10:21:00,790,785,790,790,16900
2021-11-09 10:22:00,790,790,790,790,10100
2021-11-09 10:23:00,790,790,790,790,1100
2021-11-09 10:24:00,790,790,790,790,9900
2021-11-09 10:25:00,790,790,790,790,137600
2021-11-09 10:26:00,785,785,795,795,14300
2021-11-09 10:27:00,795,795,795,795,20000
2021-11-09 10:28:00,790,790,790,790,72900
2021-11-09 10:29:00,790,790,790,790,54400
2021-11-09 10:30:00,785,785,790,790,1800
2021-11-09 10:31:00,790,785,790,785,600
2021-11-09 10:32:00,785,785,785,785,19600
2021-11-09 10:33:00,785,785,785,785,27000
2021-11-09 10:34:00,785,785,785,785,5000
2021-11-09 10:35:00,785,785,785,785,1900
2021-11-09 10:36:00,785,785,785,785,51100
2021-11-09 10:37:00,785,785,785,785,10000
2021-11-09 10:38:00,780,780,780,780,500
2021-11-09 10:39:00,785,785,785,785,37000
2021-11-09 10:40:00,785,785,785,785,54600
2021-11-09 10:41:00,785,785,785,785,34300
2021-11-09 10:42:00,785,785,785,785,1700
2021-11-09 10:43:00,785,780,785,785,22100
2021-11-09 10:44:00,785,785,785,785,2400
2021-11-09 10:45:00,785,785,785,785,48000
2021-11-09 10:46:00,785,785,785,785,30000
2021-11-09 10:47:00,785,785,785,785,40000
2021-11-09 10:48:00,785,785,785,785,1100
2021-11-09 10:49:00,785,785,785,785,36400
2021-11-09 10:50:00,785,785,785,785,15000
2021-11-09 10:51:00,785,785,785,785,0
2021-11-09 10:52:00,780,780,785,785,18800
2021-11-09 10:53:00,785,785,785,785,8000
2021-11-09 10:54:00,785,780,785,785,48700
2021-11-09 10:55:00,785,785,785,785,16500
2021-11-09 10:56:00,785,785,785,785,13500
2021-11-09 10:57:00,785,785,785,785,13000
2021-11-09 10:58:00,785,785,785,785,7600
2021-11-09 10:59:00,785,785,785,785,400
2021-11-09 11:00:00,785,785,785,785,3000
2021-11-09 11:01:00,785,785,785,785,17000
2021-11-09 11:02:00,780,780,780,780,2800
2021-11-09 11:03:00,780,780,780,780,0
2021-11-09 11:04:00,780,780,780,780,0
2021-11-09 11:05:00,780,780,780,780,0
2021-11-09 11:06:00,785,785,785,785,600
2021-11-09 11:07:00,785,785,785,785,44600
2021-11-09 11:08:00,785,785,785,785,1800
2021-11-09 11:09:00,785,780,785,785,3400
2021-11-09 11:10:00,785,785,785,785,17000
2021-11-09 11:11:00,785,780,785,785,73400
2021-11-09 11:12:00,785,785,790,790,61200
2021-11-09 11:13:00,790,790,790,790,400
2021-11-09 11:14:00,785,785,785,785,7400
2021-11-09 11:15:00,785,785,785,785,500
2021-11-09 11:16:00,785,785,785,785,1500
2021-11-09 11:17:00,785,785,785,785,1600
2021-11-09 11:18:00,785,785,785,785,1500
2021-11-09 11:19:00,785,785,785,785,2800
2021-11-09 11:20:00,785,785,785,785,4200
2021-11-09 11:21:00,780,780,785,785,4400
2021-11-09 11:22:00,785,785,785,785,46100
2021-11-09 11:23:00,785,785,785,785,125700
2021-11-09 11:24:00,785,785,785,785,800
2021-11-09 11:25:00,785,785,785,785,2700
2021-11-09 11:26:00,785,785,785,785,2300
2021-11-09 11:27:00,785,780,785,785,2800
2021-11-09 11:28:00,785,785,785,785,2100
2021-11-09 11:29:00,785,785,785,785,51900
2021-11-09 11:30:00,785,785,785,785,0
2021-11-09 11:31:00,785,785,785,785,0
2021-11-09 11:32:00,785,785,785,785,0
2021-11-09 11:33:00,785,785,785,785,0
2021-11-09 11:34:00,785,785,785,785,0
2021-11-09 11:35:00,785,785,785,785,0
2021-11-09 11:36:00,785,785,785,785,0
2021-11-09 11:37:00,785,785,785,785,0
2021-11-09 11:38:00,785,785,785,785,0
2021-11-09 11:39:00,785,785,785,785,0
2021-11-09 11:40:00,785,785,785,785,0
2021-11-09 11:41:00,785,785,785,785,0
2021-11-09 11:42:00,785,785,785,785,0
2021-11-09 11:43:00,785,785,785,785,0
2021-11-09 11:44:00,785,785,785,785,0
2021-11-09 11:45:00,785,785,785,785,0
2021-11-09 11:46:00,785,785,785,785,0
2021-11-09 11:47:00,785,785,785,785,0
2021-11-09 11:48:00,785,785,785,785,0
2021-11-09 11:49:00,785,785,785,785,0
2021-11-09 11:50:00,785,785,785,785,0
2021-11-09 11:51:00,785,785,785,785,0
2021-11-09 11:52:00,785,785,785,785,0
2021-11-09 11:53:00,785,785,785,785,0
2021-11-09 11:54:00,785,785,785,785,0
2021-11-09 11:55:00,785,785,785,785,0
2021-11-09 11:56:00,785,785,785,785,0
2021-11-09 11:57:00,785,785,785,785,0
2021-11-09 11:58:00,785,785,785,785,0
2021-11-09 11:59:00,785,785,785,785,0
2021-11-09 12:00:00,785,785,785,785,0
2021-11-09 12:01:00,785,785,785,785,0
2021-11-09 12:02:00,785,785,785,785,0
2021-11-09 12:03:00,785,785,785,785,0
2021-11-09 12:04:00,785,785,785,785,0
2021-11-09 12:05:00,785,785,785,785,0
2021-11-09 12:06:00,785,785,785,785,0
2021-11-09 12:07:00,785,785,785,785,0
2021-11-09 12:08:00,785,785,785,785,0
2021-11-09 12:09:00,785,785,785,785,0
2021-11-09 12:10:00,785,785,785,785,0
2021-11-09 12:11:00,785,785,785,785,0
2021-11-09 12:12:00,785,785,785,785,0
2021-11-09 12:13:00,785,785,785,785,0
2021-11-09 12:14:00,785,785,785,785,0
2021-11-09 12:15:00,785,785,785,785,0
2021-11-09 12:16:00,785,785,785,785,0
2021-11-09 12:17:00,785,785,785,785,0
2021-11-09 12:18:00,785,785,785,785,0
2021-11-09 12:19:00,785,785,785,785,0
2021-11-09 12:20:00,785,785,785,785,0
2021-11-09 12:21:00,785,785,785,785,0
2021-11-09 12:22:00,785,785,785,785,0
2021-11-09 12:23:00,785,785,785,785,0
2021-11-09 12:24:00,785,785,785,785,0
2021-11-09 12:25:00,785,785,785,785,0
2021-11-09 12:26:00,785,785,785,785,0
2021-11-09 12:27:00,785,785,785,785,0
2021-11-09 12:28:00,785,785,785,785,0
2021-11-09 12:29:00,785,785,785,785,0
2021-11-09 12:30:00,785,785,785,785,0
2021-11-09 12:31:00,785,785,785,785,0
2021-11-09 12:32:00,785,785,785,785,0
2021-11-09 12:33:00,785,785,785,785,0
2021-11-09 12:34:00,785,785,785,785,0
2021-11-09 12:35:00,785,785,785,785,0
2021-11-09 12:36:00,785,785,785,785,0
2021-11-09 12:37:00,785,785,785,785,0
2021-11-09 12:38:00,785,785,785,785,0
2021-11-09 12:39:00,785,785,785,785,0
2021-11-09 12:40:00,785,785,785,785,0
2021-11-09 12:41:00,785,785,785,785,0
2021-11-09 12:42:00,785,785,785,785,0
2021-11-09 12:43:00,785,785,785,785,0
2021-11-09 12:44:00,785,785,785,785,0
2021-11-09 12:45:00,785,785,785,785,0
2021-11-09 12:46:00,785,785,785,785,0
2021-11-09 12:47:00,785,785,785,785,0
2021-11-09 12:48:00,785,785,785,785,0
2021-11-09 12:49:00,785,785,785,785,0
2021-11-09 12:50:00,785,785,785,785,0
2021-11-09 12:51:00,785,785,785,785,0
2021-11-09 12:52:00,785,785,785,785,0
2021-11-09 12:53:00,785,785,785,785,0
2021-11-09 12:54:00,785,785,785,785,0
2021-11-09 12:55:00,785,785,785,785,0
2021-11-09 12:56:00,785,785,785,785,0
2021-11-09 12:57:00,785,785,785,785,0
2021-11-09 12:58:00,785,785,785,785,0
2021-11-09 12:59:00,785,785,785,785,0
2021-11-09 13:00:00,785,785,785,785,0
2021-11-09 13:01:00,785,785,785,785,0
2021-11-09 13:02:00,785,785,785,785,0
2021-11-09 13:03:00,785,785,785,785,0
2021-11-09 13:04:00,785,785,785,785,0
2021-11-09 13:05:00,785,785,785,785,0
2021-11-09 13:06:00,785,785,785,785,0
2021-11-09 13:07:00,785,785,785,785,0
2021-11-09 13:08:00,785,785,785,785,0
2021-11-09 13:09:00,785,785,785,785,0
2021-11-09 13:10:00,785,785,785,785,0
2021-11-09 13:11:00,785,785,785,785,0
2021-11-09 13:12:00,785,785,785,785,0
2021-11-09 13:13:00,785,785,785,785,0
2021-11-09 13:14:00,785,785,785,785,0
2021-11-09 13:15:00,785,785,785,785,0
2021-11-09 13:16:00,785,785,785,785,0
2021-11-09 13:17:00,785,785,785,785,0
2021-11-09 13:18:00,785,785,785,785,0
2021-11-09 13:19:00,785,785,785,785,0
2021-11-09 13:20:00,785,785,785,785,0
2021-11-09 13:21:00,785,785,785,785,0
2021-11-09 13:22:00,785,785,785,785,0
2021-11-09 13:23:00,785,785,785,785,0
2021-11-09 13:24:00,785,785,785,785,0
2021-11-09 13:25:00,785,785,785,785,0
2021-11-09 13:26:00,785,785,785,785,0
2021-11-09 13:27:00,785,785,785,785,0
2021-11-09 13:28:00,785,785,785,785,0
2021-11-09 13:29:00,785,785,785,785,0
2021-11-09 13:30:00,785,785,785,785,13000
2021-11-09 13:31:00,785,785,785,785,8000
2021-11-09 13:32:00,785,785,785,785,11800
2021-11-09 13:33:00,785,785,785,785,2800
2021-11-09 13:34:00,785,780,785,785,7700
2021-11-09 13:35:00,785,785,785,785,3000
2021-11-09 13:36:00,785,785,785,785,9000
2021-11-09 13:37:00,785,785,785,785,12500
2021-11-09 13:38:00,785,785,785,785,9300
2021-11-09 13:39:00,785,785,785,785,7900
2021-11-09 13:40:00,785,785,785,785,143100
2021-11-09 13:41:00,790,785,790,785,10900
2021-11-09 13:42:00,785,785,785,785,200
2021-11-09 13:43:00,785,785,785,785,4800
2021-11-09 13:44:00,785,785,785,785,1400
2021-11-09 13:45:00,785,780,785,785,1600
2021-11-09 13:46:00,785,785,785,785,10800
2021-11-09 13:47:00,785,785,785,785,11000
2021-11-09 13:48:00,785,780,785,780,25000
2021-11-09 13:49:00,780,780,785,785,18500
2021-11-09 13:50:00,785,785,785,785,9500
2021-11-09 13:51:00,785,785,785,785,0
2021-11-09 13:52:00,785,785,785,785,3000
2021-11-09 13:53:00,785,780,785,785,15500
2021-11-09 13:54:00,785,785,785,785,60500
2021-11-09 13:55:00,785,785,785,785,56300
2021-11-09 13:56:00,785,785,785,785,49600
2021-11-09 13:57:00,785,780,785,785,76500
2021-11-09 13:58:00,785,785,785,785,48600
2021-11-09 13:59:00,785,785,785,785,46600
2021-11-09 14:00:00,785,785,785,785,33300
2021-11-09 14:01:00,785,785,785,785,142200
2021-11-09 14:02:00,785,785,785,785,16000
2021-11-09 14:03:00,785,785,785,785,44000
2021-11-09 14:04:00,785,785,785,785,105000
2021-11-09 14:05:00,785,785,785,785,89700
2021-11-09 14:06:00,785,785,785,785,79800
2021-11-09 14:07:00,785,785,785,785,5100
2021-11-09 14:08:00,785,785,785,785,105100
2021-11-09 14:09:00,785,785,785,785,21800
2021-11-09 14:10:00,785,785,785,785,35000
2021-11-09 14:11:00,785,780,785,785,91500
2021-11-09 14:12:00,785,785,785,785,51600
2021-11-09 14:13:00,785,785,785,785,53000
2021-11-09 14:14:00,785,785,785,785,39700
2021-11-09 14:15:00,785,785,785,785,14500
2021-11-09 14:16:00,785,785,785,785,11100
2021-11-09 14:17:00,785,785,785,785,58600
2021-11-09 14:18:00,785,785,785,785,39500
2021-11-09 14:19:00,785,785,785,785,43400
2021-11-09 14:20:00,785,785,785,785,42500
2021-11-09 14:21:00,785,780,785,785,97200
2021-11-09 14:22:00,785,785,785,785,39000
2021-11-09 14:23:00,785,785,785,785,31500
2021-11-09 14:24:00,785,785,785,785,70500
2021-11-09 14:25:00,785,785,785,785,20000
2021-11-09 14:26:00,785,785,785,785,36600
2021-11-09 14:27:00,785,785,785,785,20000
2021-11-09 14:28:00,785,785,785,785,35700
2021-11-09 14:29:00,785,785,785,785,70900
2021-11-09 14:30:00,785,785,785,785,57400
2021-11-09 14:31:00,785,785,785,785,61800
2021-11-09 14:32:00,785,785,785,785,165700
2021-11-09 14:33:00,785,785,785,785,45500
2021-11-09 14:34:00,785,780,785,785,70000
2021-11-09 14:35:00,785,780,785,785,35500
2021-11-09 14:36:00,785,785,785,785,70600
2021-11-09 14:37:00,785,785,785,785,31000
2021-11-09 14:38:00,785,785,785,785,62300
2021-11-09 14:39:00,785,785,785,785,51200
2021-11-09 14:40:00,785,785,785,785,69200
2021-11-09 14:41:00,785,785,785,785,43300
2021-11-09 14:42:00,785,785,785,785,62600
2021-11-09 14:43:00,785,785,785,785,95300
2021-11-09 14:44:00,780,780,785,785,35200
2021-11-09 14:45:00,785,785,785,785,4000
2021-11-09 14:46:00,785,785,785,785,2200
2021-11-09 14:47:00,785,785,785,785,49000
2021-11-09 14:48:00,785,785,785,785,12700
2021-11-09 14:49:00,785,785,785,785,2700
2021-11-09 14:50:00,785,785,785,785,2000
2021-11-09 14:51:00,785,785,785,785,0
2021-11-09 14:52:00,785,785,785,785,0
2021-11-09 14:53:00,785,785,785,785,0
2021-11-09 14:54:00,785,785,785,785,0
2021-11-09 14:55:00,785,785,785,785,0
2021-11-09 14:56:00,785,785,785,785,0
2021-11-09 14:57:00,785,785,785,785,0
2021-11-09 14:58:00,785,785,785,785,0
2021-11-09 14:59:00,785,785,785,785,0
2021-11-09 15:00:00,785,785,785,785,222700
2021-11-09 15:01:00,785,785,785,785,0
2021-11-09 15:02:00,785,785,785,785,0
2021-11-09 15:03:00,785,785,785,785,0
2021-11-09 15:04:00,785,785,785,785,0
2021-11-09 15:05:00,785,785,785,785,1600
2021-11-09 15:06:00,785,785,785,785,100
2021-11-09 15:07:00,785,785,785,785,0
2021-11-09 15:08:00,785,785,785,785,0
2021-11-09 15:09:00,785,785,785,785,0
2021-11-09 15:10:00,785,785,785,785,0
2021-11-09 15:11:00,785,785,785,785,1300
2021-11-09 15:12:00,785,785,785,785,0
2021-11-09 15:13:00,785,785,785,785,1500
2021-11-09 15:14:00,785,785,785,785,0
2021-11-09 15:15:00,785,785,785,785,0
2021-11-09 15:16:00,785,785,785,785,0
2021-11-09 15:17:00,785,785,785,785,0
2021-11-09 15:18:00,785,785,785,785,0
2021-11-09 15:19:00,785,785,785,785,0
2021-11-09 15:20:00,785,785,785,785,0
2021-11-09 15:21:00,785,785,785,785,0
2021-11-09 15:22:00,785,785,785,785,0
2021-11-09 15:23:00,785,785,785,785,0
2021-11-09 15:24:00,785,785,785,785,0
2021-11-09 15:25:00,785,785,785,785,0
2021-11-09 15:26:00,785,785,785,785,0
2021-11-09 15:27:00,785,785,785,785,0
2021-11-09 15:28:00,785,785,785,785,0
2021-11-09 15:29:00,785,785,785,785,0
2021-11-09 15:30:00,785,785,785,785,0
2021-11-09 15:31:00,785,785,785,785,0
2021-11-09 15:32:00,785,785,785,785,0
2021-11-09 15:33:00,785,785,785,785,0
2021-11-09 15:34:00,785,785,785,785,0
2021-11-09 15:35:00,785,785,785,785,0
2021-11-09 15:36:00,785,785,785,785,0
2021-11-09 15:37:00,785,785,785,785,0
2021-11-09 15:38:00,785,785,785,785,0
2021-11-09 15:39:00,785,785,785,785,0
2021-11-09 15:40:00,785,785,785,785,0
2021-11-09 15:41:00,785,785,785,785,0
2021-11-09 15:42:00,785,785,785,785,0
2021-11-09 15:43:00,785,785,785,785,0
2021-11-09 15:44:00,785,785,785,785,0
2021-11-09 15:45:00,785,785,785,785,0
2021-11-09 15:46:00,785,785,785,785,0
2021-11-09 15:47:00,785,785,785,785,0
2021-11-09 15:48:00,785,785,785,785,0
2021-11-09 15:49:00,785,785,785,785,0
2021-11-09 15:50:00,785,785,785,785,0
2021-11-09 15:51:00,785,785,785,785,0
2021-11-09 15:52:00,785,785,785,785,0
2021-11-09 15:53:00,785,785,785,785,0
2021-11-09 15:54:00,785,785,785,785,0
2021-11-09 15:55:00,785,785,785,785,0
2021-11-09 15:56:00,785,785,785,785,0
2021-11-09 15:57:00,785,785,785,785,0
2021-11-09 15:58:00,785,785,785,785,0
2021-11-09 15:59:00,785,785,785,785,0
2021-11-10 09:00:00,790,785,795,795,0
2021-11-10 09:01:00,795,775,795,790,82600
2021-11-10 09:02:00,785,785,785,785,1800
2021-11-10 09:03:00,785,785,785,785,1400
2021-11-10 09:04:00,775,775,775,775,80000
2021-11-10 09:05:00,775,770,775,770,10200
2021-11-10 09:06:00,775,775,775,775,10600
2021-11-10 09:07:00,775,775,775,775,24500
2021-11-10 09:08:00,780,780,780,780,10100
2021-11-10 09:09:00,780,780,785,785,1100
2021-11-10 09:10:00,785,785,785,785,4500
2021-11-10 09:11:00,785,785,785,785,3000
2021-11-10 09:12:00,785,785,785,785,0
2021-11-10 09:13:00,785,785,785,785,5200
2021-11-10 09:14:00,785,785,785,785,0
2021-11-10 09:15:00,785,785,785,785,0
2021-11-10 09:16:00,785,785,785,785,1500
2021-11-10 09:17:00,785,785,785,785,1500
2021-11-10 09:18:00,785,785,785,785,1500
2021-11-10 09:19:00,785,785,785,785,1500
2021-11-10 09:20:00,785,785,785,785,1700
2021-11-10 09:21:00,780,780,785,785,1200
2021-11-10 09:22:00,785,785,785,785,1200
2021-11-10 09:23:00,785,785,785,785,100
2021-11-10 09:24:00,785,785,785,785,0
2021-11-10 09:25:00,785,785,785,785,1000
2021-11-10 09:26:00,785,785,785,785,1000
2021-11-10 09:27:00,785,785,785,785,1800
2021-11-10 09:28:00,785,785,785,785,1500
2021-11-10 09:29:00,785,785,785,785,1600
2021-11-10 09:30:00,785,785,785,785,1000
2021-11-10 09:31:00,785,785,785,785,59800
2021-11-10 09:32:00,785,785,785,785,85700
2021-11-10 09:33:00,785,785,785,785,102100
2021-11-10 09:34:00,785,785,785,785,53100
2021-11-10 09:35:00,785,785,785,785,149700
2021-11-10 09:36:00,785,785,785,785,78600
2021-11-10 09:37:00,785,785,785,785,113500
2021-11-10 09:38:00,785,785,785,785,103500
2021-11-10 09:39:00,785,785,785,785,128000
2021-11-10 09:40:00,785,785,785,785,108600
2021-11-10 09:41:00,785,785,785,785,116400
2021-11-10 09:42:00,785,785,785,785,124900
2021-11-10 09:43:00,785,785,785,785,75800
2021-11-10 09:44:00,785,785,785,785,85800
2021-11-10 09:45:00,785,785,785,785,131000
2021-11-10 09:46:00,785,785,785,785,131200
2021-11-10 09:47:00,785,785,785,785,146200
2021-11-10 09:48:00,785,785,785,785,10600
2021-11-10 09:49:00,785,785,790,790,15600
2021-11-10 09:50:00,790,790,790,790,15100
2021-11-10 09:51:00,790,790,790,790,0
2021-11-10 09:52:00,790,785,790,785,11000
2021-11-10 09:53:00,790,790,790,790,1600
2021-11-10 09:54:00,790,790,790,790,3100
2021-11-10 09:55:00,790,790,790,790,1000
2021-11-10 09:56:00,790,785,790,790,1800
2021-11-10 09:57:00,790,790,790,790,1700
2021-11-10 09:58:00,790,790,790,790,3300
2021-11-10 09:59:00,790,790,790,790,2000
2021-11-10 10:00:00,790,790,790,790,1400
2021-11-10 10:01:00,790,790,790,790,500
2021-11-10 10:02:00,790,790,790,790,0
2021-11-10 10:03:00,790,790,790,790,700
2021-11-10 10:04:00,785,785,790,790,7100
2021-11-10 10:05:00,790,790,790,790,200
2021-11-10 10:06:00,790,790,790,790,0
2021-11-10 10:07:00,790,790,790,790,0
2021-11-10 10:08:00,790,790,790,790,500
2021-11-10 10:09:00,790,790,790,790,300
2021-11-10 10:10:00,785,785,785,785,10000
2021-11-10 10:11:00,785,785,785,785,0
2021-11-10 10:12:00,790,790,790,790,300
2021-11-10 10:13:00,790,790,790,790,25900
2021-11-10 10:14:00,790,790,790,790,9200
2021-11-10 10:15:00,790,785,790,790,9700
2021-11-10 10:16:00,790,790,790,790,32500
2021-11-10 10:17:00,790,790,790,790,2700
2021-11-10 10:18:00,790,790,790,790,22000
2021-11-10 10:19:00,790,790,790,790,3700
2021-11-10 10:20:00,790,785,790,790,30600
2021-11-10 10:21:00,790,790,790,790,37800
2021-11-10 10:22:00,790,790,790,790,18800
2021-11-10 10:23:00,790,790,790,790,22800
2021-11-10 10:24:00,790,790,790,790,127900
2021-11-10 10:25:00,790,790,790,790,26100
2021-11-10 10:26:00,790,790,790,790,27800
2021-11-10 10:27:00,790,790,790,790,79900
2021-11-10 10:28:00,790,790,790,790,148800
2021-11-10 10:29:00,790,790,790,790,0
2021-11-10 10:30:00,790,790,790,790,200
2021-11-10 10:31:00,790,790,790,790,0
2021-11-10 10:32:00,790,790,790,790,300
2021-11-10 10:33:00,790,790,790,790,59500
2021-11-10 10:34:00,790,790,795,795,58700
2021-11-10 10:35:00,795,795,795,795,7100
2021-11-10 10:36:00,790,790,790,790,16500
2021-11-10 10:37:00,795,795,795,795,6500
2021-11-10 10:38:00,795,790,795,795,2300
2021-11-10 10:39:00,795,795,795,795,2100
2021-11-10 10:40:00,795,795,795,795,4900
2021-11-10 10:41:00,795,795,795,795,6300
2021-11-10 10:42:00,795,790,795,790,11300
2021-11-10 10:43:00,795,795,795,795,6300
2021-11-10 10:44:00,795,795,795,795,2700
2021-11-10 10:45:00,795,795,795,795,2700
2021-11-10 10:46:00,795,795,795,795,300
2021-11-10 10:47:00,795,795,795,795,3700
2021-11-10 10:48:00,795,795,795,795,6100
2021-11-10 10:49:00,795,795,795,795,3000
2021-11-10 10:50:00,795,790,795,795,52100
2021-11-10 10:51:00,795,790,795,795,0
2021-11-10 10:52:00,795,795,795,795,18200
2021-11-10 10:53:00,795,795,795,795,1500
2021-11-10 10:54:00,795,785,795,785,5200
2021-11-10 10:55:00,795,795,795,795,300
2021-11-10 10:56:00,790,790,790,790,1300
2021-11-10 10:57:00,790,790,790,790,200
2021-11-10 10:58:00,790,790,790,790,700
2021-11-10 10:59:00,790,790,790,790,59300
2021-11-10 11:00:00,790,790,790,790,76600
2021-11-10 11:01:00,790,790,790,790,127000
2021-11-10 11:02:00,790,790,790,790,199600
2021-11-10 11:03:00,790,790,790,790,147300
2021-11-10 11:04:00,790,790,790,790,81400
2021-11-10 11:05:00,790,790,790,790,143000
2021-11-10 11:06:00,790,785,790,790,174200
2021-11-10 11:07:00,790,790,795,790,7100
2021-11-10 11:08:00,795,795,795,795,208200
2021-11-10 11:09:00,795,795,795,795,75500
2021-11-10 11:10:00,795,795,795,795,247700
2021-11-10 11:11:00,795,795,800,800,100200
2021-11-10 11:12:00,800,800,800,800,2000
2021-11-10 11:13:00,795,795,795,795,102400
2021-11-10 11:14:00,795,795,795,795,6400
2021-11-10 11:15:00,795,795,795,795,0
2021-11-10 11:16:00,795,795,795,795,300
2021-11-10 11:17:00,795,790,795,795,4700
2021-11-10 11:18:00,795,790,795,795,0
2021-11-10 11:19:00,795,795,795,795,400
2021-11-10 11:20:00,795,795,795,795,300
2021-11-10 11:21:00,795,795,795,795,0
2021-11-10 11:22:00,795,795,795,795,500
2021-11-10 11:23:00,795,795,795,795,0
2021-11-10 11:24:00,795,795,795,795,300
2021-11-10 11:25:00,795,795,795,795,1000
2021-11-10 11:26:00,795,795,795,795,1700
2021-11-10 11:27:00,795,790,795,790,38200
2021-11-10 11:28:00,795,795,795,795,2600
2021-11-10 11:29:00,795,795,795,795,3700
2021-11-10 11:30:00,795,795,795,795,0
2021-11-10 11:31:00,795,795,795,795,0
2021-11-10 11:32:00,795,795,795,795,0
2021-11-10 11:33:00,795,795,795,795,0
2021-11-10 11:34:00,795,795,795,795,0
2021-11-10 11:35:00,795,795,795,795,0
2021-11-10 11:36:00,795,795,795,795,0
2021-11-10 11:37:00,795,795,795,795,0
2021-11-10 11:38:00,795,795,795,795,0
2021-11-10 11:39:00,795,795,795,795,0
2021-11-10 11:40:00,795,795,795,795,0
2021-11-10 11:41:00,795,795,795,795,0
2021-11-10 11:42:00,795,795,795,795,0
2021-11-10 11:43:00,795,795,795,795,0
2021-11-10 11:44:00,795,795,795,795,0
2021-11-10 11:45:00,795,795,795,795,0
2021-11-10 11:46:00,795,795,795,795,0
2021-11-10 11:47:00,795,795,795,795,0
2021-11-10 11:48:00,795,795,795,795,0
2021-11-10 11:49:00,795,795,795,795,0
2021-11-10 11:50:00,795,795,795,795,0
2021-11-10 11:51:00,795,795,795,795,0
2021-11-10 11:52:00,795,795,795,795,0
2021-11-10 11:53:00,795,795,795,795,0
2021-11-10 11:54:00,795,795,795,795,0
2021-11-10 11:55:00,795,795,795,795,0
2021-11-10 11:56:00,795,795,795,795,0
2021-11-10 11:57:00,795,795,795,795,0
2021-11-10 11:58:00,795,795,795,795,0
2021-11-10 11:59:00,795,795,795,795,0
2021-11-10 12:00:00,795,795,795,795,0
2021-11-10 12:01:00,795,795,795,795,0
2021-11-10 12:02:00,795,795,795,795,0
2021-11-10 12:03:00,795,795,795,795,0
2021-11-10 12:04:00,795,795,795,795,0
2021-11-10 12:05:00,795,795,795,795,0
2021-11-10 12:06:00,795,795,795,795,0
2021-11-10 12:07:00,795,795,795,795,0
2021-11-10 12:08:00,795,795,795,795,0
2021-11-10 12:09:00,795,795,795,795,0
2021-11-10 12:10:00,795,795,795,795,0
2021-11-10 12:11:00,795,795,795,795,0
2021-11-10 12:12:00,795,795,795,795,0
2021-11-10 12:13:00,795,795,795,795,0
2021-11-10 12:14:00,795,795,795,795,0
2021-11-10 12:15:00,795,795,795,795,0
2021-11-10 12:16:00,795,795,795,795,0
2021-11-10 12:17:00,795,795,795,795,0
2021-11-10 12:18:00,795,795,795,795,0
2021-11-10 12:19:00,795,795,795,795,0
2021-11-10 12:20:00,795,795,795,795,0
2021-11-10 12:21:00,795,795,795,795,0
2021-11-10 12:22:00,795,795,795,795,0
2021-11-10 12:23:00,795,795,795,795,0
2021-11-10 12:24:00,795,795,795,795,0
2021-11-10 12:25:00,795,795,795,795,0
2021-11-10 12:26:00,795,795,795,795,0
2021-11-10 12:27:00,795,795,795,795,0
2021-11-10 12:28:00,795,795,795,795,0
2021-11-10 12:29:00,795,795,795,795,0
2021-11-10 12:30:00,795,795,795,795,0
2021-11-10 12:31:00,795,795,795,795,0
2021-11-10 12:32:00,795,795,795,795,0
2021-11-10 12:33:00,795,795,795,795,0
2021-11-10 12:34:00,795,795,795,795,0
2021-11-10 12:35:00,795,795,795,795,0
2021-11-10 12:36:00,795,795,795,795,0
2021-11-10 12:37:00,795,795,795,795,0
2021-11-10 12:38:00,795,795,795,795,0
2021-11-10 12:39:00,795,795,795,795,0
2021-11-10 12:40:00,795,795,795,795,0
2021-11-10 12:41:00,795,795,795,795,0
2021-11-10 12:42:00,795,795,795,795,0
2021-11-10 12:43:00,795,795,795,795,0
2021-11-10 12:44:00,795,795,795,795,0
2021-11-10 12:45:00,795,795,795,795,0
2021-11-10 12:46:00,795,795,795,795,0
2021-11-10 12:47:00,795,795,795,795,0
2021-11-10 12:48:00,795,795,795,795,0
2021-11-10 12:49:00,795,795,795,795,0
2021-11-10 12:50:00,795,795,795,795,0
2021-11-10 12:51:00,795,795,795,795,0
2021-11-10 12:52:00,795,795,795,795,0
2021-11-10 12:53:00,795,795,795,795,0
2021-11-10 12:54:00,795,795,795,795,0
2021-11-10 12:55:00,795,795,795,795,0
2021-11-10 12:56:00,795,795,795,795,0
2021-11-10 12:57:00,795,795,795,795,0
2021-11-10 12:58:00,795,795,795,795,0
2021-11-10 12:59:00,795,795,795,795,0
2021-11-10 13:00:00,795,795,795,795,0
2021-11-10 13:01:00,795,795,795,795,0
2021-11-10 13:02:00,795,795,795,795,0
2021-11-10 13:03:00,795,795,795,795,0
2021-11-10 13:04:00,795,795,795,795,0
2021-11-10 13:05:00,795,795,795,795,0
2021-11-10 13:06:00,795,795,795,795,0
2021-11-10 13:07:00,795,795,795,795,0
2021-11-10 13:08:00,795,795,795,795,0
2021-11-10 13:09:00,795,795,795,795,0
2021-11-10 13:10:00,795,795,795,795,0
2021-11-10 13:11:00,795,795,795,795,0
2021-11-10 13:12:00,795,795,795,795,0
2021-11-10 13:13:00,795,795,795,795,0
2021-11-10 13:14:00,795,795,795,795,0
2021-11-10 13:15:00,795,795,795,795,0
2021-11-10 13:16:00,795,795,795,795,0
2021-11-10 13:17:00,795,795,795,795,0
2021-11-10 13:18:00,795,795,795,795,0
2021-11-10 13:19:00,795,795,795,795,0
2021-11-10 13:20:00,795,795,795,795,0
2021-11-10 13:21:00,795,795,795,795,0
2021-11-10 13:22:00,795,795,795,795,0
2021-11-10 13:23:00,795,795,795,795,0
2021-11-10 13:24:00,795,795,795,795,0
2021-11-10 13:25:00,795,795,795,795,0
2021-11-10 13:26:00,795,795,795,795,0
2021-11-10 13:27:00,795,795,795,795,0
2021-11-10 13:28:00,795,795,795,795,0
2021-11-10 13:29:00,795,795,795,795,0
2021-11-10 13:30:00,790,790,795,790,230800
2021-11-10 13:31:00,790,790,795,795,85400
2021-11-10 13:32:00,795,795,795,795,52500
2021-11-10 13:33:00,795,795,795,795,88800
2021-11-10 13:34:00,795,795,795,795,102800
2021-11-10 13:35:00,790,790,795,795,145900
2021-11-10 13:36:00,795,795,795,795,115500
2021-11-10 13:37:00,795,795,795,795,76900
2021-11-10 13:38:00,795,795,795,795,59000
2021-11-10 13:39:00,795,795,795,795,85000
2021-11-10 13:40:00,795,790,795,795,180000
2021-11-10 13:41:00,790,790,795,795,106800
2021-11-10 13:42:00,795,795,795,795,55800
2021-11-10 13:43:00,795,790,795,795,81200
2021-11-10 13:44:00,795,795,795,795,53300
2021-11-10 13:45:00,795,795,795,795,68700
2021-11-10 13:46:00,795,795,795,795,77500
2021-11-10 13:47:00,795,795,795,795,42800
2021-11-10 13:48:00,795,795,795,795,64200
2021-11-10 13:49:00,795,795,795,795,29600
2021-11-10 13:50:00,795,795,795,795,16900
2021-11-10 13:51:00,795,795,795,795,0
2021-11-10 13:52:00,795,795,795,795,76000
2021-11-10 13:53:00,795,795,795,795,500
2021-11-10 13:54:00,795,795,795,795,5000
2021-11-10 13:55:00,795,790,795,795,116900
2021-11-10 13:56:00,795,795,795,795,6900
2021-11-10 13:57:00,795,795,795,795,14100
2021-11-10 13:58:00,795,790,795,790,23500
2021-11-10 13:59:00,795,795,795,795,6300
2021-11-10 14:00:00,795,795,795,795,1100
2021-11-10 14:01:00,795,795,795,795,6300
2021-11-10 14:02:00,795,795,795,795,8600
2021-11-10 14:03:00,795,790,795,795,46000
2021-11-10 14:04:00,795,795,795,795,25300
2021-11-10 14:05:00,795,795,795,795,40500
2021-11-10 14:06:00,795,795,795,795,36500
2021-11-10 14:07:00,795,795,795,795,20000
2021-11-10 14:08:00,795,795,795,795,65000
2021-11-10 14:09:00,795,790,795,795,53000
2021-11-10 14:10:00,795,795,795,795,14000
2021-11-10 14:11:00,795,795,795,795,78300
2021-11-10 14:12:00,795,795,795,795,47600
2021-11-10 14:13:00,795,795,795,795,27400
2021-11-10 14:14:00,795,790,795,795,47600
2021-11-10 14:15:00,795,790,795,795,0
2021-11-10 14:16:00,795,790,795,795,0
2021-11-10 14:17:00,795,795,795,795,100
2021-11-10 14:18:00,795,795,795,795,0
2021-11-10 14:19:00,790,790,795,795,24500
2021-11-10 14:20:00,795,795,795,795,32800
2021-11-10 14:21:00,795,795,795,795,27100
2021-11-10 14:22:00,795,790,795,795,24000
2021-11-10 14:23:00,795,795,795,795,22000
2021-11-10 14:24:00,795,795,795,795,3000
2021-11-10 14:25:00,795,795,795,795,1000
2021-11-10 14:26:00,795,795,795,795,4300
2021-11-10 14:27:00,795,795,795,795,700
2021-11-10 14:28:00,795,795,795,795,6500
2021-11-10 14:29:00,790,790,790,790,20000
2021-11-10 14:30:00,795,795,795,795,5300
2021-11-10 14:31:00,795,795,795,795,700
2021-11-10 14:32:00,795,795,795,795,2400
2021-11-10 14:33:00,795,795,795,795,1600
2021-11-10 14:34:00,795,795,795,795,16600
2021-11-10 14:35:00,795,795,795,795,1600
2021-11-10 14:36:00,795,795,795,795,2700
2021-11-10 14:37:00,795,790,795,795,6800
2021-11-10 14:38:00,795,795,795,795,500
2021-11-10 14:39:00,795,795,795,795,700
2021-11-10 14:40:00,795,795,795,795,1400
2021-11-10 14:41:00,795,795,795,795,1000
2021-11-10 14:42:00,790,790,790,790,200
2021-11-10 14:43:00,795,790,795,795,22000
2021-11-10 14:44:00,790,790,795,795,18300
2021-11-10 14:45:00,795,795,795,795,1300
2021-11-10 14:46:00,795,790,795,795,10300
2021-11-10 14:47:00,795,795,795,795,1300
2021-11-10 14:48:00,795,795,795,795,1800
2021-11-10 14:49:00,795,795,795,795,53300
2021-11-10 14:50:00,795,795,795,795,0
2021-11-10 14:51:00,795,795,795,795,0
2021-11-10 14:52:00,795,795,795,795,0
2021-11-10 14:53:00,795,795,795,795,0
2021-11-10 14:54:00,795,795,795,795,0
2021-11-10 14:55:00,795,795,795,795,0
2021-11-10 14:56:00,795,795,795,795,0
2021-11-10 14:57:00,795,795,795,795,0
2021-11-10 14:58:00,795,795,795,795,0
2021-11-10 14:59:00,795,795,795,795,0
2021-11-10 15:00:00,795,795,795,795,177100
2021-11-10 15:01:00,795,795,795,795,0
2021-11-10 15:02:00,795,795,795,795,0
2021-11-10 15:03:00,795,795,795,795,0
2021-11-10 15:04:00,795,795,795,795,0
2021-11-10 15:05:00,795,795,795,795,2100
2021-11-10 15:06:00,795,795,795,795,0
2021-11-10 15:07:00,795,795,795,795,0
2021-11-10 15:08:00,795,795,795,795,4700
2021-11-10 15:09:00,795,795,795,795,0
2021-11-10 15:10:00,795,795,795,795,0
2021-11-10 15:11:00,795,795,795,795,0
2021-11-10 15:12:00,795,795,795,795,0
2021-11-10 15:13:00,795,795,795,795,0
2021-11-10 15:14:00,795,795,795,795,100
2021-11-10 15:15:00,795,795,795,795,0
2021-11-10 15:16:00,795,795,795,795,0
2021-11-10 15:17:00,795,795,795,795,0
2021-11-10 15:18:00,795,795,795,795,0
2021-11-10 15:19:00,795,795,795,795,0
2021-11-10 15:20:00,795,795,795,795,0
2021-11-10 15:21:00,795,795,795,795,0
2021-11-10 15:22:00,795,795,795,795,0
2021-11-10 15:23:00,795,795,795,795,0
2021-11-10 15:24:00,795,795,795,795,0
2021-11-10 15:25:00,795,795,795,795,0
2021-11-10 15:26:00,795,795,795,795,0
2021-11-10 15:27:00,795,795,795,795,0
2021-11-10 15:28:00,795,795,795,795,0
2021-11-10 15:29:00,795,795,795,795,0
2021-11-10 15:30:00,795,795,795,795,0
2021-11-10 15:31:00,795,795,795,795,0
2021-11-10 15:32:00,795,795,795,795,0
2021-11-10 15:33:00,795,795,795,795,0
2021-11-10 15:34:00,795,795,795,795,0
2021-11-10 15:35:00,795,795,795,795,0
2021-11-10 15:36:00,795,795,795,795,0
2021-11-10 15:37:00,795,795,795,795,0
2021-11-10 15:38:00,795,795,795,795,0
2021-11-10 15:39:00,795,795,795,795,0
2021-11-10 15:40:00,795,795,795,795,0
2021-11-10 15:41:00,795,795,795,795,0
2021-11-10 15:42:00,795,795,795,795,0
2021-11-10 15:43:00,795,795,795,795,0
2021-11-10 15:44:00,795,795,795,795,0
2021-11-10 15:45:00,795,795,795,795,0
2021-11-10 15:46:00,795,795,795,795,0
2021-11-10 15:47:00,795,795,795,795,0
2021-11-10 15:48:00,795,795,795,795,0
2021-11-10 15:49:00,795,795,795,795,0
2021-11-10 15:50:00,795,795,795,795,0
2021-11-10 15:51:00,795,795,795,795,0
2021-11-10 15:52:00,795,795,795,795,0
2021-11-10 15:53:00,795,795,795,795,0
2021-11-10 15:54:00,795,795,795,795,0
2021-11-10 15:55:00,795,795,795,795,0
2021-11-10 15:56:00,795,795,795,795,0
2021-11-10 15:57:00,795,795,795,795,0
2021-11-10 15:58:00,795,795,795,795,0
2021-11-10 15:59:00,795,795,795,795,0
2021-11-11 09:00:00,800,800,805,805,0
2021-11-11 09:01:00,805,800,805,800,21300
2021-11-11 09:02:00,800,800,805,805,17200
2021-11-11 09:03:00,800,800,805,800,24200
2021-11-11 09:04:00,800,800,800,800,3800
2021-11-11 09:05:00,800,795,800,800,9700
2021-11-11 09:06:00,795,795,800,800,5500
2021-11-11 09:07:00,800,800,800,800,35000
2021-11-11 09:08:00,800,800,800,800,36000
2021-11-11 09:09:00,800,800,800,800,42500
2021-11-11 09:10:00,800,800,800,800,87500
2021-11-11 09:11:00,800,800,800,800,34700
2021-11-11 09:12:00,800,800,800,800,31000
2021-11-11 09:13:00,800,800,800,800,32400
2021-11-11 09:14:00,795,795,800,800,53200
2021-11-11 09:15:00,800,795,800,800,67500
2021-11-11 09:16:00,800,800,800,800,40000
2021-11-11 09:17:00,800,800,800,800,50500
2021-11-11 09:18:00,800,800,800,800,32000
2021-11-11 09:19:00,800,800,800,800,86000
2021-11-11 09:20:00,800,800,800,800,126000
2021-11-11 09:21:00,800,800,800,800,16000
2021-11-11 09:22:00,795,795,795,795,2500
2021-11-11 09:23:00,795,795,795,795,0
2021-11-11 09:24:00,795,795,800,800,4300
2021-11-11 09:25:00,800,800,800,800,200
2021-11-11 09:26:00,800,800,800,800,0
2021-11-11 09:27:00,800,795,800,795,21100
2021-11-11 09:28:00,795,795,800,800,11500
2021-11-11 09:29:00,795,795,800,800,55100
2021-11-11 09:30:00,795,795,795,795,3800
2021-11-11 09:31:00,800,800,800,800,1000
2021-11-11 09:32:00,800,800,800,800,2200
2021-11-11 09:33:00,800,795,800,795,14000
2021-11-11 09:34:00,800,795,800,800,3000
2021-11-11 09:35:00,800,800,800,800,1000
2021-11-11 09:36:00,800,800,800,800,1400
2021-11-11 09:37:00,800,795,800,800,3000
2021-11-11 09:38:00,795,795,800,800,1100
2021-11-11 09:39:00,800,795,800,800,4100
2021-11-11 09:40:00,800,795,800,795,50800
2021-11-11 09:41:00,800,795,800,795,1800
2021-11-11 09:42:00,800,795,800,800,13200
2021-11-11 09:43:00,800,795,800,800,0
2021-11-11 09:44:00,800,800,800,800,800
2021-11-11 09:45:00,800,800,800,800,1000
2021-11-11 09:46:00,800,795,800,795,2400
2021-11-11 09:47:00,800,800,800,800,900
2021-11-11 09:48:00,800,800,800,800,400
2021-11-11 09:49:00,800,800,800,800,1200
2021-11-11 09:50:00,800,800,800,800,500
2021-11-11 09:51:00,800,800,800,800,0
2021-11-11 09:52:00,800,800,800,800,3000
2021-11-11 09:53:00,800,800,800,800,900
2021-11-11 09:54:00,800,800,800,800,0
2021-11-11 09:55:00,795,795,800,800,1200
2021-11-11 09:56:00,800,800,800,800,500
2021-11-11 09:57:00,800,800,800,800,900
2021-11-11 09:58:00,795,795,800,795,13300
2021-11-11 09:59:00,800,800,800,800,1100
2021-11-11 10:00:00,800,800,800,800,1000
2021-11-11 10:01:00,800,800,800,800,1200
2021-11-11 10:02:00,800,800,800,800,0
2021-11-11 10:03:00,800,800,800,800,0
2021-11-11 10:04:00,800,800,800,800,0
2021-11-11 10:05:00,800,800,800,800,0
2021-11-11 10:06:00,795,795,795,795,114300
2021-11-11 10:07:00,795,795,795,795,54100
2021-11-11 10:08:00,795,795,795,795,151500
2021-11-11 10:09:00,795,795,795,795,80500
2021-11-11 10:10:00,795,795,795,795,136400
2021-11-11 10:11:00,795,795,795,795,27000
2021-11-11 10:12:00,795,795,795,795,64600
2021-11-11 10:13:00,795,795,795,795,74500
2021-11-11 10:14:00,795,795,795,795,48000
2021-11-11 10:15:00,795,795,795,795,59500
2021-11-11 10:16:00,795,795,795,795,72600
2021-11-11 10:17:00,795,795,795,795,84700
2021-11-11 10:18:00,795,795,795,795,52000
2021-11-11 10:19:00,795,790,795,795,144000
2021-11-11 10:20:00,795,795,795,795,62000
2021-11-11 10:21:00,795,795,795,795,38100
2021-11-11 10:22:00,795,795,795,795,61000
2021-11-11 10:23:00,795,795,795,795,55400
2021-11-11 10:24:00,795,795,795,795,174100
2021-11-11 10:25:00,795,795,795,795,51000
2021-11-11 10:26:00,795,790,795,795,102500
2021-11-11 10:27:00,795,790,795,795,50000
2021-11-11 10:28:00,795,790,795,795,87400
2021-11-11 10:29:00,795,795,795,795,55100
2021-11-11 10:30:00,795,795,795,795,76500
2021-11-11 10:31:00,795,795,795,795,40000
2021-11-11 10:32:00,795,795,795,795,58500
2021-11-11 10:33:00,795,795,795,795,88000
2021-11-11 10:34:00,795,795,795,795,65000
2021-11-11 10:35:00,795,795,795,795,64300
2021-11-11 10:36:00,795,795,795,795,77100
2021-11-11 10:37:00,795,795,795,795,50000
2021-11-11 10:38:00,795,795,795,795,74200
2021-11-11 10:39:00,795,795,795,795,90000
2021-11-11 10:40:00,795,795,795,795,148000
2021-11-11 10:41:00,795,795,795,795,146400
2021-11-11 10:42:00,795,795,795,795,54100
2021-11-11 10:43:00,795,795,795,795,29000
2021-11-11 10:44:00,795,795,795,795,67300
2021-11-11 10:45:00,795,795,795,795,106400
2021-11-11 10:46:00,795,795,795,795,8300
2021-11-11 10:47:00,795,795,795,795,57500
2021-11-11 10:48:00,795,795,795,795,37500
2021-11-11 10:49:00,795,795,795,795,45000
2021-11-11 10:50:00,795,795,795,795,105600
2021-11-11 10:51:00,795,795,795,795,39700
2021-11-11 10:52:00,795,795,795,795,43800
2021-11-11 10:53:00,795,795,795,795,83700
2021-11-11 10:54:00,795,795,795,795,20300
2021-11-11 10:55:00,795,795,795,795,122000
2021-11-11 10:56:00,795,795,795,795,71000
2021-11-11 10:57:00,795,795,795,795,41500
2021-11-11 10:58:00,795,795,795,795,92500
2021-11-11 10:59:00,795,795,795,795,52900
2021-11-11 11:00:00,795,795,795,795,40500
2021-11-11 11:01:00,795,790,795,795,63100
2021-11-11 11:02:00,795,795,795,795,32500
2021-11-11 11:03:00,795,795,795,795,99000
2021-11-11 11:04:00,795,795,795,795,86100
2021-11-11 11:05:00,795,795,795,795,140400
2021-11-11 11:06:00,795,795,795,795,10000
2021-11-11 11:07:00,795,795,795,795,111500
2021-11-11 11:08:00,795,795,795,795,76600
2021-11-11 11:09:00,795,795,795,795,45900
2021-11-11 11:10:00,795,795,795,795,53600
2021-11-11 11:11:00,795,795,795,795,72700
2021-11-11 11:12:00,795,795,795,795,16700
2021-11-11 11:13:00,795,795,795,795,60000
2021-11-11 11:14:00,795,795,795,795,56400
2021-11-11 11:15:00,795,795,795,795,12100
2021-11-11 11:16:00,795,795,795,795,134500
2021-11-11 11:17:00,795,795,795,795,51500
2021-11-11 11:18:00,795,795,795,795,98600
2021-11-11 11:19:00,795,795,795,795,30900
2021-11-11 11:20:00,795,795,795,795,60100
2021-11-11 11:21:00,795,790,795,790,11500
2021-11-11 11:22:00,795,790,795,795,58600
2021-11-11 11:23:00,795,795,795,795,92200
2021-11-11 11:24:00,795,795,795,795,70100
2021-11-11 11:25:00,795,795,795,795,145100
2021-11-11 11:26:00,795,795,795,795,58600
2021-11-11 11:27:00,795,795,795,795,28400
2021-11-11 11:28:00,795,790,795,790,18900
2021-11-11 11:29:00,795,795,795,795,19000
2021-11-11 11:30:00,795,795,795,795,0
2021-11-11 11:31:00,795,795,795,795,0
2021-11-11 11:32:00,795,795,795,795,0
2021-11-11 11:33:00,795,795,795,795,0
2021-11-11 11:34:00,795,795,795,795,0
2021-11-11 11:35:00,795,795,795,795,0
2021-11-11 11:36:00,795,795,795,795,0
2021-11-11 11:37:00,795,795,795,795,0
2021-11-11 11:38:00,795,795,795,795,0
2021-11-11 11:39:00,795,795,795,795,0
2021-11-11 11:40:00,795,795,795,795,0
2021-11-11 11:41:00,795,795,795,795,0
2021-11-11 11:42:00,795,795,795,795,0
2021-11-11 11:43:00,795,795,795,795,0
2021-11-11 11:44:00,795,795,795,795,0
2021-11-11 11:45:00,795,795,795,795,0
2021-11-11 11:46:00,795,795,795,795,0
2021-11-11 11:47:00,795,795,795,795,0
2021-11-11 11:48:00,795,795,795,795,0
2021-11-11 11:49:00,795,795,795,795,0
2021-11-11 11:50:00,795,795,795,795,0
2021-11-11 11:51:00,795,795,795,795,0
2021-11-11 11:52:00,795,795,795,795,0
2021-11-11 11:53:00,795,795,795,795,0
2021-11-11 11:54:00,795,795,795,795,0
2021-11-11 11:55:00,795,795,795,795,0
2021-11-11 11:56:00,795,795,795,795,0
2021-11-11 11:57:00,795,795,795,795,0
2021-11-11 11:58:00,795,795,795,795,0
2021-11-11 11:59:00,795,795,795,795,0
2021-11-11 12:00:00,795,795,795,795,0
2021-11-11 12:01:00,795,795,795,795,0
2021-11-11 12:02:00,795,795,795,795,0
2021-11-11 12:03:00,795,795,795,795,0
2021-11-11 12:04:00,795,795,795,795,0
2021-11-11 12:05:00,795,795,795,795,0
2021-11-11 12:06:00,795,795,795,795,0
2021-11-11 12:07:00,795,795,795,795,0
2021-11-11 12:08:00,795,795,795,795,0
2021-11-11 12:09:00,795,795,795,795,0
2021-11-11 12:10:00,795,795,795,795,0
2021-11-11 12:11:00,795,795,795,795,0
2021-11-11 12:12:00,795,795,795,795,0
2021-11-11 12:13:00,795,795,795,795,0
2021-11-11 12:14:00,795,795,795,795,0
2021-11-11 12:15:00,795,795,795,795,0
2021-11-11 12:16:00,795,795,795,795,0
2021-11-11 12:17:00,795,795,795,795,0
2021-11-11 12:18:00,795,795,795,795,0
2021-11-11 12:19:00,795,795,795,795,0
2021-11-11 12:20:00,795,795,795,795,0
2021-11-11 12:21:00,795,795,795,795,0
2021-11-11 12:22:00,795,795,795,795,0
2021-11-11 12:23:00,795,795,795,795,0
2021-11-11 12:24:00,795,795,795,795,0
2021-11-11 12:25:00,795,795,795,795,0
2021-11-11 12:26:00,795,795,795,795,0
2021-11-11 12:27:00,795,795,795,795,0
2021-11-11 12:28:00,795,795,795,795,0
2021-11-11 12:29:00,795,795,795,795,0
2021-11-11 12:30:00,795,795,795,795,0
2021-11-11 12:31:00,795,795,795,795,0
2021-11-11 12:32:00,795,795,795,795,0
2021-11-11 12:33:00,795,795,795,795,0
2021-11-11 12:34:00,795,795,795,795,0
2021-11-11 12:35:00,795,795,795,795,0
2021-11-11 12:36:00,795,795,795,795,0
2021-11-11 12:37:00,795,795,795,795,0
2021-11-11 12:38:00,795,795,795,795,0
2021-11-11 12:39:00,795,795,795,795,0
2021-11-11 12:40:00,795,795,795,795,0
2021-11-11 12:41:00,795,795,795,795,0
2021-11-11 12:42:00,795,795,795,795,0
2021-11-11 12:43:00,795,795,795,795,0
2021-11-11 12:44:00,795,795,795,795,0
2021-11-11 12:45:00,795,795,795,795,0
2021-11-11 12:46:00,795,795,795,795,0
2021-11-11 12:47:00,795,795,795,795,0
2021-11-11 12:48:00,795,795,795,795,0
2021-11-11 12:49:00,795,795,795,795,0
2021-11-11 12:50:00,795,795,795,795,0
2021-11-11 12:51:00,795,795,795,795,0
2021-11-11 12:52:00,795,795,795,795,0
2021-11-11 12:53:00,795,795,795,795,0
2021-11-11 12:54:00,795,795,795,795,0
2021-11-11 12:55:00,795,795,795,795,0
2021-11-11 12:56:00,795,795,795,795,0
2021-11-11 12:57:00,795,795,795,795,0
2021-11-11 12:58:00,795,795,795,795,0
2021-11-11 12:59:00,795,795,795,795,0
2021-11-11 13:00:00,795,795,795,795,0
2021-11-11 13:01:00,795,795,795,795,0
2021-11-11 13:02:00,795,795,795,795,0
2021-11-11 13:03:00,795,795,795,795,0
2021-11-11 13:04:00,795,795,795,795,0
2021-11-11 13:05:00,795,795,795,795,0
2021-11-11 13:06:00,795,795,795,795,0
2021-11-11 13:07:00,795,795,795,795,0
2021-11-11 13:08:00,795,795,795,795,0
2021-11-11 13:09:00,795,795,795,795,0
2021-11-11 13:10:00,795,795,795,795,0
2021-11-11 13:11:00,795,795,795,795,0
2021-11-11 13:12:00,795,795,795,795,0
2021-11-11 13:13:00,795,795,795,795,0
2021-11-11 13:14:00,795,795,795,795,0
2021-11-11 13:15:00,795,795,795,795,0
2021-11-11 13:16:00,795,795,795,795,0
2021-11-11 13:17:00,795,795,795,795,0
2021-11-11 13:18:00,795,795,795,795,0
2021-11-11 13:19:00,795,795,795,795,0
2021-11-11 13:20:00,795,795,795,795,0
2021-11-11 13:21:00,795,795,795,795,0
2021-11-11 13:22:00,795,795,795,795,0
2021-11-11 13:23:00,795,795,795,795,0
2021-11-11 13:24:00,795,795,795,795,0
2021-11-11 13:25:00,795,795,795,795,0
2021-11-11 13:26:00,795,795,795,795,0
2021-11-11 13:27:00,795,795,795,795,0
2021-11-11 13:28:00,795,795,795,795,0
2021-11-11 13:29:00,795,795,795,795,0
2021-11-11 13:30:00,795,790,795,795,113900
2021-11-11 13:31:00,795,795,800,800,50200
2021-11-11 13:32:00,800,800,800,800,1500
2021-11-11 13:33:00,800,800,800,800,3200
2021-11-11 13:34:00,800,800,800,800,28600
2021-11-11 13:35:00,800,800,800,800,1400
2021-11-11 13:36:00,800,800,800,800,15000
2021-11-11 13:37:00,800,800,800,800,0
2021-11-11 13:38:00,795,795,795,795,12800
2021-11-11 13:39:00,795,795,800,800,9100
2021-11-11 13:40:00,800,795,800,795,6500
2021-11-11 13:41:00,795,795,795,795,68700
2021-11-11 13:42:00,795,790,795,790,5100
2021-11-11 13:43:00,795,795,795,795,28200
2021-11-11 13:44:00,795,795,795,795,35500
2021-11-11 13:45:00,795,795,795,795,36000
2021-11-11 13:46:00,795,795,795,795,93600
2021-11-11 13:47:00,795,795,795,795,23400
2021-11-11 13:48:00,795,795,795,795,33800
2021-11-11 13:49:00,795,795,795,795,55700
2021-11-11 13:50:00,795,795,795,795,6200
2021-11-11 13:51:00,795,795,795,795,0
2021-11-11 13:52:00,795,795,795,795,13800
2021-11-11 13:53:00,795,795,795,795,5000
2021-11-11 13:54:00,795,795,795,795,10000
2021-11-11 13:55:00,795,790,795,790,52600
2021-11-11 13:56:00,790,790,795,795,12000
2021-11-11 13:57:00,795,795,795,795,44800
2021-11-11 13:58:00,795,795,795,795,20700
2021-11-11 13:59:00,795,790,795,795,18100
2021-11-11 14:00:00,795,795,795,795,2200
2021-11-11 14:01:00,795,795,795,795,3300
2021-11-11 14:02:00,795,795,795,795,28700
2021-11-11 14:03:00,795,795,795,795,3200
2021-11-11 14:04:00,795,795,795,795,14300
2021-11-11 14:05:00,790,790,795,795,23500
2021-11-11 14:06:00,795,795,795,795,11400
2021-11-11 14:07:00,795,795,795,795,25900
2021-11-11 14:08:00,795,795,795,795,14200
2021-11-11 14:09:00,795,795,795,795,18100
2021-11-11 14:10:00,790,790,790,790,20900
2021-11-11 14:11:00,790,790,790,790,10200
2021-11-11 14:12:00,790,790,790,790,5600
2021-11-11 14:13:00,790,790,790,790,1300
2021-11-11 14:14:00,790,790,790,790,1200
2021-11-11 14:15:00,790,790,790,790,1300
2021-11-11 14:16:00,790,790,790,790,600
2021-11-11 14:17:00,785,785,790,790,4100
2021-11-11 14:18:00,790,790,790,790,8800
2021-11-11 14:19:00,795,795,795,795,3800
2021-11-11 14:20:00,795,795,795,795,800
2021-11-11 14:21:00,790,790,795,795,18600
2021-11-11 14:22:00,795,790,795,790,2900
2021-11-11 14:23:00,790,790,790,790,3100
2021-11-11 14:24:00,790,790,790,790,6000
2021-11-11 14:25:00,790,785,790,790,6800
2021-11-11 14:26:00,790,790,790,790,2600
2021-11-11 14:27:00,790,790,790,790,1800
2021-11-11 14:28:00,790,790,790,790,2800
2021-11-11 14:29:00,790,790,790,790,1300
2021-11-11 14:30:00,790,790,790,790,1000
2021-11-11 14:31:00,790,790,790,790,1300
2021-11-11 14:32:00,790,790,795,795,26400
2021-11-11 14:33:00,795,795,795,795,1100
2021-11-11 14:34:00,795,790,795,795,3300
2021-11-11 14:35:00,795,795,795,795,20900
2021-11-11 14:36:00,795,790,795,790,1600
2021-11-11 14:37:00,795,795,795,795,2100
2021-11-11 14:38:00,790,790,790,790,12400
2021-11-11 14:39:00,790,790,790,790,1500
2021-11-11 14:40:00,790,790,790,790,6200
2021-11-11 14:41:00,785,785,790,790,2800
2021-11-11 14:42:00,790,790,790,790,5800
2021-11-11 14:43:00,790,790,790,790,0
2021-11-11 14:44:00,790,790,790,790,3800
2021-11-11 14:45:00,790,790,790,790,800
2021-11-11 14:46:00,790,785,790,790,3500
2021-11-11 14:47:00,790,790,790,790,1900
2021-11-11 14:48:00,790,785,790,790,16000
2021-11-11 14:49:00,790,790,795,795,25800
2021-11-11 14:50:00,795,795,795,795,1000
2021-11-11 14:51:00,795,795,795,795,0
2021-11-11 14:52:00,795,795,795,795,0
2021-11-11 14:53:00,795,795,795,795,0
2021-11-11 14:54:00,795,795,795,795,0
2021-11-11 14:55:00,795,795,795,795,0
2021-11-11 14:56:00,795,795,795,795,0
2021-11-11 14:57:00,795,795,795,795,0
2021-11-11 14:58:00,795,795,795,795,0
2021-11-11 14:59:00,795,795,795,795,0
2021-11-11 15:00:00,795,795,795,795,134900
2021-11-11 15:01:00,795,795,795,795,0
2021-11-11 15:02:00,795,795,795,795,0
2021-11-11 15:03:00,795,795,795,795,0
2021-11-11 15:04:00,795,795,795,795,0
2021-11-11 15:05:00,795,795,795,795,100
2021-11-11 15:06:00,795,795,795,795,0
2021-11-11 15:07:00,795,795,795,795,0
2021-11-11 15:08:00,795,795,795,795,0
2021-11-11 15:09:00,795,795,795,795,0
2021-11-11 15:10:00,795,795,795,795,0
2021-11-11 15:11:00,795,795,795,795,500
2021-11-11 15:12:00,795,795,795,795,0
2021-11-11 15:13:00,795,795,795,795,0
2021-11-11 15:14:00,795,795,795,795,0
2021-11-11 15:15:00,795,795,795,795,0
2021-11-11 15:16:00,795,795,795,795,0
2021-11-11 15:17:00,795,795,795,795,0
2021-11-11 15:18:00,795,795,795,795,0
2021-11-11 15:19:00,795,795,795,795,0
2021-11-11 15:20:00,795,795,795,795,0
2021-11-11 15:21:00,795,795,795,795,0
2021-11-11 15:22:00,795,795,795,795,0
2021-11-11 15:23:00,795,795,795,795,0
2021-11-11 15:24:00,795,795,795,795,0
2021-11-11 15:25:00,795,795,795,795,0
2021-11-11 15:26:00,795,795,795,795,0
2021-11-11 15:27:00,795,795,795,795,0
2021-11-11 15:28:00,795,795,795,795,0
2021-11-11 15:29:00,795,795,795,795,0
2021-11-11 15:30:00,795,795,795,795,0
2021-11-11 15:31:00,795,795,795,795,0
2021-11-11 15:32:00,795,795,795,795,0
2021-11-11 15:33:00,795,795,795,795,0
2021-11-11 15:34:00,795,795,795,795,0
2021-11-11 15:35:00,795,795,795,795,0
2021-11-11 15:36:00,795,795,795,795,0
2021-11-11 15:37:00,795,795,795,795,0
2021-11-11 15:38:00,795,795,795,795,0
2021-11-11 15:39:00,795,795,795,795,0
2021-11-11 15:40:00,795,795,795,795,0
2021-11-11 15:41:00,795,795,795,795,0
2021-11-11 15:42:00,795,795,795,795,0
2021-11-11 15:43:00,795,795,795,795,0
2021-11-11 15:44:00,795,795,795,795,0
2021-11-11 15:45:00,795,795,795,795,0
2021-11-11 15:46:00,795,795,795,795,0
2021-11-11 15:47:00,795,795,795,795,0
2021-11-11 15:48:00,795,795,795,795,0
2021-11-11 15:49:00,795,795,795,795,0
2021-11-11 15:50:00,795,795,795,795,0
2021-11-11 15:51:00,795,795,795,795,0
2021-11-11 15:52:00,795,795,795,795,0
2021-11-11 15:53:00,795,795,795,795,0
2021-11-11 15:54:00,795,795,795,795,0
2021-11-11 15:55:00,795,795,795,795,0
2021-11-11 15:56:00,795,795,795,795,0
2021-11-11 15:57:00,795,795,795,795,0
2021-11-11 15:58:00,795,795,795,795,0
2021-11-11 15:59:00,795,795,795,795,0
2021-11-12 09:00:00,800,800,800,800,0
2021-11-12 09:01:00,800,800,800,800,52000
2021-11-12 09:02:00,800,800,800,800,40500
2021-11-12 09:03:00,800,800,800,800,500
2021-11-12 09:04:00,800,795,800,795,20500
2021-11-12 09:05:00,800,795,800,795,12600
2021-11-12 09:06:00,800,795,800,795,0
2021-11-12 09:07:00,795,795,795,795,19800
2021-11-12 09:08:00,795,795,795,795,0
2021-11-12 09:09:00,795,795,795,795,0
2021-11-12 09:10:00,795,795,795,795,2700
2021-11-12 09:11:00,795,790,795,790,2600
2021-11-12 09:12:00,795,790,795,790,0
2021-11-12 09:13:00,795,790,795,790,0
2021-11-12 09:14:00,795,790,795,790,0
2021-11-12 09:15:00,790,790,790,790,19300
2021-11-12 09:16:00,790,790,790,790,7800
2021-11-12 09:17:00,795,795,795,795,40000
2021-11-12 09:18:00,795,795,795,795,0
2021-11-12 09:19:00,795,790,795,795,72700
2021-11-12 09:20:00,795,795,795,795,26500
2021-11-12 09:21:00,795,795,795,795,73600
2021-11-12 09:22:00,795,795,795,795,20900
2021-11-12 09:23:00,795,795,795,795,120700
2021-11-12 09:24:00,795,795,795,795,133700
2021-11-12 09:25:00,795,795,795,795,2800
2021-11-12 09:26:00,795,795,795,795,123200
2021-11-12 09:27:00,795,795,795,795,106600
2021-11-12 09:28:00,795,790,795,795,74100
2021-11-12 09:29:00,790,790,795,795,180200
2021-11-12 09:30:00,795,795,795,795,25900
2021-11-12 09:31:00,795,795,795,795,124900
2021-11-12 09:32:00,795,795,795,795,67500
2021-11-12 09:33:00,795,795,795,795,111600
2021-11-12 09:34:00,795,795,795,795,4500
2021-11-12 09:35:00,795,795,795,795,140000
2021-11-12 09:36:00,795,790,795,795,111100
2021-11-12 09:37:00,795,790,795,795,133500
2021-11-12 09:38:00,795,795,795,795,50000
2021-11-12 09:39:00,795,795,795,795,114100
2021-11-12 09:40:00,795,790,795,795,66000
2021-11-12 09:41:00,795,795,795,795,57500
2021-11-12 09:42:00,795,795,795,795,2000
2021-11-12 09:43:00,795,795,795,795,0
2021-11-12 09:44:00,790,790,795,795,3200
2021-11-12 09:45:00,795,790,795,790,1300
2021-11-12 09:46:00,795,795,795,795,300
2021-11-12 09:47:00,790,790,795,795,3700
2021-11-12 09:48:00,790,790,795,795,0
2021-11-12 09:49:00,795,795,795,795,24000
2021-11-12 09:50:00,795,795,795,795,5600
2021-11-12 09:51:00,795,795,795,795,0
2021-11-12 09:52:00,795,795,795,795,2000
2021-11-12 09:53:00,795,795,795,795,1700
2021-11-12 09:54:00,795,795,795,795,500
2021-11-12 09:55:00,795,795,795,795,1000
2021-11-12 09:56:00,795,795,795,795,1500
2021-11-12 09:57:00,795,795,795,795,1500
2021-11-12 09:58:00,795,795,795,795,1400
2021-11-12 09:59:00,795,795,795,795,2500
2021-11-12 10:00:00,795,795,795,795,1900
2021-11-12 10:01:00,795,795,795,795,300
2021-11-12 10:02:00,795,795,795,795,600
2021-11-12 10:03:00,795,795,795,795,700
2021-11-12 10:04:00,795,795,795,795,500
2021-11-12 10:05:00,795,795,795,795,0
2021-11-12 10:06:00,795,795,795,795,500
2021-11-12 10:07:00,790,790,795,795,1300
2021-11-12 10:08:00,790,790,795,795,0
2021-11-12 10:09:00,795,795,795,795,200
2021-11-12 10:10:00,795,795,795,795,10000
2021-11-12 10:11:00,795,795,795,795,0
2021-11-12 10:12:00,790,790,795,795,4700
2021-11-12 10:13:00,795,795,795,795,7000
2021-11-12 10:14:00,795,795,795,795,4000
2021-11-12 10:15:00,795,795,795,795,1400
2021-11-12 10:16:00,795,795,795,795,4200
2021-11-12 10:17:00,795,795,795,795,400
2021-11-12 10:18:00,795,795,795,795,13500
2021-11-12 10:19:00,795,790,795,790,15200
2021-11-12 10:20:00,790,790,790,790,200
2021-11-12 10:21:00,790,790,790,790,100
2021-11-12 10:22:00,790,790,790,790,0
2021-11-12 10:23:00,790,790,790,790,400
2021-11-12 10:24:00,790,790,790,790,0
2021-11-12 10:25:00,790,790,790,790,0
2021-11-12 10:26:00,790,785,790,790,600
2021-11-12 10:27:00,790,785,790,790,0
2021-11-12 10:28:00,790,785,790,790,0
2021-11-12 10:29:00,790,790,790,790,500
2021-11-12 10:30:00,790,790,790,790,0
2021-11-12 10:31:00,785,785,790,790,500
2021-11-12 10:32:00,785,785,790,790,0
2021-11-12 10:33:00,790,790,790,790,200
2021-11-12 10:34:00,790,790,790,790,0
2021-11-12 10:35:00,785,785,785,785,43500
2021-11-12 10:36:00,785,785,785,785,0
2021-11-12 10:37:00,785,785,785,785,4000
2021-11-12 10:38:00,785,785,785,785,0
2021-11-12 10:39:00,785,785,785,785,22800
2021-11-12 10:40:00,790,790,790,790,200
2021-11-12 10:41:00,790,790,790,790,0
2021-11-12 10:42:00,790,790,790,790,700
2021-11-12 10:43:00,790,790,790,790,1900
2021-11-12 10:44:00,790,790,790,790,7100
2021-11-12 10:45:00,790,790,790,790,1300
2021-11-12 10:46:00,790,790,790,790,1900
2021-11-12 10:47:00,790,790,790,790,2200
2021-11-12 10:48:00,790,790,790,790,900
2021-11-12 10:49:00,790,790,790,790,600
2021-11-12 10:50:00,790,790,790,790,2200
2021-11-12 10:51:00,790,790,790,790,0
2021-11-12 10:52:00,790,790,790,790,800
2021-11-12 10:53:00,790,790,790,790,300
2021-11-12 10:54:00,790,790,790,790,1200
2021-11-12 10:55:00,790,790,790,790,1700
2021-11-12 10:56:00,790,790,790,790,900
2021-11-12 10:57:00,790,790,790,790,1600
2021-11-12 10:58:00,790,790,790,790,300
2021-11-12 10:59:00,790,790,790,790,2400
2021-11-12 11:00:00,790,790,790,790,1200
2021-11-12 11:01:00,790,790,790,790,700
2021-11-12 11:02:00,790,790,790,790,0
2021-11-12 11:03:00,790,790,790,790,800
2021-11-12 11:04:00,790,790,790,790,1100
2021-11-12 11:05:00,790,785,790,790,3400
2021-11-12 11:06:00,790,790,790,790,400
2021-11-12 11:07:00,790,790,790,790,0
2021-11-12 11:08:00,790,790,790,790,20700
2021-11-12 11:09:00,790,790,790,790,200
2021-11-12 11:10:00,790,790,790,790,0
2021-11-12 11:11:00,790,790,790,790,0
2021-11-12 11:12:00,790,790,790,790,500
2021-11-12 11:13:00,790,790,790,790,700
2021-11-12 11:14:00,785,785,790,790,3000
2021-11-12 11:15:00,790,790,790,790,15500
2021-11-12 11:16:00,790,790,790,790,700
2021-11-12 11:17:00,790,790,790,790,300
2021-11-12 11:18:00,790,785,790,790,4200
2021-11-12 11:19:00,790,785,790,785,1500
2021-11-12 11:20:00,790,790,790,790,800
2021-11-12 11:21:00,790,785,790,790,2300
2021-11-12 11:22:00,790,790,790,790,900
2021-11-12 11:23:00,790,790,790,790,1300
2021-11-12 11:24:00,785,785,790,790,11000
2021-11-12 11:25:00,790,790,790,790,200
2021-11-12 11:26:00,790,790,790,790,600
2021-11-12 11:27:00,790,790,790,790,1400
2021-11-12 11:28:00,790,790,790,790,1000
2021-11-12 11:29:00,790,790,790,790,800
2021-11-12 11:30:00,790,790,790,790,0
2021-11-12 11:31:00,790,790,790,790,0
2021-11-12 11:32:00,790,790,790,790,0
2021-11-12 11:33:00,790,790,790,790,0
2021-11-12 11:34:00,790,790,790,790,0
2021-11-12 11:35:00,790,790,790,790,0
2021-11-12 11:36:00,790,790,790,790,0
2021-11-12 11:37:00,790,790,790,790,0
2021-11-12 11:38:00,790,790,790,790,0
2021-11-12 11:39:00,790,790,790,790,0
2021-11-12 11:40:00,790,790,790,790,0
2021-11-12 11:41:00,790,790,790,790,0
2021-11-12 11:42:00,790,790,790,790,0
2021-11-12 11:43:00,790,790,790,790,0
2021-11-12 11:44:00,790,790,790,790,0
2021-11-12 11:45:00,790,790,790,790,0
2021-11-12 11:46:00,790,790,790,790,0
2021-11-12 11:47:00,790,790,790,790,0
2021-11-12 11:48:00,790,790,790,790,0
2021-11-12 11:49:00,790,790,790,790,0
2021-11-12 11:50:00,790,790,790,790,0
2021-11-12 11:51:00,790,790,790,790,0
2021-11-12 11:52:00,790,790,790,790,0
2021-11-12 11:53:00,790,790,790,790,0
2021-11-12 11:54:00,790,790,790,790,0
2021-11-12 11:55:00,790,790,790,790,0
2021-11-12 11:56:00,790,790,790,790,0
2021-11-12 11:57:00,790,790,790,790,0
2021-11-12 11:58:00,790,790,790,790,0
2021-11-12 11:59:00,790,790,790,790,0
2021-11-12 12:00:00,790,790,790,790,0
2021-11-12 12:01:00,790,790,790,790,0
2021-11-12 12:02:00,790,790,790,790,0
2021-11-12 12:03:00,790,790,790,790,0
2021-11-12 12:04:00,790,790,790,790,0
2021-11-12 12:05:00,790,790,790,790,0
2021-11-12 12:06:00,790,790,790,790,0
2021-11-12 12:07:00,790,790,790,790,0
2021-11-12 12:08:00,790,790,790,790,0
2021-11-12 12:09:00,790,790,790,790,0
2021-11-12 12:10:00,790,790,790,790,0
2021-11-12 12:11:00,790,790,790,790,0
2021-11-12 12:12:00,790,790,790,790,0
2021-11-12 12:13:00,790,790,790,790,0
2021-11-12 12:14:00,790,790,790,790,0
2021-11-12 12:15:00,790,790,790,790,0
2021-11-12 12:16:00,790,790,790,790,0
2021-11-12 12:17:00,790,790,790,790,0
2021-11-12 12:18:00,790,790,790,790,0
2021-11-12 12:19:00,790,790,790,790,0
2021-11-12 12:20:00,790,790,790,790,0
2021-11-12 12:21:00,790,790,790,790,0
2021-11-12 12:22:00,790,790,790,790,0
2021-11-12 12:23:00,790,790,790,790,0
2021-11-12 12:24:00,790,790,790,790,0
2021-11-12 12:25:00,790,790,790,790,0
2021-11-12 12:26:00,790,790,790,790,0
2021-11-12 12:27:00,790,790,790,790,0
2021-11-12 12:28:00,790,790,790,790,0
2021-11-12 12:29:00,790,790,790,790,0
2021-11-12 12:30:00,790,790,790,790,0
2021-11-12 12:31:00,790,790,790,790,0
2021-11-12 12:32:00,790,790,790,790,0
2021-11-12 12:33:00,790,790,790,790,0
2021-11-12 12:34:00,790,790,790,790,0
2021-11-12 12:35:00,790,790,790,790,0
2021-11-12 12:36:00,790,790,790,790,0
2021-11-12 12:37:00,790,790,790,790,0
2021-11-12 12:38:00,790,790,790,790,0
2021-11-12 12:39:00,790,790,790,790,0
2021-11-12 12:40:00,790,790,790,790,0
2021-11-12 12:41:00,790,790,790,790,0
2021-11-12 12:42:00,790,790,790,790,0
2021-11-12 12:43:00,790,790,790,790,0
2021-11-12 12:44:00,790,790,790,790,0
2021-11-12 12:45:00,790,790,790,790,0
2021-11-12 12:46:00,790,790,790,790,0
2021-11-12 12:47:00,790,790,790,790,0
2021-11-12 12:48:00,790,790,790,790,0
2021-11-12 12:49:00,790,790,790,790,0
2021-11-12 12:50:00,790,790,790,790,0
2021-11-12 12:51:00,790,790,790,790,0
2021-11-12 12:52:00,790,790,790,790,0
2021-11-12 12:53:00,790,790,790,790,0
2021-11-12 12:54:00,790,790,790,790,0
2021-11-12 12:55:00,790,790,790,790,0
2021-11-12 12:56:00,790,790,790,790,0
2021-11-12 12:57:00,790,790,790,790,0
2021-11-12 12:58:00,790,790,790,790,0
2021-11-12 12:59:00,790,790,790,790,0
2021-11-12 13:00:00,790,790,790,790,0
2021-11-12 13:01:00,790,790,790,790,0
2021-11-12 13:02:00,790,790,790,790,0
2021-11-12 13:03:00,790,790,790,790,0
2021-11-12 13:04:00,790,790,790,790,0
2021-11-12 13:05:00,790,790,790,790,0
2021-11-12 13:06:00,790,790,790,790,0
2021-11-12 13:07:00,790,790,790,790,0
2021-11-12 13:08:00,790,790,790,790,0
2021-11-12 13:09:00,790,790,790,790,0
2021-11-12 13:10:00,790,790,790,790,0
2021-11-12 13:11:00,790,790,790,790,0
2021-11-12 13:12:00,790,790,790,790,0
2021-11-12 13:13:00,790,790,790,790,0
2021-11-12 13:14:00,790,790,790,790,0
2021-11-12 13:15:00,790,790,790,790,0
2021-11-12 13:16:00,790,790,790,790,0
2021-11-12 13:17:00,790,790,790,790,0
2021-11-12 13:18:00,790,790,790,790,0
2021-11-12 13:19:00,790,790,790,790,0
2021-11-12 13:20:00,790,790,790,790,0
2021-11-12 13:21:00,790,790,790,790,0
2021-11-12 13:22:00,790,790,790,790,0
2021-11-12 13:23:00,790,790,790,790,0
2021-11-12 13:24:00,790,790,790,790,0
2021-11-12 13:25:00,790,790,790,790,0
2021-11-12 13:26:00,790,790,790,790,0
2021-11-12 13:27:00,790,790,790,790,0
2021-11-12 13:28:00,790,790,790,790,0
2021-11-12 13:29:00,790,790,790,790,0
2021-11-12 13:30:00,790,790,790,790,0
2021-11-12 13:31:00,790,790,790,790,0
2021-11-12 13:32:00,790,790,790,790,700
2021-11-12 13:33:00,790,790,790,790,1300
2021-11-12 13:34:00,790,785,790,790,3000
2021-11-12 13:35:00,790,790,790,790,5900
2021-11-12 13:36:00,790,790,790,790,1200
2021-11-12 13:37:00,790,790,790,790,1700
2021-11-12 13:38:00,785,785,790,790,3700
2021-11-12 13:39:00,790,785,790,790,3600
2021-11-12 13:40:00,790,790,790,790,5200
2021-11-12 13:41:00,790,790,790,790,400
2021-11-12 13:42:00,790,790,790,790,1700
2021-11-12 13:43:00,790,790,790,790,0
2021-11-12 13:44:00,790,790,790,790,4000
2021-11-12 13:45:00,790,790,790,790,400
2021-11-12 13:46:00,790,790,790,790,200
2021-11-12 13:47:00,790,790,790,790,1000
2021-11-12 13:48:00,790,790,790,790,700
2021-11-12 13:49:00,790,790,790,790,2200
2021-11-12 13:50:00,790,785,790,785,12400
2021-11-12 13:51:00,790,785,790,785,0
2021-11-12 13:52:00,785,785,785,785,37700
2021-11-12 13:53:00,785,785,785,785,5000
2021-11-12 13:54:00,785,785,785,785,8900
2021-11-12 13:55:00,790,790,790,790,200
2021-11-12 13:56:00,790,790,790,790,300
2021-11-12 13:57:00,785,785,785,785,9900
2021-11-12 13:58:00,785,785,785,785,10100
2021-11-12 13:59:00,785,785,785,785,60000
2021-11-12 14:00:00,785,785,785,785,0
2021-11-12 14:01:00,785,785,790,790,44500
2021-11-12 14:02:00,790,790,790,790,48700
2021-11-12 14:03:00,790,790,790,790,39100
2021-11-12 14:04:00,790,785,790,790,81900
2021-11-12 14:05:00,790,790,790,790,49000
2021-11-12 14:06:00,790,790,790,790,79000
2021-11-12 14:07:00,790,790,790,790,83300
2021-11-12 14:08:00,790,790,790,790,2200
2021-11-12 14:09:00,790,790,790,790,62600
2021-11-12 14:10:00,790,790,790,790,52900
2021-11-12 14:11:00,785,785,785,785,43100
2021-11-12 14:12:00,785,785,785,785,167300
2021-11-12 14:13:00,785,780,785,785,175700
2021-11-12 14:14:00,785,785,785,785,103500
2021-11-12 14:15:00,785,785,785,785,4000
2021-11-12 14:16:00,785,785,785,785,73700
2021-11-12 14:17:00,785,785,785,785,24500
2021-11-12 14:18:00,785,785,785,785,5500
2021-11-12 14:19:00,785,785,785,785,5200
2021-11-12 14:20:00,785,785,785,785,0
2021-11-12 14:21:00,785,785,785,785,500
2021-11-12 14:22:00,785,785,785,785,100
2021-11-12 14:23:00,785,785,785,785,1100
2021-11-12 14:24:00,785,785,785,785,0
2021-11-12 14:25:00,785,785,785,785,0
2021-11-12 14:26:00,785,785,785,785,300
2021-11-12 14:27:00,785,785,785,785,0
2021-11-12 14:28:00,785,785,785,785,0
2021-11-12 14:29:00,785,785,785,785,300
2021-11-12 14:30:00,785,785,785,785,5600
2021-11-12 14:31:00,785,785,785,785,200
2021-11-12 14:32:00,785,785,785,785,0
2021-11-12 14:33:00,785,785,785,785,300
2021-11-12 14:34:00,785,785,785,785,0
2021-11-12 14:35:00,785,780,785,785,5500
2021-11-12 14:36:00,785,785,785,785,33300
2021-11-12 14:37:00,785,785,785,785,48200
2021-11-12 14:38:00,785,785,785,785,149300
2021-11-12 14:39:00,785,785,785,785,165300
2021-11-12 14:40:00,785,785,785,785,212400
2021-11-12 14:41:00,785,785,785,785,141900
2021-11-12 14:42:00,785,785,785,785,166000
2021-11-12 14:43:00,785,785,785,785,141000
2021-11-12 14:44:00,785,785,785,785,182000
2021-11-12 14:45:00,785,785,785,785,180000
2021-11-12 14:46:00,785,780,785,785,130200
2021-11-12 14:47:00,785,785,785,785,34800
2021-11-12 14:48:00,785,785,785,785,59400
2021-11-12 14:49:00,785,780,785,785,109500
2021-11-12 14:50:00,785,780,785,785,0
2021-11-12 14:51:00,785,780,785,785,0
2021-11-12 14:52:00,785,780,785,785,0
2021-11-12 14:53:00,785,780,785,785,0
2021-11-12 14:54:00,785,780,785,785,0
2021-11-12 14:55:00,785,780,785,785,0
2021-11-12 14:56:00,785,780,785,785,0
2021-11-12 14:57:00,785,780,785,785,0
2021-11-12 14:58:00,785,780,785,785,0
2021-11-12 14:59:00,785,780,785,785,0
2021-11-12 15:00:00,785,785,785,785,143900
2021-11-12 15:01:00,785,785,785,785,0
2021-11-12 15:02:00,785,785,785,785,0
2021-11-12 15:03:00,785,785,785,785,0
2021-11-12 15:04:00,785,785,785,785,0
2021-11-12 15:05:00,785,785,785,785,500
2021-11-12 15:06:00,785,785,785,785,300
2021-11-12 15:07:00,785,785,785,785,0
2021-11-12 15:08:00,785,785,785,785,0
2021-11-12 15:09:00,785,785,785,785,0
2021-11-12 15:10:00,785,785,785,785,0
2021-11-12 15:11:00,785,785,785,785,0
2021-11-12 15:12:00,785,785,785,785,0
2021-11-12 15:13:00,785,785,785,785,0
2021-11-12 15:14:00,785,785,785,785,7000
2021-11-12 15:15:00,785,785,785,785,0
2021-11-12 15:16:00,785,785,785,785,0
2021-11-12 15:17:00,785,785,785,785,0
2021-11-12 15:18:00,785,785,785,785,0
2021-11-12 15:19:00,785,785,785,785,0
2021-11-12 15:20:00,785,785,785,785,0
2021-11-12 15:21:00,785,785,785,785,0
2021-11-12 15:22:00,785,785,785,785,0
2021-11-12 15:23:00,785,785,785,785,0
2021-11-12 15:24:00,785,785,785,785,0
2021-11-12 15:25:00,785,785,785,785,0
2021-11-12 15:26:00,785,785,785,785,0
2021-11-12 15:27:00,785,785,785,785,0
2021-11-12 15:28:00,785,785,785,785,0
2021-11-12 15:29:00,785,785,785,785,0
2021-11-12 15:30:00,785,785,785,785,0
2021-11-12 15:31:00,785,785,785,785,0
2021-11-12 15:32:00,785,785,785,785,0
2021-11-12 15:33:00,785,785,785,785,0
2021-11-12 15:34:00,785,785,785,785,0
2021-11-12 15:35:00,785,785,785,785,0
2021-11-12 15:36:00,785,785,785,785,0
2021-11-12 15:37:00,785,785,785,785,0
2021-11-12 15:38:00,785,785,785,785,0
2021-11-12 15:39:00,785,785,785,785,0
2021-11-12 15:40:00,785,785,785,785,0
2021-11-12 15:41:00,785,785,785,785,0
2021-11-12 15:42:00,785,785,785,785,0
2021-11-12 15:43:00,785,785,785,785,0
2021-11-12 15:44:00,785,785,785,785,0
2021-11-12 15:45:00,785,785,785,785,0
2021-11-12 15:46:00,785,785,785,785,0
2021-11-12 15:47:00,785,785,785,785,0
2021-11-12 15:48:00,785,785,785,785,0
2021-11-12 15:49:00,785,785,785,785,0
2021-11-12 15:50:00,785,785,785,785,0
2021-11-12 15:51:00,785,785,785,785,0
2021-11-12 15:52:00,785,785,785,785,0
2021-11-12 15:53:00,785,785,785,785,0
2021-11-12 15:54:00,785,785,785,785,0
2021-11-12 15:55:00,785,785,785,785,0
2021-11-12 15:56:00,785,785,785,785,0
2021-11-12 15:57:00,785,785,785,785,0
2021-11-12 15:58:00,785,785,785,785,0
2021-11-12 15:59:00,785,785,785,785,0
2021-11-15 09:00:00,790,785,790,790,0
2021-11-15 09:01:00,790,785,790,790,0
2021-11-15 09:02:00,790,790,790,790,2500
2021-11-15 09:03:00,785,785,785,785,6500
2021-11-15 09:04:00,785,785,785,785,0
2021-11-15 09:05:00,785,785,785,785,30100
2021-11-15 09:06:00,780,780,785,785,49800
2021-11-15 09:07:00,785,785,785,785,49200
2021-11-15 09:08:00,785,785,785,785,6000
2021-11-15 09:09:00,785,785,785,785,48000
2021-11-15 09:10:00,785,785,785,785,0
2021-11-15 09:11:00,785,780,785,780,9100
2021-11-15 09:12:00,785,780,785,780,7900
2021-11-15 09:13:00,785,780,785,780,0
2021-11-15 09:14:00,775,775,775,775,11900
2021-11-15 09:15:00,775,775,775,775,1000
2021-11-15 09:16:00,775,770,775,775,40600
2021-11-15 09:17:00,775,775,775,775,2000
2021-11-15 09:18:00,770,770,775,770,63500
2021-11-15 09:19:00,770,770,770,770,104000
2021-11-15 09:20:00,770,770,770,770,1800
2021-11-15 09:21:00,770,770,770,770,8600
2021-11-15 09:22:00,765,765,770,765,117400
2021-11-15 09:23:00,765,765,765,765,21000
2021-11-15 09:24:00,765,765,765,765,0
2021-11-15 09:25:00,770,770,770,770,50300
2021-11-15 09:26:00,770,770,770,770,36700
2021-11-15 09:27:00,770,770,770,770,59800
2021-11-15 09:28:00,770,765,770,770,17300
2021-11-15 09:29:00,770,770,770,770,34900
2021-11-15 09:30:00,770,770,770,770,6600
2021-11-15 09:31:00,770,770,770,770,61000
2021-11-15 09:32:00,770,765,770,770,47000
2021-11-15 09:33:00,770,770,770,770,54500
2021-11-15 09:34:00,770,770,770,770,10000
2021-11-15 09:35:00,770,770,770,770,38100
2021-11-15 09:36:00,770,770,770,770,3400
2021-11-15 09:37:00,770,770,770,770,29200
2021-11-15 09:38:00,770,770,770,770,34900
2021-11-15 09:39:00,770,770,770,770,2000
2021-11-15 09:40:00,770,770,770,770,1800
2021-11-15 09:41:00,770,770,770,770,2000
2021-11-15 09:42:00,770,770,770,770,0
2021-11-15 09:43:00,765,765,770,770,9000
2021-11-15 09:44:00,765,765,770,770,0
2021-11-15 09:45:00,770,770,770,770,30700
2021-11-15 09:46:00,770,770,770,770,37000
2021-11-15 09:47:00,770,770,770,770,35000
2021-11-15 09:48:00,770,770,770,770,31100
2021-11-15 09:49:00,770,770,770,770,34800
2021-11-15 09:50:00,770,770,770,770,15600
2021-11-15 09:51:00,770,770,770,770,3900
2021-11-15 09:52:00,770,770,770,770,1000
2021-11-15 09:53:00,770,770,770,770,500
2021-11-15 09:54:00,770,770,770,770,2500
2021-11-15 09:55:00,770,770,770,770,1700
2021-11-15 09:56:00,770,770,770,770,0
2021-11-15 09:57:00,770,770,770,770,10800
2021-11-15 09:58:00,770,770,770,770,300
2021-11-15 09:59:00,770,770,770,770,1300
2021-11-15 10:00:00,770,765,770,770,24100
2021-11-15 10:01:00,770,770,770,770,800
2021-11-15 10:02:00,770,770,770,770,1700
2021-11-15 10:03:00,770,770,770,770,1400
2021-11-15 10:04:00,770,770,770,770,7500
2021-11-15 10:05:00,770,770,770,770,2000
2021-11-15 10:06:00,765,765,770,770,11400
2021-11-15 10:07:00,770,770,770,770,1500
2021-11-15 10:08:00,770,770,770,770,1000
2021-11-15 10:09:00,770,770,770,770,900
2021-11-15 10:10:00,770,765,770,770,1800
2021-11-15 10:11:00,770,770,770,770,700
2021-11-15 10:12:00,770,770,770,770,5000
2021-11-15 10:13:00,770,765,770,765,4000
2021-11-15 10:14:00,770,770,770,770,48300
2021-11-15 10:15:00,770,770,770,770,1200
2021-11-15 10:16:00,770,770,770,770,1600
2021-11-15 10:17:00,770,770,770,770,800
2021-11-15 10:18:00,770,770,770,770,1000
2021-11-15 10:19:00,770,770,770,770,2400
2021-11-15 10:20:00,770,770,770,770,1600
2021-11-15 10:21:00,770,770,770,770,900
2021-11-15 10:22:00,770,770,770,770,1800
2021-11-15 10:23:00,770,770,770,770,1300
2021-11-15 10:24:00,770,770,770,770,2100
2021-11-15 10:25:00,770,770,770,770,9600
2021-11-15 10:26:00,770,770,770,770,36700
2021-11-15 10:27:00,770,770,770,770,5000
2021-11-15 10:28:00,770,770,770,770,25000
2021-11-15 10:29:00,770,770,770,770,8600
2021-11-15 10:30:00,765,765,770,770,2000
2021-11-15 10:31:00,770,770,770,770,15400
2021-11-15 10:32:00,770,770,770,770,5000
2021-11-15 10:33:00,770,770,770,770,200
2021-11-15 10:34:00,770,770,770,770,500
2021-11-15 10:35:00,770,770,770,770,600
2021-11-15 10:36:00,765,765,770,770,12400
2021-11-15 10:37:00,765,765,770,770,0
2021-11-15 10:38:00,770,770,770,770,300
2021-11-15 10:39:00,770,770,770,770,0
2021-11-15 10:40:00,770,770,770,770,400
2021-11-15 10:41:00,770,765,770,765,4100
2021-11-15 10:42:00,770,770,770,770,400
2021-11-15 10:43:00,770,770,770,770,0
2021-11-15 10:44:00,770,770,770,770,200
2021-11-15 10:45:00,770,770,770,770,0
2021-11-15 10:46:00,770,770,770,770,300
2021-11-15 10:47:00,770,770,770,770,0
2021-11-15 10:48:00,770,770,770,770,300
2021-11-15 10:49:00,770,770,770,770,0
2021-11-15 10:50:00,770,770,770,770,9100
2021-11-15 10:51:00,770,770,770,770,500
2021-11-15 10:52:00,770,770,770,770,0
2021-11-15 10:53:00,770,770,770,770,200
2021-11-15 10:54:00,770,770,770,770,0
2021-11-15 10:55:00,770,770,770,770,1400
2021-11-15 10:56:00,770,770,770,770,1900
2021-11-15 10:57:00,770,770,770,770,1500
2021-11-15 10:58:00,770,770,770,770,1000
2021-11-15 10:59:00,770,770,770,770,2000
2021-11-15 11:00:00,770,770,770,770,1500
2021-11-15 11:01:00,770,770,770,770,1400
2021-11-15 11:02:00,770,770,770,770,200
2021-11-15 11:03:00,770,770,770,770,400
2021-11-15 11:04:00,770,765,770,765,18000
2021-11-15 11:05:00,770,765,770,765,0
2021-11-15 11:06:00,760,760,760,760,400
2021-11-15 11:07:00,765,765,765,765,300
2021-11-15 11:08:00,765,765,765,765,200
2021-11-15 11:09:00,765,765,765,765,1000
2021-11-15 11:10:00,765,765,765,765,97900
2021-11-15 11:11:00,765,765,770,770,6400
2021-11-15 11:12:00,770,770,770,770,41000
2021-11-15 11:13:00,770,770,770,770,47900
2021-11-15 11:14:00,770,770,770,770,9100
2021-11-15 11:15:00,770,770,770,770,21700
2021-11-15 11:16:00,770,770,770,770,15400
2021-11-15 11:17:00,770,770,770,770,4300
2021-11-15 11:18:00,770,770,770,770,3700
2021-11-15 11:19:00,765,765,770,770,4000
2021-11-15 11:20:00,770,770,770,770,21000
2021-11-15 11:21:00,770,770,770,770,2100
2021-11-15 11:22:00,770,770,770,770,200
2021-11-15 11:23:00,770,770,770,770,0
2021-11-15 11:24:00,770,770,770,770,0
2021-11-15 11:25:00,770,765,770,765,5100
2021-11-15 11:26:00,770,765,770,765,0
2021-11-15 11:27:00,770,765,770,765,0
2021-11-15 11:28:00,765,760,765,760,11300
2021-11-15 11:29:00,765,765,765,765,300
2021-11-15 11:30:00,765,765,765,765,0
2021-11-15 11:31:00,765,765,765,765,0
2021-11-15 11:32:00,765,765,765,765,0
2021-11-15 11:33:00,765,765,765,765,0
2021-11-15 11:34:00,765,765,765,765,0
2021-11-15 11:35:00,765,765,765,765,0
2021-11-15 11:36:00,765,765,765,765,0
2021-11-15 11:37:00,765,765,765,765,0
2021-11-15 11:38:00,765,765,765,765,0
2021-11-15 11:39:00,765,765,765,765,0
2021-11-15 11:40:00,765,765,765,765,0
2021-11-15 11:41:00,765,765,765,765,0
2021-11-15 11:42:00,765,765,765,765,0
2021-11-15 11:43:00,765,765,765,765,0
2021-11-15 11:44:00,765,765,765,765,0
2021-11-15 11:45:00,765,765,765,765,0
2021-11-15 11:46:00,765,765,765,765,0
2021-11-15 11:47:00,765,765,765,765,0
2021-11-15 11:48:00,765,765,765,765,0
2021-11-15 11:49:00,765,765,765,765,0
2021-11-15 11:50:00,765,765,765,765,0
2021-11-15 11:51:00,765,765,765,765,0
2021-11-15 11:52:00,765,765,765,765,0
2021-11-15 11:53:00,765,765,765,765,0
2021-11-15 11:54:00,765,765,765,765,0
2021-11-15 11:55:00,765,765,765,765,0
2021-11-15 11:56:00,765,765,765,765,0
2021-11-15 11:57:00,765,765,765,765,0
2021-11-15 11:58:00,765,765,765,765,0
2021-11-15 11:59:00,765,765,765,765,0
2021-11-15 12:00:00,765,765,765,765,0
2021-11-15 12:01:00,765,765,765,765,0
2021-11-15 12:02:00,765,765,765,765,0
2021-11-15 12:03:00,765,765,765,765,0
2021-11-15 12:04:00,765,765,765,765,0
2021-11-15 12:05:00,765,765,765,765,0
2021-11-15 12:06:00,765,765,765,765,0
2021-11-15 12:07:00,765,765,765,765,0
2021-11-15 12:08:00,765,765,765,765,0
2021-11-15 12:09:00,765,765,765,765,0
2021-11-15 12:10:00,765,765,765,765,0
2021-11-15 12:11:00,765,765,765,765,0
2021-11-15 12:12:00,765,765,765,765,0
2021-11-15 12:13:00,765,765,765,765,0
2021-11-15 12:14:00,765,765,765,765,0
2021-11-15 12:15:00,765,765,765,765,0
2021-11-15 12:16:00,765,765,765,765,0
2021-11-15 12:17:00,765,765,765,765,0
2021-11-15 12:18:00,765,765,765,765,0
2021-11-15 12:19:00,765,765,765,765,0
2021-11-15 12:20:00,765,765,765,765,0
2021-11-15 12:21:00,765,765,765,765,0
2021-11-15 12:22:00,765,765,765,765,0
2021-11-15 12:23:00,765,765,765,765,0
2021-11-15 12:24:00,765,765,765,765,0
2021-11-15 12:25:00,765,765,765,765,0
2021-11-15 12:26:00,765,765,765,765,0
2021-11-15 12:27:00,765,765,765,765,0
2021-11-15 12:28:00,765,765,765,765,0
2021-11-15 12:29:00,765,765,765,765,0
2021-11-15 12:30:00,765,765,765,765,0
2021-11-15 12:31:00,765,765,765,765,0
2021-11-15 12:32:00,765,765,765,765,0
2021-11-15 12:33:00,765,765,765,765,0
2021-11-15 12:34:00,765,765,765,765,0
2021-11-15 12:35:00,765,765,765,765,0
2021-11-15 12:36:00,765,765,765,765,0
2021-11-15 12:37:00,765,765,765,765,0
2021-11-15 12:38:00,765,765,765,765,0
2021-11-15 12:39:00,765,765,765,765,0
2021-11-15 12:40:00,765,765,765,765,0
2021-11-15 12:41:00,765,765,765,765,0
2021-11-15 12:42:00,765,765,765,765,0
2021-11-15 12:43:00,765,765,765,765,0
2021-11-15 12:44:00,765,765,765,765,0
2021-11-15 12:45:00,765,765,765,765,0
2021-11-15 12:46:00,765,765,765,765,0
2021-11-15 12:47:00,765,765,765,765,0
2021-11-15 12:48:00,765,765,765,765,0
2021-11-15 12:49:00,765,765,765,765,0
2021-11-15 12:50:00,765,765,765,765,0
2021-11-15 12:51:00,765,765,765,765,0
2021-11-15 12:52:00,765,765,765,765,0
2021-11-15 12:53:00,765,765,765,765,0
2021-11-15 12:54:00,765,765,765,765,0
2021-11-15 12:55:00,765,765,765,765,0
2021-11-15 12:56:00,765,765,765,765,0
2021-11-15 12:57:00,765,765,765,765,0
2021-11-15 12:58:00,765,765,765,765,0
2021-11-15 12:59:00,765,765,765,765,0
2021-11-15 13:00:00,765,765,765,765,0
2021-11-15 13:01:00,765,765,765,765,0
2021-11-15 13:02:00,765,765,765,765,0
2021-11-15 13:03:00,765,765,765,765,0
2021-11-15 13:04:00,765,765,765,765,0
2021-11-15 13:05:00,765,765,765,765,0
2021-11-15 13:06:00,765,765,765,765,0
2021-11-15 13:07:00,765,765,765,765,0
2021-11-15 13:08:00,765,765,765,765,0
2021-11-15 13:09:00,765,765,765,765,0
2021-11-15 13:10:00,765,765,765,765,0
2021-11-15 13:11:00,765,765,765,765,0
2021-11-15 13:12:00,765,765,765,765,0
2021-11-15 13:13:00,765,765,765,765,0
2021-11-15 13:14:00,765,765,765,765,0
2021-11-15 13:15:00,765,765,765,765,0
2021-11-15 13:16:00,765,765,765,765,0
2021-11-15 13:17:00,765,765,765,765,0
2021-11-15 13:18:00,765,765,765,765,0
2021-11-15 13:19:00,765,765,765,765,0
2021-11-15 13:20:00,765,765,765,765,0
2021-11-15 13:21:00,765,765,765,765,0
2021-11-15 13:22:00,765,765,765,765,0
2021-11-15 13:23:00,765,765,765,765,0
2021-11-15 13:24:00,765,765,765,765,0
2021-11-15 13:25:00,765,765,765,765,0
2021-11-15 13:26:00,765,765,765,765,0
2021-11-15 13:27:00,765,765,765,765,0
2021-11-15 13:28:00,765,765,765,765,0
2021-11-15 13:29:00,765,765,765,765,0
2021-11-15 13:30:00,765,765,765,765,30500
2021-11-15 13:31:00,765,765,770,770,61300
2021-11-15 13:32:00,770,770,770,770,63500
2021-11-15 13:33:00,770,760,770,760,80000
2021-11-15 13:34:00,765,765,770,770,44100
2021-11-15 13:35:00,770,765,770,770,21300
2021-11-15 13:36:00,770,770,770,770,17900
2021-11-15 13:37:00,770,770,770,770,12000
2021-11-15 13:38:00,770,770,770,770,17300
2021-11-15 13:39:00,770,770,770,770,11000
2021-11-15 13:40:00,770,770,770,770,23600
2021-11-15 13:41:00,770,770,770,770,17000
2021-11-15 13:42:00,770,770,770,770,5900
2021-11-15 13:43:00,770,770,770,770,27700
2021-11-15 13:44:00,770,770,770,770,5700
2021-11-15 13:45:00,770,770,770,770,9000
2021-11-15 13:46:00,770,770,770,770,14400
2021-11-15 13:47:00,770,770,770,770,1000
2021-11-15 13:48:00,770,770,770,770,900
2021-11-15 13:49:00,770,770,770,770,76800
2021-11-15 13:50:00,770,765,770,770,68500
2021-11-15 13:51:00,770,765,770,770,55800
2021-11-15 13:52:00,770,770,770,770,2900
2021-11-15 13:53:00,770,770,770,770,2100
2021-11-15 13:54:00,770,770,770,770,30000
2021-11-15 13:55:00,770,770,770,770,23200
2021-11-15 13:56:00,770,770,770,770,26400
2021-11-15 13:57:00,770,770,770,770,25900
2021-11-15 13:58:00,770,765,770,765,71800
2021-11-15 13:59:00,765,765,765,765,101300
2021-11-15 14:00:00,765,765,765,765,39400
2021-11-15 14:01:00,765,765,765,765,103700
2021-11-15 14:02:00,765,765,765,765,32300
2021-11-15 14:03:00,765,760,765,765,55200
2021-11-15 14:04:00,765,765,765,765,18200
2021-11-15 14:05:00,765,765,765,765,5900
2021-11-15 14:06:00,765,765,765,765,18800
2021-11-15 14:07:00,765,765,765,765,15800
2021-11-15 14:08:00,765,765,765,765,900
2021-11-15 14:09:00,765,765,765,765,1100
2021-11-15 14:10:00,765,765,765,765,1900
2021-11-15 14:11:00,765,760,765,765,109900
2021-11-15 14:12:00,765,765,765,765,1000
2021-11-15 14:13:00,765,765,765,765,14900
2021-11-15 14:14:00,765,765,765,765,13700
2021-11-15 14:15:00,765,765,765,765,2900
2021-11-15 14:16:00,765,765,765,765,0
2021-11-15 14:17:00,765,765,765,765,0
2021-11-15 14:18:00,765,765,765,765,0
2021-11-15 14:19:00,765,765,765,765,20500
2021-11-15 14:20:00,765,760,765,765,58000
2021-11-15 14:21:00,765,765,765,765,64200
2021-11-15 14:22:00,765,765,765,765,90900
2021-11-15 14:23:00,765,765,765,765,3300
2021-11-15 14:24:00,765,760,765,765,5800
2021-11-15 14:25:00,765,765,765,765,1900
2021-11-15 14:26:00,765,765,765,765,0
2021-11-15 14:27:00,765,765,765,765,0
2021-11-15 14:28:00,765,765,765,765,200
2021-11-15 14:29:00,765,765,765,765,0
2021-11-15 14:30:00,765,760,765,760,4500
2021-11-15 14:31:00,760,760,760,760,2200
2021-11-15 14:32:00,760,760,760,760,300
2021-11-15 14:33:00,765,765,765,765,7000
2021-11-15 14:34:00,765,765,765,765,0
2021-11-15 14:35:00,765,760,765,765,2600
2021-11-15 14:36:00,765,765,765,765,3200
2021-11-15 14:37:00,765,765,765,765,600
2021-11-15 14:38:00,765,760,765,765,60500
2021-11-15 14:39:00,765,765,765,765,500
2021-11-15 14:40:00,760,760,760,760,10000
2021-11-15 14:41:00,765,765,765,765,500
2021-11-15 14:42:00,760,760,765,765,52900
2021-11-15 14:43:00,760,760,765,765,0
2021-11-15 14:44:00,760,760,765,765,13400
2021-11-15 14:45:00,760,760,760,760,21200
2021-11-15 14:46:00,765,765,765,765,400
2021-11-15 14:47:00,765,760,765,765,2400
2021-11-15 14:48:00,760,760,765,765,3000
2021-11-15 14:49:00,765,760,765,765,3500
2021-11-15 14:50:00,765,760,765,765,0
2021-11-15 14:51:00,765,760,765,765,0
2021-11-15 14:52:00,765,760,765,765,0
2021-11-15 14:53:00,765,760,765,765,0
2021-11-15 14:54:00,765,760,765,765,0
2021-11-15 14:55:00,765,760,765,765,0
2021-11-15 14:56:00,765,760,765,765,0
2021-11-15 14:57:00,765,760,765,765,0
2021-11-15 14:58:00,765,760,765,765,0
2021-11-15 14:59:00,765,760,765,765,0
2021-11-15 15:00:00,765,765,765,765,103300
2021-11-15 15:01:00,765,765,765,765,0
2021-11-15 15:02:00,765,765,765,765,0
2021-11-15 15:03:00,765,765,765,765,0
2021-11-15 15:04:00,765,765,765,765,0
2021-11-15 15:05:00,765,765,765,765,6600
2021-11-15 15:06:00,765,765,765,765,0
2021-11-15 15:07:00,765,765,765,765,0
2021-11-15 15:08:00,765,765,765,765,0
2021-11-15 15:09:00,765,765,765,765,0
2021-11-15 15:10:00,765,765,765,765,0
2021-11-15 15:11:00,765,765,765,765,0
2021-11-15 15:12:00,765,765,765,765,0
2021-11-15 15:13:00,765,765,765,765,0
2021-11-15 15:14:00,765,765,765,765,0
2021-11-15 15:15:00,765,765,765,765,0
2021-11-15 15:16:00,765,765,765,765,0
2021-11-15 15:17:00,765,765,765,765,0
2021-11-15 15:18:00,765,765,765,765,0
2021-11-15 15:19:00,765,765,765,765,0
2021-11-15 15:20:00,765,765,765,765,0
2021-11-15 15:21:00,765,765,765,765,0
2021-11-15 15:22:00,765,765,765,765,0
2021-11-15 15:23:00,765,765,765,765,0
2021-11-15 15:24:00,765,765,765,765,0
2021-11-15 15:25:00,765,765,765,765,0
2021-11-15 15:26:00,765,765,765,765,0
2021-11-15 15:27:00,765,765,765,765,0
2021-11-15 15:28:00,765,765,765,765,0
2021-11-15 15:29:00,765,765,765,765,0
2021-11-15 15:30:00,765,765,765,765,0
2021-11-15 15:31:00,765,765,765,765,0
2021-11-15 15:32:00,765,765,765,765,0
2021-11-15 15:33:00,765,765,765,765,0
2021-11-15 15:34:00,765,765,765,765,0
2021-11-15 15:35:00,765,765,765,765,0
2021-11-15 15:36:00,765,765,765,765,0
2021-11-15 15:37:00,765,765,765,765,0
2021-11-15 15:38:00,765,765,765,765,0
2021-11-15 15:39:00,765,765,765,765,0
2021-11-15 15:40:00,765,765,765,765,0
2021-11-15 15:41:00,765,765,765,765,0
2021-11-15 15:42:00,765,765,765,765,0
2021-11-15 15:43:00,765,765,765,765,0
2021-11-15 15:44:00,765,765,765,765,0
2021-11-15 15:45:00,765,765,765,765,0
2021-11-15 15:46:00,765,765,765,765,0
2021-11-15 15:47:00,765,765,765,765,0
2021-11-15 15:48:00,765,765,765,765,0
2021-11-15 15:49:00,765,765,765,765,0
2021-11-15 15:50:00,765,765,765,765,0
2021-11-15 15:51:00,765,765,765,765,0
2021-11-15 15:52:00,765,765,765,765,0
2021-11-15 15:53:00,765,765,765,765,0
2021-11-15 15:54:00,765,765,765,765,0
2021-11-15 15:55:00,765,765,765,765,0
2021-11-15 15:56:00,765,765,765,765,0
2021-11-15 15:57:00,765,765,765,765,0
2021-11-15 15:58:00,765,765,765,765,0
2021-11-15 15:59:00,765,765,765,765,0
2021-11-16 09:00:00,770,770,770,770,0
2021-11-16 09:01:00,770,770,770,770,0
2021-11-16 09:02:00,765,765,765,765,3700
2021-11-16 09:03:00,760,760,760,760,13800
2021-11-16 09:04:00,755,755,760,755,28300
2021-11-16 09:05:00,760,760,760,760,5000
2021-11-16 09:06:00,760,760,760,760,0
2021-11-16 09:07:00,760,760,760,760,0
2021-11-16 09:08:00,755,755,755,755,4800
2021-11-16 09:09:00,755,755,755,755,1200
2021-11-16 09:10:00,760,760,765,765,44500
2021-11-16 09:11:00,765,765,765,765,88500
2021-11-16 09:12:00,760,760,765,765,10400
2021-11-16 09:13:00,765,765,765,765,48500
2021-11-16 09:14:00,765,765,765,765,0
2021-11-16 09:15:00,760,760,765,765,11600
2021-11-16 09:16:00,765,765,765,765,39800
2021-11-16 09:17:00,765,765,765,765,33400
2021-11-16 09:18:00,765,765,765,765,38800
2021-11-16 09:19:00,765,765,765,765,54500
2021-11-16 09:20:00,765,765,765,765,14500
2021-11-16 09:21:00,765,765,765,765,6800
2021-11-16 09:22:00,765,765,765,765,27700
2021-11-16 09:23:00,765,760,765,765,10000
2021-11-16 09:24:00,765,760,765,765,0
2021-11-16 09:25:00,765,755,765,765,15400
2021-11-16 09:26:00,765,755,765,755,20800
2021-11-16 09:27:00,765,765,765,765,800
2021-11-16 09:28:00,765,765,765,765,800
2021-11-16 09:29:00,765,765,765,765,1200
2021-11-16 09:30:00,760,760,760,760,3200
2021-11-16 09:31:00,760,760,760,760,0
2021-11-16 09:32:00,760,760,760,760,1000
2021-11-16 09:33:00,755,755,755,755,10000
2021-11-16 09:34:00,760,755,760,760,41600
2021-11-16 09:35:00,760,760,760,760,5700
2021-11-16 09:36:00,760,760,760,760,0
2021-11-16 09:37:00,760,760,760,760,20600
2021-11-16 09:38:00,760,760,760,760,700
2021-11-16 09:39:00,760,755,760,755,55800
2021-11-16 09:40:00,755,755,755,755,9200
2021-11-16 09:41:00,755,755,755,755,700
2021-11-16 09:42:00,760,760,760,760,300
2021-11-16 09:43:00,760,760,760,760,500
2021-11-16 09:44:00,760,760,760,760,96400
2021-11-16 09:45:00,760,760,760,760,16500
2021-11-16 09:46:00,760,760,760,760,54100
2021-11-16 09:47:00,760,760,760,760,17000
2021-11-16 09:48:00,760,760,760,760,2000
2021-11-16 09:49:00,760,760,760,760,3000
2021-11-16 09:50:00,755,755,755,755,7500
2021-11-16 09:51:00,755,755,755,755,200
2021-11-16 09:52:00,755,755,755,755,0
2021-11-16 09:53:00,755,755,755,755,500
2021-11-16 09:54:00,755,755,755,755,100
2021-11-16 09:55:00,755,755,755,755,0
2021-11-16 09:56:00,755,755,755,755,2300
2021-11-16 09:57:00,755,755,755,755,0
2021-11-16 09:58:00,755,755,755,755,500
2021-11-16 09:59:00,755,755,755,755,0
2021-11-16 10:00:00,755,755,755,755,0
2021-11-16 10:01:00,755,755,755,755,80500
2021-11-16 10:02:00,755,755,755,755,99300
2021-11-16 10:03:00,755,755,755,755,68700
2021-11-16 10:04:00,755,755,755,755,4800
2021-11-16 10:05:00,755,755,755,755,40200
2021-11-16 10:06:00,755,755,755,755,29000
2021-11-16 10:07:00,755,755,755,755,71400
2021-11-16 10:08:00,755,755,755,755,4100
2021-11-16 10:09:00,755,755,755,755,15000
2021-11-16 10:10:00,755,750,755,750,63500
2021-11-16 10:11:00,755,755,755,755,26700
2021-11-16 10:12:00,755,755,755,755,1500
2021-11-16 10:13:00,755,755,755,755,20000
2021-11-16 10:14:00,755,755,755,755,0
2021-11-16 10:15:00,755,755,755,755,32700
2021-11-16 10:16:00,755,755,755,755,0
2021-11-16 10:17:00,755,755,755,755,39500
2021-11-16 10:18:00,755,755,755,755,30300
2021-11-16 10:19:00,755,755,755,755,600
2021-11-16 10:20:00,755,755,755,755,2500
2021-11-16 10:21:00,755,755,755,755,20100
2021-11-16 10:22:00,755,755,755,755,300
2021-11-16 10:23:00,755,755,755,755,2600
2021-11-16 10:24:00,755,755,755,755,2900
2021-11-16 10:25:00,755,755,755,755,26200
2021-11-16 10:26:00,755,755,755,755,0
2021-11-16 10:27:00,755,755,755,755,4000
2021-11-16 10:28:00,755,755,755,755,3300
2021-11-16 10:29:00,755,750,755,755,13700
2021-11-16 10:30:00,755,755,755,755,6900
2021-11-16 10:31:00,755,755,755,755,17400
2021-11-16 10:32:00,755,755,755,755,36000
2021-11-16 10:33:00,755,755,755,755,6000
2021-11-16 10:34:00,755,755,755,755,17000
2021-11-16 10:35:00,755,755,755,755,16400
2021-11-16 10:36:00,755,755,755,755,19000
2021-11-16 10:37:00,755,755,755,755,13100
2021-11-16 10:38:00,755,755,755,755,9300
2021-11-16 10:39:00,755,755,755,755,2000
2021-11-16 10:40:00,755,755,755,755,200
2021-11-16 10:41:00,755,755,755,755,400
2021-11-16 10:42:00,755,755,755,755,5700
2021-11-16 10:43:00,755,755,755,755,47600
2021-11-16 10:44:00,755,755,755,755,60200
2021-11-16 10:45:00,755,755,755,755,2300
2021-11-16 10:46:00,755,755,755,755,7700
2021-11-16 10:47:00,755,750,755,750,1100
2021-11-16 10:48:00,755,755,755,755,23400
2021-11-16 10:49:00,755,755,755,755,22600
2021-11-16 10:50:00,755,755,755,755,300
2021-11-16 10:51:00,755,755,755,755,10700
2021-11-16 10:52:00,755,755,755,755,5900
2021-11-16 10:53:00,755,755,755,755,3100
2021-11-16 10:54:00,755,755,755,755,100
2021-11-16 10:55:00,755,755,755,755,5100
2021-11-16 10:56:00,755,755,755,755,3400
2021-11-16 10:57:00,755,755,755,755,1100
2021-11-16 10:58:00,755,755,755,755,500
2021-11-16 10:59:00,755,755,755,755,0
2021-11-16 11:00:00,755,755,755,755,500
2021-11-16 11:01:00,755,755,755,755,18400
2021-11-16 11:02:00,755,755,755,755,16600
2021-11-16 11:03:00,755,755,755,755,19200
2021-11-16 11:04:00,755,755,755,755,0
2021-11-16 11:05:00,755,755,755,755,32800
2021-11-16 11:06:00,755,755,755,755,2800
2021-11-16 11:07:00,755,755,755,755,0
2021-11-16 11:08:00,755,755,755,755,1200
2021-11-16 11:09:00,755,755,755,755,3800
2021-11-16 11:10:00,755,755,755,755,200
2021-11-16 11:11:00,755,755,755,755,600
2021-11-16 11:12:00,755,755,755,755,12400
2021-11-16 11:13:00,755,755,755,755,4600
2021-11-16 11:14:00,755,755,755,755,14900
2021-11-16 11:15:00,755,755,755,755,0
2021-11-16 11:16:00,755,755,755,755,300
2021-11-16 11:17:00,755,755,755,755,17800
2021-11-16 11:18:00,755,755,755,755,12700
2021-11-16 11:19:00,755,755,755,755,4600
2021-11-16 11:20:00,755,755,755,755,2900
2021-11-16 11:21:00,755,755,755,755,0
2021-11-16 11:22:00,755,755,755,755,13600
2021-11-16 11:23:00,755,755,755,755,11200
2021-11-16 11:24:00,755,750,755,755,56600
2021-11-16 11:25:00,755,755,755,755,2100
2021-11-16 11:26:00,750,750,755,755,51400
2021-11-16 11:27:00,755,755,755,755,2600
2021-11-16 11:28:00,755,755,755,755,69400
2021-11-16 11:29:00,755,750,755,755,32300
2021-11-16 11:30:00,755,750,755,755,0
2021-11-16 11:31:00,755,750,755,755,0
2021-11-16 11:32:00,755,750,755,755,0
2021-11-16 11:33:00,755,750,755,755,0
2021-11-16 11:34:00,755,750,755,755,0
2021-11-16 11:35:00,755,750,755,755,0
2021-11-16 11:36:00,755,750,755,755,0
2021-11-16 11:37:00,755,750,755,755,0
2021-11-16 11:38:00,755,750,755,755,0
2021-11-16 11:39:00,755,750,755,755,0
2021-11-16 11:40:00,755,750,755,755,0
2021-11-16 11:41:00,755,750,755,755,0
2021-11-16 11:42:00,755,750,755,755,0
2021-11-16 11:43:00,755,750,755,755,0
2021-11-16 11:44:00,755,750,755,755,0
2021-11-16 11:45:00,755,750,755,755,0
2021-11-16 11:46:00,755,750,755,755,0
2021-11-16 11:47:00,755,750,755,755,0
2021-11-16 11:48:00,755,750,755,755,0
2021-11-16 11:49:00,755,750,755,755,0
2021-11-16 11:50:00,755,750,755,755,0
2021-11-16 11:51:00,755,750,755,755,0
2021-11-16 11:52:00,755,750,755,755,0
2021-11-16 11:53:00,755,750,755,755,0
2021-11-16 11:54:00,755,750,755,755,0
2021-11-16 11:55:00,755,750,755,755,0
2021-11-16 11:56:00,755,750,755,755,0
2021-11-16 11:57:00,755,750,755,755,0
2021-11-16 11:58:00,755,750,755,755,0
2021-11-16 11:59:00,755,750,755,755,0
2021-11-16 12:00:00,755,750,755,755,0
2021-11-16 12:01:00,755,750,755,755,0
2021-11-16 12:02:00,755,750,755,755,0
2021-11-16 12:03:00,755,750,755,755,0
2021-11-16 12:04:00,755,750,755,755,0
2021-11-16 12:05:00,755,750,755,755,0
2021-11-16 12:06:00,755,750,755,755,0
2021-11-16 12:07:00,755,750,755,755,0
2021-11-16 12:08:00,755,750,755,755,0
2021-11-16 12:09:00,755,750,755,755,0
2021-11-16 12:10:00,755,750,755,755,0
2021-11-16 12:11:00,755,750,755,755,0
2021-11-16 12:12:00,755,750,755,755,0
2021-11-16 12:13:00,755,750,755,755,0
2021-11-16 12:14:00,755,750,755,755,0
2021-11-16 12:15:00,755,750,755,755,0
2021-11-16 12:16:00,755,750,755,755,0
2021-11-16 12:17:00,755,750,755,755,0
2021-11-16 12:18:00,755,750,755,755,0
2021-11-16 12:19:00,755,750,755,755,0
2021-11-16 12:20:00,755,750,755,755,0
2021-11-16 12:21:00,755,750,755,755,0
2021-11-16 12:22:00,755,750,755,755,0
2021-11-16 12:23:00,755,750,755,755,0
2021-11-16 12:24:00,755,750,755,755,0
2021-11-16 12:25:00,755,750,755,755,0
2021-11-16 12:26:00,755,750,755,755,0
2021-11-16 12:27:00,755,750,755,755,0
2021-11-16 12:28:00,755,750,755,755,0
2021-11-16 12:29:00,755,750,755,755,0
2021-11-16 12:30:00,755,750,755,755,0
2021-11-16 12:31:00,755,750,755,755,0
2021-11-16 12:32:00,755,750,755,755,0
2021-11-16 12:33:00,755,750,755,755,0
2021-11-16 12:34:00,755,750,755,755,0
2021-11-16 12:35:00,755,750,755,755,0
2021-11-16 12:36:00,755,750,755,755,0
2021-11-16 12:37:00,755,750,755,755,0
2021-11-16 12:38:00,755,750,755,755,0
2021-11-16 12:39:00,755,750,755,755,0
2021-11-16 12:40:00,755,750,755,755,0
2021-11-16 12:41:00,755,750,755,755,0
2021-11-16 12:42:00,755,750,755,755,0
2021-11-16 12:43:00,755,750,755,755,0
2021-11-16 12:44:00,755,750,755,755,0
2021-11-16 12:45:00,755,750,755,755,0
2021-11-16 12:46:00,755,750,755,755,0
2021-11-16 12:47:00,755,750,755,755,0
2021-11-16 12:48:00,755,750,755,755,0
2021-11-16 12:49:00,755,750,755,755,0
2021-11-16 12:50:00,755,750,755,755,0
2021-11-16 12:51:00,755,750,755,755,0
2021-11-16 12:52:00,755,750,755,755,0
2021-11-16 12:53:00,755,750,755,755,0
2021-11-16 12:54:00,755,750,755,755,0
2021-11-16 12:55:00,755,750,755,755,0
2021-11-16 12:56:00,755,750,755,755,0
2021-11-16 12:57:00,755,750,755,755,0
2021-11-16 12:58:00,755,750,755,755,0
2021-11-16 12:59:00,755,750,755,755,0
2021-11-16 13:00:00,755,750,755,755,0
2021-11-16 13:01:00,755,750,755,755,0
2021-11-16 13:02:00,755,750,755,755,0
2021-11-16 13:03:00,755,750,755,755,0
2021-11-16 13:04:00,755,750,755,755,0
2021-11-16 13:05:00,755,750,755,755,0
2021-11-16 13:06:00,755,750,755,755,0
2021-11-16 13:07:00,755,750,755,755,0
2021-11-16 13:08:00,755,750,755,755,0
2021-11-16 13:09:00,755,750,755,755,0
2021-11-16 13:10:00,755,750,755,755,0
2021-11-16 13:11:00,755,750,755,755,0
2021-11-16 13:12:00,755,750,755,755,0
2021-11-16 13:13:00,755,750,755,755,0
2021-11-16 13:14:00,755,750,755,755,0
2021-11-16 13:15:00,755,750,755,755,0
2021-11-16 13:16:00,755,750,755,755,0
2021-11-16 13:17:00,755,750,755,755,0
2021-11-16 13:18:00,755,750,755,755,0
2021-11-16 13:19:00,755,750,755,755,0
2021-11-16 13:20:00,755,750,755,755,0
2021-11-16 13:21:00,755,750,755,755,0
2021-11-16 13:22:00,755,750,755,755,0
2021-11-16 13:23:00,755,750,755,755,0
2021-11-16 13:24:00,755,750,755,755,0
2021-11-16 13:25:00,755,750,755,755,0
2021-11-16 13:26:00,755,750,755,755,0
2021-11-16 13:27:00,755,750,755,755,0
2021-11-16 13:28:00,755,750,755,755,0
2021-11-16 13:29:00,755,750,755,755,0
2021-11-16 13:30:00,755,755,755,755,111900
2021-11-16 13:31:00,755,755,755,755,300
2021-11-16 13:32:00,755,755,755,755,0
2021-11-16 13:33:00,755,755,755,755,400
2021-11-16 13:34:00,755,755,755,755,300
2021-11-16 13:35:00,755,755,755,755,0
2021-11-16 13:36:00,750,750,755,755,193500
2021-11-16 13:37:00,755,755,755,755,200
2021-11-16 13:38:00,755,755,755,755,300
2021-11-16 13:39:00,755,755,755,755,0
2021-11-16 13:40:00,755,755,755,755,100
2021-11-16 13:41:00,755,755,755,755,500
2021-11-16 13:42:00,755,755,755,755,0
2021-11-16 13:43:00,755,755,755,755,50200
2021-11-16 13:44:00,755,755,755,755,44000
2021-11-16 13:45:00,755,755,755,755,23700
2021-11-16 13:46:00,755,755,755,755,5300
2021-11-16 13:47:00,755,755,755,755,0
2021-11-16 13:48:00,755,755,755,755,24700
2021-11-16 13:49:00,755,755,755,755,32400
2021-11-16 13:50:00,755,755,755,755,24100
2021-11-16 13:51:00,755,755,755,755,20500
2021-11-16 13:52:00,755,750,755,755,13500
2021-11-16 13:53:00,755,755,755,755,13200
2021-11-16 13:54:00,755,755,755,755,12000
2021-11-16 13:55:00,755,755,755,755,12500
2021-11-16 13:56:00,755,750,755,755,44400
2021-11-16 13:57:00,755,755,755,755,6000
2021-11-16 13:58:00,755,755,755,755,4000
2021-11-16 13:59:00,755,755,755,755,31600
2021-11-16 14:00:00,755,750,755,750,15100
2021-11-16 14:01:00,750,750,755,750,10500
2021-11-16 14:02:00,755,755,755,755,500
2021-11-16 14:03:00,755,755,755,755,200
2021-11-16 14:04:00,755,755,755,755,12800
2021-11-16 14:05:00,755,755,755,755,29200
2021-11-16 14:06:00,755,755,755,755,18500
2021-11-16 14:07:00,755,755,755,755,34600
2021-11-16 14:08:00,755,755,755,755,41800
2021-11-16 14:09:00,755,755,755,755,12500
2021-11-16 14:10:00,755,755,755,755,1000
2021-11-16 14:11:00,755,755,755,755,200
2021-11-16 14:12:00,755,755,755,755,300
2021-11-16 14:13:00,755,755,755,755,0
2021-11-16 14:14:00,755,755,755,755,10800
2021-11-16 14:15:00,755,755,755,755,400
2021-11-16 14:16:00,755,755,755,755,0
2021-11-16 14:17:00,755,755,755,755,200
2021-11-16 14:18:00,755,755,755,755,30000
2021-11-16 14:19:00,755,755,755,755,18000
2021-11-16 14:20:00,755,755,755,755,43600
2021-11-16 14:21:00,755,755,755,755,55400
2021-11-16 14:22:00,755,755,755,755,57500
2021-11-16 14:23:00,755,755,755,755,54900
2021-11-16 14:24:00,755,755,755,755,4600
2021-11-16 14:25:00,750,750,750,750,11200
2021-11-16 14:26:00,755,755,755,755,400
2021-11-16 14:27:00,755,755,755,755,300
2021-11-16 14:28:00,755,755,755,755,0
2021-11-16 14:29:00,755,755,755,755,0
2021-11-16 14:30:00,755,750,755,750,2400
2021-11-16 14:31:00,755,750,755,750,0
2021-11-16 14:32:00,755,750,755,750,5300
2021-11-16 14:33:00,755,755,755,755,10400
2021-11-16 14:34:00,755,755,755,755,0
2021-11-16 14:35:00,755,750,755,750,10500
2021-11-16 14:36:00,750,750,755,755,300
2021-11-16 14:37:00,750,750,750,750,35900
2021-11-16 14:38:00,750,750,750,750,100
2021-11-16 14:39:00,750,750,750,750,200
2021-11-16 14:40:00,750,750,755,755,33100
2021-11-16 14:41:00,750,750,755,755,0
2021-11-16 14:42:00,755,755,755,755,25800
2021-11-16 14:43:00,755,755,755,755,300
2021-11-16 14:44:00,755,755,755,755,15500
2021-11-16 14:45:00,755,755,755,755,7100
2021-11-16 14:46:00,755,755,755,755,4300
2021-11-16 14:47:00,755,755,755,755,1800
2021-11-16 14:48:00,750,750,750,750,4500
2021-11-16 14:49:00,755,750,755,755,9200
2021-11-16 14:50:00,755,750,755,755,0
2021-11-16 14:51:00,755,750,755,755,0
2021-11-16 14:52:00,755,750,755,755,0
2021-11-16 14:53:00,755,750,755,755,0
2021-11-16 14:54:00,755,750,755,755,0
2021-11-16 14:55:00,755,750,755,755,0
2021-11-16 14:56:00,755,750,755,755,0
2021-11-16 14:57:00,755,750,755,755,0
2021-11-16 14:58:00,755,750,755,755,0
2021-11-16 14:59:00,755,750,755,755,0
2021-11-16 15:00:00,755,755,755,755,65700
2021-11-16 15:01:00,755,755,755,755,0
2021-11-16 15:02:00,755,755,755,755,0
2021-11-16 15:03:00,755,755,755,755,0
2021-11-16 15:04:00,755,755,755,755,0
2021-11-16 15:05:00,755,755,755,755,0
2021-11-16 15:06:00,755,755,755,755,0
2021-11-16 15:07:00,755,755,755,755,0
2021-11-16 15:08:00,755,755,755,755,0
2021-11-16 15:09:00,755,755,755,755,0
2021-11-16 15:10:00,755,755,755,755,0
2021-11-16 15:11:00,755,755,755,755,0
2021-11-16 15:12:00,755,755,755,755,0
2021-11-16 15:13:00,755,755,755,755,0
2021-11-16 15:14:00,755,755,755,755,0
2021-11-16 15:15:00,755,755,755,755,0
2021-11-16 15:16:00,755,755,755,755,0
2021-11-16 15:17:00,755,755,755,755,0
2021-11-16 15:18:00,755,755,755,755,0
2021-11-16 15:19:00,755,755,755,755,0
2021-11-16 15:20:00,755,755,755,755,0
2021-11-16 15:21:00,755,755,755,755,0
2021-11-16 15:22:00,755,755,755,755,0
2021-11-16 15:23:00,755,755,755,755,0
2021-11-16 15:24:00,755,755,755,755,0
2021-11-16 15:25:00,755,755,755,755,0
2021-11-16 15:26:00,755,755,755,755,0
2021-11-16 15:27:00,755,755,755,755,0
2021-11-16 15:28:00,755,755,755,755,0
2021-11-16 15:29:00,755,755,755,755,0
2021-11-16 15:30:00,755,755,755,755,0
2021-11-16 15:31:00,755,755,755,755,0
2021-11-16 15:32:00,755,755,755,755,0
2021-11-16 15:33:00,755,755,755,755,0
2021-11-16 15:34:00,755,755,755,755,0
2021-11-16 15:35:00,755,755,755,755,0
2021-11-16 15:36:00,755,755,755,755,0
2021-11-16 15:37:00,755,755,755,755,0
2021-11-16 15:38:00,755,755,755,755,0
2021-11-16 15:39:00,755,755,755,755,0
2021-11-16 15:40:00,755,755,755,755,0
2021-11-16 15:41:00,755,755,755,755,0
2021-11-16 15:42:00,755,755,755,755,0
2021-11-16 15:43:00,755,755,755,755,0
2021-11-16 15:44:00,755,755,755,755,0
2021-11-16 15:45:00,755,755,755,755,0
2021-11-16 15:46:00,755,755,755,755,0
2021-11-16 15:47:00,755,755,755,755,0
2021-11-16 15:48:00,755,755,755,755,0
2021-11-16 15:49:00,755,755,755,755,0
2021-11-16 15:50:00,755,755,755,755,0
2021-11-16 15:51:00,755,755,755,755,0
2021-11-16 15:52:00,755,755,755,755,0
2021-11-16 15:53:00,755,755,755,755,0
2021-11-16 15:54:00,755,755,755,755,0
2021-11-16 15:55:00,755,755,755,755,0
2021-11-16 15:56:00,755,755,755,755,0
2021-11-16 15:57:00,755,755,755,755,0
2021-11-16 15:58:00,755,755,755,755,0
2021-11-16 15:59:00,755,755,755,755,0
2021-11-17 09:00:00,760,760,765,765,0
2021-11-17 09:01:00,760,760,760,760,2200
2021-11-17 09:02:00,760,760,760,760,0
2021-11-17 09:03:00,760,755,760,755,20000
2021-11-17 09:04:00,765,765,765,765,100
2021-11-17 09:05:00,765,765,765,765,0
2021-11-17 09:06:00,765,755,765,755,214600
2021-11-17 09:07:00,755,755,755,755,18000
2021-11-17 09:08:00,755,755,755,755,0
2021-11-17 09:09:00,755,755,755,755,0
2021-11-17 09:10:00,755,755,755,755,100
2021-11-17 09:11:00,755,755,755,755,300
2021-11-17 09:12:00,755,755,755,755,0
2021-11-17 09:13:00,755,755,755,755,0
2021-11-17 09:14:00,755,755,755,755,2800
2021-11-17 09:15:00,755,755,755,755,0
2021-11-17 09:16:00,760,760,760,760,400
2021-11-17 09:17:00,760,760,760,760,0
2021-11-17 09:18:00,760,760,760,760,200
2021-11-17 09:19:00,760,760,760,760,0
2021-11-17 09:20:00,755,755,760,760,20300
2021-11-17 09:21:00,755,755,760,760,0
2021-11-17 09:22:00,760,760,760,760,25300
2021-11-17 09:23:00,760,760,760,760,200
2021-11-17 09:24:00,760,760,760,760,0
2021-11-17 09:25:00,760,760,760,760,200
2021-11-17 09:26:00,760,760,760,760,500
2021-11-17 09:27:00,760,760,760,760,0
2021-11-17 09:28:00,760,760,760,760,3300
2021-11-17 09:29:00,760,760,760,760,0
2021-11-17 09:30:00,760,760,760,760,0
2021-11-17 09:31:00,760,760,760,760,300
2021-11-17 09:32:00,760,760,760,760,0
2021-11-17 09:33:00,755,755,755,755,100200
2021-11-17 09:34:00,755,755,755,755,51600
2021-11-17 09:35:00,755,755,755,755,45400
2021-11-17 09:36:00,755,755,755,755,87200
2021-11-17 09:37:00,755,750,755,755,21100
2021-11-17 09:38:00,755,755,755,755,95300
2021-11-17 09:39:00,755,755,755,755,42700
2021-11-17 09:40:00,755,755,755,755,52400
2021-11-17 09:41:00,750,750,755,755,117900
2021-11-17 09:42:00,755,755,755,755,82500
2021-11-17 09:43:00,755,750,755,755,128200
2021-11-17 09:44:00,755,755,755,755,59900
2021-11-17 09:45:00,755,755,755,755,16400
2021-11-17 09:46:00,755,755,755,755,2000
2021-11-17 09:47:00,755,755,755,755,82500
2021-11-17 09:48:00,755,755,755,755,40400
2021-11-17 09:49:00,755,755,755,755,38800
2021-11-17 09:50:00,755,755,755,755,34100
2021-11-17 09:51:00,755,755,755,755,60500
2021-11-17 09:52:00,755,755,755,755,400
2021-11-17 09:53:00,755,755,755,755,0
2021-11-17 09:54:00,755,755,755,755,19000
2021-11-17 09:55:00,755,755,755,755,18200
2021-11-17 09:56:00,755,755,755,755,17600
2021-11-17 09:57:00,755,755,755,755,63500
2021-11-17 09:58:00,755,755,755,755,44000
2021-11-17 09:59:00,755,755,755,755,41000
2021-11-17 10:00:00,755,755,755,755,77300
2021-11-17 10:01:00,755,750,755,755,6800
2021-11-17 10:02:00,755,750,755,755,20600
2021-11-17 10:03:00,755,755,755,755,18000
2021-11-17 10:04:00,755,755,755,755,28500
2021-11-17 10:05:00,755,755,755,755,69600
2021-11-17 10:06:00,755,755,755,755,44000
2021-11-17 10:07:00,755,755,755,755,51100
2021-11-17 10:08:00,755,755,755,755,11200
2021-11-17 10:09:00,755,755,755,755,3800
2021-11-17 10:10:00,755,755,755,755,5000
2021-11-17 10:11:00,755,755,755,755,800
2021-11-17 10:12:00,755,755,755,755,0
2021-11-17 10:13:00,755,755,755,755,0
2021-11-17 10:14:00,755,755,755,755,600
2021-11-17 10:15:00,750,750,755,755,900
2021-11-17 10:16:00,750,750,755,750,2600
2021-11-17 10:17:00,755,750,755,750,1800
2021-11-17 10:18:00,755,755,755,755,26100
2021-11-17 10:19:00,755,755,755,755,11100
2021-11-17 10:20:00,755,755,755,755,35500
2021-11-17 10:21:00,755,755,755,755,78200
2021-11-17 10:22:00,755,755,755,755,54900
2021-11-17 10:23:00,755,755,755,755,44600
2021-11-17 10:24:00,755,755,755,755,56000
2021-11-17 10:25:00,755,755,755,755,16900
2021-11-17 10:26:00,755,755,755,755,5600
2021-11-17 10:27:00,755,750,755,755,29600
2021-11-17 10:28:00,755,755,755,755,400
2021-11-17 10:29:00,755,755,755,755,500
2021-11-17 10:30:00,755,750,755,750,7200
2021-11-17 10:31:00,755,755,755,755,300
2021-11-17 10:32:00,755,755,755,755,2000
2021-11-17 10:33:00,750,750,750,750,4900
2021-11-17 10:34:00,750,750,750,750,0
2021-11-17 10:35:00,750,750,750,750,300
2021-11-17 10:36:00,750,750,750,750,98800
2021-11-17 10:37:00,755,755,755,755,2400
2021-11-17 10:38:00,755,755,755,755,800
2021-11-17 10:39:00,755,755,755,755,0
2021-11-17 10:40:00,750,750,755,755,5900
2021-11-17 10:41:00,750,750,755,755,0
2021-11-17 10:42:00,755,755,755,755,200
2021-11-17 10:43:00,755,755,755,755,200
2021-11-17 10:44:00,755,755,755,755,0
2021-11-17 10:45:00,755,750,755,755,14400
2021-11-17 10:46:00,755,755,755,755,900
2021-11-17 10:47:00,755,755,755,755,18500
2021-11-17 10:48:00,755,755,755,755,12000
2021-11-17 10:49:00,755,755,755,755,41500
2021-11-17 10:50:00,755,755,755,755,81000
2021-11-17 10:51:00,755,755,755,755,0
2021-11-17 10:52:00,755,755,755,755,67000
2021-11-17 10:53:00,755,755,755,755,35500
2021-11-17 10:54:00,755,755,755,755,24500
2021-11-17 10:55:00,755,755,755,755,48300
2021-11-17 10:56:00,755,755,755,755,2700
2021-11-17 10:57:00,755,755,755,755,19900
2021-11-17 10:58:00,755,755,755,755,21100
2021-11-17 10:59:00,755,755,755,755,7700
2021-11-17 11:00:00,750,750,750,750,10000
2021-11-17 11:01:00,755,755,755,755,21200
2021-11-17 11:02:00,755,755,755,755,0
2021-11-17 11:03:00,755,755,755,755,15800
2021-11-17 11:04:00,755,755,755,755,5800
2021-11-17 11:05:00,755,755,755,755,0
2021-11-17 11:06:00,755,755,755,755,10400
2021-11-17 11:07:00,755,755,755,755,200
2021-11-17 11:08:00,755,755,755,755,0
2021-11-17 11:09:00,755,755,755,755,3000
2021-11-17 11:10:00,755,755,755,755,400
2021-11-17 11:11:00,755,750,755,750,12400
2021-11-17 11:12:00,750,750,755,755,1300
2021-11-17 11:13:00,755,755,755,755,24100
2021-11-17 11:14:00,755,755,755,755,25800
2021-11-17 11:15:00,755,755,755,755,107100
2021-11-17 11:16:00,755,755,755,755,78400
2021-11-17 11:17:00,755,755,755,755,72000
2021-11-17 11:18:00,755,755,755,755,71800
2021-11-17 11:19:00,755,755,755,755,16700
2021-11-17 11:20:00,755,755,755,755,2900
2021-11-17 11:21:00,755,755,755,755,0
2021-11-17 11:22:00,755,755,755,755,20700
2021-11-17 11:23:00,755,755,755,755,300
2021-11-17 11:24:00,750,750,755,755,20200
2021-11-17 11:25:00,755,755,755,755,21300
2021-11-17 11:26:00,755,755,755,755,0
2021-11-17 11:27:00,755,755,755,755,10900
2021-11-17 11:28:00,755,750,755,750,27400
2021-11-17 11:29:00,750,750,750,750,300
2021-11-17 11:30:00,750,750,750,750,0
2021-11-17 11:31:00,750,750,750,750,0
2021-11-17 11:32:00,750,750,750,750,0
2021-11-17 11:33:00,750,750,750,750,0
2021-11-17 11:34:00,750,750,750,750,0
2021-11-17 11:35:00,750,750,750,750,0
2021-11-17 11:36:00,750,750,750,750,0
2021-11-17 11:37:00,750,750,750,750,0
2021-11-17 11:38:00,750,750,750,750,0
2021-11-17 11:39:00,750,750,750,750,0
2021-11-17 11:40:00,750,750,750,750,0
2021-11-17 11:41:00,750,750,750,750,0
2021-11-17 11:42:00,750,750,750,750,0
2021-11-17 11:43:00,750,750,750,750,0
2021-11-17 11:44:00,750,750,750,750,0
2021-11-17 11:45:00,750,750,750,750,0
2021-11-17 11:46:00,750,750,750,750,0
2021-11-17 11:47:00,750,750,750,750,0
2021-11-17 11:48:00,750,750,750,750,0
2021-11-17 11:49:00,750,750,750,750,0
2021-11-17 11:50:00,750,750,750,750,0
2021-11-17 11:51:00,750,750,750,750,0
2021-11-17 11:52:00,750,750,750,750,0
2021-11-17 11:53:00,750,750,750,750,0
2021-11-17 11:54:00,750,750,750,750,0
2021-11-17 11:55:00,750,750,750,750,0
2021-11-17 11:56:00,750,750,750,750,0
2021-11-17 11:57:00,750,750,750,750,0
2021-11-17 11:58:00,750,750,750,750,0
2021-11-17 11:59:00,750,750,750,750,0
2021-11-17 12:00:00,750,750,750,750,0
2021-11-17 12:01:00,750,750,750,750,0
2021-11-17 12:02:00,750,750,750,750,0
2021-11-17 12:03:00,750,750,750,750,0
2021-11-17 12:04:00,750,750,750,750,0
2021-11-17 12:05:00,750,750,750,750,0
2021-11-17 12:06:00,750,750,750,750,0
2021-11-17 12:07:00,750,750,750,750,0
2021-11-17 12:08:00,750,750,750,750,0
2021-11-17 12:09:00,750,750,750,750,0
2021-11-17 12:10:00,750,750,750,750,0
2021-11-17 12:11:00,750,750,750,750,0
2021-11-17 12:12:00,750,750,750,750,0
2021-11-17 12:13:00,750,750,750,750,0
2021-11-17 12:14:00,750,750,750,750,0
2021-11-17 12:15:00,750,750,750,750,0
2021-11-17 12:16:00,750,750,750,750,0
2021-11-17 12:17:00,750,750,750,750,0
2021-11-17 12:18:00,750,750,750,750,0
2021-11-17 12:19:00,750,750,750,750,0
2021-11-17 12:20:00,750,750,750,750,0
2021-11-17 12:21:00,750,750,750,750,0
2021-11-17 12:22:00,750,750,750,750,0
2021-11-17 12:23:00,750,750,750,750,0
2021-11-17 12:24:00,750,750,750,750,0
2021-11-17 12:25:00,750,750,750,750,0
2021-11-17 12:26:00,750,750,750,750,0
2021-11-17 12:27:00,750,750,750,750,0
2021-11-17 12:28:00,750,750,750,750,0
2021-11-17 12:29:00,750,750,750,750,0
2021-11-17 12:30:00,750,750,750,750,0
2021-11-17 12:31:00,750,750,750,750,0
2021-11-17 12:32:00,750,750,750,750,0
2021-11-17 12:33:00,750,750,750,750,0
2021-11-17 12:34:00,750,750,750,750,0
2021-11-17 12:35:00,750,750,750,750,0
2021-11-17 12:36:00,750,750,750,750,0
2021-11-17 12:37:00,750,750,750,750,0
2021-11-17 12:38:00,750,750,750,750,0
2021-11-17 12:39:00,750,750,750,750,0
2021-11-17 12:40:00,750,750,750,750,0
2021-11-17 12:41:00,750,750,750,750,0
2021-11-17 12:42:00,750,750,750,750,0
2021-11-17 12:43:00,750,750,750,750,0
2021-11-17 12:44:00,750,750,750,750,0
2021-11-17 12:45:00,750,750,750,750,0
2021-11-17 12:46:00,750,750,750,750,0
2021-11-17 12:47:00,750,750,750,750,0
2021-11-17 12:48:00,750,750,750,750,0
2021-11-17 12:49:00,750,750,750,750,0
2021-11-17 12:50:00,750,750,750,750,0
2021-11-17 12:51:00,750,750,750,750,0
2021-11-17 12:52:00,750,750,750,750,0
2021-11-17 12:53:00,750,750,750,750,0
2021-11-17 12:54:00,750,750,750,750,0
2021-11-17 12:55:00,750,750,750,750,0
2021-11-17 12:56:00,750,750,750,750,0
2021-11-17 12:57:00,750,750,750,750,0
2021-11-17 12:58:00,750,750,750,750,0
2021-11-17 12:59:00,750,750,750,750,0
2021-11-17 13:00:00,750,750,750,750,0
2021-11-17 13:01:00,750,750,750,750,0
2021-11-17 13:02:00,750,750,750,750,0
2021-11-17 13:03:00,750,750,750,750,0
2021-11-17 13:04:00,750,750,750,750,0
2021-11-17 13:05:00,750,750,750,750,0
2021-11-17 13:06:00,750,750,750,750,0
2021-11-17 13:07:00,750,750,750,750,0
2021-11-17 13:08:00,750,750,750,750,0
2021-11-17 13:09:00,750,750,750,750,0
2021-11-17 13:10:00,750,750,750,750,0
2021-11-17 13:11:00,750,750,750,750,0
2021-11-17 13:12:00,750,750,750,750,0
2021-11-17 13:13:00,750,750,750,750,0
2021-11-17 13:14:00,750,750,750,750,0
2021-11-17 13:15:00,750,750,750,750,0
2021-11-17 13:16:00,750,750,750,750,0
2021-11-17 13:17:00,750,750,750,750,0
2021-11-17 13:18:00,750,750,750,750,0
2021-11-17 13:19:00,750,750,750,750,0
2021-11-17 13:20:00,750,750,750,750,0
2021-11-17 13:21:00,750,750,750,750,0
2021-11-17 13:22:00,750,750,750,750,0
2021-11-17 13:23:00,750,750,750,750,0
2021-11-17 13:24:00,750,750,750,750,0
2021-11-17 13:25:00,750,750,750,750,0
2021-11-17 13:26:00,750,750,750,750,0
2021-11-17 13:27:00,750,750,750,750,0
2021-11-17 13:28:00,750,750,750,750,0
2021-11-17 13:29:00,750,750,750,750,0
2021-11-17 13:30:00,750,750,750,750,25700
2021-11-17 13:31:00,750,750,755,755,73500
2021-11-17 13:32:00,755,755,755,755,73400
2021-11-17 13:33:00,755,755,755,755,85600
2021-11-17 13:34:00,755,755,755,755,50000
2021-11-17 13:35:00,755,755,755,755,54800
2021-11-17 13:36:00,755,755,755,755,27100
2021-11-17 13:37:00,755,755,755,755,36300
2021-11-17 13:38:00,755,755,755,755,66900
2021-11-17 13:39:00,755,755,755,755,30200
2021-11-17 13:40:00,755,755,755,755,57000
2021-11-17 13:41:00,755,755,755,755,105600
2021-11-17 13:42:00,755,750,755,750,74900
2021-11-17 13:43:00,750,750,755,755,19600
2021-11-17 13:44:00,755,755,755,755,85500
2021-11-17 13:45:00,755,755,755,755,3000
2021-11-17 13:46:00,755,755,755,755,99200
2021-11-17 13:47:00,755,755,755,755,46500
2021-11-17 13:48:00,755,755,755,755,53200
2021-11-17 13:49:00,755,755,755,755,105000
2021-11-17 13:50:00,755,755,755,755,24600
2021-11-17 13:51:00,755,755,755,755,75900
2021-11-17 13:52:00,755,755,755,755,89100
2021-11-17 13:53:00,755,755,755,755,55900
2021-11-17 13:54:00,755,755,755,755,35000
2021-11-17 13:55:00,755,755,755,755,62000
2021-11-17 13:56:00,755,755,755,755,56000
2021-11-17 13:57:00,755,755,755,755,95300
2021-11-17 13:58:00,755,755,755,755,56700
2021-11-17 13:59:00,755,755,755,755,32500
2021-11-17 14:00:00,755,755,755,755,28400
2021-11-17 14:01:00,755,755,755,755,30100
2021-11-17 14:02:00,755,755,755,755,31100
2021-11-17 14:03:00,755,755,755,755,5900
2021-11-17 14:04:00,755,755,755,755,14000
2021-11-17 14:05:00,755,755,755,755,1000
2021-11-17 14:06:00,755,755,755,755,29400
2021-11-17 14:07:00,755,755,755,755,93700
2021-11-17 14:08:00,755,755,755,755,60000
2021-11-17 14:09:00,755,755,755,755,78500
2021-11-17 14:10:00,755,755,755,755,3700
2021-11-17 14:11:00,755,755,755,755,19300
2021-11-17 14:12:00,755,755,755,755,1000
2021-11-17 14:13:00,755,755,755,755,500
2021-11-17 14:14:00,755,755,755,755,0
2021-11-17 14:15:00,755,755,755,755,7000
2021-11-17 14:16:00,755,750,755,755,20700
2021-11-17 14:17:00,755,755,755,755,1300
2021-11-17 14:18:00,755,755,755,755,1500
2021-11-17 14:19:00,755,750,755,755,101200
2021-11-17 14:20:00,755,755,755,755,2000
2021-11-17 14:21:00,755,755,755,755,1900
2021-11-17 14:22:00,755,755,755,755,1100
2021-11-17 14:23:00,755,755,755,755,1400
2021-11-17 14:24:00,755,755,755,755,500
2021-11-17 14:25:00,755,755,755,755,500
2021-11-17 14:26:00,755,755,755,755,600
2021-11-17 14:27:00,755,755,755,755,0
2021-11-17 14:28:00,750,750,755,755,6000
2021-11-17 14:29:00,755,755,755,755,1100
2021-11-17 14:30:00,755,750,755,755,28800
2021-11-17 14:31:00,755,755,755,755,1000
2021-11-17 14:32:00,755,750,755,750,43300
2021-11-17 14:33:00,750,750,755,750,7500
2021-11-17 14:34:00,755,755,755,755,2000
2021-11-17 14:35:00,750,750,750,750,14900
2021-11-17 14:36:00,750,750,750,750,400
2021-11-17 14:37:00,750,750,750,750,8700
2021-11-17 14:38:00,750,750,750,750,12500
2021-11-17 14:39:00,745,745,750,750,26700
2021-11-17 14:40:00,755,755,755,755,400
2021-11-17 14:41:00,755,750,755,750,4000
2021-11-17 14:42:00,750,750,750,750,10100
2021-11-17 14:43:00,750,750,750,750,7900
2021-11-17 14:44:00,750,750,750,750,6400
2021-11-17 14:45:00,750,750,750,750,3100
2021-11-17 14:46:00,750,750,750,750,1200
2021-11-17 14:47:00,750,745,750,745,17500
2021-11-17 14:48:00,750,750,750,750,8600
2021-11-17 14:49:00,750,750,755,755,33400
2021-11-17 14:50:00,750,750,755,755,0
2021-11-17 14:51:00,750,750,755,755,0
2021-11-17 14:52:00,750,750,755,755,0
2021-11-17 14:53:00,750,750,755,755,0
2021-11-17 14:54:00,750,750,755,755,0
2021-11-17 14:55:00,750,750,755,755,0
2021-11-17 14:56:00,750,750,755,755,0
2021-11-17 14:57:00,750,750,755,755,0
2021-11-17 14:58:00,750,750,755,755,0
2021-11-17 14:59:00,750,750,755,755,0
2021-11-17 15:00:00,750,750,750,750,53300
2021-11-17 15:01:00,750,750,750,750,0
2021-11-17 15:02:00,750,750,750,750,0
2021-11-17 15:03:00,750,750,750,750,0
2021-11-17 15:04:00,750,750,750,750,0
2021-11-17 15:05:00,750,750,750,750,0
2021-11-17 15:06:00,750,750,750,750,1000
2021-11-17 15:07:00,750,750,750,750,1000
2021-11-17 15:08:00,750,750,750,750,0
2021-11-17 15:09:00,750,750,750,750,0
2021-11-17 15:10:00,750,750,750,750,0
2021-11-17 15:11:00,750,750,750,750,500
2021-11-17 15:12:00,750,750,750,750,0
2021-11-17 15:13:00,750,750,750,750,0
2021-11-17 15:14:00,750,750,750,750,0
2021-11-17 15:15:00,750,750,750,750,0
2021-11-17 15:16:00,750,750,750,750,0
2021-11-17 15:17:00,750,750,750,750,0
2021-11-17 15:18:00,750,750,750,750,0
2021-11-17 15:19:00,750,750,750,750,0
2021-11-17 15:20:00,750,750,750,750,0
2021-11-17 15:21:00,750,750,750,750,0
2021-11-17 15:22:00,750,750,750,750,0
2021-11-17 15:23:00,750,750,750,750,0
2021-11-17 15:24:00,750,750,750,750,0
2021-11-17 15:25:00,750,750,750,750,0
2021-11-17 15:26:00,750,750,750,750,0
2021-11-17 15:27:00,750,750,750,750,0
2021-11-17 15:28:00,750,750,750,750,0
2021-11-17 15:29:00,750,750,750,750,0
2021-11-17 15:30:00,750,750,750,750,0
2021-11-17 15:31:00,750,750,750,750,0
2021-11-17 15:32:00,750,750,750,750,0
2021-11-17 15:33:00,750,750,750,750,0
2021-11-17 15:34:00,750,750,750,750,0
2021-11-17 15:35:00,750,750,750,750,0
2021-11-17 15:36:00,750,750,750,750,0
2021-11-17 15:37:00,750,750,750,750,0
2021-11-17 15:38:00,750,750,750,750,0
2021-11-17 15:39:00,750,750,750,750,0
2021-11-17 15:40:00,750,750,750,750,0
2021-11-17 15:41:00,750,750,750,750,0
2021-11-17 15:42:00,750,750,750,750,0
2021-11-17 15:43:00,750,750,750,750,0
2021-11-17 15:44:00,750,750,750,750,0
2021-11-17 15:45:00,750,750,750,750,0
2021-11-17 15:46:00,750,750,750,750,0
2021-11-17 15:47:00,750,750,750,750,0
2021-11-17 15:48:00,750,750,750,750,0
2021-11-17 15:49:00,750,750,750,750,0
2021-11-17 15:50:00,750,750,750,750,0
2021-11-17 15:51:00,750,750,750,750,0
2021-11-17 15:52:00,750,750,750,750,0
2021-11-17 15:53:00,750,750,750,750,0
2021-11-17 15:54:00,750,750,750,750,0
2021-11-17 15:55:00,750,750,750,750,0
2021-11-17 15:56:00,750,750,750,750,0
2021-11-17 15:57:00,750,750,750,750,0
2021-11-17 15:58:00,750,750,750,750,0
2021-11-17 15:59:00,750,750,750,750,0
2021-11-18 09:00:00,750,750,750,750,0
2021-11-18 09:01:00,760,760,760,760,4300
2021-11-18 09:02:00,760,760,760,760,11000
2021-11-18 09:03:00,760,760,760,760,2900
2021-11-18 09:04:00,760,755,760,755,14600
2021-11-18 09:05:00,760,755,760,755,0
2021-11-18 09:06:00,760,755,760,755,0
2021-11-18 09:07:00,760,755,760,755,7300
2021-11-18 09:08:00,760,760,760,760,3100
2021-11-18 09:09:00,760,760,760,760,0
2021-11-18 09:10:00,760,760,760,760,0
2021-11-18 09:11:00,760,760,760,760,0
2021-11-18 09:12:00,760,760,760,760,0
2021-11-18 09:13:00,755,755,755,755,5200
2021-11-18 09:14:00,755,750,755,755,83000
2021-11-18 09:15:00,755,755,755,755,21200
2021-11-18 09:16:00,755,755,755,755,89700
2021-11-18 09:17:00,755,755,755,755,65100
2021-11-18 09:18:00,755,755,755,755,64200
2021-11-18 09:19:00,755,755,755,755,27900
2021-11-18 09:20:00,755,755,755,755,52000
2021-11-18 09:21:00,755,755,755,755,51500
2021-11-18 09:22:00,755,755,755,755,15700
2021-11-18 09:23:00,755,755,755,755,22500
2021-11-18 09:24:00,755,755,755,755,66000
2021-11-18 09:25:00,755,755,755,755,36100
2021-11-18 09:26:00,755,755,755,755,40000
2021-11-18 09:27:00,755,755,755,755,28000
2021-11-18 09:28:00,755,755,755,755,63800
2021-11-18 09:29:00,755,755,755,755,44400
2021-11-18 09:30:00,755,755,755,755,55800
2021-11-18 09:31:00,755,755,755,755,28500
2021-11-18 09:32:00,755,755,755,755,5000
2021-11-18 09:33:00,755,755,755,755,60500
2021-11-18 09:34:00,755,755,755,755,60500
2021-11-18 09:35:00,755,755,755,755,60900
2021-11-18 09:36:00,755,755,755,755,4600
2021-11-18 09:37:00,755,755,755,755,51300
2021-11-18 09:38:00,755,755,755,755,82400
2021-11-18 09:39:00,755,755,755,755,28700
2021-11-18 09:40:00,755,755,755,755,39500
2021-11-18 09:41:00,755,755,755,755,72500
2021-11-18 09:42:00,755,755,755,755,42300
2021-11-18 09:43:00,755,755,755,755,16500
2021-11-18 09:44:00,755,755,755,755,50200
2021-11-18 09:45:00,755,755,755,755,42900
2021-11-18 09:46:00,755,755,755,755,48400
2021-11-18 09:47:00,755,755,755,755,5600
2021-11-18 09:48:00,755,755,755,755,39700
2021-11-18 09:49:00,755,755,755,755,32400
2021-11-18 09:50:00,755,755,755,755,1500
2021-11-18 09:51:00,755,755,755,755,3500
2021-11-18 09:52:00,755,755,755,755,13600
2021-11-18 09:53:00,755,755,755,755,2400
2021-11-18 09:54:00,755,755,755,755,26400
2021-11-18 09:55:00,755,755,755,755,48800
2021-11-18 09:56:00,755,755,755,755,18500
2021-11-18 09:57:00,755,755,755,755,3700
2021-11-18 09:58:00,755,755,755,755,42300
2021-11-18 09:59:00,755,755,755,755,74500
2021-11-18 10:00:00,755,755,755,755,20200
2021-11-18 10:01:00,755,755,755,755,41800
2021-11-18 10:02:00,755,755,755,755,38300
2021-11-18 10:03:00,755,755,755,755,79000
2021-11-18 10:04:00,755,755,755,755,62100
2021-11-18 10:05:00,755,755,755,755,28500
2021-11-18 10:06:00,755,755,755,755,29900
2021-11-18 10:07:00,755,755,755,755,35000
2021-11-18 10:08:00,755,755,755,755,32700
2021-11-18 10:09:00,755,755,755,755,46900
2021-11-18 10:10:00,750,750,755,755,10200
2021-11-18 10:11:00,755,755,755,755,39800
2021-11-18 10:12:00,755,755,755,755,21500
2021-11-18 10:13:00,755,755,755,755,56500
2021-11-18 10:14:00,755,755,755,755,41000
2021-11-18 10:15:00,755,750,755,755,54800
2021-11-18 10:16:00,755,755,755,755,35700
2021-11-18 10:17:00,755,755,755,755,30000
2021-11-18 10:18:00,755,755,755,755,34700
2021-11-18 10:19:00,755,755,755,755,24300
2021-11-18 10:20:00,755,755,755,755,22000
2021-11-18 10:21:00,755,755,755,755,27500
2021-11-18 10:22:00,755,755,755,755,7300
2021-11-18 10:23:00,755,755,755,755,1700
2021-11-18 10:24:00,755,755,755,755,4700
2021-11-18 10:25:00,755,750,755,755,6000
2021-11-18 10:26:00,755,755,755,755,3600
2021-11-18 10:27:00,755,755,755,755,4000
2021-11-18 10:28:00,755,755,755,755,8400
2021-11-18 10:29:00,750,750,755,755,16400
2021-11-18 10:30:00,755,755,755,755,1600
2021-11-18 10:31:00,755,755,755,755,4800
2021-11-18 10:32:00,755,755,755,755,5100
2021-11-18 10:33:00,755,755,755,755,1000
2021-11-18 10:34:00,755,755,755,755,0
2021-11-18 10:35:00,750,750,755,755,14200
2021-11-18 10:36:00,755,755,755,755,1000
2021-11-18 10:37:00,755,755,755,755,12400
2021-11-18 10:38:00,755,755,755,755,64800
2021-11-18 10:39:00,755,755,755,755,23000
2021-11-18 10:40:00,755,755,755,755,12200
2021-11-18 10:41:00,755,755,755,755,12300
2021-11-18 10:42:00,755,755,755,755,800
2021-11-18 10:43:00,755,755,755,755,61400
2021-11-18 10:44:00,755,755,755,755,30000
2021-11-18 10:45:00,755,755,755,755,37500
2021-11-18 10:46:00,755,750,755,755,7600
2021-11-18 10:47:00,755,755,755,755,8900
2021-11-18 10:48:00,755,755,755,755,2100
2021-11-18 10:49:00,755,755,755,755,3100
2021-11-18 10:50:00,755,755,755,755,0
2021-11-18 10:51:00,755,755,755,755,3500
2021-11-18 10:52:00,755,755,755,755,10500
2021-11-18 10:53:00,755,755,755,755,4600
2021-11-18 10:54:00,755,755,755,755,13400
2021-11-18 10:55:00,755,755,755,755,5500
2021-11-18 10:56:00,755,755,755,755,24000
2021-11-18 10:57:00,755,755,755,755,27900
2021-11-18 10:58:00,755,750,755,755,36800
2021-11-18 10:59:00,755,755,755,755,3300
2021-11-18 11:00:00,755,755,755,755,200
2021-11-18 11:01:00,755,755,755,755,200
2021-11-18 11:02:00,755,755,755,755,0
2021-11-18 11:03:00,755,755,755,755,300
2021-11-18 11:04:00,755,755,755,755,500
2021-11-18 11:05:00,750,750,750,750,100
2021-11-18 11:06:00,755,755,755,755,200
2021-11-18 11:07:00,755,755,755,755,1800
2021-11-18 11:08:00,755,750,755,750,6200
2021-11-18 11:09:00,755,755,755,755,500
2021-11-18 11:10:00,755,755,755,755,1500
2021-11-18 11:11:00,755,755,755,755,1600
2021-11-18 11:12:00,755,755,755,755,400
2021-11-18 11:13:00,755,755,755,755,1200
2021-11-18 11:14:00,755,755,755,755,600
2021-11-18 11:15:00,755,755,755,755,0
2021-11-18 11:16:00,755,755,755,755,1400
2021-11-18 11:17:00,755,750,755,750,8500
2021-11-18 11:18:00,755,755,755,755,600
2021-11-18 11:19:00,755,755,755,755,400
2021-11-18 11:20:00,755,755,755,755,700
2021-11-18 11:21:00,755,755,755,755,300
2021-11-18 11:22:00,755,755,755,755,400
2021-11-18 11:23:00,755,755,755,755,200
2021-11-18 11:24:00,755,755,755,755,0
2021-11-18 11:25:00,755,755,755,755,200
2021-11-18 11:26:00,755,755,755,755,1100
2021-11-18 11:27:00,755,755,755,755,700
2021-11-18 11:28:00,755,755,755,755,1800
2021-11-18 11:29:00,755,755,755,755,2300
2021-11-18 11:30:00,755,755,755,755,0
2021-11-18 11:31:00,755,755,755,755,0
2021-11-18 11:32:00,755,755,755,755,0
2021-11-18 11:33:00,755,755,755,755,0
2021-11-18 11:34:00,755,755,755,755,0
2021-11-18 11:35:00,755,755,755,755,0
2021-11-18 11:36:00,755,755,755,755,0
2021-11-18 11:37:00,755,755,755,755,0
2021-11-18 11:38:00,755,755,755,755,0
2021-11-18 11:39:00,755,755,755,755,0
2021-11-18 11:40:00,755,755,755,755,0
2021-11-18 11:41:00,755,755,755,755,0
2021-11-18 11:42:00,755,755,755,755,0
2021-11-18 11:43:00,755,755,755,755,0
2021-11-18 11:44:00,755,755,755,755,0
2021-11-18 11:45:00,755,755,755,755,0
2021-11-18 11:46:00,755,755,755,755,0
2021-11-18 11:47:00,755,755,755,755,0
2021-11-18 11:48:00,755,755,755,755,0
2021-11-18 11:49:00,755,755,755,755,0
2021-11-18 11:50:00,755,755,755,755,0
2021-11-18 11:51:00,755,755,755,755,0
2021-11-18 11:52:00,755,755,755,755,0
2021-11-18 11:53:00,755,755,755,755,0
2021-11-18 11:54:00,755,755,755,755,0
2021-11-18 11:55:00,755,755,755,755,0
2021-11-18 11:56:00,755,755,755,755,0
2021-11-18 11:57:00,755,755,755,755,0
2021-11-18 11:58:00,755,755,755,755,0
2021-11-18 11:59:00,755,755,755,755,0
2021-11-18 12:00:00,755,755,755,755,0
2021-11-18 12:01:00,755,755,755,755,0
2021-11-18 12:02:00,755,755,755,755,0
2021-11-18 12:03:00,755,755,755,755,0
2021-11-18 12:04:00,755,755,755,755,0
2021-11-18 12:05:00,755,755,755,755,0
2021-11-18 12:06:00,755,755,755,755,0
2021-11-18 12:07:00,755,755,755,755,0
2021-11-18 12:08:00,755,755,755,755,0
2021-11-18 12:09:00,755,755,755,755,0
2021-11-18 12:10:00,755,755,755,755,0
2021-11-18 12:11:00,755,755,755,755,0
2021-11-18 12:12:00,755,755,755,755,0
2021-11-18 12:13:00,755,755,755,755,0
2021-11-18 12:14:00,755,755,755,755,0
2021-11-18 12:15:00,755,755,755,755,0
2021-11-18 12:16:00,755,755,755,755,0
2021-11-18 12:17:00,755,755,755,755,0
2021-11-18 12:18:00,755,755,755,755,0
2021-11-18 12:19:00,755,755,755,755,0
2021-11-18 12:20:00,755,755,755,755,0
2021-11-18 12:21:00,755,755,755,755,0
2021-11-18 12:22:00,755,755,755,755,0
2021-11-18 12:23:00,755,755,755,755,0
2021-11-18 12:24:00,755,755,755,755,0
2021-11-18 12:25:00,755,755,755,755,0
2021-11-18 12:26:00,755,755,755,755,0
2021-11-18 12:27:00,755,755,755,755,0
2021-11-18 12:28:00,755,755,755,755,0
2021-11-18 12:29:00,755,755,755,755,0
2021-11-18 12:30:00,755,755,755,755,0
2021-11-18 12:31:00,755,755,755,755,0
2021-11-18 12:32:00,755,755,755,755,0
2021-11-18 12:33:00,755,755,755,755,0
2021-11-18 12:34:00,755,755,755,755,0
2021-11-18 12:35:00,755,755,755,755,0
2021-11-18 12:36:00,755,755,755,755,0
2021-11-18 12:37:00,755,755,755,755,0
2021-11-18 12:38:00,755,755,755,755,0
2021-11-18 12:39:00,755,755,755,755,0
2021-11-18 12:40:00,755,755,755,755,0
2021-11-18 12:41:00,755,755,755,755,0
2021-11-18 12:42:00,755,755,755,755,0
2021-11-18 12:43:00,755,755,755,755,0
2021-11-18 12:44:00,755,755,755,755,0
2021-11-18 12:45:00,755,755,755,755,0
2021-11-18 12:46:00,755,755,755,755,0
2021-11-18 12:47:00,755,755,755,755,0
2021-11-18 12:48:00,755,755,755,755,0
2021-11-18 12:49:00,755,755,755,755,0
2021-11-18 12:50:00,755,755,755,755,0
2021-11-18 12:51:00,755,755,755,755,0
2021-11-18 12:52:00,755,755,755,755,0
2021-11-18 12:53:00,755,755,755,755,0
2021-11-18 12:54:00,755,755,755,755,0
2021-11-18 12:55:00,755,755,755,755,0
2021-11-18 12:56:00,755,755,755,755,0
2021-11-18 12:57:00,755,755,755,755,0
2021-11-18 12:58:00,755,755,755,755,0
2021-11-18 12:59:00,755,755,755,755,0
2021-11-18 13:00:00,755,755,755,755,0
2021-11-18 13:01:00,755,755,755,755,0
2021-11-18 13:02:00,755,755,755,755,0
2021-11-18 13:03:00,755,755,755,755,0
2021-11-18 13:04:00,755,755,755,755,0
2021-11-18 13:05:00,755,755,755,755,0
2021-11-18 13:06:00,755,755,755,755,0
2021-11-18 13:07:00,755,755,755,755,0
2021-11-18 13:08:00,755,755,755,755,0
2021-11-18 13:09:00,755,755,755,755,0
2021-11-18 13:10:00,755,755,755,755,0
2021-11-18 13:11:00,755,755,755,755,0
2021-11-18 13:12:00,755,755,755,755,0
2021-11-18 13:13:00,755,755,755,755,0
2021-11-18 13:14:00,755,755,755,755,0
2021-11-18 13:15:00,755,755,755,755,0
2021-11-18 13:16:00,755,755,755,755,0
2021-11-18 13:17:00,755,755,755,755,0
2021-11-18 13:18:00,755,755,755,755,0
2021-11-18 13:19:00,755,755,755,755,0
2021-11-18 13:20:00,755,755,755,755,0
2021-11-18 13:21:00,755,755,755,755,0
2021-11-18 13:22:00,755,755,755,755,0
2021-11-18 13:23:00,755,755,755,755,0
2021-11-18 13:24:00,755,755,755,755,0
2021-11-18 13:25:00,755,755,755,755,0
2021-11-18 13:26:00,755,755,755,755,0
2021-11-18 13:27:00,755,755,755,755,0
2021-11-18 13:28:00,755,755,755,755,0
2021-11-18 13:29:00,755,755,755,755,0
2021-11-18 13:30:00,755,755,755,755,0
2021-11-18 13:31:00,755,755,755,755,0
2021-11-18 13:32:00,750,750,750,750,900
2021-11-18 13:33:00,750,750,755,755,15000
2021-11-18 13:34:00,750,750,755,755,0
2021-11-18 13:35:00,755,755,755,755,1800
2021-11-18 13:36:00,755,755,755,755,0
2021-11-18 13:37:00,755,755,755,755,200
2021-11-18 13:38:00,755,755,755,755,200
2021-11-18 13:39:00,755,755,755,755,7600
2021-11-18 13:40:00,755,755,755,755,400
2021-11-18 13:41:00,755,755,755,755,0
2021-11-18 13:42:00,755,755,755,755,0
2021-11-18 13:43:00,755,755,755,755,200
2021-11-18 13:44:00,755,755,755,755,200
2021-11-18 13:45:00,755,755,755,755,500
2021-11-18 13:46:00,755,755,755,755,600
2021-11-18 13:47:00,755,755,755,755,1400
2021-11-18 13:48:00,755,755,755,755,800
2021-11-18 13:49:00,755,755,755,755,200
2021-11-18 13:50:00,755,755,755,755,200
2021-11-18 13:51:00,755,755,755,755,800
2021-11-18 13:52:00,750,750,750,750,37600
2021-11-18 13:53:00,750,750,750,750,600
2021-11-18 13:54:00,750,750,750,750,5500
2021-11-18 13:55:00,750,750,750,750,0
2021-11-18 13:56:00,750,750,750,750,2500
2021-11-18 13:57:00,750,745,750,750,2700
2021-11-18 13:58:00,750,750,750,750,5200
2021-11-18 13:59:00,750,750,750,750,0
2021-11-18 14:00:00,750,750,750,750,1000
2021-11-18 14:01:00,750,750,750,750,1300
2021-11-18 14:02:00,750,750,750,750,900
2021-11-18 14:03:00,750,750,750,750,900
2021-11-18 14:04:00,750,750,750,750,500
2021-11-18 14:05:00,750,750,750,750,800
2021-11-18 14:06:00,750,750,750,750,3100
2021-11-18 14:07:00,750,750,750,750,400
2021-11-18 14:08:00,750,750,750,750,500
2021-11-18 14:09:00,750,750,750,750,500
2021-11-18 14:10:00,750,750,750,750,600
2021-11-18 14:11:00,750,750,750,750,600
2021-11-18 14:12:00,750,750,750,750,800
2021-11-18 14:13:00,750,750,750,750,800
2021-11-18 14:14:00,750,750,750,750,500
2021-11-18 14:15:00,750,750,750,750,300
2021-11-18 14:16:00,750,750,750,750,800
2021-11-18 14:17:00,750,750,750,750,500
2021-11-18 14:18:00,750,750,750,750,300
2021-11-18 14:19:00,750,750,750,750,700
2021-11-18 14:20:00,750,750,750,750,6300
2021-11-18 14:21:00,750,750,750,750,18800
2021-11-18 14:22:00,750,750,750,750,6000
2021-11-18 14:23:00,750,750,750,750,100
2021-11-18 14:24:00,750,750,750,750,200
2021-11-18 14:25:00,750,750,750,750,1200
2021-11-18 14:26:00,750,750,750,750,0
2021-11-18 14:27:00,750,750,750,750,0
2021-11-18 14:28:00,745,745,745,745,5000
2021-11-18 14:29:00,750,750,750,750,1000
2021-11-18 14:30:00,750,750,750,750,10800
2021-11-18 14:31:00,750,750,750,750,200
2021-11-18 14:32:00,750,750,750,750,500
2021-11-18 14:33:00,750,750,750,750,1200
2021-11-18 14:34:00,750,750,750,750,700
2021-11-18 14:35:00,750,750,750,750,700
2021-11-18 14:36:00,750,750,750,750,600
2021-11-18 14:37:00,750,750,750,750,500
2021-11-18 14:38:00,750,750,750,750,1000
2021-11-18 14:39:00,750,750,750,750,1200
2021-11-18 14:40:00,750,750,750,750,400
2021-11-18 14:41:00,750,750,750,750,400
2021-11-18 14:42:00,750,750,750,750,600
2021-11-18 14:43:00,750,750,750,750,300
2021-11-18 14:44:00,750,750,750,750,500
2021-11-18 14:45:00,750,750,750,750,300
2021-11-18 14:46:00,750,750,750,750,700
2021-11-18 14:47:00,750,750,750,750,1500
2021-11-18 14:48:00,750,750,750,750,900
2021-11-18 14:49:00,745,745,750,750,4300
2021-11-18 14:50:00,745,745,750,750,0
2021-11-18 14:51:00,745,745,750,750,0
2021-11-18 14:52:00,745,745,750,750,0
2021-11-18 14:53:00,745,745,750,750,0
2021-11-18 14:54:00,745,745,750,750,0
2021-11-18 14:55:00,745,745,750,750,0
2021-11-18 14:56:00,745,745,750,750,0
2021-11-18 14:57:00,745,745,750,750,0
2021-11-18 14:58:00,745,745,750,750,0
2021-11-18 14:59:00,745,745,750,750,0
2021-11-18 15:00:00,750,750,750,750,51800
2021-11-18 15:01:00,750,750,750,750,0
2021-11-18 15:02:00,750,750,750,750,0
2021-11-18 15:03:00,750,750,750,750,0
2021-11-18 15:04:00,750,750,750,750,0
2021-11-18 15:05:00,750,750,750,750,6500
2021-11-18 15:06:00,750,750,750,750,0
2021-11-18 15:07:00,750,750,750,750,0
2021-11-18 15:08:00,750,750,750,750,0
2021-11-18 15:09:00,750,750,750,750,0
2021-11-18 15:10:00,750,750,750,750,2600
2021-11-18 15:11:00,750,750,750,750,200
2021-11-18 15:12:00,750,750,750,750,0
2021-11-18 15:13:00,750,750,750,750,0
2021-11-18 15:14:00,750,750,750,750,0
2021-11-18 15:15:00,750,750,750,750,0
2021-11-18 15:16:00,750,750,750,750,0
2021-11-18 15:17:00,750,750,750,750,0
2021-11-18 15:18:00,750,750,750,750,0
2021-11-18 15:19:00,750,750,750,750,0
2021-11-18 15:20:00,750,750,750,750,0
2021-11-18 15:21:00,750,750,750,750,0
2021-11-18 15:22:00,750,750,750,750,0
2021-11-18 15:23:00,750,750,750,750,0
2021-11-18 15:24:00,750,750,750,750,0
2021-11-18 15:25:00,750,750,750,750,0
2021-11-18 15:26:00,750,750,750,750,0
2021-11-18 15:27:00,750,750,750,750,0
2021-11-18 15:28:00,750,750,750,750,0
2021-11-18 15:29:00,750,750,750,750,0
2021-11-18 15:30:00,750,750,750,750,0
2021-11-18 15:31:00,750,750,750,750,0
2021-11-18 15:32:00,750,750,750,750,0
2021-11-18 15:33:00,750,750,750,750,0
2021-11-18 15:34:00,750,750,750,750,0
2021-11-18 15:35:00,750,750,750,750,0
2021-11-18 15:36:00,750,750,750,750,0
2021-11-18 15:37:00,750,750,750,750,0
2021-11-18 15:38:00,750,750,750,750,0
2021-11-18 15:39:00,750,750,750,750,0
2021-11-18 15:40:00,750,750,750,750,0
2021-11-18 15:41:00,750,750,750,750,0
2021-11-18 15:42:00,750,750,750,750,0
2021-11-18 15:43:00,750,750,750,750,0
2021-11-18 15:44:00,750,750,750,750,0
2021-11-18 15:45:00,750,750,750,750,0
2021-11-18 15:46:00,750,750,750,750,0
2021-11-18 15:47:00,750,750,750,750,0
2021-11-18 15:48:00,750,750,750,750,0
2021-11-18 15:49:00,750,750,750,750,0
2021-11-18 15:50:00,750,750,750,750,0
2021-11-18 15:51:00,750,750,750,750,0
2021-11-18 15:52:00,750,750,750,750,0
2021-11-18 15:53:00,750,750,750,750,0
2021-11-18 15:54:00,750,750,750,750,0
2021-11-18 15:55:00,750,750,750,750,0
2021-11-18 15:56:00,750,750,750,750,0
2021-11-18 15:57:00,750,750,750,750,0
2021-11-18 15:58:00,750,750,750,750,0
2021-11-18 15:59:00,750,750,750,750,0
2021-11-19 09:00:00,750,750,760,755,0
2021-11-19 09:01:00,755,755,755,755,13000
2021-11-19 09:02:00,750,750,750,750,20000
2021-11-19 09:03:00,750,750,750,750,124200
2021-11-19 09:04:00,750,750,750,750,52200
2021-11-19 09:05:00,750,750,750,750,37100
2021-11-19 09:06:00,750,750,750,750,29500
2021-11-19 09:07:00,750,750,750,750,92500
2021-11-19 09:08:00,750,750,750,750,66700
2021-11-19 09:09:00,750,750,750,750,66200
2021-11-19 09:10:00,750,750,750,750,92800
2021-11-19 09:11:00,750,750,750,750,44500
2021-11-19 09:12:00,745,745,750,750,48100
2021-11-19 09:13:00,750,745,750,750,68900
2021-11-19 09:14:00,750,750,750,750,70400
2021-11-19 09:15:00,750,750,750,750,82600
2021-11-19 09:16:00,750,750,750,750,22800
2021-11-19 09:17:00,750,750,750,750,24300
2021-11-19 09:18:00,750,750,750,750,5100
2021-11-19 09:19:00,750,750,750,750,3300
2021-11-19 09:20:00,750,750,750,750,2900
2021-11-19 09:21:00,745,745,750,750,1300
2021-11-19 09:22:00,745,745,750,750,0
2021-11-19 09:23:00,745,745,750,750,0
2021-11-19 09:24:00,750,750,750,750,300
2021-11-19 09:25:00,750,750,750,750,1400
2021-11-19 09:26:00,750,750,750,750,11300
2021-11-19 09:27:00,750,750,750,750,1300
2021-11-19 09:28:00,750,750,750,750,400
2021-11-19 09:29:00,750,750,750,750,300
2021-11-19 09:30:00,750,750,750,750,2200
2021-11-19 09:31:00,750,745,750,750,2600
2021-11-19 09:32:00,750,750,750,750,600
2021-11-19 09:33:00,750,750,750,750,1400
2021-11-19 09:34:00,745,745,750,750,5200
2021-11-19 09:35:00,750,750,750,750,12100
2021-11-19 09:36:00,750,750,750,750,200
2021-11-19 09:37:00,745,745,745,745,30500
2021-11-19 09:38:00,745,745,745,745,0
2021-11-19 09:39:00,745,745,745,745,7900
2021-11-19 09:40:00,745,745,745,745,0
2021-11-19 09:41:00,750,750,750,750,1000
2021-11-19 09:42:00,750,750,750,750,1000
2021-11-19 09:43:00,750,750,750,750,1000
2021-11-19 09:44:00,750,750,750,750,700
2021-11-19 09:45:00,750,750,750,750,0
2021-11-19 09:46:00,750,750,750,750,0
2021-11-19 09:47:00,750,750,750,750,700
2021-11-19 09:48:00,750,750,750,750,107000
2021-11-19 09:49:00,750,750,750,750,62500
2021-11-19 09:50:00,750,750,750,750,64600
2021-11-19 09:51:00,750,750,750,750,94400
2021-11-19 09:52:00,750,750,750,750,29000
2021-11-19 09:53:00,750,750,750,750,9700
2021-11-19 09:54:00,750,750,750,750,13500
2021-11-19 09:55:00,745,745,750,750,11000
2021-11-19 09:56:00,745,745,750,750,0
2021-11-19 09:57:00,750,750,750,750,59200
2021-11-19 09:58:00,750,750,750,750,45100
2021-11-19 09:59:00,750,750,750,750,27300
2021-11-19 10:00:00,750,750,750,750,59800
2021-11-19 10:01:00,750,750,750,750,47400
2021-11-19 10:02:00,750,750,750,750,30500
2021-11-19 10:03:00,750,745,750,750,71000
2021-11-19 10:04:00,750,750,750,750,45300
2021-11-19 10:05:00,750,750,750,750,5800
2021-11-19 10:06:00,750,750,750,750,14200
2021-11-19 10:07:00,750,750,750,750,4200
2021-11-19 10:08:00,750,750,750,750,13800
2021-11-19 10:09:00,750,750,750,750,14700
2021-11-19 10:10:00,750,745,750,745,6400
2021-11-19 10:11:00,745,745,745,745,2000
2021-11-19 10:12:00,745,745,745,745,4900
2021-11-19 10:13:00,750,750,750,750,2000
2021-11-19 10:14:00,750,750,750,750,3700
2021-11-19 10:15:00,750,750,750,750,1100
2021-11-19 10:16:00,750,750,750,750,6300
2021-11-19 10:17:00,750,750,750,750,1600
2021-11-19 10:18:00,750,750,750,750,600
2021-11-19 10:19:00,750,750,750,750,800
2021-11-19 10:20:00,750,750,750,750,900
2021-11-19 10:21:00,750,750,750,750,300
2021-11-19 10:22:00,750,750,750,750,1000
2021-11-19 10:23:00,750,750,750,750,0
2021-11-19 10:24:00,750,745,750,750,1100
2021-11-19 10:25:00,750,745,750,750,0
2021-11-19 10:26:00,750,750,750,750,600
2021-11-19 10:27:00,750,750,750,750,0
2021-11-19 10:28:00,750,750,750,750,1400
2021-11-19 10:29:00,750,750,750,750,300
2021-11-19 10:30:00,750,750,750,750,700
2021-11-19 10:31:00,750,750,750,750,700
2021-11-19 10:32:00,750,750,750,750,300
2021-11-19 10:33:00,750,745,750,745,7000
2021-11-19 10:34:00,745,745,745,745,2600
2021-11-19 10:35:00,745,745,745,745,600
2021-11-19 10:36:00,745,745,745,745,1300
2021-11-19 10:37:00,750,750,750,750,400
2021-11-19 10:38:00,750,750,750,750,1000
2021-11-19 10:39:00,750,750,750,750,2000
2021-11-19 10:40:00,750,750,750,750,0
2021-11-19 10:41:00,750,750,750,750,1000
2021-11-19 10:42:00,750,750,750,750,1500
2021-11-19 10:43:00,750,750,750,750,600
2021-11-19 10:44:00,750,750,750,750,300
2021-11-19 10:45:00,750,750,750,750,1000
2021-11-19 10:46:00,750,750,750,750,0
2021-11-19 10:47:00,750,750,750,750,0
2021-11-19 10:48:00,750,750,750,750,0
2021-11-19 10:49:00,750,750,750,750,0
2021-11-19 10:50:00,750,750,750,750,0
2021-11-19 10:51:00,750,750,750,750,600
2021-11-19 10:52:00,750,750,750,750,300
2021-11-19 10:53:00,750,750,750,750,700
2021-11-19 10:54:00,750,750,750,750,18000
2021-11-19 10:55:00,750,750,750,750,500
2021-11-19 10:56:00,750,750,750,750,500
2021-11-19 10:57:00,750,750,750,750,0
2021-11-19 10:58:00,750,750,750,750,1000
2021-11-19 10:59:00,750,750,750,750,200
2021-11-19 11:00:00,745,745,745,745,2000
2021-11-19 11:01:00,745,745,750,750,1300
2021-11-19 11:02:00,750,750,750,750,5500
2021-11-19 11:03:00,750,750,750,750,500
2021-11-19 11:04:00,750,750,750,750,400
2021-11-19 11:05:00,750,750,750,750,0
2021-11-19 11:06:00,750,750,750,750,500
2021-11-19 11:07:00,750,750,750,750,900
2021-11-19 11:08:00,750,750,750,750,0
2021-11-19 11:09:00,750,750,750,750,900
2021-11-19 11:10:00,745,745,745,745,20000
2021-11-19 11:11:00,750,750,750,750,1000
2021-11-19 11:12:00,750,745,750,745,12900
2021-11-19 11:13:00,750,745,750,745,0
2021-11-19 11:14:00,745,745,745,745,7600
2021-11-19 11:15:00,750,750,750,750,5000
2021-11-19 11:16:00,750,750,750,750,500
2021-11-19 11:17:00,750,750,750,750,0
2021-11-19 11:18:00,745,745,745,745,1400
2021-11-19 11:19:00,745,745,745,745,23600
2021-11-19 11:20:00,745,745,745,745,0
2021-11-19 11:21:00,750,750,750,750,3000
2021-11-19 11:22:00,745,745,745,745,27400
2021-11-19 11:23:00,745,745,745,745,0
2021-11-19 11:24:00,745,745,745,745,0
2021-11-19 11:25:00,745,745,745,745,0
2021-11-19 11:26:00,740,740,740,740,5000
2021-11-19 11:27:00,745,745,745,745,10100
2021-11-19 11:28:00,745,745,745,745,0
2021-11-19 11:29:00,745,745,745,745,2600
2021-11-19 11:30:00,745,745,745,745,0
2021-11-19 11:31:00,745,745,745,745,0
2021-11-19 11:32:00,745,745,745,745,0
2021-11-19 11:33:00,745,745,745,745,0
2021-11-19 11:34:00,745,745,745,745,0
2021-11-19 11:35:00,745,745,745,745,0
2021-11-19 11:36:00,745,745,745,745,0
2021-11-19 11:37:00,745,745,745,745,0
2021-11-19 11:38:00,745,745,745,745,0
2021-11-19 11:39:00,745,745,745,745,0
2021-11-19 11:40:00,745,745,745,745,0
2021-11-19 11:41:00,745,745,745,745,0
2021-11-19 11:42:00,745,745,745,745,0
2021-11-19 11:43:00,745,745,745,745,0
2021-11-19 11:44:00,745,745,745,745,0
2021-11-19 11:45:00,745,745,745,745,0
2021-11-19 11:46:00,745,745,745,745,0
2021-11-19 11:47:00,745,745,745,745,0
2021-11-19 11:48:00,745,745,745,745,0
2021-11-19 11:49:00,745,745,745,745,0
2021-11-19 11:50:00,745,745,745,745,0
2021-11-19 11:51:00,745,745,745,745,0
2021-11-19 11:52:00,745,745,745,745,0
2021-11-19 11:53:00,745,745,745,745,0
2021-11-19 11:54:00,745,745,745,745,0
2021-11-19 11:55:00,745,745,745,745,0
2021-11-19 11:56:00,745,745,745,745,0
2021-11-19 11:57:00,745,745,745,745,0
2021-11-19 11:58:00,745,745,745,745,0
2021-11-19 11:59:00,745,745,745,745,0
2021-11-19 12:00:00,745,745,745,745,0
2021-11-19 12:01:00,745,745,745,745,0
2021-11-19 12:02:00,745,745,745,745,0
2021-11-19 12:03:00,745,745,745,745,0
2021-11-19 12:04:00,745,745,745,745,0
2021-11-19 12:05:00,745,745,745,745,0
2021-11-19 12:06:00,745,745,745,745,0
2021-11-19 12:07:00,745,745,745,745,0
2021-11-19 12:08:00,745,745,745,745,0
2021-11-19 12:09:00,745,745,745,745,0
2021-11-19 12:10:00,745,745,745,745,0
2021-11-19 12:11:00,745,745,745,745,0
2021-11-19 12:12:00,745,745,745,745,0
2021-11-19 12:13:00,745,745,745,745,0
2021-11-19 12:14:00,745,745,745,745,0
2021-11-19 12:15:00,745,745,745,745,0
2021-11-19 12:16:00,745,745,745,745,0
2021-11-19 12:17:00,745,745,745,745,0
2021-11-19 12:18:00,745,745,745,745,0
2021-11-19 12:19:00,745,745,745,745,0
2021-11-19 12:20:00,745,745,745,745,0
2021-11-19 12:21:00,745,745,745,745,0
2021-11-19 12:22:00,745,745,745,745,0
2021-11-19 12:23:00,745,745,745,745,0
2021-11-19 12:24:00,745,745,745,745,0
2021-11-19 12:25:00,745,745,745,745,0
2021-11-19 12:26:00,745,745,745,745,0
2021-11-19 12:27:00,745,745,745,745,0
2021-11-19 12:28:00,745,745,745,745,0
2021-11-19 12:29:00,745,745,745,745,0
2021-11-19 12:30:00,745,745,745,745,0
2021-11-19 12:31:00,745,745,745,745,0
2021-11-19 12:32:00,745,745,745,745,0
2021-11-19 12:33:00,745,745,745,745,0
2021-11-19 12:34:00,745,745,745,745,0
2021-11-19 12:35:00,745,745,745,745,0
2021-11-19 12:36:00,745,745,745,745,0
2021-11-19 12:37:00,745,745,745,745,0
2021-11-19 12:38:00,745,745,745,745,0
2021-11-19 12:39:00,745,745,745,745,0
2021-11-19 12:40:00,745,745,745,745,0
2021-11-19 12:41:00,745,745,745,745,0
2021-11-19 12:42:00,745,745,745,745,0
2021-11-19 12:43:00,745,745,745,745,0
2021-11-19 12:44:00,745,745,745,745,0
2021-11-19 12:45:00,745,745,745,745,0
2021-11-19 12:46:00,745,745,745,745,0
2021-11-19 12:47:00,745,745,745,745,0
2021-11-19 12:48:00,745,745,745,745,0
2021-11-19 12:49:00,745,745,745,745,0
2021-11-19 12:50:00,745,745,745,745,0
2021-11-19 12:51:00,745,745,745,745,0
2021-11-19 12:52:00,745,745,745,745,0
2021-11-19 12:53:00,745,745,745,745,0
2021-11-19 12:54:00,745,745,745,745,0
2021-11-19 12:55:00,745,745,745,745,0
2021-11-19 12:56:00,745,745,745,745,0
2021-11-19 12:57:00,745,745,745,745,0
2021-11-19 12:58:00,745,745,745,745,0
2021-11-19 12:59:00,745,745,745,745,0
2021-11-19 13:00:00,745,745,745,745,0
2021-11-19 13:01:00,745,745,745,745,0
2021-11-19 13:02:00,745,745,745,745,0
2021-11-19 13:03:00,745,745,745,745,0
2021-11-19 13:04:00,745,745,745,745,0
2021-11-19 13:05:00,745,745,745,745,0
2021-11-19 13:06:00,745,745,745,745,0
2021-11-19 13:07:00,745,745,745,745,0
2021-11-19 13:08:00,745,745,745,745,0
2021-11-19 13:09:00,745,745,745,745,0
2021-11-19 13:10:00,745,745,745,745,0
2021-11-19 13:11:00,745,745,745,745,0
2021-11-19 13:12:00,745,745,745,745,0
2021-11-19 13:13:00,745,745,745,745,0
2021-11-19 13:14:00,745,745,745,745,0
2021-11-19 13:15:00,745,745,745,745,0
2021-11-19 13:16:00,745,745,745,745,0
2021-11-19 13:17:00,745,745,745,745,0
2021-11-19 13:18:00,745,745,745,745,0
2021-11-19 13:19:00,745,745,745,745,0
2021-11-19 13:20:00,745,745,745,745,0
2021-11-19 13:21:00,745,745,745,745,0
2021-11-19 13:22:00,745,745,745,745,0
2021-11-19 13:23:00,745,745,745,745,0
2021-11-19 13:24:00,745,745,745,745,0
2021-11-19 13:25:00,745,745,745,745,0
2021-11-19 13:26:00,745,745,745,745,0
2021-11-19 13:27:00,745,745,745,745,0
2021-11-19 13:28:00,745,745,745,745,0
2021-11-19 13:29:00,745,745,745,745,0
2021-11-19 13:30:00,745,740,745,745,5600
2021-11-19 13:31:00,745,740,745,745,0
2021-11-19 13:32:00,745,740,745,740,1200
2021-11-19 13:33:00,745,745,750,750,20600
2021-11-19 13:34:00,750,750,750,750,2700
2021-11-19 13:35:00,750,750,750,750,700
2021-11-19 13:36:00,750,750,750,750,500
2021-11-19 13:37:00,750,750,750,750,1000
2021-11-19 13:38:00,750,745,750,745,25300
2021-11-19 13:39:00,750,745,750,745,0
2021-11-19 13:40:00,745,745,745,745,600
2021-11-19 13:41:00,740,740,745,745,100500
2021-11-19 13:42:00,740,740,740,740,100000
2021-11-19 13:43:00,740,735,740,735,60800
2021-11-19 13:44:00,735,735,735,735,18700
2021-11-19 13:45:00,735,730,735,730,33200
2021-11-19 13:46:00,730,730,730,730,3400
2021-11-19 13:47:00,730,730,735,735,24800
2021-11-19 13:48:00,730,730,735,735,0
2021-11-19 13:49:00,730,730,735,735,0
2021-11-19 13:50:00,735,735,740,740,51000
2021-11-19 13:51:00,740,740,740,740,200
2021-11-19 13:52:00,740,740,740,740,0
2021-11-19 13:53:00,740,740,740,740,3200
2021-11-19 13:54:00,740,740,745,745,1700
2021-11-19 13:55:00,745,745,745,745,700
2021-11-19 13:56:00,745,745,745,745,900
2021-11-19 13:57:00,745,740,745,740,2800
2021-11-19 13:58:00,745,745,745,745,900
2021-11-19 13:59:00,745,745,745,745,700
2021-11-19 14:00:00,745,745,745,745,700
2021-11-19 14:01:00,745,745,745,745,800
2021-11-19 14:02:00,745,745,745,745,0
2021-11-19 14:03:00,745,745,745,745,0
2021-11-19 14:04:00,745,745,745,745,0
2021-11-19 14:05:00,745,745,745,745,0
2021-11-19 14:06:00,745,745,745,745,25000
2021-11-19 14:07:00,740,740,740,740,5000
2021-11-19 14:08:00,740,740,740,740,0
2021-11-19 14:09:00,745,745,745,745,1000
2021-11-19 14:10:00,745,745,745,745,1000
2021-11-19 14:11:00,745,745,745,745,1000
2021-11-19 14:12:00,745,745,745,745,600
2021-11-19 14:13:00,745,740,745,740,3400
2021-11-19 14:14:00,740,740,740,740,2000
2021-11-19 14:15:00,745,745,745,745,600
2021-11-19 14:16:00,745,745,745,745,200
2021-11-19 14:17:00,745,745,745,745,6100
2021-11-19 14:18:00,745,745,745,745,800
2021-11-19 14:19:00,745,745,745,745,300
2021-11-19 14:20:00,745,745,745,745,500
2021-11-19 14:21:00,745,745,745,745,0
2021-11-19 14:22:00,745,745,745,745,32800
2021-11-19 14:23:00,745,745,745,745,800
2021-11-19 14:24:00,745,745,745,745,200
2021-11-19 14:25:00,745,745,745,745,600
2021-11-19 14:26:00,745,745,745,745,0
2021-11-19 14:27:00,745,745,745,745,600
2021-11-19 14:28:00,745,745,745,745,500
2021-11-19 14:29:00,745,745,745,745,300
2021-11-19 14:30:00,745,745,745,745,0
2021-11-19 14:31:00,745,745,745,745,0
2021-11-19 14:32:00,745,740,745,740,42700
2021-11-19 14:33:00,745,740,745,740,0
2021-11-19 14:34:00,740,740,740,740,7600
2021-11-19 14:35:00,740,740,740,740,2800
2021-11-19 14:36:00,740,740,740,740,1300
2021-11-19 14:37:00,740,740,740,740,8900
2021-11-19 14:38:00,740,740,745,745,8500
2021-11-19 14:39:00,745,740,745,740,2300
2021-11-19 14:40:00,740,740,740,740,8700
2021-11-19 14:41:00,740,740,740,740,1200
2021-11-19 14:42:00,740,740,740,740,500
2021-11-19 14:43:00,740,740,740,740,300
2021-11-19 14:44:00,740,740,740,740,0
2021-11-19 14:45:00,740,740,740,740,14300
2021-11-19 14:46:00,740,740,740,740,1100
2021-11-19 14:47:00,740,740,740,740,700
2021-11-19 14:48:00,740,740,740,740,1100
2021-11-19 14:49:00,735,735,735,735,2900
2021-11-19 14:50:00,735,735,735,735,0
2021-11-19 14:51:00,735,735,735,735,0
2021-11-19 14:52:00,735,735,735,735,0
2021-11-19 14:53:00,735,735,735,735,0
2021-11-19 14:54:00,735,735,735,735,0
2021-11-19 14:55:00,735,735,735,735,0
2021-11-19 14:56:00,735,735,735,735,0
2021-11-19 14:57:00,735,735,735,735,0
2021-11-19 14:58:00,735,735,735,735,0
2021-11-19 14:59:00,735,735,735,735,0
2021-11-19 15:00:00,725,725,725,725,418000
2021-11-19 15:01:00,725,725,725,725,0
2021-11-19 15:02:00,725,725,725,725,0
2021-11-19 15:03:00,725,725,725,725,0
2021-11-19 15:04:00,725,725,725,725,0
2021-11-19 15:05:00,725,725,725,725,32300
2021-11-19 15:06:00,725,725,725,725,1300
2021-11-19 15:07:00,725,725,725,725,10000
2021-11-19 15:08:00,725,725,725,725,2500
2021-11-19 15:09:00,725,725,725,725,0
2021-11-19 15:10:00,725,725,725,725,3200
2021-11-19 15:11:00,725,725,725,725,1800
2021-11-19 15:12:00,725,725,725,725,0
2021-11-19 15:13:00,725,725,725,725,0
2021-11-19 15:14:00,725,725,725,725,0
2021-11-19 15:15:00,725,725,725,725,0
2021-11-19 15:16:00,725,725,725,725,0
2021-11-19 15:17:00,725,725,725,725,0
2021-11-19 15:18:00,725,725,725,725,0
2021-11-19 15:19:00,725,725,725,725,0
2021-11-19 15:20:00,725,725,725,725,0
2021-11-19 15:21:00,725,725,725,725,0
2021-11-19 15:22:00,725,725,725,725,0
2021-11-19 15:23:00,725,725,725,725,0
2021-11-19 15:24:00,725,725,725,725,0
2021-11-19 15:25:00,725,725,725,725,0
2021-11-19 15:26:00,725,725,725,725,0
2021-11-19 15:27:00,725,725,725,725,0
2021-11-19 15:28:00,725,725,725,725,0
2021-11-19 15:29:00,725,725,725,725,0
2021-11-19 15:30:00,725,725,725,725,0
2021-11-19 15:31:00,725,725,725,725,0
2021-11-19 15:32:00,725,725,725,725,0
2021-11-19 15:33:00,725,725,725,725,0
2021-11-19 15:34:00,725,725,725,725,0
2021-11-19 15:35:00,725,725,725,725,0
2021-11-19 15:36:00,725,725,725,725,0
2021-11-19 15:37:00,725,725,725,725,0
2021-11-19 15:38:00,725,725,725,725,0
2021-11-19 15:39:00,725,725,725,725,0
2021-11-19 15:40:00,725,725,725,725,0
2021-11-19 15:41:00,725,725,725,725,0
2021-11-19 15:42:00,725,725,725,725,0
2021-11-19 15:43:00,725,725,725,725,0
2021-11-19 15:44:00,725,725,725,725,0
2021-11-19 15:45:00,725,725,725,725,0
2021-11-19 15:46:00,725,725,725,725,0
2021-11-19 15:47:00,725,725,725,725,0
2021-11-19 15:48:00,725,725,725,725,0
2021-11-19 15:49:00,725,725,725,725,0
2021-11-19 15:50:00,725,725,725,725,0
2021-11-19 15:51:00,725,725,725,725,0
2021-11-19 15:52:00,725,725,725,725,0
2021-11-19 15:53:00,725,725,725,725,0
2021-11-19 15:54:00,725,725,725,725,0
2021-11-19 15:55:00,725,725,725,725,0
2021-11-19 15:56:00,725,725,725,725,0
2021-11-19 15:57:00,725,725,725,725,0
2021-11-19 15:58:00,725,725,725,725,0
2021-11-19 15:59:00,725,725,725,725,0
2021-11-29 09:00:00,720,720,720,720,0
2021-11-29 09:01:00,715,715,715,715,300
2021-11-29 09:02:00,720,720,720,720,1000
2021-11-29 09:03:00,730,730,730,730,3000
2021-11-29 09:04:00,730,730,730,730,2100
2021-11-29 09:05:00,730,730,735,735,40000
2021-11-29 09:06:00,735,735,735,735,53200
2021-11-29 09:07:00,735,735,735,735,52800
2021-11-29 09:08:00,735,735,735,735,27000
2021-11-29 09:09:00,730,730,730,730,3300
2021-11-29 09:10:00,720,720,720,720,3800
2021-11-29 09:11:00,715,710,715,710,21400
2021-11-29 09:12:00,710,710,710,710,4000
2021-11-29 09:13:00,710,710,720,720,11700
2021-11-29 09:14:00,725,725,725,725,2100
2021-11-29 09:15:00,725,725,725,725,500
2021-11-29 09:16:00,725,725,725,725,3000
2021-11-29 09:17:00,725,725,725,725,1100
2021-11-29 09:18:00,725,725,725,725,0
2021-11-29 09:19:00,725,720,725,720,2100
2021-11-29 09:20:00,725,720,725,720,0
2021-11-29 09:21:00,725,725,725,725,9100
2021-11-29 09:22:00,725,725,725,725,500
2021-11-29 09:23:00,725,725,725,725,10300
2021-11-29 09:24:00,725,725,725,725,1400
2021-11-29 09:25:00,730,730,730,730,800
2021-11-29 09:26:00,730,730,730,730,1200
2021-11-29 09:27:00,730,730,730,730,1300
2021-11-29 09:28:00,730,730,730,730,800
2021-11-29 09:29:00,730,730,730,730,700
2021-11-29 09:30:00,730,730,730,730,800
2021-11-29 09:31:00,730,730,730,730,200
2021-11-29 09:32:00,730,730,730,730,700
2021-11-29 09:33:00,725,725,730,725,4000
2021-11-29 09:34:00,730,730,730,730,400
2021-11-29 09:35:00,730,730,730,730,0
2021-11-29 09:36:00,730,730,730,730,500
2021-11-29 09:37:00,730,730,730,730,3200
2021-11-29 09:38:00,730,730,730,730,500
2021-11-29 09:39:00,730,730,730,730,500
2021-11-29 09:40:00,730,730,730,730,300
2021-11-29 09:41:00,730,730,730,730,0
2021-11-29 09:42:00,730,730,730,730,0
2021-11-29 09:43:00,725,725,725,725,1000
2021-11-29 09:44:00,725,725,725,725,0
2021-11-29 09:45:00,725,725,725,725,20100
2021-11-29 09:46:00,725,725,725,725,0
2021-11-29 09:47:00,725,725,725,725,0
2021-11-29 09:48:00,725,725,725,725,0
2021-11-29 09:49:00,725,725,725,725,0
2021-11-29 09:50:00,725,725,725,725,0
2021-11-29 09:51:00,725,725,725,725,200
2021-11-29 09:52:00,725,725,725,725,0
2021-11-29 09:53:00,725,725,725,725,3100
2021-11-29 09:54:00,730,730,730,730,900
2021-11-29 09:55:00,730,730,730,730,700
2021-11-29 09:56:00,730,730,730,730,400
2021-11-29 09:57:00,730,730,730,730,700
2021-11-29 09:58:00,730,730,730,730,300
2021-11-29 09:59:00,725,725,730,730,5300
2021-11-29 10:00:00,730,730,730,730,500
2021-11-29 10:01:00,730,730,730,730,1000
2021-11-29 10:02:00,730,730,730,730,0
2021-11-29 10:03:00,730,730,730,730,0
2021-11-29 10:04:00,730,730,730,730,0
2021-11-29 10:05:00,730,730,730,730,0
2021-11-29 10:06:00,730,730,730,730,300
2021-11-29 10:07:00,730,730,730,730,500
2021-11-29 10:08:00,730,730,730,730,1000
2021-11-29 10:09:00,730,730,730,730,200
2021-11-29 10:10:00,730,730,730,730,800
2021-11-29 10:11:00,725,725,725,725,12100
2021-11-29 10:12:00,725,725,725,725,0
2021-11-29 10:13:00,725,725,725,725,0
2021-11-29 10:14:00,725,725,725,725,0
2021-11-29 10:15:00,725,720,725,720,11800
2021-11-29 10:16:00,720,720,720,720,600
2021-11-29 10:17:00,720,720,720,720,7800
2021-11-29 10:18:00,725,725,725,725,100
2021-11-29 10:19:00,720,720,720,720,1200
2021-11-29 10:20:00,720,720,720,720,1000
2021-11-29 10:21:00,720,720,720,720,0
2021-11-29 10:22:00,720,720,720,720,1400
2021-11-29 10:23:00,720,720,720,720,0
2021-11-29 10:24:00,720,720,720,720,9400
2021-11-29 10:25:00,720,720,720,720,0
2021-11-29 10:26:00,720,720,720,720,0
2021-11-29 10:27:00,720,720,720,720,200
2021-11-29 10:28:00,720,720,720,720,96000
2021-11-29 10:29:00,720,720,720,720,42800
2021-11-29 10:30:00,720,720,720,720,37200
2021-11-29 10:31:00,720,715,720,715,45700
2021-11-29 10:32:00,715,715,715,715,200
2021-11-29 10:33:00,710,705,715,715,74200
2021-11-29 10:34:00,710,705,715,715,0
2021-11-29 10:35:00,710,705,715,715,0
2021-11-29 10:36:00,715,715,715,715,62600
2021-11-29 10:37:00,720,715,720,715,17400
2021-11-29 10:38:00,715,715,720,720,23800
2021-11-29 10:39:00,720,720,720,720,1000
2021-11-29 10:40:00,720,720,720,720,52500
2021-11-29 10:41:00,720,720,720,720,26000
2021-11-29 10:42:00,720,720,720,720,34000
2021-11-29 10:43:00,720,715,720,720,47500
2021-11-29 10:44:00,720,720,720,720,26000
2021-11-29 10:45:00,720,720,720,720,11000
2021-11-29 10:46:00,720,720,720,720,32000
2021-11-29 10:47:00,720,715,720,715,76800
2021-11-29 10:48:00,720,715,720,715,0
2021-11-29 10:49:00,720,715,720,715,0
2021-11-29 10:50:00,720,715,720,715,0
2021-11-29 10:51:00,720,715,720,715,0
2021-11-29 10:52:00,715,715,715,715,36700
2021-11-29 10:53:00,720,720,720,720,37000
2021-11-29 10:54:00,720,720,720,720,39900
2021-11-29 10:55:00,720,715,720,715,71600
2021-11-29 10:56:00,720,715,720,715,0
2021-11-29 10:57:00,720,715,720,715,0
2021-11-29 10:58:00,720,715,720,715,0
2021-11-29 10:59:00,710,705,710,705,15000
2021-11-29 11:00:00,710,705,710,705,0
2021-11-29 11:01:00,710,705,710,705,0
2021-11-29 11:02:00,705,705,705,705,10000
2021-11-29 11:03:00,715,715,715,715,30000
2021-11-29 11:04:00,715,715,715,715,0
2021-11-29 11:05:00,715,715,720,720,102500
2021-11-29 11:06:00,720,720,720,720,47200
2021-11-29 11:07:00,720,715,720,720,37500
2021-11-29 11:08:00,720,720,720,720,62000
2021-11-29 11:09:00,720,720,720,720,28500
2021-11-29 11:10:00,720,720,720,720,22500
2021-11-29 11:11:00,720,720,720,720,3400
2021-11-29 11:12:00,720,715,720,715,3700
2021-11-29 11:13:00,720,715,720,715,0
2021-11-29 11:14:00,720,715,720,715,0
2021-11-29 11:15:00,715,715,715,715,11000
2021-11-29 11:16:00,715,715,715,715,0
2021-11-29 11:17:00,715,715,715,715,1000
2021-11-29 11:18:00,715,715,715,715,1000
2021-11-29 11:19:00,715,715,715,715,600
2021-11-29 11:20:00,715,715,715,715,400
2021-11-29 11:21:00,715,715,715,715,700
2021-11-29 11:22:00,715,715,715,715,1000
2021-11-29 11:23:00,715,715,715,715,900
2021-11-29 11:24:00,715,715,715,715,1400
2021-11-29 11:25:00,715,715,715,715,900
2021-11-29 11:26:00,715,715,715,715,500
2021-11-29 11:27:00,715,715,715,715,300
2021-11-29 11:28:00,715,715,715,715,700
2021-11-29 11:29:00,715,710,715,715,2900
2021-11-29 11:30:00,715,710,715,715,0
2021-11-29 11:31:00,715,710,715,715,0
2021-11-29 11:32:00,715,710,715,715,0
2021-11-29 11:33:00,715,710,715,715,0
2021-11-29 11:34:00,715,710,715,715,0
2021-11-29 11:35:00,715,710,715,715,0
2021-11-29 11:36:00,715,710,715,715,0
2021-11-29 11:37:00,715,710,715,715,0
2021-11-29 11:38:00,715,710,715,715,0
2021-11-29 11:39:00,715,710,715,715,0
2021-11-29 11:40:00,715,710,715,715,0
2021-11-29 11:41:00,715,710,715,715,0
2021-11-29 11:42:00,715,710,715,715,0
2021-11-29 11:43:00,715,710,715,715,0
2021-11-29 11:44:00,715,710,715,715,0
2021-11-29 11:45:00,715,710,715,715,0
2021-11-29 11:46:00,715,710,715,715,0
2021-11-29 11:47:00,715,710,715,715,0
2021-11-29 11:48:00,715,710,715,715,0
2021-11-29 11:49:00,715,710,715,715,0
2021-11-29 11:50:00,715,710,715,715,0
2021-11-29 11:51:00,715,710,715,715,0
2021-11-29 11:52:00,715,710,715,715,0
2021-11-29 11:53:00,715,710,715,715,0
2021-11-29 11:54:00,715,710,715,715,0
2021-11-29 11:55:00,715,710,715,715,0
2021-11-29 11:56:00,715,710,715,715,0
2021-11-29 11:57:00,715,710,715,715,0
2021-11-29 11:58:00,715,710,715,715,0
2021-11-29 11:59:00,715,710,715,715,0
2021-11-29 12:00:00,715,710,715,715,0
2021-11-29 12:01:00,715,710,715,715,0
2021-11-29 12:02:00,715,710,715,715,0
2021-11-29 12:03:00,715,710,715,715,0
2021-11-29 12:04:00,715,710,715,715,0
2021-11-29 12:05:00,715,710,715,715,0
2021-11-29 12:06:00,715,710,715,715,0
2021-11-29 12:07:00,715,710,715,715,0
2021-11-29 12:08:00,715,710,715,715,0
2021-11-29 12:09:00,715,710,715,715,0
2021-11-29 12:10:00,715,710,715,715,0
2021-11-29 12:11:00,715,710,715,715,0
2021-11-29 12:12:00,715,710,715,715,0
2021-11-29 12:13:00,715,710,715,715,0
2021-11-29 12:14:00,715,710,715,715,0
2021-11-29 12:15:00,715,710,715,715,0
2021-11-29 12:16:00,715,710,715,715,0
2021-11-29 12:17:00,715,710,715,715,0
2021-11-29 12:18:00,715,710,715,715,0
2021-11-29 12:19:00,715,710,715,715,0
2021-11-29 12:20:00,715,710,715,715,0
2021-11-29 12:21:00,715,710,715,715,0
2021-11-29 12:22:00,715,710,715,715,0
2021-11-29 12:23:00,715,710,715,715,0
2021-11-29 12:24:00,715,710,715,715,0
2021-11-29 12:25:00,715,710,715,715,0
2021-11-29 12:26:00,715,710,715,715,0
2021-11-29 12:27:00,715,710,715,715,0
2021-11-29 12:28:00,715,710,715,715,0
2021-11-29 12:29:00,715,710,715,715,0
2021-11-29 12:30:00,715,710,715,715,0
2021-11-29 12:31:00,715,710,715,715,0
2021-11-29 12:32:00,715,710,715,715,0
2021-11-29 12:33:00,715,710,715,715,0
2021-11-29 12:34:00,715,710,715,715,0
2021-11-29 12:35:00,715,710,715,715,0
2021-11-29 12:36:00,715,710,715,715,0
2021-11-29 12:37:00,715,710,715,715,0
2021-11-29 12:38:00,715,710,715,715,0
2021-11-29 12:39:00,715,710,715,715,0
2021-11-29 12:40:00,715,710,715,715,0
2021-11-29 12:41:00,715,710,715,715,0
2021-11-29 12:42:00,715,710,715,715,0
2021-11-29 12:43:00,715,710,715,715,0
2021-11-29 12:44:00,715,710,715,715,0
2021-11-29 12:45:00,715,710,715,715,0
2021-11-29 12:46:00,715,710,715,715,0
2021-11-29 12:47:00,715,710,715,715,0
2021-11-29 12:48:00,715,710,715,715,0
2021-11-29 12:49:00,715,710,715,715,0
2021-11-29 12:50:00,715,710,715,715,0
2021-11-29 12:51:00,715,710,715,715,0
2021-11-29 12:52:00,715,710,715,715,0
2021-11-29 12:53:00,715,710,715,715,0
2021-11-29 12:54:00,715,710,715,715,0
2021-11-29 12:55:00,715,710,715,715,0
2021-11-29 12:56:00,715,710,715,715,0
2021-11-29 12:57:00,715,710,715,715,0
2021-11-29 12:58:00,715,710,715,715,0
2021-11-29 12:59:00,715,710,715,715,0
2021-11-29 13:00:00,715,710,715,715,0
2021-11-29 13:01:00,715,710,715,715,0
2021-11-29 13:02:00,715,710,715,715,0
2021-11-29 13:03:00,715,710,715,715,0
2021-11-29 13:04:00,715,710,715,715,0
2021-11-29 13:05:00,715,710,715,715,0
2021-11-29 13:06:00,715,710,715,715,0
2021-11-29 13:07:00,715,710,715,715,0
2021-11-29 13:08:00,715,710,715,715,0
2021-11-29 13:09:00,715,710,715,715,0
2021-11-29 13:10:00,715,710,715,715,0
2021-11-29 13:11:00,715,710,715,715,0
2021-11-29 13:12:00,715,710,715,715,0
2021-11-29 13:13:00,715,710,715,715,0
2021-11-29 13:14:00,715,710,715,715,0
2021-11-29 13:15:00,715,710,715,715,0
2021-11-29 13:16:00,715,710,715,715,0
2021-11-29 13:17:00,715,710,715,715,0
2021-11-29 13:18:00,715,710,715,715,0
2021-11-29 13:19:00,715,710,715,715,0
2021-11-29 13:20:00,715,710,715,715,0
2021-11-29 13:21:00,715,710,715,715,0
2021-11-29 13:22:00,715,710,715,715,0
2021-11-29 13:23:00,715,710,715,715,0
2021-11-29 13:24:00,715,710,715,715,0
2021-11-29 13:25:00,715,710,715,715,0
2021-11-29 13:26:00,715,710,715,715,0
2021-11-29 13:27:00,715,710,715,715,0
2021-11-29 13:28:00,715,710,715,715,0
2021-11-29 13:29:00,715,710,715,715,0
2021-11-29 13:30:00,715,710,715,715,0
2021-11-29 13:31:00,715,710,715,715,0
2021-11-29 13:32:00,715,710,715,715,0
2021-11-29 13:33:00,715,715,715,715,2000
2021-11-29 13:34:00,715,715,715,715,0
2021-11-29 13:35:00,715,715,715,715,0
2021-11-29 13:36:00,715,710,715,710,10500
2021-11-29 13:37:00,710,710,710,710,2000
2021-11-29 13:38:00,710,710,710,710,0
2021-11-29 13:39:00,715,715,715,715,60000
2021-11-29 13:40:00,715,715,720,720,33300
2021-11-29 13:41:00,720,720,720,720,39000
2021-11-29 13:42:00,720,720,720,720,84000
2021-11-29 13:43:00,720,720,720,720,32000
2021-11-29 13:44:00,720,705,720,720,167000
2021-11-29 13:45:00,720,720,720,720,23000
2021-11-29 13:46:00,720,720,720,720,53600
2021-11-29 13:47:00,720,720,720,720,4400
2021-11-29 13:48:00,720,720,720,720,0
2021-11-29 13:49:00,720,720,720,720,14500
2021-11-29 13:50:00,720,720,720,720,4000
2021-11-29 13:51:00,720,720,720,720,10200
2021-11-29 13:52:00,720,720,720,720,300
2021-11-29 13:53:00,720,720,720,720,400
2021-11-29 13:54:00,720,720,720,720,200
2021-11-29 13:55:00,720,720,720,720,0
2021-11-29 13:56:00,720,720,720,720,500
2021-11-29 13:57:00,720,720,720,720,0
2021-11-29 13:58:00,720,720,720,720,300
2021-11-29 13:59:00,720,720,720,720,600
2021-11-29 14:00:00,720,720,720,720,0
2021-11-29 14:01:00,720,720,720,720,300
2021-11-29 14:02:00,720,720,720,720,3000
2021-11-29 14:03:00,720,720,720,720,400
2021-11-29 14:04:00,720,720,720,720,200
2021-11-29 14:05:00,720,720,720,720,0
2021-11-29 14:06:00,720,720,720,720,300
2021-11-29 14:07:00,720,720,720,720,0
2021-11-29 14:08:00,720,720,720,720,0
2021-11-29 14:09:00,720,720,720,720,0
2021-11-29 14:10:00,720,720,720,720,500
2021-11-29 14:11:00,720,720,720,720,0
2021-11-29 14:12:00,720,720,720,720,10100
2021-11-29 14:13:00,720,720,720,720,0
2021-11-29 14:14:00,720,720,720,720,0
2021-11-29 14:15:00,720,720,720,720,0
2021-11-29 14:16:00,720,720,720,720,500
2021-11-29 14:17:00,720,720,720,720,2000
2021-11-29 14:18:00,720,720,720,720,0
2021-11-29 14:19:00,720,720,720,720,0
2021-11-29 14:20:00,720,720,720,720,0
2021-11-29 14:21:00,720,720,720,720,0
2021-11-29 14:22:00,720,720,720,720,1500
2021-11-29 14:23:00,720,720,720,720,0
2021-11-29 14:24:00,715,715,715,715,200
2021-11-29 14:25:00,715,715,715,715,0
2021-11-29 14:26:00,715,715,715,715,0
2021-11-29 14:27:00,715,715,715,715,0
2021-11-29 14:28:00,715,715,715,715,0
2021-11-29 14:29:00,715,715,715,715,0
2021-11-29 14:30:00,715,715,715,715,0
2021-11-29 14:31:00,715,715,715,715,0
2021-11-29 14:32:00,715,715,715,715,0
2021-11-29 14:33:00,715,715,715,715,21500
2021-11-29 14:34:00,715,715,715,715,0
2021-11-29 14:35:00,715,715,715,715,35300
2021-11-29 14:36:00,715,715,715,715,100
2021-11-29 14:37:00,715,715,715,715,21000
2021-11-29 14:38:00,715,715,715,715,0
2021-11-29 14:39:00,715,715,720,720,77600
2021-11-29 14:40:00,720,720,720,720,25000
2021-11-29 14:41:00,720,720,720,720,39200
2021-11-29 14:42:00,720,720,720,720,60800
2021-11-29 14:43:00,720,720,720,720,51500
2021-11-29 14:44:00,720,720,720,720,54500
2021-11-29 14:45:00,720,715,720,720,37400
2021-11-29 14:46:00,720,720,720,720,54000
2021-11-29 14:47:00,715,710,715,710,71700
2021-11-29 14:48:00,710,710,710,710,21000
2021-11-29 14:49:00,710,710,710,710,10900
2021-11-29 14:50:00,710,710,715,715,12500
2021-11-29 14:51:00,710,710,715,715,0
2021-11-29 14:52:00,710,710,715,715,0
2021-11-29 14:53:00,710,710,715,715,0
2021-11-29 14:54:00,710,710,715,715,0
2021-11-29 14:55:00,710,710,715,715,0
2021-11-29 14:56:00,710,710,715,715,0
2021-11-29 14:57:00,710,710,715,715,0
2021-11-29 14:58:00,710,710,715,715,0
2021-11-29 14:59:00,710,710,715,715,0
2021-11-29 15:00:00,715,715,715,715,35000
2021-11-29 15:01:00,715,715,715,715,0
2021-11-29 15:02:00,715,715,715,715,0
2021-11-29 15:03:00,715,715,715,715,0
2021-11-29 15:04:00,715,715,715,715,0
2021-11-29 15:05:00,715,715,715,715,200
2021-11-29 15:06:00,715,715,715,715,0
2021-11-29 15:07:00,715,715,715,715,0
2021-11-29 15:08:00,715,715,715,715,0
2021-11-29 15:09:00,715,715,715,715,0
2021-11-29 15:10:00,715,715,715,715,0
2021-11-29 15:11:00,715,715,715,715,0
2021-11-29 15:12:00,715,715,715,715,0
2021-11-29 15:13:00,715,715,715,715,2000
2021-11-29 15:14:00,715,715,715,715,0
2021-11-29 15:15:00,715,715,715,715,0
2021-11-29 15:16:00,715,715,715,715,0
2021-11-29 15:17:00,715,715,715,715,0
2021-11-29 15:18:00,715,715,715,715,0
2021-11-29 15:19:00,715,715,715,715,0
2021-11-29 15:20:00,715,715,715,715,0
2021-11-29 15:21:00,715,715,715,715,0
2021-11-29 15:22:00,715,715,715,715,0
2021-11-29 15:23:00,715,715,715,715,0
2021-11-29 15:24:00,715,715,715,715,0
2021-11-29 15:25:00,715,715,715,715,0
2021-11-29 15:26:00,715,715,715,715,0
2021-11-29 15:27:00,715,715,715,715,0
2021-11-29 15:28:00,715,715,715,715,0
2021-11-29 15:29:00,715,715,715,715,0
2021-11-29 15:30:00,715,715,715,715,0
2021-11-29 15:31:00,715,715,715,715,0
2021-11-29 15:32:00,715,715,715,715,0
2021-11-29 15:33:00,715,715,715,715,0
2021-11-29 15:34:00,715,715,715,715,0
2021-11-29 15:35:00,715,715,715,715,0
2021-11-29 15:36:00,715,715,715,715,0
2021-11-29 15:37:00,715,715,715,715,0
2021-11-29 15:38:00,715,715,715,715,0
2021-11-29 15:39:00,715,715,715,715,0
2021-11-29 15:40:00,715,715,715,715,0
2021-11-29 15:41:00,715,715,715,715,0
2021-11-29 15:42:00,715,715,715,715,0
2021-11-29 15:43:00,715,715,715,715,0
2021-11-29 15:44:00,715,715,715,715,0
2021-11-29 15:45:00,715,715,715,715,0
2021-11-29 15:46:00,715,715,715,715,0
2021-11-29 15:47:00,715,715,715,715,0
2021-11-29 15:48:00,715,715,715,715,0
2021-11-29 15:49:00,715,715,715,715,0
2021-11-29 15:50:00,715,715,715,715,0
2021-11-29 15:51:00,715,715,715,715,0
2021-11-29 15:52:00,715,715,715,715,0
2021-11-29 15:53:00,715,715,715,715,0
2021-11-29 15:54:00,715,715,715,715,0
2021-11-29 15:55:00,715,715,715,715,0
2021-11-29 15:56:00,715,715,715,715,0
2021-11-29 15:57:00,715,715,715,715,0
2021-11-29 15:58:00,715,715,715,715,0
2021-11-29 15:59:00,715,715,715,715,0
2021-11-30 09:00:00,710,710,710,710,0
2021-11-30 09:01:00,710,710,710,710,0
2021-11-30 09:02:00,710,710,710,710,131500
2021-11-30 09:03:00,715,715,715,715,15200
2021-11-30 09:04:00,720,720,720,720,5000
2021-11-30 09:05:00,720,720,720,720,0
2021-11-30 09:06:00,720,720,720,720,12100
2021-11-30 09:07:00,720,720,720,720,0
2021-11-30 09:08:00,720,720,720,720,20800
2021-11-30 09:09:00,720,720,720,720,0
2021-11-30 09:10:00,720,720,720,720,13000
2021-11-30 09:11:00,720,720,720,720,70800
2021-11-30 09:12:00,720,715,720,720,50100
2021-11-30 09:13:00,720,720,720,720,51700
2021-11-30 09:14:00,720,720,720,720,85500
2021-11-30 09:15:00,720,720,720,720,29000
2021-11-30 09:16:00,720,720,720,720,29500
2021-11-30 09:17:00,720,720,720,720,8100
2021-11-30 09:18:00,720,720,720,720,55400
2021-11-30 09:19:00,720,720,720,720,112300
2021-11-30 09:20:00,720,720,720,720,39200
2021-11-30 09:21:00,720,720,720,720,44700
2021-11-30 09:22:00,720,720,720,720,25000
2021-11-30 09:23:00,720,720,720,720,38300
2021-11-30 09:24:00,720,715,720,720,76900
2021-11-30 09:25:00,720,720,720,720,71400
2021-11-30 09:26:00,720,720,725,725,16700
2021-11-30 09:27:00,725,725,725,725,100000
2021-11-30 09:28:00,720,720,725,725,5900
2021-11-30 09:29:00,725,725,725,725,20100
2021-11-30 09:30:00,725,725,725,725,49300
2021-11-30 09:31:00,725,725,725,725,65600
2021-11-30 09:32:00,725,725,725,725,18200
2021-11-30 09:33:00,725,725,725,725,6000
2021-11-30 09:34:00,725,725,725,725,104600
2021-11-30 09:35:00,725,720,725,725,20600
2021-11-30 09:36:00,730,730,730,730,6100
2021-11-30 09:37:00,730,730,730,730,88000
2021-11-30 09:38:00,730,730,730,730,70200
2021-11-30 09:39:00,730,730,730,730,92000
2021-11-30 09:40:00,730,730,730,730,58300
2021-11-30 09:41:00,730,730,730,730,55900
2021-11-30 09:42:00,730,730,730,730,55000
2021-11-30 09:43:00,730,730,730,730,66800
2021-11-30 09:44:00,725,725,730,730,61300
2021-11-30 09:45:00,730,730,730,730,21000
2021-11-30 09:46:00,730,730,730,730,86700
2021-11-30 09:47:00,730,730,730,730,59000
2021-11-30 09:48:00,730,730,730,730,64300
2021-11-30 09:49:00,730,730,730,730,6200
2021-11-30 09:50:00,730,730,735,735,22700
2021-11-30 09:51:00,735,735,735,735,42100
2021-11-30 09:52:00,735,735,735,735,93400
2021-11-30 09:53:00,735,735,735,735,49600
2021-11-30 09:54:00,735,735,735,735,55100
2021-11-30 09:55:00,735,735,735,735,46600
2021-11-30 09:56:00,735,735,735,735,3000
2021-11-30 09:57:00,735,730,735,730,47300
2021-11-30 09:58:00,735,735,735,735,8100
2021-11-30 09:59:00,735,735,740,740,37100
2021-11-30 10:00:00,740,740,740,740,73500
2021-11-30 10:01:00,740,740,740,740,80300
2021-11-30 10:02:00,740,740,740,740,13200
2021-11-30 10:03:00,740,740,740,740,500
2021-11-30 10:04:00,740,740,740,740,28000
2021-11-30 10:05:00,740,735,740,740,14700
2021-11-30 10:06:00,740,740,740,740,600
2021-11-30 10:07:00,735,735,735,735,14700
2021-11-30 10:08:00,735,735,735,735,0
2021-11-30 10:09:00,730,730,730,730,1100
2021-11-30 10:10:00,730,730,730,730,5100
2021-11-30 10:11:00,730,730,730,730,0
2021-11-30 10:12:00,730,730,730,730,10200
2021-11-30 10:13:00,730,730,730,730,0
2021-11-30 10:14:00,730,730,730,730,2600
2021-11-30 10:15:00,730,730,730,730,1500
2021-11-30 10:16:00,730,730,730,730,0
2021-11-30 10:17:00,725,720,725,720,46800
2021-11-30 10:18:00,720,720,720,720,6200
2021-11-30 10:19:00,720,720,725,725,19000
2021-11-30 10:20:00,720,720,720,720,500
2021-11-30 10:21:00,720,720,720,720,1000
2021-11-30 10:22:00,720,720,720,720,500
2021-11-30 10:23:00,720,720,720,720,2300
2021-11-30 10:24:00,720,720,720,720,1300
2021-11-30 10:25:00,720,720,720,720,600
2021-11-30 10:26:00,720,720,720,720,400
2021-11-30 10:27:00,720,720,720,720,2000
2021-11-30 10:28:00,720,720,720,720,0
2021-11-30 10:29:00,720,720,720,720,7200
2021-11-30 10:30:00,720,720,720,720,600
2021-11-30 10:31:00,720,720,720,720,900
2021-11-30 10:32:00,720,720,720,720,500
2021-11-30 10:33:00,720,720,720,720,500
2021-11-30 10:34:00,720,720,720,720,0
2021-11-30 10:35:00,720,715,720,715,11300
2021-11-30 10:36:00,715,710,720,720,3000
2021-11-30 10:37:00,720,720,720,720,400
2021-11-30 10:38:00,720,720,720,720,1000
2021-11-30 10:39:00,720,720,720,720,0
2021-11-30 10:40:00,720,720,720,720,1100
2021-11-30 10:41:00,720,720,720,720,0
2021-11-30 10:42:00,720,720,720,720,0
2021-11-30 10:43:00,720,720,720,720,0
2021-11-30 10:44:00,720,720,720,720,300
2021-11-30 10:45:00,720,720,720,720,300
2021-11-30 10:46:00,715,715,720,720,700
2021-11-30 10:47:00,715,715,720,720,0
2021-11-30 10:48:00,715,715,720,720,0
2021-11-30 10:49:00,715,715,720,720,0
2021-11-30 10:50:00,715,715,720,720,0
2021-11-30 10:51:00,720,720,720,720,200
2021-11-30 10:52:00,720,720,720,720,400
2021-11-30 10:53:00,720,720,720,720,0
2021-11-30 10:54:00,720,720,720,720,0
2021-11-30 10:55:00,720,720,720,720,1000
2021-11-30 10:56:00,720,720,720,720,1000
2021-11-30 10:57:00,720,720,720,720,1200
2021-11-30 10:58:00,720,720,720,720,700
2021-11-30 10:59:00,720,720,720,720,700
2021-11-30 11:00:00,720,720,720,720,500
2021-11-30 11:01:00,720,720,720,720,800
2021-11-30 11:02:00,720,720,720,720,0
2021-11-30 11:03:00,720,720,720,720,0
2021-11-30 11:04:00,720,720,720,720,0
2021-11-30 11:05:00,720,720,720,720,300
2021-11-30 11:06:00,720,720,720,720,0
2021-11-30 11:07:00,720,720,720,720,200
2021-11-30 11:08:00,720,720,720,720,1000
2021-11-30 11:09:00,720,720,720,720,1000
2021-11-30 11:10:00,720,720,720,720,1000
2021-11-30 11:11:00,720,720,720,720,600
2021-11-30 11:12:00,720,720,720,720,900
2021-11-30 11:13:00,720,720,720,720,500
2021-11-30 11:14:00,720,720,720,720,500
2021-11-30 11:15:00,720,720,720,720,1200
2021-11-30 11:16:00,720,720,720,720,0
2021-11-30 11:17:00,720,720,720,720,200
2021-11-30 11:18:00,720,720,720,720,0
2021-11-30 11:19:00,720,720,720,720,300
2021-11-30 11:20:00,720,720,720,720,0
2021-11-30 11:21:00,720,720,720,720,300
2021-11-30 11:22:00,720,715,720,715,15600
2021-11-30 11:23:00,720,720,720,720,10400
2021-11-30 11:24:00,720,720,720,720,500
2021-11-30 11:25:00,720,720,720,720,200
2021-11-30 11:26:00,720,720,720,720,0
2021-11-30 11:27:00,720,720,720,720,300
2021-11-30 11:28:00,720,720,720,720,500
2021-11-30 11:29:00,720,720,720,720,200
2021-11-30 11:30:00,720,720,720,720,200
2021-11-30 11:31:00,720,720,720,720,0
2021-11-30 11:32:00,720,720,720,720,0
2021-11-30 11:33:00,720,720,720,720,0
2021-11-30 11:34:00,720,720,720,720,0
2021-11-30 11:35:00,720,720,720,720,0
2021-11-30 11:36:00,720,720,720,720,0
2021-11-30 11:37:00,720,720,720,720,0
2021-11-30 11:38:00,720,720,720,720,0
2021-11-30 11:39:00,720,720,720,720,0
2021-11-30 11:40:00,720,720,720,720,0
2021-11-30 11:41:00,720,720,720,720,0
2021-11-30 11:42:00,720,720,720,720,0
2021-11-30 11:43:00,720,720,720,720,0
2021-11-30 11:44:00,720,720,720,720,0
2021-11-30 11:45:00,720,720,720,720,0
2021-11-30 11:46:00,720,720,720,720,0
2021-11-30 11:47:00,720,720,720,720,0
2021-11-30 11:48:00,720,720,720,720,0
2021-11-30 11:49:00,720,720,720,720,0
2021-11-30 11:50:00,720,720,720,720,0
2021-11-30 11:51:00,720,720,720,720,0
2021-11-30 11:52:00,720,720,720,720,0
2021-11-30 11:53:00,720,720,720,720,0
2021-11-30 11:54:00,720,720,720,720,0
2021-11-30 11:55:00,720,720,720,720,0
2021-11-30 11:56:00,720,720,720,720,0
2021-11-30 11:57:00,720,720,720,720,0
2021-11-30 11:58:00,720,720,720,720,0
2021-11-30 11:59:00,720,720,720,720,0
2021-11-30 12:00:00,720,720,720,720,0
2021-11-30 12:01:00,720,720,720,720,0
2021-11-30 12:02:00,720,720,720,720,0
2021-11-30 12:03:00,720,720,720,720,0
2021-11-30 12:04:00,720,720,720,720,0
2021-11-30 12:05:00,720,720,720,720,0
2021-11-30 12:06:00,720,720,720,720,0
2021-11-30 12:07:00,720,720,720,720,0
2021-11-30 12:08:00,720,720,720,720,0
2021-11-30 12:09:00,720,720,720,720,0
2021-11-30 12:10:00,720,720,720,720,0
2021-11-30 12:11:00,720,720,720,720,0
2021-11-30 12:12:00,720,720,720,720,0
2021-11-30 12:13:00,720,720,720,720,0
2021-11-30 12:14:00,720,720,720,720,0
2021-11-30 12:15:00,720,720,720,720,0
2021-11-30 12:16:00,720,720,720,720,0
2021-11-30 12:17:00,720,720,720,720,0
2021-11-30 12:18:00,720,720,720,720,0
2021-11-30 12:19:00,720,720,720,720,0
2021-11-30 12:20:00,720,720,720,720,0
2021-11-30 12:21:00,720,720,720,720,0
2021-11-30 12:22:00,720,720,720,720,0
2021-11-30 12:23:00,720,720,720,720,0
2021-11-30 12:24:00,720,720,720,720,0
2021-11-30 12:25:00,720,720,720,720,0
2021-11-30 12:26:00,720,720,720,720,0
2021-11-30 12:27:00,720,720,720,720,0
2021-11-30 12:28:00,720,720,720,720,0
2021-11-30 12:29:00,720,720,720,720,0
2021-11-30 12:30:00,720,720,720,720,0
2021-11-30 12:31:00,720,720,720,720,0
2021-11-30 12:32:00,720,720,720,720,0
2021-11-30 12:33:00,720,720,720,720,0
2021-11-30 12:34:00,720,720,720,720,0
2021-11-30 12:35:00,720,720,720,720,0
2021-11-30 12:36:00,720,720,720,720,0
2021-11-30 12:37:00,720,720,720,720,0
2021-11-30 12:38:00,720,720,720,720,0
2021-11-30 12:39:00,720,720,720,720,0
2021-11-30 12:40:00,720,720,720,720,0
2021-11-30 12:41:00,720,720,720,720,0
2021-11-30 12:42:00,720,720,720,720,0
2021-11-30 12:43:00,720,720,720,720,0
2021-11-30 12:44:00,720,720,720,720,0
2021-11-30 12:45:00,720,720,720,720,0
2021-11-30 12:46:00,720,720,720,720,0
2021-11-30 12:47:00,720,720,720,720,0
2021-11-30 12:48:00,720,720,720,720,0
2021-11-30 12:49:00,720,720,720,720,0
2021-11-30 12:50:00,720,720,720,720,0
2021-11-30 12:51:00,720,720,720,720,0
2021-11-30 12:52:00,720,720,720,720,0
2021-11-30 12:53:00,720,720,720,720,0
2021-11-30 12:54:00,720,720,720,720,0
2021-11-30 12:55:00,720,720,720,720,0
2021-11-30 12:56:00,720,720,720,720,0
2021-11-30 12:57:00,720,720,720,720,0
2021-11-30 12:58:00,720,720,720,720,0
2021-11-30 12:59:00,720,720,720,720,0
2021-11-30 13:00:00,720,720,720,720,0
2021-11-30 13:01:00,720,720,720,720,0
2021-11-30 13:02:00,720,720,720,720,0
2021-11-30 13:03:00,720,720,720,720,0
2021-11-30 13:04:00,720,720,720,720,0
2021-11-30 13:05:00,720,720,720,720,0
2021-11-30 13:06:00,720,720,720,720,0
2021-11-30 13:07:00,720,720,720,720,0
2021-11-30 13:08:00,720,720,720,720,0
2021-11-30 13:09:00,720,720,720,720,0
2021-11-30 13:10:00,720,720,720,720,0
2021-11-30 13:11:00,720,720,720,720,0
2021-11-30 13:12:00,720,720,720,720,0
2021-11-30 13:13:00,720,720,720,720,0
2021-11-30 13:14:00,720,720,720,720,0
2021-11-30 13:15:00,720,720,720,720,0
2021-11-30 13:16:00,720,720,720,720,0
2021-11-30 13:17:00,720,720,720,720,0
2021-11-30 13:18:00,720,720,720,720,0
2021-11-30 13:19:00,720,720,720,720,0
2021-11-30 13:20:00,720,720,720,720,0
2021-11-30 13:21:00,720,720,720,720,0
2021-11-30 13:22:00,720,720,720,720,0
2021-11-30 13:23:00,720,720,720,720,0
2021-11-30 13:24:00,720,720,720,720,0
2021-11-30 13:25:00,720,720,720,720,0
2021-11-30 13:26:00,720,720,720,720,0
2021-11-30 13:27:00,720,720,720,720,0
2021-11-30 13:28:00,720,720,720,720,0
2021-11-30 13:29:00,720,720,720,720,0
2021-11-30 13:30:00,715,715,720,720,500
2021-11-30 13:31:00,715,715,720,720,7600
2021-11-30 13:32:00,720,720,720,720,500
2021-11-30 13:33:00,720,720,720,720,700
2021-11-30 13:34:00,720,720,720,720,400
2021-11-30 13:35:00,720,715,720,715,2800
2021-11-30 13:36:00,720,710,720,710,7800
2021-11-30 13:37:00,715,710,715,710,30700
2021-11-30 13:38:00,710,710,710,710,4300
2021-11-30 13:39:00,710,710,720,720,6300
2021-11-30 13:40:00,715,715,720,720,800
2021-11-30 13:41:00,720,720,720,720,1000
2021-11-30 13:42:00,720,720,720,720,200
2021-11-30 13:43:00,715,715,720,720,2400
2021-11-30 13:44:00,720,720,720,720,300
2021-11-30 13:45:00,720,720,720,720,0
2021-11-30 13:46:00,720,720,720,720,500
2021-11-30 13:47:00,715,715,715,715,3000
2021-11-30 13:48:00,715,715,715,715,1000
2021-11-30 13:49:00,720,720,720,720,200
2021-11-30 13:50:00,720,720,720,720,0
2021-11-30 13:51:00,720,720,720,720,400
2021-11-30 13:52:00,720,720,720,720,0
2021-11-30 13:53:00,715,715,720,720,300
2021-11-30 13:54:00,720,720,720,720,300
2021-11-30 13:55:00,720,720,720,720,500
2021-11-30 13:56:00,715,715,720,720,600
2021-11-30 13:57:00,715,715,720,720,0
2021-11-30 13:58:00,720,720,720,720,300
2021-11-30 13:59:00,720,720,720,720,200
2021-11-30 14:00:00,720,720,720,720,200
2021-11-30 14:01:00,720,720,720,720,0
2021-11-30 14:02:00,715,715,720,720,400
2021-11-30 14:03:00,720,720,720,720,300
2021-11-30 14:04:00,720,720,720,720,200
2021-11-30 14:05:00,720,720,720,720,0
2021-11-30 14:06:00,715,715,720,715,1100
2021-11-30 14:07:00,720,720,720,720,500
2021-11-30 14:08:00,720,720,720,720,0
2021-11-30 14:09:00,720,720,720,720,300
2021-11-30 14:10:00,720,720,720,720,0
2021-11-30 14:11:00,720,720,720,720,200
2021-11-30 14:12:00,720,720,720,720,0
2021-11-30 14:13:00,720,720,720,720,0
2021-11-30 14:14:00,720,720,720,720,200
2021-11-30 14:15:00,720,720,720,720,1300
2021-11-30 14:16:00,720,720,720,720,0
2021-11-30 14:17:00,720,720,720,720,0
2021-11-30 14:18:00,715,715,715,715,200
2021-11-30 14:19:00,720,720,720,720,300
2021-11-30 14:20:00,720,720,720,720,0
2021-11-30 14:21:00,720,720,720,720,300
2021-11-30 14:22:00,720,720,720,720,400
2021-11-30 14:23:00,720,720,720,720,400
2021-11-30 14:24:00,720,720,720,720,0
2021-11-30 14:25:00,720,720,720,720,300
2021-11-30 14:26:00,720,720,720,720,0
2021-11-30 14:27:00,720,720,720,720,300
2021-11-30 14:28:00,720,720,720,720,400
2021-11-30 14:29:00,720,720,720,720,400
2021-11-30 14:30:00,720,720,720,720,0
2021-11-30 14:31:00,720,720,720,720,0
2021-11-30 14:32:00,720,720,720,720,300
2021-11-30 14:33:00,720,720,720,720,200
2021-11-30 14:34:00,720,720,720,720,0
2021-11-30 14:35:00,720,720,720,720,300
2021-11-30 14:36:00,720,720,720,720,400
2021-11-30 14:37:00,720,720,720,720,0
2021-11-30 14:38:00,720,720,720,720,1000
2021-11-30 14:39:00,720,720,720,720,300
2021-11-30 14:40:00,715,715,715,715,2400
2021-11-30 14:41:00,715,715,715,715,0
2021-11-30 14:42:00,715,710,715,710,10200
2021-11-30 14:43:00,715,715,715,715,200
2021-11-30 14:44:00,715,715,715,715,300
2021-11-30 14:45:00,715,715,715,715,1000
2021-11-30 14:46:00,715,715,715,715,1000
2021-11-30 14:47:00,715,715,715,715,1200
2021-11-30 14:48:00,715,715,715,715,2500
2021-11-30 14:49:00,710,710,715,715,1700
2021-11-30 14:50:00,710,710,715,715,0
2021-11-30 14:51:00,710,710,715,715,0
2021-11-30 14:52:00,710,710,715,715,0
2021-11-30 14:53:00,710,710,715,715,0
2021-11-30 14:54:00,710,710,715,715,0
2021-11-30 14:55:00,710,710,715,715,0
2021-11-30 14:56:00,710,710,715,715,0
2021-11-30 14:57:00,710,710,715,715,0
2021-11-30 14:58:00,710,710,715,715,0
2021-11-30 14:59:00,710,710,715,715,0
2021-11-30 15:00:00,715,715,715,715,29200
2021-11-30 15:01:00,715,715,715,715,0
2021-11-30 15:02:00,715,715,715,715,0
2021-11-30 15:03:00,715,715,715,715,0
2021-11-30 15:04:00,715,715,715,715,0
2021-11-30 15:05:00,715,715,715,715,0
2021-11-30 15:06:00,715,715,715,715,0
2021-11-30 15:07:00,715,715,715,715,0
2021-11-30 15:08:00,715,715,715,715,0
2021-11-30 15:09:00,715,715,715,715,0
2021-11-30 15:10:00,715,715,715,715,200
2021-11-30 15:11:00,715,715,715,715,0
2021-11-30 15:12:00,715,715,715,715,0
2021-11-30 15:13:00,715,715,715,715,0
2021-11-30 15:14:00,715,715,715,715,0
2021-11-30 15:15:00,715,715,715,715,0
2021-11-30 15:16:00,715,715,715,715,0
2021-11-30 15:17:00,715,715,715,715,0
2021-11-30 15:18:00,715,715,715,715,0
2021-11-30 15:19:00,715,715,715,715,0
2021-11-30 15:20:00,715,715,715,715,0
2021-11-30 15:21:00,715,715,715,715,0
2021-11-30 15:22:00,715,715,715,715,0
2021-11-30 15:23:00,715,715,715,715,0
2021-11-30 15:24:00,715,715,715,715,0
2021-11-30 15:25:00,715,715,715,715,0
2021-11-30 15:26:00,715,715,715,715,0
2021-11-30 15:27:00,715,715,715,715,0
2021-11-30 15:28:00,715,715,715,715,0
2021-11-30 15:29:00,715,715,715,715,0
2021-11-30 15:30:00,715,715,715,715,0
2021-11-30 15:31:00,715,715,715,715,0
2021-11-30 15:32:00,715,715,715,715,0
2021-11-30 15:33:00,715,715,715,715,0
2021-11-30 15:34:00,715,715,715,715,0
2021-11-30 15:35:00,715,715,715,715,0
2021-11-30 15:36:00,715,715,715,715,0
2021-11-30 15:37:00,715,715,715,715,0
2021-11-30 15:38:00,715,715,715,715,0
2021-11-30 15:39:00,715,715,715,715,0
2021-11-30 15:40:00,715,715,715,715,0
2021-11-30 15:41:00,715,715,715,715,0
2021-11-30 15:42:00,715,715,715,715,0
2021-11-30 15:43:00,715,715,715,715,0
2021-11-30 15:44:00,715,715,715,715,0
2021-11-30 15:45:00,715,715,715,715,0
2021-11-30 15:46:00,715,715,715,715,0
2021-11-30 15:47:00,715,715,715,715,0
2021-11-30 15:48:00,715,715,715,715,0
2021-11-30 15:49:00,715,715,715,715,0
2021-11-30 15:50:00,715,715,715,715,0
2021-11-30 15:51:00,715,715,715,715,0
2021-11-30 15:52:00,715,715,715,715,0
2021-11-30 15:53:00,715,715,715,715,0
2021-11-30 15:54:00,715,715,715,715,0
2021-11-30 15:55:00,715,715,715,715,0
2021-11-30 15:56:00,715,715,715,715,0
2021-11-30 15:57:00,715,715,715,715,0
2021-11-30 15:58:00,715,715,715,715,0
2021-11-30 15:59:00,715,715,715,715,0
2021-12-01 09:00:00,715,715,715,715,0
2021-12-01 09:01:00,720,720,720,720,0
2021-12-01 09:02:00,720,720,720,720,0
2021-12-01 09:03:00,720,720,720,720,600
2021-12-01 09:04:00,720,720,720,720,1000
2021-12-01 09:05:00,720,720,720,720,600
2021-12-01 09:06:00,720,720,720,720,500
2021-12-01 09:07:00,720,720,720,720,0
2021-12-01 09:08:00,720,720,720,720,300
2021-12-01 09:09:00,720,715,720,720,1100
2021-12-01 09:10:00,720,720,720,720,600
2021-12-01 09:11:00,720,720,720,720,400
2021-12-01 09:12:00,720,720,720,720,200
2021-12-01 09:13:00,720,720,720,720,800
2021-12-01 09:14:00,720,720,720,720,200
2021-12-01 09:15:00,720,720,720,720,300
2021-12-01 09:16:00,720,720,720,720,500
2021-12-01 09:17:00,720,720,720,720,0
2021-12-01 09:18:00,720,720,720,720,500
2021-12-01 09:19:00,720,720,720,720,0
2021-12-01 09:20:00,720,720,720,720,600
2021-12-01 09:21:00,720,720,720,720,0
2021-12-01 09:22:00,720,720,720,720,400
2021-12-01 09:23:00,720,720,720,720,0
2021-12-01 09:24:00,720,720,720,720,0
2021-12-01 09:25:00,720,720,720,720,0
2021-12-01 09:26:00,720,720,720,720,0
2021-12-01 09:27:00,720,720,720,720,500
2021-12-01 09:28:00,720,720,720,720,500
2021-12-01 09:29:00,720,720,720,720,300
2021-12-01 09:30:00,720,720,720,720,300
2021-12-01 09:31:00,720,720,720,720,0
2021-12-01 09:32:00,720,715,720,715,4600
2021-12-01 09:33:00,710,700,720,720,26200
2021-12-01 09:34:00,715,715,715,715,2700
2021-12-01 09:35:00,715,715,715,715,300
2021-12-01 09:36:00,715,715,715,715,2500
2021-12-01 09:37:00,715,715,715,715,0
2021-12-01 09:38:00,715,715,715,715,0
2021-12-01 09:39:00,715,715,715,715,0
2021-12-01 09:40:00,715,715,715,715,5100
2021-12-01 09:41:00,715,715,715,715,300
2021-12-01 09:42:00,715,715,715,715,400
2021-12-01 09:43:00,715,715,715,715,700
2021-12-01 09:44:00,715,715,715,715,0
2021-12-01 09:45:00,715,715,715,715,600
2021-12-01 09:46:00,715,715,715,715,600
2021-12-01 09:47:00,715,715,715,715,200
2021-12-01 09:48:00,715,715,715,715,600
2021-12-01 09:49:00,715,715,715,715,0
2021-12-01 09:50:00,715,715,715,715,300
2021-12-01 09:51:00,715,715,715,715,300
2021-12-01 09:52:00,715,715,715,715,500
2021-12-01 09:53:00,715,715,715,715,200
2021-12-01 09:54:00,715,715,715,715,0
2021-12-01 09:55:00,715,715,715,715,0
2021-12-01 09:56:00,715,715,715,715,0
2021-12-01 09:57:00,715,715,715,715,400
2021-12-01 09:58:00,715,715,715,715,400
2021-12-01 09:59:00,715,715,715,715,0
2021-12-01 10:00:00,715,715,715,715,200
2021-12-01 10:01:00,715,715,715,715,500
2021-12-01 10:02:00,715,715,715,715,0
2021-12-01 10:03:00,710,710,715,715,6200
2021-12-01 10:04:00,715,715,715,715,300
2021-12-01 10:05:00,715,715,715,715,100
2021-12-01 10:06:00,710,710,710,710,500
2021-12-01 10:07:00,710,710,710,710,1500
2021-12-01 10:08:00,710,710,710,710,2500
2021-12-01 10:09:00,710,710,710,710,0
2021-12-01 10:10:00,710,710,710,710,0
2021-12-01 10:11:00,710,710,710,710,0
2021-12-01 10:12:00,715,715,715,715,300
2021-12-01 10:13:00,715,715,715,715,500
2021-12-01 10:14:00,715,715,715,715,400
2021-12-01 10:15:00,715,715,715,715,0
2021-12-01 10:16:00,715,715,715,715,300
2021-12-01 10:17:00,715,715,715,715,200
2021-12-01 10:18:00,715,715,715,715,0
2021-12-01 10:19:00,715,715,715,715,3200
2021-12-01 10:20:00,715,715,715,715,0
2021-12-01 10:21:00,715,715,715,715,0
2021-12-01 10:22:00,715,715,715,715,500
2021-12-01 10:23:00,715,715,715,715,0
2021-12-01 10:24:00,715,715,715,715,0
2021-12-01 10:25:00,715,715,715,715,0
2021-12-01 10:26:00,715,715,715,715,700
2021-12-01 10:27:00,715,715,715,715,0
2021-12-01 10:28:00,715,715,715,715,0
2021-12-01 10:29:00,715,715,715,715,0
2021-12-01 10:30:00,715,715,715,715,0
2021-12-01 10:31:00,715,715,715,715,0
2021-12-01 10:32:00,710,710,710,710,100
2021-12-01 10:33:00,710,710,710,710,0
2021-12-01 10:34:00,715,715,715,715,300
2021-12-01 10:35:00,715,710,715,710,6400
2021-12-01 10:36:00,710,710,710,710,600
2021-12-01 10:37:00,710,710,715,715,4900
2021-12-01 10:38:00,715,715,715,715,600
2021-12-01 10:39:00,715,715,715,715,0
2021-12-01 10:40:00,715,715,715,715,0
2021-12-01 10:41:00,715,715,715,715,0
2021-12-01 10:42:00,715,715,715,715,0
2021-12-01 10:43:00,715,715,715,715,300
2021-12-01 10:44:00,715,715,715,715,0
2021-12-01 10:45:00,715,715,715,715,0
2021-12-01 10:46:00,710,710,710,710,2600
2021-12-01 10:47:00,710,710,710,710,300
2021-12-01 10:48:00,710,710,710,710,2100
2021-12-01 10:49:00,715,715,715,715,200
2021-12-01 10:50:00,715,710,715,715,1200
2021-12-01 10:51:00,710,710,710,710,1500
2021-12-01 10:52:00,715,715,715,715,300
2021-12-01 10:53:00,715,715,715,715,300
2021-12-01 10:54:00,710,710,710,710,500
2021-12-01 10:55:00,715,715,715,715,500
2021-12-01 10:56:00,715,715,715,715,0
2021-12-01 10:57:00,715,715,715,715,300
2021-12-01 10:58:00,715,715,715,715,0
2021-12-01 10:59:00,715,710,715,710,500
2021-12-01 11:00:00,715,710,715,710,0
2021-12-01 11:01:00,710,700,710,700,10000
2021-12-01 11:02:00,700,700,700,700,34600
2021-12-01 11:03:00,715,715,715,715,400
2021-12-01 11:04:00,715,715,715,715,0
2021-12-01 11:05:00,715,700,715,700,7700
2021-12-01 11:06:00,700,700,700,700,2300
2021-12-01 11:07:00,710,710,710,710,1300
2021-12-01 11:08:00,710,710,710,710,0
2021-12-01 11:09:00,710,710,710,710,0
2021-12-01 11:10:00,710,710,710,710,0
2021-12-01 11:11:00,715,715,715,715,600
2021-12-01 11:12:00,715,715,715,715,500
2021-12-01 11:13:00,715,715,715,715,1000
2021-12-01 11:14:00,715,715,715,715,400
2021-12-01 11:15:00,715,715,715,715,600
2021-12-01 11:16:00,715,715,715,715,400
2021-12-01 11:17:00,715,715,715,715,600
2021-12-01 11:18:00,715,715,715,715,600
2021-12-01 11:19:00,715,715,715,715,600
2021-12-01 11:20:00,715,715,715,715,200
2021-12-01 11:21:00,715,715,715,715,700
2021-12-01 11:22:00,715,715,715,715,400
2021-12-01 11:23:00,715,715,715,715,500
2021-12-01 11:24:00,715,715,715,715,500
2021-12-01 11:25:00,715,715,715,715,300
2021-12-01 11:26:00,715,715,715,715,1100
2021-12-01 11:27:00,715,710,715,715,1600
2021-12-01 11:28:00,715,715,715,715,300
2021-12-01 11:29:00,715,710,715,710,2400
2021-12-01 11:30:00,715,710,715,710,0
2021-12-01 11:31:00,715,710,715,710,0
2021-12-01 11:32:00,715,710,715,710,0
2021-12-01 11:33:00,715,710,715,710,0
2021-12-01 11:34:00,715,710,715,710,0
2021-12-01 11:35:00,715,710,715,710,0
2021-12-01 11:36:00,715,710,715,710,0
2021-12-01 11:37:00,715,710,715,710,0
2021-12-01 11:38:00,715,710,715,710,0
2021-12-01 11:39:00,715,710,715,710,0
2021-12-01 11:40:00,715,710,715,710,0
2021-12-01 11:41:00,715,710,715,710,0
2021-12-01 11:42:00,715,710,715,710,0
2021-12-01 11:43:00,715,710,715,710,0
2021-12-01 11:44:00,715,710,715,710,0
2021-12-01 11:45:00,715,710,715,710,0
2021-12-01 11:46:00,715,710,715,710,0
2021-12-01 11:47:00,715,710,715,710,0
2021-12-01 11:48:00,715,710,715,710,0
2021-12-01 11:49:00,715,710,715,710,0
2021-12-01 11:50:00,715,710,715,710,0
2021-12-01 11:51:00,715,710,715,710,0
2021-12-01 11:52:00,715,710,715,710,0
2021-12-01 11:53:00,715,710,715,710,0
2021-12-01 11:54:00,715,710,715,710,0
2021-12-01 11:55:00,715,710,715,710,0
2021-12-01 11:56:00,715,710,715,710,0
2021-12-01 11:57:00,715,710,715,710,0
2021-12-01 11:58:00,715,710,715,710,0
2021-12-01 11:59:00,715,710,715,710,0
2021-12-01 12:00:00,715,710,715,710,0
2021-12-01 12:01:00,715,710,715,710,0
2021-12-01 12:02:00,715,710,715,710,0
2021-12-01 12:03:00,715,710,715,710,0
2021-12-01 12:04:00,715,710,715,710,0
2021-12-01 12:05:00,715,710,715,710,0
2021-12-01 12:06:00,715,710,715,710,0
2021-12-01 12:07:00,715,710,715,710,0
2021-12-01 12:08:00,715,710,715,710,0
2021-12-01 12:09:00,715,710,715,710,0
2021-12-01 12:10:00,715,710,715,710,0
2021-12-01 12:11:00,715,710,715,710,0
2021-12-01 12:12:00,715,710,715,710,0
2021-12-01 12:13:00,715,710,715,710,0
2021-12-01 12:14:00,715,710,715,710,0
2021-12-01 12:15:00,715,710,715,710,0
2021-12-01 12:16:00,715,710,715,710,0
2021-12-01 12:17:00,715,710,715,710,0
2021-12-01 12:18:00,715,710,715,710,0
2021-12-01 12:19:00,715,710,715,710,0
2021-12-01 12:20:00,715,710,715,710,0
2021-12-01 12:21:00,715,710,715,710,0
2021-12-01 12:22:00,715,710,715,710,0
2021-12-01 12:23:00,715,710,715,710,0
2021-12-01 12:24:00,715,710,715,710,0
2021-12-01 12:25:00,715,710,715,710,0
2021-12-01 12:26:00,715,710,715,710,0
2021-12-01 12:27:00,715,710,715,710,0
2021-12-01 12:28:00,715,710,715,710,0
2021-12-01 12:29:00,715,710,715,710,0
2021-12-01 12:30:00,715,710,715,710,0
2021-12-01 12:31:00,715,710,715,710,0
2021-12-01 12:32:00,715,710,715,710,0
2021-12-01 12:33:00,715,710,715,710,0
2021-12-01 12:34:00,715,710,715,710,0
2021-12-01 12:35:00,715,710,715,710,0
2021-12-01 12:36:00,715,710,715,710,0
2021-12-01 12:37:00,715,710,715,710,0
2021-12-01 12:38:00,715,710,715,710,0
2021-12-01 12:39:00,715,710,715,710,0
2021-12-01 12:40:00,715,710,715,710,0
2021-12-01 12:41:00,715,710,715,710,0
2021-12-01 12:42:00,715,710,715,710,0
2021-12-01 12:43:00,715,710,715,710,0
2021-12-01 12:44:00,715,710,715,710,0
2021-12-01 12:45:00,715,710,715,710,0
2021-12-01 12:46:00,715,710,715,710,0
2021-12-01 12:47:00,715,710,715,710,0
2021-12-01 12:48:00,715,710,715,710,0
2021-12-01 12:49:00,715,710,715,710,0
2021-12-01 12:50:00,715,710,715,710,0
2021-12-01 12:51:00,715,710,715,710,0
2021-12-01 12:52:00,715,710,715,710,0
2021-12-01 12:53:00,715,710,715,710,0
2021-12-01 12:54:00,715,710,715,710,0
2021-12-01 12:55:00,715,710,715,710,0
2021-12-01 12:56:00,715,710,715,710,0
2021-12-01 12:57:00,715,710,715,710,0
2021-12-01 12:58:00,715,710,715,710,0
2021-12-01 12:59:00,715,710,715,710,0
2021-12-01 13:00:00,715,710,715,710,0
2021-12-01 13:01:00,715,710,715,710,0
2021-12-01 13:02:00,715,710,715,710,0
2021-12-01 13:03:00,715,710,715,710,0
2021-12-01 13:04:00,715,710,715,710,0
2021-12-01 13:05:00,715,710,715,710,0
2021-12-01 13:06:00,715,710,715,710,0
2021-12-01 13:07:00,715,710,715,710,0
2021-12-01 13:08:00,715,710,715,710,0
2021-12-01 13:09:00,715,710,715,710,0
2021-12-01 13:10:00,715,710,715,710,0
2021-12-01 13:11:00,715,710,715,710,0
2021-12-01 13:12:00,715,710,715,710,0
2021-12-01 13:13:00,715,710,715,710,0
2021-12-01 13:14:00,715,710,715,710,0
2021-12-01 13:15:00,715,710,715,710,0
2021-12-01 13:16:00,715,710,715,710,0
2021-12-01 13:17:00,715,710,715,710,0
2021-12-01 13:18:00,715,710,715,710,0
2021-12-01 13:19:00,715,710,715,710,0
2021-12-01 13:20:00,715,710,715,710,0
2021-12-01 13:21:00,715,710,715,710,0
2021-12-01 13:22:00,715,710,715,710,0
2021-12-01 13:23:00,715,710,715,710,0
2021-12-01 13:24:00,715,710,715,710,0
2021-12-01 13:25:00,715,710,715,710,0
2021-12-01 13:26:00,715,710,715,710,0
2021-12-01 13:27:00,715,710,715,710,0
2021-12-01 13:28:00,715,710,715,710,0
2021-12-01 13:29:00,715,710,715,710,0
2021-12-01 13:30:00,710,700,710,710,5700
2021-12-01 13:31:00,710,700,710,710,0
2021-12-01 13:32:00,710,700,710,710,0
2021-12-01 13:33:00,710,710,710,710,20400
2021-12-01 13:34:00,710,710,710,710,3100
2021-12-01 13:35:00,710,710,710,710,10200
2021-12-01 13:36:00,710,710,710,710,200
2021-12-01 13:37:00,710,710,710,710,800
2021-12-01 13:38:00,710,710,710,710,1000
2021-12-01 13:39:00,710,710,710,710,300
2021-12-01 13:40:00,710,710,710,710,600
2021-12-01 13:41:00,705,705,705,705,1000
2021-12-01 13:42:00,710,710,710,710,600
2021-12-01 13:43:00,710,710,710,710,1200
2021-12-01 13:44:00,705,705,710,705,2500
2021-12-01 13:45:00,710,710,710,710,700
2021-12-01 13:46:00,710,710,710,710,700
2021-12-01 13:47:00,710,710,710,710,800
2021-12-01 13:48:00,710,710,710,710,600
2021-12-01 13:49:00,705,700,705,705,8300
2021-12-01 13:50:00,705,705,705,705,700
2021-12-01 13:51:00,710,705,710,705,2300
2021-12-01 13:52:00,705,705,705,705,1100
2021-12-01 13:53:00,705,705,705,705,0
2021-12-01 13:54:00,705,705,705,705,5600
2021-12-01 13:55:00,705,705,705,705,0
2021-12-01 13:56:00,705,705,705,705,0
2021-12-01 13:57:00,705,705,705,705,700
2021-12-01 13:58:00,705,705,705,705,1000
2021-12-01 13:59:00,705,705,705,705,500
2021-12-01 14:00:00,705,705,705,705,600
2021-12-01 14:01:00,705,705,705,705,700
2021-12-01 14:02:00,705,705,705,705,0
2021-12-01 14:03:00,705,700,705,700,3600
2021-12-01 14:04:00,705,700,705,700,0
2021-12-01 14:05:00,700,700,700,700,400
2021-12-01 14:06:00,700,700,700,700,12300
2021-12-01 14:07:00,705,705,705,705,300
2021-12-01 14:08:00,705,705,705,705,500
2021-12-01 14:09:00,705,705,705,705,1100
2021-12-01 14:10:00,705,705,705,705,300
2021-12-01 14:11:00,705,705,705,705,300
2021-12-01 14:12:00,705,705,705,705,0
2021-12-01 14:13:00,705,700,705,705,269000
2021-12-01 14:14:00,705,705,705,705,400
2021-12-01 14:15:00,705,705,705,705,300
2021-12-01 14:16:00,700,700,705,705,1300
2021-12-01 14:17:00,705,700,705,705,600
2021-12-01 14:18:00,705,700,705,700,8200
2021-12-01 14:19:00,700,700,705,705,90300
2021-12-01 14:20:00,705,705,705,705,800
2021-12-01 14:21:00,705,700,705,700,3200
2021-12-01 14:22:00,705,700,705,700,0
2021-12-01 14:23:00,705,705,705,705,300
2021-12-01 14:24:00,705,705,705,705,300
2021-12-01 14:25:00,705,705,705,705,400
2021-12-01 14:26:00,705,705,705,705,0
2021-12-01 14:27:00,705,705,705,705,0
2021-12-01 14:28:00,705,705,705,705,0
2021-12-01 14:29:00,700,700,700,700,800
2021-12-01 14:30:00,700,700,700,700,20000
2021-12-01 14:31:00,705,705,705,705,300
2021-12-01 14:32:00,705,705,705,705,300
2021-12-01 14:33:00,705,705,705,705,400
2021-12-01 14:34:00,705,705,705,705,600
2021-12-01 14:35:00,705,705,705,705,300
2021-12-01 14:36:00,700,700,700,700,54000
2021-12-01 14:37:00,700,700,700,700,4000
2021-12-01 14:38:00,705,700,705,700,10300
2021-12-01 14:39:00,705,705,705,705,400
2021-12-01 14:40:00,700,700,705,705,5700
2021-12-01 14:41:00,705,700,705,700,900
2021-12-01 14:42:00,700,700,700,700,5000
2021-12-01 14:43:00,700,700,700,700,0
2021-12-01 14:44:00,700,700,700,700,0
2021-12-01 14:45:00,705,705,705,705,300
2021-12-01 14:46:00,705,705,705,705,800
2021-12-01 14:47:00,705,705,705,705,700
2021-12-01 14:48:00,705,705,705,705,31800
2021-12-01 14:49:00,705,700,705,700,20100
2021-12-01 14:50:00,705,700,705,700,0
2021-12-01 14:51:00,705,700,705,700,0
2021-12-01 14:52:00,705,700,705,700,0
2021-12-01 14:53:00,705,700,705,700,0
2021-12-01 14:54:00,705,700,705,700,0
2021-12-01 14:55:00,705,700,705,700,0
2021-12-01 14:56:00,705,700,705,700,0
2021-12-01 14:57:00,705,700,705,700,0
2021-12-01 14:58:00,705,700,705,700,0
2021-12-01 14:59:00,705,700,705,700,0
2021-12-01 15:00:00,700,700,700,700,23800
2021-12-01 15:01:00,700,700,700,700,0
2021-12-01 15:02:00,700,700,700,700,0
2021-12-01 15:03:00,700,700,700,700,0
2021-12-01 15:04:00,700,700,700,700,0
2021-12-01 15:05:00,700,700,700,700,0
2021-12-01 15:06:00,700,700,700,700,0
2021-12-01 15:07:00,700,700,700,700,0
2021-12-01 15:08:00,700,700,700,700,0
2021-12-01 15:09:00,700,700,700,700,12600
2021-12-01 15:10:00,700,700,700,700,0
2021-12-01 15:11:00,700,700,700,700,0
2021-12-01 15:12:00,700,700,700,700,0
2021-12-01 15:13:00,700,700,700,700,0
2021-12-01 15:14:00,700,700,700,700,0
2021-12-01 15:15:00,700,700,700,700,0
2021-12-01 15:16:00,700,700,700,700,0
2021-12-01 15:17:00,700,700,700,700,0
2021-12-01 15:18:00,700,700,700,700,0
2021-12-01 15:19:00,700,700,700,700,0
2021-12-01 15:20:00,700,700,700,700,0
2021-12-01 15:21:00,700,700,700,700,0
2021-12-01 15:22:00,700,700,700,700,0
2021-12-01 15:23:00,700,700,700,700,0
2021-12-01 15:24:00,700,700,700,700,0
2021-12-01 15:25:00,700,700,700,700,0
2021-12-01 15:26:00,700,700,700,700,0
2021-12-01 15:27:00,700,700,700,700,0
2021-12-01 15:28:00,700,700,700,700,0
2021-12-01 15:29:00,700,700,700,700,0
2021-12-01 15:30:00,700,700,700,700,0
2021-12-01 15:31:00,700,700,700,700,0
2021-12-01 15:32:00,700,700,700,700,0
2021-12-01 15:33:00,700,700,700,700,0
2021-12-01 15:34:00,700,700,700,700,0
2021-12-01 15:35:00,700,700,700,700,0
2021-12-01 15:36:00,700,700,700,700,0
2021-12-01 15:37:00,700,700,700,700,0
2021-12-01 15:38:00,700,700,700,700,0
2021-12-01 15:39:00,700,700,700,700,0
2021-12-01 15:40:00,700,700,700,700,0
2021-12-01 15:41:00,700,700,700,700,0
2021-12-01 15:42:00,700,700,700,700,0
2021-12-01 15:43:00,700,700,700,700,0
2021-12-01 15:44:00,700,700,700,700,0
2021-12-01 15:45:00,700,700,700,700,0
2021-12-01 15:46:00,700,700,700,700,0
2021-12-01 15:47:00,700,700,700,700,0
2021-12-01 15:48:00,700,700,700,700,0
2021-12-01 15:49:00,700,700,700,700,0
2021-12-01 15:50:00,700,700,700,700,0
2021-12-01 15:51:00,700,700,700,700,0
2021-12-01 15:52:00,700,700,700,700,0
2021-12-01 15:53:00,700,700,700,700,0
2021-12-01 15:54:00,700,700,700,700,0
2021-12-01 15:55:00,700,700,700,700,0
2021-12-01 15:56:00,700,700,700,700,0
2021-12-01 15:57:00,700,700,700,700,0
2021-12-01 15:58:00,700,700,700,700,0
2021-12-01 15:59:00,700,700,700,700,0
2021-12-02 09:00:00,660,660,700,685,0
2021-12-02 09:01:00,695,695,705,705,16700
2021-12-02 09:02:00,705,705,705,705,1500
2021-12-02 09:03:00,710,710,710,710,30000
2021-12-02 09:04:00,710,705,710,705,69200
2021-12-02 09:05:00,705,705,705,705,12500
2021-12-02 09:06:00,705,705,705,705,3000
2021-12-02 09:07:00,705,705,705,705,0
2021-12-02 09:08:00,690,690,705,705,600
2021-12-02 09:09:00,705,705,705,705,7700
2021-12-02 09:10:00,705,705,705,705,800
2021-12-02 09:11:00,705,705,705,705,500
2021-12-02 09:12:00,705,705,705,705,500
2021-12-02 09:13:00,705,705,705,705,500
2021-12-02 09:14:00,700,700,700,700,2200
2021-12-02 09:15:00,700,700,700,700,0
2021-12-02 09:16:00,695,695,695,695,200
2021-12-02 09:17:00,700,700,700,700,100
2021-12-02 09:18:00,700,700,700,700,23800
2021-12-02 09:19:00,700,700,700,700,300
2021-12-02 09:20:00,700,700,700,700,2500
2021-12-02 09:21:00,700,700,700,700,900
2021-12-02 09:22:00,700,700,700,700,300
2021-12-02 09:23:00,700,700,700,700,0
2021-12-02 09:24:00,700,700,700,700,0
2021-12-02 09:25:00,695,695,695,695,1900
2021-12-02 09:26:00,695,695,695,695,0
2021-12-02 09:27:00,700,700,700,700,1900
2021-12-02 09:28:00,700,700,700,700,500
2021-12-02 09:29:00,700,700,700,700,400
2021-12-02 09:30:00,700,700,700,700,500
2021-12-02 09:31:00,700,700,700,700,400
2021-12-02 09:32:00,700,700,700,700,300
2021-12-02 09:33:00,700,700,700,700,0
2021-12-02 09:34:00,700,700,700,700,0
2021-12-02 09:35:00,700,700,700,700,300
2021-12-02 09:36:00,700,700,700,700,200
2021-12-02 09:37:00,700,700,700,700,400
2021-12-02 09:38:00,700,700,700,700,200
2021-12-02 09:39:00,700,700,700,700,200
2021-12-02 09:40:00,700,700,700,700,300
2021-12-02 09:41:00,700,700,700,700,0
2021-12-02 09:42:00,700,695,700,700,500
2021-12-02 09:43:00,700,700,700,700,800
2021-12-02 09:44:00,700,700,700,700,300
2021-12-02 09:45:00,700,700,700,700,0
2021-12-02 09:46:00,700,695,700,695,4900
2021-12-02 09:47:00,700,695,700,695,0
2021-12-02 09:48:00,700,695,700,695,56300
2021-12-02 09:49:00,695,695,695,695,100
2021-12-02 09:50:00,695,695,695,695,0
2021-12-02 09:51:00,695,695,695,695,0
2021-12-02 09:52:00,695,695,695,695,600
2021-12-02 09:53:00,695,695,695,695,300
2021-12-02 09:54:00,695,695,695,695,5100
2021-12-02 09:55:00,695,695,695,695,0
2021-12-02 09:56:00,695,695,695,695,135700
2021-12-02 09:57:00,695,690,695,690,13300
2021-12-02 09:58:00,695,690,695,690,188700
2021-12-02 09:59:00,690,690,690,690,400
2021-12-02 10:00:00,690,690,690,690,2100
2021-12-02 10:01:00,690,690,690,690,1100
2021-12-02 10:02:00,690,690,690,690,10300
2021-12-02 10:03:00,690,690,690,690,0
2021-12-02 10:04:00,690,690,690,690,500
2021-12-02 10:05:00,690,690,690,690,900
2021-12-02 10:06:00,690,690,690,690,800
2021-12-02 10:07:00,690,690,690,690,500
2021-12-02 10:08:00,690,690,690,690,500
2021-12-02 10:09:00,690,690,690,690,0
2021-12-02 10:10:00,690,690,690,690,700
2021-12-02 10:11:00,690,690,690,690,600
2021-12-02 10:12:00,690,690,690,690,700
2021-12-02 10:13:00,690,690,690,690,500
2021-12-02 10:14:00,690,690,690,690,300
2021-12-02 10:15:00,690,690,690,690,0
2021-12-02 10:16:00,690,690,690,690,0
2021-12-02 10:17:00,690,690,690,690,500
2021-12-02 10:18:00,685,685,690,690,22700
2021-12-02 10:19:00,685,685,690,690,0
2021-12-02 10:20:00,685,685,685,685,500
2021-12-02 10:21:00,685,685,685,685,0
2021-12-02 10:22:00,685,685,685,685,0
2021-12-02 10:23:00,685,685,690,690,1100
2021-12-02 10:24:00,690,690,690,690,200
2021-12-02 10:25:00,690,690,690,690,300
2021-12-02 10:26:00,690,690,690,690,0
2021-12-02 10:27:00,690,690,690,690,0
2021-12-02 10:28:00,690,690,690,690,200
2021-12-02 10:29:00,690,690,690,690,0
2021-12-02 10:30:00,690,690,690,690,600
2021-12-02 10:31:00,690,690,690,690,300
2021-12-02 10:32:00,690,690,690,690,0
2021-12-02 10:33:00,690,690,690,690,300
2021-12-02 10:34:00,690,690,690,690,0
2021-12-02 10:35:00,690,690,690,690,200
2021-12-02 10:36:00,690,690,690,690,600
2021-12-02 10:37:00,690,690,690,690,200
2021-12-02 10:38:00,690,690,690,690,400
2021-12-02 10:39:00,690,690,690,690,700
2021-12-02 10:40:00,690,690,690,690,300
2021-12-02 10:41:00,690,690,690,690,300
2021-12-02 10:42:00,685,685,685,685,44600
2021-12-02 10:43:00,685,685,685,685,200
2021-12-02 10:44:00,685,685,685,685,0
2021-12-02 10:45:00,685,685,685,685,0
2021-12-02 10:46:00,685,685,685,685,0
2021-12-02 10:47:00,685,685,685,685,3000
2021-12-02 10:48:00,685,685,685,685,0
2021-12-02 10:49:00,685,685,685,685,0
2021-12-02 10:50:00,685,685,685,685,67300
2021-12-02 10:51:00,690,690,695,695,211800
2021-12-02 10:52:00,695,695,695,695,47000
2021-12-02 10:53:00,695,690,695,695,26300
2021-12-02 10:54:00,695,690,695,695,0
2021-12-02 10:55:00,695,695,695,695,44800
2021-12-02 10:56:00,695,695,695,695,55200
2021-12-02 10:57:00,695,695,695,695,81500
2021-12-02 10:58:00,695,695,695,695,58500
2021-12-02 10:59:00,695,695,695,695,80100
2021-12-02 11:00:00,695,695,695,695,60800
2021-12-02 11:01:00,695,690,695,695,55800
2021-12-02 11:02:00,695,690,695,690,4900
2021-12-02 11:03:00,695,690,695,690,0
2021-12-02 11:04:00,695,690,695,690,0
2021-12-02 11:05:00,695,695,695,695,1600
2021-12-02 11:06:00,695,695,695,695,2400
2021-12-02 11:07:00,695,695,695,695,10200
2021-12-02 11:08:00,695,695,695,695,0
2021-12-02 11:09:00,695,695,695,695,400
2021-12-02 11:10:00,695,695,695,695,15100
2021-12-02 11:11:00,695,695,695,695,300
2021-12-02 11:12:00,695,695,695,695,500
2021-12-02 11:13:00,695,695,695,695,0
2021-12-02 11:14:00,695,695,695,695,200
2021-12-02 11:15:00,695,695,695,695,0
2021-12-02 11:16:00,695,695,695,695,800
2021-12-02 11:17:00,690,690,690,690,100
2021-12-02 11:18:00,695,695,695,695,400
2021-12-02 11:19:00,695,695,695,695,0
2021-12-02 11:20:00,695,695,695,695,0
2021-12-02 11:21:00,695,695,695,695,300
2021-12-02 11:22:00,695,695,695,695,0
2021-12-02 11:23:00,695,695,695,695,0
2021-12-02 11:24:00,695,695,695,695,200
2021-12-02 11:25:00,695,695,695,695,0
2021-12-02 11:26:00,695,695,695,695,200
2021-12-02 11:27:00,695,695,695,695,0
2021-12-02 11:28:00,695,695,695,695,0
2021-12-02 11:29:00,695,695,695,695,200
2021-12-02 11:30:00,695,695,695,695,300
2021-12-02 11:31:00,695,695,695,695,0
2021-12-02 11:32:00,695,695,695,695,0
2021-12-02 11:33:00,695,695,695,695,0
2021-12-02 11:34:00,695,695,695,695,0
2021-12-02 11:35:00,695,695,695,695,0
2021-12-02 11:36:00,695,695,695,695,0
2021-12-02 11:37:00,695,695,695,695,0
2021-12-02 11:38:00,695,695,695,695,0
2021-12-02 11:39:00,695,695,695,695,0
2021-12-02 11:40:00,695,695,695,695,0
2021-12-02 11:41:00,695,695,695,695,0
2021-12-02 11:42:00,695,695,695,695,0
2021-12-02 11:43:00,695,695,695,695,0
2021-12-02 11:44:00,695,695,695,695,0
2021-12-02 11:45:00,695,695,695,695,0
2021-12-02 11:46:00,695,695,695,695,0
2021-12-02 11:47:00,695,695,695,695,0
2021-12-02 11:48:00,695,695,695,695,0
2021-12-02 11:49:00,695,695,695,695,0
2021-12-02 11:50:00,695,695,695,695,0
2021-12-02 11:51:00,695,695,695,695,0
2021-12-02 11:52:00,695,695,695,695,0
2021-12-02 11:53:00,695,695,695,695,0
2021-12-02 11:54:00,695,695,695,695,0
2021-12-02 11:55:00,695,695,695,695,0
2021-12-02 11:56:00,695,695,695,695,0
2021-12-02 11:57:00,695,695,695,695,0
2021-12-02 11:58:00,695,695,695,695,0
2021-12-02 11:59:00,695,695,695,695,0
2021-12-02 12:00:00,695,695,695,695,0
2021-12-02 12:01:00,695,695,695,695,0
2021-12-02 12:02:00,695,695,695,695,0
2021-12-02 12:03:00,695,695,695,695,0
2021-12-02 12:04:00,695,695,695,695,0
2021-12-02 12:05:00,695,695,695,695,0
2021-12-02 12:06:00,695,695,695,695,0
2021-12-02 12:07:00,695,695,695,695,0
2021-12-02 12:08:00,695,695,695,695,0
2021-12-02 12:09:00,695,695,695,695,0
2021-12-02 12:10:00,695,695,695,695,0
2021-12-02 12:11:00,695,695,695,695,0
2021-12-02 12:12:00,695,695,695,695,0
2021-12-02 12:13:00,695,695,695,695,0
2021-12-02 12:14:00,695,695,695,695,0
2021-12-02 12:15:00,695,695,695,695,0
2021-12-02 12:16:00,695,695,695,695,0
2021-12-02 12:17:00,695,695,695,695,0
2021-12-02 12:18:00,695,695,695,695,0
2021-12-02 12:19:00,695,695,695,695,0
2021-12-02 12:20:00,695,695,695,695,0
2021-12-02 12:21:00,695,695,695,695,0
2021-12-02 12:22:00,695,695,695,695,0
2021-12-02 12:23:00,695,695,695,695,0
2021-12-02 12:24:00,695,695,695,695,0
2021-12-02 12:25:00,695,695,695,695,0
2021-12-02 12:26:00,695,695,695,695,0
2021-12-02 12:27:00,695,695,695,695,0
2021-12-02 12:28:00,695,695,695,695,0
2021-12-02 12:29:00,695,695,695,695,0
2021-12-02 12:30:00,695,695,695,695,0
2021-12-02 12:31:00,695,695,695,695,0
2021-12-02 12:32:00,695,695,695,695,0
2021-12-02 12:33:00,695,695,695,695,0
2021-12-02 12:34:00,695,695,695,695,0
2021-12-02 12:35:00,695,695,695,695,0
2021-12-02 12:36:00,695,695,695,695,0
2021-12-02 12:37:00,695,695,695,695,0
2021-12-02 12:38:00,695,695,695,695,0
2021-12-02 12:39:00,695,695,695,695,0
2021-12-02 12:40:00,695,695,695,695,0
2021-12-02 12:41:00,695,695,695,695,0
2021-12-02 12:42:00,695,695,695,695,0
2021-12-02 12:43:00,695,695,695,695,0
2021-12-02 12:44:00,695,695,695,695,0
2021-12-02 12:45:00,695,695,695,695,0
2021-12-02 12:46:00,695,695,695,695,0
2021-12-02 12:47:00,695,695,695,695,0
2021-12-02 12:48:00,695,695,695,695,0
2021-12-02 12:49:00,695,695,695,695,0
2021-12-02 12:50:00,695,695,695,695,0
2021-12-02 12:51:00,695,695,695,695,0
2021-12-02 12:52:00,695,695,695,695,0
2021-12-02 12:53:00,695,695,695,695,0
2021-12-02 12:54:00,695,695,695,695,0
2021-12-02 12:55:00,695,695,695,695,0
2021-12-02 12:56:00,695,695,695,695,0
2021-12-02 12:57:00,695,695,695,695,0
2021-12-02 12:58:00,695,695,695,695,0
2021-12-02 12:59:00,695,695,695,695,0
2021-12-02 13:00:00,695,695,695,695,0
2021-12-02 13:01:00,695,695,695,695,0
2021-12-02 13:02:00,695,695,695,695,0
2021-12-02 13:03:00,695,695,695,695,0
2021-12-02 13:04:00,695,695,695,695,0
2021-12-02 13:05:00,695,695,695,695,0
2021-12-02 13:06:00,695,695,695,695,0
2021-12-02 13:07:00,695,695,695,695,0
2021-12-02 13:08:00,695,695,695,695,0
2021-12-02 13:09:00,695,695,695,695,0
2021-12-02 13:10:00,695,695,695,695,0
2021-12-02 13:11:00,695,695,695,695,0
2021-12-02 13:12:00,695,695,695,695,0
2021-12-02 13:13:00,695,695,695,695,0
2021-12-02 13:14:00,695,695,695,695,0
2021-12-02 13:15:00,695,695,695,695,0
2021-12-02 13:16:00,695,695,695,695,0
2021-12-02 13:17:00,695,695,695,695,0
2021-12-02 13:18:00,695,695,695,695,0
2021-12-02 13:19:00,695,695,695,695,0
2021-12-02 13:20:00,695,695,695,695,0
2021-12-02 13:21:00,695,695,695,695,0
2021-12-02 13:22:00,695,695,695,695,0
2021-12-02 13:23:00,695,695,695,695,0
2021-12-02 13:24:00,695,695,695,695,0
2021-12-02 13:25:00,695,695,695,695,0
2021-12-02 13:26:00,695,695,695,695,0
2021-12-02 13:27:00,695,695,695,695,0
2021-12-02 13:28:00,695,695,695,695,0
2021-12-02 13:29:00,695,695,695,695,0
2021-12-02 13:30:00,695,690,695,695,25900
2021-12-02 13:31:00,695,695,695,695,6400
2021-12-02 13:32:00,695,695,695,695,22700
2021-12-02 13:33:00,695,695,695,695,1100
2021-12-02 13:34:00,695,695,695,695,12800
2021-12-02 13:35:00,695,695,695,695,12600
2021-12-02 13:36:00,695,695,695,695,12900
2021-12-02 13:37:00,695,695,695,695,4800
2021-12-02 13:38:00,695,695,695,695,1200
2021-12-02 13:39:00,695,690,695,690,27500
2021-12-02 13:40:00,695,695,695,695,14200
2021-12-02 13:41:00,695,695,695,695,25100
2021-12-02 13:42:00,695,695,695,695,13800
2021-12-02 13:43:00,695,695,695,695,5000
2021-12-02 13:44:00,695,695,695,695,11600
2021-12-02 13:45:00,695,695,695,695,24100
2021-12-02 13:46:00,695,695,695,695,13900
2021-12-02 13:47:00,695,695,695,695,27900
2021-12-02 13:48:00,695,695,695,695,16100
2021-12-02 13:49:00,695,695,695,695,0
2021-12-02 13:50:00,695,695,695,695,30000
2021-12-02 13:51:00,695,695,695,695,37100
2021-12-02 13:52:00,695,695,695,695,30500
2021-12-02 13:53:00,695,695,695,695,14000
2021-12-02 13:54:00,695,695,695,695,1500
2021-12-02 13:55:00,695,695,695,695,11000
2021-12-02 13:56:00,695,695,695,695,16600
2021-12-02 13:57:00,695,695,695,695,12400
2021-12-02 13:58:00,695,695,695,695,46800
2021-12-02 13:59:00,695,695,695,695,14100
2021-12-02 14:00:00,695,695,695,695,35100
2021-12-02 14:01:00,695,695,695,695,26600
2021-12-02 14:02:00,695,695,695,695,7400
2021-12-02 14:03:00,695,695,695,695,42300
2021-12-02 14:04:00,695,695,695,695,36300
2021-12-02 14:05:00,695,695,695,695,31400
2021-12-02 14:06:00,695,695,695,695,15500
2021-12-02 14:07:00,695,695,695,695,50300
2021-12-02 14:08:00,695,695,695,695,18700
2021-12-02 14:09:00,695,690,695,695,20500
2021-12-02 14:10:00,695,695,695,695,34500
2021-12-02 14:11:00,695,695,695,695,45500
2021-12-02 14:12:00,695,695,695,695,22100
2021-12-02 14:13:00,695,695,695,695,49000
2021-12-02 14:14:00,695,695,695,695,43500
2021-12-02 14:15:00,695,695,695,695,8000
2021-12-02 14:16:00,695,695,695,695,0
2021-12-02 14:17:00,695,690,695,695,28200
2021-12-02 14:18:00,695,695,695,695,42900
2021-12-02 14:19:00,695,695,695,695,10300
2021-12-02 14:20:00,695,695,695,695,23100
2021-12-02 14:21:00,695,680,695,695,228800
2021-12-02 14:22:00,695,695,695,695,29700
2021-12-02 14:23:00,695,695,695,695,45000
2021-12-02 14:24:00,695,695,695,695,13000
2021-12-02 14:25:00,695,695,695,695,0
2021-12-02 14:26:00,690,690,690,690,2100
2021-12-02 14:27:00,690,690,690,690,0
2021-12-02 14:28:00,690,690,690,690,300
2021-12-02 14:29:00,690,685,690,690,2800
2021-12-02 14:30:00,690,685,690,685,2100
2021-12-02 14:31:00,690,690,690,690,600
2021-12-02 14:32:00,690,690,690,690,500
2021-12-02 14:33:00,690,690,690,690,300
2021-12-02 14:34:00,690,690,690,690,300
2021-12-02 14:35:00,690,690,690,690,800
2021-12-02 14:36:00,690,690,690,690,600
2021-12-02 14:37:00,690,690,690,690,300
2021-12-02 14:38:00,690,685,690,685,6500
2021-12-02 14:39:00,690,690,690,690,600
2021-12-02 14:40:00,690,690,690,690,200
2021-12-02 14:41:00,690,685,690,685,200
2021-12-02 14:42:00,690,685,690,685,0
2021-12-02 14:43:00,690,690,690,690,300
2021-12-02 14:44:00,690,690,690,690,900
2021-12-02 14:45:00,690,690,690,690,600
2021-12-02 14:46:00,690,690,690,690,700
2021-12-02 14:47:00,690,690,690,690,200
2021-12-02 14:48:00,690,690,690,690,300
2021-12-02 14:49:00,690,690,690,690,1900
2021-12-02 14:50:00,690,690,690,690,0
2021-12-02 14:51:00,690,690,690,690,0
2021-12-02 14:52:00,690,690,690,690,0
2021-12-02 14:53:00,690,690,690,690,0
2021-12-02 14:54:00,690,690,690,690,0
2021-12-02 14:55:00,690,690,690,690,0
2021-12-02 14:56:00,690,690,690,690,0
2021-12-02 14:57:00,690,690,690,690,0
2021-12-02 14:58:00,690,690,690,690,0
2021-12-02 14:59:00,690,690,690,690,0
2021-12-02 15:00:00,675,675,675,675,240200
2021-12-02 15:01:00,675,675,675,675,0
2021-12-02 15:02:00,675,675,675,675,0
2021-12-02 15:03:00,675,675,675,675,0
2021-12-02 15:04:00,675,675,675,675,0
2021-12-02 15:05:00,675,675,675,675,14900
2021-12-02 15:06:00,675,675,675,675,0
2021-12-02 15:07:00,675,675,675,675,0
2021-12-02 15:08:00,675,675,675,675,0
2021-12-02 15:09:00,675,675,675,675,0
2021-12-02 15:10:00,675,675,675,675,0
2021-12-02 15:11:00,675,675,675,675,0
2021-12-02 15:12:00,675,675,675,675,5000
2021-12-02 15:13:00,675,675,675,675,0
2021-12-02 15:14:00,675,675,675,675,0
2021-12-02 15:15:00,675,675,675,675,0
2021-12-02 15:16:00,675,675,675,675,0
2021-12-02 15:17:00,675,675,675,675,0
2021-12-02 15:18:00,675,675,675,675,0
2021-12-02 15:19:00,675,675,675,675,0
2021-12-02 15:20:00,675,675,675,675,0
2021-12-02 15:21:00,675,675,675,675,0
2021-12-02 15:22:00,675,675,675,675,0
2021-12-02 15:23:00,675,675,675,675,0
2021-12-02 15:24:00,675,675,675,675,0
2021-12-02 15:25:00,675,675,675,675,0
2021-12-02 15:26:00,675,675,675,675,0
2021-12-02 15:27:00,675,675,675,675,0
2021-12-02 15:28:00,675,675,675,675,0
2021-12-02 15:29:00,675,675,675,675,0
2021-12-02 15:30:00,675,675,675,675,0
2021-12-02 15:31:00,675,675,675,675,0
2021-12-02 15:32:00,675,675,675,675,0
2021-12-02 15:33:00,675,675,675,675,0
2021-12-02 15:34:00,675,675,675,675,0
2021-12-02 15:35:00,675,675,675,675,0
2021-12-02 15:36:00,675,675,675,675,0
2021-12-02 15:37:00,675,675,675,675,0
2021-12-02 15:38:00,675,675,675,675,0
2021-12-02 15:39:00,675,675,675,675,0
2021-12-02 15:40:00,675,675,675,675,0
2021-12-02 15:41:00,675,675,675,675,0
2021-12-02 15:42:00,675,675,675,675,0
2021-12-02 15:43:00,675,675,675,675,0
2021-12-02 15:44:00,675,675,675,675,0
2021-12-02 15:45:00,675,675,675,675,0
2021-12-02 15:46:00,675,675,675,675,0
2021-12-02 15:47:00,675,675,675,675,0
2021-12-02 15:48:00,675,675,675,675,0
2021-12-02 15:49:00,675,675,675,675,0
2021-12-02 15:50:00,675,675,675,675,0
2021-12-02 15:51:00,675,675,675,675,0
2021-12-02 15:52:00,675,675,675,675,0
2021-12-02 15:53:00,675,675,675,675,0
2021-12-02 15:54:00,675,675,675,675,0
2021-12-02 15:55:00,675,675,675,675,0
2021-12-02 15:56:00,675,675,675,675,0
2021-12-02 15:57:00,675,675,675,675,0
2021-12-02 15:58:00,675,675,675,675,0
2021-12-02 15:59:00,675,675,675,675,0
2021-12-03 09:00:00,680,680,680,680,0
2021-12-03 09:01:00,685,680,685,680,1500
2021-12-03 09:02:00,680,680,680,680,36000
2021-12-03 09:03:00,680,680,680,680,7900
2021-12-03 09:04:00,685,680,685,680,156400
2021-12-03 09:05:00,685,685,695,690,30200
2021-12-03 09:06:00,685,685,695,690,0
2021-12-03 09:07:00,690,690,695,695,33700
2021-12-03 09:08:00,695,695,695,695,52300
2021-12-03 09:09:00,695,695,695,695,41000
2021-12-03 09:10:00,695,695,695,695,30600
2021-12-03 09:11:00,695,690,695,690,59000
2021-12-03 09:12:00,695,695,695,695,98500
2021-12-03 09:13:00,690,690,695,695,8000
2021-12-03 09:14:00,695,695,695,695,87400
2021-12-03 09:15:00,695,695,695,695,73600
2021-12-03 09:16:00,695,695,695,695,42800
2021-12-03 09:17:00,695,695,695,695,66700
2021-12-03 09:18:00,695,695,695,695,48000
2021-12-03 09:19:00,695,695,695,695,69200
2021-12-03 09:20:00,695,695,695,695,19800
2021-12-03 09:21:00,695,695,695,695,34500
2021-12-03 09:22:00,695,695,695,695,26000
2021-12-03 09:23:00,695,695,695,695,3500
2021-12-03 09:24:00,695,695,695,695,0
2021-12-03 09:25:00,695,695,695,695,0
2021-12-03 09:26:00,695,695,695,695,2500
2021-12-03 09:27:00,695,695,695,695,0
2021-12-03 09:28:00,695,695,695,695,12700
2021-12-03 09:29:00,695,695,695,695,500
2021-12-03 09:30:00,695,695,695,695,0
2021-12-03 09:31:00,690,690,695,695,74600
2021-12-03 09:32:00,695,695,695,695,1000
2021-12-03 09:33:00,695,695,695,695,55000
2021-12-03 09:34:00,690,690,695,695,47000
2021-12-03 09:35:00,695,695,695,695,54700
2021-12-03 09:36:00,695,690,695,695,6200
2021-12-03 09:37:00,695,695,695,695,2200
2021-12-03 09:38:00,695,695,695,695,3000
2021-12-03 09:39:00,695,695,695,695,200
2021-12-03 09:40:00,695,695,695,695,0
2021-12-03 09:41:00,695,695,695,695,400
2021-12-03 09:42:00,695,695,695,695,2800
2021-12-03 09:43:00,695,690,695,690,8500
2021-12-03 09:44:00,695,695,695,695,37100
2021-12-03 09:45:00,695,695,695,695,31000
2021-12-03 09:46:00,695,690,695,690,14800
2021-12-03 09:47:00,695,695,695,695,11600
2021-12-03 09:48:00,690,690,690,690,5700
2021-12-03 09:49:00,695,695,695,695,13200
2021-12-03 09:50:00,695,695,695,695,16400
2021-12-03 09:51:00,695,695,695,695,0
2021-12-03 09:52:00,695,695,695,695,0
2021-12-03 09:53:00,695,695,695,695,300
2021-12-03 09:54:00,695,690,695,690,5200
2021-12-03 09:55:00,695,695,695,695,5600
2021-12-03 09:56:00,695,695,695,695,200
2021-12-03 09:57:00,695,695,695,695,0
2021-12-03 09:58:00,695,695,695,695,400
2021-12-03 09:59:00,695,695,695,695,0
2021-12-03 10:00:00,695,695,695,695,0
2021-12-03 10:01:00,695,695,695,695,0
2021-12-03 10:02:00,695,695,695,695,2000
2021-12-03 10:03:00,690,690,690,690,5100
2021-12-03 10:04:00,695,695,695,695,500
2021-12-03 10:05:00,695,695,695,695,900
2021-12-03 10:06:00,695,695,695,695,200
2021-12-03 10:07:00,695,695,695,695,5600
2021-12-03 10:08:00,695,695,695,695,500
2021-12-03 10:09:00,695,695,695,695,0
2021-12-03 10:10:00,695,695,695,695,0
2021-12-03 10:11:00,695,695,695,695,400
2021-12-03 10:12:00,695,695,695,695,0
2021-12-03 10:13:00,695,695,695,695,0
2021-12-03 10:14:00,695,695,695,695,1000
2021-12-03 10:15:00,695,695,695,695,4800
2021-12-03 10:16:00,695,695,695,695,200
2021-12-03 10:17:00,695,695,695,695,500
2021-12-03 10:18:00,695,695,695,695,500
2021-12-03 10:19:00,695,695,695,695,400
2021-12-03 10:20:00,695,695,695,695,300
2021-12-03 10:21:00,695,695,695,695,4700
2021-12-03 10:22:00,695,690,695,690,2900
2021-12-03 10:23:00,690,690,690,690,3500
2021-12-03 10:24:00,690,690,690,690,0
2021-12-03 10:25:00,695,695,695,695,400
2021-12-03 10:26:00,695,695,695,695,0
2021-12-03 10:27:00,695,695,695,695,0
2021-12-03 10:28:00,690,690,690,690,1500
2021-12-03 10:29:00,690,690,690,690,0
2021-12-03 10:30:00,690,690,690,690,1100
2021-12-03 10:31:00,695,695,695,695,800
2021-12-03 10:32:00,695,695,695,695,10100
2021-12-03 10:33:00,695,690,695,695,2000
2021-12-03 10:34:00,695,695,695,695,200
2021-12-03 10:35:00,695,695,695,695,3200
2021-12-03 10:36:00,695,695,695,695,500
2021-12-03 10:37:00,695,695,695,695,300
2021-12-03 10:38:00,695,695,695,695,200
2021-12-03 10:39:00,695,695,695,695,200
2021-12-03 10:40:00,695,695,695,695,10600
2021-12-03 10:41:00,695,695,695,695,4400
2021-12-03 10:42:00,695,695,695,695,400
2021-12-03 10:43:00,695,695,695,695,800
2021-12-03 10:44:00,695,695,695,695,200
2021-12-03 10:45:00,690,690,695,695,800
2021-12-03 10:46:00,690,690,695,695,0
2021-12-03 10:47:00,695,695,695,695,16300
2021-12-03 10:48:00,695,695,695,695,0
2021-12-03 10:49:00,695,695,695,695,300
2021-12-03 10:50:00,695,695,695,695,700
2021-12-03 10:51:00,695,695,695,695,0
2021-12-03 10:52:00,695,695,695,695,0
2021-12-03 10:53:00,695,695,695,695,200
2021-12-03 10:54:00,695,695,695,695,500
2021-12-03 10:55:00,695,695,695,695,0
2021-12-03 10:56:00,695,695,695,695,300
2021-12-03 10:57:00,695,695,695,695,700
2021-12-03 10:58:00,695,695,695,695,0
2021-12-03 10:59:00,690,690,695,695,1300
2021-12-03 11:00:00,690,690,695,695,0
2021-12-03 11:01:00,695,695,695,695,300
2021-12-03 11:02:00,695,695,695,695,300
2021-12-03 11:03:00,695,695,695,695,0
2021-12-03 11:04:00,695,695,695,695,400
2021-12-03 11:05:00,695,695,695,695,200
2021-12-03 11:06:00,695,695,695,695,300
2021-12-03 11:07:00,695,695,695,695,300
2021-12-03 11:08:00,695,695,695,695,300
2021-12-03 11:09:00,695,695,695,695,400
2021-12-03 11:10:00,695,695,695,695,0
2021-12-03 11:11:00,695,695,695,695,300
2021-12-03 11:12:00,695,695,695,695,700
2021-12-03 11:13:00,695,695,695,695,0
2021-12-03 11:14:00,695,695,695,695,0
2021-12-03 11:15:00,695,695,695,695,200
2021-12-03 11:16:00,695,695,695,695,700
2021-12-03 11:17:00,695,695,695,695,300
2021-12-03 11:18:00,695,695,695,695,400
2021-12-03 11:19:00,695,695,695,695,0
2021-12-03 11:20:00,695,695,695,695,300
2021-12-03 11:21:00,695,695,695,695,600
2021-12-03 11:22:00,695,695,695,695,200
2021-12-03 11:23:00,695,695,695,695,0
2021-12-03 11:24:00,695,695,695,695,200
2021-12-03 11:25:00,695,695,695,695,0
2021-12-03 11:26:00,695,695,695,695,500
2021-12-03 11:27:00,695,695,695,695,0
2021-12-03 11:28:00,695,695,695,695,500
2021-12-03 11:29:00,695,695,695,695,600
2021-12-03 11:30:00,695,695,695,695,0
2021-12-03 11:31:00,695,695,695,695,0
2021-12-03 11:32:00,695,695,695,695,0
2021-12-03 11:33:00,695,695,695,695,0
2021-12-03 11:34:00,695,695,695,695,0
2021-12-03 11:35:00,695,695,695,695,0
2021-12-03 11:36:00,695,695,695,695,0
2021-12-03 11:37:00,695,695,695,695,0
2021-12-03 11:38:00,695,695,695,695,0
2021-12-03 11:39:00,695,695,695,695,0
2021-12-03 11:40:00,695,695,695,695,0
2021-12-03 11:41:00,695,695,695,695,0
2021-12-03 11:42:00,695,695,695,695,0
2021-12-03 11:43:00,695,695,695,695,0
2021-12-03 11:44:00,695,695,695,695,0
2021-12-03 11:45:00,695,695,695,695,0
2021-12-03 11:46:00,695,695,695,695,0
2021-12-03 11:47:00,695,695,695,695,0
2021-12-03 11:48:00,695,695,695,695,0
2021-12-03 11:49:00,695,695,695,695,0
2021-12-03 11:50:00,695,695,695,695,0
2021-12-03 11:51:00,695,695,695,695,0
2021-12-03 11:52:00,695,695,695,695,0
2021-12-03 11:53:00,695,695,695,695,0
2021-12-03 11:54:00,695,695,695,695,0
2021-12-03 11:55:00,695,695,695,695,0
2021-12-03 11:56:00,695,695,695,695,0
2021-12-03 11:57:00,695,695,695,695,0
2021-12-03 11:58:00,695,695,695,695,0
2021-12-03 11:59:00,695,695,695,695,0
2021-12-03 12:00:00,695,695,695,695,0
2021-12-03 12:01:00,695,695,695,695,0
2021-12-03 12:02:00,695,695,695,695,0
2021-12-03 12:03:00,695,695,695,695,0
2021-12-03 12:04:00,695,695,695,695,0
2021-12-03 12:05:00,695,695,695,695,0
2021-12-03 12:06:00,695,695,695,695,0
2021-12-03 12:07:00,695,695,695,695,0
2021-12-03 12:08:00,695,695,695,695,0
2021-12-03 12:09:00,695,695,695,695,0
2021-12-03 12:10:00,695,695,695,695,0
2021-12-03 12:11:00,695,695,695,695,0
2021-12-03 12:12:00,695,695,695,695,0
2021-12-03 12:13:00,695,695,695,695,0
2021-12-03 12:14:00,695,695,695,695,0
2021-12-03 12:15:00,695,695,695,695,0
2021-12-03 12:16:00,695,695,695,695,0
2021-12-03 12:17:00,695,695,695,695,0
2021-12-03 12:18:00,695,695,695,695,0
2021-12-03 12:19:00,695,695,695,695,0
2021-12-03 12:20:00,695,695,695,695,0
2021-12-03 12:21:00,695,695,695,695,0
2021-12-03 12:22:00,695,695,695,695,0
2021-12-03 12:23:00,695,695,695,695,0
2021-12-03 12:24:00,695,695,695,695,0
2021-12-03 12:25:00,695,695,695,695,0
2021-12-03 12:26:00,695,695,695,695,0
2021-12-03 12:27:00,695,695,695,695,0
2021-12-03 12:28:00,695,695,695,695,0
2021-12-03 12:29:00,695,695,695,695,0
2021-12-03 12:30:00,695,695,695,695,0
2021-12-03 12:31:00,695,695,695,695,0
2021-12-03 12:32:00,695,695,695,695,0
2021-12-03 12:33:00,695,695,695,695,0
2021-12-03 12:34:00,695,695,695,695,0
2021-12-03 12:35:00,695,695,695,695,0
2021-12-03 12:36:00,695,695,695,695,0
2021-12-03 12:37:00,695,695,695,695,0
2021-12-03 12:38:00,695,695,695,695,0
2021-12-03 12:39:00,695,695,695,695,0
2021-12-03 12:40:00,695,695,695,695,0
2021-12-03 12:41:00,695,695,695,695,0
2021-12-03 12:42:00,695,695,695,695,0
2021-12-03 12:43:00,695,695,695,695,0
2021-12-03 12:44:00,695,695,695,695,0
2021-12-03 12:45:00,695,695,695,695,0
2021-12-03 12:46:00,695,695,695,695,0
2021-12-03 12:47:00,695,695,695,695,0
2021-12-03 12:48:00,695,695,695,695,0
2021-12-03 12:49:00,695,695,695,695,0
2021-12-03 12:50:00,695,695,695,695,0
2021-12-03 12:51:00,695,695,695,695,0
2021-12-03 12:52:00,695,695,695,695,0
2021-12-03 12:53:00,695,695,695,695,0
2021-12-03 12:54:00,695,695,695,695,0
2021-12-03 12:55:00,695,695,695,695,0
2021-12-03 12:56:00,695,695,695,695,0
2021-12-03 12:57:00,695,695,695,695,0
2021-12-03 12:58:00,695,695,695,695,0
2021-12-03 12:59:00,695,695,695,695,0
2021-12-03 13:00:00,695,695,695,695,0
2021-12-03 13:01:00,695,695,695,695,0
2021-12-03 13:02:00,695,695,695,695,0
2021-12-03 13:03:00,695,695,695,695,0
2021-12-03 13:04:00,695,695,695,695,0
2021-12-03 13:05:00,695,695,695,695,0
2021-12-03 13:06:00,695,695,695,695,0
2021-12-03 13:07:00,695,695,695,695,0
2021-12-03 13:08:00,695,695,695,695,0
2021-12-03 13:09:00,695,695,695,695,0
2021-12-03 13:10:00,695,695,695,695,0
2021-12-03 13:11:00,695,695,695,695,0
2021-12-03 13:12:00,695,695,695,695,0
2021-12-03 13:13:00,695,695,695,695,0
2021-12-03 13:14:00,695,695,695,695,0
2021-12-03 13:15:00,695,695,695,695,0
2021-12-03 13:16:00,695,695,695,695,0
2021-12-03 13:17:00,695,695,695,695,0
2021-12-03 13:18:00,695,695,695,695,0
2021-12-03 13:19:00,695,695,695,695,0
2021-12-03 13:20:00,695,695,695,695,0
2021-12-03 13:21:00,695,695,695,695,0
2021-12-03 13:22:00,695,695,695,695,0
2021-12-03 13:23:00,695,695,695,695,0
2021-12-03 13:24:00,695,695,695,695,0
2021-12-03 13:25:00,695,695,695,695,0
2021-12-03 13:26:00,695,695,695,695,0
2021-12-03 13:27:00,695,695,695,695,0
2021-12-03 13:28:00,695,695,695,695,0
2021-12-03 13:29:00,695,695,695,695,0
2021-12-03 13:30:00,690,690,690,690,2400
2021-12-03 13:31:00,690,690,690,690,300
2021-12-03 13:32:00,690,690,690,690,300
2021-12-03 13:33:00,690,690,690,690,500
2021-12-03 13:34:00,690,690,690,690,200
2021-12-03 13:35:00,690,690,690,690,700
2021-12-03 13:36:00,685,685,690,690,7500
2021-12-03 13:37:00,685,685,690,690,0
2021-12-03 13:38:00,690,690,690,690,400
2021-12-03 13:39:00,690,690,690,690,5900
2021-12-03 13:40:00,690,680,690,680,50100
2021-12-03 13:41:00,685,685,685,685,300
2021-12-03 13:42:00,680,675,685,685,3900
2021-12-03 13:43:00,680,675,685,685,0
2021-12-03 13:44:00,685,685,685,685,200
2021-12-03 13:45:00,685,685,685,685,200
2021-12-03 13:46:00,685,685,685,685,300
2021-12-03 13:47:00,685,685,685,685,300
2021-12-03 13:48:00,685,685,685,685,300
2021-12-03 13:49:00,685,685,685,685,0
2021-12-03 13:50:00,685,685,685,685,0
2021-12-03 13:51:00,685,680,685,680,65100
2021-12-03 13:52:00,675,675,675,675,54500
2021-12-03 13:53:00,675,675,675,675,0
2021-12-03 13:54:00,680,680,680,680,600
2021-12-03 13:55:00,680,680,680,680,0
2021-12-03 13:56:00,680,680,680,680,1500
2021-12-03 13:57:00,675,675,675,675,2500
2021-12-03 13:58:00,680,680,680,680,400
2021-12-03 13:59:00,680,680,680,680,400
2021-12-03 14:00:00,680,680,680,680,300
2021-12-03 14:01:00,680,680,680,680,0
2021-12-03 14:02:00,680,680,680,680,300
2021-12-03 14:03:00,680,680,680,680,100
2021-12-03 14:04:00,680,680,680,680,300
2021-12-03 14:05:00,680,680,680,680,700
2021-12-03 14:06:00,680,680,685,685,44000
2021-12-03 14:07:00,685,680,685,680,1300
2021-12-03 14:08:00,685,685,685,685,3700
2021-12-03 14:09:00,680,680,685,685,63300
2021-12-03 14:10:00,680,680,685,685,0
2021-12-03 14:11:00,685,685,685,685,500
2021-12-03 14:12:00,685,685,685,685,0
2021-12-03 14:13:00,685,685,685,685,400
2021-12-03 14:14:00,685,685,685,685,400
2021-12-03 14:15:00,685,685,685,685,27700
2021-12-03 14:16:00,690,690,690,690,12100
2021-12-03 14:17:00,690,690,690,690,0
2021-12-03 14:18:00,690,690,690,690,0
2021-12-03 14:19:00,690,690,690,690,0
2021-12-03 14:20:00,685,685,685,685,2300
2021-12-03 14:21:00,685,685,685,685,0
2021-12-03 14:22:00,685,685,685,685,800
2021-12-03 14:23:00,685,685,685,685,3000
2021-12-03 14:24:00,690,690,690,690,400
2021-12-03 14:25:00,690,690,690,690,300
2021-12-03 14:26:00,690,690,690,690,300
2021-12-03 14:27:00,690,690,690,690,500
2021-12-03 14:28:00,690,690,690,690,300
2021-12-03 14:29:00,690,690,690,690,0
2021-12-03 14:30:00,690,690,690,690,0
2021-12-03 14:31:00,690,690,690,690,300
2021-12-03 14:32:00,690,690,690,690,300
2021-12-03 14:33:00,690,690,690,690,400
2021-12-03 14:34:00,690,690,690,690,400
2021-12-03 14:35:00,690,690,690,690,300
2021-12-03 14:36:00,690,690,690,690,0
2021-12-03 14:37:00,690,690,690,690,200
2021-12-03 14:38:00,690,690,690,690,300
2021-12-03 14:39:00,690,690,690,690,300
2021-12-03 14:40:00,690,690,690,690,200
2021-12-03 14:41:00,690,690,690,690,300
2021-12-03 14:42:00,690,690,690,690,0
2021-12-03 14:43:00,690,690,690,690,300
2021-12-03 14:44:00,690,690,690,690,2500
2021-12-03 14:45:00,690,690,690,690,300
2021-12-03 14:46:00,690,690,690,690,500
2021-12-03 14:47:00,690,690,690,690,300
2021-12-03 14:48:00,690,690,690,690,600
2021-12-03 14:49:00,690,680,690,680,53100
2021-12-03 14:50:00,690,680,690,680,0
2021-12-03 14:51:00,690,680,690,680,0
2021-12-03 14:52:00,690,680,690,680,0
2021-12-03 14:53:00,690,680,690,680,0
2021-12-03 14:54:00,690,680,690,680,0
2021-12-03 14:55:00,690,680,690,680,0
2021-12-03 14:56:00,690,680,690,680,0
2021-12-03 14:57:00,690,680,690,680,0
2021-12-03 14:58:00,690,680,690,680,0
2021-12-03 14:59:00,690,680,690,680,0
2021-12-03 15:00:00,695,695,695,695,176200
2021-12-03 15:01:00,695,695,695,695,0
2021-12-03 15:02:00,695,695,695,695,0
2021-12-03 15:03:00,695,695,695,695,0
2021-12-03 15:04:00,695,695,695,695,0
2021-12-03 15:05:00,695,695,695,695,0
2021-12-03 15:06:00,695,695,695,695,0
2021-12-03 15:07:00,695,695,695,695,0
2021-12-03 15:08:00,695,695,695,695,0
2021-12-03 15:09:00,695,695,695,695,0
2021-12-03 15:10:00,695,695,695,695,0
2021-12-03 15:11:00,695,695,695,695,0
2021-12-03 15:12:00,695,695,695,695,0
2021-12-03 15:13:00,695,695,695,695,0
2021-12-03 15:14:00,695,695,695,695,0
2021-12-03 15:15:00,695,695,695,695,0
2021-12-03 15:16:00,695,695,695,695,0
2021-12-03 15:17:00,695,695,695,695,0
2021-12-03 15:18:00,695,695,695,695,0
2021-12-03 15:19:00,695,695,695,695,0
2021-12-03 15:20:00,695,695,695,695,0
2021-12-03 15:21:00,695,695,695,695,0
2021-12-03 15:22:00,695,695,695,695,0
2021-12-03 15:23:00,695,695,695,695,0
2021-12-03 15:24:00,695,695,695,695,0
2021-12-03 15:25:00,695,695,695,695,0
2021-12-03 15:26:00,695,695,695,695,0
2021-12-03 15:27:00,695,695,695,695,0
2021-12-03 15:28:00,695,695,695,695,0
2021-12-03 15:29:00,695,695,695,695,0
2021-12-03 15:30:00,695,695,695,695,0
2021-12-03 15:31:00,695,695,695,695,0
2021-12-03 15:32:00,695,695,695,695,0
2021-12-03 15:33:00,695,695,695,695,0
2021-12-03 15:34:00,695,695,695,695,0
2021-12-03 15:35:00,695,695,695,695,0
2021-12-03 15:36:00,695,695,695,695,0
2021-12-03 15:37:00,695,695,695,695,0
2021-12-03 15:38:00,695,695,695,695,0
2021-12-03 15:39:00,695,695,695,695,0
2021-12-03 15:40:00,695,695,695,695,0
2021-12-03 15:41:00,695,695,695,695,0
2021-12-03 15:42:00,695,695,695,695,0
2021-12-03 15:43:00,695,695,695,695,0
2021-12-03 15:44:00,695,695,695,695,0
2021-12-03 15:45:00,695,695,695,695,0
2021-12-03 15:46:00,695,695,695,695,0
2021-12-03 15:47:00,695,695,695,695,0
2021-12-03 15:48:00,695,695,695,695,0
2021-12-03 15:49:00,695,695,695,695,0
2021-12-03 15:50:00,695,695,695,695,0
2021-12-03 15:51:00,695,695,695,695,0
2021-12-03 15:52:00,695,695,695,695,0
2021-12-03 15:53:00,695,695,695,695,0
2021-12-03 15:54:00,695,695,695,695,0
2021-12-03 15:55:00,695,695,695,695,0
2021-12-03 15:56:00,695,695,695,695,0
2021-12-03 15:57:00,695,695,695,695,0
2021-12-03 15:58:00,695,695,695,695,0
2021-12-03 15:59:00,695,695,695,695,0
2021-12-06 09:00:00,685,685,685,685,0
2021-12-06 09:01:00,685,685,685,685,0
2021-12-06 09:02:00,685,685,685,685,0
2021-12-06 09:03:00,685,685,685,685,0
2021-12-06 09:04:00,685,685,685,685,0
2021-12-06 09:05:00,685,685,685,685,0
2021-12-06 09:06:00,685,685,685,685,0
2021-12-06 09:07:00,685,685,685,685,0
2021-12-06 09:08:00,685,685,685,685,0
2021-12-06 09:09:00,685,685,685,685,0
2021-12-06 09:10:00,685,685,685,685,0
2021-12-06 09:11:00,685,685,685,685,0
2021-12-06 09:12:00,685,685,685,685,0
2021-12-06 09:13:00,685,685,685,685,0
2021-12-06 09:14:00,685,685,685,685,0
2021-12-06 09:15:00,685,685,685,685,0
2021-12-06 09:16:00,685,685,685,685,0
2021-12-06 09:17:00,685,685,685,685,0
2021-12-06 09:18:00,685,685,685,685,0
2021-12-06 09:19:00,685,685,685,685,0
2021-12-06 09:20:00,685,685,685,685,0
2021-12-06 09:21:00,685,685,685,685,0
2021-12-06 09:22:00,685,685,685,685,0
2021-12-06 09:23:00,685,685,685,685,0
2021-12-06 09:24:00,685,685,685,685,0
2021-12-06 09:25:00,685,685,685,685,0
2021-12-06 09:26:00,685,685,685,685,0
2021-12-06 09:27:00,685,685,685,685,0
2021-12-06 09:28:00,685,685,685,685,0
2021-12-06 09:29:00,685,685,685,685,0
2021-12-06 09:30:00,685,685,685,685,0
2021-12-06 09:31:00,685,685,685,685,0
2021-12-06 09:32:00,685,685,685,685,0
2021-12-06 09:33:00,685,685,685,685,0
2021-12-06 09:34:00,685,685,685,685,0
2021-12-06 09:35:00,685,685,685,685,0
2021-12-06 09:36:00,685,685,685,685,0
2021-12-06 09:37:00,685,685,685,685,0
2021-12-06 09:38:00,685,685,685,685,0
2021-12-06 09:39:00,685,685,685,685,0
2021-12-06 09:40:00,685,685,685,685,0
2021-12-06 09:41:00,685,685,685,685,0
2021-12-06 09:42:00,685,685,685,685,0
2021-12-06 09:43:00,685,685,685,685,0
2021-12-06 09:44:00,685,685,685,685,0
2021-12-06 09:45:00,685,685,685,685,0
2021-12-06 09:46:00,685,685,685,685,0
2021-12-06 09:47:00,685,685,685,685,0
2021-12-06 09:48:00,685,685,685,685,0
2021-12-06 09:49:00,685,685,685,685,0
2021-12-06 09:50:00,685,685,685,685,0
2021-12-06 09:51:00,685,685,685,685,0
2021-12-06 09:52:00,685,685,685,685,0
2021-12-06 09:53:00,685,685,685,685,0
2021-12-06 09:54:00,685,685,685,685,0
2021-12-06 09:55:00,685,685,685,685,0
2021-12-06 09:56:00,685,685,685,685,0
2021-12-06 09:57:00,685,685,685,685,0
2021-12-06 09:58:00,685,685,685,685,0
2021-12-06 09:59:00,685,685,685,685,0
2021-12-06 10:00:00,685,685,685,685,0
2021-12-06 10:01:00,685,685,685,685,0
2021-12-06 10:02:00,685,685,685,685,0
2021-12-06 10:03:00,685,685,685,685,0
2021-12-06 10:04:00,685,685,685,685,0
2021-12-06 10:05:00,685,685,685,685,0
2021-12-06 10:06:00,685,685,685,685,0
2021-12-06 10:07:00,685,685,685,685,0
2021-12-06 10:08:00,685,685,685,685,0
2021-12-06 10:09:00,685,685,685,685,0
2021-12-06 10:10:00,685,685,685,685,0
2021-12-06 10:11:00,685,685,685,685,0
2021-12-06 10:12:00,685,685,685,685,0
2021-12-06 10:13:00,685,685,685,685,0
2021-12-06 10:14:00,685,685,685,685,0
2021-12-06 10:15:00,685,685,685,685,0
2021-12-06 10:16:00,685,685,685,685,0
2021-12-06 10:17:00,685,685,685,685,0
2021-12-06 10:18:00,685,685,685,685,0
2021-12-06 10:19:00,685,685,685,685,0
2021-12-06 10:20:00,685,685,685,685,0
2021-12-06 10:21:00,685,685,685,685,0
2021-12-06 10:22:00,685,685,685,685,0
2021-12-06 10:23:00,685,685,685,685,0
2021-12-06 10:24:00,685,685,685,685,0
2021-12-06 10:25:00,685,685,685,685,0
2021-12-06 10:26:00,685,685,685,685,0
2021-12-06 10:27:00,685,685,685,685,0
2021-12-06 10:28:00,685,685,685,685,0
2021-12-06 10:29:00,685,685,685,685,0
2021-12-06 10:30:00,685,685,685,685,0
2021-12-06 10:31:00,685,685,685,685,0
2021-12-06 10:32:00,685,685,685,685,0
2021-12-06 10:33:00,685,685,685,685,0
2021-12-06 10:34:00,685,685,685,685,0
2021-12-06 10:35:00,685,685,685,685,0
2021-12-06 10:36:00,685,685,685,685,0
2021-12-06 10:37:00,685,685,685,685,0
2021-12-06 10:38:00,685,685,685,685,0
2021-12-06 10:39:00,685,685,685,685,0
2021-12-06 10:40:00,685,685,685,685,0
2021-12-06 10:41:00,685,685,685,685,0
2021-12-06 10:42:00,685,685,685,685,0
2021-12-06 10:43:00,685,685,685,685,0
2021-12-06 10:44:00,685,685,685,685,0
2021-12-06 10:45:00,685,685,685,685,0
2021-12-06 10:46:00,685,685,685,685,0
2021-12-06 10:47:00,685,685,685,685,0
2021-12-06 10:48:00,685,685,685,685,0
2021-12-06 10:49:00,685,685,685,685,0
2021-12-06 10:50:00,685,685,685,685,0
2021-12-06 10:51:00,685,685,685,685,0
2021-12-06 10:52:00,685,685,685,685,0
2021-12-06 10:53:00,685,685,685,685,0
2021-12-06 10:54:00,685,685,685,685,0
2021-12-06 10:55:00,685,685,685,685,0
2021-12-06 10:56:00,685,685,685,685,0
2021-12-06 10:57:00,685,685,685,685,0
2021-12-06 10:58:00,685,685,685,685,0
2021-12-06 10:59:00,685,685,685,685,0
2021-12-06 11:00:00,685,685,685,685,0
2021-12-06 11:01:00,685,685,685,685,0
2021-12-06 11:02:00,685,685,685,685,0
2021-12-06 11:03:00,685,685,685,685,0
2021-12-06 11:04:00,685,685,685,685,0
2021-12-06 11:05:00,685,685,685,685,0
2021-12-06 11:06:00,685,685,685,685,0
2021-12-06 11:07:00,685,685,685,685,0
2021-12-06 11:08:00,685,685,685,685,0
2021-12-06 11:09:00,685,685,685,685,0
2021-12-06 11:10:00,685,685,685,685,0
2021-12-06 11:11:00,685,685,685,685,0
2021-12-06 11:12:00,685,685,685,685,0
2021-12-06 11:13:00,685,685,685,685,0
2021-12-06 11:14:00,685,685,685,685,0
2021-12-06 11:15:00,685,685,685,685,0
2021-12-06 11:16:00,685,685,685,685,0
2021-12-06 11:17:00,685,685,685,685,0
2021-12-06 11:18:00,685,685,685,685,0
2021-12-06 11:19:00,685,685,685,685,0
2021-12-06 11:20:00,685,685,685,685,0
2021-12-06 11:21:00,685,685,685,685,0
2021-12-06 11:22:00,685,685,685,685,0
2021-12-06 11:23:00,685,685,685,685,0
2021-12-06 11:24:00,685,685,685,685,0
2021-12-06 11:25:00,685,685,685,685,0
2021-12-06 11:26:00,685,685,685,685,0
2021-12-06 11:27:00,685,685,685,685,0
2021-12-06 11:28:00,685,685,685,685,0
2021-12-06 11:29:00,685,685,685,685,0
2021-12-06 11:30:00,685,685,685,685,0
2021-12-06 11:31:00,685,685,685,685,0
2021-12-06 11:32:00,685,685,685,685,0
2021-12-06 11:33:00,685,685,685,685,0
2021-12-06 11:34:00,685,685,685,685,0
2021-12-06 11:35:00,685,685,685,685,0
2021-12-06 11:36:00,685,685,685,685,0
2021-12-06 11:37:00,685,685,685,685,0
2021-12-06 11:38:00,685,685,685,685,0
2021-12-06 11:39:00,685,685,685,685,0
2021-12-06 11:40:00,685,685,685,685,0
2021-12-06 11:41:00,685,685,685,685,0
2021-12-06 11:42:00,685,685,685,685,0
2021-12-06 11:43:00,685,685,685,685,0
2021-12-06 11:44:00,685,685,685,685,0
2021-12-06 11:45:00,685,685,685,685,0
2021-12-06 11:46:00,685,685,685,685,0
2021-12-06 11:47:00,685,685,685,685,0
2021-12-06 11:48:00,685,685,685,685,0
2021-12-06 11:49:00,685,685,685,685,0
2021-12-06 11:50:00,685,685,685,685,0
2021-12-06 11:51:00,685,685,685,685,0
2021-12-06 11:52:00,685,685,685,685,0
2021-12-06 11:53:00,685,685,685,685,0
2021-12-06 11:54:00,685,685,685,685,0
2021-12-06 11:55:00,685,685,685,685,0
2021-12-06 11:56:00,685,685,685,685,0
2021-12-06 11:57:00,685,685,685,685,0
2021-12-06 11:58:00,685,685,685,685,0
2021-12-06 11:59:00,685,685,685,685,0
2021-12-06 12:00:00,685,685,685,685,0
2021-12-06 12:01:00,685,685,685,685,0
2021-12-06 12:02:00,685,685,685,685,0
2021-12-06 12:03:00,685,685,685,685,0
2021-12-06 12:04:00,685,685,685,685,0
2021-12-06 12:05:00,685,685,685,685,0
2021-12-06 12:06:00,685,685,685,685,0
2021-12-06 12:07:00,685,685,685,685,0
2021-12-06 12:08:00,685,685,685,685,0
2021-12-06 12:09:00,685,685,685,685,0
2021-12-06 12:10:00,685,685,685,685,0
2021-12-06 12:11:00,685,685,685,685,0
2021-12-06 12:12:00,685,685,685,685,0
2021-12-06 12:13:00,685,685,685,685,0
2021-12-06 12:14:00,685,685,685,685,0
2021-12-06 12:15:00,685,685,685,685,0
2021-12-06 12:16:00,685,685,685,685,0
2021-12-06 12:17:00,685,685,685,685,0
2021-12-06 12:18:00,685,685,685,685,0
2021-12-06 12:19:00,685,685,685,685,0
2021-12-06 12:20:00,685,685,685,685,0
2021-12-06 12:21:00,685,685,685,685,0
2021-12-06 12:22:00,685,685,685,685,0
2021-12-06 12:23:00,685,685,685,685,0
2021-12-06 12:24:00,685,685,685,685,0
2021-12-06 12:25:00,685,685,685,685,0
2021-12-06 12:26:00,685,685,685,685,0
2021-12-06 12:27:00,685,685,685,685,0
2021-12-06 12:28:00,685,685,685,685,0
2021-12-06 12:29:00,685,685,685,685,0
2021-12-06 12:30:00,685,685,685,685,0
2021-12-06 12:31:00,685,685,685,685,0
2021-12-06 12:32:00,685,685,685,685,0
2021-12-06 12:33:00,685,685,685,685,0
2021-12-06 12:34:00,685,685,685,685,0
2021-12-06 12:35:00,685,685,685,685,0
2021-12-06 12:36:00,685,685,685,685,0
2021-12-06 12:37:00,685,685,685,685,0
2021-12-06 12:38:00,685,685,685,685,0
2021-12-06 12:39:00,685,685,685,685,0
2021-12-06 12:40:00,685,685,685,685,0
2021-12-06 12:41:00,685,685,685,685,0
2021-12-06 12:42:00,685,685,685,685,0
2021-12-06 12:43:00,685,685,685,685,0
2021-12-06 12:44:00,685,685,685,685,0
2021-12-06 12:45:00,685,685,685,685,0
2021-12-06 12:46:00,685,685,685,685,0
2021-12-06 12:47:00,685,685,685,685,0
2021-12-06 12:48:00,685,685,685,685,0
2021-12-06 12:49:00,685,685,685,685,0
2021-12-06 12:50:00,685,685,685,685,0
2021-12-06 12:51:00,685,685,685,685,0
2021-12-06 12:52:00,685,685,685,685,0
2021-12-06 12:53:00,685,685,685,685,0
2021-12-06 12:54:00,685,685,685,685,0
2021-12-06 12:55:00,685,685,685,685,0
2021-12-06 12:56:00,685,685,685,685,0
2021-12-06 12:57:00,685,685,685,685,0
2021-12-06 12:58:00,685,685,685,685,0
2021-12-06 12:59:00,685,685,685,685,0
2021-12-06 13:00:00,685,685,685,685,0
2021-12-06 13:01:00,685,685,685,685,0
2021-12-06 13:02:00,685,685,685,685,0
2021-12-06 13:03:00,685,685,685,685,0
2021-12-06 13:04:00,685,685,685,685,0
2021-12-06 13:05:00,685,685,685,685,0
2021-12-06 13:06:00,685,685,685,685,0
2021-12-06 13:07:00,685,685,685,685,0
2021-12-06 13:08:00,685,685,685,685,0
2021-12-06 13:09:00,685,685,685,685,0
2021-12-06 13:10:00,685,685,685,685,0
2021-12-06 13:11:00,685,685,685,685,0
2021-12-06 13:12:00,685,685,685,685,0
2021-12-06 13:13:00,685,685,685,685,0
2021-12-06 13:14:00,685,685,685,685,0
2021-12-06 13:15:00,685,685,685,685,0
2021-12-06 13:16:00,685,685,685,685,0
2021-12-06 13:17:00,685,685,685,685,0
2021-12-06 13:18:00,685,685,685,685,0
2021-12-06 13:19:00,685,685,685,685,0
2021-12-06 13:20:00,685,685,685,685,0
2021-12-06 13:21:00,685,685,685,685,0
2021-12-06 13:22:00,685,685,685,685,0
2021-12-06 13:23:00,685,685,685,685,0
2021-12-06 13:24:00,685,685,685,685,0
2021-12-06 13:25:00,685,685,685,685,0
2021-12-06 13:26:00,685,685,685,685,0
2021-12-06 13:27:00,685,685,685,685,0
2021-12-06 13:28:00,685,685,685,685,0
2021-12-06 13:29:00,685,685,685,685,0
2021-12-06 13:30:00,685,685,685,685,0
2021-12-06 13:31:00,685,685,685,685,0
2021-12-06 13:32:00,685,685,685,685,0
2021-12-06 13:33:00,685,685,685,685,0
2021-12-06 13:34:00,685,685,685,685,0
2021-12-06 13:35:00,685,685,685,685,0
2021-12-06 13:36:00,685,685,685,685,0
2021-12-06 13:37:00,685,685,685,685,0
2021-12-06 13:38:00,685,685,685,685,0
2021-12-06 13:39:00,685,685,685,685,0
2021-12-06 13:40:00,685,685,685,685,0
2021-12-06 13:41:00,685,685,685,685,0
2021-12-06 13:42:00,685,685,685,685,0
2021-12-06 13:43:00,685,685,685,685,0
2021-12-06 13:44:00,685,685,685,685,0
2021-12-06 13:45:00,685,685,685,685,0
2021-12-06 13:46:00,685,685,685,685,0
2021-12-06 13:47:00,685,685,685,685,0
2021-12-06 13:48:00,685,685,685,685,0
2021-12-06 13:49:00,685,685,685,685,0
2021-12-06 13:50:00,685,685,685,685,0
2021-12-06 13:51:00,685,685,685,685,0
2021-12-06 13:52:00,685,685,685,685,0
2021-12-06 13:53:00,685,685,685,685,0
2021-12-06 13:54:00,685,685,685,685,0
2021-12-06 13:55:00,685,685,685,685,0
2021-12-06 13:56:00,685,685,685,685,0
2021-12-06 13:57:00,685,685,685,685,0
2021-12-06 13:58:00,685,685,685,685,0
2021-12-06 13:59:00,685,685,685,685,0
2021-12-06 14:00:00,685,685,685,685,0
2021-12-06 14:01:00,685,685,685,685,0
2021-12-06 14:02:00,685,685,685,685,0
2021-12-06 14:03:00,685,685,685,685,0
2021-12-06 14:04:00,685,685,685,685,0
2021-12-06 14:05:00,685,685,685,685,0
2021-12-06 14:06:00,685,685,685,685,0
2021-12-06 14:07:00,685,685,685,685,0
2021-12-06 14:08:00,685,685,685,685,0
2021-12-06 14:09:00,685,685,685,685,0
2021-12-06 14:10:00,685,685,685,685,0
2021-12-06 14:11:00,685,685,685,685,0
2021-12-06 14:12:00,685,685,685,685,0
2021-12-06 14:13:00,685,685,685,685,0
2021-12-06 14:14:00,685,685,685,685,0
2021-12-06 14:15:00,685,685,685,685,0
2021-12-06 14:16:00,685,685,685,685,0
2021-12-06 14:17:00,685,685,685,685,0
2021-12-06 14:18:00,685,685,685,685,0
2021-12-06 14:19:00,685,685,685,685,0
2021-12-06 14:20:00,685,685,685,685,0
2021-12-06 14:21:00,685,685,685,685,0
2021-12-06 14:22:00,685,685,685,685,0
2021-12-06 14:23:00,685,685,685,685,0
2021-12-06 14:24:00,685,685,685,685,0
2021-12-06 14:25:00,685,685,685,685,0
2021-12-06 14:26:00,685,685,685,685,0
2021-12-06 14:27:00,685,685,685,685,0
2021-12-06 14:28:00,685,685,685,685,0
2021-12-06 14:29:00,685,685,685,685,0
2021-12-06 14:30:00,685,685,685,685,0
2021-12-06 14:31:00,685,685,685,685,0
2021-12-06 14:32:00,685,685,685,685,0
2021-12-06 14:33:00,685,685,685,685,0
2021-12-06 14:34:00,685,685,685,685,0
2021-12-06 14:35:00,685,685,685,685,0
2021-12-06 14:36:00,685,685,685,685,0
2021-12-06 14:37:00,685,685,685,685,0
2021-12-06 14:38:00,685,685,685,685,0
2021-12-06 14:39:00,685,685,685,685,0
2021-12-06 14:40:00,685,685,685,685,0
2021-12-06 14:41:00,685,685,685,685,0
2021-12-06 14:42:00,685,685,685,685,0
2021-12-06 14:43:00,685,685,685,685,0
2021-12-06 14:44:00,685,685,685,685,0
2021-12-06 14:45:00,685,685,685,685,0
2021-12-06 14:46:00,685,685,685,685,0
2021-12-06 14:47:00,685,685,685,685,0
2021-12-06 14:48:00,685,685,685,685,0
2021-12-06 14:49:00,685,685,685,685,0
2021-12-06 14:50:00,685,685,685,685,0
2021-12-06 14:51:00,685,685,685,685,0
2021-12-06 14:52:00,685,685,685,685,0
2021-12-06 14:53:00,685,685,685,685,0
2021-12-06 14:54:00,685,685,685,685,0
2021-12-06 14:55:00,685,685,685,685,0
2021-12-06 14:56:00,685,685,685,685,0
2021-12-06 14:57:00,685,685,685,685,0
2021-12-06 14:58:00,685,685,685,685,0
2021-12-06 14:59:00,685,685,685,685,0
2021-12-06 15:00:00,685,685,685,685,0
2021-12-06 15:01:00,685,685,685,685,0
2021-12-06 15:02:00,685,685,685,685,0
2021-12-06 15:03:00,685,685,685,685,0
2021-12-06 15:04:00,685,685,685,685,0
2021-12-06 15:05:00,685,685,685,685,0
2021-12-06 15:06:00,685,685,685,685,0
2021-12-06 15:07:00,685,685,685,685,0
2021-12-06 15:08:00,685,685,685,685,0
2021-12-06 15:09:00,685,685,685,685,0
2021-12-06 15:10:00,685,685,685,685,0
2021-12-06 15:11:00,685,685,685,685,0
2021-12-06 15:12:00,685,685,685,685,0
2021-12-06 15:13:00,685,685,685,685,0
2021-12-06 15:14:00,685,685,685,685,0
2021-12-06 15:15:00,685,685,685,685,0
2021-12-06 15:16:00,685,685,685,685,0
2021-12-06 15:17:00,685,685,685,685,0
2021-12-06 15:18:00,685,685,685,685,0
2021-12-06 15:19:00,685,685,685,685,0
2021-12-06 15:20:00,685,685,685,685,0
2021-12-06 15:21:00,685,685,685,685,0
2021-12-06 15:22:00,685,685,685,685,0
2021-12-06 15:23:00,685,685,685,685,0
2021-12-06 15:24:00,685,685,685,685,0
2021-12-06 15:25:00,685,685,685,685,0
2021-12-06 15:26:00,685,685,685,685,0
2021-12-06 15:27:00,685,685,685,685,0
2021-12-06 15:28:00,685,685,685,685,0
2021-12-06 15:29:00,685,685,685,685,0
2021-12-06 15:30:00,685,685,685,685,0
2021-12-06 15:31:00,685,685,685,685,0
2021-12-06 15:32:00,685,685,685,685,0
2021-12-06 15:33:00,685,685,685,685,0
2021-12-06 15:34:00,685,685,685,685,0
2021-12-06 15:35:00,685,685,685,685,0
2021-12-06 15:36:00,685,685,685,685,0
2021-12-06 15:37:00,685,685,685,685,0
2021-12-06 15:38:00,685,685,685,685,0
2021-12-06 15:39:00,685,685,685,685,0
2021-12-06 15:40:00,685,685,685,685,0
2021-12-06 15:41:00,685,685,685,685,0
2021-12-06 15:42:00,685,685,685,685,0
2021-12-06 15:43:00,685,685,685,685,0
2021-12-06 15:44:00,685,685,685,685,0
2021-12-06 15:45:00,685,685,685,685,0
2021-12-06 15:46:00,685,685,685,685,0
2021-12-06 15:47:00,685,685,685,685,0
2021-12-06 15:48:00,685,685,685,685,0
2021-12-06 15:49:00,685,685,685,685,0
2021-12-06 15:50:00,685,685,685,685,0
2021-12-06 15:51:00,685,685,685,685,0
2021-12-06 15:52:00,685,685,685,685,0
2021-12-06 15:53:00,685,685,685,685,0
2021-12-06 15:54:00,685,685,685,685,0
2021-12-06 15:55:00,685,685,685,685,0
2021-12-06 15:56:00,685,685,685,685,0
2021-12-06 15:57:00,685,685,685,685,0
2021-12-06 15:58:00,685,685,685,685,0
2021-12-06 15:59:00,685,685,685,685,0
2021-12-07 09:00:00,685,685,685,685,0
2021-12-07 09:01:00,685,685,685,685,0
2021-12-07 09:02:00,685,685,685,685,0
2021-12-07 09:03:00,685,685,685,685,0
2021-12-07 09:04:00,685,685,685,685,0
2021-12-07 09:05:00,685,685,685,685,0
2021-12-07 09:06:00,685,685,685,685,0
2021-12-07 09:07:00,685,685,685,685,0
2021-12-07 09:08:00,685,685,685,685,0
2021-12-07 09:09:00,685,685,685,685,0
2021-12-07 09:10:00,685,685,685,685,0
2021-12-07 09:11:00,685,685,685,685,0
2021-12-07 09:12:00,685,685,685,685,0
2021-12-07 09:13:00,685,685,685,685,0
2021-12-07 09:14:00,685,685,685,685,0
2021-12-07 09:15:00,685,685,685,685,0
2021-12-07 09:16:00,685,685,685,685,0
2021-12-07 09:17:00,685,685,685,685,0
2021-12-07 09:18:00,685,685,685,685,0
2021-12-07 09:19:00,685,685,685,685,0
2021-12-07 09:20:00,685,685,685,685,0
2021-12-07 09:21:00,685,685,685,685,0
2021-12-07 09:22:00,685,685,685,685,0
2021-12-07 09:23:00,685,685,685,685,0
2021-12-07 09:24:00,685,685,685,685,0
2021-12-07 09:25:00,685,685,685,685,0
2021-12-07 09:26:00,685,685,685,685,0
2021-12-07 09:27:00,685,685,685,685,0
2021-12-07 09:28:00,685,685,685,685,0
2021-12-07 09:29:00,685,685,685,685,0
2021-12-07 09:30:00,685,685,685,685,0
2021-12-07 09:31:00,685,685,685,685,0
2021-12-07 09:32:00,685,685,685,685,0
2021-12-07 09:33:00,685,685,685,685,0
2021-12-07 09:34:00,685,685,685,685,0
2021-12-07 09:35:00,685,685,685,685,0
2021-12-07 09:36:00,685,685,685,685,0
2021-12-07 09:37:00,685,685,685,685,0
2021-12-07 09:38:00,685,685,685,685,0
2021-12-07 09:39:00,685,685,685,685,0
2021-12-07 09:40:00,685,685,685,685,0
2021-12-07 09:41:00,685,685,685,685,0
2021-12-07 09:42:00,685,685,685,685,0
2021-12-07 09:43:00,685,685,685,685,0
2021-12-07 09:44:00,685,685,685,685,0
2021-12-07 09:45:00,685,685,685,685,0
2021-12-07 09:46:00,685,685,685,685,0
2021-12-07 09:47:00,685,685,685,685,0
2021-12-07 09:48:00,685,685,685,685,0
2021-12-07 09:49:00,685,685,685,685,0
2021-12-07 09:50:00,685,685,685,685,0
2021-12-07 09:51:00,685,685,685,685,0
2021-12-07 09:52:00,685,685,685,685,0
2021-12-07 09:53:00,685,685,685,685,0
2021-12-07 09:54:00,685,685,685,685,0
2021-12-07 09:55:00,685,685,685,685,0
2021-12-07 09:56:00,685,685,685,685,0
2021-12-07 09:57:00,685,685,685,685,0
2021-12-07 09:58:00,685,685,685,685,0
2021-12-07 09:59:00,685,685,685,685,0
2021-12-07 10:00:00,685,685,685,685,0
2021-12-07 10:01:00,685,685,685,685,0
2021-12-07 10:02:00,685,685,685,685,0
2021-12-07 10:03:00,685,685,685,685,0
2021-12-07 10:04:00,685,685,685,685,0
2021-12-07 10:05:00,685,685,685,685,0
2021-12-07 10:06:00,685,685,685,685,0
2021-12-07 10:07:00,685,685,685,685,0
2021-12-07 10:08:00,685,685,685,685,0
2021-12-07 10:09:00,685,685,685,685,0
2021-12-07 10:10:00,685,685,685,685,0
2021-12-07 10:11:00,685,685,685,685,0
2021-12-07 10:12:00,685,685,685,685,0
2021-12-07 10:13:00,685,685,685,685,0
2021-12-07 10:14:00,685,685,685,685,0
2021-12-07 10:15:00,685,685,685,685,0
2021-12-07 10:16:00,685,685,685,685,0
2021-12-07 10:17:00,685,685,685,685,0
2021-12-07 10:18:00,685,685,685,685,0
2021-12-07 10:19:00,685,685,685,685,0
2021-12-07 10:20:00,685,685,685,685,0
2021-12-07 10:21:00,685,685,685,685,0
2021-12-07 10:22:00,685,685,685,685,0
2021-12-07 10:23:00,685,685,685,685,0
2021-12-07 10:24:00,685,685,685,685,0
2021-12-07 10:25:00,685,685,685,685,0
2021-12-07 10:26:00,685,685,685,685,0
2021-12-07 10:27:00,685,685,685,685,0
2021-12-07 10:28:00,685,685,685,685,0
2021-12-07 10:29:00,685,685,685,685,0
2021-12-07 10:30:00,685,685,685,685,0
2021-12-07 10:31:00,685,685,685,685,0
2021-12-07 10:32:00,685,685,685,685,0
2021-12-07 10:33:00,685,685,685,685,0
2021-12-07 10:34:00,685,685,685,685,0
2021-12-07 10:35:00,685,685,685,685,0
2021-12-07 10:36:00,685,685,685,685,0
2021-12-07 10:37:00,685,685,685,685,0
2021-12-07 10:38:00,685,685,685,685,0
2021-12-07 10:39:00,685,685,685,685,0
2021-12-07 10:40:00,685,685,685,685,0
2021-12-07 10:41:00,685,685,685,685,0
2021-12-07 10:42:00,685,685,685,685,0
2021-12-07 10:43:00,685,685,685,685,0
2021-12-07 10:44:00,685,685,685,685,0
2021-12-07 10:45:00,685,685,685,685,0
2021-12-07 10:46:00,685,685,685,685,0
2021-12-07 10:47:00,685,685,685,685,0
2021-12-07 10:48:00,685,685,685,685,0
2021-12-07 10:49:00,685,685,685,685,0
2021-12-07 10:50:00,685,685,685,685,0
2021-12-07 10:51:00,685,685,685,685,0
2021-12-07 10:52:00,685,685,685,685,0
2021-12-07 10:53:00,685,685,685,685,0
2021-12-07 10:54:00,685,685,685,685,0
2021-12-07 10:55:00,685,685,685,685,0
2021-12-07 10:56:00,685,685,685,685,0
2021-12-07 10:57:00,685,685,685,685,0
2021-12-07 10:58:00,685,685,685,685,0
2021-12-07 10:59:00,685,685,685,685,0
2021-12-07 11:00:00,685,685,685,685,0
2021-12-07 11:01:00,685,685,685,685,0
2021-12-07 11:02:00,685,685,685,685,0
2021-12-07 11:03:00,685,685,685,685,0
2021-12-07 11:04:00,685,685,685,685,0
2021-12-07 11:05:00,685,685,685,685,0
2021-12-07 11:06:00,685,685,685,685,0
2021-12-07 11:07:00,685,685,685,685,0
2021-12-07 11:08:00,685,685,685,685,0
2021-12-07 11:09:00,685,685,685,685,0
2021-12-07 11:10:00,685,685,685,685,0
2021-12-07 11:11:00,685,685,685,685,0
2021-12-07 11:12:00,685,685,685,685,0
2021-12-07 11:13:00,685,685,685,685,0
2021-12-07 11:14:00,685,685,685,685,0
2021-12-07 11:15:00,685,685,685,685,0
2021-12-07 11:16:00,685,685,685,685,0
2021-12-07 11:17:00,685,685,685,685,0
2021-12-07 11:18:00,685,685,685,685,0
2021-12-07 11:19:00,685,685,685,685,0
2021-12-07 11:20:00,685,685,685,685,0
2021-12-07 11:21:00,685,685,685,685,0
2021-12-07 11:22:00,685,685,685,685,0
2021-12-07 11:23:00,685,685,685,685,0
2021-12-07 11:24:00,685,685,685,685,0
2021-12-07 11:25:00,685,685,685,685,0
2021-12-07 11:26:00,685,685,685,685,0
2021-12-07 11:27:00,685,685,685,685,0
2021-12-07 11:28:00,685,685,685,685,0
2021-12-07 11:29:00,685,685,685,685,0
2021-12-07 11:30:00,685,685,685,685,0
2021-12-07 11:31:00,685,685,685,685,0
2021-12-07 11:32:00,685,685,685,685,0
2021-12-07 11:33:00,685,685,685,685,0
2021-12-07 11:34:00,685,685,685,685,0
2021-12-07 11:35:00,685,685,685,685,0
2021-12-07 11:36:00,685,685,685,685,0
2021-12-07 11:37:00,685,685,685,685,0
2021-12-07 11:38:00,685,685,685,685,0
2021-12-07 11:39:00,685,685,685,685,0
2021-12-07 11:40:00,685,685,685,685,0
2021-12-07 11:41:00,685,685,685,685,0
2021-12-07 11:42:00,685,685,685,685,0
2021-12-07 11:43:00,685,685,685,685,0
2021-12-07 11:44:00,685,685,685,685,0
2021-12-07 11:45:00,685,685,685,685,0
2021-12-07 11:46:00,685,685,685,685,0
2021-12-07 11:47:00,685,685,685,685,0
2021-12-07 11:48:00,685,685,685,685,0
2021-12-07 11:49:00,685,685,685,685,0
2021-12-07 11:50:00,685,685,685,685,0
2021-12-07 11:51:00,685,685,685,685,0
2021-12-07 11:52:00,685,685,685,685,0
2021-12-07 11:53:00,685,685,685,685,0
2021-12-07 11:54:00,685,685,685,685,0
2021-12-07 11:55:00,685,685,685,685,0
2021-12-07 11:56:00,685,685,685,685,0
2021-12-07 11:57:00,685,685,685,685,0
2021-12-07 11:58:00,685,685,685,685,0
2021-12-07 11:59:00,685,685,685,685,0
2021-12-07 12:00:00,685,685,685,685,0
2021-12-07 12:01:00,685,685,685,685,0
2021-12-07 12:02:00,685,685,685,685,0
2021-12-07 12:03:00,685,685,685,685,0
2021-12-07 12:04:00,685,685,685,685,0
2021-12-07 12:05:00,685,685,685,685,0
2021-12-07 12:06:00,685,685,685,685,0
2021-12-07 12:07:00,685,685,685,685,0
2021-12-07 12:08:00,685,685,685,685,0
2021-12-07 12:09:00,685,685,685,685,0
2021-12-07 12:10:00,685,685,685,685,0
2021-12-07 12:11:00,685,685,685,685,0
2021-12-07 12:12:00,685,685,685,685,0
2021-12-07 12:13:00,685,685,685,685,0
2021-12-07 12:14:00,685,685,685,685,0
2021-12-07 12:15:00,685,685,685,685,0
2021-12-07 12:16:00,685,685,685,685,0
2021-12-07 12:17:00,685,685,685,685,0
2021-12-07 12:18:00,685,685,685,685,0
2021-12-07 12:19:00,685,685,685,685,0
2021-12-07 12:20:00,685,685,685,685,0
2021-12-07 12:21:00,685,685,685,685,0
2021-12-07 12:22:00,685,685,685,685,0
2021-12-07 12:23:00,685,685,685,685,0
2021-12-07 12:24:00,685,685,685,685,0
2021-12-07 12:25:00,685,685,685,685,0
2021-12-07 12:26:00,685,685,685,685,0
2021-12-07 12:27:00,685,685,685,685,0
2021-12-07 12:28:00,685,685,685,685,0
2021-12-07 12:29:00,685,685,685,685,0
2021-12-07 12:30:00,685,685,685,685,0
2021-12-07 12:31:00,685,685,685,685,0
2021-12-07 12:32:00,685,685,685,685,0
2021-12-07 12:33:00,685,685,685,685,0
2021-12-07 12:34:00,685,685,685,685,0
2021-12-07 12:35:00,685,685,685,685,0
2021-12-07 12:36:00,685,685,685,685,0
2021-12-07 12:37:00,685,685,685,685,0
2021-12-07 12:38:00,685,685,685,685,0
2021-12-07 12:39:00,685,685,685,685,0
2021-12-07 12:40:00,685,685,685,685,0
2021-12-07 12:41:00,685,685,685,685,0
2021-12-07 12:42:00,685,685,685,685,0
2021-12-07 12:43:00,685,685,685,685,0
2021-12-07 12:44:00,685,685,685,685,0
2021-12-07 12:45:00,685,685,685,685,0
2021-12-07 12:46:00,685,685,685,685,0
2021-12-07 12:47:00,685,685,685,685,0
2021-12-07 12:48:00,685,685,685,685,0
2021-12-07 12:49:00,685,685,685,685,0
2021-12-07 12:50:00,685,685,685,685,0
2021-12-07 12:51:00,685,685,685,685,0
2021-12-07 12:52:00,685,685,685,685,0
2021-12-07 12:53:00,685,685,685,685,0
2021-12-07 12:54:00,685,685,685,685,0
2021-12-07 12:55:00,685,685,685,685,0
2021-12-07 12:56:00,685,685,685,685,0
2021-12-07 12:57:00,685,685,685,685,0
2021-12-07 12:58:00,685,685,685,685,0
2021-12-07 12:59:00,685,685,685,685,0
2021-12-07 13:00:00,685,685,685,685,0
2021-12-07 13:01:00,685,685,685,685,0
2021-12-07 13:02:00,685,685,685,685,0
2021-12-07 13:03:00,685,685,685,685,0
2021-12-07 13:04:00,685,685,685,685,0
2021-12-07 13:05:00,685,685,685,685,0
2021-12-07 13:06:00,685,685,685,685,0
2021-12-07 13:07:00,685,685,685,685,0
2021-12-07 13:08:00,685,685,685,685,0
2021-12-07 13:09:00,685,685,685,685,0
2021-12-07 13:10:00,685,685,685,685,0
2021-12-07 13:11:00,685,685,685,685,0
2021-12-07 13:12:00,685,685,685,685,0
2021-12-07 13:13:00,685,685,685,685,0
2021-12-07 13:14:00,685,685,685,685,0
2021-12-07 13:15:00,685,685,685,685,0
2021-12-07 13:16:00,685,685,685,685,0
2021-12-07 13:17:00,685,685,685,685,0
2021-12-07 13:18:00,685,685,685,685,0
2021-12-07 13:19:00,685,685,685,685,0
2021-12-07 13:20:00,685,685,685,685,0
2021-12-07 13:21:00,685,685,685,685,0
2021-12-07 13:22:00,685,685,685,685,0
2021-12-07 13:23:00,685,685,685,685,0
2021-12-07 13:24:00,685,685,685,685,0
2021-12-07 13:25:00,685,685,685,685,0
2021-12-07 13:26:00,685,685,685,685,0
2021-12-07 13:27:00,685,685,685,685,0
2021-12-07 13:28:00,685,685,685,685,0
2021-12-07 13:29:00,685,685,685,685,0
2021-12-07 13:30:00,685,685,685,685,0
2021-12-07 13:31:00,685,685,685,685,0
2021-12-07 13:32:00,685,685,685,685,0
2021-12-07 13:33:00,685,685,685,685,0
2021-12-07 13:34:00,685,685,685,685,0
2021-12-07 13:35:00,685,685,685,685,0
2021-12-07 13:36:00,685,685,685,685,0
2021-12-07 13:37:00,685,685,685,685,0
2021-12-07 13:38:00,685,685,685,685,0
2021-12-07 13:39:00,685,685,685,685,0
2021-12-07 13:40:00,685,685,685,685,0
2021-12-07 13:41:00,685,685,685,685,0
2021-12-07 13:42:00,685,685,685,685,0
2021-12-07 13:43:00,685,685,685,685,0
2021-12-07 13:44:00,685,685,685,685,0
2021-12-07 13:45:00,685,685,685,685,0
2021-12-07 13:46:00,685,685,685,685,0
2021-12-07 13:47:00,685,685,685,685,0
2021-12-07 13:48:00,685,685,685,685,0
2021-12-07 13:49:00,685,685,685,685,0
2021-12-07 13:50:00,685,685,685,685,0
2021-12-07 13:51:00,685,685,685,685,0
2021-12-07 13:52:00,685,685,685,685,0
2021-12-07 13:53:00,685,685,685,685,0
2021-12-07 13:54:00,685,685,685,685,0
2021-12-07 13:55:00,685,685,685,685,0
2021-12-07 13:56:00,685,685,685,685,0
2021-12-07 13:57:00,685,685,685,685,0
2021-12-07 13:58:00,685,685,685,685,0
2021-12-07 13:59:00,685,685,685,685,0
2021-12-07 14:00:00,685,685,685,685,0
2021-12-07 14:01:00,685,685,685,685,0
2021-12-07 14:02:00,685,685,685,685,0
2021-12-07 14:03:00,685,685,685,685,0
2021-12-07 14:04:00,685,685,685,685,0
2021-12-07 14:05:00,685,685,685,685,0
2021-12-07 14:06:00,685,685,685,685,0
2021-12-07 14:07:00,685,685,685,685,0
2021-12-07 14:08:00,685,685,685,685,0
2021-12-07 14:09:00,685,685,685,685,0
2021-12-07 14:10:00,685,685,685,685,0
2021-12-07 14:11:00,685,685,685,685,0
2021-12-07 14:12:00,685,685,685,685,0
2021-12-07 14:13:00,685,685,685,685,0
2021-12-07 14:14:00,685,685,685,685,0
2021-12-07 14:15:00,685,685,685,685,0
2021-12-07 14:16:00,685,685,685,685,0
2021-12-07 14:17:00,685,685,685,685,0
2021-12-07 14:18:00,685,685,685,685,0
2021-12-07 14:19:00,685,685,685,685,0
2021-12-07 14:20:00,685,685,685,685,0
2021-12-07 14:21:00,685,685,685,685,0
2021-12-07 14:22:00,685,685,685,685,0
2021-12-07 14:23:00,685,685,685,685,0
2021-12-07 14:24:00,685,685,685,685,0
2021-12-07 14:25:00,685,685,685,685,0
2021-12-07 14:26:00,685,685,685,685,0
2021-12-07 14:27:00,685,685,685,685,0
2021-12-07 14:28:00,685,685,685,685,0
2021-12-07 14:29:00,685,685,685,685,0
2021-12-07 14:30:00,685,685,685,685,0
2021-12-07 14:31:00,685,685,685,685,0
2021-12-07 14:32:00,685,685,685,685,0
2021-12-07 14:33:00,685,685,685,685,0
2021-12-07 14:34:00,685,685,685,685,0
2021-12-07 14:35:00,685,685,685,685,0
2021-12-07 14:36:00,685,685,685,685,0
2021-12-07 14:37:00,685,685,685,685,0
2021-12-07 14:38:00,685,685,685,685,0
2021-12-07 14:39:00,685,685,685,685,0
2021-12-07 14:40:00,685,685,685,685,0
2021-12-07 14:41:00,685,685,685,685,0
2021-12-07 14:42:00,685,685,685,685,0
2021-12-07 14:43:00,685,685,685,685,0
2021-12-07 14:44:00,685,685,685,685,0
2021-12-07 14:45:00,685,685,685,685,0
2021-12-07 14:46:00,685,685,685,685,0
2021-12-07 14:47:00,685,685,685,685,0
2021-12-07 14:48:00,685,685,685,685,0
2021-12-07 14:49:00,685,685,685,685,0
2021-12-07 14:50:00,685,685,685,685,0
2021-12-07 14:51:00,685,685,685,685,0
2021-12-07 14:52:00,685,685,685,685,0
2021-12-07 14:53:00,685,685,685,685,0
2021-12-07 14:54:00,685,685,685,685,0
2021-12-07 14:55:00,685,685,685,685,0
2021-12-07 14:56:00,685,685,685,685,0
2021-12-07 14:57:00,685,685,685,685,0
2021-12-07 14:58:00,685,685,685,685,0
2021-12-07 14:59:00,685,685,685,685,0
2021-12-07 15:00:00,685,685,685,685,0
2021-12-07 15:01:00,685,685,685,685,0
2021-12-07 15:02:00,685,685,685,685,0
2021-12-07 15:03:00,685,685,685,685,0
2021-12-07 15:04:00,685,685,685,685,0
2021-12-07 15:05:00,685,685,685,685,0
2021-12-07 15:06:00,685,685,685,685,0
2021-12-07 15:07:00,685,685,685,685,0
2021-12-07 15:08:00,685,685,685,685,0
2021-12-07 15:09:00,685,685,685,685,0
2021-12-07 15:10:00,685,685,685,685,0
2021-12-07 15:11:00,685,685,685,685,0
2021-12-07 15:12:00,685,685,685,685,0
2021-12-07 15:13:00,685,685,685,685,0
2021-12-07 15:14:00,685,685,685,685,0
2021-12-07 15:15:00,685,685,685,685,0
2021-12-07 15:16:00,685,685,685,685,0
2021-12-07 15:17:00,685,685,685,685,0
2021-12-07 15:18:00,685,685,685,685,0
2021-12-07 15:19:00,685,685,685,685,0
2021-12-07 15:20:00,685,685,685,685,0
2021-12-07 15:21:00,685,685,685,685,0
2021-12-07 15:22:00,685,685,685,685,0
2021-12-07 15:23:00,685,685,685,685,0
2021-12-07 15:24:00,685,685,685,685,0
2021-12-07 15:25:00,685,685,685,685,0
2021-12-07 15:26:00,685,685,685,685,0
2021-12-07 15:27:00,685,685,685,685,0
2021-12-07 15:28:00,685,685,685,685,0
2021-12-07 15:29:00,685,685,685,685,0
2021-12-07 15:30:00,685,685,685,685,0
2021-12-07 15:31:00,685,685,685,685,0
2021-12-07 15:32:00,685,685,685,685,0
2021-12-07 15:33:00,685,685,685,685,0
2021-12-07 15:34:00,685,685,685,685,0
2021-12-07 15:35:00,685,685,685,685,0
2021-12-07 15:36:00,685,685,685,685,0
2021-12-07 15:37:00,685,685,685,685,0
2021-12-07 15:38:00,685,685,685,685,0
2021-12-07 15:39:00,685,685,685,685,0
2021-12-07 15:40:00,685,685,685,685,0
2021-12-07 15:41:00,685,685,685,685,0
2021-12-07 15:42:00,685,685,685,685,0
2021-12-07 15:43:00,685,685,685,685,0
2021-12-07 15:44:00,685,685,685,685,0
2021-12-07 15:45:00,685,685,685,685,0
2021-12-07 15:46:00,685,685,685,685,0
2021-12-07 15:47:00,685,685,685,685,0
2021-12-07 15:48:00,685,685,685,685,0
2021-12-07 15:49:00,685,685,685,685,0
2021-12-07 15:50:00,685,685,685,685,0
2021-12-07 15:51:00,685,685,685,685,0
2021-12-07 15:52:00,685,685,685,685,0
2021-12-07 15:53:00,685,685,685,685,0
2021-12-07 15:54:00,685,685,685,685,0
2021-12-07 15:55:00,685,685,685,685,0
2021-12-07 15:56:00,685,685,685,685,0
2021-12-07 15:57:00,685,685,685,685,0
2021-12-07 15:58:00,685,685,685,685,0
2021-12-07 15:59:00,685,685,685,685,0
2021-12-08 09:00:00,690,690,690,690,200
2021-12-08 09:01:00,690,690,690,690,15900
2021-12-08 09:02:00,695,695,695,695,6000
2021-12-08 09:03:00,695,695,695,695,0
2021-12-08 09:04:00,695,690,695,690,6000
2021-12-08 09:05:00,695,690,695,690,0
2021-12-08 09:06:00,690,690,695,690,111100
2021-12-08 09:07:00,695,695,695,695,700
2021-12-08 09:08:00,695,695,695,695,2000
2021-12-08 09:09:00,695,695,695,695,700
2021-12-08 09:10:00,695,695,695,695,600
2021-12-08 09:11:00,690,690,695,695,16900
2021-12-08 09:12:00,695,690,695,690,40200
2021-12-08 09:13:00,690,690,690,690,1300
2021-12-08 09:14:00,690,690,690,690,10100
2021-12-08 09:15:00,690,690,690,690,900
2021-12-08 09:16:00,690,690,690,690,800
2021-12-08 09:17:00,690,690,690,690,10000
2021-12-08 09:18:00,690,690,690,690,700
2021-12-08 09:19:00,690,690,690,690,700
2021-12-08 09:20:00,690,685,690,685,19800
2021-12-08 09:21:00,680,680,685,685,5600
2021-12-08 09:22:00,685,685,685,685,500
2021-12-08 09:23:00,685,685,685,685,9600
2021-12-08 09:24:00,690,690,690,690,800
2021-12-08 09:25:00,690,690,690,690,500
2021-12-08 09:26:00,690,690,690,690,500
2021-12-08 09:27:00,690,690,690,690,1500
2021-12-08 09:28:00,690,690,690,690,1500
2021-12-08 09:29:00,690,690,690,690,600
2021-12-08 09:30:00,685,685,685,685,3500
2021-12-08 09:31:00,685,685,685,685,0
2021-12-08 09:32:00,680,670,680,670,311300
2021-12-08 09:33:00,670,665,670,665,56100
2021-12-08 09:34:00,670,665,670,665,0
2021-12-08 09:35:00,670,665,670,665,0
2021-12-08 09:36:00,670,665,670,665,0
2021-12-08 09:37:00,670,665,670,665,0
2021-12-08 09:38:00,670,665,670,665,0
2021-12-08 09:39:00,670,665,670,665,0
2021-12-08 09:40:00,670,665,670,665,0
2021-12-08 09:41:00,670,670,670,670,10100
2021-12-08 09:42:00,670,670,670,670,17500
2021-12-08 09:43:00,670,670,670,670,500
2021-12-08 09:44:00,670,670,670,670,6200
2021-12-08 09:45:00,670,670,670,670,0
2021-12-08 09:46:00,685,670,685,670,8000
2021-12-08 09:47:00,670,670,670,670,5000
2021-12-08 09:48:00,670,670,670,670,100
2021-12-08 09:49:00,670,670,670,670,50800
2021-12-08 09:50:00,670,670,670,670,1000
2021-12-08 09:51:00,670,670,670,670,0
2021-12-08 09:52:00,670,670,670,670,4900
2021-12-08 09:53:00,670,670,670,670,1100
2021-12-08 09:54:00,670,670,670,670,1200
2021-12-08 09:55:00,670,670,670,670,0
2021-12-08 09:56:00,670,670,670,670,1500
2021-12-08 09:57:00,670,670,670,670,0
2021-12-08 09:58:00,670,670,670,670,1600
2021-12-08 09:59:00,670,670,680,680,30000
2021-12-08 10:00:00,680,680,680,680,1700
2021-12-08 10:01:00,680,680,680,680,0
2021-12-08 10:02:00,680,680,680,680,0
2021-12-08 10:03:00,680,680,680,680,0
2021-12-08 10:04:00,680,680,680,680,0
2021-12-08 10:05:00,675,675,675,675,1600
2021-12-08 10:06:00,675,675,675,675,0
2021-12-08 10:07:00,675,675,675,675,0
2021-12-08 10:08:00,675,675,675,675,0
2021-12-08 10:09:00,675,675,675,675,0
2021-12-08 10:10:00,680,680,680,680,2000
2021-12-08 10:11:00,680,680,680,680,800
2021-12-08 10:12:00,680,680,680,680,700
2021-12-08 10:13:00,680,680,680,680,0
2021-12-08 10:14:00,680,665,680,680,70700
2021-12-08 10:15:00,680,680,680,680,800
2021-12-08 10:16:00,680,680,680,680,900
2021-12-08 10:17:00,680,680,680,680,0
2021-12-08 10:18:00,680,680,680,680,800
2021-12-08 10:19:00,680,680,680,680,500
2021-12-08 10:20:00,680,680,680,680,0
2021-12-08 10:21:00,680,680,680,680,600
2021-12-08 10:22:00,680,680,680,680,3100
2021-12-08 10:23:00,680,680,680,680,1900
2021-12-08 10:24:00,680,680,680,680,700
2021-12-08 10:25:00,680,680,680,680,0
2021-12-08 10:26:00,680,680,680,680,0
2021-12-08 10:27:00,680,680,680,680,700
2021-12-08 10:28:00,675,675,675,675,2500
2021-12-08 10:29:00,680,680,680,680,1000
2021-12-08 10:30:00,680,680,680,680,500
2021-12-08 10:31:00,680,680,680,680,0
2021-12-08 10:32:00,680,680,680,680,800
2021-12-08 10:33:00,680,680,680,680,300
2021-12-08 10:34:00,680,675,680,675,1700
2021-12-08 10:35:00,680,680,680,680,5600
2021-12-08 10:36:00,680,680,680,680,0
2021-12-08 10:37:00,680,675,680,675,5900
2021-12-08 10:38:00,675,675,680,680,700
2021-12-08 10:39:00,680,680,680,680,900
2021-12-08 10:40:00,680,680,680,680,0
2021-12-08 10:41:00,680,680,680,680,700
2021-12-08 10:42:00,680,680,680,680,0
2021-12-08 10:43:00,680,680,680,680,500
2021-12-08 10:44:00,680,680,680,680,0
2021-12-08 10:45:00,680,680,680,680,0
2021-12-08 10:46:00,680,680,680,680,0
2021-12-08 10:47:00,680,680,680,680,0
2021-12-08 10:48:00,680,680,680,680,100
2021-12-08 10:49:00,680,680,680,680,1500
2021-12-08 10:50:00,680,680,680,680,0
2021-12-08 10:51:00,680,680,680,680,0
2021-12-08 10:52:00,680,680,680,680,0
2021-12-08 10:53:00,680,680,680,680,0
2021-12-08 10:54:00,680,680,680,680,0
2021-12-08 10:55:00,680,680,680,680,0
2021-12-08 10:56:00,680,680,680,680,0
2021-12-08 10:57:00,680,680,680,680,0
2021-12-08 10:58:00,680,680,680,680,0
2021-12-08 10:59:00,680,680,680,680,0
2021-12-08 11:00:00,680,680,680,680,0
2021-12-08 11:01:00,680,680,680,680,1000
2021-12-08 11:02:00,680,680,680,680,600
2021-12-08 11:03:00,680,680,680,680,700
2021-12-08 11:04:00,680,680,680,680,800
2021-12-08 11:05:00,680,680,680,680,0
2021-12-08 11:06:00,680,680,680,680,0
2021-12-08 11:07:00,680,680,680,680,1900
2021-12-08 11:08:00,680,680,680,680,0
2021-12-08 11:09:00,680,680,680,680,0
2021-12-08 11:10:00,680,680,680,680,0
2021-12-08 11:11:00,680,675,680,680,25500
2021-12-08 11:12:00,680,675,680,680,0
2021-12-08 11:13:00,680,680,680,680,800
2021-12-08 11:14:00,680,680,680,680,900
2021-12-08 11:15:00,680,680,680,680,0
2021-12-08 11:16:00,680,680,680,680,1200
2021-12-08 11:17:00,680,680,680,680,0
2021-12-08 11:18:00,680,680,680,680,800
2021-12-08 11:19:00,680,680,680,680,0
2021-12-08 11:20:00,680,680,680,680,0
2021-12-08 11:21:00,680,680,680,680,0
2021-12-08 11:22:00,680,675,680,675,1700
2021-12-08 11:23:00,680,675,680,675,0
2021-12-08 11:24:00,680,675,680,675,0
2021-12-08 11:25:00,680,680,680,680,500
2021-12-08 11:26:00,680,670,680,670,5500
2021-12-08 11:27:00,680,680,680,680,900
2021-12-08 11:28:00,680,680,680,680,0
2021-12-08 11:29:00,680,680,680,680,600
2021-12-08 11:30:00,680,680,680,680,0
2021-12-08 11:31:00,680,680,680,680,0
2021-12-08 11:32:00,680,680,680,680,0
2021-12-08 11:33:00,680,680,680,680,0
2021-12-08 11:34:00,680,680,680,680,0
2021-12-08 11:35:00,680,680,680,680,0
2021-12-08 11:36:00,680,680,680,680,0
2021-12-08 11:37:00,680,680,680,680,0
2021-12-08 11:38:00,680,680,680,680,0
2021-12-08 11:39:00,680,680,680,680,0
2021-12-08 11:40:00,680,680,680,680,0
2021-12-08 11:41:00,680,680,680,680,0
2021-12-08 11:42:00,680,680,680,680,0
2021-12-08 11:43:00,680,680,680,680,0
2021-12-08 11:44:00,680,680,680,680,0
2021-12-08 11:45:00,680,680,680,680,0
2021-12-08 11:46:00,680,680,680,680,0
2021-12-08 11:47:00,680,680,680,680,0
2021-12-08 11:48:00,680,680,680,680,0
2021-12-08 11:49:00,680,680,680,680,0
2021-12-08 11:50:00,680,680,680,680,0
2021-12-08 11:51:00,680,680,680,680,0
2021-12-08 11:52:00,680,680,680,680,0
2021-12-08 11:53:00,680,680,680,680,0
2021-12-08 11:54:00,680,680,680,680,0
2021-12-08 11:55:00,680,680,680,680,0
2021-12-08 11:56:00,680,680,680,680,0
2021-12-08 11:57:00,680,680,680,680,0
2021-12-08 11:58:00,680,680,680,680,0
2021-12-08 11:59:00,680,680,680,680,0
2021-12-08 12:00:00,680,680,680,680,0
2021-12-08 12:01:00,680,680,680,680,0
2021-12-08 12:02:00,680,680,680,680,0
2021-12-08 12:03:00,680,680,680,680,0
2021-12-08 12:04:00,680,680,680,680,0
2021-12-08 12:05:00,680,680,680,680,0
2021-12-08 12:06:00,680,680,680,680,0
2021-12-08 12:07:00,680,680,680,680,0
2021-12-08 12:08:00,680,680,680,680,0
2021-12-08 12:09:00,680,680,680,680,0
2021-12-08 12:10:00,680,680,680,680,0
2021-12-08 12:11:00,680,680,680,680,0
2021-12-08 12:12:00,680,680,680,680,0
2021-12-08 12:13:00,680,680,680,680,0
2021-12-08 12:14:00,680,680,680,680,0
2021-12-08 12:15:00,680,680,680,680,0
2021-12-08 12:16:00,680,680,680,680,0
2021-12-08 12:17:00,680,680,680,680,0
2021-12-08 12:18:00,680,680,680,680,0
2021-12-08 12:19:00,680,680,680,680,0
2021-12-08 12:20:00,680,680,680,680,0
2021-12-08 12:21:00,680,680,680,680,0
2021-12-08 12:22:00,680,680,680,680,0
2021-12-08 12:23:00,680,680,680,680,0
2021-12-08 12:24:00,680,680,680,680,0
2021-12-08 12:25:00,680,680,680,680,0
2021-12-08 12:26:00,680,680,680,680,0
2021-12-08 12:27:00,680,680,680,680,0
2021-12-08 12:28:00,680,680,680,680,0
2021-12-08 12:29:00,680,680,680,680,0
2021-12-08 12:30:00,680,680,680,680,0
2021-12-08 12:31:00,680,680,680,680,0
2021-12-08 12:32:00,680,680,680,680,0
2021-12-08 12:33:00,680,680,680,680,0
2021-12-08 12:34:00,680,680,680,680,0
2021-12-08 12:35:00,680,680,680,680,0
2021-12-08 12:36:00,680,680,680,680,0
2021-12-08 12:37:00,680,680,680,680,0
2021-12-08 12:38:00,680,680,680,680,0
2021-12-08 12:39:00,680,680,680,680,0
2021-12-08 12:40:00,680,680,680,680,0
2021-12-08 12:41:00,680,680,680,680,0
2021-12-08 12:42:00,680,680,680,680,0
2021-12-08 12:43:00,680,680,680,680,0
2021-12-08 12:44:00,680,680,680,680,0
2021-12-08 12:45:00,680,680,680,680,0
2021-12-08 12:46:00,680,680,680,680,0
2021-12-08 12:47:00,680,680,680,680,0
2021-12-08 12:48:00,680,680,680,680,0
2021-12-08 12:49:00,680,680,680,680,0
2021-12-08 12:50:00,680,680,680,680,0
2021-12-08 12:51:00,680,680,680,680,0
2021-12-08 12:52:00,680,680,680,680,0
2021-12-08 12:53:00,680,680,680,680,0
2021-12-08 12:54:00,680,680,680,680,0
2021-12-08 12:55:00,680,680,680,680,0
2021-12-08 12:56:00,680,680,680,680,0
2021-12-08 12:57:00,680,680,680,680,0
2021-12-08 12:58:00,680,680,680,680,0
2021-12-08 12:59:00,680,680,680,680,0
2021-12-08 13:00:00,680,680,680,680,0
2021-12-08 13:01:00,680,680,680,680,0
2021-12-08 13:02:00,680,680,680,680,0
2021-12-08 13:03:00,680,680,680,680,0
2021-12-08 13:04:00,680,680,680,680,0
2021-12-08 13:05:00,680,680,680,680,0
2021-12-08 13:06:00,680,680,680,680,0
2021-12-08 13:07:00,680,680,680,680,0
2021-12-08 13:08:00,680,680,680,680,0
2021-12-08 13:09:00,680,680,680,680,0
2021-12-08 13:10:00,680,680,680,680,0
2021-12-08 13:11:00,680,680,680,680,0
2021-12-08 13:12:00,680,680,680,680,0
2021-12-08 13:13:00,680,680,680,680,0
2021-12-08 13:14:00,680,680,680,680,0
2021-12-08 13:15:00,680,680,680,680,0
2021-12-08 13:16:00,680,680,680,680,0
2021-12-08 13:17:00,680,680,680,680,0
2021-12-08 13:18:00,680,680,680,680,0
2021-12-08 13:19:00,680,680,680,680,0
2021-12-08 13:20:00,680,680,680,680,0
2021-12-08 13:21:00,680,680,680,680,0
2021-12-08 13:22:00,680,680,680,680,0
2021-12-08 13:23:00,680,680,680,680,0
2021-12-08 13:24:00,680,680,680,680,0
2021-12-08 13:25:00,680,680,680,680,0
2021-12-08 13:26:00,680,680,680,680,0
2021-12-08 13:27:00,680,680,680,680,0
2021-12-08 13:28:00,680,680,680,680,0
2021-12-08 13:29:00,680,680,680,680,0
2021-12-08 13:30:00,680,675,680,675,6400
2021-12-08 13:31:00,680,675,680,675,0
2021-12-08 13:32:00,680,680,680,680,700
2021-12-08 13:33:00,680,680,680,680,900
2021-12-08 13:34:00,680,680,680,680,1400
2021-12-08 13:35:00,680,680,680,680,1300
2021-12-08 13:36:00,680,680,680,680,1000
2021-12-08 13:37:00,680,680,680,680,800
2021-12-08 13:38:00,680,680,680,680,3600
2021-12-08 13:39:00,680,680,680,680,0
2021-12-08 13:40:00,680,680,680,680,2900
2021-12-08 13:41:00,680,680,680,680,2500
2021-12-08 13:42:00,680,680,680,680,0
2021-12-08 13:43:00,680,680,680,680,1900
2021-12-08 13:44:00,680,680,680,680,700
2021-12-08 13:45:00,680,680,680,680,6200
2021-12-08 13:46:00,680,680,680,680,5200
2021-12-08 13:47:00,680,680,680,680,0
2021-12-08 13:48:00,685,685,685,685,6200
2021-12-08 13:49:00,685,685,685,685,1200
2021-12-08 13:50:00,685,685,685,685,0
2021-12-08 13:51:00,685,685,685,685,600
2021-12-08 13:52:00,685,685,685,685,800
2021-12-08 13:53:00,685,685,685,685,0
2021-12-08 13:54:00,685,685,685,685,2100
2021-12-08 13:55:00,685,685,685,685,0
2021-12-08 13:56:00,685,685,685,685,1000
2021-12-08 13:57:00,685,685,685,685,200
2021-12-08 13:58:00,685,685,685,685,700
2021-12-08 13:59:00,685,685,685,685,0
2021-12-08 14:00:00,685,685,685,685,0
2021-12-08 14:01:00,685,685,685,685,700
2021-12-08 14:02:00,685,685,685,685,800
2021-12-08 14:03:00,685,680,685,680,15500
2021-12-08 14:04:00,685,685,685,685,500
2021-12-08 14:05:00,685,685,685,685,900
2021-12-08 14:06:00,685,685,685,685,0
2021-12-08 14:07:00,685,685,685,685,600
2021-12-08 14:08:00,685,685,685,685,1400
2021-12-08 14:09:00,685,680,685,680,3300
2021-12-08 14:10:00,685,685,685,685,500
2021-12-08 14:11:00,685,685,685,685,700
2021-12-08 14:12:00,685,685,685,685,900
2021-12-08 14:13:00,680,680,680,680,7600
2021-12-08 14:14:00,680,680,680,680,25000
2021-12-08 14:15:00,680,680,680,680,19400
2021-12-08 14:16:00,680,680,680,680,23700
2021-12-08 14:17:00,680,680,680,680,10800
2021-12-08 14:18:00,680,680,680,680,900
2021-12-08 14:19:00,680,680,680,680,700
2021-12-08 14:20:00,680,680,680,680,2200
2021-12-08 14:21:00,680,680,680,680,1400
2021-12-08 14:22:00,680,680,680,680,900
2021-12-08 14:23:00,680,680,680,680,900
2021-12-08 14:24:00,680,675,680,680,21100
2021-12-08 14:25:00,680,680,680,680,5000
2021-12-08 14:26:00,680,680,680,680,10400
2021-12-08 14:27:00,680,680,680,680,9600
2021-12-08 14:28:00,680,680,680,680,2600
2021-12-08 14:29:00,680,680,680,680,12000
2021-12-08 14:30:00,680,680,680,680,5100
2021-12-08 14:31:00,680,680,680,680,2700
2021-12-08 14:32:00,680,680,680,680,2000
2021-12-08 14:33:00,680,680,680,680,3300
2021-12-08 14:34:00,680,680,680,680,0
2021-12-08 14:35:00,680,680,680,680,9000
2021-12-08 14:36:00,680,680,680,680,0
2021-12-08 14:37:00,680,680,680,680,7000
2021-12-08 14:38:00,680,680,680,680,3000
2021-12-08 14:39:00,680,680,680,680,0
2021-12-08 14:40:00,675,665,675,670,171900
2021-12-08 14:41:00,670,670,670,670,5800
2021-12-08 14:42:00,670,670,670,670,0
2021-12-08 14:43:00,670,670,670,670,33300
2021-12-08 14:44:00,670,670,675,675,1800
2021-12-08 14:45:00,675,675,675,675,2200
2021-12-08 14:46:00,675,675,675,675,1800
2021-12-08 14:47:00,675,675,675,675,2000
2021-12-08 14:48:00,675,675,675,675,6200
2021-12-08 14:49:00,675,675,675,675,2000
2021-12-08 14:50:00,675,675,675,675,0
2021-12-08 14:51:00,675,675,675,675,0
2021-12-08 14:52:00,675,675,675,675,0
2021-12-08 14:53:00,675,675,675,675,0
2021-12-08 14:54:00,675,675,675,675,0
2021-12-08 14:55:00,675,675,675,675,0
2021-12-08 14:56:00,675,675,675,675,0
2021-12-08 14:57:00,675,675,675,675,0
2021-12-08 14:58:00,675,675,675,675,0
2021-12-08 14:59:00,675,675,675,675,0
2021-12-08 15:00:00,680,680,680,680,45000
2021-12-08 15:01:00,680,680,680,680,1400
2021-12-08 15:02:00,680,680,680,680,2500
2021-12-08 15:03:00,680,680,680,680,0
2021-12-08 15:04:00,680,680,680,680,0
2021-12-08 15:05:00,680,680,680,680,4600
2021-12-08 15:06:00,680,680,680,680,0
2021-12-08 15:07:00,680,680,680,680,0
2021-12-08 15:08:00,680,680,680,680,0
2021-12-08 15:09:00,680,680,680,680,0
2021-12-08 15:10:00,680,680,680,680,0
2021-12-08 15:11:00,680,680,680,680,0
2021-12-08 15:12:00,680,680,680,680,0
2021-12-08 15:13:00,680,680,680,680,0
2021-12-08 15:14:00,680,680,680,680,0
2021-12-08 15:15:00,680,680,680,680,0
2021-12-08 15:16:00,680,680,680,680,0
2021-12-08 15:17:00,680,680,680,680,0
2021-12-08 15:18:00,680,680,680,680,0
2021-12-08 15:19:00,680,680,680,680,0
2021-12-08 15:20:00,680,680,680,680,0
2021-12-08 15:21:00,680,680,680,680,0
2021-12-08 15:22:00,680,680,680,680,0
2021-12-08 15:23:00,680,680,680,680,0
2021-12-08 15:24:00,680,680,680,680,0
2021-12-08 15:25:00,680,680,680,680,0
2021-12-08 15:26:00,680,680,680,680,0
2021-12-08 15:27:00,680,680,680,680,0
2021-12-08 15:28:00,680,680,680,680,0
2021-12-08 15:29:00,680,680,680,680,0
2021-12-08 15:30:00,680,680,680,680,0
2021-12-08 15:31:00,680,680,680,680,0
2021-12-08 15:32:00,680,680,680,680,0
2021-12-08 15:33:00,680,680,680,680,0
2021-12-08 15:34:00,680,680,680,680,0
2021-12-08 15:35:00,680,680,680,680,0
2021-12-08 15:36:00,680,680,680,680,0
2021-12-08 15:37:00,680,680,680,680,0
2021-12-08 15:38:00,680,680,680,680,0
2021-12-08 15:39:00,680,680,680,680,0
2021-12-08 15:40:00,680,680,680,680,0
2021-12-08 15:41:00,680,680,680,680,0
2021-12-08 15:42:00,680,680,680,680,0
2021-12-08 15:43:00,680,680,680,680,0
2021-12-08 15:44:00,680,680,680,680,0
2021-12-08 15:45:00,680,680,680,680,0
2021-12-08 15:46:00,680,680,680,680,0
2021-12-08 15:47:00,680,680,680,680,0
2021-12-08 15:48:00,680,680,680,680,0
2021-12-08 15:49:00,680,680,680,680,0
2021-12-08 15:50:00,680,680,680,680,0
2021-12-08 15:51:00,680,680,680,680,0
2021-12-08 15:52:00,680,680,680,680,0
2021-12-08 15:53:00,680,680,680,680,0
2021-12-08 15:54:00,680,680,680,680,0
2021-12-08 15:55:00,680,680,680,680,0
2021-12-08 15:56:00,680,680,680,680,0
2021-12-08 15:57:00,680,680,680,680,0
2021-12-08 15:58:00,680,680,680,680,0
2021-12-08 15:59:00,680,680,680,680,0
2021-12-09 09:00:00,680,680,680,680,0
2021-12-09 09:01:00,680,680,680,680,0
2021-12-09 09:02:00,680,680,680,680,0
2021-12-09 09:03:00,680,680,680,680,0
2021-12-09 09:04:00,680,680,680,680,900
2021-12-09 09:05:00,680,680,680,680,700
2021-12-09 09:06:00,680,675,680,680,4100
2021-12-09 09:07:00,680,680,680,680,24500
2021-12-09 09:08:00,680,680,680,680,9000
2021-12-09 09:09:00,680,680,680,680,1500
2021-12-09 09:10:00,680,670,680,670,8500
2021-12-09 09:11:00,680,680,680,680,800
2021-12-09 09:12:00,680,680,680,680,500
2021-12-09 09:13:00,680,680,680,680,500
2021-12-09 09:14:00,680,670,680,670,11000
2021-12-09 09:15:00,680,680,680,680,1300
2021-12-09 09:16:00,680,680,680,680,0
2021-12-09 09:17:00,680,680,680,680,1000
2021-12-09 09:18:00,680,680,680,680,10100
2021-12-09 09:19:00,680,680,680,680,0
2021-12-09 09:20:00,680,680,680,680,600
2021-12-09 09:21:00,680,680,680,680,800
2021-12-09 09:22:00,680,680,680,680,1300
2021-12-09 09:23:00,680,680,680,680,1600
2021-12-09 09:24:00,680,680,680,680,1100
2021-12-09 09:25:00,675,675,675,675,100
2021-12-09 09:26:00,680,675,680,675,3100
2021-12-09 09:27:00,675,675,675,675,400
2021-12-09 09:28:00,675,675,680,680,3900
2021-12-09 09:29:00,680,680,680,680,600
2021-12-09 09:30:00,680,675,680,675,2300
2021-12-09 09:31:00,680,675,680,675,1100
2021-12-09 09:32:00,680,680,680,680,800
2021-12-09 09:33:00,680,680,680,680,500
2021-12-09 09:34:00,680,680,680,680,700
2021-12-09 09:35:00,680,680,680,680,700
2021-12-09 09:36:00,675,675,675,675,1500
2021-12-09 09:37:00,675,675,675,675,0
2021-12-09 09:38:00,675,675,675,675,1700
2021-12-09 09:39:00,670,665,670,665,11000
2021-12-09 09:40:00,675,675,675,675,500
2021-12-09 09:41:00,675,675,675,675,1200
2021-12-09 09:42:00,675,675,675,675,2200
2021-12-09 09:43:00,675,675,675,675,1500
2021-12-09 09:44:00,675,675,675,675,500
2021-12-09 09:45:00,675,675,675,675,800
2021-12-09 09:46:00,675,675,675,675,700
2021-12-09 09:47:00,675,675,675,675,1100
2021-12-09 09:48:00,675,675,675,675,700
2021-12-09 09:49:00,675,675,675,675,600
2021-12-09 09:50:00,675,675,675,675,0
2021-12-09 09:51:00,670,670,670,670,2200
2021-12-09 09:52:00,670,670,670,670,1000
2021-12-09 09:53:00,670,670,670,670,0
2021-12-09 09:54:00,670,670,670,670,0
2021-12-09 09:55:00,675,675,675,675,600
2021-12-09 09:56:00,675,675,675,675,1000
2021-12-09 09:57:00,675,675,675,675,0
2021-12-09 09:58:00,675,675,675,675,600
2021-12-09 09:59:00,675,675,675,675,600
2021-12-09 10:00:00,675,675,675,675,500
2021-12-09 10:01:00,675,675,675,675,700
2021-12-09 10:02:00,675,675,675,675,600
2021-12-09 10:03:00,675,675,675,675,1300
2021-12-09 10:04:00,675,675,675,675,0
2021-12-09 10:05:00,675,675,675,675,0
2021-12-09 10:06:00,675,675,675,675,800
2021-12-09 10:07:00,675,675,675,675,600
2021-12-09 10:08:00,675,675,675,675,500
2021-12-09 10:09:00,675,675,675,675,500
2021-12-09 10:10:00,675,675,675,675,0
2021-12-09 10:11:00,675,675,675,675,700
2021-12-09 10:12:00,675,675,675,675,700
2021-12-09 10:13:00,675,675,675,675,500
2021-12-09 10:14:00,675,670,675,675,3600
2021-12-09 10:15:00,675,675,675,675,500
2021-12-09 10:16:00,675,675,675,675,0
2021-12-09 10:17:00,670,670,670,670,2600
2021-12-09 10:18:00,670,670,670,670,0
2021-12-09 10:19:00,670,670,670,670,100
2021-12-09 10:20:00,675,675,675,675,1200
2021-12-09 10:21:00,675,675,675,675,0
2021-12-09 10:22:00,675,675,675,675,1000
2021-12-09 10:23:00,675,675,675,675,700
2021-12-09 10:24:00,675,675,675,675,800
2021-12-09 10:25:00,675,675,675,675,1400
2021-12-09 10:26:00,675,675,675,675,500
2021-12-09 10:27:00,675,660,675,660,112400
2021-12-09 10:28:00,675,675,675,675,900
2021-12-09 10:29:00,675,675,675,675,0
2021-12-09 10:30:00,675,675,675,675,0
2021-12-09 10:31:00,675,675,675,675,0
2021-12-09 10:32:00,675,675,675,675,0
2021-12-09 10:33:00,675,675,675,675,500
2021-12-09 10:34:00,675,675,675,675,1300
2021-12-09 10:35:00,675,675,675,675,0
2021-12-09 10:36:00,675,675,675,675,0
2021-12-09 10:37:00,675,675,675,675,1300
2021-12-09 10:38:00,675,675,675,675,6300
2021-12-09 10:39:00,675,675,675,675,2200
2021-12-09 10:40:00,670,670,675,675,3200
2021-12-09 10:41:00,675,675,675,675,500
2021-12-09 10:42:00,675,675,675,675,0
2021-12-09 10:43:00,675,675,675,675,500
2021-12-09 10:44:00,670,670,670,670,2100
2021-12-09 10:45:00,675,675,675,675,1300
2021-12-09 10:46:00,670,670,670,670,500
2021-12-09 10:47:00,675,675,675,675,500
2021-12-09 10:48:00,675,675,675,675,500
2021-12-09 10:49:00,675,675,675,675,500
2021-12-09 10:50:00,675,675,675,675,0
2021-12-09 10:51:00,675,675,675,675,0
2021-12-09 10:52:00,675,675,675,675,2400
2021-12-09 10:53:00,675,670,675,670,3600
2021-12-09 10:54:00,665,665,665,665,3500
2021-12-09 10:55:00,670,670,670,670,11000
2021-12-09 10:56:00,670,670,670,670,0
2021-12-09 10:57:00,665,665,665,665,2700
2021-12-09 10:58:00,665,665,665,665,0
2021-12-09 10:59:00,670,670,670,670,37500
2021-12-09 11:00:00,670,670,670,670,0
2021-12-09 11:01:00,670,670,670,670,9000
2021-12-09 11:02:00,670,670,670,670,39100
2021-12-09 11:03:00,670,670,670,670,900
2021-12-09 11:04:00,675,675,675,675,500
2021-12-09 11:05:00,675,675,675,675,700
2021-12-09 11:06:00,675,675,675,675,700
2021-12-09 11:07:00,675,675,675,675,500
2021-12-09 11:08:00,675,675,675,675,0
2021-12-09 11:09:00,675,675,675,675,1100
2021-12-09 11:10:00,675,675,675,675,800
2021-12-09 11:11:00,675,675,675,675,700
2021-12-09 11:12:00,675,675,675,675,0
2021-12-09 11:13:00,675,675,675,675,500
2021-12-09 11:14:00,675,675,675,675,0
2021-12-09 11:15:00,675,675,675,675,700
2021-12-09 11:16:00,675,675,675,675,500
2021-12-09 11:17:00,675,675,675,675,600
2021-12-09 11:18:00,675,675,675,675,700
2021-12-09 11:19:00,675,675,675,675,600
2021-12-09 11:20:00,675,675,675,675,600
2021-12-09 11:21:00,675,675,675,675,500
2021-12-09 11:22:00,675,675,675,675,500
2021-12-09 11:23:00,675,675,675,675,0
2021-12-09 11:24:00,675,675,675,675,1100
2021-12-09 11:25:00,675,675,675,675,0
2021-12-09 11:26:00,675,675,675,675,600
2021-12-09 11:27:00,675,675,675,675,600
2021-12-09 11:28:00,675,675,675,675,600
2021-12-09 11:29:00,675,675,675,675,0
2021-12-09 11:30:00,675,675,675,675,0
2021-12-09 11:31:00,675,675,675,675,0
2021-12-09 11:32:00,675,675,675,675,0
2021-12-09 11:33:00,675,675,675,675,0
2021-12-09 11:34:00,675,675,675,675,0
2021-12-09 11:35:00,675,675,675,675,0
2021-12-09 11:36:00,675,675,675,675,0
2021-12-09 11:37:00,675,675,675,675,0
2021-12-09 11:38:00,675,675,675,675,0
2021-12-09 11:39:00,675,675,675,675,0
2021-12-09 11:40:00,675,675,675,675,0
2021-12-09 11:41:00,675,675,675,675,0
2021-12-09 11:42:00,675,675,675,675,0
2021-12-09 11:43:00,675,675,675,675,0
2021-12-09 11:44:00,675,675,675,675,0
2021-12-09 11:45:00,675,675,675,675,0
2021-12-09 11:46:00,675,675,675,675,0
2021-12-09 11:47:00,675,675,675,675,0
2021-12-09 11:48:00,675,675,675,675,0
2021-12-09 11:49:00,675,675,675,675,0
2021-12-09 11:50:00,675,675,675,675,0
2021-12-09 11:51:00,675,675,675,675,0
2021-12-09 11:52:00,675,675,675,675,0
2021-12-09 11:53:00,675,675,675,675,0
2021-12-09 11:54:00,675,675,675,675,0
2021-12-09 11:55:00,675,675,675,675,0
2021-12-09 11:56:00,675,675,675,675,0
2021-12-09 11:57:00,675,675,675,675,0
2021-12-09 11:58:00,675,675,675,675,0
2021-12-09 11:59:00,675,675,675,675,0
2021-12-09 12:00:00,675,675,675,675,0
2021-12-09 12:01:00,675,675,675,675,0
2021-12-09 12:02:00,675,675,675,675,0
2021-12-09 12:03:00,675,675,675,675,0
2021-12-09 12:04:00,675,675,675,675,0
2021-12-09 12:05:00,675,675,675,675,0
2021-12-09 12:06:00,675,675,675,675,0
2021-12-09 12:07:00,675,675,675,675,0
2021-12-09 12:08:00,675,675,675,675,0
2021-12-09 12:09:00,675,675,675,675,0
2021-12-09 12:10:00,675,675,675,675,0
2021-12-09 12:11:00,675,675,675,675,0
2021-12-09 12:12:00,675,675,675,675,0
2021-12-09 12:13:00,675,675,675,675,0
2021-12-09 12:14:00,675,675,675,675,0
2021-12-09 12:15:00,675,675,675,675,0
2021-12-09 12:16:00,675,675,675,675,0
2021-12-09 12:17:00,675,675,675,675,0
2021-12-09 12:18:00,675,675,675,675,0
2021-12-09 12:19:00,675,675,675,675,0
2021-12-09 12:20:00,675,675,675,675,0
2021-12-09 12:21:00,675,675,675,675,0
2021-12-09 12:22:00,675,675,675,675,0
2021-12-09 12:23:00,675,675,675,675,0
2021-12-09 12:24:00,675,675,675,675,0
2021-12-09 12:25:00,675,675,675,675,0
2021-12-09 12:26:00,675,675,675,675,0
2021-12-09 12:27:00,675,675,675,675,0
2021-12-09 12:28:00,675,675,675,675,0
2021-12-09 12:29:00,675,675,675,675,0
2021-12-09 12:30:00,675,675,675,675,0
2021-12-09 12:31:00,675,675,675,675,0
2021-12-09 12:32:00,675,675,675,675,0
2021-12-09 12:33:00,675,675,675,675,0
2021-12-09 12:34:00,675,675,675,675,0
2021-12-09 12:35:00,675,675,675,675,0
2021-12-09 12:36:00,675,675,675,675,0
2021-12-09 12:37:00,675,675,675,675,0
2021-12-09 12:38:00,675,675,675,675,0
2021-12-09 12:39:00,675,675,675,675,0
2021-12-09 12:40:00,675,675,675,675,0
2021-12-09 12:41:00,675,675,675,675,0
2021-12-09 12:42:00,675,675,675,675,0
2021-12-09 12:43:00,675,675,675,675,0
2021-12-09 12:44:00,675,675,675,675,0
2021-12-09 12:45:00,675,675,675,675,0
2021-12-09 12:46:00,675,675,675,675,0
2021-12-09 12:47:00,675,675,675,675,0
2021-12-09 12:48:00,675,675,675,675,0
2021-12-09 12:49:00,675,675,675,675,0
2021-12-09 12:50:00,675,675,675,675,0
2021-12-09 12:51:00,675,675,675,675,0
2021-12-09 12:52:00,675,675,675,675,0
2021-12-09 12:53:00,675,675,675,675,0
2021-12-09 12:54:00,675,675,675,675,0
2021-12-09 12:55:00,675,675,675,675,0
2021-12-09 12:56:00,675,675,675,675,0
2021-12-09 12:57:00,675,675,675,675,0
2021-12-09 12:58:00,675,675,675,675,0
2021-12-09 12:59:00,675,675,675,675,0
2021-12-09 13:00:00,675,675,675,675,0
2021-12-09 13:01:00,675,675,675,675,0
2021-12-09 13:02:00,675,675,675,675,0
2021-12-09 13:03:00,675,675,675,675,0
2021-12-09 13:04:00,675,675,675,675,0
2021-12-09 13:05:00,675,675,675,675,0
2021-12-09 13:06:00,675,675,675,675,0
2021-12-09 13:07:00,675,675,675,675,0
2021-12-09 13:08:00,675,675,675,675,0
2021-12-09 13:09:00,675,675,675,675,0
2021-12-09 13:10:00,675,675,675,675,0
2021-12-09 13:11:00,675,675,675,675,0
2021-12-09 13:12:00,675,675,675,675,0
2021-12-09 13:13:00,675,675,675,675,0
2021-12-09 13:14:00,675,675,675,675,0
2021-12-09 13:15:00,675,675,675,675,0
2021-12-09 13:16:00,675,675,675,675,0
2021-12-09 13:17:00,675,675,675,675,0
2021-12-09 13:18:00,675,675,675,675,0
2021-12-09 13:19:00,675,675,675,675,0
2021-12-09 13:20:00,675,675,675,675,0
2021-12-09 13:21:00,675,675,675,675,0
2021-12-09 13:22:00,675,675,675,675,0
2021-12-09 13:23:00,675,675,675,675,0
2021-12-09 13:24:00,675,675,675,675,0
2021-12-09 13:25:00,675,675,675,675,0
2021-12-09 13:26:00,675,675,675,675,0
2021-12-09 13:27:00,675,675,675,675,0
2021-12-09 13:28:00,675,675,675,675,0
2021-12-09 13:29:00,675,675,675,675,0
2021-12-09 13:30:00,670,670,670,670,18200
2021-12-09 13:31:00,675,675,675,675,700
2021-12-09 13:32:00,675,675,675,675,0
2021-12-09 13:33:00,675,675,675,675,500
2021-12-09 13:34:00,675,675,675,675,0
2021-12-09 13:35:00,670,670,670,670,5000
2021-12-09 13:36:00,670,670,670,670,0
2021-12-09 13:37:00,675,675,675,675,500
2021-12-09 13:38:00,675,675,675,675,0
2021-12-09 13:39:00,675,675,675,675,0
2021-12-09 13:40:00,675,675,675,675,700
2021-12-09 13:41:00,675,675,675,675,0
2021-12-09 13:42:00,675,675,675,675,0
2021-12-09 13:43:00,675,675,675,675,700
2021-12-09 13:44:00,675,675,675,675,0
2021-12-09 13:45:00,675,675,675,675,900
2021-12-09 13:46:00,675,675,675,675,0
2021-12-09 13:47:00,675,675,675,675,5000
2021-12-09 13:48:00,675,675,675,675,100
2021-12-09 13:49:00,675,675,675,675,600
2021-12-09 13:50:00,675,675,675,675,0
2021-12-09 13:51:00,675,675,675,675,0
2021-12-09 13:52:00,675,675,675,675,9600
2021-12-09 13:53:00,675,675,675,675,0
2021-12-09 13:54:00,675,675,675,675,500
2021-12-09 13:55:00,670,670,670,670,7800
2021-12-09 13:56:00,670,670,670,670,0
2021-12-09 13:57:00,675,675,675,675,700
2021-12-09 13:58:00,675,675,675,675,0
2021-12-09 13:59:00,675,675,675,675,600
2021-12-09 14:00:00,675,675,675,675,0
2021-12-09 14:01:00,675,675,675,675,0
2021-12-09 14:02:00,675,675,675,675,700
2021-12-09 14:03:00,675,675,675,675,0
2021-12-09 14:04:00,675,675,675,675,0
2021-12-09 14:05:00,675,675,675,675,800
2021-12-09 14:06:00,675,675,675,675,0
2021-12-09 14:07:00,675,675,675,675,0
2021-12-09 14:08:00,675,675,675,675,800
2021-12-09 14:09:00,675,675,675,675,0
2021-12-09 14:10:00,675,675,675,675,0
2021-12-09 14:11:00,675,675,675,675,600
2021-12-09 14:12:00,670,670,670,670,100
2021-12-09 14:13:00,675,675,675,675,100
2021-12-09 14:14:00,675,675,675,675,600
2021-12-09 14:15:00,675,675,675,675,0
2021-12-09 14:16:00,675,675,675,675,600
2021-12-09 14:17:00,675,675,675,675,0
2021-12-09 14:18:00,675,675,675,675,0
2021-12-09 14:19:00,670,670,675,675,5500
2021-12-09 14:20:00,670,670,675,675,0
2021-12-09 14:21:00,670,670,670,670,6800
2021-12-09 14:22:00,675,675,675,675,600
2021-12-09 14:23:00,675,675,675,675,0
2021-12-09 14:24:00,675,675,675,675,0
2021-12-09 14:25:00,670,670,670,670,2100
2021-12-09 14:26:00,670,670,670,670,700
2021-12-09 14:27:00,670,670,670,670,8900
2021-12-09 14:28:00,670,670,670,670,700
2021-12-09 14:29:00,670,670,670,670,0
2021-12-09 14:30:00,670,670,670,670,500
2021-12-09 14:31:00,670,670,670,670,500
2021-12-09 14:32:00,670,670,670,670,600
2021-12-09 14:33:00,670,670,670,670,7500
2021-12-09 14:34:00,670,670,670,670,0
2021-12-09 14:35:00,670,670,670,670,7700
2021-12-09 14:36:00,670,670,670,670,0
2021-12-09 14:37:00,675,675,675,675,700
2021-12-09 14:38:00,670,670,670,670,1600
2021-12-09 14:39:00,670,670,670,670,0
2021-12-09 14:40:00,675,675,675,675,100
2021-12-09 14:41:00,675,675,675,675,0
2021-12-09 14:42:00,675,675,675,675,3100
2021-12-09 14:43:00,675,670,675,670,4500
2021-12-09 14:44:00,675,670,675,670,0
2021-12-09 14:45:00,675,675,675,675,500
2021-12-09 14:46:00,675,675,675,675,600
2021-12-09 14:47:00,675,675,675,675,700
2021-12-09 14:48:00,675,675,675,675,600
2021-12-09 14:49:00,675,675,675,675,1300
2021-12-09 14:50:00,675,675,675,675,0
2021-12-09 14:51:00,675,675,675,675,0
2021-12-09 14:52:00,675,675,675,675,0
2021-12-09 14:53:00,675,675,675,675,0
2021-12-09 14:54:00,675,675,675,675,0
2021-12-09 14:55:00,675,675,675,675,0
2021-12-09 14:56:00,675,675,675,675,0
2021-12-09 14:57:00,675,675,675,675,0
2021-12-09 14:58:00,675,675,675,675,0
2021-12-09 14:59:00,675,675,675,675,0
2021-12-09 15:00:00,670,670,670,670,114900
2021-12-09 15:01:00,670,670,670,670,0
2021-12-09 15:02:00,670,670,670,670,0
2021-12-09 15:03:00,670,670,670,670,0
2021-12-09 15:04:00,670,670,670,670,0
2021-12-09 15:05:00,670,670,670,670,0
2021-12-09 15:06:00,670,670,670,670,0
2021-12-09 15:07:00,670,670,670,670,0
2021-12-09 15:08:00,670,670,670,670,0
2021-12-09 15:09:00,670,670,670,670,0
2021-12-09 15:10:00,670,670,670,670,0
2021-12-09 15:11:00,670,670,670,670,0
2021-12-09 15:12:00,670,670,670,670,0
2021-12-09 15:13:00,670,670,670,670,0
2021-12-09 15:14:00,670,670,670,670,0
2021-12-09 15:15:00,670,670,670,670,0
2021-12-09 15:16:00,670,670,670,670,0
2021-12-09 15:17:00,670,670,670,670,0
2021-12-09 15:18:00,670,670,670,670,0
2021-12-09 15:19:00,670,670,670,670,0
2021-12-09 15:20:00,670,670,670,670,0
2021-12-09 15:21:00,670,670,670,670,0
2021-12-09 15:22:00,670,670,670,670,0
2021-12-09 15:23:00,670,670,670,670,0
2021-12-09 15:24:00,670,670,670,670,0
2021-12-09 15:25:00,670,670,670,670,0
2021-12-09 15:26:00,670,670,670,670,0
2021-12-09 15:27:00,670,670,670,670,0
2021-12-09 15:28:00,670,670,670,670,0
2021-12-09 15:29:00,670,670,670,670,0
2021-12-09 15:30:00,670,670,670,670,0
2021-12-09 15:31:00,670,670,670,670,0
2021-12-09 15:32:00,670,670,670,670,0
2021-12-09 15:33:00,670,670,670,670,0
2021-12-09 15:34:00,670,670,670,670,0
2021-12-09 15:35:00,670,670,670,670,0
2021-12-09 15:36:00,670,670,670,670,0
2021-12-09 15:37:00,670,670,670,670,0
2021-12-09 15:38:00,670,670,670,670,0
2021-12-09 15:39:00,670,670,670,670,0
2021-12-09 15:40:00,670,670,670,670,0
2021-12-09 15:41:00,670,670,670,670,0
2021-12-09 15:42:00,670,670,670,670,0
2021-12-09 15:43:00,670,670,670,670,0
2021-12-09 15:44:00,670,670,670,670,0
2021-12-09 15:45:00,670,670,670,670,0
2021-12-09 15:46:00,670,670,670,670,0
2021-12-09 15:47:00,670,670,670,670,0
2021-12-09 15:48:00,670,670,670,670,0
2021-12-09 15:49:00,670,670,670,670,0
2021-12-09 15:50:00,670,670,670,670,0
2021-12-09 15:51:00,670,670,670,670,0
2021-12-09 15:52:00,670,670,670,670,0
2021-12-09 15:53:00,670,670,670,670,0
2021-12-09 15:54:00,670,670,670,670,0
2021-12-09 15:55:00,670,670,670,670,0
2021-12-09 15:56:00,670,670,670,670,0
2021-12-09 15:57:00,670,670,670,670,0
2021-12-09 15:58:00,670,670,670,670,0
2021-12-09 15:59:00,670,670,670,670,0
2021-12-10 09:00:00,670,670,670,670,0
2021-12-10 09:01:00,670,670,670,670,0
2021-12-10 09:02:00,670,670,670,670,0
2021-12-10 09:03:00,670,670,670,670,0
2021-12-10 09:04:00,670,670,675,675,133200
2021-12-10 09:05:00,675,675,675,675,21600
2021-12-10 09:06:00,675,670,675,675,25800
2021-12-10 09:07:00,675,670,675,675,30200
2021-12-10 09:08:00,675,675,675,675,55000
2021-12-10 09:09:00,675,675,680,680,46200
2021-12-10 09:10:00,675,675,680,680,0
2021-12-10 09:11:00,680,680,680,680,52100
2021-12-10 09:12:00,680,680,680,680,21000
2021-12-10 09:13:00,680,675,680,680,49800
2021-12-10 09:14:00,680,680,680,680,27000
2021-12-10 09:15:00,680,680,680,680,30000
2021-12-10 09:16:00,680,680,680,680,3000
2021-12-10 09:17:00,680,680,680,680,0
2021-12-10 09:18:00,675,670,675,675,2300
2021-12-10 09:19:00,675,670,675,675,100100
2021-12-10 09:20:00,670,665,675,675,65600
2021-12-10 09:21:00,675,675,675,675,74400
2021-12-10 09:22:00,675,670,675,675,61900
2021-12-10 09:23:00,675,675,675,675,87000
2021-12-10 09:24:00,675,675,675,675,61600
2021-12-10 09:25:00,675,675,675,675,55300
2021-12-10 09:26:00,675,675,675,675,56100
2021-12-10 09:27:00,675,675,675,675,64700
2021-12-10 09:28:00,675,675,675,675,70100
2021-12-10 09:29:00,675,675,675,675,65400
2021-12-10 09:30:00,675,675,675,675,70700
2021-12-10 09:31:00,675,675,675,675,64000
2021-12-10 09:32:00,675,675,675,675,63100
2021-12-10 09:33:00,675,675,675,675,39700
2021-12-10 09:34:00,675,675,675,675,66700
2021-12-10 09:35:00,675,675,675,675,75800
2021-12-10 09:36:00,670,670,670,670,4200
2021-12-10 09:37:00,675,675,675,675,1400
2021-12-10 09:38:00,675,675,675,675,1300
2021-12-10 09:39:00,675,675,675,675,2100
2021-12-10 09:40:00,675,675,675,675,1300
2021-12-10 09:41:00,675,675,675,675,500
2021-12-10 09:42:00,675,675,675,675,600
2021-12-10 09:43:00,675,675,675,675,0
2021-12-10 09:44:00,675,675,675,675,1900
2021-12-10 09:45:00,675,675,675,675,1500
2021-12-10 09:46:00,675,675,675,675,500
2021-12-10 09:47:00,675,675,675,675,1100
2021-12-10 09:48:00,675,670,675,675,61200
2021-12-10 09:49:00,675,670,675,675,0
2021-12-10 09:50:00,675,675,675,675,3300
2021-12-10 09:51:00,675,675,675,675,0
2021-12-10 09:52:00,675,675,675,675,700
2021-12-10 09:53:00,675,675,675,675,600
2021-12-10 09:54:00,675,675,675,675,800
2021-12-10 09:55:00,675,675,675,675,2000
2021-12-10 09:56:00,675,675,675,675,500
2021-12-10 09:57:00,675,675,675,675,500
2021-12-10 09:58:00,675,675,675,675,1100
2021-12-10 09:59:00,675,675,675,675,200
2021-12-10 10:00:00,675,675,675,675,700
2021-12-10 10:01:00,675,675,675,675,0
2021-12-10 10:02:00,675,675,675,675,1100
2021-12-10 10:03:00,675,675,675,675,600
2021-12-10 10:04:00,675,675,675,675,2500
2021-12-10 10:05:00,675,675,675,675,300
2021-12-10 10:06:00,675,675,675,675,0
2021-12-10 10:07:00,675,675,675,675,1000
2021-12-10 10:08:00,675,675,675,675,2000
2021-12-10 10:09:00,675,670,675,670,5400
2021-12-10 10:10:00,670,665,670,670,2400
2021-12-10 10:11:00,670,670,670,670,2500
2021-12-10 10:12:00,670,670,670,670,0
2021-12-10 10:13:00,670,670,670,670,2400
2021-12-10 10:14:00,675,675,675,675,300
2021-12-10 10:15:00,675,675,675,675,0
2021-12-10 10:16:00,675,675,675,675,200
2021-12-10 10:17:00,670,670,670,670,3100
2021-12-10 10:18:00,670,670,670,670,600
2021-12-10 10:19:00,670,670,670,670,22700
2021-12-10 10:20:00,670,670,670,670,800
2021-12-10 10:21:00,670,670,670,670,900
2021-12-10 10:22:00,670,670,670,670,500
2021-12-10 10:23:00,670,670,670,670,7200
2021-12-10 10:24:00,670,670,670,670,700
2021-12-10 10:25:00,670,670,670,670,0
2021-12-10 10:26:00,670,665,670,670,5800
2021-12-10 10:27:00,670,670,670,670,3000
2021-12-10 10:28:00,670,670,670,670,0
2021-12-10 10:29:00,670,670,670,670,2800
2021-12-10 10:30:00,670,670,670,670,2000
2021-12-10 10:31:00,670,670,670,670,300
2021-12-10 10:32:00,670,670,670,670,600
2021-12-10 10:33:00,670,670,670,670,500
2021-12-10 10:34:00,670,670,670,670,0
2021-12-10 10:35:00,670,670,670,670,600
2021-12-10 10:36:00,670,670,670,670,500
2021-12-10 10:37:00,670,670,670,670,0
2021-12-10 10:38:00,670,660,670,660,103200
2021-12-10 10:39:00,660,660,660,660,4700
2021-12-10 10:40:00,660,660,670,670,1800
2021-12-10 10:41:00,660,660,670,670,0
2021-12-10 10:42:00,670,670,670,670,200
2021-12-10 10:43:00,670,670,670,670,0
2021-12-10 10:44:00,670,670,670,670,0
2021-12-10 10:45:00,670,670,670,670,300
2021-12-10 10:46:00,670,670,670,670,0
2021-12-10 10:47:00,670,665,670,665,1000
2021-12-10 10:48:00,670,670,670,670,300
2021-12-10 10:49:00,670,670,670,670,0
2021-12-10 10:50:00,670,670,670,670,0
2021-12-10 10:51:00,670,670,670,670,0
2021-12-10 10:52:00,670,670,670,670,0
2021-12-10 10:53:00,670,670,670,670,900
2021-12-10 10:54:00,670,670,670,670,0
2021-12-10 10:55:00,670,670,670,670,0
2021-12-10 10:56:00,670,670,670,670,500
2021-12-10 10:57:00,670,670,670,670,0
2021-12-10 10:58:00,670,670,670,670,0
2021-12-10 10:59:00,670,670,670,670,400
2021-12-10 11:00:00,670,670,670,670,600
2021-12-10 11:01:00,670,670,670,670,0
2021-12-10 11:02:00,670,670,670,670,700
2021-12-10 11:03:00,670,670,670,670,0
2021-12-10 11:04:00,670,670,670,670,1100
2021-12-10 11:05:00,670,670,670,670,0
2021-12-10 11:06:00,670,670,670,670,600
2021-12-10 11:07:00,665,665,665,665,17100
2021-12-10 11:08:00,665,665,665,665,1200
2021-12-10 11:09:00,665,665,665,665,700
2021-12-10 11:10:00,665,665,665,665,0
2021-12-10 11:11:00,665,665,670,670,1100
2021-12-10 11:12:00,670,670,670,670,300
2021-12-10 11:13:00,670,670,670,670,600
2021-12-10 11:14:00,670,670,670,670,100
2021-12-10 11:15:00,670,670,670,670,1300
2021-12-10 11:16:00,670,670,670,670,0
2021-12-10 11:17:00,670,670,670,670,600
2021-12-10 11:18:00,670,670,670,670,0
2021-12-10 11:19:00,670,670,670,670,0
2021-12-10 11:20:00,670,670,670,670,0
2021-12-10 11:21:00,670,670,670,670,700
2021-12-10 11:22:00,670,670,670,670,1100
2021-12-10 11:23:00,670,670,670,670,0
2021-12-10 11:24:00,670,670,670,670,0
2021-12-10 11:25:00,670,670,670,670,200
2021-12-10 11:26:00,670,670,670,670,700
2021-12-10 11:27:00,670,670,670,670,800
2021-12-10 11:28:00,670,670,670,670,0
2021-12-10 11:29:00,670,670,670,670,500
2021-12-10 11:30:00,670,670,670,670,0
2021-12-10 11:31:00,670,670,670,670,0
2021-12-10 11:32:00,670,670,670,670,0
2021-12-10 11:33:00,670,670,670,670,0
2021-12-10 11:34:00,670,670,670,670,0
2021-12-10 11:35:00,670,670,670,670,0
2021-12-10 11:36:00,670,670,670,670,0
2021-12-10 11:37:00,670,670,670,670,0
2021-12-10 11:38:00,670,670,670,670,0
2021-12-10 11:39:00,670,670,670,670,0
2021-12-10 11:40:00,670,670,670,670,0
2021-12-10 11:41:00,670,670,670,670,0
2021-12-10 11:42:00,670,670,670,670,0
2021-12-10 11:43:00,670,670,670,670,0
2021-12-10 11:44:00,670,670,670,670,0
2021-12-10 11:45:00,670,670,670,670,0
2021-12-10 11:46:00,670,670,670,670,0
2021-12-10 11:47:00,670,670,670,670,0
2021-12-10 11:48:00,670,670,670,670,0
2021-12-10 11:49:00,670,670,670,670,0
2021-12-10 11:50:00,670,670,670,670,0
2021-12-10 11:51:00,670,670,670,670,0
2021-12-10 11:52:00,670,670,670,670,0
2021-12-10 11:53:00,670,670,670,670,0
2021-12-10 11:54:00,670,670,670,670,0
2021-12-10 11:55:00,670,670,670,670,0
2021-12-10 11:56:00,670,670,670,670,0
2021-12-10 11:57:00,670,670,670,670,0
2021-12-10 11:58:00,670,670,670,670,0
2021-12-10 11:59:00,670,670,670,670,0
2021-12-10 12:00:00,670,670,670,670,0
2021-12-10 12:01:00,670,670,670,670,0
2021-12-10 12:02:00,670,670,670,670,0
2021-12-10 12:03:00,670,670,670,670,0
2021-12-10 12:04:00,670,670,670,670,0
2021-12-10 12:05:00,670,670,670,670,0
2021-12-10 12:06:00,670,670,670,670,0
2021-12-10 12:07:00,670,670,670,670,0
2021-12-10 12:08:00,670,670,670,670,0
2021-12-10 12:09:00,670,670,670,670,0
2021-12-10 12:10:00,670,670,670,670,0
2021-12-10 12:11:00,670,670,670,670,0
2021-12-10 12:12:00,670,670,670,670,0
2021-12-10 12:13:00,670,670,670,670,0
2021-12-10 12:14:00,670,670,670,670,0
2021-12-10 12:15:00,670,670,670,670,0
2021-12-10 12:16:00,670,670,670,670,0
2021-12-10 12:17:00,670,670,670,670,0
2021-12-10 12:18:00,670,670,670,670,0
2021-12-10 12:19:00,670,670,670,670,0
2021-12-10 12:20:00,670,670,670,670,0
2021-12-10 12:21:00,670,670,670,670,0
2021-12-10 12:22:00,670,670,670,670,0
2021-12-10 12:23:00,670,670,670,670,0
2021-12-10 12:24:00,670,670,670,670,0
2021-12-10 12:25:00,670,670,670,670,0
2021-12-10 12:26:00,670,670,670,670,0
2021-12-10 12:27:00,670,670,670,670,0
2021-12-10 12:28:00,670,670,670,670,0
2021-12-10 12:29:00,670,670,670,670,0
2021-12-10 12:30:00,670,670,670,670,0
2021-12-10 12:31:00,670,670,670,670,0
2021-12-10 12:32:00,670,670,670,670,0
2021-12-10 12:33:00,670,670,670,670,0
2021-12-10 12:34:00,670,670,670,670,0
2021-12-10 12:35:00,670,670,670,670,0
2021-12-10 12:36:00,670,670,670,670,0
2021-12-10 12:37:00,670,670,670,670,0
2021-12-10 12:38:00,670,670,670,670,0
2021-12-10 12:39:00,670,670,670,670,0
2021-12-10 12:40:00,670,670,670,670,0
2021-12-10 12:41:00,670,670,670,670,0
2021-12-10 12:42:00,670,670,670,670,0
2021-12-10 12:43:00,670,670,670,670,0
2021-12-10 12:44:00,670,670,670,670,0
2021-12-10 12:45:00,670,670,670,670,0
2021-12-10 12:46:00,670,670,670,670,0
2021-12-10 12:47:00,670,670,670,670,0
2021-12-10 12:48:00,670,670,670,670,0
2021-12-10 12:49:00,670,670,670,670,0
2021-12-10 12:50:00,670,670,670,670,0
2021-12-10 12:51:00,670,670,670,670,0
2021-12-10 12:52:00,670,670,670,670,0
2021-12-10 12:53:00,670,670,670,670,0
2021-12-10 12:54:00,670,670,670,670,0
2021-12-10 12:55:00,670,670,670,670,0
2021-12-10 12:56:00,670,670,670,670,0
2021-12-10 12:57:00,670,670,670,670,0
2021-12-10 12:58:00,670,670,670,670,0
2021-12-10 12:59:00,670,670,670,670,0
2021-12-10 13:00:00,670,670,670,670,0
2021-12-10 13:01:00,670,670,670,670,0
2021-12-10 13:02:00,670,670,670,670,0
2021-12-10 13:03:00,670,670,670,670,0
2021-12-10 13:04:00,670,670,670,670,0
2021-12-10 13:05:00,670,670,670,670,0
2021-12-10 13:06:00,670,670,670,670,0
2021-12-10 13:07:00,670,670,670,670,0
2021-12-10 13:08:00,670,670,670,670,0
2021-12-10 13:09:00,670,670,670,670,0
2021-12-10 13:10:00,670,670,670,670,0
2021-12-10 13:11:00,670,670,670,670,0
2021-12-10 13:12:00,670,670,670,670,0
2021-12-10 13:13:00,670,670,670,670,0
2021-12-10 13:14:00,670,670,670,670,0
2021-12-10 13:15:00,670,670,670,670,0
2021-12-10 13:16:00,670,670,670,670,0
2021-12-10 13:17:00,670,670,670,670,0
2021-12-10 13:18:00,670,670,670,670,0
2021-12-10 13:19:00,670,670,670,670,0
2021-12-10 13:20:00,670,670,670,670,0
2021-12-10 13:21:00,670,670,670,670,0
2021-12-10 13:22:00,670,670,670,670,0
2021-12-10 13:23:00,670,670,670,670,0
2021-12-10 13:24:00,670,670,670,670,0
2021-12-10 13:25:00,670,670,670,670,0
2021-12-10 13:26:00,670,670,670,670,0
2021-12-10 13:27:00,670,670,670,670,0
2021-12-10 13:28:00,670,670,670,670,0
2021-12-10 13:29:00,670,670,670,670,0
2021-12-10 13:30:00,670,670,670,670,0
2021-12-10 13:31:00,670,670,670,670,700
2021-12-10 13:32:00,665,665,670,670,1900
2021-12-10 13:33:00,665,665,670,670,0
2021-12-10 13:34:00,670,670,670,670,300
2021-12-10 13:35:00,670,670,670,670,600
2021-12-10 13:36:00,665,665,670,670,4500
2021-12-10 13:37:00,665,665,670,670,0
2021-12-10 13:38:00,665,665,670,670,0
2021-12-10 13:39:00,670,670,670,670,1100
2021-12-10 13:40:00,670,670,670,670,100
2021-12-10 13:41:00,670,670,670,670,0
2021-12-10 13:42:00,665,665,670,670,3300
2021-12-10 13:43:00,670,670,670,670,700
2021-12-10 13:44:00,670,665,670,670,1800
2021-12-10 13:45:00,670,665,670,670,0
2021-12-10 13:46:00,670,670,670,670,700
2021-12-10 13:47:00,670,665,670,665,3500
2021-12-10 13:48:00,670,670,670,670,600
2021-12-10 13:49:00,670,670,670,670,0
2021-12-10 13:50:00,670,670,670,670,800
2021-12-10 13:51:00,670,670,670,670,0
2021-12-10 13:52:00,670,670,670,670,72100
2021-12-10 13:53:00,670,670,670,670,400
2021-12-10 13:54:00,670,670,670,670,600
2021-12-10 13:55:00,670,670,670,670,50000
2021-12-10 13:56:00,670,670,670,670,19200
2021-12-10 13:57:00,670,670,670,670,48200
2021-12-10 13:58:00,670,670,670,670,50800
2021-12-10 13:59:00,670,670,670,670,69500
2021-12-10 14:00:00,670,670,670,670,79500
2021-12-10 14:01:00,670,670,670,670,75500
2021-12-10 14:02:00,670,670,670,670,65500
2021-12-10 14:03:00,670,670,670,670,37900
2021-12-10 14:04:00,670,665,670,665,53600
2021-12-10 14:05:00,670,670,670,670,62500
2021-12-10 14:06:00,670,670,670,670,20000
2021-12-10 14:07:00,670,665,670,670,24900
2021-12-10 14:08:00,670,670,670,670,1600
2021-12-10 14:09:00,670,665,670,665,7400
2021-12-10 14:10:00,665,665,670,670,25100
2021-12-10 14:11:00,670,670,670,670,4100
2021-12-10 14:12:00,670,670,670,670,6200
2021-12-10 14:13:00,670,670,670,670,1300
2021-12-10 14:14:00,670,670,670,670,300
2021-12-10 14:15:00,665,665,665,665,4100
2021-12-10 14:16:00,660,660,670,670,60100
2021-12-10 14:17:00,660,660,670,670,0
2021-12-10 14:18:00,670,665,670,665,2900
2021-12-10 14:19:00,670,670,670,670,400
2021-12-10 14:20:00,670,670,670,670,60300
2021-12-10 14:21:00,670,670,670,670,28000
2021-12-10 14:22:00,670,670,670,670,400
2021-12-10 14:23:00,670,670,670,670,9100
2021-12-10 14:24:00,670,665,670,665,10300
2021-12-10 14:25:00,665,665,670,670,6600
2021-12-10 14:26:00,670,670,670,670,132600
2021-12-10 14:27:00,670,670,675,675,28200
2021-12-10 14:28:00,670,670,675,675,0
2021-12-10 14:29:00,675,675,675,675,1500
2021-12-10 14:30:00,675,670,675,670,1400
2021-12-10 14:31:00,675,675,675,675,700
2021-12-10 14:32:00,675,675,675,675,200
2021-12-10 14:33:00,675,675,675,675,100
2021-12-10 14:34:00,670,670,670,670,1200
2021-12-10 14:35:00,670,670,670,670,0
2021-12-10 14:36:00,670,670,670,670,0
2021-12-10 14:37:00,670,670,675,675,21900
2021-12-10 14:38:00,670,670,675,675,0
2021-12-10 14:39:00,670,670,675,675,0
2021-12-10 14:40:00,670,670,670,670,2500
2021-12-10 14:41:00,670,670,670,670,0
2021-12-10 14:42:00,670,670,670,670,600
2021-12-10 14:43:00,670,670,670,670,4100
2021-12-10 14:44:00,675,675,675,675,600
2021-12-10 14:45:00,670,670,670,670,10000
2021-12-10 14:46:00,670,670,675,675,8100
2021-12-10 14:47:00,670,670,675,675,0
2021-12-10 14:48:00,670,670,675,675,0
2021-12-10 14:49:00,670,670,670,670,1000
2021-12-10 14:50:00,670,670,670,670,0
2021-12-10 14:51:00,670,670,670,670,0
2021-12-10 14:52:00,670,670,670,670,0
2021-12-10 14:53:00,670,670,670,670,0
2021-12-10 14:54:00,670,670,670,670,0
2021-12-10 14:55:00,670,670,670,670,0
2021-12-10 14:56:00,670,670,670,670,0
2021-12-10 14:57:00,670,670,670,670,0
2021-12-10 14:58:00,670,670,670,670,0
2021-12-10 14:59:00,670,670,670,670,0
2021-12-10 15:00:00,675,675,675,675,100200
2021-12-10 15:01:00,675,675,675,675,300
2021-12-10 15:02:00,675,675,675,675,0
2021-12-10 15:03:00,675,675,675,675,0
2021-12-10 15:04:00,675,675,675,675,0
2021-12-10 15:05:00,675,675,675,675,0
2021-12-10 15:06:00,675,675,675,675,0
2021-12-10 15:07:00,675,675,675,675,0
2021-12-10 15:08:00,675,675,675,675,0
2021-12-10 15:09:00,675,675,675,675,0
2021-12-10 15:10:00,675,675,675,675,0
2021-12-10 15:11:00,675,675,675,675,0
2021-12-10 15:12:00,675,675,675,675,0
2021-12-10 15:13:00,675,675,675,675,0
2021-12-10 15:14:00,675,675,675,675,100
2021-12-10 15:15:00,675,675,675,675,0
2021-12-10 15:16:00,675,675,675,675,0
2021-12-10 15:17:00,675,675,675,675,0
2021-12-10 15:18:00,675,675,675,675,0
2021-12-10 15:19:00,675,675,675,675,0
2021-12-10 15:20:00,675,675,675,675,0
2021-12-10 15:21:00,675,675,675,675,0
2021-12-10 15:22:00,675,675,675,675,0
2021-12-10 15:23:00,675,675,675,675,0
2021-12-10 15:24:00,675,675,675,675,0
2021-12-10 15:25:00,675,675,675,675,0
2021-12-10 15:26:00,675,675,675,675,0
2021-12-10 15:27:00,675,675,675,675,0
2021-12-10 15:28:00,675,675,675,675,0
2021-12-10 15:29:00,675,675,675,675,0
2021-12-10 15:30:00,675,675,675,675,0
2021-12-10 15:31:00,675,675,675,675,0
2021-12-10 15:32:00,675,675,675,675,0
2021-12-10 15:33:00,675,675,675,675,0
2021-12-10 15:34:00,675,675,675,675,0
2021-12-10 15:35:00,675,675,675,675,0
2021-12-10 15:36:00,675,675,675,675,0
2021-12-10 15:37:00,675,675,675,675,0
2021-12-10 15:38:00,675,675,675,675,0
2021-12-10 15:39:00,675,675,675,675,0
2021-12-10 15:40:00,675,675,675,675,0
2021-12-10 15:41:00,675,675,675,675,0
2021-12-10 15:42:00,675,675,675,675,0
2021-12-10 15:43:00,675,675,675,675,0
2021-12-10 15:44:00,675,675,675,675,0
2021-12-10 15:45:00,675,675,675,675,0
2021-12-10 15:46:00,675,675,675,675,0
2021-12-10 15:47:00,675,675,675,675,0
2021-12-10 15:48:00,675,675,675,675,0
2021-12-10 15:49:00,675,675,675,675,0
2021-12-10 15:50:00,675,675,675,675,0
2021-12-10 15:51:00,675,675,675,675,0
2021-12-10 15:52:00,675,675,675,675,0
2021-12-10 15:53:00,675,675,675,675,0
2021-12-10 15:54:00,675,675,675,675,0
2021-12-10 15:55:00,675,675,675,675,0
2021-12-10 15:56:00,675,675,675,675,0
2021-12-10 15:57:00,675,675,675,675,0
2021-12-10 15:58:00,675,675,675,675,0
2021-12-10 15:59:00,675,675,675,675,0
2021-12-13 09:00:00,675,675,675,675,0
2021-12-13 09:01:00,675,675,675,675,0
2021-12-13 09:02:00,675,675,675,675,0
2021-12-13 09:03:00,675,675,675,675,0
2021-12-13 09:04:00,675,675,675,675,0
2021-12-13 09:05:00,675,675,675,675,0
2021-12-13 09:06:00,675,675,675,675,1400
2021-12-13 09:07:00,675,675,675,675,600
2021-12-13 09:08:00,675,675,675,675,1100
2021-12-13 09:09:00,675,675,675,675,500
2021-12-13 09:10:00,675,670,675,670,3300
2021-12-13 09:11:00,675,670,675,670,0
2021-12-13 09:12:00,675,665,675,665,6500
2021-12-13 09:13:00,675,675,675,675,500
2021-12-13 09:14:00,675,675,675,675,500
2021-12-13 09:15:00,675,675,675,675,800
2021-12-13 09:16:00,670,670,675,670,11100
2021-12-13 09:17:00,675,670,675,670,4300
2021-12-13 09:18:00,675,675,675,675,600
2021-12-13 09:19:00,675,675,675,675,139800
2021-12-13 09:20:00,675,675,680,680,162700
2021-12-13 09:21:00,680,675,680,680,135200
2021-12-13 09:22:00,680,680,680,680,55500
2021-12-13 09:23:00,680,680,680,680,32500
2021-12-13 09:24:00,675,675,680,680,22000
2021-12-13 09:25:00,675,675,680,680,0
2021-12-13 09:26:00,680,680,680,680,43500
2021-12-13 09:27:00,680,680,680,680,29000
2021-12-13 09:28:00,680,680,680,680,119500
2021-12-13 09:29:00,680,680,680,680,50100
2021-12-13 09:30:00,680,680,680,680,18000
2021-12-13 09:31:00,680,680,680,680,29500
2021-12-13 09:32:00,680,680,680,680,54000
2021-12-13 09:33:00,680,680,680,680,5000
2021-12-13 09:34:00,680,680,680,680,65500
2021-12-13 09:35:00,680,675,680,680,3800
2021-12-13 09:36:00,680,680,680,680,40000
2021-12-13 09:37:00,680,680,680,680,37000
2021-12-13 09:38:00,680,675,680,680,38100
2021-12-13 09:39:00,680,680,680,680,80500
2021-12-13 09:40:00,680,680,680,680,77000
2021-12-13 09:41:00,680,680,680,680,16700
2021-12-13 09:42:00,680,680,680,680,123800
2021-12-13 09:43:00,680,675,680,675,17000
2021-12-13 09:44:00,675,675,675,675,2200
2021-12-13 09:45:00,680,675,680,675,10200
2021-12-13 09:46:00,680,680,680,680,63000
2021-12-13 09:47:00,680,680,680,680,7000
2021-12-13 09:48:00,680,680,680,680,0
2021-12-13 09:49:00,680,680,680,680,50000
2021-12-13 09:50:00,675,675,680,675,39400
2021-12-13 09:51:00,680,675,680,680,56000
2021-12-13 09:52:00,680,680,680,680,37700
2021-12-13 09:53:00,680,680,680,680,55500
2021-12-13 09:54:00,680,680,680,680,0
2021-12-13 09:55:00,680,680,680,680,0
2021-12-13 09:56:00,680,680,680,680,2000
2021-12-13 09:57:00,680,680,680,680,0
2021-12-13 09:58:00,680,680,680,680,0
2021-12-13 09:59:00,680,680,680,680,3000
2021-12-13 10:00:00,680,680,680,680,0
2021-12-13 10:01:00,680,680,680,680,0
2021-12-13 10:02:00,680,680,680,680,0
2021-12-13 10:03:00,680,680,680,680,0
2021-12-13 10:04:00,680,680,680,680,2500
2021-12-13 10:05:00,680,680,680,680,0
2021-12-13 10:06:00,680,680,680,680,0
2021-12-13 10:07:00,680,680,680,680,2000
2021-12-13 10:08:00,675,675,675,675,100
2021-12-13 10:09:00,675,675,675,675,0
2021-12-13 10:10:00,680,680,680,680,3000
2021-12-13 10:11:00,680,680,680,680,0
2021-12-13 10:12:00,680,680,680,680,20000
2021-12-13 10:13:00,680,680,680,680,0
2021-12-13 10:14:00,680,680,680,680,0
2021-12-13 10:15:00,680,680,680,680,0
2021-12-13 10:16:00,680,680,680,680,0
2021-12-13 10:17:00,680,680,680,680,1000
2021-12-13 10:18:00,680,680,680,680,0
2021-12-13 10:19:00,680,680,680,680,0
2021-12-13 10:20:00,680,680,680,680,0
2021-12-13 10:21:00,680,680,680,680,0
2021-12-13 10:22:00,675,675,675,675,2600
2021-12-13 10:23:00,675,675,675,675,0
2021-12-13 10:24:00,675,675,675,675,2400
2021-12-13 10:25:00,675,675,675,675,9900
2021-12-13 10:26:00,680,680,680,680,2000
2021-12-13 10:27:00,675,670,675,670,11100
2021-12-13 10:28:00,675,670,675,670,0
2021-12-13 10:29:00,665,665,670,670,28900
2021-12-13 10:30:00,675,675,675,675,30200
2021-12-13 10:31:00,670,670,670,670,15000
2021-12-13 10:32:00,675,675,675,675,30000
2021-12-13 10:33:00,675,675,675,675,91000
2021-12-13 10:34:00,675,675,675,675,32000
2021-12-13 10:35:00,675,675,675,675,82500
2021-12-13 10:36:00,670,670,670,670,2500
2021-12-13 10:37:00,675,675,675,675,26000
2021-12-13 10:38:00,670,665,675,675,3500
2021-12-13 10:39:00,670,665,675,675,0
2021-12-13 10:40:00,670,665,675,675,0
2021-12-13 10:41:00,670,670,670,670,2500
2021-12-13 10:42:00,670,670,670,670,0
2021-12-13 10:43:00,670,670,670,670,2600
2021-12-13 10:44:00,670,670,670,670,2600
2021-12-13 10:45:00,670,670,670,670,2500
2021-12-13 10:46:00,670,670,670,670,0
2021-12-13 10:47:00,670,670,670,670,2200
2021-12-13 10:48:00,670,670,670,670,0
2021-12-13 10:49:00,670,670,670,670,0
2021-12-13 10:50:00,670,670,670,670,0
2021-12-13 10:51:00,670,670,670,670,0
2021-12-13 10:52:00,670,670,670,670,3000
2021-12-13 10:53:00,670,670,675,675,9400
2021-12-13 10:54:00,675,675,675,675,44000
2021-12-13 10:55:00,675,675,675,675,35000
2021-12-13 10:56:00,675,675,675,675,63100
2021-12-13 10:57:00,675,675,675,675,90000
2021-12-13 10:58:00,675,675,675,675,0
2021-12-13 10:59:00,675,675,675,675,24000
2021-12-13 11:00:00,675,670,675,675,39600
2021-12-13 11:01:00,675,675,675,675,10000
2021-12-13 11:02:00,675,675,675,675,0
2021-12-13 11:03:00,675,675,675,675,0
2021-12-13 11:04:00,675,675,675,675,165600
2021-12-13 11:05:00,675,675,675,675,0
2021-12-13 11:06:00,675,675,675,675,0
2021-12-13 11:07:00,665,665,665,665,6300
2021-12-13 11:08:00,665,665,665,665,0
2021-12-13 11:09:00,665,665,665,665,0
2021-12-13 11:10:00,665,665,665,665,0
2021-12-13 11:11:00,670,670,670,670,100
2021-12-13 11:12:00,670,670,670,670,0
2021-12-13 11:13:00,675,670,675,670,1100
2021-12-13 11:14:00,675,670,675,670,0
2021-12-13 11:15:00,675,670,675,670,0
2021-12-13 11:16:00,675,670,675,670,0
2021-12-13 11:17:00,675,670,675,670,0
2021-12-13 11:18:00,675,670,675,670,0
2021-12-13 11:19:00,675,675,675,675,38000
2021-12-13 11:20:00,675,675,675,675,15000
2021-12-13 11:21:00,675,675,675,675,30000
2021-12-13 11:22:00,675,675,675,675,0
2021-12-13 11:23:00,675,675,675,675,5000
2021-12-13 11:24:00,675,675,675,675,0
2021-12-13 11:25:00,675,675,675,675,0
2021-12-13 11:26:00,675,675,675,675,1000
2021-12-13 11:27:00,675,675,675,675,10000
2021-12-13 11:28:00,670,670,675,675,1300
2021-12-13 11:29:00,675,675,675,675,4000
2021-12-13 11:30:00,675,675,675,675,0
2021-12-13 11:31:00,675,675,675,675,0
2021-12-13 11:32:00,675,675,675,675,0
2021-12-13 11:33:00,675,675,675,675,0
2021-12-13 11:34:00,675,675,675,675,0
2021-12-13 11:35:00,675,675,675,675,0
2021-12-13 11:36:00,675,675,675,675,0
2021-12-13 11:37:00,675,675,675,675,0
2021-12-13 11:38:00,675,675,675,675,0
2021-12-13 11:39:00,675,675,675,675,0
2021-12-13 11:40:00,675,675,675,675,0
2021-12-13 11:41:00,675,675,675,675,0
2021-12-13 11:42:00,675,675,675,675,0
2021-12-13 11:43:00,675,675,675,675,0
2021-12-13 11:44:00,675,675,675,675,0
2021-12-13 11:45:00,675,675,675,675,0
2021-12-13 11:46:00,675,675,675,675,0
2021-12-13 11:47:00,675,675,675,675,0
2021-12-13 11:48:00,675,675,675,675,0
2021-12-13 11:49:00,675,675,675,675,0
2021-12-13 11:50:00,675,675,675,675,0
2021-12-13 11:51:00,675,675,675,675,0
2021-12-13 11:52:00,675,675,675,675,0
2021-12-13 11:53:00,675,675,675,675,0
2021-12-13 11:54:00,675,675,675,675,0
2021-12-13 11:55:00,675,675,675,675,0
2021-12-13 11:56:00,675,675,675,675,0
2021-12-13 11:57:00,675,675,675,675,0
2021-12-13 11:58:00,675,675,675,675,0
2021-12-13 11:59:00,675,675,675,675,0
2021-12-13 12:00:00,675,675,675,675,0
2021-12-13 12:01:00,675,675,675,675,0
2021-12-13 12:02:00,675,675,675,675,0
2021-12-13 12:03:00,675,675,675,675,0
2021-12-13 12:04:00,675,675,675,675,0
2021-12-13 12:05:00,675,675,675,675,0
2021-12-13 12:06:00,675,675,675,675,0
2021-12-13 12:07:00,675,675,675,675,0
2021-12-13 12:08:00,675,675,675,675,0
2021-12-13 12:09:00,675,675,675,675,0
2021-12-13 12:10:00,675,675,675,675,0
2021-12-13 12:11:00,675,675,675,675,0
2021-12-13 12:12:00,675,675,675,675,0
2021-12-13 12:13:00,675,675,675,675,0
2021-12-13 12:14:00,675,675,675,675,0
2021-12-13 12:15:00,675,675,675,675,0
2021-12-13 12:16:00,675,675,675,675,0
2021-12-13 12:17:00,675,675,675,675,0
2021-12-13 12:18:00,675,675,675,675,0
2021-12-13 12:19:00,675,675,675,675,0
2021-12-13 12:20:00,675,675,675,675,0
2021-12-13 12:21:00,675,675,675,675,0
2021-12-13 12:22:00,675,675,675,675,0
2021-12-13 12:23:00,675,675,675,675,0
2021-12-13 12:24:00,675,675,675,675,0
2021-12-13 12:25:00,675,675,675,675,0
2021-12-13 12:26:00,675,675,675,675,0
2021-12-13 12:27:00,675,675,675,675,0
2021-12-13 12:28:00,675,675,675,675,0
2021-12-13 12:29:00,675,675,675,675,0
2021-12-13 12:30:00,675,675,675,675,0
2021-12-13 12:31:00,675,675,675,675,0
2021-12-13 12:32:00,675,675,675,675,0
2021-12-13 12:33:00,675,675,675,675,0
2021-12-13 12:34:00,675,675,675,675,0
2021-12-13 12:35:00,675,675,675,675,0
2021-12-13 12:36:00,675,675,675,675,0
2021-12-13 12:37:00,675,675,675,675,0
2021-12-13 12:38:00,675,675,675,675,0
2021-12-13 12:39:00,675,675,675,675,0
2021-12-13 12:40:00,675,675,675,675,0
2021-12-13 12:41:00,675,675,675,675,0
2021-12-13 12:42:00,675,675,675,675,0
2021-12-13 12:43:00,675,675,675,675,0
2021-12-13 12:44:00,675,675,675,675,0
2021-12-13 12:45:00,675,675,675,675,0
2021-12-13 12:46:00,675,675,675,675,0
2021-12-13 12:47:00,675,675,675,675,0
2021-12-13 12:48:00,675,675,675,675,0
2021-12-13 12:49:00,675,675,675,675,0
2021-12-13 12:50:00,675,675,675,675,0
2021-12-13 12:51:00,675,675,675,675,0
2021-12-13 12:52:00,675,675,675,675,0
2021-12-13 12:53:00,675,675,675,675,0
2021-12-13 12:54:00,675,675,675,675,0
2021-12-13 12:55:00,675,675,675,675,0
2021-12-13 12:56:00,675,675,675,675,0
2021-12-13 12:57:00,675,675,675,675,0
2021-12-13 12:58:00,675,675,675,675,0
2021-12-13 12:59:00,675,675,675,675,0
2021-12-13 13:00:00,675,675,675,675,0
2021-12-13 13:01:00,675,675,675,675,0
2021-12-13 13:02:00,675,675,675,675,0
2021-12-13 13:03:00,675,675,675,675,0
2021-12-13 13:04:00,675,675,675,675,0
2021-12-13 13:05:00,675,675,675,675,0
2021-12-13 13:06:00,675,675,675,675,0
2021-12-13 13:07:00,675,675,675,675,0
2021-12-13 13:08:00,675,675,675,675,0
2021-12-13 13:09:00,675,675,675,675,0
2021-12-13 13:10:00,675,675,675,675,0
2021-12-13 13:11:00,675,675,675,675,0
2021-12-13 13:12:00,675,675,675,675,0
2021-12-13 13:13:00,675,675,675,675,0
2021-12-13 13:14:00,675,675,675,675,0
2021-12-13 13:15:00,675,675,675,675,0
2021-12-13 13:16:00,675,675,675,675,0
2021-12-13 13:17:00,675,675,675,675,0
2021-12-13 13:18:00,675,675,675,675,0
2021-12-13 13:19:00,675,675,675,675,0
2021-12-13 13:20:00,675,675,675,675,0
2021-12-13 13:21:00,675,675,675,675,0
2021-12-13 13:22:00,675,675,675,675,0
2021-12-13 13:23:00,675,675,675,675,0
2021-12-13 13:24:00,675,675,675,675,0
2021-12-13 13:25:00,675,675,675,675,0
2021-12-13 13:26:00,675,675,675,675,0
2021-12-13 13:27:00,675,675,675,675,0
2021-12-13 13:28:00,675,675,675,675,0
2021-12-13 13:29:00,675,675,675,675,0
2021-12-13 13:30:00,675,675,675,675,300
2021-12-13 13:31:00,675,675,675,675,1500
2021-12-13 13:32:00,675,675,675,675,1300
2021-12-13 13:33:00,670,670,675,675,10500
2021-12-13 13:34:00,675,670,675,670,9200
2021-12-13 13:35:00,675,675,675,675,1000
2021-12-13 13:36:00,675,675,675,675,0
2021-12-13 13:37:00,675,675,675,675,0
2021-12-13 13:38:00,675,670,675,670,500
2021-12-13 13:39:00,675,670,675,670,0
2021-12-13 13:40:00,675,675,675,675,700
2021-12-13 13:41:00,670,670,675,670,31300
2021-12-13 13:42:00,675,675,680,680,438900
2021-12-13 13:43:00,680,680,680,680,28800
2021-12-13 13:44:00,685,685,685,685,2400
2021-12-13 13:45:00,685,685,685,685,31000
2021-12-13 13:46:00,685,685,685,685,1000
2021-12-13 13:47:00,685,685,685,685,200
2021-12-13 13:48:00,685,685,685,685,0
2021-12-13 13:49:00,685,685,685,685,200000
2021-12-13 13:50:00,685,685,685,685,67200
2021-12-13 13:51:00,685,685,690,690,500
2021-12-13 13:52:00,690,690,690,690,101500
2021-12-13 13:53:00,690,690,690,690,1000
2021-12-13 13:54:00,690,690,690,690,100
2021-12-13 13:55:00,690,690,690,690,0
2021-12-13 13:56:00,685,685,690,690,119600
2021-12-13 13:57:00,685,685,685,685,12500
2021-12-13 13:58:00,690,690,690,690,35000
2021-12-13 13:59:00,690,690,690,690,0
2021-12-13 14:00:00,690,690,690,690,90000
2021-12-13 14:01:00,690,690,690,690,0
2021-12-13 14:02:00,690,690,690,690,3000
2021-12-13 14:03:00,685,685,685,685,25100
2021-12-13 14:04:00,685,685,685,685,52000
2021-12-13 14:05:00,685,685,685,685,300
2021-12-13 14:06:00,685,685,685,685,0
2021-12-13 14:07:00,685,680,685,680,1600
2021-12-13 14:08:00,685,685,685,685,600
2021-12-13 14:09:00,685,685,685,685,0
2021-12-13 14:10:00,685,685,685,685,0
2021-12-13 14:11:00,685,685,685,685,5800
2021-12-13 14:12:00,685,685,685,685,800
2021-12-13 14:13:00,685,685,685,685,16100
2021-12-13 14:14:00,685,685,685,685,12500
2021-12-13 14:15:00,685,685,690,690,3100
2021-12-13 14:16:00,685,685,690,690,0
2021-12-13 14:17:00,690,690,690,690,25000
2021-12-13 14:18:00,690,690,690,690,41200
2021-12-13 14:19:00,690,690,690,690,13800
2021-12-13 14:20:00,695,695,695,695,5100
2021-12-13 14:21:00,695,690,695,690,31600
2021-12-13 14:22:00,695,690,695,690,0
2021-12-13 14:23:00,695,695,695,695,1400
2021-12-13 14:24:00,695,695,695,695,1700
2021-12-13 14:25:00,695,695,695,695,0
2021-12-13 14:26:00,695,695,695,695,1100
2021-12-13 14:27:00,695,690,695,690,11400
2021-12-13 14:28:00,695,695,695,695,500
2021-12-13 14:29:00,695,695,695,695,700
2021-12-13 14:30:00,690,690,695,695,10700
2021-12-13 14:31:00,690,690,690,690,3200
2021-12-13 14:32:00,690,690,690,690,1200
2021-12-13 14:33:00,690,690,690,690,900
2021-12-13 14:34:00,690,685,690,685,21700
2021-12-13 14:35:00,690,685,690,685,135500
2021-12-13 14:36:00,690,690,690,690,2500
2021-12-13 14:37:00,690,690,690,690,300
2021-12-13 14:38:00,690,690,690,690,7900
2021-12-13 14:39:00,690,690,690,690,2300
2021-12-13 14:40:00,690,690,690,690,16900
2021-12-13 14:41:00,690,690,690,690,1400
2021-12-13 14:42:00,690,690,690,690,1700
2021-12-13 14:43:00,690,685,690,685,6400
2021-12-13 14:44:00,690,685,690,690,14000
2021-12-13 14:45:00,690,690,690,690,2100
2021-12-13 14:46:00,690,690,690,690,6300
2021-12-13 14:47:00,690,690,690,690,1300
2021-12-13 14:48:00,690,690,690,690,2900
2021-12-13 14:49:00,690,690,690,690,13900
2021-12-13 14:50:00,690,690,690,690,0
2021-12-13 14:51:00,690,690,690,690,0
2021-12-13 14:52:00,690,690,690,690,0
2021-12-13 14:53:00,690,690,690,690,0
2021-12-13 14:54:00,690,690,690,690,0
2021-12-13 14:55:00,690,690,690,690,0
2021-12-13 14:56:00,690,690,690,690,0
2021-12-13 14:57:00,690,690,690,690,0
2021-12-13 14:58:00,690,690,690,690,0
2021-12-13 14:59:00,690,690,690,690,0
2021-12-13 15:00:00,685,685,685,685,145100
2021-12-13 15:01:00,685,685,685,685,62300
2021-12-13 15:02:00,685,685,685,685,0
2021-12-13 15:03:00,685,685,685,685,100
2021-12-13 15:04:00,685,685,685,685,0
2021-12-13 15:05:00,685,685,685,685,4665800
2021-12-13 15:06:00,685,685,685,685,0
2021-12-13 15:07:00,685,685,685,685,0
2021-12-13 15:08:00,685,685,685,685,4701400
2021-12-13 15:09:00,685,685,685,685,0
2021-12-13 15:10:00,685,685,685,685,0
2021-12-13 15:11:00,685,685,685,685,0
2021-12-13 15:12:00,685,685,685,685,0
2021-12-13 15:13:00,685,685,685,685,0
2021-12-13 15:14:00,685,685,685,685,0
2021-12-13 15:15:00,685,685,685,685,0
2021-12-13 15:16:00,685,685,685,685,0
2021-12-13 15:17:00,685,685,685,685,0
2021-12-13 15:18:00,685,685,685,685,0
2021-12-13 15:19:00,685,685,685,685,0
2021-12-13 15:20:00,685,685,685,685,0
2021-12-13 15:21:00,685,685,685,685,0
2021-12-13 15:22:00,685,685,685,685,0
2021-12-13 15:23:00,685,685,685,685,0
2021-12-13 15:24:00,685,685,685,685,0
2021-12-13 15:25:00,685,685,685,685,0
2021-12-13 15:26:00,685,685,685,685,0
2021-12-13 15:27:00,685,685,685,685,0
2021-12-13 15:28:00,685,685,685,685,0
2021-12-13 15:29:00,685,685,685,685,0
2021-12-13 15:30:00,685,685,685,685,0
2021-12-13 15:31:00,685,685,685,685,0
2021-12-13 15:32:00,685,685,685,685,0
2021-12-13 15:33:00,685,685,685,685,0
2021-12-13 15:34:00,685,685,685,685,0
2021-12-13 15:35:00,685,685,685,685,0
2021-12-13 15:36:00,685,685,685,685,0
2021-12-13 15:37:00,685,685,685,685,0
2021-12-13 15:38:00,685,685,685,685,0
2021-12-13 15:39:00,685,685,685,685,0
2021-12-13 15:40:00,685,685,685,685,0
2021-12-13 15:41:00,685,685,685,685,0
2021-12-13 15:42:00,685,685,685,685,0
2021-12-13 15:43:00,685,685,685,685,0
2021-12-13 15:44:00,685,685,685,685,0
2021-12-13 15:45:00,685,685,685,685,0
2021-12-13 15:46:00,685,685,685,685,0
2021-12-13 15:47:00,685,685,685,685,0
2021-12-13 15:48:00,685,685,685,685,0
2021-12-13 15:49:00,685,685,685,685,0
2021-12-13 15:50:00,685,685,685,685,0
2021-12-13 15:51:00,685,685,685,685,0
2021-12-13 15:52:00,685,685,685,685,0
2021-12-13 15:53:00,685,685,685,685,0
2021-12-13 15:54:00,685,685,685,685,0
2021-12-13 15:55:00,685,685,685,685,0
2021-12-13 15:56:00,685,685,685,685,0
2021-12-13 15:57:00,685,685,685,685,0
2021-12-13 15:58:00,685,685,685,685,0
2021-12-13 15:59:00,685,685,685,685,0
2021-12-14 09:00:00,695,685,700,685,0
2021-12-14 09:01:00,685,685,685,685,2200
2021-12-14 09:02:00,685,685,685,685,0
2021-12-14 09:03:00,685,685,685,685,26000
2021-12-14 09:04:00,685,685,685,685,16600
2021-12-14 09:05:00,685,685,685,685,9000
2021-12-14 09:06:00,685,685,685,685,0
2021-12-14 09:07:00,685,685,685,685,15300
2021-12-14 09:08:00,685,685,685,685,0
2021-12-14 09:09:00,685,685,685,685,53800
2021-12-14 09:10:00,685,685,685,685,51100
2021-12-14 09:11:00,685,685,685,685,53900
2021-12-14 09:12:00,685,685,685,685,29600
2021-12-14 09:13:00,680,680,685,685,9000
2021-12-14 09:14:00,685,685,685,685,900
2021-12-14 09:15:00,685,685,685,685,900
2021-12-14 09:16:00,685,685,685,685,0
2021-12-14 09:17:00,685,680,685,685,4500
2021-12-14 09:18:00,685,680,685,685,0
2021-12-14 09:19:00,685,685,685,685,10800
2021-12-14 09:20:00,685,685,685,685,0
2021-12-14 09:21:00,685,685,685,685,500
2021-12-14 09:22:00,685,685,685,685,0
2021-12-14 09:23:00,685,685,685,685,0
2021-12-14 09:24:00,685,685,685,685,300
2021-12-14 09:25:00,685,685,685,685,0
2021-12-14 09:26:00,685,685,685,685,500
2021-12-14 09:27:00,685,685,685,685,0
2021-12-14 09:28:00,685,685,685,685,5000
2021-12-14 09:29:00,685,685,685,685,300
2021-12-14 09:30:00,685,685,685,685,0
2021-12-14 09:31:00,685,685,685,685,400
2021-12-14 09:32:00,680,680,685,685,11100
2021-12-14 09:33:00,680,680,685,685,0
2021-12-14 09:34:00,685,685,685,685,12000
2021-12-14 09:35:00,680,680,685,685,2400
2021-12-14 09:36:00,680,680,685,685,0
2021-12-14 09:37:00,680,680,685,685,0
2021-12-14 09:38:00,680,680,685,685,0
2021-12-14 09:39:00,680,680,685,685,0
2021-12-14 09:40:00,685,685,685,685,500
2021-12-14 09:41:00,685,685,685,685,0
2021-12-14 09:42:00,685,685,685,685,0
2021-12-14 09:43:00,685,685,685,685,300
2021-12-14 09:44:00,680,670,685,670,30100
2021-12-14 09:45:00,675,675,685,685,48800
2021-12-14 09:46:00,675,675,685,685,0
2021-12-14 09:47:00,675,675,685,685,0
2021-12-14 09:48:00,675,675,685,685,0
2021-12-14 09:49:00,685,685,685,685,1500
2021-12-14 09:50:00,685,685,685,685,600
2021-12-14 09:51:00,685,685,685,685,0
2021-12-14 09:52:00,685,685,685,685,700
2021-12-14 09:53:00,685,685,685,685,0
2021-12-14 09:54:00,685,685,685,685,600
2021-12-14 09:55:00,685,685,685,685,0
2021-12-14 09:56:00,685,685,685,685,0
2021-12-14 09:57:00,685,685,685,685,700
2021-12-14 09:58:00,685,685,685,685,500
2021-12-14 09:59:00,685,685,685,685,0
2021-12-14 10:00:00,685,685,685,685,400
2021-12-14 10:01:00,685,685,685,685,0
2021-12-14 10:02:00,685,685,685,685,600
2021-12-14 10:03:00,680,680,680,680,5500
2021-12-14 10:04:00,685,685,685,685,800
2021-12-14 10:05:00,685,685,685,685,0
2021-12-14 10:06:00,685,685,685,685,600
2021-12-14 10:07:00,685,685,685,685,0
2021-12-14 10:08:00,685,685,685,685,800
2021-12-14 10:09:00,680,680,680,680,2000
2021-12-14 10:10:00,680,680,680,680,1200
2021-12-14 10:11:00,680,680,680,680,0
2021-12-14 10:12:00,680,680,680,680,2500
2021-12-14 10:13:00,680,680,680,680,0
2021-12-14 10:14:00,680,680,680,680,0
2021-12-14 10:15:00,680,680,680,680,7500
2021-12-14 10:16:00,680,680,680,680,8100
2021-12-14 10:17:00,680,680,680,680,0
2021-12-14 10:18:00,680,680,680,680,400
2021-12-14 10:19:00,675,675,675,675,500
2021-12-14 10:20:00,680,680,685,685,29700
2021-12-14 10:21:00,685,685,685,685,500
2021-12-14 10:22:00,685,685,685,685,0
2021-12-14 10:23:00,685,685,685,685,0
2021-12-14 10:24:00,685,685,685,685,200
2021-12-14 10:25:00,685,685,685,685,0
2021-12-14 10:26:00,685,685,685,685,0
2021-12-14 10:27:00,685,685,685,685,500
2021-12-14 10:28:00,685,685,685,685,0
2021-12-14 10:29:00,680,680,680,680,12000
2021-12-14 10:30:00,685,685,685,685,1000
2021-12-14 10:31:00,685,685,685,685,400
2021-12-14 10:32:00,685,685,685,685,0
2021-12-14 10:33:00,685,685,685,685,300
2021-12-14 10:34:00,685,685,685,685,0
2021-12-14 10:35:00,685,685,685,685,500
2021-12-14 10:36:00,685,685,685,685,0
2021-12-14 10:37:00,685,685,685,685,0
2021-12-14 10:38:00,685,685,685,685,0
2021-12-14 10:39:00,685,685,685,685,0
2021-12-14 10:40:00,685,685,685,685,600
2021-12-14 10:41:00,685,685,685,685,0
2021-12-14 10:42:00,685,685,685,685,300
2021-12-14 10:43:00,685,685,685,685,500
2021-12-14 10:44:00,685,685,685,685,200
2021-12-14 10:45:00,685,685,685,685,0
2021-12-14 10:46:00,685,685,685,685,0
2021-12-14 10:47:00,680,680,680,680,2900
2021-12-14 10:48:00,685,685,685,685,600
2021-12-14 10:49:00,685,685,685,685,0
2021-12-14 10:50:00,685,685,685,685,0
2021-12-14 10:51:00,685,685,685,685,500
2021-12-14 10:52:00,685,685,685,685,0
2021-12-14 10:53:00,685,685,685,685,400
2021-12-14 10:54:00,685,685,685,685,0
2021-12-14 10:55:00,680,680,680,680,2500
2021-12-14 10:56:00,680,680,685,685,800
2021-12-14 10:57:00,680,680,685,685,0
2021-12-14 10:58:00,685,685,685,685,700
2021-12-14 10:59:00,685,685,685,685,0
2021-12-14 11:00:00,685,685,685,685,200
2021-12-14 11:01:00,685,685,685,685,0
2021-12-14 11:02:00,685,685,685,685,0
2021-12-14 11:03:00,685,685,685,685,1100
2021-12-14 11:04:00,685,685,685,685,0
2021-12-14 11:05:00,685,680,685,680,3100
2021-12-14 11:06:00,680,680,680,680,700
2021-12-14 11:07:00,680,680,680,680,400
2021-12-14 11:08:00,680,680,680,680,4900
2021-12-14 11:09:00,680,680,680,680,900
2021-12-14 11:10:00,680,680,680,680,2800
2021-12-14 11:11:00,680,680,680,680,0
2021-12-14 11:12:00,680,680,680,680,2700
2021-12-14 11:13:00,680,680,680,680,0
2021-12-14 11:14:00,680,680,680,680,1100
2021-12-14 11:15:00,680,680,680,680,300
2021-12-14 11:16:00,680,680,680,680,700
2021-12-14 11:17:00,680,680,680,680,3200
2021-12-14 11:18:00,680,680,680,680,600
2021-12-14 11:19:00,675,675,675,675,14900
2021-12-14 11:20:00,675,675,680,680,1000
2021-12-14 11:21:00,675,675,680,680,0
2021-12-14 11:22:00,675,675,680,680,0
2021-12-14 11:23:00,675,675,675,675,4300
2021-12-14 11:24:00,675,675,675,675,900
2021-12-14 11:25:00,675,675,675,675,5200
2021-12-14 11:26:00,675,675,675,675,200
2021-12-14 11:27:00,675,675,675,675,500
2021-12-14 11:28:00,675,675,675,675,0
2021-12-14 11:29:00,675,675,675,675,0
2021-12-14 11:30:00,675,675,675,675,0
2021-12-14 11:31:00,675,675,675,675,0
2021-12-14 11:32:00,675,675,675,675,0
2021-12-14 11:33:00,675,675,675,675,0
2021-12-14 11:34:00,675,675,675,675,0
2021-12-14 11:35:00,675,675,675,675,0
2021-12-14 11:36:00,675,675,675,675,0
2021-12-14 11:37:00,675,675,675,675,0
2021-12-14 11:38:00,675,675,675,675,0
2021-12-14 11:39:00,675,675,675,675,0
2021-12-14 11:40:00,675,675,675,675,0
2021-12-14 11:41:00,675,675,675,675,0
2021-12-14 11:42:00,675,675,675,675,0
2021-12-14 11:43:00,675,675,675,675,0
2021-12-14 11:44:00,675,675,675,675,0
2021-12-14 11:45:00,675,675,675,675,0
2021-12-14 11:46:00,675,675,675,675,0
2021-12-14 11:47:00,675,675,675,675,0
2021-12-14 11:48:00,675,675,675,675,0
2021-12-14 11:49:00,675,675,675,675,0
2021-12-14 11:50:00,675,675,675,675,0
2021-12-14 11:51:00,675,675,675,675,0
2021-12-14 11:52:00,675,675,675,675,0
2021-12-14 11:53:00,675,675,675,675,0
2021-12-14 11:54:00,675,675,675,675,0
2021-12-14 11:55:00,675,675,675,675,0
2021-12-14 11:56:00,675,675,675,675,0
2021-12-14 11:57:00,675,675,675,675,0
2021-12-14 11:58:00,675,675,675,675,0
2021-12-14 11:59:00,675,675,675,675,0
2021-12-14 12:00:00,675,675,675,675,0
2021-12-14 12:01:00,675,675,675,675,0
2021-12-14 12:02:00,675,675,675,675,0
2021-12-14 12:03:00,675,675,675,675,0
2021-12-14 12:04:00,675,675,675,675,0
2021-12-14 12:05:00,675,675,675,675,0
2021-12-14 12:06:00,675,675,675,675,0
2021-12-14 12:07:00,675,675,675,675,0
2021-12-14 12:08:00,675,675,675,675,0
2021-12-14 12:09:00,675,675,675,675,0
2021-12-14 12:10:00,675,675,675,675,0
2021-12-14 12:11:00,675,675,675,675,0
2021-12-14 12:12:00,675,675,675,675,0
2021-12-14 12:13:00,675,675,675,675,0
2021-12-14 12:14:00,675,675,675,675,0
2021-12-14 12:15:00,675,675,675,675,0
2021-12-14 12:16:00,675,675,675,675,0
2021-12-14 12:17:00,675,675,675,675,0
2021-12-14 12:18:00,675,675,675,675,0
2021-12-14 12:19:00,675,675,675,675,0
2021-12-14 12:20:00,675,675,675,675,0
2021-12-14 12:21:00,675,675,675,675,0
2021-12-14 12:22:00,675,675,675,675,0
2021-12-14 12:23:00,675,675,675,675,0
2021-12-14 12:24:00,675,675,675,675,0
2021-12-14 12:25:00,675,675,675,675,0
2021-12-14 12:26:00,675,675,675,675,0
2021-12-14 12:27:00,675,675,675,675,0
2021-12-14 12:28:00,675,675,675,675,0
2021-12-14 12:29:00,675,675,675,675,0
2021-12-14 12:30:00,675,675,675,675,0
2021-12-14 12:31:00,675,675,675,675,0
2021-12-14 12:32:00,675,675,675,675,0
2021-12-14 12:33:00,675,675,675,675,0
2021-12-14 12:34:00,675,675,675,675,0
2021-12-14 12:35:00,675,675,675,675,0
2021-12-14 12:36:00,675,675,675,675,0
2021-12-14 12:37:00,675,675,675,675,0
2021-12-14 12:38:00,675,675,675,675,0
2021-12-14 12:39:00,675,675,675,675,0
2021-12-14 12:40:00,675,675,675,675,0
2021-12-14 12:41:00,675,675,675,675,0
2021-12-14 12:42:00,675,675,675,675,0
2021-12-14 12:43:00,675,675,675,675,0
2021-12-14 12:44:00,675,675,675,675,0
2021-12-14 12:45:00,675,675,675,675,0
2021-12-14 12:46:00,675,675,675,675,0
2021-12-14 12:47:00,675,675,675,675,0
2021-12-14 12:48:00,675,675,675,675,0
2021-12-14 12:49:00,675,675,675,675,0
2021-12-14 12:50:00,675,675,675,675,0
2021-12-14 12:51:00,675,675,675,675,0
2021-12-14 12:52:00,675,675,675,675,0
2021-12-14 12:53:00,675,675,675,675,0
2021-12-14 12:54:00,675,675,675,675,0
2021-12-14 12:55:00,675,675,675,675,0
2021-12-14 12:56:00,675,675,675,675,0
2021-12-14 12:57:00,675,675,675,675,0
2021-12-14 12:58:00,675,675,675,675,0
2021-12-14 12:59:00,675,675,675,675,0
2021-12-14 13:00:00,675,675,675,675,0
2021-12-14 13:01:00,675,675,675,675,0
2021-12-14 13:02:00,675,675,675,675,0
2021-12-14 13:03:00,675,675,675,675,0
2021-12-14 13:04:00,675,675,675,675,0
2021-12-14 13:05:00,675,675,675,675,0
2021-12-14 13:06:00,675,675,675,675,0
2021-12-14 13:07:00,675,675,675,675,0
2021-12-14 13:08:00,675,675,675,675,0
2021-12-14 13:09:00,675,675,675,675,0
2021-12-14 13:10:00,675,675,675,675,0
2021-12-14 13:11:00,675,675,675,675,0
2021-12-14 13:12:00,675,675,675,675,0
2021-12-14 13:13:00,675,675,675,675,0
2021-12-14 13:14:00,675,675,675,675,0
2021-12-14 13:15:00,675,675,675,675,0
2021-12-14 13:16:00,675,675,675,675,0
2021-12-14 13:17:00,675,675,675,675,0
2021-12-14 13:18:00,675,675,675,675,0
2021-12-14 13:19:00,675,675,675,675,0
2021-12-14 13:20:00,675,675,675,675,0
2021-12-14 13:21:00,675,675,675,675,0
2021-12-14 13:22:00,675,675,675,675,0
2021-12-14 13:23:00,675,675,675,675,0
2021-12-14 13:24:00,675,675,675,675,0
2021-12-14 13:25:00,675,675,675,675,0
2021-12-14 13:26:00,675,675,675,675,0
2021-12-14 13:27:00,675,675,675,675,0
2021-12-14 13:28:00,675,675,675,675,0
2021-12-14 13:29:00,675,675,675,675,0
2021-12-14 13:30:00,675,670,675,675,25700
2021-12-14 13:31:00,675,675,675,675,924000
2021-12-14 13:32:00,675,675,680,680,10400
2021-12-14 13:33:00,675,675,680,680,0
2021-12-14 13:34:00,680,680,680,680,1000
2021-12-14 13:35:00,675,675,675,675,3100
2021-12-14 13:36:00,675,675,675,675,500
2021-12-14 13:37:00,675,670,675,670,39400
2021-12-14 13:38:00,670,670,675,675,7000
2021-12-14 13:39:00,680,675,680,675,3600
2021-12-14 13:40:00,675,675,675,675,600
2021-12-14 13:41:00,675,675,675,675,800
2021-12-14 13:42:00,675,675,675,675,500
2021-12-14 13:43:00,675,675,675,675,14800
2021-12-14 13:44:00,675,675,675,675,0
2021-12-14 13:45:00,680,675,680,675,4100
2021-12-14 13:46:00,675,675,675,675,1600
2021-12-14 13:47:00,675,675,675,675,1400
2021-12-14 13:48:00,675,675,675,675,1200
2021-12-14 13:49:00,675,675,675,675,800
2021-12-14 13:50:00,675,675,675,675,500
2021-12-14 13:51:00,675,675,675,675,700
2021-12-14 13:52:00,675,675,675,675,700
2021-12-14 13:53:00,675,675,675,675,900
2021-12-14 13:54:00,675,675,675,675,500
2021-12-14 13:55:00,675,670,675,670,106700
2021-12-14 13:56:00,670,670,670,670,6100
2021-12-14 13:57:00,670,670,675,675,500
2021-12-14 13:58:00,675,675,675,675,400
2021-12-14 13:59:00,670,670,670,670,10100
2021-12-14 14:00:00,670,670,670,670,0
2021-12-14 14:01:00,675,675,680,675,20600
2021-12-14 14:02:00,675,675,680,675,0
2021-12-14 14:03:00,675,675,675,675,600
2021-12-14 14:04:00,675,675,675,675,500
2021-12-14 14:05:00,675,675,675,675,500
2021-12-14 14:06:00,675,675,675,675,1000
2021-12-14 14:07:00,675,675,675,675,1000
2021-12-14 14:08:00,675,675,675,675,500
2021-12-14 14:09:00,675,675,675,675,600
2021-12-14 14:10:00,675,675,675,675,0
2021-12-14 14:11:00,675,675,675,675,0
2021-12-14 14:12:00,675,675,675,675,0
2021-12-14 14:13:00,675,675,675,675,1400
2021-12-14 14:14:00,675,675,675,675,0
2021-12-14 14:15:00,675,675,675,675,900
2021-12-14 14:16:00,670,670,675,675,1500
2021-12-14 14:17:00,675,675,675,675,800
2021-12-14 14:18:00,675,675,675,675,500
2021-12-14 14:19:00,675,675,675,675,700
2021-12-14 14:20:00,675,675,675,675,700
2021-12-14 14:21:00,670,670,675,675,1300
2021-12-14 14:22:00,675,675,675,675,6100
2021-12-14 14:23:00,675,665,675,665,100600
2021-12-14 14:24:00,675,675,675,675,500
2021-12-14 14:25:00,675,675,675,675,0
2021-12-14 14:26:00,675,675,675,675,500
2021-12-14 14:27:00,675,675,675,675,500
2021-12-14 14:28:00,675,675,675,675,1800
2021-12-14 14:29:00,675,675,675,675,0
2021-12-14 14:30:00,675,675,675,675,500
2021-12-14 14:31:00,675,675,675,675,200
2021-12-14 14:32:00,675,675,675,675,4000
2021-12-14 14:33:00,675,675,675,675,600
2021-12-14 14:34:00,675,675,675,675,900
2021-12-14 14:35:00,675,675,675,675,3900
2021-12-14 14:36:00,675,675,675,675,500
2021-12-14 14:37:00,675,675,675,675,200
2021-12-14 14:38:00,675,675,675,675,300
2021-12-14 14:39:00,675,675,675,675,1500
2021-12-14 14:40:00,675,675,675,675,200
2021-12-14 14:41:00,675,675,675,675,700
2021-12-14 14:42:00,675,675,675,675,400
2021-12-14 14:43:00,675,675,675,675,500
2021-12-14 14:44:00,670,670,675,675,1200
2021-12-14 14:45:00,675,675,675,675,200
2021-12-14 14:46:00,675,675,675,675,900
2021-12-14 14:47:00,675,675,675,675,2700
2021-12-14 14:48:00,675,675,675,675,600
2021-12-14 14:49:00,670,670,675,675,10900
2021-12-14 14:50:00,670,670,675,675,0
2021-12-14 14:51:00,670,670,675,675,0
2021-12-14 14:52:00,670,670,675,675,0
2021-12-14 14:53:00,670,670,675,675,0
2021-12-14 14:54:00,670,670,675,675,0
2021-12-14 14:55:00,670,670,675,675,0
2021-12-14 14:56:00,670,670,675,675,0
2021-12-14 14:57:00,670,670,675,675,0
2021-12-14 14:58:00,670,670,675,675,0
2021-12-14 14:59:00,670,670,675,675,0
2021-12-14 15:00:00,675,675,675,675,120800
2021-12-14 15:01:00,675,675,675,675,0
2021-12-14 15:02:00,675,675,675,675,0
2021-12-14 15:03:00,675,675,675,675,200
2021-12-14 15:04:00,675,675,675,675,1437000
2021-12-14 15:05:00,675,675,675,675,0
2021-12-14 15:06:00,675,675,675,675,0
2021-12-14 15:07:00,675,675,675,675,0
2021-12-14 15:08:00,675,675,675,675,0
2021-12-14 15:09:00,675,675,675,675,0
2021-12-14 15:10:00,675,675,675,675,0
2021-12-14 15:11:00,675,675,675,675,0
2021-12-14 15:12:00,675,675,675,675,0
2021-12-14 15:13:00,675,675,675,675,0
2021-12-14 15:14:00,675,675,675,675,0
2021-12-14 15:15:00,675,675,675,675,0
2021-12-14 15:16:00,675,675,675,675,0
2021-12-14 15:17:00,675,675,675,675,0
2021-12-14 15:18:00,675,675,675,675,0
2021-12-14 15:19:00,675,675,675,675,0
2021-12-14 15:20:00,675,675,675,675,0
2021-12-14 15:21:00,675,675,675,675,0
2021-12-14 15:22:00,675,675,675,675,0
2021-12-14 15:23:00,675,675,675,675,0
2021-12-14 15:24:00,675,675,675,675,0
2021-12-14 15:25:00,675,675,675,675,0
2021-12-14 15:26:00,675,675,675,675,0
2021-12-14 15:27:00,675,675,675,675,0
2021-12-14 15:28:00,675,675,675,675,0
2021-12-14 15:29:00,675,675,675,675,0
2021-12-14 15:30:00,675,675,675,675,0
2021-12-14 15:31:00,675,675,675,675,0
2021-12-14 15:32:00,675,675,675,675,0
2021-12-14 15:33:00,675,675,675,675,0
2021-12-14 15:34:00,675,675,675,675,0
2021-12-14 15:35:00,675,675,675,675,0
2021-12-14 15:36:00,675,675,675,675,0
2021-12-14 15:37:00,675,675,675,675,0
2021-12-14 15:38:00,675,675,675,675,0
2021-12-14 15:39:00,675,675,675,675,0
2021-12-14 15:40:00,675,675,675,675,0
2021-12-14 15:41:00,675,675,675,675,0
2021-12-14 15:42:00,675,675,675,675,0
2021-12-14 15:43:00,675,675,675,675,0
2021-12-14 15:44:00,675,675,675,675,0
2021-12-14 15:45:00,675,675,675,675,0
2021-12-14 15:46:00,675,675,675,675,0
2021-12-14 15:47:00,675,675,675,675,0
2021-12-14 15:48:00,675,675,675,675,0
2021-12-14 15:49:00,675,675,675,675,0
2021-12-14 15:50:00,675,675,675,675,0
2021-12-14 15:51:00,675,675,675,675,0
2021-12-14 15:52:00,675,675,675,675,0
2021-12-14 15:53:00,675,675,675,675,0
2021-12-14 15:54:00,675,675,675,675,0
2021-12-14 15:55:00,675,675,675,675,0
2021-12-14 15:56:00,675,675,675,675,0
2021-12-14 15:57:00,675,675,675,675,0
2021-12-14 15:58:00,675,675,675,675,0
2021-12-14 15:59:00,675,675,675,675,0
2021-12-15 09:00:00,675,675,675,675,0
2021-12-15 09:01:00,675,675,675,675,0
2021-12-15 09:02:00,675,675,675,675,2700
2021-12-15 09:03:00,675,675,675,675,0
2021-12-15 09:04:00,675,675,675,675,700
2021-12-15 09:05:00,675,675,675,675,500
2021-12-15 09:06:00,670,665,670,665,11100
2021-12-15 09:07:00,670,670,670,670,700
2021-12-15 09:08:00,665,665,670,670,700
2021-12-15 09:09:00,670,665,670,665,56600
2021-12-15 09:10:00,665,665,665,665,6300
2021-12-15 09:11:00,670,670,670,670,600
2021-12-15 09:12:00,670,670,670,670,5500
2021-12-15 09:13:00,670,670,670,670,2500
2021-12-15 09:14:00,670,670,670,670,600
2021-12-15 09:15:00,670,670,670,670,500
2021-12-15 09:16:00,670,665,670,665,9800
2021-12-15 09:17:00,660,660,665,665,35300
2021-12-15 09:18:00,665,665,665,665,8800
2021-12-15 09:19:00,665,665,665,665,500
2021-12-15 09:20:00,665,665,665,665,9800
2021-12-15 09:21:00,665,660,665,665,104500
2021-12-15 09:22:00,665,665,665,665,1000
2021-12-15 09:23:00,665,665,665,665,4600
2021-12-15 09:24:00,665,660,665,665,12900
2021-12-15 09:25:00,660,660,660,660,2600
2021-12-15 09:26:00,665,665,665,665,2300
2021-12-15 09:27:00,670,665,670,665,2600
2021-12-15 09:28:00,670,665,670,665,1200
2021-12-15 09:29:00,665,665,665,665,1500
2021-12-15 09:30:00,665,665,665,665,400
2021-12-15 09:31:00,665,665,665,665,0
2021-12-15 09:32:00,665,665,665,665,0
2021-12-15 09:33:00,665,665,665,665,0
2021-12-15 09:34:00,665,665,665,665,307900
2021-12-15 09:35:00,665,665,670,670,5400
2021-12-15 09:36:00,670,665,670,665,3000
2021-12-15 09:37:00,670,670,670,670,2400
2021-12-15 09:38:00,670,665,670,665,2200
2021-12-15 09:39:00,665,665,670,670,1800
2021-12-15 09:40:00,670,670,670,670,1300
2021-12-15 09:41:00,670,670,670,670,500
2021-12-15 09:42:00,670,670,670,670,500
2021-12-15 09:43:00,670,670,670,670,1000
2021-12-15 09:44:00,665,665,665,665,1100
2021-12-15 09:45:00,665,665,670,670,1000
2021-12-15 09:46:00,665,665,665,665,500
2021-12-15 09:47:00,665,665,665,665,4000
2021-12-15 09:48:00,665,665,670,670,700
2021-12-15 09:49:00,665,665,670,670,0
2021-12-15 09:50:00,665,665,670,670,0
2021-12-15 09:51:00,665,665,665,665,1200
2021-12-15 09:52:00,660,660,665,665,2700
2021-12-15 09:53:00,665,665,665,665,600
2021-12-15 09:54:00,665,665,665,665,0
2021-12-15 09:55:00,665,665,665,665,500
2021-12-15 09:56:00,665,665,665,665,500
2021-12-15 09:57:00,665,665,665,665,600
2021-12-15 09:58:00,665,665,665,665,600
2021-12-15 09:59:00,665,665,665,665,800
2021-12-15 10:00:00,665,665,665,665,800
2021-12-15 10:01:00,665,665,665,665,500
2021-12-15 10:02:00,665,665,665,665,700
2021-12-15 10:03:00,665,665,665,665,3500
2021-12-15 10:04:00,665,665,665,665,0
2021-12-15 10:05:00,665,665,665,665,0
2021-12-15 10:06:00,665,665,665,665,600
2021-12-15 10:07:00,665,665,665,665,4400
2021-12-15 10:08:00,665,665,665,665,2000
2021-12-15 10:09:00,665,665,665,665,0
2021-12-15 10:10:00,665,665,665,665,0
2021-12-15 10:11:00,665,665,665,665,0
2021-12-15 10:12:00,665,665,665,665,0
2021-12-15 10:13:00,665,665,665,665,0
2021-12-15 10:14:00,665,665,665,665,0
2021-12-15 10:15:00,665,665,665,665,0
2021-12-15 10:16:00,665,665,665,665,700
2021-12-15 10:17:00,665,665,665,665,1000
2021-12-15 10:18:00,665,665,670,670,1400
2021-12-15 10:19:00,665,665,670,670,0
2021-12-15 10:20:00,665,665,670,670,0
2021-12-15 10:21:00,665,665,670,670,0
2021-12-15 10:22:00,665,665,670,670,0
2021-12-15 10:23:00,665,665,665,665,600
2021-12-15 10:24:00,660,660,660,660,16700
2021-12-15 10:25:00,660,660,660,660,0
2021-12-15 10:26:00,660,660,660,660,2600
2021-12-15 10:27:00,660,660,660,660,0
2021-12-15 10:28:00,660,660,660,660,0
2021-12-15 10:29:00,660,660,660,660,0
2021-12-15 10:30:00,660,660,660,660,0
2021-12-15 10:31:00,660,660,660,660,0
2021-12-15 10:32:00,660,660,660,660,300
2021-12-15 10:33:00,660,660,660,660,10500
2021-12-15 10:34:00,660,660,660,660,4100
2021-12-15 10:35:00,660,660,660,660,0
2021-12-15 10:36:00,660,660,660,660,2000
2021-12-15 10:37:00,660,660,660,660,14000
2021-12-15 10:38:00,660,660,660,660,0
2021-12-15 10:39:00,665,665,665,665,5000
2021-12-15 10:40:00,660,660,660,660,26400
2021-12-15 10:41:00,655,655,655,655,3400
2021-12-15 10:42:00,660,660,660,660,3600
2021-12-15 10:43:00,660,660,660,660,0
2021-12-15 10:44:00,660,660,660,660,0
2021-12-15 10:45:00,660,660,660,660,0
2021-12-15 10:46:00,665,665,665,665,500
2021-12-15 10:47:00,665,665,665,665,0
2021-12-15 10:48:00,665,665,665,665,0
2021-12-15 10:49:00,665,665,665,665,0
2021-12-15 10:50:00,665,665,665,665,700
2021-12-15 10:51:00,665,665,665,665,0
2021-12-15 10:52:00,660,660,660,660,1000
2021-12-15 10:53:00,660,660,660,660,0
2021-12-15 10:54:00,660,660,660,660,0
2021-12-15 10:55:00,665,665,665,665,3000
2021-12-15 10:56:00,665,665,665,665,0
2021-12-15 10:57:00,665,665,665,665,0
2021-12-15 10:58:00,665,665,665,665,600
2021-12-15 10:59:00,665,665,665,665,0
2021-12-15 11:00:00,660,660,660,660,2000
2021-12-15 11:01:00,660,660,660,660,100
2021-12-15 11:02:00,665,665,665,665,50300
2021-12-15 11:03:00,665,665,665,665,0
2021-12-15 11:04:00,665,665,665,665,0
2021-12-15 11:05:00,665,665,665,665,0
2021-12-15 11:06:00,665,665,665,665,500
2021-12-15 11:07:00,665,665,665,665,0
2021-12-15 11:08:00,665,665,665,665,0
2021-12-15 11:09:00,665,665,665,665,0
2021-12-15 11:10:00,665,665,665,665,0
2021-12-15 11:11:00,665,665,665,665,0
2021-12-15 11:12:00,665,665,665,665,0
2021-12-15 11:13:00,665,665,665,665,0
2021-12-15 11:14:00,665,665,665,665,0
2021-12-15 11:15:00,665,665,665,665,0
2021-12-15 11:16:00,665,660,665,660,1100
2021-12-15 11:17:00,660,660,660,660,25400
2021-12-15 11:18:00,660,660,660,660,0
2021-12-15 11:19:00,665,665,665,665,1000
2021-12-15 11:20:00,665,665,665,665,0
2021-12-15 11:21:00,665,665,665,665,100
2021-12-15 11:22:00,665,665,665,665,0
2021-12-15 11:23:00,665,665,665,665,0
2021-12-15 11:24:00,665,665,665,665,0
2021-12-15 11:25:00,665,665,665,665,0
2021-12-15 11:26:00,665,665,665,665,0
2021-12-15 11:27:00,665,665,665,665,0
2021-12-15 11:28:00,665,665,665,665,0
2021-12-15 11:29:00,665,665,665,665,0
2021-12-15 11:30:00,665,665,665,665,0
2021-12-15 11:31:00,665,665,665,665,0
2021-12-15 11:32:00,665,665,665,665,0
2021-12-15 11:33:00,665,665,665,665,0
2021-12-15 11:34:00,665,665,665,665,0
2021-12-15 11:35:00,665,665,665,665,0
2021-12-15 11:36:00,665,665,665,665,0
2021-12-15 11:37:00,665,665,665,665,0
2021-12-15 11:38:00,665,665,665,665,0
2021-12-15 11:39:00,665,665,665,665,0
2021-12-15 11:40:00,665,665,665,665,0
2021-12-15 11:41:00,665,665,665,665,0
2021-12-15 11:42:00,665,665,665,665,0
2021-12-15 11:43:00,665,665,665,665,0
2021-12-15 11:44:00,665,665,665,665,0
2021-12-15 11:45:00,665,665,665,665,0
2021-12-15 11:46:00,665,665,665,665,0
2021-12-15 11:47:00,665,665,665,665,0
2021-12-15 11:48:00,665,665,665,665,0
2021-12-15 11:49:00,665,665,665,665,0
2021-12-15 11:50:00,665,665,665,665,0
2021-12-15 11:51:00,665,665,665,665,0
2021-12-15 11:52:00,665,665,665,665,0
2021-12-15 11:53:00,665,665,665,665,0
2021-12-15 11:54:00,665,665,665,665,0
2021-12-15 11:55:00,665,665,665,665,0
2021-12-15 11:56:00,665,665,665,665,0
2021-12-15 11:57:00,665,665,665,665,0
2021-12-15 11:58:00,665,665,665,665,0
2021-12-15 11:59:00,665,665,665,665,0
2021-12-15 12:00:00,665,665,665,665,0
2021-12-15 12:01:00,665,665,665,665,0
2021-12-15 12:02:00,665,665,665,665,0
2021-12-15 12:03:00,665,665,665,665,0
2021-12-15 12:04:00,665,665,665,665,0
2021-12-15 12:05:00,665,665,665,665,0
2021-12-15 12:06:00,665,665,665,665,0
2021-12-15 12:07:00,665,665,665,665,0
2021-12-15 12:08:00,665,665,665,665,0
2021-12-15 12:09:00,665,665,665,665,0
2021-12-15 12:10:00,665,665,665,665,0
2021-12-15 12:11:00,665,665,665,665,0
2021-12-15 12:12:00,665,665,665,665,0
2021-12-15 12:13:00,665,665,665,665,0
2021-12-15 12:14:00,665,665,665,665,0
2021-12-15 12:15:00,665,665,665,665,0
2021-12-15 12:16:00,665,665,665,665,0
2021-12-15 12:17:00,665,665,665,665,0
2021-12-15 12:18:00,665,665,665,665,0
2021-12-15 12:19:00,665,665,665,665,0
2021-12-15 12:20:00,665,665,665,665,0
2021-12-15 12:21:00,665,665,665,665,0
2021-12-15 12:22:00,665,665,665,665,0
2021-12-15 12:23:00,665,665,665,665,0
2021-12-15 12:24:00,665,665,665,665,0
2021-12-15 12:25:00,665,665,665,665,0
2021-12-15 12:26:00,665,665,665,665,0
2021-12-15 12:27:00,665,665,665,665,0
2021-12-15 12:28:00,665,665,665,665,0
2021-12-15 12:29:00,665,665,665,665,0
2021-12-15 12:30:00,665,665,665,665,0
2021-12-15 12:31:00,665,665,665,665,0
2021-12-15 12:32:00,665,665,665,665,0
2021-12-15 12:33:00,665,665,665,665,0
2021-12-15 12:34:00,665,665,665,665,0
2021-12-15 12:35:00,665,665,665,665,0
2021-12-15 12:36:00,665,665,665,665,0
2021-12-15 12:37:00,665,665,665,665,0
2021-12-15 12:38:00,665,665,665,665,0
2021-12-15 12:39:00,665,665,665,665,0
2021-12-15 12:40:00,665,665,665,665,0
2021-12-15 12:41:00,665,665,665,665,0
2021-12-15 12:42:00,665,665,665,665,0
2021-12-15 12:43:00,665,665,665,665,0
2021-12-15 12:44:00,665,665,665,665,0
2021-12-15 12:45:00,665,665,665,665,0
2021-12-15 12:46:00,665,665,665,665,0
2021-12-15 12:47:00,665,665,665,665,0
2021-12-15 12:48:00,665,665,665,665,0
2021-12-15 12:49:00,665,665,665,665,0
2021-12-15 12:50:00,665,665,665,665,0
2021-12-15 12:51:00,665,665,665,665,0
2021-12-15 12:52:00,665,665,665,665,0
2021-12-15 12:53:00,665,665,665,665,0
2021-12-15 12:54:00,665,665,665,665,0
2021-12-15 12:55:00,665,665,665,665,0
2021-12-15 12:56:00,665,665,665,665,0
2021-12-15 12:57:00,665,665,665,665,0
2021-12-15 12:58:00,665,665,665,665,0
2021-12-15 12:59:00,665,665,665,665,0
2021-12-15 13:00:00,665,665,665,665,0
2021-12-15 13:01:00,665,665,665,665,0
2021-12-15 13:02:00,665,665,665,665,0
2021-12-15 13:03:00,665,665,665,665,0
2021-12-15 13:04:00,665,665,665,665,0
2021-12-15 13:05:00,665,665,665,665,0
2021-12-15 13:06:00,665,665,665,665,0
2021-12-15 13:07:00,665,665,665,665,0
2021-12-15 13:08:00,665,665,665,665,0
2021-12-15 13:09:00,665,665,665,665,0
2021-12-15 13:10:00,665,665,665,665,0
2021-12-15 13:11:00,665,665,665,665,0
2021-12-15 13:12:00,665,665,665,665,0
2021-12-15 13:13:00,665,665,665,665,0
2021-12-15 13:14:00,665,665,665,665,0
2021-12-15 13:15:00,665,665,665,665,0
2021-12-15 13:16:00,665,665,665,665,0
2021-12-15 13:17:00,665,665,665,665,0
2021-12-15 13:18:00,665,665,665,665,0
2021-12-15 13:19:00,665,665,665,665,0
2021-12-15 13:20:00,665,665,665,665,0
2021-12-15 13:21:00,665,665,665,665,0
2021-12-15 13:22:00,665,665,665,665,0
2021-12-15 13:23:00,665,665,665,665,0
2021-12-15 13:24:00,665,665,665,665,0
2021-12-15 13:25:00,665,665,665,665,0
2021-12-15 13:26:00,665,665,665,665,0
2021-12-15 13:27:00,665,665,665,665,0
2021-12-15 13:28:00,665,665,665,665,0
2021-12-15 13:29:00,665,665,665,665,0
2021-12-15 13:30:00,665,665,665,665,100
2021-12-15 13:31:00,660,660,660,660,54000
2021-12-15 13:32:00,660,660,660,660,0
2021-12-15 13:33:00,665,665,665,665,700
2021-12-15 13:34:00,665,665,665,665,500
2021-12-15 13:35:00,665,665,665,665,1200
2021-12-15 13:36:00,665,665,665,665,0
2021-12-15 13:37:00,665,665,665,665,500
2021-12-15 13:38:00,665,665,665,665,0
2021-12-15 13:39:00,665,665,665,665,0
2021-12-15 13:40:00,665,665,665,665,600
2021-12-15 13:41:00,665,665,665,665,600
2021-12-15 13:42:00,665,665,665,665,500
2021-12-15 13:43:00,665,665,665,665,1000
2021-12-15 13:44:00,665,665,665,665,0
2021-12-15 13:45:00,665,665,665,665,500
2021-12-15 13:46:00,665,665,665,665,300
2021-12-15 13:47:00,665,665,665,665,5600
2021-12-15 13:48:00,665,665,665,665,21000
2021-12-15 13:49:00,665,665,665,665,1100
2021-12-15 13:50:00,665,665,665,665,0
2021-12-15 13:51:00,665,665,665,665,500
2021-12-15 13:52:00,665,665,665,665,0
2021-12-15 13:53:00,665,665,665,665,0
2021-12-15 13:54:00,665,665,665,665,0
2021-12-15 13:55:00,665,665,665,665,600
2021-12-15 13:56:00,665,665,665,665,0
2021-12-15 13:57:00,665,665,665,665,500
2021-12-15 13:58:00,665,665,665,665,0
2021-12-15 13:59:00,660,660,660,660,3000
2021-12-15 14:00:00,660,660,660,660,0
2021-12-15 14:01:00,665,665,665,665,300
2021-12-15 14:02:00,665,665,665,665,0
2021-12-15 14:03:00,665,665,665,665,0
2021-12-15 14:04:00,665,665,665,665,0
2021-12-15 14:05:00,665,665,665,665,1000
2021-12-15 14:06:00,665,665,665,665,1200
2021-12-15 14:07:00,665,665,665,665,25300
2021-12-15 14:08:00,665,665,665,665,0
2021-12-15 14:09:00,665,665,665,665,0
2021-12-15 14:10:00,670,670,670,670,500
2021-12-15 14:11:00,665,665,670,670,3300
2021-12-15 14:12:00,670,670,670,670,300
2021-12-15 14:13:00,670,670,670,670,0
2021-12-15 14:14:00,670,665,670,665,2500
2021-12-15 14:15:00,670,670,670,670,500
2021-12-15 14:16:00,670,670,670,670,0
2021-12-15 14:17:00,670,670,670,670,700
2021-12-15 14:18:00,670,670,670,670,0
2021-12-15 14:19:00,665,665,670,670,1000
2021-12-15 14:20:00,670,670,670,670,300
2021-12-15 14:21:00,670,670,670,670,700
2021-12-15 14:22:00,670,670,670,670,600
2021-12-15 14:23:00,670,670,670,670,0
2021-12-15 14:24:00,670,670,670,670,500
2021-12-15 14:25:00,670,670,670,670,0
2021-12-15 14:26:00,670,670,670,670,600
2021-12-15 14:27:00,670,670,670,670,0
2021-12-15 14:28:00,670,670,670,670,500
2021-12-15 14:29:00,670,670,670,670,0
2021-12-15 14:30:00,670,670,670,670,1700
2021-12-15 14:31:00,670,670,670,670,800
2021-12-15 14:32:00,670,670,670,670,0
2021-12-15 14:33:00,670,670,670,670,0
2021-12-15 14:34:00,670,670,670,670,0
2021-12-15 14:35:00,670,670,670,670,500
2021-12-15 14:36:00,670,665,670,665,800
2021-12-15 14:37:00,670,665,670,665,0
2021-12-15 14:38:00,665,665,665,665,11800
2021-12-15 14:39:00,665,665,665,665,0
2021-12-15 14:40:00,665,665,665,665,0
2021-12-15 14:41:00,665,660,665,660,77000
2021-12-15 14:42:00,660,660,660,660,1200
2021-12-15 14:43:00,660,650,660,660,159200
2021-12-15 14:44:00,660,660,660,660,500
2021-12-15 14:45:00,660,655,660,655,1400
2021-12-15 14:46:00,660,660,660,660,1000
2021-12-15 14:47:00,655,655,655,655,7900
2021-12-15 14:48:00,650,650,655,655,4300
2021-12-15 14:49:00,655,650,655,650,80500
2021-12-15 14:50:00,655,650,655,650,0
2021-12-15 14:51:00,655,650,655,650,0
2021-12-15 14:52:00,655,650,655,650,0
2021-12-15 14:53:00,655,650,655,650,0
2021-12-15 14:54:00,655,650,655,650,0
2021-12-15 14:55:00,655,650,655,650,0
2021-12-15 14:56:00,655,650,655,650,0
2021-12-15 14:57:00,655,650,655,650,0
2021-12-15 14:58:00,655,650,655,650,0
2021-12-15 14:59:00,655,650,655,650,0
2021-12-15 15:00:00,665,665,665,665,90100
2021-12-15 15:01:00,665,665,665,665,0
2021-12-15 15:02:00,665,665,665,665,0
2021-12-15 15:03:00,665,665,665,665,0
2021-12-15 15:04:00,665,665,665,665,0
2021-12-15 15:05:00,665,665,665,665,2000
2021-12-15 15:06:00,665,665,665,665,0
2021-12-15 15:07:00,665,665,665,665,0
2021-12-15 15:08:00,665,665,665,665,0
2021-12-15 15:09:00,665,665,665,665,1105400
2021-12-15 15:10:00,665,665,665,665,0
2021-12-15 15:11:00,665,665,665,665,0
2021-12-15 15:12:00,665,665,665,665,0
2021-12-15 15:13:00,665,665,665,665,0
2021-12-15 15:14:00,665,665,665,665,0
2021-12-15 15:15:00,665,665,665,665,0
2021-12-15 15:16:00,665,665,665,665,0
2021-12-15 15:17:00,665,665,665,665,0
2021-12-15 15:18:00,665,665,665,665,0
2021-12-15 15:19:00,665,665,665,665,0
2021-12-15 15:20:00,665,665,665,665,0
2021-12-15 15:21:00,665,665,665,665,0
2021-12-15 15:22:00,665,665,665,665,0
2021-12-15 15:23:00,665,665,665,665,0
2021-12-15 15:24:00,665,665,665,665,0
2021-12-15 15:25:00,665,665,665,665,0
2021-12-15 15:26:00,665,665,665,665,0
2021-12-15 15:27:00,665,665,665,665,0
2021-12-15 15:28:00,665,665,665,665,0
2021-12-15 15:29:00,665,665,665,665,0
2021-12-15 15:30:00,665,665,665,665,0
2021-12-15 15:31:00,665,665,665,665,0
2021-12-15 15:32:00,665,665,665,665,0
2021-12-15 15:33:00,665,665,665,665,0
2021-12-15 15:34:00,665,665,665,665,0
2021-12-15 15:35:00,665,665,665,665,0
2021-12-15 15:36:00,665,665,665,665,0
2021-12-15 15:37:00,665,665,665,665,0
2021-12-15 15:38:00,665,665,665,665,0
2021-12-15 15:39:00,665,665,665,665,0
2021-12-15 15:40:00,665,665,665,665,0
2021-12-15 15:41:00,665,665,665,665,0
2021-12-15 15:42:00,665,665,665,665,0
2021-12-15 15:43:00,665,665,665,665,0
2021-12-15 15:44:00,665,665,665,665,0
2021-12-15 15:45:00,665,665,665,665,0
2021-12-15 15:46:00,665,665,665,665,0
2021-12-15 15:47:00,665,665,665,665,0
2021-12-15 15:48:00,665,665,665,665,0
2021-12-15 15:49:00,665,665,665,665,0
2021-12-15 15:50:00,665,665,665,665,0
2021-12-15 15:51:00,665,665,665,665,0
2021-12-15 15:52:00,665,665,665,665,0
2021-12-15 15:53:00,665,665,665,665,0
2021-12-15 15:54:00,665,665,665,665,0
2021-12-15 15:55:00,665,665,665,665,0
2021-12-15 15:56:00,665,665,665,665,0
2021-12-15 15:57:00,665,665,665,665,0
2021-12-15 15:58:00,665,665,665,665,0
2021-12-15 15:59:00,665,665,665,665,0
2021-12-16 09:00:00,665,665,665,665,0
2021-12-16 09:01:00,665,665,665,665,0
2021-12-16 09:02:00,665,665,665,665,700
2021-12-16 09:03:00,665,665,665,665,0
2021-12-16 09:04:00,665,665,665,665,0
2021-12-16 09:05:00,665,665,665,665,8100
2021-12-16 09:06:00,665,665,665,665,1800
2021-12-16 09:07:00,665,665,665,665,0
2021-12-16 09:08:00,665,665,665,665,0
2021-12-16 09:09:00,665,665,665,665,0
2021-12-16 09:10:00,665,665,665,665,0
2021-12-16 09:11:00,665,665,665,665,0
2021-12-16 09:12:00,665,665,665,665,0
2021-12-16 09:13:00,665,665,665,665,0
2021-12-16 09:14:00,665,665,665,665,0
2021-12-16 09:15:00,665,665,665,665,500
2021-12-16 09:16:00,665,665,665,665,0
2021-12-16 09:17:00,665,665,665,665,700
2021-12-16 09:18:00,665,665,665,665,0
2021-12-16 09:19:00,665,665,665,665,600
2021-12-16 09:20:00,660,660,660,660,4800
2021-12-16 09:21:00,660,660,660,660,100
2021-12-16 09:22:00,660,660,660,660,0
2021-12-16 09:23:00,655,655,660,660,56100
2021-12-16 09:24:00,660,655,660,655,7900
2021-12-16 09:25:00,655,655,655,655,27600
2021-12-16 09:26:00,655,655,655,655,54800
2021-12-16 09:27:00,655,655,655,655,1700
2021-12-16 09:28:00,655,650,655,650,15000
2021-12-16 09:29:00,655,650,655,650,0
2021-12-16 09:30:00,655,650,655,655,39700
2021-12-16 09:31:00,655,650,655,655,0
2021-12-16 09:32:00,655,655,655,655,1200
2021-12-16 09:33:00,655,655,655,655,1000
2021-12-16 09:34:00,655,655,655,655,7900
2021-12-16 09:35:00,660,660,660,660,500
2021-12-16 09:36:00,660,660,660,660,600
2021-12-16 09:37:00,660,660,660,660,0
2021-12-16 09:38:00,660,660,660,660,600
2021-12-16 09:39:00,660,660,660,660,300
2021-12-16 09:40:00,660,660,660,660,600
2021-12-16 09:41:00,660,660,660,660,0
2021-12-16 09:42:00,660,660,660,660,700
2021-12-16 09:43:00,660,660,660,660,600
2021-12-16 09:44:00,660,660,660,660,0
2021-12-16 09:45:00,660,660,660,660,500
2021-12-16 09:46:00,660,660,660,660,0
2021-12-16 09:47:00,660,660,660,660,2000
2021-12-16 09:48:00,655,655,655,655,100
2021-12-16 09:49:00,660,660,660,660,1500
2021-12-16 09:50:00,660,660,660,660,300
2021-12-16 09:51:00,655,650,655,650,85500
2021-12-16 09:52:00,650,650,650,650,5000
2021-12-16 09:53:00,650,650,650,650,0
2021-12-16 09:54:00,660,660,660,660,200
2021-12-16 09:55:00,660,660,660,660,0
2021-12-16 09:56:00,660,660,660,660,0
2021-12-16 09:57:00,660,660,660,660,0
2021-12-16 09:58:00,660,660,660,660,300
2021-12-16 09:59:00,660,660,660,660,0
2021-12-16 10:00:00,660,660,660,660,0
2021-12-16 10:01:00,660,660,660,660,600
2021-12-16 10:02:00,660,660,660,660,0
2021-12-16 10:03:00,660,660,660,660,200
2021-12-16 10:04:00,660,660,660,660,0
2021-12-16 10:05:00,660,655,660,655,3100
2021-12-16 10:06:00,655,655,655,655,600
2021-12-16 10:07:00,655,655,655,655,300
2021-12-16 10:08:00,655,655,660,660,2200
2021-12-16 10:09:00,655,655,660,660,0
2021-12-16 10:10:00,655,655,660,660,0
2021-12-16 10:11:00,660,660,660,660,500
2021-12-16 10:12:00,660,660,660,660,0
2021-12-16 10:13:00,660,660,660,660,0
2021-12-16 10:14:00,660,660,660,660,0
2021-12-16 10:15:00,660,660,660,660,500
2021-12-16 10:16:00,660,660,660,660,300
2021-12-16 10:17:00,660,660,660,660,0
2021-12-16 10:18:00,660,660,660,660,0
2021-12-16 10:19:00,660,660,660,660,0
2021-12-16 10:20:00,660,660,660,660,0
2021-12-16 10:21:00,660,660,660,660,0
2021-12-16 10:22:00,660,660,660,660,0
2021-12-16 10:23:00,660,660,660,660,0
2021-12-16 10:24:00,660,660,660,660,0
2021-12-16 10:25:00,660,660,660,660,0
2021-12-16 10:26:00,655,655,655,655,2100
2021-12-16 10:27:00,650,650,650,650,2400
2021-12-16 10:28:00,650,650,650,650,700
2021-12-16 10:29:00,650,650,650,650,0
2021-12-16 10:30:00,660,660,660,660,300
2021-12-16 10:31:00,655,655,655,655,2400
2021-12-16 10:32:00,655,655,655,655,2500
2021-12-16 10:33:00,655,655,655,655,200
2021-12-16 10:34:00,655,655,655,655,8500
2021-12-16 10:35:00,660,660,660,660,500
2021-12-16 10:36:00,655,655,655,655,2700
2021-12-16 10:37:00,650,650,660,660,2800
2021-12-16 10:38:00,660,660,660,660,500
2021-12-16 10:39:00,655,655,655,655,1000
2021-12-16 10:40:00,655,655,660,660,900
2021-12-16 10:41:00,655,655,655,655,200
2021-12-16 10:42:00,655,655,655,655,0
2021-12-16 10:43:00,655,655,655,655,0
2021-12-16 10:44:00,655,655,655,655,0
2021-12-16 10:45:00,655,655,655,655,100
2021-12-16 10:46:00,655,655,655,655,0
2021-12-16 10:47:00,655,655,655,655,0
2021-12-16 10:48:00,655,655,655,655,0
2021-12-16 10:49:00,660,660,660,660,200
2021-12-16 10:50:00,655,650,660,660,10300
2021-12-16 10:51:00,655,650,660,660,0
2021-12-16 10:52:00,660,660,660,660,700
2021-12-16 10:53:00,660,660,660,660,0
2021-12-16 10:54:00,660,660,660,660,0
2021-12-16 10:55:00,660,660,660,660,700
2021-12-16 10:56:00,655,655,655,655,1600
2021-12-16 10:57:00,655,655,655,655,300
2021-12-16 10:58:00,655,655,655,655,800
2021-12-16 10:59:00,655,655,655,655,300
2021-12-16 11:00:00,655,655,655,655,500
2021-12-16 11:01:00,655,655,655,655,400
2021-12-16 11:02:00,655,655,655,655,700
2021-12-16 11:03:00,655,655,655,655,300
2021-12-16 11:04:00,655,655,655,655,0
2021-12-16 11:05:00,655,655,655,655,9000
2021-12-16 11:06:00,655,655,655,655,0
2021-12-16 11:07:00,655,655,655,655,3300
2021-12-16 11:08:00,655,655,655,655,0
2021-12-16 11:09:00,655,655,655,655,500
2021-12-16 11:10:00,655,655,655,655,0
2021-12-16 11:11:00,655,655,655,655,500
2021-12-16 11:12:00,655,655,655,655,300
2021-12-16 11:13:00,655,655,655,655,0
2021-12-16 11:14:00,655,655,655,655,4000
2021-12-16 11:15:00,655,655,655,655,400
2021-12-16 11:16:00,655,655,655,655,300
2021-12-16 11:17:00,655,655,655,655,300
2021-12-16 11:18:00,650,650,655,655,5400
2021-12-16 11:19:00,655,655,655,655,2000
2021-12-16 11:20:00,655,650,655,650,20300
2021-12-16 11:21:00,655,650,655,650,0
2021-12-16 11:22:00,650,650,650,650,76500
2021-12-16 11:23:00,645,645,645,645,56500
2021-12-16 11:24:00,645,645,645,645,0
2021-12-16 11:25:00,645,640,650,650,51500
2021-12-16 11:26:00,645,640,650,650,0
2021-12-16 11:27:00,645,640,645,640,134000
2021-12-16 11:28:00,640,640,645,645,25600
2021-12-16 11:29:00,645,640,645,640,1500
2021-12-16 11:30:00,640,640,640,640,5100
2021-12-16 11:31:00,640,640,640,640,0
2021-12-16 11:32:00,640,640,640,640,0
2021-12-16 11:33:00,640,640,640,640,0
2021-12-16 11:34:00,640,640,640,640,0
2021-12-16 11:35:00,640,640,640,640,0
2021-12-16 11:36:00,640,640,640,640,0
2021-12-16 11:37:00,640,640,640,640,0
2021-12-16 11:38:00,640,640,640,640,0
2021-12-16 11:39:00,640,640,640,640,0
2021-12-16 11:40:00,640,640,640,640,0
2021-12-16 11:41:00,640,640,640,640,0
2021-12-16 11:42:00,640,640,640,640,0
2021-12-16 11:43:00,640,640,640,640,0
2021-12-16 11:44:00,640,640,640,640,0
2021-12-16 11:45:00,640,640,640,640,0
2021-12-16 11:46:00,640,640,640,640,0
2021-12-16 11:47:00,640,640,640,640,0
2021-12-16 11:48:00,640,640,640,640,0
2021-12-16 11:49:00,640,640,640,640,0
2021-12-16 11:50:00,640,640,640,640,0
2021-12-16 11:51:00,640,640,640,640,0
2021-12-16 11:52:00,640,640,640,640,0
2021-12-16 11:53:00,640,640,640,640,0
2021-12-16 11:54:00,640,640,640,640,0
2021-12-16 11:55:00,640,640,640,640,0
2021-12-16 11:56:00,640,640,640,640,0
2021-12-16 11:57:00,640,640,640,640,0
2021-12-16 11:58:00,640,640,640,640,0
2021-12-16 11:59:00,640,640,640,640,0
2021-12-16 12:00:00,640,640,640,640,0
2021-12-16 12:01:00,640,640,640,640,0
2021-12-16 12:02:00,640,640,640,640,0
2021-12-16 12:03:00,640,640,640,640,0
2021-12-16 12:04:00,640,640,640,640,0
2021-12-16 12:05:00,640,640,640,640,0
2021-12-16 12:06:00,640,640,640,640,0
2021-12-16 12:07:00,640,640,640,640,0
2021-12-16 12:08:00,640,640,640,640,0
2021-12-16 12:09:00,640,640,640,640,0
2021-12-16 12:10:00,640,640,640,640,0
2021-12-16 12:11:00,640,640,640,640,0
2021-12-16 12:12:00,640,640,640,640,0
2021-12-16 12:13:00,640,640,640,640,0
2021-12-16 12:14:00,640,640,640,640,0
2021-12-16 12:15:00,640,640,640,640,0
2021-12-16 12:16:00,640,640,640,640,0
2021-12-16 12:17:00,640,640,640,640,0
2021-12-16 12:18:00,640,640,640,640,0
2021-12-16 12:19:00,640,640,640,640,0
2021-12-16 12:20:00,640,640,640,640,0
2021-12-16 12:21:00,640,640,640,640,0
2021-12-16 12:22:00,640,640,640,640,0
2021-12-16 12:23:00,640,640,640,640,0
2021-12-16 12:24:00,640,640,640,640,0
2021-12-16 12:25:00,640,640,640,640,0
2021-12-16 12:26:00,640,640,640,640,0
2021-12-16 12:27:00,640,640,640,640,0
2021-12-16 12:28:00,640,640,640,640,0
2021-12-16 12:29:00,640,640,640,640,0
2021-12-16 12:30:00,640,640,640,640,0
2021-12-16 12:31:00,640,640,640,640,0
2021-12-16 12:32:00,640,640,640,640,0
2021-12-16 12:33:00,640,640,640,640,0
2021-12-16 12:34:00,640,640,640,640,0
2021-12-16 12:35:00,640,640,640,640,0
2021-12-16 12:36:00,640,640,640,640,0
2021-12-16 12:37:00,640,640,640,640,0
2021-12-16 12:38:00,640,640,640,640,0
2021-12-16 12:39:00,640,640,640,640,0
2021-12-16 12:40:00,640,640,640,640,0
2021-12-16 12:41:00,640,640,640,640,0
2021-12-16 12:42:00,640,640,640,640,0
2021-12-16 12:43:00,640,640,640,640,0
2021-12-16 12:44:00,640,640,640,640,0
2021-12-16 12:45:00,640,640,640,640,0
2021-12-16 12:46:00,640,640,640,640,0
2021-12-16 12:47:00,640,640,640,640,0
2021-12-16 12:48:00,640,640,640,640,0
2021-12-16 12:49:00,640,640,640,640,0
2021-12-16 12:50:00,640,640,640,640,0
2021-12-16 12:51:00,640,640,640,640,0
2021-12-16 12:52:00,640,640,640,640,0
2021-12-16 12:53:00,640,640,640,640,0
2021-12-16 12:54:00,640,640,640,640,0
2021-12-16 12:55:00,640,640,640,640,0
2021-12-16 12:56:00,640,640,640,640,0
2021-12-16 12:57:00,640,640,640,640,0
2021-12-16 12:58:00,640,640,640,640,0
2021-12-16 12:59:00,640,640,640,640,0
2021-12-16 13:00:00,640,640,640,640,0
2021-12-16 13:01:00,640,640,640,640,0
2021-12-16 13:02:00,640,640,640,640,0
2021-12-16 13:03:00,640,640,640,640,0
2021-12-16 13:04:00,640,640,640,640,0
2021-12-16 13:05:00,640,640,640,640,0
2021-12-16 13:06:00,640,640,640,640,0
2021-12-16 13:07:00,640,640,640,640,0
2021-12-16 13:08:00,640,640,640,640,0
2021-12-16 13:09:00,640,640,640,640,0
2021-12-16 13:10:00,640,640,640,640,0
2021-12-16 13:11:00,640,640,640,640,0
2021-12-16 13:12:00,640,640,640,640,0
2021-12-16 13:13:00,640,640,640,640,0
2021-12-16 13:14:00,640,640,640,640,0
2021-12-16 13:15:00,640,640,640,640,0
2021-12-16 13:16:00,640,640,640,640,0
2021-12-16 13:17:00,640,640,640,640,0
2021-12-16 13:18:00,640,640,640,640,0
2021-12-16 13:19:00,640,640,640,640,0
2021-12-16 13:20:00,640,640,640,640,0
2021-12-16 13:21:00,640,640,640,640,0
2021-12-16 13:22:00,640,640,640,640,0
2021-12-16 13:23:00,640,640,640,640,0
2021-12-16 13:24:00,640,640,640,640,0
2021-12-16 13:25:00,640,640,640,640,0
2021-12-16 13:26:00,640,640,640,640,0
2021-12-16 13:27:00,640,640,640,640,0
2021-12-16 13:28:00,640,640,640,640,0
2021-12-16 13:29:00,640,640,640,640,0
2021-12-16 13:30:00,640,640,650,640,116700
2021-12-16 13:31:00,640,640,650,640,0
2021-12-16 13:32:00,640,640,655,655,20000
2021-12-16 13:33:00,640,640,640,640,1600
2021-12-16 13:34:00,655,655,655,655,4200
2021-12-16 13:35:00,655,655,655,655,0
2021-12-16 13:36:00,655,655,655,655,1100
2021-12-16 13:37:00,655,655,655,655,0
2021-12-16 13:38:00,650,650,650,650,12000
2021-12-16 13:39:00,650,650,650,650,0
2021-12-16 13:40:00,655,655,655,655,300
2021-12-16 13:41:00,655,655,655,655,0
2021-12-16 13:42:00,655,655,655,655,600
2021-12-16 13:43:00,650,650,650,650,2000
2021-12-16 13:44:00,650,650,650,650,0
2021-12-16 13:45:00,650,650,650,650,0
2021-12-16 13:46:00,650,650,650,650,9000
2021-12-16 13:47:00,645,645,650,650,2000
2021-12-16 13:48:00,650,650,650,650,1400
2021-12-16 13:49:00,650,650,650,650,1100
2021-12-16 13:50:00,650,640,650,640,1100
2021-12-16 13:51:00,650,650,650,650,1800
2021-12-16 13:52:00,650,640,650,640,29600
2021-12-16 13:53:00,640,640,640,640,2000
2021-12-16 13:54:00,640,640,640,640,0
2021-12-16 13:55:00,650,650,650,650,12700
2021-12-16 13:56:00,650,650,650,650,0
2021-12-16 13:57:00,650,645,650,645,1100
2021-12-16 13:58:00,650,650,650,650,1000
2021-12-16 13:59:00,650,650,650,650,300
2021-12-16 14:00:00,650,650,650,650,500
2021-12-16 14:01:00,650,650,650,650,0
2021-12-16 14:02:00,650,650,650,650,2900
2021-12-16 14:03:00,650,650,650,650,200
2021-12-16 14:04:00,650,650,650,650,600
2021-12-16 14:05:00,645,645,645,645,2900
2021-12-16 14:06:00,645,645,645,645,0
2021-12-16 14:07:00,645,645,645,645,500
2021-12-16 14:08:00,640,640,650,650,6900
2021-12-16 14:09:00,645,645,645,645,12400
2021-12-16 14:10:00,645,645,645,645,3500
2021-12-16 14:11:00,645,645,645,645,1300
2021-12-16 14:12:00,645,645,645,645,1100
2021-12-16 14:13:00,645,645,645,645,0
2021-12-16 14:14:00,645,645,645,645,10000
2021-12-16 14:15:00,645,645,650,650,8900
2021-12-16 14:16:00,650,650,650,650,800
2021-12-16 14:17:00,650,650,650,650,0
2021-12-16 14:18:00,650,650,650,650,0
2021-12-16 14:19:00,650,650,650,650,1000
2021-12-16 14:20:00,650,650,650,650,0
2021-12-16 14:21:00,650,650,650,650,700
2021-12-16 14:22:00,650,650,650,650,0
2021-12-16 14:23:00,650,650,650,650,0
2021-12-16 14:24:00,650,650,650,650,300
2021-12-16 14:25:00,650,650,650,650,600
2021-12-16 14:26:00,650,650,650,650,0
2021-12-16 14:27:00,650,650,650,650,1500
2021-12-16 14:28:00,650,650,650,650,500
2021-12-16 14:29:00,650,650,650,650,500
2021-12-16 14:30:00,650,650,650,650,200
2021-12-16 14:31:00,650,650,650,650,300
2021-12-16 14:32:00,650,650,650,650,300
2021-12-16 14:33:00,650,650,650,650,600
2021-12-16 14:34:00,650,650,650,650,400
2021-12-16 14:35:00,650,650,650,650,900
2021-12-16 14:36:00,650,650,650,650,0
2021-12-16 14:37:00,650,650,650,650,200
2021-12-16 14:38:00,650,650,650,650,1100
2021-12-16 14:39:00,650,650,650,650,400
2021-12-16 14:40:00,645,645,650,650,8900
2021-12-16 14:41:00,650,650,650,650,200
2021-12-16 14:42:00,650,650,650,650,0
2021-12-16 14:43:00,650,645,650,645,10700
2021-12-16 14:44:00,650,645,650,645,0
2021-12-16 14:45:00,650,645,650,645,0
2021-12-16 14:46:00,645,645,645,645,11100
2021-12-16 14:47:00,645,645,645,645,14200
2021-12-16 14:48:00,645,645,645,645,0
2021-12-16 14:49:00,640,640,665,665,423400
2021-12-16 14:50:00,640,640,665,665,0
2021-12-16 14:51:00,640,640,665,665,0
2021-12-16 14:52:00,640,640,665,665,0
2021-12-16 14:53:00,640,640,665,665,0
2021-12-16 14:54:00,640,640,665,665,0
2021-12-16 14:55:00,640,640,665,665,0
2021-12-16 14:56:00,640,640,665,665,0
2021-12-16 14:57:00,640,640,665,665,0
2021-12-16 14:58:00,640,640,665,665,0
2021-12-16 14:59:00,640,640,665,665,0
2021-12-16 15:00:00,665,665,665,665,1000
2021-12-16 15:01:00,665,665,665,665,0
2021-12-16 15:02:00,665,665,665,665,0
2021-12-16 15:03:00,665,665,665,665,100
2021-12-16 15:04:00,665,665,665,665,0
2021-12-16 15:05:00,665,665,665,665,0
2021-12-16 15:06:00,665,665,665,665,0
2021-12-16 15:07:00,665,665,665,665,0
2021-12-16 15:08:00,665,665,665,665,0
2021-12-16 15:09:00,665,665,665,665,0
2021-12-16 15:10:00,665,665,665,665,0
2021-12-16 15:11:00,665,665,665,665,0
2021-12-16 15:12:00,665,665,665,665,0
2021-12-16 15:13:00,665,665,665,665,0
2021-12-16 15:14:00,665,665,665,665,1535200
2021-12-16 15:15:00,665,665,665,665,0
2021-12-16 15:16:00,665,665,665,665,0
2021-12-16 15:17:00,665,665,665,665,0
2021-12-16 15:18:00,665,665,665,665,0
2021-12-16 15:19:00,665,665,665,665,0
2021-12-16 15:20:00,665,665,665,665,0
2021-12-16 15:21:00,665,665,665,665,0
2021-12-16 15:22:00,665,665,665,665,0
2021-12-16 15:23:00,665,665,665,665,0
2021-12-16 15:24:00,665,665,665,665,0
2021-12-16 15:25:00,665,665,665,665,0
2021-12-16 15:26:00,665,665,665,665,0
2021-12-16 15:27:00,665,665,665,665,0
2021-12-16 15:28:00,665,665,665,665,0
2021-12-16 15:29:00,665,665,665,665,0
2021-12-16 15:30:00,665,665,665,665,0
2021-12-16 15:31:00,665,665,665,665,0
2021-12-16 15:32:00,665,665,665,665,0
2021-12-16 15:33:00,665,665,665,665,0
2021-12-16 15:34:00,665,665,665,665,0
2021-12-16 15:35:00,665,665,665,665,0
2021-12-16 15:36:00,665,665,665,665,0
2021-12-16 15:37:00,665,665,665,665,0
2021-12-16 15:38:00,665,665,665,665,0
2021-12-16 15:39:00,665,665,665,665,0
2021-12-16 15:40:00,665,665,665,665,0
2021-12-16 15:41:00,665,665,665,665,0
2021-12-16 15:42:00,665,665,665,665,0
2021-12-16 15:43:00,665,665,665,665,0
2021-12-16 15:44:00,665,665,665,665,0
2021-12-16 15:45:00,665,665,665,665,0
2021-12-16 15:46:00,665,665,665,665,0
2021-12-16 15:47:00,665,665,665,665,0
2021-12-16 15:48:00,665,665,665,665,0
2021-12-16 15:49:00,665,665,665,665,0
2021-12-16 15:50:00,665,665,665,665,0
2021-12-16 15:51:00,665,665,665,665,0
2021-12-16 15:52:00,665,665,665,665,0
2021-12-16 15:53:00,665,665,665,665,0
2021-12-16 15:54:00,665,665,665,665,0
2021-12-16 15:55:00,665,665,665,665,0
2021-12-16 15:56:00,665,665,665,665,0
2021-12-16 15:57:00,665,665,665,665,0
2021-12-16 15:58:00,665,665,665,665,0
2021-12-16 15:59:00,665,665,665,665,0
2021-12-17 09:00:00,665,665,665,665,0
2021-12-17 09:01:00,665,665,665,665,0
2021-12-17 09:02:00,660,660,660,660,4100
2021-12-17 09:03:00,660,660,660,660,7500
2021-12-17 09:04:00,660,660,660,660,0
2021-12-17 09:05:00,660,660,660,660,0
2021-12-17 09:06:00,660,660,660,660,0
2021-12-17 09:07:00,655,655,660,655,1700
2021-12-17 09:08:00,660,660,660,660,700
2021-12-17 09:09:00,665,660,665,660,1600
2021-12-17 09:10:00,665,660,665,660,0
2021-12-17 09:11:00,665,660,665,660,0
2021-12-17 09:12:00,660,660,660,660,500
2021-12-17 09:13:00,660,660,660,660,1200
2021-12-17 09:14:00,660,660,660,660,700
2021-12-17 09:15:00,660,660,660,660,1400
2021-12-17 09:16:00,660,660,660,660,5200
2021-12-17 09:17:00,660,660,660,660,0
2021-12-17 09:18:00,660,660,660,660,4500
2021-12-17 09:19:00,660,660,660,660,2100
2021-12-17 09:20:00,660,660,660,660,0
2021-12-17 09:21:00,660,660,660,660,300
2021-12-17 09:22:00,660,660,660,660,2600
2021-12-17 09:23:00,660,660,660,660,0
2021-12-17 09:24:00,660,660,660,660,6900
2021-12-17 09:25:00,660,660,660,660,100
2021-12-17 09:26:00,660,660,660,660,500
2021-12-17 09:27:00,665,665,665,665,200
2021-12-17 09:28:00,665,665,665,665,500
2021-12-17 09:29:00,665,665,665,665,0
2021-12-17 09:30:00,665,665,665,665,300
2021-12-17 09:31:00,665,665,665,665,0
2021-12-17 09:32:00,665,665,665,665,0
2021-12-17 09:33:00,665,665,665,665,0
2021-12-17 09:34:00,665,665,665,665,6600
2021-12-17 09:35:00,665,665,665,665,0
2021-12-17 09:36:00,665,665,665,665,2000
2021-12-17 09:37:00,665,665,665,665,0
2021-12-17 09:38:00,665,665,665,665,0
2021-12-17 09:39:00,665,665,665,665,500
2021-12-17 09:40:00,665,665,665,665,0
2021-12-17 09:41:00,665,665,665,665,0
2021-12-17 09:42:00,665,665,665,665,300
2021-12-17 09:43:00,660,660,660,660,1100
2021-12-17 09:44:00,660,660,660,660,200
2021-12-17 09:45:00,660,660,660,660,0
2021-12-17 09:46:00,660,660,660,660,0
2021-12-17 09:47:00,660,660,660,660,0
2021-12-17 09:48:00,655,655,655,655,1200
2021-12-17 09:49:00,655,655,655,655,0
2021-12-17 09:50:00,660,655,660,655,1100
2021-12-17 09:51:00,655,655,660,660,2500
2021-12-17 09:52:00,660,660,660,660,300
2021-12-17 09:53:00,660,660,660,660,0
2021-12-17 09:54:00,660,660,660,660,1900
2021-12-17 09:55:00,660,660,660,660,0
2021-12-17 09:56:00,660,660,660,660,300
2021-12-17 09:57:00,660,660,660,660,0
2021-12-17 09:58:00,660,660,660,660,0
2021-12-17 09:59:00,660,660,660,660,0
2021-12-17 10:00:00,660,660,660,660,200
2021-12-17 10:01:00,660,660,660,660,0
2021-12-17 10:02:00,660,660,660,660,300
2021-12-17 10:03:00,660,660,660,660,0
2021-12-17 10:04:00,660,660,660,660,0
2021-12-17 10:05:00,660,660,660,660,0
2021-12-17 10:06:00,660,660,660,660,500
2021-12-17 10:07:00,660,660,660,660,0
2021-12-17 10:08:00,660,660,660,660,0
2021-12-17 10:09:00,660,660,660,660,300
2021-12-17 10:10:00,660,660,660,660,0
2021-12-17 10:11:00,660,660,660,660,0
2021-12-17 10:12:00,660,660,660,660,300
2021-12-17 10:13:00,660,660,660,660,0
2021-12-17 10:14:00,660,660,660,660,0
2021-12-17 10:15:00,660,660,660,660,0
2021-12-17 10:16:00,660,660,660,660,300
2021-12-17 10:17:00,660,660,660,660,45100
2021-12-17 10:18:00,660,660,660,660,200
2021-12-17 10:19:00,660,660,660,660,700
2021-12-17 10:20:00,660,660,660,660,0
2021-12-17 10:21:00,660,660,660,660,0
2021-12-17 10:22:00,660,660,660,660,0
2021-12-17 10:23:00,660,660,660,660,0
2021-12-17 10:24:00,660,660,660,660,0
2021-12-17 10:25:00,660,660,660,660,0
2021-12-17 10:26:00,660,660,660,660,0
2021-12-17 10:27:00,660,660,660,660,7200
2021-12-17 10:28:00,665,665,665,665,0
2021-12-17 10:29:00,665,665,665,665,0
2021-12-17 10:30:00,665,665,665,665,212600
2021-12-17 10:31:00,660,660,665,665,400
2021-12-17 10:32:00,665,665,665,665,300
2021-12-17 10:33:00,665,665,665,665,0
2021-12-17 10:34:00,665,665,665,665,0
2021-12-17 10:35:00,665,665,665,665,100
2021-12-17 10:36:00,665,665,665,665,0
2021-12-17 10:37:00,665,665,665,665,0
2021-12-17 10:38:00,665,665,665,665,600
2021-12-17 10:39:00,665,665,665,665,0
2021-12-17 10:40:00,665,665,665,665,2100
2021-12-17 10:41:00,665,665,665,665,0
2021-12-17 10:42:00,665,665,665,665,0
2021-12-17 10:43:00,665,665,665,665,0
2021-12-17 10:44:00,665,665,665,665,200
2021-12-17 10:45:00,665,665,665,665,0
2021-12-17 10:46:00,665,665,665,665,500
2021-12-17 10:47:00,665,665,665,665,0
2021-12-17 10:48:00,665,660,665,665,900
2021-12-17 10:49:00,665,660,665,665,0
2021-12-17 10:50:00,665,665,665,665,300
2021-12-17 10:51:00,665,665,665,665,0
2021-12-17 10:52:00,665,665,665,665,0
2021-12-17 10:53:00,665,665,665,665,0
2021-12-17 10:54:00,665,665,665,665,500
2021-12-17 10:55:00,665,665,665,665,0
2021-12-17 10:56:00,665,665,665,665,0
2021-12-17 10:57:00,665,665,665,665,200
2021-12-17 10:58:00,665,665,665,665,0
2021-12-17 10:59:00,665,665,665,665,0
2021-12-17 11:00:00,665,665,665,665,0
2021-12-17 11:01:00,665,665,665,665,0
2021-12-17 11:02:00,665,665,665,665,0
2021-12-17 11:03:00,665,665,665,665,0
2021-12-17 11:04:00,665,665,665,665,0
2021-12-17 11:05:00,665,665,665,665,0
2021-12-17 11:06:00,665,665,665,665,300
2021-12-17 11:07:00,665,665,665,665,0
2021-12-17 11:08:00,665,665,665,665,0
2021-12-17 11:09:00,665,665,665,665,3000
2021-12-17 11:10:00,665,665,665,665,0
2021-12-17 11:11:00,665,665,665,665,0
2021-12-17 11:12:00,665,665,665,665,500
2021-12-17 11:13:00,665,665,665,665,0
2021-12-17 11:14:00,665,665,665,665,0
2021-12-17 11:15:00,665,665,665,665,0
2021-12-17 11:16:00,665,665,665,665,0
2021-12-17 11:17:00,665,665,665,665,300
2021-12-17 11:18:00,665,665,665,665,0
2021-12-17 11:19:00,665,665,665,665,300
2021-12-17 11:20:00,665,665,665,665,0
2021-12-17 11:21:00,665,665,665,665,0
2021-12-17 11:22:00,665,665,665,665,300
2021-12-17 11:23:00,665,665,665,665,0
2021-12-17 11:24:00,665,665,665,665,200
2021-12-17 11:25:00,665,665,665,665,0
2021-12-17 11:26:00,665,665,665,665,0
2021-12-17 11:27:00,665,665,665,665,500
2021-12-17 11:28:00,665,665,665,665,0
2021-12-17 11:29:00,665,665,665,665,0
2021-12-17 11:30:00,665,665,665,665,0
2021-12-17 11:31:00,665,665,665,665,0
2021-12-17 11:32:00,665,665,665,665,0
2021-12-17 11:33:00,665,665,665,665,0
2021-12-17 11:34:00,665,665,665,665,0
2021-12-17 11:35:00,665,665,665,665,0
2021-12-17 11:36:00,665,665,665,665,0
2021-12-17 11:37:00,665,665,665,665,0
2021-12-17 11:38:00,665,665,665,665,0
2021-12-17 11:39:00,665,665,665,665,0
2021-12-17 11:40:00,665,665,665,665,0
2021-12-17 11:41:00,665,665,665,665,0
2021-12-17 11:42:00,665,665,665,665,0
2021-12-17 11:43:00,665,665,665,665,0
2021-12-17 11:44:00,665,665,665,665,0
2021-12-17 11:45:00,665,665,665,665,0
2021-12-17 11:46:00,665,665,665,665,0
2021-12-17 11:47:00,665,665,665,665,0
2021-12-17 11:48:00,665,665,665,665,0
2021-12-17 11:49:00,665,665,665,665,0
2021-12-17 11:50:00,665,665,665,665,0
2021-12-17 11:51:00,665,665,665,665,0
2021-12-17 11:52:00,665,665,665,665,0
2021-12-17 11:53:00,665,665,665,665,0
2021-12-17 11:54:00,665,665,665,665,0
2021-12-17 11:55:00,665,665,665,665,0
2021-12-17 11:56:00,665,665,665,665,0
2021-12-17 11:57:00,665,665,665,665,0
2021-12-17 11:58:00,665,665,665,665,0
2021-12-17 11:59:00,665,665,665,665,0
2021-12-17 12:00:00,665,665,665,665,0
2021-12-17 12:01:00,665,665,665,665,0
2021-12-17 12:02:00,665,665,665,665,0
2021-12-17 12:03:00,665,665,665,665,0
2021-12-17 12:04:00,665,665,665,665,0
2021-12-17 12:05:00,665,665,665,665,0
2021-12-17 12:06:00,665,665,665,665,0
2021-12-17 12:07:00,665,665,665,665,0
2021-12-17 12:08:00,665,665,665,665,0
2021-12-17 12:09:00,665,665,665,665,0
2021-12-17 12:10:00,665,665,665,665,0
2021-12-17 12:11:00,665,665,665,665,0
2021-12-17 12:12:00,665,665,665,665,0
2021-12-17 12:13:00,665,665,665,665,0
2021-12-17 12:14:00,665,665,665,665,0
2021-12-17 12:15:00,665,665,665,665,0
2021-12-17 12:16:00,665,665,665,665,0
2021-12-17 12:17:00,665,665,665,665,0
2021-12-17 12:18:00,665,665,665,665,0
2021-12-17 12:19:00,665,665,665,665,0
2021-12-17 12:20:00,665,665,665,665,0
2021-12-17 12:21:00,665,665,665,665,0
2021-12-17 12:22:00,665,665,665,665,0
2021-12-17 12:23:00,665,665,665,665,0
2021-12-17 12:24:00,665,665,665,665,0
2021-12-17 12:25:00,665,665,665,665,0
2021-12-17 12:26:00,665,665,665,665,0
2021-12-17 12:27:00,665,665,665,665,0
2021-12-17 12:28:00,665,665,665,665,0
2021-12-17 12:29:00,665,665,665,665,0
2021-12-17 12:30:00,665,665,665,665,0
2021-12-17 12:31:00,665,665,665,665,0
2021-12-17 12:32:00,665,665,665,665,0
2021-12-17 12:33:00,665,665,665,665,0
2021-12-17 12:34:00,665,665,665,665,0
2021-12-17 12:35:00,665,665,665,665,0
2021-12-17 12:36:00,665,665,665,665,0
2021-12-17 12:37:00,665,665,665,665,0
2021-12-17 12:38:00,665,665,665,665,0
2021-12-17 12:39:00,665,665,665,665,0
2021-12-17 12:40:00,665,665,665,665,0
2021-12-17 12:41:00,665,665,665,665,0
2021-12-17 12:42:00,665,665,665,665,0
2021-12-17 12:43:00,665,665,665,665,0
2021-12-17 12:44:00,665,665,665,665,0
2021-12-17 12:45:00,665,665,665,665,0
2021-12-17 12:46:00,665,665,665,665,0
2021-12-17 12:47:00,665,665,665,665,0
2021-12-17 12:48:00,665,665,665,665,0
2021-12-17 12:49:00,665,665,665,665,0
2021-12-17 12:50:00,665,665,665,665,0
2021-12-17 12:51:00,665,665,665,665,0
2021-12-17 12:52:00,665,665,665,665,0
2021-12-17 12:53:00,665,665,665,665,0
2021-12-17 12:54:00,665,665,665,665,0
2021-12-17 12:55:00,665,665,665,665,0
2021-12-17 12:56:00,665,665,665,665,0
2021-12-17 12:57:00,665,665,665,665,0
2021-12-17 12:58:00,665,665,665,665,0
2021-12-17 12:59:00,665,665,665,665,0
2021-12-17 13:00:00,665,665,665,665,0
2021-12-17 13:01:00,665,665,665,665,0
2021-12-17 13:02:00,665,665,665,665,0
2021-12-17 13:03:00,665,665,665,665,0
2021-12-17 13:04:00,665,665,665,665,0
2021-12-17 13:05:00,665,665,665,665,0
2021-12-17 13:06:00,665,665,665,665,0
2021-12-17 13:07:00,665,665,665,665,0
2021-12-17 13:08:00,665,665,665,665,0
2021-12-17 13:09:00,665,665,665,665,0
2021-12-17 13:10:00,665,665,665,665,0
2021-12-17 13:11:00,665,665,665,665,0
2021-12-17 13:12:00,665,665,665,665,0
2021-12-17 13:13:00,665,665,665,665,0
2021-12-17 13:14:00,665,665,665,665,0
2021-12-17 13:15:00,665,665,665,665,0
2021-12-17 13:16:00,665,665,665,665,0
2021-12-17 13:17:00,665,665,665,665,0
2021-12-17 13:18:00,665,665,665,665,0
2021-12-17 13:19:00,665,665,665,665,0
2021-12-17 13:20:00,665,665,665,665,0
2021-12-17 13:21:00,665,665,665,665,0
2021-12-17 13:22:00,665,665,665,665,0
2021-12-17 13:23:00,665,665,665,665,0
2021-12-17 13:24:00,665,665,665,665,0
2021-12-17 13:25:00,665,665,665,665,0
2021-12-17 13:26:00,665,665,665,665,0
2021-12-17 13:27:00,665,665,665,665,0
2021-12-17 13:28:00,665,665,665,665,0
2021-12-17 13:29:00,665,665,665,665,0
2021-12-17 13:30:00,660,660,665,665,30200
2021-12-17 13:31:00,660,660,665,665,0
2021-12-17 13:32:00,665,665,665,665,2900
2021-12-17 13:33:00,665,665,665,665,0
2021-12-17 13:34:00,665,665,665,665,0
2021-12-17 13:35:00,665,665,665,665,1200
2021-12-17 13:36:00,665,665,665,665,0
2021-12-17 13:37:00,665,665,665,665,300
2021-12-17 13:38:00,665,665,665,665,0
2021-12-17 13:39:00,665,665,665,665,5500
2021-12-17 13:40:00,665,665,665,665,0
2021-12-17 13:41:00,665,665,665,665,300
2021-12-17 13:42:00,665,665,665,665,0
2021-12-17 13:43:00,660,660,660,660,1000
2021-12-17 13:44:00,660,660,660,660,0
2021-12-17 13:45:00,660,660,660,660,0
2021-12-17 13:46:00,665,665,665,665,500
2021-12-17 13:47:00,665,665,665,665,0
2021-12-17 13:48:00,665,665,665,665,3200
2021-12-17 13:49:00,665,665,665,665,0
2021-12-17 13:50:00,660,660,660,660,2500
2021-12-17 13:51:00,665,665,665,665,200
2021-12-17 13:52:00,665,665,665,665,300
2021-12-17 13:53:00,665,665,665,665,0
2021-12-17 13:54:00,665,665,665,665,0
2021-12-17 13:55:00,665,665,665,665,300
2021-12-17 13:56:00,665,665,665,665,0
2021-12-17 13:57:00,665,665,665,665,0
2021-12-17 13:58:00,665,665,665,665,300
2021-12-17 13:59:00,665,665,665,665,0
2021-12-17 14:00:00,665,665,665,665,0
2021-12-17 14:01:00,665,665,665,665,0
2021-12-17 14:02:00,665,665,665,665,0
2021-12-17 14:03:00,665,665,665,665,6300
2021-12-17 14:04:00,665,665,665,665,1900
2021-12-17 14:05:00,665,665,665,665,0
2021-12-17 14:06:00,665,665,665,665,0
2021-12-17 14:07:00,665,665,665,665,500
2021-12-17 14:08:00,665,665,665,665,0
2021-12-17 14:09:00,665,665,665,665,0
2021-12-17 14:10:00,665,665,665,665,0
2021-12-17 14:11:00,665,665,665,665,0
2021-12-17 14:12:00,665,665,665,665,3000
2021-12-17 14:13:00,665,665,665,665,0
2021-12-17 14:14:00,665,665,665,665,500
2021-12-17 14:15:00,665,665,665,665,0
2021-12-17 14:16:00,665,665,665,665,0
2021-12-17 14:17:00,665,665,665,665,0
2021-12-17 14:18:00,665,665,665,665,200
2021-12-17 14:19:00,665,665,665,665,2000
2021-12-17 14:20:00,665,665,665,665,0
2021-12-17 14:21:00,665,665,665,665,0
2021-12-17 14:22:00,665,665,665,665,0
2021-12-17 14:23:00,665,665,665,665,0
2021-12-17 14:24:00,665,665,665,665,0
2021-12-17 14:25:00,665,665,665,665,0
2021-12-17 14:26:00,665,665,665,665,500
2021-12-17 14:27:00,665,665,665,665,0
2021-12-17 14:28:00,665,665,665,665,400
2021-12-17 14:29:00,665,665,665,665,0
2021-12-17 14:30:00,665,665,665,665,0
2021-12-17 14:31:00,665,665,665,665,0
2021-12-17 14:32:00,665,665,665,665,0
2021-12-17 14:33:00,665,665,665,665,100
2021-12-17 14:34:00,665,665,665,665,300
2021-12-17 14:35:00,665,665,665,665,0
2021-12-17 14:36:00,665,665,665,665,300
2021-12-17 14:37:00,665,665,665,665,0
2021-12-17 14:38:00,665,665,665,665,300
2021-12-17 14:39:00,665,665,665,665,0
2021-12-17 14:40:00,665,665,665,665,500
2021-12-17 14:41:00,665,665,665,665,0
2021-12-17 14:42:00,660,660,660,660,2900
2021-12-17 14:43:00,660,660,660,660,0
2021-12-17 14:44:00,660,660,665,665,1600
2021-12-17 14:45:00,660,660,665,665,0
2021-12-17 14:46:00,665,665,665,665,200
2021-12-17 14:47:00,665,665,665,665,800
2021-12-17 14:48:00,665,665,665,665,2400
2021-12-17 14:49:00,665,665,665,665,400
2021-12-17 14:50:00,665,665,665,665,0
2021-12-17 14:51:00,665,665,665,665,0
2021-12-17 14:52:00,665,665,665,665,0
2021-12-17 14:53:00,665,665,665,665,0
2021-12-17 14:54:00,665,665,665,665,0
2021-12-17 14:55:00,665,665,665,665,0
2021-12-17 14:56:00,665,665,665,665,0
2021-12-17 14:57:00,665,665,665,665,0
2021-12-17 14:58:00,665,665,665,665,0
2021-12-17 14:59:00,665,665,665,665,0
2021-12-17 15:00:00,660,660,660,660,25500
2021-12-17 15:01:00,660,660,660,660,0
2021-12-17 15:02:00,660,660,660,660,0
2021-12-17 15:03:00,660,660,660,660,0
2021-12-17 15:04:00,660,660,660,660,0
2021-12-17 15:05:00,660,660,660,660,0
2021-12-17 15:06:00,660,660,660,660,0
2021-12-17 15:07:00,660,660,660,660,0
2021-12-17 15:08:00,660,660,660,660,0
2021-12-17 15:09:00,660,660,660,660,0
2021-12-17 15:10:00,660,660,660,660,0
2021-12-17 15:11:00,660,660,660,660,0
2021-12-17 15:12:00,660,660,660,660,0
2021-12-17 15:13:00,660,660,660,660,0
2021-12-17 15:14:00,660,660,660,660,0
2021-12-17 15:15:00,660,660,660,660,0
2021-12-17 15:16:00,660,660,660,660,0
2021-12-17 15:17:00,660,660,660,660,0
2021-12-17 15:18:00,660,660,660,660,0
2021-12-17 15:19:00,660,660,660,660,0
2021-12-17 15:20:00,660,660,660,660,0
2021-12-17 15:21:00,660,660,660,660,0
2021-12-17 15:22:00,660,660,660,660,0
2021-12-17 15:23:00,660,660,660,660,0
2021-12-17 15:24:00,660,660,660,660,0
2021-12-17 15:25:00,660,660,660,660,0
2021-12-17 15:26:00,660,660,660,660,0
2021-12-17 15:27:00,660,660,660,660,0
2021-12-17 15:28:00,660,660,660,660,0
2021-12-17 15:29:00,660,660,660,660,0
2021-12-17 15:30:00,660,660,660,660,0
2021-12-17 15:31:00,660,660,660,660,0
2021-12-17 15:32:00,660,660,660,660,0
2021-12-17 15:33:00,660,660,660,660,0
2021-12-17 15:34:00,660,660,660,660,0
2021-12-17 15:35:00,660,660,660,660,0
2021-12-17 15:36:00,660,660,660,660,0
2021-12-17 15:37:00,660,660,660,660,0
2021-12-17 15:38:00,660,660,660,660,0
2021-12-17 15:39:00,660,660,660,660,0
2021-12-17 15:40:00,660,660,660,660,0
2021-12-17 15:41:00,660,660,660,660,0
2021-12-17 15:42:00,660,660,660,660,0
2021-12-17 15:43:00,660,660,660,660,0
2021-12-17 15:44:00,660,660,660,660,0
2021-12-17 15:45:00,660,660,660,660,0
2021-12-17 15:46:00,660,660,660,660,0
2021-12-17 15:47:00,660,660,660,660,0
2021-12-17 15:48:00,660,660,660,660,0
2021-12-17 15:49:00,660,660,660,660,0
2021-12-17 15:50:00,660,660,660,660,0
2021-12-17 15:51:00,660,660,660,660,0
2021-12-17 15:52:00,660,660,660,660,0
2021-12-17 15:53:00,660,660,660,660,0
2021-12-17 15:54:00,660,660,660,660,0
2021-12-17 15:55:00,660,660,660,660,0
2021-12-17 15:56:00,660,660,660,660,0
2021-12-17 15:57:00,660,660,660,660,0
2021-12-17 15:58:00,660,660,660,660,0
2021-12-17 15:59:00,660,660,660,660,0
2021-12-20 09:00:00,660,660,660,660,0
2021-12-20 09:01:00,660,660,660,660,500
2021-12-20 09:02:00,660,660,660,660,0
2021-12-20 09:03:00,660,660,660,660,800
2021-12-20 09:04:00,660,660,660,660,1200
2021-12-20 09:05:00,660,660,660,660,300
2021-12-20 09:06:00,660,660,660,660,400
2021-12-20 09:07:00,660,660,660,660,0
2021-12-20 09:08:00,660,660,660,660,300
2021-12-20 09:09:00,660,660,660,660,0
2021-12-20 09:10:00,660,660,660,660,200
2021-12-20 09:11:00,660,660,660,660,0
2021-12-20 09:12:00,660,660,660,660,300
2021-12-20 09:13:00,660,660,660,660,0
2021-12-20 09:14:00,660,660,660,660,1500
2021-12-20 09:15:00,660,660,660,660,500
2021-12-20 09:16:00,660,660,660,660,0
2021-12-20 09:17:00,660,660,660,660,300
2021-12-20 09:18:00,660,660,660,660,0
2021-12-20 09:19:00,660,660,660,660,0
2021-12-20 09:20:00,660,660,660,660,500
2021-12-20 09:21:00,660,660,660,660,0
2021-12-20 09:22:00,660,660,660,660,0
2021-12-20 09:23:00,660,660,660,660,0
2021-12-20 09:24:00,660,660,660,660,0
2021-12-20 09:25:00,660,660,660,660,0
2021-12-20 09:26:00,655,655,655,655,2100
2021-12-20 09:27:00,660,660,660,660,400
2021-12-20 09:28:00,655,655,655,655,600
2021-12-20 09:29:00,655,655,655,655,0
2021-12-20 09:30:00,660,660,660,660,400
2021-12-20 09:31:00,660,660,660,660,500
2021-12-20 09:32:00,660,660,660,660,0
2021-12-20 09:33:00,660,660,660,660,100
2021-12-20 09:34:00,660,660,660,660,0
2021-12-20 09:35:00,655,655,655,655,2400
2021-12-20 09:36:00,655,655,655,655,0
2021-12-20 09:37:00,655,655,655,655,0
2021-12-20 09:38:00,655,655,655,655,1500
2021-12-20 09:39:00,655,655,655,655,0
2021-12-20 09:40:00,650,650,655,655,3400
2021-12-20 09:41:00,655,650,655,650,8500
2021-12-20 09:42:00,655,655,655,655,200
2021-12-20 09:43:00,655,655,655,655,500
2021-12-20 09:44:00,655,655,655,655,500
2021-12-20 09:45:00,655,655,655,655,0
2021-12-20 09:46:00,660,660,660,660,300
2021-12-20 09:47:00,660,660,660,660,0
2021-12-20 09:48:00,655,655,660,660,1300
2021-12-20 09:49:00,655,655,660,660,0
2021-12-20 09:50:00,655,655,660,660,0
2021-12-20 09:51:00,660,660,660,660,300
2021-12-20 09:52:00,655,655,655,655,100
2021-12-20 09:53:00,660,660,660,660,200
2021-12-20 09:54:00,660,660,660,660,0
2021-12-20 09:55:00,660,660,660,660,0
2021-12-20 09:56:00,660,660,660,660,200
2021-12-20 09:57:00,660,660,660,660,0
2021-12-20 09:58:00,660,660,660,660,200
2021-12-20 09:59:00,660,660,660,660,0
2021-12-20 10:00:00,655,655,660,660,100
2021-12-20 10:01:00,655,655,660,660,0
2021-12-20 10:02:00,655,655,660,660,0
2021-12-20 10:03:00,660,660,660,660,300
2021-12-20 10:04:00,660,660,660,660,0
2021-12-20 10:05:00,660,660,660,660,0
2021-12-20 10:06:00,660,660,660,660,300
2021-12-20 10:07:00,660,660,660,660,0
2021-12-20 10:08:00,660,660,660,660,0
2021-12-20 10:09:00,660,660,660,660,200
2021-12-20 10:10:00,660,660,660,660,0
2021-12-20 10:11:00,660,660,660,660,300
2021-12-20 10:12:00,660,660,660,660,5500
2021-12-20 10:13:00,660,660,660,660,0
2021-12-20 10:14:00,655,655,655,655,500
2021-12-20 10:15:00,655,655,655,655,0
2021-12-20 10:16:00,660,660,660,660,200
2021-12-20 10:17:00,660,660,660,660,200
2021-12-20 10:18:00,660,660,660,660,0
2021-12-20 10:19:00,660,660,660,660,0
2021-12-20 10:20:00,660,660,660,660,200
2021-12-20 10:21:00,660,660,660,660,0
2021-12-20 10:22:00,660,660,660,660,0
2021-12-20 10:23:00,660,660,660,660,0
2021-12-20 10:24:00,660,660,660,660,0
2021-12-20 10:25:00,655,655,660,660,4800
2021-12-20 10:26:00,655,655,660,660,0
2021-12-20 10:27:00,655,655,660,660,0
2021-12-20 10:28:00,655,655,660,660,0
2021-12-20 10:29:00,660,655,660,655,1900
2021-12-20 10:30:00,660,655,660,655,0
2021-12-20 10:31:00,660,660,660,660,300
2021-12-20 10:32:00,660,660,660,660,200
2021-12-20 10:33:00,660,660,660,660,0
2021-12-20 10:34:00,655,655,660,660,1400
2021-12-20 10:35:00,660,660,660,660,200
2021-12-20 10:36:00,660,660,660,660,0
2021-12-20 10:37:00,660,660,660,660,300
2021-12-20 10:38:00,660,660,660,660,0
2021-12-20 10:39:00,660,660,660,660,400
2021-12-20 10:40:00,660,660,660,660,0
2021-12-20 10:41:00,655,655,660,660,1300
2021-12-20 10:42:00,655,655,660,660,0
2021-12-20 10:43:00,655,655,660,660,0
2021-12-20 10:44:00,660,660,660,660,200
2021-12-20 10:45:00,660,660,660,660,0
2021-12-20 10:46:00,660,660,660,660,300
2021-12-20 10:47:00,660,660,660,660,0
2021-12-20 10:48:00,660,660,660,660,0
2021-12-20 10:49:00,660,660,660,660,200
2021-12-20 10:50:00,660,660,660,660,0
2021-12-20 10:51:00,660,660,660,660,0
2021-12-20 10:52:00,660,660,660,660,300
2021-12-20 10:53:00,660,660,660,660,0
2021-12-20 10:54:00,660,660,660,660,0
2021-12-20 10:55:00,660,660,660,660,300
2021-12-20 10:56:00,660,660,660,660,0
2021-12-20 10:57:00,660,660,660,660,0
2021-12-20 10:58:00,660,660,660,660,0
2021-12-20 10:59:00,660,660,660,660,0
2021-12-20 11:00:00,660,660,660,660,300
2021-12-20 11:01:00,655,655,655,655,2300
2021-12-20 11:02:00,660,660,660,660,300
2021-12-20 11:03:00,660,660,660,660,200
2021-12-20 11:04:00,660,660,660,660,0
2021-12-20 11:05:00,660,660,660,660,200
2021-12-20 11:06:00,660,660,660,660,0
2021-12-20 11:07:00,660,660,660,660,200
2021-12-20 11:08:00,660,660,660,660,0
2021-12-20 11:09:00,660,660,660,660,0
2021-12-20 11:10:00,660,660,660,660,200
2021-12-20 11:11:00,660,660,660,660,0
2021-12-20 11:12:00,660,660,660,660,0
2021-12-20 11:13:00,660,660,660,660,1000
2021-12-20 11:14:00,660,660,660,660,0
2021-12-20 11:15:00,660,660,660,660,200
2021-12-20 11:16:00,660,660,660,660,0
2021-12-20 11:17:00,660,660,660,660,200
2021-12-20 11:18:00,660,660,660,660,0
2021-12-20 11:19:00,660,660,660,660,300
2021-12-20 11:20:00,655,655,655,655,100
2021-12-20 11:21:00,655,655,655,655,0
2021-12-20 11:22:00,660,660,660,660,300
2021-12-20 11:23:00,660,660,660,660,200
2021-12-20 11:24:00,660,660,660,660,300
2021-12-20 11:25:00,660,660,660,660,0
2021-12-20 11:26:00,660,660,660,660,200
2021-12-20 11:27:00,660,660,660,660,0
2021-12-20 11:28:00,660,660,660,660,400
2021-12-20 11:29:00,660,660,660,660,200
2021-12-20 11:30:00,660,660,660,660,0
2021-12-20 11:31:00,660,660,660,660,0
2021-12-20 11:32:00,660,660,660,660,0
2021-12-20 11:33:00,660,660,660,660,0
2021-12-20 11:34:00,660,660,660,660,0
2021-12-20 11:35:00,660,660,660,660,0
2021-12-20 11:36:00,660,660,660,660,0
2021-12-20 11:37:00,660,660,660,660,0
2021-12-20 11:38:00,660,660,660,660,0
2021-12-20 11:39:00,660,660,660,660,0
2021-12-20 11:40:00,660,660,660,660,0
2021-12-20 11:41:00,660,660,660,660,0
2021-12-20 11:42:00,660,660,660,660,0
2021-12-20 11:43:00,660,660,660,660,0
2021-12-20 11:44:00,660,660,660,660,0
2021-12-20 11:45:00,660,660,660,660,0
2021-12-20 11:46:00,660,660,660,660,0
2021-12-20 11:47:00,660,660,660,660,0
2021-12-20 11:48:00,660,660,660,660,0
2021-12-20 11:49:00,660,660,660,660,0
2021-12-20 11:50:00,660,660,660,660,0
2021-12-20 11:51:00,660,660,660,660,0
2021-12-20 11:52:00,660,660,660,660,0
2021-12-20 11:53:00,660,660,660,660,0
2021-12-20 11:54:00,660,660,660,660,0
2021-12-20 11:55:00,660,660,660,660,0
2021-12-20 11:56:00,660,660,660,660,0
2021-12-20 11:57:00,660,660,660,660,0
2021-12-20 11:58:00,660,660,660,660,0
2021-12-20 11:59:00,660,660,660,660,0
2021-12-20 12:00:00,660,660,660,660,0
2021-12-20 12:01:00,660,660,660,660,0
2021-12-20 12:02:00,660,660,660,660,0
2021-12-20 12:03:00,660,660,660,660,0
2021-12-20 12:04:00,660,660,660,660,0
2021-12-20 12:05:00,660,660,660,660,0
2021-12-20 12:06:00,660,660,660,660,0
2021-12-20 12:07:00,660,660,660,660,0
2021-12-20 12:08:00,660,660,660,660,0
2021-12-20 12:09:00,660,660,660,660,0
2021-12-20 12:10:00,660,660,660,660,0
2021-12-20 12:11:00,660,660,660,660,0
2021-12-20 12:12:00,660,660,660,660,0
2021-12-20 12:13:00,660,660,660,660,0
2021-12-20 12:14:00,660,660,660,660,0
2021-12-20 12:15:00,660,660,660,660,0
2021-12-20 12:16:00,660,660,660,660,0
2021-12-20 12:17:00,660,660,660,660,0
2021-12-20 12:18:00,660,660,660,660,0
2021-12-20 12:19:00,660,660,660,660,0
2021-12-20 12:20:00,660,660,660,660,0
2021-12-20 12:21:00,660,660,660,660,0
2021-12-20 12:22:00,660,660,660,660,0
2021-12-20 12:23:00,660,660,660,660,0
2021-12-20 12:24:00,660,660,660,660,0
2021-12-20 12:25:00,660,660,660,660,0
2021-12-20 12:26:00,660,660,660,660,0
2021-12-20 12:27:00,660,660,660,660,0
2021-12-20 12:28:00,660,660,660,660,0
2021-12-20 12:29:00,660,660,660,660,0
2021-12-20 12:30:00,660,660,660,660,0
2021-12-20 12:31:00,660,660,660,660,0
2021-12-20 12:32:00,660,660,660,660,0
2021-12-20 12:33:00,660,660,660,660,0
2021-12-20 12:34:00,660,660,660,660,0
2021-12-20 12:35:00,660,660,660,660,0
2021-12-20 12:36:00,660,660,660,660,0
2021-12-20 12:37:00,660,660,660,660,0
2021-12-20 12:38:00,660,660,660,660,0
2021-12-20 12:39:00,660,660,660,660,0
2021-12-20 12:40:00,660,660,660,660,0
2021-12-20 12:41:00,660,660,660,660,0
2021-12-20 12:42:00,660,660,660,660,0
2021-12-20 12:43:00,660,660,660,660,0
2021-12-20 12:44:00,660,660,660,660,0
2021-12-20 12:45:00,660,660,660,660,0
2021-12-20 12:46:00,660,660,660,660,0
2021-12-20 12:47:00,660,660,660,660,0
2021-12-20 12:48:00,660,660,660,660,0
2021-12-20 12:49:00,660,660,660,660,0
2021-12-20 12:50:00,660,660,660,660,0
2021-12-20 12:51:00,660,660,660,660,0
2021-12-20 12:52:00,660,660,660,660,0
2021-12-20 12:53:00,660,660,660,660,0
2021-12-20 12:54:00,660,660,660,660,0
2021-12-20 12:55:00,660,660,660,660,0
2021-12-20 12:56:00,660,660,660,660,0
2021-12-20 12:57:00,660,660,660,660,0
2021-12-20 12:58:00,660,660,660,660,0
2021-12-20 12:59:00,660,660,660,660,0
2021-12-20 13:00:00,660,660,660,660,0
2021-12-20 13:01:00,660,660,660,660,0
2021-12-20 13:02:00,660,660,660,660,0
2021-12-20 13:03:00,660,660,660,660,0
2021-12-20 13:04:00,660,660,660,660,0
2021-12-20 13:05:00,660,660,660,660,0
2021-12-20 13:06:00,660,660,660,660,0
2021-12-20 13:07:00,660,660,660,660,0
2021-12-20 13:08:00,660,660,660,660,0
2021-12-20 13:09:00,660,660,660,660,0
2021-12-20 13:10:00,660,660,660,660,0
2021-12-20 13:11:00,660,660,660,660,0
2021-12-20 13:12:00,660,660,660,660,0
2021-12-20 13:13:00,660,660,660,660,0
2021-12-20 13:14:00,660,660,660,660,0
2021-12-20 13:15:00,660,660,660,660,0
2021-12-20 13:16:00,660,660,660,660,0
2021-12-20 13:17:00,660,660,660,660,0
2021-12-20 13:18:00,660,660,660,660,0
2021-12-20 13:19:00,660,660,660,660,0
2021-12-20 13:20:00,660,660,660,660,0
2021-12-20 13:21:00,660,660,660,660,0
2021-12-20 13:22:00,660,660,660,660,0
2021-12-20 13:23:00,660,660,660,660,0
2021-12-20 13:24:00,660,660,660,660,0
2021-12-20 13:25:00,660,660,660,660,0
2021-12-20 13:26:00,660,660,660,660,0
2021-12-20 13:27:00,660,660,660,660,0
2021-12-20 13:28:00,660,660,660,660,0
2021-12-20 13:29:00,660,660,660,660,0
2021-12-20 13:30:00,655,655,660,660,3600
2021-12-20 13:31:00,655,655,660,660,0
2021-12-20 13:32:00,660,660,660,660,300
2021-12-20 13:33:00,660,660,660,660,0
2021-12-20 13:34:00,660,660,660,660,300
2021-12-20 13:35:00,660,660,660,660,300
2021-12-20 13:36:00,660,660,660,660,0
2021-12-20 13:37:00,660,660,660,660,500
2021-12-20 13:38:00,660,660,660,660,200
2021-12-20 13:39:00,660,660,660,660,200
2021-12-20 13:40:00,660,660,660,660,0
2021-12-20 13:41:00,660,660,660,660,200
2021-12-20 13:42:00,660,660,660,660,0
2021-12-20 13:43:00,660,660,660,660,600
2021-12-20 13:44:00,660,660,660,660,0
2021-12-20 13:45:00,660,660,660,660,0
2021-12-20 13:46:00,655,655,655,655,100
2021-12-20 13:47:00,660,660,660,660,500
2021-12-20 13:48:00,660,660,660,660,0
2021-12-20 13:49:00,660,660,660,660,0
2021-12-20 13:50:00,660,660,660,660,0
2021-12-20 13:51:00,660,660,660,660,0
2021-12-20 13:52:00,660,660,660,660,0
2021-12-20 13:53:00,660,655,660,660,5200
2021-12-20 13:54:00,660,660,660,660,300
2021-12-20 13:55:00,655,655,655,655,2100
2021-12-20 13:56:00,655,655,655,655,0
2021-12-20 13:57:00,660,660,660,660,800
2021-12-20 13:58:00,660,660,660,660,300
2021-12-20 13:59:00,655,655,655,655,2300
2021-12-20 14:00:00,655,655,655,655,200
2021-12-20 14:01:00,655,655,655,655,2500
2021-12-20 14:02:00,655,655,655,655,0
2021-12-20 14:03:00,655,655,655,655,0
2021-12-20 14:04:00,655,655,655,655,3400
2021-12-20 14:05:00,655,655,655,655,0
2021-12-20 14:06:00,655,655,655,655,600
2021-12-20 14:07:00,655,655,655,655,4000
2021-12-20 14:08:00,655,655,655,655,0
2021-12-20 14:09:00,655,655,655,655,1000
2021-12-20 14:10:00,655,655,655,655,0
2021-12-20 14:11:00,655,655,655,655,300
2021-12-20 14:12:00,655,655,655,655,0
2021-12-20 14:13:00,655,640,655,640,58800
2021-12-20 14:14:00,655,655,655,655,2100
2021-12-20 14:15:00,655,655,655,655,0
2021-12-20 14:16:00,655,655,655,655,0
2021-12-20 14:17:00,655,655,655,655,0
2021-12-20 14:18:00,655,655,655,655,0
2021-12-20 14:19:00,655,655,655,655,200
2021-12-20 14:20:00,655,655,655,655,300
2021-12-20 14:21:00,655,655,655,655,2400
2021-12-20 14:22:00,655,655,655,655,3000
2021-12-20 14:23:00,655,655,655,655,0
2021-12-20 14:24:00,655,655,655,655,0
2021-12-20 14:25:00,655,650,655,650,3600
2021-12-20 14:26:00,650,650,655,655,500
2021-12-20 14:27:00,650,650,655,655,0
2021-12-20 14:28:00,650,650,655,655,200
2021-12-20 14:29:00,650,650,650,650,1500
2021-12-20 14:30:00,650,650,650,650,0
2021-12-20 14:31:00,650,650,650,650,0
2021-12-20 14:32:00,650,650,650,650,5200
2021-12-20 14:33:00,650,650,650,650,3000
2021-12-20 14:34:00,650,650,650,650,1400
2021-12-20 14:35:00,650,650,650,650,1100
2021-12-20 14:36:00,650,650,650,650,3000
2021-12-20 14:37:00,650,650,650,650,800
2021-12-20 14:38:00,650,650,650,650,1000
2021-12-20 14:39:00,645,645,645,645,4900
2021-12-20 14:40:00,650,650,650,650,300
2021-12-20 14:41:00,650,650,650,650,2900
2021-12-20 14:42:00,650,650,650,650,1700
2021-12-20 14:43:00,650,650,650,650,1700
2021-12-20 14:44:00,650,650,650,650,0
2021-12-20 14:45:00,650,650,650,650,5200
2021-12-20 14:46:00,650,650,650,650,800
2021-12-20 14:47:00,650,650,655,655,1200
2021-12-20 14:48:00,655,655,655,655,1400
2021-12-20 14:49:00,655,655,655,655,600
2021-12-20 14:50:00,655,655,655,655,0
2021-12-20 14:51:00,655,655,655,655,0
2021-12-20 14:52:00,655,655,655,655,0
2021-12-20 14:53:00,655,655,655,655,0
2021-12-20 14:54:00,655,655,655,655,0
2021-12-20 14:55:00,655,655,655,655,0
2021-12-20 14:56:00,655,655,655,655,0
2021-12-20 14:57:00,655,655,655,655,0
2021-12-20 14:58:00,655,655,655,655,0
2021-12-20 14:59:00,655,655,655,655,0
2021-12-20 15:00:00,655,655,655,655,60300
2021-12-20 15:01:00,655,655,655,655,0
2021-12-20 15:02:00,655,655,655,655,0
2021-12-20 15:03:00,655,655,655,655,0
2021-12-20 15:04:00,655,655,655,655,0
2021-12-20 15:05:00,655,655,655,655,0
2021-12-20 15:06:00,655,655,655,655,0
2021-12-20 15:07:00,655,655,655,655,1000
2021-12-20 15:08:00,655,655,655,655,0
2021-12-20 15:09:00,655,655,655,655,100
2021-12-20 15:10:00,655,655,655,655,0
2021-12-20 15:11:00,655,655,655,655,0
2021-12-20 15:12:00,655,655,655,655,0
2021-12-20 15:13:00,655,655,655,655,0
2021-12-20 15:14:00,655,655,655,655,1100
2021-12-20 15:15:00,655,655,655,655,0
2021-12-20 15:16:00,655,655,655,655,0
2021-12-20 15:17:00,655,655,655,655,0
2021-12-20 15:18:00,655,655,655,655,0
2021-12-20 15:19:00,655,655,655,655,0
2021-12-20 15:20:00,655,655,655,655,0
2021-12-20 15:21:00,655,655,655,655,0
2021-12-20 15:22:00,655,655,655,655,0
2021-12-20 15:23:00,655,655,655,655,0
2021-12-20 15:24:00,655,655,655,655,0
2021-12-20 15:25:00,655,655,655,655,0
2021-12-20 15:26:00,655,655,655,655,0
2021-12-20 15:27:00,655,655,655,655,0
2021-12-20 15:28:00,655,655,655,655,0
2021-12-20 15:29:00,655,655,655,655,0
2021-12-20 15:30:00,655,655,655,655,0
2021-12-20 15:31:00,655,655,655,655,0
2021-12-20 15:32:00,655,655,655,655,0
2021-12-20 15:33:00,655,655,655,655,0
2021-12-20 15:34:00,655,655,655,655,0
2021-12-20 15:35:00,655,655,655,655,0
2021-12-20 15:36:00,655,655,655,655,0
2021-12-20 15:37:00,655,655,655,655,0
2021-12-20 15:38:00,655,655,655,655,0
2021-12-20 15:39:00,655,655,655,655,0
2021-12-20 15:40:00,655,655,655,655,0
2021-12-20 15:41:00,655,655,655,655,0
2021-12-20 15:42:00,655,655,655,655,0
2021-12-20 15:43:00,655,655,655,655,0
2021-12-20 15:44:00,655,655,655,655,0
2021-12-20 15:45:00,655,655,655,655,0
2021-12-20 15:46:00,655,655,655,655,0
2021-12-20 15:47:00,655,655,655,655,0
2021-12-20 15:48:00,655,655,655,655,0
2021-12-20 15:49:00,655,655,655,655,0
2021-12-20 15:50:00,655,655,655,655,0
2021-12-20 15:51:00,655,655,655,655,0
2021-12-20 15:52:00,655,655,655,655,0
2021-12-20 15:53:00,655,655,655,655,0
2021-12-20 15:54:00,655,655,655,655,0
2021-12-20 15:55:00,655,655,655,655,0
2021-12-20 15:56:00,655,655,655,655,0
2021-12-20 15:57:00,655,655,655,655,0
2021-12-20 15:58:00,655,655,655,655,0
2021-12-20 15:59:00,655,655,655,655,0
2021-12-21 09:00:00,655,655,655,655,0
2021-12-21 09:01:00,660,660,660,660,200
2021-12-21 09:02:00,660,660,660,660,200
2021-12-21 09:03:00,660,660,660,660,300
2021-12-21 09:04:00,660,660,660,660,0
2021-12-21 09:05:00,660,660,660,660,2000
2021-12-21 09:06:00,655,655,655,655,1500
2021-12-21 09:07:00,655,655,655,655,200
2021-12-21 09:08:00,655,655,660,660,1200
2021-12-21 09:09:00,660,660,660,660,300
2021-12-21 09:10:00,660,655,660,655,1400
2021-12-21 09:11:00,655,655,655,655,200
2021-12-21 09:12:00,655,655,655,655,500
2021-12-21 09:13:00,655,655,655,655,0
2021-12-21 09:14:00,655,655,655,655,200
2021-12-21 09:15:00,655,655,655,655,0
2021-12-21 09:16:00,655,655,655,655,300
2021-12-21 09:17:00,655,655,655,655,0
2021-12-21 09:18:00,655,655,655,655,200
2021-12-21 09:19:00,655,655,655,655,0
2021-12-21 09:20:00,655,655,655,655,300
2021-12-21 09:21:00,655,655,655,655,0
2021-12-21 09:22:00,655,655,655,655,200
2021-12-21 09:23:00,655,655,655,655,0
2021-12-21 09:24:00,655,655,655,655,0
2021-12-21 09:25:00,655,655,655,655,0
2021-12-21 09:26:00,655,655,655,655,300
2021-12-21 09:27:00,655,655,655,655,0
2021-12-21 09:28:00,655,655,655,655,0
2021-12-21 09:29:00,655,655,655,655,200
2021-12-21 09:30:00,655,655,655,655,0
2021-12-21 09:31:00,655,655,655,655,0
2021-12-21 09:32:00,655,655,655,655,1200
2021-12-21 09:33:00,655,655,655,655,200
2021-12-21 09:34:00,655,655,655,655,9100
2021-12-21 09:35:00,655,655,655,655,300
2021-12-21 09:36:00,655,655,655,655,0
2021-12-21 09:37:00,655,655,655,655,400
2021-12-21 09:38:00,655,655,655,655,1200
2021-12-21 09:39:00,655,655,655,655,0
2021-12-21 09:40:00,655,655,655,655,0
2021-12-21 09:41:00,655,655,655,655,300
2021-12-21 09:42:00,655,655,655,655,0
2021-12-21 09:43:00,655,655,655,655,0
2021-12-21 09:44:00,655,655,655,655,0
2021-12-21 09:45:00,655,655,655,655,50000
2021-12-21 09:46:00,655,655,655,655,200
2021-12-21 09:47:00,655,655,655,655,0
2021-12-21 09:48:00,655,655,655,655,1800
2021-12-21 09:49:00,655,655,655,655,0
2021-12-21 09:50:00,650,650,655,655,2300
2021-12-21 09:51:00,650,650,650,650,9500
2021-12-21 09:52:00,650,650,650,650,800
2021-12-21 09:53:00,655,655,655,655,800
2021-12-21 09:54:00,655,655,655,655,3200
2021-12-21 09:55:00,655,655,655,655,600
2021-12-21 09:56:00,655,655,655,655,900
2021-12-21 09:57:00,655,655,655,655,0
2021-12-21 09:58:00,655,655,655,655,2000
2021-12-21 09:59:00,655,655,655,655,0
2021-12-21 10:00:00,655,655,655,655,300
2021-12-21 10:01:00,655,655,655,655,0
2021-12-21 10:02:00,655,655,655,655,300
2021-12-21 10:03:00,655,655,655,655,0
2021-12-21 10:04:00,655,655,655,655,0
2021-12-21 10:05:00,655,655,655,655,200
2021-12-21 10:06:00,655,655,655,655,300
2021-12-21 10:07:00,655,655,655,655,0
2021-12-21 10:08:00,655,655,655,655,200
2021-12-21 10:09:00,655,655,655,655,0
2021-12-21 10:10:00,655,655,655,655,200
2021-12-21 10:11:00,655,655,655,655,0
2021-12-21 10:12:00,655,655,655,655,200
2021-12-21 10:13:00,655,655,655,655,0
2021-12-21 10:14:00,655,655,655,655,300
2021-12-21 10:15:00,655,655,655,655,0
2021-12-21 10:16:00,655,655,655,655,300
2021-12-21 10:17:00,655,655,655,655,0
2021-12-21 10:18:00,655,655,655,655,1200
2021-12-21 10:19:00,655,655,655,655,0
2021-12-21 10:20:00,655,655,655,655,300
2021-12-21 10:21:00,655,655,655,655,0
2021-12-21 10:22:00,655,655,655,655,0
2021-12-21 10:23:00,655,655,655,655,200
2021-12-21 10:24:00,655,655,655,655,0
2021-12-21 10:25:00,655,655,655,655,200
2021-12-21 10:26:00,655,655,655,655,0
2021-12-21 10:27:00,655,655,655,655,300
2021-12-21 10:28:00,655,655,655,655,0
2021-12-21 10:29:00,655,655,655,655,0
2021-12-21 10:30:00,655,655,655,655,0
2021-12-21 10:31:00,655,655,655,655,0
2021-12-21 10:32:00,655,655,655,655,300
2021-12-21 10:33:00,655,655,655,655,0
2021-12-21 10:34:00,655,655,655,655,1200
2021-12-21 10:35:00,655,655,655,655,0
2021-12-21 10:36:00,655,655,655,655,0
2021-12-21 10:37:00,655,655,655,655,300
2021-12-21 10:38:00,655,655,655,655,0
2021-12-21 10:39:00,655,655,655,655,400
2021-12-21 10:40:00,655,650,655,650,2900
2021-12-21 10:41:00,650,650,650,650,700
2021-12-21 10:42:00,650,650,650,650,1100
2021-12-21 10:43:00,650,650,650,650,700
2021-12-21 10:44:00,650,650,650,650,1000
2021-12-21 10:45:00,650,650,650,650,1000
2021-12-21 10:46:00,650,650,650,650,1300
2021-12-21 10:47:00,650,650,650,650,700
2021-12-21 10:48:00,650,650,650,650,0
2021-12-21 10:49:00,650,650,650,650,0
2021-12-21 10:50:00,650,650,650,650,0
2021-12-21 10:51:00,650,650,650,650,0
2021-12-21 10:52:00,650,650,650,650,0
2021-12-21 10:53:00,650,650,650,650,400
2021-12-21 10:54:00,650,650,650,650,0
2021-12-21 10:55:00,650,650,650,650,2600
2021-12-21 10:56:00,650,650,650,650,0
2021-12-21 10:57:00,650,650,650,650,0
2021-12-21 10:58:00,650,650,650,650,300
2021-12-21 10:59:00,650,650,650,650,700
2021-12-21 11:00:00,650,650,650,650,2900
2021-12-21 11:01:00,650,645,655,655,5500
2021-12-21 11:02:00,655,655,655,655,300
2021-12-21 11:03:00,655,655,655,655,300
2021-12-21 11:04:00,655,655,655,655,0
2021-12-21 11:05:00,655,655,655,655,200
2021-12-21 11:06:00,655,655,655,655,0
2021-12-21 11:07:00,655,655,655,655,0
2021-12-21 11:08:00,655,655,655,655,300
2021-12-21 11:09:00,655,655,655,655,0
2021-12-21 11:10:00,655,650,655,650,1400
2021-12-21 11:11:00,650,650,650,650,200
2021-12-21 11:12:00,650,650,650,650,200
2021-12-21 11:13:00,650,650,650,650,0
2021-12-21 11:14:00,650,650,650,650,300
2021-12-21 11:15:00,650,650,650,650,0
2021-12-21 11:16:00,650,650,650,650,300
2021-12-21 11:17:00,650,650,650,650,0
2021-12-21 11:18:00,650,650,650,650,300
2021-12-21 11:19:00,650,650,650,650,0
2021-12-21 11:20:00,650,650,650,650,0
2021-12-21 11:21:00,650,650,650,650,0
2021-12-21 11:22:00,650,650,650,650,300
2021-12-21 11:23:00,650,650,650,650,0
2021-12-21 11:24:00,650,650,650,650,0
2021-12-21 11:25:00,650,650,650,650,200
2021-12-21 11:26:00,650,650,650,650,200
2021-12-21 11:27:00,650,650,650,650,200
2021-12-21 11:28:00,650,650,650,650,0
2021-12-21 11:29:00,650,650,650,650,300
2021-12-21 11:30:00,650,650,650,650,0
2021-12-21 11:31:00,650,650,650,650,0
2021-12-21 11:32:00,650,650,650,650,0
2021-12-21 11:33:00,650,650,650,650,0
2021-12-21 11:34:00,650,650,650,650,0
2021-12-21 11:35:00,650,650,650,650,0
2021-12-21 11:36:00,650,650,650,650,0
2021-12-21 11:37:00,650,650,650,650,0
2021-12-21 11:38:00,650,650,650,650,0
2021-12-21 11:39:00,650,650,650,650,0
2021-12-21 11:40:00,650,650,650,650,0
2021-12-21 11:41:00,650,650,650,650,0
2021-12-21 11:42:00,650,650,650,650,0
2021-12-21 11:43:00,650,650,650,650,0
2021-12-21 11:44:00,650,650,650,650,0
2021-12-21 11:45:00,650,650,650,650,0
2021-12-21 11:46:00,650,650,650,650,0
2021-12-21 11:47:00,650,650,650,650,0
2021-12-21 11:48:00,650,650,650,650,0
2021-12-21 11:49:00,650,650,650,650,0
2021-12-21 11:50:00,650,650,650,650,0
2021-12-21 11:51:00,650,650,650,650,0
2021-12-21 11:52:00,650,650,650,650,0
2021-12-21 11:53:00,650,650,650,650,0
2021-12-21 11:54:00,650,650,650,650,0
2021-12-21 11:55:00,650,650,650,650,0
2021-12-21 11:56:00,650,650,650,650,0
2021-12-21 11:57:00,650,650,650,650,0
2021-12-21 11:58:00,650,650,650,650,0
2021-12-21 11:59:00,650,650,650,650,0
2021-12-21 12:00:00,650,650,650,650,0
2021-12-21 12:01:00,650,650,650,650,0
2021-12-21 12:02:00,650,650,650,650,0
2021-12-21 12:03:00,650,650,650,650,0
2021-12-21 12:04:00,650,650,650,650,0
2021-12-21 12:05:00,650,650,650,650,0
2021-12-21 12:06:00,650,650,650,650,0
2021-12-21 12:07:00,650,650,650,650,0
2021-12-21 12:08:00,650,650,650,650,0
2021-12-21 12:09:00,650,650,650,650,0
2021-12-21 12:10:00,650,650,650,650,0
2021-12-21 12:11:00,650,650,650,650,0
2021-12-21 12:12:00,650,650,650,650,0
2021-12-21 12:13:00,650,650,650,650,0
2021-12-21 12:14:00,650,650,650,650,0
2021-12-21 12:15:00,650,650,650,650,0
2021-12-21 12:16:00,650,650,650,650,0
2021-12-21 12:17:00,650,650,650,650,0
2021-12-21 12:18:00,650,650,650,650,0
2021-12-21 12:19:00,650,650,650,650,0
2021-12-21 12:20:00,650,650,650,650,0
2021-12-21 12:21:00,650,650,650,650,0
2021-12-21 12:22:00,650,650,650,650,0
2021-12-21 12:23:00,650,650,650,650,0
2021-12-21 12:24:00,650,650,650,650,0
2021-12-21 12:25:00,650,650,650,650,0
2021-12-21 12:26:00,650,650,650,650,0
2021-12-21 12:27:00,650,650,650,650,0
2021-12-21 12:28:00,650,650,650,650,0
2021-12-21 12:29:00,650,650,650,650,0
2021-12-21 12:30:00,650,650,650,650,0
2021-12-21 12:31:00,650,650,650,650,0
2021-12-21 12:32:00,650,650,650,650,0
2021-12-21 12:33:00,650,650,650,650,0
2021-12-21 12:34:00,650,650,650,650,0
2021-12-21 12:35:00,650,650,650,650,0
2021-12-21 12:36:00,650,650,650,650,0
2021-12-21 12:37:00,650,650,650,650,0
2021-12-21 12:38:00,650,650,650,650,0
2021-12-21 12:39:00,650,650,650,650,0
2021-12-21 12:40:00,650,650,650,650,0
2021-12-21 12:41:00,650,650,650,650,0
2021-12-21 12:42:00,650,650,650,650,0
2021-12-21 12:43:00,650,650,650,650,0
2021-12-21 12:44:00,650,650,650,650,0
2021-12-21 12:45:00,650,650,650,650,0
2021-12-21 12:46:00,650,650,650,650,0
2021-12-21 12:47:00,650,650,650,650,0
2021-12-21 12:48:00,650,650,650,650,0
2021-12-21 12:49:00,650,650,650,650,0
2021-12-21 12:50:00,650,650,650,650,0
2021-12-21 12:51:00,650,650,650,650,0
2021-12-21 12:52:00,650,650,650,650,0
2021-12-21 12:53:00,650,650,650,650,0
2021-12-21 12:54:00,650,650,650,650,0
2021-12-21 12:55:00,650,650,650,650,0
2021-12-21 12:56:00,650,650,650,650,0
2021-12-21 12:57:00,650,650,650,650,0
2021-12-21 12:58:00,650,650,650,650,0
2021-12-21 12:59:00,650,650,650,650,0
2021-12-21 13:00:00,650,650,650,650,0
2021-12-21 13:01:00,650,650,650,650,0
2021-12-21 13:02:00,650,650,650,650,0
2021-12-21 13:03:00,650,650,650,650,0
2021-12-21 13:04:00,650,650,650,650,0
2021-12-21 13:05:00,650,650,650,650,0
2021-12-21 13:06:00,650,650,650,650,0
2021-12-21 13:07:00,650,650,650,650,0
2021-12-21 13:08:00,650,650,650,650,0
2021-12-21 13:09:00,650,650,650,650,0
2021-12-21 13:10:00,650,650,650,650,0
2021-12-21 13:11:00,650,650,650,650,0
2021-12-21 13:12:00,650,650,650,650,0
2021-12-21 13:13:00,650,650,650,650,0
2021-12-21 13:14:00,650,650,650,650,0
2021-12-21 13:15:00,650,650,650,650,0
2021-12-21 13:16:00,650,650,650,650,0
2021-12-21 13:17:00,650,650,650,650,0
2021-12-21 13:18:00,650,650,650,650,0
2021-12-21 13:19:00,650,650,650,650,0
2021-12-21 13:20:00,650,650,650,650,0
2021-12-21 13:21:00,650,650,650,650,0
2021-12-21 13:22:00,650,650,650,650,0
2021-12-21 13:23:00,650,650,650,650,0
2021-12-21 13:24:00,650,650,650,650,0
2021-12-21 13:25:00,650,650,650,650,0
2021-12-21 13:26:00,650,650,650,650,0
2021-12-21 13:27:00,650,650,650,650,0
2021-12-21 13:28:00,650,650,650,650,0
2021-12-21 13:29:00,650,650,650,650,0
2021-12-21 13:30:00,650,650,650,650,0
2021-12-21 13:31:00,650,650,650,650,0
2021-12-21 13:32:00,650,650,650,650,0
2021-12-21 13:33:00,650,650,650,650,800
2021-12-21 13:34:00,650,650,650,650,900
2021-12-21 13:35:00,650,650,650,650,0
2021-12-21 13:36:00,650,650,650,650,900
2021-12-21 13:37:00,650,650,650,650,0
2021-12-21 13:38:00,650,650,650,650,1000
2021-12-21 13:39:00,650,650,650,650,0
2021-12-21 13:40:00,650,650,650,650,0
2021-12-21 13:41:00,650,650,650,650,0
2021-12-21 13:42:00,650,650,650,650,0
2021-12-21 13:43:00,650,650,650,650,0
2021-12-21 13:44:00,650,650,650,650,0
2021-12-21 13:45:00,650,650,650,650,0
2021-12-21 13:46:00,650,650,650,650,0
2021-12-21 13:47:00,650,650,650,650,0
2021-12-21 13:48:00,645,645,645,645,12700
2021-12-21 13:49:00,645,645,655,655,2100
2021-12-21 13:50:00,645,645,655,655,0
2021-12-21 13:51:00,655,655,655,655,6200
2021-12-21 13:52:00,655,655,655,655,0
2021-12-21 13:53:00,655,655,655,655,0
2021-12-21 13:54:00,655,655,655,655,0
2021-12-21 13:55:00,655,655,655,655,0
2021-12-21 13:56:00,655,655,655,655,0
2021-12-21 13:57:00,655,655,655,655,0
2021-12-21 13:58:00,655,655,655,655,0
2021-12-21 13:59:00,655,655,655,655,0
2021-12-21 14:00:00,655,655,655,655,0
2021-12-21 14:01:00,655,655,655,655,0
2021-12-21 14:02:00,655,655,655,655,0
2021-12-21 14:03:00,655,655,655,655,0
2021-12-21 14:04:00,655,655,655,655,0
2021-12-21 14:05:00,655,655,655,655,0
2021-12-21 14:06:00,655,655,655,655,0
2021-12-21 14:07:00,655,655,655,655,0
2021-12-21 14:08:00,655,655,655,655,0
2021-12-21 14:09:00,655,655,655,655,0
2021-12-21 14:10:00,655,655,655,655,0
2021-12-21 14:11:00,655,655,655,655,0
2021-12-21 14:12:00,655,655,655,655,0
2021-12-21 14:13:00,655,655,655,655,1000
2021-12-21 14:14:00,655,655,655,655,0
2021-12-21 14:15:00,655,655,655,655,0
2021-12-21 14:16:00,655,655,655,655,0
2021-12-21 14:17:00,655,655,655,655,0
2021-12-21 14:18:00,655,655,655,655,0
2021-12-21 14:19:00,655,655,655,655,0
2021-12-21 14:20:00,655,655,655,655,0
2021-12-21 14:21:00,655,655,655,655,0
2021-12-21 14:22:00,655,655,655,655,0
2021-12-21 14:23:00,655,655,655,655,900
2021-12-21 14:24:00,655,655,655,655,0
2021-12-21 14:25:00,650,650,650,650,5900
2021-12-21 14:26:00,650,650,650,650,0
2021-12-21 14:27:00,650,650,650,650,0
2021-12-21 14:28:00,655,655,655,655,800
2021-12-21 14:29:00,655,655,655,655,0
2021-12-21 14:30:00,655,655,655,655,0
2021-12-21 14:31:00,655,655,655,655,0
2021-12-21 14:32:00,655,655,655,655,0
2021-12-21 14:33:00,655,655,655,655,0
2021-12-21 14:34:00,655,655,655,655,0
2021-12-21 14:35:00,655,655,655,655,0
2021-12-21 14:36:00,655,655,655,655,0
2021-12-21 14:37:00,655,655,655,655,800
2021-12-21 14:38:00,655,655,655,655,0
2021-12-21 14:39:00,655,655,655,655,0
2021-12-21 14:40:00,650,650,650,650,100
2021-12-21 14:41:00,650,650,650,650,0
2021-12-21 14:42:00,655,655,655,655,300
2021-12-21 14:43:00,655,655,655,655,0
2021-12-21 14:44:00,655,655,655,655,0
2021-12-21 14:45:00,655,645,655,645,7300
2021-12-21 14:46:00,655,645,655,645,0
2021-12-21 14:47:00,655,655,655,655,200
2021-12-21 14:48:00,655,655,655,655,200
2021-12-21 14:49:00,655,655,655,655,3700
2021-12-21 14:50:00,655,655,655,655,0
2021-12-21 14:51:00,655,655,655,655,0
2021-12-21 14:52:00,655,655,655,655,0
2021-12-21 14:53:00,655,655,655,655,0
2021-12-21 14:54:00,655,655,655,655,0
2021-12-21 14:55:00,655,655,655,655,0
2021-12-21 14:56:00,655,655,655,655,0
2021-12-21 14:57:00,655,655,655,655,0
2021-12-21 14:58:00,655,655,655,655,0
2021-12-21 14:59:00,655,655,655,655,0
2021-12-21 15:00:00,655,655,655,655,22000
2021-12-21 15:01:00,655,655,655,655,0
2021-12-21 15:02:00,655,655,655,655,0
2021-12-21 15:03:00,655,655,655,655,0
2021-12-21 15:04:00,655,655,655,655,0
2021-12-21 15:05:00,655,655,655,655,0
2021-12-21 15:06:00,655,655,655,655,2000
2021-12-21 15:07:00,655,655,655,655,0
2021-12-21 15:08:00,655,655,655,655,0
2021-12-21 15:09:00,655,655,655,655,0
2021-12-21 15:10:00,655,655,655,655,0
2021-12-21 15:11:00,655,655,655,655,0
2021-12-21 15:12:00,655,655,655,655,0
2021-12-21 15:13:00,655,655,655,655,0
2021-12-21 15:14:00,655,655,655,655,0
2021-12-21 15:15:00,655,655,655,655,0
2021-12-21 15:16:00,655,655,655,655,0
2021-12-21 15:17:00,655,655,655,655,0
2021-12-21 15:18:00,655,655,655,655,0
2021-12-21 15:19:00,655,655,655,655,0
2021-12-21 15:20:00,655,655,655,655,0
2021-12-21 15:21:00,655,655,655,655,0
2021-12-21 15:22:00,655,655,655,655,0
2021-12-21 15:23:00,655,655,655,655,0
2021-12-21 15:24:00,655,655,655,655,0
2021-12-21 15:25:00,655,655,655,655,0
2021-12-21 15:26:00,655,655,655,655,0
2021-12-21 15:27:00,655,655,655,655,0
2021-12-21 15:28:00,655,655,655,655,0
2021-12-21 15:29:00,655,655,655,655,0
2021-12-21 15:30:00,655,655,655,655,0
2021-12-21 15:31:00,655,655,655,655,0
2021-12-21 15:32:00,655,655,655,655,0
2021-12-21 15:33:00,655,655,655,655,0
2021-12-21 15:34:00,655,655,655,655,0
2021-12-21 15:35:00,655,655,655,655,0
2021-12-21 15:36:00,655,655,655,655,0
2021-12-21 15:37:00,655,655,655,655,0
2021-12-21 15:38:00,655,655,655,655,0
2021-12-21 15:39:00,655,655,655,655,0
2021-12-21 15:40:00,655,655,655,655,0
2021-12-21 15:41:00,655,655,655,655,0
2021-12-21 15:42:00,655,655,655,655,0
2021-12-21 15:43:00,655,655,655,655,0
2021-12-21 15:44:00,655,655,655,655,0
2021-12-21 15:45:00,655,655,655,655,0
2021-12-21 15:46:00,655,655,655,655,0
2021-12-21 15:47:00,655,655,655,655,0
2021-12-21 15:48:00,655,655,655,655,0
2021-12-21 15:49:00,655,655,655,655,0
2021-12-21 15:50:00,655,655,655,655,0
2021-12-21 15:51:00,655,655,655,655,0
2021-12-21 15:52:00,655,655,655,655,0
2021-12-21 15:53:00,655,655,655,655,0
2021-12-21 15:54:00,655,655,655,655,0
2021-12-21 15:55:00,655,655,655,655,0
2021-12-21 15:56:00,655,655,655,655,0
2021-12-21 15:57:00,655,655,655,655,0
2021-12-21 15:58:00,655,655,655,655,0
2021-12-21 15:59:00,655,655,655,655,0
2021-12-22 09:00:00,655,655,655,655,0
2021-12-22 09:01:00,655,655,655,655,0
2021-12-22 09:02:00,655,655,655,655,300
2021-12-22 09:03:00,655,655,655,655,0
2021-12-22 09:04:00,655,655,655,655,300
2021-12-22 09:05:00,650,650,655,655,15800
2021-12-22 09:06:00,650,650,655,655,0
2021-12-22 09:07:00,650,650,655,655,0
2021-12-22 09:08:00,655,655,655,655,200
2021-12-22 09:09:00,655,655,655,655,0
2021-12-22 09:10:00,655,655,655,655,0
2021-12-22 09:11:00,655,655,655,655,0
2021-12-22 09:12:00,655,655,655,655,300
2021-12-22 09:13:00,655,655,655,655,0
2021-12-22 09:14:00,655,655,655,655,0
2021-12-22 09:15:00,655,655,655,655,0
2021-12-22 09:16:00,655,655,655,655,0
2021-12-22 09:17:00,655,655,655,655,0
2021-12-22 09:18:00,650,650,650,650,6300
2021-12-22 09:19:00,650,650,650,650,0
2021-12-22 09:20:00,650,650,650,650,300
2021-12-22 09:21:00,650,650,650,650,0
2021-12-22 09:22:00,650,650,650,650,1700
2021-12-22 09:23:00,650,650,650,650,1700
2021-12-22 09:24:00,650,650,650,650,300
2021-12-22 09:25:00,650,650,650,650,0
2021-12-22 09:26:00,650,650,650,650,0
2021-12-22 09:27:00,650,650,650,650,200
2021-12-22 09:28:00,650,650,650,650,0
2021-12-22 09:29:00,650,650,650,650,0
2021-12-22 09:30:00,650,650,650,650,0
2021-12-22 09:31:00,650,650,650,650,0
2021-12-22 09:32:00,650,650,650,650,0
2021-12-22 09:33:00,650,650,650,650,0
2021-12-22 09:34:00,650,650,650,650,0
2021-12-22 09:35:00,650,650,650,650,0
2021-12-22 09:36:00,650,650,650,650,0
2021-12-22 09:37:00,650,650,650,650,0
2021-12-22 09:38:00,650,650,650,650,0
2021-12-22 09:39:00,650,650,650,650,0
2021-12-22 09:40:00,650,650,650,650,300
2021-12-22 09:41:00,650,650,650,650,0
2021-12-22 09:42:00,650,650,650,650,0
2021-12-22 09:43:00,650,650,650,650,0
2021-12-22 09:44:00,650,650,650,650,400
2021-12-22 09:45:00,650,650,650,650,0
2021-12-22 09:46:00,650,650,650,650,500
2021-12-22 09:47:00,650,650,650,650,0
2021-12-22 09:48:00,650,650,650,650,0
2021-12-22 09:49:00,650,650,650,650,0
2021-12-22 09:50:00,650,650,650,650,0
2021-12-22 09:51:00,650,650,650,650,200
2021-12-22 09:52:00,650,650,650,650,0
2021-12-22 09:53:00,645,645,645,645,100
2021-12-22 09:54:00,650,650,650,650,300
2021-12-22 09:55:00,650,650,650,650,0
2021-12-22 09:56:00,650,650,650,650,0
2021-12-22 09:57:00,650,650,650,650,0
2021-12-22 09:58:00,650,650,650,650,0
2021-12-22 09:59:00,650,650,650,650,200
2021-12-22 10:00:00,650,650,650,650,0
2021-12-22 10:01:00,650,650,650,650,300
2021-12-22 10:02:00,650,650,650,650,0
2021-12-22 10:03:00,650,650,650,650,1800
2021-12-22 10:04:00,650,650,650,650,0
2021-12-22 10:05:00,650,650,650,650,200
2021-12-22 10:06:00,650,650,650,650,0
2021-12-22 10:07:00,650,650,650,650,1600
2021-12-22 10:08:00,650,650,650,650,0
2021-12-22 10:09:00,650,650,650,650,300
2021-12-22 10:10:00,650,650,650,650,0
2021-12-22 10:11:00,650,650,650,650,0
2021-12-22 10:12:00,650,650,650,650,0
2021-12-22 10:13:00,650,650,650,650,0
2021-12-22 10:14:00,650,650,650,650,200
2021-12-22 10:15:00,650,650,650,650,0
2021-12-22 10:16:00,650,650,650,650,200
2021-12-22 10:17:00,650,650,650,650,0
2021-12-22 10:18:00,650,650,650,650,0
2021-12-22 10:19:00,650,650,650,650,0
2021-12-22 10:20:00,650,650,650,650,300
2021-12-22 10:21:00,650,650,650,650,0
2021-12-22 10:22:00,650,650,650,650,0
2021-12-22 10:23:00,650,650,650,650,0
2021-12-22 10:24:00,650,650,650,650,0
2021-12-22 10:25:00,650,650,650,650,300
2021-12-22 10:26:00,650,650,650,650,0
2021-12-22 10:27:00,650,650,650,650,0
2021-12-22 10:28:00,645,645,645,645,100
2021-12-22 10:29:00,645,645,645,645,0
2021-12-22 10:30:00,650,650,650,650,300
2021-12-22 10:31:00,650,650,650,650,0
2021-12-22 10:32:00,645,645,645,645,7600
2021-12-22 10:33:00,645,645,645,645,300
2021-12-22 10:34:00,645,645,645,645,0
2021-12-22 10:35:00,640,640,640,640,4500
2021-12-22 10:36:00,645,645,645,645,500
2021-12-22 10:37:00,645,645,645,645,1000
2021-12-22 10:38:00,645,645,645,645,0
2021-12-22 10:39:00,645,645,645,645,10500
2021-12-22 10:40:00,645,645,645,645,0
2021-12-22 10:41:00,645,645,645,645,2100
2021-12-22 10:42:00,645,645,645,645,1000
2021-12-22 10:43:00,645,645,645,645,0
2021-12-22 10:44:00,645,645,645,645,1900
2021-12-22 10:45:00,645,645,645,645,100
2021-12-22 10:46:00,645,645,650,645,7900
2021-12-22 10:47:00,645,645,645,645,500
2021-12-22 10:48:00,645,645,645,645,400
2021-12-22 10:49:00,645,645,645,645,200
2021-12-22 10:50:00,645,645,645,645,0
2021-12-22 10:51:00,645,645,645,645,1800
2021-12-22 10:52:00,645,645,645,645,0
2021-12-22 10:53:00,645,645,645,645,1300
2021-12-22 10:54:00,645,645,645,645,0
2021-12-22 10:55:00,645,645,645,645,0
2021-12-22 10:56:00,645,645,645,645,300
2021-12-22 10:57:00,645,645,645,645,0
2021-12-22 10:58:00,645,645,645,645,0
2021-12-22 10:59:00,645,645,645,645,300
2021-12-22 11:00:00,640,640,655,655,95900
2021-12-22 11:01:00,640,640,655,655,0
2021-12-22 11:02:00,640,640,655,655,0
2021-12-22 11:03:00,655,655,655,655,200
2021-12-22 11:04:00,655,655,655,655,200
2021-12-22 11:05:00,655,655,655,655,0
2021-12-22 11:06:00,655,655,655,655,0
2021-12-22 11:07:00,655,655,655,655,300
2021-12-22 11:08:00,655,655,655,655,0
2021-12-22 11:09:00,655,655,655,655,0
2021-12-22 11:10:00,655,655,655,655,0
2021-12-22 11:11:00,655,655,655,655,200
2021-12-22 11:12:00,655,655,655,655,0
2021-12-22 11:13:00,655,655,655,655,300
2021-12-22 11:14:00,655,655,655,655,0
2021-12-22 11:15:00,655,655,655,655,0
2021-12-22 11:16:00,650,650,650,650,3300
2021-12-22 11:17:00,650,650,650,650,1100
2021-12-22 11:18:00,650,650,650,650,600
2021-12-22 11:19:00,650,650,650,650,0
2021-12-22 11:20:00,655,655,655,655,200
2021-12-22 11:21:00,655,655,655,655,200
2021-12-22 11:22:00,655,655,655,655,0
2021-12-22 11:23:00,655,655,655,655,300
2021-12-22 11:24:00,655,655,655,655,200
2021-12-22 11:25:00,655,655,655,655,0
2021-12-22 11:26:00,655,650,655,650,2900
2021-12-22 11:27:00,650,650,650,650,300
2021-12-22 11:28:00,650,650,650,650,200
2021-12-22 11:29:00,650,650,650,650,0
2021-12-22 11:30:00,650,650,650,650,0
2021-12-22 11:31:00,650,650,650,650,0
2021-12-22 11:32:00,650,650,650,650,0
2021-12-22 11:33:00,650,650,650,650,0
2021-12-22 11:34:00,650,650,650,650,0
2021-12-22 11:35:00,650,650,650,650,0
2021-12-22 11:36:00,650,650,650,650,0
2021-12-22 11:37:00,650,650,650,650,0
2021-12-22 11:38:00,650,650,650,650,0
2021-12-22 11:39:00,650,650,650,650,0
2021-12-22 11:40:00,650,650,650,650,0
2021-12-22 11:41:00,650,650,650,650,0
2021-12-22 11:42:00,650,650,650,650,0
2021-12-22 11:43:00,650,650,650,650,0
2021-12-22 11:44:00,650,650,650,650,0
2021-12-22 11:45:00,650,650,650,650,0
2021-12-22 11:46:00,650,650,650,650,0
2021-12-22 11:47:00,650,650,650,650,0
2021-12-22 11:48:00,650,650,650,650,0
2021-12-22 11:49:00,650,650,650,650,0
2021-12-22 11:50:00,650,650,650,650,0
2021-12-22 11:51:00,650,650,650,650,0
2021-12-22 11:52:00,650,650,650,650,0
2021-12-22 11:53:00,650,650,650,650,0
2021-12-22 11:54:00,650,650,650,650,0
2021-12-22 11:55:00,650,650,650,650,0
2021-12-22 11:56:00,650,650,650,650,0
2021-12-22 11:57:00,650,650,650,650,0
2021-12-22 11:58:00,650,650,650,650,0
2021-12-22 11:59:00,650,650,650,650,0
2021-12-22 12:00:00,650,650,650,650,0
2021-12-22 12:01:00,650,650,650,650,0
2021-12-22 12:02:00,650,650,650,650,0
2021-12-22 12:03:00,650,650,650,650,0
2021-12-22 12:04:00,650,650,650,650,0
2021-12-22 12:05:00,650,650,650,650,0
2021-12-22 12:06:00,650,650,650,650,0
2021-12-22 12:07:00,650,650,650,650,0
2021-12-22 12:08:00,650,650,650,650,0
2021-12-22 12:09:00,650,650,650,650,0
2021-12-22 12:10:00,650,650,650,650,0
2021-12-22 12:11:00,650,650,650,650,0
2021-12-22 12:12:00,650,650,650,650,0
2021-12-22 12:13:00,650,650,650,650,0
2021-12-22 12:14:00,650,650,650,650,0
2021-12-22 12:15:00,650,650,650,650,0
2021-12-22 12:16:00,650,650,650,650,0
2021-12-22 12:17:00,650,650,650,650,0
2021-12-22 12:18:00,650,650,650,650,0
2021-12-22 12:19:00,650,650,650,650,0
2021-12-22 12:20:00,650,650,650,650,0
2021-12-22 12:21:00,650,650,650,650,0
2021-12-22 12:22:00,650,650,650,650,0
2021-12-22 12:23:00,650,650,650,650,0
2021-12-22 12:24:00,650,650,650,650,0
2021-12-22 12:25:00,650,650,650,650,0
2021-12-22 12:26:00,650,650,650,650,0
2021-12-22 12:27:00,650,650,650,650,0
2021-12-22 12:28:00,650,650,650,650,0
2021-12-22 12:29:00,650,650,650,650,0
2021-12-22 12:30:00,650,650,650,650,0
2021-12-22 12:31:00,650,650,650,650,0
2021-12-22 12:32:00,650,650,650,650,0
2021-12-22 12:33:00,650,650,650,650,0
2021-12-22 12:34:00,650,650,650,650,0
2021-12-22 12:35:00,650,650,650,650,0
2021-12-22 12:36:00,650,650,650,650,0
2021-12-22 12:37:00,650,650,650,650,0
2021-12-22 12:38:00,650,650,650,650,0
2021-12-22 12:39:00,650,650,650,650,0
2021-12-22 12:40:00,650,650,650,650,0
2021-12-22 12:41:00,650,650,650,650,0
2021-12-22 12:42:00,650,650,650,650,0
2021-12-22 12:43:00,650,650,650,650,0
2021-12-22 12:44:00,650,650,650,650,0
2021-12-22 12:45:00,650,650,650,650,0
2021-12-22 12:46:00,650,650,650,650,0
2021-12-22 12:47:00,650,650,650,650,0
2021-12-22 12:48:00,650,650,650,650,0
2021-12-22 12:49:00,650,650,650,650,0
2021-12-22 12:50:00,650,650,650,650,0
2021-12-22 12:51:00,650,650,650,650,0
2021-12-22 12:52:00,650,650,650,650,0
2021-12-22 12:53:00,650,650,650,650,0
2021-12-22 12:54:00,650,650,650,650,0
2021-12-22 12:55:00,650,650,650,650,0
2021-12-22 12:56:00,650,650,650,650,0
2021-12-22 12:57:00,650,650,650,650,0
2021-12-22 12:58:00,650,650,650,650,0
2021-12-22 12:59:00,650,650,650,650,0
2021-12-22 13:00:00,650,650,650,650,0
2021-12-22 13:01:00,650,650,650,650,0
2021-12-22 13:02:00,650,650,650,650,0
2021-12-22 13:03:00,650,650,650,650,0
2021-12-22 13:04:00,650,650,650,650,0
2021-12-22 13:05:00,650,650,650,650,0
2021-12-22 13:06:00,650,650,650,650,0
2021-12-22 13:07:00,650,650,650,650,0
2021-12-22 13:08:00,650,650,650,650,0
2021-12-22 13:09:00,650,650,650,650,0
2021-12-22 13:10:00,650,650,650,650,0
2021-12-22 13:11:00,650,650,650,650,0
2021-12-22 13:12:00,650,650,650,650,0
2021-12-22 13:13:00,650,650,650,650,0
2021-12-22 13:14:00,650,650,650,650,0
2021-12-22 13:15:00,650,650,650,650,0
2021-12-22 13:16:00,650,650,650,650,0
2021-12-22 13:17:00,650,650,650,650,0
2021-12-22 13:18:00,650,650,650,650,0
2021-12-22 13:19:00,650,650,650,650,0
2021-12-22 13:20:00,650,650,650,650,0
2021-12-22 13:21:00,650,650,650,650,0
2021-12-22 13:22:00,650,650,650,650,0
2021-12-22 13:23:00,650,650,650,650,0
2021-12-22 13:24:00,650,650,650,650,0
2021-12-22 13:25:00,650,650,650,650,0
2021-12-22 13:26:00,650,650,650,650,0
2021-12-22 13:27:00,650,650,650,650,0
2021-12-22 13:28:00,650,650,650,650,0
2021-12-22 13:29:00,650,650,650,650,0
2021-12-22 13:30:00,650,645,650,650,2200
2021-12-22 13:31:00,650,645,650,650,0
2021-12-22 13:32:00,650,645,650,650,0
2021-12-22 13:33:00,650,650,650,650,500
2021-12-22 13:34:00,645,645,645,645,5000
2021-12-22 13:35:00,645,645,645,645,0
2021-12-22 13:36:00,650,650,650,650,500
2021-12-22 13:37:00,650,650,650,650,0
2021-12-22 13:38:00,650,650,650,650,0
2021-12-22 13:39:00,650,645,650,645,570700
2021-12-22 13:40:00,650,650,650,650,500
2021-12-22 13:41:00,650,650,650,650,0
2021-12-22 13:42:00,650,650,650,650,0
2021-12-22 13:43:00,650,645,650,645,31800
2021-12-22 13:44:00,640,640,640,640,400
2021-12-22 13:45:00,645,645,645,645,30200
2021-12-22 13:46:00,645,645,645,645,10000
2021-12-22 13:47:00,640,640,640,640,11900
2021-12-22 13:48:00,640,640,645,645,50000
2021-12-22 13:49:00,640,640,645,645,0
2021-12-22 13:50:00,640,640,645,645,0
2021-12-22 13:51:00,640,640,645,645,0
2021-12-22 13:52:00,640,640,645,645,0
2021-12-22 13:53:00,640,640,645,645,0
2021-12-22 13:54:00,640,640,645,645,17800
2021-12-22 13:55:00,640,640,645,645,0
2021-12-22 13:56:00,640,640,645,645,0
2021-12-22 13:57:00,645,645,645,645,300
2021-12-22 13:58:00,640,640,640,640,5000
2021-12-22 13:59:00,640,640,645,645,900
2021-12-22 14:00:00,640,640,640,640,700
2021-12-22 14:01:00,640,640,645,645,10200
2021-12-22 14:02:00,645,645,645,645,300
2021-12-22 14:03:00,640,640,640,640,100
2021-12-22 14:04:00,640,640,640,640,0
2021-12-22 14:05:00,645,645,645,645,200
2021-12-22 14:06:00,645,645,645,645,0
2021-12-22 14:07:00,645,645,645,645,200
2021-12-22 14:08:00,645,645,645,645,0
2021-12-22 14:09:00,640,640,640,640,4500
2021-12-22 14:10:00,640,635,640,635,3900
2021-12-22 14:11:00,640,640,640,640,38100
2021-12-22 14:12:00,640,640,640,640,0
2021-12-22 14:13:00,640,640,640,640,400
2021-12-22 14:14:00,645,645,645,645,200
2021-12-22 14:15:00,645,645,645,645,700
2021-12-22 14:16:00,645,645,645,645,0
2021-12-22 14:17:00,645,645,645,645,300
2021-12-22 14:18:00,645,645,645,645,0
2021-12-22 14:19:00,645,645,645,645,0
2021-12-22 14:20:00,645,645,645,645,300
2021-12-22 14:21:00,645,645,645,645,0
2021-12-22 14:22:00,645,645,645,645,200
2021-12-22 14:23:00,645,645,645,645,0
2021-12-22 14:24:00,645,645,645,645,0
2021-12-22 14:25:00,645,645,645,645,300
2021-12-22 14:26:00,645,645,645,645,0
2021-12-22 14:27:00,645,645,645,645,300
2021-12-22 14:28:00,645,645,645,645,0
2021-12-22 14:29:00,645,645,645,645,300
2021-12-22 14:30:00,645,645,645,645,0
2021-12-22 14:31:00,645,645,645,645,200
2021-12-22 14:32:00,645,645,645,645,0
2021-12-22 14:33:00,645,645,645,645,300
2021-12-22 14:34:00,645,645,645,645,700
2021-12-22 14:35:00,645,645,645,645,0
2021-12-22 14:36:00,645,645,645,645,0
2021-12-22 14:37:00,645,645,645,645,0
2021-12-22 14:38:00,645,645,645,645,0
2021-12-22 14:39:00,645,645,645,645,0
2021-12-22 14:40:00,645,645,645,645,0
2021-12-22 14:41:00,645,645,645,645,0
2021-12-22 14:42:00,645,645,645,645,0
2021-12-22 14:43:00,645,645,645,645,0
2021-12-22 14:44:00,640,640,640,640,10000
2021-12-22 14:45:00,645,645,645,645,1000
2021-12-22 14:46:00,640,640,645,645,1500
2021-12-22 14:47:00,645,645,645,645,800
2021-12-22 14:48:00,645,645,645,645,1700
2021-12-22 14:49:00,645,645,645,645,184900
2021-12-22 14:50:00,645,645,645,645,0
2021-12-22 14:51:00,645,645,645,645,0
2021-12-22 14:52:00,645,645,645,645,0
2021-12-22 14:53:00,645,645,645,645,0
2021-12-22 14:54:00,645,645,645,645,0
2021-12-22 14:55:00,645,645,645,645,0
2021-12-22 14:56:00,645,645,645,645,0
2021-12-22 14:57:00,645,645,645,645,0
2021-12-22 14:58:00,645,645,645,645,0
2021-12-22 14:59:00,645,645,645,645,0
2021-12-22 15:00:00,655,655,655,655,89000
2021-12-22 15:01:00,655,655,655,655,0
2021-12-22 15:02:00,655,655,655,655,0
2021-12-22 15:03:00,655,655,655,655,10000
2021-12-22 15:04:00,655,655,655,655,0
2021-12-22 15:05:00,655,655,655,655,0
2021-12-22 15:06:00,655,655,655,655,0
2021-12-22 15:07:00,655,655,655,655,2500
2021-12-22 15:08:00,655,655,655,655,4000
2021-12-22 15:09:00,655,655,655,655,0
2021-12-22 15:10:00,655,655,655,655,0
2021-12-22 15:11:00,655,655,655,655,0
2021-12-22 15:12:00,655,655,655,655,0
2021-12-22 15:13:00,655,655,655,655,0
2021-12-22 15:14:00,655,655,655,655,500
2021-12-22 15:15:00,655,655,655,655,0
2021-12-22 15:16:00,655,655,655,655,0
2021-12-22 15:17:00,655,655,655,655,0
2021-12-22 15:18:00,655,655,655,655,0
2021-12-22 15:19:00,655,655,655,655,0
2021-12-22 15:20:00,655,655,655,655,0
2021-12-22 15:21:00,655,655,655,655,0
2021-12-22 15:22:00,655,655,655,655,0
2021-12-22 15:23:00,655,655,655,655,0
2021-12-22 15:24:00,655,655,655,655,0
2021-12-22 15:25:00,655,655,655,655,0
2021-12-22 15:26:00,655,655,655,655,0
2021-12-22 15:27:00,655,655,655,655,0
2021-12-22 15:28:00,655,655,655,655,0
2021-12-22 15:29:00,655,655,655,655,0
2021-12-22 15:30:00,655,655,655,655,0
2021-12-22 15:31:00,655,655,655,655,0
2021-12-22 15:32:00,655,655,655,655,0
2021-12-22 15:33:00,655,655,655,655,0
2021-12-22 15:34:00,655,655,655,655,0
2021-12-22 15:35:00,655,655,655,655,0
2021-12-22 15:36:00,655,655,655,655,0
2021-12-22 15:37:00,655,655,655,655,0
2021-12-22 15:38:00,655,655,655,655,0
2021-12-22 15:39:00,655,655,655,655,0
2021-12-22 15:40:00,655,655,655,655,0
2021-12-22 15:41:00,655,655,655,655,0
2021-12-22 15:42:00,655,655,655,655,0
2021-12-22 15:43:00,655,655,655,655,0
2021-12-22 15:44:00,655,655,655,655,0
2021-12-22 15:45:00,655,655,655,655,0
2021-12-22 15:46:00,655,655,655,655,0
2021-12-22 15:47:00,655,655,655,655,0
2021-12-22 15:48:00,655,655,655,655,0
2021-12-22 15:49:00,655,655,655,655,0
2021-12-22 15:50:00,655,655,655,655,0
2021-12-22 15:51:00,655,655,655,655,0
2021-12-22 15:52:00,655,655,655,655,0
2021-12-22 15:53:00,655,655,655,655,0
2021-12-22 15:54:00,655,655,655,655,0
2021-12-22 15:55:00,655,655,655,655,0
2021-12-22 15:56:00,655,655,655,655,0
2021-12-22 15:57:00,655,655,655,655,0
2021-12-22 15:58:00,655,655,655,655,0
2021-12-22 15:59:00,655,655,655,655,0
2021-12-23 09:00:00,655,655,655,655,0
2021-12-23 09:01:00,655,655,655,655,0
2021-12-23 09:02:00,655,655,655,655,1200
2021-12-23 09:03:00,655,655,655,655,300
2021-12-23 09:04:00,655,655,655,655,500
2021-12-23 09:05:00,655,655,655,655,500
2021-12-23 09:06:00,655,655,655,655,0
2021-12-23 09:07:00,655,655,655,655,200
2021-12-23 09:08:00,655,655,655,655,0
2021-12-23 09:09:00,655,655,655,655,0
2021-12-23 09:10:00,655,650,655,655,1500
2021-12-23 09:11:00,655,655,655,655,200
2021-12-23 09:12:00,650,650,655,655,1000
2021-12-23 09:13:00,650,650,655,655,0
2021-12-23 09:14:00,655,650,655,650,700
2021-12-23 09:15:00,655,655,655,655,300
2021-12-23 09:16:00,655,655,655,655,0
2021-12-23 09:17:00,655,655,655,655,300
2021-12-23 09:18:00,655,655,655,655,0
2021-12-23 09:19:00,655,655,655,655,300
2021-12-23 09:20:00,655,655,655,655,0
2021-12-23 09:21:00,655,655,655,655,0
2021-12-23 09:22:00,655,655,655,655,1200
2021-12-23 09:23:00,655,650,655,650,700
2021-12-23 09:24:00,655,650,655,650,0
2021-12-23 09:25:00,655,650,655,650,0
2021-12-23 09:26:00,650,650,650,650,1700
2021-12-23 09:27:00,650,650,650,650,0
2021-12-23 09:28:00,650,650,650,650,2300
2021-12-23 09:29:00,650,650,650,650,500
2021-12-23 09:30:00,650,650,650,650,300
2021-12-23 09:31:00,650,650,650,650,300
2021-12-23 09:32:00,650,650,650,650,0
2021-12-23 09:33:00,645,645,645,645,13600
2021-12-23 09:34:00,640,640,645,645,2700
2021-12-23 09:35:00,640,640,645,645,0
2021-12-23 09:36:00,645,645,645,645,40000
2021-12-23 09:37:00,645,645,645,645,18400
2021-12-23 09:38:00,645,645,645,645,8000
2021-12-23 09:39:00,645,645,645,645,0
2021-12-23 09:40:00,645,645,645,645,9800
2021-12-23 09:41:00,650,650,650,650,300
2021-12-23 09:42:00,650,650,650,650,0
2021-12-23 09:43:00,650,650,650,650,0
2021-12-23 09:44:00,650,650,650,650,10200
2021-12-23 09:45:00,650,650,650,650,200
2021-12-23 09:46:00,650,650,650,650,0
2021-12-23 09:47:00,650,650,650,650,300
2021-12-23 09:48:00,645,645,645,645,931400
2021-12-23 09:49:00,650,650,650,650,200
2021-12-23 09:50:00,650,650,650,650,0
2021-12-23 09:51:00,650,650,650,650,600
2021-12-23 09:52:00,650,650,650,650,0
2021-12-23 09:53:00,645,645,645,645,15900
2021-12-23 09:54:00,645,645,645,645,200
2021-12-23 09:55:00,645,645,645,645,0
2021-12-23 09:56:00,645,645,645,645,0
2021-12-23 09:57:00,645,645,645,645,0
2021-12-23 09:58:00,645,645,645,645,0
2021-12-23 09:59:00,645,645,645,645,0
2021-12-23 10:00:00,645,645,645,645,0
2021-12-23 10:01:00,645,645,645,645,0
2021-12-23 10:02:00,640,635,650,650,225000
2021-12-23 10:03:00,640,635,650,650,0
2021-12-23 10:04:00,650,650,650,650,13000
2021-12-23 10:05:00,655,655,655,655,800
2021-12-23 10:06:00,655,655,655,655,800
2021-12-23 10:07:00,655,650,655,650,1400
2021-12-23 10:08:00,650,650,650,650,200
2021-12-23 10:09:00,655,650,655,650,1300
2021-12-23 10:10:00,650,645,650,645,2400
2021-12-23 10:11:00,650,645,650,645,0
2021-12-23 10:12:00,645,645,645,645,800
2021-12-23 10:13:00,645,640,645,640,2700
2021-12-23 10:14:00,640,640,640,640,17000
2021-12-23 10:15:00,640,640,645,645,3100
2021-12-23 10:16:00,645,645,645,645,200
2021-12-23 10:17:00,645,645,645,645,1100
2021-12-23 10:18:00,645,645,645,645,300
2021-12-23 10:19:00,645,645,645,645,300
2021-12-23 10:20:00,645,645,645,645,300
2021-12-23 10:21:00,645,645,645,645,0
2021-12-23 10:22:00,645,645,645,645,0
2021-12-23 10:23:00,645,645,645,645,200
2021-12-23 10:24:00,645,645,645,645,300
2021-12-23 10:25:00,645,645,645,645,0
2021-12-23 10:26:00,645,645,645,645,200
2021-12-23 10:27:00,645,645,645,645,300
2021-12-23 10:28:00,645,645,645,645,800
2021-12-23 10:29:00,645,645,645,645,0
2021-12-23 10:30:00,645,645,645,645,300
2021-12-23 10:31:00,645,645,645,645,0
2021-12-23 10:32:00,645,645,645,645,200
2021-12-23 10:33:00,645,645,645,645,200
2021-12-23 10:34:00,645,645,645,645,300
2021-12-23 10:35:00,645,645,645,645,0
2021-12-23 10:36:00,645,645,645,645,300
2021-12-23 10:37:00,645,645,645,645,0
2021-12-23 10:38:00,645,645,645,645,300
2021-12-23 10:39:00,645,645,645,645,50200
2021-12-23 10:40:00,645,645,645,645,1000
2021-12-23 10:41:00,645,645,645,645,0
2021-12-23 10:42:00,645,645,650,650,400
2021-12-23 10:43:00,645,645,650,650,0
2021-12-23 10:44:00,645,645,645,645,900
2021-12-23 10:45:00,645,645,645,645,0
2021-12-23 10:46:00,650,650,650,650,300
2021-12-23 10:47:00,645,640,650,650,4900
2021-12-23 10:48:00,650,650,650,650,300
2021-12-23 10:49:00,650,650,650,650,0
2021-12-23 10:50:00,650,650,650,650,0
2021-12-23 10:51:00,650,650,650,650,500
2021-12-23 10:52:00,650,650,650,650,0
2021-12-23 10:53:00,650,650,650,650,200
2021-12-23 10:54:00,650,650,650,650,0
2021-12-23 10:55:00,650,650,650,650,200
2021-12-23 10:56:00,650,650,650,650,0
2021-12-23 10:57:00,650,650,650,650,0
2021-12-23 10:58:00,650,650,650,650,0
2021-12-23 10:59:00,650,650,650,650,0
2021-12-23 11:00:00,650,650,650,650,0
2021-12-23 11:01:00,650,650,650,650,300
2021-12-23 11:02:00,650,650,650,650,0
2021-12-23 11:03:00,645,645,645,645,1300
2021-12-23 11:04:00,650,650,650,650,300
2021-12-23 11:05:00,650,650,650,650,200
2021-12-23 11:06:00,650,650,650,650,0
2021-12-23 11:07:00,650,650,650,650,0
2021-12-23 11:08:00,650,650,650,650,0
2021-12-23 11:09:00,645,645,645,645,1000
2021-12-23 11:10:00,645,645,645,645,300
2021-12-23 11:11:00,645,645,645,645,300
2021-12-23 11:12:00,645,645,645,645,3000
2021-12-23 11:13:00,645,645,645,645,0
2021-12-23 11:14:00,645,645,645,645,0
2021-12-23 11:15:00,645,645,645,645,200
2021-12-23 11:16:00,645,645,645,645,0
2021-12-23 11:17:00,645,645,645,645,300
2021-12-23 11:18:00,645,645,645,645,0
2021-12-23 11:19:00,645,645,645,645,0
2021-12-23 11:20:00,645,645,645,645,500
2021-12-23 11:21:00,645,645,645,645,0
2021-12-23 11:22:00,645,645,645,645,200
2021-12-23 11:23:00,645,645,645,645,0
2021-12-23 11:24:00,645,645,645,645,300
2021-12-23 11:25:00,645,645,645,645,0
2021-12-23 11:26:00,645,645,645,645,300
2021-12-23 11:27:00,645,645,645,645,800
2021-12-23 11:28:00,645,645,645,645,0
2021-12-23 11:29:00,645,645,645,645,800
2021-12-23 11:30:00,645,645,645,645,0
2021-12-23 11:31:00,645,645,645,645,0
2021-12-23 11:32:00,645,645,645,645,0
2021-12-23 11:33:00,645,645,645,645,0
2021-12-23 11:34:00,645,645,645,645,0
2021-12-23 11:35:00,645,645,645,645,0
2021-12-23 11:36:00,645,645,645,645,0
2021-12-23 11:37:00,645,645,645,645,0
2021-12-23 11:38:00,645,645,645,645,0
2021-12-23 11:39:00,645,645,645,645,0
2021-12-23 11:40:00,645,645,645,645,0
2021-12-23 11:41:00,645,645,645,645,0
2021-12-23 11:42:00,645,645,645,645,0
2021-12-23 11:43:00,645,645,645,645,0
2021-12-23 11:44:00,645,645,645,645,0
2021-12-23 11:45:00,645,645,645,645,0
2021-12-23 11:46:00,645,645,645,645,0
2021-12-23 11:47:00,645,645,645,645,0
2021-12-23 11:48:00,645,645,645,645,0
2021-12-23 11:49:00,645,645,645,645,0
2021-12-23 11:50:00,645,645,645,645,0
2021-12-23 11:51:00,645,645,645,645,0
2021-12-23 11:52:00,645,645,645,645,0
2021-12-23 11:53:00,645,645,645,645,0
2021-12-23 11:54:00,645,645,645,645,0
2021-12-23 11:55:00,645,645,645,645,0
2021-12-23 11:56:00,645,645,645,645,0
2021-12-23 11:57:00,645,645,645,645,0
2021-12-23 11:58:00,645,645,645,645,0
2021-12-23 11:59:00,645,645,645,645,0
2021-12-23 12:00:00,645,645,645,645,0
2021-12-23 12:01:00,645,645,645,645,0
2021-12-23 12:02:00,645,645,645,645,0
2021-12-23 12:03:00,645,645,645,645,0
2021-12-23 12:04:00,645,645,645,645,0
2021-12-23 12:05:00,645,645,645,645,0
2021-12-23 12:06:00,645,645,645,645,0
2021-12-23 12:07:00,645,645,645,645,0
2021-12-23 12:08:00,645,645,645,645,0
2021-12-23 12:09:00,645,645,645,645,0
2021-12-23 12:10:00,645,645,645,645,0
2021-12-23 12:11:00,645,645,645,645,0
2021-12-23 12:12:00,645,645,645,645,0
2021-12-23 12:13:00,645,645,645,645,0
2021-12-23 12:14:00,645,645,645,645,0
2021-12-23 12:15:00,645,645,645,645,0
2021-12-23 12:16:00,645,645,645,645,0
2021-12-23 12:17:00,645,645,645,645,0
2021-12-23 12:18:00,645,645,645,645,0
2021-12-23 12:19:00,645,645,645,645,0
2021-12-23 12:20:00,645,645,645,645,0
2021-12-23 12:21:00,645,645,645,645,0
2021-12-23 12:22:00,645,645,645,645,0
2021-12-23 12:23:00,645,645,645,645,0
2021-12-23 12:24:00,645,645,645,645,0
2021-12-23 12:25:00,645,645,645,645,0
2021-12-23 12:26:00,645,645,645,645,0
2021-12-23 12:27:00,645,645,645,645,0
2021-12-23 12:28:00,645,645,645,645,0
2021-12-23 12:29:00,645,645,645,645,0
2021-12-23 12:30:00,645,645,645,645,0
2021-12-23 12:31:00,645,645,645,645,0
2021-12-23 12:32:00,645,645,645,645,0
2021-12-23 12:33:00,645,645,645,645,0
2021-12-23 12:34:00,645,645,645,645,0
2021-12-23 12:35:00,645,645,645,645,0
2021-12-23 12:36:00,645,645,645,645,0
2021-12-23 12:37:00,645,645,645,645,0
2021-12-23 12:38:00,645,645,645,645,0
2021-12-23 12:39:00,645,645,645,645,0
2021-12-23 12:40:00,645,645,645,645,0
2021-12-23 12:41:00,645,645,645,645,0
2021-12-23 12:42:00,645,645,645,645,0
2021-12-23 12:43:00,645,645,645,645,0
2021-12-23 12:44:00,645,645,645,645,0
2021-12-23 12:45:00,645,645,645,645,0
2021-12-23 12:46:00,645,645,645,645,0
2021-12-23 12:47:00,645,645,645,645,0
2021-12-23 12:48:00,645,645,645,645,0
2021-12-23 12:49:00,645,645,645,645,0
2021-12-23 12:50:00,645,645,645,645,0
2021-12-23 12:51:00,645,645,645,645,0
2021-12-23 12:52:00,645,645,645,645,0
2021-12-23 12:53:00,645,645,645,645,0
2021-12-23 12:54:00,645,645,645,645,0
2021-12-23 12:55:00,645,645,645,645,0
2021-12-23 12:56:00,645,645,645,645,0
2021-12-23 12:57:00,645,645,645,645,0
2021-12-23 12:58:00,645,645,645,645,0
2021-12-23 12:59:00,645,645,645,645,0
2021-12-23 13:00:00,645,645,645,645,0
2021-12-23 13:01:00,645,645,645,645,0
2021-12-23 13:02:00,645,645,645,645,0
2021-12-23 13:03:00,645,645,645,645,0
2021-12-23 13:04:00,645,645,645,645,0
2021-12-23 13:05:00,645,645,645,645,0
2021-12-23 13:06:00,645,645,645,645,0
2021-12-23 13:07:00,645,645,645,645,0
2021-12-23 13:08:00,645,645,645,645,0
2021-12-23 13:09:00,645,645,645,645,0
2021-12-23 13:10:00,645,645,645,645,0
2021-12-23 13:11:00,645,645,645,645,0
2021-12-23 13:12:00,645,645,645,645,0
2021-12-23 13:13:00,645,645,645,645,0
2021-12-23 13:14:00,645,645,645,645,0
2021-12-23 13:15:00,645,645,645,645,0
2021-12-23 13:16:00,645,645,645,645,0
2021-12-23 13:17:00,645,645,645,645,0
2021-12-23 13:18:00,645,645,645,645,0
2021-12-23 13:19:00,645,645,645,645,0
2021-12-23 13:20:00,645,645,645,645,0
2021-12-23 13:21:00,645,645,645,645,0
2021-12-23 13:22:00,645,645,645,645,0
2021-12-23 13:23:00,645,645,645,645,0
2021-12-23 13:24:00,645,645,645,645,0
2021-12-23 13:25:00,645,645,645,645,0
2021-12-23 13:26:00,645,645,645,645,0
2021-12-23 13:27:00,645,645,645,645,0
2021-12-23 13:28:00,645,645,645,645,0
2021-12-23 13:29:00,645,645,645,645,0
2021-12-23 13:30:00,645,645,645,645,200
2021-12-23 13:31:00,645,645,645,645,0
2021-12-23 13:32:00,645,645,645,645,0
2021-12-23 13:33:00,645,645,645,645,300
2021-12-23 13:34:00,645,645,645,645,300
2021-12-23 13:35:00,645,645,645,645,100
2021-12-23 13:36:00,645,645,645,645,200
2021-12-23 13:37:00,645,645,645,645,0
2021-12-23 13:38:00,645,645,645,645,200
2021-12-23 13:39:00,645,645,645,645,0
2021-12-23 13:40:00,645,645,645,645,0
2021-12-23 13:41:00,645,645,645,645,37900
2021-12-23 13:42:00,640,635,640,635,32000
2021-12-23 13:43:00,645,645,645,645,300
2021-12-23 13:44:00,645,645,645,645,0
2021-12-23 13:45:00,645,645,645,645,200
2021-12-23 13:46:00,645,645,645,645,0
2021-12-23 13:47:00,645,645,645,645,700
2021-12-23 13:48:00,645,645,645,645,0
2021-12-23 13:49:00,645,645,645,645,0
2021-12-23 13:50:00,645,645,645,645,200
2021-12-23 13:51:00,645,645,645,645,0
2021-12-23 13:52:00,645,645,645,645,1600
2021-12-23 13:53:00,645,645,645,645,0
2021-12-23 13:54:00,645,645,645,645,300
2021-12-23 13:55:00,645,645,645,645,0
2021-12-23 13:56:00,645,645,645,645,0
2021-12-23 13:57:00,645,645,645,645,0
2021-12-23 13:58:00,645,645,645,645,2700
2021-12-23 13:59:00,640,640,640,640,1400
2021-12-23 14:00:00,640,640,640,640,0
2021-12-23 14:01:00,640,640,640,640,500
2021-12-23 14:02:00,645,645,645,645,300
2021-12-23 14:03:00,645,645,645,645,0
2021-12-23 14:04:00,645,645,645,645,0
2021-12-23 14:05:00,645,645,645,645,700
2021-12-23 14:06:00,645,645,645,645,0
2021-12-23 14:07:00,645,645,645,645,0
2021-12-23 14:08:00,645,645,645,645,200
2021-12-23 14:09:00,645,645,645,645,1000
2021-12-23 14:10:00,645,645,645,645,0
2021-12-23 14:11:00,645,645,645,645,0
2021-12-23 14:12:00,645,645,645,645,200
2021-12-23 14:13:00,645,645,645,645,0
2021-12-23 14:14:00,645,645,645,645,0
2021-12-23 14:15:00,645,645,645,645,200
2021-12-23 14:16:00,645,645,645,645,0
2021-12-23 14:17:00,645,645,645,645,300
2021-12-23 14:18:00,645,645,645,645,0
2021-12-23 14:19:00,645,645,645,645,1000
2021-12-23 14:20:00,645,645,645,645,0
2021-12-23 14:21:00,645,645,645,645,0
2021-12-23 14:22:00,645,645,645,645,300
2021-12-23 14:23:00,645,645,645,645,0
2021-12-23 14:24:00,645,645,645,645,0
2021-12-23 14:25:00,645,645,645,645,0
2021-12-23 14:26:00,640,640,640,640,100
2021-12-23 14:27:00,640,640,640,640,0
2021-12-23 14:28:00,640,640,645,645,1800
2021-12-23 14:29:00,640,640,645,645,0
2021-12-23 14:30:00,640,640,645,645,0
2021-12-23 14:31:00,640,640,645,645,0
2021-12-23 14:32:00,640,640,645,645,0
2021-12-23 14:33:00,645,645,645,645,2000
2021-12-23 14:34:00,645,645,645,645,800
2021-12-23 14:35:00,640,640,640,640,700
2021-12-23 14:36:00,640,640,640,640,0
2021-12-23 14:37:00,645,645,645,645,1800
2021-12-23 14:38:00,645,645,645,645,800
2021-12-23 14:39:00,645,645,645,645,800
2021-12-23 14:40:00,645,645,645,645,400
2021-12-23 14:41:00,645,645,645,645,300
2021-12-23 14:42:00,645,645,645,645,500
2021-12-23 14:43:00,645,645,645,645,0
2021-12-23 14:44:00,645,645,645,645,1500
2021-12-23 14:45:00,645,645,645,645,300
2021-12-23 14:46:00,645,640,645,640,1400
2021-12-23 14:47:00,640,640,645,645,11200
2021-12-23 14:48:00,645,645,645,645,500
2021-12-23 14:49:00,645,645,650,650,120600
2021-12-23 14:50:00,645,645,650,650,0
2021-12-23 14:51:00,645,645,650,650,0
2021-12-23 14:52:00,645,645,650,650,0
2021-12-23 14:53:00,645,645,650,650,0
2021-12-23 14:54:00,645,645,650,650,0
2021-12-23 14:55:00,645,645,650,650,0
2021-12-23 14:56:00,645,645,650,650,0
2021-12-23 14:57:00,645,645,650,650,0
2021-12-23 14:58:00,645,645,650,650,0
2021-12-23 14:59:00,645,645,650,650,0
2021-12-23 15:00:00,655,655,655,655,50000
2021-12-23 15:01:00,655,655,655,655,0
2021-12-23 15:02:00,655,655,655,655,0
2021-12-23 15:03:00,655,655,655,655,0
2021-12-23 15:04:00,655,655,655,655,0
2021-12-23 15:05:00,655,655,655,655,0
2021-12-23 15:06:00,655,655,655,655,0
2021-12-23 15:07:00,655,655,655,655,0
2021-12-23 15:08:00,655,655,655,655,2000
2021-12-23 15:09:00,655,655,655,655,0
2021-12-23 15:10:00,655,655,655,655,0
2021-12-23 15:11:00,655,655,655,655,0
2021-12-23 15:12:00,655,655,655,655,0
2021-12-23 15:13:00,655,655,655,655,0
2021-12-23 15:14:00,655,655,655,655,0
2021-12-23 15:15:00,655,655,655,655,0
2021-12-23 15:16:00,655,655,655,655,0
2021-12-23 15:17:00,655,655,655,655,0
2021-12-23 15:18:00,655,655,655,655,0
2021-12-23 15:19:00,655,655,655,655,0
2021-12-23 15:20:00,655,655,655,655,0
2021-12-23 15:21:00,655,655,655,655,0
2021-12-23 15:22:00,655,655,655,655,0
2021-12-23 15:23:00,655,655,655,655,0
2021-12-23 15:24:00,655,655,655,655,0
2021-12-23 15:25:00,655,655,655,655,0
2021-12-23 15:26:00,655,655,655,655,0
2021-12-23 15:27:00,655,655,655,655,0
2021-12-23 15:28:00,655,655,655,655,0
2021-12-23 15:29:00,655,655,655,655,0
2021-12-23 15:30:00,655,655,655,655,0
2021-12-23 15:31:00,655,655,655,655,0
2021-12-23 15:32:00,655,655,655,655,0
2021-12-23 15:33:00,655,655,655,655,0
2021-12-23 15:34:00,655,655,655,655,0
2021-12-23 15:35:00,655,655,655,655,0
2021-12-23 15:36:00,655,655,655,655,0
2021-12-23 15:37:00,655,655,655,655,0
2021-12-23 15:38:00,655,655,655,655,0
2021-12-23 15:39:00,655,655,655,655,0
2021-12-23 15:40:00,655,655,655,655,0
2021-12-23 15:41:00,655,655,655,655,0
2021-12-23 15:42:00,655,655,655,655,0
2021-12-23 15:43:00,655,655,655,655,0
2021-12-23 15:44:00,655,655,655,655,0
2021-12-23 15:45:00,655,655,655,655,0
2021-12-23 15:46:00,655,655,655,655,0
2021-12-23 15:47:00,655,655,655,655,0
2021-12-23 15:48:00,655,655,655,655,0
2021-12-23 15:49:00,655,655,655,655,0
2021-12-23 15:50:00,655,655,655,655,0
2021-12-23 15:51:00,655,655,655,655,0
2021-12-23 15:52:00,655,655,655,655,0
2021-12-23 15:53:00,655,655,655,655,0
2021-12-23 15:54:00,655,655,655,655,0
2021-12-23 15:55:00,655,655,655,655,0
2021-12-23 15:56:00,655,655,655,655,0
2021-12-23 15:57:00,655,655,655,655,0
2021-12-23 15:58:00,655,655,655,655,0
2021-12-23 15:59:00,655,655,655,655,0
2021-12-24 09:00:00,655,655,655,655,0
2021-12-24 09:01:00,655,655,655,655,0
2021-12-24 09:02:00,655,655,655,655,0
2021-12-24 09:03:00,655,655,655,655,0
2021-12-24 09:04:00,655,655,655,655,0
2021-12-24 09:05:00,655,655,655,655,0
2021-12-24 09:06:00,655,655,655,655,0
2021-12-24 09:07:00,655,655,655,655,0
2021-12-24 09:08:00,655,655,655,655,0
2021-12-24 09:09:00,655,655,655,655,0
2021-12-24 09:10:00,655,655,655,655,0
2021-12-24 09:11:00,655,655,655,655,0
2021-12-24 09:12:00,655,655,655,655,0
2021-12-24 09:13:00,655,655,655,655,0
2021-12-24 09:14:00,655,655,655,655,0
2021-12-24 09:15:00,655,655,655,655,0
2021-12-24 09:16:00,655,655,655,655,0
2021-12-24 09:17:00,655,655,655,655,0
2021-12-24 09:18:00,655,655,655,655,0
2021-12-24 09:19:00,655,655,655,655,0
2021-12-24 09:20:00,655,655,655,655,0
2021-12-24 09:21:00,655,655,655,655,0
2021-12-24 09:22:00,655,655,655,655,0
2021-12-24 09:23:00,655,655,655,655,0
2021-12-24 09:24:00,655,655,655,655,0
2021-12-24 09:25:00,655,655,655,655,0
2021-12-24 09:26:00,655,655,655,655,0
2021-12-24 09:27:00,655,655,655,655,0
2021-12-24 09:28:00,655,655,655,655,0
2021-12-24 09:29:00,655,655,655,655,0
2021-12-24 09:30:00,655,655,655,655,0
2021-12-24 09:31:00,655,655,655,655,0
2021-12-24 09:32:00,655,655,655,655,0
2021-12-24 09:33:00,655,655,655,655,0
2021-12-24 09:34:00,655,655,655,655,0
2021-12-24 09:35:00,655,655,655,655,0
2021-12-24 09:36:00,655,655,655,655,0
2021-12-24 09:37:00,655,655,655,655,0
2021-12-24 09:38:00,655,655,655,655,0
2021-12-24 09:39:00,655,655,655,655,0
2021-12-24 09:40:00,655,655,655,655,0
2021-12-24 09:41:00,655,655,655,655,0
2021-12-24 09:42:00,655,655,655,655,0
2021-12-24 09:43:00,655,655,655,655,0
2021-12-24 09:44:00,655,655,655,655,0
2021-12-24 09:45:00,655,655,655,655,0
2021-12-24 09:46:00,655,655,655,655,0
2021-12-24 09:47:00,655,655,655,655,0
2021-12-24 09:48:00,655,655,655,655,0
2021-12-24 09:49:00,655,655,655,655,0
2021-12-24 09:50:00,655,655,655,655,0
2021-12-24 09:51:00,655,655,655,655,0
2021-12-24 09:52:00,655,655,655,655,0
2021-12-24 09:53:00,655,655,655,655,0
2021-12-24 09:54:00,655,655,655,655,0
2021-12-24 09:55:00,655,655,655,655,0
2021-12-24 09:56:00,655,655,655,655,0
2021-12-24 09:57:00,655,655,655,655,0
2021-12-24 09:58:00,655,655,655,655,0
2021-12-24 09:59:00,655,655,655,655,0
2021-12-24 10:00:00,655,655,655,655,0
2021-12-24 10:01:00,655,655,655,655,0
2021-12-24 10:02:00,655,655,655,655,0
2021-12-24 10:03:00,655,655,655,655,0
2021-12-24 10:04:00,655,655,655,655,0
2021-12-24 10:05:00,655,655,655,655,0
2021-12-24 10:06:00,655,655,655,655,0
2021-12-24 10:07:00,655,655,655,655,0
2021-12-24 10:08:00,655,655,655,655,0
2021-12-24 10:09:00,655,655,655,655,0
2021-12-24 10:10:00,655,655,655,655,0
2021-12-24 10:11:00,655,655,655,655,0
2021-12-24 10:12:00,655,655,655,655,0
2021-12-24 10:13:00,655,655,655,655,0
2021-12-24 10:14:00,655,655,655,655,0
2021-12-24 10:15:00,655,655,655,655,0
2021-12-24 10:16:00,655,655,655,655,0
2021-12-24 10:17:00,655,655,655,655,0
2021-12-24 10:18:00,655,655,655,655,0
2021-12-24 10:19:00,655,655,655,655,0
2021-12-24 10:20:00,655,655,655,655,0
2021-12-24 10:21:00,655,655,655,655,0
2021-12-24 10:22:00,655,655,655,655,0
2021-12-24 10:23:00,655,655,655,655,0
2021-12-24 10:24:00,655,655,655,655,0
2021-12-24 10:25:00,655,655,655,655,0
2021-12-24 10:26:00,655,655,655,655,0
2021-12-24 10:27:00,655,655,655,655,0
2021-12-24 10:28:00,655,655,655,655,0
2021-12-24 10:29:00,655,655,655,655,0
2021-12-24 10:30:00,655,655,655,655,0
2021-12-24 10:31:00,655,655,655,655,0
2021-12-24 10:32:00,655,655,655,655,0
2021-12-24 10:33:00,655,655,655,655,0
2021-12-24 10:34:00,655,655,655,655,0
2021-12-24 10:35:00,655,655,655,655,0
2021-12-24 10:36:00,655,655,655,655,0
2021-12-24 10:37:00,655,655,655,655,0
2021-12-24 10:38:00,655,655,655,655,0
2021-12-24 10:39:00,655,655,655,655,0
2021-12-24 10:40:00,655,655,655,655,0
2021-12-24 10:41:00,655,655,655,655,0
2021-12-24 10:42:00,655,655,655,655,0
2021-12-24 10:43:00,655,655,655,655,0
2021-12-24 10:44:00,655,655,655,655,0
2021-12-24 10:45:00,655,655,655,655,0
2021-12-24 10:46:00,655,655,655,655,0
2021-12-24 10:47:00,655,655,655,655,0
2021-12-24 10:48:00,655,655,655,655,0
2021-12-24 10:49:00,655,655,655,655,0
2021-12-24 10:50:00,655,655,655,655,0
2021-12-24 10:51:00,655,655,655,655,0
2021-12-24 10:52:00,655,655,655,655,0
2021-12-24 10:53:00,655,655,655,655,0
2021-12-24 10:54:00,655,655,655,655,0
2021-12-24 10:55:00,655,655,655,655,0
2021-12-24 10:56:00,655,655,655,655,0
2021-12-24 10:57:00,655,655,655,655,0
2021-12-24 10:58:00,655,655,655,655,0
2021-12-24 10:59:00,655,655,655,655,0
2021-12-24 11:00:00,655,655,655,655,0
2021-12-24 11:01:00,655,655,655,655,0
2021-12-24 11:02:00,655,655,655,655,0
2021-12-24 11:03:00,655,655,655,655,0
2021-12-24 11:04:00,655,655,655,655,0
2021-12-24 11:05:00,655,655,655,655,0
2021-12-24 11:06:00,655,655,655,655,0
2021-12-24 11:07:00,655,655,655,655,0
2021-12-24 11:08:00,655,655,655,655,0
2021-12-24 11:09:00,655,655,655,655,0
2021-12-24 11:10:00,655,655,655,655,0
2021-12-24 11:11:00,655,655,655,655,0
2021-12-24 11:12:00,655,655,655,655,0
2021-12-24 11:13:00,655,655,655,655,0
2021-12-24 11:14:00,655,655,655,655,0
2021-12-24 11:15:00,655,655,655,655,0
2021-12-24 11:16:00,655,655,655,655,0
2021-12-24 11:17:00,655,655,655,655,0
2021-12-24 11:18:00,655,655,655,655,0
2021-12-24 11:19:00,655,655,655,655,0
2021-12-24 11:20:00,655,655,655,655,0
2021-12-24 11:21:00,655,655,655,655,0
2021-12-24 11:22:00,655,655,655,655,0
2021-12-24 11:23:00,655,655,655,655,0
2021-12-24 11:24:00,655,655,655,655,0
2021-12-24 11:25:00,655,655,655,655,0
2021-12-24 11:26:00,655,655,655,655,0
2021-12-24 11:27:00,655,655,655,655,0
2021-12-24 11:28:00,655,655,655,655,0
2021-12-24 11:29:00,655,655,655,655,0
2021-12-24 11:30:00,655,655,655,655,0
2021-12-24 11:31:00,655,655,655,655,0
2021-12-24 11:32:00,655,655,655,655,0
2021-12-24 11:33:00,655,655,655,655,0
2021-12-24 11:34:00,655,655,655,655,0
2021-12-24 11:35:00,655,655,655,655,0
2021-12-24 11:36:00,655,655,655,655,0
2021-12-24 11:37:00,655,655,655,655,0
2021-12-24 11:38:00,655,655,655,655,0
2021-12-24 11:39:00,655,655,655,655,0
2021-12-24 11:40:00,655,655,655,655,0
2021-12-24 11:41:00,655,655,655,655,0
2021-12-24 11:42:00,655,655,655,655,0
2021-12-24 11:43:00,655,655,655,655,0
2021-12-24 11:44:00,655,655,655,655,0
2021-12-24 11:45:00,655,655,655,655,0
2021-12-24 11:46:00,655,655,655,655,0
2021-12-24 11:47:00,655,655,655,655,0
2021-12-24 11:48:00,655,655,655,655,0
2021-12-24 11:49:00,655,655,655,655,0
2021-12-24 11:50:00,655,655,655,655,0
2021-12-24 11:51:00,655,655,655,655,0
2021-12-24 11:52:00,655,655,655,655,0
2021-12-24 11:53:00,655,655,655,655,0
2021-12-24 11:54:00,655,655,655,655,0
2021-12-24 11:55:00,655,655,655,655,0
2021-12-24 11:56:00,655,655,655,655,0
2021-12-24 11:57:00,655,655,655,655,0
2021-12-24 11:58:00,655,655,655,655,0
2021-12-24 11:59:00,655,655,655,655,0
2021-12-24 12:00:00,655,655,655,655,0
2021-12-24 12:01:00,655,655,655,655,0
2021-12-24 12:02:00,655,655,655,655,0
2021-12-24 12:03:00,655,655,655,655,0
2021-12-24 12:04:00,655,655,655,655,0
2021-12-24 12:05:00,655,655,655,655,0
2021-12-24 12:06:00,655,655,655,655,0
2021-12-24 12:07:00,655,655,655,655,0
2021-12-24 12:08:00,655,655,655,655,0
2021-12-24 12:09:00,655,655,655,655,0
2021-12-24 12:10:00,655,655,655,655,0
2021-12-24 12:11:00,655,655,655,655,0
2021-12-24 12:12:00,655,655,655,655,0
2021-12-24 12:13:00,655,655,655,655,0
2021-12-24 12:14:00,655,655,655,655,0
2021-12-24 12:15:00,655,655,655,655,0
2021-12-24 12:16:00,655,655,655,655,0
2021-12-24 12:17:00,655,655,655,655,0
2021-12-24 12:18:00,655,655,655,655,0
2021-12-24 12:19:00,655,655,655,655,0
2021-12-24 12:20:00,655,655,655,655,0
2021-12-24 12:21:00,655,655,655,655,0
2021-12-24 12:22:00,655,655,655,655,0
2021-12-24 12:23:00,655,655,655,655,0
2021-12-24 12:24:00,655,655,655,655,0
2021-12-24 12:25:00,655,655,655,655,0
2021-12-24 12:26:00,655,655,655,655,0
2021-12-24 12:27:00,655,655,655,655,0
2021-12-24 12:28:00,655,655,655,655,0
2021-12-24 12:29:00,655,655,655,655,0
2021-12-24 12:30:00,655,655,655,655,0
2021-12-24 12:31:00,655,655,655,655,0
2021-12-24 12:32:00,655,655,655,655,0
2021-12-24 12:33:00,655,655,655,655,0
2021-12-24 12:34:00,655,655,655,655,0
2021-12-24 12:35:00,655,655,655,655,0
2021-12-24 12:36:00,655,655,655,655,0
2021-12-24 12:37:00,655,655,655,655,0
2021-12-24 12:38:00,655,655,655,655,0
2021-12-24 12:39:00,655,655,655,655,0
2021-12-24 12:40:00,655,655,655,655,0
2021-12-24 12:41:00,655,655,655,655,0
2021-12-24 12:42:00,655,655,655,655,0
2021-12-24 12:43:00,655,655,655,655,0
2021-12-24 12:44:00,655,655,655,655,0
2021-12-24 12:45:00,655,655,655,655,0
2021-12-24 12:46:00,655,655,655,655,0
2021-12-24 12:47:00,655,655,655,655,0
2021-12-24 12:48:00,655,655,655,655,0
2021-12-24 12:49:00,655,655,655,655,0
2021-12-24 12:50:00,655,655,655,655,0
2021-12-24 12:51:00,655,655,655,655,0
2021-12-24 12:52:00,655,655,655,655,0
2021-12-24 12:53:00,655,655,655,655,0
2021-12-24 12:54:00,655,655,655,655,0
2021-12-24 12:55:00,655,655,655,655,0
2021-12-24 12:56:00,655,655,655,655,0
2021-12-24 12:57:00,655,655,655,655,0
2021-12-24 12:58:00,655,655,655,655,0
2021-12-24 12:59:00,655,655,655,655,0
2021-12-24 13:00:00,655,655,655,655,0
2021-12-24 13:01:00,655,655,655,655,0
2021-12-24 13:02:00,655,655,655,655,0
2021-12-24 13:03:00,655,655,655,655,0
2021-12-24 13:04:00,655,655,655,655,0
2021-12-24 13:05:00,655,655,655,655,0
2021-12-24 13:06:00,655,655,655,655,0
2021-12-24 13:07:00,655,655,655,655,0
2021-12-24 13:08:00,655,655,655,655,0
2021-12-24 13:09:00,655,655,655,655,0
2021-12-24 13:10:00,655,655,655,655,0
2021-12-24 13:11:00,655,655,655,655,0
2021-12-24 13:12:00,655,655,655,655,0
2021-12-24 13:13:00,655,655,655,655,0
2021-12-24 13:14:00,655,655,655,655,0
2021-12-24 13:15:00,655,655,655,655,0
2021-12-24 13:16:00,655,655,655,655,0
2021-12-24 13:17:00,655,655,655,655,0
2021-12-24 13:18:00,655,655,655,655,0
2021-12-24 13:19:00,655,655,655,655,0
2021-12-24 13:20:00,655,655,655,655,0
2021-12-24 13:21:00,655,655,655,655,0
2021-12-24 13:22:00,655,655,655,655,0
2021-12-24 13:23:00,655,655,655,655,0
2021-12-24 13:24:00,655,655,655,655,0
2021-12-24 13:25:00,655,655,655,655,0
2021-12-24 13:26:00,655,655,655,655,0
2021-12-24 13:27:00,655,655,655,655,0
2021-12-24 13:28:00,655,655,655,655,0
2021-12-24 13:29:00,655,655,655,655,0
2021-12-24 13:30:00,655,655,655,655,0
2021-12-24 13:31:00,655,655,655,655,0
2021-12-24 13:32:00,655,655,655,655,0
2021-12-24 13:33:00,655,655,655,655,0
2021-12-24 13:34:00,655,655,655,655,0
2021-12-24 13:35:00,655,655,655,655,0
2021-12-24 13:36:00,655,655,655,655,0
2021-12-24 13:37:00,655,655,655,655,0
2021-12-24 13:38:00,655,655,655,655,0
2021-12-24 13:39:00,655,655,655,655,0
2021-12-24 13:40:00,655,655,655,655,0
2021-12-24 13:41:00,655,655,655,655,0
2021-12-24 13:42:00,655,655,655,655,0
2021-12-24 13:43:00,655,655,655,655,0
2021-12-24 13:44:00,655,655,655,655,0
2021-12-24 13:45:00,655,655,655,655,0
2021-12-24 13:46:00,655,655,655,655,0
2021-12-24 13:47:00,655,655,655,655,0
2021-12-24 13:48:00,655,655,655,655,0
2021-12-24 13:49:00,655,655,655,655,0
2021-12-24 13:50:00,655,655,655,655,0
2021-12-24 13:51:00,655,655,655,655,0
2021-12-24 13:52:00,655,655,655,655,0
2021-12-24 13:53:00,655,655,655,655,0
2021-12-24 13:54:00,655,655,655,655,0
2021-12-24 13:55:00,655,655,655,655,0
2021-12-24 13:56:00,655,655,655,655,0
2021-12-24 13:57:00,655,655,655,655,0
2021-12-24 13:58:00,655,655,655,655,0
2021-12-24 13:59:00,655,655,655,655,0
2021-12-24 14:00:00,655,655,655,655,0
2021-12-24 14:01:00,655,655,655,655,0
2021-12-24 14:02:00,655,655,655,655,0
2021-12-24 14:03:00,655,655,655,655,0
2021-12-24 14:04:00,655,655,655,655,0
2021-12-24 14:05:00,655,655,655,655,0
2021-12-24 14:06:00,655,655,655,655,0
2021-12-24 14:07:00,655,655,655,655,0
2021-12-24 14:08:00,655,655,655,655,0
2021-12-24 14:09:00,655,655,655,655,0
2021-12-24 14:10:00,655,655,655,655,0
2021-12-24 14:11:00,655,655,655,655,0
2021-12-24 14:12:00,655,655,655,655,0
2021-12-24 14:13:00,655,655,655,655,0
2021-12-24 14:14:00,655,655,655,655,0
2021-12-24 14:15:00,655,655,655,655,0
2021-12-24 14:16:00,655,655,655,655,0
2021-12-24 14:17:00,655,655,655,655,0
2021-12-24 14:18:00,655,655,655,655,0
2021-12-24 14:19:00,655,655,655,655,0
2021-12-24 14:20:00,655,655,655,655,0
2021-12-24 14:21:00,655,655,655,655,0
2021-12-24 14:22:00,655,655,655,655,0
2021-12-24 14:23:00,655,655,655,655,0
2021-12-24 14:24:00,655,655,655,655,0
2021-12-24 14:25:00,655,655,655,655,0
2021-12-24 14:26:00,655,655,655,655,0
2021-12-24 14:27:00,655,655,655,655,0
2021-12-24 14:28:00,655,655,655,655,0
2021-12-24 14:29:00,655,655,655,655,0
2021-12-24 14:30:00,655,655,655,655,0
2021-12-24 14:31:00,655,655,655,655,0
2021-12-24 14:32:00,655,655,655,655,0
2021-12-24 14:33:00,655,655,655,655,0
2021-12-24 14:34:00,655,655,655,655,0
2021-12-24 14:35:00,655,655,655,655,0
2021-12-24 14:36:00,655,655,655,655,0
2021-12-24 14:37:00,655,655,655,655,0
2021-12-24 14:38:00,655,655,655,655,0
2021-12-24 14:39:00,655,655,655,655,0
2021-12-24 14:40:00,655,655,655,655,0
2021-12-24 14:41:00,655,655,655,655,0
2021-12-24 14:42:00,655,655,655,655,0
2021-12-24 14:43:00,655,655,655,655,0
2021-12-24 14:44:00,655,655,655,655,0
2021-12-24 14:45:00,655,655,655,655,0
2021-12-24 14:46:00,655,655,655,655,0
2021-12-24 14:47:00,655,655,655,655,0
2021-12-24 14:48:00,655,655,655,655,0
2021-12-24 14:49:00,655,655,655,655,0
2021-12-24 14:50:00,655,655,655,655,0
2021-12-24 14:51:00,655,655,655,655,0
2021-12-24 14:52:00,655,655,655,655,0
2021-12-24 14:53:00,655,655,655,655,0
2021-12-24 14:54:00,655,655,655,655,0
2021-12-24 14:55:00,655,655,655,655,0
2021-12-24 14:56:00,655,655,655,655,0
2021-12-24 14:57:00,655,655,655,655,0
2021-12-24 14:58:00,655,655,655,655,0
2021-12-24 14:59:00,655,655,655,655,0
2021-12-24 15:00:00,655,655,655,655,0
2021-12-24 15:01:00,655,655,655,655,0
2021-12-24 15:02:00,655,655,655,655,0
2021-12-24 15:03:00,655,655,655,655,0
2021-12-24 15:04:00,655,655,655,655,0
2021-12-24 15:05:00,655,655,655,655,0
2021-12-24 15:06:00,655,655,655,655,0
2021-12-24 15:07:00,655,655,655,655,0
2021-12-24 15:08:00,655,655,655,655,0
2021-12-24 15:09:00,655,655,655,655,0
2021-12-24 15:10:00,655,655,655,655,0
2021-12-24 15:11:00,655,655,655,655,0
2021-12-24 15:12:00,655,655,655,655,0
2021-12-24 15:13:00,655,655,655,655,0
2021-12-24 15:14:00,655,655,655,655,0
2021-12-24 15:15:00,655,655,655,655,0
2021-12-24 15:16:00,655,655,655,655,0
2021-12-24 15:17:00,655,655,655,655,0
2021-12-24 15:18:00,655,655,655,655,0
2021-12-24 15:19:00,655,655,655,655,0
2021-12-24 15:20:00,655,655,655,655,0
2021-12-24 15:21:00,655,655,655,655,0
2021-12-24 15:22:00,655,655,655,655,0
2021-12-24 15:23:00,655,655,655,655,0
2021-12-24 15:24:00,655,655,655,655,0
2021-12-24 15:25:00,655,655,655,655,0
2021-12-24 15:26:00,655,655,655,655,0
2021-12-24 15:27:00,655,655,655,655,0
2021-12-24 15:28:00,655,655,655,655,0
2021-12-24 15:29:00,655,655,655,655,0
2021-12-24 15:30:00,655,655,655,655,0
2021-12-24 15:31:00,655,655,655,655,0
2021-12-24 15:32:00,655,655,655,655,0
2021-12-24 15:33:00,655,655,655,655,0
2021-12-24 15:34:00,655,655,655,655,0
2021-12-24 15:35:00,655,655,655,655,0
2021-12-24 15:36:00,655,655,655,655,0
2021-12-24 15:37:00,655,655,655,655,0
2021-12-24 15:38:00,655,655,655,655,0
2021-12-24 15:39:00,655,655,655,655,0
2021-12-24 15:40:00,655,655,655,655,0
2021-12-24 15:41:00,655,655,655,655,0
2021-12-24 15:42:00,655,655,655,655,0
2021-12-24 15:43:00,655,655,655,655,0
2021-12-24 15:44:00,655,655,655,655,0
2021-12-24 15:45:00,655,655,655,655,0
2021-12-24 15:46:00,655,655,655,655,0
2021-12-24 15:47:00,655,655,655,655,0
2021-12-24 15:48:00,655,655,655,655,0
2021-12-24 15:49:00,655,655,655,655,0
2021-12-24 15:50:00,655,655,655,655,0
2021-12-24 15:51:00,655,655,655,655,0
2021-12-24 15:52:00,655,655,655,655,0
2021-12-24 15:53:00,655,655,655,655,0
2021-12-24 15:54:00,655,655,655,655,0
2021-12-24 15:55:00,655,655,655,655,0
2021-12-24 15:56:00,655,655,655,655,0
2021-12-24 15:57:00,655,655,655,655,0
2021-12-24 15:58:00,655,655,655,655,0
2021-12-24 15:59:00,655,655,655,655,0
2021-12-27 09:00:00,630,630,630,630,0
2021-12-27 09:01:00,640,640,650,650,0
2021-12-27 09:02:00,650,650,650,650,16000
2021-12-27 09:03:00,650,650,650,650,35000
2021-12-27 09:04:00,650,650,650,650,1700
2021-12-27 09:05:00,650,650,650,650,1500
2021-12-27 09:06:00,650,650,650,650,23200
2021-12-27 09:07:00,650,650,650,650,1200
2021-12-27 09:08:00,650,650,650,650,300
2021-12-27 09:09:00,650,650,650,650,300
2021-12-27 09:10:00,650,650,650,650,300
2021-12-27 09:11:00,645,645,645,645,9100
2021-12-27 09:12:00,645,645,645,645,10100
2021-12-27 09:13:00,650,650,650,650,200
2021-12-27 09:14:00,650,650,650,650,300
2021-12-27 09:15:00,650,650,650,650,200
2021-12-27 09:16:00,650,650,650,650,0
2021-12-27 09:17:00,650,650,650,650,200
2021-12-27 09:18:00,650,650,650,650,300
2021-12-27 09:19:00,650,650,650,650,0
2021-12-27 09:20:00,650,650,650,650,5300
2021-12-27 09:21:00,650,650,650,650,0
2021-12-27 09:22:00,650,650,650,650,1100
2021-12-27 09:23:00,650,650,650,650,200
2021-12-27 09:24:00,650,650,650,650,60000
2021-12-27 09:25:00,650,650,650,650,5100
2021-12-27 09:26:00,650,650,650,650,3100
2021-12-27 09:27:00,650,650,650,650,0
2021-12-27 09:28:00,650,650,650,650,7100
2021-12-27 09:29:00,650,650,650,650,2700
2021-12-27 09:30:00,650,650,655,655,1200
2021-12-27 09:31:00,655,655,655,655,900
2021-12-27 09:32:00,655,655,655,655,0
2021-12-27 09:33:00,655,650,655,655,4800
2021-12-27 09:34:00,655,655,655,655,700
2021-12-27 09:35:00,655,655,655,655,29300
2021-12-27 09:36:00,655,655,655,655,100
2021-12-27 09:37:00,660,660,660,660,600
2021-12-27 09:38:00,660,660,660,660,18000
2021-12-27 09:39:00,655,655,660,660,50200
2021-12-27 09:40:00,660,660,660,660,9400
2021-12-27 09:41:00,665,665,665,665,800
2021-12-27 09:42:00,660,660,660,660,6300
2021-12-27 09:43:00,660,660,660,660,8700
2021-12-27 09:44:00,665,660,665,660,3100
2021-12-27 09:45:00,660,650,660,650,45100
2021-12-27 09:46:00,650,645,655,655,20300
2021-12-27 09:47:00,650,645,655,655,0
2021-12-27 09:48:00,655,655,655,655,600
2021-12-27 09:49:00,655,655,655,655,0
2021-12-27 09:50:00,655,655,655,655,800
2021-12-27 09:51:00,650,650,655,655,1900
2021-12-27 09:52:00,655,650,655,650,5000
2021-12-27 09:53:00,655,655,655,655,500
2021-12-27 09:54:00,655,655,655,655,0
2021-12-27 09:55:00,655,655,655,655,200
2021-12-27 09:56:00,655,655,655,655,1300
2021-12-27 09:57:00,655,655,655,655,0
2021-12-27 09:58:00,655,655,655,655,0
2021-12-27 09:59:00,655,655,655,655,300
2021-12-27 10:00:00,650,650,655,655,7200
2021-12-27 10:01:00,650,650,655,655,0
2021-12-27 10:02:00,650,650,655,655,0
2021-12-27 10:03:00,650,650,655,655,59000
2021-12-27 10:04:00,655,655,655,655,1200
2021-12-27 10:05:00,655,655,655,655,0
2021-12-27 10:06:00,655,655,655,655,1000
2021-12-27 10:07:00,650,650,650,650,5100
2021-12-27 10:08:00,650,650,650,650,6200
2021-12-27 10:09:00,650,650,650,650,2800
2021-12-27 10:10:00,650,650,650,650,2000
2021-12-27 10:11:00,650,650,650,650,200
2021-12-27 10:12:00,650,650,650,650,0
2021-12-27 10:13:00,650,650,650,650,200
2021-12-27 10:14:00,650,650,650,650,0
2021-12-27 10:15:00,650,650,650,650,3800
2021-12-27 10:16:00,650,650,650,650,1000
2021-12-27 10:17:00,650,650,650,650,800
2021-12-27 10:18:00,650,650,650,650,0
2021-12-27 10:19:00,650,650,650,650,200
2021-12-27 10:20:00,650,650,650,650,7700
2021-12-27 10:21:00,655,655,655,655,200
2021-12-27 10:22:00,655,655,655,655,0
2021-12-27 10:23:00,655,655,655,655,300
2021-12-27 10:24:00,650,650,650,650,8300
2021-12-27 10:25:00,650,650,650,650,0
2021-12-27 10:26:00,650,650,650,650,0
2021-12-27 10:27:00,650,650,650,650,200
2021-12-27 10:28:00,650,650,650,650,0
2021-12-27 10:29:00,650,650,650,650,0
2021-12-27 10:30:00,650,650,650,650,0
2021-12-27 10:31:00,650,650,650,650,200
2021-12-27 10:32:00,650,650,650,650,1000
2021-12-27 10:33:00,650,650,650,650,0
2021-12-27 10:34:00,650,650,650,650,0
2021-12-27 10:35:00,650,650,650,650,0
2021-12-27 10:36:00,650,650,650,650,300
2021-12-27 10:37:00,650,650,650,650,0
2021-12-27 10:38:00,650,650,650,650,0
2021-12-27 10:39:00,650,650,650,650,300
2021-12-27 10:40:00,650,650,650,650,0
2021-12-27 10:41:00,650,650,650,650,300
2021-12-27 10:42:00,650,650,650,650,0
2021-12-27 10:43:00,650,650,650,650,200
2021-12-27 10:44:00,645,645,645,645,8500
2021-12-27 10:45:00,650,650,650,650,300
2021-12-27 10:46:00,650,650,650,650,0
2021-12-27 10:47:00,650,650,650,650,0
2021-12-27 10:48:00,650,650,650,650,1800
2021-12-27 10:49:00,650,650,650,650,300
2021-12-27 10:50:00,650,650,650,650,0
2021-12-27 10:51:00,650,650,650,650,0
2021-12-27 10:52:00,650,650,650,650,0
2021-12-27 10:53:00,650,650,650,650,0
2021-12-27 10:54:00,650,650,650,650,1000
2021-12-27 10:55:00,650,650,650,650,0
2021-12-27 10:56:00,650,650,650,650,1900
2021-12-27 10:57:00,650,650,650,650,0
2021-12-27 10:58:00,650,650,650,650,0
2021-12-27 10:59:00,650,650,650,650,0
2021-12-27 11:00:00,650,650,650,650,800
2021-12-27 11:01:00,650,650,650,650,0
2021-12-27 11:02:00,650,650,650,650,200
2021-12-27 11:03:00,650,650,650,650,2500
2021-12-27 11:04:00,650,650,650,650,0
2021-12-27 11:05:00,650,650,650,650,300
2021-12-27 11:06:00,650,650,650,650,0
2021-12-27 11:07:00,650,650,650,650,0
2021-12-27 11:08:00,650,650,650,650,0
2021-12-27 11:09:00,650,650,650,650,1000
2021-12-27 11:10:00,650,650,650,650,200
2021-12-27 11:11:00,650,650,650,650,0
2021-12-27 11:12:00,650,650,650,650,0
2021-12-27 11:13:00,650,650,650,650,200
2021-12-27 11:14:00,650,650,650,650,0
2021-12-27 11:15:00,650,650,650,650,300
2021-12-27 11:16:00,650,650,650,650,0
2021-12-27 11:17:00,650,650,650,650,400
2021-12-27 11:18:00,650,650,650,650,0
2021-12-27 11:19:00,650,650,650,650,300
2021-12-27 11:20:00,650,650,650,650,0
2021-12-27 11:21:00,650,650,650,650,200
2021-12-27 11:22:00,650,650,650,650,0
2021-12-27 11:23:00,650,650,650,650,1400
2021-12-27 11:24:00,650,650,650,650,200
2021-12-27 11:25:00,650,650,650,650,2100
2021-12-27 11:26:00,650,650,650,650,200
2021-12-27 11:27:00,650,650,650,650,200
2021-12-27 11:28:00,650,650,650,650,800
2021-12-27 11:29:00,650,650,650,650,500
2021-12-27 11:30:00,650,650,650,650,0
2021-12-27 11:31:00,650,650,650,650,0
2021-12-27 11:32:00,650,650,650,650,0
2021-12-27 11:33:00,650,650,650,650,0
2021-12-27 11:34:00,650,650,650,650,0
2021-12-27 11:35:00,650,650,650,650,0
2021-12-27 11:36:00,650,650,650,650,0
2021-12-27 11:37:00,650,650,650,650,0
2021-12-27 11:38:00,650,650,650,650,0
2021-12-27 11:39:00,650,650,650,650,0
2021-12-27 11:40:00,650,650,650,650,0
2021-12-27 11:41:00,650,650,650,650,0
2021-12-27 11:42:00,650,650,650,650,0
2021-12-27 11:43:00,650,650,650,650,0
2021-12-27 11:44:00,650,650,650,650,0
2021-12-27 11:45:00,650,650,650,650,0
2021-12-27 11:46:00,650,650,650,650,0
2021-12-27 11:47:00,650,650,650,650,0
2021-12-27 11:48:00,650,650,650,650,0
2021-12-27 11:49:00,650,650,650,650,0
2021-12-27 11:50:00,650,650,650,650,0
2021-12-27 11:51:00,650,650,650,650,0
2021-12-27 11:52:00,650,650,650,650,0
2021-12-27 11:53:00,650,650,650,650,0
2021-12-27 11:54:00,650,650,650,650,0
2021-12-27 11:55:00,650,650,650,650,0
2021-12-27 11:56:00,650,650,650,650,0
2021-12-27 11:57:00,650,650,650,650,0
2021-12-27 11:58:00,650,650,650,650,0
2021-12-27 11:59:00,650,650,650,650,0
2021-12-27 12:00:00,650,650,650,650,0
2021-12-27 12:01:00,650,650,650,650,0
2021-12-27 12:02:00,650,650,650,650,0
2021-12-27 12:03:00,650,650,650,650,0
2021-12-27 12:04:00,650,650,650,650,0
2021-12-27 12:05:00,650,650,650,650,0
2021-12-27 12:06:00,650,650,650,650,0
2021-12-27 12:07:00,650,650,650,650,0
2021-12-27 12:08:00,650,650,650,650,0
2021-12-27 12:09:00,650,650,650,650,0
2021-12-27 12:10:00,650,650,650,650,0
2021-12-27 12:11:00,650,650,650,650,0
2021-12-27 12:12:00,650,650,650,650,0
2021-12-27 12:13:00,650,650,650,650,0
2021-12-27 12:14:00,650,650,650,650,0
2021-12-27 12:15:00,650,650,650,650,0
2021-12-27 12:16:00,650,650,650,650,0
2021-12-27 12:17:00,650,650,650,650,0
2021-12-27 12:18:00,650,650,650,650,0
2021-12-27 12:19:00,650,650,650,650,0
2021-12-27 12:20:00,650,650,650,650,0
2021-12-27 12:21:00,650,650,650,650,0
2021-12-27 12:22:00,650,650,650,650,0
2021-12-27 12:23:00,650,650,650,650,0
2021-12-27 12:24:00,650,650,650,650,0
2021-12-27 12:25:00,650,650,650,650,0
2021-12-27 12:26:00,650,650,650,650,0
2021-12-27 12:27:00,650,650,650,650,0
2021-12-27 12:28:00,650,650,650,650,0
2021-12-27 12:29:00,650,650,650,650,0
2021-12-27 12:30:00,650,650,650,650,0
2021-12-27 12:31:00,650,650,650,650,0
2021-12-27 12:32:00,650,650,650,650,0
2021-12-27 12:33:00,650,650,650,650,0
2021-12-27 12:34:00,650,650,650,650,0
2021-12-27 12:35:00,650,650,650,650,0
2021-12-27 12:36:00,650,650,650,650,0
2021-12-27 12:37:00,650,650,650,650,0
2021-12-27 12:38:00,650,650,650,650,0
2021-12-27 12:39:00,650,650,650,650,0
2021-12-27 12:40:00,650,650,650,650,0
2021-12-27 12:41:00,650,650,650,650,0
2021-12-27 12:42:00,650,650,650,650,0
2021-12-27 12:43:00,650,650,650,650,0
2021-12-27 12:44:00,650,650,650,650,0
2021-12-27 12:45:00,650,650,650,650,0
2021-12-27 12:46:00,650,650,650,650,0
2021-12-27 12:47:00,650,650,650,650,0
2021-12-27 12:48:00,650,650,650,650,0
2021-12-27 12:49:00,650,650,650,650,0
2021-12-27 12:50:00,650,650,650,650,0
2021-12-27 12:51:00,650,650,650,650,0
2021-12-27 12:52:00,650,650,650,650,0
2021-12-27 12:53:00,650,650,650,650,0
2021-12-27 12:54:00,650,650,650,650,0
2021-12-27 12:55:00,650,650,650,650,0
2021-12-27 12:56:00,650,650,650,650,0
2021-12-27 12:57:00,650,650,650,650,0
2021-12-27 12:58:00,650,650,650,650,0
2021-12-27 12:59:00,650,650,650,650,0
2021-12-27 13:00:00,650,650,650,650,0
2021-12-27 13:01:00,650,650,650,650,0
2021-12-27 13:02:00,650,650,650,650,0
2021-12-27 13:03:00,650,650,650,650,0
2021-12-27 13:04:00,650,650,650,650,0
2021-12-27 13:05:00,650,650,650,650,0
2021-12-27 13:06:00,650,650,650,650,0
2021-12-27 13:07:00,650,650,650,650,0
2021-12-27 13:08:00,650,650,650,650,0
2021-12-27 13:09:00,650,650,650,650,0
2021-12-27 13:10:00,650,650,650,650,0
2021-12-27 13:11:00,650,650,650,650,0
2021-12-27 13:12:00,650,650,650,650,0
2021-12-27 13:13:00,650,650,650,650,0
2021-12-27 13:14:00,650,650,650,650,0
2021-12-27 13:15:00,650,650,650,650,0
2021-12-27 13:16:00,650,650,650,650,0
2021-12-27 13:17:00,650,650,650,650,0
2021-12-27 13:18:00,650,650,650,650,0
2021-12-27 13:19:00,650,650,650,650,0
2021-12-27 13:20:00,650,650,650,650,0
2021-12-27 13:21:00,650,650,650,650,0
2021-12-27 13:22:00,650,650,650,650,0
2021-12-27 13:23:00,650,650,650,650,0
2021-12-27 13:24:00,650,650,650,650,0
2021-12-27 13:25:00,650,650,650,650,0
2021-12-27 13:26:00,650,650,650,650,0
2021-12-27 13:27:00,650,650,650,650,0
2021-12-27 13:28:00,650,650,650,650,0
2021-12-27 13:29:00,650,650,650,650,0
2021-12-27 13:30:00,650,650,650,650,9000
2021-12-27 13:31:00,650,650,650,650,1300
2021-12-27 13:32:00,650,650,650,650,300
2021-12-27 13:33:00,650,650,650,650,0
2021-12-27 13:34:00,650,645,650,645,16800
2021-12-27 13:35:00,645,645,645,645,2300
2021-12-27 13:36:00,645,645,645,645,1700
2021-12-27 13:37:00,645,645,645,645,1000
2021-12-27 13:38:00,645,645,645,645,1000
2021-12-27 13:39:00,645,645,645,645,1000
2021-12-27 13:40:00,645,645,645,645,0
2021-12-27 13:41:00,645,645,645,645,0
2021-12-27 13:42:00,645,645,645,645,0
2021-12-27 13:43:00,650,650,650,650,600
2021-12-27 13:44:00,650,650,650,650,2600
2021-12-27 13:45:00,650,650,650,650,0
2021-12-27 13:46:00,650,650,650,650,200
2021-12-27 13:47:00,650,650,650,650,0
2021-12-27 13:48:00,650,650,650,650,0
2021-12-27 13:49:00,650,650,650,650,300
2021-12-27 13:50:00,650,650,650,650,0
2021-12-27 13:51:00,650,650,650,650,300
2021-12-27 13:52:00,650,650,650,650,0
2021-12-27 13:53:00,650,650,650,650,200
2021-12-27 13:54:00,650,650,650,650,0
2021-12-27 13:55:00,645,645,650,650,1900
2021-12-27 13:56:00,645,645,650,650,0
2021-12-27 13:57:00,645,645,650,650,0
2021-12-27 13:58:00,650,650,650,650,300
2021-12-27 13:59:00,650,650,650,650,0
2021-12-27 14:00:00,650,650,650,650,500
2021-12-27 14:01:00,645,645,645,645,1600
2021-12-27 14:02:00,645,645,645,645,1500
2021-12-27 14:03:00,645,645,645,645,0
2021-12-27 14:04:00,645,645,645,645,0
2021-12-27 14:05:00,645,645,645,645,0
2021-12-27 14:06:00,645,645,645,645,0
2021-12-27 14:07:00,645,645,645,645,0
2021-12-27 14:08:00,640,640,640,640,15800
2021-12-27 14:09:00,640,640,640,640,0
2021-12-27 14:10:00,640,640,640,640,0
2021-12-27 14:11:00,635,630,655,655,395000
2021-12-27 14:12:00,635,630,655,655,0
2021-12-27 14:13:00,650,650,650,650,10000
2021-12-27 14:14:00,645,645,645,645,1000
2021-12-27 14:15:00,650,645,650,645,4400
2021-12-27 14:16:00,650,650,650,650,300
2021-12-27 14:17:00,650,650,650,650,0
2021-12-27 14:18:00,650,650,650,650,200
2021-12-27 14:19:00,650,650,650,650,0
2021-12-27 14:20:00,650,650,650,650,0
2021-12-27 14:21:00,650,650,650,650,300
2021-12-27 14:22:00,650,650,650,650,0
2021-12-27 14:23:00,650,650,650,650,300
2021-12-27 14:24:00,650,650,650,650,500
2021-12-27 14:25:00,650,650,650,650,0
2021-12-27 14:26:00,650,650,650,650,1000
2021-12-27 14:27:00,650,650,650,650,200
2021-12-27 14:28:00,645,630,645,630,179400
2021-12-27 14:29:00,650,650,650,650,10100
2021-12-27 14:30:00,645,645,645,645,22100
2021-12-27 14:31:00,645,645,645,645,7200
2021-12-27 14:32:00,645,645,645,645,200
2021-12-27 14:33:00,640,640,645,645,400
2021-12-27 14:34:00,645,640,645,640,300
2021-12-27 14:35:00,640,635,640,640,5600
2021-12-27 14:36:00,640,640,640,640,8200
2021-12-27 14:37:00,640,640,640,640,0
2021-12-27 14:38:00,640,640,640,640,0
2021-12-27 14:39:00,635,630,645,640,81500
2021-12-27 14:40:00,640,640,640,640,1400
2021-12-27 14:41:00,640,640,640,640,0
2021-12-27 14:42:00,640,640,640,640,1000
2021-12-27 14:43:00,640,640,640,640,200
2021-12-27 14:44:00,640,640,640,640,0
2021-12-27 14:45:00,640,640,640,640,0
2021-12-27 14:46:00,640,640,640,640,500
2021-12-27 14:47:00,635,630,640,640,87500
2021-12-27 14:48:00,640,635,640,635,2100
2021-12-27 14:49:00,640,635,640,640,47500
2021-12-27 14:50:00,640,640,640,640,10000
2021-12-27 14:51:00,640,640,640,640,0
2021-12-27 14:52:00,640,640,640,640,0
2021-12-27 14:53:00,640,640,640,640,0
2021-12-27 14:54:00,640,640,640,640,0
2021-12-27 14:55:00,640,640,640,640,0
2021-12-27 14:56:00,640,640,640,640,0
2021-12-27 14:57:00,640,640,640,640,0
2021-12-27 14:58:00,640,640,640,640,0
2021-12-27 14:59:00,640,640,640,640,0
2021-12-27 15:00:00,640,640,640,640,75100
2021-12-27 15:01:00,640,640,640,640,0
2021-12-27 15:02:00,640,640,640,640,0
2021-12-27 15:03:00,640,640,640,640,68100
2021-12-27 15:04:00,640,640,640,640,230000
2021-12-27 15:05:00,640,640,640,640,500100
2021-12-27 15:06:00,640,640,640,640,157100
2021-12-27 15:07:00,640,640,640,640,0
2021-12-27 15:08:00,640,640,640,640,0
2021-12-27 15:09:00,640,640,640,640,0
2021-12-27 15:10:00,640,640,640,640,0
2021-12-27 15:11:00,640,640,640,640,0
2021-12-27 15:12:00,640,640,640,640,0
2021-12-27 15:13:00,640,640,640,640,0
2021-12-27 15:14:00,640,640,640,640,0
2021-12-27 15:15:00,640,640,640,640,0
2021-12-27 15:16:00,640,640,640,640,0
2021-12-27 15:17:00,640,640,640,640,0
2021-12-27 15:18:00,640,640,640,640,0
2021-12-27 15:19:00,640,640,640,640,0
2021-12-27 15:20:00,640,640,640,640,0
2021-12-27 15:21:00,640,640,640,640,0
2021-12-27 15:22:00,640,640,640,640,0
2021-12-27 15:23:00,640,640,640,640,0
2021-12-27 15:24:00,640,640,640,640,0
2021-12-27 15:25:00,640,640,640,640,0
2021-12-27 15:26:00,640,640,640,640,0
2021-12-27 15:27:00,640,640,640,640,0
2021-12-27 15:28:00,640,640,640,640,0
2021-12-27 15:29:00,640,640,640,640,0
2021-12-27 15:30:00,640,640,640,640,0
2021-12-27 15:31:00,640,640,640,640,0
2021-12-27 15:32:00,640,640,640,640,0
2021-12-27 15:33:00,640,640,640,640,0
2021-12-27 15:34:00,640,640,640,640,0
2021-12-27 15:35:00,640,640,640,640,0
2021-12-27 15:36:00,640,640,640,640,0
2021-12-27 15:37:00,640,640,640,640,0
2021-12-27 15:38:00,640,640,640,640,0
2021-12-27 15:39:00,640,640,640,640,0
2021-12-27 15:40:00,640,640,640,640,0
2021-12-27 15:41:00,640,640,640,640,0
2021-12-27 15:42:00,640,640,640,640,0
2021-12-27 15:43:00,640,640,640,640,0
2021-12-27 15:44:00,640,640,640,640,0
2021-12-27 15:45:00,640,640,640,640,0
2021-12-27 15:46:00,640,640,640,640,0
2021-12-27 15:47:00,640,640,640,640,0
2021-12-27 15:48:00,640,640,640,640,0
2021-12-27 15:49:00,640,640,640,640,0
2021-12-27 15:50:00,640,640,640,640,0
2021-12-27 15:51:00,640,640,640,640,0
2021-12-27 15:52:00,640,640,640,640,0
2021-12-27 15:53:00,640,640,640,640,0
2021-12-27 15:54:00,640,640,640,640,0
2021-12-27 15:55:00,640,640,640,640,0
2021-12-27 15:56:00,640,640,640,640,0
2021-12-27 15:57:00,640,640,640,640,0
2021-12-27 15:58:00,640,640,640,640,0
2021-12-27 15:59:00,640,640,640,640,0
2021-12-28 09:00:00,640,640,640,640,0
2021-12-28 09:01:00,640,640,640,640,0
2021-12-28 09:02:00,650,650,650,650,0
2021-12-28 09:03:00,650,650,650,650,300
2021-12-28 09:04:00,650,650,650,650,300
2021-12-28 09:05:00,650,650,650,650,300
2021-12-28 09:06:00,650,650,650,650,300
2021-12-28 09:07:00,650,650,650,650,1300
2021-12-28 09:08:00,645,645,650,650,3100
2021-12-28 09:09:00,645,645,650,650,0
2021-12-28 09:10:00,650,650,650,650,500
2021-12-28 09:11:00,650,650,650,650,0
2021-12-28 09:12:00,650,650,650,650,0
2021-12-28 09:13:00,650,650,650,650,300
2021-12-28 09:14:00,650,650,650,650,0
2021-12-28 09:15:00,650,650,650,650,300
2021-12-28 09:16:00,650,650,650,650,0
2021-12-28 09:17:00,650,650,650,650,300
2021-12-28 09:18:00,650,650,650,650,0
2021-12-28 09:19:00,650,650,650,650,200
2021-12-28 09:20:00,650,650,650,650,0
2021-12-28 09:21:00,650,650,650,650,0
2021-12-28 09:22:00,650,650,650,650,0
2021-12-28 09:23:00,650,650,650,650,1100
2021-12-28 09:24:00,650,650,650,650,0
2021-12-28 09:25:00,650,650,650,650,0
2021-12-28 09:26:00,650,650,650,650,200
2021-12-28 09:27:00,650,650,650,650,200
2021-12-28 09:28:00,645,645,645,645,16600
2021-12-28 09:29:00,650,650,650,650,300
2021-12-28 09:30:00,650,650,650,650,1100
2021-12-28 09:31:00,650,650,650,650,0
2021-12-28 09:32:00,650,650,650,650,0
2021-12-28 09:33:00,650,650,650,650,1000
2021-12-28 09:34:00,650,650,650,650,4500
2021-12-28 09:35:00,650,650,650,650,0
2021-12-28 09:36:00,650,650,650,650,2500
2021-12-28 09:37:00,650,650,650,650,500
2021-12-28 09:38:00,650,650,650,650,100
2021-12-28 09:39:00,650,650,650,650,0
2021-12-28 09:40:00,650,650,650,650,300
2021-12-28 09:41:00,650,650,650,650,0
2021-12-28 09:42:00,650,650,650,650,300
2021-12-28 09:43:00,650,650,650,650,0
2021-12-28 09:44:00,650,650,650,650,200
2021-12-28 09:45:00,650,650,650,650,0
2021-12-28 09:46:00,650,650,650,650,0
2021-12-28 09:47:00,650,650,650,650,0
2021-12-28 09:48:00,650,650,650,650,0
2021-12-28 09:49:00,650,650,650,650,200
2021-12-28 09:50:00,650,650,650,650,0
2021-12-28 09:51:00,650,650,650,650,0
2021-12-28 09:52:00,650,650,650,650,0
2021-12-28 09:53:00,650,650,650,650,0
2021-12-28 09:54:00,650,650,650,650,0
2021-12-28 09:55:00,650,650,650,650,2100
2021-12-28 09:56:00,650,650,650,650,0
2021-12-28 09:57:00,650,650,650,650,0
2021-12-28 09:58:00,650,650,650,650,0
2021-12-28 09:59:00,650,650,650,650,200
2021-12-28 10:00:00,650,650,650,650,0
2021-12-28 10:01:00,650,650,650,650,0
2021-12-28 10:02:00,650,650,650,650,300
2021-12-28 10:03:00,650,650,650,650,0
2021-12-28 10:04:00,650,650,650,650,0
2021-12-28 10:05:00,650,650,650,650,0
2021-12-28 10:06:00,650,650,650,650,300
2021-12-28 10:07:00,650,650,650,650,0
2021-12-28 10:08:00,650,650,650,650,0
2021-12-28 10:09:00,650,650,650,650,0
2021-12-28 10:10:00,650,650,650,650,200
2021-12-28 10:11:00,650,650,650,650,0
2021-12-28 10:12:00,650,650,650,650,300
2021-12-28 10:13:00,650,650,650,650,0
2021-12-28 10:14:00,650,650,650,650,0
2021-12-28 10:15:00,650,650,650,650,200
2021-12-28 10:16:00,650,650,650,650,0
2021-12-28 10:17:00,650,650,650,650,300
2021-12-28 10:18:00,650,650,650,650,0
2021-12-28 10:19:00,650,650,650,650,0
2021-12-28 10:20:00,650,650,650,650,300
2021-12-28 10:21:00,650,650,650,650,0
2021-12-28 10:22:00,650,650,650,650,0
2021-12-28 10:23:00,650,650,650,650,0
2021-12-28 10:24:00,650,650,650,650,200
2021-12-28 10:25:00,650,650,650,650,0
2021-12-28 10:26:00,650,650,650,650,0
2021-12-28 10:27:00,650,645,650,650,600
2021-12-28 10:28:00,645,645,650,650,400
2021-12-28 10:29:00,645,645,650,650,0
2021-12-28 10:30:00,645,645,650,650,0
2021-12-28 10:31:00,645,645,650,650,0
2021-12-28 10:32:00,645,645,650,650,0
2021-12-28 10:33:00,645,645,650,650,0
2021-12-28 10:34:00,650,650,650,650,300
2021-12-28 10:35:00,650,650,650,650,0
2021-12-28 10:36:00,650,650,650,650,0
2021-12-28 10:37:00,650,650,650,650,0
2021-12-28 10:38:00,650,650,650,650,0
2021-12-28 10:39:00,650,650,650,650,100
2021-12-28 10:40:00,650,650,650,650,0
2021-12-28 10:41:00,650,650,650,650,0
2021-12-28 10:42:00,650,650,650,650,0
2021-12-28 10:43:00,650,650,650,650,300
2021-12-28 10:44:00,645,645,645,645,100
2021-12-28 10:45:00,650,650,650,650,300
2021-12-28 10:46:00,650,650,650,650,0
2021-12-28 10:47:00,650,650,650,650,0
2021-12-28 10:48:00,650,650,650,650,0
2021-12-28 10:49:00,650,650,650,650,200
2021-12-28 10:50:00,650,650,650,650,0
2021-12-28 10:51:00,650,650,650,650,0
2021-12-28 10:52:00,650,650,650,650,0
2021-12-28 10:53:00,650,650,650,650,400
2021-12-28 10:54:00,650,650,650,650,0
2021-12-28 10:55:00,650,650,650,650,200
2021-12-28 10:56:00,650,650,650,650,0
2021-12-28 10:57:00,650,650,650,650,0
2021-12-28 10:58:00,650,650,650,650,300
2021-12-28 10:59:00,645,645,650,650,1200
2021-12-28 11:00:00,645,645,650,650,0
2021-12-28 11:01:00,645,645,650,650,0
2021-12-28 11:02:00,650,650,650,650,200
2021-12-28 11:03:00,650,650,650,650,0
2021-12-28 11:04:00,645,645,645,645,1500
2021-12-28 11:05:00,645,645,650,650,3000
2021-12-28 11:06:00,645,645,650,650,0
2021-12-28 11:07:00,645,645,650,650,0
2021-12-28 11:08:00,650,650,650,650,300
2021-12-28 11:09:00,650,650,650,650,0
2021-12-28 11:10:00,650,650,650,650,300
2021-12-28 11:11:00,650,650,650,650,0
2021-12-28 11:12:00,650,650,650,650,0
2021-12-28 11:13:00,650,650,650,650,300
2021-12-28 11:14:00,650,650,650,650,0
2021-12-28 11:15:00,650,650,650,650,200
2021-12-28 11:16:00,650,650,650,650,0
2021-12-28 11:17:00,650,650,650,650,200
2021-12-28 11:18:00,650,650,650,650,300
2021-12-28 11:19:00,650,650,650,650,0
2021-12-28 11:20:00,650,650,650,650,0
2021-12-28 11:21:00,650,650,650,650,300
2021-12-28 11:22:00,650,650,650,650,1400
2021-12-28 11:23:00,650,650,650,650,0
2021-12-28 11:24:00,650,650,650,650,300
2021-12-28 11:25:00,650,650,650,650,1200
2021-12-28 11:26:00,650,650,650,650,0
2021-12-28 11:27:00,650,650,650,650,300
2021-12-28 11:28:00,650,650,650,650,600
2021-12-28 11:29:00,650,650,650,650,200
2021-12-28 11:30:00,650,650,650,650,0
2021-12-28 11:31:00,650,650,650,650,0
2021-12-28 11:32:00,650,650,650,650,0
2021-12-28 11:33:00,650,650,650,650,0
2021-12-28 11:34:00,650,650,650,650,0
2021-12-28 11:35:00,650,650,650,650,0
2021-12-28 11:36:00,650,650,650,650,0
2021-12-28 11:37:00,650,650,650,650,0
2021-12-28 11:38:00,650,650,650,650,0
2021-12-28 11:39:00,650,650,650,650,0
2021-12-28 11:40:00,650,650,650,650,0
2021-12-28 11:41:00,650,650,650,650,0
2021-12-28 11:42:00,650,650,650,650,0
2021-12-28 11:43:00,650,650,650,650,0
2021-12-28 11:44:00,650,650,650,650,0
2021-12-28 11:45:00,650,650,650,650,0
2021-12-28 11:46:00,650,650,650,650,0
2021-12-28 11:47:00,650,650,650,650,0
2021-12-28 11:48:00,650,650,650,650,0
2021-12-28 11:49:00,650,650,650,650,0
2021-12-28 11:50:00,650,650,650,650,0
2021-12-28 11:51:00,650,650,650,650,0
2021-12-28 11:52:00,650,650,650,650,0
2021-12-28 11:53:00,650,650,650,650,0
2021-12-28 11:54:00,650,650,650,650,0
2021-12-28 11:55:00,650,650,650,650,0
2021-12-28 11:56:00,650,650,650,650,0
2021-12-28 11:57:00,650,650,650,650,0
2021-12-28 11:58:00,650,650,650,650,0
2021-12-28 11:59:00,650,650,650,650,0
2021-12-28 12:00:00,650,650,650,650,0
2021-12-28 12:01:00,650,650,650,650,0
2021-12-28 12:02:00,650,650,650,650,0
2021-12-28 12:03:00,650,650,650,650,0
2021-12-28 12:04:00,650,650,650,650,0
2021-12-28 12:05:00,650,650,650,650,0
2021-12-28 12:06:00,650,650,650,650,0
2021-12-28 12:07:00,650,650,650,650,0
2021-12-28 12:08:00,650,650,650,650,0
2021-12-28 12:09:00,650,650,650,650,0
2021-12-28 12:10:00,650,650,650,650,0
2021-12-28 12:11:00,650,650,650,650,0
2021-12-28 12:12:00,650,650,650,650,0
2021-12-28 12:13:00,650,650,650,650,0
2021-12-28 12:14:00,650,650,650,650,0
2021-12-28 12:15:00,650,650,650,650,0
2021-12-28 12:16:00,650,650,650,650,0
2021-12-28 12:17:00,650,650,650,650,0
2021-12-28 12:18:00,650,650,650,650,0
2021-12-28 12:19:00,650,650,650,650,0
2021-12-28 12:20:00,650,650,650,650,0
2021-12-28 12:21:00,650,650,650,650,0
2021-12-28 12:22:00,650,650,650,650,0
2021-12-28 12:23:00,650,650,650,650,0
2021-12-28 12:24:00,650,650,650,650,0
2021-12-28 12:25:00,650,650,650,650,0
2021-12-28 12:26:00,650,650,650,650,0
2021-12-28 12:27:00,650,650,650,650,0
2021-12-28 12:28:00,650,650,650,650,0
2021-12-28 12:29:00,650,650,650,650,0
2021-12-28 12:30:00,650,650,650,650,0
2021-12-28 12:31:00,650,650,650,650,0
2021-12-28 12:32:00,650,650,650,650,0
2021-12-28 12:33:00,650,650,650,650,0
2021-12-28 12:34:00,650,650,650,650,0
2021-12-28 12:35:00,650,650,650,650,0
2021-12-28 12:36:00,650,650,650,650,0
2021-12-28 12:37:00,650,650,650,650,0
2021-12-28 12:38:00,650,650,650,650,0
2021-12-28 12:39:00,650,650,650,650,0
2021-12-28 12:40:00,650,650,650,650,0
2021-12-28 12:41:00,650,650,650,650,0
2021-12-28 12:42:00,650,650,650,650,0
2021-12-28 12:43:00,650,650,650,650,0
2021-12-28 12:44:00,650,650,650,650,0
2021-12-28 12:45:00,650,650,650,650,0
2021-12-28 12:46:00,650,650,650,650,0
2021-12-28 12:47:00,650,650,650,650,0
2021-12-28 12:48:00,650,650,650,650,0
2021-12-28 12:49:00,650,650,650,650,0
2021-12-28 12:50:00,650,650,650,650,0
2021-12-28 12:51:00,650,650,650,650,0
2021-12-28 12:52:00,650,650,650,650,0
2021-12-28 12:53:00,650,650,650,650,0
2021-12-28 12:54:00,650,650,650,650,0
2021-12-28 12:55:00,650,650,650,650,0
2021-12-28 12:56:00,650,650,650,650,0
2021-12-28 12:57:00,650,650,650,650,0
2021-12-28 12:58:00,650,650,650,650,0
2021-12-28 12:59:00,650,650,650,650,0
2021-12-28 13:00:00,650,650,650,650,0
2021-12-28 13:01:00,650,650,650,650,0
2021-12-28 13:02:00,650,650,650,650,0
2021-12-28 13:03:00,650,650,650,650,0
2021-12-28 13:04:00,650,650,650,650,0
2021-12-28 13:05:00,650,650,650,650,0
2021-12-28 13:06:00,650,650,650,650,0
2021-12-28 13:07:00,650,650,650,650,0
2021-12-28 13:08:00,650,650,650,650,0
2021-12-28 13:09:00,650,650,650,650,0
2021-12-28 13:10:00,650,650,650,650,0
2021-12-28 13:11:00,650,650,650,650,0
2021-12-28 13:12:00,650,650,650,650,0
2021-12-28 13:13:00,650,650,650,650,0
2021-12-28 13:14:00,650,650,650,650,0
2021-12-28 13:15:00,650,650,650,650,0
2021-12-28 13:16:00,650,650,650,650,0
2021-12-28 13:17:00,650,650,650,650,0
2021-12-28 13:18:00,650,650,650,650,0
2021-12-28 13:19:00,650,650,650,650,0
2021-12-28 13:20:00,650,650,650,650,0
2021-12-28 13:21:00,650,650,650,650,0
2021-12-28 13:22:00,650,650,650,650,0
2021-12-28 13:23:00,650,650,650,650,0
2021-12-28 13:24:00,650,650,650,650,0
2021-12-28 13:25:00,650,650,650,650,0
2021-12-28 13:26:00,650,650,650,650,0
2021-12-28 13:27:00,650,650,650,650,0
2021-12-28 13:28:00,650,650,650,650,0
2021-12-28 13:29:00,650,650,650,650,0
2021-12-28 13:30:00,650,650,650,650,1000
2021-12-28 13:31:00,650,650,650,650,1000
2021-12-28 13:32:00,650,650,650,650,300
2021-12-28 13:33:00,650,650,650,650,0
2021-12-28 13:34:00,650,650,650,650,0
2021-12-28 13:35:00,650,650,650,650,300
2021-12-28 13:36:00,650,650,650,650,0
2021-12-28 13:37:00,650,650,650,650,300
2021-12-28 13:38:00,650,650,650,650,0
2021-12-28 13:39:00,650,650,650,650,0
2021-12-28 13:40:00,650,650,650,650,0
2021-12-28 13:41:00,650,650,650,650,0
2021-12-28 13:42:00,650,650,650,650,200
2021-12-28 13:43:00,650,650,650,650,0
2021-12-28 13:44:00,650,650,650,650,0
2021-12-28 13:45:00,650,650,650,650,200
2021-12-28 13:46:00,650,650,650,650,0
2021-12-28 13:47:00,650,650,650,650,200
2021-12-28 13:48:00,650,650,650,650,300
2021-12-28 13:49:00,650,650,650,650,2500
2021-12-28 13:50:00,650,650,650,650,0
2021-12-28 13:51:00,650,650,650,650,0
2021-12-28 13:52:00,650,650,650,650,0
2021-12-28 13:53:00,650,650,650,650,700
2021-12-28 13:54:00,650,650,650,650,0
2021-12-28 13:55:00,650,650,650,650,0
2021-12-28 13:56:00,650,650,650,650,200
2021-12-28 13:57:00,650,650,650,650,0
2021-12-28 13:58:00,650,650,650,650,1000
2021-12-28 13:59:00,650,650,650,650,0
2021-12-28 14:00:00,650,650,650,650,0
2021-12-28 14:01:00,650,650,650,650,300
2021-12-28 14:02:00,650,650,650,650,0
2021-12-28 14:03:00,650,650,650,650,0
2021-12-28 14:04:00,650,650,650,650,0
2021-12-28 14:05:00,650,650,650,650,300
2021-12-28 14:06:00,650,650,650,650,0
2021-12-28 14:07:00,650,650,650,650,0
2021-12-28 14:08:00,650,650,650,650,0
2021-12-28 14:09:00,650,650,650,650,1400
2021-12-28 14:10:00,645,645,645,645,100
2021-12-28 14:11:00,650,650,650,650,300
2021-12-28 14:12:00,650,650,650,650,0
2021-12-28 14:13:00,650,650,650,650,0
2021-12-28 14:14:00,650,650,650,650,0
2021-12-28 14:15:00,650,650,650,650,300
2021-12-28 14:16:00,650,650,650,650,0
2021-12-28 14:17:00,650,650,650,650,0
2021-12-28 14:18:00,650,650,650,650,0
2021-12-28 14:19:00,650,650,650,650,200
2021-12-28 14:20:00,650,650,650,650,0
2021-12-28 14:21:00,650,650,650,650,0
2021-12-28 14:22:00,650,650,650,650,1000
2021-12-28 14:23:00,650,650,650,650,0
2021-12-28 14:24:00,650,650,650,650,0
2021-12-28 14:25:00,650,650,650,650,200
2021-12-28 14:26:00,650,650,650,650,0
2021-12-28 14:27:00,650,650,650,650,2600
2021-12-28 14:28:00,650,650,650,650,0
2021-12-28 14:29:00,650,650,650,650,700
2021-12-28 14:30:00,650,650,650,650,0
2021-12-28 14:31:00,650,650,650,650,0
2021-12-28 14:32:00,650,650,650,650,1000
2021-12-28 14:33:00,650,650,650,650,0
2021-12-28 14:34:00,650,650,650,650,1000
2021-12-28 14:35:00,650,650,650,650,0
2021-12-28 14:36:00,650,650,650,650,200
2021-12-28 14:37:00,650,650,650,650,1200
2021-12-28 14:38:00,650,650,650,650,47300
2021-12-28 14:39:00,650,650,650,650,1600
2021-12-28 14:40:00,650,650,650,650,0
2021-12-28 14:41:00,650,650,650,650,700
2021-12-28 14:42:00,650,650,650,650,0
2021-12-28 14:43:00,650,650,650,650,300
2021-12-28 14:44:00,650,650,650,650,1100
2021-12-28 14:45:00,650,650,650,650,0
2021-12-28 14:46:00,650,650,650,650,5100
2021-12-28 14:47:00,650,650,650,650,0
2021-12-28 14:48:00,645,645,650,650,11500
2021-12-28 14:49:00,645,645,650,650,38700
2021-12-28 14:50:00,645,645,650,650,0
2021-12-28 14:51:00,645,645,650,650,0
2021-12-28 14:52:00,645,645,650,650,0
2021-12-28 14:53:00,645,645,650,650,0
2021-12-28 14:54:00,645,645,650,650,0
2021-12-28 14:55:00,645,645,650,650,0
2021-12-28 14:56:00,645,645,650,650,0
2021-12-28 14:57:00,645,645,650,650,0
2021-12-28 14:58:00,645,645,650,650,0
2021-12-28 14:59:00,645,645,650,650,0
2021-12-28 15:00:00,655,655,655,655,96300
2021-12-28 15:01:00,655,655,655,655,54800
2021-12-28 15:02:00,655,655,655,655,0
2021-12-28 15:03:00,655,655,655,655,0
2021-12-28 15:04:00,655,655,655,655,0
2021-12-28 15:05:00,655,655,655,655,0
2021-12-28 15:06:00,655,655,655,655,0
2021-12-28 15:07:00,655,655,655,655,10000
2021-12-28 15:08:00,655,655,655,655,0
2021-12-28 15:09:00,655,655,655,655,0
2021-12-28 15:10:00,655,655,655,655,0
2021-12-28 15:11:00,655,655,655,655,0
2021-12-28 15:12:00,655,655,655,655,0
2021-12-28 15:13:00,655,655,655,655,0
2021-12-28 15:14:00,655,655,655,655,0
2021-12-28 15:15:00,655,655,655,655,0
2021-12-28 15:16:00,655,655,655,655,0
2021-12-28 15:17:00,655,655,655,655,0
2021-12-28 15:18:00,655,655,655,655,0
2021-12-28 15:19:00,655,655,655,655,0
2021-12-28 15:20:00,655,655,655,655,0
2021-12-28 15:21:00,655,655,655,655,0
2021-12-28 15:22:00,655,655,655,655,0
2021-12-28 15:23:00,655,655,655,655,0
2021-12-28 15:24:00,655,655,655,655,0
2021-12-28 15:25:00,655,655,655,655,0
2021-12-28 15:26:00,655,655,655,655,0
2021-12-28 15:27:00,655,655,655,655,0
2021-12-28 15:28:00,655,655,655,655,0
2021-12-28 15:29:00,655,655,655,655,0
2021-12-28 15:30:00,655,655,655,655,0
2021-12-28 15:31:00,655,655,655,655,0
2021-12-28 15:32:00,655,655,655,655,0
2021-12-28 15:33:00,655,655,655,655,0
2021-12-28 15:34:00,655,655,655,655,0
2021-12-28 15:35:00,655,655,655,655,0
2021-12-28 15:36:00,655,655,655,655,0
2021-12-28 15:37:00,655,655,655,655,0
2021-12-28 15:38:00,655,655,655,655,0
2021-12-28 15:39:00,655,655,655,655,0
2021-12-28 15:40:00,655,655,655,655,0
2021-12-28 15:41:00,655,655,655,655,0
2021-12-28 15:42:00,655,655,655,655,0
2021-12-28 15:43:00,655,655,655,655,0
2021-12-28 15:44:00,655,655,655,655,0
2021-12-28 15:45:00,655,655,655,655,0
2021-12-28 15:46:00,655,655,655,655,0
2021-12-28 15:47:00,655,655,655,655,0
2021-12-28 15:48:00,655,655,655,655,0
2021-12-28 15:49:00,655,655,655,655,0
2021-12-28 15:50:00,655,655,655,655,0
2021-12-28 15:51:00,655,655,655,655,0
2021-12-28 15:52:00,655,655,655,655,0
2021-12-28 15:53:00,655,655,655,655,0
2021-12-28 15:54:00,655,655,655,655,0
2021-12-28 15:55:00,655,655,655,655,0
2021-12-28 15:56:00,655,655,655,655,0
2021-12-28 15:57:00,655,655,655,655,0
2021-12-28 15:58:00,655,655,655,655,0
2021-12-28 15:59:00,655,655,655,655,0
2021-12-29 09:00:00,655,655,655,655,0
2021-12-29 09:01:00,660,660,660,660,200
2021-12-29 09:02:00,660,660,660,660,0
2021-12-29 09:03:00,665,665,665,665,200
2021-12-29 09:04:00,670,660,670,660,15600
2021-12-29 09:05:00,670,660,670,660,0
2021-12-29 09:06:00,650,645,650,645,10000
2021-12-29 09:07:00,660,660,660,660,200
2021-12-29 09:08:00,660,660,660,660,300
2021-12-29 09:09:00,660,660,660,660,0
2021-12-29 09:10:00,660,660,660,660,0
2021-12-29 09:11:00,660,660,660,660,400
2021-12-29 09:12:00,660,655,660,655,3400
2021-12-29 09:13:00,660,655,660,655,0
2021-12-29 09:14:00,660,655,660,655,0
2021-12-29 09:15:00,650,650,650,650,2100
2021-12-29 09:16:00,650,650,655,655,500
2021-12-29 09:17:00,650,650,655,655,0
2021-12-29 09:18:00,650,650,655,655,0
2021-12-29 09:19:00,650,650,655,655,0
2021-12-29 09:20:00,655,655,655,655,300
2021-12-29 09:21:00,655,655,655,655,0
2021-12-29 09:22:00,655,655,655,655,200
2021-12-29 09:23:00,655,655,655,655,0
2021-12-29 09:24:00,655,655,655,655,0
2021-12-29 09:25:00,655,655,655,655,0
2021-12-29 09:26:00,655,655,655,655,0
2021-12-29 09:27:00,655,655,655,655,0
2021-12-29 09:28:00,655,655,655,655,0
2021-12-29 09:29:00,655,655,655,655,0
2021-12-29 09:30:00,655,655,655,655,0
2021-12-29 09:31:00,655,655,655,655,0
2021-12-29 09:32:00,655,655,655,655,0
2021-12-29 09:33:00,655,655,655,655,0
2021-12-29 09:34:00,655,655,655,655,0
2021-12-29 09:35:00,650,650,650,650,2200
2021-12-29 09:36:00,650,650,650,650,1700
2021-12-29 09:37:00,650,650,650,650,0
2021-12-29 09:38:00,650,650,650,650,0
2021-12-29 09:39:00,650,650,650,650,0
2021-12-29 09:40:00,650,650,650,650,1000
2021-12-29 09:41:00,650,650,650,650,0
2021-12-29 09:42:00,650,650,650,650,0
2021-12-29 09:43:00,650,650,650,650,0
2021-12-29 09:44:00,650,650,650,650,200
2021-12-29 09:45:00,650,650,650,650,0
2021-12-29 09:46:00,650,650,650,650,0
2021-12-29 09:47:00,650,650,650,650,300
2021-12-29 09:48:00,650,650,650,650,0
2021-12-29 09:49:00,650,650,650,650,0
2021-12-29 09:50:00,650,650,650,650,200
2021-12-29 09:51:00,650,650,650,650,0
2021-12-29 09:52:00,650,650,650,650,1300
2021-12-29 09:53:00,650,650,650,650,0
2021-12-29 09:54:00,650,650,650,650,0
2021-12-29 09:55:00,650,650,650,650,0
2021-12-29 09:56:00,650,650,650,650,900
2021-12-29 09:57:00,655,655,655,655,200
2021-12-29 09:58:00,655,655,655,655,0
2021-12-29 09:59:00,655,655,655,655,300
2021-12-29 10:00:00,655,655,655,655,0
2021-12-29 10:01:00,655,655,655,655,300
2021-12-29 10:02:00,655,655,655,655,0
2021-12-29 10:03:00,655,655,655,655,600
2021-12-29 10:04:00,655,655,655,655,0
2021-12-29 10:05:00,655,655,655,655,0
2021-12-29 10:06:00,655,655,655,655,0
2021-12-29 10:07:00,655,655,655,655,1000
2021-12-29 10:08:00,655,655,655,655,0
2021-12-29 10:09:00,655,655,655,655,0
2021-12-29 10:10:00,655,655,655,655,0
2021-12-29 10:11:00,655,655,655,655,0
2021-12-29 10:12:00,655,655,655,655,0
2021-12-29 10:13:00,655,655,655,655,0
2021-12-29 10:14:00,655,655,655,655,0
2021-12-29 10:15:00,655,655,655,655,0
2021-12-29 10:16:00,655,655,655,655,0
2021-12-29 10:17:00,655,655,655,655,0
2021-12-29 10:18:00,655,655,655,655,0
2021-12-29 10:19:00,655,655,655,655,0
2021-12-29 10:20:00,655,655,655,655,0
2021-12-29 10:21:00,655,655,655,655,1200
2021-12-29 10:22:00,655,655,655,655,0
2021-12-29 10:23:00,655,655,655,655,0
2021-12-29 10:24:00,650,650,650,650,7100
2021-12-29 10:25:00,650,650,650,650,0
2021-12-29 10:26:00,650,650,650,650,0
2021-12-29 10:27:00,650,650,650,650,0
2021-12-29 10:28:00,650,650,650,650,1900
2021-12-29 10:29:00,650,650,650,650,0
2021-12-29 10:30:00,645,645,645,645,1000
2021-12-29 10:31:00,650,650,650,650,800
2021-12-29 10:32:00,650,650,650,650,0
2021-12-29 10:33:00,650,650,650,650,0
2021-12-29 10:34:00,650,650,650,650,200
2021-12-29 10:35:00,650,650,650,650,0
2021-12-29 10:36:00,650,650,650,650,0
2021-12-29 10:37:00,650,650,650,650,0
2021-12-29 10:38:00,650,650,650,650,0
2021-12-29 10:39:00,650,650,650,650,0
2021-12-29 10:40:00,650,650,650,650,0
2021-12-29 10:41:00,650,650,650,650,0
2021-12-29 10:42:00,650,650,650,650,1500
2021-12-29 10:43:00,650,650,650,650,0
2021-12-29 10:44:00,650,650,650,650,0
2021-12-29 10:45:00,650,650,650,650,200
2021-12-29 10:46:00,650,650,650,650,0
2021-12-29 10:47:00,650,650,650,650,800
2021-12-29 10:48:00,650,650,650,650,0
2021-12-29 10:49:00,650,650,650,650,0
2021-12-29 10:50:00,650,650,650,650,0
2021-12-29 10:51:00,650,650,650,650,0
2021-12-29 10:52:00,650,650,650,650,1300
2021-12-29 10:53:00,650,650,650,650,0
2021-12-29 10:54:00,650,650,650,650,0
2021-12-29 10:55:00,650,650,650,650,0
2021-12-29 10:56:00,650,650,650,650,0
2021-12-29 10:57:00,650,650,650,650,0
2021-12-29 10:58:00,650,650,650,650,0
2021-12-29 10:59:00,650,650,650,650,0
2021-12-29 11:00:00,650,650,650,650,0
2021-12-29 11:01:00,645,645,645,645,3700
2021-12-29 11:02:00,650,650,650,650,2200
2021-12-29 11:03:00,650,650,650,650,0
2021-12-29 11:04:00,650,650,650,650,0
2021-12-29 11:05:00,650,650,650,650,0
2021-12-29 11:06:00,650,650,650,650,200
2021-12-29 11:07:00,650,650,650,650,0
2021-12-29 11:08:00,650,650,650,650,0
2021-12-29 11:09:00,650,650,650,650,0
2021-12-29 11:10:00,650,650,650,650,0
2021-12-29 11:11:00,650,650,650,650,0
2021-12-29 11:12:00,650,650,650,650,0
2021-12-29 11:13:00,650,650,650,650,0
2021-12-29 11:14:00,650,650,650,650,300
2021-12-29 11:15:00,650,650,650,650,0
2021-12-29 11:16:00,650,650,650,650,0
2021-12-29 11:17:00,650,650,650,650,300
2021-12-29 11:18:00,650,650,650,650,1600
2021-12-29 11:19:00,650,650,650,650,0
2021-12-29 11:20:00,650,650,650,650,0
2021-12-29 11:21:00,650,650,650,650,0
2021-12-29 11:22:00,650,650,650,650,0
2021-12-29 11:23:00,650,650,650,650,0
2021-12-29 11:24:00,650,650,650,650,200
2021-12-29 11:25:00,650,650,650,650,200
2021-12-29 11:26:00,650,650,650,650,0
2021-12-29 11:27:00,650,650,650,650,200
2021-12-29 11:28:00,650,650,650,650,0
2021-12-29 11:29:00,650,650,650,650,200
2021-12-29 11:30:00,650,650,650,650,0
2021-12-29 11:31:00,650,650,650,650,0
2021-12-29 11:32:00,650,650,650,650,0
2021-12-29 11:33:00,650,650,650,650,0
2021-12-29 11:34:00,650,650,650,650,0
2021-12-29 11:35:00,650,650,650,650,0
2021-12-29 11:36:00,650,650,650,650,0
2021-12-29 11:37:00,650,650,650,650,0
2021-12-29 11:38:00,650,650,650,650,0
2021-12-29 11:39:00,650,650,650,650,0
2021-12-29 11:40:00,650,650,650,650,0
2021-12-29 11:41:00,650,650,650,650,0
2021-12-29 11:42:00,650,650,650,650,0
2021-12-29 11:43:00,650,650,650,650,0
2021-12-29 11:44:00,650,650,650,650,0
2021-12-29 11:45:00,650,650,650,650,0
2021-12-29 11:46:00,650,650,650,650,0
2021-12-29 11:47:00,650,650,650,650,0
2021-12-29 11:48:00,650,650,650,650,0
2021-12-29 11:49:00,650,650,650,650,0
2021-12-29 11:50:00,650,650,650,650,0
2021-12-29 11:51:00,650,650,650,650,0
2021-12-29 11:52:00,650,650,650,650,0
2021-12-29 11:53:00,650,650,650,650,0
2021-12-29 11:54:00,650,650,650,650,0
2021-12-29 11:55:00,650,650,650,650,0
2021-12-29 11:56:00,650,650,650,650,0
2021-12-29 11:57:00,650,650,650,650,0
2021-12-29 11:58:00,650,650,650,650,0
2021-12-29 11:59:00,650,650,650,650,0
2021-12-29 12:00:00,650,650,650,650,0
2021-12-29 12:01:00,650,650,650,650,0
2021-12-29 12:02:00,650,650,650,650,0
2021-12-29 12:03:00,650,650,650,650,0
2021-12-29 12:04:00,650,650,650,650,0
2021-12-29 12:05:00,650,650,650,650,0
2021-12-29 12:06:00,650,650,650,650,0
2021-12-29 12:07:00,650,650,650,650,0
2021-12-29 12:08:00,650,650,650,650,0
2021-12-29 12:09:00,650,650,650,650,0
2021-12-29 12:10:00,650,650,650,650,0
2021-12-29 12:11:00,650,650,650,650,0
2021-12-29 12:12:00,650,650,650,650,0
2021-12-29 12:13:00,650,650,650,650,0
2021-12-29 12:14:00,650,650,650,650,0
2021-12-29 12:15:00,650,650,650,650,0
2021-12-29 12:16:00,650,650,650,650,0
2021-12-29 12:17:00,650,650,650,650,0
2021-12-29 12:18:00,650,650,650,650,0
2021-12-29 12:19:00,650,650,650,650,0
2021-12-29 12:20:00,650,650,650,650,0
2021-12-29 12:21:00,650,650,650,650,0
2021-12-29 12:22:00,650,650,650,650,0
2021-12-29 12:23:00,650,650,650,650,0
2021-12-29 12:24:00,650,650,650,650,0
2021-12-29 12:25:00,650,650,650,650,0
2021-12-29 12:26:00,650,650,650,650,0
2021-12-29 12:27:00,650,650,650,650,0
2021-12-29 12:28:00,650,650,650,650,0
2021-12-29 12:29:00,650,650,650,650,0
2021-12-29 12:30:00,650,650,650,650,0
2021-12-29 12:31:00,650,650,650,650,0
2021-12-29 12:32:00,650,650,650,650,0
2021-12-29 12:33:00,650,650,650,650,0
2021-12-29 12:34:00,650,650,650,650,0
2021-12-29 12:35:00,650,650,650,650,0
2021-12-29 12:36:00,650,650,650,650,0
2021-12-29 12:37:00,650,650,650,650,0
2021-12-29 12:38:00,650,650,650,650,0
2021-12-29 12:39:00,650,650,650,650,0
2021-12-29 12:40:00,650,650,650,650,0
2021-12-29 12:41:00,650,650,650,650,0
2021-12-29 12:42:00,650,650,650,650,0
2021-12-29 12:43:00,650,650,650,650,0
2021-12-29 12:44:00,650,650,650,650,0
2021-12-29 12:45:00,650,650,650,650,0
2021-12-29 12:46:00,650,650,650,650,0
2021-12-29 12:47:00,650,650,650,650,0
2021-12-29 12:48:00,650,650,650,650,0
2021-12-29 12:49:00,650,650,650,650,0
2021-12-29 12:50:00,650,650,650,650,0
2021-12-29 12:51:00,650,650,650,650,0
2021-12-29 12:52:00,650,650,650,650,0
2021-12-29 12:53:00,650,650,650,650,0
2021-12-29 12:54:00,650,650,650,650,0
2021-12-29 12:55:00,650,650,650,650,0
2021-12-29 12:56:00,650,650,650,650,0
2021-12-29 12:57:00,650,650,650,650,0
2021-12-29 12:58:00,650,650,650,650,0
2021-12-29 12:59:00,650,650,650,650,0
2021-12-29 13:00:00,650,650,650,650,0
2021-12-29 13:01:00,650,650,650,650,0
2021-12-29 13:02:00,650,650,650,650,0
2021-12-29 13:03:00,650,650,650,650,0
2021-12-29 13:04:00,650,650,650,650,0
2021-12-29 13:05:00,650,650,650,650,0
2021-12-29 13:06:00,650,650,650,650,0
2021-12-29 13:07:00,650,650,650,650,0
2021-12-29 13:08:00,650,650,650,650,0
2021-12-29 13:09:00,650,650,650,650,0
2021-12-29 13:10:00,650,650,650,650,0
2021-12-29 13:11:00,650,650,650,650,0
2021-12-29 13:12:00,650,650,650,650,0
2021-12-29 13:13:00,650,650,650,650,0
2021-12-29 13:14:00,650,650,650,650,0
2021-12-29 13:15:00,650,650,650,650,0
2021-12-29 13:16:00,650,650,650,650,0
2021-12-29 13:17:00,650,650,650,650,0
2021-12-29 13:18:00,650,650,650,650,0
2021-12-29 13:19:00,650,650,650,650,0
2021-12-29 13:20:00,650,650,650,650,0
2021-12-29 13:21:00,650,650,650,650,0
2021-12-29 13:22:00,650,650,650,650,0
2021-12-29 13:23:00,650,650,650,650,0
2021-12-29 13:24:00,650,650,650,650,0
2021-12-29 13:25:00,650,650,650,650,0
2021-12-29 13:26:00,650,650,650,650,0
2021-12-29 13:27:00,650,650,650,650,0
2021-12-29 13:28:00,650,650,650,650,0
2021-12-29 13:29:00,650,650,650,650,0
2021-12-29 13:30:00,650,650,650,650,5000
2021-12-29 13:31:00,650,650,650,650,0
2021-12-29 13:32:00,650,650,650,650,0
2021-12-29 13:33:00,650,650,650,650,0
2021-12-29 13:34:00,650,650,650,650,0
2021-12-29 13:35:00,650,650,650,650,2000
2021-12-29 13:36:00,650,650,650,650,0
2021-12-29 13:37:00,650,650,650,650,100
2021-12-29 13:38:00,645,645,645,645,11800
2021-12-29 13:39:00,645,645,645,645,0
2021-12-29 13:40:00,645,645,645,645,30200
2021-12-29 13:41:00,645,645,645,645,300
2021-12-29 13:42:00,645,645,650,650,600
2021-12-29 13:43:00,645,645,650,650,0
2021-12-29 13:44:00,645,645,650,650,0
2021-12-29 13:45:00,645,645,650,650,0
2021-12-29 13:46:00,650,650,650,650,300
2021-12-29 13:47:00,650,650,650,650,0
2021-12-29 13:48:00,650,650,650,650,0
2021-12-29 13:49:00,650,650,650,650,0
2021-12-29 13:50:00,650,650,650,650,200
2021-12-29 13:51:00,650,650,650,650,0
2021-12-29 13:52:00,650,650,650,650,0
2021-12-29 13:53:00,650,650,650,650,200
2021-12-29 13:54:00,650,650,650,650,0
2021-12-29 13:55:00,650,650,650,650,100
2021-12-29 13:56:00,650,650,650,650,0
2021-12-29 13:57:00,650,640,650,640,5800
2021-12-29 13:58:00,645,645,645,645,200
2021-12-29 13:59:00,645,645,645,645,0
2021-12-29 14:00:00,645,645,645,645,0
2021-12-29 14:01:00,645,645,645,645,0
2021-12-29 14:02:00,640,640,640,640,2000
2021-12-29 14:03:00,640,640,640,640,0
2021-12-29 14:04:00,640,640,640,640,0
2021-12-29 14:05:00,645,645,645,645,400
2021-12-29 14:06:00,645,645,645,645,0
2021-12-29 14:07:00,645,645,645,645,1500
2021-12-29 14:08:00,645,645,645,645,100
2021-12-29 14:09:00,645,645,645,645,0
2021-12-29 14:10:00,645,645,645,645,0
2021-12-29 14:11:00,645,645,645,645,0
2021-12-29 14:12:00,645,645,645,645,0
2021-12-29 14:13:00,645,645,645,645,0
2021-12-29 14:14:00,645,645,645,645,600
2021-12-29 14:15:00,645,645,645,645,0
2021-12-29 14:16:00,645,645,645,645,2900
2021-12-29 14:17:00,640,635,640,635,33900
2021-12-29 14:18:00,635,635,640,640,20700
2021-12-29 14:19:00,635,635,640,640,0
2021-12-29 14:20:00,640,640,640,640,1600
2021-12-29 14:21:00,640,640,640,640,0
2021-12-29 14:22:00,640,640,640,640,0
2021-12-29 14:23:00,640,640,640,640,0
2021-12-29 14:24:00,640,640,640,640,0
2021-12-29 14:25:00,640,640,640,640,0
2021-12-29 14:26:00,640,640,640,640,0
2021-12-29 14:27:00,640,640,640,640,0
2021-12-29 14:28:00,640,640,640,640,0
2021-12-29 14:29:00,640,640,640,640,2100
2021-12-29 14:30:00,640,640,640,640,0
2021-12-29 14:31:00,640,640,640,640,0
2021-12-29 14:32:00,640,640,640,640,0
2021-12-29 14:33:00,640,640,640,640,0
2021-12-29 14:34:00,640,635,640,635,3900
2021-12-29 14:35:00,640,640,640,640,1700
2021-12-29 14:36:00,635,635,635,635,2000
2021-12-29 14:37:00,635,635,635,635,0
2021-12-29 14:38:00,635,635,635,635,0
2021-12-29 14:39:00,635,635,635,635,0
2021-12-29 14:40:00,640,640,640,640,4000
2021-12-29 14:41:00,640,640,640,640,0
2021-12-29 14:42:00,635,635,635,635,10000
2021-12-29 14:43:00,635,630,640,640,274200
2021-12-29 14:44:00,635,630,640,640,0
2021-12-29 14:45:00,640,640,645,645,200
2021-12-29 14:46:00,640,640,645,645,0
2021-12-29 14:47:00,640,640,645,645,0
2021-12-29 14:48:00,640,640,640,640,1000
2021-12-29 14:49:00,635,630,645,645,67000
2021-12-29 14:50:00,635,630,645,645,0
2021-12-29 14:51:00,635,630,645,645,0
2021-12-29 14:52:00,635,630,645,645,0
2021-12-29 14:53:00,635,630,645,645,0
2021-12-29 14:54:00,635,630,645,645,0
2021-12-29 14:55:00,635,630,645,645,0
2021-12-29 14:56:00,635,630,645,645,0
2021-12-29 14:57:00,635,630,645,645,0
2021-12-29 14:58:00,635,630,645,645,0
2021-12-29 14:59:00,635,630,645,645,0
2021-12-29 15:00:00,645,645,645,645,126600
2021-12-29 15:01:00,645,645,645,645,0
2021-12-29 15:02:00,645,645,645,645,0
2021-12-29 15:03:00,645,645,645,645,700
2021-12-29 15:04:00,645,645,645,645,0
2021-12-29 15:05:00,645,645,645,645,0
2021-12-29 15:06:00,645,645,645,645,0
2021-12-29 15:07:00,645,645,645,645,0
2021-12-29 15:08:00,645,645,645,645,0
2021-12-29 15:09:00,645,645,645,645,0
2021-12-29 15:10:00,645,645,645,645,0
2021-12-29 15:11:00,645,645,645,645,0
2021-12-29 15:12:00,645,645,645,645,0
2021-12-29 15:13:00,645,645,645,645,0
2021-12-29 15:14:00,645,645,645,645,0
2021-12-29 15:15:00,645,645,645,645,0
2021-12-29 15:16:00,645,645,645,645,0
2021-12-29 15:17:00,645,645,645,645,0
2021-12-29 15:18:00,645,645,645,645,0
2021-12-29 15:19:00,645,645,645,645,0
2021-12-29 15:20:00,645,645,645,645,0
2021-12-29 15:21:00,645,645,645,645,0
2021-12-29 15:22:00,645,645,645,645,0
2021-12-29 15:23:00,645,645,645,645,0
2021-12-29 15:24:00,645,645,645,645,0
2021-12-29 15:25:00,645,645,645,645,0
2021-12-29 15:26:00,645,645,645,645,0
2021-12-29 15:27:00,645,645,645,645,0
2021-12-29 15:28:00,645,645,645,645,0
2021-12-29 15:29:00,645,645,645,645,0
2021-12-29 15:30:00,645,645,645,645,0
2021-12-29 15:31:00,645,645,645,645,0
2021-12-29 15:32:00,645,645,645,645,0
2021-12-29 15:33:00,645,645,645,645,0
2021-12-29 15:34:00,645,645,645,645,0
2021-12-29 15:35:00,645,645,645,645,0
2021-12-29 15:36:00,645,645,645,645,0
2021-12-29 15:37:00,645,645,645,645,0
2021-12-29 15:38:00,645,645,645,645,0
2021-12-29 15:39:00,645,645,645,645,0
2021-12-29 15:40:00,645,645,645,645,0
2021-12-29 15:41:00,645,645,645,645,0
2021-12-29 15:42:00,645,645,645,645,0
2021-12-29 15:43:00,645,645,645,645,0
2021-12-29 15:44:00,645,645,645,645,0
2021-12-29 15:45:00,645,645,645,645,0
2021-12-29 15:46:00,645,645,645,645,0
2021-12-29 15:47:00,645,645,645,645,0
2021-12-29 15:48:00,645,645,645,645,0
2021-12-29 15:49:00,645,645,645,645,0
2021-12-29 15:50:00,645,645,645,645,0
2021-12-29 15:51:00,645,645,645,645,0
2021-12-29 15:52:00,645,645,645,645,0
2021-12-29 15:53:00,645,645,645,645,0
2021-12-29 15:54:00,645,645,645,645,0
2021-12-29 15:55:00,645,645,645,645,0
2021-12-29 15:56:00,645,645,645,645,0
2021-12-29 15:57:00,645,645,645,645,0
2021-12-29 15:58:00,645,645,645,645,0
2021-12-29 15:59:00,645,645,645,645,0
2021-12-30 09:00:00,645,645,645,645,0
2021-12-30 09:01:00,645,645,645,645,0
2021-12-30 09:02:00,650,650,650,650,0
2021-12-30 09:03:00,655,655,655,655,200
2021-12-30 09:04:00,655,655,655,655,700
2021-12-30 09:05:00,655,650,655,655,32100
2021-12-30 09:06:00,655,655,655,655,1100
2021-12-30 09:07:00,650,650,650,650,1100
2021-12-30 09:08:00,650,650,650,650,300
2021-12-30 09:09:00,650,650,650,650,0
2021-12-30 09:10:00,650,650,650,650,1200
2021-12-30 09:11:00,650,650,650,650,400
2021-12-30 09:12:00,650,650,650,650,0
2021-12-30 09:13:00,650,650,650,650,0
2021-12-30 09:14:00,650,650,650,650,0
2021-12-30 09:15:00,650,650,650,650,400
2021-12-30 09:16:00,650,650,650,650,1100
2021-12-30 09:17:00,650,650,650,650,600
2021-12-30 09:18:00,650,650,650,650,0
2021-12-30 09:19:00,650,650,650,650,0
2021-12-30 09:20:00,650,650,650,650,200
2021-12-30 09:21:00,650,650,650,650,0
2021-12-30 09:22:00,650,650,650,650,0
2021-12-30 09:23:00,650,650,650,650,1100
2021-12-30 09:24:00,650,650,650,650,0
2021-12-30 09:25:00,650,650,650,650,0
2021-12-30 09:26:00,650,650,650,650,200
2021-12-30 09:27:00,650,650,650,650,0
2021-12-30 09:28:00,650,650,650,650,200
2021-12-30 09:29:00,650,650,650,650,0
2021-12-30 09:30:00,650,650,650,650,0
2021-12-30 09:31:00,650,650,650,650,0
2021-12-30 09:32:00,650,650,650,650,0
2021-12-30 09:33:00,650,650,655,655,9200
2021-12-30 09:34:00,650,650,655,655,0
2021-12-30 09:35:00,650,650,655,655,0
2021-12-30 09:36:00,650,650,655,655,0
2021-12-30 09:37:00,655,655,655,655,300
2021-12-30 09:38:00,655,655,655,655,200
2021-12-30 09:39:00,655,655,655,655,0
2021-12-30 09:40:00,655,655,655,655,0
2021-12-30 09:41:00,655,655,655,655,0
2021-12-30 09:42:00,645,645,645,645,1700
2021-12-30 09:43:00,645,645,645,645,2000
2021-12-30 09:44:00,645,645,645,645,0
2021-12-30 09:45:00,645,645,645,645,0
2021-12-30 09:46:00,645,645,645,645,200
2021-12-30 09:47:00,645,645,645,645,0
2021-12-30 09:48:00,645,645,645,645,0
2021-12-30 09:49:00,655,655,655,655,200
2021-12-30 09:50:00,655,655,655,655,300
2021-12-30 09:51:00,655,655,655,655,0
2021-12-30 09:52:00,655,655,655,655,300
2021-12-30 09:53:00,650,650,650,650,1000
2021-12-30 09:54:00,655,655,655,655,400
2021-12-30 09:55:00,655,655,655,655,0
2021-12-30 09:56:00,655,655,655,655,0
2021-12-30 09:57:00,650,650,650,650,500
2021-12-30 09:58:00,650,650,650,650,0
2021-12-30 09:59:00,645,645,645,645,2400
2021-12-30 10:00:00,645,645,645,645,38900
2021-12-30 10:01:00,645,645,645,645,0
2021-12-30 10:02:00,645,645,645,645,0
2021-12-30 10:03:00,645,645,645,645,0
2021-12-30 10:04:00,645,645,645,645,0
2021-12-30 10:05:00,645,645,645,645,0
2021-12-30 10:06:00,645,645,645,645,200
2021-12-30 10:07:00,645,645,645,645,0
2021-12-30 10:08:00,645,645,645,645,0
2021-12-30 10:09:00,645,645,645,645,0
2021-12-30 10:10:00,645,645,645,645,0
2021-12-30 10:11:00,645,645,645,645,0
2021-12-30 10:12:00,645,645,645,645,400
2021-12-30 10:13:00,645,645,645,645,0
2021-12-30 10:14:00,645,645,645,645,0
2021-12-30 10:15:00,645,645,645,645,0
2021-12-30 10:16:00,645,645,645,645,300
2021-12-30 10:17:00,645,645,645,645,0
2021-12-30 10:18:00,645,645,645,645,0
2021-12-30 10:19:00,645,645,645,645,0
2021-12-30 10:20:00,645,645,645,645,300
2021-12-30 10:21:00,640,640,640,640,1800
2021-12-30 10:22:00,640,640,640,640,600
2021-12-30 10:23:00,640,640,640,640,0
2021-12-30 10:24:00,640,640,640,640,200
2021-12-30 10:25:00,640,640,640,640,0
2021-12-30 10:26:00,640,640,640,640,0
2021-12-30 10:27:00,640,640,640,640,2100
2021-12-30 10:28:00,640,640,640,640,0
2021-12-30 10:29:00,640,640,640,640,0
2021-12-30 10:30:00,640,640,640,640,0
2021-12-30 10:31:00,635,630,650,630,257800
2021-12-30 10:32:00,645,645,645,645,200
2021-12-30 10:33:00,645,645,645,645,0
2021-12-30 10:34:00,640,640,640,640,5100
2021-12-30 10:35:00,640,640,640,640,300
2021-12-30 10:36:00,635,635,635,635,100
2021-12-30 10:37:00,635,635,635,635,4000
2021-12-30 10:38:00,635,635,635,635,2500
2021-12-30 10:39:00,630,630,635,635,1000
2021-12-30 10:40:00,630,630,635,635,0
2021-12-30 10:41:00,630,630,635,635,0
2021-12-30 10:42:00,630,630,635,635,0
2021-12-30 10:43:00,630,630,635,635,0
2021-12-30 10:44:00,630,630,630,630,72700
2021-12-30 10:45:00,630,630,630,630,102500
2021-12-30 10:46:00,630,630,630,630,0
2021-12-30 10:47:00,630,630,630,630,90500
2021-12-30 10:48:00,630,630,630,630,2500
2021-12-30 10:49:00,630,630,630,630,0
2021-12-30 10:50:00,630,625,630,625,600
2021-12-30 10:51:00,630,625,630,625,0
2021-12-30 10:52:00,630,625,630,625,0
2021-12-30 10:53:00,625,625,625,625,15100
2021-12-30 10:54:00,630,630,630,630,3400
2021-12-30 10:55:00,630,630,630,630,200
2021-12-30 10:56:00,630,630,630,630,1500
2021-12-30 10:57:00,630,630,630,630,200
2021-12-30 10:58:00,630,630,630,630,0
2021-12-30 10:59:00,630,630,630,630,500
2021-12-30 11:00:00,630,630,630,630,11600
2021-12-30 11:01:00,630,630,630,630,200
2021-12-30 11:02:00,630,630,630,630,0
2021-12-30 11:03:00,630,630,630,630,8000
2021-12-30 11:04:00,630,630,630,630,0
2021-12-30 11:05:00,630,630,630,630,0
2021-12-30 11:06:00,630,630,630,630,700
2021-12-30 11:07:00,630,630,630,630,0
2021-12-30 11:08:00,630,630,630,630,0
2021-12-30 11:09:00,630,630,630,630,300
2021-12-30 11:10:00,630,630,630,630,0
2021-12-30 11:11:00,630,630,630,630,200
2021-12-30 11:12:00,630,630,630,630,300
2021-12-30 11:13:00,630,630,630,630,0
2021-12-30 11:14:00,630,630,630,630,0
2021-12-30 11:15:00,630,630,630,630,300
2021-12-30 11:16:00,630,630,630,630,2400
2021-12-30 11:17:00,630,630,630,630,0
2021-12-30 11:18:00,630,630,630,630,200
2021-12-30 11:19:00,630,630,630,630,0
2021-12-30 11:20:00,630,630,630,630,0
2021-12-30 11:21:00,630,630,630,630,200
2021-12-30 11:22:00,630,630,630,630,0
2021-12-30 11:23:00,630,630,630,630,200
2021-12-30 11:24:00,630,630,630,630,200
2021-12-30 11:25:00,630,630,630,630,0
2021-12-30 11:26:00,630,630,630,630,200
2021-12-30 11:27:00,630,630,630,630,300
2021-12-30 11:28:00,630,630,630,630,400
2021-12-30 11:29:00,630,630,630,630,400
2021-12-30 11:30:00,630,630,630,630,0
2021-12-30 11:31:00,630,630,630,630,0
2021-12-30 11:32:00,630,630,630,630,0
2021-12-30 11:33:00,630,630,630,630,0
2021-12-30 11:34:00,630,630,630,630,0
2021-12-30 11:35:00,630,630,630,630,0
2021-12-30 11:36:00,630,630,630,630,0
2021-12-30 11:37:00,630,630,630,630,0
2021-12-30 11:38:00,630,630,630,630,0
2021-12-30 11:39:00,630,630,630,630,0
2021-12-30 11:40:00,630,630,630,630,0
2021-12-30 11:41:00,630,630,630,630,0
2021-12-30 11:42:00,630,630,630,630,0
2021-12-30 11:43:00,630,630,630,630,0
2021-12-30 11:44:00,630,630,630,630,0
2021-12-30 11:45:00,630,630,630,630,0
2021-12-30 11:46:00,630,630,630,630,0
2021-12-30 11:47:00,630,630,630,630,0
2021-12-30 11:48:00,630,630,630,630,0
2021-12-30 11:49:00,630,630,630,630,0
2021-12-30 11:50:00,630,630,630,630,0
2021-12-30 11:51:00,630,630,630,630,0
2021-12-30 11:52:00,630,630,630,630,0
2021-12-30 11:53:00,630,630,630,630,0
2021-12-30 11:54:00,630,630,630,630,0
2021-12-30 11:55:00,630,630,630,630,0
2021-12-30 11:56:00,630,630,630,630,0
2021-12-30 11:57:00,630,630,630,630,0
2021-12-30 11:58:00,630,630,630,630,0
2021-12-30 11:59:00,630,630,630,630,0
2021-12-30 12:00:00,630,630,630,630,0
2021-12-30 12:01:00,630,630,630,630,0
2021-12-30 12:02:00,630,630,630,630,0
2021-12-30 12:03:00,630,630,630,630,0
2021-12-30 12:04:00,630,630,630,630,0
2021-12-30 12:05:00,630,630,630,630,0
2021-12-30 12:06:00,630,630,630,630,0
2021-12-30 12:07:00,630,630,630,630,0
2021-12-30 12:08:00,630,630,630,630,0
2021-12-30 12:09:00,630,630,630,630,0
2021-12-30 12:10:00,630,630,630,630,0
2021-12-30 12:11:00,630,630,630,630,0
2021-12-30 12:12:00,630,630,630,630,0
2021-12-30 12:13:00,630,630,630,630,0
2021-12-30 12:14:00,630,630,630,630,0
2021-12-30 12:15:00,630,630,630,630,0
2021-12-30 12:16:00,630,630,630,630,0
2021-12-30 12:17:00,630,630,630,630,0
2021-12-30 12:18:00,630,630,630,630,0
2021-12-30 12:19:00,630,630,630,630,0
2021-12-30 12:20:00,630,630,630,630,0
2021-12-30 12:21:00,630,630,630,630,0
2021-12-30 12:22:00,630,630,630,630,0
2021-12-30 12:23:00,630,630,630,630,0
2021-12-30 12:24:00,630,630,630,630,0
2021-12-30 12:25:00,630,630,630,630,0
2021-12-30 12:26:00,630,630,630,630,0
2021-12-30 12:27:00,630,630,630,630,0
2021-12-30 12:28:00,630,630,630,630,0
2021-12-30 12:29:00,630,630,630,630,0
2021-12-30 12:30:00,630,630,630,630,0
2021-12-30 12:31:00,630,630,630,630,0
2021-12-30 12:32:00,630,630,630,630,0
2021-12-30 12:33:00,630,630,630,630,0
2021-12-30 12:34:00,630,630,630,630,0
2021-12-30 12:35:00,630,630,630,630,0
2021-12-30 12:36:00,630,630,630,630,0
2021-12-30 12:37:00,630,630,630,630,0
2021-12-30 12:38:00,630,630,630,630,0
2021-12-30 12:39:00,630,630,630,630,0
2021-12-30 12:40:00,630,630,630,630,0
2021-12-30 12:41:00,630,630,630,630,0
2021-12-30 12:42:00,630,630,630,630,0
2021-12-30 12:43:00,630,630,630,630,0
2021-12-30 12:44:00,630,630,630,630,0
2021-12-30 12:45:00,630,630,630,630,0
2021-12-30 12:46:00,630,630,630,630,0
2021-12-30 12:47:00,630,630,630,630,0
2021-12-30 12:48:00,630,630,630,630,0
2021-12-30 12:49:00,630,630,630,630,0
2021-12-30 12:50:00,630,630,630,630,0
2021-12-30 12:51:00,630,630,630,630,0
2021-12-30 12:52:00,630,630,630,630,0
2021-12-30 12:53:00,630,630,630,630,0
2021-12-30 12:54:00,630,630,630,630,0
2021-12-30 12:55:00,630,630,630,630,0
2021-12-30 12:56:00,630,630,630,630,0
2021-12-30 12:57:00,630,630,630,630,0
2021-12-30 12:58:00,630,630,630,630,0
2021-12-30 12:59:00,630,630,630,630,0
2021-12-30 13:00:00,630,630,630,630,0
2021-12-30 13:01:00,630,630,630,630,0
2021-12-30 13:02:00,630,630,630,630,0
2021-12-30 13:03:00,630,630,630,630,0
2021-12-30 13:04:00,630,630,630,630,0
2021-12-30 13:05:00,630,630,630,630,0
2021-12-30 13:06:00,630,630,630,630,0
2021-12-30 13:07:00,630,630,630,630,0
2021-12-30 13:08:00,630,630,630,630,0
2021-12-30 13:09:00,630,630,630,630,0
2021-12-30 13:10:00,630,630,630,630,0
2021-12-30 13:11:00,630,630,630,630,0
2021-12-30 13:12:00,630,630,630,630,0
2021-12-30 13:13:00,630,630,630,630,0
2021-12-30 13:14:00,630,630,630,630,0
2021-12-30 13:15:00,630,630,630,630,0
2021-12-30 13:16:00,630,630,630,630,0
2021-12-30 13:17:00,630,630,630,630,0
2021-12-30 13:18:00,630,630,630,630,0
2021-12-30 13:19:00,630,630,630,630,0
2021-12-30 13:20:00,630,630,630,630,0
2021-12-30 13:21:00,630,630,630,630,0
2021-12-30 13:22:00,630,630,630,630,0
2021-12-30 13:23:00,630,630,630,630,0
2021-12-30 13:24:00,630,630,630,630,0
2021-12-30 13:25:00,630,630,630,630,0
2021-12-30 13:26:00,630,630,630,630,0
2021-12-30 13:27:00,630,630,630,630,0
2021-12-30 13:28:00,630,630,630,630,0
2021-12-30 13:29:00,630,630,630,630,0
2021-12-30 13:30:00,630,630,630,630,200
2021-12-30 13:31:00,630,630,630,630,0
2021-12-30 13:32:00,630,630,630,630,0
2021-12-30 13:33:00,630,630,630,630,0
2021-12-30 13:34:00,630,630,630,630,5200
2021-12-30 13:35:00,630,630,630,630,5000
2021-12-30 13:36:00,630,630,630,630,0
2021-12-30 13:37:00,630,630,630,630,0
2021-12-30 13:38:00,630,630,630,630,2700
2021-12-30 13:39:00,625,625,625,625,8500
2021-12-30 13:40:00,625,625,625,625,0
2021-12-30 13:41:00,630,630,630,630,5000
2021-12-30 13:42:00,630,625,630,625,180900
2021-12-30 13:43:00,625,625,640,640,10400
2021-12-30 13:44:00,635,635,640,640,3700
2021-12-30 13:45:00,640,640,640,640,14000
2021-12-30 13:46:00,640,640,640,640,200
2021-12-30 13:47:00,640,640,640,640,17700
2021-12-30 13:48:00,640,640,640,640,0
2021-12-30 13:49:00,640,640,640,640,0
2021-12-30 13:50:00,640,640,640,640,0
2021-12-30 13:51:00,640,635,640,635,7300
2021-12-30 13:52:00,640,635,640,635,0
2021-12-30 13:53:00,635,635,635,635,2500
2021-12-30 13:54:00,635,635,635,635,900
2021-12-30 13:55:00,635,635,635,635,1100
2021-12-30 13:56:00,635,635,635,635,200
2021-12-30 13:57:00,635,635,640,640,900
2021-12-30 13:58:00,640,640,640,640,200
2021-12-30 13:59:00,640,640,640,640,0
2021-12-30 14:00:00,640,640,640,640,0
2021-12-30 14:01:00,640,640,640,640,300
2021-12-30 14:02:00,640,640,640,640,0
2021-12-30 14:03:00,640,640,640,640,0
2021-12-30 14:04:00,640,640,640,640,200
2021-12-30 14:05:00,640,640,640,640,0
2021-12-30 14:06:00,640,640,640,640,200
2021-12-30 14:07:00,640,640,640,640,0
2021-12-30 14:08:00,640,640,640,640,0
2021-12-30 14:09:00,640,640,640,640,300
2021-12-30 14:10:00,640,640,640,640,0
2021-12-30 14:11:00,635,635,635,635,100
2021-12-30 14:12:00,640,640,640,640,300
2021-12-30 14:13:00,640,640,640,640,1700
2021-12-30 14:14:00,640,640,640,640,5000
2021-12-30 14:15:00,640,640,640,640,0
2021-12-30 14:16:00,640,640,640,640,0
2021-12-30 14:17:00,640,640,640,640,0
2021-12-30 14:18:00,635,625,635,625,165000
2021-12-30 14:19:00,640,635,640,640,108500
2021-12-30 14:20:00,635,635,635,635,400
2021-12-30 14:21:00,635,635,640,640,10200
2021-12-30 14:22:00,640,640,640,640,200
2021-12-30 14:23:00,640,640,640,640,0
2021-12-30 14:24:00,635,635,635,635,6200
2021-12-30 14:25:00,635,635,635,635,0
2021-12-30 14:26:00,635,635,635,635,0
2021-12-30 14:27:00,635,635,635,635,0
2021-12-30 14:28:00,635,635,635,635,200
2021-12-30 14:29:00,635,635,635,635,0
2021-12-30 14:30:00,635,635,635,635,300
2021-12-30 14:31:00,635,635,635,635,0
2021-12-30 14:32:00,635,635,635,635,0
2021-12-30 14:33:00,635,635,635,635,37900
2021-12-30 14:34:00,635,635,635,635,0
2021-12-30 14:35:00,640,640,640,640,200
2021-12-30 14:36:00,640,640,640,640,0
2021-12-30 14:37:00,640,640,640,640,100
2021-12-30 14:38:00,640,640,640,640,0
2021-12-30 14:39:00,640,640,640,640,0
2021-12-30 14:40:00,635,635,635,635,100
2021-12-30 14:41:00,640,640,640,640,200
2021-12-30 14:42:00,640,640,640,640,0
2021-12-30 14:43:00,630,630,640,640,90000
2021-12-30 14:44:00,640,640,640,640,11400
2021-12-30 14:45:00,635,635,635,635,100
2021-12-30 14:46:00,640,640,640,640,40200
2021-12-30 14:47:00,635,635,640,640,20100
2021-12-30 14:48:00,640,640,640,640,300
2021-12-30 14:49:00,640,640,640,640,94800
2021-12-30 14:50:00,640,640,640,640,0
2021-12-30 14:51:00,640,640,640,640,0
2021-12-30 14:52:00,640,640,640,640,0
2021-12-30 14:53:00,640,640,640,640,0
2021-12-30 14:54:00,640,640,640,640,0
2021-12-30 14:55:00,640,640,640,640,0
2021-12-30 14:56:00,640,640,640,640,0
2021-12-30 14:57:00,640,640,640,640,0
2021-12-30 14:58:00,640,640,640,640,0
2021-12-30 14:59:00,640,640,640,640,0
2021-12-30 15:00:00,645,645,645,645,113300
2021-12-30 15:01:00,645,645,645,645,0
2021-12-30 15:02:00,645,645,645,645,0
2021-12-30 15:03:00,645,645,645,645,0
2021-12-30 15:04:00,645,645,645,645,0
2021-12-30 15:05:00,645,645,645,645,0
2021-12-30 15:06:00,645,645,645,645,0
2021-12-30 15:07:00,645,645,645,645,0
2021-12-30 15:08:00,645,645,645,645,0
2021-12-30 15:09:00,645,645,645,645,0
2021-12-30 15:10:00,645,645,645,645,0
2021-12-30 15:11:00,645,645,645,645,0
2021-12-30 15:12:00,645,645,645,645,0
2021-12-30 15:13:00,645,645,645,645,0
2021-12-30 15:14:00,645,645,645,645,0
2021-12-30 15:15:00,645,645,645,645,0
2021-12-30 15:16:00,645,645,645,645,0
2021-12-30 15:17:00,645,645,645,645,0
2021-12-30 15:18:00,645,645,645,645,0
2021-12-30 15:19:00,645,645,645,645,0
2021-12-30 15:20:00,645,645,645,645,0
2021-12-30 15:21:00,645,645,645,645,0
2021-12-30 15:22:00,645,645,645,645,0
2021-12-30 15:23:00,645,645,645,645,0
2021-12-30 15:24:00,645,645,645,645,0
2021-12-30 15:25:00,645,645,645,645,0
2021-12-30 15:26:00,645,645,645,645,0
2021-12-30 15:27:00,645,645,645,645,0
2021-12-30 15:28:00,645,645,645,645,0
2021-12-30 15:29:00,645,645,645,645,0
2021-12-30 15:30:00,645,645,645,645,0
2021-12-30 15:31:00,645,645,645,645,0
2021-12-30 15:32:00,645,645,645,645,0
2021-12-30 15:33:00,645,645,645,645,0
2021-12-30 15:34:00,645,645,645,645,0
2021-12-30 15:35:00,645,645,645,645,0
2021-12-30 15:36:00,645,645,645,645,0
2021-12-30 15:37:00,645,645,645,645,0
2021-12-30 15:38:00,645,645,645,645,0
2021-12-30 15:39:00,645,645,645,645,0
2021-12-30 15:40:00,645,645,645,645,0
2021-12-30 15:41:00,645,645,645,645,0
2021-12-30 15:42:00,645,645,645,645,0
2021-12-30 15:43:00,645,645,645,645,0
2021-12-30 15:44:00,645,645,645,645,0
2021-12-30 15:45:00,645,645,645,645,0
2021-12-30 15:46:00,645,645,645,645,0
2021-12-30 15:47:00,645,645,645,645,0
2021-12-30 15:48:00,645,645,645,645,0
2021-12-30 15:49:00,645,645,645,645,0
2021-12-30 15:50:00,645,645,645,645,0
2021-12-30 15:51:00,645,645,645,645,0
2021-12-30 15:52:00,645,645,645,645,0
2021-12-30 15:53:00,645,645,645,645,0
2021-12-30 15:54:00,645,645,645,645,0
2021-12-30 15:55:00,645,645,645,645,0
2021-12-30 15:56:00,645,645,645,645,0
2021-12-30 15:57:00,645,645,645,645,0
2021-12-30 15:58:00,645,645,645,645,0
2021-12-30 15:59:00,645,645,645,645,0
2021-12-31 09:00:00,645,645,645,645,0
2021-12-31 09:01:00,645,645,645,645,0
2021-12-31 09:02:00,645,645,645,645,0
2021-12-31 09:03:00,645,645,645,645,0
2021-12-31 09:04:00,645,645,645,645,0
2021-12-31 09:05:00,645,645,645,645,0
2021-12-31 09:06:00,645,645,645,645,0
2021-12-31 09:07:00,645,645,645,645,0
2021-12-31 09:08:00,645,645,645,645,0
2021-12-31 09:09:00,645,645,645,645,0
2021-12-31 09:10:00,645,645,645,645,0
2021-12-31 09:11:00,645,645,645,645,0
2021-12-31 09:12:00,645,645,645,645,0
2021-12-31 09:13:00,645,645,645,645,0
2021-12-31 09:14:00,645,645,645,645,0
2021-12-31 09:15:00,645,645,645,645,0
2021-12-31 09:16:00,645,645,645,645,0
2021-12-31 09:17:00,645,645,645,645,0
2021-12-31 09:18:00,645,645,645,645,0
2021-12-31 09:19:00,645,645,645,645,0
2021-12-31 09:20:00,645,645,645,645,0
2021-12-31 09:21:00,645,645,645,645,0
2021-12-31 09:22:00,645,645,645,645,0
2021-12-31 09:23:00,645,645,645,645,0
2021-12-31 09:24:00,645,645,645,645,0
2021-12-31 09:25:00,645,645,645,645,0
2021-12-31 09:26:00,645,645,645,645,0
2021-12-31 09:27:00,645,645,645,645,0
2021-12-31 09:28:00,645,645,645,645,0
2021-12-31 09:29:00,645,645,645,645,0
2021-12-31 09:30:00,645,645,645,645,0
2021-12-31 09:31:00,645,645,645,645,0
2021-12-31 09:32:00,645,645,645,645,0
2021-12-31 09:33:00,645,645,645,645,0
2021-12-31 09:34:00,645,645,645,645,0
2021-12-31 09:35:00,645,645,645,645,0
2021-12-31 09:36:00,645,645,645,645,0
2021-12-31 09:37:00,645,645,645,645,0
2021-12-31 09:38:00,645,645,645,645,0
2021-12-31 09:39:00,645,645,645,645,0
2021-12-31 09:40:00,645,645,645,645,0
2021-12-31 09:41:00,645,645,645,645,0
2021-12-31 09:42:00,645,645,645,645,0
2021-12-31 09:43:00,645,645,645,645,0
2021-12-31 09:44:00,645,645,645,645,0
2021-12-31 09:45:00,645,645,645,645,0
2021-12-31 09:46:00,645,645,645,645,0
2021-12-31 09:47:00,645,645,645,645,0
2021-12-31 09:48:00,645,645,645,645,0
2021-12-31 09:49:00,645,645,645,645,0
2021-12-31 09:50:00,645,645,645,645,0
2021-12-31 09:51:00,645,645,645,645,0
2021-12-31 09:52:00,645,645,645,645,0
2021-12-31 09:53:00,645,645,645,645,0
2021-12-31 09:54:00,645,645,645,645,0
2021-12-31 09:55:00,645,645,645,645,0
2021-12-31 09:56:00,645,645,645,645,0
2021-12-31 09:57:00,645,645,645,645,0
2021-12-31 09:58:00,645,645,645,645,0
2021-12-31 09:59:00,645,645,645,645,0
2021-12-31 10:00:00,645,645,645,645,0
2021-12-31 10:01:00,645,645,645,645,0
2021-12-31 10:02:00,645,645,645,645,0
2021-12-31 10:03:00,645,645,645,645,0
2021-12-31 10:04:00,645,645,645,645,0
2021-12-31 10:05:00,645,645,645,645,0
2021-12-31 10:06:00,645,645,645,645,0
2021-12-31 10:07:00,645,645,645,645,0
2021-12-31 10:08:00,645,645,645,645,0
2021-12-31 10:09:00,645,645,645,645,0
2021-12-31 10:10:00,645,645,645,645,0
2021-12-31 10:11:00,645,645,645,645,0
2021-12-31 10:12:00,645,645,645,645,0
2021-12-31 10:13:00,645,645,645,645,0
2021-12-31 10:14:00,645,645,645,645,0
2021-12-31 10:15:00,645,645,645,645,0
2021-12-31 10:16:00,645,645,645,645,0
2021-12-31 10:17:00,645,645,645,645,0
2021-12-31 10:18:00,645,645,645,645,0
2021-12-31 10:19:00,645,645,645,645,0
2021-12-31 10:20:00,645,645,645,645,0
2021-12-31 10:21:00,645,645,645,645,0
2021-12-31 10:22:00,645,645,645,645,0
2021-12-31 10:23:00,645,645,645,645,0
2021-12-31 10:24:00,645,645,645,645,0
2021-12-31 10:25:00,645,645,645,645,0
2021-12-31 10:26:00,645,645,645,645,0
2021-12-31 10:27:00,645,645,645,645,0
2021-12-31 10:28:00,645,645,645,645,0
2021-12-31 10:29:00,645,645,645,645,0
2021-12-31 10:30:00,645,645,645,645,0
2021-12-31 10:31:00,645,645,645,645,0
2021-12-31 10:32:00,645,645,645,645,0
2021-12-31 10:33:00,645,645,645,645,0
2021-12-31 10:34:00,645,645,645,645,0
2021-12-31 10:35:00,645,645,645,645,0
2021-12-31 10:36:00,645,645,645,645,0
2021-12-31 10:37:00,645,645,645,645,0
2021-12-31 10:38:00,645,645,645,645,0
2021-12-31 10:39:00,645,645,645,645,0
2021-12-31 10:40:00,645,645,645,645,0
2021-12-31 10:41:00,645,645,645,645,0
2021-12-31 10:42:00,645,645,645,645,0
2021-12-31 10:43:00,645,645,645,645,0
2021-12-31 10:44:00,645,645,645,645,0
2021-12-31 10:45:00,645,645,645,645,0
2021-12-31 10:46:00,645,645,645,645,0
2021-12-31 10:47:00,645,645,645,645,0
2021-12-31 10:48:00,645,645,645,645,0
2021-12-31 10:49:00,645,645,645,645,0
2021-12-31 10:50:00,645,645,645,645,0
2021-12-31 10:51:00,645,645,645,645,0
2021-12-31 10:52:00,645,645,645,645,0
2021-12-31 10:53:00,645,645,645,645,0
2021-12-31 10:54:00,645,645,645,645,0
2021-12-31 10:55:00,645,645,645,645,0
2021-12-31 10:56:00,645,645,645,645,0
2021-12-31 10:57:00,645,645,645,645,0
2021-12-31 10:58:00,645,645,645,645,0
2021-12-31 10:59:00,645,645,645,645,0
2021-12-31 11:00:00,645,645,645,645,0
2021-12-31 11:01:00,645,645,645,645,0
2021-12-31 11:02:00,645,645,645,645,0
2021-12-31 11:03:00,645,645,645,645,0
2021-12-31 11:04:00,645,645,645,645,0
2021-12-31 11:05:00,645,645,645,645,0
2021-12-31 11:06:00,645,645,645,645,0
2021-12-31 11:07:00,645,645,645,645,0
2021-12-31 11:08:00,645,645,645,645,0
2021-12-31 11:09:00,645,645,645,645,0
2021-12-31 11:10:00,645,645,645,645,0
2021-12-31 11:11:00,645,645,645,645,0
2021-12-31 11:12:00,645,645,645,645,0
2021-12-31 11:13:00,645,645,645,645,0
2021-12-31 11:14:00,645,645,645,645,0
2021-12-31 11:15:00,645,645,645,645,0
2021-12-31 11:16:00,645,645,645,645,0
2021-12-31 11:17:00,645,645,645,645,0
2021-12-31 11:18:00,645,645,645,645,0
2021-12-31 11:19:00,645,645,645,645,0
2021-12-31 11:20:00,645,645,645,645,0
2021-12-31 11:21:00,645,645,645,645,0
2021-12-31 11:22:00,645,645,645,645,0
2021-12-31 11:23:00,645,645,645,645,0
2021-12-31 11:24:00,645,645,645,645,0
2021-12-31 11:25:00,645,645,645,645,0
2021-12-31 11:26:00,645,645,645,645,0
2021-12-31 11:27:00,645,645,645,645,0
2021-12-31 11:28:00,645,645,645,645,0
2021-12-31 11:29:00,645,645,645,645,0
2021-12-31 11:30:00,645,645,645,645,0
2021-12-31 11:31:00,645,645,645,645,0
2021-12-31 11:32:00,645,645,645,645,0
2021-12-31 11:33:00,645,645,645,645,0
2021-12-31 11:34:00,645,645,645,645,0
2021-12-31 11:35:00,645,645,645,645,0
2021-12-31 11:36:00,645,645,645,645,0
2021-12-31 11:37:00,645,645,645,645,0
2021-12-31 11:38:00,645,645,645,645,0
2021-12-31 11:39:00,645,645,645,645,0
2021-12-31 11:40:00,645,645,645,645,0
2021-12-31 11:41:00,645,645,645,645,0
2021-12-31 11:42:00,645,645,645,645,0
2021-12-31 11:43:00,645,645,645,645,0
2021-12-31 11:44:00,645,645,645,645,0
2021-12-31 11:45:00,645,645,645,645,0
2021-12-31 11:46:00,645,645,645,645,0
2021-12-31 11:47:00,645,645,645,645,0
2021-12-31 11:48:00,645,645,645,645,0
2021-12-31 11:49:00,645,645,645,645,0
2021-12-31 11:50:00,645,645,645,645,0
2021-12-31 11:51:00,645,645,645,645,0
2021-12-31 11:52:00,645,645,645,645,0
2021-12-31 11:53:00,645,645,645,645,0
2021-12-31 11:54:00,645,645,645,645,0
2021-12-31 11:55:00,645,645,645,645,0
2021-12-31 11:56:00,645,645,645,645,0
2021-12-31 11:57:00,645,645,645,645,0
2021-12-31 11:58:00,645,645,645,645,0
2021-12-31 11:59:00,645,645,645,645,0
2021-12-31 12:00:00,645,645,645,645,0
2021-12-31 12:01:00,645,645,645,645,0
2021-12-31 12:02:00,645,645,645,645,0
2021-12-31 12:03:00,645,645,645,645,0
2021-12-31 12:04:00,645,645,645,645,0
2021-12-31 12:05:00,645,645,645,645,0
2021-12-31 12:06:00,645,645,645,645,0
2021-12-31 12:07:00,645,645,645,645,0
2021-12-31 12:08:00,645,645,645,645,0
2021-12-31 12:09:00,645,645,645,645,0
2021-12-31 12:10:00,645,645,645,645,0
2021-12-31 12:11:00,645,645,645,645,0
2021-12-31 12:12:00,645,645,645,645,0
2021-12-31 12:13:00,645,645,645,645,0
2021-12-31 12:14:00,645,645,645,645,0
2021-12-31 12:15:00,645,645,645,645,0
2021-12-31 12:16:00,645,645,645,645,0
2021-12-31 12:17:00,645,645,645,645,0
2021-12-31 12:18:00,645,645,645,645,0
2021-12-31 12:19:00,645,645,645,645,0
2021-12-31 12:20:00,645,645,645,645,0
2021-12-31 12:21:00,645,645,645,645,0
2021-12-31 12:22:00,645,645,645,645,0
2021-12-31 12:23:00,645,645,645,645,0
2021-12-31 12:24:00,645,645,645,645,0
2021-12-31 12:25:00,645,645,645,645,0
2021-12-31 12:26:00,645,645,645,645,0
2021-12-31 12:27:00,645,645,645,645,0
2021-12-31 12:28:00,645,645,645,645,0
2021-12-31 12:29:00,645,645,645,645,0
2021-12-31 12:30:00,645,645,645,645,0
2021-12-31 12:31:00,645,645,645,645,0
2021-12-31 12:32:00,645,645,645,645,0
2021-12-31 12:33:00,645,645,645,645,0
2021-12-31 12:34:00,645,645,645,645,0
2021-12-31 12:35:00,645,645,645,645,0
2021-12-31 12:36:00,645,645,645,645,0
2021-12-31 12:37:00,645,645,645,645,0
2021-12-31 12:38:00,645,645,645,645,0
2021-12-31 12:39:00,645,645,645,645,0
2021-12-31 12:40:00,645,645,645,645,0
2021-12-31 12:41:00,645,645,645,645,0
2021-12-31 12:42:00,645,645,645,645,0
2021-12-31 12:43:00,645,645,645,645,0
2021-12-31 12:44:00,645,645,645,645,0
2021-12-31 12:45:00,645,645,645,645,0
2021-12-31 12:46:00,645,645,645,645,0
2021-12-31 12:47:00,645,645,645,645,0
2021-12-31 12:48:00,645,645,645,645,0
2021-12-31 12:49:00,645,645,645,645,0
2021-12-31 12:50:00,645,645,645,645,0
2021-12-31 12:51:00,645,645,645,645,0
2021-12-31 12:52:00,645,645,645,645,0
2021-12-31 12:53:00,645,645,645,645,0
2021-12-31 12:54:00,645,645,645,645,0
2021-12-31 12:55:00,645,645,645,645,0
2021-12-31 12:56:00,645,645,645,645,0
2021-12-31 12:57:00,645,645,645,645,0
2021-12-31 12:58:00,645,645,645,645,0
2021-12-31 12:59:00,645,645,645,645,0
2021-12-31 13:00:00,645,645,645,645,0
2021-12-31 13:01:00,645,645,645,645,0
2021-12-31 13:02:00,645,645,645,645,0
2021-12-31 13:03:00,645,645,645,645,0
2021-12-31 13:04:00,645,645,645,645,0
2021-12-31 13:05:00,645,645,645,645,0
2021-12-31 13:06:00,645,645,645,645,0
2021-12-31 13:07:00,645,645,645,645,0
2021-12-31 13:08:00,645,645,645,645,0
2021-12-31 13:09:00,645,645,645,645,0
2021-12-31 13:10:00,645,645,645,645,0
2021-12-31 13:11:00,645,645,645,645,0
2021-12-31 13:12:00,645,645,645,645,0
2021-12-31 13:13:00,645,645,645,645,0
2021-12-31 13:14:00,645,645,645,645,0
2021-12-31 13:15:00,645,645,645,645,0
2021-12-31 13:16:00,645,645,645,645,0
2021-12-31 13:17:00,645,645,645,645,0
2021-12-31 13:18:00,645,645,645,645,0
2021-12-31 13:19:00,645,645,645,645,0
2021-12-31 13:20:00,645,645,645,645,0
2021-12-31 13:21:00,645,645,645,645,0
2021-12-31 13:22:00,645,645,645,645,0
2021-12-31 13:23:00,645,645,645,645,0
2021-12-31 13:24:00,645,645,645,645,0
2021-12-31 13:25:00,645,645,645,645,0
2021-12-31 13:26:00,645,645,645,645,0
2021-12-31 13:27:00,645,645,645,645,0
2021-12-31 13:28:00,645,645,645,645,0
2021-12-31 13:29:00,645,645,645,645,0
2021-12-31 13:30:00,645,645,645,645,0
2021-12-31 13:31:00,645,645,645,645,0
2021-12-31 13:32:00,645,645,645,645,0
2021-12-31 13:33:00,645,645,645,645,0
2021-12-31 13:34:00,645,645,645,645,0
2021-12-31 13:35:00,645,645,645,645,0
2021-12-31 13:36:00,645,645,645,645,0
2021-12-31 13:37:00,645,645,645,645,0
2021-12-31 13:38:00,645,645,645,645,0
2021-12-31 13:39:00,645,645,645,645,0
2021-12-31 13:40:00,645,645,645,645,0
2021-12-31 13:41:00,645,645,645,645,0
2021-12-31 13:42:00,645,645,645,645,0
2021-12-31 13:43:00,645,645,645,645,0
2021-12-31 13:44:00,645,645,645,645,0
2021-12-31 13:45:00,645,645,645,645,0
2021-12-31 13:46:00,645,645,645,645,0
2021-12-31 13:47:00,645,645,645,645,0
2021-12-31 13:48:00,645,645,645,645,0
2021-12-31 13:49:00,645,645,645,645,0
2021-12-31 13:50:00,645,645,645,645,0
2021-12-31 13:51:00,645,645,645,645,0
2021-12-31 13:52:00,645,645,645,645,0
2021-12-31 13:53:00,645,645,645,645,0
2021-12-31 13:54:00,645,645,645,645,0
2021-12-31 13:55:00,645,645,645,645,0
2021-12-31 13:56:00,645,645,645,645,0
2021-12-31 13:57:00,645,645,645,645,0
2021-12-31 13:58:00,645,645,645,645,0
2021-12-31 13:59:00,645,645,645,645,0
2021-12-31 14:00:00,645,645,645,645,0
2021-12-31 14:01:00,645,645,645,645,0
2021-12-31 14:02:00,645,645,645,645,0
2021-12-31 14:03:00,645,645,645,645,0
2021-12-31 14:04:00,645,645,645,645,0
2021-12-31 14:05:00,645,645,645,645,0
2021-12-31 14:06:00,645,645,645,645,0
2021-12-31 14:07:00,645,645,645,645,0
2021-12-31 14:08:00,645,645,645,645,0
2021-12-31 14:09:00,645,645,645,645,0
2021-12-31 14:10:00,645,645,645,645,0
2021-12-31 14:11:00,645,645,645,645,0
2021-12-31 14:12:00,645,645,645,645,0
2021-12-31 14:13:00,645,645,645,645,0
2021-12-31 14:14:00,645,645,645,645,0
2021-12-31 14:15:00,645,645,645,645,0
2021-12-31 14:16:00,645,645,645,645,0
2021-12-31 14:17:00,645,645,645,645,0
2021-12-31 14:18:00,645,645,645,645,0
2021-12-31 14:19:00,645,645,645,645,0
2021-12-31 14:20:00,645,645,645,645,0
2021-12-31 14:21:00,645,645,645,645,0
2021-12-31 14:22:00,645,645,645,645,0
2021-12-31 14:23:00,645,645,645,645,0
2021-12-31 14:24:00,645,645,645,645,0
2021-12-31 14:25:00,645,645,645,645,0
2021-12-31 14:26:00,645,645,645,645,0
2021-12-31 14:27:00,645,645,645,645,0
2021-12-31 14:28:00,645,645,645,645,0
2021-12-31 14:29:00,645,645,645,645,0
2021-12-31 14:30:00,645,645,645,645,0
2021-12-31 14:31:00,645,645,645,645,0
2021-12-31 14:32:00,645,645,645,645,0
2021-12-31 14:33:00,645,645,645,645,0
2021-12-31 14:34:00,645,645,645,645,0
2021-12-31 14:35:00,645,645,645,645,0
2021-12-31 14:36:00,645,645,645,645,0
2021-12-31 14:37:00,645,645,645,645,0
2021-12-31 14:38:00,645,645,645,645,0
2021-12-31 14:39:00,645,645,645,645,0
2021-12-31 14:40:00,645,645,645,645,0
2021-12-31 14:41:00,645,645,645,645,0
2021-12-31 14:42:00,645,645,645,645,0
2021-12-31 14:43:00,645,645,645,645,0
2021-12-31 14:44:00,645,645,645,645,0
2021-12-31 14:45:00,645,645,645,645,0
2021-12-31 14:46:00,645,645,645,645,0
2021-12-31 14:47:00,645,645,645,645,0
2021-12-31 14:48:00,645,645,645,645,0
2021-12-31 14:49:00,645,645,645,645,0
2021-12-31 14:50:00,645,645,645,645,0
2021-12-31 14:51:00,645,645,645,645,0
2021-12-31 14:52:00,645,645,645,645,0
2021-12-31 14:53:00,645,645,645,645,0
2021-12-31 14:54:00,645,645,645,645,0
2021-12-31 14:55:00,645,645,645,645,0
2021-12-31 14:56:00,645,645,645,645,0
2021-12-31 14:57:00,645,645,645,645,0
2021-12-31 14:58:00,645,645,645,645,0
2021-12-31 14:59:00,645,645,645,645,0
2021-12-31 15:00:00,645,645,645,645,0
2021-12-31 15:01:00,645,645,645,645,0
2021-12-31 15:02:00,645,645,645,645,0
2021-12-31 15:03:00,645,645,645,645,0
2021-12-31 15:04:00,645,645,645,645,0
2021-12-31 15:05:00,645,645,645,645,0
2021-12-31 15:06:00,645,645,645,645,0
2021-12-31 15:07:00,645,645,645,645,0
2021-12-31 15:08:00,645,645,645,645,0
2021-12-31 15:09:00,645,645,645,645,0
2021-12-31 15:10:00,645,645,645,645,0
2021-12-31 15:11:00,645,645,645,645,0
2021-12-31 15:12:00,645,645,645,645,0
2021-12-31 15:13:00,645,645,645,645,0
2021-12-31 15:14:00,645,645,645,645,0
2021-12-31 15:15:00,645,645,645,645,0
2021-12-31 15:16:00,645,645,645,645,0
2021-12-31 15:17:00,645,645,645,645,0
2021-12-31 15:18:00,645,645,645,645,0
2021-12-31 15:19:00,645,645,645,645,0
2021-12-31 15:20:00,645,645,645,645,0
2021-12-31 15:21:00,645,645,645,645,0
2021-12-31 15:22:00,645,645,645,645,0
2021-12-31 15:23:00,645,645,645,645,0
2021-12-31 15:24:00,645,645,645,645,0
2021-12-31 15:25:00,645,645,645,645,0
2021-12-31 15:26:00,645,645,645,645,0
2021-12-31 15:27:00,645,645,645,645,0
2021-12-31 15:28:00,645,645,645,645,0
2021-12-31 15:29:00,645,645,645,645,0
2021-12-31 15:30:00,645,645,645,645,0
2021-12-31 15:31:00,645,645,645,645,0
2021-12-31 15:32:00,645,645,645,645,0
2021-12-31 15:33:00,645,645,645,645,0
2021-12-31 15:34:00,645,645,645,645,0
2021-12-31 15:35:00,645,645,645,645,0
2021-12-31 15:36:00,645,645,645,645,0
2021-12-31 15:37:00,645,645,645,645,0
2021-12-31 15:38:00,645,645,645,645,0
2021-12-31 15:39:00,645,645,645,645,0
2021-12-31 15:40:00,645,645,645,645,0
2021-12-31 15:41:00,645,645,645,645,0
2021-12-31 15:42:00,645,645,645,645,0
2021-12-31 15:43:00,645,645,645,645,0
2021-12-31 15:44:00,645,645,645,645,0
2021-12-31 15:45:00,645,645,645,645,0
2021-12-31 15:46:00,645,645,645,645,0
2021-12-31 15:47:00,645,645,645,645,0
2021-12-31 15:48:00,645,645,645,645,0
2021-12-31 15:49:00,645,645,645,645,0
2021-12-31 15:50:00,645,645,645,645,0
2021-12-31 15:51:00,645,645,645,645,0
2021-12-31 15:52:00,645,645,645,645,0
2021-12-31 15:53:00,645,645,645,645,0
2021-12-31 15:54:00,645,645,645,645,0
2021-12-31 15:55:00,645,645,645,645,0
2021-12-31 15:56:00,645,645,645,645,0
2021-12-31 15:57:00,645,645,645,645,0
2021-12-31 15:58:00,645,645,645,645,0
2021-12-31 15:59:00,645,645,645,645,0
2022-01-03 09:00:00,650,650,655,655,0
2022-01-03 09:01:00,650,650,655,655,0
2022-01-03 09:02:00,650,650,655,655,0
2022-01-03 09:03:00,660,655,660,655,200
2022-01-03 09:04:00,660,655,660,655,0
2022-01-03 09:05:00,660,660,660,660,200
2022-01-03 09:06:00,655,655,655,655,3900
2022-01-03 09:07:00,660,660,660,660,200
2022-01-03 09:08:00,660,660,660,660,10200
2022-01-03 09:09:00,660,660,660,660,0
2022-01-03 09:10:00,655,655,655,655,200
2022-01-03 09:11:00,655,655,655,655,300
2022-01-03 09:12:00,655,655,655,655,0
2022-01-03 09:13:00,655,655,655,655,200
2022-01-03 09:14:00,655,655,655,655,0
2022-01-03 09:15:00,655,655,655,655,200
2022-01-03 09:16:00,655,655,655,655,0
2022-01-03 09:17:00,655,655,655,655,0
2022-01-03 09:18:00,655,650,655,650,2300
2022-01-03 09:19:00,655,650,655,650,5600
2022-01-03 09:20:00,650,650,650,650,6500
2022-01-03 09:21:00,650,650,650,650,1300
2022-01-03 09:22:00,650,650,650,650,200
2022-01-03 09:23:00,650,650,650,650,0
2022-01-03 09:24:00,650,650,650,650,700
2022-01-03 09:25:00,650,650,650,650,0
2022-01-03 09:26:00,650,650,650,650,900
2022-01-03 09:27:00,650,650,650,650,0
2022-01-03 09:28:00,650,650,650,650,0
2022-01-03 09:29:00,650,650,650,650,300
2022-01-03 09:30:00,650,650,650,650,0
2022-01-03 09:31:00,650,650,650,650,200
2022-01-03 09:32:00,650,650,650,650,0
2022-01-03 09:33:00,645,645,645,645,2100
2022-01-03 09:34:00,645,645,650,650,2000
2022-01-03 09:35:00,645,645,650,650,0
2022-01-03 09:36:00,645,645,650,650,0
2022-01-03 09:37:00,645,645,650,650,0
2022-01-03 09:38:00,650,650,650,650,200
2022-01-03 09:39:00,650,650,650,650,0
2022-01-03 09:40:00,650,650,650,650,0
2022-01-03 09:41:00,650,650,650,650,1200
2022-01-03 09:42:00,650,650,650,650,0
2022-01-03 09:43:00,650,650,650,650,300
2022-01-03 09:44:00,650,650,650,650,0
2022-01-03 09:45:00,650,650,650,650,200
2022-01-03 09:46:00,650,650,650,650,0
2022-01-03 09:47:00,650,650,650,650,0
2022-01-03 09:48:00,650,650,650,650,200
2022-01-03 09:49:00,650,650,650,650,0
2022-01-03 09:50:00,650,650,650,650,0
2022-01-03 09:51:00,650,650,650,650,0
2022-01-03 09:52:00,650,650,650,650,1200
2022-01-03 09:53:00,650,650,650,650,0
2022-01-03 09:54:00,650,650,655,655,700
2022-01-03 09:55:00,650,650,655,655,0
2022-01-03 09:56:00,650,650,655,655,0
2022-01-03 09:57:00,655,655,655,655,5000
2022-01-03 09:58:00,655,655,655,655,1200
2022-01-03 09:59:00,655,655,655,655,0
2022-01-03 10:00:00,655,655,655,655,1700
2022-01-03 10:01:00,655,655,655,655,0
2022-01-03 10:02:00,655,655,655,655,0
2022-01-03 10:03:00,655,655,655,655,200
2022-01-03 10:04:00,655,655,655,655,0
2022-01-03 10:05:00,655,655,655,655,0
2022-01-03 10:06:00,655,655,655,655,0
2022-01-03 10:07:00,655,655,655,655,300
2022-01-03 10:08:00,655,655,655,655,0
2022-01-03 10:09:00,655,655,655,655,0
2022-01-03 10:10:00,655,655,655,655,200
2022-01-03 10:11:00,655,655,655,655,0
2022-01-03 10:12:00,655,655,655,655,1500
2022-01-03 10:13:00,655,655,655,655,0
2022-01-03 10:14:00,655,655,655,655,0
2022-01-03 10:15:00,655,655,655,655,0
2022-01-03 10:16:00,655,655,655,655,200
2022-01-03 10:17:00,655,655,655,655,0
2022-01-03 10:18:00,655,655,655,655,0
2022-01-03 10:19:00,655,655,655,655,300
2022-01-03 10:20:00,655,655,655,655,1500
2022-01-03 10:21:00,655,655,655,655,0
2022-01-03 10:22:00,655,655,655,655,0
2022-01-03 10:23:00,655,655,655,655,200
2022-01-03 10:24:00,650,650,650,650,2100
2022-01-03 10:25:00,650,650,650,650,0
2022-01-03 10:26:00,650,650,650,650,0
2022-01-03 10:27:00,650,650,650,650,200
2022-01-03 10:28:00,650,650,650,650,1100
2022-01-03 10:29:00,650,650,650,650,0
2022-01-03 10:30:00,650,650,650,650,0
2022-01-03 10:31:00,650,650,650,650,0
2022-01-03 10:32:00,650,650,650,650,300
2022-01-03 10:33:00,650,650,650,650,0
2022-01-03 10:34:00,650,650,650,650,700
2022-01-03 10:35:00,650,650,650,650,0
2022-01-03 10:36:00,650,650,650,650,0
2022-01-03 10:37:00,650,650,650,650,0
2022-01-03 10:38:00,650,650,650,650,200
2022-01-03 10:39:00,650,650,650,650,0
2022-01-03 10:40:00,650,650,650,650,0
2022-01-03 10:41:00,650,650,650,650,200
2022-01-03 10:42:00,650,650,650,650,0
2022-01-03 10:43:00,650,650,650,650,0
2022-01-03 10:44:00,650,650,650,650,200
2022-01-03 10:45:00,650,650,650,650,0
2022-01-03 10:46:00,650,650,650,650,0
2022-01-03 10:47:00,650,650,650,650,300
2022-01-03 10:48:00,650,650,650,650,0
2022-01-03 10:49:00,650,650,650,650,0
2022-01-03 10:50:00,650,650,650,650,0
2022-01-03 10:51:00,650,650,650,650,300
2022-01-03 10:52:00,650,650,650,650,0
2022-01-03 10:53:00,650,650,650,650,200
2022-01-03 10:54:00,650,650,650,650,0
2022-01-03 10:55:00,650,650,650,650,0
2022-01-03 10:56:00,650,650,650,650,0
2022-01-03 10:57:00,650,650,650,650,200
2022-01-03 10:58:00,650,650,650,650,0
2022-01-03 10:59:00,650,650,650,650,200
2022-01-03 11:00:00,650,650,650,650,0
2022-01-03 11:01:00,650,650,650,650,0
2022-01-03 11:02:00,650,650,650,650,300
2022-01-03 11:03:00,650,650,650,650,0
2022-01-03 11:04:00,650,650,650,650,0
2022-01-03 11:05:00,650,650,650,650,300
2022-01-03 11:06:00,650,650,650,650,0
2022-01-03 11:07:00,650,650,650,650,0
2022-01-03 11:08:00,650,650,650,650,200
2022-01-03 11:09:00,650,650,650,650,0
2022-01-03 11:10:00,650,650,650,650,1100
2022-01-03 11:11:00,650,650,650,650,0
2022-01-03 11:12:00,645,645,645,645,6600
2022-01-03 11:13:00,645,645,645,645,200
2022-01-03 11:14:00,645,645,645,645,0
2022-01-03 11:15:00,645,645,645,645,600
2022-01-03 11:16:00,645,645,645,645,100
2022-01-03 11:17:00,650,650,650,650,200
2022-01-03 11:18:00,650,650,650,650,200
2022-01-03 11:19:00,650,650,650,650,0
2022-01-03 11:20:00,650,650,650,650,200
2022-01-03 11:21:00,650,650,650,650,0
2022-01-03 11:22:00,650,650,650,650,300
2022-01-03 11:23:00,650,650,650,650,0
2022-01-03 11:24:00,650,650,650,650,200
2022-01-03 11:25:00,650,650,650,650,0
2022-01-03 11:26:00,650,650,650,650,200
2022-01-03 11:27:00,650,650,650,650,300
2022-01-03 11:28:00,650,650,650,650,200
2022-01-03 11:29:00,650,650,650,650,200
2022-01-03 11:30:00,650,650,650,650,0
2022-01-03 11:31:00,650,650,650,650,0
2022-01-03 11:32:00,650,650,650,650,0
2022-01-03 11:33:00,650,650,650,650,0
2022-01-03 11:34:00,650,650,650,650,0
2022-01-03 11:35:00,650,650,650,650,0
2022-01-03 11:36:00,650,650,650,650,0
2022-01-03 11:37:00,650,650,650,650,0
2022-01-03 11:38:00,650,650,650,650,0
2022-01-03 11:39:00,650,650,650,650,0
2022-01-03 11:40:00,650,650,650,650,0
2022-01-03 11:41:00,650,650,650,650,0
2022-01-03 11:42:00,650,650,650,650,0
2022-01-03 11:43:00,650,650,650,650,0
2022-01-03 11:44:00,650,650,650,650,0
2022-01-03 11:45:00,650,650,650,650,0
2022-01-03 11:46:00,650,650,650,650,0
2022-01-03 11:47:00,650,650,650,650,0
2022-01-03 11:48:00,650,650,650,650,0
2022-01-03 11:49:00,650,650,650,650,0
2022-01-03 11:50:00,650,650,650,650,0
2022-01-03 11:51:00,650,650,650,650,0
2022-01-03 11:52:00,650,650,650,650,0
2022-01-03 11:53:00,650,650,650,650,0
2022-01-03 11:54:00,650,650,650,650,0
2022-01-03 11:55:00,650,650,650,650,0
2022-01-03 11:56:00,650,650,650,650,0
2022-01-03 11:57:00,650,650,650,650,0
2022-01-03 11:58:00,650,650,650,650,0
2022-01-03 11:59:00,650,650,650,650,0
2022-01-03 12:00:00,650,650,650,650,0
2022-01-03 12:01:00,650,650,650,650,0
2022-01-03 12:02:00,650,650,650,650,0
2022-01-03 12:03:00,650,650,650,650,0
2022-01-03 12:04:00,650,650,650,650,0
2022-01-03 12:05:00,650,650,650,650,0
2022-01-03 12:06:00,650,650,650,650,0
2022-01-03 12:07:00,650,650,650,650,0
2022-01-03 12:08:00,650,650,650,650,0
2022-01-03 12:09:00,650,650,650,650,0
2022-01-03 12:10:00,650,650,650,650,0
2022-01-03 12:11:00,650,650,650,650,0
2022-01-03 12:12:00,650,650,650,650,0
2022-01-03 12:13:00,650,650,650,650,0
2022-01-03 12:14:00,650,650,650,650,0
2022-01-03 12:15:00,650,650,650,650,0
2022-01-03 12:16:00,650,650,650,650,0
2022-01-03 12:17:00,650,650,650,650,0
2022-01-03 12:18:00,650,650,650,650,0
2022-01-03 12:19:00,650,650,650,650,0
2022-01-03 12:20:00,650,650,650,650,0
2022-01-03 12:21:00,650,650,650,650,0
2022-01-03 12:22:00,650,650,650,650,0
2022-01-03 12:23:00,650,650,650,650,0
2022-01-03 12:24:00,650,650,650,650,0
2022-01-03 12:25:00,650,650,650,650,0
2022-01-03 12:26:00,650,650,650,650,0
2022-01-03 12:27:00,650,650,650,650,0
2022-01-03 12:28:00,650,650,650,650,0
2022-01-03 12:29:00,650,650,650,650,0
2022-01-03 12:30:00,650,650,650,650,0
2022-01-03 12:31:00,650,650,650,650,0
2022-01-03 12:32:00,650,650,650,650,0
2022-01-03 12:33:00,650,650,650,650,0
2022-01-03 12:34:00,650,650,650,650,0
2022-01-03 12:35:00,650,650,650,650,0
2022-01-03 12:36:00,650,650,650,650,0
2022-01-03 12:37:00,650,650,650,650,0
2022-01-03 12:38:00,650,650,650,650,0
2022-01-03 12:39:00,650,650,650,650,0
2022-01-03 12:40:00,650,650,650,650,0
2022-01-03 12:41:00,650,650,650,650,0
2022-01-03 12:42:00,650,650,650,650,0
2022-01-03 12:43:00,650,650,650,650,0
2022-01-03 12:44:00,650,650,650,650,0
2022-01-03 12:45:00,650,650,650,650,0
2022-01-03 12:46:00,650,650,650,650,0
2022-01-03 12:47:00,650,650,650,650,0
2022-01-03 12:48:00,650,650,650,650,0
2022-01-03 12:49:00,650,650,650,650,0
2022-01-03 12:50:00,650,650,650,650,0
2022-01-03 12:51:00,650,650,650,650,0
2022-01-03 12:52:00,650,650,650,650,0
2022-01-03 12:53:00,650,650,650,650,0
2022-01-03 12:54:00,650,650,650,650,0
2022-01-03 12:55:00,650,650,650,650,0
2022-01-03 12:56:00,650,650,650,650,0
2022-01-03 12:57:00,650,650,650,650,0
2022-01-03 12:58:00,650,650,650,650,0
2022-01-03 12:59:00,650,650,650,650,0
2022-01-03 13:00:00,650,650,650,650,0
2022-01-03 13:01:00,650,650,650,650,0
2022-01-03 13:02:00,650,650,650,650,0
2022-01-03 13:03:00,650,650,650,650,0
2022-01-03 13:04:00,650,650,650,650,0
2022-01-03 13:05:00,650,650,650,650,0
2022-01-03 13:06:00,650,650,650,650,0
2022-01-03 13:07:00,650,650,650,650,0
2022-01-03 13:08:00,650,650,650,650,0
2022-01-03 13:09:00,650,650,650,650,0
2022-01-03 13:10:00,650,650,650,650,0
2022-01-03 13:11:00,650,650,650,650,0
2022-01-03 13:12:00,650,650,650,650,0
2022-01-03 13:13:00,650,650,650,650,0
2022-01-03 13:14:00,650,650,650,650,0
2022-01-03 13:15:00,650,650,650,650,0
2022-01-03 13:16:00,650,650,650,650,0
2022-01-03 13:17:00,650,650,650,650,0
2022-01-03 13:18:00,650,650,650,650,0
2022-01-03 13:19:00,650,650,650,650,0
2022-01-03 13:20:00,650,650,650,650,0
2022-01-03 13:21:00,650,650,650,650,0
2022-01-03 13:22:00,650,650,650,650,0
2022-01-03 13:23:00,650,650,650,650,0
2022-01-03 13:24:00,650,650,650,650,0
2022-01-03 13:25:00,650,650,650,650,0
2022-01-03 13:26:00,650,650,650,650,0
2022-01-03 13:27:00,650,650,650,650,0
2022-01-03 13:28:00,650,650,650,650,0
2022-01-03 13:29:00,650,650,650,650,0
2022-01-03 13:30:00,650,650,650,650,1700
2022-01-03 13:31:00,650,650,650,650,0
2022-01-03 13:32:00,650,650,650,650,0
2022-01-03 13:33:00,650,650,650,650,300
2022-01-03 13:34:00,650,650,650,650,0
2022-01-03 13:35:00,650,650,650,650,0
2022-01-03 13:36:00,650,650,650,650,200
2022-01-03 13:37:00,650,650,650,650,0
2022-01-03 13:38:00,650,650,650,650,200
2022-01-03 13:39:00,650,650,650,650,0
2022-01-03 13:40:00,650,650,650,650,0
2022-01-03 13:41:00,650,650,650,650,0
2022-01-03 13:42:00,650,650,650,650,300
2022-01-03 13:43:00,650,650,650,650,0
2022-01-03 13:44:00,650,650,650,650,0
2022-01-03 13:45:00,650,650,650,650,200
2022-01-03 13:46:00,650,650,650,650,0
2022-01-03 13:47:00,645,645,645,645,2700
2022-01-03 13:48:00,645,645,645,645,0
2022-01-03 13:49:00,645,645,645,645,300
2022-01-03 13:50:00,645,645,645,645,300
2022-01-03 13:51:00,645,645,645,645,0
2022-01-03 13:52:00,645,645,645,645,0
2022-01-03 13:53:00,645,645,645,645,0
2022-01-03 13:54:00,645,645,645,645,1300
2022-01-03 13:55:00,645,645,645,645,0
2022-01-03 13:56:00,645,645,645,645,400
2022-01-03 13:57:00,645,645,645,645,0
2022-01-03 13:58:00,645,645,645,645,0
2022-01-03 13:59:00,645,645,645,645,200
2022-01-03 14:00:00,645,645,645,645,0
2022-01-03 14:01:00,645,645,645,645,0
2022-01-03 14:02:00,645,645,645,645,300
2022-01-03 14:03:00,645,645,645,645,0
2022-01-03 14:04:00,645,645,645,645,300
2022-01-03 14:05:00,645,645,645,645,0
2022-01-03 14:06:00,645,645,645,645,0
2022-01-03 14:07:00,645,640,645,645,10600
2022-01-03 14:08:00,650,650,650,650,200
2022-01-03 14:09:00,650,650,650,650,0
2022-01-03 14:10:00,650,650,650,650,200
2022-01-03 14:11:00,650,650,650,650,0
2022-01-03 14:12:00,650,650,650,650,0
2022-01-03 14:13:00,650,645,650,645,300
2022-01-03 14:14:00,650,650,650,650,300
2022-01-03 14:15:00,645,645,645,645,1300
2022-01-03 14:16:00,640,635,640,635,5700
2022-01-03 14:17:00,650,650,650,650,300
2022-01-03 14:18:00,650,650,650,650,0
2022-01-03 14:19:00,650,650,650,650,0
2022-01-03 14:20:00,650,650,650,650,0
2022-01-03 14:21:00,650,650,650,650,0
2022-01-03 14:22:00,650,650,650,650,0
2022-01-03 14:23:00,650,650,650,650,0
2022-01-03 14:24:00,650,650,650,650,0
2022-01-03 14:25:00,650,650,650,650,0
2022-01-03 14:26:00,650,650,650,650,0
2022-01-03 14:27:00,650,650,650,650,0
2022-01-03 14:28:00,650,650,650,650,0
2022-01-03 14:29:00,650,650,650,650,0
2022-01-03 14:30:00,645,645,645,645,1000
2022-01-03 14:31:00,650,650,650,650,200
2022-01-03 14:32:00,650,650,650,650,0
2022-01-03 14:33:00,650,650,650,650,6500
2022-01-03 14:34:00,650,650,650,650,0
2022-01-03 14:35:00,650,650,650,650,0
2022-01-03 14:36:00,650,650,650,650,300
2022-01-03 14:37:00,650,650,650,650,300
2022-01-03 14:38:00,650,650,650,650,9000
2022-01-03 14:39:00,650,650,650,650,0
2022-01-03 14:40:00,650,650,650,650,2000
2022-01-03 14:41:00,650,650,650,650,0
2022-01-03 14:42:00,650,650,650,650,1000
2022-01-03 14:43:00,650,650,650,650,200
2022-01-03 14:44:00,650,650,650,650,1200
2022-01-03 14:45:00,650,650,650,650,0
2022-01-03 14:46:00,650,650,650,650,0
2022-01-03 14:47:00,650,650,650,650,600
2022-01-03 14:48:00,650,650,650,650,1300
2022-01-03 14:49:00,650,650,650,650,700
2022-01-03 14:50:00,650,650,650,650,0
2022-01-03 14:51:00,650,650,650,650,0
2022-01-03 14:52:00,650,650,650,650,0
2022-01-03 14:53:00,650,650,650,650,0
2022-01-03 14:54:00,650,650,650,650,0
2022-01-03 14:55:00,650,650,650,650,0
2022-01-03 14:56:00,650,650,650,650,0
2022-01-03 14:57:00,650,650,650,650,0
2022-01-03 14:58:00,650,650,650,650,0
2022-01-03 14:59:00,650,650,650,650,0
2022-01-03 15:00:00,650,650,650,650,8600
2022-01-03 15:01:00,650,650,650,650,0
2022-01-03 15:02:00,650,650,650,650,100
2022-01-03 15:03:00,650,650,650,650,0
2022-01-03 15:04:00,650,650,650,650,0
2022-01-03 15:05:00,650,650,650,650,0
2022-01-03 15:06:00,650,650,650,650,1000
2022-01-03 15:07:00,650,650,650,650,0
2022-01-03 15:08:00,650,650,650,650,0
2022-01-03 15:09:00,650,650,650,650,0
2022-01-03 15:10:00,650,650,650,650,0
2022-01-03 15:11:00,650,650,650,650,0
2022-01-03 15:12:00,650,650,650,650,0
2022-01-03 15:13:00,650,650,650,650,0
2022-01-03 15:14:00,650,650,650,650,0
2022-01-03 15:15:00,650,650,650,650,0
2022-01-03 15:16:00,650,650,650,650,0
2022-01-03 15:17:00,650,650,650,650,0
2022-01-03 15:18:00,650,650,650,650,0
2022-01-03 15:19:00,650,650,650,650,0
2022-01-03 15:20:00,650,650,650,650,0
2022-01-03 15:21:00,650,650,650,650,0
2022-01-03 15:22:00,650,650,650,650,0
2022-01-03 15:23:00,650,650,650,650,0
2022-01-03 15:24:00,650,650,650,650,0
2022-01-03 15:25:00,650,650,650,650,0
2022-01-03 15:26:00,650,650,650,650,0
2022-01-03 15:27:00,650,650,650,650,0
2022-01-03 15:28:00,650,650,650,650,0
2022-01-03 15:29:00,650,650,650,650,0
2022-01-03 15:30:00,650,650,650,650,0
2022-01-03 15:31:00,650,650,650,650,0
2022-01-03 15:32:00,650,650,650,650,0
2022-01-03 15:33:00,650,650,650,650,0
2022-01-03 15:34:00,650,650,650,650,0
2022-01-03 15:35:00,650,650,650,650,0
2022-01-03 15:36:00,650,650,650,650,0
2022-01-03 15:37:00,650,650,650,650,0
2022-01-03 15:38:00,650,650,650,650,0
2022-01-03 15:39:00,650,650,650,650,0
2022-01-03 15:40:00,650,650,650,650,0
2022-01-03 15:41:00,650,650,650,650,0
2022-01-03 15:42:00,650,650,650,650,0
2022-01-03 15:43:00,650,650,650,650,0
2022-01-03 15:44:00,650,650,650,650,0
2022-01-03 15:45:00,650,650,650,650,0
2022-01-03 15:46:00,650,650,650,650,0
2022-01-03 15:47:00,650,650,650,650,0
2022-01-03 15:48:00,650,650,650,650,0
2022-01-03 15:49:00,650,650,650,650,0
2022-01-03 15:50:00,650,650,650,650,0
2022-01-03 15:51:00,650,650,650,650,0
2022-01-03 15:52:00,650,650,650,650,0
2022-01-03 15:53:00,650,650,650,650,0
2022-01-03 15:54:00,650,650,650,650,0
2022-01-03 15:55:00,650,650,650,650,0
2022-01-03 15:56:00,650,650,650,650,0
2022-01-03 15:57:00,650,650,650,650,0
2022-01-03 15:58:00,650,650,650,650,0
2022-01-03 15:59:00,650,650,650,650,0
2022-01-04 09:00:00,650,650,650,650,0
2022-01-04 09:01:00,650,650,650,650,0
2022-01-04 09:02:00,660,660,660,660,0
2022-01-04 09:03:00,660,660,660,660,0
2022-01-04 09:04:00,660,660,660,660,0
2022-01-04 09:05:00,650,650,655,655,2700
2022-01-04 09:06:00,655,655,655,655,1100
2022-01-04 09:07:00,655,655,655,655,0
2022-01-04 09:08:00,655,655,655,655,500
2022-01-04 09:09:00,655,655,655,655,0
2022-01-04 09:10:00,655,655,655,655,800
2022-01-04 09:11:00,655,655,655,655,0
2022-01-04 09:12:00,650,650,650,650,4000
2022-01-04 09:13:00,655,655,655,655,200
2022-01-04 09:14:00,655,655,655,655,0
2022-01-04 09:15:00,650,650,655,655,4500
2022-01-04 09:16:00,650,650,655,655,0
2022-01-04 09:17:00,655,655,655,655,200
2022-01-04 09:18:00,655,655,655,655,0
2022-01-04 09:19:00,655,655,655,655,0
2022-01-04 09:20:00,655,655,655,655,0
2022-01-04 09:21:00,655,655,655,655,0
2022-01-04 09:22:00,650,650,650,650,2100
2022-01-04 09:23:00,650,650,650,650,200
2022-01-04 09:24:00,650,650,650,650,0
2022-01-04 09:25:00,650,650,650,650,1300
2022-01-04 09:26:00,650,650,650,650,0
2022-01-04 09:27:00,650,650,650,650,0
2022-01-04 09:28:00,650,650,650,650,100
2022-01-04 09:29:00,650,650,650,650,600
2022-01-04 09:30:00,650,650,650,650,0
2022-01-04 09:31:00,650,650,650,650,0
2022-01-04 09:32:00,650,650,650,650,0
2022-01-04 09:33:00,650,650,650,650,200
2022-01-04 09:34:00,650,650,650,650,0
2022-01-04 09:35:00,650,650,650,650,0
2022-01-04 09:36:00,650,650,650,650,200
2022-01-04 09:37:00,650,650,650,650,0
2022-01-04 09:38:00,650,650,650,650,1500
2022-01-04 09:39:00,650,650,650,650,0
2022-01-04 09:40:00,645,645,645,645,1100
2022-01-04 09:41:00,650,650,650,650,500
2022-01-04 09:42:00,650,650,650,650,0
2022-01-04 09:43:00,645,645,645,645,6000
2022-01-04 09:44:00,645,645,645,645,200
2022-01-04 09:45:00,645,640,645,640,10300
2022-01-04 09:46:00,645,640,645,640,23500
2022-01-04 09:47:00,650,650,650,650,200
2022-01-04 09:48:00,640,640,650,650,2300
2022-01-04 09:49:00,640,640,650,650,0
2022-01-04 09:50:00,650,650,650,650,200
2022-01-04 09:51:00,650,650,650,650,0
2022-01-04 09:52:00,650,650,650,650,200
2022-01-04 09:53:00,650,650,650,650,0
2022-01-04 09:54:00,650,650,650,650,300
2022-01-04 09:55:00,650,650,650,650,0
2022-01-04 09:56:00,650,650,650,650,0
2022-01-04 09:57:00,650,650,650,650,200
2022-01-04 09:58:00,650,650,650,650,0
2022-01-04 09:59:00,650,650,650,650,200
2022-01-04 10:00:00,650,650,650,650,0
2022-01-04 10:01:00,650,650,650,650,300
2022-01-04 10:02:00,650,650,650,650,0
2022-01-04 10:03:00,650,650,650,650,200
2022-01-04 10:04:00,650,650,650,650,0
2022-01-04 10:05:00,650,650,650,650,0
2022-01-04 10:06:00,650,650,650,650,0
2022-01-04 10:07:00,650,650,650,650,200
2022-01-04 10:08:00,650,650,650,650,0
2022-01-04 10:09:00,650,650,650,650,300
2022-01-04 10:10:00,650,650,650,650,0
2022-01-04 10:11:00,650,650,650,650,0
2022-01-04 10:12:00,650,650,650,650,200
2022-01-04 10:13:00,650,650,650,650,0
2022-01-04 10:14:00,650,650,650,650,0
2022-01-04 10:15:00,650,650,650,650,200
2022-01-04 10:16:00,650,650,650,650,0
2022-01-04 10:17:00,645,645,645,645,1000
2022-01-04 10:18:00,645,645,645,645,700
2022-01-04 10:19:00,645,645,645,645,0
2022-01-04 10:20:00,645,645,645,645,200
2022-01-04 10:21:00,645,645,645,645,2500
2022-01-04 10:22:00,645,645,645,645,0
2022-01-04 10:23:00,645,645,645,645,0
2022-01-04 10:24:00,645,645,645,645,200
2022-01-04 10:25:00,645,645,650,650,1600
2022-01-04 10:26:00,645,645,650,650,0
2022-01-04 10:27:00,650,650,650,650,200
2022-01-04 10:28:00,650,650,650,650,0
2022-01-04 10:29:00,650,650,650,650,1100
2022-01-04 10:30:00,650,650,650,650,0
2022-01-04 10:31:00,650,650,650,650,0
2022-01-04 10:32:00,650,650,650,650,200
2022-01-04 10:33:00,645,645,645,645,2100
2022-01-04 10:34:00,645,645,645,645,1000
2022-01-04 10:35:00,645,645,645,645,0
2022-01-04 10:36:00,645,645,645,645,0
2022-01-04 10:37:00,645,645,645,645,300
2022-01-04 10:38:00,645,645,645,645,0
2022-01-04 10:39:00,645,645,645,645,0
2022-01-04 10:40:00,645,645,645,645,0
2022-01-04 10:41:00,645,645,645,645,200
2022-01-04 10:42:00,645,645,645,645,600
2022-01-04 10:43:00,645,645,645,645,0
2022-01-04 10:44:00,645,645,645,645,0
2022-01-04 10:45:00,645,645,645,645,200
2022-01-04 10:46:00,645,645,645,645,0
2022-01-04 10:47:00,645,645,645,645,0
2022-01-04 10:48:00,645,645,645,645,0
2022-01-04 10:49:00,645,645,645,645,300
2022-01-04 10:50:00,645,645,645,645,0
2022-01-04 10:51:00,645,645,645,645,0
2022-01-04 10:52:00,645,645,645,645,0
2022-01-04 10:53:00,645,645,645,645,0
2022-01-04 10:54:00,645,645,645,645,200
2022-01-04 10:55:00,645,645,645,645,0
2022-01-04 10:56:00,645,645,645,645,0
2022-01-04 10:57:00,645,645,645,645,200
2022-01-04 10:58:00,645,645,645,645,0
2022-01-04 10:59:00,645,645,645,645,200
2022-01-04 11:00:00,645,645,645,645,0
2022-01-04 11:01:00,645,645,645,645,0
2022-01-04 11:02:00,645,645,645,645,300
2022-01-04 11:03:00,645,645,645,645,0
2022-01-04 11:04:00,645,645,645,645,0
2022-01-04 11:05:00,645,645,645,645,11200
2022-01-04 11:06:00,640,640,640,640,11000
2022-01-04 11:07:00,645,645,645,645,1200
2022-01-04 11:08:00,645,645,645,645,0
2022-01-04 11:09:00,645,645,645,645,0
2022-01-04 11:10:00,645,645,645,645,1000
2022-01-04 11:11:00,645,645,645,645,0
2022-01-04 11:12:00,645,645,645,645,300
2022-01-04 11:13:00,645,645,645,645,0
2022-01-04 11:14:00,645,645,645,645,0
2022-01-04 11:15:00,640,640,645,645,5200
2022-01-04 11:16:00,635,635,635,635,8600
2022-01-04 11:17:00,645,645,645,645,200
2022-01-04 11:18:00,645,645,645,645,800
2022-01-04 11:19:00,645,645,645,645,0
2022-01-04 11:20:00,645,645,645,645,200
2022-01-04 11:21:00,645,645,645,645,0
2022-01-04 11:22:00,645,645,645,645,200
2022-01-04 11:23:00,645,645,645,645,0
2022-01-04 11:24:00,645,645,645,645,300
2022-01-04 11:25:00,645,645,645,645,0
2022-01-04 11:26:00,645,645,645,645,0
2022-01-04 11:27:00,645,645,645,645,300
2022-01-04 11:28:00,645,645,645,645,0
2022-01-04 11:29:00,645,645,645,645,500
2022-01-04 11:30:00,645,645,645,645,0
2022-01-04 11:31:00,645,645,645,645,0
2022-01-04 11:32:00,645,645,645,645,0
2022-01-04 11:33:00,645,645,645,645,0
2022-01-04 11:34:00,645,645,645,645,0
2022-01-04 11:35:00,645,645,645,645,0
2022-01-04 11:36:00,645,645,645,645,0
2022-01-04 11:37:00,645,645,645,645,0
2022-01-04 11:38:00,645,645,645,645,0
2022-01-04 11:39:00,645,645,645,645,0
2022-01-04 11:40:00,645,645,645,645,0
2022-01-04 11:41:00,645,645,645,645,0
2022-01-04 11:42:00,645,645,645,645,0
2022-01-04 11:43:00,645,645,645,645,0
2022-01-04 11:44:00,645,645,645,645,0
2022-01-04 11:45:00,645,645,645,645,0
2022-01-04 11:46:00,645,645,645,645,0
2022-01-04 11:47:00,645,645,645,645,0
2022-01-04 11:48:00,645,645,645,645,0
2022-01-04 11:49:00,645,645,645,645,0
2022-01-04 11:50:00,645,645,645,645,0
2022-01-04 11:51:00,645,645,645,645,0
2022-01-04 11:52:00,645,645,645,645,0
2022-01-04 11:53:00,645,645,645,645,0
2022-01-04 11:54:00,645,645,645,645,0
2022-01-04 11:55:00,645,645,645,645,0
2022-01-04 11:56:00,645,645,645,645,0
2022-01-04 11:57:00,645,645,645,645,0
2022-01-04 11:58:00,645,645,645,645,0
2022-01-04 11:59:00,645,645,645,645,0
2022-01-04 12:00:00,645,645,645,645,0
2022-01-04 12:01:00,645,645,645,645,0
2022-01-04 12:02:00,645,645,645,645,0
2022-01-04 12:03:00,645,645,645,645,0
2022-01-04 12:04:00,645,645,645,645,0
2022-01-04 12:05:00,645,645,645,645,0
2022-01-04 12:06:00,645,645,645,645,0
2022-01-04 12:07:00,645,645,645,645,0
2022-01-04 12:08:00,645,645,645,645,0
2022-01-04 12:09:00,645,645,645,645,0
2022-01-04 12:10:00,645,645,645,645,0
2022-01-04 12:11:00,645,645,645,645,0
2022-01-04 12:12:00,645,645,645,645,0
2022-01-04 12:13:00,645,645,645,645,0
2022-01-04 12:14:00,645,645,645,645,0
2022-01-04 12:15:00,645,645,645,645,0
2022-01-04 12:16:00,645,645,645,645,0
2022-01-04 12:17:00,645,645,645,645,0
2022-01-04 12:18:00,645,645,645,645,0
2022-01-04 12:19:00,645,645,645,645,0
2022-01-04 12:20:00,645,645,645,645,0
2022-01-04 12:21:00,645,645,645,645,0
2022-01-04 12:22:00,645,645,645,645,0
2022-01-04 12:23:00,645,645,645,645,0
2022-01-04 12:24:00,645,645,645,645,0
2022-01-04 12:25:00,645,645,645,645,0
2022-01-04 12:26:00,645,645,645,645,0
2022-01-04 12:27:00,645,645,645,645,0
2022-01-04 12:28:00,645,645,645,645,0
2022-01-04 12:29:00,645,645,645,645,0
2022-01-04 12:30:00,645,645,645,645,0
2022-01-04 12:31:00,645,645,645,645,0
2022-01-04 12:32:00,645,645,645,645,0
2022-01-04 12:33:00,645,645,645,645,0
2022-01-04 12:34:00,645,645,645,645,0
2022-01-04 12:35:00,645,645,645,645,0
2022-01-04 12:36:00,645,645,645,645,0
2022-01-04 12:37:00,645,645,645,645,0
2022-01-04 12:38:00,645,645,645,645,0
2022-01-04 12:39:00,645,645,645,645,0
2022-01-04 12:40:00,645,645,645,645,0
2022-01-04 12:41:00,645,645,645,645,0
2022-01-04 12:42:00,645,645,645,645,0
2022-01-04 12:43:00,645,645,645,645,0
2022-01-04 12:44:00,645,645,645,645,0
2022-01-04 12:45:00,645,645,645,645,0
2022-01-04 12:46:00,645,645,645,645,0
2022-01-04 12:47:00,645,645,645,645,0
2022-01-04 12:48:00,645,645,645,645,0
2022-01-04 12:49:00,645,645,645,645,0
2022-01-04 12:50:00,645,645,645,645,0
2022-01-04 12:51:00,645,645,645,645,0
2022-01-04 12:52:00,645,645,645,645,0
2022-01-04 12:53:00,645,645,645,645,0
2022-01-04 12:54:00,645,645,645,645,0
2022-01-04 12:55:00,645,645,645,645,0
2022-01-04 12:56:00,645,645,645,645,0
2022-01-04 12:57:00,645,645,645,645,0
2022-01-04 12:58:00,645,645,645,645,0
2022-01-04 12:59:00,645,645,645,645,0
2022-01-04 13:00:00,645,645,645,645,0
2022-01-04 13:01:00,645,645,645,645,0
2022-01-04 13:02:00,645,645,645,645,0
2022-01-04 13:03:00,645,645,645,645,0
2022-01-04 13:04:00,645,645,645,645,0
2022-01-04 13:05:00,645,645,645,645,0
2022-01-04 13:06:00,645,645,645,645,0
2022-01-04 13:07:00,645,645,645,645,0
2022-01-04 13:08:00,645,645,645,645,0
2022-01-04 13:09:00,645,645,645,645,0
2022-01-04 13:10:00,645,645,645,645,0
2022-01-04 13:11:00,645,645,645,645,0
2022-01-04 13:12:00,645,645,645,645,0
2022-01-04 13:13:00,645,645,645,645,0
2022-01-04 13:14:00,645,645,645,645,0
2022-01-04 13:15:00,645,645,645,645,0
2022-01-04 13:16:00,645,645,645,645,0
2022-01-04 13:17:00,645,645,645,645,0
2022-01-04 13:18:00,645,645,645,645,0
2022-01-04 13:19:00,645,645,645,645,0
2022-01-04 13:20:00,645,645,645,645,0
2022-01-04 13:21:00,645,645,645,645,0
2022-01-04 13:22:00,645,645,645,645,0
2022-01-04 13:23:00,645,645,645,645,0
2022-01-04 13:24:00,645,645,645,645,0
2022-01-04 13:25:00,645,645,645,645,0
2022-01-04 13:26:00,645,645,645,645,0
2022-01-04 13:27:00,645,645,645,645,0
2022-01-04 13:28:00,645,645,645,645,0
2022-01-04 13:29:00,645,645,645,645,0
2022-01-04 13:30:00,645,645,645,645,0
2022-01-04 13:31:00,645,645,645,645,0
2022-01-04 13:32:00,645,645,645,645,1500
2022-01-04 13:33:00,645,645,645,645,0
2022-01-04 13:34:00,645,645,645,645,0
2022-01-04 13:35:00,645,645,645,645,0
2022-01-04 13:36:00,645,645,645,645,0
2022-01-04 13:37:00,645,645,645,645,200
2022-01-04 13:38:00,645,645,645,645,0
2022-01-04 13:39:00,645,645,645,645,0
2022-01-04 13:40:00,640,640,645,645,1000
2022-01-04 13:41:00,640,640,645,645,3400
2022-01-04 13:42:00,640,640,645,645,0
2022-01-04 13:43:00,645,645,645,645,300
2022-01-04 13:44:00,645,645,645,645,0
2022-01-04 13:45:00,645,645,645,645,300
2022-01-04 13:46:00,645,645,645,645,0
2022-01-04 13:47:00,645,645,645,645,0
2022-01-04 13:48:00,645,645,645,645,200
2022-01-04 13:49:00,645,645,645,645,200
2022-01-04 13:50:00,645,645,645,645,0
2022-01-04 13:51:00,645,645,645,645,0
2022-01-04 13:52:00,645,645,645,645,300
2022-01-04 13:53:00,645,645,645,645,0
2022-01-04 13:54:00,645,645,645,645,0
2022-01-04 13:55:00,645,645,645,645,200
2022-01-04 13:56:00,645,645,645,645,0
2022-01-04 13:57:00,645,645,645,645,0
2022-01-04 13:58:00,645,645,645,645,0
2022-01-04 13:59:00,640,635,640,635,78100
2022-01-04 14:00:00,645,645,650,650,48000
2022-01-04 14:01:00,645,645,650,650,0
2022-01-04 14:02:00,650,650,650,650,2500
2022-01-04 14:03:00,650,650,650,650,0
2022-01-04 14:04:00,650,650,650,650,0
2022-01-04 14:05:00,645,645,645,645,13700
2022-01-04 14:06:00,645,645,645,645,0
2022-01-04 14:07:00,645,645,645,645,200
2022-01-04 14:08:00,645,645,645,645,0
2022-01-04 14:09:00,645,645,645,645,200
2022-01-04 14:10:00,645,645,645,645,6800
2022-01-04 14:11:00,645,645,645,645,0
2022-01-04 14:12:00,645,645,645,645,0
2022-01-04 14:13:00,645,645,645,645,0
2022-01-04 14:14:00,645,645,645,645,200
2022-01-04 14:15:00,645,645,645,645,0
2022-01-04 14:16:00,645,645,645,645,0
2022-01-04 14:17:00,645,645,645,645,0
2022-01-04 14:18:00,645,645,645,645,8200
2022-01-04 14:19:00,645,645,645,645,0
2022-01-04 14:20:00,645,645,645,645,0
2022-01-04 14:21:00,645,645,645,645,200
2022-01-04 14:22:00,645,645,645,645,0
2022-01-04 14:23:00,645,645,645,645,0
2022-01-04 14:24:00,645,645,645,645,0
2022-01-04 14:25:00,645,645,645,645,300
2022-01-04 14:26:00,645,645,645,645,0
2022-01-04 14:27:00,645,645,645,645,0
2022-01-04 14:28:00,645,645,645,645,1300
2022-01-04 14:29:00,645,645,645,645,0
2022-01-04 14:30:00,645,645,645,645,200
2022-01-04 14:31:00,645,645,645,645,0
2022-01-04 14:32:00,645,645,645,645,2100
2022-01-04 14:33:00,645,645,645,645,0
2022-01-04 14:34:00,645,645,645,645,0
2022-01-04 14:35:00,645,645,645,645,200
2022-01-04 14:36:00,645,645,645,645,0
2022-01-04 14:37:00,645,645,645,645,200
2022-01-04 14:38:00,645,645,645,645,0
2022-01-04 14:39:00,645,645,645,645,1300
2022-01-04 14:40:00,645,645,645,645,0
2022-01-04 14:41:00,645,645,645,645,0
2022-01-04 14:42:00,645,645,645,645,0
2022-01-04 14:43:00,645,645,645,645,0
2022-01-04 14:44:00,635,635,650,645,157000
2022-01-04 14:45:00,645,645,645,645,13500
2022-01-04 14:46:00,645,645,645,645,16000
2022-01-04 14:47:00,645,645,645,645,700
2022-01-04 14:48:00,645,645,645,645,1200
2022-01-04 14:49:00,645,645,650,650,7900
2022-01-04 14:50:00,645,645,650,650,0
2022-01-04 14:51:00,645,645,650,650,0
2022-01-04 14:52:00,645,645,650,650,0
2022-01-04 14:53:00,645,645,650,650,0
2022-01-04 14:54:00,645,645,650,650,0
2022-01-04 14:55:00,645,645,650,650,0
2022-01-04 14:56:00,645,645,650,650,0
2022-01-04 14:57:00,645,645,650,650,0
2022-01-04 14:58:00,645,645,650,650,0
2022-01-04 14:59:00,645,645,650,650,0
2022-01-04 15:00:00,650,650,650,650,85200
2022-01-04 15:01:00,650,650,650,650,0
2022-01-04 15:02:00,650,650,650,650,0
2022-01-04 15:03:00,650,650,650,650,0
2022-01-04 15:04:00,650,650,650,650,0
2022-01-04 15:05:00,650,650,650,650,0
2022-01-04 15:06:00,650,650,650,650,0
2022-01-04 15:07:00,650,650,650,650,0
2022-01-04 15:08:00,650,650,650,650,0
2022-01-04 15:09:00,650,650,650,650,0
2022-01-04 15:10:00,650,650,650,650,0
2022-01-04 15:11:00,650,650,650,650,0
2022-01-04 15:12:00,650,650,650,650,0
2022-01-04 15:13:00,650,650,650,650,0
2022-01-04 15:14:00,650,650,650,650,0
2022-01-04 15:15:00,650,650,650,650,0
2022-01-04 15:16:00,650,650,650,650,0
2022-01-04 15:17:00,650,650,650,650,0
2022-01-04 15:18:00,650,650,650,650,0
2022-01-04 15:19:00,650,650,650,650,0
2022-01-04 15:20:00,650,650,650,650,0
2022-01-04 15:21:00,650,650,650,650,0
2022-01-04 15:22:00,650,650,650,650,0
2022-01-04 15:23:00,650,650,650,650,0
2022-01-04 15:24:00,650,650,650,650,0
2022-01-04 15:25:00,650,650,650,650,0
2022-01-04 15:26:00,650,650,650,650,0
2022-01-04 15:27:00,650,650,650,650,0
2022-01-04 15:28:00,650,650,650,650,0
2022-01-04 15:29:00,650,650,650,650,0
2022-01-04 15:30:00,650,650,650,650,0
2022-01-04 15:31:00,650,650,650,650,0
2022-01-04 15:32:00,650,650,650,650,0
2022-01-04 15:33:00,650,650,650,650,0
2022-01-04 15:34:00,650,650,650,650,0
2022-01-04 15:35:00,650,650,650,650,0
2022-01-04 15:36:00,650,650,650,650,0
2022-01-04 15:37:00,650,650,650,650,0
2022-01-04 15:38:00,650,650,650,650,0
2022-01-04 15:39:00,650,650,650,650,0
2022-01-04 15:40:00,650,650,650,650,0
2022-01-04 15:41:00,650,650,650,650,0
2022-01-04 15:42:00,650,650,650,650,0
2022-01-04 15:43:00,650,650,650,650,0
2022-01-04 15:44:00,650,650,650,650,0
2022-01-04 15:45:00,650,650,650,650,0
2022-01-04 15:46:00,650,650,650,650,0
2022-01-04 15:47:00,650,650,650,650,0
2022-01-04 15:48:00,650,650,650,650,0
2022-01-04 15:49:00,650,650,650,650,0
2022-01-04 15:50:00,650,650,650,650,0
2022-01-04 15:51:00,650,650,650,650,0
2022-01-04 15:52:00,650,650,650,650,0
2022-01-04 15:53:00,650,650,650,650,0
2022-01-04 15:54:00,650,650,650,650,0
2022-01-04 15:55:00,650,650,650,650,0
2022-01-04 15:56:00,650,650,650,650,0
2022-01-04 15:57:00,650,650,650,650,0
2022-01-04 15:58:00,650,650,650,650,0
2022-01-04 15:59:00,650,650,650,650,0
2022-01-05 09:00:00,650,650,650,650,0
2022-01-05 09:01:00,650,650,650,650,3100
2022-01-05 09:02:00,650,650,650,650,300
2022-01-05 09:03:00,650,650,650,650,0
2022-01-05 09:04:00,650,650,650,650,0
2022-01-05 09:05:00,650,650,650,650,200
2022-01-05 09:06:00,650,650,650,650,0
2022-01-05 09:07:00,650,650,650,650,200
2022-01-05 09:08:00,650,650,650,650,0
2022-01-05 09:09:00,650,650,650,650,0
2022-01-05 09:10:00,650,650,650,650,300
2022-01-05 09:11:00,650,650,650,650,0
2022-01-05 09:12:00,650,650,650,650,0
2022-01-05 09:13:00,650,645,650,645,2600
2022-01-05 09:14:00,650,645,650,645,0
2022-01-05 09:15:00,650,645,650,645,0
2022-01-05 09:16:00,645,645,645,645,200
2022-01-05 09:17:00,645,645,645,645,0
2022-01-05 09:18:00,645,645,645,645,2500
2022-01-05 09:19:00,645,645,645,645,0
2022-01-05 09:20:00,645,645,645,645,0
2022-01-05 09:21:00,645,645,645,645,300
2022-01-05 09:22:00,645,645,645,645,0
2022-01-05 09:23:00,645,640,645,640,1300
2022-01-05 09:24:00,645,645,645,645,200
2022-01-05 09:25:00,645,645,645,645,0
2022-01-05 09:26:00,645,645,645,645,0
2022-01-05 09:27:00,645,645,645,645,0
2022-01-05 09:28:00,645,645,645,645,200
2022-01-05 09:29:00,645,645,645,645,0
2022-01-05 09:30:00,645,645,645,645,0
2022-01-05 09:31:00,645,645,645,645,300
2022-01-05 09:32:00,645,645,645,645,0
2022-01-05 09:33:00,645,645,645,645,300
2022-01-05 09:34:00,645,645,645,645,0
2022-01-05 09:35:00,645,645,645,645,5000
2022-01-05 09:36:00,645,645,645,645,0
2022-01-05 09:37:00,645,645,645,645,0
2022-01-05 09:38:00,645,645,645,645,300
2022-01-05 09:39:00,645,645,645,645,0
2022-01-05 09:40:00,645,645,645,645,0
2022-01-05 09:41:00,645,645,645,645,0
2022-01-05 09:42:00,645,645,645,645,0
2022-01-05 09:43:00,645,645,645,645,200
2022-01-05 09:44:00,645,645,645,645,0
2022-01-05 09:45:00,645,645,645,645,0
2022-01-05 09:46:00,645,645,645,645,200
2022-01-05 09:47:00,645,645,645,645,0
2022-01-05 09:48:00,645,645,645,645,0
2022-01-05 09:49:00,640,640,645,645,700
2022-01-05 09:50:00,640,640,645,645,0
2022-01-05 09:51:00,640,640,645,645,0
2022-01-05 09:52:00,645,645,645,645,300
2022-01-05 09:53:00,640,635,640,635,47800
2022-01-05 09:54:00,645,645,645,645,200
2022-01-05 09:55:00,645,645,645,645,200
2022-01-05 09:56:00,645,645,645,645,0
2022-01-05 09:57:00,645,645,645,645,0
2022-01-05 09:58:00,645,645,645,645,200
2022-01-05 09:59:00,645,645,645,645,200
2022-01-05 10:00:00,645,645,645,645,0
2022-01-05 10:01:00,645,645,645,645,0
2022-01-05 10:02:00,645,645,645,645,300
2022-01-05 10:03:00,645,645,645,645,0
2022-01-05 10:04:00,645,645,645,645,300
2022-01-05 10:05:00,645,645,645,645,0
2022-01-05 10:06:00,645,645,645,645,200
2022-01-05 10:07:00,635,635,635,635,1200
2022-01-05 10:08:00,645,645,645,645,300
2022-01-05 10:09:00,645,645,645,645,0
2022-01-05 10:10:00,645,645,645,645,200
2022-01-05 10:11:00,645,645,645,645,0
2022-01-05 10:12:00,645,645,645,645,200
2022-01-05 10:13:00,645,645,645,645,0
2022-01-05 10:14:00,645,645,645,645,200
2022-01-05 10:15:00,645,645,645,645,0
2022-01-05 10:16:00,645,645,645,645,300
2022-01-05 10:17:00,645,645,645,645,0
2022-01-05 10:18:00,645,645,645,645,200
2022-01-05 10:19:00,645,645,645,645,0
2022-01-05 10:20:00,645,645,645,645,0
2022-01-05 10:21:00,645,645,645,645,200
2022-01-05 10:22:00,645,645,645,645,0
2022-01-05 10:23:00,645,645,645,645,0
2022-01-05 10:24:00,645,645,645,645,300
2022-01-05 10:25:00,645,645,645,645,300
2022-01-05 10:26:00,645,645,645,645,0
2022-01-05 10:27:00,645,645,645,645,0
2022-01-05 10:28:00,645,645,645,645,0
2022-01-05 10:29:00,645,645,645,645,0
2022-01-05 10:30:00,645,645,645,645,0
2022-01-05 10:31:00,645,645,645,645,0
2022-01-05 10:32:00,645,645,645,645,2100
2022-01-05 10:33:00,645,645,645,645,0
2022-01-05 10:34:00,645,645,645,645,0
2022-01-05 10:35:00,645,645,645,645,0
2022-01-05 10:36:00,645,645,645,645,0
2022-01-05 10:37:00,645,645,645,645,0
2022-01-05 10:38:00,645,645,645,645,0
2022-01-05 10:39:00,645,645,645,645,0
2022-01-05 10:40:00,645,645,645,645,0
2022-01-05 10:41:00,645,645,645,645,400
2022-01-05 10:42:00,645,645,645,645,0
2022-01-05 10:43:00,640,640,640,640,100
2022-01-05 10:44:00,645,645,645,645,200
2022-01-05 10:45:00,645,645,645,645,400
2022-01-05 10:46:00,645,645,645,645,0
2022-01-05 10:47:00,645,645,645,645,0
2022-01-05 10:48:00,645,645,645,645,300
2022-01-05 10:49:00,645,645,645,645,100
2022-01-05 10:50:00,645,645,645,645,300
2022-01-05 10:51:00,645,645,645,645,0
2022-01-05 10:52:00,645,645,645,645,200
2022-01-05 10:53:00,645,645,645,645,0
2022-01-05 10:54:00,640,640,640,640,2400
2022-01-05 10:55:00,640,640,640,640,0
2022-01-05 10:56:00,640,640,645,645,500
2022-01-05 10:57:00,640,640,645,645,0
2022-01-05 10:58:00,645,645,645,645,300
2022-01-05 10:59:00,645,645,645,645,0
2022-01-05 11:00:00,645,645,645,645,0
2022-01-05 11:01:00,645,635,645,635,400
2022-01-05 11:02:00,645,635,645,635,0
2022-01-05 11:03:00,645,645,645,645,500
2022-01-05 11:04:00,645,645,645,645,0
2022-01-05 11:05:00,645,645,645,645,0
2022-01-05 11:06:00,645,645,645,645,0
2022-01-05 11:07:00,645,645,645,645,0
2022-01-05 11:08:00,645,645,645,645,0
2022-01-05 11:09:00,645,645,645,645,300
2022-01-05 11:10:00,645,645,645,645,0
2022-01-05 11:11:00,645,645,645,645,0
2022-01-05 11:12:00,645,645,645,645,200
2022-01-05 11:13:00,645,645,645,645,0
2022-01-05 11:14:00,645,645,645,645,0
2022-01-05 11:15:00,645,645,645,645,200
2022-01-05 11:16:00,645,645,645,645,0
2022-01-05 11:17:00,645,645,645,645,300
2022-01-05 11:18:00,645,645,645,645,0
2022-01-05 11:19:00,645,645,645,645,300
2022-01-05 11:20:00,645,645,645,645,0
2022-01-05 11:21:00,645,645,645,645,200
2022-01-05 11:22:00,645,645,645,645,0
2022-01-05 11:23:00,645,645,645,645,200
2022-01-05 11:24:00,645,645,645,645,0
2022-01-05 11:25:00,645,645,645,645,300
2022-01-05 11:26:00,645,645,645,645,200
2022-01-05 11:27:00,645,645,645,645,200
2022-01-05 11:28:00,640,640,640,640,200
2022-01-05 11:29:00,645,645,645,645,500
2022-01-05 11:30:00,645,645,645,645,0
2022-01-05 11:31:00,645,645,645,645,0
2022-01-05 11:32:00,645,645,645,645,0
2022-01-05 11:33:00,645,645,645,645,0
2022-01-05 11:34:00,645,645,645,645,0
2022-01-05 11:35:00,645,645,645,645,0
2022-01-05 11:36:00,645,645,645,645,0
2022-01-05 11:37:00,645,645,645,645,0
2022-01-05 11:38:00,645,645,645,645,0
2022-01-05 11:39:00,645,645,645,645,0
2022-01-05 11:40:00,645,645,645,645,0
2022-01-05 11:41:00,645,645,645,645,0
2022-01-05 11:42:00,645,645,645,645,0
2022-01-05 11:43:00,645,645,645,645,0
2022-01-05 11:44:00,645,645,645,645,0
2022-01-05 11:45:00,645,645,645,645,0
2022-01-05 11:46:00,645,645,645,645,0
2022-01-05 11:47:00,645,645,645,645,0
2022-01-05 11:48:00,645,645,645,645,0
2022-01-05 11:49:00,645,645,645,645,0
2022-01-05 11:50:00,645,645,645,645,0
2022-01-05 11:51:00,645,645,645,645,0
2022-01-05 11:52:00,645,645,645,645,0
2022-01-05 11:53:00,645,645,645,645,0
2022-01-05 11:54:00,645,645,645,645,0
2022-01-05 11:55:00,645,645,645,645,0
2022-01-05 11:56:00,645,645,645,645,0
2022-01-05 11:57:00,645,645,645,645,0
2022-01-05 11:58:00,645,645,645,645,0
2022-01-05 11:59:00,645,645,645,645,0
2022-01-05 12:00:00,645,645,645,645,0
2022-01-05 12:01:00,645,645,645,645,0
2022-01-05 12:02:00,645,645,645,645,0
2022-01-05 12:03:00,645,645,645,645,0
2022-01-05 12:04:00,645,645,645,645,0
2022-01-05 12:05:00,645,645,645,645,0
2022-01-05 12:06:00,645,645,645,645,0
2022-01-05 12:07:00,645,645,645,645,0
2022-01-05 12:08:00,645,645,645,645,0
2022-01-05 12:09:00,645,645,645,645,0
2022-01-05 12:10:00,645,645,645,645,0
2022-01-05 12:11:00,645,645,645,645,0
2022-01-05 12:12:00,645,645,645,645,0
2022-01-05 12:13:00,645,645,645,645,0
2022-01-05 12:14:00,645,645,645,645,0
2022-01-05 12:15:00,645,645,645,645,0
2022-01-05 12:16:00,645,645,645,645,0
2022-01-05 12:17:00,645,645,645,645,0
2022-01-05 12:18:00,645,645,645,645,0
2022-01-05 12:19:00,645,645,645,645,0
2022-01-05 12:20:00,645,645,645,645,0
2022-01-05 12:21:00,645,645,645,645,0
2022-01-05 12:22:00,645,645,645,645,0
2022-01-05 12:23:00,645,645,645,645,0
2022-01-05 12:24:00,645,645,645,645,0
2022-01-05 12:25:00,645,645,645,645,0
2022-01-05 12:26:00,645,645,645,645,0
2022-01-05 12:27:00,645,645,645,645,0
2022-01-05 12:28:00,645,645,645,645,0
2022-01-05 12:29:00,645,645,645,645,0
2022-01-05 12:30:00,645,645,645,645,0
2022-01-05 12:31:00,645,645,645,645,0
2022-01-05 12:32:00,645,645,645,645,0
2022-01-05 12:33:00,645,645,645,645,0
2022-01-05 12:34:00,645,645,645,645,0
2022-01-05 12:35:00,645,645,645,645,0
2022-01-05 12:36:00,645,645,645,645,0
2022-01-05 12:37:00,645,645,645,645,0
2022-01-05 12:38:00,645,645,645,645,0
2022-01-05 12:39:00,645,645,645,645,0
2022-01-05 12:40:00,645,645,645,645,0
2022-01-05 12:41:00,645,645,645,645,0
2022-01-05 12:42:00,645,645,645,645,0
2022-01-05 12:43:00,645,645,645,645,0
2022-01-05 12:44:00,645,645,645,645,0
2022-01-05 12:45:00,645,645,645,645,0
2022-01-05 12:46:00,645,645,645,645,0
2022-01-05 12:47:00,645,645,645,645,0
2022-01-05 12:48:00,645,645,645,645,0
2022-01-05 12:49:00,645,645,645,645,0
2022-01-05 12:50:00,645,645,645,645,0
2022-01-05 12:51:00,645,645,645,645,0
2022-01-05 12:52:00,645,645,645,645,0
2022-01-05 12:53:00,645,645,645,645,0
2022-01-05 12:54:00,645,645,645,645,0
2022-01-05 12:55:00,645,645,645,645,0
2022-01-05 12:56:00,645,645,645,645,0
2022-01-05 12:57:00,645,645,645,645,0
2022-01-05 12:58:00,645,645,645,645,0
2022-01-05 12:59:00,645,645,645,645,0
2022-01-05 13:00:00,645,645,645,645,0
2022-01-05 13:01:00,645,645,645,645,0
2022-01-05 13:02:00,645,645,645,645,0
2022-01-05 13:03:00,645,645,645,645,0
2022-01-05 13:04:00,645,645,645,645,0
2022-01-05 13:05:00,645,645,645,645,0
2022-01-05 13:06:00,645,645,645,645,0
2022-01-05 13:07:00,645,645,645,645,0
2022-01-05 13:08:00,645,645,645,645,0
2022-01-05 13:09:00,645,645,645,645,0
2022-01-05 13:10:00,645,645,645,645,0
2022-01-05 13:11:00,645,645,645,645,0
2022-01-05 13:12:00,645,645,645,645,0
2022-01-05 13:13:00,645,645,645,645,0
2022-01-05 13:14:00,645,645,645,645,0
2022-01-05 13:15:00,645,645,645,645,0
2022-01-05 13:16:00,645,645,645,645,0
2022-01-05 13:17:00,645,645,645,645,0
2022-01-05 13:18:00,645,645,645,645,0
2022-01-05 13:19:00,645,645,645,645,0
2022-01-05 13:20:00,645,645,645,645,0
2022-01-05 13:21:00,645,645,645,645,0
2022-01-05 13:22:00,645,645,645,645,0
2022-01-05 13:23:00,645,645,645,645,0
2022-01-05 13:24:00,645,645,645,645,0
2022-01-05 13:25:00,645,645,645,645,0
2022-01-05 13:26:00,645,645,645,645,0
2022-01-05 13:27:00,645,645,645,645,0
2022-01-05 13:28:00,645,645,645,645,0
2022-01-05 13:29:00,645,645,645,645,0
2022-01-05 13:30:00,645,645,645,645,0
2022-01-05 13:31:00,645,645,645,645,0
2022-01-05 13:32:00,645,645,645,645,0
2022-01-05 13:33:00,645,645,645,645,200
2022-01-05 13:34:00,645,645,645,645,0
2022-01-05 13:35:00,645,645,645,645,2100
2022-01-05 13:36:00,645,645,645,645,0
2022-01-05 13:37:00,645,645,645,645,0
2022-01-05 13:38:00,645,645,645,645,1000
2022-01-05 13:39:00,645,645,645,645,0
2022-01-05 13:40:00,645,645,645,645,0
2022-01-05 13:41:00,645,645,645,645,0
2022-01-05 13:42:00,645,645,645,645,200
2022-01-05 13:43:00,645,645,645,645,0
2022-01-05 13:44:00,645,645,645,645,0
2022-01-05 13:45:00,640,640,640,640,3000
2022-01-05 13:46:00,640,640,640,640,200
2022-01-05 13:47:00,640,640,640,640,1000
2022-01-05 13:48:00,640,640,640,640,800
2022-01-05 13:49:00,645,635,645,635,100200
2022-01-05 13:50:00,645,645,645,645,500
2022-01-05 13:51:00,645,645,645,645,0
2022-01-05 13:52:00,645,645,645,645,0
2022-01-05 13:53:00,645,645,645,645,1000
2022-01-05 13:54:00,645,645,645,645,0
2022-01-05 13:55:00,645,645,645,645,0
2022-01-05 13:56:00,645,645,645,645,0
2022-01-05 13:57:00,645,645,645,645,300
2022-01-05 13:58:00,640,635,640,635,47300
2022-01-05 13:59:00,635,635,635,635,2200
2022-01-05 14:00:00,635,635,635,635,0
2022-01-05 14:01:00,645,645,645,645,200
2022-01-05 14:02:00,635,630,645,645,310000
2022-01-05 14:03:00,640,640,640,640,9000
2022-01-05 14:04:00,640,640,640,640,0
2022-01-05 14:05:00,640,640,640,640,0
2022-01-05 14:06:00,640,640,640,640,0
2022-01-05 14:07:00,640,635,640,635,11600
2022-01-05 14:08:00,635,630,635,635,3000
2022-01-05 14:09:00,635,630,635,635,0
2022-01-05 14:10:00,635,635,635,635,200
2022-01-05 14:11:00,635,635,635,635,100
2022-01-05 14:12:00,635,635,635,635,200
2022-01-05 14:13:00,635,635,635,635,0
2022-01-05 14:14:00,635,635,635,635,13000
2022-01-05 14:15:00,635,635,635,635,20200
2022-01-05 14:16:00,635,635,635,635,8000
2022-01-05 14:17:00,640,640,640,640,2700
2022-01-05 14:18:00,640,640,640,640,200
2022-01-05 14:19:00,640,640,640,640,0
2022-01-05 14:20:00,640,640,640,640,200
2022-01-05 14:21:00,640,640,640,640,0
2022-01-05 14:22:00,640,640,640,640,0
2022-01-05 14:23:00,640,640,640,640,200
2022-01-05 14:24:00,640,640,640,640,0
2022-01-05 14:25:00,640,640,640,640,0
2022-01-05 14:26:00,640,640,640,640,0
2022-01-05 14:27:00,640,640,640,640,0
2022-01-05 14:28:00,640,640,640,640,0
2022-01-05 14:29:00,640,640,640,640,0
2022-01-05 14:30:00,635,635,640,640,47500
2022-01-05 14:31:00,635,635,640,640,0
2022-01-05 14:32:00,640,640,640,640,1400
2022-01-05 14:33:00,640,640,640,640,0
2022-01-05 14:34:00,640,640,640,640,200
2022-01-05 14:35:00,640,640,640,640,1100
2022-01-05 14:36:00,640,640,640,640,200
2022-01-05 14:37:00,640,640,640,640,0
2022-01-05 14:38:00,640,640,640,640,200
2022-01-05 14:39:00,635,635,635,635,1700
2022-01-05 14:40:00,635,635,640,640,5200
2022-01-05 14:41:00,640,640,640,640,200
2022-01-05 14:42:00,640,635,640,635,5000
2022-01-05 14:43:00,635,635,635,635,2100
2022-01-05 14:44:00,635,635,635,635,0
2022-01-05 14:45:00,635,635,635,635,0
2022-01-05 14:46:00,635,635,635,635,0
2022-01-05 14:47:00,630,630,630,630,200
2022-01-05 14:48:00,630,630,630,630,0
2022-01-05 14:49:00,630,625,630,630,227500
2022-01-05 14:50:00,630,625,630,630,0
2022-01-05 14:51:00,630,625,630,630,0
2022-01-05 14:52:00,630,625,630,630,0
2022-01-05 14:53:00,630,625,630,630,0
2022-01-05 14:54:00,630,625,630,630,0
2022-01-05 14:55:00,630,625,630,630,0
2022-01-05 14:56:00,630,625,630,630,0
2022-01-05 14:57:00,630,625,630,630,0
2022-01-05 14:58:00,630,625,630,630,0
2022-01-05 14:59:00,630,625,630,630,0
2022-01-05 15:00:00,640,640,640,640,1310100
2022-01-05 15:01:00,640,640,640,640,0
2022-01-05 15:02:00,640,640,640,640,0
2022-01-05 15:03:00,640,640,640,640,0
2022-01-05 15:04:00,640,640,640,640,0
2022-01-05 15:05:00,640,640,640,640,0
2022-01-05 15:06:00,640,640,640,640,0
2022-01-05 15:07:00,640,640,640,640,0
2022-01-05 15:08:00,640,640,640,640,0
2022-01-05 15:09:00,640,640,640,640,0
2022-01-05 15:10:00,640,640,640,640,0
2022-01-05 15:11:00,640,640,640,640,0
2022-01-05 15:12:00,640,640,640,640,0
2022-01-05 15:13:00,640,640,640,640,0
2022-01-05 15:14:00,640,640,640,640,0
2022-01-05 15:15:00,640,640,640,640,0
2022-01-05 15:16:00,640,640,640,640,0
2022-01-05 15:17:00,640,640,640,640,0
2022-01-05 15:18:00,640,640,640,640,0
2022-01-05 15:19:00,640,640,640,640,0
2022-01-05 15:20:00,640,640,640,640,0
2022-01-05 15:21:00,640,640,640,640,0
2022-01-05 15:22:00,640,640,640,640,0
2022-01-05 15:23:00,640,640,640,640,0
2022-01-05 15:24:00,640,640,640,640,0
2022-01-05 15:25:00,640,640,640,640,0
2022-01-05 15:26:00,640,640,640,640,0
2022-01-05 15:27:00,640,640,640,640,0
2022-01-05 15:28:00,640,640,640,640,0
2022-01-05 15:29:00,640,640,640,640,0
2022-01-05 15:30:00,640,640,640,640,0
2022-01-05 15:31:00,640,640,640,640,0
2022-01-05 15:32:00,640,640,640,640,0
2022-01-05 15:33:00,640,640,640,640,0
2022-01-05 15:34:00,640,640,640,640,0
2022-01-05 15:35:00,640,640,640,640,0
2022-01-05 15:36:00,640,640,640,640,0
2022-01-05 15:37:00,640,640,640,640,0
2022-01-05 15:38:00,640,640,640,640,0
2022-01-05 15:39:00,640,640,640,640,0
2022-01-05 15:40:00,640,640,640,640,0
2022-01-05 15:41:00,640,640,640,640,0
2022-01-05 15:42:00,640,640,640,640,0
2022-01-05 15:43:00,640,640,640,640,0
2022-01-05 15:44:00,640,640,640,640,0
2022-01-05 15:45:00,640,640,640,640,0
2022-01-05 15:46:00,640,640,640,640,0
2022-01-05 15:47:00,640,640,640,640,0
2022-01-05 15:48:00,640,640,640,640,0
2022-01-05 15:49:00,640,640,640,640,0
2022-01-05 15:50:00,640,640,640,640,0
2022-01-05 15:51:00,640,640,640,640,0
2022-01-05 15:52:00,640,640,640,640,0
2022-01-05 15:53:00,640,640,640,640,0
2022-01-05 15:54:00,640,640,640,640,0
2022-01-05 15:55:00,640,640,640,640,0
2022-01-05 15:56:00,640,640,640,640,0
2022-01-05 15:57:00,640,640,640,640,0
2022-01-05 15:58:00,640,640,640,640,0
2022-01-05 15:59:00,640,640,640,640,0
2022-01-06 09:00:00,640,640,640,640,0
2022-01-06 09:01:00,640,640,640,640,0
2022-01-06 09:02:00,640,640,640,640,0
2022-01-06 09:03:00,635,635,635,635,10000
2022-01-06 09:04:00,640,640,640,640,400
2022-01-06 09:05:00,640,640,640,640,0
2022-01-06 09:06:00,640,640,640,640,200
2022-01-06 09:07:00,640,640,640,640,0
2022-01-06 09:08:00,640,640,640,640,200
2022-01-06 09:09:00,640,640,640,640,300
2022-01-06 09:10:00,640,640,640,640,0
2022-01-06 09:11:00,640,640,640,640,0
2022-01-06 09:12:00,640,640,640,640,0
2022-01-06 09:13:00,640,640,640,640,300
2022-01-06 09:14:00,640,640,640,640,0
2022-01-06 09:15:00,640,640,640,640,0
2022-01-06 09:16:00,640,640,640,640,0
2022-01-06 09:17:00,640,640,640,640,0
2022-01-06 09:18:00,640,640,640,640,0
2022-01-06 09:19:00,640,640,640,640,200
2022-01-06 09:20:00,640,640,640,640,0
2022-01-06 09:21:00,640,640,640,640,0
2022-01-06 09:22:00,640,640,640,640,1400
2022-01-06 09:23:00,635,635,635,635,16500
2022-01-06 09:24:00,635,635,635,635,200
2022-01-06 09:25:00,635,635,635,635,0
2022-01-06 09:26:00,635,635,635,635,0
2022-01-06 09:27:00,635,635,635,635,0
2022-01-06 09:28:00,635,635,635,635,200
2022-01-06 09:29:00,635,635,635,635,0
2022-01-06 09:30:00,635,635,635,635,0
2022-01-06 09:31:00,630,630,635,635,40200
2022-01-06 09:32:00,630,630,630,630,38900
2022-01-06 09:33:00,630,630,630,630,100
2022-01-06 09:34:00,630,630,630,630,200
2022-01-06 09:35:00,630,630,630,630,4000
2022-01-06 09:36:00,630,630,630,630,0
2022-01-06 09:37:00,630,630,630,630,39400
2022-01-06 09:38:00,630,630,630,630,1800
2022-01-06 09:39:00,630,630,630,630,0
2022-01-06 09:40:00,630,630,630,630,200
2022-01-06 09:41:00,630,630,630,630,0
2022-01-06 09:42:00,630,630,630,630,200
2022-01-06 09:43:00,625,625,625,625,100
2022-01-06 09:44:00,630,630,630,630,300
2022-01-06 09:45:00,630,630,630,630,0
2022-01-06 09:46:00,630,630,630,630,200
2022-01-06 09:47:00,630,630,630,630,0
2022-01-06 09:48:00,625,625,625,625,900
2022-01-06 09:49:00,625,625,630,630,1300
2022-01-06 09:50:00,630,630,630,630,200
2022-01-06 09:51:00,630,630,630,630,0
2022-01-06 09:52:00,630,630,630,630,300
2022-01-06 09:53:00,630,630,630,630,0
2022-01-06 09:54:00,630,630,630,630,0
2022-01-06 09:55:00,625,625,635,635,200500
2022-01-06 09:56:00,625,625,635,635,0
2022-01-06 09:57:00,625,625,635,635,0
2022-01-06 09:58:00,635,630,635,630,14100
2022-01-06 09:59:00,635,635,635,635,200
2022-01-06 10:00:00,635,635,635,635,0
2022-01-06 10:01:00,635,635,635,635,200
2022-01-06 10:02:00,630,630,630,630,1700
2022-01-06 10:03:00,630,630,630,630,200
2022-01-06 10:04:00,630,630,630,630,1000
2022-01-06 10:05:00,630,630,630,630,0
2022-01-06 10:06:00,630,630,630,630,0
2022-01-06 10:07:00,630,630,630,630,300
2022-01-06 10:08:00,630,630,630,630,0
2022-01-06 10:09:00,630,630,630,630,200
2022-01-06 10:10:00,630,630,630,630,300
2022-01-06 10:11:00,630,630,630,630,0
2022-01-06 10:12:00,630,630,630,630,5000
2022-01-06 10:13:00,630,630,630,630,2900
2022-01-06 10:14:00,630,630,630,630,0
2022-01-06 10:15:00,630,630,630,630,0
2022-01-06 10:16:00,630,625,630,630,12200
2022-01-06 10:17:00,630,625,630,630,0
2022-01-06 10:18:00,630,630,630,630,200
2022-01-06 10:19:00,630,630,630,630,300
2022-01-06 10:20:00,630,630,635,635,700
2022-01-06 10:21:00,630,630,635,635,0
2022-01-06 10:22:00,630,630,635,635,0
2022-01-06 10:23:00,635,635,635,635,300
2022-01-06 10:24:00,635,635,635,635,0
2022-01-06 10:25:00,635,635,635,635,300
2022-01-06 10:26:00,635,635,635,635,0
2022-01-06 10:27:00,635,635,635,635,0
2022-01-06 10:28:00,635,635,635,635,200
2022-01-06 10:29:00,635,635,635,635,0
2022-01-06 10:30:00,635,635,635,635,0
2022-01-06 10:31:00,635,635,635,635,300
2022-01-06 10:32:00,630,630,635,635,1200
2022-01-06 10:33:00,630,630,635,635,0
2022-01-06 10:34:00,630,630,635,635,0
2022-01-06 10:35:00,630,630,635,635,0
2022-01-06 10:36:00,630,630,635,635,5500
2022-01-06 10:37:00,635,635,635,635,200
2022-01-06 10:38:00,635,635,635,635,0
2022-01-06 10:39:00,630,630,635,635,2200
2022-01-06 10:40:00,630,630,635,635,0
2022-01-06 10:41:00,630,630,635,635,0
2022-01-06 10:42:00,635,635,635,635,200
2022-01-06 10:43:00,635,635,635,635,0
2022-01-06 10:44:00,635,630,635,630,5100
2022-01-06 10:45:00,630,630,630,630,200
2022-01-06 10:46:00,630,630,630,630,0
2022-01-06 10:47:00,630,630,630,630,0
2022-01-06 10:48:00,630,630,630,630,0
2022-01-06 10:49:00,630,630,630,630,200
2022-01-06 10:50:00,630,630,630,630,1200
2022-01-06 10:51:00,630,630,630,630,0
2022-01-06 10:52:00,630,630,630,630,0
2022-01-06 10:53:00,630,630,635,635,3800
2022-01-06 10:54:00,630,630,635,635,0
2022-01-06 10:55:00,635,635,635,635,600
2022-01-06 10:56:00,635,635,635,635,0
2022-01-06 10:57:00,630,630,630,630,1100
2022-01-06 10:58:00,630,630,630,630,0
2022-01-06 10:59:00,630,630,630,630,0
2022-01-06 11:00:00,625,625,625,625,1600
2022-01-06 11:01:00,630,625,630,625,300
2022-01-06 11:02:00,630,625,630,625,0
2022-01-06 11:03:00,630,630,630,630,400
2022-01-06 11:04:00,630,630,630,630,0
2022-01-06 11:05:00,630,630,630,630,200
2022-01-06 11:06:00,630,630,630,630,200
2022-01-06 11:07:00,630,630,630,630,0
2022-01-06 11:08:00,630,630,630,630,200
2022-01-06 11:09:00,630,630,630,630,0
2022-01-06 11:10:00,630,630,630,630,200
2022-01-06 11:11:00,630,630,630,630,0
2022-01-06 11:12:00,630,630,630,630,0
2022-01-06 11:13:00,630,630,630,630,200
2022-01-06 11:14:00,630,630,630,630,0
2022-01-06 11:15:00,630,630,630,630,0
2022-01-06 11:16:00,630,630,630,630,0
2022-01-06 11:17:00,630,630,630,630,200
2022-01-06 11:18:00,630,630,630,630,300
2022-01-06 11:19:00,630,630,630,630,0
2022-01-06 11:20:00,630,630,630,630,0
2022-01-06 11:21:00,630,630,630,630,300
2022-01-06 11:22:00,630,630,630,630,0
2022-01-06 11:23:00,630,630,630,630,200
2022-01-06 11:24:00,630,630,630,630,0
2022-01-06 11:25:00,630,630,630,630,600
2022-01-06 11:26:00,630,630,630,630,0
2022-01-06 11:27:00,630,630,630,630,200
2022-01-06 11:28:00,630,630,630,630,200
2022-01-06 11:29:00,630,630,630,630,200
2022-01-06 11:30:00,630,630,630,630,0
2022-01-06 11:31:00,630,630,630,630,0
2022-01-06 11:32:00,630,630,630,630,0
2022-01-06 11:33:00,630,630,630,630,0
2022-01-06 11:34:00,630,630,630,630,0
2022-01-06 11:35:00,630,630,630,630,0
2022-01-06 11:36:00,630,630,630,630,0
2022-01-06 11:37:00,630,630,630,630,0
2022-01-06 11:38:00,630,630,630,630,0
2022-01-06 11:39:00,630,630,630,630,0
2022-01-06 11:40:00,630,630,630,630,0
2022-01-06 11:41:00,630,630,630,630,0
2022-01-06 11:42:00,630,630,630,630,0
2022-01-06 11:43:00,630,630,630,630,0
2022-01-06 11:44:00,630,630,630,630,0
2022-01-06 11:45:00,630,630,630,630,0
2022-01-06 11:46:00,630,630,630,630,0
2022-01-06 11:47:00,630,630,630,630,0
2022-01-06 11:48:00,630,630,630,630,0
2022-01-06 11:49:00,630,630,630,630,0
2022-01-06 11:50:00,630,630,630,630,0
2022-01-06 11:51:00,630,630,630,630,0
2022-01-06 11:52:00,630,630,630,630,0
2022-01-06 11:53:00,630,630,630,630,0
2022-01-06 11:54:00,630,630,630,630,0
2022-01-06 11:55:00,630,630,630,630,0
2022-01-06 11:56:00,630,630,630,630,0
2022-01-06 11:57:00,630,630,630,630,0
2022-01-06 11:58:00,630,630,630,630,0
2022-01-06 11:59:00,630,630,630,630,0
2022-01-06 12:00:00,630,630,630,630,0
2022-01-06 12:01:00,630,630,630,630,0
2022-01-06 12:02:00,630,630,630,630,0
2022-01-06 12:03:00,630,630,630,630,0
2022-01-06 12:04:00,630,630,630,630,0
2022-01-06 12:05:00,630,630,630,630,0
2022-01-06 12:06:00,630,630,630,630,0
2022-01-06 12:07:00,630,630,630,630,0
2022-01-06 12:08:00,630,630,630,630,0
2022-01-06 12:09:00,630,630,630,630,0
2022-01-06 12:10:00,630,630,630,630,0
2022-01-06 12:11:00,630,630,630,630,0
2022-01-06 12:12:00,630,630,630,630,0
2022-01-06 12:13:00,630,630,630,630,0
2022-01-06 12:14:00,630,630,630,630,0
2022-01-06 12:15:00,630,630,630,630,0
2022-01-06 12:16:00,630,630,630,630,0
2022-01-06 12:17:00,630,630,630,630,0
2022-01-06 12:18:00,630,630,630,630,0
2022-01-06 12:19:00,630,630,630,630,0
2022-01-06 12:20:00,630,630,630,630,0
2022-01-06 12:21:00,630,630,630,630,0
2022-01-06 12:22:00,630,630,630,630,0
2022-01-06 12:23:00,630,630,630,630,0
2022-01-06 12:24:00,630,630,630,630,0
2022-01-06 12:25:00,630,630,630,630,0
2022-01-06 12:26:00,630,630,630,630,0
2022-01-06 12:27:00,630,630,630,630,0
2022-01-06 12:28:00,630,630,630,630,0
2022-01-06 12:29:00,630,630,630,630,0
2022-01-06 12:30:00,630,630,630,630,0
2022-01-06 12:31:00,630,630,630,630,0
2022-01-06 12:32:00,630,630,630,630,0
2022-01-06 12:33:00,630,630,630,630,0
2022-01-06 12:34:00,630,630,630,630,0
2022-01-06 12:35:00,630,630,630,630,0
2022-01-06 12:36:00,630,630,630,630,0
2022-01-06 12:37:00,630,630,630,630,0
2022-01-06 12:38:00,630,630,630,630,0
2022-01-06 12:39:00,630,630,630,630,0
2022-01-06 12:40:00,630,630,630,630,0
2022-01-06 12:41:00,630,630,630,630,0
2022-01-06 12:42:00,630,630,630,630,0
2022-01-06 12:43:00,630,630,630,630,0
2022-01-06 12:44:00,630,630,630,630,0
2022-01-06 12:45:00,630,630,630,630,0
2022-01-06 12:46:00,630,630,630,630,0
2022-01-06 12:47:00,630,630,630,630,0
2022-01-06 12:48:00,630,630,630,630,0
2022-01-06 12:49:00,630,630,630,630,0
2022-01-06 12:50:00,630,630,630,630,0
2022-01-06 12:51:00,630,630,630,630,0
2022-01-06 12:52:00,630,630,630,630,0
2022-01-06 12:53:00,630,630,630,630,0
2022-01-06 12:54:00,630,630,630,630,0
2022-01-06 12:55:00,630,630,630,630,0
2022-01-06 12:56:00,630,630,630,630,0
2022-01-06 12:57:00,630,630,630,630,0
2022-01-06 12:58:00,630,630,630,630,0
2022-01-06 12:59:00,630,630,630,630,0
2022-01-06 13:00:00,630,630,630,630,0
2022-01-06 13:01:00,630,630,630,630,0
2022-01-06 13:02:00,630,630,630,630,0
2022-01-06 13:03:00,630,630,630,630,0
2022-01-06 13:04:00,630,630,630,630,0
2022-01-06 13:05:00,630,630,630,630,0
2022-01-06 13:06:00,630,630,630,630,0
2022-01-06 13:07:00,630,630,630,630,0
2022-01-06 13:08:00,630,630,630,630,0
2022-01-06 13:09:00,630,630,630,630,0
2022-01-06 13:10:00,630,630,630,630,0
2022-01-06 13:11:00,630,630,630,630,0
2022-01-06 13:12:00,630,630,630,630,0
2022-01-06 13:13:00,630,630,630,630,0
2022-01-06 13:14:00,630,630,630,630,0
2022-01-06 13:15:00,630,630,630,630,0
2022-01-06 13:16:00,630,630,630,630,0
2022-01-06 13:17:00,630,630,630,630,0
2022-01-06 13:18:00,630,630,630,630,0
2022-01-06 13:19:00,630,630,630,630,0
2022-01-06 13:20:00,630,630,630,630,0
2022-01-06 13:21:00,630,630,630,630,0
2022-01-06 13:22:00,630,630,630,630,0
2022-01-06 13:23:00,630,630,630,630,0
2022-01-06 13:24:00,630,630,630,630,0
2022-01-06 13:25:00,630,630,630,630,0
2022-01-06 13:26:00,630,630,630,630,0
2022-01-06 13:27:00,630,630,630,630,0
2022-01-06 13:28:00,630,630,630,630,0
2022-01-06 13:29:00,630,630,630,630,0
2022-01-06 13:30:00,630,630,630,630,0
2022-01-06 13:31:00,630,630,630,630,0
2022-01-06 13:32:00,630,630,630,630,0
2022-01-06 13:33:00,630,630,630,630,0
2022-01-06 13:34:00,630,630,630,630,0
2022-01-06 13:35:00,630,630,630,630,300
2022-01-06 13:36:00,630,630,630,630,100
2022-01-06 13:37:00,630,630,630,630,0
2022-01-06 13:38:00,630,630,630,630,0
2022-01-06 13:39:00,630,630,630,630,428100
2022-01-06 13:40:00,630,630,630,630,200
2022-01-06 13:41:00,630,630,630,630,0
2022-01-06 13:42:00,630,630,630,630,0
2022-01-06 13:43:00,630,630,630,630,200
2022-01-06 13:44:00,625,625,625,625,12800
2022-01-06 13:45:00,625,625,625,625,1300
2022-01-06 13:46:00,625,625,625,625,0
2022-01-06 13:47:00,625,625,625,625,100
2022-01-06 13:48:00,625,625,625,625,13000
2022-01-06 13:49:00,625,625,625,625,0
2022-01-06 13:50:00,625,625,625,625,500
2022-01-06 13:51:00,625,625,625,625,300
2022-01-06 13:52:00,625,625,625,625,0
2022-01-06 13:53:00,625,625,625,625,200
2022-01-06 13:54:00,625,625,625,625,0
2022-01-06 13:55:00,625,625,625,625,0
2022-01-06 13:56:00,625,625,625,625,0
2022-01-06 13:57:00,625,625,625,625,200
2022-01-06 13:58:00,625,625,625,625,0
2022-01-06 13:59:00,625,625,625,625,10100
2022-01-06 14:00:00,625,625,625,625,0
2022-01-06 14:01:00,625,625,625,625,19300
2022-01-06 14:02:00,630,630,630,630,200
2022-01-06 14:03:00,630,630,630,630,1100
2022-01-06 14:04:00,630,630,630,630,0
2022-01-06 14:05:00,630,630,630,630,0
2022-01-06 14:06:00,630,630,630,630,300
2022-01-06 14:07:00,630,630,630,630,1900
2022-01-06 14:08:00,630,630,630,630,0
2022-01-06 14:09:00,630,630,630,630,0
2022-01-06 14:10:00,630,630,630,630,2000
2022-01-06 14:11:00,630,630,630,630,0
2022-01-06 14:12:00,630,630,630,630,0
2022-01-06 14:13:00,630,630,630,630,0
2022-01-06 14:14:00,630,630,630,630,0
2022-01-06 14:15:00,630,630,630,630,0
2022-01-06 14:16:00,625,625,625,625,8300
2022-01-06 14:17:00,625,625,625,625,1900
2022-01-06 14:18:00,625,625,625,625,0
2022-01-06 14:19:00,625,625,625,625,10200
2022-01-06 14:20:00,625,625,625,625,9700
2022-01-06 14:21:00,625,620,625,625,10500
2022-01-06 14:22:00,625,625,630,630,20100
2022-01-06 14:23:00,625,625,630,630,4100
2022-01-06 14:24:00,630,630,630,630,1700
2022-01-06 14:25:00,630,630,630,630,0
2022-01-06 14:26:00,630,630,635,635,8100
2022-01-06 14:27:00,635,635,635,635,200
2022-01-06 14:28:00,635,635,635,635,200
2022-01-06 14:29:00,635,635,635,635,2900
2022-01-06 14:30:00,630,630,630,630,5000
2022-01-06 14:31:00,635,635,635,635,200
2022-01-06 14:32:00,630,630,635,635,1300
2022-01-06 14:33:00,630,630,635,635,0
2022-01-06 14:34:00,630,630,635,635,2700
2022-01-06 14:35:00,630,630,635,635,0
2022-01-06 14:36:00,635,635,635,635,300
2022-01-06 14:37:00,635,635,635,635,200
2022-01-06 14:38:00,635,635,635,635,0
2022-01-06 14:39:00,635,635,635,635,0
2022-01-06 14:40:00,635,635,635,635,200
2022-01-06 14:41:00,635,635,635,635,0
2022-01-06 14:42:00,635,630,635,630,5200
2022-01-06 14:43:00,635,635,635,635,200
2022-01-06 14:44:00,635,635,635,635,0
2022-01-06 14:45:00,635,635,635,635,0
2022-01-06 14:46:00,635,635,635,635,2000
2022-01-06 14:47:00,635,635,635,635,0
2022-01-06 14:48:00,630,620,640,640,330100
2022-01-06 14:49:00,635,635,640,635,5700
2022-01-06 14:50:00,635,635,640,635,0
2022-01-06 14:51:00,635,635,640,635,0
2022-01-06 14:52:00,635,635,640,635,0
2022-01-06 14:53:00,635,635,640,635,0
2022-01-06 14:54:00,635,635,640,635,0
2022-01-06 14:55:00,635,635,640,635,0
2022-01-06 14:56:00,635,635,640,635,0
2022-01-06 14:57:00,635,635,640,635,0
2022-01-06 14:58:00,635,635,640,635,0
2022-01-06 14:59:00,635,635,640,635,0
2022-01-06 15:00:00,635,635,635,635,50000
2022-01-06 15:01:00,635,635,635,635,0
2022-01-06 15:02:00,635,635,635,635,0
2022-01-06 15:03:00,635,635,635,635,0
2022-01-06 15:04:00,635,635,635,635,0
2022-01-06 15:05:00,635,635,635,635,0
2022-01-06 15:06:00,635,635,635,635,0
2022-01-06 15:07:00,635,635,635,635,0
2022-01-06 15:08:00,635,635,635,635,0
2022-01-06 15:09:00,635,635,635,635,0
2022-01-06 15:10:00,635,635,635,635,0
2022-01-06 15:11:00,635,635,635,635,0
2022-01-06 15:12:00,635,635,635,635,0
2022-01-06 15:13:00,635,635,635,635,0
2022-01-06 15:14:00,635,635,635,635,0
2022-01-06 15:15:00,635,635,635,635,0
2022-01-06 15:16:00,635,635,635,635,0
2022-01-06 15:17:00,635,635,635,635,0
2022-01-06 15:18:00,635,635,635,635,0
2022-01-06 15:19:00,635,635,635,635,0
2022-01-06 15:20:00,635,635,635,635,0
2022-01-06 15:21:00,635,635,635,635,0
2022-01-06 15:22:00,635,635,635,635,0
2022-01-06 15:23:00,635,635,635,635,0
2022-01-06 15:24:00,635,635,635,635,0
2022-01-06 15:25:00,635,635,635,635,0
2022-01-06 15:26:00,635,635,635,635,0
2022-01-06 15:27:00,635,635,635,635,0
2022-01-06 15:28:00,635,635,635,635,0
2022-01-06 15:29:00,635,635,635,635,0
2022-01-06 15:30:00,635,635,635,635,0
2022-01-06 15:31:00,635,635,635,635,0
2022-01-06 15:32:00,635,635,635,635,0
2022-01-06 15:33:00,635,635,635,635,0
2022-01-06 15:34:00,635,635,635,635,0
2022-01-06 15:35:00,635,635,635,635,0
2022-01-06 15:36:00,635,635,635,635,0
2022-01-06 15:37:00,635,635,635,635,0
2022-01-06 15:38:00,635,635,635,635,0
2022-01-06 15:39:00,635,635,635,635,0
2022-01-06 15:40:00,635,635,635,635,0
2022-01-06 15:41:00,635,635,635,635,0
2022-01-06 15:42:00,635,635,635,635,0
2022-01-06 15:43:00,635,635,635,635,0
2022-01-06 15:44:00,635,635,635,635,0
2022-01-06 15:45:00,635,635,635,635,0
2022-01-06 15:46:00,635,635,635,635,0
2022-01-06 15:47:00,635,635,635,635,0
2022-01-06 15:48:00,635,635,635,635,0
2022-01-06 15:49:00,635,635,635,635,0
2022-01-06 15:50:00,635,635,635,635,0
2022-01-06 15:51:00,635,635,635,635,0
2022-01-06 15:52:00,635,635,635,635,0
2022-01-06 15:53:00,635,635,635,635,0
2022-01-06 15:54:00,635,635,635,635,0
2022-01-06 15:55:00,635,635,635,635,0
2022-01-06 15:56:00,635,635,635,635,0
2022-01-06 15:57:00,635,635,635,635,0
2022-01-06 15:58:00,635,635,635,635,0
2022-01-06 15:59:00,635,635,635,635,0
2022-01-07 09:00:00,635,635,635,635,0
2022-01-07 09:01:00,635,635,635,635,0
2022-01-07 09:02:00,635,635,635,635,300
2022-01-07 09:03:00,635,635,635,635,800
2022-01-07 09:04:00,635,635,635,635,0
2022-01-07 09:05:00,635,635,635,635,0
2022-01-07 09:06:00,635,635,635,635,0
2022-01-07 09:07:00,635,635,635,635,200
2022-01-07 09:08:00,635,635,635,635,0
2022-01-07 09:09:00,635,635,635,635,0
2022-01-07 09:10:00,635,635,635,635,0
2022-01-07 09:11:00,635,635,635,635,300
2022-01-07 09:12:00,635,635,635,635,2200
2022-01-07 09:13:00,635,635,635,635,0
2022-01-07 09:14:00,635,635,635,635,0
2022-01-07 09:15:00,635,635,635,635,0
2022-01-07 09:16:00,635,635,635,635,0
2022-01-07 09:17:00,635,635,635,635,0
2022-01-07 09:18:00,635,635,635,635,200
2022-01-07 09:19:00,635,635,635,635,0
2022-01-07 09:20:00,635,635,635,635,1500
2022-01-07 09:21:00,635,635,635,635,0
2022-01-07 09:22:00,635,635,635,635,0
2022-01-07 09:23:00,635,635,635,635,0
2022-01-07 09:24:00,635,635,635,635,300
2022-01-07 09:25:00,635,635,635,635,0
2022-01-07 09:26:00,635,635,635,635,0
2022-01-07 09:27:00,635,635,635,635,200
2022-01-07 09:28:00,635,635,635,635,0
2022-01-07 09:29:00,635,635,635,635,15000
2022-01-07 09:30:00,635,635,635,635,10000
2022-01-07 09:31:00,630,630,630,630,2600
2022-01-07 09:32:00,630,630,630,630,700
2022-01-07 09:33:00,635,635,635,635,200
2022-01-07 09:34:00,635,635,635,635,0
2022-01-07 09:35:00,635,635,635,635,200
2022-01-07 09:36:00,635,635,635,635,0
2022-01-07 09:37:00,635,635,635,635,0
2022-01-07 09:38:00,635,635,635,635,2800
2022-01-07 09:39:00,635,635,635,635,0
2022-01-07 09:40:00,635,635,635,635,0
2022-01-07 09:41:00,635,630,635,630,1400
2022-01-07 09:42:00,630,630,635,635,900
2022-01-07 09:43:00,630,630,635,635,0
2022-01-07 09:44:00,630,630,635,635,0
2022-01-07 09:45:00,635,635,635,635,300
2022-01-07 09:46:00,635,635,635,635,0
2022-01-07 09:47:00,630,630,635,635,500
2022-01-07 09:48:00,630,630,635,635,0
2022-01-07 09:49:00,630,630,635,635,0
2022-01-07 09:50:00,635,635,635,635,200
2022-01-07 09:51:00,635,635,635,635,0
2022-01-07 09:52:00,635,635,635,635,200
2022-01-07 09:53:00,635,635,635,635,0
2022-01-07 09:54:00,635,635,635,635,0
2022-01-07 09:55:00,635,635,635,635,300
2022-01-07 09:56:00,635,635,635,635,0
2022-01-07 09:57:00,635,635,635,635,200
2022-01-07 09:58:00,635,635,635,635,0
2022-01-07 09:59:00,635,635,635,635,200
2022-01-07 10:00:00,635,635,635,635,0
2022-01-07 10:01:00,635,635,635,635,80200
2022-01-07 10:02:00,635,635,635,635,200
2022-01-07 10:03:00,635,635,635,635,0
2022-01-07 10:04:00,635,635,635,635,300
2022-01-07 10:05:00,635,635,640,640,3600
2022-01-07 10:06:00,640,640,640,640,12000
2022-01-07 10:07:00,640,640,640,640,500
2022-01-07 10:08:00,640,640,640,640,500
2022-01-07 10:09:00,640,640,640,640,0
2022-01-07 10:10:00,640,640,640,640,700
2022-01-07 10:11:00,640,640,640,640,0
2022-01-07 10:12:00,640,640,640,640,0
2022-01-07 10:13:00,640,640,640,640,0
2022-01-07 10:14:00,640,640,640,640,200
2022-01-07 10:15:00,640,640,640,640,0
2022-01-07 10:16:00,640,640,640,640,0
2022-01-07 10:17:00,640,640,640,640,200
2022-01-07 10:18:00,640,640,640,640,0
2022-01-07 10:19:00,640,640,640,640,0
2022-01-07 10:20:00,640,640,640,640,200
2022-01-07 10:21:00,640,640,640,640,0
2022-01-07 10:22:00,640,640,640,640,0
2022-01-07 10:23:00,640,640,640,640,300
2022-01-07 10:24:00,635,635,635,635,200
2022-01-07 10:25:00,640,640,640,640,300
2022-01-07 10:26:00,640,640,640,640,8000
2022-01-07 10:27:00,640,640,640,640,0
2022-01-07 10:28:00,640,640,640,640,0
2022-01-07 10:29:00,640,640,640,640,200
2022-01-07 10:30:00,640,640,640,640,0
2022-01-07 10:31:00,640,640,640,640,200
2022-01-07 10:32:00,640,640,640,640,0
2022-01-07 10:33:00,640,640,640,640,0
2022-01-07 10:34:00,640,640,640,640,200
2022-01-07 10:35:00,640,640,640,640,200
2022-01-07 10:36:00,640,640,640,640,0
2022-01-07 10:37:00,640,640,640,640,0
2022-01-07 10:38:00,640,640,640,640,0
2022-01-07 10:39:00,640,640,640,640,0
2022-01-07 10:40:00,640,640,640,640,0
2022-01-07 10:41:00,640,640,640,640,200
2022-01-07 10:42:00,640,640,640,640,0
2022-01-07 10:43:00,635,635,635,635,3800
2022-01-07 10:44:00,630,630,635,635,3700
2022-01-07 10:45:00,640,635,640,635,800
2022-01-07 10:46:00,635,635,635,635,200
2022-01-07 10:47:00,635,635,640,640,500
2022-01-07 10:48:00,635,635,640,640,0
2022-01-07 10:49:00,635,635,640,640,0
2022-01-07 10:50:00,635,635,640,640,0
2022-01-07 10:51:00,640,640,640,640,200
2022-01-07 10:52:00,640,640,640,640,0
2022-01-07 10:53:00,640,640,640,640,0
2022-01-07 10:54:00,640,640,640,640,0
2022-01-07 10:55:00,640,640,640,640,300
2022-01-07 10:56:00,640,640,640,640,300
2022-01-07 10:57:00,640,640,640,640,0
2022-01-07 10:58:00,640,640,640,640,0
2022-01-07 10:59:00,640,640,640,640,200
2022-01-07 11:00:00,640,640,640,640,0
2022-01-07 11:01:00,635,635,640,640,1100
2022-01-07 11:02:00,635,635,640,640,0
2022-01-07 11:03:00,635,635,640,640,0
2022-01-07 11:04:00,640,640,640,640,200
2022-01-07 11:05:00,640,640,640,640,0
2022-01-07 11:06:00,640,640,640,640,0
2022-01-07 11:07:00,640,640,640,640,200
2022-01-07 11:08:00,640,640,640,640,0
2022-01-07 11:09:00,640,640,640,640,0
2022-01-07 11:10:00,640,640,640,640,200
2022-01-07 11:11:00,640,640,640,640,0
2022-01-07 11:12:00,640,640,640,640,0
2022-01-07 11:13:00,640,640,640,640,0
2022-01-07 11:14:00,640,640,640,640,200
2022-01-07 11:15:00,640,640,640,640,0
2022-01-07 11:16:00,640,640,640,640,0
2022-01-07 11:17:00,640,640,640,640,200
2022-01-07 11:18:00,640,640,640,640,0
2022-01-07 11:19:00,640,640,640,640,0
2022-01-07 11:20:00,640,640,640,640,0
2022-01-07 11:21:00,640,640,640,640,0
2022-01-07 11:22:00,640,640,640,640,200
2022-01-07 11:23:00,640,640,640,640,0
2022-01-07 11:24:00,640,640,640,640,200
2022-01-07 11:25:00,635,635,640,640,2300
2022-01-07 11:26:00,640,640,640,640,200
2022-01-07 11:27:00,640,640,640,640,400
2022-01-07 11:28:00,640,640,640,640,0
2022-01-07 11:29:00,640,640,640,640,400
2022-01-07 11:30:00,640,640,640,640,0
2022-01-07 11:31:00,640,640,640,640,0
2022-01-07 11:32:00,640,640,640,640,0
2022-01-07 11:33:00,640,640,640,640,0
2022-01-07 11:34:00,640,640,640,640,0
2022-01-07 11:35:00,640,640,640,640,0
2022-01-07 11:36:00,640,640,640,640,0
2022-01-07 11:37:00,640,640,640,640,0
2022-01-07 11:38:00,640,640,640,640,0
2022-01-07 11:39:00,640,640,640,640,0
2022-01-07 11:40:00,640,640,640,640,0
2022-01-07 11:41:00,640,640,640,640,0
2022-01-07 11:42:00,640,640,640,640,0
2022-01-07 11:43:00,640,640,640,640,0
2022-01-07 11:44:00,640,640,640,640,0
2022-01-07 11:45:00,640,640,640,640,0
2022-01-07 11:46:00,640,640,640,640,0
2022-01-07 11:47:00,640,640,640,640,0
2022-01-07 11:48:00,640,640,640,640,0
2022-01-07 11:49:00,640,640,640,640,0
2022-01-07 11:50:00,640,640,640,640,0
2022-01-07 11:51:00,640,640,640,640,0
2022-01-07 11:52:00,640,640,640,640,0
2022-01-07 11:53:00,640,640,640,640,0
2022-01-07 11:54:00,640,640,640,640,0
2022-01-07 11:55:00,640,640,640,640,0
2022-01-07 11:56:00,640,640,640,640,0
2022-01-07 11:57:00,640,640,640,640,0
2022-01-07 11:58:00,640,640,640,640,0
2022-01-07 11:59:00,640,640,640,640,0
2022-01-07 12:00:00,640,640,640,640,0
2022-01-07 12:01:00,640,640,640,640,0
2022-01-07 12:02:00,640,640,640,640,0
2022-01-07 12:03:00,640,640,640,640,0
2022-01-07 12:04:00,640,640,640,640,0
2022-01-07 12:05:00,640,640,640,640,0
2022-01-07 12:06:00,640,640,640,640,0
2022-01-07 12:07:00,640,640,640,640,0
2022-01-07 12:08:00,640,640,640,640,0
2022-01-07 12:09:00,640,640,640,640,0
2022-01-07 12:10:00,640,640,640,640,0
2022-01-07 12:11:00,640,640,640,640,0
2022-01-07 12:12:00,640,640,640,640,0
2022-01-07 12:13:00,640,640,640,640,0
2022-01-07 12:14:00,640,640,640,640,0
2022-01-07 12:15:00,640,640,640,640,0
2022-01-07 12:16:00,640,640,640,640,0
2022-01-07 12:17:00,640,640,640,640,0
2022-01-07 12:18:00,640,640,640,640,0
2022-01-07 12:19:00,640,640,640,640,0
2022-01-07 12:20:00,640,640,640,640,0
2022-01-07 12:21:00,640,640,640,640,0
2022-01-07 12:22:00,640,640,640,640,0
2022-01-07 12:23:00,640,640,640,640,0
2022-01-07 12:24:00,640,640,640,640,0
2022-01-07 12:25:00,640,640,640,640,0
2022-01-07 12:26:00,640,640,640,640,0
2022-01-07 12:27:00,640,640,640,640,0
2022-01-07 12:28:00,640,640,640,640,0
2022-01-07 12:29:00,640,640,640,640,0
2022-01-07 12:30:00,640,640,640,640,0
2022-01-07 12:31:00,640,640,640,640,0
2022-01-07 12:32:00,640,640,640,640,0
2022-01-07 12:33:00,640,640,640,640,0
2022-01-07 12:34:00,640,640,640,640,0
2022-01-07 12:35:00,640,640,640,640,0
2022-01-07 12:36:00,640,640,640,640,0
2022-01-07 12:37:00,640,640,640,640,0
2022-01-07 12:38:00,640,640,640,640,0
2022-01-07 12:39:00,640,640,640,640,0
2022-01-07 12:40:00,640,640,640,640,0
2022-01-07 12:41:00,640,640,640,640,0
2022-01-07 12:42:00,640,640,640,640,0
2022-01-07 12:43:00,640,640,640,640,0
2022-01-07 12:44:00,640,640,640,640,0
2022-01-07 12:45:00,640,640,640,640,0
2022-01-07 12:46:00,640,640,640,640,0
2022-01-07 12:47:00,640,640,640,640,0
2022-01-07 12:48:00,640,640,640,640,0
2022-01-07 12:49:00,640,640,640,640,0
2022-01-07 12:50:00,640,640,640,640,0
2022-01-07 12:51:00,640,640,640,640,0
2022-01-07 12:52:00,640,640,640,640,0
2022-01-07 12:53:00,640,640,640,640,0
2022-01-07 12:54:00,640,640,640,640,0
2022-01-07 12:55:00,640,640,640,640,0
2022-01-07 12:56:00,640,640,640,640,0
2022-01-07 12:57:00,640,640,640,640,0
2022-01-07 12:58:00,640,640,640,640,0
2022-01-07 12:59:00,640,640,640,640,0
2022-01-07 13:00:00,640,640,640,640,0
2022-01-07 13:01:00,640,640,640,640,0
2022-01-07 13:02:00,640,640,640,640,0
2022-01-07 13:03:00,640,640,640,640,0
2022-01-07 13:04:00,640,640,640,640,0
2022-01-07 13:05:00,640,640,640,640,0
2022-01-07 13:06:00,640,640,640,640,0
2022-01-07 13:07:00,640,640,640,640,0
2022-01-07 13:08:00,640,640,640,640,0
2022-01-07 13:09:00,640,640,640,640,0
2022-01-07 13:10:00,640,640,640,640,0
2022-01-07 13:11:00,640,640,640,640,0
2022-01-07 13:12:00,640,640,640,640,0
2022-01-07 13:13:00,640,640,640,640,0
2022-01-07 13:14:00,640,640,640,640,0
2022-01-07 13:15:00,640,640,640,640,0
2022-01-07 13:16:00,640,640,640,640,0
2022-01-07 13:17:00,640,640,640,640,0
2022-01-07 13:18:00,640,640,640,640,0
2022-01-07 13:19:00,640,640,640,640,0
2022-01-07 13:20:00,640,640,640,640,0
2022-01-07 13:21:00,640,640,640,640,0
2022-01-07 13:22:00,640,640,640,640,0
2022-01-07 13:23:00,640,640,640,640,0
2022-01-07 13:24:00,640,640,640,640,0
2022-01-07 13:25:00,640,640,640,640,0
2022-01-07 13:26:00,640,640,640,640,0
2022-01-07 13:27:00,640,640,640,640,0
2022-01-07 13:28:00,640,640,640,640,0
2022-01-07 13:29:00,640,640,640,640,0
2022-01-07 13:30:00,635,635,640,640,3200
2022-01-07 13:31:00,635,635,640,640,0
2022-01-07 13:32:00,640,640,640,640,11300
2022-01-07 13:33:00,640,640,640,640,0
2022-01-07 13:34:00,640,640,640,640,0
2022-01-07 13:35:00,640,640,640,640,0
2022-01-07 13:36:00,640,640,640,640,0
2022-01-07 13:37:00,640,640,640,640,0
2022-01-07 13:38:00,640,640,640,640,200
2022-01-07 13:39:00,640,640,640,640,0
2022-01-07 13:40:00,640,640,640,640,0
2022-01-07 13:41:00,640,640,640,640,0
2022-01-07 13:42:00,640,640,640,640,0
2022-01-07 13:43:00,640,640,640,640,200
2022-01-07 13:44:00,640,640,640,640,0
2022-01-07 13:45:00,640,640,640,640,0
2022-01-07 13:46:00,640,640,640,640,0
2022-01-07 13:47:00,640,640,640,640,0
2022-01-07 13:48:00,640,640,640,640,200
2022-01-07 13:49:00,640,640,640,640,0
2022-01-07 13:50:00,640,640,640,640,0
2022-01-07 13:51:00,640,640,640,640,200
2022-01-07 13:52:00,635,625,640,640,50200
2022-01-07 13:53:00,635,625,640,640,0
2022-01-07 13:54:00,635,625,640,640,0
2022-01-07 13:55:00,640,640,640,640,200
2022-01-07 13:56:00,640,640,640,640,0
2022-01-07 13:57:00,640,640,640,640,0
2022-01-07 13:58:00,640,640,640,640,200
2022-01-07 13:59:00,640,640,640,640,0
2022-01-07 14:00:00,640,640,640,640,200
2022-01-07 14:01:00,640,640,640,640,0
2022-01-07 14:02:00,640,640,640,640,300
2022-01-07 14:03:00,640,640,640,640,0
2022-01-07 14:04:00,640,635,640,635,6400
2022-01-07 14:05:00,635,635,635,635,200
2022-01-07 14:06:00,635,635,635,635,5000
2022-01-07 14:07:00,635,635,635,635,0
2022-01-07 14:08:00,635,635,635,635,0
2022-01-07 14:09:00,635,635,635,635,200
2022-01-07 14:10:00,635,635,635,635,0
2022-01-07 14:11:00,635,635,635,635,0
2022-01-07 14:12:00,635,635,635,635,0
2022-01-07 14:13:00,635,635,635,635,0
2022-01-07 14:14:00,630,630,630,630,11700
2022-01-07 14:15:00,630,630,630,630,500
2022-01-07 14:16:00,625,625,625,625,500
2022-01-07 14:17:00,630,630,630,630,500
2022-01-07 14:18:00,630,630,630,630,0
2022-01-07 14:19:00,630,630,630,630,0
2022-01-07 14:20:00,630,630,630,630,0
2022-01-07 14:21:00,630,630,630,630,0
2022-01-07 14:22:00,625,625,625,625,1000
2022-01-07 14:23:00,625,625,635,635,135500
2022-01-07 14:24:00,635,635,635,635,5000
2022-01-07 14:25:00,635,635,635,635,0
2022-01-07 14:26:00,635,635,635,635,0
2022-01-07 14:27:00,635,635,635,635,700
2022-01-07 14:28:00,635,635,635,635,0
2022-01-07 14:29:00,635,635,635,635,1600
2022-01-07 14:30:00,635,635,635,635,200
2022-01-07 14:31:00,635,635,635,635,200
2022-01-07 14:32:00,635,635,635,635,200
2022-01-07 14:33:00,635,635,635,635,400
2022-01-07 14:34:00,635,635,635,635,0
2022-01-07 14:35:00,635,635,635,635,6000
2022-01-07 14:36:00,635,635,635,635,200
2022-01-07 14:37:00,635,635,635,635,200
2022-01-07 14:38:00,635,635,635,635,400
2022-01-07 14:39:00,630,630,635,635,8200
2022-01-07 14:40:00,635,635,635,635,200
2022-01-07 14:41:00,635,630,635,635,4600
2022-01-07 14:42:00,635,635,635,635,400
2022-01-07 14:43:00,635,635,635,635,9500
2022-01-07 14:44:00,635,635,635,635,1800
2022-01-07 14:45:00,635,635,635,635,8200
2022-01-07 14:46:00,635,635,635,635,900
2022-01-07 14:47:00,635,635,635,635,800
2022-01-07 14:48:00,635,635,635,635,38000
2022-01-07 14:49:00,635,635,635,635,89700
2022-01-07 14:50:00,635,635,635,635,0
2022-01-07 14:51:00,635,635,635,635,0
2022-01-07 14:52:00,635,635,635,635,0
2022-01-07 14:53:00,635,635,635,635,0
2022-01-07 14:54:00,635,635,635,635,0
2022-01-07 14:55:00,635,635,635,635,0
2022-01-07 14:56:00,635,635,635,635,0
2022-01-07 14:57:00,635,635,635,635,0
2022-01-07 14:58:00,635,635,635,635,0
2022-01-07 14:59:00,635,635,635,635,0
2022-01-07 15:00:00,635,635,635,635,7700
2022-01-07 15:01:00,635,635,635,635,50000
2022-01-07 15:02:00,635,635,635,635,0
2022-01-07 15:03:00,635,635,635,635,0
2022-01-07 15:04:00,635,635,635,635,0
2022-01-07 15:05:00,635,635,635,635,0
2022-01-07 15:06:00,635,635,635,635,0
2022-01-07 15:07:00,635,635,635,635,0
2022-01-07 15:08:00,635,635,635,635,0
2022-01-07 15:09:00,635,635,635,635,0
2022-01-07 15:10:00,635,635,635,635,0
2022-01-07 15:11:00,635,635,635,635,1000
2022-01-07 15:12:00,635,635,635,635,0
2022-01-07 15:13:00,635,635,635,635,0
2022-01-07 15:14:00,635,635,635,635,0
2022-01-07 15:15:00,635,635,635,635,0
2022-01-07 15:16:00,635,635,635,635,0
2022-01-07 15:17:00,635,635,635,635,0
2022-01-07 15:18:00,635,635,635,635,0
2022-01-07 15:19:00,635,635,635,635,0
2022-01-07 15:20:00,635,635,635,635,0
2022-01-07 15:21:00,635,635,635,635,0
2022-01-07 15:22:00,635,635,635,635,0
2022-01-07 15:23:00,635,635,635,635,0
2022-01-07 15:24:00,635,635,635,635,0
2022-01-07 15:25:00,635,635,635,635,0
2022-01-07 15:26:00,635,635,635,635,0
2022-01-07 15:27:00,635,635,635,635,0
2022-01-07 15:28:00,635,635,635,635,0
2022-01-07 15:29:00,635,635,635,635,0
2022-01-07 15:30:00,635,635,635,635,0
2022-01-07 15:31:00,635,635,635,635,0
2022-01-07 15:32:00,635,635,635,635,0
2022-01-07 15:33:00,635,635,635,635,0
2022-01-07 15:34:00,635,635,635,635,0
2022-01-07 15:35:00,635,635,635,635,0
2022-01-07 15:36:00,635,635,635,635,0
2022-01-07 15:37:00,635,635,635,635,0
2022-01-07 15:38:00,635,635,635,635,0
2022-01-07 15:39:00,635,635,635,635,0
2022-01-07 15:40:00,635,635,635,635,0
2022-01-07 15:41:00,635,635,635,635,0
2022-01-07 15:42:00,635,635,635,635,0
2022-01-07 15:43:00,635,635,635,635,0
2022-01-07 15:44:00,635,635,635,635,0
2022-01-07 15:45:00,635,635,635,635,0
2022-01-07 15:46:00,635,635,635,635,0
2022-01-07 15:47:00,635,635,635,635,0
2022-01-07 15:48:00,635,635,635,635,0
2022-01-07 15:49:00,635,635,635,635,0
2022-01-07 15:50:00,635,635,635,635,0
2022-01-07 15:51:00,635,635,635,635,0
2022-01-07 15:52:00,635,635,635,635,0
2022-01-07 15:53:00,635,635,635,635,0
2022-01-07 15:54:00,635,635,635,635,0
2022-01-07 15:55:00,635,635,635,635,0
2022-01-07 15:56:00,635,635,635,635,0
2022-01-07 15:57:00,635,635,635,635,0
2022-01-07 15:58:00,635,635,635,635,0
2022-01-07 15:59:00,635,635,635,635,0
2022-01-10 09:00:00,635,635,635,635,0
2022-01-10 09:01:00,635,635,635,635,0
2022-01-10 09:02:00,635,635,635,635,10000
2022-01-10 09:03:00,635,635,635,635,0
2022-01-10 09:04:00,635,635,635,635,0
2022-01-10 09:05:00,635,635,635,635,10000
2022-01-10 09:06:00,635,635,635,635,0
2022-01-10 09:07:00,635,635,635,635,10000
2022-01-10 09:08:00,635,635,635,635,5000
2022-01-10 09:09:00,635,635,635,635,0
2022-01-10 09:10:00,635,635,635,635,0
2022-01-10 09:11:00,635,635,635,635,0
2022-01-10 09:12:00,635,635,635,635,4800
2022-01-10 09:13:00,635,635,640,640,2700
2022-01-10 09:14:00,635,635,640,640,0
2022-01-10 09:15:00,640,640,640,640,6000
2022-01-10 09:16:00,640,640,640,640,0
2022-01-10 09:17:00,640,640,640,640,1000
2022-01-10 09:18:00,640,640,640,640,6000
2022-01-10 09:19:00,640,640,640,640,0
2022-01-10 09:20:00,640,640,640,640,3200
2022-01-10 09:21:00,645,645,645,645,200
2022-01-10 09:22:00,645,645,645,645,0
2022-01-10 09:23:00,645,645,645,645,0
2022-01-10 09:24:00,645,645,645,645,0
2022-01-10 09:25:00,645,645,645,645,100
2022-01-10 09:26:00,645,645,645,645,0
2022-01-10 09:27:00,645,645,650,645,39000
2022-01-10 09:28:00,650,650,650,650,600
2022-01-10 09:29:00,650,650,650,650,0
2022-01-10 09:30:00,650,650,650,650,100
2022-01-10 09:31:00,650,650,650,650,0
2022-01-10 09:32:00,650,650,650,650,2500
2022-01-10 09:33:00,650,650,650,650,12000
2022-01-10 09:34:00,650,650,650,650,0
2022-01-10 09:35:00,650,650,650,650,0
2022-01-10 09:36:00,650,650,650,650,10100
2022-01-10 09:37:00,645,645,645,645,6000
2022-01-10 09:38:00,650,650,650,650,8000
2022-01-10 09:39:00,650,650,650,650,1500
2022-01-10 09:40:00,650,650,650,650,300
2022-01-10 09:41:00,650,650,650,650,0
2022-01-10 09:42:00,650,650,650,650,2100
2022-01-10 09:43:00,650,650,650,650,0
2022-01-10 09:44:00,650,650,650,650,500
2022-01-10 09:45:00,650,650,650,650,0
2022-01-10 09:46:00,650,650,650,650,300
2022-01-10 09:47:00,650,650,650,650,0
2022-01-10 09:48:00,650,650,650,650,9000
2022-01-10 09:49:00,650,650,650,650,0
2022-01-10 09:50:00,650,650,650,650,300
2022-01-10 09:51:00,650,650,650,650,0
2022-01-10 09:52:00,650,650,650,650,300
2022-01-10 09:53:00,650,650,650,650,0
2022-01-10 09:54:00,650,650,650,650,400
2022-01-10 09:55:00,650,650,650,650,0
2022-01-10 09:56:00,645,645,645,645,1000
2022-01-10 09:57:00,650,650,650,650,300
2022-01-10 09:58:00,650,650,650,650,400
2022-01-10 09:59:00,650,650,650,650,0
2022-01-10 10:00:00,650,650,650,650,300
2022-01-10 10:01:00,650,650,650,650,0
2022-01-10 10:02:00,650,650,650,650,300
2022-01-10 10:03:00,650,650,650,650,0
2022-01-10 10:04:00,650,650,650,650,0
2022-01-10 10:05:00,650,650,650,650,10300
2022-01-10 10:06:00,650,650,650,650,0
2022-01-10 10:07:00,650,650,650,650,0
2022-01-10 10:08:00,650,650,650,650,300
2022-01-10 10:09:00,650,650,650,650,0
2022-01-10 10:10:00,650,650,650,650,0
2022-01-10 10:11:00,650,650,650,650,500
2022-01-10 10:12:00,650,650,650,650,0
2022-01-10 10:13:00,645,645,645,645,20100
2022-01-10 10:14:00,645,645,645,645,4300
2022-01-10 10:15:00,645,645,645,645,0
2022-01-10 10:16:00,645,645,645,645,0
2022-01-10 10:17:00,645,645,650,645,11900
2022-01-10 10:18:00,645,645,645,645,300
2022-01-10 10:19:00,645,645,645,645,0
2022-01-10 10:20:00,645,645,650,650,26800
2022-01-10 10:21:00,650,645,650,650,3700
2022-01-10 10:22:00,645,645,650,650,12500
2022-01-10 10:23:00,645,645,650,650,0
2022-01-10 10:24:00,645,645,650,650,0
2022-01-10 10:25:00,650,650,655,655,70700
2022-01-10 10:26:00,655,655,655,655,8300
2022-01-10 10:27:00,650,650,655,655,2600
2022-01-10 10:28:00,655,655,655,655,2400
2022-01-10 10:29:00,650,650,650,650,10000
2022-01-10 10:30:00,655,655,655,655,4300
2022-01-10 10:31:00,655,655,655,655,13800
2022-01-10 10:32:00,660,660,660,660,1000
2022-01-10 10:33:00,655,655,655,655,700
2022-01-10 10:34:00,655,655,660,660,600
2022-01-10 10:35:00,660,660,660,660,3100
2022-01-10 10:36:00,660,660,665,660,4000
2022-01-10 10:37:00,665,660,665,660,1300
2022-01-10 10:38:00,665,665,665,665,300
2022-01-10 10:39:00,665,665,665,665,300
2022-01-10 10:40:00,665,665,665,665,300
2022-01-10 10:41:00,660,660,665,665,3400
2022-01-10 10:42:00,660,660,660,660,1200
2022-01-10 10:43:00,655,655,660,660,3600
2022-01-10 10:44:00,660,660,660,660,1000
2022-01-10 10:45:00,660,660,660,660,0
2022-01-10 10:46:00,660,660,660,660,0
2022-01-10 10:47:00,660,660,660,660,0
2022-01-10 10:48:00,660,655,660,655,13600
2022-01-10 10:49:00,655,655,655,655,300
2022-01-10 10:50:00,650,650,655,655,3800
2022-01-10 10:51:00,655,655,655,655,200
2022-01-10 10:52:00,655,655,655,655,500
2022-01-10 10:53:00,655,655,655,655,200
2022-01-10 10:54:00,655,655,655,655,0
2022-01-10 10:55:00,655,655,660,660,1800
2022-01-10 10:56:00,655,655,660,660,0
2022-01-10 10:57:00,660,660,660,660,400
2022-01-10 10:58:00,660,660,660,660,0
2022-01-10 10:59:00,660,660,660,660,0
2022-01-10 11:00:00,660,660,660,660,200
2022-01-10 11:01:00,660,660,660,660,0
2022-01-10 11:02:00,660,660,660,660,10900
2022-01-10 11:03:00,660,660,660,660,0
2022-01-10 11:04:00,660,660,660,660,0
2022-01-10 11:05:00,660,660,660,660,900
2022-01-10 11:06:00,660,660,660,660,0
2022-01-10 11:07:00,660,660,660,660,0
2022-01-10 11:08:00,655,655,660,660,4300
2022-01-10 11:09:00,660,660,660,660,300
2022-01-10 11:10:00,660,660,660,660,0
2022-01-10 11:11:00,660,660,660,660,300
2022-01-10 11:12:00,660,660,660,660,0
2022-01-10 11:13:00,660,660,660,660,0
2022-01-10 11:14:00,660,660,660,660,300
2022-01-10 11:15:00,660,660,660,660,200
2022-01-10 11:16:00,655,655,655,655,1500
2022-01-10 11:17:00,660,660,660,660,300
2022-01-10 11:18:00,660,660,660,660,1500
2022-01-10 11:19:00,660,660,660,660,0
2022-01-10 11:20:00,660,660,660,660,300
2022-01-10 11:21:00,660,655,660,655,1800
2022-01-10 11:22:00,660,660,660,660,500
2022-01-10 11:23:00,655,655,660,660,3600
2022-01-10 11:24:00,660,660,660,660,300
2022-01-10 11:25:00,660,660,660,660,1600
2022-01-10 11:26:00,660,660,660,660,500
2022-01-10 11:27:00,660,660,660,660,800
2022-01-10 11:28:00,660,660,660,660,200
2022-01-10 11:29:00,660,660,660,660,500
2022-01-10 11:30:00,660,660,660,660,0
2022-01-10 11:31:00,660,660,660,660,0
2022-01-10 11:32:00,660,660,660,660,0
2022-01-10 11:33:00,660,660,660,660,0
2022-01-10 11:34:00,660,660,660,660,0
2022-01-10 11:35:00,660,660,660,660,0
2022-01-10 11:36:00,660,660,660,660,0
2022-01-10 11:37:00,660,660,660,660,0
2022-01-10 11:38:00,660,660,660,660,0
2022-01-10 11:39:00,660,660,660,660,0
2022-01-10 11:40:00,660,660,660,660,0
2022-01-10 11:41:00,660,660,660,660,0
2022-01-10 11:42:00,660,660,660,660,0
2022-01-10 11:43:00,660,660,660,660,0
2022-01-10 11:44:00,660,660,660,660,0
2022-01-10 11:45:00,660,660,660,660,0
2022-01-10 11:46:00,660,660,660,660,0
2022-01-10 11:47:00,660,660,660,660,0
2022-01-10 11:48:00,660,660,660,660,0
2022-01-10 11:49:00,660,660,660,660,0
2022-01-10 11:50:00,660,660,660,660,0
2022-01-10 11:51:00,660,660,660,660,0
2022-01-10 11:52:00,660,660,660,660,0
2022-01-10 11:53:00,660,660,660,660,0
2022-01-10 11:54:00,660,660,660,660,0
2022-01-10 11:55:00,660,660,660,660,0
2022-01-10 11:56:00,660,660,660,660,0
2022-01-10 11:57:00,660,660,660,660,0
2022-01-10 11:58:00,660,660,660,660,0
2022-01-10 11:59:00,660,660,660,660,0
2022-01-10 12:00:00,660,660,660,660,0
2022-01-10 12:01:00,660,660,660,660,0
2022-01-10 12:02:00,660,660,660,660,0
2022-01-10 12:03:00,660,660,660,660,0
2022-01-10 12:04:00,660,660,660,660,0
2022-01-10 12:05:00,660,660,660,660,0
2022-01-10 12:06:00,660,660,660,660,0
2022-01-10 12:07:00,660,660,660,660,0
2022-01-10 12:08:00,660,660,660,660,0
2022-01-10 12:09:00,660,660,660,660,0
2022-01-10 12:10:00,660,660,660,660,0
2022-01-10 12:11:00,660,660,660,660,0
2022-01-10 12:12:00,660,660,660,660,0
2022-01-10 12:13:00,660,660,660,660,0
2022-01-10 12:14:00,660,660,660,660,0
2022-01-10 12:15:00,660,660,660,660,0
2022-01-10 12:16:00,660,660,660,660,0
2022-01-10 12:17:00,660,660,660,660,0
2022-01-10 12:18:00,660,660,660,660,0
2022-01-10 12:19:00,660,660,660,660,0
2022-01-10 12:20:00,660,660,660,660,0
2022-01-10 12:21:00,660,660,660,660,0
2022-01-10 12:22:00,660,660,660,660,0
2022-01-10 12:23:00,660,660,660,660,0
2022-01-10 12:24:00,660,660,660,660,0
2022-01-10 12:25:00,660,660,660,660,0
2022-01-10 12:26:00,660,660,660,660,0
2022-01-10 12:27:00,660,660,660,660,0
2022-01-10 12:28:00,660,660,660,660,0
2022-01-10 12:29:00,660,660,660,660,0
2022-01-10 12:30:00,660,660,660,660,0
2022-01-10 12:31:00,660,660,660,660,0
2022-01-10 12:32:00,660,660,660,660,0
2022-01-10 12:33:00,660,660,660,660,0
2022-01-10 12:34:00,660,660,660,660,0
2022-01-10 12:35:00,660,660,660,660,0
2022-01-10 12:36:00,660,660,660,660,0
2022-01-10 12:37:00,660,660,660,660,0
2022-01-10 12:38:00,660,660,660,660,0
2022-01-10 12:39:00,660,660,660,660,0
2022-01-10 12:40:00,660,660,660,660,0
2022-01-10 12:41:00,660,660,660,660,0
2022-01-10 12:42:00,660,660,660,660,0
2022-01-10 12:43:00,660,660,660,660,0
2022-01-10 12:44:00,660,660,660,660,0
2022-01-10 12:45:00,660,660,660,660,0
2022-01-10 12:46:00,660,660,660,660,0
2022-01-10 12:47:00,660,660,660,660,0
2022-01-10 12:48:00,660,660,660,660,0
2022-01-10 12:49:00,660,660,660,660,0
2022-01-10 12:50:00,660,660,660,660,0
2022-01-10 12:51:00,660,660,660,660,0
2022-01-10 12:52:00,660,660,660,660,0
2022-01-10 12:53:00,660,660,660,660,0
2022-01-10 12:54:00,660,660,660,660,0
2022-01-10 12:55:00,660,660,660,660,0
2022-01-10 12:56:00,660,660,660,660,0
2022-01-10 12:57:00,660,660,660,660,0
2022-01-10 12:58:00,660,660,660,660,0
2022-01-10 12:59:00,660,660,660,660,0
2022-01-10 13:00:00,660,660,660,660,0
2022-01-10 13:01:00,660,660,660,660,0
2022-01-10 13:02:00,660,660,660,660,0
2022-01-10 13:03:00,660,660,660,660,0
2022-01-10 13:04:00,660,660,660,660,0
2022-01-10 13:05:00,660,660,660,660,0
2022-01-10 13:06:00,660,660,660,660,0
2022-01-10 13:07:00,660,660,660,660,0
2022-01-10 13:08:00,660,660,660,660,0
2022-01-10 13:09:00,660,660,660,660,0
2022-01-10 13:10:00,660,660,660,660,0
2022-01-10 13:11:00,660,660,660,660,0
2022-01-10 13:12:00,660,660,660,660,0
2022-01-10 13:13:00,660,660,660,660,0
2022-01-10 13:14:00,660,660,660,660,0
2022-01-10 13:15:00,660,660,660,660,0
2022-01-10 13:16:00,660,660,660,660,0
2022-01-10 13:17:00,660,660,660,660,0
2022-01-10 13:18:00,660,660,660,660,0
2022-01-10 13:19:00,660,660,660,660,0
2022-01-10 13:20:00,660,660,660,660,0
2022-01-10 13:21:00,660,660,660,660,0
2022-01-10 13:22:00,660,660,660,660,0
2022-01-10 13:23:00,660,660,660,660,0
2022-01-10 13:24:00,660,660,660,660,0
2022-01-10 13:25:00,660,660,660,660,0
2022-01-10 13:26:00,660,660,660,660,0
2022-01-10 13:27:00,660,660,660,660,0
2022-01-10 13:28:00,660,660,660,660,0
2022-01-10 13:29:00,660,660,660,660,0
2022-01-10 13:30:00,660,650,660,660,53700
2022-01-10 13:31:00,660,660,660,660,800
2022-01-10 13:32:00,660,660,660,660,0
2022-01-10 13:33:00,660,660,660,660,1500
2022-01-10 13:34:00,660,660,660,660,3300
2022-01-10 13:35:00,660,660,660,660,0
2022-01-10 13:36:00,660,660,660,660,0
2022-01-10 13:37:00,660,660,660,660,0
2022-01-10 13:38:00,660,660,660,660,0
2022-01-10 13:39:00,660,655,660,655,1900
2022-01-10 13:40:00,655,655,660,660,1300
2022-01-10 13:41:00,655,655,660,660,0
2022-01-10 13:42:00,655,655,660,660,0
2022-01-10 13:43:00,660,660,660,660,300
2022-01-10 13:44:00,660,660,660,660,0
2022-01-10 13:45:00,660,660,660,660,0
2022-01-10 13:46:00,660,660,660,660,0
2022-01-10 13:47:00,660,660,660,660,0
2022-01-10 13:48:00,660,660,660,660,300
2022-01-10 13:49:00,655,655,660,655,1900
2022-01-10 13:50:00,655,655,655,655,200
2022-01-10 13:51:00,655,655,655,655,2800
2022-01-10 13:52:00,655,655,655,655,0
2022-01-10 13:53:00,655,655,655,655,0
2022-01-10 13:54:00,655,655,655,655,300
2022-01-10 13:55:00,655,655,655,655,300
2022-01-10 13:56:00,655,655,655,655,0
2022-01-10 13:57:00,655,655,655,655,0
2022-01-10 13:58:00,655,655,655,655,0
2022-01-10 13:59:00,655,655,655,655,10000
2022-01-10 14:00:00,650,650,650,650,1000
2022-01-10 14:01:00,650,650,650,650,0
2022-01-10 14:02:00,655,655,655,655,1700
2022-01-10 14:03:00,655,655,655,655,0
2022-01-10 14:04:00,655,655,655,655,3100
2022-01-10 14:05:00,655,655,655,655,0
2022-01-10 14:06:00,655,655,655,655,300
2022-01-10 14:07:00,655,655,655,655,200
2022-01-10 14:08:00,655,655,655,655,0
2022-01-10 14:09:00,655,655,655,655,0
2022-01-10 14:10:00,655,655,655,655,300
2022-01-10 14:11:00,655,655,655,655,300
2022-01-10 14:12:00,655,655,655,655,0
2022-01-10 14:13:00,655,655,655,655,0
2022-01-10 14:14:00,655,655,655,655,300
2022-01-10 14:15:00,655,655,655,655,0
2022-01-10 14:16:00,655,655,655,655,3600
2022-01-10 14:17:00,655,655,655,655,0
2022-01-10 14:18:00,655,655,655,655,0
2022-01-10 14:19:00,655,655,655,655,1000
2022-01-10 14:20:00,655,655,655,655,0
2022-01-10 14:21:00,655,655,655,655,300
2022-01-10 14:22:00,650,650,650,650,1000
2022-01-10 14:23:00,655,645,655,645,9300
2022-01-10 14:24:00,655,655,655,655,300
2022-01-10 14:25:00,655,655,655,655,0
2022-01-10 14:26:00,655,655,655,655,300
2022-01-10 14:27:00,655,655,655,655,0
2022-01-10 14:28:00,655,655,655,655,3600
2022-01-10 14:29:00,655,655,655,655,0
2022-01-10 14:30:00,655,650,655,650,5000
2022-01-10 14:31:00,650,650,650,650,300
2022-01-10 14:32:00,650,650,650,650,0
2022-01-10 14:33:00,650,650,650,650,2200
2022-01-10 14:34:00,650,650,650,650,1900
2022-01-10 14:35:00,655,655,655,655,600
2022-01-10 14:36:00,655,655,655,655,0
2022-01-10 14:37:00,655,655,655,655,600
2022-01-10 14:38:00,655,655,655,655,1500
2022-01-10 14:39:00,655,655,655,655,600
2022-01-10 14:40:00,655,655,655,655,2700
2022-01-10 14:41:00,655,655,655,655,200
2022-01-10 14:42:00,655,655,655,655,300
2022-01-10 14:43:00,655,655,655,655,900
2022-01-10 14:44:00,655,655,655,655,900
2022-01-10 14:45:00,655,655,655,655,900
2022-01-10 14:46:00,655,650,655,655,10900
2022-01-10 14:47:00,655,650,655,650,1500
2022-01-10 14:48:00,655,655,655,655,700
2022-01-10 14:49:00,650,650,655,655,12100
2022-01-10 14:50:00,650,650,655,655,0
2022-01-10 14:51:00,650,650,655,655,0
2022-01-10 14:52:00,650,650,655,655,0
2022-01-10 14:53:00,650,650,655,655,0
2022-01-10 14:54:00,650,650,655,655,0
2022-01-10 14:55:00,650,650,655,655,0
2022-01-10 14:56:00,650,650,655,655,0
2022-01-10 14:57:00,650,650,655,655,0
2022-01-10 14:58:00,650,650,655,655,0
2022-01-10 14:59:00,650,650,655,655,0
2022-01-10 15:00:00,655,655,655,655,122600
2022-01-10 15:01:00,655,655,655,655,0
2022-01-10 15:02:00,655,655,655,655,0
2022-01-10 15:03:00,655,655,655,655,0
2022-01-10 15:04:00,655,655,655,655,0
2022-01-10 15:05:00,655,655,655,655,5000
2022-01-10 15:06:00,655,655,655,655,13400
2022-01-10 15:07:00,655,655,655,655,0
2022-01-10 15:08:00,655,655,655,655,0
2022-01-10 15:09:00,655,655,655,655,0
2022-01-10 15:10:00,655,655,655,655,0
2022-01-10 15:11:00,655,655,655,655,0
2022-01-10 15:12:00,655,655,655,655,0
2022-01-10 15:13:00,655,655,655,655,0
2022-01-10 15:14:00,655,655,655,655,200
2022-01-10 15:15:00,655,655,655,655,0
2022-01-10 15:16:00,655,655,655,655,0
2022-01-10 15:17:00,655,655,655,655,0
2022-01-10 15:18:00,655,655,655,655,0
2022-01-10 15:19:00,655,655,655,655,0
2022-01-10 15:20:00,655,655,655,655,0
2022-01-10 15:21:00,655,655,655,655,0
2022-01-10 15:22:00,655,655,655,655,0
2022-01-10 15:23:00,655,655,655,655,0
2022-01-10 15:24:00,655,655,655,655,0
2022-01-10 15:25:00,655,655,655,655,0
2022-01-10 15:26:00,655,655,655,655,0
2022-01-10 15:27:00,655,655,655,655,0
2022-01-10 15:28:00,655,655,655,655,0
2022-01-10 15:29:00,655,655,655,655,0
2022-01-10 15:30:00,655,655,655,655,0
2022-01-10 15:31:00,655,655,655,655,0
2022-01-10 15:32:00,655,655,655,655,0
2022-01-10 15:33:00,655,655,655,655,0
2022-01-10 15:34:00,655,655,655,655,0
2022-01-10 15:35:00,655,655,655,655,0
2022-01-10 15:36:00,655,655,655,655,0
2022-01-10 15:37:00,655,655,655,655,0
2022-01-10 15:38:00,655,655,655,655,0
2022-01-10 15:39:00,655,655,655,655,0
2022-01-10 15:40:00,655,655,655,655,0
2022-01-10 15:41:00,655,655,655,655,0
2022-01-10 15:42:00,655,655,655,655,0
2022-01-10 15:43:00,655,655,655,655,0
2022-01-10 15:44:00,655,655,655,655,0
2022-01-10 15:45:00,655,655,655,655,0
2022-01-10 15:46:00,655,655,655,655,0
2022-01-10 15:47:00,655,655,655,655,0
2022-01-10 15:48:00,655,655,655,655,0
2022-01-10 15:49:00,655,655,655,655,0
2022-01-10 15:50:00,655,655,655,655,0
2022-01-10 15:51:00,655,655,655,655,0
2022-01-10 15:52:00,655,655,655,655,0
2022-01-10 15:53:00,655,655,655,655,0
2022-01-10 15:54:00,655,655,655,655,0
2022-01-10 15:55:00,655,655,655,655,0
2022-01-10 15:56:00,655,655,655,655,0
2022-01-10 15:57:00,655,655,655,655,0
2022-01-10 15:58:00,655,655,655,655,0
2022-01-10 15:59:00,655,655,655,655,0
2022-01-11 09:00:00,670,670,675,675,0
2022-01-11 09:01:00,675,675,675,675,400
2022-01-11 09:02:00,670,670,680,680,90300
2022-01-11 09:03:00,680,680,685,685,75600
2022-01-11 09:04:00,680,675,680,675,5000
2022-01-11 09:05:00,680,680,680,680,16600
2022-01-11 09:06:00,680,680,680,680,8600
2022-01-11 09:07:00,680,675,680,675,32800
2022-01-11 09:08:00,675,675,675,675,7500
2022-01-11 09:09:00,675,675,675,675,10500
2022-01-11 09:10:00,675,670,675,670,13900
2022-01-11 09:11:00,660,660,670,660,20300
2022-01-11 09:12:00,660,660,670,670,6300
2022-01-11 09:13:00,660,660,670,670,2100
2022-01-11 09:14:00,670,670,670,670,1700
2022-01-11 09:15:00,670,670,670,670,0
2022-01-11 09:16:00,670,670,670,670,2100
2022-01-11 09:17:00,670,670,670,670,6000
2022-01-11 09:18:00,665,665,665,665,4900
2022-01-11 09:19:00,665,665,665,665,3700
2022-01-11 09:20:00,665,665,665,665,4000
2022-01-11 09:21:00,670,665,670,665,3800
2022-01-11 09:22:00,670,665,670,665,0
2022-01-11 09:23:00,670,665,670,665,0
2022-01-11 09:24:00,665,665,665,665,2900
2022-01-11 09:25:00,665,665,665,665,900
2022-01-11 09:26:00,665,665,665,665,1800
2022-01-11 09:27:00,665,665,665,665,0
2022-01-11 09:28:00,665,665,665,665,0
2022-01-11 09:29:00,665,665,665,665,0
2022-01-11 09:30:00,665,665,665,665,0
2022-01-11 09:31:00,665,665,665,665,0
2022-01-11 09:32:00,665,665,665,665,0
2022-01-11 09:33:00,665,665,665,665,0
2022-01-11 09:34:00,665,665,665,665,0
2022-01-11 09:35:00,660,660,665,665,15300
2022-01-11 09:36:00,665,665,670,670,3900
2022-01-11 09:37:00,670,670,670,670,10200
2022-01-11 09:38:00,670,670,675,675,400
2022-01-11 09:39:00,670,670,675,675,0
2022-01-11 09:40:00,670,670,670,670,2000
2022-01-11 09:41:00,675,670,675,670,27800
2022-01-11 09:42:00,675,675,675,675,1100
2022-01-11 09:43:00,675,675,675,675,0
2022-01-11 09:44:00,675,675,675,675,0
2022-01-11 09:45:00,670,670,670,670,45500
2022-01-11 09:46:00,665,665,665,665,100
2022-01-11 09:47:00,665,665,665,665,0
2022-01-11 09:48:00,665,665,665,665,14900
2022-01-11 09:49:00,665,665,665,665,600
2022-01-11 09:50:00,665,665,665,665,200
2022-01-11 09:51:00,665,665,665,665,0
2022-01-11 09:52:00,665,665,665,665,0
2022-01-11 09:53:00,665,665,665,665,0
2022-01-11 09:54:00,665,665,665,665,0
2022-01-11 09:55:00,670,670,670,670,16300
2022-01-11 09:56:00,670,670,670,670,0
2022-01-11 09:57:00,670,670,670,670,0
2022-01-11 09:58:00,670,670,670,670,0
2022-01-11 09:59:00,670,670,670,670,0
2022-01-11 10:00:00,670,670,670,670,0
2022-01-11 10:01:00,670,670,670,670,0
2022-01-11 10:02:00,670,670,670,670,0
2022-01-11 10:03:00,670,670,670,670,0
2022-01-11 10:04:00,670,670,670,670,3000
2022-01-11 10:05:00,670,670,670,670,0
2022-01-11 10:06:00,670,670,670,670,20000
2022-01-11 10:07:00,670,670,670,670,0
2022-01-11 10:08:00,665,665,665,665,2000
2022-01-11 10:09:00,670,670,670,670,300
2022-01-11 10:10:00,670,670,670,670,0
2022-01-11 10:11:00,670,670,670,670,0
2022-01-11 10:12:00,670,670,670,670,0
2022-01-11 10:13:00,670,670,670,670,0
2022-01-11 10:14:00,665,665,670,670,400
2022-01-11 10:15:00,665,665,670,670,0
2022-01-11 10:16:00,665,665,665,665,1500
2022-01-11 10:17:00,670,670,670,670,200
2022-01-11 10:18:00,670,670,670,670,0
2022-01-11 10:19:00,670,670,670,670,0
2022-01-11 10:20:00,670,670,670,670,0
2022-01-11 10:21:00,670,670,670,670,0
2022-01-11 10:22:00,670,670,670,670,1000
2022-01-11 10:23:00,670,670,670,670,0
2022-01-11 10:24:00,670,670,670,670,0
2022-01-11 10:25:00,670,670,670,670,0
2022-01-11 10:26:00,670,670,670,670,0
2022-01-11 10:27:00,670,670,670,670,0
2022-01-11 10:28:00,670,670,670,670,0
2022-01-11 10:29:00,670,670,670,670,0
2022-01-11 10:30:00,670,670,670,670,0
2022-01-11 10:31:00,670,670,670,670,0
2022-01-11 10:32:00,670,670,670,670,0
2022-01-11 10:33:00,670,670,670,670,0
2022-01-11 10:34:00,670,670,670,670,0
2022-01-11 10:35:00,665,665,665,665,10600
2022-01-11 10:36:00,665,665,665,665,2000
2022-01-11 10:37:00,665,665,665,665,0
2022-01-11 10:38:00,665,665,665,665,0
2022-01-11 10:39:00,665,665,665,665,0
2022-01-11 10:40:00,665,665,665,665,0
2022-01-11 10:41:00,665,665,665,665,5000
2022-01-11 10:42:00,665,665,665,665,0
2022-01-11 10:43:00,665,665,665,665,0
2022-01-11 10:44:00,665,665,665,665,0
2022-01-11 10:45:00,665,665,665,665,800
2022-01-11 10:46:00,665,665,665,665,0
2022-01-11 10:47:00,665,665,665,665,0
2022-01-11 10:48:00,665,665,665,665,0
2022-01-11 10:49:00,665,665,665,665,15800
2022-01-11 10:50:00,670,665,670,665,500
2022-01-11 10:51:00,670,670,670,670,200
2022-01-11 10:52:00,665,665,665,665,100
2022-01-11 10:53:00,670,670,670,670,200
2022-01-11 10:54:00,665,665,665,665,10000
2022-01-11 10:55:00,670,665,670,665,2500
2022-01-11 10:56:00,670,670,670,670,200
2022-01-11 10:57:00,670,670,670,670,0
2022-01-11 10:58:00,670,670,670,670,0
2022-01-11 10:59:00,670,670,670,670,0
2022-01-11 11:00:00,670,670,670,670,0
2022-01-11 11:01:00,665,665,665,665,500
2022-01-11 11:02:00,665,665,670,670,15200
2022-01-11 11:03:00,665,665,665,665,2000
2022-01-11 11:04:00,665,665,665,665,0
2022-01-11 11:05:00,670,670,670,670,200
2022-01-11 11:06:00,670,670,670,670,0
2022-01-11 11:07:00,670,670,670,670,0
2022-01-11 11:08:00,670,670,670,670,0
2022-01-11 11:09:00,670,670,670,670,0
2022-01-11 11:10:00,670,670,670,670,0
2022-01-11 11:11:00,670,670,670,670,0
2022-01-11 11:12:00,670,665,670,665,8000
2022-01-11 11:13:00,670,665,670,665,0
2022-01-11 11:14:00,670,670,670,670,300
2022-01-11 11:15:00,670,670,670,670,0
2022-01-11 11:16:00,670,670,670,670,0
2022-01-11 11:17:00,670,670,670,670,0
2022-01-11 11:18:00,670,670,670,670,0
2022-01-11 11:19:00,670,670,670,670,300
2022-01-11 11:20:00,670,670,670,670,0
2022-01-11 11:21:00,670,670,670,670,0
2022-01-11 11:22:00,670,670,670,670,0
2022-01-11 11:23:00,670,670,670,670,0
2022-01-11 11:24:00,670,670,670,670,300
2022-01-11 11:25:00,670,670,670,670,0
2022-01-11 11:26:00,670,670,670,670,200
2022-01-11 11:27:00,670,670,670,670,200
2022-01-11 11:28:00,670,670,670,670,0
2022-01-11 11:29:00,670,670,670,670,200
2022-01-11 11:30:00,670,670,670,670,0
2022-01-11 11:31:00,670,670,670,670,0
2022-01-11 11:32:00,670,670,670,670,0
2022-01-11 11:33:00,670,670,670,670,0
2022-01-11 11:34:00,670,670,670,670,0
2022-01-11 11:35:00,670,670,670,670,0
2022-01-11 11:36:00,670,670,670,670,0
2022-01-11 11:37:00,670,670,670,670,0
2022-01-11 11:38:00,670,670,670,670,0
2022-01-11 11:39:00,670,670,670,670,0
2022-01-11 11:40:00,670,670,670,670,0
2022-01-11 11:41:00,670,670,670,670,0
2022-01-11 11:42:00,670,670,670,670,0
2022-01-11 11:43:00,670,670,670,670,0
2022-01-11 11:44:00,670,670,670,670,0
2022-01-11 11:45:00,670,670,670,670,0
2022-01-11 11:46:00,670,670,670,670,0
2022-01-11 11:47:00,670,670,670,670,0
2022-01-11 11:48:00,670,670,670,670,0
2022-01-11 11:49:00,670,670,670,670,0
2022-01-11 11:50:00,670,670,670,670,0
2022-01-11 11:51:00,670,670,670,670,0
2022-01-11 11:52:00,670,670,670,670,0
2022-01-11 11:53:00,670,670,670,670,0
2022-01-11 11:54:00,670,670,670,670,0
2022-01-11 11:55:00,670,670,670,670,0
2022-01-11 11:56:00,670,670,670,670,0
2022-01-11 11:57:00,670,670,670,670,0
2022-01-11 11:58:00,670,670,670,670,0
2022-01-11 11:59:00,670,670,670,670,0
2022-01-11 12:00:00,670,670,670,670,0
2022-01-11 12:01:00,670,670,670,670,0
2022-01-11 12:02:00,670,670,670,670,0
2022-01-11 12:03:00,670,670,670,670,0
2022-01-11 12:04:00,670,670,670,670,0
2022-01-11 12:05:00,670,670,670,670,0
2022-01-11 12:06:00,670,670,670,670,0
2022-01-11 12:07:00,670,670,670,670,0
2022-01-11 12:08:00,670,670,670,670,0
2022-01-11 12:09:00,670,670,670,670,0
2022-01-11 12:10:00,670,670,670,670,0
2022-01-11 12:11:00,670,670,670,670,0
2022-01-11 12:12:00,670,670,670,670,0
2022-01-11 12:13:00,670,670,670,670,0
2022-01-11 12:14:00,670,670,670,670,0
2022-01-11 12:15:00,670,670,670,670,0
2022-01-11 12:16:00,670,670,670,670,0
2022-01-11 12:17:00,670,670,670,670,0
2022-01-11 12:18:00,670,670,670,670,0
2022-01-11 12:19:00,670,670,670,670,0
2022-01-11 12:20:00,670,670,670,670,0
2022-01-11 12:21:00,670,670,670,670,0
2022-01-11 12:22:00,670,670,670,670,0
2022-01-11 12:23:00,670,670,670,670,0
2022-01-11 12:24:00,670,670,670,670,0
2022-01-11 12:25:00,670,670,670,670,0
2022-01-11 12:26:00,670,670,670,670,0
2022-01-11 12:27:00,670,670,670,670,0
2022-01-11 12:28:00,670,670,670,670,0
2022-01-11 12:29:00,670,670,670,670,0
2022-01-11 12:30:00,670,670,670,670,0
2022-01-11 12:31:00,670,670,670,670,0
2022-01-11 12:32:00,670,670,670,670,0
2022-01-11 12:33:00,670,670,670,670,0
2022-01-11 12:34:00,670,670,670,670,0
2022-01-11 12:35:00,670,670,670,670,0
2022-01-11 12:36:00,670,670,670,670,0
2022-01-11 12:37:00,670,670,670,670,0
2022-01-11 12:38:00,670,670,670,670,0
2022-01-11 12:39:00,670,670,670,670,0
2022-01-11 12:40:00,670,670,670,670,0
2022-01-11 12:41:00,670,670,670,670,0
2022-01-11 12:42:00,670,670,670,670,0
2022-01-11 12:43:00,670,670,670,670,0
2022-01-11 12:44:00,670,670,670,670,0
2022-01-11 12:45:00,670,670,670,670,0
2022-01-11 12:46:00,670,670,670,670,0
2022-01-11 12:47:00,670,670,670,670,0
2022-01-11 12:48:00,670,670,670,670,0
2022-01-11 12:49:00,670,670,670,670,0
2022-01-11 12:50:00,670,670,670,670,0
2022-01-11 12:51:00,670,670,670,670,0
2022-01-11 12:52:00,670,670,670,670,0
2022-01-11 12:53:00,670,670,670,670,0
2022-01-11 12:54:00,670,670,670,670,0
2022-01-11 12:55:00,670,670,670,670,0
2022-01-11 12:56:00,670,670,670,670,0
2022-01-11 12:57:00,670,670,670,670,0
2022-01-11 12:58:00,670,670,670,670,0
2022-01-11 12:59:00,670,670,670,670,0
2022-01-11 13:00:00,670,670,670,670,0
2022-01-11 13:01:00,670,670,670,670,0
2022-01-11 13:02:00,670,670,670,670,0
2022-01-11 13:03:00,670,670,670,670,0
2022-01-11 13:04:00,670,670,670,670,0
2022-01-11 13:05:00,670,670,670,670,0
2022-01-11 13:06:00,670,670,670,670,0
2022-01-11 13:07:00,670,670,670,670,0
2022-01-11 13:08:00,670,670,670,670,0
2022-01-11 13:09:00,670,670,670,670,0
2022-01-11 13:10:00,670,670,670,670,0
2022-01-11 13:11:00,670,670,670,670,0
2022-01-11 13:12:00,670,670,670,670,0
2022-01-11 13:13:00,670,670,670,670,0
2022-01-11 13:14:00,670,670,670,670,0
2022-01-11 13:15:00,670,670,670,670,0
2022-01-11 13:16:00,670,670,670,670,0
2022-01-11 13:17:00,670,670,670,670,0
2022-01-11 13:18:00,670,670,670,670,0
2022-01-11 13:19:00,670,670,670,670,0
2022-01-11 13:20:00,670,670,670,670,0
2022-01-11 13:21:00,670,670,670,670,0
2022-01-11 13:22:00,670,670,670,670,0
2022-01-11 13:23:00,670,670,670,670,0
2022-01-11 13:24:00,670,670,670,670,0
2022-01-11 13:25:00,670,670,670,670,0
2022-01-11 13:26:00,670,670,670,670,0
2022-01-11 13:27:00,670,670,670,670,0
2022-01-11 13:28:00,670,670,670,670,0
2022-01-11 13:29:00,670,670,670,670,0
2022-01-11 13:30:00,665,665,670,670,400
2022-01-11 13:31:00,665,665,670,670,0
2022-01-11 13:32:00,665,665,665,665,20400
2022-01-11 13:33:00,665,665,665,665,0
2022-01-11 13:34:00,660,660,660,660,400
2022-01-11 13:35:00,665,665,665,665,200
2022-01-11 13:36:00,665,665,665,665,3100
2022-01-11 13:37:00,665,665,665,665,0
2022-01-11 13:38:00,665,665,665,665,0
2022-01-11 13:39:00,665,665,665,665,0
2022-01-11 13:40:00,665,665,665,665,0
2022-01-11 13:41:00,665,665,665,665,0
2022-01-11 13:42:00,665,665,665,665,0
2022-01-11 13:43:00,665,665,665,665,7000
2022-01-11 13:44:00,665,665,665,665,0
2022-01-11 13:45:00,665,665,665,665,0
2022-01-11 13:46:00,660,660,660,660,76700
2022-01-11 13:47:00,665,665,665,665,300
2022-01-11 13:48:00,660,660,660,660,1500
2022-01-11 13:49:00,660,660,660,660,1600
2022-01-11 13:50:00,660,660,660,660,1200
2022-01-11 13:51:00,655,655,660,660,90100
2022-01-11 13:52:00,655,655,660,660,0
2022-01-11 13:53:00,660,655,660,655,1300
2022-01-11 13:54:00,655,655,660,660,800
2022-01-11 13:55:00,655,655,660,660,0
2022-01-11 13:56:00,655,655,660,660,0
2022-01-11 13:57:00,655,655,660,660,0
2022-01-11 13:58:00,660,660,660,660,200
2022-01-11 13:59:00,655,655,660,660,3300
2022-01-11 14:00:00,655,655,660,660,0
2022-01-11 14:01:00,660,660,660,660,300
2022-01-11 14:02:00,660,660,660,660,0
2022-01-11 14:03:00,660,660,660,660,1700
2022-01-11 14:04:00,660,660,660,660,0
2022-01-11 14:05:00,660,660,660,660,0
2022-01-11 14:06:00,660,660,660,660,200
2022-01-11 14:07:00,660,660,660,660,0
2022-01-11 14:08:00,660,660,660,660,0
2022-01-11 14:09:00,660,660,660,660,200
2022-01-11 14:10:00,660,660,660,660,0
2022-01-11 14:11:00,660,660,660,660,1200
2022-01-11 14:12:00,660,660,660,660,0
2022-01-11 14:13:00,660,660,660,660,0
2022-01-11 14:14:00,660,660,660,660,300
2022-01-11 14:15:00,660,660,660,660,0
2022-01-11 14:16:00,655,645,655,645,105000
2022-01-11 14:17:00,660,660,660,660,600
2022-01-11 14:18:00,660,660,665,660,10400
2022-01-11 14:19:00,660,660,665,660,0
2022-01-11 14:20:00,660,660,660,660,200
2022-01-11 14:21:00,660,660,660,660,600
2022-01-11 14:22:00,660,660,660,660,0
2022-01-11 14:23:00,660,660,660,660,200
2022-01-11 14:24:00,660,660,660,660,0
2022-01-11 14:25:00,660,660,660,660,0
2022-01-11 14:26:00,660,660,660,660,0
2022-01-11 14:27:00,660,660,660,660,0
2022-01-11 14:28:00,660,660,660,660,1800
2022-01-11 14:29:00,660,660,660,660,0
2022-01-11 14:30:00,660,660,660,660,0
2022-01-11 14:31:00,660,660,660,660,0
2022-01-11 14:32:00,655,650,655,650,2500
2022-01-11 14:33:00,645,645,655,655,10800
2022-01-11 14:34:00,650,650,650,650,200
2022-01-11 14:35:00,655,645,660,660,22500
2022-01-11 14:36:00,655,645,660,660,0
2022-01-11 14:37:00,655,655,655,655,1500
2022-01-11 14:38:00,655,655,655,655,0
2022-01-11 14:39:00,650,650,655,655,10100
2022-01-11 14:40:00,650,650,650,650,900
2022-01-11 14:41:00,650,650,650,650,0
2022-01-11 14:42:00,650,650,650,650,0
2022-01-11 14:43:00,650,650,655,650,11900
2022-01-11 14:44:00,655,655,655,655,1700
2022-01-11 14:45:00,655,655,655,655,300
2022-01-11 14:46:00,655,655,655,655,600
2022-01-11 14:47:00,655,655,655,655,200
2022-01-11 14:48:00,650,650,650,650,100
2022-01-11 14:49:00,655,655,655,655,10300
2022-01-11 14:50:00,655,655,655,655,0
2022-01-11 14:51:00,655,655,655,655,0
2022-01-11 14:52:00,655,655,655,655,0
2022-01-11 14:53:00,655,655,655,655,0
2022-01-11 14:54:00,655,655,655,655,0
2022-01-11 14:55:00,655,655,655,655,0
2022-01-11 14:56:00,655,655,655,655,0
2022-01-11 14:57:00,655,655,655,655,0
2022-01-11 14:58:00,655,655,655,655,0
2022-01-11 14:59:00,655,655,655,655,0
2022-01-11 15:00:00,655,655,655,655,118500
2022-01-11 15:01:00,655,655,655,655,0
2022-01-11 15:02:00,655,655,655,655,53400
2022-01-11 15:03:00,655,655,655,655,0
2022-01-11 15:04:00,655,655,655,655,0
2022-01-11 15:05:00,655,655,655,655,1600
2022-01-11 15:06:00,655,655,655,655,0
2022-01-11 15:07:00,655,655,655,655,0
2022-01-11 15:08:00,655,655,655,655,0
2022-01-11 15:09:00,655,655,655,655,0
2022-01-11 15:10:00,655,655,655,655,0
2022-01-11 15:11:00,655,655,655,655,0
2022-01-11 15:12:00,655,655,655,655,0
2022-01-11 15:13:00,655,655,655,655,0
2022-01-11 15:14:00,655,655,655,655,0
2022-01-11 15:15:00,655,655,655,655,0
2022-01-11 15:16:00,655,655,655,655,0
2022-01-11 15:17:00,655,655,655,655,0
2022-01-11 15:18:00,655,655,655,655,0
2022-01-11 15:19:00,655,655,655,655,0
2022-01-11 15:20:00,655,655,655,655,0
2022-01-11 15:21:00,655,655,655,655,0
2022-01-11 15:22:00,655,655,655,655,0
2022-01-11 15:23:00,655,655,655,655,0
2022-01-11 15:24:00,655,655,655,655,0
2022-01-11 15:25:00,655,655,655,655,0
2022-01-11 15:26:00,655,655,655,655,0
2022-01-11 15:27:00,655,655,655,655,0
2022-01-11 15:28:00,655,655,655,655,0
2022-01-11 15:29:00,655,655,655,655,0
2022-01-11 15:30:00,655,655,655,655,0
2022-01-11 15:31:00,655,655,655,655,0
2022-01-11 15:32:00,655,655,655,655,0
2022-01-11 15:33:00,655,655,655,655,0
2022-01-11 15:34:00,655,655,655,655,0
2022-01-11 15:35:00,655,655,655,655,0
2022-01-11 15:36:00,655,655,655,655,0
2022-01-11 15:37:00,655,655,655,655,0
2022-01-11 15:38:00,655,655,655,655,0
2022-01-11 15:39:00,655,655,655,655,0
2022-01-11 15:40:00,655,655,655,655,0
2022-01-11 15:41:00,655,655,655,655,0
2022-01-11 15:42:00,655,655,655,655,0
2022-01-11 15:43:00,655,655,655,655,0
2022-01-11 15:44:00,655,655,655,655,0
2022-01-11 15:45:00,655,655,655,655,0
2022-01-11 15:46:00,655,655,655,655,0
2022-01-11 15:47:00,655,655,655,655,0
2022-01-11 15:48:00,655,655,655,655,0
2022-01-11 15:49:00,655,655,655,655,0
2022-01-11 15:50:00,655,655,655,655,0
2022-01-11 15:51:00,655,655,655,655,0
2022-01-11 15:52:00,655,655,655,655,0
2022-01-11 15:53:00,655,655,655,655,0
2022-01-11 15:54:00,655,655,655,655,0
2022-01-11 15:55:00,655,655,655,655,0
2022-01-11 15:56:00,655,655,655,655,0
2022-01-11 15:57:00,655,655,655,655,0
2022-01-11 15:58:00,655,655,655,655,0
2022-01-11 15:59:00,655,655,655,655,0
2022-01-12 09:00:00,655,655,655,655,0
2022-01-12 09:01:00,655,655,655,655,0
2022-01-12 09:02:00,655,655,655,655,0
2022-01-12 09:03:00,655,655,655,655,0
2022-01-12 09:04:00,645,645,645,645,0
2022-01-12 09:05:00,660,660,660,660,6100
2022-01-12 09:06:00,665,665,665,665,30100
2022-01-12 09:07:00,665,665,665,665,35000
2022-01-12 09:08:00,665,660,665,660,29500
2022-01-12 09:09:00,660,660,665,665,10000
2022-01-12 09:10:00,665,665,665,665,15000
2022-01-12 09:11:00,665,665,665,665,17600
2022-01-12 09:12:00,665,665,665,665,47500
2022-01-12 09:13:00,665,665,665,665,27500
2022-01-12 09:14:00,665,665,665,665,0
2022-01-12 09:15:00,665,665,665,665,43500
2022-01-12 09:16:00,665,665,665,665,10500
2022-01-12 09:17:00,665,665,665,665,0
2022-01-12 09:18:00,665,665,665,665,0
2022-01-12 09:19:00,665,665,665,665,0
2022-01-12 09:20:00,665,665,665,665,0
2022-01-12 09:21:00,665,665,665,665,44500
2022-01-12 09:22:00,665,660,665,660,39800
2022-01-12 09:23:00,665,660,665,660,0
2022-01-12 09:24:00,665,665,665,665,300
2022-01-12 09:25:00,665,665,665,665,0
2022-01-12 09:26:00,665,665,665,665,0
2022-01-12 09:27:00,665,665,665,665,0
2022-01-12 09:28:00,665,665,665,665,0
2022-01-12 09:29:00,665,665,665,665,0
2022-01-12 09:30:00,665,665,665,665,0
2022-01-12 09:31:00,665,665,665,665,0
2022-01-12 09:32:00,665,665,665,665,6000
2022-01-12 09:33:00,665,665,665,665,10500
2022-01-12 09:34:00,665,665,665,665,5500
2022-01-12 09:35:00,665,665,665,665,0
2022-01-12 09:36:00,660,660,665,660,8200
2022-01-12 09:37:00,665,665,665,665,200
2022-01-12 09:38:00,660,660,665,665,13300
2022-01-12 09:39:00,660,660,665,665,0
2022-01-12 09:40:00,665,660,665,660,5600
2022-01-12 09:41:00,665,665,665,665,2600
2022-01-12 09:42:00,665,665,665,665,3500
2022-01-12 09:43:00,660,660,665,665,13000
2022-01-12 09:44:00,665,665,665,665,2500
2022-01-12 09:45:00,665,665,665,665,2200
2022-01-12 09:46:00,665,665,665,665,2700
2022-01-12 09:47:00,665,665,665,665,2500
2022-01-12 09:48:00,665,665,665,665,0
2022-01-12 09:49:00,665,660,665,660,6600
2022-01-12 09:50:00,665,660,665,660,0
2022-01-12 09:51:00,665,660,665,660,0
2022-01-12 09:52:00,660,660,660,660,1500
2022-01-12 09:53:00,660,660,660,660,0
2022-01-12 09:54:00,660,660,660,660,0
2022-01-12 09:55:00,660,660,660,660,0
2022-01-12 09:56:00,660,660,660,660,0
2022-01-12 09:57:00,660,660,660,660,0
2022-01-12 09:58:00,660,660,660,660,0
2022-01-12 09:59:00,660,660,660,660,0
2022-01-12 10:00:00,660,660,660,660,0
2022-01-12 10:01:00,660,660,660,660,300
2022-01-12 10:02:00,660,660,660,660,0
2022-01-12 10:03:00,660,660,660,660,0
2022-01-12 10:04:00,660,660,660,660,0
2022-01-12 10:05:00,660,660,660,660,0
2022-01-12 10:06:00,660,660,660,660,0
2022-01-12 10:07:00,660,660,660,660,200
2022-01-12 10:08:00,660,660,660,660,0
2022-01-12 10:09:00,660,660,660,660,0
2022-01-12 10:10:00,660,660,660,660,0
2022-01-12 10:11:00,660,660,660,660,0
2022-01-12 10:12:00,660,660,660,660,0
2022-01-12 10:13:00,660,660,660,660,0
2022-01-12 10:14:00,660,660,660,660,0
2022-01-12 10:15:00,660,660,660,660,0
2022-01-12 10:16:00,660,660,660,660,0
2022-01-12 10:17:00,660,660,660,660,0
2022-01-12 10:18:00,660,660,660,660,0
2022-01-12 10:19:00,660,660,660,660,0
2022-01-12 10:20:00,660,660,660,660,0
2022-01-12 10:21:00,660,660,660,660,0
2022-01-12 10:22:00,660,660,660,660,0
2022-01-12 10:23:00,660,660,660,660,0
2022-01-12 10:24:00,660,660,660,660,0
2022-01-12 10:25:00,660,660,660,660,0
2022-01-12 10:26:00,660,660,660,660,0
2022-01-12 10:27:00,660,660,660,660,0
2022-01-12 10:28:00,660,660,660,660,0
2022-01-12 10:29:00,655,655,655,655,50000
2022-01-12 10:30:00,660,660,660,660,300
2022-01-12 10:31:00,660,660,660,660,0
2022-01-12 10:32:00,660,660,660,660,0
2022-01-12 10:33:00,655,655,655,655,22000
2022-01-12 10:34:00,660,660,660,660,24000
2022-01-12 10:35:00,660,660,660,660,0
2022-01-12 10:36:00,660,660,660,660,0
2022-01-12 10:37:00,660,660,660,660,0
2022-01-12 10:38:00,655,655,655,655,3800
2022-01-12 10:39:00,660,660,660,660,300
2022-01-12 10:40:00,660,660,660,660,0
2022-01-12 10:41:00,660,660,660,660,0
2022-01-12 10:42:00,660,660,660,660,0
2022-01-12 10:43:00,660,660,660,660,0
2022-01-12 10:44:00,660,660,660,660,0
2022-01-12 10:45:00,660,660,660,660,200
2022-01-12 10:46:00,660,660,660,660,0
2022-01-12 10:47:00,660,660,660,660,0
2022-01-12 10:48:00,660,660,660,660,0
2022-01-12 10:49:00,660,660,660,660,0
2022-01-12 10:50:00,660,660,660,660,0
2022-01-12 10:51:00,655,655,660,660,1100
2022-01-12 10:52:00,655,655,660,660,0
2022-01-12 10:53:00,655,655,660,660,0
2022-01-12 10:54:00,660,660,660,660,300
2022-01-12 10:55:00,660,660,660,660,0
2022-01-12 10:56:00,660,660,660,660,0
2022-01-12 10:57:00,660,660,660,660,0
2022-01-12 10:58:00,660,660,660,660,0
2022-01-12 10:59:00,660,660,660,660,200
2022-01-12 11:00:00,660,660,660,660,0
2022-01-12 11:01:00,660,660,660,660,0
2022-01-12 11:02:00,660,660,660,660,0
2022-01-12 11:03:00,660,660,660,660,0
2022-01-12 11:04:00,660,660,660,660,0
2022-01-12 11:05:00,660,660,660,660,0
2022-01-12 11:06:00,660,660,660,660,0
2022-01-12 11:07:00,660,660,660,660,0
2022-01-12 11:08:00,660,660,660,660,0
2022-01-12 11:09:00,655,655,660,660,2800
2022-01-12 11:10:00,655,655,655,655,2500
2022-01-12 11:11:00,660,660,660,660,200
2022-01-12 11:12:00,660,660,660,660,0
2022-01-12 11:13:00,660,660,660,660,0
2022-01-12 11:14:00,660,660,660,660,0
2022-01-12 11:15:00,660,660,660,660,0
2022-01-12 11:16:00,660,660,660,660,300
2022-01-12 11:17:00,660,660,660,660,0
2022-01-12 11:18:00,660,660,660,660,0
2022-01-12 11:19:00,660,660,660,660,200
2022-01-12 11:20:00,660,660,660,660,0
2022-01-12 11:21:00,660,660,660,660,0
2022-01-12 11:22:00,660,660,660,660,200
2022-01-12 11:23:00,660,660,660,660,0
2022-01-12 11:24:00,655,655,655,655,4900
2022-01-12 11:25:00,660,660,660,660,300
2022-01-12 11:26:00,660,660,660,660,0
2022-01-12 11:27:00,660,660,660,660,200
2022-01-12 11:28:00,660,660,660,660,0
2022-01-12 11:29:00,660,660,660,660,300
2022-01-12 11:30:00,660,660,660,660,0
2022-01-12 11:31:00,660,660,660,660,0
2022-01-12 11:32:00,660,660,660,660,0
2022-01-12 11:33:00,660,660,660,660,0
2022-01-12 11:34:00,660,660,660,660,0
2022-01-12 11:35:00,660,660,660,660,0
2022-01-12 11:36:00,660,660,660,660,0
2022-01-12 11:37:00,660,660,660,660,0
2022-01-12 11:38:00,660,660,660,660,0
2022-01-12 11:39:00,660,660,660,660,0
2022-01-12 11:40:00,660,660,660,660,0
2022-01-12 11:41:00,660,660,660,660,0
2022-01-12 11:42:00,660,660,660,660,0
2022-01-12 11:43:00,660,660,660,660,0
2022-01-12 11:44:00,660,660,660,660,0
2022-01-12 11:45:00,660,660,660,660,0
2022-01-12 11:46:00,660,660,660,660,0
2022-01-12 11:47:00,660,660,660,660,0
2022-01-12 11:48:00,660,660,660,660,0
2022-01-12 11:49:00,660,660,660,660,0
2022-01-12 11:50:00,660,660,660,660,0
2022-01-12 11:51:00,660,660,660,660,0
2022-01-12 11:52:00,660,660,660,660,0
2022-01-12 11:53:00,660,660,660,660,0
2022-01-12 11:54:00,660,660,660,660,0
2022-01-12 11:55:00,660,660,660,660,0
2022-01-12 11:56:00,660,660,660,660,0
2022-01-12 11:57:00,660,660,660,660,0
2022-01-12 11:58:00,660,660,660,660,0
2022-01-12 11:59:00,660,660,660,660,0
2022-01-12 12:00:00,660,660,660,660,0
2022-01-12 12:01:00,660,660,660,660,0
2022-01-12 12:02:00,660,660,660,660,0
2022-01-12 12:03:00,660,660,660,660,0
2022-01-12 12:04:00,660,660,660,660,0
2022-01-12 12:05:00,660,660,660,660,0
2022-01-12 12:06:00,660,660,660,660,0
2022-01-12 12:07:00,660,660,660,660,0
2022-01-12 12:08:00,660,660,660,660,0
2022-01-12 12:09:00,660,660,660,660,0
2022-01-12 12:10:00,660,660,660,660,0
2022-01-12 12:11:00,660,660,660,660,0
2022-01-12 12:12:00,660,660,660,660,0
2022-01-12 12:13:00,660,660,660,660,0
2022-01-12 12:14:00,660,660,660,660,0
2022-01-12 12:15:00,660,660,660,660,0
2022-01-12 12:16:00,660,660,660,660,0
2022-01-12 12:17:00,660,660,660,660,0
2022-01-12 12:18:00,660,660,660,660,0
2022-01-12 12:19:00,660,660,660,660,0
2022-01-12 12:20:00,660,660,660,660,0
2022-01-12 12:21:00,660,660,660,660,0
2022-01-12 12:22:00,660,660,660,660,0
2022-01-12 12:23:00,660,660,660,660,0
2022-01-12 12:24:00,660,660,660,660,0
2022-01-12 12:25:00,660,660,660,660,0
2022-01-12 12:26:00,660,660,660,660,0
2022-01-12 12:27:00,660,660,660,660,0
2022-01-12 12:28:00,660,660,660,660,0
2022-01-12 12:29:00,660,660,660,660,0
2022-01-12 12:30:00,660,660,660,660,0
2022-01-12 12:31:00,660,660,660,660,0
2022-01-12 12:32:00,660,660,660,660,0
2022-01-12 12:33:00,660,660,660,660,0
2022-01-12 12:34:00,660,660,660,660,0
2022-01-12 12:35:00,660,660,660,660,0
2022-01-12 12:36:00,660,660,660,660,0
2022-01-12 12:37:00,660,660,660,660,0
2022-01-12 12:38:00,660,660,660,660,0
2022-01-12 12:39:00,660,660,660,660,0
2022-01-12 12:40:00,660,660,660,660,0
2022-01-12 12:41:00,660,660,660,660,0
2022-01-12 12:42:00,660,660,660,660,0
2022-01-12 12:43:00,660,660,660,660,0
2022-01-12 12:44:00,660,660,660,660,0
2022-01-12 12:45:00,660,660,660,660,0
2022-01-12 12:46:00,660,660,660,660,0
2022-01-12 12:47:00,660,660,660,660,0
2022-01-12 12:48:00,660,660,660,660,0
2022-01-12 12:49:00,660,660,660,660,0
2022-01-12 12:50:00,660,660,660,660,0
2022-01-12 12:51:00,660,660,660,660,0
2022-01-12 12:52:00,660,660,660,660,0
2022-01-12 12:53:00,660,660,660,660,0
2022-01-12 12:54:00,660,660,660,660,0
2022-01-12 12:55:00,660,660,660,660,0
2022-01-12 12:56:00,660,660,660,660,0
2022-01-12 12:57:00,660,660,660,660,0
2022-01-12 12:58:00,660,660,660,660,0
2022-01-12 12:59:00,660,660,660,660,0
2022-01-12 13:00:00,660,660,660,660,0
2022-01-12 13:01:00,660,660,660,660,0
2022-01-12 13:02:00,660,660,660,660,0
2022-01-12 13:03:00,660,660,660,660,0
2022-01-12 13:04:00,660,660,660,660,0
2022-01-12 13:05:00,660,660,660,660,0
2022-01-12 13:06:00,660,660,660,660,0
2022-01-12 13:07:00,660,660,660,660,0
2022-01-12 13:08:00,660,660,660,660,0
2022-01-12 13:09:00,660,660,660,660,0
2022-01-12 13:10:00,660,660,660,660,0
2022-01-12 13:11:00,660,660,660,660,0
2022-01-12 13:12:00,660,660,660,660,0
2022-01-12 13:13:00,660,660,660,660,0
2022-01-12 13:14:00,660,660,660,660,0
2022-01-12 13:15:00,660,660,660,660,0
2022-01-12 13:16:00,660,660,660,660,0
2022-01-12 13:17:00,660,660,660,660,0
2022-01-12 13:18:00,660,660,660,660,0
2022-01-12 13:19:00,660,660,660,660,0
2022-01-12 13:20:00,660,660,660,660,0
2022-01-12 13:21:00,660,660,660,660,0
2022-01-12 13:22:00,660,660,660,660,0
2022-01-12 13:23:00,660,660,660,660,0
2022-01-12 13:24:00,660,660,660,660,0
2022-01-12 13:25:00,660,660,660,660,0
2022-01-12 13:26:00,660,660,660,660,0
2022-01-12 13:27:00,660,660,660,660,0
2022-01-12 13:28:00,660,660,660,660,0
2022-01-12 13:29:00,660,660,660,660,0
2022-01-12 13:30:00,655,655,660,660,5300
2022-01-12 13:31:00,655,655,660,660,0
2022-01-12 13:32:00,655,655,660,660,0
2022-01-12 13:33:00,660,660,660,660,200
2022-01-12 13:34:00,660,660,660,660,0
2022-01-12 13:35:00,660,655,660,655,2300
2022-01-12 13:36:00,660,660,660,660,300
2022-01-12 13:37:00,660,660,660,660,3000
2022-01-12 13:38:00,660,660,660,660,0
2022-01-12 13:39:00,660,660,660,660,0
2022-01-12 13:40:00,660,660,660,660,0
2022-01-12 13:41:00,655,655,655,655,2700
2022-01-12 13:42:00,660,660,660,660,200
2022-01-12 13:43:00,655,655,660,660,2700
2022-01-12 13:44:00,660,660,660,660,100
2022-01-12 13:45:00,660,660,660,660,0
2022-01-12 13:46:00,655,655,655,655,2500
2022-01-12 13:47:00,660,660,660,660,200
2022-01-12 13:48:00,660,660,660,660,0
2022-01-12 13:49:00,655,655,660,660,4500
2022-01-12 13:50:00,655,655,660,660,0
2022-01-12 13:51:00,655,655,655,655,1100
2022-01-12 13:52:00,660,660,660,660,300
2022-01-12 13:53:00,660,660,660,660,0
2022-01-12 13:54:00,660,660,660,660,200
2022-01-12 13:55:00,660,660,660,660,0
2022-01-12 13:56:00,660,660,660,660,200
2022-01-12 13:57:00,660,660,660,660,0
2022-01-12 13:58:00,655,655,655,655,2500
2022-01-12 13:59:00,660,660,660,660,3200
2022-01-12 14:00:00,655,655,655,655,1600
2022-01-12 14:01:00,655,655,655,655,3200
2022-01-12 14:02:00,655,655,660,660,5100
2022-01-12 14:03:00,655,655,660,660,0
2022-01-12 14:04:00,655,655,660,660,0
2022-01-12 14:05:00,655,655,660,660,0
2022-01-12 14:06:00,655,655,660,660,0
2022-01-12 14:07:00,655,655,660,660,0
2022-01-12 14:08:00,655,655,660,660,0
2022-01-12 14:09:00,660,660,660,660,200
2022-01-12 14:10:00,660,660,660,660,0
2022-01-12 14:11:00,660,660,660,660,0
2022-01-12 14:12:00,660,660,660,660,0
2022-01-12 14:13:00,660,660,660,660,0
2022-01-12 14:14:00,660,660,660,660,600
2022-01-12 14:15:00,660,660,660,660,0
2022-01-12 14:16:00,660,660,660,660,0
2022-01-12 14:17:00,660,660,660,660,0
2022-01-12 14:18:00,660,660,660,660,0
2022-01-12 14:19:00,660,660,660,660,900
2022-01-12 14:20:00,660,660,660,660,2000
2022-01-12 14:21:00,660,660,660,660,200
2022-01-12 14:22:00,660,660,660,660,0
2022-01-12 14:23:00,660,660,660,660,200
2022-01-12 14:24:00,660,660,660,660,0
2022-01-12 14:25:00,660,660,660,660,300
2022-01-12 14:26:00,655,655,655,655,2000
2022-01-12 14:27:00,660,660,660,660,300
2022-01-12 14:28:00,660,660,660,660,200
2022-01-12 14:29:00,660,660,660,660,2000
2022-01-12 14:30:00,660,660,660,660,0
2022-01-12 14:31:00,660,660,660,660,0
2022-01-12 14:32:00,660,660,660,660,0
2022-01-12 14:33:00,660,660,660,660,300
2022-01-12 14:34:00,660,660,660,660,0
2022-01-12 14:35:00,660,660,660,660,200
2022-01-12 14:36:00,660,660,660,660,1100
2022-01-12 14:37:00,660,660,660,660,1100
2022-01-12 14:38:00,660,660,660,660,0
2022-01-12 14:39:00,660,660,660,660,200
2022-01-12 14:40:00,660,660,660,660,100
2022-01-12 14:41:00,660,660,660,660,300
2022-01-12 14:42:00,660,660,660,660,0
2022-01-12 14:43:00,660,660,660,660,0
2022-01-12 14:44:00,655,655,655,655,3500
2022-01-12 14:45:00,660,660,660,660,500
2022-01-12 14:46:00,660,660,660,660,600
2022-01-12 14:47:00,660,660,660,660,900
2022-01-12 14:48:00,660,660,660,660,1100
2022-01-12 14:49:00,660,660,660,660,1000
2022-01-12 14:50:00,660,660,660,660,0
2022-01-12 14:51:00,660,660,660,660,0
2022-01-12 14:52:00,660,660,660,660,0
2022-01-12 14:53:00,660,660,660,660,0
2022-01-12 14:54:00,660,660,660,660,0
2022-01-12 14:55:00,660,660,660,660,0
2022-01-12 14:56:00,660,660,660,660,0
2022-01-12 14:57:00,660,660,660,660,0
2022-01-12 14:58:00,660,660,660,660,0
2022-01-12 14:59:00,660,660,660,660,0
2022-01-12 15:00:00,655,655,655,655,15500
2022-01-12 15:01:00,655,655,655,655,0
2022-01-12 15:02:00,655,655,655,655,0
2022-01-12 15:03:00,655,655,655,655,0
2022-01-12 15:04:00,655,655,655,655,0
2022-01-12 15:05:00,655,655,655,655,0
2022-01-12 15:06:00,655,655,655,655,0
2022-01-12 15:07:00,655,655,655,655,0
2022-01-12 15:08:00,655,655,655,655,0
2022-01-12 15:09:00,655,655,655,655,0
2022-01-12 15:10:00,655,655,655,655,0
2022-01-12 15:11:00,655,655,655,655,3500
2022-01-12 15:12:00,655,655,655,655,0
2022-01-12 15:13:00,655,655,655,655,200
2022-01-12 15:14:00,655,655,655,655,0
2022-01-12 15:15:00,655,655,655,655,0
2022-01-12 15:16:00,655,655,655,655,0
2022-01-12 15:17:00,655,655,655,655,0
2022-01-12 15:18:00,655,655,655,655,0
2022-01-12 15:19:00,655,655,655,655,0
2022-01-12 15:20:00,655,655,655,655,0
2022-01-12 15:21:00,655,655,655,655,0
2022-01-12 15:22:00,655,655,655,655,0
2022-01-12 15:23:00,655,655,655,655,0
2022-01-12 15:24:00,655,655,655,655,0
2022-01-12 15:25:00,655,655,655,655,0
2022-01-12 15:26:00,655,655,655,655,0
2022-01-12 15:27:00,655,655,655,655,0
2022-01-12 15:28:00,655,655,655,655,0
2022-01-12 15:29:00,655,655,655,655,0
2022-01-12 15:30:00,655,655,655,655,0
2022-01-12 15:31:00,655,655,655,655,0
2022-01-12 15:32:00,655,655,655,655,0
2022-01-12 15:33:00,655,655,655,655,0
2022-01-12 15:34:00,655,655,655,655,0
2022-01-12 15:35:00,655,655,655,655,0
2022-01-12 15:36:00,655,655,655,655,0
2022-01-12 15:37:00,655,655,655,655,0
2022-01-12 15:38:00,655,655,655,655,0
2022-01-12 15:39:00,655,655,655,655,0
2022-01-12 15:40:00,655,655,655,655,0
2022-01-12 15:41:00,655,655,655,655,0
2022-01-12 15:42:00,655,655,655,655,0
2022-01-12 15:43:00,655,655,655,655,0
2022-01-12 15:44:00,655,655,655,655,0
2022-01-12 15:45:00,655,655,655,655,0
2022-01-12 15:46:00,655,655,655,655,0
2022-01-12 15:47:00,655,655,655,655,0
2022-01-12 15:48:00,655,655,655,655,0
2022-01-12 15:49:00,655,655,655,655,0
2022-01-12 15:50:00,655,655,655,655,0
2022-01-12 15:51:00,655,655,655,655,0
2022-01-12 15:52:00,655,655,655,655,0
2022-01-12 15:53:00,655,655,655,655,0
2022-01-12 15:54:00,655,655,655,655,0
2022-01-12 15:55:00,655,655,655,655,0
2022-01-12 15:56:00,655,655,655,655,0
2022-01-12 15:57:00,655,655,655,655,0
2022-01-12 15:58:00,655,655,655,655,0
2022-01-12 15:59:00,655,655,655,655,0
2022-01-13 09:00:00,655,655,655,655,0
2022-01-13 09:01:00,655,655,655,655,0
2022-01-13 09:02:00,665,665,665,665,0
2022-01-13 09:03:00,665,665,665,665,0
2022-01-13 09:04:00,665,665,665,665,0
2022-01-13 09:05:00,665,665,665,665,0
2022-01-13 09:06:00,665,665,665,665,0
2022-01-13 09:07:00,665,665,665,665,0
2022-01-13 09:08:00,665,665,665,665,500
2022-01-13 09:09:00,665,665,665,665,0
2022-01-13 09:10:00,665,665,665,665,0
2022-01-13 09:11:00,665,665,665,665,0
2022-01-13 09:12:00,665,665,665,665,0
2022-01-13 09:13:00,655,655,655,655,3100
2022-01-13 09:14:00,655,655,655,655,0
2022-01-13 09:15:00,655,655,655,655,0
2022-01-13 09:16:00,655,655,655,655,0
2022-01-13 09:17:00,660,660,660,660,35000
2022-01-13 09:18:00,660,660,660,660,10000
2022-01-13 09:19:00,660,660,660,660,8000
2022-01-13 09:20:00,660,660,660,660,100
2022-01-13 09:21:00,660,660,660,660,0
2022-01-13 09:22:00,660,660,660,660,0
2022-01-13 09:23:00,660,660,660,660,0
2022-01-13 09:24:00,660,660,660,660,0
2022-01-13 09:25:00,660,660,660,660,0
2022-01-13 09:26:00,660,660,660,660,0
2022-01-13 09:27:00,660,660,660,660,0
2022-01-13 09:28:00,660,660,660,660,0
2022-01-13 09:29:00,660,660,660,660,0
2022-01-13 09:30:00,660,660,660,660,0
2022-01-13 09:31:00,660,660,660,660,500
2022-01-13 09:32:00,660,660,660,660,0
2022-01-13 09:33:00,655,650,655,650,18000
2022-01-13 09:34:00,650,650,650,650,200
2022-01-13 09:35:00,645,645,645,645,2000
2022-01-13 09:36:00,650,650,650,650,200
2022-01-13 09:37:00,645,645,645,645,9000
2022-01-13 09:38:00,640,640,645,645,41000
2022-01-13 09:39:00,640,640,645,645,0
2022-01-13 09:40:00,640,640,645,645,400
2022-01-13 09:41:00,640,640,645,645,0
2022-01-13 09:42:00,640,640,645,645,0
2022-01-13 09:43:00,645,645,645,645,5000
2022-01-13 09:44:00,645,645,645,645,2500
2022-01-13 09:45:00,640,640,645,645,23200
2022-01-13 09:46:00,640,640,645,645,0
2022-01-13 09:47:00,640,640,645,645,0
2022-01-13 09:48:00,640,640,645,645,0
2022-01-13 09:49:00,640,640,640,640,10000
2022-01-13 09:50:00,645,645,645,645,200
2022-01-13 09:51:00,645,645,645,645,0
2022-01-13 09:52:00,645,645,645,645,0
2022-01-13 09:53:00,645,645,645,645,0
2022-01-13 09:54:00,645,645,645,645,200
2022-01-13 09:55:00,645,645,645,645,10000
2022-01-13 09:56:00,645,645,645,645,0
2022-01-13 09:57:00,645,645,645,645,0
2022-01-13 09:58:00,645,645,645,645,0
2022-01-13 09:59:00,645,645,645,645,0
2022-01-13 10:00:00,645,645,645,645,0
2022-01-13 10:01:00,645,645,645,645,0
2022-01-13 10:02:00,645,645,645,645,0
2022-01-13 10:03:00,645,645,645,645,3000
2022-01-13 10:04:00,645,645,645,645,0
2022-01-13 10:05:00,645,645,645,645,0
2022-01-13 10:06:00,645,645,645,645,19700
2022-01-13 10:07:00,645,645,645,645,0
2022-01-13 10:08:00,650,650,650,650,300
2022-01-13 10:09:00,650,650,650,650,0
2022-01-13 10:10:00,650,650,650,650,0
2022-01-13 10:11:00,650,650,650,650,0
2022-01-13 10:12:00,650,650,650,650,0
2022-01-13 10:13:00,650,650,650,650,1500
2022-01-13 10:14:00,650,650,650,650,0
2022-01-13 10:15:00,650,650,650,650,0
2022-01-13 10:16:00,650,650,650,650,3200
2022-01-13 10:17:00,650,650,650,650,0
2022-01-13 10:18:00,650,650,650,650,200
2022-01-13 10:19:00,650,650,650,650,0
2022-01-13 10:20:00,650,650,650,650,0
2022-01-13 10:21:00,650,650,650,650,0
2022-01-13 10:22:00,650,650,650,650,0
2022-01-13 10:23:00,645,645,645,645,900
2022-01-13 10:24:00,650,650,650,650,2700
2022-01-13 10:25:00,650,650,650,650,0
2022-01-13 10:26:00,650,650,650,650,0
2022-01-13 10:27:00,650,650,650,650,0
2022-01-13 10:28:00,650,650,650,650,0
2022-01-13 10:29:00,650,650,650,650,0
2022-01-13 10:30:00,650,650,650,650,0
2022-01-13 10:31:00,650,650,650,650,0
2022-01-13 10:32:00,650,650,650,650,0
2022-01-13 10:33:00,650,650,650,650,0
2022-01-13 10:34:00,650,650,650,650,0
2022-01-13 10:35:00,650,650,650,650,0
2022-01-13 10:36:00,650,650,650,650,300
2022-01-13 10:37:00,650,650,650,650,0
2022-01-13 10:38:00,650,650,650,650,200
2022-01-13 10:39:00,645,645,645,645,1400
2022-01-13 10:40:00,650,645,650,645,10300
2022-01-13 10:41:00,650,650,650,650,200
2022-01-13 10:42:00,650,650,650,650,0
2022-01-13 10:43:00,650,650,650,650,300
2022-01-13 10:44:00,650,650,650,650,0
2022-01-13 10:45:00,650,650,650,650,300
2022-01-13 10:46:00,650,650,650,650,0
2022-01-13 10:47:00,650,650,650,650,0
2022-01-13 10:48:00,650,650,650,650,200
2022-01-13 10:49:00,650,650,650,650,0
2022-01-13 10:50:00,650,650,650,650,0
2022-01-13 10:51:00,650,650,650,650,300
2022-01-13 10:52:00,650,650,650,650,0
2022-01-13 10:53:00,650,650,650,650,0
2022-01-13 10:54:00,650,650,650,650,0
2022-01-13 10:55:00,650,650,650,650,200
2022-01-13 10:56:00,650,650,650,650,0
2022-01-13 10:57:00,650,650,650,650,0
2022-01-13 10:58:00,650,650,650,650,200
2022-01-13 10:59:00,650,650,650,650,0
2022-01-13 11:00:00,650,650,650,650,20000
2022-01-13 11:01:00,650,650,650,650,300
2022-01-13 11:02:00,650,650,650,650,0
2022-01-13 11:03:00,650,650,650,650,0
2022-01-13 11:04:00,650,650,650,650,0
2022-01-13 11:05:00,650,650,650,650,17500
2022-01-13 11:06:00,655,655,655,655,200
2022-01-13 11:07:00,655,655,655,655,0
2022-01-13 11:08:00,655,655,655,655,200
2022-01-13 11:09:00,655,655,655,655,0
2022-01-13 11:10:00,655,655,655,655,0
2022-01-13 11:11:00,655,655,655,655,300
2022-01-13 11:12:00,655,655,655,655,0
2022-01-13 11:13:00,655,655,655,655,0
2022-01-13 11:14:00,655,655,655,655,500
2022-01-13 11:15:00,655,655,655,655,300
2022-01-13 11:16:00,655,655,655,655,0
2022-01-13 11:17:00,650,650,655,655,18700
2022-01-13 11:18:00,650,650,655,655,0
2022-01-13 11:19:00,650,650,655,655,0
2022-01-13 11:20:00,655,655,655,655,200
2022-01-13 11:21:00,655,655,655,655,0
2022-01-13 11:22:00,655,655,655,655,0
2022-01-13 11:23:00,655,655,655,655,200
2022-01-13 11:24:00,655,655,655,655,0
2022-01-13 11:25:00,655,655,655,655,200
2022-01-13 11:26:00,655,655,655,655,0
2022-01-13 11:27:00,655,655,655,655,300
2022-01-13 11:28:00,655,655,655,655,0
2022-01-13 11:29:00,655,655,655,655,300
2022-01-13 11:30:00,655,655,655,655,0
2022-01-13 11:31:00,655,655,655,655,0
2022-01-13 11:32:00,655,655,655,655,0
2022-01-13 11:33:00,655,655,655,655,0
2022-01-13 11:34:00,655,655,655,655,0
2022-01-13 11:35:00,655,655,655,655,0
2022-01-13 11:36:00,655,655,655,655,0
2022-01-13 11:37:00,655,655,655,655,0
2022-01-13 11:38:00,655,655,655,655,0
2022-01-13 11:39:00,655,655,655,655,0
2022-01-13 11:40:00,655,655,655,655,0
2022-01-13 11:41:00,655,655,655,655,0
2022-01-13 11:42:00,655,655,655,655,0
2022-01-13 11:43:00,655,655,655,655,0
2022-01-13 11:44:00,655,655,655,655,0
2022-01-13 11:45:00,655,655,655,655,0
2022-01-13 11:46:00,655,655,655,655,0
2022-01-13 11:47:00,655,655,655,655,0
2022-01-13 11:48:00,655,655,655,655,0
2022-01-13 11:49:00,655,655,655,655,0
2022-01-13 11:50:00,655,655,655,655,0
2022-01-13 11:51:00,655,655,655,655,0
2022-01-13 11:52:00,655,655,655,655,0
2022-01-13 11:53:00,655,655,655,655,0
2022-01-13 11:54:00,655,655,655,655,0
2022-01-13 11:55:00,655,655,655,655,0
2022-01-13 11:56:00,655,655,655,655,0
2022-01-13 11:57:00,655,655,655,655,0
2022-01-13 11:58:00,655,655,655,655,0
2022-01-13 11:59:00,655,655,655,655,0
2022-01-13 12:00:00,655,655,655,655,0
2022-01-13 12:01:00,655,655,655,655,0
2022-01-13 12:02:00,655,655,655,655,0
2022-01-13 12:03:00,655,655,655,655,0
2022-01-13 12:04:00,655,655,655,655,0
2022-01-13 12:05:00,655,655,655,655,0
2022-01-13 12:06:00,655,655,655,655,0
2022-01-13 12:07:00,655,655,655,655,0
2022-01-13 12:08:00,655,655,655,655,0
2022-01-13 12:09:00,655,655,655,655,0
2022-01-13 12:10:00,655,655,655,655,0
2022-01-13 12:11:00,655,655,655,655,0
2022-01-13 12:12:00,655,655,655,655,0
2022-01-13 12:13:00,655,655,655,655,0
2022-01-13 12:14:00,655,655,655,655,0
2022-01-13 12:15:00,655,655,655,655,0
2022-01-13 12:16:00,655,655,655,655,0
2022-01-13 12:17:00,655,655,655,655,0
2022-01-13 12:18:00,655,655,655,655,0
2022-01-13 12:19:00,655,655,655,655,0
2022-01-13 12:20:00,655,655,655,655,0
2022-01-13 12:21:00,655,655,655,655,0
2022-01-13 12:22:00,655,655,655,655,0
2022-01-13 12:23:00,655,655,655,655,0
2022-01-13 12:24:00,655,655,655,655,0
2022-01-13 12:25:00,655,655,655,655,0
2022-01-13 12:26:00,655,655,655,655,0
2022-01-13 12:27:00,655,655,655,655,0
2022-01-13 12:28:00,655,655,655,655,0
2022-01-13 12:29:00,655,655,655,655,0
2022-01-13 12:30:00,655,655,655,655,0
2022-01-13 12:31:00,655,655,655,655,0
2022-01-13 12:32:00,655,655,655,655,0
2022-01-13 12:33:00,655,655,655,655,0
2022-01-13 12:34:00,655,655,655,655,0
2022-01-13 12:35:00,655,655,655,655,0
2022-01-13 12:36:00,655,655,655,655,0
2022-01-13 12:37:00,655,655,655,655,0
2022-01-13 12:38:00,655,655,655,655,0
2022-01-13 12:39:00,655,655,655,655,0
2022-01-13 12:40:00,655,655,655,655,0
2022-01-13 12:41:00,655,655,655,655,0
2022-01-13 12:42:00,655,655,655,655,0
2022-01-13 12:43:00,655,655,655,655,0
2022-01-13 12:44:00,655,655,655,655,0
2022-01-13 12:45:00,655,655,655,655,0
2022-01-13 12:46:00,655,655,655,655,0
2022-01-13 12:47:00,655,655,655,655,0
2022-01-13 12:48:00,655,655,655,655,0
2022-01-13 12:49:00,655,655,655,655,0
2022-01-13 12:50:00,655,655,655,655,0
2022-01-13 12:51:00,655,655,655,655,0
2022-01-13 12:52:00,655,655,655,655,0
2022-01-13 12:53:00,655,655,655,655,0
2022-01-13 12:54:00,655,655,655,655,0
2022-01-13 12:55:00,655,655,655,655,0
2022-01-13 12:56:00,655,655,655,655,0
2022-01-13 12:57:00,655,655,655,655,0
2022-01-13 12:58:00,655,655,655,655,0
2022-01-13 12:59:00,655,655,655,655,0
2022-01-13 13:00:00,655,655,655,655,0
2022-01-13 13:01:00,655,655,655,655,0
2022-01-13 13:02:00,655,655,655,655,0
2022-01-13 13:03:00,655,655,655,655,0
2022-01-13 13:04:00,655,655,655,655,0
2022-01-13 13:05:00,655,655,655,655,0
2022-01-13 13:06:00,655,655,655,655,0
2022-01-13 13:07:00,655,655,655,655,0
2022-01-13 13:08:00,655,655,655,655,0
2022-01-13 13:09:00,655,655,655,655,0
2022-01-13 13:10:00,655,655,655,655,0
2022-01-13 13:11:00,655,655,655,655,0
2022-01-13 13:12:00,655,655,655,655,0
2022-01-13 13:13:00,655,655,655,655,0
2022-01-13 13:14:00,655,655,655,655,0
2022-01-13 13:15:00,655,655,655,655,0
2022-01-13 13:16:00,655,655,655,655,0
2022-01-13 13:17:00,655,655,655,655,0
2022-01-13 13:18:00,655,655,655,655,0
2022-01-13 13:19:00,655,655,655,655,0
2022-01-13 13:20:00,655,655,655,655,0
2022-01-13 13:21:00,655,655,655,655,0
2022-01-13 13:22:00,655,655,655,655,0
2022-01-13 13:23:00,655,655,655,655,0
2022-01-13 13:24:00,655,655,655,655,0
2022-01-13 13:25:00,655,655,655,655,0
2022-01-13 13:26:00,655,655,655,655,0
2022-01-13 13:27:00,655,655,655,655,0
2022-01-13 13:28:00,655,655,655,655,0
2022-01-13 13:29:00,655,655,655,655,0
2022-01-13 13:30:00,655,655,655,655,0
2022-01-13 13:31:00,655,655,655,655,0
2022-01-13 13:32:00,655,655,655,655,0
2022-01-13 13:33:00,655,655,655,655,0
2022-01-13 13:34:00,655,655,655,655,300
2022-01-13 13:35:00,655,655,655,655,0
2022-01-13 13:36:00,655,655,655,655,0
2022-01-13 13:37:00,655,655,655,655,0
2022-01-13 13:38:00,655,655,655,655,0
2022-01-13 13:39:00,655,655,655,655,0
2022-01-13 13:40:00,655,655,655,655,0
2022-01-13 13:41:00,655,655,655,655,3000
2022-01-13 13:42:00,655,655,655,655,0
2022-01-13 13:43:00,655,655,655,655,0
2022-01-13 13:44:00,655,655,655,655,0
2022-01-13 13:45:00,655,655,655,655,200
2022-01-13 13:46:00,650,650,650,650,10000
2022-01-13 13:47:00,655,655,655,655,200
2022-01-13 13:48:00,655,655,655,655,0
2022-01-13 13:49:00,655,655,655,655,0
2022-01-13 13:50:00,655,655,655,655,0
2022-01-13 13:51:00,655,655,655,655,1900
2022-01-13 13:52:00,655,655,655,655,0
2022-01-13 13:53:00,655,655,655,655,0
2022-01-13 13:54:00,655,655,655,655,0
2022-01-13 13:55:00,655,655,655,655,200
2022-01-13 13:56:00,655,655,655,655,0
2022-01-13 13:57:00,655,655,655,655,0
2022-01-13 13:58:00,655,655,655,655,0
2022-01-13 13:59:00,655,655,655,655,0
2022-01-13 14:00:00,655,655,655,655,300
2022-01-13 14:01:00,655,655,655,655,0
2022-01-13 14:02:00,655,655,655,655,0
2022-01-13 14:03:00,655,655,655,655,0
2022-01-13 14:04:00,655,655,655,655,2000
2022-01-13 14:05:00,655,655,655,655,0
2022-01-13 14:06:00,655,655,655,655,0
2022-01-13 14:07:00,655,655,655,655,0
2022-01-13 14:08:00,655,655,655,655,0
2022-01-13 14:09:00,655,655,655,655,0
2022-01-13 14:10:00,655,650,655,650,5200
2022-01-13 14:11:00,650,650,655,655,800
2022-01-13 14:12:00,650,650,655,655,0
2022-01-13 14:13:00,650,650,650,650,1300
2022-01-13 14:14:00,650,650,655,655,900
2022-01-13 14:15:00,650,650,655,655,0
2022-01-13 14:16:00,650,650,655,655,0
2022-01-13 14:17:00,655,655,655,655,2400
2022-01-13 14:18:00,655,655,655,655,0
2022-01-13 14:19:00,655,655,655,655,0
2022-01-13 14:20:00,655,655,655,655,200
2022-01-13 14:21:00,655,655,655,655,0
2022-01-13 14:22:00,655,655,655,655,0
2022-01-13 14:23:00,655,655,655,655,0
2022-01-13 14:24:00,655,655,655,655,0
2022-01-13 14:25:00,655,655,655,655,200
2022-01-13 14:26:00,655,655,655,655,0
2022-01-13 14:27:00,655,655,655,655,0
2022-01-13 14:28:00,655,655,655,655,200
2022-01-13 14:29:00,655,655,655,655,0
2022-01-13 14:30:00,655,655,655,655,1400
2022-01-13 14:31:00,655,655,655,655,0
2022-01-13 14:32:00,655,655,655,655,0
2022-01-13 14:33:00,655,655,655,655,0
2022-01-13 14:34:00,655,655,655,655,0
2022-01-13 14:35:00,655,655,655,655,0
2022-01-13 14:36:00,655,655,655,655,3300
2022-01-13 14:37:00,655,655,655,655,0
2022-01-13 14:38:00,655,655,655,655,0
2022-01-13 14:39:00,655,655,655,655,200
2022-01-13 14:40:00,655,655,655,655,0
2022-01-13 14:41:00,655,655,655,655,0
2022-01-13 14:42:00,655,655,655,655,0
2022-01-13 14:43:00,655,655,655,655,0
2022-01-13 14:44:00,655,655,655,655,0
2022-01-13 14:45:00,655,655,655,655,0
2022-01-13 14:46:00,655,655,655,655,0
2022-01-13 14:47:00,655,655,655,655,0
2022-01-13 14:48:00,655,655,655,655,0
2022-01-13 14:49:00,655,655,655,655,0
2022-01-13 14:50:00,655,655,655,655,0
2022-01-13 14:51:00,655,655,655,655,0
2022-01-13 14:52:00,655,655,655,655,0
2022-01-13 14:53:00,655,655,655,655,0
2022-01-13 14:54:00,655,655,655,655,0
2022-01-13 14:55:00,655,655,655,655,0
2022-01-13 14:56:00,655,655,655,655,0
2022-01-13 14:57:00,655,655,655,655,0
2022-01-13 14:58:00,655,655,655,655,0
2022-01-13 14:59:00,655,655,655,655,0
2022-01-13 15:00:00,655,655,655,655,348700
2022-01-13 15:01:00,655,655,655,655,0
2022-01-13 15:02:00,655,655,655,655,0
2022-01-13 15:03:00,655,655,655,655,9000
2022-01-13 15:04:00,655,655,655,655,0
2022-01-13 15:05:00,655,655,655,655,0
2022-01-13 15:06:00,655,655,655,655,0
2022-01-13 15:07:00,655,655,655,655,0
2022-01-13 15:08:00,655,655,655,655,0
2022-01-13 15:09:00,655,655,655,655,0
2022-01-13 15:10:00,655,655,655,655,0
2022-01-13 15:11:00,655,655,655,655,0
2022-01-13 15:12:00,655,655,655,655,0
2022-01-13 15:13:00,655,655,655,655,0
2022-01-13 15:14:00,655,655,655,655,0
2022-01-13 15:15:00,655,655,655,655,0
2022-01-13 15:16:00,655,655,655,655,0
2022-01-13 15:17:00,655,655,655,655,0
2022-01-13 15:18:00,655,655,655,655,0
2022-01-13 15:19:00,655,655,655,655,0
2022-01-13 15:20:00,655,655,655,655,0
2022-01-13 15:21:00,655,655,655,655,0
2022-01-13 15:22:00,655,655,655,655,0
2022-01-13 15:23:00,655,655,655,655,0
2022-01-13 15:24:00,655,655,655,655,0
2022-01-13 15:25:00,655,655,655,655,0
2022-01-13 15:26:00,655,655,655,655,0
2022-01-13 15:27:00,655,655,655,655,0
2022-01-13 15:28:00,655,655,655,655,0
2022-01-13 15:29:00,655,655,655,655,0
2022-01-13 15:30:00,655,655,655,655,0
2022-01-13 15:31:00,655,655,655,655,0
2022-01-13 15:32:00,655,655,655,655,0
2022-01-13 15:33:00,655,655,655,655,0
2022-01-13 15:34:00,655,655,655,655,0
2022-01-13 15:35:00,655,655,655,655,0
2022-01-13 15:36:00,655,655,655,655,0
2022-01-13 15:37:00,655,655,655,655,0
2022-01-13 15:38:00,655,655,655,655,0
2022-01-13 15:39:00,655,655,655,655,0
2022-01-13 15:40:00,655,655,655,655,0
2022-01-13 15:41:00,655,655,655,655,0
2022-01-13 15:42:00,655,655,655,655,0
2022-01-13 15:43:00,655,655,655,655,0
2022-01-13 15:44:00,655,655,655,655,0
2022-01-13 15:45:00,655,655,655,655,0
2022-01-13 15:46:00,655,655,655,655,0
2022-01-13 15:47:00,655,655,655,655,0
2022-01-13 15:48:00,655,655,655,655,0
2022-01-13 15:49:00,655,655,655,655,0
2022-01-13 15:50:00,655,655,655,655,0
2022-01-13 15:51:00,655,655,655,655,0
2022-01-13 15:52:00,655,655,655,655,0
2022-01-13 15:53:00,655,655,655,655,0
2022-01-13 15:54:00,655,655,655,655,0
2022-01-13 15:55:00,655,655,655,655,0
2022-01-13 15:56:00,655,655,655,655,0
2022-01-13 15:57:00,655,655,655,655,0
2022-01-13 15:58:00,655,655,655,655,0
2022-01-13 15:59:00,655,655,655,655,0
2022-01-14 09:00:00,655,655,655,655,0
2022-01-14 09:01:00,655,655,655,655,0
2022-01-14 09:02:00,645,645,650,650,36200
2022-01-14 09:03:00,650,650,650,650,6900
2022-01-14 09:04:00,650,650,650,650,1500
2022-01-14 09:05:00,650,650,650,650,0
2022-01-14 09:06:00,650,650,650,650,1000
2022-01-14 09:07:00,650,650,650,650,1500
2022-01-14 09:08:00,645,645,645,645,2100
2022-01-14 09:09:00,645,645,645,645,1000
2022-01-14 09:10:00,640,640,640,640,2000
2022-01-14 09:11:00,645,640,645,640,10200
2022-01-14 09:12:00,645,645,645,645,300
2022-01-14 09:13:00,645,645,645,645,0
2022-01-14 09:14:00,645,645,645,645,0
2022-01-14 09:15:00,645,645,645,645,0
2022-01-14 09:16:00,645,645,645,645,0
2022-01-14 09:17:00,645,645,645,645,0
2022-01-14 09:18:00,645,645,645,645,0
2022-01-14 09:19:00,645,645,645,645,1100
2022-01-14 09:20:00,645,645,645,645,0
2022-01-14 09:21:00,645,645,645,645,0
2022-01-14 09:22:00,645,645,645,645,0
2022-01-14 09:23:00,645,645,645,645,0
2022-01-14 09:24:00,640,640,640,640,14400
2022-01-14 09:25:00,645,645,645,645,200
2022-01-14 09:26:00,645,645,645,645,0
2022-01-14 09:27:00,645,645,645,645,0
2022-01-14 09:28:00,645,645,645,645,0
2022-01-14 09:29:00,645,645,645,645,0
2022-01-14 09:30:00,640,635,640,635,140000
2022-01-14 09:31:00,635,635,635,635,3700
2022-01-14 09:32:00,635,630,635,630,93500
2022-01-14 09:33:00,640,640,640,640,5500
2022-01-14 09:34:00,640,640,640,640,0
2022-01-14 09:35:00,640,640,640,640,1600
2022-01-14 09:36:00,640,640,640,640,0
2022-01-14 09:37:00,640,640,640,640,0
2022-01-14 09:38:00,640,640,640,640,3600
2022-01-14 09:39:00,640,640,640,640,0
2022-01-14 09:40:00,640,640,640,640,0
2022-01-14 09:41:00,640,640,640,640,0
2022-01-14 09:42:00,640,640,640,640,200
2022-01-14 09:43:00,640,640,640,640,500
2022-01-14 09:44:00,635,635,640,640,4400
2022-01-14 09:45:00,635,635,635,635,200
2022-01-14 09:46:00,640,640,640,640,200
2022-01-14 09:47:00,640,640,640,640,0
2022-01-14 09:48:00,640,640,640,640,100
2022-01-14 09:49:00,640,640,640,640,0
2022-01-14 09:50:00,640,640,640,640,0
2022-01-14 09:51:00,640,640,640,640,0
2022-01-14 09:52:00,640,640,640,640,0
2022-01-14 09:53:00,640,640,640,640,0
2022-01-14 09:54:00,640,640,640,640,0
2022-01-14 09:55:00,640,640,640,640,0
2022-01-14 09:56:00,635,635,640,640,2200
2022-01-14 09:57:00,635,635,640,640,0
2022-01-14 09:58:00,640,640,640,640,1000
2022-01-14 09:59:00,640,640,640,640,0
2022-01-14 10:00:00,640,640,640,640,0
2022-01-14 10:01:00,640,640,640,640,0
2022-01-14 10:02:00,640,640,640,640,0
2022-01-14 10:03:00,640,640,640,640,0
2022-01-14 10:04:00,640,640,640,640,0
2022-01-14 10:05:00,640,640,640,640,0
2022-01-14 10:06:00,635,635,640,640,1200
2022-01-14 10:07:00,635,635,640,640,0
2022-01-14 10:08:00,635,635,640,640,0
2022-01-14 10:09:00,635,635,640,640,0
2022-01-14 10:10:00,635,635,640,640,0
2022-01-14 10:11:00,635,635,640,640,0
2022-01-14 10:12:00,635,635,640,640,0
2022-01-14 10:13:00,635,635,640,640,0
2022-01-14 10:14:00,635,635,640,640,0
2022-01-14 10:15:00,640,640,640,640,1200
2022-01-14 10:16:00,640,640,640,640,0
2022-01-14 10:17:00,640,640,640,640,0
2022-01-14 10:18:00,640,640,640,640,0
2022-01-14 10:19:00,640,640,640,640,0
2022-01-14 10:20:00,635,635,640,640,700
2022-01-14 10:21:00,635,635,640,640,0
2022-01-14 10:22:00,635,635,640,640,0
2022-01-14 10:23:00,635,635,640,640,0
2022-01-14 10:24:00,635,635,640,640,0
2022-01-14 10:25:00,635,635,640,640,0
2022-01-14 10:26:00,635,635,640,640,0
2022-01-14 10:27:00,635,635,640,640,0
2022-01-14 10:28:00,635,635,640,640,0
2022-01-14 10:29:00,635,635,640,640,0
2022-01-14 10:30:00,635,635,640,640,0
2022-01-14 10:31:00,635,635,640,640,0
2022-01-14 10:32:00,640,640,640,640,200
2022-01-14 10:33:00,640,640,640,640,0
2022-01-14 10:34:00,640,640,640,640,0
2022-01-14 10:35:00,635,625,635,625,111100
2022-01-14 10:36:00,630,630,630,630,1000
2022-01-14 10:37:00,625,625,630,630,11100
2022-01-14 10:38:00,625,625,630,630,0
2022-01-14 10:39:00,625,625,630,630,0
2022-01-14 10:40:00,625,625,630,630,0
2022-01-14 10:41:00,625,625,630,630,0
2022-01-14 10:42:00,625,625,630,630,0
2022-01-14 10:43:00,630,630,630,630,100
2022-01-14 10:44:00,630,630,630,630,0
2022-01-14 10:45:00,640,640,640,640,300
2022-01-14 10:46:00,640,640,640,640,0
2022-01-14 10:47:00,640,640,640,640,0
2022-01-14 10:48:00,640,640,640,640,0
2022-01-14 10:49:00,640,640,640,640,0
2022-01-14 10:50:00,640,640,640,640,0
2022-01-14 10:51:00,640,640,640,640,0
2022-01-14 10:52:00,635,625,635,625,101000
2022-01-14 10:53:00,640,640,640,640,65200
2022-01-14 10:54:00,640,640,640,640,0
2022-01-14 10:55:00,640,640,640,640,0
2022-01-14 10:56:00,640,640,640,640,1200
2022-01-14 10:57:00,640,640,640,640,0
2022-01-14 10:58:00,640,640,640,640,0
2022-01-14 10:59:00,640,640,640,640,0
2022-01-14 11:00:00,640,640,640,640,0
2022-01-14 11:01:00,640,640,640,640,1400
2022-01-14 11:02:00,640,640,640,640,0
2022-01-14 11:03:00,640,640,640,640,0
2022-01-14 11:04:00,640,640,640,640,0
2022-01-14 11:05:00,640,640,640,640,0
2022-01-14 11:06:00,640,640,640,640,0
2022-01-14 11:07:00,640,640,640,640,200
2022-01-14 11:08:00,640,640,640,640,0
2022-01-14 11:09:00,640,640,640,640,0
2022-01-14 11:10:00,640,640,640,640,0
2022-01-14 11:11:00,640,640,640,640,0
2022-01-14 11:12:00,640,640,640,640,0
2022-01-14 11:13:00,640,640,640,640,0
2022-01-14 11:14:00,640,640,640,640,2800
2022-01-14 11:15:00,640,640,640,640,31100
2022-01-14 11:16:00,640,640,640,640,0
2022-01-14 11:17:00,640,640,640,640,0
2022-01-14 11:18:00,640,640,640,640,300
2022-01-14 11:19:00,640,640,640,640,0
2022-01-14 11:20:00,640,640,640,640,0
2022-01-14 11:21:00,640,640,640,640,0
2022-01-14 11:22:00,640,640,640,640,200
2022-01-14 11:23:00,640,640,640,640,0
2022-01-14 11:24:00,640,640,640,640,0
2022-01-14 11:25:00,640,640,640,640,300
2022-01-14 11:26:00,640,640,640,640,0
2022-01-14 11:27:00,640,640,640,640,200
2022-01-14 11:28:00,635,635,640,640,2200
2022-01-14 11:29:00,640,640,640,640,500
2022-01-14 11:30:00,640,640,640,640,0
2022-01-14 11:31:00,640,640,640,640,0
2022-01-14 11:32:00,640,640,640,640,0
2022-01-14 11:33:00,640,640,640,640,0
2022-01-14 11:34:00,640,640,640,640,0
2022-01-14 11:35:00,640,640,640,640,0
2022-01-14 11:36:00,640,640,640,640,0
2022-01-14 11:37:00,640,640,640,640,0
2022-01-14 11:38:00,640,640,640,640,0
2022-01-14 11:39:00,640,640,640,640,0
2022-01-14 11:40:00,640,640,640,640,0
2022-01-14 11:41:00,640,640,640,640,0
2022-01-14 11:42:00,640,640,640,640,0
2022-01-14 11:43:00,640,640,640,640,0
2022-01-14 11:44:00,640,640,640,640,0
2022-01-14 11:45:00,640,640,640,640,0
2022-01-14 11:46:00,640,640,640,640,0
2022-01-14 11:47:00,640,640,640,640,0
2022-01-14 11:48:00,640,640,640,640,0
2022-01-14 11:49:00,640,640,640,640,0
2022-01-14 11:50:00,640,640,640,640,0
2022-01-14 11:51:00,640,640,640,640,0
2022-01-14 11:52:00,640,640,640,640,0
2022-01-14 11:53:00,640,640,640,640,0
2022-01-14 11:54:00,640,640,640,640,0
2022-01-14 11:55:00,640,640,640,640,0
2022-01-14 11:56:00,640,640,640,640,0
2022-01-14 11:57:00,640,640,640,640,0
2022-01-14 11:58:00,640,640,640,640,0
2022-01-14 11:59:00,640,640,640,640,0
2022-01-14 12:00:00,640,640,640,640,0
2022-01-14 12:01:00,640,640,640,640,0
2022-01-14 12:02:00,640,640,640,640,0
2022-01-14 12:03:00,640,640,640,640,0
2022-01-14 12:04:00,640,640,640,640,0
2022-01-14 12:05:00,640,640,640,640,0
2022-01-14 12:06:00,640,640,640,640,0
2022-01-14 12:07:00,640,640,640,640,0
2022-01-14 12:08:00,640,640,640,640,0
2022-01-14 12:09:00,640,640,640,640,0
2022-01-14 12:10:00,640,640,640,640,0
2022-01-14 12:11:00,640,640,640,640,0
2022-01-14 12:12:00,640,640,640,640,0
2022-01-14 12:13:00,640,640,640,640,0
2022-01-14 12:14:00,640,640,640,640,0
2022-01-14 12:15:00,640,640,640,640,0
2022-01-14 12:16:00,640,640,640,640,0
2022-01-14 12:17:00,640,640,640,640,0
2022-01-14 12:18:00,640,640,640,640,0
2022-01-14 12:19:00,640,640,640,640,0
2022-01-14 12:20:00,640,640,640,640,0
2022-01-14 12:21:00,640,640,640,640,0
2022-01-14 12:22:00,640,640,640,640,0
2022-01-14 12:23:00,640,640,640,640,0
2022-01-14 12:24:00,640,640,640,640,0
2022-01-14 12:25:00,640,640,640,640,0
2022-01-14 12:26:00,640,640,640,640,0
2022-01-14 12:27:00,640,640,640,640,0
2022-01-14 12:28:00,640,640,640,640,0
2022-01-14 12:29:00,640,640,640,640,0
2022-01-14 12:30:00,640,640,640,640,0
2022-01-14 12:31:00,640,640,640,640,0
2022-01-14 12:32:00,640,640,640,640,0
2022-01-14 12:33:00,640,640,640,640,0
2022-01-14 12:34:00,640,640,640,640,0
2022-01-14 12:35:00,640,640,640,640,0
2022-01-14 12:36:00,640,640,640,640,0
2022-01-14 12:37:00,640,640,640,640,0
2022-01-14 12:38:00,640,640,640,640,0
2022-01-14 12:39:00,640,640,640,640,0
2022-01-14 12:40:00,640,640,640,640,0
2022-01-14 12:41:00,640,640,640,640,0
2022-01-14 12:42:00,640,640,640,640,0
2022-01-14 12:43:00,640,640,640,640,0
2022-01-14 12:44:00,640,640,640,640,0
2022-01-14 12:45:00,640,640,640,640,0
2022-01-14 12:46:00,640,640,640,640,0
2022-01-14 12:47:00,640,640,640,640,0
2022-01-14 12:48:00,640,640,640,640,0
2022-01-14 12:49:00,640,640,640,640,0
2022-01-14 12:50:00,640,640,640,640,0
2022-01-14 12:51:00,640,640,640,640,0
2022-01-14 12:52:00,640,640,640,640,0
2022-01-14 12:53:00,640,640,640,640,0
2022-01-14 12:54:00,640,640,640,640,0
2022-01-14 12:55:00,640,640,640,640,0
2022-01-14 12:56:00,640,640,640,640,0
2022-01-14 12:57:00,640,640,640,640,0
2022-01-14 12:58:00,640,640,640,640,0
2022-01-14 12:59:00,640,640,640,640,0
2022-01-14 13:00:00,640,640,640,640,0
2022-01-14 13:01:00,640,640,640,640,0
2022-01-14 13:02:00,640,640,640,640,0
2022-01-14 13:03:00,640,640,640,640,0
2022-01-14 13:04:00,640,640,640,640,0
2022-01-14 13:05:00,640,640,640,640,0
2022-01-14 13:06:00,640,640,640,640,0
2022-01-14 13:07:00,640,640,640,640,0
2022-01-14 13:08:00,640,640,640,640,0
2022-01-14 13:09:00,640,640,640,640,0
2022-01-14 13:10:00,640,640,640,640,0
2022-01-14 13:11:00,640,640,640,640,0
2022-01-14 13:12:00,640,640,640,640,0
2022-01-14 13:13:00,640,640,640,640,0
2022-01-14 13:14:00,640,640,640,640,0
2022-01-14 13:15:00,640,640,640,640,0
2022-01-14 13:16:00,640,640,640,640,0
2022-01-14 13:17:00,640,640,640,640,0
2022-01-14 13:18:00,640,640,640,640,0
2022-01-14 13:19:00,640,640,640,640,0
2022-01-14 13:20:00,640,640,640,640,0
2022-01-14 13:21:00,640,640,640,640,0
2022-01-14 13:22:00,640,640,640,640,0
2022-01-14 13:23:00,640,640,640,640,0
2022-01-14 13:24:00,640,640,640,640,0
2022-01-14 13:25:00,640,640,640,640,0
2022-01-14 13:26:00,640,640,640,640,0
2022-01-14 13:27:00,640,640,640,640,0
2022-01-14 13:28:00,640,640,640,640,0
2022-01-14 13:29:00,640,640,640,640,0
2022-01-14 13:30:00,635,635,640,640,4900
2022-01-14 13:31:00,635,635,640,640,0
2022-01-14 13:32:00,640,640,640,640,1200
2022-01-14 13:33:00,640,640,640,640,0
2022-01-14 13:34:00,640,640,640,640,0
2022-01-14 13:35:00,640,640,640,640,0
2022-01-14 13:36:00,640,640,640,640,1100
2022-01-14 13:37:00,635,635,635,635,2700
2022-01-14 13:38:00,640,640,640,640,200
2022-01-14 13:39:00,640,640,640,640,0
2022-01-14 13:40:00,640,640,640,640,0
2022-01-14 13:41:00,640,640,640,640,0
2022-01-14 13:42:00,640,640,640,640,0
2022-01-14 13:43:00,640,640,640,640,0
2022-01-14 13:44:00,640,640,640,640,0
2022-01-14 13:45:00,640,640,640,640,200
2022-01-14 13:46:00,640,640,640,640,0
2022-01-14 13:47:00,640,640,640,640,0
2022-01-14 13:48:00,640,640,640,640,0
2022-01-14 13:49:00,640,640,640,640,0
2022-01-14 13:50:00,640,640,640,640,200
2022-01-14 13:51:00,640,640,640,640,0
2022-01-14 13:52:00,640,640,640,640,0
2022-01-14 13:53:00,640,640,640,640,0
2022-01-14 13:54:00,640,640,640,640,0
2022-01-14 13:55:00,640,640,640,640,0
2022-01-14 13:56:00,640,640,640,640,300
2022-01-14 13:57:00,640,640,640,640,0
2022-01-14 13:58:00,640,640,640,640,0
2022-01-14 13:59:00,640,640,640,640,0
2022-01-14 14:00:00,640,640,640,640,200
2022-01-14 14:01:00,640,640,640,640,0
2022-01-14 14:02:00,640,640,640,640,200
2022-01-14 14:03:00,640,640,640,640,0
2022-01-14 14:04:00,640,640,640,640,0
2022-01-14 14:05:00,640,640,640,640,0
2022-01-14 14:06:00,640,640,640,640,0
2022-01-14 14:07:00,640,635,640,635,300
2022-01-14 14:08:00,640,640,640,640,200
2022-01-14 14:09:00,640,640,640,640,0
2022-01-14 14:10:00,640,640,640,640,300
2022-01-14 14:11:00,640,640,640,640,0
2022-01-14 14:12:00,640,640,640,640,0
2022-01-14 14:13:00,640,640,640,640,0
2022-01-14 14:14:00,640,640,640,640,200
2022-01-14 14:15:00,640,640,640,640,0
2022-01-14 14:16:00,640,640,640,640,0
2022-01-14 14:17:00,640,640,640,640,0
2022-01-14 14:18:00,640,640,640,640,0
2022-01-14 14:19:00,640,640,640,640,0
2022-01-14 14:20:00,640,640,640,640,200
2022-01-14 14:21:00,640,640,640,640,1700
2022-01-14 14:22:00,640,640,640,640,0
2022-01-14 14:23:00,640,640,640,640,0
2022-01-14 14:24:00,640,640,640,640,1000
2022-01-14 14:25:00,640,640,640,640,1500
2022-01-14 14:26:00,635,635,640,640,1200
2022-01-14 14:27:00,635,635,640,640,0
2022-01-14 14:28:00,640,640,640,640,400
2022-01-14 14:29:00,640,640,640,640,0
2022-01-14 14:30:00,640,640,640,640,200
2022-01-14 14:31:00,640,640,640,640,0
2022-01-14 14:32:00,640,640,640,640,0
2022-01-14 14:33:00,640,640,640,640,0
2022-01-14 14:34:00,640,640,640,640,300
2022-01-14 14:35:00,640,640,640,640,0
2022-01-14 14:36:00,640,640,640,640,0
2022-01-14 14:37:00,640,640,640,640,200
2022-01-14 14:38:00,640,640,640,640,1200
2022-01-14 14:39:00,640,640,640,640,100
2022-01-14 14:40:00,640,635,640,640,1400
2022-01-14 14:41:00,640,635,640,640,0
2022-01-14 14:42:00,640,640,640,640,200
2022-01-14 14:43:00,640,640,640,640,300
2022-01-14 14:44:00,640,640,640,640,0
2022-01-14 14:45:00,640,640,640,640,300
2022-01-14 14:46:00,640,640,640,640,200
2022-01-14 14:47:00,640,640,640,640,300
2022-01-14 14:48:00,640,640,640,640,300
2022-01-14 14:49:00,640,640,645,645,41300
2022-01-14 14:50:00,640,640,645,645,0
2022-01-14 14:51:00,640,640,645,645,0
2022-01-14 14:52:00,640,640,645,645,0
2022-01-14 14:53:00,640,640,645,645,0
2022-01-14 14:54:00,640,640,645,645,0
2022-01-14 14:55:00,640,640,645,645,0
2022-01-14 14:56:00,640,640,645,645,0
2022-01-14 14:57:00,640,640,645,645,0
2022-01-14 14:58:00,640,640,645,645,0
2022-01-14 14:59:00,640,640,645,645,0
2022-01-14 15:00:00,640,640,640,640,15700
2022-01-14 15:01:00,640,640,640,640,0
2022-01-14 15:02:00,640,640,640,640,0
2022-01-14 15:03:00,640,640,640,640,10000
2022-01-14 15:04:00,640,640,640,640,200
2022-01-14 15:05:00,640,640,640,640,0
2022-01-14 15:06:00,640,640,640,640,0
2022-01-14 15:07:00,640,640,640,640,0
2022-01-14 15:08:00,640,640,640,640,0
2022-01-14 15:09:00,640,640,640,640,0
2022-01-14 15:10:00,640,640,640,640,0
2022-01-14 15:11:00,640,640,640,640,0
2022-01-14 15:12:00,640,640,640,640,0
2022-01-14 15:13:00,640,640,640,640,0
2022-01-14 15:14:00,640,640,640,640,0
2022-01-14 15:15:00,640,640,640,640,763100
2022-01-14 15:16:00,640,640,640,640,0
2022-01-14 15:17:00,640,640,640,640,0
2022-01-14 15:18:00,640,640,640,640,0
2022-01-14 15:19:00,640,640,640,640,0
2022-01-14 15:20:00,640,640,640,640,0
2022-01-14 15:21:00,640,640,640,640,0
2022-01-14 15:22:00,640,640,640,640,0
2022-01-14 15:23:00,640,640,640,640,0
2022-01-14 15:24:00,640,640,640,640,0
2022-01-14 15:25:00,640,640,640,640,0
2022-01-14 15:26:00,640,640,640,640,0
2022-01-14 15:27:00,640,640,640,640,0
2022-01-14 15:28:00,640,640,640,640,0
2022-01-14 15:29:00,640,640,640,640,0
2022-01-14 15:30:00,640,640,640,640,0
2022-01-14 15:31:00,640,640,640,640,0
2022-01-14 15:32:00,640,640,640,640,0
2022-01-14 15:33:00,640,640,640,640,0
2022-01-14 15:34:00,640,640,640,640,0
2022-01-14 15:35:00,640,640,640,640,0
2022-01-14 15:36:00,640,640,640,640,0
2022-01-14 15:37:00,640,640,640,640,0
2022-01-14 15:38:00,640,640,640,640,0
2022-01-14 15:39:00,640,640,640,640,0
2022-01-14 15:40:00,640,640,640,640,0
2022-01-14 15:41:00,640,640,640,640,0
2022-01-14 15:42:00,640,640,640,640,0
2022-01-14 15:43:00,640,640,640,640,0
2022-01-14 15:44:00,640,640,640,640,0
2022-01-14 15:45:00,640,640,640,640,0
2022-01-14 15:46:00,640,640,640,640,0
2022-01-14 15:47:00,640,640,640,640,0
2022-01-14 15:48:00,640,640,640,640,0
2022-01-14 15:49:00,640,640,640,640,0
2022-01-14 15:50:00,640,640,640,640,0
2022-01-14 15:51:00,640,640,640,640,0
2022-01-14 15:52:00,640,640,640,640,0
2022-01-14 15:53:00,640,640,640,640,0
2022-01-14 15:54:00,640,640,640,640,0
2022-01-14 15:55:00,640,640,640,640,0
2022-01-14 15:56:00,640,640,640,640,0
2022-01-14 15:57:00,640,640,640,640,0
2022-01-14 15:58:00,640,640,640,640,0
2022-01-14 15:59:00,640,640,640,640,0
2022-01-17 09:00:00,640,640,640,640,0
2022-01-17 09:01:00,640,640,640,640,0
2022-01-17 09:02:00,640,640,640,640,0
2022-01-17 09:03:00,640,640,640,640,0
2022-01-17 09:04:00,640,640,640,640,0
2022-01-17 09:05:00,640,640,640,640,0
2022-01-17 09:06:00,640,640,640,640,0
2022-01-17 09:07:00,640,640,640,640,0
2022-01-17 09:08:00,640,640,640,640,0
2022-01-17 09:09:00,640,640,640,640,0
2022-01-17 09:10:00,640,640,640,640,0
2022-01-17 09:11:00,640,640,640,640,0
2022-01-17 09:12:00,640,640,640,640,10000
2022-01-17 09:13:00,640,640,640,640,0
2022-01-17 09:14:00,640,640,640,640,0
2022-01-17 09:15:00,640,640,640,640,0
2022-01-17 09:16:00,640,640,640,640,8600
2022-01-17 09:17:00,640,640,640,640,0
2022-01-17 09:18:00,640,640,640,640,4500
2022-01-17 09:19:00,640,640,640,640,0
2022-01-17 09:20:00,640,640,640,640,0
2022-01-17 09:21:00,640,640,640,640,1500
2022-01-17 09:22:00,640,640,640,640,0
2022-01-17 09:23:00,640,640,640,640,500
2022-01-17 09:24:00,640,640,640,640,0
2022-01-17 09:25:00,640,640,640,640,0
2022-01-17 09:26:00,640,640,640,640,0
2022-01-17 09:27:00,640,640,640,640,500
2022-01-17 09:28:00,640,640,640,640,0
2022-01-17 09:29:00,640,640,640,640,500
2022-01-17 09:30:00,640,640,640,640,0
2022-01-17 09:31:00,640,640,640,640,0
2022-01-17 09:32:00,640,640,640,640,700
2022-01-17 09:33:00,640,640,640,640,0
2022-01-17 09:34:00,640,640,640,640,800
2022-01-17 09:35:00,640,640,640,640,0
2022-01-17 09:36:00,640,640,640,640,0
2022-01-17 09:37:00,640,640,640,640,700
2022-01-17 09:38:00,640,640,640,640,500
2022-01-17 09:39:00,640,640,640,640,0
2022-01-17 09:40:00,640,640,640,640,1500
2022-01-17 09:41:00,635,635,640,640,600
2022-01-17 09:42:00,640,640,640,640,700
2022-01-17 09:43:00,640,640,640,640,0
2022-01-17 09:44:00,640,640,640,640,900
2022-01-17 09:45:00,640,640,640,640,0
2022-01-17 09:46:00,640,640,640,640,600
2022-01-17 09:47:00,640,640,640,640,0
2022-01-17 09:48:00,640,640,640,640,1000
2022-01-17 09:49:00,640,640,640,640,1500
2022-01-17 09:50:00,640,640,640,640,0
2022-01-17 09:51:00,640,635,640,635,2100
2022-01-17 09:52:00,640,640,640,640,500
2022-01-17 09:53:00,640,640,640,640,900
2022-01-17 09:54:00,640,640,640,640,600
2022-01-17 09:55:00,640,640,640,640,500
2022-01-17 09:56:00,640,640,640,640,1100
2022-01-17 09:57:00,640,640,640,640,0
2022-01-17 09:58:00,640,640,640,640,0
2022-01-17 09:59:00,640,640,640,640,300
2022-01-17 10:00:00,640,640,640,640,0
2022-01-17 10:01:00,640,640,640,640,900
2022-01-17 10:02:00,640,640,640,640,0
2022-01-17 10:03:00,640,640,640,640,500
2022-01-17 10:04:00,640,640,640,640,300
2022-01-17 10:05:00,640,640,640,640,0
2022-01-17 10:06:00,640,640,640,640,0
2022-01-17 10:07:00,640,640,640,640,300
2022-01-17 10:08:00,640,640,640,640,0
2022-01-17 10:09:00,640,640,640,640,0
2022-01-17 10:10:00,640,640,640,640,900
2022-01-17 10:11:00,640,640,640,640,0
2022-01-17 10:12:00,640,640,640,640,500
2022-01-17 10:13:00,640,640,640,640,8000
2022-01-17 10:14:00,640,640,640,640,0
2022-01-17 10:15:00,640,640,640,640,0
2022-01-17 10:16:00,640,640,640,640,0
2022-01-17 10:17:00,640,640,640,640,300
2022-01-17 10:18:00,640,640,640,640,0
2022-01-17 10:19:00,640,640,640,640,600
2022-01-17 10:20:00,640,640,640,640,0
2022-01-17 10:21:00,640,640,640,640,300
2022-01-17 10:22:00,640,640,640,640,0
2022-01-17 10:23:00,640,640,640,640,0
2022-01-17 10:24:00,640,640,640,640,200
2022-01-17 10:25:00,640,640,640,640,0
2022-01-17 10:26:00,640,640,640,640,300
2022-01-17 10:27:00,640,640,640,640,0
2022-01-17 10:28:00,640,640,640,640,200
2022-01-17 10:29:00,640,640,640,640,0
2022-01-17 10:30:00,640,640,640,640,0
2022-01-17 10:31:00,640,640,640,640,300
2022-01-17 10:32:00,640,640,640,640,0
2022-01-17 10:33:00,640,640,640,640,0
2022-01-17 10:34:00,640,640,640,640,300
2022-01-17 10:35:00,640,640,640,640,0
2022-01-17 10:36:00,640,640,640,640,200
2022-01-17 10:37:00,640,640,640,640,0
2022-01-17 10:38:00,640,640,640,640,0
2022-01-17 10:39:00,640,640,640,640,300
2022-01-17 10:40:00,640,640,640,640,0
2022-01-17 10:41:00,635,635,635,635,10100
2022-01-17 10:42:00,635,635,635,635,1900
2022-01-17 10:43:00,640,640,640,640,200
2022-01-17 10:44:00,640,640,640,640,0
2022-01-17 10:45:00,640,640,640,640,0
2022-01-17 10:46:00,640,640,640,640,0
2022-01-17 10:47:00,640,640,640,640,0
2022-01-17 10:48:00,640,640,640,640,200
2022-01-17 10:49:00,640,640,640,640,200
2022-01-17 10:50:00,640,640,640,640,0
2022-01-17 10:51:00,640,640,640,640,0
2022-01-17 10:52:00,640,640,640,640,0
2022-01-17 10:53:00,640,640,640,640,0
2022-01-17 10:54:00,640,640,640,640,300
2022-01-17 10:55:00,640,640,640,640,0
2022-01-17 10:56:00,640,640,640,640,0
2022-01-17 10:57:00,640,640,640,640,0
2022-01-17 10:58:00,640,640,640,640,300
2022-01-17 10:59:00,640,640,640,640,0
2022-01-17 11:00:00,640,640,640,640,200
2022-01-17 11:01:00,640,640,640,640,0
2022-01-17 11:02:00,640,640,640,640,1600
2022-01-17 11:03:00,640,640,640,640,0
2022-01-17 11:04:00,635,635,635,635,200
2022-01-17 11:05:00,640,640,640,640,300
2022-01-17 11:06:00,640,640,640,640,0
2022-01-17 11:07:00,640,640,640,640,300
2022-01-17 11:08:00,640,640,640,640,0
2022-01-17 11:09:00,640,640,640,640,200
2022-01-17 11:10:00,640,640,640,640,0
2022-01-17 11:11:00,640,640,640,640,0
2022-01-17 11:12:00,640,640,640,640,200
2022-01-17 11:13:00,640,640,640,640,0
2022-01-17 11:14:00,640,640,640,640,300
2022-01-17 11:15:00,640,640,640,640,0
2022-01-17 11:16:00,640,640,640,640,0
2022-01-17 11:17:00,640,640,640,640,200
2022-01-17 11:18:00,640,640,640,640,0
2022-01-17 11:19:00,640,640,640,640,0
2022-01-17 11:20:00,640,640,640,640,0
2022-01-17 11:21:00,640,640,640,640,0
2022-01-17 11:22:00,640,640,640,640,200
2022-01-17 11:23:00,640,640,640,640,0
2022-01-17 11:24:00,640,640,640,640,1600
2022-01-17 11:25:00,640,640,640,640,200
2022-01-17 11:26:00,640,640,640,640,0
2022-01-17 11:27:00,640,640,640,640,200
2022-01-17 11:28:00,640,640,640,640,0
2022-01-17 11:29:00,640,640,640,640,300
2022-01-17 11:30:00,640,640,640,640,0
2022-01-17 11:31:00,640,640,640,640,0
2022-01-17 11:32:00,640,640,640,640,0
2022-01-17 11:33:00,640,640,640,640,0
2022-01-17 11:34:00,640,640,640,640,0
2022-01-17 11:35:00,640,640,640,640,0
2022-01-17 11:36:00,640,640,640,640,0
2022-01-17 11:37:00,640,640,640,640,0
2022-01-17 11:38:00,640,640,640,640,0
2022-01-17 11:39:00,640,640,640,640,0
2022-01-17 11:40:00,640,640,640,640,0
2022-01-17 11:41:00,640,640,640,640,0
2022-01-17 11:42:00,640,640,640,640,0
2022-01-17 11:43:00,640,640,640,640,0
2022-01-17 11:44:00,640,640,640,640,0
2022-01-17 11:45:00,640,640,640,640,0
2022-01-17 11:46:00,640,640,640,640,0
2022-01-17 11:47:00,640,640,640,640,0
2022-01-17 11:48:00,640,640,640,640,0
2022-01-17 11:49:00,640,640,640,640,0
2022-01-17 11:50:00,640,640,640,640,0
2022-01-17 11:51:00,640,640,640,640,0
2022-01-17 11:52:00,640,640,640,640,0
2022-01-17 11:53:00,640,640,640,640,0
2022-01-17 11:54:00,640,640,640,640,0
2022-01-17 11:55:00,640,640,640,640,0
2022-01-17 11:56:00,640,640,640,640,0
2022-01-17 11:57:00,640,640,640,640,0
2022-01-17 11:58:00,640,640,640,640,0
2022-01-17 11:59:00,640,640,640,640,0
2022-01-17 12:00:00,640,640,640,640,0
2022-01-17 12:01:00,640,640,640,640,0
2022-01-17 12:02:00,640,640,640,640,0
2022-01-17 12:03:00,640,640,640,640,0
2022-01-17 12:04:00,640,640,640,640,0
2022-01-17 12:05:00,640,640,640,640,0
2022-01-17 12:06:00,640,640,640,640,0
2022-01-17 12:07:00,640,640,640,640,0
2022-01-17 12:08:00,640,640,640,640,0
2022-01-17 12:09:00,640,640,640,640,0
2022-01-17 12:10:00,640,640,640,640,0
2022-01-17 12:11:00,640,640,640,640,0
2022-01-17 12:12:00,640,640,640,640,0
2022-01-17 12:13:00,640,640,640,640,0
2022-01-17 12:14:00,640,640,640,640,0
2022-01-17 12:15:00,640,640,640,640,0
2022-01-17 12:16:00,640,640,640,640,0
2022-01-17 12:17:00,640,640,640,640,0
2022-01-17 12:18:00,640,640,640,640,0
2022-01-17 12:19:00,640,640,640,640,0
2022-01-17 12:20:00,640,640,640,640,0
2022-01-17 12:21:00,640,640,640,640,0
2022-01-17 12:22:00,640,640,640,640,0
2022-01-17 12:23:00,640,640,640,640,0
2022-01-17 12:24:00,640,640,640,640,0
2022-01-17 12:25:00,640,640,640,640,0
2022-01-17 12:26:00,640,640,640,640,0
2022-01-17 12:27:00,640,640,640,640,0
2022-01-17 12:28:00,640,640,640,640,0
2022-01-17 12:29:00,640,640,640,640,0
2022-01-17 12:30:00,640,640,640,640,0
2022-01-17 12:31:00,640,640,640,640,0
2022-01-17 12:32:00,640,640,640,640,0
2022-01-17 12:33:00,640,640,640,640,0
2022-01-17 12:34:00,640,640,640,640,0
2022-01-17 12:35:00,640,640,640,640,0
2022-01-17 12:36:00,640,640,640,640,0
2022-01-17 12:37:00,640,640,640,640,0
2022-01-17 12:38:00,640,640,640,640,0
2022-01-17 12:39:00,640,640,640,640,0
2022-01-17 12:40:00,640,640,640,640,0
2022-01-17 12:41:00,640,640,640,640,0
2022-01-17 12:42:00,640,640,640,640,0
2022-01-17 12:43:00,640,640,640,640,0
2022-01-17 12:44:00,640,640,640,640,0
2022-01-17 12:45:00,640,640,640,640,0
2022-01-17 12:46:00,640,640,640,640,0
2022-01-17 12:47:00,640,640,640,640,0
2022-01-17 12:48:00,640,640,640,640,0
2022-01-17 12:49:00,640,640,640,640,0
2022-01-17 12:50:00,640,640,640,640,0
2022-01-17 12:51:00,640,640,640,640,0
2022-01-17 12:52:00,640,640,640,640,0
2022-01-17 12:53:00,640,640,640,640,0
2022-01-17 12:54:00,640,640,640,640,0
2022-01-17 12:55:00,640,640,640,640,0
2022-01-17 12:56:00,640,640,640,640,0
2022-01-17 12:57:00,640,640,640,640,0
2022-01-17 12:58:00,640,640,640,640,0
2022-01-17 12:59:00,640,640,640,640,0
2022-01-17 13:00:00,640,640,640,640,0
2022-01-17 13:01:00,640,640,640,640,0
2022-01-17 13:02:00,640,640,640,640,0
2022-01-17 13:03:00,640,640,640,640,0
2022-01-17 13:04:00,640,640,640,640,0
2022-01-17 13:05:00,640,640,640,640,0
2022-01-17 13:06:00,640,640,640,640,0
2022-01-17 13:07:00,640,640,640,640,0
2022-01-17 13:08:00,640,640,640,640,0
2022-01-17 13:09:00,640,640,640,640,0
2022-01-17 13:10:00,640,640,640,640,0
2022-01-17 13:11:00,640,640,640,640,0
2022-01-17 13:12:00,640,640,640,640,0
2022-01-17 13:13:00,640,640,640,640,0
2022-01-17 13:14:00,640,640,640,640,0
2022-01-17 13:15:00,640,640,640,640,0
2022-01-17 13:16:00,640,640,640,640,0
2022-01-17 13:17:00,640,640,640,640,0
2022-01-17 13:18:00,640,640,640,640,0
2022-01-17 13:19:00,640,640,640,640,0
2022-01-17 13:20:00,640,640,640,640,0
2022-01-17 13:21:00,640,640,640,640,0
2022-01-17 13:22:00,640,640,640,640,0
2022-01-17 13:23:00,640,640,640,640,0
2022-01-17 13:24:00,640,640,640,640,0
2022-01-17 13:25:00,640,640,640,640,0
2022-01-17 13:26:00,640,640,640,640,0
2022-01-17 13:27:00,640,640,640,640,0
2022-01-17 13:28:00,640,640,640,640,0
2022-01-17 13:29:00,640,640,640,640,0
2022-01-17 13:30:00,635,635,640,640,400
2022-01-17 13:31:00,635,635,640,640,0
2022-01-17 13:32:00,640,640,640,640,200
2022-01-17 13:33:00,640,640,640,640,0
2022-01-17 13:34:00,640,640,640,640,0
2022-01-17 13:35:00,640,640,640,640,200
2022-01-17 13:36:00,640,640,640,640,0
2022-01-17 13:37:00,640,640,640,640,3500
2022-01-17 13:38:00,640,640,640,640,0
2022-01-17 13:39:00,640,640,640,640,0
2022-01-17 13:40:00,640,640,640,640,600
2022-01-17 13:41:00,640,640,640,640,0
2022-01-17 13:42:00,640,640,640,640,0
2022-01-17 13:43:00,640,640,640,640,0
2022-01-17 13:44:00,640,640,640,640,600
2022-01-17 13:45:00,640,640,640,640,300
2022-01-17 13:46:00,640,640,640,640,0
2022-01-17 13:47:00,640,640,640,640,0
2022-01-17 13:48:00,640,640,640,640,0
2022-01-17 13:49:00,635,635,635,635,9500
2022-01-17 13:50:00,640,640,640,640,300
2022-01-17 13:51:00,640,640,640,640,0
2022-01-17 13:52:00,640,640,640,640,0
2022-01-17 13:53:00,640,640,640,640,0
2022-01-17 13:54:00,640,640,640,640,0
2022-01-17 13:55:00,640,640,640,640,300
2022-01-17 13:56:00,635,635,635,635,2000
2022-01-17 13:57:00,640,640,640,640,300
2022-01-17 13:58:00,640,640,640,640,0
2022-01-17 13:59:00,640,640,640,640,0
2022-01-17 14:00:00,640,640,640,640,300
2022-01-17 14:01:00,640,640,640,640,0
2022-01-17 14:02:00,640,640,640,640,1700
2022-01-17 14:03:00,640,640,640,640,0
2022-01-17 14:04:00,640,640,640,640,0
2022-01-17 14:05:00,640,640,640,640,0
2022-01-17 14:06:00,640,640,640,640,0
2022-01-17 14:07:00,640,640,640,640,200
2022-01-17 14:08:00,640,640,640,640,0
2022-01-17 14:09:00,640,640,640,640,1500
2022-01-17 14:10:00,640,640,640,640,0
2022-01-17 14:11:00,640,640,640,640,0
2022-01-17 14:12:00,640,640,640,640,300
2022-01-17 14:13:00,640,640,640,640,0
2022-01-17 14:14:00,640,640,640,640,0
2022-01-17 14:15:00,640,640,640,640,200
2022-01-17 14:16:00,635,635,635,635,1000
2022-01-17 14:17:00,640,640,640,640,300
2022-01-17 14:18:00,640,640,640,640,0
2022-01-17 14:19:00,640,640,640,640,0
2022-01-17 14:20:00,640,640,640,640,200
2022-01-17 14:21:00,640,640,640,640,0
2022-01-17 14:22:00,640,640,640,640,0
2022-01-17 14:23:00,640,640,640,640,200
2022-01-17 14:24:00,640,640,640,640,0
2022-01-17 14:25:00,640,640,640,640,0
2022-01-17 14:26:00,640,640,640,640,300
2022-01-17 14:27:00,640,640,640,640,0
2022-01-17 14:28:00,640,640,640,640,0
2022-01-17 14:29:00,640,640,640,640,200
2022-01-17 14:30:00,640,640,640,640,0
2022-01-17 14:31:00,640,640,640,640,200
2022-01-17 14:32:00,640,640,640,640,0
2022-01-17 14:33:00,640,640,640,640,0
2022-01-17 14:34:00,640,640,640,640,0
2022-01-17 14:35:00,635,625,640,640,57300
2022-01-17 14:36:00,635,625,640,640,0
2022-01-17 14:37:00,635,625,635,625,62500
2022-01-17 14:38:00,625,625,625,625,4000
2022-01-17 14:39:00,625,620,635,635,150800
2022-01-17 14:40:00,625,620,635,635,0
2022-01-17 14:41:00,640,640,640,640,16000
2022-01-17 14:42:00,640,640,640,640,2300
2022-01-17 14:43:00,640,640,640,640,2500
2022-01-17 14:44:00,635,635,635,635,16600
2022-01-17 14:45:00,635,635,635,635,900
2022-01-17 14:46:00,635,635,635,635,600
2022-01-17 14:47:00,635,635,635,635,1000
2022-01-17 14:48:00,635,635,635,635,3400
2022-01-17 14:49:00,635,635,635,635,1000
2022-01-17 14:50:00,635,635,635,635,0
2022-01-17 14:51:00,635,635,635,635,0
2022-01-17 14:52:00,635,635,635,635,0
2022-01-17 14:53:00,635,635,635,635,0
2022-01-17 14:54:00,635,635,635,635,0
2022-01-17 14:55:00,635,635,635,635,0
2022-01-17 14:56:00,635,635,635,635,0
2022-01-17 14:57:00,635,635,635,635,0
2022-01-17 14:58:00,635,635,635,635,0
2022-01-17 14:59:00,635,635,635,635,0
2022-01-17 15:00:00,635,635,635,635,63500
2022-01-17 15:01:00,635,635,635,635,0
2022-01-17 15:02:00,635,635,635,635,0
2022-01-17 15:03:00,635,635,635,635,0
2022-01-17 15:04:00,635,635,635,635,0
2022-01-17 15:05:00,635,635,635,635,0
2022-01-17 15:06:00,635,635,635,635,0
2022-01-17 15:07:00,635,635,635,635,0
2022-01-17 15:08:00,635,635,635,635,0
2022-01-17 15:09:00,635,635,635,635,0
2022-01-17 15:10:00,635,635,635,635,200
2022-01-17 15:11:00,635,635,635,635,0
2022-01-17 15:12:00,635,635,635,635,0
2022-01-17 15:13:00,635,635,635,635,0
2022-01-17 15:14:00,635,635,635,635,0
2022-01-17 15:15:00,635,635,635,635,0
2022-01-17 15:16:00,635,635,635,635,0
2022-01-17 15:17:00,635,635,635,635,0
2022-01-17 15:18:00,635,635,635,635,0
2022-01-17 15:19:00,635,635,635,635,0
2022-01-17 15:20:00,635,635,635,635,0
2022-01-17 15:21:00,635,635,635,635,0
2022-01-17 15:22:00,635,635,635,635,0
2022-01-17 15:23:00,635,635,635,635,0
2022-01-17 15:24:00,635,635,635,635,0
2022-01-17 15:25:00,635,635,635,635,0
2022-01-17 15:26:00,635,635,635,635,0
2022-01-17 15:27:00,635,635,635,635,0
2022-01-17 15:28:00,635,635,635,635,0
2022-01-17 15:29:00,635,635,635,635,0
2022-01-17 15:30:00,635,635,635,635,0
2022-01-17 15:31:00,635,635,635,635,0
2022-01-17 15:32:00,635,635,635,635,0
2022-01-17 15:33:00,635,635,635,635,0
2022-01-17 15:34:00,635,635,635,635,0
2022-01-17 15:35:00,635,635,635,635,0
2022-01-17 15:36:00,635,635,635,635,0
2022-01-17 15:37:00,635,635,635,635,0
2022-01-17 15:38:00,635,635,635,635,0
2022-01-17 15:39:00,635,635,635,635,0
2022-01-17 15:40:00,635,635,635,635,0
2022-01-17 15:41:00,635,635,635,635,0
2022-01-17 15:42:00,635,635,635,635,0
2022-01-17 15:43:00,635,635,635,635,0
2022-01-17 15:44:00,635,635,635,635,0
2022-01-17 15:45:00,635,635,635,635,0
2022-01-17 15:46:00,635,635,635,635,0
2022-01-17 15:47:00,635,635,635,635,0
2022-01-17 15:48:00,635,635,635,635,0
2022-01-17 15:49:00,635,635,635,635,0
2022-01-17 15:50:00,635,635,635,635,0
2022-01-17 15:51:00,635,635,635,635,0
2022-01-17 15:52:00,635,635,635,635,0
2022-01-17 15:53:00,635,635,635,635,0
2022-01-17 15:54:00,635,635,635,635,0
2022-01-17 15:55:00,635,635,635,635,0
2022-01-17 15:56:00,635,635,635,635,0
2022-01-17 15:57:00,635,635,635,635,0
2022-01-17 15:58:00,635,635,635,635,0
2022-01-17 15:59:00,635,635,635,635,0
2022-01-18 09:00:00,635,635,635,635,0
2022-01-18 09:01:00,625,620,625,620,46800
2022-01-18 09:02:00,630,630,630,630,500
2022-01-18 09:03:00,630,630,630,630,2300
2022-01-18 09:04:00,630,630,630,630,0
2022-01-18 09:05:00,630,630,630,630,0
2022-01-18 09:06:00,630,630,630,630,0
2022-01-18 09:07:00,630,630,630,630,0
2022-01-18 09:08:00,630,630,630,630,0
2022-01-18 09:09:00,630,630,630,630,2500
2022-01-18 09:10:00,630,630,630,630,0
2022-01-18 09:11:00,630,630,630,630,0
2022-01-18 09:12:00,630,630,630,630,0
2022-01-18 09:13:00,630,630,630,630,0
2022-01-18 09:14:00,630,630,630,630,0
2022-01-18 09:15:00,630,630,630,630,0
2022-01-18 09:16:00,630,630,630,630,0
2022-01-18 09:17:00,630,630,630,630,0
2022-01-18 09:18:00,630,630,630,630,0
2022-01-18 09:19:00,630,630,630,630,4000
2022-01-18 09:20:00,625,625,630,630,29000
2022-01-18 09:21:00,625,625,630,630,0
2022-01-18 09:22:00,625,625,630,630,0
2022-01-18 09:23:00,625,625,630,630,3400
2022-01-18 09:24:00,625,625,630,630,0
2022-01-18 09:25:00,625,625,630,630,0
2022-01-18 09:26:00,625,625,630,630,0
2022-01-18 09:27:00,625,625,630,630,0
2022-01-18 09:28:00,625,625,630,630,0
2022-01-18 09:29:00,625,625,630,630,0
2022-01-18 09:30:00,625,625,630,630,0
2022-01-18 09:31:00,625,625,630,630,0
2022-01-18 09:32:00,625,625,630,630,0
2022-01-18 09:33:00,625,625,630,630,0
2022-01-18 09:34:00,630,630,630,630,2300
2022-01-18 09:35:00,630,630,630,630,0
2022-01-18 09:36:00,630,630,630,630,0
2022-01-18 09:37:00,630,630,630,630,0
2022-01-18 09:38:00,630,630,630,630,0
2022-01-18 09:39:00,630,630,630,630,0
2022-01-18 09:40:00,630,630,630,630,0
2022-01-18 09:41:00,630,630,630,630,1200
2022-01-18 09:42:00,630,630,630,630,0
2022-01-18 09:43:00,630,630,630,630,0
2022-01-18 09:44:00,630,630,630,630,0
2022-01-18 09:45:00,630,630,630,630,0
2022-01-18 09:46:00,630,630,630,630,2500
2022-01-18 09:47:00,630,630,630,630,0
2022-01-18 09:48:00,630,630,630,630,0
2022-01-18 09:49:00,630,630,630,630,0
2022-01-18 09:50:00,630,630,630,630,0
2022-01-18 09:51:00,630,630,630,630,800
2022-01-18 09:52:00,630,630,630,630,0
2022-01-18 09:53:00,630,630,630,630,0
2022-01-18 09:54:00,630,630,630,630,0
2022-01-18 09:55:00,630,630,630,630,0
2022-01-18 09:56:00,630,630,630,630,0
2022-01-18 09:57:00,630,630,630,630,0
2022-01-18 09:58:00,630,630,630,630,0
2022-01-18 09:59:00,630,630,630,630,0
2022-01-18 10:00:00,630,630,630,630,0
2022-01-18 10:01:00,630,630,630,630,0
2022-01-18 10:02:00,630,630,630,630,0
2022-01-18 10:03:00,630,630,630,630,2100
2022-01-18 10:04:00,630,630,630,630,0
2022-01-18 10:05:00,630,630,630,630,0
2022-01-18 10:06:00,630,630,630,630,0
2022-01-18 10:07:00,630,630,630,630,0
2022-01-18 10:08:00,630,630,630,630,0
2022-01-18 10:09:00,630,630,630,630,0
2022-01-18 10:10:00,630,630,630,630,1000
2022-01-18 10:11:00,625,625,625,625,2300
2022-01-18 10:12:00,625,625,625,625,0
2022-01-18 10:13:00,625,620,625,620,2500
2022-01-18 10:14:00,625,620,625,620,0
2022-01-18 10:15:00,630,630,630,630,500
2022-01-18 10:16:00,630,630,630,630,100
2022-01-18 10:17:00,630,630,630,630,1400
2022-01-18 10:18:00,630,630,630,630,900
2022-01-18 10:19:00,630,630,630,630,0
2022-01-18 10:20:00,630,630,630,630,1800
2022-01-18 10:21:00,630,630,630,630,0
2022-01-18 10:22:00,625,625,625,625,2300
2022-01-18 10:23:00,625,625,630,630,1800
2022-01-18 10:24:00,625,620,625,620,80000
2022-01-18 10:25:00,630,630,630,630,18300
2022-01-18 10:26:00,630,625,630,630,6200
2022-01-18 10:27:00,630,630,630,630,1900
2022-01-18 10:28:00,630,630,630,630,0
2022-01-18 10:29:00,630,630,630,630,0
2022-01-18 10:30:00,630,630,630,630,100
2022-01-18 10:31:00,625,625,625,625,5300
2022-01-18 10:32:00,625,625,625,625,0
2022-01-18 10:33:00,625,625,625,625,2700
2022-01-18 10:34:00,630,630,630,630,1900
2022-01-18 10:35:00,630,630,630,630,0
2022-01-18 10:36:00,630,630,630,630,0
2022-01-18 10:37:00,630,630,630,630,0
2022-01-18 10:38:00,630,630,630,630,2000
2022-01-18 10:39:00,630,630,630,630,0
2022-01-18 10:40:00,630,630,630,630,0
2022-01-18 10:41:00,630,630,630,630,0
2022-01-18 10:42:00,630,630,630,630,0
2022-01-18 10:43:00,630,630,630,630,0
2022-01-18 10:44:00,630,630,630,630,0
2022-01-18 10:45:00,630,630,630,630,0
2022-01-18 10:46:00,630,630,630,630,0
2022-01-18 10:47:00,630,630,630,630,1000
2022-01-18 10:48:00,630,630,630,630,0
2022-01-18 10:49:00,630,630,630,630,0
2022-01-18 10:50:00,630,630,630,630,0
2022-01-18 10:51:00,630,630,630,630,2000
2022-01-18 10:52:00,630,630,630,630,0
2022-01-18 10:53:00,630,630,630,630,0
2022-01-18 10:54:00,630,630,630,630,0
2022-01-18 10:55:00,630,630,630,630,0
2022-01-18 10:56:00,630,630,630,630,0
2022-01-18 10:57:00,630,630,630,630,0
2022-01-18 10:58:00,630,630,630,630,0
2022-01-18 10:59:00,630,630,630,630,0
2022-01-18 11:00:00,630,630,630,630,0
2022-01-18 11:01:00,630,630,630,630,1400
2022-01-18 11:02:00,630,630,630,630,0
2022-01-18 11:03:00,625,625,625,625,7300
2022-01-18 11:04:00,630,630,630,630,500
2022-01-18 11:05:00,630,630,630,630,0
2022-01-18 11:06:00,630,630,630,630,200
2022-01-18 11:07:00,625,625,630,630,800
2022-01-18 11:08:00,625,625,630,630,0
2022-01-18 11:09:00,625,625,630,630,0
2022-01-18 11:10:00,625,625,630,630,0
2022-01-18 11:11:00,625,625,630,630,0
2022-01-18 11:12:00,625,625,630,630,0
2022-01-18 11:13:00,625,625,630,630,0
2022-01-18 11:14:00,625,625,630,630,0
2022-01-18 11:15:00,625,625,630,630,0
2022-01-18 11:16:00,630,630,630,630,1000
2022-01-18 11:17:00,630,630,630,630,0
2022-01-18 11:18:00,630,630,630,630,0
2022-01-18 11:19:00,630,630,630,630,0
2022-01-18 11:20:00,630,630,630,630,0
2022-01-18 11:21:00,630,630,630,630,300
2022-01-18 11:22:00,630,630,630,630,0
2022-01-18 11:23:00,630,630,630,630,0
2022-01-18 11:24:00,625,625,625,625,1100
2022-01-18 11:25:00,625,625,625,625,600
2022-01-18 11:26:00,625,625,625,625,8600
2022-01-18 11:27:00,630,630,630,630,300
2022-01-18 11:28:00,630,630,630,630,0
2022-01-18 11:29:00,630,630,630,630,200
2022-01-18 11:30:00,630,630,630,630,0
2022-01-18 11:31:00,630,630,630,630,0
2022-01-18 11:32:00,630,630,630,630,0
2022-01-18 11:33:00,630,630,630,630,0
2022-01-18 11:34:00,630,630,630,630,0
2022-01-18 11:35:00,630,630,630,630,0
2022-01-18 11:36:00,630,630,630,630,0
2022-01-18 11:37:00,630,630,630,630,0
2022-01-18 11:38:00,630,630,630,630,0
2022-01-18 11:39:00,630,630,630,630,0
2022-01-18 11:40:00,630,630,630,630,0
2022-01-18 11:41:00,630,630,630,630,0
2022-01-18 11:42:00,630,630,630,630,0
2022-01-18 11:43:00,630,630,630,630,0
2022-01-18 11:44:00,630,630,630,630,0
2022-01-18 11:45:00,630,630,630,630,0
2022-01-18 11:46:00,630,630,630,630,0
2022-01-18 11:47:00,630,630,630,630,0
2022-01-18 11:48:00,630,630,630,630,0
2022-01-18 11:49:00,630,630,630,630,0
2022-01-18 11:50:00,630,630,630,630,0
2022-01-18 11:51:00,630,630,630,630,0
2022-01-18 11:52:00,630,630,630,630,0
2022-01-18 11:53:00,630,630,630,630,0
2022-01-18 11:54:00,630,630,630,630,0
2022-01-18 11:55:00,630,630,630,630,0
2022-01-18 11:56:00,630,630,630,630,0
2022-01-18 11:57:00,630,630,630,630,0
2022-01-18 11:58:00,630,630,630,630,0
2022-01-18 11:59:00,630,630,630,630,0
2022-01-18 12:00:00,630,630,630,630,0
2022-01-18 12:01:00,630,630,630,630,0
2022-01-18 12:02:00,630,630,630,630,0
2022-01-18 12:03:00,630,630,630,630,0
2022-01-18 12:04:00,630,630,630,630,0
2022-01-18 12:05:00,630,630,630,630,0
2022-01-18 12:06:00,630,630,630,630,0
2022-01-18 12:07:00,630,630,630,630,0
2022-01-18 12:08:00,630,630,630,630,0
2022-01-18 12:09:00,630,630,630,630,0
2022-01-18 12:10:00,630,630,630,630,0
2022-01-18 12:11:00,630,630,630,630,0
2022-01-18 12:12:00,630,630,630,630,0
2022-01-18 12:13:00,630,630,630,630,0
2022-01-18 12:14:00,630,630,630,630,0
2022-01-18 12:15:00,630,630,630,630,0
2022-01-18 12:16:00,630,630,630,630,0
2022-01-18 12:17:00,630,630,630,630,0
2022-01-18 12:18:00,630,630,630,630,0
2022-01-18 12:19:00,630,630,630,630,0
2022-01-18 12:20:00,630,630,630,630,0
2022-01-18 12:21:00,630,630,630,630,0
2022-01-18 12:22:00,630,630,630,630,0
2022-01-18 12:23:00,630,630,630,630,0
2022-01-18 12:24:00,630,630,630,630,0
2022-01-18 12:25:00,630,630,630,630,0
2022-01-18 12:26:00,630,630,630,630,0
2022-01-18 12:27:00,630,630,630,630,0
2022-01-18 12:28:00,630,630,630,630,0
2022-01-18 12:29:00,630,630,630,630,0
2022-01-18 12:30:00,630,630,630,630,0
2022-01-18 12:31:00,630,630,630,630,0
2022-01-18 12:32:00,630,630,630,630,0
2022-01-18 12:33:00,630,630,630,630,0
2022-01-18 12:34:00,630,630,630,630,0
2022-01-18 12:35:00,630,630,630,630,0
2022-01-18 12:36:00,630,630,630,630,0
2022-01-18 12:37:00,630,630,630,630,0
2022-01-18 12:38:00,630,630,630,630,0
2022-01-18 12:39:00,630,630,630,630,0
2022-01-18 12:40:00,630,630,630,630,0
2022-01-18 12:41:00,630,630,630,630,0
2022-01-18 12:42:00,630,630,630,630,0
2022-01-18 12:43:00,630,630,630,630,0
2022-01-18 12:44:00,630,630,630,630,0
2022-01-18 12:45:00,630,630,630,630,0
2022-01-18 12:46:00,630,630,630,630,0
2022-01-18 12:47:00,630,630,630,630,0
2022-01-18 12:48:00,630,630,630,630,0
2022-01-18 12:49:00,630,630,630,630,0
2022-01-18 12:50:00,630,630,630,630,0
2022-01-18 12:51:00,630,630,630,630,0
2022-01-18 12:52:00,630,630,630,630,0
2022-01-18 12:53:00,630,630,630,630,0
2022-01-18 12:54:00,630,630,630,630,0
2022-01-18 12:55:00,630,630,630,630,0
2022-01-18 12:56:00,630,630,630,630,0
2022-01-18 12:57:00,630,630,630,630,0
2022-01-18 12:58:00,630,630,630,630,0
2022-01-18 12:59:00,630,630,630,630,0
2022-01-18 13:00:00,630,630,630,630,0
2022-01-18 13:01:00,630,630,630,630,0
2022-01-18 13:02:00,630,630,630,630,0
2022-01-18 13:03:00,630,630,630,630,0
2022-01-18 13:04:00,630,630,630,630,0
2022-01-18 13:05:00,630,630,630,630,0
2022-01-18 13:06:00,630,630,630,630,0
2022-01-18 13:07:00,630,630,630,630,0
2022-01-18 13:08:00,630,630,630,630,0
2022-01-18 13:09:00,630,630,630,630,0
2022-01-18 13:10:00,630,630,630,630,0
2022-01-18 13:11:00,630,630,630,630,0
2022-01-18 13:12:00,630,630,630,630,0
2022-01-18 13:13:00,630,630,630,630,0
2022-01-18 13:14:00,630,630,630,630,0
2022-01-18 13:15:00,630,630,630,630,0
2022-01-18 13:16:00,630,630,630,630,0
2022-01-18 13:17:00,630,630,630,630,0
2022-01-18 13:18:00,630,630,630,630,0
2022-01-18 13:19:00,630,630,630,630,0
2022-01-18 13:20:00,630,630,630,630,0
2022-01-18 13:21:00,630,630,630,630,0
2022-01-18 13:22:00,630,630,630,630,0
2022-01-18 13:23:00,630,630,630,630,0
2022-01-18 13:24:00,630,630,630,630,0
2022-01-18 13:25:00,630,630,630,630,0
2022-01-18 13:26:00,630,630,630,630,0
2022-01-18 13:27:00,630,630,630,630,0
2022-01-18 13:28:00,630,630,630,630,0
2022-01-18 13:29:00,630,630,630,630,0
2022-01-18 13:30:00,625,620,625,620,3100
2022-01-18 13:31:00,630,630,630,630,300
2022-01-18 13:32:00,630,630,630,630,300
2022-01-18 13:33:00,630,630,630,630,0
2022-01-18 13:34:00,630,630,630,630,2400
2022-01-18 13:35:00,630,630,630,630,0
2022-01-18 13:36:00,625,625,625,625,1500
2022-01-18 13:37:00,630,625,630,625,900
2022-01-18 13:38:00,620,620,620,620,1400
2022-01-18 13:39:00,630,630,630,630,200
2022-01-18 13:40:00,625,625,625,625,2400
2022-01-18 13:41:00,630,630,630,630,200
2022-01-18 13:42:00,630,630,630,630,1500
2022-01-18 13:43:00,625,625,625,625,1400
2022-01-18 13:44:00,625,625,625,625,7600
2022-01-18 13:45:00,625,625,625,625,6800
2022-01-18 13:46:00,625,625,630,630,9700
2022-01-18 13:47:00,630,630,630,630,700
2022-01-18 13:48:00,630,630,630,630,0
2022-01-18 13:49:00,625,625,625,625,1400
2022-01-18 13:50:00,625,625,625,625,0
2022-01-18 13:51:00,625,625,625,625,0
2022-01-18 13:52:00,625,625,630,630,900
2022-01-18 13:53:00,625,625,630,630,0
2022-01-18 13:54:00,625,625,630,630,0
2022-01-18 13:55:00,625,625,630,630,0
2022-01-18 13:56:00,625,625,630,630,0
2022-01-18 13:57:00,630,630,630,630,1700
2022-01-18 13:58:00,630,630,630,630,0
2022-01-18 13:59:00,630,630,630,630,0
2022-01-18 14:00:00,625,625,625,625,2100
2022-01-18 14:01:00,625,625,625,625,1200
2022-01-18 14:02:00,625,625,625,625,0
2022-01-18 14:03:00,625,625,625,625,4700
2022-01-18 14:04:00,625,625,625,625,0
2022-01-18 14:05:00,625,625,625,625,0
2022-01-18 14:06:00,625,625,625,625,3000
2022-01-18 14:07:00,630,630,630,630,3300
2022-01-18 14:08:00,625,625,625,625,1000
2022-01-18 14:09:00,630,630,630,630,200
2022-01-18 14:10:00,630,630,630,630,0
2022-01-18 14:11:00,630,630,630,630,1500
2022-01-18 14:12:00,630,630,630,630,0
2022-01-18 14:13:00,630,630,630,630,0
2022-01-18 14:14:00,630,630,630,630,0
2022-01-18 14:15:00,630,630,630,630,0
2022-01-18 14:16:00,630,630,630,630,300
2022-01-18 14:17:00,630,630,630,630,0
2022-01-18 14:18:00,630,630,630,630,0
2022-01-18 14:19:00,630,630,630,630,0
2022-01-18 14:20:00,625,625,625,625,4500
2022-01-18 14:21:00,625,625,625,625,0
2022-01-18 14:22:00,625,625,625,625,4500
2022-01-18 14:23:00,625,625,625,625,0
2022-01-18 14:24:00,625,625,625,625,0
2022-01-18 14:25:00,625,625,625,625,0
2022-01-18 14:26:00,625,625,625,625,0
2022-01-18 14:27:00,625,625,625,625,0
2022-01-18 14:28:00,625,625,625,625,0
2022-01-18 14:29:00,625,625,625,625,0
2022-01-18 14:30:00,625,625,625,625,0
2022-01-18 14:31:00,625,625,625,625,0
2022-01-18 14:32:00,625,625,625,625,400
2022-01-18 14:33:00,625,625,625,625,300
2022-01-18 14:34:00,620,620,625,625,800
2022-01-18 14:35:00,620,620,625,625,0
2022-01-18 14:36:00,620,620,625,625,0
2022-01-18 14:37:00,625,625,625,625,3500
2022-01-18 14:38:00,625,625,625,625,0
2022-01-18 14:39:00,625,625,625,625,0
2022-01-18 14:40:00,625,625,625,625,2500
2022-01-18 14:41:00,630,630,630,630,300
2022-01-18 14:42:00,630,630,630,630,200
2022-01-18 14:43:00,630,630,630,630,700
2022-01-18 14:44:00,630,630,630,630,700
2022-01-18 14:45:00,630,630,630,630,500
2022-01-18 14:46:00,630,625,630,625,6700
2022-01-18 14:47:00,625,625,625,625,200
2022-01-18 14:48:00,625,625,630,630,10100
2022-01-18 14:49:00,630,625,630,625,1100
2022-01-18 14:50:00,630,625,630,625,0
2022-01-18 14:51:00,630,625,630,625,0
2022-01-18 14:52:00,630,625,630,625,0
2022-01-18 14:53:00,630,625,630,625,0
2022-01-18 14:54:00,630,625,630,625,0
2022-01-18 14:55:00,630,625,630,625,0
2022-01-18 14:56:00,630,625,630,625,0
2022-01-18 14:57:00,630,625,630,625,0
2022-01-18 14:58:00,630,625,630,625,0
2022-01-18 14:59:00,630,625,630,625,0
2022-01-18 15:00:00,625,625,625,625,48000
2022-01-18 15:01:00,625,625,625,625,0
2022-01-18 15:02:00,625,625,625,625,0
2022-01-18 15:03:00,625,625,625,625,0
2022-01-18 15:04:00,625,625,625,625,0
2022-01-18 15:05:00,625,625,625,625,0
2022-01-18 15:06:00,625,625,625,625,0
2022-01-18 15:07:00,625,625,625,625,0
2022-01-18 15:08:00,625,625,625,625,0
2022-01-18 15:09:00,625,625,625,625,407600
2022-01-18 15:10:00,625,625,625,625,0
2022-01-18 15:11:00,625,625,625,625,0
2022-01-18 15:12:00,625,625,625,625,0
2022-01-18 15:13:00,625,625,625,625,0
2022-01-18 15:14:00,625,625,625,625,0
2022-01-18 15:15:00,625,625,625,625,0
2022-01-18 15:16:00,625,625,625,625,0
2022-01-18 15:17:00,625,625,625,625,0
2022-01-18 15:18:00,625,625,625,625,0
2022-01-18 15:19:00,625,625,625,625,0
2022-01-18 15:20:00,625,625,625,625,0
2022-01-18 15:21:00,625,625,625,625,0
2022-01-18 15:22:00,625,625,625,625,0
2022-01-18 15:23:00,625,625,625,625,0
2022-01-18 15:24:00,625,625,625,625,0
2022-01-18 15:25:00,625,625,625,625,0
2022-01-18 15:26:00,625,625,625,625,0
2022-01-18 15:27:00,625,625,625,625,0
2022-01-18 15:28:00,625,625,625,625,0
2022-01-18 15:29:00,625,625,625,625,0
2022-01-18 15:30:00,625,625,625,625,0
2022-01-18 15:31:00,625,625,625,625,0
2022-01-18 15:32:00,625,625,625,625,0
2022-01-18 15:33:00,625,625,625,625,0
2022-01-18 15:34:00,625,625,625,625,0
2022-01-18 15:35:00,625,625,625,625,0
2022-01-18 15:36:00,625,625,625,625,0
2022-01-18 15:37:00,625,625,625,625,0
2022-01-18 15:38:00,625,625,625,625,0
2022-01-18 15:39:00,625,625,625,625,0
2022-01-18 15:40:00,625,625,625,625,0
2022-01-18 15:41:00,625,625,625,625,0
2022-01-18 15:42:00,625,625,625,625,0
2022-01-18 15:43:00,625,625,625,625,0
2022-01-18 15:44:00,625,625,625,625,0
2022-01-18 15:45:00,625,625,625,625,0
2022-01-18 15:46:00,625,625,625,625,0
2022-01-18 15:47:00,625,625,625,625,0
2022-01-18 15:48:00,625,625,625,625,0
2022-01-18 15:49:00,625,625,625,625,0
2022-01-18 15:50:00,625,625,625,625,0
2022-01-18 15:51:00,625,625,625,625,0
2022-01-18 15:52:00,625,625,625,625,0
2022-01-18 15:53:00,625,625,625,625,0
2022-01-18 15:54:00,625,625,625,625,0
2022-01-18 15:55:00,625,625,625,625,0
2022-01-18 15:56:00,625,625,625,625,0
2022-01-18 15:57:00,625,625,625,625,0
2022-01-18 15:58:00,625,625,625,625,0
2022-01-18 15:59:00,625,625,625,625,0
2022-01-19 09:00:00,625,625,625,625,0
2022-01-19 09:01:00,625,625,625,625,0
2022-01-19 09:02:00,625,625,625,625,0
2022-01-19 09:03:00,620,620,620,620,0
2022-01-19 09:04:00,620,620,620,620,0
2022-01-19 09:05:00,615,610,615,610,87900
2022-01-19 09:06:00,615,610,620,620,38700
2022-01-19 09:07:00,620,620,630,630,16900
2022-01-19 09:08:00,630,630,630,630,15000
2022-01-19 09:09:00,630,630,630,630,11000
2022-01-19 09:10:00,630,630,630,630,7500
2022-01-19 09:11:00,625,625,630,630,5700
2022-01-19 09:12:00,630,630,630,630,6500
2022-01-19 09:13:00,630,630,630,630,7500
2022-01-19 09:14:00,630,625,630,625,9900
2022-01-19 09:15:00,615,610,615,610,21600
2022-01-19 09:16:00,630,630,630,630,4500
2022-01-19 09:17:00,630,630,630,630,0
2022-01-19 09:18:00,625,625,625,625,7500
2022-01-19 09:19:00,625,625,625,625,4500
2022-01-19 09:20:00,625,625,630,630,18500
2022-01-19 09:21:00,625,625,625,625,1500
2022-01-19 09:22:00,625,625,625,625,2200
2022-01-19 09:23:00,625,625,625,625,0
2022-01-19 09:24:00,625,625,625,625,0
2022-01-19 09:25:00,625,625,625,625,0
2022-01-19 09:26:00,625,625,625,625,0
2022-01-19 09:27:00,625,625,625,625,0
2022-01-19 09:28:00,625,625,625,625,0
2022-01-19 09:29:00,625,625,625,625,0
2022-01-19 09:30:00,625,625,625,625,300
2022-01-19 09:31:00,625,625,630,630,1400
2022-01-19 09:32:00,630,630,630,630,500
2022-01-19 09:33:00,630,630,630,630,0
2022-01-19 09:34:00,630,630,630,630,700
2022-01-19 09:35:00,630,630,630,630,800
2022-01-19 09:36:00,630,630,630,630,500
2022-01-19 09:37:00,630,630,630,630,0
2022-01-19 09:38:00,630,630,630,630,0
2022-01-19 09:39:00,630,625,630,625,1700
2022-01-19 09:40:00,630,625,630,625,0
2022-01-19 09:41:00,630,625,630,625,0
2022-01-19 09:42:00,625,625,625,625,300
2022-01-19 09:43:00,625,625,625,625,0
2022-01-19 09:44:00,625,625,625,625,300
2022-01-19 09:45:00,625,625,625,625,0
2022-01-19 09:46:00,625,625,625,625,100
2022-01-19 09:47:00,625,625,625,625,0
2022-01-19 09:48:00,625,625,625,625,7100
2022-01-19 09:49:00,625,625,625,625,0
2022-01-19 09:50:00,625,625,625,625,0
2022-01-19 09:51:00,625,625,625,625,0
2022-01-19 09:52:00,625,625,625,625,300
2022-01-19 09:53:00,620,620,620,620,2000
2022-01-19 09:54:00,625,625,625,625,500
2022-01-19 09:55:00,625,625,625,625,5000
2022-01-19 09:56:00,625,625,625,625,0
2022-01-19 09:57:00,625,625,625,625,0
2022-01-19 09:58:00,625,625,625,625,300
2022-01-19 09:59:00,625,625,625,625,0
2022-01-19 10:00:00,625,625,625,625,1500
2022-01-19 10:01:00,625,625,625,625,0
2022-01-19 10:02:00,625,625,625,625,0
2022-01-19 10:03:00,625,625,625,625,0
2022-01-19 10:04:00,625,625,625,625,0
2022-01-19 10:05:00,620,620,620,620,100
2022-01-19 10:06:00,625,625,625,625,500
2022-01-19 10:07:00,625,625,625,625,0
2022-01-19 10:08:00,625,625,625,625,0
2022-01-19 10:09:00,625,625,625,625,300
2022-01-19 10:10:00,625,625,625,625,0
2022-01-19 10:11:00,625,625,625,625,0
2022-01-19 10:12:00,620,620,620,620,9200
2022-01-19 10:13:00,620,620,620,620,0
2022-01-19 10:14:00,615,615,620,620,8300
2022-01-19 10:15:00,615,615,620,620,0
2022-01-19 10:16:00,620,615,620,615,9000
2022-01-19 10:17:00,620,620,620,620,1800
2022-01-19 10:18:00,620,620,620,620,800
2022-01-19 10:19:00,620,620,620,620,0
2022-01-19 10:20:00,620,620,620,620,0
2022-01-19 10:21:00,620,620,620,620,0
2022-01-19 10:22:00,620,620,620,620,0
2022-01-19 10:23:00,620,620,625,625,3400
2022-01-19 10:24:00,620,620,625,625,0
2022-01-19 10:25:00,620,620,625,625,1300
2022-01-19 10:26:00,620,620,625,625,0
2022-01-19 10:27:00,625,625,625,625,1800
2022-01-19 10:28:00,625,625,625,625,0
2022-01-19 10:29:00,625,625,625,625,0
2022-01-19 10:30:00,625,625,625,625,0
2022-01-19 10:31:00,625,625,625,625,0
2022-01-19 10:32:00,625,625,625,625,0
2022-01-19 10:33:00,625,625,625,625,0
2022-01-19 10:34:00,625,625,625,625,500
2022-01-19 10:35:00,625,625,625,625,0
2022-01-19 10:36:00,625,625,625,625,0
2022-01-19 10:37:00,625,625,625,625,0
2022-01-19 10:38:00,620,620,620,620,4600
2022-01-19 10:39:00,620,620,620,620,0
2022-01-19 10:40:00,620,620,620,620,0
2022-01-19 10:41:00,620,620,620,620,0
2022-01-19 10:42:00,620,620,620,620,2000
2022-01-19 10:43:00,620,620,620,620,0
2022-01-19 10:44:00,620,620,620,620,0
2022-01-19 10:45:00,620,620,620,620,0
2022-01-19 10:46:00,620,620,620,620,0
2022-01-19 10:47:00,620,620,620,620,0
2022-01-19 10:48:00,620,620,620,620,0
2022-01-19 10:49:00,620,620,620,620,12000
2022-01-19 10:50:00,620,620,620,620,3100
2022-01-19 10:51:00,620,620,620,620,0
2022-01-19 10:52:00,620,620,620,620,1900
2022-01-19 10:53:00,620,620,620,620,0
2022-01-19 10:54:00,620,620,620,620,0
2022-01-19 10:55:00,620,620,620,620,0
2022-01-19 10:56:00,620,620,620,620,6500
2022-01-19 10:57:00,620,620,620,620,200
2022-01-19 10:58:00,620,620,620,620,0
2022-01-19 10:59:00,620,620,620,620,0
2022-01-19 11:00:00,620,620,620,620,500
2022-01-19 11:01:00,620,620,620,620,800
2022-01-19 11:02:00,620,620,620,620,400
2022-01-19 11:03:00,620,620,620,620,300
2022-01-19 11:04:00,620,620,620,620,0
2022-01-19 11:05:00,620,620,620,620,2800
2022-01-19 11:06:00,620,620,620,620,300
2022-01-19 11:07:00,620,620,620,620,0
2022-01-19 11:08:00,620,620,620,620,0
2022-01-19 11:09:00,620,620,620,620,300
2022-01-19 11:10:00,620,620,620,620,0
2022-01-19 11:11:00,620,620,620,620,0
2022-01-19 11:12:00,620,620,620,620,500
2022-01-19 11:13:00,620,620,620,620,0
2022-01-19 11:14:00,620,620,620,620,300
2022-01-19 11:15:00,620,620,620,620,300
2022-01-19 11:16:00,620,620,620,620,500
2022-01-19 11:17:00,620,620,620,620,0
2022-01-19 11:18:00,620,620,620,620,1000
2022-01-19 11:19:00,620,620,620,620,700
2022-01-19 11:20:00,620,620,620,620,500
2022-01-19 11:21:00,620,620,620,620,0
2022-01-19 11:22:00,620,620,620,620,6100
2022-01-19 11:23:00,620,620,620,620,0
2022-01-19 11:24:00,620,620,620,620,300
2022-01-19 11:25:00,620,620,620,620,0
2022-01-19 11:26:00,615,615,620,620,2500
2022-01-19 11:27:00,620,620,620,620,600
2022-01-19 11:28:00,620,620,620,620,400
2022-01-19 11:29:00,620,620,620,620,200
2022-01-19 11:30:00,620,620,620,620,0
2022-01-19 11:31:00,620,620,620,620,0
2022-01-19 11:32:00,620,620,620,620,0
2022-01-19 11:33:00,620,620,620,620,0
2022-01-19 11:34:00,620,620,620,620,0
2022-01-19 11:35:00,620,620,620,620,0
2022-01-19 11:36:00,620,620,620,620,0
2022-01-19 11:37:00,620,620,620,620,0
2022-01-19 11:38:00,620,620,620,620,0
2022-01-19 11:39:00,620,620,620,620,0
2022-01-19 11:40:00,620,620,620,620,0
2022-01-19 11:41:00,620,620,620,620,0
2022-01-19 11:42:00,620,620,620,620,0
2022-01-19 11:43:00,620,620,620,620,0
2022-01-19 11:44:00,620,620,620,620,0
2022-01-19 11:45:00,620,620,620,620,0
2022-01-19 11:46:00,620,620,620,620,0
2022-01-19 11:47:00,620,620,620,620,0
2022-01-19 11:48:00,620,620,620,620,0
2022-01-19 11:49:00,620,620,620,620,0
2022-01-19 11:50:00,620,620,620,620,0
2022-01-19 11:51:00,620,620,620,620,0
2022-01-19 11:52:00,620,620,620,620,0
2022-01-19 11:53:00,620,620,620,620,0
2022-01-19 11:54:00,620,620,620,620,0
2022-01-19 11:55:00,620,620,620,620,0
2022-01-19 11:56:00,620,620,620,620,0
2022-01-19 11:57:00,620,620,620,620,0
2022-01-19 11:58:00,620,620,620,620,0
2022-01-19 11:59:00,620,620,620,620,0
2022-01-19 12:00:00,620,620,620,620,0
2022-01-19 12:01:00,620,620,620,620,0
2022-01-19 12:02:00,620,620,620,620,0
2022-01-19 12:03:00,620,620,620,620,0
2022-01-19 12:04:00,620,620,620,620,0
2022-01-19 12:05:00,620,620,620,620,0
2022-01-19 12:06:00,620,620,620,620,0
2022-01-19 12:07:00,620,620,620,620,0
2022-01-19 12:08:00,620,620,620,620,0
2022-01-19 12:09:00,620,620,620,620,0
2022-01-19 12:10:00,620,620,620,620,0
2022-01-19 12:11:00,620,620,620,620,0
2022-01-19 12:12:00,620,620,620,620,0
2022-01-19 12:13:00,620,620,620,620,0
2022-01-19 12:14:00,620,620,620,620,0
2022-01-19 12:15:00,620,620,620,620,0
2022-01-19 12:16:00,620,620,620,620,0
2022-01-19 12:17:00,620,620,620,620,0
2022-01-19 12:18:00,620,620,620,620,0
2022-01-19 12:19:00,620,620,620,620,0
2022-01-19 12:20:00,620,620,620,620,0
2022-01-19 12:21:00,620,620,620,620,0
2022-01-19 12:22:00,620,620,620,620,0
2022-01-19 12:23:00,620,620,620,620,0
2022-01-19 12:24:00,620,620,620,620,0
2022-01-19 12:25:00,620,620,620,620,0
2022-01-19 12:26:00,620,620,620,620,0
2022-01-19 12:27:00,620,620,620,620,0
2022-01-19 12:28:00,620,620,620,620,0
2022-01-19 12:29:00,620,620,620,620,0
2022-01-19 12:30:00,620,620,620,620,0
2022-01-19 12:31:00,620,620,620,620,0
2022-01-19 12:32:00,620,620,620,620,0
2022-01-19 12:33:00,620,620,620,620,0
2022-01-19 12:34:00,620,620,620,620,0
2022-01-19 12:35:00,620,620,620,620,0
2022-01-19 12:36:00,620,620,620,620,0
2022-01-19 12:37:00,620,620,620,620,0
2022-01-19 12:38:00,620,620,620,620,0
2022-01-19 12:39:00,620,620,620,620,0
2022-01-19 12:40:00,620,620,620,620,0
2022-01-19 12:41:00,620,620,620,620,0
2022-01-19 12:42:00,620,620,620,620,0
2022-01-19 12:43:00,620,620,620,620,0
2022-01-19 12:44:00,620,620,620,620,0
2022-01-19 12:45:00,620,620,620,620,0
2022-01-19 12:46:00,620,620,620,620,0
2022-01-19 12:47:00,620,620,620,620,0
2022-01-19 12:48:00,620,620,620,620,0
2022-01-19 12:49:00,620,620,620,620,0
2022-01-19 12:50:00,620,620,620,620,0
2022-01-19 12:51:00,620,620,620,620,0
2022-01-19 12:52:00,620,620,620,620,0
2022-01-19 12:53:00,620,620,620,620,0
2022-01-19 12:54:00,620,620,620,620,0
2022-01-19 12:55:00,620,620,620,620,0
2022-01-19 12:56:00,620,620,620,620,0
2022-01-19 12:57:00,620,620,620,620,0
2022-01-19 12:58:00,620,620,620,620,0
2022-01-19 12:59:00,620,620,620,620,0
2022-01-19 13:00:00,620,620,620,620,0
2022-01-19 13:01:00,620,620,620,620,0
2022-01-19 13:02:00,620,620,620,620,0
2022-01-19 13:03:00,620,620,620,620,0
2022-01-19 13:04:00,620,620,620,620,0
2022-01-19 13:05:00,620,620,620,620,0
2022-01-19 13:06:00,620,620,620,620,0
2022-01-19 13:07:00,620,620,620,620,0
2022-01-19 13:08:00,620,620,620,620,0
2022-01-19 13:09:00,620,620,620,620,0
2022-01-19 13:10:00,620,620,620,620,0
2022-01-19 13:11:00,620,620,620,620,0
2022-01-19 13:12:00,620,620,620,620,0
2022-01-19 13:13:00,620,620,620,620,0
2022-01-19 13:14:00,620,620,620,620,0
2022-01-19 13:15:00,620,620,620,620,0
2022-01-19 13:16:00,620,620,620,620,0
2022-01-19 13:17:00,620,620,620,620,0
2022-01-19 13:18:00,620,620,620,620,0
2022-01-19 13:19:00,620,620,620,620,0
2022-01-19 13:20:00,620,620,620,620,0
2022-01-19 13:21:00,620,620,620,620,0
2022-01-19 13:22:00,620,620,620,620,0
2022-01-19 13:23:00,620,620,620,620,0
2022-01-19 13:24:00,620,620,620,620,0
2022-01-19 13:25:00,620,620,620,620,0
2022-01-19 13:26:00,620,620,620,620,0
2022-01-19 13:27:00,620,620,620,620,0
2022-01-19 13:28:00,620,620,620,620,0
2022-01-19 13:29:00,620,620,620,620,0
2022-01-19 13:30:00,620,620,620,620,0
2022-01-19 13:31:00,615,615,615,615,21000
2022-01-19 13:32:00,615,615,615,615,0
2022-01-19 13:33:00,615,615,615,615,0
2022-01-19 13:34:00,615,615,615,615,0
2022-01-19 13:35:00,620,620,620,620,15000
2022-01-19 13:36:00,620,620,620,620,400
2022-01-19 13:37:00,620,620,620,620,2500
2022-01-19 13:38:00,615,615,620,620,2000
2022-01-19 13:39:00,620,620,620,620,5000
2022-01-19 13:40:00,620,620,620,620,0
2022-01-19 13:41:00,620,620,620,620,0
2022-01-19 13:42:00,620,620,620,620,0
2022-01-19 13:43:00,620,620,620,620,5000
2022-01-19 13:44:00,620,620,620,620,1200
2022-01-19 13:45:00,620,620,620,620,2600
2022-01-19 13:46:00,620,620,620,620,800
2022-01-19 13:47:00,620,620,620,620,600
2022-01-19 13:48:00,620,620,620,620,0
2022-01-19 13:49:00,620,620,620,620,17600
2022-01-19 13:50:00,620,620,620,620,5000
2022-01-19 13:51:00,620,620,620,620,3000
2022-01-19 13:52:00,620,620,620,620,4000
2022-01-19 13:53:00,620,620,620,620,0
2022-01-19 13:54:00,620,620,620,620,0
2022-01-19 13:55:00,620,620,620,620,7800
2022-01-19 13:56:00,620,620,620,620,20500
2022-01-19 13:57:00,620,620,620,620,3500
2022-01-19 13:58:00,620,615,620,615,10500
2022-01-19 13:59:00,615,615,620,620,12900
2022-01-19 14:00:00,620,620,620,620,5600
2022-01-19 14:01:00,620,620,620,620,7500
2022-01-19 14:02:00,620,620,620,620,3000
2022-01-19 14:03:00,620,620,620,620,10300
2022-01-19 14:04:00,620,615,620,615,5400
2022-01-19 14:05:00,620,620,620,620,15600
2022-01-19 14:06:00,620,620,620,620,9000
2022-01-19 14:07:00,620,620,620,620,15100
2022-01-19 14:08:00,620,620,620,620,10500
2022-01-19 14:09:00,620,620,620,620,35500
2022-01-19 14:10:00,620,620,620,620,15700
2022-01-19 14:11:00,620,620,620,620,13000
2022-01-19 14:12:00,620,620,620,620,8600
2022-01-19 14:13:00,615,615,620,620,5500
2022-01-19 14:14:00,620,620,620,620,6000
2022-01-19 14:15:00,620,620,620,620,1500
2022-01-19 14:16:00,620,620,620,620,4000
2022-01-19 14:17:00,620,620,620,620,3000
2022-01-19 14:18:00,620,620,620,620,2500
2022-01-19 14:19:00,620,620,620,620,5000
2022-01-19 14:20:00,620,620,620,620,2000
2022-01-19 14:21:00,620,620,620,620,3000
2022-01-19 14:22:00,620,620,620,620,0
2022-01-19 14:23:00,620,620,620,620,1500
2022-01-19 14:24:00,620,620,620,620,0
2022-01-19 14:25:00,615,615,615,615,500
2022-01-19 14:26:00,620,620,620,620,1500
2022-01-19 14:27:00,620,620,620,620,1500
2022-01-19 14:28:00,620,620,620,620,0
2022-01-19 14:29:00,620,620,620,620,0
2022-01-19 14:30:00,615,615,615,615,400
2022-01-19 14:31:00,615,615,615,615,5300
2022-01-19 14:32:00,620,620,620,620,3500
2022-01-19 14:33:00,620,615,620,615,7000
2022-01-19 14:34:00,615,615,615,615,9500
2022-01-19 14:35:00,615,615,615,615,10600
2022-01-19 14:36:00,620,620,620,620,5500
2022-01-19 14:37:00,620,620,620,620,10100
2022-01-19 14:38:00,615,615,620,615,6400
2022-01-19 14:39:00,615,615,615,615,24000
2022-01-19 14:40:00,620,620,620,620,5000
2022-01-19 14:41:00,620,620,620,620,18600
2022-01-19 14:42:00,620,620,620,620,12000
2022-01-19 14:43:00,620,615,620,615,9100
2022-01-19 14:44:00,620,620,620,620,34000
2022-01-19 14:45:00,620,620,620,620,20500
2022-01-19 14:46:00,620,620,620,620,16500
2022-01-19 14:47:00,620,620,620,620,10000
2022-01-19 14:48:00,620,620,620,620,45000
2022-01-19 14:49:00,620,620,620,620,19300
2022-01-19 14:50:00,620,620,620,620,0
2022-01-19 14:51:00,620,620,620,620,0
2022-01-19 14:52:00,620,620,620,620,0
2022-01-19 14:53:00,620,620,620,620,0
2022-01-19 14:54:00,620,620,620,620,0
2022-01-19 14:55:00,620,620,620,620,0
2022-01-19 14:56:00,620,620,620,620,0
2022-01-19 14:57:00,620,620,620,620,0
2022-01-19 14:58:00,620,620,620,620,0
2022-01-19 14:59:00,620,620,620,620,0
2022-01-19 15:00:00,610,610,610,610,100000
2022-01-19 15:01:00,610,610,610,610,0
2022-01-19 15:02:00,610,610,610,610,12100
2022-01-19 15:03:00,610,610,610,610,0
2022-01-19 15:04:00,610,610,610,610,5000
2022-01-19 15:05:00,610,610,610,610,0
2022-01-19 15:06:00,610,610,610,610,0
2022-01-19 15:07:00,610,610,610,610,100
2022-01-19 15:08:00,610,610,610,610,0
2022-01-19 15:09:00,610,610,610,610,600
2022-01-19 15:10:00,610,610,610,610,0
2022-01-19 15:11:00,610,610,610,610,0
2022-01-19 15:12:00,610,610,610,610,0
2022-01-19 15:13:00,610,610,610,610,0
2022-01-19 15:14:00,610,610,610,610,0
2022-01-19 15:15:00,610,610,610,610,0
2022-01-19 15:16:00,610,610,610,610,0
2022-01-19 15:17:00,610,610,610,610,0
2022-01-19 15:18:00,610,610,610,610,0
2022-01-19 15:19:00,610,610,610,610,0
2022-01-19 15:20:00,610,610,610,610,0
2022-01-19 15:21:00,610,610,610,610,0
2022-01-19 15:22:00,610,610,610,610,0
2022-01-19 15:23:00,610,610,610,610,0
2022-01-19 15:24:00,610,610,610,610,0
2022-01-19 15:25:00,610,610,610,610,0
2022-01-19 15:26:00,610,610,610,610,0
2022-01-19 15:27:00,610,610,610,610,0
2022-01-19 15:28:00,610,610,610,610,0
2022-01-19 15:29:00,610,610,610,610,0
2022-01-19 15:30:00,610,610,610,610,0
2022-01-19 15:31:00,610,610,610,610,0
2022-01-19 15:32:00,610,610,610,610,0
2022-01-19 15:33:00,610,610,610,610,0
2022-01-19 15:34:00,610,610,610,610,0
2022-01-19 15:35:00,610,610,610,610,0
2022-01-19 15:36:00,610,610,610,610,0
2022-01-19 15:37:00,610,610,610,610,0
2022-01-19 15:38:00,610,610,610,610,0
2022-01-19 15:39:00,610,610,610,610,0
2022-01-19 15:40:00,610,610,610,610,0
2022-01-19 15:41:00,610,610,610,610,0
2022-01-19 15:42:00,610,610,610,610,0
2022-01-19 15:43:00,610,610,610,610,0
2022-01-19 15:44:00,610,610,610,610,0
2022-01-19 15:45:00,610,610,610,610,0
2022-01-19 15:46:00,610,610,610,610,0
2022-01-19 15:47:00,610,610,610,610,0
2022-01-19 15:48:00,610,610,610,610,0
2022-01-19 15:49:00,610,610,610,610,0
2022-01-19 15:50:00,610,610,610,610,0
2022-01-19 15:51:00,610,610,610,610,0
2022-01-19 15:52:00,610,610,610,610,0
2022-01-19 15:53:00,610,610,610,610,0
2022-01-19 15:54:00,610,610,610,610,0
2022-01-19 15:55:00,610,610,610,610,0
2022-01-19 15:56:00,610,610,610,610,0
2022-01-19 15:57:00,610,610,610,610,0
2022-01-19 15:58:00,610,610,610,610,0
2022-01-19 15:59:00,610,610,610,610,0
2022-01-20 09:00:00,610,610,610,610,0
2022-01-20 09:01:00,610,610,610,610,10000
2022-01-20 09:02:00,610,610,610,610,10000
2022-01-20 09:03:00,605,600,610,610,128300
2022-01-20 09:04:00,595,590,595,590,55100
2022-01-20 09:05:00,585,570,590,580,155100
2022-01-20 09:06:00,570,570,575,575,17400
2022-01-20 09:07:00,575,575,575,575,10000
2022-01-20 09:08:00,575,575,575,575,28200
2022-01-20 09:09:00,580,580,595,595,57800
2022-01-20 09:10:00,595,595,600,600,59800
2022-01-20 09:11:00,595,590,595,590,17100
2022-01-20 09:12:00,595,595,595,595,12000
2022-01-20 09:13:00,595,595,595,595,1700
2022-01-20 09:14:00,595,590,595,590,2000
2022-01-20 09:15:00,590,590,600,600,64800
2022-01-20 09:16:00,600,600,600,600,7100
2022-01-20 09:17:00,600,600,600,600,2000
2022-01-20 09:18:00,600,600,600,600,12000
2022-01-20 09:19:00,600,600,600,600,8000
2022-01-20 09:20:00,600,600,600,600,800
2022-01-20 09:21:00,600,600,600,600,0
2022-01-20 09:22:00,595,595,595,595,1200
2022-01-20 09:23:00,600,600,600,600,20000
2022-01-20 09:24:00,605,605,605,605,10000
2022-01-20 09:25:00,605,605,605,605,3900
2022-01-20 09:26:00,605,605,605,605,300
2022-01-20 09:27:00,605,605,605,605,0
2022-01-20 09:28:00,605,600,605,600,2900
2022-01-20 09:29:00,605,605,605,605,200
2022-01-20 09:30:00,605,605,605,605,9200
2022-01-20 09:31:00,605,600,605,600,1300
2022-01-20 09:32:00,605,600,605,600,0
2022-01-20 09:33:00,605,605,605,605,600
2022-01-20 09:34:00,605,605,605,605,200
2022-01-20 09:35:00,605,605,605,605,300
2022-01-20 09:36:00,605,605,605,605,200
2022-01-20 09:37:00,605,605,605,605,0
2022-01-20 09:38:00,605,605,605,605,500
2022-01-20 09:39:00,605,605,605,605,300
2022-01-20 09:40:00,605,605,605,605,0
2022-01-20 09:41:00,605,605,605,605,300
2022-01-20 09:42:00,605,605,605,605,200
2022-01-20 09:43:00,605,605,605,605,0
2022-01-20 09:44:00,605,605,605,605,200
2022-01-20 09:45:00,605,605,605,605,300
2022-01-20 09:46:00,605,605,605,605,0
2022-01-20 09:47:00,605,605,605,605,0
2022-01-20 09:48:00,605,605,605,605,300
2022-01-20 09:49:00,605,605,605,605,0
2022-01-20 09:50:00,605,605,605,605,2000
2022-01-20 09:51:00,605,605,605,605,0
2022-01-20 09:52:00,605,600,605,600,2300
2022-01-20 09:53:00,605,605,605,605,9200
2022-01-20 09:54:00,605,605,605,605,0
2022-01-20 09:55:00,605,605,605,605,300
2022-01-20 09:56:00,605,605,605,605,300
2022-01-20 09:57:00,605,605,605,605,0
2022-01-20 09:58:00,605,605,605,605,0
2022-01-20 09:59:00,605,605,605,605,3200
2022-01-20 10:00:00,605,605,605,605,0
2022-01-20 10:01:00,605,605,605,605,200
2022-01-20 10:02:00,605,605,605,605,0
2022-01-20 10:03:00,605,605,605,605,6000
2022-01-20 10:04:00,605,605,605,605,300
2022-01-20 10:05:00,605,605,605,605,200
2022-01-20 10:06:00,605,605,605,605,300
2022-01-20 10:07:00,605,605,605,605,200
2022-01-20 10:08:00,605,605,605,605,0
2022-01-20 10:09:00,600,600,605,605,2100
2022-01-20 10:10:00,600,600,605,605,0
2022-01-20 10:11:00,600,600,605,605,0
2022-01-20 10:12:00,605,605,605,605,10300
2022-01-20 10:13:00,605,605,605,605,0
2022-01-20 10:14:00,605,605,605,605,200
2022-01-20 10:15:00,600,600,600,600,2700
2022-01-20 10:16:00,605,605,605,605,600
2022-01-20 10:17:00,605,605,605,605,0
2022-01-20 10:18:00,605,605,605,605,0
2022-01-20 10:19:00,605,605,605,605,0
2022-01-20 10:20:00,605,605,605,605,0
2022-01-20 10:21:00,605,605,605,605,0
2022-01-20 10:22:00,605,605,605,605,10000
2022-01-20 10:23:00,605,600,605,600,1400
2022-01-20 10:24:00,605,605,605,605,300
2022-01-20 10:25:00,605,605,605,605,0
2022-01-20 10:26:00,605,605,605,605,0
2022-01-20 10:27:00,605,605,605,605,20500
2022-01-20 10:28:00,605,605,605,605,0
2022-01-20 10:29:00,605,605,605,605,300
2022-01-20 10:30:00,605,605,605,605,0
2022-01-20 10:31:00,605,605,605,605,200
2022-01-20 10:32:00,605,605,605,605,27500
2022-01-20 10:33:00,605,605,605,605,0
2022-01-20 10:34:00,605,605,605,605,0
2022-01-20 10:35:00,605,605,605,605,0
2022-01-20 10:36:00,605,605,605,605,0
2022-01-20 10:37:00,605,605,605,605,0
2022-01-20 10:38:00,605,605,605,605,0
2022-01-20 10:39:00,605,605,605,605,0
2022-01-20 10:40:00,605,605,605,605,0
2022-01-20 10:41:00,605,605,605,605,300
2022-01-20 10:42:00,605,605,605,605,0
2022-01-20 10:43:00,605,605,605,605,0
2022-01-20 10:44:00,605,600,605,600,16000
2022-01-20 10:45:00,605,605,605,605,400
2022-01-20 10:46:00,605,605,605,605,200
2022-01-20 10:47:00,605,605,605,605,200
2022-01-20 10:48:00,600,600,600,600,4200
2022-01-20 10:49:00,600,600,600,600,1000
2022-01-20 10:50:00,595,595,600,600,700
2022-01-20 10:51:00,595,595,600,600,0
2022-01-20 10:52:00,595,595,600,600,0
2022-01-20 10:53:00,600,600,600,600,300
2022-01-20 10:54:00,600,595,600,595,24600
2022-01-20 10:55:00,600,600,600,600,200
2022-01-20 10:56:00,600,600,600,600,0
2022-01-20 10:57:00,595,595,600,600,2000
2022-01-20 10:58:00,600,600,600,600,200
2022-01-20 10:59:00,600,600,600,600,0
2022-01-20 11:00:00,600,600,600,600,0
2022-01-20 11:01:00,600,600,600,600,0
2022-01-20 11:02:00,600,600,600,600,0
2022-01-20 11:03:00,600,595,600,595,10300
2022-01-20 11:04:00,600,600,600,600,300
2022-01-20 11:05:00,600,600,600,600,0
2022-01-20 11:06:00,600,600,600,600,0
2022-01-20 11:07:00,595,590,595,590,2700
2022-01-20 11:08:00,600,600,600,600,700
2022-01-20 11:09:00,600,600,600,600,0
2022-01-20 11:10:00,600,600,600,600,300
2022-01-20 11:11:00,600,600,600,600,0
2022-01-20 11:12:00,600,600,600,600,300
2022-01-20 11:13:00,600,600,600,600,0
2022-01-20 11:14:00,600,600,600,600,0
2022-01-20 11:15:00,600,600,600,600,10000
2022-01-20 11:16:00,600,600,600,600,0
2022-01-20 11:17:00,600,600,600,600,0
2022-01-20 11:18:00,600,600,600,600,300
2022-01-20 11:19:00,600,600,600,600,0
2022-01-20 11:20:00,600,600,600,600,200
2022-01-20 11:21:00,600,600,600,600,300
2022-01-20 11:22:00,600,600,600,600,300
2022-01-20 11:23:00,600,600,600,600,300
2022-01-20 11:24:00,600,600,600,600,0
2022-01-20 11:25:00,600,600,600,600,200
2022-01-20 11:26:00,600,600,600,600,200
2022-01-20 11:27:00,600,600,600,600,500
2022-01-20 11:28:00,600,600,600,600,200
2022-01-20 11:29:00,600,600,600,600,200
2022-01-20 11:30:00,600,600,600,600,0
2022-01-20 11:31:00,600,600,600,600,0
2022-01-20 11:32:00,600,600,600,600,0
2022-01-20 11:33:00,600,600,600,600,0
2022-01-20 11:34:00,600,600,600,600,0
2022-01-20 11:35:00,600,600,600,600,0
2022-01-20 11:36:00,600,600,600,600,0
2022-01-20 11:37:00,600,600,600,600,0
2022-01-20 11:38:00,600,600,600,600,0
2022-01-20 11:39:00,600,600,600,600,0
2022-01-20 11:40:00,600,600,600,600,0
2022-01-20 11:41:00,600,600,600,600,0
2022-01-20 11:42:00,600,600,600,600,0
2022-01-20 11:43:00,600,600,600,600,0
2022-01-20 11:44:00,600,600,600,600,0
2022-01-20 11:45:00,600,600,600,600,0
2022-01-20 11:46:00,600,600,600,600,0
2022-01-20 11:47:00,600,600,600,600,0
2022-01-20 11:48:00,600,600,600,600,0
2022-01-20 11:49:00,600,600,600,600,0
2022-01-20 11:50:00,600,600,600,600,0
2022-01-20 11:51:00,600,600,600,600,0
2022-01-20 11:52:00,600,600,600,600,0
2022-01-20 11:53:00,600,600,600,600,0
2022-01-20 11:54:00,600,600,600,600,0
2022-01-20 11:55:00,600,600,600,600,0
2022-01-20 11:56:00,600,600,600,600,0
2022-01-20 11:57:00,600,600,600,600,0
2022-01-20 11:58:00,600,600,600,600,0
2022-01-20 11:59:00,600,600,600,600,0
2022-01-20 12:00:00,600,600,600,600,0
2022-01-20 12:01:00,600,600,600,600,0
2022-01-20 12:02:00,600,600,600,600,0
2022-01-20 12:03:00,600,600,600,600,0
2022-01-20 12:04:00,600,600,600,600,0
2022-01-20 12:05:00,600,600,600,600,0
2022-01-20 12:06:00,600,600,600,600,0
2022-01-20 12:07:00,600,600,600,600,0
2022-01-20 12:08:00,600,600,600,600,0
2022-01-20 12:09:00,600,600,600,600,0
2022-01-20 12:10:00,600,600,600,600,0
2022-01-20 12:11:00,600,600,600,600,0
2022-01-20 12:12:00,600,600,600,600,0
2022-01-20 12:13:00,600,600,600,600,0
2022-01-20 12:14:00,600,600,600,600,0
2022-01-20 12:15:00,600,600,600,600,0
2022-01-20 12:16:00,600,600,600,600,0
2022-01-20 12:17:00,600,600,600,600,0
2022-01-20 12:18:00,600,600,600,600,0
2022-01-20 12:19:00,600,600,600,600,0
2022-01-20 12:20:00,600,600,600,600,0
2022-01-20 12:21:00,600,600,600,600,0
2022-01-20 12:22:00,600,600,600,600,0
2022-01-20 12:23:00,600,600,600,600,0
2022-01-20 12:24:00,600,600,600,600,0
2022-01-20 12:25:00,600,600,600,600,0
2022-01-20 12:26:00,600,600,600,600,0
2022-01-20 12:27:00,600,600,600,600,0
2022-01-20 12:28:00,600,600,600,600,0
2022-01-20 12:29:00,600,600,600,600,0
2022-01-20 12:30:00,600,600,600,600,0
2022-01-20 12:31:00,600,600,600,600,0
2022-01-20 12:32:00,600,600,600,600,0
2022-01-20 12:33:00,600,600,600,600,0
2022-01-20 12:34:00,600,600,600,600,0
2022-01-20 12:35:00,600,600,600,600,0
2022-01-20 12:36:00,600,600,600,600,0
2022-01-20 12:37:00,600,600,600,600,0
2022-01-20 12:38:00,600,600,600,600,0
2022-01-20 12:39:00,600,600,600,600,0
2022-01-20 12:40:00,600,600,600,600,0
2022-01-20 12:41:00,600,600,600,600,0
2022-01-20 12:42:00,600,600,600,600,0
2022-01-20 12:43:00,600,600,600,600,0
2022-01-20 12:44:00,600,600,600,600,0
2022-01-20 12:45:00,600,600,600,600,0
2022-01-20 12:46:00,600,600,600,600,0
2022-01-20 12:47:00,600,600,600,600,0
2022-01-20 12:48:00,600,600,600,600,0
2022-01-20 12:49:00,600,600,600,600,0
2022-01-20 12:50:00,600,600,600,600,0
2022-01-20 12:51:00,600,600,600,600,0
2022-01-20 12:52:00,600,600,600,600,0
2022-01-20 12:53:00,600,600,600,600,0
2022-01-20 12:54:00,600,600,600,600,0
2022-01-20 12:55:00,600,600,600,600,0
2022-01-20 12:56:00,600,600,600,600,0
2022-01-20 12:57:00,600,600,600,600,0
2022-01-20 12:58:00,600,600,600,600,0
2022-01-20 12:59:00,600,600,600,600,0
2022-01-20 13:00:00,600,600,600,600,0
2022-01-20 13:01:00,600,600,600,600,0
2022-01-20 13:02:00,600,600,600,600,0
2022-01-20 13:03:00,600,600,600,600,0
2022-01-20 13:04:00,600,600,600,600,0
2022-01-20 13:05:00,600,600,600,600,0
2022-01-20 13:06:00,600,600,600,600,0
2022-01-20 13:07:00,600,600,600,600,0
2022-01-20 13:08:00,600,600,600,600,0
2022-01-20 13:09:00,600,600,600,600,0
2022-01-20 13:10:00,600,600,600,600,0
2022-01-20 13:11:00,600,600,600,600,0
2022-01-20 13:12:00,600,600,600,600,0
2022-01-20 13:13:00,600,600,600,600,0
2022-01-20 13:14:00,600,600,600,600,0
2022-01-20 13:15:00,600,600,600,600,0
2022-01-20 13:16:00,600,600,600,600,0
2022-01-20 13:17:00,600,600,600,600,0
2022-01-20 13:18:00,600,600,600,600,0
2022-01-20 13:19:00,600,600,600,600,0
2022-01-20 13:20:00,600,600,600,600,0
2022-01-20 13:21:00,600,600,600,600,0
2022-01-20 13:22:00,600,600,600,600,0
2022-01-20 13:23:00,600,600,600,600,0
2022-01-20 13:24:00,600,600,600,600,0
2022-01-20 13:25:00,600,600,600,600,0
2022-01-20 13:26:00,600,600,600,600,0
2022-01-20 13:27:00,600,600,600,600,0
2022-01-20 13:28:00,600,600,600,600,0
2022-01-20 13:29:00,600,600,600,600,0
2022-01-20 13:30:00,595,595,600,600,32300
2022-01-20 13:31:00,600,600,600,600,36600
2022-01-20 13:32:00,600,600,600,600,5800
2022-01-20 13:33:00,600,600,600,600,7100
2022-01-20 13:34:00,600,600,600,600,0
2022-01-20 13:35:00,600,600,600,600,19000
2022-01-20 13:36:00,600,600,600,600,10000
2022-01-20 13:37:00,600,600,600,600,0
2022-01-20 13:38:00,600,600,600,600,0
2022-01-20 13:39:00,600,600,600,600,23200
2022-01-20 13:40:00,605,605,605,605,500
2022-01-20 13:41:00,605,605,605,605,0
2022-01-20 13:42:00,605,605,605,605,0
2022-01-20 13:43:00,605,605,605,605,6000
2022-01-20 13:44:00,605,605,605,605,0
2022-01-20 13:45:00,605,605,605,605,0
2022-01-20 13:46:00,605,605,605,605,0
2022-01-20 13:47:00,605,605,605,605,0
2022-01-20 13:48:00,605,605,605,605,0
2022-01-20 13:49:00,605,605,605,605,7300
2022-01-20 13:50:00,605,605,605,605,0
2022-01-20 13:51:00,605,605,605,605,200
2022-01-20 13:52:00,605,605,605,605,0
2022-01-20 13:53:00,605,605,605,605,0
2022-01-20 13:54:00,605,605,605,605,6200
2022-01-20 13:55:00,600,600,605,605,5300
2022-01-20 13:56:00,600,600,605,605,0
2022-01-20 13:57:00,605,605,605,605,100000
2022-01-20 13:58:00,605,605,605,605,10000
2022-01-20 13:59:00,605,605,605,605,4500
2022-01-20 14:00:00,600,600,600,600,1000
2022-01-20 14:01:00,605,605,605,605,200
2022-01-20 14:02:00,605,605,605,605,5000
2022-01-20 14:03:00,605,605,605,605,0
2022-01-20 14:04:00,605,605,605,605,0
2022-01-20 14:05:00,605,605,605,605,200
2022-01-20 14:06:00,605,605,605,605,10000
2022-01-20 14:07:00,605,605,605,605,0
2022-01-20 14:08:00,605,605,605,605,0
2022-01-20 14:09:00,600,600,600,600,100
2022-01-20 14:10:00,605,605,605,605,300
2022-01-20 14:11:00,605,605,605,605,10000
2022-01-20 14:12:00,605,605,605,605,0
2022-01-20 14:13:00,605,605,605,605,0
2022-01-20 14:14:00,605,605,605,605,0
2022-01-20 14:15:00,605,605,605,605,10000
2022-01-20 14:16:00,600,600,605,605,600
2022-01-20 14:17:00,605,605,605,605,2700
2022-01-20 14:18:00,605,605,605,605,0
2022-01-20 14:19:00,605,605,605,605,0
2022-01-20 14:20:00,605,605,605,605,2000
2022-01-20 14:21:00,605,605,605,605,100
2022-01-20 14:22:00,605,605,605,605,0
2022-01-20 14:23:00,605,605,605,605,10000
2022-01-20 14:24:00,605,605,605,605,0
2022-01-20 14:25:00,605,605,605,605,200
2022-01-20 14:26:00,605,605,605,605,2800
2022-01-20 14:27:00,600,600,600,600,4600
2022-01-20 14:28:00,600,600,605,605,6000
2022-01-20 14:29:00,600,600,605,605,0
2022-01-20 14:30:00,600,600,600,600,6500
2022-01-20 14:31:00,600,600,605,605,6000
2022-01-20 14:32:00,600,600,605,605,0
2022-01-20 14:33:00,600,600,605,605,2600
2022-01-20 14:34:00,605,605,605,605,1700
2022-01-20 14:35:00,605,605,605,605,0
2022-01-20 14:36:00,605,605,605,605,0
2022-01-20 14:37:00,605,605,605,605,0
2022-01-20 14:38:00,605,605,605,605,0
2022-01-20 14:39:00,605,605,605,605,0
2022-01-20 14:40:00,605,605,605,605,0
2022-01-20 14:41:00,605,605,605,605,300
2022-01-20 14:42:00,605,605,605,605,8000
2022-01-20 14:43:00,605,605,605,605,1700
2022-01-20 14:44:00,605,605,605,605,1000
2022-01-20 14:45:00,605,605,605,605,0
2022-01-20 14:46:00,605,605,605,605,300
2022-01-20 14:47:00,605,605,605,605,600
2022-01-20 14:48:00,605,605,605,605,200
2022-01-20 14:49:00,605,605,610,610,9100
2022-01-20 14:50:00,605,605,610,610,0
2022-01-20 14:51:00,605,605,610,610,0
2022-01-20 14:52:00,605,605,610,610,0
2022-01-20 14:53:00,605,605,610,610,0
2022-01-20 14:54:00,605,605,610,610,0
2022-01-20 14:55:00,605,605,610,610,0
2022-01-20 14:56:00,605,605,610,610,0
2022-01-20 14:57:00,605,605,610,610,0
2022-01-20 14:58:00,605,605,610,610,0
2022-01-20 14:59:00,605,605,610,610,0
2022-01-20 15:00:00,610,610,610,610,108200
2022-01-20 15:01:00,610,610,610,610,0
2022-01-20 15:02:00,610,610,610,610,0
2022-01-20 15:03:00,610,610,610,610,0
2022-01-20 15:04:00,610,610,610,610,0
2022-01-20 15:05:00,610,610,610,610,1377300
2022-01-20 15:06:00,610,610,610,610,0
2022-01-20 15:07:00,610,610,610,610,0
2022-01-20 15:08:00,610,610,610,610,0
2022-01-20 15:09:00,610,610,610,610,0
2022-01-20 15:10:00,610,610,610,610,0
2022-01-20 15:11:00,610,610,610,610,0
2022-01-20 15:12:00,610,610,610,610,0
2022-01-20 15:13:00,610,610,610,610,0
2022-01-20 15:14:00,610,610,610,610,0
2022-01-20 15:15:00,610,610,610,610,0
2022-01-20 15:16:00,610,610,610,610,0
2022-01-20 15:17:00,610,610,610,610,0
2022-01-20 15:18:00,610,610,610,610,0
2022-01-20 15:19:00,610,610,610,610,0
2022-01-20 15:20:00,610,610,610,610,0
2022-01-20 15:21:00,610,610,610,610,0
2022-01-20 15:22:00,610,610,610,610,0
2022-01-20 15:23:00,610,610,610,610,0
2022-01-20 15:24:00,610,610,610,610,0
2022-01-20 15:25:00,610,610,610,610,0
2022-01-20 15:26:00,610,610,610,610,0
2022-01-20 15:27:00,610,610,610,610,0
2022-01-20 15:28:00,610,610,610,610,0
2022-01-20 15:29:00,610,610,610,610,0
2022-01-20 15:30:00,610,610,610,610,0
2022-01-20 15:31:00,610,610,610,610,0
2022-01-20 15:32:00,610,610,610,610,0
2022-01-20 15:33:00,610,610,610,610,0
2022-01-20 15:34:00,610,610,610,610,0
2022-01-20 15:35:00,610,610,610,610,0
2022-01-20 15:36:00,610,610,610,610,0
2022-01-20 15:37:00,610,610,610,610,0
2022-01-20 15:38:00,610,610,610,610,0
2022-01-20 15:39:00,610,610,610,610,0
2022-01-20 15:40:00,610,610,610,610,0
2022-01-20 15:41:00,610,610,610,610,0
2022-01-20 15:42:00,610,610,610,610,0
2022-01-20 15:43:00,610,610,610,610,0
2022-01-20 15:44:00,610,610,610,610,0
2022-01-20 15:45:00,610,610,610,610,0
2022-01-20 15:46:00,610,610,610,610,0
2022-01-20 15:47:00,610,610,610,610,0
2022-01-20 15:48:00,610,610,610,610,0
2022-01-20 15:49:00,610,610,610,610,0
2022-01-20 15:50:00,610,610,610,610,0
2022-01-20 15:51:00,610,610,610,610,0
2022-01-20 15:52:00,610,610,610,610,0
2022-01-20 15:53:00,610,610,610,610,0
2022-01-20 15:54:00,610,610,610,610,0
2022-01-20 15:55:00,610,610,610,610,0
2022-01-20 15:56:00,610,610,610,610,0
2022-01-20 15:57:00,610,610,610,610,0
2022-01-20 15:58:00,610,610,610,610,0
2022-01-20 15:59:00,610,610,610,610,0
2022-01-21 09:00:00,610,610,610,610,0
2022-01-21 09:01:00,610,610,610,610,0
2022-01-21 09:02:00,610,610,620,620,0
2022-01-21 09:03:00,620,620,620,620,10300
2022-01-21 09:04:00,625,625,625,625,300
2022-01-21 09:05:00,625,625,625,625,22500
2022-01-21 09:06:00,620,620,620,620,14700
2022-01-21 09:07:00,620,620,625,625,600
2022-01-21 09:08:00,625,625,625,625,2700
2022-01-21 09:09:00,620,620,625,625,10600
2022-01-21 09:10:00,625,615,625,615,12700
2022-01-21 09:11:00,615,615,615,615,1300
2022-01-21 09:12:00,620,620,625,620,3100
2022-01-21 09:13:00,625,580,625,625,153100
2022-01-21 09:14:00,625,625,625,625,600
2022-01-21 09:15:00,615,615,615,615,17700
2022-01-21 09:16:00,610,610,610,610,1500
2022-01-21 09:17:00,605,605,605,605,11500
2022-01-21 09:18:00,605,600,605,600,12200
2022-01-21 09:19:00,600,600,600,600,35000
2022-01-21 09:20:00,600,585,600,585,70000
2022-01-21 09:21:00,600,600,600,600,27800
2022-01-21 09:22:00,605,605,605,605,10000
2022-01-21 09:23:00,605,605,605,605,7500
2022-01-21 09:24:00,600,595,600,595,40100
2022-01-21 09:25:00,595,595,605,605,6600
2022-01-21 09:26:00,605,600,605,600,6000
2022-01-21 09:27:00,600,600,605,605,14700
2022-01-21 09:28:00,605,605,605,605,2600
2022-01-21 09:29:00,605,605,605,605,1100
2022-01-21 09:30:00,600,600,605,605,3500
2022-01-21 09:31:00,605,600,605,600,1600
2022-01-21 09:32:00,600,600,600,600,7500
2022-01-21 09:33:00,600,600,600,600,0
2022-01-21 09:34:00,600,600,600,600,600
2022-01-21 09:35:00,600,600,600,600,2400
2022-01-21 09:36:00,600,600,600,600,3400
2022-01-21 09:37:00,600,600,600,600,10000
2022-01-21 09:38:00,600,600,600,600,6000
2022-01-21 09:39:00,600,600,600,600,0
2022-01-21 09:40:00,600,600,600,600,0
2022-01-21 09:41:00,600,600,600,600,10000
2022-01-21 09:42:00,600,600,600,600,6000
2022-01-21 09:43:00,600,600,600,600,500
2022-01-21 09:44:00,600,600,600,600,6200
2022-01-21 09:45:00,600,600,600,600,0
2022-01-21 09:46:00,600,600,600,600,600
2022-01-21 09:47:00,595,595,595,595,7800
2022-01-21 09:48:00,600,600,600,600,300
2022-01-21 09:49:00,600,600,600,600,3000
2022-01-21 09:50:00,600,600,600,600,200
2022-01-21 09:51:00,590,590,600,600,14400
2022-01-21 09:52:00,595,595,595,595,1500
2022-01-21 09:53:00,595,595,595,595,3000
2022-01-21 09:54:00,595,595,595,595,0
2022-01-21 09:55:00,595,595,595,595,21500
2022-01-21 09:56:00,595,595,595,595,0
2022-01-21 09:57:00,595,595,595,595,0
2022-01-21 09:58:00,595,595,595,595,4100
2022-01-21 09:59:00,595,595,595,595,0
2022-01-21 10:00:00,595,595,595,595,600
2022-01-21 10:01:00,595,595,600,600,53900
2022-01-21 10:02:00,600,600,605,605,3000
2022-01-21 10:03:00,605,605,605,605,300
2022-01-21 10:04:00,605,605,605,605,0
2022-01-21 10:05:00,605,605,605,605,600
2022-01-21 10:06:00,605,605,605,605,200
2022-01-21 10:07:00,605,605,605,605,0
2022-01-21 10:08:00,605,605,605,605,500
2022-01-21 10:09:00,605,605,605,605,0
2022-01-21 10:10:00,605,605,605,605,300
2022-01-21 10:11:00,600,600,605,605,3700
2022-01-21 10:12:00,605,605,605,605,300
2022-01-21 10:13:00,605,605,605,605,300
2022-01-21 10:14:00,605,605,605,605,0
2022-01-21 10:15:00,605,605,605,605,0
2022-01-21 10:16:00,605,605,605,605,0
2022-01-21 10:17:00,605,605,605,605,500
2022-01-21 10:18:00,605,605,605,605,0
2022-01-21 10:19:00,605,605,605,605,0
2022-01-21 10:20:00,605,605,605,605,0
2022-01-21 10:21:00,605,605,605,605,500
2022-01-21 10:22:00,605,605,605,605,0
2022-01-21 10:23:00,605,605,605,605,0
2022-01-21 10:24:00,605,605,605,605,900
2022-01-21 10:25:00,605,605,605,605,200
2022-01-21 10:26:00,605,605,605,605,0
2022-01-21 10:27:00,605,605,605,605,600
2022-01-21 10:28:00,605,605,605,605,0
2022-01-21 10:29:00,605,605,605,605,0
2022-01-21 10:30:00,605,605,605,605,0
2022-01-21 10:31:00,605,605,605,605,1100
2022-01-21 10:32:00,605,605,605,605,0
2022-01-21 10:33:00,605,605,605,605,2500
2022-01-21 10:34:00,605,605,605,605,0
2022-01-21 10:35:00,605,605,605,605,300
2022-01-21 10:36:00,605,605,605,605,0
2022-01-21 10:37:00,605,605,605,605,500
2022-01-21 10:38:00,605,605,605,605,0
2022-01-21 10:39:00,600,600,605,605,6500
2022-01-21 10:40:00,600,600,605,605,0
2022-01-21 10:41:00,600,600,605,605,0
2022-01-21 10:42:00,600,600,605,605,0
2022-01-21 10:43:00,600,600,605,605,0
2022-01-21 10:44:00,605,600,605,605,1200
2022-01-21 10:45:00,605,605,605,605,300
2022-01-21 10:46:00,605,605,605,605,0
2022-01-21 10:47:00,605,605,605,605,600
2022-01-21 10:48:00,605,605,605,605,10000
2022-01-21 10:49:00,605,605,605,605,0
2022-01-21 10:50:00,605,605,605,605,500
2022-01-21 10:51:00,605,605,605,605,0
2022-01-21 10:52:00,605,605,605,605,300
2022-01-21 10:53:00,605,605,605,605,0
2022-01-21 10:54:00,605,605,605,605,200
2022-01-21 10:55:00,605,605,605,605,500
2022-01-21 10:56:00,605,605,605,605,0
2022-01-21 10:57:00,605,600,605,600,1300
2022-01-21 10:58:00,605,605,605,605,2000
2022-01-21 10:59:00,605,605,605,605,0
2022-01-21 11:00:00,605,605,605,605,300
2022-01-21 11:01:00,605,605,605,605,300
2022-01-21 11:02:00,605,605,605,605,0
2022-01-21 11:03:00,605,605,605,605,2300
2022-01-21 11:04:00,605,605,605,605,0
2022-01-21 11:05:00,605,605,605,605,200
2022-01-21 11:06:00,605,605,605,605,0
2022-01-21 11:07:00,605,605,605,605,300
2022-01-21 11:08:00,605,605,605,605,0
2022-01-21 11:09:00,600,600,600,600,1000
2022-01-21 11:10:00,605,605,605,605,300
2022-01-21 11:11:00,605,605,605,605,0
2022-01-21 11:12:00,605,605,605,605,200
2022-01-21 11:13:00,600,600,600,600,3800
2022-01-21 11:14:00,600,600,605,600,2600
2022-01-21 11:15:00,600,600,605,600,0
2022-01-21 11:16:00,600,600,605,600,0
2022-01-21 11:17:00,595,595,600,600,11500
2022-01-21 11:18:00,600,600,600,600,300
2022-01-21 11:19:00,600,600,600,600,4000
2022-01-21 11:20:00,600,600,600,600,1700
2022-01-21 11:21:00,600,600,600,600,1200
2022-01-21 11:22:00,600,600,600,600,1100
2022-01-21 11:23:00,600,600,600,600,300
2022-01-21 11:24:00,600,600,605,605,16100
2022-01-21 11:25:00,600,600,605,605,20900
2022-01-21 11:26:00,605,600,605,605,5900
2022-01-21 11:27:00,605,605,605,605,800
2022-01-21 11:28:00,605,600,605,600,3000
2022-01-21 11:29:00,605,600,605,605,3200
2022-01-21 11:30:00,605,600,605,605,0
2022-01-21 11:31:00,605,600,605,605,0
2022-01-21 11:32:00,605,600,605,605,0
2022-01-21 11:33:00,605,600,605,605,0
2022-01-21 11:34:00,605,600,605,605,0
2022-01-21 11:35:00,605,600,605,605,0
2022-01-21 11:36:00,605,600,605,605,0
2022-01-21 11:37:00,605,600,605,605,0
2022-01-21 11:38:00,605,600,605,605,0
2022-01-21 11:39:00,605,600,605,605,0
2022-01-21 11:40:00,605,600,605,605,0
2022-01-21 11:41:00,605,600,605,605,0
2022-01-21 11:42:00,605,600,605,605,0
2022-01-21 11:43:00,605,600,605,605,0
2022-01-21 11:44:00,605,600,605,605,0
2022-01-21 11:45:00,605,600,605,605,0
2022-01-21 11:46:00,605,600,605,605,0
2022-01-21 11:47:00,605,600,605,605,0
2022-01-21 11:48:00,605,600,605,605,0
2022-01-21 11:49:00,605,600,605,605,0
2022-01-21 11:50:00,605,600,605,605,0
2022-01-21 11:51:00,605,600,605,605,0
2022-01-21 11:52:00,605,600,605,605,0
2022-01-21 11:53:00,605,600,605,605,0
2022-01-21 11:54:00,605,600,605,605,0
2022-01-21 11:55:00,605,600,605,605,0
2022-01-21 11:56:00,605,600,605,605,0
2022-01-21 11:57:00,605,600,605,605,0
2022-01-21 11:58:00,605,600,605,605,0
2022-01-21 11:59:00,605,600,605,605,0
2022-01-21 12:00:00,605,600,605,605,0
2022-01-21 12:01:00,605,600,605,605,0
2022-01-21 12:02:00,605,600,605,605,0
2022-01-21 12:03:00,605,600,605,605,0
2022-01-21 12:04:00,605,600,605,605,0
2022-01-21 12:05:00,605,600,605,605,0
2022-01-21 12:06:00,605,600,605,605,0
2022-01-21 12:07:00,605,600,605,605,0
2022-01-21 12:08:00,605,600,605,605,0
2022-01-21 12:09:00,605,600,605,605,0
2022-01-21 12:10:00,605,600,605,605,0
2022-01-21 12:11:00,605,600,605,605,0
2022-01-21 12:12:00,605,600,605,605,0
2022-01-21 12:13:00,605,600,605,605,0
2022-01-21 12:14:00,605,600,605,605,0
2022-01-21 12:15:00,605,600,605,605,0
2022-01-21 12:16:00,605,600,605,605,0
2022-01-21 12:17:00,605,600,605,605,0
2022-01-21 12:18:00,605,600,605,605,0
2022-01-21 12:19:00,605,600,605,605,0
2022-01-21 12:20:00,605,600,605,605,0
2022-01-21 12:21:00,605,600,605,605,0
2022-01-21 12:22:00,605,600,605,605,0
2022-01-21 12:23:00,605,600,605,605,0
2022-01-21 12:24:00,605,600,605,605,0
2022-01-21 12:25:00,605,600,605,605,0
2022-01-21 12:26:00,605,600,605,605,0
2022-01-21 12:27:00,605,600,605,605,0
2022-01-21 12:28:00,605,600,605,605,0
2022-01-21 12:29:00,605,600,605,605,0
2022-01-21 12:30:00,605,600,605,605,0
2022-01-21 12:31:00,605,600,605,605,0
2022-01-21 12:32:00,605,600,605,605,0
2022-01-21 12:33:00,605,600,605,605,0
2022-01-21 12:34:00,605,600,605,605,0
2022-01-21 12:35:00,605,600,605,605,0
2022-01-21 12:36:00,605,600,605,605,0
2022-01-21 12:37:00,605,600,605,605,0
2022-01-21 12:38:00,605,600,605,605,0
2022-01-21 12:39:00,605,600,605,605,0
2022-01-21 12:40:00,605,600,605,605,0
2022-01-21 12:41:00,605,600,605,605,0
2022-01-21 12:42:00,605,600,605,605,0
2022-01-21 12:43:00,605,600,605,605,0
2022-01-21 12:44:00,605,600,605,605,0
2022-01-21 12:45:00,605,600,605,605,0
2022-01-21 12:46:00,605,600,605,605,0
2022-01-21 12:47:00,605,600,605,605,0
2022-01-21 12:48:00,605,600,605,605,0
2022-01-21 12:49:00,605,600,605,605,0
2022-01-21 12:50:00,605,600,605,605,0
2022-01-21 12:51:00,605,600,605,605,0
2022-01-21 12:52:00,605,600,605,605,0
2022-01-21 12:53:00,605,600,605,605,0
2022-01-21 12:54:00,605,600,605,605,0
2022-01-21 12:55:00,605,600,605,605,0
2022-01-21 12:56:00,605,600,605,605,0
2022-01-21 12:57:00,605,600,605,605,0
2022-01-21 12:58:00,605,600,605,605,0
2022-01-21 12:59:00,605,600,605,605,0
2022-01-21 13:00:00,605,600,605,605,0
2022-01-21 13:01:00,605,600,605,605,0
2022-01-21 13:02:00,605,600,605,605,0
2022-01-21 13:03:00,605,600,605,605,0
2022-01-21 13:04:00,605,600,605,605,0
2022-01-21 13:05:00,605,600,605,605,0
2022-01-21 13:06:00,605,600,605,605,0
2022-01-21 13:07:00,605,600,605,605,0
2022-01-21 13:08:00,605,600,605,605,0
2022-01-21 13:09:00,605,600,605,605,0
2022-01-21 13:10:00,605,600,605,605,0
2022-01-21 13:11:00,605,600,605,605,0
2022-01-21 13:12:00,605,600,605,605,0
2022-01-21 13:13:00,605,600,605,605,0
2022-01-21 13:14:00,605,600,605,605,0
2022-01-21 13:15:00,605,600,605,605,0
2022-01-21 13:16:00,605,600,605,605,0
2022-01-21 13:17:00,605,600,605,605,0
2022-01-21 13:18:00,605,600,605,605,0
2022-01-21 13:19:00,605,600,605,605,0
2022-01-21 13:20:00,605,600,605,605,0
2022-01-21 13:21:00,605,600,605,605,0
2022-01-21 13:22:00,605,600,605,605,0
2022-01-21 13:23:00,605,600,605,605,0
2022-01-21 13:24:00,605,600,605,605,0
2022-01-21 13:25:00,605,600,605,605,0
2022-01-21 13:26:00,605,600,605,605,0
2022-01-21 13:27:00,605,600,605,605,0
2022-01-21 13:28:00,605,600,605,605,0
2022-01-21 13:29:00,605,600,605,605,0
2022-01-21 13:30:00,605,600,605,605,22800
2022-01-21 13:31:00,605,605,605,605,2400
2022-01-21 13:32:00,605,605,605,605,1800
2022-01-21 13:33:00,605,605,605,605,1100
2022-01-21 13:34:00,605,605,605,605,0
2022-01-21 13:35:00,605,605,605,605,900
2022-01-21 13:36:00,605,605,605,605,600
2022-01-21 13:37:00,605,605,605,605,200
2022-01-21 13:38:00,605,605,605,605,1500
2022-01-21 13:39:00,605,605,605,605,200
2022-01-21 13:40:00,605,605,605,605,1000
2022-01-21 13:41:00,605,605,605,605,200
2022-01-21 13:42:00,605,605,605,605,0
2022-01-21 13:43:00,605,605,605,605,0
2022-01-21 13:44:00,605,605,605,605,1100
2022-01-21 13:45:00,605,605,605,605,0
2022-01-21 13:46:00,605,605,605,605,300
2022-01-21 13:47:00,605,605,605,605,900
2022-01-21 13:48:00,605,605,605,605,200
2022-01-21 13:49:00,605,605,605,605,300
2022-01-21 13:50:00,605,605,605,605,0
2022-01-21 13:51:00,605,605,605,605,300
2022-01-21 13:52:00,605,605,605,605,6100
2022-01-21 13:53:00,610,610,610,610,1000
2022-01-21 13:54:00,610,610,610,610,300
2022-01-21 13:55:00,610,610,610,610,0
2022-01-21 13:56:00,610,610,610,610,1000
2022-01-21 13:57:00,610,610,610,610,16300
2022-01-21 13:58:00,610,610,610,610,1100
2022-01-21 13:59:00,610,605,610,605,2000
2022-01-21 14:00:00,610,610,610,610,300
2022-01-21 14:01:00,610,610,610,610,700
2022-01-21 14:02:00,610,610,610,610,2500
2022-01-21 14:03:00,610,610,610,610,0
2022-01-21 14:04:00,610,610,610,610,700
2022-01-21 14:05:00,610,610,610,610,900
2022-01-21 14:06:00,610,610,610,610,300
2022-01-21 14:07:00,610,610,610,610,400
2022-01-21 14:08:00,610,610,610,610,500
2022-01-21 14:09:00,610,610,610,610,0
2022-01-21 14:10:00,610,610,610,610,1500
2022-01-21 14:11:00,610,610,610,610,200
2022-01-21 14:12:00,610,610,610,610,0
2022-01-21 14:13:00,610,610,610,610,1800
2022-01-21 14:14:00,610,610,610,610,0
2022-01-21 14:15:00,610,610,610,610,0
2022-01-21 14:16:00,610,610,610,610,0
2022-01-21 14:17:00,610,610,610,610,10500
2022-01-21 14:18:00,610,610,610,610,0
2022-01-21 14:19:00,610,610,610,610,2500
2022-01-21 14:20:00,610,610,610,610,1500
2022-01-21 14:21:00,610,610,610,610,1000
2022-01-21 14:22:00,610,610,610,610,1000
2022-01-21 14:23:00,605,605,610,610,5300
2022-01-21 14:24:00,610,610,610,610,5000
2022-01-21 14:25:00,610,610,610,610,0
2022-01-21 14:26:00,610,610,610,610,1700
2022-01-21 14:27:00,610,610,610,610,0
2022-01-21 14:28:00,610,610,610,610,500
2022-01-21 14:29:00,610,610,610,610,100
2022-01-21 14:30:00,610,610,610,610,300
2022-01-21 14:31:00,610,610,610,610,800
2022-01-21 14:32:00,610,610,610,610,0
2022-01-21 14:33:00,610,610,610,610,500
2022-01-21 14:34:00,605,605,605,605,700
2022-01-21 14:35:00,610,610,610,610,30300
2022-01-21 14:36:00,610,610,610,610,10000
2022-01-21 14:37:00,610,610,610,610,0
2022-01-21 14:38:00,610,610,610,610,10000
2022-01-21 14:39:00,610,610,610,610,0
2022-01-21 14:40:00,610,610,610,610,0
2022-01-21 14:41:00,610,610,610,610,0
2022-01-21 14:42:00,610,610,610,610,0
2022-01-21 14:43:00,610,610,610,610,10000
2022-01-21 14:44:00,610,610,610,610,300
2022-01-21 14:45:00,610,610,610,610,0
2022-01-21 14:46:00,610,610,610,610,300
2022-01-21 14:47:00,610,610,610,610,700
2022-01-21 14:48:00,610,610,610,610,97800
2022-01-21 14:49:00,615,615,630,630,216400
2022-01-21 14:50:00,615,615,630,630,0
2022-01-21 14:51:00,615,615,630,630,0
2022-01-21 14:52:00,615,615,630,630,0
2022-01-21 14:53:00,615,615,630,630,0
2022-01-21 14:54:00,615,615,630,630,0
2022-01-21 14:55:00,615,615,630,630,0
2022-01-21 14:56:00,615,615,630,630,0
2022-01-21 14:57:00,615,615,630,630,0
2022-01-21 14:58:00,615,615,630,630,0
2022-01-21 14:59:00,615,615,630,630,0
2022-01-21 15:00:00,600,600,600,600,77500
2022-01-21 15:01:00,600,600,600,600,50000
2022-01-21 15:02:00,600,600,600,600,0
2022-01-21 15:03:00,600,600,600,600,0
2022-01-21 15:04:00,600,600,600,600,0
2022-01-21 15:05:00,600,600,600,600,10000
2022-01-21 15:06:00,600,600,600,600,0
2022-01-21 15:07:00,600,600,600,600,100
2022-01-21 15:08:00,600,600,600,600,0
2022-01-21 15:09:00,600,600,600,600,0
2022-01-21 15:10:00,600,600,600,600,0
2022-01-21 15:11:00,600,600,600,600,32500
2022-01-21 15:12:00,600,600,600,600,0
2022-01-21 15:13:00,600,600,600,600,0
2022-01-21 15:14:00,600,600,600,600,35000
2022-01-21 15:15:00,600,600,600,600,0
2022-01-21 15:16:00,600,600,600,600,0
2022-01-21 15:17:00,600,600,600,600,0
2022-01-21 15:18:00,600,600,600,600,0
2022-01-21 15:19:00,600,600,600,600,0
2022-01-21 15:20:00,600,600,600,600,0
2022-01-21 15:21:00,600,600,600,600,0
2022-01-21 15:22:00,600,600,600,600,0
2022-01-21 15:23:00,600,600,600,600,0
2022-01-21 15:24:00,600,600,600,600,0
2022-01-21 15:25:00,600,600,600,600,0
2022-01-21 15:26:00,600,600,600,600,0
2022-01-21 15:27:00,600,600,600,600,0
2022-01-21 15:28:00,600,600,600,600,0
2022-01-21 15:29:00,600,600,600,600,0
2022-01-21 15:30:00,600,600,600,600,0
2022-01-21 15:31:00,600,600,600,600,0
2022-01-21 15:32:00,600,600,600,600,0
2022-01-21 15:33:00,600,600,600,600,0
2022-01-21 15:34:00,600,600,600,600,0
2022-01-21 15:35:00,600,600,600,600,0
2022-01-21 15:36:00,600,600,600,600,0
2022-01-21 15:37:00,600,600,600,600,0
2022-01-21 15:38:00,600,600,600,600,0
2022-01-21 15:39:00,600,600,600,600,0
2022-01-21 15:40:00,600,600,600,600,0
2022-01-21 15:41:00,600,600,600,600,0
2022-01-21 15:42:00,600,600,600,600,0
2022-01-21 15:43:00,600,600,600,600,0
2022-01-21 15:44:00,600,600,600,600,0
2022-01-21 15:45:00,600,600,600,600,0
2022-01-21 15:46:00,600,600,600,600,0
2022-01-21 15:47:00,600,600,600,600,0
2022-01-21 15:48:00,600,600,600,600,0
2022-01-21 15:49:00,600,600,600,600,0
2022-01-21 15:50:00,600,600,600,600,0
2022-01-21 15:51:00,600,600,600,600,0
2022-01-21 15:52:00,600,600,600,600,0
2022-01-21 15:53:00,600,600,600,600,0
2022-01-21 15:54:00,600,600,600,600,0
2022-01-21 15:55:00,600,600,600,600,0
2022-01-21 15:56:00,600,600,600,600,0
2022-01-21 15:57:00,600,600,600,600,0
2022-01-21 15:58:00,600,600,600,600,0
2022-01-21 15:59:00,600,600,600,600,0
2022-01-24 09:00:00,680,680,680,680,0
2022-01-24 09:01:00,680,680,680,680,0
2022-01-24 09:02:00,680,680,680,680,0
2022-01-24 09:03:00,680,680,680,680,0
2022-01-24 09:04:00,680,680,680,680,0
2022-01-24 09:05:00,680,680,680,680,0
2022-01-24 09:06:00,680,680,680,680,0
2022-01-24 09:07:00,680,680,680,680,0
2022-01-24 09:08:00,680,680,680,680,0
2022-01-24 09:09:00,680,680,680,680,0
2022-01-24 09:10:00,680,680,680,680,0
2022-01-24 09:11:00,680,680,680,680,0
2022-01-24 09:12:00,680,680,680,680,0
2022-01-24 09:13:00,680,680,680,680,0
2022-01-24 09:14:00,680,680,680,680,0
2022-01-24 09:15:00,680,680,680,680,0
2022-01-24 09:16:00,680,680,680,680,0
2022-01-24 09:17:00,680,680,680,680,0
2022-01-24 09:18:00,680,680,680,680,0
2022-01-24 09:19:00,680,680,680,680,0
2022-01-24 09:20:00,680,680,680,680,0
2022-01-24 09:21:00,680,680,680,680,0
2022-01-24 09:22:00,680,680,680,680,0
2022-01-24 09:23:00,680,680,680,680,0
2022-01-24 09:24:00,680,680,680,680,0
2022-01-24 09:25:00,680,680,680,680,0
2022-01-24 09:26:00,680,680,680,680,0
2022-01-24 09:27:00,680,680,680,680,0
2022-01-24 09:28:00,680,680,680,680,0
2022-01-24 09:29:00,680,680,680,680,0
2022-01-24 09:30:00,680,680,680,680,0
2022-01-24 09:31:00,680,680,680,680,0
2022-01-24 09:32:00,680,680,680,680,0
2022-01-24 09:33:00,680,680,680,680,0
2022-01-24 09:34:00,680,680,680,680,0
2022-01-24 09:35:00,680,680,680,680,0
2022-01-24 09:36:00,680,680,680,680,0
2022-01-24 09:37:00,680,680,680,680,0
2022-01-24 09:38:00,680,680,680,680,0
2022-01-24 09:39:00,680,680,680,680,0
2022-01-24 09:40:00,680,680,680,680,0
2022-01-24 09:41:00,680,680,680,680,0
2022-01-24 09:42:00,680,680,680,680,0
2022-01-24 09:43:00,680,680,680,680,0
2022-01-24 09:44:00,680,680,680,680,0
2022-01-24 09:45:00,680,680,680,680,0
2022-01-24 09:46:00,680,680,680,680,0
2022-01-24 09:47:00,680,680,680,680,0
2022-01-24 09:48:00,680,680,680,680,0
2022-01-24 09:49:00,680,680,680,680,0
2022-01-24 09:50:00,680,680,680,680,0
2022-01-24 09:51:00,680,680,680,680,0
2022-01-24 09:52:00,680,680,680,680,0
2022-01-24 09:53:00,680,680,680,680,0
2022-01-24 09:54:00,680,680,680,680,0
2022-01-24 09:55:00,680,680,680,680,0
2022-01-24 09:56:00,680,680,680,680,0
2022-01-24 09:57:00,680,680,680,680,0
2022-01-24 09:58:00,680,680,680,680,0
2022-01-24 09:59:00,680,680,680,680,0
2022-01-24 10:00:00,680,680,680,680,0
2022-01-24 10:01:00,680,680,680,680,0
2022-01-24 10:02:00,680,680,680,680,0
2022-01-24 10:03:00,680,680,680,680,0
2022-01-24 10:04:00,680,680,680,680,0
2022-01-24 10:05:00,680,680,680,680,0
2022-01-24 10:06:00,680,680,680,680,0
2022-01-24 10:07:00,680,680,680,680,0
2022-01-24 10:08:00,680,680,680,680,0
2022-01-24 10:09:00,680,680,680,680,0
2022-01-24 10:10:00,680,680,680,680,0
2022-01-24 10:11:00,680,680,680,680,0
2022-01-24 10:12:00,680,680,680,680,0
2022-01-24 10:13:00,680,680,680,680,0
2022-01-24 10:14:00,680,680,680,680,0
2022-01-24 10:15:00,680,680,680,680,0
2022-01-24 10:16:00,680,680,680,680,0
2022-01-24 10:17:00,680,680,680,680,0
2022-01-24 10:18:00,680,680,680,680,0
2022-01-24 10:19:00,680,680,680,680,0
2022-01-24 10:20:00,680,680,680,680,0
2022-01-24 10:21:00,680,680,680,680,0
2022-01-24 10:22:00,680,680,680,680,0
2022-01-24 10:23:00,680,680,680,680,0
2022-01-24 10:24:00,680,680,680,680,0
2022-01-24 10:25:00,680,680,680,680,0
2022-01-24 10:26:00,680,680,680,680,0
2022-01-24 10:27:00,680,680,680,680,0
2022-01-24 10:28:00,680,680,680,680,0
2022-01-24 10:29:00,680,680,680,680,0
2022-01-24 10:30:00,680,680,680,680,0
2022-01-24 10:31:00,680,680,680,680,0
2022-01-24 10:32:00,680,680,680,680,0
2022-01-24 10:33:00,680,680,680,680,0
2022-01-24 10:34:00,680,680,680,680,0
2022-01-24 10:35:00,680,680,680,680,0
2022-01-24 10:36:00,680,680,680,680,0
2022-01-24 10:37:00,680,680,680,680,0
2022-01-24 10:38:00,680,680,680,680,0
2022-01-24 10:39:00,680,680,680,680,0
2022-01-24 10:40:00,680,680,680,680,0
2022-01-24 10:41:00,680,680,680,680,0
2022-01-24 10:42:00,680,680,680,680,0
2022-01-24 10:43:00,680,680,680,680,0
2022-01-24 10:44:00,680,680,680,680,0
2022-01-24 10:45:00,680,680,680,680,0
2022-01-24 10:46:00,680,680,680,680,0
2022-01-24 10:47:00,680,680,680,680,0
2022-01-24 10:48:00,680,680,680,680,0
2022-01-24 10:49:00,680,680,680,680,0
2022-01-24 10:50:00,680,680,680,680,0
2022-01-24 10:51:00,680,680,680,680,0
2022-01-24 10:52:00,680,680,680,680,0
2022-01-24 10:53:00,680,680,680,680,0
2022-01-24 10:54:00,680,680,680,680,0
2022-01-24 10:55:00,680,680,680,680,0
2022-01-24 10:56:00,680,680,680,680,0
2022-01-24 10:57:00,680,680,680,680,0
2022-01-24 10:58:00,680,680,680,680,0
2022-01-24 10:59:00,680,680,680,680,0
2022-01-24 11:00:00,680,680,680,680,0
2022-01-24 11:01:00,680,680,680,680,0
2022-01-24 11:02:00,680,680,680,680,0
2022-01-24 11:03:00,680,680,680,680,0
2022-01-24 11:04:00,680,680,680,680,0
2022-01-24 11:05:00,680,680,680,680,0
2022-01-24 11:06:00,680,680,680,680,0
2022-01-24 11:07:00,680,680,680,680,0
2022-01-24 11:08:00,680,680,680,680,0
2022-01-24 11:09:00,680,680,680,680,0
2022-01-24 11:10:00,680,680,680,680,0
2022-01-24 11:11:00,680,680,680,680,0
2022-01-24 11:12:00,680,680,680,680,0
2022-01-24 11:13:00,680,680,680,680,0
2022-01-24 11:14:00,680,680,680,680,0
2022-01-24 11:15:00,680,680,680,680,0
2022-01-24 11:16:00,680,680,680,680,0
2022-01-24 11:17:00,680,680,680,680,0
2022-01-24 11:18:00,680,680,680,680,0
2022-01-24 11:19:00,680,680,680,680,0
2022-01-24 11:20:00,680,680,680,680,0
2022-01-24 11:21:00,680,680,680,680,0
2022-01-24 11:22:00,680,680,680,680,0
2022-01-24 11:23:00,680,680,680,680,0
2022-01-24 11:24:00,680,680,680,680,0
2022-01-24 11:25:00,680,680,680,680,0
2022-01-24 11:26:00,680,680,680,680,0
2022-01-24 11:27:00,680,680,680,680,0
2022-01-24 11:28:00,680,680,680,680,0
2022-01-24 11:29:00,680,680,680,680,0
2022-01-24 11:30:00,680,680,680,680,0
2022-01-24 11:31:00,680,680,680,680,0
2022-01-24 11:32:00,680,680,680,680,0
2022-01-24 11:33:00,680,680,680,680,0
2022-01-24 11:34:00,680,680,680,680,0
2022-01-24 11:35:00,680,680,680,680,0
2022-01-24 11:36:00,680,680,680,680,0
2022-01-24 11:37:00,680,680,680,680,0
2022-01-24 11:38:00,680,680,680,680,0
2022-01-24 11:39:00,680,680,680,680,0
2022-01-24 11:40:00,680,680,680,680,0
2022-01-24 11:41:00,680,680,680,680,0
2022-01-24 11:42:00,680,680,680,680,0
2022-01-24 11:43:00,680,680,680,680,0
2022-01-24 11:44:00,680,680,680,680,0
2022-01-24 11:45:00,680,680,680,680,0
2022-01-24 11:46:00,680,680,680,680,0
2022-01-24 11:47:00,680,680,680,680,0
2022-01-24 11:48:00,680,680,680,680,0
2022-01-24 11:49:00,680,680,680,680,0
2022-01-24 11:50:00,680,680,680,680,0
2022-01-24 11:51:00,680,680,680,680,0
2022-01-24 11:52:00,680,680,680,680,0
2022-01-24 11:53:00,680,680,680,680,0
2022-01-24 11:54:00,680,680,680,680,0
2022-01-24 11:55:00,680,680,680,680,0
2022-01-24 11:56:00,680,680,680,680,0
2022-01-24 11:57:00,680,680,680,680,0
2022-01-24 11:58:00,680,680,680,680,0
2022-01-24 11:59:00,680,680,680,680,0
2022-01-24 12:00:00,680,680,680,680,0
2022-01-24 12:01:00,680,680,680,680,0
2022-01-24 12:02:00,680,680,680,680,0
2022-01-24 12:03:00,680,680,680,680,0
2022-01-24 12:04:00,680,680,680,680,0
2022-01-24 12:05:00,680,680,680,680,0
2022-01-24 12:06:00,680,680,680,680,0
2022-01-24 12:07:00,680,680,680,680,0
2022-01-24 12:08:00,680,680,680,680,0
2022-01-24 12:09:00,680,680,680,680,0
2022-01-24 12:10:00,680,680,680,680,0
2022-01-24 12:11:00,680,680,680,680,0
2022-01-24 12:12:00,680,680,680,680,0
2022-01-24 12:13:00,680,680,680,680,0
2022-01-24 12:14:00,680,680,680,680,0
2022-01-24 12:15:00,680,680,680,680,0
2022-01-24 12:16:00,680,680,680,680,0
2022-01-24 12:17:00,680,680,680,680,0
2022-01-24 12:18:00,680,680,680,680,0
2022-01-24 12:19:00,680,680,680,680,0
2022-01-24 12:20:00,680,680,680,680,0
2022-01-24 12:21:00,680,680,680,680,0
2022-01-24 12:22:00,680,680,680,680,0
2022-01-24 12:23:00,680,680,680,680,0
2022-01-24 12:24:00,680,680,680,680,0
2022-01-24 12:25:00,680,680,680,680,0
2022-01-24 12:26:00,680,680,680,680,0
2022-01-24 12:27:00,680,680,680,680,0
2022-01-24 12:28:00,680,680,680,680,0
2022-01-24 12:29:00,680,680,680,680,0
2022-01-24 12:30:00,680,680,680,680,0
2022-01-24 12:31:00,680,680,680,680,0
2022-01-24 12:32:00,680,680,680,680,0
2022-01-24 12:33:00,680,680,680,680,0
2022-01-24 12:34:00,680,680,680,680,0
2022-01-24 12:35:00,680,680,680,680,0
2022-01-24 12:36:00,680,680,680,680,0
2022-01-24 12:37:00,680,680,680,680,0
2022-01-24 12:38:00,680,680,680,680,0
2022-01-24 12:39:00,680,680,680,680,0
2022-01-24 12:40:00,680,680,680,680,0
2022-01-24 12:41:00,680,680,680,680,0
2022-01-24 12:42:00,680,680,680,680,0
2022-01-24 12:43:00,680,680,680,680,0
2022-01-24 12:44:00,680,680,680,680,0
2022-01-24 12:45:00,680,680,680,680,0
2022-01-24 12:46:00,680,680,680,680,0
2022-01-24 12:47:00,680,680,680,680,0
2022-01-24 12:48:00,680,680,680,680,0
2022-01-24 12:49:00,680,680,680,680,0
2022-01-24 12:50:00,680,680,680,680,0
2022-01-24 12:51:00,680,680,680,680,0
2022-01-24 12:52:00,680,680,680,680,0
2022-01-24 12:53:00,680,680,680,680,0
2022-01-24 12:54:00,680,680,680,680,0
2022-01-24 12:55:00,680,680,680,680,0
2022-01-24 12:56:00,680,680,680,680,0
2022-01-24 12:57:00,680,680,680,680,0
2022-01-24 12:58:00,680,680,680,680,0
2022-01-24 12:59:00,680,680,680,680,0
2022-01-24 13:00:00,680,680,680,680,0
2022-01-24 13:01:00,680,680,680,680,0
2022-01-24 13:02:00,680,680,680,680,0
2022-01-24 13:03:00,680,680,680,680,0
2022-01-24 13:04:00,680,680,680,680,0
2022-01-24 13:05:00,680,680,680,680,0
2022-01-24 13:06:00,680,680,680,680,0
2022-01-24 13:07:00,680,680,680,680,0
2022-01-24 13:08:00,680,680,680,680,0
2022-01-24 13:09:00,680,680,680,680,0
2022-01-24 13:10:00,680,680,680,680,0
2022-01-24 13:11:00,680,680,680,680,0
2022-01-24 13:12:00,680,680,680,680,0
2022-01-24 13:13:00,680,680,680,680,0
2022-01-24 13:14:00,680,680,680,680,0
2022-01-24 13:15:00,680,680,680,680,0
2022-01-24 13:16:00,680,680,680,680,0
2022-01-24 13:17:00,680,680,680,680,0
2022-01-24 13:18:00,680,680,680,680,0
2022-01-24 13:19:00,680,680,680,680,0
2022-01-24 13:20:00,680,680,680,680,0
2022-01-24 13:21:00,680,680,680,680,0
2022-01-24 13:22:00,680,680,680,680,0
2022-01-24 13:23:00,680,680,680,680,0
2022-01-24 13:24:00,680,680,680,680,0
2022-01-24 13:25:00,680,680,680,680,0
2022-01-24 13:26:00,680,680,680,680,0
2022-01-24 13:27:00,680,680,680,680,0
2022-01-24 13:28:00,680,680,680,680,0
2022-01-24 13:29:00,680,680,680,680,0
2022-01-24 13:30:00,680,680,680,680,0
2022-01-24 13:31:00,680,680,680,680,0
2022-01-24 13:32:00,680,680,680,680,0
2022-01-24 13:33:00,680,680,680,680,0
2022-01-24 13:34:00,680,680,680,680,0
2022-01-24 13:35:00,680,680,680,680,0
2022-01-24 13:36:00,680,680,680,680,0
2022-01-24 13:37:00,680,680,680,680,0
2022-01-24 13:38:00,680,680,680,680,0
2022-01-24 13:39:00,680,680,680,680,0
2022-01-24 13:40:00,680,680,680,680,0
2022-01-24 13:41:00,680,680,680,680,0
2022-01-24 13:42:00,680,680,680,680,0
2022-01-24 13:43:00,680,680,680,680,0
2022-01-24 13:44:00,680,680,680,680,0
2022-01-24 13:45:00,680,680,680,680,0
2022-01-24 13:46:00,680,680,680,680,0
2022-01-24 13:47:00,680,680,680,680,0
2022-01-24 13:48:00,680,680,680,680,0
2022-01-24 13:49:00,680,680,680,680,0
2022-01-24 13:50:00,680,680,680,680,0
2022-01-24 13:51:00,680,680,680,680,0
2022-01-24 13:52:00,680,680,680,680,0
2022-01-24 13:53:00,680,680,680,680,0
2022-01-24 13:54:00,680,680,680,680,0
2022-01-24 13:55:00,680,680,680,680,0
2022-01-24 13:56:00,680,680,680,680,0
2022-01-24 13:57:00,680,680,680,680,0
2022-01-24 13:58:00,680,680,680,680,0
2022-01-24 13:59:00,680,680,680,680,0
2022-01-24 14:00:00,680,680,680,680,0
2022-01-24 14:01:00,680,680,680,680,0
2022-01-24 14:02:00,680,680,680,680,0
2022-01-24 14:03:00,680,680,680,680,0
2022-01-24 14:04:00,680,680,680,680,0
2022-01-24 14:05:00,680,680,680,680,0
2022-01-24 14:06:00,680,680,680,680,0
2022-01-24 14:07:00,680,680,680,680,0
2022-01-24 14:08:00,680,680,680,680,0
2022-01-24 14:09:00,680,680,680,680,0
2022-01-24 14:10:00,680,680,680,680,0
2022-01-24 14:11:00,680,680,680,680,0
2022-01-24 14:12:00,680,680,680,680,0
2022-01-24 14:13:00,680,680,680,680,0
2022-01-24 14:14:00,680,680,680,680,0
2022-01-24 14:15:00,680,680,680,680,0
2022-01-24 14:16:00,680,680,680,680,0
2022-01-24 14:17:00,680,680,680,680,0
2022-01-24 14:18:00,680,680,680,680,0
2022-01-24 14:19:00,680,680,680,680,0
2022-01-24 14:20:00,680,680,680,680,0
2022-01-24 14:21:00,680,680,680,680,0
2022-01-24 14:22:00,680,680,680,680,0
2022-01-24 14:23:00,680,680,680,680,0
2022-01-24 14:24:00,680,680,680,680,0
2022-01-24 14:25:00,680,680,680,680,0
2022-01-24 14:26:00,680,680,680,680,0
2022-01-24 14:27:00,680,680,680,680,0
2022-01-24 14:28:00,680,680,680,680,0
2022-01-24 14:29:00,680,680,680,680,0
2022-01-24 14:30:00,680,680,680,680,0
2022-01-24 14:31:00,680,680,680,680,0
2022-01-24 14:32:00,680,680,680,680,0
2022-01-24 14:33:00,680,680,680,680,0
2022-01-24 14:34:00,680,680,680,680,0
2022-01-24 14:35:00,680,680,680,680,0
2022-01-24 14:36:00,680,680,680,680,0
2022-01-24 14:37:00,680,680,680,680,0
2022-01-24 14:38:00,680,680,680,680,0
2022-01-24 14:39:00,680,680,680,680,0
2022-01-24 14:40:00,680,680,680,680,0
2022-01-24 14:41:00,680,680,680,680,0
2022-01-24 14:42:00,680,680,680,680,0
2022-01-24 14:43:00,680,680,680,680,0
2022-01-24 14:44:00,680,680,680,680,0
2022-01-24 14:45:00,680,680,680,680,0
2022-01-24 14:46:00,680,680,680,680,0
2022-01-24 14:47:00,680,680,680,680,0
2022-01-24 14:48:00,680,680,680,680,0
2022-01-24 14:49:00,680,680,680,680,0
2022-01-24 14:50:00,680,680,680,680,0
2022-01-24 14:51:00,680,680,680,680,0
2022-01-24 14:52:00,680,680,680,680,0
2022-01-24 14:53:00,680,680,680,680,0
2022-01-24 14:54:00,680,680,680,680,0
2022-01-24 14:55:00,680,680,680,680,0
2022-01-24 14:56:00,680,680,680,680,0
2022-01-24 14:57:00,680,680,680,680,0
2022-01-24 14:58:00,680,680,680,680,0
2022-01-24 14:59:00,680,680,680,680,0
2022-01-24 15:00:00,680,680,680,680,0
2022-01-24 15:01:00,680,680,680,680,0
2022-01-24 15:02:00,680,680,680,680,0
2022-01-24 15:03:00,680,680,680,680,0
2022-01-24 15:04:00,680,680,680,680,0
2022-01-24 15:05:00,680,680,680,680,0
2022-01-24 15:06:00,680,680,680,680,0
2022-01-24 15:07:00,680,680,680,680,0
2022-01-24 15:08:00,680,680,680,680,0
2022-01-24 15:09:00,680,680,680,680,0
2022-01-24 15:10:00,680,680,680,680,0
2022-01-24 15:11:00,680,680,680,680,0
2022-01-24 15:12:00,680,680,680,680,0
2022-01-24 15:13:00,680,680,680,680,0
2022-01-24 15:14:00,680,680,680,680,0
2022-01-24 15:15:00,680,680,680,680,0
2022-01-24 15:16:00,680,680,680,680,0
2022-01-24 15:17:00,680,680,680,680,0
2022-01-24 15:18:00,680,680,680,680,0
2022-01-24 15:19:00,680,680,680,680,0
2022-01-24 15:20:00,680,680,680,680,0
2022-01-24 15:21:00,680,680,680,680,0
2022-01-24 15:22:00,680,680,680,680,0
2022-01-24 15:23:00,680,680,680,680,0
2022-01-24 15:24:00,680,680,680,680,0
2022-01-24 15:25:00,680,680,680,680,0
2022-01-24 15:26:00,680,680,680,680,0
2022-01-24 15:27:00,680,680,680,680,0
2022-01-24 15:28:00,680,680,680,680,0
2022-01-24 15:29:00,680,680,680,680,0
2022-01-24 15:30:00,680,680,680,680,0
2022-01-24 15:31:00,680,680,680,680,0
2022-01-24 15:32:00,680,680,680,680,0
2022-01-24 15:33:00,680,680,680,680,0
2022-01-24 15:34:00,680,680,680,680,0
2022-01-24 15:35:00,680,680,680,680,0
2022-01-24 15:36:00,680,680,680,680,0
2022-01-24 15:37:00,680,680,680,680,0
2022-01-24 15:38:00,680,680,680,680,0
2022-01-24 15:39:00,680,680,680,680,0
2022-01-24 15:40:00,680,680,680,680,0
2022-01-24 15:41:00,680,680,680,680,0
2022-01-24 15:42:00,680,680,680,680,0
2022-01-24 15:43:00,680,680,680,680,0
2022-01-24 15:44:00,680,680,680,680,0
2022-01-24 15:45:00,680,680,680,680,0
2022-01-24 15:46:00,680,680,680,680,0
2022-01-24 15:47:00,680,680,680,680,0
2022-01-24 15:48:00,680,680,680,680,0
2022-01-24 15:49:00,680,680,680,680,0
2022-01-24 15:50:00,680,680,680,680,0
2022-01-24 15:51:00,680,680,680,680,0
2022-01-24 15:52:00,680,680,680,680,0
2022-01-24 15:53:00,680,680,680,680,0
2022-01-24 15:54:00,680,680,680,680,0
2022-01-24 15:55:00,680,680,680,680,0
2022-01-24 15:56:00,680,680,680,680,0
2022-01-24 15:57:00,680,680,680,680,0
2022-01-24 15:58:00,680,680,680,680,0
2022-01-24 15:59:00,680,680,680,680,0
2022-01-25 09:00:00,680,680,680,680,0
2022-01-25 09:01:00,680,680,680,680,0
2022-01-25 09:02:00,680,680,680,680,0
2022-01-25 09:03:00,680,680,680,680,0
2022-01-25 09:04:00,680,680,680,680,0
2022-01-25 09:05:00,680,680,680,680,0
2022-01-25 09:06:00,680,680,680,680,0
2022-01-25 09:07:00,680,680,680,680,0
2022-01-25 09:08:00,680,680,680,680,0
2022-01-25 09:09:00,680,680,680,680,0
2022-01-25 09:10:00,680,680,680,680,0
2022-01-25 09:11:00,680,680,680,680,0
2022-01-25 09:12:00,680,680,680,680,0
2022-01-25 09:13:00,680,680,680,680,0
2022-01-25 09:14:00,680,680,680,680,0
2022-01-25 09:15:00,680,680,680,680,0
2022-01-25 09:16:00,680,680,680,680,0
2022-01-25 09:17:00,680,680,680,680,0
2022-01-25 09:18:00,680,680,680,680,0
2022-01-25 09:19:00,680,680,680,680,0
2022-01-25 09:20:00,680,680,680,680,0
2022-01-25 09:21:00,680,680,680,680,0
2022-01-25 09:22:00,680,680,680,680,0
2022-01-25 09:23:00,680,680,680,680,0
2022-01-25 09:24:00,680,680,680,680,0
2022-01-25 09:25:00,680,680,680,680,0
2022-01-25 09:26:00,680,680,680,680,0
2022-01-25 09:27:00,680,680,680,680,0
2022-01-25 09:28:00,680,680,680,680,0
2022-01-25 09:29:00,680,680,680,680,0
2022-01-25 09:30:00,680,680,680,680,0
2022-01-25 09:31:00,680,680,680,680,0
2022-01-25 09:32:00,680,680,680,680,0
2022-01-25 09:33:00,680,680,680,680,0
2022-01-25 09:34:00,680,680,680,680,0
2022-01-25 09:35:00,680,680,680,680,0
2022-01-25 09:36:00,680,680,680,680,0
2022-01-25 09:37:00,680,680,680,680,0
2022-01-25 09:38:00,680,680,680,680,0
2022-01-25 09:39:00,680,680,680,680,0
2022-01-25 09:40:00,680,680,680,680,0
2022-01-25 09:41:00,680,680,680,680,0
2022-01-25 09:42:00,680,680,680,680,0
2022-01-25 09:43:00,680,680,680,680,0
2022-01-25 09:44:00,680,680,680,680,0
2022-01-25 09:45:00,680,680,680,680,0
2022-01-25 09:46:00,680,680,680,680,0
2022-01-25 09:47:00,680,680,680,680,0
2022-01-25 09:48:00,680,680,680,680,0
2022-01-25 09:49:00,680,680,680,680,0
2022-01-25 09:50:00,680,680,680,680,0
2022-01-25 09:51:00,680,680,680,680,0
2022-01-25 09:52:00,680,680,680,680,0
2022-01-25 09:53:00,680,680,680,680,0
2022-01-25 09:54:00,680,680,680,680,0
2022-01-25 09:55:00,680,680,680,680,0
2022-01-25 09:56:00,680,680,680,680,0
2022-01-25 09:57:00,680,680,680,680,0
2022-01-25 09:58:00,680,680,680,680,0
2022-01-25 09:59:00,680,680,680,680,0
2022-01-25 10:00:00,680,680,680,680,0
2022-01-25 10:01:00,680,680,680,680,0
2022-01-25 10:02:00,680,680,680,680,0
2022-01-25 10:03:00,680,680,680,680,0
2022-01-25 10:04:00,680,680,680,680,0
2022-01-25 10:05:00,680,680,680,680,0
2022-01-25 10:06:00,680,680,680,680,0
2022-01-25 10:07:00,680,680,680,680,0
2022-01-25 10:08:00,680,680,680,680,0
2022-01-25 10:09:00,680,680,680,680,0
2022-01-25 10:10:00,680,680,680,680,0
2022-01-25 10:11:00,680,680,680,680,0
2022-01-25 10:12:00,680,680,680,680,0
2022-01-25 10:13:00,680,680,680,680,0
2022-01-25 10:14:00,680,680,680,680,0
2022-01-25 10:15:00,680,680,680,680,0
2022-01-25 10:16:00,680,680,680,680,0
2022-01-25 10:17:00,680,680,680,680,0
2022-01-25 10:18:00,680,680,680,680,0
2022-01-25 10:19:00,680,680,680,680,0
2022-01-25 10:20:00,680,680,680,680,0
2022-01-25 10:21:00,680,680,680,680,0
2022-01-25 10:22:00,680,680,680,680,0
2022-01-25 10:23:00,680,680,680,680,0
2022-01-25 10:24:00,680,680,680,680,0
2022-01-25 10:25:00,680,680,680,680,0
2022-01-25 10:26:00,680,680,680,680,0
2022-01-25 10:27:00,680,680,680,680,0
2022-01-25 10:28:00,680,680,680,680,0
2022-01-25 10:29:00,680,680,680,680,0
2022-01-25 10:30:00,680,680,680,680,0
2022-01-25 10:31:00,680,680,680,680,0
2022-01-25 10:32:00,680,680,680,680,0
2022-01-25 10:33:00,680,680,680,680,0
2022-01-25 10:34:00,680,680,680,680,0
2022-01-25 10:35:00,680,680,680,680,0
2022-01-25 10:36:00,680,680,680,680,0
2022-01-25 10:37:00,680,680,680,680,0
2022-01-25 10:38:00,680,680,680,680,0
2022-01-25 10:39:00,680,680,680,680,0
2022-01-25 10:40:00,680,680,680,680,0
2022-01-25 10:41:00,680,680,680,680,0
2022-01-25 10:42:00,680,680,680,680,0
2022-01-25 10:43:00,680,680,680,680,0
2022-01-25 10:44:00,680,680,680,680,0
2022-01-25 10:45:00,680,680,680,680,0
2022-01-25 10:46:00,680,680,680,680,0
2022-01-25 10:47:00,680,680,680,680,0
2022-01-25 10:48:00,680,680,680,680,0
2022-01-25 10:49:00,680,680,680,680,0
2022-01-25 10:50:00,680,680,680,680,0
2022-01-25 10:51:00,680,680,680,680,0
2022-01-25 10:52:00,680,680,680,680,0
2022-01-25 10:53:00,680,680,680,680,0
2022-01-25 10:54:00,680,680,680,680,0
2022-01-25 10:55:00,680,680,680,680,0
2022-01-25 10:56:00,680,680,680,680,0
2022-01-25 10:57:00,680,680,680,680,0
2022-01-25 10:58:00,680,680,680,680,0
2022-01-25 10:59:00,680,680,680,680,0
2022-01-25 11:00:00,680,680,680,680,0
2022-01-25 11:01:00,680,680,680,680,0
2022-01-25 11:02:00,680,680,680,680,0
2022-01-25 11:03:00,680,680,680,680,0
2022-01-25 11:04:00,680,680,680,680,0
2022-01-25 11:05:00,680,680,680,680,0
2022-01-25 11:06:00,680,680,680,680,0
2022-01-25 11:07:00,680,680,680,680,0
2022-01-25 11:08:00,680,680,680,680,0
2022-01-25 11:09:00,680,680,680,680,0
2022-01-25 11:10:00,680,680,680,680,0
2022-01-25 11:11:00,680,680,680,680,0
2022-01-25 11:12:00,680,680,680,680,0
2022-01-25 11:13:00,680,680,680,680,0
2022-01-25 11:14:00,680,680,680,680,0
2022-01-25 11:15:00,680,680,680,680,0
2022-01-25 11:16:00,680,680,680,680,0
2022-01-25 11:17:00,680,680,680,680,0
2022-01-25 11:18:00,680,680,680,680,0
2022-01-25 11:19:00,680,680,680,680,0
2022-01-25 11:20:00,680,680,680,680,0
2022-01-25 11:21:00,680,680,680,680,0
2022-01-25 11:22:00,680,680,680,680,0
2022-01-25 11:23:00,680,680,680,680,0
2022-01-25 11:24:00,680,680,680,680,0
2022-01-25 11:25:00,680,680,680,680,0
2022-01-25 11:26:00,680,680,680,680,0
2022-01-25 11:27:00,680,680,680,680,0
2022-01-25 11:28:00,680,680,680,680,0
2022-01-25 11:29:00,680,680,680,680,0
2022-01-25 11:30:00,680,680,680,680,0
2022-01-25 11:31:00,680,680,680,680,0
2022-01-25 11:32:00,680,680,680,680,0
2022-01-25 11:33:00,680,680,680,680,0
2022-01-25 11:34:00,680,680,680,680,0
2022-01-25 11:35:00,680,680,680,680,0
2022-01-25 11:36:00,680,680,680,680,0
2022-01-25 11:37:00,680,680,680,680,0
2022-01-25 11:38:00,680,680,680,680,0
2022-01-25 11:39:00,680,680,680,680,0
2022-01-25 11:40:00,680,680,680,680,0
2022-01-25 11:41:00,680,680,680,680,0
2022-01-25 11:42:00,680,680,680,680,0
2022-01-25 11:43:00,680,680,680,680,0
2022-01-25 11:44:00,680,680,680,680,0
2022-01-25 11:45:00,680,680,680,680,0
2022-01-25 11:46:00,680,680,680,680,0
2022-01-25 11:47:00,680,680,680,680,0
2022-01-25 11:48:00,680,680,680,680,0
2022-01-25 11:49:00,680,680,680,680,0
2022-01-25 11:50:00,680,680,680,680,0
2022-01-25 11:51:00,680,680,680,680,0
2022-01-25 11:52:00,680,680,680,680,0
2022-01-25 11:53:00,680,680,680,680,0
2022-01-25 11:54:00,680,680,680,680,0
2022-01-25 11:55:00,680,680,680,680,0
2022-01-25 11:56:00,680,680,680,680,0
2022-01-25 11:57:00,680,680,680,680,0
2022-01-25 11:58:00,680,680,680,680,0
2022-01-25 11:59:00,680,680,680,680,0
2022-01-25 12:00:00,680,680,680,680,0
2022-01-25 12:01:00,680,680,680,680,0
2022-01-25 12:02:00,680,680,680,680,0
2022-01-25 12:03:00,680,680,680,680,0
2022-01-25 12:04:00,680,680,680,680,0
2022-01-25 12:05:00,680,680,680,680,0
2022-01-25 12:06:00,680,680,680,680,0
2022-01-25 12:07:00,680,680,680,680,0
2022-01-25 12:08:00,680,680,680,680,0
2022-01-25 12:09:00,680,680,680,680,0
2022-01-25 12:10:00,680,680,680,680,0
2022-01-25 12:11:00,680,680,680,680,0
2022-01-25 12:12:00,680,680,680,680,0
2022-01-25 12:13:00,680,680,680,680,0
2022-01-25 12:14:00,680,680,680,680,0
2022-01-25 12:15:00,680,680,680,680,0
2022-01-25 12:16:00,680,680,680,680,0
2022-01-25 12:17:00,680,680,680,680,0
2022-01-25 12:18:00,680,680,680,680,0
2022-01-25 12:19:00,680,680,680,680,0
2022-01-25 12:20:00,680,680,680,680,0
2022-01-25 12:21:00,680,680,680,680,0
2022-01-25 12:22:00,680,680,680,680,0
2022-01-25 12:23:00,680,680,680,680,0
2022-01-25 12:24:00,680,680,680,680,0
2022-01-25 12:25:00,680,680,680,680,0
2022-01-25 12:26:00,680,680,680,680,0
2022-01-25 12:27:00,680,680,680,680,0
2022-01-25 12:28:00,680,680,680,680,0
2022-01-25 12:29:00,680,680,680,680,0
2022-01-25 12:30:00,680,680,680,680,0
2022-01-25 12:31:00,680,680,680,680,0
2022-01-25 12:32:00,680,680,680,680,0
2022-01-25 12:33:00,680,680,680,680,0
2022-01-25 12:34:00,680,680,680,680,0
2022-01-25 12:35:00,680,680,680,680,0
2022-01-25 12:36:00,680,680,680,680,0
2022-01-25 12:37:00,680,680,680,680,0
2022-01-25 12:38:00,680,680,680,680,0
2022-01-25 12:39:00,680,680,680,680,0
2022-01-25 12:40:00,680,680,680,680,0
2022-01-25 12:41:00,680,680,680,680,0
2022-01-25 12:42:00,680,680,680,680,0
2022-01-25 12:43:00,680,680,680,680,0
2022-01-25 12:44:00,680,680,680,680,0
2022-01-25 12:45:00,680,680,680,680,0
2022-01-25 12:46:00,680,680,680,680,0
2022-01-25 12:47:00,680,680,680,680,0
2022-01-25 12:48:00,680,680,680,680,0
2022-01-25 12:49:00,680,680,680,680,0
2022-01-25 12:50:00,680,680,680,680,0
2022-01-25 12:51:00,680,680,680,680,0
2022-01-25 12:52:00,680,680,680,680,0
2022-01-25 12:53:00,680,680,680,680,0
2022-01-25 12:54:00,680,680,680,680,0
2022-01-25 12:55:00,680,680,680,680,0
2022-01-25 12:56:00,680,680,680,680,0
2022-01-25 12:57:00,680,680,680,680,0
2022-01-25 12:58:00,680,680,680,680,0
2022-01-25 12:59:00,680,680,680,680,0
2022-01-25 13:00:00,680,680,680,680,0
2022-01-25 13:01:00,680,680,680,680,0
2022-01-25 13:02:00,680,680,680,680,0
2022-01-25 13:03:00,680,680,680,680,0
2022-01-25 13:04:00,680,680,680,680,0
2022-01-25 13:05:00,680,680,680,680,0
2022-01-25 13:06:00,680,680,680,680,0
2022-01-25 13:07:00,680,680,680,680,0
2022-01-25 13:08:00,680,680,680,680,0
2022-01-25 13:09:00,680,680,680,680,0
2022-01-25 13:10:00,680,680,680,680,0
2022-01-25 13:11:00,680,680,680,680,0
2022-01-25 13:12:00,680,680,680,680,0
2022-01-25 13:13:00,680,680,680,680,0
2022-01-25 13:14:00,680,680,680,680,0
2022-01-25 13:15:00,680,680,680,680,0
2022-01-25 13:16:00,680,680,680,680,0
2022-01-25 13:17:00,680,680,680,680,0
2022-01-25 13:18:00,680,680,680,680,0
2022-01-25 13:19:00,680,680,680,680,0
2022-01-25 13:20:00,680,680,680,680,0
2022-01-25 13:21:00,680,680,680,680,0
2022-01-25 13:22:00,680,680,680,680,0
2022-01-25 13:23:00,680,680,680,680,0
2022-01-25 13:24:00,680,680,680,680,0
2022-01-25 13:25:00,680,680,680,680,0
2022-01-25 13:26:00,680,680,680,680,0
2022-01-25 13:27:00,680,680,680,680,0
2022-01-25 13:28:00,680,680,680,680,0
2022-01-25 13:29:00,680,680,680,680,0
2022-01-25 13:30:00,680,680,680,680,0
2022-01-25 13:31:00,680,680,680,680,0
2022-01-25 13:32:00,680,680,680,680,0
2022-01-25 13:33:00,680,680,680,680,0
2022-01-25 13:34:00,680,680,680,680,0
2022-01-25 13:35:00,680,680,680,680,0
2022-01-25 13:36:00,680,680,680,680,0
2022-01-25 13:37:00,680,680,680,680,0
2022-01-25 13:38:00,680,680,680,680,0
2022-01-25 13:39:00,680,680,680,680,0
2022-01-25 13:40:00,680,680,680,680,0
2022-01-25 13:41:00,680,680,680,680,0
2022-01-25 13:42:00,680,680,680,680,0
2022-01-25 13:43:00,680,680,680,680,0
2022-01-25 13:44:00,680,680,680,680,0
2022-01-25 13:45:00,680,680,680,680,0
2022-01-25 13:46:00,680,680,680,680,0
2022-01-25 13:47:00,680,680,680,680,0
2022-01-25 13:48:00,680,680,680,680,0
2022-01-25 13:49:00,680,680,680,680,0
2022-01-25 13:50:00,680,680,680,680,0
2022-01-25 13:51:00,680,680,680,680,0
2022-01-25 13:52:00,680,680,680,680,0
2022-01-25 13:53:00,680,680,680,680,0
2022-01-25 13:54:00,680,680,680,680,0
2022-01-25 13:55:00,680,680,680,680,0
2022-01-25 13:56:00,680,680,680,680,0
2022-01-25 13:57:00,680,680,680,680,0
2022-01-25 13:58:00,680,680,680,680,0
2022-01-25 13:59:00,680,680,680,680,0
2022-01-25 14:00:00,680,680,680,680,0
2022-01-25 14:01:00,680,680,680,680,0
2022-01-25 14:02:00,680,680,680,680,0
2022-01-25 14:03:00,680,680,680,680,0
2022-01-25 14:04:00,680,680,680,680,0
2022-01-25 14:05:00,680,680,680,680,0
2022-01-25 14:06:00,680,680,680,680,0
2022-01-25 14:07:00,680,680,680,680,0
2022-01-25 14:08:00,680,680,680,680,0
2022-01-25 14:09:00,680,680,680,680,0
2022-01-25 14:10:00,680,680,680,680,0
2022-01-25 14:11:00,680,680,680,680,0
2022-01-25 14:12:00,680,680,680,680,0
2022-01-25 14:13:00,680,680,680,680,0
2022-01-25 14:14:00,680,680,680,680,0
2022-01-25 14:15:00,680,680,680,680,0
2022-01-25 14:16:00,680,680,680,680,0
2022-01-25 14:17:00,680,680,680,680,0
2022-01-25 14:18:00,680,680,680,680,0
2022-01-25 14:19:00,680,680,680,680,0
2022-01-25 14:20:00,680,680,680,680,0
2022-01-25 14:21:00,680,680,680,680,0
2022-01-25 14:22:00,680,680,680,680,0
2022-01-25 14:23:00,680,680,680,680,0
2022-01-25 14:24:00,680,680,680,680,0
2022-01-25 14:25:00,680,680,680,680,0
2022-01-25 14:26:00,680,680,680,680,0
2022-01-25 14:27:00,680,680,680,680,0
2022-01-25 14:28:00,680,680,680,680,0
2022-01-25 14:29:00,680,680,680,680,0
2022-01-25 14:30:00,680,680,680,680,0
2022-01-25 14:31:00,680,680,680,680,0
2022-01-25 14:32:00,680,680,680,680,0
2022-01-25 14:33:00,680,680,680,680,0
2022-01-25 14:34:00,680,680,680,680,0
2022-01-25 14:35:00,680,680,680,680,0
2022-01-25 14:36:00,680,680,680,680,0
2022-01-25 14:37:00,680,680,680,680,0
2022-01-25 14:38:00,680,680,680,680,0
2022-01-25 14:39:00,680,680,680,680,0
2022-01-25 14:40:00,680,680,680,680,0
2022-01-25 14:41:00,680,680,680,680,0
2022-01-25 14:42:00,680,680,680,680,0
2022-01-25 14:43:00,680,680,680,680,0
2022-01-25 14:44:00,680,680,680,680,0
2022-01-25 14:45:00,680,680,680,680,0
2022-01-25 14:46:00,680,680,680,680,0
2022-01-25 14:47:00,680,680,680,680,0
2022-01-25 14:48:00,680,680,680,680,0
2022-01-25 14:49:00,680,680,680,680,0
2022-01-25 14:50:00,680,680,680,680,0
2022-01-25 14:51:00,680,680,680,680,0
2022-01-25 14:52:00,680,680,680,680,0
2022-01-25 14:53:00,680,680,680,680,0
2022-01-25 14:54:00,680,680,680,680,0
2022-01-25 14:55:00,680,680,680,680,0
2022-01-25 14:56:00,680,680,680,680,0
2022-01-25 14:57:00,680,680,680,680,0
2022-01-25 14:58:00,680,680,680,680,0
2022-01-25 14:59:00,680,680,680,680,0
2022-01-25 15:00:00,680,680,680,680,0
2022-01-25 15:01:00,680,680,680,680,0
2022-01-25 15:02:00,680,680,680,680,0
2022-01-25 15:03:00,680,680,680,680,0
2022-01-25 15:04:00,680,680,680,680,0
2022-01-25 15:05:00,680,680,680,680,0
2022-01-25 15:06:00,680,680,680,680,0
2022-01-25 15:07:00,680,680,680,680,0
2022-01-25 15:08:00,680,680,680,680,0
2022-01-25 15:09:00,680,680,680,680,0
2022-01-25 15:10:00,680,680,680,680,0
2022-01-25 15:11:00,680,680,680,680,0
2022-01-25 15:12:00,680,680,680,680,0
2022-01-25 15:13:00,680,680,680,680,0
2022-01-25 15:14:00,680,680,680,680,0
2022-01-25 15:15:00,680,680,680,680,0
2022-01-25 15:16:00,680,680,680,680,0
2022-01-25 15:17:00,680,680,680,680,0
2022-01-25 15:18:00,680,680,680,680,0
2022-01-25 15:19:00,680,680,680,680,0
2022-01-25 15:20:00,680,680,680,680,0
2022-01-25 15:21:00,680,680,680,680,0
2022-01-25 15:22:00,680,680,680,680,0
2022-01-25 15:23:00,680,680,680,680,0
2022-01-25 15:24:00,680,680,680,680,0
2022-01-25 15:25:00,680,680,680,680,0
2022-01-25 15:26:00,680,680,680,680,0
2022-01-25 15:27:00,680,680,680,680,0
2022-01-25 15:28:00,680,680,680,680,0
2022-01-25 15:29:00,680,680,680,680,0
2022-01-25 15:30:00,680,680,680,680,0
2022-01-25 15:31:00,680,680,680,680,0
2022-01-25 15:32:00,680,680,680,680,0
2022-01-25 15:33:00,680,680,680,680,0
2022-01-25 15:34:00,680,680,680,680,0
2022-01-25 15:35:00,680,680,680,680,0
2022-01-25 15:36:00,680,680,680,680,0
2022-01-25 15:37:00,680,680,680,680,0
2022-01-25 15:38:00,680,680,680,680,0
2022-01-25 15:39:00,680,680,680,680,0
2022-01-25 15:40:00,680,680,680,680,0
2022-01-25 15:41:00,680,680,680,680,0
2022-01-25 15:42:00,680,680,680,680,0
2022-01-25 15:43:00,680,680,680,680,0
2022-01-25 15:44:00,680,680,680,680,0
2022-01-25 15:45:00,680,680,680,680,0
2022-01-25 15:46:00,680,680,680,680,0
2022-01-25 15:47:00,680,680,680,680,0
2022-01-25 15:48:00,680,680,680,680,0
2022-01-25 15:49:00,680,680,680,680,0
2022-01-25 15:50:00,680,680,680,680,0
2022-01-25 15:51:00,680,680,680,680,0
2022-01-25 15:52:00,680,680,680,680,0
2022-01-25 15:53:00,680,680,680,680,0
2022-01-25 15:54:00,680,680,680,680,0
2022-01-25 15:55:00,680,680,680,680,0
2022-01-25 15:56:00,680,680,680,680,0
2022-01-25 15:57:00,680,680,680,680,0
2022-01-25 15:58:00,680,680,680,680,0
2022-01-25 15:59:00,680,680,680,680,0
2022-01-26 09:00:00,690,685,690,685,70600
2022-01-26 09:01:00,690,685,690,685,13200
2022-01-26 09:02:00,685,685,690,690,18400
2022-01-26 09:03:00,680,680,680,680,8600
2022-01-26 09:04:00,690,690,690,690,0
2022-01-26 09:05:00,690,690,690,690,0
2022-01-26 09:06:00,690,690,690,690,0
2022-01-26 09:07:00,685,685,685,685,113700
2022-01-26 09:08:00,685,685,685,685,0
2022-01-26 09:09:00,685,685,685,685,0
2022-01-26 09:10:00,685,685,685,685,0
2022-01-26 09:11:00,685,685,685,685,0
2022-01-26 09:12:00,685,685,685,685,0
2022-01-26 09:13:00,685,685,685,685,0
2022-01-26 09:14:00,685,685,685,685,0
2022-01-26 09:15:00,685,685,685,685,0
2022-01-26 09:16:00,685,685,685,685,0
2022-01-26 09:17:00,685,685,685,685,0
2022-01-26 09:18:00,685,685,685,685,0
2022-01-26 09:19:00,685,685,685,685,0
2022-01-26 09:20:00,685,685,685,685,0
2022-01-26 09:21:00,685,685,685,685,0
2022-01-26 09:22:00,685,685,685,685,0
2022-01-26 09:23:00,680,680,680,680,116000
2022-01-26 09:24:00,680,680,685,685,800
2022-01-26 09:25:00,680,680,680,680,900
2022-01-26 09:26:00,680,680,680,680,6300
2022-01-26 09:27:00,680,680,680,680,0
2022-01-26 09:28:00,680,680,680,680,0
2022-01-26 09:29:00,680,680,680,680,0
2022-01-26 09:30:00,680,680,680,680,500
2022-01-26 09:31:00,680,680,680,680,0
2022-01-26 09:32:00,680,680,680,680,0
2022-01-26 09:33:00,680,680,680,680,0
2022-01-26 09:34:00,680,680,680,680,0
2022-01-26 09:35:00,680,680,680,680,700
2022-01-26 09:36:00,675,675,675,675,1000
2022-01-26 09:37:00,675,675,675,675,0
2022-01-26 09:38:00,680,680,680,680,1300
2022-01-26 09:39:00,680,680,680,680,0
2022-01-26 09:40:00,680,680,680,680,0
2022-01-26 09:41:00,680,680,680,680,0
2022-01-26 09:42:00,680,680,680,680,0
2022-01-26 09:43:00,675,675,675,675,132000
2022-01-26 09:44:00,675,675,675,675,0
2022-01-26 09:45:00,675,675,675,675,0
2022-01-26 09:46:00,675,675,675,675,0
2022-01-26 09:47:00,675,675,675,675,0
2022-01-26 09:48:00,675,675,675,675,0
2022-01-26 09:49:00,675,675,675,675,0
2022-01-26 09:50:00,675,675,675,675,0
2022-01-26 09:51:00,675,675,675,675,0
2022-01-26 09:52:00,670,670,670,670,7800
2022-01-26 09:53:00,670,670,670,670,0
2022-01-26 09:54:00,670,670,670,670,0
2022-01-26 09:55:00,670,670,670,670,0
2022-01-26 09:56:00,670,670,670,670,0
2022-01-26 09:57:00,675,675,675,675,3100
2022-01-26 09:58:00,675,675,675,675,0
2022-01-26 09:59:00,675,675,675,675,0
2022-01-26 10:00:00,675,675,675,675,0
2022-01-26 10:01:00,670,670,670,670,0
2022-01-26 10:02:00,670,670,670,670,0
2022-01-26 10:03:00,670,670,670,670,154300
2022-01-26 10:04:00,670,670,670,670,0
2022-01-26 10:05:00,670,670,670,670,0
2022-01-26 10:06:00,675,675,675,675,157000
2022-01-26 10:07:00,675,675,675,675,0
2022-01-26 10:08:00,670,670,670,670,0
2022-01-26 10:09:00,670,670,670,670,0
2022-01-26 10:10:00,670,670,670,670,0
2022-01-26 10:11:00,670,670,670,670,0
2022-01-26 10:12:00,665,665,665,665,161900
2022-01-26 10:13:00,660,660,665,665,3900
2022-01-26 10:14:00,665,665,670,670,10000
2022-01-26 10:15:00,670,670,670,670,185900
2022-01-26 10:16:00,670,670,670,670,0
2022-01-26 10:17:00,670,670,670,670,8700
2022-01-26 10:18:00,675,675,675,675,16300
2022-01-26 10:19:00,675,675,675,675,212200
2022-01-26 10:20:00,675,675,675,675,0
2022-01-26 10:21:00,675,675,675,675,4500
2022-01-26 10:22:00,675,675,675,675,2100
2022-01-26 10:23:00,675,675,675,675,0
2022-01-26 10:24:00,670,670,670,670,222700
2022-01-26 10:25:00,675,675,675,675,0
2022-01-26 10:26:00,675,675,675,675,0
2022-01-26 10:27:00,675,675,675,675,0
2022-01-26 10:28:00,675,675,675,675,0
2022-01-26 10:29:00,675,675,675,675,231200
2022-01-26 10:30:00,675,675,675,675,0
2022-01-26 10:31:00,675,675,675,675,0
2022-01-26 10:32:00,675,675,675,675,0
2022-01-26 10:33:00,675,675,675,675,0
2022-01-26 10:34:00,675,675,675,675,0
2022-01-26 10:35:00,675,675,675,675,0
2022-01-26 10:36:00,675,675,675,675,0
2022-01-26 10:37:00,675,675,675,675,0
2022-01-26 10:38:00,680,650,680,650,109600
2022-01-26 10:39:00,680,680,680,680,0
2022-01-26 10:40:00,675,675,675,675,341400
2022-01-26 10:41:00,675,675,675,675,0
2022-01-26 10:42:00,675,675,675,675,0
2022-01-26 10:43:00,680,680,680,680,1000
2022-01-26 10:44:00,680,680,680,680,0
2022-01-26 10:45:00,680,680,680,680,0
2022-01-26 10:46:00,680,680,680,680,0
2022-01-26 10:47:00,680,680,680,680,0
2022-01-26 10:48:00,680,680,680,680,0
2022-01-26 10:49:00,680,680,680,680,0
2022-01-26 10:50:00,680,680,680,680,0
2022-01-26 10:51:00,680,680,680,680,0
2022-01-26 10:52:00,680,680,680,680,0
2022-01-26 10:53:00,680,680,680,680,0
2022-01-26 10:54:00,680,680,680,680,0
2022-01-26 10:55:00,680,680,680,680,0
2022-01-26 10:56:00,680,680,680,680,0
2022-01-26 10:57:00,680,680,680,680,0
2022-01-26 10:58:00,680,680,680,680,0
2022-01-26 10:59:00,680,680,680,680,0
2022-01-26 11:00:00,675,675,675,675,1900
2022-01-26 11:01:00,675,675,675,675,0
2022-01-26 11:02:00,675,675,675,675,0
2022-01-26 11:03:00,675,675,675,675,0
2022-01-26 11:04:00,675,675,675,675,0
2022-01-26 11:05:00,675,675,675,675,0
2022-01-26 11:06:00,670,670,670,670,349300
2022-01-26 11:07:00,670,670,670,670,0
2022-01-26 11:08:00,675,675,675,675,10600
2022-01-26 11:09:00,675,675,675,675,0
2022-01-26 11:10:00,675,675,675,675,0
2022-01-26 11:11:00,675,675,675,675,600
2022-01-26 11:12:00,675,675,675,675,0
2022-01-26 11:13:00,675,675,675,675,0
2022-01-26 11:14:00,675,675,675,675,362000
2022-01-26 11:15:00,675,675,675,675,0
2022-01-26 11:16:00,675,675,675,675,0
2022-01-26 11:17:00,675,675,675,675,2000
2022-01-26 11:18:00,675,675,675,675,500
2022-01-26 11:19:00,675,675,675,675,900
2022-01-26 11:20:00,675,675,675,675,200
2022-01-26 11:21:00,675,675,675,675,700
2022-01-26 11:22:00,675,675,675,675,0
2022-01-26 11:23:00,675,675,675,675,0
2022-01-26 11:24:00,670,670,670,670,370100
2022-01-26 11:25:00,670,670,675,675,2800
2022-01-26 11:26:00,675,675,675,675,1200
2022-01-26 11:27:00,675,675,675,675,300
2022-01-26 11:28:00,675,675,675,675,0
2022-01-26 11:29:00,675,675,675,675,0
2022-01-26 11:30:00,675,675,675,675,0
2022-01-26 11:31:00,675,675,675,675,0
2022-01-26 11:32:00,675,675,675,675,0
2022-01-26 11:33:00,675,675,675,675,0
2022-01-26 11:34:00,675,675,675,675,0
2022-01-26 11:35:00,675,675,675,675,0
2022-01-26 11:36:00,675,675,675,675,0
2022-01-26 11:37:00,675,675,675,675,0
2022-01-26 11:38:00,675,675,675,675,0
2022-01-26 11:39:00,675,675,675,675,0
2022-01-26 11:40:00,675,675,675,675,0
2022-01-26 11:41:00,675,675,675,675,0
2022-01-26 11:42:00,675,675,675,675,0
2022-01-26 11:43:00,675,675,675,675,0
2022-01-26 11:44:00,675,675,675,675,0
2022-01-26 11:45:00,675,675,675,675,0
2022-01-26 11:46:00,675,675,675,675,0
2022-01-26 11:47:00,675,675,675,675,0
2022-01-26 11:48:00,675,675,675,675,0
2022-01-26 11:49:00,675,675,675,675,0
2022-01-26 11:50:00,675,675,675,675,0
2022-01-26 11:51:00,675,675,675,675,0
2022-01-26 11:52:00,675,675,675,675,0
2022-01-26 11:53:00,675,675,675,675,0
2022-01-26 11:54:00,675,675,675,675,0
2022-01-26 11:55:00,675,675,675,675,0
2022-01-26 11:56:00,675,675,675,675,0
2022-01-26 11:57:00,675,675,675,675,0
2022-01-26 11:58:00,675,675,675,675,0
2022-01-26 11:59:00,675,675,675,675,0
2022-01-26 12:00:00,675,675,675,675,0
2022-01-26 12:01:00,675,675,675,675,0
2022-01-26 12:02:00,675,675,675,675,0
2022-01-26 12:03:00,675,675,675,675,0
2022-01-26 12:04:00,675,675,675,675,0
2022-01-26 12:05:00,675,675,675,675,0
2022-01-26 12:06:00,675,675,675,675,0
2022-01-26 12:07:00,675,675,675,675,0
2022-01-26 12:08:00,675,675,675,675,0
2022-01-26 12:09:00,675,675,675,675,0
2022-01-26 12:10:00,675,675,675,675,0
2022-01-26 12:11:00,675,675,675,675,0
2022-01-26 12:12:00,675,675,675,675,0
2022-01-26 12:13:00,675,675,675,675,0
2022-01-26 12:14:00,675,675,675,675,0
2022-01-26 12:15:00,675,675,675,675,0
2022-01-26 12:16:00,675,675,675,675,0
2022-01-26 12:17:00,675,675,675,675,0
2022-01-26 12:18:00,675,675,675,675,0
2022-01-26 12:19:00,675,675,675,675,0
2022-01-26 12:20:00,675,675,675,675,0
2022-01-26 12:21:00,675,675,675,675,0
2022-01-26 12:22:00,675,675,675,675,0
2022-01-26 12:23:00,675,675,675,675,0
2022-01-26 12:24:00,675,675,675,675,0
2022-01-26 12:25:00,675,675,675,675,0
2022-01-26 12:26:00,675,675,675,675,0
2022-01-26 12:27:00,675,675,675,675,0
2022-01-26 12:28:00,675,675,675,675,0
2022-01-26 12:29:00,675,675,675,675,0
2022-01-26 12:30:00,675,675,675,675,0
2022-01-26 12:31:00,675,675,675,675,0
2022-01-26 12:32:00,675,675,675,675,0
2022-01-26 12:33:00,675,675,675,675,0
2022-01-26 12:34:00,675,675,675,675,0
2022-01-26 12:35:00,675,675,675,675,0
2022-01-26 12:36:00,675,675,675,675,0
2022-01-26 12:37:00,675,675,675,675,0
2022-01-26 12:38:00,675,675,675,675,0
2022-01-26 12:39:00,675,675,675,675,0
2022-01-26 12:40:00,675,675,675,675,0
2022-01-26 12:41:00,675,675,675,675,0
2022-01-26 12:42:00,675,675,675,675,0
2022-01-26 12:43:00,675,675,675,675,0
2022-01-26 12:44:00,675,675,675,675,0
2022-01-26 12:45:00,675,675,675,675,0
2022-01-26 12:46:00,675,675,675,675,0
2022-01-26 12:47:00,675,675,675,675,0
2022-01-26 12:48:00,675,675,675,675,0
2022-01-26 12:49:00,675,675,675,675,0
2022-01-26 12:50:00,675,675,675,675,0
2022-01-26 12:51:00,675,675,675,675,0
2022-01-26 12:52:00,675,675,675,675,0
2022-01-26 12:53:00,675,675,675,675,0
2022-01-26 12:54:00,675,675,675,675,0
2022-01-26 12:55:00,675,675,675,675,0
2022-01-26 12:56:00,675,675,675,675,0
2022-01-26 12:57:00,675,675,675,675,0
2022-01-26 12:58:00,675,675,675,675,0
2022-01-26 12:59:00,675,675,675,675,0
2022-01-26 13:00:00,675,675,675,675,0
2022-01-26 13:01:00,675,675,675,675,0
2022-01-26 13:02:00,675,675,675,675,0
2022-01-26 13:03:00,675,675,675,675,0
2022-01-26 13:04:00,675,675,675,675,0
2022-01-26 13:05:00,675,675,675,675,0
2022-01-26 13:06:00,675,675,675,675,0
2022-01-26 13:07:00,675,675,675,675,0
2022-01-26 13:08:00,675,675,675,675,0
2022-01-26 13:09:00,675,675,675,675,0
2022-01-26 13:10:00,675,675,675,675,0
2022-01-26 13:11:00,675,675,675,675,0
2022-01-26 13:12:00,675,675,675,675,0
2022-01-26 13:13:00,675,675,675,675,0
2022-01-26 13:14:00,675,675,675,675,0
2022-01-26 13:15:00,675,675,675,675,0
2022-01-26 13:16:00,675,675,675,675,0
2022-01-26 13:17:00,675,675,675,675,0
2022-01-26 13:18:00,675,675,675,675,0
2022-01-26 13:19:00,675,675,675,675,0
2022-01-26 13:20:00,675,675,675,675,0
2022-01-26 13:21:00,675,675,675,675,0
2022-01-26 13:22:00,675,675,675,675,0
2022-01-26 13:23:00,675,675,675,675,0
2022-01-26 13:24:00,675,675,675,675,0
2022-01-26 13:25:00,675,675,675,675,0
2022-01-26 13:26:00,675,675,675,675,0
2022-01-26 13:27:00,675,675,675,675,0
2022-01-26 13:28:00,675,675,675,675,0
2022-01-26 13:29:00,675,675,675,675,0
2022-01-26 13:30:00,675,675,680,680,58200
2022-01-26 13:31:00,680,680,680,680,10000
2022-01-26 13:32:00,680,680,680,680,0
2022-01-26 13:33:00,680,680,680,680,0
2022-01-26 13:34:00,680,680,680,680,443600
2022-01-26 13:35:00,680,680,680,680,0
2022-01-26 13:36:00,680,680,680,680,0
2022-01-26 13:37:00,680,680,680,680,0
2022-01-26 13:38:00,675,675,680,680,5300
2022-01-26 13:39:00,675,675,680,680,1300
2022-01-26 13:40:00,675,675,680,680,0
2022-01-26 13:41:00,680,680,680,680,300
2022-01-26 13:42:00,680,680,680,680,0
2022-01-26 13:43:00,680,680,680,680,0
2022-01-26 13:44:00,680,680,680,680,0
2022-01-26 13:45:00,680,680,680,680,0
2022-01-26 13:46:00,675,675,675,675,457400
2022-01-26 13:47:00,675,675,675,675,1000
2022-01-26 13:48:00,675,675,675,675,0
2022-01-26 13:49:00,675,675,675,675,700
2022-01-26 13:50:00,675,675,675,675,0
2022-01-26 13:51:00,675,675,675,675,0
2022-01-26 13:52:00,675,675,675,675,0
2022-01-26 13:53:00,675,675,675,675,0
2022-01-26 13:54:00,675,675,675,675,600
2022-01-26 13:55:00,670,670,670,670,1000
2022-01-26 13:56:00,675,675,675,675,0
2022-01-26 13:57:00,675,675,675,675,0
2022-01-26 13:58:00,675,675,675,675,0
2022-01-26 13:59:00,675,675,675,675,0
2022-01-26 14:00:00,670,670,675,675,466000
2022-01-26 14:01:00,670,670,675,675,0
2022-01-26 14:02:00,675,675,675,675,200
2022-01-26 14:03:00,675,675,675,675,0
2022-01-26 14:04:00,675,675,675,675,0
2022-01-26 14:05:00,675,675,675,675,0
2022-01-26 14:06:00,675,675,675,675,0
2022-01-26 14:07:00,675,675,675,675,468800
2022-01-26 14:08:00,675,675,675,675,0
2022-01-26 14:09:00,675,675,675,675,0
2022-01-26 14:10:00,675,675,675,675,200
2022-01-26 14:11:00,675,675,675,675,0
2022-01-26 14:12:00,675,675,675,675,0
2022-01-26 14:13:00,675,675,675,675,0
2022-01-26 14:14:00,675,670,675,670,3500
2022-01-26 14:15:00,670,670,670,670,1000
2022-01-26 14:16:00,675,675,675,675,0
2022-01-26 14:17:00,675,675,675,675,0
2022-01-26 14:18:00,675,675,675,675,0
2022-01-26 14:19:00,675,675,675,675,475300
2022-01-26 14:20:00,670,670,675,675,2600
2022-01-26 14:21:00,675,675,675,675,478200
2022-01-26 14:22:00,670,670,670,670,1600
2022-01-26 14:23:00,670,670,670,670,300
2022-01-26 14:24:00,655,655,655,655,0
2022-01-26 14:25:00,670,670,670,670,495600
2022-01-26 14:26:00,670,670,670,670,0
2022-01-26 14:27:00,670,670,670,670,0
2022-01-26 14:28:00,670,670,670,670,0
2022-01-26 14:29:00,670,670,670,670,0
2022-01-26 14:30:00,670,670,675,675,502900
2022-01-26 14:31:00,675,670,675,670,3800
2022-01-26 14:32:00,675,675,675,675,0
2022-01-26 14:33:00,675,675,675,675,0
2022-01-26 14:34:00,670,655,670,655,612500
2022-01-26 14:35:00,675,675,680,680,65400
2022-01-26 14:36:00,680,680,680,680,900
2022-01-26 14:37:00,680,680,680,680,4400
2022-01-26 14:38:00,680,680,680,680,0
2022-01-26 14:39:00,680,680,680,680,1200
2022-01-26 14:40:00,680,680,680,680,800
2022-01-26 14:41:00,680,680,680,680,0
2022-01-26 14:42:00,680,680,680,680,0
2022-01-26 14:43:00,680,680,680,680,1100
2022-01-26 14:44:00,680,675,680,675,1700
2022-01-26 14:45:00,680,680,680,680,1100
2022-01-26 14:46:00,675,675,680,680,2800
2022-01-26 14:47:00,680,680,680,680,900
2022-01-26 14:48:00,680,680,680,680,1200
2022-01-26 14:49:00,675,675,675,675,0
2022-01-26 14:50:00,675,675,675,675,0
2022-01-26 14:51:00,675,675,675,675,0
2022-01-26 14:52:00,675,675,675,675,0
2022-01-26 14:53:00,675,675,675,675,0
2022-01-26 14:54:00,675,675,675,675,0
2022-01-26 14:55:00,675,675,675,675,0
2022-01-26 14:56:00,675,675,675,675,0
2022-01-26 14:57:00,675,675,675,675,0
2022-01-26 14:58:00,675,675,675,675,0
2022-01-26 14:59:00,675,675,675,675,0
2022-01-26 15:00:00,680,680,680,680,0
2022-01-26 15:01:00,680,680,680,680,0
2022-01-26 15:02:00,680,680,680,680,0
2022-01-26 15:03:00,680,680,680,680,0
2022-01-26 15:04:00,680,680,680,680,0
2022-01-26 15:05:00,680,680,680,680,0
2022-01-26 15:06:00,680,680,680,680,0
2022-01-26 15:07:00,680,680,680,680,0
2022-01-26 15:08:00,680,680,680,680,0
2022-01-26 15:09:00,680,680,680,680,0
2022-01-26 15:10:00,680,680,680,680,0
2022-01-26 15:11:00,680,680,680,680,0
2022-01-26 15:12:00,680,680,680,680,0
2022-01-26 15:13:00,680,680,680,680,0
2022-01-26 15:14:00,680,680,680,680,0
2022-01-26 15:15:00,680,680,680,680,0
2022-01-26 15:16:00,680,680,680,680,0
2022-01-26 15:17:00,680,680,680,680,0
2022-01-26 15:18:00,680,680,680,680,0
2022-01-26 15:19:00,680,680,680,680,0
2022-01-26 15:20:00,680,680,680,680,0
2022-01-26 15:21:00,680,680,680,680,0
2022-01-26 15:22:00,680,680,680,680,0
2022-01-26 15:23:00,680,680,680,680,0
2022-01-26 15:24:00,680,680,680,680,0
2022-01-26 15:25:00,680,680,680,680,0
2022-01-26 15:26:00,680,680,680,680,0
2022-01-26 15:27:00,680,680,680,680,0
2022-01-26 15:28:00,680,680,680,680,0
2022-01-26 15:29:00,680,680,680,680,0
2022-01-26 15:30:00,680,680,680,680,0
2022-01-26 15:31:00,680,680,680,680,0
2022-01-26 15:32:00,680,680,680,680,0
2022-01-26 15:33:00,680,680,680,680,0
2022-01-26 15:34:00,680,680,680,680,0
2022-01-26 15:35:00,680,680,680,680,0
2022-01-26 15:36:00,680,680,680,680,0
2022-01-26 15:37:00,680,680,680,680,0
2022-01-26 15:38:00,680,680,680,680,0
2022-01-26 15:39:00,680,680,680,680,0
2022-01-26 15:40:00,680,680,680,680,0
2022-01-26 15:41:00,680,680,680,680,0
2022-01-26 15:42:00,680,680,680,680,0
2022-01-26 15:43:00,680,680,680,680,0
2022-01-26 15:44:00,680,680,680,680,0
2022-01-26 15:45:00,680,680,680,680,0
2022-01-26 15:46:00,680,680,680,680,0
2022-01-26 15:47:00,680,680,680,680,0
2022-01-26 15:48:00,680,680,680,680,0
2022-01-26 15:49:00,680,680,680,680,0
2022-01-26 15:50:00,680,680,680,680,0
2022-01-26 15:51:00,680,680,680,680,0
2022-01-26 15:52:00,680,680,680,680,0
2022-01-26 15:53:00,680,680,680,680,0
2022-01-26 15:54:00,680,680,680,680,0
2022-01-26 15:55:00,680,680,680,680,0
2022-01-26 15:56:00,680,680,680,680,0
2022-01-26 15:57:00,680,680,680,680,0
2022-01-26 15:58:00,680,680,680,680,0
2022-01-26 15:59:00,680,680,680,680,0
2022-01-27 09:00:00,680,680,680,680,200
2022-01-27 09:01:00,680,680,680,680,0
2022-01-27 09:02:00,680,680,680,680,2500
2022-01-27 09:03:00,680,680,680,680,0
2022-01-27 09:04:00,680,680,680,680,0
2022-01-27 09:05:00,680,680,680,680,0
2022-01-27 09:06:00,680,680,680,680,9000
2022-01-27 09:07:00,680,680,680,680,0
2022-01-27 09:08:00,680,680,680,680,0
2022-01-27 09:09:00,675,675,675,675,2000
2022-01-27 09:10:00,680,680,680,680,300
2022-01-27 09:11:00,680,680,680,680,0
2022-01-27 09:12:00,680,680,680,680,0
2022-01-27 09:13:00,680,680,680,680,300
2022-01-27 09:14:00,680,680,680,680,0
2022-01-27 09:15:00,680,680,680,680,300
2022-01-27 09:16:00,680,680,680,680,0
2022-01-27 09:17:00,680,680,680,680,200
2022-01-27 09:18:00,680,680,680,680,0
2022-01-27 09:19:00,680,680,680,680,200
2022-01-27 09:20:00,680,680,680,680,0
2022-01-27 09:21:00,680,680,680,680,200
2022-01-27 09:22:00,680,680,680,680,0
2022-01-27 09:23:00,680,680,680,680,0
2022-01-27 09:24:00,680,680,680,680,0
2022-01-27 09:25:00,680,680,680,680,3200
2022-01-27 09:26:00,680,680,680,680,0
2022-01-27 09:27:00,680,680,680,680,0
2022-01-27 09:28:00,680,680,680,680,0
2022-01-27 09:29:00,680,680,680,680,2300
2022-01-27 09:30:00,680,680,680,680,0
2022-01-27 09:31:00,680,680,680,680,200
2022-01-27 09:32:00,680,680,680,680,0
2022-01-27 09:33:00,680,680,680,680,300
2022-01-27 09:34:00,680,680,680,680,0
2022-01-27 09:35:00,680,680,680,680,0
2022-01-27 09:36:00,680,680,680,680,0
2022-01-27 09:37:00,680,680,680,680,0
2022-01-27 09:38:00,680,680,680,680,0
2022-01-27 09:39:00,680,675,680,675,8100
2022-01-27 09:40:00,675,675,680,680,3600
2022-01-27 09:41:00,675,675,680,680,0
2022-01-27 09:42:00,675,675,680,680,0
2022-01-27 09:43:00,680,680,680,680,200
2022-01-27 09:44:00,680,680,680,680,0
2022-01-27 09:45:00,680,680,680,680,300
2022-01-27 09:46:00,680,680,680,680,0
2022-01-27 09:47:00,680,680,680,680,0
2022-01-27 09:48:00,675,675,675,675,1700
2022-01-27 09:49:00,675,675,680,680,600
2022-01-27 09:50:00,675,675,680,680,0
2022-01-27 09:51:00,675,675,680,680,0
2022-01-27 09:52:00,675,675,680,675,2100
2022-01-27 09:53:00,680,680,680,680,200
2022-01-27 09:54:00,680,680,680,680,0
2022-01-27 09:55:00,680,680,680,680,0
2022-01-27 09:56:00,680,680,680,680,200
2022-01-27 09:57:00,680,680,680,680,0
2022-01-27 09:58:00,680,680,680,680,300
2022-01-27 09:59:00,680,680,680,680,0
2022-01-27 10:00:00,680,680,680,680,200
2022-01-27 10:01:00,680,680,680,680,0
2022-01-27 10:02:00,680,680,680,680,200
2022-01-27 10:03:00,675,675,680,680,400
2022-01-27 10:04:00,680,680,680,680,1300
2022-01-27 10:05:00,680,680,680,680,0
2022-01-27 10:06:00,680,680,680,680,0
2022-01-27 10:07:00,680,680,680,680,0
2022-01-27 10:08:00,680,680,680,680,0
2022-01-27 10:09:00,680,680,680,680,1700
2022-01-27 10:10:00,680,680,680,680,0
2022-01-27 10:11:00,680,680,680,680,200
2022-01-27 10:12:00,680,680,680,680,0
2022-01-27 10:13:00,680,680,680,680,500
2022-01-27 10:14:00,675,675,675,675,400
2022-01-27 10:15:00,680,680,680,680,300
2022-01-27 10:16:00,680,680,680,680,0
2022-01-27 10:17:00,680,680,680,680,0
2022-01-27 10:18:00,680,680,680,680,0
2022-01-27 10:19:00,680,680,680,680,0
2022-01-27 10:20:00,680,680,680,680,300
2022-01-27 10:21:00,680,680,680,680,0
2022-01-27 10:22:00,680,680,680,680,0
2022-01-27 10:23:00,680,680,680,680,200
2022-01-27 10:24:00,680,680,680,680,200
2022-01-27 10:25:00,680,680,680,680,0
2022-01-27 10:26:00,680,680,680,680,0
2022-01-27 10:27:00,680,680,680,680,1200
2022-01-27 10:28:00,680,680,680,680,0
2022-01-27 10:29:00,680,680,680,680,0
2022-01-27 10:30:00,680,680,680,680,300
2022-01-27 10:31:00,680,680,680,680,0
2022-01-27 10:32:00,680,680,680,680,0
2022-01-27 10:33:00,675,675,680,680,800
2022-01-27 10:34:00,675,675,680,680,0
2022-01-27 10:35:00,680,680,680,680,200
2022-01-27 10:36:00,680,680,680,680,0
2022-01-27 10:37:00,680,680,680,680,200
2022-01-27 10:38:00,680,680,680,680,0
2022-01-27 10:39:00,680,680,680,680,200
2022-01-27 10:40:00,680,680,680,680,0
2022-01-27 10:41:00,680,680,680,680,0
2022-01-27 10:42:00,680,680,680,680,0
2022-01-27 10:43:00,680,680,680,680,300
2022-01-27 10:44:00,680,680,680,680,0
2022-01-27 10:45:00,680,680,680,680,300
2022-01-27 10:46:00,680,680,680,680,0
2022-01-27 10:47:00,680,680,680,680,0
2022-01-27 10:48:00,680,680,680,680,200
2022-01-27 10:49:00,680,680,680,680,0
2022-01-27 10:50:00,680,680,680,680,200
2022-01-27 10:51:00,680,680,680,680,0
2022-01-27 10:52:00,680,680,680,680,0
2022-01-27 10:53:00,680,680,680,680,200
2022-01-27 10:54:00,680,680,680,680,0
2022-01-27 10:55:00,680,680,680,680,0
2022-01-27 10:56:00,680,680,680,680,1300
2022-01-27 10:57:00,675,675,675,675,6200
2022-01-27 10:58:00,675,675,675,675,300
2022-01-27 10:59:00,675,675,675,675,1800
2022-01-27 11:00:00,675,675,675,675,0
2022-01-27 11:01:00,675,675,675,675,1800
2022-01-27 11:02:00,675,675,675,675,0
2022-01-27 11:03:00,675,675,675,675,300
2022-01-27 11:04:00,675,675,675,675,2000
2022-01-27 11:05:00,675,675,675,675,0
2022-01-27 11:06:00,675,675,675,675,0
2022-01-27 11:07:00,675,675,675,675,0
2022-01-27 11:08:00,675,675,675,675,200
2022-01-27 11:09:00,675,675,675,675,1700
2022-01-27 11:10:00,675,675,675,675,0
2022-01-27 11:11:00,675,675,675,675,800
2022-01-27 11:12:00,675,675,675,675,0
2022-01-27 11:13:00,670,670,675,670,5800
2022-01-27 11:14:00,670,670,675,675,9900
2022-01-27 11:15:00,675,675,675,675,200
2022-01-27 11:16:00,675,675,675,675,0
2022-01-27 11:17:00,675,675,675,675,1000
2022-01-27 11:18:00,675,675,675,675,800
2022-01-27 11:19:00,675,675,675,675,0
2022-01-27 11:20:00,675,675,675,675,1000
2022-01-27 11:21:00,675,675,675,675,0
2022-01-27 11:22:00,675,675,675,675,1000
2022-01-27 11:23:00,675,675,675,675,0
2022-01-27 11:24:00,675,675,675,675,1000
2022-01-27 11:25:00,675,675,675,675,1100
2022-01-27 11:26:00,675,675,675,675,0
2022-01-27 11:27:00,675,675,675,675,1100
2022-01-27 11:28:00,675,675,675,675,200
2022-01-27 11:29:00,675,675,675,675,200
2022-01-27 11:30:00,675,675,675,675,0
2022-01-27 11:31:00,675,675,675,675,0
2022-01-27 11:32:00,675,675,675,675,0
2022-01-27 11:33:00,675,675,675,675,0
2022-01-27 11:34:00,675,675,675,675,0
2022-01-27 11:35:00,675,675,675,675,0
2022-01-27 11:36:00,675,675,675,675,0
2022-01-27 11:37:00,675,675,675,675,0
2022-01-27 11:38:00,675,675,675,675,0
2022-01-27 11:39:00,675,675,675,675,0
2022-01-27 11:40:00,675,675,675,675,0
2022-01-27 11:41:00,675,675,675,675,0
2022-01-27 11:42:00,675,675,675,675,0
2022-01-27 11:43:00,675,675,675,675,0
2022-01-27 11:44:00,675,675,675,675,0
2022-01-27 11:45:00,675,675,675,675,0
2022-01-27 11:46:00,675,675,675,675,0
2022-01-27 11:47:00,675,675,675,675,0
2022-01-27 11:48:00,675,675,675,675,0
2022-01-27 11:49:00,675,675,675,675,0
2022-01-27 11:50:00,675,675,675,675,0
2022-01-27 11:51:00,675,675,675,675,0
2022-01-27 11:52:00,675,675,675,675,0
2022-01-27 11:53:00,675,675,675,675,0
2022-01-27 11:54:00,675,675,675,675,0
2022-01-27 11:55:00,675,675,675,675,0
2022-01-27 11:56:00,675,675,675,675,0
2022-01-27 11:57:00,675,675,675,675,0
2022-01-27 11:58:00,675,675,675,675,0
2022-01-27 11:59:00,675,675,675,675,0
2022-01-27 12:00:00,675,675,675,675,0
2022-01-27 12:01:00,675,675,675,675,0
2022-01-27 12:02:00,675,675,675,675,0
2022-01-27 12:03:00,675,675,675,675,0
2022-01-27 12:04:00,675,675,675,675,0
2022-01-27 12:05:00,675,675,675,675,0
2022-01-27 12:06:00,675,675,675,675,0
2022-01-27 12:07:00,675,675,675,675,0
2022-01-27 12:08:00,675,675,675,675,0
2022-01-27 12:09:00,675,675,675,675,0
2022-01-27 12:10:00,675,675,675,675,0
2022-01-27 12:11:00,675,675,675,675,0
2022-01-27 12:12:00,675,675,675,675,0
2022-01-27 12:13:00,675,675,675,675,0
2022-01-27 12:14:00,675,675,675,675,0
2022-01-27 12:15:00,675,675,675,675,0
2022-01-27 12:16:00,675,675,675,675,0
2022-01-27 12:17:00,675,675,675,675,0
2022-01-27 12:18:00,675,675,675,675,0
2022-01-27 12:19:00,675,675,675,675,0
2022-01-27 12:20:00,675,675,675,675,0
2022-01-27 12:21:00,675,675,675,675,0
2022-01-27 12:22:00,675,675,675,675,0
2022-01-27 12:23:00,675,675,675,675,0
2022-01-27 12:24:00,675,675,675,675,0
2022-01-27 12:25:00,675,675,675,675,0
2022-01-27 12:26:00,675,675,675,675,0
2022-01-27 12:27:00,675,675,675,675,0
2022-01-27 12:28:00,675,675,675,675,0
2022-01-27 12:29:00,675,675,675,675,0
2022-01-27 12:30:00,675,675,675,675,0
2022-01-27 12:31:00,675,675,675,675,0
2022-01-27 12:32:00,675,675,675,675,0
2022-01-27 12:33:00,675,675,675,675,0
2022-01-27 12:34:00,675,675,675,675,0
2022-01-27 12:35:00,675,675,675,675,0
2022-01-27 12:36:00,675,675,675,675,0
2022-01-27 12:37:00,675,675,675,675,0
2022-01-27 12:38:00,675,675,675,675,0
2022-01-27 12:39:00,675,675,675,675,0
2022-01-27 12:40:00,675,675,675,675,0
2022-01-27 12:41:00,675,675,675,675,0
2022-01-27 12:42:00,675,675,675,675,0
2022-01-27 12:43:00,675,675,675,675,0
2022-01-27 12:44:00,675,675,675,675,0
2022-01-27 12:45:00,675,675,675,675,0
2022-01-27 12:46:00,675,675,675,675,0
2022-01-27 12:47:00,675,675,675,675,0
2022-01-27 12:48:00,675,675,675,675,0
2022-01-27 12:49:00,675,675,675,675,0
2022-01-27 12:50:00,675,675,675,675,0
2022-01-27 12:51:00,675,675,675,675,0
2022-01-27 12:52:00,675,675,675,675,0
2022-01-27 12:53:00,675,675,675,675,0
2022-01-27 12:54:00,675,675,675,675,0
2022-01-27 12:55:00,675,675,675,675,0
2022-01-27 12:56:00,675,675,675,675,0
2022-01-27 12:57:00,675,675,675,675,0
2022-01-27 12:58:00,675,675,675,675,0
2022-01-27 12:59:00,675,675,675,675,0
2022-01-27 13:00:00,675,675,675,675,0
2022-01-27 13:01:00,675,675,675,675,0
2022-01-27 13:02:00,675,675,675,675,0
2022-01-27 13:03:00,675,675,675,675,0
2022-01-27 13:04:00,675,675,675,675,0
2022-01-27 13:05:00,675,675,675,675,0
2022-01-27 13:06:00,675,675,675,675,0
2022-01-27 13:07:00,675,675,675,675,0
2022-01-27 13:08:00,675,675,675,675,0
2022-01-27 13:09:00,675,675,675,675,0
2022-01-27 13:10:00,675,675,675,675,0
2022-01-27 13:11:00,675,675,675,675,0
2022-01-27 13:12:00,675,675,675,675,0
2022-01-27 13:13:00,675,675,675,675,0
2022-01-27 13:14:00,675,675,675,675,0
2022-01-27 13:15:00,675,675,675,675,0
2022-01-27 13:16:00,675,675,675,675,0
2022-01-27 13:17:00,675,675,675,675,0
2022-01-27 13:18:00,675,675,675,675,0
2022-01-27 13:19:00,675,675,675,675,0
2022-01-27 13:20:00,675,675,675,675,0
2022-01-27 13:21:00,675,675,675,675,0
2022-01-27 13:22:00,675,675,675,675,0
2022-01-27 13:23:00,675,675,675,675,0
2022-01-27 13:24:00,675,675,675,675,0
2022-01-27 13:25:00,675,675,675,675,0
2022-01-27 13:26:00,675,675,675,675,0
2022-01-27 13:27:00,675,675,675,675,0
2022-01-27 13:28:00,675,675,675,675,0
2022-01-27 13:29:00,675,675,675,675,0
2022-01-27 13:30:00,675,675,675,675,4000
2022-01-27 13:31:00,675,675,675,675,400
2022-01-27 13:32:00,675,675,675,675,1000
2022-01-27 13:33:00,675,675,675,675,300
2022-01-27 13:34:00,675,675,675,675,1000
2022-01-27 13:35:00,675,675,675,675,0
2022-01-27 13:36:00,675,675,675,675,0
2022-01-27 13:37:00,675,675,675,675,900
2022-01-27 13:38:00,675,675,675,675,0
2022-01-27 13:39:00,675,675,675,675,300
2022-01-27 13:40:00,675,675,675,675,500
2022-01-27 13:41:00,675,675,675,675,0
2022-01-27 13:42:00,675,675,675,675,300
2022-01-27 13:43:00,675,675,675,675,700
2022-01-27 13:44:00,675,675,675,675,0
2022-01-27 13:45:00,675,675,675,675,300
2022-01-27 13:46:00,675,675,675,675,800
2022-01-27 13:47:00,675,675,675,675,0
2022-01-27 13:48:00,675,675,675,675,200
2022-01-27 13:49:00,675,675,675,675,0
2022-01-27 13:50:00,675,675,675,675,0
2022-01-27 13:51:00,675,675,675,675,0
2022-01-27 13:52:00,670,670,670,670,2100
2022-01-27 13:53:00,670,670,675,675,9400
2022-01-27 13:54:00,670,670,675,675,0
2022-01-27 13:55:00,675,675,675,675,200
2022-01-27 13:56:00,670,670,670,670,11400
2022-01-27 13:57:00,670,670,670,670,0
2022-01-27 13:58:00,670,670,675,675,8900
2022-01-27 13:59:00,670,670,675,675,0
2022-01-27 14:00:00,675,675,675,675,200
2022-01-27 14:01:00,675,675,675,675,0
2022-01-27 14:02:00,675,675,675,675,200
2022-01-27 14:03:00,675,675,675,675,2400
2022-01-27 14:04:00,675,675,675,675,54900
2022-01-27 14:05:00,680,680,680,680,500
2022-01-27 14:06:00,680,680,680,680,66600
2022-01-27 14:07:00,685,685,685,685,41300
2022-01-27 14:08:00,690,690,695,695,53800
2022-01-27 14:09:00,695,695,695,695,37500
2022-01-27 14:10:00,695,695,700,700,71600
2022-01-27 14:11:00,700,700,705,705,89500
2022-01-27 14:12:00,705,705,710,705,9700
2022-01-27 14:13:00,705,705,705,705,18800
2022-01-27 14:14:00,705,700,705,700,12800
2022-01-27 14:15:00,705,700,705,705,17000
2022-01-27 14:16:00,705,705,705,705,1500
2022-01-27 14:17:00,705,705,705,705,2000
2022-01-27 14:18:00,705,705,710,710,4300
2022-01-27 14:19:00,710,710,710,710,17800
2022-01-27 14:20:00,710,710,715,715,83500
2022-01-27 14:21:00,715,715,715,715,35200
2022-01-27 14:22:00,710,710,715,715,10500
2022-01-27 14:23:00,715,715,715,715,29800
2022-01-27 14:24:00,715,715,715,715,30100
2022-01-27 14:25:00,720,715,720,720,49200
2022-01-27 14:26:00,720,715,720,715,30300
2022-01-27 14:27:00,715,715,720,720,43100
2022-01-27 14:28:00,720,720,725,725,124400
2022-01-27 14:29:00,725,725,730,730,16900
2022-01-27 14:30:00,730,715,730,725,129700
2022-01-27 14:31:00,725,725,730,730,28400
2022-01-27 14:32:00,725,715,725,715,39300
2022-01-27 14:33:00,715,715,720,720,14000
2022-01-27 14:34:00,720,715,725,715,18800
2022-01-27 14:35:00,715,715,720,720,15700
2022-01-27 14:36:00,720,715,720,720,11900
2022-01-27 14:37:00,720,720,725,725,34600
2022-01-27 14:38:00,725,720,725,720,7800
2022-01-27 14:39:00,725,720,725,725,17200
2022-01-27 14:40:00,725,720,725,725,8400
2022-01-27 14:41:00,725,720,725,720,12100
2022-01-27 14:42:00,720,715,720,720,36800
2022-01-27 14:43:00,720,720,720,720,1300
2022-01-27 14:44:00,720,720,720,720,8000
2022-01-27 14:45:00,720,710,720,715,19100
2022-01-27 14:46:00,710,710,715,715,18200
2022-01-27 14:47:00,715,715,715,715,5300
2022-01-27 14:48:00,720,715,720,720,2600
2022-01-27 14:49:00,720,720,720,720,26400
2022-01-27 14:50:00,720,720,720,720,0
2022-01-27 14:51:00,720,720,720,720,0
2022-01-27 14:52:00,720,720,720,720,0
2022-01-27 14:53:00,720,720,720,720,0
2022-01-27 14:54:00,720,720,720,720,0
2022-01-27 14:55:00,720,720,720,720,0
2022-01-27 14:56:00,720,720,720,720,0
2022-01-27 14:57:00,720,720,720,720,0
2022-01-27 14:58:00,720,720,720,720,0
2022-01-27 14:59:00,720,720,720,720,0
2022-01-27 15:00:00,730,730,730,730,364400
2022-01-27 15:01:00,730,730,730,730,8300
2022-01-27 15:02:00,730,730,730,730,4500
2022-01-27 15:03:00,730,730,730,730,0
2022-01-27 15:04:00,730,730,730,730,4200
2022-01-27 15:05:00,730,730,730,730,4500
2022-01-27 15:06:00,730,730,730,730,110100
2022-01-27 15:07:00,730,730,730,730,0
2022-01-27 15:08:00,730,730,730,730,3000
2022-01-27 15:09:00,730,730,730,730,0
2022-01-27 15:10:00,730,730,730,730,2200
2022-01-27 15:11:00,730,730,730,730,2900
2022-01-27 15:12:00,730,730,730,730,11000
2022-01-27 15:13:00,730,730,730,730,2300
2022-01-27 15:14:00,730,730,730,730,2200
2022-01-27 15:15:00,730,730,730,730,0
2022-01-27 15:16:00,730,730,730,730,0
2022-01-27 15:17:00,730,730,730,730,0
2022-01-27 15:18:00,730,730,730,730,0
2022-01-27 15:19:00,730,730,730,730,0
2022-01-27 15:20:00,730,730,730,730,0
2022-01-27 15:21:00,730,730,730,730,0
2022-01-27 15:22:00,730,730,730,730,0
2022-01-27 15:23:00,730,730,730,730,0
2022-01-27 15:24:00,730,730,730,730,0
2022-01-27 15:25:00,730,730,730,730,0
2022-01-27 15:26:00,730,730,730,730,0
2022-01-27 15:27:00,730,730,730,730,0
2022-01-27 15:28:00,730,730,730,730,0
2022-01-27 15:29:00,730,730,730,730,0
2022-01-27 15:30:00,730,730,730,730,0
2022-01-27 15:31:00,730,730,730,730,0
2022-01-27 15:32:00,730,730,730,730,0
2022-01-27 15:33:00,730,730,730,730,0
2022-01-27 15:34:00,730,730,730,730,0
2022-01-27 15:35:00,730,730,730,730,0
2022-01-27 15:36:00,730,730,730,730,0
2022-01-27 15:37:00,730,730,730,730,0
2022-01-27 15:38:00,730,730,730,730,0
2022-01-27 15:39:00,730,730,730,730,0
2022-01-27 15:40:00,730,730,730,730,0
2022-01-27 15:41:00,730,730,730,730,0
2022-01-27 15:42:00,730,730,730,730,0
2022-01-27 15:43:00,730,730,730,730,0
2022-01-27 15:44:00,730,730,730,730,0
2022-01-27 15:45:00,730,730,730,730,0
2022-01-27 15:46:00,730,730,730,730,0
2022-01-27 15:47:00,730,730,730,730,0
2022-01-27 15:48:00,730,730,730,730,0
2022-01-27 15:49:00,730,730,730,730,0
2022-01-27 15:50:00,730,730,730,730,0
2022-01-27 15:51:00,730,730,730,730,0
2022-01-27 15:52:00,730,730,730,730,0
2022-01-27 15:53:00,730,730,730,730,0
2022-01-27 15:54:00,730,730,730,730,0
2022-01-27 15:55:00,730,730,730,730,0
2022-01-27 15:56:00,730,730,730,730,0
2022-01-27 15:57:00,730,730,730,730,0
2022-01-27 15:58:00,730,730,730,730,0
2022-01-27 15:59:00,730,730,730,730,0
2022-01-28 09:00:00,735,730,740,735,0
2022-01-28 09:01:00,740,735,740,735,23200
2022-01-28 09:02:00,735,730,735,735,67200
2022-01-28 09:03:00,735,735,735,735,1700
2022-01-28 09:04:00,735,725,735,725,67500
2022-01-28 09:05:00,725,720,730,720,11300
2022-01-28 09:06:00,725,720,725,720,10200
2022-01-28 09:07:00,720,710,720,715,33700
2022-01-28 09:08:00,715,715,720,715,11600
2022-01-28 09:09:00,715,715,720,720,1600
2022-01-28 09:10:00,720,720,720,720,1000
2022-01-28 09:11:00,720,715,720,715,1200
2022-01-28 09:12:00,720,720,720,720,2300
2022-01-28 09:13:00,720,720,720,720,700
2022-01-28 09:14:00,720,720,720,720,1000
2022-01-28 09:15:00,715,715,720,720,400
2022-01-28 09:16:00,720,720,720,720,300
2022-01-28 09:17:00,720,720,720,720,5000
2022-01-28 09:18:00,720,720,720,720,4800
2022-01-28 09:19:00,720,720,725,725,2600
2022-01-28 09:20:00,725,725,725,725,1300
2022-01-28 09:21:00,725,725,725,725,1300
2022-01-28 09:22:00,725,720,725,725,4800
2022-01-28 09:23:00,725,725,725,725,3500
2022-01-28 09:24:00,725,725,725,725,800
2022-01-28 09:25:00,725,720,725,725,7700
2022-01-28 09:26:00,725,725,725,725,500
2022-01-28 09:27:00,720,715,720,715,9000
2022-01-28 09:28:00,715,710,725,725,6500
2022-01-28 09:29:00,725,720,725,720,300
2022-01-28 09:30:00,725,725,725,725,300
2022-01-28 09:31:00,725,725,725,725,500
2022-01-28 09:32:00,725,725,725,725,0
2022-01-28 09:33:00,725,725,725,725,300
2022-01-28 09:34:00,725,725,725,725,0
2022-01-28 09:35:00,725,725,725,725,0
2022-01-28 09:36:00,725,725,725,725,0
2022-01-28 09:37:00,725,725,725,725,600
2022-01-28 09:38:00,720,720,720,720,3200
2022-01-28 09:39:00,720,720,725,725,2500
2022-01-28 09:40:00,720,720,725,725,0
2022-01-28 09:41:00,720,720,725,725,500
2022-01-28 09:42:00,725,725,725,725,300
2022-01-28 09:43:00,725,725,725,725,0
2022-01-28 09:44:00,725,725,725,725,200
2022-01-28 09:45:00,725,725,725,725,500
2022-01-28 09:46:00,725,725,725,725,0
2022-01-28 09:47:00,725,725,725,725,800
2022-01-28 09:48:00,725,725,725,725,0
2022-01-28 09:49:00,720,715,720,715,5600
2022-01-28 09:50:00,715,715,720,720,1300
2022-01-28 09:51:00,715,715,720,720,0
2022-01-28 09:52:00,720,715,720,715,5300
2022-01-28 09:53:00,720,715,720,720,5600
2022-01-28 09:54:00,715,715,720,720,700
2022-01-28 09:55:00,715,715,720,720,0
2022-01-28 09:56:00,720,720,720,720,200
2022-01-28 09:57:00,720,720,720,720,0
2022-01-28 09:58:00,720,720,720,720,200
2022-01-28 09:59:00,720,720,720,720,0
2022-01-28 10:00:00,720,720,720,720,300
2022-01-28 10:01:00,720,720,720,720,600
2022-01-28 10:02:00,720,720,720,720,1500
2022-01-28 10:03:00,720,720,720,720,0
2022-01-28 10:04:00,720,715,720,715,1300
2022-01-28 10:05:00,720,720,720,720,200
2022-01-28 10:06:00,720,720,720,720,1100
2022-01-28 10:07:00,720,720,720,720,100
2022-01-28 10:08:00,720,715,725,725,4800
2022-01-28 10:09:00,720,720,720,720,1100
2022-01-28 10:10:00,720,720,720,720,200
2022-01-28 10:11:00,720,720,725,725,1500
2022-01-28 10:12:00,725,725,725,725,200
2022-01-28 10:13:00,725,725,725,725,200
2022-01-28 10:14:00,725,725,725,725,52800
2022-01-28 10:15:00,725,725,725,725,0
2022-01-28 10:16:00,725,725,725,725,0
2022-01-28 10:17:00,725,725,725,725,0
2022-01-28 10:18:00,725,725,730,730,12700
2022-01-28 10:19:00,730,730,730,730,3200
2022-01-28 10:20:00,725,725,730,725,500
2022-01-28 10:21:00,730,730,730,730,1000
2022-01-28 10:22:00,730,730,730,730,0
2022-01-28 10:23:00,730,730,730,730,0
2022-01-28 10:24:00,730,730,730,730,1000
2022-01-28 10:25:00,730,730,730,730,800
2022-01-28 10:26:00,730,730,730,730,0
2022-01-28 10:27:00,730,730,730,730,0
2022-01-28 10:28:00,730,730,730,730,0
2022-01-28 10:29:00,725,725,730,730,1900
2022-01-28 10:30:00,725,725,730,730,0
2022-01-28 10:31:00,725,725,730,730,0
2022-01-28 10:32:00,725,725,730,730,0
2022-01-28 10:33:00,730,730,730,730,300
2022-01-28 10:34:00,730,730,730,730,500
2022-01-28 10:35:00,730,730,730,730,0
2022-01-28 10:36:00,730,730,730,730,300
2022-01-28 10:37:00,730,730,730,730,200
2022-01-28 10:38:00,730,730,730,730,200
2022-01-28 10:39:00,730,730,730,730,0
2022-01-28 10:40:00,730,730,730,730,0
2022-01-28 10:41:00,730,730,730,730,1700
2022-01-28 10:42:00,730,730,730,730,0
2022-01-28 10:43:00,730,730,730,730,600
2022-01-28 10:44:00,730,730,730,730,0
2022-01-28 10:45:00,730,730,730,730,0
2022-01-28 10:46:00,730,730,730,730,300
2022-01-28 10:47:00,730,730,730,730,0
2022-01-28 10:48:00,730,730,730,730,0
2022-01-28 10:49:00,725,725,730,730,300
2022-01-28 10:50:00,725,725,730,730,0
2022-01-28 10:51:00,725,725,730,730,0
2022-01-28 10:52:00,725,725,730,730,0
2022-01-28 10:53:00,725,725,730,730,0
2022-01-28 10:54:00,725,725,730,730,0
2022-01-28 10:55:00,725,725,730,730,0
2022-01-28 10:56:00,725,725,730,730,10700
2022-01-28 10:57:00,725,725,725,725,1500
2022-01-28 10:58:00,730,725,730,725,700
2022-01-28 10:59:00,730,730,730,730,500
2022-01-28 11:00:00,730,730,730,730,700
2022-01-28 11:01:00,725,725,725,725,900
2022-01-28 11:02:00,725,725,725,725,2500
2022-01-28 11:03:00,725,725,725,725,0
2022-01-28 11:04:00,725,725,725,725,800
2022-01-28 11:05:00,725,725,725,725,0
2022-01-28 11:06:00,725,725,725,725,0
2022-01-28 11:07:00,725,725,725,725,0
2022-01-28 11:08:00,725,715,725,725,50700
2022-01-28 11:09:00,725,715,725,725,0
2022-01-28 11:10:00,725,715,725,725,0
2022-01-28 11:11:00,725,715,725,725,0
2022-01-28 11:12:00,720,720,725,725,500
2022-01-28 11:13:00,720,720,725,725,0
2022-01-28 11:14:00,720,720,725,725,0
2022-01-28 11:15:00,720,720,720,720,2400
2022-01-28 11:16:00,720,720,720,720,1200
2022-01-28 11:17:00,720,715,720,715,3500
2022-01-28 11:18:00,720,720,720,720,2300
2022-01-28 11:19:00,720,720,720,720,0
2022-01-28 11:20:00,720,720,720,720,0
2022-01-28 11:21:00,720,720,720,720,200
2022-01-28 11:22:00,720,720,720,720,0
2022-01-28 11:23:00,720,720,720,720,2400
2022-01-28 11:24:00,720,720,720,720,0
2022-01-28 11:25:00,720,720,720,720,500
2022-01-28 11:26:00,720,720,720,720,0
2022-01-28 11:27:00,720,720,720,720,0
2022-01-28 11:28:00,720,720,720,720,1500
2022-01-28 11:29:00,720,715,725,725,4600
2022-01-28 11:30:00,720,715,725,725,0
2022-01-28 11:31:00,720,715,725,725,0
2022-01-28 11:32:00,720,715,725,725,0
2022-01-28 11:33:00,720,715,725,725,0
2022-01-28 11:34:00,720,715,725,725,0
2022-01-28 11:35:00,720,715,725,725,0
2022-01-28 11:36:00,720,715,725,725,0
2022-01-28 11:37:00,720,715,725,725,0
2022-01-28 11:38:00,720,715,725,725,0
2022-01-28 11:39:00,720,715,725,725,0
2022-01-28 11:40:00,720,715,725,725,0
2022-01-28 11:41:00,720,715,725,725,0
2022-01-28 11:42:00,720,715,725,725,0
2022-01-28 11:43:00,720,715,725,725,0
2022-01-28 11:44:00,720,715,725,725,0
2022-01-28 11:45:00,720,715,725,725,0
2022-01-28 11:46:00,720,715,725,725,0
2022-01-28 11:47:00,720,715,725,725,0
2022-01-28 11:48:00,720,715,725,725,0
2022-01-28 11:49:00,720,715,725,725,0
2022-01-28 11:50:00,720,715,725,725,0
2022-01-28 11:51:00,720,715,725,725,0
2022-01-28 11:52:00,720,715,725,725,0
2022-01-28 11:53:00,720,715,725,725,0
2022-01-28 11:54:00,720,715,725,725,0
2022-01-28 11:55:00,720,715,725,725,0
2022-01-28 11:56:00,720,715,725,725,0
2022-01-28 11:57:00,720,715,725,725,0
2022-01-28 11:58:00,720,715,725,725,0
2022-01-28 11:59:00,720,715,725,725,0
2022-01-28 12:00:00,720,715,725,725,0
2022-01-28 12:01:00,720,715,725,725,0
2022-01-28 12:02:00,720,715,725,725,0
2022-01-28 12:03:00,720,715,725,725,0
2022-01-28 12:04:00,720,715,725,725,0
2022-01-28 12:05:00,720,715,725,725,0
2022-01-28 12:06:00,720,715,725,725,0
2022-01-28 12:07:00,720,715,725,725,0
2022-01-28 12:08:00,720,715,725,725,0
2022-01-28 12:09:00,720,715,725,725,0
2022-01-28 12:10:00,720,715,725,725,0
2022-01-28 12:11:00,720,715,725,725,0
2022-01-28 12:12:00,720,715,725,725,0
2022-01-28 12:13:00,720,715,725,725,0
2022-01-28 12:14:00,720,715,725,725,0
2022-01-28 12:15:00,720,715,725,725,0
2022-01-28 12:16:00,720,715,725,725,0
2022-01-28 12:17:00,720,715,725,725,0
2022-01-28 12:18:00,720,715,725,725,0
2022-01-28 12:19:00,720,715,725,725,0
2022-01-28 12:20:00,720,715,725,725,0
2022-01-28 12:21:00,720,715,725,725,0
2022-01-28 12:22:00,720,715,725,725,0
2022-01-28 12:23:00,720,715,725,725,0
2022-01-28 12:24:00,720,715,725,725,0
2022-01-28 12:25:00,720,715,725,725,0
2022-01-28 12:26:00,720,715,725,725,0
2022-01-28 12:27:00,720,715,725,725,0
2022-01-28 12:28:00,720,715,725,725,0
2022-01-28 12:29:00,720,715,725,725,0
2022-01-28 12:30:00,720,715,725,725,0
2022-01-28 12:31:00,720,715,725,725,0
2022-01-28 12:32:00,720,715,725,725,0
2022-01-28 12:33:00,720,715,725,725,0
2022-01-28 12:34:00,720,715,725,725,0
2022-01-28 12:35:00,720,715,725,725,0
2022-01-28 12:36:00,720,715,725,725,0
2022-01-28 12:37:00,720,715,725,725,0
2022-01-28 12:38:00,720,715,725,725,0
2022-01-28 12:39:00,720,715,725,725,0
2022-01-28 12:40:00,720,715,725,725,0
2022-01-28 12:41:00,720,715,725,725,0
2022-01-28 12:42:00,720,715,725,725,0
2022-01-28 12:43:00,720,715,725,725,0
2022-01-28 12:44:00,720,715,725,725,0
2022-01-28 12:45:00,720,715,725,725,0
2022-01-28 12:46:00,720,715,725,725,0
2022-01-28 12:47:00,720,715,725,725,0
2022-01-28 12:48:00,720,715,725,725,0
2022-01-28 12:49:00,720,715,725,725,0
2022-01-28 12:50:00,720,715,725,725,0
2022-01-28 12:51:00,720,715,725,725,0
2022-01-28 12:52:00,720,715,725,725,0
2022-01-28 12:53:00,720,715,725,725,0
2022-01-28 12:54:00,720,715,725,725,0
2022-01-28 12:55:00,720,715,725,725,0
2022-01-28 12:56:00,720,715,725,725,0
2022-01-28 12:57:00,720,715,725,725,0
2022-01-28 12:58:00,720,715,725,725,0
2022-01-28 12:59:00,720,715,725,725,0
2022-01-28 13:00:00,720,715,725,725,0
2022-01-28 13:01:00,720,715,725,725,0
2022-01-28 13:02:00,720,715,725,725,0
2022-01-28 13:03:00,720,715,725,725,0
2022-01-28 13:04:00,720,715,725,725,0
2022-01-28 13:05:00,720,715,725,725,0
2022-01-28 13:06:00,720,715,725,725,0
2022-01-28 13:07:00,720,715,725,725,0
2022-01-28 13:08:00,720,715,725,725,0
2022-01-28 13:09:00,720,715,725,725,0
2022-01-28 13:10:00,720,715,725,725,0
2022-01-28 13:11:00,720,715,725,725,0
2022-01-28 13:12:00,720,715,725,725,0
2022-01-28 13:13:00,720,715,725,725,0
2022-01-28 13:14:00,720,715,725,725,0
2022-01-28 13:15:00,720,715,725,725,0
2022-01-28 13:16:00,720,715,725,725,0
2022-01-28 13:17:00,720,715,725,725,0
2022-01-28 13:18:00,720,715,725,725,0
2022-01-28 13:19:00,720,715,725,725,0
2022-01-28 13:20:00,720,715,725,725,0
2022-01-28 13:21:00,720,715,725,725,0
2022-01-28 13:22:00,720,715,725,725,0
2022-01-28 13:23:00,720,715,725,725,0
2022-01-28 13:24:00,720,715,725,725,0
2022-01-28 13:25:00,720,715,725,725,0
2022-01-28 13:26:00,720,715,725,725,0
2022-01-28 13:27:00,720,715,725,725,0
2022-01-28 13:28:00,720,715,725,725,0
2022-01-28 13:29:00,720,715,725,725,0
2022-01-28 13:30:00,725,725,725,725,2100
2022-01-28 13:31:00,725,725,725,725,0
2022-01-28 13:32:00,725,725,725,725,18900
2022-01-28 13:33:00,730,730,730,730,200
2022-01-28 13:34:00,730,730,730,730,0
2022-01-28 13:35:00,730,730,730,730,0
2022-01-28 13:36:00,730,730,730,730,300
2022-01-28 13:37:00,730,730,730,730,300
2022-01-28 13:38:00,730,730,730,730,0
2022-01-28 13:39:00,730,730,730,730,200
2022-01-28 13:40:00,730,730,730,730,2100
2022-01-28 13:41:00,730,725,730,725,1300
2022-01-28 13:42:00,725,725,725,725,200
2022-01-28 13:43:00,725,725,725,725,2000
2022-01-28 13:44:00,725,725,725,725,800
2022-01-28 13:45:00,725,725,725,725,1400
2022-01-28 13:46:00,730,730,730,730,300
2022-01-28 13:47:00,730,730,730,730,300
2022-01-28 13:48:00,730,730,730,730,0
2022-01-28 13:49:00,730,720,730,720,200
2022-01-28 13:50:00,730,720,730,720,0
2022-01-28 13:51:00,730,720,730,720,0
2022-01-28 13:52:00,730,720,730,720,0
2022-01-28 13:53:00,720,720,725,725,8100
2022-01-28 13:54:00,725,725,725,725,1500
2022-01-28 13:55:00,725,725,725,725,300
2022-01-28 13:56:00,720,720,720,720,1200
2022-01-28 13:57:00,720,720,720,720,0
2022-01-28 13:58:00,720,720,725,725,3200
2022-01-28 13:59:00,725,715,725,715,3400
2022-01-28 14:00:00,725,725,725,725,600
2022-01-28 14:01:00,725,725,725,725,300
2022-01-28 14:02:00,725,725,725,725,0
2022-01-28 14:03:00,720,720,725,725,1500
2022-01-28 14:04:00,725,725,725,725,200
2022-01-28 14:05:00,725,725,725,725,500
2022-01-28 14:06:00,725,725,725,725,200
2022-01-28 14:07:00,725,725,725,725,9500
2022-01-28 14:08:00,730,730,730,730,86000
2022-01-28 14:09:00,730,730,735,735,800
2022-01-28 14:10:00,735,735,740,740,105100
2022-01-28 14:11:00,740,735,740,740,113800
2022-01-28 14:12:00,740,740,745,740,25500
2022-01-28 14:13:00,745,740,745,740,19900
2022-01-28 14:14:00,740,740,745,745,10100
2022-01-28 14:15:00,745,740,745,740,3800
2022-01-28 14:16:00,740,740,745,740,14800
2022-01-28 14:17:00,745,745,745,745,3500
2022-01-28 14:18:00,740,740,745,740,13300
2022-01-28 14:19:00,740,735,740,740,5700
2022-01-28 14:20:00,740,740,740,740,3100
2022-01-28 14:21:00,740,740,740,740,1500
2022-01-28 14:22:00,740,740,740,740,500
2022-01-28 14:23:00,740,740,740,740,500
2022-01-28 14:24:00,735,735,740,740,2000
2022-01-28 14:25:00,740,740,740,740,2500
2022-01-28 14:26:00,740,740,740,740,1200
2022-01-28 14:27:00,740,740,740,740,800
2022-01-28 14:28:00,740,740,740,740,900
2022-01-28 14:29:00,740,740,740,740,800
2022-01-28 14:30:00,740,740,740,740,800
2022-01-28 14:31:00,740,735,740,735,4500
2022-01-28 14:32:00,740,740,740,740,1300
2022-01-28 14:33:00,740,735,740,735,5000
2022-01-28 14:34:00,740,740,740,740,600
2022-01-28 14:35:00,740,735,740,740,2000
2022-01-28 14:36:00,740,735,740,740,0
2022-01-28 14:37:00,740,740,740,740,600
2022-01-28 14:38:00,740,740,740,740,400
2022-01-28 14:39:00,740,740,740,740,800
2022-01-28 14:40:00,740,740,740,740,1200
2022-01-28 14:41:00,740,735,740,740,1900
2022-01-28 14:42:00,740,740,740,740,800
2022-01-28 14:43:00,740,740,740,740,900
2022-01-28 14:44:00,735,735,740,740,3000
2022-01-28 14:45:00,740,735,740,740,3600
2022-01-28 14:46:00,740,735,740,735,12700
2022-01-28 14:47:00,735,735,740,740,1800
2022-01-28 14:48:00,740,735,740,740,1500
2022-01-28 14:49:00,735,735,740,740,1600
2022-01-28 14:50:00,735,735,740,740,0
2022-01-28 14:51:00,735,735,740,740,0
2022-01-28 14:52:00,735,735,740,740,0
2022-01-28 14:53:00,735,735,740,740,0
2022-01-28 14:54:00,735,735,740,740,0
2022-01-28 14:55:00,735,735,740,740,0
2022-01-28 14:56:00,735,735,740,740,0
2022-01-28 14:57:00,735,735,740,740,0
2022-01-28 14:58:00,735,735,740,740,0
2022-01-28 14:59:00,735,735,740,740,0
2022-01-28 15:00:00,730,730,730,730,58600
2022-01-28 15:01:00,730,730,730,730,12500
2022-01-28 15:02:00,730,730,730,730,10000
2022-01-28 15:03:00,730,730,730,730,0
2022-01-28 15:04:00,730,730,730,730,2100
2022-01-28 15:05:00,730,730,730,730,0
2022-01-28 15:06:00,730,730,730,730,100
2022-01-28 15:07:00,730,730,730,730,0
2022-01-28 15:08:00,730,730,730,730,0
2022-01-28 15:09:00,730,730,730,730,0
2022-01-28 15:10:00,730,730,730,730,0
2022-01-28 15:11:00,730,730,730,730,0
2022-01-28 15:12:00,730,730,730,730,0
2022-01-28 15:13:00,730,730,730,730,0
2022-01-28 15:14:00,730,730,730,730,1800
2022-01-28 15:15:00,730,730,730,730,0
2022-01-28 15:16:00,730,730,730,730,0
2022-01-28 15:17:00,730,730,730,730,0
2022-01-28 15:18:00,730,730,730,730,0
2022-01-28 15:19:00,730,730,730,730,0
2022-01-28 15:20:00,730,730,730,730,0
2022-01-28 15:21:00,730,730,730,730,0
2022-01-28 15:22:00,730,730,730,730,0
2022-01-28 15:23:00,730,730,730,730,0
2022-01-28 15:24:00,730,730,730,730,0
2022-01-28 15:25:00,730,730,730,730,0
2022-01-28 15:26:00,730,730,730,730,0
2022-01-28 15:27:00,730,730,730,730,0
2022-01-28 15:28:00,730,730,730,730,0
2022-01-28 15:29:00,730,730,730,730,0
2022-01-28 15:30:00,730,730,730,730,0
2022-01-28 15:31:00,730,730,730,730,0
2022-01-28 15:32:00,730,730,730,730,0
2022-01-28 15:33:00,730,730,730,730,0
2022-01-28 15:34:00,730,730,730,730,0
2022-01-28 15:35:00,730,730,730,730,0
2022-01-28 15:36:00,730,730,730,730,0
2022-01-28 15:37:00,730,730,730,730,0
2022-01-28 15:38:00,730,730,730,730,0
2022-01-28 15:39:00,730,730,730,730,0
2022-01-28 15:40:00,730,730,730,730,0
2022-01-28 15:41:00,730,730,730,730,0
2022-01-28 15:42:00,730,730,730,730,0
2022-01-28 15:43:00,730,730,730,730,0
2022-01-28 15:44:00,730,730,730,730,0
2022-01-28 15:45:00,730,730,730,730,0
2022-01-28 15:46:00,730,730,730,730,0
2022-01-28 15:47:00,730,730,730,730,0
2022-01-28 15:48:00,730,730,730,730,0
2022-01-28 15:49:00,730,730,730,730,0
2022-01-28 15:50:00,730,730,730,730,0
2022-01-28 15:51:00,730,730,730,730,0
2022-01-28 15:52:00,730,730,730,730,0
2022-01-28 15:53:00,730,730,730,730,0
2022-01-28 15:54:00,730,730,730,730,0
2022-01-28 15:55:00,730,730,730,730,0
2022-01-28 15:56:00,730,730,730,730,0
2022-01-28 15:57:00,730,730,730,730,0
2022-01-28 15:58:00,730,730,730,730,0
2022-01-28 15:59:00,730,730,730,730,0
2022-01-31 09:00:00,715,715,730,725,0
2022-01-31 09:01:00,730,725,730,725,3200
2022-01-31 09:02:00,730,730,730,730,200
2022-01-31 09:03:00,730,730,730,730,0
2022-01-31 09:04:00,730,730,730,730,0
2022-01-31 09:05:00,730,730,730,730,0
2022-01-31 09:06:00,730,730,730,730,200
2022-01-31 09:07:00,730,730,730,730,0
2022-01-31 09:08:00,730,730,730,730,0
2022-01-31 09:09:00,730,730,730,730,200
2022-01-31 09:10:00,730,730,730,730,0
2022-01-31 09:11:00,730,730,730,730,200
2022-01-31 09:12:00,730,730,730,730,0
2022-01-31 09:13:00,730,730,730,730,0
2022-01-31 09:14:00,730,730,730,730,0
2022-01-31 09:15:00,730,730,730,730,300
2022-01-31 09:16:00,730,730,730,730,0
2022-01-31 09:17:00,730,730,730,730,0
2022-01-31 09:18:00,730,720,730,720,6900
2022-01-31 09:19:00,720,720,730,730,500
2022-01-31 09:20:00,720,720,730,730,0
2022-01-31 09:21:00,720,720,730,730,0
2022-01-31 09:22:00,720,720,730,730,0
2022-01-31 09:23:00,730,730,730,730,200
2022-01-31 09:24:00,730,730,730,730,35000
2022-01-31 09:25:00,730,730,730,730,1200
2022-01-31 09:26:00,730,730,730,730,30700
2022-01-31 09:27:00,730,730,730,730,5000
2022-01-31 09:28:00,725,725,725,725,2200
2022-01-31 09:29:00,725,725,725,725,200
2022-01-31 09:30:00,725,725,725,725,0
2022-01-31 09:31:00,725,725,725,725,0
2022-01-31 09:32:00,720,720,725,725,5600
2022-01-31 09:33:00,720,715,720,715,6500
2022-01-31 09:34:00,715,715,720,715,1800
2022-01-31 09:35:00,715,715,715,715,6100
2022-01-31 09:36:00,720,720,720,720,10300
2022-01-31 09:37:00,720,720,720,720,6300
2022-01-31 09:38:00,720,720,720,720,0
2022-01-31 09:39:00,720,720,720,720,1400
2022-01-31 09:40:00,720,720,720,720,5500
2022-01-31 09:41:00,720,720,720,720,0
2022-01-31 09:42:00,720,720,720,720,0
2022-01-31 09:43:00,720,720,720,720,500
2022-01-31 09:44:00,720,720,720,720,300
2022-01-31 09:45:00,720,720,720,720,0
2022-01-31 09:46:00,720,720,720,720,0
2022-01-31 09:47:00,720,720,720,720,200
2022-01-31 09:48:00,720,715,720,715,5000
2022-01-31 09:49:00,720,715,720,715,0
2022-01-31 09:50:00,715,715,715,715,4000
2022-01-31 09:51:00,715,715,715,715,0
2022-01-31 09:52:00,715,715,715,715,0
2022-01-31 09:53:00,715,715,715,715,6500
2022-01-31 09:54:00,710,710,710,710,100
2022-01-31 09:55:00,715,715,725,725,2500
2022-01-31 09:56:00,720,720,725,725,7300
2022-01-31 09:57:00,720,720,725,725,0
2022-01-31 09:58:00,720,720,725,725,0
2022-01-31 09:59:00,720,720,725,725,0
2022-01-31 10:00:00,720,720,725,725,0
2022-01-31 10:01:00,720,720,725,725,0
2022-01-31 10:02:00,720,720,725,725,2300
2022-01-31 10:03:00,720,720,725,725,0
2022-01-31 10:04:00,720,720,725,725,0
2022-01-31 10:05:00,720,720,725,725,0
2022-01-31 10:06:00,725,725,725,725,200
2022-01-31 10:07:00,725,725,725,725,0
2022-01-31 10:08:00,725,725,725,725,0
2022-01-31 10:09:00,725,725,725,725,2200
2022-01-31 10:10:00,725,725,725,725,0
2022-01-31 10:11:00,725,725,725,725,0
2022-01-31 10:12:00,725,725,725,725,1600
2022-01-31 10:13:00,725,725,725,725,0
2022-01-31 10:14:00,725,725,725,725,0
2022-01-31 10:15:00,720,720,725,725,800
2022-01-31 10:16:00,720,720,725,725,0
2022-01-31 10:17:00,720,720,725,725,0
2022-01-31 10:18:00,720,720,725,725,0
2022-01-31 10:19:00,725,725,725,725,3200
2022-01-31 10:20:00,720,700,720,700,89100
2022-01-31 10:21:00,710,710,725,725,3000
2022-01-31 10:22:00,710,710,725,725,0
2022-01-31 10:23:00,720,720,720,720,900
2022-01-31 10:24:00,720,720,720,720,0
2022-01-31 10:25:00,720,720,720,720,1900
2022-01-31 10:26:00,720,720,720,720,0
2022-01-31 10:27:00,720,720,720,720,0
2022-01-31 10:28:00,720,720,720,720,0
2022-01-31 10:29:00,720,720,720,720,0
2022-01-31 10:30:00,720,720,720,720,1000
2022-01-31 10:31:00,720,720,720,720,0
2022-01-31 10:32:00,720,720,720,720,0
2022-01-31 10:33:00,720,720,720,720,0
2022-01-31 10:34:00,715,715,720,720,400
2022-01-31 10:35:00,715,715,720,720,0
2022-01-31 10:36:00,715,715,720,720,0
2022-01-31 10:37:00,715,715,720,720,0
2022-01-31 10:38:00,715,715,715,715,200
2022-01-31 10:39:00,720,715,720,715,2000
2022-01-31 10:40:00,720,720,720,720,200
2022-01-31 10:41:00,720,720,720,720,0
2022-01-31 10:42:00,720,720,720,720,200
2022-01-31 10:43:00,720,720,720,720,0
2022-01-31 10:44:00,720,720,720,720,0
2022-01-31 10:45:00,720,720,720,720,0
2022-01-31 10:46:00,715,710,715,710,14900
2022-01-31 10:47:00,705,705,720,705,22300
2022-01-31 10:48:00,720,720,720,720,2500
2022-01-31 10:49:00,720,720,720,720,0
2022-01-31 10:50:00,720,720,720,720,200
2022-01-31 10:51:00,720,720,720,720,0
2022-01-31 10:52:00,720,720,720,720,0
2022-01-31 10:53:00,715,715,715,715,1100
2022-01-31 10:54:00,715,715,715,715,0
2022-01-31 10:55:00,720,720,720,720,200
2022-01-31 10:56:00,720,720,720,720,0
2022-01-31 10:57:00,720,720,720,720,0
2022-01-31 10:58:00,720,720,720,720,0
2022-01-31 10:59:00,720,720,720,720,0
2022-01-31 11:00:00,720,720,720,720,0
2022-01-31 11:01:00,710,710,720,720,1600
2022-01-31 11:02:00,715,715,715,715,1200
2022-01-31 11:03:00,715,715,715,715,300
2022-01-31 11:04:00,715,715,720,720,4500
2022-01-31 11:05:00,720,720,720,720,300
2022-01-31 11:06:00,720,720,720,720,0
2022-01-31 11:07:00,720,715,720,715,2000
2022-01-31 11:08:00,720,715,720,715,0
2022-01-31 11:09:00,720,715,720,715,0
2022-01-31 11:10:00,715,715,715,715,2200
2022-01-31 11:11:00,720,720,720,720,300
2022-01-31 11:12:00,720,720,720,720,0
2022-01-31 11:13:00,720,720,720,720,0
2022-01-31 11:14:00,720,720,720,720,300
2022-01-31 11:15:00,720,720,720,720,200
2022-01-31 11:16:00,720,720,720,720,300
2022-01-31 11:17:00,720,720,720,720,1000
2022-01-31 11:18:00,720,720,720,720,0
2022-01-31 11:19:00,720,720,720,720,0
2022-01-31 11:20:00,720,720,720,720,200
2022-01-31 11:21:00,720,720,720,720,200
2022-01-31 11:22:00,720,720,720,720,0
2022-01-31 11:23:00,720,720,720,720,300
2022-01-31 11:24:00,715,715,720,720,10300
2022-01-31 11:25:00,720,720,720,720,200
2022-01-31 11:26:00,720,720,720,720,500
2022-01-31 11:27:00,720,720,720,720,300
2022-01-31 11:28:00,720,720,720,720,200
2022-01-31 11:29:00,720,720,720,720,400
2022-01-31 11:30:00,720,720,720,720,0
2022-01-31 11:31:00,720,720,720,720,0
2022-01-31 11:32:00,720,720,720,720,0
2022-01-31 11:33:00,720,720,720,720,0
2022-01-31 11:34:00,720,720,720,720,0
2022-01-31 11:35:00,720,720,720,720,0
2022-01-31 11:36:00,720,720,720,720,0
2022-01-31 11:37:00,720,720,720,720,0
2022-01-31 11:38:00,720,720,720,720,0
2022-01-31 11:39:00,720,720,720,720,0
2022-01-31 11:40:00,720,720,720,720,0
2022-01-31 11:41:00,720,720,720,720,0
2022-01-31 11:42:00,720,720,720,720,0
2022-01-31 11:43:00,720,720,720,720,0
2022-01-31 11:44:00,720,720,720,720,0
2022-01-31 11:45:00,720,720,720,720,0
2022-01-31 11:46:00,720,720,720,720,0
2022-01-31 11:47:00,720,720,720,720,0
2022-01-31 11:48:00,720,720,720,720,0
2022-01-31 11:49:00,720,720,720,720,0
2022-01-31 11:50:00,720,720,720,720,0
2022-01-31 11:51:00,720,720,720,720,0
2022-01-31 11:52:00,720,720,720,720,0
2022-01-31 11:53:00,720,720,720,720,0
2022-01-31 11:54:00,720,720,720,720,0
2022-01-31 11:55:00,720,720,720,720,0
2022-01-31 11:56:00,720,720,720,720,0
2022-01-31 11:57:00,720,720,720,720,0
2022-01-31 11:58:00,720,720,720,720,0
2022-01-31 11:59:00,720,720,720,720,0
2022-01-31 12:00:00,720,720,720,720,0
2022-01-31 12:01:00,720,720,720,720,0
2022-01-31 12:02:00,720,720,720,720,0
2022-01-31 12:03:00,720,720,720,720,0
2022-01-31 12:04:00,720,720,720,720,0
2022-01-31 12:05:00,720,720,720,720,0
2022-01-31 12:06:00,720,720,720,720,0
2022-01-31 12:07:00,720,720,720,720,0
2022-01-31 12:08:00,720,720,720,720,0
2022-01-31 12:09:00,720,720,720,720,0
2022-01-31 12:10:00,720,720,720,720,0
2022-01-31 12:11:00,720,720,720,720,0
2022-01-31 12:12:00,720,720,720,720,0
2022-01-31 12:13:00,720,720,720,720,0
2022-01-31 12:14:00,720,720,720,720,0
2022-01-31 12:15:00,720,720,720,720,0
2022-01-31 12:16:00,720,720,720,720,0
2022-01-31 12:17:00,720,720,720,720,0
2022-01-31 12:18:00,720,720,720,720,0
2022-01-31 12:19:00,720,720,720,720,0
2022-01-31 12:20:00,720,720,720,720,0
2022-01-31 12:21:00,720,720,720,720,0
2022-01-31 12:22:00,720,720,720,720,0
2022-01-31 12:23:00,720,720,720,720,0
2022-01-31 12:24:00,720,720,720,720,0
2022-01-31 12:25:00,720,720,720,720,0
2022-01-31 12:26:00,720,720,720,720,0
2022-01-31 12:27:00,720,720,720,720,0
2022-01-31 12:28:00,720,720,720,720,0
2022-01-31 12:29:00,720,720,720,720,0
2022-01-31 12:30:00,720,720,720,720,0
2022-01-31 12:31:00,720,720,720,720,0
2022-01-31 12:32:00,720,720,720,720,0
2022-01-31 12:33:00,720,720,720,720,0
2022-01-31 12:34:00,720,720,720,720,0
2022-01-31 12:35:00,720,720,720,720,0
2022-01-31 12:36:00,720,720,720,720,0
2022-01-31 12:37:00,720,720,720,720,0
2022-01-31 12:38:00,720,720,720,720,0
2022-01-31 12:39:00,720,720,720,720,0
2022-01-31 12:40:00,720,720,720,720,0
2022-01-31 12:41:00,720,720,720,720,0
2022-01-31 12:42:00,720,720,720,720,0
2022-01-31 12:43:00,720,720,720,720,0
2022-01-31 12:44:00,720,720,720,720,0
2022-01-31 12:45:00,720,720,720,720,0
2022-01-31 12:46:00,720,720,720,720,0
2022-01-31 12:47:00,720,720,720,720,0
2022-01-31 12:48:00,720,720,720,720,0
2022-01-31 12:49:00,720,720,720,720,0
2022-01-31 12:50:00,720,720,720,720,0
2022-01-31 12:51:00,720,720,720,720,0
2022-01-31 12:52:00,720,720,720,720,0
2022-01-31 12:53:00,720,720,720,720,0
2022-01-31 12:54:00,720,720,720,720,0
2022-01-31 12:55:00,720,720,720,720,0
2022-01-31 12:56:00,720,720,720,720,0
2022-01-31 12:57:00,720,720,720,720,0
2022-01-31 12:58:00,720,720,720,720,0
2022-01-31 12:59:00,720,720,720,720,0
2022-01-31 13:00:00,720,720,720,720,0
2022-01-31 13:01:00,720,720,720,720,0
2022-01-31 13:02:00,720,720,720,720,0
2022-01-31 13:03:00,720,720,720,720,0
2022-01-31 13:04:00,720,720,720,720,0
2022-01-31 13:05:00,720,720,720,720,0
2022-01-31 13:06:00,720,720,720,720,0
2022-01-31 13:07:00,720,720,720,720,0
2022-01-31 13:08:00,720,720,720,720,0
2022-01-31 13:09:00,720,720,720,720,0
2022-01-31 13:10:00,720,720,720,720,0
2022-01-31 13:11:00,720,720,720,720,0
2022-01-31 13:12:00,720,720,720,720,0
2022-01-31 13:13:00,720,720,720,720,0
2022-01-31 13:14:00,720,720,720,720,0
2022-01-31 13:15:00,720,720,720,720,0
2022-01-31 13:16:00,720,720,720,720,0
2022-01-31 13:17:00,720,720,720,720,0
2022-01-31 13:18:00,720,720,720,720,0
2022-01-31 13:19:00,720,720,720,720,0
2022-01-31 13:20:00,720,720,720,720,0
2022-01-31 13:21:00,720,720,720,720,0
2022-01-31 13:22:00,720,720,720,720,0
2022-01-31 13:23:00,720,720,720,720,0
2022-01-31 13:24:00,720,720,720,720,0
2022-01-31 13:25:00,720,720,720,720,0
2022-01-31 13:26:00,720,720,720,720,0
2022-01-31 13:27:00,720,720,720,720,0
2022-01-31 13:28:00,720,720,720,720,0
2022-01-31 13:29:00,720,720,720,720,0
2022-01-31 13:30:00,720,715,720,720,27200
2022-01-31 13:31:00,720,715,720,720,0
2022-01-31 13:32:00,720,720,720,720,3000
2022-01-31 13:33:00,720,720,720,720,0
2022-01-31 13:34:00,720,720,720,720,0
2022-01-31 13:35:00,720,720,720,720,2000
2022-01-31 13:36:00,720,720,720,720,0
2022-01-31 13:37:00,720,720,720,720,200
2022-01-31 13:38:00,720,720,720,720,0
2022-01-31 13:39:00,720,720,720,720,0
2022-01-31 13:40:00,720,720,720,720,3000
2022-01-31 13:41:00,720,720,720,720,700
2022-01-31 13:42:00,715,715,720,720,300
2022-01-31 13:43:00,715,715,720,720,0
2022-01-31 13:44:00,715,715,720,720,0
2022-01-31 13:45:00,715,715,720,720,0
2022-01-31 13:46:00,715,715,720,720,0
2022-01-31 13:47:00,715,715,720,720,0
2022-01-31 13:48:00,715,715,720,720,0
2022-01-31 13:49:00,715,715,720,720,0
2022-01-31 13:50:00,715,715,720,720,0
2022-01-31 13:51:00,715,715,720,720,0
2022-01-31 13:52:00,715,705,715,705,28400
2022-01-31 13:53:00,705,705,715,715,600
2022-01-31 13:54:00,710,705,710,705,30700
2022-01-31 13:55:00,705,705,705,705,6800
2022-01-31 13:56:00,705,690,705,690,117200
2022-01-31 13:57:00,710,710,715,715,34200
2022-01-31 13:58:00,715,710,715,710,6700
2022-01-31 13:59:00,715,710,715,710,0
2022-01-31 14:00:00,710,710,715,715,4100
2022-01-31 14:01:00,710,710,715,715,0
2022-01-31 14:02:00,715,715,715,715,300
2022-01-31 14:03:00,715,715,715,715,0
2022-01-31 14:04:00,715,715,715,715,0
2022-01-31 14:05:00,715,715,715,715,0
2022-01-31 14:06:00,715,715,715,715,0
2022-01-31 14:07:00,715,715,715,715,0
2022-01-31 14:08:00,715,715,715,715,0
2022-01-31 14:09:00,715,715,715,715,0
2022-01-31 14:10:00,710,710,710,710,100
2022-01-31 14:11:00,715,715,715,715,300
2022-01-31 14:12:00,715,715,715,715,0
2022-01-31 14:13:00,715,715,715,715,200
2022-01-31 14:14:00,710,710,710,710,100
2022-01-31 14:15:00,715,715,715,715,200
2022-01-31 14:16:00,715,715,720,720,32100
2022-01-31 14:17:00,715,715,715,715,200
2022-01-31 14:18:00,720,720,725,720,70300
2022-01-31 14:19:00,725,720,725,725,95400
2022-01-31 14:20:00,725,720,725,725,0
2022-01-31 14:21:00,725,725,730,730,40000
2022-01-31 14:22:00,725,725,730,730,0
2022-01-31 14:23:00,725,725,730,730,0
2022-01-31 14:24:00,725,725,730,730,0
2022-01-31 14:25:00,730,730,730,730,300
2022-01-31 14:26:00,730,730,730,730,200
2022-01-31 14:27:00,730,730,730,730,300
2022-01-31 14:28:00,730,730,730,730,0
2022-01-31 14:29:00,730,730,730,730,30200
2022-01-31 14:30:00,735,730,735,735,1100
2022-01-31 14:31:00,735,730,735,735,0
2022-01-31 14:32:00,730,730,730,730,1000
2022-01-31 14:33:00,735,735,735,735,9200
2022-01-31 14:34:00,735,735,735,735,0
2022-01-31 14:35:00,735,735,735,735,2500
2022-01-31 14:36:00,735,735,735,735,0
2022-01-31 14:37:00,735,735,735,735,1800
2022-01-31 14:38:00,730,730,735,735,2500
2022-01-31 14:39:00,735,730,735,730,2200
2022-01-31 14:40:00,730,730,735,735,700
2022-01-31 14:41:00,735,735,735,735,1000
2022-01-31 14:42:00,735,735,735,735,0
2022-01-31 14:43:00,735,735,735,735,0
2022-01-31 14:44:00,730,730,730,730,700
2022-01-31 14:45:00,730,730,730,730,700
2022-01-31 14:46:00,730,730,730,730,0
2022-01-31 14:47:00,730,730,730,730,500
2022-01-31 14:48:00,725,725,730,730,1300
2022-01-31 14:49:00,730,730,730,730,1100
2022-01-31 14:50:00,730,730,730,730,0
2022-01-31 14:51:00,730,730,730,730,0
2022-01-31 14:52:00,730,730,730,730,0
2022-01-31 14:53:00,730,730,730,730,0
2022-01-31 14:54:00,730,730,730,730,0
2022-01-31 14:55:00,730,730,730,730,0
2022-01-31 14:56:00,730,730,730,730,0
2022-01-31 14:57:00,730,730,730,730,0
2022-01-31 14:58:00,730,730,730,730,0
2022-01-31 14:59:00,730,730,730,730,0
2022-01-31 15:00:00,730,730,730,730,100500
2022-01-31 15:01:00,730,730,730,730,0
2022-01-31 15:02:00,730,730,730,730,28000
2022-01-31 15:03:00,730,730,730,730,10100
2022-01-31 15:04:00,730,730,730,730,0
2022-01-31 15:05:00,730,730,730,730,500
2022-01-31 15:06:00,730,730,730,730,0
2022-01-31 15:07:00,730,730,730,730,0
2022-01-31 15:08:00,730,730,730,730,0
2022-01-31 15:09:00,730,730,730,730,0
2022-01-31 15:10:00,730,730,730,730,0
2022-01-31 15:11:00,730,730,730,730,0
2022-01-31 15:12:00,730,730,730,730,0
2022-01-31 15:13:00,730,730,730,730,0
2022-01-31 15:14:00,730,730,730,730,0
2022-01-31 15:15:00,730,730,730,730,0
2022-01-31 15:16:00,730,730,730,730,0
2022-01-31 15:17:00,730,730,730,730,0
2022-01-31 15:18:00,730,730,730,730,0
2022-01-31 15:19:00,730,730,730,730,0
2022-01-31 15:20:00,730,730,730,730,0
2022-01-31 15:21:00,730,730,730,730,0
2022-01-31 15:22:00,730,730,730,730,0
2022-01-31 15:23:00,730,730,730,730,0
2022-01-31 15:24:00,730,730,730,730,0
2022-01-31 15:25:00,730,730,730,730,0
2022-01-31 15:26:00,730,730,730,730,0
2022-01-31 15:27:00,730,730,730,730,0
2022-01-31 15:28:00,730,730,730,730,0
2022-01-31 15:29:00,730,730,730,730,0
2022-01-31 15:30:00,730,730,730,730,0
2022-01-31 15:31:00,730,730,730,730,0
2022-01-31 15:32:00,730,730,730,730,0
2022-01-31 15:33:00,730,730,730,730,0
2022-01-31 15:34:00,730,730,730,730,0
2022-01-31 15:35:00,730,730,730,730,0
2022-01-31 15:36:00,730,730,730,730,0
2022-01-31 15:37:00,730,730,730,730,0
2022-01-31 15:38:00,730,730,730,730,0
2022-01-31 15:39:00,730,730,730,730,0
2022-01-31 15:40:00,730,730,730,730,0
2022-01-31 15:41:00,730,730,730,730,0
2022-01-31 15:42:00,730,730,730,730,0
2022-01-31 15:43:00,730,730,730,730,0
2022-01-31 15:44:00,730,730,730,730,0
2022-01-31 15:45:00,730,730,730,730,0
2022-01-31 15:46:00,730,730,730,730,0
2022-01-31 15:47:00,730,730,730,730,0
2022-01-31 15:48:00,730,730,730,730,0
2022-01-31 15:49:00,730,730,730,730,0
2022-01-31 15:50:00,730,730,730,730,0
2022-01-31 15:51:00,730,730,730,730,0
2022-01-31 15:52:00,730,730,730,730,0
2022-01-31 15:53:00,730,730,730,730,0
2022-01-31 15:54:00,730,730,730,730,0
2022-01-31 15:55:00,730,730,730,730,0
2022-01-31 15:56:00,730,730,730,730,0
2022-01-31 15:57:00,730,730,730,730,0
2022-01-31 15:58:00,730,730,730,730,0
2022-01-31 15:59:00,730,730,730,730,0
2022-02-01 09:00:00,730,730,730,730,0
2022-02-01 09:01:00,730,730,730,730,0
2022-02-01 09:02:00,730,730,730,730,0
2022-02-01 09:03:00,730,730,730,730,0
2022-02-01 09:04:00,730,730,730,730,0
2022-02-01 09:05:00,730,730,730,730,0
2022-02-01 09:06:00,730,730,730,730,0
2022-02-01 09:07:00,730,730,730,730,0
2022-02-01 09:08:00,730,730,730,730,0
2022-02-01 09:09:00,730,730,730,730,0
2022-02-01 09:10:00,730,730,730,730,0
2022-02-01 09:11:00,730,730,730,730,0
2022-02-01 09:12:00,730,730,730,730,0
2022-02-01 09:13:00,730,730,730,730,0
2022-02-01 09:14:00,730,730,730,730,0
2022-02-01 09:15:00,730,730,730,730,0
2022-02-01 09:16:00,730,730,730,730,0
2022-02-01 09:17:00,730,730,730,730,0
2022-02-01 09:18:00,730,730,730,730,0
2022-02-01 09:19:00,730,730,730,730,0
2022-02-01 09:20:00,730,730,730,730,0
2022-02-01 09:21:00,730,730,730,730,0
2022-02-01 09:22:00,730,730,730,730,0
2022-02-01 09:23:00,730,730,730,730,0
2022-02-01 09:24:00,730,730,730,730,0
2022-02-01 09:25:00,730,730,730,730,0
2022-02-01 09:26:00,730,730,730,730,0
2022-02-01 09:27:00,730,730,730,730,0
2022-02-01 09:28:00,730,730,730,730,0
2022-02-01 09:29:00,730,730,730,730,0
2022-02-01 09:30:00,730,730,730,730,0
2022-02-01 09:31:00,730,730,730,730,0
2022-02-01 09:32:00,730,730,730,730,0
2022-02-01 09:33:00,730,730,730,730,0
2022-02-01 09:34:00,730,730,730,730,0
2022-02-01 09:35:00,730,730,730,730,0
2022-02-01 09:36:00,730,730,730,730,0
2022-02-01 09:37:00,730,730,730,730,0
2022-02-01 09:38:00,730,730,730,730,0
2022-02-01 09:39:00,730,730,730,730,0
2022-02-01 09:40:00,730,730,730,730,0
2022-02-01 09:41:00,730,730,730,730,0
2022-02-01 09:42:00,730,730,730,730,0
2022-02-01 09:43:00,730,730,730,730,0
2022-02-01 09:44:00,730,730,730,730,0
2022-02-01 09:45:00,730,730,730,730,0
2022-02-01 09:46:00,730,730,730,730,0
2022-02-01 09:47:00,730,730,730,730,0
2022-02-01 09:48:00,730,730,730,730,0
2022-02-01 09:49:00,730,730,730,730,0
2022-02-01 09:50:00,730,730,730,730,0
2022-02-01 09:51:00,730,730,730,730,0
2022-02-01 09:52:00,730,730,730,730,0
2022-02-01 09:53:00,730,730,730,730,0
2022-02-01 09:54:00,730,730,730,730,0
2022-02-01 09:55:00,730,730,730,730,0
2022-02-01 09:56:00,730,730,730,730,0
2022-02-01 09:57:00,730,730,730,730,0
2022-02-01 09:58:00,730,730,730,730,0
2022-02-01 09:59:00,730,730,730,730,0
2022-02-01 10:00:00,730,730,730,730,0
2022-02-01 10:01:00,730,730,730,730,0
2022-02-01 10:02:00,730,730,730,730,0
2022-02-01 10:03:00,730,730,730,730,0
2022-02-01 10:04:00,730,730,730,730,0
2022-02-01 10:05:00,730,730,730,730,0
2022-02-01 10:06:00,730,730,730,730,0
2022-02-01 10:07:00,730,730,730,730,0
2022-02-01 10:08:00,730,730,730,730,0
2022-02-01 10:09:00,730,730,730,730,0
2022-02-01 10:10:00,730,730,730,730,0
2022-02-01 10:11:00,730,730,730,730,0
2022-02-01 10:12:00,730,730,730,730,0
2022-02-01 10:13:00,730,730,730,730,0
2022-02-01 10:14:00,730,730,730,730,0
2022-02-01 10:15:00,730,730,730,730,0
2022-02-01 10:16:00,730,730,730,730,0
2022-02-01 10:17:00,730,730,730,730,0
2022-02-01 10:18:00,730,730,730,730,0
2022-02-01 10:19:00,730,730,730,730,0
2022-02-01 10:20:00,730,730,730,730,0
2022-02-01 10:21:00,730,730,730,730,0
2022-02-01 10:22:00,730,730,730,730,0
2022-02-01 10:23:00,730,730,730,730,0
2022-02-01 10:24:00,730,730,730,730,0
2022-02-01 10:25:00,730,730,730,730,0
2022-02-01 10:26:00,730,730,730,730,0
2022-02-01 10:27:00,730,730,730,730,0
2022-02-01 10:28:00,730,730,730,730,0
2022-02-01 10:29:00,730,730,730,730,0
2022-02-01 10:30:00,730,730,730,730,0
2022-02-01 10:31:00,730,730,730,730,0
2022-02-01 10:32:00,730,730,730,730,0
2022-02-01 10:33:00,730,730,730,730,0
2022-02-01 10:34:00,730,730,730,730,0
2022-02-01 10:35:00,730,730,730,730,0
2022-02-01 10:36:00,730,730,730,730,0
2022-02-01 10:37:00,730,730,730,730,0
2022-02-01 10:38:00,730,730,730,730,0
2022-02-01 10:39:00,730,730,730,730,0
2022-02-01 10:40:00,730,730,730,730,0
2022-02-01 10:41:00,730,730,730,730,0
2022-02-01 10:42:00,730,730,730,730,0
2022-02-01 10:43:00,730,730,730,730,0
2022-02-01 10:44:00,730,730,730,730,0
2022-02-01 10:45:00,730,730,730,730,0
2022-02-01 10:46:00,730,730,730,730,0
2022-02-01 10:47:00,730,730,730,730,0
2022-02-01 10:48:00,730,730,730,730,0
2022-02-01 10:49:00,730,730,730,730,0
2022-02-01 10:50:00,730,730,730,730,0
2022-02-01 10:51:00,730,730,730,730,0
2022-02-01 10:52:00,730,730,730,730,0
2022-02-01 10:53:00,730,730,730,730,0
2022-02-01 10:54:00,730,730,730,730,0
2022-02-01 10:55:00,730,730,730,730,0
2022-02-01 10:56:00,730,730,730,730,0
2022-02-01 10:57:00,730,730,730,730,0
2022-02-01 10:58:00,730,730,730,730,0
2022-02-01 10:59:00,730,730,730,730,0
2022-02-01 11:00:00,730,730,730,730,0
2022-02-01 11:01:00,730,730,730,730,0
2022-02-01 11:02:00,730,730,730,730,0
2022-02-01 11:03:00,730,730,730,730,0
2022-02-01 11:04:00,730,730,730,730,0
2022-02-01 11:05:00,730,730,730,730,0
2022-02-01 11:06:00,730,730,730,730,0
2022-02-01 11:07:00,730,730,730,730,0
2022-02-01 11:08:00,730,730,730,730,0
2022-02-01 11:09:00,730,730,730,730,0
2022-02-01 11:10:00,730,730,730,730,0
2022-02-01 11:11:00,730,730,730,730,0
2022-02-01 11:12:00,730,730,730,730,0
2022-02-01 11:13:00,730,730,730,730,0
2022-02-01 11:14:00,730,730,730,730,0
2022-02-01 11:15:00,730,730,730,730,0
2022-02-01 11:16:00,730,730,730,730,0
2022-02-01 11:17:00,730,730,730,730,0
2022-02-01 11:18:00,730,730,730,730,0
2022-02-01 11:19:00,730,730,730,730,0
2022-02-01 11:20:00,730,730,730,730,0
2022-02-01 11:21:00,730,730,730,730,0
2022-02-01 11:22:00,730,730,730,730,0
2022-02-01 11:23:00,730,730,730,730,0
2022-02-01 11:24:00,730,730,730,730,0
2022-02-01 11:25:00,730,730,730,730,0
2022-02-01 11:26:00,730,730,730,730,0
2022-02-01 11:27:00,730,730,730,730,0
2022-02-01 11:28:00,730,730,730,730,0
2022-02-01 11:29:00,730,730,730,730,0
2022-02-01 11:30:00,730,730,730,730,0
2022-02-01 11:31:00,730,730,730,730,0
2022-02-01 11:32:00,730,730,730,730,0
2022-02-01 11:33:00,730,730,730,730,0
2022-02-01 11:34:00,730,730,730,730,0
2022-02-01 11:35:00,730,730,730,730,0
2022-02-01 11:36:00,730,730,730,730,0
2022-02-01 11:37:00,730,730,730,730,0
2022-02-01 11:38:00,730,730,730,730,0
2022-02-01 11:39:00,730,730,730,730,0
2022-02-01 11:40:00,730,730,730,730,0
2022-02-01 11:41:00,730,730,730,730,0
2022-02-01 11:42:00,730,730,730,730,0
2022-02-01 11:43:00,730,730,730,730,0
2022-02-01 11:44:00,730,730,730,730,0
2022-02-01 11:45:00,730,730,730,730,0
2022-02-01 11:46:00,730,730,730,730,0
2022-02-01 11:47:00,730,730,730,730,0
2022-02-01 11:48:00,730,730,730,730,0
2022-02-01 11:49:00,730,730,730,730,0
2022-02-01 11:50:00,730,730,730,730,0
2022-02-01 11:51:00,730,730,730,730,0
2022-02-01 11:52:00,730,730,730,730,0
2022-02-01 11:53:00,730,730,730,730,0
2022-02-01 11:54:00,730,730,730,730,0
2022-02-01 11:55:00,730,730,730,730,0
2022-02-01 11:56:00,730,730,730,730,0
2022-02-01 11:57:00,730,730,730,730,0
2022-02-01 11:58:00,730,730,730,730,0
2022-02-01 11:59:00,730,730,730,730,0
2022-02-01 12:00:00,730,730,730,730,0
2022-02-01 12:01:00,730,730,730,730,0
2022-02-01 12:02:00,730,730,730,730,0
2022-02-01 12:03:00,730,730,730,730,0
2022-02-01 12:04:00,730,730,730,730,0
2022-02-01 12:05:00,730,730,730,730,0
2022-02-01 12:06:00,730,730,730,730,0
2022-02-01 12:07:00,730,730,730,730,0
2022-02-01 12:08:00,730,730,730,730,0
2022-02-01 12:09:00,730,730,730,730,0
2022-02-01 12:10:00,730,730,730,730,0
2022-02-01 12:11:00,730,730,730,730,0
2022-02-01 12:12:00,730,730,730,730,0
2022-02-01 12:13:00,730,730,730,730,0
2022-02-01 12:14:00,730,730,730,730,0
2022-02-01 12:15:00,730,730,730,730,0
2022-02-01 12:16:00,730,730,730,730,0
2022-02-01 12:17:00,730,730,730,730,0
2022-02-01 12:18:00,730,730,730,730,0
2022-02-01 12:19:00,730,730,730,730,0
2022-02-01 12:20:00,730,730,730,730,0
2022-02-01 12:21:00,730,730,730,730,0
2022-02-01 12:22:00,730,730,730,730,0
2022-02-01 12:23:00,730,730,730,730,0
2022-02-01 12:24:00,730,730,730,730,0
2022-02-01 12:25:00,730,730,730,730,0
2022-02-01 12:26:00,730,730,730,730,0
2022-02-01 12:27:00,730,730,730,730,0
2022-02-01 12:28:00,730,730,730,730,0
2022-02-01 12:29:00,730,730,730,730,0
2022-02-01 12:30:00,730,730,730,730,0
2022-02-01 12:31:00,730,730,730,730,0
2022-02-01 12:32:00,730,730,730,730,0
2022-02-01 12:33:00,730,730,730,730,0
2022-02-01 12:34:00,730,730,730,730,0
2022-02-01 12:35:00,730,730,730,730,0
2022-02-01 12:36:00,730,730,730,730,0
2022-02-01 12:37:00,730,730,730,730,0
2022-02-01 12:38:00,730,730,730,730,0
2022-02-01 12:39:00,730,730,730,730,0
2022-02-01 12:40:00,730,730,730,730,0
2022-02-01 12:41:00,730,730,730,730,0
2022-02-01 12:42:00,730,730,730,730,0
2022-02-01 12:43:00,730,730,730,730,0
2022-02-01 12:44:00,730,730,730,730,0
2022-02-01 12:45:00,730,730,730,730,0
2022-02-01 12:46:00,730,730,730,730,0
2022-02-01 12:47:00,730,730,730,730,0
2022-02-01 12:48:00,730,730,730,730,0
2022-02-01 12:49:00,730,730,730,730,0
2022-02-01 12:50:00,730,730,730,730,0
2022-02-01 12:51:00,730,730,730,730,0
2022-02-01 12:52:00,730,730,730,730,0
2022-02-01 12:53:00,730,730,730,730,0
2022-02-01 12:54:00,730,730,730,730,0
2022-02-01 12:55:00,730,730,730,730,0
2022-02-01 12:56:00,730,730,730,730,0
2022-02-01 12:57:00,730,730,730,730,0
2022-02-01 12:58:00,730,730,730,730,0
2022-02-01 12:59:00,730,730,730,730,0
2022-02-01 13:00:00,730,730,730,730,0
2022-02-01 13:01:00,730,730,730,730,0
2022-02-01 13:02:00,730,730,730,730,0
2022-02-01 13:03:00,730,730,730,730,0
2022-02-01 13:04:00,730,730,730,730,0
2022-02-01 13:05:00,730,730,730,730,0
2022-02-01 13:06:00,730,730,730,730,0
2022-02-01 13:07:00,730,730,730,730,0
2022-02-01 13:08:00,730,730,730,730,0
2022-02-01 13:09:00,730,730,730,730,0
2022-02-01 13:10:00,730,730,730,730,0
2022-02-01 13:11:00,730,730,730,730,0
2022-02-01 13:12:00,730,730,730,730,0
2022-02-01 13:13:00,730,730,730,730,0
2022-02-01 13:14:00,730,730,730,730,0
2022-02-01 13:15:00,730,730,730,730,0
2022-02-01 13:16:00,730,730,730,730,0
2022-02-01 13:17:00,730,730,730,730,0
2022-02-01 13:18:00,730,730,730,730,0
2022-02-01 13:19:00,730,730,730,730,0
2022-02-01 13:20:00,730,730,730,730,0
2022-02-01 13:21:00,730,730,730,730,0
2022-02-01 13:22:00,730,730,730,730,0
2022-02-01 13:23:00,730,730,730,730,0
2022-02-01 13:24:00,730,730,730,730,0
2022-02-01 13:25:00,730,730,730,730,0
2022-02-01 13:26:00,730,730,730,730,0
2022-02-01 13:27:00,730,730,730,730,0
2022-02-01 13:28:00,730,730,730,730,0
2022-02-01 13:29:00,730,730,730,730,0
2022-02-01 13:30:00,730,730,730,730,0
2022-02-01 13:31:00,730,730,730,730,0
2022-02-01 13:32:00,730,730,730,730,0
2022-02-01 13:33:00,730,730,730,730,0
2022-02-01 13:34:00,730,730,730,730,0
2022-02-01 13:35:00,730,730,730,730,0
2022-02-01 13:36:00,730,730,730,730,0
2022-02-01 13:37:00,730,730,730,730,0
2022-02-01 13:38:00,730,730,730,730,0
2022-02-01 13:39:00,730,730,730,730,0
2022-02-01 13:40:00,730,730,730,730,0
2022-02-01 13:41:00,730,730,730,730,0
2022-02-01 13:42:00,730,730,730,730,0
2022-02-01 13:43:00,730,730,730,730,0
2022-02-01 13:44:00,730,730,730,730,0
2022-02-01 13:45:00,730,730,730,730,0
2022-02-01 13:46:00,730,730,730,730,0
2022-02-01 13:47:00,730,730,730,730,0
2022-02-01 13:48:00,730,730,730,730,0
2022-02-01 13:49:00,730,730,730,730,0
2022-02-01 13:50:00,730,730,730,730,0
2022-02-01 13:51:00,730,730,730,730,0
2022-02-01 13:52:00,730,730,730,730,0
2022-02-01 13:53:00,730,730,730,730,0
2022-02-01 13:54:00,730,730,730,730,0
2022-02-01 13:55:00,730,730,730,730,0
2022-02-01 13:56:00,730,730,730,730,0
2022-02-01 13:57:00,730,730,730,730,0
2022-02-01 13:58:00,730,730,730,730,0
2022-02-01 13:59:00,730,730,730,730,0
2022-02-01 14:00:00,730,730,730,730,0
2022-02-01 14:01:00,730,730,730,730,0
2022-02-01 14:02:00,730,730,730,730,0
2022-02-01 14:03:00,730,730,730,730,0
2022-02-01 14:04:00,730,730,730,730,0
2022-02-01 14:05:00,730,730,730,730,0
2022-02-01 14:06:00,730,730,730,730,0
2022-02-01 14:07:00,730,730,730,730,0
2022-02-01 14:08:00,730,730,730,730,0
2022-02-01 14:09:00,730,730,730,730,0
2022-02-01 14:10:00,730,730,730,730,0
2022-02-01 14:11:00,730,730,730,730,0
2022-02-01 14:12:00,730,730,730,730,0
2022-02-01 14:13:00,730,730,730,730,0
2022-02-01 14:14:00,730,730,730,730,0
2022-02-01 14:15:00,730,730,730,730,0
2022-02-01 14:16:00,730,730,730,730,0
2022-02-01 14:17:00,730,730,730,730,0
2022-02-01 14:18:00,730,730,730,730,0
2022-02-01 14:19:00,730,730,730,730,0
2022-02-01 14:20:00,730,730,730,730,0
2022-02-01 14:21:00,730,730,730,730,0
2022-02-01 14:22:00,730,730,730,730,0
2022-02-01 14:23:00,730,730,730,730,0
2022-02-01 14:24:00,730,730,730,730,0
2022-02-01 14:25:00,730,730,730,730,0
2022-02-01 14:26:00,730,730,730,730,0
2022-02-01 14:27:00,730,730,730,730,0
2022-02-01 14:28:00,730,730,730,730,0
2022-02-01 14:29:00,730,730,730,730,0
2022-02-01 14:30:00,730,730,730,730,0
2022-02-01 14:31:00,730,730,730,730,0
2022-02-01 14:32:00,730,730,730,730,0
2022-02-01 14:33:00,730,730,730,730,0
2022-02-01 14:34:00,730,730,730,730,0
2022-02-01 14:35:00,730,730,730,730,0
2022-02-01 14:36:00,730,730,730,730,0
2022-02-01 14:37:00,730,730,730,730,0
2022-02-01 14:38:00,730,730,730,730,0
2022-02-01 14:39:00,730,730,730,730,0
2022-02-01 14:40:00,730,730,730,730,0
2022-02-01 14:41:00,730,730,730,730,0
2022-02-01 14:42:00,730,730,730,730,0
2022-02-01 14:43:00,730,730,730,730,0
2022-02-01 14:44:00,730,730,730,730,0
2022-02-01 14:45:00,730,730,730,730,0
2022-02-01 14:46:00,730,730,730,730,0
2022-02-01 14:47:00,730,730,730,730,0
2022-02-01 14:48:00,730,730,730,730,0
2022-02-01 14:49:00,730,730,730,730,0
2022-02-01 14:50:00,730,730,730,730,0
2022-02-01 14:51:00,730,730,730,730,0
2022-02-01 14:52:00,730,730,730,730,0
2022-02-01 14:53:00,730,730,730,730,0
2022-02-01 14:54:00,730,730,730,730,0
2022-02-01 14:55:00,730,730,730,730,0
2022-02-01 14:56:00,730,730,730,730,0
2022-02-01 14:57:00,730,730,730,730,0
2022-02-01 14:58:00,730,730,730,730,0
2022-02-01 14:59:00,730,730,730,730,0
2022-02-01 15:00:00,730,730,730,730,0
2022-02-01 15:01:00,730,730,730,730,0
2022-02-01 15:02:00,730,730,730,730,0
2022-02-01 15:03:00,730,730,730,730,0
2022-02-01 15:04:00,730,730,730,730,0
2022-02-01 15:05:00,730,730,730,730,0
2022-02-01 15:06:00,730,730,730,730,0
2022-02-01 15:07:00,730,730,730,730,0
2022-02-01 15:08:00,730,730,730,730,0
2022-02-01 15:09:00,730,730,730,730,0
2022-02-01 15:10:00,730,730,730,730,0
2022-02-01 15:11:00,730,730,730,730,0
2022-02-01 15:12:00,730,730,730,730,0
2022-02-01 15:13:00,730,730,730,730,0
2022-02-01 15:14:00,730,730,730,730,0
2022-02-01 15:15:00,730,730,730,730,0
2022-02-01 15:16:00,730,730,730,730,0
2022-02-01 15:17:00,730,730,730,730,0
2022-02-01 15:18:00,730,730,730,730,0
2022-02-01 15:19:00,730,730,730,730,0
2022-02-01 15:20:00,730,730,730,730,0
2022-02-01 15:21:00,730,730,730,730,0
2022-02-01 15:22:00,730,730,730,730,0
2022-02-01 15:23:00,730,730,730,730,0
2022-02-01 15:24:00,730,730,730,730,0
2022-02-01 15:25:00,730,730,730,730,0
2022-02-01 15:26:00,730,730,730,730,0
2022-02-01 15:27:00,730,730,730,730,0
2022-02-01 15:28:00,730,730,730,730,0
2022-02-01 15:29:00,730,730,730,730,0
2022-02-01 15:30:00,730,730,730,730,0
2022-02-01 15:31:00,730,730,730,730,0
2022-02-01 15:32:00,730,730,730,730,0
2022-02-01 15:33:00,730,730,730,730,0
2022-02-01 15:34:00,730,730,730,730,0
2022-02-01 15:35:00,730,730,730,730,0
2022-02-01 15:36:00,730,730,730,730,0
2022-02-01 15:37:00,730,730,730,730,0
2022-02-01 15:38:00,730,730,730,730,0
2022-02-01 15:39:00,730,730,730,730,0
2022-02-01 15:40:00,730,730,730,730,0
2022-02-01 15:41:00,730,730,730,730,0
2022-02-01 15:42:00,730,730,730,730,0
2022-02-01 15:43:00,730,730,730,730,0
2022-02-01 15:44:00,730,730,730,730,0
2022-02-01 15:45:00,730,730,730,730,0
2022-02-01 15:46:00,730,730,730,730,0
2022-02-01 15:47:00,730,730,730,730,0
2022-02-01 15:48:00,730,730,730,730,0
2022-02-01 15:49:00,730,730,730,730,0
2022-02-01 15:50:00,730,730,730,730,0
2022-02-01 15:51:00,730,730,730,730,0
2022-02-01 15:52:00,730,730,730,730,0
2022-02-01 15:53:00,730,730,730,730,0
2022-02-01 15:54:00,730,730,730,730,0
2022-02-01 15:55:00,730,730,730,730,0
2022-02-01 15:56:00,730,730,730,730,0
2022-02-01 15:57:00,730,730,730,730,0
2022-02-01 15:58:00,730,730,730,730,0
2022-02-01 15:59:00,730,730,730,730,0
2022-02-02 09:00:00,730,730,730,730,0
2022-02-02 09:01:00,730,730,730,730,0
2022-02-02 09:02:00,730,730,730,730,1400
2022-02-02 09:03:00,730,720,730,730,3500
2022-02-02 09:04:00,730,730,730,730,1500
2022-02-02 09:05:00,730,730,730,730,23800
2022-02-02 09:06:00,730,725,730,725,1700
2022-02-02 09:07:00,730,725,730,725,0
2022-02-02 09:08:00,725,720,725,720,2200
2022-02-02 09:09:00,725,725,725,725,2300
2022-02-02 09:10:00,725,725,725,725,0
2022-02-02 09:11:00,720,720,720,720,3800
2022-02-02 09:12:00,715,715,725,725,8000
2022-02-02 09:13:00,725,725,725,725,200
2022-02-02 09:14:00,725,725,725,725,0
2022-02-02 09:15:00,725,725,725,725,0
2022-02-02 09:16:00,720,720,720,720,1500
2022-02-02 09:17:00,715,715,720,720,3400
2022-02-02 09:18:00,715,715,720,720,0
2022-02-02 09:19:00,715,715,720,720,0
2022-02-02 09:20:00,715,715,720,720,300
2022-02-02 09:21:00,715,715,720,720,0
2022-02-02 09:22:00,715,715,720,720,0
2022-02-02 09:23:00,720,720,720,720,100
2022-02-02 09:24:00,720,720,720,720,200
2022-02-02 09:25:00,720,720,720,720,0
2022-02-02 09:26:00,720,720,720,720,0
2022-02-02 09:27:00,720,720,720,720,100
2022-02-02 09:28:00,720,720,720,720,0
2022-02-02 09:29:00,720,720,720,720,0
2022-02-02 09:30:00,715,715,720,720,300
2022-02-02 09:31:00,715,715,720,720,0
2022-02-02 09:32:00,715,715,720,720,0
2022-02-02 09:33:00,720,720,720,720,300
2022-02-02 09:34:00,720,720,720,720,100
2022-02-02 09:35:00,715,715,720,720,13600
2022-02-02 09:36:00,715,715,720,720,0
2022-02-02 09:37:00,715,715,720,720,0
2022-02-02 09:38:00,715,715,720,720,0
2022-02-02 09:39:00,720,715,720,720,3100
2022-02-02 09:40:00,720,715,720,720,0
2022-02-02 09:41:00,715,715,720,720,800
2022-02-02 09:42:00,715,715,720,720,0
2022-02-02 09:43:00,715,715,720,720,0
2022-02-02 09:44:00,720,720,720,720,200
2022-02-02 09:45:00,720,720,720,720,0
2022-02-02 09:46:00,720,720,720,720,0
2022-02-02 09:47:00,720,720,720,720,2200
2022-02-02 09:48:00,720,720,720,720,0
2022-02-02 09:49:00,720,720,720,720,0
2022-02-02 09:50:00,720,720,720,720,300
2022-02-02 09:51:00,720,720,720,720,0
2022-02-02 09:52:00,720,720,720,720,0
2022-02-02 09:53:00,720,720,720,720,200
2022-02-02 09:54:00,720,720,720,720,0
2022-02-02 09:55:00,720,720,720,720,0
2022-02-02 09:56:00,720,720,720,720,300
2022-02-02 09:57:00,720,720,720,720,0
2022-02-02 09:58:00,720,720,720,720,0
2022-02-02 09:59:00,720,720,720,720,0
2022-02-02 10:00:00,720,720,720,720,200
2022-02-02 10:01:00,720,720,720,720,0
2022-02-02 10:02:00,715,715,720,720,300
2022-02-02 10:03:00,715,715,720,720,0
2022-02-02 10:04:00,715,715,720,715,10300
2022-02-02 10:05:00,720,720,720,720,2200
2022-02-02 10:06:00,715,715,720,720,600
2022-02-02 10:07:00,715,715,720,720,0
2022-02-02 10:08:00,715,715,720,720,0
2022-02-02 10:09:00,720,715,720,720,1000
2022-02-02 10:10:00,720,715,720,720,0
2022-02-02 10:11:00,715,715,720,720,2400
2022-02-02 10:12:00,715,715,720,720,0
2022-02-02 10:13:00,715,715,720,720,0
2022-02-02 10:14:00,715,715,720,720,0
2022-02-02 10:15:00,715,715,720,720,0
2022-02-02 10:16:00,720,720,720,720,200
2022-02-02 10:17:00,715,715,720,720,400
2022-02-02 10:18:00,715,715,720,720,0
2022-02-02 10:19:00,715,715,720,720,0
2022-02-02 10:20:00,715,715,720,720,0
2022-02-02 10:21:00,715,715,720,720,0
2022-02-02 10:22:00,720,720,720,720,300
2022-02-02 10:23:00,715,715,720,720,400
2022-02-02 10:24:00,715,715,720,720,0
2022-02-02 10:25:00,715,715,720,720,0
2022-02-02 10:26:00,715,715,720,720,9200
2022-02-02 10:27:00,720,720,720,720,200
2022-02-02 10:28:00,720,720,720,720,0
2022-02-02 10:29:00,720,720,720,720,0
2022-02-02 10:30:00,720,720,720,720,0
2022-02-02 10:31:00,720,720,720,720,0
2022-02-02 10:32:00,720,720,720,720,200
2022-02-02 10:33:00,720,720,720,720,100
2022-02-02 10:34:00,720,720,720,720,0
2022-02-02 10:35:00,720,720,720,720,0
2022-02-02 10:36:00,720,720,720,720,0
2022-02-02 10:37:00,720,720,720,720,0
2022-02-02 10:38:00,720,720,720,720,200
2022-02-02 10:39:00,720,720,720,720,0
2022-02-02 10:40:00,720,720,720,720,0
2022-02-02 10:41:00,720,720,720,720,200
2022-02-02 10:42:00,720,720,720,720,0
2022-02-02 10:43:00,720,720,720,720,0
2022-02-02 10:44:00,715,715,715,715,6200
2022-02-02 10:45:00,720,720,720,720,200
2022-02-02 10:46:00,720,720,720,720,100
2022-02-02 10:47:00,720,720,720,720,0
2022-02-02 10:48:00,720,720,720,720,0
2022-02-02 10:49:00,720,720,720,720,0
2022-02-02 10:50:00,720,720,720,720,0
2022-02-02 10:51:00,720,720,720,720,0
2022-02-02 10:52:00,720,720,720,720,0
2022-02-02 10:53:00,720,720,720,720,0
2022-02-02 10:54:00,720,720,720,720,0
2022-02-02 10:55:00,720,720,720,720,0
2022-02-02 10:56:00,720,720,720,720,0
2022-02-02 10:57:00,720,720,720,720,1700
2022-02-02 10:58:00,720,720,720,720,0
2022-02-02 10:59:00,720,720,720,720,0
2022-02-02 11:00:00,720,720,720,720,10200
2022-02-02 11:01:00,720,720,720,720,0
2022-02-02 11:02:00,720,720,720,720,0
2022-02-02 11:03:00,720,720,720,720,500
2022-02-02 11:04:00,720,720,720,720,200
2022-02-02 11:05:00,720,720,720,720,0
2022-02-02 11:06:00,720,720,720,720,0
2022-02-02 11:07:00,720,720,720,720,300
2022-02-02 11:08:00,720,720,720,720,7000
2022-02-02 11:09:00,720,720,720,720,500
2022-02-02 11:10:00,720,720,720,720,0
2022-02-02 11:11:00,720,720,720,720,0
2022-02-02 11:12:00,720,720,720,720,0
2022-02-02 11:13:00,720,720,720,720,200
2022-02-02 11:14:00,720,720,720,720,0
2022-02-02 11:15:00,720,720,720,720,0
2022-02-02 11:16:00,720,720,720,720,200
2022-02-02 11:17:00,720,720,720,720,0
2022-02-02 11:18:00,720,720,720,720,5000
2022-02-02 11:19:00,720,720,720,720,200
2022-02-02 11:20:00,720,720,720,720,2200
2022-02-02 11:21:00,720,720,720,720,0
2022-02-02 11:22:00,720,720,720,720,0
2022-02-02 11:23:00,720,720,720,720,200
2022-02-02 11:24:00,715,715,715,715,200
2022-02-02 11:25:00,720,720,720,720,1700
2022-02-02 11:26:00,720,720,720,720,200
2022-02-02 11:27:00,720,720,720,720,200
2022-02-02 11:28:00,720,720,720,720,300
2022-02-02 11:29:00,720,720,720,720,400
2022-02-02 11:30:00,720,720,720,720,0
2022-02-02 11:31:00,720,720,720,720,0
2022-02-02 11:32:00,720,720,720,720,0
2022-02-02 11:33:00,720,720,720,720,0
2022-02-02 11:34:00,720,720,720,720,0
2022-02-02 11:35:00,720,720,720,720,0
2022-02-02 11:36:00,720,720,720,720,0
2022-02-02 11:37:00,720,720,720,720,0
2022-02-02 11:38:00,720,720,720,720,0
2022-02-02 11:39:00,720,720,720,720,0
2022-02-02 11:40:00,720,720,720,720,0
2022-02-02 11:41:00,720,720,720,720,0
2022-02-02 11:42:00,720,720,720,720,0
2022-02-02 11:43:00,720,720,720,720,0
2022-02-02 11:44:00,720,720,720,720,0
2022-02-02 11:45:00,720,720,720,720,0
2022-02-02 11:46:00,720,720,720,720,0
2022-02-02 11:47:00,720,720,720,720,0
2022-02-02 11:48:00,720,720,720,720,0
2022-02-02 11:49:00,720,720,720,720,0
2022-02-02 11:50:00,720,720,720,720,0
2022-02-02 11:51:00,720,720,720,720,0
2022-02-02 11:52:00,720,720,720,720,0
2022-02-02 11:53:00,720,720,720,720,0
2022-02-02 11:54:00,720,720,720,720,0
2022-02-02 11:55:00,720,720,720,720,0
2022-02-02 11:56:00,720,720,720,720,0
2022-02-02 11:57:00,720,720,720,720,0
2022-02-02 11:58:00,720,720,720,720,0
2022-02-02 11:59:00,720,720,720,720,0
2022-02-02 12:00:00,720,720,720,720,0
2022-02-02 12:01:00,720,720,720,720,0
2022-02-02 12:02:00,720,720,720,720,0
2022-02-02 12:03:00,720,720,720,720,0
2022-02-02 12:04:00,720,720,720,720,0
2022-02-02 12:05:00,720,720,720,720,0
2022-02-02 12:06:00,720,720,720,720,0
2022-02-02 12:07:00,720,720,720,720,0
2022-02-02 12:08:00,720,720,720,720,0
2022-02-02 12:09:00,720,720,720,720,0
2022-02-02 12:10:00,720,720,720,720,0
2022-02-02 12:11:00,720,720,720,720,0
2022-02-02 12:12:00,720,720,720,720,0
2022-02-02 12:13:00,720,720,720,720,0
2022-02-02 12:14:00,720,720,720,720,0
2022-02-02 12:15:00,720,720,720,720,0
2022-02-02 12:16:00,720,720,720,720,0
2022-02-02 12:17:00,720,720,720,720,0
2022-02-02 12:18:00,720,720,720,720,0
2022-02-02 12:19:00,720,720,720,720,0
2022-02-02 12:20:00,720,720,720,720,0
2022-02-02 12:21:00,720,720,720,720,0
2022-02-02 12:22:00,720,720,720,720,0
2022-02-02 12:23:00,720,720,720,720,0
2022-02-02 12:24:00,720,720,720,720,0
2022-02-02 12:25:00,720,720,720,720,0
2022-02-02 12:26:00,720,720,720,720,0
2022-02-02 12:27:00,720,720,720,720,0
2022-02-02 12:28:00,720,720,720,720,0
2022-02-02 12:29:00,720,720,720,720,0
2022-02-02 12:30:00,720,720,720,720,0
2022-02-02 12:31:00,720,720,720,720,0
2022-02-02 12:32:00,720,720,720,720,0
2022-02-02 12:33:00,720,720,720,720,0
2022-02-02 12:34:00,720,720,720,720,0
2022-02-02 12:35:00,720,720,720,720,0
2022-02-02 12:36:00,720,720,720,720,0
2022-02-02 12:37:00,720,720,720,720,0
2022-02-02 12:38:00,720,720,720,720,0
2022-02-02 12:39:00,720,720,720,720,0
2022-02-02 12:40:00,720,720,720,720,0
2022-02-02 12:41:00,720,720,720,720,0
2022-02-02 12:42:00,720,720,720,720,0
2022-02-02 12:43:00,720,720,720,720,0
2022-02-02 12:44:00,720,720,720,720,0
2022-02-02 12:45:00,720,720,720,720,0
2022-02-02 12:46:00,720,720,720,720,0
2022-02-02 12:47:00,720,720,720,720,0
2022-02-02 12:48:00,720,720,720,720,0
2022-02-02 12:49:00,720,720,720,720,0
2022-02-02 12:50:00,720,720,720,720,0
2022-02-02 12:51:00,720,720,720,720,0
2022-02-02 12:52:00,720,720,720,720,0
2022-02-02 12:53:00,720,720,720,720,0
2022-02-02 12:54:00,720,720,720,720,0
2022-02-02 12:55:00,720,720,720,720,0
2022-02-02 12:56:00,720,720,720,720,0
2022-02-02 12:57:00,720,720,720,720,0
2022-02-02 12:58:00,720,720,720,720,0
2022-02-02 12:59:00,720,720,720,720,0
2022-02-02 13:00:00,720,720,720,720,0
2022-02-02 13:01:00,720,720,720,720,0
2022-02-02 13:02:00,720,720,720,720,0
2022-02-02 13:03:00,720,720,720,720,0
2022-02-02 13:04:00,720,720,720,720,0
2022-02-02 13:05:00,720,720,720,720,0
2022-02-02 13:06:00,720,720,720,720,0
2022-02-02 13:07:00,720,720,720,720,0
2022-02-02 13:08:00,720,720,720,720,0
2022-02-02 13:09:00,720,720,720,720,0
2022-02-02 13:10:00,720,720,720,720,0
2022-02-02 13:11:00,720,720,720,720,0
2022-02-02 13:12:00,720,720,720,720,0
2022-02-02 13:13:00,720,720,720,720,0
2022-02-02 13:14:00,720,720,720,720,0
2022-02-02 13:15:00,720,720,720,720,0
2022-02-02 13:16:00,720,720,720,720,0
2022-02-02 13:17:00,720,720,720,720,0
2022-02-02 13:18:00,720,720,720,720,0
2022-02-02 13:19:00,720,720,720,720,0
2022-02-02 13:20:00,720,720,720,720,0
2022-02-02 13:21:00,720,720,720,720,0
2022-02-02 13:22:00,720,720,720,720,0
2022-02-02 13:23:00,720,720,720,720,0
2022-02-02 13:24:00,720,720,720,720,0
2022-02-02 13:25:00,720,720,720,720,0
2022-02-02 13:26:00,720,720,720,720,0
2022-02-02 13:27:00,720,720,720,720,0
2022-02-02 13:28:00,720,720,720,720,0
2022-02-02 13:29:00,720,720,720,720,0
2022-02-02 13:30:00,720,720,745,745,326400
2022-02-02 13:31:00,745,745,750,750,84800
2022-02-02 13:32:00,750,750,750,750,15000
2022-02-02 13:33:00,750,750,750,750,5500
2022-02-02 13:34:00,750,745,750,745,3700
2022-02-02 13:35:00,750,745,750,750,3000
2022-02-02 13:36:00,750,750,750,750,8000
2022-02-02 13:37:00,750,745,750,745,20500
2022-02-02 13:38:00,745,745,750,750,2300
2022-02-02 13:39:00,750,750,750,750,6100
2022-02-02 13:40:00,750,745,750,745,14100
2022-02-02 13:41:00,745,745,750,745,3000
2022-02-02 13:42:00,750,750,750,750,4300
2022-02-02 13:43:00,745,745,750,750,1600
2022-02-02 13:44:00,750,745,750,745,19800
2022-02-02 13:45:00,750,745,750,750,3700
2022-02-02 13:46:00,745,745,750,750,1700
2022-02-02 13:47:00,750,745,750,745,11000
2022-02-02 13:48:00,750,745,750,745,3700
2022-02-02 13:49:00,745,745,745,745,8600
2022-02-02 13:50:00,745,745,745,745,2700
2022-02-02 13:51:00,745,745,745,745,8900
2022-02-02 13:52:00,740,740,745,745,3000
2022-02-02 13:53:00,745,745,745,745,100
2022-02-02 13:54:00,745,745,745,745,1000
2022-02-02 13:55:00,745,745,745,745,0
2022-02-02 13:56:00,745,745,750,750,136500
2022-02-02 13:57:00,755,755,755,755,8600
2022-02-02 13:58:00,755,755,755,755,2500
2022-02-02 13:59:00,755,750,755,750,5900
2022-02-02 14:00:00,750,750,755,755,7100
2022-02-02 14:01:00,750,735,750,745,91100
2022-02-02 14:02:00,750,750,750,750,300
2022-02-02 14:03:00,750,750,750,750,9300
2022-02-02 14:04:00,750,750,750,750,0
2022-02-02 14:05:00,750,750,750,750,200
2022-02-02 14:06:00,750,750,755,755,2000
2022-02-02 14:07:00,755,755,755,755,1200
2022-02-02 14:08:00,750,750,755,755,5300
2022-02-02 14:09:00,750,750,750,750,1500
2022-02-02 14:10:00,755,755,755,755,59200
2022-02-02 14:11:00,755,750,755,755,74300
2022-02-02 14:12:00,755,755,760,760,26000
2022-02-02 14:13:00,760,760,760,760,13800
2022-02-02 14:14:00,760,760,760,760,2600
2022-02-02 14:15:00,755,755,760,760,17000
2022-02-02 14:16:00,760,755,760,760,43000
2022-02-02 14:17:00,760,760,770,770,213600
2022-02-02 14:18:00,775,760,775,770,54100
2022-02-02 14:19:00,775,770,780,780,72300
2022-02-02 14:20:00,780,770,780,770,45400
2022-02-02 14:21:00,775,770,775,770,10500
2022-02-02 14:22:00,775,775,775,775,1100
2022-02-02 14:23:00,775,770,775,775,13800
2022-02-02 14:24:00,775,770,780,780,11900
2022-02-02 14:25:00,780,775,780,775,9100
2022-02-02 14:26:00,780,775,780,775,1500
2022-02-02 14:27:00,775,770,775,770,16200
2022-02-02 14:28:00,770,765,770,770,16200
2022-02-02 14:29:00,760,760,770,765,8500
2022-02-02 14:30:00,765,760,765,760,20500
2022-02-02 14:31:00,760,760,765,765,5300
2022-02-02 14:32:00,760,760,760,760,2500
2022-02-02 14:33:00,765,765,765,765,1300
2022-02-02 14:34:00,760,755,785,785,703000
2022-02-02 14:35:00,785,785,790,790,44300
2022-02-02 14:36:00,790,785,790,785,6700
2022-02-02 14:37:00,785,785,790,785,16800
2022-02-02 14:38:00,785,785,790,790,27800
2022-02-02 14:39:00,785,785,790,785,13000
2022-02-02 14:40:00,790,785,790,785,41400
2022-02-02 14:41:00,785,785,790,790,22200
2022-02-02 14:42:00,790,790,790,790,12300
2022-02-02 14:43:00,785,785,790,785,4100
2022-02-02 14:44:00,785,785,790,790,3700
2022-02-02 14:45:00,790,770,790,775,69000
2022-02-02 14:46:00,780,780,785,785,9500
2022-02-02 14:47:00,780,780,785,785,11400
2022-02-02 14:48:00,785,770,790,790,217600
2022-02-02 14:49:00,790,790,790,790,20500
2022-02-02 14:50:00,790,790,790,790,0
2022-02-02 14:51:00,790,790,790,790,0
2022-02-02 14:52:00,790,790,790,790,0
2022-02-02 14:53:00,790,790,790,790,0
2022-02-02 14:54:00,790,790,790,790,0
2022-02-02 14:55:00,790,790,790,790,0
2022-02-02 14:56:00,790,790,790,790,0
2022-02-02 14:57:00,790,790,790,790,0
2022-02-02 14:58:00,790,790,790,790,0
2022-02-02 14:59:00,790,790,790,790,0
2022-02-02 15:00:00,790,790,790,790,166400
2022-02-02 15:01:00,790,790,790,790,3100
2022-02-02 15:02:00,790,790,790,790,5000
2022-02-02 15:03:00,790,790,790,790,0
2022-02-02 15:04:00,790,790,790,790,6900
2022-02-02 15:05:00,790,790,790,790,0
2022-02-02 15:06:00,790,790,790,790,30000
2022-02-02 15:07:00,790,790,790,790,1400
2022-02-02 15:08:00,790,790,790,790,20100
2022-02-02 15:09:00,790,790,790,790,9400
2022-02-02 15:10:00,790,790,790,790,0
2022-02-02 15:11:00,790,790,790,790,3700
2022-02-02 15:12:00,790,790,790,790,0
2022-02-02 15:13:00,790,790,790,790,12000
2022-02-02 15:14:00,790,790,790,790,100
2022-02-02 15:15:00,790,790,790,790,0
2022-02-02 15:16:00,790,790,790,790,0
2022-02-02 15:17:00,790,790,790,790,0
2022-02-02 15:18:00,790,790,790,790,0
2022-02-02 15:19:00,790,790,790,790,0
2022-02-02 15:20:00,790,790,790,790,0
2022-02-02 15:21:00,790,790,790,790,0
2022-02-02 15:22:00,790,790,790,790,0
2022-02-02 15:23:00,790,790,790,790,0
2022-02-02 15:24:00,790,790,790,790,0
2022-02-02 15:25:00,790,790,790,790,0
2022-02-02 15:26:00,790,790,790,790,0
2022-02-02 15:27:00,790,790,790,790,0
2022-02-02 15:28:00,790,790,790,790,0
2022-02-02 15:29:00,790,790,790,790,0
2022-02-02 15:30:00,790,790,790,790,0
2022-02-02 15:31:00,790,790,790,790,0
2022-02-02 15:32:00,790,790,790,790,0
2022-02-02 15:33:00,790,790,790,790,0
2022-02-02 15:34:00,790,790,790,790,0
2022-02-02 15:35:00,790,790,790,790,0
2022-02-02 15:36:00,790,790,790,790,0
2022-02-02 15:37:00,790,790,790,790,0
2022-02-02 15:38:00,790,790,790,790,0
2022-02-02 15:39:00,790,790,790,790,0
2022-02-02 15:40:00,790,790,790,790,0
2022-02-02 15:41:00,790,790,790,790,0
2022-02-02 15:42:00,790,790,790,790,0
2022-02-02 15:43:00,790,790,790,790,0
2022-02-02 15:44:00,790,790,790,790,0
2022-02-02 15:45:00,790,790,790,790,0
2022-02-02 15:46:00,790,790,790,790,0
2022-02-02 15:47:00,790,790,790,790,0
2022-02-02 15:48:00,790,790,790,790,0
2022-02-02 15:49:00,790,790,790,790,0
2022-02-02 15:50:00,790,790,790,790,0
2022-02-02 15:51:00,790,790,790,790,0
2022-02-02 15:52:00,790,790,790,790,0
2022-02-02 15:53:00,790,790,790,790,0
2022-02-02 15:54:00,790,790,790,790,0
2022-02-02 15:55:00,790,790,790,790,0
2022-02-02 15:56:00,790,790,790,790,0
2022-02-02 15:57:00,790,790,790,790,0
2022-02-02 15:58:00,790,790,790,790,0
2022-02-02 15:59:00,790,790,790,790,0
2022-02-03 09:00:00,795,790,795,790,0
2022-02-03 09:01:00,790,790,795,790,3600
2022-02-03 09:02:00,795,790,795,795,4400
2022-02-03 09:03:00,790,790,795,795,16900
2022-02-03 09:04:00,795,795,795,795,1100
2022-02-03 09:05:00,795,795,795,795,0
2022-02-03 09:06:00,790,790,790,790,13400
2022-02-03 09:07:00,790,785,790,790,7900
2022-02-03 09:08:00,785,785,790,790,7600
2022-02-03 09:09:00,785,785,790,785,9400
2022-02-03 09:10:00,780,775,780,780,22200
2022-02-03 09:11:00,780,780,785,785,12800
2022-02-03 09:12:00,785,785,785,785,1300
2022-02-03 09:13:00,790,790,790,790,1100
2022-02-03 09:14:00,785,785,790,790,700
2022-02-03 09:15:00,785,785,790,790,0
2022-02-03 09:16:00,790,785,790,785,600
2022-02-03 09:17:00,790,790,790,790,700
2022-02-03 09:18:00,790,790,790,790,13000
2022-02-03 09:19:00,790,790,790,790,0
2022-02-03 09:20:00,790,790,790,790,1500
2022-02-03 09:21:00,790,790,790,790,2500
2022-02-03 09:22:00,790,790,790,790,0
2022-02-03 09:23:00,785,780,785,780,52400
2022-02-03 09:24:00,780,775,780,775,300
2022-02-03 09:25:00,775,775,780,780,5200
2022-02-03 09:26:00,775,775,780,780,0
2022-02-03 09:27:00,780,780,780,780,2300
2022-02-03 09:28:00,780,755,780,755,186800
2022-02-03 09:29:00,750,750,755,750,182800
2022-02-03 09:30:00,755,755,770,770,32600
2022-02-03 09:31:00,770,770,770,770,7000
2022-02-03 09:32:00,770,765,770,765,5200
2022-02-03 09:33:00,765,765,770,765,6000
2022-02-03 09:34:00,770,760,770,770,500
2022-02-03 09:35:00,770,770,770,770,1700
2022-02-03 09:36:00,770,770,770,770,0
2022-02-03 09:37:00,770,770,770,770,3500
2022-02-03 09:38:00,770,760,770,760,11000
2022-02-03 09:39:00,770,760,770,760,16100
2022-02-03 09:40:00,770,770,770,770,3700
2022-02-03 09:41:00,765,765,770,770,1400
2022-02-03 09:42:00,765,765,770,770,2700
2022-02-03 09:43:00,770,770,770,770,10000
2022-02-03 09:44:00,770,770,770,770,200
2022-02-03 09:45:00,770,770,775,775,20600
2022-02-03 09:46:00,770,770,775,775,0
2022-02-03 09:47:00,770,770,770,770,500
2022-02-03 09:48:00,775,775,775,775,1200
2022-02-03 09:49:00,770,770,775,770,1100
2022-02-03 09:50:00,770,770,775,770,0
2022-02-03 09:51:00,765,765,765,765,2500
2022-02-03 09:52:00,765,765,775,775,4800
2022-02-03 09:53:00,775,775,775,775,10000
2022-02-03 09:54:00,770,770,780,780,20800
2022-02-03 09:55:00,780,780,780,780,1400
2022-02-03 09:56:00,780,780,780,780,0
2022-02-03 09:57:00,775,775,780,780,10200
2022-02-03 09:58:00,775,775,775,775,1200
2022-02-03 09:59:00,780,780,780,780,30000
2022-02-03 10:00:00,780,780,780,780,2500
2022-02-03 10:01:00,785,785,785,785,100
2022-02-03 10:02:00,780,780,780,780,800
2022-02-03 10:03:00,785,785,785,785,20200
2022-02-03 10:04:00,785,785,785,785,3200
2022-02-03 10:05:00,785,785,785,785,600
2022-02-03 10:06:00,785,785,785,785,0
2022-02-03 10:07:00,785,785,785,785,0
2022-02-03 10:08:00,785,785,785,785,0
2022-02-03 10:09:00,785,785,785,785,1700
2022-02-03 10:10:00,785,785,785,785,2400
2022-02-03 10:11:00,785,785,785,785,0
2022-02-03 10:12:00,785,785,785,785,0
2022-02-03 10:13:00,785,785,785,785,0
2022-02-03 10:14:00,780,780,780,780,2000
2022-02-03 10:15:00,780,780,780,780,0
2022-02-03 10:16:00,780,780,780,780,0
2022-02-03 10:17:00,780,780,780,780,0
2022-02-03 10:18:00,775,775,780,780,300
2022-02-03 10:19:00,775,775,775,775,100
2022-02-03 10:20:00,775,775,775,775,800
2022-02-03 10:21:00,775,775,775,775,100
2022-02-03 10:22:00,775,775,775,775,0
2022-02-03 10:23:00,775,775,780,780,9100
2022-02-03 10:24:00,775,775,780,780,0
2022-02-03 10:25:00,775,775,780,780,0
2022-02-03 10:26:00,775,775,775,775,11300
2022-02-03 10:27:00,775,775,775,775,100
2022-02-03 10:28:00,775,775,775,775,5000
2022-02-03 10:29:00,775,775,775,775,0
2022-02-03 10:30:00,775,775,775,775,0
2022-02-03 10:31:00,775,775,775,775,0
2022-02-03 10:32:00,775,775,775,775,0
2022-02-03 10:33:00,775,775,775,775,5900
2022-02-03 10:34:00,775,775,775,775,0
2022-02-03 10:35:00,775,775,775,775,0
2022-02-03 10:36:00,770,770,770,770,1000
2022-02-03 10:37:00,775,770,775,770,10100
2022-02-03 10:38:00,775,775,775,775,200
2022-02-03 10:39:00,775,775,775,775,0
2022-02-03 10:40:00,775,775,775,775,0
2022-02-03 10:41:00,770,770,770,770,1000
2022-02-03 10:42:00,775,775,775,775,200
2022-02-03 10:43:00,770,770,775,775,1200
2022-02-03 10:44:00,770,770,775,775,0
2022-02-03 10:45:00,770,770,775,775,0
2022-02-03 10:46:00,770,770,775,775,0
2022-02-03 10:47:00,775,775,775,775,10000
2022-02-03 10:48:00,775,775,775,775,0
2022-02-03 10:49:00,775,775,775,775,0
2022-02-03 10:50:00,775,775,775,775,100
2022-02-03 10:51:00,775,775,775,775,0
2022-02-03 10:52:00,775,775,775,775,0
2022-02-03 10:53:00,775,775,775,775,0
2022-02-03 10:54:00,775,775,775,775,0
2022-02-03 10:55:00,775,775,775,775,0
2022-02-03 10:56:00,775,775,775,775,0
2022-02-03 10:57:00,775,775,775,775,1100
2022-02-03 10:58:00,770,770,775,775,700
2022-02-03 10:59:00,770,770,775,775,0
2022-02-03 11:00:00,770,770,775,775,0
2022-02-03 11:01:00,770,770,775,775,0
2022-02-03 11:02:00,770,770,775,775,0
2022-02-03 11:03:00,775,775,780,780,21200
2022-02-03 11:04:00,780,780,780,780,5000
2022-02-03 11:05:00,780,780,780,780,1000
2022-02-03 11:06:00,780,780,780,780,0
2022-02-03 11:07:00,780,780,780,780,0
2022-02-03 11:08:00,780,780,780,780,0
2022-02-03 11:09:00,780,780,780,780,0
2022-02-03 11:10:00,780,780,780,780,0
2022-02-03 11:11:00,780,780,780,780,0
2022-02-03 11:12:00,780,780,780,780,0
2022-02-03 11:13:00,780,780,780,780,0
2022-02-03 11:14:00,780,780,780,780,0
2022-02-03 11:15:00,780,780,780,780,0
2022-02-03 11:16:00,780,780,780,780,0
2022-02-03 11:17:00,780,780,780,780,0
2022-02-03 11:18:00,780,780,780,780,0
2022-02-03 11:19:00,780,780,780,780,200
2022-02-03 11:20:00,780,780,780,780,0
2022-02-03 11:21:00,780,780,780,780,0
2022-02-03 11:22:00,780,780,780,780,200
2022-02-03 11:23:00,780,780,780,780,0
2022-02-03 11:24:00,780,780,780,780,3000
2022-02-03 11:25:00,780,780,780,780,0
2022-02-03 11:26:00,780,780,780,780,200
2022-02-03 11:27:00,780,780,780,780,0
2022-02-03 11:28:00,780,780,780,780,200
2022-02-03 11:29:00,780,780,780,780,200
2022-02-03 11:30:00,780,780,780,780,0
2022-02-03 11:31:00,780,780,780,780,0
2022-02-03 11:32:00,780,780,780,780,0
2022-02-03 11:33:00,780,780,780,780,0
2022-02-03 11:34:00,780,780,780,780,0
2022-02-03 11:35:00,780,780,780,780,0
2022-02-03 11:36:00,780,780,780,780,0
2022-02-03 11:37:00,780,780,780,780,0
2022-02-03 11:38:00,780,780,780,780,0
2022-02-03 11:39:00,780,780,780,780,0
2022-02-03 11:40:00,780,780,780,780,0
2022-02-03 11:41:00,780,780,780,780,0
2022-02-03 11:42:00,780,780,780,780,0
2022-02-03 11:43:00,780,780,780,780,0
2022-02-03 11:44:00,780,780,780,780,0
2022-02-03 11:45:00,780,780,780,780,0
2022-02-03 11:46:00,780,780,780,780,0
2022-02-03 11:47:00,780,780,780,780,0
2022-02-03 11:48:00,780,780,780,780,0
2022-02-03 11:49:00,780,780,780,780,0
2022-02-03 11:50:00,780,780,780,780,0
2022-02-03 11:51:00,780,780,780,780,0
2022-02-03 11:52:00,780,780,780,780,0
2022-02-03 11:53:00,780,780,780,780,0
2022-02-03 11:54:00,780,780,780,780,0
2022-02-03 11:55:00,780,780,780,780,0
2022-02-03 11:56:00,780,780,780,780,0
2022-02-03 11:57:00,780,780,780,780,0
2022-02-03 11:58:00,780,780,780,780,0
2022-02-03 11:59:00,780,780,780,780,0
2022-02-03 12:00:00,780,780,780,780,0
2022-02-03 12:01:00,780,780,780,780,0
2022-02-03 12:02:00,780,780,780,780,0
2022-02-03 12:03:00,780,780,780,780,0
2022-02-03 12:04:00,780,780,780,780,0
2022-02-03 12:05:00,780,780,780,780,0
2022-02-03 12:06:00,780,780,780,780,0
2022-02-03 12:07:00,780,780,780,780,0
2022-02-03 12:08:00,780,780,780,780,0
2022-02-03 12:09:00,780,780,780,780,0
2022-02-03 12:10:00,780,780,780,780,0
2022-02-03 12:11:00,780,780,780,780,0
2022-02-03 12:12:00,780,780,780,780,0
2022-02-03 12:13:00,780,780,780,780,0
2022-02-03 12:14:00,780,780,780,780,0
2022-02-03 12:15:00,780,780,780,780,0
2022-02-03 12:16:00,780,780,780,780,0
2022-02-03 12:17:00,780,780,780,780,0
2022-02-03 12:18:00,780,780,780,780,0
2022-02-03 12:19:00,780,780,780,780,0
2022-02-03 12:20:00,780,780,780,780,0
2022-02-03 12:21:00,780,780,780,780,0
2022-02-03 12:22:00,780,780,780,780,0
2022-02-03 12:23:00,780,780,780,780,0
2022-02-03 12:24:00,780,780,780,780,0
2022-02-03 12:25:00,780,780,780,780,0
2022-02-03 12:26:00,780,780,780,780,0
2022-02-03 12:27:00,780,780,780,780,0
2022-02-03 12:28:00,780,780,780,780,0
2022-02-03 12:29:00,780,780,780,780,0
2022-02-03 12:30:00,780,780,780,780,0
2022-02-03 12:31:00,780,780,780,780,0
2022-02-03 12:32:00,780,780,780,780,0
2022-02-03 12:33:00,780,780,780,780,0
2022-02-03 12:34:00,780,780,780,780,0
2022-02-03 12:35:00,780,780,780,780,0
2022-02-03 12:36:00,780,780,780,780,0
2022-02-03 12:37:00,780,780,780,780,0
2022-02-03 12:38:00,780,780,780,780,0
2022-02-03 12:39:00,780,780,780,780,0
2022-02-03 12:40:00,780,780,780,780,0
2022-02-03 12:41:00,780,780,780,780,0
2022-02-03 12:42:00,780,780,780,780,0
2022-02-03 12:43:00,780,780,780,780,0
2022-02-03 12:44:00,780,780,780,780,0
2022-02-03 12:45:00,780,780,780,780,0
2022-02-03 12:46:00,780,780,780,780,0
2022-02-03 12:47:00,780,780,780,780,0
2022-02-03 12:48:00,780,780,780,780,0
2022-02-03 12:49:00,780,780,780,780,0
2022-02-03 12:50:00,780,780,780,780,0
2022-02-03 12:51:00,780,780,780,780,0
2022-02-03 12:52:00,780,780,780,780,0
2022-02-03 12:53:00,780,780,780,780,0
2022-02-03 12:54:00,780,780,780,780,0
2022-02-03 12:55:00,780,780,780,780,0
2022-02-03 12:56:00,780,780,780,780,0
2022-02-03 12:57:00,780,780,780,780,0
2022-02-03 12:58:00,780,780,780,780,0
2022-02-03 12:59:00,780,780,780,780,0
2022-02-03 13:00:00,780,780,780,780,0
2022-02-03 13:01:00,780,780,780,780,0
2022-02-03 13:02:00,780,780,780,780,0
2022-02-03 13:03:00,780,780,780,780,0
2022-02-03 13:04:00,780,780,780,780,0
2022-02-03 13:05:00,780,780,780,780,0
2022-02-03 13:06:00,780,780,780,780,0
2022-02-03 13:07:00,780,780,780,780,0
2022-02-03 13:08:00,780,780,780,780,0
2022-02-03 13:09:00,780,780,780,780,0
2022-02-03 13:10:00,780,780,780,780,0
2022-02-03 13:11:00,780,780,780,780,0
2022-02-03 13:12:00,780,780,780,780,0
2022-02-03 13:13:00,780,780,780,780,0
2022-02-03 13:14:00,780,780,780,780,0
2022-02-03 13:15:00,780,780,780,780,0
2022-02-03 13:16:00,780,780,780,780,0
2022-02-03 13:17:00,780,780,780,780,0
2022-02-03 13:18:00,780,780,780,780,0
2022-02-03 13:19:00,780,780,780,780,0
2022-02-03 13:20:00,780,780,780,780,0
2022-02-03 13:21:00,780,780,780,780,0
2022-02-03 13:22:00,780,780,780,780,0
2022-02-03 13:23:00,780,780,780,780,0
2022-02-03 13:24:00,780,780,780,780,0
2022-02-03 13:25:00,780,780,780,780,0
2022-02-03 13:26:00,780,780,780,780,0
2022-02-03 13:27:00,780,780,780,780,0
2022-02-03 13:28:00,780,780,780,780,0
2022-02-03 13:29:00,780,780,780,780,0
2022-02-03 13:30:00,780,775,780,775,18600
2022-02-03 13:31:00,780,775,780,775,0
2022-02-03 13:32:00,770,770,770,770,100
2022-02-03 13:33:00,770,770,770,770,15200
2022-02-03 13:34:00,775,775,775,775,200
2022-02-03 13:35:00,775,775,775,775,0
2022-02-03 13:36:00,775,775,775,775,0
2022-02-03 13:37:00,770,770,770,770,600
2022-02-03 13:38:00,765,765,770,770,5200
2022-02-03 13:39:00,765,765,770,770,5900
2022-02-03 13:40:00,770,770,770,770,1400
2022-02-03 13:41:00,770,770,770,770,4900
2022-02-03 13:42:00,775,775,775,775,200
2022-02-03 13:43:00,770,770,770,770,1100
2022-02-03 13:44:00,770,770,770,770,0
2022-02-03 13:45:00,770,770,770,770,6600
2022-02-03 13:46:00,770,770,770,770,0
2022-02-03 13:47:00,770,770,770,770,0
2022-02-03 13:48:00,770,770,770,770,300
2022-02-03 13:49:00,770,770,770,770,0
2022-02-03 13:50:00,765,765,765,765,2500
2022-02-03 13:51:00,765,765,765,765,0
2022-02-03 13:52:00,765,765,765,765,2000
2022-02-03 13:53:00,765,765,770,765,3100
2022-02-03 13:54:00,765,765,770,765,0
2022-02-03 13:55:00,770,770,770,770,2100
2022-02-03 13:56:00,770,770,770,770,0
2022-02-03 13:57:00,775,770,775,775,6100
2022-02-03 13:58:00,775,770,775,775,0
2022-02-03 13:59:00,775,770,775,775,0
2022-02-03 14:00:00,775,775,775,775,2000
2022-02-03 14:01:00,775,775,775,775,0
2022-02-03 14:02:00,775,775,775,775,0
2022-02-03 14:03:00,775,775,775,775,0
2022-02-03 14:04:00,775,775,775,775,0
2022-02-03 14:05:00,770,770,770,770,200
2022-02-03 14:06:00,775,775,775,775,1400
2022-02-03 14:07:00,775,775,775,775,0
2022-02-03 14:08:00,775,775,775,775,0
2022-02-03 14:09:00,775,775,775,775,0
2022-02-03 14:10:00,775,775,775,775,0
2022-02-03 14:11:00,770,770,770,770,71800
2022-02-03 14:12:00,765,765,765,765,59800
2022-02-03 14:13:00,765,765,765,765,0
2022-02-03 14:14:00,760,755,760,755,170000
2022-02-03 14:15:00,765,765,785,785,188500
2022-02-03 14:16:00,785,785,785,785,100
2022-02-03 14:17:00,785,785,785,785,51100
2022-02-03 14:18:00,790,790,790,790,10200
2022-02-03 14:19:00,790,790,790,790,200
2022-02-03 14:20:00,790,785,790,790,1100
2022-02-03 14:21:00,790,785,790,790,0
2022-02-03 14:22:00,790,785,790,790,0
2022-02-03 14:23:00,790,785,790,785,10600
2022-02-03 14:24:00,785,785,785,785,200
2022-02-03 14:25:00,785,780,785,785,2600
2022-02-03 14:26:00,780,780,785,785,1900
2022-02-03 14:27:00,785,785,785,785,400
2022-02-03 14:28:00,785,785,785,785,0
2022-02-03 14:29:00,785,785,785,785,0
2022-02-03 14:30:00,785,785,785,785,0
2022-02-03 14:31:00,785,785,785,785,0
2022-02-03 14:32:00,780,780,785,785,1700
2022-02-03 14:33:00,785,785,785,785,400
2022-02-03 14:34:00,780,780,785,785,700
2022-02-03 14:35:00,780,780,785,780,1200
2022-02-03 14:36:00,780,780,780,780,2500
2022-02-03 14:37:00,780,780,780,780,200
2022-02-03 14:38:00,780,780,780,780,0
2022-02-03 14:39:00,780,780,780,780,0
2022-02-03 14:40:00,780,780,780,780,0
2022-02-03 14:41:00,780,780,780,780,0
2022-02-03 14:42:00,780,775,780,775,1900
2022-02-03 14:43:00,780,780,780,780,200
2022-02-03 14:44:00,780,750,780,750,107700
2022-02-03 14:45:00,770,770,770,770,3300
2022-02-03 14:46:00,770,770,770,770,1200
2022-02-03 14:47:00,770,770,770,770,0
2022-02-03 14:48:00,755,750,755,750,200000
2022-02-03 14:49:00,770,770,785,780,137700
2022-02-03 14:50:00,770,770,785,780,0
2022-02-03 14:51:00,770,770,785,780,0
2022-02-03 14:52:00,770,770,785,780,0
2022-02-03 14:53:00,770,770,785,780,0
2022-02-03 14:54:00,770,770,785,780,0
2022-02-03 14:55:00,770,770,785,780,0
2022-02-03 14:56:00,770,770,785,780,0
2022-02-03 14:57:00,770,770,785,780,0
2022-02-03 14:58:00,770,770,785,780,0
2022-02-03 14:59:00,770,770,785,780,0
2022-02-03 15:00:00,775,775,775,775,15500
2022-02-03 15:01:00,775,775,775,775,41700
2022-02-03 15:02:00,775,775,775,775,10000
2022-02-03 15:03:00,775,775,775,775,5500
2022-02-03 15:04:00,775,775,775,775,0
2022-02-03 15:05:00,775,775,775,775,14100
2022-02-03 15:06:00,775,775,775,775,0
2022-02-03 15:07:00,775,775,775,775,0
2022-02-03 15:08:00,775,775,775,775,0
2022-02-03 15:09:00,775,775,775,775,0
2022-02-03 15:10:00,775,775,775,775,0
2022-02-03 15:11:00,775,775,775,775,0
2022-02-03 15:12:00,775,775,775,775,5900
2022-02-03 15:13:00,775,775,775,775,0
2022-02-03 15:14:00,775,775,775,775,0
2022-02-03 15:15:00,775,775,775,775,0
2022-02-03 15:16:00,775,775,775,775,0
2022-02-03 15:17:00,775,775,775,775,0
2022-02-03 15:18:00,775,775,775,775,0
2022-02-03 15:19:00,775,775,775,775,0
2022-02-03 15:20:00,775,775,775,775,0
2022-02-03 15:21:00,775,775,775,775,0
2022-02-03 15:22:00,775,775,775,775,0
2022-02-03 15:23:00,775,775,775,775,0
2022-02-03 15:24:00,775,775,775,775,0
2022-02-03 15:25:00,775,775,775,775,0
2022-02-03 15:26:00,775,775,775,775,0
2022-02-03 15:27:00,775,775,775,775,0
2022-02-03 15:28:00,775,775,775,775,0
2022-02-03 15:29:00,775,775,775,775,0
2022-02-03 15:30:00,775,775,775,775,0
2022-02-03 15:31:00,775,775,775,775,0
2022-02-03 15:32:00,775,775,775,775,0
2022-02-03 15:33:00,775,775,775,775,0
2022-02-03 15:34:00,775,775,775,775,0
2022-02-03 15:35:00,775,775,775,775,0
2022-02-03 15:36:00,775,775,775,775,0
2022-02-03 15:37:00,775,775,775,775,0
2022-02-03 15:38:00,775,775,775,775,0
2022-02-03 15:39:00,775,775,775,775,0
2022-02-03 15:40:00,775,775,775,775,0
2022-02-03 15:41:00,775,775,775,775,0
2022-02-03 15:42:00,775,775,775,775,0
2022-02-03 15:43:00,775,775,775,775,0
2022-02-03 15:44:00,775,775,775,775,0
2022-02-03 15:45:00,775,775,775,775,0
2022-02-03 15:46:00,775,775,775,775,0
2022-02-03 15:47:00,775,775,775,775,0
2022-02-03 15:48:00,775,775,775,775,0
2022-02-03 15:49:00,775,775,775,775,0
2022-02-03 15:50:00,775,775,775,775,0
2022-02-03 15:51:00,775,775,775,775,0
2022-02-03 15:52:00,775,775,775,775,0
2022-02-03 15:53:00,775,775,775,775,0
2022-02-03 15:54:00,775,775,775,775,0
2022-02-03 15:55:00,775,775,775,775,0
2022-02-03 15:56:00,775,775,775,775,0
2022-02-03 15:57:00,775,775,775,775,0
2022-02-03 15:58:00,775,775,775,775,0
2022-02-03 15:59:00,775,775,775,775,0
2022-02-04 09:00:00,775,775,775,775,0
2022-02-04 09:01:00,775,775,775,775,0
2022-02-04 09:02:00,775,775,775,775,0
2022-02-04 09:03:00,775,775,775,775,0
2022-02-04 09:04:00,775,775,775,775,0
2022-02-04 09:05:00,775,775,775,775,0
2022-02-04 09:06:00,775,775,775,775,0
2022-02-04 09:07:00,775,775,775,775,0
2022-02-04 09:08:00,775,775,775,775,0
2022-02-04 09:09:00,775,775,775,775,0
2022-02-04 09:10:00,775,775,775,775,0
2022-02-04 09:11:00,775,775,775,775,0
2022-02-04 09:12:00,775,775,775,775,0
2022-02-04 09:13:00,775,775,775,775,0
2022-02-04 09:14:00,775,775,775,775,0
2022-02-04 09:15:00,775,775,775,775,0
2022-02-04 09:16:00,775,775,775,775,0
2022-02-04 09:17:00,775,775,775,775,0
2022-02-04 09:18:00,775,775,775,775,0
2022-02-04 09:19:00,775,775,775,775,0
2022-02-04 09:20:00,775,775,775,775,0
2022-02-04 09:21:00,775,775,775,775,0
2022-02-04 09:22:00,775,775,775,775,0
2022-02-04 09:23:00,775,775,775,775,0
2022-02-04 09:24:00,775,775,775,775,0
2022-02-04 09:25:00,775,775,775,775,0
2022-02-04 09:26:00,775,775,775,775,0
2022-02-04 09:27:00,775,775,775,775,0
2022-02-04 09:28:00,775,775,775,775,0
2022-02-04 09:29:00,775,775,775,775,0
2022-02-04 09:30:00,775,775,775,775,0
2022-02-04 09:31:00,775,775,775,775,0
2022-02-04 09:32:00,775,775,775,775,0
2022-02-04 09:33:00,775,775,775,775,0
2022-02-04 09:34:00,775,775,775,775,0
2022-02-04 09:35:00,775,775,775,775,0
2022-02-04 09:36:00,775,775,775,775,0
2022-02-04 09:37:00,775,775,775,775,0
2022-02-04 09:38:00,775,775,775,775,0
2022-02-04 09:39:00,775,775,775,775,0
2022-02-04 09:40:00,775,775,775,775,0
2022-02-04 09:41:00,775,775,775,775,0
2022-02-04 09:42:00,775,775,775,775,0
2022-02-04 09:43:00,775,775,775,775,0
2022-02-04 09:44:00,775,775,775,775,0
2022-02-04 09:45:00,775,775,775,775,0
2022-02-04 09:46:00,775,775,775,775,0
2022-02-04 09:47:00,775,775,775,775,0
2022-02-04 09:48:00,775,775,775,775,0
2022-02-04 09:49:00,775,775,775,775,0
2022-02-04 09:50:00,775,775,775,775,0
2022-02-04 09:51:00,775,775,775,775,0
2022-02-04 09:52:00,775,775,775,775,0
2022-02-04 09:53:00,775,775,775,775,0
2022-02-04 09:54:00,775,775,775,775,0
2022-02-04 09:55:00,775,775,775,775,0
2022-02-04 09:56:00,775,775,775,775,0
2022-02-04 09:57:00,775,775,775,775,0
2022-02-04 09:58:00,775,775,775,775,0
2022-02-04 09:59:00,775,775,775,775,0
2022-02-04 10:00:00,775,775,775,775,0
2022-02-04 10:01:00,775,775,775,775,0
2022-02-04 10:02:00,775,775,775,775,0
2022-02-04 10:03:00,775,775,775,775,0
2022-02-04 10:04:00,775,775,775,775,0
2022-02-04 10:05:00,775,775,775,775,0
2022-02-04 10:06:00,775,775,775,775,0
2022-02-04 10:07:00,775,775,775,775,0
2022-02-04 10:08:00,775,775,775,775,0
2022-02-04 10:09:00,775,775,775,775,0
2022-02-04 10:10:00,775,775,775,775,0
2022-02-04 10:11:00,775,775,775,775,0
2022-02-04 10:12:00,775,775,775,775,0
2022-02-04 10:13:00,775,775,775,775,0
2022-02-04 10:14:00,775,775,775,775,0
2022-02-04 10:15:00,775,775,775,775,0
2022-02-04 10:16:00,775,775,775,775,0
2022-02-04 10:17:00,775,775,775,775,0
2022-02-04 10:18:00,775,775,775,775,0
2022-02-04 10:19:00,775,775,775,775,0
2022-02-04 10:20:00,775,775,775,775,0
2022-02-04 10:21:00,775,775,775,775,0
2022-02-04 10:22:00,775,775,775,775,0
2022-02-04 10:23:00,775,775,775,775,0
2022-02-04 10:24:00,775,775,775,775,0
2022-02-04 10:25:00,775,775,775,775,0
2022-02-04 10:26:00,775,775,775,775,0
2022-02-04 10:27:00,775,775,775,775,0
2022-02-04 10:28:00,775,775,775,775,0
2022-02-04 10:29:00,775,775,775,775,0
2022-02-04 10:30:00,775,775,775,775,0
2022-02-04 10:31:00,775,775,775,775,0
2022-02-04 10:32:00,775,775,775,775,0
2022-02-04 10:33:00,775,775,775,775,0
2022-02-04 10:34:00,775,775,775,775,0
2022-02-04 10:35:00,775,775,775,775,0
2022-02-04 10:36:00,775,775,775,775,0
2022-02-04 10:37:00,775,775,775,775,0
2022-02-04 10:38:00,775,775,775,775,0
2022-02-04 10:39:00,775,775,775,775,0
2022-02-04 10:40:00,775,775,775,775,0
2022-02-04 10:41:00,775,775,775,775,0
2022-02-04 10:42:00,775,775,775,775,0
2022-02-04 10:43:00,775,775,775,775,0
2022-02-04 10:44:00,775,775,775,775,0
2022-02-04 10:45:00,775,775,775,775,0
2022-02-04 10:46:00,775,775,775,775,0
2022-02-04 10:47:00,775,775,775,775,0
2022-02-04 10:48:00,775,775,775,775,0
2022-02-04 10:49:00,775,775,775,775,0
2022-02-04 10:50:00,775,775,775,775,0
2022-02-04 10:51:00,775,775,775,775,0
2022-02-04 10:52:00,775,775,775,775,0
2022-02-04 10:53:00,775,775,775,775,0
2022-02-04 10:54:00,775,775,775,775,0
2022-02-04 10:55:00,775,775,775,775,0
2022-02-04 10:56:00,775,775,775,775,0
2022-02-04 10:57:00,775,775,775,775,0
2022-02-04 10:58:00,775,775,775,775,0
2022-02-04 10:59:00,775,775,775,775,0
2022-02-04 11:00:00,775,775,775,775,0
2022-02-04 11:01:00,775,775,775,775,0
2022-02-04 11:02:00,775,775,775,775,0
2022-02-04 11:03:00,775,775,775,775,0
2022-02-04 11:04:00,775,775,775,775,0
2022-02-04 11:05:00,775,775,775,775,0
2022-02-04 11:06:00,775,775,775,775,0
2022-02-04 11:07:00,775,775,775,775,0
2022-02-04 11:08:00,775,775,775,775,0
2022-02-04 11:09:00,775,775,775,775,0
2022-02-04 11:10:00,775,775,775,775,0
2022-02-04 11:11:00,775,775,775,775,0
2022-02-04 11:12:00,775,775,775,775,0
2022-02-04 11:13:00,775,775,775,775,0
2022-02-04 11:14:00,775,775,775,775,0
2022-02-04 11:15:00,775,775,775,775,0
2022-02-04 11:16:00,775,775,775,775,0
2022-02-04 11:17:00,775,775,775,775,0
2022-02-04 11:18:00,775,775,775,775,0
2022-02-04 11:19:00,775,775,775,775,0
2022-02-04 11:20:00,775,775,775,775,0
2022-02-04 11:21:00,775,775,775,775,0
2022-02-04 11:22:00,775,775,775,775,0
2022-02-04 11:23:00,775,775,775,775,0
2022-02-04 11:24:00,775,775,775,775,0
2022-02-04 11:25:00,775,775,775,775,0
2022-02-04 11:26:00,775,775,775,775,0
2022-02-04 11:27:00,775,775,775,775,0
2022-02-04 11:28:00,775,775,775,775,0
2022-02-04 11:29:00,775,775,775,775,0
2022-02-04 11:30:00,775,775,775,775,0
2022-02-04 11:31:00,775,775,775,775,0
2022-02-04 11:32:00,775,775,775,775,0
2022-02-04 11:33:00,775,775,775,775,0
2022-02-04 11:34:00,775,775,775,775,0
2022-02-04 11:35:00,775,775,775,775,0
2022-02-04 11:36:00,775,775,775,775,0
2022-02-04 11:37:00,775,775,775,775,0
2022-02-04 11:38:00,775,775,775,775,0
2022-02-04 11:39:00,775,775,775,775,0
2022-02-04 11:40:00,775,775,775,775,0
2022-02-04 11:41:00,775,775,775,775,0
2022-02-04 11:42:00,775,775,775,775,0
2022-02-04 11:43:00,775,775,775,775,0
2022-02-04 11:44:00,775,775,775,775,0
2022-02-04 11:45:00,775,775,775,775,0
2022-02-04 11:46:00,775,775,775,775,0
2022-02-04 11:47:00,775,775,775,775,0
2022-02-04 11:48:00,775,775,775,775,0
2022-02-04 11:49:00,775,775,775,775,0
2022-02-04 11:50:00,775,775,775,775,0
2022-02-04 11:51:00,775,775,775,775,0
2022-02-04 11:52:00,775,775,775,775,0
2022-02-04 11:53:00,775,775,775,775,0
2022-02-04 11:54:00,775,775,775,775,0
2022-02-04 11:55:00,775,775,775,775,0
2022-02-04 11:56:00,775,775,775,775,0
2022-02-04 11:57:00,775,775,775,775,0
2022-02-04 11:58:00,775,775,775,775,0
2022-02-04 11:59:00,775,775,775,775,0
2022-02-04 12:00:00,775,775,775,775,0
2022-02-04 12:01:00,775,775,775,775,0
2022-02-04 12:02:00,775,775,775,775,0
2022-02-04 12:03:00,775,775,775,775,0
2022-02-04 12:04:00,775,775,775,775,0
2022-02-04 12:05:00,775,775,775,775,0
2022-02-04 12:06:00,775,775,775,775,0
2022-02-04 12:07:00,775,775,775,775,0
2022-02-04 12:08:00,775,775,775,775,0
2022-02-04 12:09:00,775,775,775,775,0
2022-02-04 12:10:00,775,775,775,775,0
2022-02-04 12:11:00,775,775,775,775,0
2022-02-04 12:12:00,775,775,775,775,0
2022-02-04 12:13:00,775,775,775,775,0
2022-02-04 12:14:00,775,775,775,775,0
2022-02-04 12:15:00,775,775,775,775,0
2022-02-04 12:16:00,775,775,775,775,0
2022-02-04 12:17:00,775,775,775,775,0
2022-02-04 12:18:00,775,775,775,775,0
2022-02-04 12:19:00,775,775,775,775,0
2022-02-04 12:20:00,775,775,775,775,0
2022-02-04 12:21:00,775,775,775,775,0
2022-02-04 12:22:00,775,775,775,775,0
2022-02-04 12:23:00,775,775,775,775,0
2022-02-04 12:24:00,775,775,775,775,0
2022-02-04 12:25:00,775,775,775,775,0
2022-02-04 12:26:00,775,775,775,775,0
2022-02-04 12:27:00,775,775,775,775,0
2022-02-04 12:28:00,775,775,775,775,0
2022-02-04 12:29:00,775,775,775,775,0
2022-02-04 12:30:00,775,775,775,775,0
2022-02-04 12:31:00,775,775,775,775,0
2022-02-04 12:32:00,775,775,775,775,0
2022-02-04 12:33:00,775,775,775,775,0
2022-02-04 12:34:00,775,775,775,775,0
2022-02-04 12:35:00,775,775,775,775,0
2022-02-04 12:36:00,775,775,775,775,0
2022-02-04 12:37:00,775,775,775,775,0
2022-02-04 12:38:00,775,775,775,775,0
2022-02-04 12:39:00,775,775,775,775,0
2022-02-04 12:40:00,775,775,775,775,0
2022-02-04 12:41:00,775,775,775,775,0
2022-02-04 12:42:00,775,775,775,775,0
2022-02-04 12:43:00,775,775,775,775,0
2022-02-04 12:44:00,775,775,775,775,0
2022-02-04 12:45:00,775,775,775,775,0
2022-02-04 12:46:00,775,775,775,775,0
2022-02-04 12:47:00,775,775,775,775,0
2022-02-04 12:48:00,775,775,775,775,0
2022-02-04 12:49:00,775,775,775,775,0
2022-02-04 12:50:00,775,775,775,775,0
2022-02-04 12:51:00,775,775,775,775,0
2022-02-04 12:52:00,775,775,775,775,0
2022-02-04 12:53:00,775,775,775,775,0
2022-02-04 12:54:00,775,775,775,775,0
2022-02-04 12:55:00,775,775,775,775,0
2022-02-04 12:56:00,775,775,775,775,0
2022-02-04 12:57:00,775,775,775,775,0
2022-02-04 12:58:00,775,775,775,775,0
2022-02-04 12:59:00,775,775,775,775,0
2022-02-04 13:00:00,775,775,775,775,0
2022-02-04 13:01:00,775,775,775,775,0
2022-02-04 13:02:00,775,775,775,775,0
2022-02-04 13:03:00,775,775,775,775,0
2022-02-04 13:04:00,775,775,775,775,0
2022-02-04 13:05:00,775,775,775,775,0
2022-02-04 13:06:00,775,775,775,775,0
2022-02-04 13:07:00,775,775,775,775,0
2022-02-04 13:08:00,775,775,775,775,0
2022-02-04 13:09:00,775,775,775,775,0
2022-02-04 13:10:00,775,775,775,775,0
2022-02-04 13:11:00,775,775,775,775,0
2022-02-04 13:12:00,775,775,775,775,0
2022-02-04 13:13:00,775,775,775,775,0
2022-02-04 13:14:00,775,775,775,775,0
2022-02-04 13:15:00,775,775,775,775,0
2022-02-04 13:16:00,775,775,775,775,0
2022-02-04 13:17:00,775,775,775,775,0
2022-02-04 13:18:00,775,775,775,775,0
2022-02-04 13:19:00,775,775,775,775,0
2022-02-04 13:20:00,775,775,775,775,0
2022-02-04 13:21:00,775,775,775,775,0
2022-02-04 13:22:00,775,775,775,775,0
2022-02-04 13:23:00,775,775,775,775,0
2022-02-04 13:24:00,775,775,775,775,0
2022-02-04 13:25:00,775,775,775,775,0
2022-02-04 13:26:00,775,775,775,775,0
2022-02-04 13:27:00,775,775,775,775,0
2022-02-04 13:28:00,775,775,775,775,0
2022-02-04 13:29:00,775,775,775,775,0
2022-02-04 13:30:00,775,775,775,775,0
2022-02-04 13:31:00,775,775,775,775,0
2022-02-04 13:32:00,775,775,775,775,0
2022-02-04 13:33:00,775,775,775,775,0
2022-02-04 13:34:00,775,775,775,775,0
2022-02-04 13:35:00,775,775,775,775,0
2022-02-04 13:36:00,775,775,775,775,0
2022-02-04 13:37:00,775,775,775,775,0
2022-02-04 13:38:00,775,775,775,775,0
2022-02-04 13:39:00,775,775,775,775,0
2022-02-04 13:40:00,775,775,775,775,0
2022-02-04 13:41:00,775,775,775,775,0
2022-02-04 13:42:00,775,775,775,775,0
2022-02-04 13:43:00,775,775,775,775,0
2022-02-04 13:44:00,775,775,775,775,0
2022-02-04 13:45:00,775,775,775,775,0
2022-02-04 13:46:00,775,775,775,775,0
2022-02-04 13:47:00,775,775,775,775,0
2022-02-04 13:48:00,775,775,775,775,0
2022-02-04 13:49:00,775,775,775,775,0
2022-02-04 13:50:00,775,775,775,775,0
2022-02-04 13:51:00,775,775,775,775,0
2022-02-04 13:52:00,775,775,775,775,0
2022-02-04 13:53:00,775,775,775,775,0
2022-02-04 13:54:00,775,775,775,775,0
2022-02-04 13:55:00,775,775,775,775,0
2022-02-04 13:56:00,775,775,775,775,0
2022-02-04 13:57:00,775,775,775,775,0
2022-02-04 13:58:00,775,775,775,775,0
2022-02-04 13:59:00,775,775,775,775,0
2022-02-04 14:00:00,775,775,775,775,0
2022-02-04 14:01:00,775,775,775,775,0
2022-02-04 14:02:00,775,775,775,775,0
2022-02-04 14:03:00,775,775,775,775,0
2022-02-04 14:04:00,775,775,775,775,0
2022-02-04 14:05:00,775,775,775,775,0
2022-02-04 14:06:00,775,775,775,775,0
2022-02-04 14:07:00,775,775,775,775,0
2022-02-04 14:08:00,775,775,775,775,0
2022-02-04 14:09:00,775,775,775,775,0
2022-02-04 14:10:00,775,775,775,775,0
2022-02-04 14:11:00,775,775,775,775,0
2022-02-04 14:12:00,775,775,775,775,0
2022-02-04 14:13:00,775,775,775,775,0
2022-02-04 14:14:00,775,775,775,775,0
2022-02-04 14:15:00,775,775,775,775,0
2022-02-04 14:16:00,775,775,775,775,0
2022-02-04 14:17:00,775,775,775,775,0
2022-02-04 14:18:00,775,775,775,775,0
2022-02-04 14:19:00,775,775,775,775,0
2022-02-04 14:20:00,775,775,775,775,0
2022-02-04 14:21:00,775,775,775,775,0
2022-02-04 14:22:00,775,775,775,775,0
2022-02-04 14:23:00,775,775,775,775,0
2022-02-04 14:24:00,775,775,775,775,0
2022-02-04 14:25:00,775,775,775,775,0
2022-02-04 14:26:00,775,775,775,775,0
2022-02-04 14:27:00,775,775,775,775,0
2022-02-04 14:28:00,775,775,775,775,0
2022-02-04 14:29:00,775,775,775,775,0
2022-02-04 14:30:00,775,775,775,775,0
2022-02-04 14:31:00,775,775,775,775,0
2022-02-04 14:32:00,775,775,775,775,0
2022-02-04 14:33:00,775,775,775,775,0
2022-02-04 14:34:00,775,775,775,775,0
2022-02-04 14:35:00,775,775,775,775,0
2022-02-04 14:36:00,775,775,775,775,0
2022-02-04 14:37:00,775,775,775,775,0
2022-02-04 14:38:00,775,775,775,775,0
2022-02-04 14:39:00,775,775,775,775,0
2022-02-04 14:40:00,775,775,775,775,0
2022-02-04 14:41:00,775,775,775,775,0
2022-02-04 14:42:00,775,775,775,775,0
2022-02-04 14:43:00,775,775,775,775,0
2022-02-04 14:44:00,775,775,775,775,0
2022-02-04 14:45:00,775,775,775,775,0
2022-02-04 14:46:00,775,775,775,775,0
2022-02-04 14:47:00,775,775,775,775,0
2022-02-04 14:48:00,775,775,775,775,0
2022-02-04 14:49:00,775,775,775,775,0
2022-02-04 14:50:00,775,775,775,775,0
2022-02-04 14:51:00,775,775,775,775,0
2022-02-04 14:52:00,775,775,775,775,0
2022-02-04 14:53:00,775,775,775,775,0
2022-02-04 14:54:00,775,775,775,775,0
2022-02-04 14:55:00,775,775,775,775,0
2022-02-04 14:56:00,775,775,775,775,0
2022-02-04 14:57:00,775,775,775,775,0
2022-02-04 14:58:00,775,775,775,775,0
2022-02-04 14:59:00,775,775,775,775,0
2022-02-04 15:00:00,775,775,775,775,0
2022-02-04 15:01:00,775,775,775,775,0
2022-02-04 15:02:00,775,775,775,775,0
2022-02-04 15:03:00,775,775,775,775,0
2022-02-04 15:04:00,775,775,775,775,0
2022-02-04 15:05:00,775,775,775,775,0
2022-02-04 15:06:00,775,775,775,775,0
2022-02-04 15:07:00,775,775,775,775,0
2022-02-04 15:08:00,775,775,775,775,0
2022-02-04 15:09:00,775,775,775,775,0
2022-02-04 15:10:00,775,775,775,775,0
2022-02-04 15:11:00,775,775,775,775,0
2022-02-04 15:12:00,775,775,775,775,0
2022-02-04 15:13:00,775,775,775,775,0
2022-02-04 15:14:00,775,775,775,775,0
2022-02-04 15:15:00,775,775,775,775,0
2022-02-04 15:16:00,775,775,775,775,0
2022-02-04 15:17:00,775,775,775,775,0
2022-02-04 15:18:00,775,775,775,775,0
2022-02-04 15:19:00,775,775,775,775,0
2022-02-04 15:20:00,775,775,775,775,0
2022-02-04 15:21:00,775,775,775,775,0
2022-02-04 15:22:00,775,775,775,775,0
2022-02-04 15:23:00,775,775,775,775,0
2022-02-04 15:24:00,775,775,775,775,0
2022-02-04 15:25:00,775,775,775,775,0
2022-02-04 15:26:00,775,775,775,775,0
2022-02-04 15:27:00,775,775,775,775,0
2022-02-04 15:28:00,775,775,775,775,0
2022-02-04 15:29:00,775,775,775,775,0
2022-02-04 15:30:00,775,775,775,775,0
2022-02-04 15:31:00,775,775,775,775,0
2022-02-04 15:32:00,775,775,775,775,0
2022-02-04 15:33:00,775,775,775,775,0
2022-02-04 15:34:00,775,775,775,775,0
2022-02-04 15:35:00,775,775,775,775,0
2022-02-04 15:36:00,775,775,775,775,0
2022-02-04 15:37:00,775,775,775,775,0
2022-02-04 15:38:00,775,775,775,775,0
2022-02-04 15:39:00,775,775,775,775,0
2022-02-04 15:40:00,775,775,775,775,0
2022-02-04 15:41:00,775,775,775,775,0
2022-02-04 15:42:00,775,775,775,775,0
2022-02-04 15:43:00,775,775,775,775,0
2022-02-04 15:44:00,775,775,775,775,0
2022-02-04 15:45:00,775,775,775,775,0
2022-02-04 15:46:00,775,775,775,775,0
2022-02-04 15:47:00,775,775,775,775,0
2022-02-04 15:48:00,775,775,775,775,0
2022-02-04 15:49:00,775,775,775,775,0
2022-02-04 15:50:00,775,775,775,775,0
2022-02-04 15:51:00,775,775,775,775,0
2022-02-04 15:52:00,775,775,775,775,0
2022-02-04 15:53:00,775,775,775,775,0
2022-02-04 15:54:00,775,775,775,775,0
2022-02-04 15:55:00,775,775,775,775,0
2022-02-04 15:56:00,775,775,775,775,0
2022-02-04 15:57:00,775,775,775,775,0
2022-02-04 15:58:00,775,775,775,775,0
2022-02-04 15:59:00,775,775,775,775,0
2022-02-07 09:00:00,785,785,785,785,0
2022-02-07 09:01:00,785,785,785,785,0
2022-02-07 09:02:00,785,785,785,785,0
2022-02-07 09:03:00,785,785,785,785,0
2022-02-07 09:04:00,785,785,785,785,0
2022-02-07 09:05:00,785,785,785,785,0
2022-02-07 09:06:00,785,785,785,785,0
2022-02-07 09:07:00,785,785,785,785,0
2022-02-07 09:08:00,785,785,785,785,0
2022-02-07 09:09:00,785,785,785,785,0
2022-02-07 09:10:00,785,785,785,785,0
2022-02-07 09:11:00,785,785,785,785,0
2022-02-07 09:12:00,785,785,785,785,0
2022-02-07 09:13:00,785,785,785,785,0
2022-02-07 09:14:00,785,785,785,785,0
2022-02-07 09:15:00,785,785,785,785,0
2022-02-07 09:16:00,785,785,785,785,0
2022-02-07 09:17:00,785,785,785,785,0
2022-02-07 09:18:00,785,785,785,785,0
2022-02-07 09:19:00,785,785,785,785,0
2022-02-07 09:20:00,785,785,785,785,0
2022-02-07 09:21:00,785,785,785,785,0
2022-02-07 09:22:00,785,785,785,785,0
2022-02-07 09:23:00,785,785,785,785,0
2022-02-07 09:24:00,785,785,785,785,0
2022-02-07 09:25:00,785,785,785,785,0
2022-02-07 09:26:00,785,785,785,785,0
2022-02-07 09:27:00,785,785,785,785,0
2022-02-07 09:28:00,785,785,785,785,0
2022-02-07 09:29:00,785,785,785,785,0
2022-02-07 09:30:00,785,785,785,785,0
2022-02-07 09:31:00,785,785,785,785,0
2022-02-07 09:32:00,785,785,785,785,0
2022-02-07 09:33:00,785,785,785,785,0
2022-02-07 09:34:00,785,785,785,785,0
2022-02-07 09:35:00,785,785,785,785,0
2022-02-07 09:36:00,785,785,785,785,0
2022-02-07 09:37:00,785,785,785,785,0
2022-02-07 09:38:00,785,785,785,785,0
2022-02-07 09:39:00,785,785,785,785,0
2022-02-07 09:40:00,785,785,785,785,0
2022-02-07 09:41:00,785,785,785,785,0
2022-02-07 09:42:00,785,785,785,785,0
2022-02-07 09:43:00,785,785,785,785,0
2022-02-07 09:44:00,785,785,785,785,0
2022-02-07 09:45:00,785,785,785,785,0
2022-02-07 09:46:00,785,785,785,785,0
2022-02-07 09:47:00,785,785,785,785,0
2022-02-07 09:48:00,785,785,785,785,0
2022-02-07 09:49:00,785,785,785,785,0
2022-02-07 09:50:00,785,785,785,785,0
2022-02-07 09:51:00,785,785,785,785,0
2022-02-07 09:52:00,785,785,785,785,0
2022-02-07 09:53:00,785,785,785,785,0
2022-02-07 09:54:00,785,785,785,785,0
2022-02-07 09:55:00,785,785,785,785,0
2022-02-07 09:56:00,785,785,785,785,0
2022-02-07 09:57:00,785,785,785,785,0
2022-02-07 09:58:00,785,785,785,785,0
2022-02-07 09:59:00,785,785,785,785,0
2022-02-07 10:00:00,785,785,785,785,0
2022-02-07 10:01:00,785,785,785,785,0
2022-02-07 10:02:00,785,785,785,785,0
2022-02-07 10:03:00,785,785,785,785,0
2022-02-07 10:04:00,785,785,785,785,0
2022-02-07 10:05:00,785,785,785,785,0
2022-02-07 10:06:00,785,785,785,785,0
2022-02-07 10:07:00,785,785,785,785,0
2022-02-07 10:08:00,785,785,785,785,0
2022-02-07 10:09:00,785,785,785,785,0
2022-02-07 10:10:00,785,785,785,785,0
2022-02-07 10:11:00,785,785,785,785,0
2022-02-07 10:12:00,785,785,785,785,0
2022-02-07 10:13:00,785,785,785,785,0
2022-02-07 10:14:00,785,785,785,785,0
2022-02-07 10:15:00,785,785,785,785,0
2022-02-07 10:16:00,785,785,785,785,0
2022-02-07 10:17:00,785,785,785,785,0
2022-02-07 10:18:00,785,785,785,785,0
2022-02-07 10:19:00,785,785,785,785,0
2022-02-07 10:20:00,785,785,785,785,0
2022-02-07 10:21:00,785,785,785,785,0
2022-02-07 10:22:00,785,785,785,785,0
2022-02-07 10:23:00,785,785,785,785,0
2022-02-07 10:24:00,785,785,785,785,0
2022-02-07 10:25:00,785,785,785,785,0
2022-02-07 10:26:00,785,785,785,785,0
2022-02-07 10:27:00,785,785,785,785,0
2022-02-07 10:28:00,785,785,785,785,0
2022-02-07 10:29:00,785,785,785,785,0
2022-02-07 10:30:00,785,785,785,785,0
2022-02-07 10:31:00,785,785,785,785,0
2022-02-07 10:32:00,785,785,785,785,0
2022-02-07 10:33:00,785,785,785,785,0
2022-02-07 10:34:00,785,785,785,785,0
2022-02-07 10:35:00,785,785,785,785,0
2022-02-07 10:36:00,785,785,785,785,0
2022-02-07 10:37:00,785,785,785,785,0
2022-02-07 10:38:00,785,785,785,785,0
2022-02-07 10:39:00,785,785,785,785,0
2022-02-07 10:40:00,785,785,785,785,0
2022-02-07 10:41:00,785,785,785,785,0
2022-02-07 10:42:00,785,785,785,785,0
2022-02-07 10:43:00,785,785,785,785,0
2022-02-07 10:44:00,785,785,785,785,0
2022-02-07 10:45:00,785,785,785,785,0
2022-02-07 10:46:00,785,785,785,785,0
2022-02-07 10:47:00,785,785,785,785,0
2022-02-07 10:48:00,785,785,785,785,0
2022-02-07 10:49:00,785,785,785,785,0
2022-02-07 10:50:00,785,785,785,785,0
2022-02-07 10:51:00,785,785,785,785,0
2022-02-07 10:52:00,785,785,785,785,0
2022-02-07 10:53:00,785,785,785,785,0
2022-02-07 10:54:00,785,785,785,785,0
2022-02-07 10:55:00,785,785,785,785,0
2022-02-07 10:56:00,785,785,785,785,0
2022-02-07 10:57:00,785,785,785,785,0
2022-02-07 10:58:00,785,785,785,785,0
2022-02-07 10:59:00,785,785,785,785,0
2022-02-07 11:00:00,785,785,785,785,0
2022-02-07 11:01:00,785,785,785,785,0
2022-02-07 11:02:00,785,785,785,785,0
2022-02-07 11:03:00,785,785,785,785,0
2022-02-07 11:04:00,785,785,785,785,0
2022-02-07 11:05:00,785,785,785,785,0
2022-02-07 11:06:00,785,785,785,785,0
2022-02-07 11:07:00,785,785,785,785,0
2022-02-07 11:08:00,785,785,785,785,0
2022-02-07 11:09:00,785,785,785,785,0
2022-02-07 11:10:00,785,785,785,785,0
2022-02-07 11:11:00,785,785,785,785,0
2022-02-07 11:12:00,785,785,785,785,0
2022-02-07 11:13:00,785,785,785,785,0
2022-02-07 11:14:00,785,785,785,785,0
2022-02-07 11:15:00,785,785,785,785,0
2022-02-07 11:16:00,785,785,785,785,0
2022-02-07 11:17:00,785,785,785,785,0
2022-02-07 11:18:00,785,785,785,785,0
2022-02-07 11:19:00,785,785,785,785,0
2022-02-07 11:20:00,785,785,785,785,0
2022-02-07 11:21:00,785,785,785,785,0
2022-02-07 11:22:00,785,785,785,785,0
2022-02-07 11:23:00,785,785,785,785,0
2022-02-07 11:24:00,785,785,785,785,0
2022-02-07 11:25:00,785,785,785,785,0
2022-02-07 11:26:00,785,785,785,785,0
2022-02-07 11:27:00,785,785,785,785,0
2022-02-07 11:28:00,785,785,785,785,0
2022-02-07 11:29:00,785,785,785,785,0
2022-02-07 11:30:00,785,785,785,785,0
2022-02-07 11:31:00,785,785,785,785,0
2022-02-07 11:32:00,785,785,785,785,0
2022-02-07 11:33:00,785,785,785,785,0
2022-02-07 11:34:00,785,785,785,785,0
2022-02-07 11:35:00,785,785,785,785,0
2022-02-07 11:36:00,785,785,785,785,0
2022-02-07 11:37:00,785,785,785,785,0
2022-02-07 11:38:00,785,785,785,785,0
2022-02-07 11:39:00,785,785,785,785,0
2022-02-07 11:40:00,785,785,785,785,0
2022-02-07 11:41:00,785,785,785,785,0
2022-02-07 11:42:00,785,785,785,785,0
2022-02-07 11:43:00,785,785,785,785,0
2022-02-07 11:44:00,785,785,785,785,0
2022-02-07 11:45:00,785,785,785,785,0
2022-02-07 11:46:00,785,785,785,785,0
2022-02-07 11:47:00,785,785,785,785,0
2022-02-07 11:48:00,785,785,785,785,0
2022-02-07 11:49:00,785,785,785,785,0
2022-02-07 11:50:00,785,785,785,785,0
2022-02-07 11:51:00,785,785,785,785,0
2022-02-07 11:52:00,785,785,785,785,0
2022-02-07 11:53:00,785,785,785,785,0
2022-02-07 11:54:00,785,785,785,785,0
2022-02-07 11:55:00,785,785,785,785,0
2022-02-07 11:56:00,785,785,785,785,0
2022-02-07 11:57:00,785,785,785,785,0
2022-02-07 11:58:00,785,785,785,785,0
2022-02-07 11:59:00,785,785,785,785,0
2022-02-07 12:00:00,785,785,785,785,0
2022-02-07 12:01:00,785,785,785,785,0
2022-02-07 12:02:00,785,785,785,785,0
2022-02-07 12:03:00,785,785,785,785,0
2022-02-07 12:04:00,785,785,785,785,0
2022-02-07 12:05:00,785,785,785,785,0
2022-02-07 12:06:00,785,785,785,785,0
2022-02-07 12:07:00,785,785,785,785,0
2022-02-07 12:08:00,785,785,785,785,0
2022-02-07 12:09:00,785,785,785,785,0
2022-02-07 12:10:00,785,785,785,785,0
2022-02-07 12:11:00,785,785,785,785,0
2022-02-07 12:12:00,785,785,785,785,0
2022-02-07 12:13:00,785,785,785,785,0
2022-02-07 12:14:00,785,785,785,785,0
2022-02-07 12:15:00,785,785,785,785,0
2022-02-07 12:16:00,785,785,785,785,0
2022-02-07 12:17:00,785,785,785,785,0
2022-02-07 12:18:00,785,785,785,785,0
2022-02-07 12:19:00,785,785,785,785,0
2022-02-07 12:20:00,785,785,785,785,0
2022-02-07 12:21:00,785,785,785,785,0
2022-02-07 12:22:00,785,785,785,785,0
2022-02-07 12:23:00,785,785,785,785,0
2022-02-07 12:24:00,785,785,785,785,0
2022-02-07 12:25:00,785,785,785,785,0
2022-02-07 12:26:00,785,785,785,785,0
2022-02-07 12:27:00,785,785,785,785,0
2022-02-07 12:28:00,785,785,785,785,0
2022-02-07 12:29:00,785,785,785,785,0
2022-02-07 12:30:00,785,785,785,785,0
2022-02-07 12:31:00,785,785,785,785,0
2022-02-07 12:32:00,785,785,785,785,0
2022-02-07 12:33:00,785,785,785,785,0
2022-02-07 12:34:00,785,785,785,785,0
2022-02-07 12:35:00,785,785,785,785,0
2022-02-07 12:36:00,785,785,785,785,0
2022-02-07 12:37:00,785,785,785,785,0
2022-02-07 12:38:00,785,785,785,785,0
2022-02-07 12:39:00,785,785,785,785,0
2022-02-07 12:40:00,785,785,785,785,0
2022-02-07 12:41:00,785,785,785,785,0
2022-02-07 12:42:00,785,785,785,785,0
2022-02-07 12:43:00,785,785,785,785,0
2022-02-07 12:44:00,785,785,785,785,0
2022-02-07 12:45:00,785,785,785,785,0
2022-02-07 12:46:00,785,785,785,785,0
2022-02-07 12:47:00,785,785,785,785,0
2022-02-07 12:48:00,785,785,785,785,0
2022-02-07 12:49:00,785,785,785,785,0
2022-02-07 12:50:00,785,785,785,785,0
2022-02-07 12:51:00,785,785,785,785,0
2022-02-07 12:52:00,785,785,785,785,0
2022-02-07 12:53:00,785,785,785,785,0
2022-02-07 12:54:00,785,785,785,785,0
2022-02-07 12:55:00,785,785,785,785,0
2022-02-07 12:56:00,785,785,785,785,0
2022-02-07 12:57:00,785,785,785,785,0
2022-02-07 12:58:00,785,785,785,785,0
2022-02-07 12:59:00,785,785,785,785,0
2022-02-07 13:00:00,785,785,785,785,0
2022-02-07 13:01:00,785,785,785,785,0
2022-02-07 13:02:00,785,785,785,785,0
2022-02-07 13:03:00,785,785,785,785,0
2022-02-07 13:04:00,785,785,785,785,0
2022-02-07 13:05:00,785,785,785,785,0
2022-02-07 13:06:00,785,785,785,785,0
2022-02-07 13:07:00,785,785,785,785,0
2022-02-07 13:08:00,785,785,785,785,0
2022-02-07 13:09:00,785,785,785,785,0
2022-02-07 13:10:00,785,785,785,785,0
2022-02-07 13:11:00,785,785,785,785,0
2022-02-07 13:12:00,785,785,785,785,0
2022-02-07 13:13:00,785,785,785,785,0
2022-02-07 13:14:00,785,785,785,785,0
2022-02-07 13:15:00,785,785,785,785,0
2022-02-07 13:16:00,785,785,785,785,0
2022-02-07 13:17:00,785,785,785,785,0
2022-02-07 13:18:00,785,785,785,785,0
2022-02-07 13:19:00,785,785,785,785,0
2022-02-07 13:20:00,785,785,785,785,0
2022-02-07 13:21:00,785,785,785,785,0
2022-02-07 13:22:00,785,785,785,785,0
2022-02-07 13:23:00,785,785,785,785,0
2022-02-07 13:24:00,785,785,785,785,0
2022-02-07 13:25:00,785,785,785,785,0
2022-02-07 13:26:00,785,785,785,785,0
2022-02-07 13:27:00,785,785,785,785,0
2022-02-07 13:28:00,785,785,785,785,0
2022-02-07 13:29:00,785,785,785,785,0
2022-02-07 13:30:00,785,785,785,785,0
2022-02-07 13:31:00,785,785,785,785,0
2022-02-07 13:32:00,785,785,785,785,0
2022-02-07 13:33:00,785,785,785,785,0
2022-02-07 13:34:00,785,785,785,785,0
2022-02-07 13:35:00,785,785,785,785,0
2022-02-07 13:36:00,785,785,785,785,0
2022-02-07 13:37:00,785,785,785,785,0
2022-02-07 13:38:00,785,785,785,785,0
2022-02-07 13:39:00,785,785,785,785,0
2022-02-07 13:40:00,785,785,785,785,0
2022-02-07 13:41:00,785,785,785,785,0
2022-02-07 13:42:00,785,785,785,785,0
2022-02-07 13:43:00,785,785,785,785,0
2022-02-07 13:44:00,785,785,785,785,0
2022-02-07 13:45:00,785,785,785,785,0
2022-02-07 13:46:00,785,785,785,785,0
2022-02-07 13:47:00,785,785,785,785,0
2022-02-07 13:48:00,785,785,785,785,0
2022-02-07 13:49:00,785,785,785,785,0
2022-02-07 13:50:00,785,785,785,785,0
2022-02-07 13:51:00,785,785,785,785,0
2022-02-07 13:52:00,785,785,785,785,0
2022-02-07 13:53:00,785,785,785,785,0
2022-02-07 13:54:00,785,785,785,785,0
2022-02-07 13:55:00,785,785,785,785,0
2022-02-07 13:56:00,785,785,785,785,0
2022-02-07 13:57:00,785,785,785,785,0
2022-02-07 13:58:00,785,785,785,785,0
2022-02-07 13:59:00,785,785,785,785,0
2022-02-07 14:00:00,785,785,785,785,0
2022-02-07 14:01:00,785,785,785,785,0
2022-02-07 14:02:00,785,785,785,785,0
2022-02-07 14:03:00,785,785,785,785,0
2022-02-07 14:04:00,785,785,785,785,0
2022-02-07 14:05:00,785,785,785,785,0
2022-02-07 14:06:00,785,785,785,785,0
2022-02-07 14:07:00,785,785,785,785,0
2022-02-07 14:08:00,785,785,785,785,0
2022-02-07 14:09:00,785,785,785,785,0
2022-02-07 14:10:00,785,785,785,785,0
2022-02-07 14:11:00,785,785,785,785,0
2022-02-07 14:12:00,785,785,785,785,0
2022-02-07 14:13:00,785,785,785,785,0
2022-02-07 14:14:00,785,785,785,785,0
2022-02-07 14:15:00,785,785,785,785,0
2022-02-07 14:16:00,785,785,785,785,0
2022-02-07 14:17:00,785,785,785,785,0
2022-02-07 14:18:00,785,785,785,785,0
2022-02-07 14:19:00,785,785,785,785,0
2022-02-07 14:20:00,785,785,785,785,0
2022-02-07 14:21:00,785,785,785,785,0
2022-02-07 14:22:00,785,785,785,785,0
2022-02-07 14:23:00,785,785,785,785,0
2022-02-07 14:24:00,785,785,785,785,0
2022-02-07 14:25:00,785,785,785,785,0
2022-02-07 14:26:00,785,785,785,785,0
2022-02-07 14:27:00,785,785,785,785,0
2022-02-07 14:28:00,785,785,785,785,0
2022-02-07 14:29:00,785,785,785,785,0
2022-02-07 14:30:00,785,785,785,785,0
2022-02-07 14:31:00,785,785,785,785,0
2022-02-07 14:32:00,785,785,785,785,0
2022-02-07 14:33:00,785,785,785,785,0
2022-02-07 14:34:00,785,785,785,785,0
2022-02-07 14:35:00,785,785,785,785,0
2022-02-07 14:36:00,785,785,785,785,0
2022-02-07 14:37:00,785,785,785,785,0
2022-02-07 14:38:00,785,785,785,785,0
2022-02-07 14:39:00,785,785,785,785,0
2022-02-07 14:40:00,785,785,785,785,0
2022-02-07 14:41:00,785,785,785,785,0
2022-02-07 14:42:00,785,785,785,785,0
2022-02-07 14:43:00,785,785,785,785,0
2022-02-07 14:44:00,785,785,785,785,0
2022-02-07 14:45:00,785,785,785,785,0
2022-02-07 14:46:00,785,785,785,785,0
2022-02-07 14:47:00,785,785,785,785,0
2022-02-07 14:48:00,785,785,785,785,0
2022-02-07 14:49:00,785,785,785,785,0
2022-02-07 14:50:00,785,785,785,785,0
2022-02-07 14:51:00,785,785,785,785,0
2022-02-07 14:52:00,785,785,785,785,0
2022-02-07 14:53:00,785,785,785,785,0
2022-02-07 14:54:00,785,785,785,785,0
2022-02-07 14:55:00,785,785,785,785,0
2022-02-07 14:56:00,785,785,785,785,0
2022-02-07 14:57:00,785,785,785,785,0
2022-02-07 14:58:00,785,785,785,785,0
2022-02-07 14:59:00,785,785,785,785,0
2022-02-07 15:00:00,785,785,785,785,0
2022-02-07 15:01:00,785,785,785,785,0
2022-02-07 15:02:00,785,785,785,785,0
2022-02-07 15:03:00,785,785,785,785,0
2022-02-07 15:04:00,785,785,785,785,0
2022-02-07 15:05:00,785,785,785,785,0
2022-02-07 15:06:00,785,785,785,785,0
2022-02-07 15:07:00,785,785,785,785,0
2022-02-07 15:08:00,785,785,785,785,0
2022-02-07 15:09:00,785,785,785,785,0
2022-02-07 15:10:00,785,785,785,785,0
2022-02-07 15:11:00,785,785,785,785,0
2022-02-07 15:12:00,785,785,785,785,0
2022-02-07 15:13:00,785,785,785,785,0
2022-02-07 15:14:00,785,785,785,785,0
2022-02-07 15:15:00,785,785,785,785,0
2022-02-07 15:16:00,785,785,785,785,0
2022-02-07 15:17:00,785,785,785,785,0
2022-02-07 15:18:00,785,785,785,785,0
2022-02-07 15:19:00,785,785,785,785,0
2022-02-07 15:20:00,785,785,785,785,0
2022-02-07 15:21:00,785,785,785,785,0
2022-02-07 15:22:00,785,785,785,785,0
2022-02-07 15:23:00,785,785,785,785,0
2022-02-07 15:24:00,785,785,785,785,0
2022-02-07 15:25:00,785,785,785,785,0
2022-02-07 15:26:00,785,785,785,785,0
2022-02-07 15:27:00,785,785,785,785,0
2022-02-07 15:28:00,785,785,785,785,0
2022-02-07 15:29:00,785,785,785,785,0
2022-02-07 15:30:00,785,785,785,785,0
2022-02-07 15:31:00,785,785,785,785,0
2022-02-07 15:32:00,785,785,785,785,0
2022-02-07 15:33:00,785,785,785,785,0
2022-02-07 15:34:00,785,785,785,785,0
2022-02-07 15:35:00,785,785,785,785,0
2022-02-07 15:36:00,785,785,785,785,0
2022-02-07 15:37:00,785,785,785,785,0
2022-02-07 15:38:00,785,785,785,785,0
2022-02-07 15:39:00,785,785,785,785,0
2022-02-07 15:40:00,785,785,785,785,0
2022-02-07 15:41:00,785,785,785,785,0
2022-02-07 15:42:00,785,785,785,785,0
2022-02-07 15:43:00,785,785,785,785,0
2022-02-07 15:44:00,785,785,785,785,0
2022-02-07 15:45:00,785,785,785,785,0
2022-02-07 15:46:00,785,785,785,785,0
2022-02-07 15:47:00,785,785,785,785,0
2022-02-07 15:48:00,785,785,785,785,0
2022-02-07 15:49:00,785,785,785,785,0
2022-02-07 15:50:00,785,785,785,785,0
2022-02-07 15:51:00,785,785,785,785,0
2022-02-07 15:52:00,785,785,785,785,0
2022-02-07 15:53:00,785,785,785,785,0
2022-02-07 15:54:00,785,785,785,785,0
2022-02-07 15:55:00,785,785,785,785,0
2022-02-07 15:56:00,785,785,785,785,0
2022-02-07 15:57:00,785,785,785,785,0
2022-02-07 15:58:00,785,785,785,785,0
2022-02-07 15:59:00,785,785,785,785,0
2022-02-08 09:00:00,785,780,785,780,20100
2022-02-08 09:01:00,785,785,785,785,800
2022-02-08 09:02:00,785,785,785,785,1000
2022-02-08 09:03:00,785,785,785,785,0
2022-02-08 09:04:00,785,780,785,785,14900
2022-02-08 09:05:00,785,785,785,785,2300
2022-02-08 09:06:00,780,780,780,780,3000
2022-02-08 09:07:00,780,780,780,780,3600
2022-02-08 09:08:00,780,780,780,780,1500
2022-02-08 09:09:00,775,775,780,780,1300
2022-02-08 09:10:00,775,775,780,780,0
2022-02-08 09:11:00,775,775,780,780,0
2022-02-08 09:12:00,775,775,780,780,0
2022-02-08 09:13:00,780,780,780,780,2800
2022-02-08 09:14:00,780,780,780,780,0
2022-02-08 09:15:00,780,780,780,780,1200
2022-02-08 09:16:00,780,780,780,780,0
2022-02-08 09:17:00,780,780,780,780,0
2022-02-08 09:18:00,780,780,780,780,0
2022-02-08 09:19:00,780,780,780,780,0
2022-02-08 09:20:00,780,780,780,780,0
2022-02-08 09:21:00,775,775,780,780,2300
2022-02-08 09:22:00,775,775,780,780,0
2022-02-08 09:23:00,775,775,780,780,0
2022-02-08 09:24:00,775,775,780,780,0
2022-02-08 09:25:00,775,775,780,780,0
2022-02-08 09:26:00,775,775,780,780,300
2022-02-08 09:27:00,775,775,780,780,0
2022-02-08 09:28:00,775,775,780,780,0
2022-02-08 09:29:00,775,775,780,780,0
2022-02-08 09:30:00,780,780,780,780,1400
2022-02-08 09:31:00,780,780,780,780,0
2022-02-08 09:32:00,780,780,780,780,0
2022-02-08 09:33:00,775,775,780,780,4700
2022-02-08 09:34:00,775,775,780,780,20200
2022-02-08 09:35:00,775,775,780,780,0
2022-02-08 09:36:00,775,775,780,780,0
2022-02-08 09:37:00,775,775,775,775,1000
2022-02-08 09:38:00,775,775,775,775,4200
2022-02-08 09:39:00,780,780,780,780,1300
2022-02-08 09:40:00,780,780,780,780,500
2022-02-08 09:41:00,780,780,780,780,0
2022-02-08 09:42:00,780,780,780,780,1100
2022-02-08 09:43:00,780,780,780,780,0
2022-02-08 09:44:00,780,780,780,780,100
2022-02-08 09:45:00,780,780,780,780,0
2022-02-08 09:46:00,780,780,780,780,0
2022-02-08 09:47:00,775,775,775,775,500
2022-02-08 09:48:00,775,775,780,775,10200
2022-02-08 09:49:00,775,775,780,775,0
2022-02-08 09:50:00,775,775,780,775,0
2022-02-08 09:51:00,770,770,770,770,9500
2022-02-08 09:52:00,775,775,775,775,300
2022-02-08 09:53:00,775,775,775,775,600
2022-02-08 09:54:00,775,775,780,780,1900
2022-02-08 09:55:00,780,780,780,780,1200
2022-02-08 09:56:00,780,780,780,780,0
2022-02-08 09:57:00,780,780,780,780,0
2022-02-08 09:58:00,780,780,780,780,0
2022-02-08 09:59:00,780,780,780,780,0
2022-02-08 10:00:00,780,780,780,780,0
2022-02-08 10:01:00,780,780,780,780,0
2022-02-08 10:02:00,780,780,780,780,0
2022-02-08 10:03:00,780,780,780,780,0
2022-02-08 10:04:00,780,780,780,780,1100
2022-02-08 10:05:00,775,770,775,770,19000
2022-02-08 10:06:00,765,765,765,765,3300
2022-02-08 10:07:00,770,770,770,770,400
2022-02-08 10:08:00,770,770,775,770,2900
2022-02-08 10:09:00,770,770,775,770,0
2022-02-08 10:10:00,770,770,775,770,0
2022-02-08 10:11:00,770,770,770,770,4000
2022-02-08 10:12:00,770,770,770,770,2000
2022-02-08 10:13:00,770,770,775,775,5600
2022-02-08 10:14:00,770,770,775,775,0
2022-02-08 10:15:00,770,770,770,770,600
2022-02-08 10:16:00,770,770,775,775,800
2022-02-08 10:17:00,775,770,775,775,1900
2022-02-08 10:18:00,775,770,775,775,0
2022-02-08 10:19:00,775,770,775,775,0
2022-02-08 10:20:00,775,770,775,775,0
2022-02-08 10:21:00,775,770,775,775,0
2022-02-08 10:22:00,775,770,775,775,0
2022-02-08 10:23:00,775,775,775,775,200
2022-02-08 10:24:00,775,775,775,775,0
2022-02-08 10:25:00,775,775,775,775,1700
2022-02-08 10:26:00,775,775,775,775,0
2022-02-08 10:27:00,775,775,775,775,0
2022-02-08 10:28:00,775,775,775,775,0
2022-02-08 10:29:00,775,775,775,775,0
2022-02-08 10:30:00,775,775,775,775,900
2022-02-08 10:31:00,775,775,775,775,0
2022-02-08 10:32:00,775,775,775,775,0
2022-02-08 10:33:00,775,775,775,775,600
2022-02-08 10:34:00,775,775,775,775,0
2022-02-08 10:35:00,775,775,775,775,0
2022-02-08 10:36:00,775,775,775,775,0
2022-02-08 10:37:00,775,775,775,775,0
2022-02-08 10:38:00,775,775,775,775,1000
2022-02-08 10:39:00,775,775,775,775,0
2022-02-08 10:40:00,775,775,775,775,0
2022-02-08 10:41:00,775,775,775,775,0
2022-02-08 10:42:00,775,775,775,775,0
2022-02-08 10:43:00,770,770,770,770,6100
2022-02-08 10:44:00,770,770,775,775,900
2022-02-08 10:45:00,770,770,775,775,0
2022-02-08 10:46:00,770,770,775,775,0
2022-02-08 10:47:00,770,770,775,775,0
2022-02-08 10:48:00,770,770,775,775,0
2022-02-08 10:49:00,770,770,775,775,0
2022-02-08 10:50:00,770,770,775,775,0
2022-02-08 10:51:00,770,770,775,775,0
2022-02-08 10:52:00,775,775,775,775,700
2022-02-08 10:53:00,775,775,775,775,0
2022-02-08 10:54:00,775,775,775,775,0
2022-02-08 10:55:00,775,775,775,775,0
2022-02-08 10:56:00,775,775,775,775,500
2022-02-08 10:57:00,775,775,775,775,0
2022-02-08 10:58:00,775,775,775,775,0
2022-02-08 10:59:00,775,775,775,775,0
2022-02-08 11:00:00,775,775,775,775,0
2022-02-08 11:01:00,775,775,775,775,0
2022-02-08 11:02:00,775,775,775,775,1700
2022-02-08 11:03:00,775,775,775,775,0
2022-02-08 11:04:00,775,775,775,775,0
2022-02-08 11:05:00,775,775,775,775,0
2022-02-08 11:06:00,775,775,775,775,20000
2022-02-08 11:07:00,775,775,775,775,0
2022-02-08 11:08:00,775,775,775,775,0
2022-02-08 11:09:00,775,775,775,775,0
2022-02-08 11:10:00,775,775,775,775,1000
2022-02-08 11:11:00,775,775,775,775,0
2022-02-08 11:12:00,775,775,775,775,0
2022-02-08 11:13:00,775,775,775,775,0
2022-02-08 11:14:00,775,775,775,775,11000
2022-02-08 11:15:00,775,775,775,775,0
2022-02-08 11:16:00,775,775,775,775,1000
2022-02-08 11:17:00,775,775,775,775,0
2022-02-08 11:18:00,775,775,775,775,0
2022-02-08 11:19:00,775,775,775,775,200
2022-02-08 11:20:00,775,775,775,775,400
2022-02-08 11:21:00,775,775,775,775,200
2022-02-08 11:22:00,775,775,775,775,200
2022-02-08 11:23:00,775,775,775,775,0
2022-02-08 11:24:00,775,775,775,775,0
2022-02-08 11:25:00,775,775,775,775,200
2022-02-08 11:26:00,775,775,775,775,200
2022-02-08 11:27:00,775,775,775,775,200
2022-02-08 11:28:00,775,775,775,775,0
2022-02-08 11:29:00,775,775,775,775,400
2022-02-08 11:30:00,775,775,775,775,0
2022-02-08 11:31:00,775,775,775,775,0
2022-02-08 11:32:00,775,775,775,775,0
2022-02-08 11:33:00,775,775,775,775,0
2022-02-08 11:34:00,775,775,775,775,0
2022-02-08 11:35:00,775,775,775,775,0
2022-02-08 11:36:00,775,775,775,775,0
2022-02-08 11:37:00,775,775,775,775,0
2022-02-08 11:38:00,775,775,775,775,0
2022-02-08 11:39:00,775,775,775,775,0
2022-02-08 11:40:00,775,775,775,775,0
2022-02-08 11:41:00,775,775,775,775,0
2022-02-08 11:42:00,775,775,775,775,0
2022-02-08 11:43:00,775,775,775,775,0
2022-02-08 11:44:00,775,775,775,775,0
2022-02-08 11:45:00,775,775,775,775,0
2022-02-08 11:46:00,775,775,775,775,0
2022-02-08 11:47:00,775,775,775,775,0
2022-02-08 11:48:00,775,775,775,775,0
2022-02-08 11:49:00,775,775,775,775,0
2022-02-08 11:50:00,775,775,775,775,0
2022-02-08 11:51:00,775,775,775,775,0
2022-02-08 11:52:00,775,775,775,775,0
2022-02-08 11:53:00,775,775,775,775,0
2022-02-08 11:54:00,775,775,775,775,0
2022-02-08 11:55:00,775,775,775,775,0
2022-02-08 11:56:00,775,775,775,775,0
2022-02-08 11:57:00,775,775,775,775,0
2022-02-08 11:58:00,775,775,775,775,0
2022-02-08 11:59:00,775,775,775,775,0
2022-02-08 12:00:00,775,775,775,775,0
2022-02-08 12:01:00,775,775,775,775,0
2022-02-08 12:02:00,775,775,775,775,0
2022-02-08 12:03:00,775,775,775,775,0
2022-02-08 12:04:00,775,775,775,775,0
2022-02-08 12:05:00,775,775,775,775,0
2022-02-08 12:06:00,775,775,775,775,0
2022-02-08 12:07:00,775,775,775,775,0
2022-02-08 12:08:00,775,775,775,775,0
2022-02-08 12:09:00,775,775,775,775,0
2022-02-08 12:10:00,775,775,775,775,0
2022-02-08 12:11:00,775,775,775,775,0
2022-02-08 12:12:00,775,775,775,775,0
2022-02-08 12:13:00,775,775,775,775,0
2022-02-08 12:14:00,775,775,775,775,0
2022-02-08 12:15:00,775,775,775,775,0
2022-02-08 12:16:00,775,775,775,775,0
2022-02-08 12:17:00,775,775,775,775,0
2022-02-08 12:18:00,775,775,775,775,0
2022-02-08 12:19:00,775,775,775,775,0
2022-02-08 12:20:00,775,775,775,775,0
2022-02-08 12:21:00,775,775,775,775,0
2022-02-08 12:22:00,775,775,775,775,0
2022-02-08 12:23:00,775,775,775,775,0
2022-02-08 12:24:00,775,775,775,775,0
2022-02-08 12:25:00,775,775,775,775,0
2022-02-08 12:26:00,775,775,775,775,0
2022-02-08 12:27:00,775,775,775,775,0
2022-02-08 12:28:00,775,775,775,775,0
2022-02-08 12:29:00,775,775,775,775,0
2022-02-08 12:30:00,775,775,775,775,0
2022-02-08 12:31:00,775,775,775,775,0
2022-02-08 12:32:00,775,775,775,775,0
2022-02-08 12:33:00,775,775,775,775,0
2022-02-08 12:34:00,775,775,775,775,0
2022-02-08 12:35:00,775,775,775,775,0
2022-02-08 12:36:00,775,775,775,775,0
2022-02-08 12:37:00,775,775,775,775,0
2022-02-08 12:38:00,775,775,775,775,0
2022-02-08 12:39:00,775,775,775,775,0
2022-02-08 12:40:00,775,775,775,775,0
2022-02-08 12:41:00,775,775,775,775,0
2022-02-08 12:42:00,775,775,775,775,0
2022-02-08 12:43:00,775,775,775,775,0
2022-02-08 12:44:00,775,775,775,775,0
2022-02-08 12:45:00,775,775,775,775,0
2022-02-08 12:46:00,775,775,775,775,0
2022-02-08 12:47:00,775,775,775,775,0
2022-02-08 12:48:00,775,775,775,775,0
2022-02-08 12:49:00,775,775,775,775,0
2022-02-08 12:50:00,775,775,775,775,0
2022-02-08 12:51:00,775,775,775,775,0
2022-02-08 12:52:00,775,775,775,775,0
2022-02-08 12:53:00,775,775,775,775,0
2022-02-08 12:54:00,775,775,775,775,0
2022-02-08 12:55:00,775,775,775,775,0
2022-02-08 12:56:00,775,775,775,775,0
2022-02-08 12:57:00,775,775,775,775,0
2022-02-08 12:58:00,775,775,775,775,0
2022-02-08 12:59:00,775,775,775,775,0
2022-02-08 13:00:00,775,775,775,775,0
2022-02-08 13:01:00,775,775,775,775,0
2022-02-08 13:02:00,775,775,775,775,0
2022-02-08 13:03:00,775,775,775,775,0
2022-02-08 13:04:00,775,775,775,775,0
2022-02-08 13:05:00,775,775,775,775,0
2022-02-08 13:06:00,775,775,775,775,0
2022-02-08 13:07:00,775,775,775,775,0
2022-02-08 13:08:00,775,775,775,775,0
2022-02-08 13:09:00,775,775,775,775,0
2022-02-08 13:10:00,775,775,775,775,0
2022-02-08 13:11:00,775,775,775,775,0
2022-02-08 13:12:00,775,775,775,775,0
2022-02-08 13:13:00,775,775,775,775,0
2022-02-08 13:14:00,775,775,775,775,0
2022-02-08 13:15:00,775,775,775,775,0
2022-02-08 13:16:00,775,775,775,775,0
2022-02-08 13:17:00,775,775,775,775,0
2022-02-08 13:18:00,775,775,775,775,0
2022-02-08 13:19:00,775,775,775,775,0
2022-02-08 13:20:00,775,775,775,775,0
2022-02-08 13:21:00,775,775,775,775,0
2022-02-08 13:22:00,775,775,775,775,0
2022-02-08 13:23:00,775,775,775,775,0
2022-02-08 13:24:00,775,775,775,775,0
2022-02-08 13:25:00,775,775,775,775,0
2022-02-08 13:26:00,775,775,775,775,0
2022-02-08 13:27:00,775,775,775,775,0
2022-02-08 13:28:00,775,775,775,775,0
2022-02-08 13:29:00,775,775,775,775,0
2022-02-08 13:30:00,775,775,775,775,1100
2022-02-08 13:31:00,775,775,775,775,1300
2022-02-08 13:32:00,770,770,770,770,2000
2022-02-08 13:33:00,770,770,775,775,700
2022-02-08 13:34:00,775,775,775,775,800
2022-02-08 13:35:00,775,775,775,775,0
2022-02-08 13:36:00,775,775,775,775,1200
2022-02-08 13:37:00,775,775,775,775,1000
2022-02-08 13:38:00,775,775,775,775,1200
2022-02-08 13:39:00,775,775,775,775,0
2022-02-08 13:40:00,770,770,775,775,10300
2022-02-08 13:41:00,775,775,775,775,600
2022-02-08 13:42:00,775,775,775,775,0
2022-02-08 13:43:00,775,775,775,775,0
2022-02-08 13:44:00,775,775,775,775,0
2022-02-08 13:45:00,775,775,775,775,0
2022-02-08 13:46:00,775,775,775,775,0
2022-02-08 13:47:00,775,775,775,775,0
2022-02-08 13:48:00,775,775,775,775,0
2022-02-08 13:49:00,775,775,775,775,0
2022-02-08 13:50:00,775,775,775,775,0
2022-02-08 13:51:00,775,775,775,775,0
2022-02-08 13:52:00,775,775,775,775,0
2022-02-08 13:53:00,775,775,775,775,0
2022-02-08 13:54:00,775,770,775,770,5200
2022-02-08 13:55:00,775,775,775,775,300
2022-02-08 13:56:00,770,770,770,770,1600
2022-02-08 13:57:00,765,765,770,770,3200
2022-02-08 13:58:00,765,765,770,770,0
2022-02-08 13:59:00,765,765,770,770,0
2022-02-08 14:00:00,765,765,770,770,0
2022-02-08 14:01:00,770,770,770,770,2300
2022-02-08 14:02:00,770,770,770,770,0
2022-02-08 14:03:00,770,770,770,770,0
2022-02-08 14:04:00,770,770,770,770,0
2022-02-08 14:05:00,770,770,770,770,700
2022-02-08 14:06:00,765,765,775,775,37900
2022-02-08 14:07:00,780,780,780,780,300
2022-02-08 14:08:00,780,780,780,780,0
2022-02-08 14:09:00,780,780,780,780,0
2022-02-08 14:10:00,780,775,780,780,9200
2022-02-08 14:11:00,780,775,780,780,0
2022-02-08 14:12:00,780,775,780,780,0
2022-02-08 14:13:00,780,780,780,780,700
2022-02-08 14:14:00,780,780,780,780,0
2022-02-08 14:15:00,780,780,780,780,0
2022-02-08 14:16:00,780,780,780,780,0
2022-02-08 14:17:00,780,780,780,780,0
2022-02-08 14:18:00,780,780,780,780,0
2022-02-08 14:19:00,780,780,780,780,1200
2022-02-08 14:20:00,780,780,780,780,0
2022-02-08 14:21:00,780,780,780,780,0
2022-02-08 14:22:00,780,780,780,780,0
2022-02-08 14:23:00,780,780,780,780,0
2022-02-08 14:24:00,780,780,780,780,900
2022-02-08 14:25:00,780,780,780,780,0
2022-02-08 14:26:00,780,780,780,780,0
2022-02-08 14:27:00,780,780,780,780,0
2022-02-08 14:28:00,780,780,780,780,500
2022-02-08 14:29:00,775,775,775,775,1000
2022-02-08 14:30:00,775,775,775,775,0
2022-02-08 14:31:00,780,780,780,780,1100
2022-02-08 14:32:00,780,780,780,780,0
2022-02-08 14:33:00,780,780,780,780,0
2022-02-08 14:34:00,780,780,780,780,0
2022-02-08 14:35:00,780,780,780,780,0
2022-02-08 14:36:00,780,780,780,780,0
2022-02-08 14:37:00,780,780,780,780,0
2022-02-08 14:38:00,780,780,780,780,0
2022-02-08 14:39:00,775,770,780,780,6400
2022-02-08 14:40:00,775,775,775,775,300
2022-02-08 14:41:00,780,780,780,780,400
2022-02-08 14:42:00,780,780,780,780,1000
2022-02-08 14:43:00,780,765,780,780,120100
2022-02-08 14:44:00,780,780,785,785,80100
2022-02-08 14:45:00,785,785,785,785,26500
2022-02-08 14:46:00,785,785,785,785,0
2022-02-08 14:47:00,780,780,785,785,11900
2022-02-08 14:48:00,785,785,785,785,1400
2022-02-08 14:49:00,785,780,785,785,4700
2022-02-08 14:50:00,785,780,785,785,0
2022-02-08 14:51:00,785,780,785,785,0
2022-02-08 14:52:00,785,780,785,785,0
2022-02-08 14:53:00,785,780,785,785,0
2022-02-08 14:54:00,785,780,785,785,0
2022-02-08 14:55:00,785,780,785,785,0
2022-02-08 14:56:00,785,780,785,785,0
2022-02-08 14:57:00,785,780,785,785,0
2022-02-08 14:58:00,785,780,785,785,0
2022-02-08 14:59:00,785,780,785,785,0
2022-02-08 15:00:00,780,780,780,780,76600
2022-02-08 15:01:00,780,780,780,780,3000
2022-02-08 15:02:00,780,780,780,780,1000
2022-02-08 15:03:00,780,780,780,780,0
2022-02-08 15:04:00,780,780,780,780,0
2022-02-08 15:05:00,780,780,780,780,0
2022-02-08 15:06:00,780,780,780,780,0
2022-02-08 15:07:00,780,780,780,780,0
2022-02-08 15:08:00,780,780,780,780,5000
2022-02-08 15:09:00,780,780,780,780,0
2022-02-08 15:10:00,780,780,780,780,0
2022-02-08 15:11:00,780,780,780,780,0
2022-02-08 15:12:00,780,780,780,780,0
2022-02-08 15:13:00,780,780,780,780,0
2022-02-08 15:14:00,780,780,780,780,0
2022-02-08 15:15:00,780,780,780,780,0
2022-02-08 15:16:00,780,780,780,780,0
2022-02-08 15:17:00,780,780,780,780,0
2022-02-08 15:18:00,780,780,780,780,0
2022-02-08 15:19:00,780,780,780,780,0
2022-02-08 15:20:00,780,780,780,780,0
2022-02-08 15:21:00,780,780,780,780,0
2022-02-08 15:22:00,780,780,780,780,0
2022-02-08 15:23:00,780,780,780,780,0
2022-02-08 15:24:00,780,780,780,780,0
2022-02-08 15:25:00,780,780,780,780,0
2022-02-08 15:26:00,780,780,780,780,0
2022-02-08 15:27:00,780,780,780,780,0
2022-02-08 15:28:00,780,780,780,780,0
2022-02-08 15:29:00,780,780,780,780,0
2022-02-08 15:30:00,780,780,780,780,0
2022-02-08 15:31:00,780,780,780,780,0
2022-02-08 15:32:00,780,780,780,780,0
2022-02-08 15:33:00,780,780,780,780,0
2022-02-08 15:34:00,780,780,780,780,0
2022-02-08 15:35:00,780,780,780,780,0
2022-02-08 15:36:00,780,780,780,780,0
2022-02-08 15:37:00,780,780,780,780,0
2022-02-08 15:38:00,780,780,780,780,0
2022-02-08 15:39:00,780,780,780,780,0
2022-02-08 15:40:00,780,780,780,780,0
2022-02-08 15:41:00,780,780,780,780,0
2022-02-08 15:42:00,780,780,780,780,0
2022-02-08 15:43:00,780,780,780,780,0
2022-02-08 15:44:00,780,780,780,780,0
2022-02-08 15:45:00,780,780,780,780,0
2022-02-08 15:46:00,780,780,780,780,0
2022-02-08 15:47:00,780,780,780,780,0
2022-02-08 15:48:00,780,780,780,780,0
2022-02-08 15:49:00,780,780,780,780,0
2022-02-08 15:50:00,780,780,780,780,0
2022-02-08 15:51:00,780,780,780,780,0
2022-02-08 15:52:00,780,780,780,780,0
2022-02-08 15:53:00,780,780,780,780,0
2022-02-08 15:54:00,780,780,780,780,0
2022-02-08 15:55:00,780,780,780,780,0
2022-02-08 15:56:00,780,780,780,780,0
2022-02-08 15:57:00,780,780,780,780,0
2022-02-08 15:58:00,780,780,780,780,0
2022-02-08 15:59:00,780,780,780,780,0
2022-02-09 09:00:00,780,780,780,780,0
2022-02-09 09:01:00,780,780,780,780,0
2022-02-09 09:02:00,780,780,780,780,1000
2022-02-09 09:03:00,780,780,780,780,700
2022-02-09 09:04:00,775,775,775,775,12900
2022-02-09 09:05:00,780,775,780,780,4700
2022-02-09 09:06:00,780,775,780,780,0
2022-02-09 09:07:00,780,775,780,780,0
2022-02-09 09:08:00,780,780,780,780,300
2022-02-09 09:09:00,780,780,780,780,0
2022-02-09 09:10:00,780,780,780,780,0
2022-02-09 09:11:00,780,780,780,780,0
2022-02-09 09:12:00,780,780,780,780,200
2022-02-09 09:13:00,780,780,780,780,0
2022-02-09 09:14:00,780,780,780,780,0
2022-02-09 09:15:00,780,780,780,780,200
2022-02-09 09:16:00,780,780,780,780,200
2022-02-09 09:17:00,780,780,780,780,1000
2022-02-09 09:18:00,780,780,780,780,0
2022-02-09 09:19:00,780,780,780,780,0
2022-02-09 09:20:00,775,775,775,775,2900
2022-02-09 09:21:00,770,770,770,770,6000
2022-02-09 09:22:00,770,770,770,770,0
2022-02-09 09:23:00,770,770,770,770,8800
2022-02-09 09:24:00,770,770,775,775,15600
2022-02-09 09:25:00,770,770,775,775,0
2022-02-09 09:26:00,770,770,775,775,0
2022-02-09 09:27:00,770,770,775,775,0
2022-02-09 09:28:00,770,770,775,775,0
2022-02-09 09:29:00,775,775,775,775,1700
2022-02-09 09:30:00,775,775,775,775,0
2022-02-09 09:31:00,775,775,775,775,0
2022-02-09 09:32:00,775,775,775,775,0
2022-02-09 09:33:00,775,775,775,775,0
2022-02-09 09:34:00,775,775,775,775,200
2022-02-09 09:35:00,775,775,775,775,800
2022-02-09 09:36:00,775,775,775,775,0
2022-02-09 09:37:00,775,775,775,775,0
2022-02-09 09:38:00,775,775,775,775,0
2022-02-09 09:39:00,775,775,775,775,0
2022-02-09 09:40:00,775,775,775,775,200
2022-02-09 09:41:00,775,775,775,775,800
2022-02-09 09:42:00,775,775,775,775,200
2022-02-09 09:43:00,775,775,775,775,0
2022-02-09 09:44:00,775,775,775,775,100
2022-02-09 09:45:00,775,775,775,775,0
2022-02-09 09:46:00,775,775,775,775,0
2022-02-09 09:47:00,775,775,775,775,0
2022-02-09 09:48:00,775,775,775,775,100
2022-02-09 09:49:00,775,775,775,775,300
2022-02-09 09:50:00,775,775,775,775,0
2022-02-09 09:51:00,775,775,775,775,0
2022-02-09 09:52:00,775,775,775,775,0
2022-02-09 09:53:00,775,775,775,775,0
2022-02-09 09:54:00,775,775,775,775,0
2022-02-09 09:55:00,775,775,775,775,0
2022-02-09 09:56:00,775,775,775,775,0
2022-02-09 09:57:00,775,775,775,775,0
2022-02-09 09:58:00,775,775,775,775,0
2022-02-09 09:59:00,775,775,775,775,0
2022-02-09 10:00:00,775,775,775,775,0
2022-02-09 10:01:00,775,775,775,775,0
2022-02-09 10:02:00,775,775,775,775,0
2022-02-09 10:03:00,770,770,775,775,5300
2022-02-09 10:04:00,770,770,770,770,500
2022-02-09 10:05:00,765,765,770,765,18800
2022-02-09 10:06:00,770,770,770,770,700
2022-02-09 10:07:00,770,770,770,770,0
2022-02-09 10:08:00,770,770,770,770,0
2022-02-09 10:09:00,770,770,770,770,1800
2022-02-09 10:10:00,770,770,770,770,0
2022-02-09 10:11:00,770,770,770,770,0
2022-02-09 10:12:00,770,770,770,770,0
2022-02-09 10:13:00,770,770,770,770,0
2022-02-09 10:14:00,770,770,770,770,0
2022-02-09 10:15:00,770,770,770,770,0
2022-02-09 10:16:00,770,770,770,770,2000
2022-02-09 10:17:00,770,770,770,770,0
2022-02-09 10:18:00,765,765,770,770,8200
2022-02-09 10:19:00,765,765,770,770,0
2022-02-09 10:20:00,765,765,770,770,0
2022-02-09 10:21:00,765,765,770,770,0
2022-02-09 10:22:00,770,770,770,770,100
2022-02-09 10:23:00,770,770,770,770,0
2022-02-09 10:24:00,770,770,770,770,0
2022-02-09 10:25:00,770,770,770,770,0
2022-02-09 10:26:00,765,760,780,780,204500
2022-02-09 10:27:00,775,775,775,775,9500
2022-02-09 10:28:00,775,775,775,775,0
2022-02-09 10:29:00,775,775,775,775,1300
2022-02-09 10:30:00,775,775,775,775,0
2022-02-09 10:31:00,775,775,775,775,0
2022-02-09 10:32:00,775,775,775,775,0
2022-02-09 10:33:00,775,775,775,775,500
2022-02-09 10:34:00,775,775,775,775,0
2022-02-09 10:35:00,775,775,775,775,0
2022-02-09 10:36:00,775,775,775,775,0
2022-02-09 10:37:00,775,775,775,775,800
2022-02-09 10:38:00,775,775,775,775,0
2022-02-09 10:39:00,775,775,775,775,0
2022-02-09 10:40:00,775,775,775,775,0
2022-02-09 10:41:00,775,775,775,775,0
2022-02-09 10:42:00,775,775,775,775,0
2022-02-09 10:43:00,775,775,775,775,0
2022-02-09 10:44:00,775,775,775,775,0
2022-02-09 10:45:00,775,775,775,775,0
2022-02-09 10:46:00,775,775,775,775,200
2022-02-09 10:47:00,775,775,775,775,0
2022-02-09 10:48:00,775,775,775,775,0
2022-02-09 10:49:00,775,775,775,775,0
2022-02-09 10:50:00,775,775,775,775,0
2022-02-09 10:51:00,775,775,775,775,0
2022-02-09 10:52:00,775,775,775,775,0
2022-02-09 10:53:00,770,770,770,770,100
2022-02-09 10:54:00,775,775,775,775,200
2022-02-09 10:55:00,775,775,775,775,0
2022-02-09 10:56:00,775,775,775,775,0
2022-02-09 10:57:00,775,775,775,775,0
2022-02-09 10:58:00,775,775,775,775,0
2022-02-09 10:59:00,775,775,775,775,0
2022-02-09 11:00:00,775,775,775,775,0
2022-02-09 11:01:00,775,775,775,775,0
2022-02-09 11:02:00,775,775,775,775,0
2022-02-09 11:03:00,775,775,775,775,0
2022-02-09 11:04:00,775,775,775,775,200
2022-02-09 11:05:00,775,775,775,775,0
2022-02-09 11:06:00,775,775,775,775,0
2022-02-09 11:07:00,775,775,775,775,0
2022-02-09 11:08:00,775,775,775,775,0
2022-02-09 11:09:00,775,775,775,775,0
2022-02-09 11:10:00,775,775,775,775,0
2022-02-09 11:11:00,775,775,775,775,0
2022-02-09 11:12:00,775,775,775,775,0
2022-02-09 11:13:00,775,775,775,775,0
2022-02-09 11:14:00,775,775,775,775,0
2022-02-09 11:15:00,775,775,775,775,0
2022-02-09 11:16:00,775,775,775,775,200
2022-02-09 11:17:00,775,775,775,775,0
2022-02-09 11:18:00,775,775,775,775,0
2022-02-09 11:19:00,775,775,775,775,0
2022-02-09 11:20:00,775,775,775,775,0
2022-02-09 11:21:00,775,775,775,775,0
2022-02-09 11:22:00,775,775,775,775,0
2022-02-09 11:23:00,775,775,775,775,0
2022-02-09 11:24:00,775,775,775,775,0
2022-02-09 11:25:00,775,775,775,775,0
2022-02-09 11:26:00,775,775,775,775,200
2022-02-09 11:27:00,775,775,775,775,200
2022-02-09 11:28:00,775,775,775,775,0
2022-02-09 11:29:00,775,775,775,775,300
2022-02-09 11:30:00,775,775,775,775,0
2022-02-09 11:31:00,775,775,775,775,0
2022-02-09 11:32:00,775,775,775,775,0
2022-02-09 11:33:00,775,775,775,775,0
2022-02-09 11:34:00,775,775,775,775,0
2022-02-09 11:35:00,775,775,775,775,0
2022-02-09 11:36:00,775,775,775,775,0
2022-02-09 11:37:00,775,775,775,775,0
2022-02-09 11:38:00,775,775,775,775,0
2022-02-09 11:39:00,775,775,775,775,0
2022-02-09 11:40:00,775,775,775,775,0
2022-02-09 11:41:00,775,775,775,775,0
2022-02-09 11:42:00,775,775,775,775,0
2022-02-09 11:43:00,775,775,775,775,0
2022-02-09 11:44:00,775,775,775,775,0
2022-02-09 11:45:00,775,775,775,775,0
2022-02-09 11:46:00,775,775,775,775,0
2022-02-09 11:47:00,775,775,775,775,0
2022-02-09 11:48:00,775,775,775,775,0
2022-02-09 11:49:00,775,775,775,775,0
2022-02-09 11:50:00,775,775,775,775,0
2022-02-09 11:51:00,775,775,775,775,0
2022-02-09 11:52:00,775,775,775,775,0
2022-02-09 11:53:00,775,775,775,775,0
2022-02-09 11:54:00,775,775,775,775,0
2022-02-09 11:55:00,775,775,775,775,0
2022-02-09 11:56:00,775,775,775,775,0
2022-02-09 11:57:00,775,775,775,775,0
2022-02-09 11:58:00,775,775,775,775,0
2022-02-09 11:59:00,775,775,775,775,0
2022-02-09 12:00:00,775,775,775,775,0
2022-02-09 12:01:00,775,775,775,775,0
2022-02-09 12:02:00,775,775,775,775,0
2022-02-09 12:03:00,775,775,775,775,0
2022-02-09 12:04:00,775,775,775,775,0
2022-02-09 12:05:00,775,775,775,775,0
2022-02-09 12:06:00,775,775,775,775,0
2022-02-09 12:07:00,775,775,775,775,0
2022-02-09 12:08:00,775,775,775,775,0
2022-02-09 12:09:00,775,775,775,775,0
2022-02-09 12:10:00,775,775,775,775,0
2022-02-09 12:11:00,775,775,775,775,0
2022-02-09 12:12:00,775,775,775,775,0
2022-02-09 12:13:00,775,775,775,775,0
2022-02-09 12:14:00,775,775,775,775,0
2022-02-09 12:15:00,775,775,775,775,0
2022-02-09 12:16:00,775,775,775,775,0
2022-02-09 12:17:00,775,775,775,775,0
2022-02-09 12:18:00,775,775,775,775,0
2022-02-09 12:19:00,775,775,775,775,0
2022-02-09 12:20:00,775,775,775,775,0
2022-02-09 12:21:00,775,775,775,775,0
2022-02-09 12:22:00,775,775,775,775,0
2022-02-09 12:23:00,775,775,775,775,0
2022-02-09 12:24:00,775,775,775,775,0
2022-02-09 12:25:00,775,775,775,775,0
2022-02-09 12:26:00,775,775,775,775,0
2022-02-09 12:27:00,775,775,775,775,0
2022-02-09 12:28:00,775,775,775,775,0
2022-02-09 12:29:00,775,775,775,775,0
2022-02-09 12:30:00,775,775,775,775,0
2022-02-09 12:31:00,775,775,775,775,0
2022-02-09 12:32:00,775,775,775,775,0
2022-02-09 12:33:00,775,775,775,775,0
2022-02-09 12:34:00,775,775,775,775,0
2022-02-09 12:35:00,775,775,775,775,0
2022-02-09 12:36:00,775,775,775,775,0
2022-02-09 12:37:00,775,775,775,775,0
2022-02-09 12:38:00,775,775,775,775,0
2022-02-09 12:39:00,775,775,775,775,0
2022-02-09 12:40:00,775,775,775,775,0
2022-02-09 12:41:00,775,775,775,775,0
2022-02-09 12:42:00,775,775,775,775,0
2022-02-09 12:43:00,775,775,775,775,0
2022-02-09 12:44:00,775,775,775,775,0
2022-02-09 12:45:00,775,775,775,775,0
2022-02-09 12:46:00,775,775,775,775,0
2022-02-09 12:47:00,775,775,775,775,0
2022-02-09 12:48:00,775,775,775,775,0
2022-02-09 12:49:00,775,775,775,775,0
2022-02-09 12:50:00,775,775,775,775,0
2022-02-09 12:51:00,775,775,775,775,0
2022-02-09 12:52:00,775,775,775,775,0
2022-02-09 12:53:00,775,775,775,775,0
2022-02-09 12:54:00,775,775,775,775,0
2022-02-09 12:55:00,775,775,775,775,0
2022-02-09 12:56:00,775,775,775,775,0
2022-02-09 12:57:00,775,775,775,775,0
2022-02-09 12:58:00,775,775,775,775,0
2022-02-09 12:59:00,775,775,775,775,0
2022-02-09 13:00:00,775,775,775,775,0
2022-02-09 13:01:00,775,775,775,775,0
2022-02-09 13:02:00,775,775,775,775,0
2022-02-09 13:03:00,775,775,775,775,0
2022-02-09 13:04:00,775,775,775,775,0
2022-02-09 13:05:00,775,775,775,775,0
2022-02-09 13:06:00,775,775,775,775,0
2022-02-09 13:07:00,775,775,775,775,0
2022-02-09 13:08:00,775,775,775,775,0
2022-02-09 13:09:00,775,775,775,775,0
2022-02-09 13:10:00,775,775,775,775,0
2022-02-09 13:11:00,775,775,775,775,0
2022-02-09 13:12:00,775,775,775,775,0
2022-02-09 13:13:00,775,775,775,775,0
2022-02-09 13:14:00,775,775,775,775,0
2022-02-09 13:15:00,775,775,775,775,0
2022-02-09 13:16:00,775,775,775,775,0
2022-02-09 13:17:00,775,775,775,775,0
2022-02-09 13:18:00,775,775,775,775,0
2022-02-09 13:19:00,775,775,775,775,0
2022-02-09 13:20:00,775,775,775,775,0
2022-02-09 13:21:00,775,775,775,775,0
2022-02-09 13:22:00,775,775,775,775,0
2022-02-09 13:23:00,775,775,775,775,0
2022-02-09 13:24:00,775,775,775,775,0
2022-02-09 13:25:00,775,775,775,775,0
2022-02-09 13:26:00,775,775,775,775,0
2022-02-09 13:27:00,775,775,775,775,0
2022-02-09 13:28:00,775,775,775,775,0
2022-02-09 13:29:00,775,775,775,775,0
2022-02-09 13:30:00,775,775,775,775,0
2022-02-09 13:31:00,775,775,775,775,0
2022-02-09 13:32:00,775,775,775,775,1600
2022-02-09 13:33:00,770,770,770,770,2500
2022-02-09 13:34:00,775,775,775,775,400
2022-02-09 13:35:00,775,775,775,775,0
2022-02-09 13:36:00,775,775,775,775,0
2022-02-09 13:37:00,775,775,775,775,0
2022-02-09 13:38:00,775,775,775,775,0
2022-02-09 13:39:00,775,775,775,775,0
2022-02-09 13:40:00,775,775,775,775,0
2022-02-09 13:41:00,775,775,775,775,0
2022-02-09 13:42:00,775,775,775,775,0
2022-02-09 13:43:00,775,775,775,775,0
2022-02-09 13:44:00,775,775,775,775,0
2022-02-09 13:45:00,775,775,775,775,1100
2022-02-09 13:46:00,775,775,775,775,0
2022-02-09 13:47:00,775,775,775,775,3000
2022-02-09 13:48:00,775,775,775,775,0
2022-02-09 13:49:00,775,775,775,775,4000
2022-02-09 13:50:00,775,775,775,775,0
2022-02-09 13:51:00,775,775,775,775,0
2022-02-09 13:52:00,775,775,775,775,4800
2022-02-09 13:53:00,775,775,775,775,0
2022-02-09 13:54:00,775,775,775,775,0
2022-02-09 13:55:00,775,775,775,775,0
2022-02-09 13:56:00,775,775,775,775,2100
2022-02-09 13:57:00,775,775,775,775,0
2022-02-09 13:58:00,770,770,770,770,1100
2022-02-09 13:59:00,770,770,770,770,2200
2022-02-09 14:00:00,770,770,770,770,1800
2022-02-09 14:01:00,765,765,765,765,4000
2022-02-09 14:02:00,770,770,770,770,300
2022-02-09 14:03:00,770,770,770,770,0
2022-02-09 14:04:00,770,770,770,770,0
2022-02-09 14:05:00,770,770,770,770,0
2022-02-09 14:06:00,770,770,770,770,0
2022-02-09 14:07:00,770,770,770,770,1900
2022-02-09 14:08:00,770,770,770,770,0
2022-02-09 14:09:00,770,770,770,770,1800
2022-02-09 14:10:00,770,770,770,770,1000
2022-02-09 14:11:00,770,770,770,770,0
2022-02-09 14:12:00,770,770,770,770,1000
2022-02-09 14:13:00,770,770,770,770,0
2022-02-09 14:14:00,770,770,770,770,1100
2022-02-09 14:15:00,770,770,770,770,1000
2022-02-09 14:16:00,770,770,770,770,1000
2022-02-09 14:17:00,770,770,770,770,1000
2022-02-09 14:18:00,770,770,770,770,0
2022-02-09 14:19:00,770,770,770,770,900
2022-02-09 14:20:00,770,770,770,770,0
2022-02-09 14:21:00,770,770,770,770,0
2022-02-09 14:22:00,770,770,770,770,0
2022-02-09 14:23:00,770,770,770,770,1100
2022-02-09 14:24:00,770,770,770,770,1000
2022-02-09 14:25:00,770,770,770,770,900
2022-02-09 14:26:00,770,770,770,770,1100
2022-02-09 14:27:00,765,765,765,765,3000
2022-02-09 14:28:00,770,770,770,770,300
2022-02-09 14:29:00,770,770,770,770,0
2022-02-09 14:30:00,770,770,770,770,0
2022-02-09 14:31:00,765,755,780,780,309400
2022-02-09 14:32:00,780,775,780,780,112500
2022-02-09 14:33:00,775,770,780,775,22000
2022-02-09 14:34:00,775,770,780,780,2200
2022-02-09 14:35:00,780,780,780,780,2600
2022-02-09 14:36:00,780,780,780,780,1900
2022-02-09 14:37:00,780,780,780,780,1000
2022-02-09 14:38:00,780,780,780,780,1600
2022-02-09 14:39:00,780,780,780,780,500
2022-02-09 14:40:00,780,775,780,775,4000
2022-02-09 14:41:00,780,780,780,780,400
2022-02-09 14:42:00,780,780,780,780,300
2022-02-09 14:43:00,780,775,780,775,1300
2022-02-09 14:44:00,775,775,780,780,4700
2022-02-09 14:45:00,780,780,780,780,300
2022-02-09 14:46:00,780,775,780,780,1200
2022-02-09 14:47:00,775,775,780,780,2700
2022-02-09 14:48:00,775,765,780,780,21800
2022-02-09 14:49:00,780,780,780,780,2600
2022-02-09 14:50:00,780,780,780,780,0
2022-02-09 14:51:00,780,780,780,780,0
2022-02-09 14:52:00,780,780,780,780,0
2022-02-09 14:53:00,780,780,780,780,0
2022-02-09 14:54:00,780,780,780,780,0
2022-02-09 14:55:00,780,780,780,780,0
2022-02-09 14:56:00,780,780,780,780,0
2022-02-09 14:57:00,780,780,780,780,0
2022-02-09 14:58:00,780,780,780,780,0
2022-02-09 14:59:00,780,780,780,780,0
2022-02-09 15:00:00,765,765,765,765,13100
2022-02-09 15:01:00,765,765,765,765,0
2022-02-09 15:02:00,765,765,765,765,0
2022-02-09 15:03:00,765,765,765,765,1300
2022-02-09 15:04:00,765,765,765,765,0
2022-02-09 15:05:00,765,765,765,765,0
2022-02-09 15:06:00,765,765,765,765,0
2022-02-09 15:07:00,765,765,765,765,0
2022-02-09 15:08:00,765,765,765,765,0
2022-02-09 15:09:00,765,765,765,765,0
2022-02-09 15:10:00,765,765,765,765,100
2022-02-09 15:11:00,765,765,765,765,700
2022-02-09 15:12:00,765,765,765,765,0
2022-02-09 15:13:00,765,765,765,765,500
2022-02-09 15:14:00,765,765,765,765,0
2022-02-09 15:15:00,765,765,765,765,0
2022-02-09 15:16:00,765,765,765,765,0
2022-02-09 15:17:00,765,765,765,765,0
2022-02-09 15:18:00,765,765,765,765,0
2022-02-09 15:19:00,765,765,765,765,0
2022-02-09 15:20:00,765,765,765,765,0
2022-02-09 15:21:00,765,765,765,765,0
2022-02-09 15:22:00,765,765,765,765,0
2022-02-09 15:23:00,765,765,765,765,0
2022-02-09 15:24:00,765,765,765,765,0
2022-02-09 15:25:00,765,765,765,765,0
2022-02-09 15:26:00,765,765,765,765,0
2022-02-09 15:27:00,765,765,765,765,0
2022-02-09 15:28:00,765,765,765,765,0
2022-02-09 15:29:00,765,765,765,765,0
2022-02-09 15:30:00,765,765,765,765,0
2022-02-09 15:31:00,765,765,765,765,0
2022-02-09 15:32:00,765,765,765,765,0
2022-02-09 15:33:00,765,765,765,765,0
2022-02-09 15:34:00,765,765,765,765,0
2022-02-09 15:35:00,765,765,765,765,0
2022-02-09 15:36:00,765,765,765,765,0
2022-02-09 15:37:00,765,765,765,765,0
2022-02-09 15:38:00,765,765,765,765,0
2022-02-09 15:39:00,765,765,765,765,0
2022-02-09 15:40:00,765,765,765,765,0
2022-02-09 15:41:00,765,765,765,765,0
2022-02-09 15:42:00,765,765,765,765,0
2022-02-09 15:43:00,765,765,765,765,0
2022-02-09 15:44:00,765,765,765,765,0
2022-02-09 15:45:00,765,765,765,765,0
2022-02-09 15:46:00,765,765,765,765,0
2022-02-09 15:47:00,765,765,765,765,0
2022-02-09 15:48:00,765,765,765,765,0
2022-02-09 15:49:00,765,765,765,765,0
2022-02-09 15:50:00,765,765,765,765,0
2022-02-09 15:51:00,765,765,765,765,0
2022-02-09 15:52:00,765,765,765,765,0
2022-02-09 15:53:00,765,765,765,765,0
2022-02-09 15:54:00,765,765,765,765,0
2022-02-09 15:55:00,765,765,765,765,0
2022-02-09 15:56:00,765,765,765,765,0
2022-02-09 15:57:00,765,765,765,765,0
2022-02-09 15:58:00,765,765,765,765,0
2022-02-09 15:59:00,765,765,765,765,0
2022-02-10 09:00:00,765,765,765,765,0
2022-02-10 09:01:00,765,765,765,765,4200
2022-02-10 09:02:00,765,765,765,765,2200
2022-02-10 09:03:00,765,765,765,765,0
2022-02-10 09:04:00,765,765,765,765,700
2022-02-10 09:05:00,765,765,765,765,0
2022-02-10 09:06:00,765,765,775,775,50000
2022-02-10 09:07:00,775,775,775,775,200
2022-02-10 09:08:00,775,775,775,775,2000
2022-02-10 09:09:00,775,775,775,775,3000
2022-02-10 09:10:00,775,775,775,775,0
2022-02-10 09:11:00,770,770,770,770,1000
2022-02-10 09:12:00,775,775,775,775,200
2022-02-10 09:13:00,775,775,775,775,0
2022-02-10 09:14:00,775,775,775,775,900
2022-02-10 09:15:00,775,775,775,775,0
2022-02-10 09:16:00,775,770,775,770,1700
2022-02-10 09:17:00,775,770,775,770,0
2022-02-10 09:18:00,775,770,775,770,0
2022-02-10 09:19:00,770,770,775,775,600
2022-02-10 09:20:00,775,775,775,775,55400
2022-02-10 09:21:00,780,780,780,780,9200
2022-02-10 09:22:00,780,780,780,780,1500
2022-02-10 09:23:00,780,775,780,775,8400
2022-02-10 09:24:00,780,775,780,780,21400
2022-02-10 09:25:00,780,780,780,780,11000
2022-02-10 09:26:00,780,780,780,780,3000
2022-02-10 09:27:00,780,780,785,785,96800
2022-02-10 09:28:00,785,785,785,785,2600
2022-02-10 09:29:00,785,780,790,790,154600
2022-02-10 09:30:00,790,790,790,790,10000
2022-02-10 09:31:00,785,785,785,785,200
2022-02-10 09:32:00,785,785,785,785,2500
2022-02-10 09:33:00,785,780,785,780,1500
2022-02-10 09:34:00,785,780,785,780,2200
2022-02-10 09:35:00,785,785,785,785,2300
2022-02-10 09:36:00,785,785,785,785,142800
2022-02-10 09:37:00,785,785,785,785,1300
2022-02-10 09:38:00,785,780,785,780,12700
2022-02-10 09:39:00,780,780,785,780,26800
2022-02-10 09:40:00,785,780,785,785,2300
2022-02-10 09:41:00,780,780,785,785,1900
2022-02-10 09:42:00,780,780,785,785,0
2022-02-10 09:43:00,780,780,785,785,3100
2022-02-10 09:44:00,785,785,785,785,2100
2022-02-10 09:45:00,785,785,785,785,2100
2022-02-10 09:46:00,785,785,785,785,2100
2022-02-10 09:47:00,785,785,785,785,0
2022-02-10 09:48:00,785,785,785,785,0
2022-02-10 09:49:00,785,785,785,785,0
2022-02-10 09:50:00,785,785,785,785,0
2022-02-10 09:51:00,785,785,785,785,0
2022-02-10 09:52:00,785,785,785,785,0
2022-02-10 09:53:00,785,785,785,785,0
2022-02-10 09:54:00,785,785,785,785,0
2022-02-10 09:55:00,785,785,785,785,2000
2022-02-10 09:56:00,785,785,785,785,700
2022-02-10 09:57:00,780,780,780,780,900
2022-02-10 09:58:00,785,785,785,785,300
2022-02-10 09:59:00,780,780,780,780,3000
2022-02-10 10:00:00,785,785,785,785,300
2022-02-10 10:01:00,780,780,780,780,3800
2022-02-10 10:02:00,780,780,780,780,0
2022-02-10 10:03:00,780,780,780,780,1800
2022-02-10 10:04:00,780,780,780,780,0
2022-02-10 10:05:00,780,780,780,780,600
2022-02-10 10:06:00,775,775,775,775,1800
2022-02-10 10:07:00,775,775,775,775,0
2022-02-10 10:08:00,775,775,775,775,13000
2022-02-10 10:09:00,775,775,775,775,6200
2022-02-10 10:10:00,780,780,780,780,500
2022-02-10 10:11:00,780,780,780,780,0
2022-02-10 10:12:00,780,780,780,780,0
2022-02-10 10:13:00,780,780,780,780,0
2022-02-10 10:14:00,780,780,780,780,0
2022-02-10 10:15:00,780,780,780,780,0
2022-02-10 10:16:00,775,775,775,775,3800
2022-02-10 10:17:00,775,775,775,775,0
2022-02-10 10:18:00,775,775,775,775,0
2022-02-10 10:19:00,775,775,775,775,4000
2022-02-10 10:20:00,770,770,775,775,300
2022-02-10 10:21:00,770,770,775,775,0
2022-02-10 10:22:00,775,775,775,775,200
2022-02-10 10:23:00,775,775,775,775,1300
2022-02-10 10:24:00,775,775,775,775,0
2022-02-10 10:25:00,775,775,775,775,200
2022-02-10 10:26:00,775,775,775,775,0
2022-02-10 10:27:00,775,775,775,775,0
2022-02-10 10:28:00,775,775,775,775,0
2022-02-10 10:29:00,775,775,775,775,1800
2022-02-10 10:30:00,775,775,775,775,200
2022-02-10 10:31:00,775,775,775,775,0
2022-02-10 10:32:00,775,775,775,775,0
2022-02-10 10:33:00,775,775,775,775,0
2022-02-10 10:34:00,775,775,775,775,200
2022-02-10 10:35:00,775,775,775,775,0
2022-02-10 10:36:00,775,775,775,775,0
2022-02-10 10:37:00,775,775,775,775,2100
2022-02-10 10:38:00,775,775,775,775,0
2022-02-10 10:39:00,775,775,775,775,200
2022-02-10 10:40:00,775,775,775,775,0
2022-02-10 10:41:00,775,775,775,775,0
2022-02-10 10:42:00,775,775,775,775,0
2022-02-10 10:43:00,775,775,775,775,200
2022-02-10 10:44:00,775,775,775,775,0
2022-02-10 10:45:00,770,765,770,765,15400
2022-02-10 10:46:00,770,765,770,765,0
2022-02-10 10:47:00,765,765,765,765,12500
2022-02-10 10:48:00,765,765,765,765,5000
2022-02-10 10:49:00,765,765,765,765,0
2022-02-10 10:50:00,765,765,765,765,0
2022-02-10 10:51:00,765,765,765,765,10400
2022-02-10 10:52:00,775,775,775,775,200
2022-02-10 10:53:00,770,770,775,775,3600
2022-02-10 10:54:00,775,775,775,775,40000
2022-02-10 10:55:00,775,775,775,775,1900
2022-02-10 10:56:00,775,775,775,775,0
2022-02-10 10:57:00,775,775,775,775,10200
2022-02-10 10:58:00,775,775,775,775,0
2022-02-10 10:59:00,775,775,775,775,1400
2022-02-10 11:00:00,775,775,775,775,200
2022-02-10 11:01:00,775,775,775,775,600
2022-02-10 11:02:00,775,775,775,775,200
2022-02-10 11:03:00,775,775,775,775,0
2022-02-10 11:04:00,775,775,775,775,200
2022-02-10 11:05:00,775,775,775,775,0
2022-02-10 11:06:00,775,775,775,775,0
2022-02-10 11:07:00,775,775,775,775,0
2022-02-10 11:08:00,775,775,775,775,1100
2022-02-10 11:09:00,775,775,775,775,0
2022-02-10 11:10:00,775,775,775,775,500
2022-02-10 11:11:00,775,775,775,775,0
2022-02-10 11:12:00,775,775,775,775,200
2022-02-10 11:13:00,775,775,775,775,0
2022-02-10 11:14:00,775,775,775,775,200
2022-02-10 11:15:00,775,775,775,775,0
2022-02-10 11:16:00,775,775,775,775,200
2022-02-10 11:17:00,775,775,775,775,0
2022-02-10 11:18:00,775,775,775,775,0
2022-02-10 11:19:00,775,765,775,765,3100
2022-02-10 11:20:00,775,775,775,775,500
2022-02-10 11:21:00,775,775,775,775,200
2022-02-10 11:22:00,775,775,775,775,200
2022-02-10 11:23:00,775,775,775,775,200
2022-02-10 11:24:00,775,775,775,775,200
2022-02-10 11:25:00,775,775,775,775,200
2022-02-10 11:26:00,775,775,775,775,200
2022-02-10 11:27:00,775,775,775,775,200
2022-02-10 11:28:00,775,775,775,775,200
2022-02-10 11:29:00,775,775,775,775,600
2022-02-10 11:30:00,775,775,775,775,0
2022-02-10 11:31:00,775,775,775,775,0
2022-02-10 11:32:00,775,775,775,775,0
2022-02-10 11:33:00,775,775,775,775,0
2022-02-10 11:34:00,775,775,775,775,0
2022-02-10 11:35:00,775,775,775,775,0
2022-02-10 11:36:00,775,775,775,775,0
2022-02-10 11:37:00,775,775,775,775,0
2022-02-10 11:38:00,775,775,775,775,0
2022-02-10 11:39:00,775,775,775,775,0
2022-02-10 11:40:00,775,775,775,775,0
2022-02-10 11:41:00,775,775,775,775,0
2022-02-10 11:42:00,775,775,775,775,0
2022-02-10 11:43:00,775,775,775,775,0
2022-02-10 11:44:00,775,775,775,775,0
2022-02-10 11:45:00,775,775,775,775,0
2022-02-10 11:46:00,775,775,775,775,0
2022-02-10 11:47:00,775,775,775,775,0
2022-02-10 11:48:00,775,775,775,775,0
2022-02-10 11:49:00,775,775,775,775,0
2022-02-10 11:50:00,775,775,775,775,0
2022-02-10 11:51:00,775,775,775,775,0
2022-02-10 11:52:00,775,775,775,775,0
2022-02-10 11:53:00,775,775,775,775,0
2022-02-10 11:54:00,775,775,775,775,0
2022-02-10 11:55:00,775,775,775,775,0
2022-02-10 11:56:00,775,775,775,775,0
2022-02-10 11:57:00,775,775,775,775,0
2022-02-10 11:58:00,775,775,775,775,0
2022-02-10 11:59:00,775,775,775,775,0
2022-02-10 12:00:00,775,775,775,775,0
2022-02-10 12:01:00,775,775,775,775,0
2022-02-10 12:02:00,775,775,775,775,0
2022-02-10 12:03:00,775,775,775,775,0
2022-02-10 12:04:00,775,775,775,775,0
2022-02-10 12:05:00,775,775,775,775,0
2022-02-10 12:06:00,775,775,775,775,0
2022-02-10 12:07:00,775,775,775,775,0
2022-02-10 12:08:00,775,775,775,775,0
2022-02-10 12:09:00,775,775,775,775,0
2022-02-10 12:10:00,775,775,775,775,0
2022-02-10 12:11:00,775,775,775,775,0
2022-02-10 12:12:00,775,775,775,775,0
2022-02-10 12:13:00,775,775,775,775,0
2022-02-10 12:14:00,775,775,775,775,0
2022-02-10 12:15:00,775,775,775,775,0
2022-02-10 12:16:00,775,775,775,775,0
2022-02-10 12:17:00,775,775,775,775,0
2022-02-10 12:18:00,775,775,775,775,0
2022-02-10 12:19:00,775,775,775,775,0
2022-02-10 12:20:00,775,775,775,775,0
2022-02-10 12:21:00,775,775,775,775,0
2022-02-10 12:22:00,775,775,775,775,0
2022-02-10 12:23:00,775,775,775,775,0
2022-02-10 12:24:00,775,775,775,775,0
2022-02-10 12:25:00,775,775,775,775,0
2022-02-10 12:26:00,775,775,775,775,0
2022-02-10 12:27:00,775,775,775,775,0
2022-02-10 12:28:00,775,775,775,775,0
2022-02-10 12:29:00,775,775,775,775,0
2022-02-10 12:30:00,775,775,775,775,0
2022-02-10 12:31:00,775,775,775,775,0
2022-02-10 12:32:00,775,775,775,775,0
2022-02-10 12:33:00,775,775,775,775,0
2022-02-10 12:34:00,775,775,775,775,0
2022-02-10 12:35:00,775,775,775,775,0
2022-02-10 12:36:00,775,775,775,775,0
2022-02-10 12:37:00,775,775,775,775,0
2022-02-10 12:38:00,775,775,775,775,0
2022-02-10 12:39:00,775,775,775,775,0
2022-02-10 12:40:00,775,775,775,775,0
2022-02-10 12:41:00,775,775,775,775,0
2022-02-10 12:42:00,775,775,775,775,0
2022-02-10 12:43:00,775,775,775,775,0
2022-02-10 12:44:00,775,775,775,775,0
2022-02-10 12:45:00,775,775,775,775,0
2022-02-10 12:46:00,775,775,775,775,0
2022-02-10 12:47:00,775,775,775,775,0
2022-02-10 12:48:00,775,775,775,775,0
2022-02-10 12:49:00,775,775,775,775,0
2022-02-10 12:50:00,775,775,775,775,0
2022-02-10 12:51:00,775,775,775,775,0
2022-02-10 12:52:00,775,775,775,775,0
2022-02-10 12:53:00,775,775,775,775,0
2022-02-10 12:54:00,775,775,775,775,0
2022-02-10 12:55:00,775,775,775,775,0
2022-02-10 12:56:00,775,775,775,775,0
2022-02-10 12:57:00,775,775,775,775,0
2022-02-10 12:58:00,775,775,775,775,0
2022-02-10 12:59:00,775,775,775,775,0
2022-02-10 13:00:00,775,775,775,775,0
2022-02-10 13:01:00,775,775,775,775,0
2022-02-10 13:02:00,775,775,775,775,0
2022-02-10 13:03:00,775,775,775,775,0
2022-02-10 13:04:00,775,775,775,775,0
2022-02-10 13:05:00,775,775,775,775,0
2022-02-10 13:06:00,775,775,775,775,0
2022-02-10 13:07:00,775,775,775,775,0
2022-02-10 13:08:00,775,775,775,775,0
2022-02-10 13:09:00,775,775,775,775,0
2022-02-10 13:10:00,775,775,775,775,0
2022-02-10 13:11:00,775,775,775,775,0
2022-02-10 13:12:00,775,775,775,775,0
2022-02-10 13:13:00,775,775,775,775,0
2022-02-10 13:14:00,775,775,775,775,0
2022-02-10 13:15:00,775,775,775,775,0
2022-02-10 13:16:00,775,775,775,775,0
2022-02-10 13:17:00,775,775,775,775,0
2022-02-10 13:18:00,775,775,775,775,0
2022-02-10 13:19:00,775,775,775,775,0
2022-02-10 13:20:00,775,775,775,775,0
2022-02-10 13:21:00,775,775,775,775,0
2022-02-10 13:22:00,775,775,775,775,0
2022-02-10 13:23:00,775,775,775,775,0
2022-02-10 13:24:00,775,775,775,775,0
2022-02-10 13:25:00,775,775,775,775,0
2022-02-10 13:26:00,775,775,775,775,0
2022-02-10 13:27:00,775,775,775,775,0
2022-02-10 13:28:00,775,775,775,775,0
2022-02-10 13:29:00,775,775,775,775,0
2022-02-10 13:30:00,775,775,775,775,0
2022-02-10 13:31:00,775,775,775,775,3000
2022-02-10 13:32:00,775,775,775,775,1000
2022-02-10 13:33:00,775,775,775,775,0
2022-02-10 13:34:00,775,775,775,775,0
2022-02-10 13:35:00,775,775,775,775,1000
2022-02-10 13:36:00,775,775,775,775,0
2022-02-10 13:37:00,775,775,775,775,0
2022-02-10 13:38:00,775,775,775,775,100
2022-02-10 13:39:00,775,775,775,775,1100
2022-02-10 13:40:00,775,775,775,775,0
2022-02-10 13:41:00,775,775,775,775,1000
2022-02-10 13:42:00,775,775,775,775,0
2022-02-10 13:43:00,775,775,775,775,800
2022-02-10 13:44:00,775,775,775,775,1300
2022-02-10 13:45:00,770,770,770,770,1100
2022-02-10 13:46:00,775,775,775,775,300
2022-02-10 13:47:00,775,775,775,775,0
2022-02-10 13:48:00,770,770,775,775,1300
2022-02-10 13:49:00,775,770,775,770,1000
2022-02-10 13:50:00,775,770,775,770,800
2022-02-10 13:51:00,775,770,775,770,0
2022-02-10 13:52:00,775,770,775,770,1200
2022-02-10 13:53:00,775,770,775,770,600
2022-02-10 13:54:00,775,775,775,775,800
2022-02-10 13:55:00,775,775,775,775,0
2022-02-10 13:56:00,775,775,775,775,0
2022-02-10 13:57:00,775,775,775,775,0
2022-02-10 13:58:00,775,775,775,775,0
2022-02-10 13:59:00,775,775,775,775,0
2022-02-10 14:00:00,775,775,775,775,800
2022-02-10 14:01:00,775,775,775,775,0
2022-02-10 14:02:00,775,775,775,775,0
2022-02-10 14:03:00,775,775,775,775,0
2022-02-10 14:04:00,775,775,780,780,55000
2022-02-10 14:05:00,775,755,780,755,85400
2022-02-10 14:06:00,770,750,770,750,12500
2022-02-10 14:07:00,775,775,775,775,300
2022-02-10 14:08:00,775,775,775,775,25000
2022-02-10 14:09:00,775,775,775,775,0
2022-02-10 14:10:00,775,775,775,775,800
2022-02-10 14:11:00,775,775,780,780,82700
2022-02-10 14:12:00,780,780,785,785,2900
2022-02-10 14:13:00,785,785,785,785,1000
2022-02-10 14:14:00,780,780,790,785,98600
2022-02-10 14:15:00,785,785,790,790,1600
2022-02-10 14:16:00,785,785,790,790,100400
2022-02-10 14:17:00,790,790,790,790,700
2022-02-10 14:18:00,785,785,790,785,9500
2022-02-10 14:19:00,790,780,790,790,42300
2022-02-10 14:20:00,785,785,785,785,3000
2022-02-10 14:21:00,785,785,785,785,1500
2022-02-10 14:22:00,785,785,785,785,2200
2022-02-10 14:23:00,785,775,785,785,7400
2022-02-10 14:24:00,785,785,785,785,700
2022-02-10 14:25:00,780,780,780,780,1000
2022-02-10 14:26:00,780,780,780,780,0
2022-02-10 14:27:00,785,785,785,785,500
2022-02-10 14:28:00,785,775,785,775,4100
2022-02-10 14:29:00,780,780,780,780,500
2022-02-10 14:30:00,780,780,780,780,1000
2022-02-10 14:31:00,780,780,780,780,2200
2022-02-10 14:32:00,780,780,780,780,500
2022-02-10 14:33:00,780,780,780,780,600
2022-02-10 14:34:00,780,780,780,780,400
2022-02-10 14:35:00,780,780,780,780,400
2022-02-10 14:36:00,780,780,780,780,0
2022-02-10 14:37:00,780,780,780,780,200
2022-02-10 14:38:00,780,780,780,780,400
2022-02-10 14:39:00,780,775,780,775,1200
2022-02-10 14:40:00,780,775,780,775,3100
2022-02-10 14:41:00,775,775,775,775,11300
2022-02-10 14:42:00,780,780,780,780,1300
2022-02-10 14:43:00,780,780,780,780,1500
2022-02-10 14:44:00,780,780,780,780,600
2022-02-10 14:45:00,780,780,780,780,500
2022-02-10 14:46:00,780,780,780,780,1400
2022-02-10 14:47:00,780,780,780,780,2600
2022-02-10 14:48:00,775,775,780,780,1300
2022-02-10 14:49:00,780,780,780,780,200
2022-02-10 14:50:00,780,780,780,780,0
2022-02-10 14:51:00,780,780,780,780,0
2022-02-10 14:52:00,780,780,780,780,0
2022-02-10 14:53:00,780,780,780,780,0
2022-02-10 14:54:00,780,780,780,780,0
2022-02-10 14:55:00,780,780,780,780,0
2022-02-10 14:56:00,780,780,780,780,0
2022-02-10 14:57:00,780,780,780,780,0
2022-02-10 14:58:00,780,780,780,780,0
2022-02-10 14:59:00,780,780,780,780,0
2022-02-10 15:00:00,780,780,780,780,187500
2022-02-10 15:01:00,780,780,780,780,0
2022-02-10 15:02:00,780,780,780,780,0
2022-02-10 15:03:00,780,780,780,780,0
2022-02-10 15:04:00,780,780,780,780,0
2022-02-10 15:05:00,780,780,780,780,0
2022-02-10 15:06:00,780,780,780,780,0
2022-02-10 15:07:00,780,780,780,780,0
2022-02-10 15:08:00,780,780,780,780,0
2022-02-10 15:09:00,780,780,780,780,0
2022-02-10 15:10:00,780,780,780,780,0
2022-02-10 15:11:00,780,780,780,780,0
2022-02-10 15:12:00,780,780,780,780,0
2022-02-10 15:13:00,780,780,780,780,0
2022-02-10 15:14:00,780,780,780,780,0
2022-02-10 15:15:00,780,780,780,780,0
2022-02-10 15:16:00,780,780,780,780,0
2022-02-10 15:17:00,780,780,780,780,0
2022-02-10 15:18:00,780,780,780,780,0
2022-02-10 15:19:00,780,780,780,780,0
2022-02-10 15:20:00,780,780,780,780,0
2022-02-10 15:21:00,780,780,780,780,0
2022-02-10 15:22:00,780,780,780,780,0
2022-02-10 15:23:00,780,780,780,780,0
2022-02-10 15:24:00,780,780,780,780,0
2022-02-10 15:25:00,780,780,780,780,0
2022-02-10 15:26:00,780,780,780,780,0
2022-02-10 15:27:00,780,780,780,780,0
2022-02-10 15:28:00,780,780,780,780,0
2022-02-10 15:29:00,780,780,780,780,0
2022-02-10 15:30:00,780,780,780,780,0
2022-02-10 15:31:00,780,780,780,780,0
2022-02-10 15:32:00,780,780,780,780,0
2022-02-10 15:33:00,780,780,780,780,0
2022-02-10 15:34:00,780,780,780,780,0
2022-02-10 15:35:00,780,780,780,780,0
2022-02-10 15:36:00,780,780,780,780,0
2022-02-10 15:37:00,780,780,780,780,0
2022-02-10 15:38:00,780,780,780,780,0
2022-02-10 15:39:00,780,780,780,780,0
2022-02-10 15:40:00,780,780,780,780,0
2022-02-10 15:41:00,780,780,780,780,0
2022-02-10 15:42:00,780,780,780,780,0
2022-02-10 15:43:00,780,780,780,780,0
2022-02-10 15:44:00,780,780,780,780,0
2022-02-10 15:45:00,780,780,780,780,0
2022-02-10 15:46:00,780,780,780,780,0
2022-02-10 15:47:00,780,780,780,780,0
2022-02-10 15:48:00,780,780,780,780,0
2022-02-10 15:49:00,780,780,780,780,0
2022-02-10 15:50:00,780,780,780,780,0
2022-02-10 15:51:00,780,780,780,780,0
2022-02-10 15:52:00,780,780,780,780,0
2022-02-10 15:53:00,780,780,780,780,0
2022-02-10 15:54:00,780,780,780,780,0
2022-02-10 15:55:00,780,780,780,780,0
2022-02-10 15:56:00,780,780,780,780,0
2022-02-10 15:57:00,780,780,780,780,0
2022-02-10 15:58:00,780,780,780,780,0
2022-02-10 15:59:00,780,780,780,780,0
2022-02-11 09:00:00,780,780,785,785,0
2022-02-11 09:01:00,780,780,785,785,0
2022-02-11 09:02:00,785,785,785,785,1000
2022-02-11 09:03:00,785,785,785,785,0
2022-02-11 09:04:00,785,785,785,785,10000
2022-02-11 09:05:00,785,785,785,785,29400
2022-02-11 09:06:00,785,785,785,785,0
2022-02-11 09:07:00,785,785,785,785,1400
2022-02-11 09:08:00,785,785,785,785,0
2022-02-11 09:09:00,785,785,785,785,0
2022-02-11 09:10:00,785,785,785,785,17100
2022-02-11 09:11:00,785,785,785,785,0
2022-02-11 09:12:00,780,780,780,780,4800
2022-02-11 09:13:00,780,780,785,785,6700
2022-02-11 09:14:00,780,780,785,785,0
2022-02-11 09:15:00,780,780,785,785,0
2022-02-11 09:16:00,780,780,780,780,1300
2022-02-11 09:17:00,785,785,785,785,200
2022-02-11 09:18:00,785,785,785,785,200
2022-02-11 09:19:00,780,780,785,785,300
2022-02-11 09:20:00,780,780,785,785,0
2022-02-11 09:21:00,780,780,785,785,0
2022-02-11 09:22:00,780,780,785,785,0
2022-02-11 09:23:00,780,780,785,785,0
2022-02-11 09:24:00,780,780,785,785,0
2022-02-11 09:25:00,780,780,785,785,0
2022-02-11 09:26:00,780,780,785,785,0
2022-02-11 09:27:00,785,785,785,785,1500
2022-02-11 09:28:00,785,785,785,785,0
2022-02-11 09:29:00,780,760,780,775,10000
2022-02-11 09:30:00,775,775,775,775,1600
2022-02-11 09:31:00,775,775,780,780,6400
2022-02-11 09:32:00,780,780,780,780,1800
2022-02-11 09:33:00,780,780,780,780,5600
2022-02-11 09:34:00,780,780,780,780,2400
2022-02-11 09:35:00,780,780,780,780,1100
2022-02-11 09:36:00,780,780,780,780,0
2022-02-11 09:37:00,780,780,780,780,100
2022-02-11 09:38:00,780,780,780,780,0
2022-02-11 09:39:00,780,780,780,780,0
2022-02-11 09:40:00,780,780,780,780,1900
2022-02-11 09:41:00,780,780,780,780,400
2022-02-11 09:42:00,780,780,780,780,0
2022-02-11 09:43:00,780,780,780,780,0
2022-02-11 09:44:00,775,775,780,780,400
2022-02-11 09:45:00,775,775,780,780,0
2022-02-11 09:46:00,775,775,780,780,0
2022-02-11 09:47:00,775,775,780,780,0
2022-02-11 09:48:00,775,775,780,780,0
2022-02-11 09:49:00,775,775,780,780,0
2022-02-11 09:50:00,775,775,780,780,0
2022-02-11 09:51:00,780,780,780,780,1500
2022-02-11 09:52:00,780,780,780,780,0
2022-02-11 09:53:00,780,780,780,780,0
2022-02-11 09:54:00,780,780,780,780,0
2022-02-11 09:55:00,780,780,780,780,0
2022-02-11 09:56:00,780,780,780,780,0
2022-02-11 09:57:00,780,780,780,780,0
2022-02-11 09:58:00,780,780,780,780,0
2022-02-11 09:59:00,780,780,780,780,0
2022-02-11 10:00:00,780,780,780,780,0
2022-02-11 10:01:00,775,775,775,775,500
2022-02-11 10:02:00,775,775,775,775,0
2022-02-11 10:03:00,775,775,775,775,0
2022-02-11 10:04:00,775,775,775,775,10000
2022-02-11 10:05:00,775,775,775,775,0
2022-02-11 10:06:00,775,775,775,775,0
2022-02-11 10:07:00,775,775,775,775,0
2022-02-11 10:08:00,775,775,775,775,1800
2022-02-11 10:09:00,775,775,775,775,0
2022-02-11 10:10:00,775,775,775,775,0
2022-02-11 10:11:00,775,775,775,775,0
2022-02-11 10:12:00,775,775,775,775,0
2022-02-11 10:13:00,775,775,775,775,0
2022-02-11 10:14:00,775,775,775,775,0
2022-02-11 10:15:00,775,775,775,775,0
2022-02-11 10:16:00,775,775,775,775,0
2022-02-11 10:17:00,775,775,775,775,0
2022-02-11 10:18:00,775,775,775,775,0
2022-02-11 10:19:00,775,775,775,775,200
2022-02-11 10:20:00,775,775,775,775,0
2022-02-11 10:21:00,775,775,775,775,0
2022-02-11 10:22:00,775,775,775,775,0
2022-02-11 10:23:00,775,775,775,775,0
2022-02-11 10:24:00,775,775,775,775,1400
2022-02-11 10:25:00,770,770,770,770,1000
2022-02-11 10:26:00,770,770,775,775,2300
2022-02-11 10:27:00,770,770,775,775,0
2022-02-11 10:28:00,775,775,775,775,1600
2022-02-11 10:29:00,775,775,775,775,0
2022-02-11 10:30:00,775,775,775,775,0
2022-02-11 10:31:00,775,775,775,775,0
2022-02-11 10:32:00,775,775,775,775,0
2022-02-11 10:33:00,770,770,770,770,2900
2022-02-11 10:34:00,775,775,775,775,200
2022-02-11 10:35:00,775,775,775,775,0
2022-02-11 10:36:00,775,775,775,775,0
2022-02-11 10:37:00,775,770,775,775,1400
2022-02-11 10:38:00,775,770,775,775,0
2022-02-11 10:39:00,775,770,775,775,0
2022-02-11 10:40:00,770,770,775,775,4500
2022-02-11 10:41:00,770,770,775,775,0
2022-02-11 10:42:00,770,770,775,775,0
2022-02-11 10:43:00,770,770,775,775,0
2022-02-11 10:44:00,770,770,775,775,0
2022-02-11 10:45:00,770,770,775,775,0
2022-02-11 10:46:00,770,770,775,775,0
2022-02-11 10:47:00,775,775,775,775,2000
2022-02-11 10:48:00,775,775,775,775,0
2022-02-11 10:49:00,775,775,775,775,0
2022-02-11 10:50:00,775,775,775,775,0
2022-02-11 10:51:00,775,775,775,775,0
2022-02-11 10:52:00,775,775,775,775,0
2022-02-11 10:53:00,775,775,775,775,0
2022-02-11 10:54:00,775,775,775,775,200
2022-02-11 10:55:00,775,775,775,775,5000
2022-02-11 10:56:00,775,775,775,775,0
2022-02-11 10:57:00,775,775,775,775,0
2022-02-11 10:58:00,775,775,775,775,0
2022-02-11 10:59:00,775,775,775,775,0
2022-02-11 11:00:00,775,775,775,775,0
2022-02-11 11:01:00,775,775,775,775,0
2022-02-11 11:02:00,775,775,775,775,0
2022-02-11 11:03:00,775,775,775,775,200
2022-02-11 11:04:00,775,775,775,775,0
2022-02-11 11:05:00,775,775,775,775,0
2022-02-11 11:06:00,775,775,775,775,200
2022-02-11 11:07:00,775,775,775,775,0
2022-02-11 11:08:00,775,775,775,775,0
2022-02-11 11:09:00,775,775,775,775,0
2022-02-11 11:10:00,775,775,775,775,0
2022-02-11 11:11:00,775,775,775,775,0
2022-02-11 11:12:00,775,775,775,775,0
2022-02-11 11:13:00,775,775,775,775,0
2022-02-11 11:14:00,775,775,775,775,200
2022-02-11 11:15:00,775,775,775,775,0
2022-02-11 11:16:00,775,775,775,775,0
2022-02-11 11:17:00,775,775,775,775,0
2022-02-11 11:18:00,775,775,775,775,200
2022-02-11 11:19:00,775,775,775,775,0
2022-02-11 11:20:00,775,775,775,775,0
2022-02-11 11:21:00,775,775,775,775,200
2022-02-11 11:22:00,775,775,775,775,0
2022-02-11 11:23:00,775,775,775,775,0
2022-02-11 11:24:00,775,770,775,770,2200
2022-02-11 11:25:00,775,775,775,775,600
2022-02-11 11:26:00,775,775,775,775,200
2022-02-11 11:27:00,775,775,775,775,400
2022-02-11 11:28:00,775,775,775,775,400
2022-02-11 11:29:00,775,770,775,770,1600
2022-02-11 11:30:00,775,770,775,770,0
2022-02-11 11:31:00,775,770,775,770,0
2022-02-11 11:32:00,775,770,775,770,0
2022-02-11 11:33:00,775,770,775,770,0
2022-02-11 11:34:00,775,770,775,770,0
2022-02-11 11:35:00,775,770,775,770,0
2022-02-11 11:36:00,775,770,775,770,0
2022-02-11 11:37:00,775,770,775,770,0
2022-02-11 11:38:00,775,770,775,770,0
2022-02-11 11:39:00,775,770,775,770,0
2022-02-11 11:40:00,775,770,775,770,0
2022-02-11 11:41:00,775,770,775,770,0
2022-02-11 11:42:00,775,770,775,770,0
2022-02-11 11:43:00,775,770,775,770,0
2022-02-11 11:44:00,775,770,775,770,0
2022-02-11 11:45:00,775,770,775,770,0
2022-02-11 11:46:00,775,770,775,770,0
2022-02-11 11:47:00,775,770,775,770,0
2022-02-11 11:48:00,775,770,775,770,0
2022-02-11 11:49:00,775,770,775,770,0
2022-02-11 11:50:00,775,770,775,770,0
2022-02-11 11:51:00,775,770,775,770,0
2022-02-11 11:52:00,775,770,775,770,0
2022-02-11 11:53:00,775,770,775,770,0
2022-02-11 11:54:00,775,770,775,770,0
2022-02-11 11:55:00,775,770,775,770,0
2022-02-11 11:56:00,775,770,775,770,0
2022-02-11 11:57:00,775,770,775,770,0
2022-02-11 11:58:00,775,770,775,770,0
2022-02-11 11:59:00,775,770,775,770,0
2022-02-11 12:00:00,775,770,775,770,0
2022-02-11 12:01:00,775,770,775,770,0
2022-02-11 12:02:00,775,770,775,770,0
2022-02-11 12:03:00,775,770,775,770,0
2022-02-11 12:04:00,775,770,775,770,0
2022-02-11 12:05:00,775,770,775,770,0
2022-02-11 12:06:00,775,770,775,770,0
2022-02-11 12:07:00,775,770,775,770,0
2022-02-11 12:08:00,775,770,775,770,0
2022-02-11 12:09:00,775,770,775,770,0
2022-02-11 12:10:00,775,770,775,770,0
2022-02-11 12:11:00,775,770,775,770,0
2022-02-11 12:12:00,775,770,775,770,0
2022-02-11 12:13:00,775,770,775,770,0
2022-02-11 12:14:00,775,770,775,770,0
2022-02-11 12:15:00,775,770,775,770,0
2022-02-11 12:16:00,775,770,775,770,0
2022-02-11 12:17:00,775,770,775,770,0
2022-02-11 12:18:00,775,770,775,770,0
2022-02-11 12:19:00,775,770,775,770,0
2022-02-11 12:20:00,775,770,775,770,0
2022-02-11 12:21:00,775,770,775,770,0
2022-02-11 12:22:00,775,770,775,770,0
2022-02-11 12:23:00,775,770,775,770,0
2022-02-11 12:24:00,775,770,775,770,0
2022-02-11 12:25:00,775,770,775,770,0
2022-02-11 12:26:00,775,770,775,770,0
2022-02-11 12:27:00,775,770,775,770,0
2022-02-11 12:28:00,775,770,775,770,0
2022-02-11 12:29:00,775,770,775,770,0
2022-02-11 12:30:00,775,770,775,770,0
2022-02-11 12:31:00,775,770,775,770,0
2022-02-11 12:32:00,775,770,775,770,0
2022-02-11 12:33:00,775,770,775,770,0
2022-02-11 12:34:00,775,770,775,770,0
2022-02-11 12:35:00,775,770,775,770,0
2022-02-11 12:36:00,775,770,775,770,0
2022-02-11 12:37:00,775,770,775,770,0
2022-02-11 12:38:00,775,770,775,770,0
2022-02-11 12:39:00,775,770,775,770,0
2022-02-11 12:40:00,775,770,775,770,0
2022-02-11 12:41:00,775,770,775,770,0
2022-02-11 12:42:00,775,770,775,770,0
2022-02-11 12:43:00,775,770,775,770,0
2022-02-11 12:44:00,775,770,775,770,0
2022-02-11 12:45:00,775,770,775,770,0
2022-02-11 12:46:00,775,770,775,770,0
2022-02-11 12:47:00,775,770,775,770,0
2022-02-11 12:48:00,775,770,775,770,0
2022-02-11 12:49:00,775,770,775,770,0
2022-02-11 12:50:00,775,770,775,770,0
2022-02-11 12:51:00,775,770,775,770,0
2022-02-11 12:52:00,775,770,775,770,0
2022-02-11 12:53:00,775,770,775,770,0
2022-02-11 12:54:00,775,770,775,770,0
2022-02-11 12:55:00,775,770,775,770,0
2022-02-11 12:56:00,775,770,775,770,0
2022-02-11 12:57:00,775,770,775,770,0
2022-02-11 12:58:00,775,770,775,770,0
2022-02-11 12:59:00,775,770,775,770,0
2022-02-11 13:00:00,775,770,775,770,0
2022-02-11 13:01:00,775,770,775,770,0
2022-02-11 13:02:00,775,770,775,770,0
2022-02-11 13:03:00,775,770,775,770,0
2022-02-11 13:04:00,775,770,775,770,0
2022-02-11 13:05:00,775,770,775,770,0
2022-02-11 13:06:00,775,770,775,770,0
2022-02-11 13:07:00,775,770,775,770,0
2022-02-11 13:08:00,775,770,775,770,0
2022-02-11 13:09:00,775,770,775,770,0
2022-02-11 13:10:00,775,770,775,770,0
2022-02-11 13:11:00,775,770,775,770,0
2022-02-11 13:12:00,775,770,775,770,0
2022-02-11 13:13:00,775,770,775,770,0
2022-02-11 13:14:00,775,770,775,770,0
2022-02-11 13:15:00,775,770,775,770,0
2022-02-11 13:16:00,775,770,775,770,0
2022-02-11 13:17:00,775,770,775,770,0
2022-02-11 13:18:00,775,770,775,770,0
2022-02-11 13:19:00,775,770,775,770,0
2022-02-11 13:20:00,775,770,775,770,0
2022-02-11 13:21:00,775,770,775,770,0
2022-02-11 13:22:00,775,770,775,770,0
2022-02-11 13:23:00,775,770,775,770,0
2022-02-11 13:24:00,775,770,775,770,0
2022-02-11 13:25:00,775,770,775,770,0
2022-02-11 13:26:00,775,770,775,770,0
2022-02-11 13:27:00,775,770,775,770,0
2022-02-11 13:28:00,775,770,775,770,0
2022-02-11 13:29:00,775,770,775,770,0
2022-02-11 13:30:00,775,775,775,775,300
2022-02-11 13:31:00,775,775,775,775,200
2022-02-11 13:32:00,770,770,770,770,1000
2022-02-11 13:33:00,775,770,775,770,1800
2022-02-11 13:34:00,775,775,775,775,200
2022-02-11 13:35:00,775,775,775,775,0
2022-02-11 13:36:00,775,775,775,775,800
2022-02-11 13:37:00,775,775,775,775,200
2022-02-11 13:38:00,775,775,775,775,0
2022-02-11 13:39:00,775,775,775,775,0
2022-02-11 13:40:00,775,775,775,775,0
2022-02-11 13:41:00,775,775,775,775,0
2022-02-11 13:42:00,775,775,775,775,0
2022-02-11 13:43:00,775,775,775,775,200
2022-02-11 13:44:00,775,775,775,775,0
2022-02-11 13:45:00,775,775,775,775,200
2022-02-11 13:46:00,775,775,775,775,1400
2022-02-11 13:47:00,775,775,775,775,0
2022-02-11 13:48:00,775,775,775,775,200
2022-02-11 13:49:00,775,775,775,775,0
2022-02-11 13:50:00,775,775,775,775,200
2022-02-11 13:51:00,775,775,775,775,200
2022-02-11 13:52:00,775,775,775,775,0
2022-02-11 13:53:00,775,775,775,775,0
2022-02-11 13:54:00,775,775,775,775,400
2022-02-11 13:55:00,775,775,775,775,0
2022-02-11 13:56:00,775,775,775,775,200
2022-02-11 13:57:00,775,775,775,775,0
2022-02-11 13:58:00,775,775,775,775,800
2022-02-11 13:59:00,770,770,770,770,400
2022-02-11 14:00:00,775,775,775,775,200
2022-02-11 14:01:00,770,770,770,770,500
2022-02-11 14:02:00,775,770,775,775,1100
2022-02-11 14:03:00,775,770,775,775,900
2022-02-11 14:04:00,775,775,775,775,200
2022-02-11 14:05:00,775,775,775,775,0
2022-02-11 14:06:00,775,775,775,775,200
2022-02-11 14:07:00,775,775,775,775,200
2022-02-11 14:08:00,770,770,770,770,500
2022-02-11 14:09:00,775,775,775,775,400
2022-02-11 14:10:00,775,775,775,775,200
2022-02-11 14:11:00,770,770,770,770,700
2022-02-11 14:12:00,770,770,770,770,0
2022-02-11 14:13:00,770,770,770,770,3000
2022-02-11 14:14:00,765,765,765,765,500
2022-02-11 14:15:00,765,765,770,770,1200
2022-02-11 14:16:00,770,770,770,770,24100
2022-02-11 14:17:00,770,770,770,770,12500
2022-02-11 14:18:00,770,770,770,770,0
2022-02-11 14:19:00,770,770,770,770,0
2022-02-11 14:20:00,770,770,770,770,0
2022-02-11 14:21:00,770,770,770,770,1400
2022-02-11 14:22:00,770,770,770,770,0
2022-02-11 14:23:00,770,770,770,770,0
2022-02-11 14:24:00,770,770,770,770,200
2022-02-11 14:25:00,770,770,770,770,200
2022-02-11 14:26:00,770,770,770,770,0
2022-02-11 14:27:00,770,770,770,770,0
2022-02-11 14:28:00,770,770,770,770,0
2022-02-11 14:29:00,770,770,770,770,200
2022-02-11 14:30:00,770,770,770,770,70200
2022-02-11 14:31:00,770,770,770,770,200
2022-02-11 14:32:00,770,770,770,770,3600
2022-02-11 14:33:00,770,770,770,770,2200
2022-02-11 14:34:00,770,765,770,765,3700
2022-02-11 14:35:00,770,765,770,770,10100
2022-02-11 14:36:00,770,765,770,765,1500
2022-02-11 14:37:00,770,770,770,770,200
2022-02-11 14:38:00,765,765,770,770,1500
2022-02-11 14:39:00,770,770,770,770,200
2022-02-11 14:40:00,770,770,770,770,1700
2022-02-11 14:41:00,770,770,770,770,9400
2022-02-11 14:42:00,775,775,775,775,1500
2022-02-11 14:43:00,775,770,775,775,3000
2022-02-11 14:44:00,775,770,775,775,1500
2022-02-11 14:45:00,775,775,775,775,800
2022-02-11 14:46:00,775,775,775,775,200
2022-02-11 14:47:00,775,775,775,775,800
2022-02-11 14:48:00,775,775,775,775,600
2022-02-11 14:49:00,775,775,775,775,1400
2022-02-11 14:50:00,775,775,775,775,0
2022-02-11 14:51:00,775,775,775,775,0
2022-02-11 14:52:00,775,775,775,775,0
2022-02-11 14:53:00,775,775,775,775,0
2022-02-11 14:54:00,775,775,775,775,0
2022-02-11 14:55:00,775,775,775,775,0
2022-02-11 14:56:00,775,775,775,775,0
2022-02-11 14:57:00,775,775,775,775,0
2022-02-11 14:58:00,775,775,775,775,0
2022-02-11 14:59:00,775,775,775,775,0
2022-02-11 15:00:00,775,775,775,775,140200
2022-02-11 15:01:00,775,775,775,775,0
2022-02-11 15:02:00,775,775,775,775,0
2022-02-11 15:03:00,775,775,775,775,0
2022-02-11 15:04:00,775,775,775,775,0
2022-02-11 15:05:00,775,775,775,775,0
2022-02-11 15:06:00,775,775,775,775,0
2022-02-11 15:07:00,775,775,775,775,0
2022-02-11 15:08:00,775,775,775,775,0
2022-02-11 15:09:00,775,775,775,775,0
2022-02-11 15:10:00,775,775,775,775,0
2022-02-11 15:11:00,775,775,775,775,0
2022-02-11 15:12:00,775,775,775,775,0
2022-02-11 15:13:00,775,775,775,775,0
2022-02-11 15:14:00,775,775,775,775,0
2022-02-11 15:15:00,775,775,775,775,0
2022-02-11 15:16:00,775,775,775,775,0
2022-02-11 15:17:00,775,775,775,775,0
2022-02-11 15:18:00,775,775,775,775,0
2022-02-11 15:19:00,775,775,775,775,0
2022-02-11 15:20:00,775,775,775,775,0
2022-02-11 15:21:00,775,775,775,775,0
2022-02-11 15:22:00,775,775,775,775,0
2022-02-11 15:23:00,775,775,775,775,0
2022-02-11 15:24:00,775,775,775,775,0
2022-02-11 15:25:00,775,775,775,775,0
2022-02-11 15:26:00,775,775,775,775,0
2022-02-11 15:27:00,775,775,775,775,0
2022-02-11 15:28:00,775,775,775,775,0
2022-02-11 15:29:00,775,775,775,775,0
2022-02-11 15:30:00,775,775,775,775,0
2022-02-11 15:31:00,775,775,775,775,0
2022-02-11 15:32:00,775,775,775,775,0
2022-02-11 15:33:00,775,775,775,775,0
2022-02-11 15:34:00,775,775,775,775,0
2022-02-11 15:35:00,775,775,775,775,0
2022-02-11 15:36:00,775,775,775,775,0
2022-02-11 15:37:00,775,775,775,775,0
2022-02-11 15:38:00,775,775,775,775,0
2022-02-11 15:39:00,775,775,775,775,0
2022-02-11 15:40:00,775,775,775,775,0
2022-02-11 15:41:00,775,775,775,775,0
2022-02-11 15:42:00,775,775,775,775,0
2022-02-11 15:43:00,775,775,775,775,0
2022-02-11 15:44:00,775,775,775,775,0
2022-02-11 15:45:00,775,775,775,775,0
2022-02-11 15:46:00,775,775,775,775,0
2022-02-11 15:47:00,775,775,775,775,0
2022-02-11 15:48:00,775,775,775,775,0
2022-02-11 15:49:00,775,775,775,775,0
2022-02-11 15:50:00,775,775,775,775,0
2022-02-11 15:51:00,775,775,775,775,0
2022-02-11 15:52:00,775,775,775,775,0
2022-02-11 15:53:00,775,775,775,775,0
2022-02-11 15:54:00,775,775,775,775,0
2022-02-11 15:55:00,775,775,775,775,0
2022-02-11 15:56:00,775,775,775,775,0
2022-02-11 15:57:00,775,775,775,775,0
2022-02-11 15:58:00,775,775,775,775,0
2022-02-11 15:59:00,775,775,775,775,0
2022-02-14 09:00:00,775,770,775,770,0
2022-02-14 09:01:00,775,770,775,770,0
2022-02-14 09:02:00,775,775,775,775,200
2022-02-14 09:03:00,775,775,775,775,0
2022-02-14 09:04:00,775,775,775,775,13000
2022-02-14 09:05:00,775,770,775,770,5300
2022-02-14 09:06:00,775,775,775,775,200
2022-02-14 09:07:00,775,775,775,775,0
2022-02-14 09:08:00,775,775,775,775,0
2022-02-14 09:09:00,775,770,775,775,2700
2022-02-14 09:10:00,770,770,775,775,1500
2022-02-14 09:11:00,770,770,775,775,0
2022-02-14 09:12:00,770,770,775,775,0
2022-02-14 09:13:00,770,770,775,775,0
2022-02-14 09:14:00,770,770,775,775,400
2022-02-14 09:15:00,770,760,770,760,20000
2022-02-14 09:16:00,770,770,770,770,200
2022-02-14 09:17:00,760,760,770,770,10000
2022-02-14 09:18:00,760,760,770,770,0
2022-02-14 09:19:00,770,770,770,770,1900
2022-02-14 09:20:00,770,770,770,770,900
2022-02-14 09:21:00,770,770,770,770,1300
2022-02-14 09:22:00,770,770,770,770,0
2022-02-14 09:23:00,770,770,770,770,0
2022-02-14 09:24:00,770,770,770,770,3200
2022-02-14 09:25:00,770,770,770,770,0
2022-02-14 09:26:00,770,770,770,770,1800
2022-02-14 09:27:00,765,765,770,770,1500
2022-02-14 09:28:00,770,770,775,775,6000
2022-02-14 09:29:00,775,775,775,775,800
2022-02-14 09:30:00,770,770,770,770,1800
2022-02-14 09:31:00,770,770,770,770,0
2022-02-14 09:32:00,770,770,775,770,3500
2022-02-14 09:33:00,770,770,770,770,300
2022-02-14 09:34:00,770,770,770,770,200
2022-02-14 09:35:00,770,770,770,770,0
2022-02-14 09:36:00,770,770,770,770,0
2022-02-14 09:37:00,770,770,770,770,18200
2022-02-14 09:38:00,775,775,775,775,200
2022-02-14 09:39:00,775,775,775,775,0
2022-02-14 09:40:00,770,770,775,775,300
2022-02-14 09:41:00,770,770,775,770,1500
2022-02-14 09:42:00,775,775,775,775,200
2022-02-14 09:43:00,775,775,775,775,200
2022-02-14 09:44:00,775,775,775,775,0
2022-02-14 09:45:00,770,770,770,770,1300
2022-02-14 09:46:00,775,775,775,775,800
2022-02-14 09:47:00,775,775,775,775,0
2022-02-14 09:48:00,775,775,775,775,300
2022-02-14 09:49:00,775,775,775,775,0
2022-02-14 09:50:00,775,775,775,775,300
2022-02-14 09:51:00,775,775,775,775,0
2022-02-14 09:52:00,775,775,775,775,0
2022-02-14 09:53:00,770,770,775,770,8600
2022-02-14 09:54:00,775,775,775,775,300
2022-02-14 09:55:00,775,775,775,775,0
2022-02-14 09:56:00,775,775,775,775,200
2022-02-14 09:57:00,775,775,775,775,200
2022-02-14 09:58:00,775,775,775,775,0
2022-02-14 09:59:00,775,775,775,775,300
2022-02-14 10:00:00,770,770,770,770,1000
2022-02-14 10:01:00,775,775,775,775,200
2022-02-14 10:02:00,770,770,775,775,9900
2022-02-14 10:03:00,770,770,775,775,0
2022-02-14 10:04:00,770,770,775,775,900
2022-02-14 10:05:00,775,775,775,775,200
2022-02-14 10:06:00,775,775,775,775,200
2022-02-14 10:07:00,775,775,775,775,200
2022-02-14 10:08:00,775,775,775,775,0
2022-02-14 10:09:00,775,760,775,760,16400
2022-02-14 10:10:00,775,775,775,775,400
2022-02-14 10:11:00,770,770,770,770,900
2022-02-14 10:12:00,775,775,775,775,200
2022-02-14 10:13:00,770,765,775,765,1300
2022-02-14 10:14:00,775,760,775,760,3200
2022-02-14 10:15:00,775,775,775,775,400
2022-02-14 10:16:00,775,775,775,775,200
2022-02-14 10:17:00,775,775,775,775,0
2022-02-14 10:18:00,775,775,775,775,200
2022-02-14 10:19:00,775,775,775,775,200
2022-02-14 10:20:00,770,760,770,770,3000
2022-02-14 10:21:00,770,770,770,770,200
2022-02-14 10:22:00,770,770,770,770,300
2022-02-14 10:23:00,770,770,770,770,1000
2022-02-14 10:24:00,770,770,770,770,0
2022-02-14 10:25:00,770,770,770,770,200
2022-02-14 10:26:00,770,770,770,770,0
2022-02-14 10:27:00,770,770,770,770,0
2022-02-14 10:28:00,770,770,770,770,200
2022-02-14 10:29:00,770,770,770,770,1300
2022-02-14 10:30:00,770,770,770,770,800
2022-02-14 10:31:00,770,770,770,770,200
2022-02-14 10:32:00,770,770,770,770,0
2022-02-14 10:33:00,770,770,770,770,1500
2022-02-14 10:34:00,770,770,770,770,0
2022-02-14 10:35:00,770,765,770,770,600
2022-02-14 10:36:00,765,765,770,770,1000
2022-02-14 10:37:00,770,770,770,770,200
2022-02-14 10:38:00,770,770,770,770,200
2022-02-14 10:39:00,770,765,770,765,1200
2022-02-14 10:40:00,765,765,770,770,8100
2022-02-14 10:41:00,770,770,770,770,200
2022-02-14 10:42:00,770,770,770,770,200
2022-02-14 10:43:00,770,770,770,770,0
2022-02-14 10:44:00,770,770,770,770,200
2022-02-14 10:45:00,770,770,770,770,0
2022-02-14 10:46:00,765,765,770,770,2500
2022-02-14 10:47:00,770,770,770,770,200
2022-02-14 10:48:00,770,760,770,770,45400
2022-02-14 10:49:00,770,770,770,770,300
2022-02-14 10:50:00,770,770,770,770,400
2022-02-14 10:51:00,770,770,770,770,0
2022-02-14 10:52:00,770,770,770,770,0
2022-02-14 10:53:00,770,770,770,770,0
2022-02-14 10:54:00,770,770,770,770,0
2022-02-14 10:55:00,770,770,770,770,0
2022-02-14 10:56:00,770,770,770,770,0
2022-02-14 10:57:00,770,770,770,770,200
2022-02-14 10:58:00,770,770,770,770,300
2022-02-14 10:59:00,770,770,770,770,0
2022-02-14 11:00:00,770,770,770,770,0
2022-02-14 11:01:00,770,770,770,770,0
2022-02-14 11:02:00,770,770,770,770,200
2022-02-14 11:03:00,770,770,770,770,0
2022-02-14 11:04:00,770,770,770,770,0
2022-02-14 11:05:00,770,770,770,770,200
2022-02-14 11:06:00,770,770,770,770,0
2022-02-14 11:07:00,770,770,770,770,0
2022-02-14 11:08:00,770,770,770,770,300
2022-02-14 11:09:00,770,770,770,770,0
2022-02-14 11:10:00,770,770,770,770,0
2022-02-14 11:11:00,770,770,770,770,200
2022-02-14 11:12:00,770,770,770,770,0
2022-02-14 11:13:00,770,770,770,770,0
2022-02-14 11:14:00,770,770,770,770,0
2022-02-14 11:15:00,770,770,770,770,300
2022-02-14 11:16:00,770,770,770,770,0
2022-02-14 11:17:00,770,770,770,770,200
2022-02-14 11:18:00,770,770,770,770,0
2022-02-14 11:19:00,765,755,770,755,38100
2022-02-14 11:20:00,770,770,770,770,200
2022-02-14 11:21:00,770,770,770,770,0
2022-02-14 11:22:00,770,770,770,770,0
2022-02-14 11:23:00,770,770,770,770,300
2022-02-14 11:24:00,770,770,770,770,0
2022-02-14 11:25:00,770,770,770,770,0
2022-02-14 11:26:00,770,770,770,770,200
2022-02-14 11:27:00,770,770,770,770,200
2022-02-14 11:28:00,770,770,770,770,200
2022-02-14 11:29:00,770,770,770,770,600
2022-02-14 11:30:00,770,770,770,770,0
2022-02-14 11:31:00,770,770,770,770,0
2022-02-14 11:32:00,770,770,770,770,0
2022-02-14 11:33:00,770,770,770,770,0
2022-02-14 11:34:00,770,770,770,770,0
2022-02-14 11:35:00,770,770,770,770,0
2022-02-14 11:36:00,770,770,770,770,0
2022-02-14 11:37:00,770,770,770,770,0
2022-02-14 11:38:00,770,770,770,770,0
2022-02-14 11:39:00,770,770,770,770,0
2022-02-14 11:40:00,770,770,770,770,0
2022-02-14 11:41:00,770,770,770,770,0
2022-02-14 11:42:00,770,770,770,770,0
2022-02-14 11:43:00,770,770,770,770,0
2022-02-14 11:44:00,770,770,770,770,0
2022-02-14 11:45:00,770,770,770,770,0
2022-02-14 11:46:00,770,770,770,770,0
2022-02-14 11:47:00,770,770,770,770,0
2022-02-14 11:48:00,770,770,770,770,0
2022-02-14 11:49:00,770,770,770,770,0
2022-02-14 11:50:00,770,770,770,770,0
2022-02-14 11:51:00,770,770,770,770,0
2022-02-14 11:52:00,770,770,770,770,0
2022-02-14 11:53:00,770,770,770,770,0
2022-02-14 11:54:00,770,770,770,770,0
2022-02-14 11:55:00,770,770,770,770,0
2022-02-14 11:56:00,770,770,770,770,0
2022-02-14 11:57:00,770,770,770,770,0
2022-02-14 11:58:00,770,770,770,770,0
2022-02-14 11:59:00,770,770,770,770,0
2022-02-14 12:00:00,770,770,770,770,0
2022-02-14 12:01:00,770,770,770,770,0
2022-02-14 12:02:00,770,770,770,770,0
2022-02-14 12:03:00,770,770,770,770,0
2022-02-14 12:04:00,770,770,770,770,0
2022-02-14 12:05:00,770,770,770,770,0
2022-02-14 12:06:00,770,770,770,770,0
2022-02-14 12:07:00,770,770,770,770,0
2022-02-14 12:08:00,770,770,770,770,0
2022-02-14 12:09:00,770,770,770,770,0
2022-02-14 12:10:00,770,770,770,770,0
2022-02-14 12:11:00,770,770,770,770,0
2022-02-14 12:12:00,770,770,770,770,0
2022-02-14 12:13:00,770,770,770,770,0
2022-02-14 12:14:00,770,770,770,770,0
2022-02-14 12:15:00,770,770,770,770,0
2022-02-14 12:16:00,770,770,770,770,0
2022-02-14 12:17:00,770,770,770,770,0
2022-02-14 12:18:00,770,770,770,770,0
2022-02-14 12:19:00,770,770,770,770,0
2022-02-14 12:20:00,770,770,770,770,0
2022-02-14 12:21:00,770,770,770,770,0
2022-02-14 12:22:00,770,770,770,770,0
2022-02-14 12:23:00,770,770,770,770,0
2022-02-14 12:24:00,770,770,770,770,0
2022-02-14 12:25:00,770,770,770,770,0
2022-02-14 12:26:00,770,770,770,770,0
2022-02-14 12:27:00,770,770,770,770,0
2022-02-14 12:28:00,770,770,770,770,0
2022-02-14 12:29:00,770,770,770,770,0
2022-02-14 12:30:00,770,770,770,770,0
2022-02-14 12:31:00,770,770,770,770,0
2022-02-14 12:32:00,770,770,770,770,0
2022-02-14 12:33:00,770,770,770,770,0
2022-02-14 12:34:00,770,770,770,770,0
2022-02-14 12:35:00,770,770,770,770,0
2022-02-14 12:36:00,770,770,770,770,0
2022-02-14 12:37:00,770,770,770,770,0
2022-02-14 12:38:00,770,770,770,770,0
2022-02-14 12:39:00,770,770,770,770,0
2022-02-14 12:40:00,770,770,770,770,0
2022-02-14 12:41:00,770,770,770,770,0
2022-02-14 12:42:00,770,770,770,770,0
2022-02-14 12:43:00,770,770,770,770,0
2022-02-14 12:44:00,770,770,770,770,0
2022-02-14 12:45:00,770,770,770,770,0
2022-02-14 12:46:00,770,770,770,770,0
2022-02-14 12:47:00,770,770,770,770,0
2022-02-14 12:48:00,770,770,770,770,0
2022-02-14 12:49:00,770,770,770,770,0
2022-02-14 12:50:00,770,770,770,770,0
2022-02-14 12:51:00,770,770,770,770,0
2022-02-14 12:52:00,770,770,770,770,0
2022-02-14 12:53:00,770,770,770,770,0
2022-02-14 12:54:00,770,770,770,770,0
2022-02-14 12:55:00,770,770,770,770,0
2022-02-14 12:56:00,770,770,770,770,0
2022-02-14 12:57:00,770,770,770,770,0
2022-02-14 12:58:00,770,770,770,770,0
2022-02-14 12:59:00,770,770,770,770,0
2022-02-14 13:00:00,770,770,770,770,0
2022-02-14 13:01:00,770,770,770,770,0
2022-02-14 13:02:00,770,770,770,770,0
2022-02-14 13:03:00,770,770,770,770,0
2022-02-14 13:04:00,770,770,770,770,0
2022-02-14 13:05:00,770,770,770,770,0
2022-02-14 13:06:00,770,770,770,770,0
2022-02-14 13:07:00,770,770,770,770,0
2022-02-14 13:08:00,770,770,770,770,0
2022-02-14 13:09:00,770,770,770,770,0
2022-02-14 13:10:00,770,770,770,770,0
2022-02-14 13:11:00,770,770,770,770,0
2022-02-14 13:12:00,770,770,770,770,0
2022-02-14 13:13:00,770,770,770,770,0
2022-02-14 13:14:00,770,770,770,770,0
2022-02-14 13:15:00,770,770,770,770,0
2022-02-14 13:16:00,770,770,770,770,0
2022-02-14 13:17:00,770,770,770,770,0
2022-02-14 13:18:00,770,770,770,770,0
2022-02-14 13:19:00,770,770,770,770,0
2022-02-14 13:20:00,770,770,770,770,0
2022-02-14 13:21:00,770,770,770,770,0
2022-02-14 13:22:00,770,770,770,770,0
2022-02-14 13:23:00,770,770,770,770,0
2022-02-14 13:24:00,770,770,770,770,0
2022-02-14 13:25:00,770,770,770,770,0
2022-02-14 13:26:00,770,770,770,770,0
2022-02-14 13:27:00,770,770,770,770,0
2022-02-14 13:28:00,770,770,770,770,0
2022-02-14 13:29:00,770,770,770,770,0
2022-02-14 13:30:00,770,770,770,770,0
2022-02-14 13:31:00,770,770,770,770,0
2022-02-14 13:32:00,765,765,765,765,900
2022-02-14 13:33:00,765,765,765,765,0
2022-02-14 13:34:00,765,765,765,765,0
2022-02-14 13:35:00,765,765,765,765,0
2022-02-14 13:36:00,765,765,765,765,0
2022-02-14 13:37:00,765,765,765,765,4000
2022-02-14 13:38:00,765,765,765,765,0
2022-02-14 13:39:00,770,760,770,760,2500
2022-02-14 13:40:00,755,750,755,750,150000
2022-02-14 13:41:00,755,755,760,760,2800
2022-02-14 13:42:00,755,755,760,760,0
2022-02-14 13:43:00,755,755,760,760,0
2022-02-14 13:44:00,755,755,760,760,0
2022-02-14 13:45:00,755,755,760,760,0
2022-02-14 13:46:00,755,755,760,760,5100
2022-02-14 13:47:00,760,760,760,760,1500
2022-02-14 13:48:00,760,760,760,760,0
2022-02-14 13:49:00,755,750,755,750,1600
2022-02-14 13:50:00,755,755,755,755,400
2022-02-14 13:51:00,750,750,750,750,9800
2022-02-14 13:52:00,755,755,755,755,1100
2022-02-14 13:53:00,755,755,765,765,31500
2022-02-14 13:54:00,765,765,765,765,300
2022-02-14 13:55:00,765,765,765,765,0
2022-02-14 13:56:00,765,765,765,765,1300
2022-02-14 13:57:00,765,765,765,765,0
2022-02-14 13:58:00,765,765,765,765,0
2022-02-14 13:59:00,765,765,765,765,1000
2022-02-14 14:00:00,765,765,765,765,200
2022-02-14 14:01:00,760,760,765,765,600
2022-02-14 14:02:00,765,760,765,760,400
2022-02-14 14:03:00,765,765,765,765,200
2022-02-14 14:04:00,765,765,765,765,0
2022-02-14 14:05:00,765,765,765,765,0
2022-02-14 14:06:00,765,765,765,765,0
2022-02-14 14:07:00,765,765,765,765,0
2022-02-14 14:08:00,765,765,765,765,0
2022-02-14 14:09:00,765,765,765,765,0
2022-02-14 14:10:00,760,760,760,760,3000
2022-02-14 14:11:00,765,765,765,765,300
2022-02-14 14:12:00,765,765,765,765,0
2022-02-14 14:13:00,765,765,765,765,0
2022-02-14 14:14:00,765,765,765,765,0
2022-02-14 14:15:00,765,765,765,765,300
2022-02-14 14:16:00,765,765,765,765,0
2022-02-14 14:17:00,765,765,765,765,0
2022-02-14 14:18:00,765,765,765,765,200
2022-02-14 14:19:00,765,765,765,765,0
2022-02-14 14:20:00,765,765,765,765,200
2022-02-14 14:21:00,765,765,765,765,200
2022-02-14 14:22:00,765,765,765,765,0
2022-02-14 14:23:00,765,765,765,765,0
2022-02-14 14:24:00,760,755,765,765,5200
2022-02-14 14:25:00,765,765,765,765,300
2022-02-14 14:26:00,765,765,765,765,300
2022-02-14 14:27:00,765,765,765,765,0
2022-02-14 14:28:00,765,765,765,765,300
2022-02-14 14:29:00,765,765,765,765,300
2022-02-14 14:30:00,765,765,765,765,200
2022-02-14 14:31:00,765,765,765,765,2100
2022-02-14 14:32:00,765,765,765,765,0
2022-02-14 14:33:00,765,765,765,765,200
2022-02-14 14:34:00,760,750,765,750,48200
2022-02-14 14:35:00,745,745,750,750,13600
2022-02-14 14:36:00,745,745,750,750,0
2022-02-14 14:37:00,750,750,750,750,300
2022-02-14 14:38:00,750,745,750,745,29600
2022-02-14 14:39:00,745,730,745,740,104800
2022-02-14 14:40:00,745,745,745,745,60800
2022-02-14 14:41:00,740,730,740,730,9100
2022-02-14 14:42:00,730,730,740,730,14600
2022-02-14 14:43:00,735,735,740,735,7100
2022-02-14 14:44:00,740,730,745,745,318700
2022-02-14 14:45:00,745,745,745,745,1000
2022-02-14 14:46:00,745,725,745,725,230900
2022-02-14 14:47:00,725,725,755,745,127200
2022-02-14 14:48:00,740,740,740,740,3700
2022-02-14 14:49:00,740,730,745,745,12800
2022-02-14 14:50:00,740,730,745,745,0
2022-02-14 14:51:00,740,730,745,745,0
2022-02-14 14:52:00,740,730,745,745,0
2022-02-14 14:53:00,740,730,745,745,0
2022-02-14 14:54:00,740,730,745,745,0
2022-02-14 14:55:00,740,730,745,745,0
2022-02-14 14:56:00,740,730,745,745,0
2022-02-14 14:57:00,740,730,745,745,0
2022-02-14 14:58:00,740,730,745,745,0
2022-02-14 14:59:00,740,730,745,745,0
2022-02-14 15:00:00,725,725,725,725,291200
2022-02-14 15:01:00,725,725,725,725,49500
2022-02-14 15:02:00,725,725,725,725,6900
2022-02-14 15:03:00,725,725,725,725,1300
2022-02-14 15:04:00,725,725,725,725,3100
2022-02-14 15:05:00,725,725,725,725,900
2022-02-14 15:06:00,725,725,725,725,1600
2022-02-14 15:07:00,725,725,725,725,0
2022-02-14 15:08:00,725,725,725,725,0
2022-02-14 15:09:00,725,725,725,725,0
2022-02-14 15:10:00,725,725,725,725,2300
2022-02-14 15:11:00,725,725,725,725,0
2022-02-14 15:12:00,725,725,725,725,0
2022-02-14 15:13:00,725,725,725,725,0
2022-02-14 15:14:00,725,725,725,725,0
2022-02-14 15:15:00,725,725,725,725,0
2022-02-14 15:16:00,725,725,725,725,0
2022-02-14 15:17:00,725,725,725,725,0
2022-02-14 15:18:00,725,725,725,725,0
2022-02-14 15:19:00,725,725,725,725,0
2022-02-14 15:20:00,725,725,725,725,0
2022-02-14 15:21:00,725,725,725,725,0
2022-02-14 15:22:00,725,725,725,725,0
2022-02-14 15:23:00,725,725,725,725,0
2022-02-14 15:24:00,725,725,725,725,0
2022-02-14 15:25:00,725,725,725,725,0
2022-02-14 15:26:00,725,725,725,725,0
2022-02-14 15:27:00,725,725,725,725,0
2022-02-14 15:28:00,725,725,725,725,0
2022-02-14 15:29:00,725,725,725,725,0
2022-02-14 15:30:00,725,725,725,725,0
2022-02-14 15:31:00,725,725,725,725,0
2022-02-14 15:32:00,725,725,725,725,0
2022-02-14 15:33:00,725,725,725,725,0
2022-02-14 15:34:00,725,725,725,725,0
2022-02-14 15:35:00,725,725,725,725,0
2022-02-14 15:36:00,725,725,725,725,0
2022-02-14 15:37:00,725,725,725,725,0
2022-02-14 15:38:00,725,725,725,725,0
2022-02-14 15:39:00,725,725,725,725,0
2022-02-14 15:40:00,725,725,725,725,0
2022-02-14 15:41:00,725,725,725,725,0
2022-02-14 15:42:00,725,725,725,725,0
2022-02-14 15:43:00,725,725,725,725,0
2022-02-14 15:44:00,725,725,725,725,0
2022-02-14 15:45:00,725,725,725,725,0
2022-02-14 15:46:00,725,725,725,725,0
2022-02-14 15:47:00,725,725,725,725,0
2022-02-14 15:48:00,725,725,725,725,0
2022-02-14 15:49:00,725,725,725,725,0
2022-02-14 15:50:00,725,725,725,725,0
2022-02-14 15:51:00,725,725,725,725,0
2022-02-14 15:52:00,725,725,725,725,0
2022-02-14 15:53:00,725,725,725,725,0
2022-02-14 15:54:00,725,725,725,725,0
2022-02-14 15:55:00,725,725,725,725,0
2022-02-14 15:56:00,725,725,725,725,0
2022-02-14 15:57:00,725,725,725,725,0
2022-02-14 15:58:00,725,725,725,725,0
2022-02-14 15:59:00,725,725,725,725,0
2022-02-15 09:00:00,725,725,725,725,0
2022-02-15 09:01:00,725,725,730,730,34000
2022-02-15 09:02:00,735,735,735,735,2500
2022-02-15 09:03:00,735,735,735,735,2700
2022-02-15 09:04:00,730,725,730,730,2900
2022-02-15 09:05:00,730,730,735,735,3900
2022-02-15 09:06:00,730,730,735,735,0
2022-02-15 09:07:00,735,735,735,735,200
2022-02-15 09:08:00,735,735,735,735,0
2022-02-15 09:09:00,730,730,730,730,2400
2022-02-15 09:10:00,730,725,730,725,6500
2022-02-15 09:11:00,725,725,725,725,4500
2022-02-15 09:12:00,730,730,730,730,3000
2022-02-15 09:13:00,725,725,730,730,2500
2022-02-15 09:14:00,730,730,730,730,14300
2022-02-15 09:15:00,730,730,730,730,0
2022-02-15 09:16:00,730,730,730,730,1100
2022-02-15 09:17:00,725,725,725,725,8800
2022-02-15 09:18:00,725,725,725,725,0
2022-02-15 09:19:00,725,725,725,725,2500
2022-02-15 09:20:00,725,725,725,725,1600
2022-02-15 09:21:00,725,725,725,725,0
2022-02-15 09:22:00,720,720,720,720,400
2022-02-15 09:23:00,725,725,725,725,4400
2022-02-15 09:24:00,725,725,725,725,0
2022-02-15 09:25:00,725,725,735,735,30000
2022-02-15 09:26:00,730,730,730,730,500
2022-02-15 09:27:00,730,730,730,730,1000
2022-02-15 09:28:00,730,730,730,730,200
2022-02-15 09:29:00,730,730,730,730,0
2022-02-15 09:30:00,730,730,730,730,0
2022-02-15 09:31:00,730,730,730,730,300
2022-02-15 09:32:00,730,730,730,730,0
2022-02-15 09:33:00,730,730,730,730,300
2022-02-15 09:34:00,730,730,730,730,0
2022-02-15 09:35:00,730,730,730,730,0
2022-02-15 09:36:00,730,730,730,730,200
2022-02-15 09:37:00,730,730,730,730,3500
2022-02-15 09:38:00,730,730,730,730,0
2022-02-15 09:39:00,730,730,730,730,0
2022-02-15 09:40:00,725,725,730,730,3800
2022-02-15 09:41:00,725,725,730,730,0
2022-02-15 09:42:00,725,725,730,730,0
2022-02-15 09:43:00,730,730,730,730,200
2022-02-15 09:44:00,730,730,730,730,0
2022-02-15 09:45:00,730,730,730,730,0
2022-02-15 09:46:00,730,730,730,730,0
2022-02-15 09:47:00,730,730,730,730,0
2022-02-15 09:48:00,730,730,730,730,0
2022-02-15 09:49:00,730,730,730,730,200
2022-02-15 09:50:00,730,730,730,730,0
2022-02-15 09:51:00,730,730,730,730,0
2022-02-15 09:52:00,730,730,730,730,200
2022-02-15 09:53:00,725,725,725,725,1800
2022-02-15 09:54:00,725,700,725,700,90300
2022-02-15 09:55:00,700,700,705,705,17800
2022-02-15 09:56:00,700,700,705,705,14000
2022-02-15 09:57:00,700,700,705,705,0
2022-02-15 09:58:00,705,705,705,705,19600
2022-02-15 09:59:00,705,705,705,705,30000
2022-02-15 10:00:00,705,700,705,700,4100
2022-02-15 10:01:00,695,695,695,695,700
2022-02-15 10:02:00,700,700,700,700,17700
2022-02-15 10:03:00,700,700,705,705,2300
2022-02-15 10:04:00,705,705,710,710,46200
2022-02-15 10:05:00,710,710,710,710,2500
2022-02-15 10:06:00,705,705,705,705,1100
2022-02-15 10:07:00,700,700,710,710,2800
2022-02-15 10:08:00,715,715,715,715,900
2022-02-15 10:09:00,715,715,715,715,100
2022-02-15 10:10:00,715,715,715,715,0
2022-02-15 10:11:00,715,715,715,715,0
2022-02-15 10:12:00,715,715,715,715,1700
2022-02-15 10:13:00,715,715,715,715,0
2022-02-15 10:14:00,715,715,715,715,0
2022-02-15 10:15:00,715,715,715,715,0
2022-02-15 10:16:00,710,705,710,705,5800
2022-02-15 10:17:00,710,710,710,710,1700
2022-02-15 10:18:00,710,710,715,715,51500
2022-02-15 10:19:00,715,715,715,715,1700
2022-02-15 10:20:00,715,715,715,715,100
2022-02-15 10:21:00,715,715,715,715,0
2022-02-15 10:22:00,715,715,715,715,1400
2022-02-15 10:23:00,715,715,715,715,0
2022-02-15 10:24:00,715,715,720,720,20000
2022-02-15 10:25:00,715,715,720,720,2200
2022-02-15 10:26:00,720,720,720,720,1000
2022-02-15 10:27:00,715,715,720,720,700
2022-02-15 10:28:00,720,720,720,720,200
2022-02-15 10:29:00,720,720,720,720,2000
2022-02-15 10:30:00,720,720,720,720,0
2022-02-15 10:31:00,715,715,715,715,1300
2022-02-15 10:32:00,715,715,715,715,1000
2022-02-15 10:33:00,720,720,720,720,200
2022-02-15 10:34:00,720,720,720,720,0
2022-02-15 10:35:00,720,720,720,720,0
2022-02-15 10:36:00,720,720,720,720,0
2022-02-15 10:37:00,720,720,720,720,0
2022-02-15 10:38:00,720,720,720,720,17700
2022-02-15 10:39:00,725,725,725,725,200
2022-02-15 10:40:00,725,725,725,725,1000
2022-02-15 10:41:00,725,725,725,725,0
2022-02-15 10:42:00,725,725,725,725,0
2022-02-15 10:43:00,725,725,725,725,0
2022-02-15 10:44:00,725,725,725,725,200
2022-02-15 10:45:00,725,725,725,725,0
2022-02-15 10:46:00,725,725,725,725,0
2022-02-15 10:47:00,725,725,725,725,0
2022-02-15 10:48:00,725,725,725,725,0
2022-02-15 10:49:00,725,725,725,725,0
2022-02-15 10:50:00,725,725,725,725,0
2022-02-15 10:51:00,725,725,725,725,0
2022-02-15 10:52:00,725,725,725,725,0
2022-02-15 10:53:00,725,725,725,725,0
2022-02-15 10:54:00,725,725,725,725,0
2022-02-15 10:55:00,725,725,725,725,200
2022-02-15 10:56:00,725,725,725,725,0
2022-02-15 10:57:00,725,725,725,725,0
2022-02-15 10:58:00,725,725,725,725,0
2022-02-15 10:59:00,725,725,725,725,0
2022-02-15 11:00:00,725,725,725,725,0
2022-02-15 11:01:00,725,725,725,725,300
2022-02-15 11:02:00,725,725,725,725,0
2022-02-15 11:03:00,725,725,725,725,0
2022-02-15 11:04:00,725,725,725,725,0
2022-02-15 11:05:00,720,720,720,720,2400
2022-02-15 11:06:00,720,720,720,720,0
2022-02-15 11:07:00,725,725,725,725,300
2022-02-15 11:08:00,725,725,725,725,0
2022-02-15 11:09:00,725,725,725,725,100
2022-02-15 11:10:00,725,725,725,725,0
2022-02-15 11:11:00,725,725,725,725,1200
2022-02-15 11:12:00,725,725,725,725,0
2022-02-15 11:13:00,725,725,725,725,2000
2022-02-15 11:14:00,725,725,725,725,0
2022-02-15 11:15:00,725,725,725,725,0
2022-02-15 11:16:00,725,725,725,725,0
2022-02-15 11:17:00,725,725,725,725,0
2022-02-15 11:18:00,725,725,725,725,500
2022-02-15 11:19:00,725,725,725,725,0
2022-02-15 11:20:00,720,720,725,725,1800
2022-02-15 11:21:00,720,720,725,725,0
2022-02-15 11:22:00,720,720,725,725,0
2022-02-15 11:23:00,720,720,725,725,0
2022-02-15 11:24:00,720,720,725,725,0
2022-02-15 11:25:00,725,725,725,725,200
2022-02-15 11:26:00,725,725,725,725,0
2022-02-15 11:27:00,725,725,725,725,1800
2022-02-15 11:28:00,725,725,725,725,100
2022-02-15 11:29:00,725,725,725,725,2200
2022-02-15 11:30:00,725,725,725,725,0
2022-02-15 11:31:00,725,725,725,725,0
2022-02-15 11:32:00,725,725,725,725,0
2022-02-15 11:33:00,725,725,725,725,0
2022-02-15 11:34:00,725,725,725,725,0
2022-02-15 11:35:00,725,725,725,725,0
2022-02-15 11:36:00,725,725,725,725,0
2022-02-15 11:37:00,725,725,725,725,0
2022-02-15 11:38:00,725,725,725,725,0
2022-02-15 11:39:00,725,725,725,725,0
2022-02-15 11:40:00,725,725,725,725,0
2022-02-15 11:41:00,725,725,725,725,0
2022-02-15 11:42:00,725,725,725,725,0
2022-02-15 11:43:00,725,725,725,725,0
2022-02-15 11:44:00,725,725,725,725,0
2022-02-15 11:45:00,725,725,725,725,0
2022-02-15 11:46:00,725,725,725,725,0
2022-02-15 11:47:00,725,725,725,725,0
2022-02-15 11:48:00,725,725,725,725,0
2022-02-15 11:49:00,725,725,725,725,0
2022-02-15 11:50:00,725,725,725,725,0
2022-02-15 11:51:00,725,725,725,725,0
2022-02-15 11:52:00,725,725,725,725,0
2022-02-15 11:53:00,725,725,725,725,0
2022-02-15 11:54:00,725,725,725,725,0
2022-02-15 11:55:00,725,725,725,725,0
2022-02-15 11:56:00,725,725,725,725,0
2022-02-15 11:57:00,725,725,725,725,0
2022-02-15 11:58:00,725,725,725,725,0
2022-02-15 11:59:00,725,725,725,725,0
2022-02-15 12:00:00,725,725,725,725,0
2022-02-15 12:01:00,725,725,725,725,0
2022-02-15 12:02:00,725,725,725,725,0
2022-02-15 12:03:00,725,725,725,725,0
2022-02-15 12:04:00,725,725,725,725,0
2022-02-15 12:05:00,725,725,725,725,0
2022-02-15 12:06:00,725,725,725,725,0
2022-02-15 12:07:00,725,725,725,725,0
2022-02-15 12:08:00,725,725,725,725,0
2022-02-15 12:09:00,725,725,725,725,0
2022-02-15 12:10:00,725,725,725,725,0
2022-02-15 12:11:00,725,725,725,725,0
2022-02-15 12:12:00,725,725,725,725,0
2022-02-15 12:13:00,725,725,725,725,0
2022-02-15 12:14:00,725,725,725,725,0
2022-02-15 12:15:00,725,725,725,725,0
2022-02-15 12:16:00,725,725,725,725,0
2022-02-15 12:17:00,725,725,725,725,0
2022-02-15 12:18:00,725,725,725,725,0
2022-02-15 12:19:00,725,725,725,725,0
2022-02-15 12:20:00,725,725,725,725,0
2022-02-15 12:21:00,725,725,725,725,0
2022-02-15 12:22:00,725,725,725,725,0
2022-02-15 12:23:00,725,725,725,725,0
2022-02-15 12:24:00,725,725,725,725,0
2022-02-15 12:25:00,725,725,725,725,0
2022-02-15 12:26:00,725,725,725,725,0
2022-02-15 12:27:00,725,725,725,725,0
2022-02-15 12:28:00,725,725,725,725,0
2022-02-15 12:29:00,725,725,725,725,0
2022-02-15 12:30:00,725,725,725,725,0
2022-02-15 12:31:00,725,725,725,725,0
2022-02-15 12:32:00,725,725,725,725,0
2022-02-15 12:33:00,725,725,725,725,0
2022-02-15 12:34:00,725,725,725,725,0
2022-02-15 12:35:00,725,725,725,725,0
2022-02-15 12:36:00,725,725,725,725,0
2022-02-15 12:37:00,725,725,725,725,0
2022-02-15 12:38:00,725,725,725,725,0
2022-02-15 12:39:00,725,725,725,725,0
2022-02-15 12:40:00,725,725,725,725,0
2022-02-15 12:41:00,725,725,725,725,0
2022-02-15 12:42:00,725,725,725,725,0
2022-02-15 12:43:00,725,725,725,725,0
2022-02-15 12:44:00,725,725,725,725,0
2022-02-15 12:45:00,725,725,725,725,0
2022-02-15 12:46:00,725,725,725,725,0
2022-02-15 12:47:00,725,725,725,725,0
2022-02-15 12:48:00,725,725,725,725,0
2022-02-15 12:49:00,725,725,725,725,0
2022-02-15 12:50:00,725,725,725,725,0
2022-02-15 12:51:00,725,725,725,725,0
2022-02-15 12:52:00,725,725,725,725,0
2022-02-15 12:53:00,725,725,725,725,0
2022-02-15 12:54:00,725,725,725,725,0
2022-02-15 12:55:00,725,725,725,725,0
2022-02-15 12:56:00,725,725,725,725,0
2022-02-15 12:57:00,725,725,725,725,0
2022-02-15 12:58:00,725,725,725,725,0
2022-02-15 12:59:00,725,725,725,725,0
2022-02-15 13:00:00,725,725,725,725,0
2022-02-15 13:01:00,725,725,725,725,0
2022-02-15 13:02:00,725,725,725,725,0
2022-02-15 13:03:00,725,725,725,725,0
2022-02-15 13:04:00,725,725,725,725,0
2022-02-15 13:05:00,725,725,725,725,0
2022-02-15 13:06:00,725,725,725,725,0
2022-02-15 13:07:00,725,725,725,725,0
2022-02-15 13:08:00,725,725,725,725,0
2022-02-15 13:09:00,725,725,725,725,0
2022-02-15 13:10:00,725,725,725,725,0
2022-02-15 13:11:00,725,725,725,725,0
2022-02-15 13:12:00,725,725,725,725,0
2022-02-15 13:13:00,725,725,725,725,0
2022-02-15 13:14:00,725,725,725,725,0
2022-02-15 13:15:00,725,725,725,725,0
2022-02-15 13:16:00,725,725,725,725,0
2022-02-15 13:17:00,725,725,725,725,0
2022-02-15 13:18:00,725,725,725,725,0
2022-02-15 13:19:00,725,725,725,725,0
2022-02-15 13:20:00,725,725,725,725,0
2022-02-15 13:21:00,725,725,725,725,0
2022-02-15 13:22:00,725,725,725,725,0
2022-02-15 13:23:00,725,725,725,725,0
2022-02-15 13:24:00,725,725,725,725,0
2022-02-15 13:25:00,725,725,725,725,0
2022-02-15 13:26:00,725,725,725,725,0
2022-02-15 13:27:00,725,725,725,725,0
2022-02-15 13:28:00,725,725,725,725,0
2022-02-15 13:29:00,725,725,725,725,0
2022-02-15 13:30:00,725,720,725,725,30500
2022-02-15 13:31:00,725,720,725,725,0
2022-02-15 13:32:00,725,725,725,725,1200
2022-02-15 13:33:00,725,725,725,725,0
2022-02-15 13:34:00,725,725,725,725,1000
2022-02-15 13:35:00,725,725,725,725,1000
2022-02-15 13:36:00,725,725,725,725,0
2022-02-15 13:37:00,725,725,725,725,200
2022-02-15 13:38:00,725,725,725,725,1400
2022-02-15 13:39:00,720,720,720,720,200
2022-02-15 13:40:00,720,720,725,720,900
2022-02-15 13:41:00,720,720,720,720,3800
2022-02-15 13:42:00,720,720,720,720,800
2022-02-15 13:43:00,720,720,725,720,5800
2022-02-15 13:44:00,720,720,720,720,1000
2022-02-15 13:45:00,720,720,720,720,1100
2022-02-15 13:46:00,720,720,720,720,200
2022-02-15 13:47:00,720,720,720,720,2200
2022-02-15 13:48:00,720,720,720,720,1000
2022-02-15 13:49:00,715,700,715,700,85700
2022-02-15 13:50:00,715,700,715,700,0
2022-02-15 13:51:00,720,720,720,720,10000
2022-02-15 13:52:00,720,720,720,720,0
2022-02-15 13:53:00,720,720,720,720,2100
2022-02-15 13:54:00,715,715,715,715,1100
2022-02-15 13:55:00,715,715,715,715,2700
2022-02-15 13:56:00,715,715,715,715,0
2022-02-15 13:57:00,715,715,715,715,0
2022-02-15 13:58:00,715,715,715,715,3000
2022-02-15 13:59:00,715,715,715,715,0
2022-02-15 14:00:00,715,715,720,720,30000
2022-02-15 14:01:00,710,710,710,710,1200
2022-02-15 14:02:00,710,710,710,710,0
2022-02-15 14:03:00,705,700,705,700,34400
2022-02-15 14:04:00,700,700,700,700,200
2022-02-15 14:05:00,700,695,700,695,3700
2022-02-15 14:06:00,700,695,700,695,0
2022-02-15 14:07:00,700,700,705,705,31000
2022-02-15 14:08:00,700,700,705,705,0
2022-02-15 14:09:00,700,700,705,705,0
2022-02-15 14:10:00,705,705,710,705,1600
2022-02-15 14:11:00,705,705,710,710,30000
2022-02-15 14:12:00,710,710,720,720,800
2022-02-15 14:13:00,710,710,720,720,0
2022-02-15 14:14:00,720,720,720,720,1600
2022-02-15 14:15:00,720,720,720,720,1000
2022-02-15 14:16:00,720,720,720,720,0
2022-02-15 14:17:00,720,720,720,720,1000
2022-02-15 14:18:00,720,720,720,720,0
2022-02-15 14:19:00,720,720,720,720,1000
2022-02-15 14:20:00,720,720,720,720,0
2022-02-15 14:21:00,720,720,720,720,0
2022-02-15 14:22:00,720,720,720,720,1000
2022-02-15 14:23:00,720,720,720,720,0
2022-02-15 14:24:00,720,720,720,720,1000
2022-02-15 14:25:00,720,720,720,720,0
2022-02-15 14:26:00,720,720,720,720,200
2022-02-15 14:27:00,720,715,720,715,1000
2022-02-15 14:28:00,715,715,720,720,3400
2022-02-15 14:29:00,720,720,720,720,600
2022-02-15 14:30:00,720,720,720,720,800
2022-02-15 14:31:00,720,720,720,720,0
2022-02-15 14:32:00,715,690,715,690,77300
2022-02-15 14:33:00,705,705,720,720,16200
2022-02-15 14:34:00,715,690,715,690,8000
2022-02-15 14:35:00,705,705,715,715,2500
2022-02-15 14:36:00,715,715,715,715,1200
2022-02-15 14:37:00,710,710,720,720,11100
2022-02-15 14:38:00,710,710,720,720,0
2022-02-15 14:39:00,720,715,720,715,1200
2022-02-15 14:40:00,715,680,720,720,168900
2022-02-15 14:41:00,720,720,720,720,3000
2022-02-15 14:42:00,720,720,720,720,0
2022-02-15 14:43:00,720,720,720,720,1500
2022-02-15 14:44:00,720,720,720,720,28500
2022-02-15 14:45:00,720,720,725,725,5700
2022-02-15 14:46:00,725,725,725,725,1400
2022-02-15 14:47:00,725,725,725,725,900
2022-02-15 14:48:00,725,725,725,725,800
2022-02-15 14:49:00,720,720,725,725,3200
2022-02-15 14:50:00,720,720,725,725,0
2022-02-15 14:51:00,720,720,725,725,0
2022-02-15 14:52:00,720,720,725,725,0
2022-02-15 14:53:00,720,720,725,725,0
2022-02-15 14:54:00,720,720,725,725,0
2022-02-15 14:55:00,720,720,725,725,0
2022-02-15 14:56:00,720,720,725,725,0
2022-02-15 14:57:00,720,720,725,725,0
2022-02-15 14:58:00,720,720,725,725,0
2022-02-15 14:59:00,720,720,725,725,0
2022-02-15 15:00:00,725,725,725,725,150700
2022-02-15 15:01:00,725,725,725,725,0
2022-02-15 15:02:00,725,725,725,725,0
2022-02-15 15:03:00,725,725,725,725,0
2022-02-15 15:04:00,725,725,725,725,0
2022-02-15 15:05:00,725,725,725,725,0
2022-02-15 15:06:00,725,725,725,725,0
2022-02-15 15:07:00,725,725,725,725,0
2022-02-15 15:08:00,725,725,725,725,0
2022-02-15 15:09:00,725,725,725,725,100
2022-02-15 15:10:00,725,725,725,725,1500
2022-02-15 15:11:00,725,725,725,725,0
2022-02-15 15:12:00,725,725,725,725,0
2022-02-15 15:13:00,725,725,725,725,0
2022-02-15 15:14:00,725,725,725,725,0
2022-02-15 15:15:00,725,725,725,725,0
2022-02-15 15:16:00,725,725,725,725,0
2022-02-15 15:17:00,725,725,725,725,0
2022-02-15 15:18:00,725,725,725,725,0
2022-02-15 15:19:00,725,725,725,725,0
2022-02-15 15:20:00,725,725,725,725,0
2022-02-15 15:21:00,725,725,725,725,0
2022-02-15 15:22:00,725,725,725,725,0
2022-02-15 15:23:00,725,725,725,725,0
2022-02-15 15:24:00,725,725,725,725,0
2022-02-15 15:25:00,725,725,725,725,0
2022-02-15 15:26:00,725,725,725,725,0
2022-02-15 15:27:00,725,725,725,725,0
2022-02-15 15:28:00,725,725,725,725,0
2022-02-15 15:29:00,725,725,725,725,0
2022-02-15 15:30:00,725,725,725,725,0
2022-02-15 15:31:00,725,725,725,725,0
2022-02-15 15:32:00,725,725,725,725,0
2022-02-15 15:33:00,725,725,725,725,0
2022-02-15 15:34:00,725,725,725,725,0
2022-02-15 15:35:00,725,725,725,725,0
2022-02-15 15:36:00,725,725,725,725,0
2022-02-15 15:37:00,725,725,725,725,0
2022-02-15 15:38:00,725,725,725,725,0
2022-02-15 15:39:00,725,725,725,725,0
2022-02-15 15:40:00,725,725,725,725,0
2022-02-15 15:41:00,725,725,725,725,0
2022-02-15 15:42:00,725,725,725,725,0
2022-02-15 15:43:00,725,725,725,725,0
2022-02-15 15:44:00,725,725,725,725,0
2022-02-15 15:45:00,725,725,725,725,0
2022-02-15 15:46:00,725,725,725,725,0
2022-02-15 15:47:00,725,725,725,725,0
2022-02-15 15:48:00,725,725,725,725,0
2022-02-15 15:49:00,725,725,725,725,0
2022-02-15 15:50:00,725,725,725,725,0
2022-02-15 15:51:00,725,725,725,725,0
2022-02-15 15:52:00,725,725,725,725,0
2022-02-15 15:53:00,725,725,725,725,0
2022-02-15 15:54:00,725,725,725,725,0
2022-02-15 15:55:00,725,725,725,725,0
2022-02-15 15:56:00,725,725,725,725,0
2022-02-15 15:57:00,725,725,725,725,0
2022-02-15 15:58:00,725,725,725,725,0
2022-02-15 15:59:00,725,725,725,725,0
2022-02-16 09:00:00,725,725,725,725,0
2022-02-16 09:01:00,725,725,725,725,0
2022-02-16 09:02:00,725,725,725,725,0
2022-02-16 09:03:00,725,725,725,725,0
2022-02-16 09:04:00,725,725,725,725,1200
2022-02-16 09:05:00,725,725,725,725,0
2022-02-16 09:06:00,725,725,725,725,0
2022-02-16 09:07:00,725,725,725,725,800
2022-02-16 09:08:00,725,725,725,725,0
2022-02-16 09:09:00,720,720,720,720,1000
2022-02-16 09:10:00,725,725,725,725,3300
2022-02-16 09:11:00,725,725,725,725,0
2022-02-16 09:12:00,725,725,725,725,0
2022-02-16 09:13:00,725,725,730,730,4000
2022-02-16 09:14:00,725,725,730,730,0
2022-02-16 09:15:00,725,725,730,730,0
2022-02-16 09:16:00,725,725,730,730,0
2022-02-16 09:17:00,730,730,730,730,1000
2022-02-16 09:18:00,730,730,730,730,0
2022-02-16 09:19:00,730,730,730,730,0
2022-02-16 09:20:00,730,730,730,730,0
2022-02-16 09:21:00,730,730,730,730,0
2022-02-16 09:22:00,730,730,730,730,0
2022-02-16 09:23:00,730,730,730,730,3000
2022-02-16 09:24:00,730,730,730,730,1600
2022-02-16 09:25:00,730,730,730,730,0
2022-02-16 09:26:00,730,730,730,730,0
2022-02-16 09:27:00,730,730,730,730,0
2022-02-16 09:28:00,725,725,725,725,26000
2022-02-16 09:29:00,730,730,730,730,300
2022-02-16 09:30:00,730,730,730,730,10000
2022-02-16 09:31:00,725,725,730,730,400
2022-02-16 09:32:00,730,730,730,730,300
2022-02-16 09:33:00,730,730,730,730,0
2022-02-16 09:34:00,730,730,730,730,0
2022-02-16 09:35:00,730,730,730,730,0
2022-02-16 09:36:00,725,725,730,730,9300
2022-02-16 09:37:00,725,725,730,730,0
2022-02-16 09:38:00,725,725,730,730,0
2022-02-16 09:39:00,725,725,730,730,0
2022-02-16 09:40:00,730,730,730,730,300
2022-02-16 09:41:00,730,730,730,730,0
2022-02-16 09:42:00,730,730,730,730,0
2022-02-16 09:43:00,730,730,730,730,0
2022-02-16 09:44:00,730,730,730,730,0
2022-02-16 09:45:00,730,730,730,730,0
2022-02-16 09:46:00,730,730,730,730,0
2022-02-16 09:47:00,730,730,730,730,0
2022-02-16 09:48:00,730,730,730,730,0
2022-02-16 09:49:00,730,730,730,730,200
2022-02-16 09:50:00,730,730,730,730,0
2022-02-16 09:51:00,730,730,730,730,0
2022-02-16 09:52:00,730,730,730,730,0
2022-02-16 09:53:00,730,730,730,730,300
2022-02-16 09:54:00,730,730,730,730,0
2022-02-16 09:55:00,730,730,730,730,0
2022-02-16 09:56:00,730,730,730,730,0
2022-02-16 09:57:00,730,730,730,730,0
2022-02-16 09:58:00,730,730,730,730,0
2022-02-16 09:59:00,730,730,730,730,0
2022-02-16 10:00:00,730,730,730,730,0
2022-02-16 10:01:00,730,730,730,730,0
2022-02-16 10:02:00,730,730,730,730,0
2022-02-16 10:03:00,730,730,730,730,0
2022-02-16 10:04:00,730,730,730,730,0
2022-02-16 10:05:00,730,730,730,730,0
2022-02-16 10:06:00,730,730,730,730,0
2022-02-16 10:07:00,730,730,730,730,0
2022-02-16 10:08:00,730,730,730,730,0
2022-02-16 10:09:00,730,730,730,730,500
2022-02-16 10:10:00,725,725,725,725,4500
2022-02-16 10:11:00,730,730,730,730,200
2022-02-16 10:12:00,730,730,730,730,0
2022-02-16 10:13:00,730,730,730,730,500
2022-02-16 10:14:00,730,730,730,730,0
2022-02-16 10:15:00,730,730,730,730,0
2022-02-16 10:16:00,730,730,730,730,25000
2022-02-16 10:17:00,730,730,730,730,0
2022-02-16 10:18:00,730,730,730,730,0
2022-02-16 10:19:00,730,730,730,730,0
2022-02-16 10:20:00,730,730,730,730,1500
2022-02-16 10:21:00,730,730,730,730,0
2022-02-16 10:22:00,730,730,730,730,300
2022-02-16 10:23:00,730,730,730,730,500
2022-02-16 10:24:00,730,730,730,730,0
2022-02-16 10:25:00,730,730,730,730,0
2022-02-16 10:26:00,730,730,730,730,0
2022-02-16 10:27:00,730,730,730,730,0
2022-02-16 10:28:00,730,730,730,730,0
2022-02-16 10:29:00,730,730,730,730,0
2022-02-16 10:30:00,730,730,730,730,1800
2022-02-16 10:31:00,730,730,730,730,3000
2022-02-16 10:32:00,730,730,730,730,0
2022-02-16 10:33:00,730,730,730,730,0
2022-02-16 10:34:00,730,730,730,730,0
2022-02-16 10:35:00,730,730,730,730,0
2022-02-16 10:36:00,730,730,730,730,0
2022-02-16 10:37:00,730,730,730,730,0
2022-02-16 10:38:00,730,730,730,730,0
2022-02-16 10:39:00,730,730,730,730,0
2022-02-16 10:40:00,730,730,730,730,0
2022-02-16 10:41:00,730,730,730,730,0
2022-02-16 10:42:00,730,730,730,730,0
2022-02-16 10:43:00,730,730,730,730,0
2022-02-16 10:44:00,730,730,730,730,0
2022-02-16 10:45:00,730,730,730,730,0
2022-02-16 10:46:00,730,730,730,730,0
2022-02-16 10:47:00,730,730,730,730,0
2022-02-16 10:48:00,730,730,730,730,0
2022-02-16 10:49:00,730,730,730,730,0
2022-02-16 10:50:00,730,730,730,730,0
2022-02-16 10:51:00,730,730,730,730,0
2022-02-16 10:52:00,730,730,730,730,0
2022-02-16 10:53:00,730,730,730,730,0
2022-02-16 10:54:00,730,730,730,730,300
2022-02-16 10:55:00,730,730,730,730,0
2022-02-16 10:56:00,730,730,730,730,0
2022-02-16 10:57:00,730,730,730,730,0
2022-02-16 10:58:00,730,730,730,730,1100
2022-02-16 10:59:00,730,730,730,730,0
2022-02-16 11:00:00,730,730,730,730,0
2022-02-16 11:01:00,725,725,730,730,50300
2022-02-16 11:02:00,725,725,730,730,0
2022-02-16 11:03:00,725,725,730,730,0
2022-02-16 11:04:00,725,725,730,730,0
2022-02-16 11:05:00,725,725,730,730,0
2022-02-16 11:06:00,725,725,730,730,0
2022-02-16 11:07:00,725,725,730,730,0
2022-02-16 11:08:00,730,730,730,730,300
2022-02-16 11:09:00,730,730,730,730,0
2022-02-16 11:10:00,730,730,730,730,0
2022-02-16 11:11:00,730,730,730,730,0
2022-02-16 11:12:00,730,730,730,730,0
2022-02-16 11:13:00,730,730,730,730,0
2022-02-16 11:14:00,730,730,730,730,0
2022-02-16 11:15:00,730,730,730,730,200
2022-02-16 11:16:00,730,730,730,730,0
2022-02-16 11:17:00,730,730,730,730,0
2022-02-16 11:18:00,730,730,730,730,0
2022-02-16 11:19:00,730,730,730,730,300
2022-02-16 11:20:00,730,730,730,730,0
2022-02-16 11:21:00,730,730,730,730,2100
2022-02-16 11:22:00,730,730,730,730,0
2022-02-16 11:23:00,730,730,730,730,0
2022-02-16 11:24:00,730,730,730,730,300
2022-02-16 11:25:00,730,730,730,730,500
2022-02-16 11:26:00,730,730,730,730,500
2022-02-16 11:27:00,730,730,730,730,1400
2022-02-16 11:28:00,730,730,730,730,500
2022-02-16 11:29:00,730,730,730,730,600
2022-02-16 11:30:00,730,730,730,730,200
2022-02-16 11:31:00,730,730,730,730,0
2022-02-16 11:32:00,730,730,730,730,0
2022-02-16 11:33:00,730,730,730,730,0
2022-02-16 11:34:00,730,730,730,730,0
2022-02-16 11:35:00,730,730,730,730,0
2022-02-16 11:36:00,730,730,730,730,0
2022-02-16 11:37:00,730,730,730,730,0
2022-02-16 11:38:00,730,730,730,730,0
2022-02-16 11:39:00,730,730,730,730,0
2022-02-16 11:40:00,730,730,730,730,0
2022-02-16 11:41:00,730,730,730,730,0
2022-02-16 11:42:00,730,730,730,730,0
2022-02-16 11:43:00,730,730,730,730,0
2022-02-16 11:44:00,730,730,730,730,0
2022-02-16 11:45:00,730,730,730,730,0
2022-02-16 11:46:00,730,730,730,730,0
2022-02-16 11:47:00,730,730,730,730,0
2022-02-16 11:48:00,730,730,730,730,0
2022-02-16 11:49:00,730,730,730,730,0
2022-02-16 11:50:00,730,730,730,730,0
2022-02-16 11:51:00,730,730,730,730,0
2022-02-16 11:52:00,730,730,730,730,0
2022-02-16 11:53:00,730,730,730,730,0
2022-02-16 11:54:00,730,730,730,730,0
2022-02-16 11:55:00,730,730,730,730,0
2022-02-16 11:56:00,730,730,730,730,0
2022-02-16 11:57:00,730,730,730,730,0
2022-02-16 11:58:00,730,730,730,730,0
2022-02-16 11:59:00,730,730,730,730,0
2022-02-16 12:00:00,730,730,730,730,0
2022-02-16 12:01:00,730,730,730,730,0
2022-02-16 12:02:00,730,730,730,730,0
2022-02-16 12:03:00,730,730,730,730,0
2022-02-16 12:04:00,730,730,730,730,0
2022-02-16 12:05:00,730,730,730,730,0
2022-02-16 12:06:00,730,730,730,730,0
2022-02-16 12:07:00,730,730,730,730,0
2022-02-16 12:08:00,730,730,730,730,0
2022-02-16 12:09:00,730,730,730,730,0
2022-02-16 12:10:00,730,730,730,730,0
2022-02-16 12:11:00,730,730,730,730,0
2022-02-16 12:12:00,730,730,730,730,0
2022-02-16 12:13:00,730,730,730,730,0
2022-02-16 12:14:00,730,730,730,730,0
2022-02-16 12:15:00,730,730,730,730,0
2022-02-16 12:16:00,730,730,730,730,0
2022-02-16 12:17:00,730,730,730,730,0
2022-02-16 12:18:00,730,730,730,730,0
2022-02-16 12:19:00,730,730,730,730,0
2022-02-16 12:20:00,730,730,730,730,0
2022-02-16 12:21:00,730,730,730,730,0
2022-02-16 12:22:00,730,730,730,730,0
2022-02-16 12:23:00,730,730,730,730,0
2022-02-16 12:24:00,730,730,730,730,0
2022-02-16 12:25:00,730,730,730,730,0
2022-02-16 12:26:00,730,730,730,730,0
2022-02-16 12:27:00,730,730,730,730,0
2022-02-16 12:28:00,730,730,730,730,0
2022-02-16 12:29:00,730,730,730,730,0
2022-02-16 12:30:00,730,730,730,730,0
2022-02-16 12:31:00,730,730,730,730,0
2022-02-16 12:32:00,730,730,730,730,0
2022-02-16 12:33:00,730,730,730,730,0
2022-02-16 12:34:00,730,730,730,730,0
2022-02-16 12:35:00,730,730,730,730,0
2022-02-16 12:36:00,730,730,730,730,0
2022-02-16 12:37:00,730,730,730,730,0
2022-02-16 12:38:00,730,730,730,730,0
2022-02-16 12:39:00,730,730,730,730,0
2022-02-16 12:40:00,730,730,730,730,0
2022-02-16 12:41:00,730,730,730,730,0
2022-02-16 12:42:00,730,730,730,730,0
2022-02-16 12:43:00,730,730,730,730,0
2022-02-16 12:44:00,730,730,730,730,0
2022-02-16 12:45:00,730,730,730,730,0
2022-02-16 12:46:00,730,730,730,730,0
2022-02-16 12:47:00,730,730,730,730,0
2022-02-16 12:48:00,730,730,730,730,0
2022-02-16 12:49:00,730,730,730,730,0
2022-02-16 12:50:00,730,730,730,730,0
2022-02-16 12:51:00,730,730,730,730,0
2022-02-16 12:52:00,730,730,730,730,0
2022-02-16 12:53:00,730,730,730,730,0
2022-02-16 12:54:00,730,730,730,730,0
2022-02-16 12:55:00,730,730,730,730,0
2022-02-16 12:56:00,730,730,730,730,0
2022-02-16 12:57:00,730,730,730,730,0
2022-02-16 12:58:00,730,730,730,730,0
2022-02-16 12:59:00,730,730,730,730,0
2022-02-16 13:00:00,730,730,730,730,0
2022-02-16 13:01:00,730,730,730,730,0
2022-02-16 13:02:00,730,730,730,730,0
2022-02-16 13:03:00,730,730,730,730,0
2022-02-16 13:04:00,730,730,730,730,0
2022-02-16 13:05:00,730,730,730,730,0
2022-02-16 13:06:00,730,730,730,730,0
2022-02-16 13:07:00,730,730,730,730,0
2022-02-16 13:08:00,730,730,730,730,0
2022-02-16 13:09:00,730,730,730,730,0
2022-02-16 13:10:00,730,730,730,730,0
2022-02-16 13:11:00,730,730,730,730,0
2022-02-16 13:12:00,730,730,730,730,0
2022-02-16 13:13:00,730,730,730,730,0
2022-02-16 13:14:00,730,730,730,730,0
2022-02-16 13:15:00,730,730,730,730,0
2022-02-16 13:16:00,730,730,730,730,0
2022-02-16 13:17:00,730,730,730,730,0
2022-02-16 13:18:00,730,730,730,730,0
2022-02-16 13:19:00,730,730,730,730,0
2022-02-16 13:20:00,730,730,730,730,0
2022-02-16 13:21:00,730,730,730,730,0
2022-02-16 13:22:00,730,730,730,730,0
2022-02-16 13:23:00,730,730,730,730,0
2022-02-16 13:24:00,730,730,730,730,0
2022-02-16 13:25:00,730,730,730,730,0
2022-02-16 13:26:00,730,730,730,730,0
2022-02-16 13:27:00,730,730,730,730,0
2022-02-16 13:28:00,730,730,730,730,0
2022-02-16 13:29:00,730,730,730,730,0
2022-02-16 13:30:00,730,730,730,730,100
2022-02-16 13:31:00,730,730,730,730,0
2022-02-16 13:32:00,730,730,730,730,200
2022-02-16 13:33:00,730,730,730,730,0
2022-02-16 13:34:00,730,730,730,730,0
2022-02-16 13:35:00,730,730,730,730,2000
2022-02-16 13:36:00,730,730,730,730,0
2022-02-16 13:37:00,730,730,730,730,0
2022-02-16 13:38:00,730,730,730,730,0
2022-02-16 13:39:00,730,730,730,730,0
2022-02-16 13:40:00,730,730,730,730,0
2022-02-16 13:41:00,730,730,730,730,0
2022-02-16 13:42:00,730,730,730,730,0
2022-02-16 13:43:00,730,730,730,730,25000
2022-02-16 13:44:00,730,730,730,730,0
2022-02-16 13:45:00,730,730,730,730,0
2022-02-16 13:46:00,730,730,730,730,0
2022-02-16 13:47:00,730,730,730,730,0
2022-02-16 13:48:00,730,730,730,730,0
2022-02-16 13:49:00,730,730,730,730,0
2022-02-16 13:50:00,730,730,730,730,3000
2022-02-16 13:51:00,730,730,730,730,0
2022-02-16 13:52:00,730,730,730,730,0
2022-02-16 13:53:00,730,730,730,730,0
2022-02-16 13:54:00,730,730,730,730,0
2022-02-16 13:55:00,730,730,730,730,0
2022-02-16 13:56:00,730,730,730,730,1200
2022-02-16 13:57:00,730,730,730,730,0
2022-02-16 13:58:00,730,730,730,730,0
2022-02-16 13:59:00,730,730,730,730,0
2022-02-16 14:00:00,725,725,725,725,3600
2022-02-16 14:01:00,730,730,730,730,300
2022-02-16 14:02:00,730,730,730,730,0
2022-02-16 14:03:00,730,730,730,730,0
2022-02-16 14:04:00,730,730,730,730,500
2022-02-16 14:05:00,730,730,730,730,0
2022-02-16 14:06:00,730,730,730,730,0
2022-02-16 14:07:00,730,730,730,730,0
2022-02-16 14:08:00,730,730,730,730,0
2022-02-16 14:09:00,730,730,730,730,100
2022-02-16 14:10:00,730,730,730,730,0
2022-02-16 14:11:00,730,730,730,730,0
2022-02-16 14:12:00,730,730,730,730,300
2022-02-16 14:13:00,730,730,730,730,0
2022-02-16 14:14:00,730,730,730,730,0
2022-02-16 14:15:00,730,730,730,730,0
2022-02-16 14:16:00,730,730,730,730,0
2022-02-16 14:17:00,730,725,730,730,7300
2022-02-16 14:18:00,725,725,725,725,13800
2022-02-16 14:19:00,725,725,725,725,0
2022-02-16 14:20:00,725,725,725,725,0
2022-02-16 14:21:00,725,725,725,725,0
2022-02-16 14:22:00,725,725,725,725,0
2022-02-16 14:23:00,725,725,725,725,0
2022-02-16 14:24:00,725,725,725,725,200
2022-02-16 14:25:00,725,725,725,725,0
2022-02-16 14:26:00,725,725,725,725,0
2022-02-16 14:27:00,725,725,725,725,0
2022-02-16 14:28:00,725,725,725,725,100
2022-02-16 14:29:00,725,725,725,725,0
2022-02-16 14:30:00,725,725,725,725,0
2022-02-16 14:31:00,725,725,725,725,0
2022-02-16 14:32:00,725,725,725,725,500
2022-02-16 14:33:00,725,725,725,725,0
2022-02-16 14:34:00,725,725,725,725,300
2022-02-16 14:35:00,725,720,725,720,2800
2022-02-16 14:36:00,725,725,725,725,400
2022-02-16 14:37:00,720,720,725,725,4000
2022-02-16 14:38:00,720,720,725,725,0
2022-02-16 14:39:00,725,725,725,725,900
2022-02-16 14:40:00,725,725,725,725,0
2022-02-16 14:41:00,725,725,725,725,0
2022-02-16 14:42:00,725,725,725,725,600
2022-02-16 14:43:00,725,725,725,725,200
2022-02-16 14:44:00,725,725,725,725,0
2022-02-16 14:45:00,720,720,725,725,44600
2022-02-16 14:46:00,725,725,725,725,1500
2022-02-16 14:47:00,725,725,725,725,1100
2022-02-16 14:48:00,725,725,725,725,1100
2022-02-16 14:49:00,725,725,725,725,1200
2022-02-16 14:50:00,725,725,725,725,0
2022-02-16 14:51:00,725,725,725,725,0
2022-02-16 14:52:00,725,725,725,725,0
2022-02-16 14:53:00,725,725,725,725,0
2022-02-16 14:54:00,725,725,725,725,0
2022-02-16 14:55:00,725,725,725,725,0
2022-02-16 14:56:00,725,725,725,725,0
2022-02-16 14:57:00,725,725,725,725,0
2022-02-16 14:58:00,725,725,725,725,0
2022-02-16 14:59:00,725,725,725,725,0
2022-02-16 15:00:00,725,725,725,725,100900
2022-02-16 15:01:00,725,725,725,725,0
2022-02-16 15:02:00,725,725,725,725,0
2022-02-16 15:03:00,725,725,725,725,0
2022-02-16 15:04:00,725,725,725,725,0
2022-02-16 15:05:00,725,725,725,725,0
2022-02-16 15:06:00,725,725,725,725,0
2022-02-16 15:07:00,725,725,725,725,0
2022-02-16 15:08:00,725,725,725,725,0
2022-02-16 15:09:00,725,725,725,725,0
2022-02-16 15:10:00,725,725,725,725,0
2022-02-16 15:11:00,725,725,725,725,0
2022-02-16 15:12:00,725,725,725,725,0
2022-02-16 15:13:00,725,725,725,725,0
2022-02-16 15:14:00,725,725,725,725,0
2022-02-16 15:15:00,725,725,725,725,0
2022-02-16 15:16:00,725,725,725,725,0
2022-02-16 15:17:00,725,725,725,725,0
2022-02-16 15:18:00,725,725,725,725,0
2022-02-16 15:19:00,725,725,725,725,0
2022-02-16 15:20:00,725,725,725,725,0
2022-02-16 15:21:00,725,725,725,725,0
2022-02-16 15:22:00,725,725,725,725,0
2022-02-16 15:23:00,725,725,725,725,0
2022-02-16 15:24:00,725,725,725,725,0
2022-02-16 15:25:00,725,725,725,725,0
2022-02-16 15:26:00,725,725,725,725,0
2022-02-16 15:27:00,725,725,725,725,0
2022-02-16 15:28:00,725,725,725,725,0
2022-02-16 15:29:00,725,725,725,725,0
2022-02-16 15:30:00,725,725,725,725,0
2022-02-16 15:31:00,725,725,725,725,0
2022-02-16 15:32:00,725,725,725,725,0
2022-02-16 15:33:00,725,725,725,725,0
2022-02-16 15:34:00,725,725,725,725,0
2022-02-16 15:35:00,725,725,725,725,0
2022-02-16 15:36:00,725,725,725,725,0
2022-02-16 15:37:00,725,725,725,725,0
2022-02-16 15:38:00,725,725,725,725,0
2022-02-16 15:39:00,725,725,725,725,0
2022-02-16 15:40:00,725,725,725,725,0
2022-02-16 15:41:00,725,725,725,725,0
2022-02-16 15:42:00,725,725,725,725,0
2022-02-16 15:43:00,725,725,725,725,0
2022-02-16 15:44:00,725,725,725,725,0
2022-02-16 15:45:00,725,725,725,725,0
2022-02-16 15:46:00,725,725,725,725,0
2022-02-16 15:47:00,725,725,725,725,0
2022-02-16 15:48:00,725,725,725,725,0
2022-02-16 15:49:00,725,725,725,725,0
2022-02-16 15:50:00,725,725,725,725,0
2022-02-16 15:51:00,725,725,725,725,0
2022-02-16 15:52:00,725,725,725,725,0
2022-02-16 15:53:00,725,725,725,725,0
2022-02-16 15:54:00,725,725,725,725,0
2022-02-16 15:55:00,725,725,725,725,0
2022-02-16 15:56:00,725,725,725,725,0
2022-02-16 15:57:00,725,725,725,725,0
2022-02-16 15:58:00,725,725,725,725,0
2022-02-16 15:59:00,725,725,725,725,0
2022-02-17 09:00:00,725,725,725,725,0
2022-02-17 09:01:00,725,725,725,725,0
2022-02-17 09:02:00,725,725,725,725,0
2022-02-17 09:03:00,725,725,725,725,0
2022-02-17 09:04:00,725,725,725,725,300
2022-02-17 09:05:00,725,725,725,725,0
2022-02-17 09:06:00,725,725,725,725,0
2022-02-17 09:07:00,725,725,725,725,0
2022-02-17 09:08:00,725,725,725,725,0
2022-02-17 09:09:00,720,720,725,725,400
2022-02-17 09:10:00,720,720,725,725,0
2022-02-17 09:11:00,720,720,725,725,0
2022-02-17 09:12:00,725,725,725,725,200
2022-02-17 09:13:00,725,725,725,725,0
2022-02-17 09:14:00,725,725,725,725,300
2022-02-17 09:15:00,725,725,725,725,0
2022-02-17 09:16:00,725,725,725,725,200
2022-02-17 09:17:00,725,725,725,725,0
2022-02-17 09:18:00,725,725,725,725,0
2022-02-17 09:19:00,720,715,720,715,5800
2022-02-17 09:20:00,720,720,720,720,200
2022-02-17 09:21:00,720,720,720,720,200
2022-02-17 09:22:00,720,720,720,720,0
2022-02-17 09:23:00,720,720,725,725,5000
2022-02-17 09:24:00,725,725,725,725,200
2022-02-17 09:25:00,725,725,725,725,0
2022-02-17 09:26:00,725,725,725,725,0
2022-02-17 09:27:00,725,725,725,725,0
2022-02-17 09:28:00,725,725,725,725,300
2022-02-17 09:29:00,725,725,725,725,0
2022-02-17 09:30:00,720,720,725,725,600
2022-02-17 09:31:00,720,720,725,725,0
2022-02-17 09:32:00,720,720,725,725,0
2022-02-17 09:33:00,720,720,720,720,2000
2022-02-17 09:34:00,725,725,725,725,200
2022-02-17 09:35:00,725,725,725,725,0
2022-02-17 09:36:00,725,725,725,725,0
2022-02-17 09:37:00,725,725,725,725,0
2022-02-17 09:38:00,725,725,725,725,0
2022-02-17 09:39:00,725,725,725,725,0
2022-02-17 09:40:00,725,725,725,725,0
2022-02-17 09:41:00,725,725,725,725,0
2022-02-17 09:42:00,725,725,725,725,0
2022-02-17 09:43:00,725,725,725,725,0
2022-02-17 09:44:00,725,725,725,725,0
2022-02-17 09:45:00,725,725,725,725,0
2022-02-17 09:46:00,725,725,725,725,0
2022-02-17 09:47:00,725,725,725,725,0
2022-02-17 09:48:00,725,725,725,725,0
2022-02-17 09:49:00,725,725,725,725,1100
2022-02-17 09:50:00,725,725,725,725,0
2022-02-17 09:51:00,720,720,725,725,300
2022-02-17 09:52:00,720,720,725,725,0
2022-02-17 09:53:00,720,720,725,725,0
2022-02-17 09:54:00,720,720,725,725,0
2022-02-17 09:55:00,720,720,725,725,0
2022-02-17 09:56:00,720,720,720,720,6900
2022-02-17 09:57:00,720,720,720,720,0
2022-02-17 09:58:00,720,720,725,725,2300
2022-02-17 09:59:00,725,725,725,725,300
2022-02-17 10:00:00,725,725,725,725,0
2022-02-17 10:01:00,725,725,725,725,0
2022-02-17 10:02:00,725,725,725,725,0
2022-02-17 10:03:00,725,725,725,725,0
2022-02-17 10:04:00,725,725,725,725,300
2022-02-17 10:05:00,725,725,725,725,0
2022-02-17 10:06:00,725,725,725,725,0
2022-02-17 10:07:00,725,725,725,725,0
2022-02-17 10:08:00,725,725,725,725,0
2022-02-17 10:09:00,725,725,725,725,0
2022-02-17 10:10:00,725,725,725,725,0
2022-02-17 10:11:00,725,725,725,725,0
2022-02-17 10:12:00,725,725,725,725,0
2022-02-17 10:13:00,725,725,725,725,0
2022-02-17 10:14:00,725,725,725,725,0
2022-02-17 10:15:00,725,725,725,725,0
2022-02-17 10:16:00,725,725,725,725,0
2022-02-17 10:17:00,725,725,725,725,0
2022-02-17 10:18:00,725,725,725,725,0
2022-02-17 10:19:00,725,725,725,725,0
2022-02-17 10:20:00,725,725,725,725,0
2022-02-17 10:21:00,725,725,725,725,0
2022-02-17 10:22:00,725,725,725,725,10300
2022-02-17 10:23:00,725,725,725,725,0
2022-02-17 10:24:00,725,725,725,725,0
2022-02-17 10:25:00,725,725,725,725,0
2022-02-17 10:26:00,725,725,725,725,0
2022-02-17 10:27:00,725,725,725,725,0
2022-02-17 10:28:00,725,725,730,730,50000
2022-02-17 10:29:00,730,730,730,730,200
2022-02-17 10:30:00,730,730,730,730,200
2022-02-17 10:31:00,730,730,730,730,0
2022-02-17 10:32:00,730,730,730,730,0
2022-02-17 10:33:00,730,730,730,730,0
2022-02-17 10:34:00,730,730,730,730,1000
2022-02-17 10:35:00,730,730,730,730,0
2022-02-17 10:36:00,730,730,730,730,0
2022-02-17 10:37:00,730,730,730,730,0
2022-02-17 10:38:00,730,730,730,730,0
2022-02-17 10:39:00,730,730,730,730,0
2022-02-17 10:40:00,730,730,730,730,0
2022-02-17 10:41:00,730,730,730,730,5000
2022-02-17 10:42:00,730,730,730,730,0
2022-02-17 10:43:00,730,730,730,730,0
2022-02-17 10:44:00,730,730,730,730,0
2022-02-17 10:45:00,730,730,730,730,0
2022-02-17 10:46:00,730,730,730,730,0
2022-02-17 10:47:00,730,730,730,730,0
2022-02-17 10:48:00,730,730,730,730,0
2022-02-17 10:49:00,730,730,730,730,0
2022-02-17 10:50:00,730,730,730,730,20000
2022-02-17 10:51:00,730,730,730,730,14000
2022-02-17 10:52:00,730,730,730,730,0
2022-02-17 10:53:00,730,730,730,730,0
2022-02-17 10:54:00,730,730,730,730,0
2022-02-17 10:55:00,730,730,730,730,0
2022-02-17 10:56:00,730,730,730,730,0
2022-02-17 10:57:00,730,730,730,730,0
2022-02-17 10:58:00,730,730,730,730,0
2022-02-17 10:59:00,730,730,730,730,0
2022-02-17 11:00:00,730,730,730,730,0
2022-02-17 11:01:00,730,730,730,730,0
2022-02-17 11:02:00,730,730,730,730,0
2022-02-17 11:03:00,730,730,730,730,0
2022-02-17 11:04:00,730,730,730,730,300
2022-02-17 11:05:00,730,730,730,730,10000
2022-02-17 11:06:00,730,730,730,730,0
2022-02-17 11:07:00,730,730,730,730,0
2022-02-17 11:08:00,730,730,730,730,0
2022-02-17 11:09:00,730,730,730,730,0
2022-02-17 11:10:00,730,730,730,730,0
2022-02-17 11:11:00,730,730,730,730,0
2022-02-17 11:12:00,730,730,730,730,300
2022-02-17 11:13:00,730,730,730,730,0
2022-02-17 11:14:00,730,730,730,730,300
2022-02-17 11:15:00,730,730,730,730,0
2022-02-17 11:16:00,730,730,730,730,200
2022-02-17 11:17:00,730,730,730,730,0
2022-02-17 11:18:00,730,730,730,730,300
2022-02-17 11:19:00,730,730,730,730,0
2022-02-17 11:20:00,730,730,730,730,0
2022-02-17 11:21:00,730,730,730,730,300
2022-02-17 11:22:00,730,730,730,730,200
2022-02-17 11:23:00,730,730,730,730,0
2022-02-17 11:24:00,730,730,730,730,300
2022-02-17 11:25:00,730,730,730,730,0
2022-02-17 11:26:00,730,730,730,730,200
2022-02-17 11:27:00,730,730,735,735,70300
2022-02-17 11:28:00,730,730,735,735,0
2022-02-17 11:29:00,730,730,735,730,1900
2022-02-17 11:30:00,730,730,735,730,0
2022-02-17 11:31:00,730,730,735,730,0
2022-02-17 11:32:00,730,730,735,730,0
2022-02-17 11:33:00,730,730,735,730,0
2022-02-17 11:34:00,730,730,735,730,0
2022-02-17 11:35:00,730,730,735,730,0
2022-02-17 11:36:00,730,730,735,730,0
2022-02-17 11:37:00,730,730,735,730,0
2022-02-17 11:38:00,730,730,735,730,0
2022-02-17 11:39:00,730,730,735,730,0
2022-02-17 11:40:00,730,730,735,730,0
2022-02-17 11:41:00,730,730,735,730,0
2022-02-17 11:42:00,730,730,735,730,0
2022-02-17 11:43:00,730,730,735,730,0
2022-02-17 11:44:00,730,730,735,730,0
2022-02-17 11:45:00,730,730,735,730,0
2022-02-17 11:46:00,730,730,735,730,0
2022-02-17 11:47:00,730,730,735,730,0
2022-02-17 11:48:00,730,730,735,730,0
2022-02-17 11:49:00,730,730,735,730,0
2022-02-17 11:50:00,730,730,735,730,0
2022-02-17 11:51:00,730,730,735,730,0
2022-02-17 11:52:00,730,730,735,730,0
2022-02-17 11:53:00,730,730,735,730,0
2022-02-17 11:54:00,730,730,735,730,0
2022-02-17 11:55:00,730,730,735,730,0
2022-02-17 11:56:00,730,730,735,730,0
2022-02-17 11:57:00,730,730,735,730,0
2022-02-17 11:58:00,730,730,735,730,0
2022-02-17 11:59:00,730,730,735,730,0
2022-02-17 12:00:00,730,730,735,730,0
2022-02-17 12:01:00,730,730,735,730,0
2022-02-17 12:02:00,730,730,735,730,0
2022-02-17 12:03:00,730,730,735,730,0
2022-02-17 12:04:00,730,730,735,730,0
2022-02-17 12:05:00,730,730,735,730,0
2022-02-17 12:06:00,730,730,735,730,0
2022-02-17 12:07:00,730,730,735,730,0
2022-02-17 12:08:00,730,730,735,730,0
2022-02-17 12:09:00,730,730,735,730,0
2022-02-17 12:10:00,730,730,735,730,0
2022-02-17 12:11:00,730,730,735,730,0
2022-02-17 12:12:00,730,730,735,730,0
2022-02-17 12:13:00,730,730,735,730,0
2022-02-17 12:14:00,730,730,735,730,0
2022-02-17 12:15:00,730,730,735,730,0
2022-02-17 12:16:00,730,730,735,730,0
2022-02-17 12:17:00,730,730,735,730,0
2022-02-17 12:18:00,730,730,735,730,0
2022-02-17 12:19:00,730,730,735,730,0
2022-02-17 12:20:00,730,730,735,730,0
2022-02-17 12:21:00,730,730,735,730,0
2022-02-17 12:22:00,730,730,735,730,0
2022-02-17 12:23:00,730,730,735,730,0
2022-02-17 12:24:00,730,730,735,730,0
2022-02-17 12:25:00,730,730,735,730,0
2022-02-17 12:26:00,730,730,735,730,0
2022-02-17 12:27:00,730,730,735,730,0
2022-02-17 12:28:00,730,730,735,730,0
2022-02-17 12:29:00,730,730,735,730,0
2022-02-17 12:30:00,730,730,735,730,0
2022-02-17 12:31:00,730,730,735,730,0
2022-02-17 12:32:00,730,730,735,730,0
2022-02-17 12:33:00,730,730,735,730,0
2022-02-17 12:34:00,730,730,735,730,0
2022-02-17 12:35:00,730,730,735,730,0
2022-02-17 12:36:00,730,730,735,730,0
2022-02-17 12:37:00,730,730,735,730,0
2022-02-17 12:38:00,730,730,735,730,0
2022-02-17 12:39:00,730,730,735,730,0
2022-02-17 12:40:00,730,730,735,730,0
2022-02-17 12:41:00,730,730,735,730,0
2022-02-17 12:42:00,730,730,735,730,0
2022-02-17 12:43:00,730,730,735,730,0
2022-02-17 12:44:00,730,730,735,730,0
2022-02-17 12:45:00,730,730,735,730,0
2022-02-17 12:46:00,730,730,735,730,0
2022-02-17 12:47:00,730,730,735,730,0
2022-02-17 12:48:00,730,730,735,730,0
2022-02-17 12:49:00,730,730,735,730,0
2022-02-17 12:50:00,730,730,735,730,0
2022-02-17 12:51:00,730,730,735,730,0
2022-02-17 12:52:00,730,730,735,730,0
2022-02-17 12:53:00,730,730,735,730,0
2022-02-17 12:54:00,730,730,735,730,0
2022-02-17 12:55:00,730,730,735,730,0
2022-02-17 12:56:00,730,730,735,730,0
2022-02-17 12:57:00,730,730,735,730,0
2022-02-17 12:58:00,730,730,735,730,0
2022-02-17 12:59:00,730,730,735,730,0
2022-02-17 13:00:00,730,730,735,730,0
2022-02-17 13:01:00,730,730,735,730,0
2022-02-17 13:02:00,730,730,735,730,0
2022-02-17 13:03:00,730,730,735,730,0
2022-02-17 13:04:00,730,730,735,730,0
2022-02-17 13:05:00,730,730,735,730,0
2022-02-17 13:06:00,730,730,735,730,0
2022-02-17 13:07:00,730,730,735,730,0
2022-02-17 13:08:00,730,730,735,730,0
2022-02-17 13:09:00,730,730,735,730,0
2022-02-17 13:10:00,730,730,735,730,0
2022-02-17 13:11:00,730,730,735,730,0
2022-02-17 13:12:00,730,730,735,730,0
2022-02-17 13:13:00,730,730,735,730,0
2022-02-17 13:14:00,730,730,735,730,0
2022-02-17 13:15:00,730,730,735,730,0
2022-02-17 13:16:00,730,730,735,730,0
2022-02-17 13:17:00,730,730,735,730,0
2022-02-17 13:18:00,730,730,735,730,0
2022-02-17 13:19:00,730,730,735,730,0
2022-02-17 13:20:00,730,730,735,730,0
2022-02-17 13:21:00,730,730,735,730,0
2022-02-17 13:22:00,730,730,735,730,0
2022-02-17 13:23:00,730,730,735,730,0
2022-02-17 13:24:00,730,730,735,730,0
2022-02-17 13:25:00,730,730,735,730,0
2022-02-17 13:26:00,730,730,735,730,0
2022-02-17 13:27:00,730,730,735,730,0
2022-02-17 13:28:00,730,730,735,730,0
2022-02-17 13:29:00,730,730,735,730,0
2022-02-17 13:30:00,730,725,735,725,71700
2022-02-17 13:31:00,730,725,735,725,0
2022-02-17 13:32:00,725,725,735,735,10000
2022-02-17 13:33:00,725,725,735,735,0
2022-02-17 13:34:00,725,725,735,735,0
2022-02-17 13:35:00,725,725,735,735,0
2022-02-17 13:36:00,725,725,735,735,0
2022-02-17 13:37:00,725,725,735,735,0
2022-02-17 13:38:00,725,725,735,735,0
2022-02-17 13:39:00,725,725,735,735,0
2022-02-17 13:40:00,725,725,735,735,0
2022-02-17 13:41:00,725,725,735,735,0
2022-02-17 13:42:00,725,725,735,735,0
2022-02-17 13:43:00,725,725,735,735,0
2022-02-17 13:44:00,730,730,730,730,1100
2022-02-17 13:45:00,735,735,735,735,28800
2022-02-17 13:46:00,735,735,735,735,5000
2022-02-17 13:47:00,735,735,735,735,300
2022-02-17 13:48:00,735,735,735,735,0
2022-02-17 13:49:00,735,735,735,735,400
2022-02-17 13:50:00,730,730,730,730,1500
2022-02-17 13:51:00,735,735,735,735,200
2022-02-17 13:52:00,735,735,735,735,200
2022-02-17 13:53:00,735,735,735,735,0
2022-02-17 13:54:00,735,735,735,735,300
2022-02-17 13:55:00,735,735,735,735,0
2022-02-17 13:56:00,735,735,735,735,300
2022-02-17 13:57:00,735,735,735,735,0
2022-02-17 13:58:00,735,735,740,735,30100
2022-02-17 13:59:00,740,740,740,740,500
2022-02-17 14:00:00,740,740,740,740,0
2022-02-17 14:01:00,740,740,740,740,5300
2022-02-17 14:02:00,735,735,735,735,1300
2022-02-17 14:03:00,740,740,740,740,2000
2022-02-17 14:04:00,740,740,740,740,300
2022-02-17 14:05:00,740,740,740,740,0
2022-02-17 14:06:00,740,740,740,740,0
2022-02-17 14:07:00,740,740,740,740,0
2022-02-17 14:08:00,740,740,740,740,0
2022-02-17 14:09:00,740,740,740,740,0
2022-02-17 14:10:00,740,740,740,740,0
2022-02-17 14:11:00,735,735,735,735,800
2022-02-17 14:12:00,735,735,735,735,3600
2022-02-17 14:13:00,730,725,730,725,4900
2022-02-17 14:14:00,740,740,740,740,500
2022-02-17 14:15:00,740,735,740,740,6800
2022-02-17 14:16:00,740,740,740,740,200
2022-02-17 14:17:00,740,740,740,740,0
2022-02-17 14:18:00,740,740,740,740,0
2022-02-17 14:19:00,740,740,740,740,0
2022-02-17 14:20:00,740,740,740,740,0
2022-02-17 14:21:00,740,740,740,740,0
2022-02-17 14:22:00,740,740,740,740,0
2022-02-17 14:23:00,740,740,740,740,0
2022-02-17 14:24:00,740,740,740,740,0
2022-02-17 14:25:00,740,740,740,740,300
2022-02-17 14:26:00,740,740,740,740,0
2022-02-17 14:27:00,740,740,740,740,0
2022-02-17 14:28:00,740,740,740,740,0
2022-02-17 14:29:00,740,740,740,740,0
2022-02-17 14:30:00,740,740,740,740,0
2022-02-17 14:31:00,740,740,740,740,0
2022-02-17 14:32:00,740,740,740,740,0
2022-02-17 14:33:00,740,740,740,740,0
2022-02-17 14:34:00,735,735,735,735,1500
2022-02-17 14:35:00,735,735,735,735,300
2022-02-17 14:36:00,735,735,735,735,8300
2022-02-17 14:37:00,735,735,735,735,5000
2022-02-17 14:38:00,735,735,735,735,0
2022-02-17 14:39:00,735,735,735,735,0
2022-02-17 14:40:00,735,735,735,735,0
2022-02-17 14:41:00,735,735,735,735,2000
2022-02-17 14:42:00,735,735,735,735,300
2022-02-17 14:43:00,735,735,735,735,600
2022-02-17 14:44:00,735,735,735,735,2000
2022-02-17 14:45:00,740,740,740,740,700
2022-02-17 14:46:00,735,735,740,740,2900
2022-02-17 14:47:00,740,740,740,740,900
2022-02-17 14:48:00,740,735,740,740,3800
2022-02-17 14:49:00,740,735,740,740,1200
2022-02-17 14:50:00,740,735,740,740,0
2022-02-17 14:51:00,740,735,740,740,0
2022-02-17 14:52:00,740,735,740,740,0
2022-02-17 14:53:00,740,735,740,740,0
2022-02-17 14:54:00,740,735,740,740,0
2022-02-17 14:55:00,740,735,740,740,0
2022-02-17 14:56:00,740,735,740,740,0
2022-02-17 14:57:00,740,735,740,740,0
2022-02-17 14:58:00,740,735,740,740,0
2022-02-17 14:59:00,740,735,740,740,0
2022-02-17 15:00:00,740,740,740,740,125000
2022-02-17 15:01:00,740,740,740,740,0
2022-02-17 15:02:00,740,740,740,740,300
2022-02-17 15:03:00,740,740,740,740,0
2022-02-17 15:04:00,740,740,740,740,1000
2022-02-17 15:05:00,740,740,740,740,0
2022-02-17 15:06:00,740,740,740,740,0
2022-02-17 15:07:00,740,740,740,740,0
2022-02-17 15:08:00,740,740,740,740,0
2022-02-17 15:09:00,740,740,740,740,0
2022-02-17 15:10:00,740,740,740,740,0
2022-02-17 15:11:00,740,740,740,740,0
2022-02-17 15:12:00,740,740,740,740,0
2022-02-17 15:13:00,740,740,740,740,0
2022-02-17 15:14:00,740,740,740,740,0
2022-02-17 15:15:00,740,740,740,740,0
2022-02-17 15:16:00,740,740,740,740,0
2022-02-17 15:17:00,740,740,740,740,0
2022-02-17 15:18:00,740,740,740,740,0
2022-02-17 15:19:00,740,740,740,740,0
2022-02-17 15:20:00,740,740,740,740,0
2022-02-17 15:21:00,740,740,740,740,0
2022-02-17 15:22:00,740,740,740,740,0
2022-02-17 15:23:00,740,740,740,740,0
2022-02-17 15:24:00,740,740,740,740,0
2022-02-17 15:25:00,740,740,740,740,0
2022-02-17 15:26:00,740,740,740,740,0
2022-02-17 15:27:00,740,740,740,740,0
2022-02-17 15:28:00,740,740,740,740,0
2022-02-17 15:29:00,740,740,740,740,0
2022-02-17 15:30:00,740,740,740,740,0
2022-02-17 15:31:00,740,740,740,740,0
2022-02-17 15:32:00,740,740,740,740,0
2022-02-17 15:33:00,740,740,740,740,0
2022-02-17 15:34:00,740,740,740,740,0
2022-02-17 15:35:00,740,740,740,740,0
2022-02-17 15:36:00,740,740,740,740,0
2022-02-17 15:37:00,740,740,740,740,0
2022-02-17 15:38:00,740,740,740,740,0
2022-02-17 15:39:00,740,740,740,740,0
2022-02-17 15:40:00,740,740,740,740,0
2022-02-17 15:41:00,740,740,740,740,0
2022-02-17 15:42:00,740,740,740,740,0
2022-02-17 15:43:00,740,740,740,740,0
2022-02-17 15:44:00,740,740,740,740,0
2022-02-17 15:45:00,740,740,740,740,0
2022-02-17 15:46:00,740,740,740,740,0
2022-02-17 15:47:00,740,740,740,740,0
2022-02-17 15:48:00,740,740,740,740,0
2022-02-17 15:49:00,740,740,740,740,0
2022-02-17 15:50:00,740,740,740,740,0
2022-02-17 15:51:00,740,740,740,740,0
2022-02-17 15:52:00,740,740,740,740,0
2022-02-17 15:53:00,740,740,740,740,0
2022-02-17 15:54:00,740,740,740,740,0
2022-02-17 15:55:00,740,740,740,740,0
2022-02-17 15:56:00,740,740,740,740,0
2022-02-17 15:57:00,740,740,740,740,0
2022-02-17 15:58:00,740,740,740,740,0
2022-02-17 15:59:00,740,740,740,740,0
2022-02-18 09:00:00,740,740,740,740,0
2022-02-18 09:01:00,740,740,750,750,153700
2022-02-18 09:02:00,755,750,755,750,117800
2022-02-18 09:03:00,755,750,755,750,0
2022-02-18 09:04:00,750,745,750,745,300
2022-02-18 09:05:00,750,750,750,750,300
2022-02-18 09:06:00,750,750,750,750,1700
2022-02-18 09:07:00,750,750,750,750,3000
2022-02-18 09:08:00,750,750,750,750,1000
2022-02-18 09:09:00,750,750,750,750,0
2022-02-18 09:10:00,750,750,750,750,0
2022-02-18 09:11:00,750,750,750,750,0
2022-02-18 09:12:00,750,745,750,750,3400
2022-02-18 09:13:00,750,750,750,750,35000
2022-02-18 09:14:00,745,745,750,750,3200
2022-02-18 09:15:00,745,745,745,745,18500
2022-02-18 09:16:00,745,740,745,745,13700
2022-02-18 09:17:00,745,740,745,745,3900
2022-02-18 09:18:00,745,745,745,745,100
2022-02-18 09:19:00,745,745,745,745,2400
2022-02-18 09:20:00,750,745,750,745,1900
2022-02-18 09:21:00,750,750,750,750,300
2022-02-18 09:22:00,750,750,750,750,0
2022-02-18 09:23:00,745,745,750,750,300
2022-02-18 09:24:00,750,750,750,750,1000
2022-02-18 09:25:00,750,750,750,750,0
2022-02-18 09:26:00,750,750,750,750,24300
2022-02-18 09:27:00,750,750,750,750,0
2022-02-18 09:28:00,750,750,750,750,3000
2022-02-18 09:29:00,745,745,745,745,200
2022-02-18 09:30:00,750,750,750,750,1800
2022-02-18 09:31:00,745,745,750,750,700
2022-02-18 09:32:00,745,745,745,745,200
2022-02-18 09:33:00,750,750,750,750,200
2022-02-18 09:34:00,745,745,750,750,2200
2022-02-18 09:35:00,745,745,750,750,0
2022-02-18 09:36:00,750,750,750,750,1300
2022-02-18 09:37:00,745,745,745,745,100
2022-02-18 09:38:00,750,750,750,750,200
2022-02-18 09:39:00,750,750,750,750,300
2022-02-18 09:40:00,745,745,750,750,400
2022-02-18 09:41:00,745,745,750,750,0
2022-02-18 09:42:00,745,745,750,750,400
2022-02-18 09:43:00,750,750,750,750,400
2022-02-18 09:44:00,750,750,750,750,0
2022-02-18 09:45:00,745,745,750,750,400
2022-02-18 09:46:00,745,745,745,745,600
2022-02-18 09:47:00,745,745,745,745,500
2022-02-18 09:48:00,745,745,745,745,500
2022-02-18 09:49:00,745,745,745,745,200
2022-02-18 09:50:00,745,745,745,745,200
2022-02-18 09:51:00,745,745,745,745,4000
2022-02-18 09:52:00,745,745,745,745,0
2022-02-18 09:53:00,745,745,745,745,0
2022-02-18 09:54:00,745,745,745,745,200
2022-02-18 09:55:00,740,740,745,745,2600
2022-02-18 09:56:00,740,740,745,745,0
2022-02-18 09:57:00,745,745,745,745,200
2022-02-18 09:58:00,745,745,745,745,200
2022-02-18 09:59:00,740,740,745,745,500
2022-02-18 10:00:00,740,740,745,745,0
2022-02-18 10:01:00,740,740,740,740,20000
2022-02-18 10:02:00,745,740,745,740,6300
2022-02-18 10:03:00,740,740,740,740,600
2022-02-18 10:04:00,740,740,740,740,200
2022-02-18 10:05:00,740,740,740,740,0
2022-02-18 10:06:00,740,740,740,740,0
2022-02-18 10:07:00,740,740,740,740,300
2022-02-18 10:08:00,740,740,740,740,300
2022-02-18 10:09:00,740,740,740,740,1200
2022-02-18 10:10:00,740,735,740,740,1000
2022-02-18 10:11:00,740,735,740,740,0
2022-02-18 10:12:00,740,740,740,740,300
2022-02-18 10:13:00,740,740,740,740,1300
2022-02-18 10:14:00,740,740,740,740,1000
2022-02-18 10:15:00,740,735,740,735,500
2022-02-18 10:16:00,740,735,740,735,0
2022-02-18 10:17:00,740,740,740,740,300
2022-02-18 10:18:00,740,740,740,740,200
2022-02-18 10:19:00,740,740,740,740,0
2022-02-18 10:20:00,740,740,740,740,200
2022-02-18 10:21:00,740,740,740,740,300
2022-02-18 10:22:00,740,740,740,740,0
2022-02-18 10:23:00,740,740,740,740,9200
2022-02-18 10:24:00,740,740,740,740,0
2022-02-18 10:25:00,740,740,740,740,700
2022-02-18 10:26:00,740,740,740,740,100
2022-02-18 10:27:00,740,735,740,735,1700
2022-02-18 10:28:00,740,740,740,740,1500
2022-02-18 10:29:00,740,740,740,740,0
2022-02-18 10:30:00,740,740,740,740,0
2022-02-18 10:31:00,740,740,740,740,300
2022-02-18 10:32:00,740,740,740,740,200
2022-02-18 10:33:00,740,740,740,740,500
2022-02-18 10:34:00,740,740,740,740,0
2022-02-18 10:35:00,740,740,740,740,500
2022-02-18 10:36:00,740,740,740,740,300
2022-02-18 10:37:00,740,740,740,740,200
2022-02-18 10:38:00,740,740,740,740,300
2022-02-18 10:39:00,740,740,740,740,500
2022-02-18 10:40:00,740,740,740,740,400
2022-02-18 10:41:00,740,740,740,740,0
2022-02-18 10:42:00,740,740,740,740,700
2022-02-18 10:43:00,740,740,740,740,0
2022-02-18 10:44:00,740,740,740,740,500
2022-02-18 10:45:00,740,740,740,740,600
2022-02-18 10:46:00,740,740,740,740,300
2022-02-18 10:47:00,740,740,740,740,500
2022-02-18 10:48:00,740,740,740,740,1800
2022-02-18 10:49:00,740,740,740,740,700
2022-02-18 10:50:00,740,740,740,740,200
2022-02-18 10:51:00,740,740,740,740,300
2022-02-18 10:52:00,740,740,740,740,0
2022-02-18 10:53:00,740,740,740,740,800
2022-02-18 10:54:00,740,740,740,740,0
2022-02-18 10:55:00,740,740,740,740,600
2022-02-18 10:56:00,740,740,740,740,500
2022-02-18 10:57:00,740,740,740,740,0
2022-02-18 10:58:00,740,740,740,740,300
2022-02-18 10:59:00,740,740,740,740,200
2022-02-18 11:00:00,740,740,740,740,500
2022-02-18 11:01:00,740,740,740,740,300
2022-02-18 11:02:00,740,740,740,740,300
2022-02-18 11:03:00,740,740,740,740,200
2022-02-18 11:04:00,735,735,740,740,10600
2022-02-18 11:05:00,740,740,740,740,500
2022-02-18 11:06:00,740,740,740,740,0
2022-02-18 11:07:00,740,740,740,740,300
2022-02-18 11:08:00,740,740,740,740,400
2022-02-18 11:09:00,740,740,740,740,0
2022-02-18 11:10:00,740,740,740,740,300
2022-02-18 11:11:00,740,740,740,740,500
2022-02-18 11:12:00,740,740,740,740,300
2022-02-18 11:13:00,740,740,740,740,0
2022-02-18 11:14:00,740,740,740,740,300
2022-02-18 11:15:00,740,740,740,740,100
2022-02-18 11:16:00,740,740,740,740,0
2022-02-18 11:17:00,740,740,740,740,600
2022-02-18 11:18:00,740,740,740,740,300
2022-02-18 11:19:00,740,740,740,740,300
2022-02-18 11:20:00,740,740,740,740,300
2022-02-18 11:21:00,740,740,740,740,0
2022-02-18 11:22:00,740,740,740,740,200
2022-02-18 11:23:00,740,740,740,740,200
2022-02-18 11:24:00,740,740,740,740,300
2022-02-18 11:25:00,740,740,740,740,200
2022-02-18 11:26:00,740,740,740,740,400
2022-02-18 11:27:00,740,740,740,740,200
2022-02-18 11:28:00,740,740,740,740,500
2022-02-18 11:29:00,740,740,740,740,1000
2022-02-18 11:30:00,740,740,740,740,0
2022-02-18 11:31:00,740,740,740,740,0
2022-02-18 11:32:00,740,740,740,740,0
2022-02-18 11:33:00,740,740,740,740,0
2022-02-18 11:34:00,740,740,740,740,0
2022-02-18 11:35:00,740,740,740,740,0
2022-02-18 11:36:00,740,740,740,740,0
2022-02-18 11:37:00,740,740,740,740,0
2022-02-18 11:38:00,740,740,740,740,0
2022-02-18 11:39:00,740,740,740,740,0
2022-02-18 11:40:00,740,740,740,740,0
2022-02-18 11:41:00,740,740,740,740,0
2022-02-18 11:42:00,740,740,740,740,0
2022-02-18 11:43:00,740,740,740,740,0
2022-02-18 11:44:00,740,740,740,740,0
2022-02-18 11:45:00,740,740,740,740,0
2022-02-18 11:46:00,740,740,740,740,0
2022-02-18 11:47:00,740,740,740,740,0
2022-02-18 11:48:00,740,740,740,740,0
2022-02-18 11:49:00,740,740,740,740,0
2022-02-18 11:50:00,740,740,740,740,0
2022-02-18 11:51:00,740,740,740,740,0
2022-02-18 11:52:00,740,740,740,740,0
2022-02-18 11:53:00,740,740,740,740,0
2022-02-18 11:54:00,740,740,740,740,0
2022-02-18 11:55:00,740,740,740,740,0
2022-02-18 11:56:00,740,740,740,740,0
2022-02-18 11:57:00,740,740,740,740,0
2022-02-18 11:58:00,740,740,740,740,0
2022-02-18 11:59:00,740,740,740,740,0
2022-02-18 12:00:00,740,740,740,740,0
2022-02-18 12:01:00,740,740,740,740,0
2022-02-18 12:02:00,740,740,740,740,0
2022-02-18 12:03:00,740,740,740,740,0
2022-02-18 12:04:00,740,740,740,740,0
2022-02-18 12:05:00,740,740,740,740,0
2022-02-18 12:06:00,740,740,740,740,0
2022-02-18 12:07:00,740,740,740,740,0
2022-02-18 12:08:00,740,740,740,740,0
2022-02-18 12:09:00,740,740,740,740,0
2022-02-18 12:10:00,740,740,740,740,0
2022-02-18 12:11:00,740,740,740,740,0
2022-02-18 12:12:00,740,740,740,740,0
2022-02-18 12:13:00,740,740,740,740,0
2022-02-18 12:14:00,740,740,740,740,0
2022-02-18 12:15:00,740,740,740,740,0
2022-02-18 12:16:00,740,740,740,740,0
2022-02-18 12:17:00,740,740,740,740,0
2022-02-18 12:18:00,740,740,740,740,0
2022-02-18 12:19:00,740,740,740,740,0
2022-02-18 12:20:00,740,740,740,740,0
2022-02-18 12:21:00,740,740,740,740,0
2022-02-18 12:22:00,740,740,740,740,0
2022-02-18 12:23:00,740,740,740,740,0
2022-02-18 12:24:00,740,740,740,740,0
2022-02-18 12:25:00,740,740,740,740,0
2022-02-18 12:26:00,740,740,740,740,0
2022-02-18 12:27:00,740,740,740,740,0
2022-02-18 12:28:00,740,740,740,740,0
2022-02-18 12:29:00,740,740,740,740,0
2022-02-18 12:30:00,740,740,740,740,0
2022-02-18 12:31:00,740,740,740,740,0
2022-02-18 12:32:00,740,740,740,740,0
2022-02-18 12:33:00,740,740,740,740,0
2022-02-18 12:34:00,740,740,740,740,0
2022-02-18 12:35:00,740,740,740,740,0
2022-02-18 12:36:00,740,740,740,740,0
2022-02-18 12:37:00,740,740,740,740,0
2022-02-18 12:38:00,740,740,740,740,0
2022-02-18 12:39:00,740,740,740,740,0
2022-02-18 12:40:00,740,740,740,740,0
2022-02-18 12:41:00,740,740,740,740,0
2022-02-18 12:42:00,740,740,740,740,0
2022-02-18 12:43:00,740,740,740,740,0
2022-02-18 12:44:00,740,740,740,740,0
2022-02-18 12:45:00,740,740,740,740,0
2022-02-18 12:46:00,740,740,740,740,0
2022-02-18 12:47:00,740,740,740,740,0
2022-02-18 12:48:00,740,740,740,740,0
2022-02-18 12:49:00,740,740,740,740,0
2022-02-18 12:50:00,740,740,740,740,0
2022-02-18 12:51:00,740,740,740,740,0
2022-02-18 12:52:00,740,740,740,740,0
2022-02-18 12:53:00,740,740,740,740,0
2022-02-18 12:54:00,740,740,740,740,0
2022-02-18 12:55:00,740,740,740,740,0
2022-02-18 12:56:00,740,740,740,740,0
2022-02-18 12:57:00,740,740,740,740,0
2022-02-18 12:58:00,740,740,740,740,0
2022-02-18 12:59:00,740,740,740,740,0
2022-02-18 13:00:00,740,740,740,740,0
2022-02-18 13:01:00,740,740,740,740,0
2022-02-18 13:02:00,740,740,740,740,0
2022-02-18 13:03:00,740,740,740,740,0
2022-02-18 13:04:00,740,740,740,740,0
2022-02-18 13:05:00,740,740,740,740,0
2022-02-18 13:06:00,740,740,740,740,0
2022-02-18 13:07:00,740,740,740,740,0
2022-02-18 13:08:00,740,740,740,740,0
2022-02-18 13:09:00,740,740,740,740,0
2022-02-18 13:10:00,740,740,740,740,0
2022-02-18 13:11:00,740,740,740,740,0
2022-02-18 13:12:00,740,740,740,740,0
2022-02-18 13:13:00,740,740,740,740,0
2022-02-18 13:14:00,740,740,740,740,0
2022-02-18 13:15:00,740,740,740,740,0
2022-02-18 13:16:00,740,740,740,740,0
2022-02-18 13:17:00,740,740,740,740,0
2022-02-18 13:18:00,740,740,740,740,0
2022-02-18 13:19:00,740,740,740,740,0
2022-02-18 13:20:00,740,740,740,740,0
2022-02-18 13:21:00,740,740,740,740,0
2022-02-18 13:22:00,740,740,740,740,0
2022-02-18 13:23:00,740,740,740,740,0
2022-02-18 13:24:00,740,740,740,740,0
2022-02-18 13:25:00,740,740,740,740,0
2022-02-18 13:26:00,740,740,740,740,0
2022-02-18 13:27:00,740,740,740,740,0
2022-02-18 13:28:00,740,740,740,740,0
2022-02-18 13:29:00,740,740,740,740,0
2022-02-18 13:30:00,740,740,745,745,37500
2022-02-18 13:31:00,735,735,740,740,400
2022-02-18 13:32:00,740,740,740,740,200
2022-02-18 13:33:00,740,740,745,745,3900
2022-02-18 13:34:00,745,745,745,745,900
2022-02-18 13:35:00,745,745,745,745,0
2022-02-18 13:36:00,745,745,745,745,400
2022-02-18 13:37:00,745,745,745,745,300
2022-02-18 13:38:00,740,740,745,745,3100
2022-02-18 13:39:00,740,740,745,745,0
2022-02-18 13:40:00,745,745,745,745,300
2022-02-18 13:41:00,745,745,745,745,0
2022-02-18 13:42:00,745,745,745,745,0
2022-02-18 13:43:00,745,745,745,745,0
2022-02-18 13:44:00,745,745,745,745,1600
2022-02-18 13:45:00,745,745,745,745,0
2022-02-18 13:46:00,745,745,745,745,0
2022-02-18 13:47:00,745,745,745,745,0
2022-02-18 13:48:00,745,745,745,745,0
2022-02-18 13:49:00,745,745,745,745,0
2022-02-18 13:50:00,745,745,745,745,0
2022-02-18 13:51:00,745,745,745,745,0
2022-02-18 13:52:00,745,745,745,745,0
2022-02-18 13:53:00,745,740,745,740,500
2022-02-18 13:54:00,745,740,745,740,0
2022-02-18 13:55:00,745,745,745,745,300
2022-02-18 13:56:00,745,745,745,745,0
2022-02-18 13:57:00,745,745,745,745,300
2022-02-18 13:58:00,740,740,745,745,500
2022-02-18 13:59:00,745,745,745,745,200
2022-02-18 14:00:00,745,745,745,745,1400
2022-02-18 14:01:00,740,740,740,740,300
2022-02-18 14:02:00,745,745,745,745,200
2022-02-18 14:03:00,745,745,745,745,0
2022-02-18 14:04:00,745,745,745,745,0
2022-02-18 14:05:00,745,745,745,745,300
2022-02-18 14:06:00,745,745,745,745,0
2022-02-18 14:07:00,745,745,745,745,200
2022-02-18 14:08:00,740,740,740,740,700
2022-02-18 14:09:00,740,740,740,740,4100
2022-02-18 14:10:00,740,740,745,745,400
2022-02-18 14:11:00,740,740,740,740,200
2022-02-18 14:12:00,745,745,745,745,300
2022-02-18 14:13:00,745,745,745,745,200
2022-02-18 14:14:00,745,745,745,745,300
2022-02-18 14:15:00,740,740,745,745,400
2022-02-18 14:16:00,740,740,740,740,500
2022-02-18 14:17:00,740,735,740,735,3100
2022-02-18 14:18:00,740,740,740,740,300
2022-02-18 14:19:00,740,740,740,740,4000
2022-02-18 14:20:00,740,740,740,740,0
2022-02-18 14:21:00,740,735,740,735,600
2022-02-18 14:22:00,740,740,740,740,300
2022-02-18 14:23:00,740,740,740,740,300
2022-02-18 14:24:00,740,740,740,740,0
2022-02-18 14:25:00,740,740,740,740,200
2022-02-18 14:26:00,740,740,740,740,0
2022-02-18 14:27:00,740,740,740,740,0
2022-02-18 14:28:00,740,740,740,740,0
2022-02-18 14:29:00,740,740,740,740,600
2022-02-18 14:30:00,740,740,740,740,0
2022-02-18 14:31:00,740,740,740,740,300
2022-02-18 14:32:00,740,740,740,740,0
2022-02-18 14:33:00,740,740,740,740,300
2022-02-18 14:34:00,740,740,740,740,0
2022-02-18 14:35:00,740,740,740,740,0
2022-02-18 14:36:00,740,740,740,740,200
2022-02-18 14:37:00,740,740,740,740,0
2022-02-18 14:38:00,740,740,740,740,300
2022-02-18 14:39:00,740,740,740,740,0
2022-02-18 14:40:00,740,740,740,740,4000
2022-02-18 14:41:00,740,740,740,740,0
2022-02-18 14:42:00,740,740,740,740,200
2022-02-18 14:43:00,740,740,740,740,0
2022-02-18 14:44:00,740,740,740,740,200
2022-02-18 14:45:00,735,735,740,740,900
2022-02-18 14:46:00,740,740,740,740,900
2022-02-18 14:47:00,740,740,740,740,700
2022-02-18 14:48:00,740,740,740,740,8500
2022-02-18 14:49:00,740,740,740,740,2900
2022-02-18 14:50:00,740,740,740,740,0
2022-02-18 14:51:00,740,740,740,740,0
2022-02-18 14:52:00,740,740,740,740,0
2022-02-18 14:53:00,740,740,740,740,0
2022-02-18 14:54:00,740,740,740,740,0
2022-02-18 14:55:00,740,740,740,740,0
2022-02-18 14:56:00,740,740,740,740,0
2022-02-18 14:57:00,740,740,740,740,0
2022-02-18 14:58:00,740,740,740,740,0
2022-02-18 14:59:00,740,740,740,740,0
2022-02-18 15:00:00,745,745,745,745,66400
2022-02-18 15:01:00,745,745,745,745,4100
2022-02-18 15:02:00,745,745,745,745,0
2022-02-18 15:03:00,745,745,745,745,0
2022-02-18 15:04:00,745,745,745,745,0
2022-02-18 15:05:00,745,745,745,745,0
2022-02-18 15:06:00,745,745,745,745,0
2022-02-18 15:07:00,745,745,745,745,0
2022-02-18 15:08:00,745,745,745,745,0
2022-02-18 15:09:00,745,745,745,745,0
2022-02-18 15:10:00,745,745,745,745,0
2022-02-18 15:11:00,745,745,745,745,0
2022-02-18 15:12:00,745,745,745,745,0
2022-02-18 15:13:00,745,745,745,745,0
2022-02-18 15:14:00,745,745,745,745,0
2022-02-18 15:15:00,745,745,745,745,0
2022-02-18 15:16:00,745,745,745,745,0
2022-02-18 15:17:00,745,745,745,745,0
2022-02-18 15:18:00,745,745,745,745,0
2022-02-18 15:19:00,745,745,745,745,0
2022-02-18 15:20:00,745,745,745,745,0
2022-02-18 15:21:00,745,745,745,745,0
2022-02-18 15:22:00,745,745,745,745,0
2022-02-18 15:23:00,745,745,745,745,0
2022-02-18 15:24:00,745,745,745,745,0
2022-02-18 15:25:00,745,745,745,745,0
2022-02-18 15:26:00,745,745,745,745,0
2022-02-18 15:27:00,745,745,745,745,0
2022-02-18 15:28:00,745,745,745,745,0
2022-02-18 15:29:00,745,745,745,745,0
2022-02-18 15:30:00,745,745,745,745,0
2022-02-18 15:31:00,745,745,745,745,0
2022-02-18 15:32:00,745,745,745,745,0
2022-02-18 15:33:00,745,745,745,745,0
2022-02-18 15:34:00,745,745,745,745,0
2022-02-18 15:35:00,745,745,745,745,0
2022-02-18 15:36:00,745,745,745,745,0
2022-02-18 15:37:00,745,745,745,745,0
2022-02-18 15:38:00,745,745,745,745,0
2022-02-18 15:39:00,745,745,745,745,0
2022-02-18 15:40:00,745,745,745,745,0
2022-02-18 15:41:00,745,745,745,745,0
2022-02-18 15:42:00,745,745,745,745,0
2022-02-18 15:43:00,745,745,745,745,0
2022-02-18 15:44:00,745,745,745,745,0
2022-02-18 15:45:00,745,745,745,745,0
2022-02-18 15:46:00,745,745,745,745,0
2022-02-18 15:47:00,745,745,745,745,0
2022-02-18 15:48:00,745,745,745,745,0
2022-02-18 15:49:00,745,745,745,745,0
2022-02-18 15:50:00,745,745,745,745,0
2022-02-18 15:51:00,745,745,745,745,0
2022-02-18 15:52:00,745,745,745,745,0
2022-02-18 15:53:00,745,745,745,745,0
2022-02-18 15:54:00,745,745,745,745,0
2022-02-18 15:55:00,745,745,745,745,0
2022-02-18 15:56:00,745,745,745,745,0
2022-02-18 15:57:00,745,745,745,745,0
2022-02-18 15:58:00,745,745,745,745,0
2022-02-18 15:59:00,745,745,745,745,0
2022-02-21 09:00:00,745,745,745,745,0
2022-02-21 09:01:00,745,745,745,745,0
2022-02-21 09:02:00,745,745,745,745,1500
2022-02-21 09:03:00,745,745,745,745,1000
2022-02-21 09:04:00,740,740,745,745,300
2022-02-21 09:05:00,740,740,745,745,0
2022-02-21 09:06:00,745,745,745,745,300
2022-02-21 09:07:00,740,740,740,740,100
2022-02-21 09:08:00,745,745,745,745,300
2022-02-21 09:09:00,745,745,745,745,0
2022-02-21 09:10:00,745,745,745,745,0
2022-02-21 09:11:00,740,740,745,745,500
2022-02-21 09:12:00,740,740,745,745,0
2022-02-21 09:13:00,745,745,745,745,100
2022-02-21 09:14:00,740,740,740,740,1000
2022-02-21 09:15:00,740,740,740,740,1500
2022-02-21 09:16:00,740,740,740,740,200
2022-02-21 09:17:00,740,740,745,745,3000
2022-02-21 09:18:00,740,740,745,745,0
2022-02-21 09:19:00,740,740,745,745,0
2022-02-21 09:20:00,740,740,745,745,0
2022-02-21 09:21:00,740,740,745,745,0
2022-02-21 09:22:00,745,745,745,745,200
2022-02-21 09:23:00,745,745,745,745,0
2022-02-21 09:24:00,745,745,745,745,0
2022-02-21 09:25:00,745,745,745,745,5000
2022-02-21 09:26:00,745,745,745,745,0
2022-02-21 09:27:00,745,745,745,745,1000
2022-02-21 09:28:00,745,745,745,745,0
2022-02-21 09:29:00,745,745,745,745,0
2022-02-21 09:30:00,745,745,745,745,300
2022-02-21 09:31:00,745,745,745,745,0
2022-02-21 09:32:00,745,745,745,745,0
2022-02-21 09:33:00,745,745,745,745,0
2022-02-21 09:34:00,745,745,745,745,0
2022-02-21 09:35:00,740,740,740,740,1300
2022-02-21 09:36:00,740,740,740,740,700
2022-02-21 09:37:00,740,740,740,740,0
2022-02-21 09:38:00,740,740,740,740,0
2022-02-21 09:39:00,740,740,740,740,300
2022-02-21 09:40:00,740,740,740,740,0
2022-02-21 09:41:00,740,740,740,740,200
2022-02-21 09:42:00,740,740,740,740,0
2022-02-21 09:43:00,740,740,740,740,0
2022-02-21 09:44:00,740,740,740,740,300
2022-02-21 09:45:00,740,740,740,740,0
2022-02-21 09:46:00,740,740,740,740,0
2022-02-21 09:47:00,740,740,740,740,200
2022-02-21 09:48:00,740,740,740,740,0
2022-02-21 09:49:00,740,740,740,740,0
2022-02-21 09:50:00,740,740,740,740,0
2022-02-21 09:51:00,740,740,740,740,0
2022-02-21 09:52:00,740,740,740,740,3200
2022-02-21 09:53:00,740,735,740,735,7900
2022-02-21 09:54:00,740,740,740,740,300
2022-02-21 09:55:00,740,740,740,740,1200
2022-02-21 09:56:00,735,735,740,740,400
2022-02-21 09:57:00,735,735,740,740,0
2022-02-21 09:58:00,740,740,740,740,1400
2022-02-21 09:59:00,740,740,740,740,0
2022-02-21 10:00:00,740,740,740,740,0
2022-02-21 10:01:00,740,740,740,740,0
2022-02-21 10:02:00,740,740,740,740,300
2022-02-21 10:03:00,740,740,740,740,0
2022-02-21 10:04:00,740,740,740,740,900
2022-02-21 10:05:00,740,740,740,740,0
2022-02-21 10:06:00,735,735,735,735,3300
2022-02-21 10:07:00,735,735,735,735,300
2022-02-21 10:08:00,735,735,735,735,0
2022-02-21 10:09:00,735,735,735,735,100
2022-02-21 10:10:00,735,735,735,735,4000
2022-02-21 10:11:00,735,735,740,740,2700
2022-02-21 10:12:00,740,740,740,740,1400
2022-02-21 10:13:00,740,740,740,740,0
2022-02-21 10:14:00,740,740,740,740,200
2022-02-21 10:15:00,740,740,740,740,200
2022-02-21 10:16:00,740,740,740,740,0
2022-02-21 10:17:00,740,740,740,740,0
2022-02-21 10:18:00,740,740,740,740,300
2022-02-21 10:19:00,740,740,740,740,0
2022-02-21 10:20:00,740,740,740,740,0
2022-02-21 10:21:00,740,740,740,740,0
2022-02-21 10:22:00,735,735,735,735,6200
2022-02-21 10:23:00,735,735,735,735,300
2022-02-21 10:24:00,735,735,735,735,0
2022-02-21 10:25:00,735,735,735,735,0
2022-02-21 10:26:00,735,735,735,735,0
2022-02-21 10:27:00,735,735,735,735,0
2022-02-21 10:28:00,735,735,740,735,4200
2022-02-21 10:29:00,730,725,730,725,20000
2022-02-21 10:30:00,735,725,740,740,4500
2022-02-21 10:31:00,735,735,735,735,1700
2022-02-21 10:32:00,735,735,735,735,0
2022-02-21 10:33:00,735,735,735,735,1200
2022-02-21 10:34:00,740,740,740,740,300
2022-02-21 10:35:00,740,740,740,740,200
2022-02-21 10:36:00,740,740,740,740,0
2022-02-21 10:37:00,740,740,740,740,0
2022-02-21 10:38:00,740,740,740,740,30200
2022-02-21 10:39:00,740,740,740,740,100
2022-02-21 10:40:00,740,740,740,740,1500
2022-02-21 10:41:00,740,740,740,740,0
2022-02-21 10:42:00,740,740,740,740,0
2022-02-21 10:43:00,740,740,740,740,200
2022-02-21 10:44:00,740,740,740,740,0
2022-02-21 10:45:00,740,740,740,740,200
2022-02-21 10:46:00,740,740,740,740,0
2022-02-21 10:47:00,735,735,735,735,800
2022-02-21 10:48:00,735,735,735,735,0
2022-02-21 10:49:00,735,735,735,735,2000
2022-02-21 10:50:00,735,735,735,735,0
2022-02-21 10:51:00,735,735,735,735,0
2022-02-21 10:52:00,735,730,735,735,600
2022-02-21 10:53:00,735,730,735,735,0
2022-02-21 10:54:00,735,730,735,735,0
2022-02-21 10:55:00,735,730,735,735,0
2022-02-21 10:56:00,735,735,735,735,200
2022-02-21 10:57:00,735,735,735,735,0
2022-02-21 10:58:00,735,735,735,735,0
2022-02-21 10:59:00,735,735,735,735,0
2022-02-21 11:00:00,735,735,735,735,200
2022-02-21 11:01:00,735,735,735,735,0
2022-02-21 11:02:00,735,735,735,735,0
2022-02-21 11:03:00,735,735,735,735,200
2022-02-21 11:04:00,735,735,735,735,0
2022-02-21 11:05:00,735,735,735,735,0
2022-02-21 11:06:00,735,730,735,730,2100
2022-02-21 11:07:00,735,730,735,730,0
2022-02-21 11:08:00,730,730,735,735,1500
2022-02-21 11:09:00,730,730,735,735,0
2022-02-21 11:10:00,735,735,740,740,1000
2022-02-21 11:11:00,740,740,740,740,400
2022-02-21 11:12:00,740,740,740,740,0
2022-02-21 11:13:00,740,740,740,740,0
2022-02-21 11:14:00,740,740,740,740,0
2022-02-21 11:15:00,740,740,740,740,300
2022-02-21 11:16:00,740,740,740,740,0
2022-02-21 11:17:00,740,740,740,740,0
2022-02-21 11:18:00,740,740,740,740,0
2022-02-21 11:19:00,735,735,735,735,1500
2022-02-21 11:20:00,740,740,740,740,700
2022-02-21 11:21:00,740,740,740,740,200
2022-02-21 11:22:00,740,740,740,740,0
2022-02-21 11:23:00,740,740,740,740,0
2022-02-21 11:24:00,740,740,740,740,1400
2022-02-21 11:25:00,740,735,740,735,1100
2022-02-21 11:26:00,735,730,740,730,1000
2022-02-21 11:27:00,730,730,730,730,300
2022-02-21 11:28:00,730,730,730,730,1400
2022-02-21 11:29:00,740,740,740,740,400
2022-02-21 11:30:00,740,740,740,740,0
2022-02-21 11:31:00,740,740,740,740,0
2022-02-21 11:32:00,740,740,740,740,0
2022-02-21 11:33:00,740,740,740,740,0
2022-02-21 11:34:00,740,740,740,740,0
2022-02-21 11:35:00,740,740,740,740,0
2022-02-21 11:36:00,740,740,740,740,0
2022-02-21 11:37:00,740,740,740,740,0
2022-02-21 11:38:00,740,740,740,740,0
2022-02-21 11:39:00,740,740,740,740,0
2022-02-21 11:40:00,740,740,740,740,0
2022-02-21 11:41:00,740,740,740,740,0
2022-02-21 11:42:00,740,740,740,740,0
2022-02-21 11:43:00,740,740,740,740,0
2022-02-21 11:44:00,740,740,740,740,0
2022-02-21 11:45:00,740,740,740,740,0
2022-02-21 11:46:00,740,740,740,740,0
2022-02-21 11:47:00,740,740,740,740,0
2022-02-21 11:48:00,740,740,740,740,0
2022-02-21 11:49:00,740,740,740,740,0
2022-02-21 11:50:00,740,740,740,740,0
2022-02-21 11:51:00,740,740,740,740,0
2022-02-21 11:52:00,740,740,740,740,0
2022-02-21 11:53:00,740,740,740,740,0
2022-02-21 11:54:00,740,740,740,740,0
2022-02-21 11:55:00,740,740,740,740,0
2022-02-21 11:56:00,740,740,740,740,0
2022-02-21 11:57:00,740,740,740,740,0
2022-02-21 11:58:00,740,740,740,740,0
2022-02-21 11:59:00,740,740,740,740,0
2022-02-21 12:00:00,740,740,740,740,0
2022-02-21 12:01:00,740,740,740,740,0
2022-02-21 12:02:00,740,740,740,740,0
2022-02-21 12:03:00,740,740,740,740,0
2022-02-21 12:04:00,740,740,740,740,0
2022-02-21 12:05:00,740,740,740,740,0
2022-02-21 12:06:00,740,740,740,740,0
2022-02-21 12:07:00,740,740,740,740,0
2022-02-21 12:08:00,740,740,740,740,0
2022-02-21 12:09:00,740,740,740,740,0
2022-02-21 12:10:00,740,740,740,740,0
2022-02-21 12:11:00,740,740,740,740,0
2022-02-21 12:12:00,740,740,740,740,0
2022-02-21 12:13:00,740,740,740,740,0
2022-02-21 12:14:00,740,740,740,740,0
2022-02-21 12:15:00,740,740,740,740,0
2022-02-21 12:16:00,740,740,740,740,0
2022-02-21 12:17:00,740,740,740,740,0
2022-02-21 12:18:00,740,740,740,740,0
2022-02-21 12:19:00,740,740,740,740,0
2022-02-21 12:20:00,740,740,740,740,0
2022-02-21 12:21:00,740,740,740,740,0
2022-02-21 12:22:00,740,740,740,740,0
2022-02-21 12:23:00,740,740,740,740,0
2022-02-21 12:24:00,740,740,740,740,0
2022-02-21 12:25:00,740,740,740,740,0
2022-02-21 12:26:00,740,740,740,740,0
2022-02-21 12:27:00,740,740,740,740,0
2022-02-21 12:28:00,740,740,740,740,0
2022-02-21 12:29:00,740,740,740,740,0
2022-02-21 12:30:00,740,740,740,740,0
2022-02-21 12:31:00,740,740,740,740,0
2022-02-21 12:32:00,740,740,740,740,0
2022-02-21 12:33:00,740,740,740,740,0
2022-02-21 12:34:00,740,740,740,740,0
2022-02-21 12:35:00,740,740,740,740,0
2022-02-21 12:36:00,740,740,740,740,0
2022-02-21 12:37:00,740,740,740,740,0
2022-02-21 12:38:00,740,740,740,740,0
2022-02-21 12:39:00,740,740,740,740,0
2022-02-21 12:40:00,740,740,740,740,0
2022-02-21 12:41:00,740,740,740,740,0
2022-02-21 12:42:00,740,740,740,740,0
2022-02-21 12:43:00,740,740,740,740,0
2022-02-21 12:44:00,740,740,740,740,0
2022-02-21 12:45:00,740,740,740,740,0
2022-02-21 12:46:00,740,740,740,740,0
2022-02-21 12:47:00,740,740,740,740,0
2022-02-21 12:48:00,740,740,740,740,0
2022-02-21 12:49:00,740,740,740,740,0
2022-02-21 12:50:00,740,740,740,740,0
2022-02-21 12:51:00,740,740,740,740,0
2022-02-21 12:52:00,740,740,740,740,0
2022-02-21 12:53:00,740,740,740,740,0
2022-02-21 12:54:00,740,740,740,740,0
2022-02-21 12:55:00,740,740,740,740,0
2022-02-21 12:56:00,740,740,740,740,0
2022-02-21 12:57:00,740,740,740,740,0
2022-02-21 12:58:00,740,740,740,740,0
2022-02-21 12:59:00,740,740,740,740,0
2022-02-21 13:00:00,740,740,740,740,0
2022-02-21 13:01:00,740,740,740,740,0
2022-02-21 13:02:00,740,740,740,740,0
2022-02-21 13:03:00,740,740,740,740,0
2022-02-21 13:04:00,740,740,740,740,0
2022-02-21 13:05:00,740,740,740,740,0
2022-02-21 13:06:00,740,740,740,740,0
2022-02-21 13:07:00,740,740,740,740,0
2022-02-21 13:08:00,740,740,740,740,0
2022-02-21 13:09:00,740,740,740,740,0
2022-02-21 13:10:00,740,740,740,740,0
2022-02-21 13:11:00,740,740,740,740,0
2022-02-21 13:12:00,740,740,740,740,0
2022-02-21 13:13:00,740,740,740,740,0
2022-02-21 13:14:00,740,740,740,740,0
2022-02-21 13:15:00,740,740,740,740,0
2022-02-21 13:16:00,740,740,740,740,0
2022-02-21 13:17:00,740,740,740,740,0
2022-02-21 13:18:00,740,740,740,740,0
2022-02-21 13:19:00,740,740,740,740,0
2022-02-21 13:20:00,740,740,740,740,0
2022-02-21 13:21:00,740,740,740,740,0
2022-02-21 13:22:00,740,740,740,740,0
2022-02-21 13:23:00,740,740,740,740,0
2022-02-21 13:24:00,740,740,740,740,0
2022-02-21 13:25:00,740,740,740,740,0
2022-02-21 13:26:00,740,740,740,740,0
2022-02-21 13:27:00,740,740,740,740,0
2022-02-21 13:28:00,740,740,740,740,0
2022-02-21 13:29:00,740,740,740,740,0
2022-02-21 13:30:00,740,735,740,740,800
2022-02-21 13:31:00,740,735,740,740,0
2022-02-21 13:32:00,740,740,740,740,200
2022-02-21 13:33:00,740,740,740,740,0
2022-02-21 13:34:00,740,740,740,740,0
2022-02-21 13:35:00,740,740,740,740,0
2022-02-21 13:36:00,740,740,740,740,200
2022-02-21 13:37:00,740,740,740,740,300
2022-02-21 13:38:00,740,740,740,740,0
2022-02-21 13:39:00,740,740,740,740,0
2022-02-21 13:40:00,740,740,740,740,200
2022-02-21 13:41:00,740,740,740,740,0
2022-02-21 13:42:00,740,740,740,740,0
2022-02-21 13:43:00,735,725,735,725,900
2022-02-21 13:44:00,740,740,740,740,300
2022-02-21 13:45:00,740,740,740,740,0
2022-02-21 13:46:00,740,740,740,740,200
2022-02-21 13:47:00,740,740,740,740,200
2022-02-21 13:48:00,740,740,740,740,0
2022-02-21 13:49:00,740,740,740,740,0
2022-02-21 13:50:00,740,740,740,740,0
2022-02-21 13:51:00,740,740,740,740,0
2022-02-21 13:52:00,740,740,740,740,400
2022-02-21 13:53:00,740,740,740,740,0
2022-02-21 13:54:00,740,740,740,740,300
2022-02-21 13:55:00,740,740,740,740,0
2022-02-21 13:56:00,740,740,740,740,0
2022-02-21 13:57:00,740,740,740,740,0
2022-02-21 13:58:00,740,740,740,740,200
2022-02-21 13:59:00,740,740,740,740,0
2022-02-21 14:00:00,740,740,740,740,0
2022-02-21 14:01:00,740,740,740,740,200
2022-02-21 14:02:00,740,740,740,740,0
2022-02-21 14:03:00,740,740,740,740,0
2022-02-21 14:04:00,740,740,740,740,0
2022-02-21 14:05:00,740,740,740,740,300
2022-02-21 14:06:00,740,740,740,740,0
2022-02-21 14:07:00,740,740,740,740,0
2022-02-21 14:08:00,740,740,740,740,0
2022-02-21 14:09:00,740,740,740,740,0
2022-02-21 14:10:00,735,735,740,740,300
2022-02-21 14:11:00,735,735,740,740,0
2022-02-21 14:12:00,740,740,740,740,200
2022-02-21 14:13:00,740,740,740,740,0
2022-02-21 14:14:00,740,740,740,740,0
2022-02-21 14:15:00,740,740,740,740,300
2022-02-21 14:16:00,740,740,740,740,0
2022-02-21 14:17:00,740,740,740,740,500
2022-02-21 14:18:00,740,740,740,740,0
2022-02-21 14:19:00,735,735,740,735,1400
2022-02-21 14:20:00,740,740,740,740,200
2022-02-21 14:21:00,740,740,740,740,300
2022-02-21 14:22:00,740,740,740,740,0
2022-02-21 14:23:00,740,740,740,740,300
2022-02-21 14:24:00,740,740,740,740,0
2022-02-21 14:25:00,740,740,740,740,0
2022-02-21 14:26:00,740,740,740,740,0
2022-02-21 14:27:00,740,740,740,740,200
2022-02-21 14:28:00,740,740,740,740,0
2022-02-21 14:29:00,740,740,740,740,300
2022-02-21 14:30:00,740,740,740,740,0
2022-02-21 14:31:00,740,735,740,735,800
2022-02-21 14:32:00,740,740,740,740,400
2022-02-21 14:33:00,735,735,740,740,3900
2022-02-21 14:34:00,735,735,740,740,1600
2022-02-21 14:35:00,735,735,740,740,0
2022-02-21 14:36:00,735,735,740,740,0
2022-02-21 14:37:00,735,735,740,740,0
2022-02-21 14:38:00,735,735,740,740,0
2022-02-21 14:39:00,735,735,735,735,800
2022-02-21 14:40:00,735,735,735,735,0
2022-02-21 14:41:00,735,735,740,740,1200
2022-02-21 14:42:00,740,735,740,740,500
2022-02-21 14:43:00,735,735,740,740,1200
2022-02-21 14:44:00,735,735,740,740,700
2022-02-21 14:45:00,740,740,740,740,200
2022-02-21 14:46:00,740,740,740,740,30500
2022-02-21 14:47:00,740,740,740,740,1400
2022-02-21 14:48:00,740,740,745,745,25500
2022-02-21 14:49:00,745,745,745,745,1200
2022-02-21 14:50:00,745,745,745,745,0
2022-02-21 14:51:00,745,745,745,745,0
2022-02-21 14:52:00,745,745,745,745,0
2022-02-21 14:53:00,745,745,745,745,0
2022-02-21 14:54:00,745,745,745,745,0
2022-02-21 14:55:00,745,745,745,745,0
2022-02-21 14:56:00,745,745,745,745,0
2022-02-21 14:57:00,745,745,745,745,0
2022-02-21 14:58:00,745,745,745,745,0
2022-02-21 14:59:00,745,745,745,745,0
2022-02-21 15:00:00,745,745,745,745,80200
2022-02-21 15:01:00,745,745,745,745,0
2022-02-21 15:02:00,745,745,745,745,0
2022-02-21 15:03:00,745,745,745,745,0
2022-02-21 15:04:00,745,745,745,745,0
2022-02-21 15:05:00,745,745,745,745,0
2022-02-21 15:06:00,745,745,745,745,0
2022-02-21 15:07:00,745,745,745,745,1300
2022-02-21 15:08:00,745,745,745,745,0
2022-02-21 15:09:00,745,745,745,745,0
2022-02-21 15:10:00,745,745,745,745,0
2022-02-21 15:11:00,745,745,745,745,400
2022-02-21 15:12:00,745,745,745,745,0
2022-02-21 15:13:00,745,745,745,745,0
2022-02-21 15:14:00,745,745,745,745,0
2022-02-21 15:15:00,745,745,745,745,0
2022-02-21 15:16:00,745,745,745,745,0
2022-02-21 15:17:00,745,745,745,745,0
2022-02-21 15:18:00,745,745,745,745,0
2022-02-21 15:19:00,745,745,745,745,0
2022-02-21 15:20:00,745,745,745,745,0
2022-02-21 15:21:00,745,745,745,745,0
2022-02-21 15:22:00,745,745,745,745,0
2022-02-21 15:23:00,745,745,745,745,0
2022-02-21 15:24:00,745,745,745,745,0
2022-02-21 15:25:00,745,745,745,745,0
2022-02-21 15:26:00,745,745,745,745,0
2022-02-21 15:27:00,745,745,745,745,0
2022-02-21 15:28:00,745,745,745,745,0
2022-02-21 15:29:00,745,745,745,745,0
2022-02-21 15:30:00,745,745,745,745,0
2022-02-21 15:31:00,745,745,745,745,0
2022-02-21 15:32:00,745,745,745,745,0
2022-02-21 15:33:00,745,745,745,745,0
2022-02-21 15:34:00,745,745,745,745,0
2022-02-21 15:35:00,745,745,745,745,0
2022-02-21 15:36:00,745,745,745,745,0
2022-02-21 15:37:00,745,745,745,745,0
2022-02-21 15:38:00,745,745,745,745,0
2022-02-21 15:39:00,745,745,745,745,0
2022-02-21 15:40:00,745,745,745,745,0
2022-02-21 15:41:00,745,745,745,745,0
2022-02-21 15:42:00,745,745,745,745,0
2022-02-21 15:43:00,745,745,745,745,0
2022-02-21 15:44:00,745,745,745,745,0
2022-02-21 15:45:00,745,745,745,745,0
2022-02-21 15:46:00,745,745,745,745,0
2022-02-21 15:47:00,745,745,745,745,0
2022-02-21 15:48:00,745,745,745,745,0
2022-02-21 15:49:00,745,745,745,745,0
2022-02-21 15:50:00,745,745,745,745,0
2022-02-21 15:51:00,745,745,745,745,0
2022-02-21 15:52:00,745,745,745,745,0
2022-02-21 15:53:00,745,745,745,745,0
2022-02-21 15:54:00,745,745,745,745,0
2022-02-21 15:55:00,745,745,745,745,0
2022-02-21 15:56:00,745,745,745,745,0
2022-02-21 15:57:00,745,745,745,745,0
2022-02-21 15:58:00,745,745,745,745,0
2022-02-21 15:59:00,745,745,745,745,0
2022-02-22 09:00:00,745,745,745,745,0
2022-02-22 09:01:00,745,745,745,745,0
2022-02-22 09:02:00,745,745,745,745,300
2022-02-22 09:03:00,745,745,745,745,4000
2022-02-22 09:04:00,745,745,745,745,1000
2022-02-22 09:05:00,745,745,745,745,0
2022-02-22 09:06:00,745,740,745,745,600
2022-02-22 09:07:00,745,740,745,745,0
2022-02-22 09:08:00,745,740,745,745,0
2022-02-22 09:09:00,745,740,745,745,0
2022-02-22 09:10:00,745,740,745,745,0
2022-02-22 09:11:00,745,745,745,745,200
2022-02-22 09:12:00,745,745,745,745,0
2022-02-22 09:13:00,745,745,745,745,0
2022-02-22 09:14:00,745,745,745,745,0
2022-02-22 09:15:00,745,745,745,745,300
2022-02-22 09:16:00,745,745,745,745,0
2022-02-22 09:17:00,745,745,745,745,0
2022-02-22 09:18:00,745,745,745,745,100
2022-02-22 09:19:00,745,745,745,745,0
2022-02-22 09:20:00,745,745,745,745,600
2022-02-22 09:21:00,745,745,745,745,0
2022-02-22 09:22:00,745,745,745,745,200
2022-02-22 09:23:00,745,745,745,745,0
2022-02-22 09:24:00,745,745,745,745,4000
2022-02-22 09:25:00,745,745,745,745,0
2022-02-22 09:26:00,740,740,745,745,3600
2022-02-22 09:27:00,740,740,745,745,0
2022-02-22 09:28:00,740,740,745,745,0
2022-02-22 09:29:00,740,740,745,745,0
2022-02-22 09:30:00,740,740,745,745,0
2022-02-22 09:31:00,740,740,745,745,0
2022-02-22 09:32:00,740,740,745,745,0
2022-02-22 09:33:00,745,745,745,745,200
2022-02-22 09:34:00,745,745,745,745,0
2022-02-22 09:35:00,745,745,745,745,0
2022-02-22 09:36:00,745,745,745,745,0
2022-02-22 09:37:00,745,745,745,745,300
2022-02-22 09:38:00,745,745,745,745,0
2022-02-22 09:39:00,745,745,745,745,200
2022-02-22 09:40:00,745,745,745,745,0
2022-02-22 09:41:00,745,745,745,745,0
2022-02-22 09:42:00,745,745,745,745,0
2022-02-22 09:43:00,745,745,745,745,0
2022-02-22 09:44:00,745,745,745,745,0
2022-02-22 09:45:00,745,745,745,745,300
2022-02-22 09:46:00,745,745,745,745,100
2022-02-22 09:47:00,745,745,745,745,0
2022-02-22 09:48:00,745,745,745,745,0
2022-02-22 09:49:00,745,745,745,745,0
2022-02-22 09:50:00,745,745,745,745,500
2022-02-22 09:51:00,745,745,745,745,0
2022-02-22 09:52:00,745,745,745,745,0
2022-02-22 09:53:00,745,745,745,745,0
2022-02-22 09:54:00,745,745,745,745,300
2022-02-22 09:55:00,745,745,745,745,10000
2022-02-22 09:56:00,745,745,745,745,40000
2022-02-22 09:57:00,745,745,745,745,0
2022-02-22 09:58:00,745,745,745,745,200
2022-02-22 09:59:00,745,740,745,740,2100
2022-02-22 10:00:00,745,745,745,745,300
2022-02-22 10:01:00,745,745,745,745,0
2022-02-22 10:02:00,745,745,745,745,0
2022-02-22 10:03:00,745,745,745,745,0
2022-02-22 10:04:00,745,745,745,745,300
2022-02-22 10:05:00,745,745,745,745,0
2022-02-22 10:06:00,745,745,745,745,0
2022-02-22 10:07:00,745,745,745,745,0
2022-02-22 10:08:00,745,740,745,745,3400
2022-02-22 10:09:00,745,740,745,745,0
2022-02-22 10:10:00,740,740,745,745,300
2022-02-22 10:11:00,740,740,745,745,0
2022-02-22 10:12:00,740,740,745,745,0
2022-02-22 10:13:00,740,740,745,745,0
2022-02-22 10:14:00,740,740,745,745,0
2022-02-22 10:15:00,745,745,745,745,300
2022-02-22 10:16:00,740,740,740,740,7700
2022-02-22 10:17:00,745,745,745,745,300
2022-02-22 10:18:00,745,745,745,745,800
2022-02-22 10:19:00,745,745,745,745,0
2022-02-22 10:20:00,745,745,745,745,0
2022-02-22 10:21:00,745,745,745,745,0
2022-02-22 10:22:00,745,745,745,745,200
2022-02-22 10:23:00,740,740,745,740,3600
2022-02-22 10:24:00,740,740,745,740,0
2022-02-22 10:25:00,740,740,745,740,0
2022-02-22 10:26:00,740,740,745,740,0
2022-02-22 10:27:00,740,740,745,740,0
2022-02-22 10:28:00,740,740,745,740,0
2022-02-22 10:29:00,740,740,745,740,0
2022-02-22 10:30:00,740,740,745,740,0
2022-02-22 10:31:00,740,740,745,740,0
2022-02-22 10:32:00,740,740,745,740,0
2022-02-22 10:33:00,740,740,740,740,300
2022-02-22 10:34:00,740,740,740,740,4000
2022-02-22 10:35:00,740,740,740,740,0
2022-02-22 10:36:00,740,740,740,740,0
2022-02-22 10:37:00,740,740,740,740,0
2022-02-22 10:38:00,740,740,740,740,0
2022-02-22 10:39:00,740,740,740,740,0
2022-02-22 10:40:00,740,740,740,740,0
2022-02-22 10:41:00,740,740,740,740,300
2022-02-22 10:42:00,740,740,740,740,0
2022-02-22 10:43:00,740,740,740,740,0
2022-02-22 10:44:00,740,740,740,740,0
2022-02-22 10:45:00,740,740,740,740,0
2022-02-22 10:46:00,740,740,740,740,200
2022-02-22 10:47:00,740,740,740,740,0
2022-02-22 10:48:00,740,740,740,740,0
2022-02-22 10:49:00,740,740,740,740,0
2022-02-22 10:50:00,740,740,740,740,0
2022-02-22 10:51:00,740,740,740,740,300
2022-02-22 10:52:00,740,740,740,740,0
2022-02-22 10:53:00,740,740,740,740,0
2022-02-22 10:54:00,740,740,740,740,300
2022-02-22 10:55:00,740,740,740,740,0
2022-02-22 10:56:00,740,740,740,740,1700
2022-02-22 10:57:00,740,740,740,740,0
2022-02-22 10:58:00,740,740,740,740,0
2022-02-22 10:59:00,740,740,740,740,0
2022-02-22 11:00:00,740,740,740,740,0
2022-02-22 11:01:00,740,740,740,740,0
2022-02-22 11:02:00,740,740,740,740,0
2022-02-22 11:03:00,740,735,740,735,6100
2022-02-22 11:04:00,740,735,740,735,0
2022-02-22 11:05:00,740,735,740,735,0
2022-02-22 11:06:00,735,735,735,735,2500
2022-02-22 11:07:00,735,735,740,740,1900
2022-02-22 11:08:00,735,735,740,740,0
2022-02-22 11:09:00,740,740,740,740,300
2022-02-22 11:10:00,740,740,740,740,0
2022-02-22 11:11:00,740,740,740,740,0
2022-02-22 11:12:00,740,740,740,740,0
2022-02-22 11:13:00,740,740,740,740,0
2022-02-22 11:14:00,740,740,740,740,300
2022-02-22 11:15:00,740,740,740,740,0
2022-02-22 11:16:00,740,740,740,740,0
2022-02-22 11:17:00,740,740,740,740,200
2022-02-22 11:18:00,740,740,740,740,0
2022-02-22 11:19:00,740,740,740,740,0
2022-02-22 11:20:00,740,740,740,740,300
2022-02-22 11:21:00,740,740,740,740,0
2022-02-22 11:22:00,740,740,740,740,0
2022-02-22 11:23:00,740,740,740,740,300
2022-02-22 11:24:00,740,740,740,740,0
2022-02-22 11:25:00,740,740,740,740,200
2022-02-22 11:26:00,740,740,740,740,300
2022-02-22 11:27:00,740,740,740,740,300
2022-02-22 11:28:00,740,740,740,740,200
2022-02-22 11:29:00,740,740,740,740,700
2022-02-22 11:30:00,740,740,740,740,0
2022-02-22 11:31:00,740,740,740,740,0
2022-02-22 11:32:00,740,740,740,740,0
2022-02-22 11:33:00,740,740,740,740,0
2022-02-22 11:34:00,740,740,740,740,0
2022-02-22 11:35:00,740,740,740,740,0
2022-02-22 11:36:00,740,740,740,740,0
2022-02-22 11:37:00,740,740,740,740,0
2022-02-22 11:38:00,740,740,740,740,0
2022-02-22 11:39:00,740,740,740,740,0
2022-02-22 11:40:00,740,740,740,740,0
2022-02-22 11:41:00,740,740,740,740,0
2022-02-22 11:42:00,740,740,740,740,0
2022-02-22 11:43:00,740,740,740,740,0
2022-02-22 11:44:00,740,740,740,740,0
2022-02-22 11:45:00,740,740,740,740,0
2022-02-22 11:46:00,740,740,740,740,0
2022-02-22 11:47:00,740,740,740,740,0
2022-02-22 11:48:00,740,740,740,740,0
2022-02-22 11:49:00,740,740,740,740,0
2022-02-22 11:50:00,740,740,740,740,0
2022-02-22 11:51:00,740,740,740,740,0
2022-02-22 11:52:00,740,740,740,740,0
2022-02-22 11:53:00,740,740,740,740,0
2022-02-22 11:54:00,740,740,740,740,0
2022-02-22 11:55:00,740,740,740,740,0
2022-02-22 11:56:00,740,740,740,740,0
2022-02-22 11:57:00,740,740,740,740,0
2022-02-22 11:58:00,740,740,740,740,0
2022-02-22 11:59:00,740,740,740,740,0
2022-02-22 12:00:00,740,740,740,740,0
2022-02-22 12:01:00,740,740,740,740,0
2022-02-22 12:02:00,740,740,740,740,0
2022-02-22 12:03:00,740,740,740,740,0
2022-02-22 12:04:00,740,740,740,740,0
2022-02-22 12:05:00,740,740,740,740,0
2022-02-22 12:06:00,740,740,740,740,0
2022-02-22 12:07:00,740,740,740,740,0
2022-02-22 12:08:00,740,740,740,740,0
2022-02-22 12:09:00,740,740,740,740,0
2022-02-22 12:10:00,740,740,740,740,0
2022-02-22 12:11:00,740,740,740,740,0
2022-02-22 12:12:00,740,740,740,740,0
2022-02-22 12:13:00,740,740,740,740,0
2022-02-22 12:14:00,740,740,740,740,0
2022-02-22 12:15:00,740,740,740,740,0
2022-02-22 12:16:00,740,740,740,740,0
2022-02-22 12:17:00,740,740,740,740,0
2022-02-22 12:18:00,740,740,740,740,0
2022-02-22 12:19:00,740,740,740,740,0
2022-02-22 12:20:00,740,740,740,740,0
2022-02-22 12:21:00,740,740,740,740,0
2022-02-22 12:22:00,740,740,740,740,0
2022-02-22 12:23:00,740,740,740,740,0
2022-02-22 12:24:00,740,740,740,740,0
2022-02-22 12:25:00,740,740,740,740,0
2022-02-22 12:26:00,740,740,740,740,0
2022-02-22 12:27:00,740,740,740,740,0
2022-02-22 12:28:00,740,740,740,740,0
2022-02-22 12:29:00,740,740,740,740,0
2022-02-22 12:30:00,740,740,740,740,0
2022-02-22 12:31:00,740,740,740,740,0
2022-02-22 12:32:00,740,740,740,740,0
2022-02-22 12:33:00,740,740,740,740,0
2022-02-22 12:34:00,740,740,740,740,0
2022-02-22 12:35:00,740,740,740,740,0
2022-02-22 12:36:00,740,740,740,740,0
2022-02-22 12:37:00,740,740,740,740,0
2022-02-22 12:38:00,740,740,740,740,0
2022-02-22 12:39:00,740,740,740,740,0
2022-02-22 12:40:00,740,740,740,740,0
2022-02-22 12:41:00,740,740,740,740,0
2022-02-22 12:42:00,740,740,740,740,0
2022-02-22 12:43:00,740,740,740,740,0
2022-02-22 12:44:00,740,740,740,740,0
2022-02-22 12:45:00,740,740,740,740,0
2022-02-22 12:46:00,740,740,740,740,0
2022-02-22 12:47:00,740,740,740,740,0
2022-02-22 12:48:00,740,740,740,740,0
2022-02-22 12:49:00,740,740,740,740,0
2022-02-22 12:50:00,740,740,740,740,0
2022-02-22 12:51:00,740,740,740,740,0
2022-02-22 12:52:00,740,740,740,740,0
2022-02-22 12:53:00,740,740,740,740,0
2022-02-22 12:54:00,740,740,740,740,0
2022-02-22 12:55:00,740,740,740,740,0
2022-02-22 12:56:00,740,740,740,740,0
2022-02-22 12:57:00,740,740,740,740,0
2022-02-22 12:58:00,740,740,740,740,0
2022-02-22 12:59:00,740,740,740,740,0
2022-02-22 13:00:00,740,740,740,740,0
2022-02-22 13:01:00,740,740,740,740,0
2022-02-22 13:02:00,740,740,740,740,0
2022-02-22 13:03:00,740,740,740,740,0
2022-02-22 13:04:00,740,740,740,740,0
2022-02-22 13:05:00,740,740,740,740,0
2022-02-22 13:06:00,740,740,740,740,0
2022-02-22 13:07:00,740,740,740,740,0
2022-02-22 13:08:00,740,740,740,740,0
2022-02-22 13:09:00,740,740,740,740,0
2022-02-22 13:10:00,740,740,740,740,0
2022-02-22 13:11:00,740,740,740,740,0
2022-02-22 13:12:00,740,740,740,740,0
2022-02-22 13:13:00,740,740,740,740,0
2022-02-22 13:14:00,740,740,740,740,0
2022-02-22 13:15:00,740,740,740,740,0
2022-02-22 13:16:00,740,740,740,740,0
2022-02-22 13:17:00,740,740,740,740,0
2022-02-22 13:18:00,740,740,740,740,0
2022-02-22 13:19:00,740,740,740,740,0
2022-02-22 13:20:00,740,740,740,740,0
2022-02-22 13:21:00,740,740,740,740,0
2022-02-22 13:22:00,740,740,740,740,0
2022-02-22 13:23:00,740,740,740,740,0
2022-02-22 13:24:00,740,740,740,740,0
2022-02-22 13:25:00,740,740,740,740,0
2022-02-22 13:26:00,740,740,740,740,0
2022-02-22 13:27:00,740,740,740,740,0
2022-02-22 13:28:00,740,740,740,740,0
2022-02-22 13:29:00,740,740,740,740,0
2022-02-22 13:30:00,740,735,740,740,5500
2022-02-22 13:31:00,740,735,740,740,0
2022-02-22 13:32:00,740,740,740,740,1400
2022-02-22 13:33:00,740,740,740,740,0
2022-02-22 13:34:00,735,730,740,740,4000
2022-02-22 13:35:00,735,735,740,735,1100
2022-02-22 13:36:00,740,740,740,740,300
2022-02-22 13:37:00,740,740,740,740,0
2022-02-22 13:38:00,735,725,740,740,57200
2022-02-22 13:39:00,735,725,740,740,0
2022-02-22 13:40:00,740,740,740,740,200
2022-02-22 13:41:00,735,735,740,740,1600
2022-02-22 13:42:00,740,740,740,740,200
2022-02-22 13:43:00,740,740,740,740,300
2022-02-22 13:44:00,740,740,740,740,0
2022-02-22 13:45:00,740,740,740,740,300
2022-02-22 13:46:00,735,735,735,735,1100
2022-02-22 13:47:00,740,735,740,735,1100
2022-02-22 13:48:00,735,735,740,740,500
2022-02-22 13:49:00,740,735,740,735,700
2022-02-22 13:50:00,740,735,740,735,0
2022-02-22 13:51:00,740,735,740,735,0
2022-02-22 13:52:00,740,735,740,735,0
2022-02-22 13:53:00,740,735,740,735,0
2022-02-22 13:54:00,735,735,735,735,1200
2022-02-22 13:55:00,735,735,735,735,0
2022-02-22 13:56:00,730,730,735,735,300
2022-02-22 13:57:00,730,730,735,735,0
2022-02-22 13:58:00,730,730,735,735,0
2022-02-22 13:59:00,735,735,735,735,3700
2022-02-22 14:00:00,735,735,735,735,0
2022-02-22 14:01:00,735,735,735,735,0
2022-02-22 14:02:00,735,735,735,735,0
2022-02-22 14:03:00,735,735,735,735,1000
2022-02-22 14:04:00,735,735,735,735,0
2022-02-22 14:05:00,735,735,735,735,0
2022-02-22 14:06:00,735,735,735,735,300
2022-02-22 14:07:00,735,735,735,735,0
2022-02-22 14:08:00,735,735,735,735,0
2022-02-22 14:09:00,735,735,735,735,300
2022-02-22 14:10:00,735,735,735,735,0
2022-02-22 14:11:00,735,735,735,735,0
2022-02-22 14:12:00,735,735,735,735,200
2022-02-22 14:13:00,735,735,735,735,0
2022-02-22 14:14:00,735,735,735,735,0
2022-02-22 14:15:00,735,735,735,735,200
2022-02-22 14:16:00,735,735,735,735,0
2022-02-22 14:17:00,735,735,735,735,0
2022-02-22 14:18:00,735,735,735,735,0
2022-02-22 14:19:00,735,735,735,735,0
2022-02-22 14:20:00,735,735,735,735,300
2022-02-22 14:21:00,730,730,735,735,11000
2022-02-22 14:22:00,730,730,735,735,0
2022-02-22 14:23:00,730,730,735,735,0
2022-02-22 14:24:00,730,730,735,735,0
2022-02-22 14:25:00,730,730,735,735,0
2022-02-22 14:26:00,735,735,735,735,1200
2022-02-22 14:27:00,735,735,735,735,1000
2022-02-22 14:28:00,735,735,735,735,0
2022-02-22 14:29:00,735,735,735,735,0
2022-02-22 14:30:00,735,735,735,735,300
2022-02-22 14:31:00,735,735,735,735,0
2022-02-22 14:32:00,735,735,735,735,1000
2022-02-22 14:33:00,735,735,735,735,0
2022-02-22 14:34:00,735,735,735,735,0
2022-02-22 14:35:00,735,735,735,735,0
2022-02-22 14:36:00,735,735,735,735,0
2022-02-22 14:37:00,735,735,735,735,900
2022-02-22 14:38:00,735,735,735,735,0
2022-02-22 14:39:00,735,735,735,735,0
2022-02-22 14:40:00,735,735,735,735,0
2022-02-22 14:41:00,730,730,735,735,7000
2022-02-22 14:42:00,735,735,735,735,200
2022-02-22 14:43:00,735,735,735,735,100
2022-02-22 14:44:00,735,735,735,735,600
2022-02-22 14:45:00,730,730,730,730,5200
2022-02-22 14:46:00,730,730,730,730,5000
2022-02-22 14:47:00,730,730,735,735,40100
2022-02-22 14:48:00,730,730,730,730,2800
2022-02-22 14:49:00,730,730,730,730,2500
2022-02-22 14:50:00,730,730,730,730,0
2022-02-22 14:51:00,730,730,730,730,0
2022-02-22 14:52:00,730,730,730,730,0
2022-02-22 14:53:00,730,730,730,730,0
2022-02-22 14:54:00,730,730,730,730,0
2022-02-22 14:55:00,730,730,730,730,0
2022-02-22 14:56:00,730,730,730,730,0
2022-02-22 14:57:00,730,730,730,730,0
2022-02-22 14:58:00,730,730,730,730,0
2022-02-22 14:59:00,730,730,730,730,0
2022-02-22 15:00:00,730,730,730,730,53500
2022-02-22 15:01:00,730,730,730,730,0
2022-02-22 15:02:00,730,730,730,730,0
2022-02-22 15:03:00,730,730,730,730,0
2022-02-22 15:04:00,730,730,730,730,0
2022-02-22 15:05:00,730,730,730,730,0
2022-02-22 15:06:00,730,730,730,730,0
2022-02-22 15:07:00,730,730,730,730,0
2022-02-22 15:08:00,730,730,730,730,0
2022-02-22 15:09:00,730,730,730,730,0
2022-02-22 15:10:00,730,730,730,730,0
2022-02-22 15:11:00,730,730,730,730,0
2022-02-22 15:12:00,730,730,730,730,0
2022-02-22 15:13:00,730,730,730,730,400
2022-02-22 15:14:00,730,730,730,730,4600
2022-02-22 15:15:00,730,730,730,730,0
2022-02-22 15:16:00,730,730,730,730,0
2022-02-22 15:17:00,730,730,730,730,0
2022-02-22 15:18:00,730,730,730,730,0
2022-02-22 15:19:00,730,730,730,730,0
2022-02-22 15:20:00,730,730,730,730,0
2022-02-22 15:21:00,730,730,730,730,0
2022-02-22 15:22:00,730,730,730,730,0
2022-02-22 15:23:00,730,730,730,730,0
2022-02-22 15:24:00,730,730,730,730,0
2022-02-22 15:25:00,730,730,730,730,0
2022-02-22 15:26:00,730,730,730,730,0
2022-02-22 15:27:00,730,730,730,730,0
2022-02-22 15:28:00,730,730,730,730,0
2022-02-22 15:29:00,730,730,730,730,0
2022-02-22 15:30:00,730,730,730,730,0
2022-02-22 15:31:00,730,730,730,730,0
2022-02-22 15:32:00,730,730,730,730,0
2022-02-22 15:33:00,730,730,730,730,0
2022-02-22 15:34:00,730,730,730,730,0
2022-02-22 15:35:00,730,730,730,730,0
2022-02-22 15:36:00,730,730,730,730,0
2022-02-22 15:37:00,730,730,730,730,0
2022-02-22 15:38:00,730,730,730,730,0
2022-02-22 15:39:00,730,730,730,730,0
2022-02-22 15:40:00,730,730,730,730,0
2022-02-22 15:41:00,730,730,730,730,0
2022-02-22 15:42:00,730,730,730,730,0
2022-02-22 15:43:00,730,730,730,730,0
2022-02-22 15:44:00,730,730,730,730,0
2022-02-22 15:45:00,730,730,730,730,0
2022-02-22 15:46:00,730,730,730,730,0
2022-02-22 15:47:00,730,730,730,730,0
2022-02-22 15:48:00,730,730,730,730,0
2022-02-22 15:49:00,730,730,730,730,0
2022-02-22 15:50:00,730,730,730,730,0
2022-02-22 15:51:00,730,730,730,730,0
2022-02-22 15:52:00,730,730,730,730,0
2022-02-22 15:53:00,730,730,730,730,0
2022-02-22 15:54:00,730,730,730,730,0
2022-02-22 15:55:00,730,730,730,730,0
2022-02-22 15:56:00,730,730,730,730,0
2022-02-22 15:57:00,730,730,730,730,0
2022-02-22 15:58:00,730,730,730,730,0
2022-02-22 15:59:00,730,730,730,730,0
2022-02-23 09:00:00,730,730,730,730,0
2022-02-23 09:01:00,730,730,730,730,0
2022-02-23 09:02:00,730,730,730,730,0
2022-02-23 09:03:00,730,730,730,730,0
2022-02-23 09:04:00,730,730,730,730,0
2022-02-23 09:05:00,730,730,730,730,0
2022-02-23 09:06:00,730,730,730,730,0
2022-02-23 09:07:00,725,725,730,730,2200
2022-02-23 09:08:00,725,725,730,730,0
2022-02-23 09:09:00,725,725,730,730,1200
2022-02-23 09:10:00,730,730,730,730,200
2022-02-23 09:11:00,730,730,730,730,1000
2022-02-23 09:12:00,730,730,730,730,0
2022-02-23 09:13:00,730,730,730,730,0
2022-02-23 09:14:00,730,730,730,730,0
2022-02-23 09:15:00,730,730,730,730,0
2022-02-23 09:16:00,730,730,730,730,0
2022-02-23 09:17:00,730,730,730,730,0
2022-02-23 09:18:00,730,730,730,730,0
2022-02-23 09:19:00,725,725,725,725,2500
2022-02-23 09:20:00,730,725,730,730,900
2022-02-23 09:21:00,730,725,730,730,0
2022-02-23 09:22:00,730,725,730,725,700
2022-02-23 09:23:00,730,725,730,725,1800
2022-02-23 09:24:00,730,730,730,730,200
2022-02-23 09:25:00,730,730,730,730,2000
2022-02-23 09:26:00,730,730,730,730,0
2022-02-23 09:27:00,730,730,730,730,0
2022-02-23 09:28:00,730,730,730,730,1400
2022-02-23 09:29:00,730,730,730,730,0
2022-02-23 09:30:00,730,730,730,730,0
2022-02-23 09:31:00,730,730,730,730,0
2022-02-23 09:32:00,725,725,725,725,1000
2022-02-23 09:33:00,730,730,730,730,200
2022-02-23 09:34:00,730,730,730,730,0
2022-02-23 09:35:00,730,730,730,730,0
2022-02-23 09:36:00,730,730,730,730,0
2022-02-23 09:37:00,730,730,730,730,0
2022-02-23 09:38:00,730,730,730,730,0
2022-02-23 09:39:00,730,730,730,730,0
2022-02-23 09:40:00,730,730,730,730,0
2022-02-23 09:41:00,730,730,730,730,0
2022-02-23 09:42:00,730,730,730,730,1100
2022-02-23 09:43:00,730,730,730,730,0
2022-02-23 09:44:00,730,730,730,730,0
2022-02-23 09:45:00,730,730,730,730,0
2022-02-23 09:46:00,730,730,730,730,0
2022-02-23 09:47:00,730,730,730,730,0
2022-02-23 09:48:00,730,730,730,730,0
2022-02-23 09:49:00,730,730,730,730,0
2022-02-23 09:50:00,730,730,730,730,0
2022-02-23 09:51:00,730,730,730,730,0
2022-02-23 09:52:00,725,725,725,725,1000
2022-02-23 09:53:00,730,730,730,730,200
2022-02-23 09:54:00,730,730,730,730,0
2022-02-23 09:55:00,730,730,730,730,0
2022-02-23 09:56:00,730,730,730,730,0
2022-02-23 09:57:00,730,730,730,730,0
2022-02-23 09:58:00,730,730,730,730,0
2022-02-23 09:59:00,730,730,730,730,0
2022-02-23 10:00:00,730,730,730,730,0
2022-02-23 10:01:00,730,730,730,730,0
2022-02-23 10:02:00,730,730,730,730,0
2022-02-23 10:03:00,730,730,730,730,0
2022-02-23 10:04:00,730,730,730,730,0
2022-02-23 10:05:00,730,730,730,730,0
2022-02-23 10:06:00,730,730,730,730,0
2022-02-23 10:07:00,730,730,730,730,0
2022-02-23 10:08:00,730,730,730,730,0
2022-02-23 10:09:00,725,725,725,725,9800
2022-02-23 10:10:00,730,730,730,730,300
2022-02-23 10:11:00,730,730,730,730,0
2022-02-23 10:12:00,730,730,730,730,0
2022-02-23 10:13:00,730,730,730,730,0
2022-02-23 10:14:00,730,730,730,730,0
2022-02-23 10:15:00,730,730,730,730,0
2022-02-23 10:16:00,730,730,730,730,0
2022-02-23 10:17:00,730,730,730,730,0
2022-02-23 10:18:00,730,730,730,730,0
2022-02-23 10:19:00,730,730,730,730,0
2022-02-23 10:20:00,730,720,730,720,5300
2022-02-23 10:21:00,730,730,730,730,200
2022-02-23 10:22:00,730,730,730,730,200
2022-02-23 10:23:00,730,730,730,730,0
2022-02-23 10:24:00,730,730,730,730,0
2022-02-23 10:25:00,730,730,730,730,1200
2022-02-23 10:26:00,730,730,730,730,0
2022-02-23 10:27:00,730,725,730,725,900
2022-02-23 10:28:00,730,730,730,730,200
2022-02-23 10:29:00,730,730,730,730,0
2022-02-23 10:30:00,730,730,730,730,0
2022-02-23 10:31:00,730,730,730,730,100
2022-02-23 10:32:00,730,730,730,730,0
2022-02-23 10:33:00,730,730,730,730,0
2022-02-23 10:34:00,730,730,730,730,0
2022-02-23 10:35:00,730,730,730,730,0
2022-02-23 10:36:00,730,730,730,730,0
2022-02-23 10:37:00,730,730,730,730,0
2022-02-23 10:38:00,730,730,730,730,0
2022-02-23 10:39:00,730,730,730,730,0
2022-02-23 10:40:00,730,730,730,730,0
2022-02-23 10:41:00,730,730,730,730,0
2022-02-23 10:42:00,730,730,730,730,0
2022-02-23 10:43:00,730,730,730,730,0
2022-02-23 10:44:00,725,725,725,725,2000
2022-02-23 10:45:00,730,730,730,730,300
2022-02-23 10:46:00,730,730,730,730,0
2022-02-23 10:47:00,730,730,730,730,0
2022-02-23 10:48:00,730,730,730,730,0
2022-02-23 10:49:00,730,730,730,730,0
2022-02-23 10:50:00,730,730,730,730,500
2022-02-23 10:51:00,730,730,730,730,0
2022-02-23 10:52:00,730,730,730,730,0
2022-02-23 10:53:00,730,730,730,730,300
2022-02-23 10:54:00,730,730,730,730,0
2022-02-23 10:55:00,730,730,730,730,0
2022-02-23 10:56:00,730,730,730,730,0
2022-02-23 10:57:00,730,730,730,730,0
2022-02-23 10:58:00,730,730,730,730,0
2022-02-23 10:59:00,730,730,730,730,0
2022-02-23 11:00:00,730,730,730,730,0
2022-02-23 11:01:00,730,725,730,730,2400
2022-02-23 11:02:00,730,725,730,730,0
2022-02-23 11:03:00,730,725,730,730,0
2022-02-23 11:04:00,725,725,725,725,3100
2022-02-23 11:05:00,725,725,725,725,0
2022-02-23 11:06:00,725,725,725,725,0
2022-02-23 11:07:00,725,725,730,730,2700
2022-02-23 11:08:00,725,725,730,730,0
2022-02-23 11:09:00,730,730,730,730,200
2022-02-23 11:10:00,725,725,730,730,1200
2022-02-23 11:11:00,725,725,725,725,300
2022-02-23 11:12:00,725,725,725,725,0
2022-02-23 11:13:00,725,725,725,725,0
2022-02-23 11:14:00,725,725,725,725,0
2022-02-23 11:15:00,730,730,730,730,200
2022-02-23 11:16:00,730,730,730,730,0
2022-02-23 11:17:00,730,730,730,730,200
2022-02-23 11:18:00,725,725,730,730,500
2022-02-23 11:19:00,725,725,725,725,500
2022-02-23 11:20:00,730,730,730,730,500
2022-02-23 11:21:00,730,730,730,730,200
2022-02-23 11:22:00,730,730,730,730,200
2022-02-23 11:23:00,730,730,730,730,0
2022-02-23 11:24:00,730,730,730,730,0
2022-02-23 11:25:00,730,730,730,730,300
2022-02-23 11:26:00,730,730,730,730,200
2022-02-23 11:27:00,730,730,730,730,200
2022-02-23 11:28:00,730,730,730,730,200
2022-02-23 11:29:00,730,730,730,730,500
2022-02-23 11:30:00,730,730,730,730,0
2022-02-23 11:31:00,730,730,730,730,0
2022-02-23 11:32:00,730,730,730,730,0
2022-02-23 11:33:00,730,730,730,730,0
2022-02-23 11:34:00,730,730,730,730,0
2022-02-23 11:35:00,730,730,730,730,0
2022-02-23 11:36:00,730,730,730,730,0
2022-02-23 11:37:00,730,730,730,730,0
2022-02-23 11:38:00,730,730,730,730,0
2022-02-23 11:39:00,730,730,730,730,0
2022-02-23 11:40:00,730,730,730,730,0
2022-02-23 11:41:00,730,730,730,730,0
2022-02-23 11:42:00,730,730,730,730,0
2022-02-23 11:43:00,730,730,730,730,0
2022-02-23 11:44:00,730,730,730,730,0
2022-02-23 11:45:00,730,730,730,730,0
2022-02-23 11:46:00,730,730,730,730,0
2022-02-23 11:47:00,730,730,730,730,0
2022-02-23 11:48:00,730,730,730,730,0
2022-02-23 11:49:00,730,730,730,730,0
2022-02-23 11:50:00,730,730,730,730,0
2022-02-23 11:51:00,730,730,730,730,0
2022-02-23 11:52:00,730,730,730,730,0
2022-02-23 11:53:00,730,730,730,730,0
2022-02-23 11:54:00,730,730,730,730,0
2022-02-23 11:55:00,730,730,730,730,0
2022-02-23 11:56:00,730,730,730,730,0
2022-02-23 11:57:00,730,730,730,730,0
2022-02-23 11:58:00,730,730,730,730,0
2022-02-23 11:59:00,730,730,730,730,0
2022-02-23 12:00:00,730,730,730,730,0
2022-02-23 12:01:00,730,730,730,730,0
2022-02-23 12:02:00,730,730,730,730,0
2022-02-23 12:03:00,730,730,730,730,0
2022-02-23 12:04:00,730,730,730,730,0
2022-02-23 12:05:00,730,730,730,730,0
2022-02-23 12:06:00,730,730,730,730,0
2022-02-23 12:07:00,730,730,730,730,0
2022-02-23 12:08:00,730,730,730,730,0
2022-02-23 12:09:00,730,730,730,730,0
2022-02-23 12:10:00,730,730,730,730,0
2022-02-23 12:11:00,730,730,730,730,0
2022-02-23 12:12:00,730,730,730,730,0
2022-02-23 12:13:00,730,730,730,730,0
2022-02-23 12:14:00,730,730,730,730,0
2022-02-23 12:15:00,730,730,730,730,0
2022-02-23 12:16:00,730,730,730,730,0
2022-02-23 12:17:00,730,730,730,730,0
2022-02-23 12:18:00,730,730,730,730,0
2022-02-23 12:19:00,730,730,730,730,0
2022-02-23 12:20:00,730,730,730,730,0
2022-02-23 12:21:00,730,730,730,730,0
2022-02-23 12:22:00,730,730,730,730,0
2022-02-23 12:23:00,730,730,730,730,0
2022-02-23 12:24:00,730,730,730,730,0
2022-02-23 12:25:00,730,730,730,730,0
2022-02-23 12:26:00,730,730,730,730,0
2022-02-23 12:27:00,730,730,730,730,0
2022-02-23 12:28:00,730,730,730,730,0
2022-02-23 12:29:00,730,730,730,730,0
2022-02-23 12:30:00,730,730,730,730,0
2022-02-23 12:31:00,730,730,730,730,0
2022-02-23 12:32:00,730,730,730,730,0
2022-02-23 12:33:00,730,730,730,730,0
2022-02-23 12:34:00,730,730,730,730,0
2022-02-23 12:35:00,730,730,730,730,0
2022-02-23 12:36:00,730,730,730,730,0
2022-02-23 12:37:00,730,730,730,730,0
2022-02-23 12:38:00,730,730,730,730,0
2022-02-23 12:39:00,730,730,730,730,0
2022-02-23 12:40:00,730,730,730,730,0
2022-02-23 12:41:00,730,730,730,730,0
2022-02-23 12:42:00,730,730,730,730,0
2022-02-23 12:43:00,730,730,730,730,0
2022-02-23 12:44:00,730,730,730,730,0
2022-02-23 12:45:00,730,730,730,730,0
2022-02-23 12:46:00,730,730,730,730,0
2022-02-23 12:47:00,730,730,730,730,0
2022-02-23 12:48:00,730,730,730,730,0
2022-02-23 12:49:00,730,730,730,730,0
2022-02-23 12:50:00,730,730,730,730,0
2022-02-23 12:51:00,730,730,730,730,0
2022-02-23 12:52:00,730,730,730,730,0
2022-02-23 12:53:00,730,730,730,730,0
2022-02-23 12:54:00,730,730,730,730,0
2022-02-23 12:55:00,730,730,730,730,0
2022-02-23 12:56:00,730,730,730,730,0
2022-02-23 12:57:00,730,730,730,730,0
2022-02-23 12:58:00,730,730,730,730,0
2022-02-23 12:59:00,730,730,730,730,0
2022-02-23 13:00:00,730,730,730,730,0
2022-02-23 13:01:00,730,730,730,730,0
2022-02-23 13:02:00,730,730,730,730,0
2022-02-23 13:03:00,730,730,730,730,0
2022-02-23 13:04:00,730,730,730,730,0
2022-02-23 13:05:00,730,730,730,730,0
2022-02-23 13:06:00,730,730,730,730,0
2022-02-23 13:07:00,730,730,730,730,0
2022-02-23 13:08:00,730,730,730,730,0
2022-02-23 13:09:00,730,730,730,730,0
2022-02-23 13:10:00,730,730,730,730,0
2022-02-23 13:11:00,730,730,730,730,0
2022-02-23 13:12:00,730,730,730,730,0
2022-02-23 13:13:00,730,730,730,730,0
2022-02-23 13:14:00,730,730,730,730,0
2022-02-23 13:15:00,730,730,730,730,0
2022-02-23 13:16:00,730,730,730,730,0
2022-02-23 13:17:00,730,730,730,730,0
2022-02-23 13:18:00,730,730,730,730,0
2022-02-23 13:19:00,730,730,730,730,0
2022-02-23 13:20:00,730,730,730,730,0
2022-02-23 13:21:00,730,730,730,730,0
2022-02-23 13:22:00,730,730,730,730,0
2022-02-23 13:23:00,730,730,730,730,0
2022-02-23 13:24:00,730,730,730,730,0
2022-02-23 13:25:00,730,730,730,730,0
2022-02-23 13:26:00,730,730,730,730,0
2022-02-23 13:27:00,730,730,730,730,0
2022-02-23 13:28:00,730,730,730,730,0
2022-02-23 13:29:00,730,730,730,730,0
2022-02-23 13:30:00,730,730,730,730,0
2022-02-23 13:31:00,730,730,730,730,0
2022-02-23 13:32:00,730,730,730,730,200
2022-02-23 13:33:00,730,730,730,730,0
2022-02-23 13:34:00,730,730,730,730,0
2022-02-23 13:35:00,730,730,730,730,0
2022-02-23 13:36:00,730,730,730,730,0
2022-02-23 13:37:00,730,730,730,730,3000
2022-02-23 13:38:00,730,730,730,730,0
2022-02-23 13:39:00,730,730,730,730,200
2022-02-23 13:40:00,730,730,730,730,0
2022-02-23 13:41:00,730,730,730,730,1500
2022-02-23 13:42:00,730,730,730,730,0
2022-02-23 13:43:00,730,730,730,730,0
2022-02-23 13:44:00,730,730,730,730,0
2022-02-23 13:45:00,730,730,730,730,0
2022-02-23 13:46:00,730,730,730,730,0
2022-02-23 13:47:00,730,730,730,730,0
2022-02-23 13:48:00,730,730,730,730,0
2022-02-23 13:49:00,725,725,730,730,500
2022-02-23 13:50:00,725,725,730,730,0
2022-02-23 13:51:00,725,725,730,730,0
2022-02-23 13:52:00,725,725,730,730,0
2022-02-23 13:53:00,725,725,730,730,0
2022-02-23 13:54:00,730,730,730,730,1100
2022-02-23 13:55:00,730,730,730,730,0
2022-02-23 13:56:00,730,730,730,730,0
2022-02-23 13:57:00,730,730,730,730,0
2022-02-23 13:58:00,730,730,730,730,500
2022-02-23 13:59:00,730,730,730,730,0
2022-02-23 14:00:00,725,725,725,725,700
2022-02-23 14:01:00,725,725,725,725,1400
2022-02-23 14:02:00,725,725,725,725,0
2022-02-23 14:03:00,720,720,720,720,100
2022-02-23 14:04:00,725,725,725,725,200
2022-02-23 14:05:00,725,725,730,730,25000
2022-02-23 14:06:00,725,725,725,725,1400
2022-02-23 14:07:00,720,710,730,730,29200
2022-02-23 14:08:00,730,730,730,730,200
2022-02-23 14:09:00,730,730,730,730,0
2022-02-23 14:10:00,730,730,730,730,0
2022-02-23 14:11:00,730,730,730,730,0
2022-02-23 14:12:00,730,730,730,730,1300
2022-02-23 14:13:00,730,730,730,730,0
2022-02-23 14:14:00,730,730,730,730,0
2022-02-23 14:15:00,730,730,730,730,0
2022-02-23 14:16:00,730,730,730,730,0
2022-02-23 14:17:00,730,730,730,730,0
2022-02-23 14:18:00,730,730,730,730,0
2022-02-23 14:19:00,725,725,725,725,3000
2022-02-23 14:20:00,725,725,725,725,1100
2022-02-23 14:21:00,725,725,725,725,0
2022-02-23 14:22:00,720,720,720,720,7300
2022-02-23 14:23:00,715,715,720,720,1900
2022-02-23 14:24:00,720,720,720,720,2100
2022-02-23 14:25:00,720,720,720,720,6000
2022-02-23 14:26:00,720,720,720,720,0
2022-02-23 14:27:00,720,720,720,720,1400
2022-02-23 14:28:00,720,720,720,720,1500
2022-02-23 14:29:00,720,715,720,715,8700
2022-02-23 14:30:00,715,710,715,710,3500
2022-02-23 14:31:00,715,705,715,715,18600
2022-02-23 14:32:00,710,710,715,715,1800
2022-02-23 14:33:00,710,710,710,710,200
2022-02-23 14:34:00,705,700,705,705,20500
2022-02-23 14:35:00,705,705,725,720,54000
2022-02-23 14:36:00,720,720,720,720,2200
2022-02-23 14:37:00,720,720,720,720,1000
2022-02-23 14:38:00,720,720,720,720,1500
2022-02-23 14:39:00,720,720,720,720,0
2022-02-23 14:40:00,720,720,720,720,1000
2022-02-23 14:41:00,720,720,720,720,2000
2022-02-23 14:42:00,715,715,715,715,500
2022-02-23 14:43:00,720,720,720,720,500
2022-02-23 14:44:00,720,720,720,720,700
2022-02-23 14:45:00,720,720,720,720,800
2022-02-23 14:46:00,715,715,720,720,800
2022-02-23 14:47:00,720,720,720,720,3000
2022-02-23 14:48:00,720,720,730,730,38000
2022-02-23 14:49:00,730,730,730,730,900
2022-02-23 14:50:00,730,730,730,730,200
2022-02-23 14:51:00,730,730,730,730,0
2022-02-23 14:52:00,730,730,730,730,0
2022-02-23 14:53:00,730,730,730,730,0
2022-02-23 14:54:00,730,730,730,730,0
2022-02-23 14:55:00,730,730,730,730,0
2022-02-23 14:56:00,730,730,730,730,0
2022-02-23 14:57:00,730,730,730,730,0
2022-02-23 14:58:00,730,730,730,730,0
2022-02-23 14:59:00,730,730,730,730,0
2022-02-23 15:00:00,710,710,710,710,100000
2022-02-23 15:01:00,710,710,710,710,0
2022-02-23 15:02:00,710,710,710,710,0
2022-02-23 15:03:00,710,710,710,710,0
2022-02-23 15:04:00,710,710,710,710,0
2022-02-23 15:05:00,710,710,710,710,0
2022-02-23 15:06:00,710,710,710,710,0
2022-02-23 15:07:00,710,710,710,710,6600
2022-02-23 15:08:00,710,710,710,710,8900
2022-02-23 15:09:00,710,710,710,710,0
2022-02-23 15:10:00,710,710,710,710,0
2022-02-23 15:11:00,710,710,710,710,3600
2022-02-23 15:12:00,710,710,710,710,0
2022-02-23 15:13:00,710,710,710,710,0
2022-02-23 15:14:00,710,710,710,710,0
2022-02-23 15:15:00,710,710,710,710,0
2022-02-23 15:16:00,710,710,710,710,0
2022-02-23 15:17:00,710,710,710,710,0
2022-02-23 15:18:00,710,710,710,710,0
2022-02-23 15:19:00,710,710,710,710,0
2022-02-23 15:20:00,710,710,710,710,0
2022-02-23 15:21:00,710,710,710,710,0
2022-02-23 15:22:00,710,710,710,710,0
2022-02-23 15:23:00,710,710,710,710,0
2022-02-23 15:24:00,710,710,710,710,0
2022-02-23 15:25:00,710,710,710,710,0
2022-02-23 15:26:00,710,710,710,710,0
2022-02-23 15:27:00,710,710,710,710,0
2022-02-23 15:28:00,710,710,710,710,0
2022-02-23 15:29:00,710,710,710,710,0
2022-02-23 15:30:00,710,710,710,710,0
2022-02-23 15:31:00,710,710,710,710,0
2022-02-23 15:32:00,710,710,710,710,0
2022-02-23 15:33:00,710,710,710,710,0
2022-02-23 15:34:00,710,710,710,710,0
2022-02-23 15:35:00,710,710,710,710,0
2022-02-23 15:36:00,710,710,710,710,0
2022-02-23 15:37:00,710,710,710,710,0
2022-02-23 15:38:00,710,710,710,710,0
2022-02-23 15:39:00,710,710,710,710,0
2022-02-23 15:40:00,710,710,710,710,0
2022-02-23 15:41:00,710,710,710,710,0
2022-02-23 15:42:00,710,710,710,710,0
2022-02-23 15:43:00,710,710,710,710,0
2022-02-23 15:44:00,710,710,710,710,0
2022-02-23 15:45:00,710,710,710,710,0
2022-02-23 15:46:00,710,710,710,710,0
2022-02-23 15:47:00,710,710,710,710,0
2022-02-23 15:48:00,710,710,710,710,0
2022-02-23 15:49:00,710,710,710,710,0
2022-02-23 15:50:00,710,710,710,710,0
2022-02-23 15:51:00,710,710,710,710,0
2022-02-23 15:52:00,710,710,710,710,0
2022-02-23 15:53:00,710,710,710,710,0
2022-02-23 15:54:00,710,710,710,710,0
2022-02-23 15:55:00,710,710,710,710,0
2022-02-23 15:56:00,710,710,710,710,0
2022-02-23 15:57:00,710,710,710,710,0
2022-02-23 15:58:00,710,710,710,710,0
2022-02-23 15:59:00,710,710,710,710,0
2022-02-24 09:00:00,710,710,710,710,0
2022-02-24 09:01:00,710,710,710,710,0
2022-02-24 09:02:00,710,710,710,710,1700
2022-02-24 09:03:00,710,700,710,710,21600
2022-02-24 09:04:00,705,705,705,705,300
2022-02-24 09:05:00,710,710,710,710,300
2022-02-24 09:06:00,705,705,710,710,2800
2022-02-24 09:07:00,710,710,710,710,200
2022-02-24 09:08:00,710,710,710,710,0
2022-02-24 09:09:00,710,710,710,710,99200
2022-02-24 09:10:00,715,665,715,665,145700
2022-02-24 09:11:00,710,670,710,680,20000
2022-02-24 09:12:00,685,685,710,710,20500
2022-02-24 09:13:00,680,680,705,705,400
2022-02-24 09:14:00,680,680,705,705,0
2022-02-24 09:15:00,680,680,705,705,0
2022-02-24 09:16:00,705,705,705,705,4500
2022-02-24 09:17:00,705,705,705,705,1100
2022-02-24 09:18:00,700,690,700,690,1600
2022-02-24 09:19:00,690,690,690,690,400
2022-02-24 09:20:00,705,705,705,705,1500
2022-02-24 09:21:00,705,705,705,705,0
2022-02-24 09:22:00,700,700,700,700,500
2022-02-24 09:23:00,700,700,700,700,0
2022-02-24 09:24:00,700,700,700,700,100
2022-02-24 09:25:00,705,705,705,705,1000
2022-02-24 09:26:00,705,705,705,705,1400
2022-02-24 09:27:00,705,705,705,705,500
2022-02-24 09:28:00,705,705,705,705,0
2022-02-24 09:29:00,705,705,705,705,0
2022-02-24 09:30:00,705,705,705,705,800
2022-02-24 09:31:00,700,700,705,705,300
2022-02-24 09:32:00,700,700,700,700,200
2022-02-24 09:33:00,700,700,710,710,2500
2022-02-24 09:34:00,700,700,710,710,0
2022-02-24 09:35:00,700,700,710,710,0
2022-02-24 09:36:00,700,700,710,710,0
2022-02-24 09:37:00,700,700,710,710,0
2022-02-24 09:38:00,710,705,710,705,1900
2022-02-24 09:39:00,710,710,710,710,400
2022-02-24 09:40:00,710,710,710,710,0
2022-02-24 09:41:00,710,710,710,710,0
2022-02-24 09:42:00,705,705,705,705,500
2022-02-24 09:43:00,710,710,710,710,600
2022-02-24 09:44:00,710,710,710,710,200
2022-02-24 09:45:00,710,710,710,710,0
2022-02-24 09:46:00,705,705,705,705,700
2022-02-24 09:47:00,705,705,705,705,0
2022-02-24 09:48:00,710,710,710,710,200
2022-02-24 09:49:00,710,710,710,710,0
2022-02-24 09:50:00,710,710,710,710,2500
2022-02-24 09:51:00,710,710,710,710,0
2022-02-24 09:52:00,710,710,710,710,0
2022-02-24 09:53:00,710,710,710,710,0
2022-02-24 09:54:00,710,710,710,710,0
2022-02-24 09:55:00,705,705,705,705,3200
2022-02-24 09:56:00,710,705,710,705,1000
2022-02-24 09:57:00,705,705,705,705,700
2022-02-24 09:58:00,705,705,710,710,700
2022-02-24 09:59:00,705,705,710,710,0
2022-02-24 10:00:00,705,705,710,710,2200
2022-02-24 10:01:00,710,710,710,710,3000
2022-02-24 10:02:00,710,710,710,710,0
2022-02-24 10:03:00,705,705,705,705,121000
2022-02-24 10:04:00,710,710,710,710,90000
2022-02-24 10:05:00,710,710,710,710,1600
2022-02-24 10:06:00,710,710,710,710,0
2022-02-24 10:07:00,710,710,710,710,0
2022-02-24 10:08:00,710,710,710,710,0
2022-02-24 10:09:00,710,710,710,710,0
2022-02-24 10:10:00,710,710,710,710,0
2022-02-24 10:11:00,705,705,705,705,10500
2022-02-24 10:12:00,710,710,715,715,9000
2022-02-24 10:13:00,710,710,715,710,800
2022-02-24 10:14:00,710,710,715,710,0
2022-02-24 10:15:00,710,710,715,715,600
2022-02-24 10:16:00,710,710,715,715,0
2022-02-24 10:17:00,710,710,715,715,0
2022-02-24 10:18:00,710,710,715,715,0
2022-02-24 10:19:00,715,710,715,710,1400
2022-02-24 10:20:00,715,710,715,710,0
2022-02-24 10:21:00,715,715,715,715,200
2022-02-24 10:22:00,715,715,715,715,0
2022-02-24 10:23:00,715,715,715,715,200
2022-02-24 10:24:00,715,715,715,715,0
2022-02-24 10:25:00,710,705,715,715,1700
2022-02-24 10:26:00,710,705,715,715,0
2022-02-24 10:27:00,710,705,715,715,0
2022-02-24 10:28:00,715,715,715,715,200
2022-02-24 10:29:00,715,715,715,715,0
2022-02-24 10:30:00,715,715,715,715,0
2022-02-24 10:31:00,715,715,715,715,0
2022-02-24 10:32:00,710,710,710,710,500
2022-02-24 10:33:00,715,715,715,715,2000
2022-02-24 10:34:00,715,715,715,715,0
2022-02-24 10:35:00,715,710,715,710,500
2022-02-24 10:36:00,715,710,715,710,500
2022-02-24 10:37:00,715,715,715,715,200
2022-02-24 10:38:00,715,715,715,715,200
2022-02-24 10:39:00,715,715,715,715,0
2022-02-24 10:40:00,710,710,710,710,600
2022-02-24 10:41:00,705,705,705,705,600
2022-02-24 10:42:00,705,705,705,705,0
2022-02-24 10:43:00,710,710,710,710,200
2022-02-24 10:44:00,710,710,710,710,0
2022-02-24 10:45:00,710,710,710,710,0
2022-02-24 10:46:00,700,695,700,695,2600
2022-02-24 10:47:00,695,695,700,700,300
2022-02-24 10:48:00,695,695,700,700,0
2022-02-24 10:49:00,700,700,700,700,10100
2022-02-24 10:50:00,695,695,700,700,100
2022-02-24 10:51:00,695,695,700,700,0
2022-02-24 10:52:00,695,695,695,695,800
2022-02-24 10:53:00,690,690,700,700,15300
2022-02-24 10:54:00,690,690,700,700,1100
2022-02-24 10:55:00,700,700,700,700,100
2022-02-24 10:56:00,700,700,700,700,0
2022-02-24 10:57:00,700,700,700,700,0
2022-02-24 10:58:00,700,700,700,700,600
2022-02-24 10:59:00,700,700,700,700,0
2022-02-24 11:00:00,700,700,700,700,0
2022-02-24 11:01:00,695,685,695,685,9400
2022-02-24 11:02:00,685,685,700,700,800
2022-02-24 11:03:00,685,685,700,700,0
2022-02-24 11:04:00,700,680,700,700,5800
2022-02-24 11:05:00,705,700,705,700,1300
2022-02-24 11:06:00,700,700,700,700,700
2022-02-24 11:07:00,700,700,700,700,0
2022-02-24 11:08:00,695,695,695,695,300
2022-02-24 11:09:00,695,695,700,700,1200
2022-02-24 11:10:00,695,695,700,700,0
2022-02-24 11:11:00,695,695,700,700,0
2022-02-24 11:12:00,700,700,700,700,200
2022-02-24 11:13:00,700,700,700,700,0
2022-02-24 11:14:00,700,700,700,700,0
2022-02-24 11:15:00,700,700,700,700,0
2022-02-24 11:16:00,700,700,700,700,0
2022-02-24 11:17:00,700,700,700,700,0
2022-02-24 11:18:00,700,700,700,700,0
2022-02-24 11:19:00,700,700,700,700,0
2022-02-24 11:20:00,700,700,700,700,0
2022-02-24 11:21:00,700,700,700,700,0
2022-02-24 11:22:00,700,700,700,700,0
2022-02-24 11:23:00,700,700,700,700,1700
2022-02-24 11:24:00,700,700,700,700,0
2022-02-24 11:25:00,700,700,700,700,0
2022-02-24 11:26:00,700,700,700,700,200
2022-02-24 11:27:00,700,700,700,700,0
2022-02-24 11:28:00,700,700,700,700,0
2022-02-24 11:29:00,700,700,700,700,200
2022-02-24 11:30:00,700,700,700,700,0
2022-02-24 11:31:00,700,700,700,700,0
2022-02-24 11:32:00,700,700,700,700,0
2022-02-24 11:33:00,700,700,700,700,0
2022-02-24 11:34:00,700,700,700,700,0
2022-02-24 11:35:00,700,700,700,700,0
2022-02-24 11:36:00,700,700,700,700,0
2022-02-24 11:37:00,700,700,700,700,0
2022-02-24 11:38:00,700,700,700,700,0
2022-02-24 11:39:00,700,700,700,700,0
2022-02-24 11:40:00,700,700,700,700,0
2022-02-24 11:41:00,700,700,700,700,0
2022-02-24 11:42:00,700,700,700,700,0
2022-02-24 11:43:00,700,700,700,700,0
2022-02-24 11:44:00,700,700,700,700,0
2022-02-24 11:45:00,700,700,700,700,0
2022-02-24 11:46:00,700,700,700,700,0
2022-02-24 11:47:00,700,700,700,700,0
2022-02-24 11:48:00,700,700,700,700,0
2022-02-24 11:49:00,700,700,700,700,0
2022-02-24 11:50:00,700,700,700,700,0
2022-02-24 11:51:00,700,700,700,700,0
2022-02-24 11:52:00,700,700,700,700,0
2022-02-24 11:53:00,700,700,700,700,0
2022-02-24 11:54:00,700,700,700,700,0
2022-02-24 11:55:00,700,700,700,700,0
2022-02-24 11:56:00,700,700,700,700,0
2022-02-24 11:57:00,700,700,700,700,0
2022-02-24 11:58:00,700,700,700,700,0
2022-02-24 11:59:00,700,700,700,700,0
2022-02-24 12:00:00,700,700,700,700,0
2022-02-24 12:01:00,700,700,700,700,0
2022-02-24 12:02:00,700,700,700,700,0
2022-02-24 12:03:00,700,700,700,700,0
2022-02-24 12:04:00,700,700,700,700,0
2022-02-24 12:05:00,700,700,700,700,0
2022-02-24 12:06:00,700,700,700,700,0
2022-02-24 12:07:00,700,700,700,700,0
2022-02-24 12:08:00,700,700,700,700,0
2022-02-24 12:09:00,700,700,700,700,0
2022-02-24 12:10:00,700,700,700,700,0
2022-02-24 12:11:00,700,700,700,700,0
2022-02-24 12:12:00,700,700,700,700,0
2022-02-24 12:13:00,700,700,700,700,0
2022-02-24 12:14:00,700,700,700,700,0
2022-02-24 12:15:00,700,700,700,700,0
2022-02-24 12:16:00,700,700,700,700,0
2022-02-24 12:17:00,700,700,700,700,0
2022-02-24 12:18:00,700,700,700,700,0
2022-02-24 12:19:00,700,700,700,700,0
2022-02-24 12:20:00,700,700,700,700,0
2022-02-24 12:21:00,700,700,700,700,0
2022-02-24 12:22:00,700,700,700,700,0
2022-02-24 12:23:00,700,700,700,700,0
2022-02-24 12:24:00,700,700,700,700,0
2022-02-24 12:25:00,700,700,700,700,0
2022-02-24 12:26:00,700,700,700,700,0
2022-02-24 12:27:00,700,700,700,700,0
2022-02-24 12:28:00,700,700,700,700,0
2022-02-24 12:29:00,700,700,700,700,0
2022-02-24 12:30:00,700,700,700,700,0
2022-02-24 12:31:00,700,700,700,700,0
2022-02-24 12:32:00,700,700,700,700,0
2022-02-24 12:33:00,700,700,700,700,0
2022-02-24 12:34:00,700,700,700,700,0
2022-02-24 12:35:00,700,700,700,700,0
2022-02-24 12:36:00,700,700,700,700,0
2022-02-24 12:37:00,700,700,700,700,0
2022-02-24 12:38:00,700,700,700,700,0
2022-02-24 12:39:00,700,700,700,700,0
2022-02-24 12:40:00,700,700,700,700,0
2022-02-24 12:41:00,700,700,700,700,0
2022-02-24 12:42:00,700,700,700,700,0
2022-02-24 12:43:00,700,700,700,700,0
2022-02-24 12:44:00,700,700,700,700,0
2022-02-24 12:45:00,700,700,700,700,0
2022-02-24 12:46:00,700,700,700,700,0
2022-02-24 12:47:00,700,700,700,700,0
2022-02-24 12:48:00,700,700,700,700,0
2022-02-24 12:49:00,700,700,700,700,0
2022-02-24 12:50:00,700,700,700,700,0
2022-02-24 12:51:00,700,700,700,700,0
2022-02-24 12:52:00,700,700,700,700,0
2022-02-24 12:53:00,700,700,700,700,0
2022-02-24 12:54:00,700,700,700,700,0
2022-02-24 12:55:00,700,700,700,700,0
2022-02-24 12:56:00,700,700,700,700,0
2022-02-24 12:57:00,700,700,700,700,0
2022-02-24 12:58:00,700,700,700,700,0
2022-02-24 12:59:00,700,700,700,700,0
2022-02-24 13:00:00,700,700,700,700,0
2022-02-24 13:01:00,700,700,700,700,0
2022-02-24 13:02:00,700,700,700,700,0
2022-02-24 13:03:00,700,700,700,700,0
2022-02-24 13:04:00,700,700,700,700,0
2022-02-24 13:05:00,700,700,700,700,0
2022-02-24 13:06:00,700,700,700,700,0
2022-02-24 13:07:00,700,700,700,700,0
2022-02-24 13:08:00,700,700,700,700,0
2022-02-24 13:09:00,700,700,700,700,0
2022-02-24 13:10:00,700,700,700,700,0
2022-02-24 13:11:00,700,700,700,700,0
2022-02-24 13:12:00,700,700,700,700,0
2022-02-24 13:13:00,700,700,700,700,0
2022-02-24 13:14:00,700,700,700,700,0
2022-02-24 13:15:00,700,700,700,700,0
2022-02-24 13:16:00,700,700,700,700,0
2022-02-24 13:17:00,700,700,700,700,0
2022-02-24 13:18:00,700,700,700,700,0
2022-02-24 13:19:00,700,700,700,700,0
2022-02-24 13:20:00,700,700,700,700,0
2022-02-24 13:21:00,700,700,700,700,0
2022-02-24 13:22:00,700,700,700,700,0
2022-02-24 13:23:00,700,700,700,700,0
2022-02-24 13:24:00,700,700,700,700,0
2022-02-24 13:25:00,700,700,700,700,0
2022-02-24 13:26:00,700,700,700,700,0
2022-02-24 13:27:00,700,700,700,700,0
2022-02-24 13:28:00,700,700,700,700,0
2022-02-24 13:29:00,700,700,700,700,0
2022-02-24 13:30:00,695,685,695,685,6100
2022-02-24 13:31:00,695,685,695,685,0
2022-02-24 13:32:00,685,685,695,695,11100
2022-02-24 13:33:00,695,695,695,695,500
2022-02-24 13:34:00,685,685,685,685,3700
2022-02-24 13:35:00,680,670,695,695,96800
2022-02-24 13:36:00,675,665,675,665,40000
2022-02-24 13:37:00,695,695,695,695,300
2022-02-24 13:38:00,685,665,685,665,62200
2022-02-24 13:39:00,695,695,695,695,1500
2022-02-24 13:40:00,690,685,690,690,1400
2022-02-24 13:41:00,690,685,690,690,0
2022-02-24 13:42:00,690,685,690,690,0
2022-02-24 13:43:00,690,685,690,685,1000
2022-02-24 13:44:00,680,680,685,685,700
2022-02-24 13:45:00,685,685,685,685,1000
2022-02-24 13:46:00,685,685,685,685,0
2022-02-24 13:47:00,685,685,685,685,0
2022-02-24 13:48:00,685,685,685,685,0
2022-02-24 13:49:00,680,670,680,670,300
2022-02-24 13:50:00,680,670,680,670,0
2022-02-24 13:51:00,680,670,680,670,0
2022-02-24 13:52:00,680,680,685,685,22400
2022-02-24 13:53:00,685,685,685,685,200
2022-02-24 13:54:00,680,680,680,680,700
2022-02-24 13:55:00,680,665,695,695,66500
2022-02-24 13:56:00,680,665,695,695,0
2022-02-24 13:57:00,680,665,695,695,0
2022-02-24 13:58:00,690,690,690,690,500
2022-02-24 13:59:00,690,690,690,690,700
2022-02-24 14:00:00,690,690,690,690,0
2022-02-24 14:01:00,685,665,685,665,70600
2022-02-24 14:02:00,665,665,685,685,15700
2022-02-24 14:03:00,665,665,685,685,0
2022-02-24 14:04:00,680,680,685,685,6500
2022-02-24 14:05:00,675,675,680,680,300
2022-02-24 14:06:00,680,675,680,675,1800
2022-02-24 14:07:00,670,670,670,670,7700
2022-02-24 14:08:00,670,670,670,670,1200
2022-02-24 14:09:00,665,665,690,690,75000
2022-02-24 14:10:00,690,690,690,690,700
2022-02-24 14:11:00,685,685,690,690,600
2022-02-24 14:12:00,685,685,690,690,0
2022-02-24 14:13:00,690,690,690,690,2500
2022-02-24 14:14:00,690,690,690,690,0
2022-02-24 14:15:00,690,690,690,690,0
2022-02-24 14:16:00,690,690,690,690,0
2022-02-24 14:17:00,690,690,690,690,0
2022-02-24 14:18:00,690,690,690,690,0
2022-02-24 14:19:00,690,690,690,690,200
2022-02-24 14:20:00,690,690,690,690,500
2022-02-24 14:21:00,690,690,690,690,200
2022-02-24 14:22:00,690,690,690,690,0
2022-02-24 14:23:00,690,690,690,690,400
2022-02-24 14:24:00,690,690,690,690,200
2022-02-24 14:25:00,690,690,690,690,0
2022-02-24 14:26:00,690,690,690,690,200
2022-02-24 14:27:00,690,690,690,690,0
2022-02-24 14:28:00,690,690,690,690,0
2022-02-24 14:29:00,690,690,690,690,0
2022-02-24 14:30:00,685,685,685,685,7200
2022-02-24 14:31:00,685,685,685,685,1300
2022-02-24 14:32:00,685,685,685,685,1000
2022-02-24 14:33:00,685,685,685,685,0
2022-02-24 14:34:00,685,685,685,685,300
2022-02-24 14:35:00,685,685,685,685,900
2022-02-24 14:36:00,685,685,685,685,0
2022-02-24 14:37:00,685,685,685,685,200
2022-02-24 14:38:00,685,685,685,685,0
2022-02-24 14:39:00,685,685,685,685,0
2022-02-24 14:40:00,685,685,685,685,0
2022-02-24 14:41:00,685,685,685,685,0
2022-02-24 14:42:00,685,685,690,690,800
2022-02-24 14:43:00,690,690,690,690,200
2022-02-24 14:44:00,690,690,690,690,0
2022-02-24 14:45:00,690,690,690,690,200
2022-02-24 14:46:00,690,665,690,665,120200
2022-02-24 14:47:00,685,685,705,705,119000
2022-02-24 14:48:00,700,690,700,690,2000
2022-02-24 14:49:00,690,690,700,700,12400
2022-02-24 14:50:00,690,690,700,700,0
2022-02-24 14:51:00,690,690,700,700,0
2022-02-24 14:52:00,690,690,700,700,0
2022-02-24 14:53:00,690,690,700,700,0
2022-02-24 14:54:00,690,690,700,700,0
2022-02-24 14:55:00,690,690,700,700,0
2022-02-24 14:56:00,690,690,700,700,0
2022-02-24 14:57:00,690,690,700,700,0
2022-02-24 14:58:00,690,690,700,700,0
2022-02-24 14:59:00,690,690,700,700,0
2022-02-24 15:00:00,700,700,700,700,91600
2022-02-24 15:01:00,700,700,700,700,100
2022-02-24 15:02:00,700,700,700,700,0
2022-02-24 15:03:00,700,700,700,700,58300
2022-02-24 15:04:00,700,700,700,700,0
2022-02-24 15:05:00,700,700,700,700,0
2022-02-24 15:06:00,700,700,700,700,0
2022-02-24 15:07:00,700,700,700,700,0
2022-02-24 15:08:00,700,700,700,700,0
2022-02-24 15:09:00,700,700,700,700,0
2022-02-24 15:10:00,700,700,700,700,0
2022-02-24 15:11:00,700,700,700,700,0
2022-02-24 15:12:00,700,700,700,700,0
2022-02-24 15:13:00,700,700,700,700,0
2022-02-24 15:14:00,700,700,700,700,0
2022-02-24 15:15:00,700,700,700,700,0
2022-02-24 15:16:00,700,700,700,700,0
2022-02-24 15:17:00,700,700,700,700,0
2022-02-24 15:18:00,700,700,700,700,0
2022-02-24 15:19:00,700,700,700,700,0
2022-02-24 15:20:00,700,700,700,700,0
2022-02-24 15:21:00,700,700,700,700,0
2022-02-24 15:22:00,700,700,700,700,0
2022-02-24 15:23:00,700,700,700,700,0
2022-02-24 15:24:00,700,700,700,700,0
2022-02-24 15:25:00,700,700,700,700,0
2022-02-24 15:26:00,700,700,700,700,0
2022-02-24 15:27:00,700,700,700,700,0
2022-02-24 15:28:00,700,700,700,700,0
2022-02-24 15:29:00,700,700,700,700,0
2022-02-24 15:30:00,700,700,700,700,0
2022-02-24 15:31:00,700,700,700,700,0
2022-02-24 15:32:00,700,700,700,700,0
2022-02-24 15:33:00,700,700,700,700,0
2022-02-24 15:34:00,700,700,700,700,0
2022-02-24 15:35:00,700,700,700,700,0
2022-02-24 15:36:00,700,700,700,700,0
2022-02-24 15:37:00,700,700,700,700,0
2022-02-24 15:38:00,700,700,700,700,0
2022-02-24 15:39:00,700,700,700,700,0
2022-02-24 15:40:00,700,700,700,700,0
2022-02-24 15:41:00,700,700,700,700,0
2022-02-24 15:42:00,700,700,700,700,0
2022-02-24 15:43:00,700,700,700,700,0
2022-02-24 15:44:00,700,700,700,700,0
2022-02-24 15:45:00,700,700,700,700,0
2022-02-24 15:46:00,700,700,700,700,0
2022-02-24 15:47:00,700,700,700,700,0
2022-02-24 15:48:00,700,700,700,700,0
2022-02-24 15:49:00,700,700,700,700,0
2022-02-24 15:50:00,700,700,700,700,0
2022-02-24 15:51:00,700,700,700,700,0
2022-02-24 15:52:00,700,700,700,700,0
2022-02-24 15:53:00,700,700,700,700,0
2022-02-24 15:54:00,700,700,700,700,0
2022-02-24 15:55:00,700,700,700,700,0
2022-02-24 15:56:00,700,700,700,700,0
2022-02-24 15:57:00,700,700,700,700,0
2022-02-24 15:58:00,700,700,700,700,0
2022-02-24 15:59:00,700,700,700,700,0
2022-02-25 09:00:00,695,695,695,695,0
2022-02-25 09:01:00,700,690,700,690,1500
2022-02-25 09:02:00,690,690,700,700,500
2022-02-25 09:03:00,700,685,700,685,7200
2022-02-25 09:04:00,685,685,685,685,300
2022-02-25 09:05:00,680,680,700,700,900
2022-02-25 09:06:00,700,685,700,685,2100
2022-02-25 09:07:00,685,685,700,685,1600
2022-02-25 09:08:00,685,680,695,695,4800
2022-02-25 09:09:00,680,675,680,675,11000
2022-02-25 09:10:00,675,675,695,695,2900
2022-02-25 09:11:00,675,675,675,675,500
2022-02-25 09:12:00,695,695,695,695,1200
2022-02-25 09:13:00,680,680,695,680,1900
2022-02-25 09:14:00,695,695,695,695,200
2022-02-25 09:15:00,695,695,695,695,0
2022-02-25 09:16:00,695,695,695,695,600
2022-02-25 09:17:00,695,695,695,695,200
2022-02-25 09:18:00,695,695,695,695,0
2022-02-25 09:19:00,695,695,695,695,0
2022-02-25 09:20:00,695,695,695,695,0
2022-02-25 09:21:00,695,695,695,695,0
2022-02-25 09:22:00,695,695,695,695,0
2022-02-25 09:23:00,695,695,695,695,3600
2022-02-25 09:24:00,695,695,695,695,0
2022-02-25 09:25:00,695,695,695,695,0
2022-02-25 09:26:00,695,695,695,695,500
2022-02-25 09:27:00,695,695,695,695,0
2022-02-25 09:28:00,695,695,695,695,700
2022-02-25 09:29:00,695,695,695,695,0
2022-02-25 09:30:00,695,695,695,695,0
2022-02-25 09:31:00,695,695,695,695,0
2022-02-25 09:32:00,695,695,695,695,0
2022-02-25 09:33:00,695,695,695,695,0
2022-02-25 09:34:00,695,695,695,695,0
2022-02-25 09:35:00,695,695,695,695,0
2022-02-25 09:36:00,695,695,695,695,0
2022-02-25 09:37:00,695,695,695,695,0
2022-02-25 09:38:00,695,695,695,695,0
2022-02-25 09:39:00,695,695,695,695,0
2022-02-25 09:40:00,695,695,695,695,0
2022-02-25 09:41:00,695,695,695,695,0
2022-02-25 09:42:00,695,695,695,695,0
2022-02-25 09:43:00,695,695,695,695,0
2022-02-25 09:44:00,695,695,695,695,1000
2022-02-25 09:45:00,695,695,695,695,1100
2022-02-25 09:46:00,695,695,695,695,0
2022-02-25 09:47:00,695,695,695,695,0
2022-02-25 09:48:00,695,695,695,695,0
2022-02-25 09:49:00,695,695,695,695,0
2022-02-25 09:50:00,695,695,695,695,0
2022-02-25 09:51:00,695,695,695,695,0
2022-02-25 09:52:00,695,695,695,695,0
2022-02-25 09:53:00,695,695,695,695,0
2022-02-25 09:54:00,695,695,695,695,0
2022-02-25 09:55:00,690,690,695,695,2500
2022-02-25 09:56:00,690,690,695,695,0
2022-02-25 09:57:00,690,690,695,695,0
2022-02-25 09:58:00,690,690,695,695,0
2022-02-25 09:59:00,690,690,695,695,0
2022-02-25 10:00:00,690,690,695,695,0
2022-02-25 10:01:00,690,690,695,695,0
2022-02-25 10:02:00,695,695,695,695,800
2022-02-25 10:03:00,695,695,695,695,0
2022-02-25 10:04:00,695,695,695,695,0
2022-02-25 10:05:00,695,695,695,695,0
2022-02-25 10:06:00,695,695,695,695,0
2022-02-25 10:07:00,695,695,695,695,0
2022-02-25 10:08:00,695,695,695,695,0
2022-02-25 10:09:00,695,695,695,695,0
2022-02-25 10:10:00,695,695,695,695,0
2022-02-25 10:11:00,695,695,695,695,0
2022-02-25 10:12:00,695,695,695,695,0
2022-02-25 10:13:00,695,695,695,695,0
2022-02-25 10:14:00,695,695,695,695,0
2022-02-25 10:15:00,695,695,695,695,0
2022-02-25 10:16:00,695,695,695,695,0
2022-02-25 10:17:00,695,695,695,695,0
2022-02-25 10:18:00,695,695,695,695,0
2022-02-25 10:19:00,695,695,695,695,0
2022-02-25 10:20:00,695,695,695,695,0
2022-02-25 10:21:00,695,695,695,695,300
2022-02-25 10:22:00,695,695,695,695,0
2022-02-25 10:23:00,690,690,690,690,1700
2022-02-25 10:24:00,690,690,690,690,3000
2022-02-25 10:25:00,690,690,690,690,0
2022-02-25 10:26:00,690,690,690,690,0
2022-02-25 10:27:00,690,690,690,690,0
2022-02-25 10:28:00,690,690,690,690,0
2022-02-25 10:29:00,690,690,690,690,0
2022-02-25 10:30:00,690,690,690,690,0
2022-02-25 10:31:00,690,690,690,690,0
2022-02-25 10:32:00,690,690,690,690,0
2022-02-25 10:33:00,690,690,690,690,0
2022-02-25 10:34:00,690,690,690,690,1000
2022-02-25 10:35:00,690,690,690,690,0
2022-02-25 10:36:00,690,690,690,690,0
2022-02-25 10:37:00,690,690,690,690,0
2022-02-25 10:38:00,690,690,690,690,0
2022-02-25 10:39:00,690,690,690,690,0
2022-02-25 10:40:00,695,695,695,695,300
2022-02-25 10:41:00,695,695,695,695,400
2022-02-25 10:42:00,695,695,695,695,0
2022-02-25 10:43:00,690,690,690,690,800
2022-02-25 10:44:00,690,690,690,690,0
2022-02-25 10:45:00,695,695,695,695,200
2022-02-25 10:46:00,695,695,695,695,0
2022-02-25 10:47:00,685,685,685,685,2100
2022-02-25 10:48:00,685,685,685,685,2000
2022-02-25 10:49:00,685,685,685,685,0
2022-02-25 10:50:00,685,685,685,685,0
2022-02-25 10:51:00,685,685,685,685,0
2022-02-25 10:52:00,680,680,680,680,10900
2022-02-25 10:53:00,680,680,690,690,30000
2022-02-25 10:54:00,680,680,690,690,0
2022-02-25 10:55:00,680,680,690,690,0
2022-02-25 10:56:00,680,680,690,690,0
2022-02-25 10:57:00,680,680,690,690,0
2022-02-25 10:58:00,680,680,690,690,0
2022-02-25 10:59:00,690,690,695,695,4200
2022-02-25 11:00:00,695,690,695,690,2000
2022-02-25 11:01:00,695,695,695,695,200
2022-02-25 11:02:00,695,695,695,695,200
2022-02-25 11:03:00,690,690,695,695,700
2022-02-25 11:04:00,690,690,695,695,0
2022-02-25 11:05:00,690,690,695,695,0
2022-02-25 11:06:00,690,690,695,695,0
2022-02-25 11:07:00,690,690,695,695,0
2022-02-25 11:08:00,690,690,695,695,0
2022-02-25 11:09:00,690,690,695,695,0
2022-02-25 11:10:00,690,690,695,695,0
2022-02-25 11:11:00,690,690,695,695,0
2022-02-25 11:12:00,690,690,695,695,0
2022-02-25 11:13:00,690,690,695,695,0
2022-02-25 11:14:00,690,690,695,695,0
2022-02-25 11:15:00,690,690,695,695,0
2022-02-25 11:16:00,695,695,695,695,200
2022-02-25 11:17:00,695,695,695,695,0
2022-02-25 11:18:00,690,690,690,690,500
2022-02-25 11:19:00,690,690,690,690,0
2022-02-25 11:20:00,690,690,690,690,0
2022-02-25 11:21:00,690,690,690,690,0
2022-02-25 11:22:00,695,695,695,695,300
2022-02-25 11:23:00,695,695,695,695,0
2022-02-25 11:24:00,695,695,695,695,0
2022-02-25 11:25:00,695,685,695,685,300
2022-02-25 11:26:00,695,685,695,685,0
2022-02-25 11:27:00,695,695,695,695,200
2022-02-25 11:28:00,695,695,695,695,0
2022-02-25 11:29:00,690,690,695,695,2400
2022-02-25 11:30:00,690,690,695,695,0
2022-02-25 11:31:00,690,690,695,695,0
2022-02-25 11:32:00,690,690,695,695,0
2022-02-25 11:33:00,690,690,695,695,0
2022-02-25 11:34:00,690,690,695,695,0
2022-02-25 11:35:00,690,690,695,695,0
2022-02-25 11:36:00,690,690,695,695,0
2022-02-25 11:37:00,690,690,695,695,0
2022-02-25 11:38:00,690,690,695,695,0
2022-02-25 11:39:00,690,690,695,695,0
2022-02-25 11:40:00,690,690,695,695,0
2022-02-25 11:41:00,690,690,695,695,0
2022-02-25 11:42:00,690,690,695,695,0
2022-02-25 11:43:00,690,690,695,695,0
2022-02-25 11:44:00,690,690,695,695,0
2022-02-25 11:45:00,690,690,695,695,0
2022-02-25 11:46:00,690,690,695,695,0
2022-02-25 11:47:00,690,690,695,695,0
2022-02-25 11:48:00,690,690,695,695,0
2022-02-25 11:49:00,690,690,695,695,0
2022-02-25 11:50:00,690,690,695,695,0
2022-02-25 11:51:00,690,690,695,695,0
2022-02-25 11:52:00,690,690,695,695,0
2022-02-25 11:53:00,690,690,695,695,0
2022-02-25 11:54:00,690,690,695,695,0
2022-02-25 11:55:00,690,690,695,695,0
2022-02-25 11:56:00,690,690,695,695,0
2022-02-25 11:57:00,690,690,695,695,0
2022-02-25 11:58:00,690,690,695,695,0
2022-02-25 11:59:00,690,690,695,695,0
2022-02-25 12:00:00,690,690,695,695,0
2022-02-25 12:01:00,690,690,695,695,0
2022-02-25 12:02:00,690,690,695,695,0
2022-02-25 12:03:00,690,690,695,695,0
2022-02-25 12:04:00,690,690,695,695,0
2022-02-25 12:05:00,690,690,695,695,0
2022-02-25 12:06:00,690,690,695,695,0
2022-02-25 12:07:00,690,690,695,695,0
2022-02-25 12:08:00,690,690,695,695,0
2022-02-25 12:09:00,690,690,695,695,0
2022-02-25 12:10:00,690,690,695,695,0
2022-02-25 12:11:00,690,690,695,695,0
2022-02-25 12:12:00,690,690,695,695,0
2022-02-25 12:13:00,690,690,695,695,0
2022-02-25 12:14:00,690,690,695,695,0
2022-02-25 12:15:00,690,690,695,695,0
2022-02-25 12:16:00,690,690,695,695,0
2022-02-25 12:17:00,690,690,695,695,0
2022-02-25 12:18:00,690,690,695,695,0
2022-02-25 12:19:00,690,690,695,695,0
2022-02-25 12:20:00,690,690,695,695,0
2022-02-25 12:21:00,690,690,695,695,0
2022-02-25 12:22:00,690,690,695,695,0
2022-02-25 12:23:00,690,690,695,695,0
2022-02-25 12:24:00,690,690,695,695,0
2022-02-25 12:25:00,690,690,695,695,0
2022-02-25 12:26:00,690,690,695,695,0
2022-02-25 12:27:00,690,690,695,695,0
2022-02-25 12:28:00,690,690,695,695,0
2022-02-25 12:29:00,690,690,695,695,0
2022-02-25 12:30:00,690,690,695,695,0
2022-02-25 12:31:00,690,690,695,695,0
2022-02-25 12:32:00,690,690,695,695,0
2022-02-25 12:33:00,690,690,695,695,0
2022-02-25 12:34:00,690,690,695,695,0
2022-02-25 12:35:00,690,690,695,695,0
2022-02-25 12:36:00,690,690,695,695,0
2022-02-25 12:37:00,690,690,695,695,0
2022-02-25 12:38:00,690,690,695,695,0
2022-02-25 12:39:00,690,690,695,695,0
2022-02-25 12:40:00,690,690,695,695,0
2022-02-25 12:41:00,690,690,695,695,0
2022-02-25 12:42:00,690,690,695,695,0
2022-02-25 12:43:00,690,690,695,695,0
2022-02-25 12:44:00,690,690,695,695,0
2022-02-25 12:45:00,690,690,695,695,0
2022-02-25 12:46:00,690,690,695,695,0
2022-02-25 12:47:00,690,690,695,695,0
2022-02-25 12:48:00,690,690,695,695,0
2022-02-25 12:49:00,690,690,695,695,0
2022-02-25 12:50:00,690,690,695,695,0
2022-02-25 12:51:00,690,690,695,695,0
2022-02-25 12:52:00,690,690,695,695,0
2022-02-25 12:53:00,690,690,695,695,0
2022-02-25 12:54:00,690,690,695,695,0
2022-02-25 12:55:00,690,690,695,695,0
2022-02-25 12:56:00,690,690,695,695,0
2022-02-25 12:57:00,690,690,695,695,0
2022-02-25 12:58:00,690,690,695,695,0
2022-02-25 12:59:00,690,690,695,695,0
2022-02-25 13:00:00,690,690,695,695,0
2022-02-25 13:01:00,690,690,695,695,0
2022-02-25 13:02:00,690,690,695,695,0
2022-02-25 13:03:00,690,690,695,695,0
2022-02-25 13:04:00,690,690,695,695,0
2022-02-25 13:05:00,690,690,695,695,0
2022-02-25 13:06:00,690,690,695,695,0
2022-02-25 13:07:00,690,690,695,695,0
2022-02-25 13:08:00,690,690,695,695,0
2022-02-25 13:09:00,690,690,695,695,0
2022-02-25 13:10:00,690,690,695,695,0
2022-02-25 13:11:00,690,690,695,695,0
2022-02-25 13:12:00,690,690,695,695,0
2022-02-25 13:13:00,690,690,695,695,0
2022-02-25 13:14:00,690,690,695,695,0
2022-02-25 13:15:00,690,690,695,695,0
2022-02-25 13:16:00,690,690,695,695,0
2022-02-25 13:17:00,690,690,695,695,0
2022-02-25 13:18:00,690,690,695,695,0
2022-02-25 13:19:00,690,690,695,695,0
2022-02-25 13:20:00,690,690,695,695,0
2022-02-25 13:21:00,690,690,695,695,0
2022-02-25 13:22:00,690,690,695,695,0
2022-02-25 13:23:00,690,690,695,695,0
2022-02-25 13:24:00,690,690,695,695,0
2022-02-25 13:25:00,690,690,695,695,0
2022-02-25 13:26:00,690,690,695,695,0
2022-02-25 13:27:00,690,690,695,695,0
2022-02-25 13:28:00,690,690,695,695,0
2022-02-25 13:29:00,690,690,695,695,0
2022-02-25 13:30:00,695,695,695,695,1200
2022-02-25 13:31:00,695,695,695,695,0
2022-02-25 13:32:00,695,695,695,695,900
2022-02-25 13:33:00,695,695,695,695,0
2022-02-25 13:34:00,695,695,695,695,0
2022-02-25 13:35:00,695,695,695,695,0
2022-02-25 13:36:00,695,695,695,695,0
2022-02-25 13:37:00,695,695,695,695,0
2022-02-25 13:38:00,695,695,695,695,0
2022-02-25 13:39:00,695,695,695,695,0
2022-02-25 13:40:00,690,690,695,695,300
2022-02-25 13:41:00,690,690,695,695,0
2022-02-25 13:42:00,690,690,695,695,0
2022-02-25 13:43:00,690,690,695,695,0
2022-02-25 13:44:00,695,695,695,695,1700
2022-02-25 13:45:00,695,695,695,695,0
2022-02-25 13:46:00,695,695,695,695,0
2022-02-25 13:47:00,695,695,695,695,0
2022-02-25 13:48:00,695,695,695,695,0
2022-02-25 13:49:00,690,690,695,695,200
2022-02-25 13:50:00,690,690,695,695,0
2022-02-25 13:51:00,690,690,695,695,0
2022-02-25 13:52:00,690,690,695,695,0
2022-02-25 13:53:00,690,690,695,695,0
2022-02-25 13:54:00,690,690,695,695,0
2022-02-25 13:55:00,690,690,695,695,0
2022-02-25 13:56:00,690,690,695,695,0
2022-02-25 13:57:00,690,690,695,695,0
2022-02-25 13:58:00,690,690,695,695,0
2022-02-25 13:59:00,690,690,695,695,600
2022-02-25 14:00:00,690,690,695,695,0
2022-02-25 14:01:00,690,690,695,695,0
2022-02-25 14:02:00,690,690,695,695,500
2022-02-25 14:03:00,690,690,695,695,0
2022-02-25 14:04:00,690,690,695,695,0
2022-02-25 14:05:00,690,690,695,695,500
2022-02-25 14:06:00,690,690,695,695,0
2022-02-25 14:07:00,690,690,695,695,0
2022-02-25 14:08:00,690,690,695,695,0
2022-02-25 14:09:00,690,690,690,690,400
2022-02-25 14:10:00,695,695,695,695,200
2022-02-25 14:11:00,690,690,695,695,500
2022-02-25 14:12:00,690,690,695,695,0
2022-02-25 14:13:00,685,685,695,695,400
2022-02-25 14:14:00,685,685,695,695,300
2022-02-25 14:15:00,685,685,695,695,0
2022-02-25 14:16:00,685,685,695,695,0
2022-02-25 14:17:00,685,685,695,695,0
2022-02-25 14:18:00,685,685,695,695,0
2022-02-25 14:19:00,685,685,695,695,0
2022-02-25 14:20:00,685,665,685,665,98300
2022-02-25 14:21:00,685,665,685,665,0
2022-02-25 14:22:00,660,655,660,655,153000
2022-02-25 14:23:00,690,670,690,680,1100
2022-02-25 14:24:00,670,665,685,685,15000
2022-02-25 14:25:00,670,665,685,685,0
2022-02-25 14:26:00,680,680,685,685,400
2022-02-25 14:27:00,685,680,685,680,3900
2022-02-25 14:28:00,680,680,690,690,30700
2022-02-25 14:29:00,685,685,690,690,400
2022-02-25 14:30:00,690,680,690,680,900
2022-02-25 14:31:00,685,685,690,690,5600
2022-02-25 14:32:00,690,685,695,685,26300
2022-02-25 14:33:00,680,680,680,680,1000
2022-02-25 14:34:00,685,680,690,690,3200
2022-02-25 14:35:00,680,680,685,685,4500
2022-02-25 14:36:00,685,685,690,690,900
2022-02-25 14:37:00,685,685,690,690,0
2022-02-25 14:38:00,685,685,690,690,0
2022-02-25 14:39:00,680,680,680,680,100
2022-02-25 14:40:00,685,680,685,680,2300
2022-02-25 14:41:00,685,685,685,685,700
2022-02-25 14:42:00,680,680,680,680,2500
2022-02-25 14:43:00,680,680,685,685,1700
2022-02-25 14:44:00,680,680,685,685,1100
2022-02-25 14:45:00,685,685,690,690,1300
2022-02-25 14:46:00,690,690,690,690,1200
2022-02-25 14:47:00,690,690,690,690,200
2022-02-25 14:48:00,690,690,690,690,400
2022-02-25 14:49:00,690,685,690,690,51100
2022-02-25 14:50:00,690,685,690,690,0
2022-02-25 14:51:00,690,685,690,690,0
2022-02-25 14:52:00,690,685,690,690,0
2022-02-25 14:53:00,690,685,690,690,0
2022-02-25 14:54:00,690,685,690,690,0
2022-02-25 14:55:00,690,685,690,690,0
2022-02-25 14:56:00,690,685,690,690,0
2022-02-25 14:57:00,690,685,690,690,0
2022-02-25 14:58:00,690,685,690,690,0
2022-02-25 14:59:00,690,685,690,690,0
2022-02-25 15:00:00,690,690,690,690,53900
2022-02-25 15:01:00,690,690,690,690,0
2022-02-25 15:02:00,690,690,690,690,2200
2022-02-25 15:03:00,690,690,690,690,2000
2022-02-25 15:04:00,690,690,690,690,0
2022-02-25 15:05:00,690,690,690,690,0
2022-02-25 15:06:00,690,690,690,690,0
2022-02-25 15:07:00,690,690,690,690,0
2022-02-25 15:08:00,690,690,690,690,15800
2022-02-25 15:09:00,690,690,690,690,0
2022-02-25 15:10:00,690,690,690,690,0
2022-02-25 15:11:00,690,690,690,690,0
2022-02-25 15:12:00,690,690,690,690,0
2022-02-25 15:13:00,690,690,690,690,0
2022-02-25 15:14:00,690,690,690,690,0
2022-02-25 15:15:00,690,690,690,690,0
2022-02-25 15:16:00,690,690,690,690,0
2022-02-25 15:17:00,690,690,690,690,0
2022-02-25 15:18:00,690,690,690,690,0
2022-02-25 15:19:00,690,690,690,690,0
2022-02-25 15:20:00,690,690,690,690,0
2022-02-25 15:21:00,690,690,690,690,0
2022-02-25 15:22:00,690,690,690,690,0
2022-02-25 15:23:00,690,690,690,690,0
2022-02-25 15:24:00,690,690,690,690,0
2022-02-25 15:25:00,690,690,690,690,0
2022-02-25 15:26:00,690,690,690,690,0
2022-02-25 15:27:00,690,690,690,690,0
2022-02-25 15:28:00,690,690,690,690,0
2022-02-25 15:29:00,690,690,690,690,0
2022-02-25 15:30:00,690,690,690,690,0
2022-02-25 15:31:00,690,690,690,690,0
2022-02-25 15:32:00,690,690,690,690,0
2022-02-25 15:33:00,690,690,690,690,0
2022-02-25 15:34:00,690,690,690,690,0
2022-02-25 15:35:00,690,690,690,690,0
2022-02-25 15:36:00,690,690,690,690,0
2022-02-25 15:37:00,690,690,690,690,0
2022-02-25 15:38:00,690,690,690,690,0
2022-02-25 15:39:00,690,690,690,690,0
2022-02-25 15:40:00,690,690,690,690,0
2022-02-25 15:41:00,690,690,690,690,0
2022-02-25 15:42:00,690,690,690,690,0
2022-02-25 15:43:00,690,690,690,690,0
2022-02-25 15:44:00,690,690,690,690,0
2022-02-25 15:45:00,690,690,690,690,0
2022-02-25 15:46:00,690,690,690,690,0
2022-02-25 15:47:00,690,690,690,690,0
2022-02-25 15:48:00,690,690,690,690,0
2022-02-25 15:49:00,690,690,690,690,0
2022-02-25 15:50:00,690,690,690,690,0
2022-02-25 15:51:00,690,690,690,690,0
2022-02-25 15:52:00,690,690,690,690,0
2022-02-25 15:53:00,690,690,690,690,0
2022-02-25 15:54:00,690,690,690,690,0
2022-02-25 15:55:00,690,690,690,690,0
2022-02-25 15:56:00,690,690,690,690,0
2022-02-25 15:57:00,690,690,690,690,0
2022-02-25 15:58:00,690,690,690,690,0
2022-02-25 15:59:00,690,690,690,690,0
2022-02-28 09:00:00,690,690,690,690,0
2022-02-28 09:01:00,690,690,690,690,0
2022-02-28 09:02:00,690,690,690,690,0
2022-02-28 09:03:00,690,690,690,690,0
2022-02-28 09:04:00,690,690,690,690,0
2022-02-28 09:05:00,690,690,690,690,0
2022-02-28 09:06:00,690,690,690,690,0
2022-02-28 09:07:00,690,690,690,690,0
2022-02-28 09:08:00,690,690,690,690,0
2022-02-28 09:09:00,690,690,690,690,0
2022-02-28 09:10:00,690,690,690,690,0
2022-02-28 09:11:00,690,690,690,690,0
2022-02-28 09:12:00,690,690,690,690,0
2022-02-28 09:13:00,690,690,690,690,0
2022-02-28 09:14:00,690,690,690,690,0
2022-02-28 09:15:00,690,690,690,690,0
2022-02-28 09:16:00,690,690,690,690,0
2022-02-28 09:17:00,690,690,690,690,0
2022-02-28 09:18:00,690,690,690,690,0
2022-02-28 09:19:00,690,690,690,690,0
2022-02-28 09:20:00,690,690,690,690,0
2022-02-28 09:21:00,690,690,690,690,0
2022-02-28 09:22:00,690,690,690,690,0
2022-02-28 09:23:00,690,690,690,690,0
2022-02-28 09:24:00,690,690,690,690,0
2022-02-28 09:25:00,690,690,690,690,0
2022-02-28 09:26:00,690,690,690,690,0
2022-02-28 09:27:00,690,690,690,690,0
2022-02-28 09:28:00,690,690,690,690,0
2022-02-28 09:29:00,690,690,690,690,0
2022-02-28 09:30:00,690,690,690,690,0
2022-02-28 09:31:00,690,690,690,690,0
2022-02-28 09:32:00,690,690,690,690,0
2022-02-28 09:33:00,690,690,690,690,0
2022-02-28 09:34:00,690,690,690,690,0
2022-02-28 09:35:00,690,690,690,690,0
2022-02-28 09:36:00,690,690,690,690,0
2022-02-28 09:37:00,690,690,690,690,0
2022-02-28 09:38:00,690,690,690,690,0
2022-02-28 09:39:00,690,690,690,690,0
2022-02-28 09:40:00,690,690,690,690,0
2022-02-28 09:41:00,690,690,690,690,0
2022-02-28 09:42:00,690,690,690,690,0
2022-02-28 09:43:00,690,690,690,690,0
2022-02-28 09:44:00,690,690,690,690,0
2022-02-28 09:45:00,690,690,690,690,0
2022-02-28 09:46:00,690,690,690,690,0
2022-02-28 09:47:00,690,690,690,690,0
2022-02-28 09:48:00,690,690,690,690,0
2022-02-28 09:49:00,690,690,690,690,0
2022-02-28 09:50:00,690,690,690,690,0
2022-02-28 09:51:00,690,690,690,690,0
2022-02-28 09:52:00,690,690,690,690,0
2022-02-28 09:53:00,690,690,690,690,0
2022-02-28 09:54:00,690,690,690,690,0
2022-02-28 09:55:00,690,690,690,690,0
2022-02-28 09:56:00,690,690,690,690,0
2022-02-28 09:57:00,690,690,690,690,0
2022-02-28 09:58:00,690,690,690,690,0
2022-02-28 09:59:00,690,690,690,690,0
2022-02-28 10:00:00,690,690,690,690,0
2022-02-28 10:01:00,690,690,690,690,0
2022-02-28 10:02:00,690,690,690,690,0
2022-02-28 10:03:00,690,690,690,690,0
2022-02-28 10:04:00,690,690,690,690,0
2022-02-28 10:05:00,690,690,690,690,0
2022-02-28 10:06:00,690,690,690,690,0
2022-02-28 10:07:00,690,690,690,690,0
2022-02-28 10:08:00,690,690,690,690,0
2022-02-28 10:09:00,690,690,690,690,0
2022-02-28 10:10:00,690,690,690,690,0
2022-02-28 10:11:00,690,690,690,690,0
2022-02-28 10:12:00,690,690,690,690,0
2022-02-28 10:13:00,690,690,690,690,0
2022-02-28 10:14:00,690,690,690,690,0
2022-02-28 10:15:00,690,690,690,690,0
2022-02-28 10:16:00,690,690,690,690,0
2022-02-28 10:17:00,690,690,690,690,0
2022-02-28 10:18:00,690,690,690,690,0
2022-02-28 10:19:00,690,690,690,690,0
2022-02-28 10:20:00,690,690,690,690,0
2022-02-28 10:21:00,690,690,690,690,0
2022-02-28 10:22:00,690,690,690,690,0
2022-02-28 10:23:00,690,690,690,690,0
2022-02-28 10:24:00,690,690,690,690,0
2022-02-28 10:25:00,690,690,690,690,0
2022-02-28 10:26:00,690,690,690,690,0
2022-02-28 10:27:00,690,690,690,690,0
2022-02-28 10:28:00,690,690,690,690,0
2022-02-28 10:29:00,690,690,690,690,0
2022-02-28 10:30:00,690,690,690,690,0
2022-02-28 10:31:00,690,690,690,690,0
2022-02-28 10:32:00,690,690,690,690,0
2022-02-28 10:33:00,690,690,690,690,0
2022-02-28 10:34:00,690,690,690,690,0
2022-02-28 10:35:00,690,690,690,690,0
2022-02-28 10:36:00,690,690,690,690,0
2022-02-28 10:37:00,690,690,690,690,0
2022-02-28 10:38:00,690,690,690,690,0
2022-02-28 10:39:00,690,690,690,690,0
2022-02-28 10:40:00,690,690,690,690,0
2022-02-28 10:41:00,690,690,690,690,0
2022-02-28 10:42:00,690,690,690,690,0
2022-02-28 10:43:00,690,690,690,690,0
2022-02-28 10:44:00,690,690,690,690,0
2022-02-28 10:45:00,690,690,690,690,0
2022-02-28 10:46:00,690,690,690,690,0
2022-02-28 10:47:00,690,690,690,690,0
2022-02-28 10:48:00,690,690,690,690,0
2022-02-28 10:49:00,690,690,690,690,0
2022-02-28 10:50:00,690,690,690,690,0
2022-02-28 10:51:00,690,690,690,690,0
2022-02-28 10:52:00,690,690,690,690,0
2022-02-28 10:53:00,690,690,690,690,0
2022-02-28 10:54:00,690,690,690,690,0
2022-02-28 10:55:00,690,690,690,690,0
2022-02-28 10:56:00,690,690,690,690,0
2022-02-28 10:57:00,690,690,690,690,0
2022-02-28 10:58:00,690,690,690,690,0
2022-02-28 10:59:00,690,690,690,690,0
2022-02-28 11:00:00,690,690,690,690,0
2022-02-28 11:01:00,690,690,690,690,0
2022-02-28 11:02:00,690,690,690,690,0
2022-02-28 11:03:00,690,690,690,690,0
2022-02-28 11:04:00,690,690,690,690,0
2022-02-28 11:05:00,690,690,690,690,0
2022-02-28 11:06:00,690,690,690,690,0
2022-02-28 11:07:00,690,690,690,690,0
2022-02-28 11:08:00,690,690,690,690,0
2022-02-28 11:09:00,690,690,690,690,0
2022-02-28 11:10:00,690,690,690,690,0
2022-02-28 11:11:00,690,690,690,690,0
2022-02-28 11:12:00,690,690,690,690,0
2022-02-28 11:13:00,690,690,690,690,0
2022-02-28 11:14:00,690,690,690,690,0
2022-02-28 11:15:00,690,690,690,690,0
2022-02-28 11:16:00,690,690,690,690,0
2022-02-28 11:17:00,690,690,690,690,0
2022-02-28 11:18:00,690,690,690,690,0
2022-02-28 11:19:00,690,690,690,690,0
2022-02-28 11:20:00,690,690,690,690,0
2022-02-28 11:21:00,690,690,690,690,0
2022-02-28 11:22:00,690,690,690,690,0
2022-02-28 11:23:00,690,690,690,690,0
2022-02-28 11:24:00,690,690,690,690,0
2022-02-28 11:25:00,690,690,690,690,0
2022-02-28 11:26:00,690,690,690,690,0
2022-02-28 11:27:00,690,690,690,690,0
2022-02-28 11:28:00,690,690,690,690,0
2022-02-28 11:29:00,690,690,690,690,0
2022-02-28 11:30:00,690,690,690,690,0
2022-02-28 11:31:00,690,690,690,690,0
2022-02-28 11:32:00,690,690,690,690,0
2022-02-28 11:33:00,690,690,690,690,0
2022-02-28 11:34:00,690,690,690,690,0
2022-02-28 11:35:00,690,690,690,690,0
2022-02-28 11:36:00,690,690,690,690,0
2022-02-28 11:37:00,690,690,690,690,0
2022-02-28 11:38:00,690,690,690,690,0
2022-02-28 11:39:00,690,690,690,690,0
2022-02-28 11:40:00,690,690,690,690,0
2022-02-28 11:41:00,690,690,690,690,0
2022-02-28 11:42:00,690,690,690,690,0
2022-02-28 11:43:00,690,690,690,690,0
2022-02-28 11:44:00,690,690,690,690,0
2022-02-28 11:45:00,690,690,690,690,0
2022-02-28 11:46:00,690,690,690,690,0
2022-02-28 11:47:00,690,690,690,690,0
2022-02-28 11:48:00,690,690,690,690,0
2022-02-28 11:49:00,690,690,690,690,0
2022-02-28 11:50:00,690,690,690,690,0
2022-02-28 11:51:00,690,690,690,690,0
2022-02-28 11:52:00,690,690,690,690,0
2022-02-28 11:53:00,690,690,690,690,0
2022-02-28 11:54:00,690,690,690,690,0
2022-02-28 11:55:00,690,690,690,690,0
2022-02-28 11:56:00,690,690,690,690,0
2022-02-28 11:57:00,690,690,690,690,0
2022-02-28 11:58:00,690,690,690,690,0
2022-02-28 11:59:00,690,690,690,690,0
2022-02-28 12:00:00,690,690,690,690,0
2022-02-28 12:01:00,690,690,690,690,0
2022-02-28 12:02:00,690,690,690,690,0
2022-02-28 12:03:00,690,690,690,690,0
2022-02-28 12:04:00,690,690,690,690,0
2022-02-28 12:05:00,690,690,690,690,0
2022-02-28 12:06:00,690,690,690,690,0
2022-02-28 12:07:00,690,690,690,690,0
2022-02-28 12:08:00,690,690,690,690,0
2022-02-28 12:09:00,690,690,690,690,0
2022-02-28 12:10:00,690,690,690,690,0
2022-02-28 12:11:00,690,690,690,690,0
2022-02-28 12:12:00,690,690,690,690,0
2022-02-28 12:13:00,690,690,690,690,0
2022-02-28 12:14:00,690,690,690,690,0
2022-02-28 12:15:00,690,690,690,690,0
2022-02-28 12:16:00,690,690,690,690,0
2022-02-28 12:17:00,690,690,690,690,0
2022-02-28 12:18:00,690,690,690,690,0
2022-02-28 12:19:00,690,690,690,690,0
2022-02-28 12:20:00,690,690,690,690,0
2022-02-28 12:21:00,690,690,690,690,0
2022-02-28 12:22:00,690,690,690,690,0
2022-02-28 12:23:00,690,690,690,690,0
2022-02-28 12:24:00,690,690,690,690,0
2022-02-28 12:25:00,690,690,690,690,0
2022-02-28 12:26:00,690,690,690,690,0
2022-02-28 12:27:00,690,690,690,690,0
2022-02-28 12:28:00,690,690,690,690,0
2022-02-28 12:29:00,690,690,690,690,0
2022-02-28 12:30:00,690,690,690,690,0
2022-02-28 12:31:00,690,690,690,690,0
2022-02-28 12:32:00,690,690,690,690,0
2022-02-28 12:33:00,690,690,690,690,0
2022-02-28 12:34:00,690,690,690,690,0
2022-02-28 12:35:00,690,690,690,690,0
2022-02-28 12:36:00,690,690,690,690,0
2022-02-28 12:37:00,690,690,690,690,0
2022-02-28 12:38:00,690,690,690,690,0
2022-02-28 12:39:00,690,690,690,690,0
2022-02-28 12:40:00,690,690,690,690,0
2022-02-28 12:41:00,690,690,690,690,0
2022-02-28 12:42:00,690,690,690,690,0
2022-02-28 12:43:00,690,690,690,690,0
2022-02-28 12:44:00,690,690,690,690,0
2022-02-28 12:45:00,690,690,690,690,0
2022-02-28 12:46:00,690,690,690,690,0
2022-02-28 12:47:00,690,690,690,690,0
2022-02-28 12:48:00,690,690,690,690,0
2022-02-28 12:49:00,690,690,690,690,0
2022-02-28 12:50:00,690,690,690,690,0
2022-02-28 12:51:00,690,690,690,690,0
2022-02-28 12:52:00,690,690,690,690,0
2022-02-28 12:53:00,690,690,690,690,0
2022-02-28 12:54:00,690,690,690,690,0
2022-02-28 12:55:00,690,690,690,690,0
2022-02-28 12:56:00,690,690,690,690,0
2022-02-28 12:57:00,690,690,690,690,0
2022-02-28 12:58:00,690,690,690,690,0
2022-02-28 12:59:00,690,690,690,690,0
2022-02-28 13:00:00,690,690,690,690,0
2022-02-28 13:01:00,690,690,690,690,0
2022-02-28 13:02:00,690,690,690,690,0
2022-02-28 13:03:00,690,690,690,690,0
2022-02-28 13:04:00,690,690,690,690,0
2022-02-28 13:05:00,690,690,690,690,0
2022-02-28 13:06:00,690,690,690,690,0
2022-02-28 13:07:00,690,690,690,690,0
2022-02-28 13:08:00,690,690,690,690,0
2022-02-28 13:09:00,690,690,690,690,0
2022-02-28 13:10:00,690,690,690,690,0
2022-02-28 13:11:00,690,690,690,690,0
2022-02-28 13:12:00,690,690,690,690,0
2022-02-28 13:13:00,690,690,690,690,0
2022-02-28 13:14:00,690,690,690,690,0
2022-02-28 13:15:00,690,690,690,690,0
2022-02-28 13:16:00,690,690,690,690,0
2022-02-28 13:17:00,690,690,690,690,0
2022-02-28 13:18:00,690,690,690,690,0
2022-02-28 13:19:00,690,690,690,690,0
2022-02-28 13:20:00,690,690,690,690,0
2022-02-28 13:21:00,690,690,690,690,0
2022-02-28 13:22:00,690,690,690,690,0
2022-02-28 13:23:00,690,690,690,690,0
2022-02-28 13:24:00,690,690,690,690,0
2022-02-28 13:25:00,690,690,690,690,0
2022-02-28 13:26:00,690,690,690,690,0
2022-02-28 13:27:00,690,690,690,690,0
2022-02-28 13:28:00,690,690,690,690,0
2022-02-28 13:29:00,690,690,690,690,0
2022-02-28 13:30:00,690,690,690,690,0
2022-02-28 13:31:00,690,690,690,690,0
2022-02-28 13:32:00,690,690,690,690,0
2022-02-28 13:33:00,690,690,690,690,0
2022-02-28 13:34:00,690,690,690,690,0
2022-02-28 13:35:00,690,690,690,690,0
2022-02-28 13:36:00,690,690,690,690,0
2022-02-28 13:37:00,690,690,690,690,0
2022-02-28 13:38:00,690,690,690,690,0
2022-02-28 13:39:00,690,690,690,690,0
2022-02-28 13:40:00,690,690,690,690,0
2022-02-28 13:41:00,690,690,690,690,0
2022-02-28 13:42:00,690,690,690,690,0
2022-02-28 13:43:00,690,690,690,690,0
2022-02-28 13:44:00,690,690,690,690,0
2022-02-28 13:45:00,690,690,690,690,0
2022-02-28 13:46:00,690,690,690,690,0
2022-02-28 13:47:00,690,690,690,690,0
2022-02-28 13:48:00,690,690,690,690,0
2022-02-28 13:49:00,690,690,690,690,0
2022-02-28 13:50:00,690,690,690,690,0
2022-02-28 13:51:00,690,690,690,690,0
2022-02-28 13:52:00,690,690,690,690,0
2022-02-28 13:53:00,690,690,690,690,0
2022-02-28 13:54:00,690,690,690,690,0
2022-02-28 13:55:00,690,690,690,690,0
2022-02-28 13:56:00,690,690,690,690,0
2022-02-28 13:57:00,690,690,690,690,0
2022-02-28 13:58:00,690,690,690,690,0
2022-02-28 13:59:00,690,690,690,690,0
2022-02-28 14:00:00,690,690,690,690,0
2022-02-28 14:01:00,690,690,690,690,0
2022-02-28 14:02:00,690,690,690,690,0
2022-02-28 14:03:00,690,690,690,690,0
2022-02-28 14:04:00,690,690,690,690,0
2022-02-28 14:05:00,690,690,690,690,0
2022-02-28 14:06:00,690,690,690,690,0
2022-02-28 14:07:00,690,690,690,690,0
2022-02-28 14:08:00,690,690,690,690,0
2022-02-28 14:09:00,690,690,690,690,0
2022-02-28 14:10:00,690,690,690,690,0
2022-02-28 14:11:00,690,690,690,690,0
2022-02-28 14:12:00,690,690,690,690,0
2022-02-28 14:13:00,690,690,690,690,0
2022-02-28 14:14:00,690,690,690,690,0
2022-02-28 14:15:00,690,690,690,690,0
2022-02-28 14:16:00,690,690,690,690,0
2022-02-28 14:17:00,690,690,690,690,0
2022-02-28 14:18:00,690,690,690,690,0
2022-02-28 14:19:00,690,690,690,690,0
2022-02-28 14:20:00,690,690,690,690,0
2022-02-28 14:21:00,690,690,690,690,0
2022-02-28 14:22:00,690,690,690,690,0
2022-02-28 14:23:00,690,690,690,690,0
2022-02-28 14:24:00,690,690,690,690,0
2022-02-28 14:25:00,690,690,690,690,0
2022-02-28 14:26:00,690,690,690,690,0
2022-02-28 14:27:00,690,690,690,690,0
2022-02-28 14:28:00,690,690,690,690,0
2022-02-28 14:29:00,690,690,690,690,0
2022-02-28 14:30:00,690,690,690,690,0
2022-02-28 14:31:00,690,690,690,690,0
2022-02-28 14:32:00,690,690,690,690,0
2022-02-28 14:33:00,690,690,690,690,0
2022-02-28 14:34:00,690,690,690,690,0
2022-02-28 14:35:00,690,690,690,690,0
2022-02-28 14:36:00,690,690,690,690,0
2022-02-28 14:37:00,690,690,690,690,0
2022-02-28 14:38:00,690,690,690,690,0
2022-02-28 14:39:00,690,690,690,690,0
2022-02-28 14:40:00,690,690,690,690,0
2022-02-28 14:41:00,690,690,690,690,0
2022-02-28 14:42:00,690,690,690,690,0
2022-02-28 14:43:00,690,690,690,690,0
2022-02-28 14:44:00,690,690,690,690,0
2022-02-28 14:45:00,690,690,690,690,0
2022-02-28 14:46:00,690,690,690,690,0
2022-02-28 14:47:00,690,690,690,690,0
2022-02-28 14:48:00,690,690,690,690,0
2022-02-28 14:49:00,690,690,690,690,0
2022-02-28 14:50:00,690,690,690,690,0
2022-02-28 14:51:00,690,690,690,690,0
2022-02-28 14:52:00,690,690,690,690,0
2022-02-28 14:53:00,690,690,690,690,0
2022-02-28 14:54:00,690,690,690,690,0
2022-02-28 14:55:00,690,690,690,690,0
2022-02-28 14:56:00,690,690,690,690,0
2022-02-28 14:57:00,690,690,690,690,0
2022-02-28 14:58:00,690,690,690,690,0
2022-02-28 14:59:00,690,690,690,690,0
2022-02-28 15:00:00,690,690,690,690,0
2022-02-28 15:01:00,690,690,690,690,0
2022-02-28 15:02:00,690,690,690,690,0
2022-02-28 15:03:00,690,690,690,690,0
2022-02-28 15:04:00,690,690,690,690,0
2022-02-28 15:05:00,690,690,690,690,0
2022-02-28 15:06:00,690,690,690,690,0
2022-02-28 15:07:00,690,690,690,690,0
2022-02-28 15:08:00,690,690,690,690,0
2022-02-28 15:09:00,690,690,690,690,0
2022-02-28 15:10:00,690,690,690,690,0
2022-02-28 15:11:00,690,690,690,690,0
2022-02-28 15:12:00,690,690,690,690,0
2022-02-28 15:13:00,690,690,690,690,0
2022-02-28 15:14:00,690,690,690,690,0
2022-02-28 15:15:00,690,690,690,690,0
2022-02-28 15:16:00,690,690,690,690,0
2022-02-28 15:17:00,690,690,690,690,0
2022-02-28 15:18:00,690,690,690,690,0
2022-02-28 15:19:00,690,690,690,690,0
2022-02-28 15:20:00,690,690,690,690,0
2022-02-28 15:21:00,690,690,690,690,0
2022-02-28 15:22:00,690,690,690,690,0
2022-02-28 15:23:00,690,690,690,690,0
2022-02-28 15:24:00,690,690,690,690,0
2022-02-28 15:25:00,690,690,690,690,0
2022-02-28 15:26:00,690,690,690,690,0
2022-02-28 15:27:00,690,690,690,690,0
2022-02-28 15:28:00,690,690,690,690,0
2022-02-28 15:29:00,690,690,690,690,0
2022-02-28 15:30:00,690,690,690,690,0
2022-02-28 15:31:00,690,690,690,690,0
2022-02-28 15:32:00,690,690,690,690,0
2022-02-28 15:33:00,690,690,690,690,0
2022-02-28 15:34:00,690,690,690,690,0
2022-02-28 15:35:00,690,690,690,690,0
2022-02-28 15:36:00,690,690,690,690,0
2022-02-28 15:37:00,690,690,690,690,0
2022-02-28 15:38:00,690,690,690,690,0
2022-02-28 15:39:00,690,690,690,690,0
2022-02-28 15:40:00,690,690,690,690,0
2022-02-28 15:41:00,690,690,690,690,0
2022-02-28 15:42:00,690,690,690,690,0
2022-02-28 15:43:00,690,690,690,690,0
2022-02-28 15:44:00,690,690,690,690,0
2022-02-28 15:45:00,690,690,690,690,0
2022-02-28 15:46:00,690,690,690,690,0
2022-02-28 15:47:00,690,690,690,690,0
2022-02-28 15:48:00,690,690,690,690,0
2022-02-28 15:49:00,690,690,690,690,0
2022-02-28 15:50:00,690,690,690,690,0
2022-02-28 15:51:00,690,690,690,690,0
2022-02-28 15:52:00,690,690,690,690,0
2022-02-28 15:53:00,690,690,690,690,0
2022-02-28 15:54:00,690,690,690,690,0
2022-02-28 15:55:00,690,690,690,690,0
2022-02-28 15:56:00,690,690,690,690,0
2022-02-28 15:57:00,690,690,690,690,0
2022-02-28 15:58:00,690,690,690,690,0
2022-02-28 15:59:00,690,690,690,690,0
2022-03-01 09:00:00,690,690,690,690,0
2022-03-01 09:01:00,690,690,690,690,1200
2022-03-01 09:02:00,690,690,690,690,1200
2022-03-01 09:03:00,685,685,685,685,1000
2022-03-01 09:04:00,690,690,690,690,300
2022-03-01 09:05:00,690,690,690,690,0
2022-03-01 09:06:00,685,685,690,690,300
2022-03-01 09:07:00,685,685,690,690,0
2022-03-01 09:08:00,685,685,690,690,0
2022-03-01 09:09:00,685,685,690,690,0
2022-03-01 09:10:00,685,685,690,690,0
2022-03-01 09:11:00,685,685,690,690,0
2022-03-01 09:12:00,685,685,690,690,0
2022-03-01 09:13:00,685,685,690,690,0
2022-03-01 09:14:00,685,685,690,690,0
2022-03-01 09:15:00,685,685,690,690,0
2022-03-01 09:16:00,685,685,690,690,0
2022-03-01 09:17:00,685,685,690,690,0
2022-03-01 09:18:00,685,685,690,690,0
2022-03-01 09:19:00,685,685,690,690,0
2022-03-01 09:20:00,690,690,690,690,300
2022-03-01 09:21:00,690,690,690,690,0
2022-03-01 09:22:00,690,690,690,690,0
2022-03-01 09:23:00,690,690,690,690,0
2022-03-01 09:24:00,690,690,690,690,0
2022-03-01 09:25:00,690,690,690,690,0
2022-03-01 09:26:00,685,685,685,685,2600
2022-03-01 09:27:00,685,685,685,685,0
2022-03-01 09:28:00,685,685,685,685,0
2022-03-01 09:29:00,685,685,685,685,0
2022-03-01 09:30:00,685,685,685,685,600
2022-03-01 09:31:00,685,685,685,685,0
2022-03-01 09:32:00,685,685,685,685,300
2022-03-01 09:33:00,685,685,685,685,0
2022-03-01 09:34:00,685,685,685,685,0
2022-03-01 09:35:00,685,685,685,685,0
2022-03-01 09:36:00,685,685,685,685,0
2022-03-01 09:37:00,685,685,685,685,0
2022-03-01 09:38:00,685,685,685,685,0
2022-03-01 09:39:00,685,685,685,685,0
2022-03-01 09:40:00,685,685,685,685,0
2022-03-01 09:41:00,685,685,685,685,0
2022-03-01 09:42:00,685,685,685,685,0
2022-03-01 09:43:00,685,685,685,685,0
2022-03-01 09:44:00,685,685,685,685,0
2022-03-01 09:45:00,685,685,685,685,0
2022-03-01 09:46:00,685,685,685,685,0
2022-03-01 09:47:00,685,685,685,685,0
2022-03-01 09:48:00,685,685,685,685,0
2022-03-01 09:49:00,685,685,685,685,0
2022-03-01 09:50:00,685,685,685,685,0
2022-03-01 09:51:00,685,685,685,685,0
2022-03-01 09:52:00,685,685,685,685,0
2022-03-01 09:53:00,685,685,685,685,1600
2022-03-01 09:54:00,685,685,685,685,0
2022-03-01 09:55:00,685,685,685,685,0
2022-03-01 09:56:00,685,685,685,685,0
2022-03-01 09:57:00,685,685,685,685,0
2022-03-01 09:58:00,680,680,680,680,300
2022-03-01 09:59:00,680,680,680,680,0
2022-03-01 10:00:00,685,685,685,685,300
2022-03-01 10:01:00,685,685,685,685,0
2022-03-01 10:02:00,685,685,685,685,0
2022-03-01 10:03:00,680,680,680,680,1500
2022-03-01 10:04:00,685,685,685,685,200
2022-03-01 10:05:00,685,685,685,685,1100
2022-03-01 10:06:00,685,685,685,685,10800
2022-03-01 10:07:00,685,685,685,685,0
2022-03-01 10:08:00,685,685,685,685,0
2022-03-01 10:09:00,685,685,685,685,200
2022-03-01 10:10:00,685,685,685,685,200
2022-03-01 10:11:00,685,685,685,685,0
2022-03-01 10:12:00,685,685,685,685,0
2022-03-01 10:13:00,685,685,685,685,0
2022-03-01 10:14:00,680,680,680,680,200
2022-03-01 10:15:00,680,680,680,680,0
2022-03-01 10:16:00,685,685,685,685,300
2022-03-01 10:17:00,685,685,685,685,0
2022-03-01 10:18:00,685,685,685,685,0
2022-03-01 10:19:00,680,680,685,685,700
2022-03-01 10:20:00,680,680,685,685,0
2022-03-01 10:21:00,680,680,685,685,0
2022-03-01 10:22:00,680,680,685,685,0
2022-03-01 10:23:00,680,680,685,685,0
2022-03-01 10:24:00,680,680,685,685,0
2022-03-01 10:25:00,680,680,685,685,0
2022-03-01 10:26:00,680,680,685,685,0
2022-03-01 10:27:00,680,680,685,685,0
2022-03-01 10:28:00,680,680,685,685,0
2022-03-01 10:29:00,680,680,685,685,0
2022-03-01 10:30:00,680,680,680,680,500
2022-03-01 10:31:00,685,685,685,685,300
2022-03-01 10:32:00,680,680,680,680,500
2022-03-01 10:33:00,680,680,680,680,0
2022-03-01 10:34:00,685,685,685,685,200
2022-03-01 10:35:00,685,685,685,685,0
2022-03-01 10:36:00,685,685,685,685,0
2022-03-01 10:37:00,680,680,685,685,4500
2022-03-01 10:38:00,680,680,685,685,0
2022-03-01 10:39:00,680,680,685,685,0
2022-03-01 10:40:00,680,680,685,685,0
2022-03-01 10:41:00,680,680,685,685,0
2022-03-01 10:42:00,680,680,685,685,0
2022-03-01 10:43:00,680,680,685,685,0
2022-03-01 10:44:00,680,680,685,685,0
2022-03-01 10:45:00,680,680,685,685,0
2022-03-01 10:46:00,680,680,685,685,0
2022-03-01 10:47:00,680,680,685,685,0
2022-03-01 10:48:00,680,680,685,685,0
2022-03-01 10:49:00,680,680,685,685,0
2022-03-01 10:50:00,680,680,685,685,0
2022-03-01 10:51:00,680,680,685,685,0
2022-03-01 10:52:00,680,680,685,685,0
2022-03-01 10:53:00,680,680,685,685,0
2022-03-01 10:54:00,680,680,685,685,0
2022-03-01 10:55:00,680,680,685,685,0
2022-03-01 10:56:00,680,680,685,685,0
2022-03-01 10:57:00,680,680,680,680,10700
2022-03-01 10:58:00,680,680,680,680,0
2022-03-01 10:59:00,680,680,680,680,0
2022-03-01 11:00:00,680,680,680,680,3200
2022-03-01 11:01:00,680,680,680,680,0
2022-03-01 11:02:00,680,680,685,685,4100
2022-03-01 11:03:00,680,680,685,685,0
2022-03-01 11:04:00,680,680,685,685,0
2022-03-01 11:05:00,685,685,685,685,200
2022-03-01 11:06:00,685,685,685,685,0
2022-03-01 11:07:00,685,685,685,685,0
2022-03-01 11:08:00,685,685,685,685,1400
2022-03-01 11:09:00,685,685,685,685,0
2022-03-01 11:10:00,685,685,685,685,0
2022-03-01 11:11:00,685,685,685,685,0
2022-03-01 11:12:00,685,685,685,685,0
2022-03-01 11:13:00,685,685,685,685,0
2022-03-01 11:14:00,685,685,685,685,0
2022-03-01 11:15:00,685,685,685,685,200
2022-03-01 11:16:00,685,685,685,685,0
2022-03-01 11:17:00,685,685,685,685,0
2022-03-01 11:18:00,685,685,685,685,0
2022-03-01 11:19:00,685,685,685,685,0
2022-03-01 11:20:00,685,685,685,685,0
2022-03-01 11:21:00,685,685,685,685,0
2022-03-01 11:22:00,680,680,680,680,900
2022-03-01 11:23:00,685,685,685,685,300
2022-03-01 11:24:00,685,685,685,685,200
2022-03-01 11:25:00,680,680,680,680,800
2022-03-01 11:26:00,680,680,685,685,500
2022-03-01 11:27:00,685,685,685,685,600
2022-03-01 11:28:00,685,685,685,685,200
2022-03-01 11:29:00,685,685,685,685,500
2022-03-01 11:30:00,685,685,685,685,0
2022-03-01 11:31:00,685,685,685,685,0
2022-03-01 11:32:00,685,685,685,685,0
2022-03-01 11:33:00,685,685,685,685,0
2022-03-01 11:34:00,685,685,685,685,0
2022-03-01 11:35:00,685,685,685,685,0
2022-03-01 11:36:00,685,685,685,685,0
2022-03-01 11:37:00,685,685,685,685,0
2022-03-01 11:38:00,685,685,685,685,0
2022-03-01 11:39:00,685,685,685,685,0
2022-03-01 11:40:00,685,685,685,685,0
2022-03-01 11:41:00,685,685,685,685,0
2022-03-01 11:42:00,685,685,685,685,0
2022-03-01 11:43:00,685,685,685,685,0
2022-03-01 11:44:00,685,685,685,685,0
2022-03-01 11:45:00,685,685,685,685,0
2022-03-01 11:46:00,685,685,685,685,0
2022-03-01 11:47:00,685,685,685,685,0
2022-03-01 11:48:00,685,685,685,685,0
2022-03-01 11:49:00,685,685,685,685,0
2022-03-01 11:50:00,685,685,685,685,0
2022-03-01 11:51:00,685,685,685,685,0
2022-03-01 11:52:00,685,685,685,685,0
2022-03-01 11:53:00,685,685,685,685,0
2022-03-01 11:54:00,685,685,685,685,0
2022-03-01 11:55:00,685,685,685,685,0
2022-03-01 11:56:00,685,685,685,685,0
2022-03-01 11:57:00,685,685,685,685,0
2022-03-01 11:58:00,685,685,685,685,0
2022-03-01 11:59:00,685,685,685,685,0
2022-03-01 12:00:00,685,685,685,685,0
2022-03-01 12:01:00,685,685,685,685,0
2022-03-01 12:02:00,685,685,685,685,0
2022-03-01 12:03:00,685,685,685,685,0
2022-03-01 12:04:00,685,685,685,685,0
2022-03-01 12:05:00,685,685,685,685,0
2022-03-01 12:06:00,685,685,685,685,0
2022-03-01 12:07:00,685,685,685,685,0
2022-03-01 12:08:00,685,685,685,685,0
2022-03-01 12:09:00,685,685,685,685,0
2022-03-01 12:10:00,685,685,685,685,0
2022-03-01 12:11:00,685,685,685,685,0
2022-03-01 12:12:00,685,685,685,685,0
2022-03-01 12:13:00,685,685,685,685,0
2022-03-01 12:14:00,685,685,685,685,0
2022-03-01 12:15:00,685,685,685,685,0
2022-03-01 12:16:00,685,685,685,685,0
2022-03-01 12:17:00,685,685,685,685,0
2022-03-01 12:18:00,685,685,685,685,0
2022-03-01 12:19:00,685,685,685,685,0
2022-03-01 12:20:00,685,685,685,685,0
2022-03-01 12:21:00,685,685,685,685,0
2022-03-01 12:22:00,685,685,685,685,0
2022-03-01 12:23:00,685,685,685,685,0
2022-03-01 12:24:00,685,685,685,685,0
2022-03-01 12:25:00,685,685,685,685,0
2022-03-01 12:26:00,685,685,685,685,0
2022-03-01 12:27:00,685,685,685,685,0
2022-03-01 12:28:00,685,685,685,685,0
2022-03-01 12:29:00,685,685,685,685,0
2022-03-01 12:30:00,685,685,685,685,0
2022-03-01 12:31:00,685,685,685,685,0
2022-03-01 12:32:00,685,685,685,685,0
2022-03-01 12:33:00,685,685,685,685,0
2022-03-01 12:34:00,685,685,685,685,0
2022-03-01 12:35:00,685,685,685,685,0
2022-03-01 12:36:00,685,685,685,685,0
2022-03-01 12:37:00,685,685,685,685,0
2022-03-01 12:38:00,685,685,685,685,0
2022-03-01 12:39:00,685,685,685,685,0
2022-03-01 12:40:00,685,685,685,685,0
2022-03-01 12:41:00,685,685,685,685,0
2022-03-01 12:42:00,685,685,685,685,0
2022-03-01 12:43:00,685,685,685,685,0
2022-03-01 12:44:00,685,685,685,685,0
2022-03-01 12:45:00,685,685,685,685,0
2022-03-01 12:46:00,685,685,685,685,0
2022-03-01 12:47:00,685,685,685,685,0
2022-03-01 12:48:00,685,685,685,685,0
2022-03-01 12:49:00,685,685,685,685,0
2022-03-01 12:50:00,685,685,685,685,0
2022-03-01 12:51:00,685,685,685,685,0
2022-03-01 12:52:00,685,685,685,685,0
2022-03-01 12:53:00,685,685,685,685,0
2022-03-01 12:54:00,685,685,685,685,0
2022-03-01 12:55:00,685,685,685,685,0
2022-03-01 12:56:00,685,685,685,685,0
2022-03-01 12:57:00,685,685,685,685,0
2022-03-01 12:58:00,685,685,685,685,0
2022-03-01 12:59:00,685,685,685,685,0
2022-03-01 13:00:00,685,685,685,685,0
2022-03-01 13:01:00,685,685,685,685,0
2022-03-01 13:02:00,685,685,685,685,0
2022-03-01 13:03:00,685,685,685,685,0
2022-03-01 13:04:00,685,685,685,685,0
2022-03-01 13:05:00,685,685,685,685,0
2022-03-01 13:06:00,685,685,685,685,0
2022-03-01 13:07:00,685,685,685,685,0
2022-03-01 13:08:00,685,685,685,685,0
2022-03-01 13:09:00,685,685,685,685,0
2022-03-01 13:10:00,685,685,685,685,0
2022-03-01 13:11:00,685,685,685,685,0
2022-03-01 13:12:00,685,685,685,685,0
2022-03-01 13:13:00,685,685,685,685,0
2022-03-01 13:14:00,685,685,685,685,0
2022-03-01 13:15:00,685,685,685,685,0
2022-03-01 13:16:00,685,685,685,685,0
2022-03-01 13:17:00,685,685,685,685,0
2022-03-01 13:18:00,685,685,685,685,0
2022-03-01 13:19:00,685,685,685,685,0
2022-03-01 13:20:00,685,685,685,685,0
2022-03-01 13:21:00,685,685,685,685,0
2022-03-01 13:22:00,685,685,685,685,0
2022-03-01 13:23:00,685,685,685,685,0
2022-03-01 13:24:00,685,685,685,685,0
2022-03-01 13:25:00,685,685,685,685,0
2022-03-01 13:26:00,685,685,685,685,0
2022-03-01 13:27:00,685,685,685,685,0
2022-03-01 13:28:00,685,685,685,685,0
2022-03-01 13:29:00,685,685,685,685,0
2022-03-01 13:30:00,685,685,685,685,5200
2022-03-01 13:31:00,685,685,685,685,0
2022-03-01 13:32:00,685,685,685,685,1000
2022-03-01 13:33:00,685,685,685,685,0
2022-03-01 13:34:00,685,685,685,685,0
2022-03-01 13:35:00,685,685,685,685,0
2022-03-01 13:36:00,685,685,685,685,0
2022-03-01 13:37:00,685,685,685,685,0
2022-03-01 13:38:00,685,685,685,685,200
2022-03-01 13:39:00,685,685,685,685,200
2022-03-01 13:40:00,685,685,685,685,300
2022-03-01 13:41:00,685,685,685,685,0
2022-03-01 13:42:00,685,685,685,685,0
2022-03-01 13:43:00,685,685,685,685,0
2022-03-01 13:44:00,685,685,685,685,0
2022-03-01 13:45:00,685,680,685,680,1000
2022-03-01 13:46:00,680,680,680,680,1000
2022-03-01 13:47:00,680,675,680,675,400
2022-03-01 13:48:00,680,675,680,675,0
2022-03-01 13:49:00,685,685,685,685,200
2022-03-01 13:50:00,685,685,685,685,200
2022-03-01 13:51:00,680,680,680,680,1000
2022-03-01 13:52:00,685,680,685,680,500
2022-03-01 13:53:00,680,675,680,675,4300
2022-03-01 13:54:00,680,680,685,685,2000
2022-03-01 13:55:00,680,680,685,685,0
2022-03-01 13:56:00,685,685,685,685,200
2022-03-01 13:57:00,685,685,685,685,0
2022-03-01 13:58:00,680,680,685,685,1200
2022-03-01 13:59:00,685,685,685,685,200
2022-03-01 14:00:00,685,685,685,685,200
2022-03-01 14:01:00,685,685,685,685,0
2022-03-01 14:02:00,685,685,685,685,200
2022-03-01 14:03:00,685,685,685,685,0
2022-03-01 14:04:00,685,685,685,685,0
2022-03-01 14:05:00,685,685,685,685,0
2022-03-01 14:06:00,685,685,685,685,200
2022-03-01 14:07:00,685,685,685,685,0
2022-03-01 14:08:00,685,685,685,685,0
2022-03-01 14:09:00,685,685,685,685,0
2022-03-01 14:10:00,685,685,685,685,0
2022-03-01 14:11:00,685,685,685,685,200
2022-03-01 14:12:00,685,685,685,685,0
2022-03-01 14:13:00,685,685,685,685,300
2022-03-01 14:14:00,685,685,685,685,0
2022-03-01 14:15:00,680,680,680,680,900
2022-03-01 14:16:00,680,680,685,685,300
2022-03-01 14:17:00,685,685,685,685,200
2022-03-01 14:18:00,685,685,685,685,0
2022-03-01 14:19:00,685,685,685,685,0
2022-03-01 14:20:00,685,685,685,685,0
2022-03-01 14:21:00,685,685,685,685,0
2022-03-01 14:22:00,685,685,685,685,0
2022-03-01 14:23:00,685,685,685,685,0
2022-03-01 14:24:00,685,685,685,685,0
2022-03-01 14:25:00,685,685,685,685,0
2022-03-01 14:26:00,685,685,685,685,0
2022-03-01 14:27:00,680,680,680,680,500
2022-03-01 14:28:00,685,685,685,685,200
2022-03-01 14:29:00,685,685,685,685,200
2022-03-01 14:30:00,685,685,685,685,0
2022-03-01 14:31:00,685,685,685,685,0
2022-03-01 14:32:00,685,685,685,685,0
2022-03-01 14:33:00,685,685,685,685,0
2022-03-01 14:34:00,685,685,685,685,200
2022-03-01 14:35:00,685,685,685,685,0
2022-03-01 14:36:00,685,685,685,685,0
2022-03-01 14:37:00,685,685,685,685,0
2022-03-01 14:38:00,680,675,685,685,14200
2022-03-01 14:39:00,680,675,685,685,0
2022-03-01 14:40:00,680,675,685,685,0
2022-03-01 14:41:00,685,685,685,685,200
2022-03-01 14:42:00,685,685,685,685,1600
2022-03-01 14:43:00,685,685,685,685,0
2022-03-01 14:44:00,685,685,685,685,0
2022-03-01 14:45:00,685,685,685,685,0
2022-03-01 14:46:00,685,685,685,685,200
2022-03-01 14:47:00,685,685,685,685,0
2022-03-01 14:48:00,685,685,685,685,0
2022-03-01 14:49:00,685,685,695,695,85000
2022-03-01 14:50:00,685,685,695,695,0
2022-03-01 14:51:00,685,685,695,695,0
2022-03-01 14:52:00,685,685,695,695,0
2022-03-01 14:53:00,685,685,695,695,0
2022-03-01 14:54:00,685,685,695,695,0
2022-03-01 14:55:00,685,685,695,695,0
2022-03-01 14:56:00,685,685,695,695,0
2022-03-01 14:57:00,685,685,695,695,0
2022-03-01 14:58:00,685,685,695,695,0
2022-03-01 14:59:00,685,685,695,695,0
2022-03-01 15:00:00,695,695,695,695,4700
2022-03-01 15:01:00,695,695,695,695,1500
2022-03-01 15:02:00,695,695,695,695,0
2022-03-01 15:03:00,695,695,695,695,0
2022-03-01 15:04:00,695,695,695,695,0
2022-03-01 15:05:00,695,695,695,695,0
2022-03-01 15:06:00,695,695,695,695,0
2022-03-01 15:07:00,695,695,695,695,0
2022-03-01 15:08:00,695,695,695,695,0
2022-03-01 15:09:00,695,695,695,695,0
2022-03-01 15:10:00,695,695,695,695,0
2022-03-01 15:11:00,695,695,695,695,0
2022-03-01 15:12:00,695,695,695,695,0
2022-03-01 15:13:00,695,695,695,695,0
2022-03-01 15:14:00,695,695,695,695,0
2022-03-01 15:15:00,695,695,695,695,0
2022-03-01 15:16:00,695,695,695,695,0
2022-03-01 15:17:00,695,695,695,695,0
2022-03-01 15:18:00,695,695,695,695,0
2022-03-01 15:19:00,695,695,695,695,0
2022-03-01 15:20:00,695,695,695,695,0
2022-03-01 15:21:00,695,695,695,695,0
2022-03-01 15:22:00,695,695,695,695,0
2022-03-01 15:23:00,695,695,695,695,0
2022-03-01 15:24:00,695,695,695,695,0
2022-03-01 15:25:00,695,695,695,695,0
2022-03-01 15:26:00,695,695,695,695,0
2022-03-01 15:27:00,695,695,695,695,0
2022-03-01 15:28:00,695,695,695,695,0
2022-03-01 15:29:00,695,695,695,695,0
2022-03-01 15:30:00,695,695,695,695,0
2022-03-01 15:31:00,695,695,695,695,0
2022-03-01 15:32:00,695,695,695,695,0
2022-03-01 15:33:00,695,695,695,695,0
2022-03-01 15:34:00,695,695,695,695,0
2022-03-01 15:35:00,695,695,695,695,0
2022-03-01 15:36:00,695,695,695,695,0
2022-03-01 15:37:00,695,695,695,695,0
2022-03-01 15:38:00,695,695,695,695,0
2022-03-01 15:39:00,695,695,695,695,0
2022-03-01 15:40:00,695,695,695,695,0
2022-03-01 15:41:00,695,695,695,695,0
2022-03-01 15:42:00,695,695,695,695,0
2022-03-01 15:43:00,695,695,695,695,0
2022-03-01 15:44:00,695,695,695,695,0
2022-03-01 15:45:00,695,695,695,695,0
2022-03-01 15:46:00,695,695,695,695,0
2022-03-01 15:47:00,695,695,695,695,0
2022-03-01 15:48:00,695,695,695,695,0
2022-03-01 15:49:00,695,695,695,695,0
2022-03-01 15:50:00,695,695,695,695,0
2022-03-01 15:51:00,695,695,695,695,0
2022-03-01 15:52:00,695,695,695,695,0
2022-03-01 15:53:00,695,695,695,695,0
2022-03-01 15:54:00,695,695,695,695,0
2022-03-01 15:55:00,695,695,695,695,0
2022-03-01 15:56:00,695,695,695,695,0
2022-03-01 15:57:00,695,695,695,695,0
2022-03-01 15:58:00,695,695,695,695,0
2022-03-01 15:59:00,695,695,695,695,0
2022-03-02 09:00:00,695,695,695,695,0
2022-03-02 09:01:00,695,695,695,695,0
2022-03-02 09:02:00,695,690,695,690,1700
2022-03-02 09:03:00,695,695,695,695,200
2022-03-02 09:04:00,695,695,695,695,0
2022-03-02 09:05:00,690,690,690,690,100
2022-03-02 09:06:00,695,695,695,695,500
2022-03-02 09:07:00,695,695,695,695,0
2022-03-02 09:08:00,695,695,695,695,0
2022-03-02 09:09:00,695,695,695,695,0
2022-03-02 09:10:00,695,695,695,695,0
2022-03-02 09:11:00,695,695,695,695,0
2022-03-02 09:12:00,695,695,695,695,0
2022-03-02 09:13:00,690,690,690,690,400
2022-03-02 09:14:00,690,690,690,690,0
2022-03-02 09:15:00,690,690,690,690,2200
2022-03-02 09:16:00,690,690,690,690,0
2022-03-02 09:17:00,690,690,690,690,0
2022-03-02 09:18:00,690,690,690,690,0
2022-03-02 09:19:00,690,690,690,690,0
2022-03-02 09:20:00,690,690,690,690,0
2022-03-02 09:21:00,690,690,690,690,0
2022-03-02 09:22:00,690,690,690,690,900
2022-03-02 09:23:00,690,690,690,690,2200
2022-03-02 09:24:00,690,690,690,690,1000
2022-03-02 09:25:00,685,685,685,685,500
2022-03-02 09:26:00,690,690,690,690,200
2022-03-02 09:27:00,690,690,690,690,7200
2022-03-02 09:28:00,690,690,690,690,0
2022-03-02 09:29:00,690,690,690,690,0
2022-03-02 09:30:00,690,690,690,690,0
2022-03-02 09:31:00,690,690,690,690,600
2022-03-02 09:32:00,685,685,685,685,3000
2022-03-02 09:33:00,690,690,690,690,200
2022-03-02 09:34:00,690,690,690,690,0
2022-03-02 09:35:00,690,690,690,690,0
2022-03-02 09:36:00,690,690,690,690,0
2022-03-02 09:37:00,690,690,690,690,0
2022-03-02 09:38:00,690,690,690,690,0
2022-03-02 09:39:00,690,690,690,690,0
2022-03-02 09:40:00,690,690,690,690,0
2022-03-02 09:41:00,690,690,690,690,0
2022-03-02 09:42:00,690,690,690,690,0
2022-03-02 09:43:00,690,690,690,690,0
2022-03-02 09:44:00,690,690,690,690,0
2022-03-02 09:45:00,690,690,690,690,0
2022-03-02 09:46:00,690,690,690,690,0
2022-03-02 09:47:00,690,690,690,690,0
2022-03-02 09:48:00,690,690,690,690,0
2022-03-02 09:49:00,690,690,690,690,0
2022-03-02 09:50:00,690,690,690,690,0
2022-03-02 09:51:00,690,690,690,690,7100
2022-03-02 09:52:00,690,690,690,690,0
2022-03-02 09:53:00,690,690,690,690,0
2022-03-02 09:54:00,690,690,690,690,0
2022-03-02 09:55:00,690,690,690,690,500
2022-03-02 09:56:00,690,690,690,690,0
2022-03-02 09:57:00,690,690,690,690,0
2022-03-02 09:58:00,690,690,690,690,1500
2022-03-02 09:59:00,690,690,690,690,0
2022-03-02 10:00:00,690,690,690,690,0
2022-03-02 10:01:00,690,690,690,690,0
2022-03-02 10:02:00,690,690,690,690,0
2022-03-02 10:03:00,690,690,690,690,0
2022-03-02 10:04:00,690,690,690,690,0
2022-03-02 10:05:00,690,690,690,690,0
2022-03-02 10:06:00,690,690,690,690,0
2022-03-02 10:07:00,690,690,690,690,0
2022-03-02 10:08:00,690,690,690,690,0
2022-03-02 10:09:00,690,690,690,690,0
2022-03-02 10:10:00,690,690,690,690,0
2022-03-02 10:11:00,690,690,690,690,0
2022-03-02 10:12:00,690,690,690,690,0
2022-03-02 10:13:00,690,690,690,690,0
2022-03-02 10:14:00,685,685,685,685,3000
2022-03-02 10:15:00,690,690,690,690,300
2022-03-02 10:16:00,690,690,690,690,0
2022-03-02 10:17:00,690,690,690,690,0
2022-03-02 10:18:00,690,690,690,690,0
2022-03-02 10:19:00,685,685,685,685,3300
2022-03-02 10:20:00,690,690,690,690,300
2022-03-02 10:21:00,690,690,690,690,0
2022-03-02 10:22:00,690,690,690,690,0
2022-03-02 10:23:00,690,690,690,690,0
2022-03-02 10:24:00,690,690,690,690,0
2022-03-02 10:25:00,690,690,690,690,0
2022-03-02 10:26:00,690,690,690,690,0
2022-03-02 10:27:00,690,690,690,690,0
2022-03-02 10:28:00,690,690,690,690,0
2022-03-02 10:29:00,690,690,690,690,0
2022-03-02 10:30:00,690,690,690,690,0
2022-03-02 10:31:00,690,690,690,690,0
2022-03-02 10:32:00,690,690,690,690,0
2022-03-02 10:33:00,690,690,690,690,0
2022-03-02 10:34:00,690,690,690,690,0
2022-03-02 10:35:00,690,690,690,690,0
2022-03-02 10:36:00,690,690,690,690,0
2022-03-02 10:37:00,685,680,685,680,21700
2022-03-02 10:38:00,675,675,675,675,22200
2022-03-02 10:39:00,685,685,685,685,300
2022-03-02 10:40:00,685,685,685,685,0
2022-03-02 10:41:00,685,685,685,685,200
2022-03-02 10:42:00,685,685,685,685,200
2022-03-02 10:43:00,685,685,685,685,0
2022-03-02 10:44:00,685,685,685,685,200
2022-03-02 10:45:00,685,685,685,685,0
2022-03-02 10:46:00,685,685,685,685,4200
2022-03-02 10:47:00,685,685,685,685,200
2022-03-02 10:48:00,685,685,685,685,0
2022-03-02 10:49:00,685,685,685,685,0
2022-03-02 10:50:00,685,685,685,685,0
2022-03-02 10:51:00,685,685,685,685,0
2022-03-02 10:52:00,685,680,685,680,1200
2022-03-02 10:53:00,685,685,685,685,200
2022-03-02 10:54:00,685,685,685,685,200
2022-03-02 10:55:00,685,685,685,685,0
2022-03-02 10:56:00,685,685,685,685,0
2022-03-02 10:57:00,685,685,685,685,0
2022-03-02 10:58:00,685,685,685,685,0
2022-03-02 10:59:00,685,685,685,685,0
2022-03-02 11:00:00,685,685,685,685,500
2022-03-02 11:01:00,685,685,685,685,0
2022-03-02 11:02:00,685,685,685,685,200
2022-03-02 11:03:00,685,685,685,685,0
2022-03-02 11:04:00,685,685,685,685,0
2022-03-02 11:05:00,685,685,685,685,0
2022-03-02 11:06:00,685,685,685,685,0
2022-03-02 11:07:00,685,685,685,685,0
2022-03-02 11:08:00,685,685,685,685,0
2022-03-02 11:09:00,685,685,685,685,0
2022-03-02 11:10:00,685,685,685,685,0
2022-03-02 11:11:00,685,685,685,685,100
2022-03-02 11:12:00,685,685,685,685,0
2022-03-02 11:13:00,685,685,685,685,0
2022-03-02 11:14:00,685,685,685,685,0
2022-03-02 11:15:00,685,685,685,685,0
2022-03-02 11:16:00,685,685,685,685,0
2022-03-02 11:17:00,685,685,685,685,1700
2022-03-02 11:18:00,685,685,685,685,0
2022-03-02 11:19:00,685,685,685,685,0
2022-03-02 11:20:00,685,685,685,685,0
2022-03-02 11:21:00,685,685,685,685,0
2022-03-02 11:22:00,685,685,685,685,0
2022-03-02 11:23:00,685,685,685,685,0
2022-03-02 11:24:00,685,685,685,685,0
2022-03-02 11:25:00,685,685,685,685,0
2022-03-02 11:26:00,685,685,685,685,200
2022-03-02 11:27:00,685,685,685,685,300
2022-03-02 11:28:00,685,685,685,685,1800
2022-03-02 11:29:00,685,685,685,685,200
2022-03-02 11:30:00,685,685,685,685,0
2022-03-02 11:31:00,685,685,685,685,0
2022-03-02 11:32:00,685,685,685,685,0
2022-03-02 11:33:00,685,685,685,685,0
2022-03-02 11:34:00,685,685,685,685,0
2022-03-02 11:35:00,685,685,685,685,0
2022-03-02 11:36:00,685,685,685,685,0
2022-03-02 11:37:00,685,685,685,685,0
2022-03-02 11:38:00,685,685,685,685,0
2022-03-02 11:39:00,685,685,685,685,0
2022-03-02 11:40:00,685,685,685,685,0
2022-03-02 11:41:00,685,685,685,685,0
2022-03-02 11:42:00,685,685,685,685,0
2022-03-02 11:43:00,685,685,685,685,0
2022-03-02 11:44:00,685,685,685,685,0
2022-03-02 11:45:00,685,685,685,685,0
2022-03-02 11:46:00,685,685,685,685,0
2022-03-02 11:47:00,685,685,685,685,0
2022-03-02 11:48:00,685,685,685,685,0
2022-03-02 11:49:00,685,685,685,685,0
2022-03-02 11:50:00,685,685,685,685,0
2022-03-02 11:51:00,685,685,685,685,0
2022-03-02 11:52:00,685,685,685,685,0
2022-03-02 11:53:00,685,685,685,685,0
2022-03-02 11:54:00,685,685,685,685,0
2022-03-02 11:55:00,685,685,685,685,0
2022-03-02 11:56:00,685,685,685,685,0
2022-03-02 11:57:00,685,685,685,685,0
2022-03-02 11:58:00,685,685,685,685,0
2022-03-02 11:59:00,685,685,685,685,0
2022-03-02 12:00:00,685,685,685,685,0
2022-03-02 12:01:00,685,685,685,685,0
2022-03-02 12:02:00,685,685,685,685,0
2022-03-02 12:03:00,685,685,685,685,0
2022-03-02 12:04:00,685,685,685,685,0
2022-03-02 12:05:00,685,685,685,685,0
2022-03-02 12:06:00,685,685,685,685,0
2022-03-02 12:07:00,685,685,685,685,0
2022-03-02 12:08:00,685,685,685,685,0
2022-03-02 12:09:00,685,685,685,685,0
2022-03-02 12:10:00,685,685,685,685,0
2022-03-02 12:11:00,685,685,685,685,0
2022-03-02 12:12:00,685,685,685,685,0
2022-03-02 12:13:00,685,685,685,685,0
2022-03-02 12:14:00,685,685,685,685,0
2022-03-02 12:15:00,685,685,685,685,0
2022-03-02 12:16:00,685,685,685,685,0
2022-03-02 12:17:00,685,685,685,685,0
2022-03-02 12:18:00,685,685,685,685,0
2022-03-02 12:19:00,685,685,685,685,0
2022-03-02 12:20:00,685,685,685,685,0
2022-03-02 12:21:00,685,685,685,685,0
2022-03-02 12:22:00,685,685,685,685,0
2022-03-02 12:23:00,685,685,685,685,0
2022-03-02 12:24:00,685,685,685,685,0
2022-03-02 12:25:00,685,685,685,685,0
2022-03-02 12:26:00,685,685,685,685,0
2022-03-02 12:27:00,685,685,685,685,0
2022-03-02 12:28:00,685,685,685,685,0
2022-03-02 12:29:00,685,685,685,685,0
2022-03-02 12:30:00,685,685,685,685,0
2022-03-02 12:31:00,685,685,685,685,0
2022-03-02 12:32:00,685,685,685,685,0
2022-03-02 12:33:00,685,685,685,685,0
2022-03-02 12:34:00,685,685,685,685,0
2022-03-02 12:35:00,685,685,685,685,0
2022-03-02 12:36:00,685,685,685,685,0
2022-03-02 12:37:00,685,685,685,685,0
2022-03-02 12:38:00,685,685,685,685,0
2022-03-02 12:39:00,685,685,685,685,0
2022-03-02 12:40:00,685,685,685,685,0
2022-03-02 12:41:00,685,685,685,685,0
2022-03-02 12:42:00,685,685,685,685,0
2022-03-02 12:43:00,685,685,685,685,0
2022-03-02 12:44:00,685,685,685,685,0
2022-03-02 12:45:00,685,685,685,685,0
2022-03-02 12:46:00,685,685,685,685,0
2022-03-02 12:47:00,685,685,685,685,0
2022-03-02 12:48:00,685,685,685,685,0
2022-03-02 12:49:00,685,685,685,685,0
2022-03-02 12:50:00,685,685,685,685,0
2022-03-02 12:51:00,685,685,685,685,0
2022-03-02 12:52:00,685,685,685,685,0
2022-03-02 12:53:00,685,685,685,685,0
2022-03-02 12:54:00,685,685,685,685,0
2022-03-02 12:55:00,685,685,685,685,0
2022-03-02 12:56:00,685,685,685,685,0
2022-03-02 12:57:00,685,685,685,685,0
2022-03-02 12:58:00,685,685,685,685,0
2022-03-02 12:59:00,685,685,685,685,0
2022-03-02 13:00:00,685,685,685,685,0
2022-03-02 13:01:00,685,685,685,685,0
2022-03-02 13:02:00,685,685,685,685,0
2022-03-02 13:03:00,685,685,685,685,0
2022-03-02 13:04:00,685,685,685,685,0
2022-03-02 13:05:00,685,685,685,685,0
2022-03-02 13:06:00,685,685,685,685,0
2022-03-02 13:07:00,685,685,685,685,0
2022-03-02 13:08:00,685,685,685,685,0
2022-03-02 13:09:00,685,685,685,685,0
2022-03-02 13:10:00,685,685,685,685,0
2022-03-02 13:11:00,685,685,685,685,0
2022-03-02 13:12:00,685,685,685,685,0
2022-03-02 13:13:00,685,685,685,685,0
2022-03-02 13:14:00,685,685,685,685,0
2022-03-02 13:15:00,685,685,685,685,0
2022-03-02 13:16:00,685,685,685,685,0
2022-03-02 13:17:00,685,685,685,685,0
2022-03-02 13:18:00,685,685,685,685,0
2022-03-02 13:19:00,685,685,685,685,0
2022-03-02 13:20:00,685,685,685,685,0
2022-03-02 13:21:00,685,685,685,685,0
2022-03-02 13:22:00,685,685,685,685,0
2022-03-02 13:23:00,685,685,685,685,0
2022-03-02 13:24:00,685,685,685,685,0
2022-03-02 13:25:00,685,685,685,685,0
2022-03-02 13:26:00,685,685,685,685,0
2022-03-02 13:27:00,685,685,685,685,0
2022-03-02 13:28:00,685,685,685,685,0
2022-03-02 13:29:00,685,685,685,685,0
2022-03-02 13:30:00,685,685,690,690,30000
2022-03-02 13:31:00,690,690,690,690,200
2022-03-02 13:32:00,690,690,690,690,1000
2022-03-02 13:33:00,690,690,690,690,300
2022-03-02 13:34:00,690,690,690,690,0
2022-03-02 13:35:00,690,690,690,690,0
2022-03-02 13:36:00,690,690,690,690,500
2022-03-02 13:37:00,690,690,690,690,0
2022-03-02 13:38:00,690,690,690,690,0
2022-03-02 13:39:00,690,690,690,690,0
2022-03-02 13:40:00,690,685,690,685,500
2022-03-02 13:41:00,690,690,690,690,200
2022-03-02 13:42:00,690,690,690,690,300
2022-03-02 13:43:00,690,690,690,690,200
2022-03-02 13:44:00,690,690,690,690,0
2022-03-02 13:45:00,690,690,690,690,200
2022-03-02 13:46:00,690,690,690,690,0
2022-03-02 13:47:00,690,690,690,690,200
2022-03-02 13:48:00,685,685,685,685,500
2022-03-02 13:49:00,680,680,680,680,6600
2022-03-02 13:50:00,680,680,690,690,300
2022-03-02 13:51:00,690,690,690,690,100
2022-03-02 13:52:00,690,690,690,690,300
2022-03-02 13:53:00,690,690,690,690,0
2022-03-02 13:54:00,690,690,690,690,300
2022-03-02 13:55:00,690,690,690,690,200
2022-03-02 13:56:00,690,690,690,690,0
2022-03-02 13:57:00,690,690,690,690,200
2022-03-02 13:58:00,690,690,690,690,0
2022-03-02 13:59:00,690,690,690,690,0
2022-03-02 14:00:00,690,690,690,690,0
2022-03-02 14:01:00,690,690,690,690,0
2022-03-02 14:02:00,690,690,690,690,0
2022-03-02 14:03:00,690,685,690,685,1100
2022-03-02 14:04:00,685,685,690,690,1700
2022-03-02 14:05:00,685,685,690,690,0
2022-03-02 14:06:00,690,690,690,690,800
2022-03-02 14:07:00,690,690,690,690,0
2022-03-02 14:08:00,690,690,690,690,0
2022-03-02 14:09:00,690,690,690,690,300
2022-03-02 14:10:00,690,690,690,690,0
2022-03-02 14:11:00,690,690,690,690,0
2022-03-02 14:12:00,690,690,690,690,0
2022-03-02 14:13:00,690,685,690,685,700
2022-03-02 14:14:00,685,685,690,690,1200
2022-03-02 14:15:00,685,685,690,690,0
2022-03-02 14:16:00,690,690,690,690,200
2022-03-02 14:17:00,690,690,690,690,0
2022-03-02 14:18:00,690,690,690,690,200
2022-03-02 14:19:00,690,685,690,685,1300
2022-03-02 14:20:00,690,690,690,690,200
2022-03-02 14:21:00,690,690,690,690,300
2022-03-02 14:22:00,690,690,690,690,0
2022-03-02 14:23:00,690,690,690,690,0
2022-03-02 14:24:00,690,690,690,690,0
2022-03-02 14:25:00,690,690,690,690,300
2022-03-02 14:26:00,685,685,685,685,700
2022-03-02 14:27:00,685,685,690,690,700
2022-03-02 14:28:00,685,685,690,690,0
2022-03-02 14:29:00,685,685,690,690,0
2022-03-02 14:30:00,690,690,690,690,300
2022-03-02 14:31:00,690,690,690,690,0
2022-03-02 14:32:00,690,690,690,690,0
2022-03-02 14:33:00,690,690,690,690,0
2022-03-02 14:34:00,690,690,690,690,10200
2022-03-02 14:35:00,690,690,690,690,0
2022-03-02 14:36:00,690,690,690,690,1100
2022-03-02 14:37:00,690,690,690,690,0
2022-03-02 14:38:00,690,690,690,690,0
2022-03-02 14:39:00,690,690,690,690,300
2022-03-02 14:40:00,690,690,690,690,0
2022-03-02 14:41:00,690,690,690,690,600
2022-03-02 14:42:00,690,690,690,690,500
2022-03-02 14:43:00,690,690,690,690,200
2022-03-02 14:44:00,690,690,690,690,1600
2022-03-02 14:45:00,690,690,690,690,400
2022-03-02 14:46:00,690,690,690,690,700
2022-03-02 14:47:00,685,685,690,690,1000
2022-03-02 14:48:00,690,685,690,685,1200
2022-03-02 14:49:00,690,690,690,690,1100
2022-03-02 14:50:00,690,690,690,690,0
2022-03-02 14:51:00,690,690,690,690,0
2022-03-02 14:52:00,690,690,690,690,0
2022-03-02 14:53:00,690,690,690,690,0
2022-03-02 14:54:00,690,690,690,690,0
2022-03-02 14:55:00,690,690,690,690,0
2022-03-02 14:56:00,690,690,690,690,0
2022-03-02 14:57:00,690,690,690,690,0
2022-03-02 14:58:00,690,690,690,690,0
2022-03-02 14:59:00,690,690,690,690,0
2022-03-02 15:00:00,690,690,690,690,100200
2022-03-02 15:01:00,690,690,690,690,100
2022-03-02 15:02:00,690,690,690,690,0
2022-03-02 15:03:00,690,690,690,690,0
2022-03-02 15:04:00,690,690,690,690,0
2022-03-02 15:05:00,690,690,690,690,0
2022-03-02 15:06:00,690,690,690,690,0
2022-03-02 15:07:00,690,690,690,690,0
2022-03-02 15:08:00,690,690,690,690,0
2022-03-02 15:09:00,690,690,690,690,0
2022-03-02 15:10:00,690,690,690,690,0
2022-03-02 15:11:00,690,690,690,690,0
2022-03-02 15:12:00,690,690,690,690,0
2022-03-02 15:13:00,690,690,690,690,100
2022-03-02 15:14:00,690,690,690,690,0
2022-03-02 15:15:00,690,690,690,690,0
2022-03-02 15:16:00,690,690,690,690,0
2022-03-02 15:17:00,690,690,690,690,0
2022-03-02 15:18:00,690,690,690,690,0
2022-03-02 15:19:00,690,690,690,690,0
2022-03-02 15:20:00,690,690,690,690,0
2022-03-02 15:21:00,690,690,690,690,0
2022-03-02 15:22:00,690,690,690,690,0
2022-03-02 15:23:00,690,690,690,690,0
2022-03-02 15:24:00,690,690,690,690,0
2022-03-02 15:25:00,690,690,690,690,0
2022-03-02 15:26:00,690,690,690,690,0
2022-03-02 15:27:00,690,690,690,690,0
2022-03-02 15:28:00,690,690,690,690,0
2022-03-02 15:29:00,690,690,690,690,0
2022-03-02 15:30:00,690,690,690,690,0
2022-03-02 15:31:00,690,690,690,690,0
2022-03-02 15:32:00,690,690,690,690,0
2022-03-02 15:33:00,690,690,690,690,0
2022-03-02 15:34:00,690,690,690,690,0
2022-03-02 15:35:00,690,690,690,690,0
2022-03-02 15:36:00,690,690,690,690,0
2022-03-02 15:37:00,690,690,690,690,0
2022-03-02 15:38:00,690,690,690,690,0
2022-03-02 15:39:00,690,690,690,690,0
2022-03-02 15:40:00,690,690,690,690,0
2022-03-02 15:41:00,690,690,690,690,0
2022-03-02 15:42:00,690,690,690,690,0
2022-03-02 15:43:00,690,690,690,690,0
2022-03-02 15:44:00,690,690,690,690,0
2022-03-02 15:45:00,690,690,690,690,0
2022-03-02 15:46:00,690,690,690,690,0
2022-03-02 15:47:00,690,690,690,690,0
2022-03-02 15:48:00,690,690,690,690,0
2022-03-02 15:49:00,690,690,690,690,0
2022-03-02 15:50:00,690,690,690,690,0
2022-03-02 15:51:00,690,690,690,690,0
2022-03-02 15:52:00,690,690,690,690,0
2022-03-02 15:53:00,690,690,690,690,0
2022-03-02 15:54:00,690,690,690,690,0
2022-03-02 15:55:00,690,690,690,690,0
2022-03-02 15:56:00,690,690,690,690,0
2022-03-02 15:57:00,690,690,690,690,0
2022-03-02 15:58:00,690,690,690,690,0
2022-03-02 15:59:00,690,690,690,690,0
2022-03-03 09:00:00,690,690,690,690,0
2022-03-03 09:01:00,690,690,690,690,0
2022-03-03 09:02:00,690,690,690,690,0
2022-03-03 09:03:00,690,690,690,690,0
2022-03-03 09:04:00,690,690,690,690,0
2022-03-03 09:05:00,690,690,690,690,0
2022-03-03 09:06:00,690,690,690,690,0
2022-03-03 09:07:00,690,690,690,690,0
2022-03-03 09:08:00,690,690,690,690,0
2022-03-03 09:09:00,690,690,690,690,0
2022-03-03 09:10:00,690,690,690,690,0
2022-03-03 09:11:00,690,690,690,690,0
2022-03-03 09:12:00,690,690,690,690,0
2022-03-03 09:13:00,690,690,690,690,0
2022-03-03 09:14:00,690,690,690,690,0
2022-03-03 09:15:00,690,690,690,690,0
2022-03-03 09:16:00,690,690,690,690,0
2022-03-03 09:17:00,690,690,690,690,0
2022-03-03 09:18:00,690,690,690,690,0
2022-03-03 09:19:00,690,690,690,690,0
2022-03-03 09:20:00,690,690,690,690,0
2022-03-03 09:21:00,690,690,690,690,0
2022-03-03 09:22:00,690,690,690,690,0
2022-03-03 09:23:00,690,690,690,690,0
2022-03-03 09:24:00,690,690,690,690,0
2022-03-03 09:25:00,690,690,690,690,0
2022-03-03 09:26:00,690,690,690,690,0
2022-03-03 09:27:00,690,690,690,690,0
2022-03-03 09:28:00,690,690,690,690,0
2022-03-03 09:29:00,690,690,690,690,0
2022-03-03 09:30:00,690,690,690,690,0
2022-03-03 09:31:00,690,690,690,690,0
2022-03-03 09:32:00,690,690,690,690,0
2022-03-03 09:33:00,690,690,690,690,0
2022-03-03 09:34:00,690,690,690,690,0
2022-03-03 09:35:00,690,690,690,690,0
2022-03-03 09:36:00,690,690,690,690,0
2022-03-03 09:37:00,690,690,690,690,0
2022-03-03 09:38:00,690,690,690,690,0
2022-03-03 09:39:00,690,690,690,690,0
2022-03-03 09:40:00,690,690,690,690,0
2022-03-03 09:41:00,690,690,690,690,0
2022-03-03 09:42:00,690,690,690,690,0
2022-03-03 09:43:00,690,690,690,690,0
2022-03-03 09:44:00,690,690,690,690,0
2022-03-03 09:45:00,690,690,690,690,0
2022-03-03 09:46:00,690,690,690,690,0
2022-03-03 09:47:00,690,690,690,690,0
2022-03-03 09:48:00,690,690,690,690,0
2022-03-03 09:49:00,690,690,690,690,0
2022-03-03 09:50:00,690,690,690,690,0
2022-03-03 09:51:00,690,690,690,690,0
2022-03-03 09:52:00,690,690,690,690,0
2022-03-03 09:53:00,690,690,690,690,0
2022-03-03 09:54:00,690,690,690,690,0
2022-03-03 09:55:00,690,690,690,690,0
2022-03-03 09:56:00,690,690,690,690,0
2022-03-03 09:57:00,690,690,690,690,0
2022-03-03 09:58:00,690,690,690,690,0
2022-03-03 09:59:00,690,690,690,690,0
2022-03-03 10:00:00,690,690,690,690,0
2022-03-03 10:01:00,690,690,690,690,0
2022-03-03 10:02:00,690,690,690,690,0
2022-03-03 10:03:00,690,690,690,690,0
2022-03-03 10:04:00,690,690,690,690,0
2022-03-03 10:05:00,690,690,690,690,0
2022-03-03 10:06:00,690,690,690,690,0
2022-03-03 10:07:00,690,690,690,690,0
2022-03-03 10:08:00,690,690,690,690,0
2022-03-03 10:09:00,690,690,690,690,0
2022-03-03 10:10:00,690,690,690,690,0
2022-03-03 10:11:00,690,690,690,690,0
2022-03-03 10:12:00,690,690,690,690,0
2022-03-03 10:13:00,690,690,690,690,0
2022-03-03 10:14:00,690,690,690,690,0
2022-03-03 10:15:00,690,690,690,690,0
2022-03-03 10:16:00,690,690,690,690,0
2022-03-03 10:17:00,690,690,690,690,0
2022-03-03 10:18:00,690,690,690,690,0
2022-03-03 10:19:00,690,690,690,690,0
2022-03-03 10:20:00,690,690,690,690,0
2022-03-03 10:21:00,690,690,690,690,0
2022-03-03 10:22:00,690,690,690,690,0
2022-03-03 10:23:00,690,690,690,690,0
2022-03-03 10:24:00,690,690,690,690,0
2022-03-03 10:25:00,690,690,690,690,0
2022-03-03 10:26:00,690,690,690,690,0
2022-03-03 10:27:00,690,690,690,690,0
2022-03-03 10:28:00,690,690,690,690,0
2022-03-03 10:29:00,690,690,690,690,0
2022-03-03 10:30:00,690,690,690,690,0
2022-03-03 10:31:00,690,690,690,690,0
2022-03-03 10:32:00,690,690,690,690,0
2022-03-03 10:33:00,690,690,690,690,0
2022-03-03 10:34:00,690,690,690,690,0
2022-03-03 10:35:00,690,690,690,690,0
2022-03-03 10:36:00,690,690,690,690,0
2022-03-03 10:37:00,690,690,690,690,0
2022-03-03 10:38:00,690,690,690,690,0
2022-03-03 10:39:00,690,690,690,690,0
2022-03-03 10:40:00,690,690,690,690,0
2022-03-03 10:41:00,690,690,690,690,0
2022-03-03 10:42:00,690,690,690,690,0
2022-03-03 10:43:00,690,690,690,690,0
2022-03-03 10:44:00,690,690,690,690,0
2022-03-03 10:45:00,690,690,690,690,0
2022-03-03 10:46:00,690,690,690,690,0
2022-03-03 10:47:00,690,690,690,690,0
2022-03-03 10:48:00,690,690,690,690,0
2022-03-03 10:49:00,690,690,690,690,0
2022-03-03 10:50:00,690,690,690,690,0
2022-03-03 10:51:00,690,690,690,690,0
2022-03-03 10:52:00,690,690,690,690,0
2022-03-03 10:53:00,690,690,690,690,0
2022-03-03 10:54:00,690,690,690,690,0
2022-03-03 10:55:00,690,690,690,690,0
2022-03-03 10:56:00,690,690,690,690,0
2022-03-03 10:57:00,690,690,690,690,0
2022-03-03 10:58:00,690,690,690,690,0
2022-03-03 10:59:00,690,690,690,690,0
2022-03-03 11:00:00,690,690,690,690,0
2022-03-03 11:01:00,690,690,690,690,0
2022-03-03 11:02:00,690,690,690,690,0
2022-03-03 11:03:00,690,690,690,690,0
2022-03-03 11:04:00,690,690,690,690,0
2022-03-03 11:05:00,690,690,690,690,0
2022-03-03 11:06:00,690,690,690,690,0
2022-03-03 11:07:00,690,690,690,690,0
2022-03-03 11:08:00,690,690,690,690,0
2022-03-03 11:09:00,690,690,690,690,0
2022-03-03 11:10:00,690,690,690,690,0
2022-03-03 11:11:00,690,690,690,690,0
2022-03-03 11:12:00,690,690,690,690,0
2022-03-03 11:13:00,690,690,690,690,0
2022-03-03 11:14:00,690,690,690,690,0
2022-03-03 11:15:00,690,690,690,690,0
2022-03-03 11:16:00,690,690,690,690,0
2022-03-03 11:17:00,690,690,690,690,0
2022-03-03 11:18:00,690,690,690,690,0
2022-03-03 11:19:00,690,690,690,690,0
2022-03-03 11:20:00,690,690,690,690,0
2022-03-03 11:21:00,690,690,690,690,0
2022-03-03 11:22:00,690,690,690,690,0
2022-03-03 11:23:00,690,690,690,690,0
2022-03-03 11:24:00,690,690,690,690,0
2022-03-03 11:25:00,690,690,690,690,0
2022-03-03 11:26:00,690,690,690,690,0
2022-03-03 11:27:00,690,690,690,690,0
2022-03-03 11:28:00,690,690,690,690,0
2022-03-03 11:29:00,690,690,690,690,0
2022-03-03 11:30:00,690,690,690,690,0
2022-03-03 11:31:00,690,690,690,690,0
2022-03-03 11:32:00,690,690,690,690,0
2022-03-03 11:33:00,690,690,690,690,0
2022-03-03 11:34:00,690,690,690,690,0
2022-03-03 11:35:00,690,690,690,690,0
2022-03-03 11:36:00,690,690,690,690,0
2022-03-03 11:37:00,690,690,690,690,0
2022-03-03 11:38:00,690,690,690,690,0
2022-03-03 11:39:00,690,690,690,690,0
2022-03-03 11:40:00,690,690,690,690,0
2022-03-03 11:41:00,690,690,690,690,0
2022-03-03 11:42:00,690,690,690,690,0
2022-03-03 11:43:00,690,690,690,690,0
2022-03-03 11:44:00,690,690,690,690,0
2022-03-03 11:45:00,690,690,690,690,0
2022-03-03 11:46:00,690,690,690,690,0
2022-03-03 11:47:00,690,690,690,690,0
2022-03-03 11:48:00,690,690,690,690,0
2022-03-03 11:49:00,690,690,690,690,0
2022-03-03 11:50:00,690,690,690,690,0
2022-03-03 11:51:00,690,690,690,690,0
2022-03-03 11:52:00,690,690,690,690,0
2022-03-03 11:53:00,690,690,690,690,0
2022-03-03 11:54:00,690,690,690,690,0
2022-03-03 11:55:00,690,690,690,690,0
2022-03-03 11:56:00,690,690,690,690,0
2022-03-03 11:57:00,690,690,690,690,0
2022-03-03 11:58:00,690,690,690,690,0
2022-03-03 11:59:00,690,690,690,690,0
2022-03-03 12:00:00,690,690,690,690,0
2022-03-03 12:01:00,690,690,690,690,0
2022-03-03 12:02:00,690,690,690,690,0
2022-03-03 12:03:00,690,690,690,690,0
2022-03-03 12:04:00,690,690,690,690,0
2022-03-03 12:05:00,690,690,690,690,0
2022-03-03 12:06:00,690,690,690,690,0
2022-03-03 12:07:00,690,690,690,690,0
2022-03-03 12:08:00,690,690,690,690,0
2022-03-03 12:09:00,690,690,690,690,0
2022-03-03 12:10:00,690,690,690,690,0
2022-03-03 12:11:00,690,690,690,690,0
2022-03-03 12:12:00,690,690,690,690,0
2022-03-03 12:13:00,690,690,690,690,0
2022-03-03 12:14:00,690,690,690,690,0
2022-03-03 12:15:00,690,690,690,690,0
2022-03-03 12:16:00,690,690,690,690,0
2022-03-03 12:17:00,690,690,690,690,0
2022-03-03 12:18:00,690,690,690,690,0
2022-03-03 12:19:00,690,690,690,690,0
2022-03-03 12:20:00,690,690,690,690,0
2022-03-03 12:21:00,690,690,690,690,0
2022-03-03 12:22:00,690,690,690,690,0
2022-03-03 12:23:00,690,690,690,690,0
2022-03-03 12:24:00,690,690,690,690,0
2022-03-03 12:25:00,690,690,690,690,0
2022-03-03 12:26:00,690,690,690,690,0
2022-03-03 12:27:00,690,690,690,690,0
2022-03-03 12:28:00,690,690,690,690,0
2022-03-03 12:29:00,690,690,690,690,0
2022-03-03 12:30:00,690,690,690,690,0
2022-03-03 12:31:00,690,690,690,690,0
2022-03-03 12:32:00,690,690,690,690,0
2022-03-03 12:33:00,690,690,690,690,0
2022-03-03 12:34:00,690,690,690,690,0
2022-03-03 12:35:00,690,690,690,690,0
2022-03-03 12:36:00,690,690,690,690,0
2022-03-03 12:37:00,690,690,690,690,0
2022-03-03 12:38:00,690,690,690,690,0
2022-03-03 12:39:00,690,690,690,690,0
2022-03-03 12:40:00,690,690,690,690,0
2022-03-03 12:41:00,690,690,690,690,0
2022-03-03 12:42:00,690,690,690,690,0
2022-03-03 12:43:00,690,690,690,690,0
2022-03-03 12:44:00,690,690,690,690,0
2022-03-03 12:45:00,690,690,690,690,0
2022-03-03 12:46:00,690,690,690,690,0
2022-03-03 12:47:00,690,690,690,690,0
2022-03-03 12:48:00,690,690,690,690,0
2022-03-03 12:49:00,690,690,690,690,0
2022-03-03 12:50:00,690,690,690,690,0
2022-03-03 12:51:00,690,690,690,690,0
2022-03-03 12:52:00,690,690,690,690,0
2022-03-03 12:53:00,690,690,690,690,0
2022-03-03 12:54:00,690,690,690,690,0
2022-03-03 12:55:00,690,690,690,690,0
2022-03-03 12:56:00,690,690,690,690,0
2022-03-03 12:57:00,690,690,690,690,0
2022-03-03 12:58:00,690,690,690,690,0
2022-03-03 12:59:00,690,690,690,690,0
2022-03-03 13:00:00,690,690,690,690,0
2022-03-03 13:01:00,690,690,690,690,0
2022-03-03 13:02:00,690,690,690,690,0
2022-03-03 13:03:00,690,690,690,690,0
2022-03-03 13:04:00,690,690,690,690,0
2022-03-03 13:05:00,690,690,690,690,0
2022-03-03 13:06:00,690,690,690,690,0
2022-03-03 13:07:00,690,690,690,690,0
2022-03-03 13:08:00,690,690,690,690,0
2022-03-03 13:09:00,690,690,690,690,0
2022-03-03 13:10:00,690,690,690,690,0
2022-03-03 13:11:00,690,690,690,690,0
2022-03-03 13:12:00,690,690,690,690,0
2022-03-03 13:13:00,690,690,690,690,0
2022-03-03 13:14:00,690,690,690,690,0
2022-03-03 13:15:00,690,690,690,690,0
2022-03-03 13:16:00,690,690,690,690,0
2022-03-03 13:17:00,690,690,690,690,0
2022-03-03 13:18:00,690,690,690,690,0
2022-03-03 13:19:00,690,690,690,690,0
2022-03-03 13:20:00,690,690,690,690,0
2022-03-03 13:21:00,690,690,690,690,0
2022-03-03 13:22:00,690,690,690,690,0
2022-03-03 13:23:00,690,690,690,690,0
2022-03-03 13:24:00,690,690,690,690,0
2022-03-03 13:25:00,690,690,690,690,0
2022-03-03 13:26:00,690,690,690,690,0
2022-03-03 13:27:00,690,690,690,690,0
2022-03-03 13:28:00,690,690,690,690,0
2022-03-03 13:29:00,690,690,690,690,0
2022-03-03 13:30:00,690,690,690,690,0
2022-03-03 13:31:00,690,690,690,690,0
2022-03-03 13:32:00,690,690,690,690,0
2022-03-03 13:33:00,690,690,690,690,0
2022-03-03 13:34:00,690,690,690,690,0
2022-03-03 13:35:00,690,690,690,690,0
2022-03-03 13:36:00,690,690,690,690,0
2022-03-03 13:37:00,690,690,690,690,0
2022-03-03 13:38:00,690,690,690,690,0
2022-03-03 13:39:00,690,690,690,690,0
2022-03-03 13:40:00,690,690,690,690,0
2022-03-03 13:41:00,690,690,690,690,0
2022-03-03 13:42:00,690,690,690,690,0
2022-03-03 13:43:00,690,690,690,690,0
2022-03-03 13:44:00,690,690,690,690,0
2022-03-03 13:45:00,690,690,690,690,0
2022-03-03 13:46:00,690,690,690,690,0
2022-03-03 13:47:00,690,690,690,690,0
2022-03-03 13:48:00,690,690,690,690,0
2022-03-03 13:49:00,690,690,690,690,0
2022-03-03 13:50:00,690,690,690,690,0
2022-03-03 13:51:00,690,690,690,690,0
2022-03-03 13:52:00,690,690,690,690,0
2022-03-03 13:53:00,690,690,690,690,0
2022-03-03 13:54:00,690,690,690,690,0
2022-03-03 13:55:00,690,690,690,690,0
2022-03-03 13:56:00,690,690,690,690,0
2022-03-03 13:57:00,690,690,690,690,0
2022-03-03 13:58:00,690,690,690,690,0
2022-03-03 13:59:00,690,690,690,690,0
2022-03-03 14:00:00,690,690,690,690,0
2022-03-03 14:01:00,690,690,690,690,0
2022-03-03 14:02:00,690,690,690,690,0
2022-03-03 14:03:00,690,690,690,690,0
2022-03-03 14:04:00,690,690,690,690,0
2022-03-03 14:05:00,690,690,690,690,0
2022-03-03 14:06:00,690,690,690,690,0
2022-03-03 14:07:00,690,690,690,690,0
2022-03-03 14:08:00,690,690,690,690,0
2022-03-03 14:09:00,690,690,690,690,0
2022-03-03 14:10:00,690,690,690,690,0
2022-03-03 14:11:00,690,690,690,690,0
2022-03-03 14:12:00,690,690,690,690,0
2022-03-03 14:13:00,690,690,690,690,0
2022-03-03 14:14:00,690,690,690,690,0
2022-03-03 14:15:00,690,690,690,690,0
2022-03-03 14:16:00,690,690,690,690,0
2022-03-03 14:17:00,690,690,690,690,0
2022-03-03 14:18:00,690,690,690,690,0
2022-03-03 14:19:00,690,690,690,690,0
2022-03-03 14:20:00,690,690,690,690,0
2022-03-03 14:21:00,690,690,690,690,0
2022-03-03 14:22:00,690,690,690,690,0
2022-03-03 14:23:00,690,690,690,690,0
2022-03-03 14:24:00,690,690,690,690,0
2022-03-03 14:25:00,690,690,690,690,0
2022-03-03 14:26:00,690,690,690,690,0
2022-03-03 14:27:00,690,690,690,690,0
2022-03-03 14:28:00,690,690,690,690,0
2022-03-03 14:29:00,690,690,690,690,0
2022-03-03 14:30:00,690,690,690,690,0
2022-03-03 14:31:00,690,690,690,690,0
2022-03-03 14:32:00,690,690,690,690,0
2022-03-03 14:33:00,690,690,690,690,0
2022-03-03 14:34:00,690,690,690,690,0
2022-03-03 14:35:00,690,690,690,690,0
2022-03-03 14:36:00,690,690,690,690,0
2022-03-03 14:37:00,690,690,690,690,0
2022-03-03 14:38:00,690,690,690,690,0
2022-03-03 14:39:00,690,690,690,690,0
2022-03-03 14:40:00,690,690,690,690,0
2022-03-03 14:41:00,690,690,690,690,0
2022-03-03 14:42:00,690,690,690,690,0
2022-03-03 14:43:00,690,690,690,690,0
2022-03-03 14:44:00,690,690,690,690,0
2022-03-03 14:45:00,690,690,690,690,0
2022-03-03 14:46:00,690,690,690,690,0
2022-03-03 14:47:00,690,690,690,690,0
2022-03-03 14:48:00,690,690,690,690,0
2022-03-03 14:49:00,690,690,690,690,0
2022-03-03 14:50:00,690,690,690,690,0
2022-03-03 14:51:00,690,690,690,690,0
2022-03-03 14:52:00,690,690,690,690,0
2022-03-03 14:53:00,690,690,690,690,0
2022-03-03 14:54:00,690,690,690,690,0
2022-03-03 14:55:00,690,690,690,690,0
2022-03-03 14:56:00,690,690,690,690,0
2022-03-03 14:57:00,690,690,690,690,0
2022-03-03 14:58:00,690,690,690,690,0
2022-03-03 14:59:00,690,690,690,690,0
2022-03-03 15:00:00,690,690,690,690,0
2022-03-03 15:01:00,690,690,690,690,0
2022-03-03 15:02:00,690,690,690,690,0
2022-03-03 15:03:00,690,690,690,690,0
2022-03-03 15:04:00,690,690,690,690,0
2022-03-03 15:05:00,690,690,690,690,0
2022-03-03 15:06:00,690,690,690,690,0
2022-03-03 15:07:00,690,690,690,690,0
2022-03-03 15:08:00,690,690,690,690,0
2022-03-03 15:09:00,690,690,690,690,0
2022-03-03 15:10:00,690,690,690,690,0
2022-03-03 15:11:00,690,690,690,690,0
2022-03-03 15:12:00,690,690,690,690,0
2022-03-03 15:13:00,690,690,690,690,0
2022-03-03 15:14:00,690,690,690,690,0
2022-03-03 15:15:00,690,690,690,690,0
2022-03-03 15:16:00,690,690,690,690,0
2022-03-03 15:17:00,690,690,690,690,0
2022-03-03 15:18:00,690,690,690,690,0
2022-03-03 15:19:00,690,690,690,690,0
2022-03-03 15:20:00,690,690,690,690,0
2022-03-03 15:21:00,690,690,690,690,0
2022-03-03 15:22:00,690,690,690,690,0
2022-03-03 15:23:00,690,690,690,690,0
2022-03-03 15:24:00,690,690,690,690,0
2022-03-03 15:25:00,690,690,690,690,0
2022-03-03 15:26:00,690,690,690,690,0
2022-03-03 15:27:00,690,690,690,690,0
2022-03-03 15:28:00,690,690,690,690,0
2022-03-03 15:29:00,690,690,690,690,0
2022-03-03 15:30:00,690,690,690,690,0
2022-03-03 15:31:00,690,690,690,690,0
2022-03-03 15:32:00,690,690,690,690,0
2022-03-03 15:33:00,690,690,690,690,0
2022-03-03 15:34:00,690,690,690,690,0
2022-03-03 15:35:00,690,690,690,690,0
2022-03-03 15:36:00,690,690,690,690,0
2022-03-03 15:37:00,690,690,690,690,0
2022-03-03 15:38:00,690,690,690,690,0
2022-03-03 15:39:00,690,690,690,690,0
2022-03-03 15:40:00,690,690,690,690,0
2022-03-03 15:41:00,690,690,690,690,0
2022-03-03 15:42:00,690,690,690,690,0
2022-03-03 15:43:00,690,690,690,690,0
2022-03-03 15:44:00,690,690,690,690,0
2022-03-03 15:45:00,690,690,690,690,0
2022-03-03 15:46:00,690,690,690,690,0
2022-03-03 15:47:00,690,690,690,690,0
2022-03-03 15:48:00,690,690,690,690,0
2022-03-03 15:49:00,690,690,690,690,0
2022-03-03 15:50:00,690,690,690,690,0
2022-03-03 15:51:00,690,690,690,690,0
2022-03-03 15:52:00,690,690,690,690,0
2022-03-03 15:53:00,690,690,690,690,0
2022-03-03 15:54:00,690,690,690,690,0
2022-03-03 15:55:00,690,690,690,690,0
2022-03-03 15:56:00,690,690,690,690,0
2022-03-03 15:57:00,690,690,690,690,0
2022-03-03 15:58:00,690,690,690,690,0
2022-03-03 15:59:00,690,690,690,690,0
2022-03-04 09:00:00,690,690,690,690,0
2022-03-04 09:01:00,690,690,690,690,0
2022-03-04 09:02:00,690,690,690,690,0
2022-03-04 09:03:00,690,690,690,690,0
2022-03-04 09:04:00,690,690,690,690,0
2022-03-04 09:05:00,690,690,690,690,2000
2022-03-04 09:06:00,690,690,690,690,0
2022-03-04 09:07:00,685,685,685,685,700
2022-03-04 09:08:00,685,685,685,685,0
2022-03-04 09:09:00,685,685,685,685,0
2022-03-04 09:10:00,685,685,685,685,0
2022-03-04 09:11:00,680,680,685,680,400
2022-03-04 09:12:00,685,685,685,685,200
2022-03-04 09:13:00,685,685,685,685,0
2022-03-04 09:14:00,685,685,685,685,0
2022-03-04 09:15:00,685,685,685,685,0
2022-03-04 09:16:00,685,685,685,685,3500
2022-03-04 09:17:00,685,685,685,685,0
2022-03-04 09:18:00,685,685,685,685,2300
2022-03-04 09:19:00,685,685,685,685,200
2022-03-04 09:20:00,685,685,685,685,0
2022-03-04 09:21:00,685,685,685,685,0
2022-03-04 09:22:00,685,685,685,685,0
2022-03-04 09:23:00,685,685,685,685,0
2022-03-04 09:24:00,685,685,685,685,0
2022-03-04 09:25:00,685,685,685,685,300
2022-03-04 09:26:00,685,685,685,685,0
2022-03-04 09:27:00,685,685,685,685,200
2022-03-04 09:28:00,685,685,685,685,200
2022-03-04 09:29:00,685,685,685,685,0
2022-03-04 09:30:00,685,685,685,685,0
2022-03-04 09:31:00,685,685,685,685,5500
2022-03-04 09:32:00,685,685,685,685,0
2022-03-04 09:33:00,685,685,685,685,100
2022-03-04 09:34:00,680,680,680,680,15400
2022-03-04 09:35:00,680,680,680,680,0
2022-03-04 09:36:00,680,680,680,680,6000
2022-03-04 09:37:00,680,680,680,680,0
2022-03-04 09:38:00,675,675,680,680,1300
2022-03-04 09:39:00,675,675,680,680,0
2022-03-04 09:40:00,675,675,680,680,0
2022-03-04 09:41:00,675,675,680,680,0
2022-03-04 09:42:00,675,675,680,680,0
2022-03-04 09:43:00,675,675,680,680,0
2022-03-04 09:44:00,675,675,680,680,0
2022-03-04 09:45:00,675,675,680,680,10400
2022-03-04 09:46:00,675,675,680,680,0
2022-03-04 09:47:00,680,680,680,680,2000
2022-03-04 09:48:00,680,680,680,680,200
2022-03-04 09:49:00,680,680,680,680,0
2022-03-04 09:50:00,680,680,680,680,0
2022-03-04 09:51:00,680,680,680,680,0
2022-03-04 09:52:00,680,680,680,680,0
2022-03-04 09:53:00,680,680,680,680,0
2022-03-04 09:54:00,680,680,680,680,0
2022-03-04 09:55:00,680,680,680,680,200
2022-03-04 09:56:00,680,680,680,680,0
2022-03-04 09:57:00,680,680,680,680,0
2022-03-04 09:58:00,680,680,680,680,0
2022-03-04 09:59:00,680,680,680,680,0
2022-03-04 10:00:00,680,680,680,680,0
2022-03-04 10:01:00,680,680,680,680,200
2022-03-04 10:02:00,680,680,680,680,11900
2022-03-04 10:03:00,680,680,680,680,200
2022-03-04 10:04:00,680,680,680,680,0
2022-03-04 10:05:00,680,680,680,680,300
2022-03-04 10:06:00,680,680,680,680,0
2022-03-04 10:07:00,680,680,680,680,200
2022-03-04 10:08:00,680,680,680,680,0
2022-03-04 10:09:00,680,680,680,680,0
2022-03-04 10:10:00,680,680,680,680,0
2022-03-04 10:11:00,680,675,680,675,6000
2022-03-04 10:12:00,675,675,675,675,10000
2022-03-04 10:13:00,670,670,670,670,500
2022-03-04 10:14:00,675,675,675,675,200
2022-03-04 10:15:00,675,675,675,675,0
2022-03-04 10:16:00,675,675,675,675,0
2022-03-04 10:17:00,675,675,675,675,0
2022-03-04 10:18:00,675,675,675,675,0
2022-03-04 10:19:00,675,675,675,675,0
2022-03-04 10:20:00,675,675,680,680,90300
2022-03-04 10:21:00,680,680,680,680,2700
2022-03-04 10:22:00,680,680,680,680,200
2022-03-04 10:23:00,680,680,680,680,200
2022-03-04 10:24:00,680,680,680,680,200
2022-03-04 10:25:00,680,680,680,680,0
2022-03-04 10:26:00,680,680,680,680,200
2022-03-04 10:27:00,680,680,680,680,0
2022-03-04 10:28:00,680,680,680,680,200
2022-03-04 10:29:00,680,680,680,680,0
2022-03-04 10:30:00,680,680,680,680,200
2022-03-04 10:31:00,680,680,680,680,0
2022-03-04 10:32:00,675,675,680,680,400
2022-03-04 10:33:00,675,675,680,680,0
2022-03-04 10:34:00,680,680,680,680,400
2022-03-04 10:35:00,680,680,680,680,0
2022-03-04 10:36:00,680,680,680,680,0
2022-03-04 10:37:00,680,680,680,680,300
2022-03-04 10:38:00,680,680,680,680,300
2022-03-04 10:39:00,680,680,680,680,0
2022-03-04 10:40:00,680,680,680,680,300
2022-03-04 10:41:00,680,680,680,680,300
2022-03-04 10:42:00,680,680,680,680,200
2022-03-04 10:43:00,675,675,675,675,1400
2022-03-04 10:44:00,675,675,675,675,0
2022-03-04 10:45:00,675,675,675,675,0
2022-03-04 10:46:00,680,680,680,680,400
2022-03-04 10:47:00,680,680,680,680,0
2022-03-04 10:48:00,680,670,680,670,161000
2022-03-04 10:49:00,680,670,680,670,0
2022-03-04 10:50:00,670,670,680,680,14500
2022-03-04 10:51:00,670,670,680,680,0
2022-03-04 10:52:00,680,680,680,680,8000
2022-03-04 10:53:00,680,680,680,680,0
2022-03-04 10:54:00,680,680,680,680,0
2022-03-04 10:55:00,680,680,680,680,200
2022-03-04 10:56:00,680,680,680,680,0
2022-03-04 10:57:00,680,680,680,680,300
2022-03-04 10:58:00,675,675,680,680,300
2022-03-04 10:59:00,675,675,680,680,0
2022-03-04 11:00:00,680,680,680,680,200
2022-03-04 11:01:00,680,680,680,680,0
2022-03-04 11:02:00,680,680,680,680,300
2022-03-04 11:03:00,680,680,680,680,0
2022-03-04 11:04:00,680,680,680,680,200
2022-03-04 11:05:00,680,680,680,680,200
2022-03-04 11:06:00,680,680,680,680,0
2022-03-04 11:07:00,680,680,680,680,0
2022-03-04 11:08:00,680,680,680,680,0
2022-03-04 11:09:00,675,675,680,680,700
2022-03-04 11:10:00,680,680,680,680,200
2022-03-04 11:11:00,680,680,680,680,0
2022-03-04 11:12:00,680,680,680,680,300
2022-03-04 11:13:00,680,680,680,680,200
2022-03-04 11:14:00,680,680,680,680,200
2022-03-04 11:15:00,680,680,680,680,0
2022-03-04 11:16:00,680,680,680,680,0
2022-03-04 11:17:00,680,680,680,680,200
2022-03-04 11:18:00,680,680,680,680,0
2022-03-04 11:19:00,680,680,680,680,300
2022-03-04 11:20:00,680,680,680,680,0
2022-03-04 11:21:00,680,680,680,680,200
2022-03-04 11:22:00,680,680,680,680,0
2022-03-04 11:23:00,680,680,680,680,500
2022-03-04 11:24:00,680,680,680,680,2300
2022-03-04 11:25:00,680,680,680,680,200
2022-03-04 11:26:00,680,680,680,680,0
2022-03-04 11:27:00,680,680,680,680,200
2022-03-04 11:28:00,680,680,680,680,500
2022-03-04 11:29:00,680,680,680,680,600
2022-03-04 11:30:00,680,680,680,680,0
2022-03-04 11:31:00,680,680,680,680,0
2022-03-04 11:32:00,680,680,680,680,0
2022-03-04 11:33:00,680,680,680,680,0
2022-03-04 11:34:00,680,680,680,680,0
2022-03-04 11:35:00,680,680,680,680,0
2022-03-04 11:36:00,680,680,680,680,0
2022-03-04 11:37:00,680,680,680,680,0
2022-03-04 11:38:00,680,680,680,680,0
2022-03-04 11:39:00,680,680,680,680,0
2022-03-04 11:40:00,680,680,680,680,0
2022-03-04 11:41:00,680,680,680,680,0
2022-03-04 11:42:00,680,680,680,680,0
2022-03-04 11:43:00,680,680,680,680,0
2022-03-04 11:44:00,680,680,680,680,0
2022-03-04 11:45:00,680,680,680,680,0
2022-03-04 11:46:00,680,680,680,680,0
2022-03-04 11:47:00,680,680,680,680,0
2022-03-04 11:48:00,680,680,680,680,0
2022-03-04 11:49:00,680,680,680,680,0
2022-03-04 11:50:00,680,680,680,680,0
2022-03-04 11:51:00,680,680,680,680,0
2022-03-04 11:52:00,680,680,680,680,0
2022-03-04 11:53:00,680,680,680,680,0
2022-03-04 11:54:00,680,680,680,680,0
2022-03-04 11:55:00,680,680,680,680,0
2022-03-04 11:56:00,680,680,680,680,0
2022-03-04 11:57:00,680,680,680,680,0
2022-03-04 11:58:00,680,680,680,680,0
2022-03-04 11:59:00,680,680,680,680,0
2022-03-04 12:00:00,680,680,680,680,0
2022-03-04 12:01:00,680,680,680,680,0
2022-03-04 12:02:00,680,680,680,680,0
2022-03-04 12:03:00,680,680,680,680,0
2022-03-04 12:04:00,680,680,680,680,0
2022-03-04 12:05:00,680,680,680,680,0
2022-03-04 12:06:00,680,680,680,680,0
2022-03-04 12:07:00,680,680,680,680,0
2022-03-04 12:08:00,680,680,680,680,0
2022-03-04 12:09:00,680,680,680,680,0
2022-03-04 12:10:00,680,680,680,680,0
2022-03-04 12:11:00,680,680,680,680,0
2022-03-04 12:12:00,680,680,680,680,0
2022-03-04 12:13:00,680,680,680,680,0
2022-03-04 12:14:00,680,680,680,680,0
2022-03-04 12:15:00,680,680,680,680,0
2022-03-04 12:16:00,680,680,680,680,0
2022-03-04 12:17:00,680,680,680,680,0
2022-03-04 12:18:00,680,680,680,680,0
2022-03-04 12:19:00,680,680,680,680,0
2022-03-04 12:20:00,680,680,680,680,0
2022-03-04 12:21:00,680,680,680,680,0
2022-03-04 12:22:00,680,680,680,680,0
2022-03-04 12:23:00,680,680,680,680,0
2022-03-04 12:24:00,680,680,680,680,0
2022-03-04 12:25:00,680,680,680,680,0
2022-03-04 12:26:00,680,680,680,680,0
2022-03-04 12:27:00,680,680,680,680,0
2022-03-04 12:28:00,680,680,680,680,0
2022-03-04 12:29:00,680,680,680,680,0
2022-03-04 12:30:00,680,680,680,680,0
2022-03-04 12:31:00,680,680,680,680,0
2022-03-04 12:32:00,680,680,680,680,0
2022-03-04 12:33:00,680,680,680,680,0
2022-03-04 12:34:00,680,680,680,680,0
2022-03-04 12:35:00,680,680,680,680,0
2022-03-04 12:36:00,680,680,680,680,0
2022-03-04 12:37:00,680,680,680,680,0
2022-03-04 12:38:00,680,680,680,680,0
2022-03-04 12:39:00,680,680,680,680,0
2022-03-04 12:40:00,680,680,680,680,0
2022-03-04 12:41:00,680,680,680,680,0
2022-03-04 12:42:00,680,680,680,680,0
2022-03-04 12:43:00,680,680,680,680,0
2022-03-04 12:44:00,680,680,680,680,0
2022-03-04 12:45:00,680,680,680,680,0
2022-03-04 12:46:00,680,680,680,680,0
2022-03-04 12:47:00,680,680,680,680,0
2022-03-04 12:48:00,680,680,680,680,0
2022-03-04 12:49:00,680,680,680,680,0
2022-03-04 12:50:00,680,680,680,680,0
2022-03-04 12:51:00,680,680,680,680,0
2022-03-04 12:52:00,680,680,680,680,0
2022-03-04 12:53:00,680,680,680,680,0
2022-03-04 12:54:00,680,680,680,680,0
2022-03-04 12:55:00,680,680,680,680,0
2022-03-04 12:56:00,680,680,680,680,0
2022-03-04 12:57:00,680,680,680,680,0
2022-03-04 12:58:00,680,680,680,680,0
2022-03-04 12:59:00,680,680,680,680,0
2022-03-04 13:00:00,680,680,680,680,0
2022-03-04 13:01:00,680,680,680,680,0
2022-03-04 13:02:00,680,680,680,680,0
2022-03-04 13:03:00,680,680,680,680,0
2022-03-04 13:04:00,680,680,680,680,0
2022-03-04 13:05:00,680,680,680,680,0
2022-03-04 13:06:00,680,680,680,680,0
2022-03-04 13:07:00,680,680,680,680,0
2022-03-04 13:08:00,680,680,680,680,0
2022-03-04 13:09:00,680,680,680,680,0
2022-03-04 13:10:00,680,680,680,680,0
2022-03-04 13:11:00,680,680,680,680,0
2022-03-04 13:12:00,680,680,680,680,0
2022-03-04 13:13:00,680,680,680,680,0
2022-03-04 13:14:00,680,680,680,680,0
2022-03-04 13:15:00,680,680,680,680,0
2022-03-04 13:16:00,680,680,680,680,0
2022-03-04 13:17:00,680,680,680,680,0
2022-03-04 13:18:00,680,680,680,680,0
2022-03-04 13:19:00,680,680,680,680,0
2022-03-04 13:20:00,680,680,680,680,0
2022-03-04 13:21:00,680,680,680,680,0
2022-03-04 13:22:00,680,680,680,680,0
2022-03-04 13:23:00,680,680,680,680,0
2022-03-04 13:24:00,680,680,680,680,0
2022-03-04 13:25:00,680,680,680,680,0
2022-03-04 13:26:00,680,680,680,680,0
2022-03-04 13:27:00,680,680,680,680,0
2022-03-04 13:28:00,680,680,680,680,0
2022-03-04 13:29:00,680,680,680,680,0
2022-03-04 13:30:00,680,675,680,680,600
2022-03-04 13:31:00,680,675,680,680,0
2022-03-04 13:32:00,680,680,680,680,200
2022-03-04 13:33:00,680,680,680,680,300
2022-03-04 13:34:00,680,680,680,680,0
2022-03-04 13:35:00,680,680,680,680,300
2022-03-04 13:36:00,680,680,680,680,0
2022-03-04 13:37:00,680,680,680,680,0
2022-03-04 13:38:00,680,680,680,680,1300
2022-03-04 13:39:00,680,680,680,680,0
2022-03-04 13:40:00,680,680,680,680,200
2022-03-04 13:41:00,680,680,680,680,200
2022-03-04 13:42:00,675,675,675,675,10000
2022-03-04 13:43:00,675,670,675,670,10200
2022-03-04 13:44:00,675,675,675,675,300
2022-03-04 13:45:00,675,675,675,675,0
2022-03-04 13:46:00,675,675,675,675,0
2022-03-04 13:47:00,675,675,675,675,0
2022-03-04 13:48:00,675,675,675,675,0
2022-03-04 13:49:00,675,675,675,675,200
2022-03-04 13:50:00,675,675,675,675,0
2022-03-04 13:51:00,675,675,675,675,0
2022-03-04 13:52:00,675,675,680,680,10200
2022-03-04 13:53:00,675,675,680,680,0
2022-03-04 13:54:00,675,675,680,680,0
2022-03-04 13:55:00,675,675,675,675,300
2022-03-04 13:56:00,670,670,670,670,10000
2022-03-04 13:57:00,670,670,670,670,600
2022-03-04 13:58:00,670,670,675,675,9700
2022-03-04 13:59:00,670,670,675,675,0
2022-03-04 14:00:00,675,675,675,675,300
2022-03-04 14:01:00,675,675,675,675,0
2022-03-04 14:02:00,675,675,675,675,200
2022-03-04 14:03:00,675,675,675,675,0
2022-03-04 14:04:00,675,675,675,675,0
2022-03-04 14:05:00,675,675,675,675,0
2022-03-04 14:06:00,675,675,675,675,300
2022-03-04 14:07:00,675,675,675,675,0
2022-03-04 14:08:00,675,675,675,675,200
2022-03-04 14:09:00,675,675,675,675,0
2022-03-04 14:10:00,675,675,675,675,100
2022-03-04 14:11:00,675,675,675,675,300
2022-03-04 14:12:00,675,675,675,675,200
2022-03-04 14:13:00,675,675,675,675,500
2022-03-04 14:14:00,675,675,675,675,0
2022-03-04 14:15:00,675,675,675,675,300
2022-03-04 14:16:00,675,675,675,675,0
2022-03-04 14:17:00,675,675,675,675,200
2022-03-04 14:18:00,675,675,675,675,200
2022-03-04 14:19:00,675,675,675,675,0
2022-03-04 14:20:00,675,675,675,675,200
2022-03-04 14:21:00,675,675,675,675,0
2022-03-04 14:22:00,675,675,675,675,200
2022-03-04 14:23:00,670,670,670,670,6300
2022-03-04 14:24:00,675,670,675,670,600
2022-03-04 14:25:00,675,675,675,675,300
2022-03-04 14:26:00,675,675,675,675,0
2022-03-04 14:27:00,675,675,675,675,200
2022-03-04 14:28:00,675,675,675,675,0
2022-03-04 14:29:00,675,675,675,675,200
2022-03-04 14:30:00,675,675,675,675,0
2022-03-04 14:31:00,675,675,685,685,70000
2022-03-04 14:32:00,675,675,675,675,300
2022-03-04 14:33:00,675,675,685,685,1100
2022-03-04 14:34:00,675,675,685,685,0
2022-03-04 14:35:00,680,680,680,680,500
2022-03-04 14:36:00,685,685,685,685,100
2022-03-04 14:37:00,680,675,685,685,1200
2022-03-04 14:38:00,680,680,680,680,10700
2022-03-04 14:39:00,680,680,680,680,0
2022-03-04 14:40:00,680,680,680,680,0
2022-03-04 14:41:00,675,660,690,690,160000
2022-03-04 14:42:00,685,685,685,685,10300
2022-03-04 14:43:00,685,685,685,685,0
2022-03-04 14:44:00,685,685,685,685,0
2022-03-04 14:45:00,685,680,690,690,2900
2022-03-04 14:46:00,690,690,690,690,900
2022-03-04 14:47:00,690,680,690,680,2300
2022-03-04 14:48:00,690,670,690,690,7200
2022-03-04 14:49:00,690,690,690,690,200
2022-03-04 14:50:00,690,690,690,690,0
2022-03-04 14:51:00,690,690,690,690,0
2022-03-04 14:52:00,690,690,690,690,0
2022-03-04 14:53:00,690,690,690,690,0
2022-03-04 14:54:00,690,690,690,690,0
2022-03-04 14:55:00,690,690,690,690,0
2022-03-04 14:56:00,690,690,690,690,0
2022-03-04 14:57:00,690,690,690,690,0
2022-03-04 14:58:00,690,690,690,690,0
2022-03-04 14:59:00,690,690,690,690,0
2022-03-04 15:00:00,665,665,665,665,100000
2022-03-04 15:01:00,665,665,665,665,2000
2022-03-04 15:02:00,665,665,665,665,0
2022-03-04 15:03:00,665,665,665,665,4500
2022-03-04 15:04:00,665,665,665,665,0
2022-03-04 15:05:00,665,665,665,665,0
2022-03-04 15:06:00,665,665,665,665,8000
2022-03-04 15:07:00,665,665,665,665,0
2022-03-04 15:08:00,665,665,665,665,0
2022-03-04 15:09:00,665,665,665,665,0
2022-03-04 15:10:00,665,665,665,665,0
2022-03-04 15:11:00,665,665,665,665,0
2022-03-04 15:12:00,665,665,665,665,8300
2022-03-04 15:13:00,665,665,665,665,0
2022-03-04 15:14:00,665,665,665,665,0
2022-03-04 15:15:00,665,665,665,665,0
2022-03-04 15:16:00,665,665,665,665,0
2022-03-04 15:17:00,665,665,665,665,0
2022-03-04 15:18:00,665,665,665,665,0
2022-03-04 15:19:00,665,665,665,665,0
2022-03-04 15:20:00,665,665,665,665,0
2022-03-04 15:21:00,665,665,665,665,0
2022-03-04 15:22:00,665,665,665,665,0
2022-03-04 15:23:00,665,665,665,665,0
2022-03-04 15:24:00,665,665,665,665,0
2022-03-04 15:25:00,665,665,665,665,0
2022-03-04 15:26:00,665,665,665,665,0
2022-03-04 15:27:00,665,665,665,665,0
2022-03-04 15:28:00,665,665,665,665,0
2022-03-04 15:29:00,665,665,665,665,0
2022-03-04 15:30:00,665,665,665,665,0
2022-03-04 15:31:00,665,665,665,665,0
2022-03-04 15:32:00,665,665,665,665,0
2022-03-04 15:33:00,665,665,665,665,0
2022-03-04 15:34:00,665,665,665,665,0
2022-03-04 15:35:00,665,665,665,665,0
2022-03-04 15:36:00,665,665,665,665,0
2022-03-04 15:37:00,665,665,665,665,0
2022-03-04 15:38:00,665,665,665,665,0
2022-03-04 15:39:00,665,665,665,665,0
2022-03-04 15:40:00,665,665,665,665,0
2022-03-04 15:41:00,665,665,665,665,0
2022-03-04 15:42:00,665,665,665,665,0
2022-03-04 15:43:00,665,665,665,665,0
2022-03-04 15:44:00,665,665,665,665,0
2022-03-04 15:45:00,665,665,665,665,0
2022-03-04 15:46:00,665,665,665,665,0
2022-03-04 15:47:00,665,665,665,665,0
2022-03-04 15:48:00,665,665,665,665,0
2022-03-04 15:49:00,665,665,665,665,0
2022-03-04 15:50:00,665,665,665,665,0
2022-03-04 15:51:00,665,665,665,665,0
2022-03-04 15:52:00,665,665,665,665,0
2022-03-04 15:53:00,665,665,665,665,0
2022-03-04 15:54:00,665,665,665,665,0
2022-03-04 15:55:00,665,665,665,665,0
2022-03-04 15:56:00,665,665,665,665,0
2022-03-04 15:57:00,665,665,665,665,0
2022-03-04 15:58:00,665,665,665,665,0
2022-03-04 15:59:00,665,665,665,665,0
2022-03-07 09:00:00,665,665,665,665,0
2022-03-07 09:01:00,665,665,665,665,0
2022-03-07 09:02:00,665,665,675,675,7600
2022-03-07 09:03:00,665,665,675,675,0
2022-03-07 09:04:00,675,675,675,675,300
2022-03-07 09:05:00,675,675,675,675,0
2022-03-07 09:06:00,675,675,675,675,200
2022-03-07 09:07:00,675,675,675,675,0
2022-03-07 09:08:00,675,675,675,675,200
2022-03-07 09:09:00,675,675,675,675,300
2022-03-07 09:10:00,675,675,675,675,0
2022-03-07 09:11:00,670,670,670,670,1200
2022-03-07 09:12:00,670,670,670,670,0
2022-03-07 09:13:00,670,670,670,670,0
2022-03-07 09:14:00,670,670,670,670,9200
2022-03-07 09:15:00,665,665,670,670,300
2022-03-07 09:16:00,665,665,670,670,0
2022-03-07 09:17:00,665,665,670,670,0
2022-03-07 09:18:00,670,670,670,670,700
2022-03-07 09:19:00,670,670,670,670,100
2022-03-07 09:20:00,670,670,670,670,0
2022-03-07 09:21:00,670,670,670,670,200
2022-03-07 09:22:00,670,670,670,670,0
2022-03-07 09:23:00,670,670,670,670,0
2022-03-07 09:24:00,670,670,670,670,0
2022-03-07 09:25:00,670,670,675,675,30300
2022-03-07 09:26:00,675,675,675,675,200
2022-03-07 09:27:00,675,675,675,675,200
2022-03-07 09:28:00,670,665,670,665,1800
2022-03-07 09:29:00,665,665,670,670,1200
2022-03-07 09:30:00,670,670,670,670,300
2022-03-07 09:31:00,670,670,670,670,200
2022-03-07 09:32:00,670,670,670,670,0
2022-03-07 09:33:00,670,670,670,670,3200
2022-03-07 09:34:00,665,665,670,670,1100
2022-03-07 09:35:00,670,670,670,670,400
2022-03-07 09:36:00,670,670,670,670,0
2022-03-07 09:37:00,670,670,670,670,300
2022-03-07 09:38:00,670,670,670,670,0
2022-03-07 09:39:00,670,670,670,670,0
2022-03-07 09:40:00,665,665,665,665,5600
2022-03-07 09:41:00,665,665,665,665,0
2022-03-07 09:42:00,665,665,665,665,0
2022-03-07 09:43:00,660,660,675,675,35000
2022-03-07 09:44:00,660,660,675,675,0
2022-03-07 09:45:00,675,675,675,675,700
2022-03-07 09:46:00,670,665,670,670,1600
2022-03-07 09:47:00,675,675,675,675,200
2022-03-07 09:48:00,670,670,670,670,200
2022-03-07 09:49:00,670,670,670,670,300
2022-03-07 09:50:00,670,670,670,670,0
2022-03-07 09:51:00,670,670,670,670,0
2022-03-07 09:52:00,670,670,670,670,0
2022-03-07 09:53:00,670,670,670,670,0
2022-03-07 09:54:00,665,665,670,670,19900
2022-03-07 09:55:00,665,665,670,670,0
2022-03-07 09:56:00,665,665,670,670,0
2022-03-07 09:57:00,665,665,665,665,100
2022-03-07 09:58:00,670,670,670,670,200
2022-03-07 09:59:00,670,670,670,670,0
2022-03-07 10:00:00,670,670,670,670,0
2022-03-07 10:01:00,670,670,670,670,200
2022-03-07 10:02:00,670,670,670,670,0
2022-03-07 10:03:00,670,670,670,670,0
2022-03-07 10:04:00,670,670,670,670,200
2022-03-07 10:05:00,670,670,670,670,0
2022-03-07 10:06:00,670,670,670,670,0
2022-03-07 10:07:00,670,670,670,670,0
2022-03-07 10:08:00,670,670,670,670,200
2022-03-07 10:09:00,670,670,670,670,0
2022-03-07 10:10:00,670,670,670,670,0
2022-03-07 10:11:00,670,670,670,670,0
2022-03-07 10:12:00,665,660,665,660,27100
2022-03-07 10:13:00,660,660,660,660,5000
2022-03-07 10:14:00,660,660,660,660,0
2022-03-07 10:15:00,655,650,655,650,18900
2022-03-07 10:16:00,650,650,670,670,2600
2022-03-07 10:17:00,665,665,665,665,100
2022-03-07 10:18:00,670,670,670,670,200
2022-03-07 10:19:00,670,670,670,670,0
2022-03-07 10:20:00,665,665,665,665,10000
2022-03-07 10:21:00,665,665,665,665,0
2022-03-07 10:22:00,670,670,670,670,600
2022-03-07 10:23:00,665,665,665,665,700
2022-03-07 10:24:00,665,665,665,665,0
2022-03-07 10:25:00,665,665,665,665,0
2022-03-07 10:26:00,665,665,665,665,0
2022-03-07 10:27:00,665,665,665,665,0
2022-03-07 10:28:00,665,665,665,665,0
2022-03-07 10:29:00,665,665,665,665,0
2022-03-07 10:30:00,665,665,665,665,0
2022-03-07 10:31:00,665,665,665,665,4400
2022-03-07 10:32:00,665,665,665,665,0
2022-03-07 10:33:00,665,665,665,665,0
2022-03-07 10:34:00,665,665,665,665,0
2022-03-07 10:35:00,665,665,665,665,0
2022-03-07 10:36:00,665,665,665,665,0
2022-03-07 10:37:00,665,665,665,665,0
2022-03-07 10:38:00,665,665,665,665,0
2022-03-07 10:39:00,665,665,665,665,0
2022-03-07 10:40:00,665,665,665,665,200
2022-03-07 10:41:00,665,665,665,665,0
2022-03-07 10:42:00,665,665,665,665,200
2022-03-07 10:43:00,665,665,665,665,0
2022-03-07 10:44:00,665,665,665,665,0
2022-03-07 10:45:00,665,665,665,665,200
2022-03-07 10:46:00,665,665,665,665,0
2022-03-07 10:47:00,665,665,665,665,0
2022-03-07 10:48:00,665,665,665,665,0
2022-03-07 10:49:00,665,665,665,665,0
2022-03-07 10:50:00,665,665,665,665,200
2022-03-07 10:51:00,665,665,665,665,0
2022-03-07 10:52:00,665,665,665,665,0
2022-03-07 10:53:00,660,660,660,660,100
2022-03-07 10:54:00,665,665,665,665,300
2022-03-07 10:55:00,665,665,665,665,0
2022-03-07 10:56:00,665,665,665,665,0
2022-03-07 10:57:00,665,665,665,665,0
2022-03-07 10:58:00,665,665,665,665,200
2022-03-07 10:59:00,665,665,665,665,0
2022-03-07 11:00:00,665,665,665,665,0
2022-03-07 11:01:00,665,665,665,665,0
2022-03-07 11:02:00,665,665,665,665,0
2022-03-07 11:03:00,665,665,665,665,200
2022-03-07 11:04:00,665,665,665,665,0
2022-03-07 11:05:00,665,665,665,665,0
2022-03-07 11:06:00,665,665,665,665,0
2022-03-07 11:07:00,665,665,665,665,0
2022-03-07 11:08:00,665,665,665,665,800
2022-03-07 11:09:00,665,665,665,665,0
2022-03-07 11:10:00,665,665,665,665,300
2022-03-07 11:11:00,665,665,665,665,0
2022-03-07 11:12:00,665,665,665,665,200
2022-03-07 11:13:00,665,665,665,665,0
2022-03-07 11:14:00,665,665,665,665,0
2022-03-07 11:15:00,665,665,665,665,0
2022-03-07 11:16:00,665,665,665,665,0
2022-03-07 11:17:00,665,665,665,665,0
2022-03-07 11:18:00,665,665,665,665,200
2022-03-07 11:19:00,665,665,665,665,200
2022-03-07 11:20:00,665,665,665,665,0
2022-03-07 11:21:00,665,665,665,665,300
2022-03-07 11:22:00,665,665,665,665,0
2022-03-07 11:23:00,665,665,665,665,0
2022-03-07 11:24:00,665,665,665,665,200
2022-03-07 11:25:00,665,665,665,665,0
2022-03-07 11:26:00,665,665,665,665,300
2022-03-07 11:27:00,665,665,665,665,0
2022-03-07 11:28:00,665,665,665,665,200
2022-03-07 11:29:00,665,665,665,665,600
2022-03-07 11:30:00,665,665,665,665,0
2022-03-07 11:31:00,665,665,665,665,0
2022-03-07 11:32:00,665,665,665,665,0
2022-03-07 11:33:00,665,665,665,665,0
2022-03-07 11:34:00,665,665,665,665,0
2022-03-07 11:35:00,665,665,665,665,0
2022-03-07 11:36:00,665,665,665,665,0
2022-03-07 11:37:00,665,665,665,665,0
2022-03-07 11:38:00,665,665,665,665,0
2022-03-07 11:39:00,665,665,665,665,0
2022-03-07 11:40:00,665,665,665,665,0
2022-03-07 11:41:00,665,665,665,665,0
2022-03-07 11:42:00,665,665,665,665,0
2022-03-07 11:43:00,665,665,665,665,0
2022-03-07 11:44:00,665,665,665,665,0
2022-03-07 11:45:00,665,665,665,665,0
2022-03-07 11:46:00,665,665,665,665,0
2022-03-07 11:47:00,665,665,665,665,0
2022-03-07 11:48:00,665,665,665,665,0
2022-03-07 11:49:00,665,665,665,665,0
2022-03-07 11:50:00,665,665,665,665,0
2022-03-07 11:51:00,665,665,665,665,0
2022-03-07 11:52:00,665,665,665,665,0
2022-03-07 11:53:00,665,665,665,665,0
2022-03-07 11:54:00,665,665,665,665,0
2022-03-07 11:55:00,665,665,665,665,0
2022-03-07 11:56:00,665,665,665,665,0
2022-03-07 11:57:00,665,665,665,665,0
2022-03-07 11:58:00,665,665,665,665,0
2022-03-07 11:59:00,665,665,665,665,0
2022-03-07 12:00:00,665,665,665,665,0
2022-03-07 12:01:00,665,665,665,665,0
2022-03-07 12:02:00,665,665,665,665,0
2022-03-07 12:03:00,665,665,665,665,0
2022-03-07 12:04:00,665,665,665,665,0
2022-03-07 12:05:00,665,665,665,665,0
2022-03-07 12:06:00,665,665,665,665,0
2022-03-07 12:07:00,665,665,665,665,0
2022-03-07 12:08:00,665,665,665,665,0
2022-03-07 12:09:00,665,665,665,665,0
2022-03-07 12:10:00,665,665,665,665,0
2022-03-07 12:11:00,665,665,665,665,0
2022-03-07 12:12:00,665,665,665,665,0
2022-03-07 12:13:00,665,665,665,665,0
2022-03-07 12:14:00,665,665,665,665,0
2022-03-07 12:15:00,665,665,665,665,0
2022-03-07 12:16:00,665,665,665,665,0
2022-03-07 12:17:00,665,665,665,665,0
2022-03-07 12:18:00,665,665,665,665,0
2022-03-07 12:19:00,665,665,665,665,0
2022-03-07 12:20:00,665,665,665,665,0
2022-03-07 12:21:00,665,665,665,665,0
2022-03-07 12:22:00,665,665,665,665,0
2022-03-07 12:23:00,665,665,665,665,0
2022-03-07 12:24:00,665,665,665,665,0
2022-03-07 12:25:00,665,665,665,665,0
2022-03-07 12:26:00,665,665,665,665,0
2022-03-07 12:27:00,665,665,665,665,0
2022-03-07 12:28:00,665,665,665,665,0
2022-03-07 12:29:00,665,665,665,665,0
2022-03-07 12:30:00,665,665,665,665,0
2022-03-07 12:31:00,665,665,665,665,0
2022-03-07 12:32:00,665,665,665,665,0
2022-03-07 12:33:00,665,665,665,665,0
2022-03-07 12:34:00,665,665,665,665,0
2022-03-07 12:35:00,665,665,665,665,0
2022-03-07 12:36:00,665,665,665,665,0
2022-03-07 12:37:00,665,665,665,665,0
2022-03-07 12:38:00,665,665,665,665,0
2022-03-07 12:39:00,665,665,665,665,0
2022-03-07 12:40:00,665,665,665,665,0
2022-03-07 12:41:00,665,665,665,665,0
2022-03-07 12:42:00,665,665,665,665,0
2022-03-07 12:43:00,665,665,665,665,0
2022-03-07 12:44:00,665,665,665,665,0
2022-03-07 12:45:00,665,665,665,665,0
2022-03-07 12:46:00,665,665,665,665,0
2022-03-07 12:47:00,665,665,665,665,0
2022-03-07 12:48:00,665,665,665,665,0
2022-03-07 12:49:00,665,665,665,665,0
2022-03-07 12:50:00,665,665,665,665,0
2022-03-07 12:51:00,665,665,665,665,0
2022-03-07 12:52:00,665,665,665,665,0
2022-03-07 12:53:00,665,665,665,665,0
2022-03-07 12:54:00,665,665,665,665,0
2022-03-07 12:55:00,665,665,665,665,0
2022-03-07 12:56:00,665,665,665,665,0
2022-03-07 12:57:00,665,665,665,665,0
2022-03-07 12:58:00,665,665,665,665,0
2022-03-07 12:59:00,665,665,665,665,0
2022-03-07 13:00:00,665,665,665,665,0
2022-03-07 13:01:00,665,665,665,665,0
2022-03-07 13:02:00,665,665,665,665,0
2022-03-07 13:03:00,665,665,665,665,0
2022-03-07 13:04:00,665,665,665,665,0
2022-03-07 13:05:00,665,665,665,665,0
2022-03-07 13:06:00,665,665,665,665,0
2022-03-07 13:07:00,665,665,665,665,0
2022-03-07 13:08:00,665,665,665,665,0
2022-03-07 13:09:00,665,665,665,665,0
2022-03-07 13:10:00,665,665,665,665,0
2022-03-07 13:11:00,665,665,665,665,0
2022-03-07 13:12:00,665,665,665,665,0
2022-03-07 13:13:00,665,665,665,665,0
2022-03-07 13:14:00,665,665,665,665,0
2022-03-07 13:15:00,665,665,665,665,0
2022-03-07 13:16:00,665,665,665,665,0
2022-03-07 13:17:00,665,665,665,665,0
2022-03-07 13:18:00,665,665,665,665,0
2022-03-07 13:19:00,665,665,665,665,0
2022-03-07 13:20:00,665,665,665,665,0
2022-03-07 13:21:00,665,665,665,665,0
2022-03-07 13:22:00,665,665,665,665,0
2022-03-07 13:23:00,665,665,665,665,0
2022-03-07 13:24:00,665,665,665,665,0
2022-03-07 13:25:00,665,665,665,665,0
2022-03-07 13:26:00,665,665,665,665,0
2022-03-07 13:27:00,665,665,665,665,0
2022-03-07 13:28:00,665,665,665,665,0
2022-03-07 13:29:00,665,665,665,665,0
2022-03-07 13:30:00,665,665,665,665,0
2022-03-07 13:31:00,665,665,665,665,0
2022-03-07 13:32:00,665,665,665,665,0
2022-03-07 13:33:00,665,665,665,665,0
2022-03-07 13:34:00,665,665,665,665,1500
2022-03-07 13:35:00,665,665,665,665,0
2022-03-07 13:36:00,665,665,665,665,0
2022-03-07 13:37:00,665,665,665,665,0
2022-03-07 13:38:00,665,665,665,665,0
2022-03-07 13:39:00,665,665,665,665,300
2022-03-07 13:40:00,665,665,665,665,0
2022-03-07 13:41:00,665,665,665,665,0
2022-03-07 13:42:00,665,665,665,665,200
2022-03-07 13:43:00,660,650,665,665,45200
2022-03-07 13:44:00,665,665,665,665,200
2022-03-07 13:45:00,665,665,665,665,0
2022-03-07 13:46:00,665,665,665,665,0
2022-03-07 13:47:00,665,665,665,665,0
2022-03-07 13:48:00,665,665,665,665,0
2022-03-07 13:49:00,665,665,665,665,0
2022-03-07 13:50:00,665,665,665,665,200
2022-03-07 13:51:00,665,665,665,665,0
2022-03-07 13:52:00,665,665,665,665,0
2022-03-07 13:53:00,665,665,665,665,300
2022-03-07 13:54:00,665,665,665,665,0
2022-03-07 13:55:00,665,665,665,665,0
2022-03-07 13:56:00,665,665,665,665,0
2022-03-07 13:57:00,665,665,665,665,0
2022-03-07 13:58:00,660,660,660,660,700
2022-03-07 13:59:00,660,660,660,660,0
2022-03-07 14:00:00,660,660,660,660,0
2022-03-07 14:01:00,660,660,660,660,0
2022-03-07 14:02:00,660,660,660,660,0
2022-03-07 14:03:00,660,660,660,660,0
2022-03-07 14:04:00,660,660,660,660,0
2022-03-07 14:05:00,660,660,660,660,0
2022-03-07 14:06:00,660,660,660,660,0
2022-03-07 14:07:00,660,660,660,660,0
2022-03-07 14:08:00,660,660,665,665,20000
2022-03-07 14:09:00,660,660,665,665,0
2022-03-07 14:10:00,665,665,665,665,1500
2022-03-07 14:11:00,665,665,665,665,0
2022-03-07 14:12:00,665,665,665,665,200
2022-03-07 14:13:00,665,665,665,665,0
2022-03-07 14:14:00,665,665,665,665,0
2022-03-07 14:15:00,665,665,665,665,300
2022-03-07 14:16:00,665,665,665,665,0
2022-03-07 14:17:00,660,660,665,665,700
2022-03-07 14:18:00,665,665,665,665,200
2022-03-07 14:19:00,665,665,665,665,0
2022-03-07 14:20:00,665,665,665,665,200
2022-03-07 14:21:00,665,665,665,665,0
2022-03-07 14:22:00,665,660,665,660,500
2022-03-07 14:23:00,665,665,665,665,200
2022-03-07 14:24:00,665,665,665,665,0
2022-03-07 14:25:00,665,665,665,665,0
2022-03-07 14:26:00,665,665,665,665,0
2022-03-07 14:27:00,665,665,665,665,0
2022-03-07 14:28:00,665,665,665,665,0
2022-03-07 14:29:00,665,665,665,665,300
2022-03-07 14:30:00,665,665,665,665,200
2022-03-07 14:31:00,665,665,665,665,0
2022-03-07 14:32:00,660,650,660,650,15000
2022-03-07 14:33:00,665,665,665,665,500
2022-03-07 14:34:00,665,665,665,665,0
2022-03-07 14:35:00,665,665,665,665,10000
2022-03-07 14:36:00,665,665,665,665,200
2022-03-07 14:37:00,665,665,665,665,0
2022-03-07 14:38:00,665,665,665,665,300
2022-03-07 14:39:00,665,665,665,665,0
2022-03-07 14:40:00,665,665,665,665,200
2022-03-07 14:41:00,665,665,665,665,0
2022-03-07 14:42:00,665,665,665,665,200
2022-03-07 14:43:00,665,665,665,665,5300
2022-03-07 14:44:00,665,665,665,665,500
2022-03-07 14:45:00,665,665,665,665,0
2022-03-07 14:46:00,665,665,665,665,1600
2022-03-07 14:47:00,660,660,665,665,1100
2022-03-07 14:48:00,665,665,665,665,400
2022-03-07 14:49:00,665,665,665,665,8500
2022-03-07 14:50:00,665,665,665,665,0
2022-03-07 14:51:00,665,665,665,665,0
2022-03-07 14:52:00,665,665,665,665,0
2022-03-07 14:53:00,665,665,665,665,0
2022-03-07 14:54:00,665,665,665,665,0
2022-03-07 14:55:00,665,665,665,665,0
2022-03-07 14:56:00,665,665,665,665,0
2022-03-07 14:57:00,665,665,665,665,0
2022-03-07 14:58:00,665,665,665,665,0
2022-03-07 14:59:00,665,665,665,665,0
2022-03-07 15:00:00,665,665,665,665,36000
2022-03-07 15:01:00,665,665,665,665,0
2022-03-07 15:02:00,665,665,665,665,0
2022-03-07 15:03:00,665,665,665,665,8000
2022-03-07 15:04:00,665,665,665,665,200
2022-03-07 15:05:00,665,665,665,665,0
2022-03-07 15:06:00,665,665,665,665,0
2022-03-07 15:07:00,665,665,665,665,0
2022-03-07 15:08:00,665,665,665,665,0
2022-03-07 15:09:00,665,665,665,665,0
2022-03-07 15:10:00,665,665,665,665,0
2022-03-07 15:11:00,665,665,665,665,0
2022-03-07 15:12:00,665,665,665,665,0
2022-03-07 15:13:00,665,665,665,665,0
2022-03-07 15:14:00,665,665,665,665,0
2022-03-07 15:15:00,665,665,665,665,0
2022-03-07 15:16:00,665,665,665,665,0
2022-03-07 15:17:00,665,665,665,665,0
2022-03-07 15:18:00,665,665,665,665,0
2022-03-07 15:19:00,665,665,665,665,0
2022-03-07 15:20:00,665,665,665,665,0
2022-03-07 15:21:00,665,665,665,665,0
2022-03-07 15:22:00,665,665,665,665,0
2022-03-07 15:23:00,665,665,665,665,0
2022-03-07 15:24:00,665,665,665,665,0
2022-03-07 15:25:00,665,665,665,665,0
2022-03-07 15:26:00,665,665,665,665,0
2022-03-07 15:27:00,665,665,665,665,0
2022-03-07 15:28:00,665,665,665,665,0
2022-03-07 15:29:00,665,665,665,665,0
2022-03-07 15:30:00,665,665,665,665,0
2022-03-07 15:31:00,665,665,665,665,0
2022-03-07 15:32:00,665,665,665,665,0
2022-03-07 15:33:00,665,665,665,665,0
2022-03-07 15:34:00,665,665,665,665,0
2022-03-07 15:35:00,665,665,665,665,0
2022-03-07 15:36:00,665,665,665,665,0
2022-03-07 15:37:00,665,665,665,665,0
2022-03-07 15:38:00,665,665,665,665,0
2022-03-07 15:39:00,665,665,665,665,0
2022-03-07 15:40:00,665,665,665,665,0
2022-03-07 15:41:00,665,665,665,665,0
2022-03-07 15:42:00,665,665,665,665,0
2022-03-07 15:43:00,665,665,665,665,0
2022-03-07 15:44:00,665,665,665,665,0
2022-03-07 15:45:00,665,665,665,665,0
2022-03-07 15:46:00,665,665,665,665,0
2022-03-07 15:47:00,665,665,665,665,0
2022-03-07 15:48:00,665,665,665,665,0
2022-03-07 15:49:00,665,665,665,665,0
2022-03-07 15:50:00,665,665,665,665,0
2022-03-07 15:51:00,665,665,665,665,0
2022-03-07 15:52:00,665,665,665,665,0
2022-03-07 15:53:00,665,665,665,665,0
2022-03-07 15:54:00,665,665,665,665,0
2022-03-07 15:55:00,665,665,665,665,0
2022-03-07 15:56:00,665,665,665,665,0
2022-03-07 15:57:00,665,665,665,665,0
2022-03-07 15:58:00,665,665,665,665,0
2022-03-07 15:59:00,665,665,665,665,0
2022-03-08 09:00:00,665,665,665,665,0
2022-03-08 09:01:00,665,665,665,665,0
2022-03-08 09:02:00,665,665,670,670,1000
2022-03-08 09:03:00,665,665,665,665,100
2022-03-08 09:04:00,665,665,665,665,500
2022-03-08 09:05:00,665,665,665,665,0
2022-03-08 09:06:00,660,660,665,665,5200
2022-03-08 09:07:00,660,660,665,665,6300
2022-03-08 09:08:00,660,660,660,660,600
2022-03-08 09:09:00,660,660,665,665,800
2022-03-08 09:10:00,665,665,670,670,40000
2022-03-08 09:11:00,665,665,670,670,0
2022-03-08 09:12:00,670,670,670,670,1800
2022-03-08 09:13:00,670,670,670,670,200
2022-03-08 09:14:00,670,670,670,670,0
2022-03-08 09:15:00,670,670,670,670,0
2022-03-08 09:16:00,670,670,670,670,0
2022-03-08 09:17:00,670,670,670,670,0
2022-03-08 09:18:00,670,665,670,665,900
2022-03-08 09:19:00,665,665,665,665,500
2022-03-08 09:20:00,660,660,660,660,100
2022-03-08 09:21:00,665,665,665,665,200
2022-03-08 09:22:00,665,665,665,665,0
2022-03-08 09:23:00,665,665,665,665,0
2022-03-08 09:24:00,665,665,665,665,0
2022-03-08 09:25:00,665,665,665,665,0
2022-03-08 09:26:00,660,655,660,655,700
2022-03-08 09:27:00,665,665,665,665,200
2022-03-08 09:28:00,665,665,665,665,0
2022-03-08 09:29:00,665,665,665,665,200
2022-03-08 09:30:00,665,665,665,665,0
2022-03-08 09:31:00,665,665,665,665,1200
2022-03-08 09:32:00,665,665,665,665,0
2022-03-08 09:33:00,660,660,665,665,700
2022-03-08 09:34:00,665,665,665,665,200
2022-03-08 09:35:00,665,665,665,665,1200
2022-03-08 09:36:00,665,665,665,665,0
2022-03-08 09:37:00,665,665,665,665,0
2022-03-08 09:38:00,665,665,665,665,0
2022-03-08 09:39:00,665,665,665,665,0
2022-03-08 09:40:00,660,660,665,665,1900
2022-03-08 09:41:00,665,665,665,665,200
2022-03-08 09:42:00,665,665,665,665,0
2022-03-08 09:43:00,665,665,665,665,0
2022-03-08 09:44:00,665,665,665,665,0
2022-03-08 09:45:00,665,665,665,665,0
2022-03-08 09:46:00,665,665,665,665,0
2022-03-08 09:47:00,665,665,665,665,0
2022-03-08 09:48:00,665,665,665,665,0
2022-03-08 09:49:00,660,660,660,660,5300
2022-03-08 09:50:00,660,660,665,665,900
2022-03-08 09:51:00,660,660,665,665,0
2022-03-08 09:52:00,660,660,660,660,300
2022-03-08 09:53:00,660,660,660,660,600
2022-03-08 09:54:00,660,660,660,660,1700
2022-03-08 09:55:00,660,660,660,660,0
2022-03-08 09:56:00,660,660,660,660,0
2022-03-08 09:57:00,660,660,660,660,0
2022-03-08 09:58:00,660,660,660,660,0
2022-03-08 09:59:00,660,660,660,660,0
2022-03-08 10:00:00,660,660,660,660,0
2022-03-08 10:01:00,655,655,655,655,7500
2022-03-08 10:02:00,655,655,655,655,0
2022-03-08 10:03:00,660,660,660,660,200
2022-03-08 10:04:00,660,660,660,660,0
2022-03-08 10:05:00,660,660,660,660,800
2022-03-08 10:06:00,660,660,660,660,0
2022-03-08 10:07:00,660,660,660,660,0
2022-03-08 10:08:00,660,660,660,660,0
2022-03-08 10:09:00,660,660,660,660,0
2022-03-08 10:10:00,660,660,660,660,0
2022-03-08 10:11:00,660,660,660,660,0
2022-03-08 10:12:00,660,660,660,660,0
2022-03-08 10:13:00,660,660,660,660,0
2022-03-08 10:14:00,660,660,660,660,0
2022-03-08 10:15:00,660,660,660,660,0
2022-03-08 10:16:00,660,660,660,660,0
2022-03-08 10:17:00,660,660,660,660,0
2022-03-08 10:18:00,660,660,660,660,0
2022-03-08 10:19:00,655,655,655,655,500
2022-03-08 10:20:00,655,655,655,655,0
2022-03-08 10:21:00,655,655,655,655,4500
2022-03-08 10:22:00,660,660,660,660,200
2022-03-08 10:23:00,660,660,660,660,0
2022-03-08 10:24:00,660,660,660,660,1000
2022-03-08 10:25:00,660,660,660,660,0
2022-03-08 10:26:00,660,660,660,660,0
2022-03-08 10:27:00,660,660,660,660,0
2022-03-08 10:28:00,660,660,660,660,0
2022-03-08 10:29:00,655,650,660,660,6400
2022-03-08 10:30:00,655,650,660,660,0
2022-03-08 10:31:00,660,660,660,660,800
2022-03-08 10:32:00,660,660,660,660,0
2022-03-08 10:33:00,660,660,660,660,0
2022-03-08 10:34:00,660,660,660,660,0
2022-03-08 10:35:00,660,660,660,660,0
2022-03-08 10:36:00,660,660,660,660,0
2022-03-08 10:37:00,655,655,655,655,300
2022-03-08 10:38:00,655,655,655,655,0
2022-03-08 10:39:00,660,660,660,660,200
2022-03-08 10:40:00,660,660,660,660,0
2022-03-08 10:41:00,660,660,660,660,0
2022-03-08 10:42:00,660,660,660,660,0
2022-03-08 10:43:00,660,660,660,660,0
2022-03-08 10:44:00,660,660,660,660,0
2022-03-08 10:45:00,660,660,660,660,0
2022-03-08 10:46:00,660,660,660,660,0
2022-03-08 10:47:00,660,660,660,660,0
2022-03-08 10:48:00,660,660,660,660,0
2022-03-08 10:49:00,660,660,660,660,0
2022-03-08 10:50:00,660,660,660,660,0
2022-03-08 10:51:00,660,660,660,660,0
2022-03-08 10:52:00,660,660,660,660,0
2022-03-08 10:53:00,660,660,660,660,0
2022-03-08 10:54:00,660,660,660,660,0
2022-03-08 10:55:00,660,660,660,660,0
2022-03-08 10:56:00,660,660,660,660,0
2022-03-08 10:57:00,660,660,660,660,0
2022-03-08 10:58:00,660,660,660,660,0
2022-03-08 10:59:00,660,660,660,660,0
2022-03-08 11:00:00,660,660,660,660,0
2022-03-08 11:01:00,660,660,660,660,0
2022-03-08 11:02:00,660,660,660,660,0
2022-03-08 11:03:00,660,660,660,660,0
2022-03-08 11:04:00,660,660,660,660,0
2022-03-08 11:05:00,660,660,660,660,0
2022-03-08 11:06:00,660,660,660,660,0
2022-03-08 11:07:00,660,660,660,660,0
2022-03-08 11:08:00,660,660,660,660,0
2022-03-08 11:09:00,660,660,660,660,0
2022-03-08 11:10:00,660,660,660,660,0
2022-03-08 11:11:00,660,660,660,660,3800
2022-03-08 11:12:00,660,660,660,660,0
2022-03-08 11:13:00,660,660,660,660,0
2022-03-08 11:14:00,660,660,660,660,0
2022-03-08 11:15:00,660,660,660,660,0
2022-03-08 11:16:00,660,660,660,660,0
2022-03-08 11:17:00,660,660,660,660,0
2022-03-08 11:18:00,660,660,660,660,0
2022-03-08 11:19:00,660,660,660,660,0
2022-03-08 11:20:00,660,660,660,660,0
2022-03-08 11:21:00,660,660,660,660,0
2022-03-08 11:22:00,660,660,660,660,0
2022-03-08 11:23:00,655,655,655,655,300
2022-03-08 11:24:00,650,650,650,650,7800
2022-03-08 11:25:00,660,660,660,660,300
2022-03-08 11:26:00,660,660,660,660,600
2022-03-08 11:27:00,660,660,660,660,0
2022-03-08 11:28:00,660,660,660,660,200
2022-03-08 11:29:00,660,660,660,660,0
2022-03-08 11:30:00,660,660,660,660,0
2022-03-08 11:31:00,660,660,660,660,0
2022-03-08 11:32:00,660,660,660,660,0
2022-03-08 11:33:00,660,660,660,660,0
2022-03-08 11:34:00,660,660,660,660,0
2022-03-08 11:35:00,660,660,660,660,0
2022-03-08 11:36:00,660,660,660,660,0
2022-03-08 11:37:00,660,660,660,660,0
2022-03-08 11:38:00,660,660,660,660,0
2022-03-08 11:39:00,660,660,660,660,0
2022-03-08 11:40:00,660,660,660,660,0
2022-03-08 11:41:00,660,660,660,660,0
2022-03-08 11:42:00,660,660,660,660,0
2022-03-08 11:43:00,660,660,660,660,0
2022-03-08 11:44:00,660,660,660,660,0
2022-03-08 11:45:00,660,660,660,660,0
2022-03-08 11:46:00,660,660,660,660,0
2022-03-08 11:47:00,660,660,660,660,0
2022-03-08 11:48:00,660,660,660,660,0
2022-03-08 11:49:00,660,660,660,660,0
2022-03-08 11:50:00,660,660,660,660,0
2022-03-08 11:51:00,660,660,660,660,0
2022-03-08 11:52:00,660,660,660,660,0
2022-03-08 11:53:00,660,660,660,660,0
2022-03-08 11:54:00,660,660,660,660,0
2022-03-08 11:55:00,660,660,660,660,0
2022-03-08 11:56:00,660,660,660,660,0
2022-03-08 11:57:00,660,660,660,660,0
2022-03-08 11:58:00,660,660,660,660,0
2022-03-08 11:59:00,660,660,660,660,0
2022-03-08 12:00:00,660,660,660,660,0
2022-03-08 12:01:00,660,660,660,660,0
2022-03-08 12:02:00,660,660,660,660,0
2022-03-08 12:03:00,660,660,660,660,0
2022-03-08 12:04:00,660,660,660,660,0
2022-03-08 12:05:00,660,660,660,660,0
2022-03-08 12:06:00,660,660,660,660,0
2022-03-08 12:07:00,660,660,660,660,0
2022-03-08 12:08:00,660,660,660,660,0
2022-03-08 12:09:00,660,660,660,660,0
2022-03-08 12:10:00,660,660,660,660,0
2022-03-08 12:11:00,660,660,660,660,0
2022-03-08 12:12:00,660,660,660,660,0
2022-03-08 12:13:00,660,660,660,660,0
2022-03-08 12:14:00,660,660,660,660,0
2022-03-08 12:15:00,660,660,660,660,0
2022-03-08 12:16:00,660,660,660,660,0
2022-03-08 12:17:00,660,660,660,660,0
2022-03-08 12:18:00,660,660,660,660,0
2022-03-08 12:19:00,660,660,660,660,0
2022-03-08 12:20:00,660,660,660,660,0
2022-03-08 12:21:00,660,660,660,660,0
2022-03-08 12:22:00,660,660,660,660,0
2022-03-08 12:23:00,660,660,660,660,0
2022-03-08 12:24:00,660,660,660,660,0
2022-03-08 12:25:00,660,660,660,660,0
2022-03-08 12:26:00,660,660,660,660,0
2022-03-08 12:27:00,660,660,660,660,0
2022-03-08 12:28:00,660,660,660,660,0
2022-03-08 12:29:00,660,660,660,660,0
2022-03-08 12:30:00,660,660,660,660,0
2022-03-08 12:31:00,660,660,660,660,0
2022-03-08 12:32:00,660,660,660,660,0
2022-03-08 12:33:00,660,660,660,660,0
2022-03-08 12:34:00,660,660,660,660,0
2022-03-08 12:35:00,660,660,660,660,0
2022-03-08 12:36:00,660,660,660,660,0
2022-03-08 12:37:00,660,660,660,660,0
2022-03-08 12:38:00,660,660,660,660,0
2022-03-08 12:39:00,660,660,660,660,0
2022-03-08 12:40:00,660,660,660,660,0
2022-03-08 12:41:00,660,660,660,660,0
2022-03-08 12:42:00,660,660,660,660,0
2022-03-08 12:43:00,660,660,660,660,0
2022-03-08 12:44:00,660,660,660,660,0
2022-03-08 12:45:00,660,660,660,660,0
2022-03-08 12:46:00,660,660,660,660,0
2022-03-08 12:47:00,660,660,660,660,0
2022-03-08 12:48:00,660,660,660,660,0
2022-03-08 12:49:00,660,660,660,660,0
2022-03-08 12:50:00,660,660,660,660,0
2022-03-08 12:51:00,660,660,660,660,0
2022-03-08 12:52:00,660,660,660,660,0
2022-03-08 12:53:00,660,660,660,660,0
2022-03-08 12:54:00,660,660,660,660,0
2022-03-08 12:55:00,660,660,660,660,0
2022-03-08 12:56:00,660,660,660,660,0
2022-03-08 12:57:00,660,660,660,660,0
2022-03-08 12:58:00,660,660,660,660,0
2022-03-08 12:59:00,660,660,660,660,0
2022-03-08 13:00:00,660,660,660,660,0
2022-03-08 13:01:00,660,660,660,660,0
2022-03-08 13:02:00,660,660,660,660,0
2022-03-08 13:03:00,660,660,660,660,0
2022-03-08 13:04:00,660,660,660,660,0
2022-03-08 13:05:00,660,660,660,660,0
2022-03-08 13:06:00,660,660,660,660,0
2022-03-08 13:07:00,660,660,660,660,0
2022-03-08 13:08:00,660,660,660,660,0
2022-03-08 13:09:00,660,660,660,660,0
2022-03-08 13:10:00,660,660,660,660,0
2022-03-08 13:11:00,660,660,660,660,0
2022-03-08 13:12:00,660,660,660,660,0
2022-03-08 13:13:00,660,660,660,660,0
2022-03-08 13:14:00,660,660,660,660,0
2022-03-08 13:15:00,660,660,660,660,0
2022-03-08 13:16:00,660,660,660,660,0
2022-03-08 13:17:00,660,660,660,660,0
2022-03-08 13:18:00,660,660,660,660,0
2022-03-08 13:19:00,660,660,660,660,0
2022-03-08 13:20:00,660,660,660,660,0
2022-03-08 13:21:00,660,660,660,660,0
2022-03-08 13:22:00,660,660,660,660,0
2022-03-08 13:23:00,660,660,660,660,0
2022-03-08 13:24:00,660,660,660,660,0
2022-03-08 13:25:00,660,660,660,660,0
2022-03-08 13:26:00,660,660,660,660,0
2022-03-08 13:27:00,660,660,660,660,0
2022-03-08 13:28:00,660,660,660,660,0
2022-03-08 13:29:00,660,660,660,660,0
2022-03-08 13:30:00,655,650,655,655,27200
2022-03-08 13:31:00,655,655,655,655,5500
2022-03-08 13:32:00,655,655,655,655,0
2022-03-08 13:33:00,655,655,655,655,0
2022-03-08 13:34:00,655,655,655,655,0
2022-03-08 13:35:00,655,655,655,655,0
2022-03-08 13:36:00,655,655,655,655,0
2022-03-08 13:37:00,650,650,650,650,3400
2022-03-08 13:38:00,650,650,650,650,0
2022-03-08 13:39:00,650,645,655,655,9200
2022-03-08 13:40:00,650,650,650,650,800
2022-03-08 13:41:00,650,650,650,650,0
2022-03-08 13:42:00,645,645,655,655,32000
2022-03-08 13:43:00,655,655,655,655,1700
2022-03-08 13:44:00,655,650,655,650,5000
2022-03-08 13:45:00,650,650,655,655,400
2022-03-08 13:46:00,655,655,655,655,800
2022-03-08 13:47:00,655,655,655,655,200
2022-03-08 13:48:00,655,655,655,655,0
2022-03-08 13:49:00,655,655,655,655,0
2022-03-08 13:50:00,655,655,655,655,0
2022-03-08 13:51:00,655,655,655,655,200
2022-03-08 13:52:00,655,655,655,655,0
2022-03-08 13:53:00,655,655,655,655,0
2022-03-08 13:54:00,655,655,655,655,0
2022-03-08 13:55:00,655,655,655,655,1000
2022-03-08 13:56:00,655,655,655,655,0
2022-03-08 13:57:00,655,650,655,650,20500
2022-03-08 13:58:00,650,650,655,655,600
2022-03-08 13:59:00,655,655,655,655,200
2022-03-08 14:00:00,655,655,655,655,300
2022-03-08 14:01:00,655,655,655,655,0
2022-03-08 14:02:00,655,655,655,655,0
2022-03-08 14:03:00,655,655,655,655,0
2022-03-08 14:04:00,655,655,655,655,200
2022-03-08 14:05:00,655,655,655,655,0
2022-03-08 14:06:00,655,655,655,655,0
2022-03-08 14:07:00,655,655,655,655,0
2022-03-08 14:08:00,655,655,655,655,0
2022-03-08 14:09:00,655,655,655,655,0
2022-03-08 14:10:00,655,655,655,655,0
2022-03-08 14:11:00,655,655,655,655,300
2022-03-08 14:12:00,655,655,655,655,0
2022-03-08 14:13:00,655,655,655,655,1300
2022-03-08 14:14:00,655,655,655,655,0
2022-03-08 14:15:00,655,655,655,655,300
2022-03-08 14:16:00,655,655,655,655,0
2022-03-08 14:17:00,655,655,655,655,200
2022-03-08 14:18:00,655,655,655,655,0
2022-03-08 14:19:00,655,655,655,655,0
2022-03-08 14:20:00,655,655,655,655,0
2022-03-08 14:21:00,655,655,655,655,0
2022-03-08 14:22:00,655,655,655,655,300
2022-03-08 14:23:00,655,655,655,655,0
2022-03-08 14:24:00,655,655,655,655,0
2022-03-08 14:25:00,655,655,655,655,300
2022-03-08 14:26:00,655,655,655,655,0
2022-03-08 14:27:00,655,655,655,655,0
2022-03-08 14:28:00,655,655,655,655,0
2022-03-08 14:29:00,655,655,655,655,0
2022-03-08 14:30:00,655,655,655,655,0
2022-03-08 14:31:00,655,655,655,655,200
2022-03-08 14:32:00,655,655,655,655,0
2022-03-08 14:33:00,655,655,655,655,200
2022-03-08 14:34:00,655,655,655,655,0
2022-03-08 14:35:00,655,655,655,655,0
2022-03-08 14:36:00,655,655,655,655,1000
2022-03-08 14:37:00,650,650,650,650,2000
2022-03-08 14:38:00,655,655,655,655,200
2022-03-08 14:39:00,655,655,655,655,200
2022-03-08 14:40:00,655,655,655,655,0
2022-03-08 14:41:00,655,655,655,655,300
2022-03-08 14:42:00,655,655,655,655,0
2022-03-08 14:43:00,655,655,655,655,300
2022-03-08 14:44:00,655,655,655,655,0
2022-03-08 14:45:00,655,655,655,655,200
2022-03-08 14:46:00,655,655,655,655,200
2022-03-08 14:47:00,655,655,655,655,200
2022-03-08 14:48:00,655,655,655,655,200
2022-03-08 14:49:00,655,655,665,665,80000
2022-03-08 14:50:00,655,655,665,665,0
2022-03-08 14:51:00,655,655,665,665,0
2022-03-08 14:52:00,655,655,665,665,0
2022-03-08 14:53:00,655,655,665,665,0
2022-03-08 14:54:00,655,655,665,665,0
2022-03-08 14:55:00,655,655,665,665,0
2022-03-08 14:56:00,655,655,665,665,0
2022-03-08 14:57:00,655,655,665,665,0
2022-03-08 14:58:00,655,655,665,665,0
2022-03-08 14:59:00,655,655,665,665,0
2022-03-08 15:00:00,665,665,665,665,39000
2022-03-08 15:01:00,665,665,665,665,0
2022-03-08 15:02:00,665,665,665,665,0
2022-03-08 15:03:00,665,665,665,665,0
2022-03-08 15:04:00,665,665,665,665,0
2022-03-08 15:05:00,665,665,665,665,0
2022-03-08 15:06:00,665,665,665,665,0
2022-03-08 15:07:00,665,665,665,665,0
2022-03-08 15:08:00,665,665,665,665,0
2022-03-08 15:09:00,665,665,665,665,0
2022-03-08 15:10:00,665,665,665,665,0
2022-03-08 15:11:00,665,665,665,665,0
2022-03-08 15:12:00,665,665,665,665,0
2022-03-08 15:13:00,665,665,665,665,0
2022-03-08 15:14:00,665,665,665,665,0
2022-03-08 15:15:00,665,665,665,665,0
2022-03-08 15:16:00,665,665,665,665,0
2022-03-08 15:17:00,665,665,665,665,0
2022-03-08 15:18:00,665,665,665,665,0
2022-03-08 15:19:00,665,665,665,665,0
2022-03-08 15:20:00,665,665,665,665,0
2022-03-08 15:21:00,665,665,665,665,0
2022-03-08 15:22:00,665,665,665,665,0
2022-03-08 15:23:00,665,665,665,665,0
2022-03-08 15:24:00,665,665,665,665,0
2022-03-08 15:25:00,665,665,665,665,0
2022-03-08 15:26:00,665,665,665,665,0
2022-03-08 15:27:00,665,665,665,665,0
2022-03-08 15:28:00,665,665,665,665,0
2022-03-08 15:29:00,665,665,665,665,0
2022-03-08 15:30:00,665,665,665,665,0
2022-03-08 15:31:00,665,665,665,665,0
2022-03-08 15:32:00,665,665,665,665,0
2022-03-08 15:33:00,665,665,665,665,0
2022-03-08 15:34:00,665,665,665,665,0
2022-03-08 15:35:00,665,665,665,665,0
2022-03-08 15:36:00,665,665,665,665,0
2022-03-08 15:37:00,665,665,665,665,0
2022-03-08 15:38:00,665,665,665,665,0
2022-03-08 15:39:00,665,665,665,665,0
2022-03-08 15:40:00,665,665,665,665,0
2022-03-08 15:41:00,665,665,665,665,0
2022-03-08 15:42:00,665,665,665,665,0
2022-03-08 15:43:00,665,665,665,665,0
2022-03-08 15:44:00,665,665,665,665,0
2022-03-08 15:45:00,665,665,665,665,0
2022-03-08 15:46:00,665,665,665,665,0
2022-03-08 15:47:00,665,665,665,665,0
2022-03-08 15:48:00,665,665,665,665,0
2022-03-08 15:49:00,665,665,665,665,0
2022-03-08 15:50:00,665,665,665,665,0
2022-03-08 15:51:00,665,665,665,665,0
2022-03-08 15:52:00,665,665,665,665,0
2022-03-08 15:53:00,665,665,665,665,0
2022-03-08 15:54:00,665,665,665,665,0
2022-03-08 15:55:00,665,665,665,665,0
2022-03-08 15:56:00,665,665,665,665,0
2022-03-08 15:57:00,665,665,665,665,0
2022-03-08 15:58:00,665,665,665,665,0
2022-03-08 15:59:00,665,665,665,665,0
2022-03-09 09:00:00,655,655,655,655,0
2022-03-09 09:01:00,655,655,655,655,0
2022-03-09 09:02:00,650,650,650,650,600
2022-03-09 09:03:00,650,650,650,650,3300
2022-03-09 09:04:00,650,650,650,650,0
2022-03-09 09:05:00,660,660,660,660,200
2022-03-09 09:06:00,660,660,660,660,0
2022-03-09 09:07:00,660,660,660,660,10000
2022-03-09 09:08:00,660,660,660,660,300
2022-03-09 09:09:00,660,660,660,660,0
2022-03-09 09:10:00,660,660,660,660,0
2022-03-09 09:11:00,660,660,660,660,1000
2022-03-09 09:12:00,660,660,660,660,0
2022-03-09 09:13:00,660,660,660,660,200
2022-03-09 09:14:00,660,660,660,660,0
2022-03-09 09:15:00,660,660,660,660,400
2022-03-09 09:16:00,660,660,660,660,0
2022-03-09 09:17:00,660,660,660,660,0
2022-03-09 09:18:00,660,660,660,660,0
2022-03-09 09:19:00,660,660,660,660,0
2022-03-09 09:20:00,660,660,660,660,300
2022-03-09 09:21:00,660,660,660,660,200
2022-03-09 09:22:00,660,660,660,660,200
2022-03-09 09:23:00,660,660,660,660,0
2022-03-09 09:24:00,660,660,660,660,300
2022-03-09 09:25:00,660,660,660,660,0
2022-03-09 09:26:00,660,660,660,660,0
2022-03-09 09:27:00,660,660,660,660,200
2022-03-09 09:28:00,660,660,660,660,0
2022-03-09 09:29:00,660,660,660,660,0
2022-03-09 09:30:00,660,660,660,660,300
2022-03-09 09:31:00,660,660,660,660,0
2022-03-09 09:32:00,660,660,660,660,0
2022-03-09 09:33:00,660,660,660,660,300
2022-03-09 09:34:00,660,660,660,660,0
2022-03-09 09:35:00,660,660,660,660,0
2022-03-09 09:36:00,660,660,660,660,200
2022-03-09 09:37:00,660,660,660,660,0
2022-03-09 09:38:00,660,660,660,660,0
2022-03-09 09:39:00,660,660,660,660,0
2022-03-09 09:40:00,660,660,660,660,0
2022-03-09 09:41:00,660,660,660,660,0
2022-03-09 09:42:00,660,660,660,660,0
2022-03-09 09:43:00,660,660,660,660,0
2022-03-09 09:44:00,660,660,660,660,0
2022-03-09 09:45:00,660,660,660,660,0
2022-03-09 09:46:00,660,660,660,660,200
2022-03-09 09:47:00,660,660,660,660,0
2022-03-09 09:48:00,660,660,660,660,200
2022-03-09 09:49:00,660,660,660,660,0
2022-03-09 09:50:00,660,660,660,660,0
2022-03-09 09:51:00,655,655,660,660,400
2022-03-09 09:52:00,655,655,660,660,0
2022-03-09 09:53:00,655,655,660,660,0
2022-03-09 09:54:00,655,655,660,660,0
2022-03-09 09:55:00,655,655,660,660,0
2022-03-09 09:56:00,660,660,660,660,300
2022-03-09 09:57:00,660,660,665,665,32700
2022-03-09 09:58:00,665,665,670,670,40300
2022-03-09 09:59:00,675,675,675,675,36300
2022-03-09 10:00:00,680,680,685,685,63800
2022-03-09 10:01:00,685,685,690,690,36200
2022-03-09 10:02:00,690,690,690,690,4800
2022-03-09 10:03:00,690,690,695,695,35700
2022-03-09 10:04:00,695,695,700,700,12000
2022-03-09 10:05:00,695,690,695,690,8000
2022-03-09 10:06:00,695,690,695,690,0
2022-03-09 10:07:00,685,685,690,690,40600
2022-03-09 10:08:00,690,690,695,695,5500
2022-03-09 10:09:00,695,695,695,695,1700
2022-03-09 10:10:00,695,695,695,695,1600
2022-03-09 10:11:00,695,695,695,695,1700
2022-03-09 10:12:00,690,690,695,695,1900
2022-03-09 10:13:00,695,695,695,695,400
2022-03-09 10:14:00,695,695,695,695,800
2022-03-09 10:15:00,695,690,695,690,5300
2022-03-09 10:16:00,695,685,695,695,3800
2022-03-09 10:17:00,690,685,695,695,1000
2022-03-09 10:18:00,695,685,695,690,1100
2022-03-09 10:19:00,695,690,695,690,1000
2022-03-09 10:20:00,695,685,695,690,1100
2022-03-09 10:21:00,695,680,695,680,7500
2022-03-09 10:22:00,680,680,680,680,2300
2022-03-09 10:23:00,695,695,700,700,31400
2022-03-09 10:24:00,700,690,700,690,1400
2022-03-09 10:25:00,700,685,700,695,1900
2022-03-09 10:26:00,695,695,700,700,800
2022-03-09 10:27:00,700,685,700,685,2500
2022-03-09 10:28:00,690,685,695,695,2800
2022-03-09 10:29:00,695,695,700,700,1100
2022-03-09 10:30:00,700,695,700,695,600
2022-03-09 10:31:00,700,690,700,690,1400
2022-03-09 10:32:00,700,700,700,700,800
2022-03-09 10:33:00,700,695,700,695,400
2022-03-09 10:34:00,700,695,700,695,700
2022-03-09 10:35:00,700,690,700,690,900
2022-03-09 10:36:00,695,685,695,685,2100
2022-03-09 10:37:00,695,685,695,685,0
2022-03-09 10:38:00,680,680,680,680,2000
2022-03-09 10:39:00,685,685,695,695,800
2022-03-09 10:40:00,695,695,695,695,435700
2022-03-09 10:41:00,695,690,695,690,1100
2022-03-09 10:42:00,690,690,690,690,1100
2022-03-09 10:43:00,690,690,690,690,0
2022-03-09 10:44:00,690,690,690,690,0
2022-03-09 10:45:00,685,680,685,685,5500
2022-03-09 10:46:00,685,685,685,685,1300
2022-03-09 10:47:00,685,685,685,685,2300
2022-03-09 10:48:00,690,690,690,690,1000
2022-03-09 10:49:00,690,690,690,690,800
2022-03-09 10:50:00,690,690,690,690,1000
2022-03-09 10:51:00,685,685,690,690,900
2022-03-09 10:52:00,690,685,690,690,1700
2022-03-09 10:53:00,690,685,690,685,700
2022-03-09 10:54:00,690,690,690,690,900
2022-03-09 10:55:00,690,690,690,690,500
2022-03-09 10:56:00,690,690,690,690,700
2022-03-09 10:57:00,690,690,690,690,200
2022-03-09 10:58:00,690,690,690,690,300
2022-03-09 10:59:00,690,690,690,690,0
2022-03-09 11:00:00,690,690,690,690,200
2022-03-09 11:01:00,690,690,690,690,200
2022-03-09 11:02:00,690,690,690,690,500
2022-03-09 11:03:00,690,690,690,690,200
2022-03-09 11:04:00,690,690,690,690,300
2022-03-09 11:05:00,690,690,690,690,300
2022-03-09 11:06:00,690,690,690,690,200
2022-03-09 11:07:00,690,690,690,690,200
2022-03-09 11:08:00,685,685,690,690,400
2022-03-09 11:09:00,690,690,690,690,200
2022-03-09 11:10:00,690,690,690,690,200
2022-03-09 11:11:00,690,690,690,690,200
2022-03-09 11:12:00,690,690,690,690,500
2022-03-09 11:13:00,690,690,690,690,300
2022-03-09 11:14:00,690,690,690,690,300
2022-03-09 11:15:00,690,690,690,690,200
2022-03-09 11:16:00,690,690,690,690,500
2022-03-09 11:17:00,690,690,690,690,300
2022-03-09 11:18:00,690,690,690,690,300
2022-03-09 11:19:00,690,690,690,690,300
2022-03-09 11:20:00,690,690,690,690,200
2022-03-09 11:21:00,690,690,690,690,0
2022-03-09 11:22:00,690,690,690,690,400
2022-03-09 11:23:00,690,690,690,690,300
2022-03-09 11:24:00,690,690,690,690,0
2022-03-09 11:25:00,690,690,690,690,300
2022-03-09 11:26:00,690,690,690,690,300
2022-03-09 11:27:00,690,690,690,690,300
2022-03-09 11:28:00,690,690,690,690,200
2022-03-09 11:29:00,690,690,690,690,500
2022-03-09 11:30:00,690,690,690,690,0
2022-03-09 11:31:00,690,690,690,690,0
2022-03-09 11:32:00,690,690,690,690,0
2022-03-09 11:33:00,690,690,690,690,0
2022-03-09 11:34:00,690,690,690,690,0
2022-03-09 11:35:00,690,690,690,690,0
2022-03-09 11:36:00,690,690,690,690,0
2022-03-09 11:37:00,690,690,690,690,0
2022-03-09 11:38:00,690,690,690,690,0
2022-03-09 11:39:00,690,690,690,690,0
2022-03-09 11:40:00,690,690,690,690,0
2022-03-09 11:41:00,690,690,690,690,0
2022-03-09 11:42:00,690,690,690,690,0
2022-03-09 11:43:00,690,690,690,690,0
2022-03-09 11:44:00,690,690,690,690,0
2022-03-09 11:45:00,690,690,690,690,0
2022-03-09 11:46:00,690,690,690,690,0
2022-03-09 11:47:00,690,690,690,690,0
2022-03-09 11:48:00,690,690,690,690,0
2022-03-09 11:49:00,690,690,690,690,0
2022-03-09 11:50:00,690,690,690,690,0
2022-03-09 11:51:00,690,690,690,690,0
2022-03-09 11:52:00,690,690,690,690,0
2022-03-09 11:53:00,690,690,690,690,0
2022-03-09 11:54:00,690,690,690,690,0
2022-03-09 11:55:00,690,690,690,690,0
2022-03-09 11:56:00,690,690,690,690,0
2022-03-09 11:57:00,690,690,690,690,0
2022-03-09 11:58:00,690,690,690,690,0
2022-03-09 11:59:00,690,690,690,690,0
2022-03-09 12:00:00,690,690,690,690,0
2022-03-09 12:01:00,690,690,690,690,0
2022-03-09 12:02:00,690,690,690,690,0
2022-03-09 12:03:00,690,690,690,690,0
2022-03-09 12:04:00,690,690,690,690,0
2022-03-09 12:05:00,690,690,690,690,0
2022-03-09 12:06:00,690,690,690,690,0
2022-03-09 12:07:00,690,690,690,690,0
2022-03-09 12:08:00,690,690,690,690,0
2022-03-09 12:09:00,690,690,690,690,0
2022-03-09 12:10:00,690,690,690,690,0
2022-03-09 12:11:00,690,690,690,690,0
2022-03-09 12:12:00,690,690,690,690,0
2022-03-09 12:13:00,690,690,690,690,0
2022-03-09 12:14:00,690,690,690,690,0
2022-03-09 12:15:00,690,690,690,690,0
2022-03-09 12:16:00,690,690,690,690,0
2022-03-09 12:17:00,690,690,690,690,0
2022-03-09 12:18:00,690,690,690,690,0
2022-03-09 12:19:00,690,690,690,690,0
2022-03-09 12:20:00,690,690,690,690,0
2022-03-09 12:21:00,690,690,690,690,0
2022-03-09 12:22:00,690,690,690,690,0
2022-03-09 12:23:00,690,690,690,690,0
2022-03-09 12:24:00,690,690,690,690,0
2022-03-09 12:25:00,690,690,690,690,0
2022-03-09 12:26:00,690,690,690,690,0
2022-03-09 12:27:00,690,690,690,690,0
2022-03-09 12:28:00,690,690,690,690,0
2022-03-09 12:29:00,690,690,690,690,0
2022-03-09 12:30:00,690,690,690,690,0
2022-03-09 12:31:00,690,690,690,690,0
2022-03-09 12:32:00,690,690,690,690,0
2022-03-09 12:33:00,690,690,690,690,0
2022-03-09 12:34:00,690,690,690,690,0
2022-03-09 12:35:00,690,690,690,690,0
2022-03-09 12:36:00,690,690,690,690,0
2022-03-09 12:37:00,690,690,690,690,0
2022-03-09 12:38:00,690,690,690,690,0
2022-03-09 12:39:00,690,690,690,690,0
2022-03-09 12:40:00,690,690,690,690,0
2022-03-09 12:41:00,690,690,690,690,0
2022-03-09 12:42:00,690,690,690,690,0
2022-03-09 12:43:00,690,690,690,690,0
2022-03-09 12:44:00,690,690,690,690,0
2022-03-09 12:45:00,690,690,690,690,0
2022-03-09 12:46:00,690,690,690,690,0
2022-03-09 12:47:00,690,690,690,690,0
2022-03-09 12:48:00,690,690,690,690,0
2022-03-09 12:49:00,690,690,690,690,0
2022-03-09 12:50:00,690,690,690,690,0
2022-03-09 12:51:00,690,690,690,690,0
2022-03-09 12:52:00,690,690,690,690,0
2022-03-09 12:53:00,690,690,690,690,0
2022-03-09 12:54:00,690,690,690,690,0
2022-03-09 12:55:00,690,690,690,690,0
2022-03-09 12:56:00,690,690,690,690,0
2022-03-09 12:57:00,690,690,690,690,0
2022-03-09 12:58:00,690,690,690,690,0
2022-03-09 12:59:00,690,690,690,690,0
2022-03-09 13:00:00,690,690,690,690,0
2022-03-09 13:01:00,690,690,690,690,0
2022-03-09 13:02:00,690,690,690,690,0
2022-03-09 13:03:00,690,690,690,690,0
2022-03-09 13:04:00,690,690,690,690,0
2022-03-09 13:05:00,690,690,690,690,0
2022-03-09 13:06:00,690,690,690,690,0
2022-03-09 13:07:00,690,690,690,690,0
2022-03-09 13:08:00,690,690,690,690,0
2022-03-09 13:09:00,690,690,690,690,0
2022-03-09 13:10:00,690,690,690,690,0
2022-03-09 13:11:00,690,690,690,690,0
2022-03-09 13:12:00,690,690,690,690,0
2022-03-09 13:13:00,690,690,690,690,0
2022-03-09 13:14:00,690,690,690,690,0
2022-03-09 13:15:00,690,690,690,690,0
2022-03-09 13:16:00,690,690,690,690,0
2022-03-09 13:17:00,690,690,690,690,0
2022-03-09 13:18:00,690,690,690,690,0
2022-03-09 13:19:00,690,690,690,690,0
2022-03-09 13:20:00,690,690,690,690,0
2022-03-09 13:21:00,690,690,690,690,0
2022-03-09 13:22:00,690,690,690,690,0
2022-03-09 13:23:00,690,690,690,690,0
2022-03-09 13:24:00,690,690,690,690,0
2022-03-09 13:25:00,690,690,690,690,0
2022-03-09 13:26:00,690,690,690,690,0
2022-03-09 13:27:00,690,690,690,690,0
2022-03-09 13:28:00,690,690,690,690,0
2022-03-09 13:29:00,690,690,690,690,0
2022-03-09 13:30:00,685,685,685,685,1300
2022-03-09 13:31:00,685,685,685,685,800
2022-03-09 13:32:00,685,685,685,685,2000
2022-03-09 13:33:00,685,685,685,685,300
2022-03-09 13:34:00,685,685,690,690,700
2022-03-09 13:35:00,690,690,690,690,400
2022-03-09 13:36:00,690,690,690,690,300
2022-03-09 13:37:00,690,690,690,690,200
2022-03-09 13:38:00,690,690,690,690,200
2022-03-09 13:39:00,690,690,690,690,0
2022-03-09 13:40:00,690,690,690,690,200
2022-03-09 13:41:00,690,690,690,690,300
2022-03-09 13:42:00,690,690,690,690,0
2022-03-09 13:43:00,690,690,690,690,300
2022-03-09 13:44:00,690,690,690,690,0
2022-03-09 13:45:00,690,690,690,690,300
2022-03-09 13:46:00,690,690,690,690,0
2022-03-09 13:47:00,690,690,690,690,200
2022-03-09 13:48:00,690,690,690,690,0
2022-03-09 13:49:00,690,690,690,690,200
2022-03-09 13:50:00,690,690,690,690,0
2022-03-09 13:51:00,690,690,690,690,0
2022-03-09 13:52:00,685,685,690,690,800
2022-03-09 13:53:00,690,690,690,690,1000
2022-03-09 13:54:00,690,690,690,690,200
2022-03-09 13:55:00,690,690,690,690,0
2022-03-09 13:56:00,690,690,690,690,0
2022-03-09 13:57:00,690,690,690,690,0
2022-03-09 13:58:00,690,690,690,690,300
2022-03-09 13:59:00,690,690,690,690,0
2022-03-09 14:00:00,690,690,690,690,300
2022-03-09 14:01:00,690,690,690,690,0
2022-03-09 14:02:00,690,690,690,690,0
2022-03-09 14:03:00,690,690,690,690,200
2022-03-09 14:04:00,690,690,690,690,0
2022-03-09 14:05:00,690,690,690,690,0
2022-03-09 14:06:00,690,690,690,690,0
2022-03-09 14:07:00,690,690,690,690,300
2022-03-09 14:08:00,690,690,690,690,0
2022-03-09 14:09:00,690,690,690,690,200
2022-03-09 14:10:00,690,690,690,690,0
2022-03-09 14:11:00,690,690,690,690,0
2022-03-09 14:12:00,690,690,690,690,0
2022-03-09 14:13:00,690,690,690,690,0
2022-03-09 14:14:00,690,690,690,690,200
2022-03-09 14:15:00,690,690,690,690,0
2022-03-09 14:16:00,690,690,690,690,300
2022-03-09 14:17:00,690,690,690,690,0
2022-03-09 14:18:00,690,690,690,690,300
2022-03-09 14:19:00,690,690,690,690,300
2022-03-09 14:20:00,690,690,690,690,0
2022-03-09 14:21:00,690,690,690,690,200
2022-03-09 14:22:00,690,690,690,690,0
2022-03-09 14:23:00,690,690,690,690,200
2022-03-09 14:24:00,690,690,690,690,0
2022-03-09 14:25:00,690,690,690,690,200
2022-03-09 14:26:00,690,690,690,690,0
2022-03-09 14:27:00,690,690,690,690,200
2022-03-09 14:28:00,690,690,690,690,0
2022-03-09 14:29:00,690,690,690,690,300
2022-03-09 14:30:00,690,690,690,690,0
2022-03-09 14:31:00,690,690,690,690,300
2022-03-09 14:32:00,690,690,690,690,200
2022-03-09 14:33:00,690,690,690,690,300
2022-03-09 14:34:00,690,690,690,690,200
2022-03-09 14:35:00,690,690,690,690,0
2022-03-09 14:36:00,690,690,690,690,0
2022-03-09 14:37:00,690,690,690,690,1000
2022-03-09 14:38:00,690,690,690,690,0
2022-03-09 14:39:00,690,690,690,690,200
2022-03-09 14:40:00,690,690,690,690,0
2022-03-09 14:41:00,690,690,690,690,300
2022-03-09 14:42:00,690,690,690,690,0
2022-03-09 14:43:00,690,690,690,690,1100
2022-03-09 14:44:00,690,690,690,690,0
2022-03-09 14:45:00,690,690,690,690,300
2022-03-09 14:46:00,690,690,690,690,400
2022-03-09 14:47:00,690,690,690,690,300
2022-03-09 14:48:00,690,690,690,690,900
2022-03-09 14:49:00,690,690,690,690,1800
2022-03-09 14:50:00,690,690,690,690,0
2022-03-09 14:51:00,690,690,690,690,0
2022-03-09 14:52:00,690,690,690,690,0
2022-03-09 14:53:00,690,690,690,690,0
2022-03-09 14:54:00,690,690,690,690,0
2022-03-09 14:55:00,690,690,690,690,0
2022-03-09 14:56:00,690,690,690,690,0
2022-03-09 14:57:00,690,690,690,690,0
2022-03-09 14:58:00,690,690,690,690,0
2022-03-09 14:59:00,690,690,690,690,0
2022-03-09 15:00:00,685,685,685,685,12700
2022-03-09 15:01:00,685,685,685,685,0
2022-03-09 15:02:00,685,685,685,685,19100
2022-03-09 15:03:00,685,685,685,685,0
2022-03-09 15:04:00,685,685,685,685,0
2022-03-09 15:05:00,685,685,685,685,700
2022-03-09 15:06:00,685,685,685,685,0
2022-03-09 15:07:00,685,685,685,685,0
2022-03-09 15:08:00,685,685,685,685,0
2022-03-09 15:09:00,685,685,685,685,0
2022-03-09 15:10:00,685,685,685,685,0
2022-03-09 15:11:00,685,685,685,685,600
2022-03-09 15:12:00,685,685,685,685,0
2022-03-09 15:13:00,685,685,685,685,0
2022-03-09 15:14:00,685,685,685,685,0
2022-03-09 15:15:00,685,685,685,685,0
2022-03-09 15:16:00,685,685,685,685,0
2022-03-09 15:17:00,685,685,685,685,0
2022-03-09 15:18:00,685,685,685,685,0
2022-03-09 15:19:00,685,685,685,685,0
2022-03-09 15:20:00,685,685,685,685,0
2022-03-09 15:21:00,685,685,685,685,0
2022-03-09 15:22:00,685,685,685,685,0
2022-03-09 15:23:00,685,685,685,685,0
2022-03-09 15:24:00,685,685,685,685,0
2022-03-09 15:25:00,685,685,685,685,0
2022-03-09 15:26:00,685,685,685,685,0
2022-03-09 15:27:00,685,685,685,685,0
2022-03-09 15:28:00,685,685,685,685,0
2022-03-09 15:29:00,685,685,685,685,0
2022-03-09 15:30:00,685,685,685,685,0
2022-03-09 15:31:00,685,685,685,685,0
2022-03-09 15:32:00,685,685,685,685,0
2022-03-09 15:33:00,685,685,685,685,0
2022-03-09 15:34:00,685,685,685,685,0
2022-03-09 15:35:00,685,685,685,685,0
2022-03-09 15:36:00,685,685,685,685,0
2022-03-09 15:37:00,685,685,685,685,0
2022-03-09 15:38:00,685,685,685,685,0
2022-03-09 15:39:00,685,685,685,685,0
2022-03-09 15:40:00,685,685,685,685,0
2022-03-09 15:41:00,685,685,685,685,0
2022-03-09 15:42:00,685,685,685,685,0
2022-03-09 15:43:00,685,685,685,685,0
2022-03-09 15:44:00,685,685,685,685,0
2022-03-09 15:45:00,685,685,685,685,0
2022-03-09 15:46:00,685,685,685,685,0
2022-03-09 15:47:00,685,685,685,685,0
2022-03-09 15:48:00,685,685,685,685,0
2022-03-09 15:49:00,685,685,685,685,0
2022-03-09 15:50:00,685,685,685,685,0
2022-03-09 15:51:00,685,685,685,685,0
2022-03-09 15:52:00,685,685,685,685,0
2022-03-09 15:53:00,685,685,685,685,0
2022-03-09 15:54:00,685,685,685,685,0
2022-03-09 15:55:00,685,685,685,685,0
2022-03-09 15:56:00,685,685,685,685,0
2022-03-09 15:57:00,685,685,685,685,0
2022-03-09 15:58:00,685,685,685,685,0
2022-03-09 15:59:00,685,685,685,685,0
2022-03-10 09:00:00,680,680,685,685,0
2022-03-10 09:01:00,685,685,685,685,200
2022-03-10 09:02:00,685,685,685,685,0
2022-03-10 09:03:00,685,685,685,685,0
2022-03-10 09:04:00,685,685,685,685,500
2022-03-10 09:05:00,685,685,685,685,0
2022-03-10 09:06:00,685,685,685,685,0
2022-03-10 09:07:00,685,685,685,685,0
2022-03-10 09:08:00,685,685,685,685,0
2022-03-10 09:09:00,685,685,685,685,1000
2022-03-10 09:10:00,685,685,685,685,0
2022-03-10 09:11:00,685,685,685,685,0
2022-03-10 09:12:00,685,685,685,685,0
2022-03-10 09:13:00,685,685,685,685,0
2022-03-10 09:14:00,685,685,685,685,0
2022-03-10 09:15:00,685,685,685,685,0
2022-03-10 09:16:00,685,685,685,685,0
2022-03-10 09:17:00,685,685,685,685,0
2022-03-10 09:18:00,685,685,685,685,0
2022-03-10 09:19:00,685,685,685,685,0
2022-03-10 09:20:00,685,685,685,685,200
2022-03-10 09:21:00,685,685,685,685,0
2022-03-10 09:22:00,685,685,685,685,0
2022-03-10 09:23:00,685,685,685,685,0
2022-03-10 09:24:00,685,685,685,685,0
2022-03-10 09:25:00,685,685,685,685,0
2022-03-10 09:26:00,685,685,685,685,0
2022-03-10 09:27:00,685,685,685,685,32500
2022-03-10 09:28:00,685,685,685,685,0
2022-03-10 09:29:00,685,685,685,685,0
2022-03-10 09:30:00,680,680,690,690,61600
2022-03-10 09:31:00,690,690,695,695,60500
2022-03-10 09:32:00,695,695,695,695,200
2022-03-10 09:33:00,695,695,695,695,0
2022-03-10 09:34:00,695,695,695,695,0
2022-03-10 09:35:00,695,695,695,695,0
2022-03-10 09:36:00,695,695,695,695,17500
2022-03-10 09:37:00,695,695,700,700,4000
2022-03-10 09:38:00,695,695,700,700,0
2022-03-10 09:39:00,695,695,700,700,0
2022-03-10 09:40:00,700,700,700,700,300
2022-03-10 09:41:00,700,700,700,700,73200
2022-03-10 09:42:00,700,700,705,705,18200
2022-03-10 09:43:00,705,705,705,705,100
2022-03-10 09:44:00,705,705,705,705,1500
2022-03-10 09:45:00,700,700,700,700,600
2022-03-10 09:46:00,700,700,700,700,100
2022-03-10 09:47:00,700,700,705,705,26300
2022-03-10 09:48:00,705,705,705,705,200
2022-03-10 09:49:00,705,705,705,705,10000
2022-03-10 09:50:00,705,705,705,705,0
2022-03-10 09:51:00,705,705,705,705,0
2022-03-10 09:52:00,705,705,705,705,0
2022-03-10 09:53:00,705,705,705,705,0
2022-03-10 09:54:00,700,700,700,700,800
2022-03-10 09:55:00,700,700,700,700,9700
2022-03-10 09:56:00,705,705,705,705,2400
2022-03-10 09:57:00,705,705,705,705,0
2022-03-10 09:58:00,705,705,705,705,0
2022-03-10 09:59:00,705,705,705,705,0
2022-03-10 10:00:00,705,705,705,705,200
2022-03-10 10:01:00,705,705,705,705,4600
2022-03-10 10:02:00,705,705,705,705,0
2022-03-10 10:03:00,705,705,705,705,0
2022-03-10 10:04:00,705,705,705,705,0
2022-03-10 10:05:00,705,705,705,705,1700
2022-03-10 10:06:00,705,705,705,705,0
2022-03-10 10:07:00,705,705,705,705,0
2022-03-10 10:08:00,705,705,705,705,1500
2022-03-10 10:09:00,705,705,705,705,0
2022-03-10 10:10:00,705,705,705,705,0
2022-03-10 10:11:00,705,705,705,705,0
2022-03-10 10:12:00,700,700,705,705,800
2022-03-10 10:13:00,700,700,705,705,0
2022-03-10 10:14:00,700,700,705,705,0
2022-03-10 10:15:00,700,700,705,705,0
2022-03-10 10:16:00,700,700,705,705,0
2022-03-10 10:17:00,700,700,705,705,0
2022-03-10 10:18:00,700,700,705,705,0
2022-03-10 10:19:00,700,700,705,705,0
2022-03-10 10:20:00,700,700,705,705,0
2022-03-10 10:21:00,700,700,705,705,0
2022-03-10 10:22:00,700,700,705,705,0
2022-03-10 10:23:00,700,700,705,705,0
2022-03-10 10:24:00,700,700,705,705,0
2022-03-10 10:25:00,700,700,705,705,0
2022-03-10 10:26:00,705,705,705,705,300
2022-03-10 10:27:00,705,705,705,705,0
2022-03-10 10:28:00,705,705,705,705,0
2022-03-10 10:29:00,705,705,705,705,0
2022-03-10 10:30:00,705,705,705,705,0
2022-03-10 10:31:00,705,705,705,705,1800
2022-03-10 10:32:00,705,705,705,705,0
2022-03-10 10:33:00,705,705,705,705,0
2022-03-10 10:34:00,705,705,705,705,0
2022-03-10 10:35:00,705,705,705,705,0
2022-03-10 10:36:00,705,705,705,705,0
2022-03-10 10:37:00,700,700,700,700,3000
2022-03-10 10:38:00,705,705,705,705,200
2022-03-10 10:39:00,700,700,705,705,900
2022-03-10 10:40:00,700,700,705,705,0
2022-03-10 10:41:00,700,700,705,705,0
2022-03-10 10:42:00,700,700,705,705,0
2022-03-10 10:43:00,700,700,705,705,0
2022-03-10 10:44:00,700,700,705,705,0
2022-03-10 10:45:00,700,700,705,705,0
2022-03-10 10:46:00,700,700,705,705,0
2022-03-10 10:47:00,700,700,705,705,0
2022-03-10 10:48:00,700,700,705,705,0
2022-03-10 10:49:00,700,700,705,705,0
2022-03-10 10:50:00,700,700,705,705,0
2022-03-10 10:51:00,705,705,705,705,200
2022-03-10 10:52:00,700,700,705,705,300
2022-03-10 10:53:00,700,700,705,705,0
2022-03-10 10:54:00,700,700,705,705,500
2022-03-10 10:55:00,700,700,705,700,1200
2022-03-10 10:56:00,705,705,705,705,200
2022-03-10 10:57:00,705,705,705,705,400
2022-03-10 10:58:00,700,700,700,700,900
2022-03-10 10:59:00,700,700,700,700,0
2022-03-10 11:00:00,700,700,700,700,0
2022-03-10 11:01:00,700,700,700,700,0
2022-03-10 11:02:00,700,700,700,700,0
2022-03-10 11:03:00,700,700,700,700,10100
2022-03-10 11:04:00,700,700,700,700,0
2022-03-10 11:05:00,700,700,700,700,0
2022-03-10 11:06:00,700,700,700,700,0
2022-03-10 11:07:00,700,700,700,700,0
2022-03-10 11:08:00,700,700,700,700,0
2022-03-10 11:09:00,700,700,700,700,300
2022-03-10 11:10:00,700,700,700,700,0
2022-03-10 11:11:00,700,700,700,700,0
2022-03-10 11:12:00,700,700,700,700,0
2022-03-10 11:13:00,700,700,700,700,0
2022-03-10 11:14:00,700,700,700,700,0
2022-03-10 11:15:00,700,700,700,700,0
2022-03-10 11:16:00,700,700,700,700,0
2022-03-10 11:17:00,700,700,700,700,200
2022-03-10 11:18:00,700,700,700,700,1900
2022-03-10 11:19:00,700,700,700,700,0
2022-03-10 11:20:00,700,700,700,700,0
2022-03-10 11:21:00,700,700,700,700,0
2022-03-10 11:22:00,700,700,700,700,0
2022-03-10 11:23:00,700,700,700,700,0
2022-03-10 11:24:00,700,700,700,700,0
2022-03-10 11:25:00,700,700,700,700,0
2022-03-10 11:26:00,700,700,700,700,0
2022-03-10 11:27:00,700,700,700,700,300
2022-03-10 11:28:00,700,700,700,700,0
2022-03-10 11:29:00,700,700,700,700,400
2022-03-10 11:30:00,700,700,700,700,0
2022-03-10 11:31:00,700,700,700,700,0
2022-03-10 11:32:00,700,700,700,700,0
2022-03-10 11:33:00,700,700,700,700,0
2022-03-10 11:34:00,700,700,700,700,0
2022-03-10 11:35:00,700,700,700,700,0
2022-03-10 11:36:00,700,700,700,700,0
2022-03-10 11:37:00,700,700,700,700,0
2022-03-10 11:38:00,700,700,700,700,0
2022-03-10 11:39:00,700,700,700,700,0
2022-03-10 11:40:00,700,700,700,700,0
2022-03-10 11:41:00,700,700,700,700,0
2022-03-10 11:42:00,700,700,700,700,0
2022-03-10 11:43:00,700,700,700,700,0
2022-03-10 11:44:00,700,700,700,700,0
2022-03-10 11:45:00,700,700,700,700,0
2022-03-10 11:46:00,700,700,700,700,0
2022-03-10 11:47:00,700,700,700,700,0
2022-03-10 11:48:00,700,700,700,700,0
2022-03-10 11:49:00,700,700,700,700,0
2022-03-10 11:50:00,700,700,700,700,0
2022-03-10 11:51:00,700,700,700,700,0
2022-03-10 11:52:00,700,700,700,700,0
2022-03-10 11:53:00,700,700,700,700,0
2022-03-10 11:54:00,700,700,700,700,0
2022-03-10 11:55:00,700,700,700,700,0
2022-03-10 11:56:00,700,700,700,700,0
2022-03-10 11:57:00,700,700,700,700,0
2022-03-10 11:58:00,700,700,700,700,0
2022-03-10 11:59:00,700,700,700,700,0
2022-03-10 12:00:00,700,700,700,700,0
2022-03-10 12:01:00,700,700,700,700,0
2022-03-10 12:02:00,700,700,700,700,0
2022-03-10 12:03:00,700,700,700,700,0
2022-03-10 12:04:00,700,700,700,700,0
2022-03-10 12:05:00,700,700,700,700,0
2022-03-10 12:06:00,700,700,700,700,0
2022-03-10 12:07:00,700,700,700,700,0
2022-03-10 12:08:00,700,700,700,700,0
2022-03-10 12:09:00,700,700,700,700,0
2022-03-10 12:10:00,700,700,700,700,0
2022-03-10 12:11:00,700,700,700,700,0
2022-03-10 12:12:00,700,700,700,700,0
2022-03-10 12:13:00,700,700,700,700,0
2022-03-10 12:14:00,700,700,700,700,0
2022-03-10 12:15:00,700,700,700,700,0
2022-03-10 12:16:00,700,700,700,700,0
2022-03-10 12:17:00,700,700,700,700,0
2022-03-10 12:18:00,700,700,700,700,0
2022-03-10 12:19:00,700,700,700,700,0
2022-03-10 12:20:00,700,700,700,700,0
2022-03-10 12:21:00,700,700,700,700,0
2022-03-10 12:22:00,700,700,700,700,0
2022-03-10 12:23:00,700,700,700,700,0
2022-03-10 12:24:00,700,700,700,700,0
2022-03-10 12:25:00,700,700,700,700,0
2022-03-10 12:26:00,700,700,700,700,0
2022-03-10 12:27:00,700,700,700,700,0
2022-03-10 12:28:00,700,700,700,700,0
2022-03-10 12:29:00,700,700,700,700,0
2022-03-10 12:30:00,700,700,700,700,0
2022-03-10 12:31:00,700,700,700,700,0
2022-03-10 12:32:00,700,700,700,700,0
2022-03-10 12:33:00,700,700,700,700,0
2022-03-10 12:34:00,700,700,700,700,0
2022-03-10 12:35:00,700,700,700,700,0
2022-03-10 12:36:00,700,700,700,700,0
2022-03-10 12:37:00,700,700,700,700,0
2022-03-10 12:38:00,700,700,700,700,0
2022-03-10 12:39:00,700,700,700,700,0
2022-03-10 12:40:00,700,700,700,700,0
2022-03-10 12:41:00,700,700,700,700,0
2022-03-10 12:42:00,700,700,700,700,0
2022-03-10 12:43:00,700,700,700,700,0
2022-03-10 12:44:00,700,700,700,700,0
2022-03-10 12:45:00,700,700,700,700,0
2022-03-10 12:46:00,700,700,700,700,0
2022-03-10 12:47:00,700,700,700,700,0
2022-03-10 12:48:00,700,700,700,700,0
2022-03-10 12:49:00,700,700,700,700,0
2022-03-10 12:50:00,700,700,700,700,0
2022-03-10 12:51:00,700,700,700,700,0
2022-03-10 12:52:00,700,700,700,700,0
2022-03-10 12:53:00,700,700,700,700,0
2022-03-10 12:54:00,700,700,700,700,0
2022-03-10 12:55:00,700,700,700,700,0
2022-03-10 12:56:00,700,700,700,700,0
2022-03-10 12:57:00,700,700,700,700,0
2022-03-10 12:58:00,700,700,700,700,0
2022-03-10 12:59:00,700,700,700,700,0
2022-03-10 13:00:00,700,700,700,700,0
2022-03-10 13:01:00,700,700,700,700,0
2022-03-10 13:02:00,700,700,700,700,0
2022-03-10 13:03:00,700,700,700,700,0
2022-03-10 13:04:00,700,700,700,700,0
2022-03-10 13:05:00,700,700,700,700,0
2022-03-10 13:06:00,700,700,700,700,0
2022-03-10 13:07:00,700,700,700,700,0
2022-03-10 13:08:00,700,700,700,700,0
2022-03-10 13:09:00,700,700,700,700,0
2022-03-10 13:10:00,700,700,700,700,0
2022-03-10 13:11:00,700,700,700,700,0
2022-03-10 13:12:00,700,700,700,700,0
2022-03-10 13:13:00,700,700,700,700,0
2022-03-10 13:14:00,700,700,700,700,0
2022-03-10 13:15:00,700,700,700,700,0
2022-03-10 13:16:00,700,700,700,700,0
2022-03-10 13:17:00,700,700,700,700,0
2022-03-10 13:18:00,700,700,700,700,0
2022-03-10 13:19:00,700,700,700,700,0
2022-03-10 13:20:00,700,700,700,700,0
2022-03-10 13:21:00,700,700,700,700,0
2022-03-10 13:22:00,700,700,700,700,0
2022-03-10 13:23:00,700,700,700,700,0
2022-03-10 13:24:00,700,700,700,700,0
2022-03-10 13:25:00,700,700,700,700,0
2022-03-10 13:26:00,700,700,700,700,0
2022-03-10 13:27:00,700,700,700,700,0
2022-03-10 13:28:00,700,700,700,700,0
2022-03-10 13:29:00,700,700,700,700,0
2022-03-10 13:30:00,700,695,700,695,600
2022-03-10 13:31:00,700,695,700,695,0
2022-03-10 13:32:00,700,700,700,700,1200
2022-03-10 13:33:00,700,700,700,700,0
2022-03-10 13:34:00,700,700,700,700,0
2022-03-10 13:35:00,700,700,700,700,0
2022-03-10 13:36:00,700,700,700,700,0
2022-03-10 13:37:00,695,685,705,705,127500
2022-03-10 13:38:00,705,700,705,700,700
2022-03-10 13:39:00,695,695,705,705,2000
2022-03-10 13:40:00,705,700,705,700,500
2022-03-10 13:41:00,700,695,700,695,800
2022-03-10 13:42:00,700,700,700,700,300
2022-03-10 13:43:00,700,690,700,690,1400
2022-03-10 13:44:00,690,690,700,700,1000
2022-03-10 13:45:00,690,690,700,700,0
2022-03-10 13:46:00,695,695,695,695,500
2022-03-10 13:47:00,695,695,695,695,500
2022-03-10 13:48:00,695,695,695,695,200
2022-03-10 13:49:00,695,695,695,695,0
2022-03-10 13:50:00,695,695,695,695,200
2022-03-10 13:51:00,695,695,695,695,200
2022-03-10 13:52:00,695,695,695,695,0
2022-03-10 13:53:00,695,695,695,695,200
2022-03-10 13:54:00,695,695,695,695,0
2022-03-10 13:55:00,695,695,695,695,200
2022-03-10 13:56:00,695,695,695,695,0
2022-03-10 13:57:00,695,695,695,695,200
2022-03-10 13:58:00,695,695,695,695,0
2022-03-10 13:59:00,695,695,695,695,0
2022-03-10 14:00:00,695,695,695,695,500
2022-03-10 14:01:00,695,695,695,695,0
2022-03-10 14:02:00,695,695,695,695,0
2022-03-10 14:03:00,695,695,695,695,300
2022-03-10 14:04:00,695,695,695,695,300
2022-03-10 14:05:00,695,695,695,695,0
2022-03-10 14:06:00,695,695,695,695,200
2022-03-10 14:07:00,695,695,695,695,0
2022-03-10 14:08:00,695,695,695,695,0
2022-03-10 14:09:00,695,695,695,695,0
2022-03-10 14:10:00,695,695,695,695,0
2022-03-10 14:11:00,695,695,695,695,0
2022-03-10 14:12:00,695,695,695,695,200
2022-03-10 14:13:00,695,695,695,695,0
2022-03-10 14:14:00,695,695,695,695,0
2022-03-10 14:15:00,695,695,695,695,300
2022-03-10 14:16:00,695,695,695,695,0
2022-03-10 14:17:00,695,695,695,695,0
2022-03-10 14:18:00,695,695,695,695,0
2022-03-10 14:19:00,695,695,695,695,0
2022-03-10 14:20:00,695,695,695,695,0
2022-03-10 14:21:00,695,695,695,695,300
2022-03-10 14:22:00,695,695,695,695,0
2022-03-10 14:23:00,695,695,695,695,2000
2022-03-10 14:24:00,695,695,695,695,0
2022-03-10 14:25:00,695,695,695,695,0
2022-03-10 14:26:00,695,695,695,695,200
2022-03-10 14:27:00,695,695,695,695,0
2022-03-10 14:28:00,695,695,695,695,0
2022-03-10 14:29:00,690,690,690,690,3400
2022-03-10 14:30:00,690,690,690,690,5200
2022-03-10 14:31:00,690,690,690,690,0
2022-03-10 14:32:00,690,690,690,690,0
2022-03-10 14:33:00,690,690,690,690,0
2022-03-10 14:34:00,690,690,690,690,300
2022-03-10 14:35:00,690,690,690,690,0
2022-03-10 14:36:00,690,690,690,690,200
2022-03-10 14:37:00,690,690,690,690,200
2022-03-10 14:38:00,690,690,690,690,0
2022-03-10 14:39:00,690,690,690,690,300
2022-03-10 14:40:00,690,690,690,690,0
2022-03-10 14:41:00,690,690,690,690,200
2022-03-10 14:42:00,690,690,690,690,0
2022-03-10 14:43:00,690,685,690,685,21900
2022-03-10 14:44:00,690,685,690,685,0
2022-03-10 14:45:00,690,685,690,685,0
2022-03-10 14:46:00,685,685,685,685,1100
2022-03-10 14:47:00,685,685,685,685,300
2022-03-10 14:48:00,685,685,685,685,0
2022-03-10 14:49:00,685,685,685,685,700
2022-03-10 14:50:00,685,685,685,685,0
2022-03-10 14:51:00,685,685,685,685,0
2022-03-10 14:52:00,685,685,685,685,0
2022-03-10 14:53:00,685,685,685,685,0
2022-03-10 14:54:00,685,685,685,685,0
2022-03-10 14:55:00,685,685,685,685,0
2022-03-10 14:56:00,685,685,685,685,0
2022-03-10 14:57:00,685,685,685,685,0
2022-03-10 14:58:00,685,685,685,685,0
2022-03-10 14:59:00,685,685,685,685,0
2022-03-10 15:00:00,680,680,680,680,50000
2022-03-10 15:01:00,680,680,680,680,0
2022-03-10 15:02:00,680,680,680,680,20000
2022-03-10 15:03:00,680,680,680,680,0
2022-03-10 15:04:00,680,680,680,680,0
2022-03-10 15:05:00,680,680,680,680,0
2022-03-10 15:06:00,680,680,680,680,0
2022-03-10 15:07:00,680,680,680,680,0
2022-03-10 15:08:00,680,680,680,680,0
2022-03-10 15:09:00,680,680,680,680,0
2022-03-10 15:10:00,680,680,680,680,0
2022-03-10 15:11:00,680,680,680,680,0
2022-03-10 15:12:00,680,680,680,680,0
2022-03-10 15:13:00,680,680,680,680,0
2022-03-10 15:14:00,680,680,680,680,0
2022-03-10 15:15:00,680,680,680,680,0
2022-03-10 15:16:00,680,680,680,680,0
2022-03-10 15:17:00,680,680,680,680,0
2022-03-10 15:18:00,680,680,680,680,0
2022-03-10 15:19:00,680,680,680,680,0
2022-03-10 15:20:00,680,680,680,680,0
2022-03-10 15:21:00,680,680,680,680,0
2022-03-10 15:22:00,680,680,680,680,0
2022-03-10 15:23:00,680,680,680,680,0
2022-03-10 15:24:00,680,680,680,680,0
2022-03-10 15:25:00,680,680,680,680,0
2022-03-10 15:26:00,680,680,680,680,0
2022-03-10 15:27:00,680,680,680,680,0
2022-03-10 15:28:00,680,680,680,680,0
2022-03-10 15:29:00,680,680,680,680,0
2022-03-10 15:30:00,680,680,680,680,0
2022-03-10 15:31:00,680,680,680,680,0
2022-03-10 15:32:00,680,680,680,680,0
2022-03-10 15:33:00,680,680,680,680,0
2022-03-10 15:34:00,680,680,680,680,0
2022-03-10 15:35:00,680,680,680,680,0
2022-03-10 15:36:00,680,680,680,680,0
2022-03-10 15:37:00,680,680,680,680,0
2022-03-10 15:38:00,680,680,680,680,0
2022-03-10 15:39:00,680,680,680,680,0
2022-03-10 15:40:00,680,680,680,680,0
2022-03-10 15:41:00,680,680,680,680,0
2022-03-10 15:42:00,680,680,680,680,0
2022-03-10 15:43:00,680,680,680,680,0
2022-03-10 15:44:00,680,680,680,680,0
2022-03-10 15:45:00,680,680,680,680,0
2022-03-10 15:46:00,680,680,680,680,0
2022-03-10 15:47:00,680,680,680,680,0
2022-03-10 15:48:00,680,680,680,680,0
2022-03-10 15:49:00,680,680,680,680,0
2022-03-10 15:50:00,680,680,680,680,0
2022-03-10 15:51:00,680,680,680,680,0
2022-03-10 15:52:00,680,680,680,680,0
2022-03-10 15:53:00,680,680,680,680,0
2022-03-10 15:54:00,680,680,680,680,0
2022-03-10 15:55:00,680,680,680,680,0
2022-03-10 15:56:00,680,680,680,680,0
2022-03-10 15:57:00,680,680,680,680,0
2022-03-10 15:58:00,680,680,680,680,0
2022-03-10 15:59:00,680,680,680,680,0
2022-03-11 09:00:00,680,680,680,680,0
2022-03-11 09:01:00,685,685,685,685,0
2022-03-11 09:02:00,685,685,685,685,1200
2022-03-11 09:03:00,685,685,685,685,300
2022-03-11 09:04:00,685,685,685,685,0
2022-03-11 09:05:00,685,685,685,685,0
2022-03-11 09:06:00,685,685,685,685,0
2022-03-11 09:07:00,685,685,685,685,0
2022-03-11 09:08:00,685,685,685,685,300
2022-03-11 09:09:00,685,685,685,685,0
2022-03-11 09:10:00,685,685,690,690,50000
2022-03-11 09:11:00,685,685,690,690,0
2022-03-11 09:12:00,685,685,690,690,0
2022-03-11 09:13:00,690,690,690,690,200
2022-03-11 09:14:00,690,690,690,690,0
2022-03-11 09:15:00,690,690,690,690,0
2022-03-11 09:16:00,690,690,690,690,0
2022-03-11 09:17:00,690,690,690,690,0
2022-03-11 09:18:00,690,690,690,690,0
2022-03-11 09:19:00,690,690,690,690,0
2022-03-11 09:20:00,690,690,690,690,0
2022-03-11 09:21:00,690,690,690,690,0
2022-03-11 09:22:00,690,690,690,690,0
2022-03-11 09:23:00,690,690,690,690,0
2022-03-11 09:24:00,690,690,695,695,52000
2022-03-11 09:25:00,695,695,695,695,300
2022-03-11 09:26:00,690,690,695,695,300
2022-03-11 09:27:00,690,690,695,695,0
2022-03-11 09:28:00,695,695,695,695,200
2022-03-11 09:29:00,695,695,695,695,0
2022-03-11 09:30:00,695,695,695,695,0
2022-03-11 09:31:00,695,695,695,695,0
2022-03-11 09:32:00,695,695,695,695,300
2022-03-11 09:33:00,695,695,695,695,200
2022-03-11 09:34:00,695,695,695,695,0
2022-03-11 09:35:00,695,695,695,695,300
2022-03-11 09:36:00,695,695,695,695,0
2022-03-11 09:37:00,695,695,695,695,0
2022-03-11 09:38:00,695,695,695,695,0
2022-03-11 09:39:00,695,695,695,695,200
2022-03-11 09:40:00,695,695,695,695,0
2022-03-11 09:41:00,695,695,695,695,0
2022-03-11 09:42:00,695,695,695,695,200
2022-03-11 09:43:00,695,695,695,695,0
2022-03-11 09:44:00,695,695,695,695,0
2022-03-11 09:45:00,695,695,695,695,300
2022-03-11 09:46:00,690,690,695,695,2400
2022-03-11 09:47:00,690,690,695,695,0
2022-03-11 09:48:00,695,695,695,695,200
2022-03-11 09:49:00,695,695,695,695,0
2022-03-11 09:50:00,690,690,690,690,800
2022-03-11 09:51:00,690,690,690,690,0
2022-03-11 09:52:00,690,690,690,690,0
2022-03-11 09:53:00,690,690,690,690,0
2022-03-11 09:54:00,690,690,690,690,0
2022-03-11 09:55:00,690,690,690,690,300
2022-03-11 09:56:00,690,690,695,695,4100
2022-03-11 09:57:00,690,690,695,695,0
2022-03-11 09:58:00,690,690,695,695,0
2022-03-11 09:59:00,690,690,695,695,0
2022-03-11 10:00:00,690,690,695,695,0
2022-03-11 10:01:00,690,690,690,690,1100
2022-03-11 10:02:00,690,690,690,690,0
2022-03-11 10:03:00,690,690,690,690,200
2022-03-11 10:04:00,690,690,690,690,0
2022-03-11 10:05:00,690,690,690,690,0
2022-03-11 10:06:00,685,685,690,690,800
2022-03-11 10:07:00,685,685,690,690,0
2022-03-11 10:08:00,685,685,690,690,0
2022-03-11 10:09:00,685,685,690,690,0
2022-03-11 10:10:00,690,690,690,690,300
2022-03-11 10:11:00,690,690,690,690,0
2022-03-11 10:12:00,690,690,690,690,0
2022-03-11 10:13:00,690,690,690,690,200
2022-03-11 10:14:00,690,690,690,690,0
2022-03-11 10:15:00,690,690,690,690,0
2022-03-11 10:16:00,690,690,690,690,200
2022-03-11 10:17:00,690,690,690,690,0
2022-03-11 10:18:00,690,690,690,690,0
2022-03-11 10:19:00,690,690,690,690,200
2022-03-11 10:20:00,690,690,690,690,0
2022-03-11 10:21:00,690,690,690,690,0
2022-03-11 10:22:00,690,690,690,690,0
2022-03-11 10:23:00,690,690,690,690,0
2022-03-11 10:24:00,690,690,690,690,300
2022-03-11 10:25:00,690,690,690,690,0
2022-03-11 10:26:00,690,690,690,690,0
2022-03-11 10:27:00,690,690,690,690,200
2022-03-11 10:28:00,690,690,690,690,0
2022-03-11 10:29:00,690,690,690,690,0
2022-03-11 10:30:00,690,690,690,690,200
2022-03-11 10:31:00,690,690,690,690,0
2022-03-11 10:32:00,690,690,690,690,0
2022-03-11 10:33:00,690,690,690,690,0
2022-03-11 10:34:00,690,690,690,690,0
2022-03-11 10:35:00,690,690,690,690,0
2022-03-11 10:36:00,690,690,690,690,0
2022-03-11 10:37:00,690,690,690,690,0
2022-03-11 10:38:00,690,690,690,690,0
2022-03-11 10:39:00,690,690,690,690,200
2022-03-11 10:40:00,690,690,690,690,0
2022-03-11 10:41:00,690,690,690,690,0
2022-03-11 10:42:00,690,690,690,690,0
2022-03-11 10:43:00,690,690,690,690,0
2022-03-11 10:44:00,690,690,690,690,300
2022-03-11 10:45:00,685,685,685,685,12900
2022-03-11 10:46:00,685,685,685,685,0
2022-03-11 10:47:00,685,685,685,685,0
2022-03-11 10:48:00,685,685,685,685,300
2022-03-11 10:49:00,685,685,685,685,0
2022-03-11 10:50:00,685,685,685,685,0
2022-03-11 10:51:00,685,685,685,685,0
2022-03-11 10:52:00,685,685,685,685,200
2022-03-11 10:53:00,685,685,685,685,0
2022-03-11 10:54:00,685,685,685,685,0
2022-03-11 10:55:00,685,685,685,685,0
2022-03-11 10:56:00,685,685,685,685,0
2022-03-11 10:57:00,685,685,685,685,0
2022-03-11 10:58:00,685,685,685,685,0
2022-03-11 10:59:00,685,685,685,685,5000
2022-03-11 11:00:00,685,685,685,685,0
2022-03-11 11:01:00,685,685,685,685,200
2022-03-11 11:02:00,685,685,685,685,0
2022-03-11 11:03:00,685,685,685,685,0
2022-03-11 11:04:00,685,685,685,685,0
2022-03-11 11:05:00,685,685,685,685,0
2022-03-11 11:06:00,685,685,685,685,0
2022-03-11 11:07:00,685,685,685,685,0
2022-03-11 11:08:00,685,685,685,685,0
2022-03-11 11:09:00,680,680,680,680,16600
2022-03-11 11:10:00,685,685,685,685,500
2022-03-11 11:11:00,685,685,685,685,0
2022-03-11 11:12:00,685,685,685,685,200
2022-03-11 11:13:00,685,685,685,685,0
2022-03-11 11:14:00,685,685,685,685,0
2022-03-11 11:15:00,685,685,685,685,0
2022-03-11 11:16:00,685,685,685,685,200
2022-03-11 11:17:00,685,685,685,685,0
2022-03-11 11:18:00,685,685,685,685,0
2022-03-11 11:19:00,685,685,685,685,0
2022-03-11 11:20:00,680,680,680,680,900
2022-03-11 11:21:00,680,680,680,680,0
2022-03-11 11:22:00,680,680,680,680,2000
2022-03-11 11:23:00,680,680,680,680,0
2022-03-11 11:24:00,680,680,680,680,0
2022-03-11 11:25:00,680,680,680,680,0
2022-03-11 11:26:00,680,680,680,680,200
2022-03-11 11:27:00,680,680,680,680,0
2022-03-11 11:28:00,680,680,680,680,200
2022-03-11 11:29:00,680,680,680,680,0
2022-03-11 11:30:00,680,680,680,680,0
2022-03-11 11:31:00,680,680,680,680,0
2022-03-11 11:32:00,680,680,680,680,0
2022-03-11 11:33:00,680,680,680,680,0
2022-03-11 11:34:00,680,680,680,680,0
2022-03-11 11:35:00,680,680,680,680,0
2022-03-11 11:36:00,680,680,680,680,0
2022-03-11 11:37:00,680,680,680,680,0
2022-03-11 11:38:00,680,680,680,680,0
2022-03-11 11:39:00,680,680,680,680,0
2022-03-11 11:40:00,680,680,680,680,0
2022-03-11 11:41:00,680,680,680,680,0
2022-03-11 11:42:00,680,680,680,680,0
2022-03-11 11:43:00,680,680,680,680,0
2022-03-11 11:44:00,680,680,680,680,0
2022-03-11 11:45:00,680,680,680,680,0
2022-03-11 11:46:00,680,680,680,680,0
2022-03-11 11:47:00,680,680,680,680,0
2022-03-11 11:48:00,680,680,680,680,0
2022-03-11 11:49:00,680,680,680,680,0
2022-03-11 11:50:00,680,680,680,680,0
2022-03-11 11:51:00,680,680,680,680,0
2022-03-11 11:52:00,680,680,680,680,0
2022-03-11 11:53:00,680,680,680,680,0
2022-03-11 11:54:00,680,680,680,680,0
2022-03-11 11:55:00,680,680,680,680,0
2022-03-11 11:56:00,680,680,680,680,0
2022-03-11 11:57:00,680,680,680,680,0
2022-03-11 11:58:00,680,680,680,680,0
2022-03-11 11:59:00,680,680,680,680,0
2022-03-11 12:00:00,680,680,680,680,0
2022-03-11 12:01:00,680,680,680,680,0
2022-03-11 12:02:00,680,680,680,680,0
2022-03-11 12:03:00,680,680,680,680,0
2022-03-11 12:04:00,680,680,680,680,0
2022-03-11 12:05:00,680,680,680,680,0
2022-03-11 12:06:00,680,680,680,680,0
2022-03-11 12:07:00,680,680,680,680,0
2022-03-11 12:08:00,680,680,680,680,0
2022-03-11 12:09:00,680,680,680,680,0
2022-03-11 12:10:00,680,680,680,680,0
2022-03-11 12:11:00,680,680,680,680,0
2022-03-11 12:12:00,680,680,680,680,0
2022-03-11 12:13:00,680,680,680,680,0
2022-03-11 12:14:00,680,680,680,680,0
2022-03-11 12:15:00,680,680,680,680,0
2022-03-11 12:16:00,680,680,680,680,0
2022-03-11 12:17:00,680,680,680,680,0
2022-03-11 12:18:00,680,680,680,680,0
2022-03-11 12:19:00,680,680,680,680,0
2022-03-11 12:20:00,680,680,680,680,0
2022-03-11 12:21:00,680,680,680,680,0
2022-03-11 12:22:00,680,680,680,680,0
2022-03-11 12:23:00,680,680,680,680,0
2022-03-11 12:24:00,680,680,680,680,0
2022-03-11 12:25:00,680,680,680,680,0
2022-03-11 12:26:00,680,680,680,680,0
2022-03-11 12:27:00,680,680,680,680,0
2022-03-11 12:28:00,680,680,680,680,0
2022-03-11 12:29:00,680,680,680,680,0
2022-03-11 12:30:00,680,680,680,680,0
2022-03-11 12:31:00,680,680,680,680,0
2022-03-11 12:32:00,680,680,680,680,0
2022-03-11 12:33:00,680,680,680,680,0
2022-03-11 12:34:00,680,680,680,680,0
2022-03-11 12:35:00,680,680,680,680,0
2022-03-11 12:36:00,680,680,680,680,0
2022-03-11 12:37:00,680,680,680,680,0
2022-03-11 12:38:00,680,680,680,680,0
2022-03-11 12:39:00,680,680,680,680,0
2022-03-11 12:40:00,680,680,680,680,0
2022-03-11 12:41:00,680,680,680,680,0
2022-03-11 12:42:00,680,680,680,680,0
2022-03-11 12:43:00,680,680,680,680,0
2022-03-11 12:44:00,680,680,680,680,0
2022-03-11 12:45:00,680,680,680,680,0
2022-03-11 12:46:00,680,680,680,680,0
2022-03-11 12:47:00,680,680,680,680,0
2022-03-11 12:48:00,680,680,680,680,0
2022-03-11 12:49:00,680,680,680,680,0
2022-03-11 12:50:00,680,680,680,680,0
2022-03-11 12:51:00,680,680,680,680,0
2022-03-11 12:52:00,680,680,680,680,0
2022-03-11 12:53:00,680,680,680,680,0
2022-03-11 12:54:00,680,680,680,680,0
2022-03-11 12:55:00,680,680,680,680,0
2022-03-11 12:56:00,680,680,680,680,0
2022-03-11 12:57:00,680,680,680,680,0
2022-03-11 12:58:00,680,680,680,680,0
2022-03-11 12:59:00,680,680,680,680,0
2022-03-11 13:00:00,680,680,680,680,0
2022-03-11 13:01:00,680,680,680,680,0
2022-03-11 13:02:00,680,680,680,680,0
2022-03-11 13:03:00,680,680,680,680,0
2022-03-11 13:04:00,680,680,680,680,0
2022-03-11 13:05:00,680,680,680,680,0
2022-03-11 13:06:00,680,680,680,680,0
2022-03-11 13:07:00,680,680,680,680,0
2022-03-11 13:08:00,680,680,680,680,0
2022-03-11 13:09:00,680,680,680,680,0
2022-03-11 13:10:00,680,680,680,680,0
2022-03-11 13:11:00,680,680,680,680,0
2022-03-11 13:12:00,680,680,680,680,0
2022-03-11 13:13:00,680,680,680,680,0
2022-03-11 13:14:00,680,680,680,680,0
2022-03-11 13:15:00,680,680,680,680,0
2022-03-11 13:16:00,680,680,680,680,0
2022-03-11 13:17:00,680,680,680,680,0
2022-03-11 13:18:00,680,680,680,680,0
2022-03-11 13:19:00,680,680,680,680,0
2022-03-11 13:20:00,680,680,680,680,0
2022-03-11 13:21:00,680,680,680,680,0
2022-03-11 13:22:00,680,680,680,680,0
2022-03-11 13:23:00,680,680,680,680,0
2022-03-11 13:24:00,680,680,680,680,0
2022-03-11 13:25:00,680,680,680,680,0
2022-03-11 13:26:00,680,680,680,680,0
2022-03-11 13:27:00,680,680,680,680,0
2022-03-11 13:28:00,680,680,680,680,0
2022-03-11 13:29:00,680,680,680,680,0
2022-03-11 13:30:00,675,675,675,675,12200
2022-03-11 13:31:00,675,675,680,680,7500
2022-03-11 13:32:00,675,675,680,680,0
2022-03-11 13:33:00,675,675,680,680,0
2022-03-11 13:34:00,675,675,680,680,0
2022-03-11 13:35:00,675,675,680,680,0
2022-03-11 13:36:00,680,680,680,680,200
2022-03-11 13:37:00,680,680,680,680,400
2022-03-11 13:38:00,680,680,680,680,0
2022-03-11 13:39:00,680,680,680,680,0
2022-03-11 13:40:00,680,680,680,680,300
2022-03-11 13:41:00,680,680,680,680,0
2022-03-11 13:42:00,680,680,680,680,300
2022-03-11 13:43:00,680,680,680,680,0
2022-03-11 13:44:00,680,680,680,680,300
2022-03-11 13:45:00,680,680,680,680,0
2022-03-11 13:46:00,680,680,680,680,0
2022-03-11 13:47:00,680,680,680,680,300
2022-03-11 13:48:00,680,680,680,680,0
2022-03-11 13:49:00,680,680,680,680,0
2022-03-11 13:50:00,680,680,680,680,600
2022-03-11 13:51:00,680,680,680,680,0
2022-03-11 13:52:00,680,680,680,680,0
2022-03-11 13:53:00,680,680,680,680,300
2022-03-11 13:54:00,675,675,675,675,5500
2022-03-11 13:55:00,680,680,680,680,400
2022-03-11 13:56:00,680,680,680,680,200
2022-03-11 13:57:00,680,680,680,680,0
2022-03-11 13:58:00,680,680,680,680,300
2022-03-11 13:59:00,680,680,680,680,300
2022-03-11 14:00:00,680,675,680,675,2300
2022-03-11 14:01:00,680,675,680,675,0
2022-03-11 14:02:00,680,675,680,675,0
2022-03-11 14:03:00,675,675,675,675,8000
2022-03-11 14:04:00,680,680,680,680,400
2022-03-11 14:05:00,680,680,680,680,0
2022-03-11 14:06:00,680,670,680,670,5800
2022-03-11 14:07:00,680,680,680,680,400
2022-03-11 14:08:00,675,675,675,675,1100
2022-03-11 14:09:00,675,675,675,675,0
2022-03-11 14:10:00,670,670,670,670,12500
2022-03-11 14:11:00,675,675,675,675,12000
2022-03-11 14:12:00,675,675,675,675,0
2022-03-11 14:13:00,675,675,675,675,0
2022-03-11 14:14:00,675,675,675,675,0
2022-03-11 14:15:00,675,675,675,675,0
2022-03-11 14:16:00,675,675,675,675,0
2022-03-11 14:17:00,675,675,675,675,0
2022-03-11 14:18:00,675,675,680,680,30000
2022-03-11 14:19:00,675,675,680,680,0
2022-03-11 14:20:00,675,675,680,680,0
2022-03-11 14:21:00,675,675,680,680,0
2022-03-11 14:22:00,675,675,680,680,0
2022-03-11 14:23:00,675,675,680,680,0
2022-03-11 14:24:00,680,680,680,680,300
2022-03-11 14:25:00,680,680,680,680,200
2022-03-11 14:26:00,680,680,680,680,200
2022-03-11 14:27:00,680,680,680,680,0
2022-03-11 14:28:00,680,680,680,680,0
2022-03-11 14:29:00,680,680,680,680,0
2022-03-11 14:30:00,680,680,680,680,0
2022-03-11 14:31:00,680,680,680,680,0
2022-03-11 14:32:00,680,680,680,680,0
2022-03-11 14:33:00,680,680,680,680,800
2022-03-11 14:34:00,680,680,680,680,0
2022-03-11 14:35:00,680,680,680,680,200
2022-03-11 14:36:00,680,680,680,680,300
2022-03-11 14:37:00,680,680,680,680,200
2022-03-11 14:38:00,680,680,680,680,0
2022-03-11 14:39:00,675,675,680,680,800
2022-03-11 14:40:00,680,680,680,680,200
2022-03-11 14:41:00,680,680,680,680,0
2022-03-11 14:42:00,680,680,680,680,300
2022-03-11 14:43:00,680,680,680,680,0
2022-03-11 14:44:00,680,680,680,680,200
2022-03-11 14:45:00,680,680,680,680,200
2022-03-11 14:46:00,680,680,680,680,200
2022-03-11 14:47:00,680,680,680,680,500
2022-03-11 14:48:00,680,680,680,680,20300
2022-03-11 14:49:00,680,680,680,680,800
2022-03-11 14:50:00,680,680,680,680,0
2022-03-11 14:51:00,680,680,680,680,0
2022-03-11 14:52:00,680,680,680,680,0
2022-03-11 14:53:00,680,680,680,680,0
2022-03-11 14:54:00,680,680,680,680,0
2022-03-11 14:55:00,680,680,680,680,0
2022-03-11 14:56:00,680,680,680,680,0
2022-03-11 14:57:00,680,680,680,680,0
2022-03-11 14:58:00,680,680,680,680,0
2022-03-11 14:59:00,680,680,680,680,0
2022-03-11 15:00:00,660,660,660,660,28000
2022-03-11 15:01:00,660,660,660,660,0
2022-03-11 15:02:00,660,660,660,660,0
2022-03-11 15:03:00,660,660,660,660,25000
2022-03-11 15:04:00,660,660,660,660,10000
2022-03-11 15:05:00,660,660,660,660,20000
2022-03-11 15:06:00,660,660,660,660,900
2022-03-11 15:07:00,660,660,660,660,2300
2022-03-11 15:08:00,660,660,660,660,0
2022-03-11 15:09:00,660,660,660,660,0
2022-03-11 15:10:00,660,660,660,660,0
2022-03-11 15:11:00,660,660,660,660,0
2022-03-11 15:12:00,660,660,660,660,0
2022-03-11 15:13:00,660,660,660,660,0
2022-03-11 15:14:00,660,660,660,660,0
2022-03-11 15:15:00,660,660,660,660,0
2022-03-11 15:16:00,660,660,660,660,0
2022-03-11 15:17:00,660,660,660,660,0
2022-03-11 15:18:00,660,660,660,660,0
2022-03-11 15:19:00,660,660,660,660,0
2022-03-11 15:20:00,660,660,660,660,0
2022-03-11 15:21:00,660,660,660,660,0
2022-03-11 15:22:00,660,660,660,660,0
2022-03-11 15:23:00,660,660,660,660,0
2022-03-11 15:24:00,660,660,660,660,0
2022-03-11 15:25:00,660,660,660,660,0
2022-03-11 15:26:00,660,660,660,660,0
2022-03-11 15:27:00,660,660,660,660,0
2022-03-11 15:28:00,660,660,660,660,0
2022-03-11 15:29:00,660,660,660,660,0
2022-03-11 15:30:00,660,660,660,660,0
2022-03-11 15:31:00,660,660,660,660,0
2022-03-11 15:32:00,660,660,660,660,0
2022-03-11 15:33:00,660,660,660,660,0
2022-03-11 15:34:00,660,660,660,660,0
2022-03-11 15:35:00,660,660,660,660,0
2022-03-11 15:36:00,660,660,660,660,0
2022-03-11 15:37:00,660,660,660,660,0
2022-03-11 15:38:00,660,660,660,660,0
2022-03-11 15:39:00,660,660,660,660,0
2022-03-11 15:40:00,660,660,660,660,0
2022-03-11 15:41:00,660,660,660,660,0
2022-03-11 15:42:00,660,660,660,660,0
2022-03-11 15:43:00,660,660,660,660,0
2022-03-11 15:44:00,660,660,660,660,0
2022-03-11 15:45:00,660,660,660,660,0
2022-03-11 15:46:00,660,660,660,660,0
2022-03-11 15:47:00,660,660,660,660,0
2022-03-11 15:48:00,660,660,660,660,0
2022-03-11 15:49:00,660,660,660,660,0
2022-03-11 15:50:00,660,660,660,660,0
2022-03-11 15:51:00,660,660,660,660,0
2022-03-11 15:52:00,660,660,660,660,0
2022-03-11 15:53:00,660,660,660,660,0
2022-03-11 15:54:00,660,660,660,660,0
2022-03-11 15:55:00,660,660,660,660,0
2022-03-11 15:56:00,660,660,660,660,0
2022-03-11 15:57:00,660,660,660,660,0
2022-03-11 15:58:00,660,660,660,660,0
2022-03-11 15:59:00,660,660,660,660,0
2022-03-14 09:00:00,655,655,655,655,0
2022-03-14 09:01:00,650,650,650,650,100
2022-03-14 09:02:00,655,655,655,655,5000
2022-03-14 09:03:00,650,650,660,650,25300
2022-03-14 09:04:00,660,660,680,675,3000
2022-03-14 09:05:00,680,680,680,680,2500
2022-03-14 09:06:00,675,675,675,675,600
2022-03-14 09:07:00,680,680,680,680,200
2022-03-14 09:08:00,680,675,680,675,1600
2022-03-14 09:09:00,680,675,680,680,26100
2022-03-14 09:10:00,680,675,680,675,500
2022-03-14 09:11:00,680,675,680,675,0
2022-03-14 09:12:00,675,675,675,675,2100
2022-03-14 09:13:00,675,675,675,675,700
2022-03-14 09:14:00,675,675,675,675,0
2022-03-14 09:15:00,675,675,675,675,200
2022-03-14 09:16:00,675,675,675,675,200
2022-03-14 09:17:00,675,675,675,675,200
2022-03-14 09:18:00,675,675,675,675,0
2022-03-14 09:19:00,675,675,675,675,200
2022-03-14 09:20:00,675,675,675,675,0
2022-03-14 09:21:00,675,675,675,675,200
2022-03-14 09:22:00,675,675,675,675,0
2022-03-14 09:23:00,675,675,675,675,300
2022-03-14 09:24:00,675,675,675,675,0
2022-03-14 09:25:00,675,675,675,675,300
2022-03-14 09:26:00,675,675,675,675,0
2022-03-14 09:27:00,675,675,675,675,200
2022-03-14 09:28:00,675,675,675,675,0
2022-03-14 09:29:00,675,675,675,675,0
2022-03-14 09:30:00,675,675,675,675,200
2022-03-14 09:31:00,675,675,675,675,200
2022-03-14 09:32:00,670,670,675,675,1400
2022-03-14 09:33:00,675,675,675,675,200
2022-03-14 09:34:00,675,675,675,675,200
2022-03-14 09:35:00,675,675,675,675,200
2022-03-14 09:36:00,675,675,675,675,200
2022-03-14 09:37:00,675,675,675,675,200
2022-03-14 09:38:00,675,675,675,675,0
2022-03-14 09:39:00,675,675,675,675,200
2022-03-14 09:40:00,675,675,675,675,0
2022-03-14 09:41:00,675,675,675,675,200
2022-03-14 09:42:00,670,670,670,670,1100
2022-03-14 09:43:00,670,670,670,670,1800
2022-03-14 09:44:00,670,670,670,670,0
2022-03-14 09:45:00,670,670,670,670,0
2022-03-14 09:46:00,670,670,670,670,0
2022-03-14 09:47:00,670,670,670,670,0
2022-03-14 09:48:00,670,670,670,670,0
2022-03-14 09:49:00,670,670,670,670,0
2022-03-14 09:50:00,670,670,670,670,0
2022-03-14 09:51:00,670,670,670,670,0
2022-03-14 09:52:00,670,670,670,670,0
2022-03-14 09:53:00,670,670,670,670,0
2022-03-14 09:54:00,670,670,670,670,100
2022-03-14 09:55:00,670,670,670,670,0
2022-03-14 09:56:00,670,670,670,670,0
2022-03-14 09:57:00,670,670,670,670,0
2022-03-14 09:58:00,670,670,670,670,0
2022-03-14 09:59:00,670,670,670,670,0
2022-03-14 10:00:00,670,670,670,670,0
2022-03-14 10:01:00,665,665,670,670,800
2022-03-14 10:02:00,665,665,670,670,0
2022-03-14 10:03:00,665,665,670,670,0
2022-03-14 10:04:00,665,665,670,670,0
2022-03-14 10:05:00,665,665,670,670,0
2022-03-14 10:06:00,665,665,670,670,0
2022-03-14 10:07:00,665,665,670,670,0
2022-03-14 10:08:00,665,665,670,670,0
2022-03-14 10:09:00,665,665,670,670,0
2022-03-14 10:10:00,665,665,670,670,0
2022-03-14 10:11:00,665,665,670,670,0
2022-03-14 10:12:00,665,665,670,670,0
2022-03-14 10:13:00,665,665,670,670,0
2022-03-14 10:14:00,665,665,670,670,0
2022-03-14 10:15:00,670,670,670,670,1100
2022-03-14 10:16:00,670,670,670,670,0
2022-03-14 10:17:00,670,670,670,670,0
2022-03-14 10:18:00,670,670,670,670,0
2022-03-14 10:19:00,670,670,670,670,0
2022-03-14 10:20:00,670,670,670,670,0
2022-03-14 10:21:00,670,670,670,670,300
2022-03-14 10:22:00,670,670,670,670,0
2022-03-14 10:23:00,665,665,665,665,400
2022-03-14 10:24:00,670,670,670,670,200
2022-03-14 10:25:00,665,660,665,660,4200
2022-03-14 10:26:00,665,660,665,660,0
2022-03-14 10:27:00,655,655,655,655,24400
2022-03-14 10:28:00,655,655,660,660,900
2022-03-14 10:29:00,655,655,660,660,0
2022-03-14 10:30:00,660,660,660,660,400
2022-03-14 10:31:00,660,660,660,660,0
2022-03-14 10:32:00,660,660,660,660,0
2022-03-14 10:33:00,660,660,660,660,0
2022-03-14 10:34:00,660,660,660,660,0
2022-03-14 10:35:00,660,660,660,660,0
2022-03-14 10:36:00,660,660,660,660,0
2022-03-14 10:37:00,660,660,660,660,0
2022-03-14 10:38:00,660,660,660,660,0
2022-03-14 10:39:00,660,660,660,660,1500
2022-03-14 10:40:00,660,660,660,660,0
2022-03-14 10:41:00,660,660,660,660,0
2022-03-14 10:42:00,660,660,660,660,400
2022-03-14 10:43:00,655,655,655,655,200
2022-03-14 10:44:00,660,660,660,660,300
2022-03-14 10:45:00,660,660,660,660,0
2022-03-14 10:46:00,660,660,660,660,0
2022-03-14 10:47:00,660,660,660,660,0
2022-03-14 10:48:00,660,660,660,660,0
2022-03-14 10:49:00,660,660,660,660,0
2022-03-14 10:50:00,660,660,660,660,0
2022-03-14 10:51:00,660,660,660,660,0
2022-03-14 10:52:00,660,660,660,660,200
2022-03-14 10:53:00,660,660,660,660,0
2022-03-14 10:54:00,655,650,670,670,105000
2022-03-14 10:55:00,655,650,670,670,0
2022-03-14 10:56:00,670,670,670,670,200
2022-03-14 10:57:00,670,670,670,670,0
2022-03-14 10:58:00,670,670,670,670,200
2022-03-14 10:59:00,670,670,670,670,0
2022-03-14 11:00:00,670,670,675,675,10000
2022-03-14 11:01:00,675,670,675,670,3700
2022-03-14 11:02:00,670,670,675,670,700
2022-03-14 11:03:00,675,675,675,675,200
2022-03-14 11:04:00,675,675,675,675,300
2022-03-14 11:05:00,675,675,675,675,0
2022-03-14 11:06:00,675,675,675,675,400
2022-03-14 11:07:00,675,675,675,675,0
2022-03-14 11:08:00,675,675,675,675,0
2022-03-14 11:09:00,675,675,675,675,0
2022-03-14 11:10:00,675,675,675,675,0
2022-03-14 11:11:00,675,675,675,675,0
2022-03-14 11:12:00,675,675,675,675,300
2022-03-14 11:13:00,675,675,675,675,300
2022-03-14 11:14:00,675,675,675,675,0
2022-03-14 11:15:00,675,675,675,675,200
2022-03-14 11:16:00,675,675,675,675,0
2022-03-14 11:17:00,675,675,675,675,0
2022-03-14 11:18:00,675,675,675,675,200
2022-03-14 11:19:00,675,675,675,675,200
2022-03-14 11:20:00,675,675,675,675,0
2022-03-14 11:21:00,675,675,675,675,300
2022-03-14 11:22:00,675,675,675,675,0
2022-03-14 11:23:00,675,675,675,675,200
2022-03-14 11:24:00,675,675,675,675,0
2022-03-14 11:25:00,675,675,675,675,200
2022-03-14 11:26:00,675,675,675,675,300
2022-03-14 11:27:00,675,675,675,675,200
2022-03-14 11:28:00,675,675,675,675,200
2022-03-14 11:29:00,675,675,675,675,500
2022-03-14 11:30:00,675,675,675,675,0
2022-03-14 11:31:00,675,675,675,675,0
2022-03-14 11:32:00,675,675,675,675,0
2022-03-14 11:33:00,675,675,675,675,0
2022-03-14 11:34:00,675,675,675,675,0
2022-03-14 11:35:00,675,675,675,675,0
2022-03-14 11:36:00,675,675,675,675,0
2022-03-14 11:37:00,675,675,675,675,0
2022-03-14 11:38:00,675,675,675,675,0
2022-03-14 11:39:00,675,675,675,675,0
2022-03-14 11:40:00,675,675,675,675,0
2022-03-14 11:41:00,675,675,675,675,0
2022-03-14 11:42:00,675,675,675,675,0
2022-03-14 11:43:00,675,675,675,675,0
2022-03-14 11:44:00,675,675,675,675,0
2022-03-14 11:45:00,675,675,675,675,0
2022-03-14 11:46:00,675,675,675,675,0
2022-03-14 11:47:00,675,675,675,675,0
2022-03-14 11:48:00,675,675,675,675,0
2022-03-14 11:49:00,675,675,675,675,0
2022-03-14 11:50:00,675,675,675,675,0
2022-03-14 11:51:00,675,675,675,675,0
2022-03-14 11:52:00,675,675,675,675,0
2022-03-14 11:53:00,675,675,675,675,0
2022-03-14 11:54:00,675,675,675,675,0
2022-03-14 11:55:00,675,675,675,675,0
2022-03-14 11:56:00,675,675,675,675,0
2022-03-14 11:57:00,675,675,675,675,0
2022-03-14 11:58:00,675,675,675,675,0
2022-03-14 11:59:00,675,675,675,675,0
2022-03-14 12:00:00,675,675,675,675,0
2022-03-14 12:01:00,675,675,675,675,0
2022-03-14 12:02:00,675,675,675,675,0
2022-03-14 12:03:00,675,675,675,675,0
2022-03-14 12:04:00,675,675,675,675,0
2022-03-14 12:05:00,675,675,675,675,0
2022-03-14 12:06:00,675,675,675,675,0
2022-03-14 12:07:00,675,675,675,675,0
2022-03-14 12:08:00,675,675,675,675,0
2022-03-14 12:09:00,675,675,675,675,0
2022-03-14 12:10:00,675,675,675,675,0
2022-03-14 12:11:00,675,675,675,675,0
2022-03-14 12:12:00,675,675,675,675,0
2022-03-14 12:13:00,675,675,675,675,0
2022-03-14 12:14:00,675,675,675,675,0
2022-03-14 12:15:00,675,675,675,675,0
2022-03-14 12:16:00,675,675,675,675,0
2022-03-14 12:17:00,675,675,675,675,0
2022-03-14 12:18:00,675,675,675,675,0
2022-03-14 12:19:00,675,675,675,675,0
2022-03-14 12:20:00,675,675,675,675,0
2022-03-14 12:21:00,675,675,675,675,0
2022-03-14 12:22:00,675,675,675,675,0
2022-03-14 12:23:00,675,675,675,675,0
2022-03-14 12:24:00,675,675,675,675,0
2022-03-14 12:25:00,675,675,675,675,0
2022-03-14 12:26:00,675,675,675,675,0
2022-03-14 12:27:00,675,675,675,675,0
2022-03-14 12:28:00,675,675,675,675,0
2022-03-14 12:29:00,675,675,675,675,0
2022-03-14 12:30:00,675,675,675,675,0
2022-03-14 12:31:00,675,675,675,675,0
2022-03-14 12:32:00,675,675,675,675,0
2022-03-14 12:33:00,675,675,675,675,0
2022-03-14 12:34:00,675,675,675,675,0
2022-03-14 12:35:00,675,675,675,675,0
2022-03-14 12:36:00,675,675,675,675,0
2022-03-14 12:37:00,675,675,675,675,0
2022-03-14 12:38:00,675,675,675,675,0
2022-03-14 12:39:00,675,675,675,675,0
2022-03-14 12:40:00,675,675,675,675,0
2022-03-14 12:41:00,675,675,675,675,0
2022-03-14 12:42:00,675,675,675,675,0
2022-03-14 12:43:00,675,675,675,675,0
2022-03-14 12:44:00,675,675,675,675,0
2022-03-14 12:45:00,675,675,675,675,0
2022-03-14 12:46:00,675,675,675,675,0
2022-03-14 12:47:00,675,675,675,675,0
2022-03-14 12:48:00,675,675,675,675,0
2022-03-14 12:49:00,675,675,675,675,0
2022-03-14 12:50:00,675,675,675,675,0
2022-03-14 12:51:00,675,675,675,675,0
2022-03-14 12:52:00,675,675,675,675,0
2022-03-14 12:53:00,675,675,675,675,0
2022-03-14 12:54:00,675,675,675,675,0
2022-03-14 12:55:00,675,675,675,675,0
2022-03-14 12:56:00,675,675,675,675,0
2022-03-14 12:57:00,675,675,675,675,0
2022-03-14 12:58:00,675,675,675,675,0
2022-03-14 12:59:00,675,675,675,675,0
2022-03-14 13:00:00,675,675,675,675,0
2022-03-14 13:01:00,675,675,675,675,0
2022-03-14 13:02:00,675,675,675,675,0
2022-03-14 13:03:00,675,675,675,675,0
2022-03-14 13:04:00,675,675,675,675,0
2022-03-14 13:05:00,675,675,675,675,0
2022-03-14 13:06:00,675,675,675,675,0
2022-03-14 13:07:00,675,675,675,675,0
2022-03-14 13:08:00,675,675,675,675,0
2022-03-14 13:09:00,675,675,675,675,0
2022-03-14 13:10:00,675,675,675,675,0
2022-03-14 13:11:00,675,675,675,675,0
2022-03-14 13:12:00,675,675,675,675,0
2022-03-14 13:13:00,675,675,675,675,0
2022-03-14 13:14:00,675,675,675,675,0
2022-03-14 13:15:00,675,675,675,675,0
2022-03-14 13:16:00,675,675,675,675,0
2022-03-14 13:17:00,675,675,675,675,0
2022-03-14 13:18:00,675,675,675,675,0
2022-03-14 13:19:00,675,675,675,675,0
2022-03-14 13:20:00,675,675,675,675,0
2022-03-14 13:21:00,675,675,675,675,0
2022-03-14 13:22:00,675,675,675,675,0
2022-03-14 13:23:00,675,675,675,675,0
2022-03-14 13:24:00,675,675,675,675,0
2022-03-14 13:25:00,675,675,675,675,0
2022-03-14 13:26:00,675,675,675,675,0
2022-03-14 13:27:00,675,675,675,675,0
2022-03-14 13:28:00,675,675,675,675,0
2022-03-14 13:29:00,675,675,675,675,0
2022-03-14 13:30:00,670,670,670,670,600
2022-03-14 13:31:00,675,675,675,675,400
2022-03-14 13:32:00,670,670,670,670,500
2022-03-14 13:33:00,670,670,670,670,0
2022-03-14 13:34:00,670,670,670,670,0
2022-03-14 13:35:00,670,670,670,670,0
2022-03-14 13:36:00,670,670,670,670,0
2022-03-14 13:37:00,670,670,670,670,0
2022-03-14 13:38:00,670,670,670,670,0
2022-03-14 13:39:00,670,670,670,670,0
2022-03-14 13:40:00,665,660,665,660,1300
2022-03-14 13:41:00,670,670,670,670,600
2022-03-14 13:42:00,670,670,670,670,0
2022-03-14 13:43:00,670,670,670,670,200
2022-03-14 13:44:00,670,670,670,670,200
2022-03-14 13:45:00,670,670,670,670,0
2022-03-14 13:46:00,670,670,670,670,0
2022-03-14 13:47:00,665,665,665,665,100
2022-03-14 13:48:00,670,670,670,670,300
2022-03-14 13:49:00,670,670,670,670,0
2022-03-14 13:50:00,670,670,670,670,0
2022-03-14 13:51:00,670,670,670,670,200
2022-03-14 13:52:00,670,670,670,670,0
2022-03-14 13:53:00,670,670,670,670,0
2022-03-14 13:54:00,670,670,670,670,0
2022-03-14 13:55:00,670,670,670,670,0
2022-03-14 13:56:00,670,670,670,670,0
2022-03-14 13:57:00,670,670,670,670,200
2022-03-14 13:58:00,670,670,670,670,0
2022-03-14 13:59:00,670,670,670,670,0
2022-03-14 14:00:00,670,670,670,670,0
2022-03-14 14:01:00,670,670,670,670,0
2022-03-14 14:02:00,670,670,670,670,300
2022-03-14 14:03:00,670,670,670,670,200
2022-03-14 14:04:00,670,670,670,670,0
2022-03-14 14:05:00,670,670,670,670,0
2022-03-14 14:06:00,670,670,670,670,0
2022-03-14 14:07:00,665,620,665,620,150000
2022-03-14 14:08:00,640,640,665,665,1600
2022-03-14 14:09:00,660,660,660,660,200
2022-03-14 14:10:00,660,660,660,660,0
2022-03-14 14:11:00,660,660,660,660,3300
2022-03-14 14:12:00,665,615,665,615,147000
2022-03-14 14:13:00,615,615,615,615,3200
2022-03-14 14:14:00,615,615,615,615,0
2022-03-14 14:15:00,645,645,655,650,36000
2022-03-14 14:16:00,650,650,650,650,1000
2022-03-14 14:17:00,645,645,650,650,3200
2022-03-14 14:18:00,645,645,645,645,3400
2022-03-14 14:19:00,640,640,640,640,700
2022-03-14 14:20:00,640,640,650,650,21000
2022-03-14 14:21:00,650,650,660,655,30400
2022-03-14 14:22:00,655,655,655,655,1000
2022-03-14 14:23:00,650,650,655,655,500
2022-03-14 14:24:00,650,650,655,650,1600
2022-03-14 14:25:00,655,650,655,650,800
2022-03-14 14:26:00,655,650,655,650,1100
2022-03-14 14:27:00,650,650,655,655,1200
2022-03-14 14:28:00,650,650,650,650,200
2022-03-14 14:29:00,655,650,655,650,400
2022-03-14 14:30:00,655,650,655,650,400
2022-03-14 14:31:00,650,650,650,650,400
2022-03-14 14:32:00,655,650,675,675,60500
2022-03-14 14:33:00,670,665,675,665,800
2022-03-14 14:34:00,675,660,675,660,2800
2022-03-14 14:35:00,655,655,660,660,2400
2022-03-14 14:36:00,660,660,670,665,1500
2022-03-14 14:37:00,670,660,670,660,800
2022-03-14 14:38:00,655,655,655,655,500
2022-03-14 14:39:00,650,650,655,655,5600
2022-03-14 14:40:00,650,650,655,650,2800
2022-03-14 14:41:00,650,650,655,655,4000
2022-03-14 14:42:00,650,650,655,655,2200
2022-03-14 14:43:00,650,650,655,655,400
2022-03-14 14:44:00,655,650,655,650,1000
2022-03-14 14:45:00,655,650,655,655,5900
2022-03-14 14:46:00,655,655,660,660,700
2022-03-14 14:47:00,655,655,665,660,18000
2022-03-14 14:48:00,660,660,665,665,1400
2022-03-14 14:49:00,665,660,665,660,1800
2022-03-14 14:50:00,665,660,665,660,0
2022-03-14 14:51:00,665,660,665,660,0
2022-03-14 14:52:00,665,660,665,660,0
2022-03-14 14:53:00,665,660,665,660,0
2022-03-14 14:54:00,665,660,665,660,0
2022-03-14 14:55:00,665,660,665,660,0
2022-03-14 14:56:00,665,660,665,660,0
2022-03-14 14:57:00,665,660,665,660,0
2022-03-14 14:58:00,665,660,665,660,0
2022-03-14 14:59:00,665,660,665,660,0
2022-03-14 15:00:00,620,620,620,620,171000
2022-03-14 15:01:00,620,620,620,620,100000
2022-03-14 15:02:00,620,620,620,620,700
2022-03-14 15:03:00,620,620,620,620,200
2022-03-14 15:04:00,620,620,620,620,0
2022-03-14 15:05:00,620,620,620,620,0
2022-03-14 15:06:00,620,620,620,620,0
2022-03-14 15:07:00,620,620,620,620,0
2022-03-14 15:08:00,620,620,620,620,0
2022-03-14 15:09:00,620,620,620,620,0
2022-03-14 15:10:00,620,620,620,620,0
2022-03-14 15:11:00,620,620,620,620,0
2022-03-14 15:12:00,620,620,620,620,49500
2022-03-14 15:13:00,620,620,620,620,2500
2022-03-14 15:14:00,620,620,620,620,0
2022-03-14 15:15:00,620,620,620,620,0
2022-03-14 15:16:00,620,620,620,620,0
2022-03-14 15:17:00,620,620,620,620,0
2022-03-14 15:18:00,620,620,620,620,0
2022-03-14 15:19:00,620,620,620,620,0
2022-03-14 15:20:00,620,620,620,620,0
2022-03-14 15:21:00,620,620,620,620,0
2022-03-14 15:22:00,620,620,620,620,0
2022-03-14 15:23:00,620,620,620,620,0
2022-03-14 15:24:00,620,620,620,620,0
2022-03-14 15:25:00,620,620,620,620,0
2022-03-14 15:26:00,620,620,620,620,0
2022-03-14 15:27:00,620,620,620,620,0
2022-03-14 15:28:00,620,620,620,620,0
2022-03-14 15:29:00,620,620,620,620,0
2022-03-14 15:30:00,620,620,620,620,0
2022-03-14 15:31:00,620,620,620,620,0
2022-03-14 15:32:00,620,620,620,620,0
2022-03-14 15:33:00,620,620,620,620,0
2022-03-14 15:34:00,620,620,620,620,0
2022-03-14 15:35:00,620,620,620,620,0
2022-03-14 15:36:00,620,620,620,620,0
2022-03-14 15:37:00,620,620,620,620,0
2022-03-14 15:38:00,620,620,620,620,0
2022-03-14 15:39:00,620,620,620,620,0
2022-03-14 15:40:00,620,620,620,620,0
2022-03-14 15:41:00,620,620,620,620,0
2022-03-14 15:42:00,620,620,620,620,0
2022-03-14 15:43:00,620,620,620,620,0
2022-03-14 15:44:00,620,620,620,620,0
2022-03-14 15:45:00,620,620,620,620,0
2022-03-14 15:46:00,620,620,620,620,0
2022-03-14 15:47:00,620,620,620,620,0
2022-03-14 15:48:00,620,620,620,620,0
2022-03-14 15:49:00,620,620,620,620,0
2022-03-14 15:50:00,620,620,620,620,0
2022-03-14 15:51:00,620,620,620,620,0
2022-03-14 15:52:00,620,620,620,620,0
2022-03-14 15:53:00,620,620,620,620,0
2022-03-14 15:54:00,620,620,620,620,0
2022-03-14 15:55:00,620,620,620,620,0
2022-03-14 15:56:00,620,620,620,620,0
2022-03-14 15:57:00,620,620,620,620,0
2022-03-14 15:58:00,620,620,620,620,0
2022-03-14 15:59:00,620,620,620,620,0
2022-03-15 09:00:00,630,620,630,620,0
2022-03-15 09:01:00,630,630,650,650,35000
2022-03-15 09:02:00,650,650,655,655,21000
2022-03-15 09:03:00,650,650,655,655,0
2022-03-15 09:04:00,645,645,650,650,300
2022-03-15 09:05:00,650,650,650,650,1300
2022-03-15 09:06:00,650,650,650,650,0
2022-03-15 09:07:00,645,645,650,650,1800
2022-03-15 09:08:00,645,645,650,650,0
2022-03-15 09:09:00,650,650,650,650,30000
2022-03-15 09:10:00,650,650,650,650,0
2022-03-15 09:11:00,650,645,650,645,4800
2022-03-15 09:12:00,640,640,645,645,2300
2022-03-15 09:13:00,650,650,650,650,200
2022-03-15 09:14:00,650,650,650,650,10300
2022-03-15 09:15:00,645,645,650,650,700
2022-03-15 09:16:00,645,645,650,650,0
2022-03-15 09:17:00,650,645,650,645,1700
2022-03-15 09:18:00,645,645,650,650,900
2022-03-15 09:19:00,650,650,655,655,30000
2022-03-15 09:20:00,650,650,655,655,0
2022-03-15 09:21:00,650,650,655,655,0
2022-03-15 09:22:00,650,650,655,655,0
2022-03-15 09:23:00,655,655,655,655,300
2022-03-15 09:24:00,650,650,650,650,3000
2022-03-15 09:25:00,650,650,655,655,300
2022-03-15 09:26:00,650,650,655,655,0
2022-03-15 09:27:00,655,655,655,655,200
2022-03-15 09:28:00,655,655,655,655,0
2022-03-15 09:29:00,655,655,655,655,300
2022-03-15 09:30:00,655,655,655,655,0
2022-03-15 09:31:00,655,655,655,655,2300
2022-03-15 09:32:00,655,655,655,655,900
2022-03-15 09:33:00,655,655,655,655,0
2022-03-15 09:34:00,655,655,655,655,200
2022-03-15 09:35:00,655,655,655,655,0
2022-03-15 09:36:00,655,655,655,655,0
2022-03-15 09:37:00,655,655,655,655,200
2022-03-15 09:38:00,655,655,655,655,0
2022-03-15 09:39:00,655,655,655,655,0
2022-03-15 09:40:00,655,655,655,655,300
2022-03-15 09:41:00,655,655,655,655,0
2022-03-15 09:42:00,655,655,655,655,0
2022-03-15 09:43:00,655,655,655,655,300
2022-03-15 09:44:00,650,650,655,655,300
2022-03-15 09:45:00,655,650,655,655,800
2022-03-15 09:46:00,655,650,655,655,0
2022-03-15 09:47:00,655,650,655,655,0
2022-03-15 09:48:00,655,650,655,655,0
2022-03-15 09:49:00,655,650,655,655,0
2022-03-15 09:50:00,655,650,655,655,0
2022-03-15 09:51:00,650,650,655,655,5400
2022-03-15 09:52:00,655,645,655,645,5000
2022-03-15 09:53:00,655,645,655,645,1200
2022-03-15 09:54:00,655,650,655,650,700
2022-03-15 09:55:00,655,655,655,655,400
2022-03-15 09:56:00,655,650,655,655,1000
2022-03-15 09:57:00,655,655,655,655,200
2022-03-15 09:58:00,650,650,655,650,900
2022-03-15 09:59:00,645,645,645,645,10000
2022-03-15 10:00:00,655,655,655,655,8700
2022-03-15 10:01:00,650,650,655,655,700
2022-03-15 10:02:00,655,655,655,655,200
2022-03-15 10:03:00,650,650,650,650,1000
2022-03-15 10:04:00,650,650,655,655,1700
2022-03-15 10:05:00,650,650,655,655,400
2022-03-15 10:06:00,650,650,655,655,0
2022-03-15 10:07:00,650,650,655,655,0
2022-03-15 10:08:00,650,650,650,650,300
2022-03-15 10:09:00,650,645,650,645,2600
2022-03-15 10:10:00,645,645,645,645,2000
2022-03-15 10:11:00,650,645,650,650,1400
2022-03-15 10:12:00,650,645,650,645,1700
2022-03-15 10:13:00,645,645,650,650,1100
2022-03-15 10:14:00,650,645,650,645,400
2022-03-15 10:15:00,650,650,650,650,200
2022-03-15 10:16:00,650,650,650,650,200
2022-03-15 10:17:00,650,650,650,650,500
2022-03-15 10:18:00,650,650,650,650,0
2022-03-15 10:19:00,650,650,650,650,10300
2022-03-15 10:20:00,650,650,655,655,900
2022-03-15 10:21:00,655,655,655,655,200
2022-03-15 10:22:00,655,655,655,655,500
2022-03-15 10:23:00,650,650,650,650,600
2022-03-15 10:24:00,655,655,655,655,500
2022-03-15 10:25:00,650,650,650,650,500
2022-03-15 10:26:00,655,655,655,655,200
2022-03-15 10:27:00,655,655,655,655,211800
2022-03-15 10:28:00,650,645,655,655,600
2022-03-15 10:29:00,655,655,655,655,200
2022-03-15 10:30:00,655,655,655,655,0
2022-03-15 10:31:00,655,655,655,655,0
2022-03-15 10:32:00,655,650,655,650,700
2022-03-15 10:33:00,655,655,655,655,300
2022-03-15 10:34:00,650,650,650,650,300
2022-03-15 10:35:00,650,650,650,650,1900
2022-03-15 10:36:00,650,650,650,650,400
2022-03-15 10:37:00,650,650,650,650,0
2022-03-15 10:38:00,650,650,650,650,0
2022-03-15 10:39:00,650,650,650,650,0
2022-03-15 10:40:00,650,650,650,650,0
2022-03-15 10:41:00,650,650,650,650,0
2022-03-15 10:42:00,650,650,650,650,0
2022-03-15 10:43:00,650,650,650,650,200
2022-03-15 10:44:00,650,650,650,650,0
2022-03-15 10:45:00,650,650,650,650,0
2022-03-15 10:46:00,650,650,650,650,200
2022-03-15 10:47:00,650,650,650,650,0
2022-03-15 10:48:00,650,650,650,650,200
2022-03-15 10:49:00,650,650,650,650,0
2022-03-15 10:50:00,650,650,650,650,0
2022-03-15 10:51:00,645,645,650,650,400
2022-03-15 10:52:00,645,645,650,650,400
2022-03-15 10:53:00,650,650,650,650,100
2022-03-15 10:54:00,650,650,650,650,200
2022-03-15 10:55:00,650,650,650,650,0
2022-03-15 10:56:00,650,650,650,650,0
2022-03-15 10:57:00,650,650,650,650,0
2022-03-15 10:58:00,645,645,650,650,18000
2022-03-15 10:59:00,645,645,650,650,0
2022-03-15 11:00:00,645,645,650,650,0
2022-03-15 11:01:00,650,650,650,650,200
2022-03-15 11:02:00,650,650,650,650,0
2022-03-15 11:03:00,650,650,650,650,0
2022-03-15 11:04:00,650,650,650,650,0
2022-03-15 11:05:00,650,650,650,650,300
2022-03-15 11:06:00,650,650,650,650,0
2022-03-15 11:07:00,650,650,650,650,0
2022-03-15 11:08:00,650,650,650,650,200
2022-03-15 11:09:00,650,650,650,650,0
2022-03-15 11:10:00,650,650,650,650,0
2022-03-15 11:11:00,650,650,650,650,200
2022-03-15 11:12:00,650,650,650,650,0
2022-03-15 11:13:00,645,645,650,650,3100
2022-03-15 11:14:00,650,650,650,650,200
2022-03-15 11:15:00,650,650,650,650,0
2022-03-15 11:16:00,650,650,650,650,0
2022-03-15 11:17:00,650,650,650,650,0
2022-03-15 11:18:00,650,650,650,650,0
2022-03-15 11:19:00,650,650,650,650,0
2022-03-15 11:20:00,650,650,650,650,0
2022-03-15 11:21:00,650,650,650,650,0
2022-03-15 11:22:00,650,650,650,650,200
2022-03-15 11:23:00,650,650,650,650,0
2022-03-15 11:24:00,650,650,650,650,0
2022-03-15 11:25:00,650,650,650,650,200
2022-03-15 11:26:00,650,650,650,650,0
2022-03-15 11:27:00,650,650,650,650,0
2022-03-15 11:28:00,650,650,650,650,200
2022-03-15 11:29:00,650,650,650,650,200
2022-03-15 11:30:00,650,650,650,650,0
2022-03-15 11:31:00,650,650,650,650,0
2022-03-15 11:32:00,650,650,650,650,0
2022-03-15 11:33:00,650,650,650,650,0
2022-03-15 11:34:00,650,650,650,650,0
2022-03-15 11:35:00,650,650,650,650,0
2022-03-15 11:36:00,650,650,650,650,0
2022-03-15 11:37:00,650,650,650,650,0
2022-03-15 11:38:00,650,650,650,650,0
2022-03-15 11:39:00,650,650,650,650,0
2022-03-15 11:40:00,650,650,650,650,0
2022-03-15 11:41:00,650,650,650,650,0
2022-03-15 11:42:00,650,650,650,650,0
2022-03-15 11:43:00,650,650,650,650,0
2022-03-15 11:44:00,650,650,650,650,0
2022-03-15 11:45:00,650,650,650,650,0
2022-03-15 11:46:00,650,650,650,650,0
2022-03-15 11:47:00,650,650,650,650,0
2022-03-15 11:48:00,650,650,650,650,0
2022-03-15 11:49:00,650,650,650,650,0
2022-03-15 11:50:00,650,650,650,650,0
2022-03-15 11:51:00,650,650,650,650,0
2022-03-15 11:52:00,650,650,650,650,0
2022-03-15 11:53:00,650,650,650,650,0
2022-03-15 11:54:00,650,650,650,650,0
2022-03-15 11:55:00,650,650,650,650,0
2022-03-15 11:56:00,650,650,650,650,0
2022-03-15 11:57:00,650,650,650,650,0
2022-03-15 11:58:00,650,650,650,650,0
2022-03-15 11:59:00,650,650,650,650,0
2022-03-15 12:00:00,650,650,650,650,0
2022-03-15 12:01:00,650,650,650,650,0
2022-03-15 12:02:00,650,650,650,650,0
2022-03-15 12:03:00,650,650,650,650,0
2022-03-15 12:04:00,650,650,650,650,0
2022-03-15 12:05:00,650,650,650,650,0
2022-03-15 12:06:00,650,650,650,650,0
2022-03-15 12:07:00,650,650,650,650,0
2022-03-15 12:08:00,650,650,650,650,0
2022-03-15 12:09:00,650,650,650,650,0
2022-03-15 12:10:00,650,650,650,650,0
2022-03-15 12:11:00,650,650,650,650,0
2022-03-15 12:12:00,650,650,650,650,0
2022-03-15 12:13:00,650,650,650,650,0
2022-03-15 12:14:00,650,650,650,650,0
2022-03-15 12:15:00,650,650,650,650,0
2022-03-15 12:16:00,650,650,650,650,0
2022-03-15 12:17:00,650,650,650,650,0
2022-03-15 12:18:00,650,650,650,650,0
2022-03-15 12:19:00,650,650,650,650,0
2022-03-15 12:20:00,650,650,650,650,0
2022-03-15 12:21:00,650,650,650,650,0
2022-03-15 12:22:00,650,650,650,650,0
2022-03-15 12:23:00,650,650,650,650,0
2022-03-15 12:24:00,650,650,650,650,0
2022-03-15 12:25:00,650,650,650,650,0
2022-03-15 12:26:00,650,650,650,650,0
2022-03-15 12:27:00,650,650,650,650,0
2022-03-15 12:28:00,650,650,650,650,0
2022-03-15 12:29:00,650,650,650,650,0
2022-03-15 12:30:00,650,650,650,650,0
2022-03-15 12:31:00,650,650,650,650,0
2022-03-15 12:32:00,650,650,650,650,0
2022-03-15 12:33:00,650,650,650,650,0
2022-03-15 12:34:00,650,650,650,650,0
2022-03-15 12:35:00,650,650,650,650,0
2022-03-15 12:36:00,650,650,650,650,0
2022-03-15 12:37:00,650,650,650,650,0
2022-03-15 12:38:00,650,650,650,650,0
2022-03-15 12:39:00,650,650,650,650,0
2022-03-15 12:40:00,650,650,650,650,0
2022-03-15 12:41:00,650,650,650,650,0
2022-03-15 12:42:00,650,650,650,650,0
2022-03-15 12:43:00,650,650,650,650,0
2022-03-15 12:44:00,650,650,650,650,0
2022-03-15 12:45:00,650,650,650,650,0
2022-03-15 12:46:00,650,650,650,650,0
2022-03-15 12:47:00,650,650,650,650,0
2022-03-15 12:48:00,650,650,650,650,0
2022-03-15 12:49:00,650,650,650,650,0
2022-03-15 12:50:00,650,650,650,650,0
2022-03-15 12:51:00,650,650,650,650,0
2022-03-15 12:52:00,650,650,650,650,0
2022-03-15 12:53:00,650,650,650,650,0
2022-03-15 12:54:00,650,650,650,650,0
2022-03-15 12:55:00,650,650,650,650,0
2022-03-15 12:56:00,650,650,650,650,0
2022-03-15 12:57:00,650,650,650,650,0
2022-03-15 12:58:00,650,650,650,650,0
2022-03-15 12:59:00,650,650,650,650,0
2022-03-15 13:00:00,650,650,650,650,0
2022-03-15 13:01:00,650,650,650,650,0
2022-03-15 13:02:00,650,650,650,650,0
2022-03-15 13:03:00,650,650,650,650,0
2022-03-15 13:04:00,650,650,650,650,0
2022-03-15 13:05:00,650,650,650,650,0
2022-03-15 13:06:00,650,650,650,650,0
2022-03-15 13:07:00,650,650,650,650,0
2022-03-15 13:08:00,650,650,650,650,0
2022-03-15 13:09:00,650,650,650,650,0
2022-03-15 13:10:00,650,650,650,650,0
2022-03-15 13:11:00,650,650,650,650,0
2022-03-15 13:12:00,650,650,650,650,0
2022-03-15 13:13:00,650,650,650,650,0
2022-03-15 13:14:00,650,650,650,650,0
2022-03-15 13:15:00,650,650,650,650,0
2022-03-15 13:16:00,650,650,650,650,0
2022-03-15 13:17:00,650,650,650,650,0
2022-03-15 13:18:00,650,650,650,650,0
2022-03-15 13:19:00,650,650,650,650,0
2022-03-15 13:20:00,650,650,650,650,0
2022-03-15 13:21:00,650,650,650,650,0
2022-03-15 13:22:00,650,650,650,650,0
2022-03-15 13:23:00,650,650,650,650,0
2022-03-15 13:24:00,650,650,650,650,0
2022-03-15 13:25:00,650,650,650,650,0
2022-03-15 13:26:00,650,650,650,650,0
2022-03-15 13:27:00,650,650,650,650,0
2022-03-15 13:28:00,650,650,650,650,0
2022-03-15 13:29:00,650,650,650,650,0
2022-03-15 13:30:00,650,650,660,655,94100
2022-03-15 13:31:00,650,650,660,655,0
2022-03-15 13:32:00,655,655,660,660,10000
2022-03-15 13:33:00,655,655,660,660,0
2022-03-15 13:34:00,655,655,660,660,0
2022-03-15 13:35:00,660,660,660,660,2300
2022-03-15 13:36:00,660,660,660,660,0
2022-03-15 13:37:00,660,660,660,660,0
2022-03-15 13:38:00,660,660,660,660,1500
2022-03-15 13:39:00,660,660,660,660,10000
2022-03-15 13:40:00,660,660,660,660,800
2022-03-15 13:41:00,660,660,660,660,500
2022-03-15 13:42:00,660,660,665,665,30000
2022-03-15 13:43:00,660,660,665,665,1500
2022-03-15 13:44:00,665,665,665,665,10000
2022-03-15 13:45:00,665,665,665,665,500
2022-03-15 13:46:00,665,665,665,665,1000
2022-03-15 13:47:00,665,665,665,665,0
2022-03-15 13:48:00,660,660,665,665,300
2022-03-15 13:49:00,660,660,665,665,0
2022-03-15 13:50:00,665,665,665,665,4000
2022-03-15 13:51:00,665,665,665,665,0
2022-03-15 13:52:00,665,665,665,665,800
2022-03-15 13:53:00,665,665,665,665,0
2022-03-15 13:54:00,660,660,665,665,1200
2022-03-15 13:55:00,665,665,665,665,400
2022-03-15 13:56:00,660,660,665,665,700
2022-03-15 13:57:00,660,660,665,665,0
2022-03-15 13:58:00,665,665,665,665,500
2022-03-15 13:59:00,665,660,665,660,900
2022-03-15 14:00:00,665,660,665,660,0
2022-03-15 14:01:00,655,655,660,660,1000
2022-03-15 14:02:00,655,650,655,650,3000
2022-03-15 14:03:00,660,660,660,660,200
2022-03-15 14:04:00,660,660,660,660,200
2022-03-15 14:05:00,660,660,660,660,300
2022-03-15 14:06:00,660,660,660,660,200
2022-03-15 14:07:00,655,655,655,655,500
2022-03-15 14:08:00,660,660,660,660,400
2022-03-15 14:09:00,655,655,660,660,700
2022-03-15 14:10:00,655,655,660,660,0
2022-03-15 14:11:00,660,660,660,660,1100
2022-03-15 14:12:00,660,660,660,660,0
2022-03-15 14:13:00,660,660,660,660,200
2022-03-15 14:14:00,660,660,660,660,400
2022-03-15 14:15:00,660,660,660,660,1400
2022-03-15 14:16:00,660,660,660,660,400
2022-03-15 14:17:00,660,660,660,660,0
2022-03-15 14:18:00,655,655,660,660,700
2022-03-15 14:19:00,655,650,655,650,800
2022-03-15 14:20:00,660,660,660,660,300
2022-03-15 14:21:00,660,660,660,660,200
2022-03-15 14:22:00,660,660,660,660,0
2022-03-15 14:23:00,660,660,660,660,0
2022-03-15 14:24:00,660,660,660,660,0
2022-03-15 14:25:00,660,660,660,660,0
2022-03-15 14:26:00,660,660,660,660,500
2022-03-15 14:27:00,660,660,660,660,200
2022-03-15 14:28:00,655,655,660,660,700
2022-03-15 14:29:00,660,660,660,660,1800
2022-03-15 14:30:00,660,660,660,660,0
2022-03-15 14:31:00,660,660,660,660,0
2022-03-15 14:32:00,660,660,660,660,200
2022-03-15 14:33:00,660,655,660,655,900
2022-03-15 14:34:00,660,655,660,660,1000
2022-03-15 14:35:00,660,660,660,660,200
2022-03-15 14:36:00,660,660,660,660,1800
2022-03-15 14:37:00,660,660,660,660,200
2022-03-15 14:38:00,660,655,660,660,1100
2022-03-15 14:39:00,660,655,660,660,0
2022-03-15 14:40:00,660,660,660,660,1200
2022-03-15 14:41:00,660,660,660,660,0
2022-03-15 14:42:00,660,660,660,660,200
2022-03-15 14:43:00,660,660,660,660,0
2022-03-15 14:44:00,660,655,660,655,1100
2022-03-15 14:45:00,660,660,660,660,400
2022-03-15 14:46:00,660,660,660,660,200
2022-03-15 14:47:00,660,660,660,660,200
2022-03-15 14:48:00,660,660,660,660,1000
2022-03-15 14:49:00,660,660,660,660,900
2022-03-15 14:50:00,660,660,660,660,0
2022-03-15 14:51:00,660,660,660,660,0
2022-03-15 14:52:00,660,660,660,660,0
2022-03-15 14:53:00,660,660,660,660,0
2022-03-15 14:54:00,660,660,660,660,0
2022-03-15 14:55:00,660,660,660,660,0
2022-03-15 14:56:00,660,660,660,660,0
2022-03-15 14:57:00,660,660,660,660,0
2022-03-15 14:58:00,660,660,660,660,0
2022-03-15 14:59:00,660,660,660,660,0
2022-03-15 15:00:00,660,660,660,660,113700
2022-03-15 15:01:00,660,660,660,660,46000
2022-03-15 15:02:00,660,660,660,660,700
2022-03-15 15:03:00,660,660,660,660,2000
2022-03-15 15:04:00,660,660,660,660,0
2022-03-15 15:05:00,660,660,660,660,0
2022-03-15 15:06:00,660,660,660,660,0
2022-03-15 15:07:00,660,660,660,660,0
2022-03-15 15:08:00,660,660,660,660,0
2022-03-15 15:09:00,660,660,660,660,0
2022-03-15 15:10:00,660,660,660,660,0
2022-03-15 15:11:00,660,660,660,660,0
2022-03-15 15:12:00,660,660,660,660,0
2022-03-15 15:13:00,660,660,660,660,0
2022-03-15 15:14:00,660,660,660,660,0
2022-03-15 15:15:00,660,660,660,660,0
2022-03-15 15:16:00,660,660,660,660,0
2022-03-15 15:17:00,660,660,660,660,0
2022-03-15 15:18:00,660,660,660,660,0
2022-03-15 15:19:00,660,660,660,660,0
2022-03-15 15:20:00,660,660,660,660,0
2022-03-15 15:21:00,660,660,660,660,0
2022-03-15 15:22:00,660,660,660,660,0
2022-03-15 15:23:00,660,660,660,660,0
2022-03-15 15:24:00,660,660,660,660,0
2022-03-15 15:25:00,660,660,660,660,0
2022-03-15 15:26:00,660,660,660,660,0
2022-03-15 15:27:00,660,660,660,660,0
2022-03-15 15:28:00,660,660,660,660,0
2022-03-15 15:29:00,660,660,660,660,0
2022-03-15 15:30:00,660,660,660,660,0
2022-03-15 15:31:00,660,660,660,660,0
2022-03-15 15:32:00,660,660,660,660,0
2022-03-15 15:33:00,660,660,660,660,0
2022-03-15 15:34:00,660,660,660,660,0
2022-03-15 15:35:00,660,660,660,660,0
2022-03-15 15:36:00,660,660,660,660,0
2022-03-15 15:37:00,660,660,660,660,0
2022-03-15 15:38:00,660,660,660,660,0
2022-03-15 15:39:00,660,660,660,660,0
2022-03-15 15:40:00,660,660,660,660,0
2022-03-15 15:41:00,660,660,660,660,0
2022-03-15 15:42:00,660,660,660,660,0
2022-03-15 15:43:00,660,660,660,660,0
2022-03-15 15:44:00,660,660,660,660,0
2022-03-15 15:45:00,660,660,660,660,0
2022-03-15 15:46:00,660,660,660,660,0
2022-03-15 15:47:00,660,660,660,660,0
2022-03-15 15:48:00,660,660,660,660,0
2022-03-15 15:49:00,660,660,660,660,0
2022-03-15 15:50:00,660,660,660,660,0
2022-03-15 15:51:00,660,660,660,660,0
2022-03-15 15:52:00,660,660,660,660,0
2022-03-15 15:53:00,660,660,660,660,0
2022-03-15 15:54:00,660,660,660,660,0
2022-03-15 15:55:00,660,660,660,660,0
2022-03-15 15:56:00,660,660,660,660,0
2022-03-15 15:57:00,660,660,660,660,0
2022-03-15 15:58:00,660,660,660,660,0
2022-03-15 15:59:00,660,660,660,660,0
2022-03-16 09:00:00,665,665,665,665,0
2022-03-16 09:01:00,665,665,665,665,0
2022-03-16 09:02:00,665,665,665,665,0
2022-03-16 09:03:00,665,665,665,665,0
2022-03-16 09:04:00,665,665,665,665,0
2022-03-16 09:05:00,665,665,665,665,0
2022-03-16 09:06:00,665,665,665,665,0
2022-03-16 09:07:00,660,660,665,660,1900
2022-03-16 09:08:00,660,660,665,660,0
2022-03-16 09:09:00,660,660,665,660,0
2022-03-16 09:10:00,665,665,665,665,200
2022-03-16 09:11:00,665,665,665,665,800
2022-03-16 09:12:00,665,665,665,665,700
2022-03-16 09:13:00,665,665,665,665,0
2022-03-16 09:14:00,665,665,665,665,1300
2022-03-16 09:15:00,665,665,665,665,0
2022-03-16 09:16:00,665,665,665,665,0
2022-03-16 09:17:00,660,660,660,660,500
2022-03-16 09:18:00,660,660,660,660,900
2022-03-16 09:19:00,660,660,660,660,0
2022-03-16 09:20:00,660,660,660,660,0
2022-03-16 09:21:00,660,660,660,660,0
2022-03-16 09:22:00,660,660,660,660,0
2022-03-16 09:23:00,660,660,660,660,0
2022-03-16 09:24:00,660,660,660,660,0
2022-03-16 09:25:00,660,660,660,660,500
2022-03-16 09:26:00,660,660,660,660,0
2022-03-16 09:27:00,660,660,665,665,59700
2022-03-16 09:28:00,665,665,670,670,19000
2022-03-16 09:29:00,670,670,670,670,1400
2022-03-16 09:30:00,670,670,670,670,0
2022-03-16 09:31:00,670,670,670,670,300
2022-03-16 09:32:00,670,670,670,670,200
2022-03-16 09:33:00,670,670,670,670,0
2022-03-16 09:34:00,670,670,670,670,700
2022-03-16 09:35:00,670,670,670,670,0
2022-03-16 09:36:00,670,670,670,670,0
2022-03-16 09:37:00,670,670,670,670,0
2022-03-16 09:38:00,670,670,670,670,0
2022-03-16 09:39:00,670,670,670,670,0
2022-03-16 09:40:00,670,670,670,670,1500
2022-03-16 09:41:00,670,670,670,670,0
2022-03-16 09:42:00,670,670,670,670,300
2022-03-16 09:43:00,665,660,665,660,2200
2022-03-16 09:44:00,660,660,665,665,900
2022-03-16 09:45:00,665,665,665,665,1100
2022-03-16 09:46:00,665,665,665,665,300
2022-03-16 09:47:00,665,665,665,665,0
2022-03-16 09:48:00,660,660,660,660,500
2022-03-16 09:49:00,660,660,665,665,1300
2022-03-16 09:50:00,660,660,665,665,0
2022-03-16 09:51:00,665,665,665,665,300
2022-03-16 09:52:00,665,665,665,665,0
2022-03-16 09:53:00,665,665,665,665,200
2022-03-16 09:54:00,665,665,665,665,200
2022-03-16 09:55:00,665,665,665,665,300
2022-03-16 09:56:00,665,665,670,670,20000
2022-03-16 09:57:00,665,665,670,670,0
2022-03-16 09:58:00,665,665,670,670,0
2022-03-16 09:59:00,665,665,665,665,500
2022-03-16 10:00:00,670,670,670,670,300
2022-03-16 10:01:00,670,670,670,670,0
2022-03-16 10:02:00,670,670,670,670,0
2022-03-16 10:03:00,670,670,670,670,0
2022-03-16 10:04:00,670,670,670,670,0
2022-03-16 10:05:00,670,660,670,660,900
2022-03-16 10:06:00,670,670,670,670,300
2022-03-16 10:07:00,665,665,670,665,2800
2022-03-16 10:08:00,665,665,670,670,500
2022-03-16 10:09:00,665,665,670,670,0
2022-03-16 10:10:00,670,670,670,670,200
2022-03-16 10:11:00,670,670,670,670,200
2022-03-16 10:12:00,670,665,670,665,1000
2022-03-16 10:13:00,670,670,670,670,200
2022-03-16 10:14:00,670,670,670,670,0
2022-03-16 10:15:00,670,670,670,670,0
2022-03-16 10:16:00,670,670,670,670,200
2022-03-16 10:17:00,670,670,670,670,200
2022-03-16 10:18:00,665,665,670,670,300
2022-03-16 10:19:00,665,665,670,670,600
2022-03-16 10:20:00,670,670,670,670,200
2022-03-16 10:21:00,665,665,670,670,600
2022-03-16 10:22:00,665,665,670,670,0
2022-03-16 10:23:00,665,665,670,670,0
2022-03-16 10:24:00,670,665,670,665,400
2022-03-16 10:25:00,670,670,670,670,200
2022-03-16 10:26:00,670,670,670,670,500
2022-03-16 10:27:00,670,665,670,665,600
2022-03-16 10:28:00,665,665,670,665,800
2022-03-16 10:29:00,670,670,670,670,200
2022-03-16 10:30:00,665,665,665,665,500
2022-03-16 10:31:00,670,665,670,665,500
2022-03-16 10:32:00,670,665,670,665,0
2022-03-16 10:33:00,670,665,670,665,500
2022-03-16 10:34:00,670,665,670,665,400
2022-03-16 10:35:00,670,670,670,670,400
2022-03-16 10:36:00,665,665,670,665,1300
2022-03-16 10:37:00,670,670,670,670,200
2022-03-16 10:38:00,665,665,670,670,400
2022-03-16 10:39:00,665,665,670,670,0
2022-03-16 10:40:00,665,665,670,670,0
2022-03-16 10:41:00,670,670,670,670,200
2022-03-16 10:42:00,670,670,670,670,0
2022-03-16 10:43:00,670,670,670,670,0
2022-03-16 10:44:00,670,670,670,670,0
2022-03-16 10:45:00,665,665,670,670,800
2022-03-16 10:46:00,665,665,670,670,0
2022-03-16 10:47:00,670,665,670,665,1000
2022-03-16 10:48:00,670,670,670,670,200
2022-03-16 10:49:00,665,665,670,670,400
2022-03-16 10:50:00,665,665,670,670,0
2022-03-16 10:51:00,670,665,670,670,1200
2022-03-16 10:52:00,670,665,670,670,0
2022-03-16 10:53:00,665,665,665,665,300
2022-03-16 10:54:00,670,670,670,670,200
2022-03-16 10:55:00,670,670,670,670,200
2022-03-16 10:56:00,670,670,670,670,0
2022-03-16 10:57:00,665,665,670,670,300
2022-03-16 10:58:00,670,670,670,670,100
2022-03-16 10:59:00,670,670,670,670,0
2022-03-16 11:00:00,670,670,670,670,1500
2022-03-16 11:01:00,670,670,670,670,0
2022-03-16 11:02:00,670,670,670,670,200
2022-03-16 11:03:00,670,670,670,670,0
2022-03-16 11:04:00,670,670,670,670,0
2022-03-16 11:05:00,670,670,670,670,0
2022-03-16 11:06:00,670,670,670,670,300
2022-03-16 11:07:00,670,670,670,670,0
2022-03-16 11:08:00,665,665,670,670,400
2022-03-16 11:09:00,665,665,665,665,200
2022-03-16 11:10:00,670,670,670,670,200
2022-03-16 11:11:00,670,670,670,670,0
2022-03-16 11:12:00,670,670,670,670,0
2022-03-16 11:13:00,670,670,670,670,0
2022-03-16 11:14:00,665,665,665,665,200
2022-03-16 11:15:00,670,670,670,670,200
2022-03-16 11:16:00,670,670,670,670,0
2022-03-16 11:17:00,665,665,670,670,500
2022-03-16 11:18:00,665,665,670,670,0
2022-03-16 11:19:00,665,665,665,665,200
2022-03-16 11:20:00,665,665,665,665,0
2022-03-16 11:21:00,670,670,670,670,200
2022-03-16 11:22:00,670,670,670,670,0
2022-03-16 11:23:00,670,670,670,670,0
2022-03-16 11:24:00,670,670,670,670,200
2022-03-16 11:25:00,670,670,670,670,0
2022-03-16 11:26:00,670,670,670,670,300
2022-03-16 11:27:00,670,670,670,670,200
2022-03-16 11:28:00,670,670,670,670,300
2022-03-16 11:29:00,670,670,670,670,0
2022-03-16 11:30:00,670,670,670,670,0
2022-03-16 11:31:00,670,670,670,670,0
2022-03-16 11:32:00,670,670,670,670,0
2022-03-16 11:33:00,670,670,670,670,0
2022-03-16 11:34:00,670,670,670,670,0
2022-03-16 11:35:00,670,670,670,670,0
2022-03-16 11:36:00,670,670,670,670,0
2022-03-16 11:37:00,670,670,670,670,0
2022-03-16 11:38:00,670,670,670,670,0
2022-03-16 11:39:00,670,670,670,670,0
2022-03-16 11:40:00,670,670,670,670,0
2022-03-16 11:41:00,670,670,670,670,0
2022-03-16 11:42:00,670,670,670,670,0
2022-03-16 11:43:00,670,670,670,670,0
2022-03-16 11:44:00,670,670,670,670,0
2022-03-16 11:45:00,670,670,670,670,0
2022-03-16 11:46:00,670,670,670,670,0
2022-03-16 11:47:00,670,670,670,670,0
2022-03-16 11:48:00,670,670,670,670,0
2022-03-16 11:49:00,670,670,670,670,0
2022-03-16 11:50:00,670,670,670,670,0
2022-03-16 11:51:00,670,670,670,670,0
2022-03-16 11:52:00,670,670,670,670,0
2022-03-16 11:53:00,670,670,670,670,0
2022-03-16 11:54:00,670,670,670,670,0
2022-03-16 11:55:00,670,670,670,670,0
2022-03-16 11:56:00,670,670,670,670,0
2022-03-16 11:57:00,670,670,670,670,0
2022-03-16 11:58:00,670,670,670,670,0
2022-03-16 11:59:00,670,670,670,670,0
2022-03-16 12:00:00,670,670,670,670,0
2022-03-16 12:01:00,670,670,670,670,0
2022-03-16 12:02:00,670,670,670,670,0
2022-03-16 12:03:00,670,670,670,670,0
2022-03-16 12:04:00,670,670,670,670,0
2022-03-16 12:05:00,670,670,670,670,0
2022-03-16 12:06:00,670,670,670,670,0
2022-03-16 12:07:00,670,670,670,670,0
2022-03-16 12:08:00,670,670,670,670,0
2022-03-16 12:09:00,670,670,670,670,0
2022-03-16 12:10:00,670,670,670,670,0
2022-03-16 12:11:00,670,670,670,670,0
2022-03-16 12:12:00,670,670,670,670,0
2022-03-16 12:13:00,670,670,670,670,0
2022-03-16 12:14:00,670,670,670,670,0
2022-03-16 12:15:00,670,670,670,670,0
2022-03-16 12:16:00,670,670,670,670,0
2022-03-16 12:17:00,670,670,670,670,0
2022-03-16 12:18:00,670,670,670,670,0
2022-03-16 12:19:00,670,670,670,670,0
2022-03-16 12:20:00,670,670,670,670,0
2022-03-16 12:21:00,670,670,670,670,0
2022-03-16 12:22:00,670,670,670,670,0
2022-03-16 12:23:00,670,670,670,670,0
2022-03-16 12:24:00,670,670,670,670,0
2022-03-16 12:25:00,670,670,670,670,0
2022-03-16 12:26:00,670,670,670,670,0
2022-03-16 12:27:00,670,670,670,670,0
2022-03-16 12:28:00,670,670,670,670,0
2022-03-16 12:29:00,670,670,670,670,0
2022-03-16 12:30:00,670,670,670,670,0
2022-03-16 12:31:00,670,670,670,670,0
2022-03-16 12:32:00,670,670,670,670,0
2022-03-16 12:33:00,670,670,670,670,0
2022-03-16 12:34:00,670,670,670,670,0
2022-03-16 12:35:00,670,670,670,670,0
2022-03-16 12:36:00,670,670,670,670,0
2022-03-16 12:37:00,670,670,670,670,0
2022-03-16 12:38:00,670,670,670,670,0
2022-03-16 12:39:00,670,670,670,670,0
2022-03-16 12:40:00,670,670,670,670,0
2022-03-16 12:41:00,670,670,670,670,0
2022-03-16 12:42:00,670,670,670,670,0
2022-03-16 12:43:00,670,670,670,670,0
2022-03-16 12:44:00,670,670,670,670,0
2022-03-16 12:45:00,670,670,670,670,0
2022-03-16 12:46:00,670,670,670,670,0
2022-03-16 12:47:00,670,670,670,670,0
2022-03-16 12:48:00,670,670,670,670,0
2022-03-16 12:49:00,670,670,670,670,0
2022-03-16 12:50:00,670,670,670,670,0
2022-03-16 12:51:00,670,670,670,670,0
2022-03-16 12:52:00,670,670,670,670,0
2022-03-16 12:53:00,670,670,670,670,0
2022-03-16 12:54:00,670,670,670,670,0
2022-03-16 12:55:00,670,670,670,670,0
2022-03-16 12:56:00,670,670,670,670,0
2022-03-16 12:57:00,670,670,670,670,0
2022-03-16 12:58:00,670,670,670,670,0
2022-03-16 12:59:00,670,670,670,670,0
2022-03-16 13:00:00,670,670,670,670,0
2022-03-16 13:01:00,670,670,670,670,0
2022-03-16 13:02:00,670,670,670,670,0
2022-03-16 13:03:00,670,670,670,670,0
2022-03-16 13:04:00,670,670,670,670,0
2022-03-16 13:05:00,670,670,670,670,0
2022-03-16 13:06:00,670,670,670,670,0
2022-03-16 13:07:00,670,670,670,670,0
2022-03-16 13:08:00,670,670,670,670,0
2022-03-16 13:09:00,670,670,670,670,0
2022-03-16 13:10:00,670,670,670,670,0
2022-03-16 13:11:00,670,670,670,670,0
2022-03-16 13:12:00,670,670,670,670,0
2022-03-16 13:13:00,670,670,670,670,0
2022-03-16 13:14:00,670,670,670,670,0
2022-03-16 13:15:00,670,670,670,670,0
2022-03-16 13:16:00,670,670,670,670,0
2022-03-16 13:17:00,670,670,670,670,0
2022-03-16 13:18:00,670,670,670,670,0
2022-03-16 13:19:00,670,670,670,670,0
2022-03-16 13:20:00,670,670,670,670,0
2022-03-16 13:21:00,670,670,670,670,0
2022-03-16 13:22:00,670,670,670,670,0
2022-03-16 13:23:00,670,670,670,670,0
2022-03-16 13:24:00,670,670,670,670,0
2022-03-16 13:25:00,670,670,670,670,0
2022-03-16 13:26:00,670,670,670,670,0
2022-03-16 13:27:00,670,670,670,670,0
2022-03-16 13:28:00,670,670,670,670,0
2022-03-16 13:29:00,670,670,670,670,0
2022-03-16 13:30:00,670,665,670,665,1700
2022-03-16 13:31:00,670,670,670,670,300
2022-03-16 13:32:00,670,670,670,670,0
2022-03-16 13:33:00,670,670,670,670,200
2022-03-16 13:34:00,670,670,670,670,0
2022-03-16 13:35:00,670,670,670,670,0
2022-03-16 13:36:00,670,665,670,665,600
2022-03-16 13:37:00,670,670,670,670,200
2022-03-16 13:38:00,670,670,670,670,0
2022-03-16 13:39:00,665,665,670,670,1700
2022-03-16 13:40:00,670,670,670,670,200
2022-03-16 13:41:00,670,670,670,670,0
2022-03-16 13:42:00,670,670,670,670,200
2022-03-16 13:43:00,665,665,665,665,400
2022-03-16 13:44:00,670,670,670,670,300
2022-03-16 13:45:00,665,665,665,665,200
2022-03-16 13:46:00,665,665,665,665,1200
2022-03-16 13:47:00,670,670,670,670,200
2022-03-16 13:48:00,670,670,670,670,200
2022-03-16 13:49:00,665,665,665,665,500
2022-03-16 13:50:00,670,670,670,670,200
2022-03-16 13:51:00,665,665,665,665,200
2022-03-16 13:52:00,665,665,665,665,0
2022-03-16 13:53:00,665,665,665,665,0
2022-03-16 13:54:00,665,665,665,665,300
2022-03-16 13:55:00,665,665,665,665,0
2022-03-16 13:56:00,665,665,665,665,800
2022-03-16 13:57:00,665,665,665,665,0
2022-03-16 13:58:00,665,665,665,665,0
2022-03-16 13:59:00,665,665,665,665,0
2022-03-16 14:00:00,665,665,665,665,0
2022-03-16 14:01:00,665,665,665,665,900
2022-03-16 14:02:00,665,665,665,665,0
2022-03-16 14:03:00,665,665,665,665,0
2022-03-16 14:04:00,665,665,665,665,0
2022-03-16 14:05:00,665,665,665,665,200
2022-03-16 14:06:00,665,665,665,665,0
2022-03-16 14:07:00,665,665,665,665,0
2022-03-16 14:08:00,665,665,665,665,300
2022-03-16 14:09:00,665,665,665,665,300
2022-03-16 14:10:00,665,665,665,665,0
2022-03-16 14:11:00,665,665,665,665,0
2022-03-16 14:12:00,665,665,665,665,0
2022-03-16 14:13:00,665,665,665,665,200
2022-03-16 14:14:00,665,665,665,665,0
2022-03-16 14:15:00,665,665,665,665,0
2022-03-16 14:16:00,665,665,665,665,300
2022-03-16 14:17:00,665,665,665,665,0
2022-03-16 14:18:00,665,665,665,665,0
2022-03-16 14:19:00,665,665,665,665,0
2022-03-16 14:20:00,665,665,665,665,0
2022-03-16 14:21:00,665,665,665,665,0
2022-03-16 14:22:00,665,665,665,665,0
2022-03-16 14:23:00,665,665,665,665,300
2022-03-16 14:24:00,665,665,665,665,0
2022-03-16 14:25:00,665,660,665,660,1400
2022-03-16 14:26:00,660,660,665,665,1400
2022-03-16 14:27:00,665,665,665,665,400
2022-03-16 14:28:00,665,665,665,665,0
2022-03-16 14:29:00,665,665,665,665,300
2022-03-16 14:30:00,665,665,665,665,0
2022-03-16 14:31:00,665,665,665,665,0
2022-03-16 14:32:00,665,665,665,665,0
2022-03-16 14:33:00,665,665,665,665,0
2022-03-16 14:34:00,665,665,665,665,400
2022-03-16 14:35:00,665,665,665,665,0
2022-03-16 14:36:00,665,665,665,665,0
2022-03-16 14:37:00,665,665,665,665,0
2022-03-16 14:38:00,665,665,665,665,0
2022-03-16 14:39:00,665,665,665,665,200
2022-03-16 14:40:00,665,665,665,665,0
2022-03-16 14:41:00,665,665,665,665,300
2022-03-16 14:42:00,665,665,665,665,500
2022-03-16 14:43:00,665,665,665,665,0
2022-03-16 14:44:00,665,665,665,665,200
2022-03-16 14:45:00,665,665,665,665,300
2022-03-16 14:46:00,665,665,665,665,500
2022-03-16 14:47:00,665,665,665,665,200
2022-03-16 14:48:00,665,665,665,665,500
2022-03-16 14:49:00,665,665,665,665,900
2022-03-16 14:50:00,665,665,665,665,0
2022-03-16 14:51:00,665,665,665,665,0
2022-03-16 14:52:00,665,665,665,665,0
2022-03-16 14:53:00,665,665,665,665,0
2022-03-16 14:54:00,665,665,665,665,0
2022-03-16 14:55:00,665,665,665,665,0
2022-03-16 14:56:00,665,665,665,665,0
2022-03-16 14:57:00,665,665,665,665,0
2022-03-16 14:58:00,665,665,665,665,0
2022-03-16 14:59:00,665,665,665,665,0
2022-03-16 15:00:00,665,665,665,665,13300
2022-03-16 15:01:00,665,665,665,665,57700
2022-03-16 15:02:00,665,665,665,665,0
2022-03-16 15:03:00,665,665,665,665,3000
2022-03-16 15:04:00,665,665,665,665,0
2022-03-16 15:05:00,665,665,665,665,0
2022-03-16 15:06:00,665,665,665,665,0
2022-03-16 15:07:00,665,665,665,665,0
2022-03-16 15:08:00,665,665,665,665,0
2022-03-16 15:09:00,665,665,665,665,0
2022-03-16 15:10:00,665,665,665,665,2000
2022-03-16 15:11:00,665,665,665,665,0
2022-03-16 15:12:00,665,665,665,665,0
2022-03-16 15:13:00,665,665,665,665,0
2022-03-16 15:14:00,665,665,665,665,0
2022-03-16 15:15:00,665,665,665,665,0
2022-03-16 15:16:00,665,665,665,665,0
2022-03-16 15:17:00,665,665,665,665,0
2022-03-16 15:18:00,665,665,665,665,0
2022-03-16 15:19:00,665,665,665,665,0
2022-03-16 15:20:00,665,665,665,665,0
2022-03-16 15:21:00,665,665,665,665,0
2022-03-16 15:22:00,665,665,665,665,0
2022-03-16 15:23:00,665,665,665,665,0
2022-03-16 15:24:00,665,665,665,665,0
2022-03-16 15:25:00,665,665,665,665,0
2022-03-16 15:26:00,665,665,665,665,0
2022-03-16 15:27:00,665,665,665,665,0
2022-03-16 15:28:00,665,665,665,665,0
2022-03-16 15:29:00,665,665,665,665,0
2022-03-16 15:30:00,665,665,665,665,0
2022-03-16 15:31:00,665,665,665,665,0
2022-03-16 15:32:00,665,665,665,665,0
2022-03-16 15:33:00,665,665,665,665,0
2022-03-16 15:34:00,665,665,665,665,0
2022-03-16 15:35:00,665,665,665,665,0
2022-03-16 15:36:00,665,665,665,665,0
2022-03-16 15:37:00,665,665,665,665,0
2022-03-16 15:38:00,665,665,665,665,0
2022-03-16 15:39:00,665,665,665,665,0
2022-03-16 15:40:00,665,665,665,665,0
2022-03-16 15:41:00,665,665,665,665,0
2022-03-16 15:42:00,665,665,665,665,0
2022-03-16 15:43:00,665,665,665,665,0
2022-03-16 15:44:00,665,665,665,665,0
2022-03-16 15:45:00,665,665,665,665,0
2022-03-16 15:46:00,665,665,665,665,0
2022-03-16 15:47:00,665,665,665,665,0
2022-03-16 15:48:00,665,665,665,665,0
2022-03-16 15:49:00,665,665,665,665,0
2022-03-16 15:50:00,665,665,665,665,0
2022-03-16 15:51:00,665,665,665,665,0
2022-03-16 15:52:00,665,665,665,665,0
2022-03-16 15:53:00,665,665,665,665,0
2022-03-16 15:54:00,665,665,665,665,0
2022-03-16 15:55:00,665,665,665,665,0
2022-03-16 15:56:00,665,665,665,665,0
2022-03-16 15:57:00,665,665,665,665,0
2022-03-16 15:58:00,665,665,665,665,0
2022-03-16 15:59:00,665,665,665,665,0
2022-03-17 09:00:00,665,665,665,665,0
2022-03-17 09:01:00,655,655,655,655,0
2022-03-17 09:02:00,655,655,665,665,3300
2022-03-17 09:03:00,655,655,665,665,0
2022-03-17 09:04:00,655,655,665,665,0
2022-03-17 09:05:00,655,655,665,665,0
2022-03-17 09:06:00,665,665,665,665,500
2022-03-17 09:07:00,665,665,665,665,0
2022-03-17 09:08:00,665,660,665,660,300
2022-03-17 09:09:00,665,665,665,665,300
2022-03-17 09:10:00,660,660,665,665,700
2022-03-17 09:11:00,660,660,665,665,0
2022-03-17 09:12:00,660,660,665,665,0
2022-03-17 09:13:00,665,665,665,665,500
2022-03-17 09:14:00,660,650,665,650,21400
2022-03-17 09:15:00,665,665,665,665,300
2022-03-17 09:16:00,665,665,665,665,0
2022-03-17 09:17:00,665,665,665,665,200
2022-03-17 09:18:00,665,665,665,665,500
2022-03-17 09:19:00,665,665,665,665,0
2022-03-17 09:20:00,665,665,665,665,100
2022-03-17 09:21:00,665,665,665,665,0
2022-03-17 09:22:00,665,665,665,665,300
2022-03-17 09:23:00,665,665,665,665,100
2022-03-17 09:24:00,665,665,665,665,600
2022-03-17 09:25:00,665,665,665,665,300
2022-03-17 09:26:00,665,665,665,665,0
2022-03-17 09:27:00,660,650,660,650,15100
2022-03-17 09:28:00,660,660,660,660,300
2022-03-17 09:29:00,660,660,660,660,0
2022-03-17 09:30:00,660,660,660,660,200
2022-03-17 09:31:00,660,660,660,660,0
2022-03-17 09:32:00,655,650,660,660,5800
2022-03-17 09:33:00,655,650,660,660,0
2022-03-17 09:34:00,655,650,660,660,0
2022-03-17 09:35:00,655,640,655,640,41300
2022-03-17 09:36:00,655,640,655,640,0
2022-03-17 09:37:00,655,655,655,655,800
2022-03-17 09:38:00,655,655,655,655,0
2022-03-17 09:39:00,655,655,655,655,100
2022-03-17 09:40:00,655,655,655,655,0
2022-03-17 09:41:00,655,655,655,655,0
2022-03-17 09:42:00,655,655,655,655,0
2022-03-17 09:43:00,655,655,660,660,30000
2022-03-17 09:44:00,655,655,660,660,0
2022-03-17 09:45:00,655,655,660,660,0
2022-03-17 09:46:00,660,660,660,660,400
2022-03-17 09:47:00,660,660,660,660,200
2022-03-17 09:48:00,660,660,660,660,0
2022-03-17 09:49:00,660,660,660,660,200
2022-03-17 09:50:00,660,660,660,660,0
2022-03-17 09:51:00,655,655,660,660,400
2022-03-17 09:52:00,655,655,660,660,0
2022-03-17 09:53:00,660,660,660,660,1000
2022-03-17 09:54:00,660,660,660,660,0
2022-03-17 09:55:00,660,660,660,660,0
2022-03-17 09:56:00,660,660,660,660,300
2022-03-17 09:57:00,660,660,660,660,0
2022-03-17 09:58:00,660,660,660,660,0
2022-03-17 09:59:00,660,660,660,660,400
2022-03-17 10:00:00,660,660,660,660,0
2022-03-17 10:01:00,660,660,660,660,300
2022-03-17 10:02:00,660,660,660,660,0
2022-03-17 10:03:00,660,660,660,660,0
2022-03-17 10:04:00,660,660,660,660,0
2022-03-17 10:05:00,660,660,660,660,0
2022-03-17 10:06:00,660,660,660,660,0
2022-03-17 10:07:00,660,660,660,660,0
2022-03-17 10:08:00,660,660,660,660,300
2022-03-17 10:09:00,660,660,660,660,0
2022-03-17 10:10:00,660,660,660,660,0
2022-03-17 10:11:00,660,660,660,660,0
2022-03-17 10:12:00,660,660,660,660,0
2022-03-17 10:13:00,660,660,660,660,300
2022-03-17 10:14:00,660,660,660,660,0
2022-03-17 10:15:00,660,660,660,660,0
2022-03-17 10:16:00,660,660,660,660,0
2022-03-17 10:17:00,660,660,660,660,0
2022-03-17 10:18:00,660,660,660,660,300
2022-03-17 10:19:00,660,660,660,660,0
2022-03-17 10:20:00,655,640,655,640,17600
2022-03-17 10:21:00,640,640,640,640,10000
2022-03-17 10:22:00,655,655,655,655,100
2022-03-17 10:23:00,655,655,655,655,5000
2022-03-17 10:24:00,655,655,655,655,300
2022-03-17 10:25:00,655,655,655,655,0
2022-03-17 10:26:00,655,655,655,655,0
2022-03-17 10:27:00,655,655,655,655,0
2022-03-17 10:28:00,655,655,655,655,0
2022-03-17 10:29:00,650,650,650,650,700
2022-03-17 10:30:00,650,650,650,650,0
2022-03-17 10:31:00,650,650,650,650,0
2022-03-17 10:32:00,650,650,655,655,4500
2022-03-17 10:33:00,650,650,655,655,0
2022-03-17 10:34:00,650,650,655,655,0
2022-03-17 10:35:00,655,655,655,655,300
2022-03-17 10:36:00,655,655,655,655,0
2022-03-17 10:37:00,655,655,655,655,200
2022-03-17 10:38:00,655,655,655,655,0
2022-03-17 10:39:00,655,655,655,655,300
2022-03-17 10:40:00,655,655,655,655,0
2022-03-17 10:41:00,655,655,655,655,0
2022-03-17 10:42:00,655,655,655,655,0
2022-03-17 10:43:00,655,655,655,655,0
2022-03-17 10:44:00,655,655,655,655,200
2022-03-17 10:45:00,655,655,655,655,0
2022-03-17 10:46:00,655,655,655,655,0
2022-03-17 10:47:00,650,640,655,655,30500
2022-03-17 10:48:00,660,655,660,660,5400
2022-03-17 10:49:00,660,655,660,660,0
2022-03-17 10:50:00,660,660,660,660,300
2022-03-17 10:51:00,660,660,660,660,0
2022-03-17 10:52:00,655,640,655,640,26500
2022-03-17 10:53:00,660,660,660,660,200
2022-03-17 10:54:00,660,660,660,660,200
2022-03-17 10:55:00,660,660,660,660,0
2022-03-17 10:56:00,660,660,660,660,200
2022-03-17 10:57:00,660,660,660,660,200
2022-03-17 10:58:00,660,660,660,660,0
2022-03-17 10:59:00,655,655,655,655,800
2022-03-17 11:00:00,650,650,655,655,400
2022-03-17 11:01:00,650,650,655,655,0
2022-03-17 11:02:00,650,650,655,655,0
2022-03-17 11:03:00,650,650,655,655,0
2022-03-17 11:04:00,650,650,655,655,0
2022-03-17 11:05:00,650,650,655,655,0
2022-03-17 11:06:00,650,650,655,655,0
2022-03-17 11:07:00,650,650,655,655,0
2022-03-17 11:08:00,650,650,655,655,0
2022-03-17 11:09:00,650,650,655,655,0
2022-03-17 11:10:00,650,650,655,655,0
2022-03-17 11:11:00,650,650,655,655,0
2022-03-17 11:12:00,650,650,655,655,0
2022-03-17 11:13:00,650,650,655,655,0
2022-03-17 11:14:00,650,650,655,655,0
2022-03-17 11:15:00,655,655,655,655,300
2022-03-17 11:16:00,655,655,655,655,0
2022-03-17 11:17:00,655,655,655,655,0
2022-03-17 11:18:00,655,655,655,655,200
2022-03-17 11:19:00,650,640,650,640,15700
2022-03-17 11:20:00,650,640,650,640,0
2022-03-17 11:21:00,650,650,650,650,300
2022-03-17 11:22:00,650,650,650,650,0
2022-03-17 11:23:00,650,650,650,650,0
2022-03-17 11:24:00,650,650,650,650,300
2022-03-17 11:25:00,650,650,650,650,0
2022-03-17 11:26:00,650,650,660,660,30300
2022-03-17 11:27:00,660,660,660,660,400
2022-03-17 11:28:00,660,660,660,660,500
2022-03-17 11:29:00,660,660,660,660,800
2022-03-17 11:30:00,660,660,660,660,0
2022-03-17 11:31:00,660,660,660,660,0
2022-03-17 11:32:00,660,660,660,660,0
2022-03-17 11:33:00,660,660,660,660,0
2022-03-17 11:34:00,660,660,660,660,0
2022-03-17 11:35:00,660,660,660,660,0
2022-03-17 11:36:00,660,660,660,660,0
2022-03-17 11:37:00,660,660,660,660,0
2022-03-17 11:38:00,660,660,660,660,0
2022-03-17 11:39:00,660,660,660,660,0
2022-03-17 11:40:00,660,660,660,660,0
2022-03-17 11:41:00,660,660,660,660,0
2022-03-17 11:42:00,660,660,660,660,0
2022-03-17 11:43:00,660,660,660,660,0
2022-03-17 11:44:00,660,660,660,660,0
2022-03-17 11:45:00,660,660,660,660,0
2022-03-17 11:46:00,660,660,660,660,0
2022-03-17 11:47:00,660,660,660,660,0
2022-03-17 11:48:00,660,660,660,660,0
2022-03-17 11:49:00,660,660,660,660,0
2022-03-17 11:50:00,660,660,660,660,0
2022-03-17 11:51:00,660,660,660,660,0
2022-03-17 11:52:00,660,660,660,660,0
2022-03-17 11:53:00,660,660,660,660,0
2022-03-17 11:54:00,660,660,660,660,0
2022-03-17 11:55:00,660,660,660,660,0
2022-03-17 11:56:00,660,660,660,660,0
2022-03-17 11:57:00,660,660,660,660,0
2022-03-17 11:58:00,660,660,660,660,0
2022-03-17 11:59:00,660,660,660,660,0
2022-03-17 12:00:00,660,660,660,660,0
2022-03-17 12:01:00,660,660,660,660,0
2022-03-17 12:02:00,660,660,660,660,0
2022-03-17 12:03:00,660,660,660,660,0
2022-03-17 12:04:00,660,660,660,660,0
2022-03-17 12:05:00,660,660,660,660,0
2022-03-17 12:06:00,660,660,660,660,0
2022-03-17 12:07:00,660,660,660,660,0
2022-03-17 12:08:00,660,660,660,660,0
2022-03-17 12:09:00,660,660,660,660,0
2022-03-17 12:10:00,660,660,660,660,0
2022-03-17 12:11:00,660,660,660,660,0
2022-03-17 12:12:00,660,660,660,660,0
2022-03-17 12:13:00,660,660,660,660,0
2022-03-17 12:14:00,660,660,660,660,0
2022-03-17 12:15:00,660,660,660,660,0
2022-03-17 12:16:00,660,660,660,660,0
2022-03-17 12:17:00,660,660,660,660,0
2022-03-17 12:18:00,660,660,660,660,0
2022-03-17 12:19:00,660,660,660,660,0
2022-03-17 12:20:00,660,660,660,660,0
2022-03-17 12:21:00,660,660,660,660,0
2022-03-17 12:22:00,660,660,660,660,0
2022-03-17 12:23:00,660,660,660,660,0
2022-03-17 12:24:00,660,660,660,660,0
2022-03-17 12:25:00,660,660,660,660,0
2022-03-17 12:26:00,660,660,660,660,0
2022-03-17 12:27:00,660,660,660,660,0
2022-03-17 12:28:00,660,660,660,660,0
2022-03-17 12:29:00,660,660,660,660,0
2022-03-17 12:30:00,660,660,660,660,0
2022-03-17 12:31:00,660,660,660,660,0
2022-03-17 12:32:00,660,660,660,660,0
2022-03-17 12:33:00,660,660,660,660,0
2022-03-17 12:34:00,660,660,660,660,0
2022-03-17 12:35:00,660,660,660,660,0
2022-03-17 12:36:00,660,660,660,660,0
2022-03-17 12:37:00,660,660,660,660,0
2022-03-17 12:38:00,660,660,660,660,0
2022-03-17 12:39:00,660,660,660,660,0
2022-03-17 12:40:00,660,660,660,660,0
2022-03-17 12:41:00,660,660,660,660,0
2022-03-17 12:42:00,660,660,660,660,0
2022-03-17 12:43:00,660,660,660,660,0
2022-03-17 12:44:00,660,660,660,660,0
2022-03-17 12:45:00,660,660,660,660,0
2022-03-17 12:46:00,660,660,660,660,0
2022-03-17 12:47:00,660,660,660,660,0
2022-03-17 12:48:00,660,660,660,660,0
2022-03-17 12:49:00,660,660,660,660,0
2022-03-17 12:50:00,660,660,660,660,0
2022-03-17 12:51:00,660,660,660,660,0
2022-03-17 12:52:00,660,660,660,660,0
2022-03-17 12:53:00,660,660,660,660,0
2022-03-17 12:54:00,660,660,660,660,0
2022-03-17 12:55:00,660,660,660,660,0
2022-03-17 12:56:00,660,660,660,660,0
2022-03-17 12:57:00,660,660,660,660,0
2022-03-17 12:58:00,660,660,660,660,0
2022-03-17 12:59:00,660,660,660,660,0
2022-03-17 13:00:00,660,660,660,660,0
2022-03-17 13:01:00,660,660,660,660,0
2022-03-17 13:02:00,660,660,660,660,0
2022-03-17 13:03:00,660,660,660,660,0
2022-03-17 13:04:00,660,660,660,660,0
2022-03-17 13:05:00,660,660,660,660,0
2022-03-17 13:06:00,660,660,660,660,0
2022-03-17 13:07:00,660,660,660,660,0
2022-03-17 13:08:00,660,660,660,660,0
2022-03-17 13:09:00,660,660,660,660,0
2022-03-17 13:10:00,660,660,660,660,0
2022-03-17 13:11:00,660,660,660,660,0
2022-03-17 13:12:00,660,660,660,660,0
2022-03-17 13:13:00,660,660,660,660,0
2022-03-17 13:14:00,660,660,660,660,0
2022-03-17 13:15:00,660,660,660,660,0
2022-03-17 13:16:00,660,660,660,660,0
2022-03-17 13:17:00,660,660,660,660,0
2022-03-17 13:18:00,660,660,660,660,0
2022-03-17 13:19:00,660,660,660,660,0
2022-03-17 13:20:00,660,660,660,660,0
2022-03-17 13:21:00,660,660,660,660,0
2022-03-17 13:22:00,660,660,660,660,0
2022-03-17 13:23:00,660,660,660,660,0
2022-03-17 13:24:00,660,660,660,660,0
2022-03-17 13:25:00,660,660,660,660,0
2022-03-17 13:26:00,660,660,660,660,0
2022-03-17 13:27:00,660,660,660,660,0
2022-03-17 13:28:00,660,660,660,660,0
2022-03-17 13:29:00,660,660,660,660,0
2022-03-17 13:30:00,655,655,655,655,800
2022-03-17 13:31:00,655,655,660,660,900
2022-03-17 13:32:00,655,655,660,660,0
2022-03-17 13:33:00,660,660,660,660,200
2022-03-17 13:34:00,660,660,660,660,0
2022-03-17 13:35:00,660,660,660,660,0
2022-03-17 13:36:00,660,660,660,660,0
2022-03-17 13:37:00,660,660,660,660,0
2022-03-17 13:38:00,660,660,660,660,0
2022-03-17 13:39:00,660,660,660,660,0
2022-03-17 13:40:00,660,660,660,660,0
2022-03-17 13:41:00,660,660,660,660,200
2022-03-17 13:42:00,660,660,660,660,0
2022-03-17 13:43:00,660,660,660,660,0
2022-03-17 13:44:00,660,660,660,660,0
2022-03-17 13:45:00,660,660,660,660,0
2022-03-17 13:46:00,660,660,660,660,0
2022-03-17 13:47:00,660,660,660,660,1400
2022-03-17 13:48:00,660,660,660,660,0
2022-03-17 13:49:00,660,660,660,660,0
2022-03-17 13:50:00,660,660,660,660,200
2022-03-17 13:51:00,660,660,660,660,0
2022-03-17 13:52:00,655,640,655,655,10500
2022-03-17 13:53:00,655,655,655,655,200
2022-03-17 13:54:00,655,655,655,655,0
2022-03-17 13:55:00,655,655,655,655,0
2022-03-17 13:56:00,655,655,655,655,0
2022-03-17 13:57:00,655,655,655,655,0
2022-03-17 13:58:00,655,655,660,660,20000
2022-03-17 13:59:00,660,660,660,660,200
2022-03-17 14:00:00,660,660,660,660,0
2022-03-17 14:01:00,655,655,655,655,600
2022-03-17 14:02:00,660,660,660,660,300
2022-03-17 14:03:00,655,655,655,655,400
2022-03-17 14:04:00,660,660,660,660,200
2022-03-17 14:05:00,660,660,660,660,0
2022-03-17 14:06:00,660,660,660,660,0
2022-03-17 14:07:00,655,640,660,660,47800
2022-03-17 14:08:00,655,640,660,660,0
2022-03-17 14:09:00,660,660,660,660,200
2022-03-17 14:10:00,660,660,660,660,300
2022-03-17 14:11:00,660,660,660,660,0
2022-03-17 14:12:00,660,660,660,660,0
2022-03-17 14:13:00,660,660,660,660,0
2022-03-17 14:14:00,660,660,660,660,300
2022-03-17 14:15:00,655,655,655,655,800
2022-03-17 14:16:00,655,655,660,660,400
2022-03-17 14:17:00,655,655,660,660,0
2022-03-17 14:18:00,655,655,660,660,0
2022-03-17 14:19:00,655,655,660,660,0
2022-03-17 14:20:00,660,660,660,660,200
2022-03-17 14:21:00,655,655,655,655,300
2022-03-17 14:22:00,655,655,655,655,0
2022-03-17 14:23:00,655,655,655,655,0
2022-03-17 14:24:00,650,640,660,660,70000
2022-03-17 14:25:00,660,655,660,655,400
2022-03-17 14:26:00,660,660,660,660,200
2022-03-17 14:27:00,660,660,660,660,0
2022-03-17 14:28:00,660,660,660,660,0
2022-03-17 14:29:00,655,655,655,655,600
2022-03-17 14:30:00,655,655,655,655,300
2022-03-17 14:31:00,655,655,655,655,2300
2022-03-17 14:32:00,655,650,655,650,2400
2022-03-17 14:33:00,650,650,650,650,300
2022-03-17 14:34:00,655,655,655,655,200
2022-03-17 14:35:00,655,655,655,655,0
2022-03-17 14:36:00,655,655,655,655,0
2022-03-17 14:37:00,655,655,655,655,0
2022-03-17 14:38:00,655,655,655,655,900
2022-03-17 14:39:00,655,655,655,655,0
2022-03-17 14:40:00,655,655,655,655,0
2022-03-17 14:41:00,655,655,655,655,1000
2022-03-17 14:42:00,655,655,655,655,200
2022-03-17 14:43:00,655,655,655,655,0
2022-03-17 14:44:00,655,655,655,655,0
2022-03-17 14:45:00,655,655,655,655,300
2022-03-17 14:46:00,655,655,655,655,0
2022-03-17 14:47:00,655,655,655,655,200
2022-03-17 14:48:00,655,655,655,655,300
2022-03-17 14:49:00,655,655,660,660,1700
2022-03-17 14:50:00,655,655,660,660,0
2022-03-17 14:51:00,655,655,660,660,0
2022-03-17 14:52:00,655,655,660,660,0
2022-03-17 14:53:00,655,655,660,660,0
2022-03-17 14:54:00,655,655,660,660,0
2022-03-17 14:55:00,655,655,660,660,0
2022-03-17 14:56:00,655,655,660,660,0
2022-03-17 14:57:00,655,655,660,660,0
2022-03-17 14:58:00,655,655,660,660,0
2022-03-17 14:59:00,655,655,660,660,0
2022-03-17 15:00:00,640,640,640,640,144900
2022-03-17 15:01:00,640,640,640,640,0
2022-03-17 15:02:00,640,640,640,640,200
2022-03-17 15:03:00,640,640,640,640,0
2022-03-17 15:04:00,640,640,640,640,0
2022-03-17 15:05:00,640,640,640,640,0
2022-03-17 15:06:00,640,640,640,640,0
2022-03-17 15:07:00,640,640,640,640,0
2022-03-17 15:08:00,640,640,640,640,0
2022-03-17 15:09:00,640,640,640,640,0
2022-03-17 15:10:00,640,640,640,640,0
2022-03-17 15:11:00,640,640,640,640,0
2022-03-17 15:12:00,640,640,640,640,0
2022-03-17 15:13:00,640,640,640,640,0
2022-03-17 15:14:00,640,640,640,640,0
2022-03-17 15:15:00,640,640,640,640,0
2022-03-17 15:16:00,640,640,640,640,0
2022-03-17 15:17:00,640,640,640,640,0
2022-03-17 15:18:00,640,640,640,640,0
2022-03-17 15:19:00,640,640,640,640,0
2022-03-17 15:20:00,640,640,640,640,0
2022-03-17 15:21:00,640,640,640,640,0
2022-03-17 15:22:00,640,640,640,640,0
2022-03-17 15:23:00,640,640,640,640,0
2022-03-17 15:24:00,640,640,640,640,0
2022-03-17 15:25:00,640,640,640,640,0
2022-03-17 15:26:00,640,640,640,640,0
2022-03-17 15:27:00,640,640,640,640,0
2022-03-17 15:28:00,640,640,640,640,0
2022-03-17 15:29:00,640,640,640,640,0
2022-03-17 15:30:00,640,640,640,640,0
2022-03-17 15:31:00,640,640,640,640,0
2022-03-17 15:32:00,640,640,640,640,0
2022-03-17 15:33:00,640,640,640,640,0
2022-03-17 15:34:00,640,640,640,640,0
2022-03-17 15:35:00,640,640,640,640,0
2022-03-17 15:36:00,640,640,640,640,0
2022-03-17 15:37:00,640,640,640,640,0
2022-03-17 15:38:00,640,640,640,640,0
2022-03-17 15:39:00,640,640,640,640,0
2022-03-17 15:40:00,640,640,640,640,0
2022-03-17 15:41:00,640,640,640,640,0
2022-03-17 15:42:00,640,640,640,640,0
2022-03-17 15:43:00,640,640,640,640,0
2022-03-17 15:44:00,640,640,640,640,0
2022-03-17 15:45:00,640,640,640,640,0
2022-03-17 15:46:00,640,640,640,640,0
2022-03-17 15:47:00,640,640,640,640,0
2022-03-17 15:48:00,640,640,640,640,0
2022-03-17 15:49:00,640,640,640,640,0
2022-03-17 15:50:00,640,640,640,640,0
2022-03-17 15:51:00,640,640,640,640,0
2022-03-17 15:52:00,640,640,640,640,0
2022-03-17 15:53:00,640,640,640,640,0
2022-03-17 15:54:00,640,640,640,640,0
2022-03-17 15:55:00,640,640,640,640,0
2022-03-17 15:56:00,640,640,640,640,0
2022-03-17 15:57:00,640,640,640,640,0
2022-03-17 15:58:00,640,640,640,640,0
2022-03-17 15:59:00,640,640,640,640,0
2022-03-18 09:00:00,640,640,640,640,0
2022-03-18 09:01:00,645,645,660,660,0
2022-03-18 09:02:00,660,660,660,660,200
2022-03-18 09:03:00,655,650,655,655,1300
2022-03-18 09:04:00,655,650,655,655,0
2022-03-18 09:05:00,655,655,655,655,200
2022-03-18 09:06:00,655,655,655,655,0
2022-03-18 09:07:00,650,650,650,650,100
2022-03-18 09:08:00,655,655,655,655,700
2022-03-18 09:09:00,655,655,655,655,0
2022-03-18 09:10:00,655,655,655,655,0
2022-03-18 09:11:00,655,655,655,655,0
2022-03-18 09:12:00,655,655,655,655,0
2022-03-18 09:13:00,655,655,655,655,200
2022-03-18 09:14:00,655,655,655,655,0
2022-03-18 09:15:00,655,655,655,655,100
2022-03-18 09:16:00,655,655,655,655,900
2022-03-18 09:17:00,655,655,655,655,0
2022-03-18 09:18:00,655,655,655,655,0
2022-03-18 09:19:00,655,655,655,655,0
2022-03-18 09:20:00,655,655,655,655,300
2022-03-18 09:21:00,655,655,655,655,0
2022-03-18 09:22:00,650,650,650,650,100
2022-03-18 09:23:00,655,655,655,655,500
2022-03-18 09:24:00,655,655,655,655,200
2022-03-18 09:25:00,655,655,655,655,100
2022-03-18 09:26:00,655,655,655,655,300
2022-03-18 09:27:00,655,655,655,655,0
2022-03-18 09:28:00,655,655,655,655,0
2022-03-18 09:29:00,655,655,655,655,0
2022-03-18 09:30:00,655,655,655,655,0
2022-03-18 09:31:00,655,655,655,655,300
2022-03-18 09:32:00,655,655,655,655,0
2022-03-18 09:33:00,655,655,655,655,400
2022-03-18 09:34:00,655,655,655,655,0
2022-03-18 09:35:00,655,655,655,655,0
2022-03-18 09:36:00,655,655,655,655,0
2022-03-18 09:37:00,655,655,655,655,300
2022-03-18 09:38:00,655,655,655,655,0
2022-03-18 09:39:00,655,655,655,655,0
2022-03-18 09:40:00,650,650,655,655,2700
2022-03-18 09:41:00,650,650,655,655,0
2022-03-18 09:42:00,650,650,655,655,0
2022-03-18 09:43:00,650,650,655,655,0
2022-03-18 09:44:00,650,650,655,655,0
2022-03-18 09:45:00,655,655,655,655,300
2022-03-18 09:46:00,655,655,655,655,0
2022-03-18 09:47:00,655,655,655,655,200
2022-03-18 09:48:00,655,655,655,655,0
2022-03-18 09:49:00,655,655,655,655,0
2022-03-18 09:50:00,655,655,655,655,0
2022-03-18 09:51:00,655,655,655,655,300
2022-03-18 09:52:00,655,655,655,655,0
2022-03-18 09:53:00,655,655,655,655,0
2022-03-18 09:54:00,655,655,655,655,0
2022-03-18 09:55:00,655,655,655,655,0
2022-03-18 09:56:00,655,655,655,655,0
2022-03-18 09:57:00,655,655,655,655,0
2022-03-18 09:58:00,655,655,655,655,0
2022-03-18 09:59:00,655,655,655,655,0
2022-03-18 10:00:00,655,655,655,655,0
2022-03-18 10:01:00,655,655,655,655,0
2022-03-18 10:02:00,655,655,655,655,0
2022-03-18 10:03:00,655,655,655,655,0
2022-03-18 10:04:00,655,655,655,655,400
2022-03-18 10:05:00,655,655,655,655,0
2022-03-18 10:06:00,655,655,655,655,0
2022-03-18 10:07:00,655,655,655,655,0
2022-03-18 10:08:00,655,655,655,655,0
2022-03-18 10:09:00,655,655,655,655,300
2022-03-18 10:10:00,655,655,655,655,0
2022-03-18 10:11:00,655,655,655,655,0
2022-03-18 10:12:00,655,655,655,655,0
2022-03-18 10:13:00,655,655,655,655,0
2022-03-18 10:14:00,655,655,655,655,0
2022-03-18 10:15:00,655,655,655,655,0
2022-03-18 10:16:00,655,655,655,655,300
2022-03-18 10:17:00,655,655,655,655,0
2022-03-18 10:18:00,655,655,655,655,0
2022-03-18 10:19:00,655,655,655,655,0
2022-03-18 10:20:00,655,655,655,655,400
2022-03-18 10:21:00,655,655,655,655,0
2022-03-18 10:22:00,655,655,655,655,0
2022-03-18 10:23:00,655,655,655,655,0
2022-03-18 10:24:00,655,655,655,655,0
2022-03-18 10:25:00,655,655,655,655,300
2022-03-18 10:26:00,655,655,655,655,0
2022-03-18 10:27:00,655,655,655,655,0
2022-03-18 10:28:00,655,655,655,655,0
2022-03-18 10:29:00,655,655,655,655,200
2022-03-18 10:30:00,655,655,655,655,0
2022-03-18 10:31:00,655,655,655,655,0
2022-03-18 10:32:00,655,655,655,655,0
2022-03-18 10:33:00,655,655,655,655,0
2022-03-18 10:34:00,655,655,655,655,300
2022-03-18 10:35:00,655,655,655,655,0
2022-03-18 10:36:00,655,655,655,655,200
2022-03-18 10:37:00,655,655,655,655,0
2022-03-18 10:38:00,655,655,655,655,0
2022-03-18 10:39:00,655,655,655,655,0
2022-03-18 10:40:00,655,655,655,655,300
2022-03-18 10:41:00,655,655,655,655,1000
2022-03-18 10:42:00,655,655,655,655,0
2022-03-18 10:43:00,655,655,655,655,0
2022-03-18 10:44:00,655,655,655,655,0
2022-03-18 10:45:00,655,655,655,655,300
2022-03-18 10:46:00,655,655,655,655,0
2022-03-18 10:47:00,655,655,655,655,0
2022-03-18 10:48:00,655,655,655,655,0
2022-03-18 10:49:00,655,655,655,655,0
2022-03-18 10:50:00,655,655,655,655,0
2022-03-18 10:51:00,655,655,655,655,400
2022-03-18 10:52:00,655,655,655,655,0
2022-03-18 10:53:00,655,655,655,655,0
2022-03-18 10:54:00,655,655,655,655,200
2022-03-18 10:55:00,655,655,655,655,0
2022-03-18 10:56:00,655,655,655,655,0
2022-03-18 10:57:00,655,655,655,655,0
2022-03-18 10:58:00,655,655,655,655,0
2022-03-18 10:59:00,655,655,655,655,300
2022-03-18 11:00:00,655,655,655,655,0
2022-03-18 11:01:00,655,655,655,655,0
2022-03-18 11:02:00,655,655,655,655,0
2022-03-18 11:03:00,655,655,655,655,0
2022-03-18 11:04:00,655,655,655,655,300
2022-03-18 11:05:00,650,650,650,650,1500
2022-03-18 11:06:00,655,655,655,655,300
2022-03-18 11:07:00,655,655,655,655,0
2022-03-18 11:08:00,655,655,655,655,0
2022-03-18 11:09:00,655,655,655,655,0
2022-03-18 11:10:00,655,655,655,655,200
2022-03-18 11:11:00,655,655,655,655,0
2022-03-18 11:12:00,655,655,655,655,0
2022-03-18 11:13:00,655,655,655,655,0
2022-03-18 11:14:00,655,655,655,655,200
2022-03-18 11:15:00,655,655,655,655,0
2022-03-18 11:16:00,655,655,655,655,0
2022-03-18 11:17:00,655,655,655,655,0
2022-03-18 11:18:00,655,655,655,655,0
2022-03-18 11:19:00,655,655,655,655,300
2022-03-18 11:20:00,655,655,655,655,0
2022-03-18 11:21:00,655,655,655,655,0
2022-03-18 11:22:00,655,655,655,655,0
2022-03-18 11:23:00,655,655,655,655,0
2022-03-18 11:24:00,655,655,655,655,200
2022-03-18 11:25:00,655,655,655,655,0
2022-03-18 11:26:00,655,655,655,655,0
2022-03-18 11:27:00,655,655,655,655,0
2022-03-18 11:28:00,650,650,650,650,700
2022-03-18 11:29:00,655,655,655,655,300
2022-03-18 11:30:00,655,655,655,655,0
2022-03-18 11:31:00,655,655,655,655,0
2022-03-18 11:32:00,655,655,655,655,0
2022-03-18 11:33:00,655,655,655,655,0
2022-03-18 11:34:00,655,655,655,655,0
2022-03-18 11:35:00,655,655,655,655,0
2022-03-18 11:36:00,655,655,655,655,0
2022-03-18 11:37:00,655,655,655,655,0
2022-03-18 11:38:00,655,655,655,655,0
2022-03-18 11:39:00,655,655,655,655,0
2022-03-18 11:40:00,655,655,655,655,0
2022-03-18 11:41:00,655,655,655,655,0
2022-03-18 11:42:00,655,655,655,655,0
2022-03-18 11:43:00,655,655,655,655,0
2022-03-18 11:44:00,655,655,655,655,0
2022-03-18 11:45:00,655,655,655,655,0
2022-03-18 11:46:00,655,655,655,655,0
2022-03-18 11:47:00,655,655,655,655,0
2022-03-18 11:48:00,655,655,655,655,0
2022-03-18 11:49:00,655,655,655,655,0
2022-03-18 11:50:00,655,655,655,655,0
2022-03-18 11:51:00,655,655,655,655,0
2022-03-18 11:52:00,655,655,655,655,0
2022-03-18 11:53:00,655,655,655,655,0
2022-03-18 11:54:00,655,655,655,655,0
2022-03-18 11:55:00,655,655,655,655,0
2022-03-18 11:56:00,655,655,655,655,0
2022-03-18 11:57:00,655,655,655,655,0
2022-03-18 11:58:00,655,655,655,655,0
2022-03-18 11:59:00,655,655,655,655,0
2022-03-18 12:00:00,655,655,655,655,0
2022-03-18 12:01:00,655,655,655,655,0
2022-03-18 12:02:00,655,655,655,655,0
2022-03-18 12:03:00,655,655,655,655,0
2022-03-18 12:04:00,655,655,655,655,0
2022-03-18 12:05:00,655,655,655,655,0
2022-03-18 12:06:00,655,655,655,655,0
2022-03-18 12:07:00,655,655,655,655,0
2022-03-18 12:08:00,655,655,655,655,0
2022-03-18 12:09:00,655,655,655,655,0
2022-03-18 12:10:00,655,655,655,655,0
2022-03-18 12:11:00,655,655,655,655,0
2022-03-18 12:12:00,655,655,655,655,0
2022-03-18 12:13:00,655,655,655,655,0
2022-03-18 12:14:00,655,655,655,655,0
2022-03-18 12:15:00,655,655,655,655,0
2022-03-18 12:16:00,655,655,655,655,0
2022-03-18 12:17:00,655,655,655,655,0
2022-03-18 12:18:00,655,655,655,655,0
2022-03-18 12:19:00,655,655,655,655,0
2022-03-18 12:20:00,655,655,655,655,0
2022-03-18 12:21:00,655,655,655,655,0
2022-03-18 12:22:00,655,655,655,655,0
2022-03-18 12:23:00,655,655,655,655,0
2022-03-18 12:24:00,655,655,655,655,0
2022-03-18 12:25:00,655,655,655,655,0
2022-03-18 12:26:00,655,655,655,655,0
2022-03-18 12:27:00,655,655,655,655,0
2022-03-18 12:28:00,655,655,655,655,0
2022-03-18 12:29:00,655,655,655,655,0
2022-03-18 12:30:00,655,655,655,655,0
2022-03-18 12:31:00,655,655,655,655,0
2022-03-18 12:32:00,655,655,655,655,0
2022-03-18 12:33:00,655,655,655,655,0
2022-03-18 12:34:00,655,655,655,655,0
2022-03-18 12:35:00,655,655,655,655,0
2022-03-18 12:36:00,655,655,655,655,0
2022-03-18 12:37:00,655,655,655,655,0
2022-03-18 12:38:00,655,655,655,655,0
2022-03-18 12:39:00,655,655,655,655,0
2022-03-18 12:40:00,655,655,655,655,0
2022-03-18 12:41:00,655,655,655,655,0
2022-03-18 12:42:00,655,655,655,655,0
2022-03-18 12:43:00,655,655,655,655,0
2022-03-18 12:44:00,655,655,655,655,0
2022-03-18 12:45:00,655,655,655,655,0
2022-03-18 12:46:00,655,655,655,655,0
2022-03-18 12:47:00,655,655,655,655,0
2022-03-18 12:48:00,655,655,655,655,0
2022-03-18 12:49:00,655,655,655,655,0
2022-03-18 12:50:00,655,655,655,655,0
2022-03-18 12:51:00,655,655,655,655,0
2022-03-18 12:52:00,655,655,655,655,0
2022-03-18 12:53:00,655,655,655,655,0
2022-03-18 12:54:00,655,655,655,655,0
2022-03-18 12:55:00,655,655,655,655,0
2022-03-18 12:56:00,655,655,655,655,0
2022-03-18 12:57:00,655,655,655,655,0
2022-03-18 12:58:00,655,655,655,655,0
2022-03-18 12:59:00,655,655,655,655,0
2022-03-18 13:00:00,655,655,655,655,0
2022-03-18 13:01:00,655,655,655,655,0
2022-03-18 13:02:00,655,655,655,655,0
2022-03-18 13:03:00,655,655,655,655,0
2022-03-18 13:04:00,655,655,655,655,0
2022-03-18 13:05:00,655,655,655,655,0
2022-03-18 13:06:00,655,655,655,655,0
2022-03-18 13:07:00,655,655,655,655,0
2022-03-18 13:08:00,655,655,655,655,0
2022-03-18 13:09:00,655,655,655,655,0
2022-03-18 13:10:00,655,655,655,655,0
2022-03-18 13:11:00,655,655,655,655,0
2022-03-18 13:12:00,655,655,655,655,0
2022-03-18 13:13:00,655,655,655,655,0
2022-03-18 13:14:00,655,655,655,655,0
2022-03-18 13:15:00,655,655,655,655,0
2022-03-18 13:16:00,655,655,655,655,0
2022-03-18 13:17:00,655,655,655,655,0
2022-03-18 13:18:00,655,655,655,655,0
2022-03-18 13:19:00,655,655,655,655,0
2022-03-18 13:20:00,655,655,655,655,0
2022-03-18 13:21:00,655,655,655,655,0
2022-03-18 13:22:00,655,655,655,655,0
2022-03-18 13:23:00,655,655,655,655,0
2022-03-18 13:24:00,655,655,655,655,0
2022-03-18 13:25:00,655,655,655,655,0
2022-03-18 13:26:00,655,655,655,655,0
2022-03-18 13:27:00,655,655,655,655,0
2022-03-18 13:28:00,655,655,655,655,0
2022-03-18 13:29:00,655,655,655,655,0
2022-03-18 13:30:00,655,655,655,655,0
2022-03-18 13:31:00,655,655,655,655,300
2022-03-18 13:32:00,655,655,655,655,0
2022-03-18 13:33:00,655,655,655,655,300
2022-03-18 13:34:00,655,655,655,655,0
2022-03-18 13:35:00,655,655,655,655,0
2022-03-18 13:36:00,655,655,655,655,0
2022-03-18 13:37:00,655,655,655,655,0
2022-03-18 13:38:00,655,655,655,655,0
2022-03-18 13:39:00,655,655,655,655,0
2022-03-18 13:40:00,655,655,655,655,300
2022-03-18 13:41:00,655,655,655,655,0
2022-03-18 13:42:00,655,655,655,655,0
2022-03-18 13:43:00,655,655,655,655,0
2022-03-18 13:44:00,655,655,655,655,200
2022-03-18 13:45:00,655,655,655,655,0
2022-03-18 13:46:00,655,655,655,655,200
2022-03-18 13:47:00,655,655,655,655,0
2022-03-18 13:48:00,655,655,655,655,300
2022-03-18 13:49:00,655,655,655,655,0
2022-03-18 13:50:00,655,655,655,655,0
2022-03-18 13:51:00,655,655,655,655,0
2022-03-18 13:52:00,650,650,655,655,800
2022-03-18 13:53:00,650,650,655,655,0
2022-03-18 13:54:00,650,650,655,655,0
2022-03-18 13:55:00,650,650,655,655,0
2022-03-18 13:56:00,655,655,655,655,200
2022-03-18 13:57:00,655,655,655,655,0
2022-03-18 13:58:00,650,650,650,650,300
2022-03-18 13:59:00,655,655,655,655,300
2022-03-18 14:00:00,655,655,655,655,200
2022-03-18 14:01:00,655,655,655,655,0
2022-03-18 14:02:00,655,655,655,655,0
2022-03-18 14:03:00,650,645,655,655,3200
2022-03-18 14:04:00,650,645,655,655,0
2022-03-18 14:05:00,650,645,655,655,0
2022-03-18 14:06:00,650,645,655,655,0
2022-03-18 14:07:00,650,650,650,650,300
2022-03-18 14:08:00,650,650,650,650,0
2022-03-18 14:09:00,650,650,650,650,300
2022-03-18 14:10:00,650,650,650,650,0
2022-03-18 14:11:00,650,650,650,650,0
2022-03-18 14:12:00,650,650,650,650,0
2022-03-18 14:13:00,650,650,650,650,0
2022-03-18 14:14:00,650,650,650,650,200
2022-03-18 14:15:00,650,650,650,650,0
2022-03-18 14:16:00,650,650,650,650,0
2022-03-18 14:17:00,650,650,650,650,0
2022-03-18 14:18:00,650,650,650,650,300
2022-03-18 14:19:00,650,650,650,650,0
2022-03-18 14:20:00,650,650,650,650,0
2022-03-18 14:21:00,650,650,650,650,0
2022-03-18 14:22:00,650,650,650,650,200
2022-03-18 14:23:00,650,650,650,650,0
2022-03-18 14:24:00,650,650,650,650,0
2022-03-18 14:25:00,650,650,650,650,0
2022-03-18 14:26:00,650,650,650,650,300
2022-03-18 14:27:00,650,650,650,650,0
2022-03-18 14:28:00,650,650,650,650,0
2022-03-18 14:29:00,650,650,650,650,0
2022-03-18 14:30:00,650,650,650,650,0
2022-03-18 14:31:00,650,650,650,650,200
2022-03-18 14:32:00,650,650,650,650,0
2022-03-18 14:33:00,650,650,650,650,0
2022-03-18 14:34:00,650,650,650,650,0
2022-03-18 14:35:00,650,650,650,650,0
2022-03-18 14:36:00,650,650,650,650,0
2022-03-18 14:37:00,650,650,650,650,300
2022-03-18 14:38:00,650,650,650,650,0
2022-03-18 14:39:00,650,650,650,650,300
2022-03-18 14:40:00,650,650,650,650,0
2022-03-18 14:41:00,650,650,650,650,0
2022-03-18 14:42:00,650,650,650,650,0
2022-03-18 14:43:00,650,650,650,650,0
2022-03-18 14:44:00,650,650,650,650,0
2022-03-18 14:45:00,650,650,650,650,0
2022-03-18 14:46:00,650,650,650,650,300
2022-03-18 14:47:00,650,650,650,650,200
2022-03-18 14:48:00,645,645,645,645,1000
2022-03-18 14:49:00,645,640,645,640,1200
2022-03-18 14:50:00,645,640,645,640,0
2022-03-18 14:51:00,645,640,645,640,0
2022-03-18 14:52:00,645,640,645,640,0
2022-03-18 14:53:00,645,640,645,640,0
2022-03-18 14:54:00,645,640,645,640,0
2022-03-18 14:55:00,645,640,645,640,0
2022-03-18 14:56:00,645,640,645,640,0
2022-03-18 14:57:00,645,640,645,640,0
2022-03-18 14:58:00,645,640,645,640,0
2022-03-18 14:59:00,645,640,645,640,0
2022-03-18 15:00:00,640,640,640,640,150900
2022-03-18 15:01:00,640,640,640,640,2500
2022-03-18 15:02:00,640,640,640,640,0
2022-03-18 15:03:00,640,640,640,640,0
2022-03-18 15:04:00,640,640,640,640,0
2022-03-18 15:05:00,640,640,640,640,0
2022-03-18 15:06:00,640,640,640,640,0
2022-03-18 15:07:00,640,640,640,640,0
2022-03-18 15:08:00,640,640,640,640,0
2022-03-18 15:09:00,640,640,640,640,0
2022-03-18 15:10:00,640,640,640,640,0
2022-03-18 15:11:00,640,640,640,640,500
2022-03-18 15:12:00,640,640,640,640,0
2022-03-18 15:13:00,640,640,640,640,0
2022-03-18 15:14:00,640,640,640,640,0
2022-03-18 15:15:00,640,640,640,640,0
2022-03-18 15:16:00,640,640,640,640,0
2022-03-18 15:17:00,640,640,640,640,0
2022-03-18 15:18:00,640,640,640,640,0
2022-03-18 15:19:00,640,640,640,640,0
2022-03-18 15:20:00,640,640,640,640,0
2022-03-18 15:21:00,640,640,640,640,0
2022-03-18 15:22:00,640,640,640,640,0
2022-03-18 15:23:00,640,640,640,640,0
2022-03-18 15:24:00,640,640,640,640,0
2022-03-18 15:25:00,640,640,640,640,0
2022-03-18 15:26:00,640,640,640,640,0
2022-03-18 15:27:00,640,640,640,640,0
2022-03-18 15:28:00,640,640,640,640,0
2022-03-18 15:29:00,640,640,640,640,0
2022-03-18 15:30:00,640,640,640,640,0
2022-03-18 15:31:00,640,640,640,640,0
2022-03-18 15:32:00,640,640,640,640,0
2022-03-18 15:33:00,640,640,640,640,0
2022-03-18 15:34:00,640,640,640,640,0
2022-03-18 15:35:00,640,640,640,640,0
2022-03-18 15:36:00,640,640,640,640,0
2022-03-18 15:37:00,640,640,640,640,0
2022-03-18 15:38:00,640,640,640,640,0
2022-03-18 15:39:00,640,640,640,640,0
2022-03-18 15:40:00,640,640,640,640,0
2022-03-18 15:41:00,640,640,640,640,0
2022-03-18 15:42:00,640,640,640,640,0
2022-03-18 15:43:00,640,640,640,640,0
2022-03-18 15:44:00,640,640,640,640,0
2022-03-18 15:45:00,640,640,640,640,0
2022-03-18 15:46:00,640,640,640,640,0
2022-03-18 15:47:00,640,640,640,640,0
2022-03-18 15:48:00,640,640,640,640,0
2022-03-18 15:49:00,640,640,640,640,0
2022-03-18 15:50:00,640,640,640,640,0
2022-03-18 15:51:00,640,640,640,640,0
2022-03-18 15:52:00,640,640,640,640,0
2022-03-18 15:53:00,640,640,640,640,0
2022-03-18 15:54:00,640,640,640,640,0
2022-03-18 15:55:00,640,640,640,640,0
2022-03-18 15:56:00,640,640,640,640,0
2022-03-18 15:57:00,640,640,640,640,0
2022-03-18 15:58:00,640,640,640,640,0
2022-03-18 15:59:00,640,640,640,640,0
2022-03-21 09:00:00,640,640,640,640,0
2022-03-21 09:01:00,640,640,640,640,0
2022-03-21 09:02:00,640,640,640,640,3300
2022-03-21 09:03:00,650,650,650,650,200
2022-03-21 09:04:00,650,650,650,650,0
2022-03-21 09:05:00,650,650,650,650,0
2022-03-21 09:06:00,650,650,650,650,0
2022-03-21 09:07:00,650,650,650,650,0
2022-03-21 09:08:00,650,650,650,650,0
2022-03-21 09:09:00,650,650,655,655,25000
2022-03-21 09:10:00,655,655,655,655,200
2022-03-21 09:11:00,655,655,655,655,0
2022-03-21 09:12:00,655,655,655,655,0
2022-03-21 09:13:00,655,655,655,655,0
2022-03-21 09:14:00,650,650,650,650,100
2022-03-21 09:15:00,655,655,655,655,300
2022-03-21 09:16:00,655,655,655,655,0
2022-03-21 09:17:00,655,655,655,655,0
2022-03-21 09:18:00,655,655,655,655,0
2022-03-21 09:19:00,655,655,655,655,0
2022-03-21 09:20:00,650,650,650,650,800
2022-03-21 09:21:00,650,650,650,650,10000
2022-03-21 09:22:00,650,650,650,650,0
2022-03-21 09:23:00,650,650,650,650,0
2022-03-21 09:24:00,650,650,650,650,0
2022-03-21 09:25:00,650,650,650,650,0
2022-03-21 09:26:00,650,650,650,650,0
2022-03-21 09:27:00,650,650,650,650,0
2022-03-21 09:28:00,650,650,650,650,0
2022-03-21 09:29:00,645,645,650,650,700
2022-03-21 09:30:00,645,645,650,650,0
2022-03-21 09:31:00,645,645,650,650,0
2022-03-21 09:32:00,645,645,650,650,0
2022-03-21 09:33:00,645,645,650,650,0
2022-03-21 09:34:00,645,645,650,650,0
2022-03-21 09:35:00,645,645,650,650,0
2022-03-21 09:36:00,645,645,650,650,0
2022-03-21 09:37:00,650,650,650,650,300
2022-03-21 09:38:00,650,650,650,650,0
2022-03-21 09:39:00,650,650,650,650,0
2022-03-21 09:40:00,650,650,650,650,0
2022-03-21 09:41:00,650,650,650,650,0
2022-03-21 09:42:00,650,650,650,650,0
2022-03-21 09:43:00,650,650,650,650,0
2022-03-21 09:44:00,650,650,650,650,0
2022-03-21 09:45:00,650,650,650,650,0
2022-03-21 09:46:00,650,650,650,650,0
2022-03-21 09:47:00,650,650,650,650,0
2022-03-21 09:48:00,650,650,650,650,0
2022-03-21 09:49:00,650,650,650,650,0
2022-03-21 09:50:00,650,650,650,650,0
2022-03-21 09:51:00,650,650,650,650,0
2022-03-21 09:52:00,650,650,650,650,0
2022-03-21 09:53:00,650,650,650,650,0
2022-03-21 09:54:00,650,650,650,650,0
2022-03-21 09:55:00,650,650,650,650,0
2022-03-21 09:56:00,650,650,650,650,0
2022-03-21 09:57:00,650,650,650,650,0
2022-03-21 09:58:00,650,650,650,650,0
2022-03-21 09:59:00,650,650,650,650,0
2022-03-21 10:00:00,650,650,650,650,0
2022-03-21 10:01:00,650,650,650,650,0
2022-03-21 10:02:00,650,650,650,650,0
2022-03-21 10:03:00,650,650,650,650,0
2022-03-21 10:04:00,650,650,650,650,0
2022-03-21 10:05:00,650,650,650,650,0
2022-03-21 10:06:00,650,650,650,650,0
2022-03-21 10:07:00,650,650,650,650,0
2022-03-21 10:08:00,650,650,650,650,0
2022-03-21 10:09:00,650,650,650,650,0
2022-03-21 10:10:00,650,650,650,650,0
2022-03-21 10:11:00,650,650,650,650,0
2022-03-21 10:12:00,650,650,650,650,0
2022-03-21 10:13:00,650,650,650,650,0
2022-03-21 10:14:00,650,650,650,650,0
2022-03-21 10:15:00,650,650,650,650,5000
2022-03-21 10:16:00,650,650,650,650,0
2022-03-21 10:17:00,650,650,650,650,0
2022-03-21 10:18:00,650,650,650,650,0
2022-03-21 10:19:00,650,650,650,650,0
2022-03-21 10:20:00,650,650,650,650,0
2022-03-21 10:21:00,650,650,650,650,0
2022-03-21 10:22:00,650,650,650,650,0
2022-03-21 10:23:00,650,650,650,650,0
2022-03-21 10:24:00,650,650,650,650,0
2022-03-21 10:25:00,650,650,650,650,0
2022-03-21 10:26:00,650,650,650,650,0
2022-03-21 10:27:00,650,650,650,650,0
2022-03-21 10:28:00,650,650,650,650,0
2022-03-21 10:29:00,650,650,650,650,0
2022-03-21 10:30:00,650,650,650,650,0
2022-03-21 10:31:00,650,650,650,650,0
2022-03-21 10:32:00,650,650,650,650,0
2022-03-21 10:33:00,650,650,650,650,0
2022-03-21 10:34:00,650,650,650,650,0
2022-03-21 10:35:00,650,650,650,650,0
2022-03-21 10:36:00,650,650,650,650,0
2022-03-21 10:37:00,650,650,650,650,0
2022-03-21 10:38:00,650,650,650,650,0
2022-03-21 10:39:00,650,650,650,650,0
2022-03-21 10:40:00,650,650,650,650,0
2022-03-21 10:41:00,650,650,650,650,0
2022-03-21 10:42:00,650,650,650,650,0
2022-03-21 10:43:00,650,650,650,650,0
2022-03-21 10:44:00,650,650,650,650,0
2022-03-21 10:45:00,650,650,650,650,0
2022-03-21 10:46:00,645,645,645,645,100
2022-03-21 10:47:00,645,645,645,645,0
2022-03-21 10:48:00,650,650,650,650,300
2022-03-21 10:49:00,650,650,650,650,0
2022-03-21 10:50:00,650,650,650,650,0
2022-03-21 10:51:00,650,650,650,650,0
2022-03-21 10:52:00,650,650,650,650,0
2022-03-21 10:53:00,650,650,650,650,0
2022-03-21 10:54:00,650,650,650,650,0
2022-03-21 10:55:00,650,650,650,650,0
2022-03-21 10:56:00,650,650,650,650,0
2022-03-21 10:57:00,650,650,650,650,0
2022-03-21 10:58:00,650,650,650,650,0
2022-03-21 10:59:00,650,650,650,650,0
2022-03-21 11:00:00,650,650,650,650,0
2022-03-21 11:01:00,650,650,650,650,0
2022-03-21 11:02:00,650,650,650,650,0
2022-03-21 11:03:00,650,650,650,650,0
2022-03-21 11:04:00,650,650,650,650,0
2022-03-21 11:05:00,650,650,650,650,0
2022-03-21 11:06:00,650,650,650,650,0
2022-03-21 11:07:00,650,650,650,650,0
2022-03-21 11:08:00,650,650,650,650,0
2022-03-21 11:09:00,650,650,650,650,0
2022-03-21 11:10:00,650,650,650,650,0
2022-03-21 11:11:00,645,645,645,645,100
2022-03-21 11:12:00,650,650,650,650,300
2022-03-21 11:13:00,650,650,650,650,0
2022-03-21 11:14:00,650,650,650,650,0
2022-03-21 11:15:00,650,650,650,650,0
2022-03-21 11:16:00,650,650,650,650,0
2022-03-21 11:17:00,650,650,650,650,0
2022-03-21 11:18:00,650,650,650,650,0
2022-03-21 11:19:00,650,650,650,650,0
2022-03-21 11:20:00,650,650,650,650,0
2022-03-21 11:21:00,650,650,650,650,0
2022-03-21 11:22:00,650,650,650,650,0
2022-03-21 11:23:00,650,650,650,650,0
2022-03-21 11:24:00,650,650,650,650,300
2022-03-21 11:25:00,650,650,650,650,0
2022-03-21 11:26:00,650,650,650,650,0
2022-03-21 11:27:00,650,650,650,650,300
2022-03-21 11:28:00,650,650,650,650,0
2022-03-21 11:29:00,650,650,650,650,300
2022-03-21 11:30:00,650,650,650,650,0
2022-03-21 11:31:00,650,650,650,650,0
2022-03-21 11:32:00,650,650,650,650,0
2022-03-21 11:33:00,650,650,650,650,0
2022-03-21 11:34:00,650,650,650,650,0
2022-03-21 11:35:00,650,650,650,650,0
2022-03-21 11:36:00,650,650,650,650,0
2022-03-21 11:37:00,650,650,650,650,0
2022-03-21 11:38:00,650,650,650,650,0
2022-03-21 11:39:00,650,650,650,650,0
2022-03-21 11:40:00,650,650,650,650,0
2022-03-21 11:41:00,650,650,650,650,0
2022-03-21 11:42:00,650,650,650,650,0
2022-03-21 11:43:00,650,650,650,650,0
2022-03-21 11:44:00,650,650,650,650,0
2022-03-21 11:45:00,650,650,650,650,0
2022-03-21 11:46:00,650,650,650,650,0
2022-03-21 11:47:00,650,650,650,650,0
2022-03-21 11:48:00,650,650,650,650,0
2022-03-21 11:49:00,650,650,650,650,0
2022-03-21 11:50:00,650,650,650,650,0
2022-03-21 11:51:00,650,650,650,650,0
2022-03-21 11:52:00,650,650,650,650,0
2022-03-21 11:53:00,650,650,650,650,0
2022-03-21 11:54:00,650,650,650,650,0
2022-03-21 11:55:00,650,650,650,650,0
2022-03-21 11:56:00,650,650,650,650,0
2022-03-21 11:57:00,650,650,650,650,0
2022-03-21 11:58:00,650,650,650,650,0
2022-03-21 11:59:00,650,650,650,650,0
2022-03-21 12:00:00,650,650,650,650,0
2022-03-21 12:01:00,650,650,650,650,0
2022-03-21 12:02:00,650,650,650,650,0
2022-03-21 12:03:00,650,650,650,650,0
2022-03-21 12:04:00,650,650,650,650,0
2022-03-21 12:05:00,650,650,650,650,0
2022-03-21 12:06:00,650,650,650,650,0
2022-03-21 12:07:00,650,650,650,650,0
2022-03-21 12:08:00,650,650,650,650,0
2022-03-21 12:09:00,650,650,650,650,0
2022-03-21 12:10:00,650,650,650,650,0
2022-03-21 12:11:00,650,650,650,650,0
2022-03-21 12:12:00,650,650,650,650,0
2022-03-21 12:13:00,650,650,650,650,0
2022-03-21 12:14:00,650,650,650,650,0
2022-03-21 12:15:00,650,650,650,650,0
2022-03-21 12:16:00,650,650,650,650,0
2022-03-21 12:17:00,650,650,650,650,0
2022-03-21 12:18:00,650,650,650,650,0
2022-03-21 12:19:00,650,650,650,650,0
2022-03-21 12:20:00,650,650,650,650,0
2022-03-21 12:21:00,650,650,650,650,0
2022-03-21 12:22:00,650,650,650,650,0
2022-03-21 12:23:00,650,650,650,650,0
2022-03-21 12:24:00,650,650,650,650,0
2022-03-21 12:25:00,650,650,650,650,0
2022-03-21 12:26:00,650,650,650,650,0
2022-03-21 12:27:00,650,650,650,650,0
2022-03-21 12:28:00,650,650,650,650,0
2022-03-21 12:29:00,650,650,650,650,0
2022-03-21 12:30:00,650,650,650,650,0
2022-03-21 12:31:00,650,650,650,650,0
2022-03-21 12:32:00,650,650,650,650,0
2022-03-21 12:33:00,650,650,650,650,0
2022-03-21 12:34:00,650,650,650,650,0
2022-03-21 12:35:00,650,650,650,650,0
2022-03-21 12:36:00,650,650,650,650,0
2022-03-21 12:37:00,650,650,650,650,0
2022-03-21 12:38:00,650,650,650,650,0
2022-03-21 12:39:00,650,650,650,650,0
2022-03-21 12:40:00,650,650,650,650,0
2022-03-21 12:41:00,650,650,650,650,0
2022-03-21 12:42:00,650,650,650,650,0
2022-03-21 12:43:00,650,650,650,650,0
2022-03-21 12:44:00,650,650,650,650,0
2022-03-21 12:45:00,650,650,650,650,0
2022-03-21 12:46:00,650,650,650,650,0
2022-03-21 12:47:00,650,650,650,650,0
2022-03-21 12:48:00,650,650,650,650,0
2022-03-21 12:49:00,650,650,650,650,0
2022-03-21 12:50:00,650,650,650,650,0
2022-03-21 12:51:00,650,650,650,650,0
2022-03-21 12:52:00,650,650,650,650,0
2022-03-21 12:53:00,650,650,650,650,0
2022-03-21 12:54:00,650,650,650,650,0
2022-03-21 12:55:00,650,650,650,650,0
2022-03-21 12:56:00,650,650,650,650,0
2022-03-21 12:57:00,650,650,650,650,0
2022-03-21 12:58:00,650,650,650,650,0
2022-03-21 12:59:00,650,650,650,650,0
2022-03-21 13:00:00,650,650,650,650,0
2022-03-21 13:01:00,650,650,650,650,0
2022-03-21 13:02:00,650,650,650,650,0
2022-03-21 13:03:00,650,650,650,650,0
2022-03-21 13:04:00,650,650,650,650,0
2022-03-21 13:05:00,650,650,650,650,0
2022-03-21 13:06:00,650,650,650,650,0
2022-03-21 13:07:00,650,650,650,650,0
2022-03-21 13:08:00,650,650,650,650,0
2022-03-21 13:09:00,650,650,650,650,0
2022-03-21 13:10:00,650,650,650,650,0
2022-03-21 13:11:00,650,650,650,650,0
2022-03-21 13:12:00,650,650,650,650,0
2022-03-21 13:13:00,650,650,650,650,0
2022-03-21 13:14:00,650,650,650,650,0
2022-03-21 13:15:00,650,650,650,650,0
2022-03-21 13:16:00,650,650,650,650,0
2022-03-21 13:17:00,650,650,650,650,0
2022-03-21 13:18:00,650,650,650,650,0
2022-03-21 13:19:00,650,650,650,650,0
2022-03-21 13:20:00,650,650,650,650,0
2022-03-21 13:21:00,650,650,650,650,0
2022-03-21 13:22:00,650,650,650,650,0
2022-03-21 13:23:00,650,650,650,650,0
2022-03-21 13:24:00,650,650,650,650,0
2022-03-21 13:25:00,650,650,650,650,0
2022-03-21 13:26:00,650,650,650,650,0
2022-03-21 13:27:00,650,650,650,650,0
2022-03-21 13:28:00,650,650,650,650,0
2022-03-21 13:29:00,650,650,650,650,0
2022-03-21 13:30:00,645,645,650,650,4800
2022-03-21 13:31:00,650,650,650,650,1500
2022-03-21 13:32:00,650,650,650,650,0
2022-03-21 13:33:00,650,650,650,650,0
2022-03-21 13:34:00,650,650,650,650,0
2022-03-21 13:35:00,650,650,650,650,0
2022-03-21 13:36:00,645,645,650,650,3300
2022-03-21 13:37:00,645,645,650,650,0
2022-03-21 13:38:00,645,645,650,650,0
2022-03-21 13:39:00,645,645,650,650,0
2022-03-21 13:40:00,645,645,650,650,0
2022-03-21 13:41:00,645,645,650,650,0
2022-03-21 13:42:00,645,645,645,645,800
2022-03-21 13:43:00,650,650,650,650,300
2022-03-21 13:44:00,650,650,650,650,0
2022-03-21 13:45:00,650,650,650,650,0
2022-03-21 13:46:00,650,650,650,650,0
2022-03-21 13:47:00,650,650,650,650,0
2022-03-21 13:48:00,645,645,645,645,3000
2022-03-21 13:49:00,650,650,650,650,300
2022-03-21 13:50:00,650,650,650,650,0
2022-03-21 13:51:00,650,650,650,650,0
2022-03-21 13:52:00,650,650,650,650,0
2022-03-21 13:53:00,650,650,650,650,900
2022-03-21 13:54:00,650,650,650,650,0
2022-03-21 13:55:00,650,650,650,650,0
2022-03-21 13:56:00,650,650,650,650,0
2022-03-21 13:57:00,650,650,650,650,0
2022-03-21 13:58:00,650,650,650,650,0
2022-03-21 13:59:00,650,650,650,650,0
2022-03-21 14:00:00,650,650,650,650,0
2022-03-21 14:01:00,650,650,650,650,0
2022-03-21 14:02:00,650,650,650,650,0
2022-03-21 14:03:00,650,650,650,650,0
2022-03-21 14:04:00,650,650,650,650,0
2022-03-21 14:05:00,650,650,650,650,0
2022-03-21 14:06:00,650,650,650,650,0
2022-03-21 14:07:00,645,645,645,645,400
2022-03-21 14:08:00,645,645,645,645,0
2022-03-21 14:09:00,645,645,645,645,0
2022-03-21 14:10:00,645,645,645,645,0
2022-03-21 14:11:00,645,640,645,640,4600
2022-03-21 14:12:00,650,650,650,650,200
2022-03-21 14:13:00,645,645,645,645,1100
2022-03-21 14:14:00,645,645,650,650,1100
2022-03-21 14:15:00,650,650,650,650,200
2022-03-21 14:16:00,650,650,650,650,0
2022-03-21 14:17:00,650,650,650,650,0
2022-03-21 14:18:00,650,650,650,650,0
2022-03-21 14:19:00,650,650,650,650,0
2022-03-21 14:20:00,650,650,650,650,0
2022-03-21 14:21:00,650,650,650,650,0
2022-03-21 14:22:00,650,650,650,650,0
2022-03-21 14:23:00,650,650,650,650,0
2022-03-21 14:24:00,650,650,650,650,0
2022-03-21 14:25:00,650,650,650,650,0
2022-03-21 14:26:00,650,650,650,650,0
2022-03-21 14:27:00,650,650,650,650,0
2022-03-21 14:28:00,650,650,650,650,0
2022-03-21 14:29:00,650,650,650,650,500
2022-03-21 14:30:00,650,650,650,650,0
2022-03-21 14:31:00,650,650,650,650,0
2022-03-21 14:32:00,650,650,650,650,0
2022-03-21 14:33:00,650,650,650,650,0
2022-03-21 14:34:00,650,650,650,650,0
2022-03-21 14:35:00,650,650,650,650,0
2022-03-21 14:36:00,650,650,650,650,1100
2022-03-21 14:37:00,650,650,650,650,0
2022-03-21 14:38:00,650,650,650,650,0
2022-03-21 14:39:00,650,650,650,650,300
2022-03-21 14:40:00,650,650,650,650,0
2022-03-21 14:41:00,650,650,650,650,300
2022-03-21 14:42:00,650,650,650,650,0
2022-03-21 14:43:00,650,650,650,650,0
2022-03-21 14:44:00,650,650,650,650,0
2022-03-21 14:45:00,650,650,650,650,400
2022-03-21 14:46:00,650,650,650,650,0
2022-03-21 14:47:00,650,650,650,650,0
2022-03-21 14:48:00,650,650,650,650,0
2022-03-21 14:49:00,650,650,650,650,800
2022-03-21 14:50:00,650,650,650,650,0
2022-03-21 14:51:00,650,650,650,650,0
2022-03-21 14:52:00,650,650,650,650,0
2022-03-21 14:53:00,650,650,650,650,0
2022-03-21 14:54:00,650,650,650,650,0
2022-03-21 14:55:00,650,650,650,650,0
2022-03-21 14:56:00,650,650,650,650,0
2022-03-21 14:57:00,650,650,650,650,0
2022-03-21 14:58:00,650,650,650,650,0
2022-03-21 14:59:00,650,650,650,650,0
2022-03-21 15:00:00,650,650,650,650,1300
2022-03-21 15:01:00,650,650,650,650,0
2022-03-21 15:02:00,650,650,650,650,0
2022-03-21 15:03:00,650,650,650,650,0
2022-03-21 15:04:00,650,650,650,650,1000
2022-03-21 15:05:00,650,650,650,650,0
2022-03-21 15:06:00,650,650,650,650,0
2022-03-21 15:07:00,650,650,650,650,0
2022-03-21 15:08:00,650,650,650,650,0
2022-03-21 15:09:00,650,650,650,650,0
2022-03-21 15:10:00,650,650,650,650,0
2022-03-21 15:11:00,650,650,650,650,0
2022-03-21 15:12:00,650,650,650,650,0
2022-03-21 15:13:00,650,650,650,650,0
2022-03-21 15:14:00,650,650,650,650,0
2022-03-21 15:15:00,650,650,650,650,0
2022-03-21 15:16:00,650,650,650,650,0
2022-03-21 15:17:00,650,650,650,650,0
2022-03-21 15:18:00,650,650,650,650,0
2022-03-21 15:19:00,650,650,650,650,0
2022-03-21 15:20:00,650,650,650,650,0
2022-03-21 15:21:00,650,650,650,650,0
2022-03-21 15:22:00,650,650,650,650,0
2022-03-21 15:23:00,650,650,650,650,0
2022-03-21 15:24:00,650,650,650,650,0
2022-03-21 15:25:00,650,650,650,650,0
2022-03-21 15:26:00,650,650,650,650,0
2022-03-21 15:27:00,650,650,650,650,0
2022-03-21 15:28:00,650,650,650,650,0
2022-03-21 15:29:00,650,650,650,650,0
2022-03-21 15:30:00,650,650,650,650,0
2022-03-21 15:31:00,650,650,650,650,0
2022-03-21 15:32:00,650,650,650,650,0
2022-03-21 15:33:00,650,650,650,650,0
2022-03-21 15:34:00,650,650,650,650,0
2022-03-21 15:35:00,650,650,650,650,0
2022-03-21 15:36:00,650,650,650,650,0
2022-03-21 15:37:00,650,650,650,650,0
2022-03-21 15:38:00,650,650,650,650,0
2022-03-21 15:39:00,650,650,650,650,0
2022-03-21 15:40:00,650,650,650,650,0
2022-03-21 15:41:00,650,650,650,650,0
2022-03-21 15:42:00,650,650,650,650,0
2022-03-21 15:43:00,650,650,650,650,0
2022-03-21 15:44:00,650,650,650,650,0
2022-03-21 15:45:00,650,650,650,650,0
2022-03-21 15:46:00,650,650,650,650,0
2022-03-21 15:47:00,650,650,650,650,0
2022-03-21 15:48:00,650,650,650,650,0
2022-03-21 15:49:00,650,650,650,650,0
2022-03-21 15:50:00,650,650,650,650,0
2022-03-21 15:51:00,650,650,650,650,0
2022-03-21 15:52:00,650,650,650,650,0
2022-03-21 15:53:00,650,650,650,650,0
2022-03-21 15:54:00,650,650,650,650,0
2022-03-21 15:55:00,650,650,650,650,0
2022-03-21 15:56:00,650,650,650,650,0
2022-03-21 15:57:00,650,650,650,650,0
2022-03-21 15:58:00,650,650,650,650,0
2022-03-21 15:59:00,650,650,650,650,0
2022-03-22 09:00:00,650,650,650,650,0
2022-03-22 09:01:00,650,650,650,650,0
2022-03-22 09:02:00,650,650,650,650,0
2022-03-22 09:03:00,640,640,640,640,200
2022-03-22 09:04:00,645,645,645,645,200
2022-03-22 09:05:00,645,645,645,645,0
2022-03-22 09:06:00,645,645,645,645,0
2022-03-22 09:07:00,645,645,645,645,0
2022-03-22 09:08:00,645,645,645,645,0
2022-03-22 09:09:00,640,640,640,640,1000
2022-03-22 09:10:00,645,645,645,645,300
2022-03-22 09:11:00,645,645,645,645,0
2022-03-22 09:12:00,645,645,645,645,0
2022-03-22 09:13:00,645,645,645,645,0
2022-03-22 09:14:00,645,645,645,645,0
2022-03-22 09:15:00,645,645,645,645,0
2022-03-22 09:16:00,645,645,645,645,0
2022-03-22 09:17:00,645,645,645,645,0
2022-03-22 09:18:00,645,640,645,640,700
2022-03-22 09:19:00,645,645,645,645,200
2022-03-22 09:20:00,645,645,645,645,0
2022-03-22 09:21:00,645,645,645,645,0
2022-03-22 09:22:00,645,645,645,645,0
2022-03-22 09:23:00,645,645,645,645,0
2022-03-22 09:24:00,645,645,645,645,0
2022-03-22 09:25:00,640,640,645,645,1200
2022-03-22 09:26:00,640,640,645,645,0
2022-03-22 09:27:00,640,640,645,645,0
2022-03-22 09:28:00,640,640,645,645,0
2022-03-22 09:29:00,640,640,645,645,0
2022-03-22 09:30:00,640,640,645,645,0
2022-03-22 09:31:00,640,640,645,645,0
2022-03-22 09:32:00,640,640,645,645,0
2022-03-22 09:33:00,640,640,645,645,400
2022-03-22 09:34:00,645,645,645,645,100
2022-03-22 09:35:00,645,645,645,645,0
2022-03-22 09:36:00,645,645,645,645,0
2022-03-22 09:37:00,645,645,645,645,0
2022-03-22 09:38:00,645,645,645,645,0
2022-03-22 09:39:00,645,645,645,645,0
2022-03-22 09:40:00,645,645,645,645,0
2022-03-22 09:41:00,645,645,645,645,0
2022-03-22 09:42:00,645,645,645,645,0
2022-03-22 09:43:00,645,645,645,645,0
2022-03-22 09:44:00,645,645,645,645,0
2022-03-22 09:45:00,645,645,645,645,0
2022-03-22 09:46:00,645,645,645,645,0
2022-03-22 09:47:00,645,645,645,645,0
2022-03-22 09:48:00,645,645,645,645,0
2022-03-22 09:49:00,645,645,645,645,0
2022-03-22 09:50:00,645,645,645,645,0
2022-03-22 09:51:00,645,645,645,645,0
2022-03-22 09:52:00,645,645,645,645,0
2022-03-22 09:53:00,645,645,645,645,0
2022-03-22 09:54:00,645,645,645,645,0
2022-03-22 09:55:00,645,645,645,645,0
2022-03-22 09:56:00,645,645,645,645,500
2022-03-22 09:57:00,645,645,645,645,0
2022-03-22 09:58:00,645,645,645,645,0
2022-03-22 09:59:00,640,640,640,640,19900
2022-03-22 10:00:00,645,645,645,645,200
2022-03-22 10:01:00,645,645,645,645,200
2022-03-22 10:02:00,645,640,645,640,400
2022-03-22 10:03:00,645,645,645,645,200
2022-03-22 10:04:00,645,645,645,645,0
2022-03-22 10:05:00,645,645,645,645,0
2022-03-22 10:06:00,645,645,645,645,0
2022-03-22 10:07:00,645,645,645,645,0
2022-03-22 10:08:00,645,645,645,645,0
2022-03-22 10:09:00,645,645,645,645,0
2022-03-22 10:10:00,645,645,645,645,0
2022-03-22 10:11:00,645,645,645,645,0
2022-03-22 10:12:00,645,645,645,645,0
2022-03-22 10:13:00,645,645,645,645,0
2022-03-22 10:14:00,645,645,645,645,1000
2022-03-22 10:15:00,645,645,645,645,0
2022-03-22 10:16:00,645,645,645,645,0
2022-03-22 10:17:00,645,645,645,645,200
2022-03-22 10:18:00,645,645,645,645,0
2022-03-22 10:19:00,645,645,645,645,0
2022-03-22 10:20:00,645,645,645,645,0
2022-03-22 10:21:00,645,645,645,645,0
2022-03-22 10:22:00,640,640,640,640,100
2022-03-22 10:23:00,645,645,645,645,200
2022-03-22 10:24:00,645,645,645,645,500
2022-03-22 10:25:00,645,645,645,645,0
2022-03-22 10:26:00,645,645,645,645,0
2022-03-22 10:27:00,645,645,645,645,0
2022-03-22 10:28:00,645,645,645,645,0
2022-03-22 10:29:00,640,640,640,640,1500
2022-03-22 10:30:00,645,645,645,645,500
2022-03-22 10:31:00,645,645,645,645,200
2022-03-22 10:32:00,640,640,640,640,800
2022-03-22 10:33:00,640,640,640,640,0
2022-03-22 10:34:00,640,640,640,640,0
2022-03-22 10:35:00,645,645,645,645,300
2022-03-22 10:36:00,645,645,645,645,200
2022-03-22 10:37:00,645,645,645,645,0
2022-03-22 10:38:00,645,645,645,645,0
2022-03-22 10:39:00,645,645,645,645,0
2022-03-22 10:40:00,645,645,645,645,0
2022-03-22 10:41:00,645,645,645,645,0
2022-03-22 10:42:00,645,645,645,645,0
2022-03-22 10:43:00,645,645,645,645,0
2022-03-22 10:44:00,645,645,645,645,0
2022-03-22 10:45:00,645,645,645,645,0
2022-03-22 10:46:00,640,640,640,640,700
2022-03-22 10:47:00,645,645,645,645,400
2022-03-22 10:48:00,640,640,640,640,600
2022-03-22 10:49:00,645,645,645,645,200
2022-03-22 10:50:00,645,645,645,645,0
2022-03-22 10:51:00,645,645,645,645,0
2022-03-22 10:52:00,645,645,645,645,0
2022-03-22 10:53:00,645,645,645,645,0
2022-03-22 10:54:00,645,645,645,645,0
2022-03-22 10:55:00,645,645,645,645,0
2022-03-22 10:56:00,645,645,645,645,0
2022-03-22 10:57:00,645,645,645,645,0
2022-03-22 10:58:00,645,645,645,645,500
2022-03-22 10:59:00,645,645,645,645,0
2022-03-22 11:00:00,645,645,645,645,0
2022-03-22 11:01:00,645,645,645,645,0
2022-03-22 11:02:00,645,645,645,645,0
2022-03-22 11:03:00,645,645,645,645,0
2022-03-22 11:04:00,645,645,645,645,0
2022-03-22 11:05:00,640,640,640,640,400
2022-03-22 11:06:00,645,645,645,645,200
2022-03-22 11:07:00,645,645,645,645,200
2022-03-22 11:08:00,645,645,645,645,0
2022-03-22 11:09:00,645,645,645,645,0
2022-03-22 11:10:00,645,645,645,645,0
2022-03-22 11:11:00,645,645,645,645,0
2022-03-22 11:12:00,640,635,645,645,12700
2022-03-22 11:13:00,640,640,645,645,500
2022-03-22 11:14:00,645,640,645,645,700
2022-03-22 11:15:00,645,640,645,645,0
2022-03-22 11:16:00,640,640,640,640,900
2022-03-22 11:17:00,640,640,640,640,2100
2022-03-22 11:18:00,640,640,640,640,0
2022-03-22 11:19:00,640,640,640,640,800
2022-03-22 11:20:00,640,640,645,640,2600
2022-03-22 11:21:00,640,640,645,640,900
2022-03-22 11:22:00,645,645,645,645,200
2022-03-22 11:23:00,640,640,640,640,300
2022-03-22 11:24:00,645,640,645,640,600
2022-03-22 11:25:00,645,645,645,645,200
2022-03-22 11:26:00,645,645,645,645,0
2022-03-22 11:27:00,645,645,645,645,400
2022-03-22 11:28:00,640,640,645,645,1200
2022-03-22 11:29:00,645,640,645,645,1100
2022-03-22 11:30:00,645,640,645,645,0
2022-03-22 11:31:00,645,640,645,645,0
2022-03-22 11:32:00,645,640,645,645,0
2022-03-22 11:33:00,645,640,645,645,0
2022-03-22 11:34:00,645,640,645,645,0
2022-03-22 11:35:00,645,640,645,645,0
2022-03-22 11:36:00,645,640,645,645,0
2022-03-22 11:37:00,645,640,645,645,0
2022-03-22 11:38:00,645,640,645,645,0
2022-03-22 11:39:00,645,640,645,645,0
2022-03-22 11:40:00,645,640,645,645,0
2022-03-22 11:41:00,645,640,645,645,0
2022-03-22 11:42:00,645,640,645,645,0
2022-03-22 11:43:00,645,640,645,645,0
2022-03-22 11:44:00,645,640,645,645,0
2022-03-22 11:45:00,645,640,645,645,0
2022-03-22 11:46:00,645,640,645,645,0
2022-03-22 11:47:00,645,640,645,645,0
2022-03-22 11:48:00,645,640,645,645,0
2022-03-22 11:49:00,645,640,645,645,0
2022-03-22 11:50:00,645,640,645,645,0
2022-03-22 11:51:00,645,640,645,645,0
2022-03-22 11:52:00,645,640,645,645,0
2022-03-22 11:53:00,645,640,645,645,0
2022-03-22 11:54:00,645,640,645,645,0
2022-03-22 11:55:00,645,640,645,645,0
2022-03-22 11:56:00,645,640,645,645,0
2022-03-22 11:57:00,645,640,645,645,0
2022-03-22 11:58:00,645,640,645,645,0
2022-03-22 11:59:00,645,640,645,645,0
2022-03-22 12:00:00,645,640,645,645,0
2022-03-22 12:01:00,645,640,645,645,0
2022-03-22 12:02:00,645,640,645,645,0
2022-03-22 12:03:00,645,640,645,645,0
2022-03-22 12:04:00,645,640,645,645,0
2022-03-22 12:05:00,645,640,645,645,0
2022-03-22 12:06:00,645,640,645,645,0
2022-03-22 12:07:00,645,640,645,645,0
2022-03-22 12:08:00,645,640,645,645,0
2022-03-22 12:09:00,645,640,645,645,0
2022-03-22 12:10:00,645,640,645,645,0
2022-03-22 12:11:00,645,640,645,645,0
2022-03-22 12:12:00,645,640,645,645,0
2022-03-22 12:13:00,645,640,645,645,0
2022-03-22 12:14:00,645,640,645,645,0
2022-03-22 12:15:00,645,640,645,645,0
2022-03-22 12:16:00,645,640,645,645,0
2022-03-22 12:17:00,645,640,645,645,0
2022-03-22 12:18:00,645,640,645,645,0
2022-03-22 12:19:00,645,640,645,645,0
2022-03-22 12:20:00,645,640,645,645,0
2022-03-22 12:21:00,645,640,645,645,0
2022-03-22 12:22:00,645,640,645,645,0
2022-03-22 12:23:00,645,640,645,645,0
2022-03-22 12:24:00,645,640,645,645,0
2022-03-22 12:25:00,645,640,645,645,0
2022-03-22 12:26:00,645,640,645,645,0
2022-03-22 12:27:00,645,640,645,645,0
2022-03-22 12:28:00,645,640,645,645,0
2022-03-22 12:29:00,645,640,645,645,0
2022-03-22 12:30:00,645,640,645,645,0
2022-03-22 12:31:00,645,640,645,645,0
2022-03-22 12:32:00,645,640,645,645,0
2022-03-22 12:33:00,645,640,645,645,0
2022-03-22 12:34:00,645,640,645,645,0
2022-03-22 12:35:00,645,640,645,645,0
2022-03-22 12:36:00,645,640,645,645,0
2022-03-22 12:37:00,645,640,645,645,0
2022-03-22 12:38:00,645,640,645,645,0
2022-03-22 12:39:00,645,640,645,645,0
2022-03-22 12:40:00,645,640,645,645,0
2022-03-22 12:41:00,645,640,645,645,0
2022-03-22 12:42:00,645,640,645,645,0
2022-03-22 12:43:00,645,640,645,645,0
2022-03-22 12:44:00,645,640,645,645,0
2022-03-22 12:45:00,645,640,645,645,0
2022-03-22 12:46:00,645,640,645,645,0
2022-03-22 12:47:00,645,640,645,645,0
2022-03-22 12:48:00,645,640,645,645,0
2022-03-22 12:49:00,645,640,645,645,0
2022-03-22 12:50:00,645,640,645,645,0
2022-03-22 12:51:00,645,640,645,645,0
2022-03-22 12:52:00,645,640,645,645,0
2022-03-22 12:53:00,645,640,645,645,0
2022-03-22 12:54:00,645,640,645,645,0
2022-03-22 12:55:00,645,640,645,645,0
2022-03-22 12:56:00,645,640,645,645,0
2022-03-22 12:57:00,645,640,645,645,0
2022-03-22 12:58:00,645,640,645,645,0
2022-03-22 12:59:00,645,640,645,645,0
2022-03-22 13:00:00,645,640,645,645,0
2022-03-22 13:01:00,645,640,645,645,0
2022-03-22 13:02:00,645,640,645,645,0
2022-03-22 13:03:00,645,640,645,645,0
2022-03-22 13:04:00,645,640,645,645,0
2022-03-22 13:05:00,645,640,645,645,0
2022-03-22 13:06:00,645,640,645,645,0
2022-03-22 13:07:00,645,640,645,645,0
2022-03-22 13:08:00,645,640,645,645,0
2022-03-22 13:09:00,645,640,645,645,0
2022-03-22 13:10:00,645,640,645,645,0
2022-03-22 13:11:00,645,640,645,645,0
2022-03-22 13:12:00,645,640,645,645,0
2022-03-22 13:13:00,645,640,645,645,0
2022-03-22 13:14:00,645,640,645,645,0
2022-03-22 13:15:00,645,640,645,645,0
2022-03-22 13:16:00,645,640,645,645,0
2022-03-22 13:17:00,645,640,645,645,0
2022-03-22 13:18:00,645,640,645,645,0
2022-03-22 13:19:00,645,640,645,645,0
2022-03-22 13:20:00,645,640,645,645,0
2022-03-22 13:21:00,645,640,645,645,0
2022-03-22 13:22:00,645,640,645,645,0
2022-03-22 13:23:00,645,640,645,645,0
2022-03-22 13:24:00,645,640,645,645,0
2022-03-22 13:25:00,645,640,645,645,0
2022-03-22 13:26:00,645,640,645,645,0
2022-03-22 13:27:00,645,640,645,645,0
2022-03-22 13:28:00,645,640,645,645,0
2022-03-22 13:29:00,645,640,645,645,0
2022-03-22 13:30:00,640,640,645,640,1700
2022-03-22 13:31:00,645,645,645,645,200
2022-03-22 13:32:00,645,645,645,645,0
2022-03-22 13:33:00,645,645,645,645,0
2022-03-22 13:34:00,645,645,645,645,0
2022-03-22 13:35:00,645,645,645,645,0
2022-03-22 13:36:00,645,645,645,645,0
2022-03-22 13:37:00,640,640,640,640,1000
2022-03-22 13:38:00,645,645,645,645,300
2022-03-22 13:39:00,645,645,645,645,100
2022-03-22 13:40:00,640,640,640,640,500
2022-03-22 13:41:00,645,645,645,645,300
2022-03-22 13:42:00,645,645,645,645,0
2022-03-22 13:43:00,645,645,645,645,0
2022-03-22 13:44:00,645,645,645,645,0
2022-03-22 13:45:00,645,645,645,645,0
2022-03-22 13:46:00,645,645,645,645,0
2022-03-22 13:47:00,645,645,645,645,0
2022-03-22 13:48:00,645,645,645,645,0
2022-03-22 13:49:00,645,645,645,645,400
2022-03-22 13:50:00,645,645,645,645,0
2022-03-22 13:51:00,645,645,645,645,0
2022-03-22 13:52:00,645,645,645,645,300
2022-03-22 13:53:00,640,640,640,640,1500
2022-03-22 13:54:00,640,640,640,640,0
2022-03-22 13:55:00,645,645,645,645,200
2022-03-22 13:56:00,645,645,645,645,0
2022-03-22 13:57:00,645,645,645,645,0
2022-03-22 13:58:00,645,645,645,645,0
2022-03-22 13:59:00,645,645,645,645,0
2022-03-22 14:00:00,645,645,645,645,0
2022-03-22 14:01:00,645,645,645,645,0
2022-03-22 14:02:00,645,645,645,645,0
2022-03-22 14:03:00,645,645,645,645,0
2022-03-22 14:04:00,645,645,645,645,0
2022-03-22 14:05:00,640,640,640,640,10300
2022-03-22 14:06:00,645,645,645,645,200
2022-03-22 14:07:00,645,645,645,645,0
2022-03-22 14:08:00,640,635,640,635,1000
2022-03-22 14:09:00,645,640,645,640,1000
2022-03-22 14:10:00,640,640,645,645,700
2022-03-22 14:11:00,640,640,645,645,0
2022-03-22 14:12:00,640,640,645,645,0
2022-03-22 14:13:00,640,640,645,645,0
2022-03-22 14:14:00,645,645,645,645,200
2022-03-22 14:15:00,645,645,645,645,0
2022-03-22 14:16:00,645,645,645,645,0
2022-03-22 14:17:00,645,645,645,645,0
2022-03-22 14:18:00,645,645,645,645,0
2022-03-22 14:19:00,645,645,645,645,0
2022-03-22 14:20:00,645,645,645,645,0
2022-03-22 14:21:00,645,645,645,645,0
2022-03-22 14:22:00,645,645,645,645,0
2022-03-22 14:23:00,645,645,645,645,0
2022-03-22 14:24:00,645,645,645,645,0
2022-03-22 14:25:00,645,645,645,645,0
2022-03-22 14:26:00,645,645,645,645,0
2022-03-22 14:27:00,640,640,640,640,500
2022-03-22 14:28:00,640,640,640,640,2600
2022-03-22 14:29:00,640,640,640,640,900
2022-03-22 14:30:00,645,645,645,645,200
2022-03-22 14:31:00,645,645,645,645,0
2022-03-22 14:32:00,645,645,645,645,0
2022-03-22 14:33:00,645,645,645,645,0
2022-03-22 14:34:00,645,645,645,645,200
2022-03-22 14:35:00,645,645,645,645,0
2022-03-22 14:36:00,645,645,645,645,0
2022-03-22 14:37:00,645,645,645,645,0
2022-03-22 14:38:00,645,645,645,645,0
2022-03-22 14:39:00,645,645,645,645,0
2022-03-22 14:40:00,645,645,645,645,200
2022-03-22 14:41:00,645,645,645,645,0
2022-03-22 14:42:00,645,645,645,645,0
2022-03-22 14:43:00,645,645,645,645,300
2022-03-22 14:44:00,645,645,645,645,0
2022-03-22 14:45:00,645,645,645,645,0
2022-03-22 14:46:00,645,645,645,645,400
2022-03-22 14:47:00,645,645,645,645,300
2022-03-22 14:48:00,645,645,645,645,200
2022-03-22 14:49:00,645,645,645,645,1000
2022-03-22 14:50:00,645,645,645,645,0
2022-03-22 14:51:00,645,645,645,645,0
2022-03-22 14:52:00,645,645,645,645,0
2022-03-22 14:53:00,645,645,645,645,0
2022-03-22 14:54:00,645,645,645,645,0
2022-03-22 14:55:00,645,645,645,645,0
2022-03-22 14:56:00,645,645,645,645,0
2022-03-22 14:57:00,645,645,645,645,0
2022-03-22 14:58:00,645,645,645,645,0
2022-03-22 14:59:00,645,645,645,645,0
2022-03-22 15:00:00,645,645,645,645,132200
2022-03-22 15:01:00,645,645,645,645,0
2022-03-22 15:02:00,645,645,645,645,0
2022-03-22 15:03:00,645,645,645,645,0
2022-03-22 15:04:00,645,645,645,645,0
2022-03-22 15:05:00,645,645,645,645,0
2022-03-22 15:06:00,645,645,645,645,1000
2022-03-22 15:07:00,645,645,645,645,0
2022-03-22 15:08:00,645,645,645,645,0
2022-03-22 15:09:00,645,645,645,645,0
2022-03-22 15:10:00,645,645,645,645,0
2022-03-22 15:11:00,645,645,645,645,0
2022-03-22 15:12:00,645,645,645,645,0
2022-03-22 15:13:00,645,645,645,645,0
2022-03-22 15:14:00,645,645,645,645,0
2022-03-22 15:15:00,645,645,645,645,0
2022-03-22 15:16:00,645,645,645,645,0
2022-03-22 15:17:00,645,645,645,645,0
2022-03-22 15:18:00,645,645,645,645,0
2022-03-22 15:19:00,645,645,645,645,0
2022-03-22 15:20:00,645,645,645,645,0
2022-03-22 15:21:00,645,645,645,645,0
2022-03-22 15:22:00,645,645,645,645,0
2022-03-22 15:23:00,645,645,645,645,0
2022-03-22 15:24:00,645,645,645,645,0
2022-03-22 15:25:00,645,645,645,645,0
2022-03-22 15:26:00,645,645,645,645,0
2022-03-22 15:27:00,645,645,645,645,0
2022-03-22 15:28:00,645,645,645,645,0
2022-03-22 15:29:00,645,645,645,645,0
2022-03-22 15:30:00,645,645,645,645,0
2022-03-22 15:31:00,645,645,645,645,0
2022-03-22 15:32:00,645,645,645,645,0
2022-03-22 15:33:00,645,645,645,645,0
2022-03-22 15:34:00,645,645,645,645,0
2022-03-22 15:35:00,645,645,645,645,0
2022-03-22 15:36:00,645,645,645,645,0
2022-03-22 15:37:00,645,645,645,645,0
2022-03-22 15:38:00,645,645,645,645,0
2022-03-22 15:39:00,645,645,645,645,0
2022-03-22 15:40:00,645,645,645,645,0
2022-03-22 15:41:00,645,645,645,645,0
2022-03-22 15:42:00,645,645,645,645,0
2022-03-22 15:43:00,645,645,645,645,0
2022-03-22 15:44:00,645,645,645,645,0
2022-03-22 15:45:00,645,645,645,645,0
2022-03-22 15:46:00,645,645,645,645,0
2022-03-22 15:47:00,645,645,645,645,0
2022-03-22 15:48:00,645,645,645,645,0
2022-03-22 15:49:00,645,645,645,645,0
2022-03-22 15:50:00,645,645,645,645,0
2022-03-22 15:51:00,645,645,645,645,0
2022-03-22 15:52:00,645,645,645,645,0
2022-03-22 15:53:00,645,645,645,645,0
2022-03-22 15:54:00,645,645,645,645,0
2022-03-22 15:55:00,645,645,645,645,0
2022-03-22 15:56:00,645,645,645,645,0
2022-03-22 15:57:00,645,645,645,645,0
2022-03-22 15:58:00,645,645,645,645,0
2022-03-22 15:59:00,645,645,645,645,0
2022-03-23 09:00:00,645,645,645,645,0
2022-03-23 09:01:00,645,645,645,645,0
2022-03-23 09:02:00,645,645,645,645,0
2022-03-23 09:03:00,640,640,640,640,0
2022-03-23 09:04:00,640,640,640,640,0
2022-03-23 09:05:00,640,640,640,640,0
2022-03-23 09:06:00,640,640,640,640,0
2022-03-23 09:07:00,640,640,640,640,0
2022-03-23 09:08:00,640,640,640,640,0
2022-03-23 09:09:00,640,640,640,640,0
2022-03-23 09:10:00,640,640,640,640,0
2022-03-23 09:11:00,640,640,640,640,200
2022-03-23 09:12:00,640,640,640,640,0
2022-03-23 09:13:00,640,640,640,640,0
2022-03-23 09:14:00,640,640,640,640,800
2022-03-23 09:15:00,640,640,640,640,0
2022-03-23 09:16:00,640,640,640,640,1000
2022-03-23 09:17:00,635,635,635,635,200
2022-03-23 09:18:00,640,640,640,640,300
2022-03-23 09:19:00,640,640,640,640,0
2022-03-23 09:20:00,640,640,640,640,200
2022-03-23 09:21:00,640,640,640,640,0
2022-03-23 09:22:00,640,640,640,640,0
2022-03-23 09:23:00,640,640,640,640,0
2022-03-23 09:24:00,635,635,640,640,39500
2022-03-23 09:25:00,640,640,640,640,200
2022-03-23 09:26:00,640,640,640,640,700
2022-03-23 09:27:00,640,640,640,640,0
2022-03-23 09:28:00,640,640,640,640,0
2022-03-23 09:29:00,640,640,640,640,0
2022-03-23 09:30:00,640,640,640,640,0
2022-03-23 09:31:00,640,640,640,640,0
2022-03-23 09:32:00,640,640,640,640,0
2022-03-23 09:33:00,640,640,640,640,0
2022-03-23 09:34:00,640,640,640,640,0
2022-03-23 09:35:00,640,640,640,640,0
2022-03-23 09:36:00,640,640,640,640,0
2022-03-23 09:37:00,640,640,640,640,0
2022-03-23 09:38:00,640,640,640,640,0
2022-03-23 09:39:00,640,640,640,640,0
2022-03-23 09:40:00,640,640,640,640,0
2022-03-23 09:41:00,640,640,640,640,0
2022-03-23 09:42:00,640,640,640,640,600
2022-03-23 09:43:00,640,640,640,640,0
2022-03-23 09:44:00,640,640,640,640,0
2022-03-23 09:45:00,640,640,640,640,0
2022-03-23 09:46:00,640,640,640,640,0
2022-03-23 09:47:00,640,640,640,640,0
2022-03-23 09:48:00,640,640,640,640,0
2022-03-23 09:49:00,640,640,640,640,0
2022-03-23 09:50:00,640,640,640,640,0
2022-03-23 09:51:00,640,640,640,640,0
2022-03-23 09:52:00,640,640,640,640,0
2022-03-23 09:53:00,640,640,640,640,0
2022-03-23 09:54:00,635,635,635,635,5000
2022-03-23 09:55:00,640,625,640,630,31800
2022-03-23 09:56:00,630,630,640,635,10800
2022-03-23 09:57:00,635,635,635,635,200
2022-03-23 09:58:00,635,635,635,635,0
2022-03-23 09:59:00,635,635,635,635,0
2022-03-23 10:00:00,635,635,635,635,0
2022-03-23 10:01:00,635,635,635,635,0
2022-03-23 10:02:00,635,635,635,635,0
2022-03-23 10:03:00,635,635,635,635,0
2022-03-23 10:04:00,635,635,635,635,100
2022-03-23 10:05:00,635,635,635,635,100
2022-03-23 10:06:00,635,635,635,635,0
2022-03-23 10:07:00,635,635,635,635,0
2022-03-23 10:08:00,635,635,635,635,0
2022-03-23 10:09:00,635,635,635,635,0
2022-03-23 10:10:00,635,635,635,635,0
2022-03-23 10:11:00,630,630,635,635,42500
2022-03-23 10:12:00,630,630,635,635,0
2022-03-23 10:13:00,630,630,635,635,0
2022-03-23 10:14:00,630,630,635,635,0
2022-03-23 10:15:00,630,630,635,635,0
2022-03-23 10:16:00,640,640,640,640,600
2022-03-23 10:17:00,640,640,640,640,0
2022-03-23 10:18:00,640,640,640,640,0
2022-03-23 10:19:00,640,640,640,640,0
2022-03-23 10:20:00,640,640,640,640,0
2022-03-23 10:21:00,640,640,640,640,0
2022-03-23 10:22:00,640,640,640,640,0
2022-03-23 10:23:00,640,640,640,640,0
2022-03-23 10:24:00,640,640,640,640,0
2022-03-23 10:25:00,640,640,640,640,0
2022-03-23 10:26:00,640,640,640,640,0
2022-03-23 10:27:00,640,640,640,640,0
2022-03-23 10:28:00,640,640,640,640,0
2022-03-23 10:29:00,640,640,640,640,0
2022-03-23 10:30:00,640,640,640,640,0
2022-03-23 10:31:00,640,640,640,640,500
2022-03-23 10:32:00,640,640,640,640,0
2022-03-23 10:33:00,640,640,640,640,0
2022-03-23 10:34:00,640,640,640,640,0
2022-03-23 10:35:00,640,640,640,640,0
2022-03-23 10:36:00,640,640,640,640,0
2022-03-23 10:37:00,640,640,640,640,0
2022-03-23 10:38:00,640,640,640,640,0
2022-03-23 10:39:00,640,640,640,640,0
2022-03-23 10:40:00,640,640,640,640,0
2022-03-23 10:41:00,640,640,640,640,0
2022-03-23 10:42:00,640,640,640,640,0
2022-03-23 10:43:00,640,640,640,640,0
2022-03-23 10:44:00,640,640,640,640,0
2022-03-23 10:45:00,640,640,640,640,0
2022-03-23 10:46:00,640,640,640,640,0
2022-03-23 10:47:00,640,640,640,640,0
2022-03-23 10:48:00,640,640,640,640,0
2022-03-23 10:49:00,640,640,640,640,0
2022-03-23 10:50:00,640,640,640,640,0
2022-03-23 10:51:00,640,640,640,640,0
2022-03-23 10:52:00,640,640,640,640,0
2022-03-23 10:53:00,640,640,640,640,0
2022-03-23 10:54:00,635,635,635,635,10000
2022-03-23 10:55:00,635,635,635,635,0
2022-03-23 10:56:00,640,640,640,640,300
2022-03-23 10:57:00,640,640,640,640,0
2022-03-23 10:58:00,640,640,640,640,0
2022-03-23 10:59:00,640,640,640,640,0
2022-03-23 11:00:00,640,640,640,640,0
2022-03-23 11:01:00,640,640,640,640,0
2022-03-23 11:02:00,640,640,640,640,0
2022-03-23 11:03:00,640,640,640,640,0
2022-03-23 11:04:00,640,640,640,640,0
2022-03-23 11:05:00,640,640,640,640,0
2022-03-23 11:06:00,640,640,640,640,0
2022-03-23 11:07:00,640,640,640,640,0
2022-03-23 11:08:00,640,640,640,640,0
2022-03-23 11:09:00,640,640,640,640,0
2022-03-23 11:10:00,640,640,640,640,0
2022-03-23 11:11:00,640,640,640,640,0
2022-03-23 11:12:00,640,640,640,640,0
2022-03-23 11:13:00,640,640,640,640,0
2022-03-23 11:14:00,640,640,640,640,0
2022-03-23 11:15:00,640,640,640,640,0
2022-03-23 11:16:00,640,640,640,640,0
2022-03-23 11:17:00,640,640,640,640,0
2022-03-23 11:18:00,640,640,640,640,20400
2022-03-23 11:19:00,640,640,640,640,0
2022-03-23 11:20:00,640,640,640,640,0
2022-03-23 11:21:00,640,640,640,640,0
2022-03-23 11:22:00,640,640,640,640,0
2022-03-23 11:23:00,640,640,640,640,0
2022-03-23 11:24:00,640,640,640,640,0
2022-03-23 11:25:00,640,640,640,640,0
2022-03-23 11:26:00,640,640,640,640,0
2022-03-23 11:27:00,640,640,640,640,0
2022-03-23 11:28:00,640,640,640,640,0
2022-03-23 11:29:00,640,640,640,640,0
2022-03-23 11:30:00,640,640,640,640,0
2022-03-23 11:31:00,640,640,640,640,0
2022-03-23 11:32:00,640,640,640,640,0
2022-03-23 11:33:00,640,640,640,640,0
2022-03-23 11:34:00,640,640,640,640,0
2022-03-23 11:35:00,640,640,640,640,0
2022-03-23 11:36:00,640,640,640,640,0
2022-03-23 11:37:00,640,640,640,640,0
2022-03-23 11:38:00,640,640,640,640,0
2022-03-23 11:39:00,640,640,640,640,0
2022-03-23 11:40:00,640,640,640,640,0
2022-03-23 11:41:00,640,640,640,640,0
2022-03-23 11:42:00,640,640,640,640,0
2022-03-23 11:43:00,640,640,640,640,0
2022-03-23 11:44:00,640,640,640,640,0
2022-03-23 11:45:00,640,640,640,640,0
2022-03-23 11:46:00,640,640,640,640,0
2022-03-23 11:47:00,640,640,640,640,0
2022-03-23 11:48:00,640,640,640,640,0
2022-03-23 11:49:00,640,640,640,640,0
2022-03-23 11:50:00,640,640,640,640,0
2022-03-23 11:51:00,640,640,640,640,0
2022-03-23 11:52:00,640,640,640,640,0
2022-03-23 11:53:00,640,640,640,640,0
2022-03-23 11:54:00,640,640,640,640,0
2022-03-23 11:55:00,640,640,640,640,0
2022-03-23 11:56:00,640,640,640,640,0
2022-03-23 11:57:00,640,640,640,640,0
2022-03-23 11:58:00,640,640,640,640,0
2022-03-23 11:59:00,640,640,640,640,0
2022-03-23 12:00:00,640,640,640,640,0
2022-03-23 12:01:00,640,640,640,640,0
2022-03-23 12:02:00,640,640,640,640,0
2022-03-23 12:03:00,640,640,640,640,0
2022-03-23 12:04:00,640,640,640,640,0
2022-03-23 12:05:00,640,640,640,640,0
2022-03-23 12:06:00,640,640,640,640,0
2022-03-23 12:07:00,640,640,640,640,0
2022-03-23 12:08:00,640,640,640,640,0
2022-03-23 12:09:00,640,640,640,640,0
2022-03-23 12:10:00,640,640,640,640,0
2022-03-23 12:11:00,640,640,640,640,0
2022-03-23 12:12:00,640,640,640,640,0
2022-03-23 12:13:00,640,640,640,640,0
2022-03-23 12:14:00,640,640,640,640,0
2022-03-23 12:15:00,640,640,640,640,0
2022-03-23 12:16:00,640,640,640,640,0
2022-03-23 12:17:00,640,640,640,640,0
2022-03-23 12:18:00,640,640,640,640,0
2022-03-23 12:19:00,640,640,640,640,0
2022-03-23 12:20:00,640,640,640,640,0
2022-03-23 12:21:00,640,640,640,640,0
2022-03-23 12:22:00,640,640,640,640,0
2022-03-23 12:23:00,640,640,640,640,0
2022-03-23 12:24:00,640,640,640,640,0
2022-03-23 12:25:00,640,640,640,640,0
2022-03-23 12:26:00,640,640,640,640,0
2022-03-23 12:27:00,640,640,640,640,0
2022-03-23 12:28:00,640,640,640,640,0
2022-03-23 12:29:00,640,640,640,640,0
2022-03-23 12:30:00,640,640,640,640,0
2022-03-23 12:31:00,640,640,640,640,0
2022-03-23 12:32:00,640,640,640,640,0
2022-03-23 12:33:00,640,640,640,640,0
2022-03-23 12:34:00,640,640,640,640,0
2022-03-23 12:35:00,640,640,640,640,0
2022-03-23 12:36:00,640,640,640,640,0
2022-03-23 12:37:00,640,640,640,640,0
2022-03-23 12:38:00,640,640,640,640,0
2022-03-23 12:39:00,640,640,640,640,0
2022-03-23 12:40:00,640,640,640,640,0
2022-03-23 12:41:00,640,640,640,640,0
2022-03-23 12:42:00,640,640,640,640,0
2022-03-23 12:43:00,640,640,640,640,0
2022-03-23 12:44:00,640,640,640,640,0
2022-03-23 12:45:00,640,640,640,640,0
2022-03-23 12:46:00,640,640,640,640,0
2022-03-23 12:47:00,640,640,640,640,0
2022-03-23 12:48:00,640,640,640,640,0
2022-03-23 12:49:00,640,640,640,640,0
2022-03-23 12:50:00,640,640,640,640,0
2022-03-23 12:51:00,640,640,640,640,0
2022-03-23 12:52:00,640,640,640,640,0
2022-03-23 12:53:00,640,640,640,640,0
2022-03-23 12:54:00,640,640,640,640,0
2022-03-23 12:55:00,640,640,640,640,0
2022-03-23 12:56:00,640,640,640,640,0
2022-03-23 12:57:00,640,640,640,640,0
2022-03-23 12:58:00,640,640,640,640,0
2022-03-23 12:59:00,640,640,640,640,0
2022-03-23 13:00:00,640,640,640,640,0
2022-03-23 13:01:00,640,640,640,640,0
2022-03-23 13:02:00,640,640,640,640,0
2022-03-23 13:03:00,640,640,640,640,0
2022-03-23 13:04:00,640,640,640,640,0
2022-03-23 13:05:00,640,640,640,640,0
2022-03-23 13:06:00,640,640,640,640,0
2022-03-23 13:07:00,640,640,640,640,0
2022-03-23 13:08:00,640,640,640,640,0
2022-03-23 13:09:00,640,640,640,640,0
2022-03-23 13:10:00,640,640,640,640,0
2022-03-23 13:11:00,640,640,640,640,0
2022-03-23 13:12:00,640,640,640,640,0
2022-03-23 13:13:00,640,640,640,640,0
2022-03-23 13:14:00,640,640,640,640,0
2022-03-23 13:15:00,640,640,640,640,0
2022-03-23 13:16:00,640,640,640,640,0
2022-03-23 13:17:00,640,640,640,640,0
2022-03-23 13:18:00,640,640,640,640,0
2022-03-23 13:19:00,640,640,640,640,0
2022-03-23 13:20:00,640,640,640,640,0
2022-03-23 13:21:00,640,640,640,640,0
2022-03-23 13:22:00,640,640,640,640,0
2022-03-23 13:23:00,640,640,640,640,0
2022-03-23 13:24:00,640,640,640,640,0
2022-03-23 13:25:00,640,640,640,640,0
2022-03-23 13:26:00,640,640,640,640,0
2022-03-23 13:27:00,640,640,640,640,0
2022-03-23 13:28:00,640,640,640,640,0
2022-03-23 13:29:00,640,640,640,640,0
2022-03-23 13:30:00,635,635,635,635,1000
2022-03-23 13:31:00,640,640,640,640,300
2022-03-23 13:32:00,640,640,640,640,0
2022-03-23 13:33:00,640,640,640,640,0
2022-03-23 13:34:00,640,640,640,640,0
2022-03-23 13:35:00,640,640,640,640,0
2022-03-23 13:36:00,640,640,640,640,0
2022-03-23 13:37:00,640,640,640,640,0
2022-03-23 13:38:00,640,640,640,640,0
2022-03-23 13:39:00,640,640,640,640,0
2022-03-23 13:40:00,640,640,640,640,0
2022-03-23 13:41:00,640,640,640,640,0
2022-03-23 13:42:00,640,640,640,640,0
2022-03-23 13:43:00,640,640,640,640,0
2022-03-23 13:44:00,640,640,640,640,0
2022-03-23 13:45:00,640,640,640,640,0
2022-03-23 13:46:00,640,640,640,640,0
2022-03-23 13:47:00,640,640,640,640,0
2022-03-23 13:48:00,640,640,640,640,0
2022-03-23 13:49:00,640,640,640,640,0
2022-03-23 13:50:00,640,640,640,640,0
2022-03-23 13:51:00,640,640,640,640,0
2022-03-23 13:52:00,640,640,640,640,0
2022-03-23 13:53:00,640,640,640,640,0
2022-03-23 13:54:00,640,640,640,640,200
2022-03-23 13:55:00,640,640,640,640,0
2022-03-23 13:56:00,640,640,640,640,0
2022-03-23 13:57:00,640,640,640,640,100
2022-03-23 13:58:00,640,640,640,640,0
2022-03-23 13:59:00,640,640,640,640,0
2022-03-23 14:00:00,640,640,640,640,0
2022-03-23 14:01:00,640,640,640,640,0
2022-03-23 14:02:00,640,640,640,640,0
2022-03-23 14:03:00,635,635,635,635,500
2022-03-23 14:04:00,640,640,640,640,300
2022-03-23 14:05:00,640,640,640,640,0
2022-03-23 14:06:00,640,640,640,640,0
2022-03-23 14:07:00,635,635,635,635,6900
2022-03-23 14:08:00,635,635,635,635,0
2022-03-23 14:09:00,635,635,635,635,0
2022-03-23 14:10:00,635,635,635,635,0
2022-03-23 14:11:00,635,635,635,635,1500
2022-03-23 14:12:00,635,635,640,640,1100
2022-03-23 14:13:00,640,640,640,640,300
2022-03-23 14:14:00,640,640,640,640,0
2022-03-23 14:15:00,640,640,640,640,0
2022-03-23 14:16:00,640,640,640,640,0
2022-03-23 14:17:00,640,640,640,640,0
2022-03-23 14:18:00,640,640,640,640,0
2022-03-23 14:19:00,640,640,640,640,0
2022-03-23 14:20:00,640,640,640,640,0
2022-03-23 14:21:00,640,640,640,640,0
2022-03-23 14:22:00,640,640,640,640,0
2022-03-23 14:23:00,640,640,640,640,0
2022-03-23 14:24:00,640,640,640,640,0
2022-03-23 14:25:00,640,640,640,640,0
2022-03-23 14:26:00,640,640,640,640,0
2022-03-23 14:27:00,640,640,640,640,0
2022-03-23 14:28:00,640,640,640,640,0
2022-03-23 14:29:00,640,640,640,640,0
2022-03-23 14:30:00,640,640,640,640,0
2022-03-23 14:31:00,640,640,640,640,0
2022-03-23 14:32:00,640,640,640,640,0
2022-03-23 14:33:00,640,640,640,640,0
2022-03-23 14:34:00,640,640,640,640,0
2022-03-23 14:35:00,640,640,640,640,0
2022-03-23 14:36:00,640,640,640,640,0
2022-03-23 14:37:00,640,640,640,640,0
2022-03-23 14:38:00,640,640,640,640,0
2022-03-23 14:39:00,640,640,640,640,0
2022-03-23 14:40:00,640,640,640,640,0
2022-03-23 14:41:00,640,640,640,640,0
2022-03-23 14:42:00,640,640,640,640,0
2022-03-23 14:43:00,640,640,640,640,0
2022-03-23 14:44:00,640,640,640,640,0
2022-03-23 14:45:00,640,640,640,640,0
2022-03-23 14:46:00,640,640,640,640,0
2022-03-23 14:47:00,640,640,640,640,0
2022-03-23 14:48:00,640,640,640,640,0
2022-03-23 14:49:00,635,635,635,635,700
2022-03-23 14:50:00,635,635,635,635,0
2022-03-23 14:51:00,635,635,635,635,0
2022-03-23 14:52:00,635,635,635,635,0
2022-03-23 14:53:00,635,635,635,635,0
2022-03-23 14:54:00,635,635,635,635,0
2022-03-23 14:55:00,635,635,635,635,0
2022-03-23 14:56:00,635,635,635,635,0
2022-03-23 14:57:00,635,635,635,635,0
2022-03-23 14:58:00,635,635,635,635,0
2022-03-23 14:59:00,635,635,635,635,0
2022-03-23 15:00:00,635,635,635,635,124300
2022-03-23 15:01:00,635,635,635,635,0
2022-03-23 15:02:00,635,635,635,635,800
2022-03-23 15:03:00,635,635,635,635,0
2022-03-23 15:04:00,635,635,635,635,0
2022-03-23 15:05:00,635,635,635,635,0
2022-03-23 15:06:00,635,635,635,635,0
2022-03-23 15:07:00,635,635,635,635,0
2022-03-23 15:08:00,635,635,635,635,1000
2022-03-23 15:09:00,635,635,635,635,0
2022-03-23 15:10:00,635,635,635,635,0
2022-03-23 15:11:00,635,635,635,635,0
2022-03-23 15:12:00,635,635,635,635,200
2022-03-23 15:13:00,635,635,635,635,0
2022-03-23 15:14:00,635,635,635,635,0
2022-03-23 15:15:00,635,635,635,635,0
2022-03-23 15:16:00,635,635,635,635,0
2022-03-23 15:17:00,635,635,635,635,0
2022-03-23 15:18:00,635,635,635,635,0
2022-03-23 15:19:00,635,635,635,635,0
2022-03-23 15:20:00,635,635,635,635,0
2022-03-23 15:21:00,635,635,635,635,0
2022-03-23 15:22:00,635,635,635,635,0
2022-03-23 15:23:00,635,635,635,635,0
2022-03-23 15:24:00,635,635,635,635,0
2022-03-23 15:25:00,635,635,635,635,0
2022-03-23 15:26:00,635,635,635,635,0
2022-03-23 15:27:00,635,635,635,635,0
2022-03-23 15:28:00,635,635,635,635,0
2022-03-23 15:29:00,635,635,635,635,0
2022-03-23 15:30:00,635,635,635,635,0
2022-03-23 15:31:00,635,635,635,635,0
2022-03-23 15:32:00,635,635,635,635,0
2022-03-23 15:33:00,635,635,635,635,0
2022-03-23 15:34:00,635,635,635,635,0
2022-03-23 15:35:00,635,635,635,635,0
2022-03-23 15:36:00,635,635,635,635,0
2022-03-23 15:37:00,635,635,635,635,0
2022-03-23 15:38:00,635,635,635,635,0
2022-03-23 15:39:00,635,635,635,635,0
2022-03-23 15:40:00,635,635,635,635,0
2022-03-23 15:41:00,635,635,635,635,0
2022-03-23 15:42:00,635,635,635,635,0
2022-03-23 15:43:00,635,635,635,635,0
2022-03-23 15:44:00,635,635,635,635,0
2022-03-23 15:45:00,635,635,635,635,0
2022-03-23 15:46:00,635,635,635,635,0
2022-03-23 15:47:00,635,635,635,635,0
2022-03-23 15:48:00,635,635,635,635,0
2022-03-23 15:49:00,635,635,635,635,0
2022-03-23 15:50:00,635,635,635,635,0
2022-03-23 15:51:00,635,635,635,635,0
2022-03-23 15:52:00,635,635,635,635,0
2022-03-23 15:53:00,635,635,635,635,0
2022-03-23 15:54:00,635,635,635,635,0
2022-03-23 15:55:00,635,635,635,635,0
2022-03-23 15:56:00,635,635,635,635,0
2022-03-23 15:57:00,635,635,635,635,0
2022-03-23 15:58:00,635,635,635,635,0
2022-03-23 15:59:00,635,635,635,635,0
2022-03-24 09:00:00,635,635,635,635,0
2022-03-24 09:01:00,635,635,635,635,0
2022-03-24 09:02:00,635,635,635,635,0
2022-03-24 09:03:00,635,635,635,635,200
2022-03-24 09:04:00,635,635,635,635,0
2022-03-24 09:05:00,635,635,635,635,0
2022-03-24 09:06:00,635,635,635,635,0
2022-03-24 09:07:00,635,635,635,635,200
2022-03-24 09:08:00,635,635,635,635,0
2022-03-24 09:09:00,635,635,635,635,0
2022-03-24 09:10:00,635,635,635,635,0
2022-03-24 09:11:00,635,635,635,635,0
2022-03-24 09:12:00,635,635,635,635,0
2022-03-24 09:13:00,635,635,635,635,0
2022-03-24 09:14:00,635,635,635,635,0
2022-03-24 09:15:00,635,635,635,635,0
2022-03-24 09:16:00,635,635,635,635,300
2022-03-24 09:17:00,635,635,635,635,0
2022-03-24 09:18:00,635,635,635,635,200
2022-03-24 09:19:00,635,635,635,635,0
2022-03-24 09:20:00,635,635,635,635,0
2022-03-24 09:21:00,635,635,635,635,0
2022-03-24 09:22:00,635,635,635,635,0
2022-03-24 09:23:00,635,635,635,635,0
2022-03-24 09:24:00,635,635,635,635,0
2022-03-24 09:25:00,635,635,635,635,0
2022-03-24 09:26:00,635,635,635,635,200
2022-03-24 09:27:00,635,635,635,635,0
2022-03-24 09:28:00,635,635,635,635,0
2022-03-24 09:29:00,630,630,630,630,10700
2022-03-24 09:30:00,630,630,630,630,0
2022-03-24 09:31:00,630,630,630,630,0
2022-03-24 09:32:00,630,630,630,630,0
2022-03-24 09:33:00,630,630,630,630,0
2022-03-24 09:34:00,625,620,625,620,48000
2022-03-24 09:35:00,630,630,635,635,45000
2022-03-24 09:36:00,630,630,635,635,0
2022-03-24 09:37:00,630,630,635,635,0
2022-03-24 09:38:00,635,635,635,635,200
2022-03-24 09:39:00,635,635,635,635,0
2022-03-24 09:40:00,635,635,635,635,0
2022-03-24 09:41:00,635,635,635,635,1000
2022-03-24 09:42:00,635,635,635,635,0
2022-03-24 09:43:00,630,630,630,630,11000
2022-03-24 09:44:00,635,635,635,635,200
2022-03-24 09:45:00,635,635,635,635,0
2022-03-24 09:46:00,635,635,635,635,0
2022-03-24 09:47:00,635,635,635,635,0
2022-03-24 09:48:00,635,635,635,635,0
2022-03-24 09:49:00,635,635,635,635,0
2022-03-24 09:50:00,635,635,635,635,200
2022-03-24 09:51:00,635,635,635,635,0
2022-03-24 09:52:00,635,635,635,635,0
2022-03-24 09:53:00,635,635,635,635,0
2022-03-24 09:54:00,635,635,635,635,0
2022-03-24 09:55:00,635,635,635,635,0
2022-03-24 09:56:00,635,635,635,635,0
2022-03-24 09:57:00,635,635,635,635,0
2022-03-24 09:58:00,635,635,635,635,0
2022-03-24 09:59:00,635,635,635,635,0
2022-03-24 10:00:00,635,635,635,635,200
2022-03-24 10:01:00,635,635,635,635,0
2022-03-24 10:02:00,635,635,635,635,0
2022-03-24 10:03:00,635,635,635,635,0
2022-03-24 10:04:00,635,635,635,635,0
2022-03-24 10:05:00,635,635,635,635,0
2022-03-24 10:06:00,635,635,635,635,0
2022-03-24 10:07:00,635,635,635,635,300
2022-03-24 10:08:00,635,635,635,635,0
2022-03-24 10:09:00,635,635,635,635,0
2022-03-24 10:10:00,635,635,635,635,0
2022-03-24 10:11:00,630,630,630,630,5800
2022-03-24 10:12:00,630,630,630,630,0
2022-03-24 10:13:00,635,635,635,635,200
2022-03-24 10:14:00,635,635,635,635,0
2022-03-24 10:15:00,635,635,635,635,3000
2022-03-24 10:16:00,635,635,635,635,0
2022-03-24 10:17:00,635,635,635,635,0
2022-03-24 10:18:00,635,635,635,635,0
2022-03-24 10:19:00,635,635,635,635,0
2022-03-24 10:20:00,635,635,635,635,0
2022-03-24 10:21:00,635,635,635,635,200
2022-03-24 10:22:00,635,635,635,635,0
2022-03-24 10:23:00,635,635,635,635,0
2022-03-24 10:24:00,635,635,635,635,0
2022-03-24 10:25:00,635,635,635,635,0
2022-03-24 10:26:00,635,635,635,635,0
2022-03-24 10:27:00,635,635,635,635,0
2022-03-24 10:28:00,635,635,635,635,0
2022-03-24 10:29:00,635,635,635,635,0
2022-03-24 10:30:00,635,635,635,635,0
2022-03-24 10:31:00,635,635,635,635,0
2022-03-24 10:32:00,630,630,630,630,1600
2022-03-24 10:33:00,635,635,635,635,200
2022-03-24 10:34:00,630,630,630,630,100
2022-03-24 10:35:00,635,635,635,635,200
2022-03-24 10:36:00,630,630,630,630,1000
2022-03-24 10:37:00,635,635,635,635,100
2022-03-24 10:38:00,635,635,635,635,0
2022-03-24 10:39:00,635,635,635,635,0
2022-03-24 10:40:00,635,635,635,635,200
2022-03-24 10:41:00,635,635,635,635,0
2022-03-24 10:42:00,635,635,635,635,0
2022-03-24 10:43:00,635,635,635,635,0
2022-03-24 10:44:00,635,635,635,635,0
2022-03-24 10:45:00,635,635,635,635,0
2022-03-24 10:46:00,635,635,635,635,0
2022-03-24 10:47:00,635,635,635,635,0
2022-03-24 10:48:00,635,635,635,635,0
2022-03-24 10:49:00,635,635,635,635,0
2022-03-24 10:50:00,635,635,635,635,200
2022-03-24 10:51:00,635,635,635,635,0
2022-03-24 10:52:00,635,635,635,635,0
2022-03-24 10:53:00,635,635,635,635,0
2022-03-24 10:54:00,635,635,635,635,0
2022-03-24 10:55:00,635,635,635,635,0
2022-03-24 10:56:00,630,630,630,630,6000
2022-03-24 10:57:00,635,635,635,635,200
2022-03-24 10:58:00,635,635,635,635,0
2022-03-24 10:59:00,635,635,635,635,0
2022-03-24 11:00:00,630,630,630,630,2000
2022-03-24 11:01:00,635,635,635,635,300
2022-03-24 11:02:00,635,635,635,635,0
2022-03-24 11:03:00,635,635,635,635,0
2022-03-24 11:04:00,635,635,635,635,0
2022-03-24 11:05:00,635,635,635,635,0
2022-03-24 11:06:00,635,635,635,635,0
2022-03-24 11:07:00,635,635,635,635,0
2022-03-24 11:08:00,635,635,635,635,0
2022-03-24 11:09:00,635,635,635,635,0
2022-03-24 11:10:00,635,635,635,635,0
2022-03-24 11:11:00,635,635,635,635,0
2022-03-24 11:12:00,635,635,635,635,0
2022-03-24 11:13:00,635,635,635,635,0
2022-03-24 11:14:00,635,635,635,635,200
2022-03-24 11:15:00,635,635,635,635,0
2022-03-24 11:16:00,635,635,635,635,0
2022-03-24 11:17:00,635,635,635,635,0
2022-03-24 11:18:00,635,635,635,635,0
2022-03-24 11:19:00,635,635,635,635,0
2022-03-24 11:20:00,635,635,635,635,0
2022-03-24 11:21:00,635,635,635,635,0
2022-03-24 11:22:00,635,635,635,635,200
2022-03-24 11:23:00,635,635,635,635,0
2022-03-24 11:24:00,635,635,635,635,0
2022-03-24 11:25:00,635,635,635,635,300
2022-03-24 11:26:00,630,630,635,635,800
2022-03-24 11:27:00,630,630,635,635,0
2022-03-24 11:28:00,635,635,635,635,2000
2022-03-24 11:29:00,635,635,635,635,500
2022-03-24 11:30:00,635,635,635,635,0
2022-03-24 11:31:00,635,635,635,635,0
2022-03-24 11:32:00,635,635,635,635,0
2022-03-24 11:33:00,635,635,635,635,0
2022-03-24 11:34:00,635,635,635,635,0
2022-03-24 11:35:00,635,635,635,635,0
2022-03-24 11:36:00,635,635,635,635,0
2022-03-24 11:37:00,635,635,635,635,0
2022-03-24 11:38:00,635,635,635,635,0
2022-03-24 11:39:00,635,635,635,635,0
2022-03-24 11:40:00,635,635,635,635,0
2022-03-24 11:41:00,635,635,635,635,0
2022-03-24 11:42:00,635,635,635,635,0
2022-03-24 11:43:00,635,635,635,635,0
2022-03-24 11:44:00,635,635,635,635,0
2022-03-24 11:45:00,635,635,635,635,0
2022-03-24 11:46:00,635,635,635,635,0
2022-03-24 11:47:00,635,635,635,635,0
2022-03-24 11:48:00,635,635,635,635,0
2022-03-24 11:49:00,635,635,635,635,0
2022-03-24 11:50:00,635,635,635,635,0
2022-03-24 11:51:00,635,635,635,635,0
2022-03-24 11:52:00,635,635,635,635,0
2022-03-24 11:53:00,635,635,635,635,0
2022-03-24 11:54:00,635,635,635,635,0
2022-03-24 11:55:00,635,635,635,635,0
2022-03-24 11:56:00,635,635,635,635,0
2022-03-24 11:57:00,635,635,635,635,0
2022-03-24 11:58:00,635,635,635,635,0
2022-03-24 11:59:00,635,635,635,635,0
2022-03-24 12:00:00,635,635,635,635,0
2022-03-24 12:01:00,635,635,635,635,0
2022-03-24 12:02:00,635,635,635,635,0
2022-03-24 12:03:00,635,635,635,635,0
2022-03-24 12:04:00,635,635,635,635,0
2022-03-24 12:05:00,635,635,635,635,0
2022-03-24 12:06:00,635,635,635,635,0
2022-03-24 12:07:00,635,635,635,635,0
2022-03-24 12:08:00,635,635,635,635,0
2022-03-24 12:09:00,635,635,635,635,0
2022-03-24 12:10:00,635,635,635,635,0
2022-03-24 12:11:00,635,635,635,635,0
2022-03-24 12:12:00,635,635,635,635,0
2022-03-24 12:13:00,635,635,635,635,0
2022-03-24 12:14:00,635,635,635,635,0
2022-03-24 12:15:00,635,635,635,635,0
2022-03-24 12:16:00,635,635,635,635,0
2022-03-24 12:17:00,635,635,635,635,0
2022-03-24 12:18:00,635,635,635,635,0
2022-03-24 12:19:00,635,635,635,635,0
2022-03-24 12:20:00,635,635,635,635,0
2022-03-24 12:21:00,635,635,635,635,0
2022-03-24 12:22:00,635,635,635,635,0
2022-03-24 12:23:00,635,635,635,635,0
2022-03-24 12:24:00,635,635,635,635,0
2022-03-24 12:25:00,635,635,635,635,0
2022-03-24 12:26:00,635,635,635,635,0
2022-03-24 12:27:00,635,635,635,635,0
2022-03-24 12:28:00,635,635,635,635,0
2022-03-24 12:29:00,635,635,635,635,0
2022-03-24 12:30:00,635,635,635,635,0
2022-03-24 12:31:00,635,635,635,635,0
2022-03-24 12:32:00,635,635,635,635,0
2022-03-24 12:33:00,635,635,635,635,0
2022-03-24 12:34:00,635,635,635,635,0
2022-03-24 12:35:00,635,635,635,635,0
2022-03-24 12:36:00,635,635,635,635,0
2022-03-24 12:37:00,635,635,635,635,0
2022-03-24 12:38:00,635,635,635,635,0
2022-03-24 12:39:00,635,635,635,635,0
2022-03-24 12:40:00,635,635,635,635,0
2022-03-24 12:41:00,635,635,635,635,0
2022-03-24 12:42:00,635,635,635,635,0
2022-03-24 12:43:00,635,635,635,635,0
2022-03-24 12:44:00,635,635,635,635,0
2022-03-24 12:45:00,635,635,635,635,0
2022-03-24 12:46:00,635,635,635,635,0
2022-03-24 12:47:00,635,635,635,635,0
2022-03-24 12:48:00,635,635,635,635,0
2022-03-24 12:49:00,635,635,635,635,0
2022-03-24 12:50:00,635,635,635,635,0
2022-03-24 12:51:00,635,635,635,635,0
2022-03-24 12:52:00,635,635,635,635,0
2022-03-24 12:53:00,635,635,635,635,0
2022-03-24 12:54:00,635,635,635,635,0
2022-03-24 12:55:00,635,635,635,635,0
2022-03-24 12:56:00,635,635,635,635,0
2022-03-24 12:57:00,635,635,635,635,0
2022-03-24 12:58:00,635,635,635,635,0
2022-03-24 12:59:00,635,635,635,635,0
2022-03-24 13:00:00,635,635,635,635,0
2022-03-24 13:01:00,635,635,635,635,0
2022-03-24 13:02:00,635,635,635,635,0
2022-03-24 13:03:00,635,635,635,635,0
2022-03-24 13:04:00,635,635,635,635,0
2022-03-24 13:05:00,635,635,635,635,0
2022-03-24 13:06:00,635,635,635,635,0
2022-03-24 13:07:00,635,635,635,635,0
2022-03-24 13:08:00,635,635,635,635,0
2022-03-24 13:09:00,635,635,635,635,0
2022-03-24 13:10:00,635,635,635,635,0
2022-03-24 13:11:00,635,635,635,635,0
2022-03-24 13:12:00,635,635,635,635,0
2022-03-24 13:13:00,635,635,635,635,0
2022-03-24 13:14:00,635,635,635,635,0
2022-03-24 13:15:00,635,635,635,635,0
2022-03-24 13:16:00,635,635,635,635,0
2022-03-24 13:17:00,635,635,635,635,0
2022-03-24 13:18:00,635,635,635,635,0
2022-03-24 13:19:00,635,635,635,635,0
2022-03-24 13:20:00,635,635,635,635,0
2022-03-24 13:21:00,635,635,635,635,0
2022-03-24 13:22:00,635,635,635,635,0
2022-03-24 13:23:00,635,635,635,635,0
2022-03-24 13:24:00,635,635,635,635,0
2022-03-24 13:25:00,635,635,635,635,0
2022-03-24 13:26:00,635,635,635,635,0
2022-03-24 13:27:00,635,635,635,635,0
2022-03-24 13:28:00,635,635,635,635,0
2022-03-24 13:29:00,635,635,635,635,0
2022-03-24 13:30:00,635,620,635,635,132500
2022-03-24 13:31:00,630,630,630,630,200
2022-03-24 13:32:00,630,630,635,635,5200
2022-03-24 13:33:00,630,625,630,625,1400
2022-03-24 13:34:00,630,625,630,625,0
2022-03-24 13:35:00,635,635,635,635,200
2022-03-24 13:36:00,635,635,635,635,200
2022-03-24 13:37:00,635,635,635,635,0
2022-03-24 13:38:00,635,635,635,635,0
2022-03-24 13:39:00,635,635,635,635,0
2022-03-24 13:40:00,635,635,635,635,0
2022-03-24 13:41:00,635,635,635,635,0
2022-03-24 13:42:00,635,635,635,635,0
2022-03-24 13:43:00,635,635,635,635,0
2022-03-24 13:44:00,635,635,635,635,0
2022-03-24 13:45:00,635,635,635,635,0
2022-03-24 13:46:00,635,635,635,635,0
2022-03-24 13:47:00,635,635,635,635,0
2022-03-24 13:48:00,635,635,635,635,0
2022-03-24 13:49:00,635,635,635,635,0
2022-03-24 13:50:00,630,625,630,625,15000
2022-03-24 13:51:00,630,630,630,630,300
2022-03-24 13:52:00,630,630,630,630,0
2022-03-24 13:53:00,630,630,630,630,2100
2022-03-24 13:54:00,630,630,630,630,2000
2022-03-24 13:55:00,630,625,630,630,500
2022-03-24 13:56:00,630,625,630,630,0
2022-03-24 13:57:00,630,625,630,630,0
2022-03-24 13:58:00,630,625,630,630,0
2022-03-24 13:59:00,630,630,635,635,7000
2022-03-24 14:00:00,635,635,635,635,400
2022-03-24 14:01:00,635,635,635,635,0
2022-03-24 14:02:00,635,635,635,635,0
2022-03-24 14:03:00,630,630,630,630,5000
2022-03-24 14:04:00,635,635,635,635,300
2022-03-24 14:05:00,635,635,645,645,80000
2022-03-24 14:06:00,635,635,645,645,0
2022-03-24 14:07:00,645,645,645,645,200
2022-03-24 14:08:00,640,640,645,645,600
2022-03-24 14:09:00,645,640,645,640,1500
2022-03-24 14:10:00,645,645,645,645,400
2022-03-24 14:11:00,640,640,640,640,600
2022-03-24 14:12:00,645,645,645,645,200
2022-03-24 14:13:00,645,645,645,645,1000
2022-03-24 14:14:00,645,645,645,645,0
2022-03-24 14:15:00,645,645,645,645,0
2022-03-24 14:16:00,645,645,645,645,0
2022-03-24 14:17:00,645,645,645,645,0
2022-03-24 14:18:00,645,645,645,645,0
2022-03-24 14:19:00,645,645,645,645,0
2022-03-24 14:20:00,640,640,645,645,700
2022-03-24 14:21:00,640,640,645,645,0
2022-03-24 14:22:00,640,640,645,645,0
2022-03-24 14:23:00,640,640,640,640,100
2022-03-24 14:24:00,645,645,645,645,200
2022-03-24 14:25:00,645,645,645,645,0
2022-03-24 14:26:00,640,640,645,645,1200
2022-03-24 14:27:00,640,640,645,645,0
2022-03-24 14:28:00,640,640,640,640,300
2022-03-24 14:29:00,640,640,645,645,1900
2022-03-24 14:30:00,640,640,640,640,300
2022-03-24 14:31:00,640,640,640,640,0
2022-03-24 14:32:00,640,640,640,640,0
2022-03-24 14:33:00,640,640,640,640,300
2022-03-24 14:34:00,640,640,640,640,2400
2022-03-24 14:35:00,640,640,640,640,0
2022-03-24 14:36:00,640,640,640,640,3000
2022-03-24 14:37:00,640,640,640,640,0
2022-03-24 14:38:00,640,640,640,640,500
2022-03-24 14:39:00,640,640,640,640,1100
2022-03-24 14:40:00,640,640,640,640,600
2022-03-24 14:41:00,640,640,640,640,400
2022-03-24 14:42:00,640,640,640,640,200
2022-03-24 14:43:00,640,640,640,640,300
2022-03-24 14:44:00,640,640,640,640,0
2022-03-24 14:45:00,640,640,640,640,500
2022-03-24 14:46:00,640,640,640,640,0
2022-03-24 14:47:00,640,640,640,640,300
2022-03-24 14:48:00,640,640,640,640,300
2022-03-24 14:49:00,640,640,640,640,1300
2022-03-24 14:50:00,640,640,640,640,0
2022-03-24 14:51:00,640,640,640,640,0
2022-03-24 14:52:00,640,640,640,640,0
2022-03-24 14:53:00,640,640,640,640,0
2022-03-24 14:54:00,640,640,640,640,0
2022-03-24 14:55:00,640,640,640,640,0
2022-03-24 14:56:00,640,640,640,640,0
2022-03-24 14:57:00,640,640,640,640,0
2022-03-24 14:58:00,640,640,640,640,0
2022-03-24 14:59:00,640,640,640,640,0
2022-03-24 15:00:00,640,640,640,640,107000
2022-03-24 15:01:00,640,640,640,640,0
2022-03-24 15:02:00,640,640,640,640,0
2022-03-24 15:03:00,640,640,640,640,0
2022-03-24 15:04:00,640,640,640,640,800
2022-03-24 15:05:00,640,640,640,640,0
2022-03-24 15:06:00,640,640,640,640,0
2022-03-24 15:07:00,640,640,640,640,0
2022-03-24 15:08:00,640,640,640,640,0
2022-03-24 15:09:00,640,640,640,640,0
2022-03-24 15:10:00,640,640,640,640,0
2022-03-24 15:11:00,640,640,640,640,0
2022-03-24 15:12:00,640,640,640,640,1800
2022-03-24 15:13:00,640,640,640,640,0
2022-03-24 15:14:00,640,640,640,640,0
2022-03-24 15:15:00,640,640,640,640,0
2022-03-24 15:16:00,640,640,640,640,0
2022-03-24 15:17:00,640,640,640,640,0
2022-03-24 15:18:00,640,640,640,640,0
2022-03-24 15:19:00,640,640,640,640,0
2022-03-24 15:20:00,640,640,640,640,0
2022-03-24 15:21:00,640,640,640,640,0
2022-03-24 15:22:00,640,640,640,640,0
2022-03-24 15:23:00,640,640,640,640,0
2022-03-24 15:24:00,640,640,640,640,0
2022-03-24 15:25:00,640,640,640,640,0
2022-03-24 15:26:00,640,640,640,640,0
2022-03-24 15:27:00,640,640,640,640,0
2022-03-24 15:28:00,640,640,640,640,0
2022-03-24 15:29:00,640,640,640,640,0
2022-03-24 15:30:00,640,640,640,640,0
2022-03-24 15:31:00,640,640,640,640,0
2022-03-24 15:32:00,640,640,640,640,0
2022-03-24 15:33:00,640,640,640,640,0
2022-03-24 15:34:00,640,640,640,640,0
2022-03-24 15:35:00,640,640,640,640,0
2022-03-24 15:36:00,640,640,640,640,0
2022-03-24 15:37:00,640,640,640,640,0
2022-03-24 15:38:00,640,640,640,640,0
2022-03-24 15:39:00,640,640,640,640,0
2022-03-24 15:40:00,640,640,640,640,0
2022-03-24 15:41:00,640,640,640,640,0
2022-03-24 15:42:00,640,640,640,640,0
2022-03-24 15:43:00,640,640,640,640,0
2022-03-24 15:44:00,640,640,640,640,0
2022-03-24 15:45:00,640,640,640,640,0
2022-03-24 15:46:00,640,640,640,640,0
2022-03-24 15:47:00,640,640,640,640,0
2022-03-24 15:48:00,640,640,640,640,0
2022-03-24 15:49:00,640,640,640,640,0
2022-03-24 15:50:00,640,640,640,640,0
2022-03-24 15:51:00,640,640,640,640,0
2022-03-24 15:52:00,640,640,640,640,0
2022-03-24 15:53:00,640,640,640,640,0
2022-03-24 15:54:00,640,640,640,640,0
2022-03-24 15:55:00,640,640,640,640,0
2022-03-24 15:56:00,640,640,640,640,0
2022-03-24 15:57:00,640,640,640,640,0
2022-03-24 15:58:00,640,640,640,640,0
2022-03-24 15:59:00,640,640,640,640,0
2022-03-25 09:00:00,630,630,630,630,0
2022-03-25 09:01:00,630,630,630,630,0
2022-03-25 09:02:00,630,630,630,630,1900
2022-03-25 09:03:00,640,640,640,640,300
2022-03-25 09:04:00,640,640,645,645,4900
2022-03-25 09:05:00,640,640,645,645,0
2022-03-25 09:06:00,640,640,645,645,0
2022-03-25 09:07:00,645,645,645,645,200
2022-03-25 09:08:00,640,640,640,640,1100
2022-03-25 09:09:00,640,640,640,640,0
2022-03-25 09:10:00,640,640,640,640,500
2022-03-25 09:11:00,640,640,640,640,0
2022-03-25 09:12:00,640,640,640,640,0
2022-03-25 09:13:00,640,640,640,640,0
2022-03-25 09:14:00,640,640,640,640,0
2022-03-25 09:15:00,640,640,640,640,0
2022-03-25 09:16:00,640,640,640,640,0
2022-03-25 09:17:00,640,640,640,640,0
2022-03-25 09:18:00,640,640,640,640,0
2022-03-25 09:19:00,640,640,640,640,0
2022-03-25 09:20:00,640,640,640,640,0
2022-03-25 09:21:00,640,640,640,640,0
2022-03-25 09:22:00,640,640,640,640,0
2022-03-25 09:23:00,640,640,640,640,0
2022-03-25 09:24:00,640,640,640,640,0
2022-03-25 09:25:00,640,640,640,640,0
2022-03-25 09:26:00,640,640,640,640,0
2022-03-25 09:27:00,640,640,640,640,0
2022-03-25 09:28:00,640,640,640,640,0
2022-03-25 09:29:00,640,640,640,640,0
2022-03-25 09:30:00,640,640,640,640,0
2022-03-25 09:31:00,640,640,640,640,0
2022-03-25 09:32:00,640,640,640,640,0
2022-03-25 09:33:00,640,640,640,640,0
2022-03-25 09:34:00,640,640,640,640,0
2022-03-25 09:35:00,640,640,640,640,0
2022-03-25 09:36:00,640,640,640,640,0
2022-03-25 09:37:00,640,640,640,640,0
2022-03-25 09:38:00,640,640,640,640,0
2022-03-25 09:39:00,640,640,640,640,0
2022-03-25 09:40:00,640,640,640,640,0
2022-03-25 09:41:00,640,640,640,640,0
2022-03-25 09:42:00,640,640,640,640,0
2022-03-25 09:43:00,640,640,640,640,0
2022-03-25 09:44:00,635,635,635,635,1000
2022-03-25 09:45:00,640,640,640,640,300
2022-03-25 09:46:00,640,640,640,640,0
2022-03-25 09:47:00,640,640,640,640,0
2022-03-25 09:48:00,640,640,640,640,0
2022-03-25 09:49:00,640,640,640,640,0
2022-03-25 09:50:00,640,640,640,640,0
2022-03-25 09:51:00,640,640,640,640,0
2022-03-25 09:52:00,640,640,640,640,0
2022-03-25 09:53:00,640,640,640,640,0
2022-03-25 09:54:00,640,640,640,640,0
2022-03-25 09:55:00,640,640,640,640,0
2022-03-25 09:56:00,640,640,640,640,0
2022-03-25 09:57:00,640,640,640,640,0
2022-03-25 09:58:00,635,635,635,635,600
2022-03-25 09:59:00,630,630,630,630,100
2022-03-25 10:00:00,630,630,630,630,0
2022-03-25 10:01:00,635,635,635,635,200
2022-03-25 10:02:00,635,635,640,640,4400
2022-03-25 10:03:00,640,640,640,640,200
2022-03-25 10:04:00,640,640,640,640,0
2022-03-25 10:05:00,640,640,640,640,0
2022-03-25 10:06:00,640,640,640,640,0
2022-03-25 10:07:00,640,640,640,640,0
2022-03-25 10:08:00,635,635,635,635,600
2022-03-25 10:09:00,635,635,635,635,0
2022-03-25 10:10:00,635,635,635,635,500
2022-03-25 10:11:00,635,635,635,635,300
2022-03-25 10:12:00,635,635,635,635,700
2022-03-25 10:13:00,635,635,635,635,0
2022-03-25 10:14:00,635,635,635,635,0
2022-03-25 10:15:00,635,635,635,635,0
2022-03-25 10:16:00,635,635,635,635,0
2022-03-25 10:17:00,635,635,635,635,0
2022-03-25 10:18:00,635,635,635,635,0
2022-03-25 10:19:00,635,635,640,640,10200
2022-03-25 10:20:00,635,635,640,640,0
2022-03-25 10:21:00,635,635,640,640,1400
2022-03-25 10:22:00,640,640,640,640,200
2022-03-25 10:23:00,640,640,640,640,0
2022-03-25 10:24:00,640,640,640,640,0
2022-03-25 10:25:00,640,640,640,640,0
2022-03-25 10:26:00,640,640,640,640,0
2022-03-25 10:27:00,640,640,640,640,0
2022-03-25 10:28:00,640,640,640,640,0
2022-03-25 10:29:00,640,640,640,640,0
2022-03-25 10:30:00,640,640,640,640,0
2022-03-25 10:31:00,640,640,640,640,0
2022-03-25 10:32:00,640,640,640,640,0
2022-03-25 10:33:00,640,640,640,640,0
2022-03-25 10:34:00,640,640,640,640,0
2022-03-25 10:35:00,640,640,640,640,0
2022-03-25 10:36:00,640,640,640,640,0
2022-03-25 10:37:00,640,640,640,640,0
2022-03-25 10:38:00,640,640,640,640,0
2022-03-25 10:39:00,640,640,640,640,0
2022-03-25 10:40:00,640,640,640,640,0
2022-03-25 10:41:00,640,640,640,640,0
2022-03-25 10:42:00,640,640,640,640,0
2022-03-25 10:43:00,640,640,640,640,0
2022-03-25 10:44:00,640,640,640,640,0
2022-03-25 10:45:00,640,640,640,640,0
2022-03-25 10:46:00,635,635,635,635,500
2022-03-25 10:47:00,640,640,640,640,200
2022-03-25 10:48:00,640,640,640,640,0
2022-03-25 10:49:00,640,640,640,640,0
2022-03-25 10:50:00,640,640,640,640,0
2022-03-25 10:51:00,640,640,640,640,0
2022-03-25 10:52:00,635,635,635,635,100
2022-03-25 10:53:00,640,640,640,640,400
2022-03-25 10:54:00,640,640,640,640,0
2022-03-25 10:55:00,640,640,640,640,0
2022-03-25 10:56:00,640,640,640,640,0
2022-03-25 10:57:00,640,640,640,640,0
2022-03-25 10:58:00,640,640,640,640,0
2022-03-25 10:59:00,640,640,640,640,0
2022-03-25 11:00:00,640,640,640,640,0
2022-03-25 11:01:00,640,640,640,640,0
2022-03-25 11:02:00,640,640,640,640,0
2022-03-25 11:03:00,640,640,640,640,0
2022-03-25 11:04:00,640,640,640,640,0
2022-03-25 11:05:00,640,640,640,640,0
2022-03-25 11:06:00,640,640,640,640,0
2022-03-25 11:07:00,640,640,640,640,0
2022-03-25 11:08:00,635,635,635,635,5600
2022-03-25 11:09:00,635,635,635,635,0
2022-03-25 11:10:00,630,625,630,625,19000
2022-03-25 11:11:00,635,635,635,635,300
2022-03-25 11:12:00,635,635,635,635,0
2022-03-25 11:13:00,630,620,630,620,40000
2022-03-25 11:14:00,635,635,635,635,300
2022-03-25 11:15:00,635,635,635,635,0
2022-03-25 11:16:00,635,635,635,635,0
2022-03-25 11:17:00,635,635,635,635,400
2022-03-25 11:18:00,630,630,630,630,500
2022-03-25 11:19:00,630,630,630,630,300
2022-03-25 11:20:00,630,620,635,635,58100
2022-03-25 11:21:00,635,635,635,635,3200
2022-03-25 11:22:00,640,640,640,640,200
2022-03-25 11:23:00,640,640,640,640,200
2022-03-25 11:24:00,640,640,640,640,0
2022-03-25 11:25:00,635,635,635,635,1300
2022-03-25 11:26:00,635,635,635,635,400
2022-03-25 11:27:00,635,635,635,635,300
2022-03-25 11:28:00,635,635,635,635,300
2022-03-25 11:29:00,635,635,635,635,300
2022-03-25 11:30:00,635,635,635,635,0
2022-03-25 11:31:00,635,635,635,635,0
2022-03-25 11:32:00,635,635,635,635,0
2022-03-25 11:33:00,635,635,635,635,0
2022-03-25 11:34:00,635,635,635,635,0
2022-03-25 11:35:00,635,635,635,635,0
2022-03-25 11:36:00,635,635,635,635,0
2022-03-25 11:37:00,635,635,635,635,0
2022-03-25 11:38:00,635,635,635,635,0
2022-03-25 11:39:00,635,635,635,635,0
2022-03-25 11:40:00,635,635,635,635,0
2022-03-25 11:41:00,635,635,635,635,0
2022-03-25 11:42:00,635,635,635,635,0
2022-03-25 11:43:00,635,635,635,635,0
2022-03-25 11:44:00,635,635,635,635,0
2022-03-25 11:45:00,635,635,635,635,0
2022-03-25 11:46:00,635,635,635,635,0
2022-03-25 11:47:00,635,635,635,635,0
2022-03-25 11:48:00,635,635,635,635,0
2022-03-25 11:49:00,635,635,635,635,0
2022-03-25 11:50:00,635,635,635,635,0
2022-03-25 11:51:00,635,635,635,635,0
2022-03-25 11:52:00,635,635,635,635,0
2022-03-25 11:53:00,635,635,635,635,0
2022-03-25 11:54:00,635,635,635,635,0
2022-03-25 11:55:00,635,635,635,635,0
2022-03-25 11:56:00,635,635,635,635,0
2022-03-25 11:57:00,635,635,635,635,0
2022-03-25 11:58:00,635,635,635,635,0
2022-03-25 11:59:00,635,635,635,635,0
2022-03-25 12:00:00,635,635,635,635,0
2022-03-25 12:01:00,635,635,635,635,0
2022-03-25 12:02:00,635,635,635,635,0
2022-03-25 12:03:00,635,635,635,635,0
2022-03-25 12:04:00,635,635,635,635,0
2022-03-25 12:05:00,635,635,635,635,0
2022-03-25 12:06:00,635,635,635,635,0
2022-03-25 12:07:00,635,635,635,635,0
2022-03-25 12:08:00,635,635,635,635,0
2022-03-25 12:09:00,635,635,635,635,0
2022-03-25 12:10:00,635,635,635,635,0
2022-03-25 12:11:00,635,635,635,635,0
2022-03-25 12:12:00,635,635,635,635,0
2022-03-25 12:13:00,635,635,635,635,0
2022-03-25 12:14:00,635,635,635,635,0
2022-03-25 12:15:00,635,635,635,635,0
2022-03-25 12:16:00,635,635,635,635,0
2022-03-25 12:17:00,635,635,635,635,0
2022-03-25 12:18:00,635,635,635,635,0
2022-03-25 12:19:00,635,635,635,635,0
2022-03-25 12:20:00,635,635,635,635,0
2022-03-25 12:21:00,635,635,635,635,0
2022-03-25 12:22:00,635,635,635,635,0
2022-03-25 12:23:00,635,635,635,635,0
2022-03-25 12:24:00,635,635,635,635,0
2022-03-25 12:25:00,635,635,635,635,0
2022-03-25 12:26:00,635,635,635,635,0
2022-03-25 12:27:00,635,635,635,635,0
2022-03-25 12:28:00,635,635,635,635,0
2022-03-25 12:29:00,635,635,635,635,0
2022-03-25 12:30:00,635,635,635,635,0
2022-03-25 12:31:00,635,635,635,635,0
2022-03-25 12:32:00,635,635,635,635,0
2022-03-25 12:33:00,635,635,635,635,0
2022-03-25 12:34:00,635,635,635,635,0
2022-03-25 12:35:00,635,635,635,635,0
2022-03-25 12:36:00,635,635,635,635,0
2022-03-25 12:37:00,635,635,635,635,0
2022-03-25 12:38:00,635,635,635,635,0
2022-03-25 12:39:00,635,635,635,635,0
2022-03-25 12:40:00,635,635,635,635,0
2022-03-25 12:41:00,635,635,635,635,0
2022-03-25 12:42:00,635,635,635,635,0
2022-03-25 12:43:00,635,635,635,635,0
2022-03-25 12:44:00,635,635,635,635,0
2022-03-25 12:45:00,635,635,635,635,0
2022-03-25 12:46:00,635,635,635,635,0
2022-03-25 12:47:00,635,635,635,635,0
2022-03-25 12:48:00,635,635,635,635,0
2022-03-25 12:49:00,635,635,635,635,0
2022-03-25 12:50:00,635,635,635,635,0
2022-03-25 12:51:00,635,635,635,635,0
2022-03-25 12:52:00,635,635,635,635,0
2022-03-25 12:53:00,635,635,635,635,0
2022-03-25 12:54:00,635,635,635,635,0
2022-03-25 12:55:00,635,635,635,635,0
2022-03-25 12:56:00,635,635,635,635,0
2022-03-25 12:57:00,635,635,635,635,0
2022-03-25 12:58:00,635,635,635,635,0
2022-03-25 12:59:00,635,635,635,635,0
2022-03-25 13:00:00,635,635,635,635,0
2022-03-25 13:01:00,635,635,635,635,0
2022-03-25 13:02:00,635,635,635,635,0
2022-03-25 13:03:00,635,635,635,635,0
2022-03-25 13:04:00,635,635,635,635,0
2022-03-25 13:05:00,635,635,635,635,0
2022-03-25 13:06:00,635,635,635,635,0
2022-03-25 13:07:00,635,635,635,635,0
2022-03-25 13:08:00,635,635,635,635,0
2022-03-25 13:09:00,635,635,635,635,0
2022-03-25 13:10:00,635,635,635,635,0
2022-03-25 13:11:00,635,635,635,635,0
2022-03-25 13:12:00,635,635,635,635,0
2022-03-25 13:13:00,635,635,635,635,0
2022-03-25 13:14:00,635,635,635,635,0
2022-03-25 13:15:00,635,635,635,635,0
2022-03-25 13:16:00,635,635,635,635,0
2022-03-25 13:17:00,635,635,635,635,0
2022-03-25 13:18:00,635,635,635,635,0
2022-03-25 13:19:00,635,635,635,635,0
2022-03-25 13:20:00,635,635,635,635,0
2022-03-25 13:21:00,635,635,635,635,0
2022-03-25 13:22:00,635,635,635,635,0
2022-03-25 13:23:00,635,635,635,635,0
2022-03-25 13:24:00,635,635,635,635,0
2022-03-25 13:25:00,635,635,635,635,0
2022-03-25 13:26:00,635,635,635,635,0
2022-03-25 13:27:00,635,635,635,635,0
2022-03-25 13:28:00,635,635,635,635,0
2022-03-25 13:29:00,635,635,635,635,0
2022-03-25 13:30:00,635,635,635,635,1100
2022-03-25 13:31:00,635,635,635,635,0
2022-03-25 13:32:00,635,635,635,635,0
2022-03-25 13:33:00,635,635,635,635,0
2022-03-25 13:34:00,635,635,635,635,0
2022-03-25 13:35:00,635,635,635,635,0
2022-03-25 13:36:00,635,635,635,635,0
2022-03-25 13:37:00,635,635,635,635,0
2022-03-25 13:38:00,635,635,635,635,0
2022-03-25 13:39:00,635,635,635,635,0
2022-03-25 13:40:00,635,635,635,635,0
2022-03-25 13:41:00,635,635,635,635,0
2022-03-25 13:42:00,635,635,635,635,0
2022-03-25 13:43:00,635,635,635,635,0
2022-03-25 13:44:00,635,635,635,635,0
2022-03-25 13:45:00,635,635,635,635,0
2022-03-25 13:46:00,635,635,635,635,0
2022-03-25 13:47:00,635,635,635,635,0
2022-03-25 13:48:00,635,635,635,635,0
2022-03-25 13:49:00,635,635,635,635,0
2022-03-25 13:50:00,635,635,635,635,0
2022-03-25 13:51:00,635,635,635,635,0
2022-03-25 13:52:00,635,635,635,635,0
2022-03-25 13:53:00,635,635,635,635,0
2022-03-25 13:54:00,635,635,635,635,0
2022-03-25 13:55:00,635,635,635,635,0
2022-03-25 13:56:00,635,635,635,635,0
2022-03-25 13:57:00,635,635,635,635,0
2022-03-25 13:58:00,635,635,635,635,0
2022-03-25 13:59:00,635,635,635,635,0
2022-03-25 14:00:00,635,635,635,635,0
2022-03-25 14:01:00,635,635,635,635,0
2022-03-25 14:02:00,635,635,635,635,0
2022-03-25 14:03:00,635,635,635,635,0
2022-03-25 14:04:00,635,635,635,635,0
2022-03-25 14:05:00,635,635,635,635,300
2022-03-25 14:06:00,635,635,635,635,0
2022-03-25 14:07:00,635,635,635,635,0
2022-03-25 14:08:00,635,635,635,635,0
2022-03-25 14:09:00,635,635,635,635,0
2022-03-25 14:10:00,635,635,635,635,0
2022-03-25 14:11:00,635,635,635,635,0
2022-03-25 14:12:00,635,635,635,635,0
2022-03-25 14:13:00,635,635,635,635,0
2022-03-25 14:14:00,635,630,635,630,5300
2022-03-25 14:15:00,635,635,635,635,300
2022-03-25 14:16:00,635,635,635,635,0
2022-03-25 14:17:00,635,635,635,635,0
2022-03-25 14:18:00,635,635,635,635,0
2022-03-25 14:19:00,635,635,635,635,0
2022-03-25 14:20:00,635,635,635,635,0
2022-03-25 14:21:00,630,630,630,630,600
2022-03-25 14:22:00,630,630,630,630,0
2022-03-25 14:23:00,630,630,630,630,0
2022-03-25 14:24:00,630,630,630,630,0
2022-03-25 14:25:00,630,630,630,630,0
2022-03-25 14:26:00,630,630,630,630,0
2022-03-25 14:27:00,630,630,635,635,12500
2022-03-25 14:28:00,630,630,635,635,0
2022-03-25 14:29:00,635,635,635,635,200
2022-03-25 14:30:00,635,635,635,635,0
2022-03-25 14:31:00,635,635,635,635,0
2022-03-25 14:32:00,635,635,635,635,0
2022-03-25 14:33:00,635,635,635,635,0
2022-03-25 14:34:00,635,635,635,635,0
2022-03-25 14:35:00,635,635,635,635,0
2022-03-25 14:36:00,635,635,635,635,0
2022-03-25 14:37:00,635,635,635,635,0
2022-03-25 14:38:00,635,635,635,635,100
2022-03-25 14:39:00,635,635,635,635,200
2022-03-25 14:40:00,635,635,635,635,300
2022-03-25 14:41:00,635,635,635,635,0
2022-03-25 14:42:00,635,635,635,635,200
2022-03-25 14:43:00,635,635,635,635,0
2022-03-25 14:44:00,630,630,635,635,1900
2022-03-25 14:45:00,635,635,635,635,200
2022-03-25 14:46:00,635,635,635,635,700
2022-03-25 14:47:00,635,635,635,635,700
2022-03-25 14:48:00,635,635,635,635,700
2022-03-25 14:49:00,635,635,635,635,900
2022-03-25 14:50:00,635,635,635,635,0
2022-03-25 14:51:00,635,635,635,635,0
2022-03-25 14:52:00,635,635,635,635,0
2022-03-25 14:53:00,635,635,635,635,0
2022-03-25 14:54:00,635,635,635,635,0
2022-03-25 14:55:00,635,635,635,635,0
2022-03-25 14:56:00,635,635,635,635,0
2022-03-25 14:57:00,635,635,635,635,0
2022-03-25 14:58:00,635,635,635,635,0
2022-03-25 14:59:00,635,635,635,635,0
2022-03-25 15:00:00,615,615,615,615,73900
2022-03-25 15:01:00,615,615,615,615,27100
2022-03-25 15:02:00,615,615,615,615,0
2022-03-25 15:03:00,615,615,615,615,0
2022-03-25 15:04:00,615,615,615,615,0
2022-03-25 15:05:00,615,615,615,615,0
2022-03-25 15:06:00,615,615,615,615,60100
2022-03-25 15:07:00,615,615,615,615,0
2022-03-25 15:08:00,615,615,615,615,0
2022-03-25 15:09:00,615,615,615,615,0
2022-03-25 15:10:00,615,615,615,615,0
2022-03-25 15:11:00,615,615,615,615,0
2022-03-25 15:12:00,615,615,615,615,2500
2022-03-25 15:13:00,615,615,615,615,0
2022-03-25 15:14:00,615,615,615,615,0
2022-03-25 15:15:00,615,615,615,615,0
2022-03-25 15:16:00,615,615,615,615,0
2022-03-25 15:17:00,615,615,615,615,0
2022-03-25 15:18:00,615,615,615,615,0
2022-03-25 15:19:00,615,615,615,615,0
2022-03-25 15:20:00,615,615,615,615,0
2022-03-25 15:21:00,615,615,615,615,0
2022-03-25 15:22:00,615,615,615,615,0
2022-03-25 15:23:00,615,615,615,615,0
2022-03-25 15:24:00,615,615,615,615,0
2022-03-25 15:25:00,615,615,615,615,0
2022-03-25 15:26:00,615,615,615,615,0
2022-03-25 15:27:00,615,615,615,615,0
2022-03-25 15:28:00,615,615,615,615,0
2022-03-25 15:29:00,615,615,615,615,0
2022-03-25 15:30:00,615,615,615,615,0
2022-03-25 15:31:00,615,615,615,615,0
2022-03-25 15:32:00,615,615,615,615,0
2022-03-25 15:33:00,615,615,615,615,0
2022-03-25 15:34:00,615,615,615,615,0
2022-03-25 15:35:00,615,615,615,615,0
2022-03-25 15:36:00,615,615,615,615,0
2022-03-25 15:37:00,615,615,615,615,0
2022-03-25 15:38:00,615,615,615,615,0
2022-03-25 15:39:00,615,615,615,615,0
2022-03-25 15:40:00,615,615,615,615,0
2022-03-25 15:41:00,615,615,615,615,0
2022-03-25 15:42:00,615,615,615,615,0
2022-03-25 15:43:00,615,615,615,615,0
2022-03-25 15:44:00,615,615,615,615,0
2022-03-25 15:45:00,615,615,615,615,0
2022-03-25 15:46:00,615,615,615,615,0
2022-03-25 15:47:00,615,615,615,615,0
2022-03-25 15:48:00,615,615,615,615,0
2022-03-25 15:49:00,615,615,615,615,0
2022-03-25 15:50:00,615,615,615,615,0
2022-03-25 15:51:00,615,615,615,615,0
2022-03-25 15:52:00,615,615,615,615,0
2022-03-25 15:53:00,615,615,615,615,0
2022-03-25 15:54:00,615,615,615,615,0
2022-03-25 15:55:00,615,615,615,615,0
2022-03-25 15:56:00,615,615,615,615,0
2022-03-25 15:57:00,615,615,615,615,0
2022-03-25 15:58:00,615,615,615,615,0
2022-03-25 15:59:00,615,615,615,615,0
2022-03-28 09:00:00,600,600,600,600,0
2022-03-28 09:01:00,600,600,600,600,0
2022-03-28 09:02:00,600,600,600,600,0
2022-03-28 09:03:00,600,600,600,600,0
2022-03-28 09:04:00,600,600,600,600,0
2022-03-28 09:05:00,600,600,600,600,0
2022-03-28 09:06:00,600,600,600,600,0
2022-03-28 09:07:00,600,600,600,600,0
2022-03-28 09:08:00,600,600,600,600,0
2022-03-28 09:09:00,600,600,600,600,0
2022-03-28 09:10:00,600,600,600,600,0
2022-03-28 09:11:00,600,600,600,600,0
2022-03-28 09:12:00,600,600,600,600,0
2022-03-28 09:13:00,600,600,600,600,0
2022-03-28 09:14:00,600,600,600,600,0
2022-03-28 09:15:00,600,600,600,600,0
2022-03-28 09:16:00,600,600,600,600,0
2022-03-28 09:17:00,600,600,600,600,0
2022-03-28 09:18:00,600,600,600,600,0
2022-03-28 09:19:00,600,600,600,600,0
2022-03-28 09:20:00,600,600,600,600,0
2022-03-28 09:21:00,600,600,600,600,0
2022-03-28 09:22:00,600,600,600,600,0
2022-03-28 09:23:00,600,600,600,600,0
2022-03-28 09:24:00,600,600,600,600,0
2022-03-28 09:25:00,600,600,600,600,0
2022-03-28 09:26:00,600,600,600,600,0
2022-03-28 09:27:00,600,600,600,600,0
2022-03-28 09:28:00,600,600,600,600,0
2022-03-28 09:29:00,600,600,600,600,0
2022-03-28 09:30:00,600,600,600,600,0
2022-03-28 09:31:00,600,600,600,600,0
2022-03-28 09:32:00,600,600,600,600,0
2022-03-28 09:33:00,600,600,600,600,0
2022-03-28 09:34:00,600,600,600,600,0
2022-03-28 09:35:00,600,600,600,600,0
2022-03-28 09:36:00,600,600,600,600,0
2022-03-28 09:37:00,600,600,600,600,0
2022-03-28 09:38:00,600,600,600,600,0
2022-03-28 09:39:00,600,600,600,600,0
2022-03-28 09:40:00,600,600,600,600,0
2022-03-28 09:41:00,600,600,600,600,0
2022-03-28 09:42:00,600,600,600,600,0
2022-03-28 09:43:00,600,600,600,600,0
2022-03-28 09:44:00,600,600,600,600,0
2022-03-28 09:45:00,600,600,600,600,0
2022-03-28 09:46:00,600,600,600,600,0
2022-03-28 09:47:00,600,600,600,600,0
2022-03-28 09:48:00,600,600,600,600,0
2022-03-28 09:49:00,600,600,600,600,0
2022-03-28 09:50:00,600,600,600,600,0
2022-03-28 09:51:00,600,600,600,600,0
2022-03-28 09:52:00,600,600,600,600,0
2022-03-28 09:53:00,600,600,600,600,0
2022-03-28 09:54:00,600,600,600,600,0
2022-03-28 09:55:00,600,600,600,600,0
2022-03-28 09:56:00,600,600,600,600,0
2022-03-28 09:57:00,600,600,600,600,0
2022-03-28 09:58:00,600,600,600,600,0
2022-03-28 09:59:00,600,600,600,600,0
2022-03-28 10:00:00,600,600,600,600,0
2022-03-28 10:01:00,600,600,600,600,0
2022-03-28 10:02:00,600,600,600,600,0
2022-03-28 10:03:00,600,600,600,600,0
2022-03-28 10:04:00,600,600,600,600,0
2022-03-28 10:05:00,600,600,600,600,0
2022-03-28 10:06:00,600,600,600,600,0
2022-03-28 10:07:00,600,600,600,600,0
2022-03-28 10:08:00,600,600,600,600,0
2022-03-28 10:09:00,600,600,600,600,0
2022-03-28 10:10:00,600,600,600,600,0
2022-03-28 10:11:00,600,600,600,600,0
2022-03-28 10:12:00,600,600,600,600,0
2022-03-28 10:13:00,600,600,600,600,0
2022-03-28 10:14:00,600,600,600,600,0
2022-03-28 10:15:00,600,600,600,600,0
2022-03-28 10:16:00,600,600,600,600,0
2022-03-28 10:17:00,600,600,600,600,0
2022-03-28 10:18:00,600,600,600,600,0
2022-03-28 10:19:00,600,600,600,600,0
2022-03-28 10:20:00,600,600,600,600,0
2022-03-28 10:21:00,600,600,600,600,0
2022-03-28 10:22:00,600,600,600,600,0
2022-03-28 10:23:00,600,600,600,600,0
2022-03-28 10:24:00,600,600,600,600,0
2022-03-28 10:25:00,600,600,600,600,0
2022-03-28 10:26:00,600,600,600,600,0
2022-03-28 10:27:00,600,600,600,600,0
2022-03-28 10:28:00,600,600,600,600,0
2022-03-28 10:29:00,600,600,600,600,0
2022-03-28 10:30:00,600,600,600,600,0
2022-03-28 10:31:00,600,600,600,600,0
2022-03-28 10:32:00,600,600,600,600,0
2022-03-28 10:33:00,600,600,600,600,0
2022-03-28 10:34:00,600,600,600,600,0
2022-03-28 10:35:00,600,600,600,600,0
2022-03-28 10:36:00,600,600,600,600,0
2022-03-28 10:37:00,600,600,600,600,0
2022-03-28 10:38:00,600,600,600,600,0
2022-03-28 10:39:00,600,600,600,600,0
2022-03-28 10:40:00,600,600,600,600,0
2022-03-28 10:41:00,600,600,600,600,0
2022-03-28 10:42:00,600,600,600,600,0
2022-03-28 10:43:00,600,600,600,600,0
2022-03-28 10:44:00,600,600,600,600,0
2022-03-28 10:45:00,600,600,600,600,0
2022-03-28 10:46:00,600,600,600,600,0
2022-03-28 10:47:00,600,600,600,600,0
2022-03-28 10:48:00,600,600,600,600,0
2022-03-28 10:49:00,600,600,600,600,0
2022-03-28 10:50:00,600,600,600,600,0
2022-03-28 10:51:00,600,600,600,600,0
2022-03-28 10:52:00,600,600,600,600,0
2022-03-28 10:53:00,600,600,600,600,0
2022-03-28 10:54:00,600,600,600,600,0
2022-03-28 10:55:00,600,600,600,600,0
2022-03-28 10:56:00,600,600,600,600,0
2022-03-28 10:57:00,600,600,600,600,0
2022-03-28 10:58:00,600,600,600,600,0
2022-03-28 10:59:00,600,600,600,600,0
2022-03-28 11:00:00,600,600,600,600,0
2022-03-28 11:01:00,600,600,600,600,0
2022-03-28 11:02:00,600,600,600,600,0
2022-03-28 11:03:00,600,600,600,600,0
2022-03-28 11:04:00,600,600,600,600,0
2022-03-28 11:05:00,600,600,600,600,0
2022-03-28 11:06:00,600,600,600,600,0
2022-03-28 11:07:00,600,600,600,600,0
2022-03-28 11:08:00,600,600,600,600,0
2022-03-28 11:09:00,600,600,600,600,0
2022-03-28 11:10:00,600,600,600,600,0
2022-03-28 11:11:00,600,600,600,600,0
2022-03-28 11:12:00,600,600,600,600,0
2022-03-28 11:13:00,600,600,600,600,0
2022-03-28 11:14:00,600,600,600,600,0
2022-03-28 11:15:00,600,600,600,600,0
2022-03-28 11:16:00,600,600,600,600,0
2022-03-28 11:17:00,600,600,600,600,0
2022-03-28 11:18:00,600,600,600,600,0
2022-03-28 11:19:00,600,600,600,600,0
2022-03-28 11:20:00,600,600,600,600,0
2022-03-28 11:21:00,600,600,600,600,0
2022-03-28 11:22:00,600,600,600,600,0
2022-03-28 11:23:00,600,600,600,600,0
2022-03-28 11:24:00,600,600,600,600,0
2022-03-28 11:25:00,600,600,600,600,0
2022-03-28 11:26:00,600,600,600,600,0
2022-03-28 11:27:00,600,600,600,600,0
2022-03-28 11:28:00,600,600,600,600,0
2022-03-28 11:29:00,600,600,600,600,0
2022-03-28 11:30:00,600,600,600,600,0
2022-03-28 11:31:00,600,600,600,600,0
2022-03-28 11:32:00,600,600,600,600,0
2022-03-28 11:33:00,600,600,600,600,0
2022-03-28 11:34:00,600,600,600,600,0
2022-03-28 11:35:00,600,600,600,600,0
2022-03-28 11:36:00,600,600,600,600,0
2022-03-28 11:37:00,600,600,600,600,0
2022-03-28 11:38:00,600,600,600,600,0
2022-03-28 11:39:00,600,600,600,600,0
2022-03-28 11:40:00,600,600,600,600,0
2022-03-28 11:41:00,600,600,600,600,0
2022-03-28 11:42:00,600,600,600,600,0
2022-03-28 11:43:00,600,600,600,600,0
2022-03-28 11:44:00,600,600,600,600,0
2022-03-28 11:45:00,600,600,600,600,0
2022-03-28 11:46:00,600,600,600,600,0
2022-03-28 11:47:00,600,600,600,600,0
2022-03-28 11:48:00,600,600,600,600,0
2022-03-28 11:49:00,600,600,600,600,0
2022-03-28 11:50:00,600,600,600,600,0
2022-03-28 11:51:00,600,600,600,600,0
2022-03-28 11:52:00,600,600,600,600,0
2022-03-28 11:53:00,600,600,600,600,0
2022-03-28 11:54:00,600,600,600,600,0
2022-03-28 11:55:00,600,600,600,600,0
2022-03-28 11:56:00,600,600,600,600,0
2022-03-28 11:57:00,600,600,600,600,0
2022-03-28 11:58:00,600,600,600,600,0
2022-03-28 11:59:00,600,600,600,600,0
2022-03-28 12:00:00,600,600,600,600,0
2022-03-28 12:01:00,600,600,600,600,0
2022-03-28 12:02:00,600,600,600,600,0
2022-03-28 12:03:00,600,600,600,600,0
2022-03-28 12:04:00,600,600,600,600,0
2022-03-28 12:05:00,600,600,600,600,0
2022-03-28 12:06:00,600,600,600,600,0
2022-03-28 12:07:00,600,600,600,600,0
2022-03-28 12:08:00,600,600,600,600,0
2022-03-28 12:09:00,600,600,600,600,0
2022-03-28 12:10:00,600,600,600,600,0
2022-03-28 12:11:00,600,600,600,600,0
2022-03-28 12:12:00,600,600,600,600,0
2022-03-28 12:13:00,600,600,600,600,0
2022-03-28 12:14:00,600,600,600,600,0
2022-03-28 12:15:00,600,600,600,600,0
2022-03-28 12:16:00,600,600,600,600,0
2022-03-28 12:17:00,600,600,600,600,0
2022-03-28 12:18:00,600,600,600,600,0
2022-03-28 12:19:00,600,600,600,600,0
2022-03-28 12:20:00,600,600,600,600,0
2022-03-28 12:21:00,600,600,600,600,0
2022-03-28 12:22:00,600,600,600,600,0
2022-03-28 12:23:00,600,600,600,600,0
2022-03-28 12:24:00,600,600,600,600,0
2022-03-28 12:25:00,600,600,600,600,0
2022-03-28 12:26:00,600,600,600,600,0
2022-03-28 12:27:00,600,600,600,600,0
2022-03-28 12:28:00,600,600,600,600,0
2022-03-28 12:29:00,600,600,600,600,0
2022-03-28 12:30:00,600,600,600,600,0
2022-03-28 12:31:00,600,600,600,600,0
2022-03-28 12:32:00,600,600,600,600,0
2022-03-28 12:33:00,600,600,600,600,0
2022-03-28 12:34:00,600,600,600,600,0
2022-03-28 12:35:00,600,600,600,600,0
2022-03-28 12:36:00,600,600,600,600,0
2022-03-28 12:37:00,600,600,600,600,0
2022-03-28 12:38:00,600,600,600,600,0
2022-03-28 12:39:00,600,600,600,600,0
2022-03-28 12:40:00,600,600,600,600,0
2022-03-28 12:41:00,600,600,600,600,0
2022-03-28 12:42:00,600,600,600,600,0
2022-03-28 12:43:00,600,600,600,600,0
2022-03-28 12:44:00,600,600,600,600,0
2022-03-28 12:45:00,600,600,600,600,0
2022-03-28 12:46:00,600,600,600,600,0
2022-03-28 12:47:00,600,600,600,600,0
2022-03-28 12:48:00,600,600,600,600,0
2022-03-28 12:49:00,600,600,600,600,0
2022-03-28 12:50:00,600,600,600,600,0
2022-03-28 12:51:00,600,600,600,600,0
2022-03-28 12:52:00,600,600,600,600,0
2022-03-28 12:53:00,600,600,600,600,0
2022-03-28 12:54:00,600,600,600,600,0
2022-03-28 12:55:00,600,600,600,600,0
2022-03-28 12:56:00,600,600,600,600,0
2022-03-28 12:57:00,600,600,600,600,0
2022-03-28 12:58:00,600,600,600,600,0
2022-03-28 12:59:00,600,600,600,600,0
2022-03-28 13:00:00,600,600,600,600,0
2022-03-28 13:01:00,600,600,600,600,0
2022-03-28 13:02:00,600,600,600,600,0
2022-03-28 13:03:00,600,600,600,600,0
2022-03-28 13:04:00,600,600,600,600,0
2022-03-28 13:05:00,600,600,600,600,0
2022-03-28 13:06:00,600,600,600,600,0
2022-03-28 13:07:00,600,600,600,600,0
2022-03-28 13:08:00,600,600,600,600,0
2022-03-28 13:09:00,600,600,600,600,0
2022-03-28 13:10:00,600,600,600,600,0
2022-03-28 13:11:00,600,600,600,600,0
2022-03-28 13:12:00,600,600,600,600,0
2022-03-28 13:13:00,600,600,600,600,0
2022-03-28 13:14:00,600,600,600,600,0
2022-03-28 13:15:00,600,600,600,600,0
2022-03-28 13:16:00,600,600,600,600,0
2022-03-28 13:17:00,600,600,600,600,0
2022-03-28 13:18:00,600,600,600,600,0
2022-03-28 13:19:00,600,600,600,600,0
2022-03-28 13:20:00,600,600,600,600,0
2022-03-28 13:21:00,600,600,600,600,0
2022-03-28 13:22:00,600,600,600,600,0
2022-03-28 13:23:00,600,600,600,600,0
2022-03-28 13:24:00,600,600,600,600,0
2022-03-28 13:25:00,600,600,600,600,0
2022-03-28 13:26:00,600,600,600,600,0
2022-03-28 13:27:00,600,600,600,600,0
2022-03-28 13:28:00,600,600,600,600,0
2022-03-28 13:29:00,600,600,600,600,0
2022-03-28 13:30:00,600,600,600,600,0
2022-03-28 13:31:00,600,600,600,600,0
2022-03-28 13:32:00,600,600,600,600,0
2022-03-28 13:33:00,600,600,600,600,0
2022-03-28 13:34:00,600,600,600,600,0
2022-03-28 13:35:00,600,600,600,600,0
2022-03-28 13:36:00,600,600,600,600,0
2022-03-28 13:37:00,600,600,600,600,0
2022-03-28 13:38:00,600,600,600,600,0
2022-03-28 13:39:00,600,600,600,600,0
2022-03-28 13:40:00,600,600,600,600,0
2022-03-28 13:41:00,600,600,600,600,0
2022-03-28 13:42:00,600,600,600,600,0
2022-03-28 13:43:00,600,600,600,600,0
2022-03-28 13:44:00,600,600,600,600,0
2022-03-28 13:45:00,600,600,600,600,0
2022-03-28 13:46:00,600,600,600,600,0
2022-03-28 13:47:00,600,600,600,600,0
2022-03-28 13:48:00,600,600,600,600,0
2022-03-28 13:49:00,600,600,600,600,0
2022-03-28 13:50:00,600,600,600,600,0
2022-03-28 13:51:00,600,600,600,600,0
2022-03-28 13:52:00,600,600,600,600,0
2022-03-28 13:53:00,600,600,600,600,0
2022-03-28 13:54:00,600,600,600,600,0
2022-03-28 13:55:00,600,600,600,600,0
2022-03-28 13:56:00,600,600,600,600,0
2022-03-28 13:57:00,600,600,600,600,0
2022-03-28 13:58:00,600,600,600,600,0
2022-03-28 13:59:00,600,600,600,600,0
2022-03-28 14:00:00,600,600,600,600,0
2022-03-28 14:01:00,600,600,600,600,0
2022-03-28 14:02:00,600,600,600,600,0
2022-03-28 14:03:00,600,600,600,600,0
2022-03-28 14:04:00,600,600,600,600,0
2022-03-28 14:05:00,600,600,600,600,0
2022-03-28 14:06:00,600,600,600,600,0
2022-03-28 14:07:00,600,600,600,600,0
2022-03-28 14:08:00,600,600,600,600,0
2022-03-28 14:09:00,600,600,600,600,0
2022-03-28 14:10:00,600,600,600,600,0
2022-03-28 14:11:00,600,600,600,600,0
2022-03-28 14:12:00,600,600,600,600,0
2022-03-28 14:13:00,600,600,600,600,0
2022-03-28 14:14:00,600,600,600,600,0
2022-03-28 14:15:00,600,600,600,600,0
2022-03-28 14:16:00,600,600,600,600,0
2022-03-28 14:17:00,600,600,600,600,0
2022-03-28 14:18:00,600,600,600,600,0
2022-03-28 14:19:00,600,600,600,600,0
2022-03-28 14:20:00,600,600,600,600,0
2022-03-28 14:21:00,600,600,600,600,0
2022-03-28 14:22:00,600,600,600,600,0
2022-03-28 14:23:00,600,600,600,600,0
2022-03-28 14:24:00,600,600,600,600,0
2022-03-28 14:25:00,600,600,600,600,0
2022-03-28 14:26:00,600,600,600,600,0
2022-03-28 14:27:00,600,600,600,600,0
2022-03-28 14:28:00,600,600,600,600,0
2022-03-28 14:29:00,600,600,600,600,0
2022-03-28 14:30:00,600,600,600,600,0
2022-03-28 14:31:00,600,600,600,600,0
2022-03-28 14:32:00,600,600,600,600,0
2022-03-28 14:33:00,600,600,600,600,0
2022-03-28 14:34:00,600,600,600,600,0
2022-03-28 14:35:00,600,600,600,600,0
2022-03-28 14:36:00,600,600,600,600,0
2022-03-28 14:37:00,600,600,600,600,0
2022-03-28 14:38:00,600,600,600,600,0
2022-03-28 14:39:00,600,600,600,600,0
2022-03-28 14:40:00,600,600,600,600,0
2022-03-28 14:41:00,600,600,600,600,0
2022-03-28 14:42:00,600,600,600,600,0
2022-03-28 14:43:00,600,600,600,600,0
2022-03-28 14:44:00,600,600,600,600,0
2022-03-28 14:45:00,600,600,600,600,0
2022-03-28 14:46:00,600,600,600,600,0
2022-03-28 14:47:00,600,600,600,600,0
2022-03-28 14:48:00,600,600,600,600,0
2022-03-28 14:49:00,600,600,600,600,0
2022-03-28 14:50:00,600,600,600,600,0
2022-03-28 14:51:00,600,600,600,600,0
2022-03-28 14:52:00,600,600,600,600,0
2022-03-28 14:53:00,600,600,600,600,0
2022-03-28 14:54:00,600,600,600,600,0
2022-03-28 14:55:00,600,600,600,600,0
2022-03-28 14:56:00,600,600,600,600,0
2022-03-28 14:57:00,600,600,600,600,0
2022-03-28 14:58:00,600,600,600,600,0
2022-03-28 14:59:00,600,600,600,600,0
2022-03-28 15:00:00,600,600,600,600,0
2022-03-28 15:01:00,600,600,600,600,0
2022-03-28 15:02:00,600,600,600,600,0
2022-03-28 15:03:00,600,600,600,600,0
2022-03-28 15:04:00,600,600,600,600,0
2022-03-28 15:05:00,600,600,600,600,0
2022-03-28 15:06:00,600,600,600,600,0
2022-03-28 15:07:00,600,600,600,600,0
2022-03-28 15:08:00,600,600,600,600,0
2022-03-28 15:09:00,600,600,600,600,0
2022-03-28 15:10:00,600,600,600,600,0
2022-03-28 15:11:00,600,600,600,600,0
2022-03-28 15:12:00,600,600,600,600,0
2022-03-28 15:13:00,600,600,600,600,0
2022-03-28 15:14:00,600,600,600,600,0
2022-03-28 15:15:00,600,600,600,600,0
2022-03-28 15:16:00,600,600,600,600,0
2022-03-28 15:17:00,600,600,600,600,0
2022-03-28 15:18:00,600,600,600,600,0
2022-03-28 15:19:00,600,600,600,600,0
2022-03-28 15:20:00,600,600,600,600,0
2022-03-28 15:21:00,600,600,600,600,0
2022-03-28 15:22:00,600,600,600,600,0
2022-03-28 15:23:00,600,600,600,600,0
2022-03-28 15:24:00,600,600,600,600,0
2022-03-28 15:25:00,600,600,600,600,0
2022-03-28 15:26:00,600,600,600,600,0
2022-03-28 15:27:00,600,600,600,600,0
2022-03-28 15:28:00,600,600,600,600,0
2022-03-28 15:29:00,600,600,600,600,0
2022-03-28 15:30:00,600,600,600,600,0
2022-03-28 15:31:00,600,600,600,600,0
2022-03-28 15:32:00,600,600,600,600,0
2022-03-28 15:33:00,600,600,600,600,0
2022-03-28 15:34:00,600,600,600,600,0
2022-03-28 15:35:00,600,600,600,600,0
2022-03-28 15:36:00,600,600,600,600,0
2022-03-28 15:37:00,600,600,600,600,0
2022-03-28 15:38:00,600,600,600,600,0
2022-03-28 15:39:00,600,600,600,600,0
2022-03-28 15:40:00,600,600,600,600,0
2022-03-28 15:41:00,600,600,600,600,0
2022-03-28 15:42:00,600,600,600,600,0
2022-03-28 15:43:00,600,600,600,600,0
2022-03-28 15:44:00,600,600,600,600,0
2022-03-28 15:45:00,600,600,600,600,0
2022-03-28 15:46:00,600,600,600,600,0
2022-03-28 15:47:00,600,600,600,600,0
2022-03-28 15:48:00,600,600,600,600,0
2022-03-28 15:49:00,600,600,600,600,0
2022-03-28 15:50:00,600,600,600,600,0
2022-03-28 15:51:00,600,600,600,600,0
2022-03-28 15:52:00,600,600,600,600,0
2022-03-28 15:53:00,600,600,600,600,0
2022-03-28 15:54:00,600,600,600,600,0
2022-03-28 15:55:00,600,600,600,600,0
2022-03-28 15:56:00,600,600,600,600,0
2022-03-28 15:57:00,600,600,600,600,0
2022-03-28 15:58:00,600,600,600,600,0
2022-03-28 15:59:00,600,600,600,600,0
2022-03-29 09:00:00,600,600,600,600,0
2022-03-29 09:01:00,600,600,600,600,0
2022-03-29 09:02:00,600,600,600,600,0
2022-03-29 09:03:00,600,600,600,600,0
2022-03-29 09:04:00,600,600,600,600,0
2022-03-29 09:05:00,600,600,600,600,0
2022-03-29 09:06:00,600,600,600,600,0
2022-03-29 09:07:00,600,600,600,600,0
2022-03-29 09:08:00,600,600,600,600,0
2022-03-29 09:09:00,600,600,600,600,0
2022-03-29 09:10:00,600,600,600,600,0
2022-03-29 09:11:00,600,600,600,600,0
2022-03-29 09:12:00,600,600,600,600,0
2022-03-29 09:13:00,600,600,600,600,0
2022-03-29 09:14:00,600,600,600,600,0
2022-03-29 09:15:00,600,600,600,600,0
2022-03-29 09:16:00,600,600,600,600,0
2022-03-29 09:17:00,600,600,600,600,0
2022-03-29 09:18:00,600,600,600,600,0
2022-03-29 09:19:00,600,600,600,600,0
2022-03-29 09:20:00,600,600,600,600,0
2022-03-29 09:21:00,600,600,600,600,0
2022-03-29 09:22:00,600,600,600,600,0
2022-03-29 09:23:00,600,600,600,600,0
2022-03-29 09:24:00,600,600,600,600,0
2022-03-29 09:25:00,600,600,600,600,0
2022-03-29 09:26:00,600,600,600,600,0
2022-03-29 09:27:00,600,600,600,600,0
2022-03-29 09:28:00,600,600,600,600,0
2022-03-29 09:29:00,600,600,600,600,0
2022-03-29 09:30:00,600,600,600,600,0
2022-03-29 09:31:00,600,600,600,600,0
2022-03-29 09:32:00,600,600,600,600,0
2022-03-29 09:33:00,600,600,600,600,0
2022-03-29 09:34:00,600,600,600,600,0
2022-03-29 09:35:00,600,600,600,600,0
2022-03-29 09:36:00,600,600,600,600,0
2022-03-29 09:37:00,600,600,600,600,0
2022-03-29 09:38:00,600,600,600,600,0
2022-03-29 09:39:00,600,600,600,600,0
2022-03-29 09:40:00,600,600,600,600,0
2022-03-29 09:41:00,600,600,600,600,0
2022-03-29 09:42:00,600,600,600,600,0
2022-03-29 09:43:00,600,600,600,600,0
2022-03-29 09:44:00,600,600,600,600,0
2022-03-29 09:45:00,600,600,600,600,0
2022-03-29 09:46:00,600,600,600,600,0
2022-03-29 09:47:00,600,600,600,600,0
2022-03-29 09:48:00,600,600,600,600,0
2022-03-29 09:49:00,600,600,600,600,0
2022-03-29 09:50:00,600,600,600,600,0
2022-03-29 09:51:00,600,600,600,600,0
2022-03-29 09:52:00,600,600,600,600,0
2022-03-29 09:53:00,600,600,600,600,0
2022-03-29 09:54:00,600,600,600,600,0
2022-03-29 09:55:00,600,600,600,600,0
2022-03-29 09:56:00,600,600,600,600,0
2022-03-29 09:57:00,600,600,600,600,0
2022-03-29 09:58:00,600,600,600,600,0
2022-03-29 09:59:00,600,600,600,600,0
2022-03-29 10:00:00,600,600,600,600,0
2022-03-29 10:01:00,600,600,600,600,0
2022-03-29 10:02:00,600,600,600,600,0
2022-03-29 10:03:00,600,600,600,600,0
2022-03-29 10:04:00,600,600,600,600,0
2022-03-29 10:05:00,600,600,600,600,0
2022-03-29 10:06:00,600,600,600,600,0
2022-03-29 10:07:00,600,600,600,600,0
2022-03-29 10:08:00,600,600,600,600,0
2022-03-29 10:09:00,600,600,600,600,0
2022-03-29 10:10:00,600,600,600,600,0
2022-03-29 10:11:00,600,600,600,600,0
2022-03-29 10:12:00,600,600,600,600,0
2022-03-29 10:13:00,600,600,600,600,0
2022-03-29 10:14:00,600,600,600,600,0
2022-03-29 10:15:00,600,600,600,600,0
2022-03-29 10:16:00,600,600,600,600,0
2022-03-29 10:17:00,600,600,600,600,0
2022-03-29 10:18:00,600,600,600,600,0
2022-03-29 10:19:00,600,600,600,600,0
2022-03-29 10:20:00,600,600,600,600,0
2022-03-29 10:21:00,600,600,600,600,0
2022-03-29 10:22:00,600,600,600,600,0
2022-03-29 10:23:00,600,600,600,600,0
2022-03-29 10:24:00,600,600,600,600,0
2022-03-29 10:25:00,600,600,600,600,0
2022-03-29 10:26:00,600,600,600,600,0
2022-03-29 10:27:00,600,600,600,600,0
2022-03-29 10:28:00,600,600,600,600,0
2022-03-29 10:29:00,600,600,600,600,0
2022-03-29 10:30:00,600,600,600,600,0
2022-03-29 10:31:00,600,600,600,600,0
2022-03-29 10:32:00,600,600,600,600,0
2022-03-29 10:33:00,600,600,600,600,0
2022-03-29 10:34:00,600,600,600,600,0
2022-03-29 10:35:00,600,600,600,600,0
2022-03-29 10:36:00,600,600,600,600,0
2022-03-29 10:37:00,600,600,600,600,0
2022-03-29 10:38:00,600,600,600,600,0
2022-03-29 10:39:00,600,600,600,600,0
2022-03-29 10:40:00,600,600,600,600,0
2022-03-29 10:41:00,600,600,600,600,0
2022-03-29 10:42:00,600,600,600,600,0
2022-03-29 10:43:00,600,600,600,600,0
2022-03-29 10:44:00,600,600,600,600,0
2022-03-29 10:45:00,600,600,600,600,0
2022-03-29 10:46:00,600,600,600,600,0
2022-03-29 10:47:00,600,600,600,600,0
2022-03-29 10:48:00,600,600,600,600,0
2022-03-29 10:49:00,600,600,600,600,0
2022-03-29 10:50:00,600,600,600,600,0
2022-03-29 10:51:00,600,600,600,600,0
2022-03-29 10:52:00,600,600,600,600,0
2022-03-29 10:53:00,600,600,600,600,0
2022-03-29 10:54:00,600,600,600,600,0
2022-03-29 10:55:00,600,600,600,600,0
2022-03-29 10:56:00,600,600,600,600,0
2022-03-29 10:57:00,600,600,600,600,0
2022-03-29 10:58:00,600,600,600,600,0
2022-03-29 10:59:00,600,600,600,600,0
2022-03-29 11:00:00,600,600,600,600,0
2022-03-29 11:01:00,600,600,600,600,0
2022-03-29 11:02:00,600,600,600,600,0
2022-03-29 11:03:00,600,600,600,600,0
2022-03-29 11:04:00,600,600,600,600,0
2022-03-29 11:05:00,600,600,600,600,0
2022-03-29 11:06:00,600,600,600,600,0
2022-03-29 11:07:00,600,600,600,600,0
2022-03-29 11:08:00,600,600,600,600,0
2022-03-29 11:09:00,600,600,600,600,0
2022-03-29 11:10:00,600,600,600,600,0
2022-03-29 11:11:00,600,600,600,600,0
2022-03-29 11:12:00,600,600,600,600,0
2022-03-29 11:13:00,600,600,600,600,0
2022-03-29 11:14:00,600,600,600,600,0
2022-03-29 11:15:00,600,600,600,600,0
2022-03-29 11:16:00,600,600,600,600,0
2022-03-29 11:17:00,600,600,600,600,0
2022-03-29 11:18:00,600,600,600,600,0
2022-03-29 11:19:00,600,600,600,600,0
2022-03-29 11:20:00,600,600,600,600,0
2022-03-29 11:21:00,600,600,600,600,0
2022-03-29 11:22:00,600,600,600,600,0
2022-03-29 11:23:00,600,600,600,600,0
2022-03-29 11:24:00,600,600,600,600,0
2022-03-29 11:25:00,600,600,600,600,0
2022-03-29 11:26:00,600,600,600,600,0
2022-03-29 11:27:00,600,600,600,600,0
2022-03-29 11:28:00,600,600,600,600,0
2022-03-29 11:29:00,600,600,600,600,0
2022-03-29 11:30:00,600,600,600,600,0
2022-03-29 11:31:00,600,600,600,600,0
2022-03-29 11:32:00,600,600,600,600,0
2022-03-29 11:33:00,600,600,600,600,0
2022-03-29 11:34:00,600,600,600,600,0
2022-03-29 11:35:00,600,600,600,600,0
2022-03-29 11:36:00,600,600,600,600,0
2022-03-29 11:37:00,600,600,600,600,0
2022-03-29 11:38:00,600,600,600,600,0
2022-03-29 11:39:00,600,600,600,600,0
2022-03-29 11:40:00,600,600,600,600,0
2022-03-29 11:41:00,600,600,600,600,0
2022-03-29 11:42:00,600,600,600,600,0
2022-03-29 11:43:00,600,600,600,600,0
2022-03-29 11:44:00,600,600,600,600,0
2022-03-29 11:45:00,600,600,600,600,0
2022-03-29 11:46:00,600,600,600,600,0
2022-03-29 11:47:00,600,600,600,600,0
2022-03-29 11:48:00,600,600,600,600,0
2022-03-29 11:49:00,600,600,600,600,0
2022-03-29 11:50:00,600,600,600,600,0
2022-03-29 11:51:00,600,600,600,600,0
2022-03-29 11:52:00,600,600,600,600,0
2022-03-29 11:53:00,600,600,600,600,0
2022-03-29 11:54:00,600,600,600,600,0
2022-03-29 11:55:00,600,600,600,600,0
2022-03-29 11:56:00,600,600,600,600,0
2022-03-29 11:57:00,600,600,600,600,0
2022-03-29 11:58:00,600,600,600,600,0
2022-03-29 11:59:00,600,600,600,600,0
2022-03-29 12:00:00,600,600,600,600,0
2022-03-29 12:01:00,600,600,600,600,0
2022-03-29 12:02:00,600,600,600,600,0
2022-03-29 12:03:00,600,600,600,600,0
2022-03-29 12:04:00,600,600,600,600,0
2022-03-29 12:05:00,600,600,600,600,0
2022-03-29 12:06:00,600,600,600,600,0
2022-03-29 12:07:00,600,600,600,600,0
2022-03-29 12:08:00,600,600,600,600,0
2022-03-29 12:09:00,600,600,600,600,0
2022-03-29 12:10:00,600,600,600,600,0
2022-03-29 12:11:00,600,600,600,600,0
2022-03-29 12:12:00,600,600,600,600,0
2022-03-29 12:13:00,600,600,600,600,0
2022-03-29 12:14:00,600,600,600,600,0
2022-03-29 12:15:00,600,600,600,600,0
2022-03-29 12:16:00,600,600,600,600,0
2022-03-29 12:17:00,600,600,600,600,0
2022-03-29 12:18:00,600,600,600,600,0
2022-03-29 12:19:00,600,600,600,600,0
2022-03-29 12:20:00,600,600,600,600,0
2022-03-29 12:21:00,600,600,600,600,0
2022-03-29 12:22:00,600,600,600,600,0
2022-03-29 12:23:00,600,600,600,600,0
2022-03-29 12:24:00,600,600,600,600,0
2022-03-29 12:25:00,600,600,600,600,0
2022-03-29 12:26:00,600,600,600,600,0
2022-03-29 12:27:00,600,600,600,600,0
2022-03-29 12:28:00,600,600,600,600,0
2022-03-29 12:29:00,600,600,600,600,0
2022-03-29 12:30:00,600,600,600,600,0
2022-03-29 12:31:00,600,600,600,600,0
2022-03-29 12:32:00,600,600,600,600,0
2022-03-29 12:33:00,600,600,600,600,0
2022-03-29 12:34:00,600,600,600,600,0
2022-03-29 12:35:00,600,600,600,600,0
2022-03-29 12:36:00,600,600,600,600,0
2022-03-29 12:37:00,600,600,600,600,0
2022-03-29 12:38:00,600,600,600,600,0
2022-03-29 12:39:00,600,600,600,600,0
2022-03-29 12:40:00,600,600,600,600,0
2022-03-29 12:41:00,600,600,600,600,0
2022-03-29 12:42:00,600,600,600,600,0
2022-03-29 12:43:00,600,600,600,600,0
2022-03-29 12:44:00,600,600,600,600,0
2022-03-29 12:45:00,600,600,600,600,0
2022-03-29 12:46:00,600,600,600,600,0
2022-03-29 12:47:00,600,600,600,600,0
2022-03-29 12:48:00,600,600,600,600,0
2022-03-29 12:49:00,600,600,600,600,0
2022-03-29 12:50:00,600,600,600,600,0
2022-03-29 12:51:00,600,600,600,600,0
2022-03-29 12:52:00,600,600,600,600,0
2022-03-29 12:53:00,600,600,600,600,0
2022-03-29 12:54:00,600,600,600,600,0
2022-03-29 12:55:00,600,600,600,600,0
2022-03-29 12:56:00,600,600,600,600,0
2022-03-29 12:57:00,600,600,600,600,0
2022-03-29 12:58:00,600,600,600,600,0
2022-03-29 12:59:00,600,600,600,600,0
2022-03-29 13:00:00,600,600,600,600,0
2022-03-29 13:01:00,600,600,600,600,0
2022-03-29 13:02:00,600,600,600,600,0
2022-03-29 13:03:00,600,600,600,600,0
2022-03-29 13:04:00,600,600,600,600,0
2022-03-29 13:05:00,600,600,600,600,0
2022-03-29 13:06:00,600,600,600,600,0
2022-03-29 13:07:00,600,600,600,600,0
2022-03-29 13:08:00,600,600,600,600,0
2022-03-29 13:09:00,600,600,600,600,0
2022-03-29 13:10:00,600,600,600,600,0
2022-03-29 13:11:00,600,600,600,600,0
2022-03-29 13:12:00,600,600,600,600,0
2022-03-29 13:13:00,600,600,600,600,0
2022-03-29 13:14:00,600,600,600,600,0
2022-03-29 13:15:00,600,600,600,600,0
2022-03-29 13:16:00,600,600,600,600,0
2022-03-29 13:17:00,600,600,600,600,0
2022-03-29 13:18:00,600,600,600,600,0
2022-03-29 13:19:00,600,600,600,600,0
2022-03-29 13:20:00,600,600,600,600,0
2022-03-29 13:21:00,600,600,600,600,0
2022-03-29 13:22:00,600,600,600,600,0
2022-03-29 13:23:00,600,600,600,600,0
2022-03-29 13:24:00,600,600,600,600,0
2022-03-29 13:25:00,600,600,600,600,0
2022-03-29 13:26:00,600,600,600,600,0
2022-03-29 13:27:00,600,600,600,600,0
2022-03-29 13:28:00,600,600,600,600,0
2022-03-29 13:29:00,600,600,600,600,0
2022-03-29 13:30:00,600,600,600,600,0
2022-03-29 13:31:00,600,600,600,600,0
2022-03-29 13:32:00,600,600,600,600,0
2022-03-29 13:33:00,600,600,600,600,0
2022-03-29 13:34:00,600,600,600,600,0
2022-03-29 13:35:00,600,600,600,600,0
2022-03-29 13:36:00,600,600,600,600,0
2022-03-29 13:37:00,600,600,600,600,0
2022-03-29 13:38:00,600,600,600,600,0
2022-03-29 13:39:00,600,600,600,600,0
2022-03-29 13:40:00,600,600,600,600,0
2022-03-29 13:41:00,600,600,600,600,0
2022-03-29 13:42:00,600,600,600,600,0
2022-03-29 13:43:00,600,600,600,600,0
2022-03-29 13:44:00,600,600,600,600,0
2022-03-29 13:45:00,600,600,600,600,0
2022-03-29 13:46:00,600,600,600,600,0
2022-03-29 13:47:00,600,600,600,600,0
2022-03-29 13:48:00,600,600,600,600,0
2022-03-29 13:49:00,600,600,600,600,0
2022-03-29 13:50:00,600,600,600,600,0
2022-03-29 13:51:00,600,600,600,600,0
2022-03-29 13:52:00,600,600,600,600,0
2022-03-29 13:53:00,600,600,600,600,0
2022-03-29 13:54:00,600,600,600,600,0
2022-03-29 13:55:00,600,600,600,600,0
2022-03-29 13:56:00,600,600,600,600,0
2022-03-29 13:57:00,600,600,600,600,0
2022-03-29 13:58:00,600,600,600,600,0
2022-03-29 13:59:00,600,600,600,600,0
2022-03-29 14:00:00,600,600,600,600,0
2022-03-29 14:01:00,600,600,600,600,0
2022-03-29 14:02:00,600,600,600,600,0
2022-03-29 14:03:00,600,600,600,600,0
2022-03-29 14:04:00,600,600,600,600,0
2022-03-29 14:05:00,600,600,600,600,0
2022-03-29 14:06:00,600,600,600,600,0
2022-03-29 14:07:00,600,600,600,600,0
2022-03-29 14:08:00,600,600,600,600,0
2022-03-29 14:09:00,600,600,600,600,0
2022-03-29 14:10:00,600,600,600,600,0
2022-03-29 14:11:00,600,600,600,600,0
2022-03-29 14:12:00,600,600,600,600,0
2022-03-29 14:13:00,600,600,600,600,0
2022-03-29 14:14:00,600,600,600,600,0
2022-03-29 14:15:00,600,600,600,600,0
2022-03-29 14:16:00,600,600,600,600,0
2022-03-29 14:17:00,600,600,600,600,0
2022-03-29 14:18:00,600,600,600,600,0
2022-03-29 14:19:00,600,600,600,600,0
2022-03-29 14:20:00,600,600,600,600,0
2022-03-29 14:21:00,600,600,600,600,0
2022-03-29 14:22:00,600,600,600,600,0
2022-03-29 14:23:00,600,600,600,600,0
2022-03-29 14:24:00,600,600,600,600,0
2022-03-29 14:25:00,600,600,600,600,0
2022-03-29 14:26:00,600,600,600,600,0
2022-03-29 14:27:00,600,600,600,600,0
2022-03-29 14:28:00,600,600,600,600,0
2022-03-29 14:29:00,600,600,600,600,0
2022-03-29 14:30:00,600,600,600,600,0
2022-03-29 14:31:00,600,600,600,600,0
2022-03-29 14:32:00,600,600,600,600,0
2022-03-29 14:33:00,600,600,600,600,0
2022-03-29 14:34:00,600,600,600,600,0
2022-03-29 14:35:00,600,600,600,600,0
2022-03-29 14:36:00,600,600,600,600,0
2022-03-29 14:37:00,600,600,600,600,0
2022-03-29 14:38:00,600,600,600,600,0
2022-03-29 14:39:00,600,600,600,600,0
2022-03-29 14:40:00,600,600,600,600,0
2022-03-29 14:41:00,600,600,600,600,0
2022-03-29 14:42:00,600,600,600,600,0
2022-03-29 14:43:00,600,600,600,600,0
2022-03-29 14:44:00,600,600,600,600,0
2022-03-29 14:45:00,600,600,600,600,0
2022-03-29 14:46:00,600,600,600,600,0
2022-03-29 14:47:00,600,600,600,600,0
2022-03-29 14:48:00,600,600,600,600,0
2022-03-29 14:49:00,600,600,600,600,0
2022-03-29 14:50:00,600,600,600,600,0
2022-03-29 14:51:00,600,600,600,600,0
2022-03-29 14:52:00,600,600,600,600,0
2022-03-29 14:53:00,600,600,600,600,0
2022-03-29 14:54:00,600,600,600,600,0
2022-03-29 14:55:00,600,600,600,600,0
2022-03-29 14:56:00,600,600,600,600,0
2022-03-29 14:57:00,600,600,600,600,0
2022-03-29 14:58:00,600,600,600,600,0
2022-03-29 14:59:00,600,600,600,600,0
2022-03-29 15:00:00,600,600,600,600,0
2022-03-29 15:01:00,600,600,600,600,0
2022-03-29 15:02:00,600,600,600,600,0
2022-03-29 15:03:00,600,600,600,600,0
2022-03-29 15:04:00,600,600,600,600,0
2022-03-29 15:05:00,600,600,600,600,0
2022-03-29 15:06:00,600,600,600,600,0
2022-03-29 15:07:00,600,600,600,600,0
2022-03-29 15:08:00,600,600,600,600,0
2022-03-29 15:09:00,600,600,600,600,0
2022-03-29 15:10:00,600,600,600,600,0
2022-03-29 15:11:00,600,600,600,600,0
2022-03-29 15:12:00,600,600,600,600,0
2022-03-29 15:13:00,600,600,600,600,0
2022-03-29 15:14:00,600,600,600,600,0
2022-03-29 15:15:00,600,600,600,600,0
2022-03-29 15:16:00,600,600,600,600,0
2022-03-29 15:17:00,600,600,600,600,0
2022-03-29 15:18:00,600,600,600,600,0
2022-03-29 15:19:00,600,600,600,600,0
2022-03-29 15:20:00,600,600,600,600,0
2022-03-29 15:21:00,600,600,600,600,0
2022-03-29 15:22:00,600,600,600,600,0
2022-03-29 15:23:00,600,600,600,600,0
2022-03-29 15:24:00,600,600,600,600,0
2022-03-29 15:25:00,600,600,600,600,0
2022-03-29 15:26:00,600,600,600,600,0
2022-03-29 15:27:00,600,600,600,600,0
2022-03-29 15:28:00,600,600,600,600,0
2022-03-29 15:29:00,600,600,600,600,0
2022-03-29 15:30:00,600,600,600,600,0
2022-03-29 15:31:00,600,600,600,600,0
2022-03-29 15:32:00,600,600,600,600,0
2022-03-29 15:33:00,600,600,600,600,0
2022-03-29 15:34:00,600,600,600,600,0
2022-03-29 15:35:00,600,600,600,600,0
2022-03-29 15:36:00,600,600,600,600,0
2022-03-29 15:37:00,600,600,600,600,0
2022-03-29 15:38:00,600,600,600,600,0
2022-03-29 15:39:00,600,600,600,600,0
2022-03-29 15:40:00,600,600,600,600,0
2022-03-29 15:41:00,600,600,600,600,0
2022-03-29 15:42:00,600,600,600,600,0
2022-03-29 15:43:00,600,600,600,600,0
2022-03-29 15:44:00,600,600,600,600,0
2022-03-29 15:45:00,600,600,600,600,0
2022-03-29 15:46:00,600,600,600,600,0
2022-03-29 15:47:00,600,600,600,600,0
2022-03-29 15:48:00,600,600,600,600,0
2022-03-29 15:49:00,600,600,600,600,0
2022-03-29 15:50:00,600,600,600,600,0
2022-03-29 15:51:00,600,600,600,600,0
2022-03-29 15:52:00,600,600,600,600,0
2022-03-29 15:53:00,600,600,600,600,0
2022-03-29 15:54:00,600,600,600,600,0
2022-03-29 15:55:00,600,600,600,600,0
2022-03-29 15:56:00,600,600,600,600,0
2022-03-29 15:57:00,600,600,600,600,0
2022-03-29 15:58:00,600,600,600,600,0
2022-03-29 15:59:00,600,600,600,600,0
2022-03-30 09:00:00,600,600,605,605,0
2022-03-30 09:01:00,610,610,620,620,7800
2022-03-30 09:02:00,620,620,620,620,500
2022-03-30 09:03:00,615,615,620,620,1100
2022-03-30 09:04:00,620,615,620,615,1100
2022-03-30 09:05:00,620,620,620,620,300
2022-03-30 09:06:00,615,615,630,630,19200
2022-03-30 09:07:00,630,630,630,630,50000
2022-03-30 09:08:00,625,620,635,630,9800
2022-03-30 09:09:00,625,625,625,625,900
2022-03-30 09:10:00,625,625,630,625,1800
2022-03-30 09:11:00,630,625,630,625,2700
2022-03-30 09:12:00,625,625,630,625,1600
2022-03-30 09:13:00,630,630,630,630,300
2022-03-30 09:14:00,630,630,630,630,5000
2022-03-30 09:15:00,630,630,635,630,25500
2022-03-30 09:16:00,635,635,635,635,600
2022-03-30 09:17:00,635,635,635,635,500
2022-03-30 09:18:00,635,635,635,635,300
2022-03-30 09:19:00,635,635,635,635,300
2022-03-30 09:20:00,635,635,635,635,1600
2022-03-30 09:21:00,635,635,635,635,300
2022-03-30 09:22:00,635,635,635,635,0
2022-03-30 09:23:00,635,635,635,635,0
2022-03-30 09:24:00,635,635,635,635,400
2022-03-30 09:25:00,635,635,635,635,4300
2022-03-30 09:26:00,635,635,635,635,0
2022-03-30 09:27:00,630,630,635,635,2200
2022-03-30 09:28:00,630,630,635,635,0
2022-03-30 09:29:00,635,635,635,635,25500
2022-03-30 09:30:00,635,635,635,635,0
2022-03-30 09:31:00,635,635,635,635,0
2022-03-30 09:32:00,635,635,635,635,0
2022-03-30 09:33:00,635,635,635,635,300
2022-03-30 09:34:00,635,635,635,635,0
2022-03-30 09:35:00,635,635,635,635,0
2022-03-30 09:36:00,635,635,635,635,700
2022-03-30 09:37:00,635,635,635,635,0
2022-03-30 09:38:00,635,635,635,635,0
2022-03-30 09:39:00,635,635,635,635,0
2022-03-30 09:40:00,635,635,635,635,0
2022-03-30 09:41:00,635,635,635,635,300
2022-03-30 09:42:00,635,635,635,635,0
2022-03-30 09:43:00,635,635,635,635,0
2022-03-30 09:44:00,635,635,635,635,0
2022-03-30 09:45:00,635,630,635,630,2300
2022-03-30 09:46:00,635,630,635,630,0
2022-03-30 09:47:00,635,630,635,630,0
2022-03-30 09:48:00,630,630,630,630,600
2022-03-30 09:49:00,635,630,635,630,1000
2022-03-30 09:50:00,635,630,635,630,0
2022-03-30 09:51:00,635,630,635,630,0
2022-03-30 09:52:00,625,625,625,625,1000
2022-03-30 09:53:00,625,625,630,630,400
2022-03-30 09:54:00,630,630,630,630,200
2022-03-30 09:55:00,630,630,630,630,0
2022-03-30 09:56:00,630,630,630,630,0
2022-03-30 09:57:00,630,630,630,630,300
2022-03-30 09:58:00,630,630,630,630,0
2022-03-30 09:59:00,630,630,630,630,300
2022-03-30 10:00:00,630,630,630,630,0
2022-03-30 10:01:00,630,630,630,630,0
2022-03-30 10:02:00,630,630,630,630,0
2022-03-30 10:03:00,630,630,630,630,400
2022-03-30 10:04:00,630,630,630,630,0
2022-03-30 10:05:00,630,630,630,630,0
2022-03-30 10:06:00,630,630,630,630,0
2022-03-30 10:07:00,630,630,630,630,300
2022-03-30 10:08:00,630,630,630,630,5000
2022-03-30 10:09:00,630,630,630,630,0
2022-03-30 10:10:00,630,630,630,630,300
2022-03-30 10:11:00,630,630,630,630,400
2022-03-30 10:12:00,630,630,630,630,0
2022-03-30 10:13:00,630,630,630,630,0
2022-03-30 10:14:00,630,630,630,630,0
2022-03-30 10:15:00,630,630,630,630,300
2022-03-30 10:16:00,630,630,630,630,300
2022-03-30 10:17:00,630,630,630,630,0
2022-03-30 10:18:00,630,630,630,630,300
2022-03-30 10:19:00,630,630,630,630,0
2022-03-30 10:20:00,630,630,630,630,200
2022-03-30 10:21:00,630,630,630,630,0
2022-03-30 10:22:00,630,630,630,630,0
2022-03-30 10:23:00,630,630,630,630,0
2022-03-30 10:24:00,630,630,630,630,0
2022-03-30 10:25:00,630,630,630,630,400
2022-03-30 10:26:00,630,630,630,630,0
2022-03-30 10:27:00,630,630,630,630,500
2022-03-30 10:28:00,630,630,630,630,0
2022-03-30 10:29:00,630,630,630,630,0
2022-03-30 10:30:00,630,630,630,630,0
2022-03-30 10:31:00,630,630,630,630,0
2022-03-30 10:32:00,630,630,630,630,0
2022-03-30 10:33:00,630,630,630,630,0
2022-03-30 10:34:00,630,630,630,630,300
2022-03-30 10:35:00,630,630,630,630,0
2022-03-30 10:36:00,630,630,630,630,0
2022-03-30 10:37:00,630,630,630,630,0
2022-03-30 10:38:00,630,630,630,630,0
2022-03-30 10:39:00,630,630,630,630,0
2022-03-30 10:40:00,630,630,630,630,0
2022-03-30 10:41:00,630,630,630,630,0
2022-03-30 10:42:00,630,630,630,630,0
2022-03-30 10:43:00,630,630,630,630,0
2022-03-30 10:44:00,630,630,630,630,0
2022-03-30 10:45:00,630,630,630,630,0
2022-03-30 10:46:00,630,630,630,630,0
2022-03-30 10:47:00,630,630,630,630,0
2022-03-30 10:48:00,630,630,630,630,0
2022-03-30 10:49:00,630,630,630,630,0
2022-03-30 10:50:00,630,630,630,630,0
2022-03-30 10:51:00,630,630,630,630,400
2022-03-30 10:52:00,630,630,630,630,0
2022-03-30 10:53:00,630,630,630,630,0
2022-03-30 10:54:00,630,630,630,630,0
2022-03-30 10:55:00,630,630,630,630,0
2022-03-30 10:56:00,630,630,630,630,0
2022-03-30 10:57:00,630,630,630,630,0
2022-03-30 10:58:00,630,630,630,630,0
2022-03-30 10:59:00,630,630,630,630,0
2022-03-30 11:00:00,630,630,630,630,0
2022-03-30 11:01:00,630,630,630,630,400
2022-03-30 11:02:00,630,630,630,630,0
2022-03-30 11:03:00,630,630,630,630,0
2022-03-30 11:04:00,630,630,630,630,0
2022-03-30 11:05:00,625,625,625,625,1200
2022-03-30 11:06:00,625,625,625,625,0
2022-03-30 11:07:00,625,625,625,625,0
2022-03-30 11:08:00,625,625,625,625,0
2022-03-30 11:09:00,625,625,625,625,0
2022-03-30 11:10:00,625,625,625,625,0
2022-03-30 11:11:00,625,625,625,625,0
2022-03-30 11:12:00,625,625,625,625,0
2022-03-30 11:13:00,625,625,625,625,0
2022-03-30 11:14:00,625,625,625,625,0
2022-03-30 11:15:00,625,625,625,625,0
2022-03-30 11:16:00,625,625,625,625,0
2022-03-30 11:17:00,625,625,625,625,0
2022-03-30 11:18:00,625,625,625,625,0
2022-03-30 11:19:00,625,625,625,625,0
2022-03-30 11:20:00,625,625,625,625,0
2022-03-30 11:21:00,625,625,625,625,0
2022-03-30 11:22:00,625,625,625,625,300
2022-03-30 11:23:00,625,625,625,625,0
2022-03-30 11:24:00,625,625,625,625,10000
2022-03-30 11:25:00,625,625,625,625,0
2022-03-30 11:26:00,625,625,625,625,0
2022-03-30 11:27:00,625,625,625,625,600
2022-03-30 11:28:00,625,625,625,625,300
2022-03-30 11:29:00,625,625,625,625,0
2022-03-30 11:30:00,625,625,625,625,0
2022-03-30 11:31:00,625,625,625,625,0
2022-03-30 11:32:00,625,625,625,625,0
2022-03-30 11:33:00,625,625,625,625,0
2022-03-30 11:34:00,625,625,625,625,0
2022-03-30 11:35:00,625,625,625,625,0
2022-03-30 11:36:00,625,625,625,625,0
2022-03-30 11:37:00,625,625,625,625,0
2022-03-30 11:38:00,625,625,625,625,0
2022-03-30 11:39:00,625,625,625,625,0
2022-03-30 11:40:00,625,625,625,625,0
2022-03-30 11:41:00,625,625,625,625,0
2022-03-30 11:42:00,625,625,625,625,0
2022-03-30 11:43:00,625,625,625,625,0
2022-03-30 11:44:00,625,625,625,625,0
2022-03-30 11:45:00,625,625,625,625,0
2022-03-30 11:46:00,625,625,625,625,0
2022-03-30 11:47:00,625,625,625,625,0
2022-03-30 11:48:00,625,625,625,625,0
2022-03-30 11:49:00,625,625,625,625,0
2022-03-30 11:50:00,625,625,625,625,0
2022-03-30 11:51:00,625,625,625,625,0
2022-03-30 11:52:00,625,625,625,625,0
2022-03-30 11:53:00,625,625,625,625,0
2022-03-30 11:54:00,625,625,625,625,0
2022-03-30 11:55:00,625,625,625,625,0
2022-03-30 11:56:00,625,625,625,625,0
2022-03-30 11:57:00,625,625,625,625,0
2022-03-30 11:58:00,625,625,625,625,0
2022-03-30 11:59:00,625,625,625,625,0
2022-03-30 12:00:00,625,625,625,625,0
2022-03-30 12:01:00,625,625,625,625,0
2022-03-30 12:02:00,625,625,625,625,0
2022-03-30 12:03:00,625,625,625,625,0
2022-03-30 12:04:00,625,625,625,625,0
2022-03-30 12:05:00,625,625,625,625,0
2022-03-30 12:06:00,625,625,625,625,0
2022-03-30 12:07:00,625,625,625,625,0
2022-03-30 12:08:00,625,625,625,625,0
2022-03-30 12:09:00,625,625,625,625,0
2022-03-30 12:10:00,625,625,625,625,0
2022-03-30 12:11:00,625,625,625,625,0
2022-03-30 12:12:00,625,625,625,625,0
2022-03-30 12:13:00,625,625,625,625,0
2022-03-30 12:14:00,625,625,625,625,0
2022-03-30 12:15:00,625,625,625,625,0
2022-03-30 12:16:00,625,625,625,625,0
2022-03-30 12:17:00,625,625,625,625,0
2022-03-30 12:18:00,625,625,625,625,0
2022-03-30 12:19:00,625,625,625,625,0
2022-03-30 12:20:00,625,625,625,625,0
2022-03-30 12:21:00,625,625,625,625,0
2022-03-30 12:22:00,625,625,625,625,0
2022-03-30 12:23:00,625,625,625,625,0
2022-03-30 12:24:00,625,625,625,625,0
2022-03-30 12:25:00,625,625,625,625,0
2022-03-30 12:26:00,625,625,625,625,0
2022-03-30 12:27:00,625,625,625,625,0
2022-03-30 12:28:00,625,625,625,625,0
2022-03-30 12:29:00,625,625,625,625,0
2022-03-30 12:30:00,625,625,625,625,0
2022-03-30 12:31:00,625,625,625,625,0
2022-03-30 12:32:00,625,625,625,625,0
2022-03-30 12:33:00,625,625,625,625,0
2022-03-30 12:34:00,625,625,625,625,0
2022-03-30 12:35:00,625,625,625,625,0
2022-03-30 12:36:00,625,625,625,625,0
2022-03-30 12:37:00,625,625,625,625,0
2022-03-30 12:38:00,625,625,625,625,0
2022-03-30 12:39:00,625,625,625,625,0
2022-03-30 12:40:00,625,625,625,625,0
2022-03-30 12:41:00,625,625,625,625,0
2022-03-30 12:42:00,625,625,625,625,0
2022-03-30 12:43:00,625,625,625,625,0
2022-03-30 12:44:00,625,625,625,625,0
2022-03-30 12:45:00,625,625,625,625,0
2022-03-30 12:46:00,625,625,625,625,0
2022-03-30 12:47:00,625,625,625,625,0
2022-03-30 12:48:00,625,625,625,625,0
2022-03-30 12:49:00,625,625,625,625,0
2022-03-30 12:50:00,625,625,625,625,0
2022-03-30 12:51:00,625,625,625,625,0
2022-03-30 12:52:00,625,625,625,625,0
2022-03-30 12:53:00,625,625,625,625,0
2022-03-30 12:54:00,625,625,625,625,0
2022-03-30 12:55:00,625,625,625,625,0
2022-03-30 12:56:00,625,625,625,625,0
2022-03-30 12:57:00,625,625,625,625,0
2022-03-30 12:58:00,625,625,625,625,0
2022-03-30 12:59:00,625,625,625,625,0
2022-03-30 13:00:00,625,625,625,625,0
2022-03-30 13:01:00,625,625,625,625,0
2022-03-30 13:02:00,625,625,625,625,0
2022-03-30 13:03:00,625,625,625,625,0
2022-03-30 13:04:00,625,625,625,625,0
2022-03-30 13:05:00,625,625,625,625,0
2022-03-30 13:06:00,625,625,625,625,0
2022-03-30 13:07:00,625,625,625,625,0
2022-03-30 13:08:00,625,625,625,625,0
2022-03-30 13:09:00,625,625,625,625,0
2022-03-30 13:10:00,625,625,625,625,0
2022-03-30 13:11:00,625,625,625,625,0
2022-03-30 13:12:00,625,625,625,625,0
2022-03-30 13:13:00,625,625,625,625,0
2022-03-30 13:14:00,625,625,625,625,0
2022-03-30 13:15:00,625,625,625,625,0
2022-03-30 13:16:00,625,625,625,625,0
2022-03-30 13:17:00,625,625,625,625,0
2022-03-30 13:18:00,625,625,625,625,0
2022-03-30 13:19:00,625,625,625,625,0
2022-03-30 13:20:00,625,625,625,625,0
2022-03-30 13:21:00,625,625,625,625,0
2022-03-30 13:22:00,625,625,625,625,0
2022-03-30 13:23:00,625,625,625,625,0
2022-03-30 13:24:00,625,625,625,625,0
2022-03-30 13:25:00,625,625,625,625,0
2022-03-30 13:26:00,625,625,625,625,0
2022-03-30 13:27:00,625,625,625,625,0
2022-03-30 13:28:00,625,625,625,625,0
2022-03-30 13:29:00,625,625,625,625,0
2022-03-30 13:30:00,620,610,625,610,86300
2022-03-30 13:31:00,625,625,635,635,75000
2022-03-30 13:32:00,635,635,635,635,2100
2022-03-30 13:33:00,630,630,630,630,1000
2022-03-30 13:34:00,630,630,630,630,1900
2022-03-30 13:35:00,630,630,630,630,1000
2022-03-30 13:36:00,630,630,630,630,0
2022-03-30 13:37:00,630,630,630,630,0
2022-03-30 13:38:00,630,630,630,630,600
2022-03-30 13:39:00,625,625,625,625,500
2022-03-30 13:40:00,620,615,620,615,20500
2022-03-30 13:41:00,630,630,630,630,300
2022-03-30 13:42:00,625,625,630,630,3200
2022-03-30 13:43:00,625,625,630,630,0
2022-03-30 13:44:00,625,625,625,625,600
2022-03-30 13:45:00,625,625,630,630,400
2022-03-30 13:46:00,625,625,630,630,0
2022-03-30 13:47:00,630,630,630,630,200
2022-03-30 13:48:00,630,630,630,630,200
2022-03-30 13:49:00,630,630,630,630,0
2022-03-30 13:50:00,630,630,630,630,0
2022-03-30 13:51:00,625,625,625,625,1600
2022-03-30 13:52:00,630,630,630,630,600
2022-03-30 13:53:00,630,630,630,630,300
2022-03-30 13:54:00,630,630,630,630,0
2022-03-30 13:55:00,630,630,630,630,0
2022-03-30 13:56:00,630,630,630,630,400
2022-03-30 13:57:00,630,630,630,630,0
2022-03-30 13:58:00,630,630,630,630,0
2022-03-30 13:59:00,630,630,630,630,700
2022-03-30 14:00:00,625,625,625,625,500
2022-03-30 14:01:00,625,625,625,625,0
2022-03-30 14:02:00,630,630,630,630,300
2022-03-30 14:03:00,625,625,625,625,600
2022-03-30 14:04:00,625,625,630,630,1300
2022-03-30 14:05:00,625,625,630,630,0
2022-03-30 14:06:00,630,630,630,630,400
2022-03-30 14:07:00,630,630,630,630,300
2022-03-30 14:08:00,630,630,630,630,300
2022-03-30 14:09:00,630,630,630,630,0
2022-03-30 14:10:00,625,625,625,625,1100
2022-03-30 14:11:00,630,630,630,630,300
2022-03-30 14:12:00,630,630,630,630,400
2022-03-30 14:13:00,630,630,630,630,0
2022-03-30 14:14:00,630,630,630,630,0
2022-03-30 14:15:00,630,630,630,630,200
2022-03-30 14:16:00,630,630,630,630,0
2022-03-30 14:17:00,625,625,625,625,1200
2022-03-30 14:18:00,625,625,625,625,6600
2022-03-30 14:19:00,625,625,625,625,5000
2022-03-30 14:20:00,620,610,635,635,180000
2022-03-30 14:21:00,630,630,630,630,400
2022-03-30 14:22:00,635,635,635,635,1700
2022-03-30 14:23:00,635,635,635,635,200
2022-03-30 14:24:00,630,630,630,630,700
2022-03-30 14:25:00,630,630,630,630,1400
2022-03-30 14:26:00,630,630,630,630,300
2022-03-30 14:27:00,630,630,630,630,1000
2022-03-30 14:28:00,630,630,630,630,0
2022-03-30 14:29:00,630,630,630,630,0
2022-03-30 14:30:00,630,630,630,630,0
2022-03-30 14:31:00,630,630,630,630,0
2022-03-30 14:32:00,630,630,630,630,1000
2022-03-30 14:33:00,625,625,630,630,5300
2022-03-30 14:34:00,630,630,630,630,700
2022-03-30 14:35:00,630,630,630,630,0
2022-03-30 14:36:00,630,630,630,630,0
2022-03-30 14:37:00,630,630,630,630,0
2022-03-30 14:38:00,630,630,630,630,700
2022-03-30 14:39:00,630,630,630,630,0
2022-03-30 14:40:00,630,630,630,630,0
2022-03-30 14:41:00,630,630,630,630,0
2022-03-30 14:42:00,630,630,630,630,300
2022-03-30 14:43:00,630,625,630,630,1600
2022-03-30 14:44:00,630,630,630,630,200
2022-03-30 14:45:00,630,630,630,630,200
2022-03-30 14:46:00,630,630,630,630,300
2022-03-30 14:47:00,630,630,630,630,200
2022-03-30 14:48:00,630,630,630,630,500
2022-03-30 14:49:00,630,630,630,630,1100
2022-03-30 14:50:00,630,630,630,630,0
2022-03-30 14:51:00,630,630,630,630,0
2022-03-30 14:52:00,630,630,630,630,0
2022-03-30 14:53:00,630,630,630,630,0
2022-03-30 14:54:00,630,630,630,630,0
2022-03-30 14:55:00,630,630,630,630,0
2022-03-30 14:56:00,630,630,630,630,0
2022-03-30 14:57:00,630,630,630,630,0
2022-03-30 14:58:00,630,630,630,630,0
2022-03-30 14:59:00,630,630,630,630,0
2022-03-30 15:00:00,630,630,630,630,25800
2022-03-30 15:01:00,630,630,630,630,0
2022-03-30 15:02:00,630,630,630,630,0
2022-03-30 15:03:00,630,630,630,630,0
2022-03-30 15:04:00,630,630,630,630,0
2022-03-30 15:05:00,630,630,630,630,0
2022-03-30 15:06:00,630,630,630,630,0
2022-03-30 15:07:00,630,630,630,630,0
2022-03-30 15:08:00,630,630,630,630,0
2022-03-30 15:09:00,630,630,630,630,0
2022-03-30 15:10:00,630,630,630,630,0
2022-03-30 15:11:00,630,630,630,630,0
2022-03-30 15:12:00,630,630,630,630,0
2022-03-30 15:13:00,630,630,630,630,0
2022-03-30 15:14:00,630,630,630,630,2500
2022-03-30 15:15:00,630,630,630,630,0
2022-03-30 15:16:00,630,630,630,630,0
2022-03-30 15:17:00,630,630,630,630,0
2022-03-30 15:18:00,630,630,630,630,0
2022-03-30 15:19:00,630,630,630,630,0
2022-03-30 15:20:00,630,630,630,630,0
2022-03-30 15:21:00,630,630,630,630,0
2022-03-30 15:22:00,630,630,630,630,0
2022-03-30 15:23:00,630,630,630,630,0
2022-03-30 15:24:00,630,630,630,630,0
2022-03-30 15:25:00,630,630,630,630,0
2022-03-30 15:26:00,630,630,630,630,0
2022-03-30 15:27:00,630,630,630,630,0
2022-03-30 15:28:00,630,630,630,630,0
2022-03-30 15:29:00,630,630,630,630,0
2022-03-30 15:30:00,630,630,630,630,0
2022-03-30 15:31:00,630,630,630,630,0
2022-03-30 15:32:00,630,630,630,630,0
2022-03-30 15:33:00,630,630,630,630,0
2022-03-30 15:34:00,630,630,630,630,0
2022-03-30 15:35:00,630,630,630,630,0
2022-03-30 15:36:00,630,630,630,630,0
2022-03-30 15:37:00,630,630,630,630,0
2022-03-30 15:38:00,630,630,630,630,0
2022-03-30 15:39:00,630,630,630,630,0
2022-03-30 15:40:00,630,630,630,630,0
2022-03-30 15:41:00,630,630,630,630,0
2022-03-30 15:42:00,630,630,630,630,0
2022-03-30 15:43:00,630,630,630,630,0
2022-03-30 15:44:00,630,630,630,630,0
2022-03-30 15:45:00,630,630,630,630,0
2022-03-30 15:46:00,630,630,630,630,0
2022-03-30 15:47:00,630,630,630,630,0
2022-03-30 15:48:00,630,630,630,630,0
2022-03-30 15:49:00,630,630,630,630,0
2022-03-30 15:50:00,630,630,630,630,0
2022-03-30 15:51:00,630,630,630,630,0
2022-03-30 15:52:00,630,630,630,630,0
2022-03-30 15:53:00,630,630,630,630,0
2022-03-30 15:54:00,630,630,630,630,0
2022-03-30 15:55:00,630,630,630,630,0
2022-03-30 15:56:00,630,630,630,630,0
2022-03-30 15:57:00,630,630,630,630,0
2022-03-30 15:58:00,630,630,630,630,0
2022-03-30 15:59:00,630,630,630,630,0
2022-03-31 09:00:00,630,630,630,630,0
2022-03-31 09:01:00,630,630,630,630,0
2022-03-31 09:02:00,630,630,630,630,0
2022-03-31 09:03:00,625,625,625,625,1700
2022-03-31 09:04:00,625,625,625,625,1000
2022-03-31 09:05:00,630,630,630,630,500
2022-03-31 09:06:00,630,630,630,630,0
2022-03-31 09:07:00,625,625,625,625,200
2022-03-31 09:08:00,630,630,630,630,30300
2022-03-31 09:09:00,630,630,630,630,0
2022-03-31 09:10:00,630,630,630,630,1100
2022-03-31 09:11:00,630,630,630,630,300
2022-03-31 09:12:00,630,630,630,630,0
2022-03-31 09:13:00,630,630,630,630,0
2022-03-31 09:14:00,630,630,630,630,600
2022-03-31 09:15:00,630,630,630,630,0
2022-03-31 09:16:00,630,630,630,630,0
2022-03-31 09:17:00,630,630,630,630,0
2022-03-31 09:18:00,630,630,630,630,0
2022-03-31 09:19:00,630,630,630,630,0
2022-03-31 09:20:00,630,630,630,630,1000
2022-03-31 09:21:00,630,630,630,630,0
2022-03-31 09:22:00,630,630,630,630,0
2022-03-31 09:23:00,630,630,630,630,0
2022-03-31 09:24:00,630,630,630,630,0
2022-03-31 09:25:00,630,630,630,630,0
2022-03-31 09:26:00,630,630,630,630,0
2022-03-31 09:27:00,630,630,630,630,0
2022-03-31 09:28:00,630,630,630,630,0
2022-03-31 09:29:00,630,630,630,630,0
2022-03-31 09:30:00,630,630,630,630,0
2022-03-31 09:31:00,630,630,630,630,0
2022-03-31 09:32:00,630,630,630,630,0
2022-03-31 09:33:00,630,630,630,630,0
2022-03-31 09:34:00,625,625,630,630,1900
2022-03-31 09:35:00,625,625,630,630,0
2022-03-31 09:36:00,625,625,630,630,0
2022-03-31 09:37:00,625,625,630,630,0
2022-03-31 09:38:00,630,630,630,630,100
2022-03-31 09:39:00,630,630,630,630,0
2022-03-31 09:40:00,630,630,630,630,0
2022-03-31 09:41:00,630,630,630,630,0
2022-03-31 09:42:00,630,630,630,630,0
2022-03-31 09:43:00,625,625,625,625,4800
2022-03-31 09:44:00,625,625,625,625,0
2022-03-31 09:45:00,630,630,630,630,200
2022-03-31 09:46:00,630,630,630,630,0
2022-03-31 09:47:00,630,630,630,630,0
2022-03-31 09:48:00,630,630,630,630,0
2022-03-31 09:49:00,630,630,630,630,0
2022-03-31 09:50:00,630,630,630,630,0
2022-03-31 09:51:00,630,630,630,630,0
2022-03-31 09:52:00,630,630,630,630,0
2022-03-31 09:53:00,630,630,630,630,0
2022-03-31 09:54:00,630,630,630,630,0
2022-03-31 09:55:00,630,630,630,630,0
2022-03-31 09:56:00,630,630,630,630,0
2022-03-31 09:57:00,630,630,630,630,0
2022-03-31 09:58:00,630,630,630,630,0
2022-03-31 09:59:00,630,630,630,630,0
2022-03-31 10:00:00,630,630,630,630,0
2022-03-31 10:01:00,630,630,630,630,0
2022-03-31 10:02:00,630,630,630,630,0
2022-03-31 10:03:00,630,630,630,630,0
2022-03-31 10:04:00,630,630,630,630,0
2022-03-31 10:05:00,630,630,630,630,0
2022-03-31 10:06:00,630,630,630,630,0
2022-03-31 10:07:00,630,630,630,630,0
2022-03-31 10:08:00,630,630,630,630,0
2022-03-31 10:09:00,630,630,630,630,0
2022-03-31 10:10:00,630,630,630,630,0
2022-03-31 10:11:00,630,630,630,630,0
2022-03-31 10:12:00,630,630,630,630,300
2022-03-31 10:13:00,630,630,630,630,0
2022-03-31 10:14:00,630,630,630,630,0
2022-03-31 10:15:00,630,630,630,630,0
2022-03-31 10:16:00,630,630,630,630,400
2022-03-31 10:17:00,630,630,630,630,0
2022-03-31 10:18:00,630,630,630,630,0
2022-03-31 10:19:00,630,630,630,630,0
2022-03-31 10:20:00,630,630,630,630,0
2022-03-31 10:21:00,630,630,630,630,0
2022-03-31 10:22:00,630,630,630,630,0
2022-03-31 10:23:00,630,630,630,630,0
2022-03-31 10:24:00,630,630,630,630,0
2022-03-31 10:25:00,630,630,630,630,0
2022-03-31 10:26:00,630,630,630,630,0
2022-03-31 10:27:00,630,630,630,630,0
2022-03-31 10:28:00,630,630,630,630,0
2022-03-31 10:29:00,630,630,630,630,0
2022-03-31 10:30:00,630,630,630,630,0
2022-03-31 10:31:00,630,630,630,630,0
2022-03-31 10:32:00,630,630,630,630,0
2022-03-31 10:33:00,630,630,630,630,0
2022-03-31 10:34:00,630,630,630,630,0
2022-03-31 10:35:00,630,630,630,630,0
2022-03-31 10:36:00,630,630,630,630,0
2022-03-31 10:37:00,630,630,630,630,0
2022-03-31 10:38:00,630,630,630,630,0
2022-03-31 10:39:00,630,630,630,630,0
2022-03-31 10:40:00,625,625,625,625,1000
2022-03-31 10:41:00,625,625,625,625,0
2022-03-31 10:42:00,620,620,625,625,2300
2022-03-31 10:43:00,625,625,630,630,2100
2022-03-31 10:44:00,630,630,630,630,300
2022-03-31 10:45:00,630,630,630,630,0
2022-03-31 10:46:00,630,630,630,630,0
2022-03-31 10:47:00,630,630,630,630,0
2022-03-31 10:48:00,630,630,630,630,0
2022-03-31 10:49:00,625,625,625,625,2000
2022-03-31 10:50:00,630,630,630,630,200
2022-03-31 10:51:00,630,630,630,630,0
2022-03-31 10:52:00,630,630,630,630,0
2022-03-31 10:53:00,630,630,630,630,0
2022-03-31 10:54:00,630,630,630,630,0
2022-03-31 10:55:00,630,630,630,630,0
2022-03-31 10:56:00,630,630,630,630,0
2022-03-31 10:57:00,630,630,630,630,0
2022-03-31 10:58:00,630,630,630,630,400
2022-03-31 10:59:00,630,630,630,630,0
2022-03-31 11:00:00,630,630,630,630,0
2022-03-31 11:01:00,630,630,630,630,0
2022-03-31 11:02:00,630,630,630,630,200
2022-03-31 11:03:00,630,630,630,630,0
2022-03-31 11:04:00,630,630,630,630,0
2022-03-31 11:05:00,630,630,630,630,0
2022-03-31 11:06:00,630,630,630,630,0
2022-03-31 11:07:00,630,630,630,630,0
2022-03-31 11:08:00,630,630,630,630,300
2022-03-31 11:09:00,630,630,630,630,0
2022-03-31 11:10:00,630,630,630,630,0
2022-03-31 11:11:00,630,630,630,630,0
2022-03-31 11:12:00,630,630,630,630,0
2022-03-31 11:13:00,630,630,630,630,0
2022-03-31 11:14:00,630,630,630,630,0
2022-03-31 11:15:00,630,630,630,630,0
2022-03-31 11:16:00,630,630,630,630,0
2022-03-31 11:17:00,630,630,630,630,0
2022-03-31 11:18:00,630,630,630,630,0
2022-03-31 11:19:00,630,630,630,630,0
2022-03-31 11:20:00,630,630,630,630,0
2022-03-31 11:21:00,630,630,630,630,300
2022-03-31 11:22:00,630,630,630,630,0
2022-03-31 11:23:00,630,630,630,630,0
2022-03-31 11:24:00,630,630,630,630,0
2022-03-31 11:25:00,630,630,630,630,400
2022-03-31 11:26:00,630,630,630,630,0
2022-03-31 11:27:00,630,630,630,630,200
2022-03-31 11:28:00,630,630,630,630,0
2022-03-31 11:29:00,630,630,630,630,300
2022-03-31 11:30:00,630,630,630,630,0
2022-03-31 11:31:00,630,630,630,630,0
2022-03-31 11:32:00,630,630,630,630,0
2022-03-31 11:33:00,630,630,630,630,0
2022-03-31 11:34:00,630,630,630,630,0
2022-03-31 11:35:00,630,630,630,630,0
2022-03-31 11:36:00,630,630,630,630,0
2022-03-31 11:37:00,630,630,630,630,0
2022-03-31 11:38:00,630,630,630,630,0
2022-03-31 11:39:00,630,630,630,630,0
2022-03-31 11:40:00,630,630,630,630,0
2022-03-31 11:41:00,630,630,630,630,0
2022-03-31 11:42:00,630,630,630,630,0
2022-03-31 11:43:00,630,630,630,630,0
2022-03-31 11:44:00,630,630,630,630,0
2022-03-31 11:45:00,630,630,630,630,0
2022-03-31 11:46:00,630,630,630,630,0
2022-03-31 11:47:00,630,630,630,630,0
2022-03-31 11:48:00,630,630,630,630,0
2022-03-31 11:49:00,630,630,630,630,0
2022-03-31 11:50:00,630,630,630,630,0
2022-03-31 11:51:00,630,630,630,630,0
2022-03-31 11:52:00,630,630,630,630,0
2022-03-31 11:53:00,630,630,630,630,0
2022-03-31 11:54:00,630,630,630,630,0
2022-03-31 11:55:00,630,630,630,630,0
2022-03-31 11:56:00,630,630,630,630,0
2022-03-31 11:57:00,630,630,630,630,0
2022-03-31 11:58:00,630,630,630,630,0
2022-03-31 11:59:00,630,630,630,630,0
2022-03-31 12:00:00,630,630,630,630,0
2022-03-31 12:01:00,630,630,630,630,0
2022-03-31 12:02:00,630,630,630,630,0
2022-03-31 12:03:00,630,630,630,630,0
2022-03-31 12:04:00,630,630,630,630,0
2022-03-31 12:05:00,630,630,630,630,0
2022-03-31 12:06:00,630,630,630,630,0
2022-03-31 12:07:00,630,630,630,630,0
2022-03-31 12:08:00,630,630,630,630,0
2022-03-31 12:09:00,630,630,630,630,0
2022-03-31 12:10:00,630,630,630,630,0
2022-03-31 12:11:00,630,630,630,630,0
2022-03-31 12:12:00,630,630,630,630,0
2022-03-31 12:13:00,630,630,630,630,0
2022-03-31 12:14:00,630,630,630,630,0
2022-03-31 12:15:00,630,630,630,630,0
2022-03-31 12:16:00,630,630,630,630,0
2022-03-31 12:17:00,630,630,630,630,0
2022-03-31 12:18:00,630,630,630,630,0
2022-03-31 12:19:00,630,630,630,630,0
2022-03-31 12:20:00,630,630,630,630,0
2022-03-31 12:21:00,630,630,630,630,0
2022-03-31 12:22:00,630,630,630,630,0
2022-03-31 12:23:00,630,630,630,630,0
2022-03-31 12:24:00,630,630,630,630,0
2022-03-31 12:25:00,630,630,630,630,0
2022-03-31 12:26:00,630,630,630,630,0
2022-03-31 12:27:00,630,630,630,630,0
2022-03-31 12:28:00,630,630,630,630,0
2022-03-31 12:29:00,630,630,630,630,0
2022-03-31 12:30:00,630,630,630,630,0
2022-03-31 12:31:00,630,630,630,630,0
2022-03-31 12:32:00,630,630,630,630,0
2022-03-31 12:33:00,630,630,630,630,0
2022-03-31 12:34:00,630,630,630,630,0
2022-03-31 12:35:00,630,630,630,630,0
2022-03-31 12:36:00,630,630,630,630,0
2022-03-31 12:37:00,630,630,630,630,0
2022-03-31 12:38:00,630,630,630,630,0
2022-03-31 12:39:00,630,630,630,630,0
2022-03-31 12:40:00,630,630,630,630,0
2022-03-31 12:41:00,630,630,630,630,0
2022-03-31 12:42:00,630,630,630,630,0
2022-03-31 12:43:00,630,630,630,630,0
2022-03-31 12:44:00,630,630,630,630,0
2022-03-31 12:45:00,630,630,630,630,0
2022-03-31 12:46:00,630,630,630,630,0
2022-03-31 12:47:00,630,630,630,630,0
2022-03-31 12:48:00,630,630,630,630,0
2022-03-31 12:49:00,630,630,630,630,0
2022-03-31 12:50:00,630,630,630,630,0
2022-03-31 12:51:00,630,630,630,630,0
2022-03-31 12:52:00,630,630,630,630,0
2022-03-31 12:53:00,630,630,630,630,0
2022-03-31 12:54:00,630,630,630,630,0
2022-03-31 12:55:00,630,630,630,630,0
2022-03-31 12:56:00,630,630,630,630,0
2022-03-31 12:57:00,630,630,630,630,0
2022-03-31 12:58:00,630,630,630,630,0
2022-03-31 12:59:00,630,630,630,630,0
2022-03-31 13:00:00,630,630,630,630,0
2022-03-31 13:01:00,630,630,630,630,0
2022-03-31 13:02:00,630,630,630,630,0
2022-03-31 13:03:00,630,630,630,630,0
2022-03-31 13:04:00,630,630,630,630,0
2022-03-31 13:05:00,630,630,630,630,0
2022-03-31 13:06:00,630,630,630,630,0
2022-03-31 13:07:00,630,630,630,630,0
2022-03-31 13:08:00,630,630,630,630,0
2022-03-31 13:09:00,630,630,630,630,0
2022-03-31 13:10:00,630,630,630,630,0
2022-03-31 13:11:00,630,630,630,630,0
2022-03-31 13:12:00,630,630,630,630,0
2022-03-31 13:13:00,630,630,630,630,0
2022-03-31 13:14:00,630,630,630,630,0
2022-03-31 13:15:00,630,630,630,630,0
2022-03-31 13:16:00,630,630,630,630,0
2022-03-31 13:17:00,630,630,630,630,0
2022-03-31 13:18:00,630,630,630,630,0
2022-03-31 13:19:00,630,630,630,630,0
2022-03-31 13:20:00,630,630,630,630,0
2022-03-31 13:21:00,630,630,630,630,0
2022-03-31 13:22:00,630,630,630,630,0
2022-03-31 13:23:00,630,630,630,630,0
2022-03-31 13:24:00,630,630,630,630,0
2022-03-31 13:25:00,630,630,630,630,0
2022-03-31 13:26:00,630,630,630,630,0
2022-03-31 13:27:00,630,630,630,630,0
2022-03-31 13:28:00,630,630,630,630,0
2022-03-31 13:29:00,630,630,630,630,0
2022-03-31 13:30:00,630,630,630,630,0
2022-03-31 13:31:00,630,630,630,630,0
2022-03-31 13:32:00,630,630,630,630,600
2022-03-31 13:33:00,630,630,630,630,0
2022-03-31 13:34:00,630,630,630,630,0
2022-03-31 13:35:00,630,630,630,630,0
2022-03-31 13:36:00,630,630,630,630,0
2022-03-31 13:37:00,630,630,630,630,0
2022-03-31 13:38:00,630,630,630,630,0
2022-03-31 13:39:00,630,630,630,630,0
2022-03-31 13:40:00,630,630,630,630,1000
2022-03-31 13:41:00,630,630,630,630,0
2022-03-31 13:42:00,630,630,630,630,0
2022-03-31 13:43:00,630,630,630,630,0
2022-03-31 13:44:00,630,630,630,630,0
2022-03-31 13:45:00,630,630,630,630,0
2022-03-31 13:46:00,630,630,630,630,0
2022-03-31 13:47:00,630,630,630,630,0
2022-03-31 13:48:00,630,630,630,630,0
2022-03-31 13:49:00,630,630,630,630,0
2022-03-31 13:50:00,630,630,630,630,0
2022-03-31 13:51:00,630,630,630,630,0
2022-03-31 13:52:00,630,630,630,630,0
2022-03-31 13:53:00,630,630,630,630,0
2022-03-31 13:54:00,630,630,630,630,500
2022-03-31 13:55:00,630,630,630,630,0
2022-03-31 13:56:00,630,630,630,630,0
2022-03-31 13:57:00,630,630,630,630,0
2022-03-31 13:58:00,630,630,630,630,0
2022-03-31 13:59:00,630,630,630,630,0
2022-03-31 14:00:00,630,630,630,630,0
2022-03-31 14:01:00,630,630,630,630,0
2022-03-31 14:02:00,630,630,630,630,0
2022-03-31 14:03:00,630,630,630,630,0
2022-03-31 14:04:00,630,630,630,630,0
2022-03-31 14:05:00,630,630,630,630,0
2022-03-31 14:06:00,630,630,630,630,0
2022-03-31 14:07:00,630,630,630,630,0
2022-03-31 14:08:00,630,630,630,630,0
2022-03-31 14:09:00,630,630,630,630,0
2022-03-31 14:10:00,630,630,630,630,0
2022-03-31 14:11:00,630,630,630,630,0
2022-03-31 14:12:00,630,630,630,630,0
2022-03-31 14:13:00,630,630,630,630,1100
2022-03-31 14:14:00,630,630,630,630,0
2022-03-31 14:15:00,630,630,630,630,0
2022-03-31 14:16:00,630,630,630,630,0
2022-03-31 14:17:00,630,630,630,630,0
2022-03-31 14:18:00,630,630,630,630,0
2022-03-31 14:19:00,630,630,630,630,0
2022-03-31 14:20:00,630,630,630,630,0
2022-03-31 14:21:00,630,630,630,630,10000
2022-03-31 14:22:00,630,630,630,630,0
2022-03-31 14:23:00,630,630,630,630,0
2022-03-31 14:24:00,630,630,630,630,0
2022-03-31 14:25:00,630,630,630,630,0
2022-03-31 14:26:00,630,630,630,630,0
2022-03-31 14:27:00,630,630,630,630,0
2022-03-31 14:28:00,630,630,630,630,0
2022-03-31 14:29:00,630,630,630,630,0
2022-03-31 14:30:00,630,630,630,630,300
2022-03-31 14:31:00,630,630,630,630,0
2022-03-31 14:32:00,630,630,630,630,0
2022-03-31 14:33:00,630,630,630,630,0
2022-03-31 14:34:00,630,630,630,630,0
2022-03-31 14:35:00,630,630,630,630,0
2022-03-31 14:36:00,630,630,630,630,0
2022-03-31 14:37:00,630,630,630,630,0
2022-03-31 14:38:00,630,630,630,630,0
2022-03-31 14:39:00,625,625,630,630,600
2022-03-31 14:40:00,630,630,630,630,800
2022-03-31 14:41:00,630,630,630,630,0
2022-03-31 14:42:00,630,630,630,630,0
2022-03-31 14:43:00,630,630,630,630,0
2022-03-31 14:44:00,625,625,630,630,1900
2022-03-31 14:45:00,625,625,630,630,0
2022-03-31 14:46:00,625,610,630,630,155000
2022-03-31 14:47:00,625,610,630,630,0
2022-03-31 14:48:00,630,630,630,630,1400
2022-03-31 14:49:00,630,630,630,630,1100
2022-03-31 14:50:00,630,630,630,630,200
2022-03-31 14:51:00,630,630,630,630,0
2022-03-31 14:52:00,630,630,630,630,0
2022-03-31 14:53:00,630,630,630,630,0
2022-03-31 14:54:00,630,630,630,630,0
2022-03-31 14:55:00,630,630,630,630,0
2022-03-31 14:56:00,630,630,630,630,0
2022-03-31 14:57:00,630,630,630,630,0
2022-03-31 14:58:00,630,630,630,630,0
2022-03-31 14:59:00,630,630,630,630,0
2022-03-31 15:00:00,630,630,630,630,132500
2022-03-31 15:01:00,630,630,630,630,100
2022-03-31 15:02:00,630,630,630,630,0
2022-03-31 15:03:00,630,630,630,630,0
2022-03-31 15:04:00,630,630,630,630,0
2022-03-31 15:05:00,630,630,630,630,0
2022-03-31 15:06:00,630,630,630,630,0
2022-03-31 15:07:00,630,630,630,630,0
2022-03-31 15:08:00,630,630,630,630,0
2022-03-31 15:09:00,630,630,630,630,0
2022-03-31 15:10:00,630,630,630,630,0
2022-03-31 15:11:00,630,630,630,630,0
2022-03-31 15:12:00,630,630,630,630,0
2022-03-31 15:13:00,630,630,630,630,0
2022-03-31 15:14:00,630,630,630,630,0
2022-03-31 15:15:00,630,630,630,630,0
2022-03-31 15:16:00,630,630,630,630,0
2022-03-31 15:17:00,630,630,630,630,0
2022-03-31 15:18:00,630,630,630,630,0
2022-03-31 15:19:00,630,630,630,630,0
2022-03-31 15:20:00,630,630,630,630,0
2022-03-31 15:21:00,630,630,630,630,0
2022-03-31 15:22:00,630,630,630,630,0
2022-03-31 15:23:00,630,630,630,630,0
2022-03-31 15:24:00,630,630,630,630,0
2022-03-31 15:25:00,630,630,630,630,0
2022-03-31 15:26:00,630,630,630,630,0
2022-03-31 15:27:00,630,630,630,630,0
2022-03-31 15:28:00,630,630,630,630,0
2022-03-31 15:29:00,630,630,630,630,0
2022-03-31 15:30:00,630,630,630,630,0
2022-03-31 15:31:00,630,630,630,630,0
2022-03-31 15:32:00,630,630,630,630,0
2022-03-31 15:33:00,630,630,630,630,0
2022-03-31 15:34:00,630,630,630,630,0
2022-03-31 15:35:00,630,630,630,630,0
2022-03-31 15:36:00,630,630,630,630,0
2022-03-31 15:37:00,630,630,630,630,0
2022-03-31 15:38:00,630,630,630,630,0
2022-03-31 15:39:00,630,630,630,630,0
2022-03-31 15:40:00,630,630,630,630,0
2022-03-31 15:41:00,630,630,630,630,0
2022-03-31 15:42:00,630,630,630,630,0
2022-03-31 15:43:00,630,630,630,630,0
2022-03-31 15:44:00,630,630,630,630,0
2022-03-31 15:45:00,630,630,630,630,0
2022-03-31 15:46:00,630,630,630,630,0
2022-03-31 15:47:00,630,630,630,630,0
2022-03-31 15:48:00,630,630,630,630,0
2022-03-31 15:49:00,630,630,630,630,0
2022-03-31 15:50:00,630,630,630,630,0
2022-03-31 15:51:00,630,630,630,630,0
2022-03-31 15:52:00,630,630,630,630,0
2022-03-31 15:53:00,630,630,630,630,0
2022-03-31 15:54:00,630,630,630,630,0
2022-03-31 15:55:00,630,630,630,630,0
2022-03-31 15:56:00,630,630,630,630,0
2022-03-31 15:57:00,630,630,630,630,0
2022-03-31 15:58:00,630,630,630,630,0
2022-03-31 15:59:00,630,630,630,630,0
2022-04-01 09:00:00,630,630,630,630,0
2022-04-01 09:01:00,630,630,630,630,0
2022-04-01 09:02:00,630,630,630,630,0
2022-04-01 09:03:00,630,630,630,630,0
2022-04-01 09:04:00,630,630,630,630,0
2022-04-01 09:05:00,630,630,630,630,0
2022-04-01 09:06:00,630,630,630,630,0
2022-04-01 09:07:00,630,630,630,630,0
2022-04-01 09:08:00,630,630,630,630,0
2022-04-01 09:09:00,630,630,630,630,0
2022-04-01 09:10:00,630,630,630,630,0
2022-04-01 09:11:00,630,630,630,630,500
2022-04-01 09:12:00,630,630,630,630,0
2022-04-01 09:13:00,630,630,630,630,0
2022-04-01 09:14:00,630,630,630,630,0
2022-04-01 09:15:00,630,630,630,630,0
2022-04-01 09:16:00,630,630,630,630,0
2022-04-01 09:17:00,630,630,630,630,0
2022-04-01 09:18:00,630,630,630,630,0
2022-04-01 09:19:00,630,630,630,630,300
2022-04-01 09:20:00,630,630,630,630,0
2022-04-01 09:21:00,630,630,630,630,0
2022-04-01 09:22:00,630,630,630,630,0
2022-04-01 09:23:00,630,630,630,630,300
2022-04-01 09:24:00,630,630,630,630,0
2022-04-01 09:25:00,625,625,625,625,700
2022-04-01 09:26:00,625,625,625,625,10300
2022-04-01 09:27:00,625,625,625,625,0
2022-04-01 09:28:00,625,625,625,625,0
2022-04-01 09:29:00,625,625,625,625,400
2022-04-01 09:30:00,625,625,625,625,0
2022-04-01 09:31:00,620,620,625,625,800
2022-04-01 09:32:00,620,620,625,625,0
2022-04-01 09:33:00,625,625,625,625,100
2022-04-01 09:34:00,625,625,625,625,0
2022-04-01 09:35:00,625,625,625,625,0
2022-04-01 09:36:00,625,625,625,625,300
2022-04-01 09:37:00,625,625,625,625,0
2022-04-01 09:38:00,625,625,625,625,300
2022-04-01 09:39:00,625,625,625,625,0
2022-04-01 09:40:00,625,625,625,625,0
2022-04-01 09:41:00,625,625,625,625,0
2022-04-01 09:42:00,625,625,625,625,0
2022-04-01 09:43:00,625,625,625,625,0
2022-04-01 09:44:00,625,625,625,625,0
2022-04-01 09:45:00,625,625,625,625,300
2022-04-01 09:46:00,625,625,625,625,0
2022-04-01 09:47:00,625,625,625,625,0
2022-04-01 09:48:00,625,625,625,625,0
2022-04-01 09:49:00,625,625,625,625,0
2022-04-01 09:50:00,625,625,625,625,300
2022-04-01 09:51:00,625,625,625,625,0
2022-04-01 09:52:00,625,625,625,625,0
2022-04-01 09:53:00,625,620,625,620,800
2022-04-01 09:54:00,625,625,625,625,300
2022-04-01 09:55:00,620,620,620,620,100
2022-04-01 09:56:00,620,620,625,625,1000
2022-04-01 09:57:00,620,620,625,625,0
2022-04-01 09:58:00,620,620,625,625,0
2022-04-01 09:59:00,620,620,620,620,500
2022-04-01 10:00:00,625,625,625,625,300
2022-04-01 10:01:00,625,625,625,625,0
2022-04-01 10:02:00,625,625,625,625,0
2022-04-01 10:03:00,625,625,625,625,0
2022-04-01 10:04:00,625,625,625,625,0
2022-04-01 10:05:00,625,625,625,625,300
2022-04-01 10:06:00,625,625,625,625,0
2022-04-01 10:07:00,620,620,620,620,100
2022-04-01 10:08:00,625,625,625,625,300
2022-04-01 10:09:00,625,625,625,625,0
2022-04-01 10:10:00,625,625,625,625,0
2022-04-01 10:11:00,625,625,625,625,0
2022-04-01 10:12:00,630,630,630,630,300
2022-04-01 10:13:00,630,630,630,630,0
2022-04-01 10:14:00,630,630,630,630,0
2022-04-01 10:15:00,630,630,630,630,0
2022-04-01 10:16:00,630,630,630,630,0
2022-04-01 10:17:00,630,630,630,630,0
2022-04-01 10:18:00,630,630,630,630,0
2022-04-01 10:19:00,625,625,630,630,400
2022-04-01 10:20:00,630,630,630,630,300
2022-04-01 10:21:00,630,630,630,630,0
2022-04-01 10:22:00,630,630,630,630,0
2022-04-01 10:23:00,625,625,625,625,1400
2022-04-01 10:24:00,630,630,630,630,400
2022-04-01 10:25:00,625,625,630,630,700
2022-04-01 10:26:00,625,625,630,630,0
2022-04-01 10:27:00,625,625,630,630,0
2022-04-01 10:28:00,625,625,630,630,0
2022-04-01 10:29:00,625,625,630,630,0
2022-04-01 10:30:00,630,630,630,630,200
2022-04-01 10:31:00,630,630,630,630,0
2022-04-01 10:32:00,630,630,630,630,0
2022-04-01 10:33:00,630,630,630,630,0
2022-04-01 10:34:00,630,630,630,630,0
2022-04-01 10:35:00,630,630,630,630,0
2022-04-01 10:36:00,630,630,630,630,0
2022-04-01 10:37:00,630,630,630,630,0
2022-04-01 10:38:00,630,630,630,630,0
2022-04-01 10:39:00,630,630,630,630,0
2022-04-01 10:40:00,630,630,630,630,0
2022-04-01 10:41:00,630,630,630,630,0
2022-04-01 10:42:00,630,630,630,630,0
2022-04-01 10:43:00,630,630,630,630,0
2022-04-01 10:44:00,630,630,630,630,0
2022-04-01 10:45:00,630,630,630,630,0
2022-04-01 10:46:00,630,630,630,630,0
2022-04-01 10:47:00,630,630,630,630,0
2022-04-01 10:48:00,630,630,630,630,0
2022-04-01 10:49:00,630,630,630,630,0
2022-04-01 10:50:00,630,630,630,630,0
2022-04-01 10:51:00,630,630,630,630,0
2022-04-01 10:52:00,630,630,630,630,0
2022-04-01 10:53:00,630,630,630,630,0
2022-04-01 10:54:00,630,630,630,630,0
2022-04-01 10:55:00,630,630,630,630,50000
2022-04-01 10:56:00,630,630,630,630,0
2022-04-01 10:57:00,630,630,630,630,0
2022-04-01 10:58:00,630,630,630,630,300
2022-04-01 10:59:00,630,630,630,630,0
2022-04-01 11:00:00,630,630,630,630,0
2022-04-01 11:01:00,630,630,630,630,0
2022-04-01 11:02:00,630,630,630,630,0
2022-04-01 11:03:00,630,630,630,630,0
2022-04-01 11:04:00,630,630,630,630,0
2022-04-01 11:05:00,630,630,630,630,0
2022-04-01 11:06:00,630,630,630,630,0
2022-04-01 11:07:00,630,630,630,630,0
2022-04-01 11:08:00,630,630,630,630,0
2022-04-01 11:09:00,630,630,630,630,0
2022-04-01 11:10:00,630,630,630,630,0
2022-04-01 11:11:00,630,630,630,630,0
2022-04-01 11:12:00,630,630,630,630,0
2022-04-01 11:13:00,630,630,630,630,0
2022-04-01 11:14:00,630,630,630,630,0
2022-04-01 11:15:00,630,630,630,630,0
2022-04-01 11:16:00,630,630,630,630,0
2022-04-01 11:17:00,630,630,630,630,400
2022-04-01 11:18:00,630,630,630,630,0
2022-04-01 11:19:00,630,630,630,630,0
2022-04-01 11:20:00,630,630,630,630,0
2022-04-01 11:21:00,630,630,630,630,0
2022-04-01 11:22:00,630,630,630,630,0
2022-04-01 11:23:00,630,630,630,630,0
2022-04-01 11:24:00,630,630,630,630,300
2022-04-01 11:25:00,630,630,630,630,0
2022-04-01 11:26:00,630,630,630,630,0
2022-04-01 11:27:00,630,630,630,630,0
2022-04-01 11:28:00,630,630,630,630,0
2022-04-01 11:29:00,630,630,630,630,500
2022-04-01 11:30:00,630,630,630,630,0
2022-04-01 11:31:00,630,630,630,630,0
2022-04-01 11:32:00,630,630,630,630,0
2022-04-01 11:33:00,630,630,630,630,0
2022-04-01 11:34:00,630,630,630,630,0
2022-04-01 11:35:00,630,630,630,630,0
2022-04-01 11:36:00,630,630,630,630,0
2022-04-01 11:37:00,630,630,630,630,0
2022-04-01 11:38:00,630,630,630,630,0
2022-04-01 11:39:00,630,630,630,630,0
2022-04-01 11:40:00,630,630,630,630,0
2022-04-01 11:41:00,630,630,630,630,0
2022-04-01 11:42:00,630,630,630,630,0
2022-04-01 11:43:00,630,630,630,630,0
2022-04-01 11:44:00,630,630,630,630,0
2022-04-01 11:45:00,630,630,630,630,0
2022-04-01 11:46:00,630,630,630,630,0
2022-04-01 11:47:00,630,630,630,630,0
2022-04-01 11:48:00,630,630,630,630,0
2022-04-01 11:49:00,630,630,630,630,0
2022-04-01 11:50:00,630,630,630,630,0
2022-04-01 11:51:00,630,630,630,630,0
2022-04-01 11:52:00,630,630,630,630,0
2022-04-01 11:53:00,630,630,630,630,0
2022-04-01 11:54:00,630,630,630,630,0
2022-04-01 11:55:00,630,630,630,630,0
2022-04-01 11:56:00,630,630,630,630,0
2022-04-01 11:57:00,630,630,630,630,0
2022-04-01 11:58:00,630,630,630,630,0
2022-04-01 11:59:00,630,630,630,630,0
2022-04-01 12:00:00,630,630,630,630,0
2022-04-01 12:01:00,630,630,630,630,0
2022-04-01 12:02:00,630,630,630,630,0
2022-04-01 12:03:00,630,630,630,630,0
2022-04-01 12:04:00,630,630,630,630,0
2022-04-01 12:05:00,630,630,630,630,0
2022-04-01 12:06:00,630,630,630,630,0
2022-04-01 12:07:00,630,630,630,630,0
2022-04-01 12:08:00,630,630,630,630,0
2022-04-01 12:09:00,630,630,630,630,0
2022-04-01 12:10:00,630,630,630,630,0
2022-04-01 12:11:00,630,630,630,630,0
2022-04-01 12:12:00,630,630,630,630,0
2022-04-01 12:13:00,630,630,630,630,0
2022-04-01 12:14:00,630,630,630,630,0
2022-04-01 12:15:00,630,630,630,630,0
2022-04-01 12:16:00,630,630,630,630,0
2022-04-01 12:17:00,630,630,630,630,0
2022-04-01 12:18:00,630,630,630,630,0
2022-04-01 12:19:00,630,630,630,630,0
2022-04-01 12:20:00,630,630,630,630,0
2022-04-01 12:21:00,630,630,630,630,0
2022-04-01 12:22:00,630,630,630,630,0
2022-04-01 12:23:00,630,630,630,630,0
2022-04-01 12:24:00,630,630,630,630,0
2022-04-01 12:25:00,630,630,630,630,0
2022-04-01 12:26:00,630,630,630,630,0
2022-04-01 12:27:00,630,630,630,630,0
2022-04-01 12:28:00,630,630,630,630,0
2022-04-01 12:29:00,630,630,630,630,0
2022-04-01 12:30:00,630,630,630,630,0
2022-04-01 12:31:00,630,630,630,630,0
2022-04-01 12:32:00,630,630,630,630,0
2022-04-01 12:33:00,630,630,630,630,0
2022-04-01 12:34:00,630,630,630,630,0
2022-04-01 12:35:00,630,630,630,630,0
2022-04-01 12:36:00,630,630,630,630,0
2022-04-01 12:37:00,630,630,630,630,0
2022-04-01 12:38:00,630,630,630,630,0
2022-04-01 12:39:00,630,630,630,630,0
2022-04-01 12:40:00,630,630,630,630,0
2022-04-01 12:41:00,630,630,630,630,0
2022-04-01 12:42:00,630,630,630,630,0
2022-04-01 12:43:00,630,630,630,630,0
2022-04-01 12:44:00,630,630,630,630,0
2022-04-01 12:45:00,630,630,630,630,0
2022-04-01 12:46:00,630,630,630,630,0
2022-04-01 12:47:00,630,630,630,630,0
2022-04-01 12:48:00,630,630,630,630,0
2022-04-01 12:49:00,630,630,630,630,0
2022-04-01 12:50:00,630,630,630,630,0
2022-04-01 12:51:00,630,630,630,630,0
2022-04-01 12:52:00,630,630,630,630,0
2022-04-01 12:53:00,630,630,630,630,0
2022-04-01 12:54:00,630,630,630,630,0
2022-04-01 12:55:00,630,630,630,630,0
2022-04-01 12:56:00,630,630,630,630,0
2022-04-01 12:57:00,630,630,630,630,0
2022-04-01 12:58:00,630,630,630,630,0
2022-04-01 12:59:00,630,630,630,630,0
2022-04-01 13:00:00,630,630,630,630,0
2022-04-01 13:01:00,630,630,630,630,0
2022-04-01 13:02:00,630,630,630,630,0
2022-04-01 13:03:00,630,630,630,630,0
2022-04-01 13:04:00,630,630,630,630,0
2022-04-01 13:05:00,630,630,630,630,0
2022-04-01 13:06:00,630,630,630,630,0
2022-04-01 13:07:00,630,630,630,630,0
2022-04-01 13:08:00,630,630,630,630,0
2022-04-01 13:09:00,630,630,630,630,0
2022-04-01 13:10:00,630,630,630,630,0
2022-04-01 13:11:00,630,630,630,630,0
2022-04-01 13:12:00,630,630,630,630,0
2022-04-01 13:13:00,630,630,630,630,0
2022-04-01 13:14:00,630,630,630,630,0
2022-04-01 13:15:00,630,630,630,630,0
2022-04-01 13:16:00,630,630,630,630,0
2022-04-01 13:17:00,630,630,630,630,0
2022-04-01 13:18:00,630,630,630,630,0
2022-04-01 13:19:00,630,630,630,630,0
2022-04-01 13:20:00,630,630,630,630,0
2022-04-01 13:21:00,630,630,630,630,0
2022-04-01 13:22:00,630,630,630,630,0
2022-04-01 13:23:00,630,630,630,630,0
2022-04-01 13:24:00,630,630,630,630,0
2022-04-01 13:25:00,630,630,630,630,0
2022-04-01 13:26:00,630,630,630,630,0
2022-04-01 13:27:00,630,630,630,630,0
2022-04-01 13:28:00,630,630,630,630,0
2022-04-01 13:29:00,630,630,630,630,0
2022-04-01 13:30:00,630,630,630,630,10900
2022-04-01 13:31:00,630,630,630,630,0
2022-04-01 13:32:00,630,630,630,630,0
2022-04-01 13:33:00,630,630,630,630,0
2022-04-01 13:34:00,630,630,630,630,1100
2022-04-01 13:35:00,630,630,630,630,0
2022-04-01 13:36:00,630,630,630,630,0
2022-04-01 13:37:00,630,630,630,630,0
2022-04-01 13:38:00,630,630,630,630,0
2022-04-01 13:39:00,630,630,630,630,0
2022-04-01 13:40:00,630,630,630,630,0
2022-04-01 13:41:00,630,630,630,630,0
2022-04-01 13:42:00,630,630,630,630,0
2022-04-01 13:43:00,630,630,630,630,0
2022-04-01 13:44:00,630,630,630,630,0
2022-04-01 13:45:00,630,630,630,630,0
2022-04-01 13:46:00,625,625,625,625,5700
2022-04-01 13:47:00,625,620,625,620,17300
2022-04-01 13:48:00,630,630,630,630,300
2022-04-01 13:49:00,630,620,630,620,3300
2022-04-01 13:50:00,625,610,630,630,81500
2022-04-01 13:51:00,625,610,630,630,0
2022-04-01 13:52:00,625,625,625,625,1700
2022-04-01 13:53:00,625,625,625,625,1000
2022-04-01 13:54:00,625,625,625,625,300
2022-04-01 13:55:00,625,625,625,625,0
2022-04-01 13:56:00,625,625,625,625,500
2022-04-01 13:57:00,625,625,625,625,200
2022-04-01 13:58:00,625,625,625,625,300
2022-04-01 13:59:00,625,625,625,625,0
2022-04-01 14:00:00,625,625,625,625,0
2022-04-01 14:01:00,625,625,625,625,0
2022-04-01 14:02:00,625,625,625,625,0
2022-04-01 14:03:00,625,625,625,625,300
2022-04-01 14:04:00,625,625,625,625,0
2022-04-01 14:05:00,625,625,625,625,0
2022-04-01 14:06:00,625,625,625,625,0
2022-04-01 14:07:00,625,625,625,625,0
2022-04-01 14:08:00,625,625,625,625,0
2022-04-01 14:09:00,625,625,625,625,0
2022-04-01 14:10:00,625,625,625,625,500
2022-04-01 14:11:00,625,625,625,625,0
2022-04-01 14:12:00,625,625,625,625,0
2022-04-01 14:13:00,625,625,625,625,0
2022-04-01 14:14:00,625,625,625,625,900
2022-04-01 14:15:00,625,625,625,625,0
2022-04-01 14:16:00,625,625,625,625,0
2022-04-01 14:17:00,625,625,625,625,0
2022-04-01 14:18:00,625,625,625,625,0
2022-04-01 14:19:00,625,625,625,625,1000
2022-04-01 14:20:00,625,625,625,625,0
2022-04-01 14:21:00,625,625,625,625,0
2022-04-01 14:22:00,625,625,625,625,0
2022-04-01 14:23:00,625,625,625,625,1000
2022-04-01 14:24:00,625,625,625,625,0
2022-04-01 14:25:00,625,625,625,625,0
2022-04-01 14:26:00,625,625,625,625,0
2022-04-01 14:27:00,625,625,625,625,1200
2022-04-01 14:28:00,625,625,625,625,1000
2022-04-01 14:29:00,625,625,625,625,0
2022-04-01 14:30:00,625,625,625,625,400
2022-04-01 14:31:00,625,625,625,625,0
2022-04-01 14:32:00,625,625,625,625,600
2022-04-01 14:33:00,625,625,625,625,0
2022-04-01 14:34:00,625,625,625,625,400
2022-04-01 14:35:00,625,625,625,625,600
2022-04-01 14:36:00,625,625,625,625,0
2022-04-01 14:37:00,625,625,625,625,500
2022-04-01 14:38:00,625,625,625,625,500
2022-04-01 14:39:00,625,625,625,625,0
2022-04-01 14:40:00,625,625,625,625,0
2022-04-01 14:41:00,625,625,625,625,400
2022-04-01 14:42:00,625,625,630,630,15800
2022-04-01 14:43:00,630,630,630,630,500
2022-04-01 14:44:00,630,630,630,630,500
2022-04-01 14:45:00,630,630,630,630,0
2022-04-01 14:46:00,625,600,635,635,303600
2022-04-01 14:47:00,625,600,635,635,0
2022-04-01 14:48:00,635,620,635,620,7800
2022-04-01 14:49:00,630,615,630,625,700
2022-04-01 14:50:00,630,615,630,625,0
2022-04-01 14:51:00,630,615,630,625,0
2022-04-01 14:52:00,630,615,630,625,0
2022-04-01 14:53:00,630,615,630,625,0
2022-04-01 14:54:00,630,615,630,625,0
2022-04-01 14:55:00,630,615,630,625,0
2022-04-01 14:56:00,630,615,630,625,0
2022-04-01 14:57:00,630,615,630,625,0
2022-04-01 14:58:00,630,615,630,625,0
2022-04-01 14:59:00,630,615,630,625,0
2022-04-01 15:00:00,625,625,625,625,180300
2022-04-01 15:01:00,625,625,625,625,100
2022-04-01 15:02:00,625,625,625,625,0
2022-04-01 15:03:00,625,625,625,625,0
2022-04-01 15:04:00,625,625,625,625,0
2022-04-01 15:05:00,625,625,625,625,0
2022-04-01 15:06:00,625,625,625,625,0
2022-04-01 15:07:00,625,625,625,625,0
2022-04-01 15:08:00,625,625,625,625,0
2022-04-01 15:09:00,625,625,625,625,0
2022-04-01 15:10:00,625,625,625,625,0
2022-04-01 15:11:00,625,625,625,625,0
2022-04-01 15:12:00,625,625,625,625,0
2022-04-01 15:13:00,625,625,625,625,0
2022-04-01 15:14:00,625,625,625,625,0
2022-04-01 15:15:00,625,625,625,625,0
2022-04-01 15:16:00,625,625,625,625,0
2022-04-01 15:17:00,625,625,625,625,0
2022-04-01 15:18:00,625,625,625,625,0
2022-04-01 15:19:00,625,625,625,625,0
2022-04-01 15:20:00,625,625,625,625,0
2022-04-01 15:21:00,625,625,625,625,0
2022-04-01 15:22:00,625,625,625,625,0
2022-04-01 15:23:00,625,625,625,625,0
2022-04-01 15:24:00,625,625,625,625,0
2022-04-01 15:25:00,625,625,625,625,0
2022-04-01 15:26:00,625,625,625,625,0
2022-04-01 15:27:00,625,625,625,625,0
2022-04-01 15:28:00,625,625,625,625,0
2022-04-01 15:29:00,625,625,625,625,0
2022-04-01 15:30:00,625,625,625,625,0
2022-04-01 15:31:00,625,625,625,625,0
2022-04-01 15:32:00,625,625,625,625,0
2022-04-01 15:33:00,625,625,625,625,0
2022-04-01 15:34:00,625,625,625,625,0
2022-04-01 15:35:00,625,625,625,625,0
2022-04-01 15:36:00,625,625,625,625,0
2022-04-01 15:37:00,625,625,625,625,0
2022-04-01 15:38:00,625,625,625,625,0
2022-04-01 15:39:00,625,625,625,625,0
2022-04-01 15:40:00,625,625,625,625,0
2022-04-01 15:41:00,625,625,625,625,0
2022-04-01 15:42:00,625,625,625,625,0
2022-04-01 15:43:00,625,625,625,625,0
2022-04-01 15:44:00,625,625,625,625,0
2022-04-01 15:45:00,625,625,625,625,0
2022-04-01 15:46:00,625,625,625,625,0
2022-04-01 15:47:00,625,625,625,625,0
2022-04-01 15:48:00,625,625,625,625,0
2022-04-01 15:49:00,625,625,625,625,0
2022-04-01 15:50:00,625,625,625,625,0
2022-04-01 15:51:00,625,625,625,625,0
2022-04-01 15:52:00,625,625,625,625,0
2022-04-01 15:53:00,625,625,625,625,0
2022-04-01 15:54:00,625,625,625,625,0
2022-04-01 15:55:00,625,625,625,625,0
2022-04-01 15:56:00,625,625,625,625,0
2022-04-01 15:57:00,625,625,625,625,0
2022-04-01 15:58:00,625,625,625,625,0
2022-04-01 15:59:00,625,625,625,625,0
2022-04-04 09:00:00,620,620,620,620,0
2022-04-04 09:01:00,625,625,625,625,800
2022-04-04 09:02:00,625,625,625,625,0
2022-04-04 09:03:00,625,625,625,625,0
2022-04-04 09:04:00,625,625,625,625,0
2022-04-04 09:05:00,625,625,625,625,0
2022-04-04 09:06:00,625,625,625,625,0
2022-04-04 09:07:00,625,625,625,625,0
2022-04-04 09:08:00,625,625,625,625,0
2022-04-04 09:09:00,625,625,625,625,0
2022-04-04 09:10:00,625,625,625,625,0
2022-04-04 09:11:00,625,625,625,625,0
2022-04-04 09:12:00,625,625,625,625,0
2022-04-04 09:13:00,625,625,625,625,0
2022-04-04 09:14:00,625,625,625,625,0
2022-04-04 09:15:00,625,625,625,625,0
2022-04-04 09:16:00,625,625,625,625,0
2022-04-04 09:17:00,625,625,625,625,0
2022-04-04 09:18:00,625,625,625,625,0
2022-04-04 09:19:00,625,625,625,625,0
2022-04-04 09:20:00,625,625,625,625,0
2022-04-04 09:21:00,625,625,625,625,0
2022-04-04 09:22:00,625,625,625,625,0
2022-04-04 09:23:00,625,625,625,625,0
2022-04-04 09:24:00,620,620,620,620,2100
2022-04-04 09:25:00,620,620,620,620,0
2022-04-04 09:26:00,620,620,620,620,0
2022-04-04 09:27:00,620,620,620,620,200
2022-04-04 09:28:00,620,620,620,620,0
2022-04-04 09:29:00,620,620,620,620,0
2022-04-04 09:30:00,620,620,620,620,0
2022-04-04 09:31:00,620,620,620,620,0
2022-04-04 09:32:00,620,620,620,620,0
2022-04-04 09:33:00,620,620,620,620,0
2022-04-04 09:34:00,620,620,620,620,0
2022-04-04 09:35:00,620,620,620,620,0
2022-04-04 09:36:00,620,620,620,620,5000
2022-04-04 09:37:00,620,620,620,620,0
2022-04-04 09:38:00,620,620,620,620,0
2022-04-04 09:39:00,620,620,620,620,0
2022-04-04 09:40:00,620,620,620,620,0
2022-04-04 09:41:00,620,620,620,620,0
2022-04-04 09:42:00,620,620,620,620,0
2022-04-04 09:43:00,620,620,620,620,0
2022-04-04 09:44:00,620,620,620,620,0
2022-04-04 09:45:00,620,620,620,620,0
2022-04-04 09:46:00,615,600,625,625,250000
2022-04-04 09:47:00,625,620,625,620,13500
2022-04-04 09:48:00,625,620,625,620,0
2022-04-04 09:49:00,625,620,625,620,0
2022-04-04 09:50:00,625,620,625,620,0
2022-04-04 09:51:00,625,620,625,620,0
2022-04-04 09:52:00,625,620,625,620,0
2022-04-04 09:53:00,625,620,625,620,0
2022-04-04 09:54:00,620,620,620,620,600
2022-04-04 09:55:00,620,620,620,620,0
2022-04-04 09:56:00,620,620,620,620,0
2022-04-04 09:57:00,620,620,620,620,0
2022-04-04 09:58:00,620,620,620,620,0
2022-04-04 09:59:00,620,620,620,620,0
2022-04-04 10:00:00,620,620,620,620,0
2022-04-04 10:01:00,620,620,620,620,0
2022-04-04 10:02:00,620,620,620,620,0
2022-04-04 10:03:00,620,620,620,620,0
2022-04-04 10:04:00,620,620,620,620,0
2022-04-04 10:05:00,620,620,620,620,0
2022-04-04 10:06:00,620,620,620,620,0
2022-04-04 10:07:00,620,620,620,620,0
2022-04-04 10:08:00,620,620,620,620,1600
2022-04-04 10:09:00,620,620,620,620,0
2022-04-04 10:10:00,620,620,620,620,0
2022-04-04 10:11:00,620,620,620,620,0
2022-04-04 10:12:00,620,620,620,620,0
2022-04-04 10:13:00,620,620,620,620,0
2022-04-04 10:14:00,620,620,620,620,400
2022-04-04 10:15:00,620,620,620,620,0
2022-04-04 10:16:00,620,620,620,620,0
2022-04-04 10:17:00,620,620,620,620,0
2022-04-04 10:18:00,620,620,620,620,0
2022-04-04 10:19:00,620,620,620,620,0
2022-04-04 10:20:00,620,620,620,620,0
2022-04-04 10:21:00,620,620,620,620,0
2022-04-04 10:22:00,615,615,615,615,900
2022-04-04 10:23:00,615,615,620,620,4300
2022-04-04 10:24:00,620,620,620,620,800
2022-04-04 10:25:00,620,620,620,620,0
2022-04-04 10:26:00,620,620,620,620,0
2022-04-04 10:27:00,620,620,620,620,0
2022-04-04 10:28:00,620,620,620,620,0
2022-04-04 10:29:00,620,620,620,620,0
2022-04-04 10:30:00,620,620,620,620,0
2022-04-04 10:31:00,615,600,615,615,130000
2022-04-04 10:32:00,620,620,620,620,200
2022-04-04 10:33:00,620,620,620,620,0
2022-04-04 10:34:00,615,615,615,615,900
2022-04-04 10:35:00,615,615,620,620,7500
2022-04-04 10:36:00,615,615,615,615,600
2022-04-04 10:37:00,615,615,615,615,0
2022-04-04 10:38:00,610,600,620,620,145000
2022-04-04 10:39:00,610,600,620,620,0
2022-04-04 10:40:00,620,620,620,620,700
2022-04-04 10:41:00,620,620,620,620,1000
2022-04-04 10:42:00,620,615,620,615,1200
2022-04-04 10:43:00,615,615,620,620,500
2022-04-04 10:44:00,615,615,620,620,0
2022-04-04 10:45:00,620,620,620,620,200
2022-04-04 10:46:00,620,620,620,620,0
2022-04-04 10:47:00,615,610,615,610,1400
2022-04-04 10:48:00,615,615,615,615,300
2022-04-04 10:49:00,610,610,615,615,400
2022-04-04 10:50:00,615,615,615,615,10000
2022-04-04 10:51:00,615,615,615,615,10500
2022-04-04 10:52:00,615,615,615,615,0
2022-04-04 10:53:00,615,615,615,615,0
2022-04-04 10:54:00,615,610,615,615,4100
2022-04-04 10:55:00,615,615,615,615,700
2022-04-04 10:56:00,615,615,615,615,0
2022-04-04 10:57:00,615,615,615,615,1000
2022-04-04 10:58:00,615,615,615,615,0
2022-04-04 10:59:00,610,610,610,610,700
2022-04-04 11:00:00,610,610,610,610,0
2022-04-04 11:01:00,610,610,615,615,600
2022-04-04 11:02:00,615,610,615,610,1100
2022-04-04 11:03:00,615,615,615,615,300
2022-04-04 11:04:00,615,615,615,615,0
2022-04-04 11:05:00,615,615,615,615,0
2022-04-04 11:06:00,610,610,610,610,100
2022-04-04 11:07:00,615,615,615,615,300
2022-04-04 11:08:00,615,615,615,615,0
2022-04-04 11:09:00,615,615,615,615,0
2022-04-04 11:10:00,610,605,610,605,1000
2022-04-04 11:11:00,605,605,615,615,500
2022-04-04 11:12:00,605,605,615,615,0
2022-04-04 11:13:00,615,615,615,615,200
2022-04-04 11:14:00,615,615,615,615,1000
2022-04-04 11:15:00,615,615,615,615,0
2022-04-04 11:16:00,615,615,615,615,0
2022-04-04 11:17:00,615,615,615,615,0
2022-04-04 11:18:00,610,610,615,615,400
2022-04-04 11:19:00,610,610,615,615,0
2022-04-04 11:20:00,610,610,615,615,1300
2022-04-04 11:21:00,610,610,615,615,0
2022-04-04 11:22:00,615,615,615,615,600
2022-04-04 11:23:00,615,615,615,615,0
2022-04-04 11:24:00,615,615,615,615,0
2022-04-04 11:25:00,610,610,610,610,100
2022-04-04 11:26:00,615,615,615,615,300
2022-04-04 11:27:00,610,610,610,610,700
2022-04-04 11:28:00,615,615,615,615,300
2022-04-04 11:29:00,615,615,615,615,700
2022-04-04 11:30:00,615,615,615,615,0
2022-04-04 11:31:00,615,615,615,615,0
2022-04-04 11:32:00,615,615,615,615,0
2022-04-04 11:33:00,615,615,615,615,0
2022-04-04 11:34:00,615,615,615,615,0
2022-04-04 11:35:00,615,615,615,615,0
2022-04-04 11:36:00,615,615,615,615,0
2022-04-04 11:37:00,615,615,615,615,0
2022-04-04 11:38:00,615,615,615,615,0
2022-04-04 11:39:00,615,615,615,615,0
2022-04-04 11:40:00,615,615,615,615,0
2022-04-04 11:41:00,615,615,615,615,0
2022-04-04 11:42:00,615,615,615,615,0
2022-04-04 11:43:00,615,615,615,615,0
2022-04-04 11:44:00,615,615,615,615,0
2022-04-04 11:45:00,615,615,615,615,0
2022-04-04 11:46:00,615,615,615,615,0
2022-04-04 11:47:00,615,615,615,615,0
2022-04-04 11:48:00,615,615,615,615,0
2022-04-04 11:49:00,615,615,615,615,0
2022-04-04 11:50:00,615,615,615,615,0
2022-04-04 11:51:00,615,615,615,615,0
2022-04-04 11:52:00,615,615,615,615,0
2022-04-04 11:53:00,615,615,615,615,0
2022-04-04 11:54:00,615,615,615,615,0
2022-04-04 11:55:00,615,615,615,615,0
2022-04-04 11:56:00,615,615,615,615,0
2022-04-04 11:57:00,615,615,615,615,0
2022-04-04 11:58:00,615,615,615,615,0
2022-04-04 11:59:00,615,615,615,615,0
2022-04-04 12:00:00,615,615,615,615,0
2022-04-04 12:01:00,615,615,615,615,0
2022-04-04 12:02:00,615,615,615,615,0
2022-04-04 12:03:00,615,615,615,615,0
2022-04-04 12:04:00,615,615,615,615,0
2022-04-04 12:05:00,615,615,615,615,0
2022-04-04 12:06:00,615,615,615,615,0
2022-04-04 12:07:00,615,615,615,615,0
2022-04-04 12:08:00,615,615,615,615,0
2022-04-04 12:09:00,615,615,615,615,0
2022-04-04 12:10:00,615,615,615,615,0
2022-04-04 12:11:00,615,615,615,615,0
2022-04-04 12:12:00,615,615,615,615,0
2022-04-04 12:13:00,615,615,615,615,0
2022-04-04 12:14:00,615,615,615,615,0
2022-04-04 12:15:00,615,615,615,615,0
2022-04-04 12:16:00,615,615,615,615,0
2022-04-04 12:17:00,615,615,615,615,0
2022-04-04 12:18:00,615,615,615,615,0
2022-04-04 12:19:00,615,615,615,615,0
2022-04-04 12:20:00,615,615,615,615,0
2022-04-04 12:21:00,615,615,615,615,0
2022-04-04 12:22:00,615,615,615,615,0
2022-04-04 12:23:00,615,615,615,615,0
2022-04-04 12:24:00,615,615,615,615,0
2022-04-04 12:25:00,615,615,615,615,0
2022-04-04 12:26:00,615,615,615,615,0
2022-04-04 12:27:00,615,615,615,615,0
2022-04-04 12:28:00,615,615,615,615,0
2022-04-04 12:29:00,615,615,615,615,0
2022-04-04 12:30:00,615,615,615,615,0
2022-04-04 12:31:00,615,615,615,615,0
2022-04-04 12:32:00,615,615,615,615,0
2022-04-04 12:33:00,615,615,615,615,0
2022-04-04 12:34:00,615,615,615,615,0
2022-04-04 12:35:00,615,615,615,615,0
2022-04-04 12:36:00,615,615,615,615,0
2022-04-04 12:37:00,615,615,615,615,0
2022-04-04 12:38:00,615,615,615,615,0
2022-04-04 12:39:00,615,615,615,615,0
2022-04-04 12:40:00,615,615,615,615,0
2022-04-04 12:41:00,615,615,615,615,0
2022-04-04 12:42:00,615,615,615,615,0
2022-04-04 12:43:00,615,615,615,615,0
2022-04-04 12:44:00,615,615,615,615,0
2022-04-04 12:45:00,615,615,615,615,0
2022-04-04 12:46:00,615,615,615,615,0
2022-04-04 12:47:00,615,615,615,615,0
2022-04-04 12:48:00,615,615,615,615,0
2022-04-04 12:49:00,615,615,615,615,0
2022-04-04 12:50:00,615,615,615,615,0
2022-04-04 12:51:00,615,615,615,615,0
2022-04-04 12:52:00,615,615,615,615,0
2022-04-04 12:53:00,615,615,615,615,0
2022-04-04 12:54:00,615,615,615,615,0
2022-04-04 12:55:00,615,615,615,615,0
2022-04-04 12:56:00,615,615,615,615,0
2022-04-04 12:57:00,615,615,615,615,0
2022-04-04 12:58:00,615,615,615,615,0
2022-04-04 12:59:00,615,615,615,615,0
2022-04-04 13:00:00,615,615,615,615,0
2022-04-04 13:01:00,615,615,615,615,0
2022-04-04 13:02:00,615,615,615,615,0
2022-04-04 13:03:00,615,615,615,615,0
2022-04-04 13:04:00,615,615,615,615,0
2022-04-04 13:05:00,615,615,615,615,0
2022-04-04 13:06:00,615,615,615,615,0
2022-04-04 13:07:00,615,615,615,615,0
2022-04-04 13:08:00,615,615,615,615,0
2022-04-04 13:09:00,615,615,615,615,0
2022-04-04 13:10:00,615,615,615,615,0
2022-04-04 13:11:00,615,615,615,615,0
2022-04-04 13:12:00,615,615,615,615,0
2022-04-04 13:13:00,615,615,615,615,0
2022-04-04 13:14:00,615,615,615,615,0
2022-04-04 13:15:00,615,615,615,615,0
2022-04-04 13:16:00,615,615,615,615,0
2022-04-04 13:17:00,615,615,615,615,0
2022-04-04 13:18:00,615,615,615,615,0
2022-04-04 13:19:00,615,615,615,615,0
2022-04-04 13:20:00,615,615,615,615,0
2022-04-04 13:21:00,615,615,615,615,0
2022-04-04 13:22:00,615,615,615,615,0
2022-04-04 13:23:00,615,615,615,615,0
2022-04-04 13:24:00,615,615,615,615,0
2022-04-04 13:25:00,615,615,615,615,0
2022-04-04 13:26:00,615,615,615,615,0
2022-04-04 13:27:00,615,615,615,615,0
2022-04-04 13:28:00,615,615,615,615,0
2022-04-04 13:29:00,615,615,615,615,0
2022-04-04 13:30:00,615,615,615,615,600
2022-04-04 13:31:00,615,615,615,615,1000
2022-04-04 13:32:00,615,615,615,615,0
2022-04-04 13:33:00,615,615,615,615,0
2022-04-04 13:34:00,615,615,615,615,0
2022-04-04 13:35:00,615,615,615,615,0
2022-04-04 13:36:00,615,615,615,615,0
2022-04-04 13:37:00,615,615,615,615,0
2022-04-04 13:38:00,615,615,615,615,0
2022-04-04 13:39:00,615,615,615,615,0
2022-04-04 13:40:00,615,615,615,615,0
2022-04-04 13:41:00,615,615,615,615,0
2022-04-04 13:42:00,615,615,615,615,500
2022-04-04 13:43:00,610,610,610,610,100
2022-04-04 13:44:00,615,615,615,615,300
2022-04-04 13:45:00,615,615,615,615,0
2022-04-04 13:46:00,615,615,615,615,0
2022-04-04 13:47:00,615,615,615,615,0
2022-04-04 13:48:00,615,615,615,615,0
2022-04-04 13:49:00,615,615,615,615,0
2022-04-04 13:50:00,615,615,615,615,0
2022-04-04 13:51:00,615,615,615,615,0
2022-04-04 13:52:00,615,615,615,615,0
2022-04-04 13:53:00,615,615,615,615,0
2022-04-04 13:54:00,615,615,615,615,0
2022-04-04 13:55:00,615,615,615,615,0
2022-04-04 13:56:00,615,615,615,615,0
2022-04-04 13:57:00,615,615,615,615,0
2022-04-04 13:58:00,615,615,615,615,0
2022-04-04 13:59:00,615,615,615,615,0
2022-04-04 14:00:00,615,615,615,615,0
2022-04-04 14:01:00,615,615,615,615,1000
2022-04-04 14:02:00,615,615,615,615,0
2022-04-04 14:03:00,615,615,615,615,0
2022-04-04 14:04:00,615,615,615,615,0
2022-04-04 14:05:00,615,615,615,615,0
2022-04-04 14:06:00,615,615,615,615,0
2022-04-04 14:07:00,615,615,615,615,100
2022-04-04 14:08:00,610,610,610,610,700
2022-04-04 14:09:00,610,610,610,610,0
2022-04-04 14:10:00,610,610,610,610,1100
2022-04-04 14:11:00,615,610,615,610,5600
2022-04-04 14:12:00,610,610,615,610,5500
2022-04-04 14:13:00,610,610,615,610,0
2022-04-04 14:14:00,610,610,615,615,800
2022-04-04 14:15:00,610,610,615,615,0
2022-04-04 14:16:00,615,610,615,610,900
2022-04-04 14:17:00,605,605,615,610,4200
2022-04-04 14:18:00,605,605,615,610,0
2022-04-04 14:19:00,610,610,610,610,2500
2022-04-04 14:20:00,610,610,610,610,0
2022-04-04 14:21:00,610,610,610,610,0
2022-04-04 14:22:00,610,610,610,610,400
2022-04-04 14:23:00,610,610,615,615,30000
2022-04-04 14:24:00,610,610,615,615,0
2022-04-04 14:25:00,615,610,615,610,1000
2022-04-04 14:26:00,610,610,610,610,200
2022-04-04 14:27:00,610,610,610,610,0
2022-04-04 14:28:00,610,610,610,610,400
2022-04-04 14:29:00,610,610,610,610,0
2022-04-04 14:30:00,610,610,610,610,0
2022-04-04 14:31:00,610,610,610,610,300
2022-04-04 14:32:00,610,610,610,610,0
2022-04-04 14:33:00,610,610,610,610,200
2022-04-04 14:34:00,610,610,610,610,300
2022-04-04 14:35:00,610,610,610,610,0
2022-04-04 14:36:00,610,610,610,610,0
2022-04-04 14:37:00,605,605,610,610,400
2022-04-04 14:38:00,605,605,610,610,0
2022-04-04 14:39:00,610,610,610,610,200
2022-04-04 14:40:00,605,605,610,610,16800
2022-04-04 14:41:00,610,610,610,610,10200
2022-04-04 14:42:00,610,610,610,610,4900
2022-04-04 14:43:00,615,615,615,615,200
2022-04-04 14:44:00,610,610,610,610,400
2022-04-04 14:45:00,615,615,615,615,400
2022-04-04 14:46:00,615,615,615,615,0
2022-04-04 14:47:00,615,615,615,615,0
2022-04-04 14:48:00,610,600,625,620,300600
2022-04-04 14:49:00,615,610,625,625,61100
2022-04-04 14:50:00,615,610,625,625,0
2022-04-04 14:51:00,615,610,625,625,0
2022-04-04 14:52:00,615,610,625,625,0
2022-04-04 14:53:00,615,610,625,625,0
2022-04-04 14:54:00,615,610,625,625,0
2022-04-04 14:55:00,615,610,625,625,0
2022-04-04 14:56:00,615,610,625,625,0
2022-04-04 14:57:00,615,610,625,625,0
2022-04-04 14:58:00,615,610,625,625,0
2022-04-04 14:59:00,615,610,625,625,0
2022-04-04 15:00:00,625,625,625,625,206000
2022-04-04 15:01:00,625,625,625,625,0
2022-04-04 15:02:00,625,625,625,625,0
2022-04-04 15:03:00,625,625,625,625,0
2022-04-04 15:04:00,625,625,625,625,0
2022-04-04 15:05:00,625,625,625,625,0
2022-04-04 15:06:00,625,625,625,625,0
2022-04-04 15:07:00,625,625,625,625,0
2022-04-04 15:08:00,625,625,625,625,0
2022-04-04 15:09:00,625,625,625,625,0
2022-04-04 15:10:00,625,625,625,625,0
2022-04-04 15:11:00,625,625,625,625,0
2022-04-04 15:12:00,625,625,625,625,0
2022-04-04 15:13:00,625,625,625,625,0
2022-04-04 15:14:00,625,625,625,625,0
2022-04-04 15:15:00,625,625,625,625,0
2022-04-04 15:16:00,625,625,625,625,0
2022-04-04 15:17:00,625,625,625,625,0
2022-04-04 15:18:00,625,625,625,625,0
2022-04-04 15:19:00,625,625,625,625,0
2022-04-04 15:20:00,625,625,625,625,0
2022-04-04 15:21:00,625,625,625,625,0
2022-04-04 15:22:00,625,625,625,625,0
2022-04-04 15:23:00,625,625,625,625,0
2022-04-04 15:24:00,625,625,625,625,0
2022-04-04 15:25:00,625,625,625,625,0
2022-04-04 15:26:00,625,625,625,625,0
2022-04-04 15:27:00,625,625,625,625,0
2022-04-04 15:28:00,625,625,625,625,0
2022-04-04 15:29:00,625,625,625,625,0
2022-04-04 15:30:00,625,625,625,625,0
2022-04-04 15:31:00,625,625,625,625,0
2022-04-04 15:32:00,625,625,625,625,0
2022-04-04 15:33:00,625,625,625,625,0
2022-04-04 15:34:00,625,625,625,625,0
2022-04-04 15:35:00,625,625,625,625,0
2022-04-04 15:36:00,625,625,625,625,0
2022-04-04 15:37:00,625,625,625,625,0
2022-04-04 15:38:00,625,625,625,625,0
2022-04-04 15:39:00,625,625,625,625,0
2022-04-04 15:40:00,625,625,625,625,0
2022-04-04 15:41:00,625,625,625,625,0
2022-04-04 15:42:00,625,625,625,625,0
2022-04-04 15:43:00,625,625,625,625,0
2022-04-04 15:44:00,625,625,625,625,0
2022-04-04 15:45:00,625,625,625,625,0
2022-04-04 15:46:00,625,625,625,625,0
2022-04-04 15:47:00,625,625,625,625,0
2022-04-04 15:48:00,625,625,625,625,0
2022-04-04 15:49:00,625,625,625,625,0
2022-04-04 15:50:00,625,625,625,625,0
2022-04-04 15:51:00,625,625,625,625,0
2022-04-04 15:52:00,625,625,625,625,0
2022-04-04 15:53:00,625,625,625,625,0
2022-04-04 15:54:00,625,625,625,625,0
2022-04-04 15:55:00,625,625,625,625,0
2022-04-04 15:56:00,625,625,625,625,0
2022-04-04 15:57:00,625,625,625,625,0
2022-04-04 15:58:00,625,625,625,625,0
2022-04-04 15:59:00,625,625,625,625,0
2022-04-05 09:00:00,625,620,625,625,0
2022-04-05 09:01:00,625,620,625,625,0
2022-04-05 09:02:00,625,625,625,625,5000
2022-04-05 09:03:00,625,625,625,625,0
2022-04-05 09:04:00,625,625,625,625,0
2022-04-05 09:05:00,620,620,620,620,1000
2022-04-05 09:06:00,620,620,625,625,5900
2022-04-05 09:07:00,620,620,625,625,0
2022-04-05 09:08:00,620,620,625,625,0
2022-04-05 09:09:00,620,620,625,625,0
2022-04-05 09:10:00,620,620,625,625,0
2022-04-05 09:11:00,620,620,625,625,0
2022-04-05 09:12:00,620,620,625,625,0
2022-04-05 09:13:00,620,620,625,625,0
2022-04-05 09:14:00,620,620,625,625,0
2022-04-05 09:15:00,620,620,625,625,0
2022-04-05 09:16:00,620,620,625,625,0
2022-04-05 09:17:00,620,620,625,625,0
2022-04-05 09:18:00,620,620,625,625,0
2022-04-05 09:19:00,620,620,625,625,0
2022-04-05 09:20:00,620,620,625,625,0
2022-04-05 09:21:00,620,620,625,625,0
2022-04-05 09:22:00,620,620,625,625,0
2022-04-05 09:23:00,620,620,625,625,0
2022-04-05 09:24:00,625,625,625,625,500
2022-04-05 09:25:00,625,625,625,625,0
2022-04-05 09:26:00,625,625,625,625,0
2022-04-05 09:27:00,625,625,625,625,0
2022-04-05 09:28:00,625,625,625,625,0
2022-04-05 09:29:00,625,625,625,625,0
2022-04-05 09:30:00,625,625,625,625,0
2022-04-05 09:31:00,625,625,625,625,0
2022-04-05 09:32:00,625,625,625,625,0
2022-04-05 09:33:00,625,625,625,625,0
2022-04-05 09:34:00,625,625,625,625,0
2022-04-05 09:35:00,625,625,625,625,0
2022-04-05 09:36:00,625,625,625,625,0
2022-04-05 09:37:00,625,625,625,625,0
2022-04-05 09:38:00,620,620,620,620,2000
2022-04-05 09:39:00,620,620,620,620,0
2022-04-05 09:40:00,625,625,625,625,200
2022-04-05 09:41:00,625,625,625,625,200
2022-04-05 09:42:00,625,625,625,625,0
2022-04-05 09:43:00,625,625,625,625,0
2022-04-05 09:44:00,625,625,625,625,0
2022-04-05 09:45:00,625,625,625,625,0
2022-04-05 09:46:00,625,625,625,625,0
2022-04-05 09:47:00,625,625,625,625,0
2022-04-05 09:48:00,625,625,625,625,0
2022-04-05 09:49:00,625,625,625,625,0
2022-04-05 09:50:00,625,625,625,625,0
2022-04-05 09:51:00,625,625,625,625,0
2022-04-05 09:52:00,625,625,625,625,0
2022-04-05 09:53:00,625,625,625,625,0
2022-04-05 09:54:00,625,625,625,625,0
2022-04-05 09:55:00,625,625,625,625,0
2022-04-05 09:56:00,625,625,625,625,0
2022-04-05 09:57:00,625,625,625,625,0
2022-04-05 09:58:00,625,625,625,625,0
2022-04-05 09:59:00,625,625,625,625,0
2022-04-05 10:00:00,625,625,625,625,0
2022-04-05 10:01:00,625,625,625,625,0
2022-04-05 10:02:00,625,625,625,625,24000
2022-04-05 10:03:00,625,625,625,625,0
2022-04-05 10:04:00,625,625,625,625,0
2022-04-05 10:05:00,625,625,625,625,0
2022-04-05 10:06:00,625,625,625,625,0
2022-04-05 10:07:00,625,620,625,620,200
2022-04-05 10:08:00,620,620,625,625,2700
2022-04-05 10:09:00,620,620,625,625,4200
2022-04-05 10:10:00,620,620,625,625,0
2022-04-05 10:11:00,620,620,625,625,0
2022-04-05 10:12:00,620,620,625,625,0
2022-04-05 10:13:00,620,620,620,620,4000
2022-04-05 10:14:00,625,625,625,625,300
2022-04-05 10:15:00,625,625,625,625,0
2022-04-05 10:16:00,625,625,625,625,0
2022-04-05 10:17:00,625,625,625,625,0
2022-04-05 10:18:00,625,625,625,625,1000
2022-04-05 10:19:00,625,625,625,625,0
2022-04-05 10:20:00,625,625,625,625,50000
2022-04-05 10:21:00,625,625,625,625,0
2022-04-05 10:22:00,620,620,620,620,4500
2022-04-05 10:23:00,625,625,625,625,200
2022-04-05 10:24:00,625,625,625,625,0
2022-04-05 10:25:00,625,625,625,625,0
2022-04-05 10:26:00,625,625,625,625,0
2022-04-05 10:27:00,625,625,625,625,0
2022-04-05 10:28:00,625,625,625,625,0
2022-04-05 10:29:00,625,625,625,625,0
2022-04-05 10:30:00,625,625,625,625,0
2022-04-05 10:31:00,625,625,625,625,0
2022-04-05 10:32:00,625,625,625,625,0
2022-04-05 10:33:00,625,625,625,625,0
2022-04-05 10:34:00,625,625,625,625,0
2022-04-05 10:35:00,625,625,625,625,0
2022-04-05 10:36:00,625,625,625,625,0
2022-04-05 10:37:00,625,625,625,625,0
2022-04-05 10:38:00,625,625,625,625,0
2022-04-05 10:39:00,625,625,625,625,0
2022-04-05 10:40:00,625,625,625,625,0
2022-04-05 10:41:00,625,625,625,625,0
2022-04-05 10:42:00,625,625,625,625,0
2022-04-05 10:43:00,625,625,625,625,0
2022-04-05 10:44:00,625,625,625,625,0
2022-04-05 10:45:00,625,625,625,625,0
2022-04-05 10:46:00,620,620,620,620,2500
2022-04-05 10:47:00,625,625,625,625,300
2022-04-05 10:48:00,625,625,625,625,200
2022-04-05 10:49:00,625,625,625,625,0
2022-04-05 10:50:00,620,620,620,620,700
2022-04-05 10:51:00,620,620,620,620,0
2022-04-05 10:52:00,620,620,620,620,0
2022-04-05 10:53:00,620,620,620,620,0
2022-04-05 10:54:00,620,620,620,620,0
2022-04-05 10:55:00,620,620,620,620,0
2022-04-05 10:56:00,620,620,620,620,0
2022-04-05 10:57:00,620,620,620,620,0
2022-04-05 10:58:00,620,620,620,620,0
2022-04-05 10:59:00,620,620,620,620,0
2022-04-05 11:00:00,620,620,620,620,0
2022-04-05 11:01:00,620,620,620,620,0
2022-04-05 11:02:00,620,620,620,620,3600
2022-04-05 11:03:00,620,620,620,620,1100
2022-04-05 11:04:00,620,620,620,620,3900
2022-04-05 11:05:00,625,625,625,625,300
2022-04-05 11:06:00,625,625,625,625,600
2022-04-05 11:07:00,625,625,625,625,0
2022-04-05 11:08:00,625,625,625,625,0
2022-04-05 11:09:00,625,625,625,625,0
2022-04-05 11:10:00,625,625,625,625,0
2022-04-05 11:11:00,625,625,625,625,0
2022-04-05 11:12:00,625,625,625,625,0
2022-04-05 11:13:00,625,625,625,625,0
2022-04-05 11:14:00,625,625,625,625,0
2022-04-05 11:15:00,625,625,625,625,0
2022-04-05 11:16:00,625,625,625,625,0
2022-04-05 11:17:00,625,625,625,625,100
2022-04-05 11:18:00,625,625,625,625,0
2022-04-05 11:19:00,625,625,625,625,0
2022-04-05 11:20:00,620,615,625,625,4300
2022-04-05 11:21:00,620,615,625,625,0
2022-04-05 11:22:00,625,625,625,625,200
2022-04-05 11:23:00,625,625,625,625,0
2022-04-05 11:24:00,620,620,625,625,900
2022-04-05 11:25:00,625,625,625,625,200
2022-04-05 11:26:00,625,625,625,625,0
2022-04-05 11:27:00,625,625,625,625,0
2022-04-05 11:28:00,625,625,625,625,2200
2022-04-05 11:29:00,625,625,625,625,0
2022-04-05 11:30:00,625,625,625,625,0
2022-04-05 11:31:00,625,625,625,625,0
2022-04-05 11:32:00,625,625,625,625,0
2022-04-05 11:33:00,625,625,625,625,0
2022-04-05 11:34:00,625,625,625,625,0
2022-04-05 11:35:00,625,625,625,625,0
2022-04-05 11:36:00,625,625,625,625,0
2022-04-05 11:37:00,625,625,625,625,0
2022-04-05 11:38:00,625,625,625,625,0
2022-04-05 11:39:00,625,625,625,625,0
2022-04-05 11:40:00,625,625,625,625,0
2022-04-05 11:41:00,625,625,625,625,0
2022-04-05 11:42:00,625,625,625,625,0
2022-04-05 11:43:00,625,625,625,625,0
2022-04-05 11:44:00,625,625,625,625,0
2022-04-05 11:45:00,625,625,625,625,0
2022-04-05 11:46:00,625,625,625,625,0
2022-04-05 11:47:00,625,625,625,625,0
2022-04-05 11:48:00,625,625,625,625,0
2022-04-05 11:49:00,625,625,625,625,0
2022-04-05 11:50:00,625,625,625,625,0
2022-04-05 11:51:00,625,625,625,625,0
2022-04-05 11:52:00,625,625,625,625,0
2022-04-05 11:53:00,625,625,625,625,0
2022-04-05 11:54:00,625,625,625,625,0
2022-04-05 11:55:00,625,625,625,625,0
2022-04-05 11:56:00,625,625,625,625,0
2022-04-05 11:57:00,625,625,625,625,0
2022-04-05 11:58:00,625,625,625,625,0
2022-04-05 11:59:00,625,625,625,625,0
2022-04-05 12:00:00,625,625,625,625,0
2022-04-05 12:01:00,625,625,625,625,0
2022-04-05 12:02:00,625,625,625,625,0
2022-04-05 12:03:00,625,625,625,625,0
2022-04-05 12:04:00,625,625,625,625,0
2022-04-05 12:05:00,625,625,625,625,0
2022-04-05 12:06:00,625,625,625,625,0
2022-04-05 12:07:00,625,625,625,625,0
2022-04-05 12:08:00,625,625,625,625,0
2022-04-05 12:09:00,625,625,625,625,0
2022-04-05 12:10:00,625,625,625,625,0
2022-04-05 12:11:00,625,625,625,625,0
2022-04-05 12:12:00,625,625,625,625,0
2022-04-05 12:13:00,625,625,625,625,0
2022-04-05 12:14:00,625,625,625,625,0
2022-04-05 12:15:00,625,625,625,625,0
2022-04-05 12:16:00,625,625,625,625,0
2022-04-05 12:17:00,625,625,625,625,0
2022-04-05 12:18:00,625,625,625,625,0
2022-04-05 12:19:00,625,625,625,625,0
2022-04-05 12:20:00,625,625,625,625,0
2022-04-05 12:21:00,625,625,625,625,0
2022-04-05 12:22:00,625,625,625,625,0
2022-04-05 12:23:00,625,625,625,625,0
2022-04-05 12:24:00,625,625,625,625,0
2022-04-05 12:25:00,625,625,625,625,0
2022-04-05 12:26:00,625,625,625,625,0
2022-04-05 12:27:00,625,625,625,625,0
2022-04-05 12:28:00,625,625,625,625,0
2022-04-05 12:29:00,625,625,625,625,0
2022-04-05 12:30:00,625,625,625,625,0
2022-04-05 12:31:00,625,625,625,625,0
2022-04-05 12:32:00,625,625,625,625,0
2022-04-05 12:33:00,625,625,625,625,0
2022-04-05 12:34:00,625,625,625,625,0
2022-04-05 12:35:00,625,625,625,625,0
2022-04-05 12:36:00,625,625,625,625,0
2022-04-05 12:37:00,625,625,625,625,0
2022-04-05 12:38:00,625,625,625,625,0
2022-04-05 12:39:00,625,625,625,625,0
2022-04-05 12:40:00,625,625,625,625,0
2022-04-05 12:41:00,625,625,625,625,0
2022-04-05 12:42:00,625,625,625,625,0
2022-04-05 12:43:00,625,625,625,625,0
2022-04-05 12:44:00,625,625,625,625,0
2022-04-05 12:45:00,625,625,625,625,0
2022-04-05 12:46:00,625,625,625,625,0
2022-04-05 12:47:00,625,625,625,625,0
2022-04-05 12:48:00,625,625,625,625,0
2022-04-05 12:49:00,625,625,625,625,0
2022-04-05 12:50:00,625,625,625,625,0
2022-04-05 12:51:00,625,625,625,625,0
2022-04-05 12:52:00,625,625,625,625,0
2022-04-05 12:53:00,625,625,625,625,0
2022-04-05 12:54:00,625,625,625,625,0
2022-04-05 12:55:00,625,625,625,625,0
2022-04-05 12:56:00,625,625,625,625,0
2022-04-05 12:57:00,625,625,625,625,0
2022-04-05 12:58:00,625,625,625,625,0
2022-04-05 12:59:00,625,625,625,625,0
2022-04-05 13:00:00,625,625,625,625,0
2022-04-05 13:01:00,625,625,625,625,0
2022-04-05 13:02:00,625,625,625,625,0
2022-04-05 13:03:00,625,625,625,625,0
2022-04-05 13:04:00,625,625,625,625,0
2022-04-05 13:05:00,625,625,625,625,0
2022-04-05 13:06:00,625,625,625,625,0
2022-04-05 13:07:00,625,625,625,625,0
2022-04-05 13:08:00,625,625,625,625,0
2022-04-05 13:09:00,625,625,625,625,0
2022-04-05 13:10:00,625,625,625,625,0
2022-04-05 13:11:00,625,625,625,625,0
2022-04-05 13:12:00,625,625,625,625,0
2022-04-05 13:13:00,625,625,625,625,0
2022-04-05 13:14:00,625,625,625,625,0
2022-04-05 13:15:00,625,625,625,625,0
2022-04-05 13:16:00,625,625,625,625,0
2022-04-05 13:17:00,625,625,625,625,0
2022-04-05 13:18:00,625,625,625,625,0
2022-04-05 13:19:00,625,625,625,625,0
2022-04-05 13:20:00,625,625,625,625,0
2022-04-05 13:21:00,625,625,625,625,0
2022-04-05 13:22:00,625,625,625,625,0
2022-04-05 13:23:00,625,625,625,625,0
2022-04-05 13:24:00,625,625,625,625,0
2022-04-05 13:25:00,625,625,625,625,0
2022-04-05 13:26:00,625,625,625,625,0
2022-04-05 13:27:00,625,625,625,625,0
2022-04-05 13:28:00,625,625,625,625,0
2022-04-05 13:29:00,625,625,625,625,0
2022-04-05 13:30:00,625,625,625,625,0
2022-04-05 13:31:00,625,625,625,625,0
2022-04-05 13:32:00,625,625,625,625,0
2022-04-05 13:33:00,625,625,625,625,0
2022-04-05 13:34:00,625,625,625,625,0
2022-04-05 13:35:00,625,625,625,625,0
2022-04-05 13:36:00,625,625,625,625,0
2022-04-05 13:37:00,625,625,625,625,0
2022-04-05 13:38:00,625,625,625,625,0
2022-04-05 13:39:00,625,625,625,625,0
2022-04-05 13:40:00,625,625,625,625,0
2022-04-05 13:41:00,625,625,625,625,0
2022-04-05 13:42:00,625,625,625,625,0
2022-04-05 13:43:00,625,625,625,625,0
2022-04-05 13:44:00,625,625,625,625,0
2022-04-05 13:45:00,625,625,625,625,0
2022-04-05 13:46:00,625,625,625,625,0
2022-04-05 13:47:00,625,625,625,625,0
2022-04-05 13:48:00,625,625,625,625,0
2022-04-05 13:49:00,625,625,625,625,0
2022-04-05 13:50:00,625,625,625,625,0
2022-04-05 13:51:00,620,620,620,620,2700
2022-04-05 13:52:00,620,620,620,620,0
2022-04-05 13:53:00,620,620,620,620,0
2022-04-05 13:54:00,615,615,620,620,1500
2022-04-05 13:55:00,615,615,620,620,0
2022-04-05 13:56:00,615,615,620,620,0
2022-04-05 13:57:00,620,620,620,620,1000
2022-04-05 13:58:00,620,620,620,620,0
2022-04-05 13:59:00,620,620,620,620,1700
2022-04-05 14:00:00,620,620,620,620,0
2022-04-05 14:01:00,620,620,620,620,0
2022-04-05 14:02:00,620,620,620,620,0
2022-04-05 14:03:00,620,620,620,620,500
2022-04-05 14:04:00,620,620,620,620,0
2022-04-05 14:05:00,620,620,620,620,0
2022-04-05 14:06:00,620,620,620,620,500
2022-04-05 14:07:00,620,620,620,620,0
2022-04-05 14:08:00,615,605,615,605,94000
2022-04-05 14:09:00,615,605,620,615,37400
2022-04-05 14:10:00,615,605,620,615,0
2022-04-05 14:11:00,610,605,610,605,50800
2022-04-05 14:12:00,615,615,615,615,300
2022-04-05 14:13:00,615,615,615,615,0
2022-04-05 14:14:00,610,600,620,615,455600
2022-04-05 14:15:00,615,615,615,615,800
2022-04-05 14:16:00,615,615,615,615,1000
2022-04-05 14:17:00,615,615,615,615,1000
2022-04-05 14:18:00,615,615,615,615,0
2022-04-05 14:19:00,615,615,615,615,700
2022-04-05 14:20:00,615,615,615,615,1000
2022-04-05 14:21:00,615,615,615,615,0
2022-04-05 14:22:00,615,615,615,615,600
2022-04-05 14:23:00,615,610,615,615,6400
2022-04-05 14:24:00,615,615,615,615,1700
2022-04-05 14:25:00,615,615,615,615,200
2022-04-05 14:26:00,615,615,615,615,200
2022-04-05 14:27:00,615,615,615,615,20500
2022-04-05 14:28:00,615,615,615,615,0
2022-04-05 14:29:00,610,610,610,610,3000
2022-04-05 14:30:00,610,610,610,610,0
2022-04-05 14:31:00,610,610,610,610,0
2022-04-05 14:32:00,610,610,610,610,5000
2022-04-05 14:33:00,610,610,610,610,0
2022-04-05 14:34:00,610,610,610,610,0
2022-04-05 14:35:00,610,610,610,610,200
2022-04-05 14:36:00,610,610,610,610,300
2022-04-05 14:37:00,610,610,610,610,100
2022-04-05 14:38:00,610,610,610,610,0
2022-04-05 14:39:00,610,610,610,610,0
2022-04-05 14:40:00,610,610,610,610,0
2022-04-05 14:41:00,610,610,615,615,5700
2022-04-05 14:42:00,615,615,615,615,1500
2022-04-05 14:43:00,615,615,615,615,1000
2022-04-05 14:44:00,615,615,615,615,0
2022-04-05 14:45:00,615,615,615,615,38900
2022-04-05 14:46:00,620,615,620,615,1600
2022-04-05 14:47:00,620,615,620,615,12100
2022-04-05 14:48:00,615,615,625,625,90600
2022-04-05 14:49:00,625,625,625,625,700
2022-04-05 14:50:00,625,625,625,625,0
2022-04-05 14:51:00,625,625,625,625,0
2022-04-05 14:52:00,625,625,625,625,0
2022-04-05 14:53:00,625,625,625,625,0
2022-04-05 14:54:00,625,625,625,625,0
2022-04-05 14:55:00,625,625,625,625,0
2022-04-05 14:56:00,625,625,625,625,0
2022-04-05 14:57:00,625,625,625,625,0
2022-04-05 14:58:00,625,625,625,625,0
2022-04-05 14:59:00,625,625,625,625,0
2022-04-05 15:00:00,625,625,625,625,204600
2022-04-05 15:01:00,625,625,625,625,0
2022-04-05 15:02:00,625,625,625,625,0
2022-04-05 15:03:00,625,625,625,625,0
2022-04-05 15:04:00,625,625,625,625,0
2022-04-05 15:05:00,625,625,625,625,0
2022-04-05 15:06:00,625,625,625,625,0
2022-04-05 15:07:00,625,625,625,625,0
2022-04-05 15:08:00,625,625,625,625,0
2022-04-05 15:09:00,625,625,625,625,0
2022-04-05 15:10:00,625,625,625,625,0
2022-04-05 15:11:00,625,625,625,625,0
2022-04-05 15:12:00,625,625,625,625,0
2022-04-05 15:13:00,625,625,625,625,0
2022-04-05 15:14:00,625,625,625,625,0
2022-04-05 15:15:00,625,625,625,625,0
2022-04-05 15:16:00,625,625,625,625,0
2022-04-05 15:17:00,625,625,625,625,0
2022-04-05 15:18:00,625,625,625,625,0
2022-04-05 15:19:00,625,625,625,625,0
2022-04-05 15:20:00,625,625,625,625,0
2022-04-05 15:21:00,625,625,625,625,0
2022-04-05 15:22:00,625,625,625,625,0
2022-04-05 15:23:00,625,625,625,625,0
2022-04-05 15:24:00,625,625,625,625,0
2022-04-05 15:25:00,625,625,625,625,0
2022-04-05 15:26:00,625,625,625,625,0
2022-04-05 15:27:00,625,625,625,625,0
2022-04-05 15:28:00,625,625,625,625,0
2022-04-05 15:29:00,625,625,625,625,0
2022-04-05 15:30:00,625,625,625,625,0
2022-04-05 15:31:00,625,625,625,625,0
2022-04-05 15:32:00,625,625,625,625,0
2022-04-05 15:33:00,625,625,625,625,0
2022-04-05 15:34:00,625,625,625,625,0
2022-04-05 15:35:00,625,625,625,625,0
2022-04-05 15:36:00,625,625,625,625,0
2022-04-05 15:37:00,625,625,625,625,0
2022-04-05 15:38:00,625,625,625,625,0
2022-04-05 15:39:00,625,625,625,625,0
2022-04-05 15:40:00,625,625,625,625,0
2022-04-05 15:41:00,625,625,625,625,0
2022-04-05 15:42:00,625,625,625,625,0
2022-04-05 15:43:00,625,625,625,625,0
2022-04-05 15:44:00,625,625,625,625,0
2022-04-05 15:45:00,625,625,625,625,0
2022-04-05 15:46:00,625,625,625,625,0
2022-04-05 15:47:00,625,625,625,625,0
2022-04-05 15:48:00,625,625,625,625,0
2022-04-05 15:49:00,625,625,625,625,0
2022-04-05 15:50:00,625,625,625,625,0
2022-04-05 15:51:00,625,625,625,625,0
2022-04-05 15:52:00,625,625,625,625,0
2022-04-05 15:53:00,625,625,625,625,0
2022-04-05 15:54:00,625,625,625,625,0
2022-04-05 15:55:00,625,625,625,625,0
2022-04-05 15:56:00,625,625,625,625,0
2022-04-05 15:57:00,625,625,625,625,0
2022-04-05 15:58:00,625,625,625,625,0
2022-04-05 15:59:00,625,625,625,625,0
2022-04-06 09:00:00,625,625,625,625,0
2022-04-06 09:01:00,625,625,625,625,0
2022-04-06 09:02:00,625,625,625,625,0
2022-04-06 09:03:00,625,625,625,625,0
2022-04-06 09:04:00,625,625,625,625,0
2022-04-06 09:05:00,625,625,625,625,0
2022-04-06 09:06:00,625,625,625,625,0
2022-04-06 09:07:00,625,625,625,625,0
2022-04-06 09:08:00,625,625,625,625,0
2022-04-06 09:09:00,625,625,625,625,0
2022-04-06 09:10:00,625,625,625,625,0
2022-04-06 09:11:00,625,625,625,625,0
2022-04-06 09:12:00,625,625,625,625,0
2022-04-06 09:13:00,625,625,625,625,0
2022-04-06 09:14:00,625,625,625,625,0
2022-04-06 09:15:00,620,620,620,620,0
2022-04-06 09:16:00,620,620,620,620,0
2022-04-06 09:17:00,615,615,615,615,10700
2022-04-06 09:18:00,615,615,615,615,1600
2022-04-06 09:19:00,615,615,615,615,7200
2022-04-06 09:20:00,615,615,615,615,1000
2022-04-06 09:21:00,615,615,615,615,23200
2022-04-06 09:22:00,620,620,620,620,200
2022-04-06 09:23:00,620,620,620,620,700
2022-04-06 09:24:00,620,620,620,620,0
2022-04-06 09:25:00,620,620,620,620,0
2022-04-06 09:26:00,620,620,620,620,0
2022-04-06 09:27:00,620,620,620,620,0
2022-04-06 09:28:00,620,620,620,620,0
2022-04-06 09:29:00,620,620,620,620,0
2022-04-06 09:30:00,620,620,620,620,0
2022-04-06 09:31:00,620,620,620,620,0
2022-04-06 09:32:00,620,620,620,620,0
2022-04-06 09:33:00,620,620,620,620,0
2022-04-06 09:34:00,620,620,620,620,0
2022-04-06 09:35:00,620,620,620,620,0
2022-04-06 09:36:00,620,620,620,620,0
2022-04-06 09:37:00,620,620,620,620,300
2022-04-06 09:38:00,620,620,620,620,0
2022-04-06 09:39:00,615,615,620,620,1000
2022-04-06 09:40:00,615,615,620,620,0
2022-04-06 09:41:00,620,620,620,620,200
2022-04-06 09:42:00,620,620,620,620,0
2022-04-06 09:43:00,620,620,620,620,0
2022-04-06 09:44:00,620,620,620,620,0
2022-04-06 09:45:00,620,620,620,620,0
2022-04-06 09:46:00,620,620,620,620,0
2022-04-06 09:47:00,620,620,620,620,0
2022-04-06 09:48:00,620,620,620,620,0
2022-04-06 09:49:00,620,620,620,620,0
2022-04-06 09:50:00,620,620,620,620,0
2022-04-06 09:51:00,620,620,620,620,0
2022-04-06 09:52:00,620,620,620,620,0
2022-04-06 09:53:00,620,620,620,620,0
2022-04-06 09:54:00,620,620,620,620,0
2022-04-06 09:55:00,620,620,620,620,0
2022-04-06 09:56:00,620,620,620,620,0
2022-04-06 09:57:00,620,620,620,620,0
2022-04-06 09:58:00,615,615,615,615,800
2022-04-06 09:59:00,615,615,615,615,0
2022-04-06 10:00:00,615,615,620,620,300
2022-04-06 10:01:00,615,615,620,620,0
2022-04-06 10:02:00,615,615,620,620,0
2022-04-06 10:03:00,615,615,620,620,0
2022-04-06 10:04:00,615,615,620,620,0
2022-04-06 10:05:00,615,615,620,620,0
2022-04-06 10:06:00,615,615,620,620,0
2022-04-06 10:07:00,615,615,620,620,0
2022-04-06 10:08:00,615,615,620,620,0
2022-04-06 10:09:00,615,615,620,620,0
2022-04-06 10:10:00,615,615,620,620,0
2022-04-06 10:11:00,615,615,620,620,0
2022-04-06 10:12:00,615,615,620,620,0
2022-04-06 10:13:00,615,615,620,620,0
2022-04-06 10:14:00,615,615,620,620,0
2022-04-06 10:15:00,615,615,620,620,0
2022-04-06 10:16:00,615,615,620,620,0
2022-04-06 10:17:00,615,615,620,620,0
2022-04-06 10:18:00,615,615,620,620,0
2022-04-06 10:19:00,615,615,620,620,0
2022-04-06 10:20:00,615,615,620,620,0
2022-04-06 10:21:00,615,615,620,620,0
2022-04-06 10:22:00,615,615,620,620,0
2022-04-06 10:23:00,615,615,620,620,0
2022-04-06 10:24:00,615,615,620,620,0
2022-04-06 10:25:00,615,615,620,620,0
2022-04-06 10:26:00,615,615,620,620,0
2022-04-06 10:27:00,615,615,620,620,0
2022-04-06 10:28:00,615,615,620,620,0
2022-04-06 10:29:00,615,615,620,620,0
2022-04-06 10:30:00,615,615,615,615,11700
2022-04-06 10:31:00,615,615,615,615,0
2022-04-06 10:32:00,615,615,615,615,0
2022-04-06 10:33:00,615,615,615,615,0
2022-04-06 10:34:00,615,615,615,615,0
2022-04-06 10:35:00,615,615,615,615,0
2022-04-06 10:36:00,615,615,615,615,0
2022-04-06 10:37:00,615,615,615,615,0
2022-04-06 10:38:00,615,615,615,615,0
2022-04-06 10:39:00,615,615,620,620,8600
2022-04-06 10:40:00,615,615,620,620,0
2022-04-06 10:41:00,615,615,620,620,0
2022-04-06 10:42:00,615,615,620,620,0
2022-04-06 10:43:00,615,615,620,620,0
2022-04-06 10:44:00,615,615,620,620,0
2022-04-06 10:45:00,615,615,620,620,0
2022-04-06 10:46:00,615,615,620,620,0
2022-04-06 10:47:00,615,615,620,620,0
2022-04-06 10:48:00,615,615,620,620,0
2022-04-06 10:49:00,615,615,620,620,0
2022-04-06 10:50:00,615,615,620,620,0
2022-04-06 10:51:00,615,615,620,620,0
2022-04-06 10:52:00,615,615,620,620,0
2022-04-06 10:53:00,615,615,620,620,0
2022-04-06 10:54:00,615,615,620,620,0
2022-04-06 10:55:00,615,615,620,620,0
2022-04-06 10:56:00,615,615,620,620,0
2022-04-06 10:57:00,615,615,620,620,0
2022-04-06 10:58:00,615,615,620,620,0
2022-04-06 10:59:00,615,615,615,615,100
2022-04-06 11:00:00,620,620,620,620,200
2022-04-06 11:01:00,620,620,620,620,0
2022-04-06 11:02:00,620,620,620,620,0
2022-04-06 11:03:00,620,620,620,620,0
2022-04-06 11:04:00,620,620,620,620,0
2022-04-06 11:05:00,620,620,620,620,0
2022-04-06 11:06:00,620,620,620,620,0
2022-04-06 11:07:00,615,615,615,615,100
2022-04-06 11:08:00,620,620,620,620,300
2022-04-06 11:09:00,620,620,620,620,0
2022-04-06 11:10:00,620,620,620,620,0
2022-04-06 11:11:00,620,620,620,620,0
2022-04-06 11:12:00,620,620,620,620,0
2022-04-06 11:13:00,620,620,620,620,0
2022-04-06 11:14:00,620,620,620,620,0
2022-04-06 11:15:00,620,620,620,620,0
2022-04-06 11:16:00,620,620,620,620,0
2022-04-06 11:17:00,620,620,620,620,0
2022-04-06 11:18:00,620,620,620,620,0
2022-04-06 11:19:00,620,620,620,620,0
2022-04-06 11:20:00,620,620,620,620,0
2022-04-06 11:21:00,620,620,620,620,0
2022-04-06 11:22:00,620,620,620,620,0
2022-04-06 11:23:00,620,620,620,620,0
2022-04-06 11:24:00,620,620,620,620,0
2022-04-06 11:25:00,620,620,620,620,0
2022-04-06 11:26:00,620,620,620,620,0
2022-04-06 11:27:00,620,620,620,620,0
2022-04-06 11:28:00,620,620,620,620,0
2022-04-06 11:29:00,620,620,620,620,300
2022-04-06 11:30:00,620,620,620,620,0
2022-04-06 11:31:00,620,620,620,620,0
2022-04-06 11:32:00,620,620,620,620,0
2022-04-06 11:33:00,620,620,620,620,0
2022-04-06 11:34:00,620,620,620,620,0
2022-04-06 11:35:00,620,620,620,620,0
2022-04-06 11:36:00,620,620,620,620,0
2022-04-06 11:37:00,620,620,620,620,0
2022-04-06 11:38:00,620,620,620,620,0
2022-04-06 11:39:00,620,620,620,620,0
2022-04-06 11:40:00,620,620,620,620,0
2022-04-06 11:41:00,620,620,620,620,0
2022-04-06 11:42:00,620,620,620,620,0
2022-04-06 11:43:00,620,620,620,620,0
2022-04-06 11:44:00,620,620,620,620,0
2022-04-06 11:45:00,620,620,620,620,0
2022-04-06 11:46:00,620,620,620,620,0
2022-04-06 11:47:00,620,620,620,620,0
2022-04-06 11:48:00,620,620,620,620,0
2022-04-06 11:49:00,620,620,620,620,0
2022-04-06 11:50:00,620,620,620,620,0
2022-04-06 11:51:00,620,620,620,620,0
2022-04-06 11:52:00,620,620,620,620,0
2022-04-06 11:53:00,620,620,620,620,0
2022-04-06 11:54:00,620,620,620,620,0
2022-04-06 11:55:00,620,620,620,620,0
2022-04-06 11:56:00,620,620,620,620,0
2022-04-06 11:57:00,620,620,620,620,0
2022-04-06 11:58:00,620,620,620,620,0
2022-04-06 11:59:00,620,620,620,620,0
2022-04-06 12:00:00,620,620,620,620,0
2022-04-06 12:01:00,620,620,620,620,0
2022-04-06 12:02:00,620,620,620,620,0
2022-04-06 12:03:00,620,620,620,620,0
2022-04-06 12:04:00,620,620,620,620,0
2022-04-06 12:05:00,620,620,620,620,0
2022-04-06 12:06:00,620,620,620,620,0
2022-04-06 12:07:00,620,620,620,620,0
2022-04-06 12:08:00,620,620,620,620,0
2022-04-06 12:09:00,620,620,620,620,0
2022-04-06 12:10:00,620,620,620,620,0
2022-04-06 12:11:00,620,620,620,620,0
2022-04-06 12:12:00,620,620,620,620,0
2022-04-06 12:13:00,620,620,620,620,0
2022-04-06 12:14:00,620,620,620,620,0
2022-04-06 12:15:00,620,620,620,620,0
2022-04-06 12:16:00,620,620,620,620,0
2022-04-06 12:17:00,620,620,620,620,0
2022-04-06 12:18:00,620,620,620,620,0
2022-04-06 12:19:00,620,620,620,620,0
2022-04-06 12:20:00,620,620,620,620,0
2022-04-06 12:21:00,620,620,620,620,0
2022-04-06 12:22:00,620,620,620,620,0
2022-04-06 12:23:00,620,620,620,620,0
2022-04-06 12:24:00,620,620,620,620,0
2022-04-06 12:25:00,620,620,620,620,0
2022-04-06 12:26:00,620,620,620,620,0
2022-04-06 12:27:00,620,620,620,620,0
2022-04-06 12:28:00,620,620,620,620,0
2022-04-06 12:29:00,620,620,620,620,0
2022-04-06 12:30:00,620,620,620,620,0
2022-04-06 12:31:00,620,620,620,620,0
2022-04-06 12:32:00,620,620,620,620,0
2022-04-06 12:33:00,620,620,620,620,0
2022-04-06 12:34:00,620,620,620,620,0
2022-04-06 12:35:00,620,620,620,620,0
2022-04-06 12:36:00,620,620,620,620,0
2022-04-06 12:37:00,620,620,620,620,0
2022-04-06 12:38:00,620,620,620,620,0
2022-04-06 12:39:00,620,620,620,620,0
2022-04-06 12:40:00,620,620,620,620,0
2022-04-06 12:41:00,620,620,620,620,0
2022-04-06 12:42:00,620,620,620,620,0
2022-04-06 12:43:00,620,620,620,620,0
2022-04-06 12:44:00,620,620,620,620,0
2022-04-06 12:45:00,620,620,620,620,0
2022-04-06 12:46:00,620,620,620,620,0
2022-04-06 12:47:00,620,620,620,620,0
2022-04-06 12:48:00,620,620,620,620,0
2022-04-06 12:49:00,620,620,620,620,0
2022-04-06 12:50:00,620,620,620,620,0
2022-04-06 12:51:00,620,620,620,620,0
2022-04-06 12:52:00,620,620,620,620,0
2022-04-06 12:53:00,620,620,620,620,0
2022-04-06 12:54:00,620,620,620,620,0
2022-04-06 12:55:00,620,620,620,620,0
2022-04-06 12:56:00,620,620,620,620,0
2022-04-06 12:57:00,620,620,620,620,0
2022-04-06 12:58:00,620,620,620,620,0
2022-04-06 12:59:00,620,620,620,620,0
2022-04-06 13:00:00,620,620,620,620,0
2022-04-06 13:01:00,620,620,620,620,0
2022-04-06 13:02:00,620,620,620,620,0
2022-04-06 13:03:00,620,620,620,620,0
2022-04-06 13:04:00,620,620,620,620,0
2022-04-06 13:05:00,620,620,620,620,0
2022-04-06 13:06:00,620,620,620,620,0
2022-04-06 13:07:00,620,620,620,620,0
2022-04-06 13:08:00,620,620,620,620,0
2022-04-06 13:09:00,620,620,620,620,0
2022-04-06 13:10:00,620,620,620,620,0
2022-04-06 13:11:00,620,620,620,620,0
2022-04-06 13:12:00,620,620,620,620,0
2022-04-06 13:13:00,620,620,620,620,0
2022-04-06 13:14:00,620,620,620,620,0
2022-04-06 13:15:00,620,620,620,620,0
2022-04-06 13:16:00,620,620,620,620,0
2022-04-06 13:17:00,620,620,620,620,0
2022-04-06 13:18:00,620,620,620,620,0
2022-04-06 13:19:00,620,620,620,620,0
2022-04-06 13:20:00,620,620,620,620,0
2022-04-06 13:21:00,620,620,620,620,0
2022-04-06 13:22:00,620,620,620,620,0
2022-04-06 13:23:00,620,620,620,620,0
2022-04-06 13:24:00,620,620,620,620,0
2022-04-06 13:25:00,620,620,620,620,0
2022-04-06 13:26:00,620,620,620,620,0
2022-04-06 13:27:00,620,620,620,620,0
2022-04-06 13:28:00,620,620,620,620,0
2022-04-06 13:29:00,620,620,620,620,0
2022-04-06 13:30:00,620,620,620,620,0
2022-04-06 13:31:00,620,620,620,620,0
2022-04-06 13:32:00,620,620,620,620,0
2022-04-06 13:33:00,620,620,620,620,0
2022-04-06 13:34:00,620,620,620,620,0
2022-04-06 13:35:00,620,620,620,620,0
2022-04-06 13:36:00,620,620,620,620,0
2022-04-06 13:37:00,620,620,620,620,0
2022-04-06 13:38:00,620,620,620,620,0
2022-04-06 13:39:00,620,620,620,620,0
2022-04-06 13:40:00,620,620,620,620,0
2022-04-06 13:41:00,620,620,620,620,0
2022-04-06 13:42:00,615,615,615,615,200
2022-04-06 13:43:00,620,620,620,620,500
2022-04-06 13:44:00,620,620,620,620,0
2022-04-06 13:45:00,620,620,620,620,0
2022-04-06 13:46:00,620,620,620,620,0
2022-04-06 13:47:00,620,620,620,620,0
2022-04-06 13:48:00,620,620,620,620,700
2022-04-06 13:49:00,620,620,620,620,0
2022-04-06 13:50:00,620,620,620,620,0
2022-04-06 13:51:00,620,620,620,620,0
2022-04-06 13:52:00,620,620,620,620,0
2022-04-06 13:53:00,620,620,620,620,0
2022-04-06 13:54:00,620,620,620,620,0
2022-04-06 13:55:00,620,620,620,620,0
2022-04-06 13:56:00,620,620,620,620,0
2022-04-06 13:57:00,620,620,620,620,0
2022-04-06 13:58:00,620,620,620,620,0
2022-04-06 13:59:00,620,620,620,620,3000
2022-04-06 14:00:00,620,620,620,620,0
2022-04-06 14:01:00,620,620,620,620,0
2022-04-06 14:02:00,620,620,620,620,0
2022-04-06 14:03:00,620,620,620,620,0
2022-04-06 14:04:00,620,620,620,620,0
2022-04-06 14:05:00,620,620,620,620,0
2022-04-06 14:06:00,620,620,620,620,0
2022-04-06 14:07:00,620,620,620,620,0
2022-04-06 14:08:00,620,620,620,620,0
2022-04-06 14:09:00,620,620,620,620,0
2022-04-06 14:10:00,620,620,620,620,0
2022-04-06 14:11:00,620,620,620,620,0
2022-04-06 14:12:00,620,620,620,620,0
2022-04-06 14:13:00,620,620,620,620,0
2022-04-06 14:14:00,620,620,620,620,0
2022-04-06 14:15:00,620,620,620,620,0
2022-04-06 14:16:00,620,620,620,620,0
2022-04-06 14:17:00,620,620,620,620,0
2022-04-06 14:18:00,620,620,620,620,0
2022-04-06 14:19:00,620,620,620,620,0
2022-04-06 14:20:00,620,620,620,620,0
2022-04-06 14:21:00,620,620,620,620,0
2022-04-06 14:22:00,620,620,620,620,0
2022-04-06 14:23:00,620,620,620,620,0
2022-04-06 14:24:00,620,620,620,620,0
2022-04-06 14:25:00,620,620,620,620,0
2022-04-06 14:26:00,620,620,620,620,0
2022-04-06 14:27:00,620,620,620,620,0
2022-04-06 14:28:00,620,620,620,620,700
2022-04-06 14:29:00,620,620,620,620,0
2022-04-06 14:30:00,620,620,620,620,0
2022-04-06 14:31:00,620,620,620,620,0
2022-04-06 14:32:00,620,620,620,620,0
2022-04-06 14:33:00,620,620,620,620,400
2022-04-06 14:34:00,620,620,620,620,0
2022-04-06 14:35:00,620,620,620,620,800
2022-04-06 14:36:00,620,620,620,620,0
2022-04-06 14:37:00,620,620,620,620,0
2022-04-06 14:38:00,620,620,620,620,0
2022-04-06 14:39:00,620,620,620,620,0
2022-04-06 14:40:00,620,620,620,620,0
2022-04-06 14:41:00,620,620,620,620,0
2022-04-06 14:42:00,620,620,620,620,0
2022-04-06 14:43:00,620,620,620,620,0
2022-04-06 14:44:00,620,620,620,620,0
2022-04-06 14:45:00,620,620,620,620,0
2022-04-06 14:46:00,620,620,620,620,400
2022-04-06 14:47:00,620,620,620,620,600
2022-04-06 14:48:00,620,620,620,620,0
2022-04-06 14:49:00,620,620,620,620,500
2022-04-06 14:50:00,620,620,620,620,0
2022-04-06 14:51:00,620,620,620,620,0
2022-04-06 14:52:00,620,620,620,620,0
2022-04-06 14:53:00,620,620,620,620,0
2022-04-06 14:54:00,620,620,620,620,0
2022-04-06 14:55:00,620,620,620,620,0
2022-04-06 14:56:00,620,620,620,620,0
2022-04-06 14:57:00,620,620,620,620,0
2022-04-06 14:58:00,620,620,620,620,0
2022-04-06 14:59:00,620,620,620,620,0
2022-04-06 15:00:00,620,620,620,620,131800
2022-04-06 15:01:00,620,620,620,620,0
2022-04-06 15:02:00,620,620,620,620,0
2022-04-06 15:03:00,620,620,620,620,0
2022-04-06 15:04:00,620,620,620,620,0
2022-04-06 15:05:00,620,620,620,620,0
2022-04-06 15:06:00,620,620,620,620,0
2022-04-06 15:07:00,620,620,620,620,0
2022-04-06 15:08:00,620,620,620,620,0
2022-04-06 15:09:00,620,620,620,620,0
2022-04-06 15:10:00,620,620,620,620,0
2022-04-06 15:11:00,620,620,620,620,0
2022-04-06 15:12:00,620,620,620,620,0
2022-04-06 15:13:00,620,620,620,620,0
2022-04-06 15:14:00,620,620,620,620,0
2022-04-06 15:15:00,620,620,620,620,0
2022-04-06 15:16:00,620,620,620,620,0
2022-04-06 15:17:00,620,620,620,620,0
2022-04-06 15:18:00,620,620,620,620,0
2022-04-06 15:19:00,620,620,620,620,0
2022-04-06 15:20:00,620,620,620,620,0
2022-04-06 15:21:00,620,620,620,620,0
2022-04-06 15:22:00,620,620,620,620,0
2022-04-06 15:23:00,620,620,620,620,0
2022-04-06 15:24:00,620,620,620,620,0
2022-04-06 15:25:00,620,620,620,620,0
2022-04-06 15:26:00,620,620,620,620,0
2022-04-06 15:27:00,620,620,620,620,0
2022-04-06 15:28:00,620,620,620,620,0
2022-04-06 15:29:00,620,620,620,620,0
2022-04-06 15:30:00,620,620,620,620,0
2022-04-06 15:31:00,620,620,620,620,0
2022-04-06 15:32:00,620,620,620,620,0
2022-04-06 15:33:00,620,620,620,620,0
2022-04-06 15:34:00,620,620,620,620,0
2022-04-06 15:35:00,620,620,620,620,0
2022-04-06 15:36:00,620,620,620,620,0
2022-04-06 15:37:00,620,620,620,620,0
2022-04-06 15:38:00,620,620,620,620,0
2022-04-06 15:39:00,620,620,620,620,0
2022-04-06 15:40:00,620,620,620,620,0
2022-04-06 15:41:00,620,620,620,620,0
2022-04-06 15:42:00,620,620,620,620,0
2022-04-06 15:43:00,620,620,620,620,0
2022-04-06 15:44:00,620,620,620,620,0
2022-04-06 15:45:00,620,620,620,620,0
2022-04-06 15:46:00,620,620,620,620,0
2022-04-06 15:47:00,620,620,620,620,0
2022-04-06 15:48:00,620,620,620,620,0
2022-04-06 15:49:00,620,620,620,620,0
2022-04-06 15:50:00,620,620,620,620,0
2022-04-06 15:51:00,620,620,620,620,0
2022-04-06 15:52:00,620,620,620,620,0
2022-04-06 15:53:00,620,620,620,620,0
2022-04-06 15:54:00,620,620,620,620,0
2022-04-06 15:55:00,620,620,620,620,0
2022-04-06 15:56:00,620,620,620,620,0
2022-04-06 15:57:00,620,620,620,620,0
2022-04-06 15:58:00,620,620,620,620,0
2022-04-06 15:59:00,620,620,620,620,0
2022-04-07 09:00:00,620,620,620,620,0
2022-04-07 09:01:00,620,620,620,620,0
2022-04-07 09:02:00,620,620,620,620,0
2022-04-07 09:03:00,620,620,620,620,0
2022-04-07 09:04:00,620,620,620,620,300
2022-04-07 09:05:00,615,615,615,615,300
2022-04-07 09:06:00,620,620,620,620,300
2022-04-07 09:07:00,620,620,620,620,0
2022-04-07 09:08:00,620,620,620,620,0
2022-04-07 09:09:00,620,620,620,620,0
2022-04-07 09:10:00,620,620,620,620,2000
2022-04-07 09:11:00,620,620,620,620,0
2022-04-07 09:12:00,620,620,620,620,0
2022-04-07 09:13:00,620,620,620,620,0
2022-04-07 09:14:00,615,600,615,615,300200
2022-04-07 09:15:00,615,600,615,615,0
2022-04-07 09:16:00,615,615,615,615,11200
2022-04-07 09:17:00,610,610,615,615,9000
2022-04-07 09:18:00,610,610,615,615,700
2022-04-07 09:19:00,615,615,615,615,900
2022-04-07 09:20:00,615,615,615,615,100
2022-04-07 09:21:00,610,610,610,610,100
2022-04-07 09:22:00,615,615,615,615,300
2022-04-07 09:23:00,615,615,615,615,1000
2022-04-07 09:24:00,615,615,615,615,0
2022-04-07 09:25:00,615,615,615,615,0
2022-04-07 09:26:00,610,610,610,610,13000
2022-04-07 09:27:00,615,615,615,615,200
2022-04-07 09:28:00,615,615,615,615,0
2022-04-07 09:29:00,615,615,615,615,0
2022-04-07 09:30:00,615,615,615,615,0
2022-04-07 09:31:00,615,615,615,615,0
2022-04-07 09:32:00,615,615,615,615,0
2022-04-07 09:33:00,615,615,615,615,100
2022-04-07 09:34:00,615,615,615,615,0
2022-04-07 09:35:00,615,615,615,615,0
2022-04-07 09:36:00,610,610,615,615,400
2022-04-07 09:37:00,610,610,615,615,0
2022-04-07 09:38:00,610,610,615,615,0
2022-04-07 09:39:00,610,610,615,615,0
2022-04-07 09:40:00,610,610,615,615,0
2022-04-07 09:41:00,610,610,615,615,0
2022-04-07 09:42:00,610,610,615,615,0
2022-04-07 09:43:00,610,610,615,615,0
2022-04-07 09:44:00,610,610,615,615,0
2022-04-07 09:45:00,610,610,610,610,1900
2022-04-07 09:46:00,615,615,615,615,200
2022-04-07 09:47:00,615,615,615,615,0
2022-04-07 09:48:00,615,615,615,615,0
2022-04-07 09:49:00,615,615,615,615,0
2022-04-07 09:50:00,610,610,610,610,400
2022-04-07 09:51:00,615,615,615,615,300
2022-04-07 09:52:00,615,615,615,615,0
2022-04-07 09:53:00,610,610,610,610,700
2022-04-07 09:54:00,615,615,615,615,200
2022-04-07 09:55:00,610,610,610,610,500
2022-04-07 09:56:00,610,610,610,610,0
2022-04-07 09:57:00,610,610,610,610,0
2022-04-07 09:58:00,615,610,615,615,3300
2022-04-07 09:59:00,615,610,615,615,0
2022-04-07 10:00:00,615,610,615,615,0
2022-04-07 10:01:00,615,610,615,615,0
2022-04-07 10:02:00,615,610,615,615,0
2022-04-07 10:03:00,610,610,610,610,200
2022-04-07 10:04:00,615,615,615,615,200
2022-04-07 10:05:00,615,615,615,615,0
2022-04-07 10:06:00,615,615,615,615,0
2022-04-07 10:07:00,615,615,615,615,0
2022-04-07 10:08:00,615,615,615,615,0
2022-04-07 10:09:00,615,615,615,615,0
2022-04-07 10:10:00,610,610,610,610,300
2022-04-07 10:11:00,615,615,615,615,200
2022-04-07 10:12:00,615,610,615,610,1100
2022-04-07 10:13:00,615,610,615,610,0
2022-04-07 10:14:00,615,610,615,610,700
2022-04-07 10:15:00,615,615,615,615,200
2022-04-07 10:16:00,615,615,615,615,0
2022-04-07 10:17:00,615,615,615,615,0
2022-04-07 10:18:00,615,615,615,615,0
2022-04-07 10:19:00,615,615,615,615,0
2022-04-07 10:20:00,615,615,615,615,0
2022-04-07 10:21:00,610,610,615,615,500
2022-04-07 10:22:00,610,610,610,610,300
2022-04-07 10:23:00,615,615,615,615,200
2022-04-07 10:24:00,615,615,615,615,0
2022-04-07 10:25:00,615,615,615,615,0
2022-04-07 10:26:00,615,615,615,615,0
2022-04-07 10:27:00,615,615,615,615,0
2022-04-07 10:28:00,615,615,615,615,0
2022-04-07 10:29:00,615,615,615,615,0
2022-04-07 10:30:00,615,615,615,615,0
2022-04-07 10:31:00,610,610,610,610,400
2022-04-07 10:32:00,610,610,610,610,1500
2022-04-07 10:33:00,615,615,615,615,200
2022-04-07 10:34:00,615,615,615,615,0
2022-04-07 10:35:00,615,615,615,615,0
2022-04-07 10:36:00,615,615,615,615,0
2022-04-07 10:37:00,615,615,615,615,0
2022-04-07 10:38:00,615,615,615,615,0
2022-04-07 10:39:00,615,615,615,615,0
2022-04-07 10:40:00,615,615,615,615,0
2022-04-07 10:41:00,615,615,615,615,0
2022-04-07 10:42:00,615,615,615,615,0
2022-04-07 10:43:00,610,610,610,610,200
2022-04-07 10:44:00,610,610,615,615,500
2022-04-07 10:45:00,610,610,615,615,0
2022-04-07 10:46:00,610,610,615,615,0
2022-04-07 10:47:00,610,610,615,615,0
2022-04-07 10:48:00,610,610,610,610,1500
2022-04-07 10:49:00,615,615,615,615,200
2022-04-07 10:50:00,610,610,610,610,200
2022-04-07 10:51:00,610,610,610,610,0
2022-04-07 10:52:00,610,610,610,610,0
2022-04-07 10:53:00,610,610,610,610,5100
2022-04-07 10:54:00,615,615,615,615,200
2022-04-07 10:55:00,615,615,615,615,0
2022-04-07 10:56:00,615,615,615,615,0
2022-04-07 10:57:00,615,615,615,615,0
2022-04-07 10:58:00,615,615,615,615,0
2022-04-07 10:59:00,615,615,615,615,0
2022-04-07 11:00:00,610,610,610,610,2300
2022-04-07 11:01:00,610,610,610,610,0
2022-04-07 11:02:00,610,610,610,610,0
2022-04-07 11:03:00,610,610,610,610,0
2022-04-07 11:04:00,610,610,610,610,0
2022-04-07 11:05:00,610,610,615,615,2900
2022-04-07 11:06:00,610,610,615,615,0
2022-04-07 11:07:00,610,610,610,610,300
2022-04-07 11:08:00,610,610,610,610,0
2022-04-07 11:09:00,610,610,610,610,0
2022-04-07 11:10:00,610,610,610,610,0
2022-04-07 11:11:00,610,610,620,620,121500
2022-04-07 11:12:00,620,620,620,620,1200
2022-04-07 11:13:00,620,620,620,620,0
2022-04-07 11:14:00,615,615,615,615,500
2022-04-07 11:15:00,615,615,615,615,800
2022-04-07 11:16:00,615,615,615,615,1100
2022-04-07 11:17:00,615,615,615,615,0
2022-04-07 11:18:00,615,615,615,615,0
2022-04-07 11:19:00,615,615,615,615,1000
2022-04-07 11:20:00,615,615,615,615,0
2022-04-07 11:21:00,615,615,615,615,0
2022-04-07 11:22:00,615,615,615,615,0
2022-04-07 11:23:00,615,615,615,615,0
2022-04-07 11:24:00,615,615,615,615,0
2022-04-07 11:25:00,615,615,615,615,0
2022-04-07 11:26:00,615,615,615,615,0
2022-04-07 11:27:00,615,615,615,615,0
2022-04-07 11:28:00,615,615,615,615,0
2022-04-07 11:29:00,615,615,615,615,0
2022-04-07 11:30:00,615,615,615,615,0
2022-04-07 11:31:00,615,615,615,615,0
2022-04-07 11:32:00,615,615,615,615,0
2022-04-07 11:33:00,615,615,615,615,0
2022-04-07 11:34:00,615,615,615,615,0
2022-04-07 11:35:00,615,615,615,615,0
2022-04-07 11:36:00,615,615,615,615,0
2022-04-07 11:37:00,615,615,615,615,0
2022-04-07 11:38:00,615,615,615,615,0
2022-04-07 11:39:00,615,615,615,615,0
2022-04-07 11:40:00,615,615,615,615,0
2022-04-07 11:41:00,615,615,615,615,0
2022-04-07 11:42:00,615,615,615,615,0
2022-04-07 11:43:00,615,615,615,615,0
2022-04-07 11:44:00,615,615,615,615,0
2022-04-07 11:45:00,615,615,615,615,0
2022-04-07 11:46:00,615,615,615,615,0
2022-04-07 11:47:00,615,615,615,615,0
2022-04-07 11:48:00,615,615,615,615,0
2022-04-07 11:49:00,615,615,615,615,0
2022-04-07 11:50:00,615,615,615,615,0
2022-04-07 11:51:00,615,615,615,615,0
2022-04-07 11:52:00,615,615,615,615,0
2022-04-07 11:53:00,615,615,615,615,0
2022-04-07 11:54:00,615,615,615,615,0
2022-04-07 11:55:00,615,615,615,615,0
2022-04-07 11:56:00,615,615,615,615,0
2022-04-07 11:57:00,615,615,615,615,0
2022-04-07 11:58:00,615,615,615,615,0
2022-04-07 11:59:00,615,615,615,615,0
2022-04-07 12:00:00,615,615,615,615,0
2022-04-07 12:01:00,615,615,615,615,0
2022-04-07 12:02:00,615,615,615,615,0
2022-04-07 12:03:00,615,615,615,615,0
2022-04-07 12:04:00,615,615,615,615,0
2022-04-07 12:05:00,615,615,615,615,0
2022-04-07 12:06:00,615,615,615,615,0
2022-04-07 12:07:00,615,615,615,615,0
2022-04-07 12:08:00,615,615,615,615,0
2022-04-07 12:09:00,615,615,615,615,0
2022-04-07 12:10:00,615,615,615,615,0
2022-04-07 12:11:00,615,615,615,615,0
2022-04-07 12:12:00,615,615,615,615,0
2022-04-07 12:13:00,615,615,615,615,0
2022-04-07 12:14:00,615,615,615,615,0
2022-04-07 12:15:00,615,615,615,615,0
2022-04-07 12:16:00,615,615,615,615,0
2022-04-07 12:17:00,615,615,615,615,0
2022-04-07 12:18:00,615,615,615,615,0
2022-04-07 12:19:00,615,615,615,615,0
2022-04-07 12:20:00,615,615,615,615,0
2022-04-07 12:21:00,615,615,615,615,0
2022-04-07 12:22:00,615,615,615,615,0
2022-04-07 12:23:00,615,615,615,615,0
2022-04-07 12:24:00,615,615,615,615,0
2022-04-07 12:25:00,615,615,615,615,0
2022-04-07 12:26:00,615,615,615,615,0
2022-04-07 12:27:00,615,615,615,615,0
2022-04-07 12:28:00,615,615,615,615,0
2022-04-07 12:29:00,615,615,615,615,0
2022-04-07 12:30:00,615,615,615,615,0
2022-04-07 12:31:00,615,615,615,615,0
2022-04-07 12:32:00,615,615,615,615,0
2022-04-07 12:33:00,615,615,615,615,0
2022-04-07 12:34:00,615,615,615,615,0
2022-04-07 12:35:00,615,615,615,615,0
2022-04-07 12:36:00,615,615,615,615,0
2022-04-07 12:37:00,615,615,615,615,0
2022-04-07 12:38:00,615,615,615,615,0
2022-04-07 12:39:00,615,615,615,615,0
2022-04-07 12:40:00,615,615,615,615,0
2022-04-07 12:41:00,615,615,615,615,0
2022-04-07 12:42:00,615,615,615,615,0
2022-04-07 12:43:00,615,615,615,615,0
2022-04-07 12:44:00,615,615,615,615,0
2022-04-07 12:45:00,615,615,615,615,0
2022-04-07 12:46:00,615,615,615,615,0
2022-04-07 12:47:00,615,615,615,615,0
2022-04-07 12:48:00,615,615,615,615,0
2022-04-07 12:49:00,615,615,615,615,0
2022-04-07 12:50:00,615,615,615,615,0
2022-04-07 12:51:00,615,615,615,615,0
2022-04-07 12:52:00,615,615,615,615,0
2022-04-07 12:53:00,615,615,615,615,0
2022-04-07 12:54:00,615,615,615,615,0
2022-04-07 12:55:00,615,615,615,615,0
2022-04-07 12:56:00,615,615,615,615,0
2022-04-07 12:57:00,615,615,615,615,0
2022-04-07 12:58:00,615,615,615,615,0
2022-04-07 12:59:00,615,615,615,615,0
2022-04-07 13:00:00,615,615,615,615,0
2022-04-07 13:01:00,615,615,615,615,0
2022-04-07 13:02:00,615,615,615,615,0
2022-04-07 13:03:00,615,615,615,615,0
2022-04-07 13:04:00,615,615,615,615,0
2022-04-07 13:05:00,615,615,615,615,0
2022-04-07 13:06:00,615,615,615,615,0
2022-04-07 13:07:00,615,615,615,615,0
2022-04-07 13:08:00,615,615,615,615,0
2022-04-07 13:09:00,615,615,615,615,0
2022-04-07 13:10:00,615,615,615,615,0
2022-04-07 13:11:00,615,615,615,615,0
2022-04-07 13:12:00,615,615,615,615,0
2022-04-07 13:13:00,615,615,615,615,0
2022-04-07 13:14:00,615,615,615,615,0
2022-04-07 13:15:00,615,615,615,615,0
2022-04-07 13:16:00,615,615,615,615,0
2022-04-07 13:17:00,615,615,615,615,0
2022-04-07 13:18:00,615,615,615,615,0
2022-04-07 13:19:00,615,615,615,615,0
2022-04-07 13:20:00,615,615,615,615,0
2022-04-07 13:21:00,615,615,615,615,0
2022-04-07 13:22:00,615,615,615,615,0
2022-04-07 13:23:00,615,615,615,615,0
2022-04-07 13:24:00,615,615,615,615,0
2022-04-07 13:25:00,615,615,615,615,0
2022-04-07 13:26:00,615,615,615,615,0
2022-04-07 13:27:00,615,615,615,615,0
2022-04-07 13:28:00,615,615,615,615,0
2022-04-07 13:29:00,615,615,615,615,0
2022-04-07 13:30:00,615,610,615,610,1800
2022-04-07 13:31:00,610,610,610,610,1200
2022-04-07 13:32:00,610,610,610,610,1500
2022-04-07 13:33:00,610,610,610,610,0
2022-04-07 13:34:00,610,610,610,610,1200
2022-04-07 13:35:00,610,610,610,610,0
2022-04-07 13:36:00,610,610,610,610,0
2022-04-07 13:37:00,610,610,610,610,0
2022-04-07 13:38:00,610,610,610,610,1000
2022-04-07 13:39:00,610,610,610,610,1100
2022-04-07 13:40:00,610,610,610,610,0
2022-04-07 13:41:00,610,610,610,610,0
2022-04-07 13:42:00,610,610,610,610,0
2022-04-07 13:43:00,610,610,610,610,0
2022-04-07 13:44:00,610,610,610,610,900
2022-04-07 13:45:00,610,610,610,610,0
2022-04-07 13:46:00,610,610,610,610,0
2022-04-07 13:47:00,610,610,610,610,0
2022-04-07 13:48:00,610,610,610,610,0
2022-04-07 13:49:00,610,610,610,610,0
2022-04-07 13:50:00,610,610,610,610,0
2022-04-07 13:51:00,610,610,610,610,0
2022-04-07 13:52:00,610,610,610,610,0
2022-04-07 13:53:00,610,610,610,610,0
2022-04-07 13:54:00,610,610,610,610,0
2022-04-07 13:55:00,610,610,610,610,0
2022-04-07 13:56:00,610,610,610,610,2900
2022-04-07 13:57:00,615,615,615,615,200
2022-04-07 13:58:00,615,615,615,615,0
2022-04-07 13:59:00,615,615,615,615,7100
2022-04-07 14:00:00,615,615,615,615,0
2022-04-07 14:01:00,615,615,615,615,0
2022-04-07 14:02:00,610,610,610,610,600
2022-04-07 14:03:00,610,610,610,610,900
2022-04-07 14:04:00,615,615,615,615,200
2022-04-07 14:05:00,615,615,615,615,0
2022-04-07 14:06:00,615,615,615,615,0
2022-04-07 14:07:00,615,615,615,615,0
2022-04-07 14:08:00,615,615,615,615,700
2022-04-07 14:09:00,615,615,615,615,0
2022-04-07 14:10:00,615,615,615,615,0
2022-04-07 14:11:00,615,615,615,615,0
2022-04-07 14:12:00,615,615,615,615,0
2022-04-07 14:13:00,615,615,615,615,0
2022-04-07 14:14:00,615,615,615,615,0
2022-04-07 14:15:00,615,615,615,615,0
2022-04-07 14:16:00,615,615,615,615,0
2022-04-07 14:17:00,615,615,615,615,0
2022-04-07 14:18:00,615,615,615,615,0
2022-04-07 14:19:00,615,615,615,615,0
2022-04-07 14:20:00,615,610,615,610,1600
2022-04-07 14:21:00,610,610,615,615,1700
2022-04-07 14:22:00,610,610,615,615,0
2022-04-07 14:23:00,610,610,615,615,0
2022-04-07 14:24:00,610,610,615,615,0
2022-04-07 14:25:00,610,610,615,615,0
2022-04-07 14:26:00,610,600,610,600,380000
2022-04-07 14:27:00,610,610,625,615,351000
2022-04-07 14:28:00,615,615,630,630,84000
2022-04-07 14:29:00,630,630,635,630,800
2022-04-07 14:30:00,635,630,635,630,1300
2022-04-07 14:31:00,635,630,635,630,1500
2022-04-07 14:32:00,630,630,630,630,600
2022-04-07 14:33:00,630,630,630,630,600
2022-04-07 14:34:00,625,625,625,625,10700
2022-04-07 14:35:00,620,620,620,620,10600
2022-04-07 14:36:00,620,620,625,625,10400
2022-04-07 14:37:00,625,625,625,625,1200
2022-04-07 14:38:00,620,620,625,625,1300
2022-04-07 14:39:00,625,625,625,625,300
2022-04-07 14:40:00,625,625,625,625,800
2022-04-07 14:41:00,625,620,625,620,900
2022-04-07 14:42:00,625,620,625,620,0
2022-04-07 14:43:00,620,620,620,620,1500
2022-04-07 14:44:00,615,615,620,620,400
2022-04-07 14:45:00,620,620,620,620,1000
2022-04-07 14:46:00,620,620,620,620,0
2022-04-07 14:47:00,620,620,620,620,1500
2022-04-07 14:48:00,615,615,615,615,1400
2022-04-07 14:49:00,620,620,620,620,53300
2022-04-07 14:50:00,625,625,625,625,300
2022-04-07 14:51:00,625,625,625,625,0
2022-04-07 14:52:00,625,625,625,625,0
2022-04-07 14:53:00,625,625,625,625,0
2022-04-07 14:54:00,625,625,625,625,0
2022-04-07 14:55:00,625,625,625,625,0
2022-04-07 14:56:00,625,625,625,625,0
2022-04-07 14:57:00,625,625,625,625,0
2022-04-07 14:58:00,625,625,625,625,0
2022-04-07 14:59:00,625,625,625,625,0
2022-04-07 15:00:00,615,615,615,615,150000
2022-04-07 15:01:00,615,615,615,615,0
2022-04-07 15:02:00,615,615,615,615,8000
2022-04-07 15:03:00,615,615,615,615,0
2022-04-07 15:04:00,615,615,615,615,0
2022-04-07 15:05:00,615,615,615,615,0
2022-04-07 15:06:00,615,615,615,615,0
2022-04-07 15:07:00,615,615,615,615,0
2022-04-07 15:08:00,615,615,615,615,0
2022-04-07 15:09:00,615,615,615,615,0
2022-04-07 15:10:00,615,615,615,615,0
2022-04-07 15:11:00,615,615,615,615,0
2022-04-07 15:12:00,615,615,615,615,0
2022-04-07 15:13:00,615,615,615,615,0
2022-04-07 15:14:00,615,615,615,615,0
2022-04-07 15:15:00,615,615,615,615,0
2022-04-07 15:16:00,615,615,615,615,0
2022-04-07 15:17:00,615,615,615,615,0
2022-04-07 15:18:00,615,615,615,615,0
2022-04-07 15:19:00,615,615,615,615,0
2022-04-07 15:20:00,615,615,615,615,0
2022-04-07 15:21:00,615,615,615,615,0
2022-04-07 15:22:00,615,615,615,615,0
2022-04-07 15:23:00,615,615,615,615,0
2022-04-07 15:24:00,615,615,615,615,0
2022-04-07 15:25:00,615,615,615,615,0
2022-04-07 15:26:00,615,615,615,615,0
2022-04-07 15:27:00,615,615,615,615,0
2022-04-07 15:28:00,615,615,615,615,0
2022-04-07 15:29:00,615,615,615,615,0
2022-04-07 15:30:00,615,615,615,615,0
2022-04-07 15:31:00,615,615,615,615,0
2022-04-07 15:32:00,615,615,615,615,0
2022-04-07 15:33:00,615,615,615,615,0
2022-04-07 15:34:00,615,615,615,615,0
2022-04-07 15:35:00,615,615,615,615,0
2022-04-07 15:36:00,615,615,615,615,0
2022-04-07 15:37:00,615,615,615,615,0
2022-04-07 15:38:00,615,615,615,615,0
2022-04-07 15:39:00,615,615,615,615,0
2022-04-07 15:40:00,615,615,615,615,0
2022-04-07 15:41:00,615,615,615,615,0
2022-04-07 15:42:00,615,615,615,615,0
2022-04-07 15:43:00,615,615,615,615,0
2022-04-07 15:44:00,615,615,615,615,0
2022-04-07 15:45:00,615,615,615,615,0
2022-04-07 15:46:00,615,615,615,615,0
2022-04-07 15:47:00,615,615,615,615,0
2022-04-07 15:48:00,615,615,615,615,0
2022-04-07 15:49:00,615,615,615,615,0
2022-04-07 15:50:00,615,615,615,615,0
2022-04-07 15:51:00,615,615,615,615,0
2022-04-07 15:52:00,615,615,615,615,0
2022-04-07 15:53:00,615,615,615,615,0
2022-04-07 15:54:00,615,615,615,615,0
2022-04-07 15:55:00,615,615,615,615,0
2022-04-07 15:56:00,615,615,615,615,0
2022-04-07 15:57:00,615,615,615,615,0
2022-04-07 15:58:00,615,615,615,615,0
2022-04-07 15:59:00,615,615,615,615,0
2022-04-08 09:00:00,615,615,615,615,0
2022-04-08 09:01:00,615,615,615,615,0
2022-04-08 09:02:00,615,615,615,615,0
2022-04-08 09:03:00,615,615,615,615,0
2022-04-08 09:04:00,615,615,615,615,0
2022-04-08 09:05:00,615,615,615,615,0
2022-04-08 09:06:00,615,615,615,615,0
2022-04-08 09:07:00,615,615,625,625,0
2022-04-08 09:08:00,620,620,620,620,5000
2022-04-08 09:09:00,620,620,620,620,0
2022-04-08 09:10:00,620,620,620,620,300
2022-04-08 09:11:00,620,620,620,620,0
2022-04-08 09:12:00,620,620,620,620,0
2022-04-08 09:13:00,620,620,620,620,0
2022-04-08 09:14:00,620,620,620,620,0
2022-04-08 09:15:00,615,615,615,615,2500
2022-04-08 09:16:00,620,615,620,620,3000
2022-04-08 09:17:00,620,620,620,620,300
2022-04-08 09:18:00,620,620,620,620,0
2022-04-08 09:19:00,620,620,620,620,0
2022-04-08 09:20:00,620,620,620,620,0
2022-04-08 09:21:00,620,620,620,620,0
2022-04-08 09:22:00,620,620,620,620,0
2022-04-08 09:23:00,620,620,620,620,0
2022-04-08 09:24:00,620,620,620,620,0
2022-04-08 09:25:00,620,620,620,620,0
2022-04-08 09:26:00,620,620,620,620,0
2022-04-08 09:27:00,620,620,620,620,0
2022-04-08 09:28:00,615,615,615,615,900
2022-04-08 09:29:00,615,615,615,615,0
2022-04-08 09:30:00,615,615,615,615,0
2022-04-08 09:31:00,615,615,615,615,0
2022-04-08 09:32:00,615,615,615,615,0
2022-04-08 09:33:00,615,615,615,615,0
2022-04-08 09:34:00,615,615,615,615,4000
2022-04-08 09:35:00,615,615,615,615,0
2022-04-08 09:36:00,615,615,615,615,0
2022-04-08 09:37:00,615,615,615,615,0
2022-04-08 09:38:00,615,615,615,615,0
2022-04-08 09:39:00,615,615,615,615,0
2022-04-08 09:40:00,615,615,615,615,0
2022-04-08 09:41:00,615,615,615,615,0
2022-04-08 09:42:00,615,615,615,615,0
2022-04-08 09:43:00,615,615,615,615,0
2022-04-08 09:44:00,615,615,615,615,0
2022-04-08 09:45:00,615,615,615,615,0
2022-04-08 09:46:00,615,615,615,615,0
2022-04-08 09:47:00,615,615,615,615,0
2022-04-08 09:48:00,610,605,615,615,20300
2022-04-08 09:49:00,610,605,615,615,0
2022-04-08 09:50:00,610,605,615,615,0
2022-04-08 09:51:00,610,605,615,615,0
2022-04-08 09:52:00,610,605,615,615,0
2022-04-08 09:53:00,610,605,615,615,0
2022-04-08 09:54:00,610,605,615,615,0
2022-04-08 09:55:00,610,605,615,615,0
2022-04-08 09:56:00,610,605,615,615,0
2022-04-08 09:57:00,610,610,615,615,400
2022-04-08 09:58:00,610,610,615,615,0
2022-04-08 09:59:00,615,615,615,615,5000
2022-04-08 10:00:00,615,615,615,615,0
2022-04-08 10:01:00,610,610,610,610,2000
2022-04-08 10:02:00,610,610,610,610,500
2022-04-08 10:03:00,610,610,610,610,0
2022-04-08 10:04:00,610,610,610,610,0
2022-04-08 10:05:00,615,610,615,610,500
2022-04-08 10:06:00,610,610,610,610,200
2022-04-08 10:07:00,610,610,610,610,0
2022-04-08 10:08:00,610,610,610,610,0
2022-04-08 10:09:00,615,615,615,615,100
2022-04-08 10:10:00,610,600,610,600,635000
2022-04-08 10:11:00,610,610,630,630,600000
2022-04-08 10:12:00,610,610,630,630,0
2022-04-08 10:13:00,620,620,620,620,1000
2022-04-08 10:14:00,620,620,620,620,400
2022-04-08 10:15:00,615,615,620,620,200
2022-04-08 10:16:00,620,620,620,620,400
2022-04-08 10:17:00,620,620,620,620,0
2022-04-08 10:18:00,620,620,620,620,0
2022-04-08 10:19:00,620,620,620,620,2500
2022-04-08 10:20:00,625,620,625,620,5500
2022-04-08 10:21:00,625,620,625,620,0
2022-04-08 10:22:00,625,625,625,625,200
2022-04-08 10:23:00,620,620,620,620,500
2022-04-08 10:24:00,625,625,625,625,300
2022-04-08 10:25:00,625,625,625,625,0
2022-04-08 10:26:00,625,625,625,625,0
2022-04-08 10:27:00,625,625,625,625,0
2022-04-08 10:28:00,625,625,625,625,0
2022-04-08 10:29:00,625,625,625,625,0
2022-04-08 10:30:00,625,625,625,625,0
2022-04-08 10:31:00,625,625,625,625,0
2022-04-08 10:32:00,625,625,625,625,0
2022-04-08 10:33:00,625,625,625,625,0
2022-04-08 10:34:00,625,625,625,625,0
2022-04-08 10:35:00,625,625,625,625,0
2022-04-08 10:36:00,620,620,620,620,600
2022-04-08 10:37:00,620,620,620,620,0
2022-04-08 10:38:00,615,615,620,620,3400
2022-04-08 10:39:00,615,615,620,620,0
2022-04-08 10:40:00,615,615,620,620,0
2022-04-08 10:41:00,620,620,620,620,1600
2022-04-08 10:42:00,620,620,620,620,0
2022-04-08 10:43:00,620,620,620,620,0
2022-04-08 10:44:00,620,620,620,620,0
2022-04-08 10:45:00,620,620,620,620,0
2022-04-08 10:46:00,620,620,620,620,0
2022-04-08 10:47:00,620,620,620,620,0
2022-04-08 10:48:00,620,620,620,620,0
2022-04-08 10:49:00,620,620,620,620,0
2022-04-08 10:50:00,620,620,620,620,0
2022-04-08 10:51:00,620,620,620,620,0
2022-04-08 10:52:00,620,620,620,620,0
2022-04-08 10:53:00,620,620,620,620,0
2022-04-08 10:54:00,620,620,620,620,0
2022-04-08 10:55:00,620,620,620,620,0
2022-04-08 10:56:00,620,620,620,620,0
2022-04-08 10:57:00,620,620,620,620,0
2022-04-08 10:58:00,620,620,620,620,0
2022-04-08 10:59:00,620,620,620,620,1000
2022-04-08 11:00:00,620,620,620,620,0
2022-04-08 11:01:00,620,620,620,620,0
2022-04-08 11:02:00,620,620,620,620,0
2022-04-08 11:03:00,620,620,620,620,0
2022-04-08 11:04:00,620,620,620,620,0
2022-04-08 11:05:00,620,620,620,620,0
2022-04-08 11:06:00,620,620,620,620,0
2022-04-08 11:07:00,620,620,620,620,0
2022-04-08 11:08:00,620,620,620,620,0
2022-04-08 11:09:00,620,620,620,620,0
2022-04-08 11:10:00,620,620,620,620,0
2022-04-08 11:11:00,620,620,620,620,0
2022-04-08 11:12:00,620,620,620,620,0
2022-04-08 11:13:00,620,620,620,620,0
2022-04-08 11:14:00,620,620,620,620,0
2022-04-08 11:15:00,620,620,620,620,0
2022-04-08 11:16:00,620,620,620,620,0
2022-04-08 11:17:00,620,620,620,620,0
2022-04-08 11:18:00,615,615,615,615,900
2022-04-08 11:19:00,615,615,620,620,800
2022-04-08 11:20:00,615,615,615,615,200
2022-04-08 11:21:00,620,620,620,620,200
2022-04-08 11:22:00,615,615,615,615,500
2022-04-08 11:23:00,620,615,620,615,900
2022-04-08 11:24:00,620,615,620,615,0
2022-04-08 11:25:00,620,615,620,620,600
2022-04-08 11:26:00,620,620,620,620,200
2022-04-08 11:27:00,620,620,620,620,0
2022-04-08 11:28:00,620,620,620,620,0
2022-04-08 11:29:00,620,620,620,620,200
2022-04-08 11:30:00,620,620,620,620,0
2022-04-08 11:31:00,620,620,620,620,0
2022-04-08 11:32:00,620,620,620,620,0
2022-04-08 11:33:00,620,620,620,620,0
2022-04-08 11:34:00,620,620,620,620,0
2022-04-08 11:35:00,620,620,620,620,0
2022-04-08 11:36:00,620,620,620,620,0
2022-04-08 11:37:00,620,620,620,620,0
2022-04-08 11:38:00,620,620,620,620,0
2022-04-08 11:39:00,620,620,620,620,0
2022-04-08 11:40:00,620,620,620,620,0
2022-04-08 11:41:00,620,620,620,620,0
2022-04-08 11:42:00,620,620,620,620,0
2022-04-08 11:43:00,620,620,620,620,0
2022-04-08 11:44:00,620,620,620,620,0
2022-04-08 11:45:00,620,620,620,620,0
2022-04-08 11:46:00,620,620,620,620,0
2022-04-08 11:47:00,620,620,620,620,0
2022-04-08 11:48:00,620,620,620,620,0
2022-04-08 11:49:00,620,620,620,620,0
2022-04-08 11:50:00,620,620,620,620,0
2022-04-08 11:51:00,620,620,620,620,0
2022-04-08 11:52:00,620,620,620,620,0
2022-04-08 11:53:00,620,620,620,620,0
2022-04-08 11:54:00,620,620,620,620,0
2022-04-08 11:55:00,620,620,620,620,0
2022-04-08 11:56:00,620,620,620,620,0
2022-04-08 11:57:00,620,620,620,620,0
2022-04-08 11:58:00,620,620,620,620,0
2022-04-08 11:59:00,620,620,620,620,0
2022-04-08 12:00:00,620,620,620,620,0
2022-04-08 12:01:00,620,620,620,620,0
2022-04-08 12:02:00,620,620,620,620,0
2022-04-08 12:03:00,620,620,620,620,0
2022-04-08 12:04:00,620,620,620,620,0
2022-04-08 12:05:00,620,620,620,620,0
2022-04-08 12:06:00,620,620,620,620,0
2022-04-08 12:07:00,620,620,620,620,0
2022-04-08 12:08:00,620,620,620,620,0
2022-04-08 12:09:00,620,620,620,620,0
2022-04-08 12:10:00,620,620,620,620,0
2022-04-08 12:11:00,620,620,620,620,0
2022-04-08 12:12:00,620,620,620,620,0
2022-04-08 12:13:00,620,620,620,620,0
2022-04-08 12:14:00,620,620,620,620,0
2022-04-08 12:15:00,620,620,620,620,0
2022-04-08 12:16:00,620,620,620,620,0
2022-04-08 12:17:00,620,620,620,620,0
2022-04-08 12:18:00,620,620,620,620,0
2022-04-08 12:19:00,620,620,620,620,0
2022-04-08 12:20:00,620,620,620,620,0
2022-04-08 12:21:00,620,620,620,620,0
2022-04-08 12:22:00,620,620,620,620,0
2022-04-08 12:23:00,620,620,620,620,0
2022-04-08 12:24:00,620,620,620,620,0
2022-04-08 12:25:00,620,620,620,620,0
2022-04-08 12:26:00,620,620,620,620,0
2022-04-08 12:27:00,620,620,620,620,0
2022-04-08 12:28:00,620,620,620,620,0
2022-04-08 12:29:00,620,620,620,620,0
2022-04-08 12:30:00,620,620,620,620,0
2022-04-08 12:31:00,620,620,620,620,0
2022-04-08 12:32:00,620,620,620,620,0
2022-04-08 12:33:00,620,620,620,620,0
2022-04-08 12:34:00,620,620,620,620,0
2022-04-08 12:35:00,620,620,620,620,0
2022-04-08 12:36:00,620,620,620,620,0
2022-04-08 12:37:00,620,620,620,620,0
2022-04-08 12:38:00,620,620,620,620,0
2022-04-08 12:39:00,620,620,620,620,0
2022-04-08 12:40:00,620,620,620,620,0
2022-04-08 12:41:00,620,620,620,620,0
2022-04-08 12:42:00,620,620,620,620,0
2022-04-08 12:43:00,620,620,620,620,0
2022-04-08 12:44:00,620,620,620,620,0
2022-04-08 12:45:00,620,620,620,620,0
2022-04-08 12:46:00,620,620,620,620,0
2022-04-08 12:47:00,620,620,620,620,0
2022-04-08 12:48:00,620,620,620,620,0
2022-04-08 12:49:00,620,620,620,620,0
2022-04-08 12:50:00,620,620,620,620,0
2022-04-08 12:51:00,620,620,620,620,0
2022-04-08 12:52:00,620,620,620,620,0
2022-04-08 12:53:00,620,620,620,620,0
2022-04-08 12:54:00,620,620,620,620,0
2022-04-08 12:55:00,620,620,620,620,0
2022-04-08 12:56:00,620,620,620,620,0
2022-04-08 12:57:00,620,620,620,620,0
2022-04-08 12:58:00,620,620,620,620,0
2022-04-08 12:59:00,620,620,620,620,0
2022-04-08 13:00:00,620,620,620,620,0
2022-04-08 13:01:00,620,620,620,620,0
2022-04-08 13:02:00,620,620,620,620,0
2022-04-08 13:03:00,620,620,620,620,0
2022-04-08 13:04:00,620,620,620,620,0
2022-04-08 13:05:00,620,620,620,620,0
2022-04-08 13:06:00,620,620,620,620,0
2022-04-08 13:07:00,620,620,620,620,0
2022-04-08 13:08:00,620,620,620,620,0
2022-04-08 13:09:00,620,620,620,620,0
2022-04-08 13:10:00,620,620,620,620,0
2022-04-08 13:11:00,620,620,620,620,0
2022-04-08 13:12:00,620,620,620,620,0
2022-04-08 13:13:00,620,620,620,620,0
2022-04-08 13:14:00,620,620,620,620,0
2022-04-08 13:15:00,620,620,620,620,0
2022-04-08 13:16:00,620,620,620,620,0
2022-04-08 13:17:00,620,620,620,620,0
2022-04-08 13:18:00,620,620,620,620,0
2022-04-08 13:19:00,620,620,620,620,0
2022-04-08 13:20:00,620,620,620,620,0
2022-04-08 13:21:00,620,620,620,620,0
2022-04-08 13:22:00,620,620,620,620,0
2022-04-08 13:23:00,620,620,620,620,0
2022-04-08 13:24:00,620,620,620,620,0
2022-04-08 13:25:00,620,620,620,620,0
2022-04-08 13:26:00,620,620,620,620,0
2022-04-08 13:27:00,620,620,620,620,0
2022-04-08 13:28:00,620,620,620,620,0
2022-04-08 13:29:00,620,620,620,620,0
2022-04-08 13:30:00,620,620,620,620,1800
2022-04-08 13:31:00,620,620,620,620,0
2022-04-08 13:32:00,620,620,620,620,800
2022-04-08 13:33:00,620,620,620,620,2200
2022-04-08 13:34:00,620,620,620,620,0
2022-04-08 13:35:00,620,620,620,620,0
2022-04-08 13:36:00,620,620,620,620,1000
2022-04-08 13:37:00,620,620,620,620,0
2022-04-08 13:38:00,620,620,620,620,0
2022-04-08 13:39:00,615,615,615,615,5900
2022-04-08 13:40:00,615,615,615,615,0
2022-04-08 13:41:00,615,615,615,615,3800
2022-04-08 13:42:00,615,615,620,620,500
2022-04-08 13:43:00,620,620,620,620,200
2022-04-08 13:44:00,620,620,620,620,0
2022-04-08 13:45:00,620,620,620,620,0
2022-04-08 13:46:00,620,620,620,620,0
2022-04-08 13:47:00,620,620,620,620,0
2022-04-08 13:48:00,620,620,620,620,0
2022-04-08 13:49:00,620,620,620,620,0
2022-04-08 13:50:00,620,620,620,620,0
2022-04-08 13:51:00,620,620,620,620,0
2022-04-08 13:52:00,620,620,620,620,0
2022-04-08 13:53:00,620,620,620,620,1900
2022-04-08 13:54:00,615,615,615,615,100
2022-04-08 13:55:00,620,620,620,620,300
2022-04-08 13:56:00,620,620,620,620,5000
2022-04-08 13:57:00,620,620,620,620,0
2022-04-08 13:58:00,620,620,620,620,0
2022-04-08 13:59:00,620,620,620,620,0
2022-04-08 14:00:00,620,620,620,620,5000
2022-04-08 14:01:00,620,620,620,620,0
2022-04-08 14:02:00,615,615,620,620,7300
2022-04-08 14:03:00,615,615,620,620,0
2022-04-08 14:04:00,615,615,620,620,0
2022-04-08 14:05:00,615,615,620,620,0
2022-04-08 14:06:00,615,615,620,620,0
2022-04-08 14:07:00,615,615,620,620,0
2022-04-08 14:08:00,615,615,620,620,0
2022-04-08 14:09:00,615,615,620,620,0
2022-04-08 14:10:00,615,615,620,620,0
2022-04-08 14:11:00,620,620,620,620,1100
2022-04-08 14:12:00,620,620,620,620,0
2022-04-08 14:13:00,620,620,620,620,0
2022-04-08 14:14:00,620,620,620,620,0
2022-04-08 14:15:00,620,620,620,620,0
2022-04-08 14:16:00,620,620,620,620,0
2022-04-08 14:17:00,620,620,620,620,0
2022-04-08 14:18:00,620,620,620,620,0
2022-04-08 14:19:00,620,620,620,620,1000
2022-04-08 14:20:00,620,620,620,620,0
2022-04-08 14:21:00,620,620,620,620,0
2022-04-08 14:22:00,620,620,620,620,0
2022-04-08 14:23:00,620,620,620,620,0
2022-04-08 14:24:00,615,615,615,615,12600
2022-04-08 14:25:00,615,615,615,615,3400
2022-04-08 14:26:00,615,615,615,615,1500
2022-04-08 14:27:00,615,615,615,615,600
2022-04-08 14:28:00,615,615,615,615,0
2022-04-08 14:29:00,610,610,615,615,1600
2022-04-08 14:30:00,615,610,615,610,6500
2022-04-08 14:31:00,615,615,615,615,400
2022-04-08 14:32:00,615,615,615,615,0
2022-04-08 14:33:00,615,615,615,615,300
2022-04-08 14:34:00,615,615,615,615,0
2022-04-08 14:35:00,615,615,615,615,100
2022-04-08 14:36:00,615,615,615,615,0
2022-04-08 14:37:00,620,620,620,620,200
2022-04-08 14:38:00,620,620,620,620,0
2022-04-08 14:39:00,620,620,620,620,300
2022-04-08 14:40:00,620,620,620,620,0
2022-04-08 14:41:00,620,620,620,620,0
2022-04-08 14:42:00,620,620,620,620,0
2022-04-08 14:43:00,615,610,620,620,4100
2022-04-08 14:44:00,615,615,615,615,700
2022-04-08 14:45:00,610,610,610,610,100
2022-04-08 14:46:00,615,615,615,615,1700
2022-04-08 14:47:00,615,615,615,615,800
2022-04-08 14:48:00,615,615,615,615,1500
2022-04-08 14:49:00,615,615,620,620,24100
2022-04-08 14:50:00,615,615,620,620,0
2022-04-08 14:51:00,615,615,620,620,0
2022-04-08 14:52:00,615,615,620,620,0
2022-04-08 14:53:00,615,615,620,620,0
2022-04-08 14:54:00,615,615,620,620,0
2022-04-08 14:55:00,615,615,620,620,0
2022-04-08 14:56:00,615,615,620,620,0
2022-04-08 14:57:00,615,615,620,620,0
2022-04-08 14:58:00,615,615,620,620,0
2022-04-08 14:59:00,615,615,620,620,0
2022-04-08 15:00:00,620,620,620,620,180500
2022-04-08 15:01:00,620,620,620,620,0
2022-04-08 15:02:00,620,620,620,620,2700
2022-04-08 15:03:00,620,620,620,620,0
2022-04-08 15:04:00,620,620,620,620,300
2022-04-08 15:05:00,620,620,620,620,0
2022-04-08 15:06:00,620,620,620,620,200
2022-04-08 15:07:00,620,620,620,620,0
2022-04-08 15:08:00,620,620,620,620,0
2022-04-08 15:09:00,620,620,620,620,0
2022-04-08 15:10:00,620,620,620,620,0
2022-04-08 15:11:00,620,620,620,620,0
2022-04-08 15:12:00,620,620,620,620,0
2022-04-08 15:13:00,620,620,620,620,0
2022-04-08 15:14:00,620,620,620,620,0
2022-04-08 15:15:00,620,620,620,620,0
2022-04-08 15:16:00,620,620,620,620,0
2022-04-08 15:17:00,620,620,620,620,0
2022-04-08 15:18:00,620,620,620,620,0
2022-04-08 15:19:00,620,620,620,620,0
2022-04-08 15:20:00,620,620,620,620,0
2022-04-08 15:21:00,620,620,620,620,0
2022-04-08 15:22:00,620,620,620,620,0
2022-04-08 15:23:00,620,620,620,620,0
2022-04-08 15:24:00,620,620,620,620,0
2022-04-08 15:25:00,620,620,620,620,0
2022-04-08 15:26:00,620,620,620,620,0
2022-04-08 15:27:00,620,620,620,620,0
2022-04-08 15:28:00,620,620,620,620,0
2022-04-08 15:29:00,620,620,620,620,0
2022-04-08 15:30:00,620,620,620,620,0
2022-04-08 15:31:00,620,620,620,620,0
2022-04-08 15:32:00,620,620,620,620,0
2022-04-08 15:33:00,620,620,620,620,0
2022-04-08 15:34:00,620,620,620,620,0
2022-04-08 15:35:00,620,620,620,620,0
2022-04-08 15:36:00,620,620,620,620,0
2022-04-08 15:37:00,620,620,620,620,0
2022-04-08 15:38:00,620,620,620,620,0
2022-04-08 15:39:00,620,620,620,620,0
2022-04-08 15:40:00,620,620,620,620,0
2022-04-08 15:41:00,620,620,620,620,0
2022-04-08 15:42:00,620,620,620,620,0
2022-04-08 15:43:00,620,620,620,620,0
2022-04-08 15:44:00,620,620,620,620,0
2022-04-08 15:45:00,620,620,620,620,0
2022-04-08 15:46:00,620,620,620,620,0
2022-04-08 15:47:00,620,620,620,620,0
2022-04-08 15:48:00,620,620,620,620,0
2022-04-08 15:49:00,620,620,620,620,0
2022-04-08 15:50:00,620,620,620,620,0
2022-04-08 15:51:00,620,620,620,620,0
2022-04-08 15:52:00,620,620,620,620,0
2022-04-08 15:53:00,620,620,620,620,0
2022-04-08 15:54:00,620,620,620,620,0
2022-04-08 15:55:00,620,620,620,620,0
2022-04-08 15:56:00,620,620,620,620,0
2022-04-08 15:57:00,620,620,620,620,0
2022-04-08 15:58:00,620,620,620,620,0
2022-04-08 15:59:00,620,620,620,620,0
2022-04-11 09:00:00,620,620,620,620,0
2022-04-11 09:01:00,620,620,620,620,100
2022-04-11 09:02:00,620,620,620,620,0
2022-04-11 09:03:00,620,620,620,620,0
2022-04-11 09:04:00,620,620,620,620,0
2022-04-11 09:05:00,620,620,620,620,0
2022-04-11 09:06:00,620,620,620,620,0
2022-04-11 09:07:00,620,620,620,620,0
2022-04-11 09:08:00,620,620,620,620,0
2022-04-11 09:09:00,620,620,620,620,0
2022-04-11 09:10:00,620,620,620,620,0
2022-04-11 09:11:00,620,620,620,620,0
2022-04-11 09:12:00,620,620,620,620,0
2022-04-11 09:13:00,620,620,620,620,0
2022-04-11 09:14:00,620,620,620,620,0
2022-04-11 09:15:00,620,620,620,620,0
2022-04-11 09:16:00,620,620,620,620,0
2022-04-11 09:17:00,620,620,620,620,0
2022-04-11 09:18:00,620,620,620,620,0
2022-04-11 09:19:00,620,620,620,620,0
2022-04-11 09:20:00,620,620,620,620,0
2022-04-11 09:21:00,620,620,620,620,0
2022-04-11 09:22:00,615,615,615,615,4000
2022-04-11 09:23:00,615,615,615,615,2000
2022-04-11 09:24:00,620,615,620,615,1300
2022-04-11 09:25:00,620,615,620,615,0
2022-04-11 09:26:00,615,610,615,610,2100
2022-04-11 09:27:00,615,615,615,615,400
2022-04-11 09:28:00,610,610,610,610,100
2022-04-11 09:29:00,615,615,615,615,600
2022-04-11 09:30:00,615,615,615,615,800
2022-04-11 09:31:00,615,615,615,615,0
2022-04-11 09:32:00,615,615,615,615,15000
2022-04-11 09:33:00,615,615,615,615,1000
2022-04-11 09:34:00,615,615,615,615,0
2022-04-11 09:35:00,615,615,615,615,0
2022-04-11 09:36:00,615,615,615,615,0
2022-04-11 09:37:00,615,615,615,615,0
2022-04-11 09:38:00,615,615,615,615,0
2022-04-11 09:39:00,615,615,615,615,0
2022-04-11 09:40:00,615,615,615,615,0
2022-04-11 09:41:00,615,615,615,615,0
2022-04-11 09:42:00,615,615,615,615,0
2022-04-11 09:43:00,615,615,615,615,1000
2022-04-11 09:44:00,615,615,615,615,0
2022-04-11 09:45:00,615,615,615,615,0
2022-04-11 09:46:00,615,615,615,615,0
2022-04-11 09:47:00,615,615,615,615,0
2022-04-11 09:48:00,610,610,615,615,500
2022-04-11 09:49:00,610,610,615,615,0
2022-04-11 09:50:00,615,615,615,615,1000
2022-04-11 09:51:00,615,615,615,615,0
2022-04-11 09:52:00,615,615,615,615,0
2022-04-11 09:53:00,615,615,615,615,0
2022-04-11 09:54:00,615,615,615,615,0
2022-04-11 09:55:00,615,615,615,615,0
2022-04-11 09:56:00,615,615,615,615,0
2022-04-11 09:57:00,615,615,615,615,100
2022-04-11 09:58:00,610,610,615,615,4400
2022-04-11 09:59:00,610,610,615,615,0
2022-04-11 10:00:00,610,610,615,615,0
2022-04-11 10:01:00,610,610,610,610,100
2022-04-11 10:02:00,615,615,615,615,200
2022-04-11 10:03:00,615,615,615,615,0
2022-04-11 10:04:00,615,615,615,615,0
2022-04-11 10:05:00,610,610,610,610,400
2022-04-11 10:06:00,615,615,615,615,300
2022-04-11 10:07:00,615,615,615,615,0
2022-04-11 10:08:00,615,615,615,615,0
2022-04-11 10:09:00,615,615,615,615,0
2022-04-11 10:10:00,615,615,615,615,0
2022-04-11 10:11:00,615,615,615,615,0
2022-04-11 10:12:00,610,610,610,610,21000
2022-04-11 10:13:00,615,615,615,615,300
2022-04-11 10:14:00,615,615,615,615,0
2022-04-11 10:15:00,615,615,615,615,0
2022-04-11 10:16:00,615,615,615,615,3500
2022-04-11 10:17:00,615,615,615,615,0
2022-04-11 10:18:00,615,615,615,615,0
2022-04-11 10:19:00,615,615,615,615,0
2022-04-11 10:20:00,615,615,615,615,0
2022-04-11 10:21:00,615,615,615,615,0
2022-04-11 10:22:00,615,615,615,615,0
2022-04-11 10:23:00,615,615,615,615,800
2022-04-11 10:24:00,615,615,615,615,200
2022-04-11 10:25:00,615,615,615,615,200
2022-04-11 10:26:00,615,615,615,615,0
2022-04-11 10:27:00,615,615,615,615,0
2022-04-11 10:28:00,615,615,615,615,0
2022-04-11 10:29:00,615,615,615,615,0
2022-04-11 10:30:00,615,615,615,615,0
2022-04-11 10:31:00,615,615,615,615,0
2022-04-11 10:32:00,615,615,615,615,0
2022-04-11 10:33:00,615,615,615,615,0
2022-04-11 10:34:00,615,615,615,615,0
2022-04-11 10:35:00,615,615,615,615,0
2022-04-11 10:36:00,610,610,610,610,1700
2022-04-11 10:37:00,610,610,610,610,0
2022-04-11 10:38:00,610,610,610,610,0
2022-04-11 10:39:00,610,610,610,610,0
2022-04-11 10:40:00,615,615,615,615,500
2022-04-11 10:41:00,615,615,615,615,0
2022-04-11 10:42:00,615,615,615,615,0
2022-04-11 10:43:00,615,615,615,615,0
2022-04-11 10:44:00,615,615,615,615,0
2022-04-11 10:45:00,615,615,615,615,0
2022-04-11 10:46:00,615,615,615,615,0
2022-04-11 10:47:00,615,615,615,615,0
2022-04-11 10:48:00,615,615,615,615,0
2022-04-11 10:49:00,615,615,615,615,5000
2022-04-11 10:50:00,615,615,615,615,0
2022-04-11 10:51:00,615,615,615,615,0
2022-04-11 10:52:00,615,615,615,615,0
2022-04-11 10:53:00,615,615,615,615,0
2022-04-11 10:54:00,615,615,615,615,0
2022-04-11 10:55:00,615,615,615,615,0
2022-04-11 10:56:00,615,615,615,615,0
2022-04-11 10:57:00,615,615,615,615,0
2022-04-11 10:58:00,615,615,615,615,0
2022-04-11 10:59:00,615,615,615,615,0
2022-04-11 11:00:00,615,615,615,615,0
2022-04-11 11:01:00,615,615,615,615,0
2022-04-11 11:02:00,615,615,615,615,0
2022-04-11 11:03:00,615,615,615,615,900
2022-04-11 11:04:00,615,615,615,615,0
2022-04-11 11:05:00,615,615,615,615,0
2022-04-11 11:06:00,615,615,615,615,0
2022-04-11 11:07:00,615,615,615,615,0
2022-04-11 11:08:00,615,615,615,615,0
2022-04-11 11:09:00,615,615,615,615,0
2022-04-11 11:10:00,615,615,615,615,0
2022-04-11 11:11:00,615,615,620,615,4300
2022-04-11 11:12:00,615,615,620,615,0
2022-04-11 11:13:00,620,620,620,620,300
2022-04-11 11:14:00,620,620,620,620,0
2022-04-11 11:15:00,620,620,620,620,0
2022-04-11 11:16:00,620,620,620,620,0
2022-04-11 11:17:00,620,620,620,620,0
2022-04-11 11:18:00,620,620,620,620,300
2022-04-11 11:19:00,620,620,620,620,0
2022-04-11 11:20:00,620,620,620,620,0
2022-04-11 11:21:00,620,620,620,620,0
2022-04-11 11:22:00,620,620,620,620,0
2022-04-11 11:23:00,620,620,620,620,0
2022-04-11 11:24:00,620,620,620,620,0
2022-04-11 11:25:00,615,615,615,615,300
2022-04-11 11:26:00,615,615,615,615,0
2022-04-11 11:27:00,615,615,615,615,0
2022-04-11 11:28:00,615,615,615,615,0
2022-04-11 11:29:00,615,615,615,615,0
2022-04-11 11:30:00,610,610,610,610,200
2022-04-11 11:31:00,610,610,610,610,0
2022-04-11 11:32:00,610,610,610,610,0
2022-04-11 11:33:00,610,610,610,610,0
2022-04-11 11:34:00,610,610,610,610,0
2022-04-11 11:35:00,610,610,610,610,0
2022-04-11 11:36:00,610,610,610,610,0
2022-04-11 11:37:00,610,610,610,610,0
2022-04-11 11:38:00,610,610,610,610,0
2022-04-11 11:39:00,610,610,610,610,0
2022-04-11 11:40:00,610,610,610,610,0
2022-04-11 11:41:00,610,610,610,610,0
2022-04-11 11:42:00,610,610,610,610,0
2022-04-11 11:43:00,610,610,610,610,0
2022-04-11 11:44:00,610,610,610,610,0
2022-04-11 11:45:00,610,610,610,610,0
2022-04-11 11:46:00,610,610,610,610,0
2022-04-11 11:47:00,610,610,610,610,0
2022-04-11 11:48:00,610,610,610,610,0
2022-04-11 11:49:00,610,610,610,610,0
2022-04-11 11:50:00,610,610,610,610,0
2022-04-11 11:51:00,610,610,610,610,0
2022-04-11 11:52:00,610,610,610,610,0
2022-04-11 11:53:00,610,610,610,610,0
2022-04-11 11:54:00,610,610,610,610,0
2022-04-11 11:55:00,610,610,610,610,0
2022-04-11 11:56:00,610,610,610,610,0
2022-04-11 11:57:00,610,610,610,610,0
2022-04-11 11:58:00,610,610,610,610,0
2022-04-11 11:59:00,610,610,610,610,0
2022-04-11 12:00:00,610,610,610,610,0
2022-04-11 12:01:00,610,610,610,610,0
2022-04-11 12:02:00,610,610,610,610,0
2022-04-11 12:03:00,610,610,610,610,0
2022-04-11 12:04:00,610,610,610,610,0
2022-04-11 12:05:00,610,610,610,610,0
2022-04-11 12:06:00,610,610,610,610,0
2022-04-11 12:07:00,610,610,610,610,0
2022-04-11 12:08:00,610,610,610,610,0
2022-04-11 12:09:00,610,610,610,610,0
2022-04-11 12:10:00,610,610,610,610,0
2022-04-11 12:11:00,610,610,610,610,0
2022-04-11 12:12:00,610,610,610,610,0
2022-04-11 12:13:00,610,610,610,610,0
2022-04-11 12:14:00,610,610,610,610,0
2022-04-11 12:15:00,610,610,610,610,0
2022-04-11 12:16:00,610,610,610,610,0
2022-04-11 12:17:00,610,610,610,610,0
2022-04-11 12:18:00,610,610,610,610,0
2022-04-11 12:19:00,610,610,610,610,0
2022-04-11 12:20:00,610,610,610,610,0
2022-04-11 12:21:00,610,610,610,610,0
2022-04-11 12:22:00,610,610,610,610,0
2022-04-11 12:23:00,610,610,610,610,0
2022-04-11 12:24:00,610,610,610,610,0
2022-04-11 12:25:00,610,610,610,610,0
2022-04-11 12:26:00,610,610,610,610,0
2022-04-11 12:27:00,610,610,610,610,0
2022-04-11 12:28:00,610,610,610,610,0
2022-04-11 12:29:00,610,610,610,610,0
2022-04-11 12:30:00,610,610,610,610,0
2022-04-11 12:31:00,610,610,610,610,0
2022-04-11 12:32:00,610,610,610,610,0
2022-04-11 12:33:00,610,610,610,610,0
2022-04-11 12:34:00,610,610,610,610,0
2022-04-11 12:35:00,610,610,610,610,0
2022-04-11 12:36:00,610,610,610,610,0
2022-04-11 12:37:00,610,610,610,610,0
2022-04-11 12:38:00,610,610,610,610,0
2022-04-11 12:39:00,610,610,610,610,0
2022-04-11 12:40:00,610,610,610,610,0
2022-04-11 12:41:00,610,610,610,610,0
2022-04-11 12:42:00,610,610,610,610,0
2022-04-11 12:43:00,610,610,610,610,0
2022-04-11 12:44:00,610,610,610,610,0
2022-04-11 12:45:00,610,610,610,610,0
2022-04-11 12:46:00,610,610,610,610,0
2022-04-11 12:47:00,610,610,610,610,0
2022-04-11 12:48:00,610,610,610,610,0
2022-04-11 12:49:00,610,610,610,610,0
2022-04-11 12:50:00,610,610,610,610,0
2022-04-11 12:51:00,610,610,610,610,0
2022-04-11 12:52:00,610,610,610,610,0
2022-04-11 12:53:00,610,610,610,610,0
2022-04-11 12:54:00,610,610,610,610,0
2022-04-11 12:55:00,610,610,610,610,0
2022-04-11 12:56:00,610,610,610,610,0
2022-04-11 12:57:00,610,610,610,610,0
2022-04-11 12:58:00,610,610,610,610,0
2022-04-11 12:59:00,610,610,610,610,0
2022-04-11 13:00:00,610,610,610,610,0
2022-04-11 13:01:00,610,610,610,610,0
2022-04-11 13:02:00,610,610,610,610,0
2022-04-11 13:03:00,610,610,610,610,0
2022-04-11 13:04:00,610,610,610,610,0
2022-04-11 13:05:00,610,610,610,610,0
2022-04-11 13:06:00,610,610,610,610,0
2022-04-11 13:07:00,610,610,610,610,0
2022-04-11 13:08:00,610,610,610,610,0
2022-04-11 13:09:00,610,610,610,610,0
2022-04-11 13:10:00,610,610,610,610,0
2022-04-11 13:11:00,610,610,610,610,0
2022-04-11 13:12:00,610,610,610,610,0
2022-04-11 13:13:00,610,610,610,610,0
2022-04-11 13:14:00,610,610,610,610,0
2022-04-11 13:15:00,610,610,610,610,0
2022-04-11 13:16:00,610,610,610,610,0
2022-04-11 13:17:00,610,610,610,610,0
2022-04-11 13:18:00,610,610,610,610,0
2022-04-11 13:19:00,610,610,610,610,0
2022-04-11 13:20:00,610,610,610,610,0
2022-04-11 13:21:00,610,610,610,610,0
2022-04-11 13:22:00,610,610,610,610,0
2022-04-11 13:23:00,610,610,610,610,0
2022-04-11 13:24:00,610,610,610,610,0
2022-04-11 13:25:00,610,610,610,610,0
2022-04-11 13:26:00,610,610,610,610,0
2022-04-11 13:27:00,610,610,610,610,0
2022-04-11 13:28:00,610,610,610,610,0
2022-04-11 13:29:00,610,610,610,610,0
2022-04-11 13:30:00,615,610,615,610,2300
2022-04-11 13:31:00,615,615,615,615,200
2022-04-11 13:32:00,615,615,615,615,0
2022-04-11 13:33:00,615,615,615,615,0
2022-04-11 13:34:00,615,615,615,615,0
2022-04-11 13:35:00,615,615,615,615,0
2022-04-11 13:36:00,615,615,615,615,0
2022-04-11 13:37:00,615,615,615,615,800
2022-04-11 13:38:00,615,615,615,615,700
2022-04-11 13:39:00,615,615,615,615,0
2022-04-11 13:40:00,615,615,615,615,0
2022-04-11 13:41:00,615,615,615,615,0
2022-04-11 13:42:00,615,615,615,615,0
2022-04-11 13:43:00,610,605,615,615,44100
2022-04-11 13:44:00,610,605,615,615,0
2022-04-11 13:45:00,610,605,615,615,0
2022-04-11 13:46:00,615,615,615,615,600
2022-04-11 13:47:00,615,615,615,615,0
2022-04-11 13:48:00,615,615,615,615,124700
2022-04-11 13:49:00,615,615,615,615,0
2022-04-11 13:50:00,610,610,610,610,500
2022-04-11 13:51:00,610,610,615,615,2200
2022-04-11 13:52:00,615,615,615,615,200
2022-04-11 13:53:00,615,615,615,615,200
2022-04-11 13:54:00,615,615,615,615,200
2022-04-11 13:55:00,615,615,615,615,500
2022-04-11 13:56:00,615,615,615,615,200
2022-04-11 13:57:00,615,615,615,615,0
2022-04-11 13:58:00,615,615,615,615,0
2022-04-11 13:59:00,615,615,615,615,0
2022-04-11 14:00:00,615,615,615,615,0
2022-04-11 14:01:00,615,615,615,615,0
2022-04-11 14:02:00,615,615,615,615,0
2022-04-11 14:03:00,615,615,615,615,0
2022-04-11 14:04:00,615,615,615,615,0
2022-04-11 14:05:00,615,615,615,615,0
2022-04-11 14:06:00,615,615,615,615,0
2022-04-11 14:07:00,615,615,615,615,0
2022-04-11 14:08:00,615,615,615,615,0
2022-04-11 14:09:00,615,615,615,615,0
2022-04-11 14:10:00,615,615,615,615,0
2022-04-11 14:11:00,615,615,615,615,0
2022-04-11 14:12:00,615,615,615,615,0
2022-04-11 14:13:00,615,615,615,615,0
2022-04-11 14:14:00,615,615,615,615,0
2022-04-11 14:15:00,615,615,615,615,0
2022-04-11 14:16:00,615,615,615,615,0
2022-04-11 14:17:00,615,615,615,615,0
2022-04-11 14:18:00,615,615,615,615,1100
2022-04-11 14:19:00,615,615,615,615,0
2022-04-11 14:20:00,615,615,615,615,0
2022-04-11 14:21:00,615,615,615,615,0
2022-04-11 14:22:00,615,615,615,615,0
2022-04-11 14:23:00,615,615,615,615,0
2022-04-11 14:24:00,615,615,615,615,0
2022-04-11 14:25:00,615,615,615,615,0
2022-04-11 14:26:00,615,615,615,615,0
2022-04-11 14:27:00,615,615,615,615,0
2022-04-11 14:28:00,615,615,615,615,0
2022-04-11 14:29:00,615,615,615,615,400
2022-04-11 14:30:00,615,615,615,615,0
2022-04-11 14:31:00,615,615,615,615,0
2022-04-11 14:32:00,615,615,615,615,0
2022-04-11 14:33:00,615,615,615,615,0
2022-04-11 14:34:00,615,615,615,615,0
2022-04-11 14:35:00,615,615,615,615,700
2022-04-11 14:36:00,615,615,615,615,0
2022-04-11 14:37:00,615,615,615,615,0
2022-04-11 14:38:00,615,615,615,615,0
2022-04-11 14:39:00,615,615,615,615,0
2022-04-11 14:40:00,610,610,610,610,5400
2022-04-11 14:41:00,610,610,610,610,1400
2022-04-11 14:42:00,610,610,615,615,2100
2022-04-11 14:43:00,615,615,615,615,200
2022-04-11 14:44:00,615,615,615,615,800
2022-04-11 14:45:00,615,615,615,615,200
2022-04-11 14:46:00,615,615,615,615,0
2022-04-11 14:47:00,615,615,615,615,300
2022-04-11 14:48:00,615,615,615,615,200
2022-04-11 14:49:00,615,615,620,620,26600
2022-04-11 14:50:00,615,615,620,620,0
2022-04-11 14:51:00,615,615,620,620,0
2022-04-11 14:52:00,615,615,620,620,0
2022-04-11 14:53:00,615,615,620,620,0
2022-04-11 14:54:00,615,615,620,620,0
2022-04-11 14:55:00,615,615,620,620,0
2022-04-11 14:56:00,615,615,620,620,0
2022-04-11 14:57:00,615,615,620,620,0
2022-04-11 14:58:00,615,615,620,620,0
2022-04-11 14:59:00,615,615,620,620,0
2022-04-11 15:00:00,615,615,615,615,114300
2022-04-11 15:01:00,615,615,615,615,0
2022-04-11 15:02:00,615,615,615,615,0
2022-04-11 15:03:00,615,615,615,615,0
2022-04-11 15:04:00,615,615,615,615,0
2022-04-11 15:05:00,615,615,615,615,0
2022-04-11 15:06:00,615,615,615,615,0
2022-04-11 15:07:00,615,615,615,615,0
2022-04-11 15:08:00,615,615,615,615,0
2022-04-11 15:09:00,615,615,615,615,0
2022-04-11 15:10:00,615,615,615,615,0
2022-04-11 15:11:00,615,615,615,615,0
2022-04-11 15:12:00,615,615,615,615,0
2022-04-11 15:13:00,615,615,615,615,0
2022-04-11 15:14:00,615,615,615,615,0
2022-04-11 15:15:00,615,615,615,615,0
2022-04-11 15:16:00,615,615,615,615,0
2022-04-11 15:17:00,615,615,615,615,0
2022-04-11 15:18:00,615,615,615,615,0
2022-04-11 15:19:00,615,615,615,615,0
2022-04-11 15:20:00,615,615,615,615,0
2022-04-11 15:21:00,615,615,615,615,0
2022-04-11 15:22:00,615,615,615,615,0
2022-04-11 15:23:00,615,615,615,615,0
2022-04-11 15:24:00,615,615,615,615,0
2022-04-11 15:25:00,615,615,615,615,0
2022-04-11 15:26:00,615,615,615,615,0
2022-04-11 15:27:00,615,615,615,615,0
2022-04-11 15:28:00,615,615,615,615,0
2022-04-11 15:29:00,615,615,615,615,0
2022-04-11 15:30:00,615,615,615,615,0
2022-04-11 15:31:00,615,615,615,615,0
2022-04-11 15:32:00,615,615,615,615,0
2022-04-11 15:33:00,615,615,615,615,0
2022-04-11 15:34:00,615,615,615,615,0
2022-04-11 15:35:00,615,615,615,615,0
2022-04-11 15:36:00,615,615,615,615,0
2022-04-11 15:37:00,615,615,615,615,0
2022-04-11 15:38:00,615,615,615,615,0
2022-04-11 15:39:00,615,615,615,615,0
2022-04-11 15:40:00,615,615,615,615,0
2022-04-11 15:41:00,615,615,615,615,0
2022-04-11 15:42:00,615,615,615,615,0
2022-04-11 15:43:00,615,615,615,615,0
2022-04-11 15:44:00,615,615,615,615,0
2022-04-11 15:45:00,615,615,615,615,0
2022-04-11 15:46:00,615,615,615,615,0
2022-04-11 15:47:00,615,615,615,615,0
2022-04-11 15:48:00,615,615,615,615,0
2022-04-11 15:49:00,615,615,615,615,0
2022-04-11 15:50:00,615,615,615,615,0
2022-04-11 15:51:00,615,615,615,615,0
2022-04-11 15:52:00,615,615,615,615,0
2022-04-11 15:53:00,615,615,615,615,0
2022-04-11 15:54:00,615,615,615,615,0
2022-04-11 15:55:00,615,615,615,615,0
2022-04-11 15:56:00,615,615,615,615,0
2022-04-11 15:57:00,615,615,615,615,0
2022-04-11 15:58:00,615,615,615,615,0
2022-04-11 15:59:00,615,615,615,615,0
2022-04-12 09:00:00,615,615,615,615,0
2022-04-12 09:01:00,615,615,615,615,0
2022-04-12 09:02:00,615,615,615,615,0
2022-04-12 09:03:00,610,610,610,610,100
2022-04-12 09:04:00,615,615,615,615,200
2022-04-12 09:05:00,615,610,615,610,700
2022-04-12 09:06:00,615,615,615,615,300
2022-04-12 09:07:00,615,615,615,615,0
2022-04-12 09:08:00,615,615,615,615,0
2022-04-12 09:09:00,615,615,615,615,0
2022-04-12 09:10:00,615,615,615,615,0
2022-04-12 09:11:00,615,615,615,615,0
2022-04-12 09:12:00,615,615,615,615,0
2022-04-12 09:13:00,610,610,610,610,600
2022-04-12 09:14:00,610,610,610,610,600
2022-04-12 09:15:00,610,610,610,610,0
2022-04-12 09:16:00,610,610,610,610,0
2022-04-12 09:17:00,610,610,610,610,0
2022-04-12 09:18:00,610,610,610,610,1000
2022-04-12 09:19:00,610,610,610,610,1000
2022-04-12 09:20:00,610,610,610,610,0
2022-04-12 09:21:00,610,610,610,610,0
2022-04-12 09:22:00,610,610,610,610,0
2022-04-12 09:23:00,610,610,610,610,0
2022-04-12 09:24:00,605,605,605,605,3000
2022-04-12 09:25:00,610,610,610,610,200
2022-04-12 09:26:00,610,610,610,610,800
2022-04-12 09:27:00,610,610,610,610,0
2022-04-12 09:28:00,610,610,610,610,0
2022-04-12 09:29:00,610,610,610,610,0
2022-04-12 09:30:00,610,610,610,610,0
2022-04-12 09:31:00,610,610,610,610,0
2022-04-12 09:32:00,610,610,610,610,0
2022-04-12 09:33:00,610,610,610,610,0
2022-04-12 09:34:00,610,610,610,610,0
2022-04-12 09:35:00,610,610,610,610,0
2022-04-12 09:36:00,610,610,610,610,0
2022-04-12 09:37:00,610,610,610,610,0
2022-04-12 09:38:00,610,610,610,610,0
2022-04-12 09:39:00,610,610,610,610,0
2022-04-12 09:40:00,610,610,610,610,0
2022-04-12 09:41:00,610,610,610,610,0
2022-04-12 09:42:00,610,610,610,610,0
2022-04-12 09:43:00,605,605,605,605,1000
2022-04-12 09:44:00,610,610,610,610,200
2022-04-12 09:45:00,610,610,610,610,0
2022-04-12 09:46:00,610,610,610,610,0
2022-04-12 09:47:00,610,610,610,610,0
2022-04-12 09:48:00,610,610,610,610,0
2022-04-12 09:49:00,610,610,610,610,0
2022-04-12 09:50:00,610,610,610,610,0
2022-04-12 09:51:00,610,610,610,610,0
2022-04-12 09:52:00,610,610,610,610,0
2022-04-12 09:53:00,610,610,610,610,0
2022-04-12 09:54:00,610,610,610,610,0
2022-04-12 09:55:00,610,610,610,610,400
2022-04-12 09:56:00,610,610,610,610,100
2022-04-12 09:57:00,610,610,610,610,0
2022-04-12 09:58:00,610,610,610,610,0
2022-04-12 09:59:00,610,610,610,610,0
2022-04-12 10:00:00,610,610,610,610,0
2022-04-12 10:01:00,610,610,610,610,0
2022-04-12 10:02:00,610,610,610,610,0
2022-04-12 10:03:00,610,610,610,610,0
2022-04-12 10:04:00,610,610,610,610,0
2022-04-12 10:05:00,610,610,610,610,0
2022-04-12 10:06:00,610,610,610,610,0
2022-04-12 10:07:00,610,610,610,610,0
2022-04-12 10:08:00,610,610,610,610,0
2022-04-12 10:09:00,610,610,610,610,0
2022-04-12 10:10:00,610,610,610,610,0
2022-04-12 10:11:00,610,610,610,610,2000
2022-04-12 10:12:00,610,610,610,610,0
2022-04-12 10:13:00,610,610,610,610,0
2022-04-12 10:14:00,610,610,610,610,0
2022-04-12 10:15:00,610,610,610,610,0
2022-04-12 10:16:00,610,610,610,610,0
2022-04-12 10:17:00,610,610,610,610,0
2022-04-12 10:18:00,610,610,610,610,0
2022-04-12 10:19:00,610,610,610,610,0
2022-04-12 10:20:00,610,610,610,610,0
2022-04-12 10:21:00,610,610,610,610,0
2022-04-12 10:22:00,610,610,610,610,0
2022-04-12 10:23:00,610,610,610,610,0
2022-04-12 10:24:00,610,610,610,610,0
2022-04-12 10:25:00,610,610,615,615,30000
2022-04-12 10:26:00,615,615,615,615,200
2022-04-12 10:27:00,615,615,615,615,0
2022-04-12 10:28:00,615,615,615,615,0
2022-04-12 10:29:00,615,615,615,615,0
2022-04-12 10:30:00,615,615,615,615,0
2022-04-12 10:31:00,615,615,615,615,0
2022-04-12 10:32:00,615,615,615,615,0
2022-04-12 10:33:00,615,615,615,615,0
2022-04-12 10:34:00,615,615,615,615,0
2022-04-12 10:35:00,615,615,615,615,0
2022-04-12 10:36:00,615,615,615,615,0
2022-04-12 10:37:00,615,615,615,615,0
2022-04-12 10:38:00,615,615,615,615,0
2022-04-12 10:39:00,615,615,615,615,0
2022-04-12 10:40:00,615,615,615,615,0
2022-04-12 10:41:00,615,615,615,615,0
2022-04-12 10:42:00,615,615,615,615,200
2022-04-12 10:43:00,615,615,615,615,0
2022-04-12 10:44:00,615,615,615,615,0
2022-04-12 10:45:00,615,615,615,615,0
2022-04-12 10:46:00,615,615,615,615,0
2022-04-12 10:47:00,615,615,615,615,0
2022-04-12 10:48:00,615,615,615,615,0
2022-04-12 10:49:00,615,615,615,615,0
2022-04-12 10:50:00,615,615,615,615,0
2022-04-12 10:51:00,615,615,615,615,0
2022-04-12 10:52:00,615,615,615,615,0
2022-04-12 10:53:00,615,615,615,615,0
2022-04-12 10:54:00,615,615,615,615,0
2022-04-12 10:55:00,615,615,615,615,0
2022-04-12 10:56:00,615,615,615,615,0
2022-04-12 10:57:00,615,615,615,615,0
2022-04-12 10:58:00,615,615,615,615,0
2022-04-12 10:59:00,615,615,615,615,0
2022-04-12 11:00:00,615,615,615,615,0
2022-04-12 11:01:00,615,615,615,615,0
2022-04-12 11:02:00,615,615,615,615,0
2022-04-12 11:03:00,615,615,615,615,0
2022-04-12 11:04:00,615,615,615,615,0
2022-04-12 11:05:00,615,615,615,615,300
2022-04-12 11:06:00,615,615,615,615,0
2022-04-12 11:07:00,615,615,615,615,0
2022-04-12 11:08:00,615,615,615,615,0
2022-04-12 11:09:00,615,615,615,615,0
2022-04-12 11:10:00,615,615,615,615,0
2022-04-12 11:11:00,615,615,615,615,0
2022-04-12 11:12:00,615,615,615,615,0
2022-04-12 11:13:00,615,615,615,615,0
2022-04-12 11:14:00,615,615,615,615,0
2022-04-12 11:15:00,615,615,615,615,0
2022-04-12 11:16:00,615,615,615,615,0
2022-04-12 11:17:00,615,615,615,615,0
2022-04-12 11:18:00,615,615,615,615,0
2022-04-12 11:19:00,615,615,615,615,0
2022-04-12 11:20:00,610,605,610,605,1500
2022-04-12 11:21:00,615,615,615,615,300
2022-04-12 11:22:00,615,615,615,615,200
2022-04-12 11:23:00,615,615,615,615,200
2022-04-12 11:24:00,615,615,615,615,0
2022-04-12 11:25:00,615,615,615,615,0
2022-04-12 11:26:00,615,615,615,615,0
2022-04-12 11:27:00,615,615,615,615,0
2022-04-12 11:28:00,615,615,615,615,200
2022-04-12 11:29:00,615,615,615,615,400
2022-04-12 11:30:00,615,615,615,615,0
2022-04-12 11:31:00,615,615,615,615,0
2022-04-12 11:32:00,615,615,615,615,0
2022-04-12 11:33:00,615,615,615,615,0
2022-04-12 11:34:00,615,615,615,615,0
2022-04-12 11:35:00,615,615,615,615,0
2022-04-12 11:36:00,615,615,615,615,0
2022-04-12 11:37:00,615,615,615,615,0
2022-04-12 11:38:00,615,615,615,615,0
2022-04-12 11:39:00,615,615,615,615,0
2022-04-12 11:40:00,615,615,615,615,0
2022-04-12 11:41:00,615,615,615,615,0
2022-04-12 11:42:00,615,615,615,615,0
2022-04-12 11:43:00,615,615,615,615,0
2022-04-12 11:44:00,615,615,615,615,0
2022-04-12 11:45:00,615,615,615,615,0
2022-04-12 11:46:00,615,615,615,615,0
2022-04-12 11:47:00,615,615,615,615,0
2022-04-12 11:48:00,615,615,615,615,0
2022-04-12 11:49:00,615,615,615,615,0
2022-04-12 11:50:00,615,615,615,615,0
2022-04-12 11:51:00,615,615,615,615,0
2022-04-12 11:52:00,615,615,615,615,0
2022-04-12 11:53:00,615,615,615,615,0
2022-04-12 11:54:00,615,615,615,615,0
2022-04-12 11:55:00,615,615,615,615,0
2022-04-12 11:56:00,615,615,615,615,0
2022-04-12 11:57:00,615,615,615,615,0
2022-04-12 11:58:00,615,615,615,615,0
2022-04-12 11:59:00,615,615,615,615,0
2022-04-12 12:00:00,615,615,615,615,0
2022-04-12 12:01:00,615,615,615,615,0
2022-04-12 12:02:00,615,615,615,615,0
2022-04-12 12:03:00,615,615,615,615,0
2022-04-12 12:04:00,615,615,615,615,0
2022-04-12 12:05:00,615,615,615,615,0
2022-04-12 12:06:00,615,615,615,615,0
2022-04-12 12:07:00,615,615,615,615,0
2022-04-12 12:08:00,615,615,615,615,0
2022-04-12 12:09:00,615,615,615,615,0
2022-04-12 12:10:00,615,615,615,615,0
2022-04-12 12:11:00,615,615,615,615,0
2022-04-12 12:12:00,615,615,615,615,0
2022-04-12 12:13:00,615,615,615,615,0
2022-04-12 12:14:00,615,615,615,615,0
2022-04-12 12:15:00,615,615,615,615,0
2022-04-12 12:16:00,615,615,615,615,0
2022-04-12 12:17:00,615,615,615,615,0
2022-04-12 12:18:00,615,615,615,615,0
2022-04-12 12:19:00,615,615,615,615,0
2022-04-12 12:20:00,615,615,615,615,0
2022-04-12 12:21:00,615,615,615,615,0
2022-04-12 12:22:00,615,615,615,615,0
2022-04-12 12:23:00,615,615,615,615,0
2022-04-12 12:24:00,615,615,615,615,0
2022-04-12 12:25:00,615,615,615,615,0
2022-04-12 12:26:00,615,615,615,615,0
2022-04-12 12:27:00,615,615,615,615,0
2022-04-12 12:28:00,615,615,615,615,0
2022-04-12 12:29:00,615,615,615,615,0
2022-04-12 12:30:00,615,615,615,615,0
2022-04-12 12:31:00,615,615,615,615,0
2022-04-12 12:32:00,615,615,615,615,0
2022-04-12 12:33:00,615,615,615,615,0
2022-04-12 12:34:00,615,615,615,615,0
2022-04-12 12:35:00,615,615,615,615,0
2022-04-12 12:36:00,615,615,615,615,0
2022-04-12 12:37:00,615,615,615,615,0
2022-04-12 12:38:00,615,615,615,615,0
2022-04-12 12:39:00,615,615,615,615,0
2022-04-12 12:40:00,615,615,615,615,0
2022-04-12 12:41:00,615,615,615,615,0
2022-04-12 12:42:00,615,615,615,615,0
2022-04-12 12:43:00,615,615,615,615,0
2022-04-12 12:44:00,615,615,615,615,0
2022-04-12 12:45:00,615,615,615,615,0
2022-04-12 12:46:00,615,615,615,615,0
2022-04-12 12:47:00,615,615,615,615,0
2022-04-12 12:48:00,615,615,615,615,0
2022-04-12 12:49:00,615,615,615,615,0
2022-04-12 12:50:00,615,615,615,615,0
2022-04-12 12:51:00,615,615,615,615,0
2022-04-12 12:52:00,615,615,615,615,0
2022-04-12 12:53:00,615,615,615,615,0
2022-04-12 12:54:00,615,615,615,615,0
2022-04-12 12:55:00,615,615,615,615,0
2022-04-12 12:56:00,615,615,615,615,0
2022-04-12 12:57:00,615,615,615,615,0
2022-04-12 12:58:00,615,615,615,615,0
2022-04-12 12:59:00,615,615,615,615,0
2022-04-12 13:00:00,615,615,615,615,0
2022-04-12 13:01:00,615,615,615,615,0
2022-04-12 13:02:00,615,615,615,615,0
2022-04-12 13:03:00,615,615,615,615,0
2022-04-12 13:04:00,615,615,615,615,0
2022-04-12 13:05:00,615,615,615,615,0
2022-04-12 13:06:00,615,615,615,615,0
2022-04-12 13:07:00,615,615,615,615,0
2022-04-12 13:08:00,615,615,615,615,0
2022-04-12 13:09:00,615,615,615,615,0
2022-04-12 13:10:00,615,615,615,615,0
2022-04-12 13:11:00,615,615,615,615,0
2022-04-12 13:12:00,615,615,615,615,0
2022-04-12 13:13:00,615,615,615,615,0
2022-04-12 13:14:00,615,615,615,615,0
2022-04-12 13:15:00,615,615,615,615,0
2022-04-12 13:16:00,615,615,615,615,0
2022-04-12 13:17:00,615,615,615,615,0
2022-04-12 13:18:00,615,615,615,615,0
2022-04-12 13:19:00,615,615,615,615,0
2022-04-12 13:20:00,615,615,615,615,0
2022-04-12 13:21:00,615,615,615,615,0
2022-04-12 13:22:00,615,615,615,615,0
2022-04-12 13:23:00,615,615,615,615,0
2022-04-12 13:24:00,615,615,615,615,0
2022-04-12 13:25:00,615,615,615,615,0
2022-04-12 13:26:00,615,615,615,615,0
2022-04-12 13:27:00,615,615,615,615,0
2022-04-12 13:28:00,615,615,615,615,0
2022-04-12 13:29:00,615,615,615,615,0
2022-04-12 13:30:00,615,610,615,610,5000
2022-04-12 13:31:00,615,610,615,610,0
2022-04-12 13:32:00,610,610,610,610,200
2022-04-12 13:33:00,615,615,615,615,200
2022-04-12 13:34:00,615,615,615,615,0
2022-04-12 13:35:00,615,615,615,615,0
2022-04-12 13:36:00,615,615,615,615,0
2022-04-12 13:37:00,615,615,615,615,0
2022-04-12 13:38:00,615,615,615,615,0
2022-04-12 13:39:00,615,615,615,615,400
2022-04-12 13:40:00,615,615,615,615,0
2022-04-12 13:41:00,615,615,615,615,0
2022-04-12 13:42:00,610,605,610,605,700
2022-04-12 13:43:00,610,610,615,615,1100
2022-04-12 13:44:00,615,615,615,615,200
2022-04-12 13:45:00,610,610,615,610,2500
2022-04-12 13:46:00,615,610,615,610,700
2022-04-12 13:47:00,610,610,610,610,900
2022-04-12 13:48:00,610,610,610,610,700
2022-04-12 13:49:00,610,610,610,610,0
2022-04-12 13:50:00,610,610,610,610,1000
2022-04-12 13:51:00,610,610,610,610,0
2022-04-12 13:52:00,610,610,610,610,0
2022-04-12 13:53:00,610,610,610,610,0
2022-04-12 13:54:00,610,610,610,610,0
2022-04-12 13:55:00,610,610,610,610,0
2022-04-12 13:56:00,610,610,610,610,0
2022-04-12 13:57:00,610,610,610,610,0
2022-04-12 13:58:00,610,610,610,610,0
2022-04-12 13:59:00,610,610,610,610,0
2022-04-12 14:00:00,610,610,610,610,0
2022-04-12 14:01:00,610,610,610,610,0
2022-04-12 14:02:00,610,610,610,610,0
2022-04-12 14:03:00,610,610,610,610,1000
2022-04-12 14:04:00,610,610,610,610,0
2022-04-12 14:05:00,610,610,610,610,1000
2022-04-12 14:06:00,610,610,610,610,0
2022-04-12 14:07:00,610,610,610,610,0
2022-04-12 14:08:00,610,610,610,610,0
2022-04-12 14:09:00,610,610,610,610,0
2022-04-12 14:10:00,610,610,610,610,0
2022-04-12 14:11:00,605,605,605,605,10000
2022-04-12 14:12:00,610,610,610,610,300
2022-04-12 14:13:00,610,610,610,610,0
2022-04-12 14:14:00,610,610,610,610,0
2022-04-12 14:15:00,605,605,605,605,5000
2022-04-12 14:16:00,610,610,610,610,300
2022-04-12 14:17:00,610,610,610,610,0
2022-04-12 14:18:00,610,610,610,610,0
2022-04-12 14:19:00,610,610,610,610,500
2022-04-12 14:20:00,610,610,610,610,900
2022-04-12 14:21:00,610,610,610,610,0
2022-04-12 14:22:00,610,610,610,610,0
2022-04-12 14:23:00,610,610,610,610,15000
2022-04-12 14:24:00,610,610,610,610,0
2022-04-12 14:25:00,610,610,610,610,0
2022-04-12 14:26:00,610,610,610,610,0
2022-04-12 14:27:00,610,610,610,610,200
2022-04-12 14:28:00,610,610,610,610,0
2022-04-12 14:29:00,610,610,610,610,400
2022-04-12 14:30:00,610,610,610,610,0
2022-04-12 14:31:00,610,610,610,610,0
2022-04-12 14:32:00,610,610,610,610,0
2022-04-12 14:33:00,610,610,610,610,0
2022-04-12 14:34:00,610,610,610,610,0
2022-04-12 14:35:00,610,610,610,610,0
2022-04-12 14:36:00,610,610,610,610,0
2022-04-12 14:37:00,610,610,610,610,200
2022-04-12 14:38:00,610,610,610,610,0
2022-04-12 14:39:00,610,610,610,610,0
2022-04-12 14:40:00,610,610,610,610,0
2022-04-12 14:41:00,610,610,610,610,0
2022-04-12 14:42:00,610,610,610,610,500
2022-04-12 14:43:00,610,610,610,610,0
2022-04-12 14:44:00,610,610,610,610,0
2022-04-12 14:45:00,610,610,610,610,0
2022-04-12 14:46:00,610,610,610,610,300
2022-04-12 14:47:00,610,610,610,610,0
2022-04-12 14:48:00,610,610,610,610,200
2022-04-12 14:49:00,610,610,610,610,400
2022-04-12 14:50:00,610,610,610,610,0
2022-04-12 14:51:00,610,610,610,610,0
2022-04-12 14:52:00,610,610,610,610,0
2022-04-12 14:53:00,610,610,610,610,0
2022-04-12 14:54:00,610,610,610,610,0
2022-04-12 14:55:00,610,610,610,610,0
2022-04-12 14:56:00,610,610,610,610,0
2022-04-12 14:57:00,610,610,610,610,0
2022-04-12 14:58:00,610,610,610,610,0
2022-04-12 14:59:00,610,610,610,610,0
2022-04-12 15:00:00,600,600,600,600,212000
2022-04-12 15:01:00,600,600,600,600,0
2022-04-12 15:02:00,600,600,600,600,500
2022-04-12 15:03:00,600,600,600,600,309400
2022-04-12 15:04:00,600,600,600,600,0
2022-04-12 15:05:00,600,600,600,600,0
2022-04-12 15:06:00,600,600,600,600,0
2022-04-12 15:07:00,600,600,600,600,0
2022-04-12 15:08:00,600,600,600,600,0
2022-04-12 15:09:00,600,600,600,600,0
2022-04-12 15:10:00,600,600,600,600,0
2022-04-12 15:11:00,600,600,600,600,0
2022-04-12 15:12:00,600,600,600,600,0
2022-04-12 15:13:00,600,600,600,600,0
2022-04-12 15:14:00,600,600,600,600,0
2022-04-12 15:15:00,600,600,600,600,0
2022-04-12 15:16:00,600,600,600,600,0
2022-04-12 15:17:00,600,600,600,600,0
2022-04-12 15:18:00,600,600,600,600,0
2022-04-12 15:19:00,600,600,600,600,0
2022-04-12 15:20:00,600,600,600,600,0
2022-04-12 15:21:00,600,600,600,600,0
2022-04-12 15:22:00,600,600,600,600,0
2022-04-12 15:23:00,600,600,600,600,0
2022-04-12 15:24:00,600,600,600,600,0
2022-04-12 15:25:00,600,600,600,600,0
2022-04-12 15:26:00,600,600,600,600,0
2022-04-12 15:27:00,600,600,600,600,0
2022-04-12 15:28:00,600,600,600,600,0
2022-04-12 15:29:00,600,600,600,600,0
2022-04-12 15:30:00,600,600,600,600,0
2022-04-12 15:31:00,600,600,600,600,0
2022-04-12 15:32:00,600,600,600,600,0
2022-04-12 15:33:00,600,600,600,600,0
2022-04-12 15:34:00,600,600,600,600,0
2022-04-12 15:35:00,600,600,600,600,0
2022-04-12 15:36:00,600,600,600,600,0
2022-04-12 15:37:00,600,600,600,600,0
2022-04-12 15:38:00,600,600,600,600,0
2022-04-12 15:39:00,600,600,600,600,0
2022-04-12 15:40:00,600,600,600,600,0
2022-04-12 15:41:00,600,600,600,600,0
2022-04-12 15:42:00,600,600,600,600,0
2022-04-12 15:43:00,600,600,600,600,0
2022-04-12 15:44:00,600,600,600,600,0
2022-04-12 15:45:00,600,600,600,600,0
2022-04-12 15:46:00,600,600,600,600,0
2022-04-12 15:47:00,600,600,600,600,0
2022-04-12 15:48:00,600,600,600,600,0
2022-04-12 15:49:00,600,600,600,600,0
2022-04-12 15:50:00,600,600,600,600,0
2022-04-12 15:51:00,600,600,600,600,0
2022-04-12 15:52:00,600,600,600,600,0
2022-04-12 15:53:00,600,600,600,600,0
2022-04-12 15:54:00,600,600,600,600,0
2022-04-12 15:55:00,600,600,600,600,0
2022-04-12 15:56:00,600,600,600,600,0
2022-04-12 15:57:00,600,600,600,600,0
2022-04-12 15:58:00,600,600,600,600,0
2022-04-12 15:59:00,600,600,600,600,0
2022-04-13 09:00:00,605,605,605,605,0
2022-04-13 09:01:00,605,605,605,605,0
2022-04-13 09:02:00,610,610,610,610,50900
2022-04-13 09:03:00,615,615,615,615,400
2022-04-13 09:04:00,615,615,615,615,0
2022-04-13 09:05:00,615,615,615,615,0
2022-04-13 09:06:00,615,615,615,615,40000
2022-04-13 09:07:00,615,615,615,615,0
2022-04-13 09:08:00,615,615,615,615,0
2022-04-13 09:09:00,615,615,615,615,0
2022-04-13 09:10:00,615,615,615,615,0
2022-04-13 09:11:00,615,615,615,615,0
2022-04-13 09:12:00,615,615,615,615,0
2022-04-13 09:13:00,615,615,615,615,0
2022-04-13 09:14:00,615,615,615,615,900
2022-04-13 09:15:00,615,615,615,615,0
2022-04-13 09:16:00,615,615,615,615,0
2022-04-13 09:17:00,615,615,615,615,0
2022-04-13 09:18:00,615,615,615,615,0
2022-04-13 09:19:00,615,615,615,615,0
2022-04-13 09:20:00,615,615,615,615,0
2022-04-13 09:21:00,615,615,615,615,0
2022-04-13 09:22:00,615,615,615,615,100
2022-04-13 09:23:00,615,615,615,615,0
2022-04-13 09:24:00,615,615,615,615,0
2022-04-13 09:25:00,615,615,615,615,0
2022-04-13 09:26:00,615,615,615,615,0
2022-04-13 09:27:00,615,615,615,615,0
2022-04-13 09:28:00,615,615,615,615,0
2022-04-13 09:29:00,615,615,615,615,0
2022-04-13 09:30:00,615,615,615,615,0
2022-04-13 09:31:00,615,615,615,615,0
2022-04-13 09:32:00,615,615,615,615,0
2022-04-13 09:33:00,615,615,615,615,0
2022-04-13 09:34:00,615,615,615,615,0
2022-04-13 09:35:00,615,615,615,615,0
2022-04-13 09:36:00,615,615,615,615,300
2022-04-13 09:37:00,615,615,615,615,400
2022-04-13 09:38:00,610,610,610,610,3200
2022-04-13 09:39:00,615,615,615,615,300
2022-04-13 09:40:00,615,615,615,615,0
2022-04-13 09:41:00,615,610,615,610,1000
2022-04-13 09:42:00,615,615,615,615,16500
2022-04-13 09:43:00,615,615,615,615,0
2022-04-13 09:44:00,615,615,615,615,0
2022-04-13 09:45:00,615,615,615,615,0
2022-04-13 09:46:00,615,615,615,615,0
2022-04-13 09:47:00,615,615,615,615,0
2022-04-13 09:48:00,610,605,610,605,125000
2022-04-13 09:49:00,615,615,615,615,200
2022-04-13 09:50:00,615,615,615,615,200
2022-04-13 09:51:00,615,615,615,615,0
2022-04-13 09:52:00,615,615,615,615,0
2022-04-13 09:53:00,615,615,615,615,0
2022-04-13 09:54:00,615,615,615,615,0
2022-04-13 09:55:00,610,610,610,610,500
2022-04-13 09:56:00,610,610,610,610,12500
2022-04-13 09:57:00,610,610,615,615,400
2022-04-13 09:58:00,615,615,615,615,15000
2022-04-13 09:59:00,615,615,615,615,0
2022-04-13 10:00:00,615,615,615,615,0
2022-04-13 10:01:00,615,615,615,615,0
2022-04-13 10:02:00,615,615,615,615,0
2022-04-13 10:03:00,615,615,615,615,0
2022-04-13 10:04:00,615,615,615,615,0
2022-04-13 10:05:00,615,615,615,615,0
2022-04-13 10:06:00,615,615,615,615,0
2022-04-13 10:07:00,615,615,615,615,0
2022-04-13 10:08:00,615,615,615,615,0
2022-04-13 10:09:00,615,615,615,615,0
2022-04-13 10:10:00,615,615,615,615,0
2022-04-13 10:11:00,615,615,615,615,0
2022-04-13 10:12:00,615,615,615,615,0
2022-04-13 10:13:00,615,615,615,615,0
2022-04-13 10:14:00,615,615,615,615,200
2022-04-13 10:15:00,615,615,615,615,0
2022-04-13 10:16:00,615,615,615,615,0
2022-04-13 10:17:00,615,615,615,615,0
2022-04-13 10:18:00,615,615,615,615,0
2022-04-13 10:19:00,615,615,615,615,0
2022-04-13 10:20:00,615,615,615,615,0
2022-04-13 10:21:00,615,615,615,615,0
2022-04-13 10:22:00,615,615,615,615,0
2022-04-13 10:23:00,615,615,615,615,0
2022-04-13 10:24:00,615,615,615,615,0
2022-04-13 10:25:00,615,615,615,615,0
2022-04-13 10:26:00,615,615,615,615,200
2022-04-13 10:27:00,615,615,615,615,300
2022-04-13 10:28:00,615,615,615,615,0
2022-04-13 10:29:00,615,615,615,615,0
2022-04-13 10:30:00,615,615,615,615,0
2022-04-13 10:31:00,615,615,615,615,0
2022-04-13 10:32:00,615,615,615,615,0
2022-04-13 10:33:00,615,615,615,615,0
2022-04-13 10:34:00,610,610,610,610,100
2022-04-13 10:35:00,610,610,610,610,0
2022-04-13 10:36:00,610,610,610,610,0
2022-04-13 10:37:00,610,610,610,610,0
2022-04-13 10:38:00,610,610,610,610,0
2022-04-13 10:39:00,610,610,610,610,0
2022-04-13 10:40:00,610,610,610,610,0
2022-04-13 10:41:00,610,610,610,610,0
2022-04-13 10:42:00,610,610,610,610,0
2022-04-13 10:43:00,610,610,610,610,0
2022-04-13 10:44:00,610,610,610,610,400
2022-04-13 10:45:00,610,610,610,610,0
2022-04-13 10:46:00,610,610,610,610,0
2022-04-13 10:47:00,615,615,615,615,200
2022-04-13 10:48:00,615,615,615,615,0
2022-04-13 10:49:00,615,615,615,615,0
2022-04-13 10:50:00,615,615,615,615,0
2022-04-13 10:51:00,615,615,615,615,0
2022-04-13 10:52:00,615,615,615,615,0
2022-04-13 10:53:00,615,615,615,615,0
2022-04-13 10:54:00,615,615,615,615,0
2022-04-13 10:55:00,615,615,615,615,0
2022-04-13 10:56:00,615,615,615,615,0
2022-04-13 10:57:00,615,615,615,615,0
2022-04-13 10:58:00,615,615,615,615,0
2022-04-13 10:59:00,615,615,615,615,0
2022-04-13 11:00:00,615,615,615,615,0
2022-04-13 11:01:00,615,615,615,615,0
2022-04-13 11:02:00,615,615,615,615,0
2022-04-13 11:03:00,615,615,615,615,0
2022-04-13 11:04:00,615,615,615,615,0
2022-04-13 11:05:00,610,610,610,610,200
2022-04-13 11:06:00,610,610,610,610,0
2022-04-13 11:07:00,610,610,610,610,0
2022-04-13 11:08:00,610,610,610,610,0
2022-04-13 11:09:00,615,610,615,610,7700
2022-04-13 11:10:00,615,615,615,615,200
2022-04-13 11:11:00,615,615,615,615,0
2022-04-13 11:12:00,615,615,615,615,0
2022-04-13 11:13:00,615,615,615,615,0
2022-04-13 11:14:00,615,615,615,615,0
2022-04-13 11:15:00,615,615,615,615,0
2022-04-13 11:16:00,615,615,615,615,0
2022-04-13 11:17:00,615,615,615,615,0
2022-04-13 11:18:00,615,615,615,615,11400
2022-04-13 11:19:00,615,615,615,615,0
2022-04-13 11:20:00,615,615,615,615,0
2022-04-13 11:21:00,615,615,615,615,0
2022-04-13 11:22:00,615,615,615,615,0
2022-04-13 11:23:00,615,615,615,615,0
2022-04-13 11:24:00,615,615,615,615,0
2022-04-13 11:25:00,615,615,615,615,0
2022-04-13 11:26:00,615,615,615,615,0
2022-04-13 11:27:00,615,615,615,615,0
2022-04-13 11:28:00,615,615,615,615,0
2022-04-13 11:29:00,615,615,615,615,0
2022-04-13 11:30:00,615,615,615,615,0
2022-04-13 11:31:00,615,615,615,615,0
2022-04-13 11:32:00,615,615,615,615,0
2022-04-13 11:33:00,615,615,615,615,0
2022-04-13 11:34:00,615,615,615,615,0
2022-04-13 11:35:00,615,615,615,615,0
2022-04-13 11:36:00,615,615,615,615,0
2022-04-13 11:37:00,615,615,615,615,0
2022-04-13 11:38:00,615,615,615,615,0
2022-04-13 11:39:00,615,615,615,615,0
2022-04-13 11:40:00,615,615,615,615,0
2022-04-13 11:41:00,615,615,615,615,0
2022-04-13 11:42:00,615,615,615,615,0
2022-04-13 11:43:00,615,615,615,615,0
2022-04-13 11:44:00,615,615,615,615,0
2022-04-13 11:45:00,615,615,615,615,0
2022-04-13 11:46:00,615,615,615,615,0
2022-04-13 11:47:00,615,615,615,615,0
2022-04-13 11:48:00,615,615,615,615,0
2022-04-13 11:49:00,615,615,615,615,0
2022-04-13 11:50:00,615,615,615,615,0
2022-04-13 11:51:00,615,615,615,615,0
2022-04-13 11:52:00,615,615,615,615,0
2022-04-13 11:53:00,615,615,615,615,0
2022-04-13 11:54:00,615,615,615,615,0
2022-04-13 11:55:00,615,615,615,615,0
2022-04-13 11:56:00,615,615,615,615,0
2022-04-13 11:57:00,615,615,615,615,0
2022-04-13 11:58:00,615,615,615,615,0
2022-04-13 11:59:00,615,615,615,615,0
2022-04-13 12:00:00,615,615,615,615,0
2022-04-13 12:01:00,615,615,615,615,0
2022-04-13 12:02:00,615,615,615,615,0
2022-04-13 12:03:00,615,615,615,615,0
2022-04-13 12:04:00,615,615,615,615,0
2022-04-13 12:05:00,615,615,615,615,0
2022-04-13 12:06:00,615,615,615,615,0
2022-04-13 12:07:00,615,615,615,615,0
2022-04-13 12:08:00,615,615,615,615,0
2022-04-13 12:09:00,615,615,615,615,0
2022-04-13 12:10:00,615,615,615,615,0
2022-04-13 12:11:00,615,615,615,615,0
2022-04-13 12:12:00,615,615,615,615,0
2022-04-13 12:13:00,615,615,615,615,0
2022-04-13 12:14:00,615,615,615,615,0
2022-04-13 12:15:00,615,615,615,615,0
2022-04-13 12:16:00,615,615,615,615,0
2022-04-13 12:17:00,615,615,615,615,0
2022-04-13 12:18:00,615,615,615,615,0
2022-04-13 12:19:00,615,615,615,615,0
2022-04-13 12:20:00,615,615,615,615,0
2022-04-13 12:21:00,615,615,615,615,0
2022-04-13 12:22:00,615,615,615,615,0
2022-04-13 12:23:00,615,615,615,615,0
2022-04-13 12:24:00,615,615,615,615,0
2022-04-13 12:25:00,615,615,615,615,0
2022-04-13 12:26:00,615,615,615,615,0
2022-04-13 12:27:00,615,615,615,615,0
2022-04-13 12:28:00,615,615,615,615,0
2022-04-13 12:29:00,615,615,615,615,0
2022-04-13 12:30:00,615,615,615,615,0
2022-04-13 12:31:00,615,615,615,615,0
2022-04-13 12:32:00,615,615,615,615,0
2022-04-13 12:33:00,615,615,615,615,0
2022-04-13 12:34:00,615,615,615,615,0
2022-04-13 12:35:00,615,615,615,615,0
2022-04-13 12:36:00,615,615,615,615,0
2022-04-13 12:37:00,615,615,615,615,0
2022-04-13 12:38:00,615,615,615,615,0
2022-04-13 12:39:00,615,615,615,615,0
2022-04-13 12:40:00,615,615,615,615,0
2022-04-13 12:41:00,615,615,615,615,0
2022-04-13 12:42:00,615,615,615,615,0
2022-04-13 12:43:00,615,615,615,615,0
2022-04-13 12:44:00,615,615,615,615,0
2022-04-13 12:45:00,615,615,615,615,0
2022-04-13 12:46:00,615,615,615,615,0
2022-04-13 12:47:00,615,615,615,615,0
2022-04-13 12:48:00,615,615,615,615,0
2022-04-13 12:49:00,615,615,615,615,0
2022-04-13 12:50:00,615,615,615,615,0
2022-04-13 12:51:00,615,615,615,615,0
2022-04-13 12:52:00,615,615,615,615,0
2022-04-13 12:53:00,615,615,615,615,0
2022-04-13 12:54:00,615,615,615,615,0
2022-04-13 12:55:00,615,615,615,615,0
2022-04-13 12:56:00,615,615,615,615,0
2022-04-13 12:57:00,615,615,615,615,0
2022-04-13 12:58:00,615,615,615,615,0
2022-04-13 12:59:00,615,615,615,615,0
2022-04-13 13:00:00,615,615,615,615,0
2022-04-13 13:01:00,615,615,615,615,0
2022-04-13 13:02:00,615,615,615,615,0
2022-04-13 13:03:00,615,615,615,615,0
2022-04-13 13:04:00,615,615,615,615,0
2022-04-13 13:05:00,615,615,615,615,0
2022-04-13 13:06:00,615,615,615,615,0
2022-04-13 13:07:00,615,615,615,615,0
2022-04-13 13:08:00,615,615,615,615,0
2022-04-13 13:09:00,615,615,615,615,0
2022-04-13 13:10:00,615,615,615,615,0
2022-04-13 13:11:00,615,615,615,615,0
2022-04-13 13:12:00,615,615,615,615,0
2022-04-13 13:13:00,615,615,615,615,0
2022-04-13 13:14:00,615,615,615,615,0
2022-04-13 13:15:00,615,615,615,615,0
2022-04-13 13:16:00,615,615,615,615,0
2022-04-13 13:17:00,615,615,615,615,0
2022-04-13 13:18:00,615,615,615,615,0
2022-04-13 13:19:00,615,615,615,615,0
2022-04-13 13:20:00,615,615,615,615,0
2022-04-13 13:21:00,615,615,615,615,0
2022-04-13 13:22:00,615,615,615,615,0
2022-04-13 13:23:00,615,615,615,615,0
2022-04-13 13:24:00,615,615,615,615,0
2022-04-13 13:25:00,615,615,615,615,0
2022-04-13 13:26:00,615,615,615,615,0
2022-04-13 13:27:00,615,615,615,615,0
2022-04-13 13:28:00,615,615,615,615,0
2022-04-13 13:29:00,615,615,615,615,0
2022-04-13 13:30:00,615,615,615,615,1800
2022-04-13 13:31:00,615,615,615,615,0
2022-04-13 13:32:00,615,615,615,615,0
2022-04-13 13:33:00,610,610,610,610,9500
2022-04-13 13:34:00,610,610,610,610,0
2022-04-13 13:35:00,610,610,610,610,0
2022-04-13 13:36:00,610,610,610,610,0
2022-04-13 13:37:00,610,610,610,610,0
2022-04-13 13:38:00,610,610,610,610,700
2022-04-13 13:39:00,610,610,610,610,0
2022-04-13 13:40:00,610,610,610,610,0
2022-04-13 13:41:00,610,610,610,610,0
2022-04-13 13:42:00,610,605,610,605,1900
2022-04-13 13:43:00,610,610,610,610,300
2022-04-13 13:44:00,610,610,610,610,0
2022-04-13 13:45:00,605,605,610,610,1200
2022-04-13 13:46:00,605,605,610,610,0
2022-04-13 13:47:00,605,605,610,610,1300
2022-04-13 13:48:00,605,605,610,610,0
2022-04-13 13:49:00,605,605,610,610,0
2022-04-13 13:50:00,605,605,605,605,30000
2022-04-13 13:51:00,605,605,605,605,0
2022-04-13 13:52:00,610,610,610,610,200
2022-04-13 13:53:00,610,610,610,610,0
2022-04-13 13:54:00,610,610,610,610,0
2022-04-13 13:55:00,610,610,610,610,0
2022-04-13 13:56:00,610,610,610,610,0
2022-04-13 13:57:00,610,610,610,610,0
2022-04-13 13:58:00,610,610,610,610,0
2022-04-13 13:59:00,610,610,610,610,0
2022-04-13 14:00:00,605,605,605,605,200
2022-04-13 14:01:00,610,610,610,610,200
2022-04-13 14:02:00,610,610,610,610,0
2022-04-13 14:03:00,610,610,610,610,0
2022-04-13 14:04:00,610,610,610,610,0
2022-04-13 14:05:00,610,610,610,610,0
2022-04-13 14:06:00,610,610,610,610,0
2022-04-13 14:07:00,610,610,610,610,0
2022-04-13 14:08:00,610,610,610,610,0
2022-04-13 14:09:00,610,610,610,610,0
2022-04-13 14:10:00,610,610,610,610,0
2022-04-13 14:11:00,610,610,610,610,0
2022-04-13 14:12:00,610,610,610,610,0
2022-04-13 14:13:00,610,610,610,610,0
2022-04-13 14:14:00,610,610,610,610,0
2022-04-13 14:15:00,610,610,610,610,0
2022-04-13 14:16:00,610,610,610,610,0
2022-04-13 14:17:00,610,610,610,610,0
2022-04-13 14:18:00,610,610,610,610,0
2022-04-13 14:19:00,610,610,610,610,0
2022-04-13 14:20:00,610,610,610,610,0
2022-04-13 14:21:00,610,610,610,610,0
2022-04-13 14:22:00,610,610,610,610,0
2022-04-13 14:23:00,610,610,610,610,0
2022-04-13 14:24:00,610,610,610,610,0
2022-04-13 14:25:00,610,610,610,610,0
2022-04-13 14:26:00,610,610,610,610,0
2022-04-13 14:27:00,610,610,610,610,0
2022-04-13 14:28:00,610,605,610,605,19700
2022-04-13 14:29:00,610,605,610,605,40300
2022-04-13 14:30:00,610,605,610,605,0
2022-04-13 14:31:00,605,605,610,610,10200
2022-04-13 14:32:00,610,605,610,605,1500
2022-04-13 14:33:00,610,610,610,610,200
2022-04-13 14:34:00,610,610,610,610,0
2022-04-13 14:35:00,610,610,610,610,0
2022-04-13 14:36:00,610,610,610,610,0
2022-04-13 14:37:00,610,610,610,610,0
2022-04-13 14:38:00,605,605,605,605,200
2022-04-13 14:39:00,605,605,605,605,0
2022-04-13 14:40:00,610,605,610,605,800
2022-04-13 14:41:00,610,610,610,610,200
2022-04-13 14:42:00,610,610,610,610,0
2022-04-13 14:43:00,610,610,610,610,0
2022-04-13 14:44:00,610,610,610,610,0
2022-04-13 14:45:00,610,610,610,610,200
2022-04-13 14:46:00,610,610,610,610,0
2022-04-13 14:47:00,610,610,610,610,200
2022-04-13 14:48:00,610,610,610,610,1400
2022-04-13 14:49:00,610,610,610,610,1000
2022-04-13 14:50:00,610,610,610,610,0
2022-04-13 14:51:00,610,610,610,610,0
2022-04-13 14:52:00,610,610,610,610,0
2022-04-13 14:53:00,610,610,610,610,0
2022-04-13 14:54:00,610,610,610,610,0
2022-04-13 14:55:00,610,610,610,610,0
2022-04-13 14:56:00,610,610,610,610,0
2022-04-13 14:57:00,610,610,610,610,0
2022-04-13 14:58:00,610,610,610,610,0
2022-04-13 14:59:00,610,610,610,610,0
2022-04-13 15:00:00,610,610,610,610,41900
2022-04-13 15:01:00,610,610,610,610,0
2022-04-13 15:02:00,610,610,610,610,0
2022-04-13 15:03:00,610,610,610,610,50000
2022-04-13 15:04:00,610,610,610,610,0
2022-04-13 15:05:00,610,610,610,610,0
2022-04-13 15:06:00,610,610,610,610,0
2022-04-13 15:07:00,610,610,610,610,0
2022-04-13 15:08:00,610,610,610,610,0
2022-04-13 15:09:00,610,610,610,610,0
2022-04-13 15:10:00,610,610,610,610,0
2022-04-13 15:11:00,610,610,610,610,0
2022-04-13 15:12:00,610,610,610,610,0
2022-04-13 15:13:00,610,610,610,610,0
2022-04-13 15:14:00,610,610,610,610,0
2022-04-13 15:15:00,610,610,610,610,0
2022-04-13 15:16:00,610,610,610,610,0
2022-04-13 15:17:00,610,610,610,610,0
2022-04-13 15:18:00,610,610,610,610,0
2022-04-13 15:19:00,610,610,610,610,0
2022-04-13 15:20:00,610,610,610,610,0
2022-04-13 15:21:00,610,610,610,610,0
2022-04-13 15:22:00,610,610,610,610,0
2022-04-13 15:23:00,610,610,610,610,0
2022-04-13 15:24:00,610,610,610,610,0
2022-04-13 15:25:00,610,610,610,610,0
2022-04-13 15:26:00,610,610,610,610,0
2022-04-13 15:27:00,610,610,610,610,0
2022-04-13 15:28:00,610,610,610,610,0
2022-04-13 15:29:00,610,610,610,610,0
2022-04-13 15:30:00,610,610,610,610,0
2022-04-13 15:31:00,610,610,610,610,0
2022-04-13 15:32:00,610,610,610,610,0
2022-04-13 15:33:00,610,610,610,610,0
2022-04-13 15:34:00,610,610,610,610,0
2022-04-13 15:35:00,610,610,610,610,0
2022-04-13 15:36:00,610,610,610,610,0
2022-04-13 15:37:00,610,610,610,610,0
2022-04-13 15:38:00,610,610,610,610,0
2022-04-13 15:39:00,610,610,610,610,0
2022-04-13 15:40:00,610,610,610,610,0
2022-04-13 15:41:00,610,610,610,610,0
2022-04-13 15:42:00,610,610,610,610,0
2022-04-13 15:43:00,610,610,610,610,0
2022-04-13 15:44:00,610,610,610,610,0
2022-04-13 15:45:00,610,610,610,610,0
2022-04-13 15:46:00,610,610,610,610,0
2022-04-13 15:47:00,610,610,610,610,0
2022-04-13 15:48:00,610,610,610,610,0
2022-04-13 15:49:00,610,610,610,610,0
2022-04-13 15:50:00,610,610,610,610,0
2022-04-13 15:51:00,610,610,610,610,0
2022-04-13 15:52:00,610,610,610,610,0
2022-04-13 15:53:00,610,610,610,610,0
2022-04-13 15:54:00,610,610,610,610,0
2022-04-13 15:55:00,610,610,610,610,0
2022-04-13 15:56:00,610,610,610,610,0
2022-04-13 15:57:00,610,610,610,610,0
2022-04-13 15:58:00,610,610,610,610,0
2022-04-13 15:59:00,610,610,610,610,0
2022-04-14 09:00:00,610,610,610,610,0
2022-04-14 09:01:00,610,610,610,610,0
2022-04-14 09:02:00,610,610,610,610,0
2022-04-14 09:03:00,610,610,610,610,0
2022-04-14 09:04:00,610,610,610,610,0
2022-04-14 09:05:00,610,610,610,610,0
2022-04-14 09:06:00,610,610,610,610,0
2022-04-14 09:07:00,610,610,610,610,0
2022-04-14 09:08:00,610,610,610,610,0
2022-04-14 09:09:00,610,610,610,610,0
2022-04-14 09:10:00,610,610,610,610,0
2022-04-14 09:11:00,610,610,610,610,0
2022-04-14 09:12:00,610,610,610,610,0
2022-04-14 09:13:00,610,610,610,610,0
2022-04-14 09:14:00,610,610,610,610,0
2022-04-14 09:15:00,610,610,610,610,0
2022-04-14 09:16:00,610,610,610,610,0
2022-04-14 09:17:00,610,610,610,610,0
2022-04-14 09:18:00,610,610,610,610,0
2022-04-14 09:19:00,610,610,610,610,0
2022-04-14 09:20:00,610,610,610,610,0
2022-04-14 09:21:00,605,605,605,605,800
2022-04-14 09:22:00,605,605,605,605,0
2022-04-14 09:23:00,605,605,610,610,2400
2022-04-14 09:24:00,610,610,610,610,200
2022-04-14 09:25:00,610,610,610,610,0
2022-04-14 09:26:00,610,610,610,610,45000
2022-04-14 09:27:00,610,610,610,610,0
2022-04-14 09:28:00,610,610,610,610,0
2022-04-14 09:29:00,610,610,610,610,0
2022-04-14 09:30:00,610,610,610,610,0
2022-04-14 09:31:00,610,610,610,610,0
2022-04-14 09:32:00,610,610,610,610,0
2022-04-14 09:33:00,610,610,610,610,0
2022-04-14 09:34:00,610,610,610,610,0
2022-04-14 09:35:00,610,610,610,610,0
2022-04-14 09:36:00,610,610,610,610,1000
2022-04-14 09:37:00,610,610,610,610,0
2022-04-14 09:38:00,610,610,610,610,0
2022-04-14 09:39:00,610,610,610,610,0
2022-04-14 09:40:00,605,605,610,610,1700
2022-04-14 09:41:00,605,605,610,610,0
2022-04-14 09:42:00,605,605,610,610,0
2022-04-14 09:43:00,605,605,610,610,0
2022-04-14 09:44:00,605,605,610,610,0
2022-04-14 09:45:00,605,605,610,610,0
2022-04-14 09:46:00,605,605,610,610,0
2022-04-14 09:47:00,605,605,610,610,0
2022-04-14 09:48:00,605,605,610,610,0
2022-04-14 09:49:00,605,605,605,605,500
2022-04-14 09:50:00,610,610,610,610,300
2022-04-14 09:51:00,610,610,610,610,0
2022-04-14 09:52:00,610,610,610,610,0
2022-04-14 09:53:00,605,605,610,610,300
2022-04-14 09:54:00,605,605,610,610,0
2022-04-14 09:55:00,605,605,610,610,0
2022-04-14 09:56:00,605,605,610,610,0
2022-04-14 09:57:00,605,605,610,610,0
2022-04-14 09:58:00,605,605,610,610,0
2022-04-14 09:59:00,605,605,605,605,1500
2022-04-14 10:00:00,610,610,610,610,300
2022-04-14 10:01:00,610,610,610,610,0
2022-04-14 10:02:00,610,610,610,610,0
2022-04-14 10:03:00,610,610,610,610,0
2022-04-14 10:04:00,610,610,610,610,0
2022-04-14 10:05:00,610,610,610,610,0
2022-04-14 10:06:00,610,610,610,610,0
2022-04-14 10:07:00,610,610,610,610,0
2022-04-14 10:08:00,610,610,610,610,0
2022-04-14 10:09:00,610,610,610,610,0
2022-04-14 10:10:00,610,610,610,610,0
2022-04-14 10:11:00,610,610,610,610,0
2022-04-14 10:12:00,610,610,610,610,0
2022-04-14 10:13:00,610,610,610,610,0
2022-04-14 10:14:00,610,610,610,610,0
2022-04-14 10:15:00,610,610,610,610,0
2022-04-14 10:16:00,610,610,610,610,0
2022-04-14 10:17:00,610,610,610,610,0
2022-04-14 10:18:00,610,610,610,610,0
2022-04-14 10:19:00,610,610,610,610,0
2022-04-14 10:20:00,610,610,610,610,0
2022-04-14 10:21:00,610,610,610,610,0
2022-04-14 10:22:00,610,610,610,610,0
2022-04-14 10:23:00,610,610,610,610,0
2022-04-14 10:24:00,610,610,610,610,0
2022-04-14 10:25:00,610,610,610,610,1000
2022-04-14 10:26:00,610,610,610,610,1000
2022-04-14 10:27:00,610,610,610,610,0
2022-04-14 10:28:00,610,610,610,610,0
2022-04-14 10:29:00,610,610,610,610,0
2022-04-14 10:30:00,610,610,610,610,0
2022-04-14 10:31:00,610,610,610,610,0
2022-04-14 10:32:00,610,610,610,610,0
2022-04-14 10:33:00,610,610,610,610,0
2022-04-14 10:34:00,610,610,610,610,0
2022-04-14 10:35:00,610,610,610,610,0
2022-04-14 10:36:00,610,610,610,610,0
2022-04-14 10:37:00,610,610,610,610,0
2022-04-14 10:38:00,605,605,605,605,8600
2022-04-14 10:39:00,605,605,605,605,600
2022-04-14 10:40:00,605,605,605,605,300
2022-04-14 10:41:00,605,605,610,610,700
2022-04-14 10:42:00,610,610,610,610,200
2022-04-14 10:43:00,610,610,610,610,0
2022-04-14 10:44:00,610,610,610,610,0
2022-04-14 10:45:00,610,610,610,610,0
2022-04-14 10:46:00,610,610,610,610,0
2022-04-14 10:47:00,610,610,610,610,0
2022-04-14 10:48:00,610,610,610,610,500
2022-04-14 10:49:00,610,610,610,610,0
2022-04-14 10:50:00,605,605,605,605,700
2022-04-14 10:51:00,605,605,605,605,0
2022-04-14 10:52:00,605,605,605,605,4800
2022-04-14 10:53:00,605,605,610,610,4700
2022-04-14 10:54:00,605,605,610,610,0
2022-04-14 10:55:00,605,605,610,610,0
2022-04-14 10:56:00,605,600,605,600,50000
2022-04-14 10:57:00,610,610,610,610,200
2022-04-14 10:58:00,610,610,610,610,0
2022-04-14 10:59:00,610,610,610,610,0
2022-04-14 11:00:00,610,610,610,610,0
2022-04-14 11:01:00,610,610,610,610,0
2022-04-14 11:02:00,605,605,605,605,10300
2022-04-14 11:03:00,605,605,605,605,0
2022-04-14 11:04:00,605,605,605,605,0
2022-04-14 11:05:00,605,605,605,605,2600
2022-04-14 11:06:00,605,605,605,605,2500
2022-04-14 11:07:00,605,605,605,605,1300
2022-04-14 11:08:00,605,605,605,605,600
2022-04-14 11:09:00,605,605,605,605,400
2022-04-14 11:10:00,605,605,610,610,700
2022-04-14 11:11:00,610,610,610,610,200
2022-04-14 11:12:00,610,610,610,610,0
2022-04-14 11:13:00,605,605,605,605,700
2022-04-14 11:14:00,605,605,605,605,0
2022-04-14 11:15:00,605,605,605,605,0
2022-04-14 11:16:00,605,605,605,605,0
2022-04-14 11:17:00,605,605,605,605,0
2022-04-14 11:18:00,605,605,605,605,0
2022-04-14 11:19:00,605,605,605,605,0
2022-04-14 11:20:00,605,605,605,605,0
2022-04-14 11:21:00,605,605,605,605,2400
2022-04-14 11:22:00,605,605,605,605,0
2022-04-14 11:23:00,605,605,605,605,0
2022-04-14 11:24:00,605,605,605,605,0
2022-04-14 11:25:00,605,605,605,605,0
2022-04-14 11:26:00,605,605,605,605,0
2022-04-14 11:27:00,605,605,605,605,1000
2022-04-14 11:28:00,600,600,600,600,800
2022-04-14 11:29:00,600,600,600,600,0
2022-04-14 11:30:00,600,600,600,600,0
2022-04-14 11:31:00,600,600,600,600,0
2022-04-14 11:32:00,600,600,600,600,0
2022-04-14 11:33:00,600,600,600,600,0
2022-04-14 11:34:00,600,600,600,600,0
2022-04-14 11:35:00,600,600,600,600,0
2022-04-14 11:36:00,600,600,600,600,0
2022-04-14 11:37:00,600,600,600,600,0
2022-04-14 11:38:00,600,600,600,600,0
2022-04-14 11:39:00,600,600,600,600,0
2022-04-14 11:40:00,600,600,600,600,0
2022-04-14 11:41:00,600,600,600,600,0
2022-04-14 11:42:00,600,600,600,600,0
2022-04-14 11:43:00,600,600,600,600,0
2022-04-14 11:44:00,600,600,600,600,0
2022-04-14 11:45:00,600,600,600,600,0
2022-04-14 11:46:00,600,600,600,600,0
2022-04-14 11:47:00,600,600,600,600,0
2022-04-14 11:48:00,600,600,600,600,0
2022-04-14 11:49:00,600,600,600,600,0
2022-04-14 11:50:00,600,600,600,600,0
2022-04-14 11:51:00,600,600,600,600,0
2022-04-14 11:52:00,600,600,600,600,0
2022-04-14 11:53:00,600,600,600,600,0
2022-04-14 11:54:00,600,600,600,600,0
2022-04-14 11:55:00,600,600,600,600,0
2022-04-14 11:56:00,600,600,600,600,0
2022-04-14 11:57:00,600,600,600,600,0
2022-04-14 11:58:00,600,600,600,600,0
2022-04-14 11:59:00,600,600,600,600,0
2022-04-14 12:00:00,600,600,600,600,0
2022-04-14 12:01:00,600,600,600,600,0
2022-04-14 12:02:00,600,600,600,600,0
2022-04-14 12:03:00,600,600,600,600,0
2022-04-14 12:04:00,600,600,600,600,0
2022-04-14 12:05:00,600,600,600,600,0
2022-04-14 12:06:00,600,600,600,600,0
2022-04-14 12:07:00,600,600,600,600,0
2022-04-14 12:08:00,600,600,600,600,0
2022-04-14 12:09:00,600,600,600,600,0
2022-04-14 12:10:00,600,600,600,600,0
2022-04-14 12:11:00,600,600,600,600,0
2022-04-14 12:12:00,600,600,600,600,0
2022-04-14 12:13:00,600,600,600,600,0
2022-04-14 12:14:00,600,600,600,600,0
2022-04-14 12:15:00,600,600,600,600,0
2022-04-14 12:16:00,600,600,600,600,0
2022-04-14 12:17:00,600,600,600,600,0
2022-04-14 12:18:00,600,600,600,600,0
2022-04-14 12:19:00,600,600,600,600,0
2022-04-14 12:20:00,600,600,600,600,0
2022-04-14 12:21:00,600,600,600,600,0
2022-04-14 12:22:00,600,600,600,600,0
2022-04-14 12:23:00,600,600,600,600,0
2022-04-14 12:24:00,600,600,600,600,0
2022-04-14 12:25:00,600,600,600,600,0
2022-04-14 12:26:00,600,600,600,600,0
2022-04-14 12:27:00,600,600,600,600,0
2022-04-14 12:28:00,600,600,600,600,0
2022-04-14 12:29:00,600,600,600,600,0
2022-04-14 12:30:00,600,600,600,600,0
2022-04-14 12:31:00,600,600,600,600,0
2022-04-14 12:32:00,600,600,600,600,0
2022-04-14 12:33:00,600,600,600,600,0
2022-04-14 12:34:00,600,600,600,600,0
2022-04-14 12:35:00,600,600,600,600,0
2022-04-14 12:36:00,600,600,600,600,0
2022-04-14 12:37:00,600,600,600,600,0
2022-04-14 12:38:00,600,600,600,600,0
2022-04-14 12:39:00,600,600,600,600,0
2022-04-14 12:40:00,600,600,600,600,0
2022-04-14 12:41:00,600,600,600,600,0
2022-04-14 12:42:00,600,600,600,600,0
2022-04-14 12:43:00,600,600,600,600,0
2022-04-14 12:44:00,600,600,600,600,0
2022-04-14 12:45:00,600,600,600,600,0
2022-04-14 12:46:00,600,600,600,600,0
2022-04-14 12:47:00,600,600,600,600,0
2022-04-14 12:48:00,600,600,600,600,0
2022-04-14 12:49:00,600,600,600,600,0
2022-04-14 12:50:00,600,600,600,600,0
2022-04-14 12:51:00,600,600,600,600,0
2022-04-14 12:52:00,600,600,600,600,0
2022-04-14 12:53:00,600,600,600,600,0
2022-04-14 12:54:00,600,600,600,600,0
2022-04-14 12:55:00,600,600,600,600,0
2022-04-14 12:56:00,600,600,600,600,0
2022-04-14 12:57:00,600,600,600,600,0
2022-04-14 12:58:00,600,600,600,600,0
2022-04-14 12:59:00,600,600,600,600,0
2022-04-14 13:00:00,600,600,600,600,0
2022-04-14 13:01:00,600,600,600,600,0
2022-04-14 13:02:00,600,600,600,600,0
2022-04-14 13:03:00,600,600,600,600,0
2022-04-14 13:04:00,600,600,600,600,0
2022-04-14 13:05:00,600,600,600,600,0
2022-04-14 13:06:00,600,600,600,600,0
2022-04-14 13:07:00,600,600,600,600,0
2022-04-14 13:08:00,600,600,600,600,0
2022-04-14 13:09:00,600,600,600,600,0
2022-04-14 13:10:00,600,600,600,600,0
2022-04-14 13:11:00,600,600,600,600,0
2022-04-14 13:12:00,600,600,600,600,0
2022-04-14 13:13:00,600,600,600,600,0
2022-04-14 13:14:00,600,600,600,600,0
2022-04-14 13:15:00,600,600,600,600,0
2022-04-14 13:16:00,600,600,600,600,0
2022-04-14 13:17:00,600,600,600,600,0
2022-04-14 13:18:00,600,600,600,600,0
2022-04-14 13:19:00,600,600,600,600,0
2022-04-14 13:20:00,600,600,600,600,0
2022-04-14 13:21:00,600,600,600,600,0
2022-04-14 13:22:00,600,600,600,600,0
2022-04-14 13:23:00,600,600,600,600,0
2022-04-14 13:24:00,600,600,600,600,0
2022-04-14 13:25:00,600,600,600,600,0
2022-04-14 13:26:00,600,600,600,600,0
2022-04-14 13:27:00,600,600,600,600,0
2022-04-14 13:28:00,600,600,600,600,0
2022-04-14 13:29:00,600,600,600,600,0
2022-04-14 13:30:00,605,600,605,600,13600
2022-04-14 13:31:00,605,600,605,600,30200
2022-04-14 13:32:00,605,605,605,605,200
2022-04-14 13:33:00,605,605,605,605,1000
2022-04-14 13:34:00,605,605,605,605,0
2022-04-14 13:35:00,605,605,605,605,0
2022-04-14 13:36:00,605,605,605,605,0
2022-04-14 13:37:00,605,605,605,605,0
2022-04-14 13:38:00,605,605,605,605,1100
2022-04-14 13:39:00,605,605,605,605,0
2022-04-14 13:40:00,605,605,605,605,0
2022-04-14 13:41:00,605,605,605,605,0
2022-04-14 13:42:00,605,605,605,605,0
2022-04-14 13:43:00,605,605,605,605,0
2022-04-14 13:44:00,605,605,605,605,200
2022-04-14 13:45:00,605,605,605,605,0
2022-04-14 13:46:00,605,605,605,605,0
2022-04-14 13:47:00,605,605,605,605,0
2022-04-14 13:48:00,605,605,605,605,0
2022-04-14 13:49:00,605,605,605,605,0
2022-04-14 13:50:00,605,605,605,605,0
2022-04-14 13:51:00,605,605,605,605,0
2022-04-14 13:52:00,605,605,605,605,0
2022-04-14 13:53:00,605,605,605,605,0
2022-04-14 13:54:00,605,605,605,605,0
2022-04-14 13:55:00,605,605,605,605,0
2022-04-14 13:56:00,605,605,605,605,1600
2022-04-14 13:57:00,605,605,605,605,300
2022-04-14 13:58:00,605,605,605,605,0
2022-04-14 13:59:00,605,605,605,605,1300
2022-04-14 14:00:00,605,605,605,605,0
2022-04-14 14:01:00,605,605,605,605,0
2022-04-14 14:02:00,605,605,605,605,300
2022-04-14 14:03:00,605,605,605,605,0
2022-04-14 14:04:00,605,605,605,605,0
2022-04-14 14:05:00,605,605,605,605,200
2022-04-14 14:06:00,605,605,605,605,0
2022-04-14 14:07:00,605,605,605,605,0
2022-04-14 14:08:00,605,605,605,605,200
2022-04-14 14:09:00,605,605,605,605,0
2022-04-14 14:10:00,605,605,605,605,0
2022-04-14 14:11:00,605,605,605,605,0
2022-04-14 14:12:00,605,605,605,605,400
2022-04-14 14:13:00,605,605,605,605,0
2022-04-14 14:14:00,605,605,605,605,0
2022-04-14 14:15:00,605,605,605,605,0
2022-04-14 14:16:00,600,600,600,600,9400
2022-04-14 14:17:00,605,605,605,605,200
2022-04-14 14:18:00,605,605,605,605,0
2022-04-14 14:19:00,605,605,605,605,0
2022-04-14 14:20:00,605,605,605,605,500
2022-04-14 14:21:00,605,605,605,605,100
2022-04-14 14:22:00,605,605,605,605,0
2022-04-14 14:23:00,600,600,600,600,2000
2022-04-14 14:24:00,600,600,600,600,0
2022-04-14 14:25:00,605,605,605,605,300
2022-04-14 14:26:00,605,605,605,605,0
2022-04-14 14:27:00,605,605,605,605,0
2022-04-14 14:28:00,605,605,605,605,0
2022-04-14 14:29:00,605,605,605,605,0
2022-04-14 14:30:00,605,605,605,605,0
2022-04-14 14:31:00,605,605,605,605,0
2022-04-14 14:32:00,605,605,605,605,0
2022-04-14 14:33:00,605,605,605,605,0
2022-04-14 14:34:00,605,605,605,605,0
2022-04-14 14:35:00,605,605,605,605,0
2022-04-14 14:36:00,605,605,605,605,220000
2022-04-14 14:37:00,605,605,605,605,0
2022-04-14 14:38:00,605,605,605,605,0
2022-04-14 14:39:00,605,605,605,605,0
2022-04-14 14:40:00,605,605,605,605,0
2022-04-14 14:41:00,605,605,605,605,0
2022-04-14 14:42:00,605,605,605,605,0
2022-04-14 14:43:00,600,600,600,600,55000
2022-04-14 14:44:00,600,600,600,600,0
2022-04-14 14:45:00,600,600,600,600,0
2022-04-14 14:46:00,600,600,600,600,0
2022-04-14 14:47:00,600,600,600,600,0
2022-04-14 14:48:00,595,595,600,600,3000
2022-04-14 14:49:00,600,600,605,605,129400
2022-04-14 14:50:00,600,600,605,605,0
2022-04-14 14:51:00,600,600,605,605,0
2022-04-14 14:52:00,600,600,605,605,0
2022-04-14 14:53:00,600,600,605,605,0
2022-04-14 14:54:00,600,600,605,605,0
2022-04-14 14:55:00,600,600,605,605,0
2022-04-14 14:56:00,600,600,605,605,0
2022-04-14 14:57:00,600,600,605,605,0
2022-04-14 14:58:00,600,600,605,605,0
2022-04-14 14:59:00,600,600,605,605,0
2022-04-14 15:00:00,605,605,605,605,180000
2022-04-14 15:01:00,605,605,605,605,0
2022-04-14 15:02:00,605,605,605,605,0
2022-04-14 15:03:00,605,605,605,605,0
2022-04-14 15:04:00,605,605,605,605,0
2022-04-14 15:05:00,605,605,605,605,0
2022-04-14 15:06:00,605,605,605,605,0
2022-04-14 15:07:00,605,605,605,605,0
2022-04-14 15:08:00,605,605,605,605,0
2022-04-14 15:09:00,605,605,605,605,0
2022-04-14 15:10:00,605,605,605,605,1000
2022-04-14 15:11:00,605,605,605,605,0
2022-04-14 15:12:00,605,605,605,605,0
2022-04-14 15:13:00,605,605,605,605,0
2022-04-14 15:14:00,605,605,605,605,0
2022-04-14 15:15:00,605,605,605,605,0
2022-04-14 15:16:00,605,605,605,605,0
2022-04-14 15:17:00,605,605,605,605,0
2022-04-14 15:18:00,605,605,605,605,0
2022-04-14 15:19:00,605,605,605,605,0
2022-04-14 15:20:00,605,605,605,605,0
2022-04-14 15:21:00,605,605,605,605,0
2022-04-14 15:22:00,605,605,605,605,0
2022-04-14 15:23:00,605,605,605,605,0
2022-04-14 15:24:00,605,605,605,605,0
2022-04-14 15:25:00,605,605,605,605,0
2022-04-14 15:26:00,605,605,605,605,0
2022-04-14 15:27:00,605,605,605,605,0
2022-04-14 15:28:00,605,605,605,605,0
2022-04-14 15:29:00,605,605,605,605,0
2022-04-14 15:30:00,605,605,605,605,0
2022-04-14 15:31:00,605,605,605,605,0
2022-04-14 15:32:00,605,605,605,605,0
2022-04-14 15:33:00,605,605,605,605,0
2022-04-14 15:34:00,605,605,605,605,0
2022-04-14 15:35:00,605,605,605,605,0
2022-04-14 15:36:00,605,605,605,605,0
2022-04-14 15:37:00,605,605,605,605,0
2022-04-14 15:38:00,605,605,605,605,0
2022-04-14 15:39:00,605,605,605,605,0
2022-04-14 15:40:00,605,605,605,605,0
2022-04-14 15:41:00,605,605,605,605,0
2022-04-14 15:42:00,605,605,605,605,0
2022-04-14 15:43:00,605,605,605,605,0
2022-04-14 15:44:00,605,605,605,605,0
2022-04-14 15:45:00,605,605,605,605,0
2022-04-14 15:46:00,605,605,605,605,0
2022-04-14 15:47:00,605,605,605,605,0
2022-04-14 15:48:00,605,605,605,605,0
2022-04-14 15:49:00,605,605,605,605,0
2022-04-14 15:50:00,605,605,605,605,0
2022-04-14 15:51:00,605,605,605,605,0
2022-04-14 15:52:00,605,605,605,605,0
2022-04-14 15:53:00,605,605,605,605,0
2022-04-14 15:54:00,605,605,605,605,0
2022-04-14 15:55:00,605,605,605,605,0
2022-04-14 15:56:00,605,605,605,605,0
2022-04-14 15:57:00,605,605,605,605,0
2022-04-14 15:58:00,605,605,605,605,0
2022-04-14 15:59:00,605,605,605,605,0
2022-04-15 09:00:00,605,605,605,605,0
2022-04-15 09:01:00,605,605,605,605,0
2022-04-15 09:02:00,605,605,605,605,0
2022-04-15 09:03:00,605,605,605,605,0
2022-04-15 09:04:00,605,605,605,605,0
2022-04-15 09:05:00,605,605,605,605,0
2022-04-15 09:06:00,605,605,605,605,0
2022-04-15 09:07:00,605,605,605,605,0
2022-04-15 09:08:00,605,605,605,605,0
2022-04-15 09:09:00,605,605,605,605,0
2022-04-15 09:10:00,605,605,605,605,0
2022-04-15 09:11:00,605,605,605,605,0
2022-04-15 09:12:00,605,605,605,605,0
2022-04-15 09:13:00,605,605,605,605,0
2022-04-15 09:14:00,605,605,605,605,0
2022-04-15 09:15:00,605,605,605,605,0
2022-04-15 09:16:00,605,605,605,605,0
2022-04-15 09:17:00,605,605,605,605,0
2022-04-15 09:18:00,605,605,605,605,0
2022-04-15 09:19:00,605,605,605,605,0
2022-04-15 09:20:00,605,605,605,605,0
2022-04-15 09:21:00,605,605,605,605,0
2022-04-15 09:22:00,605,605,605,605,0
2022-04-15 09:23:00,605,605,605,605,0
2022-04-15 09:24:00,605,605,605,605,0
2022-04-15 09:25:00,605,605,605,605,0
2022-04-15 09:26:00,605,605,605,605,0
2022-04-15 09:27:00,605,605,605,605,0
2022-04-15 09:28:00,605,605,605,605,0
2022-04-15 09:29:00,605,605,605,605,0
2022-04-15 09:30:00,605,605,605,605,0
2022-04-15 09:31:00,605,605,605,605,0
2022-04-15 09:32:00,605,605,605,605,0
2022-04-15 09:33:00,605,605,605,605,0
2022-04-15 09:34:00,605,605,605,605,0
2022-04-15 09:35:00,605,605,605,605,0
2022-04-15 09:36:00,605,605,605,605,0
2022-04-15 09:37:00,605,605,605,605,0
2022-04-15 09:38:00,605,605,605,605,0
2022-04-15 09:39:00,605,605,605,605,0
2022-04-15 09:40:00,605,605,605,605,0
2022-04-15 09:41:00,605,605,605,605,0
2022-04-15 09:42:00,605,605,605,605,0
2022-04-15 09:43:00,605,605,605,605,0
2022-04-15 09:44:00,605,605,605,605,0
2022-04-15 09:45:00,605,605,605,605,0
2022-04-15 09:46:00,605,605,605,605,0
2022-04-15 09:47:00,605,605,605,605,0
2022-04-15 09:48:00,605,605,605,605,0
2022-04-15 09:49:00,605,605,605,605,0
2022-04-15 09:50:00,605,605,605,605,0
2022-04-15 09:51:00,605,605,605,605,0
2022-04-15 09:52:00,605,605,605,605,0
2022-04-15 09:53:00,605,605,605,605,0
2022-04-15 09:54:00,605,605,605,605,0
2022-04-15 09:55:00,605,605,605,605,0
2022-04-15 09:56:00,605,605,605,605,0
2022-04-15 09:57:00,605,605,605,605,0
2022-04-15 09:58:00,605,605,605,605,0
2022-04-15 09:59:00,605,605,605,605,0
2022-04-15 10:00:00,605,605,605,605,0
2022-04-15 10:01:00,605,605,605,605,0
2022-04-15 10:02:00,605,605,605,605,0
2022-04-15 10:03:00,605,605,605,605,0
2022-04-15 10:04:00,605,605,605,605,0
2022-04-15 10:05:00,605,605,605,605,0
2022-04-15 10:06:00,605,605,605,605,0
2022-04-15 10:07:00,605,605,605,605,0
2022-04-15 10:08:00,605,605,605,605,0
2022-04-15 10:09:00,605,605,605,605,0
2022-04-15 10:10:00,605,605,605,605,0
2022-04-15 10:11:00,605,605,605,605,0
2022-04-15 10:12:00,605,605,605,605,0
2022-04-15 10:13:00,605,605,605,605,0
2022-04-15 10:14:00,605,605,605,605,0
2022-04-15 10:15:00,605,605,605,605,0
2022-04-15 10:16:00,605,605,605,605,0
2022-04-15 10:17:00,605,605,605,605,0
2022-04-15 10:18:00,605,605,605,605,0
2022-04-15 10:19:00,605,605,605,605,0
2022-04-15 10:20:00,605,605,605,605,0
2022-04-15 10:21:00,605,605,605,605,0
2022-04-15 10:22:00,605,605,605,605,0
2022-04-15 10:23:00,605,605,605,605,0
2022-04-15 10:24:00,605,605,605,605,0
2022-04-15 10:25:00,605,605,605,605,0
2022-04-15 10:26:00,605,605,605,605,0
2022-04-15 10:27:00,605,605,605,605,0
2022-04-15 10:28:00,605,605,605,605,0
2022-04-15 10:29:00,605,605,605,605,0
2022-04-15 10:30:00,605,605,605,605,0
2022-04-15 10:31:00,605,605,605,605,0
2022-04-15 10:32:00,605,605,605,605,0
2022-04-15 10:33:00,605,605,605,605,0
2022-04-15 10:34:00,605,605,605,605,0
2022-04-15 10:35:00,605,605,605,605,0
2022-04-15 10:36:00,605,605,605,605,0
2022-04-15 10:37:00,605,605,605,605,0
2022-04-15 10:38:00,605,605,605,605,0
2022-04-15 10:39:00,605,605,605,605,0
2022-04-15 10:40:00,605,605,605,605,0
2022-04-15 10:41:00,605,605,605,605,0
2022-04-15 10:42:00,605,605,605,605,0
2022-04-15 10:43:00,605,605,605,605,0
2022-04-15 10:44:00,605,605,605,605,0
2022-04-15 10:45:00,605,605,605,605,0
2022-04-15 10:46:00,605,605,605,605,0
2022-04-15 10:47:00,605,605,605,605,0
2022-04-15 10:48:00,605,605,605,605,0
2022-04-15 10:49:00,605,605,605,605,0
2022-04-15 10:50:00,605,605,605,605,0
2022-04-15 10:51:00,605,605,605,605,0
2022-04-15 10:52:00,605,605,605,605,0
2022-04-15 10:53:00,605,605,605,605,0
2022-04-15 10:54:00,605,605,605,605,0
2022-04-15 10:55:00,605,605,605,605,0
2022-04-15 10:56:00,605,605,605,605,0
2022-04-15 10:57:00,605,605,605,605,0
2022-04-15 10:58:00,605,605,605,605,0
2022-04-15 10:59:00,605,605,605,605,0
2022-04-15 11:00:00,605,605,605,605,0
2022-04-15 11:01:00,605,605,605,605,0
2022-04-15 11:02:00,605,605,605,605,0
2022-04-15 11:03:00,605,605,605,605,0
2022-04-15 11:04:00,605,605,605,605,0
2022-04-15 11:05:00,605,605,605,605,0
2022-04-15 11:06:00,605,605,605,605,0
2022-04-15 11:07:00,605,605,605,605,0
2022-04-15 11:08:00,605,605,605,605,0
2022-04-15 11:09:00,605,605,605,605,0
2022-04-15 11:10:00,605,605,605,605,0
2022-04-15 11:11:00,605,605,605,605,0
2022-04-15 11:12:00,605,605,605,605,0
2022-04-15 11:13:00,605,605,605,605,0
2022-04-15 11:14:00,605,605,605,605,0
2022-04-15 11:15:00,605,605,605,605,0
2022-04-15 11:16:00,605,605,605,605,0
2022-04-15 11:17:00,605,605,605,605,0
2022-04-15 11:18:00,605,605,605,605,0
2022-04-15 11:19:00,605,605,605,605,0
2022-04-15 11:20:00,605,605,605,605,0
2022-04-15 11:21:00,605,605,605,605,0
2022-04-15 11:22:00,605,605,605,605,0
2022-04-15 11:23:00,605,605,605,605,0
2022-04-15 11:24:00,605,605,605,605,0
2022-04-15 11:25:00,605,605,605,605,0
2022-04-15 11:26:00,605,605,605,605,0
2022-04-15 11:27:00,605,605,605,605,0
2022-04-15 11:28:00,605,605,605,605,0
2022-04-15 11:29:00,605,605,605,605,0
2022-04-15 11:30:00,605,605,605,605,0
2022-04-15 11:31:00,605,605,605,605,0
2022-04-15 11:32:00,605,605,605,605,0
2022-04-15 11:33:00,605,605,605,605,0
2022-04-15 11:34:00,605,605,605,605,0
2022-04-15 11:35:00,605,605,605,605,0
2022-04-15 11:36:00,605,605,605,605,0
2022-04-15 11:37:00,605,605,605,605,0
2022-04-15 11:38:00,605,605,605,605,0
2022-04-15 11:39:00,605,605,605,605,0
2022-04-15 11:40:00,605,605,605,605,0
2022-04-15 11:41:00,605,605,605,605,0
2022-04-15 11:42:00,605,605,605,605,0
2022-04-15 11:43:00,605,605,605,605,0
2022-04-15 11:44:00,605,605,605,605,0
2022-04-15 11:45:00,605,605,605,605,0
2022-04-15 11:46:00,605,605,605,605,0
2022-04-15 11:47:00,605,605,605,605,0
2022-04-15 11:48:00,605,605,605,605,0
2022-04-15 11:49:00,605,605,605,605,0
2022-04-15 11:50:00,605,605,605,605,0
2022-04-15 11:51:00,605,605,605,605,0
2022-04-15 11:52:00,605,605,605,605,0
2022-04-15 11:53:00,605,605,605,605,0
2022-04-15 11:54:00,605,605,605,605,0
2022-04-15 11:55:00,605,605,605,605,0
2022-04-15 11:56:00,605,605,605,605,0
2022-04-15 11:57:00,605,605,605,605,0
2022-04-15 11:58:00,605,605,605,605,0
2022-04-15 11:59:00,605,605,605,605,0
2022-04-15 12:00:00,605,605,605,605,0
2022-04-15 12:01:00,605,605,605,605,0
2022-04-15 12:02:00,605,605,605,605,0
2022-04-15 12:03:00,605,605,605,605,0
2022-04-15 12:04:00,605,605,605,605,0
2022-04-15 12:05:00,605,605,605,605,0
2022-04-15 12:06:00,605,605,605,605,0
2022-04-15 12:07:00,605,605,605,605,0
2022-04-15 12:08:00,605,605,605,605,0
2022-04-15 12:09:00,605,605,605,605,0
2022-04-15 12:10:00,605,605,605,605,0
2022-04-15 12:11:00,605,605,605,605,0
2022-04-15 12:12:00,605,605,605,605,0
2022-04-15 12:13:00,605,605,605,605,0
2022-04-15 12:14:00,605,605,605,605,0
2022-04-15 12:15:00,605,605,605,605,0
2022-04-15 12:16:00,605,605,605,605,0
2022-04-15 12:17:00,605,605,605,605,0
2022-04-15 12:18:00,605,605,605,605,0
2022-04-15 12:19:00,605,605,605,605,0
2022-04-15 12:20:00,605,605,605,605,0
2022-04-15 12:21:00,605,605,605,605,0
2022-04-15 12:22:00,605,605,605,605,0
2022-04-15 12:23:00,605,605,605,605,0
2022-04-15 12:24:00,605,605,605,605,0
2022-04-15 12:25:00,605,605,605,605,0
2022-04-15 12:26:00,605,605,605,605,0
2022-04-15 12:27:00,605,605,605,605,0
2022-04-15 12:28:00,605,605,605,605,0
2022-04-15 12:29:00,605,605,605,605,0
2022-04-15 12:30:00,605,605,605,605,0
2022-04-15 12:31:00,605,605,605,605,0
2022-04-15 12:32:00,605,605,605,605,0
2022-04-15 12:33:00,605,605,605,605,0
2022-04-15 12:34:00,605,605,605,605,0
2022-04-15 12:35:00,605,605,605,605,0
2022-04-15 12:36:00,605,605,605,605,0
2022-04-15 12:37:00,605,605,605,605,0
2022-04-15 12:38:00,605,605,605,605,0
2022-04-15 12:39:00,605,605,605,605,0
2022-04-15 12:40:00,605,605,605,605,0
2022-04-15 12:41:00,605,605,605,605,0
2022-04-15 12:42:00,605,605,605,605,0
2022-04-15 12:43:00,605,605,605,605,0
2022-04-15 12:44:00,605,605,605,605,0
2022-04-15 12:45:00,605,605,605,605,0
2022-04-15 12:46:00,605,605,605,605,0
2022-04-15 12:47:00,605,605,605,605,0
2022-04-15 12:48:00,605,605,605,605,0
2022-04-15 12:49:00,605,605,605,605,0
2022-04-15 12:50:00,605,605,605,605,0
2022-04-15 12:51:00,605,605,605,605,0
2022-04-15 12:52:00,605,605,605,605,0
2022-04-15 12:53:00,605,605,605,605,0
2022-04-15 12:54:00,605,605,605,605,0
2022-04-15 12:55:00,605,605,605,605,0
2022-04-15 12:56:00,605,605,605,605,0
2022-04-15 12:57:00,605,605,605,605,0
2022-04-15 12:58:00,605,605,605,605,0
2022-04-15 12:59:00,605,605,605,605,0
2022-04-15 13:00:00,605,605,605,605,0
2022-04-15 13:01:00,605,605,605,605,0
2022-04-15 13:02:00,605,605,605,605,0
2022-04-15 13:03:00,605,605,605,605,0
2022-04-15 13:04:00,605,605,605,605,0
2022-04-15 13:05:00,605,605,605,605,0
2022-04-15 13:06:00,605,605,605,605,0
2022-04-15 13:07:00,605,605,605,605,0
2022-04-15 13:08:00,605,605,605,605,0
2022-04-15 13:09:00,605,605,605,605,0
2022-04-15 13:10:00,605,605,605,605,0
2022-04-15 13:11:00,605,605,605,605,0
2022-04-15 13:12:00,605,605,605,605,0
2022-04-15 13:13:00,605,605,605,605,0
2022-04-15 13:14:00,605,605,605,605,0
2022-04-15 13:15:00,605,605,605,605,0
2022-04-15 13:16:00,605,605,605,605,0
2022-04-15 13:17:00,605,605,605,605,0
2022-04-15 13:18:00,605,605,605,605,0
2022-04-15 13:19:00,605,605,605,605,0
2022-04-15 13:20:00,605,605,605,605,0
2022-04-15 13:21:00,605,605,605,605,0
2022-04-15 13:22:00,605,605,605,605,0
2022-04-15 13:23:00,605,605,605,605,0
2022-04-15 13:24:00,605,605,605,605,0
2022-04-15 13:25:00,605,605,605,605,0
2022-04-15 13:26:00,605,605,605,605,0
2022-04-15 13:27:00,605,605,605,605,0
2022-04-15 13:28:00,605,605,605,605,0
2022-04-15 13:29:00,605,605,605,605,0
2022-04-15 13:30:00,605,605,605,605,0
2022-04-15 13:31:00,605,605,605,605,0
2022-04-15 13:32:00,605,605,605,605,0
2022-04-15 13:33:00,605,605,605,605,0
2022-04-15 13:34:00,605,605,605,605,0
2022-04-15 13:35:00,605,605,605,605,0
2022-04-15 13:36:00,605,605,605,605,0
2022-04-15 13:37:00,605,605,605,605,0
2022-04-15 13:38:00,605,605,605,605,0
2022-04-15 13:39:00,605,605,605,605,0
2022-04-15 13:40:00,605,605,605,605,0
2022-04-15 13:41:00,605,605,605,605,0
2022-04-15 13:42:00,605,605,605,605,0
2022-04-15 13:43:00,605,605,605,605,0
2022-04-15 13:44:00,605,605,605,605,0
2022-04-15 13:45:00,605,605,605,605,0
2022-04-15 13:46:00,605,605,605,605,0
2022-04-15 13:47:00,605,605,605,605,0
2022-04-15 13:48:00,605,605,605,605,0
2022-04-15 13:49:00,605,605,605,605,0
2022-04-15 13:50:00,605,605,605,605,0
2022-04-15 13:51:00,605,605,605,605,0
2022-04-15 13:52:00,605,605,605,605,0
2022-04-15 13:53:00,605,605,605,605,0
2022-04-15 13:54:00,605,605,605,605,0
2022-04-15 13:55:00,605,605,605,605,0
2022-04-15 13:56:00,605,605,605,605,0
2022-04-15 13:57:00,605,605,605,605,0
2022-04-15 13:58:00,605,605,605,605,0
2022-04-15 13:59:00,605,605,605,605,0
2022-04-15 14:00:00,605,605,605,605,0
2022-04-15 14:01:00,605,605,605,605,0
2022-04-15 14:02:00,605,605,605,605,0
2022-04-15 14:03:00,605,605,605,605,0
2022-04-15 14:04:00,605,605,605,605,0
2022-04-15 14:05:00,605,605,605,605,0
2022-04-15 14:06:00,605,605,605,605,0
2022-04-15 14:07:00,605,605,605,605,0
2022-04-15 14:08:00,605,605,605,605,0
2022-04-15 14:09:00,605,605,605,605,0
2022-04-15 14:10:00,605,605,605,605,0
2022-04-15 14:11:00,605,605,605,605,0
2022-04-15 14:12:00,605,605,605,605,0
2022-04-15 14:13:00,605,605,605,605,0
2022-04-15 14:14:00,605,605,605,605,0
2022-04-15 14:15:00,605,605,605,605,0
2022-04-15 14:16:00,605,605,605,605,0
2022-04-15 14:17:00,605,605,605,605,0
2022-04-15 14:18:00,605,605,605,605,0
2022-04-15 14:19:00,605,605,605,605,0
2022-04-15 14:20:00,605,605,605,605,0
2022-04-15 14:21:00,605,605,605,605,0
2022-04-15 14:22:00,605,605,605,605,0
2022-04-15 14:23:00,605,605,605,605,0
2022-04-15 14:24:00,605,605,605,605,0
2022-04-15 14:25:00,605,605,605,605,0
2022-04-15 14:26:00,605,605,605,605,0
2022-04-15 14:27:00,605,605,605,605,0
2022-04-15 14:28:00,605,605,605,605,0
2022-04-15 14:29:00,605,605,605,605,0
2022-04-15 14:30:00,605,605,605,605,0
2022-04-15 14:31:00,605,605,605,605,0
2022-04-15 14:32:00,605,605,605,605,0
2022-04-15 14:33:00,605,605,605,605,0
2022-04-15 14:34:00,605,605,605,605,0
2022-04-15 14:35:00,605,605,605,605,0
2022-04-15 14:36:00,605,605,605,605,0
2022-04-15 14:37:00,605,605,605,605,0
2022-04-15 14:38:00,605,605,605,605,0
2022-04-15 14:39:00,605,605,605,605,0
2022-04-15 14:40:00,605,605,605,605,0
2022-04-15 14:41:00,605,605,605,605,0
2022-04-15 14:42:00,605,605,605,605,0
2022-04-15 14:43:00,605,605,605,605,0
2022-04-15 14:44:00,605,605,605,605,0
2022-04-15 14:45:00,605,605,605,605,0
2022-04-15 14:46:00,605,605,605,605,0
2022-04-15 14:47:00,605,605,605,605,0
2022-04-15 14:48:00,605,605,605,605,0
2022-04-15 14:49:00,605,605,605,605,0
2022-04-15 14:50:00,605,605,605,605,0
2022-04-15 14:51:00,605,605,605,605,0
2022-04-15 14:52:00,605,605,605,605,0
2022-04-15 14:53:00,605,605,605,605,0
2022-04-15 14:54:00,605,605,605,605,0
2022-04-15 14:55:00,605,605,605,605,0
2022-04-15 14:56:00,605,605,605,605,0
2022-04-15 14:57:00,605,605,605,605,0
2022-04-15 14:58:00,605,605,605,605,0
2022-04-15 14:59:00,605,605,605,605,0
2022-04-15 15:00:00,605,605,605,605,0
2022-04-15 15:01:00,605,605,605,605,0
2022-04-15 15:02:00,605,605,605,605,0
2022-04-15 15:03:00,605,605,605,605,0
2022-04-15 15:04:00,605,605,605,605,0
2022-04-15 15:05:00,605,605,605,605,0
2022-04-15 15:06:00,605,605,605,605,0
2022-04-15 15:07:00,605,605,605,605,0
2022-04-15 15:08:00,605,605,605,605,0
2022-04-15 15:09:00,605,605,605,605,0
2022-04-15 15:10:00,605,605,605,605,0
2022-04-15 15:11:00,605,605,605,605,0
2022-04-15 15:12:00,605,605,605,605,0
2022-04-15 15:13:00,605,605,605,605,0
2022-04-15 15:14:00,605,605,605,605,0
2022-04-15 15:15:00,605,605,605,605,0
2022-04-15 15:16:00,605,605,605,605,0
2022-04-15 15:17:00,605,605,605,605,0
2022-04-15 15:18:00,605,605,605,605,0
2022-04-15 15:19:00,605,605,605,605,0
2022-04-15 15:20:00,605,605,605,605,0
2022-04-15 15:21:00,605,605,605,605,0
2022-04-15 15:22:00,605,605,605,605,0
2022-04-15 15:23:00,605,605,605,605,0
2022-04-15 15:24:00,605,605,605,605,0
2022-04-15 15:25:00,605,605,605,605,0
2022-04-15 15:26:00,605,605,605,605,0
2022-04-15 15:27:00,605,605,605,605,0
2022-04-15 15:28:00,605,605,605,605,0
2022-04-15 15:29:00,605,605,605,605,0
2022-04-15 15:30:00,605,605,605,605,0
2022-04-15 15:31:00,605,605,605,605,0
2022-04-15 15:32:00,605,605,605,605,0
2022-04-15 15:33:00,605,605,605,605,0
2022-04-15 15:34:00,605,605,605,605,0
2022-04-15 15:35:00,605,605,605,605,0
2022-04-15 15:36:00,605,605,605,605,0
2022-04-15 15:37:00,605,605,605,605,0
2022-04-15 15:38:00,605,605,605,605,0
2022-04-15 15:39:00,605,605,605,605,0
2022-04-15 15:40:00,605,605,605,605,0
2022-04-15 15:41:00,605,605,605,605,0
2022-04-15 15:42:00,605,605,605,605,0
2022-04-15 15:43:00,605,605,605,605,0
2022-04-15 15:44:00,605,605,605,605,0
2022-04-15 15:45:00,605,605,605,605,0
2022-04-15 15:46:00,605,605,605,605,0
2022-04-15 15:47:00,605,605,605,605,0
2022-04-15 15:48:00,605,605,605,605,0
2022-04-15 15:49:00,605,605,605,605,0
2022-04-15 15:50:00,605,605,605,605,0
2022-04-15 15:51:00,605,605,605,605,0
2022-04-15 15:52:00,605,605,605,605,0
2022-04-15 15:53:00,605,605,605,605,0
2022-04-15 15:54:00,605,605,605,605,0
2022-04-15 15:55:00,605,605,605,605,0
2022-04-15 15:56:00,605,605,605,605,0
2022-04-15 15:57:00,605,605,605,605,0
2022-04-15 15:58:00,605,605,605,605,0
2022-04-15 15:59:00,605,605,605,605,0
2022-04-18 09:00:00,600,600,600,600,0
2022-04-18 09:01:00,600,600,600,600,0
2022-04-18 09:02:00,605,605,605,605,300
2022-04-18 09:03:00,605,605,605,605,0
2022-04-18 09:04:00,605,605,605,605,0
2022-04-18 09:05:00,605,605,605,605,0
2022-04-18 09:06:00,605,605,605,605,0
2022-04-18 09:07:00,605,605,605,605,0
2022-04-18 09:08:00,605,605,605,605,0
2022-04-18 09:09:00,605,605,605,605,0
2022-04-18 09:10:00,605,605,605,605,0
2022-04-18 09:11:00,605,605,605,605,0
2022-04-18 09:12:00,605,605,605,605,0
2022-04-18 09:13:00,605,605,605,605,0
2022-04-18 09:14:00,605,605,605,605,500
2022-04-18 09:15:00,605,605,605,605,0
2022-04-18 09:16:00,605,605,605,605,0
2022-04-18 09:17:00,605,605,605,605,0
2022-04-18 09:18:00,605,605,605,605,0
2022-04-18 09:19:00,605,605,605,605,0
2022-04-18 09:20:00,605,605,605,605,0
2022-04-18 09:21:00,605,605,605,605,0
2022-04-18 09:22:00,605,605,605,605,0
2022-04-18 09:23:00,605,605,605,605,0
2022-04-18 09:24:00,605,605,605,605,0
2022-04-18 09:25:00,605,605,605,605,0
2022-04-18 09:26:00,605,605,605,605,300
2022-04-18 09:27:00,605,605,605,605,0
2022-04-18 09:28:00,605,605,605,605,0
2022-04-18 09:29:00,605,605,605,605,0
2022-04-18 09:30:00,605,605,605,605,0
2022-04-18 09:31:00,605,605,605,605,0
2022-04-18 09:32:00,605,605,605,605,0
2022-04-18 09:33:00,605,605,605,605,0
2022-04-18 09:34:00,605,605,605,605,0
2022-04-18 09:35:00,605,605,605,605,0
2022-04-18 09:36:00,605,605,605,605,0
2022-04-18 09:37:00,605,605,605,605,0
2022-04-18 09:38:00,605,605,605,605,0
2022-04-18 09:39:00,605,605,605,605,0
2022-04-18 09:40:00,605,605,605,605,200
2022-04-18 09:41:00,605,605,605,605,0
2022-04-18 09:42:00,605,605,605,605,0
2022-04-18 09:43:00,605,605,605,605,0
2022-04-18 09:44:00,605,605,605,605,0
2022-04-18 09:45:00,605,605,605,605,0
2022-04-18 09:46:00,605,605,605,605,0
2022-04-18 09:47:00,605,605,605,605,0
2022-04-18 09:48:00,605,605,605,605,0
2022-04-18 09:49:00,605,605,605,605,0
2022-04-18 09:50:00,605,605,605,605,0
2022-04-18 09:51:00,605,605,605,605,0
2022-04-18 09:52:00,605,605,605,605,0
2022-04-18 09:53:00,600,600,600,600,1600
2022-04-18 09:54:00,600,600,600,600,0
2022-04-18 09:55:00,600,600,600,600,400
2022-04-18 09:56:00,600,600,600,600,0
2022-04-18 09:57:00,605,605,605,605,300
2022-04-18 09:58:00,605,605,605,605,0
2022-04-18 09:59:00,605,605,605,605,0
2022-04-18 10:00:00,605,605,605,605,0
2022-04-18 10:01:00,605,605,605,605,0
2022-04-18 10:02:00,605,605,605,605,0
2022-04-18 10:03:00,605,605,605,605,0
2022-04-18 10:04:00,605,605,605,605,0
2022-04-18 10:05:00,605,605,605,605,0
2022-04-18 10:06:00,605,605,605,605,0
2022-04-18 10:07:00,605,605,605,605,0
2022-04-18 10:08:00,605,605,605,605,0
2022-04-18 10:09:00,605,605,605,605,0
2022-04-18 10:10:00,605,605,605,605,0
2022-04-18 10:11:00,605,605,605,605,0
2022-04-18 10:12:00,605,605,605,605,0
2022-04-18 10:13:00,605,605,605,605,0
2022-04-18 10:14:00,605,605,605,605,0
2022-04-18 10:15:00,605,605,605,605,0
2022-04-18 10:16:00,605,605,605,605,0
2022-04-18 10:17:00,605,605,605,605,0
2022-04-18 10:18:00,605,605,605,605,0
2022-04-18 10:19:00,605,605,605,605,0
2022-04-18 10:20:00,600,600,600,600,500
2022-04-18 10:21:00,600,600,600,600,0
2022-04-18 10:22:00,600,600,600,600,0
2022-04-18 10:23:00,600,600,600,600,0
2022-04-18 10:24:00,600,600,600,600,0
2022-04-18 10:25:00,600,600,600,600,0
2022-04-18 10:26:00,600,600,605,605,1800
2022-04-18 10:27:00,600,600,605,605,0
2022-04-18 10:28:00,600,600,605,605,0
2022-04-18 10:29:00,600,600,600,600,100
2022-04-18 10:30:00,605,605,605,605,500
2022-04-18 10:31:00,605,605,605,605,0
2022-04-18 10:32:00,605,605,605,605,0
2022-04-18 10:33:00,605,605,605,605,0
2022-04-18 10:34:00,600,600,605,605,1300
2022-04-18 10:35:00,600,600,605,605,0
2022-04-18 10:36:00,600,600,605,605,0
2022-04-18 10:37:00,600,600,605,605,0
2022-04-18 10:38:00,600,600,605,605,0
2022-04-18 10:39:00,600,600,605,605,0
2022-04-18 10:40:00,600,600,605,605,0
2022-04-18 10:41:00,600,600,605,605,0
2022-04-18 10:42:00,600,600,605,605,0
2022-04-18 10:43:00,600,600,605,605,0
2022-04-18 10:44:00,600,600,605,605,0
2022-04-18 10:45:00,600,600,605,605,0
2022-04-18 10:46:00,600,600,605,605,0
2022-04-18 10:47:00,600,600,605,605,0
2022-04-18 10:48:00,600,600,605,605,0
2022-04-18 10:49:00,600,600,605,605,0
2022-04-18 10:50:00,600,600,605,605,0
2022-04-18 10:51:00,600,600,605,605,0
2022-04-18 10:52:00,600,600,605,605,0
2022-04-18 10:53:00,600,600,605,605,0
2022-04-18 10:54:00,600,600,605,605,0
2022-04-18 10:55:00,600,600,605,605,0
2022-04-18 10:56:00,600,600,605,605,0
2022-04-18 10:57:00,600,600,605,605,0
2022-04-18 10:58:00,600,600,605,605,0
2022-04-18 10:59:00,600,600,605,605,0
2022-04-18 11:00:00,600,600,605,605,0
2022-04-18 11:01:00,600,600,605,605,0
2022-04-18 11:02:00,600,600,605,605,0
2022-04-18 11:03:00,600,600,605,605,0
2022-04-18 11:04:00,600,600,605,605,0
2022-04-18 11:05:00,600,600,605,605,0
2022-04-18 11:06:00,600,600,605,605,0
2022-04-18 11:07:00,600,600,605,605,0
2022-04-18 11:08:00,605,605,605,605,300
2022-04-18 11:09:00,605,605,605,605,0
2022-04-18 11:10:00,605,605,605,605,0
2022-04-18 11:11:00,605,605,605,605,0
2022-04-18 11:12:00,605,605,605,605,0
2022-04-18 11:13:00,605,605,605,605,0
2022-04-18 11:14:00,605,605,605,605,0
2022-04-18 11:15:00,605,605,605,605,0
2022-04-18 11:16:00,605,605,605,605,0
2022-04-18 11:17:00,605,605,605,605,0
2022-04-18 11:18:00,605,605,605,605,0
2022-04-18 11:19:00,605,605,605,605,0
2022-04-18 11:20:00,605,605,605,605,0
2022-04-18 11:21:00,605,605,605,605,0
2022-04-18 11:22:00,605,605,605,605,300
2022-04-18 11:23:00,605,605,605,605,0
2022-04-18 11:24:00,605,605,605,605,0
2022-04-18 11:25:00,605,605,605,605,0
2022-04-18 11:26:00,605,605,605,605,0
2022-04-18 11:27:00,605,605,605,605,0
2022-04-18 11:28:00,605,605,605,605,0
2022-04-18 11:29:00,605,605,605,605,0
2022-04-18 11:30:00,605,605,605,605,0
2022-04-18 11:31:00,605,605,605,605,0
2022-04-18 11:32:00,605,605,605,605,0
2022-04-18 11:33:00,605,605,605,605,0
2022-04-18 11:34:00,605,605,605,605,0
2022-04-18 11:35:00,605,605,605,605,0
2022-04-18 11:36:00,605,605,605,605,0
2022-04-18 11:37:00,605,605,605,605,0
2022-04-18 11:38:00,605,605,605,605,0
2022-04-18 11:39:00,605,605,605,605,0
2022-04-18 11:40:00,605,605,605,605,0
2022-04-18 11:41:00,605,605,605,605,0
2022-04-18 11:42:00,605,605,605,605,0
2022-04-18 11:43:00,605,605,605,605,0
2022-04-18 11:44:00,605,605,605,605,0
2022-04-18 11:45:00,605,605,605,605,0
2022-04-18 11:46:00,605,605,605,605,0
2022-04-18 11:47:00,605,605,605,605,0
2022-04-18 11:48:00,605,605,605,605,0
2022-04-18 11:49:00,605,605,605,605,0
2022-04-18 11:50:00,605,605,605,605,0
2022-04-18 11:51:00,605,605,605,605,0
2022-04-18 11:52:00,605,605,605,605,0
2022-04-18 11:53:00,605,605,605,605,0
2022-04-18 11:54:00,605,605,605,605,0
2022-04-18 11:55:00,605,605,605,605,0
2022-04-18 11:56:00,605,605,605,605,0
2022-04-18 11:57:00,605,605,605,605,0
2022-04-18 11:58:00,605,605,605,605,0
2022-04-18 11:59:00,605,605,605,605,0
2022-04-18 12:00:00,605,605,605,605,0
2022-04-18 12:01:00,605,605,605,605,0
2022-04-18 12:02:00,605,605,605,605,0
2022-04-18 12:03:00,605,605,605,605,0
2022-04-18 12:04:00,605,605,605,605,0
2022-04-18 12:05:00,605,605,605,605,0
2022-04-18 12:06:00,605,605,605,605,0
2022-04-18 12:07:00,605,605,605,605,0
2022-04-18 12:08:00,605,605,605,605,0
2022-04-18 12:09:00,605,605,605,605,0
2022-04-18 12:10:00,605,605,605,605,0
2022-04-18 12:11:00,605,605,605,605,0
2022-04-18 12:12:00,605,605,605,605,0
2022-04-18 12:13:00,605,605,605,605,0
2022-04-18 12:14:00,605,605,605,605,0
2022-04-18 12:15:00,605,605,605,605,0
2022-04-18 12:16:00,605,605,605,605,0
2022-04-18 12:17:00,605,605,605,605,0
2022-04-18 12:18:00,605,605,605,605,0
2022-04-18 12:19:00,605,605,605,605,0
2022-04-18 12:20:00,605,605,605,605,0
2022-04-18 12:21:00,605,605,605,605,0
2022-04-18 12:22:00,605,605,605,605,0
2022-04-18 12:23:00,605,605,605,605,0
2022-04-18 12:24:00,605,605,605,605,0
2022-04-18 12:25:00,605,605,605,605,0
2022-04-18 12:26:00,605,605,605,605,0
2022-04-18 12:27:00,605,605,605,605,0
2022-04-18 12:28:00,605,605,605,605,0
2022-04-18 12:29:00,605,605,605,605,0
2022-04-18 12:30:00,605,605,605,605,0
2022-04-18 12:31:00,605,605,605,605,0
2022-04-18 12:32:00,605,605,605,605,0
2022-04-18 12:33:00,605,605,605,605,0
2022-04-18 12:34:00,605,605,605,605,0
2022-04-18 12:35:00,605,605,605,605,0
2022-04-18 12:36:00,605,605,605,605,0
2022-04-18 12:37:00,605,605,605,605,0
2022-04-18 12:38:00,605,605,605,605,0
2022-04-18 12:39:00,605,605,605,605,0
2022-04-18 12:40:00,605,605,605,605,0
2022-04-18 12:41:00,605,605,605,605,0
2022-04-18 12:42:00,605,605,605,605,0
2022-04-18 12:43:00,605,605,605,605,0
2022-04-18 12:44:00,605,605,605,605,0
2022-04-18 12:45:00,605,605,605,605,0
2022-04-18 12:46:00,605,605,605,605,0
2022-04-18 12:47:00,605,605,605,605,0
2022-04-18 12:48:00,605,605,605,605,0
2022-04-18 12:49:00,605,605,605,605,0
2022-04-18 12:50:00,605,605,605,605,0
2022-04-18 12:51:00,605,605,605,605,0
2022-04-18 12:52:00,605,605,605,605,0
2022-04-18 12:53:00,605,605,605,605,0
2022-04-18 12:54:00,605,605,605,605,0
2022-04-18 12:55:00,605,605,605,605,0
2022-04-18 12:56:00,605,605,605,605,0
2022-04-18 12:57:00,605,605,605,605,0
2022-04-18 12:58:00,605,605,605,605,0
2022-04-18 12:59:00,605,605,605,605,0
2022-04-18 13:00:00,605,605,605,605,0
2022-04-18 13:01:00,605,605,605,605,0
2022-04-18 13:02:00,605,605,605,605,0
2022-04-18 13:03:00,605,605,605,605,0
2022-04-18 13:04:00,605,605,605,605,0
2022-04-18 13:05:00,605,605,605,605,0
2022-04-18 13:06:00,605,605,605,605,0
2022-04-18 13:07:00,605,605,605,605,0
2022-04-18 13:08:00,605,605,605,605,0
2022-04-18 13:09:00,605,605,605,605,0
2022-04-18 13:10:00,605,605,605,605,0
2022-04-18 13:11:00,605,605,605,605,0
2022-04-18 13:12:00,605,605,605,605,0
2022-04-18 13:13:00,605,605,605,605,0
2022-04-18 13:14:00,605,605,605,605,0
2022-04-18 13:15:00,605,605,605,605,0
2022-04-18 13:16:00,605,605,605,605,0
2022-04-18 13:17:00,605,605,605,605,0
2022-04-18 13:18:00,605,605,605,605,0
2022-04-18 13:19:00,605,605,605,605,0
2022-04-18 13:20:00,605,605,605,605,0
2022-04-18 13:21:00,605,605,605,605,0
2022-04-18 13:22:00,605,605,605,605,0
2022-04-18 13:23:00,605,605,605,605,0
2022-04-18 13:24:00,605,605,605,605,0
2022-04-18 13:25:00,605,605,605,605,0
2022-04-18 13:26:00,605,605,605,605,0
2022-04-18 13:27:00,605,605,605,605,0
2022-04-18 13:28:00,605,605,605,605,0
2022-04-18 13:29:00,605,605,605,605,0
2022-04-18 13:30:00,605,605,605,605,200
2022-04-18 13:31:00,605,605,605,605,0
2022-04-18 13:32:00,605,605,605,605,0
2022-04-18 13:33:00,605,605,605,605,0
2022-04-18 13:34:00,605,605,605,605,0
2022-04-18 13:35:00,605,605,605,605,0
2022-04-18 13:36:00,605,605,605,605,0
2022-04-18 13:37:00,605,605,605,605,0
2022-04-18 13:38:00,605,605,605,605,0
2022-04-18 13:39:00,605,605,605,605,800
2022-04-18 13:40:00,605,605,605,605,0
2022-04-18 13:41:00,605,605,605,605,0
2022-04-18 13:42:00,605,605,605,605,0
2022-04-18 13:43:00,605,605,605,605,0
2022-04-18 13:44:00,605,605,605,605,0
2022-04-18 13:45:00,600,600,605,605,5200
2022-04-18 13:46:00,600,600,605,605,0
2022-04-18 13:47:00,600,600,605,605,0
2022-04-18 13:48:00,600,600,605,605,0
2022-04-18 13:49:00,600,600,605,605,0
2022-04-18 13:50:00,600,600,605,605,0
2022-04-18 13:51:00,600,600,605,605,0
2022-04-18 13:52:00,600,600,605,605,0
2022-04-18 13:53:00,600,600,605,605,0
2022-04-18 13:54:00,600,600,605,605,0
2022-04-18 13:55:00,600,600,605,605,0
2022-04-18 13:56:00,600,600,605,605,0
2022-04-18 13:57:00,600,600,605,605,0
2022-04-18 13:58:00,600,600,605,605,0
2022-04-18 13:59:00,600,600,605,605,0
2022-04-18 14:00:00,600,600,605,605,0
2022-04-18 14:01:00,605,605,605,605,100
2022-04-18 14:02:00,605,605,605,605,0
2022-04-18 14:03:00,605,605,605,605,0
2022-04-18 14:04:00,605,605,605,605,0
2022-04-18 14:05:00,605,605,605,605,0
2022-04-18 14:06:00,605,605,605,605,0
2022-04-18 14:07:00,605,605,605,605,0
2022-04-18 14:08:00,605,605,605,605,0
2022-04-18 14:09:00,605,605,605,605,0
2022-04-18 14:10:00,605,605,605,605,0
2022-04-18 14:11:00,605,605,605,605,300
2022-04-18 14:12:00,605,605,605,605,0
2022-04-18 14:13:00,605,605,605,605,0
2022-04-18 14:14:00,605,605,605,605,0
2022-04-18 14:15:00,605,605,605,605,0
2022-04-18 14:16:00,605,605,605,605,0
2022-04-18 14:17:00,605,605,605,605,0
2022-04-18 14:18:00,605,605,605,605,0
2022-04-18 14:19:00,605,605,605,605,0
2022-04-18 14:20:00,605,605,605,605,0
2022-04-18 14:21:00,605,605,605,605,0
2022-04-18 14:22:00,605,605,605,605,0
2022-04-18 14:23:00,605,605,605,605,0
2022-04-18 14:24:00,605,605,605,605,0
2022-04-18 14:25:00,605,605,605,605,0
2022-04-18 14:26:00,605,605,605,605,0
2022-04-18 14:27:00,605,605,605,605,0
2022-04-18 14:28:00,605,605,605,605,0
2022-04-18 14:29:00,605,605,605,605,0
2022-04-18 14:30:00,605,605,605,605,0
2022-04-18 14:31:00,605,605,605,605,0
2022-04-18 14:32:00,605,605,605,605,0
2022-04-18 14:33:00,605,605,605,605,0
2022-04-18 14:34:00,605,605,605,605,100
2022-04-18 14:35:00,605,605,605,605,0
2022-04-18 14:36:00,605,605,605,605,0
2022-04-18 14:37:00,605,605,605,605,0
2022-04-18 14:38:00,605,605,605,605,0
2022-04-18 14:39:00,605,605,605,605,0
2022-04-18 14:40:00,605,605,605,605,0
2022-04-18 14:41:00,605,605,605,605,0
2022-04-18 14:42:00,605,605,605,605,0
2022-04-18 14:43:00,605,605,605,605,0
2022-04-18 14:44:00,605,605,605,605,1000
2022-04-18 14:45:00,605,605,605,605,0
2022-04-18 14:46:00,605,605,605,605,300
2022-04-18 14:47:00,605,605,605,605,0
2022-04-18 14:48:00,605,605,605,605,200
2022-04-18 14:49:00,605,605,605,605,400
2022-04-18 14:50:00,605,605,605,605,0
2022-04-18 14:51:00,605,605,605,605,0
2022-04-18 14:52:00,605,605,605,605,0
2022-04-18 14:53:00,605,605,605,605,0
2022-04-18 14:54:00,605,605,605,605,0
2022-04-18 14:55:00,605,605,605,605,0
2022-04-18 14:56:00,605,605,605,605,0
2022-04-18 14:57:00,605,605,605,605,0
2022-04-18 14:58:00,605,605,605,605,0
2022-04-18 14:59:00,605,605,605,605,0
2022-04-18 15:00:00,605,605,605,605,75000
2022-04-18 15:01:00,605,605,605,605,0
2022-04-18 15:02:00,605,605,605,605,0
2022-04-18 15:03:00,605,605,605,605,0
2022-04-18 15:04:00,605,605,605,605,0
2022-04-18 15:05:00,605,605,605,605,0
2022-04-18 15:06:00,605,605,605,605,0
2022-04-18 15:07:00,605,605,605,605,0
2022-04-18 15:08:00,605,605,605,605,0
2022-04-18 15:09:00,605,605,605,605,0
2022-04-18 15:10:00,605,605,605,605,0
2022-04-18 15:11:00,605,605,605,605,0
2022-04-18 15:12:00,605,605,605,605,0
2022-04-18 15:13:00,605,605,605,605,0
2022-04-18 15:14:00,605,605,605,605,0
2022-04-18 15:15:00,605,605,605,605,0
2022-04-18 15:16:00,605,605,605,605,0
2022-04-18 15:17:00,605,605,605,605,0
2022-04-18 15:18:00,605,605,605,605,0
2022-04-18 15:19:00,605,605,605,605,0
2022-04-18 15:20:00,605,605,605,605,0
2022-04-18 15:21:00,605,605,605,605,0
2022-04-18 15:22:00,605,605,605,605,0
2022-04-18 15:23:00,605,605,605,605,0
2022-04-18 15:24:00,605,605,605,605,0
2022-04-18 15:25:00,605,605,605,605,0
2022-04-18 15:26:00,605,605,605,605,0
2022-04-18 15:27:00,605,605,605,605,0
2022-04-18 15:28:00,605,605,605,605,0
2022-04-18 15:29:00,605,605,605,605,0
2022-04-18 15:30:00,605,605,605,605,0
2022-04-18 15:31:00,605,605,605,605,0
2022-04-18 15:32:00,605,605,605,605,0
2022-04-18 15:33:00,605,605,605,605,0
2022-04-18 15:34:00,605,605,605,605,0
2022-04-18 15:35:00,605,605,605,605,0
2022-04-18 15:36:00,605,605,605,605,0
2022-04-18 15:37:00,605,605,605,605,0
2022-04-18 15:38:00,605,605,605,605,0
2022-04-18 15:39:00,605,605,605,605,0
2022-04-18 15:40:00,605,605,605,605,0
2022-04-18 15:41:00,605,605,605,605,0
2022-04-18 15:42:00,605,605,605,605,0
2022-04-18 15:43:00,605,605,605,605,0
2022-04-18 15:44:00,605,605,605,605,0
2022-04-18 15:45:00,605,605,605,605,0
2022-04-18 15:46:00,605,605,605,605,0
2022-04-18 15:47:00,605,605,605,605,0
2022-04-18 15:48:00,605,605,605,605,0
2022-04-18 15:49:00,605,605,605,605,0
2022-04-18 15:50:00,605,605,605,605,0
2022-04-18 15:51:00,605,605,605,605,0
2022-04-18 15:52:00,605,605,605,605,0
2022-04-18 15:53:00,605,605,605,605,0
2022-04-18 15:54:00,605,605,605,605,0
2022-04-18 15:55:00,605,605,605,605,0
2022-04-18 15:56:00,605,605,605,605,0
2022-04-18 15:57:00,605,605,605,605,0
2022-04-18 15:58:00,605,605,605,605,0
2022-04-18 15:59:00,605,605,605,605,0
2022-04-19 09:00:00,605,605,605,605,0
2022-04-19 09:01:00,605,605,605,605,0
2022-04-19 09:02:00,600,600,605,605,0
2022-04-19 09:03:00,600,600,605,605,0
2022-04-19 09:04:00,600,600,605,605,0
2022-04-19 09:05:00,600,600,605,605,500
2022-04-19 09:06:00,600,600,605,605,0
2022-04-19 09:07:00,600,600,605,605,0
2022-04-19 09:08:00,600,600,605,605,0
2022-04-19 09:09:00,600,600,605,605,0
2022-04-19 09:10:00,600,600,605,605,0
2022-04-19 09:11:00,600,600,605,605,0
2022-04-19 09:12:00,600,600,605,605,0
2022-04-19 09:13:00,600,600,605,605,0
2022-04-19 09:14:00,600,600,605,605,0
2022-04-19 09:15:00,605,605,605,605,100
2022-04-19 09:16:00,605,605,605,605,0
2022-04-19 09:17:00,605,605,605,605,5000
2022-04-19 09:18:00,605,605,605,605,5000
2022-04-19 09:19:00,605,605,605,605,0
2022-04-19 09:20:00,605,605,605,605,0
2022-04-19 09:21:00,605,605,605,605,0
2022-04-19 09:22:00,605,605,605,605,0
2022-04-19 09:23:00,605,605,605,605,500
2022-04-19 09:24:00,605,605,605,605,0
2022-04-19 09:25:00,605,605,605,605,0
2022-04-19 09:26:00,605,605,605,605,0
2022-04-19 09:27:00,605,605,605,605,0
2022-04-19 09:28:00,605,605,605,605,0
2022-04-19 09:29:00,605,605,605,605,0
2022-04-19 09:30:00,605,605,605,605,0
2022-04-19 09:31:00,605,605,605,605,0
2022-04-19 09:32:00,605,605,605,605,0
2022-04-19 09:33:00,600,600,600,600,10000
2022-04-19 09:34:00,605,605,605,605,200
2022-04-19 09:35:00,605,605,605,605,0
2022-04-19 09:36:00,605,605,605,605,0
2022-04-19 09:37:00,605,605,605,605,0
2022-04-19 09:38:00,605,605,605,605,0
2022-04-19 09:39:00,605,605,605,605,0
2022-04-19 09:40:00,605,605,605,605,0
2022-04-19 09:41:00,605,605,605,605,0
2022-04-19 09:42:00,605,605,605,605,0
2022-04-19 09:43:00,605,605,605,605,0
2022-04-19 09:44:00,605,605,605,605,0
2022-04-19 09:45:00,605,605,605,605,0
2022-04-19 09:46:00,605,605,605,605,0
2022-04-19 09:47:00,605,605,605,605,0
2022-04-19 09:48:00,605,605,605,605,0
2022-04-19 09:49:00,605,605,605,605,0
2022-04-19 09:50:00,605,605,605,605,0
2022-04-19 09:51:00,605,605,605,605,0
2022-04-19 09:52:00,605,605,605,605,0
2022-04-19 09:53:00,605,605,605,605,0
2022-04-19 09:54:00,605,605,605,605,0
2022-04-19 09:55:00,605,605,605,605,0
2022-04-19 09:56:00,605,605,605,605,0
2022-04-19 09:57:00,605,605,605,605,0
2022-04-19 09:58:00,605,605,605,605,0
2022-04-19 09:59:00,605,605,605,605,0
2022-04-19 10:00:00,600,600,600,600,6400
2022-04-19 10:01:00,600,600,600,600,400
2022-04-19 10:02:00,600,600,600,600,1700
2022-04-19 10:03:00,600,600,600,600,300
2022-04-19 10:04:00,600,600,600,600,500
2022-04-19 10:05:00,600,600,600,600,0
2022-04-19 10:06:00,600,600,600,600,0
2022-04-19 10:07:00,600,600,600,600,5800
2022-04-19 10:08:00,600,600,605,605,5100
2022-04-19 10:09:00,600,600,605,605,0
2022-04-19 10:10:00,600,600,605,605,0
2022-04-19 10:11:00,600,600,605,605,0
2022-04-19 10:12:00,600,600,605,605,0
2022-04-19 10:13:00,600,600,600,600,300
2022-04-19 10:14:00,605,605,605,605,300
2022-04-19 10:15:00,605,605,605,605,0
2022-04-19 10:16:00,605,605,605,605,0
2022-04-19 10:17:00,605,605,605,605,0
2022-04-19 10:18:00,605,605,605,605,0
2022-04-19 10:19:00,605,605,605,605,0
2022-04-19 10:20:00,605,605,605,605,0
2022-04-19 10:21:00,605,605,605,605,0
2022-04-19 10:22:00,605,605,605,605,0
2022-04-19 10:23:00,605,605,605,605,0
2022-04-19 10:24:00,605,605,605,605,0
2022-04-19 10:25:00,605,605,605,605,0
2022-04-19 10:26:00,605,605,605,605,0
2022-04-19 10:27:00,605,605,605,605,0
2022-04-19 10:28:00,605,605,605,605,0
2022-04-19 10:29:00,605,605,605,605,0
2022-04-19 10:30:00,605,605,605,605,0
2022-04-19 10:31:00,605,605,605,605,0
2022-04-19 10:32:00,605,605,605,605,0
2022-04-19 10:33:00,605,605,605,605,0
2022-04-19 10:34:00,605,605,605,605,0
2022-04-19 10:35:00,605,605,605,605,0
2022-04-19 10:36:00,605,605,605,605,0
2022-04-19 10:37:00,605,605,605,605,0
2022-04-19 10:38:00,605,605,605,605,0
2022-04-19 10:39:00,605,605,605,605,0
2022-04-19 10:40:00,605,605,605,605,0
2022-04-19 10:41:00,605,605,605,605,0
2022-04-19 10:42:00,605,605,605,605,0
2022-04-19 10:43:00,605,605,605,605,300
2022-04-19 10:44:00,605,605,605,605,0
2022-04-19 10:45:00,605,605,605,605,0
2022-04-19 10:46:00,605,605,605,605,0
2022-04-19 10:47:00,605,605,605,605,0
2022-04-19 10:48:00,605,605,605,605,0
2022-04-19 10:49:00,605,605,605,605,0
2022-04-19 10:50:00,605,605,605,605,0
2022-04-19 10:51:00,605,605,605,605,0
2022-04-19 10:52:00,605,605,605,605,0
2022-04-19 10:53:00,600,595,600,600,2300
2022-04-19 10:54:00,600,595,600,600,0
2022-04-19 10:55:00,600,595,600,600,0
2022-04-19 10:56:00,600,600,600,600,2400
2022-04-19 10:57:00,600,600,600,600,0
2022-04-19 10:58:00,600,600,600,600,300
2022-04-19 10:59:00,600,600,600,600,0
2022-04-19 11:00:00,595,595,595,595,100
2022-04-19 11:01:00,600,600,600,600,300
2022-04-19 11:02:00,600,600,600,600,0
2022-04-19 11:03:00,600,600,600,600,2400
2022-04-19 11:04:00,600,600,600,600,3700
2022-04-19 11:05:00,600,600,605,605,300
2022-04-19 11:06:00,605,605,605,605,10200
2022-04-19 11:07:00,605,605,605,605,0
2022-04-19 11:08:00,605,605,605,605,0
2022-04-19 11:09:00,605,605,605,605,0
2022-04-19 11:10:00,605,605,605,605,0
2022-04-19 11:11:00,605,605,605,605,0
2022-04-19 11:12:00,605,605,605,605,0
2022-04-19 11:13:00,605,605,605,605,0
2022-04-19 11:14:00,605,605,605,605,0
2022-04-19 11:15:00,605,605,605,605,0
2022-04-19 11:16:00,605,605,605,605,0
2022-04-19 11:17:00,605,605,605,605,0
2022-04-19 11:18:00,605,605,605,605,0
2022-04-19 11:19:00,600,600,600,600,300
2022-04-19 11:20:00,600,600,600,600,0
2022-04-19 11:21:00,605,605,605,605,300
2022-04-19 11:22:00,605,605,605,605,0
2022-04-19 11:23:00,605,605,605,605,0
2022-04-19 11:24:00,605,605,605,605,0
2022-04-19 11:25:00,605,605,605,605,0
2022-04-19 11:26:00,605,605,605,605,0
2022-04-19 11:27:00,605,605,605,605,300
2022-04-19 11:28:00,605,605,605,605,0
2022-04-19 11:29:00,605,605,605,605,400
2022-04-19 11:30:00,605,605,605,605,0
2022-04-19 11:31:00,605,605,605,605,0
2022-04-19 11:32:00,605,605,605,605,0
2022-04-19 11:33:00,605,605,605,605,0
2022-04-19 11:34:00,605,605,605,605,0
2022-04-19 11:35:00,605,605,605,605,0
2022-04-19 11:36:00,605,605,605,605,0
2022-04-19 11:37:00,605,605,605,605,0
2022-04-19 11:38:00,605,605,605,605,0
2022-04-19 11:39:00,605,605,605,605,0
2022-04-19 11:40:00,605,605,605,605,0
2022-04-19 11:41:00,605,605,605,605,0
2022-04-19 11:42:00,605,605,605,605,0
2022-04-19 11:43:00,605,605,605,605,0
2022-04-19 11:44:00,605,605,605,605,0
2022-04-19 11:45:00,605,605,605,605,0
2022-04-19 11:46:00,605,605,605,605,0
2022-04-19 11:47:00,605,605,605,605,0
2022-04-19 11:48:00,605,605,605,605,0
2022-04-19 11:49:00,605,605,605,605,0
2022-04-19 11:50:00,605,605,605,605,0
2022-04-19 11:51:00,605,605,605,605,0
2022-04-19 11:52:00,605,605,605,605,0
2022-04-19 11:53:00,605,605,605,605,0
2022-04-19 11:54:00,605,605,605,605,0
2022-04-19 11:55:00,605,605,605,605,0
2022-04-19 11:56:00,605,605,605,605,0
2022-04-19 11:57:00,605,605,605,605,0
2022-04-19 11:58:00,605,605,605,605,0
2022-04-19 11:59:00,605,605,605,605,0
2022-04-19 12:00:00,605,605,605,605,0
2022-04-19 12:01:00,605,605,605,605,0
2022-04-19 12:02:00,605,605,605,605,0
2022-04-19 12:03:00,605,605,605,605,0
2022-04-19 12:04:00,605,605,605,605,0
2022-04-19 12:05:00,605,605,605,605,0
2022-04-19 12:06:00,605,605,605,605,0
2022-04-19 12:07:00,605,605,605,605,0
2022-04-19 12:08:00,605,605,605,605,0
2022-04-19 12:09:00,605,605,605,605,0
2022-04-19 12:10:00,605,605,605,605,0
2022-04-19 12:11:00,605,605,605,605,0
2022-04-19 12:12:00,605,605,605,605,0
2022-04-19 12:13:00,605,605,605,605,0
2022-04-19 12:14:00,605,605,605,605,0
2022-04-19 12:15:00,605,605,605,605,0
2022-04-19 12:16:00,605,605,605,605,0
2022-04-19 12:17:00,605,605,605,605,0
2022-04-19 12:18:00,605,605,605,605,0
2022-04-19 12:19:00,605,605,605,605,0
2022-04-19 12:20:00,605,605,605,605,0
2022-04-19 12:21:00,605,605,605,605,0
2022-04-19 12:22:00,605,605,605,605,0
2022-04-19 12:23:00,605,605,605,605,0
2022-04-19 12:24:00,605,605,605,605,0
2022-04-19 12:25:00,605,605,605,605,0
2022-04-19 12:26:00,605,605,605,605,0
2022-04-19 12:27:00,605,605,605,605,0
2022-04-19 12:28:00,605,605,605,605,0
2022-04-19 12:29:00,605,605,605,605,0
2022-04-19 12:30:00,605,605,605,605,0
2022-04-19 12:31:00,605,605,605,605,0
2022-04-19 12:32:00,605,605,605,605,0
2022-04-19 12:33:00,605,605,605,605,0
2022-04-19 12:34:00,605,605,605,605,0
2022-04-19 12:35:00,605,605,605,605,0
2022-04-19 12:36:00,605,605,605,605,0
2022-04-19 12:37:00,605,605,605,605,0
2022-04-19 12:38:00,605,605,605,605,0
2022-04-19 12:39:00,605,605,605,605,0
2022-04-19 12:40:00,605,605,605,605,0
2022-04-19 12:41:00,605,605,605,605,0
2022-04-19 12:42:00,605,605,605,605,0
2022-04-19 12:43:00,605,605,605,605,0
2022-04-19 12:44:00,605,605,605,605,0
2022-04-19 12:45:00,605,605,605,605,0
2022-04-19 12:46:00,605,605,605,605,0
2022-04-19 12:47:00,605,605,605,605,0
2022-04-19 12:48:00,605,605,605,605,0
2022-04-19 12:49:00,605,605,605,605,0
2022-04-19 12:50:00,605,605,605,605,0
2022-04-19 12:51:00,605,605,605,605,0
2022-04-19 12:52:00,605,605,605,605,0
2022-04-19 12:53:00,605,605,605,605,0
2022-04-19 12:54:00,605,605,605,605,0
2022-04-19 12:55:00,605,605,605,605,0
2022-04-19 12:56:00,605,605,605,605,0
2022-04-19 12:57:00,605,605,605,605,0
2022-04-19 12:58:00,605,605,605,605,0
2022-04-19 12:59:00,605,605,605,605,0
2022-04-19 13:00:00,605,605,605,605,0
2022-04-19 13:01:00,605,605,605,605,0
2022-04-19 13:02:00,605,605,605,605,0
2022-04-19 13:03:00,605,605,605,605,0
2022-04-19 13:04:00,605,605,605,605,0
2022-04-19 13:05:00,605,605,605,605,0
2022-04-19 13:06:00,605,605,605,605,0
2022-04-19 13:07:00,605,605,605,605,0
2022-04-19 13:08:00,605,605,605,605,0
2022-04-19 13:09:00,605,605,605,605,0
2022-04-19 13:10:00,605,605,605,605,0
2022-04-19 13:11:00,605,605,605,605,0
2022-04-19 13:12:00,605,605,605,605,0
2022-04-19 13:13:00,605,605,605,605,0
2022-04-19 13:14:00,605,605,605,605,0
2022-04-19 13:15:00,605,605,605,605,0
2022-04-19 13:16:00,605,605,605,605,0
2022-04-19 13:17:00,605,605,605,605,0
2022-04-19 13:18:00,605,605,605,605,0
2022-04-19 13:19:00,605,605,605,605,0
2022-04-19 13:20:00,605,605,605,605,0
2022-04-19 13:21:00,605,605,605,605,0
2022-04-19 13:22:00,605,605,605,605,0
2022-04-19 13:23:00,605,605,605,605,0
2022-04-19 13:24:00,605,605,605,605,0
2022-04-19 13:25:00,605,605,605,605,0
2022-04-19 13:26:00,605,605,605,605,0
2022-04-19 13:27:00,605,605,605,605,0
2022-04-19 13:28:00,605,605,605,605,0
2022-04-19 13:29:00,605,605,605,605,0
2022-04-19 13:30:00,600,600,600,600,400
2022-04-19 13:31:00,600,600,600,600,0
2022-04-19 13:32:00,600,600,600,600,2000
2022-04-19 13:33:00,600,600,600,600,1600
2022-04-19 13:34:00,600,600,600,600,0
2022-04-19 13:35:00,600,600,600,600,300
2022-04-19 13:36:00,600,600,600,600,0
2022-04-19 13:37:00,600,600,600,600,0
2022-04-19 13:38:00,600,600,600,600,1500
2022-04-19 13:39:00,600,600,600,600,0
2022-04-19 13:40:00,600,600,600,600,200
2022-04-19 13:41:00,600,600,600,600,0
2022-04-19 13:42:00,600,600,600,600,0
2022-04-19 13:43:00,600,600,600,600,0
2022-04-19 13:44:00,600,600,600,600,0
2022-04-19 13:45:00,600,600,600,600,300
2022-04-19 13:46:00,600,600,600,600,0
2022-04-19 13:47:00,600,600,600,600,0
2022-04-19 13:48:00,600,600,600,600,0
2022-04-19 13:49:00,600,600,600,600,0
2022-04-19 13:50:00,600,600,600,600,0
2022-04-19 13:51:00,600,600,600,600,0
2022-04-19 13:52:00,600,600,600,600,500
2022-04-19 13:53:00,600,600,600,600,0
2022-04-19 13:54:00,600,600,600,600,0
2022-04-19 13:55:00,600,600,600,600,200
2022-04-19 13:56:00,600,600,600,600,0
2022-04-19 13:57:00,600,600,600,600,0
2022-04-19 13:58:00,600,600,600,600,0
2022-04-19 13:59:00,600,600,600,600,0
2022-04-19 14:00:00,600,600,600,600,0
2022-04-19 14:01:00,600,600,600,600,300
2022-04-19 14:02:00,600,600,600,600,0
2022-04-19 14:03:00,600,600,600,600,0
2022-04-19 14:04:00,595,595,595,595,5000
2022-04-19 14:05:00,600,600,600,600,300
2022-04-19 14:06:00,600,600,600,600,0
2022-04-19 14:07:00,600,600,600,600,0
2022-04-19 14:08:00,600,600,600,600,0
2022-04-19 14:09:00,600,600,600,600,0
2022-04-19 14:10:00,600,600,600,600,300
2022-04-19 14:11:00,600,600,600,600,0
2022-04-19 14:12:00,595,595,595,595,1000
2022-04-19 14:13:00,600,600,600,600,300
2022-04-19 14:14:00,600,600,600,600,0
2022-04-19 14:15:00,600,600,600,600,0
2022-04-19 14:16:00,600,600,600,600,0
2022-04-19 14:17:00,600,600,600,600,0
2022-04-19 14:18:00,600,600,600,600,0
2022-04-19 14:19:00,600,600,600,600,0
2022-04-19 14:20:00,600,600,600,600,5200
2022-04-19 14:21:00,600,600,600,600,0
2022-04-19 14:22:00,600,600,600,600,0
2022-04-19 14:23:00,600,600,600,600,0
2022-04-19 14:24:00,600,600,600,600,0
2022-04-19 14:25:00,600,600,600,600,0
2022-04-19 14:26:00,600,600,600,600,0
2022-04-19 14:27:00,600,600,600,600,1700
2022-04-19 14:28:00,600,600,600,600,0
2022-04-19 14:29:00,600,600,600,600,0
2022-04-19 14:30:00,600,600,600,600,0
2022-04-19 14:31:00,600,600,600,600,0
2022-04-19 14:32:00,600,600,600,600,0
2022-04-19 14:33:00,600,600,600,600,0
2022-04-19 14:34:00,600,600,600,600,0
2022-04-19 14:35:00,600,600,600,600,300
2022-04-19 14:36:00,600,600,600,600,0
2022-04-19 14:37:00,600,600,600,600,700
2022-04-19 14:38:00,600,600,600,600,0
2022-04-19 14:39:00,600,600,600,600,0
2022-04-19 14:40:00,600,600,600,600,0
2022-04-19 14:41:00,600,600,600,600,0
2022-04-19 14:42:00,600,600,600,600,1000
2022-04-19 14:43:00,600,600,600,600,0
2022-04-19 14:44:00,600,600,600,600,0
2022-04-19 14:45:00,600,600,600,600,0
2022-04-19 14:46:00,600,600,600,600,0
2022-04-19 14:47:00,600,600,600,600,200
2022-04-19 14:48:00,600,600,600,600,3500
2022-04-19 14:49:00,600,600,605,605,50600
2022-04-19 14:50:00,605,605,605,605,200
2022-04-19 14:51:00,605,605,605,605,0
2022-04-19 14:52:00,605,605,605,605,0
2022-04-19 14:53:00,605,605,605,605,0
2022-04-19 14:54:00,605,605,605,605,0
2022-04-19 14:55:00,605,605,605,605,0
2022-04-19 14:56:00,605,605,605,605,0
2022-04-19 14:57:00,605,605,605,605,0
2022-04-19 14:58:00,605,605,605,605,0
2022-04-19 14:59:00,605,605,605,605,0
2022-04-19 15:00:00,600,600,600,600,62800
2022-04-19 15:01:00,600,600,600,600,0
2022-04-19 15:02:00,600,600,600,600,0
2022-04-19 15:03:00,600,600,600,600,0
2022-04-19 15:04:00,600,600,600,600,0
2022-04-19 15:05:00,600,600,600,600,0
2022-04-19 15:06:00,600,600,600,600,0
2022-04-19 15:07:00,600,600,600,600,0
2022-04-19 15:08:00,600,600,600,600,200
2022-04-19 15:09:00,600,600,600,600,0
2022-04-19 15:10:00,600,600,600,600,0
2022-04-19 15:11:00,600,600,600,600,0
2022-04-19 15:12:00,600,600,600,600,0
2022-04-19 15:13:00,600,600,600,600,0
2022-04-19 15:14:00,600,600,600,600,0
2022-04-19 15:15:00,600,600,600,600,0
2022-04-19 15:16:00,600,600,600,600,0
2022-04-19 15:17:00,600,600,600,600,0
2022-04-19 15:18:00,600,600,600,600,0
2022-04-19 15:19:00,600,600,600,600,0
2022-04-19 15:20:00,600,600,600,600,0
2022-04-19 15:21:00,600,600,600,600,0
2022-04-19 15:22:00,600,600,600,600,0
2022-04-19 15:23:00,600,600,600,600,0
2022-04-19 15:24:00,600,600,600,600,0
2022-04-19 15:25:00,600,600,600,600,0
2022-04-19 15:26:00,600,600,600,600,0
2022-04-19 15:27:00,600,600,600,600,0
2022-04-19 15:28:00,600,600,600,600,0
2022-04-19 15:29:00,600,600,600,600,0
2022-04-19 15:30:00,600,600,600,600,0
2022-04-19 15:31:00,600,600,600,600,0
2022-04-19 15:32:00,600,600,600,600,0
2022-04-19 15:33:00,600,600,600,600,0
2022-04-19 15:34:00,600,600,600,600,0
2022-04-19 15:35:00,600,600,600,600,0
2022-04-19 15:36:00,600,600,600,600,0
2022-04-19 15:37:00,600,600,600,600,0
2022-04-19 15:38:00,600,600,600,600,0
2022-04-19 15:39:00,600,600,600,600,0
2022-04-19 15:40:00,600,600,600,600,0
2022-04-19 15:41:00,600,600,600,600,0
2022-04-19 15:42:00,600,600,600,600,0
2022-04-19 15:43:00,600,600,600,600,0
2022-04-19 15:44:00,600,600,600,600,0
2022-04-19 15:45:00,600,600,600,600,0
2022-04-19 15:46:00,600,600,600,600,0
2022-04-19 15:47:00,600,600,600,600,0
2022-04-19 15:48:00,600,600,600,600,0
2022-04-19 15:49:00,600,600,600,600,0
2022-04-19 15:50:00,600,600,600,600,0
2022-04-19 15:51:00,600,600,600,600,0
2022-04-19 15:52:00,600,600,600,600,0
2022-04-19 15:53:00,600,600,600,600,0
2022-04-19 15:54:00,600,600,600,600,0
2022-04-19 15:55:00,600,600,600,600,0
2022-04-19 15:56:00,600,600,600,600,0
2022-04-19 15:57:00,600,600,600,600,0
2022-04-19 15:58:00,600,600,600,600,0
2022-04-19 15:59:00,600,600,600,600,0
2022-04-20 09:00:00,605,600,605,600,0
2022-04-20 09:01:00,605,600,605,600,0
2022-04-20 09:02:00,605,605,605,605,3100
2022-04-20 09:03:00,605,605,605,605,1100
2022-04-20 09:04:00,605,605,605,605,0
2022-04-20 09:05:00,605,605,605,605,0
2022-04-20 09:06:00,605,605,605,605,0
2022-04-20 09:07:00,605,605,605,605,0
2022-04-20 09:08:00,605,605,605,605,0
2022-04-20 09:09:00,605,605,605,605,43000
2022-04-20 09:10:00,605,605,605,605,0
2022-04-20 09:11:00,605,605,605,605,0
2022-04-20 09:12:00,605,605,605,605,500
2022-04-20 09:13:00,605,605,605,605,0
2022-04-20 09:14:00,605,605,605,605,0
2022-04-20 09:15:00,605,605,605,605,0
2022-04-20 09:16:00,605,605,605,605,0
2022-04-20 09:17:00,605,605,605,605,0
2022-04-20 09:18:00,605,605,605,605,300
2022-04-20 09:19:00,605,605,605,605,2000
2022-04-20 09:20:00,605,605,605,605,0
2022-04-20 09:21:00,605,605,605,605,0
2022-04-20 09:22:00,605,605,605,605,0
2022-04-20 09:23:00,605,605,605,605,0
2022-04-20 09:24:00,605,605,605,605,0
2022-04-20 09:25:00,600,600,605,605,1500
2022-04-20 09:26:00,600,600,605,605,0
2022-04-20 09:27:00,600,600,605,605,0
2022-04-20 09:28:00,600,600,605,605,0
2022-04-20 09:29:00,600,600,605,605,800
2022-04-20 09:30:00,600,600,605,605,0
2022-04-20 09:31:00,600,600,605,605,0
2022-04-20 09:32:00,600,600,605,605,0
2022-04-20 09:33:00,600,600,605,605,0
2022-04-20 09:34:00,600,600,605,605,0
2022-04-20 09:35:00,600,600,605,605,0
2022-04-20 09:36:00,600,600,605,605,3300
2022-04-20 09:37:00,600,600,605,605,0
2022-04-20 09:38:00,600,600,605,605,0
2022-04-20 09:39:00,600,600,605,605,0
2022-04-20 09:40:00,600,600,600,600,100
2022-04-20 09:41:00,605,605,605,605,200
2022-04-20 09:42:00,605,605,605,605,0
2022-04-20 09:43:00,605,605,605,605,0
2022-04-20 09:44:00,605,605,605,605,0
2022-04-20 09:45:00,605,605,605,605,0
2022-04-20 09:46:00,600,600,600,600,1500
2022-04-20 09:47:00,600,600,605,600,6800
2022-04-20 09:48:00,605,605,605,605,300
2022-04-20 09:49:00,605,605,605,605,0
2022-04-20 09:50:00,605,605,605,605,0
2022-04-20 09:51:00,605,605,605,605,0
2022-04-20 09:52:00,605,605,605,605,0
2022-04-20 09:53:00,605,605,605,605,0
2022-04-20 09:54:00,605,605,605,605,0
2022-04-20 09:55:00,605,605,605,605,0
2022-04-20 09:56:00,605,605,605,605,0
2022-04-20 09:57:00,605,605,605,605,0
2022-04-20 09:58:00,600,600,600,600,2000
2022-04-20 09:59:00,600,600,600,600,0
2022-04-20 10:00:00,605,605,605,605,200
2022-04-20 10:01:00,605,605,605,605,0
2022-04-20 10:02:00,605,605,605,605,0
2022-04-20 10:03:00,605,605,605,605,0
2022-04-20 10:04:00,605,605,605,605,5000
2022-04-20 10:05:00,605,605,605,605,0
2022-04-20 10:06:00,605,605,605,605,0
2022-04-20 10:07:00,605,605,605,605,0
2022-04-20 10:08:00,605,605,605,605,0
2022-04-20 10:09:00,600,600,600,600,500
2022-04-20 10:10:00,600,600,600,600,0
2022-04-20 10:11:00,605,605,605,605,200
2022-04-20 10:12:00,605,605,605,605,0
2022-04-20 10:13:00,605,605,605,605,0
2022-04-20 10:14:00,605,605,605,605,0
2022-04-20 10:15:00,605,605,605,605,0
2022-04-20 10:16:00,605,605,605,605,0
2022-04-20 10:17:00,605,605,605,605,0
2022-04-20 10:18:00,605,605,605,605,0
2022-04-20 10:19:00,605,605,605,605,0
2022-04-20 10:20:00,605,605,605,605,0
2022-04-20 10:21:00,605,605,605,605,0
2022-04-20 10:22:00,605,605,605,605,0
2022-04-20 10:23:00,605,605,605,605,0
2022-04-20 10:24:00,600,600,600,600,100
2022-04-20 10:25:00,605,605,605,605,300
2022-04-20 10:26:00,605,605,605,605,0
2022-04-20 10:27:00,600,600,605,605,21100
2022-04-20 10:28:00,605,605,605,605,300
2022-04-20 10:29:00,605,605,605,605,0
2022-04-20 10:30:00,605,605,605,605,0
2022-04-20 10:31:00,605,605,605,605,0
2022-04-20 10:32:00,605,605,605,605,0
2022-04-20 10:33:00,605,605,605,605,0
2022-04-20 10:34:00,605,605,605,605,0
2022-04-20 10:35:00,605,605,605,605,0
2022-04-20 10:36:00,605,605,605,605,0
2022-04-20 10:37:00,605,605,605,605,0
2022-04-20 10:38:00,605,605,605,605,0
2022-04-20 10:39:00,605,605,605,605,0
2022-04-20 10:40:00,605,605,605,605,0
2022-04-20 10:41:00,605,605,605,605,0
2022-04-20 10:42:00,605,605,605,605,0
2022-04-20 10:43:00,605,605,605,605,0
2022-04-20 10:44:00,605,605,605,605,0
2022-04-20 10:45:00,605,605,605,605,0
2022-04-20 10:46:00,605,605,605,605,0
2022-04-20 10:47:00,605,605,605,605,0
2022-04-20 10:48:00,605,605,605,605,0
2022-04-20 10:49:00,605,605,605,605,0
2022-04-20 10:50:00,605,605,605,605,0
2022-04-20 10:51:00,605,605,605,605,0
2022-04-20 10:52:00,600,600,605,605,600
2022-04-20 10:53:00,605,605,605,605,200
2022-04-20 10:54:00,605,605,605,605,0
2022-04-20 10:55:00,605,605,605,605,0
2022-04-20 10:56:00,605,605,605,605,0
2022-04-20 10:57:00,605,605,605,605,0
2022-04-20 10:58:00,605,605,605,605,0
2022-04-20 10:59:00,605,605,605,605,0
2022-04-20 11:00:00,605,605,605,605,0
2022-04-20 11:01:00,605,605,605,605,0
2022-04-20 11:02:00,605,605,605,605,0
2022-04-20 11:03:00,605,605,605,605,0
2022-04-20 11:04:00,605,605,605,605,0
2022-04-20 11:05:00,605,605,605,605,0
2022-04-20 11:06:00,605,605,605,605,0
2022-04-20 11:07:00,605,605,605,605,0
2022-04-20 11:08:00,605,605,605,605,0
2022-04-20 11:09:00,605,605,605,605,0
2022-04-20 11:10:00,605,605,605,605,0
2022-04-20 11:11:00,605,605,605,605,0
2022-04-20 11:12:00,605,605,605,605,0
2022-04-20 11:13:00,605,605,605,605,0
2022-04-20 11:14:00,605,605,605,605,300
2022-04-20 11:15:00,605,605,605,605,0
2022-04-20 11:16:00,605,605,605,605,0
2022-04-20 11:17:00,605,605,605,605,200
2022-04-20 11:18:00,605,605,605,605,0
2022-04-20 11:19:00,605,605,605,605,0
2022-04-20 11:20:00,605,605,605,605,0
2022-04-20 11:21:00,605,605,605,605,0
2022-04-20 11:22:00,605,605,605,605,0
2022-04-20 11:23:00,605,605,605,605,0
2022-04-20 11:24:00,605,605,605,605,0
2022-04-20 11:25:00,605,605,605,605,0
2022-04-20 11:26:00,605,605,605,605,0
2022-04-20 11:27:00,605,605,605,605,0
2022-04-20 11:28:00,605,605,605,605,0
2022-04-20 11:29:00,605,605,605,605,0
2022-04-20 11:30:00,605,605,605,605,0
2022-04-20 11:31:00,605,605,605,605,0
2022-04-20 11:32:00,605,605,605,605,0
2022-04-20 11:33:00,605,605,605,605,0
2022-04-20 11:34:00,605,605,605,605,0
2022-04-20 11:35:00,605,605,605,605,0
2022-04-20 11:36:00,605,605,605,605,0
2022-04-20 11:37:00,605,605,605,605,0
2022-04-20 11:38:00,605,605,605,605,0
2022-04-20 11:39:00,605,605,605,605,0
2022-04-20 11:40:00,605,605,605,605,0
2022-04-20 11:41:00,605,605,605,605,0
2022-04-20 11:42:00,605,605,605,605,0
2022-04-20 11:43:00,605,605,605,605,0
2022-04-20 11:44:00,605,605,605,605,0
2022-04-20 11:45:00,605,605,605,605,0
2022-04-20 11:46:00,605,605,605,605,0
2022-04-20 11:47:00,605,605,605,605,0
2022-04-20 11:48:00,605,605,605,605,0
2022-04-20 11:49:00,605,605,605,605,0
2022-04-20 11:50:00,605,605,605,605,0
2022-04-20 11:51:00,605,605,605,605,0
2022-04-20 11:52:00,605,605,605,605,0
2022-04-20 11:53:00,605,605,605,605,0
2022-04-20 11:54:00,605,605,605,605,0
2022-04-20 11:55:00,605,605,605,605,0
2022-04-20 11:56:00,605,605,605,605,0
2022-04-20 11:57:00,605,605,605,605,0
2022-04-20 11:58:00,605,605,605,605,0
2022-04-20 11:59:00,605,605,605,605,0
2022-04-20 12:00:00,605,605,605,605,0
2022-04-20 12:01:00,605,605,605,605,0
2022-04-20 12:02:00,605,605,605,605,0
2022-04-20 12:03:00,605,605,605,605,0
2022-04-20 12:04:00,605,605,605,605,0
2022-04-20 12:05:00,605,605,605,605,0
2022-04-20 12:06:00,605,605,605,605,0
2022-04-20 12:07:00,605,605,605,605,0
2022-04-20 12:08:00,605,605,605,605,0
2022-04-20 12:09:00,605,605,605,605,0
2022-04-20 12:10:00,605,605,605,605,0
2022-04-20 12:11:00,605,605,605,605,0
2022-04-20 12:12:00,605,605,605,605,0
2022-04-20 12:13:00,605,605,605,605,0
2022-04-20 12:14:00,605,605,605,605,0
2022-04-20 12:15:00,605,605,605,605,0
2022-04-20 12:16:00,605,605,605,605,0
2022-04-20 12:17:00,605,605,605,605,0
2022-04-20 12:18:00,605,605,605,605,0
2022-04-20 12:19:00,605,605,605,605,0
2022-04-20 12:20:00,605,605,605,605,0
2022-04-20 12:21:00,605,605,605,605,0
2022-04-20 12:22:00,605,605,605,605,0
2022-04-20 12:23:00,605,605,605,605,0
2022-04-20 12:24:00,605,605,605,605,0
2022-04-20 12:25:00,605,605,605,605,0
2022-04-20 12:26:00,605,605,605,605,0
2022-04-20 12:27:00,605,605,605,605,0
2022-04-20 12:28:00,605,605,605,605,0
2022-04-20 12:29:00,605,605,605,605,0
2022-04-20 12:30:00,605,605,605,605,0
2022-04-20 12:31:00,605,605,605,605,0
2022-04-20 12:32:00,605,605,605,605,0
2022-04-20 12:33:00,605,605,605,605,0
2022-04-20 12:34:00,605,605,605,605,0
2022-04-20 12:35:00,605,605,605,605,0
2022-04-20 12:36:00,605,605,605,605,0
2022-04-20 12:37:00,605,605,605,605,0
2022-04-20 12:38:00,605,605,605,605,0
2022-04-20 12:39:00,605,605,605,605,0
2022-04-20 12:40:00,605,605,605,605,0
2022-04-20 12:41:00,605,605,605,605,0
2022-04-20 12:42:00,605,605,605,605,0
2022-04-20 12:43:00,605,605,605,605,0
2022-04-20 12:44:00,605,605,605,605,0
2022-04-20 12:45:00,605,605,605,605,0
2022-04-20 12:46:00,605,605,605,605,0
2022-04-20 12:47:00,605,605,605,605,0
2022-04-20 12:48:00,605,605,605,605,0
2022-04-20 12:49:00,605,605,605,605,0
2022-04-20 12:50:00,605,605,605,605,0
2022-04-20 12:51:00,605,605,605,605,0
2022-04-20 12:52:00,605,605,605,605,0
2022-04-20 12:53:00,605,605,605,605,0
2022-04-20 12:54:00,605,605,605,605,0
2022-04-20 12:55:00,605,605,605,605,0
2022-04-20 12:56:00,605,605,605,605,0
2022-04-20 12:57:00,605,605,605,605,0
2022-04-20 12:58:00,605,605,605,605,0
2022-04-20 12:59:00,605,605,605,605,0
2022-04-20 13:00:00,605,605,605,605,0
2022-04-20 13:01:00,605,605,605,605,0
2022-04-20 13:02:00,605,605,605,605,0
2022-04-20 13:03:00,605,605,605,605,0
2022-04-20 13:04:00,605,605,605,605,0
2022-04-20 13:05:00,605,605,605,605,0
2022-04-20 13:06:00,605,605,605,605,0
2022-04-20 13:07:00,605,605,605,605,0
2022-04-20 13:08:00,605,605,605,605,0
2022-04-20 13:09:00,605,605,605,605,0
2022-04-20 13:10:00,605,605,605,605,0
2022-04-20 13:11:00,605,605,605,605,0
2022-04-20 13:12:00,605,605,605,605,0
2022-04-20 13:13:00,605,605,605,605,0
2022-04-20 13:14:00,605,605,605,605,0
2022-04-20 13:15:00,605,605,605,605,0
2022-04-20 13:16:00,605,605,605,605,0
2022-04-20 13:17:00,605,605,605,605,0
2022-04-20 13:18:00,605,605,605,605,0
2022-04-20 13:19:00,605,605,605,605,0
2022-04-20 13:20:00,605,605,605,605,0
2022-04-20 13:21:00,605,605,605,605,0
2022-04-20 13:22:00,605,605,605,605,0
2022-04-20 13:23:00,605,605,605,605,0
2022-04-20 13:24:00,605,605,605,605,0
2022-04-20 13:25:00,605,605,605,605,0
2022-04-20 13:26:00,605,605,605,605,0
2022-04-20 13:27:00,605,605,605,605,0
2022-04-20 13:28:00,605,605,605,605,0
2022-04-20 13:29:00,605,605,605,605,0
2022-04-20 13:30:00,605,605,605,605,1000
2022-04-20 13:31:00,605,605,605,605,0
2022-04-20 13:32:00,605,605,605,605,0
2022-04-20 13:33:00,605,605,605,605,0
2022-04-20 13:34:00,605,605,605,605,0
2022-04-20 13:35:00,605,605,605,605,0
2022-04-20 13:36:00,605,605,605,605,0
2022-04-20 13:37:00,605,605,605,605,0
2022-04-20 13:38:00,605,605,605,605,0
2022-04-20 13:39:00,605,605,605,605,0
2022-04-20 13:40:00,605,605,605,605,0
2022-04-20 13:41:00,605,605,605,605,0
2022-04-20 13:42:00,605,605,605,605,0
2022-04-20 13:43:00,605,605,605,605,0
2022-04-20 13:44:00,605,605,605,605,0
2022-04-20 13:45:00,605,605,605,605,0
2022-04-20 13:46:00,600,600,600,600,1200
2022-04-20 13:47:00,595,595,600,600,10300
2022-04-20 13:48:00,595,595,600,600,0
2022-04-20 13:49:00,595,595,600,600,0
2022-04-20 13:50:00,595,595,600,600,0
2022-04-20 13:51:00,595,595,600,600,0
2022-04-20 13:52:00,595,595,600,600,0
2022-04-20 13:53:00,600,600,600,600,2000
2022-04-20 13:54:00,600,600,600,600,0
2022-04-20 13:55:00,600,600,600,600,1000
2022-04-20 13:56:00,600,600,600,600,0
2022-04-20 13:57:00,600,600,600,600,0
2022-04-20 13:58:00,600,600,600,600,0
2022-04-20 13:59:00,600,600,600,600,0
2022-04-20 14:00:00,600,600,600,600,0
2022-04-20 14:01:00,600,600,600,600,0
2022-04-20 14:02:00,600,600,600,600,0
2022-04-20 14:03:00,600,600,600,600,0
2022-04-20 14:04:00,600,600,600,600,0
2022-04-20 14:05:00,600,600,600,600,0
2022-04-20 14:06:00,600,600,600,600,0
2022-04-20 14:07:00,600,600,600,600,0
2022-04-20 14:08:00,600,600,600,600,0
2022-04-20 14:09:00,600,600,600,600,0
2022-04-20 14:10:00,600,600,600,600,0
2022-04-20 14:11:00,600,600,600,600,0
2022-04-20 14:12:00,600,600,600,600,0
2022-04-20 14:13:00,600,600,600,600,0
2022-04-20 14:14:00,595,595,600,600,10300
2022-04-20 14:15:00,595,595,600,600,0
2022-04-20 14:16:00,595,595,600,600,0
2022-04-20 14:17:00,595,595,600,600,0
2022-04-20 14:18:00,595,595,600,600,0
2022-04-20 14:19:00,595,595,600,600,0
2022-04-20 14:20:00,595,595,600,600,0
2022-04-20 14:21:00,595,595,600,600,0
2022-04-20 14:22:00,595,595,600,600,0
2022-04-20 14:23:00,600,600,600,600,700
2022-04-20 14:24:00,600,600,600,600,0
2022-04-20 14:25:00,600,600,600,600,0
2022-04-20 14:26:00,600,600,600,600,0
2022-04-20 14:27:00,600,600,600,600,0
2022-04-20 14:28:00,595,595,595,595,1400
2022-04-20 14:29:00,600,600,600,600,200
2022-04-20 14:30:00,600,600,600,600,200
2022-04-20 14:31:00,600,600,600,600,0
2022-04-20 14:32:00,595,595,595,595,800
2022-04-20 14:33:00,595,595,595,595,4000
2022-04-20 14:34:00,595,595,600,600,8600
2022-04-20 14:35:00,600,600,600,600,200
2022-04-20 14:36:00,600,600,600,600,0
2022-04-20 14:37:00,600,600,600,600,0
2022-04-20 14:38:00,600,600,600,600,0
2022-04-20 14:39:00,600,600,600,600,300
2022-04-20 14:40:00,600,600,600,600,0
2022-04-20 14:41:00,600,600,600,600,0
2022-04-20 14:42:00,600,600,600,600,100
2022-04-20 14:43:00,600,600,600,600,0
2022-04-20 14:44:00,600,600,600,600,300
2022-04-20 14:45:00,600,600,600,600,0
2022-04-20 14:46:00,600,600,600,600,0
2022-04-20 14:47:00,600,600,600,600,200
2022-04-20 14:48:00,600,600,600,600,0
2022-04-20 14:49:00,600,600,600,600,800
2022-04-20 14:50:00,600,600,600,600,0
2022-04-20 14:51:00,600,600,600,600,0
2022-04-20 14:52:00,600,600,600,600,0
2022-04-20 14:53:00,600,600,600,600,0
2022-04-20 14:54:00,600,600,600,600,0
2022-04-20 14:55:00,600,600,600,600,0
2022-04-20 14:56:00,600,600,600,600,0
2022-04-20 14:57:00,600,600,600,600,0
2022-04-20 14:58:00,600,600,600,600,0
2022-04-20 14:59:00,600,600,600,600,0
2022-04-20 15:00:00,600,600,600,600,104900
2022-04-20 15:01:00,600,600,600,600,0
2022-04-20 15:02:00,600,600,600,600,0
2022-04-20 15:03:00,600,600,600,600,0
2022-04-20 15:04:00,600,600,600,600,0
2022-04-20 15:05:00,600,600,600,600,0
2022-04-20 15:06:00,600,600,600,600,0
2022-04-20 15:07:00,600,600,600,600,0
2022-04-20 15:08:00,600,600,600,600,0
2022-04-20 15:09:00,600,600,600,600,0
2022-04-20 15:10:00,600,600,600,600,0
2022-04-20 15:11:00,600,600,600,600,0
2022-04-20 15:12:00,600,600,600,600,0
2022-04-20 15:13:00,600,600,600,600,0
2022-04-20 15:14:00,600,600,600,600,0
2022-04-20 15:15:00,600,600,600,600,0
2022-04-20 15:16:00,600,600,600,600,0
2022-04-20 15:17:00,600,600,600,600,0
2022-04-20 15:18:00,600,600,600,600,0
2022-04-20 15:19:00,600,600,600,600,0
2022-04-20 15:20:00,600,600,600,600,0
2022-04-20 15:21:00,600,600,600,600,0
2022-04-20 15:22:00,600,600,600,600,0
2022-04-20 15:23:00,600,600,600,600,0
2022-04-20 15:24:00,600,600,600,600,0
2022-04-20 15:25:00,600,600,600,600,0
2022-04-20 15:26:00,600,600,600,600,0
2022-04-20 15:27:00,600,600,600,600,0
2022-04-20 15:28:00,600,600,600,600,0
2022-04-20 15:29:00,600,600,600,600,0
2022-04-20 15:30:00,600,600,600,600,0
2022-04-20 15:31:00,600,600,600,600,0
2022-04-20 15:32:00,600,600,600,600,0
2022-04-20 15:33:00,600,600,600,600,0
2022-04-20 15:34:00,600,600,600,600,0
2022-04-20 15:35:00,600,600,600,600,0
2022-04-20 15:36:00,600,600,600,600,0
2022-04-20 15:37:00,600,600,600,600,0
2022-04-20 15:38:00,600,600,600,600,0
2022-04-20 15:39:00,600,600,600,600,0
2022-04-20 15:40:00,600,600,600,600,0
2022-04-20 15:41:00,600,600,600,600,0
2022-04-20 15:42:00,600,600,600,600,0
2022-04-20 15:43:00,600,600,600,600,0
2022-04-20 15:44:00,600,600,600,600,0
2022-04-20 15:45:00,600,600,600,600,0
2022-04-20 15:46:00,600,600,600,600,0
2022-04-20 15:47:00,600,600,600,600,0
2022-04-20 15:48:00,600,600,600,600,0
2022-04-20 15:49:00,600,600,600,600,0
2022-04-20 15:50:00,600,600,600,600,0
2022-04-20 15:51:00,600,600,600,600,0
2022-04-20 15:52:00,600,600,600,600,0
2022-04-20 15:53:00,600,600,600,600,0
2022-04-20 15:54:00,600,600,600,600,0
2022-04-20 15:55:00,600,600,600,600,0
2022-04-20 15:56:00,600,600,600,600,0
2022-04-20 15:57:00,600,600,600,600,0
2022-04-20 15:58:00,600,600,600,600,0
2022-04-20 15:59:00,600,600,600,600,0
2022-04-21 09:00:00,600,600,600,600,0
2022-04-21 09:01:00,600,600,600,600,0
2022-04-21 09:02:00,600,600,600,600,0
2022-04-21 09:03:00,600,600,600,600,0
2022-04-21 09:04:00,600,600,600,600,0
2022-04-21 09:05:00,600,600,600,600,0
2022-04-21 09:06:00,600,600,600,600,0
2022-04-21 09:07:00,600,600,600,600,0
2022-04-21 09:08:00,600,600,600,600,0
2022-04-21 09:09:00,600,600,600,600,0
2022-04-21 09:10:00,600,600,600,600,0
2022-04-21 09:11:00,600,600,600,600,0
2022-04-21 09:12:00,600,600,600,600,0
2022-04-21 09:13:00,600,600,600,600,0
2022-04-21 09:14:00,600,600,600,600,0
2022-04-21 09:15:00,600,600,600,600,0
2022-04-21 09:16:00,600,600,600,600,0
2022-04-21 09:17:00,600,600,600,600,0
2022-04-21 09:18:00,600,600,600,600,0
2022-04-21 09:19:00,600,600,600,600,0
2022-04-21 09:20:00,600,600,600,600,0
2022-04-21 09:21:00,600,600,600,600,0
2022-04-21 09:22:00,600,600,600,600,0
2022-04-21 09:23:00,600,600,600,600,0
2022-04-21 09:24:00,600,600,600,600,0
2022-04-21 09:25:00,600,600,600,600,0
2022-04-21 09:26:00,600,600,600,600,0
2022-04-21 09:27:00,600,600,600,600,0
2022-04-21 09:28:00,600,600,600,600,0
2022-04-21 09:29:00,600,600,600,600,0
2022-04-21 09:30:00,600,600,600,600,0
2022-04-21 09:31:00,600,600,600,600,0
2022-04-21 09:32:00,600,600,600,600,0
2022-04-21 09:33:00,600,600,600,600,0
2022-04-21 09:34:00,600,600,600,600,0
2022-04-21 09:35:00,600,600,600,600,0
2022-04-21 09:36:00,600,600,600,600,0
2022-04-21 09:37:00,600,600,600,600,0
2022-04-21 09:38:00,600,600,600,600,0
2022-04-21 09:39:00,600,600,600,600,0
2022-04-21 09:40:00,600,600,600,600,0
2022-04-21 09:41:00,600,600,600,600,0
2022-04-21 09:42:00,600,600,600,600,0
2022-04-21 09:43:00,600,600,600,600,0
2022-04-21 09:44:00,600,600,600,600,0
2022-04-21 09:45:00,600,600,600,600,0
2022-04-21 09:46:00,600,600,600,600,0
2022-04-21 09:47:00,600,600,600,600,0
2022-04-21 09:48:00,600,600,600,600,0
2022-04-21 09:49:00,600,600,600,600,0
2022-04-21 09:50:00,600,600,600,600,0
2022-04-21 09:51:00,600,600,600,600,0
2022-04-21 09:52:00,600,600,600,600,0
2022-04-21 09:53:00,600,600,600,600,0
2022-04-21 09:54:00,600,600,600,600,0
2022-04-21 09:55:00,600,600,600,600,0
2022-04-21 09:56:00,600,600,600,600,0
2022-04-21 09:57:00,600,600,600,600,0
2022-04-21 09:58:00,600,600,600,600,0
2022-04-21 09:59:00,600,600,600,600,0
2022-04-21 10:00:00,600,600,600,600,0
2022-04-21 10:01:00,600,600,600,600,0
2022-04-21 10:02:00,600,600,600,600,0
2022-04-21 10:03:00,600,600,600,600,0
2022-04-21 10:04:00,600,600,600,600,0
2022-04-21 10:05:00,600,600,600,600,0
2022-04-21 10:06:00,600,600,600,600,0
2022-04-21 10:07:00,600,600,600,600,0
2022-04-21 10:08:00,600,600,600,600,0
2022-04-21 10:09:00,600,600,600,600,0
2022-04-21 10:10:00,600,600,600,600,0
2022-04-21 10:11:00,600,600,600,600,0
2022-04-21 10:12:00,600,600,600,600,0
2022-04-21 10:13:00,600,600,600,600,0
2022-04-21 10:14:00,600,600,600,600,0
2022-04-21 10:15:00,600,600,600,600,0
2022-04-21 10:16:00,600,600,600,600,0
2022-04-21 10:17:00,600,600,600,600,0
2022-04-21 10:18:00,600,600,600,600,0
2022-04-21 10:19:00,600,600,600,600,0
2022-04-21 10:20:00,600,600,600,600,200
2022-04-21 10:21:00,600,600,600,600,0
2022-04-21 10:22:00,600,600,600,600,0
2022-04-21 10:23:00,600,600,600,600,0
2022-04-21 10:24:00,600,600,600,600,0
2022-04-21 10:25:00,600,600,600,600,0
2022-04-21 10:26:00,600,600,600,600,300
2022-04-21 10:27:00,600,600,600,600,0
2022-04-21 10:28:00,600,600,600,600,0
2022-04-21 10:29:00,600,600,600,600,0
2022-04-21 10:30:00,600,600,600,600,0
2022-04-21 10:31:00,600,600,600,600,0
2022-04-21 10:32:00,600,600,600,600,0
2022-04-21 10:33:00,600,600,600,600,0
2022-04-21 10:34:00,600,600,600,600,0
2022-04-21 10:35:00,600,600,600,600,0
2022-04-21 10:36:00,600,600,600,600,0
2022-04-21 10:37:00,600,600,600,600,0
2022-04-21 10:38:00,600,600,600,600,0
2022-04-21 10:39:00,600,600,600,600,0
2022-04-21 10:40:00,600,600,600,600,0
2022-04-21 10:41:00,600,600,600,600,1000
2022-04-21 10:42:00,600,600,600,600,0
2022-04-21 10:43:00,600,600,600,600,0
2022-04-21 10:44:00,600,600,600,600,0
2022-04-21 10:45:00,600,600,600,600,0
2022-04-21 10:46:00,600,600,600,600,0
2022-04-21 10:47:00,600,600,600,600,0
2022-04-21 10:48:00,595,595,595,595,4300
2022-04-21 10:49:00,595,595,600,600,3900
2022-04-21 10:50:00,595,595,600,600,0
2022-04-21 10:51:00,600,600,600,600,1000
2022-04-21 10:52:00,600,600,600,600,0
2022-04-21 10:53:00,600,600,600,600,0
2022-04-21 10:54:00,600,600,600,600,400
2022-04-21 10:55:00,600,600,600,600,0
2022-04-21 10:56:00,600,600,600,600,0
2022-04-21 10:57:00,600,600,600,600,0
2022-04-21 10:58:00,600,600,600,600,0
2022-04-21 10:59:00,600,600,600,600,0
2022-04-21 11:00:00,595,570,595,585,101800
2022-04-21 11:01:00,580,580,585,585,400
2022-04-21 11:02:00,580,580,585,585,0
2022-04-21 11:03:00,585,585,585,585,300
2022-04-21 11:04:00,585,585,585,585,1200
2022-04-21 11:05:00,585,585,590,590,8000
2022-04-21 11:06:00,585,585,590,590,0
2022-04-21 11:07:00,585,585,590,590,0
2022-04-21 11:08:00,585,585,590,590,800
2022-04-21 11:09:00,585,585,590,590,0
2022-04-21 11:10:00,585,585,590,590,0
2022-04-21 11:11:00,585,585,590,590,0
2022-04-21 11:12:00,585,580,585,580,16400
2022-04-21 11:13:00,580,580,580,580,4600
2022-04-21 11:14:00,590,590,590,590,200
2022-04-21 11:15:00,590,590,590,590,0
2022-04-21 11:16:00,590,590,590,590,0
2022-04-21 11:17:00,590,590,590,590,800
2022-04-21 11:18:00,590,590,605,605,30000
2022-04-21 11:19:00,590,590,605,605,0
2022-04-21 11:20:00,590,590,605,605,0
2022-04-21 11:21:00,590,590,605,605,0
2022-04-21 11:22:00,605,605,605,605,200
2022-04-21 11:23:00,605,605,605,605,0
2022-04-21 11:24:00,605,605,605,605,200
2022-04-21 11:25:00,605,605,605,605,0
2022-04-21 11:26:00,605,605,605,605,0
2022-04-21 11:27:00,605,605,605,605,0
2022-04-21 11:28:00,605,605,605,605,400
2022-04-21 11:29:00,605,605,605,605,0
2022-04-21 11:30:00,605,605,605,605,0
2022-04-21 11:31:00,605,605,605,605,0
2022-04-21 11:32:00,605,605,605,605,0
2022-04-21 11:33:00,605,605,605,605,0
2022-04-21 11:34:00,605,605,605,605,0
2022-04-21 11:35:00,605,605,605,605,0
2022-04-21 11:36:00,605,605,605,605,0
2022-04-21 11:37:00,605,605,605,605,0
2022-04-21 11:38:00,605,605,605,605,0
2022-04-21 11:39:00,605,605,605,605,0
2022-04-21 11:40:00,605,605,605,605,0
2022-04-21 11:41:00,605,605,605,605,0
2022-04-21 11:42:00,605,605,605,605,0
2022-04-21 11:43:00,605,605,605,605,0
2022-04-21 11:44:00,605,605,605,605,0
2022-04-21 11:45:00,605,605,605,605,0
2022-04-21 11:46:00,605,605,605,605,0
2022-04-21 11:47:00,605,605,605,605,0
2022-04-21 11:48:00,605,605,605,605,0
2022-04-21 11:49:00,605,605,605,605,0
2022-04-21 11:50:00,605,605,605,605,0
2022-04-21 11:51:00,605,605,605,605,0
2022-04-21 11:52:00,605,605,605,605,0
2022-04-21 11:53:00,605,605,605,605,0
2022-04-21 11:54:00,605,605,605,605,0
2022-04-21 11:55:00,605,605,605,605,0
2022-04-21 11:56:00,605,605,605,605,0
2022-04-21 11:57:00,605,605,605,605,0
2022-04-21 11:58:00,605,605,605,605,0
2022-04-21 11:59:00,605,605,605,605,0
2022-04-21 12:00:00,605,605,605,605,0
2022-04-21 12:01:00,605,605,605,605,0
2022-04-21 12:02:00,605,605,605,605,0
2022-04-21 12:03:00,605,605,605,605,0
2022-04-21 12:04:00,605,605,605,605,0
2022-04-21 12:05:00,605,605,605,605,0
2022-04-21 12:06:00,605,605,605,605,0
2022-04-21 12:07:00,605,605,605,605,0
2022-04-21 12:08:00,605,605,605,605,0
2022-04-21 12:09:00,605,605,605,605,0
2022-04-21 12:10:00,605,605,605,605,0
2022-04-21 12:11:00,605,605,605,605,0
2022-04-21 12:12:00,605,605,605,605,0
2022-04-21 12:13:00,605,605,605,605,0
2022-04-21 12:14:00,605,605,605,605,0
2022-04-21 12:15:00,605,605,605,605,0
2022-04-21 12:16:00,605,605,605,605,0
2022-04-21 12:17:00,605,605,605,605,0
2022-04-21 12:18:00,605,605,605,605,0
2022-04-21 12:19:00,605,605,605,605,0
2022-04-21 12:20:00,605,605,605,605,0
2022-04-21 12:21:00,605,605,605,605,0
2022-04-21 12:22:00,605,605,605,605,0
2022-04-21 12:23:00,605,605,605,605,0
2022-04-21 12:24:00,605,605,605,605,0
2022-04-21 12:25:00,605,605,605,605,0
2022-04-21 12:26:00,605,605,605,605,0
2022-04-21 12:27:00,605,605,605,605,0
2022-04-21 12:28:00,605,605,605,605,0
2022-04-21 12:29:00,605,605,605,605,0
2022-04-21 12:30:00,605,605,605,605,0
2022-04-21 12:31:00,605,605,605,605,0
2022-04-21 12:32:00,605,605,605,605,0
2022-04-21 12:33:00,605,605,605,605,0
2022-04-21 12:34:00,605,605,605,605,0
2022-04-21 12:35:00,605,605,605,605,0
2022-04-21 12:36:00,605,605,605,605,0
2022-04-21 12:37:00,605,605,605,605,0
2022-04-21 12:38:00,605,605,605,605,0
2022-04-21 12:39:00,605,605,605,605,0
2022-04-21 12:40:00,605,605,605,605,0
2022-04-21 12:41:00,605,605,605,605,0
2022-04-21 12:42:00,605,605,605,605,0
2022-04-21 12:43:00,605,605,605,605,0
2022-04-21 12:44:00,605,605,605,605,0
2022-04-21 12:45:00,605,605,605,605,0
2022-04-21 12:46:00,605,605,605,605,0
2022-04-21 12:47:00,605,605,605,605,0
2022-04-21 12:48:00,605,605,605,605,0
2022-04-21 12:49:00,605,605,605,605,0
2022-04-21 12:50:00,605,605,605,605,0
2022-04-21 12:51:00,605,605,605,605,0
2022-04-21 12:52:00,605,605,605,605,0
2022-04-21 12:53:00,605,605,605,605,0
2022-04-21 12:54:00,605,605,605,605,0
2022-04-21 12:55:00,605,605,605,605,0
2022-04-21 12:56:00,605,605,605,605,0
2022-04-21 12:57:00,605,605,605,605,0
2022-04-21 12:58:00,605,605,605,605,0
2022-04-21 12:59:00,605,605,605,605,0
2022-04-21 13:00:00,605,605,605,605,0
2022-04-21 13:01:00,605,605,605,605,0
2022-04-21 13:02:00,605,605,605,605,0
2022-04-21 13:03:00,605,605,605,605,0
2022-04-21 13:04:00,605,605,605,605,0
2022-04-21 13:05:00,605,605,605,605,0
2022-04-21 13:06:00,605,605,605,605,0
2022-04-21 13:07:00,605,605,605,605,0
2022-04-21 13:08:00,605,605,605,605,0
2022-04-21 13:09:00,605,605,605,605,0
2022-04-21 13:10:00,605,605,605,605,0
2022-04-21 13:11:00,605,605,605,605,0
2022-04-21 13:12:00,605,605,605,605,0
2022-04-21 13:13:00,605,605,605,605,0
2022-04-21 13:14:00,605,605,605,605,0
2022-04-21 13:15:00,605,605,605,605,0
2022-04-21 13:16:00,605,605,605,605,0
2022-04-21 13:17:00,605,605,605,605,0
2022-04-21 13:18:00,605,605,605,605,0
2022-04-21 13:19:00,605,605,605,605,0
2022-04-21 13:20:00,605,605,605,605,0
2022-04-21 13:21:00,605,605,605,605,0
2022-04-21 13:22:00,605,605,605,605,0
2022-04-21 13:23:00,605,605,605,605,0
2022-04-21 13:24:00,605,605,605,605,0
2022-04-21 13:25:00,605,605,605,605,0
2022-04-21 13:26:00,605,605,605,605,0
2022-04-21 13:27:00,605,605,605,605,0
2022-04-21 13:28:00,605,605,605,605,0
2022-04-21 13:29:00,605,605,605,605,0
2022-04-21 13:30:00,605,605,605,605,0
2022-04-21 13:31:00,605,605,605,605,0
2022-04-21 13:32:00,605,605,605,605,1000
2022-04-21 13:33:00,605,605,605,605,0
2022-04-21 13:34:00,605,605,605,605,0
2022-04-21 13:35:00,600,600,605,600,1300
2022-04-21 13:36:00,600,600,600,600,1000
2022-04-21 13:37:00,605,605,605,605,200
2022-04-21 13:38:00,605,605,605,605,0
2022-04-21 13:39:00,605,605,605,605,0
2022-04-21 13:40:00,605,605,605,605,0
2022-04-21 13:41:00,600,585,600,585,5500
2022-04-21 13:42:00,605,580,605,580,10200
2022-04-21 13:43:00,605,605,605,605,200
2022-04-21 13:44:00,605,605,605,605,0
2022-04-21 13:45:00,600,600,605,600,800
2022-04-21 13:46:00,605,605,605,605,200
2022-04-21 13:47:00,605,605,605,605,0
2022-04-21 13:48:00,605,605,605,605,0
2022-04-21 13:49:00,600,600,605,605,300
2022-04-21 13:50:00,600,600,605,605,0
2022-04-21 13:51:00,600,600,605,605,0
2022-04-21 13:52:00,600,600,605,605,0
2022-04-21 13:53:00,600,600,605,605,0
2022-04-21 13:54:00,600,600,600,600,600
2022-04-21 13:55:00,605,605,605,605,200
2022-04-21 13:56:00,600,600,605,605,1100
2022-04-21 13:57:00,600,600,605,605,0
2022-04-21 13:58:00,600,600,600,600,200
2022-04-21 13:59:00,605,605,605,605,200
2022-04-21 14:00:00,600,600,600,600,300
2022-04-21 14:01:00,600,600,600,600,0
2022-04-21 14:02:00,600,600,605,605,400
2022-04-21 14:03:00,600,600,605,605,0
2022-04-21 14:04:00,600,600,605,605,0
2022-04-21 14:05:00,600,600,605,605,0
2022-04-21 14:06:00,600,600,605,600,900
2022-04-21 14:07:00,600,600,605,600,0
2022-04-21 14:08:00,605,600,605,600,1100
2022-04-21 14:09:00,605,605,605,605,200
2022-04-21 14:10:00,605,605,605,605,0
2022-04-21 14:11:00,600,595,600,595,1100
2022-04-21 14:12:00,600,600,605,605,700
2022-04-21 14:13:00,600,600,605,605,0
2022-04-21 14:14:00,600,600,600,600,500
2022-04-21 14:15:00,600,600,600,600,800
2022-04-21 14:16:00,600,600,600,600,0
2022-04-21 14:17:00,600,600,600,600,0
2022-04-21 14:18:00,600,600,600,600,0
2022-04-21 14:19:00,600,600,600,600,0
2022-04-21 14:20:00,600,600,600,600,0
2022-04-21 14:21:00,600,600,600,600,0
2022-04-21 14:22:00,600,600,600,600,0
2022-04-21 14:23:00,600,600,600,600,0
2022-04-21 14:24:00,600,600,600,600,0
2022-04-21 14:25:00,600,600,605,605,11300
2022-04-21 14:26:00,600,600,600,600,900
2022-04-21 14:27:00,605,600,605,600,500
2022-04-21 14:28:00,605,605,605,605,200
2022-04-21 14:29:00,600,600,600,600,400
2022-04-21 14:30:00,600,600,600,600,0
2022-04-21 14:31:00,600,600,600,600,700
2022-04-21 14:32:00,600,600,600,600,1000
2022-04-21 14:33:00,600,600,600,600,0
2022-04-21 14:34:00,600,600,600,600,0
2022-04-21 14:35:00,600,600,600,600,200
2022-04-21 14:36:00,600,600,600,600,0
2022-04-21 14:37:00,600,600,600,600,1100
2022-04-21 14:38:00,600,600,600,600,200
2022-04-21 14:39:00,600,600,600,600,200
2022-04-21 14:40:00,600,600,600,600,0
2022-04-21 14:41:00,600,600,600,600,300
2022-04-21 14:42:00,600,600,600,600,300
2022-04-21 14:43:00,600,600,600,600,0
2022-04-21 14:44:00,600,600,600,600,800
2022-04-21 14:45:00,600,600,600,600,300
2022-04-21 14:46:00,600,600,600,600,300
2022-04-21 14:47:00,600,600,600,600,700
2022-04-21 14:48:00,600,600,600,600,0
2022-04-21 14:49:00,600,600,605,605,3800
2022-04-21 14:50:00,600,600,605,605,0
2022-04-21 14:51:00,600,600,605,605,0
2022-04-21 14:52:00,600,600,605,605,0
2022-04-21 14:53:00,600,600,605,605,0
2022-04-21 14:54:00,600,600,605,605,0
2022-04-21 14:55:00,600,600,605,605,0
2022-04-21 14:56:00,600,600,605,605,0
2022-04-21 14:57:00,600,600,605,605,0
2022-04-21 14:58:00,600,600,605,605,0
2022-04-21 14:59:00,600,600,605,605,0
2022-04-21 15:00:00,600,600,600,600,7400
2022-04-21 15:01:00,600,600,600,600,0
2022-04-21 15:02:00,600,600,600,600,0
2022-04-21 15:03:00,600,600,600,600,900
2022-04-21 15:04:00,600,600,600,600,0
2022-04-21 15:05:00,600,600,600,600,0
2022-04-21 15:06:00,600,600,600,600,100
2022-04-21 15:07:00,600,600,600,600,0
2022-04-21 15:08:00,600,600,600,600,0
2022-04-21 15:09:00,600,600,600,600,0
2022-04-21 15:10:00,600,600,600,600,400
2022-04-21 15:11:00,600,600,600,600,0
2022-04-21 15:12:00,600,600,600,600,0
2022-04-21 15:13:00,600,600,600,600,0
2022-04-21 15:14:00,600,600,600,600,100
2022-04-21 15:15:00,600,600,600,600,0
2022-04-21 15:16:00,600,600,600,600,0
2022-04-21 15:17:00,600,600,600,600,0
2022-04-21 15:18:00,600,600,600,600,0
2022-04-21 15:19:00,600,600,600,600,0
2022-04-21 15:20:00,600,600,600,600,0
2022-04-21 15:21:00,600,600,600,600,0
2022-04-21 15:22:00,600,600,600,600,0
2022-04-21 15:23:00,600,600,600,600,0
2022-04-21 15:24:00,600,600,600,600,0
2022-04-21 15:25:00,600,600,600,600,0
2022-04-21 15:26:00,600,600,600,600,0
2022-04-21 15:27:00,600,600,600,600,0
2022-04-21 15:28:00,600,600,600,600,0
2022-04-21 15:29:00,600,600,600,600,0
2022-04-21 15:30:00,600,600,600,600,0
2022-04-21 15:31:00,600,600,600,600,0
2022-04-21 15:32:00,600,600,600,600,0
2022-04-21 15:33:00,600,600,600,600,0
2022-04-21 15:34:00,600,600,600,600,0
2022-04-21 15:35:00,600,600,600,600,0
2022-04-21 15:36:00,600,600,600,600,0
2022-04-21 15:37:00,600,600,600,600,0
2022-04-21 15:38:00,600,600,600,600,0
2022-04-21 15:39:00,600,600,600,600,0
2022-04-21 15:40:00,600,600,600,600,0
2022-04-21 15:41:00,600,600,600,600,0
2022-04-21 15:42:00,600,600,600,600,0
2022-04-21 15:43:00,600,600,600,600,0
2022-04-21 15:44:00,600,600,600,600,0
2022-04-21 15:45:00,600,600,600,600,0
2022-04-21 15:46:00,600,600,600,600,0
2022-04-21 15:47:00,600,600,600,600,0
2022-04-21 15:48:00,600,600,600,600,0
2022-04-21 15:49:00,600,600,600,600,0
2022-04-21 15:50:00,600,600,600,600,0
2022-04-21 15:51:00,600,600,600,600,0
2022-04-21 15:52:00,600,600,600,600,0
2022-04-21 15:53:00,600,600,600,600,0
2022-04-21 15:54:00,600,600,600,600,0
2022-04-21 15:55:00,600,600,600,600,0
2022-04-21 15:56:00,600,600,600,600,0
2022-04-21 15:57:00,600,600,600,600,0
2022-04-21 15:58:00,600,600,600,600,0
2022-04-21 15:59:00,600,600,600,600,0
2022-04-22 09:00:00,600,600,600,600,0
2022-04-22 09:01:00,600,600,600,600,0
2022-04-22 09:02:00,600,600,600,600,400
2022-04-22 09:03:00,600,600,600,600,0
2022-04-22 09:04:00,600,600,600,600,0
2022-04-22 09:05:00,600,600,600,600,0
2022-04-22 09:06:00,600,600,600,600,0
2022-04-22 09:07:00,600,600,600,600,0
2022-04-22 09:08:00,600,600,605,605,16000
2022-04-22 09:09:00,605,605,605,605,59500
2022-04-22 09:10:00,605,605,605,605,1100
2022-04-22 09:11:00,605,605,605,605,0
2022-04-22 09:12:00,605,605,605,605,1000
2022-04-22 09:13:00,605,605,605,605,0
2022-04-22 09:14:00,600,600,600,600,100
2022-04-22 09:15:00,605,605,605,605,200
2022-04-22 09:16:00,605,605,605,605,10000
2022-04-22 09:17:00,605,605,610,610,2300
2022-04-22 09:18:00,610,610,610,610,20900
2022-04-22 09:19:00,610,610,610,610,0
2022-04-22 09:20:00,610,610,610,610,0
2022-04-22 09:21:00,610,610,610,610,0
2022-04-22 09:22:00,610,610,610,610,0
2022-04-22 09:23:00,610,610,610,610,0
2022-04-22 09:24:00,610,610,610,610,0
2022-04-22 09:25:00,610,610,610,610,2000
2022-04-22 09:26:00,610,610,610,610,0
2022-04-22 09:27:00,610,610,610,610,0
2022-04-22 09:28:00,605,605,610,610,1300
2022-04-22 09:29:00,605,605,610,610,0
2022-04-22 09:30:00,605,605,610,610,0
2022-04-22 09:31:00,605,605,610,610,0
2022-04-22 09:32:00,605,605,610,610,0
2022-04-22 09:33:00,605,605,610,610,0
2022-04-22 09:34:00,605,605,610,610,0
2022-04-22 09:35:00,605,605,610,610,0
2022-04-22 09:36:00,605,605,610,610,0
2022-04-22 09:37:00,605,605,610,610,0
2022-04-22 09:38:00,605,605,610,610,0
2022-04-22 09:39:00,605,605,610,610,0
2022-04-22 09:40:00,610,610,610,610,700
2022-04-22 09:41:00,610,610,610,610,0
2022-04-22 09:42:00,610,610,610,610,0
2022-04-22 09:43:00,605,605,605,605,100
2022-04-22 09:44:00,610,610,610,610,200
2022-04-22 09:45:00,610,610,610,610,0
2022-04-22 09:46:00,610,610,610,610,200
2022-04-22 09:47:00,610,610,610,610,0
2022-04-22 09:48:00,610,610,610,610,0
2022-04-22 09:49:00,610,610,610,610,0
2022-04-22 09:50:00,610,610,610,610,0
2022-04-22 09:51:00,610,610,610,610,0
2022-04-22 09:52:00,605,605,610,610,600
2022-04-22 09:53:00,605,605,605,605,600
2022-04-22 09:54:00,610,600,610,600,1600
2022-04-22 09:55:00,610,610,610,610,200
2022-04-22 09:56:00,610,610,610,610,0
2022-04-22 09:57:00,610,610,610,610,0
2022-04-22 09:58:00,605,605,605,605,500
2022-04-22 09:59:00,605,605,605,605,0
2022-04-22 10:00:00,605,605,605,605,0
2022-04-22 10:01:00,605,605,605,605,0
2022-04-22 10:02:00,605,605,605,605,0
2022-04-22 10:03:00,605,605,605,605,0
2022-04-22 10:04:00,605,605,605,605,0
2022-04-22 10:05:00,605,605,605,605,0
2022-04-22 10:06:00,605,605,605,605,0
2022-04-22 10:07:00,605,605,605,605,0
2022-04-22 10:08:00,605,605,605,605,0
2022-04-22 10:09:00,605,605,605,605,0
2022-04-22 10:10:00,605,605,605,605,0
2022-04-22 10:11:00,605,605,605,605,0
2022-04-22 10:12:00,605,605,605,605,0
2022-04-22 10:13:00,605,605,605,605,0
2022-04-22 10:14:00,605,605,605,605,0
2022-04-22 10:15:00,605,605,605,605,0
2022-04-22 10:16:00,605,605,605,605,0
2022-04-22 10:17:00,600,600,600,600,100
2022-04-22 10:18:00,600,600,600,600,0
2022-04-22 10:19:00,600,600,600,600,0
2022-04-22 10:20:00,605,605,605,605,300
2022-04-22 10:21:00,605,605,605,605,1100
2022-04-22 10:22:00,605,605,605,605,0
2022-04-22 10:23:00,605,605,605,605,0
2022-04-22 10:24:00,605,605,605,605,0
2022-04-22 10:25:00,605,605,605,605,0
2022-04-22 10:26:00,605,605,605,605,0
2022-04-22 10:27:00,605,605,605,605,0
2022-04-22 10:28:00,605,605,605,605,0
2022-04-22 10:29:00,605,605,605,605,0
2022-04-22 10:30:00,605,605,605,605,0
2022-04-22 10:31:00,605,605,605,605,0
2022-04-22 10:32:00,605,605,605,605,0
2022-04-22 10:33:00,605,605,605,605,0
2022-04-22 10:34:00,605,605,605,605,0
2022-04-22 10:35:00,605,605,605,605,0
2022-04-22 10:36:00,605,605,605,605,0
2022-04-22 10:37:00,605,605,605,605,0
2022-04-22 10:38:00,605,605,605,605,0
2022-04-22 10:39:00,605,605,605,605,0
2022-04-22 10:40:00,605,600,605,600,4400
2022-04-22 10:41:00,605,605,605,605,300
2022-04-22 10:42:00,600,600,600,600,300
2022-04-22 10:43:00,605,605,605,605,200
2022-04-22 10:44:00,605,605,605,605,0
2022-04-22 10:45:00,605,605,605,605,0
2022-04-22 10:46:00,605,605,605,605,0
2022-04-22 10:47:00,605,605,605,605,0
2022-04-22 10:48:00,605,605,605,605,15000
2022-04-22 10:49:00,605,605,605,605,0
2022-04-22 10:50:00,605,605,605,605,0
2022-04-22 10:51:00,605,605,605,605,0
2022-04-22 10:52:00,600,600,600,600,9700
2022-04-22 10:53:00,605,605,605,605,200
2022-04-22 10:54:00,605,605,605,605,0
2022-04-22 10:55:00,605,605,605,605,0
2022-04-22 10:56:00,605,605,605,605,200
2022-04-22 10:57:00,605,605,605,605,0
2022-04-22 10:58:00,605,605,605,605,0
2022-04-22 10:59:00,605,605,605,605,0
2022-04-22 11:00:00,605,605,605,605,200
2022-04-22 11:01:00,605,605,605,605,0
2022-04-22 11:02:00,605,605,605,605,0
2022-04-22 11:03:00,605,605,605,605,0
2022-04-22 11:04:00,605,605,605,605,0
2022-04-22 11:05:00,605,605,605,605,0
2022-04-22 11:06:00,605,605,605,605,0
2022-04-22 11:07:00,600,600,600,600,800
2022-04-22 11:08:00,605,605,605,605,200
2022-04-22 11:09:00,605,605,605,605,0
2022-04-22 11:10:00,605,600,605,600,1100
2022-04-22 11:11:00,600,600,600,600,3400
2022-04-22 11:12:00,600,600,600,600,0
2022-04-22 11:13:00,600,600,600,600,10000
2022-04-22 11:14:00,600,600,600,600,1100
2022-04-22 11:15:00,600,600,600,600,0
2022-04-22 11:16:00,600,600,600,600,0
2022-04-22 11:17:00,600,600,600,600,0
2022-04-22 11:18:00,600,600,600,600,0
2022-04-22 11:19:00,600,600,600,600,0
2022-04-22 11:20:00,600,600,600,600,0
2022-04-22 11:21:00,600,600,600,600,0
2022-04-22 11:22:00,600,600,600,600,0
2022-04-22 11:23:00,600,600,600,600,0
2022-04-22 11:24:00,600,600,600,600,0
2022-04-22 11:25:00,600,600,600,600,0
2022-04-22 11:26:00,600,600,600,600,0
2022-04-22 11:27:00,600,600,600,600,0
2022-04-22 11:28:00,600,600,600,600,300
2022-04-22 11:29:00,600,600,600,600,600
2022-04-22 11:30:00,600,600,600,600,0
2022-04-22 11:31:00,600,600,600,600,0
2022-04-22 11:32:00,600,600,600,600,0
2022-04-22 11:33:00,600,600,600,600,0
2022-04-22 11:34:00,600,600,600,600,0
2022-04-22 11:35:00,600,600,600,600,0
2022-04-22 11:36:00,600,600,600,600,0
2022-04-22 11:37:00,600,600,600,600,0
2022-04-22 11:38:00,600,600,600,600,0
2022-04-22 11:39:00,600,600,600,600,0
2022-04-22 11:40:00,600,600,600,600,0
2022-04-22 11:41:00,600,600,600,600,0
2022-04-22 11:42:00,600,600,600,600,0
2022-04-22 11:43:00,600,600,600,600,0
2022-04-22 11:44:00,600,600,600,600,0
2022-04-22 11:45:00,600,600,600,600,0
2022-04-22 11:46:00,600,600,600,600,0
2022-04-22 11:47:00,600,600,600,600,0
2022-04-22 11:48:00,600,600,600,600,0
2022-04-22 11:49:00,600,600,600,600,0
2022-04-22 11:50:00,600,600,600,600,0
2022-04-22 11:51:00,600,600,600,600,0
2022-04-22 11:52:00,600,600,600,600,0
2022-04-22 11:53:00,600,600,600,600,0
2022-04-22 11:54:00,600,600,600,600,0
2022-04-22 11:55:00,600,600,600,600,0
2022-04-22 11:56:00,600,600,600,600,0
2022-04-22 11:57:00,600,600,600,600,0
2022-04-22 11:58:00,600,600,600,600,0
2022-04-22 11:59:00,600,600,600,600,0
2022-04-22 12:00:00,600,600,600,600,0
2022-04-22 12:01:00,600,600,600,600,0
2022-04-22 12:02:00,600,600,600,600,0
2022-04-22 12:03:00,600,600,600,600,0
2022-04-22 12:04:00,600,600,600,600,0
2022-04-22 12:05:00,600,600,600,600,0
2022-04-22 12:06:00,600,600,600,600,0
2022-04-22 12:07:00,600,600,600,600,0
2022-04-22 12:08:00,600,600,600,600,0
2022-04-22 12:09:00,600,600,600,600,0
2022-04-22 12:10:00,600,600,600,600,0
2022-04-22 12:11:00,600,600,600,600,0
2022-04-22 12:12:00,600,600,600,600,0
2022-04-22 12:13:00,600,600,600,600,0
2022-04-22 12:14:00,600,600,600,600,0
2022-04-22 12:15:00,600,600,600,600,0
2022-04-22 12:16:00,600,600,600,600,0
2022-04-22 12:17:00,600,600,600,600,0
2022-04-22 12:18:00,600,600,600,600,0
2022-04-22 12:19:00,600,600,600,600,0
2022-04-22 12:20:00,600,600,600,600,0
2022-04-22 12:21:00,600,600,600,600,0
2022-04-22 12:22:00,600,600,600,600,0
2022-04-22 12:23:00,600,600,600,600,0
2022-04-22 12:24:00,600,600,600,600,0
2022-04-22 12:25:00,600,600,600,600,0
2022-04-22 12:26:00,600,600,600,600,0
2022-04-22 12:27:00,600,600,600,600,0
2022-04-22 12:28:00,600,600,600,600,0
2022-04-22 12:29:00,600,600,600,600,0
2022-04-22 12:30:00,600,600,600,600,0
2022-04-22 12:31:00,600,600,600,600,0
2022-04-22 12:32:00,600,600,600,600,0
2022-04-22 12:33:00,600,600,600,600,0
2022-04-22 12:34:00,600,600,600,600,0
2022-04-22 12:35:00,600,600,600,600,0
2022-04-22 12:36:00,600,600,600,600,0
2022-04-22 12:37:00,600,600,600,600,0
2022-04-22 12:38:00,600,600,600,600,0
2022-04-22 12:39:00,600,600,600,600,0
2022-04-22 12:40:00,600,600,600,600,0
2022-04-22 12:41:00,600,600,600,600,0
2022-04-22 12:42:00,600,600,600,600,0
2022-04-22 12:43:00,600,600,600,600,0
2022-04-22 12:44:00,600,600,600,600,0
2022-04-22 12:45:00,600,600,600,600,0
2022-04-22 12:46:00,600,600,600,600,0
2022-04-22 12:47:00,600,600,600,600,0
2022-04-22 12:48:00,600,600,600,600,0
2022-04-22 12:49:00,600,600,600,600,0
2022-04-22 12:50:00,600,600,600,600,0
2022-04-22 12:51:00,600,600,600,600,0
2022-04-22 12:52:00,600,600,600,600,0
2022-04-22 12:53:00,600,600,600,600,0
2022-04-22 12:54:00,600,600,600,600,0
2022-04-22 12:55:00,600,600,600,600,0
2022-04-22 12:56:00,600,600,600,600,0
2022-04-22 12:57:00,600,600,600,600,0
2022-04-22 12:58:00,600,600,600,600,0
2022-04-22 12:59:00,600,600,600,600,0
2022-04-22 13:00:00,600,600,600,600,0
2022-04-22 13:01:00,600,600,600,600,0
2022-04-22 13:02:00,600,600,600,600,0
2022-04-22 13:03:00,600,600,600,600,0
2022-04-22 13:04:00,600,600,600,600,0
2022-04-22 13:05:00,600,600,600,600,0
2022-04-22 13:06:00,600,600,600,600,0
2022-04-22 13:07:00,600,600,600,600,0
2022-04-22 13:08:00,600,600,600,600,0
2022-04-22 13:09:00,600,600,600,600,0
2022-04-22 13:10:00,600,600,600,600,0
2022-04-22 13:11:00,600,600,600,600,0
2022-04-22 13:12:00,600,600,600,600,0
2022-04-22 13:13:00,600,600,600,600,0
2022-04-22 13:14:00,600,600,600,600,0
2022-04-22 13:15:00,600,600,600,600,0
2022-04-22 13:16:00,600,600,600,600,0
2022-04-22 13:17:00,600,600,600,600,0
2022-04-22 13:18:00,600,600,600,600,0
2022-04-22 13:19:00,600,600,600,600,0
2022-04-22 13:20:00,600,600,600,600,0
2022-04-22 13:21:00,600,600,600,600,0
2022-04-22 13:22:00,600,600,600,600,0
2022-04-22 13:23:00,600,600,600,600,0
2022-04-22 13:24:00,600,600,600,600,0
2022-04-22 13:25:00,600,600,600,600,0
2022-04-22 13:26:00,600,600,600,600,0
2022-04-22 13:27:00,600,600,600,600,0
2022-04-22 13:28:00,600,600,600,600,0
2022-04-22 13:29:00,600,600,600,600,0
2022-04-22 13:30:00,600,600,600,600,0
2022-04-22 13:31:00,600,600,600,600,0
2022-04-22 13:32:00,600,600,600,600,0
2022-04-22 13:33:00,600,600,600,600,0
2022-04-22 13:34:00,600,600,600,600,0
2022-04-22 13:35:00,600,600,600,600,0
2022-04-22 13:36:00,600,600,600,600,0
2022-04-22 13:37:00,600,600,600,600,0
2022-04-22 13:38:00,600,600,600,600,0
2022-04-22 13:39:00,600,600,600,600,0
2022-04-22 13:40:00,600,600,600,600,0
2022-04-22 13:41:00,600,600,600,600,0
2022-04-22 13:42:00,600,600,600,600,0
2022-04-22 13:43:00,600,600,600,600,0
2022-04-22 13:44:00,600,600,600,600,0
2022-04-22 13:45:00,600,600,600,600,0
2022-04-22 13:46:00,600,600,600,600,0
2022-04-22 13:47:00,600,600,600,600,0
2022-04-22 13:48:00,600,600,600,600,0
2022-04-22 13:49:00,600,600,600,600,0
2022-04-22 13:50:00,600,600,600,600,0
2022-04-22 13:51:00,600,600,600,600,0
2022-04-22 13:52:00,600,600,600,600,0
2022-04-22 13:53:00,600,600,600,600,0
2022-04-22 13:54:00,600,600,600,600,0
2022-04-22 13:55:00,600,600,600,600,0
2022-04-22 13:56:00,600,600,600,600,0
2022-04-22 13:57:00,600,600,600,600,0
2022-04-22 13:58:00,600,600,600,600,0
2022-04-22 13:59:00,600,600,600,600,0
2022-04-22 14:00:00,600,600,600,600,0
2022-04-22 14:01:00,600,600,600,600,0
2022-04-22 14:02:00,600,600,600,600,0
2022-04-22 14:03:00,600,600,600,600,0
2022-04-22 14:04:00,600,600,600,600,0
2022-04-22 14:05:00,600,600,600,600,0
2022-04-22 14:06:00,600,600,600,600,0
2022-04-22 14:07:00,600,600,600,600,0
2022-04-22 14:08:00,600,600,600,600,0
2022-04-22 14:09:00,600,600,600,600,0
2022-04-22 14:10:00,600,600,600,600,0
2022-04-22 14:11:00,600,600,600,600,0
2022-04-22 14:12:00,600,600,600,600,0
2022-04-22 14:13:00,600,600,600,600,0
2022-04-22 14:14:00,600,600,600,600,0
2022-04-22 14:15:00,600,600,600,600,0
2022-04-22 14:16:00,600,600,600,600,0
2022-04-22 14:17:00,600,600,600,600,0
2022-04-22 14:18:00,600,600,600,600,0
2022-04-22 14:19:00,600,600,600,600,0
2022-04-22 14:20:00,600,600,600,600,0
2022-04-22 14:21:00,600,600,600,600,0
2022-04-22 14:22:00,600,600,600,600,0
2022-04-22 14:23:00,600,600,600,600,0
2022-04-22 14:24:00,600,600,600,600,0
2022-04-22 14:25:00,600,600,600,600,0
2022-04-22 14:26:00,600,600,600,600,0
2022-04-22 14:27:00,600,600,600,600,0
2022-04-22 14:28:00,600,600,600,600,0
2022-04-22 14:29:00,600,600,600,600,0
2022-04-22 14:30:00,600,600,600,600,0
2022-04-22 14:31:00,600,600,600,600,0
2022-04-22 14:32:00,600,600,600,600,0
2022-04-22 14:33:00,600,600,600,600,0
2022-04-22 14:34:00,600,600,600,600,0
2022-04-22 14:35:00,600,600,600,600,0
2022-04-22 14:36:00,600,600,600,600,0
2022-04-22 14:37:00,600,600,600,600,0
2022-04-22 14:38:00,600,600,600,600,0
2022-04-22 14:39:00,600,600,600,600,0
2022-04-22 14:40:00,600,600,600,600,0
2022-04-22 14:41:00,600,600,600,600,0
2022-04-22 14:42:00,600,600,600,600,0
2022-04-22 14:43:00,600,600,600,600,0
2022-04-22 14:44:00,600,600,600,600,0
2022-04-22 14:45:00,600,600,600,600,0
2022-04-22 14:46:00,600,600,600,600,0
2022-04-22 14:47:00,600,600,600,600,0
2022-04-22 14:48:00,600,600,600,600,0
2022-04-22 14:49:00,600,600,600,600,0
2022-04-22 14:50:00,600,600,600,600,0
2022-04-22 14:51:00,600,600,600,600,0
2022-04-22 14:52:00,600,600,600,600,0
2022-04-22 14:53:00,600,600,600,600,0
2022-04-22 14:54:00,600,600,600,600,0
2022-04-22 14:55:00,600,600,600,600,0
2022-04-22 14:56:00,600,600,600,600,0
2022-04-22 14:57:00,600,600,600,600,0
2022-04-22 14:58:00,600,600,600,600,0
2022-04-22 14:59:00,600,600,600,600,0
2022-04-22 15:00:00,605,605,605,605,0
2022-04-22 15:01:00,605,605,605,605,0
2022-04-22 15:02:00,605,605,605,605,0
2022-04-22 15:03:00,605,605,605,605,0
2022-04-22 15:04:00,605,605,605,605,0
2022-04-22 15:05:00,605,605,605,605,0
2022-04-22 15:06:00,605,605,605,605,0
2022-04-22 15:07:00,605,605,605,605,0
2022-04-22 15:08:00,605,605,605,605,0
2022-04-22 15:09:00,605,605,605,605,0
2022-04-22 15:10:00,605,605,605,605,0
2022-04-22 15:11:00,605,605,605,605,0
2022-04-22 15:12:00,605,605,605,605,0
2022-04-22 15:13:00,605,605,605,605,0
2022-04-22 15:14:00,605,605,605,605,0
2022-04-22 15:15:00,605,605,605,605,0
2022-04-22 15:16:00,605,605,605,605,0
2022-04-22 15:17:00,605,605,605,605,0
2022-04-22 15:18:00,605,605,605,605,0
2022-04-22 15:19:00,605,605,605,605,0
2022-04-22 15:20:00,605,605,605,605,0
2022-04-22 15:21:00,605,605,605,605,0
2022-04-22 15:22:00,605,605,605,605,0
2022-04-22 15:23:00,605,605,605,605,0
2022-04-22 15:24:00,605,605,605,605,0
2022-04-22 15:25:00,605,605,605,605,0
2022-04-22 15:26:00,605,605,605,605,0
2022-04-22 15:27:00,605,605,605,605,0
2022-04-22 15:28:00,605,605,605,605,0
2022-04-22 15:29:00,605,605,605,605,0
2022-04-22 15:30:00,605,605,605,605,0
2022-04-22 15:31:00,605,605,605,605,0
2022-04-22 15:32:00,605,605,605,605,0
2022-04-22 15:33:00,605,605,605,605,0
2022-04-22 15:34:00,605,605,605,605,0
2022-04-22 15:35:00,605,605,605,605,0
2022-04-22 15:36:00,605,605,605,605,0
2022-04-22 15:37:00,605,605,605,605,0
2022-04-22 15:38:00,605,605,605,605,0
2022-04-22 15:39:00,605,605,605,605,0
2022-04-22 15:40:00,605,605,605,605,0
2022-04-22 15:41:00,605,605,605,605,0
2022-04-22 15:42:00,605,605,605,605,0
2022-04-22 15:43:00,605,605,605,605,0
2022-04-22 15:44:00,605,605,605,605,0
2022-04-22 15:45:00,605,605,605,605,0
2022-04-22 15:46:00,605,605,605,605,0
2022-04-22 15:47:00,605,605,605,605,0
2022-04-22 15:48:00,605,605,605,605,0
2022-04-22 15:49:00,605,605,605,605,0
2022-04-22 15:50:00,605,605,605,605,0
2022-04-22 15:51:00,605,605,605,605,0
2022-04-22 15:52:00,605,605,605,605,0
2022-04-22 15:53:00,605,605,605,605,0
2022-04-22 15:54:00,605,605,605,605,0
2022-04-22 15:55:00,605,605,605,605,0
2022-04-22 15:56:00,605,605,605,605,0
2022-04-22 15:57:00,605,605,605,605,0
2022-04-22 15:58:00,605,605,605,605,0
2022-04-22 15:59:00,605,605,605,605,0
2022-04-25 09:00:00,600,600,600,600,0
2022-04-25 09:01:00,600,600,600,600,0
2022-04-25 09:02:00,600,580,600,580,5000
2022-04-25 09:03:00,585,585,605,605,800
2022-04-25 09:04:00,585,585,605,605,0
2022-04-25 09:05:00,600,600,600,600,500
2022-04-25 09:06:00,600,600,600,600,5000
2022-04-25 09:07:00,600,600,605,600,4200
2022-04-25 09:08:00,605,605,605,605,4200
2022-04-25 09:09:00,600,590,600,590,2700
2022-04-25 09:10:00,600,590,600,590,0
2022-04-25 09:11:00,590,590,590,590,2000
2022-04-25 09:12:00,590,590,590,590,0
2022-04-25 09:13:00,590,590,590,590,0
2022-04-25 09:14:00,590,590,590,590,6000
2022-04-25 09:15:00,590,590,590,590,0
2022-04-25 09:16:00,605,605,605,605,500
2022-04-25 09:17:00,605,605,605,605,0
2022-04-25 09:18:00,605,605,605,605,200
2022-04-25 09:19:00,605,605,605,605,0
2022-04-25 09:20:00,605,605,605,605,0
2022-04-25 09:21:00,600,600,600,600,800
2022-04-25 09:22:00,605,605,605,605,30200
2022-04-25 09:23:00,605,605,605,605,0
2022-04-25 09:24:00,605,605,605,605,0
2022-04-25 09:25:00,605,605,605,605,0
2022-04-25 09:26:00,605,605,605,605,0
2022-04-25 09:27:00,605,605,605,605,0
2022-04-25 09:28:00,605,605,605,605,0
2022-04-25 09:29:00,605,605,605,605,0
2022-04-25 09:30:00,605,605,605,605,0
2022-04-25 09:31:00,605,605,605,605,200
2022-04-25 09:32:00,605,605,605,605,0
2022-04-25 09:33:00,605,605,605,605,0
2022-04-25 09:34:00,605,605,605,605,0
2022-04-25 09:35:00,600,600,600,600,300
2022-04-25 09:36:00,600,600,600,600,0
2022-04-25 09:37:00,600,600,600,600,0
2022-04-25 09:38:00,600,600,600,600,800
2022-04-25 09:39:00,600,600,600,600,0
2022-04-25 09:40:00,600,600,600,600,0
2022-04-25 09:41:00,600,600,600,600,300
2022-04-25 09:42:00,600,600,600,600,0
2022-04-25 09:43:00,600,600,600,600,0
2022-04-25 09:44:00,595,595,600,600,600
2022-04-25 09:45:00,595,595,595,595,500
2022-04-25 09:46:00,600,595,600,595,800
2022-04-25 09:47:00,600,600,600,600,200
2022-04-25 09:48:00,595,595,600,595,1000
2022-04-25 09:49:00,595,595,600,600,600
2022-04-25 09:50:00,600,595,600,595,700
2022-04-25 09:51:00,595,595,595,595,300
2022-04-25 09:52:00,590,590,590,590,6000
2022-04-25 09:53:00,590,585,590,585,8400
2022-04-25 09:54:00,600,600,600,600,200
2022-04-25 09:55:00,595,595,595,595,500
2022-04-25 09:56:00,595,595,595,595,0
2022-04-25 09:57:00,595,595,605,605,16000
2022-04-25 09:58:00,600,600,605,605,600
2022-04-25 09:59:00,600,600,605,605,0
2022-04-25 10:00:00,600,600,605,605,0
2022-04-25 10:01:00,600,600,605,605,0
2022-04-25 10:02:00,600,600,605,605,0
2022-04-25 10:03:00,600,600,605,605,0
2022-04-25 10:04:00,600,600,605,605,0
2022-04-25 10:05:00,600,600,605,605,0
2022-04-25 10:06:00,600,600,605,605,0
2022-04-25 10:07:00,600,600,605,605,1000
2022-04-25 10:08:00,600,600,605,605,0
2022-04-25 10:09:00,600,600,605,605,0
2022-04-25 10:10:00,600,600,605,605,0
2022-04-25 10:11:00,605,605,605,605,100
2022-04-25 10:12:00,605,605,605,605,0
2022-04-25 10:13:00,605,605,605,605,0
2022-04-25 10:14:00,605,605,605,605,200
2022-04-25 10:15:00,605,605,605,605,0
2022-04-25 10:16:00,605,605,605,605,0
2022-04-25 10:17:00,605,605,605,605,0
2022-04-25 10:18:00,605,605,605,605,0
2022-04-25 10:19:00,605,605,605,605,0
2022-04-25 10:20:00,605,605,605,605,0
2022-04-25 10:21:00,605,605,605,605,0
2022-04-25 10:22:00,605,605,605,605,0
2022-04-25 10:23:00,605,605,605,605,0
2022-04-25 10:24:00,605,605,605,605,0
2022-04-25 10:25:00,605,605,605,605,0
2022-04-25 10:26:00,605,605,605,605,0
2022-04-25 10:27:00,605,605,605,605,0
2022-04-25 10:28:00,605,605,605,605,0
2022-04-25 10:29:00,605,605,605,605,0
2022-04-25 10:30:00,605,605,605,605,0
2022-04-25 10:31:00,605,605,605,605,0
2022-04-25 10:32:00,605,605,605,605,0
2022-04-25 10:33:00,605,605,605,605,0
2022-04-25 10:34:00,605,605,605,605,0
2022-04-25 10:35:00,605,605,605,605,0
2022-04-25 10:36:00,605,605,605,605,0
2022-04-25 10:37:00,605,605,605,605,0
2022-04-25 10:38:00,605,605,605,605,0
2022-04-25 10:39:00,605,605,605,605,0
2022-04-25 10:40:00,605,605,605,605,0
2022-04-25 10:41:00,605,605,605,605,0
2022-04-25 10:42:00,605,605,605,605,0
2022-04-25 10:43:00,605,605,605,605,0
2022-04-25 10:44:00,605,605,605,605,0
2022-04-25 10:45:00,605,605,605,605,0
2022-04-25 10:46:00,605,605,605,605,0
2022-04-25 10:47:00,605,605,605,605,0
2022-04-25 10:48:00,605,605,605,605,0
2022-04-25 10:49:00,605,605,605,605,0
2022-04-25 10:50:00,605,605,605,605,0
2022-04-25 10:51:00,605,605,605,605,0
2022-04-25 10:52:00,605,605,605,605,0
2022-04-25 10:53:00,605,605,605,605,0
2022-04-25 10:54:00,605,605,605,605,0
2022-04-25 10:55:00,605,605,605,605,0
2022-04-25 10:56:00,605,605,605,605,0
2022-04-25 10:57:00,600,600,605,605,102100
2022-04-25 10:58:00,600,600,605,605,0
2022-04-25 10:59:00,600,600,605,605,0
2022-04-25 11:00:00,600,600,605,605,0
2022-04-25 11:01:00,600,600,605,605,0
2022-04-25 11:02:00,600,600,605,605,0
2022-04-25 11:03:00,600,600,605,605,0
2022-04-25 11:04:00,600,600,605,605,0
2022-04-25 11:05:00,600,600,605,605,0
2022-04-25 11:06:00,600,600,605,605,0
2022-04-25 11:07:00,600,600,605,605,0
2022-04-25 11:08:00,600,600,605,605,0
2022-04-25 11:09:00,600,600,605,605,0
2022-04-25 11:10:00,600,600,605,605,0
2022-04-25 11:11:00,600,600,605,605,0
2022-04-25 11:12:00,600,600,605,605,0
2022-04-25 11:13:00,600,600,605,605,0
2022-04-25 11:14:00,600,600,605,605,0
2022-04-25 11:15:00,600,600,605,605,0
2022-04-25 11:16:00,600,600,605,605,0
2022-04-25 11:17:00,600,600,605,605,0
2022-04-25 11:18:00,600,600,605,605,0
2022-04-25 11:19:00,600,600,605,605,0
2022-04-25 11:20:00,600,600,605,605,0
2022-04-25 11:21:00,600,600,605,605,0
2022-04-25 11:22:00,600,600,605,605,0
2022-04-25 11:23:00,600,600,605,605,0
2022-04-25 11:24:00,600,600,605,605,0
2022-04-25 11:25:00,600,600,605,605,0
2022-04-25 11:26:00,605,605,605,605,200
2022-04-25 11:27:00,605,605,605,605,0
2022-04-25 11:28:00,605,605,605,605,0
2022-04-25 11:29:00,605,605,605,605,200
2022-04-25 11:30:00,605,605,605,605,0
2022-04-25 11:31:00,605,605,605,605,0
2022-04-25 11:32:00,605,605,605,605,0
2022-04-25 11:33:00,605,605,605,605,0
2022-04-25 11:34:00,605,605,605,605,0
2022-04-25 11:35:00,605,605,605,605,0
2022-04-25 11:36:00,605,605,605,605,0
2022-04-25 11:37:00,605,605,605,605,0
2022-04-25 11:38:00,605,605,605,605,0
2022-04-25 11:39:00,605,605,605,605,0
2022-04-25 11:40:00,605,605,605,605,0
2022-04-25 11:41:00,605,605,605,605,0
2022-04-25 11:42:00,605,605,605,605,0
2022-04-25 11:43:00,605,605,605,605,0
2022-04-25 11:44:00,605,605,605,605,0
2022-04-25 11:45:00,605,605,605,605,0
2022-04-25 11:46:00,605,605,605,605,0
2022-04-25 11:47:00,605,605,605,605,0
2022-04-25 11:48:00,605,605,605,605,0
2022-04-25 11:49:00,605,605,605,605,0
2022-04-25 11:50:00,605,605,605,605,0
2022-04-25 11:51:00,605,605,605,605,0
2022-04-25 11:52:00,605,605,605,605,0
2022-04-25 11:53:00,605,605,605,605,0
2022-04-25 11:54:00,605,605,605,605,0
2022-04-25 11:55:00,605,605,605,605,0
2022-04-25 11:56:00,605,605,605,605,0
2022-04-25 11:57:00,605,605,605,605,0
2022-04-25 11:58:00,605,605,605,605,0
2022-04-25 11:59:00,605,605,605,605,0
2022-04-25 12:00:00,605,605,605,605,0
2022-04-25 12:01:00,605,605,605,605,0
2022-04-25 12:02:00,605,605,605,605,0
2022-04-25 12:03:00,605,605,605,605,0
2022-04-25 12:04:00,605,605,605,605,0
2022-04-25 12:05:00,605,605,605,605,0
2022-04-25 12:06:00,605,605,605,605,0
2022-04-25 12:07:00,605,605,605,605,0
2022-04-25 12:08:00,605,605,605,605,0
2022-04-25 12:09:00,605,605,605,605,0
2022-04-25 12:10:00,605,605,605,605,0
2022-04-25 12:11:00,605,605,605,605,0
2022-04-25 12:12:00,605,605,605,605,0
2022-04-25 12:13:00,605,605,605,605,0
2022-04-25 12:14:00,605,605,605,605,0
2022-04-25 12:15:00,605,605,605,605,0
2022-04-25 12:16:00,605,605,605,605,0
2022-04-25 12:17:00,605,605,605,605,0
2022-04-25 12:18:00,605,605,605,605,0
2022-04-25 12:19:00,605,605,605,605,0
2022-04-25 12:20:00,605,605,605,605,0
2022-04-25 12:21:00,605,605,605,605,0
2022-04-25 12:22:00,605,605,605,605,0
2022-04-25 12:23:00,605,605,605,605,0
2022-04-25 12:24:00,605,605,605,605,0
2022-04-25 12:25:00,605,605,605,605,0
2022-04-25 12:26:00,605,605,605,605,0
2022-04-25 12:27:00,605,605,605,605,0
2022-04-25 12:28:00,605,605,605,605,0
2022-04-25 12:29:00,605,605,605,605,0
2022-04-25 12:30:00,605,605,605,605,0
2022-04-25 12:31:00,605,605,605,605,0
2022-04-25 12:32:00,605,605,605,605,0
2022-04-25 12:33:00,605,605,605,605,0
2022-04-25 12:34:00,605,605,605,605,0
2022-04-25 12:35:00,605,605,605,605,0
2022-04-25 12:36:00,605,605,605,605,0
2022-04-25 12:37:00,605,605,605,605,0
2022-04-25 12:38:00,605,605,605,605,0
2022-04-25 12:39:00,605,605,605,605,0
2022-04-25 12:40:00,605,605,605,605,0
2022-04-25 12:41:00,605,605,605,605,0
2022-04-25 12:42:00,605,605,605,605,0
2022-04-25 12:43:00,605,605,605,605,0
2022-04-25 12:44:00,605,605,605,605,0
2022-04-25 12:45:00,605,605,605,605,0
2022-04-25 12:46:00,605,605,605,605,0
2022-04-25 12:47:00,605,605,605,605,0
2022-04-25 12:48:00,605,605,605,605,0
2022-04-25 12:49:00,605,605,605,605,0
2022-04-25 12:50:00,605,605,605,605,0
2022-04-25 12:51:00,605,605,605,605,0
2022-04-25 12:52:00,605,605,605,605,0
2022-04-25 12:53:00,605,605,605,605,0
2022-04-25 12:54:00,605,605,605,605,0
2022-04-25 12:55:00,605,605,605,605,0
2022-04-25 12:56:00,605,605,605,605,0
2022-04-25 12:57:00,605,605,605,605,0
2022-04-25 12:58:00,605,605,605,605,0
2022-04-25 12:59:00,605,605,605,605,0
2022-04-25 13:00:00,605,605,605,605,0
2022-04-25 13:01:00,605,605,605,605,0
2022-04-25 13:02:00,605,605,605,605,0
2022-04-25 13:03:00,605,605,605,605,0
2022-04-25 13:04:00,605,605,605,605,0
2022-04-25 13:05:00,605,605,605,605,0
2022-04-25 13:06:00,605,605,605,605,0
2022-04-25 13:07:00,605,605,605,605,0
2022-04-25 13:08:00,605,605,605,605,0
2022-04-25 13:09:00,605,605,605,605,0
2022-04-25 13:10:00,605,605,605,605,0
2022-04-25 13:11:00,605,605,605,605,0
2022-04-25 13:12:00,605,605,605,605,0
2022-04-25 13:13:00,605,605,605,605,0
2022-04-25 13:14:00,605,605,605,605,0
2022-04-25 13:15:00,605,605,605,605,0
2022-04-25 13:16:00,605,605,605,605,0
2022-04-25 13:17:00,605,605,605,605,0
2022-04-25 13:18:00,605,605,605,605,0
2022-04-25 13:19:00,605,605,605,605,0
2022-04-25 13:20:00,605,605,605,605,0
2022-04-25 13:21:00,605,605,605,605,0
2022-04-25 13:22:00,605,605,605,605,0
2022-04-25 13:23:00,605,605,605,605,0
2022-04-25 13:24:00,605,605,605,605,0
2022-04-25 13:25:00,605,605,605,605,0
2022-04-25 13:26:00,605,605,605,605,0
2022-04-25 13:27:00,605,605,605,605,0
2022-04-25 13:28:00,605,605,605,605,0
2022-04-25 13:29:00,605,605,605,605,0
2022-04-25 13:30:00,605,605,605,605,1400
2022-04-25 13:31:00,605,605,605,605,0
2022-04-25 13:32:00,605,605,605,605,0
2022-04-25 13:33:00,605,605,605,605,0
2022-04-25 13:34:00,600,600,600,600,2000
2022-04-25 13:35:00,600,600,600,600,0
2022-04-25 13:36:00,600,600,600,600,0
2022-04-25 13:37:00,600,600,600,600,1100
2022-04-25 13:38:00,600,600,600,600,0
2022-04-25 13:39:00,600,600,600,600,0
2022-04-25 13:40:00,600,600,600,600,0
2022-04-25 13:41:00,600,600,600,600,0
2022-04-25 13:42:00,600,600,600,600,100
2022-04-25 13:43:00,600,600,600,600,0
2022-04-25 13:44:00,600,595,600,600,5300
2022-04-25 13:45:00,600,595,600,600,0
2022-04-25 13:46:00,600,595,600,600,0
2022-04-25 13:47:00,600,595,600,600,0
2022-04-25 13:48:00,600,595,600,600,0
2022-04-25 13:49:00,600,595,600,600,0
2022-04-25 13:50:00,600,595,600,600,0
2022-04-25 13:51:00,600,595,600,600,0
2022-04-25 13:52:00,600,595,600,600,0
2022-04-25 13:53:00,600,595,600,600,0
2022-04-25 13:54:00,600,595,600,600,0
2022-04-25 13:55:00,600,595,600,600,0
2022-04-25 13:56:00,600,595,600,600,0
2022-04-25 13:57:00,600,595,600,600,0
2022-04-25 13:58:00,595,595,600,600,800
2022-04-25 13:59:00,595,595,600,600,0
2022-04-25 14:00:00,595,595,600,600,0
2022-04-25 14:01:00,595,595,600,600,0
2022-04-25 14:02:00,600,600,600,600,500
2022-04-25 14:03:00,600,600,600,600,0
2022-04-25 14:04:00,600,600,600,600,0
2022-04-25 14:05:00,600,600,600,600,0
2022-04-25 14:06:00,600,600,600,600,0
2022-04-25 14:07:00,600,600,600,600,0
2022-04-25 14:08:00,600,600,600,600,0
2022-04-25 14:09:00,600,600,600,600,0
2022-04-25 14:10:00,600,600,600,600,0
2022-04-25 14:11:00,600,600,600,600,0
2022-04-25 14:12:00,600,600,600,600,0
2022-04-25 14:13:00,600,600,600,600,0
2022-04-25 14:14:00,600,600,600,600,0
2022-04-25 14:15:00,600,600,600,600,0
2022-04-25 14:16:00,600,600,600,600,0
2022-04-25 14:17:00,600,600,600,600,0
2022-04-25 14:18:00,600,600,600,600,0
2022-04-25 14:19:00,600,600,600,600,0
2022-04-25 14:20:00,600,600,600,600,0
2022-04-25 14:21:00,600,600,600,600,0
2022-04-25 14:22:00,600,600,600,600,0
2022-04-25 14:23:00,600,600,600,600,0
2022-04-25 14:24:00,600,600,600,600,0
2022-04-25 14:25:00,600,600,600,600,0
2022-04-25 14:26:00,600,600,600,600,0
2022-04-25 14:27:00,600,600,600,600,0
2022-04-25 14:28:00,600,600,600,600,0
2022-04-25 14:29:00,600,600,600,600,0
2022-04-25 14:30:00,600,600,600,600,0
2022-04-25 14:31:00,600,600,600,600,0
2022-04-25 14:32:00,600,600,600,600,0
2022-04-25 14:33:00,600,600,600,600,0
2022-04-25 14:34:00,600,600,600,600,0
2022-04-25 14:35:00,600,600,600,600,0
2022-04-25 14:36:00,600,600,600,600,0
2022-04-25 14:37:00,600,600,600,600,0
2022-04-25 14:38:00,600,600,600,600,0
2022-04-25 14:39:00,600,600,600,600,0
2022-04-25 14:40:00,600,600,600,600,0
2022-04-25 14:41:00,600,600,600,600,0
2022-04-25 14:42:00,600,600,600,600,0
2022-04-25 14:43:00,600,600,600,600,0
2022-04-25 14:44:00,600,600,600,600,0
2022-04-25 14:45:00,600,600,600,600,0
2022-04-25 14:46:00,600,600,600,600,0
2022-04-25 14:47:00,600,600,600,600,0
2022-04-25 14:48:00,600,600,600,600,0
2022-04-25 14:49:00,600,600,600,600,0
2022-04-25 14:50:00,600,600,600,600,0
2022-04-25 14:51:00,600,600,600,600,0
2022-04-25 14:52:00,600,600,600,600,0
2022-04-25 14:53:00,600,600,600,600,0
2022-04-25 14:54:00,600,600,600,600,0
2022-04-25 14:55:00,600,600,600,600,0
2022-04-25 14:56:00,600,600,600,600,0
2022-04-25 14:57:00,600,600,600,600,0
2022-04-25 14:58:00,600,600,600,600,0
2022-04-25 14:59:00,600,600,600,600,0
2022-04-25 15:00:00,600,600,600,600,36600
2022-04-25 15:01:00,600,600,600,600,0
2022-04-25 15:02:00,600,600,600,600,0
2022-04-25 15:03:00,600,600,600,600,0
2022-04-25 15:04:00,600,600,600,600,0
2022-04-25 15:05:00,600,600,600,600,0
2022-04-25 15:06:00,600,600,600,600,0
2022-04-25 15:07:00,600,600,600,600,0
2022-04-25 15:08:00,600,600,600,600,0
2022-04-25 15:09:00,600,600,600,600,0
2022-04-25 15:10:00,600,600,600,600,0
2022-04-25 15:11:00,600,600,600,600,0
2022-04-25 15:12:00,600,600,600,600,0
2022-04-25 15:13:00,600,600,600,600,0
2022-04-25 15:14:00,600,600,600,600,0
2022-04-25 15:15:00,600,600,600,600,0
2022-04-25 15:16:00,600,600,600,600,0
2022-04-25 15:17:00,600,600,600,600,0
2022-04-25 15:18:00,600,600,600,600,0
2022-04-25 15:19:00,600,600,600,600,0
2022-04-25 15:20:00,600,600,600,600,0
2022-04-25 15:21:00,600,600,600,600,0
2022-04-25 15:22:00,600,600,600,600,0
2022-04-25 15:23:00,600,600,600,600,0
2022-04-25 15:24:00,600,600,600,600,0
2022-04-25 15:25:00,600,600,600,600,0
2022-04-25 15:26:00,600,600,600,600,0
2022-04-25 15:27:00,600,600,600,600,0
2022-04-25 15:28:00,600,600,600,600,0
2022-04-25 15:29:00,600,600,600,600,0
2022-04-25 15:30:00,600,600,600,600,0
2022-04-25 15:31:00,600,600,600,600,0
2022-04-25 15:32:00,600,600,600,600,0
2022-04-25 15:33:00,600,600,600,600,0
2022-04-25 15:34:00,600,600,600,600,0
2022-04-25 15:35:00,600,600,600,600,0
2022-04-25 15:36:00,600,600,600,600,0
2022-04-25 15:37:00,600,600,600,600,0
2022-04-25 15:38:00,600,600,600,600,0
2022-04-25 15:39:00,600,600,600,600,0
2022-04-25 15:40:00,600,600,600,600,0
2022-04-25 15:41:00,600,600,600,600,0
2022-04-25 15:42:00,600,600,600,600,0
2022-04-25 15:43:00,600,600,600,600,0
2022-04-25 15:44:00,600,600,600,600,0
2022-04-25 15:45:00,600,600,600,600,0
2022-04-25 15:46:00,600,600,600,600,0
2022-04-25 15:47:00,600,600,600,600,0
2022-04-25 15:48:00,600,600,600,600,0
2022-04-25 15:49:00,600,600,600,600,0
2022-04-25 15:50:00,600,600,600,600,0
2022-04-25 15:51:00,600,600,600,600,0
2022-04-25 15:52:00,600,600,600,600,0
2022-04-25 15:53:00,600,600,600,600,0
2022-04-25 15:54:00,600,600,600,600,0
2022-04-25 15:55:00,600,600,600,600,0
2022-04-25 15:56:00,600,600,600,600,0
2022-04-25 15:57:00,600,600,600,600,0
2022-04-25 15:58:00,600,600,600,600,0
2022-04-25 15:59:00,600,600,600,600,0
2022-04-26 09:00:00,600,600,600,600,0
2022-04-26 09:01:00,600,600,600,600,0
2022-04-26 09:02:00,600,600,600,600,0
2022-04-26 09:03:00,600,600,600,600,300
2022-04-26 09:04:00,595,590,595,590,500
2022-04-26 09:05:00,595,590,595,590,0
2022-04-26 09:06:00,600,600,600,600,300
2022-04-26 09:07:00,600,600,600,600,500
2022-04-26 09:08:00,600,600,600,600,400
2022-04-26 09:09:00,600,600,600,600,0
2022-04-26 09:10:00,600,600,600,600,0
2022-04-26 09:11:00,600,600,600,600,0
2022-04-26 09:12:00,600,600,600,600,0
2022-04-26 09:13:00,600,600,605,605,30000
2022-04-26 09:14:00,600,600,605,605,0
2022-04-26 09:15:00,605,605,605,605,200
2022-04-26 09:16:00,605,605,605,605,0
2022-04-26 09:17:00,605,605,605,605,0
2022-04-26 09:18:00,605,605,605,605,0
2022-04-26 09:19:00,600,600,600,600,700
2022-04-26 09:20:00,600,600,600,600,100
2022-04-26 09:21:00,605,605,605,605,300
2022-04-26 09:22:00,605,605,605,605,200
2022-04-26 09:23:00,605,605,605,605,200
2022-04-26 09:24:00,605,605,605,605,0
2022-04-26 09:25:00,600,600,605,605,700
2022-04-26 09:26:00,600,600,605,605,0
2022-04-26 09:27:00,600,600,605,605,0
2022-04-26 09:28:00,600,600,605,605,0
2022-04-26 09:29:00,600,600,605,605,0
2022-04-26 09:30:00,600,600,605,605,0
2022-04-26 09:31:00,600,600,605,605,0
2022-04-26 09:32:00,600,600,605,605,0
2022-04-26 09:33:00,600,600,600,600,500
2022-04-26 09:34:00,600,600,600,600,0
2022-04-26 09:35:00,605,605,605,605,200
2022-04-26 09:36:00,600,600,600,600,500
2022-04-26 09:37:00,600,600,600,600,0
2022-04-26 09:38:00,600,600,600,600,0
2022-04-26 09:39:00,595,595,600,600,1300
2022-04-26 09:40:00,595,595,600,600,0
2022-04-26 09:41:00,595,595,600,600,0
2022-04-26 09:42:00,595,595,600,600,0
2022-04-26 09:43:00,595,595,600,600,0
2022-04-26 09:44:00,595,595,600,600,0
2022-04-26 09:45:00,595,595,600,600,0
2022-04-26 09:46:00,595,595,600,600,0
2022-04-26 09:47:00,595,595,600,600,0
2022-04-26 09:48:00,600,600,600,600,10000
2022-04-26 09:49:00,595,595,595,595,500
2022-04-26 09:50:00,590,590,595,595,10500
2022-04-26 09:51:00,590,590,595,595,0
2022-04-26 09:52:00,595,595,600,600,5000
2022-04-26 09:53:00,595,595,600,600,0
2022-04-26 09:54:00,595,595,600,600,0
2022-04-26 09:55:00,595,595,600,600,0
2022-04-26 09:56:00,595,595,600,600,0
2022-04-26 09:57:00,595,595,600,600,0
2022-04-26 09:58:00,595,595,600,600,0
2022-04-26 09:59:00,595,595,600,600,0
2022-04-26 10:00:00,595,595,600,600,0
2022-04-26 10:01:00,595,595,600,600,0
2022-04-26 10:02:00,595,595,595,595,400
2022-04-26 10:03:00,595,595,595,595,0
2022-04-26 10:04:00,600,600,600,600,500
2022-04-26 10:05:00,600,600,600,600,0
2022-04-26 10:06:00,600,600,600,600,0
2022-04-26 10:07:00,600,600,600,600,0
2022-04-26 10:08:00,600,600,600,600,0
2022-04-26 10:09:00,600,600,600,600,0
2022-04-26 10:10:00,600,600,600,600,0
2022-04-26 10:11:00,600,600,600,600,0
2022-04-26 10:12:00,600,600,600,600,0
2022-04-26 10:13:00,600,600,600,600,0
2022-04-26 10:14:00,595,595,595,595,700
2022-04-26 10:15:00,595,595,595,595,0
2022-04-26 10:16:00,595,595,595,595,0
2022-04-26 10:17:00,595,595,595,595,5400
2022-04-26 10:18:00,595,595,595,595,0
2022-04-26 10:19:00,595,595,595,595,0
2022-04-26 10:20:00,595,595,595,595,0
2022-04-26 10:21:00,595,595,595,595,0
2022-04-26 10:22:00,595,595,595,595,4500
2022-04-26 10:23:00,595,595,600,600,600
2022-04-26 10:24:00,595,595,600,600,0
2022-04-26 10:25:00,595,595,595,595,200
2022-04-26 10:26:00,600,600,600,600,300
2022-04-26 10:27:00,600,600,600,600,0
2022-04-26 10:28:00,600,600,600,600,0
2022-04-26 10:29:00,595,595,595,595,400
2022-04-26 10:30:00,595,595,595,595,0
2022-04-26 10:31:00,595,595,595,595,0
2022-04-26 10:32:00,595,595,595,595,0
2022-04-26 10:33:00,595,595,595,595,0
2022-04-26 10:34:00,595,595,595,595,0
2022-04-26 10:35:00,595,595,600,600,3000
2022-04-26 10:36:00,595,595,600,600,0
2022-04-26 10:37:00,595,595,600,600,0
2022-04-26 10:38:00,595,595,600,600,0
2022-04-26 10:39:00,600,600,600,600,200
2022-04-26 10:40:00,600,600,600,600,0
2022-04-26 10:41:00,600,600,600,600,0
2022-04-26 10:42:00,600,600,600,600,0
2022-04-26 10:43:00,600,600,600,600,0
2022-04-26 10:44:00,600,600,600,600,0
2022-04-26 10:45:00,600,600,600,600,0
2022-04-26 10:46:00,600,600,600,600,0
2022-04-26 10:47:00,600,600,600,600,0
2022-04-26 10:48:00,600,600,600,600,0
2022-04-26 10:49:00,600,600,600,600,0
2022-04-26 10:50:00,600,600,600,600,0
2022-04-26 10:51:00,600,600,600,600,0
2022-04-26 10:52:00,600,600,600,600,0
2022-04-26 10:53:00,600,600,600,600,100
2022-04-26 10:54:00,600,600,600,600,0
2022-04-26 10:55:00,600,600,600,600,0
2022-04-26 10:56:00,600,600,600,600,0
2022-04-26 10:57:00,600,600,600,600,0
2022-04-26 10:58:00,600,600,600,600,0
2022-04-26 10:59:00,600,600,600,600,0
2022-04-26 11:00:00,600,600,600,600,0
2022-04-26 11:01:00,600,600,600,600,0
2022-04-26 11:02:00,600,600,600,600,0
2022-04-26 11:03:00,600,600,600,600,0
2022-04-26 11:04:00,600,600,600,600,0
2022-04-26 11:05:00,600,600,600,600,0
2022-04-26 11:06:00,600,600,600,600,0
2022-04-26 11:07:00,600,600,600,600,0
2022-04-26 11:08:00,600,600,600,600,0
2022-04-26 11:09:00,600,600,600,600,0
2022-04-26 11:10:00,600,600,600,600,0
2022-04-26 11:11:00,600,600,600,600,0
2022-04-26 11:12:00,600,600,600,600,0
2022-04-26 11:13:00,600,600,600,600,0
2022-04-26 11:14:00,600,600,600,600,0
2022-04-26 11:15:00,600,600,600,600,0
2022-04-26 11:16:00,600,600,600,600,0
2022-04-26 11:17:00,600,600,600,600,300
2022-04-26 11:18:00,600,600,600,600,0
2022-04-26 11:19:00,600,600,600,600,0
2022-04-26 11:20:00,595,595,595,595,10600
2022-04-26 11:21:00,595,595,600,600,1000
2022-04-26 11:22:00,600,600,600,600,200
2022-04-26 11:23:00,600,600,600,600,0
2022-04-26 11:24:00,600,600,600,600,300
2022-04-26 11:25:00,600,600,600,600,0
2022-04-26 11:26:00,600,600,600,600,0
2022-04-26 11:27:00,600,600,600,600,200
2022-04-26 11:28:00,600,600,600,600,300
2022-04-26 11:29:00,600,600,600,600,300
2022-04-26 11:30:00,600,600,600,600,0
2022-04-26 11:31:00,600,600,600,600,0
2022-04-26 11:32:00,600,600,600,600,0
2022-04-26 11:33:00,600,600,600,600,0
2022-04-26 11:34:00,600,600,600,600,0
2022-04-26 11:35:00,600,600,600,600,0
2022-04-26 11:36:00,600,600,600,600,0
2022-04-26 11:37:00,600,600,600,600,0
2022-04-26 11:38:00,600,600,600,600,0
2022-04-26 11:39:00,600,600,600,600,0
2022-04-26 11:40:00,600,600,600,600,0
2022-04-26 11:41:00,600,600,600,600,0
2022-04-26 11:42:00,600,600,600,600,0
2022-04-26 11:43:00,600,600,600,600,0
2022-04-26 11:44:00,600,600,600,600,0
2022-04-26 11:45:00,600,600,600,600,0
2022-04-26 11:46:00,600,600,600,600,0
2022-04-26 11:47:00,600,600,600,600,0
2022-04-26 11:48:00,600,600,600,600,0
2022-04-26 11:49:00,600,600,600,600,0
2022-04-26 11:50:00,600,600,600,600,0
2022-04-26 11:51:00,600,600,600,600,0
2022-04-26 11:52:00,600,600,600,600,0
2022-04-26 11:53:00,600,600,600,600,0
2022-04-26 11:54:00,600,600,600,600,0
2022-04-26 11:55:00,600,600,600,600,0
2022-04-26 11:56:00,600,600,600,600,0
2022-04-26 11:57:00,600,600,600,600,0
2022-04-26 11:58:00,600,600,600,600,0
2022-04-26 11:59:00,600,600,600,600,0
2022-04-26 12:00:00,600,600,600,600,0
2022-04-26 12:01:00,600,600,600,600,0
2022-04-26 12:02:00,600,600,600,600,0
2022-04-26 12:03:00,600,600,600,600,0
2022-04-26 12:04:00,600,600,600,600,0
2022-04-26 12:05:00,600,600,600,600,0
2022-04-26 12:06:00,600,600,600,600,0
2022-04-26 12:07:00,600,600,600,600,0
2022-04-26 12:08:00,600,600,600,600,0
2022-04-26 12:09:00,600,600,600,600,0
2022-04-26 12:10:00,600,600,600,600,0
2022-04-26 12:11:00,600,600,600,600,0
2022-04-26 12:12:00,600,600,600,600,0
2022-04-26 12:13:00,600,600,600,600,0
2022-04-26 12:14:00,600,600,600,600,0
2022-04-26 12:15:00,600,600,600,600,0
2022-04-26 12:16:00,600,600,600,600,0
2022-04-26 12:17:00,600,600,600,600,0
2022-04-26 12:18:00,600,600,600,600,0
2022-04-26 12:19:00,600,600,600,600,0
2022-04-26 12:20:00,600,600,600,600,0
2022-04-26 12:21:00,600,600,600,600,0
2022-04-26 12:22:00,600,600,600,600,0
2022-04-26 12:23:00,600,600,600,600,0
2022-04-26 12:24:00,600,600,600,600,0
2022-04-26 12:25:00,600,600,600,600,0
2022-04-26 12:26:00,600,600,600,600,0
2022-04-26 12:27:00,600,600,600,600,0
2022-04-26 12:28:00,600,600,600,600,0
2022-04-26 12:29:00,600,600,600,600,0
2022-04-26 12:30:00,600,600,600,600,0
2022-04-26 12:31:00,600,600,600,600,0
2022-04-26 12:32:00,600,600,600,600,0
2022-04-26 12:33:00,600,600,600,600,0
2022-04-26 12:34:00,600,600,600,600,0
2022-04-26 12:35:00,600,600,600,600,0
2022-04-26 12:36:00,600,600,600,600,0
2022-04-26 12:37:00,600,600,600,600,0
2022-04-26 12:38:00,600,600,600,600,0
2022-04-26 12:39:00,600,600,600,600,0
2022-04-26 12:40:00,600,600,600,600,0
2022-04-26 12:41:00,600,600,600,600,0
2022-04-26 12:42:00,600,600,600,600,0
2022-04-26 12:43:00,600,600,600,600,0
2022-04-26 12:44:00,600,600,600,600,0
2022-04-26 12:45:00,600,600,600,600,0
2022-04-26 12:46:00,600,600,600,600,0
2022-04-26 12:47:00,600,600,600,600,0
2022-04-26 12:48:00,600,600,600,600,0
2022-04-26 12:49:00,600,600,600,600,0
2022-04-26 12:50:00,600,600,600,600,0
2022-04-26 12:51:00,600,600,600,600,0
2022-04-26 12:52:00,600,600,600,600,0
2022-04-26 12:53:00,600,600,600,600,0
2022-04-26 12:54:00,600,600,600,600,0
2022-04-26 12:55:00,600,600,600,600,0
2022-04-26 12:56:00,600,600,600,600,0
2022-04-26 12:57:00,600,600,600,600,0
2022-04-26 12:58:00,600,600,600,600,0
2022-04-26 12:59:00,600,600,600,600,0
2022-04-26 13:00:00,600,600,600,600,0
2022-04-26 13:01:00,600,600,600,600,0
2022-04-26 13:02:00,600,600,600,600,0
2022-04-26 13:03:00,600,600,600,600,0
2022-04-26 13:04:00,600,600,600,600,0
2022-04-26 13:05:00,600,600,600,600,0
2022-04-26 13:06:00,600,600,600,600,0
2022-04-26 13:07:00,600,600,600,600,0
2022-04-26 13:08:00,600,600,600,600,0
2022-04-26 13:09:00,600,600,600,600,0
2022-04-26 13:10:00,600,600,600,600,0
2022-04-26 13:11:00,600,600,600,600,0
2022-04-26 13:12:00,600,600,600,600,0
2022-04-26 13:13:00,600,600,600,600,0
2022-04-26 13:14:00,600,600,600,600,0
2022-04-26 13:15:00,600,600,600,600,0
2022-04-26 13:16:00,600,600,600,600,0
2022-04-26 13:17:00,600,600,600,600,0
2022-04-26 13:18:00,600,600,600,600,0
2022-04-26 13:19:00,600,600,600,600,0
2022-04-26 13:20:00,600,600,600,600,0
2022-04-26 13:21:00,600,600,600,600,0
2022-04-26 13:22:00,600,600,600,600,0
2022-04-26 13:23:00,600,600,600,600,0
2022-04-26 13:24:00,600,600,600,600,0
2022-04-26 13:25:00,600,600,600,600,0
2022-04-26 13:26:00,600,600,600,600,0
2022-04-26 13:27:00,600,600,600,600,0
2022-04-26 13:28:00,600,600,600,600,0
2022-04-26 13:29:00,600,600,600,600,0
2022-04-26 13:30:00,600,600,600,600,50800
2022-04-26 13:31:00,600,600,600,600,0
2022-04-26 13:32:00,600,600,600,600,900
2022-04-26 13:33:00,600,600,600,600,0
2022-04-26 13:34:00,600,600,600,600,0
2022-04-26 13:35:00,600,600,600,600,0
2022-04-26 13:36:00,600,600,600,600,0
2022-04-26 13:37:00,600,600,600,600,0
2022-04-26 13:38:00,600,600,600,600,0
2022-04-26 13:39:00,600,600,600,600,0
2022-04-26 13:40:00,600,600,600,600,0
2022-04-26 13:41:00,600,600,600,600,0
2022-04-26 13:42:00,600,600,600,600,0
2022-04-26 13:43:00,600,600,600,600,0
2022-04-26 13:44:00,600,600,600,600,0
2022-04-26 13:45:00,600,600,600,600,0
2022-04-26 13:46:00,600,600,600,600,0
2022-04-26 13:47:00,600,600,600,600,0
2022-04-26 13:48:00,600,600,600,600,0
2022-04-26 13:49:00,600,600,600,600,0
2022-04-26 13:50:00,600,600,600,600,0
2022-04-26 13:51:00,600,600,600,600,0
2022-04-26 13:52:00,600,600,600,600,0
2022-04-26 13:53:00,600,600,600,600,0
2022-04-26 13:54:00,600,600,600,600,0
2022-04-26 13:55:00,600,600,600,600,0
2022-04-26 13:56:00,600,600,600,600,0
2022-04-26 13:57:00,600,600,600,600,0
2022-04-26 13:58:00,600,600,600,600,0
2022-04-26 13:59:00,600,600,600,600,0
2022-04-26 14:00:00,600,600,600,600,0
2022-04-26 14:01:00,600,600,600,600,0
2022-04-26 14:02:00,600,600,600,600,0
2022-04-26 14:03:00,600,600,600,600,0
2022-04-26 14:04:00,595,595,595,595,1900
2022-04-26 14:05:00,595,595,595,595,0
2022-04-26 14:06:00,600,600,600,600,0
2022-04-26 14:07:00,600,600,600,600,179800
2022-04-26 14:08:00,600,600,600,600,0
2022-04-26 14:09:00,600,600,600,600,0
2022-04-26 14:10:00,600,600,600,600,500
2022-04-26 14:11:00,600,600,600,600,0
2022-04-26 14:12:00,600,600,600,600,0
2022-04-26 14:13:00,600,600,600,600,0
2022-04-26 14:14:00,600,600,600,600,0
2022-04-26 14:15:00,600,600,600,600,0
2022-04-26 14:16:00,600,600,600,600,0
2022-04-26 14:17:00,600,600,600,600,0
2022-04-26 14:18:00,595,595,600,600,900
2022-04-26 14:19:00,595,595,600,600,0
2022-04-26 14:20:00,595,595,600,600,0
2022-04-26 14:21:00,595,595,600,600,0
2022-04-26 14:22:00,595,595,600,600,0
2022-04-26 14:23:00,595,595,600,600,0
2022-04-26 14:24:00,595,595,600,600,0
2022-04-26 14:25:00,595,595,600,600,0
2022-04-26 14:26:00,595,595,600,600,0
2022-04-26 14:27:00,595,595,600,600,0
2022-04-26 14:28:00,600,600,600,600,400
2022-04-26 14:29:00,600,600,600,600,0
2022-04-26 14:30:00,600,600,600,600,0
2022-04-26 14:31:00,600,600,600,600,0
2022-04-26 14:32:00,600,600,600,600,0
2022-04-26 14:33:00,600,600,600,600,0
2022-04-26 14:34:00,600,600,600,600,0
2022-04-26 14:35:00,600,600,600,600,0
2022-04-26 14:36:00,600,600,600,600,0
2022-04-26 14:37:00,600,600,600,600,0
2022-04-26 14:38:00,600,600,600,600,0
2022-04-26 14:39:00,600,600,600,600,800
2022-04-26 14:40:00,600,600,600,600,0
2022-04-26 14:41:00,600,600,600,600,0
2022-04-26 14:42:00,600,600,600,600,0
2022-04-26 14:43:00,600,600,600,600,0
2022-04-26 14:44:00,600,600,600,600,0
2022-04-26 14:45:00,600,600,600,600,0
2022-04-26 14:46:00,600,600,600,600,0
2022-04-26 14:47:00,595,595,600,600,1400
2022-04-26 14:48:00,595,595,600,600,0
2022-04-26 14:49:00,600,600,600,600,500
2022-04-26 14:50:00,600,600,600,600,0
2022-04-26 14:51:00,600,600,600,600,0
2022-04-26 14:52:00,600,600,600,600,0
2022-04-26 14:53:00,600,600,600,600,0
2022-04-26 14:54:00,600,600,600,600,0
2022-04-26 14:55:00,600,600,600,600,0
2022-04-26 14:56:00,600,600,600,600,0
2022-04-26 14:57:00,600,600,600,600,0
2022-04-26 14:58:00,600,600,600,600,0
2022-04-26 14:59:00,600,600,600,600,0
2022-04-26 15:00:00,600,600,600,600,40600
2022-04-26 15:01:00,600,600,600,600,0
2022-04-26 15:02:00,600,600,600,600,0
2022-04-26 15:03:00,600,600,600,600,0
2022-04-26 15:04:00,600,600,600,600,0
2022-04-26 15:05:00,600,600,600,600,0
2022-04-26 15:06:00,600,600,600,600,0
2022-04-26 15:07:00,600,600,600,600,0
2022-04-26 15:08:00,600,600,600,600,0
2022-04-26 15:09:00,600,600,600,600,0
2022-04-26 15:10:00,600,600,600,600,100
2022-04-26 15:11:00,600,600,600,600,900
2022-04-26 15:12:00,600,600,600,600,0
2022-04-26 15:13:00,600,600,600,600,0
2022-04-26 15:14:00,600,600,600,600,0
2022-04-26 15:15:00,600,600,600,600,0
2022-04-26 15:16:00,600,600,600,600,0
2022-04-26 15:17:00,600,600,600,600,0
2022-04-26 15:18:00,600,600,600,600,0
2022-04-26 15:19:00,600,600,600,600,0
2022-04-26 15:20:00,600,600,600,600,0
2022-04-26 15:21:00,600,600,600,600,0
2022-04-26 15:22:00,600,600,600,600,0
2022-04-26 15:23:00,600,600,600,600,0
2022-04-26 15:24:00,600,600,600,600,0
2022-04-26 15:25:00,600,600,600,600,0
2022-04-26 15:26:00,600,600,600,600,0
2022-04-26 15:27:00,600,600,600,600,0
2022-04-26 15:28:00,600,600,600,600,0
2022-04-26 15:29:00,600,600,600,600,0
2022-04-26 15:30:00,600,600,600,600,0
2022-04-26 15:31:00,600,600,600,600,0
2022-04-26 15:32:00,600,600,600,600,0
2022-04-26 15:33:00,600,600,600,600,0
2022-04-26 15:34:00,600,600,600,600,0
2022-04-26 15:35:00,600,600,600,600,0
2022-04-26 15:36:00,600,600,600,600,0
2022-04-26 15:37:00,600,600,600,600,0
2022-04-26 15:38:00,600,600,600,600,0
2022-04-26 15:39:00,600,600,600,600,0
2022-04-26 15:40:00,600,600,600,600,0
2022-04-26 15:41:00,600,600,600,600,0
2022-04-26 15:42:00,600,600,600,600,0
2022-04-26 15:43:00,600,600,600,600,0
2022-04-26 15:44:00,600,600,600,600,0
2022-04-26 15:45:00,600,600,600,600,0
2022-04-26 15:46:00,600,600,600,600,0
2022-04-26 15:47:00,600,600,600,600,0
2022-04-26 15:48:00,600,600,600,600,0
2022-04-26 15:49:00,600,600,600,600,0
2022-04-26 15:50:00,600,600,600,600,0
2022-04-26 15:51:00,600,600,600,600,0
2022-04-26 15:52:00,600,600,600,600,0
2022-04-26 15:53:00,600,600,600,600,0
2022-04-26 15:54:00,600,600,600,600,0
2022-04-26 15:55:00,600,600,600,600,0
2022-04-26 15:56:00,600,600,600,600,0
2022-04-26 15:57:00,600,600,600,600,0
2022-04-26 15:58:00,600,600,600,600,0
2022-04-26 15:59:00,600,600,600,600,0
2022-04-27 09:00:00,600,600,600,600,0
2022-04-27 09:01:00,600,600,600,600,0
2022-04-27 09:02:00,600,600,600,600,0
2022-04-27 09:03:00,600,600,600,600,0
2022-04-27 09:04:00,600,600,600,600,0
2022-04-27 09:05:00,600,600,600,600,0
2022-04-27 09:06:00,600,600,600,600,0
2022-04-27 09:07:00,600,600,600,600,0
2022-04-27 09:08:00,600,600,600,600,0
2022-04-27 09:09:00,600,600,600,600,0
2022-04-27 09:10:00,600,600,600,600,0
2022-04-27 09:11:00,600,600,600,600,500
2022-04-27 09:12:00,600,600,600,600,0
2022-04-27 09:13:00,600,600,600,600,0
2022-04-27 09:14:00,600,600,600,600,0
2022-04-27 09:15:00,600,600,600,600,0
2022-04-27 09:16:00,600,600,600,600,0
2022-04-27 09:17:00,600,600,600,600,0
2022-04-27 09:18:00,600,600,600,600,0
2022-04-27 09:19:00,600,600,600,600,0
2022-04-27 09:20:00,600,600,600,600,0
2022-04-27 09:21:00,600,600,600,600,0
2022-04-27 09:22:00,600,600,600,600,0
2022-04-27 09:23:00,600,600,600,600,0
2022-04-27 09:24:00,600,600,600,600,0
2022-04-27 09:25:00,600,600,600,600,0
2022-04-27 09:26:00,600,600,600,600,0
2022-04-27 09:27:00,600,600,600,600,0
2022-04-27 09:28:00,600,600,600,600,0
2022-04-27 09:29:00,600,600,600,600,0
2022-04-27 09:30:00,600,600,600,600,0
2022-04-27 09:31:00,600,600,600,600,0
2022-04-27 09:32:00,600,600,600,600,30000
2022-04-27 09:33:00,600,600,600,600,0
2022-04-27 09:34:00,600,600,600,600,0
2022-04-27 09:35:00,600,600,600,600,700
2022-04-27 09:36:00,600,600,600,600,0
2022-04-27 09:37:00,600,600,600,600,0
2022-04-27 09:38:00,600,600,600,600,0
2022-04-27 09:39:00,600,600,600,600,0
2022-04-27 09:40:00,595,595,595,595,8700
2022-04-27 09:41:00,600,600,600,600,300
2022-04-27 09:42:00,600,600,600,600,0
2022-04-27 09:43:00,600,600,600,600,0
2022-04-27 09:44:00,595,595,595,595,21400
2022-04-27 09:45:00,590,590,590,590,28600
2022-04-27 09:46:00,600,600,600,600,600
2022-04-27 09:47:00,600,600,600,600,0
2022-04-27 09:48:00,600,600,600,600,0
2022-04-27 09:49:00,600,600,600,600,0
2022-04-27 09:50:00,600,600,600,600,0
2022-04-27 09:51:00,600,600,600,600,0
2022-04-27 09:52:00,600,600,600,600,0
2022-04-27 09:53:00,600,600,600,600,0
2022-04-27 09:54:00,600,600,600,600,0
2022-04-27 09:55:00,600,600,600,600,0
2022-04-27 09:56:00,600,600,600,600,0
2022-04-27 09:57:00,600,600,600,600,0
2022-04-27 09:58:00,600,600,600,600,0
2022-04-27 09:59:00,600,600,600,600,0
2022-04-27 10:00:00,600,600,600,600,0
2022-04-27 10:01:00,600,600,600,600,0
2022-04-27 10:02:00,600,600,600,600,0
2022-04-27 10:03:00,600,600,600,600,0
2022-04-27 10:04:00,600,600,600,600,0
2022-04-27 10:05:00,600,600,600,600,0
2022-04-27 10:06:00,600,600,600,600,0
2022-04-27 10:07:00,600,600,600,600,0
2022-04-27 10:08:00,600,600,600,600,0
2022-04-27 10:09:00,600,600,600,600,0
2022-04-27 10:10:00,600,600,600,600,0
2022-04-27 10:11:00,600,600,600,600,0
2022-04-27 10:12:00,595,595,595,595,9000
2022-04-27 10:13:00,595,595,600,600,1200
2022-04-27 10:14:00,600,600,600,600,900
2022-04-27 10:15:00,600,600,600,600,0
2022-04-27 10:16:00,600,600,600,600,0
2022-04-27 10:17:00,600,600,600,600,0
2022-04-27 10:18:00,600,600,600,600,0
2022-04-27 10:19:00,600,600,600,600,0
2022-04-27 10:20:00,600,600,600,600,100
2022-04-27 10:21:00,600,600,600,600,0
2022-04-27 10:22:00,600,600,600,600,0
2022-04-27 10:23:00,600,600,600,600,0
2022-04-27 10:24:00,600,600,600,600,0
2022-04-27 10:25:00,600,600,600,600,0
2022-04-27 10:26:00,600,600,600,600,0
2022-04-27 10:27:00,600,600,600,600,0
2022-04-27 10:28:00,600,600,600,600,0
2022-04-27 10:29:00,600,600,600,600,0
2022-04-27 10:30:00,600,600,600,600,0
2022-04-27 10:31:00,600,600,600,600,0
2022-04-27 10:32:00,600,600,600,600,0
2022-04-27 10:33:00,600,600,600,600,0
2022-04-27 10:34:00,600,600,600,600,0
2022-04-27 10:35:00,600,600,600,600,0
2022-04-27 10:36:00,600,600,600,600,0
2022-04-27 10:37:00,600,600,600,600,0
2022-04-27 10:38:00,600,600,600,600,0
2022-04-27 10:39:00,600,600,600,600,0
2022-04-27 10:40:00,600,600,600,600,0
2022-04-27 10:41:00,600,600,600,600,0
2022-04-27 10:42:00,600,600,600,600,0
2022-04-27 10:43:00,600,600,600,600,0
2022-04-27 10:44:00,600,600,600,600,0
2022-04-27 10:45:00,600,600,600,600,0
2022-04-27 10:46:00,600,600,600,600,0
2022-04-27 10:47:00,600,600,600,600,0
2022-04-27 10:48:00,600,600,600,600,0
2022-04-27 10:49:00,600,600,600,600,0
2022-04-27 10:50:00,600,600,600,600,0
2022-04-27 10:51:00,600,600,600,600,0
2022-04-27 10:52:00,600,600,600,600,0
2022-04-27 10:53:00,600,600,600,600,0
2022-04-27 10:54:00,600,600,600,600,0
2022-04-27 10:55:00,600,600,600,600,0
2022-04-27 10:56:00,600,600,600,600,0
2022-04-27 10:57:00,600,600,600,600,0
2022-04-27 10:58:00,600,600,600,600,0
2022-04-27 10:59:00,600,600,600,600,0
2022-04-27 11:00:00,595,595,595,595,100
2022-04-27 11:01:00,600,600,600,600,300
2022-04-27 11:02:00,600,600,600,600,0
2022-04-27 11:03:00,600,600,600,600,0
2022-04-27 11:04:00,600,600,600,600,0
2022-04-27 11:05:00,600,600,600,600,0
2022-04-27 11:06:00,600,600,600,600,0
2022-04-27 11:07:00,600,600,600,600,0
2022-04-27 11:08:00,600,600,600,600,0
2022-04-27 11:09:00,600,600,600,600,0
2022-04-27 11:10:00,600,600,600,600,0
2022-04-27 11:11:00,600,600,600,600,0
2022-04-27 11:12:00,600,600,600,600,0
2022-04-27 11:13:00,600,600,600,600,0
2022-04-27 11:14:00,600,600,600,600,0
2022-04-27 11:15:00,600,600,600,600,0
2022-04-27 11:16:00,600,600,600,600,0
2022-04-27 11:17:00,600,600,600,600,0
2022-04-27 11:18:00,600,600,600,600,0
2022-04-27 11:19:00,600,600,600,600,0
2022-04-27 11:20:00,600,600,600,600,0
2022-04-27 11:21:00,600,600,600,600,0
2022-04-27 11:22:00,600,600,600,600,0
2022-04-27 11:23:00,600,600,600,600,0
2022-04-27 11:24:00,600,600,600,600,0
2022-04-27 11:25:00,600,600,600,600,0
2022-04-27 11:26:00,600,600,600,600,0
2022-04-27 11:27:00,600,600,600,600,0
2022-04-27 11:28:00,600,600,600,600,0
2022-04-27 11:29:00,600,600,600,600,600
2022-04-27 11:30:00,600,600,600,600,0
2022-04-27 11:31:00,600,600,600,600,0
2022-04-27 11:32:00,600,600,600,600,0
2022-04-27 11:33:00,600,600,600,600,0
2022-04-27 11:34:00,600,600,600,600,0
2022-04-27 11:35:00,600,600,600,600,0
2022-04-27 11:36:00,600,600,600,600,0
2022-04-27 11:37:00,600,600,600,600,0
2022-04-27 11:38:00,600,600,600,600,0
2022-04-27 11:39:00,600,600,600,600,0
2022-04-27 11:40:00,600,600,600,600,0
2022-04-27 11:41:00,600,600,600,600,0
2022-04-27 11:42:00,600,600,600,600,0
2022-04-27 11:43:00,600,600,600,600,0
2022-04-27 11:44:00,600,600,600,600,0
2022-04-27 11:45:00,600,600,600,600,0
2022-04-27 11:46:00,600,600,600,600,0
2022-04-27 11:47:00,600,600,600,600,0
2022-04-27 11:48:00,600,600,600,600,0
2022-04-27 11:49:00,600,600,600,600,0
2022-04-27 11:50:00,600,600,600,600,0
2022-04-27 11:51:00,600,600,600,600,0
2022-04-27 11:52:00,600,600,600,600,0
2022-04-27 11:53:00,600,600,600,600,0
2022-04-27 11:54:00,600,600,600,600,0
2022-04-27 11:55:00,600,600,600,600,0
2022-04-27 11:56:00,600,600,600,600,0
2022-04-27 11:57:00,600,600,600,600,0
2022-04-27 11:58:00,600,600,600,600,0
2022-04-27 11:59:00,600,600,600,600,0
2022-04-27 12:00:00,600,600,600,600,0
2022-04-27 12:01:00,600,600,600,600,0
2022-04-27 12:02:00,600,600,600,600,0
2022-04-27 12:03:00,600,600,600,600,0
2022-04-27 12:04:00,600,600,600,600,0
2022-04-27 12:05:00,600,600,600,600,0
2022-04-27 12:06:00,600,600,600,600,0
2022-04-27 12:07:00,600,600,600,600,0
2022-04-27 12:08:00,600,600,600,600,0
2022-04-27 12:09:00,600,600,600,600,0
2022-04-27 12:10:00,600,600,600,600,0
2022-04-27 12:11:00,600,600,600,600,0
2022-04-27 12:12:00,600,600,600,600,0
2022-04-27 12:13:00,600,600,600,600,0
2022-04-27 12:14:00,600,600,600,600,0
2022-04-27 12:15:00,600,600,600,600,0
2022-04-27 12:16:00,600,600,600,600,0
2022-04-27 12:17:00,600,600,600,600,0
2022-04-27 12:18:00,600,600,600,600,0
2022-04-27 12:19:00,600,600,600,600,0
2022-04-27 12:20:00,600,600,600,600,0
2022-04-27 12:21:00,600,600,600,600,0
2022-04-27 12:22:00,600,600,600,600,0
2022-04-27 12:23:00,600,600,600,600,0
2022-04-27 12:24:00,600,600,600,600,0
2022-04-27 12:25:00,600,600,600,600,0
2022-04-27 12:26:00,600,600,600,600,0
2022-04-27 12:27:00,600,600,600,600,0
2022-04-27 12:28:00,600,600,600,600,0
2022-04-27 12:29:00,600,600,600,600,0
2022-04-27 12:30:00,600,600,600,600,0
2022-04-27 12:31:00,600,600,600,600,0
2022-04-27 12:32:00,600,600,600,600,0
2022-04-27 12:33:00,600,600,600,600,0
2022-04-27 12:34:00,600,600,600,600,0
2022-04-27 12:35:00,600,600,600,600,0
2022-04-27 12:36:00,600,600,600,600,0
2022-04-27 12:37:00,600,600,600,600,0
2022-04-27 12:38:00,600,600,600,600,0
2022-04-27 12:39:00,600,600,600,600,0
2022-04-27 12:40:00,600,600,600,600,0
2022-04-27 12:41:00,600,600,600,600,0
2022-04-27 12:42:00,600,600,600,600,0
2022-04-27 12:43:00,600,600,600,600,0
2022-04-27 12:44:00,600,600,600,600,0
2022-04-27 12:45:00,600,600,600,600,0
2022-04-27 12:46:00,600,600,600,600,0
2022-04-27 12:47:00,600,600,600,600,0
2022-04-27 12:48:00,600,600,600,600,0
2022-04-27 12:49:00,600,600,600,600,0
2022-04-27 12:50:00,600,600,600,600,0
2022-04-27 12:51:00,600,600,600,600,0
2022-04-27 12:52:00,600,600,600,600,0
2022-04-27 12:53:00,600,600,600,600,0
2022-04-27 12:54:00,600,600,600,600,0
2022-04-27 12:55:00,600,600,600,600,0
2022-04-27 12:56:00,600,600,600,600,0
2022-04-27 12:57:00,600,600,600,600,0
2022-04-27 12:58:00,600,600,600,600,0
2022-04-27 12:59:00,600,600,600,600,0
2022-04-27 13:00:00,600,600,600,600,0
2022-04-27 13:01:00,600,600,600,600,0
2022-04-27 13:02:00,600,600,600,600,0
2022-04-27 13:03:00,600,600,600,600,0
2022-04-27 13:04:00,600,600,600,600,0
2022-04-27 13:05:00,600,600,600,600,0
2022-04-27 13:06:00,600,600,600,600,0
2022-04-27 13:07:00,600,600,600,600,0
2022-04-27 13:08:00,600,600,600,600,0
2022-04-27 13:09:00,600,600,600,600,0
2022-04-27 13:10:00,600,600,600,600,0
2022-04-27 13:11:00,600,600,600,600,0
2022-04-27 13:12:00,600,600,600,600,0
2022-04-27 13:13:00,600,600,600,600,0
2022-04-27 13:14:00,600,600,600,600,0
2022-04-27 13:15:00,600,600,600,600,0
2022-04-27 13:16:00,600,600,600,600,0
2022-04-27 13:17:00,600,600,600,600,0
2022-04-27 13:18:00,600,600,600,600,0
2022-04-27 13:19:00,600,600,600,600,0
2022-04-27 13:20:00,600,600,600,600,0
2022-04-27 13:21:00,600,600,600,600,0
2022-04-27 13:22:00,600,600,600,600,0
2022-04-27 13:23:00,600,600,600,600,0
2022-04-27 13:24:00,600,600,600,600,0
2022-04-27 13:25:00,600,600,600,600,0
2022-04-27 13:26:00,600,600,600,600,0
2022-04-27 13:27:00,600,600,600,600,0
2022-04-27 13:28:00,600,600,600,600,0
2022-04-27 13:29:00,600,600,600,600,0
2022-04-27 13:30:00,600,600,600,600,100
2022-04-27 13:31:00,600,600,600,600,0
2022-04-27 13:32:00,600,600,600,600,0
2022-04-27 13:33:00,600,600,600,600,0
2022-04-27 13:34:00,600,600,600,600,0
2022-04-27 13:35:00,600,600,600,600,0
2022-04-27 13:36:00,600,600,600,600,0
2022-04-27 13:37:00,600,600,600,600,0
2022-04-27 13:38:00,600,600,600,600,0
2022-04-27 13:39:00,600,600,600,600,0
2022-04-27 13:40:00,600,600,600,600,0
2022-04-27 13:41:00,600,600,600,600,0
2022-04-27 13:42:00,600,600,600,600,0
2022-04-27 13:43:00,600,600,600,600,0
2022-04-27 13:44:00,600,600,600,600,0
2022-04-27 13:45:00,600,600,600,600,0
2022-04-27 13:46:00,600,600,600,600,0
2022-04-27 13:47:00,600,600,600,600,0
2022-04-27 13:48:00,600,600,600,600,0
2022-04-27 13:49:00,600,600,600,600,0
2022-04-27 13:50:00,600,600,600,600,0
2022-04-27 13:51:00,600,600,600,600,0
2022-04-27 13:52:00,600,600,600,600,0
2022-04-27 13:53:00,600,600,600,600,4000
2022-04-27 13:54:00,600,600,600,600,0
2022-04-27 13:55:00,600,600,600,600,0
2022-04-27 13:56:00,600,600,600,600,0
2022-04-27 13:57:00,600,600,600,600,0
2022-04-27 13:58:00,600,600,600,600,0
2022-04-27 13:59:00,600,600,600,600,0
2022-04-27 14:00:00,600,600,600,600,0
2022-04-27 14:01:00,600,600,600,600,0
2022-04-27 14:02:00,600,600,600,600,0
2022-04-27 14:03:00,600,600,600,600,0
2022-04-27 14:04:00,600,600,600,600,0
2022-04-27 14:05:00,600,600,600,600,0
2022-04-27 14:06:00,600,600,600,600,0
2022-04-27 14:07:00,600,600,600,600,0
2022-04-27 14:08:00,600,600,600,600,0
2022-04-27 14:09:00,600,600,600,600,0
2022-04-27 14:10:00,600,600,600,600,0
2022-04-27 14:11:00,600,600,600,600,0
2022-04-27 14:12:00,600,600,600,600,200
2022-04-27 14:13:00,600,600,600,600,0
2022-04-27 14:14:00,600,600,600,600,0
2022-04-27 14:15:00,600,600,600,600,0
2022-04-27 14:16:00,600,600,600,600,0
2022-04-27 14:17:00,600,600,600,600,0
2022-04-27 14:18:00,600,600,600,600,0
2022-04-27 14:19:00,600,600,600,600,0
2022-04-27 14:20:00,600,600,600,600,0
2022-04-27 14:21:00,600,600,600,600,0
2022-04-27 14:22:00,595,595,595,595,1100
2022-04-27 14:23:00,595,595,595,595,0
2022-04-27 14:24:00,595,595,600,600,4200
2022-04-27 14:25:00,595,595,600,600,0
2022-04-27 14:26:00,595,595,600,600,0
2022-04-27 14:27:00,595,595,600,600,0
2022-04-27 14:28:00,595,595,600,600,0
2022-04-27 14:29:00,595,595,600,600,0
2022-04-27 14:30:00,595,595,600,600,0
2022-04-27 14:31:00,595,595,600,600,0
2022-04-27 14:32:00,595,595,600,600,0
2022-04-27 14:33:00,595,595,600,600,0
2022-04-27 14:34:00,595,595,600,600,0
2022-04-27 14:35:00,595,595,600,600,0
2022-04-27 14:36:00,595,595,600,600,0
2022-04-27 14:37:00,595,595,600,600,0
2022-04-27 14:38:00,595,595,600,600,0
2022-04-27 14:39:00,595,595,600,600,0
2022-04-27 14:40:00,595,595,600,600,0
2022-04-27 14:41:00,595,595,600,600,0
2022-04-27 14:42:00,595,595,600,600,0
2022-04-27 14:43:00,595,595,600,600,0
2022-04-27 14:44:00,595,595,600,600,0
2022-04-27 14:45:00,595,595,600,600,0
2022-04-27 14:46:00,595,595,600,600,0
2022-04-27 14:47:00,600,600,600,600,300
2022-04-27 14:48:00,600,600,600,600,200
2022-04-27 14:49:00,600,600,600,600,0
2022-04-27 14:50:00,600,600,600,600,0
2022-04-27 14:51:00,600,600,600,600,0
2022-04-27 14:52:00,600,600,600,600,0
2022-04-27 14:53:00,600,600,600,600,0
2022-04-27 14:54:00,600,600,600,600,0
2022-04-27 14:55:00,600,600,600,600,0
2022-04-27 14:56:00,600,600,600,600,0
2022-04-27 14:57:00,600,600,600,600,0
2022-04-27 14:58:00,600,600,600,600,0
2022-04-27 14:59:00,600,600,600,600,0
2022-04-27 15:00:00,595,595,595,595,100800
2022-04-27 15:01:00,595,595,595,595,0
2022-04-27 15:02:00,595,595,595,595,0
2022-04-27 15:03:00,595,595,595,595,0
2022-04-27 15:04:00,595,595,595,595,0
2022-04-27 15:05:00,595,595,595,595,0
2022-04-27 15:06:00,595,595,595,595,0
2022-04-27 15:07:00,595,595,595,595,0
2022-04-27 15:08:00,595,595,595,595,0
2022-04-27 15:09:00,595,595,595,595,0
2022-04-27 15:10:00,595,595,595,595,0
2022-04-27 15:11:00,595,595,595,595,0
2022-04-27 15:12:00,595,595,595,595,0
2022-04-27 15:13:00,595,595,595,595,0
2022-04-27 15:14:00,595,595,595,595,0
2022-04-27 15:15:00,595,595,595,595,0
2022-04-27 15:16:00,595,595,595,595,0
2022-04-27 15:17:00,595,595,595,595,0
2022-04-27 15:18:00,595,595,595,595,0
2022-04-27 15:19:00,595,595,595,595,0
2022-04-27 15:20:00,595,595,595,595,0
2022-04-27 15:21:00,595,595,595,595,0
2022-04-27 15:22:00,595,595,595,595,0
2022-04-27 15:23:00,595,595,595,595,0
2022-04-27 15:24:00,595,595,595,595,0
2022-04-27 15:25:00,595,595,595,595,0
2022-04-27 15:26:00,595,595,595,595,0
2022-04-27 15:27:00,595,595,595,595,0
2022-04-27 15:28:00,595,595,595,595,0
2022-04-27 15:29:00,595,595,595,595,0
2022-04-27 15:30:00,595,595,595,595,0
2022-04-27 15:31:00,595,595,595,595,0
2022-04-27 15:32:00,595,595,595,595,0
2022-04-27 15:33:00,595,595,595,595,0
2022-04-27 15:34:00,595,595,595,595,0
2022-04-27 15:35:00,595,595,595,595,0
2022-04-27 15:36:00,595,595,595,595,0
2022-04-27 15:37:00,595,595,595,595,0
2022-04-27 15:38:00,595,595,595,595,0
2022-04-27 15:39:00,595,595,595,595,0
2022-04-27 15:40:00,595,595,595,595,0
2022-04-27 15:41:00,595,595,595,595,0
2022-04-27 15:42:00,595,595,595,595,0
2022-04-27 15:43:00,595,595,595,595,0
2022-04-27 15:44:00,595,595,595,595,0
2022-04-27 15:45:00,595,595,595,595,0
2022-04-27 15:46:00,595,595,595,595,0
2022-04-27 15:47:00,595,595,595,595,0
2022-04-27 15:48:00,595,595,595,595,0
2022-04-27 15:49:00,595,595,595,595,0
2022-04-27 15:50:00,595,595,595,595,0
2022-04-27 15:51:00,595,595,595,595,0
2022-04-27 15:52:00,595,595,595,595,0
2022-04-27 15:53:00,595,595,595,595,0
2022-04-27 15:54:00,595,595,595,595,0
2022-04-27 15:55:00,595,595,595,595,0
2022-04-27 15:56:00,595,595,595,595,0
2022-04-27 15:57:00,595,595,595,595,0
2022-04-27 15:58:00,595,595,595,595,0
2022-04-27 15:59:00,595,595,595,595,0
2022-04-28 09:00:00,595,595,595,595,0
2022-04-28 09:01:00,600,600,600,600,0
2022-04-28 09:02:00,600,600,600,600,200
2022-04-28 09:03:00,600,600,600,600,0
2022-04-28 09:04:00,600,600,600,600,0
2022-04-28 09:05:00,600,600,600,600,0
2022-04-28 09:06:00,600,600,600,600,0
2022-04-28 09:07:00,600,600,600,600,0
2022-04-28 09:08:00,600,600,600,600,0
2022-04-28 09:09:00,600,600,600,600,0
2022-04-28 09:10:00,600,600,600,600,0
2022-04-28 09:11:00,600,600,600,600,0
2022-04-28 09:12:00,600,600,600,600,0
2022-04-28 09:13:00,600,600,600,600,0
2022-04-28 09:14:00,600,600,600,600,0
2022-04-28 09:15:00,600,600,600,600,0
2022-04-28 09:16:00,600,600,600,600,0
2022-04-28 09:17:00,600,600,600,600,0
2022-04-28 09:18:00,600,600,600,600,0
2022-04-28 09:19:00,600,600,600,600,0
2022-04-28 09:20:00,600,600,600,600,0
2022-04-28 09:21:00,600,600,600,600,0
2022-04-28 09:22:00,600,600,600,600,0
2022-04-28 09:23:00,600,600,600,600,0
2022-04-28 09:24:00,600,600,600,600,0
2022-04-28 09:25:00,600,600,600,600,0
2022-04-28 09:26:00,600,600,600,600,0
2022-04-28 09:27:00,600,600,600,600,0
2022-04-28 09:28:00,600,600,600,600,0
2022-04-28 09:29:00,600,600,600,600,0
2022-04-28 09:30:00,600,600,600,600,0
2022-04-28 09:31:00,600,600,600,600,0
2022-04-28 09:32:00,600,600,600,600,0
2022-04-28 09:33:00,600,600,600,600,0
2022-04-28 09:34:00,600,600,600,600,0
2022-04-28 09:35:00,600,600,600,600,0
2022-04-28 09:36:00,600,600,600,600,0
2022-04-28 09:37:00,600,600,600,600,0
2022-04-28 09:38:00,600,600,600,600,0
2022-04-28 09:39:00,600,600,600,600,0
2022-04-28 09:40:00,600,600,600,600,0
2022-04-28 09:41:00,600,600,600,600,0
2022-04-28 09:42:00,600,600,600,600,0
2022-04-28 09:43:00,600,600,600,600,0
2022-04-28 09:44:00,600,600,600,600,0
2022-04-28 09:45:00,600,600,600,600,0
2022-04-28 09:46:00,600,600,600,600,0
2022-04-28 09:47:00,600,600,600,600,0
2022-04-28 09:48:00,600,600,600,600,0
2022-04-28 09:49:00,600,600,600,600,0
2022-04-28 09:50:00,600,600,600,600,0
2022-04-28 09:51:00,600,600,600,600,0
2022-04-28 09:52:00,600,600,600,600,0
2022-04-28 09:53:00,600,600,600,600,0
2022-04-28 09:54:00,600,600,600,600,0
2022-04-28 09:55:00,600,600,600,600,0
2022-04-28 09:56:00,600,600,600,600,0
2022-04-28 09:57:00,600,600,600,600,0
2022-04-28 09:58:00,600,600,600,600,0
2022-04-28 09:59:00,600,600,600,600,0
2022-04-28 10:00:00,600,600,600,600,0
2022-04-28 10:01:00,600,600,600,600,0
2022-04-28 10:02:00,595,595,595,595,900
2022-04-28 10:03:00,595,595,595,595,0
2022-04-28 10:04:00,600,600,600,600,200
2022-04-28 10:05:00,600,600,600,600,200
2022-04-28 10:06:00,600,600,600,600,0
2022-04-28 10:07:00,600,600,600,600,0
2022-04-28 10:08:00,600,600,600,600,0
2022-04-28 10:09:00,600,600,600,600,0
2022-04-28 10:10:00,600,600,600,600,0
2022-04-28 10:11:00,600,600,600,600,0
2022-04-28 10:12:00,600,600,600,600,0
2022-04-28 10:13:00,600,600,600,600,0
2022-04-28 10:14:00,600,600,600,600,0
2022-04-28 10:15:00,600,600,600,600,0
2022-04-28 10:16:00,600,600,600,600,0
2022-04-28 10:17:00,600,600,600,600,0
2022-04-28 10:18:00,600,600,600,600,0
2022-04-28 10:19:00,600,600,600,600,0
2022-04-28 10:20:00,600,600,600,600,0
2022-04-28 10:21:00,600,600,600,600,0
2022-04-28 10:22:00,600,600,600,600,0
2022-04-28 10:23:00,600,600,600,600,0
2022-04-28 10:24:00,600,600,600,600,0
2022-04-28 10:25:00,600,600,600,600,0
2022-04-28 10:26:00,600,600,600,600,0
2022-04-28 10:27:00,600,600,600,600,0
2022-04-28 10:28:00,600,600,600,600,0
2022-04-28 10:29:00,600,600,600,600,0
2022-04-28 10:30:00,600,600,600,600,0
2022-04-28 10:31:00,595,595,595,595,100
2022-04-28 10:32:00,595,595,595,595,0
2022-04-28 10:33:00,595,595,595,595,0
2022-04-28 10:34:00,595,595,595,595,0
2022-04-28 10:35:00,595,595,595,595,0
2022-04-28 10:36:00,595,595,595,595,0
2022-04-28 10:37:00,600,600,600,600,200
2022-04-28 10:38:00,600,600,600,600,600
2022-04-28 10:39:00,600,600,600,600,0
2022-04-28 10:40:00,595,595,595,595,500
2022-04-28 10:41:00,595,595,595,595,0
2022-04-28 10:42:00,595,590,600,600,5300
2022-04-28 10:43:00,595,590,600,600,0
2022-04-28 10:44:00,595,590,600,600,0
2022-04-28 10:45:00,595,590,600,600,0
2022-04-28 10:46:00,595,590,600,600,0
2022-04-28 10:47:00,600,600,600,600,500
2022-04-28 10:48:00,600,600,600,600,0
2022-04-28 10:49:00,600,600,600,600,0
2022-04-28 10:50:00,600,600,600,600,0
2022-04-28 10:51:00,600,600,600,600,0
2022-04-28 10:52:00,595,595,595,595,700
2022-04-28 10:53:00,595,595,595,595,0
2022-04-28 10:54:00,595,595,595,595,0
2022-04-28 10:55:00,595,595,595,595,0
2022-04-28 10:56:00,595,595,595,595,0
2022-04-28 10:57:00,595,595,595,595,0
2022-04-28 10:58:00,595,595,595,595,0
2022-04-28 10:59:00,595,595,595,595,0
2022-04-28 11:00:00,595,595,595,595,10000
2022-04-28 11:01:00,595,595,595,595,1000
2022-04-28 11:02:00,595,595,595,595,0
2022-04-28 11:03:00,595,595,595,595,0
2022-04-28 11:04:00,595,595,595,595,0
2022-04-28 11:05:00,595,595,595,595,0
2022-04-28 11:06:00,595,595,595,595,0
2022-04-28 11:07:00,595,595,595,595,0
2022-04-28 11:08:00,595,595,595,595,0
2022-04-28 11:09:00,595,595,595,595,30000
2022-04-28 11:10:00,595,595,595,595,0
2022-04-28 11:11:00,595,595,595,595,0
2022-04-28 11:12:00,595,595,595,595,0
2022-04-28 11:13:00,595,595,595,595,0
2022-04-28 11:14:00,595,595,595,595,0
2022-04-28 11:15:00,595,595,595,595,0
2022-04-28 11:16:00,595,595,595,595,0
2022-04-28 11:17:00,595,595,595,595,0
2022-04-28 11:18:00,595,595,595,595,0
2022-04-28 11:19:00,595,595,595,595,0
2022-04-28 11:20:00,595,595,595,595,0
2022-04-28 11:21:00,595,595,595,595,0
2022-04-28 11:22:00,595,595,595,595,0
2022-04-28 11:23:00,595,595,595,595,200
2022-04-28 11:24:00,595,595,595,595,0
2022-04-28 11:25:00,595,595,595,595,0
2022-04-28 11:26:00,595,595,595,595,0
2022-04-28 11:27:00,595,595,595,595,0
2022-04-28 11:28:00,595,595,595,595,0
2022-04-28 11:29:00,595,595,595,595,0
2022-04-28 11:30:00,595,595,595,595,0
2022-04-28 11:31:00,595,595,595,595,0
2022-04-28 11:32:00,595,595,595,595,0
2022-04-28 11:33:00,595,595,595,595,0
2022-04-28 11:34:00,595,595,595,595,0
2022-04-28 11:35:00,595,595,595,595,0
2022-04-28 11:36:00,595,595,595,595,0
2022-04-28 11:37:00,595,595,595,595,0
2022-04-28 11:38:00,595,595,595,595,0
2022-04-28 11:39:00,595,595,595,595,0
2022-04-28 11:40:00,595,595,595,595,0
2022-04-28 11:41:00,595,595,595,595,0
2022-04-28 11:42:00,595,595,595,595,0
2022-04-28 11:43:00,595,595,595,595,0
2022-04-28 11:44:00,595,595,595,595,0
2022-04-28 11:45:00,595,595,595,595,0
2022-04-28 11:46:00,595,595,595,595,0
2022-04-28 11:47:00,595,595,595,595,0
2022-04-28 11:48:00,595,595,595,595,0
2022-04-28 11:49:00,595,595,595,595,0
2022-04-28 11:50:00,595,595,595,595,0
2022-04-28 11:51:00,595,595,595,595,0
2022-04-28 11:52:00,595,595,595,595,0
2022-04-28 11:53:00,595,595,595,595,0
2022-04-28 11:54:00,595,595,595,595,0
2022-04-28 11:55:00,595,595,595,595,0
2022-04-28 11:56:00,595,595,595,595,0
2022-04-28 11:57:00,595,595,595,595,0
2022-04-28 11:58:00,595,595,595,595,0
2022-04-28 11:59:00,595,595,595,595,0
2022-04-28 12:00:00,595,595,595,595,0
2022-04-28 12:01:00,595,595,595,595,0
2022-04-28 12:02:00,595,595,595,595,0
2022-04-28 12:03:00,595,595,595,595,0
2022-04-28 12:04:00,595,595,595,595,0
2022-04-28 12:05:00,595,595,595,595,0
2022-04-28 12:06:00,595,595,595,595,0
2022-04-28 12:07:00,595,595,595,595,0
2022-04-28 12:08:00,595,595,595,595,0
2022-04-28 12:09:00,595,595,595,595,0
2022-04-28 12:10:00,595,595,595,595,0
2022-04-28 12:11:00,595,595,595,595,0
2022-04-28 12:12:00,595,595,595,595,0
2022-04-28 12:13:00,595,595,595,595,0
2022-04-28 12:14:00,595,595,595,595,0
2022-04-28 12:15:00,595,595,595,595,0
2022-04-28 12:16:00,595,595,595,595,0
2022-04-28 12:17:00,595,595,595,595,0
2022-04-28 12:18:00,595,595,595,595,0
2022-04-28 12:19:00,595,595,595,595,0
2022-04-28 12:20:00,595,595,595,595,0
2022-04-28 12:21:00,595,595,595,595,0
2022-04-28 12:22:00,595,595,595,595,0
2022-04-28 12:23:00,595,595,595,595,0
2022-04-28 12:24:00,595,595,595,595,0
2022-04-28 12:25:00,595,595,595,595,0
2022-04-28 12:26:00,595,595,595,595,0
2022-04-28 12:27:00,595,595,595,595,0
2022-04-28 12:28:00,595,595,595,595,0
2022-04-28 12:29:00,595,595,595,595,0
2022-04-28 12:30:00,595,595,595,595,0
2022-04-28 12:31:00,595,595,595,595,0
2022-04-28 12:32:00,595,595,595,595,0
2022-04-28 12:33:00,595,595,595,595,0
2022-04-28 12:34:00,595,595,595,595,0
2022-04-28 12:35:00,595,595,595,595,0
2022-04-28 12:36:00,595,595,595,595,0
2022-04-28 12:37:00,595,595,595,595,0
2022-04-28 12:38:00,595,595,595,595,0
2022-04-28 12:39:00,595,595,595,595,0
2022-04-28 12:40:00,595,595,595,595,0
2022-04-28 12:41:00,595,595,595,595,0
2022-04-28 12:42:00,595,595,595,595,0
2022-04-28 12:43:00,595,595,595,595,0
2022-04-28 12:44:00,595,595,595,595,0
2022-04-28 12:45:00,595,595,595,595,0
2022-04-28 12:46:00,595,595,595,595,0
2022-04-28 12:47:00,595,595,595,595,0
2022-04-28 12:48:00,595,595,595,595,0
2022-04-28 12:49:00,595,595,595,595,0
2022-04-28 12:50:00,595,595,595,595,0
2022-04-28 12:51:00,595,595,595,595,0
2022-04-28 12:52:00,595,595,595,595,0
2022-04-28 12:53:00,595,595,595,595,0
2022-04-28 12:54:00,595,595,595,595,0
2022-04-28 12:55:00,595,595,595,595,0
2022-04-28 12:56:00,595,595,595,595,0
2022-04-28 12:57:00,595,595,595,595,0
2022-04-28 12:58:00,595,595,595,595,0
2022-04-28 12:59:00,595,595,595,595,0
2022-04-28 13:00:00,595,595,595,595,0
2022-04-28 13:01:00,595,595,595,595,0
2022-04-28 13:02:00,595,595,595,595,0
2022-04-28 13:03:00,595,595,595,595,0
2022-04-28 13:04:00,595,595,595,595,0
2022-04-28 13:05:00,595,595,595,595,0
2022-04-28 13:06:00,595,595,595,595,0
2022-04-28 13:07:00,595,595,595,595,0
2022-04-28 13:08:00,595,595,595,595,0
2022-04-28 13:09:00,595,595,595,595,0
2022-04-28 13:10:00,595,595,595,595,0
2022-04-28 13:11:00,595,595,595,595,0
2022-04-28 13:12:00,595,595,595,595,0
2022-04-28 13:13:00,595,595,595,595,0
2022-04-28 13:14:00,595,595,595,595,0
2022-04-28 13:15:00,595,595,595,595,0
2022-04-28 13:16:00,595,595,595,595,0
2022-04-28 13:17:00,595,595,595,595,0
2022-04-28 13:18:00,595,595,595,595,0
2022-04-28 13:19:00,595,595,595,595,0
2022-04-28 13:20:00,595,595,595,595,0
2022-04-28 13:21:00,595,595,595,595,0
2022-04-28 13:22:00,595,595,595,595,0
2022-04-28 13:23:00,595,595,595,595,0
2022-04-28 13:24:00,595,595,595,595,0
2022-04-28 13:25:00,595,595,595,595,0
2022-04-28 13:26:00,595,595,595,595,0
2022-04-28 13:27:00,595,595,595,595,0
2022-04-28 13:28:00,595,595,595,595,0
2022-04-28 13:29:00,595,595,595,595,0
2022-04-28 13:30:00,595,595,595,595,600
2022-04-28 13:31:00,595,595,595,595,0
2022-04-28 13:32:00,595,595,595,595,0
2022-04-28 13:33:00,595,595,595,595,0
2022-04-28 13:34:00,595,595,595,595,0
2022-04-28 13:35:00,595,595,595,595,0
2022-04-28 13:36:00,595,595,595,595,0
2022-04-28 13:37:00,595,595,595,595,0
2022-04-28 13:38:00,595,595,595,595,0
2022-04-28 13:39:00,590,590,590,590,5000
2022-04-28 13:40:00,595,595,595,595,300
2022-04-28 13:41:00,590,590,590,590,23600
2022-04-28 13:42:00,590,590,590,590,0
2022-04-28 13:43:00,590,590,595,595,27500
2022-04-28 13:44:00,590,590,595,595,0
2022-04-28 13:45:00,590,590,595,595,0
2022-04-28 13:46:00,595,595,595,595,1600
2022-04-28 13:47:00,595,595,595,595,0
2022-04-28 13:48:00,590,585,595,595,1100
2022-04-28 13:49:00,590,585,595,595,0
2022-04-28 13:50:00,595,595,595,595,200
2022-04-28 13:51:00,595,595,600,600,85200
2022-04-28 13:52:00,600,595,600,600,900
2022-04-28 13:53:00,600,595,600,600,0
2022-04-28 13:54:00,600,595,600,600,0
2022-04-28 13:55:00,600,595,600,600,0
2022-04-28 13:56:00,600,595,600,600,0
2022-04-28 13:57:00,600,595,600,600,0
2022-04-28 13:58:00,600,595,600,600,0
2022-04-28 13:59:00,600,595,600,600,0
2022-04-28 14:00:00,600,595,600,600,0
2022-04-28 14:01:00,600,595,600,600,0
2022-04-28 14:02:00,600,595,600,600,0
2022-04-28 14:03:00,595,595,595,595,700
2022-04-28 14:04:00,600,600,600,600,200
2022-04-28 14:05:00,600,600,600,600,0
2022-04-28 14:06:00,600,600,600,600,0
2022-04-28 14:07:00,600,600,600,600,0
2022-04-28 14:08:00,600,600,600,600,0
2022-04-28 14:09:00,600,600,600,600,0
2022-04-28 14:10:00,600,595,600,595,30100
2022-04-28 14:11:00,600,600,600,600,300
2022-04-28 14:12:00,600,600,600,600,0
2022-04-28 14:13:00,600,600,600,600,0
2022-04-28 14:14:00,600,600,600,600,200
2022-04-28 14:15:00,600,600,600,600,0
2022-04-28 14:16:00,600,600,600,600,0
2022-04-28 14:17:00,600,600,600,600,0
2022-04-28 14:18:00,600,600,600,600,0
2022-04-28 14:19:00,600,600,600,600,0
2022-04-28 14:20:00,600,600,600,600,0
2022-04-28 14:21:00,600,600,600,600,0
2022-04-28 14:22:00,600,600,600,600,0
2022-04-28 14:23:00,595,595,595,595,1500
2022-04-28 14:24:00,600,600,600,600,200
2022-04-28 14:25:00,600,600,600,600,0
2022-04-28 14:26:00,600,600,600,600,0
2022-04-28 14:27:00,600,600,600,600,0
2022-04-28 14:28:00,600,600,600,600,0
2022-04-28 14:29:00,600,600,600,600,0
2022-04-28 14:30:00,595,595,595,595,1500
2022-04-28 14:31:00,595,595,595,595,0
2022-04-28 14:32:00,600,600,600,600,200
2022-04-28 14:33:00,595,595,600,595,900
2022-04-28 14:34:00,600,600,600,600,200
2022-04-28 14:35:00,600,600,600,600,0
2022-04-28 14:36:00,600,600,600,600,0
2022-04-28 14:37:00,595,595,595,595,800
2022-04-28 14:38:00,595,595,595,595,0
2022-04-28 14:39:00,600,600,600,600,200
2022-04-28 14:40:00,595,595,595,595,300
2022-04-28 14:41:00,595,595,595,595,0
2022-04-28 14:42:00,595,595,595,595,0
2022-04-28 14:43:00,595,595,600,600,600
2022-04-28 14:44:00,600,600,600,600,200
2022-04-28 14:45:00,600,600,600,600,0
2022-04-28 14:46:00,600,600,600,600,0
2022-04-28 14:47:00,600,600,600,600,0
2022-04-28 14:48:00,600,595,600,595,1100
2022-04-28 14:49:00,600,600,600,600,900
2022-04-28 14:50:00,600,600,600,600,200
2022-04-28 14:51:00,600,600,600,600,0
2022-04-28 14:52:00,600,600,600,600,0
2022-04-28 14:53:00,600,600,600,600,0
2022-04-28 14:54:00,600,600,600,600,0
2022-04-28 14:55:00,600,600,600,600,0
2022-04-28 14:56:00,600,600,600,600,0
2022-04-28 14:57:00,600,600,600,600,0
2022-04-28 14:58:00,600,600,600,600,0
2022-04-28 14:59:00,600,600,600,600,0
2022-04-28 15:00:00,600,600,600,600,300000
2022-04-28 15:01:00,600,600,600,600,0
2022-04-28 15:02:00,600,600,600,600,0
2022-04-28 15:03:00,600,600,600,600,0
2022-04-28 15:04:00,600,600,600,600,0
2022-04-28 15:05:00,600,600,600,600,0
2022-04-28 15:06:00,600,600,600,600,100
2022-04-28 15:07:00,600,600,600,600,0
2022-04-28 15:08:00,600,600,600,600,0
2022-04-28 15:09:00,600,600,600,600,0
2022-04-28 15:10:00,600,600,600,600,0
2022-04-28 15:11:00,600,600,600,600,0
2022-04-28 15:12:00,600,600,600,600,0
2022-04-28 15:13:00,600,600,600,600,0
2022-04-28 15:14:00,600,600,600,600,0
2022-04-28 15:15:00,600,600,600,600,0
2022-04-28 15:16:00,600,600,600,600,0
2022-04-28 15:17:00,600,600,600,600,0
2022-04-28 15:18:00,600,600,600,600,0
2022-04-28 15:19:00,600,600,600,600,0
2022-04-28 15:20:00,600,600,600,600,0
2022-04-28 15:21:00,600,600,600,600,0
2022-04-28 15:22:00,600,600,600,600,0
2022-04-28 15:23:00,600,600,600,600,0
2022-04-28 15:24:00,600,600,600,600,0
2022-04-28 15:25:00,600,600,600,600,0
2022-04-28 15:26:00,600,600,600,600,0
2022-04-28 15:27:00,600,600,600,600,0
2022-04-28 15:28:00,600,600,600,600,0
2022-04-28 15:29:00,600,600,600,600,0
2022-04-28 15:30:00,600,600,600,600,0
2022-04-28 15:31:00,600,600,600,600,0
2022-04-28 15:32:00,600,600,600,600,0
2022-04-28 15:33:00,600,600,600,600,0
2022-04-28 15:34:00,600,600,600,600,0
2022-04-28 15:35:00,600,600,600,600,0
2022-04-28 15:36:00,600,600,600,600,0
2022-04-28 15:37:00,600,600,600,600,0
2022-04-28 15:38:00,600,600,600,600,0
2022-04-28 15:39:00,600,600,600,600,0
2022-04-28 15:40:00,600,600,600,600,0
2022-04-28 15:41:00,600,600,600,600,0
2022-04-28 15:42:00,600,600,600,600,0
2022-04-28 15:43:00,600,600,600,600,0
2022-04-28 15:44:00,600,600,600,600,0
2022-04-28 15:45:00,600,600,600,600,0
2022-04-28 15:46:00,600,600,600,600,0
2022-04-28 15:47:00,600,600,600,600,0
2022-04-28 15:48:00,600,600,600,600,0
2022-04-28 15:49:00,600,600,600,600,0
2022-04-28 15:50:00,600,600,600,600,0
2022-04-28 15:51:00,600,600,600,600,0
2022-04-28 15:52:00,600,600,600,600,0
2022-04-28 15:53:00,600,600,600,600,0
2022-04-28 15:54:00,600,600,600,600,0
2022-04-28 15:55:00,600,600,600,600,0
2022-04-28 15:56:00,600,600,600,600,0
2022-04-28 15:57:00,600,600,600,600,0
2022-04-28 15:58:00,600,600,600,600,0
2022-04-28 15:59:00,600,600,600,600,0
2022-04-29 09:00:00,600,600,600,600,0
2022-04-29 09:01:00,600,600,600,600,0
2022-04-29 09:02:00,600,600,600,600,0
2022-04-29 09:03:00,600,600,600,600,0
2022-04-29 09:04:00,600,600,600,600,0
2022-04-29 09:05:00,600,600,600,600,0
2022-04-29 09:06:00,600,600,600,600,0
2022-04-29 09:07:00,600,600,600,600,0
2022-04-29 09:08:00,600,600,600,600,0
2022-04-29 09:09:00,600,600,600,600,0
2022-04-29 09:10:00,600,600,600,600,0
2022-04-29 09:11:00,600,600,600,600,0
2022-04-29 09:12:00,600,600,600,600,0
2022-04-29 09:13:00,600,600,600,600,0
2022-04-29 09:14:00,600,600,600,600,0
2022-04-29 09:15:00,600,600,600,600,0
2022-04-29 09:16:00,600,600,600,600,0
2022-04-29 09:17:00,600,600,600,600,0
2022-04-29 09:18:00,600,600,600,600,0
2022-04-29 09:19:00,600,600,600,600,0
2022-04-29 09:20:00,600,600,600,600,0
2022-04-29 09:21:00,600,600,600,600,0
2022-04-29 09:22:00,600,600,600,600,0
2022-04-29 09:23:00,600,600,600,600,0
2022-04-29 09:24:00,600,600,600,600,0
2022-04-29 09:25:00,600,600,600,600,0
2022-04-29 09:26:00,600,600,600,600,0
2022-04-29 09:27:00,600,600,600,600,0
2022-04-29 09:28:00,600,600,600,600,0
2022-04-29 09:29:00,600,600,600,600,0
2022-04-29 09:30:00,600,600,600,600,0
2022-04-29 09:31:00,600,600,600,600,0
2022-04-29 09:32:00,600,600,600,600,0
2022-04-29 09:33:00,600,600,600,600,0
2022-04-29 09:34:00,600,600,600,600,0
2022-04-29 09:35:00,600,600,600,600,0
2022-04-29 09:36:00,600,600,600,600,0
2022-04-29 09:37:00,600,600,600,600,0
2022-04-29 09:38:00,600,600,600,600,0
2022-04-29 09:39:00,600,600,600,600,0
2022-04-29 09:40:00,600,600,600,600,0
2022-04-29 09:41:00,600,600,600,600,0
2022-04-29 09:42:00,600,600,600,600,0
2022-04-29 09:43:00,600,600,600,600,0
2022-04-29 09:44:00,600,600,600,600,0
2022-04-29 09:45:00,600,600,600,600,0
2022-04-29 09:46:00,600,600,600,600,0
2022-04-29 09:47:00,600,600,600,600,0
2022-04-29 09:48:00,600,600,600,600,0
2022-04-29 09:49:00,600,600,600,600,0
2022-04-29 09:50:00,600,600,600,600,0
2022-04-29 09:51:00,600,600,600,600,0
2022-04-29 09:52:00,600,600,600,600,0
2022-04-29 09:53:00,600,600,600,600,0
2022-04-29 09:54:00,600,600,600,600,0
2022-04-29 09:55:00,600,600,600,600,0
2022-04-29 09:56:00,600,600,600,600,0
2022-04-29 09:57:00,600,600,600,600,0
2022-04-29 09:58:00,600,600,600,600,0
2022-04-29 09:59:00,600,600,600,600,0
2022-04-29 10:00:00,600,600,600,600,0
2022-04-29 10:01:00,600,600,600,600,0
2022-04-29 10:02:00,600,600,600,600,0
2022-04-29 10:03:00,600,600,600,600,0
2022-04-29 10:04:00,600,600,600,600,0
2022-04-29 10:05:00,600,600,600,600,0
2022-04-29 10:06:00,600,600,600,600,0
2022-04-29 10:07:00,600,600,600,600,0
2022-04-29 10:08:00,600,600,600,600,0
2022-04-29 10:09:00,600,600,600,600,0
2022-04-29 10:10:00,600,600,600,600,0
2022-04-29 10:11:00,600,600,600,600,0
2022-04-29 10:12:00,600,600,600,600,0
2022-04-29 10:13:00,600,600,600,600,0
2022-04-29 10:14:00,600,600,600,600,0
2022-04-29 10:15:00,600,600,600,600,0
2022-04-29 10:16:00,600,600,600,600,0
2022-04-29 10:17:00,600,600,600,600,0
2022-04-29 10:18:00,600,600,600,600,0
2022-04-29 10:19:00,600,600,600,600,0
2022-04-29 10:20:00,600,600,600,600,0
2022-04-29 10:21:00,600,600,600,600,0
2022-04-29 10:22:00,600,600,600,600,0
2022-04-29 10:23:00,600,600,600,600,0
2022-04-29 10:24:00,600,600,600,600,0
2022-04-29 10:25:00,600,600,600,600,0
2022-04-29 10:26:00,600,600,600,600,0
2022-04-29 10:27:00,600,600,600,600,0
2022-04-29 10:28:00,600,600,600,600,0
2022-04-29 10:29:00,600,600,600,600,0
2022-04-29 10:30:00,600,600,600,600,0
2022-04-29 10:31:00,600,600,600,600,0
2022-04-29 10:32:00,600,600,600,600,0
2022-04-29 10:33:00,600,600,600,600,0
2022-04-29 10:34:00,600,600,600,600,0
2022-04-29 10:35:00,600,600,600,600,0
2022-04-29 10:36:00,600,600,600,600,0
2022-04-29 10:37:00,600,600,600,600,0
2022-04-29 10:38:00,600,600,600,600,0
2022-04-29 10:39:00,600,600,600,600,0
2022-04-29 10:40:00,600,600,600,600,0
2022-04-29 10:41:00,600,600,600,600,0
2022-04-29 10:42:00,600,600,600,600,0
2022-04-29 10:43:00,600,600,600,600,0
2022-04-29 10:44:00,600,600,600,600,0
2022-04-29 10:45:00,600,600,600,600,0
2022-04-29 10:46:00,600,600,600,600,0
2022-04-29 10:47:00,600,600,600,600,0
2022-04-29 10:48:00,600,600,600,600,0
2022-04-29 10:49:00,600,600,600,600,0
2022-04-29 10:50:00,600,600,600,600,0
2022-04-29 10:51:00,600,600,600,600,0
2022-04-29 10:52:00,600,600,600,600,0
2022-04-29 10:53:00,600,600,600,600,0
2022-04-29 10:54:00,600,600,600,600,0
2022-04-29 10:55:00,600,600,600,600,0
2022-04-29 10:56:00,600,600,600,600,0
2022-04-29 10:57:00,600,600,600,600,0
2022-04-29 10:58:00,600,600,600,600,0
2022-04-29 10:59:00,600,600,600,600,0
2022-04-29 11:00:00,600,600,600,600,0
2022-04-29 11:01:00,600,600,600,600,0
2022-04-29 11:02:00,600,600,600,600,0
2022-04-29 11:03:00,600,600,600,600,0
2022-04-29 11:04:00,600,600,600,600,0
2022-04-29 11:05:00,600,600,600,600,0
2022-04-29 11:06:00,600,600,600,600,0
2022-04-29 11:07:00,600,600,600,600,0
2022-04-29 11:08:00,600,600,600,600,0
2022-04-29 11:09:00,600,600,600,600,0
2022-04-29 11:10:00,600,600,600,600,0
2022-04-29 11:11:00,600,600,600,600,0
2022-04-29 11:12:00,600,600,600,600,0
2022-04-29 11:13:00,600,600,600,600,0
2022-04-29 11:14:00,600,600,600,600,0
2022-04-29 11:15:00,600,600,600,600,0
2022-04-29 11:16:00,600,600,600,600,0
2022-04-29 11:17:00,600,600,600,600,0
2022-04-29 11:18:00,600,600,600,600,0
2022-04-29 11:19:00,600,600,600,600,0
2022-04-29 11:20:00,600,600,600,600,0
2022-04-29 11:21:00,600,600,600,600,0
2022-04-29 11:22:00,600,600,600,600,0
2022-04-29 11:23:00,600,600,600,600,0
2022-04-29 11:24:00,600,600,600,600,0
2022-04-29 11:25:00,600,600,600,600,0
2022-04-29 11:26:00,600,600,600,600,0
2022-04-29 11:27:00,600,600,600,600,0
2022-04-29 11:28:00,600,600,600,600,0
2022-04-29 11:29:00,600,600,600,600,0
2022-04-29 11:30:00,600,600,600,600,0
2022-04-29 11:31:00,600,600,600,600,0
2022-04-29 11:32:00,600,600,600,600,0
2022-04-29 11:33:00,600,600,600,600,0
2022-04-29 11:34:00,600,600,600,600,0
2022-04-29 11:35:00,600,600,600,600,0
2022-04-29 11:36:00,600,600,600,600,0
2022-04-29 11:37:00,600,600,600,600,0
2022-04-29 11:38:00,600,600,600,600,0
2022-04-29 11:39:00,600,600,600,600,0
2022-04-29 11:40:00,600,600,600,600,0
2022-04-29 11:41:00,600,600,600,600,0
2022-04-29 11:42:00,600,600,600,600,0
2022-04-29 11:43:00,600,600,600,600,0
2022-04-29 11:44:00,600,600,600,600,0
2022-04-29 11:45:00,600,600,600,600,0
2022-04-29 11:46:00,600,600,600,600,0
2022-04-29 11:47:00,600,600,600,600,0
2022-04-29 11:48:00,600,600,600,600,0
2022-04-29 11:49:00,600,600,600,600,0
2022-04-29 11:50:00,600,600,600,600,0
2022-04-29 11:51:00,600,600,600,600,0
2022-04-29 11:52:00,600,600,600,600,0
2022-04-29 11:53:00,600,600,600,600,0
2022-04-29 11:54:00,600,600,600,600,0
2022-04-29 11:55:00,600,600,600,600,0
2022-04-29 11:56:00,600,600,600,600,0
2022-04-29 11:57:00,600,600,600,600,0
2022-04-29 11:58:00,600,600,600,600,0
2022-04-29 11:59:00,600,600,600,600,0
2022-04-29 12:00:00,600,600,600,600,0
2022-04-29 12:01:00,600,600,600,600,0
2022-04-29 12:02:00,600,600,600,600,0
2022-04-29 12:03:00,600,600,600,600,0
2022-04-29 12:04:00,600,600,600,600,0
2022-04-29 12:05:00,600,600,600,600,0
2022-04-29 12:06:00,600,600,600,600,0
2022-04-29 12:07:00,600,600,600,600,0
2022-04-29 12:08:00,600,600,600,600,0
2022-04-29 12:09:00,600,600,600,600,0
2022-04-29 12:10:00,600,600,600,600,0
2022-04-29 12:11:00,600,600,600,600,0
2022-04-29 12:12:00,600,600,600,600,0
2022-04-29 12:13:00,600,600,600,600,0
2022-04-29 12:14:00,600,600,600,600,0
2022-04-29 12:15:00,600,600,600,600,0
2022-04-29 12:16:00,600,600,600,600,0
2022-04-29 12:17:00,600,600,600,600,0
2022-04-29 12:18:00,600,600,600,600,0
2022-04-29 12:19:00,600,600,600,600,0
2022-04-29 12:20:00,600,600,600,600,0
2022-04-29 12:21:00,600,600,600,600,0
2022-04-29 12:22:00,600,600,600,600,0
2022-04-29 12:23:00,600,600,600,600,0
2022-04-29 12:24:00,600,600,600,600,0
2022-04-29 12:25:00,600,600,600,600,0
2022-04-29 12:26:00,600,600,600,600,0
2022-04-29 12:27:00,600,600,600,600,0
2022-04-29 12:28:00,600,600,600,600,0
2022-04-29 12:29:00,600,600,600,600,0
2022-04-29 12:30:00,600,600,600,600,0
2022-04-29 12:31:00,600,600,600,600,0
2022-04-29 12:32:00,600,600,600,600,0
2022-04-29 12:33:00,600,600,600,600,0
2022-04-29 12:34:00,600,600,600,600,0
2022-04-29 12:35:00,600,600,600,600,0
2022-04-29 12:36:00,600,600,600,600,0
2022-04-29 12:37:00,600,600,600,600,0
2022-04-29 12:38:00,600,600,600,600,0
2022-04-29 12:39:00,600,600,600,600,0
2022-04-29 12:40:00,600,600,600,600,0
2022-04-29 12:41:00,600,600,600,600,0
2022-04-29 12:42:00,600,600,600,600,0
2022-04-29 12:43:00,600,600,600,600,0
2022-04-29 12:44:00,600,600,600,600,0
2022-04-29 12:45:00,600,600,600,600,0
2022-04-29 12:46:00,600,600,600,600,0
2022-04-29 12:47:00,600,600,600,600,0
2022-04-29 12:48:00,600,600,600,600,0
2022-04-29 12:49:00,600,600,600,600,0
2022-04-29 12:50:00,600,600,600,600,0
2022-04-29 12:51:00,600,600,600,600,0
2022-04-29 12:52:00,600,600,600,600,0
2022-04-29 12:53:00,600,600,600,600,0
2022-04-29 12:54:00,600,600,600,600,0
2022-04-29 12:55:00,600,600,600,600,0
2022-04-29 12:56:00,600,600,600,600,0
2022-04-29 12:57:00,600,600,600,600,0
2022-04-29 12:58:00,600,600,600,600,0
2022-04-29 12:59:00,600,600,600,600,0
2022-04-29 13:00:00,600,600,600,600,0
2022-04-29 13:01:00,600,600,600,600,0
2022-04-29 13:02:00,600,600,600,600,0
2022-04-29 13:03:00,600,600,600,600,0
2022-04-29 13:04:00,600,600,600,600,0
2022-04-29 13:05:00,600,600,600,600,0
2022-04-29 13:06:00,600,600,600,600,0
2022-04-29 13:07:00,600,600,600,600,0
2022-04-29 13:08:00,600,600,600,600,0
2022-04-29 13:09:00,600,600,600,600,0
2022-04-29 13:10:00,600,600,600,600,0
2022-04-29 13:11:00,600,600,600,600,0
2022-04-29 13:12:00,600,600,600,600,0
2022-04-29 13:13:00,600,600,600,600,0
2022-04-29 13:14:00,600,600,600,600,0
2022-04-29 13:15:00,600,600,600,600,0
2022-04-29 13:16:00,600,600,600,600,0
2022-04-29 13:17:00,600,600,600,600,0
2022-04-29 13:18:00,600,600,600,600,0
2022-04-29 13:19:00,600,600,600,600,0
2022-04-29 13:20:00,600,600,600,600,0
2022-04-29 13:21:00,600,600,600,600,0
2022-04-29 13:22:00,600,600,600,600,0
2022-04-29 13:23:00,600,600,600,600,0
2022-04-29 13:24:00,600,600,600,600,0
2022-04-29 13:25:00,600,600,600,600,0
2022-04-29 13:26:00,600,600,600,600,0
2022-04-29 13:27:00,600,600,600,600,0
2022-04-29 13:28:00,600,600,600,600,0
2022-04-29 13:29:00,600,600,600,600,0
2022-04-29 13:30:00,600,600,600,600,0
2022-04-29 13:31:00,600,600,600,600,0
2022-04-29 13:32:00,600,600,600,600,0
2022-04-29 13:33:00,600,600,600,600,0
2022-04-29 13:34:00,600,600,600,600,0
2022-04-29 13:35:00,600,600,600,600,0
2022-04-29 13:36:00,600,600,600,600,0
2022-04-29 13:37:00,600,600,600,600,0
2022-04-29 13:38:00,600,600,600,600,0
2022-04-29 13:39:00,600,600,600,600,0
2022-04-29 13:40:00,600,600,600,600,0
2022-04-29 13:41:00,600,600,600,600,0
2022-04-29 13:42:00,600,600,600,600,0
2022-04-29 13:43:00,600,600,600,600,0
2022-04-29 13:44:00,600,600,600,600,0
2022-04-29 13:45:00,600,600,600,600,0
2022-04-29 13:46:00,600,600,600,600,0
2022-04-29 13:47:00,600,600,600,600,0
2022-04-29 13:48:00,600,600,600,600,0
2022-04-29 13:49:00,600,600,600,600,0
2022-04-29 13:50:00,600,600,600,600,0
2022-04-29 13:51:00,600,600,600,600,0
2022-04-29 13:52:00,600,600,600,600,0
2022-04-29 13:53:00,600,600,600,600,0
2022-04-29 13:54:00,600,600,600,600,0
2022-04-29 13:55:00,600,600,600,600,0
2022-04-29 13:56:00,600,600,600,600,0
2022-04-29 13:57:00,600,600,600,600,0
2022-04-29 13:58:00,600,600,600,600,0
2022-04-29 13:59:00,600,600,600,600,0
2022-04-29 14:00:00,600,600,600,600,0
2022-04-29 14:01:00,600,600,600,600,0
2022-04-29 14:02:00,600,600,600,600,0
2022-04-29 14:03:00,600,600,600,600,0
2022-04-29 14:04:00,600,600,600,600,0
2022-04-29 14:05:00,600,600,600,600,0
2022-04-29 14:06:00,600,600,600,600,0
2022-04-29 14:07:00,600,600,600,600,0
2022-04-29 14:08:00,600,600,600,600,0
2022-04-29 14:09:00,600,600,600,600,0
2022-04-29 14:10:00,600,600,600,600,0
2022-04-29 14:11:00,600,600,600,600,0
2022-04-29 14:12:00,600,600,600,600,0
2022-04-29 14:13:00,600,600,600,600,0
2022-04-29 14:14:00,600,600,600,600,0
2022-04-29 14:15:00,600,600,600,600,0
2022-04-29 14:16:00,600,600,600,600,0
2022-04-29 14:17:00,600,600,600,600,0
2022-04-29 14:18:00,600,600,600,600,0
2022-04-29 14:19:00,600,600,600,600,0
2022-04-29 14:20:00,600,600,600,600,0
2022-04-29 14:21:00,600,600,600,600,0
2022-04-29 14:22:00,600,600,600,600,0
2022-04-29 14:23:00,600,600,600,600,0
2022-04-29 14:24:00,600,600,600,600,0
2022-04-29 14:25:00,600,600,600,600,0
2022-04-29 14:26:00,600,600,600,600,0
2022-04-29 14:27:00,600,600,600,600,0
2022-04-29 14:28:00,600,600,600,600,0
2022-04-29 14:29:00,600,600,600,600,0
2022-04-29 14:30:00,600,600,600,600,0
2022-04-29 14:31:00,600,600,600,600,0
2022-04-29 14:32:00,600,600,600,600,0
2022-04-29 14:33:00,600,600,600,600,0
2022-04-29 14:34:00,600,600,600,600,0
2022-04-29 14:35:00,600,600,600,600,0
2022-04-29 14:36:00,600,600,600,600,0
2022-04-29 14:37:00,600,600,600,600,0
2022-04-29 14:38:00,600,600,600,600,0
2022-04-29 14:39:00,600,600,600,600,0
2022-04-29 14:40:00,600,600,600,600,0
2022-04-29 14:41:00,600,600,600,600,0
2022-04-29 14:42:00,600,600,600,600,0
2022-04-29 14:43:00,600,600,600,600,0
2022-04-29 14:44:00,600,600,600,600,0
2022-04-29 14:45:00,600,600,600,600,0
2022-04-29 14:46:00,600,600,600,600,0
2022-04-29 14:47:00,600,600,600,600,0
2022-04-29 14:48:00,600,600,600,600,0
2022-04-29 14:49:00,600,600,600,600,0
2022-04-29 14:50:00,600,600,600,600,0
2022-04-29 14:51:00,600,600,600,600,0
2022-04-29 14:52:00,600,600,600,600,0
2022-04-29 14:53:00,600,600,600,600,0
2022-04-29 14:54:00,600,600,600,600,0
2022-04-29 14:55:00,600,600,600,600,0
2022-04-29 14:56:00,600,600,600,600,0
2022-04-29 14:57:00,600,600,600,600,0
2022-04-29 14:58:00,600,600,600,600,0
2022-04-29 14:59:00,600,600,600,600,0
2022-04-29 15:00:00,600,600,600,600,0
2022-04-29 15:01:00,600,600,600,600,0
2022-04-29 15:02:00,600,600,600,600,0
2022-04-29 15:03:00,600,600,600,600,0
2022-04-29 15:04:00,600,600,600,600,0
2022-04-29 15:05:00,600,600,600,600,0
2022-04-29 15:06:00,600,600,600,600,0
2022-04-29 15:07:00,600,600,600,600,0
2022-04-29 15:08:00,600,600,600,600,0
2022-04-29 15:09:00,600,600,600,600,0
2022-04-29 15:10:00,600,600,600,600,0
2022-04-29 15:11:00,600,600,600,600,0
2022-04-29 15:12:00,600,600,600,600,0
2022-04-29 15:13:00,600,600,600,600,0
2022-04-29 15:14:00,600,600,600,600,0
2022-04-29 15:15:00,600,600,600,600,0
2022-04-29 15:16:00,600,600,600,600,0
2022-04-29 15:17:00,600,600,600,600,0
2022-04-29 15:18:00,600,600,600,600,0
2022-04-29 15:19:00,600,600,600,600,0
2022-04-29 15:20:00,600,600,600,600,0
2022-04-29 15:21:00,600,600,600,600,0
2022-04-29 15:22:00,600,600,600,600,0
2022-04-29 15:23:00,600,600,600,600,0
2022-04-29 15:24:00,600,600,600,600,0
2022-04-29 15:25:00,600,600,600,600,0
2022-04-29 15:26:00,600,600,600,600,0
2022-04-29 15:27:00,600,600,600,600,0
2022-04-29 15:28:00,600,600,600,600,0
2022-04-29 15:29:00,600,600,600,600,0
2022-04-29 15:30:00,600,600,600,600,0
2022-04-29 15:31:00,600,600,600,600,0
2022-04-29 15:32:00,600,600,600,600,0
2022-04-29 15:33:00,600,600,600,600,0
2022-04-29 15:34:00,600,600,600,600,0
2022-04-29 15:35:00,600,600,600,600,0
2022-04-29 15:36:00,600,600,600,600,0
2022-04-29 15:37:00,600,600,600,600,0
2022-04-29 15:38:00,600,600,600,600,0
2022-04-29 15:39:00,600,600,600,600,0
2022-04-29 15:40:00,600,600,600,600,0
2022-04-29 15:41:00,600,600,600,600,0
2022-04-29 15:42:00,600,600,600,600,0
2022-04-29 15:43:00,600,600,600,600,0
2022-04-29 15:44:00,600,600,600,600,0
2022-04-29 15:45:00,600,600,600,600,0
2022-04-29 15:46:00,600,600,600,600,0
2022-04-29 15:47:00,600,600,600,600,0
2022-04-29 15:48:00,600,600,600,600,0
2022-04-29 15:49:00,600,600,600,600,0
2022-04-29 15:50:00,600,600,600,600,0
2022-04-29 15:51:00,600,600,600,600,0
2022-04-29 15:52:00,600,600,600,600,0
2022-04-29 15:53:00,600,600,600,600,0
2022-04-29 15:54:00,600,600,600,600,0
2022-04-29 15:55:00,600,600,600,600,0
2022-04-29 15:56:00,600,600,600,600,0
2022-04-29 15:57:00,600,600,600,600,0
2022-04-29 15:58:00,600,600,600,600,0
2022-04-29 15:59:00,600,600,600,600,0
2022-05-02 09:00:00,600,600,600,600,0
2022-05-02 09:01:00,600,600,600,600,0
2022-05-02 09:02:00,600,600,600,600,0
2022-05-02 09:03:00,600,600,600,600,0
2022-05-02 09:04:00,600,600,600,600,0
2022-05-02 09:05:00,600,600,600,600,0
2022-05-02 09:06:00,600,600,600,600,0
2022-05-02 09:07:00,600,600,600,600,0
2022-05-02 09:08:00,600,600,600,600,0
2022-05-02 09:09:00,600,600,600,600,0
2022-05-02 09:10:00,600,600,600,600,0
2022-05-02 09:11:00,600,600,600,600,0
2022-05-02 09:12:00,600,600,600,600,0
2022-05-02 09:13:00,600,600,600,600,0
2022-05-02 09:14:00,600,600,600,600,0
2022-05-02 09:15:00,600,600,600,600,0
2022-05-02 09:16:00,600,600,600,600,0
2022-05-02 09:17:00,600,600,600,600,0
2022-05-02 09:18:00,600,600,600,600,0
2022-05-02 09:19:00,600,600,600,600,0
2022-05-02 09:20:00,600,600,600,600,0
2022-05-02 09:21:00,600,600,600,600,0
2022-05-02 09:22:00,600,600,600,600,0
2022-05-02 09:23:00,600,600,600,600,0
2022-05-02 09:24:00,600,600,600,600,0
2022-05-02 09:25:00,600,600,600,600,0
2022-05-02 09:26:00,600,600,600,600,0
2022-05-02 09:27:00,600,600,600,600,0
2022-05-02 09:28:00,600,600,600,600,0
2022-05-02 09:29:00,600,600,600,600,0
2022-05-02 09:30:00,600,600,600,600,0
2022-05-02 09:31:00,600,600,600,600,0
2022-05-02 09:32:00,600,600,600,600,0
2022-05-02 09:33:00,600,600,600,600,0
2022-05-02 09:34:00,600,600,600,600,0
2022-05-02 09:35:00,600,600,600,600,0
2022-05-02 09:36:00,600,600,600,600,0
2022-05-02 09:37:00,600,600,600,600,0
2022-05-02 09:38:00,600,600,600,600,0
2022-05-02 09:39:00,600,600,600,600,0
2022-05-02 09:40:00,600,600,600,600,0
2022-05-02 09:41:00,600,600,600,600,0
2022-05-02 09:42:00,600,600,600,600,0
2022-05-02 09:43:00,600,600,600,600,0
2022-05-02 09:44:00,600,600,600,600,0
2022-05-02 09:45:00,600,600,600,600,0
2022-05-02 09:46:00,600,600,600,600,0
2022-05-02 09:47:00,600,600,600,600,0
2022-05-02 09:48:00,600,600,600,600,0
2022-05-02 09:49:00,600,600,600,600,0
2022-05-02 09:50:00,600,600,600,600,0
2022-05-02 09:51:00,600,600,600,600,0
2022-05-02 09:52:00,600,600,600,600,0
2022-05-02 09:53:00,600,600,600,600,0
2022-05-02 09:54:00,600,600,600,600,0
2022-05-02 09:55:00,600,600,600,600,0
2022-05-02 09:56:00,600,600,600,600,0
2022-05-02 09:57:00,600,600,600,600,0
2022-05-02 09:58:00,600,600,600,600,0
2022-05-02 09:59:00,600,600,600,600,0
2022-05-02 10:00:00,600,600,600,600,0
2022-05-02 10:01:00,600,600,600,600,0
2022-05-02 10:02:00,600,600,600,600,0
2022-05-02 10:03:00,600,600,600,600,0
2022-05-02 10:04:00,600,600,600,600,0
2022-05-02 10:05:00,600,600,600,600,0
2022-05-02 10:06:00,600,600,600,600,0
2022-05-02 10:07:00,600,600,600,600,0
2022-05-02 10:08:00,600,600,600,600,0
2022-05-02 10:09:00,600,600,600,600,0
2022-05-02 10:10:00,600,600,600,600,0
2022-05-02 10:11:00,600,600,600,600,0
2022-05-02 10:12:00,600,600,600,600,0
2022-05-02 10:13:00,600,600,600,600,0
2022-05-02 10:14:00,600,600,600,600,0
2022-05-02 10:15:00,600,600,600,600,0
2022-05-02 10:16:00,600,600,600,600,0
2022-05-02 10:17:00,600,600,600,600,0
2022-05-02 10:18:00,600,600,600,600,0
2022-05-02 10:19:00,600,600,600,600,0
2022-05-02 10:20:00,600,600,600,600,0
2022-05-02 10:21:00,600,600,600,600,0
2022-05-02 10:22:00,600,600,600,600,0
2022-05-02 10:23:00,600,600,600,600,0
2022-05-02 10:24:00,600,600,600,600,0
2022-05-02 10:25:00,600,600,600,600,0
2022-05-02 10:26:00,600,600,600,600,0
2022-05-02 10:27:00,600,600,600,600,0
2022-05-02 10:28:00,600,600,600,600,0
2022-05-02 10:29:00,600,600,600,600,0
2022-05-02 10:30:00,600,600,600,600,0
2022-05-02 10:31:00,600,600,600,600,0
2022-05-02 10:32:00,600,600,600,600,0
2022-05-02 10:33:00,600,600,600,600,0
2022-05-02 10:34:00,600,600,600,600,0
2022-05-02 10:35:00,600,600,600,600,0
2022-05-02 10:36:00,600,600,600,600,0
2022-05-02 10:37:00,600,600,600,600,0
2022-05-02 10:38:00,600,600,600,600,0
2022-05-02 10:39:00,600,600,600,600,0
2022-05-02 10:40:00,600,600,600,600,0
2022-05-02 10:41:00,600,600,600,600,0
2022-05-02 10:42:00,600,600,600,600,0
2022-05-02 10:43:00,600,600,600,600,0
2022-05-02 10:44:00,600,600,600,600,0
2022-05-02 10:45:00,600,600,600,600,0
2022-05-02 10:46:00,600,600,600,600,0
2022-05-02 10:47:00,600,600,600,600,0
2022-05-02 10:48:00,600,600,600,600,0
2022-05-02 10:49:00,600,600,600,600,0
2022-05-02 10:50:00,600,600,600,600,0
2022-05-02 10:51:00,600,600,600,600,0
2022-05-02 10:52:00,600,600,600,600,0
2022-05-02 10:53:00,600,600,600,600,0
2022-05-02 10:54:00,600,600,600,600,0
2022-05-02 10:55:00,600,600,600,600,0
2022-05-02 10:56:00,600,600,600,600,0
2022-05-02 10:57:00,600,600,600,600,0
2022-05-02 10:58:00,600,600,600,600,0
2022-05-02 10:59:00,600,600,600,600,0
2022-05-02 11:00:00,600,600,600,600,0
2022-05-02 11:01:00,600,600,600,600,0
2022-05-02 11:02:00,600,600,600,600,0
2022-05-02 11:03:00,600,600,600,600,0
2022-05-02 11:04:00,600,600,600,600,0
2022-05-02 11:05:00,600,600,600,600,0
2022-05-02 11:06:00,600,600,600,600,0
2022-05-02 11:07:00,600,600,600,600,0
2022-05-02 11:08:00,600,600,600,600,0
2022-05-02 11:09:00,600,600,600,600,0
2022-05-02 11:10:00,600,600,600,600,0
2022-05-02 11:11:00,600,600,600,600,0
2022-05-02 11:12:00,600,600,600,600,0
2022-05-02 11:13:00,600,600,600,600,0
2022-05-02 11:14:00,600,600,600,600,0
2022-05-02 11:15:00,600,600,600,600,0
2022-05-02 11:16:00,600,600,600,600,0
2022-05-02 11:17:00,600,600,600,600,0
2022-05-02 11:18:00,600,600,600,600,0
2022-05-02 11:19:00,600,600,600,600,0
2022-05-02 11:20:00,600,600,600,600,0
2022-05-02 11:21:00,600,600,600,600,0
2022-05-02 11:22:00,600,600,600,600,0
2022-05-02 11:23:00,600,600,600,600,0
2022-05-02 11:24:00,600,600,600,600,0
2022-05-02 11:25:00,600,600,600,600,0
2022-05-02 11:26:00,600,600,600,600,0
2022-05-02 11:27:00,600,600,600,600,0
2022-05-02 11:28:00,600,600,600,600,0
2022-05-02 11:29:00,600,600,600,600,0
2022-05-02 11:30:00,600,600,600,600,0
2022-05-02 11:31:00,600,600,600,600,0
2022-05-02 11:32:00,600,600,600,600,0
2022-05-02 11:33:00,600,600,600,600,0
2022-05-02 11:34:00,600,600,600,600,0
2022-05-02 11:35:00,600,600,600,600,0
2022-05-02 11:36:00,600,600,600,600,0
2022-05-02 11:37:00,600,600,600,600,0
2022-05-02 11:38:00,600,600,600,600,0
2022-05-02 11:39:00,600,600,600,600,0
2022-05-02 11:40:00,600,600,600,600,0
2022-05-02 11:41:00,600,600,600,600,0
2022-05-02 11:42:00,600,600,600,600,0
2022-05-02 11:43:00,600,600,600,600,0
2022-05-02 11:44:00,600,600,600,600,0
2022-05-02 11:45:00,600,600,600,600,0
2022-05-02 11:46:00,600,600,600,600,0
2022-05-02 11:47:00,600,600,600,600,0
2022-05-02 11:48:00,600,600,600,600,0
2022-05-02 11:49:00,600,600,600,600,0
2022-05-02 11:50:00,600,600,600,600,0
2022-05-02 11:51:00,600,600,600,600,0
2022-05-02 11:52:00,600,600,600,600,0
2022-05-02 11:53:00,600,600,600,600,0
2022-05-02 11:54:00,600,600,600,600,0
2022-05-02 11:55:00,600,600,600,600,0
2022-05-02 11:56:00,600,600,600,600,0
2022-05-02 11:57:00,600,600,600,600,0
2022-05-02 11:58:00,600,600,600,600,0
2022-05-02 11:59:00,600,600,600,600,0
2022-05-02 12:00:00,600,600,600,600,0
2022-05-02 12:01:00,600,600,600,600,0
2022-05-02 12:02:00,600,600,600,600,0
2022-05-02 12:03:00,600,600,600,600,0
2022-05-02 12:04:00,600,600,600,600,0
2022-05-02 12:05:00,600,600,600,600,0
2022-05-02 12:06:00,600,600,600,600,0
2022-05-02 12:07:00,600,600,600,600,0
2022-05-02 12:08:00,600,600,600,600,0
2022-05-02 12:09:00,600,600,600,600,0
2022-05-02 12:10:00,600,600,600,600,0
2022-05-02 12:11:00,600,600,600,600,0
2022-05-02 12:12:00,600,600,600,600,0
2022-05-02 12:13:00,600,600,600,600,0
2022-05-02 12:14:00,600,600,600,600,0
2022-05-02 12:15:00,600,600,600,600,0
2022-05-02 12:16:00,600,600,600,600,0
2022-05-02 12:17:00,600,600,600,600,0
2022-05-02 12:18:00,600,600,600,600,0
2022-05-02 12:19:00,600,600,600,600,0
2022-05-02 12:20:00,600,600,600,600,0
2022-05-02 12:21:00,600,600,600,600,0
2022-05-02 12:22:00,600,600,600,600,0
2022-05-02 12:23:00,600,600,600,600,0
2022-05-02 12:24:00,600,600,600,600,0
2022-05-02 12:25:00,600,600,600,600,0
2022-05-02 12:26:00,600,600,600,600,0
2022-05-02 12:27:00,600,600,600,600,0
2022-05-02 12:28:00,600,600,600,600,0
2022-05-02 12:29:00,600,600,600,600,0
2022-05-02 12:30:00,600,600,600,600,0
2022-05-02 12:31:00,600,600,600,600,0
2022-05-02 12:32:00,600,600,600,600,0
2022-05-02 12:33:00,600,600,600,600,0
2022-05-02 12:34:00,600,600,600,600,0
2022-05-02 12:35:00,600,600,600,600,0
2022-05-02 12:36:00,600,600,600,600,0
2022-05-02 12:37:00,600,600,600,600,0
2022-05-02 12:38:00,600,600,600,600,0
2022-05-02 12:39:00,600,600,600,600,0
2022-05-02 12:40:00,600,600,600,600,0
2022-05-02 12:41:00,600,600,600,600,0
2022-05-02 12:42:00,600,600,600,600,0
2022-05-02 12:43:00,600,600,600,600,0
2022-05-02 12:44:00,600,600,600,600,0
2022-05-02 12:45:00,600,600,600,600,0
2022-05-02 12:46:00,600,600,600,600,0
2022-05-02 12:47:00,600,600,600,600,0
2022-05-02 12:48:00,600,600,600,600,0
2022-05-02 12:49:00,600,600,600,600,0
2022-05-02 12:50:00,600,600,600,600,0
2022-05-02 12:51:00,600,600,600,600,0
2022-05-02 12:52:00,600,600,600,600,0
2022-05-02 12:53:00,600,600,600,600,0
2022-05-02 12:54:00,600,600,600,600,0
2022-05-02 12:55:00,600,600,600,600,0
2022-05-02 12:56:00,600,600,600,600,0
2022-05-02 12:57:00,600,600,600,600,0
2022-05-02 12:58:00,600,600,600,600,0
2022-05-02 12:59:00,600,600,600,600,0
2022-05-02 13:00:00,600,600,600,600,0
2022-05-02 13:01:00,600,600,600,600,0
2022-05-02 13:02:00,600,600,600,600,0
2022-05-02 13:03:00,600,600,600,600,0
2022-05-02 13:04:00,600,600,600,600,0
2022-05-02 13:05:00,600,600,600,600,0
2022-05-02 13:06:00,600,600,600,600,0
2022-05-02 13:07:00,600,600,600,600,0
2022-05-02 13:08:00,600,600,600,600,0
2022-05-02 13:09:00,600,600,600,600,0
2022-05-02 13:10:00,600,600,600,600,0
2022-05-02 13:11:00,600,600,600,600,0
2022-05-02 13:12:00,600,600,600,600,0
2022-05-02 13:13:00,600,600,600,600,0
2022-05-02 13:14:00,600,600,600,600,0
2022-05-02 13:15:00,600,600,600,600,0
2022-05-02 13:16:00,600,600,600,600,0
2022-05-02 13:17:00,600,600,600,600,0
2022-05-02 13:18:00,600,600,600,600,0
2022-05-02 13:19:00,600,600,600,600,0
2022-05-02 13:20:00,600,600,600,600,0
2022-05-02 13:21:00,600,600,600,600,0
2022-05-02 13:22:00,600,600,600,600,0
2022-05-02 13:23:00,600,600,600,600,0
2022-05-02 13:24:00,600,600,600,600,0
2022-05-02 13:25:00,600,600,600,600,0
2022-05-02 13:26:00,600,600,600,600,0
2022-05-02 13:27:00,600,600,600,600,0
2022-05-02 13:28:00,600,600,600,600,0
2022-05-02 13:29:00,600,600,600,600,0
2022-05-02 13:30:00,600,600,600,600,0
2022-05-02 13:31:00,600,600,600,600,0
2022-05-02 13:32:00,600,600,600,600,0
2022-05-02 13:33:00,600,600,600,600,0
2022-05-02 13:34:00,600,600,600,600,0
2022-05-02 13:35:00,600,600,600,600,0
2022-05-02 13:36:00,600,600,600,600,0
2022-05-02 13:37:00,600,600,600,600,0
2022-05-02 13:38:00,600,600,600,600,0
2022-05-02 13:39:00,600,600,600,600,0
2022-05-02 13:40:00,600,600,600,600,0
2022-05-02 13:41:00,600,600,600,600,0
2022-05-02 13:42:00,600,600,600,600,0
2022-05-02 13:43:00,600,600,600,600,0
2022-05-02 13:44:00,600,600,600,600,0
2022-05-02 13:45:00,600,600,600,600,0
2022-05-02 13:46:00,600,600,600,600,0
2022-05-02 13:47:00,600,600,600,600,0
2022-05-02 13:48:00,600,600,600,600,0
2022-05-02 13:49:00,600,600,600,600,0
2022-05-02 13:50:00,600,600,600,600,0
2022-05-02 13:51:00,600,600,600,600,0
2022-05-02 13:52:00,600,600,600,600,0
2022-05-02 13:53:00,600,600,600,600,0
2022-05-02 13:54:00,600,600,600,600,0
2022-05-02 13:55:00,600,600,600,600,0
2022-05-02 13:56:00,600,600,600,600,0
2022-05-02 13:57:00,600,600,600,600,0
2022-05-02 13:58:00,600,600,600,600,0
2022-05-02 13:59:00,600,600,600,600,0
2022-05-02 14:00:00,600,600,600,600,0
2022-05-02 14:01:00,600,600,600,600,0
2022-05-02 14:02:00,600,600,600,600,0
2022-05-02 14:03:00,600,600,600,600,0
2022-05-02 14:04:00,600,600,600,600,0
2022-05-02 14:05:00,600,600,600,600,0
2022-05-02 14:06:00,600,600,600,600,0
2022-05-02 14:07:00,600,600,600,600,0
2022-05-02 14:08:00,600,600,600,600,0
2022-05-02 14:09:00,600,600,600,600,0
2022-05-02 14:10:00,600,600,600,600,0
2022-05-02 14:11:00,600,600,600,600,0
2022-05-02 14:12:00,600,600,600,600,0
2022-05-02 14:13:00,600,600,600,600,0
2022-05-02 14:14:00,600,600,600,600,0
2022-05-02 14:15:00,600,600,600,600,0
2022-05-02 14:16:00,600,600,600,600,0
2022-05-02 14:17:00,600,600,600,600,0
2022-05-02 14:18:00,600,600,600,600,0
2022-05-02 14:19:00,600,600,600,600,0
2022-05-02 14:20:00,600,600,600,600,0
2022-05-02 14:21:00,600,600,600,600,0
2022-05-02 14:22:00,600,600,600,600,0
2022-05-02 14:23:00,600,600,600,600,0
2022-05-02 14:24:00,600,600,600,600,0
2022-05-02 14:25:00,600,600,600,600,0
2022-05-02 14:26:00,600,600,600,600,0
2022-05-02 14:27:00,600,600,600,600,0
2022-05-02 14:28:00,600,600,600,600,0
2022-05-02 14:29:00,600,600,600,600,0
2022-05-02 14:30:00,600,600,600,600,0
2022-05-02 14:31:00,600,600,600,600,0
2022-05-02 14:32:00,600,600,600,600,0
2022-05-02 14:33:00,600,600,600,600,0
2022-05-02 14:34:00,600,600,600,600,0
2022-05-02 14:35:00,600,600,600,600,0
2022-05-02 14:36:00,600,600,600,600,0
2022-05-02 14:37:00,600,600,600,600,0
2022-05-02 14:38:00,600,600,600,600,0
2022-05-02 14:39:00,600,600,600,600,0
2022-05-02 14:40:00,600,600,600,600,0
2022-05-02 14:41:00,600,600,600,600,0
2022-05-02 14:42:00,600,600,600,600,0
2022-05-02 14:43:00,600,600,600,600,0
2022-05-02 14:44:00,600,600,600,600,0
2022-05-02 14:45:00,600,600,600,600,0
2022-05-02 14:46:00,600,600,600,600,0
2022-05-02 14:47:00,600,600,600,600,0
2022-05-02 14:48:00,600,600,600,600,0
2022-05-02 14:49:00,600,600,600,600,0
2022-05-02 14:50:00,600,600,600,600,0
2022-05-02 14:51:00,600,600,600,600,0
2022-05-02 14:52:00,600,600,600,600,0
2022-05-02 14:53:00,600,600,600,600,0
2022-05-02 14:54:00,600,600,600,600,0
2022-05-02 14:55:00,600,600,600,600,0
2022-05-02 14:56:00,600,600,600,600,0
2022-05-02 14:57:00,600,600,600,600,0
2022-05-02 14:58:00,600,600,600,600,0
2022-05-02 14:59:00,600,600,600,600,0
2022-05-02 15:00:00,600,600,600,600,0
2022-05-02 15:01:00,600,600,600,600,0
2022-05-02 15:02:00,600,600,600,600,0
2022-05-02 15:03:00,600,600,600,600,0
2022-05-02 15:04:00,600,600,600,600,0
2022-05-02 15:05:00,600,600,600,600,0
2022-05-02 15:06:00,600,600,600,600,0
2022-05-02 15:07:00,600,600,600,600,0
2022-05-02 15:08:00,600,600,600,600,0
2022-05-02 15:09:00,600,600,600,600,0
2022-05-02 15:10:00,600,600,600,600,0
2022-05-02 15:11:00,600,600,600,600,0
2022-05-02 15:12:00,600,600,600,600,0
2022-05-02 15:13:00,600,600,600,600,0
2022-05-02 15:14:00,600,600,600,600,0
2022-05-02 15:15:00,600,600,600,600,0
2022-05-02 15:16:00,600,600,600,600,0
2022-05-02 15:17:00,600,600,600,600,0
2022-05-02 15:18:00,600,600,600,600,0
2022-05-02 15:19:00,600,600,600,600,0
2022-05-02 15:20:00,600,600,600,600,0
2022-05-02 15:21:00,600,600,600,600,0
2022-05-02 15:22:00,600,600,600,600,0
2022-05-02 15:23:00,600,600,600,600,0
2022-05-02 15:24:00,600,600,600,600,0
2022-05-02 15:25:00,600,600,600,600,0
2022-05-02 15:26:00,600,600,600,600,0
2022-05-02 15:27:00,600,600,600,600,0
2022-05-02 15:28:00,600,600,600,600,0
2022-05-02 15:29:00,600,600,600,600,0
2022-05-02 15:30:00,600,600,600,600,0
2022-05-02 15:31:00,600,600,600,600,0
2022-05-02 15:32:00,600,600,600,600,0
2022-05-02 15:33:00,600,600,600,600,0
2022-05-02 15:34:00,600,600,600,600,0
2022-05-02 15:35:00,600,600,600,600,0
2022-05-02 15:36:00,600,600,600,600,0
2022-05-02 15:37:00,600,600,600,600,0
2022-05-02 15:38:00,600,600,600,600,0
2022-05-02 15:39:00,600,600,600,600,0
2022-05-02 15:40:00,600,600,600,600,0
2022-05-02 15:41:00,600,600,600,600,0
2022-05-02 15:42:00,600,600,600,600,0
2022-05-02 15:43:00,600,600,600,600,0
2022-05-02 15:44:00,600,600,600,600,0
2022-05-02 15:45:00,600,600,600,600,0
2022-05-02 15:46:00,600,600,600,600,0
2022-05-02 15:47:00,600,600,600,600,0
2022-05-02 15:48:00,600,600,600,600,0
2022-05-02 15:49:00,600,600,600,600,0
2022-05-02 15:50:00,600,600,600,600,0
2022-05-02 15:51:00,600,600,600,600,0
2022-05-02 15:52:00,600,600,600,600,0
2022-05-02 15:53:00,600,600,600,600,0
2022-05-02 15:54:00,600,600,600,600,0
2022-05-02 15:55:00,600,600,600,600,0
2022-05-02 15:56:00,600,600,600,600,0
2022-05-02 15:57:00,600,600,600,600,0
2022-05-02 15:58:00,600,600,600,600,0
2022-05-02 15:59:00,600,600,600,600,0
2022-05-03 09:00:00,600,600,600,600,0
2022-05-03 09:01:00,600,600,600,600,0
2022-05-03 09:02:00,600,600,600,600,0
2022-05-03 09:03:00,600,600,600,600,0
2022-05-03 09:04:00,600,600,600,600,0
2022-05-03 09:05:00,600,600,600,600,0
2022-05-03 09:06:00,600,600,600,600,0
2022-05-03 09:07:00,600,600,600,600,0
2022-05-03 09:08:00,600,600,600,600,0
2022-05-03 09:09:00,600,600,600,600,0
2022-05-03 09:10:00,600,600,600,600,0
2022-05-03 09:11:00,600,600,600,600,0
2022-05-03 09:12:00,600,600,600,600,0
2022-05-03 09:13:00,600,600,600,600,0
2022-05-03 09:14:00,600,600,600,600,0
2022-05-03 09:15:00,600,600,600,600,0
2022-05-03 09:16:00,600,600,600,600,0
2022-05-03 09:17:00,600,600,600,600,0
2022-05-03 09:18:00,600,600,600,600,0
2022-05-03 09:19:00,600,600,600,600,0
2022-05-03 09:20:00,600,600,600,600,0
2022-05-03 09:21:00,600,600,600,600,0
2022-05-03 09:22:00,600,600,600,600,0
2022-05-03 09:23:00,600,600,600,600,0
2022-05-03 09:24:00,600,600,600,600,0
2022-05-03 09:25:00,600,600,600,600,0
2022-05-03 09:26:00,600,600,600,600,0
2022-05-03 09:27:00,600,600,600,600,0
2022-05-03 09:28:00,600,600,600,600,0
2022-05-03 09:29:00,600,600,600,600,0
2022-05-03 09:30:00,600,600,600,600,0
2022-05-03 09:31:00,600,600,600,600,0
2022-05-03 09:32:00,600,600,600,600,0
2022-05-03 09:33:00,600,600,600,600,0
2022-05-03 09:34:00,600,600,600,600,0
2022-05-03 09:35:00,600,600,600,600,0
2022-05-03 09:36:00,600,600,600,600,0
2022-05-03 09:37:00,600,600,600,600,0
2022-05-03 09:38:00,600,600,600,600,0
2022-05-03 09:39:00,600,600,600,600,0
2022-05-03 09:40:00,600,600,600,600,0
2022-05-03 09:41:00,600,600,600,600,0
2022-05-03 09:42:00,600,600,600,600,0
2022-05-03 09:43:00,600,600,600,600,0
2022-05-03 09:44:00,600,600,600,600,0
2022-05-03 09:45:00,600,600,600,600,0
2022-05-03 09:46:00,600,600,600,600,0
2022-05-03 09:47:00,600,600,600,600,0
2022-05-03 09:48:00,600,600,600,600,0
2022-05-03 09:49:00,600,600,600,600,0
2022-05-03 09:50:00,600,600,600,600,0
2022-05-03 09:51:00,600,600,600,600,0
2022-05-03 09:52:00,600,600,600,600,0
2022-05-03 09:53:00,600,600,600,600,0
2022-05-03 09:54:00,600,600,600,600,0
2022-05-03 09:55:00,600,600,600,600,0
2022-05-03 09:56:00,600,600,600,600,0
2022-05-03 09:57:00,600,600,600,600,0
2022-05-03 09:58:00,600,600,600,600,0
2022-05-03 09:59:00,600,600,600,600,0
2022-05-03 10:00:00,600,600,600,600,0
2022-05-03 10:01:00,600,600,600,600,0
2022-05-03 10:02:00,600,600,600,600,0
2022-05-03 10:03:00,600,600,600,600,0
2022-05-03 10:04:00,600,600,600,600,0
2022-05-03 10:05:00,600,600,600,600,0
2022-05-03 10:06:00,600,600,600,600,0
2022-05-03 10:07:00,600,600,600,600,0
2022-05-03 10:08:00,600,600,600,600,0
2022-05-03 10:09:00,600,600,600,600,0
2022-05-03 10:10:00,600,600,600,600,0
2022-05-03 10:11:00,600,600,600,600,0
2022-05-03 10:12:00,600,600,600,600,0
2022-05-03 10:13:00,600,600,600,600,0
2022-05-03 10:14:00,600,600,600,600,0
2022-05-03 10:15:00,600,600,600,600,0
2022-05-03 10:16:00,600,600,600,600,0
2022-05-03 10:17:00,600,600,600,600,0
2022-05-03 10:18:00,600,600,600,600,0
2022-05-03 10:19:00,600,600,600,600,0
2022-05-03 10:20:00,600,600,600,600,0
2022-05-03 10:21:00,600,600,600,600,0
2022-05-03 10:22:00,600,600,600,600,0
2022-05-03 10:23:00,600,600,600,600,0
2022-05-03 10:24:00,600,600,600,600,0
2022-05-03 10:25:00,600,600,600,600,0
2022-05-03 10:26:00,600,600,600,600,0
2022-05-03 10:27:00,600,600,600,600,0
2022-05-03 10:28:00,600,600,600,600,0
2022-05-03 10:29:00,600,600,600,600,0
2022-05-03 10:30:00,600,600,600,600,0
2022-05-03 10:31:00,600,600,600,600,0
2022-05-03 10:32:00,600,600,600,600,0
2022-05-03 10:33:00,600,600,600,600,0
2022-05-03 10:34:00,600,600,600,600,0
2022-05-03 10:35:00,600,600,600,600,0
2022-05-03 10:36:00,600,600,600,600,0
2022-05-03 10:37:00,600,600,600,600,0
2022-05-03 10:38:00,600,600,600,600,0
2022-05-03 10:39:00,600,600,600,600,0
2022-05-03 10:40:00,600,600,600,600,0
2022-05-03 10:41:00,600,600,600,600,0
2022-05-03 10:42:00,600,600,600,600,0
2022-05-03 10:43:00,600,600,600,600,0
2022-05-03 10:44:00,600,600,600,600,0
2022-05-03 10:45:00,600,600,600,600,0
2022-05-03 10:46:00,600,600,600,600,0
2022-05-03 10:47:00,600,600,600,600,0
2022-05-03 10:48:00,600,600,600,600,0
2022-05-03 10:49:00,600,600,600,600,0
2022-05-03 10:50:00,600,600,600,600,0
2022-05-03 10:51:00,600,600,600,600,0
2022-05-03 10:52:00,600,600,600,600,0
2022-05-03 10:53:00,600,600,600,600,0
2022-05-03 10:54:00,600,600,600,600,0
2022-05-03 10:55:00,600,600,600,600,0
2022-05-03 10:56:00,600,600,600,600,0
2022-05-03 10:57:00,600,600,600,600,0
2022-05-03 10:58:00,600,600,600,600,0
2022-05-03 10:59:00,600,600,600,600,0
2022-05-03 11:00:00,600,600,600,600,0
2022-05-03 11:01:00,600,600,600,600,0
2022-05-03 11:02:00,600,600,600,600,0
2022-05-03 11:03:00,600,600,600,600,0
2022-05-03 11:04:00,600,600,600,600,0
2022-05-03 11:05:00,600,600,600,600,0
2022-05-03 11:06:00,600,600,600,600,0
2022-05-03 11:07:00,600,600,600,600,0
2022-05-03 11:08:00,600,600,600,600,0
2022-05-03 11:09:00,600,600,600,600,0
2022-05-03 11:10:00,600,600,600,600,0
2022-05-03 11:11:00,600,600,600,600,0
2022-05-03 11:12:00,600,600,600,600,0
2022-05-03 11:13:00,600,600,600,600,0
2022-05-03 11:14:00,600,600,600,600,0
2022-05-03 11:15:00,600,600,600,600,0
2022-05-03 11:16:00,600,600,600,600,0
2022-05-03 11:17:00,600,600,600,600,0
2022-05-03 11:18:00,600,600,600,600,0
2022-05-03 11:19:00,600,600,600,600,0
2022-05-03 11:20:00,600,600,600,600,0
2022-05-03 11:21:00,600,600,600,600,0
2022-05-03 11:22:00,600,600,600,600,0
2022-05-03 11:23:00,600,600,600,600,0
2022-05-03 11:24:00,600,600,600,600,0
2022-05-03 11:25:00,600,600,600,600,0
2022-05-03 11:26:00,600,600,600,600,0
2022-05-03 11:27:00,600,600,600,600,0
2022-05-03 11:28:00,600,600,600,600,0
2022-05-03 11:29:00,600,600,600,600,0
2022-05-03 11:30:00,600,600,600,600,0
2022-05-03 11:31:00,600,600,600,600,0
2022-05-03 11:32:00,600,600,600,600,0
2022-05-03 11:33:00,600,600,600,600,0
2022-05-03 11:34:00,600,600,600,600,0
2022-05-03 11:35:00,600,600,600,600,0
2022-05-03 11:36:00,600,600,600,600,0
2022-05-03 11:37:00,600,600,600,600,0
2022-05-03 11:38:00,600,600,600,600,0
2022-05-03 11:39:00,600,600,600,600,0
2022-05-03 11:40:00,600,600,600,600,0
2022-05-03 11:41:00,600,600,600,600,0
2022-05-03 11:42:00,600,600,600,600,0
2022-05-03 11:43:00,600,600,600,600,0
2022-05-03 11:44:00,600,600,600,600,0
2022-05-03 11:45:00,600,600,600,600,0
2022-05-03 11:46:00,600,600,600,600,0
2022-05-03 11:47:00,600,600,600,600,0
2022-05-03 11:48:00,600,600,600,600,0
2022-05-03 11:49:00,600,600,600,600,0
2022-05-03 11:50:00,600,600,600,600,0
2022-05-03 11:51:00,600,600,600,600,0
2022-05-03 11:52:00,600,600,600,600,0
2022-05-03 11:53:00,600,600,600,600,0
2022-05-03 11:54:00,600,600,600,600,0
2022-05-03 11:55:00,600,600,600,600,0
2022-05-03 11:56:00,600,600,600,600,0
2022-05-03 11:57:00,600,600,600,600,0
2022-05-03 11:58:00,600,600,600,600,0
2022-05-03 11:59:00,600,600,600,600,0
2022-05-03 12:00:00,600,600,600,600,0
2022-05-03 12:01:00,600,600,600,600,0
2022-05-03 12:02:00,600,600,600,600,0
2022-05-03 12:03:00,600,600,600,600,0
2022-05-03 12:04:00,600,600,600,600,0
2022-05-03 12:05:00,600,600,600,600,0
2022-05-03 12:06:00,600,600,600,600,0
2022-05-03 12:07:00,600,600,600,600,0
2022-05-03 12:08:00,600,600,600,600,0
2022-05-03 12:09:00,600,600,600,600,0
2022-05-03 12:10:00,600,600,600,600,0
2022-05-03 12:11:00,600,600,600,600,0
2022-05-03 12:12:00,600,600,600,600,0
2022-05-03 12:13:00,600,600,600,600,0
2022-05-03 12:14:00,600,600,600,600,0
2022-05-03 12:15:00,600,600,600,600,0
2022-05-03 12:16:00,600,600,600,600,0
2022-05-03 12:17:00,600,600,600,600,0
2022-05-03 12:18:00,600,600,600,600,0
2022-05-03 12:19:00,600,600,600,600,0
2022-05-03 12:20:00,600,600,600,600,0
2022-05-03 12:21:00,600,600,600,600,0
2022-05-03 12:22:00,600,600,600,600,0
2022-05-03 12:23:00,600,600,600,600,0
2022-05-03 12:24:00,600,600,600,600,0
2022-05-03 12:25:00,600,600,600,600,0
2022-05-03 12:26:00,600,600,600,600,0
2022-05-03 12:27:00,600,600,600,600,0
2022-05-03 12:28:00,600,600,600,600,0
2022-05-03 12:29:00,600,600,600,600,0
2022-05-03 12:30:00,600,600,600,600,0
2022-05-03 12:31:00,600,600,600,600,0
2022-05-03 12:32:00,600,600,600,600,0
2022-05-03 12:33:00,600,600,600,600,0
2022-05-03 12:34:00,600,600,600,600,0
2022-05-03 12:35:00,600,600,600,600,0
2022-05-03 12:36:00,600,600,600,600,0
2022-05-03 12:37:00,600,600,600,600,0
2022-05-03 12:38:00,600,600,600,600,0
2022-05-03 12:39:00,600,600,600,600,0
2022-05-03 12:40:00,600,600,600,600,0
2022-05-03 12:41:00,600,600,600,600,0
2022-05-03 12:42:00,600,600,600,600,0
2022-05-03 12:43:00,600,600,600,600,0
2022-05-03 12:44:00,600,600,600,600,0
2022-05-03 12:45:00,600,600,600,600,0
2022-05-03 12:46:00,600,600,600,600,0
2022-05-03 12:47:00,600,600,600,600,0
2022-05-03 12:48:00,600,600,600,600,0
2022-05-03 12:49:00,600,600,600,600,0
2022-05-03 12:50:00,600,600,600,600,0
2022-05-03 12:51:00,600,600,600,600,0
2022-05-03 12:52:00,600,600,600,600,0
2022-05-03 12:53:00,600,600,600,600,0
2022-05-03 12:54:00,600,600,600,600,0
2022-05-03 12:55:00,600,600,600,600,0
2022-05-03 12:56:00,600,600,600,600,0
2022-05-03 12:57:00,600,600,600,600,0
2022-05-03 12:58:00,600,600,600,600,0
2022-05-03 12:59:00,600,600,600,600,0
2022-05-03 13:00:00,600,600,600,600,0
2022-05-03 13:01:00,600,600,600,600,0
2022-05-03 13:02:00,600,600,600,600,0
2022-05-03 13:03:00,600,600,600,600,0
2022-05-03 13:04:00,600,600,600,600,0
2022-05-03 13:05:00,600,600,600,600,0
2022-05-03 13:06:00,600,600,600,600,0
2022-05-03 13:07:00,600,600,600,600,0
2022-05-03 13:08:00,600,600,600,600,0
2022-05-03 13:09:00,600,600,600,600,0
2022-05-03 13:10:00,600,600,600,600,0
2022-05-03 13:11:00,600,600,600,600,0
2022-05-03 13:12:00,600,600,600,600,0
2022-05-03 13:13:00,600,600,600,600,0
2022-05-03 13:14:00,600,600,600,600,0
2022-05-03 13:15:00,600,600,600,600,0
2022-05-03 13:16:00,600,600,600,600,0
2022-05-03 13:17:00,600,600,600,600,0
2022-05-03 13:18:00,600,600,600,600,0
2022-05-03 13:19:00,600,600,600,600,0
2022-05-03 13:20:00,600,600,600,600,0
2022-05-03 13:21:00,600,600,600,600,0
2022-05-03 13:22:00,600,600,600,600,0
2022-05-03 13:23:00,600,600,600,600,0
2022-05-03 13:24:00,600,600,600,600,0
2022-05-03 13:25:00,600,600,600,600,0
2022-05-03 13:26:00,600,600,600,600,0
2022-05-03 13:27:00,600,600,600,600,0
2022-05-03 13:28:00,600,600,600,600,0
2022-05-03 13:29:00,600,600,600,600,0
2022-05-03 13:30:00,600,600,600,600,0
2022-05-03 13:31:00,600,600,600,600,0
2022-05-03 13:32:00,600,600,600,600,0
2022-05-03 13:33:00,600,600,600,600,0
2022-05-03 13:34:00,600,600,600,600,0
2022-05-03 13:35:00,600,600,600,600,0
2022-05-03 13:36:00,600,600,600,600,0
2022-05-03 13:37:00,600,600,600,600,0
2022-05-03 13:38:00,600,600,600,600,0
2022-05-03 13:39:00,600,600,600,600,0
2022-05-03 13:40:00,600,600,600,600,0
2022-05-03 13:41:00,600,600,600,600,0
2022-05-03 13:42:00,600,600,600,600,0
2022-05-03 13:43:00,600,600,600,600,0
2022-05-03 13:44:00,600,600,600,600,0
2022-05-03 13:45:00,600,600,600,600,0
2022-05-03 13:46:00,600,600,600,600,0
2022-05-03 13:47:00,600,600,600,600,0
2022-05-03 13:48:00,600,600,600,600,0
2022-05-03 13:49:00,600,600,600,600,0
2022-05-03 13:50:00,600,600,600,600,0
2022-05-03 13:51:00,600,600,600,600,0
2022-05-03 13:52:00,600,600,600,600,0
2022-05-03 13:53:00,600,600,600,600,0
2022-05-03 13:54:00,600,600,600,600,0
2022-05-03 13:55:00,600,600,600,600,0
2022-05-03 13:56:00,600,600,600,600,0
2022-05-03 13:57:00,600,600,600,600,0
2022-05-03 13:58:00,600,600,600,600,0
2022-05-03 13:59:00,600,600,600,600,0
2022-05-03 14:00:00,600,600,600,600,0
2022-05-03 14:01:00,600,600,600,600,0
2022-05-03 14:02:00,600,600,600,600,0
2022-05-03 14:03:00,600,600,600,600,0
2022-05-03 14:04:00,600,600,600,600,0
2022-05-03 14:05:00,600,600,600,600,0
2022-05-03 14:06:00,600,600,600,600,0
2022-05-03 14:07:00,600,600,600,600,0
2022-05-03 14:08:00,600,600,600,600,0
2022-05-03 14:09:00,600,600,600,600,0
2022-05-03 14:10:00,600,600,600,600,0
2022-05-03 14:11:00,600,600,600,600,0
2022-05-03 14:12:00,600,600,600,600,0
2022-05-03 14:13:00,600,600,600,600,0
2022-05-03 14:14:00,600,600,600,600,0
2022-05-03 14:15:00,600,600,600,600,0
2022-05-03 14:16:00,600,600,600,600,0
2022-05-03 14:17:00,600,600,600,600,0
2022-05-03 14:18:00,600,600,600,600,0
2022-05-03 14:19:00,600,600,600,600,0
2022-05-03 14:20:00,600,600,600,600,0
2022-05-03 14:21:00,600,600,600,600,0
2022-05-03 14:22:00,600,600,600,600,0
2022-05-03 14:23:00,600,600,600,600,0
2022-05-03 14:24:00,600,600,600,600,0
2022-05-03 14:25:00,600,600,600,600,0
2022-05-03 14:26:00,600,600,600,600,0
2022-05-03 14:27:00,600,600,600,600,0
2022-05-03 14:28:00,600,600,600,600,0
2022-05-03 14:29:00,600,600,600,600,0
2022-05-03 14:30:00,600,600,600,600,0
2022-05-03 14:31:00,600,600,600,600,0
2022-05-03 14:32:00,600,600,600,600,0
2022-05-03 14:33:00,600,600,600,600,0
2022-05-03 14:34:00,600,600,600,600,0
2022-05-03 14:35:00,600,600,600,600,0
2022-05-03 14:36:00,600,600,600,600,0
2022-05-03 14:37:00,600,600,600,600,0
2022-05-03 14:38:00,600,600,600,600,0
2022-05-03 14:39:00,600,600,600,600,0
2022-05-03 14:40:00,600,600,600,600,0
2022-05-03 14:41:00,600,600,600,600,0
2022-05-03 14:42:00,600,600,600,600,0
2022-05-03 14:43:00,600,600,600,600,0
2022-05-03 14:44:00,600,600,600,600,0
2022-05-03 14:45:00,600,600,600,600,0
2022-05-03 14:46:00,600,600,600,600,0
2022-05-03 14:47:00,600,600,600,600,0
2022-05-03 14:48:00,600,600,600,600,0
2022-05-03 14:49:00,600,600,600,600,0
2022-05-03 14:50:00,600,600,600,600,0
2022-05-03 14:51:00,600,600,600,600,0
2022-05-03 14:52:00,600,600,600,600,0
2022-05-03 14:53:00,600,600,600,600,0
2022-05-03 14:54:00,600,600,600,600,0
2022-05-03 14:55:00,600,600,600,600,0
2022-05-03 14:56:00,600,600,600,600,0
2022-05-03 14:57:00,600,600,600,600,0
2022-05-03 14:58:00,600,600,600,600,0
2022-05-03 14:59:00,600,600,600,600,0
2022-05-03 15:00:00,600,600,600,600,0
2022-05-03 15:01:00,600,600,600,600,0
2022-05-03 15:02:00,600,600,600,600,0
2022-05-03 15:03:00,600,600,600,600,0
2022-05-03 15:04:00,600,600,600,600,0
2022-05-03 15:05:00,600,600,600,600,0
2022-05-03 15:06:00,600,600,600,600,0
2022-05-03 15:07:00,600,600,600,600,0
2022-05-03 15:08:00,600,600,600,600,0
2022-05-03 15:09:00,600,600,600,600,0
2022-05-03 15:10:00,600,600,600,600,0
2022-05-03 15:11:00,600,600,600,600,0
2022-05-03 15:12:00,600,600,600,600,0
2022-05-03 15:13:00,600,600,600,600,0
2022-05-03 15:14:00,600,600,600,600,0
2022-05-03 15:15:00,600,600,600,600,0
2022-05-03 15:16:00,600,600,600,600,0
2022-05-03 15:17:00,600,600,600,600,0
2022-05-03 15:18:00,600,600,600,600,0
2022-05-03 15:19:00,600,600,600,600,0
2022-05-03 15:20:00,600,600,600,600,0
2022-05-03 15:21:00,600,600,600,600,0
2022-05-03 15:22:00,600,600,600,600,0
2022-05-03 15:23:00,600,600,600,600,0
2022-05-03 15:24:00,600,600,600,600,0
2022-05-03 15:25:00,600,600,600,600,0
2022-05-03 15:26:00,600,600,600,600,0
2022-05-03 15:27:00,600,600,600,600,0
2022-05-03 15:28:00,600,600,600,600,0
2022-05-03 15:29:00,600,600,600,600,0
2022-05-03 15:30:00,600,600,600,600,0
2022-05-03 15:31:00,600,600,600,600,0
2022-05-03 15:32:00,600,600,600,600,0
2022-05-03 15:33:00,600,600,600,600,0
2022-05-03 15:34:00,600,600,600,600,0
2022-05-03 15:35:00,600,600,600,600,0
2022-05-03 15:36:00,600,600,600,600,0
2022-05-03 15:37:00,600,600,600,600,0
2022-05-03 15:38:00,600,600,600,600,0
2022-05-03 15:39:00,600,600,600,600,0
2022-05-03 15:40:00,600,600,600,600,0
2022-05-03 15:41:00,600,600,600,600,0
2022-05-03 15:42:00,600,600,600,600,0
2022-05-03 15:43:00,600,600,600,600,0
2022-05-03 15:44:00,600,600,600,600,0
2022-05-03 15:45:00,600,600,600,600,0
2022-05-03 15:46:00,600,600,600,600,0
2022-05-03 15:47:00,600,600,600,600,0
2022-05-03 15:48:00,600,600,600,600,0
2022-05-03 15:49:00,600,600,600,600,0
2022-05-03 15:50:00,600,600,600,600,0
2022-05-03 15:51:00,600,600,600,600,0
2022-05-03 15:52:00,600,600,600,600,0
2022-05-03 15:53:00,600,600,600,600,0
2022-05-03 15:54:00,600,600,600,600,0
2022-05-03 15:55:00,600,600,600,600,0
2022-05-03 15:56:00,600,600,600,600,0
2022-05-03 15:57:00,600,600,600,600,0
2022-05-03 15:58:00,600,600,600,600,0
2022-05-03 15:59:00,600,600,600,600,0
2022-05-04 09:00:00,600,600,600,600,0
2022-05-04 09:01:00,600,600,600,600,0
2022-05-04 09:02:00,600,600,600,600,0
2022-05-04 09:03:00,600,600,600,600,0
2022-05-04 09:04:00,600,600,600,600,0
2022-05-04 09:05:00,600,600,600,600,0
2022-05-04 09:06:00,600,600,600,600,0
2022-05-04 09:07:00,600,600,600,600,0
2022-05-04 09:08:00,600,600,600,600,0
2022-05-04 09:09:00,600,600,600,600,0
2022-05-04 09:10:00,600,600,600,600,0
2022-05-04 09:11:00,600,600,600,600,0
2022-05-04 09:12:00,600,600,600,600,0
2022-05-04 09:13:00,600,600,600,600,0
2022-05-04 09:14:00,600,600,600,600,0
2022-05-04 09:15:00,600,600,600,600,0
2022-05-04 09:16:00,600,600,600,600,0
2022-05-04 09:17:00,600,600,600,600,0
2022-05-04 09:18:00,600,600,600,600,0
2022-05-04 09:19:00,600,600,600,600,0
2022-05-04 09:20:00,600,600,600,600,0
2022-05-04 09:21:00,600,600,600,600,0
2022-05-04 09:22:00,600,600,600,600,0
2022-05-04 09:23:00,600,600,600,600,0
2022-05-04 09:24:00,600,600,600,600,0
2022-05-04 09:25:00,600,600,600,600,0
2022-05-04 09:26:00,600,600,600,600,0
2022-05-04 09:27:00,600,600,600,600,0
2022-05-04 09:28:00,600,600,600,600,0
2022-05-04 09:29:00,600,600,600,600,0
2022-05-04 09:30:00,600,600,600,600,0
2022-05-04 09:31:00,600,600,600,600,0
2022-05-04 09:32:00,600,600,600,600,0
2022-05-04 09:33:00,600,600,600,600,0
2022-05-04 09:34:00,600,600,600,600,0
2022-05-04 09:35:00,600,600,600,600,0
2022-05-04 09:36:00,600,600,600,600,0
2022-05-04 09:37:00,600,600,600,600,0
2022-05-04 09:38:00,600,600,600,600,0
2022-05-04 09:39:00,600,600,600,600,0
2022-05-04 09:40:00,600,600,600,600,0
2022-05-04 09:41:00,600,600,600,600,0
2022-05-04 09:42:00,600,600,600,600,0
2022-05-04 09:43:00,600,600,600,600,0
2022-05-04 09:44:00,600,600,600,600,0
2022-05-04 09:45:00,600,600,600,600,0
2022-05-04 09:46:00,600,600,600,600,0
2022-05-04 09:47:00,600,600,600,600,0
2022-05-04 09:48:00,600,600,600,600,0
2022-05-04 09:49:00,600,600,600,600,0
2022-05-04 09:50:00,600,600,600,600,0
2022-05-04 09:51:00,600,600,600,600,0
2022-05-04 09:52:00,600,600,600,600,0
2022-05-04 09:53:00,600,600,600,600,0
2022-05-04 09:54:00,600,600,600,600,0
2022-05-04 09:55:00,600,600,600,600,0
2022-05-04 09:56:00,600,600,600,600,0
2022-05-04 09:57:00,600,600,600,600,0
2022-05-04 09:58:00,600,600,600,600,0
2022-05-04 09:59:00,600,600,600,600,0
2022-05-04 10:00:00,600,600,600,600,0
2022-05-04 10:01:00,600,600,600,600,0
2022-05-04 10:02:00,600,600,600,600,0
2022-05-04 10:03:00,600,600,600,600,0
2022-05-04 10:04:00,600,600,600,600,0
2022-05-04 10:05:00,600,600,600,600,0
2022-05-04 10:06:00,600,600,600,600,0
2022-05-04 10:07:00,600,600,600,600,0
2022-05-04 10:08:00,600,600,600,600,0
2022-05-04 10:09:00,600,600,600,600,0
2022-05-04 10:10:00,600,600,600,600,0
2022-05-04 10:11:00,600,600,600,600,0
2022-05-04 10:12:00,600,600,600,600,0
2022-05-04 10:13:00,600,600,600,600,0
2022-05-04 10:14:00,600,600,600,600,0
2022-05-04 10:15:00,600,600,600,600,0
2022-05-04 10:16:00,600,600,600,600,0
2022-05-04 10:17:00,600,600,600,600,0
2022-05-04 10:18:00,600,600,600,600,0
2022-05-04 10:19:00,600,600,600,600,0
2022-05-04 10:20:00,600,600,600,600,0
2022-05-04 10:21:00,600,600,600,600,0
2022-05-04 10:22:00,600,600,600,600,0
2022-05-04 10:23:00,600,600,600,600,0
2022-05-04 10:24:00,600,600,600,600,0
2022-05-04 10:25:00,600,600,600,600,0
2022-05-04 10:26:00,600,600,600,600,0
2022-05-04 10:27:00,600,600,600,600,0
2022-05-04 10:28:00,600,600,600,600,0
2022-05-04 10:29:00,600,600,600,600,0
2022-05-04 10:30:00,600,600,600,600,0
2022-05-04 10:31:00,600,600,600,600,0
2022-05-04 10:32:00,600,600,600,600,0
2022-05-04 10:33:00,600,600,600,600,0
2022-05-04 10:34:00,600,600,600,600,0
2022-05-04 10:35:00,600,600,600,600,0
2022-05-04 10:36:00,600,600,600,600,0
2022-05-04 10:37:00,600,600,600,600,0
2022-05-04 10:38:00,600,600,600,600,0
2022-05-04 10:39:00,600,600,600,600,0
2022-05-04 10:40:00,600,600,600,600,0
2022-05-04 10:41:00,600,600,600,600,0
2022-05-04 10:42:00,600,600,600,600,0
2022-05-04 10:43:00,600,600,600,600,0
2022-05-04 10:44:00,600,600,600,600,0
2022-05-04 10:45:00,600,600,600,600,0
2022-05-04 10:46:00,600,600,600,600,0
2022-05-04 10:47:00,600,600,600,600,0
2022-05-04 10:48:00,600,600,600,600,0
2022-05-04 10:49:00,600,600,600,600,0
2022-05-04 10:50:00,600,600,600,600,0
2022-05-04 10:51:00,600,600,600,600,0
2022-05-04 10:52:00,600,600,600,600,0
2022-05-04 10:53:00,600,600,600,600,0
2022-05-04 10:54:00,600,600,600,600,0
2022-05-04 10:55:00,600,600,600,600,0
2022-05-04 10:56:00,600,600,600,600,0
2022-05-04 10:57:00,600,600,600,600,0
2022-05-04 10:58:00,600,600,600,600,0
2022-05-04 10:59:00,600,600,600,600,0
2022-05-04 11:00:00,600,600,600,600,0
2022-05-04 11:01:00,600,600,600,600,0
2022-05-04 11:02:00,600,600,600,600,0
2022-05-04 11:03:00,600,600,600,600,0
2022-05-04 11:04:00,600,600,600,600,0
2022-05-04 11:05:00,600,600,600,600,0
2022-05-04 11:06:00,600,600,600,600,0
2022-05-04 11:07:00,600,600,600,600,0
2022-05-04 11:08:00,600,600,600,600,0
2022-05-04 11:09:00,600,600,600,600,0
2022-05-04 11:10:00,600,600,600,600,0
2022-05-04 11:11:00,600,600,600,600,0
2022-05-04 11:12:00,600,600,600,600,0
2022-05-04 11:13:00,600,600,600,600,0
2022-05-04 11:14:00,600,600,600,600,0
2022-05-04 11:15:00,600,600,600,600,0
2022-05-04 11:16:00,600,600,600,600,0
2022-05-04 11:17:00,600,600,600,600,0
2022-05-04 11:18:00,600,600,600,600,0
2022-05-04 11:19:00,600,600,600,600,0
2022-05-04 11:20:00,600,600,600,600,0
2022-05-04 11:21:00,600,600,600,600,0
2022-05-04 11:22:00,600,600,600,600,0
2022-05-04 11:23:00,600,600,600,600,0
2022-05-04 11:24:00,600,600,600,600,0
2022-05-04 11:25:00,600,600,600,600,0
2022-05-04 11:26:00,600,600,600,600,0
2022-05-04 11:27:00,600,600,600,600,0
2022-05-04 11:28:00,600,600,600,600,0
2022-05-04 11:29:00,600,600,600,600,0
2022-05-04 11:30:00,600,600,600,600,0
2022-05-04 11:31:00,600,600,600,600,0
2022-05-04 11:32:00,600,600,600,600,0
2022-05-04 11:33:00,600,600,600,600,0
2022-05-04 11:34:00,600,600,600,600,0
2022-05-04 11:35:00,600,600,600,600,0
2022-05-04 11:36:00,600,600,600,600,0
2022-05-04 11:37:00,600,600,600,600,0
2022-05-04 11:38:00,600,600,600,600,0
2022-05-04 11:39:00,600,600,600,600,0
2022-05-04 11:40:00,600,600,600,600,0
2022-05-04 11:41:00,600,600,600,600,0
2022-05-04 11:42:00,600,600,600,600,0
2022-05-04 11:43:00,600,600,600,600,0
2022-05-04 11:44:00,600,600,600,600,0
2022-05-04 11:45:00,600,600,600,600,0
2022-05-04 11:46:00,600,600,600,600,0
2022-05-04 11:47:00,600,600,600,600,0
2022-05-04 11:48:00,600,600,600,600,0
2022-05-04 11:49:00,600,600,600,600,0
2022-05-04 11:50:00,600,600,600,600,0
2022-05-04 11:51:00,600,600,600,600,0
2022-05-04 11:52:00,600,600,600,600,0
2022-05-04 11:53:00,600,600,600,600,0
2022-05-04 11:54:00,600,600,600,600,0
2022-05-04 11:55:00,600,600,600,600,0
2022-05-04 11:56:00,600,600,600,600,0
2022-05-04 11:57:00,600,600,600,600,0
2022-05-04 11:58:00,600,600,600,600,0
2022-05-04 11:59:00,600,600,600,600,0
2022-05-04 12:00:00,600,600,600,600,0
2022-05-04 12:01:00,600,600,600,600,0
2022-05-04 12:02:00,600,600,600,600,0
2022-05-04 12:03:00,600,600,600,600,0
2022-05-04 12:04:00,600,600,600,600,0
2022-05-04 12:05:00,600,600,600,600,0
2022-05-04 12:06:00,600,600,600,600,0
2022-05-04 12:07:00,600,600,600,600,0
2022-05-04 12:08:00,600,600,600,600,0
2022-05-04 12:09:00,600,600,600,600,0
2022-05-04 12:10:00,600,600,600,600,0
2022-05-04 12:11:00,600,600,600,600,0
2022-05-04 12:12:00,600,600,600,600,0
2022-05-04 12:13:00,600,600,600,600,0
2022-05-04 12:14:00,600,600,600,600,0
2022-05-04 12:15:00,600,600,600,600,0
2022-05-04 12:16:00,600,600,600,600,0
2022-05-04 12:17:00,600,600,600,600,0
2022-05-04 12:18:00,600,600,600,600,0
2022-05-04 12:19:00,600,600,600,600,0
2022-05-04 12:20:00,600,600,600,600,0
2022-05-04 12:21:00,600,600,600,600,0
2022-05-04 12:22:00,600,600,600,600,0
2022-05-04 12:23:00,600,600,600,600,0
2022-05-04 12:24:00,600,600,600,600,0
2022-05-04 12:25:00,600,600,600,600,0
2022-05-04 12:26:00,600,600,600,600,0
2022-05-04 12:27:00,600,600,600,600,0
2022-05-04 12:28:00,600,600,600,600,0
2022-05-04 12:29:00,600,600,600,600,0
2022-05-04 12:30:00,600,600,600,600,0
2022-05-04 12:31:00,600,600,600,600,0
2022-05-04 12:32:00,600,600,600,600,0
2022-05-04 12:33:00,600,600,600,600,0
2022-05-04 12:34:00,600,600,600,600,0
2022-05-04 12:35:00,600,600,600,600,0
2022-05-04 12:36:00,600,600,600,600,0
2022-05-04 12:37:00,600,600,600,600,0
2022-05-04 12:38:00,600,600,600,600,0
2022-05-04 12:39:00,600,600,600,600,0
2022-05-04 12:40:00,600,600,600,600,0
2022-05-04 12:41:00,600,600,600,600,0
2022-05-04 12:42:00,600,600,600,600,0
2022-05-04 12:43:00,600,600,600,600,0
2022-05-04 12:44:00,600,600,600,600,0
2022-05-04 12:45:00,600,600,600,600,0
2022-05-04 12:46:00,600,600,600,600,0
2022-05-04 12:47:00,600,600,600,600,0
2022-05-04 12:48:00,600,600,600,600,0
2022-05-04 12:49:00,600,600,600,600,0
2022-05-04 12:50:00,600,600,600,600,0
2022-05-04 12:51:00,600,600,600,600,0
2022-05-04 12:52:00,600,600,600,600,0
2022-05-04 12:53:00,600,600,600,600,0
2022-05-04 12:54:00,600,600,600,600,0
2022-05-04 12:55:00,600,600,600,600,0
2022-05-04 12:56:00,600,600,600,600,0
2022-05-04 12:57:00,600,600,600,600,0
2022-05-04 12:58:00,600,600,600,600,0
2022-05-04 12:59:00,600,600,600,600,0
2022-05-04 13:00:00,600,600,600,600,0
2022-05-04 13:01:00,600,600,600,600,0
2022-05-04 13:02:00,600,600,600,600,0
2022-05-04 13:03:00,600,600,600,600,0
2022-05-04 13:04:00,600,600,600,600,0
2022-05-04 13:05:00,600,600,600,600,0
2022-05-04 13:06:00,600,600,600,600,0
2022-05-04 13:07:00,600,600,600,600,0
2022-05-04 13:08:00,600,600,600,600,0
2022-05-04 13:09:00,600,600,600,600,0
2022-05-04 13:10:00,600,600,600,600,0
2022-05-04 13:11:00,600,600,600,600,0
2022-05-04 13:12:00,600,600,600,600,0
2022-05-04 13:13:00,600,600,600,600,0
2022-05-04 13:14:00,600,600,600,600,0
2022-05-04 13:15:00,600,600,600,600,0
2022-05-04 13:16:00,600,600,600,600,0
2022-05-04 13:17:00,600,600,600,600,0
2022-05-04 13:18:00,600,600,600,600,0
2022-05-04 13:19:00,600,600,600,600,0
2022-05-04 13:20:00,600,600,600,600,0
2022-05-04 13:21:00,600,600,600,600,0
2022-05-04 13:22:00,600,600,600,600,0
2022-05-04 13:23:00,600,600,600,600,0
2022-05-04 13:24:00,600,600,600,600,0
2022-05-04 13:25:00,600,600,600,600,0
2022-05-04 13:26:00,600,600,600,600,0
2022-05-04 13:27:00,600,600,600,600,0
2022-05-04 13:28:00,600,600,600,600,0
2022-05-04 13:29:00,600,600,600,600,0
2022-05-04 13:30:00,600,600,600,600,0
2022-05-04 13:31:00,600,600,600,600,0
2022-05-04 13:32:00,600,600,600,600,0
2022-05-04 13:33:00,600,600,600,600,0
2022-05-04 13:34:00,600,600,600,600,0
2022-05-04 13:35:00,600,600,600,600,0
2022-05-04 13:36:00,600,600,600,600,0
2022-05-04 13:37:00,600,600,600,600,0
2022-05-04 13:38:00,600,600,600,600,0
2022-05-04 13:39:00,600,600,600,600,0
2022-05-04 13:40:00,600,600,600,600,0
2022-05-04 13:41:00,600,600,600,600,0
2022-05-04 13:42:00,600,600,600,600,0
2022-05-04 13:43:00,600,600,600,600,0
2022-05-04 13:44:00,600,600,600,600,0
2022-05-04 13:45:00,600,600,600,600,0
2022-05-04 13:46:00,600,600,600,600,0
2022-05-04 13:47:00,600,600,600,600,0
2022-05-04 13:48:00,600,600,600,600,0
2022-05-04 13:49:00,600,600,600,600,0
2022-05-04 13:50:00,600,600,600,600,0
2022-05-04 13:51:00,600,600,600,600,0
2022-05-04 13:52:00,600,600,600,600,0
2022-05-04 13:53:00,600,600,600,600,0
2022-05-04 13:54:00,600,600,600,600,0
2022-05-04 13:55:00,600,600,600,600,0
2022-05-04 13:56:00,600,600,600,600,0
2022-05-04 13:57:00,600,600,600,600,0
2022-05-04 13:58:00,600,600,600,600,0
2022-05-04 13:59:00,600,600,600,600,0
2022-05-04 14:00:00,600,600,600,600,0
2022-05-04 14:01:00,600,600,600,600,0
2022-05-04 14:02:00,600,600,600,600,0
2022-05-04 14:03:00,600,600,600,600,0
2022-05-04 14:04:00,600,600,600,600,0
2022-05-04 14:05:00,600,600,600,600,0
2022-05-04 14:06:00,600,600,600,600,0
2022-05-04 14:07:00,600,600,600,600,0
2022-05-04 14:08:00,600,600,600,600,0
2022-05-04 14:09:00,600,600,600,600,0
2022-05-04 14:10:00,600,600,600,600,0
2022-05-04 14:11:00,600,600,600,600,0
2022-05-04 14:12:00,600,600,600,600,0
2022-05-04 14:13:00,600,600,600,600,0
2022-05-04 14:14:00,600,600,600,600,0
2022-05-04 14:15:00,600,600,600,600,0
2022-05-04 14:16:00,600,600,600,600,0
2022-05-04 14:17:00,600,600,600,600,0
2022-05-04 14:18:00,600,600,600,600,0
2022-05-04 14:19:00,600,600,600,600,0
2022-05-04 14:20:00,600,600,600,600,0
2022-05-04 14:21:00,600,600,600,600,0
2022-05-04 14:22:00,600,600,600,600,0
2022-05-04 14:23:00,600,600,600,600,0
2022-05-04 14:24:00,600,600,600,600,0
2022-05-04 14:25:00,600,600,600,600,0
2022-05-04 14:26:00,600,600,600,600,0
2022-05-04 14:27:00,600,600,600,600,0
2022-05-04 14:28:00,600,600,600,600,0
2022-05-04 14:29:00,600,600,600,600,0
2022-05-04 14:30:00,600,600,600,600,0
2022-05-04 14:31:00,600,600,600,600,0
2022-05-04 14:32:00,600,600,600,600,0
2022-05-04 14:33:00,600,600,600,600,0
2022-05-04 14:34:00,600,600,600,600,0
2022-05-04 14:35:00,600,600,600,600,0
2022-05-04 14:36:00,600,600,600,600,0
2022-05-04 14:37:00,600,600,600,600,0
2022-05-04 14:38:00,600,600,600,600,0
2022-05-04 14:39:00,600,600,600,600,0
2022-05-04 14:40:00,600,600,600,600,0
2022-05-04 14:41:00,600,600,600,600,0
2022-05-04 14:42:00,600,600,600,600,0
2022-05-04 14:43:00,600,600,600,600,0
2022-05-04 14:44:00,600,600,600,600,0
2022-05-04 14:45:00,600,600,600,600,0
2022-05-04 14:46:00,600,600,600,600,0
2022-05-04 14:47:00,600,600,600,600,0
2022-05-04 14:48:00,600,600,600,600,0
2022-05-04 14:49:00,600,600,600,600,0
2022-05-04 14:50:00,600,600,600,600,0
2022-05-04 14:51:00,600,600,600,600,0
2022-05-04 14:52:00,600,600,600,600,0
2022-05-04 14:53:00,600,600,600,600,0
2022-05-04 14:54:00,600,600,600,600,0
2022-05-04 14:55:00,600,600,600,600,0
2022-05-04 14:56:00,600,600,600,600,0
2022-05-04 14:57:00,600,600,600,600,0
2022-05-04 14:58:00,600,600,600,600,0
2022-05-04 14:59:00,600,600,600,600,0
2022-05-04 15:00:00,600,600,600,600,0
2022-05-04 15:01:00,600,600,600,600,0
2022-05-04 15:02:00,600,600,600,600,0
2022-05-04 15:03:00,600,600,600,600,0
2022-05-04 15:04:00,600,600,600,600,0
2022-05-04 15:05:00,600,600,600,600,0
2022-05-04 15:06:00,600,600,600,600,0
2022-05-04 15:07:00,600,600,600,600,0
2022-05-04 15:08:00,600,600,600,600,0
2022-05-04 15:09:00,600,600,600,600,0
2022-05-04 15:10:00,600,600,600,600,0
2022-05-04 15:11:00,600,600,600,600,0
2022-05-04 15:12:00,600,600,600,600,0
2022-05-04 15:13:00,600,600,600,600,0
2022-05-04 15:14:00,600,600,600,600,0
2022-05-04 15:15:00,600,600,600,600,0
2022-05-04 15:16:00,600,600,600,600,0
2022-05-04 15:17:00,600,600,600,600,0
2022-05-04 15:18:00,600,600,600,600,0
2022-05-04 15:19:00,600,600,600,600,0
2022-05-04 15:20:00,600,600,600,600,0
2022-05-04 15:21:00,600,600,600,600,0
2022-05-04 15:22:00,600,600,600,600,0
2022-05-04 15:23:00,600,600,600,600,0
2022-05-04 15:24:00,600,600,600,600,0
2022-05-04 15:25:00,600,600,600,600,0
2022-05-04 15:26:00,600,600,600,600,0
2022-05-04 15:27:00,600,600,600,600,0
2022-05-04 15:28:00,600,600,600,600,0
2022-05-04 15:29:00,600,600,600,600,0
2022-05-04 15:30:00,600,600,600,600,0
2022-05-04 15:31:00,600,600,600,600,0
2022-05-04 15:32:00,600,600,600,600,0
2022-05-04 15:33:00,600,600,600,600,0
2022-05-04 15:34:00,600,600,600,600,0
2022-05-04 15:35:00,600,600,600,600,0
2022-05-04 15:36:00,600,600,600,600,0
2022-05-04 15:37:00,600,600,600,600,0
2022-05-04 15:38:00,600,600,600,600,0
2022-05-04 15:39:00,600,600,600,600,0
2022-05-04 15:40:00,600,600,600,600,0
2022-05-04 15:41:00,600,600,600,600,0
2022-05-04 15:42:00,600,600,600,600,0
2022-05-04 15:43:00,600,600,600,600,0
2022-05-04 15:44:00,600,600,600,600,0
2022-05-04 15:45:00,600,600,600,600,0
2022-05-04 15:46:00,600,600,600,600,0
2022-05-04 15:47:00,600,600,600,600,0
2022-05-04 15:48:00,600,600,600,600,0
2022-05-04 15:49:00,600,600,600,600,0
2022-05-04 15:50:00,600,600,600,600,0
2022-05-04 15:51:00,600,600,600,600,0
2022-05-04 15:52:00,600,600,600,600,0
2022-05-04 15:53:00,600,600,600,600,0
2022-05-04 15:54:00,600,600,600,600,0
2022-05-04 15:55:00,600,600,600,600,0
2022-05-04 15:56:00,600,600,600,600,0
2022-05-04 15:57:00,600,600,600,600,0
2022-05-04 15:58:00,600,600,600,600,0
2022-05-04 15:59:00,600,600,600,600,0
2022-05-05 09:00:00,600,600,600,600,0
2022-05-05 09:01:00,600,600,600,600,0
2022-05-05 09:02:00,600,600,600,600,0
2022-05-05 09:03:00,600,600,600,600,0
2022-05-05 09:04:00,600,600,600,600,0
2022-05-05 09:05:00,600,600,600,600,0
2022-05-05 09:06:00,600,600,600,600,0
2022-05-05 09:07:00,600,600,600,600,0
2022-05-05 09:08:00,600,600,600,600,0
2022-05-05 09:09:00,600,600,600,600,0
2022-05-05 09:10:00,600,600,600,600,0
2022-05-05 09:11:00,600,600,600,600,0
2022-05-05 09:12:00,600,600,600,600,0
2022-05-05 09:13:00,600,600,600,600,0
2022-05-05 09:14:00,600,600,600,600,0
2022-05-05 09:15:00,600,600,600,600,0
2022-05-05 09:16:00,600,600,600,600,0
2022-05-05 09:17:00,600,600,600,600,0
2022-05-05 09:18:00,600,600,600,600,0
2022-05-05 09:19:00,600,600,600,600,0
2022-05-05 09:20:00,600,600,600,600,0
2022-05-05 09:21:00,600,600,600,600,0
2022-05-05 09:22:00,600,600,600,600,0
2022-05-05 09:23:00,600,600,600,600,0
2022-05-05 09:24:00,600,600,600,600,0
2022-05-05 09:25:00,600,600,600,600,0
2022-05-05 09:26:00,600,600,600,600,0
2022-05-05 09:27:00,600,600,600,600,0
2022-05-05 09:28:00,600,600,600,600,0
2022-05-05 09:29:00,600,600,600,600,0
2022-05-05 09:30:00,600,600,600,600,0
2022-05-05 09:31:00,600,600,600,600,0
2022-05-05 09:32:00,600,600,600,600,0
2022-05-05 09:33:00,600,600,600,600,0
2022-05-05 09:34:00,600,600,600,600,0
2022-05-05 09:35:00,600,600,600,600,0
2022-05-05 09:36:00,600,600,600,600,0
2022-05-05 09:37:00,600,600,600,600,0
2022-05-05 09:38:00,600,600,600,600,0
2022-05-05 09:39:00,600,600,600,600,0
2022-05-05 09:40:00,600,600,600,600,0
2022-05-05 09:41:00,600,600,600,600,0
2022-05-05 09:42:00,600,600,600,600,0
2022-05-05 09:43:00,600,600,600,600,0
2022-05-05 09:44:00,600,600,600,600,0
2022-05-05 09:45:00,600,600,600,600,0
2022-05-05 09:46:00,600,600,600,600,0
2022-05-05 09:47:00,600,600,600,600,0
2022-05-05 09:48:00,600,600,600,600,0
2022-05-05 09:49:00,600,600,600,600,0
2022-05-05 09:50:00,600,600,600,600,0
2022-05-05 09:51:00,600,600,600,600,0
2022-05-05 09:52:00,600,600,600,600,0
2022-05-05 09:53:00,600,600,600,600,0
2022-05-05 09:54:00,600,600,600,600,0
2022-05-05 09:55:00,600,600,600,600,0
2022-05-05 09:56:00,600,600,600,600,0
2022-05-05 09:57:00,600,600,600,600,0
2022-05-05 09:58:00,600,600,600,600,0
2022-05-05 09:59:00,600,600,600,600,0
2022-05-05 10:00:00,600,600,600,600,0
2022-05-05 10:01:00,600,600,600,600,0
2022-05-05 10:02:00,600,600,600,600,0
2022-05-05 10:03:00,600,600,600,600,0
2022-05-05 10:04:00,600,600,600,600,0
2022-05-05 10:05:00,600,600,600,600,0
2022-05-05 10:06:00,600,600,600,600,0
2022-05-05 10:07:00,600,600,600,600,0
2022-05-05 10:08:00,600,600,600,600,0
2022-05-05 10:09:00,600,600,600,600,0
2022-05-05 10:10:00,600,600,600,600,0
2022-05-05 10:11:00,600,600,600,600,0
2022-05-05 10:12:00,600,600,600,600,0
2022-05-05 10:13:00,600,600,600,600,0
2022-05-05 10:14:00,600,600,600,600,0
2022-05-05 10:15:00,600,600,600,600,0
2022-05-05 10:16:00,600,600,600,600,0
2022-05-05 10:17:00,600,600,600,600,0
2022-05-05 10:18:00,600,600,600,600,0
2022-05-05 10:19:00,600,600,600,600,0
2022-05-05 10:20:00,600,600,600,600,0
2022-05-05 10:21:00,600,600,600,600,0
2022-05-05 10:22:00,600,600,600,600,0
2022-05-05 10:23:00,600,600,600,600,0
2022-05-05 10:24:00,600,600,600,600,0
2022-05-05 10:25:00,600,600,600,600,0
2022-05-05 10:26:00,600,600,600,600,0
2022-05-05 10:27:00,600,600,600,600,0
2022-05-05 10:28:00,600,600,600,600,0
2022-05-05 10:29:00,600,600,600,600,0
2022-05-05 10:30:00,600,600,600,600,0
2022-05-05 10:31:00,600,600,600,600,0
2022-05-05 10:32:00,600,600,600,600,0
2022-05-05 10:33:00,600,600,600,600,0
2022-05-05 10:34:00,600,600,600,600,0
2022-05-05 10:35:00,600,600,600,600,0
2022-05-05 10:36:00,600,600,600,600,0
2022-05-05 10:37:00,600,600,600,600,0
2022-05-05 10:38:00,600,600,600,600,0
2022-05-05 10:39:00,600,600,600,600,0
2022-05-05 10:40:00,600,600,600,600,0
2022-05-05 10:41:00,600,600,600,600,0
2022-05-05 10:42:00,600,600,600,600,0
2022-05-05 10:43:00,600,600,600,600,0
2022-05-05 10:44:00,600,600,600,600,0
2022-05-05 10:45:00,600,600,600,600,0
2022-05-05 10:46:00,600,600,600,600,0
2022-05-05 10:47:00,600,600,600,600,0
2022-05-05 10:48:00,600,600,600,600,0
2022-05-05 10:49:00,600,600,600,600,0
2022-05-05 10:50:00,600,600,600,600,0
2022-05-05 10:51:00,600,600,600,600,0
2022-05-05 10:52:00,600,600,600,600,0
2022-05-05 10:53:00,600,600,600,600,0
2022-05-05 10:54:00,600,600,600,600,0
2022-05-05 10:55:00,600,600,600,600,0
2022-05-05 10:56:00,600,600,600,600,0
2022-05-05 10:57:00,600,600,600,600,0
2022-05-05 10:58:00,600,600,600,600,0
2022-05-05 10:59:00,600,600,600,600,0
2022-05-05 11:00:00,600,600,600,600,0
2022-05-05 11:01:00,600,600,600,600,0
2022-05-05 11:02:00,600,600,600,600,0
2022-05-05 11:03:00,600,600,600,600,0
2022-05-05 11:04:00,600,600,600,600,0
2022-05-05 11:05:00,600,600,600,600,0
2022-05-05 11:06:00,600,600,600,600,0
2022-05-05 11:07:00,600,600,600,600,0
2022-05-05 11:08:00,600,600,600,600,0
2022-05-05 11:09:00,600,600,600,600,0
2022-05-05 11:10:00,600,600,600,600,0
2022-05-05 11:11:00,600,600,600,600,0
2022-05-05 11:12:00,600,600,600,600,0
2022-05-05 11:13:00,600,600,600,600,0
2022-05-05 11:14:00,600,600,600,600,0
2022-05-05 11:15:00,600,600,600,600,0
2022-05-05 11:16:00,600,600,600,600,0
2022-05-05 11:17:00,600,600,600,600,0
2022-05-05 11:18:00,600,600,600,600,0
2022-05-05 11:19:00,600,600,600,600,0
2022-05-05 11:20:00,600,600,600,600,0
2022-05-05 11:21:00,600,600,600,600,0
2022-05-05 11:22:00,600,600,600,600,0
2022-05-05 11:23:00,600,600,600,600,0
2022-05-05 11:24:00,600,600,600,600,0
2022-05-05 11:25:00,600,600,600,600,0
2022-05-05 11:26:00,600,600,600,600,0
2022-05-05 11:27:00,600,600,600,600,0
2022-05-05 11:28:00,600,600,600,600,0
2022-05-05 11:29:00,600,600,600,600,0
2022-05-05 11:30:00,600,600,600,600,0
2022-05-05 11:31:00,600,600,600,600,0
2022-05-05 11:32:00,600,600,600,600,0
2022-05-05 11:33:00,600,600,600,600,0
2022-05-05 11:34:00,600,600,600,600,0
2022-05-05 11:35:00,600,600,600,600,0
2022-05-05 11:36:00,600,600,600,600,0
2022-05-05 11:37:00,600,600,600,600,0
2022-05-05 11:38:00,600,600,600,600,0
2022-05-05 11:39:00,600,600,600,600,0
2022-05-05 11:40:00,600,600,600,600,0
2022-05-05 11:41:00,600,600,600,600,0
2022-05-05 11:42:00,600,600,600,600,0
2022-05-05 11:43:00,600,600,600,600,0
2022-05-05 11:44:00,600,600,600,600,0
2022-05-05 11:45:00,600,600,600,600,0
2022-05-05 11:46:00,600,600,600,600,0
2022-05-05 11:47:00,600,600,600,600,0
2022-05-05 11:48:00,600,600,600,600,0
2022-05-05 11:49:00,600,600,600,600,0
2022-05-05 11:50:00,600,600,600,600,0
2022-05-05 11:51:00,600,600,600,600,0
2022-05-05 11:52:00,600,600,600,600,0
2022-05-05 11:53:00,600,600,600,600,0
2022-05-05 11:54:00,600,600,600,600,0
2022-05-05 11:55:00,600,600,600,600,0
2022-05-05 11:56:00,600,600,600,600,0
2022-05-05 11:57:00,600,600,600,600,0
2022-05-05 11:58:00,600,600,600,600,0
2022-05-05 11:59:00,600,600,600,600,0
2022-05-05 12:00:00,600,600,600,600,0
2022-05-05 12:01:00,600,600,600,600,0
2022-05-05 12:02:00,600,600,600,600,0
2022-05-05 12:03:00,600,600,600,600,0
2022-05-05 12:04:00,600,600,600,600,0
2022-05-05 12:05:00,600,600,600,600,0
2022-05-05 12:06:00,600,600,600,600,0
2022-05-05 12:07:00,600,600,600,600,0
2022-05-05 12:08:00,600,600,600,600,0
2022-05-05 12:09:00,600,600,600,600,0
2022-05-05 12:10:00,600,600,600,600,0
2022-05-05 12:11:00,600,600,600,600,0
2022-05-05 12:12:00,600,600,600,600,0
2022-05-05 12:13:00,600,600,600,600,0
2022-05-05 12:14:00,600,600,600,600,0
2022-05-05 12:15:00,600,600,600,600,0
2022-05-05 12:16:00,600,600,600,600,0
2022-05-05 12:17:00,600,600,600,600,0
2022-05-05 12:18:00,600,600,600,600,0
2022-05-05 12:19:00,600,600,600,600,0
2022-05-05 12:20:00,600,600,600,600,0
2022-05-05 12:21:00,600,600,600,600,0
2022-05-05 12:22:00,600,600,600,600,0
2022-05-05 12:23:00,600,600,600,600,0
2022-05-05 12:24:00,600,600,600,600,0
2022-05-05 12:25:00,600,600,600,600,0
2022-05-05 12:26:00,600,600,600,600,0
2022-05-05 12:27:00,600,600,600,600,0
2022-05-05 12:28:00,600,600,600,600,0
2022-05-05 12:29:00,600,600,600,600,0
2022-05-05 12:30:00,600,600,600,600,0
2022-05-05 12:31:00,600,600,600,600,0
2022-05-05 12:32:00,600,600,600,600,0
2022-05-05 12:33:00,600,600,600,600,0
2022-05-05 12:34:00,600,600,600,600,0
2022-05-05 12:35:00,600,600,600,600,0
2022-05-05 12:36:00,600,600,600,600,0
2022-05-05 12:37:00,600,600,600,600,0
2022-05-05 12:38:00,600,600,600,600,0
2022-05-05 12:39:00,600,600,600,600,0
2022-05-05 12:40:00,600,600,600,600,0
2022-05-05 12:41:00,600,600,600,600,0
2022-05-05 12:42:00,600,600,600,600,0
2022-05-05 12:43:00,600,600,600,600,0
2022-05-05 12:44:00,600,600,600,600,0
2022-05-05 12:45:00,600,600,600,600,0
2022-05-05 12:46:00,600,600,600,600,0
2022-05-05 12:47:00,600,600,600,600,0
2022-05-05 12:48:00,600,600,600,600,0
2022-05-05 12:49:00,600,600,600,600,0
2022-05-05 12:50:00,600,600,600,600,0
2022-05-05 12:51:00,600,600,600,600,0
2022-05-05 12:52:00,600,600,600,600,0
2022-05-05 12:53:00,600,600,600,600,0
2022-05-05 12:54:00,600,600,600,600,0
2022-05-05 12:55:00,600,600,600,600,0
2022-05-05 12:56:00,600,600,600,600,0
2022-05-05 12:57:00,600,600,600,600,0
2022-05-05 12:58:00,600,600,600,600,0
2022-05-05 12:59:00,600,600,600,600,0
2022-05-05 13:00:00,600,600,600,600,0
2022-05-05 13:01:00,600,600,600,600,0
2022-05-05 13:02:00,600,600,600,600,0
2022-05-05 13:03:00,600,600,600,600,0
2022-05-05 13:04:00,600,600,600,600,0
2022-05-05 13:05:00,600,600,600,600,0
2022-05-05 13:06:00,600,600,600,600,0
2022-05-05 13:07:00,600,600,600,600,0
2022-05-05 13:08:00,600,600,600,600,0
2022-05-05 13:09:00,600,600,600,600,0
2022-05-05 13:10:00,600,600,600,600,0
2022-05-05 13:11:00,600,600,600,600,0
2022-05-05 13:12:00,600,600,600,600,0
2022-05-05 13:13:00,600,600,600,600,0
2022-05-05 13:14:00,600,600,600,600,0
2022-05-05 13:15:00,600,600,600,600,0
2022-05-05 13:16:00,600,600,600,600,0
2022-05-05 13:17:00,600,600,600,600,0
2022-05-05 13:18:00,600,600,600,600,0
2022-05-05 13:19:00,600,600,600,600,0
2022-05-05 13:20:00,600,600,600,600,0
2022-05-05 13:21:00,600,600,600,600,0
2022-05-05 13:22:00,600,600,600,600,0
2022-05-05 13:23:00,600,600,600,600,0
2022-05-05 13:24:00,600,600,600,600,0
2022-05-05 13:25:00,600,600,600,600,0
2022-05-05 13:26:00,600,600,600,600,0
2022-05-05 13:27:00,600,600,600,600,0
2022-05-05 13:28:00,600,600,600,600,0
2022-05-05 13:29:00,600,600,600,600,0
2022-05-05 13:30:00,600,600,600,600,0
2022-05-05 13:31:00,600,600,600,600,0
2022-05-05 13:32:00,600,600,600,600,0
2022-05-05 13:33:00,600,600,600,600,0
2022-05-05 13:34:00,600,600,600,600,0
2022-05-05 13:35:00,600,600,600,600,0
2022-05-05 13:36:00,600,600,600,600,0
2022-05-05 13:37:00,600,600,600,600,0
2022-05-05 13:38:00,600,600,600,600,0
2022-05-05 13:39:00,600,600,600,600,0
2022-05-05 13:40:00,600,600,600,600,0
2022-05-05 13:41:00,600,600,600,600,0
2022-05-05 13:42:00,600,600,600,600,0
2022-05-05 13:43:00,600,600,600,600,0
2022-05-05 13:44:00,600,600,600,600,0
2022-05-05 13:45:00,600,600,600,600,0
2022-05-05 13:46:00,600,600,600,600,0
2022-05-05 13:47:00,600,600,600,600,0
2022-05-05 13:48:00,600,600,600,600,0
2022-05-05 13:49:00,600,600,600,600,0
2022-05-05 13:50:00,600,600,600,600,0
2022-05-05 13:51:00,600,600,600,600,0
2022-05-05 13:52:00,600,600,600,600,0
2022-05-05 13:53:00,600,600,600,600,0
2022-05-05 13:54:00,600,600,600,600,0
2022-05-05 13:55:00,600,600,600,600,0
2022-05-05 13:56:00,600,600,600,600,0
2022-05-05 13:57:00,600,600,600,600,0
2022-05-05 13:58:00,600,600,600,600,0
2022-05-05 13:59:00,600,600,600,600,0
2022-05-05 14:00:00,600,600,600,600,0
2022-05-05 14:01:00,600,600,600,600,0
2022-05-05 14:02:00,600,600,600,600,0
2022-05-05 14:03:00,600,600,600,600,0
2022-05-05 14:04:00,600,600,600,600,0
2022-05-05 14:05:00,600,600,600,600,0
2022-05-05 14:06:00,600,600,600,600,0
2022-05-05 14:07:00,600,600,600,600,0
2022-05-05 14:08:00,600,600,600,600,0
2022-05-05 14:09:00,600,600,600,600,0
2022-05-05 14:10:00,600,600,600,600,0
2022-05-05 14:11:00,600,600,600,600,0
2022-05-05 14:12:00,600,600,600,600,0
2022-05-05 14:13:00,600,600,600,600,0
2022-05-05 14:14:00,600,600,600,600,0
2022-05-05 14:15:00,600,600,600,600,0
2022-05-05 14:16:00,600,600,600,600,0
2022-05-05 14:17:00,600,600,600,600,0
2022-05-05 14:18:00,600,600,600,600,0
2022-05-05 14:19:00,600,600,600,600,0
2022-05-05 14:20:00,600,600,600,600,0
2022-05-05 14:21:00,600,600,600,600,0
2022-05-05 14:22:00,600,600,600,600,0
2022-05-05 14:23:00,600,600,600,600,0
2022-05-05 14:24:00,600,600,600,600,0
2022-05-05 14:25:00,600,600,600,600,0
2022-05-05 14:26:00,600,600,600,600,0
2022-05-05 14:27:00,600,600,600,600,0
2022-05-05 14:28:00,600,600,600,600,0
2022-05-05 14:29:00,600,600,600,600,0
2022-05-05 14:30:00,600,600,600,600,0
2022-05-05 14:31:00,600,600,600,600,0
2022-05-05 14:32:00,600,600,600,600,0
2022-05-05 14:33:00,600,600,600,600,0
2022-05-05 14:34:00,600,600,600,600,0
2022-05-05 14:35:00,600,600,600,600,0
2022-05-05 14:36:00,600,600,600,600,0
2022-05-05 14:37:00,600,600,600,600,0
2022-05-05 14:38:00,600,600,600,600,0
2022-05-05 14:39:00,600,600,600,600,0
2022-05-05 14:40:00,600,600,600,600,0
2022-05-05 14:41:00,600,600,600,600,0
2022-05-05 14:42:00,600,600,600,600,0
2022-05-05 14:43:00,600,600,600,600,0
2022-05-05 14:44:00,600,600,600,600,0
2022-05-05 14:45:00,600,600,600,600,0
2022-05-05 14:46:00,600,600,600,600,0
2022-05-05 14:47:00,600,600,600,600,0
2022-05-05 14:48:00,600,600,600,600,0
2022-05-05 14:49:00,600,600,600,600,0
2022-05-05 14:50:00,600,600,600,600,0
2022-05-05 14:51:00,600,600,600,600,0
2022-05-05 14:52:00,600,600,600,600,0
2022-05-05 14:53:00,600,600,600,600,0
2022-05-05 14:54:00,600,600,600,600,0
2022-05-05 14:55:00,600,600,600,600,0
2022-05-05 14:56:00,600,600,600,600,0
2022-05-05 14:57:00,600,600,600,600,0
2022-05-05 14:58:00,600,600,600,600,0
2022-05-05 14:59:00,600,600,600,600,0
2022-05-05 15:00:00,600,600,600,600,0
2022-05-05 15:01:00,600,600,600,600,0
2022-05-05 15:02:00,600,600,600,600,0
2022-05-05 15:03:00,600,600,600,600,0
2022-05-05 15:04:00,600,600,600,600,0
2022-05-05 15:05:00,600,600,600,600,0
2022-05-05 15:06:00,600,600,600,600,0
2022-05-05 15:07:00,600,600,600,600,0
2022-05-05 15:08:00,600,600,600,600,0
2022-05-05 15:09:00,600,600,600,600,0
2022-05-05 15:10:00,600,600,600,600,0
2022-05-05 15:11:00,600,600,600,600,0
2022-05-05 15:12:00,600,600,600,600,0
2022-05-05 15:13:00,600,600,600,600,0
2022-05-05 15:14:00,600,600,600,600,0
2022-05-05 15:15:00,600,600,600,600,0
2022-05-05 15:16:00,600,600,600,600,0
2022-05-05 15:17:00,600,600,600,600,0
2022-05-05 15:18:00,600,600,600,600,0
2022-05-05 15:19:00,600,600,600,600,0
2022-05-05 15:20:00,600,600,600,600,0
2022-05-05 15:21:00,600,600,600,600,0
2022-05-05 15:22:00,600,600,600,600,0
2022-05-05 15:23:00,600,600,600,600,0
2022-05-05 15:24:00,600,600,600,600,0
2022-05-05 15:25:00,600,600,600,600,0
2022-05-05 15:26:00,600,600,600,600,0
2022-05-05 15:27:00,600,600,600,600,0
2022-05-05 15:28:00,600,600,600,600,0
2022-05-05 15:29:00,600,600,600,600,0
2022-05-05 15:30:00,600,600,600,600,0
2022-05-05 15:31:00,600,600,600,600,0
2022-05-05 15:32:00,600,600,600,600,0
2022-05-05 15:33:00,600,600,600,600,0
2022-05-05 15:34:00,600,600,600,600,0
2022-05-05 15:35:00,600,600,600,600,0
2022-05-05 15:36:00,600,600,600,600,0
2022-05-05 15:37:00,600,600,600,600,0
2022-05-05 15:38:00,600,600,600,600,0
2022-05-05 15:39:00,600,600,600,600,0
2022-05-05 15:40:00,600,600,600,600,0
2022-05-05 15:41:00,600,600,600,600,0
2022-05-05 15:42:00,600,600,600,600,0
2022-05-05 15:43:00,600,600,600,600,0
2022-05-05 15:44:00,600,600,600,600,0
2022-05-05 15:45:00,600,600,600,600,0
2022-05-05 15:46:00,600,600,600,600,0
2022-05-05 15:47:00,600,600,600,600,0
2022-05-05 15:48:00,600,600,600,600,0
2022-05-05 15:49:00,600,600,600,600,0
2022-05-05 15:50:00,600,600,600,600,0
2022-05-05 15:51:00,600,600,600,600,0
2022-05-05 15:52:00,600,600,600,600,0
2022-05-05 15:53:00,600,600,600,600,0
2022-05-05 15:54:00,600,600,600,600,0
2022-05-05 15:55:00,600,600,600,600,0
2022-05-05 15:56:00,600,600,600,600,0
2022-05-05 15:57:00,600,600,600,600,0
2022-05-05 15:58:00,600,600,600,600,0
2022-05-05 15:59:00,600,600,600,600,0
2022-05-06 09:00:00,600,600,600,600,0
2022-05-06 09:01:00,600,600,600,600,0
2022-05-06 09:02:00,600,600,600,600,0
2022-05-06 09:03:00,600,600,600,600,0
2022-05-06 09:04:00,600,600,600,600,0
2022-05-06 09:05:00,600,600,600,600,0
2022-05-06 09:06:00,600,600,600,600,0
2022-05-06 09:07:00,600,600,600,600,0
2022-05-06 09:08:00,600,600,600,600,0
2022-05-06 09:09:00,600,600,600,600,0
2022-05-06 09:10:00,600,600,600,600,0
2022-05-06 09:11:00,600,600,600,600,0
2022-05-06 09:12:00,600,600,600,600,0
2022-05-06 09:13:00,600,600,600,600,0
2022-05-06 09:14:00,600,600,600,600,0
2022-05-06 09:15:00,600,600,600,600,0
2022-05-06 09:16:00,600,600,600,600,0
2022-05-06 09:17:00,600,600,600,600,0
2022-05-06 09:18:00,600,600,600,600,0
2022-05-06 09:19:00,600,600,600,600,0
2022-05-06 09:20:00,600,600,600,600,0
2022-05-06 09:21:00,600,600,600,600,0
2022-05-06 09:22:00,600,600,600,600,0
2022-05-06 09:23:00,600,600,600,600,0
2022-05-06 09:24:00,600,600,600,600,0
2022-05-06 09:25:00,600,600,600,600,0
2022-05-06 09:26:00,600,600,600,600,0
2022-05-06 09:27:00,600,600,600,600,0
2022-05-06 09:28:00,600,600,600,600,0
2022-05-06 09:29:00,600,600,600,600,0
2022-05-06 09:30:00,600,600,600,600,0
2022-05-06 09:31:00,600,600,600,600,0
2022-05-06 09:32:00,600,600,600,600,0
2022-05-06 09:33:00,600,600,600,600,0
2022-05-06 09:34:00,600,600,600,600,0
2022-05-06 09:35:00,600,600,600,600,0
2022-05-06 09:36:00,600,600,600,600,0
2022-05-06 09:37:00,600,600,600,600,0
2022-05-06 09:38:00,600,600,600,600,0
2022-05-06 09:39:00,600,600,600,600,0
2022-05-06 09:40:00,600,600,600,600,0
2022-05-06 09:41:00,600,600,600,600,0
2022-05-06 09:42:00,600,600,600,600,0
2022-05-06 09:43:00,600,600,600,600,0
2022-05-06 09:44:00,600,600,600,600,0
2022-05-06 09:45:00,600,600,600,600,0
2022-05-06 09:46:00,600,600,600,600,0
2022-05-06 09:47:00,600,600,600,600,0
2022-05-06 09:48:00,600,600,600,600,0
2022-05-06 09:49:00,600,600,600,600,0
2022-05-06 09:50:00,600,600,600,600,0
2022-05-06 09:51:00,600,600,600,600,0
2022-05-06 09:52:00,600,600,600,600,0
2022-05-06 09:53:00,600,600,600,600,0
2022-05-06 09:54:00,600,600,600,600,0
2022-05-06 09:55:00,600,600,600,600,0
2022-05-06 09:56:00,600,600,600,600,0
2022-05-06 09:57:00,600,600,600,600,0
2022-05-06 09:58:00,600,600,600,600,0
2022-05-06 09:59:00,600,600,600,600,0
2022-05-06 10:00:00,600,600,600,600,0
2022-05-06 10:01:00,600,600,600,600,0
2022-05-06 10:02:00,600,600,600,600,0
2022-05-06 10:03:00,600,600,600,600,0
2022-05-06 10:04:00,600,600,600,600,0
2022-05-06 10:05:00,600,600,600,600,0
2022-05-06 10:06:00,600,600,600,600,0
2022-05-06 10:07:00,600,600,600,600,0
2022-05-06 10:08:00,600,600,600,600,0
2022-05-06 10:09:00,600,600,600,600,0
2022-05-06 10:10:00,600,600,600,600,0
2022-05-06 10:11:00,600,600,600,600,0
2022-05-06 10:12:00,600,600,600,600,0
2022-05-06 10:13:00,600,600,600,600,0
2022-05-06 10:14:00,600,600,600,600,0
2022-05-06 10:15:00,600,600,600,600,0
2022-05-06 10:16:00,600,600,600,600,0
2022-05-06 10:17:00,600,600,600,600,0
2022-05-06 10:18:00,600,600,600,600,0
2022-05-06 10:19:00,600,600,600,600,0
2022-05-06 10:20:00,600,600,600,600,0
2022-05-06 10:21:00,600,600,600,600,0
2022-05-06 10:22:00,600,600,600,600,0
2022-05-06 10:23:00,600,600,600,600,0
2022-05-06 10:24:00,600,600,600,600,0
2022-05-06 10:25:00,600,600,600,600,0
2022-05-06 10:26:00,600,600,600,600,0
2022-05-06 10:27:00,600,600,600,600,0
2022-05-06 10:28:00,600,600,600,600,0
2022-05-06 10:29:00,600,600,600,600,0
2022-05-06 10:30:00,600,600,600,600,0
2022-05-06 10:31:00,600,600,600,600,0
2022-05-06 10:32:00,600,600,600,600,0
2022-05-06 10:33:00,600,600,600,600,0
2022-05-06 10:34:00,600,600,600,600,0
2022-05-06 10:35:00,600,600,600,600,0
2022-05-06 10:36:00,600,600,600,600,0
2022-05-06 10:37:00,600,600,600,600,0
2022-05-06 10:38:00,600,600,600,600,0
2022-05-06 10:39:00,600,600,600,600,0
2022-05-06 10:40:00,600,600,600,600,0
2022-05-06 10:41:00,600,600,600,600,0
2022-05-06 10:42:00,600,600,600,600,0
2022-05-06 10:43:00,600,600,600,600,0
2022-05-06 10:44:00,600,600,600,600,0
2022-05-06 10:45:00,600,600,600,600,0
2022-05-06 10:46:00,600,600,600,600,0
2022-05-06 10:47:00,600,600,600,600,0
2022-05-06 10:48:00,600,600,600,600,0
2022-05-06 10:49:00,600,600,600,600,0
2022-05-06 10:50:00,600,600,600,600,0
2022-05-06 10:51:00,600,600,600,600,0
2022-05-06 10:52:00,600,600,600,600,0
2022-05-06 10:53:00,600,600,600,600,0
2022-05-06 10:54:00,600,600,600,600,0
2022-05-06 10:55:00,600,600,600,600,0
2022-05-06 10:56:00,600,600,600,600,0
2022-05-06 10:57:00,600,600,600,600,0
2022-05-06 10:58:00,600,600,600,600,0
2022-05-06 10:59:00,600,600,600,600,0
2022-05-06 11:00:00,600,600,600,600,0
2022-05-06 11:01:00,600,600,600,600,0
2022-05-06 11:02:00,600,600,600,600,0
2022-05-06 11:03:00,600,600,600,600,0
2022-05-06 11:04:00,600,600,600,600,0
2022-05-06 11:05:00,600,600,600,600,0
2022-05-06 11:06:00,600,600,600,600,0
2022-05-06 11:07:00,600,600,600,600,0
2022-05-06 11:08:00,600,600,600,600,0
2022-05-06 11:09:00,600,600,600,600,0
2022-05-06 11:10:00,600,600,600,600,0
2022-05-06 11:11:00,600,600,600,600,0
2022-05-06 11:12:00,600,600,600,600,0
2022-05-06 11:13:00,600,600,600,600,0
2022-05-06 11:14:00,600,600,600,600,0
2022-05-06 11:15:00,600,600,600,600,0
2022-05-06 11:16:00,600,600,600,600,0
2022-05-06 11:17:00,600,600,600,600,0
2022-05-06 11:18:00,600,600,600,600,0
2022-05-06 11:19:00,600,600,600,600,0
2022-05-06 11:20:00,600,600,600,600,0
2022-05-06 11:21:00,600,600,600,600,0
2022-05-06 11:22:00,600,600,600,600,0
2022-05-06 11:23:00,600,600,600,600,0
2022-05-06 11:24:00,600,600,600,600,0
2022-05-06 11:25:00,600,600,600,600,0
2022-05-06 11:26:00,600,600,600,600,0
2022-05-06 11:27:00,600,600,600,600,0
2022-05-06 11:28:00,600,600,600,600,0
2022-05-06 11:29:00,600,600,600,600,0
2022-05-06 11:30:00,600,600,600,600,0
2022-05-06 11:31:00,600,600,600,600,0
2022-05-06 11:32:00,600,600,600,600,0
2022-05-06 11:33:00,600,600,600,600,0
2022-05-06 11:34:00,600,600,600,600,0
2022-05-06 11:35:00,600,600,600,600,0
2022-05-06 11:36:00,600,600,600,600,0
2022-05-06 11:37:00,600,600,600,600,0
2022-05-06 11:38:00,600,600,600,600,0
2022-05-06 11:39:00,600,600,600,600,0
2022-05-06 11:40:00,600,600,600,600,0
2022-05-06 11:41:00,600,600,600,600,0
2022-05-06 11:42:00,600,600,600,600,0
2022-05-06 11:43:00,600,600,600,600,0
2022-05-06 11:44:00,600,600,600,600,0
2022-05-06 11:45:00,600,600,600,600,0
2022-05-06 11:46:00,600,600,600,600,0
2022-05-06 11:47:00,600,600,600,600,0
2022-05-06 11:48:00,600,600,600,600,0
2022-05-06 11:49:00,600,600,600,600,0
2022-05-06 11:50:00,600,600,600,600,0
2022-05-06 11:51:00,600,600,600,600,0
2022-05-06 11:52:00,600,600,600,600,0
2022-05-06 11:53:00,600,600,600,600,0
2022-05-06 11:54:00,600,600,600,600,0
2022-05-06 11:55:00,600,600,600,600,0
2022-05-06 11:56:00,600,600,600,600,0
2022-05-06 11:57:00,600,600,600,600,0
2022-05-06 11:58:00,600,600,600,600,0
2022-05-06 11:59:00,600,600,600,600,0
2022-05-06 12:00:00,600,600,600,600,0
2022-05-06 12:01:00,600,600,600,600,0
2022-05-06 12:02:00,600,600,600,600,0
2022-05-06 12:03:00,600,600,600,600,0
2022-05-06 12:04:00,600,600,600,600,0
2022-05-06 12:05:00,600,600,600,600,0
2022-05-06 12:06:00,600,600,600,600,0
2022-05-06 12:07:00,600,600,600,600,0
2022-05-06 12:08:00,600,600,600,600,0
2022-05-06 12:09:00,600,600,600,600,0
2022-05-06 12:10:00,600,600,600,600,0
2022-05-06 12:11:00,600,600,600,600,0
2022-05-06 12:12:00,600,600,600,600,0
2022-05-06 12:13:00,600,600,600,600,0
2022-05-06 12:14:00,600,600,600,600,0
2022-05-06 12:15:00,600,600,600,600,0
2022-05-06 12:16:00,600,600,600,600,0
2022-05-06 12:17:00,600,600,600,600,0
2022-05-06 12:18:00,600,600,600,600,0
2022-05-06 12:19:00,600,600,600,600,0
2022-05-06 12:20:00,600,600,600,600,0
2022-05-06 12:21:00,600,600,600,600,0
2022-05-06 12:22:00,600,600,600,600,0
2022-05-06 12:23:00,600,600,600,600,0
2022-05-06 12:24:00,600,600,600,600,0
2022-05-06 12:25:00,600,600,600,600,0
2022-05-06 12:26:00,600,600,600,600,0
2022-05-06 12:27:00,600,600,600,600,0
2022-05-06 12:28:00,600,600,600,600,0
2022-05-06 12:29:00,600,600,600,600,0
2022-05-06 12:30:00,600,600,600,600,0
2022-05-06 12:31:00,600,600,600,600,0
2022-05-06 12:32:00,600,600,600,600,0
2022-05-06 12:33:00,600,600,600,600,0
2022-05-06 12:34:00,600,600,600,600,0
2022-05-06 12:35:00,600,600,600,600,0
2022-05-06 12:36:00,600,600,600,600,0
2022-05-06 12:37:00,600,600,600,600,0
2022-05-06 12:38:00,600,600,600,600,0
2022-05-06 12:39:00,600,600,600,600,0
2022-05-06 12:40:00,600,600,600,600,0
2022-05-06 12:41:00,600,600,600,600,0
2022-05-06 12:42:00,600,600,600,600,0
2022-05-06 12:43:00,600,600,600,600,0
2022-05-06 12:44:00,600,600,600,600,0
2022-05-06 12:45:00,600,600,600,600,0
2022-05-06 12:46:00,600,600,600,600,0
2022-05-06 12:47:00,600,600,600,600,0
2022-05-06 12:48:00,600,600,600,600,0
2022-05-06 12:49:00,600,600,600,600,0
2022-05-06 12:50:00,600,600,600,600,0
2022-05-06 12:51:00,600,600,600,600,0
2022-05-06 12:52:00,600,600,600,600,0
2022-05-06 12:53:00,600,600,600,600,0
2022-05-06 12:54:00,600,600,600,600,0
2022-05-06 12:55:00,600,600,600,600,0
2022-05-06 12:56:00,600,600,600,600,0
2022-05-06 12:57:00,600,600,600,600,0
2022-05-06 12:58:00,600,600,600,600,0
2022-05-06 12:59:00,600,600,600,600,0
2022-05-06 13:00:00,600,600,600,600,0
2022-05-06 13:01:00,600,600,600,600,0
2022-05-06 13:02:00,600,600,600,600,0
2022-05-06 13:03:00,600,600,600,600,0
2022-05-06 13:04:00,600,600,600,600,0
2022-05-06 13:05:00,600,600,600,600,0
2022-05-06 13:06:00,600,600,600,600,0
2022-05-06 13:07:00,600,600,600,600,0
2022-05-06 13:08:00,600,600,600,600,0
2022-05-06 13:09:00,600,600,600,600,0
2022-05-06 13:10:00,600,600,600,600,0
2022-05-06 13:11:00,600,600,600,600,0
2022-05-06 13:12:00,600,600,600,600,0
2022-05-06 13:13:00,600,600,600,600,0
2022-05-06 13:14:00,600,600,600,600,0
2022-05-06 13:15:00,600,600,600,600,0
2022-05-06 13:16:00,600,600,600,600,0
2022-05-06 13:17:00,600,600,600,600,0
2022-05-06 13:18:00,600,600,600,600,0
2022-05-06 13:19:00,600,600,600,600,0
2022-05-06 13:20:00,600,600,600,600,0
2022-05-06 13:21:00,600,600,600,600,0
2022-05-06 13:22:00,600,600,600,600,0
2022-05-06 13:23:00,600,600,600,600,0
2022-05-06 13:24:00,600,600,600,600,0
2022-05-06 13:25:00,600,600,600,600,0
2022-05-06 13:26:00,600,600,600,600,0
2022-05-06 13:27:00,600,600,600,600,0
2022-05-06 13:28:00,600,600,600,600,0
2022-05-06 13:29:00,600,600,600,600,0
2022-05-06 13:30:00,600,600,600,600,0
2022-05-06 13:31:00,600,600,600,600,0
2022-05-06 13:32:00,600,600,600,600,0
2022-05-06 13:33:00,600,600,600,600,0
2022-05-06 13:34:00,600,600,600,600,0
2022-05-06 13:35:00,600,600,600,600,0
2022-05-06 13:36:00,600,600,600,600,0
2022-05-06 13:37:00,600,600,600,600,0
2022-05-06 13:38:00,600,600,600,600,0
2022-05-06 13:39:00,600,600,600,600,0
2022-05-06 13:40:00,600,600,600,600,0
2022-05-06 13:41:00,600,600,600,600,0
2022-05-06 13:42:00,600,600,600,600,0
2022-05-06 13:43:00,600,600,600,600,0
2022-05-06 13:44:00,600,600,600,600,0
2022-05-06 13:45:00,600,600,600,600,0
2022-05-06 13:46:00,600,600,600,600,0
2022-05-06 13:47:00,600,600,600,600,0
2022-05-06 13:48:00,600,600,600,600,0
2022-05-06 13:49:00,600,600,600,600,0
2022-05-06 13:50:00,600,600,600,600,0
2022-05-06 13:51:00,600,600,600,600,0
2022-05-06 13:52:00,600,600,600,600,0
2022-05-06 13:53:00,600,600,600,600,0
2022-05-06 13:54:00,600,600,600,600,0
2022-05-06 13:55:00,600,600,600,600,0
2022-05-06 13:56:00,600,600,600,600,0
2022-05-06 13:57:00,600,600,600,600,0
2022-05-06 13:58:00,600,600,600,600,0
2022-05-06 13:59:00,600,600,600,600,0
2022-05-06 14:00:00,600,600,600,600,0
2022-05-06 14:01:00,600,600,600,600,0
2022-05-06 14:02:00,600,600,600,600,0
2022-05-06 14:03:00,600,600,600,600,0
2022-05-06 14:04:00,600,600,600,600,0
2022-05-06 14:05:00,600,600,600,600,0
2022-05-06 14:06:00,600,600,600,600,0
2022-05-06 14:07:00,600,600,600,600,0
2022-05-06 14:08:00,600,600,600,600,0
2022-05-06 14:09:00,600,600,600,600,0
2022-05-06 14:10:00,600,600,600,600,0
2022-05-06 14:11:00,600,600,600,600,0
2022-05-06 14:12:00,600,600,600,600,0
2022-05-06 14:13:00,600,600,600,600,0
2022-05-06 14:14:00,600,600,600,600,0
2022-05-06 14:15:00,600,600,600,600,0
2022-05-06 14:16:00,600,600,600,600,0
2022-05-06 14:17:00,600,600,600,600,0
2022-05-06 14:18:00,600,600,600,600,0
2022-05-06 14:19:00,600,600,600,600,0
2022-05-06 14:20:00,600,600,600,600,0
2022-05-06 14:21:00,600,600,600,600,0
2022-05-06 14:22:00,600,600,600,600,0
2022-05-06 14:23:00,600,600,600,600,0
2022-05-06 14:24:00,600,600,600,600,0
2022-05-06 14:25:00,600,600,600,600,0
2022-05-06 14:26:00,600,600,600,600,0
2022-05-06 14:27:00,600,600,600,600,0
2022-05-06 14:28:00,600,600,600,600,0
2022-05-06 14:29:00,600,600,600,600,0
2022-05-06 14:30:00,600,600,600,600,0
2022-05-06 14:31:00,600,600,600,600,0
2022-05-06 14:32:00,600,600,600,600,0
2022-05-06 14:33:00,600,600,600,600,0
2022-05-06 14:34:00,600,600,600,600,0
2022-05-06 14:35:00,600,600,600,600,0
2022-05-06 14:36:00,600,600,600,600,0
2022-05-06 14:37:00,600,600,600,600,0
2022-05-06 14:38:00,600,600,600,600,0
2022-05-06 14:39:00,600,600,600,600,0
2022-05-06 14:40:00,600,600,600,600,0
2022-05-06 14:41:00,600,600,600,600,0
2022-05-06 14:42:00,600,600,600,600,0
2022-05-06 14:43:00,600,600,600,600,0
2022-05-06 14:44:00,600,600,600,600,0
2022-05-06 14:45:00,600,600,600,600,0
2022-05-06 14:46:00,600,600,600,600,0
2022-05-06 14:47:00,600,600,600,600,0
2022-05-06 14:48:00,600,600,600,600,0
2022-05-06 14:49:00,600,600,600,600,0
2022-05-06 14:50:00,600,600,600,600,0
2022-05-06 14:51:00,600,600,600,600,0
2022-05-06 14:52:00,600,600,600,600,0
2022-05-06 14:53:00,600,600,600,600,0
2022-05-06 14:54:00,600,600,600,600,0
2022-05-06 14:55:00,600,600,600,600,0
2022-05-06 14:56:00,600,600,600,600,0
2022-05-06 14:57:00,600,600,600,600,0
2022-05-06 14:58:00,600,600,600,600,0
2022-05-06 14:59:00,600,600,600,600,0
2022-05-06 15:00:00,600,600,600,600,0
2022-05-06 15:01:00,600,600,600,600,0
2022-05-06 15:02:00,600,600,600,600,0
2022-05-06 15:03:00,600,600,600,600,0
2022-05-06 15:04:00,600,600,600,600,0
2022-05-06 15:05:00,600,600,600,600,0
2022-05-06 15:06:00,600,600,600,600,0
2022-05-06 15:07:00,600,600,600,600,0
2022-05-06 15:08:00,600,600,600,600,0
2022-05-06 15:09:00,600,600,600,600,0
2022-05-06 15:10:00,600,600,600,600,0
2022-05-06 15:11:00,600,600,600,600,0
2022-05-06 15:12:00,600,600,600,600,0
2022-05-06 15:13:00,600,600,600,600,0
2022-05-06 15:14:00,600,600,600,600,0
2022-05-06 15:15:00,600,600,600,600,0
2022-05-06 15:16:00,600,600,600,600,0
2022-05-06 15:17:00,600,600,600,600,0
2022-05-06 15:18:00,600,600,600,600,0
2022-05-06 15:19:00,600,600,600,600,0
2022-05-06 15:20:00,600,600,600,600,0
2022-05-06 15:21:00,600,600,600,600,0
2022-05-06 15:22:00,600,600,600,600,0
2022-05-06 15:23:00,600,600,600,600,0
2022-05-06 15:24:00,600,600,600,600,0
2022-05-06 15:25:00,600,600,600,600,0
2022-05-06 15:26:00,600,600,600,600,0
2022-05-06 15:27:00,600,600,600,600,0
2022-05-06 15:28:00,600,600,600,600,0
2022-05-06 15:29:00,600,600,600,600,0
2022-05-06 15:30:00,600,600,600,600,0
2022-05-06 15:31:00,600,600,600,600,0
2022-05-06 15:32:00,600,600,600,600,0
2022-05-06 15:33:00,600,600,600,600,0
2022-05-06 15:34:00,600,600,600,600,0
2022-05-06 15:35:00,600,600,600,600,0
2022-05-06 15:36:00,600,600,600,600,0
2022-05-06 15:37:00,600,600,600,600,0
2022-05-06 15:38:00,600,600,600,600,0
2022-05-06 15:39:00,600,600,600,600,0
2022-05-06 15:40:00,600,600,600,600,0
2022-05-06 15:41:00,600,600,600,600,0
2022-05-06 15:42:00,600,600,600,600,0
2022-05-06 15:43:00,600,600,600,600,0
2022-05-06 15:44:00,600,600,600,600,0
2022-05-06 15:45:00,600,600,600,600,0
2022-05-06 15:46:00,600,600,600,600,0
2022-05-06 15:47:00,600,600,600,600,0
2022-05-06 15:48:00,600,600,600,600,0
2022-05-06 15:49:00,600,600,600,600,0
2022-05-06 15:50:00,600,600,600,600,0
2022-05-06 15:51:00,600,600,600,600,0
2022-05-06 15:52:00,600,600,600,600,0
2022-05-06 15:53:00,600,600,600,600,0
2022-05-06 15:54:00,600,600,600,600,0
2022-05-06 15:55:00,600,600,600,600,0
2022-05-06 15:56:00,600,600,600,600,0
2022-05-06 15:57:00,600,600,600,600,0
2022-05-06 15:58:00,600,600,600,600,0
2022-05-06 15:59:00,600,600,600,600,0
2022-05-09 09:00:00,600,600,600,600,0
2022-05-09 09:01:00,600,600,600,600,0
2022-05-09 09:02:00,600,600,600,600,0
2022-05-09 09:03:00,600,600,600,600,0
2022-05-09 09:04:00,600,600,600,600,32100
2022-05-09 09:05:00,605,605,605,605,3300
2022-05-09 09:06:00,605,605,605,605,1700
2022-05-09 09:07:00,605,605,605,605,0
2022-05-09 09:08:00,605,605,605,605,0
2022-05-09 09:09:00,605,605,605,605,0
2022-05-09 09:10:00,605,605,605,605,2900
2022-05-09 09:11:00,605,605,605,605,0
2022-05-09 09:12:00,600,600,600,600,3000
2022-05-09 09:13:00,605,605,605,605,7100
2022-05-09 09:14:00,605,605,605,605,0
2022-05-09 09:15:00,605,605,605,605,0
2022-05-09 09:16:00,600,600,600,600,2500
2022-05-09 09:17:00,605,605,605,605,300
2022-05-09 09:18:00,605,605,605,605,1000
2022-05-09 09:19:00,605,605,605,605,0
2022-05-09 09:20:00,605,605,605,605,0
2022-05-09 09:21:00,605,605,605,605,500
2022-05-09 09:22:00,605,605,605,605,0
2022-05-09 09:23:00,605,605,605,605,0
2022-05-09 09:24:00,605,605,605,605,0
2022-05-09 09:25:00,605,605,605,605,0
2022-05-09 09:26:00,605,605,605,605,0
2022-05-09 09:27:00,605,605,605,605,900
2022-05-09 09:28:00,605,605,605,605,0
2022-05-09 09:29:00,605,605,605,605,0
2022-05-09 09:30:00,605,605,605,605,0
2022-05-09 09:31:00,605,605,605,605,0
2022-05-09 09:32:00,605,605,605,605,0
2022-05-09 09:33:00,605,605,605,605,0
2022-05-09 09:34:00,605,605,605,605,0
2022-05-09 09:35:00,605,605,605,605,0
2022-05-09 09:36:00,605,605,605,605,0
2022-05-09 09:37:00,605,605,605,605,0
2022-05-09 09:38:00,605,605,605,605,600
2022-05-09 09:39:00,605,605,605,605,0
2022-05-09 09:40:00,605,605,605,605,0
2022-05-09 09:41:00,600,600,605,605,2800
2022-05-09 09:42:00,600,600,605,605,0
2022-05-09 09:43:00,600,600,605,605,0
2022-05-09 09:44:00,600,600,605,605,0
2022-05-09 09:45:00,605,605,605,605,2200
2022-05-09 09:46:00,605,605,605,605,0
2022-05-09 09:47:00,605,605,605,605,0
2022-05-09 09:48:00,605,605,605,605,0
2022-05-09 09:49:00,605,605,605,605,0
2022-05-09 09:50:00,605,605,605,605,0
2022-05-09 09:51:00,605,605,605,605,0
2022-05-09 09:52:00,605,605,605,605,0
2022-05-09 09:53:00,605,605,605,605,400
2022-05-09 09:54:00,605,605,605,605,0
2022-05-09 09:55:00,605,605,605,605,0
2022-05-09 09:56:00,605,605,605,605,0
2022-05-09 09:57:00,605,605,605,605,0
2022-05-09 09:58:00,600,600,600,600,1700
2022-05-09 09:59:00,595,595,595,595,800
2022-05-09 10:00:00,605,605,605,605,200
2022-05-09 10:01:00,600,600,605,600,1000
2022-05-09 10:02:00,595,595,600,600,2700
2022-05-09 10:03:00,600,600,600,600,700
2022-05-09 10:04:00,600,600,600,600,0
2022-05-09 10:05:00,600,600,600,600,0
2022-05-09 10:06:00,600,600,600,600,100
2022-05-09 10:07:00,600,600,600,600,1800
2022-05-09 10:08:00,600,600,600,600,0
2022-05-09 10:09:00,600,600,600,600,0
2022-05-09 10:10:00,600,600,600,600,0
2022-05-09 10:11:00,600,600,600,600,0
2022-05-09 10:12:00,600,600,600,600,0
2022-05-09 10:13:00,600,600,600,600,0
2022-05-09 10:14:00,600,600,600,600,0
2022-05-09 10:15:00,600,600,600,600,0
2022-05-09 10:16:00,600,600,600,600,0
2022-05-09 10:17:00,600,600,600,600,0
2022-05-09 10:18:00,600,600,600,600,0
2022-05-09 10:19:00,600,600,600,600,0
2022-05-09 10:20:00,600,600,600,600,0
2022-05-09 10:21:00,600,600,600,600,0
2022-05-09 10:22:00,600,600,600,600,0
2022-05-09 10:23:00,600,600,600,600,0
2022-05-09 10:24:00,600,600,600,600,0
2022-05-09 10:25:00,600,600,600,600,0
2022-05-09 10:26:00,600,600,600,600,0
2022-05-09 10:27:00,600,600,600,600,0
2022-05-09 10:28:00,600,600,600,600,0
2022-05-09 10:29:00,600,600,600,600,0
2022-05-09 10:30:00,600,600,600,600,0
2022-05-09 10:31:00,600,600,600,600,0
2022-05-09 10:32:00,600,600,600,600,0
2022-05-09 10:33:00,600,600,600,600,0
2022-05-09 10:34:00,600,600,600,600,800
2022-05-09 10:35:00,600,600,600,600,0
2022-05-09 10:36:00,600,600,600,600,0
2022-05-09 10:37:00,600,600,600,600,0
2022-05-09 10:38:00,600,600,600,600,0
2022-05-09 10:39:00,600,600,600,600,400
2022-05-09 10:40:00,600,600,600,600,0
2022-05-09 10:41:00,600,600,600,600,0
2022-05-09 10:42:00,600,600,600,600,0
2022-05-09 10:43:00,600,600,600,600,0
2022-05-09 10:44:00,595,595,595,595,900
2022-05-09 10:45:00,600,600,600,600,300
2022-05-09 10:46:00,595,595,600,600,600
2022-05-09 10:47:00,600,600,600,600,200
2022-05-09 10:48:00,600,600,600,600,0
2022-05-09 10:49:00,600,600,600,600,100
2022-05-09 10:50:00,600,600,600,600,0
2022-05-09 10:51:00,600,600,600,600,0
2022-05-09 10:52:00,600,600,600,600,0
2022-05-09 10:53:00,600,600,600,600,0
2022-05-09 10:54:00,600,600,600,600,0
2022-05-09 10:55:00,600,600,600,600,0
2022-05-09 10:56:00,600,600,600,600,0
2022-05-09 10:57:00,600,600,600,600,0
2022-05-09 10:58:00,600,600,600,600,0
2022-05-09 10:59:00,600,600,600,600,0
2022-05-09 11:00:00,600,600,600,600,0
2022-05-09 11:01:00,600,600,600,600,0
2022-05-09 11:02:00,600,600,600,600,0
2022-05-09 11:03:00,600,600,600,600,0
2022-05-09 11:04:00,600,600,600,600,0
2022-05-09 11:05:00,600,600,600,600,0
2022-05-09 11:06:00,600,600,600,600,0
2022-05-09 11:07:00,600,600,600,600,0
2022-05-09 11:08:00,600,600,600,600,0
2022-05-09 11:09:00,600,600,600,600,0
2022-05-09 11:10:00,600,600,600,600,0
2022-05-09 11:11:00,600,600,600,600,0
2022-05-09 11:12:00,600,600,600,600,0
2022-05-09 11:13:00,600,600,600,600,0
2022-05-09 11:14:00,600,600,600,600,0
2022-05-09 11:15:00,600,600,600,600,0
2022-05-09 11:16:00,600,600,600,600,0
2022-05-09 11:17:00,595,595,595,595,1000
2022-05-09 11:18:00,595,595,600,600,300
2022-05-09 11:19:00,595,595,600,600,0
2022-05-09 11:20:00,595,595,600,600,0
2022-05-09 11:21:00,595,595,600,600,0
2022-05-09 11:22:00,595,595,600,600,0
2022-05-09 11:23:00,600,600,600,600,500
2022-05-09 11:24:00,600,600,600,600,0
2022-05-09 11:25:00,600,600,600,600,0
2022-05-09 11:26:00,600,600,600,600,0
2022-05-09 11:27:00,600,600,600,600,0
2022-05-09 11:28:00,600,600,600,600,0
2022-05-09 11:29:00,600,600,600,600,0
2022-05-09 11:30:00,600,600,600,600,0
2022-05-09 11:31:00,600,600,600,600,0
2022-05-09 11:32:00,600,600,600,600,0
2022-05-09 11:33:00,600,600,600,600,0
2022-05-09 11:34:00,600,600,600,600,0
2022-05-09 11:35:00,600,600,600,600,0
2022-05-09 11:36:00,600,600,600,600,0
2022-05-09 11:37:00,600,600,600,600,0
2022-05-09 11:38:00,600,600,600,600,0
2022-05-09 11:39:00,600,600,600,600,0
2022-05-09 11:40:00,600,600,600,600,0
2022-05-09 11:41:00,600,600,600,600,0
2022-05-09 11:42:00,600,600,600,600,0
2022-05-09 11:43:00,600,600,600,600,0
2022-05-09 11:44:00,600,600,600,600,0
2022-05-09 11:45:00,600,600,600,600,0
2022-05-09 11:46:00,600,600,600,600,0
2022-05-09 11:47:00,600,600,600,600,0
2022-05-09 11:48:00,600,600,600,600,0
2022-05-09 11:49:00,600,600,600,600,0
2022-05-09 11:50:00,600,600,600,600,0
2022-05-09 11:51:00,600,600,600,600,0
2022-05-09 11:52:00,600,600,600,600,0
2022-05-09 11:53:00,600,600,600,600,0
2022-05-09 11:54:00,600,600,600,600,0
2022-05-09 11:55:00,600,600,600,600,0
2022-05-09 11:56:00,600,600,600,600,0
2022-05-09 11:57:00,600,600,600,600,0
2022-05-09 11:58:00,600,600,600,600,0
2022-05-09 11:59:00,600,600,600,600,0
2022-05-09 12:00:00,600,600,600,600,0
2022-05-09 12:01:00,600,600,600,600,0
2022-05-09 12:02:00,600,600,600,600,0
2022-05-09 12:03:00,600,600,600,600,0
2022-05-09 12:04:00,600,600,600,600,0
2022-05-09 12:05:00,600,600,600,600,0
2022-05-09 12:06:00,600,600,600,600,0
2022-05-09 12:07:00,600,600,600,600,0
2022-05-09 12:08:00,600,600,600,600,0
2022-05-09 12:09:00,600,600,600,600,0
2022-05-09 12:10:00,600,600,600,600,0
2022-05-09 12:11:00,600,600,600,600,0
2022-05-09 12:12:00,600,600,600,600,0
2022-05-09 12:13:00,600,600,600,600,0
2022-05-09 12:14:00,600,600,600,600,0
2022-05-09 12:15:00,600,600,600,600,0
2022-05-09 12:16:00,600,600,600,600,0
2022-05-09 12:17:00,600,600,600,600,0
2022-05-09 12:18:00,600,600,600,600,0
2022-05-09 12:19:00,600,600,600,600,0
2022-05-09 12:20:00,600,600,600,600,0
2022-05-09 12:21:00,600,600,600,600,0
2022-05-09 12:22:00,600,600,600,600,0
2022-05-09 12:23:00,600,600,600,600,0
2022-05-09 12:24:00,600,600,600,600,0
2022-05-09 12:25:00,600,600,600,600,0
2022-05-09 12:26:00,600,600,600,600,0
2022-05-09 12:27:00,600,600,600,600,0
2022-05-09 12:28:00,600,600,600,600,0
2022-05-09 12:29:00,600,600,600,600,0
2022-05-09 12:30:00,600,600,600,600,0
2022-05-09 12:31:00,600,600,600,600,0
2022-05-09 12:32:00,600,600,600,600,0
2022-05-09 12:33:00,600,600,600,600,0
2022-05-09 12:34:00,600,600,600,600,0
2022-05-09 12:35:00,600,600,600,600,0
2022-05-09 12:36:00,600,600,600,600,0
2022-05-09 12:37:00,600,600,600,600,0
2022-05-09 12:38:00,600,600,600,600,0
2022-05-09 12:39:00,600,600,600,600,0
2022-05-09 12:40:00,600,600,600,600,0
2022-05-09 12:41:00,600,600,600,600,0
2022-05-09 12:42:00,600,600,600,600,0
2022-05-09 12:43:00,600,600,600,600,0
2022-05-09 12:44:00,600,600,600,600,0
2022-05-09 12:45:00,600,600,600,600,0
2022-05-09 12:46:00,600,600,600,600,0
2022-05-09 12:47:00,600,600,600,600,0
2022-05-09 12:48:00,600,600,600,600,0
2022-05-09 12:49:00,600,600,600,600,0
2022-05-09 12:50:00,600,600,600,600,0
2022-05-09 12:51:00,600,600,600,600,0
2022-05-09 12:52:00,600,600,600,600,0
2022-05-09 12:53:00,600,600,600,600,0
2022-05-09 12:54:00,600,600,600,600,0
2022-05-09 12:55:00,600,600,600,600,0
2022-05-09 12:56:00,600,600,600,600,0
2022-05-09 12:57:00,600,600,600,600,0
2022-05-09 12:58:00,600,600,600,600,0
2022-05-09 12:59:00,600,600,600,600,0
2022-05-09 13:00:00,600,600,600,600,0
2022-05-09 13:01:00,600,600,600,600,0
2022-05-09 13:02:00,600,600,600,600,0
2022-05-09 13:03:00,600,600,600,600,0
2022-05-09 13:04:00,600,600,600,600,0
2022-05-09 13:05:00,600,600,600,600,0
2022-05-09 13:06:00,600,600,600,600,0
2022-05-09 13:07:00,600,600,600,600,0
2022-05-09 13:08:00,600,600,600,600,0
2022-05-09 13:09:00,600,600,600,600,0
2022-05-09 13:10:00,600,600,600,600,0
2022-05-09 13:11:00,600,600,600,600,0
2022-05-09 13:12:00,600,600,600,600,0
2022-05-09 13:13:00,600,600,600,600,0
2022-05-09 13:14:00,600,600,600,600,0
2022-05-09 13:15:00,600,600,600,600,0
2022-05-09 13:16:00,600,600,600,600,0
2022-05-09 13:17:00,600,600,600,600,0
2022-05-09 13:18:00,600,600,600,600,0
2022-05-09 13:19:00,600,600,600,600,0
2022-05-09 13:20:00,600,600,600,600,0
2022-05-09 13:21:00,600,600,600,600,0
2022-05-09 13:22:00,600,600,600,600,0
2022-05-09 13:23:00,600,600,600,600,0
2022-05-09 13:24:00,600,600,600,600,0
2022-05-09 13:25:00,600,600,600,600,0
2022-05-09 13:26:00,600,600,600,600,0
2022-05-09 13:27:00,600,600,600,600,0
2022-05-09 13:28:00,600,600,600,600,0
2022-05-09 13:29:00,600,600,600,600,0
2022-05-09 13:30:00,600,600,600,600,0
2022-05-09 13:31:00,600,600,600,600,0
2022-05-09 13:32:00,600,600,600,600,0
2022-05-09 13:33:00,600,600,600,600,0
2022-05-09 13:34:00,600,600,600,600,0
2022-05-09 13:35:00,595,595,595,595,1000
2022-05-09 13:36:00,595,595,600,600,1200
2022-05-09 13:37:00,595,595,600,600,0
2022-05-09 13:38:00,595,595,600,600,0
2022-05-09 13:39:00,600,600,600,600,200
2022-05-09 13:40:00,600,600,600,600,2000
2022-05-09 13:41:00,600,600,600,600,0
2022-05-09 13:42:00,600,600,600,600,0
2022-05-09 13:43:00,600,600,600,600,0
2022-05-09 13:44:00,600,600,600,600,0
2022-05-09 13:45:00,600,600,600,600,0
2022-05-09 13:46:00,600,600,600,600,0
2022-05-09 13:47:00,600,600,600,600,0
2022-05-09 13:48:00,600,600,600,600,0
2022-05-09 13:49:00,600,600,600,600,0
2022-05-09 13:50:00,600,600,600,600,0
2022-05-09 13:51:00,600,600,600,600,0
2022-05-09 13:52:00,600,600,600,600,0
2022-05-09 13:53:00,600,600,600,600,0
2022-05-09 13:54:00,600,600,600,600,0
2022-05-09 13:55:00,600,600,600,600,800
2022-05-09 13:56:00,600,600,600,600,0
2022-05-09 13:57:00,600,600,600,600,0
2022-05-09 13:58:00,600,600,600,600,0
2022-05-09 13:59:00,600,600,600,600,0
2022-05-09 14:00:00,600,600,600,600,0
2022-05-09 14:01:00,600,600,600,600,0
2022-05-09 14:02:00,600,600,600,600,0
2022-05-09 14:03:00,600,600,600,600,0
2022-05-09 14:04:00,600,600,600,600,0
2022-05-09 14:05:00,600,600,600,600,0
2022-05-09 14:06:00,600,600,600,600,0
2022-05-09 14:07:00,600,600,600,600,0
2022-05-09 14:08:00,600,600,600,600,0
2022-05-09 14:09:00,595,595,595,595,1400
2022-05-09 14:10:00,595,595,595,595,0
2022-05-09 14:11:00,595,595,595,595,4200
2022-05-09 14:12:00,595,595,595,595,0
2022-05-09 14:13:00,595,595,595,595,2500
2022-05-09 14:14:00,595,595,595,595,0
2022-05-09 14:15:00,590,590,590,590,10000
2022-05-09 14:16:00,590,590,590,590,900
2022-05-09 14:17:00,590,590,600,600,4000
2022-05-09 14:18:00,595,595,595,595,500
2022-05-09 14:19:00,600,600,600,600,400
2022-05-09 14:20:00,600,600,600,600,0
2022-05-09 14:21:00,595,595,600,600,1000
2022-05-09 14:22:00,595,595,600,600,0
2022-05-09 14:23:00,595,595,595,595,1100
2022-05-09 14:24:00,600,600,600,600,200
2022-05-09 14:25:00,595,595,595,595,700
2022-05-09 14:26:00,600,600,600,600,200
2022-05-09 14:27:00,600,600,600,600,500
2022-05-09 14:28:00,595,595,595,595,300
2022-05-09 14:29:00,595,595,595,595,300
2022-05-09 14:30:00,600,600,600,600,200
2022-05-09 14:31:00,600,600,600,600,0
2022-05-09 14:32:00,595,595,595,595,600
2022-05-09 14:33:00,595,595,600,600,300
2022-05-09 14:34:00,595,595,600,600,0
2022-05-09 14:35:00,595,595,600,600,0
2022-05-09 14:36:00,595,595,600,600,0
2022-05-09 14:37:00,595,595,600,600,0
2022-05-09 14:38:00,595,595,600,600,0
2022-05-09 14:39:00,595,595,600,600,0
2022-05-09 14:40:00,595,595,600,600,0
2022-05-09 14:41:00,595,595,600,600,0
2022-05-09 14:42:00,595,595,600,600,0
2022-05-09 14:43:00,595,595,600,600,0
2022-05-09 14:44:00,595,595,600,600,700
2022-05-09 14:45:00,590,590,590,590,900
2022-05-09 14:46:00,600,595,600,595,1100
2022-05-09 14:47:00,595,595,600,600,2000
2022-05-09 14:48:00,600,585,600,585,15400
2022-05-09 14:49:00,600,600,600,600,1500
2022-05-09 14:50:00,600,600,600,600,0
2022-05-09 14:51:00,600,600,600,600,0
2022-05-09 14:52:00,600,600,600,600,0
2022-05-09 14:53:00,600,600,600,600,0
2022-05-09 14:54:00,600,600,600,600,0
2022-05-09 14:55:00,600,600,600,600,0
2022-05-09 14:56:00,600,600,600,600,0
2022-05-09 14:57:00,600,600,600,600,0
2022-05-09 14:58:00,600,600,600,600,0
2022-05-09 14:59:00,600,600,600,600,0
2022-05-09 15:00:00,600,600,600,600,121600
2022-05-09 15:01:00,600,600,600,600,0
2022-05-09 15:02:00,600,600,600,600,0
2022-05-09 15:03:00,600,600,600,600,0
2022-05-09 15:04:00,600,600,600,600,0
2022-05-09 15:05:00,600,600,600,600,0
2022-05-09 15:06:00,600,600,600,600,0
2022-05-09 15:07:00,600,600,600,600,0
2022-05-09 15:08:00,600,600,600,600,0
2022-05-09 15:09:00,600,600,600,600,0
2022-05-09 15:10:00,600,600,600,600,0
2022-05-09 15:11:00,600,600,600,600,0
2022-05-09 15:12:00,600,600,600,600,0
2022-05-09 15:13:00,600,600,600,600,0
2022-05-09 15:14:00,600,600,600,600,0
2022-05-09 15:15:00,600,600,600,600,0
2022-05-09 15:16:00,600,600,600,600,0
2022-05-09 15:17:00,600,600,600,600,0
2022-05-09 15:18:00,600,600,600,600,0
2022-05-09 15:19:00,600,600,600,600,0
2022-05-09 15:20:00,600,600,600,600,0
2022-05-09 15:21:00,600,600,600,600,0
2022-05-09 15:22:00,600,600,600,600,0
2022-05-09 15:23:00,600,600,600,600,0
2022-05-09 15:24:00,600,600,600,600,0
2022-05-09 15:25:00,600,600,600,600,0
2022-05-09 15:26:00,600,600,600,600,0
2022-05-09 15:27:00,600,600,600,600,0
2022-05-09 15:28:00,600,600,600,600,0
2022-05-09 15:29:00,600,600,600,600,0
2022-05-09 15:30:00,600,600,600,600,0
2022-05-09 15:31:00,600,600,600,600,0
2022-05-09 15:32:00,600,600,600,600,0
2022-05-09 15:33:00,600,600,600,600,0
2022-05-09 15:34:00,600,600,600,600,0
2022-05-09 15:35:00,600,600,600,600,0
2022-05-09 15:36:00,600,600,600,600,0
2022-05-09 15:37:00,600,600,600,600,0
2022-05-09 15:38:00,600,600,600,600,0
2022-05-09 15:39:00,600,600,600,600,0
2022-05-09 15:40:00,600,600,600,600,0
2022-05-09 15:41:00,600,600,600,600,0
2022-05-09 15:42:00,600,600,600,600,0
2022-05-09 15:43:00,600,600,600,600,0
2022-05-09 15:44:00,600,600,600,600,0
2022-05-09 15:45:00,600,600,600,600,0
2022-05-09 15:46:00,600,600,600,600,0
2022-05-09 15:47:00,600,600,600,600,0
2022-05-09 15:48:00,600,600,600,600,0
2022-05-09 15:49:00,600,600,600,600,0
2022-05-09 15:50:00,600,600,600,600,0
2022-05-09 15:51:00,600,600,600,600,0
2022-05-09 15:52:00,600,600,600,600,0
2022-05-09 15:53:00,600,600,600,600,0
2022-05-09 15:54:00,600,600,600,600,0
2022-05-09 15:55:00,600,600,600,600,0
2022-05-09 15:56:00,600,600,600,600,0
2022-05-09 15:57:00,600,600,600,600,0
2022-05-09 15:58:00,600,600,600,600,0
2022-05-09 15:59:00,600,600,600,600,0
2022-05-10 09:00:00,600,600,600,600,0
2022-05-10 09:01:00,600,600,600,600,0
2022-05-10 09:02:00,600,600,600,600,0
2022-05-10 09:03:00,600,600,600,600,0
2022-05-10 09:04:00,600,600,600,600,0
2022-05-10 09:05:00,600,600,600,600,0
2022-05-10 09:06:00,600,600,600,600,0
2022-05-10 09:07:00,600,600,600,600,0
2022-05-10 09:08:00,600,600,600,600,0
2022-05-10 09:09:00,600,600,600,600,0
2022-05-10 09:10:00,600,600,600,600,0
2022-05-10 09:11:00,600,600,600,600,0
2022-05-10 09:12:00,600,600,600,600,0
2022-05-10 09:13:00,600,600,600,600,0
2022-05-10 09:14:00,600,600,600,600,0
2022-05-10 09:15:00,600,600,600,600,0
2022-05-10 09:16:00,600,600,600,600,0
2022-05-10 09:17:00,600,600,600,600,0
2022-05-10 09:18:00,600,600,600,600,0
2022-05-10 09:19:00,600,600,600,600,0
2022-05-10 09:20:00,600,600,600,600,0
2022-05-10 09:21:00,600,600,600,600,0
2022-05-10 09:22:00,600,600,600,600,0
2022-05-10 09:23:00,600,600,600,600,0
2022-05-10 09:24:00,600,600,600,600,0
2022-05-10 09:25:00,600,600,600,600,0
2022-05-10 09:26:00,600,600,600,600,0
2022-05-10 09:27:00,600,600,600,600,0
2022-05-10 09:28:00,600,600,600,600,0
2022-05-10 09:29:00,600,600,600,600,0
2022-05-10 09:30:00,600,600,600,600,0
2022-05-10 09:31:00,600,600,600,600,0
2022-05-10 09:32:00,600,600,600,600,0
2022-05-10 09:33:00,600,600,600,600,0
2022-05-10 09:34:00,600,600,600,600,0
2022-05-10 09:35:00,600,600,600,600,0
2022-05-10 09:36:00,600,600,600,600,0
2022-05-10 09:37:00,600,600,600,600,0
2022-05-10 09:38:00,600,600,600,600,0
2022-05-10 09:39:00,600,600,600,600,0
2022-05-10 09:40:00,600,600,600,600,0
2022-05-10 09:41:00,600,600,600,600,0
2022-05-10 09:42:00,600,600,600,600,0
2022-05-10 09:43:00,600,600,600,600,0
2022-05-10 09:44:00,600,600,600,600,0
2022-05-10 09:45:00,600,600,600,600,0
2022-05-10 09:46:00,600,600,600,600,0
2022-05-10 09:47:00,600,600,600,600,0
2022-05-10 09:48:00,600,600,600,600,0
2022-05-10 09:49:00,600,600,600,600,0
2022-05-10 09:50:00,600,600,600,600,0
2022-05-10 09:51:00,600,600,600,600,0
2022-05-10 09:52:00,600,600,600,600,0
2022-05-10 09:53:00,600,600,600,600,0
2022-05-10 09:54:00,600,600,600,600,0
2022-05-10 09:55:00,600,600,600,600,0
2022-05-10 09:56:00,600,600,600,600,0
2022-05-10 09:57:00,600,600,600,600,0
2022-05-10 09:58:00,600,600,600,600,0
2022-05-10 09:59:00,600,600,600,600,0
2022-05-10 10:00:00,600,600,600,600,0
2022-05-10 10:01:00,600,600,600,600,0
2022-05-10 10:02:00,600,600,600,600,0
2022-05-10 10:03:00,600,600,600,600,0
2022-05-10 10:04:00,600,600,600,600,0
2022-05-10 10:05:00,600,600,600,600,0
2022-05-10 10:06:00,600,600,600,600,0
2022-05-10 10:07:00,600,600,600,600,0
2022-05-10 10:08:00,600,600,600,600,0
2022-05-10 10:09:00,600,600,600,600,0
2022-05-10 10:10:00,600,600,600,600,0
2022-05-10 10:11:00,600,600,600,600,0
2022-05-10 10:12:00,600,600,600,600,0
2022-05-10 10:13:00,600,600,600,600,0
2022-05-10 10:14:00,600,600,600,600,0
2022-05-10 10:15:00,600,600,600,600,0
2022-05-10 10:16:00,600,600,600,600,0
2022-05-10 10:17:00,600,600,600,600,0
2022-05-10 10:18:00,600,600,600,600,0
2022-05-10 10:19:00,600,600,600,600,0
2022-05-10 10:20:00,600,600,600,600,0
2022-05-10 10:21:00,600,600,600,600,0
2022-05-10 10:22:00,600,600,600,600,0
2022-05-10 10:23:00,600,600,600,600,0
2022-05-10 10:24:00,600,600,600,600,0
2022-05-10 10:25:00,600,600,600,600,0
2022-05-10 10:26:00,600,600,600,600,0
2022-05-10 10:27:00,600,600,600,600,0
2022-05-10 10:28:00,600,600,600,600,0
2022-05-10 10:29:00,600,600,600,600,0
2022-05-10 10:30:00,600,600,600,600,0
2022-05-10 10:31:00,600,600,600,600,0
2022-05-10 10:32:00,600,600,600,600,0
2022-05-10 10:33:00,600,600,600,600,0
2022-05-10 10:34:00,600,600,600,600,0
2022-05-10 10:35:00,600,600,600,600,0
2022-05-10 10:36:00,600,600,600,600,0
2022-05-10 10:37:00,600,600,600,600,0
2022-05-10 10:38:00,600,600,600,600,0
2022-05-10 10:39:00,600,600,600,600,0
2022-05-10 10:40:00,600,600,600,600,0
2022-05-10 10:41:00,600,600,600,600,0
2022-05-10 10:42:00,600,600,600,600,0
2022-05-10 10:43:00,600,600,600,600,0
2022-05-10 10:44:00,600,600,600,600,0
2022-05-10 10:45:00,600,600,600,600,0
2022-05-10 10:46:00,600,600,600,600,0
2022-05-10 10:47:00,600,600,600,600,0
2022-05-10 10:48:00,600,600,600,600,0
2022-05-10 10:49:00,600,600,600,600,0
2022-05-10 10:50:00,600,600,600,600,0
2022-05-10 10:51:00,600,600,600,600,0
2022-05-10 10:52:00,600,600,600,600,0
2022-05-10 10:53:00,600,600,600,600,0
2022-05-10 10:54:00,600,600,600,600,0
2022-05-10 10:55:00,600,600,600,600,0
2022-05-10 10:56:00,600,600,600,600,0
2022-05-10 10:57:00,600,600,600,600,0
2022-05-10 10:58:00,600,600,600,600,0
2022-05-10 10:59:00,600,600,600,600,0
2022-05-10 11:00:00,600,600,600,600,0
2022-05-10 11:01:00,600,600,600,600,0
2022-05-10 11:02:00,600,600,600,600,0
2022-05-10 11:03:00,600,600,600,600,0
2022-05-10 11:04:00,600,600,600,600,0
2022-05-10 11:05:00,600,600,600,600,0
2022-05-10 11:06:00,600,600,600,600,0
2022-05-10 11:07:00,600,600,600,600,0
2022-05-10 11:08:00,600,600,600,600,0
2022-05-10 11:09:00,600,600,600,600,0
2022-05-10 11:10:00,600,600,600,600,0
2022-05-10 11:11:00,600,600,600,600,0
2022-05-10 11:12:00,600,600,600,600,0
2022-05-10 11:13:00,600,600,600,600,0
2022-05-10 11:14:00,600,600,600,600,0
2022-05-10 11:15:00,600,600,600,600,0
2022-05-10 11:16:00,600,600,600,600,0
2022-05-10 11:17:00,600,600,600,600,0
2022-05-10 11:18:00,600,600,600,600,0
2022-05-10 11:19:00,600,600,600,600,0
2022-05-10 11:20:00,600,600,600,600,0
2022-05-10 11:21:00,600,600,600,600,0
2022-05-10 11:22:00,600,600,600,600,0
2022-05-10 11:23:00,600,600,600,600,0
2022-05-10 11:24:00,600,600,600,600,0
2022-05-10 11:25:00,600,600,600,600,0
2022-05-10 11:26:00,600,600,600,600,0
2022-05-10 11:27:00,600,600,600,600,0
2022-05-10 11:28:00,600,600,600,600,0
2022-05-10 11:29:00,600,600,600,600,0
2022-05-10 11:30:00,600,600,600,600,0
2022-05-10 11:31:00,600,600,600,600,0
2022-05-10 11:32:00,600,600,600,600,0
2022-05-10 11:33:00,600,600,600,600,0
2022-05-10 11:34:00,600,600,600,600,0
2022-05-10 11:35:00,600,600,600,600,0
2022-05-10 11:36:00,600,600,600,600,0
2022-05-10 11:37:00,600,600,600,600,0
2022-05-10 11:38:00,600,600,600,600,0
2022-05-10 11:39:00,600,600,600,600,0
2022-05-10 11:40:00,600,600,600,600,0
2022-05-10 11:41:00,600,600,600,600,0
2022-05-10 11:42:00,600,600,600,600,0
2022-05-10 11:43:00,600,600,600,600,0
2022-05-10 11:44:00,600,600,600,600,0
2022-05-10 11:45:00,600,600,600,600,0
2022-05-10 11:46:00,600,600,600,600,0
2022-05-10 11:47:00,600,600,600,600,0
2022-05-10 11:48:00,600,600,600,600,0
2022-05-10 11:49:00,600,600,600,600,0
2022-05-10 11:50:00,600,600,600,600,0
2022-05-10 11:51:00,600,600,600,600,0
2022-05-10 11:52:00,600,600,600,600,0
2022-05-10 11:53:00,600,600,600,600,0
2022-05-10 11:54:00,600,600,600,600,0
2022-05-10 11:55:00,600,600,600,600,0
2022-05-10 11:56:00,600,600,600,600,0
2022-05-10 11:57:00,600,600,600,600,0
2022-05-10 11:58:00,600,600,600,600,0
2022-05-10 11:59:00,600,600,600,600,0
2022-05-10 12:00:00,600,600,600,600,0
2022-05-10 12:01:00,600,600,600,600,0
2022-05-10 12:02:00,600,600,600,600,0
2022-05-10 12:03:00,600,600,600,600,0
2022-05-10 12:04:00,600,600,600,600,0
2022-05-10 12:05:00,600,600,600,600,0
2022-05-10 12:06:00,600,600,600,600,0
2022-05-10 12:07:00,600,600,600,600,0
2022-05-10 12:08:00,600,600,600,600,0
2022-05-10 12:09:00,600,600,600,600,0
2022-05-10 12:10:00,600,600,600,600,0
2022-05-10 12:11:00,600,600,600,600,0
2022-05-10 12:12:00,600,600,600,600,0
2022-05-10 12:13:00,600,600,600,600,0
2022-05-10 12:14:00,600,600,600,600,0
2022-05-10 12:15:00,600,600,600,600,0
2022-05-10 12:16:00,600,600,600,600,0
2022-05-10 12:17:00,600,600,600,600,0
2022-05-10 12:18:00,600,600,600,600,0
2022-05-10 12:19:00,600,600,600,600,0
2022-05-10 12:20:00,600,600,600,600,0
2022-05-10 12:21:00,600,600,600,600,0
2022-05-10 12:22:00,600,600,600,600,0
2022-05-10 12:23:00,600,600,600,600,0
2022-05-10 12:24:00,600,600,600,600,0
2022-05-10 12:25:00,600,600,600,600,0
2022-05-10 12:26:00,600,600,600,600,0
2022-05-10 12:27:00,600,600,600,600,0
2022-05-10 12:28:00,600,600,600,600,0
2022-05-10 12:29:00,600,600,600,600,0
2022-05-10 12:30:00,600,600,600,600,0
2022-05-10 12:31:00,600,600,600,600,0
2022-05-10 12:32:00,600,600,600,600,0
2022-05-10 12:33:00,600,600,600,600,0
2022-05-10 12:34:00,600,600,600,600,0
2022-05-10 12:35:00,600,600,600,600,0
2022-05-10 12:36:00,600,600,600,600,0
2022-05-10 12:37:00,600,600,600,600,0
2022-05-10 12:38:00,600,600,600,600,0
2022-05-10 12:39:00,600,600,600,600,0
2022-05-10 12:40:00,600,600,600,600,0
2022-05-10 12:41:00,600,600,600,600,0
2022-05-10 12:42:00,600,600,600,600,0
2022-05-10 12:43:00,600,600,600,600,0
2022-05-10 12:44:00,600,600,600,600,0
2022-05-10 12:45:00,600,600,600,600,0
2022-05-10 12:46:00,600,600,600,600,0
2022-05-10 12:47:00,600,600,600,600,0
2022-05-10 12:48:00,600,600,600,600,0
2022-05-10 12:49:00,600,600,600,600,0
2022-05-10 12:50:00,600,600,600,600,0
2022-05-10 12:51:00,600,600,600,600,0
2022-05-10 12:52:00,600,600,600,600,0
2022-05-10 12:53:00,600,600,600,600,0
2022-05-10 12:54:00,600,600,600,600,0
2022-05-10 12:55:00,600,600,600,600,0
2022-05-10 12:56:00,600,600,600,600,0
2022-05-10 12:57:00,600,600,600,600,0
2022-05-10 12:58:00,600,600,600,600,0
2022-05-10 12:59:00,600,600,600,600,0
2022-05-10 13:00:00,600,600,600,600,0
2022-05-10 13:01:00,600,600,600,600,0
2022-05-10 13:02:00,600,600,600,600,0
2022-05-10 13:03:00,600,600,600,600,0
2022-05-10 13:04:00,600,600,600,600,0
2022-05-10 13:05:00,600,600,600,600,0
2022-05-10 13:06:00,600,600,600,600,0
2022-05-10 13:07:00,600,600,600,600,0
2022-05-10 13:08:00,600,600,600,600,0
2022-05-10 13:09:00,600,600,600,600,0
2022-05-10 13:10:00,600,600,600,600,0
2022-05-10 13:11:00,600,600,600,600,0
2022-05-10 13:12:00,600,600,600,600,0
2022-05-10 13:13:00,600,600,600,600,0
2022-05-10 13:14:00,600,600,600,600,0
2022-05-10 13:15:00,600,600,600,600,0
2022-05-10 13:16:00,600,600,600,600,0
2022-05-10 13:17:00,600,600,600,600,0
2022-05-10 13:18:00,600,600,600,600,0
2022-05-10 13:19:00,600,600,600,600,0
2022-05-10 13:20:00,600,600,600,600,0
2022-05-10 13:21:00,600,600,600,600,0
2022-05-10 13:22:00,600,600,600,600,0
2022-05-10 13:23:00,600,600,600,600,0
2022-05-10 13:24:00,600,600,600,600,0
2022-05-10 13:25:00,600,600,600,600,0
2022-05-10 13:26:00,600,600,600,600,0
2022-05-10 13:27:00,600,600,600,600,0
2022-05-10 13:28:00,600,600,600,600,0
2022-05-10 13:29:00,600,600,600,600,0
2022-05-10 13:30:00,600,600,600,600,0
2022-05-10 13:31:00,600,600,600,600,0
2022-05-10 13:32:00,600,600,600,600,0
2022-05-10 13:33:00,600,600,600,600,0
2022-05-10 13:34:00,600,600,600,600,0
2022-05-10 13:35:00,600,600,600,600,0
2022-05-10 13:36:00,600,600,600,600,0
2022-05-10 13:37:00,600,600,600,600,0
2022-05-10 13:38:00,600,600,600,600,0
2022-05-10 13:39:00,600,600,600,600,0
2022-05-10 13:40:00,600,600,600,600,0
2022-05-10 13:41:00,600,600,600,600,0
2022-05-10 13:42:00,600,600,600,600,0
2022-05-10 13:43:00,600,600,600,600,0
2022-05-10 13:44:00,600,600,600,600,0
2022-05-10 13:45:00,600,600,600,600,0
2022-05-10 13:46:00,600,600,600,600,0
2022-05-10 13:47:00,600,600,600,600,0
2022-05-10 13:48:00,600,600,600,600,0
2022-05-10 13:49:00,600,600,600,600,0
2022-05-10 13:50:00,600,600,600,600,0
2022-05-10 13:51:00,600,600,600,600,0
2022-05-10 13:52:00,600,600,600,600,0
2022-05-10 13:53:00,600,600,600,600,0
2022-05-10 13:54:00,600,600,600,600,0
2022-05-10 13:55:00,600,600,600,600,0
2022-05-10 13:56:00,600,600,600,600,0
2022-05-10 13:57:00,600,600,600,600,0
2022-05-10 13:58:00,600,600,600,600,0
2022-05-10 13:59:00,600,600,600,600,0
2022-05-10 14:00:00,600,600,600,600,0
2022-05-10 14:01:00,600,600,600,600,0
2022-05-10 14:02:00,600,600,600,600,0
2022-05-10 14:03:00,600,600,600,600,0
2022-05-10 14:04:00,600,600,600,600,0
2022-05-10 14:05:00,600,600,600,600,0
2022-05-10 14:06:00,600,600,600,600,0
2022-05-10 14:07:00,600,600,600,600,0
2022-05-10 14:08:00,600,600,600,600,0
2022-05-10 14:09:00,600,600,600,600,0
2022-05-10 14:10:00,600,600,600,600,0
2022-05-10 14:11:00,600,600,600,600,0
2022-05-10 14:12:00,600,600,600,600,0
2022-05-10 14:13:00,600,600,600,600,0
2022-05-10 14:14:00,600,600,600,600,0
2022-05-10 14:15:00,600,600,600,600,0
2022-05-10 14:16:00,600,600,600,600,0
2022-05-10 14:17:00,600,600,600,600,0
2022-05-10 14:18:00,600,600,600,600,0
2022-05-10 14:19:00,600,600,600,600,0
2022-05-10 14:20:00,600,600,600,600,0
2022-05-10 14:21:00,600,600,600,600,0
2022-05-10 14:22:00,600,600,600,600,0
2022-05-10 14:23:00,600,600,600,600,0
2022-05-10 14:24:00,600,600,600,600,0
2022-05-10 14:25:00,600,600,600,600,0
2022-05-10 14:26:00,600,600,600,600,0
2022-05-10 14:27:00,600,600,600,600,0
2022-05-10 14:28:00,600,600,600,600,0
2022-05-10 14:29:00,600,600,600,600,0
2022-05-10 14:30:00,600,600,600,600,0
2022-05-10 14:31:00,600,600,600,600,0
2022-05-10 14:32:00,600,600,600,600,0
2022-05-10 14:33:00,600,600,600,600,0
2022-05-10 14:34:00,600,600,600,600,0
2022-05-10 14:35:00,600,600,600,600,0
2022-05-10 14:36:00,600,600,600,600,0
2022-05-10 14:37:00,600,600,600,600,0
2022-05-10 14:38:00,600,600,600,600,0
2022-05-10 14:39:00,600,600,600,600,0
2022-05-10 14:40:00,600,600,600,600,0
2022-05-10 14:41:00,600,600,600,600,0
2022-05-10 14:42:00,600,600,600,600,0
2022-05-10 14:43:00,600,600,600,600,0
2022-05-10 14:44:00,600,600,600,600,0
2022-05-10 14:45:00,600,600,600,600,0
2022-05-10 14:46:00,600,600,600,600,0
2022-05-10 14:47:00,600,600,600,600,0
2022-05-10 14:48:00,600,600,600,600,0
2022-05-10 14:49:00,600,600,600,600,0
2022-05-10 14:50:00,600,600,600,600,0
2022-05-10 14:51:00,600,600,600,600,0
2022-05-10 14:52:00,600,600,600,600,0
2022-05-10 14:53:00,600,600,600,600,0
2022-05-10 14:54:00,600,600,600,600,0
2022-05-10 14:55:00,600,600,600,600,0
2022-05-10 14:56:00,600,600,600,600,0
2022-05-10 14:57:00,600,600,600,600,0
2022-05-10 14:58:00,600,600,600,600,0
2022-05-10 14:59:00,600,600,600,600,0
2022-05-10 15:00:00,600,600,600,600,0
2022-05-10 15:01:00,600,600,600,600,0
2022-05-10 15:02:00,600,600,600,600,0
2022-05-10 15:03:00,600,600,600,600,0
2022-05-10 15:04:00,600,600,600,600,0
2022-05-10 15:05:00,600,600,600,600,0
2022-05-10 15:06:00,600,600,600,600,0
2022-05-10 15:07:00,600,600,600,600,0
2022-05-10 15:08:00,600,600,600,600,0
2022-05-10 15:09:00,600,600,600,600,0
2022-05-10 15:10:00,600,600,600,600,0
2022-05-10 15:11:00,600,600,600,600,0
2022-05-10 15:12:00,600,600,600,600,0
2022-05-10 15:13:00,600,600,600,600,0
2022-05-10 15:14:00,600,600,600,600,0
2022-05-10 15:15:00,600,600,600,600,0
2022-05-10 15:16:00,600,600,600,600,0
2022-05-10 15:17:00,600,600,600,600,0
2022-05-10 15:18:00,600,600,600,600,0
2022-05-10 15:19:00,600,600,600,600,0
2022-05-10 15:20:00,600,600,600,600,0
2022-05-10 15:21:00,600,600,600,600,0
2022-05-10 15:22:00,600,600,600,600,0
2022-05-10 15:23:00,600,600,600,600,0
2022-05-10 15:24:00,600,600,600,600,0
2022-05-10 15:25:00,600,600,600,600,0
2022-05-10 15:26:00,600,600,600,600,0
2022-05-10 15:27:00,600,600,600,600,0
2022-05-10 15:28:00,600,600,600,600,0
2022-05-10 15:29:00,600,600,600,600,0
2022-05-10 15:30:00,600,600,600,600,0
2022-05-10 15:31:00,600,600,600,600,0
2022-05-10 15:32:00,600,600,600,600,0
2022-05-10 15:33:00,600,600,600,600,0
2022-05-10 15:34:00,600,600,600,600,0
2022-05-10 15:35:00,600,600,600,600,0
2022-05-10 15:36:00,600,600,600,600,0
2022-05-10 15:37:00,600,600,600,600,0
2022-05-10 15:38:00,600,600,600,600,0
2022-05-10 15:39:00,600,600,600,600,0
2022-05-10 15:40:00,600,600,600,600,0
2022-05-10 15:41:00,600,600,600,600,0
2022-05-10 15:42:00,600,600,600,600,0
2022-05-10 15:43:00,600,600,600,600,0
2022-05-10 15:44:00,600,600,600,600,0
2022-05-10 15:45:00,600,600,600,600,0
2022-05-10 15:46:00,600,600,600,600,0
2022-05-10 15:47:00,600,600,600,600,0
2022-05-10 15:48:00,600,600,600,600,0
2022-05-10 15:49:00,600,600,600,600,0
2022-05-10 15:50:00,600,600,600,600,0
2022-05-10 15:51:00,600,600,600,600,0
2022-05-10 15:52:00,600,600,600,600,0
2022-05-10 15:53:00,600,600,600,600,0
2022-05-10 15:54:00,600,600,600,600,0
2022-05-10 15:55:00,600,600,600,600,0
2022-05-10 15:56:00,600,600,600,600,0
2022-05-10 15:57:00,600,600,600,600,0
2022-05-10 15:58:00,600,600,600,600,0
2022-05-10 15:59:00,600,600,600,600,0
2022-05-11 09:00:00,600,600,600,600,900
2022-05-11 09:01:00,600,600,600,600,0
2022-05-11 09:02:00,600,600,600,600,0
2022-05-11 09:03:00,600,600,600,600,0
2022-05-11 09:04:00,600,600,600,600,0
2022-05-11 09:05:00,600,600,600,600,0
2022-05-11 09:06:00,600,600,600,600,0
2022-05-11 09:07:00,600,600,600,600,0
2022-05-11 09:08:00,600,600,600,600,0
2022-05-11 09:09:00,600,600,600,600,0
2022-05-11 09:10:00,600,600,600,600,0
2022-05-11 09:11:00,600,600,600,600,0
2022-05-11 09:12:00,600,600,600,600,0
2022-05-11 09:13:00,600,600,600,600,0
2022-05-11 09:14:00,600,600,600,600,0
2022-05-11 09:15:00,600,600,600,600,0
2022-05-11 09:16:00,600,600,600,600,0
2022-05-11 09:17:00,600,600,600,600,0
2022-05-11 09:18:00,600,600,600,600,0
2022-05-11 09:19:00,600,600,600,600,0
2022-05-11 09:20:00,595,595,595,595,100
2022-05-11 09:21:00,595,595,595,595,0
2022-05-11 09:22:00,600,600,600,600,300
2022-05-11 09:23:00,600,600,600,600,0
2022-05-11 09:24:00,600,600,600,600,0
2022-05-11 09:25:00,600,600,600,600,0
2022-05-11 09:26:00,600,600,600,600,0
2022-05-11 09:27:00,600,600,600,600,0
2022-05-11 09:28:00,600,600,600,600,0
2022-05-11 09:29:00,600,600,600,600,0
2022-05-11 09:30:00,600,600,600,600,0
2022-05-11 09:31:00,600,600,600,600,0
2022-05-11 09:32:00,600,600,600,600,0
2022-05-11 09:33:00,600,600,600,600,0
2022-05-11 09:34:00,600,600,600,600,0
2022-05-11 09:35:00,600,600,600,600,0
2022-05-11 09:36:00,600,600,600,600,0
2022-05-11 09:37:00,600,600,600,600,0
2022-05-11 09:38:00,600,600,600,600,0
2022-05-11 09:39:00,600,600,600,600,0
2022-05-11 09:40:00,600,600,600,600,0
2022-05-11 09:41:00,600,600,600,600,0
2022-05-11 09:42:00,600,600,600,600,0
2022-05-11 09:43:00,600,600,600,600,0
2022-05-11 09:44:00,600,600,600,600,0
2022-05-11 09:45:00,600,600,600,600,0
2022-05-11 09:46:00,600,600,600,600,0
2022-05-11 09:47:00,600,600,600,600,0
2022-05-11 09:48:00,600,600,600,600,0
2022-05-11 09:49:00,600,600,600,600,0
2022-05-11 09:50:00,600,600,600,600,0
2022-05-11 09:51:00,600,600,600,600,0
2022-05-11 09:52:00,600,600,600,600,0
2022-05-11 09:53:00,600,600,600,600,0
2022-05-11 09:54:00,600,600,600,600,0
2022-05-11 09:55:00,600,600,600,600,0
2022-05-11 09:56:00,600,600,600,600,0
2022-05-11 09:57:00,600,600,600,600,0
2022-05-11 09:58:00,600,600,600,600,0
2022-05-11 09:59:00,600,600,600,600,0
2022-05-11 10:00:00,600,600,600,600,0
2022-05-11 10:01:00,600,600,600,600,0
2022-05-11 10:02:00,600,600,600,600,0
2022-05-11 10:03:00,600,600,600,600,0
2022-05-11 10:04:00,600,600,600,600,0
2022-05-11 10:05:00,600,600,600,600,0
2022-05-11 10:06:00,600,600,600,600,0
2022-05-11 10:07:00,600,600,600,600,0
2022-05-11 10:08:00,600,600,600,600,0
2022-05-11 10:09:00,600,600,600,600,0
2022-05-11 10:10:00,600,600,600,600,200
2022-05-11 10:11:00,600,600,600,600,0
2022-05-11 10:12:00,600,600,600,600,0
2022-05-11 10:13:00,600,600,600,600,0
2022-05-11 10:14:00,600,600,600,600,0
2022-05-11 10:15:00,600,600,600,600,0
2022-05-11 10:16:00,600,600,600,600,800
2022-05-11 10:17:00,600,600,600,600,0
2022-05-11 10:18:00,600,600,600,600,0
2022-05-11 10:19:00,600,600,600,600,0
2022-05-11 10:20:00,600,600,600,600,0
2022-05-11 10:21:00,600,600,600,600,0
2022-05-11 10:22:00,600,600,600,600,0
2022-05-11 10:23:00,600,600,600,600,0
2022-05-11 10:24:00,600,600,600,600,0
2022-05-11 10:25:00,600,600,600,600,0
2022-05-11 10:26:00,600,600,600,600,0
2022-05-11 10:27:00,600,600,600,600,0
2022-05-11 10:28:00,600,600,600,600,0
2022-05-11 10:29:00,600,600,600,600,0
2022-05-11 10:30:00,600,600,600,600,0
2022-05-11 10:31:00,600,600,600,600,0
2022-05-11 10:32:00,600,600,600,600,0
2022-05-11 10:33:00,600,600,600,600,0
2022-05-11 10:34:00,600,600,600,600,0
2022-05-11 10:35:00,600,600,600,600,0
2022-05-11 10:36:00,600,600,600,600,0
2022-05-11 10:37:00,600,600,600,600,0
2022-05-11 10:38:00,600,600,600,600,0
2022-05-11 10:39:00,600,600,600,600,0
2022-05-11 10:40:00,600,600,600,600,0
2022-05-11 10:41:00,600,600,600,600,0
2022-05-11 10:42:00,600,600,600,600,0
2022-05-11 10:43:00,600,600,600,600,0
2022-05-11 10:44:00,600,600,600,600,0
2022-05-11 10:45:00,600,600,600,600,0
2022-05-11 10:46:00,600,600,600,600,0
2022-05-11 10:47:00,600,600,600,600,0
2022-05-11 10:48:00,600,600,600,600,0
2022-05-11 10:49:00,600,600,600,600,0
2022-05-11 10:50:00,600,600,600,600,0
2022-05-11 10:51:00,600,600,600,600,0
2022-05-11 10:52:00,595,595,595,595,700
2022-05-11 10:53:00,600,600,600,600,300
2022-05-11 10:54:00,600,600,600,600,0
2022-05-11 10:55:00,600,600,600,600,0
2022-05-11 10:56:00,600,600,600,600,0
2022-05-11 10:57:00,600,600,600,600,0
2022-05-11 10:58:00,600,600,600,600,0
2022-05-11 10:59:00,600,600,600,600,0
2022-05-11 11:00:00,600,600,600,600,0
2022-05-11 11:01:00,600,600,600,600,0
2022-05-11 11:02:00,600,600,600,600,0
2022-05-11 11:03:00,600,600,600,600,0
2022-05-11 11:04:00,600,600,600,600,0
2022-05-11 11:05:00,600,600,600,600,0
2022-05-11 11:06:00,600,600,600,600,0
2022-05-11 11:07:00,600,600,600,600,0
2022-05-11 11:08:00,600,600,600,600,0
2022-05-11 11:09:00,600,600,600,600,0
2022-05-11 11:10:00,600,600,600,600,0
2022-05-11 11:11:00,600,600,600,600,500
2022-05-11 11:12:00,600,600,600,600,0
2022-05-11 11:13:00,600,600,600,600,0
2022-05-11 11:14:00,600,600,600,600,0
2022-05-11 11:15:00,600,600,600,600,0
2022-05-11 11:16:00,600,600,600,600,0
2022-05-11 11:17:00,600,600,600,600,0
2022-05-11 11:18:00,600,600,600,600,0
2022-05-11 11:19:00,600,600,600,600,0
2022-05-11 11:20:00,600,600,600,600,0
2022-05-11 11:21:00,600,600,600,600,0
2022-05-11 11:22:00,600,600,600,600,0
2022-05-11 11:23:00,600,600,600,600,0
2022-05-11 11:24:00,600,600,600,600,0
2022-05-11 11:25:00,600,600,600,600,400
2022-05-11 11:26:00,600,600,600,600,0
2022-05-11 11:27:00,600,600,600,600,0
2022-05-11 11:28:00,600,600,600,600,0
2022-05-11 11:29:00,600,600,600,600,0
2022-05-11 11:30:00,600,600,600,600,0
2022-05-11 11:31:00,600,600,600,600,0
2022-05-11 11:32:00,600,600,600,600,0
2022-05-11 11:33:00,600,600,600,600,0
2022-05-11 11:34:00,600,600,600,600,0
2022-05-11 11:35:00,600,600,600,600,0
2022-05-11 11:36:00,600,600,600,600,0
2022-05-11 11:37:00,600,600,600,600,0
2022-05-11 11:38:00,600,600,600,600,0
2022-05-11 11:39:00,600,600,600,600,0
2022-05-11 11:40:00,600,600,600,600,0
2022-05-11 11:41:00,600,600,600,600,0
2022-05-11 11:42:00,600,600,600,600,0
2022-05-11 11:43:00,600,600,600,600,0
2022-05-11 11:44:00,600,600,600,600,0
2022-05-11 11:45:00,600,600,600,600,0
2022-05-11 11:46:00,600,600,600,600,0
2022-05-11 11:47:00,600,600,600,600,0
2022-05-11 11:48:00,600,600,600,600,0
2022-05-11 11:49:00,600,600,600,600,0
2022-05-11 11:50:00,600,600,600,600,0
2022-05-11 11:51:00,600,600,600,600,0
2022-05-11 11:52:00,600,600,600,600,0
2022-05-11 11:53:00,600,600,600,600,0
2022-05-11 11:54:00,600,600,600,600,0
2022-05-11 11:55:00,600,600,600,600,0
2022-05-11 11:56:00,600,600,600,600,0
2022-05-11 11:57:00,600,600,600,600,0
2022-05-11 11:58:00,600,600,600,600,0
2022-05-11 11:59:00,600,600,600,600,0
2022-05-11 12:00:00,600,600,600,600,0
2022-05-11 12:01:00,600,600,600,600,0
2022-05-11 12:02:00,600,600,600,600,0
2022-05-11 12:03:00,600,600,600,600,0
2022-05-11 12:04:00,600,600,600,600,0
2022-05-11 12:05:00,600,600,600,600,0
2022-05-11 12:06:00,600,600,600,600,0
2022-05-11 12:07:00,600,600,600,600,0
2022-05-11 12:08:00,600,600,600,600,0
2022-05-11 12:09:00,600,600,600,600,0
2022-05-11 12:10:00,600,600,600,600,0
2022-05-11 12:11:00,600,600,600,600,0
2022-05-11 12:12:00,600,600,600,600,0
2022-05-11 12:13:00,600,600,600,600,0
2022-05-11 12:14:00,600,600,600,600,0
2022-05-11 12:15:00,600,600,600,600,0
2022-05-11 12:16:00,600,600,600,600,0
2022-05-11 12:17:00,600,600,600,600,0
2022-05-11 12:18:00,600,600,600,600,0
2022-05-11 12:19:00,600,600,600,600,0
2022-05-11 12:20:00,600,600,600,600,0
2022-05-11 12:21:00,600,600,600,600,0
2022-05-11 12:22:00,600,600,600,600,0
2022-05-11 12:23:00,600,600,600,600,0
2022-05-11 12:24:00,600,600,600,600,0
2022-05-11 12:25:00,600,600,600,600,0
2022-05-11 12:26:00,600,600,600,600,0
2022-05-11 12:27:00,600,600,600,600,0
2022-05-11 12:28:00,600,600,600,600,0
2022-05-11 12:29:00,600,600,600,600,0
2022-05-11 12:30:00,600,600,600,600,0
2022-05-11 12:31:00,600,600,600,600,0
2022-05-11 12:32:00,600,600,600,600,0
2022-05-11 12:33:00,600,600,600,600,0
2022-05-11 12:34:00,600,600,600,600,0
2022-05-11 12:35:00,600,600,600,600,0
2022-05-11 12:36:00,600,600,600,600,0
2022-05-11 12:37:00,600,600,600,600,0
2022-05-11 12:38:00,600,600,600,600,0
2022-05-11 12:39:00,600,600,600,600,0
2022-05-11 12:40:00,600,600,600,600,0
2022-05-11 12:41:00,600,600,600,600,0
2022-05-11 12:42:00,600,600,600,600,0
2022-05-11 12:43:00,600,600,600,600,0
2022-05-11 12:44:00,600,600,600,600,0
2022-05-11 12:45:00,600,600,600,600,0
2022-05-11 12:46:00,600,600,600,600,0
2022-05-11 12:47:00,600,600,600,600,0
2022-05-11 12:48:00,600,600,600,600,0
2022-05-11 12:49:00,600,600,600,600,0
2022-05-11 12:50:00,600,600,600,600,0
2022-05-11 12:51:00,600,600,600,600,0
2022-05-11 12:52:00,600,600,600,600,0
2022-05-11 12:53:00,600,600,600,600,0
2022-05-11 12:54:00,600,600,600,600,0
2022-05-11 12:55:00,600,600,600,600,0
2022-05-11 12:56:00,600,600,600,600,0
2022-05-11 12:57:00,600,600,600,600,0
2022-05-11 12:58:00,600,600,600,600,0
2022-05-11 12:59:00,600,600,600,600,0
2022-05-11 13:00:00,600,600,600,600,0
2022-05-11 13:01:00,600,600,600,600,0
2022-05-11 13:02:00,600,600,600,600,0
2022-05-11 13:03:00,600,600,600,600,0
2022-05-11 13:04:00,600,600,600,600,0
2022-05-11 13:05:00,600,600,600,600,0
2022-05-11 13:06:00,600,600,600,600,0
2022-05-11 13:07:00,600,600,600,600,0
2022-05-11 13:08:00,600,600,600,600,0
2022-05-11 13:09:00,600,600,600,600,0
2022-05-11 13:10:00,600,600,600,600,0
2022-05-11 13:11:00,600,600,600,600,0
2022-05-11 13:12:00,600,600,600,600,0
2022-05-11 13:13:00,600,600,600,600,0
2022-05-11 13:14:00,600,600,600,600,0
2022-05-11 13:15:00,600,600,600,600,0
2022-05-11 13:16:00,600,600,600,600,0
2022-05-11 13:17:00,600,600,600,600,0
2022-05-11 13:18:00,600,600,600,600,0
2022-05-11 13:19:00,600,600,600,600,0
2022-05-11 13:20:00,600,600,600,600,0
2022-05-11 13:21:00,600,600,600,600,0
2022-05-11 13:22:00,600,600,600,600,0
2022-05-11 13:23:00,600,600,600,600,0
2022-05-11 13:24:00,600,600,600,600,0
2022-05-11 13:25:00,600,600,600,600,0
2022-05-11 13:26:00,600,600,600,600,0
2022-05-11 13:27:00,600,600,600,600,0
2022-05-11 13:28:00,600,600,600,600,0
2022-05-11 13:29:00,600,600,600,600,0
2022-05-11 13:30:00,595,595,595,595,900
2022-05-11 13:31:00,600,600,600,600,300
2022-05-11 13:32:00,600,600,600,600,200
2022-05-11 13:33:00,600,600,600,600,0
2022-05-11 13:34:00,600,600,600,600,0
2022-05-11 13:35:00,600,595,600,595,1400
2022-05-11 13:36:00,600,600,600,600,200
2022-05-11 13:37:00,600,600,600,600,0
2022-05-11 13:38:00,600,600,600,600,0
2022-05-11 13:39:00,600,600,600,600,0
2022-05-11 13:40:00,600,600,600,600,0
2022-05-11 13:41:00,595,595,600,600,500
2022-05-11 13:42:00,600,600,600,600,200
2022-05-11 13:43:00,595,595,600,600,400
2022-05-11 13:44:00,595,595,600,600,0
2022-05-11 13:45:00,595,595,600,600,0
2022-05-11 13:46:00,595,595,595,595,100
2022-05-11 13:47:00,600,600,600,600,300
2022-05-11 13:48:00,600,600,600,600,0
2022-05-11 13:49:00,600,600,600,600,0
2022-05-11 13:50:00,600,600,600,600,0
2022-05-11 13:51:00,600,600,600,600,0
2022-05-11 13:52:00,600,600,600,600,0
2022-05-11 13:53:00,600,600,600,600,0
2022-05-11 13:54:00,600,600,600,600,0
2022-05-11 13:55:00,600,600,600,600,0
2022-05-11 13:56:00,600,600,600,600,0
2022-05-11 13:57:00,595,595,595,595,400
2022-05-11 13:58:00,595,595,595,595,4700
2022-05-11 13:59:00,595,595,600,600,5100
2022-05-11 14:00:00,595,595,600,600,0
2022-05-11 14:01:00,595,595,600,600,0
2022-05-11 14:02:00,595,595,600,600,0
2022-05-11 14:03:00,595,595,600,600,0
2022-05-11 14:04:00,595,595,600,600,0
2022-05-11 14:05:00,595,595,600,600,0
2022-05-11 14:06:00,595,595,600,600,0
2022-05-11 14:07:00,595,595,600,600,0
2022-05-11 14:08:00,595,595,600,600,0
2022-05-11 14:09:00,595,595,600,600,0
2022-05-11 14:10:00,595,595,600,600,0
2022-05-11 14:11:00,595,595,600,600,0
2022-05-11 14:12:00,595,595,600,600,0
2022-05-11 14:13:00,595,595,600,600,0
2022-05-11 14:14:00,595,595,600,600,0
2022-05-11 14:15:00,595,595,600,600,0
2022-05-11 14:16:00,595,595,600,600,0
2022-05-11 14:17:00,595,595,600,600,0
2022-05-11 14:18:00,595,595,600,600,0
2022-05-11 14:19:00,595,595,600,600,0
2022-05-11 14:20:00,595,595,595,595,1300
2022-05-11 14:21:00,595,595,595,595,0
2022-05-11 14:22:00,595,595,595,595,1500
2022-05-11 14:23:00,595,595,595,595,2000
2022-05-11 14:24:00,595,595,595,595,0
2022-05-11 14:25:00,595,595,595,595,0
2022-05-11 14:26:00,595,595,595,595,0
2022-05-11 14:27:00,595,595,595,595,0
2022-05-11 14:28:00,595,595,595,595,0
2022-05-11 14:29:00,595,595,595,595,0
2022-05-11 14:30:00,595,595,595,595,0
2022-05-11 14:31:00,595,595,595,595,20000
2022-05-11 14:32:00,595,595,595,595,500
2022-05-11 14:33:00,595,595,595,595,0
2022-05-11 14:34:00,595,595,595,595,0
2022-05-11 14:35:00,595,595,595,595,200
2022-05-11 14:36:00,595,595,595,595,300
2022-05-11 14:37:00,595,595,595,595,0
2022-05-11 14:38:00,595,590,600,600,14600
2022-05-11 14:39:00,595,590,600,600,0
2022-05-11 14:40:00,595,595,600,600,700
2022-05-11 14:41:00,600,595,600,595,700
2022-05-11 14:42:00,595,595,595,595,200
2022-05-11 14:43:00,595,595,595,595,0
2022-05-11 14:44:00,595,595,595,595,0
2022-05-11 14:45:00,595,595,600,600,2800
2022-05-11 14:46:00,595,595,595,595,400
2022-05-11 14:47:00,600,595,600,600,900
2022-05-11 14:48:00,600,595,600,600,1100
2022-05-11 14:49:00,600,595,600,600,1900
2022-05-11 14:50:00,600,600,600,600,200
2022-05-11 14:51:00,600,600,600,600,0
2022-05-11 14:52:00,600,600,600,600,0
2022-05-11 14:53:00,600,600,600,600,0
2022-05-11 14:54:00,600,600,600,600,0
2022-05-11 14:55:00,600,600,600,600,0
2022-05-11 14:56:00,600,600,600,600,0
2022-05-11 14:57:00,600,600,600,600,0
2022-05-11 14:58:00,600,600,600,600,0
2022-05-11 14:59:00,600,600,600,600,0
2022-05-11 15:00:00,600,600,600,600,103100
2022-05-11 15:01:00,600,600,600,600,0
2022-05-11 15:02:00,600,600,600,600,0
2022-05-11 15:03:00,600,600,600,600,0
2022-05-11 15:04:00,600,600,600,600,0
2022-05-11 15:05:00,600,600,600,600,0
2022-05-11 15:06:00,600,600,600,600,0
2022-05-11 15:07:00,600,600,600,600,0
2022-05-11 15:08:00,600,600,600,600,0
2022-05-11 15:09:00,600,600,600,600,0
2022-05-11 15:10:00,600,600,600,600,0
2022-05-11 15:11:00,600,600,600,600,0
2022-05-11 15:12:00,600,600,600,600,0
2022-05-11 15:13:00,600,600,600,600,0
2022-05-11 15:14:00,600,600,600,600,0
2022-05-11 15:15:00,600,600,600,600,0
2022-05-11 15:16:00,600,600,600,600,0
2022-05-11 15:17:00,600,600,600,600,0
2022-05-11 15:18:00,600,600,600,600,0
2022-05-11 15:19:00,600,600,600,600,0
2022-05-11 15:20:00,600,600,600,600,0
2022-05-11 15:21:00,600,600,600,600,0
2022-05-11 15:22:00,600,600,600,600,0
2022-05-11 15:23:00,600,600,600,600,0
2022-05-11 15:24:00,600,600,600,600,0
2022-05-11 15:25:00,600,600,600,600,0
2022-05-11 15:26:00,600,600,600,600,0
2022-05-11 15:27:00,600,600,600,600,0
2022-05-11 15:28:00,600,600,600,600,0
2022-05-11 15:29:00,600,600,600,600,0
2022-05-11 15:30:00,600,600,600,600,0
2022-05-11 15:31:00,600,600,600,600,0
2022-05-11 15:32:00,600,600,600,600,0
2022-05-11 15:33:00,600,600,600,600,0
2022-05-11 15:34:00,600,600,600,600,0
2022-05-11 15:35:00,600,600,600,600,0
2022-05-11 15:36:00,600,600,600,600,0
2022-05-11 15:37:00,600,600,600,600,0
2022-05-11 15:38:00,600,600,600,600,0
2022-05-11 15:39:00,600,600,600,600,0
2022-05-11 15:40:00,600,600,600,600,0
2022-05-11 15:41:00,600,600,600,600,0
2022-05-11 15:42:00,600,600,600,600,0
2022-05-11 15:43:00,600,600,600,600,0
2022-05-11 15:44:00,600,600,600,600,0
2022-05-11 15:45:00,600,600,600,600,0
2022-05-11 15:46:00,600,600,600,600,0
2022-05-11 15:47:00,600,600,600,600,0
2022-05-11 15:48:00,600,600,600,600,0
2022-05-11 15:49:00,600,600,600,600,0
2022-05-11 15:50:00,600,600,600,600,0
2022-05-11 15:51:00,600,600,600,600,0
2022-05-11 15:52:00,600,600,600,600,0
2022-05-11 15:53:00,600,600,600,600,0
2022-05-11 15:54:00,600,600,600,600,0
2022-05-11 15:55:00,600,600,600,600,0
2022-05-11 15:56:00,600,600,600,600,0
2022-05-11 15:57:00,600,600,600,600,0
2022-05-11 15:58:00,600,600,600,600,0
2022-05-11 15:59:00,600,600,600,600,0
2022-05-12 09:00:00,600,600,600,600,0
2022-05-12 09:01:00,600,600,600,600,0
2022-05-12 09:02:00,600,600,600,600,0
2022-05-12 09:03:00,600,600,600,600,200
2022-05-12 09:04:00,600,600,600,600,0
2022-05-12 09:05:00,600,600,600,600,0
2022-05-12 09:06:00,600,600,600,600,500
2022-05-12 09:07:00,595,595,595,595,1100
2022-05-12 09:08:00,595,595,595,595,0
2022-05-12 09:09:00,595,595,595,595,0
2022-05-12 09:10:00,595,595,595,595,0
2022-05-12 09:11:00,595,595,595,595,300
2022-05-12 09:12:00,595,595,595,595,0
2022-05-12 09:13:00,595,595,595,595,0
2022-05-12 09:14:00,595,595,595,595,0
2022-05-12 09:15:00,595,595,595,595,0
2022-05-12 09:16:00,595,595,595,595,0
2022-05-12 09:17:00,595,595,600,600,10000
2022-05-12 09:18:00,600,600,600,600,200
2022-05-12 09:19:00,600,600,600,600,200
2022-05-12 09:20:00,600,600,600,600,0
2022-05-12 09:21:00,600,600,600,600,0
2022-05-12 09:22:00,600,600,600,600,0
2022-05-12 09:23:00,600,600,600,600,0
2022-05-12 09:24:00,600,600,600,600,0
2022-05-12 09:25:00,600,600,600,600,0
2022-05-12 09:26:00,600,600,600,600,0
2022-05-12 09:27:00,600,600,600,600,0
2022-05-12 09:28:00,600,600,600,600,0
2022-05-12 09:29:00,600,600,600,600,0
2022-05-12 09:30:00,600,600,600,600,0
2022-05-12 09:31:00,600,600,600,600,0
2022-05-12 09:32:00,600,600,600,600,0
2022-05-12 09:33:00,600,600,600,600,0
2022-05-12 09:34:00,600,600,600,600,0
2022-05-12 09:35:00,600,600,600,600,0
2022-05-12 09:36:00,600,600,600,600,0
2022-05-12 09:37:00,600,600,600,600,0
2022-05-12 09:38:00,600,600,600,600,0
2022-05-12 09:39:00,600,600,600,600,0
2022-05-12 09:40:00,600,600,600,600,0
2022-05-12 09:41:00,595,595,595,595,900
2022-05-12 09:42:00,595,595,600,600,300
2022-05-12 09:43:00,595,595,600,600,0
2022-05-12 09:44:00,595,595,595,595,800
2022-05-12 09:45:00,595,595,595,595,0
2022-05-12 09:46:00,595,595,595,595,0
2022-05-12 09:47:00,595,595,595,595,0
2022-05-12 09:48:00,595,595,595,595,0
2022-05-12 09:49:00,595,595,595,595,0
2022-05-12 09:50:00,595,595,595,595,0
2022-05-12 09:51:00,595,595,595,595,0
2022-05-12 09:52:00,595,595,595,595,0
2022-05-12 09:53:00,595,595,595,595,0
2022-05-12 09:54:00,595,595,595,595,5000
2022-05-12 09:55:00,595,595,595,595,0
2022-05-12 09:56:00,595,595,595,595,0
2022-05-12 09:57:00,595,595,595,595,1000
2022-05-12 09:58:00,595,595,600,600,10200
2022-05-12 09:59:00,595,595,600,600,0
2022-05-12 10:00:00,595,595,600,600,0
2022-05-12 10:01:00,595,595,600,600,0
2022-05-12 10:02:00,595,595,600,600,0
2022-05-12 10:03:00,595,595,600,600,0
2022-05-12 10:04:00,595,595,600,600,0
2022-05-12 10:05:00,595,595,600,600,0
2022-05-12 10:06:00,595,595,600,600,0
2022-05-12 10:07:00,595,595,600,600,0
2022-05-12 10:08:00,595,595,595,595,200
2022-05-12 10:09:00,600,600,600,600,200
2022-05-12 10:10:00,600,600,600,600,0
2022-05-12 10:11:00,600,600,600,600,0
2022-05-12 10:12:00,600,600,600,600,0
2022-05-12 10:13:00,600,600,600,600,0
2022-05-12 10:14:00,600,600,600,600,0
2022-05-12 10:15:00,600,600,600,600,0
2022-05-12 10:16:00,600,600,600,600,0
2022-05-12 10:17:00,600,600,600,600,0
2022-05-12 10:18:00,600,600,600,600,0
2022-05-12 10:19:00,600,600,600,600,0
2022-05-12 10:20:00,600,600,600,600,0
2022-05-12 10:21:00,600,600,600,600,0
2022-05-12 10:22:00,600,600,600,600,0
2022-05-12 10:23:00,600,600,600,600,0
2022-05-12 10:24:00,600,600,600,600,0
2022-05-12 10:25:00,600,600,600,600,0
2022-05-12 10:26:00,600,600,600,600,0
2022-05-12 10:27:00,600,600,600,600,0
2022-05-12 10:28:00,600,600,600,600,0
2022-05-12 10:29:00,600,600,600,600,0
2022-05-12 10:30:00,600,600,600,600,0
2022-05-12 10:31:00,600,600,600,600,0
2022-05-12 10:32:00,600,600,600,600,0
2022-05-12 10:33:00,600,600,600,600,0
2022-05-12 10:34:00,600,600,600,600,0
2022-05-12 10:35:00,600,600,600,600,0
2022-05-12 10:36:00,600,600,600,600,0
2022-05-12 10:37:00,600,600,600,600,0
2022-05-12 10:38:00,600,600,600,600,0
2022-05-12 10:39:00,600,600,600,600,0
2022-05-12 10:40:00,595,595,595,595,100
2022-05-12 10:41:00,600,600,600,600,300
2022-05-12 10:42:00,600,600,600,600,0
2022-05-12 10:43:00,600,600,600,600,0
2022-05-12 10:44:00,600,600,600,600,0
2022-05-12 10:45:00,600,600,600,600,0
2022-05-12 10:46:00,600,600,600,600,0
2022-05-12 10:47:00,600,600,600,600,0
2022-05-12 10:48:00,600,600,600,600,0
2022-05-12 10:49:00,600,600,600,600,0
2022-05-12 10:50:00,600,600,600,600,0
2022-05-12 10:51:00,600,600,600,600,0
2022-05-12 10:52:00,600,600,600,600,0
2022-05-12 10:53:00,600,600,600,600,0
2022-05-12 10:54:00,600,600,600,600,0
2022-05-12 10:55:00,600,600,600,600,0
2022-05-12 10:56:00,600,600,600,600,0
2022-05-12 10:57:00,600,600,600,600,0
2022-05-12 10:58:00,600,600,600,600,0
2022-05-12 10:59:00,600,600,600,600,0
2022-05-12 11:00:00,600,600,600,600,0
2022-05-12 11:01:00,600,600,600,600,0
2022-05-12 11:02:00,600,600,600,600,0
2022-05-12 11:03:00,600,600,600,600,0
2022-05-12 11:04:00,600,600,600,600,0
2022-05-12 11:05:00,600,600,600,600,0
2022-05-12 11:06:00,600,600,600,600,0
2022-05-12 11:07:00,600,600,600,600,0
2022-05-12 11:08:00,600,600,600,600,0
2022-05-12 11:09:00,600,600,600,600,0
2022-05-12 11:10:00,600,600,600,600,0
2022-05-12 11:11:00,600,600,600,600,0
2022-05-12 11:12:00,600,600,600,600,0
2022-05-12 11:13:00,600,600,600,600,0
2022-05-12 11:14:00,600,600,600,600,0
2022-05-12 11:15:00,600,600,600,600,0
2022-05-12 11:16:00,600,600,600,600,0
2022-05-12 11:17:00,600,600,600,600,0
2022-05-12 11:18:00,600,600,600,600,0
2022-05-12 11:19:00,600,600,600,600,0
2022-05-12 11:20:00,600,600,600,600,0
2022-05-12 11:21:00,600,600,600,600,0
2022-05-12 11:22:00,600,600,600,600,0
2022-05-12 11:23:00,600,600,600,600,0
2022-05-12 11:24:00,600,600,600,600,300
2022-05-12 11:25:00,600,600,600,600,0
2022-05-12 11:26:00,600,600,600,600,0
2022-05-12 11:27:00,600,600,600,600,600
2022-05-12 11:28:00,600,600,600,600,0
2022-05-12 11:29:00,600,600,600,600,0
2022-05-12 11:30:00,600,600,600,600,0
2022-05-12 11:31:00,600,600,600,600,0
2022-05-12 11:32:00,600,600,600,600,0
2022-05-12 11:33:00,600,600,600,600,0
2022-05-12 11:34:00,600,600,600,600,0
2022-05-12 11:35:00,600,600,600,600,0
2022-05-12 11:36:00,600,600,600,600,0
2022-05-12 11:37:00,600,600,600,600,0
2022-05-12 11:38:00,600,600,600,600,0
2022-05-12 11:39:00,600,600,600,600,0
2022-05-12 11:40:00,600,600,600,600,0
2022-05-12 11:41:00,600,600,600,600,0
2022-05-12 11:42:00,600,600,600,600,0
2022-05-12 11:43:00,600,600,600,600,0
2022-05-12 11:44:00,600,600,600,600,0
2022-05-12 11:45:00,600,600,600,600,0
2022-05-12 11:46:00,600,600,600,600,0
2022-05-12 11:47:00,600,600,600,600,0
2022-05-12 11:48:00,600,600,600,600,0
2022-05-12 11:49:00,600,600,600,600,0
2022-05-12 11:50:00,600,600,600,600,0
2022-05-12 11:51:00,600,600,600,600,0
2022-05-12 11:52:00,600,600,600,600,0
2022-05-12 11:53:00,600,600,600,600,0
2022-05-12 11:54:00,600,600,600,600,0
2022-05-12 11:55:00,600,600,600,600,0
2022-05-12 11:56:00,600,600,600,600,0
2022-05-12 11:57:00,600,600,600,600,0
2022-05-12 11:58:00,600,600,600,600,0
2022-05-12 11:59:00,600,600,600,600,0
2022-05-12 12:00:00,600,600,600,600,0
2022-05-12 12:01:00,600,600,600,600,0
2022-05-12 12:02:00,600,600,600,600,0
2022-05-12 12:03:00,600,600,600,600,0
2022-05-12 12:04:00,600,600,600,600,0
2022-05-12 12:05:00,600,600,600,600,0
2022-05-12 12:06:00,600,600,600,600,0
2022-05-12 12:07:00,600,600,600,600,0
2022-05-12 12:08:00,600,600,600,600,0
2022-05-12 12:09:00,600,600,600,600,0
2022-05-12 12:10:00,600,600,600,600,0
2022-05-12 12:11:00,600,600,600,600,0
2022-05-12 12:12:00,600,600,600,600,0
2022-05-12 12:13:00,600,600,600,600,0
2022-05-12 12:14:00,600,600,600,600,0
2022-05-12 12:15:00,600,600,600,600,0
2022-05-12 12:16:00,600,600,600,600,0
2022-05-12 12:17:00,600,600,600,600,0
2022-05-12 12:18:00,600,600,600,600,0
2022-05-12 12:19:00,600,600,600,600,0
2022-05-12 12:20:00,600,600,600,600,0
2022-05-12 12:21:00,600,600,600,600,0
2022-05-12 12:22:00,600,600,600,600,0
2022-05-12 12:23:00,600,600,600,600,0
2022-05-12 12:24:00,600,600,600,600,0
2022-05-12 12:25:00,600,600,600,600,0
2022-05-12 12:26:00,600,600,600,600,0
2022-05-12 12:27:00,600,600,600,600,0
2022-05-12 12:28:00,600,600,600,600,0
2022-05-12 12:29:00,600,600,600,600,0
2022-05-12 12:30:00,600,600,600,600,0
2022-05-12 12:31:00,600,600,600,600,0
2022-05-12 12:32:00,600,600,600,600,0
2022-05-12 12:33:00,600,600,600,600,0
2022-05-12 12:34:00,600,600,600,600,0
2022-05-12 12:35:00,600,600,600,600,0
2022-05-12 12:36:00,600,600,600,600,0
2022-05-12 12:37:00,600,600,600,600,0
2022-05-12 12:38:00,600,600,600,600,0
2022-05-12 12:39:00,600,600,600,600,0
2022-05-12 12:40:00,600,600,600,600,0
2022-05-12 12:41:00,600,600,600,600,0
2022-05-12 12:42:00,600,600,600,600,0
2022-05-12 12:43:00,600,600,600,600,0
2022-05-12 12:44:00,600,600,600,600,0
2022-05-12 12:45:00,600,600,600,600,0
2022-05-12 12:46:00,600,600,600,600,0
2022-05-12 12:47:00,600,600,600,600,0
2022-05-12 12:48:00,600,600,600,600,0
2022-05-12 12:49:00,600,600,600,600,0
2022-05-12 12:50:00,600,600,600,600,0
2022-05-12 12:51:00,600,600,600,600,0
2022-05-12 12:52:00,600,600,600,600,0
2022-05-12 12:53:00,600,600,600,600,0
2022-05-12 12:54:00,600,600,600,600,0
2022-05-12 12:55:00,600,600,600,600,0
2022-05-12 12:56:00,600,600,600,600,0
2022-05-12 12:57:00,600,600,600,600,0
2022-05-12 12:58:00,600,600,600,600,0
2022-05-12 12:59:00,600,600,600,600,0
2022-05-12 13:00:00,600,600,600,600,0
2022-05-12 13:01:00,600,600,600,600,0
2022-05-12 13:02:00,600,600,600,600,0
2022-05-12 13:03:00,600,600,600,600,0
2022-05-12 13:04:00,600,600,600,600,0
2022-05-12 13:05:00,600,600,600,600,0
2022-05-12 13:06:00,600,600,600,600,0
2022-05-12 13:07:00,600,600,600,600,0
2022-05-12 13:08:00,600,600,600,600,0
2022-05-12 13:09:00,600,600,600,600,0
2022-05-12 13:10:00,600,600,600,600,0
2022-05-12 13:11:00,600,600,600,600,0
2022-05-12 13:12:00,600,600,600,600,0
2022-05-12 13:13:00,600,600,600,600,0
2022-05-12 13:14:00,600,600,600,600,0
2022-05-12 13:15:00,600,600,600,600,0
2022-05-12 13:16:00,600,600,600,600,0
2022-05-12 13:17:00,600,600,600,600,0
2022-05-12 13:18:00,600,600,600,600,0
2022-05-12 13:19:00,600,600,600,600,0
2022-05-12 13:20:00,600,600,600,600,0
2022-05-12 13:21:00,600,600,600,600,0
2022-05-12 13:22:00,600,600,600,600,0
2022-05-12 13:23:00,600,600,600,600,0
2022-05-12 13:24:00,600,600,600,600,0
2022-05-12 13:25:00,600,600,600,600,0
2022-05-12 13:26:00,600,600,600,600,0
2022-05-12 13:27:00,600,600,600,600,0
2022-05-12 13:28:00,600,600,600,600,0
2022-05-12 13:29:00,600,600,600,600,0
2022-05-12 13:30:00,600,600,600,600,0
2022-05-12 13:31:00,600,600,600,600,0
2022-05-12 13:32:00,600,600,600,600,0
2022-05-12 13:33:00,600,600,600,600,0
2022-05-12 13:34:00,600,600,600,600,0
2022-05-12 13:35:00,600,600,600,600,0
2022-05-12 13:36:00,600,600,600,600,0
2022-05-12 13:37:00,600,600,600,600,0
2022-05-12 13:38:00,600,595,600,600,36800
2022-05-12 13:39:00,600,595,600,600,0
2022-05-12 13:40:00,600,595,600,600,0
2022-05-12 13:41:00,600,595,600,600,0
2022-05-12 13:42:00,600,595,600,600,0
2022-05-12 13:43:00,600,595,600,600,0
2022-05-12 13:44:00,600,595,600,600,0
2022-05-12 13:45:00,600,595,600,600,0
2022-05-12 13:46:00,600,595,600,600,0
2022-05-12 13:47:00,600,595,600,600,0
2022-05-12 13:48:00,600,595,600,600,0
2022-05-12 13:49:00,600,595,600,600,0
2022-05-12 13:50:00,600,595,600,600,0
2022-05-12 13:51:00,600,595,600,600,0
2022-05-12 13:52:00,600,595,600,600,0
2022-05-12 13:53:00,600,595,600,600,0
2022-05-12 13:54:00,600,595,600,600,0
2022-05-12 13:55:00,600,595,600,600,0
2022-05-12 13:56:00,600,595,600,600,0
2022-05-12 13:57:00,600,595,600,600,0
2022-05-12 13:58:00,600,595,600,600,0
2022-05-12 13:59:00,600,595,600,600,0
2022-05-12 14:00:00,600,595,600,600,0
2022-05-12 14:01:00,600,595,600,600,0
2022-05-12 14:02:00,600,595,600,600,0
2022-05-12 14:03:00,600,595,600,600,0
2022-05-12 14:04:00,600,595,600,600,0
2022-05-12 14:05:00,600,595,600,600,0
2022-05-12 14:06:00,600,595,600,600,0
2022-05-12 14:07:00,600,595,600,600,0
2022-05-12 14:08:00,600,595,600,600,0
2022-05-12 14:09:00,600,595,600,600,0
2022-05-12 14:10:00,600,595,600,600,0
2022-05-12 14:11:00,600,595,600,600,0
2022-05-12 14:12:00,595,590,595,590,4000
2022-05-12 14:13:00,600,600,600,600,800
2022-05-12 14:14:00,595,595,600,600,500
2022-05-12 14:15:00,595,595,600,600,0
2022-05-12 14:16:00,595,595,600,600,400
2022-05-12 14:17:00,595,595,595,595,200
2022-05-12 14:18:00,595,595,595,595,0
2022-05-12 14:19:00,595,595,595,595,1900
2022-05-12 14:20:00,590,590,595,595,10800
2022-05-12 14:21:00,590,590,595,595,0
2022-05-12 14:22:00,590,590,595,595,0
2022-05-12 14:23:00,590,590,595,595,0
2022-05-12 14:24:00,590,590,595,595,0
2022-05-12 14:25:00,590,590,595,595,0
2022-05-12 14:26:00,590,590,595,595,0
2022-05-12 14:27:00,595,595,595,595,700
2022-05-12 14:28:00,595,595,595,595,0
2022-05-12 14:29:00,595,595,595,595,0
2022-05-12 14:30:00,595,595,595,595,0
2022-05-12 14:31:00,595,595,595,595,0
2022-05-12 14:32:00,595,595,595,595,0
2022-05-12 14:33:00,590,565,590,565,20000
2022-05-12 14:34:00,590,560,590,560,20900
2022-05-12 14:35:00,590,585,595,595,1800
2022-05-12 14:36:00,590,590,590,590,300
2022-05-12 14:37:00,585,585,590,590,3100
2022-05-12 14:38:00,590,590,595,595,4500
2022-05-12 14:39:00,590,590,595,595,0
2022-05-12 14:40:00,590,590,595,595,0
2022-05-12 14:41:00,590,590,595,595,0
2022-05-12 14:42:00,595,595,595,595,1500
2022-05-12 14:43:00,595,595,595,595,500
2022-05-12 14:44:00,595,595,595,595,0
2022-05-12 14:45:00,595,595,595,595,0
2022-05-12 14:46:00,595,595,595,595,400
2022-05-12 14:47:00,595,595,595,595,0
2022-05-12 14:48:00,595,595,600,600,8200
2022-05-12 14:49:00,600,600,600,600,600
2022-05-12 14:50:00,600,600,600,600,200
2022-05-12 14:51:00,600,600,600,600,0
2022-05-12 14:52:00,600,600,600,600,0
2022-05-12 14:53:00,600,600,600,600,0
2022-05-12 14:54:00,600,600,600,600,0
2022-05-12 14:55:00,600,600,600,600,0
2022-05-12 14:56:00,600,600,600,600,0
2022-05-12 14:57:00,600,600,600,600,0
2022-05-12 14:58:00,600,600,600,600,0
2022-05-12 14:59:00,600,600,600,600,0
2022-05-12 15:00:00,600,600,600,600,52900
2022-05-12 15:01:00,600,600,600,600,0
2022-05-12 15:02:00,600,600,600,600,500
2022-05-12 15:03:00,600,600,600,600,0
2022-05-12 15:04:00,600,600,600,600,0
2022-05-12 15:05:00,600,600,600,600,0
2022-05-12 15:06:00,600,600,600,600,0
2022-05-12 15:07:00,600,600,600,600,0
2022-05-12 15:08:00,600,600,600,600,0
2022-05-12 15:09:00,600,600,600,600,0
2022-05-12 15:10:00,600,600,600,600,0
2022-05-12 15:11:00,600,600,600,600,0
2022-05-12 15:12:00,600,600,600,600,0
2022-05-12 15:13:00,600,600,600,600,0
2022-05-12 15:14:00,600,600,600,600,0
2022-05-12 15:15:00,600,600,600,600,0
2022-05-12 15:16:00,600,600,600,600,0
2022-05-12 15:17:00,600,600,600,600,0
2022-05-12 15:18:00,600,600,600,600,0
2022-05-12 15:19:00,600,600,600,600,0
2022-05-12 15:20:00,600,600,600,600,0
2022-05-12 15:21:00,600,600,600,600,0
2022-05-12 15:22:00,600,600,600,600,0
2022-05-12 15:23:00,600,600,600,600,0
2022-05-12 15:24:00,600,600,600,600,0
2022-05-12 15:25:00,600,600,600,600,0
2022-05-12 15:26:00,600,600,600,600,0
2022-05-12 15:27:00,600,600,600,600,0
2022-05-12 15:28:00,600,600,600,600,0
2022-05-12 15:29:00,600,600,600,600,0
2022-05-12 15:30:00,600,600,600,600,0
2022-05-12 15:31:00,600,600,600,600,0
2022-05-12 15:32:00,600,600,600,600,0
2022-05-12 15:33:00,600,600,600,600,0
2022-05-12 15:34:00,600,600,600,600,0
2022-05-12 15:35:00,600,600,600,600,0
2022-05-12 15:36:00,600,600,600,600,0
2022-05-12 15:37:00,600,600,600,600,0
2022-05-12 15:38:00,600,600,600,600,0
2022-05-12 15:39:00,600,600,600,600,0
2022-05-12 15:40:00,600,600,600,600,0
2022-05-12 15:41:00,600,600,600,600,0
2022-05-12 15:42:00,600,600,600,600,0
2022-05-12 15:43:00,600,600,600,600,0
2022-05-12 15:44:00,600,600,600,600,0
2022-05-12 15:45:00,600,600,600,600,0
2022-05-12 15:46:00,600,600,600,600,0
2022-05-12 15:47:00,600,600,600,600,0
2022-05-12 15:48:00,600,600,600,600,0
2022-05-12 15:49:00,600,600,600,600,0
2022-05-12 15:50:00,600,600,600,600,0
2022-05-12 15:51:00,600,600,600,600,0
2022-05-12 15:52:00,600,600,600,600,0
2022-05-12 15:53:00,600,600,600,600,0
2022-05-12 15:54:00,600,600,600,600,0
2022-05-12 15:55:00,600,600,600,600,0
2022-05-12 15:56:00,600,600,600,600,0
2022-05-12 15:57:00,600,600,600,600,0
2022-05-12 15:58:00,600,600,600,600,0
2022-05-12 15:59:00,600,600,600,600,0
2022-05-13 09:00:00,600,600,600,600,0
2022-05-13 09:01:00,595,595,600,600,300
2022-05-13 09:02:00,600,600,600,600,500
2022-05-13 09:03:00,600,600,600,600,200
2022-05-13 09:04:00,600,600,600,600,200
2022-05-13 09:05:00,600,600,600,600,200
2022-05-13 09:06:00,600,600,600,600,0
2022-05-13 09:07:00,600,600,600,600,0
2022-05-13 09:08:00,600,600,600,600,0
2022-05-13 09:09:00,600,600,600,600,0
2022-05-13 09:10:00,600,600,600,600,0
2022-05-13 09:11:00,600,600,600,600,0
2022-05-13 09:12:00,600,600,600,600,0
2022-05-13 09:13:00,600,600,600,600,0
2022-05-13 09:14:00,600,600,600,600,0
2022-05-13 09:15:00,600,600,600,600,0
2022-05-13 09:16:00,600,600,600,600,0
2022-05-13 09:17:00,600,600,600,600,0
2022-05-13 09:18:00,600,600,600,600,0
2022-05-13 09:19:00,600,600,600,600,0
2022-05-13 09:20:00,595,595,595,595,700
2022-05-13 09:21:00,595,595,595,595,5000
2022-05-13 09:22:00,595,595,595,595,0
2022-05-13 09:23:00,595,595,595,595,2000
2022-05-13 09:24:00,595,595,595,595,0
2022-05-13 09:25:00,595,595,595,595,0
2022-05-13 09:26:00,595,595,595,595,0
2022-05-13 09:27:00,595,595,595,595,0
2022-05-13 09:28:00,595,595,595,595,0
2022-05-13 09:29:00,595,595,595,595,0
2022-05-13 09:30:00,595,595,595,595,0
2022-05-13 09:31:00,595,595,595,595,0
2022-05-13 09:32:00,595,595,595,595,0
2022-05-13 09:33:00,595,595,595,595,0
2022-05-13 09:34:00,595,595,595,595,1100
2022-05-13 09:35:00,595,595,595,595,0
2022-05-13 09:36:00,595,595,595,595,0
2022-05-13 09:37:00,595,595,595,595,0
2022-05-13 09:38:00,595,595,595,595,0
2022-05-13 09:39:00,595,595,595,595,0
2022-05-13 09:40:00,595,595,595,595,0
2022-05-13 09:41:00,595,595,595,595,0
2022-05-13 09:42:00,595,595,595,595,0
2022-05-13 09:43:00,595,595,595,595,0
2022-05-13 09:44:00,595,595,595,595,0
2022-05-13 09:45:00,595,595,595,595,100
2022-05-13 09:46:00,595,595,595,595,0
2022-05-13 09:47:00,595,595,595,595,0
2022-05-13 09:48:00,595,595,595,595,0
2022-05-13 09:49:00,595,595,595,595,0
2022-05-13 09:50:00,595,595,595,595,0
2022-05-13 09:51:00,595,595,595,595,0
2022-05-13 09:52:00,595,595,595,595,0
2022-05-13 09:53:00,595,595,595,595,0
2022-05-13 09:54:00,595,595,595,595,0
2022-05-13 09:55:00,595,595,595,595,0
2022-05-13 09:56:00,595,595,595,595,0
2022-05-13 09:57:00,595,595,595,595,0
2022-05-13 09:58:00,595,595,595,595,0
2022-05-13 09:59:00,595,595,595,595,0
2022-05-13 10:00:00,595,595,595,595,0
2022-05-13 10:01:00,595,595,595,595,0
2022-05-13 10:02:00,595,595,595,595,0
2022-05-13 10:03:00,595,595,595,595,0
2022-05-13 10:04:00,595,595,595,595,0
2022-05-13 10:05:00,595,595,595,595,0
2022-05-13 10:06:00,595,595,595,595,0
2022-05-13 10:07:00,595,595,595,595,0
2022-05-13 10:08:00,595,595,595,595,0
2022-05-13 10:09:00,595,595,595,595,0
2022-05-13 10:10:00,595,595,595,595,0
2022-05-13 10:11:00,595,595,595,595,0
2022-05-13 10:12:00,595,595,595,595,0
2022-05-13 10:13:00,595,595,595,595,0
2022-05-13 10:14:00,595,595,595,595,0
2022-05-13 10:15:00,595,595,595,595,0
2022-05-13 10:16:00,595,595,595,595,0
2022-05-13 10:17:00,595,595,595,595,0
2022-05-13 10:18:00,595,595,595,595,0
2022-05-13 10:19:00,595,595,595,595,0
2022-05-13 10:20:00,595,595,595,595,0
2022-05-13 10:21:00,595,595,595,595,0
2022-05-13 10:22:00,595,595,595,595,0
2022-05-13 10:23:00,595,595,595,595,0
2022-05-13 10:24:00,595,595,595,595,0
2022-05-13 10:25:00,595,595,595,595,0
2022-05-13 10:26:00,595,595,595,595,0
2022-05-13 10:27:00,595,595,595,595,0
2022-05-13 10:28:00,595,595,595,595,1000
2022-05-13 10:29:00,595,595,595,595,0
2022-05-13 10:30:00,595,595,595,595,3000
2022-05-13 10:31:00,595,595,595,595,0
2022-05-13 10:32:00,595,595,595,595,0
2022-05-13 10:33:00,595,595,595,595,0
2022-05-13 10:34:00,595,595,595,595,0
2022-05-13 10:35:00,595,595,595,595,0
2022-05-13 10:36:00,595,595,595,595,0
2022-05-13 10:37:00,595,595,595,595,0
2022-05-13 10:38:00,595,595,595,595,0
2022-05-13 10:39:00,595,595,595,595,0
2022-05-13 10:40:00,595,595,595,595,0
2022-05-13 10:41:00,595,595,595,595,0
2022-05-13 10:42:00,595,595,595,595,0
2022-05-13 10:43:00,595,595,595,595,0
2022-05-13 10:44:00,595,595,595,595,0
2022-05-13 10:45:00,595,595,595,595,0
2022-05-13 10:46:00,595,595,595,595,0
2022-05-13 10:47:00,595,595,595,595,0
2022-05-13 10:48:00,595,595,595,595,0
2022-05-13 10:49:00,595,595,595,595,100
2022-05-13 10:50:00,595,595,595,595,0
2022-05-13 10:51:00,595,595,595,595,0
2022-05-13 10:52:00,595,595,595,595,0
2022-05-13 10:53:00,595,595,595,595,15000
2022-05-13 10:54:00,595,595,595,595,0
2022-05-13 10:55:00,595,595,595,595,0
2022-05-13 10:56:00,595,595,595,595,0
2022-05-13 10:57:00,595,595,595,595,0
2022-05-13 10:58:00,595,595,595,595,0
2022-05-13 10:59:00,595,595,595,595,0
2022-05-13 11:00:00,595,595,595,595,0
2022-05-13 11:01:00,595,595,595,595,0
2022-05-13 11:02:00,595,595,595,595,0
2022-05-13 11:03:00,595,595,595,595,0
2022-05-13 11:04:00,595,595,595,595,0
2022-05-13 11:05:00,595,595,595,595,0
2022-05-13 11:06:00,595,595,595,595,0
2022-05-13 11:07:00,595,595,595,595,0
2022-05-13 11:08:00,595,595,595,595,0
2022-05-13 11:09:00,595,595,595,595,0
2022-05-13 11:10:00,595,595,595,595,0
2022-05-13 11:11:00,595,595,595,595,0
2022-05-13 11:12:00,595,595,595,595,0
2022-05-13 11:13:00,590,590,595,595,400
2022-05-13 11:14:00,590,590,595,595,0
2022-05-13 11:15:00,590,590,595,595,0
2022-05-13 11:16:00,590,590,595,595,0
2022-05-13 11:17:00,590,590,595,595,0
2022-05-13 11:18:00,590,590,595,595,0
2022-05-13 11:19:00,590,590,595,595,0
2022-05-13 11:20:00,590,590,595,595,0
2022-05-13 11:21:00,590,590,595,595,0
2022-05-13 11:22:00,590,590,595,595,0
2022-05-13 11:23:00,590,590,595,595,0
2022-05-13 11:24:00,590,590,595,595,0
2022-05-13 11:25:00,590,590,595,595,0
2022-05-13 11:26:00,590,590,595,595,0
2022-05-13 11:27:00,590,590,595,595,0
2022-05-13 11:28:00,595,595,595,595,300
2022-05-13 11:29:00,595,595,595,595,0
2022-05-13 11:30:00,595,595,595,595,0
2022-05-13 11:31:00,595,595,595,595,0
2022-05-13 11:32:00,595,595,595,595,0
2022-05-13 11:33:00,595,595,595,595,0
2022-05-13 11:34:00,595,595,595,595,0
2022-05-13 11:35:00,595,595,595,595,0
2022-05-13 11:36:00,595,595,595,595,0
2022-05-13 11:37:00,595,595,595,595,0
2022-05-13 11:38:00,595,595,595,595,0
2022-05-13 11:39:00,595,595,595,595,0
2022-05-13 11:40:00,595,595,595,595,0
2022-05-13 11:41:00,595,595,595,595,0
2022-05-13 11:42:00,595,595,595,595,0
2022-05-13 11:43:00,595,595,595,595,0
2022-05-13 11:44:00,595,595,595,595,0
2022-05-13 11:45:00,595,595,595,595,0
2022-05-13 11:46:00,595,595,595,595,0
2022-05-13 11:47:00,595,595,595,595,0
2022-05-13 11:48:00,595,595,595,595,0
2022-05-13 11:49:00,595,595,595,595,0
2022-05-13 11:50:00,595,595,595,595,0
2022-05-13 11:51:00,595,595,595,595,0
2022-05-13 11:52:00,595,595,595,595,0
2022-05-13 11:53:00,595,595,595,595,0
2022-05-13 11:54:00,595,595,595,595,0
2022-05-13 11:55:00,595,595,595,595,0
2022-05-13 11:56:00,595,595,595,595,0
2022-05-13 11:57:00,595,595,595,595,0
2022-05-13 11:58:00,595,595,595,595,0
2022-05-13 11:59:00,595,595,595,595,0
2022-05-13 12:00:00,595,595,595,595,0
2022-05-13 12:01:00,595,595,595,595,0
2022-05-13 12:02:00,595,595,595,595,0
2022-05-13 12:03:00,595,595,595,595,0
2022-05-13 12:04:00,595,595,595,595,0
2022-05-13 12:05:00,595,595,595,595,0
2022-05-13 12:06:00,595,595,595,595,0
2022-05-13 12:07:00,595,595,595,595,0
2022-05-13 12:08:00,595,595,595,595,0
2022-05-13 12:09:00,595,595,595,595,0
2022-05-13 12:10:00,595,595,595,595,0
2022-05-13 12:11:00,595,595,595,595,0
2022-05-13 12:12:00,595,595,595,595,0
2022-05-13 12:13:00,595,595,595,595,0
2022-05-13 12:14:00,595,595,595,595,0
2022-05-13 12:15:00,595,595,595,595,0
2022-05-13 12:16:00,595,595,595,595,0
2022-05-13 12:17:00,595,595,595,595,0
2022-05-13 12:18:00,595,595,595,595,0
2022-05-13 12:19:00,595,595,595,595,0
2022-05-13 12:20:00,595,595,595,595,0
2022-05-13 12:21:00,595,595,595,595,0
2022-05-13 12:22:00,595,595,595,595,0
2022-05-13 12:23:00,595,595,595,595,0
2022-05-13 12:24:00,595,595,595,595,0
2022-05-13 12:25:00,595,595,595,595,0
2022-05-13 12:26:00,595,595,595,595,0
2022-05-13 12:27:00,595,595,595,595,0
2022-05-13 12:28:00,595,595,595,595,0
2022-05-13 12:29:00,595,595,595,595,0
2022-05-13 12:30:00,595,595,595,595,0
2022-05-13 12:31:00,595,595,595,595,0
2022-05-13 12:32:00,595,595,595,595,0
2022-05-13 12:33:00,595,595,595,595,0
2022-05-13 12:34:00,595,595,595,595,0
2022-05-13 12:35:00,595,595,595,595,0
2022-05-13 12:36:00,595,595,595,595,0
2022-05-13 12:37:00,595,595,595,595,0
2022-05-13 12:38:00,595,595,595,595,0
2022-05-13 12:39:00,595,595,595,595,0
2022-05-13 12:40:00,595,595,595,595,0
2022-05-13 12:41:00,595,595,595,595,0
2022-05-13 12:42:00,595,595,595,595,0
2022-05-13 12:43:00,595,595,595,595,0
2022-05-13 12:44:00,595,595,595,595,0
2022-05-13 12:45:00,595,595,595,595,0
2022-05-13 12:46:00,595,595,595,595,0
2022-05-13 12:47:00,595,595,595,595,0
2022-05-13 12:48:00,595,595,595,595,0
2022-05-13 12:49:00,595,595,595,595,0
2022-05-13 12:50:00,595,595,595,595,0
2022-05-13 12:51:00,595,595,595,595,0
2022-05-13 12:52:00,595,595,595,595,0
2022-05-13 12:53:00,595,595,595,595,0
2022-05-13 12:54:00,595,595,595,595,0
2022-05-13 12:55:00,595,595,595,595,0
2022-05-13 12:56:00,595,595,595,595,0
2022-05-13 12:57:00,595,595,595,595,0
2022-05-13 12:58:00,595,595,595,595,0
2022-05-13 12:59:00,595,595,595,595,0
2022-05-13 13:00:00,595,595,595,595,0
2022-05-13 13:01:00,595,595,595,595,0
2022-05-13 13:02:00,595,595,595,595,0
2022-05-13 13:03:00,595,595,595,595,0
2022-05-13 13:04:00,595,595,595,595,0
2022-05-13 13:05:00,595,595,595,595,0
2022-05-13 13:06:00,595,595,595,595,0
2022-05-13 13:07:00,595,595,595,595,0
2022-05-13 13:08:00,595,595,595,595,0
2022-05-13 13:09:00,595,595,595,595,0
2022-05-13 13:10:00,595,595,595,595,0
2022-05-13 13:11:00,595,595,595,595,0
2022-05-13 13:12:00,595,595,595,595,0
2022-05-13 13:13:00,595,595,595,595,0
2022-05-13 13:14:00,595,595,595,595,0
2022-05-13 13:15:00,595,595,595,595,0
2022-05-13 13:16:00,595,595,595,595,0
2022-05-13 13:17:00,595,595,595,595,0
2022-05-13 13:18:00,595,595,595,595,0
2022-05-13 13:19:00,595,595,595,595,0
2022-05-13 13:20:00,595,595,595,595,0
2022-05-13 13:21:00,595,595,595,595,0
2022-05-13 13:22:00,595,595,595,595,0
2022-05-13 13:23:00,595,595,595,595,0
2022-05-13 13:24:00,595,595,595,595,0
2022-05-13 13:25:00,595,595,595,595,0
2022-05-13 13:26:00,595,595,595,595,0
2022-05-13 13:27:00,595,595,595,595,0
2022-05-13 13:28:00,595,595,595,595,0
2022-05-13 13:29:00,595,595,595,595,0
2022-05-13 13:30:00,590,590,590,590,100
2022-05-13 13:31:00,590,590,590,590,0
2022-05-13 13:32:00,590,585,595,585,3200
2022-05-13 13:33:00,595,595,595,595,200
2022-05-13 13:34:00,595,595,595,595,200
2022-05-13 13:35:00,595,595,595,595,0
2022-05-13 13:36:00,595,595,595,595,0
2022-05-13 13:37:00,595,595,595,595,0
2022-05-13 13:38:00,595,595,595,595,0
2022-05-13 13:39:00,595,595,595,595,0
2022-05-13 13:40:00,595,595,595,595,0
2022-05-13 13:41:00,595,595,595,595,0
2022-05-13 13:42:00,595,595,595,595,0
2022-05-13 13:43:00,590,590,590,590,900
2022-05-13 13:44:00,585,585,595,595,1000
2022-05-13 13:45:00,585,585,595,595,0
2022-05-13 13:46:00,590,590,590,590,1100
2022-05-13 13:47:00,595,595,595,595,300
2022-05-13 13:48:00,595,595,595,595,200
2022-05-13 13:49:00,595,595,595,595,0
2022-05-13 13:50:00,595,595,595,595,0
2022-05-13 13:51:00,595,595,595,595,0
2022-05-13 13:52:00,595,595,595,595,0
2022-05-13 13:53:00,595,595,595,595,0
2022-05-13 13:54:00,595,595,595,595,0
2022-05-13 13:55:00,595,595,595,595,0
2022-05-13 13:56:00,595,595,595,595,0
2022-05-13 13:57:00,595,595,595,595,0
2022-05-13 13:58:00,595,595,595,595,0
2022-05-13 13:59:00,595,595,595,595,0
2022-05-13 14:00:00,595,595,595,595,0
2022-05-13 14:01:00,595,595,595,595,0
2022-05-13 14:02:00,595,595,595,595,0
2022-05-13 14:03:00,595,595,595,595,0
2022-05-13 14:04:00,595,595,595,595,0
2022-05-13 14:05:00,595,595,595,595,0
2022-05-13 14:06:00,595,595,595,595,0
2022-05-13 14:07:00,595,595,595,595,0
2022-05-13 14:08:00,595,595,595,595,0
2022-05-13 14:09:00,595,595,595,595,0
2022-05-13 14:10:00,590,585,595,595,1800
2022-05-13 14:11:00,590,585,595,595,0
2022-05-13 14:12:00,590,585,595,595,0
2022-05-13 14:13:00,590,585,595,595,0
2022-05-13 14:14:00,590,585,595,595,0
2022-05-13 14:15:00,590,585,595,595,0
2022-05-13 14:16:00,590,585,595,595,0
2022-05-13 14:17:00,590,585,595,595,0
2022-05-13 14:18:00,590,585,595,595,0
2022-05-13 14:19:00,590,585,595,595,0
2022-05-13 14:20:00,590,585,595,595,0
2022-05-13 14:21:00,590,585,595,595,0
2022-05-13 14:22:00,590,585,595,595,0
2022-05-13 14:23:00,590,585,595,595,0
2022-05-13 14:24:00,590,585,595,595,0
2022-05-13 14:25:00,590,585,595,595,0
2022-05-13 14:26:00,590,585,595,595,0
2022-05-13 14:27:00,590,585,595,595,0
2022-05-13 14:28:00,590,585,595,595,0
2022-05-13 14:29:00,590,585,595,595,0
2022-05-13 14:30:00,590,585,595,595,0
2022-05-13 14:31:00,590,585,595,595,0
2022-05-13 14:32:00,590,585,595,595,0
2022-05-13 14:33:00,590,585,595,595,0
2022-05-13 14:34:00,590,585,595,595,0
2022-05-13 14:35:00,590,585,595,595,0
2022-05-13 14:36:00,590,585,595,595,0
2022-05-13 14:37:00,590,585,595,595,0
2022-05-13 14:38:00,590,585,595,595,0
2022-05-13 14:39:00,590,585,595,595,0
2022-05-13 14:40:00,590,585,595,595,0
2022-05-13 14:41:00,590,585,595,595,0
2022-05-13 14:42:00,590,585,595,595,0
2022-05-13 14:43:00,590,585,595,595,0
2022-05-13 14:44:00,590,585,595,595,0
2022-05-13 14:45:00,590,585,595,595,0
2022-05-13 14:46:00,590,585,595,595,0
2022-05-13 14:47:00,590,585,595,595,0
2022-05-13 14:48:00,595,595,600,600,31000
2022-05-13 14:49:00,600,600,600,600,700
2022-05-13 14:50:00,600,600,600,600,0
2022-05-13 14:51:00,600,600,600,600,0
2022-05-13 14:52:00,600,600,600,600,0
2022-05-13 14:53:00,600,600,600,600,0
2022-05-13 14:54:00,600,600,600,600,0
2022-05-13 14:55:00,600,600,600,600,0
2022-05-13 14:56:00,600,600,600,600,0
2022-05-13 14:57:00,600,600,600,600,0
2022-05-13 14:58:00,600,600,600,600,0
2022-05-13 14:59:00,600,600,600,600,0
2022-05-13 15:00:00,600,600,600,600,80600
2022-05-13 15:01:00,600,600,600,600,0
2022-05-13 15:02:00,600,600,600,600,0
2022-05-13 15:03:00,600,600,600,600,0
2022-05-13 15:04:00,600,600,600,600,0
2022-05-13 15:05:00,600,600,600,600,0
2022-05-13 15:06:00,600,600,600,600,0
2022-05-13 15:07:00,600,600,600,600,0
2022-05-13 15:08:00,600,600,600,600,0
2022-05-13 15:09:00,600,600,600,600,0
2022-05-13 15:10:00,600,600,600,600,0
2022-05-13 15:11:00,600,600,600,600,0
2022-05-13 15:12:00,600,600,600,600,0
2022-05-13 15:13:00,600,600,600,600,0
2022-05-13 15:14:00,600,600,600,600,0
2022-05-13 15:15:00,600,600,600,600,0
2022-05-13 15:16:00,600,600,600,600,0
2022-05-13 15:17:00,600,600,600,600,0
2022-05-13 15:18:00,600,600,600,600,0
2022-05-13 15:19:00,600,600,600,600,0
2022-05-13 15:20:00,600,600,600,600,0
2022-05-13 15:21:00,600,600,600,600,0
2022-05-13 15:22:00,600,600,600,600,0
2022-05-13 15:23:00,600,600,600,600,0
2022-05-13 15:24:00,600,600,600,600,0
2022-05-13 15:25:00,600,600,600,600,0
2022-05-13 15:26:00,600,600,600,600,0
2022-05-13 15:27:00,600,600,600,600,0
2022-05-13 15:28:00,600,600,600,600,0
2022-05-13 15:29:00,600,600,600,600,0
2022-05-13 15:30:00,600,600,600,600,0
2022-05-13 15:31:00,600,600,600,600,0
2022-05-13 15:32:00,600,600,600,600,0
2022-05-13 15:33:00,600,600,600,600,0
2022-05-13 15:34:00,600,600,600,600,0
2022-05-13 15:35:00,600,600,600,600,0
2022-05-13 15:36:00,600,600,600,600,0
2022-05-13 15:37:00,600,600,600,600,0
2022-05-13 15:38:00,600,600,600,600,0
2022-05-13 15:39:00,600,600,600,600,0
2022-05-13 15:40:00,600,600,600,600,0
2022-05-13 15:41:00,600,600,600,600,0
2022-05-13 15:42:00,600,600,600,600,0
2022-05-13 15:43:00,600,600,600,600,0
2022-05-13 15:44:00,600,600,600,600,0
2022-05-13 15:45:00,600,600,600,600,0
2022-05-13 15:46:00,600,600,600,600,0
2022-05-13 15:47:00,600,600,600,600,0
2022-05-13 15:48:00,600,600,600,600,0
2022-05-13 15:49:00,600,600,600,600,0
2022-05-13 15:50:00,600,600,600,600,0
2022-05-13 15:51:00,600,600,600,600,0
2022-05-13 15:52:00,600,600,600,600,0
2022-05-13 15:53:00,600,600,600,600,0
2022-05-13 15:54:00,600,600,600,600,0
2022-05-13 15:55:00,600,600,600,600,0
2022-05-13 15:56:00,600,600,600,600,0
2022-05-13 15:57:00,600,600,600,600,0
2022-05-13 15:58:00,600,600,600,600,0
2022-05-13 15:59:00,600,600,600,600,0
2022-05-16 09:00:00,600,600,600,600,0
2022-05-16 09:01:00,600,600,600,600,0
2022-05-16 09:02:00,600,600,600,600,0
2022-05-16 09:03:00,600,600,600,600,0
2022-05-16 09:04:00,600,600,600,600,0
2022-05-16 09:05:00,600,600,600,600,0
2022-05-16 09:06:00,600,600,600,600,0
2022-05-16 09:07:00,600,600,600,600,0
2022-05-16 09:08:00,600,600,600,600,0
2022-05-16 09:09:00,600,600,600,600,0
2022-05-16 09:10:00,600,600,600,600,0
2022-05-16 09:11:00,600,600,600,600,0
2022-05-16 09:12:00,600,600,600,600,0
2022-05-16 09:13:00,600,600,600,600,0
2022-05-16 09:14:00,600,600,600,600,0
2022-05-16 09:15:00,600,600,600,600,0
2022-05-16 09:16:00,600,600,600,600,0
2022-05-16 09:17:00,600,600,600,600,0
2022-05-16 09:18:00,600,600,600,600,0
2022-05-16 09:19:00,600,600,600,600,0
2022-05-16 09:20:00,600,600,600,600,0
2022-05-16 09:21:00,600,600,600,600,0
2022-05-16 09:22:00,600,600,600,600,0
2022-05-16 09:23:00,600,600,600,600,0
2022-05-16 09:24:00,600,600,600,600,0
2022-05-16 09:25:00,600,600,600,600,0
2022-05-16 09:26:00,600,600,600,600,0
2022-05-16 09:27:00,600,600,600,600,0
2022-05-16 09:28:00,600,600,600,600,0
2022-05-16 09:29:00,600,600,600,600,0
2022-05-16 09:30:00,600,600,600,600,0
2022-05-16 09:31:00,600,600,600,600,0
2022-05-16 09:32:00,600,600,600,600,0
2022-05-16 09:33:00,600,600,600,600,0
2022-05-16 09:34:00,600,600,600,600,0
2022-05-16 09:35:00,600,600,600,600,0
2022-05-16 09:36:00,600,600,600,600,0
2022-05-16 09:37:00,600,600,600,600,0
2022-05-16 09:38:00,600,600,600,600,0
2022-05-16 09:39:00,600,600,600,600,0
2022-05-16 09:40:00,600,600,600,600,0
2022-05-16 09:41:00,600,600,600,600,0
2022-05-16 09:42:00,600,600,600,600,0
2022-05-16 09:43:00,600,600,600,600,0
2022-05-16 09:44:00,600,600,600,600,0
2022-05-16 09:45:00,600,600,600,600,0
2022-05-16 09:46:00,600,600,600,600,0
2022-05-16 09:47:00,600,600,600,600,0
2022-05-16 09:48:00,600,600,600,600,0
2022-05-16 09:49:00,600,600,600,600,0
2022-05-16 09:50:00,600,600,600,600,0
2022-05-16 09:51:00,600,600,600,600,0
2022-05-16 09:52:00,600,600,600,600,0
2022-05-16 09:53:00,600,600,600,600,0
2022-05-16 09:54:00,600,600,600,600,0
2022-05-16 09:55:00,600,600,600,600,0
2022-05-16 09:56:00,600,600,600,600,0
2022-05-16 09:57:00,600,600,600,600,0
2022-05-16 09:58:00,600,600,600,600,0
2022-05-16 09:59:00,600,600,600,600,0
2022-05-16 10:00:00,600,600,600,600,0
2022-05-16 10:01:00,600,600,600,600,0
2022-05-16 10:02:00,600,600,600,600,0
2022-05-16 10:03:00,600,600,600,600,0
2022-05-16 10:04:00,600,600,600,600,0
2022-05-16 10:05:00,600,600,600,600,0
2022-05-16 10:06:00,600,600,600,600,0
2022-05-16 10:07:00,600,600,600,600,0
2022-05-16 10:08:00,600,600,600,600,0
2022-05-16 10:09:00,600,600,600,600,0
2022-05-16 10:10:00,600,600,600,600,0
2022-05-16 10:11:00,600,600,600,600,0
2022-05-16 10:12:00,600,600,600,600,0
2022-05-16 10:13:00,600,600,600,600,0
2022-05-16 10:14:00,600,600,600,600,0
2022-05-16 10:15:00,600,600,600,600,0
2022-05-16 10:16:00,600,600,600,600,0
2022-05-16 10:17:00,600,600,600,600,0
2022-05-16 10:18:00,600,600,600,600,0
2022-05-16 10:19:00,600,600,600,600,0
2022-05-16 10:20:00,600,600,600,600,0
2022-05-16 10:21:00,600,600,600,600,0
2022-05-16 10:22:00,600,600,600,600,0
2022-05-16 10:23:00,600,600,600,600,0
2022-05-16 10:24:00,600,600,600,600,0
2022-05-16 10:25:00,600,600,600,600,0
2022-05-16 10:26:00,600,600,600,600,0
2022-05-16 10:27:00,600,600,600,600,0
2022-05-16 10:28:00,600,600,600,600,0
2022-05-16 10:29:00,600,600,600,600,0
2022-05-16 10:30:00,600,600,600,600,0
2022-05-16 10:31:00,600,600,600,600,0
2022-05-16 10:32:00,600,600,600,600,0
2022-05-16 10:33:00,600,600,600,600,0
2022-05-16 10:34:00,600,600,600,600,0
2022-05-16 10:35:00,600,600,600,600,0
2022-05-16 10:36:00,600,600,600,600,0
2022-05-16 10:37:00,600,600,600,600,0
2022-05-16 10:38:00,600,600,600,600,0
2022-05-16 10:39:00,600,600,600,600,0
2022-05-16 10:40:00,600,600,600,600,0
2022-05-16 10:41:00,600,600,600,600,0
2022-05-16 10:42:00,600,600,600,600,0
2022-05-16 10:43:00,600,600,600,600,0
2022-05-16 10:44:00,600,600,600,600,0
2022-05-16 10:45:00,600,600,600,600,0
2022-05-16 10:46:00,600,600,600,600,0
2022-05-16 10:47:00,600,600,600,600,0
2022-05-16 10:48:00,600,600,600,600,0
2022-05-16 10:49:00,600,600,600,600,0
2022-05-16 10:50:00,600,600,600,600,0
2022-05-16 10:51:00,600,600,600,600,0
2022-05-16 10:52:00,600,600,600,600,0
2022-05-16 10:53:00,600,600,600,600,0
2022-05-16 10:54:00,600,600,600,600,0
2022-05-16 10:55:00,600,600,600,600,0
2022-05-16 10:56:00,600,600,600,600,0
2022-05-16 10:57:00,600,600,600,600,0
2022-05-16 10:58:00,600,600,600,600,0
2022-05-16 10:59:00,600,600,600,600,0
2022-05-16 11:00:00,600,600,600,600,0
2022-05-16 11:01:00,600,600,600,600,0
2022-05-16 11:02:00,600,600,600,600,0
2022-05-16 11:03:00,600,600,600,600,0
2022-05-16 11:04:00,600,600,600,600,0
2022-05-16 11:05:00,600,600,600,600,0
2022-05-16 11:06:00,600,600,600,600,0
2022-05-16 11:07:00,600,600,600,600,0
2022-05-16 11:08:00,600,600,600,600,0
2022-05-16 11:09:00,600,600,600,600,0
2022-05-16 11:10:00,600,600,600,600,0
2022-05-16 11:11:00,600,600,600,600,0
2022-05-16 11:12:00,600,600,600,600,0
2022-05-16 11:13:00,600,600,600,600,0
2022-05-16 11:14:00,600,600,600,600,0
2022-05-16 11:15:00,600,600,600,600,0
2022-05-16 11:16:00,600,600,600,600,0
2022-05-16 11:17:00,600,600,600,600,0
2022-05-16 11:18:00,600,600,600,600,0
2022-05-16 11:19:00,600,600,600,600,0
2022-05-16 11:20:00,600,600,600,600,0
2022-05-16 11:21:00,600,600,600,600,0
2022-05-16 11:22:00,600,600,600,600,0
2022-05-16 11:23:00,600,600,600,600,0
2022-05-16 11:24:00,600,600,600,600,0
2022-05-16 11:25:00,600,600,600,600,0
2022-05-16 11:26:00,600,600,600,600,0
2022-05-16 11:27:00,600,600,600,600,0
2022-05-16 11:28:00,600,600,600,600,0
2022-05-16 11:29:00,600,600,600,600,0
2022-05-16 11:30:00,600,600,600,600,0
2022-05-16 11:31:00,600,600,600,600,0
2022-05-16 11:32:00,600,600,600,600,0
2022-05-16 11:33:00,600,600,600,600,0
2022-05-16 11:34:00,600,600,600,600,0
2022-05-16 11:35:00,600,600,600,600,0
2022-05-16 11:36:00,600,600,600,600,0
2022-05-16 11:37:00,600,600,600,600,0
2022-05-16 11:38:00,600,600,600,600,0
2022-05-16 11:39:00,600,600,600,600,0
2022-05-16 11:40:00,600,600,600,600,0
2022-05-16 11:41:00,600,600,600,600,0
2022-05-16 11:42:00,600,600,600,600,0
2022-05-16 11:43:00,600,600,600,600,0
2022-05-16 11:44:00,600,600,600,600,0
2022-05-16 11:45:00,600,600,600,600,0
2022-05-16 11:46:00,600,600,600,600,0
2022-05-16 11:47:00,600,600,600,600,0
2022-05-16 11:48:00,600,600,600,600,0
2022-05-16 11:49:00,600,600,600,600,0
2022-05-16 11:50:00,600,600,600,600,0
2022-05-16 11:51:00,600,600,600,600,0
2022-05-16 11:52:00,600,600,600,600,0
2022-05-16 11:53:00,600,600,600,600,0
2022-05-16 11:54:00,600,600,600,600,0
2022-05-16 11:55:00,600,600,600,600,0
2022-05-16 11:56:00,600,600,600,600,0
2022-05-16 11:57:00,600,600,600,600,0
2022-05-16 11:58:00,600,600,600,600,0
2022-05-16 11:59:00,600,600,600,600,0
2022-05-16 12:00:00,600,600,600,600,0
2022-05-16 12:01:00,600,600,600,600,0
2022-05-16 12:02:00,600,600,600,600,0
2022-05-16 12:03:00,600,600,600,600,0
2022-05-16 12:04:00,600,600,600,600,0
2022-05-16 12:05:00,600,600,600,600,0
2022-05-16 12:06:00,600,600,600,600,0
2022-05-16 12:07:00,600,600,600,600,0
2022-05-16 12:08:00,600,600,600,600,0
2022-05-16 12:09:00,600,600,600,600,0
2022-05-16 12:10:00,600,600,600,600,0
2022-05-16 12:11:00,600,600,600,600,0
2022-05-16 12:12:00,600,600,600,600,0
2022-05-16 12:13:00,600,600,600,600,0
2022-05-16 12:14:00,600,600,600,600,0
2022-05-16 12:15:00,600,600,600,600,0
2022-05-16 12:16:00,600,600,600,600,0
2022-05-16 12:17:00,600,600,600,600,0
2022-05-16 12:18:00,600,600,600,600,0
2022-05-16 12:19:00,600,600,600,600,0
2022-05-16 12:20:00,600,600,600,600,0
2022-05-16 12:21:00,600,600,600,600,0
2022-05-16 12:22:00,600,600,600,600,0
2022-05-16 12:23:00,600,600,600,600,0
2022-05-16 12:24:00,600,600,600,600,0
2022-05-16 12:25:00,600,600,600,600,0
2022-05-16 12:26:00,600,600,600,600,0
2022-05-16 12:27:00,600,600,600,600,0
2022-05-16 12:28:00,600,600,600,600,0
2022-05-16 12:29:00,600,600,600,600,0
2022-05-16 12:30:00,600,600,600,600,0
2022-05-16 12:31:00,600,600,600,600,0
2022-05-16 12:32:00,600,600,600,600,0
2022-05-16 12:33:00,600,600,600,600,0
2022-05-16 12:34:00,600,600,600,600,0
2022-05-16 12:35:00,600,600,600,600,0
2022-05-16 12:36:00,600,600,600,600,0
2022-05-16 12:37:00,600,600,600,600,0
2022-05-16 12:38:00,600,600,600,600,0
2022-05-16 12:39:00,600,600,600,600,0
2022-05-16 12:40:00,600,600,600,600,0
2022-05-16 12:41:00,600,600,600,600,0
2022-05-16 12:42:00,600,600,600,600,0
2022-05-16 12:43:00,600,600,600,600,0
2022-05-16 12:44:00,600,600,600,600,0
2022-05-16 12:45:00,600,600,600,600,0
2022-05-16 12:46:00,600,600,600,600,0
2022-05-16 12:47:00,600,600,600,600,0
2022-05-16 12:48:00,600,600,600,600,0
2022-05-16 12:49:00,600,600,600,600,0
2022-05-16 12:50:00,600,600,600,600,0
2022-05-16 12:51:00,600,600,600,600,0
2022-05-16 12:52:00,600,600,600,600,0
2022-05-16 12:53:00,600,600,600,600,0
2022-05-16 12:54:00,600,600,600,600,0
2022-05-16 12:55:00,600,600,600,600,0
2022-05-16 12:56:00,600,600,600,600,0
2022-05-16 12:57:00,600,600,600,600,0
2022-05-16 12:58:00,600,600,600,600,0
2022-05-16 12:59:00,600,600,600,600,0
2022-05-16 13:00:00,600,600,600,600,0
2022-05-16 13:01:00,600,600,600,600,0
2022-05-16 13:02:00,600,600,600,600,0
2022-05-16 13:03:00,600,600,600,600,0
2022-05-16 13:04:00,600,600,600,600,0
2022-05-16 13:05:00,600,600,600,600,0
2022-05-16 13:06:00,600,600,600,600,0
2022-05-16 13:07:00,600,600,600,600,0
2022-05-16 13:08:00,600,600,600,600,0
2022-05-16 13:09:00,600,600,600,600,0
2022-05-16 13:10:00,600,600,600,600,0
2022-05-16 13:11:00,600,600,600,600,0
2022-05-16 13:12:00,600,600,600,600,0
2022-05-16 13:13:00,600,600,600,600,0
2022-05-16 13:14:00,600,600,600,600,0
2022-05-16 13:15:00,600,600,600,600,0
2022-05-16 13:16:00,600,600,600,600,0
2022-05-16 13:17:00,600,600,600,600,0
2022-05-16 13:18:00,600,600,600,600,0
2022-05-16 13:19:00,600,600,600,600,0
2022-05-16 13:20:00,600,600,600,600,0
2022-05-16 13:21:00,600,600,600,600,0
2022-05-16 13:22:00,600,600,600,600,0
2022-05-16 13:23:00,600,600,600,600,0
2022-05-16 13:24:00,600,600,600,600,0
2022-05-16 13:25:00,600,600,600,600,0
2022-05-16 13:26:00,600,600,600,600,0
2022-05-16 13:27:00,600,600,600,600,0
2022-05-16 13:28:00,600,600,600,600,0
2022-05-16 13:29:00,600,600,600,600,0
2022-05-16 13:30:00,600,600,600,600,0
2022-05-16 13:31:00,600,600,600,600,0
2022-05-16 13:32:00,600,600,600,600,0
2022-05-16 13:33:00,600,600,600,600,0
2022-05-16 13:34:00,600,600,600,600,0
2022-05-16 13:35:00,600,600,600,600,0
2022-05-16 13:36:00,600,600,600,600,0
2022-05-16 13:37:00,600,600,600,600,0
2022-05-16 13:38:00,600,600,600,600,0
2022-05-16 13:39:00,600,600,600,600,0
2022-05-16 13:40:00,600,600,600,600,0
2022-05-16 13:41:00,600,600,600,600,0
2022-05-16 13:42:00,600,600,600,600,0
2022-05-16 13:43:00,600,600,600,600,0
2022-05-16 13:44:00,600,600,600,600,0
2022-05-16 13:45:00,600,600,600,600,0
2022-05-16 13:46:00,600,600,600,600,0
2022-05-16 13:47:00,600,600,600,600,0
2022-05-16 13:48:00,600,600,600,600,0
2022-05-16 13:49:00,600,600,600,600,0
2022-05-16 13:50:00,600,600,600,600,0
2022-05-16 13:51:00,600,600,600,600,0
2022-05-16 13:52:00,600,600,600,600,0
2022-05-16 13:53:00,600,600,600,600,0
2022-05-16 13:54:00,600,600,600,600,0
2022-05-16 13:55:00,600,600,600,600,0
2022-05-16 13:56:00,600,600,600,600,0
2022-05-16 13:57:00,600,600,600,600,0
2022-05-16 13:58:00,600,600,600,600,0
2022-05-16 13:59:00,600,600,600,600,0
2022-05-16 14:00:00,600,600,600,600,0
2022-05-16 14:01:00,600,600,600,600,0
2022-05-16 14:02:00,600,600,600,600,0
2022-05-16 14:03:00,600,600,600,600,0
2022-05-16 14:04:00,600,600,600,600,0
2022-05-16 14:05:00,600,600,600,600,0
2022-05-16 14:06:00,600,600,600,600,0
2022-05-16 14:07:00,600,600,600,600,0
2022-05-16 14:08:00,600,600,600,600,0
2022-05-16 14:09:00,600,600,600,600,0
2022-05-16 14:10:00,600,600,600,600,0
2022-05-16 14:11:00,600,600,600,600,0
2022-05-16 14:12:00,600,600,600,600,0
2022-05-16 14:13:00,600,600,600,600,0
2022-05-16 14:14:00,600,600,600,600,0
2022-05-16 14:15:00,600,600,600,600,0
2022-05-16 14:16:00,600,600,600,600,0
2022-05-16 14:17:00,600,600,600,600,0
2022-05-16 14:18:00,600,600,600,600,0
2022-05-16 14:19:00,600,600,600,600,0
2022-05-16 14:20:00,600,600,600,600,0
2022-05-16 14:21:00,600,600,600,600,0
2022-05-16 14:22:00,600,600,600,600,0
2022-05-16 14:23:00,600,600,600,600,0
2022-05-16 14:24:00,600,600,600,600,0
2022-05-16 14:25:00,600,600,600,600,0
2022-05-16 14:26:00,600,600,600,600,0
2022-05-16 14:27:00,600,600,600,600,0
2022-05-16 14:28:00,600,600,600,600,0
2022-05-16 14:29:00,600,600,600,600,0
2022-05-16 14:30:00,600,600,600,600,0
2022-05-16 14:31:00,600,600,600,600,0
2022-05-16 14:32:00,600,600,600,600,0
2022-05-16 14:33:00,600,600,600,600,0
2022-05-16 14:34:00,600,600,600,600,0
2022-05-16 14:35:00,600,600,600,600,0
2022-05-16 14:36:00,600,600,600,600,0
2022-05-16 14:37:00,600,600,600,600,0
2022-05-16 14:38:00,600,600,600,600,0
2022-05-16 14:39:00,600,600,600,600,0
2022-05-16 14:40:00,600,600,600,600,0
2022-05-16 14:41:00,600,600,600,600,0
2022-05-16 14:42:00,600,600,600,600,0
2022-05-16 14:43:00,600,600,600,600,0
2022-05-16 14:44:00,600,600,600,600,0
2022-05-16 14:45:00,600,600,600,600,0
2022-05-16 14:46:00,600,600,600,600,0
2022-05-16 14:47:00,600,600,600,600,0
2022-05-16 14:48:00,600,600,600,600,0
2022-05-16 14:49:00,600,600,600,600,0
2022-05-16 14:50:00,600,600,600,600,0
2022-05-16 14:51:00,600,600,600,600,0
2022-05-16 14:52:00,600,600,600,600,0
2022-05-16 14:53:00,600,600,600,600,0
2022-05-16 14:54:00,600,600,600,600,0
2022-05-16 14:55:00,600,600,600,600,0
2022-05-16 14:56:00,600,600,600,600,0
2022-05-16 14:57:00,600,600,600,600,0
2022-05-16 14:58:00,600,600,600,600,0
2022-05-16 14:59:00,600,600,600,600,0
2022-05-16 15:00:00,600,600,600,600,0
2022-05-16 15:01:00,600,600,600,600,0
2022-05-16 15:02:00,600,600,600,600,0
2022-05-16 15:03:00,600,600,600,600,0
2022-05-16 15:04:00,600,600,600,600,0
2022-05-16 15:05:00,600,600,600,600,0
2022-05-16 15:06:00,600,600,600,600,0
2022-05-16 15:07:00,600,600,600,600,0
2022-05-16 15:08:00,600,600,600,600,0
2022-05-16 15:09:00,600,600,600,600,0
2022-05-16 15:10:00,600,600,600,600,0
2022-05-16 15:11:00,600,600,600,600,0
2022-05-16 15:12:00,600,600,600,600,0
2022-05-16 15:13:00,600,600,600,600,0
2022-05-16 15:14:00,600,600,600,600,0
2022-05-16 15:15:00,600,600,600,600,0
2022-05-16 15:16:00,600,600,600,600,0
2022-05-16 15:17:00,600,600,600,600,0
2022-05-16 15:18:00,600,600,600,600,0
2022-05-16 15:19:00,600,600,600,600,0
2022-05-16 15:20:00,600,600,600,600,0
2022-05-16 15:21:00,600,600,600,600,0
2022-05-16 15:22:00,600,600,600,600,0
2022-05-16 15:23:00,600,600,600,600,0
2022-05-16 15:24:00,600,600,600,600,0
2022-05-16 15:25:00,600,600,600,600,0
2022-05-16 15:26:00,600,600,600,600,0
2022-05-16 15:27:00,600,600,600,600,0
2022-05-16 15:28:00,600,600,600,600,0
2022-05-16 15:29:00,600,600,600,600,0
2022-05-16 15:30:00,600,600,600,600,0
2022-05-16 15:31:00,600,600,600,600,0
2022-05-16 15:32:00,600,600,600,600,0
2022-05-16 15:33:00,600,600,600,600,0
2022-05-16 15:34:00,600,600,600,600,0
2022-05-16 15:35:00,600,600,600,600,0
2022-05-16 15:36:00,600,600,600,600,0
2022-05-16 15:37:00,600,600,600,600,0
2022-05-16 15:38:00,600,600,600,600,0
2022-05-16 15:39:00,600,600,600,600,0
2022-05-16 15:40:00,600,600,600,600,0
2022-05-16 15:41:00,600,600,600,600,0
2022-05-16 15:42:00,600,600,600,600,0
2022-05-16 15:43:00,600,600,600,600,0
2022-05-16 15:44:00,600,600,600,600,0
2022-05-16 15:45:00,600,600,600,600,0
2022-05-16 15:46:00,600,600,600,600,0
2022-05-16 15:47:00,600,600,600,600,0
2022-05-16 15:48:00,600,600,600,600,0
2022-05-16 15:49:00,600,600,600,600,0
2022-05-16 15:50:00,600,600,600,600,0
2022-05-16 15:51:00,600,600,600,600,0
2022-05-16 15:52:00,600,600,600,600,0
2022-05-16 15:53:00,600,600,600,600,0
2022-05-16 15:54:00,600,600,600,600,0
2022-05-16 15:55:00,600,600,600,600,0
2022-05-16 15:56:00,600,600,600,600,0
2022-05-16 15:57:00,600,600,600,600,0
2022-05-16 15:58:00,600,600,600,600,0
2022-05-16 15:59:00,600,600,600,600,0
2022-05-17 09:00:00,600,600,600,600,0
2022-05-17 09:01:00,595,595,595,595,200
2022-05-17 09:02:00,600,600,600,600,400
2022-05-17 09:03:00,595,595,595,595,700
2022-05-17 09:04:00,595,595,595,595,0
2022-05-17 09:05:00,595,595,595,595,0
2022-05-17 09:06:00,595,595,595,595,100
2022-05-17 09:07:00,595,595,595,595,0
2022-05-17 09:08:00,595,595,595,595,100
2022-05-17 09:09:00,595,595,595,595,0
2022-05-17 09:10:00,595,595,595,595,0
2022-05-17 09:11:00,595,595,595,595,1000
2022-05-17 09:12:00,595,595,595,595,0
2022-05-17 09:13:00,595,595,595,595,0
2022-05-17 09:14:00,595,595,595,595,0
2022-05-17 09:15:00,595,595,595,595,0
2022-05-17 09:16:00,595,595,595,595,0
2022-05-17 09:17:00,595,595,595,595,0
2022-05-17 09:18:00,595,595,595,595,0
2022-05-17 09:19:00,595,595,595,595,0
2022-05-17 09:20:00,595,595,595,595,20000
2022-05-17 09:21:00,595,595,595,595,0
2022-05-17 09:22:00,595,595,595,595,0
2022-05-17 09:23:00,595,595,595,595,0
2022-05-17 09:24:00,595,595,595,595,0
2022-05-17 09:25:00,595,595,595,595,0
2022-05-17 09:26:00,595,595,595,595,0
2022-05-17 09:27:00,595,595,595,595,0
2022-05-17 09:28:00,595,595,595,595,0
2022-05-17 09:29:00,595,595,595,595,0
2022-05-17 09:30:00,595,595,595,595,0
2022-05-17 09:31:00,595,595,595,595,0
2022-05-17 09:32:00,595,595,595,595,0
2022-05-17 09:33:00,595,595,595,595,0
2022-05-17 09:34:00,595,595,595,595,0
2022-05-17 09:35:00,595,595,595,595,0
2022-05-17 09:36:00,600,600,600,600,200
2022-05-17 09:37:00,600,600,600,600,200
2022-05-17 09:38:00,600,600,600,600,0
2022-05-17 09:39:00,600,600,600,600,0
2022-05-17 09:40:00,595,595,600,600,1400
2022-05-17 09:41:00,600,600,600,600,300
2022-05-17 09:42:00,600,600,600,600,0
2022-05-17 09:43:00,600,600,600,600,0
2022-05-17 09:44:00,600,600,600,600,0
2022-05-17 09:45:00,600,600,600,600,0
2022-05-17 09:46:00,595,595,595,595,300
2022-05-17 09:47:00,595,595,595,595,0
2022-05-17 09:48:00,595,595,595,595,0
2022-05-17 09:49:00,595,595,595,595,0
2022-05-17 09:50:00,595,595,595,595,0
2022-05-17 09:51:00,595,595,595,595,0
2022-05-17 09:52:00,595,595,595,595,0
2022-05-17 09:53:00,595,595,595,595,0
2022-05-17 09:54:00,595,595,595,595,0
2022-05-17 09:55:00,595,595,595,595,0
2022-05-17 09:56:00,595,595,595,595,0
2022-05-17 09:57:00,595,595,595,595,0
2022-05-17 09:58:00,595,595,595,595,0
2022-05-17 09:59:00,595,595,595,595,0
2022-05-17 10:00:00,595,595,595,595,0
2022-05-17 10:01:00,595,595,595,595,0
2022-05-17 10:02:00,595,595,595,595,0
2022-05-17 10:03:00,595,595,595,595,0
2022-05-17 10:04:00,595,595,595,595,300
2022-05-17 10:05:00,595,595,595,595,0
2022-05-17 10:06:00,595,595,595,595,0
2022-05-17 10:07:00,595,595,595,595,0
2022-05-17 10:08:00,595,595,595,595,0
2022-05-17 10:09:00,595,595,595,595,0
2022-05-17 10:10:00,595,595,595,595,0
2022-05-17 10:11:00,595,595,595,595,0
2022-05-17 10:12:00,595,595,595,595,0
2022-05-17 10:13:00,595,595,595,595,0
2022-05-17 10:14:00,595,595,595,595,0
2022-05-17 10:15:00,595,595,595,595,0
2022-05-17 10:16:00,595,595,595,595,0
2022-05-17 10:17:00,595,595,595,595,0
2022-05-17 10:18:00,595,595,595,595,0
2022-05-17 10:19:00,595,595,595,595,0
2022-05-17 10:20:00,595,595,595,595,0
2022-05-17 10:21:00,595,595,595,595,0
2022-05-17 10:22:00,595,595,595,595,0
2022-05-17 10:23:00,595,595,595,595,0
2022-05-17 10:24:00,595,595,595,595,0
2022-05-17 10:25:00,595,595,595,595,0
2022-05-17 10:26:00,595,595,595,595,0
2022-05-17 10:27:00,595,595,595,595,0
2022-05-17 10:28:00,595,595,595,595,0
2022-05-17 10:29:00,595,595,595,595,0
2022-05-17 10:30:00,595,595,595,595,0
2022-05-17 10:31:00,595,595,595,595,0
2022-05-17 10:32:00,595,595,595,595,0
2022-05-17 10:33:00,595,595,595,595,0
2022-05-17 10:34:00,595,595,595,595,0
2022-05-17 10:35:00,595,595,595,595,0
2022-05-17 10:36:00,595,595,595,595,0
2022-05-17 10:37:00,595,595,595,595,0
2022-05-17 10:38:00,595,595,595,595,0
2022-05-17 10:39:00,595,595,595,595,0
2022-05-17 10:40:00,595,595,595,595,0
2022-05-17 10:41:00,595,595,595,595,0
2022-05-17 10:42:00,595,595,595,595,0
2022-05-17 10:43:00,595,595,595,595,0
2022-05-17 10:44:00,595,595,595,595,0
2022-05-17 10:45:00,595,595,595,595,0
2022-05-17 10:46:00,595,595,595,595,0
2022-05-17 10:47:00,595,595,595,595,0
2022-05-17 10:48:00,595,595,595,595,0
2022-05-17 10:49:00,595,595,595,595,0
2022-05-17 10:50:00,595,595,595,595,0
2022-05-17 10:51:00,595,595,595,595,0
2022-05-17 10:52:00,595,595,595,595,0
2022-05-17 10:53:00,595,595,595,595,0
2022-05-17 10:54:00,595,595,595,595,0
2022-05-17 10:55:00,595,595,595,595,0
2022-05-17 10:56:00,595,595,595,595,0
2022-05-17 10:57:00,595,595,595,595,0
2022-05-17 10:58:00,595,595,595,595,0
2022-05-17 10:59:00,595,595,595,595,0
2022-05-17 11:00:00,595,595,595,595,0
2022-05-17 11:01:00,590,590,595,595,5300
2022-05-17 11:02:00,590,590,595,595,0
2022-05-17 11:03:00,590,590,595,595,0
2022-05-17 11:04:00,590,590,595,595,0
2022-05-17 11:05:00,590,590,595,595,0
2022-05-17 11:06:00,590,590,595,595,0
2022-05-17 11:07:00,590,590,595,595,0
2022-05-17 11:08:00,590,590,595,595,0
2022-05-17 11:09:00,590,590,595,595,0
2022-05-17 11:10:00,590,590,595,595,0
2022-05-17 11:11:00,590,590,595,595,0
2022-05-17 11:12:00,590,590,595,595,0
2022-05-17 11:13:00,590,590,595,595,0
2022-05-17 11:14:00,590,590,595,595,0
2022-05-17 11:15:00,590,590,595,595,0
2022-05-17 11:16:00,590,590,595,595,0
2022-05-17 11:17:00,590,590,595,595,0
2022-05-17 11:18:00,590,590,595,595,0
2022-05-17 11:19:00,590,590,595,595,0
2022-05-17 11:20:00,590,590,595,595,0
2022-05-17 11:21:00,590,590,595,595,0
2022-05-17 11:22:00,595,595,595,595,500
2022-05-17 11:23:00,595,595,595,595,0
2022-05-17 11:24:00,595,595,595,595,0
2022-05-17 11:25:00,595,595,595,595,0
2022-05-17 11:26:00,595,595,595,595,0
2022-05-17 11:27:00,595,595,595,595,0
2022-05-17 11:28:00,595,595,595,595,300
2022-05-17 11:29:00,595,595,595,595,200
2022-05-17 11:30:00,595,595,595,595,0
2022-05-17 11:31:00,595,595,595,595,0
2022-05-17 11:32:00,595,595,595,595,0
2022-05-17 11:33:00,595,595,595,595,0
2022-05-17 11:34:00,595,595,595,595,0
2022-05-17 11:35:00,595,595,595,595,0
2022-05-17 11:36:00,595,595,595,595,0
2022-05-17 11:37:00,595,595,595,595,0
2022-05-17 11:38:00,595,595,595,595,0
2022-05-17 11:39:00,595,595,595,595,0
2022-05-17 11:40:00,595,595,595,595,0
2022-05-17 11:41:00,595,595,595,595,0
2022-05-17 11:42:00,595,595,595,595,0
2022-05-17 11:43:00,595,595,595,595,0
2022-05-17 11:44:00,595,595,595,595,0
2022-05-17 11:45:00,595,595,595,595,0
2022-05-17 11:46:00,595,595,595,595,0
2022-05-17 11:47:00,595,595,595,595,0
2022-05-17 11:48:00,595,595,595,595,0
2022-05-17 11:49:00,595,595,595,595,0
2022-05-17 11:50:00,595,595,595,595,0
2022-05-17 11:51:00,595,595,595,595,0
2022-05-17 11:52:00,595,595,595,595,0
2022-05-17 11:53:00,595,595,595,595,0
2022-05-17 11:54:00,595,595,595,595,0
2022-05-17 11:55:00,595,595,595,595,0
2022-05-17 11:56:00,595,595,595,595,0
2022-05-17 11:57:00,595,595,595,595,0
2022-05-17 11:58:00,595,595,595,595,0
2022-05-17 11:59:00,595,595,595,595,0
2022-05-17 12:00:00,595,595,595,595,0
2022-05-17 12:01:00,595,595,595,595,0
2022-05-17 12:02:00,595,595,595,595,0
2022-05-17 12:03:00,595,595,595,595,0
2022-05-17 12:04:00,595,595,595,595,0
2022-05-17 12:05:00,595,595,595,595,0
2022-05-17 12:06:00,595,595,595,595,0
2022-05-17 12:07:00,595,595,595,595,0
2022-05-17 12:08:00,595,595,595,595,0
2022-05-17 12:09:00,595,595,595,595,0
2022-05-17 12:10:00,595,595,595,595,0
2022-05-17 12:11:00,595,595,595,595,0
2022-05-17 12:12:00,595,595,595,595,0
2022-05-17 12:13:00,595,595,595,595,0
2022-05-17 12:14:00,595,595,595,595,0
2022-05-17 12:15:00,595,595,595,595,0
2022-05-17 12:16:00,595,595,595,595,0
2022-05-17 12:17:00,595,595,595,595,0
2022-05-17 12:18:00,595,595,595,595,0
2022-05-17 12:19:00,595,595,595,595,0
2022-05-17 12:20:00,595,595,595,595,0
2022-05-17 12:21:00,595,595,595,595,0
2022-05-17 12:22:00,595,595,595,595,0
2022-05-17 12:23:00,595,595,595,595,0
2022-05-17 12:24:00,595,595,595,595,0
2022-05-17 12:25:00,595,595,595,595,0
2022-05-17 12:26:00,595,595,595,595,0
2022-05-17 12:27:00,595,595,595,595,0
2022-05-17 12:28:00,595,595,595,595,0
2022-05-17 12:29:00,595,595,595,595,0
2022-05-17 12:30:00,595,595,595,595,0
2022-05-17 12:31:00,595,595,595,595,0
2022-05-17 12:32:00,595,595,595,595,0
2022-05-17 12:33:00,595,595,595,595,0
2022-05-17 12:34:00,595,595,595,595,0
2022-05-17 12:35:00,595,595,595,595,0
2022-05-17 12:36:00,595,595,595,595,0
2022-05-17 12:37:00,595,595,595,595,0
2022-05-17 12:38:00,595,595,595,595,0
2022-05-17 12:39:00,595,595,595,595,0
2022-05-17 12:40:00,595,595,595,595,0
2022-05-17 12:41:00,595,595,595,595,0
2022-05-17 12:42:00,595,595,595,595,0
2022-05-17 12:43:00,595,595,595,595,0
2022-05-17 12:44:00,595,595,595,595,0
2022-05-17 12:45:00,595,595,595,595,0
2022-05-17 12:46:00,595,595,595,595,0
2022-05-17 12:47:00,595,595,595,595,0
2022-05-17 12:48:00,595,595,595,595,0
2022-05-17 12:49:00,595,595,595,595,0
2022-05-17 12:50:00,595,595,595,595,0
2022-05-17 12:51:00,595,595,595,595,0
2022-05-17 12:52:00,595,595,595,595,0
2022-05-17 12:53:00,595,595,595,595,0
2022-05-17 12:54:00,595,595,595,595,0
2022-05-17 12:55:00,595,595,595,595,0
2022-05-17 12:56:00,595,595,595,595,0
2022-05-17 12:57:00,595,595,595,595,0
2022-05-17 12:58:00,595,595,595,595,0
2022-05-17 12:59:00,595,595,595,595,0
2022-05-17 13:00:00,595,595,595,595,0
2022-05-17 13:01:00,595,595,595,595,0
2022-05-17 13:02:00,595,595,595,595,0
2022-05-17 13:03:00,595,595,595,595,0
2022-05-17 13:04:00,595,595,595,595,0
2022-05-17 13:05:00,595,595,595,595,0
2022-05-17 13:06:00,595,595,595,595,0
2022-05-17 13:07:00,595,595,595,595,0
2022-05-17 13:08:00,595,595,595,595,0
2022-05-17 13:09:00,595,595,595,595,0
2022-05-17 13:10:00,595,595,595,595,0
2022-05-17 13:11:00,595,595,595,595,0
2022-05-17 13:12:00,595,595,595,595,0
2022-05-17 13:13:00,595,595,595,595,0
2022-05-17 13:14:00,595,595,595,595,0
2022-05-17 13:15:00,595,595,595,595,0
2022-05-17 13:16:00,595,595,595,595,0
2022-05-17 13:17:00,595,595,595,595,0
2022-05-17 13:18:00,595,595,595,595,0
2022-05-17 13:19:00,595,595,595,595,0
2022-05-17 13:20:00,595,595,595,595,0
2022-05-17 13:21:00,595,595,595,595,0
2022-05-17 13:22:00,595,595,595,595,0
2022-05-17 13:23:00,595,595,595,595,0
2022-05-17 13:24:00,595,595,595,595,0
2022-05-17 13:25:00,595,595,595,595,0
2022-05-17 13:26:00,595,595,595,595,0
2022-05-17 13:27:00,595,595,595,595,0
2022-05-17 13:28:00,595,595,595,595,0
2022-05-17 13:29:00,595,595,595,595,0
2022-05-17 13:30:00,595,595,595,595,0
2022-05-17 13:31:00,595,595,595,595,0
2022-05-17 13:32:00,595,595,595,595,0
2022-05-17 13:33:00,595,595,595,595,300
2022-05-17 13:34:00,595,595,595,595,300
2022-05-17 13:35:00,595,595,595,595,0
2022-05-17 13:36:00,595,595,595,595,0
2022-05-17 13:37:00,595,595,595,595,0
2022-05-17 13:38:00,595,595,595,595,0
2022-05-17 13:39:00,595,595,595,595,0
2022-05-17 13:40:00,595,595,595,595,0
2022-05-17 13:41:00,595,595,595,595,0
2022-05-17 13:42:00,595,595,595,595,0
2022-05-17 13:43:00,595,595,595,595,0
2022-05-17 13:44:00,595,595,595,595,0
2022-05-17 13:45:00,595,595,595,595,0
2022-05-17 13:46:00,595,595,595,595,0
2022-05-17 13:47:00,595,595,595,595,0
2022-05-17 13:48:00,595,595,595,595,0
2022-05-17 13:49:00,595,595,595,595,0
2022-05-17 13:50:00,595,595,595,595,0
2022-05-17 13:51:00,595,595,595,595,0
2022-05-17 13:52:00,595,595,595,595,0
2022-05-17 13:53:00,595,595,595,595,0
2022-05-17 13:54:00,595,595,595,595,300
2022-05-17 13:55:00,595,595,595,595,0
2022-05-17 13:56:00,595,595,595,595,0
2022-05-17 13:57:00,595,595,595,595,0
2022-05-17 13:58:00,595,595,595,595,1000
2022-05-17 13:59:00,595,595,595,595,0
2022-05-17 14:00:00,595,595,595,595,0
2022-05-17 14:01:00,595,595,595,595,0
2022-05-17 14:02:00,595,595,595,595,0
2022-05-17 14:03:00,595,595,595,595,0
2022-05-17 14:04:00,595,595,595,595,0
2022-05-17 14:05:00,595,595,595,595,0
2022-05-17 14:06:00,595,595,595,595,0
2022-05-17 14:07:00,595,595,595,595,0
2022-05-17 14:08:00,595,595,595,595,0
2022-05-17 14:09:00,595,595,595,595,0
2022-05-17 14:10:00,595,595,595,595,0
2022-05-17 14:11:00,595,595,595,595,0
2022-05-17 14:12:00,595,595,595,595,0
2022-05-17 14:13:00,595,595,595,595,0
2022-05-17 14:14:00,595,595,595,595,0
2022-05-17 14:15:00,595,595,595,595,0
2022-05-17 14:16:00,595,595,595,595,0
2022-05-17 14:17:00,595,595,595,595,0
2022-05-17 14:18:00,590,590,590,590,5000
2022-05-17 14:19:00,595,595,595,595,800
2022-05-17 14:20:00,595,595,595,595,0
2022-05-17 14:21:00,595,595,595,595,200
2022-05-17 14:22:00,595,595,595,595,0
2022-05-17 14:23:00,595,595,595,595,0
2022-05-17 14:24:00,595,595,595,595,0
2022-05-17 14:25:00,595,595,595,595,0
2022-05-17 14:26:00,595,595,595,595,0
2022-05-17 14:27:00,595,595,595,595,0
2022-05-17 14:28:00,595,595,595,595,0
2022-05-17 14:29:00,595,595,595,595,0
2022-05-17 14:30:00,595,595,595,595,0
2022-05-17 14:31:00,595,595,595,595,0
2022-05-17 14:32:00,595,595,595,595,0
2022-05-17 14:33:00,595,595,595,595,0
2022-05-17 14:34:00,595,595,595,595,0
2022-05-17 14:35:00,595,595,595,595,300
2022-05-17 14:36:00,595,595,595,595,0
2022-05-17 14:37:00,595,595,595,595,0
2022-05-17 14:38:00,595,595,595,595,0
2022-05-17 14:39:00,595,595,595,595,0
2022-05-17 14:40:00,595,595,595,595,0
2022-05-17 14:41:00,595,595,595,595,0
2022-05-17 14:42:00,595,595,595,595,300
2022-05-17 14:43:00,595,595,595,595,0
2022-05-17 14:44:00,595,595,595,595,0
2022-05-17 14:45:00,595,595,595,595,0
2022-05-17 14:46:00,590,590,590,590,200
2022-05-17 14:47:00,595,595,595,595,800
2022-05-17 14:48:00,595,595,595,595,400
2022-05-17 14:49:00,595,595,595,595,1100
2022-05-17 14:50:00,595,595,595,595,0
2022-05-17 14:51:00,595,595,595,595,0
2022-05-17 14:52:00,595,595,595,595,0
2022-05-17 14:53:00,595,595,595,595,0
2022-05-17 14:54:00,595,595,595,595,0
2022-05-17 14:55:00,595,595,595,595,0
2022-05-17 14:56:00,595,595,595,595,0
2022-05-17 14:57:00,595,595,595,595,0
2022-05-17 14:58:00,595,595,595,595,0
2022-05-17 14:59:00,595,595,595,595,0
2022-05-17 15:00:00,595,595,595,595,100000
2022-05-17 15:01:00,595,595,595,595,0
2022-05-17 15:02:00,595,595,595,595,0
2022-05-17 15:03:00,595,595,595,595,0
2022-05-17 15:04:00,595,595,595,595,0
2022-05-17 15:05:00,595,595,595,595,0
2022-05-17 15:06:00,595,595,595,595,0
2022-05-17 15:07:00,595,595,595,595,0
2022-05-17 15:08:00,595,595,595,595,0
2022-05-17 15:09:00,595,595,595,595,0
2022-05-17 15:10:00,595,595,595,595,0
2022-05-17 15:11:00,595,595,595,595,0
2022-05-17 15:12:00,595,595,595,595,0
2022-05-17 15:13:00,595,595,595,595,0
2022-05-17 15:14:00,595,595,595,595,0
2022-05-17 15:15:00,595,595,595,595,0
2022-05-17 15:16:00,595,595,595,595,0
2022-05-17 15:17:00,595,595,595,595,0
2022-05-17 15:18:00,595,595,595,595,0
2022-05-17 15:19:00,595,595,595,595,0
2022-05-17 15:20:00,595,595,595,595,0
2022-05-17 15:21:00,595,595,595,595,0
2022-05-17 15:22:00,595,595,595,595,0
2022-05-17 15:23:00,595,595,595,595,0
2022-05-17 15:24:00,595,595,595,595,0
2022-05-17 15:25:00,595,595,595,595,0
2022-05-17 15:26:00,595,595,595,595,0
2022-05-17 15:27:00,595,595,595,595,0
2022-05-17 15:28:00,595,595,595,595,0
2022-05-17 15:29:00,595,595,595,595,0
2022-05-17 15:30:00,595,595,595,595,0
2022-05-17 15:31:00,595,595,595,595,0
2022-05-17 15:32:00,595,595,595,595,0
2022-05-17 15:33:00,595,595,595,595,0
2022-05-17 15:34:00,595,595,595,595,0
2022-05-17 15:35:00,595,595,595,595,0
2022-05-17 15:36:00,595,595,595,595,0
2022-05-17 15:37:00,595,595,595,595,0
2022-05-17 15:38:00,595,595,595,595,0
2022-05-17 15:39:00,595,595,595,595,0
2022-05-17 15:40:00,595,595,595,595,0
2022-05-17 15:41:00,595,595,595,595,0
2022-05-17 15:42:00,595,595,595,595,0
2022-05-17 15:43:00,595,595,595,595,0
2022-05-17 15:44:00,595,595,595,595,0
2022-05-17 15:45:00,595,595,595,595,0
2022-05-17 15:46:00,595,595,595,595,0
2022-05-17 15:47:00,595,595,595,595,0
2022-05-17 15:48:00,595,595,595,595,0
2022-05-17 15:49:00,595,595,595,595,0
2022-05-17 15:50:00,595,595,595,595,0
2022-05-17 15:51:00,595,595,595,595,0
2022-05-17 15:52:00,595,595,595,595,0
2022-05-17 15:53:00,595,595,595,595,0
2022-05-17 15:54:00,595,595,595,595,0
2022-05-17 15:55:00,595,595,595,595,0
2022-05-17 15:56:00,595,595,595,595,0
2022-05-17 15:57:00,595,595,595,595,0
2022-05-17 15:58:00,595,595,595,595,0
2022-05-17 15:59:00,595,595,595,595,0
2022-05-18 09:00:00,595,595,595,595,0
2022-05-18 09:01:00,595,595,595,595,0
2022-05-18 09:02:00,595,595,595,595,0
2022-05-18 09:03:00,595,595,595,595,200
2022-05-18 09:04:00,595,595,595,595,600
2022-05-18 09:05:00,595,595,595,595,0
2022-05-18 09:06:00,590,590,590,590,900
2022-05-18 09:07:00,590,590,590,590,300
2022-05-18 09:08:00,590,590,590,590,0
2022-05-18 09:09:00,590,590,590,590,0
2022-05-18 09:10:00,590,590,590,590,500
2022-05-18 09:11:00,590,590,590,590,0
2022-05-18 09:12:00,590,590,590,590,0
2022-05-18 09:13:00,590,590,590,590,0
2022-05-18 09:14:00,590,590,590,590,0
2022-05-18 09:15:00,590,590,590,590,0
2022-05-18 09:16:00,590,590,590,590,0
2022-05-18 09:17:00,590,590,590,590,1000
2022-05-18 09:18:00,590,590,590,590,0
2022-05-18 09:19:00,590,590,590,590,0
2022-05-18 09:20:00,590,590,590,590,0
2022-05-18 09:21:00,590,590,590,590,2100
2022-05-18 09:22:00,590,590,590,590,0
2022-05-18 09:23:00,590,590,590,590,0
2022-05-18 09:24:00,590,590,590,590,0
2022-05-18 09:25:00,590,590,590,590,0
2022-05-18 09:26:00,590,590,590,590,0
2022-05-18 09:27:00,590,590,590,590,0
2022-05-18 09:28:00,590,590,590,590,0
2022-05-18 09:29:00,590,590,590,590,0
2022-05-18 09:30:00,590,590,590,590,0
2022-05-18 09:31:00,590,590,590,590,0
2022-05-18 09:32:00,590,590,590,590,0
2022-05-18 09:33:00,590,590,590,590,0
2022-05-18 09:34:00,590,590,590,590,0
2022-05-18 09:35:00,590,590,590,590,0
2022-05-18 09:36:00,590,590,590,590,0
2022-05-18 09:37:00,590,590,590,590,0
2022-05-18 09:38:00,585,585,590,590,1800
2022-05-18 09:39:00,585,585,590,590,0
2022-05-18 09:40:00,585,585,585,585,100
2022-05-18 09:41:00,590,590,590,590,200
2022-05-18 09:42:00,590,590,590,590,0
2022-05-18 09:43:00,590,590,590,590,0
2022-05-18 09:44:00,585,585,585,585,2400
2022-05-18 09:45:00,585,585,585,585,0
2022-05-18 09:46:00,585,585,585,585,8000
2022-05-18 09:47:00,585,585,585,585,300
2022-05-18 09:48:00,585,585,585,585,9300
2022-05-18 09:49:00,590,585,590,590,4300
2022-05-18 09:50:00,590,585,590,590,1500
2022-05-18 09:51:00,590,590,590,590,300
2022-05-18 09:52:00,590,590,590,590,0
2022-05-18 09:53:00,590,590,590,590,0
2022-05-18 09:54:00,590,590,590,590,0
2022-05-18 09:55:00,590,590,590,590,0
2022-05-18 09:56:00,590,590,590,590,0
2022-05-18 09:57:00,590,590,590,590,0
2022-05-18 09:58:00,590,590,590,590,0
2022-05-18 09:59:00,590,590,590,590,0
2022-05-18 10:00:00,590,590,590,590,0
2022-05-18 10:01:00,590,590,590,590,0
2022-05-18 10:02:00,590,590,590,590,0
2022-05-18 10:03:00,590,590,590,590,0
2022-05-18 10:04:00,590,590,590,590,0
2022-05-18 10:05:00,590,590,590,590,0
2022-05-18 10:06:00,590,590,590,590,0
2022-05-18 10:07:00,590,590,590,590,800
2022-05-18 10:08:00,590,590,590,590,0
2022-05-18 10:09:00,590,590,595,595,20000
2022-05-18 10:10:00,590,590,595,595,0
2022-05-18 10:11:00,590,590,595,595,0
2022-05-18 10:12:00,595,595,595,595,200
2022-05-18 10:13:00,595,595,595,595,200
2022-05-18 10:14:00,595,595,595,595,0
2022-05-18 10:15:00,595,595,595,595,500
2022-05-18 10:16:00,595,595,595,595,0
2022-05-18 10:17:00,595,595,595,595,0
2022-05-18 10:18:00,595,595,595,595,0
2022-05-18 10:19:00,595,595,595,595,0
2022-05-18 10:20:00,595,595,595,595,0
2022-05-18 10:21:00,595,595,595,595,500
2022-05-18 10:22:00,595,595,595,595,0
2022-05-18 10:23:00,595,595,595,595,0
2022-05-18 10:24:00,595,595,595,595,0
2022-05-18 10:25:00,595,595,595,595,500
2022-05-18 10:26:00,595,595,595,595,0
2022-05-18 10:27:00,595,595,595,595,500
2022-05-18 10:28:00,595,595,595,595,0
2022-05-18 10:29:00,595,595,595,595,0
2022-05-18 10:30:00,595,595,595,595,100
2022-05-18 10:31:00,595,595,595,595,0
2022-05-18 10:32:00,595,595,595,595,0
2022-05-18 10:33:00,595,595,595,595,0
2022-05-18 10:34:00,595,595,595,595,0
2022-05-18 10:35:00,595,595,595,595,0
2022-05-18 10:36:00,595,595,595,595,0
2022-05-18 10:37:00,595,595,595,595,0
2022-05-18 10:38:00,595,595,595,595,0
2022-05-18 10:39:00,595,595,595,595,0
2022-05-18 10:40:00,595,595,595,595,0
2022-05-18 10:41:00,595,595,595,595,0
2022-05-18 10:42:00,595,595,595,595,0
2022-05-18 10:43:00,595,595,595,595,0
2022-05-18 10:44:00,595,595,595,595,0
2022-05-18 10:45:00,595,595,595,595,0
2022-05-18 10:46:00,595,595,595,595,0
2022-05-18 10:47:00,595,595,595,595,0
2022-05-18 10:48:00,595,595,595,595,0
2022-05-18 10:49:00,595,595,595,595,0
2022-05-18 10:50:00,595,595,595,595,0
2022-05-18 10:51:00,595,595,595,595,0
2022-05-18 10:52:00,595,595,595,595,0
2022-05-18 10:53:00,595,595,595,595,0
2022-05-18 10:54:00,595,595,595,595,0
2022-05-18 10:55:00,595,595,595,595,0
2022-05-18 10:56:00,595,595,595,595,0
2022-05-18 10:57:00,595,595,595,595,0
2022-05-18 10:58:00,595,595,595,595,0
2022-05-18 10:59:00,595,595,595,595,0
2022-05-18 11:00:00,595,595,595,595,0
2022-05-18 11:01:00,595,595,595,595,0
2022-05-18 11:02:00,595,595,595,595,600
2022-05-18 11:03:00,595,595,595,595,0
2022-05-18 11:04:00,595,595,595,595,0
2022-05-18 11:05:00,590,590,590,590,10000
2022-05-18 11:06:00,595,595,595,595,300
2022-05-18 11:07:00,595,595,595,595,0
2022-05-18 11:08:00,595,595,595,595,0
2022-05-18 11:09:00,595,595,595,595,0
2022-05-18 11:10:00,595,595,595,595,0
2022-05-18 11:11:00,595,595,595,595,0
2022-05-18 11:12:00,595,595,595,595,0
2022-05-18 11:13:00,595,595,595,595,0
2022-05-18 11:14:00,595,595,595,595,0
2022-05-18 11:15:00,595,595,595,595,0
2022-05-18 11:16:00,595,595,595,595,0
2022-05-18 11:17:00,595,595,595,595,0
2022-05-18 11:18:00,595,595,595,595,0
2022-05-18 11:19:00,595,595,595,595,300
2022-05-18 11:20:00,595,595,595,595,0
2022-05-18 11:21:00,595,595,595,595,300
2022-05-18 11:22:00,595,595,595,595,0
2022-05-18 11:23:00,595,595,595,595,0
2022-05-18 11:24:00,595,595,595,595,0
2022-05-18 11:25:00,595,595,595,595,0
2022-05-18 11:26:00,595,595,595,595,300
2022-05-18 11:27:00,595,595,595,595,0
2022-05-18 11:28:00,595,595,595,595,500
2022-05-18 11:29:00,595,595,595,595,500
2022-05-18 11:30:00,595,595,595,595,0
2022-05-18 11:31:00,595,595,595,595,0
2022-05-18 11:32:00,595,595,595,595,0
2022-05-18 11:33:00,595,595,595,595,0
2022-05-18 11:34:00,595,595,595,595,0
2022-05-18 11:35:00,595,595,595,595,0
2022-05-18 11:36:00,595,595,595,595,0
2022-05-18 11:37:00,595,595,595,595,0
2022-05-18 11:38:00,595,595,595,595,0
2022-05-18 11:39:00,595,595,595,595,0
2022-05-18 11:40:00,595,595,595,595,0
2022-05-18 11:41:00,595,595,595,595,0
2022-05-18 11:42:00,595,595,595,595,0
2022-05-18 11:43:00,595,595,595,595,0
2022-05-18 11:44:00,595,595,595,595,0
2022-05-18 11:45:00,595,595,595,595,0
2022-05-18 11:46:00,595,595,595,595,0
2022-05-18 11:47:00,595,595,595,595,0
2022-05-18 11:48:00,595,595,595,595,0
2022-05-18 11:49:00,595,595,595,595,0
2022-05-18 11:50:00,595,595,595,595,0
2022-05-18 11:51:00,595,595,595,595,0
2022-05-18 11:52:00,595,595,595,595,0
2022-05-18 11:53:00,595,595,595,595,0
2022-05-18 11:54:00,595,595,595,595,0
2022-05-18 11:55:00,595,595,595,595,0
2022-05-18 11:56:00,595,595,595,595,0
2022-05-18 11:57:00,595,595,595,595,0
2022-05-18 11:58:00,595,595,595,595,0
2022-05-18 11:59:00,595,595,595,595,0
2022-05-18 12:00:00,595,595,595,595,0
2022-05-18 12:01:00,595,595,595,595,0
2022-05-18 12:02:00,595,595,595,595,0
2022-05-18 12:03:00,595,595,595,595,0
2022-05-18 12:04:00,595,595,595,595,0
2022-05-18 12:05:00,595,595,595,595,0
2022-05-18 12:06:00,595,595,595,595,0
2022-05-18 12:07:00,595,595,595,595,0
2022-05-18 12:08:00,595,595,595,595,0
2022-05-18 12:09:00,595,595,595,595,0
2022-05-18 12:10:00,595,595,595,595,0
2022-05-18 12:11:00,595,595,595,595,0
2022-05-18 12:12:00,595,595,595,595,0
2022-05-18 12:13:00,595,595,595,595,0
2022-05-18 12:14:00,595,595,595,595,0
2022-05-18 12:15:00,595,595,595,595,0
2022-05-18 12:16:00,595,595,595,595,0
2022-05-18 12:17:00,595,595,595,595,0
2022-05-18 12:18:00,595,595,595,595,0
2022-05-18 12:19:00,595,595,595,595,0
2022-05-18 12:20:00,595,595,595,595,0
2022-05-18 12:21:00,595,595,595,595,0
2022-05-18 12:22:00,595,595,595,595,0
2022-05-18 12:23:00,595,595,595,595,0
2022-05-18 12:24:00,595,595,595,595,0
2022-05-18 12:25:00,595,595,595,595,0
2022-05-18 12:26:00,595,595,595,595,0
2022-05-18 12:27:00,595,595,595,595,0
2022-05-18 12:28:00,595,595,595,595,0
2022-05-18 12:29:00,595,595,595,595,0
2022-05-18 12:30:00,595,595,595,595,0
2022-05-18 12:31:00,595,595,595,595,0
2022-05-18 12:32:00,595,595,595,595,0
2022-05-18 12:33:00,595,595,595,595,0
2022-05-18 12:34:00,595,595,595,595,0
2022-05-18 12:35:00,595,595,595,595,0
2022-05-18 12:36:00,595,595,595,595,0
2022-05-18 12:37:00,595,595,595,595,0
2022-05-18 12:38:00,595,595,595,595,0
2022-05-18 12:39:00,595,595,595,595,0
2022-05-18 12:40:00,595,595,595,595,0
2022-05-18 12:41:00,595,595,595,595,0
2022-05-18 12:42:00,595,595,595,595,0
2022-05-18 12:43:00,595,595,595,595,0
2022-05-18 12:44:00,595,595,595,595,0
2022-05-18 12:45:00,595,595,595,595,0
2022-05-18 12:46:00,595,595,595,595,0
2022-05-18 12:47:00,595,595,595,595,0
2022-05-18 12:48:00,595,595,595,595,0
2022-05-18 12:49:00,595,595,595,595,0
2022-05-18 12:50:00,595,595,595,595,0
2022-05-18 12:51:00,595,595,595,595,0
2022-05-18 12:52:00,595,595,595,595,0
2022-05-18 12:53:00,595,595,595,595,0
2022-05-18 12:54:00,595,595,595,595,0
2022-05-18 12:55:00,595,595,595,595,0
2022-05-18 12:56:00,595,595,595,595,0
2022-05-18 12:57:00,595,595,595,595,0
2022-05-18 12:58:00,595,595,595,595,0
2022-05-18 12:59:00,595,595,595,595,0
2022-05-18 13:00:00,595,595,595,595,0
2022-05-18 13:01:00,595,595,595,595,0
2022-05-18 13:02:00,595,595,595,595,0
2022-05-18 13:03:00,595,595,595,595,0
2022-05-18 13:04:00,595,595,595,595,0
2022-05-18 13:05:00,595,595,595,595,0
2022-05-18 13:06:00,595,595,595,595,0
2022-05-18 13:07:00,595,595,595,595,0
2022-05-18 13:08:00,595,595,595,595,0
2022-05-18 13:09:00,595,595,595,595,0
2022-05-18 13:10:00,595,595,595,595,0
2022-05-18 13:11:00,595,595,595,595,0
2022-05-18 13:12:00,595,595,595,595,0
2022-05-18 13:13:00,595,595,595,595,0
2022-05-18 13:14:00,595,595,595,595,0
2022-05-18 13:15:00,595,595,595,595,0
2022-05-18 13:16:00,595,595,595,595,0
2022-05-18 13:17:00,595,595,595,595,0
2022-05-18 13:18:00,595,595,595,595,0
2022-05-18 13:19:00,595,595,595,595,0
2022-05-18 13:20:00,595,595,595,595,0
2022-05-18 13:21:00,595,595,595,595,0
2022-05-18 13:22:00,595,595,595,595,0
2022-05-18 13:23:00,595,595,595,595,0
2022-05-18 13:24:00,595,595,595,595,0
2022-05-18 13:25:00,595,595,595,595,0
2022-05-18 13:26:00,595,595,595,595,0
2022-05-18 13:27:00,595,595,595,595,0
2022-05-18 13:28:00,595,595,595,595,0
2022-05-18 13:29:00,595,595,595,595,0
2022-05-18 13:30:00,595,595,595,595,0
2022-05-18 13:31:00,595,595,595,595,0
2022-05-18 13:32:00,595,595,595,595,0
2022-05-18 13:33:00,595,595,595,595,700
2022-05-18 13:34:00,595,595,595,595,0
2022-05-18 13:35:00,595,595,595,595,0
2022-05-18 13:36:00,595,595,595,595,0
2022-05-18 13:37:00,595,595,595,595,0
2022-05-18 13:38:00,595,595,595,595,0
2022-05-18 13:39:00,595,595,595,595,0
2022-05-18 13:40:00,590,590,590,590,3300
2022-05-18 13:41:00,590,590,595,595,1900
2022-05-18 13:42:00,595,595,595,595,200
2022-05-18 13:43:00,595,595,595,595,0
2022-05-18 13:44:00,595,595,595,595,0
2022-05-18 13:45:00,595,595,595,595,0
2022-05-18 13:46:00,595,595,595,595,0
2022-05-18 13:47:00,595,595,595,595,0
2022-05-18 13:48:00,595,595,595,595,0
2022-05-18 13:49:00,595,595,595,595,0
2022-05-18 13:50:00,595,595,595,595,0
2022-05-18 13:51:00,595,595,595,595,0
2022-05-18 13:52:00,595,595,595,595,0
2022-05-18 13:53:00,595,595,595,595,0
2022-05-18 13:54:00,595,595,595,595,0
2022-05-18 13:55:00,595,595,595,595,0
2022-05-18 13:56:00,595,595,595,595,0
2022-05-18 13:57:00,595,595,595,595,0
2022-05-18 13:58:00,595,595,595,595,0
2022-05-18 13:59:00,595,595,595,595,0
2022-05-18 14:00:00,595,595,595,595,0
2022-05-18 14:01:00,595,595,595,595,0
2022-05-18 14:02:00,590,590,590,590,1200
2022-05-18 14:03:00,590,590,590,590,0
2022-05-18 14:04:00,590,590,590,590,0
2022-05-18 14:05:00,590,590,590,590,500
2022-05-18 14:06:00,590,590,590,590,0
2022-05-18 14:07:00,590,590,590,590,0
2022-05-18 14:08:00,590,590,590,590,0
2022-05-18 14:09:00,590,590,595,595,11000
2022-05-18 14:10:00,590,590,595,595,0
2022-05-18 14:11:00,590,590,595,595,0
2022-05-18 14:12:00,590,590,595,595,0
2022-05-18 14:13:00,590,590,595,595,0
2022-05-18 14:14:00,590,590,595,595,0
2022-05-18 14:15:00,590,590,595,595,0
2022-05-18 14:16:00,590,590,595,595,0
2022-05-18 14:17:00,590,590,595,595,0
2022-05-18 14:18:00,590,590,595,595,0
2022-05-18 14:19:00,590,590,595,595,0
2022-05-18 14:20:00,590,590,595,595,0
2022-05-18 14:21:00,590,590,590,590,800
2022-05-18 14:22:00,595,595,595,595,200
2022-05-18 14:23:00,595,595,595,595,0
2022-05-18 14:24:00,595,595,595,595,0
2022-05-18 14:25:00,595,595,595,595,0
2022-05-18 14:26:00,595,595,595,595,0
2022-05-18 14:27:00,595,595,595,595,0
2022-05-18 14:28:00,595,595,595,595,0
2022-05-18 14:29:00,595,595,595,595,0
2022-05-18 14:30:00,595,595,595,595,0
2022-05-18 14:31:00,595,595,595,595,0
2022-05-18 14:32:00,595,595,595,595,0
2022-05-18 14:33:00,595,595,595,595,0
2022-05-18 14:34:00,595,595,595,595,0
2022-05-18 14:35:00,595,595,595,595,0
2022-05-18 14:36:00,595,595,595,595,0
2022-05-18 14:37:00,595,595,595,595,0
2022-05-18 14:38:00,595,595,595,595,0
2022-05-18 14:39:00,595,595,595,595,0
2022-05-18 14:40:00,595,595,595,595,0
2022-05-18 14:41:00,595,595,595,595,700
2022-05-18 14:42:00,595,595,595,595,0
2022-05-18 14:43:00,595,595,595,595,0
2022-05-18 14:44:00,595,595,595,595,0
2022-05-18 14:45:00,595,595,595,595,0
2022-05-18 14:46:00,595,595,595,595,200
2022-05-18 14:47:00,595,595,595,595,300
2022-05-18 14:48:00,595,595,595,595,2300
2022-05-18 14:49:00,595,595,595,595,500
2022-05-18 14:50:00,595,595,595,595,200
2022-05-18 14:51:00,595,595,595,595,0
2022-05-18 14:52:00,595,595,595,595,0
2022-05-18 14:53:00,595,595,595,595,0
2022-05-18 14:54:00,595,595,595,595,0
2022-05-18 14:55:00,595,595,595,595,0
2022-05-18 14:56:00,595,595,595,595,0
2022-05-18 14:57:00,595,595,595,595,0
2022-05-18 14:58:00,595,595,595,595,0
2022-05-18 14:59:00,595,595,595,595,0
2022-05-18 15:00:00,595,595,595,595,50300
2022-05-18 15:01:00,595,595,595,595,0
2022-05-18 15:02:00,595,595,595,595,0
2022-05-18 15:03:00,595,595,595,595,0
2022-05-18 15:04:00,595,595,595,595,0
2022-05-18 15:05:00,595,595,595,595,0
2022-05-18 15:06:00,595,595,595,595,0
2022-05-18 15:07:00,595,595,595,595,2200
2022-05-18 15:08:00,595,595,595,595,0
2022-05-18 15:09:00,595,595,595,595,0
2022-05-18 15:10:00,595,595,595,595,0
2022-05-18 15:11:00,595,595,595,595,0
2022-05-18 15:12:00,595,595,595,595,0
2022-05-18 15:13:00,595,595,595,595,0
2022-05-18 15:14:00,595,595,595,595,0
2022-05-18 15:15:00,595,595,595,595,0
2022-05-18 15:16:00,595,595,595,595,0
2022-05-18 15:17:00,595,595,595,595,0
2022-05-18 15:18:00,595,595,595,595,0
2022-05-18 15:19:00,595,595,595,595,0
2022-05-18 15:20:00,595,595,595,595,0
2022-05-18 15:21:00,595,595,595,595,0
2022-05-18 15:22:00,595,595,595,595,0
2022-05-18 15:23:00,595,595,595,595,0
2022-05-18 15:24:00,595,595,595,595,0
2022-05-18 15:25:00,595,595,595,595,0
2022-05-18 15:26:00,595,595,595,595,0
2022-05-18 15:27:00,595,595,595,595,0
2022-05-18 15:28:00,595,595,595,595,0
2022-05-18 15:29:00,595,595,595,595,0
2022-05-18 15:30:00,595,595,595,595,0
2022-05-18 15:31:00,595,595,595,595,0
2022-05-18 15:32:00,595,595,595,595,0
2022-05-18 15:33:00,595,595,595,595,0
2022-05-18 15:34:00,595,595,595,595,0
2022-05-18 15:35:00,595,595,595,595,0
2022-05-18 15:36:00,595,595,595,595,0
2022-05-18 15:37:00,595,595,595,595,0
2022-05-18 15:38:00,595,595,595,595,0
2022-05-18 15:39:00,595,595,595,595,0
2022-05-18 15:40:00,595,595,595,595,0
2022-05-18 15:41:00,595,595,595,595,0
2022-05-18 15:42:00,595,595,595,595,0
2022-05-18 15:43:00,595,595,595,595,0
2022-05-18 15:44:00,595,595,595,595,0
2022-05-18 15:45:00,595,595,595,595,0
2022-05-18 15:46:00,595,595,595,595,0
2022-05-18 15:47:00,595,595,595,595,0
2022-05-18 15:48:00,595,595,595,595,0
2022-05-18 15:49:00,595,595,595,595,0
2022-05-18 15:50:00,595,595,595,595,0
2022-05-18 15:51:00,595,595,595,595,0
2022-05-18 15:52:00,595,595,595,595,0
2022-05-18 15:53:00,595,595,595,595,0
2022-05-18 15:54:00,595,595,595,595,0
2022-05-18 15:55:00,595,595,595,595,0
2022-05-18 15:56:00,595,595,595,595,0
2022-05-18 15:57:00,595,595,595,595,0
2022-05-18 15:58:00,595,595,595,595,0
2022-05-18 15:59:00,595,595,595,595,0
2022-05-19 09:00:00,595,595,595,595,0
2022-05-19 09:01:00,595,595,595,595,0
2022-05-19 09:02:00,595,595,595,595,0
2022-05-19 09:03:00,595,595,595,595,0
2022-05-19 09:04:00,595,595,595,595,0
2022-05-19 09:05:00,595,595,595,595,0
2022-05-19 09:06:00,595,595,595,595,0
2022-05-19 09:07:00,595,595,595,595,0
2022-05-19 09:08:00,590,590,590,590,100
2022-05-19 09:09:00,595,595,595,595,500
2022-05-19 09:10:00,595,595,595,595,200
2022-05-19 09:11:00,595,595,595,595,0
2022-05-19 09:12:00,595,595,595,595,500
2022-05-19 09:13:00,590,590,590,590,100
2022-05-19 09:14:00,595,595,595,595,600
2022-05-19 09:15:00,595,595,595,595,200
2022-05-19 09:16:00,595,595,595,595,200
2022-05-19 09:17:00,595,595,595,595,0
2022-05-19 09:18:00,595,595,595,595,0
2022-05-19 09:19:00,595,595,595,595,0
2022-05-19 09:20:00,595,595,595,595,0
2022-05-19 09:21:00,595,595,595,595,0
2022-05-19 09:22:00,595,595,595,595,0
2022-05-19 09:23:00,595,595,595,595,0
2022-05-19 09:24:00,595,595,595,595,0
2022-05-19 09:25:00,595,595,595,595,0
2022-05-19 09:26:00,595,595,595,595,0
2022-05-19 09:27:00,595,595,595,595,0
2022-05-19 09:28:00,595,595,595,595,0
2022-05-19 09:29:00,595,595,595,595,0
2022-05-19 09:30:00,595,595,595,595,0
2022-05-19 09:31:00,595,595,595,595,0
2022-05-19 09:32:00,595,595,595,595,0
2022-05-19 09:33:00,595,595,595,595,0
2022-05-19 09:34:00,595,595,595,595,0
2022-05-19 09:35:00,595,595,595,595,0
2022-05-19 09:36:00,595,595,595,595,0
2022-05-19 09:37:00,595,595,595,595,0
2022-05-19 09:38:00,595,595,595,595,0
2022-05-19 09:39:00,595,595,595,595,0
2022-05-19 09:40:00,595,595,595,595,0
2022-05-19 09:41:00,595,595,595,595,0
2022-05-19 09:42:00,595,595,595,595,0
2022-05-19 09:43:00,595,595,595,595,0
2022-05-19 09:44:00,595,595,595,595,0
2022-05-19 09:45:00,595,595,595,595,700
2022-05-19 09:46:00,595,595,595,595,0
2022-05-19 09:47:00,595,595,595,595,200
2022-05-19 09:48:00,595,595,595,595,0
2022-05-19 09:49:00,595,595,595,595,0
2022-05-19 09:50:00,595,595,595,595,0
2022-05-19 09:51:00,595,595,595,595,0
2022-05-19 09:52:00,590,590,590,590,800
2022-05-19 09:53:00,590,590,590,590,0
2022-05-19 09:54:00,590,590,590,590,0
2022-05-19 09:55:00,590,590,590,590,0
2022-05-19 09:56:00,590,590,590,590,0
2022-05-19 09:57:00,590,590,590,590,0
2022-05-19 09:58:00,590,590,590,590,0
2022-05-19 09:59:00,590,590,590,590,0
2022-05-19 10:00:00,595,595,595,595,300
2022-05-19 10:01:00,595,595,595,595,0
2022-05-19 10:02:00,595,595,595,595,0
2022-05-19 10:03:00,595,595,595,595,0
2022-05-19 10:04:00,595,595,595,595,0
2022-05-19 10:05:00,595,595,595,595,0
2022-05-19 10:06:00,595,595,595,595,0
2022-05-19 10:07:00,595,595,595,595,0
2022-05-19 10:08:00,595,595,595,595,0
2022-05-19 10:09:00,595,595,595,595,0
2022-05-19 10:10:00,595,595,595,595,0
2022-05-19 10:11:00,595,595,595,595,0
2022-05-19 10:12:00,595,595,595,595,0
2022-05-19 10:13:00,595,595,595,595,0
2022-05-19 10:14:00,595,595,595,595,0
2022-05-19 10:15:00,595,595,595,595,0
2022-05-19 10:16:00,595,595,595,595,0
2022-05-19 10:17:00,595,595,595,595,0
2022-05-19 10:18:00,595,595,595,595,0
2022-05-19 10:19:00,595,595,595,595,0
2022-05-19 10:20:00,595,595,595,595,0
2022-05-19 10:21:00,595,595,595,595,0
2022-05-19 10:22:00,595,595,595,595,0
2022-05-19 10:23:00,595,595,595,595,0
2022-05-19 10:24:00,595,595,595,595,0
2022-05-19 10:25:00,595,595,595,595,0
2022-05-19 10:26:00,595,595,595,595,0
2022-05-19 10:27:00,595,595,595,595,0
2022-05-19 10:28:00,595,595,595,595,0
2022-05-19 10:29:00,595,595,595,595,0
2022-05-19 10:30:00,595,595,595,595,0
2022-05-19 10:31:00,595,595,595,595,0
2022-05-19 10:32:00,595,595,595,595,0
2022-05-19 10:33:00,595,595,595,595,0
2022-05-19 10:34:00,595,595,595,595,0
2022-05-19 10:35:00,595,595,595,595,0
2022-05-19 10:36:00,595,595,595,595,0
2022-05-19 10:37:00,595,595,595,595,0
2022-05-19 10:38:00,595,595,595,595,0
2022-05-19 10:39:00,590,590,590,590,1600
2022-05-19 10:40:00,590,590,590,590,0
2022-05-19 10:41:00,585,585,585,585,300
2022-05-19 10:42:00,585,580,590,580,6300
2022-05-19 10:43:00,585,580,590,580,0
2022-05-19 10:44:00,595,595,595,595,500
2022-05-19 10:45:00,595,595,595,595,0
2022-05-19 10:46:00,595,595,595,595,200
2022-05-19 10:47:00,595,595,595,595,0
2022-05-19 10:48:00,595,595,595,595,0
2022-05-19 10:49:00,595,595,595,595,0
2022-05-19 10:50:00,595,595,595,595,0
2022-05-19 10:51:00,595,595,595,595,0
2022-05-19 10:52:00,595,595,595,595,0
2022-05-19 10:53:00,595,595,595,595,0
2022-05-19 10:54:00,595,595,595,595,0
2022-05-19 10:55:00,595,595,595,595,0
2022-05-19 10:56:00,595,595,595,595,0
2022-05-19 10:57:00,595,595,595,595,0
2022-05-19 10:58:00,595,595,595,595,0
2022-05-19 10:59:00,595,595,595,595,0
2022-05-19 11:00:00,595,595,595,595,0
2022-05-19 11:01:00,595,595,595,595,0
2022-05-19 11:02:00,595,595,595,595,0
2022-05-19 11:03:00,595,595,595,595,0
2022-05-19 11:04:00,595,595,595,595,0
2022-05-19 11:05:00,595,595,595,595,0
2022-05-19 11:06:00,595,595,595,595,0
2022-05-19 11:07:00,595,595,595,595,0
2022-05-19 11:08:00,595,595,595,595,0
2022-05-19 11:09:00,595,595,595,595,0
2022-05-19 11:10:00,595,595,595,595,0
2022-05-19 11:11:00,595,595,595,595,0
2022-05-19 11:12:00,595,595,595,595,0
2022-05-19 11:13:00,595,595,595,595,0
2022-05-19 11:14:00,595,595,595,595,0
2022-05-19 11:15:00,595,595,595,595,0
2022-05-19 11:16:00,595,595,595,595,0
2022-05-19 11:17:00,595,595,595,595,0
2022-05-19 11:18:00,595,595,595,595,0
2022-05-19 11:19:00,595,595,595,595,0
2022-05-19 11:20:00,595,595,595,595,0
2022-05-19 11:21:00,595,595,595,595,0
2022-05-19 11:22:00,595,595,595,595,0
2022-05-19 11:23:00,595,595,595,595,0
2022-05-19 11:24:00,595,595,595,595,0
2022-05-19 11:25:00,595,595,595,595,0
2022-05-19 11:26:00,595,595,595,595,0
2022-05-19 11:27:00,595,595,595,595,500
2022-05-19 11:28:00,595,595,595,595,500
2022-05-19 11:29:00,595,595,595,595,0
2022-05-19 11:30:00,595,595,595,595,0
2022-05-19 11:31:00,595,595,595,595,0
2022-05-19 11:32:00,595,595,595,595,0
2022-05-19 11:33:00,595,595,595,595,0
2022-05-19 11:34:00,595,595,595,595,0
2022-05-19 11:35:00,595,595,595,595,0
2022-05-19 11:36:00,595,595,595,595,0
2022-05-19 11:37:00,595,595,595,595,0
2022-05-19 11:38:00,595,595,595,595,0
2022-05-19 11:39:00,595,595,595,595,0
2022-05-19 11:40:00,595,595,595,595,0
2022-05-19 11:41:00,595,595,595,595,0
2022-05-19 11:42:00,595,595,595,595,0
2022-05-19 11:43:00,595,595,595,595,0
2022-05-19 11:44:00,595,595,595,595,0
2022-05-19 11:45:00,595,595,595,595,0
2022-05-19 11:46:00,595,595,595,595,0
2022-05-19 11:47:00,595,595,595,595,0
2022-05-19 11:48:00,595,595,595,595,0
2022-05-19 11:49:00,595,595,595,595,0
2022-05-19 11:50:00,595,595,595,595,0
2022-05-19 11:51:00,595,595,595,595,0
2022-05-19 11:52:00,595,595,595,595,0
2022-05-19 11:53:00,595,595,595,595,0
2022-05-19 11:54:00,595,595,595,595,0
2022-05-19 11:55:00,595,595,595,595,0
2022-05-19 11:56:00,595,595,595,595,0
2022-05-19 11:57:00,595,595,595,595,0
2022-05-19 11:58:00,595,595,595,595,0
2022-05-19 11:59:00,595,595,595,595,0
2022-05-19 12:00:00,595,595,595,595,0
2022-05-19 12:01:00,595,595,595,595,0
2022-05-19 12:02:00,595,595,595,595,0
2022-05-19 12:03:00,595,595,595,595,0
2022-05-19 12:04:00,595,595,595,595,0
2022-05-19 12:05:00,595,595,595,595,0
2022-05-19 12:06:00,595,595,595,595,0
2022-05-19 12:07:00,595,595,595,595,0
2022-05-19 12:08:00,595,595,595,595,0
2022-05-19 12:09:00,595,595,595,595,0
2022-05-19 12:10:00,595,595,595,595,0
2022-05-19 12:11:00,595,595,595,595,0
2022-05-19 12:12:00,595,595,595,595,0
2022-05-19 12:13:00,595,595,595,595,0
2022-05-19 12:14:00,595,595,595,595,0
2022-05-19 12:15:00,595,595,595,595,0
2022-05-19 12:16:00,595,595,595,595,0
2022-05-19 12:17:00,595,595,595,595,0
2022-05-19 12:18:00,595,595,595,595,0
2022-05-19 12:19:00,595,595,595,595,0
2022-05-19 12:20:00,595,595,595,595,0
2022-05-19 12:21:00,595,595,595,595,0
2022-05-19 12:22:00,595,595,595,595,0
2022-05-19 12:23:00,595,595,595,595,0
2022-05-19 12:24:00,595,595,595,595,0
2022-05-19 12:25:00,595,595,595,595,0
2022-05-19 12:26:00,595,595,595,595,0
2022-05-19 12:27:00,595,595,595,595,0
2022-05-19 12:28:00,595,595,595,595,0
2022-05-19 12:29:00,595,595,595,595,0
2022-05-19 12:30:00,595,595,595,595,0
2022-05-19 12:31:00,595,595,595,595,0
2022-05-19 12:32:00,595,595,595,595,0
2022-05-19 12:33:00,595,595,595,595,0
2022-05-19 12:34:00,595,595,595,595,0
2022-05-19 12:35:00,595,595,595,595,0
2022-05-19 12:36:00,595,595,595,595,0
2022-05-19 12:37:00,595,595,595,595,0
2022-05-19 12:38:00,595,595,595,595,0
2022-05-19 12:39:00,595,595,595,595,0
2022-05-19 12:40:00,595,595,595,595,0
2022-05-19 12:41:00,595,595,595,595,0
2022-05-19 12:42:00,595,595,595,595,0
2022-05-19 12:43:00,595,595,595,595,0
2022-05-19 12:44:00,595,595,595,595,0
2022-05-19 12:45:00,595,595,595,595,0
2022-05-19 12:46:00,595,595,595,595,0
2022-05-19 12:47:00,595,595,595,595,0
2022-05-19 12:48:00,595,595,595,595,0
2022-05-19 12:49:00,595,595,595,595,0
2022-05-19 12:50:00,595,595,595,595,0
2022-05-19 12:51:00,595,595,595,595,0
2022-05-19 12:52:00,595,595,595,595,0
2022-05-19 12:53:00,595,595,595,595,0
2022-05-19 12:54:00,595,595,595,595,0
2022-05-19 12:55:00,595,595,595,595,0
2022-05-19 12:56:00,595,595,595,595,0
2022-05-19 12:57:00,595,595,595,595,0
2022-05-19 12:58:00,595,595,595,595,0
2022-05-19 12:59:00,595,595,595,595,0
2022-05-19 13:00:00,595,595,595,595,0
2022-05-19 13:01:00,595,595,595,595,0
2022-05-19 13:02:00,595,595,595,595,0
2022-05-19 13:03:00,595,595,595,595,0
2022-05-19 13:04:00,595,595,595,595,0
2022-05-19 13:05:00,595,595,595,595,0
2022-05-19 13:06:00,595,595,595,595,0
2022-05-19 13:07:00,595,595,595,595,0
2022-05-19 13:08:00,595,595,595,595,0
2022-05-19 13:09:00,595,595,595,595,0
2022-05-19 13:10:00,595,595,595,595,0
2022-05-19 13:11:00,595,595,595,595,0
2022-05-19 13:12:00,595,595,595,595,0
2022-05-19 13:13:00,595,595,595,595,0
2022-05-19 13:14:00,595,595,595,595,0
2022-05-19 13:15:00,595,595,595,595,0
2022-05-19 13:16:00,595,595,595,595,0
2022-05-19 13:17:00,595,595,595,595,0
2022-05-19 13:18:00,595,595,595,595,0
2022-05-19 13:19:00,595,595,595,595,0
2022-05-19 13:20:00,595,595,595,595,0
2022-05-19 13:21:00,595,595,595,595,0
2022-05-19 13:22:00,595,595,595,595,0
2022-05-19 13:23:00,595,595,595,595,0
2022-05-19 13:24:00,595,595,595,595,0
2022-05-19 13:25:00,595,595,595,595,0
2022-05-19 13:26:00,595,595,595,595,0
2022-05-19 13:27:00,595,595,595,595,0
2022-05-19 13:28:00,595,595,595,595,0
2022-05-19 13:29:00,595,595,595,595,0
2022-05-19 13:30:00,590,560,595,595,209900
2022-05-19 13:31:00,590,590,590,590,500
2022-05-19 13:32:00,585,585,585,585,500
2022-05-19 13:33:00,585,585,585,585,0
2022-05-19 13:34:00,590,585,590,585,1300
2022-05-19 13:35:00,590,585,590,590,1400
2022-05-19 13:36:00,585,585,585,585,300
2022-05-19 13:37:00,585,585,590,585,800
2022-05-19 13:38:00,585,585,590,585,1000
2022-05-19 13:39:00,585,585,590,585,1900
2022-05-19 13:40:00,585,585,585,585,1000
2022-05-19 13:41:00,585,585,590,590,500
2022-05-19 13:42:00,590,585,590,585,1000
2022-05-19 13:43:00,585,585,590,590,1300
2022-05-19 13:44:00,590,590,590,590,800
2022-05-19 13:45:00,590,590,590,590,0
2022-05-19 13:46:00,590,590,590,590,0
2022-05-19 13:47:00,585,585,585,585,5000
2022-05-19 13:48:00,585,585,585,585,0
2022-05-19 13:49:00,585,585,590,585,3300
2022-05-19 13:50:00,585,585,585,585,3000
2022-05-19 13:51:00,585,585,585,585,0
2022-05-19 13:52:00,585,585,585,585,300
2022-05-19 13:53:00,585,585,585,585,0
2022-05-19 13:54:00,585,585,590,590,10000
2022-05-19 13:55:00,585,585,590,590,0
2022-05-19 13:56:00,590,590,590,590,200
2022-05-19 13:57:00,590,590,590,590,0
2022-05-19 13:58:00,590,590,590,590,0
2022-05-19 13:59:00,590,590,590,590,0
2022-05-19 14:00:00,590,590,590,590,0
2022-05-19 14:01:00,590,590,590,590,0
2022-05-19 14:02:00,590,590,590,590,200
2022-05-19 14:03:00,585,585,590,590,2800
2022-05-19 14:04:00,590,590,590,590,300
2022-05-19 14:05:00,590,590,590,590,0
2022-05-19 14:06:00,590,590,590,590,0
2022-05-19 14:07:00,590,590,590,590,100
2022-05-19 14:08:00,590,590,590,590,0
2022-05-19 14:09:00,590,590,590,590,0
2022-05-19 14:10:00,590,590,590,590,0
2022-05-19 14:11:00,590,590,590,590,0
2022-05-19 14:12:00,590,590,590,590,100
2022-05-19 14:13:00,590,590,590,590,0
2022-05-19 14:14:00,590,590,590,590,1000
2022-05-19 14:15:00,590,590,590,590,0
2022-05-19 14:16:00,590,590,590,590,0
2022-05-19 14:17:00,590,590,590,590,0
2022-05-19 14:18:00,590,590,590,590,0
2022-05-19 14:19:00,590,590,590,590,0
2022-05-19 14:20:00,590,590,590,590,0
2022-05-19 14:21:00,590,590,590,590,0
2022-05-19 14:22:00,590,590,590,590,0
2022-05-19 14:23:00,585,570,585,570,5000
2022-05-19 14:24:00,590,590,590,590,600
2022-05-19 14:25:00,585,585,585,585,900
2022-05-19 14:26:00,585,585,590,590,400
2022-05-19 14:27:00,590,590,590,590,200
2022-05-19 14:28:00,590,590,590,590,0
2022-05-19 14:29:00,590,590,590,590,0
2022-05-19 14:30:00,590,590,590,590,0
2022-05-19 14:31:00,590,590,590,590,0
2022-05-19 14:32:00,590,590,590,590,0
2022-05-19 14:33:00,590,590,590,590,0
2022-05-19 14:34:00,590,590,590,590,0
2022-05-19 14:35:00,590,590,590,590,0
2022-05-19 14:36:00,585,585,585,585,1000
2022-05-19 14:37:00,585,585,585,585,0
2022-05-19 14:38:00,590,590,590,590,3200
2022-05-19 14:39:00,590,590,590,590,0
2022-05-19 14:40:00,590,590,590,590,200
2022-05-19 14:41:00,590,590,590,590,500
2022-05-19 14:42:00,590,590,590,590,0
2022-05-19 14:43:00,590,590,590,590,200
2022-05-19 14:44:00,590,590,590,590,0
2022-05-19 14:45:00,585,585,585,585,900
2022-05-19 14:46:00,585,585,585,585,300
2022-05-19 14:47:00,585,585,585,585,0
2022-05-19 14:48:00,580,580,580,580,700
2022-05-19 14:49:00,580,580,595,595,58700
2022-05-19 14:50:00,580,580,595,595,0
2022-05-19 14:51:00,580,580,595,595,0
2022-05-19 14:52:00,580,580,595,595,0
2022-05-19 14:53:00,580,580,595,595,0
2022-05-19 14:54:00,580,580,595,595,0
2022-05-19 14:55:00,580,580,595,595,0
2022-05-19 14:56:00,580,580,595,595,0
2022-05-19 14:57:00,580,580,595,595,0
2022-05-19 14:58:00,580,580,595,595,0
2022-05-19 14:59:00,580,580,595,595,0
2022-05-19 15:00:00,595,595,595,595,50700
2022-05-19 15:01:00,595,595,595,595,0
2022-05-19 15:02:00,595,595,595,595,0
2022-05-19 15:03:00,595,595,595,595,0
2022-05-19 15:04:00,595,595,595,595,0
2022-05-19 15:05:00,595,595,595,595,0
2022-05-19 15:06:00,595,595,595,595,0
2022-05-19 15:07:00,595,595,595,595,0
2022-05-19 15:08:00,595,595,595,595,0
2022-05-19 15:09:00,595,595,595,595,0
2022-05-19 15:10:00,595,595,595,595,0
2022-05-19 15:11:00,595,595,595,595,0
2022-05-19 15:12:00,595,595,595,595,0
2022-05-19 15:13:00,595,595,595,595,0
2022-05-19 15:14:00,595,595,595,595,0
2022-05-19 15:15:00,595,595,595,595,0
2022-05-19 15:16:00,595,595,595,595,0
2022-05-19 15:17:00,595,595,595,595,0
2022-05-19 15:18:00,595,595,595,595,0
2022-05-19 15:19:00,595,595,595,595,0
2022-05-19 15:20:00,595,595,595,595,0
2022-05-19 15:21:00,595,595,595,595,0
2022-05-19 15:22:00,595,595,595,595,0
2022-05-19 15:23:00,595,595,595,595,0
2022-05-19 15:24:00,595,595,595,595,0
2022-05-19 15:25:00,595,595,595,595,0
2022-05-19 15:26:00,595,595,595,595,0
2022-05-19 15:27:00,595,595,595,595,0
2022-05-19 15:28:00,595,595,595,595,0
2022-05-19 15:29:00,595,595,595,595,0
2022-05-19 15:30:00,595,595,595,595,0
2022-05-19 15:31:00,595,595,595,595,0
2022-05-19 15:32:00,595,595,595,595,0
2022-05-19 15:33:00,595,595,595,595,0
2022-05-19 15:34:00,595,595,595,595,0
2022-05-19 15:35:00,595,595,595,595,0
2022-05-19 15:36:00,595,595,595,595,0
2022-05-19 15:37:00,595,595,595,595,0
2022-05-19 15:38:00,595,595,595,595,0
2022-05-19 15:39:00,595,595,595,595,0
2022-05-19 15:40:00,595,595,595,595,0
2022-05-19 15:41:00,595,595,595,595,0
2022-05-19 15:42:00,595,595,595,595,0
2022-05-19 15:43:00,595,595,595,595,0
2022-05-19 15:44:00,595,595,595,595,0
2022-05-19 15:45:00,595,595,595,595,0
2022-05-19 15:46:00,595,595,595,595,0
2022-05-19 15:47:00,595,595,595,595,0
2022-05-19 15:48:00,595,595,595,595,0
2022-05-19 15:49:00,595,595,595,595,0
2022-05-19 15:50:00,595,595,595,595,0
2022-05-19 15:51:00,595,595,595,595,0
2022-05-19 15:52:00,595,595,595,595,0
2022-05-19 15:53:00,595,595,595,595,0
2022-05-19 15:54:00,595,595,595,595,0
2022-05-19 15:55:00,595,595,595,595,0
2022-05-19 15:56:00,595,595,595,595,0
2022-05-19 15:57:00,595,595,595,595,0
2022-05-19 15:58:00,595,595,595,595,0
2022-05-19 15:59:00,595,595,595,595,0
2022-05-20 09:00:00,595,595,595,595,0
2022-05-20 09:01:00,595,595,595,595,0
2022-05-20 09:02:00,595,595,595,595,0
2022-05-20 09:03:00,595,595,595,595,0
2022-05-20 09:04:00,595,595,595,595,0
2022-05-20 09:05:00,595,595,595,595,0
2022-05-20 09:06:00,590,590,595,595,0
2022-05-20 09:07:00,590,590,595,595,0
2022-05-20 09:08:00,590,590,595,595,0
2022-05-20 09:09:00,590,590,590,590,1000
2022-05-20 09:10:00,595,595,595,595,200
2022-05-20 09:11:00,595,595,595,595,200
2022-05-20 09:12:00,590,590,595,595,300
2022-05-20 09:13:00,590,590,595,595,0
2022-05-20 09:14:00,590,590,595,595,0
2022-05-20 09:15:00,590,590,595,595,0
2022-05-20 09:16:00,590,590,595,595,0
2022-05-20 09:17:00,590,590,595,595,0
2022-05-20 09:18:00,590,590,595,595,0
2022-05-20 09:19:00,595,595,595,595,500
2022-05-20 09:20:00,595,595,595,595,0
2022-05-20 09:21:00,595,595,595,595,0
2022-05-20 09:22:00,595,595,595,595,0
2022-05-20 09:23:00,595,595,595,595,0
2022-05-20 09:24:00,595,595,595,595,0
2022-05-20 09:25:00,595,595,595,595,0
2022-05-20 09:26:00,595,595,595,595,0
2022-05-20 09:27:00,595,595,595,595,0
2022-05-20 09:28:00,595,595,595,595,0
2022-05-20 09:29:00,595,595,595,595,0
2022-05-20 09:30:00,595,595,595,595,0
2022-05-20 09:31:00,595,595,595,595,99700
2022-05-20 09:32:00,595,595,595,595,300
2022-05-20 09:33:00,590,590,590,590,700
2022-05-20 09:34:00,600,600,600,600,400
2022-05-20 09:35:00,600,600,600,600,0
2022-05-20 09:36:00,600,600,600,600,0
2022-05-20 09:37:00,600,600,600,600,0
2022-05-20 09:38:00,600,600,600,600,0
2022-05-20 09:39:00,600,600,600,600,0
2022-05-20 09:40:00,600,600,600,600,0
2022-05-20 09:41:00,600,600,600,600,400
2022-05-20 09:42:00,600,600,600,600,0
2022-05-20 09:43:00,600,600,600,600,0
2022-05-20 09:44:00,600,600,600,600,0
2022-05-20 09:45:00,600,600,600,600,0
2022-05-20 09:46:00,600,600,600,600,0
2022-05-20 09:47:00,600,600,600,600,0
2022-05-20 09:48:00,600,600,600,600,0
2022-05-20 09:49:00,600,600,600,600,0
2022-05-20 09:50:00,600,600,600,600,0
2022-05-20 09:51:00,600,600,600,600,0
2022-05-20 09:52:00,600,600,600,600,0
2022-05-20 09:53:00,600,600,600,600,0
2022-05-20 09:54:00,600,600,600,600,0
2022-05-20 09:55:00,600,600,600,600,0
2022-05-20 09:56:00,595,595,595,595,100
2022-05-20 09:57:00,600,600,600,600,300
2022-05-20 09:58:00,600,600,600,600,0
2022-05-20 09:59:00,600,595,600,595,3500
2022-05-20 10:00:00,600,600,600,600,200
2022-05-20 10:01:00,600,600,600,600,0
2022-05-20 10:02:00,600,600,600,600,0
2022-05-20 10:03:00,600,600,600,600,0
2022-05-20 10:04:00,600,600,600,600,0
2022-05-20 10:05:00,600,600,600,600,0
2022-05-20 10:06:00,595,595,595,595,400
2022-05-20 10:07:00,595,595,595,595,0
2022-05-20 10:08:00,595,595,595,595,0
2022-05-20 10:09:00,600,600,600,600,200
2022-05-20 10:10:00,600,600,600,600,0
2022-05-20 10:11:00,600,600,600,600,0
2022-05-20 10:12:00,600,600,600,600,0
2022-05-20 10:13:00,600,600,600,600,0
2022-05-20 10:14:00,600,600,600,600,0
2022-05-20 10:15:00,600,600,600,600,0
2022-05-20 10:16:00,600,600,600,600,0
2022-05-20 10:17:00,600,600,600,600,0
2022-05-20 10:18:00,600,600,600,600,0
2022-05-20 10:19:00,600,600,600,600,0
2022-05-20 10:20:00,600,600,600,600,0
2022-05-20 10:21:00,600,600,600,600,0
2022-05-20 10:22:00,600,600,600,600,0
2022-05-20 10:23:00,600,600,600,600,0
2022-05-20 10:24:00,600,600,600,600,0
2022-05-20 10:25:00,600,600,600,600,0
2022-05-20 10:26:00,600,600,600,600,0
2022-05-20 10:27:00,600,600,600,600,0
2022-05-20 10:28:00,600,600,600,600,0
2022-05-20 10:29:00,600,600,600,600,0
2022-05-20 10:30:00,600,600,600,600,0
2022-05-20 10:31:00,600,600,600,600,0
2022-05-20 10:32:00,600,600,600,600,0
2022-05-20 10:33:00,600,600,600,600,0
2022-05-20 10:34:00,600,600,600,600,0
2022-05-20 10:35:00,600,600,600,600,0
2022-05-20 10:36:00,600,600,600,600,0
2022-05-20 10:37:00,600,600,600,600,0
2022-05-20 10:38:00,600,600,600,600,0
2022-05-20 10:39:00,600,600,600,600,0
2022-05-20 10:40:00,600,600,600,600,0
2022-05-20 10:41:00,600,600,600,600,0
2022-05-20 10:42:00,600,600,600,600,0
2022-05-20 10:43:00,600,600,600,600,0
2022-05-20 10:44:00,600,600,600,600,0
2022-05-20 10:45:00,600,600,600,600,0
2022-05-20 10:46:00,600,600,600,600,0
2022-05-20 10:47:00,600,600,600,600,0
2022-05-20 10:48:00,600,600,600,600,0
2022-05-20 10:49:00,600,600,600,600,0
2022-05-20 10:50:00,600,600,600,600,0
2022-05-20 10:51:00,600,600,600,600,0
2022-05-20 10:52:00,600,600,600,600,0
2022-05-20 10:53:00,600,600,600,600,0
2022-05-20 10:54:00,600,600,600,600,0
2022-05-20 10:55:00,600,600,600,600,0
2022-05-20 10:56:00,600,600,600,600,0
2022-05-20 10:57:00,600,600,600,600,0
2022-05-20 10:58:00,600,600,600,600,0
2022-05-20 10:59:00,600,600,600,600,0
2022-05-20 11:00:00,600,600,600,600,0
2022-05-20 11:01:00,600,600,600,600,0
2022-05-20 11:02:00,600,600,600,600,0
2022-05-20 11:03:00,600,600,600,600,0
2022-05-20 11:04:00,600,600,600,600,0
2022-05-20 11:05:00,600,600,600,600,0
2022-05-20 11:06:00,600,600,600,600,0
2022-05-20 11:07:00,600,600,600,600,0
2022-05-20 11:08:00,600,600,600,600,0
2022-05-20 11:09:00,600,600,600,600,0
2022-05-20 11:10:00,600,600,600,600,0
2022-05-20 11:11:00,600,600,600,600,0
2022-05-20 11:12:00,600,600,600,600,0
2022-05-20 11:13:00,600,600,600,600,0
2022-05-20 11:14:00,600,600,600,600,0
2022-05-20 11:15:00,600,600,600,600,0
2022-05-20 11:16:00,600,600,600,600,0
2022-05-20 11:17:00,600,600,600,600,0
2022-05-20 11:18:00,600,600,600,600,0
2022-05-20 11:19:00,600,600,600,600,0
2022-05-20 11:20:00,595,595,595,595,1000
2022-05-20 11:21:00,595,595,595,595,0
2022-05-20 11:22:00,595,595,595,595,0
2022-05-20 11:23:00,600,600,600,600,300
2022-05-20 11:24:00,600,600,600,600,0
2022-05-20 11:25:00,600,600,600,600,0
2022-05-20 11:26:00,600,600,600,600,0
2022-05-20 11:27:00,600,600,600,600,0
2022-05-20 11:28:00,600,600,600,600,0
2022-05-20 11:29:00,600,600,600,600,0
2022-05-20 11:30:00,600,600,600,600,0
2022-05-20 11:31:00,600,600,600,600,0
2022-05-20 11:32:00,600,600,600,600,0
2022-05-20 11:33:00,600,600,600,600,0
2022-05-20 11:34:00,600,600,600,600,0
2022-05-20 11:35:00,600,600,600,600,0
2022-05-20 11:36:00,600,600,600,600,0
2022-05-20 11:37:00,600,600,600,600,0
2022-05-20 11:38:00,600,600,600,600,0
2022-05-20 11:39:00,600,600,600,600,0
2022-05-20 11:40:00,600,600,600,600,0
2022-05-20 11:41:00,600,600,600,600,0
2022-05-20 11:42:00,600,600,600,600,0
2022-05-20 11:43:00,600,600,600,600,0
2022-05-20 11:44:00,600,600,600,600,0
2022-05-20 11:45:00,600,600,600,600,0
2022-05-20 11:46:00,600,600,600,600,0
2022-05-20 11:47:00,600,600,600,600,0
2022-05-20 11:48:00,600,600,600,600,0
2022-05-20 11:49:00,600,600,600,600,0
2022-05-20 11:50:00,600,600,600,600,0
2022-05-20 11:51:00,600,600,600,600,0
2022-05-20 11:52:00,600,600,600,600,0
2022-05-20 11:53:00,600,600,600,600,0
2022-05-20 11:54:00,600,600,600,600,0
2022-05-20 11:55:00,600,600,600,600,0
2022-05-20 11:56:00,600,600,600,600,0
2022-05-20 11:57:00,600,600,600,600,0
2022-05-20 11:58:00,600,600,600,600,0
2022-05-20 11:59:00,600,600,600,600,0
2022-05-20 12:00:00,600,600,600,600,0
2022-05-20 12:01:00,600,600,600,600,0
2022-05-20 12:02:00,600,600,600,600,0
2022-05-20 12:03:00,600,600,600,600,0
2022-05-20 12:04:00,600,600,600,600,0
2022-05-20 12:05:00,600,600,600,600,0
2022-05-20 12:06:00,600,600,600,600,0
2022-05-20 12:07:00,600,600,600,600,0
2022-05-20 12:08:00,600,600,600,600,0
2022-05-20 12:09:00,600,600,600,600,0
2022-05-20 12:10:00,600,600,600,600,0
2022-05-20 12:11:00,600,600,600,600,0
2022-05-20 12:12:00,600,600,600,600,0
2022-05-20 12:13:00,600,600,600,600,0
2022-05-20 12:14:00,600,600,600,600,0
2022-05-20 12:15:00,600,600,600,600,0
2022-05-20 12:16:00,600,600,600,600,0
2022-05-20 12:17:00,600,600,600,600,0
2022-05-20 12:18:00,600,600,600,600,0
2022-05-20 12:19:00,600,600,600,600,0
2022-05-20 12:20:00,600,600,600,600,0
2022-05-20 12:21:00,600,600,600,600,0
2022-05-20 12:22:00,600,600,600,600,0
2022-05-20 12:23:00,600,600,600,600,0
2022-05-20 12:24:00,600,600,600,600,0
2022-05-20 12:25:00,600,600,600,600,0
2022-05-20 12:26:00,600,600,600,600,0
2022-05-20 12:27:00,600,600,600,600,0
2022-05-20 12:28:00,600,600,600,600,0
2022-05-20 12:29:00,600,600,600,600,0
2022-05-20 12:30:00,600,600,600,600,0
2022-05-20 12:31:00,600,600,600,600,0
2022-05-20 12:32:00,600,600,600,600,0
2022-05-20 12:33:00,600,600,600,600,0
2022-05-20 12:34:00,600,600,600,600,0
2022-05-20 12:35:00,600,600,600,600,0
2022-05-20 12:36:00,600,600,600,600,0
2022-05-20 12:37:00,600,600,600,600,0
2022-05-20 12:38:00,600,600,600,600,0
2022-05-20 12:39:00,600,600,600,600,0
2022-05-20 12:40:00,600,600,600,600,0
2022-05-20 12:41:00,600,600,600,600,0
2022-05-20 12:42:00,600,600,600,600,0
2022-05-20 12:43:00,600,600,600,600,0
2022-05-20 12:44:00,600,600,600,600,0
2022-05-20 12:45:00,600,600,600,600,0
2022-05-20 12:46:00,600,600,600,600,0
2022-05-20 12:47:00,600,600,600,600,0
2022-05-20 12:48:00,600,600,600,600,0
2022-05-20 12:49:00,600,600,600,600,0
2022-05-20 12:50:00,600,600,600,600,0
2022-05-20 12:51:00,600,600,600,600,0
2022-05-20 12:52:00,600,600,600,600,0
2022-05-20 12:53:00,600,600,600,600,0
2022-05-20 12:54:00,600,600,600,600,0
2022-05-20 12:55:00,600,600,600,600,0
2022-05-20 12:56:00,600,600,600,600,0
2022-05-20 12:57:00,600,600,600,600,0
2022-05-20 12:58:00,600,600,600,600,0
2022-05-20 12:59:00,600,600,600,600,0
2022-05-20 13:00:00,600,600,600,600,0
2022-05-20 13:01:00,600,600,600,600,0
2022-05-20 13:02:00,600,600,600,600,0
2022-05-20 13:03:00,600,600,600,600,0
2022-05-20 13:04:00,600,600,600,600,0
2022-05-20 13:05:00,600,600,600,600,0
2022-05-20 13:06:00,600,600,600,600,0
2022-05-20 13:07:00,600,600,600,600,0
2022-05-20 13:08:00,600,600,600,600,0
2022-05-20 13:09:00,600,600,600,600,0
2022-05-20 13:10:00,600,600,600,600,0
2022-05-20 13:11:00,600,600,600,600,0
2022-05-20 13:12:00,600,600,600,600,0
2022-05-20 13:13:00,600,600,600,600,0
2022-05-20 13:14:00,600,600,600,600,0
2022-05-20 13:15:00,600,600,600,600,0
2022-05-20 13:16:00,600,600,600,600,0
2022-05-20 13:17:00,600,600,600,600,0
2022-05-20 13:18:00,600,600,600,600,0
2022-05-20 13:19:00,600,600,600,600,0
2022-05-20 13:20:00,600,600,600,600,0
2022-05-20 13:21:00,600,600,600,600,0
2022-05-20 13:22:00,600,600,600,600,0
2022-05-20 13:23:00,600,600,600,600,0
2022-05-20 13:24:00,600,600,600,600,0
2022-05-20 13:25:00,600,600,600,600,0
2022-05-20 13:26:00,600,600,600,600,0
2022-05-20 13:27:00,600,600,600,600,0
2022-05-20 13:28:00,600,600,600,600,0
2022-05-20 13:29:00,600,600,600,600,0
2022-05-20 13:30:00,595,595,595,595,800
2022-05-20 13:31:00,595,595,595,595,0
2022-05-20 13:32:00,595,595,595,595,1000
2022-05-20 13:33:00,595,595,595,595,0
2022-05-20 13:34:00,595,595,595,595,0
2022-05-20 13:35:00,595,595,595,595,0
2022-05-20 13:36:00,595,595,595,595,1000
2022-05-20 13:37:00,595,595,595,595,0
2022-05-20 13:38:00,595,595,595,595,0
2022-05-20 13:39:00,595,595,595,595,0
2022-05-20 13:40:00,595,595,595,595,0
2022-05-20 13:41:00,595,595,595,595,0
2022-05-20 13:42:00,595,595,595,595,0
2022-05-20 13:43:00,595,595,595,595,0
2022-05-20 13:44:00,595,595,595,595,1200
2022-05-20 13:45:00,595,595,595,595,0
2022-05-20 13:46:00,595,595,595,595,0
2022-05-20 13:47:00,595,595,595,595,0
2022-05-20 13:48:00,595,595,595,595,0
2022-05-20 13:49:00,595,595,595,595,0
2022-05-20 13:50:00,595,595,595,595,0
2022-05-20 13:51:00,595,595,595,595,0
2022-05-20 13:52:00,595,595,595,595,0
2022-05-20 13:53:00,595,595,595,595,0
2022-05-20 13:54:00,595,595,595,595,0
2022-05-20 13:55:00,595,595,595,595,0
2022-05-20 13:56:00,595,595,595,595,117000
2022-05-20 13:57:00,595,595,595,595,0
2022-05-20 13:58:00,595,595,595,595,0
2022-05-20 13:59:00,595,595,595,595,0
2022-05-20 14:00:00,595,595,595,595,0
2022-05-20 14:01:00,595,595,595,595,0
2022-05-20 14:02:00,595,595,595,595,0
2022-05-20 14:03:00,595,595,595,595,0
2022-05-20 14:04:00,595,595,595,595,0
2022-05-20 14:05:00,590,590,590,590,600
2022-05-20 14:06:00,590,590,590,590,0
2022-05-20 14:07:00,590,590,590,590,0
2022-05-20 14:08:00,590,590,595,595,2600
2022-05-20 14:09:00,590,590,595,595,0
2022-05-20 14:10:00,590,590,595,595,0
2022-05-20 14:11:00,590,590,590,590,500
2022-05-20 14:12:00,590,590,590,590,700
2022-05-20 14:13:00,590,590,590,590,0
2022-05-20 14:14:00,590,590,595,595,8500
2022-05-20 14:15:00,585,560,585,560,178500
2022-05-20 14:16:00,590,590,590,590,800
2022-05-20 14:17:00,590,590,590,590,1500
2022-05-20 14:18:00,590,590,590,590,0
2022-05-20 14:19:00,590,590,590,590,1000
2022-05-20 14:20:00,590,590,590,590,0
2022-05-20 14:21:00,590,590,590,590,0
2022-05-20 14:22:00,590,590,590,590,0
2022-05-20 14:23:00,590,585,590,585,40100
2022-05-20 14:24:00,590,590,590,590,600
2022-05-20 14:25:00,590,590,590,590,600
2022-05-20 14:26:00,590,590,590,590,0
2022-05-20 14:27:00,590,590,590,590,1800
2022-05-20 14:28:00,590,590,590,590,800
2022-05-20 14:29:00,590,590,590,590,0
2022-05-20 14:30:00,590,590,590,590,0
2022-05-20 14:31:00,590,590,590,590,0
2022-05-20 14:32:00,590,590,590,590,0
2022-05-20 14:33:00,590,590,590,590,1100
2022-05-20 14:34:00,590,590,590,590,0
2022-05-20 14:35:00,590,590,590,590,600
2022-05-20 14:36:00,590,590,590,590,0
2022-05-20 14:37:00,590,590,590,590,0
2022-05-20 14:38:00,590,590,590,590,0
2022-05-20 14:39:00,590,590,590,590,0
2022-05-20 14:40:00,590,590,590,590,0
2022-05-20 14:41:00,590,590,590,590,0
2022-05-20 14:42:00,590,590,590,590,400
2022-05-20 14:43:00,590,590,590,590,0
2022-05-20 14:44:00,590,590,590,590,0
2022-05-20 14:45:00,585,585,585,585,9100
2022-05-20 14:46:00,590,590,590,590,300
2022-05-20 14:47:00,590,590,590,590,300
2022-05-20 14:48:00,590,590,590,590,0
2022-05-20 14:49:00,590,590,595,595,90600
2022-05-20 14:50:00,590,590,595,595,0
2022-05-20 14:51:00,590,590,595,595,0
2022-05-20 14:52:00,590,590,595,595,0
2022-05-20 14:53:00,590,590,595,595,0
2022-05-20 14:54:00,590,590,595,595,0
2022-05-20 14:55:00,590,590,595,595,0
2022-05-20 14:56:00,590,590,595,595,0
2022-05-20 14:57:00,590,590,595,595,0
2022-05-20 14:58:00,590,590,595,595,0
2022-05-20 14:59:00,590,590,595,595,0
2022-05-20 15:00:00,575,575,575,575,40800
2022-05-20 15:01:00,575,575,575,575,0
2022-05-20 15:02:00,575,575,575,575,0
2022-05-20 15:03:00,575,575,575,575,0
2022-05-20 15:04:00,575,575,575,575,0
2022-05-20 15:05:00,575,575,575,575,0
2022-05-20 15:06:00,575,575,575,575,0
2022-05-20 15:07:00,575,575,575,575,0
2022-05-20 15:08:00,575,575,575,575,0
2022-05-20 15:09:00,575,575,575,575,30000
2022-05-20 15:10:00,575,575,575,575,0
2022-05-20 15:11:00,575,575,575,575,0
2022-05-20 15:12:00,575,575,575,575,0
2022-05-20 15:13:00,575,575,575,575,0
2022-05-20 15:14:00,575,575,575,575,0
2022-05-20 15:15:00,575,575,575,575,0
2022-05-20 15:16:00,575,575,575,575,0
2022-05-20 15:17:00,575,575,575,575,0
2022-05-20 15:18:00,575,575,575,575,0
2022-05-20 15:19:00,575,575,575,575,0
2022-05-20 15:20:00,575,575,575,575,0
2022-05-20 15:21:00,575,575,575,575,0
2022-05-20 15:22:00,575,575,575,575,0
2022-05-20 15:23:00,575,575,575,575,0
2022-05-20 15:24:00,575,575,575,575,0
2022-05-20 15:25:00,575,575,575,575,0
2022-05-20 15:26:00,575,575,575,575,0
2022-05-20 15:27:00,575,575,575,575,0
2022-05-20 15:28:00,575,575,575,575,0
2022-05-20 15:29:00,575,575,575,575,0
2022-05-20 15:30:00,575,575,575,575,0
2022-05-20 15:31:00,575,575,575,575,0
2022-05-20 15:32:00,575,575,575,575,0
2022-05-20 15:33:00,575,575,575,575,0
2022-05-20 15:34:00,575,575,575,575,0
2022-05-20 15:35:00,575,575,575,575,0
2022-05-20 15:36:00,575,575,575,575,0
2022-05-20 15:37:00,575,575,575,575,0
2022-05-20 15:38:00,575,575,575,575,0
2022-05-20 15:39:00,575,575,575,575,0
2022-05-20 15:40:00,575,575,575,575,0
2022-05-20 15:41:00,575,575,575,575,0
2022-05-20 15:42:00,575,575,575,575,0
2022-05-20 15:43:00,575,575,575,575,0
2022-05-20 15:44:00,575,575,575,575,0
2022-05-20 15:45:00,575,575,575,575,0
2022-05-20 15:46:00,575,575,575,575,0
2022-05-20 15:47:00,575,575,575,575,0
2022-05-20 15:48:00,575,575,575,575,0
2022-05-20 15:49:00,575,575,575,575,0
2022-05-20 15:50:00,575,575,575,575,0
2022-05-20 15:51:00,575,575,575,575,0
2022-05-20 15:52:00,575,575,575,575,0
2022-05-20 15:53:00,575,575,575,575,0
2022-05-20 15:54:00,575,575,575,575,0
2022-05-20 15:55:00,575,575,575,575,0
2022-05-20 15:56:00,575,575,575,575,0
2022-05-20 15:57:00,575,575,575,575,0
2022-05-20 15:58:00,575,575,575,575,0
2022-05-20 15:59:00,575,575,575,575,0
2022-05-23 09:00:00,575,575,575,575,0
2022-05-23 09:01:00,575,575,575,575,0
2022-05-23 09:02:00,575,575,575,575,0
2022-05-23 09:03:00,575,575,575,575,0
2022-05-23 09:04:00,575,575,575,575,0
2022-05-23 09:05:00,575,575,575,575,0
2022-05-23 09:06:00,575,575,575,575,0
2022-05-23 09:07:00,575,575,575,575,0
2022-05-23 09:08:00,575,575,575,575,0
2022-05-23 09:09:00,575,575,575,575,0
2022-05-23 09:10:00,575,575,575,575,0
2022-05-23 09:11:00,575,575,575,575,0
2022-05-23 09:12:00,575,575,575,575,0
2022-05-23 09:13:00,575,575,575,575,0
2022-05-23 09:14:00,575,575,575,575,0
2022-05-23 09:15:00,575,575,575,575,0
2022-05-23 09:16:00,575,575,575,575,0
2022-05-23 09:17:00,575,575,575,575,0
2022-05-23 09:18:00,575,575,575,575,0
2022-05-23 09:19:00,575,575,575,575,0
2022-05-23 09:20:00,575,575,575,575,0
2022-05-23 09:21:00,575,575,575,575,0
2022-05-23 09:22:00,575,575,575,575,0
2022-05-23 09:23:00,575,575,575,575,0
2022-05-23 09:24:00,575,575,575,575,0
2022-05-23 09:25:00,575,575,575,575,0
2022-05-23 09:26:00,575,575,575,575,0
2022-05-23 09:27:00,575,575,575,575,0
2022-05-23 09:28:00,575,575,575,575,0
2022-05-23 09:29:00,575,575,575,575,0
2022-05-23 09:30:00,575,575,575,575,0
2022-05-23 09:31:00,575,575,575,575,0
2022-05-23 09:32:00,575,575,575,575,0
2022-05-23 09:33:00,575,575,575,575,0
2022-05-23 09:34:00,575,575,575,575,0
2022-05-23 09:35:00,575,575,575,575,0
2022-05-23 09:36:00,575,575,575,575,0
2022-05-23 09:37:00,575,575,575,575,0
2022-05-23 09:38:00,575,575,575,575,0
2022-05-23 09:39:00,575,575,575,575,0
2022-05-23 09:40:00,575,575,575,575,0
2022-05-23 09:41:00,575,575,575,575,0
2022-05-23 09:42:00,575,575,575,575,0
2022-05-23 09:43:00,575,575,575,575,0
2022-05-23 09:44:00,575,575,575,575,0
2022-05-23 09:45:00,575,575,575,575,0
2022-05-23 09:46:00,575,575,575,575,0
2022-05-23 09:47:00,575,575,575,575,0
2022-05-23 09:48:00,575,575,575,575,0
2022-05-23 09:49:00,575,575,575,575,0
2022-05-23 09:50:00,575,575,575,575,0
2022-05-23 09:51:00,575,575,575,575,0
2022-05-23 09:52:00,575,575,575,575,0
2022-05-23 09:53:00,575,575,575,575,0
2022-05-23 09:54:00,575,575,575,575,0
2022-05-23 09:55:00,575,575,575,575,0
2022-05-23 09:56:00,575,575,575,575,0
2022-05-23 09:57:00,575,575,575,575,0
2022-05-23 09:58:00,575,575,575,575,0
2022-05-23 09:59:00,575,575,575,575,0
2022-05-23 10:00:00,575,575,575,575,0
2022-05-23 10:01:00,575,575,575,575,0
2022-05-23 10:02:00,575,575,575,575,0
2022-05-23 10:03:00,575,575,575,575,0
2022-05-23 10:04:00,575,575,575,575,0
2022-05-23 10:05:00,575,575,575,575,0
2022-05-23 10:06:00,575,575,575,575,0
2022-05-23 10:07:00,575,575,575,575,0
2022-05-23 10:08:00,575,575,575,575,0
2022-05-23 10:09:00,575,575,575,575,0
2022-05-23 10:10:00,575,575,575,575,0
2022-05-23 10:11:00,575,575,575,575,0
2022-05-23 10:12:00,575,575,575,575,0
2022-05-23 10:13:00,575,575,575,575,0
2022-05-23 10:14:00,575,575,575,575,0
2022-05-23 10:15:00,575,575,575,575,0
2022-05-23 10:16:00,575,575,575,575,0
2022-05-23 10:17:00,575,575,575,575,0
2022-05-23 10:18:00,575,575,575,575,0
2022-05-23 10:19:00,575,575,575,575,0
2022-05-23 10:20:00,575,575,575,575,0
2022-05-23 10:21:00,575,575,575,575,0
2022-05-23 10:22:00,575,575,575,575,0
2022-05-23 10:23:00,575,575,575,575,0
2022-05-23 10:24:00,575,575,575,575,0
2022-05-23 10:25:00,575,575,575,575,0
2022-05-23 10:26:00,575,575,575,575,0
2022-05-23 10:27:00,575,575,575,575,0
2022-05-23 10:28:00,575,575,575,575,0
2022-05-23 10:29:00,575,575,575,575,0
2022-05-23 10:30:00,575,575,575,575,0
2022-05-23 10:31:00,575,575,575,575,0
2022-05-23 10:32:00,575,575,575,575,0
2022-05-23 10:33:00,575,575,575,575,0
2022-05-23 10:34:00,575,575,575,575,0
2022-05-23 10:35:00,575,575,575,575,0
2022-05-23 10:36:00,575,575,575,575,0
2022-05-23 10:37:00,575,575,575,575,0
2022-05-23 10:38:00,575,575,575,575,0
2022-05-23 10:39:00,575,575,575,575,0
2022-05-23 10:40:00,575,575,575,575,0
2022-05-23 10:41:00,575,575,575,575,0
2022-05-23 10:42:00,575,575,575,575,0
2022-05-23 10:43:00,575,575,575,575,0
2022-05-23 10:44:00,575,575,575,575,0
2022-05-23 10:45:00,575,575,575,575,0
2022-05-23 10:46:00,575,575,575,575,0
2022-05-23 10:47:00,575,575,575,575,0
2022-05-23 10:48:00,575,575,575,575,0
2022-05-23 10:49:00,575,575,575,575,0
2022-05-23 10:50:00,575,575,575,575,0
2022-05-23 10:51:00,575,575,575,575,0
2022-05-23 10:52:00,575,575,575,575,0
2022-05-23 10:53:00,575,575,575,575,0
2022-05-23 10:54:00,575,575,575,575,0
2022-05-23 10:55:00,575,575,575,575,0
2022-05-23 10:56:00,575,575,575,575,0
2022-05-23 10:57:00,575,575,575,575,0
2022-05-23 10:58:00,575,575,575,575,0
2022-05-23 10:59:00,575,575,575,575,0
2022-05-23 11:00:00,575,575,575,575,0
2022-05-23 11:01:00,575,575,575,575,0
2022-05-23 11:02:00,575,575,575,575,0
2022-05-23 11:03:00,575,575,575,575,0
2022-05-23 11:04:00,575,575,575,575,0
2022-05-23 11:05:00,575,575,575,575,0
2022-05-23 11:06:00,575,575,575,575,0
2022-05-23 11:07:00,575,575,575,575,0
2022-05-23 11:08:00,575,575,575,575,0
2022-05-23 11:09:00,575,575,575,575,0
2022-05-23 11:10:00,575,575,575,575,0
2022-05-23 11:11:00,575,575,575,575,0
2022-05-23 11:12:00,575,575,575,575,0
2022-05-23 11:13:00,575,575,575,575,0
2022-05-23 11:14:00,575,575,575,575,0
2022-05-23 11:15:00,575,575,575,575,0
2022-05-23 11:16:00,575,575,575,575,0
2022-05-23 11:17:00,575,575,575,575,0
2022-05-23 11:18:00,575,575,575,575,0
2022-05-23 11:19:00,575,575,575,575,0
2022-05-23 11:20:00,575,575,575,575,0
2022-05-23 11:21:00,575,575,575,575,0
2022-05-23 11:22:00,575,575,575,575,0
2022-05-23 11:23:00,575,575,575,575,0
2022-05-23 11:24:00,575,575,575,575,0
2022-05-23 11:25:00,575,575,575,575,0
2022-05-23 11:26:00,575,575,575,575,0
2022-05-23 11:27:00,575,575,575,575,0
2022-05-23 11:28:00,575,575,575,575,0
2022-05-23 11:29:00,575,575,575,575,0
2022-05-23 11:30:00,575,575,575,575,0
2022-05-23 11:31:00,575,575,575,575,0
2022-05-23 11:32:00,575,575,575,575,0
2022-05-23 11:33:00,575,575,575,575,0
2022-05-23 11:34:00,575,575,575,575,0
2022-05-23 11:35:00,575,575,575,575,0
2022-05-23 11:36:00,575,575,575,575,0
2022-05-23 11:37:00,575,575,575,575,0
2022-05-23 11:38:00,575,575,575,575,0
2022-05-23 11:39:00,575,575,575,575,0
2022-05-23 11:40:00,575,575,575,575,0
2022-05-23 11:41:00,575,575,575,575,0
2022-05-23 11:42:00,575,575,575,575,0
2022-05-23 11:43:00,575,575,575,575,0
2022-05-23 11:44:00,575,575,575,575,0
2022-05-23 11:45:00,575,575,575,575,0
2022-05-23 11:46:00,575,575,575,575,0
2022-05-23 11:47:00,575,575,575,575,0
2022-05-23 11:48:00,575,575,575,575,0
2022-05-23 11:49:00,575,575,575,575,0
2022-05-23 11:50:00,575,575,575,575,0
2022-05-23 11:51:00,575,575,575,575,0
2022-05-23 11:52:00,575,575,575,575,0
2022-05-23 11:53:00,575,575,575,575,0
2022-05-23 11:54:00,575,575,575,575,0
2022-05-23 11:55:00,575,575,575,575,0
2022-05-23 11:56:00,575,575,575,575,0
2022-05-23 11:57:00,575,575,575,575,0
2022-05-23 11:58:00,575,575,575,575,0
2022-05-23 11:59:00,575,575,575,575,0
2022-05-23 12:00:00,575,575,575,575,0
2022-05-23 12:01:00,575,575,575,575,0
2022-05-23 12:02:00,575,575,575,575,0
2022-05-23 12:03:00,575,575,575,575,0
2022-05-23 12:04:00,575,575,575,575,0
2022-05-23 12:05:00,575,575,575,575,0
2022-05-23 12:06:00,575,575,575,575,0
2022-05-23 12:07:00,575,575,575,575,0
2022-05-23 12:08:00,575,575,575,575,0
2022-05-23 12:09:00,575,575,575,575,0
2022-05-23 12:10:00,575,575,575,575,0
2022-05-23 12:11:00,575,575,575,575,0
2022-05-23 12:12:00,575,575,575,575,0
2022-05-23 12:13:00,575,575,575,575,0
2022-05-23 12:14:00,575,575,575,575,0
2022-05-23 12:15:00,575,575,575,575,0
2022-05-23 12:16:00,575,575,575,575,0
2022-05-23 12:17:00,575,575,575,575,0
2022-05-23 12:18:00,575,575,575,575,0
2022-05-23 12:19:00,575,575,575,575,0
2022-05-23 12:20:00,575,575,575,575,0
2022-05-23 12:21:00,575,575,575,575,0
2022-05-23 12:22:00,575,575,575,575,0
2022-05-23 12:23:00,575,575,575,575,0
2022-05-23 12:24:00,575,575,575,575,0
2022-05-23 12:25:00,575,575,575,575,0
2022-05-23 12:26:00,575,575,575,575,0
2022-05-23 12:27:00,575,575,575,575,0
2022-05-23 12:28:00,575,575,575,575,0
2022-05-23 12:29:00,575,575,575,575,0
2022-05-23 12:30:00,575,575,575,575,0
2022-05-23 12:31:00,575,575,575,575,0
2022-05-23 12:32:00,575,575,575,575,0
2022-05-23 12:33:00,575,575,575,575,0
2022-05-23 12:34:00,575,575,575,575,0
2022-05-23 12:35:00,575,575,575,575,0
2022-05-23 12:36:00,575,575,575,575,0
2022-05-23 12:37:00,575,575,575,575,0
2022-05-23 12:38:00,575,575,575,575,0
2022-05-23 12:39:00,575,575,575,575,0
2022-05-23 12:40:00,575,575,575,575,0
2022-05-23 12:41:00,575,575,575,575,0
2022-05-23 12:42:00,575,575,575,575,0
2022-05-23 12:43:00,575,575,575,575,0
2022-05-23 12:44:00,575,575,575,575,0
2022-05-23 12:45:00,575,575,575,575,0
2022-05-23 12:46:00,575,575,575,575,0
2022-05-23 12:47:00,575,575,575,575,0
2022-05-23 12:48:00,575,575,575,575,0
2022-05-23 12:49:00,575,575,575,575,0
2022-05-23 12:50:00,575,575,575,575,0
2022-05-23 12:51:00,575,575,575,575,0
2022-05-23 12:52:00,575,575,575,575,0
2022-05-23 12:53:00,575,575,575,575,0
2022-05-23 12:54:00,575,575,575,575,0
2022-05-23 12:55:00,575,575,575,575,0
2022-05-23 12:56:00,575,575,575,575,0
2022-05-23 12:57:00,575,575,575,575,0
2022-05-23 12:58:00,575,575,575,575,0
2022-05-23 12:59:00,575,575,575,575,0
2022-05-23 13:00:00,575,575,575,575,0
2022-05-23 13:01:00,575,575,575,575,0
2022-05-23 13:02:00,575,575,575,575,0
2022-05-23 13:03:00,575,575,575,575,0
2022-05-23 13:04:00,575,575,575,575,0
2022-05-23 13:05:00,575,575,575,575,0
2022-05-23 13:06:00,575,575,575,575,0
2022-05-23 13:07:00,575,575,575,575,0
2022-05-23 13:08:00,575,575,575,575,0
2022-05-23 13:09:00,575,575,575,575,0
2022-05-23 13:10:00,575,575,575,575,0
2022-05-23 13:11:00,575,575,575,575,0
2022-05-23 13:12:00,575,575,575,575,0
2022-05-23 13:13:00,575,575,575,575,0
2022-05-23 13:14:00,575,575,575,575,0
2022-05-23 13:15:00,575,575,575,575,0
2022-05-23 13:16:00,575,575,575,575,0
2022-05-23 13:17:00,575,575,575,575,0
2022-05-23 13:18:00,575,575,575,575,0
2022-05-23 13:19:00,575,575,575,575,0
2022-05-23 13:20:00,575,575,575,575,0
2022-05-23 13:21:00,575,575,575,575,0
2022-05-23 13:22:00,575,575,575,575,0
2022-05-23 13:23:00,575,575,575,575,0
2022-05-23 13:24:00,575,575,575,575,0
2022-05-23 13:25:00,575,575,575,575,0
2022-05-23 13:26:00,575,575,575,575,0
2022-05-23 13:27:00,575,575,575,575,0
2022-05-23 13:28:00,575,575,575,575,0
2022-05-23 13:29:00,575,575,575,575,0
2022-05-23 13:30:00,575,575,575,575,0
2022-05-23 13:31:00,575,575,575,575,0
2022-05-23 13:32:00,575,575,575,575,0
2022-05-23 13:33:00,575,575,575,575,0
2022-05-23 13:34:00,575,575,575,575,0
2022-05-23 13:35:00,575,575,575,575,0
2022-05-23 13:36:00,575,575,575,575,0
2022-05-23 13:37:00,575,575,575,575,0
2022-05-23 13:38:00,575,575,575,575,0
2022-05-23 13:39:00,575,575,575,575,0
2022-05-23 13:40:00,575,575,575,575,0
2022-05-23 13:41:00,575,575,575,575,0
2022-05-23 13:42:00,575,575,575,575,0
2022-05-23 13:43:00,575,575,575,575,0
2022-05-23 13:44:00,575,575,575,575,0
2022-05-23 13:45:00,575,575,575,575,0
2022-05-23 13:46:00,575,575,575,575,0
2022-05-23 13:47:00,575,575,575,575,0
2022-05-23 13:48:00,575,575,575,575,0
2022-05-23 13:49:00,575,575,575,575,0
2022-05-23 13:50:00,575,575,575,575,0
2022-05-23 13:51:00,575,575,575,575,0
2022-05-23 13:52:00,575,575,575,575,0
2022-05-23 13:53:00,575,575,575,575,0
2022-05-23 13:54:00,575,575,575,575,0
2022-05-23 13:55:00,575,575,575,575,0
2022-05-23 13:56:00,575,575,575,575,0
2022-05-23 13:57:00,575,575,575,575,0
2022-05-23 13:58:00,575,575,575,575,0
2022-05-23 13:59:00,575,575,575,575,0
2022-05-23 14:00:00,575,575,575,575,0
2022-05-23 14:01:00,575,575,575,575,0
2022-05-23 14:02:00,575,575,575,575,0
2022-05-23 14:03:00,575,575,575,575,0
2022-05-23 14:04:00,575,575,575,575,0
2022-05-23 14:05:00,575,575,575,575,0
2022-05-23 14:06:00,575,575,575,575,0
2022-05-23 14:07:00,575,575,575,575,0
2022-05-23 14:08:00,575,575,575,575,0
2022-05-23 14:09:00,575,575,575,575,0
2022-05-23 14:10:00,575,575,575,575,0
2022-05-23 14:11:00,575,575,575,575,0
2022-05-23 14:12:00,575,575,575,575,0
2022-05-23 14:13:00,575,575,575,575,0
2022-05-23 14:14:00,575,575,575,575,0
2022-05-23 14:15:00,575,575,575,575,0
2022-05-23 14:16:00,575,575,575,575,0
2022-05-23 14:17:00,575,575,575,575,0
2022-05-23 14:18:00,575,575,575,575,0
2022-05-23 14:19:00,575,575,575,575,0
2022-05-23 14:20:00,575,575,575,575,0
2022-05-23 14:21:00,575,575,575,575,0
2022-05-23 14:22:00,575,575,575,575,0
2022-05-23 14:23:00,575,575,575,575,0
2022-05-23 14:24:00,575,575,575,575,0
2022-05-23 14:25:00,575,575,575,575,0
2022-05-23 14:26:00,575,575,575,575,0
2022-05-23 14:27:00,575,575,575,575,0
2022-05-23 14:28:00,575,575,575,575,0
2022-05-23 14:29:00,575,575,575,575,0
2022-05-23 14:30:00,575,575,575,575,0
2022-05-23 14:31:00,575,575,575,575,0
2022-05-23 14:32:00,575,575,575,575,0
2022-05-23 14:33:00,575,575,575,575,0
2022-05-23 14:34:00,575,575,575,575,0
2022-05-23 14:35:00,575,575,575,575,0
2022-05-23 14:36:00,575,575,575,575,0
2022-05-23 14:37:00,575,575,575,575,0
2022-05-23 14:38:00,575,575,575,575,0
2022-05-23 14:39:00,575,575,575,575,0
2022-05-23 14:40:00,575,575,575,575,0
2022-05-23 14:41:00,575,575,575,575,0
2022-05-23 14:42:00,575,575,575,575,0
2022-05-23 14:43:00,575,575,575,575,0
2022-05-23 14:44:00,575,575,575,575,0
2022-05-23 14:45:00,575,575,575,575,0
2022-05-23 14:46:00,575,575,575,575,0
2022-05-23 14:47:00,575,575,575,575,0
2022-05-23 14:48:00,575,575,575,575,0
2022-05-23 14:49:00,575,575,575,575,0
2022-05-23 14:50:00,575,575,575,575,0
2022-05-23 14:51:00,575,575,575,575,0
2022-05-23 14:52:00,575,575,575,575,0
2022-05-23 14:53:00,575,575,575,575,0
2022-05-23 14:54:00,575,575,575,575,0
2022-05-23 14:55:00,575,575,575,575,0
2022-05-23 14:56:00,575,575,575,575,0
2022-05-23 14:57:00,575,575,575,575,0
2022-05-23 14:58:00,575,575,575,575,0
2022-05-23 14:59:00,575,575,575,575,0
2022-05-23 15:00:00,575,575,575,575,0
2022-05-23 15:01:00,575,575,575,575,0
2022-05-23 15:02:00,575,575,575,575,0
2022-05-23 15:03:00,575,575,575,575,0
2022-05-23 15:04:00,575,575,575,575,0
2022-05-23 15:05:00,575,575,575,575,0
2022-05-23 15:06:00,575,575,575,575,0
2022-05-23 15:07:00,575,575,575,575,0
2022-05-23 15:08:00,575,575,575,575,0
2022-05-23 15:09:00,575,575,575,575,0
2022-05-23 15:10:00,575,575,575,575,0
2022-05-23 15:11:00,575,575,575,575,0
2022-05-23 15:12:00,575,575,575,575,0
2022-05-23 15:13:00,575,575,575,575,0
2022-05-23 15:14:00,575,575,575,575,0
2022-05-23 15:15:00,575,575,575,575,0
2022-05-23 15:16:00,575,575,575,575,0
2022-05-23 15:17:00,575,575,575,575,0
2022-05-23 15:18:00,575,575,575,575,0
2022-05-23 15:19:00,575,575,575,575,0
2022-05-23 15:20:00,575,575,575,575,0
2022-05-23 15:21:00,575,575,575,575,0
2022-05-23 15:22:00,575,575,575,575,0
2022-05-23 15:23:00,575,575,575,575,0
2022-05-23 15:24:00,575,575,575,575,0
2022-05-23 15:25:00,575,575,575,575,0
2022-05-23 15:26:00,575,575,575,575,0
2022-05-23 15:27:00,575,575,575,575,0
2022-05-23 15:28:00,575,575,575,575,0
2022-05-23 15:29:00,575,575,575,575,0
2022-05-23 15:30:00,575,575,575,575,0
2022-05-23 15:31:00,575,575,575,575,0
2022-05-23 15:32:00,575,575,575,575,0
2022-05-23 15:33:00,575,575,575,575,0
2022-05-23 15:34:00,575,575,575,575,0
2022-05-23 15:35:00,575,575,575,575,0
2022-05-23 15:36:00,575,575,575,575,0
2022-05-23 15:37:00,575,575,575,575,0
2022-05-23 15:38:00,575,575,575,575,0
2022-05-23 15:39:00,575,575,575,575,0
2022-05-23 15:40:00,575,575,575,575,0
2022-05-23 15:41:00,575,575,575,575,0
2022-05-23 15:42:00,575,575,575,575,0
2022-05-23 15:43:00,575,575,575,575,0
2022-05-23 15:44:00,575,575,575,575,0
2022-05-23 15:45:00,575,575,575,575,0
2022-05-23 15:46:00,575,575,575,575,0
2022-05-23 15:47:00,575,575,575,575,0
2022-05-23 15:48:00,575,575,575,575,0
2022-05-23 15:49:00,575,575,575,575,0
2022-05-23 15:50:00,575,575,575,575,0
2022-05-23 15:51:00,575,575,575,575,0
2022-05-23 15:52:00,575,575,575,575,0
2022-05-23 15:53:00,575,575,575,575,0
2022-05-23 15:54:00,575,575,575,575,0
2022-05-23 15:55:00,575,575,575,575,0
2022-05-23 15:56:00,575,575,575,575,0
2022-05-23 15:57:00,575,575,575,575,0
2022-05-23 15:58:00,575,575,575,575,0
2022-05-23 15:59:00,575,575,575,575,0
2022-05-24 09:00:00,575,575,575,575,0
2022-05-24 09:01:00,575,575,575,575,0
2022-05-24 09:02:00,575,575,575,575,0
2022-05-24 09:03:00,575,575,575,575,0
2022-05-24 09:04:00,575,575,575,575,0
2022-05-24 09:05:00,575,575,575,575,0
2022-05-24 09:06:00,575,575,575,575,0
2022-05-24 09:07:00,575,575,575,575,0
2022-05-24 09:08:00,575,575,575,575,0
2022-05-24 09:09:00,575,575,575,575,0
2022-05-24 09:10:00,575,575,575,575,0
2022-05-24 09:11:00,575,575,575,575,0
2022-05-24 09:12:00,575,575,575,575,0
2022-05-24 09:13:00,575,575,575,575,0
2022-05-24 09:14:00,575,575,575,575,0
2022-05-24 09:15:00,575,575,575,575,0
2022-05-24 09:16:00,575,575,575,575,0
2022-05-24 09:17:00,575,575,575,575,0
2022-05-24 09:18:00,575,575,575,575,0
2022-05-24 09:19:00,575,575,575,575,0
2022-05-24 09:20:00,575,575,575,575,0
2022-05-24 09:21:00,575,575,575,575,0
2022-05-24 09:22:00,575,575,575,575,0
2022-05-24 09:23:00,575,575,575,575,0
2022-05-24 09:24:00,575,575,575,575,0
2022-05-24 09:25:00,575,575,575,575,0
2022-05-24 09:26:00,575,575,575,575,0
2022-05-24 09:27:00,575,575,575,575,0
2022-05-24 09:28:00,575,575,575,575,0
2022-05-24 09:29:00,575,575,575,575,0
2022-05-24 09:30:00,575,575,575,575,0
2022-05-24 09:31:00,575,575,575,575,0
2022-05-24 09:32:00,575,575,575,575,0
2022-05-24 09:33:00,575,575,575,575,0
2022-05-24 09:34:00,575,575,575,575,0
2022-05-24 09:35:00,575,575,575,575,0
2022-05-24 09:36:00,575,575,575,575,0
2022-05-24 09:37:00,575,575,575,575,0
2022-05-24 09:38:00,575,575,575,575,0
2022-05-24 09:39:00,575,575,575,575,0
2022-05-24 09:40:00,575,575,575,575,0
2022-05-24 09:41:00,575,575,575,575,0
2022-05-24 09:42:00,575,575,575,575,0
2022-05-24 09:43:00,575,575,575,575,0
2022-05-24 09:44:00,575,575,575,575,0
2022-05-24 09:45:00,575,575,575,575,0
2022-05-24 09:46:00,575,575,575,575,0
2022-05-24 09:47:00,575,575,575,575,0
2022-05-24 09:48:00,575,575,575,575,0
2022-05-24 09:49:00,575,575,575,575,0
2022-05-24 09:50:00,575,575,575,575,0
2022-05-24 09:51:00,575,575,575,575,0
2022-05-24 09:52:00,575,575,575,575,0
2022-05-24 09:53:00,575,575,575,575,0
2022-05-24 09:54:00,575,575,575,575,0
2022-05-24 09:55:00,575,575,575,575,0
2022-05-24 09:56:00,575,575,575,575,0
2022-05-24 09:57:00,575,575,575,575,0
2022-05-24 09:58:00,575,575,575,575,0
2022-05-24 09:59:00,575,575,575,575,0
2022-05-24 10:00:00,575,575,575,575,0
2022-05-24 10:01:00,575,575,575,575,0
2022-05-24 10:02:00,575,575,575,575,0
2022-05-24 10:03:00,575,575,575,575,0
2022-05-24 10:04:00,575,575,575,575,0
2022-05-24 10:05:00,575,575,575,575,0
2022-05-24 10:06:00,575,575,575,575,0
2022-05-24 10:07:00,575,575,575,575,0
2022-05-24 10:08:00,575,575,575,575,0
2022-05-24 10:09:00,575,575,575,575,0
2022-05-24 10:10:00,575,575,575,575,0
2022-05-24 10:11:00,575,575,575,575,0
2022-05-24 10:12:00,575,575,575,575,0
2022-05-24 10:13:00,575,575,575,575,0
2022-05-24 10:14:00,575,575,575,575,0
2022-05-24 10:15:00,575,575,575,575,0
2022-05-24 10:16:00,575,575,575,575,0
2022-05-24 10:17:00,575,575,575,575,0
2022-05-24 10:18:00,575,575,575,575,0
2022-05-24 10:19:00,575,575,575,575,0
2022-05-24 10:20:00,575,575,575,575,0
2022-05-24 10:21:00,575,575,575,575,0
2022-05-24 10:22:00,575,575,575,575,0
2022-05-24 10:23:00,575,575,575,575,0
2022-05-24 10:24:00,575,575,575,575,0
2022-05-24 10:25:00,575,575,575,575,0
2022-05-24 10:26:00,575,575,575,575,0
2022-05-24 10:27:00,575,575,575,575,0
2022-05-24 10:28:00,575,575,575,575,0
2022-05-24 10:29:00,575,575,575,575,0
2022-05-24 10:30:00,575,575,575,575,0
2022-05-24 10:31:00,575,575,575,575,0
2022-05-24 10:32:00,575,575,575,575,0
2022-05-24 10:33:00,575,575,575,575,0
2022-05-24 10:34:00,575,575,575,575,0
2022-05-24 10:35:00,575,575,575,575,0
2022-05-24 10:36:00,575,575,575,575,0
2022-05-24 10:37:00,575,575,575,575,0
2022-05-24 10:38:00,575,575,575,575,0
2022-05-24 10:39:00,575,575,575,575,0
2022-05-24 10:40:00,575,575,575,575,0
2022-05-24 10:41:00,575,575,575,575,0
2022-05-24 10:42:00,575,575,575,575,0
2022-05-24 10:43:00,575,575,575,575,0
2022-05-24 10:44:00,575,575,575,575,0
2022-05-24 10:45:00,575,575,575,575,0
2022-05-24 10:46:00,575,575,575,575,0
2022-05-24 10:47:00,575,575,575,575,0
2022-05-24 10:48:00,575,575,575,575,0
2022-05-24 10:49:00,575,575,575,575,0
2022-05-24 10:50:00,575,575,575,575,0
2022-05-24 10:51:00,575,575,575,575,0
2022-05-24 10:52:00,575,575,575,575,0
2022-05-24 10:53:00,575,575,575,575,0
2022-05-24 10:54:00,575,575,575,575,0
2022-05-24 10:55:00,575,575,575,575,0
2022-05-24 10:56:00,575,575,575,575,0
2022-05-24 10:57:00,575,575,575,575,0
2022-05-24 10:58:00,575,575,575,575,0
2022-05-24 10:59:00,575,575,575,575,0
2022-05-24 11:00:00,575,575,575,575,0
2022-05-24 11:01:00,575,575,575,575,0
2022-05-24 11:02:00,575,575,575,575,0
2022-05-24 11:03:00,575,575,575,575,0
2022-05-24 11:04:00,575,575,575,575,0
2022-05-24 11:05:00,575,575,575,575,0
2022-05-24 11:06:00,575,575,575,575,0
2022-05-24 11:07:00,575,575,575,575,0
2022-05-24 11:08:00,575,575,575,575,0
2022-05-24 11:09:00,575,575,575,575,0
2022-05-24 11:10:00,575,575,575,575,0
2022-05-24 11:11:00,575,575,575,575,0
2022-05-24 11:12:00,575,575,575,575,0
2022-05-24 11:13:00,575,575,575,575,0
2022-05-24 11:14:00,575,575,575,575,0
2022-05-24 11:15:00,575,575,575,575,0
2022-05-24 11:16:00,575,575,575,575,0
2022-05-24 11:17:00,575,575,575,575,0
2022-05-24 11:18:00,575,575,575,575,0
2022-05-24 11:19:00,575,575,575,575,0
2022-05-24 11:20:00,575,575,575,575,0
2022-05-24 11:21:00,575,575,575,575,0
2022-05-24 11:22:00,575,575,575,575,0
2022-05-24 11:23:00,575,575,575,575,0
2022-05-24 11:24:00,575,575,575,575,0
2022-05-24 11:25:00,575,575,575,575,0
2022-05-24 11:26:00,575,575,575,575,0
2022-05-24 11:27:00,575,575,575,575,0
2022-05-24 11:28:00,575,575,575,575,0
2022-05-24 11:29:00,575,575,575,575,0
2022-05-24 11:30:00,575,575,575,575,0
2022-05-24 11:31:00,575,575,575,575,0
2022-05-24 11:32:00,575,575,575,575,0
2022-05-24 11:33:00,575,575,575,575,0
2022-05-24 11:34:00,575,575,575,575,0
2022-05-24 11:35:00,575,575,575,575,0
2022-05-24 11:36:00,575,575,575,575,0
2022-05-24 11:37:00,575,575,575,575,0
2022-05-24 11:38:00,575,575,575,575,0
2022-05-24 11:39:00,575,575,575,575,0
2022-05-24 11:40:00,575,575,575,575,0
2022-05-24 11:41:00,575,575,575,575,0
2022-05-24 11:42:00,575,575,575,575,0
2022-05-24 11:43:00,575,575,575,575,0
2022-05-24 11:44:00,575,575,575,575,0
2022-05-24 11:45:00,575,575,575,575,0
2022-05-24 11:46:00,575,575,575,575,0
2022-05-24 11:47:00,575,575,575,575,0
2022-05-24 11:48:00,575,575,575,575,0
2022-05-24 11:49:00,575,575,575,575,0
2022-05-24 11:50:00,575,575,575,575,0
2022-05-24 11:51:00,575,575,575,575,0
2022-05-24 11:52:00,575,575,575,575,0
2022-05-24 11:53:00,575,575,575,575,0
2022-05-24 11:54:00,575,575,575,575,0
2022-05-24 11:55:00,575,575,575,575,0
2022-05-24 11:56:00,575,575,575,575,0
2022-05-24 11:57:00,575,575,575,575,0
2022-05-24 11:58:00,575,575,575,575,0
2022-05-24 11:59:00,575,575,575,575,0
2022-05-24 12:00:00,575,575,575,575,0
2022-05-24 12:01:00,575,575,575,575,0
2022-05-24 12:02:00,575,575,575,575,0
2022-05-24 12:03:00,575,575,575,575,0
2022-05-24 12:04:00,575,575,575,575,0
2022-05-24 12:05:00,575,575,575,575,0
2022-05-24 12:06:00,575,575,575,575,0
2022-05-24 12:07:00,575,575,575,575,0
2022-05-24 12:08:00,575,575,575,575,0
2022-05-24 12:09:00,575,575,575,575,0
2022-05-24 12:10:00,575,575,575,575,0
2022-05-24 12:11:00,575,575,575,575,0
2022-05-24 12:12:00,575,575,575,575,0
2022-05-24 12:13:00,575,575,575,575,0
2022-05-24 12:14:00,575,575,575,575,0
2022-05-24 12:15:00,575,575,575,575,0
2022-05-24 12:16:00,575,575,575,575,0
2022-05-24 12:17:00,575,575,575,575,0
2022-05-24 12:18:00,575,575,575,575,0
2022-05-24 12:19:00,575,575,575,575,0
2022-05-24 12:20:00,575,575,575,575,0
2022-05-24 12:21:00,575,575,575,575,0
2022-05-24 12:22:00,575,575,575,575,0
2022-05-24 12:23:00,575,575,575,575,0
2022-05-24 12:24:00,575,575,575,575,0
2022-05-24 12:25:00,575,575,575,575,0
2022-05-24 12:26:00,575,575,575,575,0
2022-05-24 12:27:00,575,575,575,575,0
2022-05-24 12:28:00,575,575,575,575,0
2022-05-24 12:29:00,575,575,575,575,0
2022-05-24 12:30:00,575,575,575,575,0
2022-05-24 12:31:00,575,575,575,575,0
2022-05-24 12:32:00,575,575,575,575,0
2022-05-24 12:33:00,575,575,575,575,0
2022-05-24 12:34:00,575,575,575,575,0
2022-05-24 12:35:00,575,575,575,575,0
2022-05-24 12:36:00,575,575,575,575,0
2022-05-24 12:37:00,575,575,575,575,0
2022-05-24 12:38:00,575,575,575,575,0
2022-05-24 12:39:00,575,575,575,575,0
2022-05-24 12:40:00,575,575,575,575,0
2022-05-24 12:41:00,575,575,575,575,0
2022-05-24 12:42:00,575,575,575,575,0
2022-05-24 12:43:00,575,575,575,575,0
2022-05-24 12:44:00,575,575,575,575,0
2022-05-24 12:45:00,575,575,575,575,0
2022-05-24 12:46:00,575,575,575,575,0
2022-05-24 12:47:00,575,575,575,575,0
2022-05-24 12:48:00,575,575,575,575,0
2022-05-24 12:49:00,575,575,575,575,0
2022-05-24 12:50:00,575,575,575,575,0
2022-05-24 12:51:00,575,575,575,575,0
2022-05-24 12:52:00,575,575,575,575,0
2022-05-24 12:53:00,575,575,575,575,0
2022-05-24 12:54:00,575,575,575,575,0
2022-05-24 12:55:00,575,575,575,575,0
2022-05-24 12:56:00,575,575,575,575,0
2022-05-24 12:57:00,575,575,575,575,0
2022-05-24 12:58:00,575,575,575,575,0
2022-05-24 12:59:00,575,575,575,575,0
2022-05-24 13:00:00,575,575,575,575,0
2022-05-24 13:01:00,575,575,575,575,0
2022-05-24 13:02:00,575,575,575,575,0
2022-05-24 13:03:00,575,575,575,575,0
2022-05-24 13:04:00,575,575,575,575,0
2022-05-24 13:05:00,575,575,575,575,0
2022-05-24 13:06:00,575,575,575,575,0
2022-05-24 13:07:00,575,575,575,575,0
2022-05-24 13:08:00,575,575,575,575,0
2022-05-24 13:09:00,575,575,575,575,0
2022-05-24 13:10:00,575,575,575,575,0
2022-05-24 13:11:00,575,575,575,575,0
2022-05-24 13:12:00,575,575,575,575,0
2022-05-24 13:13:00,575,575,575,575,0
2022-05-24 13:14:00,575,575,575,575,0
2022-05-24 13:15:00,575,575,575,575,0
2022-05-24 13:16:00,575,575,575,575,0
2022-05-24 13:17:00,575,575,575,575,0
2022-05-24 13:18:00,575,575,575,575,0
2022-05-24 13:19:00,575,575,575,575,0
2022-05-24 13:20:00,575,575,575,575,0
2022-05-24 13:21:00,575,575,575,575,0
2022-05-24 13:22:00,575,575,575,575,0
2022-05-24 13:23:00,575,575,575,575,0
2022-05-24 13:24:00,575,575,575,575,0
2022-05-24 13:25:00,575,575,575,575,0
2022-05-24 13:26:00,575,575,575,575,0
2022-05-24 13:27:00,575,575,575,575,0
2022-05-24 13:28:00,575,575,575,575,0
2022-05-24 13:29:00,575,575,575,575,0
2022-05-24 13:30:00,575,575,575,575,0
2022-05-24 13:31:00,575,575,575,575,0
2022-05-24 13:32:00,575,575,575,575,0
2022-05-24 13:33:00,575,575,575,575,0
2022-05-24 13:34:00,575,575,575,575,0
2022-05-24 13:35:00,575,575,575,575,0
2022-05-24 13:36:00,575,575,575,575,0
2022-05-24 13:37:00,575,575,575,575,0
2022-05-24 13:38:00,575,575,575,575,0
2022-05-24 13:39:00,575,575,575,575,0
2022-05-24 13:40:00,575,575,575,575,0
2022-05-24 13:41:00,575,575,575,575,0
2022-05-24 13:42:00,575,575,575,575,0
2022-05-24 13:43:00,575,575,575,575,0
2022-05-24 13:44:00,575,575,575,575,0
2022-05-24 13:45:00,575,575,575,575,0
2022-05-24 13:46:00,575,575,575,575,0
2022-05-24 13:47:00,575,575,575,575,0
2022-05-24 13:48:00,575,575,575,575,0
2022-05-24 13:49:00,575,575,575,575,0
2022-05-24 13:50:00,575,575,575,575,0
2022-05-24 13:51:00,575,575,575,575,0
2022-05-24 13:52:00,575,575,575,575,0
2022-05-24 13:53:00,575,575,575,575,0
2022-05-24 13:54:00,575,575,575,575,0
2022-05-24 13:55:00,575,575,575,575,0
2022-05-24 13:56:00,575,575,575,575,0
2022-05-24 13:57:00,575,575,575,575,0
2022-05-24 13:58:00,575,575,575,575,0
2022-05-24 13:59:00,575,575,575,575,0
2022-05-24 14:00:00,575,575,575,575,0
2022-05-24 14:01:00,575,575,575,575,0
2022-05-24 14:02:00,575,575,575,575,0
2022-05-24 14:03:00,575,575,575,575,0
2022-05-24 14:04:00,575,575,575,575,0
2022-05-24 14:05:00,575,575,575,575,0
2022-05-24 14:06:00,575,575,575,575,0
2022-05-24 14:07:00,575,575,575,575,0
2022-05-24 14:08:00,575,575,575,575,0
2022-05-24 14:09:00,575,575,575,575,0
2022-05-24 14:10:00,575,575,575,575,0
2022-05-24 14:11:00,575,575,575,575,0
2022-05-24 14:12:00,575,575,575,575,0
2022-05-24 14:13:00,575,575,575,575,0
2022-05-24 14:14:00,575,575,575,575,0
2022-05-24 14:15:00,575,575,575,575,0
2022-05-24 14:16:00,575,575,575,575,0
2022-05-24 14:17:00,575,575,575,575,0
2022-05-24 14:18:00,575,575,575,575,0
2022-05-24 14:19:00,575,575,575,575,0
2022-05-24 14:20:00,575,575,575,575,0
2022-05-24 14:21:00,575,575,575,575,0
2022-05-24 14:22:00,575,575,575,575,0
2022-05-24 14:23:00,575,575,575,575,0
2022-05-24 14:24:00,575,575,575,575,0
2022-05-24 14:25:00,575,575,575,575,0
2022-05-24 14:26:00,575,575,575,575,0
2022-05-24 14:27:00,575,575,575,575,0
2022-05-24 14:28:00,575,575,575,575,0
2022-05-24 14:29:00,575,575,575,575,0
2022-05-24 14:30:00,575,575,575,575,0
2022-05-24 14:31:00,575,575,575,575,0
2022-05-24 14:32:00,575,575,575,575,0
2022-05-24 14:33:00,575,575,575,575,0
2022-05-24 14:34:00,575,575,575,575,0
2022-05-24 14:35:00,575,575,575,575,0
2022-05-24 14:36:00,575,575,575,575,0
2022-05-24 14:37:00,575,575,575,575,0
2022-05-24 14:38:00,575,575,575,575,0
2022-05-24 14:39:00,575,575,575,575,0
2022-05-24 14:40:00,575,575,575,575,0
2022-05-24 14:41:00,575,575,575,575,0
2022-05-24 14:42:00,575,575,575,575,0
2022-05-24 14:43:00,575,575,575,575,0
2022-05-24 14:44:00,575,575,575,575,0
2022-05-24 14:45:00,575,575,575,575,0
2022-05-24 14:46:00,575,575,575,575,0
2022-05-24 14:47:00,575,575,575,575,0
2022-05-24 14:48:00,575,575,575,575,0
2022-05-24 14:49:00,575,575,575,575,0
2022-05-24 14:50:00,575,575,575,575,0
2022-05-24 14:51:00,575,575,575,575,0
2022-05-24 14:52:00,575,575,575,575,0
2022-05-24 14:53:00,575,575,575,575,0
2022-05-24 14:54:00,575,575,575,575,0
2022-05-24 14:55:00,575,575,575,575,0
2022-05-24 14:56:00,575,575,575,575,0
2022-05-24 14:57:00,575,575,575,575,0
2022-05-24 14:58:00,575,575,575,575,0
2022-05-24 14:59:00,575,575,575,575,0
2022-05-24 15:00:00,575,575,575,575,0
2022-05-24 15:01:00,575,575,575,575,0
2022-05-24 15:02:00,575,575,575,575,0
2022-05-24 15:03:00,575,575,575,575,0
2022-05-24 15:04:00,575,575,575,575,0
2022-05-24 15:05:00,575,575,575,575,0
2022-05-24 15:06:00,575,575,575,575,0
2022-05-24 15:07:00,575,575,575,575,0
2022-05-24 15:08:00,575,575,575,575,0
2022-05-24 15:09:00,575,575,575,575,0
2022-05-24 15:10:00,575,575,575,575,0
2022-05-24 15:11:00,575,575,575,575,0
2022-05-24 15:12:00,575,575,575,575,0
2022-05-24 15:13:00,575,575,575,575,0
2022-05-24 15:14:00,575,575,575,575,0
2022-05-24 15:15:00,575,575,575,575,0
2022-05-24 15:16:00,575,575,575,575,0
2022-05-24 15:17:00,575,575,575,575,0
2022-05-24 15:18:00,575,575,575,575,0
2022-05-24 15:19:00,575,575,575,575,0
2022-05-24 15:20:00,575,575,575,575,0
2022-05-24 15:21:00,575,575,575,575,0
2022-05-24 15:22:00,575,575,575,575,0
2022-05-24 15:23:00,575,575,575,575,0
2022-05-24 15:24:00,575,575,575,575,0
2022-05-24 15:25:00,575,575,575,575,0
2022-05-24 15:26:00,575,575,575,575,0
2022-05-24 15:27:00,575,575,575,575,0
2022-05-24 15:28:00,575,575,575,575,0
2022-05-24 15:29:00,575,575,575,575,0
2022-05-24 15:30:00,575,575,575,575,0
2022-05-24 15:31:00,575,575,575,575,0
2022-05-24 15:32:00,575,575,575,575,0
2022-05-24 15:33:00,575,575,575,575,0
2022-05-24 15:34:00,575,575,575,575,0
2022-05-24 15:35:00,575,575,575,575,0
2022-05-24 15:36:00,575,575,575,575,0
2022-05-24 15:37:00,575,575,575,575,0
2022-05-24 15:38:00,575,575,575,575,0
2022-05-24 15:39:00,575,575,575,575,0
2022-05-24 15:40:00,575,575,575,575,0
2022-05-24 15:41:00,575,575,575,575,0
2022-05-24 15:42:00,575,575,575,575,0
2022-05-24 15:43:00,575,575,575,575,0
2022-05-24 15:44:00,575,575,575,575,0
2022-05-24 15:45:00,575,575,575,575,0
2022-05-24 15:46:00,575,575,575,575,0
2022-05-24 15:47:00,575,575,575,575,0
2022-05-24 15:48:00,575,575,575,575,0
2022-05-24 15:49:00,575,575,575,575,0
2022-05-24 15:50:00,575,575,575,575,0
2022-05-24 15:51:00,575,575,575,575,0
2022-05-24 15:52:00,575,575,575,575,0
2022-05-24 15:53:00,575,575,575,575,0
2022-05-24 15:54:00,575,575,575,575,0
2022-05-24 15:55:00,575,575,575,575,0
2022-05-24 15:56:00,575,575,575,575,0
2022-05-24 15:57:00,575,575,575,575,0
2022-05-24 15:58:00,575,575,575,575,0
2022-05-24 15:59:00,575,575,575,575,0
2022-05-25 09:00:00,575,575,575,575,0
2022-05-25 09:01:00,575,575,575,575,0
2022-05-25 09:02:00,575,575,575,575,0
2022-05-25 09:03:00,575,575,575,575,0
2022-05-25 09:04:00,575,575,575,575,0
2022-05-25 09:05:00,575,575,575,575,0
2022-05-25 09:06:00,575,575,575,575,0
2022-05-25 09:07:00,575,575,575,575,0
2022-05-25 09:08:00,575,575,575,575,0
2022-05-25 09:09:00,575,575,575,575,0
2022-05-25 09:10:00,575,575,575,575,0
2022-05-25 09:11:00,575,575,575,575,0
2022-05-25 09:12:00,575,575,575,575,0
2022-05-25 09:13:00,575,575,575,575,0
2022-05-25 09:14:00,575,575,575,575,0
2022-05-25 09:15:00,575,575,575,575,0
2022-05-25 09:16:00,575,575,575,575,0
2022-05-25 09:17:00,575,575,575,575,0
2022-05-25 09:18:00,575,575,575,575,0
2022-05-25 09:19:00,575,575,575,575,0
2022-05-25 09:20:00,575,575,575,575,0
2022-05-25 09:21:00,575,575,575,575,0
2022-05-25 09:22:00,575,575,575,575,0
2022-05-25 09:23:00,575,575,575,575,0
2022-05-25 09:24:00,575,575,575,575,0
2022-05-25 09:25:00,575,575,575,575,0
2022-05-25 09:26:00,575,575,575,575,0
2022-05-25 09:27:00,575,575,575,575,0
2022-05-25 09:28:00,575,575,575,575,0
2022-05-25 09:29:00,575,575,575,575,0
2022-05-25 09:30:00,575,575,575,575,0
2022-05-25 09:31:00,575,575,575,575,0
2022-05-25 09:32:00,575,575,575,575,0
2022-05-25 09:33:00,575,575,575,575,0
2022-05-25 09:34:00,575,575,575,575,0
2022-05-25 09:35:00,575,575,575,575,0
2022-05-25 09:36:00,575,575,575,575,0
2022-05-25 09:37:00,575,575,575,575,0
2022-05-25 09:38:00,575,575,575,575,0
2022-05-25 09:39:00,575,575,575,575,0
2022-05-25 09:40:00,575,575,575,575,0
2022-05-25 09:41:00,575,575,575,575,0
2022-05-25 09:42:00,575,575,575,575,0
2022-05-25 09:43:00,575,575,575,575,0
2022-05-25 09:44:00,575,575,575,575,0
2022-05-25 09:45:00,575,575,575,575,0
2022-05-25 09:46:00,575,575,575,575,0
2022-05-25 09:47:00,575,575,575,575,0
2022-05-25 09:48:00,575,575,575,575,0
2022-05-25 09:49:00,575,575,575,575,0
2022-05-25 09:50:00,575,575,575,575,0
2022-05-25 09:51:00,575,575,575,575,0
2022-05-25 09:52:00,575,575,575,575,0
2022-05-25 09:53:00,575,575,575,575,0
2022-05-25 09:54:00,575,575,575,575,0
2022-05-25 09:55:00,575,575,575,575,0
2022-05-25 09:56:00,575,575,575,575,0
2022-05-25 09:57:00,575,575,575,575,0
2022-05-25 09:58:00,575,575,575,575,0
2022-05-25 09:59:00,575,575,575,575,0
2022-05-25 10:00:00,575,575,575,575,0
2022-05-25 10:01:00,575,575,575,575,0
2022-05-25 10:02:00,575,575,575,575,0
2022-05-25 10:03:00,575,575,575,575,0
2022-05-25 10:04:00,575,575,575,575,0
2022-05-25 10:05:00,575,575,575,575,0
2022-05-25 10:06:00,575,575,575,575,0
2022-05-25 10:07:00,575,575,575,575,0
2022-05-25 10:08:00,575,575,575,575,0
2022-05-25 10:09:00,575,575,575,575,0
2022-05-25 10:10:00,575,575,575,575,0
2022-05-25 10:11:00,575,575,575,575,0
2022-05-25 10:12:00,575,575,575,575,0
2022-05-25 10:13:00,575,575,575,575,0
2022-05-25 10:14:00,575,575,575,575,0
2022-05-25 10:15:00,575,575,575,575,0
2022-05-25 10:16:00,575,575,575,575,0
2022-05-25 10:17:00,575,575,575,575,0
2022-05-25 10:18:00,575,575,575,575,0
2022-05-25 10:19:00,575,575,575,575,0
2022-05-25 10:20:00,575,575,575,575,0
2022-05-25 10:21:00,575,575,575,575,0
2022-05-25 10:22:00,575,575,575,575,0
2022-05-25 10:23:00,575,575,575,575,0
2022-05-25 10:24:00,575,575,575,575,0
2022-05-25 10:25:00,575,575,575,575,0
2022-05-25 10:26:00,575,575,575,575,0
2022-05-25 10:27:00,575,575,575,575,0
2022-05-25 10:28:00,575,575,575,575,0
2022-05-25 10:29:00,575,575,575,575,0
2022-05-25 10:30:00,575,575,575,575,0
2022-05-25 10:31:00,575,575,575,575,0
2022-05-25 10:32:00,575,575,575,575,0
2022-05-25 10:33:00,575,575,575,575,0
2022-05-25 10:34:00,575,575,575,575,0
2022-05-25 10:35:00,575,575,575,575,0
2022-05-25 10:36:00,575,575,575,575,0
2022-05-25 10:37:00,575,575,575,575,0
2022-05-25 10:38:00,575,575,575,575,0
2022-05-25 10:39:00,575,575,575,575,0
2022-05-25 10:40:00,575,575,575,575,0
2022-05-25 10:41:00,575,575,575,575,0
2022-05-25 10:42:00,575,575,575,575,0
2022-05-25 10:43:00,575,575,575,575,0
2022-05-25 10:44:00,575,575,575,575,0
2022-05-25 10:45:00,575,575,575,575,0
2022-05-25 10:46:00,575,575,575,575,0
2022-05-25 10:47:00,575,575,575,575,0
2022-05-25 10:48:00,575,575,575,575,0
2022-05-25 10:49:00,575,575,575,575,0
2022-05-25 10:50:00,575,575,575,575,0
2022-05-25 10:51:00,575,575,575,575,0
2022-05-25 10:52:00,575,575,575,575,0
2022-05-25 10:53:00,575,575,575,575,0
2022-05-25 10:54:00,575,575,575,575,0
2022-05-25 10:55:00,575,575,575,575,0
2022-05-25 10:56:00,575,575,575,575,0
2022-05-25 10:57:00,575,575,575,575,0
2022-05-25 10:58:00,575,575,575,575,0
2022-05-25 10:59:00,575,575,575,575,0
2022-05-25 11:00:00,575,575,575,575,0
2022-05-25 11:01:00,575,575,575,575,0
2022-05-25 11:02:00,575,575,575,575,0
2022-05-25 11:03:00,575,575,575,575,0
2022-05-25 11:04:00,575,575,575,575,0
2022-05-25 11:05:00,575,575,575,575,0
2022-05-25 11:06:00,575,575,575,575,0
2022-05-25 11:07:00,575,575,575,575,0
2022-05-25 11:08:00,575,575,575,575,0
2022-05-25 11:09:00,575,575,575,575,0
2022-05-25 11:10:00,575,575,575,575,0
2022-05-25 11:11:00,575,575,575,575,0
2022-05-25 11:12:00,575,575,575,575,0
2022-05-25 11:13:00,575,575,575,575,0
2022-05-25 11:14:00,575,575,575,575,0
2022-05-25 11:15:00,575,575,575,575,0
2022-05-25 11:16:00,575,575,575,575,0
2022-05-25 11:17:00,575,575,575,575,0
2022-05-25 11:18:00,575,575,575,575,0
2022-05-25 11:19:00,575,575,575,575,0
2022-05-25 11:20:00,575,575,575,575,0
2022-05-25 11:21:00,575,575,575,575,0
2022-05-25 11:22:00,575,575,575,575,0
2022-05-25 11:23:00,575,575,575,575,0
2022-05-25 11:24:00,575,575,575,575,0
2022-05-25 11:25:00,575,575,575,575,0
2022-05-25 11:26:00,575,575,575,575,0
2022-05-25 11:27:00,575,575,575,575,0
2022-05-25 11:28:00,575,575,575,575,0
2022-05-25 11:29:00,575,575,575,575,0
2022-05-25 11:30:00,575,575,575,575,0
2022-05-25 11:31:00,575,575,575,575,0
2022-05-25 11:32:00,575,575,575,575,0
2022-05-25 11:33:00,575,575,575,575,0
2022-05-25 11:34:00,575,575,575,575,0
2022-05-25 11:35:00,575,575,575,575,0
2022-05-25 11:36:00,575,575,575,575,0
2022-05-25 11:37:00,575,575,575,575,0
2022-05-25 11:38:00,575,575,575,575,0
2022-05-25 11:39:00,575,575,575,575,0
2022-05-25 11:40:00,575,575,575,575,0
2022-05-25 11:41:00,575,575,575,575,0
2022-05-25 11:42:00,575,575,575,575,0
2022-05-25 11:43:00,575,575,575,575,0
2022-05-25 11:44:00,575,575,575,575,0
2022-05-25 11:45:00,575,575,575,575,0
2022-05-25 11:46:00,575,575,575,575,0
2022-05-25 11:47:00,575,575,575,575,0
2022-05-25 11:48:00,575,575,575,575,0
2022-05-25 11:49:00,575,575,575,575,0
2022-05-25 11:50:00,575,575,575,575,0
2022-05-25 11:51:00,575,575,575,575,0
2022-05-25 11:52:00,575,575,575,575,0
2022-05-25 11:53:00,575,575,575,575,0
2022-05-25 11:54:00,575,575,575,575,0
2022-05-25 11:55:00,575,575,575,575,0
2022-05-25 11:56:00,575,575,575,575,0
2022-05-25 11:57:00,575,575,575,575,0
2022-05-25 11:58:00,575,575,575,575,0
2022-05-25 11:59:00,575,575,575,575,0
2022-05-25 12:00:00,575,575,575,575,0
2022-05-25 12:01:00,575,575,575,575,0
2022-05-25 12:02:00,575,575,575,575,0
2022-05-25 12:03:00,575,575,575,575,0
2022-05-25 12:04:00,575,575,575,575,0
2022-05-25 12:05:00,575,575,575,575,0
2022-05-25 12:06:00,575,575,575,575,0
2022-05-25 12:07:00,575,575,575,575,0
2022-05-25 12:08:00,575,575,575,575,0
2022-05-25 12:09:00,575,575,575,575,0
2022-05-25 12:10:00,575,575,575,575,0
2022-05-25 12:11:00,575,575,575,575,0
2022-05-25 12:12:00,575,575,575,575,0
2022-05-25 12:13:00,575,575,575,575,0
2022-05-25 12:14:00,575,575,575,575,0
2022-05-25 12:15:00,575,575,575,575,0
2022-05-25 12:16:00,575,575,575,575,0
2022-05-25 12:17:00,575,575,575,575,0
2022-05-25 12:18:00,575,575,575,575,0
2022-05-25 12:19:00,575,575,575,575,0
2022-05-25 12:20:00,575,575,575,575,0
2022-05-25 12:21:00,575,575,575,575,0
2022-05-25 12:22:00,575,575,575,575,0
2022-05-25 12:23:00,575,575,575,575,0
2022-05-25 12:24:00,575,575,575,575,0
2022-05-25 12:25:00,575,575,575,575,0
2022-05-25 12:26:00,575,575,575,575,0
2022-05-25 12:27:00,575,575,575,575,0
2022-05-25 12:28:00,575,575,575,575,0
2022-05-25 12:29:00,575,575,575,575,0
2022-05-25 12:30:00,575,575,575,575,0
2022-05-25 12:31:00,575,575,575,575,0
2022-05-25 12:32:00,575,575,575,575,0
2022-05-25 12:33:00,575,575,575,575,0
2022-05-25 12:34:00,575,575,575,575,0
2022-05-25 12:35:00,575,575,575,575,0
2022-05-25 12:36:00,575,575,575,575,0
2022-05-25 12:37:00,575,575,575,575,0
2022-05-25 12:38:00,575,575,575,575,0
2022-05-25 12:39:00,575,575,575,575,0
2022-05-25 12:40:00,575,575,575,575,0
2022-05-25 12:41:00,575,575,575,575,0
2022-05-25 12:42:00,575,575,575,575,0
2022-05-25 12:43:00,575,575,575,575,0
2022-05-25 12:44:00,575,575,575,575,0
2022-05-25 12:45:00,575,575,575,575,0
2022-05-25 12:46:00,575,575,575,575,0
2022-05-25 12:47:00,575,575,575,575,0
2022-05-25 12:48:00,575,575,575,575,0
2022-05-25 12:49:00,575,575,575,575,0
2022-05-25 12:50:00,575,575,575,575,0
2022-05-25 12:51:00,575,575,575,575,0
2022-05-25 12:52:00,575,575,575,575,0
2022-05-25 12:53:00,575,575,575,575,0
2022-05-25 12:54:00,575,575,575,575,0
2022-05-25 12:55:00,575,575,575,575,0
2022-05-25 12:56:00,575,575,575,575,0
2022-05-25 12:57:00,575,575,575,575,0
2022-05-25 12:58:00,575,575,575,575,0
2022-05-25 12:59:00,575,575,575,575,0
2022-05-25 13:00:00,575,575,575,575,0
2022-05-25 13:01:00,575,575,575,575,0
2022-05-25 13:02:00,575,575,575,575,0
2022-05-25 13:03:00,575,575,575,575,0
2022-05-25 13:04:00,575,575,575,575,0
2022-05-25 13:05:00,575,575,575,575,0
2022-05-25 13:06:00,575,575,575,575,0
2022-05-25 13:07:00,575,575,575,575,0
2022-05-25 13:08:00,575,575,575,575,0
2022-05-25 13:09:00,575,575,575,575,0
2022-05-25 13:10:00,575,575,575,575,0
2022-05-25 13:11:00,575,575,575,575,0
2022-05-25 13:12:00,575,575,575,575,0
2022-05-25 13:13:00,575,575,575,575,0
2022-05-25 13:14:00,575,575,575,575,0
2022-05-25 13:15:00,575,575,575,575,0
2022-05-25 13:16:00,575,575,575,575,0
2022-05-25 13:17:00,575,575,575,575,0
2022-05-25 13:18:00,575,575,575,575,0
2022-05-25 13:19:00,575,575,575,575,0
2022-05-25 13:20:00,575,575,575,575,0
2022-05-25 13:21:00,575,575,575,575,0
2022-05-25 13:22:00,575,575,575,575,0
2022-05-25 13:23:00,575,575,575,575,0
2022-05-25 13:24:00,575,575,575,575,0
2022-05-25 13:25:00,575,575,575,575,0
2022-05-25 13:26:00,575,575,575,575,0
2022-05-25 13:27:00,575,575,575,575,0
2022-05-25 13:28:00,575,575,575,575,0
2022-05-25 13:29:00,575,575,575,575,0
2022-05-25 13:30:00,575,575,575,575,0
2022-05-25 13:31:00,575,575,575,575,0
2022-05-25 13:32:00,575,575,575,575,0
2022-05-25 13:33:00,575,575,575,575,0
2022-05-25 13:34:00,575,575,575,575,0
2022-05-25 13:35:00,575,575,575,575,0
2022-05-25 13:36:00,575,575,575,575,0
2022-05-25 13:37:00,575,575,575,575,0
2022-05-25 13:38:00,575,575,575,575,0
2022-05-25 13:39:00,575,575,575,575,0
2022-05-25 13:40:00,575,575,575,575,0
2022-05-25 13:41:00,575,575,575,575,0
2022-05-25 13:42:00,575,575,575,575,0
2022-05-25 13:43:00,575,575,575,575,0
2022-05-25 13:44:00,575,575,575,575,0
2022-05-25 13:45:00,575,575,575,575,0
2022-05-25 13:46:00,575,575,575,575,0
2022-05-25 13:47:00,575,575,575,575,0
2022-05-25 13:48:00,575,575,575,575,0
2022-05-25 13:49:00,575,575,575,575,0
2022-05-25 13:50:00,575,575,575,575,0
2022-05-25 13:51:00,575,575,575,575,0
2022-05-25 13:52:00,575,575,575,575,0
2022-05-25 13:53:00,575,575,575,575,0
2022-05-25 13:54:00,575,575,575,575,0
2022-05-25 13:55:00,575,575,575,575,0
2022-05-25 13:56:00,575,575,575,575,0
2022-05-25 13:57:00,575,575,575,575,0
2022-05-25 13:58:00,575,575,575,575,0
2022-05-25 13:59:00,575,575,575,575,0
2022-05-25 14:00:00,575,575,575,575,0
2022-05-25 14:01:00,575,575,575,575,0
2022-05-25 14:02:00,575,575,575,575,0
2022-05-25 14:03:00,575,575,575,575,0
2022-05-25 14:04:00,575,575,575,575,0
2022-05-25 14:05:00,575,575,575,575,0
2022-05-25 14:06:00,575,575,575,575,0
2022-05-25 14:07:00,575,575,575,575,0
2022-05-25 14:08:00,575,575,575,575,0
2022-05-25 14:09:00,575,575,575,575,0
2022-05-25 14:10:00,575,575,575,575,0
2022-05-25 14:11:00,575,575,575,575,0
2022-05-25 14:12:00,575,575,575,575,0
2022-05-25 14:13:00,575,575,575,575,0
2022-05-25 14:14:00,575,575,575,575,0
2022-05-25 14:15:00,575,575,575,575,0
2022-05-25 14:16:00,575,575,575,575,0
2022-05-25 14:17:00,575,575,575,575,0
2022-05-25 14:18:00,575,575,575,575,0
2022-05-25 14:19:00,575,575,575,575,0
2022-05-25 14:20:00,575,575,575,575,0
2022-05-25 14:21:00,575,575,575,575,0
2022-05-25 14:22:00,575,575,575,575,0
2022-05-25 14:23:00,575,575,575,575,0
2022-05-25 14:24:00,575,575,575,575,0
2022-05-25 14:25:00,575,575,575,575,0
2022-05-25 14:26:00,575,575,575,575,0
2022-05-25 14:27:00,575,575,575,575,0
2022-05-25 14:28:00,575,575,575,575,0
2022-05-25 14:29:00,575,575,575,575,0
2022-05-25 14:30:00,575,575,575,575,0
2022-05-25 14:31:00,575,575,575,575,0
2022-05-25 14:32:00,575,575,575,575,0
2022-05-25 14:33:00,575,575,575,575,0
2022-05-25 14:34:00,575,575,575,575,0
2022-05-25 14:35:00,575,575,575,575,0
2022-05-25 14:36:00,575,575,575,575,0
2022-05-25 14:37:00,575,575,575,575,0
2022-05-25 14:38:00,575,575,575,575,0
2022-05-25 14:39:00,575,575,575,575,0
2022-05-25 14:40:00,575,575,575,575,0
2022-05-25 14:41:00,575,575,575,575,0
2022-05-25 14:42:00,575,575,575,575,0
2022-05-25 14:43:00,575,575,575,575,0
2022-05-25 14:44:00,575,575,575,575,0
2022-05-25 14:45:00,575,575,575,575,0
2022-05-25 14:46:00,575,575,575,575,0
2022-05-25 14:47:00,575,575,575,575,0
2022-05-25 14:48:00,575,575,575,575,0
2022-05-25 14:49:00,575,575,575,575,0
2022-05-25 14:50:00,575,575,575,575,0
2022-05-25 14:51:00,575,575,575,575,0
2022-05-25 14:52:00,575,575,575,575,0
2022-05-25 14:53:00,575,575,575,575,0
2022-05-25 14:54:00,575,575,575,575,0
2022-05-25 14:55:00,575,575,575,575,0
2022-05-25 14:56:00,575,575,575,575,0
2022-05-25 14:57:00,575,575,575,575,0
2022-05-25 14:58:00,575,575,575,575,0
2022-05-25 14:59:00,575,575,575,575,0
2022-05-25 15:00:00,575,575,575,575,0
2022-05-25 15:01:00,575,575,575,575,0
2022-05-25 15:02:00,575,575,575,575,0
2022-05-25 15:03:00,575,575,575,575,0
2022-05-25 15:04:00,575,575,575,575,0
2022-05-25 15:05:00,575,575,575,575,0
2022-05-25 15:06:00,575,575,575,575,0
2022-05-25 15:07:00,575,575,575,575,0
2022-05-25 15:08:00,575,575,575,575,0
2022-05-25 15:09:00,575,575,575,575,0
2022-05-25 15:10:00,575,575,575,575,0
2022-05-25 15:11:00,575,575,575,575,0
2022-05-25 15:12:00,575,575,575,575,0
2022-05-25 15:13:00,575,575,575,575,0
2022-05-25 15:14:00,575,575,575,575,0
2022-05-25 15:15:00,575,575,575,575,0
2022-05-25 15:16:00,575,575,575,575,0
2022-05-25 15:17:00,575,575,575,575,0
2022-05-25 15:18:00,575,575,575,575,0
2022-05-25 15:19:00,575,575,575,575,0
2022-05-25 15:20:00,575,575,575,575,0
2022-05-25 15:21:00,575,575,575,575,0
2022-05-25 15:22:00,575,575,575,575,0
2022-05-25 15:23:00,575,575,575,575,0
2022-05-25 15:24:00,575,575,575,575,0
2022-05-25 15:25:00,575,575,575,575,0
2022-05-25 15:26:00,575,575,575,575,0
2022-05-25 15:27:00,575,575,575,575,0
2022-05-25 15:28:00,575,575,575,575,0
2022-05-25 15:29:00,575,575,575,575,0
2022-05-25 15:30:00,575,575,575,575,0
2022-05-25 15:31:00,575,575,575,575,0
2022-05-25 15:32:00,575,575,575,575,0
2022-05-25 15:33:00,575,575,575,575,0
2022-05-25 15:34:00,575,575,575,575,0
2022-05-25 15:35:00,575,575,575,575,0
2022-05-25 15:36:00,575,575,575,575,0
2022-05-25 15:37:00,575,575,575,575,0
2022-05-25 15:38:00,575,575,575,575,0
2022-05-25 15:39:00,575,575,575,575,0
2022-05-25 15:40:00,575,575,575,575,0
2022-05-25 15:41:00,575,575,575,575,0
2022-05-25 15:42:00,575,575,575,575,0
2022-05-25 15:43:00,575,575,575,575,0
2022-05-25 15:44:00,575,575,575,575,0
2022-05-25 15:45:00,575,575,575,575,0
2022-05-25 15:46:00,575,575,575,575,0
2022-05-25 15:47:00,575,575,575,575,0
2022-05-25 15:48:00,575,575,575,575,0
2022-05-25 15:49:00,575,575,575,575,0
2022-05-25 15:50:00,575,575,575,575,0
2022-05-25 15:51:00,575,575,575,575,0
2022-05-25 15:52:00,575,575,575,575,0
2022-05-25 15:53:00,575,575,575,575,0
2022-05-25 15:54:00,575,575,575,575,0
2022-05-25 15:55:00,575,575,575,575,0
2022-05-25 15:56:00,575,575,575,575,0
2022-05-25 15:57:00,575,575,575,575,0
2022-05-25 15:58:00,575,575,575,575,0
2022-05-25 15:59:00,575,575,575,575,0
2022-05-26 09:00:00,575,575,575,575,0
2022-05-26 09:01:00,575,575,575,575,0
2022-05-26 09:02:00,575,575,575,575,0
2022-05-26 09:03:00,575,575,575,575,0
2022-05-26 09:04:00,575,575,575,575,0
2022-05-26 09:05:00,575,575,575,575,0
2022-05-26 09:06:00,575,575,575,575,0
2022-05-26 09:07:00,575,575,575,575,0
2022-05-26 09:08:00,575,575,575,575,0
2022-05-26 09:09:00,575,575,575,575,0
2022-05-26 09:10:00,575,575,575,575,0
2022-05-26 09:11:00,575,575,575,575,0
2022-05-26 09:12:00,575,575,575,575,0
2022-05-26 09:13:00,575,575,575,575,0
2022-05-26 09:14:00,575,575,575,575,0
2022-05-26 09:15:00,575,575,575,575,0
2022-05-26 09:16:00,575,575,575,575,0
2022-05-26 09:17:00,575,575,575,575,0
2022-05-26 09:18:00,575,575,575,575,0
2022-05-26 09:19:00,575,575,575,575,0
2022-05-26 09:20:00,575,575,575,575,0
2022-05-26 09:21:00,575,575,575,575,0
2022-05-26 09:22:00,575,575,575,575,0
2022-05-26 09:23:00,575,575,575,575,0
2022-05-26 09:24:00,575,575,575,575,0
2022-05-26 09:25:00,575,575,575,575,0
2022-05-26 09:26:00,575,575,575,575,0
2022-05-26 09:27:00,575,575,575,575,0
2022-05-26 09:28:00,575,575,575,575,0
2022-05-26 09:29:00,575,575,575,575,0
2022-05-26 09:30:00,575,575,575,575,0
2022-05-26 09:31:00,575,575,575,575,0
2022-05-26 09:32:00,575,575,575,575,0
2022-05-26 09:33:00,575,575,575,575,0
2022-05-26 09:34:00,575,575,575,575,0
2022-05-26 09:35:00,575,575,575,575,0
2022-05-26 09:36:00,575,575,575,575,0
2022-05-26 09:37:00,575,575,575,575,0
2022-05-26 09:38:00,575,575,575,575,0
2022-05-26 09:39:00,575,575,575,575,0
2022-05-26 09:40:00,575,575,575,575,0
2022-05-26 09:41:00,575,575,575,575,0
2022-05-26 09:42:00,575,575,575,575,0
2022-05-26 09:43:00,575,575,575,575,0
2022-05-26 09:44:00,575,575,575,575,0
2022-05-26 09:45:00,575,575,575,575,0
2022-05-26 09:46:00,575,575,575,575,0
2022-05-26 09:47:00,575,575,575,575,0
2022-05-26 09:48:00,575,575,575,575,0
2022-05-26 09:49:00,575,575,575,575,0
2022-05-26 09:50:00,575,575,575,575,0
2022-05-26 09:51:00,575,575,575,575,0
2022-05-26 09:52:00,575,575,575,575,0
2022-05-26 09:53:00,575,575,575,575,0
2022-05-26 09:54:00,575,575,575,575,0
2022-05-26 09:55:00,575,575,575,575,0
2022-05-26 09:56:00,575,575,575,575,0
2022-05-26 09:57:00,575,575,575,575,0
2022-05-26 09:58:00,575,575,575,575,0
2022-05-26 09:59:00,575,575,575,575,0
2022-05-26 10:00:00,575,575,575,575,0
2022-05-26 10:01:00,575,575,575,575,0
2022-05-26 10:02:00,575,575,575,575,0
2022-05-26 10:03:00,575,575,575,575,0
2022-05-26 10:04:00,575,575,575,575,0
2022-05-26 10:05:00,575,575,575,575,0
2022-05-26 10:06:00,575,575,575,575,0
2022-05-26 10:07:00,575,575,575,575,0
2022-05-26 10:08:00,575,575,575,575,0
2022-05-26 10:09:00,575,575,575,575,0
2022-05-26 10:10:00,575,575,575,575,0
2022-05-26 10:11:00,575,575,575,575,0
2022-05-26 10:12:00,575,575,575,575,0
2022-05-26 10:13:00,575,575,575,575,0
2022-05-26 10:14:00,575,575,575,575,0
2022-05-26 10:15:00,575,575,575,575,0
2022-05-26 10:16:00,575,575,575,575,0
2022-05-26 10:17:00,575,575,575,575,0
2022-05-26 10:18:00,575,575,575,575,0
2022-05-26 10:19:00,575,575,575,575,0
2022-05-26 10:20:00,575,575,575,575,0
2022-05-26 10:21:00,575,575,575,575,0
2022-05-26 10:22:00,575,575,575,575,0
2022-05-26 10:23:00,575,575,575,575,0
2022-05-26 10:24:00,575,575,575,575,0
2022-05-26 10:25:00,575,575,575,575,0
2022-05-26 10:26:00,575,575,575,575,0
2022-05-26 10:27:00,575,575,575,575,0
2022-05-26 10:28:00,575,575,575,575,0
2022-05-26 10:29:00,575,575,575,575,0
2022-05-26 10:30:00,575,575,575,575,0
2022-05-26 10:31:00,575,575,575,575,0
2022-05-26 10:32:00,575,575,575,575,0
2022-05-26 10:33:00,575,575,575,575,0
2022-05-26 10:34:00,575,575,575,575,0
2022-05-26 10:35:00,575,575,575,575,0
2022-05-26 10:36:00,575,575,575,575,0
2022-05-26 10:37:00,575,575,575,575,0
2022-05-26 10:38:00,575,575,575,575,0
2022-05-26 10:39:00,575,575,575,575,0
2022-05-26 10:40:00,575,575,575,575,0
2022-05-26 10:41:00,575,575,575,575,0
2022-05-26 10:42:00,575,575,575,575,0
2022-05-26 10:43:00,575,575,575,575,0
2022-05-26 10:44:00,575,575,575,575,0
2022-05-26 10:45:00,575,575,575,575,0
2022-05-26 10:46:00,575,575,575,575,0
2022-05-26 10:47:00,575,575,575,575,0
2022-05-26 10:48:00,575,575,575,575,0
2022-05-26 10:49:00,575,575,575,575,0
2022-05-26 10:50:00,575,575,575,575,0
2022-05-26 10:51:00,575,575,575,575,0
2022-05-26 10:52:00,575,575,575,575,0
2022-05-26 10:53:00,575,575,575,575,0
2022-05-26 10:54:00,575,575,575,575,0
2022-05-26 10:55:00,575,575,575,575,0
2022-05-26 10:56:00,575,575,575,575,0
2022-05-26 10:57:00,575,575,575,575,0
2022-05-26 10:58:00,575,575,575,575,0
2022-05-26 10:59:00,575,575,575,575,0
2022-05-26 11:00:00,575,575,575,575,0
2022-05-26 11:01:00,575,575,575,575,0
2022-05-26 11:02:00,575,575,575,575,0
2022-05-26 11:03:00,575,575,575,575,0
2022-05-26 11:04:00,575,575,575,575,0
2022-05-26 11:05:00,575,575,575,575,0
2022-05-26 11:06:00,575,575,575,575,0
2022-05-26 11:07:00,575,575,575,575,0
2022-05-26 11:08:00,575,575,575,575,0
2022-05-26 11:09:00,575,575,575,575,0
2022-05-26 11:10:00,575,575,575,575,0
2022-05-26 11:11:00,575,575,575,575,0
2022-05-26 11:12:00,575,575,575,575,0
2022-05-26 11:13:00,575,575,575,575,0
2022-05-26 11:14:00,575,575,575,575,0
2022-05-26 11:15:00,575,575,575,575,0
2022-05-26 11:16:00,575,575,575,575,0
2022-05-26 11:17:00,575,575,575,575,0
2022-05-26 11:18:00,575,575,575,575,0
2022-05-26 11:19:00,575,575,575,575,0
2022-05-26 11:20:00,575,575,575,575,0
2022-05-26 11:21:00,575,575,575,575,0
2022-05-26 11:22:00,575,575,575,575,0
2022-05-26 11:23:00,575,575,575,575,0
2022-05-26 11:24:00,575,575,575,575,0
2022-05-26 11:25:00,575,575,575,575,0
2022-05-26 11:26:00,575,575,575,575,0
2022-05-26 11:27:00,575,575,575,575,0
2022-05-26 11:28:00,575,575,575,575,0
2022-05-26 11:29:00,575,575,575,575,0
2022-05-26 11:30:00,575,575,575,575,0
2022-05-26 11:31:00,575,575,575,575,0
2022-05-26 11:32:00,575,575,575,575,0
2022-05-26 11:33:00,575,575,575,575,0
2022-05-26 11:34:00,575,575,575,575,0
2022-05-26 11:35:00,575,575,575,575,0
2022-05-26 11:36:00,575,575,575,575,0
2022-05-26 11:37:00,575,575,575,575,0
2022-05-26 11:38:00,575,575,575,575,0
2022-05-26 11:39:00,575,575,575,575,0
2022-05-26 11:40:00,575,575,575,575,0
2022-05-26 11:41:00,575,575,575,575,0
2022-05-26 11:42:00,575,575,575,575,0
2022-05-26 11:43:00,575,575,575,575,0
2022-05-26 11:44:00,575,575,575,575,0
2022-05-26 11:45:00,575,575,575,575,0
2022-05-26 11:46:00,575,575,575,575,0
2022-05-26 11:47:00,575,575,575,575,0
2022-05-26 11:48:00,575,575,575,575,0
2022-05-26 11:49:00,575,575,575,575,0
2022-05-26 11:50:00,575,575,575,575,0
2022-05-26 11:51:00,575,575,575,575,0
2022-05-26 11:52:00,575,575,575,575,0
2022-05-26 11:53:00,575,575,575,575,0
2022-05-26 11:54:00,575,575,575,575,0
2022-05-26 11:55:00,575,575,575,575,0
2022-05-26 11:56:00,575,575,575,575,0
2022-05-26 11:57:00,575,575,575,575,0
2022-05-26 11:58:00,575,575,575,575,0
2022-05-26 11:59:00,575,575,575,575,0
2022-05-26 12:00:00,575,575,575,575,0
2022-05-26 12:01:00,575,575,575,575,0
2022-05-26 12:02:00,575,575,575,575,0
2022-05-26 12:03:00,575,575,575,575,0
2022-05-26 12:04:00,575,575,575,575,0
2022-05-26 12:05:00,575,575,575,575,0
2022-05-26 12:06:00,575,575,575,575,0
2022-05-26 12:07:00,575,575,575,575,0
2022-05-26 12:08:00,575,575,575,575,0
2022-05-26 12:09:00,575,575,575,575,0
2022-05-26 12:10:00,575,575,575,575,0
2022-05-26 12:11:00,575,575,575,575,0
2022-05-26 12:12:00,575,575,575,575,0
2022-05-26 12:13:00,575,575,575,575,0
2022-05-26 12:14:00,575,575,575,575,0
2022-05-26 12:15:00,575,575,575,575,0
2022-05-26 12:16:00,575,575,575,575,0
2022-05-26 12:17:00,575,575,575,575,0
2022-05-26 12:18:00,575,575,575,575,0
2022-05-26 12:19:00,575,575,575,575,0
2022-05-26 12:20:00,575,575,575,575,0
2022-05-26 12:21:00,575,575,575,575,0
2022-05-26 12:22:00,575,575,575,575,0
2022-05-26 12:23:00,575,575,575,575,0
2022-05-26 12:24:00,575,575,575,575,0
2022-05-26 12:25:00,575,575,575,575,0
2022-05-26 12:26:00,575,575,575,575,0
2022-05-26 12:27:00,575,575,575,575,0
2022-05-26 12:28:00,575,575,575,575,0
2022-05-26 12:29:00,575,575,575,575,0
2022-05-26 12:30:00,575,575,575,575,0
2022-05-26 12:31:00,575,575,575,575,0
2022-05-26 12:32:00,575,575,575,575,0
2022-05-26 12:33:00,575,575,575,575,0
2022-05-26 12:34:00,575,575,575,575,0
2022-05-26 12:35:00,575,575,575,575,0
2022-05-26 12:36:00,575,575,575,575,0
2022-05-26 12:37:00,575,575,575,575,0
2022-05-26 12:38:00,575,575,575,575,0
2022-05-26 12:39:00,575,575,575,575,0
2022-05-26 12:40:00,575,575,575,575,0
2022-05-26 12:41:00,575,575,575,575,0
2022-05-26 12:42:00,575,575,575,575,0
2022-05-26 12:43:00,575,575,575,575,0
2022-05-26 12:44:00,575,575,575,575,0
2022-05-26 12:45:00,575,575,575,575,0
2022-05-26 12:46:00,575,575,575,575,0
2022-05-26 12:47:00,575,575,575,575,0
2022-05-26 12:48:00,575,575,575,575,0
2022-05-26 12:49:00,575,575,575,575,0
2022-05-26 12:50:00,575,575,575,575,0
2022-05-26 12:51:00,575,575,575,575,0
2022-05-26 12:52:00,575,575,575,575,0
2022-05-26 12:53:00,575,575,575,575,0
2022-05-26 12:54:00,575,575,575,575,0
2022-05-26 12:55:00,575,575,575,575,0
2022-05-26 12:56:00,575,575,575,575,0
2022-05-26 12:57:00,575,575,575,575,0
2022-05-26 12:58:00,575,575,575,575,0
2022-05-26 12:59:00,575,575,575,575,0
2022-05-26 13:00:00,575,575,575,575,0
2022-05-26 13:01:00,575,575,575,575,0
2022-05-26 13:02:00,575,575,575,575,0
2022-05-26 13:03:00,575,575,575,575,0
2022-05-26 13:04:00,575,575,575,575,0
2022-05-26 13:05:00,575,575,575,575,0
2022-05-26 13:06:00,575,575,575,575,0
2022-05-26 13:07:00,575,575,575,575,0
2022-05-26 13:08:00,575,575,575,575,0
2022-05-26 13:09:00,575,575,575,575,0
2022-05-26 13:10:00,575,575,575,575,0
2022-05-26 13:11:00,575,575,575,575,0
2022-05-26 13:12:00,575,575,575,575,0
2022-05-26 13:13:00,575,575,575,575,0
2022-05-26 13:14:00,575,575,575,575,0
2022-05-26 13:15:00,575,575,575,575,0
2022-05-26 13:16:00,575,575,575,575,0
2022-05-26 13:17:00,575,575,575,575,0
2022-05-26 13:18:00,575,575,575,575,0
2022-05-26 13:19:00,575,575,575,575,0
2022-05-26 13:20:00,575,575,575,575,0
2022-05-26 13:21:00,575,575,575,575,0
2022-05-26 13:22:00,575,575,575,575,0
2022-05-26 13:23:00,575,575,575,575,0
2022-05-26 13:24:00,575,575,575,575,0
2022-05-26 13:25:00,575,575,575,575,0
2022-05-26 13:26:00,575,575,575,575,0
2022-05-26 13:27:00,575,575,575,575,0
2022-05-26 13:28:00,575,575,575,575,0
2022-05-26 13:29:00,575,575,575,575,0
2022-05-26 13:30:00,575,575,575,575,0
2022-05-26 13:31:00,575,575,575,575,0
2022-05-26 13:32:00,575,575,575,575,0
2022-05-26 13:33:00,575,575,575,575,0
2022-05-26 13:34:00,575,575,575,575,0
2022-05-26 13:35:00,575,575,575,575,0
2022-05-26 13:36:00,575,575,575,575,0
2022-05-26 13:37:00,575,575,575,575,0
2022-05-26 13:38:00,575,575,575,575,0
2022-05-26 13:39:00,575,575,575,575,0
2022-05-26 13:40:00,575,575,575,575,0
2022-05-26 13:41:00,575,575,575,575,0
2022-05-26 13:42:00,575,575,575,575,0
2022-05-26 13:43:00,575,575,575,575,0
2022-05-26 13:44:00,575,575,575,575,0
2022-05-26 13:45:00,575,575,575,575,0
2022-05-26 13:46:00,575,575,575,575,0
2022-05-26 13:47:00,575,575,575,575,0
2022-05-26 13:48:00,575,575,575,575,0
2022-05-26 13:49:00,575,575,575,575,0
2022-05-26 13:50:00,575,575,575,575,0
2022-05-26 13:51:00,575,575,575,575,0
2022-05-26 13:52:00,575,575,575,575,0
2022-05-26 13:53:00,575,575,575,575,0
2022-05-26 13:54:00,575,575,575,575,0
2022-05-26 13:55:00,575,575,575,575,0
2022-05-26 13:56:00,575,575,575,575,0
2022-05-26 13:57:00,575,575,575,575,0
2022-05-26 13:58:00,575,575,575,575,0
2022-05-26 13:59:00,575,575,575,575,0
2022-05-26 14:00:00,575,575,575,575,0
2022-05-26 14:01:00,575,575,575,575,0
2022-05-26 14:02:00,575,575,575,575,0
2022-05-26 14:03:00,575,575,575,575,0
2022-05-26 14:04:00,575,575,575,575,0
2022-05-26 14:05:00,575,575,575,575,0
2022-05-26 14:06:00,575,575,575,575,0
2022-05-26 14:07:00,575,575,575,575,0
2022-05-26 14:08:00,575,575,575,575,0
2022-05-26 14:09:00,575,575,575,575,0
2022-05-26 14:10:00,575,575,575,575,0
2022-05-26 14:11:00,575,575,575,575,0
2022-05-26 14:12:00,575,575,575,575,0
2022-05-26 14:13:00,575,575,575,575,0
2022-05-26 14:14:00,575,575,575,575,0
2022-05-26 14:15:00,575,575,575,575,0
2022-05-26 14:16:00,575,575,575,575,0
2022-05-26 14:17:00,575,575,575,575,0
2022-05-26 14:18:00,575,575,575,575,0
2022-05-26 14:19:00,575,575,575,575,0
2022-05-26 14:20:00,575,575,575,575,0
2022-05-26 14:21:00,575,575,575,575,0
2022-05-26 14:22:00,575,575,575,575,0
2022-05-26 14:23:00,575,575,575,575,0
2022-05-26 14:24:00,575,575,575,575,0
2022-05-26 14:25:00,575,575,575,575,0
2022-05-26 14:26:00,575,575,575,575,0
2022-05-26 14:27:00,575,575,575,575,0
2022-05-26 14:28:00,575,575,575,575,0
2022-05-26 14:29:00,575,575,575,575,0
2022-05-26 14:30:00,575,575,575,575,0
2022-05-26 14:31:00,575,575,575,575,0
2022-05-26 14:32:00,575,575,575,575,0
2022-05-26 14:33:00,575,575,575,575,0
2022-05-26 14:34:00,575,575,575,575,0
2022-05-26 14:35:00,575,575,575,575,0
2022-05-26 14:36:00,575,575,575,575,0
2022-05-26 14:37:00,575,575,575,575,0
2022-05-26 14:38:00,575,575,575,575,0
2022-05-26 14:39:00,575,575,575,575,0
2022-05-26 14:40:00,575,575,575,575,0
2022-05-26 14:41:00,575,575,575,575,0
2022-05-26 14:42:00,575,575,575,575,0
2022-05-26 14:43:00,575,575,575,575,0
2022-05-26 14:44:00,575,575,575,575,0
2022-05-26 14:45:00,575,575,575,575,0
2022-05-26 14:46:00,575,575,575,575,0
2022-05-26 14:47:00,575,575,575,575,0
2022-05-26 14:48:00,575,575,575,575,0
2022-05-26 14:49:00,575,575,575,575,0
2022-05-26 14:50:00,575,575,575,575,0
2022-05-26 14:51:00,575,575,575,575,0
2022-05-26 14:52:00,575,575,575,575,0
2022-05-26 14:53:00,575,575,575,575,0
2022-05-26 14:54:00,575,575,575,575,0
2022-05-26 14:55:00,575,575,575,575,0
2022-05-26 14:56:00,575,575,575,575,0
2022-05-26 14:57:00,575,575,575,575,0
2022-05-26 14:58:00,575,575,575,575,0
2022-05-26 14:59:00,575,575,575,575,0
2022-05-26 15:00:00,575,575,575,575,0
2022-05-26 15:01:00,575,575,575,575,0
2022-05-26 15:02:00,575,575,575,575,0
2022-05-26 15:03:00,575,575,575,575,0
2022-05-26 15:04:00,575,575,575,575,0
2022-05-26 15:05:00,575,575,575,575,0
2022-05-26 15:06:00,575,575,575,575,0
2022-05-26 15:07:00,575,575,575,575,0
2022-05-26 15:08:00,575,575,575,575,0
2022-05-26 15:09:00,575,575,575,575,0
2022-05-26 15:10:00,575,575,575,575,0
2022-05-26 15:11:00,575,575,575,575,0
2022-05-26 15:12:00,575,575,575,575,0
2022-05-26 15:13:00,575,575,575,575,0
2022-05-26 15:14:00,575,575,575,575,0
2022-05-26 15:15:00,575,575,575,575,0
2022-05-26 15:16:00,575,575,575,575,0
2022-05-26 15:17:00,575,575,575,575,0
2022-05-26 15:18:00,575,575,575,575,0
2022-05-26 15:19:00,575,575,575,575,0
2022-05-26 15:20:00,575,575,575,575,0
2022-05-26 15:21:00,575,575,575,575,0
2022-05-26 15:22:00,575,575,575,575,0
2022-05-26 15:23:00,575,575,575,575,0
2022-05-26 15:24:00,575,575,575,575,0
2022-05-26 15:25:00,575,575,575,575,0
2022-05-26 15:26:00,575,575,575,575,0
2022-05-26 15:27:00,575,575,575,575,0
2022-05-26 15:28:00,575,575,575,575,0
2022-05-26 15:29:00,575,575,575,575,0
2022-05-26 15:30:00,575,575,575,575,0
2022-05-26 15:31:00,575,575,575,575,0
2022-05-26 15:32:00,575,575,575,575,0
2022-05-26 15:33:00,575,575,575,575,0
2022-05-26 15:34:00,575,575,575,575,0
2022-05-26 15:35:00,575,575,575,575,0
2022-05-26 15:36:00,575,575,575,575,0
2022-05-26 15:37:00,575,575,575,575,0
2022-05-26 15:38:00,575,575,575,575,0
2022-05-26 15:39:00,575,575,575,575,0
2022-05-26 15:40:00,575,575,575,575,0
2022-05-26 15:41:00,575,575,575,575,0
2022-05-26 15:42:00,575,575,575,575,0
2022-05-26 15:43:00,575,575,575,575,0
2022-05-26 15:44:00,575,575,575,575,0
2022-05-26 15:45:00,575,575,575,575,0
2022-05-26 15:46:00,575,575,575,575,0
2022-05-26 15:47:00,575,575,575,575,0
2022-05-26 15:48:00,575,575,575,575,0
2022-05-26 15:49:00,575,575,575,575,0
2022-05-26 15:50:00,575,575,575,575,0
2022-05-26 15:51:00,575,575,575,575,0
2022-05-26 15:52:00,575,575,575,575,0
2022-05-26 15:53:00,575,575,575,575,0
2022-05-26 15:54:00,575,575,575,575,0
2022-05-26 15:55:00,575,575,575,575,0
2022-05-26 15:56:00,575,575,575,575,0
2022-05-26 15:57:00,575,575,575,575,0
2022-05-26 15:58:00,575,575,575,575,0
2022-05-26 15:59:00,575,575,575,575,0
2022-05-27 09:00:00,575,575,575,575,0
2022-05-27 09:01:00,575,575,575,575,0
2022-05-27 09:02:00,575,575,575,575,0
2022-05-27 09:03:00,575,575,575,575,0
2022-05-27 09:04:00,575,575,575,575,0
2022-05-27 09:05:00,575,575,575,575,0
2022-05-27 09:06:00,575,575,575,575,0
2022-05-27 09:07:00,575,575,575,575,0
2022-05-27 09:08:00,575,575,575,575,0
2022-05-27 09:09:00,575,575,575,575,0
2022-05-27 09:10:00,575,575,575,575,0
2022-05-27 09:11:00,575,575,575,575,0
2022-05-27 09:12:00,575,575,575,575,0
2022-05-27 09:13:00,575,575,575,575,0
2022-05-27 09:14:00,575,575,575,575,0
2022-05-27 09:15:00,575,575,575,575,0
2022-05-27 09:16:00,575,575,575,575,0
2022-05-27 09:17:00,575,575,575,575,0
2022-05-27 09:18:00,575,575,575,575,0
2022-05-27 09:19:00,575,575,575,575,0
2022-05-27 09:20:00,575,575,575,575,0
2022-05-27 09:21:00,575,575,575,575,0
2022-05-27 09:22:00,575,575,575,575,0
2022-05-27 09:23:00,575,575,575,575,0
2022-05-27 09:24:00,575,575,575,575,0
2022-05-27 09:25:00,575,575,575,575,0
2022-05-27 09:26:00,575,575,575,575,0
2022-05-27 09:27:00,575,575,575,575,0
2022-05-27 09:28:00,575,575,575,575,0
2022-05-27 09:29:00,575,575,575,575,0
2022-05-27 09:30:00,575,575,575,575,0
2022-05-27 09:31:00,575,575,575,575,0
2022-05-27 09:32:00,575,575,575,575,0
2022-05-27 09:33:00,575,575,575,575,0
2022-05-27 09:34:00,575,575,575,575,0
2022-05-27 09:35:00,575,575,575,575,0
2022-05-27 09:36:00,575,575,575,575,0
2022-05-27 09:37:00,575,575,575,575,0
2022-05-27 09:38:00,575,575,575,575,0
2022-05-27 09:39:00,575,575,575,575,0
2022-05-27 09:40:00,575,575,575,575,0
2022-05-27 09:41:00,575,575,575,575,0
2022-05-27 09:42:00,575,575,575,575,0
2022-05-27 09:43:00,575,575,575,575,0
2022-05-27 09:44:00,575,575,575,575,0
2022-05-27 09:45:00,575,575,575,575,0
2022-05-27 09:46:00,575,575,575,575,0
2022-05-27 09:47:00,575,575,575,575,0
2022-05-27 09:48:00,575,575,575,575,0
2022-05-27 09:49:00,575,575,575,575,0
2022-05-27 09:50:00,575,575,575,575,0
2022-05-27 09:51:00,575,575,575,575,0
2022-05-27 09:52:00,575,575,575,575,0
2022-05-27 09:53:00,575,575,575,575,0
2022-05-27 09:54:00,575,575,575,575,0
2022-05-27 09:55:00,575,575,575,575,0
2022-05-27 09:56:00,575,575,575,575,0
2022-05-27 09:57:00,575,575,575,575,0
2022-05-27 09:58:00,575,575,575,575,0
2022-05-27 09:59:00,575,575,575,575,0
2022-05-27 10:00:00,575,575,575,575,0
2022-05-27 10:01:00,575,575,575,575,0
2022-05-27 10:02:00,575,575,575,575,0
2022-05-27 10:03:00,575,575,575,575,0
2022-05-27 10:04:00,575,575,575,575,0
2022-05-27 10:05:00,575,575,575,575,0
2022-05-27 10:06:00,575,575,575,575,0
2022-05-27 10:07:00,575,575,575,575,0
2022-05-27 10:08:00,575,575,575,575,0
2022-05-27 10:09:00,575,575,575,575,0
2022-05-27 10:10:00,575,575,575,575,0
2022-05-27 10:11:00,575,575,575,575,0
2022-05-27 10:12:00,575,575,575,575,0
2022-05-27 10:13:00,575,575,575,575,0
2022-05-27 10:14:00,575,575,575,575,0
2022-05-27 10:15:00,575,575,575,575,0
2022-05-27 10:16:00,575,575,575,575,0
2022-05-27 10:17:00,575,575,575,575,0
2022-05-27 10:18:00,575,575,575,575,0
2022-05-27 10:19:00,575,575,575,575,0
2022-05-27 10:20:00,575,575,575,575,0
2022-05-27 10:21:00,575,575,575,575,0
2022-05-27 10:22:00,575,575,575,575,0
2022-05-27 10:23:00,575,575,575,575,0
2022-05-27 10:24:00,575,575,575,575,0
2022-05-27 10:25:00,575,575,575,575,0
2022-05-27 10:26:00,575,575,575,575,0
2022-05-27 10:27:00,575,575,575,575,0
2022-05-27 10:28:00,575,575,575,575,0
2022-05-27 10:29:00,575,575,575,575,0
2022-05-27 10:30:00,575,575,575,575,0
2022-05-27 10:31:00,575,575,575,575,0
2022-05-27 10:32:00,575,575,575,575,0
2022-05-27 10:33:00,575,575,575,575,0
2022-05-27 10:34:00,575,575,575,575,0
2022-05-27 10:35:00,575,575,575,575,0
2022-05-27 10:36:00,575,575,575,575,0
2022-05-27 10:37:00,575,575,575,575,0
2022-05-27 10:38:00,575,575,575,575,0
2022-05-27 10:39:00,575,575,575,575,0
2022-05-27 10:40:00,575,575,575,575,0
2022-05-27 10:41:00,575,575,575,575,0
2022-05-27 10:42:00,575,575,575,575,0
2022-05-27 10:43:00,575,575,575,575,0
2022-05-27 10:44:00,575,575,575,575,0
2022-05-27 10:45:00,575,575,575,575,0
2022-05-27 10:46:00,575,575,575,575,0
2022-05-27 10:47:00,575,575,575,575,0
2022-05-27 10:48:00,575,575,575,575,0
2022-05-27 10:49:00,575,575,575,575,0
2022-05-27 10:50:00,575,575,575,575,0
2022-05-27 10:51:00,575,575,575,575,0
2022-05-27 10:52:00,575,575,575,575,0
2022-05-27 10:53:00,575,575,575,575,0
2022-05-27 10:54:00,575,575,575,575,0
2022-05-27 10:55:00,575,575,575,575,0
2022-05-27 10:56:00,575,575,575,575,0
2022-05-27 10:57:00,575,575,575,575,0
2022-05-27 10:58:00,575,575,575,575,0
2022-05-27 10:59:00,575,575,575,575,0
2022-05-27 11:00:00,575,575,575,575,0
2022-05-27 11:01:00,575,575,575,575,0
2022-05-27 11:02:00,575,575,575,575,0
2022-05-27 11:03:00,575,575,575,575,0
2022-05-27 11:04:00,575,575,575,575,0
2022-05-27 11:05:00,575,575,575,575,0
2022-05-27 11:06:00,575,575,575,575,0
2022-05-27 11:07:00,575,575,575,575,0
2022-05-27 11:08:00,575,575,575,575,0
2022-05-27 11:09:00,575,575,575,575,0
2022-05-27 11:10:00,575,575,575,575,0
2022-05-27 11:11:00,575,575,575,575,0
2022-05-27 11:12:00,575,575,575,575,0
2022-05-27 11:13:00,575,575,575,575,0
2022-05-27 11:14:00,575,575,575,575,0
2022-05-27 11:15:00,575,575,575,575,0
2022-05-27 11:16:00,575,575,575,575,0
2022-05-27 11:17:00,575,575,575,575,0
2022-05-27 11:18:00,575,575,575,575,0
2022-05-27 11:19:00,575,575,575,575,0
2022-05-27 11:20:00,575,575,575,575,0
2022-05-27 11:21:00,575,575,575,575,0
2022-05-27 11:22:00,575,575,575,575,0
2022-05-27 11:23:00,575,575,575,575,0
2022-05-27 11:24:00,575,575,575,575,0
2022-05-27 11:25:00,575,575,575,575,0
2022-05-27 11:26:00,575,575,575,575,0
2022-05-27 11:27:00,575,575,575,575,0
2022-05-27 11:28:00,575,575,575,575,0
2022-05-27 11:29:00,575,575,575,575,0
2022-05-27 11:30:00,575,575,575,575,0
2022-05-27 11:31:00,575,575,575,575,0
2022-05-27 11:32:00,575,575,575,575,0
2022-05-27 11:33:00,575,575,575,575,0
2022-05-27 11:34:00,575,575,575,575,0
2022-05-27 11:35:00,575,575,575,575,0
2022-05-27 11:36:00,575,575,575,575,0
2022-05-27 11:37:00,575,575,575,575,0
2022-05-27 11:38:00,575,575,575,575,0
2022-05-27 11:39:00,575,575,575,575,0
2022-05-27 11:40:00,575,575,575,575,0
2022-05-27 11:41:00,575,575,575,575,0
2022-05-27 11:42:00,575,575,575,575,0
2022-05-27 11:43:00,575,575,575,575,0
2022-05-27 11:44:00,575,575,575,575,0
2022-05-27 11:45:00,575,575,575,575,0
2022-05-27 11:46:00,575,575,575,575,0
2022-05-27 11:47:00,575,575,575,575,0
2022-05-27 11:48:00,575,575,575,575,0
2022-05-27 11:49:00,575,575,575,575,0
2022-05-27 11:50:00,575,575,575,575,0
2022-05-27 11:51:00,575,575,575,575,0
2022-05-27 11:52:00,575,575,575,575,0
2022-05-27 11:53:00,575,575,575,575,0
2022-05-27 11:54:00,575,575,575,575,0
2022-05-27 11:55:00,575,575,575,575,0
2022-05-27 11:56:00,575,575,575,575,0
2022-05-27 11:57:00,575,575,575,575,0
2022-05-27 11:58:00,575,575,575,575,0
2022-05-27 11:59:00,575,575,575,575,0
2022-05-27 12:00:00,575,575,575,575,0
2022-05-27 12:01:00,575,575,575,575,0
2022-05-27 12:02:00,575,575,575,575,0
2022-05-27 12:03:00,575,575,575,575,0
2022-05-27 12:04:00,575,575,575,575,0
2022-05-27 12:05:00,575,575,575,575,0
2022-05-27 12:06:00,575,575,575,575,0
2022-05-27 12:07:00,575,575,575,575,0
2022-05-27 12:08:00,575,575,575,575,0
2022-05-27 12:09:00,575,575,575,575,0
2022-05-27 12:10:00,575,575,575,575,0
2022-05-27 12:11:00,575,575,575,575,0
2022-05-27 12:12:00,575,575,575,575,0
2022-05-27 12:13:00,575,575,575,575,0
2022-05-27 12:14:00,575,575,575,575,0
2022-05-27 12:15:00,575,575,575,575,0
2022-05-27 12:16:00,575,575,575,575,0
2022-05-27 12:17:00,575,575,575,575,0
2022-05-27 12:18:00,575,575,575,575,0
2022-05-27 12:19:00,575,575,575,575,0
2022-05-27 12:20:00,575,575,575,575,0
2022-05-27 12:21:00,575,575,575,575,0
2022-05-27 12:22:00,575,575,575,575,0
2022-05-27 12:23:00,575,575,575,575,0
2022-05-27 12:24:00,575,575,575,575,0
2022-05-27 12:25:00,575,575,575,575,0
2022-05-27 12:26:00,575,575,575,575,0
2022-05-27 12:27:00,575,575,575,575,0
2022-05-27 12:28:00,575,575,575,575,0
2022-05-27 12:29:00,575,575,575,575,0
2022-05-27 12:30:00,575,575,575,575,0
2022-05-27 12:31:00,575,575,575,575,0
2022-05-27 12:32:00,575,575,575,575,0
2022-05-27 12:33:00,575,575,575,575,0
2022-05-27 12:34:00,575,575,575,575,0
2022-05-27 12:35:00,575,575,575,575,0
2022-05-27 12:36:00,575,575,575,575,0
2022-05-27 12:37:00,575,575,575,575,0
2022-05-27 12:38:00,575,575,575,575,0
2022-05-27 12:39:00,575,575,575,575,0
2022-05-27 12:40:00,575,575,575,575,0
2022-05-27 12:41:00,575,575,575,575,0
2022-05-27 12:42:00,575,575,575,575,0
2022-05-27 12:43:00,575,575,575,575,0
2022-05-27 12:44:00,575,575,575,575,0
2022-05-27 12:45:00,575,575,575,575,0
2022-05-27 12:46:00,575,575,575,575,0
2022-05-27 12:47:00,575,575,575,575,0
2022-05-27 12:48:00,575,575,575,575,0
2022-05-27 12:49:00,575,575,575,575,0
2022-05-27 12:50:00,575,575,575,575,0
2022-05-27 12:51:00,575,575,575,575,0
2022-05-27 12:52:00,575,575,575,575,0
2022-05-27 12:53:00,575,575,575,575,0
2022-05-27 12:54:00,575,575,575,575,0
2022-05-27 12:55:00,575,575,575,575,0
2022-05-27 12:56:00,575,575,575,575,0
2022-05-27 12:57:00,575,575,575,575,0
2022-05-27 12:58:00,575,575,575,575,0
2022-05-27 12:59:00,575,575,575,575,0
2022-05-27 13:00:00,575,575,575,575,0
2022-05-27 13:01:00,575,575,575,575,0
2022-05-27 13:02:00,575,575,575,575,0
2022-05-27 13:03:00,575,575,575,575,0
2022-05-27 13:04:00,575,575,575,575,0
2022-05-27 13:05:00,575,575,575,575,0
2022-05-27 13:06:00,575,575,575,575,0
2022-05-27 13:07:00,575,575,575,575,0
2022-05-27 13:08:00,575,575,575,575,0
2022-05-27 13:09:00,575,575,575,575,0
2022-05-27 13:10:00,575,575,575,575,0
2022-05-27 13:11:00,575,575,575,575,0
2022-05-27 13:12:00,575,575,575,575,0
2022-05-27 13:13:00,575,575,575,575,0
2022-05-27 13:14:00,575,575,575,575,0
2022-05-27 13:15:00,575,575,575,575,0
2022-05-27 13:16:00,575,575,575,575,0
2022-05-27 13:17:00,575,575,575,575,0
2022-05-27 13:18:00,575,575,575,575,0
2022-05-27 13:19:00,575,575,575,575,0
2022-05-27 13:20:00,575,575,575,575,0
2022-05-27 13:21:00,575,575,575,575,0
2022-05-27 13:22:00,575,575,575,575,0
2022-05-27 13:23:00,575,575,575,575,0
2022-05-27 13:24:00,575,575,575,575,0
2022-05-27 13:25:00,575,575,575,575,0
2022-05-27 13:26:00,575,575,575,575,0
2022-05-27 13:27:00,575,575,575,575,0
2022-05-27 13:28:00,575,575,575,575,0
2022-05-27 13:29:00,575,575,575,575,0
2022-05-27 13:30:00,575,575,575,575,0
2022-05-27 13:31:00,575,575,575,575,0
2022-05-27 13:32:00,575,575,575,575,0
2022-05-27 13:33:00,575,575,575,575,0
2022-05-27 13:34:00,575,575,575,575,0
2022-05-27 13:35:00,575,575,575,575,0
2022-05-27 13:36:00,575,575,575,575,0
2022-05-27 13:37:00,575,575,575,575,0
2022-05-27 13:38:00,575,575,575,575,0
2022-05-27 13:39:00,575,575,575,575,0
2022-05-27 13:40:00,575,575,575,575,0
2022-05-27 13:41:00,575,575,575,575,0
2022-05-27 13:42:00,575,575,575,575,0
2022-05-27 13:43:00,575,575,575,575,0
2022-05-27 13:44:00,575,575,575,575,0
2022-05-27 13:45:00,575,575,575,575,0
2022-05-27 13:46:00,575,575,575,575,0
2022-05-27 13:47:00,575,575,575,575,0
2022-05-27 13:48:00,575,575,575,575,0
2022-05-27 13:49:00,575,575,575,575,0
2022-05-27 13:50:00,575,575,575,575,0
2022-05-27 13:51:00,575,575,575,575,0
2022-05-27 13:52:00,575,575,575,575,0
2022-05-27 13:53:00,575,575,575,575,0
2022-05-27 13:54:00,575,575,575,575,0
2022-05-27 13:55:00,575,575,575,575,0
2022-05-27 13:56:00,575,575,575,575,0
2022-05-27 13:57:00,575,575,575,575,0
2022-05-27 13:58:00,575,575,575,575,0
2022-05-27 13:59:00,575,575,575,575,0
2022-05-27 14:00:00,575,575,575,575,0
2022-05-27 14:01:00,575,575,575,575,0
2022-05-27 14:02:00,575,575,575,575,0
2022-05-27 14:03:00,575,575,575,575,0
2022-05-27 14:04:00,575,575,575,575,0
2022-05-27 14:05:00,575,575,575,575,0
2022-05-27 14:06:00,575,575,575,575,0
2022-05-27 14:07:00,575,575,575,575,0
2022-05-27 14:08:00,575,575,575,575,0
2022-05-27 14:09:00,575,575,575,575,0
2022-05-27 14:10:00,575,575,575,575,0
2022-05-27 14:11:00,575,575,575,575,0
2022-05-27 14:12:00,575,575,575,575,0
2022-05-27 14:13:00,575,575,575,575,0
2022-05-27 14:14:00,575,575,575,575,0
2022-05-27 14:15:00,575,575,575,575,0
2022-05-27 14:16:00,575,575,575,575,0
2022-05-27 14:17:00,575,575,575,575,0
2022-05-27 14:18:00,575,575,575,575,0
2022-05-27 14:19:00,575,575,575,575,0
2022-05-27 14:20:00,575,575,575,575,0
2022-05-27 14:21:00,575,575,575,575,0
2022-05-27 14:22:00,575,575,575,575,0
2022-05-27 14:23:00,575,575,575,575,0
2022-05-27 14:24:00,575,575,575,575,0
2022-05-27 14:25:00,575,575,575,575,0
2022-05-27 14:26:00,575,575,575,575,0
2022-05-27 14:27:00,575,575,575,575,0
2022-05-27 14:28:00,575,575,575,575,0
2022-05-27 14:29:00,575,575,575,575,0
2022-05-27 14:30:00,575,575,575,575,0
2022-05-27 14:31:00,575,575,575,575,0
2022-05-27 14:32:00,575,575,575,575,0
2022-05-27 14:33:00,575,575,575,575,0
2022-05-27 14:34:00,575,575,575,575,0
2022-05-27 14:35:00,575,575,575,575,0
2022-05-27 14:36:00,575,575,575,575,0
2022-05-27 14:37:00,575,575,575,575,0
2022-05-27 14:38:00,575,575,575,575,0
2022-05-27 14:39:00,575,575,575,575,0
2022-05-27 14:40:00,575,575,575,575,0
2022-05-27 14:41:00,575,575,575,575,0
2022-05-27 14:42:00,575,575,575,575,0
2022-05-27 14:43:00,575,575,575,575,0
2022-05-27 14:44:00,575,575,575,575,0
2022-05-27 14:45:00,575,575,575,575,0
2022-05-27 14:46:00,575,575,575,575,0
2022-05-27 14:47:00,575,575,575,575,0
2022-05-27 14:48:00,575,575,575,575,0
2022-05-27 14:49:00,575,575,575,575,0
2022-05-27 14:50:00,575,575,575,575,0
2022-05-27 14:51:00,575,575,575,575,0
2022-05-27 14:52:00,575,575,575,575,0
2022-05-27 14:53:00,575,575,575,575,0
2022-05-27 14:54:00,575,575,575,575,0
2022-05-27 14:55:00,575,575,575,575,0
2022-05-27 14:56:00,575,575,575,575,0
2022-05-27 14:57:00,575,575,575,575,0
2022-05-27 14:58:00,575,575,575,575,0
2022-05-27 14:59:00,575,575,575,575,0
2022-05-27 15:00:00,575,575,575,575,0
2022-05-27 15:01:00,575,575,575,575,0
2022-05-27 15:02:00,575,575,575,575,0
2022-05-27 15:03:00,575,575,575,575,0
2022-05-27 15:04:00,575,575,575,575,0
2022-05-27 15:05:00,575,575,575,575,0
2022-05-27 15:06:00,575,575,575,575,0
2022-05-27 15:07:00,575,575,575,575,0
2022-05-27 15:08:00,575,575,575,575,0
2022-05-27 15:09:00,575,575,575,575,0
2022-05-27 15:10:00,575,575,575,575,0
2022-05-27 15:11:00,575,575,575,575,0
2022-05-27 15:12:00,575,575,575,575,0
2022-05-27 15:13:00,575,575,575,575,0
2022-05-27 15:14:00,575,575,575,575,0
2022-05-27 15:15:00,575,575,575,575,0
2022-05-27 15:16:00,575,575,575,575,0
2022-05-27 15:17:00,575,575,575,575,0
2022-05-27 15:18:00,575,575,575,575,0
2022-05-27 15:19:00,575,575,575,575,0
2022-05-27 15:20:00,575,575,575,575,0
2022-05-27 15:21:00,575,575,575,575,0
2022-05-27 15:22:00,575,575,575,575,0
2022-05-27 15:23:00,575,575,575,575,0
2022-05-27 15:24:00,575,575,575,575,0
2022-05-27 15:25:00,575,575,575,575,0
2022-05-27 15:26:00,575,575,575,575,0
2022-05-27 15:27:00,575,575,575,575,0
2022-05-27 15:28:00,575,575,575,575,0
2022-05-27 15:29:00,575,575,575,575,0
2022-05-27 15:30:00,575,575,575,575,0
2022-05-27 15:31:00,575,575,575,575,0
2022-05-27 15:32:00,575,575,575,575,0
2022-05-27 15:33:00,575,575,575,575,0
2022-05-27 15:34:00,575,575,575,575,0
2022-05-27 15:35:00,575,575,575,575,0
2022-05-27 15:36:00,575,575,575,575,0
2022-05-27 15:37:00,575,575,575,575,0
2022-05-27 15:38:00,575,575,575,575,0
2022-05-27 15:39:00,575,575,575,575,0
2022-05-27 15:40:00,575,575,575,575,0
2022-05-27 15:41:00,575,575,575,575,0
2022-05-27 15:42:00,575,575,575,575,0
2022-05-27 15:43:00,575,575,575,575,0
2022-05-27 15:44:00,575,575,575,575,0
2022-05-27 15:45:00,575,575,575,575,0
2022-05-27 15:46:00,575,575,575,575,0
2022-05-27 15:47:00,575,575,575,575,0
2022-05-27 15:48:00,575,575,575,575,0
2022-05-27 15:49:00,575,575,575,575,0
2022-05-27 15:50:00,575,575,575,575,0
2022-05-27 15:51:00,575,575,575,575,0
2022-05-27 15:52:00,575,575,575,575,0
2022-05-27 15:53:00,575,575,575,575,0
2022-05-27 15:54:00,575,575,575,575,0
2022-05-27 15:55:00,575,575,575,575,0
2022-05-27 15:56:00,575,575,575,575,0
2022-05-27 15:57:00,575,575,575,575,0
2022-05-27 15:58:00,575,575,575,575,0
2022-05-27 15:59:00,575,575,575,575,0
2022-05-30 09:00:00,590,590,590,590,0
2022-05-30 09:01:00,590,590,590,590,0
2022-05-30 09:02:00,590,590,590,590,0
2022-05-30 09:03:00,590,590,590,590,0
2022-05-30 09:04:00,590,590,590,590,0
2022-05-30 09:05:00,590,590,590,590,0
2022-05-30 09:06:00,590,590,590,590,0
2022-05-30 09:07:00,590,590,590,590,0
2022-05-30 09:08:00,590,590,590,590,0
2022-05-30 09:09:00,590,590,590,590,0
2022-05-30 09:10:00,590,590,590,590,0
2022-05-30 09:11:00,590,590,590,590,0
2022-05-30 09:12:00,590,590,590,590,0
2022-05-30 09:13:00,590,590,590,590,0
2022-05-30 09:14:00,590,590,590,590,0
2022-05-30 09:15:00,590,590,590,590,0
2022-05-30 09:16:00,590,590,590,590,0
2022-05-30 09:17:00,590,590,590,590,0
2022-05-30 09:18:00,590,590,590,590,0
2022-05-30 09:19:00,590,590,590,590,0
2022-05-30 09:20:00,590,590,590,590,0
2022-05-30 09:21:00,590,590,590,590,0
2022-05-30 09:22:00,590,590,590,590,0
2022-05-30 09:23:00,590,590,590,590,0
2022-05-30 09:24:00,590,590,590,590,0
2022-05-30 09:25:00,590,590,590,590,0
2022-05-30 09:26:00,590,590,590,590,0
2022-05-30 09:27:00,590,590,590,590,0
2022-05-30 09:28:00,590,590,590,590,0
2022-05-30 09:29:00,590,590,590,590,0
2022-05-30 09:30:00,590,590,590,590,0
2022-05-30 09:31:00,590,590,590,590,0
2022-05-30 09:32:00,590,590,590,590,0
2022-05-30 09:33:00,590,590,590,590,0
2022-05-30 09:34:00,590,590,590,590,0
2022-05-30 09:35:00,590,590,590,590,0
2022-05-30 09:36:00,590,590,590,590,0
2022-05-30 09:37:00,590,590,590,590,0
2022-05-30 09:38:00,590,590,590,590,0
2022-05-30 09:39:00,590,590,590,590,0
2022-05-30 09:40:00,590,590,590,590,0
2022-05-30 09:41:00,590,590,590,590,0
2022-05-30 09:42:00,590,590,590,590,0
2022-05-30 09:43:00,590,590,590,590,0
2022-05-30 09:44:00,590,590,590,590,0
2022-05-30 09:45:00,590,590,590,590,0
2022-05-30 09:46:00,590,590,590,590,0
2022-05-30 09:47:00,590,590,590,590,0
2022-05-30 09:48:00,590,590,590,590,0
2022-05-30 09:49:00,590,590,590,590,0
2022-05-30 09:50:00,590,590,590,590,0
2022-05-30 09:51:00,590,590,590,590,0
2022-05-30 09:52:00,590,590,590,590,0
2022-05-30 09:53:00,590,590,590,590,0
2022-05-30 09:54:00,590,590,590,590,0
2022-05-30 09:55:00,590,590,590,590,0
2022-05-30 09:56:00,590,590,590,590,0
2022-05-30 09:57:00,590,590,590,590,0
2022-05-30 09:58:00,590,590,590,590,0
2022-05-30 09:59:00,590,590,590,590,0
2022-05-30 10:00:00,590,590,590,590,0
2022-05-30 10:01:00,590,590,590,590,0
2022-05-30 10:02:00,590,590,590,590,0
2022-05-30 10:03:00,590,590,590,590,0
2022-05-30 10:04:00,590,590,590,590,0
2022-05-30 10:05:00,590,590,590,590,0
2022-05-30 10:06:00,590,590,590,590,0
2022-05-30 10:07:00,590,590,590,590,0
2022-05-30 10:08:00,590,590,590,590,0
2022-05-30 10:09:00,590,590,590,590,0
2022-05-30 10:10:00,590,590,590,590,0
2022-05-30 10:11:00,590,590,590,590,0
2022-05-30 10:12:00,590,590,590,590,0
2022-05-30 10:13:00,590,590,590,590,0
2022-05-30 10:14:00,590,590,590,590,0
2022-05-30 10:15:00,590,590,590,590,0
2022-05-30 10:16:00,590,590,590,590,0
2022-05-30 10:17:00,590,590,590,590,0
2022-05-30 10:18:00,590,590,590,590,0
2022-05-30 10:19:00,590,590,590,590,0
2022-05-30 10:20:00,590,590,590,590,0
2022-05-30 10:21:00,590,590,590,590,0
2022-05-30 10:22:00,590,590,590,590,0
2022-05-30 10:23:00,590,590,590,590,0
2022-05-30 10:24:00,590,590,590,590,0
2022-05-30 10:25:00,590,590,590,590,0
2022-05-30 10:26:00,590,590,590,590,0
2022-05-30 10:27:00,590,590,590,590,0
2022-05-30 10:28:00,590,590,590,590,0
2022-05-30 10:29:00,590,590,590,590,0
2022-05-30 10:30:00,590,590,590,590,0
2022-05-30 10:31:00,590,590,590,590,0
2022-05-30 10:32:00,590,590,590,590,0
2022-05-30 10:33:00,590,590,590,590,0
2022-05-30 10:34:00,590,590,590,590,0
2022-05-30 10:35:00,590,590,590,590,0
2022-05-30 10:36:00,590,590,590,590,0
2022-05-30 10:37:00,590,590,590,590,0
2022-05-30 10:38:00,590,590,590,590,0
2022-05-30 10:39:00,590,590,590,590,0
2022-05-30 10:40:00,590,590,590,590,0
2022-05-30 10:41:00,590,590,590,590,0
2022-05-30 10:42:00,590,590,590,590,0
2022-05-30 10:43:00,590,590,590,590,0
2022-05-30 10:44:00,590,590,590,590,0
2022-05-30 10:45:00,590,590,590,590,0
2022-05-30 10:46:00,590,590,590,590,0
2022-05-30 10:47:00,590,590,590,590,0
2022-05-30 10:48:00,590,590,590,590,0
2022-05-30 10:49:00,590,590,590,590,0
2022-05-30 10:50:00,590,590,590,590,0
2022-05-30 10:51:00,590,590,590,590,0
2022-05-30 10:52:00,590,590,590,590,0
2022-05-30 10:53:00,590,590,590,590,0
2022-05-30 10:54:00,590,590,590,590,0
2022-05-30 10:55:00,590,590,590,590,0
2022-05-30 10:56:00,590,590,590,590,0
2022-05-30 10:57:00,590,590,590,590,0
2022-05-30 10:58:00,590,590,590,590,0
2022-05-30 10:59:00,590,590,590,590,0
2022-05-30 11:00:00,590,590,590,590,0
2022-05-30 11:01:00,590,590,590,590,0
2022-05-30 11:02:00,590,590,590,590,0
2022-05-30 11:03:00,590,590,590,590,0
2022-05-30 11:04:00,590,590,590,590,0
2022-05-30 11:05:00,590,590,590,590,0
2022-05-30 11:06:00,590,590,590,590,0
2022-05-30 11:07:00,590,590,590,590,0
2022-05-30 11:08:00,590,590,590,590,0
2022-05-30 11:09:00,590,590,590,590,0
2022-05-30 11:10:00,590,590,590,590,0
2022-05-30 11:11:00,590,590,590,590,0
2022-05-30 11:12:00,590,590,590,590,0
2022-05-30 11:13:00,590,590,590,590,0
2022-05-30 11:14:00,590,590,590,590,0
2022-05-30 11:15:00,590,590,590,590,0
2022-05-30 11:16:00,590,590,590,590,0
2022-05-30 11:17:00,590,590,590,590,0
2022-05-30 11:18:00,590,590,590,590,0
2022-05-30 11:19:00,590,590,590,590,0
2022-05-30 11:20:00,590,590,590,590,0
2022-05-30 11:21:00,590,590,590,590,0
2022-05-30 11:22:00,590,590,590,590,0
2022-05-30 11:23:00,590,590,590,590,0
2022-05-30 11:24:00,590,590,590,590,0
2022-05-30 11:25:00,590,590,590,590,0
2022-05-30 11:26:00,590,590,590,590,0
2022-05-30 11:27:00,590,590,590,590,0
2022-05-30 11:28:00,590,590,590,590,0
2022-05-30 11:29:00,590,590,590,590,0
2022-05-30 11:30:00,590,590,590,590,0
2022-05-30 11:31:00,590,590,590,590,0
2022-05-30 11:32:00,590,590,590,590,0
2022-05-30 11:33:00,590,590,590,590,0
2022-05-30 11:34:00,590,590,590,590,0
2022-05-30 11:35:00,590,590,590,590,0
2022-05-30 11:36:00,590,590,590,590,0
2022-05-30 11:37:00,590,590,590,590,0
2022-05-30 11:38:00,590,590,590,590,0
2022-05-30 11:39:00,590,590,590,590,0
2022-05-30 11:40:00,590,590,590,590,0
2022-05-30 11:41:00,590,590,590,590,0
2022-05-30 11:42:00,590,590,590,590,0
2022-05-30 11:43:00,590,590,590,590,0
2022-05-30 11:44:00,590,590,590,590,0
2022-05-30 11:45:00,590,590,590,590,0
2022-05-30 11:46:00,590,590,590,590,0
2022-05-30 11:47:00,590,590,590,590,0
2022-05-30 11:48:00,590,590,590,590,0
2022-05-30 11:49:00,590,590,590,590,0
2022-05-30 11:50:00,590,590,590,590,0
2022-05-30 11:51:00,590,590,590,590,0
2022-05-30 11:52:00,590,590,590,590,0
2022-05-30 11:53:00,590,590,590,590,0
2022-05-30 11:54:00,590,590,590,590,0
2022-05-30 11:55:00,590,590,590,590,0
2022-05-30 11:56:00,590,590,590,590,0
2022-05-30 11:57:00,590,590,590,590,0
2022-05-30 11:58:00,590,590,590,590,0
2022-05-30 11:59:00,590,590,590,590,0
2022-05-30 12:00:00,590,590,590,590,0
2022-05-30 12:01:00,590,590,590,590,0
2022-05-30 12:02:00,590,590,590,590,0
2022-05-30 12:03:00,590,590,590,590,0
2022-05-30 12:04:00,590,590,590,590,0
2022-05-30 12:05:00,590,590,590,590,0
2022-05-30 12:06:00,590,590,590,590,0
2022-05-30 12:07:00,590,590,590,590,0
2022-05-30 12:08:00,590,590,590,590,0
2022-05-30 12:09:00,590,590,590,590,0
2022-05-30 12:10:00,590,590,590,590,0
2022-05-30 12:11:00,590,590,590,590,0
2022-05-30 12:12:00,590,590,590,590,0
2022-05-30 12:13:00,590,590,590,590,0
2022-05-30 12:14:00,590,590,590,590,0
2022-05-30 12:15:00,590,590,590,590,0
2022-05-30 12:16:00,590,590,590,590,0
2022-05-30 12:17:00,590,590,590,590,0
2022-05-30 12:18:00,590,590,590,590,0
2022-05-30 12:19:00,590,590,590,590,0
2022-05-30 12:20:00,590,590,590,590,0
2022-05-30 12:21:00,590,590,590,590,0
2022-05-30 12:22:00,590,590,590,590,0
2022-05-30 12:23:00,590,590,590,590,0
2022-05-30 12:24:00,590,590,590,590,0
2022-05-30 12:25:00,590,590,590,590,0
2022-05-30 12:26:00,590,590,590,590,0
2022-05-30 12:27:00,590,590,590,590,0
2022-05-30 12:28:00,590,590,590,590,0
2022-05-30 12:29:00,590,590,590,590,0
2022-05-30 12:30:00,590,590,590,590,0
2022-05-30 12:31:00,590,590,590,590,0
2022-05-30 12:32:00,590,590,590,590,0
2022-05-30 12:33:00,590,590,590,590,0
2022-05-30 12:34:00,590,590,590,590,0
2022-05-30 12:35:00,590,590,590,590,0
2022-05-30 12:36:00,590,590,590,590,0
2022-05-30 12:37:00,590,590,590,590,0
2022-05-30 12:38:00,590,590,590,590,0
2022-05-30 12:39:00,590,590,590,590,0
2022-05-30 12:40:00,590,590,590,590,0
2022-05-30 12:41:00,590,590,590,590,0
2022-05-30 12:42:00,590,590,590,590,0
2022-05-30 12:43:00,590,590,590,590,0
2022-05-30 12:44:00,590,590,590,590,0
2022-05-30 12:45:00,590,590,590,590,0
2022-05-30 12:46:00,590,590,590,590,0
2022-05-30 12:47:00,590,590,590,590,0
2022-05-30 12:48:00,590,590,590,590,0
2022-05-30 12:49:00,590,590,590,590,0
2022-05-30 12:50:00,590,590,590,590,0
2022-05-30 12:51:00,590,590,590,590,0
2022-05-30 12:52:00,590,590,590,590,0
2022-05-30 12:53:00,590,590,590,590,0
2022-05-30 12:54:00,590,590,590,590,0
2022-05-30 12:55:00,590,590,590,590,0
2022-05-30 12:56:00,590,590,590,590,0
2022-05-30 12:57:00,590,590,590,590,0
2022-05-30 12:58:00,590,590,590,590,0
2022-05-30 12:59:00,590,590,590,590,0
2022-05-30 13:00:00,590,590,590,590,0
2022-05-30 13:01:00,590,590,590,590,0
2022-05-30 13:02:00,590,590,590,590,0
2022-05-30 13:03:00,590,590,590,590,0
2022-05-30 13:04:00,590,590,590,590,0
2022-05-30 13:05:00,590,590,590,590,0
2022-05-30 13:06:00,590,590,590,590,0
2022-05-30 13:07:00,590,590,590,590,0
2022-05-30 13:08:00,590,590,590,590,0
2022-05-30 13:09:00,590,590,590,590,0
2022-05-30 13:10:00,590,590,590,590,0
2022-05-30 13:11:00,590,590,590,590,0
2022-05-30 13:12:00,590,590,590,590,0
2022-05-30 13:13:00,590,590,590,590,0
2022-05-30 13:14:00,590,590,590,590,0
2022-05-30 13:15:00,590,590,590,590,0
2022-05-30 13:16:00,590,590,590,590,0
2022-05-30 13:17:00,590,590,590,590,0
2022-05-30 13:18:00,590,590,590,590,0
2022-05-30 13:19:00,590,590,590,590,0
2022-05-30 13:20:00,590,590,590,590,0
2022-05-30 13:21:00,590,590,590,590,0
2022-05-30 13:22:00,590,590,590,590,0
2022-05-30 13:23:00,590,590,590,590,0
2022-05-30 13:24:00,590,590,590,590,0
2022-05-30 13:25:00,590,590,590,590,0
2022-05-30 13:26:00,590,590,590,590,0
2022-05-30 13:27:00,590,590,590,590,0
2022-05-30 13:28:00,590,590,590,590,0
2022-05-30 13:29:00,590,590,590,590,0
2022-05-30 13:30:00,590,590,590,590,0
2022-05-30 13:31:00,590,590,590,590,0
2022-05-30 13:32:00,590,590,590,590,0
2022-05-30 13:33:00,590,590,590,590,0
2022-05-30 13:34:00,590,590,590,590,0
2022-05-30 13:35:00,590,590,590,590,0
2022-05-30 13:36:00,590,590,590,590,0
2022-05-30 13:37:00,590,590,590,590,0
2022-05-30 13:38:00,590,590,590,590,0
2022-05-30 13:39:00,590,590,590,590,0
2022-05-30 13:40:00,590,590,590,590,0
2022-05-30 13:41:00,590,590,590,590,0
2022-05-30 13:42:00,590,590,590,590,0
2022-05-30 13:43:00,590,590,590,590,0
2022-05-30 13:44:00,590,590,590,590,0
2022-05-30 13:45:00,590,590,590,590,0
2022-05-30 13:46:00,590,590,590,590,0
2022-05-30 13:47:00,590,590,590,590,0
2022-05-30 13:48:00,590,590,590,590,0
2022-05-30 13:49:00,590,590,590,590,0
2022-05-30 13:50:00,590,590,590,590,0
2022-05-30 13:51:00,590,590,590,590,0
2022-05-30 13:52:00,590,590,590,590,0
2022-05-30 13:53:00,590,590,590,590,0
2022-05-30 13:54:00,590,590,590,590,0
2022-05-30 13:55:00,590,590,590,590,0
2022-05-30 13:56:00,590,590,590,590,0
2022-05-30 13:57:00,590,590,590,590,0
2022-05-30 13:58:00,590,590,590,590,0
2022-05-30 13:59:00,590,590,590,590,0
2022-05-30 14:00:00,590,590,590,590,0
2022-05-30 14:01:00,590,590,590,590,0
2022-05-30 14:02:00,590,590,590,590,0
2022-05-30 14:03:00,590,590,590,590,0
2022-05-30 14:04:00,590,590,590,590,0
2022-05-30 14:05:00,590,590,590,590,0
2022-05-30 14:06:00,590,590,590,590,0
2022-05-30 14:07:00,590,590,590,590,0
2022-05-30 14:08:00,590,590,590,590,0
2022-05-30 14:09:00,590,590,590,590,0
2022-05-30 14:10:00,590,590,590,590,0
2022-05-30 14:11:00,590,590,590,590,0
2022-05-30 14:12:00,590,590,590,590,0
2022-05-30 14:13:00,590,590,590,590,0
2022-05-30 14:14:00,590,590,590,590,0
2022-05-30 14:15:00,590,590,590,590,0
2022-05-30 14:16:00,590,590,590,590,0
2022-05-30 14:17:00,590,590,590,590,0
2022-05-30 14:18:00,590,590,590,590,0
2022-05-30 14:19:00,590,590,590,590,0
2022-05-30 14:20:00,590,590,590,590,0
2022-05-30 14:21:00,590,590,590,590,0
2022-05-30 14:22:00,590,590,590,590,0
2022-05-30 14:23:00,590,590,590,590,0
2022-05-30 14:24:00,590,590,590,590,0
2022-05-30 14:25:00,590,590,590,590,0
2022-05-30 14:26:00,590,590,590,590,0
2022-05-30 14:27:00,590,590,590,590,0
2022-05-30 14:28:00,590,590,590,590,0
2022-05-30 14:29:00,590,590,590,590,0
2022-05-30 14:30:00,590,590,590,590,0
2022-05-30 14:31:00,590,590,590,590,0
2022-05-30 14:32:00,590,590,590,590,0
2022-05-30 14:33:00,590,590,590,590,0
2022-05-30 14:34:00,590,590,590,590,0
2022-05-30 14:35:00,590,590,590,590,0
2022-05-30 14:36:00,590,590,590,590,0
2022-05-30 14:37:00,590,590,590,590,0
2022-05-30 14:38:00,590,590,590,590,0
2022-05-30 14:39:00,590,590,590,590,0
2022-05-30 14:40:00,590,590,590,590,0
2022-05-30 14:41:00,590,590,590,590,0
2022-05-30 14:42:00,590,590,590,590,0
2022-05-30 14:43:00,590,590,590,590,0
2022-05-30 14:44:00,590,590,590,590,0
2022-05-30 14:45:00,590,590,590,590,0
2022-05-30 14:46:00,590,590,590,590,0
2022-05-30 14:47:00,590,590,590,590,0
2022-05-30 14:48:00,590,590,590,590,0
2022-05-30 14:49:00,590,590,590,590,0
2022-05-30 14:50:00,590,590,590,590,0
2022-05-30 14:51:00,590,590,590,590,0
2022-05-30 14:52:00,590,590,590,590,0
2022-05-30 14:53:00,590,590,590,590,0
2022-05-30 14:54:00,590,590,590,590,0
2022-05-30 14:55:00,590,590,590,590,0
2022-05-30 14:56:00,590,590,590,590,0
2022-05-30 14:57:00,590,590,590,590,0
2022-05-30 14:58:00,590,590,590,590,0
2022-05-30 14:59:00,590,590,590,590,0
2022-05-30 15:00:00,590,590,590,590,0
2022-05-30 15:01:00,590,590,590,590,0
2022-05-30 15:02:00,590,590,590,590,0
2022-05-30 15:03:00,590,590,590,590,0
2022-05-30 15:04:00,590,590,590,590,0
2022-05-30 15:05:00,590,590,590,590,0
2022-05-30 15:06:00,590,590,590,590,0
2022-05-30 15:07:00,590,590,590,590,0
2022-05-30 15:08:00,590,590,590,590,0
2022-05-30 15:09:00,590,590,590,590,0
2022-05-30 15:10:00,590,590,590,590,0
2022-05-30 15:11:00,590,590,590,590,0
2022-05-30 15:12:00,590,590,590,590,0
2022-05-30 15:13:00,590,590,590,590,0
2022-05-30 15:14:00,590,590,590,590,0
2022-05-30 15:15:00,590,590,590,590,0
2022-05-30 15:16:00,590,590,590,590,0
2022-05-30 15:17:00,590,590,590,590,0
2022-05-30 15:18:00,590,590,590,590,0
2022-05-30 15:19:00,590,590,590,590,0
2022-05-30 15:20:00,590,590,590,590,0
2022-05-30 15:21:00,590,590,590,590,0
2022-05-30 15:22:00,590,590,590,590,0
2022-05-30 15:23:00,590,590,590,590,0
2022-05-30 15:24:00,590,590,590,590,0
2022-05-30 15:25:00,590,590,590,590,0
2022-05-30 15:26:00,590,590,590,590,0
2022-05-30 15:27:00,590,590,590,590,0
2022-05-30 15:28:00,590,590,590,590,0
2022-05-30 15:29:00,590,590,590,590,0
2022-05-30 15:30:00,590,590,590,590,0
2022-05-30 15:31:00,590,590,590,590,0
2022-05-30 15:32:00,590,590,590,590,0
2022-05-30 15:33:00,590,590,590,590,0
2022-05-30 15:34:00,590,590,590,590,0
2022-05-30 15:35:00,590,590,590,590,0
2022-05-30 15:36:00,590,590,590,590,0
2022-05-30 15:37:00,590,590,590,590,0
2022-05-30 15:38:00,590,590,590,590,0
2022-05-30 15:39:00,590,590,590,590,0
2022-05-30 15:40:00,590,590,590,590,0
2022-05-30 15:41:00,590,590,590,590,0
2022-05-30 15:42:00,590,590,590,590,0
2022-05-30 15:43:00,590,590,590,590,0
2022-05-30 15:44:00,590,590,590,590,0
2022-05-30 15:45:00,590,590,590,590,0
2022-05-30 15:46:00,590,590,590,590,0
2022-05-30 15:47:00,590,590,590,590,0
2022-05-30 15:48:00,590,590,590,590,0
2022-05-30 15:49:00,590,590,590,590,0
2022-05-30 15:50:00,590,590,590,590,0
2022-05-30 15:51:00,590,590,590,590,0
2022-05-30 15:52:00,590,590,590,590,0
2022-05-30 15:53:00,590,590,590,590,0
2022-05-30 15:54:00,590,590,590,590,0
2022-05-30 15:55:00,590,590,590,590,0
2022-05-30 15:56:00,590,590,590,590,0
2022-05-30 15:57:00,590,590,590,590,0
2022-05-30 15:58:00,590,590,590,590,0
2022-05-30 15:59:00,590,590,590,590,0
2022-05-31 09:00:00,590,590,590,590,0
2022-05-31 09:01:00,590,590,590,590,0
2022-05-31 09:02:00,590,590,590,590,0
2022-05-31 09:03:00,590,590,590,590,0
2022-05-31 09:04:00,590,590,590,590,0
2022-05-31 09:05:00,590,590,590,590,0
2022-05-31 09:06:00,590,590,590,590,0
2022-05-31 09:07:00,590,590,590,590,0
2022-05-31 09:08:00,590,590,590,590,0
2022-05-31 09:09:00,590,590,590,590,0
2022-05-31 09:10:00,590,590,590,590,0
2022-05-31 09:11:00,590,590,590,590,0
2022-05-31 09:12:00,590,590,590,590,0
2022-05-31 09:13:00,590,590,590,590,0
2022-05-31 09:14:00,590,590,590,590,0
2022-05-31 09:15:00,590,590,590,590,0
2022-05-31 09:16:00,590,590,590,590,0
2022-05-31 09:17:00,590,590,590,590,0
2022-05-31 09:18:00,590,590,590,590,0
2022-05-31 09:19:00,590,590,590,590,0
2022-05-31 09:20:00,590,590,590,590,0
2022-05-31 09:21:00,590,590,590,590,0
2022-05-31 09:22:00,590,590,590,590,0
2022-05-31 09:23:00,590,590,590,590,0
2022-05-31 09:24:00,590,590,590,590,0
2022-05-31 09:25:00,590,590,590,590,0
2022-05-31 09:26:00,590,590,590,590,0
2022-05-31 09:27:00,590,590,590,590,0
2022-05-31 09:28:00,590,590,590,590,0
2022-05-31 09:29:00,590,590,590,590,0
2022-05-31 09:30:00,590,590,590,590,0
2022-05-31 09:31:00,590,590,590,590,0
2022-05-31 09:32:00,590,590,590,590,0
2022-05-31 09:33:00,590,590,590,590,0
2022-05-31 09:34:00,590,590,590,590,0
2022-05-31 09:35:00,590,590,590,590,0
2022-05-31 09:36:00,590,590,590,590,0
2022-05-31 09:37:00,590,590,590,590,0
2022-05-31 09:38:00,590,590,590,590,0
2022-05-31 09:39:00,590,590,590,590,0
2022-05-31 09:40:00,590,590,590,590,0
2022-05-31 09:41:00,590,590,590,590,0
2022-05-31 09:42:00,590,590,590,590,0
2022-05-31 09:43:00,590,590,590,590,0
2022-05-31 09:44:00,590,590,590,590,0
2022-05-31 09:45:00,590,590,590,590,0
2022-05-31 09:46:00,590,590,590,590,0
2022-05-31 09:47:00,590,590,590,590,0
2022-05-31 09:48:00,590,590,590,590,0
2022-05-31 09:49:00,590,590,590,590,0
2022-05-31 09:50:00,590,590,590,590,0
2022-05-31 09:51:00,590,590,590,590,0
2022-05-31 09:52:00,590,590,590,590,0
2022-05-31 09:53:00,590,590,590,590,0
2022-05-31 09:54:00,590,590,590,590,0
2022-05-31 09:55:00,590,590,590,590,0
2022-05-31 09:56:00,590,590,590,590,0
2022-05-31 09:57:00,590,590,590,590,0
2022-05-31 09:58:00,590,590,590,590,0
2022-05-31 09:59:00,590,590,590,590,0
2022-05-31 10:00:00,590,590,590,590,0
2022-05-31 10:01:00,590,590,590,590,0
2022-05-31 10:02:00,590,590,590,590,0
2022-05-31 10:03:00,590,590,590,590,0
2022-05-31 10:04:00,590,590,590,590,0
2022-05-31 10:05:00,590,590,590,590,0
2022-05-31 10:06:00,590,590,590,590,0
2022-05-31 10:07:00,590,590,590,590,0
2022-05-31 10:08:00,590,590,590,590,0
2022-05-31 10:09:00,590,590,590,590,0
2022-05-31 10:10:00,590,590,590,590,0
2022-05-31 10:11:00,590,590,590,590,0
2022-05-31 10:12:00,590,590,590,590,0
2022-05-31 10:13:00,590,590,590,590,0
2022-05-31 10:14:00,590,590,590,590,0
2022-05-31 10:15:00,590,590,590,590,0
2022-05-31 10:16:00,590,590,590,590,0
2022-05-31 10:17:00,590,590,590,590,0
2022-05-31 10:18:00,590,590,590,590,0
2022-05-31 10:19:00,590,590,590,590,0
2022-05-31 10:20:00,590,590,590,590,0
2022-05-31 10:21:00,590,590,590,590,0
2022-05-31 10:22:00,590,590,590,590,0
2022-05-31 10:23:00,590,590,590,590,0
2022-05-31 10:24:00,590,590,590,590,0
2022-05-31 10:25:00,590,590,590,590,0
2022-05-31 10:26:00,590,590,590,590,0
2022-05-31 10:27:00,590,590,590,590,0
2022-05-31 10:28:00,590,590,590,590,0
2022-05-31 10:29:00,590,590,590,590,0
2022-05-31 10:30:00,590,590,590,590,0
2022-05-31 10:31:00,590,590,590,590,0
2022-05-31 10:32:00,590,590,590,590,0
2022-05-31 10:33:00,590,590,590,590,0
2022-05-31 10:34:00,590,590,590,590,0
2022-05-31 10:35:00,590,590,590,590,0
2022-05-31 10:36:00,590,590,590,590,0
2022-05-31 10:37:00,590,590,590,590,0
2022-05-31 10:38:00,590,590,590,590,0
2022-05-31 10:39:00,590,590,590,590,0
2022-05-31 10:40:00,590,590,590,590,0
2022-05-31 10:41:00,590,590,590,590,0
2022-05-31 10:42:00,590,590,590,590,0
2022-05-31 10:43:00,590,590,590,590,0
2022-05-31 10:44:00,590,590,590,590,0
2022-05-31 10:45:00,590,590,590,590,0
2022-05-31 10:46:00,590,590,590,590,0
2022-05-31 10:47:00,590,590,590,590,0
2022-05-31 10:48:00,590,590,590,590,0
2022-05-31 10:49:00,590,590,590,590,0
2022-05-31 10:50:00,590,590,590,590,0
2022-05-31 10:51:00,590,590,590,590,0
2022-05-31 10:52:00,590,590,590,590,0
2022-05-31 10:53:00,590,590,590,590,0
2022-05-31 10:54:00,590,590,590,590,0
2022-05-31 10:55:00,590,590,590,590,0
2022-05-31 10:56:00,590,590,590,590,0
2022-05-31 10:57:00,590,590,590,590,0
2022-05-31 10:58:00,590,590,590,590,0
2022-05-31 10:59:00,590,590,590,590,0
2022-05-31 11:00:00,590,590,590,590,0
2022-05-31 11:01:00,590,590,590,590,0
2022-05-31 11:02:00,590,590,590,590,0
2022-05-31 11:03:00,590,590,590,590,0
2022-05-31 11:04:00,590,590,590,590,0
2022-05-31 11:05:00,590,590,590,590,0
2022-05-31 11:06:00,590,590,590,590,0
2022-05-31 11:07:00,590,590,590,590,0
2022-05-31 11:08:00,590,590,590,590,0
2022-05-31 11:09:00,590,590,590,590,0
2022-05-31 11:10:00,590,590,590,590,0
2022-05-31 11:11:00,590,590,590,590,0
2022-05-31 11:12:00,590,590,590,590,0
2022-05-31 11:13:00,590,590,590,590,0
2022-05-31 11:14:00,590,590,590,590,0
2022-05-31 11:15:00,590,590,590,590,0
2022-05-31 11:16:00,590,590,590,590,0
2022-05-31 11:17:00,590,590,590,590,0
2022-05-31 11:18:00,590,590,590,590,0
2022-05-31 11:19:00,590,590,590,590,0
2022-05-31 11:20:00,590,590,590,590,0
2022-05-31 11:21:00,590,590,590,590,0
2022-05-31 11:22:00,590,590,590,590,0
2022-05-31 11:23:00,590,590,590,590,0
2022-05-31 11:24:00,590,590,590,590,0
2022-05-31 11:25:00,590,590,590,590,0
2022-05-31 11:26:00,590,590,590,590,0
2022-05-31 11:27:00,590,590,590,590,0
2022-05-31 11:28:00,590,590,590,590,0
2022-05-31 11:29:00,590,590,590,590,0
2022-05-31 11:30:00,590,590,590,590,0
2022-05-31 11:31:00,590,590,590,590,0
2022-05-31 11:32:00,590,590,590,590,0
2022-05-31 11:33:00,590,590,590,590,0
2022-05-31 11:34:00,590,590,590,590,0
2022-05-31 11:35:00,590,590,590,590,0
2022-05-31 11:36:00,590,590,590,590,0
2022-05-31 11:37:00,590,590,590,590,0
2022-05-31 11:38:00,590,590,590,590,0
2022-05-31 11:39:00,590,590,590,590,0
2022-05-31 11:40:00,590,590,590,590,0
2022-05-31 11:41:00,590,590,590,590,0
2022-05-31 11:42:00,590,590,590,590,0
2022-05-31 11:43:00,590,590,590,590,0
2022-05-31 11:44:00,590,590,590,590,0
2022-05-31 11:45:00,590,590,590,590,0
2022-05-31 11:46:00,590,590,590,590,0
2022-05-31 11:47:00,590,590,590,590,0
2022-05-31 11:48:00,590,590,590,590,0
2022-05-31 11:49:00,590,590,590,590,0
2022-05-31 11:50:00,590,590,590,590,0
2022-05-31 11:51:00,590,590,590,590,0
2022-05-31 11:52:00,590,590,590,590,0
2022-05-31 11:53:00,590,590,590,590,0
2022-05-31 11:54:00,590,590,590,590,0
2022-05-31 11:55:00,590,590,590,590,0
2022-05-31 11:56:00,590,590,590,590,0
2022-05-31 11:57:00,590,590,590,590,0
2022-05-31 11:58:00,590,590,590,590,0
2022-05-31 11:59:00,590,590,590,590,0
2022-05-31 12:00:00,590,590,590,590,0
2022-05-31 12:01:00,590,590,590,590,0
2022-05-31 12:02:00,590,590,590,590,0
2022-05-31 12:03:00,590,590,590,590,0
2022-05-31 12:04:00,590,590,590,590,0
2022-05-31 12:05:00,590,590,590,590,0
2022-05-31 12:06:00,590,590,590,590,0
2022-05-31 12:07:00,590,590,590,590,0
2022-05-31 12:08:00,590,590,590,590,0
2022-05-31 12:09:00,590,590,590,590,0
2022-05-31 12:10:00,590,590,590,590,0
2022-05-31 12:11:00,590,590,590,590,0
2022-05-31 12:12:00,590,590,590,590,0
2022-05-31 12:13:00,590,590,590,590,0
2022-05-31 12:14:00,590,590,590,590,0
2022-05-31 12:15:00,590,590,590,590,0
2022-05-31 12:16:00,590,590,590,590,0
2022-05-31 12:17:00,590,590,590,590,0
2022-05-31 12:18:00,590,590,590,590,0
2022-05-31 12:19:00,590,590,590,590,0
2022-05-31 12:20:00,590,590,590,590,0
2022-05-31 12:21:00,590,590,590,590,0
2022-05-31 12:22:00,590,590,590,590,0
2022-05-31 12:23:00,590,590,590,590,0
2022-05-31 12:24:00,590,590,590,590,0
2022-05-31 12:25:00,590,590,590,590,0
2022-05-31 12:26:00,590,590,590,590,0
2022-05-31 12:27:00,590,590,590,590,0
2022-05-31 12:28:00,590,590,590,590,0
2022-05-31 12:29:00,590,590,590,590,0
2022-05-31 12:30:00,590,590,590,590,0
2022-05-31 12:31:00,590,590,590,590,0
2022-05-31 12:32:00,590,590,590,590,0
2022-05-31 12:33:00,590,590,590,590,0
2022-05-31 12:34:00,590,590,590,590,0
2022-05-31 12:35:00,590,590,590,590,0
2022-05-31 12:36:00,590,590,590,590,0
2022-05-31 12:37:00,590,590,590,590,0
2022-05-31 12:38:00,590,590,590,590,0
2022-05-31 12:39:00,590,590,590,590,0
2022-05-31 12:40:00,590,590,590,590,0
2022-05-31 12:41:00,590,590,590,590,0
2022-05-31 12:42:00,590,590,590,590,0
2022-05-31 12:43:00,590,590,590,590,0
2022-05-31 12:44:00,590,590,590,590,0
2022-05-31 12:45:00,590,590,590,590,0
2022-05-31 12:46:00,590,590,590,590,0
2022-05-31 12:47:00,590,590,590,590,0
2022-05-31 12:48:00,590,590,590,590,0
2022-05-31 12:49:00,590,590,590,590,0
2022-05-31 12:50:00,590,590,590,590,0
2022-05-31 12:51:00,590,590,590,590,0
2022-05-31 12:52:00,590,590,590,590,0
2022-05-31 12:53:00,590,590,590,590,0
2022-05-31 12:54:00,590,590,590,590,0
2022-05-31 12:55:00,590,590,590,590,0
2022-05-31 12:56:00,590,590,590,590,0
2022-05-31 12:57:00,590,590,590,590,0
2022-05-31 12:58:00,590,590,590,590,0
2022-05-31 12:59:00,590,590,590,590,0
2022-05-31 13:00:00,590,590,590,590,0
2022-05-31 13:01:00,590,590,590,590,0
2022-05-31 13:02:00,590,590,590,590,0
2022-05-31 13:03:00,590,590,590,590,0
2022-05-31 13:04:00,590,590,590,590,0
2022-05-31 13:05:00,590,590,590,590,0
2022-05-31 13:06:00,590,590,590,590,0
2022-05-31 13:07:00,590,590,590,590,0
2022-05-31 13:08:00,590,590,590,590,0
2022-05-31 13:09:00,590,590,590,590,0
2022-05-31 13:10:00,590,590,590,590,0
2022-05-31 13:11:00,590,590,590,590,0
2022-05-31 13:12:00,590,590,590,590,0
2022-05-31 13:13:00,590,590,590,590,0
2022-05-31 13:14:00,590,590,590,590,0
2022-05-31 13:15:00,590,590,590,590,0
2022-05-31 13:16:00,590,590,590,590,0
2022-05-31 13:17:00,590,590,590,590,0
2022-05-31 13:18:00,590,590,590,590,0
2022-05-31 13:19:00,590,590,590,590,0
2022-05-31 13:20:00,590,590,590,590,0
2022-05-31 13:21:00,590,590,590,590,0
2022-05-31 13:22:00,590,590,590,590,0
2022-05-31 13:23:00,590,590,590,590,0
2022-05-31 13:24:00,590,590,590,590,0
2022-05-31 13:25:00,590,590,590,590,0
2022-05-31 13:26:00,590,590,590,590,0
2022-05-31 13:27:00,590,590,590,590,0
2022-05-31 13:28:00,590,590,590,590,0
2022-05-31 13:29:00,590,590,590,590,0
2022-05-31 13:30:00,590,590,590,590,0
2022-05-31 13:31:00,590,590,590,590,0
2022-05-31 13:32:00,590,590,590,590,0
2022-05-31 13:33:00,590,590,590,590,0
2022-05-31 13:34:00,590,590,590,590,0
2022-05-31 13:35:00,590,590,590,590,0
2022-05-31 13:36:00,590,590,590,590,0
2022-05-31 13:37:00,590,590,590,590,0
2022-05-31 13:38:00,590,590,590,590,0
2022-05-31 13:39:00,590,590,590,590,0
2022-05-31 13:40:00,590,590,590,590,0
2022-05-31 13:41:00,590,590,590,590,0
2022-05-31 13:42:00,590,590,590,590,0
2022-05-31 13:43:00,590,590,590,590,0
2022-05-31 13:44:00,590,590,590,590,0
2022-05-31 13:45:00,590,590,590,590,0
2022-05-31 13:46:00,590,590,590,590,0
2022-05-31 13:47:00,590,590,590,590,0
2022-05-31 13:48:00,590,590,590,590,0
2022-05-31 13:49:00,590,590,590,590,0
2022-05-31 13:50:00,590,590,590,590,0
2022-05-31 13:51:00,590,590,590,590,0
2022-05-31 13:52:00,590,590,590,590,0
2022-05-31 13:53:00,590,590,590,590,0
2022-05-31 13:54:00,590,590,590,590,0
2022-05-31 13:55:00,590,590,590,590,0
2022-05-31 13:56:00,590,590,590,590,0
2022-05-31 13:57:00,590,590,590,590,0
2022-05-31 13:58:00,590,590,590,590,0
2022-05-31 13:59:00,590,590,590,590,0
2022-05-31 14:00:00,590,590,590,590,0
2022-05-31 14:01:00,590,590,590,590,0
2022-05-31 14:02:00,590,590,590,590,0
2022-05-31 14:03:00,590,590,590,590,0
2022-05-31 14:04:00,590,590,590,590,0
2022-05-31 14:05:00,590,590,590,590,0
2022-05-31 14:06:00,590,590,590,590,0
2022-05-31 14:07:00,590,590,590,590,0
2022-05-31 14:08:00,590,590,590,590,0
2022-05-31 14:09:00,590,590,590,590,0
2022-05-31 14:10:00,590,590,590,590,0
2022-05-31 14:11:00,590,590,590,590,0
2022-05-31 14:12:00,590,590,590,590,0
2022-05-31 14:13:00,590,590,590,590,0
2022-05-31 14:14:00,590,590,590,590,0
2022-05-31 14:15:00,590,590,590,590,0
2022-05-31 14:16:00,590,590,590,590,0
2022-05-31 14:17:00,590,590,590,590,0
2022-05-31 14:18:00,590,590,590,590,0
2022-05-31 14:19:00,590,590,590,590,0
2022-05-31 14:20:00,590,590,590,590,0
2022-05-31 14:21:00,590,590,590,590,0
2022-05-31 14:22:00,590,590,590,590,0
2022-05-31 14:23:00,590,590,590,590,0
2022-05-31 14:24:00,590,590,590,590,0
2022-05-31 14:25:00,590,590,590,590,0
2022-05-31 14:26:00,590,590,590,590,0
2022-05-31 14:27:00,590,590,590,590,0
2022-05-31 14:28:00,590,590,590,590,0
2022-05-31 14:29:00,590,590,590,590,0
2022-05-31 14:30:00,590,590,590,590,0
2022-05-31 14:31:00,590,590,590,590,0
2022-05-31 14:32:00,590,590,590,590,0
2022-05-31 14:33:00,590,590,590,590,0
2022-05-31 14:34:00,590,590,590,590,0
2022-05-31 14:35:00,590,590,590,590,0
2022-05-31 14:36:00,590,590,590,590,0
2022-05-31 14:37:00,590,590,590,590,0
2022-05-31 14:38:00,590,590,590,590,0
2022-05-31 14:39:00,590,590,590,590,0
2022-05-31 14:40:00,590,590,590,590,0
2022-05-31 14:41:00,590,590,590,590,0
2022-05-31 14:42:00,590,590,590,590,0
2022-05-31 14:43:00,590,590,590,590,0
2022-05-31 14:44:00,590,590,590,590,0
2022-05-31 14:45:00,590,590,590,590,0
2022-05-31 14:46:00,590,590,590,590,0
2022-05-31 14:47:00,590,590,590,590,0
2022-05-31 14:48:00,590,590,590,590,0
2022-05-31 14:49:00,590,590,590,590,0
2022-05-31 14:50:00,590,590,590,590,0
2022-05-31 14:51:00,590,590,590,590,0
2022-05-31 14:52:00,590,590,590,590,0
2022-05-31 14:53:00,590,590,590,590,0
2022-05-31 14:54:00,590,590,590,590,0
2022-05-31 14:55:00,590,590,590,590,0
2022-05-31 14:56:00,590,590,590,590,0
2022-05-31 14:57:00,590,590,590,590,0
2022-05-31 14:58:00,590,590,590,590,0
2022-05-31 14:59:00,590,590,590,590,0
2022-05-31 15:00:00,590,590,590,590,0
2022-05-31 15:01:00,590,590,590,590,0
2022-05-31 15:02:00,590,590,590,590,0
2022-05-31 15:03:00,590,590,590,590,0
2022-05-31 15:04:00,590,590,590,590,0
2022-05-31 15:05:00,585,585,585,585,0
2022-05-31 15:06:00,585,585,585,585,0
2022-05-31 15:07:00,585,585,585,585,0
2022-05-31 15:08:00,585,585,585,585,0
2022-05-31 15:09:00,585,585,585,585,0
2022-05-31 15:10:00,585,585,585,585,0
2022-05-31 15:11:00,585,585,585,585,0
2022-05-31 15:12:00,585,585,585,585,0
2022-05-31 15:13:00,585,585,585,585,0
2022-05-31 15:14:00,585,585,585,585,0
2022-05-31 15:15:00,585,585,585,585,0
2022-05-31 15:16:00,585,585,585,585,0
2022-05-31 15:17:00,585,585,585,585,0
2022-05-31 15:18:00,585,585,585,585,0
2022-05-31 15:19:00,585,585,585,585,0
2022-05-31 15:20:00,585,585,585,585,0
2022-05-31 15:21:00,585,585,585,585,0
2022-05-31 15:22:00,585,585,585,585,0
2022-05-31 15:23:00,585,585,585,585,0
2022-05-31 15:24:00,585,585,585,585,0
2022-05-31 15:25:00,585,585,585,585,0
2022-05-31 15:26:00,585,585,585,585,0
2022-05-31 15:27:00,585,585,585,585,0
2022-05-31 15:28:00,585,585,585,585,0
2022-05-31 15:29:00,585,585,585,585,0
2022-05-31 15:30:00,585,585,585,585,0
2022-05-31 15:31:00,585,585,585,585,0
2022-05-31 15:32:00,585,585,585,585,0
2022-05-31 15:33:00,585,585,585,585,0
2022-05-31 15:34:00,585,585,585,585,0
2022-05-31 15:35:00,585,585,585,585,0
2022-05-31 15:36:00,585,585,585,585,0
2022-05-31 15:37:00,585,585,585,585,0
2022-05-31 15:38:00,585,585,585,585,0
2022-05-31 15:39:00,585,585,585,585,0
2022-05-31 15:40:00,585,585,585,585,0
2022-05-31 15:41:00,585,585,585,585,0
2022-05-31 15:42:00,585,585,585,585,0
2022-05-31 15:43:00,585,585,585,585,0
2022-05-31 15:44:00,585,585,585,585,0
2022-05-31 15:45:00,585,585,585,585,0
2022-05-31 15:46:00,585,585,585,585,0
2022-05-31 15:47:00,585,585,585,585,0
2022-05-31 15:48:00,585,585,585,585,0
2022-05-31 15:49:00,585,585,585,585,0
2022-05-31 15:50:00,585,585,585,585,0
2022-05-31 15:51:00,585,585,585,585,0
2022-05-31 15:52:00,585,585,585,585,0
2022-05-31 15:53:00,585,585,585,585,0
2022-05-31 15:54:00,585,585,585,585,0
2022-05-31 15:55:00,585,585,585,585,0
2022-05-31 15:56:00,585,585,585,585,0
2022-05-31 15:57:00,585,585,585,585,0
2022-05-31 15:58:00,585,585,585,585,0
2022-05-31 15:59:00,585,585,585,585,0
2022-06-01 09:00:00,585,585,585,585,0
2022-06-01 09:01:00,585,585,585,585,0
2022-06-01 09:02:00,585,585,585,585,0
2022-06-01 09:03:00,585,585,585,585,0
2022-06-01 09:04:00,585,585,585,585,0
2022-06-01 09:05:00,585,585,585,585,0
2022-06-01 09:06:00,585,585,585,585,0
2022-06-01 09:07:00,585,585,585,585,0
2022-06-01 09:08:00,585,585,585,585,0
2022-06-01 09:09:00,585,585,585,585,0
2022-06-01 09:10:00,585,585,585,585,0
2022-06-01 09:11:00,585,585,585,585,0
2022-06-01 09:12:00,585,585,585,585,0
2022-06-01 09:13:00,585,585,585,585,0
2022-06-01 09:14:00,585,585,585,585,0
2022-06-01 09:15:00,585,585,585,585,0
2022-06-01 09:16:00,585,585,585,585,0
2022-06-01 09:17:00,585,585,585,585,0
2022-06-01 09:18:00,585,585,585,585,0
2022-06-01 09:19:00,585,585,585,585,0
2022-06-01 09:20:00,585,585,585,585,0
2022-06-01 09:21:00,585,585,585,585,0
2022-06-01 09:22:00,585,585,585,585,0
2022-06-01 09:23:00,585,585,585,585,0
2022-06-01 09:24:00,585,585,585,585,0
2022-06-01 09:25:00,585,585,585,585,0
2022-06-01 09:26:00,585,585,585,585,0
2022-06-01 09:27:00,585,585,585,585,0
2022-06-01 09:28:00,585,585,585,585,0
2022-06-01 09:29:00,585,585,585,585,0
2022-06-01 09:30:00,585,585,585,585,0
2022-06-01 09:31:00,585,585,585,585,0
2022-06-01 09:32:00,585,585,585,585,0
2022-06-01 09:33:00,585,585,585,585,0
2022-06-01 09:34:00,585,585,585,585,0
2022-06-01 09:35:00,585,585,585,585,0
2022-06-01 09:36:00,585,585,585,585,0
2022-06-01 09:37:00,585,585,585,585,0
2022-06-01 09:38:00,585,585,585,585,0
2022-06-01 09:39:00,585,585,585,585,0
2022-06-01 09:40:00,585,585,585,585,0
2022-06-01 09:41:00,585,585,585,585,0
2022-06-01 09:42:00,585,585,585,585,0
2022-06-01 09:43:00,585,585,585,585,0
2022-06-01 09:44:00,585,585,585,585,0
2022-06-01 09:45:00,585,585,585,585,0
2022-06-01 09:46:00,585,585,585,585,0
2022-06-01 09:47:00,585,585,585,585,0
2022-06-01 09:48:00,585,585,585,585,0
2022-06-01 09:49:00,585,585,585,585,0
2022-06-01 09:50:00,585,585,585,585,0
2022-06-01 09:51:00,585,585,585,585,0
2022-06-01 09:52:00,585,585,585,585,0
2022-06-01 09:53:00,585,585,585,585,0
2022-06-01 09:54:00,585,585,585,585,0
2022-06-01 09:55:00,585,585,585,585,0
2022-06-01 09:56:00,585,585,585,585,0
2022-06-01 09:57:00,585,585,585,585,0
2022-06-01 09:58:00,585,585,585,585,0
2022-06-01 09:59:00,585,585,585,585,0
2022-06-01 10:00:00,585,585,585,585,0
2022-06-01 10:01:00,585,585,585,585,0
2022-06-01 10:02:00,585,585,585,585,0
2022-06-01 10:03:00,585,585,585,585,0
2022-06-01 10:04:00,585,585,585,585,0
2022-06-01 10:05:00,585,585,585,585,0
2022-06-01 10:06:00,585,585,585,585,0
2022-06-01 10:07:00,585,585,585,585,0
2022-06-01 10:08:00,585,585,585,585,0
2022-06-01 10:09:00,585,585,585,585,0
2022-06-01 10:10:00,585,585,585,585,0
2022-06-01 10:11:00,585,585,585,585,0
2022-06-01 10:12:00,585,585,585,585,0
2022-06-01 10:13:00,585,585,585,585,0
2022-06-01 10:14:00,585,585,585,585,0
2022-06-01 10:15:00,585,585,585,585,0
2022-06-01 10:16:00,585,585,585,585,0
2022-06-01 10:17:00,585,585,585,585,0
2022-06-01 10:18:00,585,585,585,585,0
2022-06-01 10:19:00,585,585,585,585,0
2022-06-01 10:20:00,585,585,585,585,0
2022-06-01 10:21:00,585,585,585,585,0
2022-06-01 10:22:00,585,585,585,585,0
2022-06-01 10:23:00,585,585,585,585,0
2022-06-01 10:24:00,585,585,585,585,0
2022-06-01 10:25:00,585,585,585,585,0
2022-06-01 10:26:00,585,585,585,585,0
2022-06-01 10:27:00,585,585,585,585,0
2022-06-01 10:28:00,585,585,585,585,0
2022-06-01 10:29:00,585,585,585,585,0
2022-06-01 10:30:00,585,585,585,585,0
2022-06-01 10:31:00,585,585,585,585,0
2022-06-01 10:32:00,585,585,585,585,0
2022-06-01 10:33:00,585,585,585,585,0
2022-06-01 10:34:00,585,585,585,585,0
2022-06-01 10:35:00,585,585,585,585,0
2022-06-01 10:36:00,585,585,585,585,0
2022-06-01 10:37:00,585,585,585,585,0
2022-06-01 10:38:00,585,585,585,585,0
2022-06-01 10:39:00,585,585,585,585,0
2022-06-01 10:40:00,585,585,585,585,0
2022-06-01 10:41:00,585,585,585,585,0
2022-06-01 10:42:00,585,585,585,585,0
2022-06-01 10:43:00,585,585,585,585,0
2022-06-01 10:44:00,585,585,585,585,0
2022-06-01 10:45:00,585,585,585,585,0
2022-06-01 10:46:00,585,585,585,585,0
2022-06-01 10:47:00,585,585,585,585,0
2022-06-01 10:48:00,585,585,585,585,0
2022-06-01 10:49:00,585,585,585,585,0
2022-06-01 10:50:00,585,585,585,585,0
2022-06-01 10:51:00,585,585,585,585,0
2022-06-01 10:52:00,585,585,585,585,0
2022-06-01 10:53:00,585,585,585,585,0
2022-06-01 10:54:00,585,585,585,585,0
2022-06-01 10:55:00,585,585,585,585,0
2022-06-01 10:56:00,585,585,585,585,0
2022-06-01 10:57:00,585,585,585,585,0
2022-06-01 10:58:00,585,585,585,585,0
2022-06-01 10:59:00,585,585,585,585,0
2022-06-01 11:00:00,585,585,585,585,0
2022-06-01 11:01:00,585,585,585,585,0
2022-06-01 11:02:00,585,585,585,585,0
2022-06-01 11:03:00,585,585,585,585,0
2022-06-01 11:04:00,585,585,585,585,0
2022-06-01 11:05:00,585,585,585,585,0
2022-06-01 11:06:00,585,585,585,585,0
2022-06-01 11:07:00,585,585,585,585,0
2022-06-01 11:08:00,585,585,585,585,0
2022-06-01 11:09:00,585,585,585,585,0
2022-06-01 11:10:00,585,585,585,585,0
2022-06-01 11:11:00,585,585,585,585,0
2022-06-01 11:12:00,585,585,585,585,0
2022-06-01 11:13:00,585,585,585,585,0
2022-06-01 11:14:00,585,585,585,585,0
2022-06-01 11:15:00,585,585,585,585,0
2022-06-01 11:16:00,585,585,585,585,0
2022-06-01 11:17:00,585,585,585,585,0
2022-06-01 11:18:00,585,585,585,585,0
2022-06-01 11:19:00,585,585,585,585,0
2022-06-01 11:20:00,585,585,585,585,0
2022-06-01 11:21:00,585,585,585,585,0
2022-06-01 11:22:00,585,585,585,585,0
2022-06-01 11:23:00,585,585,585,585,0
2022-06-01 11:24:00,585,585,585,585,0
2022-06-01 11:25:00,585,585,585,585,0
2022-06-01 11:26:00,585,585,585,585,0
2022-06-01 11:27:00,585,585,585,585,0
2022-06-01 11:28:00,585,585,585,585,0
2022-06-01 11:29:00,585,585,585,585,0
2022-06-01 11:30:00,585,585,585,585,0
2022-06-01 11:31:00,585,585,585,585,0
2022-06-01 11:32:00,585,585,585,585,0
2022-06-01 11:33:00,585,585,585,585,0
2022-06-01 11:34:00,585,585,585,585,0
2022-06-01 11:35:00,585,585,585,585,0
2022-06-01 11:36:00,585,585,585,585,0
2022-06-01 11:37:00,585,585,585,585,0
2022-06-01 11:38:00,585,585,585,585,0
2022-06-01 11:39:00,585,585,585,585,0
2022-06-01 11:40:00,585,585,585,585,0
2022-06-01 11:41:00,585,585,585,585,0
2022-06-01 11:42:00,585,585,585,585,0
2022-06-01 11:43:00,585,585,585,585,0
2022-06-01 11:44:00,585,585,585,585,0
2022-06-01 11:45:00,585,585,585,585,0
2022-06-01 11:46:00,585,585,585,585,0
2022-06-01 11:47:00,585,585,585,585,0
2022-06-01 11:48:00,585,585,585,585,0
2022-06-01 11:49:00,585,585,585,585,0
2022-06-01 11:50:00,585,585,585,585,0
2022-06-01 11:51:00,585,585,585,585,0
2022-06-01 11:52:00,585,585,585,585,0
2022-06-01 11:53:00,585,585,585,585,0
2022-06-01 11:54:00,585,585,585,585,0
2022-06-01 11:55:00,585,585,585,585,0
2022-06-01 11:56:00,585,585,585,585,0
2022-06-01 11:57:00,585,585,585,585,0
2022-06-01 11:58:00,585,585,585,585,0
2022-06-01 11:59:00,585,585,585,585,0
2022-06-01 12:00:00,585,585,585,585,0
2022-06-01 12:01:00,585,585,585,585,0
2022-06-01 12:02:00,585,585,585,585,0
2022-06-01 12:03:00,585,585,585,585,0
2022-06-01 12:04:00,585,585,585,585,0
2022-06-01 12:05:00,585,585,585,585,0
2022-06-01 12:06:00,585,585,585,585,0
2022-06-01 12:07:00,585,585,585,585,0
2022-06-01 12:08:00,585,585,585,585,0
2022-06-01 12:09:00,585,585,585,585,0
2022-06-01 12:10:00,585,585,585,585,0
2022-06-01 12:11:00,585,585,585,585,0
2022-06-01 12:12:00,585,585,585,585,0
2022-06-01 12:13:00,585,585,585,585,0
2022-06-01 12:14:00,585,585,585,585,0
2022-06-01 12:15:00,585,585,585,585,0
2022-06-01 12:16:00,585,585,585,585,0
2022-06-01 12:17:00,585,585,585,585,0
2022-06-01 12:18:00,585,585,585,585,0
2022-06-01 12:19:00,585,585,585,585,0
2022-06-01 12:20:00,585,585,585,585,0
2022-06-01 12:21:00,585,585,585,585,0
2022-06-01 12:22:00,585,585,585,585,0
2022-06-01 12:23:00,585,585,585,585,0
2022-06-01 12:24:00,585,585,585,585,0
2022-06-01 12:25:00,585,585,585,585,0
2022-06-01 12:26:00,585,585,585,585,0
2022-06-01 12:27:00,585,585,585,585,0
2022-06-01 12:28:00,585,585,585,585,0
2022-06-01 12:29:00,585,585,585,585,0
2022-06-01 12:30:00,585,585,585,585,0
2022-06-01 12:31:00,585,585,585,585,0
2022-06-01 12:32:00,585,585,585,585,0
2022-06-01 12:33:00,585,585,585,585,0
2022-06-01 12:34:00,585,585,585,585,0
2022-06-01 12:35:00,585,585,585,585,0
2022-06-01 12:36:00,585,585,585,585,0
2022-06-01 12:37:00,585,585,585,585,0
2022-06-01 12:38:00,585,585,585,585,0
2022-06-01 12:39:00,585,585,585,585,0
2022-06-01 12:40:00,585,585,585,585,0
2022-06-01 12:41:00,585,585,585,585,0
2022-06-01 12:42:00,585,585,585,585,0
2022-06-01 12:43:00,585,585,585,585,0
2022-06-01 12:44:00,585,585,585,585,0
2022-06-01 12:45:00,585,585,585,585,0
2022-06-01 12:46:00,585,585,585,585,0
2022-06-01 12:47:00,585,585,585,585,0
2022-06-01 12:48:00,585,585,585,585,0
2022-06-01 12:49:00,585,585,585,585,0
2022-06-01 12:50:00,585,585,585,585,0
2022-06-01 12:51:00,585,585,585,585,0
2022-06-01 12:52:00,585,585,585,585,0
2022-06-01 12:53:00,585,585,585,585,0
2022-06-01 12:54:00,585,585,585,585,0
2022-06-01 12:55:00,585,585,585,585,0
2022-06-01 12:56:00,585,585,585,585,0
2022-06-01 12:57:00,585,585,585,585,0
2022-06-01 12:58:00,585,585,585,585,0
2022-06-01 12:59:00,585,585,585,585,0
2022-06-01 13:00:00,585,585,585,585,0
2022-06-01 13:01:00,585,585,585,585,0
2022-06-01 13:02:00,585,585,585,585,0
2022-06-01 13:03:00,585,585,585,585,0
2022-06-01 13:04:00,585,585,585,585,0
2022-06-01 13:05:00,585,585,585,585,0
2022-06-01 13:06:00,585,585,585,585,0
2022-06-01 13:07:00,585,585,585,585,0
2022-06-01 13:08:00,585,585,585,585,0
2022-06-01 13:09:00,585,585,585,585,0
2022-06-01 13:10:00,585,585,585,585,0
2022-06-01 13:11:00,585,585,585,585,0
2022-06-01 13:12:00,585,585,585,585,0
2022-06-01 13:13:00,585,585,585,585,0
2022-06-01 13:14:00,585,585,585,585,0
2022-06-01 13:15:00,585,585,585,585,0
2022-06-01 13:16:00,585,585,585,585,0
2022-06-01 13:17:00,585,585,585,585,0
2022-06-01 13:18:00,585,585,585,585,0
2022-06-01 13:19:00,585,585,585,585,0
2022-06-01 13:20:00,585,585,585,585,0
2022-06-01 13:21:00,585,585,585,585,0
2022-06-01 13:22:00,585,585,585,585,0
2022-06-01 13:23:00,585,585,585,585,0
2022-06-01 13:24:00,585,585,585,585,0
2022-06-01 13:25:00,585,585,585,585,0
2022-06-01 13:26:00,585,585,585,585,0
2022-06-01 13:27:00,585,585,585,585,0
2022-06-01 13:28:00,585,585,585,585,0
2022-06-01 13:29:00,585,585,585,585,0
2022-06-01 13:30:00,585,585,585,585,0
2022-06-01 13:31:00,585,585,585,585,0
2022-06-01 13:32:00,585,585,585,585,0
2022-06-01 13:33:00,585,585,585,585,0
2022-06-01 13:34:00,585,585,585,585,0
2022-06-01 13:35:00,585,585,585,585,0
2022-06-01 13:36:00,585,585,585,585,0
2022-06-01 13:37:00,585,585,585,585,0
2022-06-01 13:38:00,585,585,585,585,0
2022-06-01 13:39:00,585,585,585,585,0
2022-06-01 13:40:00,585,585,585,585,0
2022-06-01 13:41:00,585,585,585,585,0
2022-06-01 13:42:00,585,585,585,585,0
2022-06-01 13:43:00,585,585,585,585,0
2022-06-01 13:44:00,585,585,585,585,0
2022-06-01 13:45:00,585,585,585,585,0
2022-06-01 13:46:00,585,585,585,585,0
2022-06-01 13:47:00,585,585,585,585,0
2022-06-01 13:48:00,585,585,585,585,0
2022-06-01 13:49:00,585,585,585,585,0
2022-06-01 13:50:00,585,585,585,585,0
2022-06-01 13:51:00,585,585,585,585,0
2022-06-01 13:52:00,585,585,585,585,0
2022-06-01 13:53:00,585,585,585,585,0
2022-06-01 13:54:00,585,585,585,585,0
2022-06-01 13:55:00,585,585,585,585,0
2022-06-01 13:56:00,585,585,585,585,0
2022-06-01 13:57:00,585,585,585,585,0
2022-06-01 13:58:00,585,585,585,585,0
2022-06-01 13:59:00,585,585,585,585,0
2022-06-01 14:00:00,585,585,585,585,0
2022-06-01 14:01:00,585,585,585,585,0
2022-06-01 14:02:00,585,585,585,585,0
2022-06-01 14:03:00,585,585,585,585,0
2022-06-01 14:04:00,585,585,585,585,0
2022-06-01 14:05:00,585,585,585,585,0
2022-06-01 14:06:00,585,585,585,585,0
2022-06-01 14:07:00,585,585,585,585,0
2022-06-01 14:08:00,585,585,585,585,0
2022-06-01 14:09:00,585,585,585,585,0
2022-06-01 14:10:00,585,585,585,585,0
2022-06-01 14:11:00,585,585,585,585,0
2022-06-01 14:12:00,585,585,585,585,0
2022-06-01 14:13:00,585,585,585,585,0
2022-06-01 14:14:00,585,585,585,585,0
2022-06-01 14:15:00,585,585,585,585,0
2022-06-01 14:16:00,585,585,585,585,0
2022-06-01 14:17:00,585,585,585,585,0
2022-06-01 14:18:00,585,585,585,585,0
2022-06-01 14:19:00,585,585,585,585,0
2022-06-01 14:20:00,585,585,585,585,0
2022-06-01 14:21:00,585,585,585,585,0
2022-06-01 14:22:00,585,585,585,585,0
2022-06-01 14:23:00,585,585,585,585,0
2022-06-01 14:24:00,585,585,585,585,0
2022-06-01 14:25:00,585,585,585,585,0
2022-06-01 14:26:00,585,585,585,585,0
2022-06-01 14:27:00,585,585,585,585,0
2022-06-01 14:28:00,585,585,585,585,0
2022-06-01 14:29:00,585,585,585,585,0
2022-06-01 14:30:00,585,585,585,585,0
2022-06-01 14:31:00,585,585,585,585,0
2022-06-01 14:32:00,585,585,585,585,0
2022-06-01 14:33:00,585,585,585,585,0
2022-06-01 14:34:00,585,585,585,585,0
2022-06-01 14:35:00,585,585,585,585,0
2022-06-01 14:36:00,585,585,585,585,0
2022-06-01 14:37:00,585,585,585,585,0
2022-06-01 14:38:00,585,585,585,585,0
2022-06-01 14:39:00,585,585,585,585,0
2022-06-01 14:40:00,585,585,585,585,0
2022-06-01 14:41:00,585,585,585,585,0
2022-06-01 14:42:00,585,585,585,585,0
2022-06-01 14:43:00,585,585,585,585,0
2022-06-01 14:44:00,585,585,585,585,0
2022-06-01 14:45:00,585,585,585,585,0
2022-06-01 14:46:00,585,585,585,585,0
2022-06-01 14:47:00,585,585,585,585,0
2022-06-01 14:48:00,585,585,585,585,0
2022-06-01 14:49:00,585,585,585,585,0
2022-06-01 14:50:00,585,585,585,585,0
2022-06-01 14:51:00,585,585,585,585,0
2022-06-01 14:52:00,585,585,585,585,0
2022-06-01 14:53:00,585,585,585,585,0
2022-06-01 14:54:00,585,585,585,585,0
2022-06-01 14:55:00,585,585,585,585,0
2022-06-01 14:56:00,585,585,585,585,0
2022-06-01 14:57:00,585,585,585,585,0
2022-06-01 14:58:00,585,585,585,585,0
2022-06-01 14:59:00,585,585,585,585,0
2022-06-01 15:00:00,585,585,585,585,0
2022-06-01 15:01:00,585,585,585,585,0
2022-06-01 15:02:00,585,585,585,585,0
2022-06-01 15:03:00,585,585,585,585,0
2022-06-01 15:04:00,585,585,585,585,0
2022-06-01 15:05:00,585,585,585,585,0
2022-06-01 15:06:00,585,585,585,585,0
2022-06-01 15:07:00,585,585,585,585,0
2022-06-01 15:08:00,585,585,585,585,0
2022-06-01 15:09:00,585,585,585,585,0
2022-06-01 15:10:00,585,585,585,585,0
2022-06-01 15:11:00,585,585,585,585,0
2022-06-01 15:12:00,585,585,585,585,0
2022-06-01 15:13:00,585,585,585,585,0
2022-06-01 15:14:00,585,585,585,585,0
2022-06-01 15:15:00,585,585,585,585,0
2022-06-01 15:16:00,585,585,585,585,0
2022-06-01 15:17:00,585,585,585,585,0
2022-06-01 15:18:00,585,585,585,585,0
2022-06-01 15:19:00,585,585,585,585,0
2022-06-01 15:20:00,585,585,585,585,0
2022-06-01 15:21:00,585,585,585,585,0
2022-06-01 15:22:00,585,585,585,585,0
2022-06-01 15:23:00,585,585,585,585,0
2022-06-01 15:24:00,585,585,585,585,0
2022-06-01 15:25:00,585,585,585,585,0
2022-06-01 15:26:00,585,585,585,585,0
2022-06-01 15:27:00,585,585,585,585,0
2022-06-01 15:28:00,585,585,585,585,0
2022-06-01 15:29:00,585,585,585,585,0
2022-06-01 15:30:00,585,585,585,585,0
2022-06-01 15:31:00,585,585,585,585,0
2022-06-01 15:32:00,585,585,585,585,0
2022-06-01 15:33:00,585,585,585,585,0
2022-06-01 15:34:00,585,585,585,585,0
2022-06-01 15:35:00,585,585,585,585,0
2022-06-01 15:36:00,585,585,585,585,0
2022-06-01 15:37:00,585,585,585,585,0
2022-06-01 15:38:00,585,585,585,585,0
2022-06-01 15:39:00,585,585,585,585,0
2022-06-01 15:40:00,585,585,585,585,0
2022-06-01 15:41:00,585,585,585,585,0
2022-06-01 15:42:00,585,585,585,585,0
2022-06-01 15:43:00,585,585,585,585,0
2022-06-01 15:44:00,585,585,585,585,0
2022-06-01 15:45:00,585,585,585,585,0
2022-06-01 15:46:00,585,585,585,585,0
2022-06-01 15:47:00,585,585,585,585,0
2022-06-01 15:48:00,585,585,585,585,0
2022-06-01 15:49:00,585,585,585,585,0
2022-06-01 15:50:00,585,585,585,585,0
2022-06-01 15:51:00,585,585,585,585,0
2022-06-01 15:52:00,585,585,585,585,0
2022-06-01 15:53:00,585,585,585,585,0
2022-06-01 15:54:00,585,585,585,585,0
2022-06-01 15:55:00,585,585,585,585,0
2022-06-01 15:56:00,585,585,585,585,0
2022-06-01 15:57:00,585,585,585,585,0
2022-06-01 15:58:00,585,585,585,585,0
2022-06-01 15:59:00,585,585,585,585,0
2022-06-02 09:00:00,580,580,580,580,100
2022-06-02 09:01:00,585,585,585,585,600
2022-06-02 09:02:00,585,585,585,585,0
2022-06-02 09:03:00,585,585,585,585,0
2022-06-02 09:04:00,585,580,590,590,32200
2022-06-02 09:05:00,585,580,590,590,0
2022-06-02 09:06:00,585,580,590,590,0
2022-06-02 09:07:00,585,580,590,590,0
2022-06-02 09:08:00,585,580,590,590,0
2022-06-02 09:09:00,585,580,590,590,0
2022-06-02 09:10:00,585,580,590,590,0
2022-06-02 09:11:00,585,585,585,585,700
2022-06-02 09:12:00,580,580,590,590,1100
2022-06-02 09:13:00,585,585,590,590,800
2022-06-02 09:14:00,590,590,590,590,200
2022-06-02 09:15:00,590,590,590,590,0
2022-06-02 09:16:00,590,590,590,590,0
2022-06-02 09:17:00,590,590,590,590,800
2022-06-02 09:18:00,590,590,590,590,0
2022-06-02 09:19:00,590,590,590,590,0
2022-06-02 09:20:00,590,590,590,590,0
2022-06-02 09:21:00,590,590,590,590,500
2022-06-02 09:22:00,585,585,585,585,600
2022-06-02 09:23:00,585,585,585,585,0
2022-06-02 09:24:00,585,585,585,585,0
2022-06-02 09:25:00,585,585,585,585,0
2022-06-02 09:26:00,585,585,585,585,0
2022-06-02 09:27:00,585,585,585,585,0
2022-06-02 09:28:00,585,585,585,585,0
2022-06-02 09:29:00,585,585,585,585,0
2022-06-02 09:30:00,585,585,585,585,0
2022-06-02 09:31:00,585,585,585,585,0
2022-06-02 09:32:00,585,585,585,585,0
2022-06-02 09:33:00,585,585,585,585,500
2022-06-02 09:34:00,585,585,585,585,0
2022-06-02 09:35:00,585,585,585,585,0
2022-06-02 09:36:00,585,585,585,585,0
2022-06-02 09:37:00,585,585,585,585,0
2022-06-02 09:38:00,585,585,585,585,0
2022-06-02 09:39:00,585,585,585,585,0
2022-06-02 09:40:00,585,585,585,585,0
2022-06-02 09:41:00,585,585,585,585,0
2022-06-02 09:42:00,585,585,585,585,0
2022-06-02 09:43:00,585,585,585,585,0
2022-06-02 09:44:00,585,585,585,585,0
2022-06-02 09:45:00,580,580,580,580,2300
2022-06-02 09:46:00,580,580,580,580,0
2022-06-02 09:47:00,585,585,585,585,500
2022-06-02 09:48:00,585,585,585,585,0
2022-06-02 09:49:00,585,585,585,585,0
2022-06-02 09:50:00,585,585,585,585,0
2022-06-02 09:51:00,585,585,585,585,0
2022-06-02 09:52:00,585,585,585,585,0
2022-06-02 09:53:00,585,585,585,585,0
2022-06-02 09:54:00,585,585,585,585,0
2022-06-02 09:55:00,585,585,585,585,0
2022-06-02 09:56:00,585,585,585,585,0
2022-06-02 09:57:00,585,585,585,585,0
2022-06-02 09:58:00,585,585,585,585,6800
2022-06-02 09:59:00,585,585,585,585,0
2022-06-02 10:00:00,585,585,585,585,0
2022-06-02 10:01:00,585,585,585,585,0
2022-06-02 10:02:00,585,585,585,585,0
2022-06-02 10:03:00,585,585,585,585,0
2022-06-02 10:04:00,585,585,585,585,0
2022-06-02 10:05:00,585,585,585,585,0
2022-06-02 10:06:00,585,585,585,585,0
2022-06-02 10:07:00,585,585,585,585,0
2022-06-02 10:08:00,585,585,585,585,0
2022-06-02 10:09:00,585,585,585,585,0
2022-06-02 10:10:00,585,585,585,585,0
2022-06-02 10:11:00,585,585,585,585,0
2022-06-02 10:12:00,585,585,585,585,0
2022-06-02 10:13:00,585,585,585,585,0
2022-06-02 10:14:00,585,585,585,585,0
2022-06-02 10:15:00,585,585,585,585,0
2022-06-02 10:16:00,585,585,585,585,0
2022-06-02 10:17:00,585,585,585,585,0
2022-06-02 10:18:00,585,585,585,585,0
2022-06-02 10:19:00,585,585,585,585,0
2022-06-02 10:20:00,580,580,580,580,700
2022-06-02 10:21:00,580,580,580,580,0
2022-06-02 10:22:00,580,580,580,580,0
2022-06-02 10:23:00,580,580,580,580,300
2022-06-02 10:24:00,580,580,585,585,85000
2022-06-02 10:25:00,580,580,585,585,0
2022-06-02 10:26:00,580,580,585,585,0
2022-06-02 10:27:00,580,580,585,585,0
2022-06-02 10:28:00,580,580,585,585,0
2022-06-02 10:29:00,580,580,585,585,0
2022-06-02 10:30:00,580,580,585,585,0
2022-06-02 10:31:00,580,580,585,585,0
2022-06-02 10:32:00,580,580,585,585,0
2022-06-02 10:33:00,580,580,585,585,0
2022-06-02 10:34:00,580,580,585,585,0
2022-06-02 10:35:00,580,580,585,585,0
2022-06-02 10:36:00,580,580,585,585,0
2022-06-02 10:37:00,580,580,585,585,0
2022-06-02 10:38:00,580,580,585,585,0
2022-06-02 10:39:00,580,580,585,585,0
2022-06-02 10:40:00,580,580,585,585,0
2022-06-02 10:41:00,580,580,585,585,0
2022-06-02 10:42:00,580,580,585,585,0
2022-06-02 10:43:00,580,580,585,585,0
2022-06-02 10:44:00,580,580,585,585,0
2022-06-02 10:45:00,580,580,585,585,0
2022-06-02 10:46:00,580,580,585,585,0
2022-06-02 10:47:00,580,580,585,585,0
2022-06-02 10:48:00,580,580,585,585,0
2022-06-02 10:49:00,580,580,585,585,0
2022-06-02 10:50:00,580,580,585,585,0
2022-06-02 10:51:00,580,580,585,585,0
2022-06-02 10:52:00,580,580,585,585,0
2022-06-02 10:53:00,580,580,585,585,0
2022-06-02 10:54:00,580,580,585,585,0
2022-06-02 10:55:00,580,580,585,585,0
2022-06-02 10:56:00,580,580,585,585,0
2022-06-02 10:57:00,580,580,585,585,0
2022-06-02 10:58:00,580,580,585,585,2300
2022-06-02 10:59:00,585,585,585,585,300
2022-06-02 11:00:00,585,585,585,585,0
2022-06-02 11:01:00,585,585,585,585,0
2022-06-02 11:02:00,585,585,585,585,0
2022-06-02 11:03:00,585,585,585,585,0
2022-06-02 11:04:00,585,585,585,585,0
2022-06-02 11:05:00,580,580,580,580,2700
2022-06-02 11:06:00,580,580,580,580,0
2022-06-02 11:07:00,580,580,580,580,300
2022-06-02 11:08:00,580,580,580,580,0
2022-06-02 11:09:00,580,580,580,580,0
2022-06-02 11:10:00,580,580,580,580,0
2022-06-02 11:11:00,580,580,580,580,0
2022-06-02 11:12:00,580,580,580,580,0
2022-06-02 11:13:00,580,580,580,580,0
2022-06-02 11:14:00,580,580,580,580,0
2022-06-02 11:15:00,580,580,580,580,0
2022-06-02 11:16:00,580,580,580,580,0
2022-06-02 11:17:00,580,580,580,580,0
2022-06-02 11:18:00,580,580,580,580,1200
2022-06-02 11:19:00,580,580,580,580,0
2022-06-02 11:20:00,580,580,580,580,0
2022-06-02 11:21:00,580,580,580,580,0
2022-06-02 11:22:00,580,580,580,580,0
2022-06-02 11:23:00,580,580,580,580,0
2022-06-02 11:24:00,580,580,580,580,0
2022-06-02 11:25:00,580,580,580,580,0
2022-06-02 11:26:00,580,580,580,580,0
2022-06-02 11:27:00,580,580,580,580,100
2022-06-02 11:28:00,580,580,580,580,0
2022-06-02 11:29:00,580,580,580,580,0
2022-06-02 11:30:00,580,580,580,580,0
2022-06-02 11:31:00,580,580,580,580,0
2022-06-02 11:32:00,580,580,580,580,0
2022-06-02 11:33:00,580,580,580,580,0
2022-06-02 11:34:00,580,580,580,580,0
2022-06-02 11:35:00,580,580,580,580,0
2022-06-02 11:36:00,580,580,580,580,0
2022-06-02 11:37:00,580,580,580,580,0
2022-06-02 11:38:00,580,580,580,580,0
2022-06-02 11:39:00,580,580,580,580,0
2022-06-02 11:40:00,580,580,580,580,0
2022-06-02 11:41:00,580,580,580,580,0
2022-06-02 11:42:00,580,580,580,580,0
2022-06-02 11:43:00,580,580,580,580,0
2022-06-02 11:44:00,580,580,580,580,0
2022-06-02 11:45:00,580,580,580,580,0
2022-06-02 11:46:00,580,580,580,580,0
2022-06-02 11:47:00,580,580,580,580,0
2022-06-02 11:48:00,580,580,580,580,0
2022-06-02 11:49:00,580,580,580,580,0
2022-06-02 11:50:00,580,580,580,580,0
2022-06-02 11:51:00,580,580,580,580,0
2022-06-02 11:52:00,580,580,580,580,0
2022-06-02 11:53:00,580,580,580,580,0
2022-06-02 11:54:00,580,580,580,580,0
2022-06-02 11:55:00,580,580,580,580,0
2022-06-02 11:56:00,580,580,580,580,0
2022-06-02 11:57:00,580,580,580,580,0
2022-06-02 11:58:00,580,580,580,580,0
2022-06-02 11:59:00,580,580,580,580,0
2022-06-02 12:00:00,580,580,580,580,0
2022-06-02 12:01:00,580,580,580,580,0
2022-06-02 12:02:00,580,580,580,580,0
2022-06-02 12:03:00,580,580,580,580,0
2022-06-02 12:04:00,580,580,580,580,0
2022-06-02 12:05:00,580,580,580,580,0
2022-06-02 12:06:00,580,580,580,580,0
2022-06-02 12:07:00,580,580,580,580,0
2022-06-02 12:08:00,580,580,580,580,0
2022-06-02 12:09:00,580,580,580,580,0
2022-06-02 12:10:00,580,580,580,580,0
2022-06-02 12:11:00,580,580,580,580,0
2022-06-02 12:12:00,580,580,580,580,0
2022-06-02 12:13:00,580,580,580,580,0
2022-06-02 12:14:00,580,580,580,580,0
2022-06-02 12:15:00,580,580,580,580,0
2022-06-02 12:16:00,580,580,580,580,0
2022-06-02 12:17:00,580,580,580,580,0
2022-06-02 12:18:00,580,580,580,580,0
2022-06-02 12:19:00,580,580,580,580,0
2022-06-02 12:20:00,580,580,580,580,0
2022-06-02 12:21:00,580,580,580,580,0
2022-06-02 12:22:00,580,580,580,580,0
2022-06-02 12:23:00,580,580,580,580,0
2022-06-02 12:24:00,580,580,580,580,0
2022-06-02 12:25:00,580,580,580,580,0
2022-06-02 12:26:00,580,580,580,580,0
2022-06-02 12:27:00,580,580,580,580,0
2022-06-02 12:28:00,580,580,580,580,0
2022-06-02 12:29:00,580,580,580,580,0
2022-06-02 12:30:00,580,580,580,580,0
2022-06-02 12:31:00,580,580,580,580,0
2022-06-02 12:32:00,580,580,580,580,0
2022-06-02 12:33:00,580,580,580,580,0
2022-06-02 12:34:00,580,580,580,580,0
2022-06-02 12:35:00,580,580,580,580,0
2022-06-02 12:36:00,580,580,580,580,0
2022-06-02 12:37:00,580,580,580,580,0
2022-06-02 12:38:00,580,580,580,580,0
2022-06-02 12:39:00,580,580,580,580,0
2022-06-02 12:40:00,580,580,580,580,0
2022-06-02 12:41:00,580,580,580,580,0
2022-06-02 12:42:00,580,580,580,580,0
2022-06-02 12:43:00,580,580,580,580,0
2022-06-02 12:44:00,580,580,580,580,0
2022-06-02 12:45:00,580,580,580,580,0
2022-06-02 12:46:00,580,580,580,580,0
2022-06-02 12:47:00,580,580,580,580,0
2022-06-02 12:48:00,580,580,580,580,0
2022-06-02 12:49:00,580,580,580,580,0
2022-06-02 12:50:00,580,580,580,580,0
2022-06-02 12:51:00,580,580,580,580,0
2022-06-02 12:52:00,580,580,580,580,0
2022-06-02 12:53:00,580,580,580,580,0
2022-06-02 12:54:00,580,580,580,580,0
2022-06-02 12:55:00,580,580,580,580,0
2022-06-02 12:56:00,580,580,580,580,0
2022-06-02 12:57:00,580,580,580,580,0
2022-06-02 12:58:00,580,580,580,580,0
2022-06-02 12:59:00,580,580,580,580,0
2022-06-02 13:00:00,580,580,580,580,0
2022-06-02 13:01:00,580,580,580,580,0
2022-06-02 13:02:00,580,580,580,580,0
2022-06-02 13:03:00,580,580,580,580,0
2022-06-02 13:04:00,580,580,580,580,0
2022-06-02 13:05:00,580,580,580,580,0
2022-06-02 13:06:00,580,580,580,580,0
2022-06-02 13:07:00,580,580,580,580,0
2022-06-02 13:08:00,580,580,580,580,0
2022-06-02 13:09:00,580,580,580,580,0
2022-06-02 13:10:00,580,580,580,580,0
2022-06-02 13:11:00,580,580,580,580,0
2022-06-02 13:12:00,580,580,580,580,0
2022-06-02 13:13:00,580,580,580,580,0
2022-06-02 13:14:00,580,580,580,580,0
2022-06-02 13:15:00,580,580,580,580,0
2022-06-02 13:16:00,580,580,580,580,0
2022-06-02 13:17:00,580,580,580,580,0
2022-06-02 13:18:00,580,580,580,580,0
2022-06-02 13:19:00,580,580,580,580,0
2022-06-02 13:20:00,580,580,580,580,0
2022-06-02 13:21:00,580,580,580,580,0
2022-06-02 13:22:00,580,580,580,580,0
2022-06-02 13:23:00,580,580,580,580,0
2022-06-02 13:24:00,580,580,580,580,0
2022-06-02 13:25:00,580,580,580,580,0
2022-06-02 13:26:00,580,580,580,580,0
2022-06-02 13:27:00,580,580,580,580,0
2022-06-02 13:28:00,580,580,580,580,0
2022-06-02 13:29:00,580,580,580,580,0
2022-06-02 13:30:00,575,575,575,575,2500
2022-06-02 13:31:00,575,575,575,575,0
2022-06-02 13:32:00,580,580,580,580,300
2022-06-02 13:33:00,580,580,580,580,0
2022-06-02 13:34:00,580,580,580,580,0
2022-06-02 13:35:00,580,580,580,580,0
2022-06-02 13:36:00,580,580,580,580,0
2022-06-02 13:37:00,580,580,580,580,0
2022-06-02 13:38:00,580,580,580,580,0
2022-06-02 13:39:00,580,580,580,580,3000
2022-06-02 13:40:00,580,580,585,585,70000
2022-06-02 13:41:00,580,580,585,585,0
2022-06-02 13:42:00,580,580,585,585,0
2022-06-02 13:43:00,585,585,585,585,200
2022-06-02 13:44:00,585,585,585,585,0
2022-06-02 13:45:00,585,585,585,585,900
2022-06-02 13:46:00,585,585,585,585,0
2022-06-02 13:47:00,585,585,585,585,0
2022-06-02 13:48:00,585,585,585,585,0
2022-06-02 13:49:00,585,585,585,585,0
2022-06-02 13:50:00,585,585,585,585,0
2022-06-02 13:51:00,585,585,585,585,0
2022-06-02 13:52:00,585,585,585,585,0
2022-06-02 13:53:00,580,580,585,585,1000
2022-06-02 13:54:00,580,580,585,585,0
2022-06-02 13:55:00,580,580,585,585,0
2022-06-02 13:56:00,580,580,585,585,0
2022-06-02 13:57:00,580,580,580,580,1200
2022-06-02 13:58:00,585,585,585,585,200
2022-06-02 13:59:00,585,585,585,585,0
2022-06-02 14:00:00,585,585,585,585,0
2022-06-02 14:01:00,585,585,585,585,0
2022-06-02 14:02:00,585,585,585,585,0
2022-06-02 14:03:00,585,585,585,585,0
2022-06-02 14:04:00,585,585,585,585,0
2022-06-02 14:05:00,585,585,585,585,0
2022-06-02 14:06:00,585,585,585,585,0
2022-06-02 14:07:00,585,585,585,585,0
2022-06-02 14:08:00,585,585,585,585,0
2022-06-02 14:09:00,585,585,585,585,0
2022-06-02 14:10:00,585,585,585,585,0
2022-06-02 14:11:00,585,585,585,585,0
2022-06-02 14:12:00,585,585,585,585,0
2022-06-02 14:13:00,585,585,585,585,0
2022-06-02 14:14:00,585,585,585,585,0
2022-06-02 14:15:00,585,580,585,580,1600
2022-06-02 14:16:00,585,585,585,585,400
2022-06-02 14:17:00,585,585,585,585,0
2022-06-02 14:18:00,585,585,585,585,0
2022-06-02 14:19:00,585,585,585,585,0
2022-06-02 14:20:00,585,585,585,585,2000
2022-06-02 14:21:00,585,585,585,585,0
2022-06-02 14:22:00,585,585,585,585,0
2022-06-02 14:23:00,585,585,585,585,0
2022-06-02 14:24:00,585,585,585,585,0
2022-06-02 14:25:00,585,585,585,585,0
2022-06-02 14:26:00,585,585,585,585,0
2022-06-02 14:27:00,585,585,585,585,0
2022-06-02 14:28:00,585,585,585,585,0
2022-06-02 14:29:00,585,585,585,585,0
2022-06-02 14:30:00,585,585,585,585,0
2022-06-02 14:31:00,585,585,585,585,0
2022-06-02 14:32:00,585,585,585,585,0
2022-06-02 14:33:00,585,585,585,585,0
2022-06-02 14:34:00,585,585,585,585,0
2022-06-02 14:35:00,580,580,580,580,2900
2022-06-02 14:36:00,580,580,585,585,400
2022-06-02 14:37:00,580,580,585,585,0
2022-06-02 14:38:00,580,580,585,585,0
2022-06-02 14:39:00,580,580,585,585,0
2022-06-02 14:40:00,580,580,585,585,0
2022-06-02 14:41:00,580,580,585,585,0
2022-06-02 14:42:00,580,580,585,585,0
2022-06-02 14:43:00,580,580,585,585,0
2022-06-02 14:44:00,580,580,585,585,0
2022-06-02 14:45:00,580,580,585,585,0
2022-06-02 14:46:00,585,585,585,585,200
2022-06-02 14:47:00,585,585,585,585,0
2022-06-02 14:48:00,585,585,585,585,300
2022-06-02 14:49:00,585,585,585,585,200
2022-06-02 14:50:00,585,585,585,585,0
2022-06-02 14:51:00,585,585,585,585,0
2022-06-02 14:52:00,585,585,585,585,0
2022-06-02 14:53:00,585,585,585,585,0
2022-06-02 14:54:00,585,585,585,585,0
2022-06-02 14:55:00,585,585,585,585,0
2022-06-02 14:56:00,585,585,585,585,0
2022-06-02 14:57:00,585,585,585,585,0
2022-06-02 14:58:00,585,585,585,585,0
2022-06-02 14:59:00,585,585,585,585,0
2022-06-02 15:00:00,585,585,585,585,100500
2022-06-02 15:01:00,585,585,585,585,0
2022-06-02 15:02:00,585,585,585,585,0
2022-06-02 15:03:00,585,585,585,585,0
2022-06-02 15:04:00,585,585,585,585,0
2022-06-02 15:05:00,585,585,585,585,0
2022-06-02 15:06:00,585,585,585,585,0
2022-06-02 15:07:00,585,585,585,585,0
2022-06-02 15:08:00,585,585,585,585,0
2022-06-02 15:09:00,585,585,585,585,0
2022-06-02 15:10:00,585,585,585,585,0
2022-06-02 15:11:00,585,585,585,585,0
2022-06-02 15:12:00,585,585,585,585,0
2022-06-02 15:13:00,585,585,585,585,0
2022-06-02 15:14:00,585,585,585,585,0
2022-06-02 15:15:00,585,585,585,585,0
2022-06-02 15:16:00,585,585,585,585,0
2022-06-02 15:17:00,585,585,585,585,0
2022-06-02 15:18:00,585,585,585,585,0
2022-06-02 15:19:00,585,585,585,585,0
2022-06-02 15:20:00,585,585,585,585,0
2022-06-02 15:21:00,585,585,585,585,0
2022-06-02 15:22:00,585,585,585,585,0
2022-06-02 15:23:00,585,585,585,585,0
2022-06-02 15:24:00,585,585,585,585,0
2022-06-02 15:25:00,585,585,585,585,0
2022-06-02 15:26:00,585,585,585,585,0
2022-06-02 15:27:00,585,585,585,585,0
2022-06-02 15:28:00,585,585,585,585,0
2022-06-02 15:29:00,585,585,585,585,0
2022-06-02 15:30:00,585,585,585,585,0
2022-06-02 15:31:00,585,585,585,585,0
2022-06-02 15:32:00,585,585,585,585,0
2022-06-02 15:33:00,585,585,585,585,0
2022-06-02 15:34:00,585,585,585,585,0
2022-06-02 15:35:00,585,585,585,585,0
2022-06-02 15:36:00,585,585,585,585,0
2022-06-02 15:37:00,585,585,585,585,0
2022-06-02 15:38:00,585,585,585,585,0
2022-06-02 15:39:00,585,585,585,585,0
2022-06-02 15:40:00,585,585,585,585,0
2022-06-02 15:41:00,585,585,585,585,0
2022-06-02 15:42:00,585,585,585,585,0
2022-06-02 15:43:00,585,585,585,585,0
2022-06-02 15:44:00,585,585,585,585,0
2022-06-02 15:45:00,585,585,585,585,0
2022-06-02 15:46:00,585,585,585,585,0
2022-06-02 15:47:00,585,585,585,585,0
2022-06-02 15:48:00,585,585,585,585,0
2022-06-02 15:49:00,585,585,585,585,0
2022-06-02 15:50:00,585,585,585,585,0
2022-06-02 15:51:00,585,585,585,585,0
2022-06-02 15:52:00,585,585,585,585,0
2022-06-02 15:53:00,585,585,585,585,0
2022-06-02 15:54:00,585,585,585,585,0
2022-06-02 15:55:00,585,585,585,585,0
2022-06-02 15:56:00,585,585,585,585,0
2022-06-02 15:57:00,585,585,585,585,0
2022-06-02 15:58:00,585,585,585,585,0
2022-06-02 15:59:00,585,585,585,585,0
2022-06-03 09:00:00,585,580,585,580,0
2022-06-03 09:01:00,585,585,585,585,300
2022-06-03 09:02:00,585,585,585,585,300
2022-06-03 09:03:00,585,585,585,585,0
2022-06-03 09:04:00,585,585,585,585,0
2022-06-03 09:05:00,585,585,585,585,0
2022-06-03 09:06:00,585,585,585,585,0
2022-06-03 09:07:00,585,585,585,585,0
2022-06-03 09:08:00,585,585,585,585,0
2022-06-03 09:09:00,585,585,585,585,0
2022-06-03 09:10:00,585,585,585,585,0
2022-06-03 09:11:00,585,585,585,585,0
2022-06-03 09:12:00,585,585,585,585,0
2022-06-03 09:13:00,585,585,585,585,100
2022-06-03 09:14:00,585,585,585,585,0
2022-06-03 09:15:00,585,585,585,585,0
2022-06-03 09:16:00,585,585,585,585,0
2022-06-03 09:17:00,585,585,585,585,0
2022-06-03 09:18:00,585,585,585,585,0
2022-06-03 09:19:00,585,585,585,585,0
2022-06-03 09:20:00,585,585,585,585,0
2022-06-03 09:21:00,585,585,585,585,0
2022-06-03 09:22:00,585,585,585,585,0
2022-06-03 09:23:00,585,585,585,585,0
2022-06-03 09:24:00,585,585,585,585,0
2022-06-03 09:25:00,585,585,585,585,0
2022-06-03 09:26:00,585,580,585,580,2200
2022-06-03 09:27:00,575,575,575,575,2000
2022-06-03 09:28:00,580,580,580,580,600
2022-06-03 09:29:00,580,580,585,585,1800
2022-06-03 09:30:00,585,585,585,585,200
2022-06-03 09:31:00,585,585,585,585,0
2022-06-03 09:32:00,585,585,585,585,0
2022-06-03 09:33:00,585,585,585,585,0
2022-06-03 09:34:00,585,585,585,585,0
2022-06-03 09:35:00,585,585,585,585,0
2022-06-03 09:36:00,585,585,585,585,0
2022-06-03 09:37:00,585,585,585,585,500
2022-06-03 09:38:00,585,585,585,585,0
2022-06-03 09:39:00,585,585,585,585,0
2022-06-03 09:40:00,585,585,585,585,0
2022-06-03 09:41:00,585,585,585,585,0
2022-06-03 09:42:00,585,585,585,585,0
2022-06-03 09:43:00,585,585,585,585,0
2022-06-03 09:44:00,585,585,585,585,0
2022-06-03 09:45:00,585,585,585,585,0
2022-06-03 09:46:00,585,585,585,585,0
2022-06-03 09:47:00,585,585,585,585,0
2022-06-03 09:48:00,585,585,585,585,0
2022-06-03 09:49:00,585,585,585,585,0
2022-06-03 09:50:00,585,585,585,585,0
2022-06-03 09:51:00,585,585,585,585,0
2022-06-03 09:52:00,585,585,585,585,0
2022-06-03 09:53:00,585,585,585,585,0
2022-06-03 09:54:00,585,585,585,585,0
2022-06-03 09:55:00,585,585,585,585,0
2022-06-03 09:56:00,585,585,585,585,0
2022-06-03 09:57:00,585,585,585,585,0
2022-06-03 09:58:00,585,585,585,585,0
2022-06-03 09:59:00,585,585,585,585,0
2022-06-03 10:00:00,585,585,585,585,0
2022-06-03 10:01:00,585,585,585,585,0
2022-06-03 10:02:00,585,585,585,585,0
2022-06-03 10:03:00,585,585,585,585,0
2022-06-03 10:04:00,585,585,585,585,0
2022-06-03 10:05:00,585,585,585,585,0
2022-06-03 10:06:00,585,585,585,585,0
2022-06-03 10:07:00,585,585,585,585,0
2022-06-03 10:08:00,585,585,585,585,0
2022-06-03 10:09:00,585,585,585,585,0
2022-06-03 10:10:00,585,585,585,585,0
2022-06-03 10:11:00,585,585,585,585,0
2022-06-03 10:12:00,585,585,585,585,0
2022-06-03 10:13:00,585,585,585,585,0
2022-06-03 10:14:00,585,585,585,585,0
2022-06-03 10:15:00,585,585,585,585,0
2022-06-03 10:16:00,585,585,585,585,0
2022-06-03 10:17:00,585,585,585,585,0
2022-06-03 10:18:00,585,585,585,585,0
2022-06-03 10:19:00,585,585,585,585,0
2022-06-03 10:20:00,585,585,585,585,0
2022-06-03 10:21:00,585,585,585,585,0
2022-06-03 10:22:00,585,585,585,585,0
2022-06-03 10:23:00,585,585,585,585,0
2022-06-03 10:24:00,585,585,585,585,0
2022-06-03 10:25:00,585,585,585,585,0
2022-06-03 10:26:00,585,585,585,585,0
2022-06-03 10:27:00,585,585,585,585,0
2022-06-03 10:28:00,585,585,585,585,0
2022-06-03 10:29:00,585,585,585,585,0
2022-06-03 10:30:00,585,585,585,585,0
2022-06-03 10:31:00,585,585,585,585,0
2022-06-03 10:32:00,585,585,585,585,0
2022-06-03 10:33:00,585,585,585,585,0
2022-06-03 10:34:00,585,585,585,585,0
2022-06-03 10:35:00,585,585,585,585,0
2022-06-03 10:36:00,585,585,585,585,0
2022-06-03 10:37:00,585,585,585,585,0
2022-06-03 10:38:00,585,585,585,585,0
2022-06-03 10:39:00,585,585,585,585,0
2022-06-03 10:40:00,585,585,585,585,0
2022-06-03 10:41:00,585,585,585,585,0
2022-06-03 10:42:00,585,585,585,585,0
2022-06-03 10:43:00,585,585,585,585,0
2022-06-03 10:44:00,585,585,585,585,0
2022-06-03 10:45:00,585,585,585,585,0
2022-06-03 10:46:00,585,585,585,585,0
2022-06-03 10:47:00,585,585,585,585,0
2022-06-03 10:48:00,585,585,585,585,0
2022-06-03 10:49:00,585,585,585,585,0
2022-06-03 10:50:00,585,585,585,585,0
2022-06-03 10:51:00,585,585,585,585,0
2022-06-03 10:52:00,585,585,585,585,0
2022-06-03 10:53:00,585,585,585,585,0
2022-06-03 10:54:00,585,585,585,585,0
2022-06-03 10:55:00,580,580,580,580,2500
2022-06-03 10:56:00,585,585,585,585,300
2022-06-03 10:57:00,585,585,585,585,0
2022-06-03 10:58:00,585,585,585,585,0
2022-06-03 10:59:00,585,585,585,585,0
2022-06-03 11:00:00,585,585,585,585,0
2022-06-03 11:01:00,585,585,585,585,0
2022-06-03 11:02:00,585,585,585,585,0
2022-06-03 11:03:00,585,585,585,585,0
2022-06-03 11:04:00,585,585,585,585,0
2022-06-03 11:05:00,585,585,585,585,0
2022-06-03 11:06:00,585,585,585,585,0
2022-06-03 11:07:00,585,585,585,585,0
2022-06-03 11:08:00,585,585,585,585,0
2022-06-03 11:09:00,585,585,585,585,0
2022-06-03 11:10:00,585,585,585,585,0
2022-06-03 11:11:00,585,585,585,585,0
2022-06-03 11:12:00,585,585,585,585,0
2022-06-03 11:13:00,585,585,585,585,0
2022-06-03 11:14:00,585,585,585,585,0
2022-06-03 11:15:00,585,585,585,585,0
2022-06-03 11:16:00,585,585,585,585,0
2022-06-03 11:17:00,585,585,585,585,0
2022-06-03 11:18:00,585,585,585,585,0
2022-06-03 11:19:00,585,585,585,585,0
2022-06-03 11:20:00,585,585,585,585,0
2022-06-03 11:21:00,585,585,585,585,0
2022-06-03 11:22:00,585,585,585,585,0
2022-06-03 11:23:00,585,585,585,585,0
2022-06-03 11:24:00,585,585,585,585,0
2022-06-03 11:25:00,585,585,585,585,0
2022-06-03 11:26:00,585,585,585,585,0
2022-06-03 11:27:00,585,585,585,585,0
2022-06-03 11:28:00,585,585,585,585,0
2022-06-03 11:29:00,585,585,585,585,0
2022-06-03 11:30:00,585,585,585,585,0
2022-06-03 11:31:00,585,585,585,585,0
2022-06-03 11:32:00,585,585,585,585,0
2022-06-03 11:33:00,585,585,585,585,0
2022-06-03 11:34:00,585,585,585,585,0
2022-06-03 11:35:00,585,585,585,585,0
2022-06-03 11:36:00,585,585,585,585,0
2022-06-03 11:37:00,585,585,585,585,0
2022-06-03 11:38:00,585,585,585,585,0
2022-06-03 11:39:00,585,585,585,585,0
2022-06-03 11:40:00,585,585,585,585,0
2022-06-03 11:41:00,585,585,585,585,0
2022-06-03 11:42:00,585,585,585,585,0
2022-06-03 11:43:00,585,585,585,585,0
2022-06-03 11:44:00,585,585,585,585,0
2022-06-03 11:45:00,585,585,585,585,0
2022-06-03 11:46:00,585,585,585,585,0
2022-06-03 11:47:00,585,585,585,585,0
2022-06-03 11:48:00,585,585,585,585,0
2022-06-03 11:49:00,585,585,585,585,0
2022-06-03 11:50:00,585,585,585,585,0
2022-06-03 11:51:00,585,585,585,585,0
2022-06-03 11:52:00,585,585,585,585,0
2022-06-03 11:53:00,585,585,585,585,0
2022-06-03 11:54:00,585,585,585,585,0
2022-06-03 11:55:00,585,585,585,585,0
2022-06-03 11:56:00,585,585,585,585,0
2022-06-03 11:57:00,585,585,585,585,0
2022-06-03 11:58:00,585,585,585,585,0
2022-06-03 11:59:00,585,585,585,585,0
2022-06-03 12:00:00,585,585,585,585,0
2022-06-03 12:01:00,585,585,585,585,0
2022-06-03 12:02:00,585,585,585,585,0
2022-06-03 12:03:00,585,585,585,585,0
2022-06-03 12:04:00,585,585,585,585,0
2022-06-03 12:05:00,585,585,585,585,0
2022-06-03 12:06:00,585,585,585,585,0
2022-06-03 12:07:00,585,585,585,585,0
2022-06-03 12:08:00,585,585,585,585,0
2022-06-03 12:09:00,585,585,585,585,0
2022-06-03 12:10:00,585,585,585,585,0
2022-06-03 12:11:00,585,585,585,585,0
2022-06-03 12:12:00,585,585,585,585,0
2022-06-03 12:13:00,585,585,585,585,0
2022-06-03 12:14:00,585,585,585,585,0
2022-06-03 12:15:00,585,585,585,585,0
2022-06-03 12:16:00,585,585,585,585,0
2022-06-03 12:17:00,585,585,585,585,0
2022-06-03 12:18:00,585,585,585,585,0
2022-06-03 12:19:00,585,585,585,585,0
2022-06-03 12:20:00,585,585,585,585,0
2022-06-03 12:21:00,585,585,585,585,0
2022-06-03 12:22:00,585,585,585,585,0
2022-06-03 12:23:00,585,585,585,585,0
2022-06-03 12:24:00,585,585,585,585,0
2022-06-03 12:25:00,585,585,585,585,0
2022-06-03 12:26:00,585,585,585,585,0
2022-06-03 12:27:00,585,585,585,585,0
2022-06-03 12:28:00,585,585,585,585,0
2022-06-03 12:29:00,585,585,585,585,0
2022-06-03 12:30:00,585,585,585,585,0
2022-06-03 12:31:00,585,585,585,585,0
2022-06-03 12:32:00,585,585,585,585,0
2022-06-03 12:33:00,585,585,585,585,0
2022-06-03 12:34:00,585,585,585,585,0
2022-06-03 12:35:00,585,585,585,585,0
2022-06-03 12:36:00,585,585,585,585,0
2022-06-03 12:37:00,585,585,585,585,0
2022-06-03 12:38:00,585,585,585,585,0
2022-06-03 12:39:00,585,585,585,585,0
2022-06-03 12:40:00,585,585,585,585,0
2022-06-03 12:41:00,585,585,585,585,0
2022-06-03 12:42:00,585,585,585,585,0
2022-06-03 12:43:00,585,585,585,585,0
2022-06-03 12:44:00,585,585,585,585,0
2022-06-03 12:45:00,585,585,585,585,0
2022-06-03 12:46:00,585,585,585,585,0
2022-06-03 12:47:00,585,585,585,585,0
2022-06-03 12:48:00,585,585,585,585,0
2022-06-03 12:49:00,585,585,585,585,0
2022-06-03 12:50:00,585,585,585,585,0
2022-06-03 12:51:00,585,585,585,585,0
2022-06-03 12:52:00,585,585,585,585,0
2022-06-03 12:53:00,585,585,585,585,0
2022-06-03 12:54:00,585,585,585,585,0
2022-06-03 12:55:00,585,585,585,585,0
2022-06-03 12:56:00,585,585,585,585,0
2022-06-03 12:57:00,585,585,585,585,0
2022-06-03 12:58:00,585,585,585,585,0
2022-06-03 12:59:00,585,585,585,585,0
2022-06-03 13:00:00,585,585,585,585,0
2022-06-03 13:01:00,585,585,585,585,0
2022-06-03 13:02:00,585,585,585,585,0
2022-06-03 13:03:00,585,585,585,585,0
2022-06-03 13:04:00,585,585,585,585,0
2022-06-03 13:05:00,585,585,585,585,0
2022-06-03 13:06:00,585,585,585,585,0
2022-06-03 13:07:00,585,585,585,585,0
2022-06-03 13:08:00,585,585,585,585,0
2022-06-03 13:09:00,585,585,585,585,0
2022-06-03 13:10:00,585,585,585,585,0
2022-06-03 13:11:00,585,585,585,585,0
2022-06-03 13:12:00,585,585,585,585,0
2022-06-03 13:13:00,585,585,585,585,0
2022-06-03 13:14:00,585,585,585,585,0
2022-06-03 13:15:00,585,585,585,585,0
2022-06-03 13:16:00,585,585,585,585,0
2022-06-03 13:17:00,585,585,585,585,0
2022-06-03 13:18:00,585,585,585,585,0
2022-06-03 13:19:00,585,585,585,585,0
2022-06-03 13:20:00,585,585,585,585,0
2022-06-03 13:21:00,585,585,585,585,0
2022-06-03 13:22:00,585,585,585,585,0
2022-06-03 13:23:00,585,585,585,585,0
2022-06-03 13:24:00,585,585,585,585,0
2022-06-03 13:25:00,585,585,585,585,0
2022-06-03 13:26:00,585,585,585,585,0
2022-06-03 13:27:00,585,585,585,585,0
2022-06-03 13:28:00,585,585,585,585,0
2022-06-03 13:29:00,585,585,585,585,0
2022-06-03 13:30:00,585,585,585,585,5500
2022-06-03 13:31:00,585,585,585,585,0
2022-06-03 13:32:00,585,585,585,585,0
2022-06-03 13:33:00,585,585,585,585,0
2022-06-03 13:34:00,585,585,585,585,0
2022-06-03 13:35:00,585,585,585,585,0
2022-06-03 13:36:00,585,585,585,585,0
2022-06-03 13:37:00,585,585,585,585,0
2022-06-03 13:38:00,585,585,585,585,0
2022-06-03 13:39:00,585,585,585,585,0
2022-06-03 13:40:00,580,580,580,580,800
2022-06-03 13:41:00,585,585,585,585,600
2022-06-03 13:42:00,585,585,585,585,0
2022-06-03 13:43:00,580,580,585,585,9300
2022-06-03 13:44:00,585,585,585,585,200
2022-06-03 13:45:00,585,585,585,585,0
2022-06-03 13:46:00,585,585,585,585,0
2022-06-03 13:47:00,585,585,585,585,0
2022-06-03 13:48:00,585,585,585,585,0
2022-06-03 13:49:00,585,585,585,585,0
2022-06-03 13:50:00,585,585,585,585,0
2022-06-03 13:51:00,585,585,585,585,0
2022-06-03 13:52:00,585,585,585,585,0
2022-06-03 13:53:00,585,585,585,585,0
2022-06-03 13:54:00,585,585,585,585,0
2022-06-03 13:55:00,585,585,585,585,500
2022-06-03 13:56:00,585,585,585,585,0
2022-06-03 13:57:00,585,585,585,585,0
2022-06-03 13:58:00,585,585,585,585,0
2022-06-03 13:59:00,585,585,585,585,0
2022-06-03 14:00:00,585,585,585,585,0
2022-06-03 14:01:00,585,585,585,585,0
2022-06-03 14:02:00,585,585,585,585,0
2022-06-03 14:03:00,585,585,585,585,0
2022-06-03 14:04:00,585,585,585,585,0
2022-06-03 14:05:00,585,585,585,585,0
2022-06-03 14:06:00,585,585,585,585,0
2022-06-03 14:07:00,585,585,585,585,0
2022-06-03 14:08:00,585,585,585,585,0
2022-06-03 14:09:00,585,585,585,585,0
2022-06-03 14:10:00,585,585,585,585,0
2022-06-03 14:11:00,585,585,585,585,0
2022-06-03 14:12:00,580,580,585,585,10600
2022-06-03 14:13:00,580,580,585,585,0
2022-06-03 14:14:00,580,580,585,585,0
2022-06-03 14:15:00,580,580,585,585,0
2022-06-03 14:16:00,580,580,585,585,0
2022-06-03 14:17:00,580,580,585,585,0
2022-06-03 14:18:00,580,580,585,585,0
2022-06-03 14:19:00,580,580,585,585,0
2022-06-03 14:20:00,580,580,585,585,0
2022-06-03 14:21:00,580,580,585,585,0
2022-06-03 14:22:00,580,580,585,585,0
2022-06-03 14:23:00,580,580,585,585,0
2022-06-03 14:24:00,585,585,585,585,500
2022-06-03 14:25:00,585,585,585,585,0
2022-06-03 14:26:00,585,585,585,585,0
2022-06-03 14:27:00,585,585,585,585,0
2022-06-03 14:28:00,585,585,585,585,0
2022-06-03 14:29:00,585,585,585,585,700
2022-06-03 14:30:00,585,585,585,585,0
2022-06-03 14:31:00,585,585,585,585,0
2022-06-03 14:32:00,585,585,585,585,0
2022-06-03 14:33:00,585,585,585,585,0
2022-06-03 14:34:00,585,585,585,585,0
2022-06-03 14:35:00,585,585,585,585,0
2022-06-03 14:36:00,585,585,585,585,0
2022-06-03 14:37:00,585,585,585,585,0
2022-06-03 14:38:00,585,585,585,585,0
2022-06-03 14:39:00,585,585,585,585,0
2022-06-03 14:40:00,585,585,585,585,300
2022-06-03 14:41:00,585,585,585,585,0
2022-06-03 14:42:00,585,585,585,585,0
2022-06-03 14:43:00,585,585,585,585,0
2022-06-03 14:44:00,585,585,585,585,0
2022-06-03 14:45:00,585,585,585,585,0
2022-06-03 14:46:00,585,585,585,585,300
2022-06-03 14:47:00,585,585,585,585,0
2022-06-03 14:48:00,585,585,585,585,0
2022-06-03 14:49:00,585,585,585,585,300
2022-06-03 14:50:00,585,585,585,585,0
2022-06-03 14:51:00,585,585,585,585,0
2022-06-03 14:52:00,585,585,585,585,0
2022-06-03 14:53:00,585,585,585,585,0
2022-06-03 14:54:00,585,585,585,585,0
2022-06-03 14:55:00,585,585,585,585,0
2022-06-03 14:56:00,585,585,585,585,0
2022-06-03 14:57:00,585,585,585,585,0
2022-06-03 14:58:00,585,585,585,585,0
2022-06-03 14:59:00,585,585,585,585,0
2022-06-03 15:00:00,585,585,585,585,110200
2022-06-03 15:01:00,585,585,585,585,0
2022-06-03 15:02:00,585,585,585,585,400
2022-06-03 15:03:00,585,585,585,585,0
2022-06-03 15:04:00,585,585,585,585,0
2022-06-03 15:05:00,585,585,585,585,0
2022-06-03 15:06:00,585,585,585,585,0
2022-06-03 15:07:00,585,585,585,585,0
2022-06-03 15:08:00,585,585,585,585,0
2022-06-03 15:09:00,585,585,585,585,0
2022-06-03 15:10:00,585,585,585,585,0
2022-06-03 15:11:00,585,585,585,585,0
2022-06-03 15:12:00,585,585,585,585,0
2022-06-03 15:13:00,585,585,585,585,0
2022-06-03 15:14:00,585,585,585,585,0
2022-06-03 15:15:00,585,585,585,585,0
2022-06-03 15:16:00,585,585,585,585,0
2022-06-03 15:17:00,585,585,585,585,0
2022-06-03 15:18:00,585,585,585,585,0
2022-06-03 15:19:00,585,585,585,585,0
2022-06-03 15:20:00,585,585,585,585,0
2022-06-03 15:21:00,585,585,585,585,0
2022-06-03 15:22:00,585,585,585,585,0
2022-06-03 15:23:00,585,585,585,585,0
2022-06-03 15:24:00,585,585,585,585,0
2022-06-03 15:25:00,585,585,585,585,0
2022-06-03 15:26:00,585,585,585,585,0
2022-06-03 15:27:00,585,585,585,585,0
2022-06-03 15:28:00,585,585,585,585,0
2022-06-03 15:29:00,585,585,585,585,0
2022-06-03 15:30:00,585,585,585,585,0
2022-06-03 15:31:00,585,585,585,585,0
2022-06-03 15:32:00,585,585,585,585,0
2022-06-03 15:33:00,585,585,585,585,0
2022-06-03 15:34:00,585,585,585,585,0
2022-06-03 15:35:00,585,585,585,585,0
2022-06-03 15:36:00,585,585,585,585,0
2022-06-03 15:37:00,585,585,585,585,0
2022-06-03 15:38:00,585,585,585,585,0
2022-06-03 15:39:00,585,585,585,585,0
2022-06-03 15:40:00,585,585,585,585,0
2022-06-03 15:41:00,585,585,585,585,0
2022-06-03 15:42:00,585,585,585,585,0
2022-06-03 15:43:00,585,585,585,585,0
2022-06-03 15:44:00,585,585,585,585,0
2022-06-03 15:45:00,585,585,585,585,0
2022-06-03 15:46:00,585,585,585,585,0
2022-06-03 15:47:00,585,585,585,585,0
2022-06-03 15:48:00,585,585,585,585,0
2022-06-03 15:49:00,585,585,585,585,0
2022-06-03 15:50:00,585,585,585,585,0
2022-06-03 15:51:00,585,585,585,585,0
2022-06-03 15:52:00,585,585,585,585,0
2022-06-03 15:53:00,585,585,585,585,0
2022-06-03 15:54:00,585,585,585,585,0
2022-06-03 15:55:00,585,585,585,585,0
2022-06-03 15:56:00,585,585,585,585,0
2022-06-03 15:57:00,585,585,585,585,0
2022-06-03 15:58:00,585,585,585,585,0
2022-06-03 15:59:00,585,585,585,585,0
2022-06-06 09:00:00,585,580,585,580,0
2022-06-06 09:01:00,585,585,585,585,200
2022-06-06 09:02:00,585,585,585,585,0
2022-06-06 09:03:00,585,585,585,585,0
2022-06-06 09:04:00,585,585,585,585,0
2022-06-06 09:05:00,585,585,585,585,0
2022-06-06 09:06:00,585,585,585,585,0
2022-06-06 09:07:00,585,585,585,585,0
2022-06-06 09:08:00,585,585,585,585,0
2022-06-06 09:09:00,585,585,585,585,0
2022-06-06 09:10:00,585,585,585,585,0
2022-06-06 09:11:00,585,585,585,585,0
2022-06-06 09:12:00,585,585,585,585,0
2022-06-06 09:13:00,585,585,585,585,0
2022-06-06 09:14:00,585,585,585,585,0
2022-06-06 09:15:00,585,585,585,585,0
2022-06-06 09:16:00,585,585,585,585,0
2022-06-06 09:17:00,585,585,585,585,0
2022-06-06 09:18:00,585,585,585,585,2500
2022-06-06 09:19:00,580,580,580,580,21400
2022-06-06 09:20:00,580,580,580,580,2500
2022-06-06 09:21:00,580,580,585,585,400
2022-06-06 09:22:00,585,585,585,585,5000
2022-06-06 09:23:00,585,585,585,585,200
2022-06-06 09:24:00,585,585,585,585,0
2022-06-06 09:25:00,585,585,585,585,0
2022-06-06 09:26:00,585,585,585,585,0
2022-06-06 09:27:00,585,585,585,585,0
2022-06-06 09:28:00,585,585,585,585,0
2022-06-06 09:29:00,585,585,585,585,0
2022-06-06 09:30:00,585,585,585,585,500
2022-06-06 09:31:00,585,585,585,585,0
2022-06-06 09:32:00,585,585,585,585,0
2022-06-06 09:33:00,585,585,585,585,0
2022-06-06 09:34:00,585,585,585,585,0
2022-06-06 09:35:00,585,585,585,585,0
2022-06-06 09:36:00,585,585,585,585,0
2022-06-06 09:37:00,585,585,585,585,0
2022-06-06 09:38:00,585,585,585,585,0
2022-06-06 09:39:00,585,585,585,585,0
2022-06-06 09:40:00,585,585,585,585,0
2022-06-06 09:41:00,585,585,585,585,0
2022-06-06 09:42:00,585,585,585,585,0
2022-06-06 09:43:00,585,585,585,585,0
2022-06-06 09:44:00,585,585,585,585,0
2022-06-06 09:45:00,585,585,585,585,0
2022-06-06 09:46:00,585,585,585,585,0
2022-06-06 09:47:00,585,585,585,585,0
2022-06-06 09:48:00,585,585,585,585,0
2022-06-06 09:49:00,585,585,585,585,0
2022-06-06 09:50:00,580,580,585,585,5400
2022-06-06 09:51:00,580,580,585,585,0
2022-06-06 09:52:00,580,580,585,585,0
2022-06-06 09:53:00,580,580,585,585,0
2022-06-06 09:54:00,580,580,585,585,0
2022-06-06 09:55:00,580,580,585,585,0
2022-06-06 09:56:00,580,580,585,585,0
2022-06-06 09:57:00,580,580,585,585,0
2022-06-06 09:58:00,580,580,585,585,0
2022-06-06 09:59:00,580,580,585,585,0
2022-06-06 10:00:00,580,580,585,585,0
2022-06-06 10:01:00,580,580,585,585,0
2022-06-06 10:02:00,580,580,585,585,0
2022-06-06 10:03:00,580,580,585,585,0
2022-06-06 10:04:00,580,580,585,585,0
2022-06-06 10:05:00,580,580,585,585,0
2022-06-06 10:06:00,580,580,585,585,0
2022-06-06 10:07:00,580,580,585,585,0
2022-06-06 10:08:00,580,580,585,585,0
2022-06-06 10:09:00,580,580,585,585,0
2022-06-06 10:10:00,580,580,585,585,0
2022-06-06 10:11:00,580,580,585,585,0
2022-06-06 10:12:00,580,580,585,585,0
2022-06-06 10:13:00,580,580,585,585,0
2022-06-06 10:14:00,580,580,585,585,0
2022-06-06 10:15:00,580,580,585,585,0
2022-06-06 10:16:00,580,580,585,585,0
2022-06-06 10:17:00,580,580,585,585,0
2022-06-06 10:18:00,580,580,585,585,0
2022-06-06 10:19:00,580,580,585,585,0
2022-06-06 10:20:00,585,585,585,585,2000
2022-06-06 10:21:00,585,585,585,585,0
2022-06-06 10:22:00,585,585,585,585,0
2022-06-06 10:23:00,585,585,585,585,0
2022-06-06 10:24:00,585,585,585,585,0
2022-06-06 10:25:00,585,585,585,585,0
2022-06-06 10:26:00,585,585,585,585,0
2022-06-06 10:27:00,585,585,585,585,0
2022-06-06 10:28:00,585,585,585,585,0
2022-06-06 10:29:00,585,585,585,585,0
2022-06-06 10:30:00,585,585,585,585,0
2022-06-06 10:31:00,585,585,585,585,0
2022-06-06 10:32:00,585,585,585,585,0
2022-06-06 10:33:00,585,585,585,585,20000
2022-06-06 10:34:00,585,585,585,585,0
2022-06-06 10:35:00,585,585,585,585,0
2022-06-06 10:36:00,585,585,585,585,0
2022-06-06 10:37:00,585,585,585,585,0
2022-06-06 10:38:00,585,585,585,585,0
2022-06-06 10:39:00,585,585,585,585,0
2022-06-06 10:40:00,585,585,585,585,0
2022-06-06 10:41:00,585,585,585,585,0
2022-06-06 10:42:00,585,585,585,585,0
2022-06-06 10:43:00,585,585,585,585,100
2022-06-06 10:44:00,585,580,585,580,5100
2022-06-06 10:45:00,585,585,585,585,600
2022-06-06 10:46:00,585,585,585,585,0
2022-06-06 10:47:00,585,585,585,585,0
2022-06-06 10:48:00,585,585,585,585,0
2022-06-06 10:49:00,585,585,585,585,0
2022-06-06 10:50:00,585,585,585,585,0
2022-06-06 10:51:00,585,585,585,585,0
2022-06-06 10:52:00,585,585,585,585,0
2022-06-06 10:53:00,585,585,585,585,0
2022-06-06 10:54:00,585,585,585,585,0
2022-06-06 10:55:00,585,585,585,585,0
2022-06-06 10:56:00,585,585,585,585,0
2022-06-06 10:57:00,585,585,585,585,0
2022-06-06 10:58:00,585,585,585,585,0
2022-06-06 10:59:00,585,585,585,585,0
2022-06-06 11:00:00,585,585,585,585,0
2022-06-06 11:01:00,585,585,585,585,0
2022-06-06 11:02:00,585,585,585,585,0
2022-06-06 11:03:00,585,585,585,585,0
2022-06-06 11:04:00,585,585,585,585,0
2022-06-06 11:05:00,585,585,585,585,0
2022-06-06 11:06:00,585,585,585,585,0
2022-06-06 11:07:00,585,585,585,585,0
2022-06-06 11:08:00,585,585,585,585,0
2022-06-06 11:09:00,585,585,585,585,0
2022-06-06 11:10:00,585,585,585,585,0
2022-06-06 11:11:00,585,585,585,585,0
2022-06-06 11:12:00,585,585,585,585,0
2022-06-06 11:13:00,585,585,585,585,0
2022-06-06 11:14:00,585,585,585,585,0
2022-06-06 11:15:00,585,585,585,585,0
2022-06-06 11:16:00,585,585,585,585,0
2022-06-06 11:17:00,585,585,585,585,0
2022-06-06 11:18:00,585,585,585,585,0
2022-06-06 11:19:00,585,585,585,585,0
2022-06-06 11:20:00,585,585,585,585,0
2022-06-06 11:21:00,585,585,585,585,0
2022-06-06 11:22:00,585,585,585,585,0
2022-06-06 11:23:00,585,585,585,585,0
2022-06-06 11:24:00,585,585,585,585,0
2022-06-06 11:25:00,585,585,585,585,0
2022-06-06 11:26:00,585,585,585,585,0
2022-06-06 11:27:00,585,585,585,585,300
2022-06-06 11:28:00,585,585,585,585,0
2022-06-06 11:29:00,585,585,585,585,0
2022-06-06 11:30:00,585,585,585,585,0
2022-06-06 11:31:00,585,585,585,585,0
2022-06-06 11:32:00,585,585,585,585,0
2022-06-06 11:33:00,585,585,585,585,0
2022-06-06 11:34:00,585,585,585,585,0
2022-06-06 11:35:00,585,585,585,585,0
2022-06-06 11:36:00,585,585,585,585,0
2022-06-06 11:37:00,585,585,585,585,0
2022-06-06 11:38:00,585,585,585,585,0
2022-06-06 11:39:00,585,585,585,585,0
2022-06-06 11:40:00,585,585,585,585,0
2022-06-06 11:41:00,585,585,585,585,0
2022-06-06 11:42:00,585,585,585,585,0
2022-06-06 11:43:00,585,585,585,585,0
2022-06-06 11:44:00,585,585,585,585,0
2022-06-06 11:45:00,585,585,585,585,0
2022-06-06 11:46:00,585,585,585,585,0
2022-06-06 11:47:00,585,585,585,585,0
2022-06-06 11:48:00,585,585,585,585,0
2022-06-06 11:49:00,585,585,585,585,0
2022-06-06 11:50:00,585,585,585,585,0
2022-06-06 11:51:00,585,585,585,585,0
2022-06-06 11:52:00,585,585,585,585,0
2022-06-06 11:53:00,585,585,585,585,0
2022-06-06 11:54:00,585,585,585,585,0
2022-06-06 11:55:00,585,585,585,585,0
2022-06-06 11:56:00,585,585,585,585,0
2022-06-06 11:57:00,585,585,585,585,0
2022-06-06 11:58:00,585,585,585,585,0
2022-06-06 11:59:00,585,585,585,585,0
2022-06-06 12:00:00,585,585,585,585,0
2022-06-06 12:01:00,585,585,585,585,0
2022-06-06 12:02:00,585,585,585,585,0
2022-06-06 12:03:00,585,585,585,585,0
2022-06-06 12:04:00,585,585,585,585,0
2022-06-06 12:05:00,585,585,585,585,0
2022-06-06 12:06:00,585,585,585,585,0
2022-06-06 12:07:00,585,585,585,585,0
2022-06-06 12:08:00,585,585,585,585,0
2022-06-06 12:09:00,585,585,585,585,0
2022-06-06 12:10:00,585,585,585,585,0
2022-06-06 12:11:00,585,585,585,585,0
2022-06-06 12:12:00,585,585,585,585,0
2022-06-06 12:13:00,585,585,585,585,0
2022-06-06 12:14:00,585,585,585,585,0
2022-06-06 12:15:00,585,585,585,585,0
2022-06-06 12:16:00,585,585,585,585,0
2022-06-06 12:17:00,585,585,585,585,0
2022-06-06 12:18:00,585,585,585,585,0
2022-06-06 12:19:00,585,585,585,585,0
2022-06-06 12:20:00,585,585,585,585,0
2022-06-06 12:21:00,585,585,585,585,0
2022-06-06 12:22:00,585,585,585,585,0
2022-06-06 12:23:00,585,585,585,585,0
2022-06-06 12:24:00,585,585,585,585,0
2022-06-06 12:25:00,585,585,585,585,0
2022-06-06 12:26:00,585,585,585,585,0
2022-06-06 12:27:00,585,585,585,585,0
2022-06-06 12:28:00,585,585,585,585,0
2022-06-06 12:29:00,585,585,585,585,0
2022-06-06 12:30:00,585,585,585,585,0
2022-06-06 12:31:00,585,585,585,585,0
2022-06-06 12:32:00,585,585,585,585,0
2022-06-06 12:33:00,585,585,585,585,0
2022-06-06 12:34:00,585,585,585,585,0
2022-06-06 12:35:00,585,585,585,585,0
2022-06-06 12:36:00,585,585,585,585,0
2022-06-06 12:37:00,585,585,585,585,0
2022-06-06 12:38:00,585,585,585,585,0
2022-06-06 12:39:00,585,585,585,585,0
2022-06-06 12:40:00,585,585,585,585,0
2022-06-06 12:41:00,585,585,585,585,0
2022-06-06 12:42:00,585,585,585,585,0
2022-06-06 12:43:00,585,585,585,585,0
2022-06-06 12:44:00,585,585,585,585,0
2022-06-06 12:45:00,585,585,585,585,0
2022-06-06 12:46:00,585,585,585,585,0
2022-06-06 12:47:00,585,585,585,585,0
2022-06-06 12:48:00,585,585,585,585,0
2022-06-06 12:49:00,585,585,585,585,0
2022-06-06 12:50:00,585,585,585,585,0
2022-06-06 12:51:00,585,585,585,585,0
2022-06-06 12:52:00,585,585,585,585,0
2022-06-06 12:53:00,585,585,585,585,0
2022-06-06 12:54:00,585,585,585,585,0
2022-06-06 12:55:00,585,585,585,585,0
2022-06-06 12:56:00,585,585,585,585,0
2022-06-06 12:57:00,585,585,585,585,0
2022-06-06 12:58:00,585,585,585,585,0
2022-06-06 12:59:00,585,585,585,585,0
2022-06-06 13:00:00,585,585,585,585,0
2022-06-06 13:01:00,585,585,585,585,0
2022-06-06 13:02:00,585,585,585,585,0
2022-06-06 13:03:00,585,585,585,585,0
2022-06-06 13:04:00,585,585,585,585,0
2022-06-06 13:05:00,585,585,585,585,0
2022-06-06 13:06:00,585,585,585,585,0
2022-06-06 13:07:00,585,585,585,585,0
2022-06-06 13:08:00,585,585,585,585,0
2022-06-06 13:09:00,585,585,585,585,0
2022-06-06 13:10:00,585,585,585,585,0
2022-06-06 13:11:00,585,585,585,585,0
2022-06-06 13:12:00,585,585,585,585,0
2022-06-06 13:13:00,585,585,585,585,0
2022-06-06 13:14:00,585,585,585,585,0
2022-06-06 13:15:00,585,585,585,585,0
2022-06-06 13:16:00,585,585,585,585,0
2022-06-06 13:17:00,585,585,585,585,0
2022-06-06 13:18:00,585,585,585,585,0
2022-06-06 13:19:00,585,585,585,585,0
2022-06-06 13:20:00,585,585,585,585,0
2022-06-06 13:21:00,585,585,585,585,0
2022-06-06 13:22:00,585,585,585,585,0
2022-06-06 13:23:00,585,585,585,585,0
2022-06-06 13:24:00,585,585,585,585,0
2022-06-06 13:25:00,585,585,585,585,0
2022-06-06 13:26:00,585,585,585,585,0
2022-06-06 13:27:00,585,585,585,585,0
2022-06-06 13:28:00,585,585,585,585,0
2022-06-06 13:29:00,585,585,585,585,0
2022-06-06 13:30:00,585,585,585,585,0
2022-06-06 13:31:00,585,585,585,585,0
2022-06-06 13:32:00,585,585,585,585,100
2022-06-06 13:33:00,585,585,585,585,700
2022-06-06 13:34:00,585,585,585,585,0
2022-06-06 13:35:00,585,585,585,585,0
2022-06-06 13:36:00,585,585,585,585,0
2022-06-06 13:37:00,585,585,585,585,0
2022-06-06 13:38:00,585,585,585,585,0
2022-06-06 13:39:00,580,580,580,580,10000
2022-06-06 13:40:00,585,585,585,585,200
2022-06-06 13:41:00,585,585,585,585,200
2022-06-06 13:42:00,585,585,585,585,0
2022-06-06 13:43:00,585,585,585,585,0
2022-06-06 13:44:00,585,585,585,585,0
2022-06-06 13:45:00,585,585,585,585,0
2022-06-06 13:46:00,585,585,585,585,0
2022-06-06 13:47:00,585,585,585,585,0
2022-06-06 13:48:00,585,585,585,585,0
2022-06-06 13:49:00,585,585,585,585,0
2022-06-06 13:50:00,580,580,580,580,1400
2022-06-06 13:51:00,580,580,585,585,3800
2022-06-06 13:52:00,580,580,585,585,0
2022-06-06 13:53:00,580,580,585,585,0
2022-06-06 13:54:00,585,585,585,585,200
2022-06-06 13:55:00,585,585,585,585,0
2022-06-06 13:56:00,585,585,585,585,0
2022-06-06 13:57:00,585,585,585,585,0
2022-06-06 13:58:00,585,585,585,585,0
2022-06-06 13:59:00,585,585,585,585,0
2022-06-06 14:00:00,585,585,585,585,0
2022-06-06 14:01:00,585,585,585,585,0
2022-06-06 14:02:00,585,585,585,585,500
2022-06-06 14:03:00,585,585,585,585,0
2022-06-06 14:04:00,585,585,585,585,0
2022-06-06 14:05:00,585,585,585,585,0
2022-06-06 14:06:00,585,585,585,585,0
2022-06-06 14:07:00,585,585,585,585,0
2022-06-06 14:08:00,585,585,585,585,0
2022-06-06 14:09:00,585,585,585,585,200
2022-06-06 14:10:00,585,585,585,585,0
2022-06-06 14:11:00,580,580,580,580,500
2022-06-06 14:12:00,585,585,585,585,300
2022-06-06 14:13:00,585,580,585,580,10300
2022-06-06 14:14:00,585,585,585,585,400
2022-06-06 14:15:00,585,585,585,585,400
2022-06-06 14:16:00,580,580,580,580,2100
2022-06-06 14:17:00,580,580,580,580,1500
2022-06-06 14:18:00,580,580,580,580,0
2022-06-06 14:19:00,580,580,585,585,11700
2022-06-06 14:20:00,585,585,585,585,200
2022-06-06 14:21:00,585,585,585,585,0
2022-06-06 14:22:00,585,585,585,585,0
2022-06-06 14:23:00,585,585,585,585,0
2022-06-06 14:24:00,585,585,585,585,0
2022-06-06 14:25:00,585,585,585,585,0
2022-06-06 14:26:00,585,585,585,585,0
2022-06-06 14:27:00,585,585,585,585,20000
2022-06-06 14:28:00,585,585,585,585,0
2022-06-06 14:29:00,585,585,585,585,0
2022-06-06 14:30:00,585,585,585,585,0
2022-06-06 14:31:00,585,585,585,585,0
2022-06-06 14:32:00,585,585,585,585,0
2022-06-06 14:33:00,585,585,585,585,0
2022-06-06 14:34:00,585,585,585,585,0
2022-06-06 14:35:00,585,585,585,585,0
2022-06-06 14:36:00,585,585,585,585,0
2022-06-06 14:37:00,585,585,585,585,0
2022-06-06 14:38:00,585,585,585,585,0
2022-06-06 14:39:00,585,585,585,585,0
2022-06-06 14:40:00,585,585,585,585,0
2022-06-06 14:41:00,585,585,585,585,0
2022-06-06 14:42:00,585,585,585,585,0
2022-06-06 14:43:00,585,585,585,585,0
2022-06-06 14:44:00,585,585,585,585,0
2022-06-06 14:45:00,585,585,585,585,600
2022-06-06 14:46:00,585,585,585,585,200
2022-06-06 14:47:00,585,585,585,585,300
2022-06-06 14:48:00,585,585,585,585,200
2022-06-06 14:49:00,585,585,585,585,1100
2022-06-06 14:50:00,585,585,585,585,0
2022-06-06 14:51:00,585,585,585,585,0
2022-06-06 14:52:00,585,585,585,585,0
2022-06-06 14:53:00,585,585,585,585,0
2022-06-06 14:54:00,585,585,585,585,0
2022-06-06 14:55:00,585,585,585,585,0
2022-06-06 14:56:00,585,585,585,585,0
2022-06-06 14:57:00,585,585,585,585,0
2022-06-06 14:58:00,585,585,585,585,0
2022-06-06 14:59:00,585,585,585,585,0
2022-06-06 15:00:00,585,585,585,585,90700
2022-06-06 15:01:00,585,585,585,585,0
2022-06-06 15:02:00,585,585,585,585,0
2022-06-06 15:03:00,585,585,585,585,0
2022-06-06 15:04:00,585,585,585,585,0
2022-06-06 15:05:00,585,585,585,585,0
2022-06-06 15:06:00,585,585,585,585,500
2022-06-06 15:07:00,585,585,585,585,0
2022-06-06 15:08:00,585,585,585,585,0
2022-06-06 15:09:00,585,585,585,585,0
2022-06-06 15:10:00,585,585,585,585,0
2022-06-06 15:11:00,585,585,585,585,0
2022-06-06 15:12:00,585,585,585,585,0
2022-06-06 15:13:00,585,585,585,585,0
2022-06-06 15:14:00,585,585,585,585,0
2022-06-06 15:15:00,585,585,585,585,0
2022-06-06 15:16:00,585,585,585,585,0
2022-06-06 15:17:00,585,585,585,585,0
2022-06-06 15:18:00,585,585,585,585,0
2022-06-06 15:19:00,585,585,585,585,0
2022-06-06 15:20:00,585,585,585,585,0
2022-06-06 15:21:00,585,585,585,585,0
2022-06-06 15:22:00,585,585,585,585,0
2022-06-06 15:23:00,585,585,585,585,0
2022-06-06 15:24:00,585,585,585,585,0
2022-06-06 15:25:00,585,585,585,585,0
2022-06-06 15:26:00,585,585,585,585,0
2022-06-06 15:27:00,585,585,585,585,0
2022-06-06 15:28:00,585,585,585,585,0
2022-06-06 15:29:00,585,585,585,585,0
2022-06-06 15:30:00,585,585,585,585,0
2022-06-06 15:31:00,585,585,585,585,0
2022-06-06 15:32:00,585,585,585,585,0
2022-06-06 15:33:00,585,585,585,585,0
2022-06-06 15:34:00,585,585,585,585,0
2022-06-06 15:35:00,585,585,585,585,0
2022-06-06 15:36:00,585,585,585,585,0
2022-06-06 15:37:00,585,585,585,585,0
2022-06-06 15:38:00,585,585,585,585,0
2022-06-06 15:39:00,585,585,585,585,0
2022-06-06 15:40:00,585,585,585,585,0
2022-06-06 15:41:00,585,585,585,585,0
2022-06-06 15:42:00,585,585,585,585,0
2022-06-06 15:43:00,585,585,585,585,0
2022-06-06 15:44:00,585,585,585,585,0
2022-06-06 15:45:00,585,585,585,585,0
2022-06-06 15:46:00,585,585,585,585,0
2022-06-06 15:47:00,585,585,585,585,0
2022-06-06 15:48:00,585,585,585,585,0
2022-06-06 15:49:00,585,585,585,585,0
2022-06-06 15:50:00,585,585,585,585,0
2022-06-06 15:51:00,585,585,585,585,0
2022-06-06 15:52:00,585,585,585,585,0
2022-06-06 15:53:00,585,585,585,585,0
2022-06-06 15:54:00,585,585,585,585,0
2022-06-06 15:55:00,585,585,585,585,0
2022-06-06 15:56:00,585,585,585,585,0
2022-06-06 15:57:00,585,585,585,585,0
2022-06-06 15:58:00,585,585,585,585,0
2022-06-06 15:59:00,585,585,585,585,0
2022-06-07 09:00:00,585,585,585,585,0
2022-06-07 09:01:00,585,585,585,585,0
2022-06-07 09:02:00,585,585,585,585,100
2022-06-07 09:03:00,585,585,585,585,0
2022-06-07 09:04:00,585,585,585,585,0
2022-06-07 09:05:00,585,585,585,585,0
2022-06-07 09:06:00,585,585,585,585,0
2022-06-07 09:07:00,585,585,585,585,0
2022-06-07 09:08:00,585,585,585,585,0
2022-06-07 09:09:00,585,585,585,585,0
2022-06-07 09:10:00,585,585,585,585,100
2022-06-07 09:11:00,585,585,585,585,0
2022-06-07 09:12:00,585,585,585,585,0
2022-06-07 09:13:00,585,585,585,585,500
2022-06-07 09:14:00,585,585,585,585,0
2022-06-07 09:15:00,585,585,585,585,0
2022-06-07 09:16:00,585,585,585,585,0
2022-06-07 09:17:00,585,585,585,585,0
2022-06-07 09:18:00,585,585,585,585,0
2022-06-07 09:19:00,585,585,585,585,0
2022-06-07 09:20:00,585,585,585,585,0
2022-06-07 09:21:00,585,585,585,585,0
2022-06-07 09:22:00,580,580,585,585,6000
2022-06-07 09:23:00,580,580,585,585,0
2022-06-07 09:24:00,580,580,585,585,0
2022-06-07 09:25:00,580,580,585,585,0
2022-06-07 09:26:00,580,580,585,585,0
2022-06-07 09:27:00,580,580,585,585,0
2022-06-07 09:28:00,580,580,585,585,0
2022-06-07 09:29:00,580,580,585,585,0
2022-06-07 09:30:00,580,580,585,585,0
2022-06-07 09:31:00,580,580,585,585,0
2022-06-07 09:32:00,580,580,585,585,0
2022-06-07 09:33:00,585,585,585,585,4200
2022-06-07 09:34:00,585,585,585,585,0
2022-06-07 09:35:00,585,585,585,585,0
2022-06-07 09:36:00,585,585,585,585,0
2022-06-07 09:37:00,585,585,585,585,0
2022-06-07 09:38:00,580,580,585,585,52000
2022-06-07 09:39:00,585,585,585,585,300
2022-06-07 09:40:00,585,585,585,585,0
2022-06-07 09:41:00,585,585,585,585,0
2022-06-07 09:42:00,585,585,585,585,0
2022-06-07 09:43:00,580,580,580,580,27100
2022-06-07 09:44:00,580,580,580,580,0
2022-06-07 09:45:00,580,580,580,580,0
2022-06-07 09:46:00,580,580,580,580,0
2022-06-07 09:47:00,580,580,585,585,3300
2022-06-07 09:48:00,580,575,585,585,87200
2022-06-07 09:49:00,585,585,585,585,40500
2022-06-07 09:50:00,585,585,585,585,0
2022-06-07 09:51:00,585,585,585,585,0
2022-06-07 09:52:00,585,585,585,585,0
2022-06-07 09:53:00,585,585,585,585,0
2022-06-07 09:54:00,585,585,585,585,0
2022-06-07 09:55:00,585,585,585,585,0
2022-06-07 09:56:00,585,585,585,585,0
2022-06-07 09:57:00,585,585,585,585,0
2022-06-07 09:58:00,585,585,585,585,0
2022-06-07 09:59:00,585,585,585,585,600
2022-06-07 10:00:00,585,585,585,585,0
2022-06-07 10:01:00,585,585,585,585,0
2022-06-07 10:02:00,585,585,585,585,0
2022-06-07 10:03:00,585,585,585,585,0
2022-06-07 10:04:00,585,585,585,585,0
2022-06-07 10:05:00,585,585,585,585,0
2022-06-07 10:06:00,585,585,585,585,0
2022-06-07 10:07:00,585,585,585,585,0
2022-06-07 10:08:00,585,585,585,585,0
2022-06-07 10:09:00,585,585,585,585,0
2022-06-07 10:10:00,585,585,585,585,0
2022-06-07 10:11:00,585,585,585,585,0
2022-06-07 10:12:00,585,585,585,585,0
2022-06-07 10:13:00,585,585,585,585,0
2022-06-07 10:14:00,585,585,585,585,0
2022-06-07 10:15:00,585,585,585,585,0
2022-06-07 10:16:00,585,585,585,585,0
2022-06-07 10:17:00,585,585,585,585,0
2022-06-07 10:18:00,585,585,585,585,0
2022-06-07 10:19:00,585,585,585,585,0
2022-06-07 10:20:00,585,585,585,585,0
2022-06-07 10:21:00,585,585,585,585,0
2022-06-07 10:22:00,580,580,580,580,11800
2022-06-07 10:23:00,585,585,585,585,300
2022-06-07 10:24:00,585,585,585,585,300
2022-06-07 10:25:00,585,585,585,585,0
2022-06-07 10:26:00,585,585,585,585,0
2022-06-07 10:27:00,585,585,585,585,0
2022-06-07 10:28:00,585,585,585,585,0
2022-06-07 10:29:00,585,585,585,585,0
2022-06-07 10:30:00,585,585,585,585,0
2022-06-07 10:31:00,585,585,585,585,0
2022-06-07 10:32:00,585,585,585,585,0
2022-06-07 10:33:00,585,585,585,585,0
2022-06-07 10:34:00,585,585,585,585,0
2022-06-07 10:35:00,580,580,580,580,3300
2022-06-07 10:36:00,580,580,580,580,0
2022-06-07 10:37:00,580,580,580,580,1700
2022-06-07 10:38:00,585,585,585,585,500
2022-06-07 10:39:00,585,585,585,585,0
2022-06-07 10:40:00,585,585,585,585,0
2022-06-07 10:41:00,585,585,585,585,0
2022-06-07 10:42:00,585,585,585,585,0
2022-06-07 10:43:00,585,585,585,585,0
2022-06-07 10:44:00,585,585,585,585,0
2022-06-07 10:45:00,585,585,585,585,0
2022-06-07 10:46:00,585,585,585,585,0
2022-06-07 10:47:00,585,585,585,585,0
2022-06-07 10:48:00,585,585,585,585,0
2022-06-07 10:49:00,585,585,585,585,0
2022-06-07 10:50:00,585,585,585,585,0
2022-06-07 10:51:00,585,585,585,585,0
2022-06-07 10:52:00,585,585,585,585,0
2022-06-07 10:53:00,585,585,585,585,0
2022-06-07 10:54:00,580,580,580,580,300
2022-06-07 10:55:00,580,580,580,580,0
2022-06-07 10:56:00,585,585,585,585,600
2022-06-07 10:57:00,585,585,585,585,0
2022-06-07 10:58:00,585,585,585,585,0
2022-06-07 10:59:00,585,585,585,585,0
2022-06-07 11:00:00,585,585,585,585,0
2022-06-07 11:01:00,585,585,585,585,0
2022-06-07 11:02:00,585,585,585,585,0
2022-06-07 11:03:00,585,585,585,585,0
2022-06-07 11:04:00,585,585,585,585,0
2022-06-07 11:05:00,585,585,585,585,0
2022-06-07 11:06:00,585,585,585,585,0
2022-06-07 11:07:00,585,585,585,585,0
2022-06-07 11:08:00,585,585,585,585,0
2022-06-07 11:09:00,585,585,585,585,0
2022-06-07 11:10:00,585,585,585,585,0
2022-06-07 11:11:00,580,580,585,585,10300
2022-06-07 11:12:00,580,580,585,585,0
2022-06-07 11:13:00,580,580,585,585,0
2022-06-07 11:14:00,580,580,585,585,0
2022-06-07 11:15:00,580,580,585,585,0
2022-06-07 11:16:00,580,580,585,585,0
2022-06-07 11:17:00,580,580,585,585,0
2022-06-07 11:18:00,580,580,585,585,0
2022-06-07 11:19:00,585,585,585,585,700
2022-06-07 11:20:00,585,585,585,585,0
2022-06-07 11:21:00,580,580,585,585,10400
2022-06-07 11:22:00,580,580,585,585,0
2022-06-07 11:23:00,580,580,585,585,0
2022-06-07 11:24:00,585,585,585,585,300
2022-06-07 11:25:00,585,585,585,585,300
2022-06-07 11:26:00,585,585,585,585,0
2022-06-07 11:27:00,585,585,585,585,400
2022-06-07 11:28:00,585,585,585,585,0
2022-06-07 11:29:00,585,585,585,585,300
2022-06-07 11:30:00,585,585,585,585,0
2022-06-07 11:31:00,585,585,585,585,0
2022-06-07 11:32:00,585,585,585,585,0
2022-06-07 11:33:00,585,585,585,585,0
2022-06-07 11:34:00,585,585,585,585,0
2022-06-07 11:35:00,585,585,585,585,0
2022-06-07 11:36:00,585,585,585,585,0
2022-06-07 11:37:00,585,585,585,585,0
2022-06-07 11:38:00,585,585,585,585,0
2022-06-07 11:39:00,585,585,585,585,0
2022-06-07 11:40:00,585,585,585,585,0
2022-06-07 11:41:00,585,585,585,585,0
2022-06-07 11:42:00,585,585,585,585,0
2022-06-07 11:43:00,585,585,585,585,0
2022-06-07 11:44:00,585,585,585,585,0
2022-06-07 11:45:00,585,585,585,585,0
2022-06-07 11:46:00,585,585,585,585,0
2022-06-07 11:47:00,585,585,585,585,0
2022-06-07 11:48:00,585,585,585,585,0
2022-06-07 11:49:00,585,585,585,585,0
2022-06-07 11:50:00,585,585,585,585,0
2022-06-07 11:51:00,585,585,585,585,0
2022-06-07 11:52:00,585,585,585,585,0
2022-06-07 11:53:00,585,585,585,585,0
2022-06-07 11:54:00,585,585,585,585,0
2022-06-07 11:55:00,585,585,585,585,0
2022-06-07 11:56:00,585,585,585,585,0
2022-06-07 11:57:00,585,585,585,585,0
2022-06-07 11:58:00,585,585,585,585,0
2022-06-07 11:59:00,585,585,585,585,0
2022-06-07 12:00:00,585,585,585,585,0
2022-06-07 12:01:00,585,585,585,585,0
2022-06-07 12:02:00,585,585,585,585,0
2022-06-07 12:03:00,585,585,585,585,0
2022-06-07 12:04:00,585,585,585,585,0
2022-06-07 12:05:00,585,585,585,585,0
2022-06-07 12:06:00,585,585,585,585,0
2022-06-07 12:07:00,585,585,585,585,0
2022-06-07 12:08:00,585,585,585,585,0
2022-06-07 12:09:00,585,585,585,585,0
2022-06-07 12:10:00,585,585,585,585,0
2022-06-07 12:11:00,585,585,585,585,0
2022-06-07 12:12:00,585,585,585,585,0
2022-06-07 12:13:00,585,585,585,585,0
2022-06-07 12:14:00,585,585,585,585,0
2022-06-07 12:15:00,585,585,585,585,0
2022-06-07 12:16:00,585,585,585,585,0
2022-06-07 12:17:00,585,585,585,585,0
2022-06-07 12:18:00,585,585,585,585,0
2022-06-07 12:19:00,585,585,585,585,0
2022-06-07 12:20:00,585,585,585,585,0
2022-06-07 12:21:00,585,585,585,585,0
2022-06-07 12:22:00,585,585,585,585,0
2022-06-07 12:23:00,585,585,585,585,0
2022-06-07 12:24:00,585,585,585,585,0
2022-06-07 12:25:00,585,585,585,585,0
2022-06-07 12:26:00,585,585,585,585,0
2022-06-07 12:27:00,585,585,585,585,0
2022-06-07 12:28:00,585,585,585,585,0
2022-06-07 12:29:00,585,585,585,585,0
2022-06-07 12:30:00,585,585,585,585,0
2022-06-07 12:31:00,585,585,585,585,0
2022-06-07 12:32:00,585,585,585,585,0
2022-06-07 12:33:00,585,585,585,585,0
2022-06-07 12:34:00,585,585,585,585,0
2022-06-07 12:35:00,585,585,585,585,0
2022-06-07 12:36:00,585,585,585,585,0
2022-06-07 12:37:00,585,585,585,585,0
2022-06-07 12:38:00,585,585,585,585,0
2022-06-07 12:39:00,585,585,585,585,0
2022-06-07 12:40:00,585,585,585,585,0
2022-06-07 12:41:00,585,585,585,585,0
2022-06-07 12:42:00,585,585,585,585,0
2022-06-07 12:43:00,585,585,585,585,0
2022-06-07 12:44:00,585,585,585,585,0
2022-06-07 12:45:00,585,585,585,585,0
2022-06-07 12:46:00,585,585,585,585,0
2022-06-07 12:47:00,585,585,585,585,0
2022-06-07 12:48:00,585,585,585,585,0
2022-06-07 12:49:00,585,585,585,585,0
2022-06-07 12:50:00,585,585,585,585,0
2022-06-07 12:51:00,585,585,585,585,0
2022-06-07 12:52:00,585,585,585,585,0
2022-06-07 12:53:00,585,585,585,585,0
2022-06-07 12:54:00,585,585,585,585,0
2022-06-07 12:55:00,585,585,585,585,0
2022-06-07 12:56:00,585,585,585,585,0
2022-06-07 12:57:00,585,585,585,585,0
2022-06-07 12:58:00,585,585,585,585,0
2022-06-07 12:59:00,585,585,585,585,0
2022-06-07 13:00:00,585,585,585,585,0
2022-06-07 13:01:00,585,585,585,585,0
2022-06-07 13:02:00,585,585,585,585,0
2022-06-07 13:03:00,585,585,585,585,0
2022-06-07 13:04:00,585,585,585,585,0
2022-06-07 13:05:00,585,585,585,585,0
2022-06-07 13:06:00,585,585,585,585,0
2022-06-07 13:07:00,585,585,585,585,0
2022-06-07 13:08:00,585,585,585,585,0
2022-06-07 13:09:00,585,585,585,585,0
2022-06-07 13:10:00,585,585,585,585,0
2022-06-07 13:11:00,585,585,585,585,0
2022-06-07 13:12:00,585,585,585,585,0
2022-06-07 13:13:00,585,585,585,585,0
2022-06-07 13:14:00,585,585,585,585,0
2022-06-07 13:15:00,585,585,585,585,0
2022-06-07 13:16:00,585,585,585,585,0
2022-06-07 13:17:00,585,585,585,585,0
2022-06-07 13:18:00,585,585,585,585,0
2022-06-07 13:19:00,585,585,585,585,0
2022-06-07 13:20:00,585,585,585,585,0
2022-06-07 13:21:00,585,585,585,585,0
2022-06-07 13:22:00,585,585,585,585,0
2022-06-07 13:23:00,585,585,585,585,0
2022-06-07 13:24:00,585,585,585,585,0
2022-06-07 13:25:00,585,585,585,585,0
2022-06-07 13:26:00,585,585,585,585,0
2022-06-07 13:27:00,585,585,585,585,0
2022-06-07 13:28:00,585,585,585,585,0
2022-06-07 13:29:00,585,585,585,585,0
2022-06-07 13:30:00,585,585,585,585,0
2022-06-07 13:31:00,585,585,585,585,0
2022-06-07 13:32:00,585,585,585,585,0
2022-06-07 13:33:00,585,585,585,585,0
2022-06-07 13:34:00,585,585,585,585,0
2022-06-07 13:35:00,585,585,585,585,0
2022-06-07 13:36:00,585,585,585,585,30000
2022-06-07 13:37:00,585,585,585,585,1300
2022-06-07 13:38:00,585,585,585,585,0
2022-06-07 13:39:00,585,585,585,585,0
2022-06-07 13:40:00,585,585,585,585,0
2022-06-07 13:41:00,585,585,585,585,0
2022-06-07 13:42:00,585,585,585,585,0
2022-06-07 13:43:00,585,585,585,585,0
2022-06-07 13:44:00,585,585,585,585,0
2022-06-07 13:45:00,580,580,580,580,10000
2022-06-07 13:46:00,585,585,585,585,300
2022-06-07 13:47:00,585,585,585,585,1000
2022-06-07 13:48:00,585,585,585,585,0
2022-06-07 13:49:00,585,585,585,585,0
2022-06-07 13:50:00,585,585,585,585,0
2022-06-07 13:51:00,585,585,585,585,0
2022-06-07 13:52:00,585,585,585,585,0
2022-06-07 13:53:00,585,585,585,585,100
2022-06-07 13:54:00,585,585,585,585,0
2022-06-07 13:55:00,585,585,585,585,0
2022-06-07 13:56:00,585,585,585,585,0
2022-06-07 13:57:00,585,585,585,585,0
2022-06-07 13:58:00,585,585,585,585,0
2022-06-07 13:59:00,585,585,585,585,0
2022-06-07 14:00:00,585,585,585,585,0
2022-06-07 14:01:00,585,585,585,585,0
2022-06-07 14:02:00,585,585,585,585,0
2022-06-07 14:03:00,585,585,585,585,0
2022-06-07 14:04:00,585,585,585,585,0
2022-06-07 14:05:00,585,585,585,585,0
2022-06-07 14:06:00,585,585,585,585,0
2022-06-07 14:07:00,585,585,585,585,0
2022-06-07 14:08:00,585,585,585,585,0
2022-06-07 14:09:00,585,585,585,585,0
2022-06-07 14:10:00,585,585,585,585,0
2022-06-07 14:11:00,585,585,585,585,0
2022-06-07 14:12:00,585,585,585,585,0
2022-06-07 14:13:00,585,585,585,585,0
2022-06-07 14:14:00,585,585,585,585,0
2022-06-07 14:15:00,585,585,585,585,0
2022-06-07 14:16:00,585,585,585,585,0
2022-06-07 14:17:00,585,585,585,585,0
2022-06-07 14:18:00,585,585,585,585,0
2022-06-07 14:19:00,585,585,585,585,0
2022-06-07 14:20:00,585,585,585,585,0
2022-06-07 14:21:00,585,585,585,585,0
2022-06-07 14:22:00,585,585,585,585,0
2022-06-07 14:23:00,585,585,585,585,0
2022-06-07 14:24:00,585,585,585,585,0
2022-06-07 14:25:00,585,585,585,585,0
2022-06-07 14:26:00,585,585,585,585,0
2022-06-07 14:27:00,585,585,585,585,0
2022-06-07 14:28:00,585,585,585,585,0
2022-06-07 14:29:00,585,585,585,585,0
2022-06-07 14:30:00,585,585,585,585,0
2022-06-07 14:31:00,585,585,585,585,0
2022-06-07 14:32:00,585,585,585,585,0
2022-06-07 14:33:00,585,585,585,585,0
2022-06-07 14:34:00,585,585,585,585,0
2022-06-07 14:35:00,585,585,585,585,0
2022-06-07 14:36:00,585,585,585,585,0
2022-06-07 14:37:00,580,580,585,585,400
2022-06-07 14:38:00,580,580,585,585,0
2022-06-07 14:39:00,580,580,585,585,0
2022-06-07 14:40:00,580,580,585,585,0
2022-06-07 14:41:00,580,580,585,585,0
2022-06-07 14:42:00,580,580,585,585,0
2022-06-07 14:43:00,580,580,585,585,0
2022-06-07 14:44:00,580,580,585,585,0
2022-06-07 14:45:00,580,580,585,585,0
2022-06-07 14:46:00,580,580,580,580,100
2022-06-07 14:47:00,585,585,585,585,300
2022-06-07 14:48:00,585,585,585,585,900
2022-06-07 14:49:00,585,585,585,585,1000
2022-06-07 14:50:00,585,585,585,585,0
2022-06-07 14:51:00,585,585,585,585,0
2022-06-07 14:52:00,585,585,585,585,0
2022-06-07 14:53:00,585,585,585,585,0
2022-06-07 14:54:00,585,585,585,585,0
2022-06-07 14:55:00,585,585,585,585,0
2022-06-07 14:56:00,585,585,585,585,0
2022-06-07 14:57:00,585,585,585,585,0
2022-06-07 14:58:00,585,585,585,585,0
2022-06-07 14:59:00,585,585,585,585,0
2022-06-07 15:00:00,580,580,580,580,102500
2022-06-07 15:01:00,580,580,580,580,0
2022-06-07 15:02:00,580,580,580,580,0
2022-06-07 15:03:00,580,580,580,580,1800
2022-06-07 15:04:00,580,580,580,580,0
2022-06-07 15:05:00,580,580,580,580,0
2022-06-07 15:06:00,580,580,580,580,0
2022-06-07 15:07:00,580,580,580,580,0
2022-06-07 15:08:00,580,580,580,580,0
2022-06-07 15:09:00,580,580,580,580,0
2022-06-07 15:10:00,580,580,580,580,0
2022-06-07 15:11:00,580,580,580,580,0
2022-06-07 15:12:00,580,580,580,580,0
2022-06-07 15:13:00,580,580,580,580,0
2022-06-07 15:14:00,580,580,580,580,0
2022-06-07 15:15:00,580,580,580,580,0
2022-06-07 15:16:00,580,580,580,580,0
2022-06-07 15:17:00,580,580,580,580,0
2022-06-07 15:18:00,580,580,580,580,0
2022-06-07 15:19:00,580,580,580,580,0
2022-06-07 15:20:00,580,580,580,580,0
2022-06-07 15:21:00,580,580,580,580,0
2022-06-07 15:22:00,580,580,580,580,0
2022-06-07 15:23:00,580,580,580,580,0
2022-06-07 15:24:00,580,580,580,580,0
2022-06-07 15:25:00,580,580,580,580,0
2022-06-07 15:26:00,580,580,580,580,0
2022-06-07 15:27:00,580,580,580,580,0
2022-06-07 15:28:00,580,580,580,580,0
2022-06-07 15:29:00,580,580,580,580,0
2022-06-07 15:30:00,580,580,580,580,0
2022-06-07 15:31:00,580,580,580,580,0
2022-06-07 15:32:00,580,580,580,580,0
2022-06-07 15:33:00,580,580,580,580,0
2022-06-07 15:34:00,580,580,580,580,0
2022-06-07 15:35:00,580,580,580,580,0
2022-06-07 15:36:00,580,580,580,580,0
2022-06-07 15:37:00,580,580,580,580,0
2022-06-07 15:38:00,580,580,580,580,0
2022-06-07 15:39:00,580,580,580,580,0
2022-06-07 15:40:00,580,580,580,580,0
2022-06-07 15:41:00,580,580,580,580,0
2022-06-07 15:42:00,580,580,580,580,0
2022-06-07 15:43:00,580,580,580,580,0
2022-06-07 15:44:00,580,580,580,580,0
2022-06-07 15:45:00,580,580,580,580,0
2022-06-07 15:46:00,580,580,580,580,0
2022-06-07 15:47:00,580,580,580,580,0
2022-06-07 15:48:00,580,580,580,580,0
2022-06-07 15:49:00,580,580,580,580,0
2022-06-07 15:50:00,580,580,580,580,0
2022-06-07 15:51:00,580,580,580,580,0
2022-06-07 15:52:00,580,580,580,580,0
2022-06-07 15:53:00,580,580,580,580,0
2022-06-07 15:54:00,580,580,580,580,0
2022-06-07 15:55:00,580,580,580,580,0
2022-06-07 15:56:00,580,580,580,580,0
2022-06-07 15:57:00,580,580,580,580,0
2022-06-07 15:58:00,580,580,580,580,0
2022-06-07 15:59:00,580,580,580,580,0
2022-06-08 09:00:00,580,580,580,580,0
2022-06-08 09:01:00,580,580,580,580,0
2022-06-08 09:02:00,580,580,580,580,0
2022-06-08 09:03:00,580,580,580,580,0
2022-06-08 09:04:00,580,580,580,580,0
2022-06-08 09:05:00,580,580,580,580,0
2022-06-08 09:06:00,580,580,585,585,45000
2022-06-08 09:07:00,580,580,585,585,0
2022-06-08 09:08:00,580,580,585,585,0
2022-06-08 09:09:00,580,570,580,570,56900
2022-06-08 09:10:00,585,585,585,585,800
2022-06-08 09:11:00,585,585,585,585,20000
2022-06-08 09:12:00,585,585,585,585,0
2022-06-08 09:13:00,580,580,580,580,1300
2022-06-08 09:14:00,580,580,585,585,500
2022-06-08 09:15:00,580,580,585,585,0
2022-06-08 09:16:00,580,580,585,585,1800
2022-06-08 09:17:00,580,580,585,585,0
2022-06-08 09:18:00,585,580,585,580,1400
2022-06-08 09:19:00,580,580,585,585,1200
2022-06-08 09:20:00,580,575,580,575,11100
2022-06-08 09:21:00,570,570,570,570,54600
2022-06-08 09:22:00,580,580,580,580,400
2022-06-08 09:23:00,580,580,580,580,0
2022-06-08 09:24:00,580,580,585,585,20700
2022-06-08 09:25:00,585,580,585,580,1000
2022-06-08 09:26:00,580,580,585,585,1600
2022-06-08 09:27:00,580,580,585,585,0
2022-06-08 09:28:00,580,580,585,585,0
2022-06-08 09:29:00,580,580,585,585,0
2022-06-08 09:30:00,585,585,590,590,100000
2022-06-08 09:31:00,590,590,590,590,6500
2022-06-08 09:32:00,590,590,590,590,500
2022-06-08 09:33:00,590,590,590,590,300
2022-06-08 09:34:00,590,590,590,590,0
2022-06-08 09:35:00,590,590,590,590,0
2022-06-08 09:36:00,590,590,590,590,0
2022-06-08 09:37:00,590,590,590,590,0
2022-06-08 09:38:00,590,590,590,590,0
2022-06-08 09:39:00,590,590,590,590,0
2022-06-08 09:40:00,590,590,590,590,0
2022-06-08 09:41:00,590,590,590,590,0
2022-06-08 09:42:00,590,585,590,585,400
2022-06-08 09:43:00,590,590,590,590,500
2022-06-08 09:44:00,585,585,585,585,100
2022-06-08 09:45:00,590,590,590,590,400
2022-06-08 09:46:00,590,590,590,590,0
2022-06-08 09:47:00,590,590,590,590,400
2022-06-08 09:48:00,590,590,590,590,0
2022-06-08 09:49:00,590,590,590,590,0
2022-06-08 09:50:00,590,590,590,590,0
2022-06-08 09:51:00,590,590,590,590,0
2022-06-08 09:52:00,590,590,590,590,0
2022-06-08 09:53:00,590,590,590,590,0
2022-06-08 09:54:00,590,590,590,590,0
2022-06-08 09:55:00,590,590,590,590,0
2022-06-08 09:56:00,585,585,590,590,3600
2022-06-08 09:57:00,585,585,590,590,0
2022-06-08 09:58:00,585,585,590,590,0
2022-06-08 09:59:00,590,590,590,590,1700
2022-06-08 10:00:00,585,585,590,590,1600
2022-06-08 10:01:00,585,585,590,590,0
2022-06-08 10:02:00,585,585,590,590,0
2022-06-08 10:03:00,585,585,590,590,0
2022-06-08 10:04:00,585,585,585,585,100
2022-06-08 10:05:00,590,590,590,590,500
2022-06-08 10:06:00,590,590,590,590,0
2022-06-08 10:07:00,590,590,590,590,0
2022-06-08 10:08:00,590,590,590,590,0
2022-06-08 10:09:00,590,590,590,590,0
2022-06-08 10:10:00,590,590,590,590,500
2022-06-08 10:11:00,590,590,590,590,0
2022-06-08 10:12:00,585,585,585,585,2000
2022-06-08 10:13:00,585,585,585,585,0
2022-06-08 10:14:00,585,585,585,585,0
2022-06-08 10:15:00,585,585,585,585,4100
2022-06-08 10:16:00,585,585,590,590,4200
2022-06-08 10:17:00,585,575,590,580,12300
2022-06-08 10:18:00,575,565,585,580,120000
2022-06-08 10:19:00,565,555,580,580,216200
2022-06-08 10:20:00,550,550,550,550,17300
2022-06-08 10:21:00,555,555,580,580,50100
2022-06-08 10:22:00,570,570,575,575,23200
2022-06-08 10:23:00,570,570,575,575,400
2022-06-08 10:24:00,570,570,575,575,2000
2022-06-08 10:25:00,575,570,575,575,800
2022-06-08 10:26:00,575,570,575,575,0
2022-06-08 10:27:00,575,570,575,575,0
2022-06-08 10:28:00,575,570,575,575,0
2022-06-08 10:29:00,575,570,575,575,0
2022-06-08 10:30:00,575,575,585,585,110000
2022-06-08 10:31:00,585,585,585,585,300
2022-06-08 10:32:00,585,580,585,580,1100
2022-06-08 10:33:00,585,580,585,580,0
2022-06-08 10:34:00,585,580,585,580,0
2022-06-08 10:35:00,585,580,585,580,0
2022-06-08 10:36:00,585,580,585,580,0
2022-06-08 10:37:00,585,580,585,580,0
2022-06-08 10:38:00,585,580,585,580,0
2022-06-08 10:39:00,585,580,585,580,0
2022-06-08 10:40:00,585,580,585,580,0
2022-06-08 10:41:00,575,575,575,575,100
2022-06-08 10:42:00,580,580,580,580,300
2022-06-08 10:43:00,580,580,580,580,0
2022-06-08 10:44:00,580,580,580,580,0
2022-06-08 10:45:00,580,580,580,580,0
2022-06-08 10:46:00,580,580,580,580,0
2022-06-08 10:47:00,580,580,580,580,0
2022-06-08 10:48:00,580,580,580,580,0
2022-06-08 10:49:00,580,580,580,580,0
2022-06-08 10:50:00,580,580,580,580,0
2022-06-08 10:51:00,580,580,580,580,0
2022-06-08 10:52:00,580,580,580,580,0
2022-06-08 10:53:00,580,580,580,580,0
2022-06-08 10:54:00,580,580,580,580,0
2022-06-08 10:55:00,580,580,580,580,0
2022-06-08 10:56:00,580,580,580,580,0
2022-06-08 10:57:00,580,580,580,580,0
2022-06-08 10:58:00,580,580,580,580,0
2022-06-08 10:59:00,580,580,580,580,0
2022-06-08 11:00:00,575,560,580,560,47100
2022-06-08 11:01:00,565,565,575,575,1800
2022-06-08 11:02:00,575,560,575,570,41300
2022-06-08 11:03:00,570,545,575,545,166600
2022-06-08 11:04:00,540,540,575,575,188200
2022-06-08 11:05:00,545,540,545,545,272800
2022-06-08 11:06:00,540,540,575,545,389300
2022-06-08 11:07:00,565,540,565,540,489400
2022-06-08 11:08:00,545,540,565,565,277600
2022-06-08 11:09:00,565,550,570,550,100100
2022-06-08 11:10:00,565,560,565,560,1000
2022-06-08 11:11:00,560,555,565,565,3700
2022-06-08 11:12:00,565,560,565,560,1400
2022-06-08 11:13:00,560,560,560,560,600
2022-06-08 11:14:00,555,555,560,560,400
2022-06-08 11:15:00,555,555,560,560,0
2022-06-08 11:16:00,560,560,560,560,100
2022-06-08 11:17:00,555,555,555,555,300
2022-06-08 11:18:00,550,550,560,560,1900
2022-06-08 11:19:00,560,560,575,575,100300
2022-06-08 11:20:00,570,570,575,575,1300
2022-06-08 11:21:00,570,570,575,575,0
2022-06-08 11:22:00,575,575,575,575,300
2022-06-08 11:23:00,570,570,580,575,21300
2022-06-08 11:24:00,575,570,575,575,2600
2022-06-08 11:25:00,575,575,575,575,2200
2022-06-08 11:26:00,575,575,575,575,300
2022-06-08 11:27:00,575,575,575,575,500
2022-06-08 11:28:00,575,575,575,575,0
2022-06-08 11:29:00,575,575,575,575,1600
2022-06-08 11:30:00,575,575,575,575,0
2022-06-08 11:31:00,575,575,575,575,0
2022-06-08 11:32:00,575,575,575,575,0
2022-06-08 11:33:00,575,575,575,575,0
2022-06-08 11:34:00,575,575,575,575,0
2022-06-08 11:35:00,575,575,575,575,0
2022-06-08 11:36:00,575,575,575,575,0
2022-06-08 11:37:00,575,575,575,575,0
2022-06-08 11:38:00,575,575,575,575,0
2022-06-08 11:39:00,575,575,575,575,0
2022-06-08 11:40:00,575,575,575,575,0
2022-06-08 11:41:00,575,575,575,575,0
2022-06-08 11:42:00,575,575,575,575,0
2022-06-08 11:43:00,575,575,575,575,0
2022-06-08 11:44:00,575,575,575,575,0
2022-06-08 11:45:00,575,575,575,575,0
2022-06-08 11:46:00,575,575,575,575,0
2022-06-08 11:47:00,575,575,575,575,0
2022-06-08 11:48:00,575,575,575,575,0
2022-06-08 11:49:00,575,575,575,575,0
2022-06-08 11:50:00,575,575,575,575,0
2022-06-08 11:51:00,575,575,575,575,0
2022-06-08 11:52:00,575,575,575,575,0
2022-06-08 11:53:00,575,575,575,575,0
2022-06-08 11:54:00,575,575,575,575,0
2022-06-08 11:55:00,575,575,575,575,0
2022-06-08 11:56:00,575,575,575,575,0
2022-06-08 11:57:00,575,575,575,575,0
2022-06-08 11:58:00,575,575,575,575,0
2022-06-08 11:59:00,575,575,575,575,0
2022-06-08 12:00:00,575,575,575,575,0
2022-06-08 12:01:00,575,575,575,575,0
2022-06-08 12:02:00,575,575,575,575,0
2022-06-08 12:03:00,575,575,575,575,0
2022-06-08 12:04:00,575,575,575,575,0
2022-06-08 12:05:00,575,575,575,575,0
2022-06-08 12:06:00,575,575,575,575,0
2022-06-08 12:07:00,575,575,575,575,0
2022-06-08 12:08:00,575,575,575,575,0
2022-06-08 12:09:00,575,575,575,575,0
2022-06-08 12:10:00,575,575,575,575,0
2022-06-08 12:11:00,575,575,575,575,0
2022-06-08 12:12:00,575,575,575,575,0
2022-06-08 12:13:00,575,575,575,575,0
2022-06-08 12:14:00,575,575,575,575,0
2022-06-08 12:15:00,575,575,575,575,0
2022-06-08 12:16:00,575,575,575,575,0
2022-06-08 12:17:00,575,575,575,575,0
2022-06-08 12:18:00,575,575,575,575,0
2022-06-08 12:19:00,575,575,575,575,0
2022-06-08 12:20:00,575,575,575,575,0
2022-06-08 12:21:00,575,575,575,575,0
2022-06-08 12:22:00,575,575,575,575,0
2022-06-08 12:23:00,575,575,575,575,0
2022-06-08 12:24:00,575,575,575,575,0
2022-06-08 12:25:00,575,575,575,575,0
2022-06-08 12:26:00,575,575,575,575,0
2022-06-08 12:27:00,575,575,575,575,0
2022-06-08 12:28:00,575,575,575,575,0
2022-06-08 12:29:00,575,575,575,575,0
2022-06-08 12:30:00,575,575,575,575,0
2022-06-08 12:31:00,575,575,575,575,0
2022-06-08 12:32:00,575,575,575,575,0
2022-06-08 12:33:00,575,575,575,575,0
2022-06-08 12:34:00,575,575,575,575,0
2022-06-08 12:35:00,575,575,575,575,0
2022-06-08 12:36:00,575,575,575,575,0
2022-06-08 12:37:00,575,575,575,575,0
2022-06-08 12:38:00,575,575,575,575,0
2022-06-08 12:39:00,575,575,575,575,0
2022-06-08 12:40:00,575,575,575,575,0
2022-06-08 12:41:00,575,575,575,575,0
2022-06-08 12:42:00,575,575,575,575,0
2022-06-08 12:43:00,575,575,575,575,0
2022-06-08 12:44:00,575,575,575,575,0
2022-06-08 12:45:00,575,575,575,575,0
2022-06-08 12:46:00,575,575,575,575,0
2022-06-08 12:47:00,575,575,575,575,0
2022-06-08 12:48:00,575,575,575,575,0
2022-06-08 12:49:00,575,575,575,575,0
2022-06-08 12:50:00,575,575,575,575,0
2022-06-08 12:51:00,575,575,575,575,0
2022-06-08 12:52:00,575,575,575,575,0
2022-06-08 12:53:00,575,575,575,575,0
2022-06-08 12:54:00,575,575,575,575,0
2022-06-08 12:55:00,575,575,575,575,0
2022-06-08 12:56:00,575,575,575,575,0
2022-06-08 12:57:00,575,575,575,575,0
2022-06-08 12:58:00,575,575,575,575,0
2022-06-08 12:59:00,575,575,575,575,0
2022-06-08 13:00:00,575,575,575,575,0
2022-06-08 13:01:00,575,575,575,575,0
2022-06-08 13:02:00,575,575,575,575,0
2022-06-08 13:03:00,575,575,575,575,0
2022-06-08 13:04:00,575,575,575,575,0
2022-06-08 13:05:00,575,575,575,575,0
2022-06-08 13:06:00,575,575,575,575,0
2022-06-08 13:07:00,575,575,575,575,0
2022-06-08 13:08:00,575,575,575,575,0
2022-06-08 13:09:00,575,575,575,575,0
2022-06-08 13:10:00,575,575,575,575,0
2022-06-08 13:11:00,575,575,575,575,0
2022-06-08 13:12:00,575,575,575,575,0
2022-06-08 13:13:00,575,575,575,575,0
2022-06-08 13:14:00,575,575,575,575,0
2022-06-08 13:15:00,575,575,575,575,0
2022-06-08 13:16:00,575,575,575,575,0
2022-06-08 13:17:00,575,575,575,575,0
2022-06-08 13:18:00,575,575,575,575,0
2022-06-08 13:19:00,575,575,575,575,0
2022-06-08 13:20:00,575,575,575,575,0
2022-06-08 13:21:00,575,575,575,575,0
2022-06-08 13:22:00,575,575,575,575,0
2022-06-08 13:23:00,575,575,575,575,0
2022-06-08 13:24:00,575,575,575,575,0
2022-06-08 13:25:00,575,575,575,575,0
2022-06-08 13:26:00,575,575,575,575,0
2022-06-08 13:27:00,575,575,575,575,0
2022-06-08 13:28:00,575,575,575,575,0
2022-06-08 13:29:00,575,575,575,575,0
2022-06-08 13:30:00,570,570,580,575,26300
2022-06-08 13:31:00,575,575,575,575,200
2022-06-08 13:32:00,575,575,575,575,0
2022-06-08 13:33:00,575,575,580,580,30000
2022-06-08 13:34:00,580,575,580,580,1000
2022-06-08 13:35:00,580,575,580,580,900
2022-06-08 13:36:00,575,575,580,580,1100
2022-06-08 13:37:00,575,575,575,575,1700
2022-06-08 13:38:00,575,575,580,575,1500
2022-06-08 13:39:00,575,575,585,585,11400
2022-06-08 13:40:00,585,585,585,585,400
2022-06-08 13:41:00,580,580,585,585,700
2022-06-08 13:42:00,585,585,585,585,300
2022-06-08 13:43:00,585,580,585,580,600
2022-06-08 13:44:00,585,585,585,585,500
2022-06-08 13:45:00,585,585,585,585,100
2022-06-08 13:46:00,585,585,585,585,0
2022-06-08 13:47:00,585,585,585,585,0
2022-06-08 13:48:00,580,580,580,580,2200
2022-06-08 13:49:00,580,580,580,580,0
2022-06-08 13:50:00,580,580,580,580,0
2022-06-08 13:51:00,580,580,580,580,0
2022-06-08 13:52:00,580,580,580,580,0
2022-06-08 13:53:00,580,580,580,580,0
2022-06-08 13:54:00,580,580,580,580,0
2022-06-08 13:55:00,580,580,580,580,0
2022-06-08 13:56:00,580,580,580,580,100
2022-06-08 13:57:00,580,580,585,585,16000
2022-06-08 13:58:00,580,580,585,585,500
2022-06-08 13:59:00,585,585,585,585,300
2022-06-08 14:00:00,585,585,585,585,0
2022-06-08 14:01:00,585,585,585,585,500
2022-06-08 14:02:00,585,585,585,585,0
2022-06-08 14:03:00,580,580,580,580,1200
2022-06-08 14:04:00,585,585,585,585,300
2022-06-08 14:05:00,585,585,585,585,0
2022-06-08 14:06:00,585,585,585,585,0
2022-06-08 14:07:00,585,585,585,585,0
2022-06-08 14:08:00,580,580,580,580,100
2022-06-08 14:09:00,585,585,585,585,300
2022-06-08 14:10:00,585,585,585,585,0
2022-06-08 14:11:00,585,585,585,585,0
2022-06-08 14:12:00,585,585,585,585,0
2022-06-08 14:13:00,585,585,585,585,0
2022-06-08 14:14:00,585,585,585,585,0
2022-06-08 14:15:00,585,585,585,585,0
2022-06-08 14:16:00,585,585,585,585,0
2022-06-08 14:17:00,585,585,585,585,0
2022-06-08 14:18:00,585,585,585,585,0
2022-06-08 14:19:00,585,585,585,585,0
2022-06-08 14:20:00,585,585,585,585,0
2022-06-08 14:21:00,585,585,585,585,0
2022-06-08 14:22:00,580,580,580,580,500
2022-06-08 14:23:00,580,580,580,580,0
2022-06-08 14:24:00,580,580,580,580,0
2022-06-08 14:25:00,580,580,580,580,0
2022-06-08 14:26:00,580,580,580,580,0
2022-06-08 14:27:00,580,580,580,580,0
2022-06-08 14:28:00,580,580,580,580,0
2022-06-08 14:29:00,580,580,585,585,35000
2022-06-08 14:30:00,580,580,585,585,0
2022-06-08 14:31:00,580,580,585,585,0
2022-06-08 14:32:00,580,580,585,585,0
2022-06-08 14:33:00,580,580,585,585,1100
2022-06-08 14:34:00,580,580,585,585,0
2022-06-08 14:35:00,580,580,585,585,0
2022-06-08 14:36:00,580,580,585,585,0
2022-06-08 14:37:00,580,580,585,585,0
2022-06-08 14:38:00,585,585,585,585,300
2022-06-08 14:39:00,585,585,585,585,0
2022-06-08 14:40:00,580,580,580,580,800
2022-06-08 14:41:00,580,580,580,580,0
2022-06-08 14:42:00,580,580,580,580,0
2022-06-08 14:43:00,580,580,580,580,300
2022-06-08 14:44:00,580,580,580,580,0
2022-06-08 14:45:00,580,580,585,585,20200
2022-06-08 14:46:00,585,585,585,585,600
2022-06-08 14:47:00,585,585,585,585,900
2022-06-08 14:48:00,585,580,585,580,1600
2022-06-08 14:49:00,580,580,585,585,10600
2022-06-08 14:50:00,580,580,585,585,0
2022-06-08 14:51:00,580,580,585,585,0
2022-06-08 14:52:00,580,580,585,585,0
2022-06-08 14:53:00,580,580,585,585,0
2022-06-08 14:54:00,580,580,585,585,0
2022-06-08 14:55:00,580,580,585,585,0
2022-06-08 14:56:00,580,580,585,585,0
2022-06-08 14:57:00,580,580,585,585,0
2022-06-08 14:58:00,580,580,585,585,0
2022-06-08 14:59:00,580,580,585,585,0
2022-06-08 15:00:00,585,585,585,585,125300
2022-06-08 15:01:00,585,585,585,585,0
2022-06-08 15:02:00,585,585,585,585,0
2022-06-08 15:03:00,585,585,585,585,0
2022-06-08 15:04:00,585,585,585,585,0
2022-06-08 15:05:00,585,585,585,585,0
2022-06-08 15:06:00,585,585,585,585,0
2022-06-08 15:07:00,585,585,585,585,0
2022-06-08 15:08:00,585,585,585,585,0
2022-06-08 15:09:00,585,585,585,585,0
2022-06-08 15:10:00,585,585,585,585,0
2022-06-08 15:11:00,585,585,585,585,0
2022-06-08 15:12:00,585,585,585,585,1700
2022-06-08 15:13:00,585,585,585,585,0
2022-06-08 15:14:00,585,585,585,585,0
2022-06-08 15:15:00,585,585,585,585,0
2022-06-08 15:16:00,585,585,585,585,0
2022-06-08 15:17:00,585,585,585,585,0
2022-06-08 15:18:00,585,585,585,585,0
2022-06-08 15:19:00,585,585,585,585,0
2022-06-08 15:20:00,585,585,585,585,0
2022-06-08 15:21:00,585,585,585,585,0
2022-06-08 15:22:00,585,585,585,585,0
2022-06-08 15:23:00,585,585,585,585,0
2022-06-08 15:24:00,585,585,585,585,0
2022-06-08 15:25:00,585,585,585,585,0
2022-06-08 15:26:00,585,585,585,585,0
2022-06-08 15:27:00,585,585,585,585,0
2022-06-08 15:28:00,585,585,585,585,0
2022-06-08 15:29:00,585,585,585,585,0
2022-06-08 15:30:00,585,585,585,585,0
2022-06-08 15:31:00,585,585,585,585,0
2022-06-08 15:32:00,585,585,585,585,0
2022-06-08 15:33:00,585,585,585,585,0
2022-06-08 15:34:00,585,585,585,585,0
2022-06-08 15:35:00,585,585,585,585,0
2022-06-08 15:36:00,585,585,585,585,0
2022-06-08 15:37:00,585,585,585,585,0
2022-06-08 15:38:00,585,585,585,585,0
2022-06-08 15:39:00,585,585,585,585,0
2022-06-08 15:40:00,585,585,585,585,0
2022-06-08 15:41:00,585,585,585,585,0
2022-06-08 15:42:00,585,585,585,585,0
2022-06-08 15:43:00,585,585,585,585,0
2022-06-08 15:44:00,585,585,585,585,0
2022-06-08 15:45:00,585,585,585,585,0
2022-06-08 15:46:00,585,585,585,585,0
2022-06-08 15:47:00,585,585,585,585,0
2022-06-08 15:48:00,585,585,585,585,0
2022-06-08 15:49:00,585,585,585,585,0
2022-06-08 15:50:00,585,585,585,585,0
2022-06-08 15:51:00,585,585,585,585,0
2022-06-08 15:52:00,585,585,585,585,0
2022-06-08 15:53:00,585,585,585,585,0
2022-06-08 15:54:00,585,585,585,585,0
2022-06-08 15:55:00,585,585,585,585,0
2022-06-08 15:56:00,585,585,585,585,0
2022-06-08 15:57:00,585,585,585,585,0
2022-06-08 15:58:00,585,585,585,585,0
2022-06-08 15:59:00,585,585,585,585,0
2022-06-09 09:00:00,585,575,585,585,0
2022-06-09 09:01:00,585,575,585,585,0
2022-06-09 09:02:00,585,575,585,585,0
2022-06-09 09:03:00,585,575,585,585,0
2022-06-09 09:04:00,585,585,585,585,600
2022-06-09 09:05:00,585,585,585,585,0
2022-06-09 09:06:00,585,585,585,585,1000
2022-06-09 09:07:00,580,580,580,580,600
2022-06-09 09:08:00,585,585,585,585,500
2022-06-09 09:09:00,585,585,585,585,0
2022-06-09 09:10:00,585,585,585,585,0
2022-06-09 09:11:00,585,580,585,585,52700
2022-06-09 09:12:00,585,580,585,585,0
2022-06-09 09:13:00,585,585,585,585,1700
2022-06-09 09:14:00,585,585,585,585,900
2022-06-09 09:15:00,585,585,585,585,0
2022-06-09 09:16:00,585,585,585,585,0
2022-06-09 09:17:00,585,585,585,585,0
2022-06-09 09:18:00,585,585,585,585,0
2022-06-09 09:19:00,585,585,585,585,1400
2022-06-09 09:20:00,585,585,605,595,302500
2022-06-09 09:21:00,600,600,605,605,11200
2022-06-09 09:22:00,600,600,605,605,0
2022-06-09 09:23:00,600,600,605,600,500
2022-06-09 09:24:00,600,600,605,605,5600
2022-06-09 09:25:00,600,600,605,605,0
2022-06-09 09:26:00,600,600,605,605,0
2022-06-09 09:27:00,600,600,605,605,0
2022-06-09 09:28:00,600,600,605,605,0
2022-06-09 09:29:00,600,600,600,600,100
2022-06-09 09:30:00,605,605,605,605,500
2022-06-09 09:31:00,605,600,605,600,8300
2022-06-09 09:32:00,605,600,605,605,5900
2022-06-09 09:33:00,605,605,605,605,1600
2022-06-09 09:34:00,600,600,605,600,22600
2022-06-09 09:35:00,600,600,605,600,0
2022-06-09 09:36:00,600,600,600,600,12600
2022-06-09 09:37:00,600,600,600,600,100
2022-06-09 09:38:00,600,600,600,600,1900
2022-06-09 09:39:00,595,595,595,595,3000
2022-06-09 09:40:00,590,590,595,595,5000
2022-06-09 09:41:00,590,590,595,595,0
2022-06-09 09:42:00,595,595,600,595,3300
2022-06-09 09:43:00,595,595,595,595,700
2022-06-09 09:44:00,595,595,600,600,1100
2022-06-09 09:45:00,600,600,600,600,300
2022-06-09 09:46:00,600,600,600,600,0
2022-06-09 09:47:00,600,600,600,600,900
2022-06-09 09:48:00,600,600,600,600,300
2022-06-09 09:49:00,595,595,595,595,1600
2022-06-09 09:50:00,595,595,595,595,1000
2022-06-09 09:51:00,600,600,600,600,1500
2022-06-09 09:52:00,595,595,595,595,1700
2022-06-09 09:53:00,595,595,600,595,1800
2022-06-09 09:54:00,590,590,600,600,2900
2022-06-09 09:55:00,600,595,600,595,2700
2022-06-09 09:56:00,595,595,595,595,500
2022-06-09 09:57:00,595,595,595,595,900
2022-06-09 09:58:00,595,595,600,600,1200
2022-06-09 09:59:00,600,600,600,600,200
2022-06-09 10:00:00,600,600,600,600,0
2022-06-09 10:01:00,600,600,600,600,0
2022-06-09 10:02:00,600,600,600,600,0
2022-06-09 10:03:00,600,600,600,600,0
2022-06-09 10:04:00,600,600,600,600,0
2022-06-09 10:05:00,600,600,600,600,0
2022-06-09 10:06:00,600,600,600,600,0
2022-06-09 10:07:00,600,600,600,600,0
2022-06-09 10:08:00,600,600,600,600,0
2022-06-09 10:09:00,595,595,600,600,4200
2022-06-09 10:10:00,595,595,600,600,0
2022-06-09 10:11:00,595,595,600,600,0
2022-06-09 10:12:00,595,595,595,595,300
2022-06-09 10:13:00,595,595,595,595,0
2022-06-09 10:14:00,600,600,600,600,400
2022-06-09 10:15:00,600,600,600,600,200
2022-06-09 10:16:00,600,600,600,600,1000
2022-06-09 10:17:00,600,600,600,600,0
2022-06-09 10:18:00,600,600,600,600,0
2022-06-09 10:19:00,595,595,595,595,2100
2022-06-09 10:20:00,595,595,595,595,0
2022-06-09 10:21:00,590,590,590,590,2500
2022-06-09 10:22:00,595,595,595,595,400
2022-06-09 10:23:00,595,595,595,595,0
2022-06-09 10:24:00,595,595,595,595,200
2022-06-09 10:25:00,595,595,595,595,100
2022-06-09 10:26:00,595,595,595,595,0
2022-06-09 10:27:00,595,595,595,595,0
2022-06-09 10:28:00,595,595,595,595,0
2022-06-09 10:29:00,595,595,595,595,0
2022-06-09 10:30:00,595,595,595,595,14500
2022-06-09 10:31:00,595,595,595,595,0
2022-06-09 10:32:00,595,595,595,595,0
2022-06-09 10:33:00,595,595,595,595,0
2022-06-09 10:34:00,595,595,595,595,0
2022-06-09 10:35:00,595,595,595,595,0
2022-06-09 10:36:00,590,590,590,590,1300
2022-06-09 10:37:00,590,590,590,590,0
2022-06-09 10:38:00,595,595,595,595,2500
2022-06-09 10:39:00,595,595,595,595,0
2022-06-09 10:40:00,595,595,595,595,0
2022-06-09 10:41:00,595,595,595,595,0
2022-06-09 10:42:00,595,595,595,595,0
2022-06-09 10:43:00,595,595,595,595,0
2022-06-09 10:44:00,595,595,595,595,0
2022-06-09 10:45:00,595,595,595,595,0
2022-06-09 10:46:00,595,595,595,595,0
2022-06-09 10:47:00,595,595,595,595,500
2022-06-09 10:48:00,595,595,595,595,100
2022-06-09 10:49:00,595,595,595,595,1500
2022-06-09 10:50:00,595,595,595,595,0
2022-06-09 10:51:00,595,595,595,595,0
2022-06-09 10:52:00,595,595,595,595,0
2022-06-09 10:53:00,595,595,595,595,0
2022-06-09 10:54:00,595,595,595,595,0
2022-06-09 10:55:00,595,595,595,595,0
2022-06-09 10:56:00,595,595,595,595,0
2022-06-09 10:57:00,595,595,595,595,0
2022-06-09 10:58:00,595,595,595,595,0
2022-06-09 10:59:00,595,595,595,595,400
2022-06-09 11:00:00,595,595,595,595,0
2022-06-09 11:01:00,595,595,595,595,0
2022-06-09 11:02:00,595,595,595,595,0
2022-06-09 11:03:00,590,590,590,590,600
2022-06-09 11:04:00,595,595,595,595,600
2022-06-09 11:05:00,595,595,595,595,1100
2022-06-09 11:06:00,595,595,595,595,0
2022-06-09 11:07:00,595,595,595,595,0
2022-06-09 11:08:00,590,580,590,580,43000
2022-06-09 11:09:00,585,575,590,575,59800
2022-06-09 11:10:00,580,570,590,570,34800
2022-06-09 11:11:00,570,555,590,590,127200
2022-06-09 11:12:00,585,570,590,570,2100
2022-06-09 11:13:00,585,560,585,585,36500
2022-06-09 11:14:00,560,560,580,580,8200
2022-06-09 11:15:00,570,560,580,570,23600
2022-06-09 11:16:00,570,565,575,575,3300
2022-06-09 11:17:00,570,570,595,595,92900
2022-06-09 11:18:00,590,590,595,595,2200
2022-06-09 11:19:00,590,585,595,585,3100
2022-06-09 11:20:00,585,585,595,595,4800
2022-06-09 11:21:00,590,590,595,595,2300
2022-06-09 11:22:00,585,580,595,580,4200
2022-06-09 11:23:00,575,570,595,590,11400
2022-06-09 11:24:00,585,580,590,590,2300
2022-06-09 11:25:00,585,565,590,590,25800
2022-06-09 11:26:00,565,565,590,590,7200
2022-06-09 11:27:00,590,570,590,590,13100
2022-06-09 11:28:00,590,590,590,590,600
2022-06-09 11:29:00,590,590,590,590,2300
2022-06-09 11:30:00,590,590,590,590,0
2022-06-09 11:31:00,590,590,590,590,0
2022-06-09 11:32:00,590,590,590,590,0
2022-06-09 11:33:00,590,590,590,590,0
2022-06-09 11:34:00,590,590,590,590,0
2022-06-09 11:35:00,590,590,590,590,0
2022-06-09 11:36:00,590,590,590,590,0
2022-06-09 11:37:00,590,590,590,590,0
2022-06-09 11:38:00,590,590,590,590,0
2022-06-09 11:39:00,590,590,590,590,0
2022-06-09 11:40:00,590,590,590,590,0
2022-06-09 11:41:00,590,590,590,590,0
2022-06-09 11:42:00,590,590,590,590,0
2022-06-09 11:43:00,590,590,590,590,0
2022-06-09 11:44:00,590,590,590,590,0
2022-06-09 11:45:00,590,590,590,590,0
2022-06-09 11:46:00,590,590,590,590,0
2022-06-09 11:47:00,590,590,590,590,0
2022-06-09 11:48:00,590,590,590,590,0
2022-06-09 11:49:00,590,590,590,590,0
2022-06-09 11:50:00,590,590,590,590,0
2022-06-09 11:51:00,590,590,590,590,0
2022-06-09 11:52:00,590,590,590,590,0
2022-06-09 11:53:00,590,590,590,590,0
2022-06-09 11:54:00,590,590,590,590,0
2022-06-09 11:55:00,590,590,590,590,0
2022-06-09 11:56:00,590,590,590,590,0
2022-06-09 11:57:00,590,590,590,590,0
2022-06-09 11:58:00,590,590,590,590,0
2022-06-09 11:59:00,590,590,590,590,0
2022-06-09 12:00:00,590,590,590,590,0
2022-06-09 12:01:00,590,590,590,590,0
2022-06-09 12:02:00,590,590,590,590,0
2022-06-09 12:03:00,590,590,590,590,0
2022-06-09 12:04:00,590,590,590,590,0
2022-06-09 12:05:00,590,590,590,590,0
2022-06-09 12:06:00,590,590,590,590,0
2022-06-09 12:07:00,590,590,590,590,0
2022-06-09 12:08:00,590,590,590,590,0
2022-06-09 12:09:00,590,590,590,590,0
2022-06-09 12:10:00,590,590,590,590,0
2022-06-09 12:11:00,590,590,590,590,0
2022-06-09 12:12:00,590,590,590,590,0
2022-06-09 12:13:00,590,590,590,590,0
2022-06-09 12:14:00,590,590,590,590,0
2022-06-09 12:15:00,590,590,590,590,0
2022-06-09 12:16:00,590,590,590,590,0
2022-06-09 12:17:00,590,590,590,590,0
2022-06-09 12:18:00,590,590,590,590,0
2022-06-09 12:19:00,590,590,590,590,0
2022-06-09 12:20:00,590,590,590,590,0
2022-06-09 12:21:00,590,590,590,590,0
2022-06-09 12:22:00,590,590,590,590,0
2022-06-09 12:23:00,590,590,590,590,0
2022-06-09 12:24:00,590,590,590,590,0
2022-06-09 12:25:00,590,590,590,590,0
2022-06-09 12:26:00,590,590,590,590,0
2022-06-09 12:27:00,590,590,590,590,0
2022-06-09 12:28:00,590,590,590,590,0
2022-06-09 12:29:00,590,590,590,590,0
2022-06-09 12:30:00,590,590,590,590,0
2022-06-09 12:31:00,590,590,590,590,0
2022-06-09 12:32:00,590,590,590,590,0
2022-06-09 12:33:00,590,590,590,590,0
2022-06-09 12:34:00,590,590,590,590,0
2022-06-09 12:35:00,590,590,590,590,0
2022-06-09 12:36:00,590,590,590,590,0
2022-06-09 12:37:00,590,590,590,590,0
2022-06-09 12:38:00,590,590,590,590,0
2022-06-09 12:39:00,590,590,590,590,0
2022-06-09 12:40:00,590,590,590,590,0
2022-06-09 12:41:00,590,590,590,590,0
2022-06-09 12:42:00,590,590,590,590,0
2022-06-09 12:43:00,590,590,590,590,0
2022-06-09 12:44:00,590,590,590,590,0
2022-06-09 12:45:00,590,590,590,590,0
2022-06-09 12:46:00,590,590,590,590,0
2022-06-09 12:47:00,590,590,590,590,0
2022-06-09 12:48:00,590,590,590,590,0
2022-06-09 12:49:00,590,590,590,590,0
2022-06-09 12:50:00,590,590,590,590,0
2022-06-09 12:51:00,590,590,590,590,0
2022-06-09 12:52:00,590,590,590,590,0
2022-06-09 12:53:00,590,590,590,590,0
2022-06-09 12:54:00,590,590,590,590,0
2022-06-09 12:55:00,590,590,590,590,0
2022-06-09 12:56:00,590,590,590,590,0
2022-06-09 12:57:00,590,590,590,590,0
2022-06-09 12:58:00,590,590,590,590,0
2022-06-09 12:59:00,590,590,590,590,0
2022-06-09 13:00:00,590,590,590,590,0
2022-06-09 13:01:00,590,590,590,590,0
2022-06-09 13:02:00,590,590,590,590,0
2022-06-09 13:03:00,590,590,590,590,0
2022-06-09 13:04:00,590,590,590,590,0
2022-06-09 13:05:00,590,590,590,590,0
2022-06-09 13:06:00,590,590,590,590,0
2022-06-09 13:07:00,590,590,590,590,0
2022-06-09 13:08:00,590,590,590,590,0
2022-06-09 13:09:00,590,590,590,590,0
2022-06-09 13:10:00,590,590,590,590,0
2022-06-09 13:11:00,590,590,590,590,0
2022-06-09 13:12:00,590,590,590,590,0
2022-06-09 13:13:00,590,590,590,590,0
2022-06-09 13:14:00,590,590,590,590,0
2022-06-09 13:15:00,590,590,590,590,0
2022-06-09 13:16:00,590,590,590,590,0
2022-06-09 13:17:00,590,590,590,590,0
2022-06-09 13:18:00,590,590,590,590,0
2022-06-09 13:19:00,590,590,590,590,0
2022-06-09 13:20:00,590,590,590,590,0
2022-06-09 13:21:00,590,590,590,590,0
2022-06-09 13:22:00,590,590,590,590,0
2022-06-09 13:23:00,590,590,590,590,0
2022-06-09 13:24:00,590,590,590,590,0
2022-06-09 13:25:00,590,590,590,590,0
2022-06-09 13:26:00,590,590,590,590,0
2022-06-09 13:27:00,590,590,590,590,0
2022-06-09 13:28:00,590,590,590,590,0
2022-06-09 13:29:00,590,590,590,590,0
2022-06-09 13:30:00,590,590,595,595,10400
2022-06-09 13:31:00,590,590,590,590,700
2022-06-09 13:32:00,590,590,590,590,0
2022-06-09 13:33:00,585,585,590,590,1200
2022-06-09 13:34:00,590,590,590,590,200
2022-06-09 13:35:00,590,590,590,590,0
2022-06-09 13:36:00,590,590,590,590,1100
2022-06-09 13:37:00,590,590,590,590,0
2022-06-09 13:38:00,590,590,590,590,0
2022-06-09 13:39:00,590,590,590,590,0
2022-06-09 13:40:00,590,590,590,590,0
2022-06-09 13:41:00,590,590,590,590,0
2022-06-09 13:42:00,590,590,590,590,0
2022-06-09 13:43:00,590,590,590,590,0
2022-06-09 13:44:00,590,590,590,590,0
2022-06-09 13:45:00,590,590,590,590,0
2022-06-09 13:46:00,590,590,590,590,0
2022-06-09 13:47:00,585,585,585,585,900
2022-06-09 13:48:00,585,570,585,570,21200
2022-06-09 13:49:00,590,590,590,590,200
2022-06-09 13:50:00,590,590,590,590,1064900
2022-06-09 13:51:00,585,585,590,590,400
2022-06-09 13:52:00,585,585,590,590,0
2022-06-09 13:53:00,585,585,590,590,0
2022-06-09 13:54:00,585,585,590,590,0
2022-06-09 13:55:00,590,590,590,590,500
2022-06-09 13:56:00,590,590,590,590,0
2022-06-09 13:57:00,590,590,590,590,0
2022-06-09 13:58:00,590,590,590,590,0
2022-06-09 13:59:00,590,590,590,590,0
2022-06-09 14:00:00,590,590,590,590,0
2022-06-09 14:01:00,585,585,585,585,500
2022-06-09 14:02:00,585,585,590,585,1000
2022-06-09 14:03:00,585,585,590,590,400
2022-06-09 14:04:00,585,585,590,590,0
2022-06-09 14:05:00,585,585,590,590,0
2022-06-09 14:06:00,585,585,590,590,1069700
2022-06-09 14:07:00,585,585,590,590,0
2022-06-09 14:08:00,585,585,590,590,0
2022-06-09 14:09:00,585,585,590,590,1500
2022-06-09 14:10:00,585,580,590,590,900
2022-06-09 14:11:00,585,580,590,590,0
2022-06-09 14:12:00,590,590,590,590,200
2022-06-09 14:13:00,590,590,590,590,0
2022-06-09 14:14:00,590,590,590,590,0
2022-06-09 14:15:00,590,590,590,590,0
2022-06-09 14:16:00,585,585,585,585,900
2022-06-09 14:17:00,585,585,590,590,400
2022-06-09 14:18:00,585,585,590,590,0
2022-06-09 14:19:00,585,585,590,590,0
2022-06-09 14:20:00,585,585,585,585,1000
2022-06-09 14:21:00,590,590,590,590,200
2022-06-09 14:22:00,590,590,590,590,0
2022-06-09 14:23:00,590,590,590,590,0
2022-06-09 14:24:00,590,590,590,590,0
2022-06-09 14:25:00,590,590,590,590,0
2022-06-09 14:26:00,590,590,590,590,0
2022-06-09 14:27:00,590,590,590,590,0
2022-06-09 14:28:00,585,585,590,590,1200
2022-06-09 14:29:00,585,585,590,590,0
2022-06-09 14:30:00,590,590,590,590,200
2022-06-09 14:31:00,590,590,590,590,0
2022-06-09 14:32:00,590,590,590,590,0
2022-06-09 14:33:00,590,590,590,590,0
2022-06-09 14:34:00,590,590,590,590,0
2022-06-09 14:35:00,590,590,590,590,0
2022-06-09 14:36:00,590,590,590,590,0
2022-06-09 14:37:00,590,590,590,590,0
2022-06-09 14:38:00,590,590,590,590,0
2022-06-09 14:39:00,590,590,590,590,300
2022-06-09 14:40:00,590,590,590,590,300
2022-06-09 14:41:00,590,590,590,590,0
2022-06-09 14:42:00,590,590,590,590,0
2022-06-09 14:43:00,590,585,590,585,1200
2022-06-09 14:44:00,580,580,590,590,1000
2022-06-09 14:45:00,590,590,590,590,400
2022-06-09 14:46:00,590,590,590,590,700
2022-06-09 14:47:00,590,590,590,590,400
2022-06-09 14:48:00,590,590,590,590,700
2022-06-09 14:49:00,590,590,590,590,1200
2022-06-09 14:50:00,590,590,590,590,0
2022-06-09 14:51:00,590,590,590,590,0
2022-06-09 14:52:00,590,590,590,590,0
2022-06-09 14:53:00,590,590,590,590,0
2022-06-09 14:54:00,590,590,590,590,0
2022-06-09 14:55:00,590,590,590,590,0
2022-06-09 14:56:00,590,590,590,590,0
2022-06-09 14:57:00,590,590,590,590,0
2022-06-09 14:58:00,590,590,590,590,0
2022-06-09 14:59:00,590,590,590,590,0
2022-06-09 15:00:00,590,590,590,590,90000
2022-06-09 15:01:00,590,590,590,590,2500
2022-06-09 15:02:00,590,590,590,590,0
2022-06-09 15:03:00,590,590,590,590,0
2022-06-09 15:04:00,590,590,590,590,2500
2022-06-09 15:05:00,590,590,590,590,1700
2022-06-09 15:06:00,590,590,590,590,0
2022-06-09 15:07:00,590,590,590,590,1300
2022-06-09 15:08:00,590,590,590,590,0
2022-06-09 15:09:00,590,590,590,590,0
2022-06-09 15:10:00,590,590,590,590,0
2022-06-09 15:11:00,590,590,590,590,0
2022-06-09 15:12:00,590,590,590,590,0
2022-06-09 15:13:00,590,590,590,590,0
2022-06-09 15:14:00,590,590,590,590,0
2022-06-09 15:15:00,590,590,590,590,0
2022-06-09 15:16:00,590,590,590,590,0
2022-06-09 15:17:00,590,590,590,590,0
2022-06-09 15:18:00,590,590,590,590,0
2022-06-09 15:19:00,590,590,590,590,0
2022-06-09 15:20:00,590,590,590,590,0
2022-06-09 15:21:00,590,590,590,590,0
2022-06-09 15:22:00,590,590,590,590,0
2022-06-09 15:23:00,590,590,590,590,0
2022-06-09 15:24:00,590,590,590,590,0
2022-06-09 15:25:00,590,590,590,590,0
2022-06-09 15:26:00,590,590,590,590,0
2022-06-09 15:27:00,590,590,590,590,0
2022-06-09 15:28:00,590,590,590,590,0
2022-06-09 15:29:00,590,590,590,590,0
2022-06-09 15:30:00,590,590,590,590,0
2022-06-09 15:31:00,590,590,590,590,0
2022-06-09 15:32:00,590,590,590,590,0
2022-06-09 15:33:00,590,590,590,590,0
2022-06-09 15:34:00,590,590,590,590,0
2022-06-09 15:35:00,590,590,590,590,0
2022-06-09 15:36:00,590,590,590,590,0
2022-06-09 15:37:00,590,590,590,590,0
2022-06-09 15:38:00,590,590,590,590,0
2022-06-09 15:39:00,590,590,590,590,0
2022-06-09 15:40:00,590,590,590,590,0
2022-06-09 15:41:00,590,590,590,590,0
2022-06-09 15:42:00,590,590,590,590,0
2022-06-09 15:43:00,590,590,590,590,0
2022-06-09 15:44:00,590,590,590,590,0
2022-06-09 15:45:00,590,590,590,590,0
2022-06-09 15:46:00,590,590,590,590,0
2022-06-09 15:47:00,590,590,590,590,0
2022-06-09 15:48:00,590,590,590,590,0
2022-06-09 15:49:00,590,590,590,590,0
2022-06-09 15:50:00,590,590,590,590,0
2022-06-09 15:51:00,590,590,590,590,0
2022-06-09 15:52:00,590,590,590,590,0
2022-06-09 15:53:00,590,590,590,590,0
2022-06-09 15:54:00,590,590,590,590,0
2022-06-09 15:55:00,590,590,590,590,0
2022-06-09 15:56:00,590,590,590,590,0
2022-06-09 15:57:00,590,590,590,590,0
2022-06-09 15:58:00,590,590,590,590,0
2022-06-09 15:59:00,590,590,590,590,0
2022-06-10 09:00:00,590,590,590,590,0
2022-06-10 09:01:00,590,590,590,590,0
2022-06-10 09:02:00,590,590,590,590,1200
2022-06-10 09:03:00,590,590,590,590,200
2022-06-10 09:04:00,590,590,590,590,0
2022-06-10 09:05:00,590,590,590,590,0
2022-06-10 09:06:00,590,585,590,590,41400
2022-06-10 09:07:00,590,585,590,590,0
2022-06-10 09:08:00,590,585,590,590,0
2022-06-10 09:09:00,590,585,590,590,0
2022-06-10 09:10:00,590,585,590,590,0
2022-06-10 09:11:00,590,585,590,590,0
2022-06-10 09:12:00,590,585,590,590,0
2022-06-10 09:13:00,590,590,590,590,1500
2022-06-10 09:14:00,590,590,590,590,0
2022-06-10 09:15:00,590,590,590,590,0
2022-06-10 09:16:00,590,590,590,590,0
2022-06-10 09:17:00,590,590,590,590,20100
2022-06-10 09:18:00,590,590,590,590,0
2022-06-10 09:19:00,590,585,590,585,600
2022-06-10 09:20:00,590,585,590,585,0
2022-06-10 09:21:00,590,590,590,590,300
2022-06-10 09:22:00,590,590,590,590,0
2022-06-10 09:23:00,590,590,590,590,0
2022-06-10 09:24:00,590,590,590,590,0
2022-06-10 09:25:00,590,590,590,590,0
2022-06-10 09:26:00,590,590,590,590,0
2022-06-10 09:27:00,590,590,590,590,0
2022-06-10 09:28:00,590,590,590,590,0
2022-06-10 09:29:00,590,590,590,590,0
2022-06-10 09:30:00,590,590,590,590,0
2022-06-10 09:31:00,590,590,590,590,0
2022-06-10 09:32:00,590,590,590,590,0
2022-06-10 09:33:00,590,590,590,590,0
2022-06-10 09:34:00,585,585,585,585,1000
2022-06-10 09:35:00,590,590,590,590,200
2022-06-10 09:36:00,590,590,590,590,200
2022-06-10 09:37:00,590,590,590,590,0
2022-06-10 09:38:00,590,590,590,590,0
2022-06-10 09:39:00,590,590,590,590,0
2022-06-10 09:40:00,590,590,590,590,0
2022-06-10 09:41:00,590,590,590,590,0
2022-06-10 09:42:00,590,590,590,590,0
2022-06-10 09:43:00,590,590,590,590,0
2022-06-10 09:44:00,590,590,590,590,0
2022-06-10 09:45:00,590,590,590,590,0
2022-06-10 09:46:00,590,590,590,590,0
2022-06-10 09:47:00,590,590,590,590,0
2022-06-10 09:48:00,590,590,590,590,0
2022-06-10 09:49:00,590,590,590,590,0
2022-06-10 09:50:00,590,590,590,590,0
2022-06-10 09:51:00,590,590,590,590,0
2022-06-10 09:52:00,590,590,590,590,0
2022-06-10 09:53:00,590,590,590,590,0
2022-06-10 09:54:00,590,590,590,590,0
2022-06-10 09:55:00,590,590,590,590,0
2022-06-10 09:56:00,590,590,590,590,0
2022-06-10 09:57:00,590,590,590,590,0
2022-06-10 09:58:00,590,590,590,590,0
2022-06-10 09:59:00,590,590,590,590,0
2022-06-10 10:00:00,590,590,590,590,0
2022-06-10 10:01:00,590,590,590,590,0
2022-06-10 10:02:00,590,590,590,590,0
2022-06-10 10:03:00,585,585,585,585,100
2022-06-10 10:04:00,590,590,590,590,600
2022-06-10 10:05:00,590,590,590,590,0
2022-06-10 10:06:00,590,590,590,590,2000
2022-06-10 10:07:00,590,590,590,590,0
2022-06-10 10:08:00,590,590,590,590,0
2022-06-10 10:09:00,590,590,590,590,0
2022-06-10 10:10:00,590,590,590,590,0
2022-06-10 10:11:00,585,585,585,585,800
2022-06-10 10:12:00,585,585,590,590,300
2022-06-10 10:13:00,590,590,590,590,200
2022-06-10 10:14:00,590,590,590,590,0
2022-06-10 10:15:00,590,590,590,590,0
2022-06-10 10:16:00,590,590,590,590,0
2022-06-10 10:17:00,590,590,590,590,0
2022-06-10 10:18:00,590,590,590,590,0
2022-06-10 10:19:00,590,590,590,590,0
2022-06-10 10:20:00,585,585,585,585,1000
2022-06-10 10:21:00,590,580,590,580,30300
2022-06-10 10:22:00,590,590,590,590,300
2022-06-10 10:23:00,590,590,590,590,0
2022-06-10 10:24:00,590,590,590,590,200
2022-06-10 10:25:00,590,590,590,590,0
2022-06-10 10:26:00,590,590,590,590,0
2022-06-10 10:27:00,590,590,590,590,0
2022-06-10 10:28:00,590,590,590,590,0
2022-06-10 10:29:00,590,590,590,590,0
2022-06-10 10:30:00,590,590,590,590,0
2022-06-10 10:31:00,590,590,590,590,0
2022-06-10 10:32:00,590,590,590,590,0
2022-06-10 10:33:00,590,590,590,590,0
2022-06-10 10:34:00,590,590,590,590,0
2022-06-10 10:35:00,590,590,590,590,0
2022-06-10 10:36:00,590,590,590,590,0
2022-06-10 10:37:00,590,590,590,590,200
2022-06-10 10:38:00,590,590,590,590,0
2022-06-10 10:39:00,590,590,590,590,0
2022-06-10 10:40:00,590,590,590,590,0
2022-06-10 10:41:00,590,590,590,590,0
2022-06-10 10:42:00,590,590,590,590,0
2022-06-10 10:43:00,590,590,590,590,0
2022-06-10 10:44:00,590,590,590,590,0
2022-06-10 10:45:00,590,590,590,590,0
2022-06-10 10:46:00,590,590,590,590,0
2022-06-10 10:47:00,590,590,590,590,0
2022-06-10 10:48:00,590,590,590,590,0
2022-06-10 10:49:00,590,590,590,590,0
2022-06-10 10:50:00,590,590,590,590,0
2022-06-10 10:51:00,590,590,590,590,0
2022-06-10 10:52:00,590,590,590,590,0
2022-06-10 10:53:00,590,590,590,590,0
2022-06-10 10:54:00,590,590,590,590,0
2022-06-10 10:55:00,590,590,590,590,0
2022-06-10 10:56:00,590,590,590,590,0
2022-06-10 10:57:00,590,590,590,590,0
2022-06-10 10:58:00,590,590,590,590,0
2022-06-10 10:59:00,590,590,590,590,0
2022-06-10 11:00:00,590,590,590,590,0
2022-06-10 11:01:00,590,590,590,590,0
2022-06-10 11:02:00,590,590,590,590,0
2022-06-10 11:03:00,590,590,590,590,0
2022-06-10 11:04:00,590,590,590,590,0
2022-06-10 11:05:00,590,590,590,590,0
2022-06-10 11:06:00,590,590,590,590,0
2022-06-10 11:07:00,590,590,590,590,0
2022-06-10 11:08:00,590,590,590,590,0
2022-06-10 11:09:00,590,590,590,590,0
2022-06-10 11:10:00,590,590,590,590,0
2022-06-10 11:11:00,590,590,590,590,0
2022-06-10 11:12:00,590,590,590,590,0
2022-06-10 11:13:00,590,590,590,590,0
2022-06-10 11:14:00,590,590,590,590,0
2022-06-10 11:15:00,590,590,590,590,0
2022-06-10 11:16:00,590,590,590,590,0
2022-06-10 11:17:00,590,590,590,590,0
2022-06-10 11:18:00,590,590,590,590,0
2022-06-10 11:19:00,590,590,590,590,0
2022-06-10 11:20:00,590,590,590,590,0
2022-06-10 11:21:00,590,590,590,590,0
2022-06-10 11:22:00,590,590,590,590,0
2022-06-10 11:23:00,590,590,590,590,0
2022-06-10 11:24:00,590,590,590,590,0
2022-06-10 11:25:00,590,590,590,590,0
2022-06-10 11:26:00,590,590,590,590,0
2022-06-10 11:27:00,590,590,590,590,0
2022-06-10 11:28:00,590,590,590,590,300
2022-06-10 11:29:00,590,590,590,590,500
2022-06-10 11:30:00,590,590,590,590,300
2022-06-10 11:31:00,590,590,590,590,0
2022-06-10 11:32:00,590,590,590,590,0
2022-06-10 11:33:00,590,590,590,590,0
2022-06-10 11:34:00,590,590,590,590,0
2022-06-10 11:35:00,590,590,590,590,0
2022-06-10 11:36:00,590,590,590,590,0
2022-06-10 11:37:00,590,590,590,590,0
2022-06-10 11:38:00,590,590,590,590,0
2022-06-10 11:39:00,590,590,590,590,0
2022-06-10 11:40:00,590,590,590,590,0
2022-06-10 11:41:00,590,590,590,590,0
2022-06-10 11:42:00,590,590,590,590,0
2022-06-10 11:43:00,590,590,590,590,0
2022-06-10 11:44:00,590,590,590,590,0
2022-06-10 11:45:00,590,590,590,590,0
2022-06-10 11:46:00,590,590,590,590,0
2022-06-10 11:47:00,590,590,590,590,0
2022-06-10 11:48:00,590,590,590,590,0
2022-06-10 11:49:00,590,590,590,590,0
2022-06-10 11:50:00,590,590,590,590,0
2022-06-10 11:51:00,590,590,590,590,0
2022-06-10 11:52:00,590,590,590,590,0
2022-06-10 11:53:00,590,590,590,590,0
2022-06-10 11:54:00,590,590,590,590,0
2022-06-10 11:55:00,590,590,590,590,0
2022-06-10 11:56:00,590,590,590,590,0
2022-06-10 11:57:00,590,590,590,590,0
2022-06-10 11:58:00,590,590,590,590,0
2022-06-10 11:59:00,590,590,590,590,0
2022-06-10 12:00:00,590,590,590,590,0
2022-06-10 12:01:00,590,590,590,590,0
2022-06-10 12:02:00,590,590,590,590,0
2022-06-10 12:03:00,590,590,590,590,0
2022-06-10 12:04:00,590,590,590,590,0
2022-06-10 12:05:00,590,590,590,590,0
2022-06-10 12:06:00,590,590,590,590,0
2022-06-10 12:07:00,590,590,590,590,0
2022-06-10 12:08:00,590,590,590,590,0
2022-06-10 12:09:00,590,590,590,590,0
2022-06-10 12:10:00,590,590,590,590,0
2022-06-10 12:11:00,590,590,590,590,0
2022-06-10 12:12:00,590,590,590,590,0
2022-06-10 12:13:00,590,590,590,590,0
2022-06-10 12:14:00,590,590,590,590,0
2022-06-10 12:15:00,590,590,590,590,0
2022-06-10 12:16:00,590,590,590,590,0
2022-06-10 12:17:00,590,590,590,590,0
2022-06-10 12:18:00,590,590,590,590,0
2022-06-10 12:19:00,590,590,590,590,0
2022-06-10 12:20:00,590,590,590,590,0
2022-06-10 12:21:00,590,590,590,590,0
2022-06-10 12:22:00,590,590,590,590,0
2022-06-10 12:23:00,590,590,590,590,0
2022-06-10 12:24:00,590,590,590,590,0
2022-06-10 12:25:00,590,590,590,590,0
2022-06-10 12:26:00,590,590,590,590,0
2022-06-10 12:27:00,590,590,590,590,0
2022-06-10 12:28:00,590,590,590,590,0
2022-06-10 12:29:00,590,590,590,590,0
2022-06-10 12:30:00,590,590,590,590,0
2022-06-10 12:31:00,590,590,590,590,0
2022-06-10 12:32:00,590,590,590,590,0
2022-06-10 12:33:00,590,590,590,590,0
2022-06-10 12:34:00,590,590,590,590,0
2022-06-10 12:35:00,590,590,590,590,0
2022-06-10 12:36:00,590,590,590,590,0
2022-06-10 12:37:00,590,590,590,590,0
2022-06-10 12:38:00,590,590,590,590,0
2022-06-10 12:39:00,590,590,590,590,0
2022-06-10 12:40:00,590,590,590,590,0
2022-06-10 12:41:00,590,590,590,590,0
2022-06-10 12:42:00,590,590,590,590,0
2022-06-10 12:43:00,590,590,590,590,0
2022-06-10 12:44:00,590,590,590,590,0
2022-06-10 12:45:00,590,590,590,590,0
2022-06-10 12:46:00,590,590,590,590,0
2022-06-10 12:47:00,590,590,590,590,0
2022-06-10 12:48:00,590,590,590,590,0
2022-06-10 12:49:00,590,590,590,590,0
2022-06-10 12:50:00,590,590,590,590,0
2022-06-10 12:51:00,590,590,590,590,0
2022-06-10 12:52:00,590,590,590,590,0
2022-06-10 12:53:00,590,590,590,590,0
2022-06-10 12:54:00,590,590,590,590,0
2022-06-10 12:55:00,590,590,590,590,0
2022-06-10 12:56:00,590,590,590,590,0
2022-06-10 12:57:00,590,590,590,590,0
2022-06-10 12:58:00,590,590,590,590,0
2022-06-10 12:59:00,590,590,590,590,0
2022-06-10 13:00:00,590,590,590,590,0
2022-06-10 13:01:00,590,590,590,590,0
2022-06-10 13:02:00,590,590,590,590,0
2022-06-10 13:03:00,590,590,590,590,0
2022-06-10 13:04:00,590,590,590,590,0
2022-06-10 13:05:00,590,590,590,590,0
2022-06-10 13:06:00,590,590,590,590,0
2022-06-10 13:07:00,590,590,590,590,0
2022-06-10 13:08:00,590,590,590,590,0
2022-06-10 13:09:00,590,590,590,590,0
2022-06-10 13:10:00,590,590,590,590,0
2022-06-10 13:11:00,590,590,590,590,0
2022-06-10 13:12:00,590,590,590,590,0
2022-06-10 13:13:00,590,590,590,590,0
2022-06-10 13:14:00,590,590,590,590,0
2022-06-10 13:15:00,590,590,590,590,0
2022-06-10 13:16:00,590,590,590,590,0
2022-06-10 13:17:00,590,590,590,590,0
2022-06-10 13:18:00,590,590,590,590,0
2022-06-10 13:19:00,590,590,590,590,0
2022-06-10 13:20:00,590,590,590,590,0
2022-06-10 13:21:00,590,590,590,590,0
2022-06-10 13:22:00,590,590,590,590,0
2022-06-10 13:23:00,590,590,590,590,0
2022-06-10 13:24:00,590,590,590,590,0
2022-06-10 13:25:00,590,590,590,590,0
2022-06-10 13:26:00,590,590,590,590,0
2022-06-10 13:27:00,590,590,590,590,0
2022-06-10 13:28:00,590,590,590,590,0
2022-06-10 13:29:00,590,590,590,590,0
2022-06-10 13:30:00,585,585,590,590,4000
2022-06-10 13:31:00,590,590,590,590,400
2022-06-10 13:32:00,590,590,590,590,0
2022-06-10 13:33:00,590,590,590,590,300
2022-06-10 13:34:00,590,590,590,590,0
2022-06-10 13:35:00,590,590,590,590,0
2022-06-10 13:36:00,590,590,590,590,0
2022-06-10 13:37:00,590,590,590,590,0
2022-06-10 13:38:00,590,590,590,590,0
2022-06-10 13:39:00,590,590,590,590,0
2022-06-10 13:40:00,590,590,590,590,0
2022-06-10 13:41:00,590,590,590,590,0
2022-06-10 13:42:00,590,590,590,590,0
2022-06-10 13:43:00,590,590,590,590,0
2022-06-10 13:44:00,590,590,590,590,0
2022-06-10 13:45:00,590,590,590,590,0
2022-06-10 13:46:00,590,590,590,590,0
2022-06-10 13:47:00,590,590,590,590,0
2022-06-10 13:48:00,590,590,590,590,0
2022-06-10 13:49:00,590,590,590,590,0
2022-06-10 13:50:00,590,590,590,590,0
2022-06-10 13:51:00,590,590,590,590,0
2022-06-10 13:52:00,590,590,590,590,0
2022-06-10 13:53:00,590,590,590,590,0
2022-06-10 13:54:00,590,590,590,590,0
2022-06-10 13:55:00,590,590,590,590,0
2022-06-10 13:56:00,590,590,590,590,0
2022-06-10 13:57:00,590,590,590,590,0
2022-06-10 13:58:00,585,585,585,585,500
2022-06-10 13:59:00,590,590,590,590,600
2022-06-10 14:00:00,590,590,590,590,200
2022-06-10 14:01:00,590,590,590,590,0
2022-06-10 14:02:00,590,590,590,590,0
2022-06-10 14:03:00,590,590,590,590,0
2022-06-10 14:04:00,590,590,590,590,0
2022-06-10 14:05:00,590,590,590,590,0
2022-06-10 14:06:00,590,590,590,590,0
2022-06-10 14:07:00,590,590,590,590,0
2022-06-10 14:08:00,590,590,590,590,0
2022-06-10 14:09:00,590,590,590,590,0
2022-06-10 14:10:00,590,590,590,590,0
2022-06-10 14:11:00,590,590,590,590,0
2022-06-10 14:12:00,590,590,590,590,0
2022-06-10 14:13:00,590,590,590,590,0
2022-06-10 14:14:00,590,590,590,590,0
2022-06-10 14:15:00,590,590,590,590,0
2022-06-10 14:16:00,590,590,590,590,0
2022-06-10 14:17:00,590,590,590,590,0
2022-06-10 14:18:00,590,590,590,590,0
2022-06-10 14:19:00,590,590,590,590,0
2022-06-10 14:20:00,590,590,590,590,0
2022-06-10 14:21:00,590,590,590,590,0
2022-06-10 14:22:00,590,590,590,590,0
2022-06-10 14:23:00,590,590,590,590,0
2022-06-10 14:24:00,590,590,590,590,0
2022-06-10 14:25:00,590,590,590,590,0
2022-06-10 14:26:00,590,590,590,590,0
2022-06-10 14:27:00,590,590,590,590,0
2022-06-10 14:28:00,590,590,590,590,0
2022-06-10 14:29:00,590,590,590,590,0
2022-06-10 14:30:00,585,575,590,590,95100
2022-06-10 14:31:00,585,575,590,575,11300
2022-06-10 14:32:00,585,585,585,585,800
2022-06-10 14:33:00,585,580,585,580,1200
2022-06-10 14:34:00,585,580,590,585,6300
2022-06-10 14:35:00,585,585,585,585,1900
2022-06-10 14:36:00,585,585,585,585,0
2022-06-10 14:37:00,585,585,585,585,0
2022-06-10 14:38:00,585,585,585,585,300
2022-06-10 14:39:00,585,585,585,585,300
2022-06-10 14:40:00,585,585,585,585,0
2022-06-10 14:41:00,585,585,585,585,0
2022-06-10 14:42:00,585,580,585,580,14500
2022-06-10 14:43:00,585,585,585,585,2400
2022-06-10 14:44:00,585,585,585,585,0
2022-06-10 14:45:00,585,585,585,585,1300
2022-06-10 14:46:00,585,585,585,585,0
2022-06-10 14:47:00,585,585,585,585,300
2022-06-10 14:48:00,585,585,585,585,1700
2022-06-10 14:49:00,585,585,585,585,0
2022-06-10 14:50:00,585,585,585,585,0
2022-06-10 14:51:00,585,585,585,585,0
2022-06-10 14:52:00,585,585,585,585,0
2022-06-10 14:53:00,585,585,585,585,0
2022-06-10 14:54:00,585,585,585,585,0
2022-06-10 14:55:00,585,585,585,585,0
2022-06-10 14:56:00,585,585,585,585,0
2022-06-10 14:57:00,585,585,585,585,0
2022-06-10 14:58:00,585,585,585,585,0
2022-06-10 14:59:00,585,585,585,585,0
2022-06-10 15:00:00,585,585,585,585,58600
2022-06-10 15:01:00,585,585,585,585,0
2022-06-10 15:02:00,585,585,585,585,1700
2022-06-10 15:03:00,585,585,585,585,0
2022-06-10 15:04:00,585,585,585,585,0
2022-06-10 15:05:00,585,585,585,585,500
2022-06-10 15:06:00,585,585,585,585,0
2022-06-10 15:07:00,585,585,585,585,0
2022-06-10 15:08:00,585,585,585,585,0
2022-06-10 15:09:00,585,585,585,585,0
2022-06-10 15:10:00,585,585,585,585,0
2022-06-10 15:11:00,585,585,585,585,0
2022-06-10 15:12:00,585,585,585,585,0
2022-06-10 15:13:00,585,585,585,585,0
2022-06-10 15:14:00,585,585,585,585,0
2022-06-10 15:15:00,585,585,585,585,0
2022-06-10 15:16:00,585,585,585,585,0
2022-06-10 15:17:00,585,585,585,585,0
2022-06-10 15:18:00,585,585,585,585,0
2022-06-10 15:19:00,585,585,585,585,0
2022-06-10 15:20:00,585,585,585,585,0
2022-06-10 15:21:00,585,585,585,585,0
2022-06-10 15:22:00,585,585,585,585,0
2022-06-10 15:23:00,585,585,585,585,0
2022-06-10 15:24:00,585,585,585,585,0
2022-06-10 15:25:00,585,585,585,585,0
2022-06-10 15:26:00,585,585,585,585,0
2022-06-10 15:27:00,585,585,585,585,0
2022-06-10 15:28:00,585,585,585,585,0
2022-06-10 15:29:00,585,585,585,585,0
2022-06-10 15:30:00,585,585,585,585,0
2022-06-10 15:31:00,585,585,585,585,0
2022-06-10 15:32:00,585,585,585,585,0
2022-06-10 15:33:00,585,585,585,585,0
2022-06-10 15:34:00,585,585,585,585,0
2022-06-10 15:35:00,585,585,585,585,0
2022-06-10 15:36:00,585,585,585,585,0
2022-06-10 15:37:00,585,585,585,585,0
2022-06-10 15:38:00,585,585,585,585,0
2022-06-10 15:39:00,585,585,585,585,0
2022-06-10 15:40:00,585,585,585,585,0
2022-06-10 15:41:00,585,585,585,585,0
2022-06-10 15:42:00,585,585,585,585,0
2022-06-10 15:43:00,585,585,585,585,0
2022-06-10 15:44:00,585,585,585,585,0
2022-06-10 15:45:00,585,585,585,585,0
2022-06-10 15:46:00,585,585,585,585,0
2022-06-10 15:47:00,585,585,585,585,0
2022-06-10 15:48:00,585,585,585,585,0
2022-06-10 15:49:00,585,585,585,585,0
2022-06-10 15:50:00,585,585,585,585,0
2022-06-10 15:51:00,585,585,585,585,0
2022-06-10 15:52:00,585,585,585,585,0
2022-06-10 15:53:00,585,585,585,585,0
2022-06-10 15:54:00,585,585,585,585,0
2022-06-10 15:55:00,585,585,585,585,0
2022-06-10 15:56:00,585,585,585,585,0
2022-06-10 15:57:00,585,585,585,585,0
2022-06-10 15:58:00,585,585,585,585,0
2022-06-10 15:59:00,585,585,585,585,0
2022-06-13 09:00:00,580,580,580,580,0
2022-06-13 09:01:00,580,580,580,580,0
2022-06-13 09:02:00,580,580,580,580,0
2022-06-13 09:03:00,580,580,580,580,0
2022-06-13 09:04:00,585,585,585,585,500
2022-06-13 09:05:00,580,580,585,580,6600
2022-06-13 09:06:00,585,585,585,585,600
2022-06-13 09:07:00,585,585,585,585,0
2022-06-13 09:08:00,585,585,585,585,0
2022-06-13 09:09:00,585,585,585,585,0
2022-06-13 09:10:00,585,585,585,585,40000
2022-06-13 09:11:00,585,585,585,585,0
2022-06-13 09:12:00,585,585,585,585,0
2022-06-13 09:13:00,585,585,585,585,0
2022-06-13 09:14:00,585,585,585,585,0
2022-06-13 09:15:00,585,585,585,585,500
2022-06-13 09:16:00,585,585,585,585,0
2022-06-13 09:17:00,585,585,585,585,0
2022-06-13 09:18:00,585,585,585,585,0
2022-06-13 09:19:00,585,585,585,585,0
2022-06-13 09:20:00,585,585,585,585,0
2022-06-13 09:21:00,585,585,585,585,0
2022-06-13 09:22:00,580,580,585,585,6100
2022-06-13 09:23:00,585,585,585,585,500
2022-06-13 09:24:00,585,585,585,585,0
2022-06-13 09:25:00,585,585,585,585,200
2022-06-13 09:26:00,585,585,585,585,0
2022-06-13 09:27:00,585,585,585,585,0
2022-06-13 09:28:00,585,585,585,585,0
2022-06-13 09:29:00,585,585,585,585,0
2022-06-13 09:30:00,585,585,585,585,0
2022-06-13 09:31:00,585,585,585,585,0
2022-06-13 09:32:00,585,585,585,585,0
2022-06-13 09:33:00,585,580,585,580,400
2022-06-13 09:34:00,580,575,585,585,35200
2022-06-13 09:35:00,585,585,585,585,200
2022-06-13 09:36:00,585,585,585,585,0
2022-06-13 09:37:00,585,585,585,585,0
2022-06-13 09:38:00,585,585,585,585,0
2022-06-13 09:39:00,585,585,585,585,0
2022-06-13 09:40:00,585,585,585,585,0
2022-06-13 09:41:00,580,580,580,580,8400
2022-06-13 09:42:00,580,580,580,580,0
2022-06-13 09:43:00,580,580,580,580,0
2022-06-13 09:44:00,580,580,580,580,9400
2022-06-13 09:45:00,580,580,585,585,2500
2022-06-13 09:46:00,585,585,585,585,300
2022-06-13 09:47:00,585,585,585,585,0
2022-06-13 09:48:00,585,585,585,585,0
2022-06-13 09:49:00,585,585,585,585,0
2022-06-13 09:50:00,585,585,585,585,0
2022-06-13 09:51:00,585,585,585,585,0
2022-06-13 09:52:00,585,585,585,585,0
2022-06-13 09:53:00,580,580,580,580,1000
2022-06-13 09:54:00,580,580,580,580,0
2022-06-13 09:55:00,580,580,580,580,5100
2022-06-13 09:56:00,580,580,580,580,0
2022-06-13 09:57:00,580,580,580,580,0
2022-06-13 09:58:00,580,580,580,580,1000
2022-06-13 09:59:00,580,580,580,580,0
2022-06-13 10:00:00,580,580,580,580,0
2022-06-13 10:01:00,580,580,580,580,0
2022-06-13 10:02:00,580,580,580,580,2900
2022-06-13 10:03:00,580,580,585,580,3400
2022-06-13 10:04:00,580,580,585,580,0
2022-06-13 10:05:00,585,585,585,585,300
2022-06-13 10:06:00,585,585,585,585,0
2022-06-13 10:07:00,585,585,585,585,0
2022-06-13 10:08:00,585,585,585,585,0
2022-06-13 10:09:00,585,585,585,585,0
2022-06-13 10:10:00,585,585,585,585,0
2022-06-13 10:11:00,585,585,585,585,0
2022-06-13 10:12:00,585,585,585,585,0
2022-06-13 10:13:00,585,585,585,585,0
2022-06-13 10:14:00,585,585,585,585,0
2022-06-13 10:15:00,585,585,585,585,0
2022-06-13 10:16:00,585,585,585,585,0
2022-06-13 10:17:00,585,585,585,585,0
2022-06-13 10:18:00,580,575,580,575,30000
2022-06-13 10:19:00,585,585,585,585,600
2022-06-13 10:20:00,580,580,580,580,1200
2022-06-13 10:21:00,580,580,585,585,1000
2022-06-13 10:22:00,585,585,585,585,400
2022-06-13 10:23:00,585,585,585,585,0
2022-06-13 10:24:00,580,580,580,580,1100
2022-06-13 10:25:00,580,580,585,580,900
2022-06-13 10:26:00,580,580,585,580,0
2022-06-13 10:27:00,580,580,580,580,300
2022-06-13 10:28:00,580,580,580,580,0
2022-06-13 10:29:00,580,580,580,580,5000
2022-06-13 10:30:00,580,580,580,580,0
2022-06-13 10:31:00,580,580,580,580,0
2022-06-13 10:32:00,580,580,580,580,500
2022-06-13 10:33:00,580,580,580,580,0
2022-06-13 10:34:00,580,580,580,580,0
2022-06-13 10:35:00,580,580,580,580,0
2022-06-13 10:36:00,580,580,580,580,0
2022-06-13 10:37:00,580,580,580,580,0
2022-06-13 10:38:00,580,580,580,580,100
2022-06-13 10:39:00,580,580,580,580,0
2022-06-13 10:40:00,580,580,580,580,0
2022-06-13 10:41:00,580,580,580,580,0
2022-06-13 10:42:00,580,580,580,580,0
2022-06-13 10:43:00,580,580,580,580,0
2022-06-13 10:44:00,580,580,580,580,0
2022-06-13 10:45:00,580,580,580,580,0
2022-06-13 10:46:00,580,580,580,580,0
2022-06-13 10:47:00,580,580,580,580,0
2022-06-13 10:48:00,580,580,580,580,0
2022-06-13 10:49:00,580,580,580,580,900
2022-06-13 10:50:00,580,580,580,580,0
2022-06-13 10:51:00,580,580,580,580,0
2022-06-13 10:52:00,580,580,580,580,5300
2022-06-13 10:53:00,580,580,580,580,0
2022-06-13 10:54:00,580,580,580,580,0
2022-06-13 10:55:00,580,580,580,580,0
2022-06-13 10:56:00,580,580,580,580,0
2022-06-13 10:57:00,580,580,580,580,0
2022-06-13 10:58:00,580,580,580,580,0
2022-06-13 10:59:00,580,580,580,580,0
2022-06-13 11:00:00,580,580,580,580,0
2022-06-13 11:01:00,580,580,580,580,0
2022-06-13 11:02:00,580,580,580,580,0
2022-06-13 11:03:00,580,580,580,580,0
2022-06-13 11:04:00,580,580,580,580,0
2022-06-13 11:05:00,580,580,580,580,700
2022-06-13 11:06:00,580,580,580,580,0
2022-06-13 11:07:00,580,575,580,575,400
2022-06-13 11:08:00,580,580,580,580,500
2022-06-13 11:09:00,580,580,580,580,0
2022-06-13 11:10:00,580,580,580,580,0
2022-06-13 11:11:00,580,580,580,580,0
2022-06-13 11:12:00,580,580,580,580,0
2022-06-13 11:13:00,580,580,580,580,0
2022-06-13 11:14:00,580,580,580,580,0
2022-06-13 11:15:00,580,580,580,580,0
2022-06-13 11:16:00,580,580,580,580,0
2022-06-13 11:17:00,580,580,580,580,0
2022-06-13 11:18:00,580,580,580,580,0
2022-06-13 11:19:00,580,580,580,580,0
2022-06-13 11:20:00,580,580,580,580,0
2022-06-13 11:21:00,580,580,580,580,0
2022-06-13 11:22:00,580,580,580,580,0
2022-06-13 11:23:00,580,580,580,580,300
2022-06-13 11:24:00,580,580,580,580,0
2022-06-13 11:25:00,580,580,580,580,200
2022-06-13 11:26:00,580,580,580,580,0
2022-06-13 11:27:00,580,580,580,580,0
2022-06-13 11:28:00,580,580,580,580,300
2022-06-13 11:29:00,580,580,580,580,200
2022-06-13 11:30:00,580,580,580,580,0
2022-06-13 11:31:00,580,580,580,580,0
2022-06-13 11:32:00,580,580,580,580,0
2022-06-13 11:33:00,580,580,580,580,0
2022-06-13 11:34:00,580,580,580,580,0
2022-06-13 11:35:00,580,580,580,580,0
2022-06-13 11:36:00,580,580,580,580,0
2022-06-13 11:37:00,580,580,580,580,0
2022-06-13 11:38:00,580,580,580,580,0
2022-06-13 11:39:00,580,580,580,580,0
2022-06-13 11:40:00,580,580,580,580,0
2022-06-13 11:41:00,580,580,580,580,0
2022-06-13 11:42:00,580,580,580,580,0
2022-06-13 11:43:00,580,580,580,580,0
2022-06-13 11:44:00,580,580,580,580,0
2022-06-13 11:45:00,580,580,580,580,0
2022-06-13 11:46:00,580,580,580,580,0
2022-06-13 11:47:00,580,580,580,580,0
2022-06-13 11:48:00,580,580,580,580,0
2022-06-13 11:49:00,580,580,580,580,0
2022-06-13 11:50:00,580,580,580,580,0
2022-06-13 11:51:00,580,580,580,580,0
2022-06-13 11:52:00,580,580,580,580,0
2022-06-13 11:53:00,580,580,580,580,0
2022-06-13 11:54:00,580,580,580,580,0
2022-06-13 11:55:00,580,580,580,580,0
2022-06-13 11:56:00,580,580,580,580,0
2022-06-13 11:57:00,580,580,580,580,0
2022-06-13 11:58:00,580,580,580,580,0
2022-06-13 11:59:00,580,580,580,580,0
2022-06-13 12:00:00,580,580,580,580,0
2022-06-13 12:01:00,580,580,580,580,0
2022-06-13 12:02:00,580,580,580,580,0
2022-06-13 12:03:00,580,580,580,580,0
2022-06-13 12:04:00,580,580,580,580,0
2022-06-13 12:05:00,580,580,580,580,0
2022-06-13 12:06:00,580,580,580,580,0
2022-06-13 12:07:00,580,580,580,580,0
2022-06-13 12:08:00,580,580,580,580,0
2022-06-13 12:09:00,580,580,580,580,0
2022-06-13 12:10:00,580,580,580,580,0
2022-06-13 12:11:00,580,580,580,580,0
2022-06-13 12:12:00,580,580,580,580,0
2022-06-13 12:13:00,580,580,580,580,0
2022-06-13 12:14:00,580,580,580,580,0
2022-06-13 12:15:00,580,580,580,580,0
2022-06-13 12:16:00,580,580,580,580,0
2022-06-13 12:17:00,580,580,580,580,0
2022-06-13 12:18:00,580,580,580,580,0
2022-06-13 12:19:00,580,580,580,580,0
2022-06-13 12:20:00,580,580,580,580,0
2022-06-13 12:21:00,580,580,580,580,0
2022-06-13 12:22:00,580,580,580,580,0
2022-06-13 12:23:00,580,580,580,580,0
2022-06-13 12:24:00,580,580,580,580,0
2022-06-13 12:25:00,580,580,580,580,0
2022-06-13 12:26:00,580,580,580,580,0
2022-06-13 12:27:00,580,580,580,580,0
2022-06-13 12:28:00,580,580,580,580,0
2022-06-13 12:29:00,580,580,580,580,0
2022-06-13 12:30:00,580,580,580,580,0
2022-06-13 12:31:00,580,580,580,580,0
2022-06-13 12:32:00,580,580,580,580,0
2022-06-13 12:33:00,580,580,580,580,0
2022-06-13 12:34:00,580,580,580,580,0
2022-06-13 12:35:00,580,580,580,580,0
2022-06-13 12:36:00,580,580,580,580,0
2022-06-13 12:37:00,580,580,580,580,0
2022-06-13 12:38:00,580,580,580,580,0
2022-06-13 12:39:00,580,580,580,580,0
2022-06-13 12:40:00,580,580,580,580,0
2022-06-13 12:41:00,580,580,580,580,0
2022-06-13 12:42:00,580,580,580,580,0
2022-06-13 12:43:00,580,580,580,580,0
2022-06-13 12:44:00,580,580,580,580,0
2022-06-13 12:45:00,580,580,580,580,0
2022-06-13 12:46:00,580,580,580,580,0
2022-06-13 12:47:00,580,580,580,580,0
2022-06-13 12:48:00,580,580,580,580,0
2022-06-13 12:49:00,580,580,580,580,0
2022-06-13 12:50:00,580,580,580,580,0
2022-06-13 12:51:00,580,580,580,580,0
2022-06-13 12:52:00,580,580,580,580,0
2022-06-13 12:53:00,580,580,580,580,0
2022-06-13 12:54:00,580,580,580,580,0
2022-06-13 12:55:00,580,580,580,580,0
2022-06-13 12:56:00,580,580,580,580,0
2022-06-13 12:57:00,580,580,580,580,0
2022-06-13 12:58:00,580,580,580,580,0
2022-06-13 12:59:00,580,580,580,580,0
2022-06-13 13:00:00,580,580,580,580,0
2022-06-13 13:01:00,580,580,580,580,0
2022-06-13 13:02:00,580,580,580,580,0
2022-06-13 13:03:00,580,580,580,580,0
2022-06-13 13:04:00,580,580,580,580,0
2022-06-13 13:05:00,580,580,580,580,0
2022-06-13 13:06:00,580,580,580,580,0
2022-06-13 13:07:00,580,580,580,580,0
2022-06-13 13:08:00,580,580,580,580,0
2022-06-13 13:09:00,580,580,580,580,0
2022-06-13 13:10:00,580,580,580,580,0
2022-06-13 13:11:00,580,580,580,580,0
2022-06-13 13:12:00,580,580,580,580,0
2022-06-13 13:13:00,580,580,580,580,0
2022-06-13 13:14:00,580,580,580,580,0
2022-06-13 13:15:00,580,580,580,580,0
2022-06-13 13:16:00,580,580,580,580,0
2022-06-13 13:17:00,580,580,580,580,0
2022-06-13 13:18:00,580,580,580,580,0
2022-06-13 13:19:00,580,580,580,580,0
2022-06-13 13:20:00,580,580,580,580,0
2022-06-13 13:21:00,580,580,580,580,0
2022-06-13 13:22:00,580,580,580,580,0
2022-06-13 13:23:00,580,580,580,580,0
2022-06-13 13:24:00,580,580,580,580,0
2022-06-13 13:25:00,580,580,580,580,0
2022-06-13 13:26:00,580,580,580,580,0
2022-06-13 13:27:00,580,580,580,580,0
2022-06-13 13:28:00,580,580,580,580,0
2022-06-13 13:29:00,580,580,580,580,0
2022-06-13 13:30:00,580,580,580,580,100
2022-06-13 13:31:00,580,580,580,580,0
2022-06-13 13:32:00,580,580,580,580,0
2022-06-13 13:33:00,580,580,580,580,0
2022-06-13 13:34:00,580,580,580,580,0
2022-06-13 13:35:00,580,580,580,580,0
2022-06-13 13:36:00,580,580,580,580,0
2022-06-13 13:37:00,580,580,580,580,0
2022-06-13 13:38:00,580,580,580,580,1100
2022-06-13 13:39:00,575,575,575,575,1300
2022-06-13 13:40:00,580,575,580,580,21100
2022-06-13 13:41:00,580,575,580,580,0
2022-06-13 13:42:00,580,575,580,580,0
2022-06-13 13:43:00,580,575,580,580,0
2022-06-13 13:44:00,575,575,575,575,100
2022-06-13 13:45:00,580,580,580,580,300
2022-06-13 13:46:00,575,575,575,575,500
2022-06-13 13:47:00,580,580,580,580,700
2022-06-13 13:48:00,580,580,580,580,0
2022-06-13 13:49:00,580,580,580,580,0
2022-06-13 13:50:00,580,580,580,580,0
2022-06-13 13:51:00,580,580,580,580,0
2022-06-13 13:52:00,580,580,580,580,0
2022-06-13 13:53:00,580,580,580,580,0
2022-06-13 13:54:00,580,580,580,580,0
2022-06-13 13:55:00,580,580,580,580,2600
2022-06-13 13:56:00,580,580,580,580,0
2022-06-13 13:57:00,580,580,580,580,0
2022-06-13 13:58:00,580,580,580,580,0
2022-06-13 13:59:00,580,580,580,580,0
2022-06-13 14:00:00,580,580,580,580,0
2022-06-13 14:01:00,580,580,580,580,0
2022-06-13 14:02:00,580,580,580,580,0
2022-06-13 14:03:00,580,580,580,580,0
2022-06-13 14:04:00,580,580,580,580,0
2022-06-13 14:05:00,580,580,580,580,0
2022-06-13 14:06:00,580,580,580,580,0
2022-06-13 14:07:00,580,580,580,580,0
2022-06-13 14:08:00,580,580,580,580,0
2022-06-13 14:09:00,580,580,580,580,0
2022-06-13 14:10:00,580,580,580,580,0
2022-06-13 14:11:00,580,580,580,580,0
2022-06-13 14:12:00,580,580,580,580,0
2022-06-13 14:13:00,580,580,580,580,0
2022-06-13 14:14:00,580,580,580,580,0
2022-06-13 14:15:00,575,575,575,575,5600
2022-06-13 14:16:00,575,575,575,575,0
2022-06-13 14:17:00,575,575,575,575,0
2022-06-13 14:18:00,575,575,575,575,0
2022-06-13 14:19:00,575,575,575,575,0
2022-06-13 14:20:00,570,570,570,570,5000
2022-06-13 14:21:00,575,575,575,575,45000
2022-06-13 14:22:00,575,575,575,575,10000
2022-06-13 14:23:00,575,575,575,575,0
2022-06-13 14:24:00,575,575,575,575,0
2022-06-13 14:25:00,575,575,575,575,0
2022-06-13 14:26:00,575,575,575,575,0
2022-06-13 14:27:00,575,575,575,575,0
2022-06-13 14:28:00,575,575,575,575,0
2022-06-13 14:29:00,575,575,575,575,0
2022-06-13 14:30:00,575,575,575,575,0
2022-06-13 14:31:00,575,575,575,575,0
2022-06-13 14:32:00,575,575,575,575,0
2022-06-13 14:33:00,575,575,575,575,0
2022-06-13 14:34:00,575,575,575,575,0
2022-06-13 14:35:00,575,575,575,575,10000
2022-06-13 14:36:00,575,575,575,575,0
2022-06-13 14:37:00,570,570,575,575,25500
2022-06-13 14:38:00,575,575,575,575,300
2022-06-13 14:39:00,570,570,570,570,9100
2022-06-13 14:40:00,575,575,575,575,900
2022-06-13 14:41:00,575,575,575,575,0
2022-06-13 14:42:00,575,575,575,575,0
2022-06-13 14:43:00,575,575,575,575,0
2022-06-13 14:44:00,575,575,575,575,0
2022-06-13 14:45:00,575,575,575,575,900
2022-06-13 14:46:00,575,575,575,575,0
2022-06-13 14:47:00,575,575,575,575,1000
2022-06-13 14:48:00,575,575,580,580,26900
2022-06-13 14:49:00,580,580,580,580,1400
2022-06-13 14:50:00,580,580,580,580,0
2022-06-13 14:51:00,580,580,580,580,0
2022-06-13 14:52:00,580,580,580,580,0
2022-06-13 14:53:00,580,580,580,580,0
2022-06-13 14:54:00,580,580,580,580,0
2022-06-13 14:55:00,580,580,580,580,0
2022-06-13 14:56:00,580,580,580,580,0
2022-06-13 14:57:00,580,580,580,580,0
2022-06-13 14:58:00,580,580,580,580,0
2022-06-13 14:59:00,580,580,580,580,0
2022-06-13 15:00:00,580,580,580,580,70200
2022-06-13 15:01:00,580,580,580,580,5000
2022-06-13 15:02:00,580,580,580,580,0
2022-06-13 15:03:00,580,580,580,580,0
2022-06-13 15:04:00,580,580,580,580,0
2022-06-13 15:05:00,580,580,580,580,0
2022-06-13 15:06:00,580,580,580,580,0
2022-06-13 15:07:00,580,580,580,580,0
2022-06-13 15:08:00,580,580,580,580,0
2022-06-13 15:09:00,580,580,580,580,0
2022-06-13 15:10:00,580,580,580,580,0
2022-06-13 15:11:00,580,580,580,580,0
2022-06-13 15:12:00,580,580,580,580,0
2022-06-13 15:13:00,580,580,580,580,0
2022-06-13 15:14:00,580,580,580,580,0
2022-06-13 15:15:00,580,580,580,580,0
2022-06-13 15:16:00,580,580,580,580,0
2022-06-13 15:17:00,580,580,580,580,0
2022-06-13 15:18:00,580,580,580,580,0
2022-06-13 15:19:00,580,580,580,580,0
2022-06-13 15:20:00,580,580,580,580,0
2022-06-13 15:21:00,580,580,580,580,0
2022-06-13 15:22:00,580,580,580,580,0
2022-06-13 15:23:00,580,580,580,580,0
2022-06-13 15:24:00,580,580,580,580,0
2022-06-13 15:25:00,580,580,580,580,0
2022-06-13 15:26:00,580,580,580,580,0
2022-06-13 15:27:00,580,580,580,580,0
2022-06-13 15:28:00,580,580,580,580,0
2022-06-13 15:29:00,580,580,580,580,0
2022-06-13 15:30:00,580,580,580,580,0
2022-06-13 15:31:00,580,580,580,580,0
2022-06-13 15:32:00,580,580,580,580,0
2022-06-13 15:33:00,580,580,580,580,0
2022-06-13 15:34:00,580,580,580,580,0
2022-06-13 15:35:00,580,580,580,580,0
2022-06-13 15:36:00,580,580,580,580,0
2022-06-13 15:37:00,580,580,580,580,0
2022-06-13 15:38:00,580,580,580,580,0
2022-06-13 15:39:00,580,580,580,580,0
2022-06-13 15:40:00,580,580,580,580,0
2022-06-13 15:41:00,580,580,580,580,0
2022-06-13 15:42:00,580,580,580,580,0
2022-06-13 15:43:00,580,580,580,580,0
2022-06-13 15:44:00,580,580,580,580,0
2022-06-13 15:45:00,580,580,580,580,0
2022-06-13 15:46:00,580,580,580,580,0
2022-06-13 15:47:00,580,580,580,580,0
2022-06-13 15:48:00,580,580,580,580,0
2022-06-13 15:49:00,580,580,580,580,0
2022-06-13 15:50:00,580,580,580,580,0
2022-06-13 15:51:00,580,580,580,580,0
2022-06-13 15:52:00,580,580,580,580,0
2022-06-13 15:53:00,580,580,580,580,0
2022-06-13 15:54:00,580,580,580,580,0
2022-06-13 15:55:00,580,580,580,580,0
2022-06-13 15:56:00,580,580,580,580,0
2022-06-13 15:57:00,580,580,580,580,0
2022-06-13 15:58:00,580,580,580,580,0
2022-06-13 15:59:00,580,580,580,580,0
2022-06-14 09:00:00,580,580,580,580,0
2022-06-14 09:01:00,580,580,580,580,0
2022-06-14 09:02:00,580,580,580,580,0
2022-06-14 09:03:00,580,580,580,580,0
2022-06-14 09:04:00,580,580,580,580,0
2022-06-14 09:05:00,580,580,580,580,300
2022-06-14 09:06:00,580,580,580,580,0
2022-06-14 09:07:00,580,580,580,580,0
2022-06-14 09:08:00,580,580,580,580,0
2022-06-14 09:09:00,580,580,580,580,0
2022-06-14 09:10:00,580,580,580,580,40000
2022-06-14 09:11:00,580,580,580,580,0
2022-06-14 09:12:00,580,580,580,580,0
2022-06-14 09:13:00,580,580,580,580,0
2022-06-14 09:14:00,580,580,580,580,0
2022-06-14 09:15:00,580,580,580,580,700
2022-06-14 09:16:00,580,580,580,580,0
2022-06-14 09:17:00,580,580,580,580,0
2022-06-14 09:18:00,580,580,580,580,1700
2022-06-14 09:19:00,580,580,580,580,100
2022-06-14 09:20:00,580,580,580,580,0
2022-06-14 09:21:00,580,580,580,580,0
2022-06-14 09:22:00,580,580,580,580,0
2022-06-14 09:23:00,580,580,580,580,0
2022-06-14 09:24:00,580,580,580,580,0
2022-06-14 09:25:00,580,580,580,580,0
2022-06-14 09:26:00,580,580,580,580,0
2022-06-14 09:27:00,580,580,580,580,0
2022-06-14 09:28:00,580,580,580,580,0
2022-06-14 09:29:00,580,580,580,580,0
2022-06-14 09:30:00,580,580,580,580,0
2022-06-14 09:31:00,580,580,580,580,0
2022-06-14 09:32:00,580,580,580,580,400
2022-06-14 09:33:00,580,580,580,580,0
2022-06-14 09:34:00,580,580,580,580,0
2022-06-14 09:35:00,580,580,580,580,0
2022-06-14 09:36:00,580,580,580,580,0
2022-06-14 09:37:00,580,580,580,580,0
2022-06-14 09:38:00,580,580,580,580,0
2022-06-14 09:39:00,580,580,580,580,0
2022-06-14 09:40:00,580,580,580,580,0
2022-06-14 09:41:00,580,580,580,580,0
2022-06-14 09:42:00,580,580,580,580,0
2022-06-14 09:43:00,580,580,580,580,0
2022-06-14 09:44:00,580,580,580,580,0
2022-06-14 09:45:00,580,580,580,580,0
2022-06-14 09:46:00,580,580,580,580,900
2022-06-14 09:47:00,580,580,580,580,0
2022-06-14 09:48:00,580,580,580,580,0
2022-06-14 09:49:00,580,580,580,580,0
2022-06-14 09:50:00,580,580,580,580,500
2022-06-14 09:51:00,580,580,580,580,0
2022-06-14 09:52:00,580,580,580,580,0
2022-06-14 09:53:00,580,580,580,580,0
2022-06-14 09:54:00,580,580,580,580,0
2022-06-14 09:55:00,580,580,580,580,0
2022-06-14 09:56:00,580,580,580,580,0
2022-06-14 09:57:00,580,580,580,580,0
2022-06-14 09:58:00,580,580,585,585,25000
2022-06-14 09:59:00,585,585,585,585,200
2022-06-14 10:00:00,585,585,585,585,700
2022-06-14 10:01:00,585,585,585,585,0
2022-06-14 10:02:00,585,585,585,585,0
2022-06-14 10:03:00,580,580,580,580,500
2022-06-14 10:04:00,585,585,585,585,300
2022-06-14 10:05:00,585,585,585,585,0
2022-06-14 10:06:00,585,585,585,585,0
2022-06-14 10:07:00,585,585,585,585,200
2022-06-14 10:08:00,585,585,585,585,0
2022-06-14 10:09:00,585,585,585,585,0
2022-06-14 10:10:00,585,585,585,585,0
2022-06-14 10:11:00,585,585,585,585,0
2022-06-14 10:12:00,585,585,585,585,0
2022-06-14 10:13:00,585,585,585,585,0
2022-06-14 10:14:00,585,585,585,585,500
2022-06-14 10:15:00,585,585,585,585,0
2022-06-14 10:16:00,585,585,585,585,0
2022-06-14 10:17:00,585,585,585,585,0
2022-06-14 10:18:00,585,585,585,585,0
2022-06-14 10:19:00,585,585,585,585,0
2022-06-14 10:20:00,585,585,585,585,0
2022-06-14 10:21:00,585,585,585,585,0
2022-06-14 10:22:00,585,585,585,585,0
2022-06-14 10:23:00,585,585,585,585,0
2022-06-14 10:24:00,585,585,585,585,0
2022-06-14 10:25:00,585,585,585,585,0
2022-06-14 10:26:00,585,585,585,585,400
2022-06-14 10:27:00,585,585,585,585,0
2022-06-14 10:28:00,585,585,585,585,0
2022-06-14 10:29:00,585,585,585,585,0
2022-06-14 10:30:00,585,585,585,585,0
2022-06-14 10:31:00,585,585,585,585,0
2022-06-14 10:32:00,585,585,585,585,0
2022-06-14 10:33:00,585,585,585,585,0
2022-06-14 10:34:00,585,585,585,585,0
2022-06-14 10:35:00,585,585,585,585,0
2022-06-14 10:36:00,585,585,585,585,0
2022-06-14 10:37:00,585,585,585,585,0
2022-06-14 10:38:00,585,585,585,585,0
2022-06-14 10:39:00,585,585,585,585,0
2022-06-14 10:40:00,585,585,585,585,0
2022-06-14 10:41:00,580,570,580,570,20300
2022-06-14 10:42:00,580,580,580,580,500
2022-06-14 10:43:00,580,580,580,580,3000
2022-06-14 10:44:00,580,580,580,580,200
2022-06-14 10:45:00,580,580,580,580,0
2022-06-14 10:46:00,580,580,580,580,0
2022-06-14 10:47:00,580,580,580,580,0
2022-06-14 10:48:00,580,580,580,580,0
2022-06-14 10:49:00,580,580,580,580,0
2022-06-14 10:50:00,580,580,580,580,0
2022-06-14 10:51:00,580,580,580,580,0
2022-06-14 10:52:00,580,580,580,580,0
2022-06-14 10:53:00,580,580,580,580,0
2022-06-14 10:54:00,580,580,580,580,2000
2022-06-14 10:55:00,580,580,580,580,0
2022-06-14 10:56:00,580,580,580,580,0
2022-06-14 10:57:00,580,580,580,580,900
2022-06-14 10:58:00,580,580,580,580,0
2022-06-14 10:59:00,580,580,580,580,0
2022-06-14 11:00:00,580,580,580,580,0
2022-06-14 11:01:00,580,580,580,580,0
2022-06-14 11:02:00,580,580,580,580,0
2022-06-14 11:03:00,580,580,580,580,0
2022-06-14 11:04:00,580,580,580,580,0
2022-06-14 11:05:00,580,580,580,580,0
2022-06-14 11:06:00,580,580,580,580,0
2022-06-14 11:07:00,580,580,580,580,0
2022-06-14 11:08:00,580,580,580,580,0
2022-06-14 11:09:00,580,580,580,580,0
2022-06-14 11:10:00,580,580,580,580,0
2022-06-14 11:11:00,580,580,580,580,0
2022-06-14 11:12:00,580,580,580,580,0
2022-06-14 11:13:00,580,580,580,580,0
2022-06-14 11:14:00,580,580,580,580,0
2022-06-14 11:15:00,580,580,580,580,0
2022-06-14 11:16:00,580,580,580,580,0
2022-06-14 11:17:00,580,580,580,580,0
2022-06-14 11:18:00,580,580,580,580,0
2022-06-14 11:19:00,580,580,580,580,0
2022-06-14 11:20:00,580,580,580,580,0
2022-06-14 11:21:00,580,580,580,580,0
2022-06-14 11:22:00,580,580,580,580,0
2022-06-14 11:23:00,580,580,580,580,0
2022-06-14 11:24:00,580,580,580,580,0
2022-06-14 11:25:00,580,580,580,580,0
2022-06-14 11:26:00,580,580,580,580,0
2022-06-14 11:27:00,580,580,580,580,300
2022-06-14 11:28:00,580,580,580,580,200
2022-06-14 11:29:00,580,580,580,580,1000
2022-06-14 11:30:00,580,580,580,580,0
2022-06-14 11:31:00,580,580,580,580,0
2022-06-14 11:32:00,580,580,580,580,0
2022-06-14 11:33:00,580,580,580,580,0
2022-06-14 11:34:00,580,580,580,580,0
2022-06-14 11:35:00,580,580,580,580,0
2022-06-14 11:36:00,580,580,580,580,0
2022-06-14 11:37:00,580,580,580,580,0
2022-06-14 11:38:00,580,580,580,580,0
2022-06-14 11:39:00,580,580,580,580,0
2022-06-14 11:40:00,580,580,580,580,0
2022-06-14 11:41:00,580,580,580,580,0
2022-06-14 11:42:00,580,580,580,580,0
2022-06-14 11:43:00,580,580,580,580,0
2022-06-14 11:44:00,580,580,580,580,0
2022-06-14 11:45:00,580,580,580,580,0
2022-06-14 11:46:00,580,580,580,580,0
2022-06-14 11:47:00,580,580,580,580,0
2022-06-14 11:48:00,580,580,580,580,0
2022-06-14 11:49:00,580,580,580,580,0
2022-06-14 11:50:00,580,580,580,580,0
2022-06-14 11:51:00,580,580,580,580,0
2022-06-14 11:52:00,580,580,580,580,0
2022-06-14 11:53:00,580,580,580,580,0
2022-06-14 11:54:00,580,580,580,580,0
2022-06-14 11:55:00,580,580,580,580,0
2022-06-14 11:56:00,580,580,580,580,0
2022-06-14 11:57:00,580,580,580,580,0
2022-06-14 11:58:00,580,580,580,580,0
2022-06-14 11:59:00,580,580,580,580,0
2022-06-14 12:00:00,580,580,580,580,0
2022-06-14 12:01:00,580,580,580,580,0
2022-06-14 12:02:00,580,580,580,580,0
2022-06-14 12:03:00,580,580,580,580,0
2022-06-14 12:04:00,580,580,580,580,0
2022-06-14 12:05:00,580,580,580,580,0
2022-06-14 12:06:00,580,580,580,580,0
2022-06-14 12:07:00,580,580,580,580,0
2022-06-14 12:08:00,580,580,580,580,0
2022-06-14 12:09:00,580,580,580,580,0
2022-06-14 12:10:00,580,580,580,580,0
2022-06-14 12:11:00,580,580,580,580,0
2022-06-14 12:12:00,580,580,580,580,0
2022-06-14 12:13:00,580,580,580,580,0
2022-06-14 12:14:00,580,580,580,580,0
2022-06-14 12:15:00,580,580,580,580,0
2022-06-14 12:16:00,580,580,580,580,0
2022-06-14 12:17:00,580,580,580,580,0
2022-06-14 12:18:00,580,580,580,580,0
2022-06-14 12:19:00,580,580,580,580,0
2022-06-14 12:20:00,580,580,580,580,0
2022-06-14 12:21:00,580,580,580,580,0
2022-06-14 12:22:00,580,580,580,580,0
2022-06-14 12:23:00,580,580,580,580,0
2022-06-14 12:24:00,580,580,580,580,0
2022-06-14 12:25:00,580,580,580,580,0
2022-06-14 12:26:00,580,580,580,580,0
2022-06-14 12:27:00,580,580,580,580,0
2022-06-14 12:28:00,580,580,580,580,0
2022-06-14 12:29:00,580,580,580,580,0
2022-06-14 12:30:00,580,580,580,580,0
2022-06-14 12:31:00,580,580,580,580,0
2022-06-14 12:32:00,580,580,580,580,0
2022-06-14 12:33:00,580,580,580,580,0
2022-06-14 12:34:00,580,580,580,580,0
2022-06-14 12:35:00,580,580,580,580,0
2022-06-14 12:36:00,580,580,580,580,0
2022-06-14 12:37:00,580,580,580,580,0
2022-06-14 12:38:00,580,580,580,580,0
2022-06-14 12:39:00,580,580,580,580,0
2022-06-14 12:40:00,580,580,580,580,0
2022-06-14 12:41:00,580,580,580,580,0
2022-06-14 12:42:00,580,580,580,580,0
2022-06-14 12:43:00,580,580,580,580,0
2022-06-14 12:44:00,580,580,580,580,0
2022-06-14 12:45:00,580,580,580,580,0
2022-06-14 12:46:00,580,580,580,580,0
2022-06-14 12:47:00,580,580,580,580,0
2022-06-14 12:48:00,580,580,580,580,0
2022-06-14 12:49:00,580,580,580,580,0
2022-06-14 12:50:00,580,580,580,580,0
2022-06-14 12:51:00,580,580,580,580,0
2022-06-14 12:52:00,580,580,580,580,0
2022-06-14 12:53:00,580,580,580,580,0
2022-06-14 12:54:00,580,580,580,580,0
2022-06-14 12:55:00,580,580,580,580,0
2022-06-14 12:56:00,580,580,580,580,0
2022-06-14 12:57:00,580,580,580,580,0
2022-06-14 12:58:00,580,580,580,580,0
2022-06-14 12:59:00,580,580,580,580,0
2022-06-14 13:00:00,580,580,580,580,0
2022-06-14 13:01:00,580,580,580,580,0
2022-06-14 13:02:00,580,580,580,580,0
2022-06-14 13:03:00,580,580,580,580,0
2022-06-14 13:04:00,580,580,580,580,0
2022-06-14 13:05:00,580,580,580,580,0
2022-06-14 13:06:00,580,580,580,580,0
2022-06-14 13:07:00,580,580,580,580,0
2022-06-14 13:08:00,580,580,580,580,0
2022-06-14 13:09:00,580,580,580,580,0
2022-06-14 13:10:00,580,580,580,580,0
2022-06-14 13:11:00,580,580,580,580,0
2022-06-14 13:12:00,580,580,580,580,0
2022-06-14 13:13:00,580,580,580,580,0
2022-06-14 13:14:00,580,580,580,580,0
2022-06-14 13:15:00,580,580,580,580,0
2022-06-14 13:16:00,580,580,580,580,0
2022-06-14 13:17:00,580,580,580,580,0
2022-06-14 13:18:00,580,580,580,580,0
2022-06-14 13:19:00,580,580,580,580,0
2022-06-14 13:20:00,580,580,580,580,0
2022-06-14 13:21:00,580,580,580,580,0
2022-06-14 13:22:00,580,580,580,580,0
2022-06-14 13:23:00,580,580,580,580,0
2022-06-14 13:24:00,580,580,580,580,0
2022-06-14 13:25:00,580,580,580,580,0
2022-06-14 13:26:00,580,580,580,580,0
2022-06-14 13:27:00,580,580,580,580,0
2022-06-14 13:28:00,580,580,580,580,0
2022-06-14 13:29:00,580,580,580,580,0
2022-06-14 13:30:00,580,580,580,580,0
2022-06-14 13:31:00,580,580,580,580,0
2022-06-14 13:32:00,580,580,580,580,0
2022-06-14 13:33:00,580,580,580,580,0
2022-06-14 13:34:00,580,580,580,580,0
2022-06-14 13:35:00,580,580,580,580,0
2022-06-14 13:36:00,580,580,580,580,0
2022-06-14 13:37:00,580,580,580,580,0
2022-06-14 13:38:00,580,580,580,580,0
2022-06-14 13:39:00,580,580,580,580,0
2022-06-14 13:40:00,580,580,580,580,0
2022-06-14 13:41:00,580,580,580,580,0
2022-06-14 13:42:00,580,580,580,580,0
2022-06-14 13:43:00,580,580,580,580,0
2022-06-14 13:44:00,580,580,580,580,0
2022-06-14 13:45:00,580,580,580,580,0
2022-06-14 13:46:00,580,580,580,580,0
2022-06-14 13:47:00,580,580,580,580,0
2022-06-14 13:48:00,580,580,580,580,1500
2022-06-14 13:49:00,580,580,580,580,0
2022-06-14 13:50:00,580,580,580,580,0
2022-06-14 13:51:00,580,580,580,580,0
2022-06-14 13:52:00,580,580,580,580,0
2022-06-14 13:53:00,580,580,580,580,0
2022-06-14 13:54:00,580,580,580,580,0
2022-06-14 13:55:00,580,580,580,580,0
2022-06-14 13:56:00,580,580,580,580,0
2022-06-14 13:57:00,580,580,580,580,0
2022-06-14 13:58:00,580,580,580,580,0
2022-06-14 13:59:00,580,580,580,580,0
2022-06-14 14:00:00,580,580,580,580,0
2022-06-14 14:01:00,580,580,580,580,0
2022-06-14 14:02:00,580,580,580,580,0
2022-06-14 14:03:00,580,580,580,580,0
2022-06-14 14:04:00,580,580,580,580,0
2022-06-14 14:05:00,580,580,580,580,0
2022-06-14 14:06:00,580,580,580,580,0
2022-06-14 14:07:00,580,580,580,580,0
2022-06-14 14:08:00,580,580,580,580,0
2022-06-14 14:09:00,580,580,580,580,0
2022-06-14 14:10:00,580,580,580,580,0
2022-06-14 14:11:00,580,580,580,580,0
2022-06-14 14:12:00,580,580,580,580,0
2022-06-14 14:13:00,580,580,580,580,0
2022-06-14 14:14:00,580,580,580,580,0
2022-06-14 14:15:00,580,580,580,580,0
2022-06-14 14:16:00,580,580,580,580,0
2022-06-14 14:17:00,580,580,580,580,0
2022-06-14 14:18:00,580,580,580,580,0
2022-06-14 14:19:00,580,580,580,580,0
2022-06-14 14:20:00,580,580,580,580,0
2022-06-14 14:21:00,580,580,580,580,0
2022-06-14 14:22:00,580,580,580,580,0
2022-06-14 14:23:00,580,580,580,580,0
2022-06-14 14:24:00,580,580,580,580,0
2022-06-14 14:25:00,580,580,580,580,0
2022-06-14 14:26:00,580,580,580,580,0
2022-06-14 14:27:00,580,580,580,580,0
2022-06-14 14:28:00,580,580,580,580,0
2022-06-14 14:29:00,580,580,580,580,0
2022-06-14 14:30:00,580,580,580,580,0
2022-06-14 14:31:00,580,580,580,580,0
2022-06-14 14:32:00,580,580,580,580,1000
2022-06-14 14:33:00,580,580,580,580,0
2022-06-14 14:34:00,580,580,580,580,0
2022-06-14 14:35:00,580,580,580,580,0
2022-06-14 14:36:00,580,580,580,580,0
2022-06-14 14:37:00,580,580,580,580,0
2022-06-14 14:38:00,580,580,580,580,0
2022-06-14 14:39:00,580,580,580,580,0
2022-06-14 14:40:00,580,580,580,580,0
2022-06-14 14:41:00,580,580,580,580,300
2022-06-14 14:42:00,580,580,580,580,0
2022-06-14 14:43:00,580,580,580,580,0
2022-06-14 14:44:00,580,580,580,580,0
2022-06-14 14:45:00,580,580,580,580,400
2022-06-14 14:46:00,580,580,580,580,0
2022-06-14 14:47:00,580,580,580,580,0
2022-06-14 14:48:00,580,580,580,580,0
2022-06-14 14:49:00,580,580,580,580,300
2022-06-14 14:50:00,580,580,580,580,0
2022-06-14 14:51:00,580,580,580,580,0
2022-06-14 14:52:00,580,580,580,580,0
2022-06-14 14:53:00,580,580,580,580,0
2022-06-14 14:54:00,580,580,580,580,0
2022-06-14 14:55:00,580,580,580,580,0
2022-06-14 14:56:00,580,580,580,580,0
2022-06-14 14:57:00,580,580,580,580,0
2022-06-14 14:58:00,580,580,580,580,0
2022-06-14 14:59:00,580,580,580,580,0
2022-06-14 15:00:00,580,580,580,580,167600
2022-06-14 15:01:00,580,580,580,580,0
2022-06-14 15:02:00,580,580,580,580,0
2022-06-14 15:03:00,580,580,580,580,0
2022-06-14 15:04:00,580,580,580,580,0
2022-06-14 15:05:00,580,580,580,580,0
2022-06-14 15:06:00,580,580,580,580,0
2022-06-14 15:07:00,580,580,580,580,0
2022-06-14 15:08:00,580,580,580,580,0
2022-06-14 15:09:00,580,580,580,580,0
2022-06-14 15:10:00,580,580,580,580,0
2022-06-14 15:11:00,580,580,580,580,0
2022-06-14 15:12:00,580,580,580,580,0
2022-06-14 15:13:00,580,580,580,580,0
2022-06-14 15:14:00,580,580,580,580,0
2022-06-14 15:15:00,580,580,580,580,0
2022-06-14 15:16:00,580,580,580,580,0
2022-06-14 15:17:00,580,580,580,580,0
2022-06-14 15:18:00,580,580,580,580,0
2022-06-14 15:19:00,580,580,580,580,0
2022-06-14 15:20:00,580,580,580,580,0
2022-06-14 15:21:00,580,580,580,580,0
2022-06-14 15:22:00,580,580,580,580,0
2022-06-14 15:23:00,580,580,580,580,0
2022-06-14 15:24:00,580,580,580,580,0
2022-06-14 15:25:00,580,580,580,580,0
2022-06-14 15:26:00,580,580,580,580,0
2022-06-14 15:27:00,580,580,580,580,0
2022-06-14 15:28:00,580,580,580,580,0
2022-06-14 15:29:00,580,580,580,580,0
2022-06-14 15:30:00,580,580,580,580,0
2022-06-14 15:31:00,580,580,580,580,0
2022-06-14 15:32:00,580,580,580,580,0
2022-06-14 15:33:00,580,580,580,580,0
2022-06-14 15:34:00,580,580,580,580,0
2022-06-14 15:35:00,580,580,580,580,0
2022-06-14 15:36:00,580,580,580,580,0
2022-06-14 15:37:00,580,580,580,580,0
2022-06-14 15:38:00,580,580,580,580,0
2022-06-14 15:39:00,580,580,580,580,0
2022-06-14 15:40:00,580,580,580,580,0
2022-06-14 15:41:00,580,580,580,580,0
2022-06-14 15:42:00,580,580,580,580,0
2022-06-14 15:43:00,580,580,580,580,0
2022-06-14 15:44:00,580,580,580,580,0
2022-06-14 15:45:00,580,580,580,580,0
2022-06-14 15:46:00,580,580,580,580,0
2022-06-14 15:47:00,580,580,580,580,0
2022-06-14 15:48:00,580,580,580,580,0
2022-06-14 15:49:00,580,580,580,580,0
2022-06-14 15:50:00,580,580,580,580,0
2022-06-14 15:51:00,580,580,580,580,0
2022-06-14 15:52:00,580,580,580,580,0
2022-06-14 15:53:00,580,580,580,580,0
2022-06-14 15:54:00,580,580,580,580,0
2022-06-14 15:55:00,580,580,580,580,0
2022-06-14 15:56:00,580,580,580,580,0
2022-06-14 15:57:00,580,580,580,580,0
2022-06-14 15:58:00,580,580,580,580,0
2022-06-14 15:59:00,580,580,580,580,0
2022-06-15 09:00:00,580,580,580,580,0
2022-06-15 09:01:00,580,580,580,580,0
2022-06-15 09:02:00,580,580,580,580,0
2022-06-15 09:03:00,580,580,580,580,0
2022-06-15 09:04:00,580,580,580,580,0
2022-06-15 09:05:00,580,580,580,580,0
2022-06-15 09:06:00,580,580,580,580,0
2022-06-15 09:07:00,580,580,580,580,0
2022-06-15 09:08:00,580,580,580,580,0
2022-06-15 09:09:00,580,580,580,580,0
2022-06-15 09:10:00,580,580,580,580,0
2022-06-15 09:11:00,580,580,580,580,0
2022-06-15 09:12:00,580,580,580,580,0
2022-06-15 09:13:00,580,580,580,580,500
2022-06-15 09:14:00,580,580,580,580,400
2022-06-15 09:15:00,580,580,580,580,0
2022-06-15 09:16:00,580,580,580,580,0
2022-06-15 09:17:00,580,580,580,580,0
2022-06-15 09:18:00,580,580,580,580,0
2022-06-15 09:19:00,580,580,580,580,0
2022-06-15 09:20:00,580,580,580,580,0
2022-06-15 09:21:00,580,580,580,580,0
2022-06-15 09:22:00,580,580,580,580,50000
2022-06-15 09:23:00,575,575,575,575,700
2022-06-15 09:24:00,580,575,580,575,2900
2022-06-15 09:25:00,580,580,580,580,1500
2022-06-15 09:26:00,580,580,580,580,0
2022-06-15 09:27:00,580,580,580,580,100
2022-06-15 09:28:00,580,580,580,580,0
2022-06-15 09:29:00,580,580,580,580,0
2022-06-15 09:30:00,580,580,580,580,0
2022-06-15 09:31:00,580,580,580,580,0
2022-06-15 09:32:00,580,580,580,580,0
2022-06-15 09:33:00,580,580,580,580,0
2022-06-15 09:34:00,580,580,580,580,500
2022-06-15 09:35:00,580,580,580,580,0
2022-06-15 09:36:00,580,580,580,580,0
2022-06-15 09:37:00,580,580,580,580,0
2022-06-15 09:38:00,580,580,580,580,0
2022-06-15 09:39:00,580,580,580,580,0
2022-06-15 09:40:00,580,580,580,580,0
2022-06-15 09:41:00,580,580,580,580,0
2022-06-15 09:42:00,580,580,580,580,0
2022-06-15 09:43:00,580,580,580,580,0
2022-06-15 09:44:00,580,580,580,580,0
2022-06-15 09:45:00,580,580,580,580,0
2022-06-15 09:46:00,580,580,580,580,0
2022-06-15 09:47:00,580,580,580,580,0
2022-06-15 09:48:00,580,580,580,580,0
2022-06-15 09:49:00,580,580,580,580,0
2022-06-15 09:50:00,580,580,580,580,0
2022-06-15 09:51:00,580,580,580,580,0
2022-06-15 09:52:00,580,580,580,580,0
2022-06-15 09:53:00,580,580,580,580,0
2022-06-15 09:54:00,580,580,580,580,0
2022-06-15 09:55:00,580,580,580,580,0
2022-06-15 09:56:00,580,580,580,580,0
2022-06-15 09:57:00,580,580,580,580,0
2022-06-15 09:58:00,580,580,580,580,0
2022-06-15 09:59:00,575,575,580,580,2400
2022-06-15 10:00:00,575,575,580,580,0
2022-06-15 10:01:00,575,575,580,580,0
2022-06-15 10:02:00,575,575,580,580,0
2022-06-15 10:03:00,575,575,580,580,0
2022-06-15 10:04:00,575,575,580,580,0
2022-06-15 10:05:00,575,575,580,580,0
2022-06-15 10:06:00,575,575,580,580,0
2022-06-15 10:07:00,575,575,580,580,0
2022-06-15 10:08:00,575,575,580,580,0
2022-06-15 10:09:00,580,580,580,580,900
2022-06-15 10:10:00,580,580,580,580,0
2022-06-15 10:11:00,580,580,580,580,0
2022-06-15 10:12:00,580,580,580,580,0
2022-06-15 10:13:00,580,580,580,580,0
2022-06-15 10:14:00,580,580,580,580,0
2022-06-15 10:15:00,580,580,580,580,100
2022-06-15 10:16:00,580,580,580,580,0
2022-06-15 10:17:00,580,580,580,580,0
2022-06-15 10:18:00,580,580,580,580,0
2022-06-15 10:19:00,580,580,580,580,0
2022-06-15 10:20:00,580,580,580,580,0
2022-06-15 10:21:00,580,580,580,580,0
2022-06-15 10:22:00,580,580,580,580,0
2022-06-15 10:23:00,580,580,580,580,0
2022-06-15 10:24:00,580,580,580,580,0
2022-06-15 10:25:00,580,580,580,580,0
2022-06-15 10:26:00,580,580,580,580,0
2022-06-15 10:27:00,580,580,580,580,0
2022-06-15 10:28:00,580,580,580,580,0
2022-06-15 10:29:00,580,580,580,580,0
2022-06-15 10:30:00,580,580,580,580,0
2022-06-15 10:31:00,580,580,580,580,0
2022-06-15 10:32:00,580,580,580,580,0
2022-06-15 10:33:00,580,580,580,580,0
2022-06-15 10:34:00,580,580,580,580,0
2022-06-15 10:35:00,580,580,580,580,0
2022-06-15 10:36:00,580,580,580,580,0
2022-06-15 10:37:00,580,580,580,580,0
2022-06-15 10:38:00,580,580,580,580,0
2022-06-15 10:39:00,580,580,580,580,0
2022-06-15 10:40:00,580,580,580,580,0
2022-06-15 10:41:00,580,580,580,580,0
2022-06-15 10:42:00,580,580,580,580,0
2022-06-15 10:43:00,580,580,580,580,0
2022-06-15 10:44:00,580,580,580,580,0
2022-06-15 10:45:00,580,580,580,580,0
2022-06-15 10:46:00,580,580,580,580,0
2022-06-15 10:47:00,580,580,580,580,0
2022-06-15 10:48:00,580,580,580,580,0
2022-06-15 10:49:00,580,580,580,580,0
2022-06-15 10:50:00,580,580,580,580,0
2022-06-15 10:51:00,580,580,580,580,0
2022-06-15 10:52:00,575,570,580,580,58000
2022-06-15 10:53:00,575,570,580,580,0
2022-06-15 10:54:00,575,570,580,580,0
2022-06-15 10:55:00,575,570,580,580,0
2022-06-15 10:56:00,575,570,580,580,0
2022-06-15 10:57:00,575,570,580,580,0
2022-06-15 10:58:00,575,570,580,580,0
2022-06-15 10:59:00,575,570,580,580,0
2022-06-15 11:00:00,575,570,580,580,0
2022-06-15 11:01:00,575,570,580,580,0
2022-06-15 11:02:00,575,570,580,580,0
2022-06-15 11:03:00,575,570,580,580,0
2022-06-15 11:04:00,575,570,580,580,0
2022-06-15 11:05:00,575,570,580,580,0
2022-06-15 11:06:00,575,570,580,580,0
2022-06-15 11:07:00,575,570,580,580,0
2022-06-15 11:08:00,575,570,580,580,0
2022-06-15 11:09:00,575,570,580,580,0
2022-06-15 11:10:00,575,570,580,580,0
2022-06-15 11:11:00,575,570,580,580,0
2022-06-15 11:12:00,575,570,580,580,0
2022-06-15 11:13:00,575,570,580,580,0
2022-06-15 11:14:00,575,570,580,580,0
2022-06-15 11:15:00,575,570,580,580,0
2022-06-15 11:16:00,575,570,580,580,0
2022-06-15 11:17:00,575,570,580,580,0
2022-06-15 11:18:00,575,570,580,580,0
2022-06-15 11:19:00,575,570,580,580,0
2022-06-15 11:20:00,575,570,580,580,0
2022-06-15 11:21:00,580,580,580,580,300
2022-06-15 11:22:00,580,580,580,580,600
2022-06-15 11:23:00,580,580,580,580,0
2022-06-15 11:24:00,580,580,580,580,0
2022-06-15 11:25:00,580,580,580,580,200
2022-06-15 11:26:00,580,580,580,580,0
2022-06-15 11:27:00,580,580,580,580,0
2022-06-15 11:28:00,580,580,580,580,0
2022-06-15 11:29:00,580,580,580,580,700
2022-06-15 11:30:00,580,580,580,580,0
2022-06-15 11:31:00,580,580,580,580,0
2022-06-15 11:32:00,580,580,580,580,0
2022-06-15 11:33:00,580,580,580,580,0
2022-06-15 11:34:00,580,580,580,580,0
2022-06-15 11:35:00,580,580,580,580,0
2022-06-15 11:36:00,580,580,580,580,0
2022-06-15 11:37:00,580,580,580,580,0
2022-06-15 11:38:00,580,580,580,580,0
2022-06-15 11:39:00,580,580,580,580,0
2022-06-15 11:40:00,580,580,580,580,0
2022-06-15 11:41:00,580,580,580,580,0
2022-06-15 11:42:00,580,580,580,580,0
2022-06-15 11:43:00,580,580,580,580,0
2022-06-15 11:44:00,580,580,580,580,0
2022-06-15 11:45:00,580,580,580,580,0
2022-06-15 11:46:00,580,580,580,580,0
2022-06-15 11:47:00,580,580,580,580,0
2022-06-15 11:48:00,580,580,580,580,0
2022-06-15 11:49:00,580,580,580,580,0
2022-06-15 11:50:00,580,580,580,580,0
2022-06-15 11:51:00,580,580,580,580,0
2022-06-15 11:52:00,580,580,580,580,0
2022-06-15 11:53:00,580,580,580,580,0
2022-06-15 11:54:00,580,580,580,580,0
2022-06-15 11:55:00,580,580,580,580,0
2022-06-15 11:56:00,580,580,580,580,0
2022-06-15 11:57:00,580,580,580,580,0
2022-06-15 11:58:00,580,580,580,580,0
2022-06-15 11:59:00,580,580,580,580,0
2022-06-15 12:00:00,580,580,580,580,0
2022-06-15 12:01:00,580,580,580,580,0
2022-06-15 12:02:00,580,580,580,580,0
2022-06-15 12:03:00,580,580,580,580,0
2022-06-15 12:04:00,580,580,580,580,0
2022-06-15 12:05:00,580,580,580,580,0
2022-06-15 12:06:00,580,580,580,580,0
2022-06-15 12:07:00,580,580,580,580,0
2022-06-15 12:08:00,580,580,580,580,0
2022-06-15 12:09:00,580,580,580,580,0
2022-06-15 12:10:00,580,580,580,580,0
2022-06-15 12:11:00,580,580,580,580,0
2022-06-15 12:12:00,580,580,580,580,0
2022-06-15 12:13:00,580,580,580,580,0
2022-06-15 12:14:00,580,580,580,580,0
2022-06-15 12:15:00,580,580,580,580,0
2022-06-15 12:16:00,580,580,580,580,0
2022-06-15 12:17:00,580,580,580,580,0
2022-06-15 12:18:00,580,580,580,580,0
2022-06-15 12:19:00,580,580,580,580,0
2022-06-15 12:20:00,580,580,580,580,0
2022-06-15 12:21:00,580,580,580,580,0
2022-06-15 12:22:00,580,580,580,580,0
2022-06-15 12:23:00,580,580,580,580,0
2022-06-15 12:24:00,580,580,580,580,0
2022-06-15 12:25:00,580,580,580,580,0
2022-06-15 12:26:00,580,580,580,580,0
2022-06-15 12:27:00,580,580,580,580,0
2022-06-15 12:28:00,580,580,580,580,0
2022-06-15 12:29:00,580,580,580,580,0
2022-06-15 12:30:00,580,580,580,580,0
2022-06-15 12:31:00,580,580,580,580,0
2022-06-15 12:32:00,580,580,580,580,0
2022-06-15 12:33:00,580,580,580,580,0
2022-06-15 12:34:00,580,580,580,580,0
2022-06-15 12:35:00,580,580,580,580,0
2022-06-15 12:36:00,580,580,580,580,0
2022-06-15 12:37:00,580,580,580,580,0
2022-06-15 12:38:00,580,580,580,580,0
2022-06-15 12:39:00,580,580,580,580,0
2022-06-15 12:40:00,580,580,580,580,0
2022-06-15 12:41:00,580,580,580,580,0
2022-06-15 12:42:00,580,580,580,580,0
2022-06-15 12:43:00,580,580,580,580,0
2022-06-15 12:44:00,580,580,580,580,0
2022-06-15 12:45:00,580,580,580,580,0
2022-06-15 12:46:00,580,580,580,580,0
2022-06-15 12:47:00,580,580,580,580,0
2022-06-15 12:48:00,580,580,580,580,0
2022-06-15 12:49:00,580,580,580,580,0
2022-06-15 12:50:00,580,580,580,580,0
2022-06-15 12:51:00,580,580,580,580,0
2022-06-15 12:52:00,580,580,580,580,0
2022-06-15 12:53:00,580,580,580,580,0
2022-06-15 12:54:00,580,580,580,580,0
2022-06-15 12:55:00,580,580,580,580,0
2022-06-15 12:56:00,580,580,580,580,0
2022-06-15 12:57:00,580,580,580,580,0
2022-06-15 12:58:00,580,580,580,580,0
2022-06-15 12:59:00,580,580,580,580,0
2022-06-15 13:00:00,580,580,580,580,0
2022-06-15 13:01:00,580,580,580,580,0
2022-06-15 13:02:00,580,580,580,580,0
2022-06-15 13:03:00,580,580,580,580,0
2022-06-15 13:04:00,580,580,580,580,0
2022-06-15 13:05:00,580,580,580,580,0
2022-06-15 13:06:00,580,580,580,580,0
2022-06-15 13:07:00,580,580,580,580,0
2022-06-15 13:08:00,580,580,580,580,0
2022-06-15 13:09:00,580,580,580,580,0
2022-06-15 13:10:00,580,580,580,580,0
2022-06-15 13:11:00,580,580,580,580,0
2022-06-15 13:12:00,580,580,580,580,0
2022-06-15 13:13:00,580,580,580,580,0
2022-06-15 13:14:00,580,580,580,580,0
2022-06-15 13:15:00,580,580,580,580,0
2022-06-15 13:16:00,580,580,580,580,0
2022-06-15 13:17:00,580,580,580,580,0
2022-06-15 13:18:00,580,580,580,580,0
2022-06-15 13:19:00,580,580,580,580,0
2022-06-15 13:20:00,580,580,580,580,0
2022-06-15 13:21:00,580,580,580,580,0
2022-06-15 13:22:00,580,580,580,580,0
2022-06-15 13:23:00,580,580,580,580,0
2022-06-15 13:24:00,580,580,580,580,0
2022-06-15 13:25:00,580,580,580,580,0
2022-06-15 13:26:00,580,580,580,580,0
2022-06-15 13:27:00,580,580,580,580,0
2022-06-15 13:28:00,580,580,580,580,0
2022-06-15 13:29:00,580,580,580,580,0
2022-06-15 13:30:00,580,580,580,580,300
2022-06-15 13:31:00,580,580,580,580,0
2022-06-15 13:32:00,580,580,580,580,0
2022-06-15 13:33:00,580,580,580,580,0
2022-06-15 13:34:00,575,575,575,575,1200
2022-06-15 13:35:00,575,575,575,575,0
2022-06-15 13:36:00,575,575,575,575,0
2022-06-15 13:37:00,580,580,580,580,200
2022-06-15 13:38:00,580,580,580,580,0
2022-06-15 13:39:00,580,580,580,580,0
2022-06-15 13:40:00,580,580,580,580,0
2022-06-15 13:41:00,580,580,580,580,1300
2022-06-15 13:42:00,580,580,580,580,0
2022-06-15 13:43:00,580,580,580,580,0
2022-06-15 13:44:00,580,580,580,580,0
2022-06-15 13:45:00,580,580,580,580,0
2022-06-15 13:46:00,580,580,580,580,0
2022-06-15 13:47:00,580,580,580,580,0
2022-06-15 13:48:00,580,580,580,580,0
2022-06-15 13:49:00,580,580,580,580,0
2022-06-15 13:50:00,580,580,580,580,0
2022-06-15 13:51:00,580,580,580,580,0
2022-06-15 13:52:00,580,580,580,580,0
2022-06-15 13:53:00,580,580,580,580,0
2022-06-15 13:54:00,580,580,580,580,0
2022-06-15 13:55:00,575,575,575,575,100
2022-06-15 13:56:00,580,580,580,580,300
2022-06-15 13:57:00,580,580,580,580,0
2022-06-15 13:58:00,580,580,580,580,0
2022-06-15 13:59:00,580,580,580,580,0
2022-06-15 14:00:00,580,580,580,580,0
2022-06-15 14:01:00,580,580,580,580,0
2022-06-15 14:02:00,580,580,580,580,0
2022-06-15 14:03:00,580,580,580,580,0
2022-06-15 14:04:00,580,580,580,580,0
2022-06-15 14:05:00,580,580,580,580,0
2022-06-15 14:06:00,580,580,580,580,0
2022-06-15 14:07:00,580,580,580,580,0
2022-06-15 14:08:00,580,580,580,580,0
2022-06-15 14:09:00,580,580,580,580,0
2022-06-15 14:10:00,580,580,580,580,0
2022-06-15 14:11:00,580,580,580,580,0
2022-06-15 14:12:00,580,580,580,580,0
2022-06-15 14:13:00,580,580,580,580,0
2022-06-15 14:14:00,580,580,580,580,0
2022-06-15 14:15:00,580,580,580,580,0
2022-06-15 14:16:00,580,580,580,580,0
2022-06-15 14:17:00,580,580,580,580,0
2022-06-15 14:18:00,580,580,580,580,0
2022-06-15 14:19:00,580,580,580,580,0
2022-06-15 14:20:00,580,580,580,580,0
2022-06-15 14:21:00,580,580,580,580,0
2022-06-15 14:22:00,580,580,580,580,0
2022-06-15 14:23:00,580,580,580,580,0
2022-06-15 14:24:00,580,580,580,580,300
2022-06-15 14:25:00,580,580,580,580,0
2022-06-15 14:26:00,580,580,580,580,0
2022-06-15 14:27:00,580,580,580,580,0
2022-06-15 14:28:00,580,580,580,580,0
2022-06-15 14:29:00,580,580,580,580,400
2022-06-15 14:30:00,580,580,580,580,0
2022-06-15 14:31:00,580,580,580,580,0
2022-06-15 14:32:00,580,580,580,580,0
2022-06-15 14:33:00,575,575,575,575,500
2022-06-15 14:34:00,575,575,575,575,0
2022-06-15 14:35:00,575,575,580,580,2500
2022-06-15 14:36:00,580,580,580,580,200
2022-06-15 14:37:00,575,575,575,575,1100
2022-06-15 14:38:00,570,570,580,580,800
2022-06-15 14:39:00,580,580,580,580,300
2022-06-15 14:40:00,580,580,580,580,0
2022-06-15 14:41:00,580,580,580,580,0
2022-06-15 14:42:00,580,580,580,580,0
2022-06-15 14:43:00,580,580,580,580,300
2022-06-15 14:44:00,580,580,580,580,1100
2022-06-15 14:45:00,580,580,580,580,300
2022-06-15 14:46:00,580,580,580,580,400
2022-06-15 14:47:00,580,580,580,580,700
2022-06-15 14:48:00,580,580,580,580,200
2022-06-15 14:49:00,580,580,580,580,600
2022-06-15 14:50:00,580,580,580,580,0
2022-06-15 14:51:00,580,580,580,580,0
2022-06-15 14:52:00,580,580,580,580,0
2022-06-15 14:53:00,580,580,580,580,0
2022-06-15 14:54:00,580,580,580,580,0
2022-06-15 14:55:00,580,580,580,580,0
2022-06-15 14:56:00,580,580,580,580,0
2022-06-15 14:57:00,580,580,580,580,0
2022-06-15 14:58:00,580,580,580,580,0
2022-06-15 14:59:00,580,580,580,580,0
2022-06-15 15:00:00,580,580,580,580,78000
2022-06-15 15:01:00,580,580,580,580,0
2022-06-15 15:02:00,580,580,580,580,0
2022-06-15 15:03:00,580,580,580,580,1200
2022-06-15 15:04:00,580,580,580,580,0
2022-06-15 15:05:00,580,580,580,580,0
2022-06-15 15:06:00,580,580,580,580,0
2022-06-15 15:07:00,580,580,580,580,0
2022-06-15 15:08:00,580,580,580,580,0
2022-06-15 15:09:00,580,580,580,580,0
2022-06-15 15:10:00,580,580,580,580,0
2022-06-15 15:11:00,580,580,580,580,0
2022-06-15 15:12:00,580,580,580,580,0
2022-06-15 15:13:00,580,580,580,580,0
2022-06-15 15:14:00,580,580,580,580,800
2022-06-15 15:15:00,580,580,580,580,0
2022-06-15 15:16:00,580,580,580,580,0
2022-06-15 15:17:00,580,580,580,580,0
2022-06-15 15:18:00,580,580,580,580,0
2022-06-15 15:19:00,580,580,580,580,0
2022-06-15 15:20:00,580,580,580,580,0
2022-06-15 15:21:00,580,580,580,580,0
2022-06-15 15:22:00,580,580,580,580,0
2022-06-15 15:23:00,580,580,580,580,0
2022-06-15 15:24:00,580,580,580,580,0
2022-06-15 15:25:00,580,580,580,580,0
2022-06-15 15:26:00,580,580,580,580,0
2022-06-15 15:27:00,580,580,580,580,0
2022-06-15 15:28:00,580,580,580,580,0
2022-06-15 15:29:00,580,580,580,580,0
2022-06-15 15:30:00,580,580,580,580,0
2022-06-15 15:31:00,580,580,580,580,0
2022-06-15 15:32:00,580,580,580,580,0
2022-06-15 15:33:00,580,580,580,580,0
2022-06-15 15:34:00,580,580,580,580,0
2022-06-15 15:35:00,580,580,580,580,0
2022-06-15 15:36:00,580,580,580,580,0
2022-06-15 15:37:00,580,580,580,580,0
2022-06-15 15:38:00,580,580,580,580,0
2022-06-15 15:39:00,580,580,580,580,0
2022-06-15 15:40:00,580,580,580,580,0
2022-06-15 15:41:00,580,580,580,580,0
2022-06-15 15:42:00,580,580,580,580,0
2022-06-15 15:43:00,580,580,580,580,0
2022-06-15 15:44:00,580,580,580,580,0
2022-06-15 15:45:00,580,580,580,580,0
2022-06-15 15:46:00,580,580,580,580,0
2022-06-15 15:47:00,580,580,580,580,0
2022-06-15 15:48:00,580,580,580,580,0
2022-06-15 15:49:00,580,580,580,580,0
2022-06-15 15:50:00,580,580,580,580,0
2022-06-15 15:51:00,580,580,580,580,0
2022-06-15 15:52:00,580,580,580,580,0
2022-06-15 15:53:00,580,580,580,580,0
2022-06-15 15:54:00,580,580,580,580,0
2022-06-15 15:55:00,580,580,580,580,0
2022-06-15 15:56:00,580,580,580,580,0
2022-06-15 15:57:00,580,580,580,580,0
2022-06-15 15:58:00,580,580,580,580,0
2022-06-15 15:59:00,580,580,580,580,0
2022-06-16 09:00:00,580,580,580,580,0
2022-06-16 09:01:00,580,580,580,580,0
2022-06-16 09:02:00,580,580,580,580,0
2022-06-16 09:03:00,580,580,580,580,0
2022-06-16 09:04:00,575,575,575,575,0
2022-06-16 09:05:00,575,575,575,575,0
2022-06-16 09:06:00,575,575,575,575,0
2022-06-16 09:07:00,580,580,580,580,600
2022-06-16 09:08:00,575,575,580,580,500
2022-06-16 09:09:00,575,575,580,580,0
2022-06-16 09:10:00,575,575,580,580,0
2022-06-16 09:11:00,575,575,580,580,0
2022-06-16 09:12:00,575,575,580,580,0
2022-06-16 09:13:00,575,575,580,580,0
2022-06-16 09:14:00,575,575,580,580,0
2022-06-16 09:15:00,575,575,580,580,0
2022-06-16 09:16:00,575,575,580,580,0
2022-06-16 09:17:00,580,580,580,580,40000
2022-06-16 09:18:00,580,580,580,580,0
2022-06-16 09:19:00,580,580,580,580,0
2022-06-16 09:20:00,580,580,580,580,0
2022-06-16 09:21:00,580,580,580,580,0
2022-06-16 09:22:00,580,580,580,580,0
2022-06-16 09:23:00,580,580,580,580,0
2022-06-16 09:24:00,580,580,580,580,0
2022-06-16 09:25:00,580,580,580,580,0
2022-06-16 09:26:00,580,580,580,580,0
2022-06-16 09:27:00,580,580,580,580,0
2022-06-16 09:28:00,575,575,575,575,400
2022-06-16 09:29:00,580,580,580,580,600
2022-06-16 09:30:00,580,580,580,580,0
2022-06-16 09:31:00,580,580,580,580,0
2022-06-16 09:32:00,580,580,580,580,0
2022-06-16 09:33:00,580,580,580,580,0
2022-06-16 09:34:00,575,575,575,575,19700
2022-06-16 09:35:00,575,575,575,575,0
2022-06-16 09:36:00,575,575,575,575,4400
2022-06-16 09:37:00,575,575,575,575,1500
2022-06-16 09:38:00,575,575,575,575,600
2022-06-16 09:39:00,575,575,575,575,0
2022-06-16 09:40:00,575,575,575,575,1200
2022-06-16 09:41:00,570,570,580,580,100000
2022-06-16 09:42:00,570,570,580,580,0
2022-06-16 09:43:00,570,570,580,580,0
2022-06-16 09:44:00,580,580,580,580,500
2022-06-16 09:45:00,580,580,580,580,0
2022-06-16 09:46:00,580,580,580,580,1000
2022-06-16 09:47:00,580,580,580,580,0
2022-06-16 09:48:00,580,580,580,580,0
2022-06-16 09:49:00,580,580,580,580,0
2022-06-16 09:50:00,580,580,580,580,0
2022-06-16 09:51:00,580,580,580,580,0
2022-06-16 09:52:00,580,580,580,580,0
2022-06-16 09:53:00,575,575,575,575,1500
2022-06-16 09:54:00,580,580,580,580,600
2022-06-16 09:55:00,580,580,580,580,0
2022-06-16 09:56:00,580,580,580,580,0
2022-06-16 09:57:00,580,580,580,580,0
2022-06-16 09:58:00,580,580,580,580,0
2022-06-16 09:59:00,580,580,580,580,0
2022-06-16 10:00:00,580,580,580,580,0
2022-06-16 10:01:00,580,580,580,580,0
2022-06-16 10:02:00,580,580,580,580,0
2022-06-16 10:03:00,580,580,580,580,0
2022-06-16 10:04:00,580,580,580,580,0
2022-06-16 10:05:00,580,580,580,580,0
2022-06-16 10:06:00,575,560,580,580,100400
2022-06-16 10:07:00,575,575,575,575,10100
2022-06-16 10:08:00,575,575,575,575,10000
2022-06-16 10:09:00,570,570,575,575,1200
2022-06-16 10:10:00,575,575,575,575,600
2022-06-16 10:11:00,575,575,575,575,2500
2022-06-16 10:12:00,575,570,575,575,600
2022-06-16 10:13:00,575,570,575,575,0
2022-06-16 10:14:00,575,570,575,575,0
2022-06-16 10:15:00,575,570,575,575,0
2022-06-16 10:16:00,570,570,575,575,400
2022-06-16 10:17:00,570,570,575,575,0
2022-06-16 10:18:00,570,570,575,575,0
2022-06-16 10:19:00,570,570,575,575,0
2022-06-16 10:20:00,570,570,575,575,0
2022-06-16 10:21:00,570,570,575,575,0
2022-06-16 10:22:00,570,570,575,575,0
2022-06-16 10:23:00,570,570,575,575,0
2022-06-16 10:24:00,570,570,575,575,0
2022-06-16 10:25:00,575,575,575,575,1000
2022-06-16 10:26:00,570,570,575,575,400
2022-06-16 10:27:00,575,575,575,575,300
2022-06-16 10:28:00,575,575,575,575,0
2022-06-16 10:29:00,575,575,575,575,0
2022-06-16 10:30:00,575,575,575,575,0
2022-06-16 10:31:00,575,575,575,575,0
2022-06-16 10:32:00,575,575,575,575,0
2022-06-16 10:33:00,570,570,570,570,300
2022-06-16 10:34:00,575,575,575,575,600
2022-06-16 10:35:00,575,575,575,575,0
2022-06-16 10:36:00,575,575,575,575,0
2022-06-16 10:37:00,575,575,575,575,0
2022-06-16 10:38:00,575,575,575,575,0
2022-06-16 10:39:00,575,575,575,575,0
2022-06-16 10:40:00,575,575,575,575,0
2022-06-16 10:41:00,575,575,575,575,0
2022-06-16 10:42:00,575,575,575,575,0
2022-06-16 10:43:00,570,570,570,570,2500
2022-06-16 10:44:00,570,570,570,570,600
2022-06-16 10:45:00,570,570,570,570,0
2022-06-16 10:46:00,570,570,575,575,10000
2022-06-16 10:47:00,570,570,575,575,0
2022-06-16 10:48:00,575,575,575,575,200
2022-06-16 10:49:00,575,575,575,575,0
2022-06-16 10:50:00,570,570,575,575,1000
2022-06-16 10:51:00,575,575,575,575,1300
2022-06-16 10:52:00,575,575,575,575,0
2022-06-16 10:53:00,575,575,575,575,0
2022-06-16 10:54:00,575,575,575,575,0
2022-06-16 10:55:00,575,575,575,575,0
2022-06-16 10:56:00,575,575,575,575,0
2022-06-16 10:57:00,575,575,575,575,0
2022-06-16 10:58:00,575,575,575,575,1700
2022-06-16 10:59:00,570,570,570,570,1600
2022-06-16 11:00:00,575,575,575,575,400
2022-06-16 11:01:00,575,575,575,575,0
2022-06-16 11:02:00,575,575,575,575,0
2022-06-16 11:03:00,575,575,575,575,100
2022-06-16 11:04:00,575,575,575,575,0
2022-06-16 11:05:00,575,575,575,575,0
2022-06-16 11:06:00,570,570,575,575,9600
2022-06-16 11:07:00,575,575,575,575,6000
2022-06-16 11:08:00,575,575,575,575,300
2022-06-16 11:09:00,575,575,575,575,0
2022-06-16 11:10:00,575,575,575,575,0
2022-06-16 11:11:00,575,575,575,575,0
2022-06-16 11:12:00,575,575,575,575,0
2022-06-16 11:13:00,575,575,575,575,0
2022-06-16 11:14:00,570,570,570,570,1100
2022-06-16 11:15:00,575,575,575,575,300
2022-06-16 11:16:00,575,575,575,575,500
2022-06-16 11:17:00,575,575,575,575,200
2022-06-16 11:18:00,575,575,575,575,0
2022-06-16 11:19:00,575,575,575,575,0
2022-06-16 11:20:00,575,575,575,575,0
2022-06-16 11:21:00,575,575,575,575,0
2022-06-16 11:22:00,575,575,575,575,0
2022-06-16 11:23:00,575,575,575,575,0
2022-06-16 11:24:00,575,575,575,575,0
2022-06-16 11:25:00,575,575,575,575,600
2022-06-16 11:26:00,575,575,575,575,200
2022-06-16 11:27:00,575,575,575,575,400
2022-06-16 11:28:00,575,575,575,575,400
2022-06-16 11:29:00,575,575,575,575,200
2022-06-16 11:30:00,575,575,575,575,200
2022-06-16 11:31:00,575,575,575,575,0
2022-06-16 11:32:00,575,575,575,575,0
2022-06-16 11:33:00,575,575,575,575,0
2022-06-16 11:34:00,575,575,575,575,0
2022-06-16 11:35:00,575,575,575,575,0
2022-06-16 11:36:00,575,575,575,575,0
2022-06-16 11:37:00,575,575,575,575,0
2022-06-16 11:38:00,575,575,575,575,0
2022-06-16 11:39:00,575,575,575,575,0
2022-06-16 11:40:00,575,575,575,575,0
2022-06-16 11:41:00,575,575,575,575,0
2022-06-16 11:42:00,575,575,575,575,0
2022-06-16 11:43:00,575,575,575,575,0
2022-06-16 11:44:00,575,575,575,575,0
2022-06-16 11:45:00,575,575,575,575,0
2022-06-16 11:46:00,575,575,575,575,0
2022-06-16 11:47:00,575,575,575,575,0
2022-06-16 11:48:00,575,575,575,575,0
2022-06-16 11:49:00,575,575,575,575,0
2022-06-16 11:50:00,575,575,575,575,0
2022-06-16 11:51:00,575,575,575,575,0
2022-06-16 11:52:00,575,575,575,575,0
2022-06-16 11:53:00,575,575,575,575,0
2022-06-16 11:54:00,575,575,575,575,0
2022-06-16 11:55:00,575,575,575,575,0
2022-06-16 11:56:00,575,575,575,575,0
2022-06-16 11:57:00,575,575,575,575,0
2022-06-16 11:58:00,575,575,575,575,0
2022-06-16 11:59:00,575,575,575,575,0
2022-06-16 12:00:00,575,575,575,575,0
2022-06-16 12:01:00,575,575,575,575,0
2022-06-16 12:02:00,575,575,575,575,0
2022-06-16 12:03:00,575,575,575,575,0
2022-06-16 12:04:00,575,575,575,575,0
2022-06-16 12:05:00,575,575,575,575,0
2022-06-16 12:06:00,575,575,575,575,0
2022-06-16 12:07:00,575,575,575,575,0
2022-06-16 12:08:00,575,575,575,575,0
2022-06-16 12:09:00,575,575,575,575,0
2022-06-16 12:10:00,575,575,575,575,0
2022-06-16 12:11:00,575,575,575,575,0
2022-06-16 12:12:00,575,575,575,575,0
2022-06-16 12:13:00,575,575,575,575,0
2022-06-16 12:14:00,575,575,575,575,0
2022-06-16 12:15:00,575,575,575,575,0
2022-06-16 12:16:00,575,575,575,575,0
2022-06-16 12:17:00,575,575,575,575,0
2022-06-16 12:18:00,575,575,575,575,0
2022-06-16 12:19:00,575,575,575,575,0
2022-06-16 12:20:00,575,575,575,575,0
2022-06-16 12:21:00,575,575,575,575,0
2022-06-16 12:22:00,575,575,575,575,0
2022-06-16 12:23:00,575,575,575,575,0
2022-06-16 12:24:00,575,575,575,575,0
2022-06-16 12:25:00,575,575,575,575,0
2022-06-16 12:26:00,575,575,575,575,0
2022-06-16 12:27:00,575,575,575,575,0
2022-06-16 12:28:00,575,575,575,575,0
2022-06-16 12:29:00,575,575,575,575,0
2022-06-16 12:30:00,575,575,575,575,0
2022-06-16 12:31:00,575,575,575,575,0
2022-06-16 12:32:00,575,575,575,575,0
2022-06-16 12:33:00,575,575,575,575,0
2022-06-16 12:34:00,575,575,575,575,0
2022-06-16 12:35:00,575,575,575,575,0
2022-06-16 12:36:00,575,575,575,575,0
2022-06-16 12:37:00,575,575,575,575,0
2022-06-16 12:38:00,575,575,575,575,0
2022-06-16 12:39:00,575,575,575,575,0
2022-06-16 12:40:00,575,575,575,575,0
2022-06-16 12:41:00,575,575,575,575,0
2022-06-16 12:42:00,575,575,575,575,0
2022-06-16 12:43:00,575,575,575,575,0
2022-06-16 12:44:00,575,575,575,575,0
2022-06-16 12:45:00,575,575,575,575,0
2022-06-16 12:46:00,575,575,575,575,0
2022-06-16 12:47:00,575,575,575,575,0
2022-06-16 12:48:00,575,575,575,575,0
2022-06-16 12:49:00,575,575,575,575,0
2022-06-16 12:50:00,575,575,575,575,0
2022-06-16 12:51:00,575,575,575,575,0
2022-06-16 12:52:00,575,575,575,575,0
2022-06-16 12:53:00,575,575,575,575,0
2022-06-16 12:54:00,575,575,575,575,0
2022-06-16 12:55:00,575,575,575,575,0
2022-06-16 12:56:00,575,575,575,575,0
2022-06-16 12:57:00,575,575,575,575,0
2022-06-16 12:58:00,575,575,575,575,0
2022-06-16 12:59:00,575,575,575,575,0
2022-06-16 13:00:00,575,575,575,575,0
2022-06-16 13:01:00,575,575,575,575,0
2022-06-16 13:02:00,575,575,575,575,0
2022-06-16 13:03:00,575,575,575,575,0
2022-06-16 13:04:00,575,575,575,575,0
2022-06-16 13:05:00,575,575,575,575,0
2022-06-16 13:06:00,575,575,575,575,0
2022-06-16 13:07:00,575,575,575,575,0
2022-06-16 13:08:00,575,575,575,575,0
2022-06-16 13:09:00,575,575,575,575,0
2022-06-16 13:10:00,575,575,575,575,0
2022-06-16 13:11:00,575,575,575,575,0
2022-06-16 13:12:00,575,575,575,575,0
2022-06-16 13:13:00,575,575,575,575,0
2022-06-16 13:14:00,575,575,575,575,0
2022-06-16 13:15:00,575,575,575,575,0
2022-06-16 13:16:00,575,575,575,575,0
2022-06-16 13:17:00,575,575,575,575,0
2022-06-16 13:18:00,575,575,575,575,0
2022-06-16 13:19:00,575,575,575,575,0
2022-06-16 13:20:00,575,575,575,575,0
2022-06-16 13:21:00,575,575,575,575,0
2022-06-16 13:22:00,575,575,575,575,0
2022-06-16 13:23:00,575,575,575,575,0
2022-06-16 13:24:00,575,575,575,575,0
2022-06-16 13:25:00,575,575,575,575,0
2022-06-16 13:26:00,575,575,575,575,0
2022-06-16 13:27:00,575,575,575,575,0
2022-06-16 13:28:00,575,575,575,575,0
2022-06-16 13:29:00,575,575,575,575,0
2022-06-16 13:30:00,575,575,575,575,0
2022-06-16 13:31:00,575,575,575,575,0
2022-06-16 13:32:00,575,575,575,575,0
2022-06-16 13:33:00,575,575,575,575,1800
2022-06-16 13:34:00,575,575,575,575,0
2022-06-16 13:35:00,575,575,575,575,0
2022-06-16 13:36:00,575,575,575,575,0
2022-06-16 13:37:00,575,575,575,575,0
2022-06-16 13:38:00,575,575,575,575,400
2022-06-16 13:39:00,575,575,575,575,0
2022-06-16 13:40:00,575,575,575,575,0
2022-06-16 13:41:00,575,575,575,575,0
2022-06-16 13:42:00,570,570,575,575,2200
2022-06-16 13:43:00,575,575,575,575,200
2022-06-16 13:44:00,575,575,575,575,0
2022-06-16 13:45:00,575,575,575,575,0
2022-06-16 13:46:00,575,575,575,575,0
2022-06-16 13:47:00,575,575,575,575,0
2022-06-16 13:48:00,575,575,575,575,0
2022-06-16 13:49:00,575,575,575,575,400
2022-06-16 13:50:00,575,575,575,575,0
2022-06-16 13:51:00,575,575,575,575,200
2022-06-16 13:52:00,575,575,575,575,0
2022-06-16 13:53:00,575,575,575,575,0
2022-06-16 13:54:00,575,575,575,575,0
2022-06-16 13:55:00,575,575,575,575,0
2022-06-16 13:56:00,575,575,575,575,0
2022-06-16 13:57:00,575,575,575,575,0
2022-06-16 13:58:00,570,570,575,575,3200
2022-06-16 13:59:00,575,575,575,575,200
2022-06-16 14:00:00,575,575,575,575,0
2022-06-16 14:01:00,575,575,575,575,0
2022-06-16 14:02:00,575,575,575,575,0
2022-06-16 14:03:00,575,575,575,575,0
2022-06-16 14:04:00,575,575,575,575,0
2022-06-16 14:05:00,575,575,575,575,0
2022-06-16 14:06:00,575,575,575,575,0
2022-06-16 14:07:00,575,575,575,575,0
2022-06-16 14:08:00,575,575,575,575,0
2022-06-16 14:09:00,575,575,575,575,0
2022-06-16 14:10:00,575,575,575,575,0
2022-06-16 14:11:00,575,575,575,575,0
2022-06-16 14:12:00,575,575,575,575,0
2022-06-16 14:13:00,575,575,575,575,0
2022-06-16 14:14:00,575,575,575,575,0
2022-06-16 14:15:00,575,575,575,575,0
2022-06-16 14:16:00,575,575,575,575,0
2022-06-16 14:17:00,575,575,575,575,0
2022-06-16 14:18:00,575,575,575,575,0
2022-06-16 14:19:00,575,575,575,575,0
2022-06-16 14:20:00,575,575,575,575,0
2022-06-16 14:21:00,575,575,575,575,0
2022-06-16 14:22:00,575,575,575,575,0
2022-06-16 14:23:00,575,575,575,575,0
2022-06-16 14:24:00,575,570,575,570,1500
2022-06-16 14:25:00,575,575,575,575,500
2022-06-16 14:26:00,575,575,575,575,200
2022-06-16 14:27:00,575,575,575,575,0
2022-06-16 14:28:00,575,575,575,575,300
2022-06-16 14:29:00,575,575,575,575,0
2022-06-16 14:30:00,575,575,575,575,0
2022-06-16 14:31:00,575,575,575,575,0
2022-06-16 14:32:00,575,575,575,575,0
2022-06-16 14:33:00,575,575,575,575,0
2022-06-16 14:34:00,575,575,575,575,0
2022-06-16 14:35:00,575,575,575,575,0
2022-06-16 14:36:00,575,575,575,575,1000
2022-06-16 14:37:00,575,575,575,575,0
2022-06-16 14:38:00,575,575,575,575,0
2022-06-16 14:39:00,575,575,575,575,0
2022-06-16 14:40:00,575,575,575,575,200
2022-06-16 14:41:00,575,575,575,575,0
2022-06-16 14:42:00,575,575,575,575,0
2022-06-16 14:43:00,575,575,575,575,0
2022-06-16 14:44:00,575,575,575,575,700
2022-06-16 14:45:00,575,575,575,575,0
2022-06-16 14:46:00,575,575,575,575,200
2022-06-16 14:47:00,575,575,575,575,40600
2022-06-16 14:48:00,575,575,575,575,200
2022-06-16 14:49:00,575,575,580,575,11700
2022-06-16 14:50:00,575,575,580,575,0
2022-06-16 14:51:00,575,575,580,575,0
2022-06-16 14:52:00,575,575,580,575,0
2022-06-16 14:53:00,575,575,580,575,0
2022-06-16 14:54:00,575,575,580,575,0
2022-06-16 14:55:00,575,575,580,575,0
2022-06-16 14:56:00,575,575,580,575,0
2022-06-16 14:57:00,575,575,580,575,0
2022-06-16 14:58:00,575,575,580,575,0
2022-06-16 14:59:00,575,575,580,575,0
2022-06-16 15:00:00,570,570,570,570,2400
2022-06-16 15:01:00,570,570,570,570,0
2022-06-16 15:02:00,570,570,570,570,0
2022-06-16 15:03:00,570,570,570,570,0
2022-06-16 15:04:00,570,570,570,570,0
2022-06-16 15:05:00,570,570,570,570,0
2022-06-16 15:06:00,570,570,570,570,0
2022-06-16 15:07:00,570,570,570,570,0
2022-06-16 15:08:00,570,570,570,570,0
2022-06-16 15:09:00,570,570,570,570,0
2022-06-16 15:10:00,570,570,570,570,0
2022-06-16 15:11:00,570,570,570,570,0
2022-06-16 15:12:00,570,570,570,570,0
2022-06-16 15:13:00,570,570,570,570,0
2022-06-16 15:14:00,570,570,570,570,0
2022-06-16 15:15:00,570,570,570,570,0
2022-06-16 15:16:00,570,570,570,570,0
2022-06-16 15:17:00,570,570,570,570,0
2022-06-16 15:18:00,570,570,570,570,0
2022-06-16 15:19:00,570,570,570,570,0
2022-06-16 15:20:00,570,570,570,570,0
2022-06-16 15:21:00,570,570,570,570,0
2022-06-16 15:22:00,570,570,570,570,0
2022-06-16 15:23:00,570,570,570,570,0
2022-06-16 15:24:00,570,570,570,570,0
2022-06-16 15:25:00,570,570,570,570,0
2022-06-16 15:26:00,570,570,570,570,0
2022-06-16 15:27:00,570,570,570,570,0
2022-06-16 15:28:00,570,570,570,570,0
2022-06-16 15:29:00,570,570,570,570,0
2022-06-16 15:30:00,570,570,570,570,0
2022-06-16 15:31:00,570,570,570,570,0
2022-06-16 15:32:00,570,570,570,570,0
2022-06-16 15:33:00,570,570,570,570,0
2022-06-16 15:34:00,570,570,570,570,0
2022-06-16 15:35:00,570,570,570,570,0
2022-06-16 15:36:00,570,570,570,570,0
2022-06-16 15:37:00,570,570,570,570,0
2022-06-16 15:38:00,570,570,570,570,0
2022-06-16 15:39:00,570,570,570,570,0
2022-06-16 15:40:00,570,570,570,570,0
2022-06-16 15:41:00,570,570,570,570,0
2022-06-16 15:42:00,570,570,570,570,0
2022-06-16 15:43:00,570,570,570,570,0
2022-06-16 15:44:00,570,570,570,570,0
2022-06-16 15:45:00,570,570,570,570,0
2022-06-16 15:46:00,570,570,570,570,0
2022-06-16 15:47:00,570,570,570,570,0
2022-06-16 15:48:00,570,570,570,570,0
2022-06-16 15:49:00,570,570,570,570,0
2022-06-16 15:50:00,570,570,570,570,0
2022-06-16 15:51:00,570,570,570,570,0
2022-06-16 15:52:00,570,570,570,570,0
2022-06-16 15:53:00,570,570,570,570,0
2022-06-16 15:54:00,570,570,570,570,0
2022-06-16 15:55:00,570,570,570,570,0
2022-06-16 15:56:00,570,570,570,570,0
2022-06-16 15:57:00,570,570,570,570,0
2022-06-16 15:58:00,570,570,570,570,0
2022-06-16 15:59:00,570,570,570,570,0
2022-06-17 09:00:00,570,570,570,570,0
2022-06-17 09:01:00,570,570,575,575,2800
2022-06-17 09:02:00,570,570,575,575,0
2022-06-17 09:03:00,575,575,575,575,1200
2022-06-17 09:04:00,575,575,580,580,40200
2022-06-17 09:05:00,575,575,575,575,2700
2022-06-17 09:06:00,575,575,575,575,600
2022-06-17 09:07:00,575,575,575,575,0
2022-06-17 09:08:00,575,575,575,575,7000
2022-06-17 09:09:00,575,575,575,575,1800
2022-06-17 09:10:00,575,575,575,575,0
2022-06-17 09:11:00,570,570,575,575,2200
2022-06-17 09:12:00,575,575,575,575,300
2022-06-17 09:13:00,575,575,580,580,40600
2022-06-17 09:14:00,580,580,580,580,200
2022-06-17 09:15:00,580,580,580,580,500
2022-06-17 09:16:00,580,580,580,580,0
2022-06-17 09:17:00,580,580,580,580,0
2022-06-17 09:18:00,575,575,575,575,3100
2022-06-17 09:19:00,575,575,575,575,0
2022-06-17 09:20:00,575,575,575,575,0
2022-06-17 09:21:00,575,575,575,575,0
2022-06-17 09:22:00,575,575,575,575,0
2022-06-17 09:23:00,575,575,575,575,0
2022-06-17 09:24:00,575,575,575,575,0
2022-06-17 09:25:00,575,575,575,575,0
2022-06-17 09:26:00,575,575,575,575,0
2022-06-17 09:27:00,575,575,575,575,0
2022-06-17 09:28:00,575,575,575,575,0
2022-06-17 09:29:00,575,575,575,575,0
2022-06-17 09:30:00,575,575,575,575,0
2022-06-17 09:31:00,575,575,575,575,0
2022-06-17 09:32:00,575,575,575,575,0
2022-06-17 09:33:00,575,575,575,575,4300
2022-06-17 09:34:00,575,575,575,575,0
2022-06-17 09:35:00,575,575,575,575,0
2022-06-17 09:36:00,575,575,575,575,0
2022-06-17 09:37:00,575,575,575,575,0
2022-06-17 09:38:00,575,575,575,575,0
2022-06-17 09:39:00,575,575,575,575,0
2022-06-17 09:40:00,575,575,575,575,0
2022-06-17 09:41:00,575,575,580,580,11000
2022-06-17 09:42:00,575,575,580,580,0
2022-06-17 09:43:00,580,580,580,580,200
2022-06-17 09:44:00,575,575,575,575,1900
2022-06-17 09:45:00,575,575,575,575,1700
2022-06-17 09:46:00,575,575,575,575,2200
2022-06-17 09:47:00,575,575,575,575,500
2022-06-17 09:48:00,575,575,575,575,300
2022-06-17 09:49:00,575,575,580,580,3500
2022-06-17 09:50:00,575,575,580,580,0
2022-06-17 09:51:00,575,575,580,580,0
2022-06-17 09:52:00,575,575,580,580,0
2022-06-17 09:53:00,575,575,580,580,0
2022-06-17 09:54:00,575,575,580,580,0
2022-06-17 09:55:00,575,575,580,580,0
2022-06-17 09:56:00,575,575,580,580,0
2022-06-17 09:57:00,575,575,580,580,0
2022-06-17 09:58:00,575,575,580,580,0
2022-06-17 09:59:00,575,575,580,580,0
2022-06-17 10:00:00,575,575,580,580,0
2022-06-17 10:01:00,575,575,580,580,0
2022-06-17 10:02:00,575,575,580,580,0
2022-06-17 10:03:00,575,575,580,580,0
2022-06-17 10:04:00,575,575,580,580,0
2022-06-17 10:05:00,575,575,580,580,0
2022-06-17 10:06:00,575,575,580,580,0
2022-06-17 10:07:00,575,575,580,580,0
2022-06-17 10:08:00,575,575,580,580,0
2022-06-17 10:09:00,575,575,580,580,0
2022-06-17 10:10:00,575,575,580,580,0
2022-06-17 10:11:00,575,570,575,570,26900
2022-06-17 10:12:00,575,575,575,575,300
2022-06-17 10:13:00,575,575,575,575,0
2022-06-17 10:14:00,575,575,575,575,1000
2022-06-17 10:15:00,575,570,575,570,19000
2022-06-17 10:16:00,575,575,575,575,300
2022-06-17 10:17:00,575,575,575,575,0
2022-06-17 10:18:00,575,575,575,575,0
2022-06-17 10:19:00,575,575,575,575,0
2022-06-17 10:20:00,575,575,575,575,100
2022-06-17 10:21:00,575,575,575,575,0
2022-06-17 10:22:00,575,575,575,575,0
2022-06-17 10:23:00,575,575,575,575,0
2022-06-17 10:24:00,575,575,575,575,0
2022-06-17 10:25:00,575,575,575,575,90000
2022-06-17 10:26:00,575,575,575,575,10000
2022-06-17 10:27:00,575,575,575,575,600
2022-06-17 10:28:00,575,575,575,575,0
2022-06-17 10:29:00,575,575,575,575,1000
2022-06-17 10:30:00,575,575,575,575,0
2022-06-17 10:31:00,575,575,575,575,0
2022-06-17 10:32:00,575,575,575,575,1000
2022-06-17 10:33:00,575,575,575,575,0
2022-06-17 10:34:00,575,575,575,575,0
2022-06-17 10:35:00,575,575,575,575,0
2022-06-17 10:36:00,570,570,570,570,200
2022-06-17 10:37:00,575,575,575,575,300
2022-06-17 10:38:00,575,575,575,575,0
2022-06-17 10:39:00,575,575,575,575,0
2022-06-17 10:40:00,575,575,575,575,0
2022-06-17 10:41:00,575,575,575,575,0
2022-06-17 10:42:00,575,575,575,575,0
2022-06-17 10:43:00,575,575,575,575,0
2022-06-17 10:44:00,575,575,575,575,200
2022-06-17 10:45:00,570,570,570,570,16900
2022-06-17 10:46:00,570,570,575,575,2000
2022-06-17 10:47:00,575,575,575,575,200
2022-06-17 10:48:00,575,575,575,575,0
2022-06-17 10:49:00,575,575,575,575,0
2022-06-17 10:50:00,575,575,575,575,0
2022-06-17 10:51:00,575,575,575,575,0
2022-06-17 10:52:00,575,575,575,575,0
2022-06-17 10:53:00,575,575,575,575,0
2022-06-17 10:54:00,575,575,575,575,0
2022-06-17 10:55:00,575,575,575,575,0
2022-06-17 10:56:00,575,575,575,575,0
2022-06-17 10:57:00,575,575,575,575,0
2022-06-17 10:58:00,575,575,575,575,0
2022-06-17 10:59:00,575,575,575,575,0
2022-06-17 11:00:00,575,575,575,575,0
2022-06-17 11:01:00,575,575,575,575,0
2022-06-17 11:02:00,575,575,575,575,0
2022-06-17 11:03:00,575,575,575,575,0
2022-06-17 11:04:00,575,575,575,575,0
2022-06-17 11:05:00,575,575,575,575,0
2022-06-17 11:06:00,575,575,575,575,0
2022-06-17 11:07:00,575,575,575,575,0
2022-06-17 11:08:00,575,575,575,575,11000
2022-06-17 11:09:00,575,575,575,575,0
2022-06-17 11:10:00,575,575,575,575,0
2022-06-17 11:11:00,575,575,575,575,0
2022-06-17 11:12:00,575,575,575,575,0
2022-06-17 11:13:00,575,575,575,575,0
2022-06-17 11:14:00,575,575,575,575,0
2022-06-17 11:15:00,575,575,575,575,0
2022-06-17 11:16:00,575,575,575,575,0
2022-06-17 11:17:00,575,575,575,575,0
2022-06-17 11:18:00,575,575,575,575,0
2022-06-17 11:19:00,575,575,575,575,0
2022-06-17 11:20:00,575,575,575,575,0
2022-06-17 11:21:00,575,575,575,575,0
2022-06-17 11:22:00,575,575,575,575,0
2022-06-17 11:23:00,575,575,575,575,0
2022-06-17 11:24:00,575,575,575,575,0
2022-06-17 11:25:00,575,575,575,575,0
2022-06-17 11:26:00,575,575,575,575,0
2022-06-17 11:27:00,575,575,575,575,600
2022-06-17 11:28:00,575,575,575,575,200
2022-06-17 11:29:00,575,575,575,575,500
2022-06-17 11:30:00,575,575,575,575,0
2022-06-17 11:31:00,575,575,575,575,0
2022-06-17 11:32:00,575,575,575,575,0
2022-06-17 11:33:00,575,575,575,575,0
2022-06-17 11:34:00,575,575,575,575,0
2022-06-17 11:35:00,575,575,575,575,0
2022-06-17 11:36:00,575,575,575,575,0
2022-06-17 11:37:00,575,575,575,575,0
2022-06-17 11:38:00,575,575,575,575,0
2022-06-17 11:39:00,575,575,575,575,0
2022-06-17 11:40:00,575,575,575,575,0
2022-06-17 11:41:00,575,575,575,575,0
2022-06-17 11:42:00,575,575,575,575,0
2022-06-17 11:43:00,575,575,575,575,0
2022-06-17 11:44:00,575,575,575,575,0
2022-06-17 11:45:00,575,575,575,575,0
2022-06-17 11:46:00,575,575,575,575,0
2022-06-17 11:47:00,575,575,575,575,0
2022-06-17 11:48:00,575,575,575,575,0
2022-06-17 11:49:00,575,575,575,575,0
2022-06-17 11:50:00,575,575,575,575,0
2022-06-17 11:51:00,575,575,575,575,0
2022-06-17 11:52:00,575,575,575,575,0
2022-06-17 11:53:00,575,575,575,575,0
2022-06-17 11:54:00,575,575,575,575,0
2022-06-17 11:55:00,575,575,575,575,0
2022-06-17 11:56:00,575,575,575,575,0
2022-06-17 11:57:00,575,575,575,575,0
2022-06-17 11:58:00,575,575,575,575,0
2022-06-17 11:59:00,575,575,575,575,0
2022-06-17 12:00:00,575,575,575,575,0
2022-06-17 12:01:00,575,575,575,575,0
2022-06-17 12:02:00,575,575,575,575,0
2022-06-17 12:03:00,575,575,575,575,0
2022-06-17 12:04:00,575,575,575,575,0
2022-06-17 12:05:00,575,575,575,575,0
2022-06-17 12:06:00,575,575,575,575,0
2022-06-17 12:07:00,575,575,575,575,0
2022-06-17 12:08:00,575,575,575,575,0
2022-06-17 12:09:00,575,575,575,575,0
2022-06-17 12:10:00,575,575,575,575,0
2022-06-17 12:11:00,575,575,575,575,0
2022-06-17 12:12:00,575,575,575,575,0
2022-06-17 12:13:00,575,575,575,575,0
2022-06-17 12:14:00,575,575,575,575,0
2022-06-17 12:15:00,575,575,575,575,0
2022-06-17 12:16:00,575,575,575,575,0
2022-06-17 12:17:00,575,575,575,575,0
2022-06-17 12:18:00,575,575,575,575,0
2022-06-17 12:19:00,575,575,575,575,0
2022-06-17 12:20:00,575,575,575,575,0
2022-06-17 12:21:00,575,575,575,575,0
2022-06-17 12:22:00,575,575,575,575,0
2022-06-17 12:23:00,575,575,575,575,0
2022-06-17 12:24:00,575,575,575,575,0
2022-06-17 12:25:00,575,575,575,575,0
2022-06-17 12:26:00,575,575,575,575,0
2022-06-17 12:27:00,575,575,575,575,0
2022-06-17 12:28:00,575,575,575,575,0
2022-06-17 12:29:00,575,575,575,575,0
2022-06-17 12:30:00,575,575,575,575,0
2022-06-17 12:31:00,575,575,575,575,0
2022-06-17 12:32:00,575,575,575,575,0
2022-06-17 12:33:00,575,575,575,575,0
2022-06-17 12:34:00,575,575,575,575,0
2022-06-17 12:35:00,575,575,575,575,0
2022-06-17 12:36:00,575,575,575,575,0
2022-06-17 12:37:00,575,575,575,575,0
2022-06-17 12:38:00,575,575,575,575,0
2022-06-17 12:39:00,575,575,575,575,0
2022-06-17 12:40:00,575,575,575,575,0
2022-06-17 12:41:00,575,575,575,575,0
2022-06-17 12:42:00,575,575,575,575,0
2022-06-17 12:43:00,575,575,575,575,0
2022-06-17 12:44:00,575,575,575,575,0
2022-06-17 12:45:00,575,575,575,575,0
2022-06-17 12:46:00,575,575,575,575,0
2022-06-17 12:47:00,575,575,575,575,0
2022-06-17 12:48:00,575,575,575,575,0
2022-06-17 12:49:00,575,575,575,575,0
2022-06-17 12:50:00,575,575,575,575,0
2022-06-17 12:51:00,575,575,575,575,0
2022-06-17 12:52:00,575,575,575,575,0
2022-06-17 12:53:00,575,575,575,575,0
2022-06-17 12:54:00,575,575,575,575,0
2022-06-17 12:55:00,575,575,575,575,0
2022-06-17 12:56:00,575,575,575,575,0
2022-06-17 12:57:00,575,575,575,575,0
2022-06-17 12:58:00,575,575,575,575,0
2022-06-17 12:59:00,575,575,575,575,0
2022-06-17 13:00:00,575,575,575,575,0
2022-06-17 13:01:00,575,575,575,575,0
2022-06-17 13:02:00,575,575,575,575,0
2022-06-17 13:03:00,575,575,575,575,0
2022-06-17 13:04:00,575,575,575,575,0
2022-06-17 13:05:00,575,575,575,575,0
2022-06-17 13:06:00,575,575,575,575,0
2022-06-17 13:07:00,575,575,575,575,0
2022-06-17 13:08:00,575,575,575,575,0
2022-06-17 13:09:00,575,575,575,575,0
2022-06-17 13:10:00,575,575,575,575,0
2022-06-17 13:11:00,575,575,575,575,0
2022-06-17 13:12:00,575,575,575,575,0
2022-06-17 13:13:00,575,575,575,575,0
2022-06-17 13:14:00,575,575,575,575,0
2022-06-17 13:15:00,575,575,575,575,0
2022-06-17 13:16:00,575,575,575,575,0
2022-06-17 13:17:00,575,575,575,575,0
2022-06-17 13:18:00,575,575,575,575,0
2022-06-17 13:19:00,575,575,575,575,0
2022-06-17 13:20:00,575,575,575,575,0
2022-06-17 13:21:00,575,575,575,575,0
2022-06-17 13:22:00,575,575,575,575,0
2022-06-17 13:23:00,575,575,575,575,0
2022-06-17 13:24:00,575,575,575,575,0
2022-06-17 13:25:00,575,575,575,575,0
2022-06-17 13:26:00,575,575,575,575,0
2022-06-17 13:27:00,575,575,575,575,0
2022-06-17 13:28:00,575,575,575,575,0
2022-06-17 13:29:00,575,575,575,575,0
2022-06-17 13:30:00,570,570,570,570,1000
2022-06-17 13:31:00,570,570,575,575,3300
2022-06-17 13:32:00,570,570,575,575,0
2022-06-17 13:33:00,570,570,575,575,0
2022-06-17 13:34:00,570,570,575,575,0
2022-06-17 13:35:00,570,570,575,575,0
2022-06-17 13:36:00,570,570,575,575,0
2022-06-17 13:37:00,570,570,575,575,0
2022-06-17 13:38:00,570,570,575,575,0
2022-06-17 13:39:00,570,570,575,575,0
2022-06-17 13:40:00,570,570,575,575,0
2022-06-17 13:41:00,570,570,575,575,0
2022-06-17 13:42:00,570,570,575,575,0
2022-06-17 13:43:00,570,570,575,575,0
2022-06-17 13:44:00,570,570,575,575,0
2022-06-17 13:45:00,570,570,575,575,0
2022-06-17 13:46:00,570,570,575,575,0
2022-06-17 13:47:00,570,570,575,575,0
2022-06-17 13:48:00,570,570,575,575,0
2022-06-17 13:49:00,570,570,575,575,0
2022-06-17 13:50:00,570,570,575,575,0
2022-06-17 13:51:00,570,570,575,575,0
2022-06-17 13:52:00,570,570,575,575,0
2022-06-17 13:53:00,570,570,575,575,0
2022-06-17 13:54:00,570,570,575,575,0
2022-06-17 13:55:00,575,575,575,575,10000
2022-06-17 13:56:00,575,575,575,575,0
2022-06-17 13:57:00,575,575,575,575,0
2022-06-17 13:58:00,575,575,575,575,2300
2022-06-17 13:59:00,575,575,575,575,0
2022-06-17 14:00:00,575,575,575,575,0
2022-06-17 14:01:00,575,575,575,575,0
2022-06-17 14:02:00,575,575,575,575,0
2022-06-17 14:03:00,575,575,575,575,0
2022-06-17 14:04:00,575,575,575,575,0
2022-06-17 14:05:00,575,575,575,575,0
2022-06-17 14:06:00,575,575,575,575,0
2022-06-17 14:07:00,575,575,575,575,0
2022-06-17 14:08:00,575,575,575,575,0
2022-06-17 14:09:00,575,575,575,575,0
2022-06-17 14:10:00,575,575,575,575,0
2022-06-17 14:11:00,575,575,575,575,0
2022-06-17 14:12:00,575,575,575,575,0
2022-06-17 14:13:00,575,575,575,575,0
2022-06-17 14:14:00,575,575,575,575,100
2022-06-17 14:15:00,575,575,575,575,0
2022-06-17 14:16:00,575,575,575,575,0
2022-06-17 14:17:00,575,575,575,575,0
2022-06-17 14:18:00,575,575,575,575,0
2022-06-17 14:19:00,575,575,575,575,0
2022-06-17 14:20:00,575,575,575,575,0
2022-06-17 14:21:00,570,560,570,560,142000
2022-06-17 14:22:00,560,560,560,560,1400
2022-06-17 14:23:00,560,560,575,575,66500
2022-06-17 14:24:00,570,570,575,570,3300
2022-06-17 14:25:00,575,570,575,575,1400
2022-06-17 14:26:00,570,555,570,555,15400
2022-06-17 14:27:00,570,555,570,555,0
2022-06-17 14:28:00,560,560,570,570,85500
2022-06-17 14:29:00,565,560,565,560,60500
2022-06-17 14:30:00,560,560,570,570,14000
2022-06-17 14:31:00,565,560,565,560,4000
2022-06-17 14:32:00,560,560,570,570,47000
2022-06-17 14:33:00,565,560,565,560,4000
2022-06-17 14:34:00,565,560,565,560,0
2022-06-17 14:35:00,555,550,575,570,340500
2022-06-17 14:36:00,565,560,565,560,1200
2022-06-17 14:37:00,560,560,570,570,102100
2022-06-17 14:38:00,565,565,570,570,300
2022-06-17 14:39:00,570,570,570,570,100
2022-06-17 14:40:00,570,570,570,570,0
2022-06-17 14:41:00,565,565,565,565,800
2022-06-17 14:42:00,565,565,570,570,9800
2022-06-17 14:43:00,565,565,570,570,300
2022-06-17 14:44:00,570,570,570,570,200
2022-06-17 14:45:00,570,570,570,570,0
2022-06-17 14:46:00,570,565,570,565,4700
2022-06-17 14:47:00,565,565,570,565,17800
2022-06-17 14:48:00,565,565,580,580,270000
2022-06-17 14:49:00,575,570,580,580,25200
2022-06-17 14:50:00,575,570,580,580,0
2022-06-17 14:51:00,575,570,580,580,0
2022-06-17 14:52:00,575,570,580,580,0
2022-06-17 14:53:00,575,570,580,580,0
2022-06-17 14:54:00,575,570,580,580,0
2022-06-17 14:55:00,575,570,580,580,0
2022-06-17 14:56:00,575,570,580,580,0
2022-06-17 14:57:00,575,570,580,580,0
2022-06-17 14:58:00,575,570,580,580,0
2022-06-17 14:59:00,575,570,580,580,0
2022-06-17 15:00:00,575,575,575,575,127500
2022-06-17 15:01:00,575,575,575,575,0
2022-06-17 15:02:00,575,575,575,575,0
2022-06-17 15:03:00,575,575,575,575,0
2022-06-17 15:04:00,575,575,575,575,0
2022-06-17 15:05:00,575,575,575,575,0
2022-06-17 15:06:00,575,575,575,575,0
2022-06-17 15:07:00,575,575,575,575,0
2022-06-17 15:08:00,575,575,575,575,0
2022-06-17 15:09:00,575,575,575,575,0
2022-06-17 15:10:00,575,575,575,575,0
2022-06-17 15:11:00,575,575,575,575,0
2022-06-17 15:12:00,575,575,575,575,0
2022-06-17 15:13:00,575,575,575,575,0
2022-06-17 15:14:00,575,575,575,575,0
2022-06-17 15:15:00,575,575,575,575,0
2022-06-17 15:16:00,575,575,575,575,0
2022-06-17 15:17:00,575,575,575,575,0
2022-06-17 15:18:00,575,575,575,575,0
2022-06-17 15:19:00,575,575,575,575,0
2022-06-17 15:20:00,575,575,575,575,0
2022-06-17 15:21:00,575,575,575,575,0
2022-06-17 15:22:00,575,575,575,575,0
2022-06-17 15:23:00,575,575,575,575,0
2022-06-17 15:24:00,575,575,575,575,0
2022-06-17 15:25:00,575,575,575,575,0
2022-06-17 15:26:00,575,575,575,575,0
2022-06-17 15:27:00,575,575,575,575,0
2022-06-17 15:28:00,575,575,575,575,0
2022-06-17 15:29:00,575,575,575,575,0
2022-06-17 15:30:00,575,575,575,575,0
2022-06-17 15:31:00,575,575,575,575,0
2022-06-17 15:32:00,575,575,575,575,0
2022-06-17 15:33:00,575,575,575,575,0
2022-06-17 15:34:00,575,575,575,575,0
2022-06-17 15:35:00,575,575,575,575,0
2022-06-17 15:36:00,575,575,575,575,0
2022-06-17 15:37:00,575,575,575,575,0
2022-06-17 15:38:00,575,575,575,575,0
2022-06-17 15:39:00,575,575,575,575,0
2022-06-17 15:40:00,575,575,575,575,0
2022-06-17 15:41:00,575,575,575,575,0
2022-06-17 15:42:00,575,575,575,575,0
2022-06-17 15:43:00,575,575,575,575,0
2022-06-17 15:44:00,575,575,575,575,0
2022-06-17 15:45:00,575,575,575,575,0
2022-06-17 15:46:00,575,575,575,575,0
2022-06-17 15:47:00,575,575,575,575,0
2022-06-17 15:48:00,575,575,575,575,0
2022-06-17 15:49:00,575,575,575,575,0
2022-06-17 15:50:00,575,575,575,575,0
2022-06-17 15:51:00,575,575,575,575,0
2022-06-17 15:52:00,575,575,575,575,0
2022-06-17 15:53:00,575,575,575,575,0
2022-06-17 15:54:00,575,575,575,575,0
2022-06-17 15:55:00,575,575,575,575,0
2022-06-17 15:56:00,575,575,575,575,0
2022-06-17 15:57:00,575,575,575,575,0
2022-06-17 15:58:00,575,575,575,575,0
2022-06-17 15:59:00,575,575,575,575,0
2022-06-20 09:00:00,575,575,575,575,0
2022-06-20 09:01:00,575,575,575,575,0
2022-06-20 09:02:00,575,575,575,575,0
2022-06-20 09:03:00,575,575,575,575,0
2022-06-20 09:04:00,575,575,575,575,0
2022-06-20 09:05:00,575,575,575,575,40000
2022-06-20 09:06:00,575,570,575,570,1600
2022-06-20 09:07:00,575,570,575,570,0
2022-06-20 09:08:00,570,570,575,575,3000
2022-06-20 09:09:00,575,575,575,575,200
2022-06-20 09:10:00,575,575,575,575,0
2022-06-20 09:11:00,575,575,580,580,40000
2022-06-20 09:12:00,580,580,580,580,200
2022-06-20 09:13:00,580,580,580,580,1200
2022-06-20 09:14:00,575,575,575,575,1000
2022-06-20 09:15:00,575,575,580,580,2000
2022-06-20 09:16:00,580,580,580,580,200
2022-06-20 09:17:00,580,580,580,580,0
2022-06-20 09:18:00,580,580,580,580,0
2022-06-20 09:19:00,580,580,580,580,0
2022-06-20 09:20:00,580,580,580,580,0
2022-06-20 09:21:00,580,580,580,580,100
2022-06-20 09:22:00,580,580,580,580,0
2022-06-20 09:23:00,580,580,580,580,0
2022-06-20 09:24:00,580,580,580,580,0
2022-06-20 09:25:00,580,580,580,580,700
2022-06-20 09:26:00,580,580,580,580,0
2022-06-20 09:27:00,580,580,580,580,0
2022-06-20 09:28:00,575,575,580,580,1100
2022-06-20 09:29:00,580,580,580,580,200
2022-06-20 09:30:00,580,580,580,580,0
2022-06-20 09:31:00,580,580,580,580,0
2022-06-20 09:32:00,580,580,580,580,0
2022-06-20 09:33:00,580,580,580,580,0
2022-06-20 09:34:00,580,580,580,580,0
2022-06-20 09:35:00,580,580,580,580,0
2022-06-20 09:36:00,580,580,580,580,0
2022-06-20 09:37:00,580,580,580,580,0
2022-06-20 09:38:00,580,580,580,580,0
2022-06-20 09:39:00,580,580,580,580,0
2022-06-20 09:40:00,580,580,580,580,0
2022-06-20 09:41:00,580,580,580,580,0
2022-06-20 09:42:00,580,580,580,580,0
2022-06-20 09:43:00,580,580,580,580,200
2022-06-20 09:44:00,580,580,580,580,0
2022-06-20 09:45:00,580,580,580,580,0
2022-06-20 09:46:00,580,580,580,580,0
2022-06-20 09:47:00,580,580,580,580,0
2022-06-20 09:48:00,580,580,580,580,0
2022-06-20 09:49:00,580,580,580,580,500
2022-06-20 09:50:00,580,580,580,580,0
2022-06-20 09:51:00,580,580,580,580,0
2022-06-20 09:52:00,580,580,580,580,0
2022-06-20 09:53:00,580,580,580,580,0
2022-06-20 09:54:00,580,580,580,580,0
2022-06-20 09:55:00,580,580,580,580,0
2022-06-20 09:56:00,580,580,580,580,0
2022-06-20 09:57:00,580,580,580,580,0
2022-06-20 09:58:00,580,580,580,580,0
2022-06-20 09:59:00,580,580,580,580,0
2022-06-20 10:00:00,580,580,580,580,0
2022-06-20 10:01:00,580,580,580,580,0
2022-06-20 10:02:00,580,580,580,580,0
2022-06-20 10:03:00,580,580,580,580,0
2022-06-20 10:04:00,580,580,580,580,0
2022-06-20 10:05:00,580,580,580,580,0
2022-06-20 10:06:00,580,580,580,580,0
2022-06-20 10:07:00,580,580,580,580,0
2022-06-20 10:08:00,580,580,580,580,0
2022-06-20 10:09:00,580,580,580,580,0
2022-06-20 10:10:00,580,580,580,580,0
2022-06-20 10:11:00,580,580,580,580,0
2022-06-20 10:12:00,580,580,580,580,0
2022-06-20 10:13:00,580,580,580,580,0
2022-06-20 10:14:00,580,580,580,580,0
2022-06-20 10:15:00,580,580,580,580,0
2022-06-20 10:16:00,580,580,580,580,0
2022-06-20 10:17:00,580,580,580,580,0
2022-06-20 10:18:00,580,580,580,580,0
2022-06-20 10:19:00,580,580,580,580,0
2022-06-20 10:20:00,580,580,580,580,0
2022-06-20 10:21:00,580,580,580,580,0
2022-06-20 10:22:00,580,580,580,580,0
2022-06-20 10:23:00,580,580,580,580,0
2022-06-20 10:24:00,580,580,580,580,0
2022-06-20 10:25:00,580,580,580,580,0
2022-06-20 10:26:00,580,580,580,580,0
2022-06-20 10:27:00,580,580,580,580,0
2022-06-20 10:28:00,580,580,580,580,0
2022-06-20 10:29:00,580,580,580,580,0
2022-06-20 10:30:00,580,580,580,580,0
2022-06-20 10:31:00,580,580,580,580,0
2022-06-20 10:32:00,580,580,580,580,0
2022-06-20 10:33:00,580,580,580,580,0
2022-06-20 10:34:00,580,580,580,580,0
2022-06-20 10:35:00,580,580,580,580,0
2022-06-20 10:36:00,580,580,580,580,0
2022-06-20 10:37:00,580,580,580,580,0
2022-06-20 10:38:00,580,580,580,580,0
2022-06-20 10:39:00,580,580,580,580,0
2022-06-20 10:40:00,580,580,580,580,0
2022-06-20 10:41:00,580,580,580,580,0
2022-06-20 10:42:00,580,580,580,580,0
2022-06-20 10:43:00,580,580,580,580,0
2022-06-20 10:44:00,580,580,580,580,0
2022-06-20 10:45:00,580,580,580,580,0
2022-06-20 10:46:00,580,580,580,580,0
2022-06-20 10:47:00,580,580,580,580,0
2022-06-20 10:48:00,580,580,580,580,0
2022-06-20 10:49:00,580,580,580,580,0
2022-06-20 10:50:00,580,580,580,580,0
2022-06-20 10:51:00,580,580,580,580,0
2022-06-20 10:52:00,580,580,580,580,0
2022-06-20 10:53:00,580,580,580,580,0
2022-06-20 10:54:00,580,580,580,580,0
2022-06-20 10:55:00,580,580,580,580,0
2022-06-20 10:56:00,580,580,580,580,0
2022-06-20 10:57:00,580,580,580,580,0
2022-06-20 10:58:00,580,580,580,580,0
2022-06-20 10:59:00,580,580,580,580,0
2022-06-20 11:00:00,580,580,580,580,0
2022-06-20 11:01:00,580,580,580,580,0
2022-06-20 11:02:00,580,580,580,580,0
2022-06-20 11:03:00,580,580,580,580,0
2022-06-20 11:04:00,580,580,580,580,0
2022-06-20 11:05:00,580,580,580,580,0
2022-06-20 11:06:00,580,580,580,580,0
2022-06-20 11:07:00,580,580,580,580,0
2022-06-20 11:08:00,580,580,580,580,0
2022-06-20 11:09:00,580,580,580,580,0
2022-06-20 11:10:00,580,580,580,580,0
2022-06-20 11:11:00,580,580,580,580,0
2022-06-20 11:12:00,580,580,580,580,0
2022-06-20 11:13:00,580,580,580,580,0
2022-06-20 11:14:00,575,575,580,580,4900
2022-06-20 11:15:00,575,575,575,575,500
2022-06-20 11:16:00,580,580,580,580,400
2022-06-20 11:17:00,580,580,580,580,0
2022-06-20 11:18:00,580,580,580,580,0
2022-06-20 11:19:00,580,580,580,580,0
2022-06-20 11:20:00,580,580,580,580,0
2022-06-20 11:21:00,575,575,575,575,900
2022-06-20 11:22:00,580,580,580,580,400
2022-06-20 11:23:00,580,580,580,580,0
2022-06-20 11:24:00,580,580,580,580,0
2022-06-20 11:25:00,580,580,580,580,0
2022-06-20 11:26:00,580,580,580,580,300
2022-06-20 11:27:00,580,580,580,580,0
2022-06-20 11:28:00,575,575,580,580,1500
2022-06-20 11:29:00,580,575,580,580,2400
2022-06-20 11:30:00,580,575,580,580,0
2022-06-20 11:31:00,580,575,580,580,0
2022-06-20 11:32:00,580,575,580,580,0
2022-06-20 11:33:00,580,575,580,580,0
2022-06-20 11:34:00,580,575,580,580,0
2022-06-20 11:35:00,580,575,580,580,0
2022-06-20 11:36:00,580,575,580,580,0
2022-06-20 11:37:00,580,575,580,580,0
2022-06-20 11:38:00,580,575,580,580,0
2022-06-20 11:39:00,580,575,580,580,0
2022-06-20 11:40:00,580,575,580,580,0
2022-06-20 11:41:00,580,575,580,580,0
2022-06-20 11:42:00,580,575,580,580,0
2022-06-20 11:43:00,580,575,580,580,0
2022-06-20 11:44:00,580,575,580,580,0
2022-06-20 11:45:00,580,575,580,580,0
2022-06-20 11:46:00,580,575,580,580,0
2022-06-20 11:47:00,580,575,580,580,0
2022-06-20 11:48:00,580,575,580,580,0
2022-06-20 11:49:00,580,575,580,580,0
2022-06-20 11:50:00,580,575,580,580,0
2022-06-20 11:51:00,580,575,580,580,0
2022-06-20 11:52:00,580,575,580,580,0
2022-06-20 11:53:00,580,575,580,580,0
2022-06-20 11:54:00,580,575,580,580,0
2022-06-20 11:55:00,580,575,580,580,0
2022-06-20 11:56:00,580,575,580,580,0
2022-06-20 11:57:00,580,575,580,580,0
2022-06-20 11:58:00,580,575,580,580,0
2022-06-20 11:59:00,580,575,580,580,0
2022-06-20 12:00:00,580,575,580,580,0
2022-06-20 12:01:00,580,575,580,580,0
2022-06-20 12:02:00,580,575,580,580,0
2022-06-20 12:03:00,580,575,580,580,0
2022-06-20 12:04:00,580,575,580,580,0
2022-06-20 12:05:00,580,575,580,580,0
2022-06-20 12:06:00,580,575,580,580,0
2022-06-20 12:07:00,580,575,580,580,0
2022-06-20 12:08:00,580,575,580,580,0
2022-06-20 12:09:00,580,575,580,580,0
2022-06-20 12:10:00,580,575,580,580,0
2022-06-20 12:11:00,580,575,580,580,0
2022-06-20 12:12:00,580,575,580,580,0
2022-06-20 12:13:00,580,575,580,580,0
2022-06-20 12:14:00,580,575,580,580,0
2022-06-20 12:15:00,580,575,580,580,0
2022-06-20 12:16:00,580,575,580,580,0
2022-06-20 12:17:00,580,575,580,580,0
2022-06-20 12:18:00,580,575,580,580,0
2022-06-20 12:19:00,580,575,580,580,0
2022-06-20 12:20:00,580,575,580,580,0
2022-06-20 12:21:00,580,575,580,580,0
2022-06-20 12:22:00,580,575,580,580,0
2022-06-20 12:23:00,580,575,580,580,0
2022-06-20 12:24:00,580,575,580,580,0
2022-06-20 12:25:00,580,575,580,580,0
2022-06-20 12:26:00,580,575,580,580,0
2022-06-20 12:27:00,580,575,580,580,0
2022-06-20 12:28:00,580,575,580,580,0
2022-06-20 12:29:00,580,575,580,580,0
2022-06-20 12:30:00,580,575,580,580,0
2022-06-20 12:31:00,580,575,580,580,0
2022-06-20 12:32:00,580,575,580,580,0
2022-06-20 12:33:00,580,575,580,580,0
2022-06-20 12:34:00,580,575,580,580,0
2022-06-20 12:35:00,580,575,580,580,0
2022-06-20 12:36:00,580,575,580,580,0
2022-06-20 12:37:00,580,575,580,580,0
2022-06-20 12:38:00,580,575,580,580,0
2022-06-20 12:39:00,580,575,580,580,0
2022-06-20 12:40:00,580,575,580,580,0
2022-06-20 12:41:00,580,575,580,580,0
2022-06-20 12:42:00,580,575,580,580,0
2022-06-20 12:43:00,580,575,580,580,0
2022-06-20 12:44:00,580,575,580,580,0
2022-06-20 12:45:00,580,575,580,580,0
2022-06-20 12:46:00,580,575,580,580,0
2022-06-20 12:47:00,580,575,580,580,0
2022-06-20 12:48:00,580,575,580,580,0
2022-06-20 12:49:00,580,575,580,580,0
2022-06-20 12:50:00,580,575,580,580,0
2022-06-20 12:51:00,580,575,580,580,0
2022-06-20 12:52:00,580,575,580,580,0
2022-06-20 12:53:00,580,575,580,580,0
2022-06-20 12:54:00,580,575,580,580,0
2022-06-20 12:55:00,580,575,580,580,0
2022-06-20 12:56:00,580,575,580,580,0
2022-06-20 12:57:00,580,575,580,580,0
2022-06-20 12:58:00,580,575,580,580,0
2022-06-20 12:59:00,580,575,580,580,0
2022-06-20 13:00:00,580,575,580,580,0
2022-06-20 13:01:00,580,575,580,580,0
2022-06-20 13:02:00,580,575,580,580,0
2022-06-20 13:03:00,580,575,580,580,0
2022-06-20 13:04:00,580,575,580,580,0
2022-06-20 13:05:00,580,575,580,580,0
2022-06-20 13:06:00,580,575,580,580,0
2022-06-20 13:07:00,580,575,580,580,0
2022-06-20 13:08:00,580,575,580,580,0
2022-06-20 13:09:00,580,575,580,580,0
2022-06-20 13:10:00,580,575,580,580,0
2022-06-20 13:11:00,580,575,580,580,0
2022-06-20 13:12:00,580,575,580,580,0
2022-06-20 13:13:00,580,575,580,580,0
2022-06-20 13:14:00,580,575,580,580,0
2022-06-20 13:15:00,580,575,580,580,0
2022-06-20 13:16:00,580,575,580,580,0
2022-06-20 13:17:00,580,575,580,580,0
2022-06-20 13:18:00,580,575,580,580,0
2022-06-20 13:19:00,580,575,580,580,0
2022-06-20 13:20:00,580,575,580,580,0
2022-06-20 13:21:00,580,575,580,580,0
2022-06-20 13:22:00,580,575,580,580,0
2022-06-20 13:23:00,580,575,580,580,0
2022-06-20 13:24:00,580,575,580,580,0
2022-06-20 13:25:00,580,575,580,580,0
2022-06-20 13:26:00,580,575,580,580,0
2022-06-20 13:27:00,580,575,580,580,0
2022-06-20 13:28:00,580,575,580,580,0
2022-06-20 13:29:00,580,575,580,580,0
2022-06-20 13:30:00,580,570,580,580,5000
2022-06-20 13:31:00,580,580,580,580,200
2022-06-20 13:32:00,580,580,580,580,1200
2022-06-20 13:33:00,580,580,580,580,0
2022-06-20 13:34:00,580,580,580,580,0
2022-06-20 13:35:00,580,580,580,580,0
2022-06-20 13:36:00,580,580,580,580,0
2022-06-20 13:37:00,580,580,580,580,0
2022-06-20 13:38:00,580,580,580,580,0
2022-06-20 13:39:00,580,580,580,580,500
2022-06-20 13:40:00,580,580,580,580,1800
2022-06-20 13:41:00,575,575,580,580,1400
2022-06-20 13:42:00,575,575,575,575,400
2022-06-20 13:43:00,575,575,580,580,1800
2022-06-20 13:44:00,580,580,580,580,200
2022-06-20 13:45:00,580,580,580,580,0
2022-06-20 13:46:00,580,580,580,580,0
2022-06-20 13:47:00,580,580,580,580,0
2022-06-20 13:48:00,580,580,580,580,0
2022-06-20 13:49:00,580,580,580,580,0
2022-06-20 13:50:00,580,580,580,580,0
2022-06-20 13:51:00,580,580,580,580,0
2022-06-20 13:52:00,580,580,580,580,0
2022-06-20 13:53:00,580,580,580,580,0
2022-06-20 13:54:00,580,580,580,580,0
2022-06-20 13:55:00,580,580,580,580,0
2022-06-20 13:56:00,575,575,580,580,1500
2022-06-20 13:57:00,575,575,575,575,900
2022-06-20 13:58:00,580,575,580,575,900
2022-06-20 13:59:00,580,575,580,575,800
2022-06-20 14:00:00,580,580,580,580,1700
2022-06-20 14:01:00,580,580,580,580,0
2022-06-20 14:02:00,580,580,580,580,1300
2022-06-20 14:03:00,580,580,580,580,0
2022-06-20 14:04:00,575,575,580,580,1100
2022-06-20 14:05:00,575,575,580,580,0
2022-06-20 14:06:00,575,575,575,575,500
2022-06-20 14:07:00,580,580,580,580,500
2022-06-20 14:08:00,580,580,580,580,200
2022-06-20 14:09:00,575,575,580,580,500
2022-06-20 14:10:00,580,575,580,575,500
2022-06-20 14:11:00,580,580,580,580,200
2022-06-20 14:12:00,580,580,580,580,0
2022-06-20 14:13:00,580,580,580,580,0
2022-06-20 14:14:00,580,580,580,580,0
2022-06-20 14:15:00,580,580,580,580,0
2022-06-20 14:16:00,580,580,580,580,0
2022-06-20 14:17:00,580,580,580,580,0
2022-06-20 14:18:00,580,580,580,580,0
2022-06-20 14:19:00,580,580,580,580,0
2022-06-20 14:20:00,580,580,580,580,0
2022-06-20 14:21:00,580,580,580,580,0
2022-06-20 14:22:00,580,580,580,580,0
2022-06-20 14:23:00,580,580,580,580,0
2022-06-20 14:24:00,580,580,580,580,0
2022-06-20 14:25:00,580,580,580,580,800
2022-06-20 14:26:00,575,575,580,580,1500
2022-06-20 14:27:00,580,580,580,580,400
2022-06-20 14:28:00,575,575,575,575,1100
2022-06-20 14:29:00,580,580,580,580,400
2022-06-20 14:30:00,580,580,580,580,0
2022-06-20 14:31:00,580,580,580,580,0
2022-06-20 14:32:00,580,580,580,580,0
2022-06-20 14:33:00,580,580,580,580,0
2022-06-20 14:34:00,580,580,580,580,1000
2022-06-20 14:35:00,580,580,580,580,0
2022-06-20 14:36:00,580,580,580,580,0
2022-06-20 14:37:00,580,580,580,580,0
2022-06-20 14:38:00,580,580,580,580,0
2022-06-20 14:39:00,580,580,580,580,0
2022-06-20 14:40:00,575,575,580,580,1700
2022-06-20 14:41:00,575,575,580,580,3600
2022-06-20 14:42:00,580,580,580,580,900
2022-06-20 14:43:00,580,580,580,580,200
2022-06-20 14:44:00,580,575,580,575,1300
2022-06-20 14:45:00,575,575,580,580,5100
2022-06-20 14:46:00,580,580,580,580,400
2022-06-20 14:47:00,580,580,580,580,600
2022-06-20 14:48:00,580,580,580,580,1000
2022-06-20 14:49:00,580,575,580,580,1900
2022-06-20 14:50:00,580,575,580,580,0
2022-06-20 14:51:00,580,575,580,580,0
2022-06-20 14:52:00,580,575,580,580,0
2022-06-20 14:53:00,580,575,580,580,0
2022-06-20 14:54:00,580,575,580,580,0
2022-06-20 14:55:00,580,575,580,580,0
2022-06-20 14:56:00,580,575,580,580,0
2022-06-20 14:57:00,580,575,580,580,0
2022-06-20 14:58:00,580,575,580,580,0
2022-06-20 14:59:00,580,575,580,580,0
2022-06-20 15:00:00,580,580,580,580,120300
2022-06-20 15:01:00,580,580,580,580,0
2022-06-20 15:02:00,580,580,580,580,0
2022-06-20 15:03:00,580,580,580,580,0
2022-06-20 15:04:00,580,580,580,580,0
2022-06-20 15:05:00,580,580,580,580,0
2022-06-20 15:06:00,580,580,580,580,0
2022-06-20 15:07:00,580,580,580,580,0
2022-06-20 15:08:00,580,580,580,580,0
2022-06-20 15:09:00,580,580,580,580,0
2022-06-20 15:10:00,580,580,580,580,0
2022-06-20 15:11:00,580,580,580,580,0
2022-06-20 15:12:00,580,580,580,580,0
2022-06-20 15:13:00,580,580,580,580,0
2022-06-20 15:14:00,580,580,580,580,0
2022-06-20 15:15:00,580,580,580,580,0
2022-06-20 15:16:00,580,580,580,580,0
2022-06-20 15:17:00,580,580,580,580,0
2022-06-20 15:18:00,580,580,580,580,0
2022-06-20 15:19:00,580,580,580,580,0
2022-06-20 15:20:00,580,580,580,580,0
2022-06-20 15:21:00,580,580,580,580,0
2022-06-20 15:22:00,580,580,580,580,0
2022-06-20 15:23:00,580,580,580,580,0
2022-06-20 15:24:00,580,580,580,580,0
2022-06-20 15:25:00,580,580,580,580,0
2022-06-20 15:26:00,580,580,580,580,0
2022-06-20 15:27:00,580,580,580,580,0
2022-06-20 15:28:00,580,580,580,580,0
2022-06-20 15:29:00,580,580,580,580,0
2022-06-20 15:30:00,580,580,580,580,0
2022-06-20 15:31:00,580,580,580,580,0
2022-06-20 15:32:00,580,580,580,580,0
2022-06-20 15:33:00,580,580,580,580,0
2022-06-20 15:34:00,580,580,580,580,0
2022-06-20 15:35:00,580,580,580,580,0
2022-06-20 15:36:00,580,580,580,580,0
2022-06-20 15:37:00,580,580,580,580,0
2022-06-20 15:38:00,580,580,580,580,0
2022-06-20 15:39:00,580,580,580,580,0
2022-06-20 15:40:00,580,580,580,580,0
2022-06-20 15:41:00,580,580,580,580,0
2022-06-20 15:42:00,580,580,580,580,0
2022-06-20 15:43:00,580,580,580,580,0
2022-06-20 15:44:00,580,580,580,580,0
2022-06-20 15:45:00,580,580,580,580,0
2022-06-20 15:46:00,580,580,580,580,0
2022-06-20 15:47:00,580,580,580,580,0
2022-06-20 15:48:00,580,580,580,580,0
2022-06-20 15:49:00,580,580,580,580,0
2022-06-20 15:50:00,580,580,580,580,0
2022-06-20 15:51:00,580,580,580,580,0
2022-06-20 15:52:00,580,580,580,580,0
2022-06-20 15:53:00,580,580,580,580,0
2022-06-20 15:54:00,580,580,580,580,0
2022-06-20 15:55:00,580,580,580,580,0
2022-06-20 15:56:00,580,580,580,580,0
2022-06-20 15:57:00,580,580,580,580,0
2022-06-20 15:58:00,580,580,580,580,0
2022-06-20 15:59:00,580,580,580,580,0
2022-06-21 09:00:00,580,580,580,580,0
2022-06-21 09:01:00,580,580,580,580,0
2022-06-21 09:02:00,580,580,580,580,0
2022-06-21 09:03:00,580,580,580,580,0
2022-06-21 09:04:00,580,580,580,580,0
2022-06-21 09:05:00,580,580,580,580,0
2022-06-21 09:06:00,580,580,580,580,300
2022-06-21 09:07:00,580,580,580,580,40000
2022-06-21 09:08:00,580,580,580,580,0
2022-06-21 09:09:00,580,580,580,580,0
2022-06-21 09:10:00,580,580,580,580,0
2022-06-21 09:11:00,580,580,580,580,0
2022-06-21 09:12:00,580,580,580,580,0
2022-06-21 09:13:00,580,580,580,580,0
2022-06-21 09:14:00,580,580,580,580,0
2022-06-21 09:15:00,580,580,580,580,0
2022-06-21 09:16:00,580,580,580,580,0
2022-06-21 09:17:00,580,580,580,580,0
2022-06-21 09:18:00,580,580,580,580,0
2022-06-21 09:19:00,580,580,580,580,0
2022-06-21 09:20:00,580,580,580,580,0
2022-06-21 09:21:00,580,580,580,580,0
2022-06-21 09:22:00,580,580,580,580,0
2022-06-21 09:23:00,580,580,580,580,0
2022-06-21 09:24:00,580,580,580,580,0
2022-06-21 09:25:00,580,580,580,580,0
2022-06-21 09:26:00,580,580,580,580,0
2022-06-21 09:27:00,580,580,580,580,0
2022-06-21 09:28:00,580,580,580,580,0
2022-06-21 09:29:00,580,580,580,580,0
2022-06-21 09:30:00,580,580,580,580,0
2022-06-21 09:31:00,580,580,580,580,0
2022-06-21 09:32:00,580,580,580,580,0
2022-06-21 09:33:00,580,580,580,580,0
2022-06-21 09:34:00,580,580,580,580,0
2022-06-21 09:35:00,580,580,580,580,0
2022-06-21 09:36:00,580,580,580,580,0
2022-06-21 09:37:00,580,580,580,580,0
2022-06-21 09:38:00,580,580,580,580,0
2022-06-21 09:39:00,580,580,580,580,0
2022-06-21 09:40:00,580,580,580,580,0
2022-06-21 09:41:00,580,580,580,580,0
2022-06-21 09:42:00,580,580,580,580,0
2022-06-21 09:43:00,580,580,580,580,0
2022-06-21 09:44:00,580,580,580,580,0
2022-06-21 09:45:00,580,580,580,580,0
2022-06-21 09:46:00,580,580,580,580,0
2022-06-21 09:47:00,580,580,580,580,0
2022-06-21 09:48:00,580,580,580,580,0
2022-06-21 09:49:00,580,580,580,580,0
2022-06-21 09:50:00,580,580,580,580,0
2022-06-21 09:51:00,580,580,580,580,0
2022-06-21 09:52:00,580,580,580,580,0
2022-06-21 09:53:00,580,580,580,580,0
2022-06-21 09:54:00,580,580,580,580,0
2022-06-21 09:55:00,580,580,580,580,0
2022-06-21 09:56:00,580,580,580,580,0
2022-06-21 09:57:00,580,580,580,580,0
2022-06-21 09:58:00,580,580,580,580,0
2022-06-21 09:59:00,580,580,580,580,0
2022-06-21 10:00:00,580,580,580,580,0
2022-06-21 10:01:00,580,580,580,580,0
2022-06-21 10:02:00,580,580,580,580,0
2022-06-21 10:03:00,580,580,580,580,0
2022-06-21 10:04:00,580,580,580,580,0
2022-06-21 10:05:00,580,580,580,580,0
2022-06-21 10:06:00,580,580,580,580,0
2022-06-21 10:07:00,580,580,580,580,0
2022-06-21 10:08:00,580,580,580,580,0
2022-06-21 10:09:00,580,580,580,580,0
2022-06-21 10:10:00,580,580,580,580,0
2022-06-21 10:11:00,580,580,580,580,0
2022-06-21 10:12:00,580,580,580,580,0
2022-06-21 10:13:00,580,580,580,580,0
2022-06-21 10:14:00,580,580,580,580,0
2022-06-21 10:15:00,580,580,580,580,0
2022-06-21 10:16:00,580,580,580,580,0
2022-06-21 10:17:00,580,580,580,580,0
2022-06-21 10:18:00,580,580,580,580,0
2022-06-21 10:19:00,580,580,580,580,0
2022-06-21 10:20:00,580,580,580,580,0
2022-06-21 10:21:00,580,580,580,580,0
2022-06-21 10:22:00,580,580,580,580,200
2022-06-21 10:23:00,580,580,580,580,0
2022-06-21 10:24:00,580,580,580,580,0
2022-06-21 10:25:00,580,580,580,580,0
2022-06-21 10:26:00,580,580,580,580,0
2022-06-21 10:27:00,580,580,580,580,0
2022-06-21 10:28:00,580,580,580,580,0
2022-06-21 10:29:00,580,580,580,580,0
2022-06-21 10:30:00,580,580,580,580,0
2022-06-21 10:31:00,580,580,580,580,0
2022-06-21 10:32:00,580,580,580,580,0
2022-06-21 10:33:00,580,580,580,580,0
2022-06-21 10:34:00,580,580,580,580,0
2022-06-21 10:35:00,580,580,580,580,0
2022-06-21 10:36:00,580,580,580,580,0
2022-06-21 10:37:00,580,580,580,580,0
2022-06-21 10:38:00,580,580,580,580,0
2022-06-21 10:39:00,580,580,580,580,0
2022-06-21 10:40:00,580,580,580,580,0
2022-06-21 10:41:00,580,580,580,580,0
2022-06-21 10:42:00,580,580,580,580,0
2022-06-21 10:43:00,580,580,580,580,0
2022-06-21 10:44:00,580,580,580,580,0
2022-06-21 10:45:00,580,580,580,580,0
2022-06-21 10:46:00,580,580,580,580,0
2022-06-21 10:47:00,580,580,580,580,0
2022-06-21 10:48:00,580,580,580,580,0
2022-06-21 10:49:00,580,580,580,580,0
2022-06-21 10:50:00,575,575,575,575,3300
2022-06-21 10:51:00,580,580,580,580,300
2022-06-21 10:52:00,580,580,580,580,200
2022-06-21 10:53:00,580,580,580,580,0
2022-06-21 10:54:00,580,580,580,580,0
2022-06-21 10:55:00,580,580,580,580,0
2022-06-21 10:56:00,580,580,580,580,0
2022-06-21 10:57:00,580,580,580,580,0
2022-06-21 10:58:00,580,580,580,580,0
2022-06-21 10:59:00,580,580,580,580,0
2022-06-21 11:00:00,580,580,580,580,0
2022-06-21 11:01:00,580,580,580,580,0
2022-06-21 11:02:00,580,580,580,580,0
2022-06-21 11:03:00,580,580,580,580,0
2022-06-21 11:04:00,580,580,580,580,0
2022-06-21 11:05:00,580,580,580,580,0
2022-06-21 11:06:00,580,580,580,580,0
2022-06-21 11:07:00,580,580,580,580,0
2022-06-21 11:08:00,580,580,580,580,0
2022-06-21 11:09:00,580,580,580,580,500
2022-06-21 11:10:00,580,580,580,580,0
2022-06-21 11:11:00,580,580,580,580,0
2022-06-21 11:12:00,580,580,580,580,0
2022-06-21 11:13:00,580,580,580,580,0
2022-06-21 11:14:00,580,580,580,580,0
2022-06-21 11:15:00,580,580,580,580,0
2022-06-21 11:16:00,580,580,580,580,0
2022-06-21 11:17:00,580,580,580,580,0
2022-06-21 11:18:00,580,580,580,580,0
2022-06-21 11:19:00,580,580,580,580,0
2022-06-21 11:20:00,580,580,580,580,0
2022-06-21 11:21:00,580,580,580,580,0
2022-06-21 11:22:00,580,580,580,580,0
2022-06-21 11:23:00,580,580,580,580,0
2022-06-21 11:24:00,580,580,580,580,0
2022-06-21 11:25:00,580,580,580,580,0
2022-06-21 11:26:00,580,580,580,580,0
2022-06-21 11:27:00,580,580,580,580,0
2022-06-21 11:28:00,580,580,580,580,200
2022-06-21 11:29:00,580,580,580,580,300
2022-06-21 11:30:00,580,580,580,580,0
2022-06-21 11:31:00,580,580,580,580,0
2022-06-21 11:32:00,580,580,580,580,0
2022-06-21 11:33:00,580,580,580,580,0
2022-06-21 11:34:00,580,580,580,580,0
2022-06-21 11:35:00,580,580,580,580,0
2022-06-21 11:36:00,580,580,580,580,0
2022-06-21 11:37:00,580,580,580,580,0
2022-06-21 11:38:00,580,580,580,580,0
2022-06-21 11:39:00,580,580,580,580,0
2022-06-21 11:40:00,580,580,580,580,0
2022-06-21 11:41:00,580,580,580,580,0
2022-06-21 11:42:00,580,580,580,580,0
2022-06-21 11:43:00,580,580,580,580,0
2022-06-21 11:44:00,580,580,580,580,0
2022-06-21 11:45:00,580,580,580,580,0
2022-06-21 11:46:00,580,580,580,580,0
2022-06-21 11:47:00,580,580,580,580,0
2022-06-21 11:48:00,580,580,580,580,0
2022-06-21 11:49:00,580,580,580,580,0
2022-06-21 11:50:00,580,580,580,580,0
2022-06-21 11:51:00,580,580,580,580,0
2022-06-21 11:52:00,580,580,580,580,0
2022-06-21 11:53:00,580,580,580,580,0
2022-06-21 11:54:00,580,580,580,580,0
2022-06-21 11:55:00,580,580,580,580,0
2022-06-21 11:56:00,580,580,580,580,0
2022-06-21 11:57:00,580,580,580,580,0
2022-06-21 11:58:00,580,580,580,580,0
2022-06-21 11:59:00,580,580,580,580,0
2022-06-21 12:00:00,580,580,580,580,0
2022-06-21 12:01:00,580,580,580,580,0
2022-06-21 12:02:00,580,580,580,580,0
2022-06-21 12:03:00,580,580,580,580,0
2022-06-21 12:04:00,580,580,580,580,0
2022-06-21 12:05:00,580,580,580,580,0
2022-06-21 12:06:00,580,580,580,580,0
2022-06-21 12:07:00,580,580,580,580,0
2022-06-21 12:08:00,580,580,580,580,0
2022-06-21 12:09:00,580,580,580,580,0
2022-06-21 12:10:00,580,580,580,580,0
2022-06-21 12:11:00,580,580,580,580,0
2022-06-21 12:12:00,580,580,580,580,0
2022-06-21 12:13:00,580,580,580,580,0
2022-06-21 12:14:00,580,580,580,580,0
2022-06-21 12:15:00,580,580,580,580,0
2022-06-21 12:16:00,580,580,580,580,0
2022-06-21 12:17:00,580,580,580,580,0
2022-06-21 12:18:00,580,580,580,580,0
2022-06-21 12:19:00,580,580,580,580,0
2022-06-21 12:20:00,580,580,580,580,0
2022-06-21 12:21:00,580,580,580,580,0
2022-06-21 12:22:00,580,580,580,580,0
2022-06-21 12:23:00,580,580,580,580,0
2022-06-21 12:24:00,580,580,580,580,0
2022-06-21 12:25:00,580,580,580,580,0
2022-06-21 12:26:00,580,580,580,580,0
2022-06-21 12:27:00,580,580,580,580,0
2022-06-21 12:28:00,580,580,580,580,0
2022-06-21 12:29:00,580,580,580,580,0
2022-06-21 12:30:00,580,580,580,580,0
2022-06-21 12:31:00,580,580,580,580,0
2022-06-21 12:32:00,580,580,580,580,0
2022-06-21 12:33:00,580,580,580,580,0
2022-06-21 12:34:00,580,580,580,580,0
2022-06-21 12:35:00,580,580,580,580,0
2022-06-21 12:36:00,580,580,580,580,0
2022-06-21 12:37:00,580,580,580,580,0
2022-06-21 12:38:00,580,580,580,580,0
2022-06-21 12:39:00,580,580,580,580,0
2022-06-21 12:40:00,580,580,580,580,0
2022-06-21 12:41:00,580,580,580,580,0
2022-06-21 12:42:00,580,580,580,580,0
2022-06-21 12:43:00,580,580,580,580,0
2022-06-21 12:44:00,580,580,580,580,0
2022-06-21 12:45:00,580,580,580,580,0
2022-06-21 12:46:00,580,580,580,580,0
2022-06-21 12:47:00,580,580,580,580,0
2022-06-21 12:48:00,580,580,580,580,0
2022-06-21 12:49:00,580,580,580,580,0
2022-06-21 12:50:00,580,580,580,580,0
2022-06-21 12:51:00,580,580,580,580,0
2022-06-21 12:52:00,580,580,580,580,0
2022-06-21 12:53:00,580,580,580,580,0
2022-06-21 12:54:00,580,580,580,580,0
2022-06-21 12:55:00,580,580,580,580,0
2022-06-21 12:56:00,580,580,580,580,0
2022-06-21 12:57:00,580,580,580,580,0
2022-06-21 12:58:00,580,580,580,580,0
2022-06-21 12:59:00,580,580,580,580,0
2022-06-21 13:00:00,580,580,580,580,0
2022-06-21 13:01:00,580,580,580,580,0
2022-06-21 13:02:00,580,580,580,580,0
2022-06-21 13:03:00,580,580,580,580,0
2022-06-21 13:04:00,580,580,580,580,0
2022-06-21 13:05:00,580,580,580,580,0
2022-06-21 13:06:00,580,580,580,580,0
2022-06-21 13:07:00,580,580,580,580,0
2022-06-21 13:08:00,580,580,580,580,0
2022-06-21 13:09:00,580,580,580,580,0
2022-06-21 13:10:00,580,580,580,580,0
2022-06-21 13:11:00,580,580,580,580,0
2022-06-21 13:12:00,580,580,580,580,0
2022-06-21 13:13:00,580,580,580,580,0
2022-06-21 13:14:00,580,580,580,580,0
2022-06-21 13:15:00,580,580,580,580,0
2022-06-21 13:16:00,580,580,580,580,0
2022-06-21 13:17:00,580,580,580,580,0
2022-06-21 13:18:00,580,580,580,580,0
2022-06-21 13:19:00,580,580,580,580,0
2022-06-21 13:20:00,580,580,580,580,0
2022-06-21 13:21:00,580,580,580,580,0
2022-06-21 13:22:00,580,580,580,580,0
2022-06-21 13:23:00,580,580,580,580,0
2022-06-21 13:24:00,580,580,580,580,0
2022-06-21 13:25:00,580,580,580,580,0
2022-06-21 13:26:00,580,580,580,580,0
2022-06-21 13:27:00,580,580,580,580,0
2022-06-21 13:28:00,580,580,580,580,0
2022-06-21 13:29:00,580,580,580,580,0
2022-06-21 13:30:00,580,580,580,580,0
2022-06-21 13:31:00,580,580,580,580,0
2022-06-21 13:32:00,580,580,580,580,0
2022-06-21 13:33:00,580,580,580,580,0
2022-06-21 13:34:00,580,580,580,580,0
2022-06-21 13:35:00,580,580,580,580,0
2022-06-21 13:36:00,580,580,580,580,0
2022-06-21 13:37:00,580,580,580,580,0
2022-06-21 13:38:00,580,580,580,580,0
2022-06-21 13:39:00,580,580,580,580,0
2022-06-21 13:40:00,580,580,580,580,300
2022-06-21 13:41:00,580,580,580,580,0
2022-06-21 13:42:00,580,580,580,580,0
2022-06-21 13:43:00,580,580,580,580,0
2022-06-21 13:44:00,580,580,580,580,0
2022-06-21 13:45:00,580,580,580,580,0
2022-06-21 13:46:00,580,580,580,580,0
2022-06-21 13:47:00,580,580,580,580,0
2022-06-21 13:48:00,575,575,575,575,4000
2022-06-21 13:49:00,575,575,580,580,5800
2022-06-21 13:50:00,580,580,580,580,200
2022-06-21 13:51:00,580,580,580,580,0
2022-06-21 13:52:00,580,580,580,580,0
2022-06-21 13:53:00,580,580,580,580,0
2022-06-21 13:54:00,580,580,580,580,0
2022-06-21 13:55:00,580,580,580,580,0
2022-06-21 13:56:00,580,580,580,580,0
2022-06-21 13:57:00,580,580,580,580,0
2022-06-21 13:58:00,580,580,580,580,0
2022-06-21 13:59:00,580,580,580,580,0
2022-06-21 14:00:00,580,580,580,580,0
2022-06-21 14:01:00,580,580,580,580,0
2022-06-21 14:02:00,580,580,580,580,0
2022-06-21 14:03:00,580,580,580,580,0
2022-06-21 14:04:00,580,580,580,580,0
2022-06-21 14:05:00,580,580,580,580,0
2022-06-21 14:06:00,575,575,575,575,900
2022-06-21 14:07:00,580,580,580,580,600
2022-06-21 14:08:00,575,575,580,580,2600
2022-06-21 14:09:00,580,580,580,580,200
2022-06-21 14:10:00,580,580,580,580,0
2022-06-21 14:11:00,580,580,580,580,0
2022-06-21 14:12:00,580,580,580,580,1200
2022-06-21 14:13:00,580,580,580,580,0
2022-06-21 14:14:00,575,575,580,580,1200
2022-06-21 14:15:00,575,575,580,580,0
2022-06-21 14:16:00,575,575,580,580,0
2022-06-21 14:17:00,575,575,580,580,0
2022-06-21 14:18:00,575,575,580,580,0
2022-06-21 14:19:00,575,575,580,580,0
2022-06-21 14:20:00,575,575,580,580,0
2022-06-21 14:21:00,575,575,580,580,0
2022-06-21 14:22:00,575,575,580,580,0
2022-06-21 14:23:00,575,575,580,580,0
2022-06-21 14:24:00,575,575,580,580,0
2022-06-21 14:25:00,575,575,580,580,0
2022-06-21 14:26:00,575,575,580,580,0
2022-06-21 14:27:00,575,575,580,580,0
2022-06-21 14:28:00,575,575,580,580,0
2022-06-21 14:29:00,575,575,580,580,0
2022-06-21 14:30:00,575,575,580,580,0
2022-06-21 14:31:00,575,575,580,580,0
2022-06-21 14:32:00,575,575,580,580,0
2022-06-21 14:33:00,575,575,580,580,0
2022-06-21 14:34:00,575,575,580,580,0
2022-06-21 14:35:00,580,580,580,580,400
2022-06-21 14:36:00,580,580,580,580,0
2022-06-21 14:37:00,580,580,580,580,0
2022-06-21 14:38:00,580,580,580,580,300
2022-06-21 14:39:00,580,580,580,580,0
2022-06-21 14:40:00,580,580,580,580,0
2022-06-21 14:41:00,580,580,580,580,0
2022-06-21 14:42:00,580,580,580,580,0
2022-06-21 14:43:00,580,580,580,580,0
2022-06-21 14:44:00,580,580,580,580,0
2022-06-21 14:45:00,580,580,580,580,200
2022-06-21 14:46:00,580,580,580,580,1000
2022-06-21 14:47:00,580,580,580,580,200
2022-06-21 14:48:00,580,580,580,580,300
2022-06-21 14:49:00,580,580,580,580,500
2022-06-21 14:50:00,580,580,580,580,0
2022-06-21 14:51:00,580,580,580,580,0
2022-06-21 14:52:00,580,580,580,580,0
2022-06-21 14:53:00,580,580,580,580,0
2022-06-21 14:54:00,580,580,580,580,0
2022-06-21 14:55:00,580,580,580,580,0
2022-06-21 14:56:00,580,580,580,580,0
2022-06-21 14:57:00,580,580,580,580,0
2022-06-21 14:58:00,580,580,580,580,0
2022-06-21 14:59:00,580,580,580,580,0
2022-06-21 15:00:00,580,580,580,580,100800
2022-06-21 15:01:00,580,580,580,580,0
2022-06-21 15:02:00,580,580,580,580,0
2022-06-21 15:03:00,580,580,580,580,0
2022-06-21 15:04:00,580,580,580,580,0
2022-06-21 15:05:00,580,580,580,580,0
2022-06-21 15:06:00,580,580,580,580,0
2022-06-21 15:07:00,580,580,580,580,0
2022-06-21 15:08:00,580,580,580,580,0
2022-06-21 15:09:00,580,580,580,580,0
2022-06-21 15:10:00,580,580,580,580,0
2022-06-21 15:11:00,580,580,580,580,0
2022-06-21 15:12:00,580,580,580,580,0
2022-06-21 15:13:00,580,580,580,580,0
2022-06-21 15:14:00,580,580,580,580,0
2022-06-21 15:15:00,580,580,580,580,0
2022-06-21 15:16:00,580,580,580,580,0
2022-06-21 15:17:00,580,580,580,580,0
2022-06-21 15:18:00,580,580,580,580,0
2022-06-21 15:19:00,580,580,580,580,0
2022-06-21 15:20:00,580,580,580,580,0
2022-06-21 15:21:00,580,580,580,580,0
2022-06-21 15:22:00,580,580,580,580,0
2022-06-21 15:23:00,580,580,580,580,0
2022-06-21 15:24:00,580,580,580,580,0
2022-06-21 15:25:00,580,580,580,580,0
2022-06-21 15:26:00,580,580,580,580,0
2022-06-21 15:27:00,580,580,580,580,0
2022-06-21 15:28:00,580,580,580,580,0
2022-06-21 15:29:00,580,580,580,580,0
2022-06-21 15:30:00,580,580,580,580,0
2022-06-21 15:31:00,580,580,580,580,0
2022-06-21 15:32:00,580,580,580,580,0
2022-06-21 15:33:00,580,580,580,580,0
2022-06-21 15:34:00,580,580,580,580,0
2022-06-21 15:35:00,580,580,580,580,0
2022-06-21 15:36:00,580,580,580,580,0
2022-06-21 15:37:00,580,580,580,580,0
2022-06-21 15:38:00,580,580,580,580,0
2022-06-21 15:39:00,580,580,580,580,0
2022-06-21 15:40:00,580,580,580,580,0
2022-06-21 15:41:00,580,580,580,580,0
2022-06-21 15:42:00,580,580,580,580,0
2022-06-21 15:43:00,580,580,580,580,0
2022-06-21 15:44:00,580,580,580,580,0
2022-06-21 15:45:00,580,580,580,580,0
2022-06-21 15:46:00,580,580,580,580,0
2022-06-21 15:47:00,580,580,580,580,0
2022-06-21 15:48:00,580,580,580,580,0
2022-06-21 15:49:00,580,580,580,580,0
2022-06-21 15:50:00,580,580,580,580,0
2022-06-21 15:51:00,580,580,580,580,0
2022-06-21 15:52:00,580,580,580,580,0
2022-06-21 15:53:00,580,580,580,580,0
2022-06-21 15:54:00,580,580,580,580,0
2022-06-21 15:55:00,580,580,580,580,0
2022-06-21 15:56:00,580,580,580,580,0
2022-06-21 15:57:00,580,580,580,580,0
2022-06-21 15:58:00,580,580,580,580,0
2022-06-21 15:59:00,580,580,580,580,0
2022-06-22 09:00:00,580,580,580,580,0
2022-06-22 09:01:00,580,580,580,580,0
2022-06-22 09:02:00,580,580,580,580,0
2022-06-22 09:03:00,580,580,580,580,0
2022-06-22 09:04:00,580,580,580,580,0
2022-06-22 09:05:00,580,580,580,580,300
2022-06-22 09:06:00,580,580,580,580,0
2022-06-22 09:07:00,580,580,580,580,0
2022-06-22 09:08:00,580,580,580,580,0
2022-06-22 09:09:00,580,580,580,580,0
2022-06-22 09:10:00,580,580,580,580,0
2022-06-22 09:11:00,580,580,580,580,0
2022-06-22 09:12:00,580,580,580,580,0
2022-06-22 09:13:00,580,580,580,580,0
2022-06-22 09:14:00,580,580,580,580,0
2022-06-22 09:15:00,580,580,580,580,0
2022-06-22 09:16:00,580,580,580,580,0
2022-06-22 09:17:00,575,575,575,575,1200
2022-06-22 09:18:00,580,580,580,580,500
2022-06-22 09:19:00,580,580,580,580,0
2022-06-22 09:20:00,580,580,580,580,0
2022-06-22 09:21:00,580,580,580,580,0
2022-06-22 09:22:00,580,580,580,580,0
2022-06-22 09:23:00,580,580,580,580,0
2022-06-22 09:24:00,580,580,580,580,0
2022-06-22 09:25:00,580,580,580,580,0
2022-06-22 09:26:00,580,580,580,580,0
2022-06-22 09:27:00,580,580,580,580,0
2022-06-22 09:28:00,580,580,580,580,0
2022-06-22 09:29:00,580,580,580,580,0
2022-06-22 09:30:00,580,580,580,580,0
2022-06-22 09:31:00,580,580,580,580,0
2022-06-22 09:32:00,580,580,580,580,0
2022-06-22 09:33:00,580,580,580,580,0
2022-06-22 09:34:00,580,580,580,580,0
2022-06-22 09:35:00,580,580,580,580,0
2022-06-22 09:36:00,580,580,580,580,1000
2022-06-22 09:37:00,580,580,580,580,0
2022-06-22 09:38:00,580,580,580,580,0
2022-06-22 09:39:00,580,580,580,580,0
2022-06-22 09:40:00,580,580,580,580,0
2022-06-22 09:41:00,580,580,580,580,1000
2022-06-22 09:42:00,580,580,580,580,0
2022-06-22 09:43:00,580,580,580,580,0
2022-06-22 09:44:00,580,580,580,580,0
2022-06-22 09:45:00,580,580,580,580,0
2022-06-22 09:46:00,580,580,580,580,0
2022-06-22 09:47:00,580,580,580,580,0
2022-06-22 09:48:00,580,580,580,580,0
2022-06-22 09:49:00,580,580,580,580,0
2022-06-22 09:50:00,580,580,580,580,0
2022-06-22 09:51:00,580,580,580,580,0
2022-06-22 09:52:00,580,580,580,580,0
2022-06-22 09:53:00,580,580,580,580,0
2022-06-22 09:54:00,580,580,580,580,500
2022-06-22 09:55:00,580,580,580,580,1600
2022-06-22 09:56:00,580,580,580,580,0
2022-06-22 09:57:00,580,580,580,580,0
2022-06-22 09:58:00,580,580,580,580,1100
2022-06-22 09:59:00,580,580,580,580,0
2022-06-22 10:00:00,580,580,580,580,0
2022-06-22 10:01:00,580,580,580,580,0
2022-06-22 10:02:00,580,580,580,580,0
2022-06-22 10:03:00,580,580,580,580,0
2022-06-22 10:04:00,580,580,580,580,0
2022-06-22 10:05:00,580,580,580,580,0
2022-06-22 10:06:00,580,580,580,580,0
2022-06-22 10:07:00,580,580,580,580,0
2022-06-22 10:08:00,580,580,580,580,0
2022-06-22 10:09:00,575,575,580,580,800
2022-06-22 10:10:00,580,580,580,580,200
2022-06-22 10:11:00,580,580,580,580,0
2022-06-22 10:12:00,580,580,580,580,0
2022-06-22 10:13:00,580,580,580,580,0
2022-06-22 10:14:00,580,580,580,580,0
2022-06-22 10:15:00,580,580,580,580,0
2022-06-22 10:16:00,580,580,580,580,0
2022-06-22 10:17:00,580,580,580,580,0
2022-06-22 10:18:00,580,580,580,580,0
2022-06-22 10:19:00,580,580,580,580,0
2022-06-22 10:20:00,580,580,580,580,0
2022-06-22 10:21:00,580,580,580,580,0
2022-06-22 10:22:00,580,580,580,580,0
2022-06-22 10:23:00,580,580,580,580,0
2022-06-22 10:24:00,580,580,580,580,0
2022-06-22 10:25:00,580,580,580,580,0
2022-06-22 10:26:00,580,580,580,580,0
2022-06-22 10:27:00,580,580,580,580,0
2022-06-22 10:28:00,580,580,580,580,0
2022-06-22 10:29:00,580,580,580,580,0
2022-06-22 10:30:00,580,580,580,580,0
2022-06-22 10:31:00,580,580,580,580,0
2022-06-22 10:32:00,580,580,580,580,0
2022-06-22 10:33:00,580,580,580,580,200
2022-06-22 10:34:00,580,580,580,580,0
2022-06-22 10:35:00,580,580,580,580,0
2022-06-22 10:36:00,580,580,580,580,0
2022-06-22 10:37:00,580,580,580,580,0
2022-06-22 10:38:00,580,580,580,580,0
2022-06-22 10:39:00,580,580,580,580,0
2022-06-22 10:40:00,580,580,580,580,0
2022-06-22 10:41:00,580,580,580,580,0
2022-06-22 10:42:00,580,580,580,580,0
2022-06-22 10:43:00,580,580,580,580,0
2022-06-22 10:44:00,580,580,580,580,0
2022-06-22 10:45:00,580,580,580,580,0
2022-06-22 10:46:00,580,580,580,580,0
2022-06-22 10:47:00,580,580,580,580,0
2022-06-22 10:48:00,580,580,580,580,0
2022-06-22 10:49:00,580,580,580,580,0
2022-06-22 10:50:00,580,580,580,580,0
2022-06-22 10:51:00,580,580,580,580,0
2022-06-22 10:52:00,580,580,580,580,0
2022-06-22 10:53:00,580,580,580,580,0
2022-06-22 10:54:00,580,580,580,580,0
2022-06-22 10:55:00,580,580,580,580,0
2022-06-22 10:56:00,580,580,580,580,0
2022-06-22 10:57:00,580,580,580,580,0
2022-06-22 10:58:00,580,580,580,580,0
2022-06-22 10:59:00,580,580,580,580,0
2022-06-22 11:00:00,580,580,580,580,0
2022-06-22 11:01:00,580,580,580,580,0
2022-06-22 11:02:00,580,580,580,580,0
2022-06-22 11:03:00,580,580,580,580,0
2022-06-22 11:04:00,580,580,580,580,0
2022-06-22 11:05:00,580,580,580,580,0
2022-06-22 11:06:00,580,580,580,580,0
2022-06-22 11:07:00,580,580,580,580,0
2022-06-22 11:08:00,580,580,580,580,0
2022-06-22 11:09:00,580,580,580,580,0
2022-06-22 11:10:00,580,580,580,580,0
2022-06-22 11:11:00,580,580,580,580,0
2022-06-22 11:12:00,580,580,580,580,0
2022-06-22 11:13:00,580,580,580,580,0
2022-06-22 11:14:00,580,580,580,580,0
2022-06-22 11:15:00,580,580,580,580,0
2022-06-22 11:16:00,580,580,580,580,0
2022-06-22 11:17:00,580,580,580,580,0
2022-06-22 11:18:00,580,580,580,580,0
2022-06-22 11:19:00,580,580,580,580,0
2022-06-22 11:20:00,580,580,580,580,0
2022-06-22 11:21:00,580,580,580,580,0
2022-06-22 11:22:00,580,580,580,580,0
2022-06-22 11:23:00,580,580,580,580,0
2022-06-22 11:24:00,580,580,580,580,0
2022-06-22 11:25:00,580,580,580,580,0
2022-06-22 11:26:00,580,580,580,580,0
2022-06-22 11:27:00,580,580,580,580,0
2022-06-22 11:28:00,580,580,580,580,0
2022-06-22 11:29:00,580,580,580,580,0
2022-06-22 11:30:00,580,580,580,580,0
2022-06-22 11:31:00,580,580,580,580,0
2022-06-22 11:32:00,580,580,580,580,0
2022-06-22 11:33:00,580,580,580,580,0
2022-06-22 11:34:00,580,580,580,580,0
2022-06-22 11:35:00,580,580,580,580,0
2022-06-22 11:36:00,580,580,580,580,0
2022-06-22 11:37:00,580,580,580,580,0
2022-06-22 11:38:00,580,580,580,580,0
2022-06-22 11:39:00,580,580,580,580,0
2022-06-22 11:40:00,580,580,580,580,0
2022-06-22 11:41:00,580,580,580,580,0
2022-06-22 11:42:00,580,580,580,580,0
2022-06-22 11:43:00,580,580,580,580,0
2022-06-22 11:44:00,580,580,580,580,0
2022-06-22 11:45:00,580,580,580,580,0
2022-06-22 11:46:00,580,580,580,580,0
2022-06-22 11:47:00,580,580,580,580,0
2022-06-22 11:48:00,580,580,580,580,0
2022-06-22 11:49:00,580,580,580,580,0
2022-06-22 11:50:00,580,580,580,580,0
2022-06-22 11:51:00,580,580,580,580,0
2022-06-22 11:52:00,580,580,580,580,0
2022-06-22 11:53:00,580,580,580,580,0
2022-06-22 11:54:00,580,580,580,580,0
2022-06-22 11:55:00,580,580,580,580,0
2022-06-22 11:56:00,580,580,580,580,0
2022-06-22 11:57:00,580,580,580,580,0
2022-06-22 11:58:00,580,580,580,580,0
2022-06-22 11:59:00,580,580,580,580,0
2022-06-22 12:00:00,580,580,580,580,0
2022-06-22 12:01:00,580,580,580,580,0
2022-06-22 12:02:00,580,580,580,580,0
2022-06-22 12:03:00,580,580,580,580,0
2022-06-22 12:04:00,580,580,580,580,0
2022-06-22 12:05:00,580,580,580,580,0
2022-06-22 12:06:00,580,580,580,580,0
2022-06-22 12:07:00,580,580,580,580,0
2022-06-22 12:08:00,580,580,580,580,0
2022-06-22 12:09:00,580,580,580,580,0
2022-06-22 12:10:00,580,580,580,580,0
2022-06-22 12:11:00,580,580,580,580,0
2022-06-22 12:12:00,580,580,580,580,0
2022-06-22 12:13:00,580,580,580,580,0
2022-06-22 12:14:00,580,580,580,580,0
2022-06-22 12:15:00,580,580,580,580,0
2022-06-22 12:16:00,580,580,580,580,0
2022-06-22 12:17:00,580,580,580,580,0
2022-06-22 12:18:00,580,580,580,580,0
2022-06-22 12:19:00,580,580,580,580,0
2022-06-22 12:20:00,580,580,580,580,0
2022-06-22 12:21:00,580,580,580,580,0
2022-06-22 12:22:00,580,580,580,580,0
2022-06-22 12:23:00,580,580,580,580,0
2022-06-22 12:24:00,580,580,580,580,0
2022-06-22 12:25:00,580,580,580,580,0
2022-06-22 12:26:00,580,580,580,580,0
2022-06-22 12:27:00,580,580,580,580,0
2022-06-22 12:28:00,580,580,580,580,0
2022-06-22 12:29:00,580,580,580,580,0
2022-06-22 12:30:00,580,580,580,580,0
2022-06-22 12:31:00,580,580,580,580,0
2022-06-22 12:32:00,580,580,580,580,0
2022-06-22 12:33:00,580,580,580,580,0
2022-06-22 12:34:00,580,580,580,580,0
2022-06-22 12:35:00,580,580,580,580,0
2022-06-22 12:36:00,580,580,580,580,0
2022-06-22 12:37:00,580,580,580,580,0
2022-06-22 12:38:00,580,580,580,580,0
2022-06-22 12:39:00,580,580,580,580,0
2022-06-22 12:40:00,580,580,580,580,0
2022-06-22 12:41:00,580,580,580,580,0
2022-06-22 12:42:00,580,580,580,580,0
2022-06-22 12:43:00,580,580,580,580,0
2022-06-22 12:44:00,580,580,580,580,0
2022-06-22 12:45:00,580,580,580,580,0
2022-06-22 12:46:00,580,580,580,580,0
2022-06-22 12:47:00,580,580,580,580,0
2022-06-22 12:48:00,580,580,580,580,0
2022-06-22 12:49:00,580,580,580,580,0
2022-06-22 12:50:00,580,580,580,580,0
2022-06-22 12:51:00,580,580,580,580,0
2022-06-22 12:52:00,580,580,580,580,0
2022-06-22 12:53:00,580,580,580,580,0
2022-06-22 12:54:00,580,580,580,580,0
2022-06-22 12:55:00,580,580,580,580,0
2022-06-22 12:56:00,580,580,580,580,0
2022-06-22 12:57:00,580,580,580,580,0
2022-06-22 12:58:00,580,580,580,580,0
2022-06-22 12:59:00,580,580,580,580,0
2022-06-22 13:00:00,580,580,580,580,0
2022-06-22 13:01:00,580,580,580,580,0
2022-06-22 13:02:00,580,580,580,580,0
2022-06-22 13:03:00,580,580,580,580,0
2022-06-22 13:04:00,580,580,580,580,0
2022-06-22 13:05:00,580,580,580,580,0
2022-06-22 13:06:00,580,580,580,580,0
2022-06-22 13:07:00,580,580,580,580,0
2022-06-22 13:08:00,580,580,580,580,0
2022-06-22 13:09:00,580,580,580,580,0
2022-06-22 13:10:00,580,580,580,580,0
2022-06-22 13:11:00,580,580,580,580,0
2022-06-22 13:12:00,580,580,580,580,0
2022-06-22 13:13:00,580,580,580,580,0
2022-06-22 13:14:00,580,580,580,580,0
2022-06-22 13:15:00,580,580,580,580,0
2022-06-22 13:16:00,580,580,580,580,0
2022-06-22 13:17:00,580,580,580,580,0
2022-06-22 13:18:00,580,580,580,580,0
2022-06-22 13:19:00,580,580,580,580,0
2022-06-22 13:20:00,580,580,580,580,0
2022-06-22 13:21:00,580,580,580,580,0
2022-06-22 13:22:00,580,580,580,580,0
2022-06-22 13:23:00,580,580,580,580,0
2022-06-22 13:24:00,580,580,580,580,0
2022-06-22 13:25:00,580,580,580,580,0
2022-06-22 13:26:00,580,580,580,580,0
2022-06-22 13:27:00,580,580,580,580,0
2022-06-22 13:28:00,580,580,580,580,0
2022-06-22 13:29:00,580,580,580,580,0
2022-06-22 13:30:00,580,580,580,580,200
2022-06-22 13:31:00,580,580,580,580,0
2022-06-22 13:32:00,580,580,580,580,0
2022-06-22 13:33:00,580,580,580,580,0
2022-06-22 13:34:00,580,580,580,580,0
2022-06-22 13:35:00,580,580,580,580,0
2022-06-22 13:36:00,580,580,580,580,0
2022-06-22 13:37:00,580,580,580,580,0
2022-06-22 13:38:00,580,580,580,580,0
2022-06-22 13:39:00,580,580,580,580,0
2022-06-22 13:40:00,580,580,580,580,0
2022-06-22 13:41:00,580,580,580,580,0
2022-06-22 13:42:00,580,580,580,580,0
2022-06-22 13:43:00,580,580,580,580,0
2022-06-22 13:44:00,580,580,580,580,0
2022-06-22 13:45:00,580,580,580,580,0
2022-06-22 13:46:00,580,580,580,580,0
2022-06-22 13:47:00,580,580,580,580,0
2022-06-22 13:48:00,580,580,580,580,0
2022-06-22 13:49:00,580,570,580,570,48100
2022-06-22 13:50:00,580,570,580,570,0
2022-06-22 13:51:00,570,570,575,575,20000
2022-06-22 13:52:00,570,570,575,575,0
2022-06-22 13:53:00,570,570,575,575,0
2022-06-22 13:54:00,570,570,575,575,0
2022-06-22 13:55:00,575,575,575,575,2500
2022-06-22 13:56:00,575,575,575,575,500
2022-06-22 13:57:00,575,575,575,575,0
2022-06-22 13:58:00,575,575,575,575,0
2022-06-22 13:59:00,570,570,570,570,600
2022-06-22 14:00:00,570,570,570,570,500
2022-06-22 14:01:00,575,575,580,580,30300
2022-06-22 14:02:00,575,575,580,580,0
2022-06-22 14:03:00,575,575,580,580,0
2022-06-22 14:04:00,575,575,575,575,500
2022-06-22 14:05:00,575,575,580,580,700
2022-06-22 14:06:00,575,575,580,580,0
2022-06-22 14:07:00,575,575,580,580,0
2022-06-22 14:08:00,575,575,580,580,1200
2022-06-22 14:09:00,575,575,580,580,0
2022-06-22 14:10:00,575,575,580,580,0
2022-06-22 14:11:00,575,575,575,575,500
2022-06-22 14:12:00,575,575,580,580,700
2022-06-22 14:13:00,575,575,580,580,0
2022-06-22 14:14:00,575,575,575,575,200
2022-06-22 14:15:00,575,575,575,575,0
2022-06-22 14:16:00,575,575,575,575,0
2022-06-22 14:17:00,575,575,575,575,10000
2022-06-22 14:18:00,575,575,575,575,900
2022-06-22 14:19:00,575,575,575,575,0
2022-06-22 14:20:00,575,575,575,575,0
2022-06-22 14:21:00,575,575,575,575,0
2022-06-22 14:22:00,575,575,575,575,0
2022-06-22 14:23:00,575,575,575,575,0
2022-06-22 14:24:00,575,575,575,575,0
2022-06-22 14:25:00,575,575,575,575,0
2022-06-22 14:26:00,575,575,575,575,0
2022-06-22 14:27:00,570,570,570,570,5000
2022-06-22 14:28:00,575,575,575,575,1000
2022-06-22 14:29:00,575,575,575,575,0
2022-06-22 14:30:00,575,575,575,575,0
2022-06-22 14:31:00,575,575,575,575,0
2022-06-22 14:32:00,575,575,575,575,0
2022-06-22 14:33:00,575,575,575,575,0
2022-06-22 14:34:00,575,575,575,575,0
2022-06-22 14:35:00,575,575,575,575,0
2022-06-22 14:36:00,575,575,575,575,0
2022-06-22 14:37:00,575,575,575,575,0
2022-06-22 14:38:00,575,575,575,575,0
2022-06-22 14:39:00,575,575,575,575,0
2022-06-22 14:40:00,575,575,575,575,0
2022-06-22 14:41:00,575,575,575,575,1000
2022-06-22 14:42:00,575,575,575,575,1000
2022-06-22 14:43:00,575,575,575,575,0
2022-06-22 14:44:00,575,575,575,575,0
2022-06-22 14:45:00,575,575,575,575,0
2022-06-22 14:46:00,575,575,575,575,0
2022-06-22 14:47:00,575,575,575,575,0
2022-06-22 14:48:00,575,575,575,575,0
2022-06-22 14:49:00,575,575,580,580,7000
2022-06-22 14:50:00,575,575,580,580,0
2022-06-22 14:51:00,575,575,580,580,0
2022-06-22 14:52:00,575,575,580,580,0
2022-06-22 14:53:00,575,575,580,580,0
2022-06-22 14:54:00,575,575,580,580,0
2022-06-22 14:55:00,575,575,580,580,0
2022-06-22 14:56:00,575,575,580,580,0
2022-06-22 14:57:00,575,575,580,580,0
2022-06-22 14:58:00,575,575,580,580,0
2022-06-22 14:59:00,575,575,580,580,0
2022-06-22 15:00:00,580,580,580,580,100200
2022-06-22 15:01:00,580,580,580,580,0
2022-06-22 15:02:00,580,580,580,580,0
2022-06-22 15:03:00,580,580,580,580,0
2022-06-22 15:04:00,580,580,580,580,0
2022-06-22 15:05:00,580,580,580,580,0
2022-06-22 15:06:00,580,580,580,580,0
2022-06-22 15:07:00,580,580,580,580,0
2022-06-22 15:08:00,580,580,580,580,0
2022-06-22 15:09:00,580,580,580,580,0
2022-06-22 15:10:00,580,580,580,580,0
2022-06-22 15:11:00,580,580,580,580,0
2022-06-22 15:12:00,580,580,580,580,0
2022-06-22 15:13:00,580,580,580,580,0
2022-06-22 15:14:00,580,580,580,580,0
2022-06-22 15:15:00,580,580,580,580,0
2022-06-22 15:16:00,580,580,580,580,0
2022-06-22 15:17:00,580,580,580,580,0
2022-06-22 15:18:00,580,580,580,580,0
2022-06-22 15:19:00,580,580,580,580,0
2022-06-22 15:20:00,580,580,580,580,0
2022-06-22 15:21:00,580,580,580,580,0
2022-06-22 15:22:00,580,580,580,580,0
2022-06-22 15:23:00,580,580,580,580,0
2022-06-22 15:24:00,580,580,580,580,0
2022-06-22 15:25:00,580,580,580,580,0
2022-06-22 15:26:00,580,580,580,580,0
2022-06-22 15:27:00,580,580,580,580,0
2022-06-22 15:28:00,580,580,580,580,0
2022-06-22 15:29:00,580,580,580,580,0
2022-06-22 15:30:00,580,580,580,580,0
2022-06-22 15:31:00,580,580,580,580,0
2022-06-22 15:32:00,580,580,580,580,0
2022-06-22 15:33:00,580,580,580,580,0
2022-06-22 15:34:00,580,580,580,580,0
2022-06-22 15:35:00,580,580,580,580,0
2022-06-22 15:36:00,580,580,580,580,0
2022-06-22 15:37:00,580,580,580,580,0
2022-06-22 15:38:00,580,580,580,580,0
2022-06-22 15:39:00,580,580,580,580,0
2022-06-22 15:40:00,580,580,580,580,0
2022-06-22 15:41:00,580,580,580,580,0
2022-06-22 15:42:00,580,580,580,580,0
2022-06-22 15:43:00,580,580,580,580,0
2022-06-22 15:44:00,580,580,580,580,0
2022-06-22 15:45:00,580,580,580,580,0
2022-06-22 15:46:00,580,580,580,580,0
2022-06-22 15:47:00,580,580,580,580,0
2022-06-22 15:48:00,580,580,580,580,0
2022-06-22 15:49:00,580,580,580,580,0
2022-06-22 15:50:00,580,580,580,580,0
2022-06-22 15:51:00,580,580,580,580,0
2022-06-22 15:52:00,580,580,580,580,0
2022-06-22 15:53:00,580,580,580,580,0
2022-06-22 15:54:00,580,580,580,580,0
2022-06-22 15:55:00,580,580,580,580,0
2022-06-22 15:56:00,580,580,580,580,0
2022-06-22 15:57:00,580,580,580,580,0
2022-06-22 15:58:00,580,580,580,580,0
2022-06-22 15:59:00,580,580,580,580,0
2022-06-23 09:00:00,575,575,575,575,0
2022-06-23 09:01:00,575,575,575,575,0
2022-06-23 09:02:00,575,575,575,575,0
2022-06-23 09:03:00,575,575,575,575,0
2022-06-23 09:04:00,575,575,575,575,0
2022-06-23 09:05:00,575,575,575,575,0
2022-06-23 09:06:00,575,575,575,575,0
2022-06-23 09:07:00,575,575,575,575,0
2022-06-23 09:08:00,575,575,575,575,0
2022-06-23 09:09:00,575,575,575,575,0
2022-06-23 09:10:00,575,575,575,575,0
2022-06-23 09:11:00,575,575,575,575,0
2022-06-23 09:12:00,575,575,575,575,0
2022-06-23 09:13:00,575,575,575,575,0
2022-06-23 09:14:00,575,575,575,575,0
2022-06-23 09:15:00,575,575,575,575,0
2022-06-23 09:16:00,575,575,575,575,0
2022-06-23 09:17:00,575,575,575,575,0
2022-06-23 09:18:00,575,575,575,575,0
2022-06-23 09:19:00,575,575,575,575,0
2022-06-23 09:20:00,575,575,575,575,0
2022-06-23 09:21:00,575,575,575,575,0
2022-06-23 09:22:00,575,575,575,575,0
2022-06-23 09:23:00,575,575,575,575,0
2022-06-23 09:24:00,575,575,575,575,0
2022-06-23 09:25:00,575,575,575,575,0
2022-06-23 09:26:00,575,575,575,575,0
2022-06-23 09:27:00,575,575,575,575,0
2022-06-23 09:28:00,575,575,575,575,0
2022-06-23 09:29:00,575,575,575,575,0
2022-06-23 09:30:00,575,575,575,575,0
2022-06-23 09:31:00,575,575,575,575,0
2022-06-23 09:32:00,575,575,575,575,0
2022-06-23 09:33:00,575,575,575,575,0
2022-06-23 09:34:00,570,570,570,570,7900
2022-06-23 09:35:00,570,570,570,570,35000
2022-06-23 09:36:00,570,570,570,570,1000
2022-06-23 09:37:00,570,570,570,570,0
2022-06-23 09:38:00,570,570,570,570,0
2022-06-23 09:39:00,570,570,570,570,0
2022-06-23 09:40:00,570,570,575,575,30000
2022-06-23 09:41:00,570,570,575,575,0
2022-06-23 09:42:00,575,575,575,575,200
2022-06-23 09:43:00,575,575,575,575,0
2022-06-23 09:44:00,575,575,575,575,0
2022-06-23 09:45:00,575,575,575,575,0
2022-06-23 09:46:00,575,575,575,575,0
2022-06-23 09:47:00,575,575,575,575,0
2022-06-23 09:48:00,575,575,575,575,100
2022-06-23 09:49:00,575,575,575,575,0
2022-06-23 09:50:00,575,575,575,575,0
2022-06-23 09:51:00,575,575,575,575,0
2022-06-23 09:52:00,575,575,575,575,0
2022-06-23 09:53:00,575,575,575,575,0
2022-06-23 09:54:00,575,575,575,575,0
2022-06-23 09:55:00,575,575,575,575,0
2022-06-23 09:56:00,575,575,575,575,0
2022-06-23 09:57:00,575,575,575,575,0
2022-06-23 09:58:00,575,575,575,575,0
2022-06-23 09:59:00,575,575,575,575,0
2022-06-23 10:00:00,575,575,575,575,0
2022-06-23 10:01:00,575,575,575,575,0
2022-06-23 10:02:00,575,575,575,575,0
2022-06-23 10:03:00,575,575,575,575,0
2022-06-23 10:04:00,575,575,575,575,0
2022-06-23 10:05:00,575,575,575,575,0
2022-06-23 10:06:00,575,575,575,575,0
2022-06-23 10:07:00,575,575,575,575,0
2022-06-23 10:08:00,575,575,575,575,0
2022-06-23 10:09:00,575,575,575,575,0
2022-06-23 10:10:00,575,575,575,575,0
2022-06-23 10:11:00,575,575,575,575,0
2022-06-23 10:12:00,575,575,575,575,0
2022-06-23 10:13:00,575,575,575,575,0
2022-06-23 10:14:00,575,575,575,575,0
2022-06-23 10:15:00,575,575,575,575,700
2022-06-23 10:16:00,575,575,575,575,0
2022-06-23 10:17:00,575,575,575,575,0
2022-06-23 10:18:00,575,575,575,575,0
2022-06-23 10:19:00,575,575,575,575,0
2022-06-23 10:20:00,575,575,575,575,0
2022-06-23 10:21:00,575,575,575,575,0
2022-06-23 10:22:00,575,575,575,575,0
2022-06-23 10:23:00,575,575,575,575,0
2022-06-23 10:24:00,575,575,575,575,0
2022-06-23 10:25:00,575,575,575,575,0
2022-06-23 10:26:00,575,575,575,575,0
2022-06-23 10:27:00,575,575,575,575,0
2022-06-23 10:28:00,575,575,575,575,0
2022-06-23 10:29:00,575,575,575,575,0
2022-06-23 10:30:00,575,575,575,575,0
2022-06-23 10:31:00,575,575,575,575,0
2022-06-23 10:32:00,575,575,575,575,0
2022-06-23 10:33:00,575,575,575,575,0
2022-06-23 10:34:00,575,575,575,575,0
2022-06-23 10:35:00,575,575,575,575,0
2022-06-23 10:36:00,575,575,575,575,0
2022-06-23 10:37:00,575,575,575,575,0
2022-06-23 10:38:00,575,575,575,575,0
2022-06-23 10:39:00,575,575,575,575,0
2022-06-23 10:40:00,575,575,575,575,0
2022-06-23 10:41:00,575,575,575,575,0
2022-06-23 10:42:00,575,575,575,575,0
2022-06-23 10:43:00,575,575,575,575,0
2022-06-23 10:44:00,575,575,575,575,0
2022-06-23 10:45:00,575,575,575,575,0
2022-06-23 10:46:00,575,575,575,575,0
2022-06-23 10:47:00,575,575,575,575,300
2022-06-23 10:48:00,570,565,575,575,25300
2022-06-23 10:49:00,570,565,575,575,0
2022-06-23 10:50:00,570,565,575,575,0
2022-06-23 10:51:00,570,565,575,575,0
2022-06-23 10:52:00,570,565,575,575,0
2022-06-23 10:53:00,570,565,575,575,0
2022-06-23 10:54:00,570,565,575,575,0
2022-06-23 10:55:00,570,565,575,575,0
2022-06-23 10:56:00,570,565,575,575,0
2022-06-23 10:57:00,570,565,575,575,0
2022-06-23 10:58:00,570,565,575,575,0
2022-06-23 10:59:00,570,565,575,575,0
2022-06-23 11:00:00,570,565,575,575,0
2022-06-23 11:01:00,570,565,575,575,0
2022-06-23 11:02:00,570,565,575,575,0
2022-06-23 11:03:00,570,565,575,575,0
2022-06-23 11:04:00,570,565,575,575,0
2022-06-23 11:05:00,570,565,575,575,0
2022-06-23 11:06:00,570,565,575,575,0
2022-06-23 11:07:00,570,565,575,575,0
2022-06-23 11:08:00,570,565,575,575,0
2022-06-23 11:09:00,570,565,575,575,0
2022-06-23 11:10:00,570,565,575,575,0
2022-06-23 11:11:00,570,565,575,575,0
2022-06-23 11:12:00,570,565,575,575,0
2022-06-23 11:13:00,570,565,575,575,0
2022-06-23 11:14:00,570,565,575,575,0
2022-06-23 11:15:00,570,565,575,575,0
2022-06-23 11:16:00,570,565,575,575,0
2022-06-23 11:17:00,570,565,575,575,0
2022-06-23 11:18:00,570,565,575,575,0
2022-06-23 11:19:00,570,565,575,575,0
2022-06-23 11:20:00,570,565,575,575,0
2022-06-23 11:21:00,570,565,575,575,0
2022-06-23 11:22:00,570,565,575,575,0
2022-06-23 11:23:00,570,565,575,575,0
2022-06-23 11:24:00,570,565,575,575,0
2022-06-23 11:25:00,570,565,575,575,0
2022-06-23 11:26:00,570,565,575,575,0
2022-06-23 11:27:00,570,565,575,575,0
2022-06-23 11:28:00,570,565,575,575,0
2022-06-23 11:29:00,575,575,575,575,300
2022-06-23 11:30:00,575,575,575,575,0
2022-06-23 11:31:00,575,575,575,575,0
2022-06-23 11:32:00,575,575,575,575,0
2022-06-23 11:33:00,575,575,575,575,0
2022-06-23 11:34:00,575,575,575,575,0
2022-06-23 11:35:00,575,575,575,575,0
2022-06-23 11:36:00,575,575,575,575,0
2022-06-23 11:37:00,575,575,575,575,0
2022-06-23 11:38:00,575,575,575,575,0
2022-06-23 11:39:00,575,575,575,575,0
2022-06-23 11:40:00,575,575,575,575,0
2022-06-23 11:41:00,575,575,575,575,0
2022-06-23 11:42:00,575,575,575,575,0
2022-06-23 11:43:00,575,575,575,575,0
2022-06-23 11:44:00,575,575,575,575,0
2022-06-23 11:45:00,575,575,575,575,0
2022-06-23 11:46:00,575,575,575,575,0
2022-06-23 11:47:00,575,575,575,575,0
2022-06-23 11:48:00,575,575,575,575,0
2022-06-23 11:49:00,575,575,575,575,0
2022-06-23 11:50:00,575,575,575,575,0
2022-06-23 11:51:00,575,575,575,575,0
2022-06-23 11:52:00,575,575,575,575,0
2022-06-23 11:53:00,575,575,575,575,0
2022-06-23 11:54:00,575,575,575,575,0
2022-06-23 11:55:00,575,575,575,575,0
2022-06-23 11:56:00,575,575,575,575,0
2022-06-23 11:57:00,575,575,575,575,0
2022-06-23 11:58:00,575,575,575,575,0
2022-06-23 11:59:00,575,575,575,575,0
2022-06-23 12:00:00,575,575,575,575,0
2022-06-23 12:01:00,575,575,575,575,0
2022-06-23 12:02:00,575,575,575,575,0
2022-06-23 12:03:00,575,575,575,575,0
2022-06-23 12:04:00,575,575,575,575,0
2022-06-23 12:05:00,575,575,575,575,0
2022-06-23 12:06:00,575,575,575,575,0
2022-06-23 12:07:00,575,575,575,575,0
2022-06-23 12:08:00,575,575,575,575,0
2022-06-23 12:09:00,575,575,575,575,0
2022-06-23 12:10:00,575,575,575,575,0
2022-06-23 12:11:00,575,575,575,575,0
2022-06-23 12:12:00,575,575,575,575,0
2022-06-23 12:13:00,575,575,575,575,0
2022-06-23 12:14:00,575,575,575,575,0
2022-06-23 12:15:00,575,575,575,575,0
2022-06-23 12:16:00,575,575,575,575,0
2022-06-23 12:17:00,575,575,575,575,0
2022-06-23 12:18:00,575,575,575,575,0
2022-06-23 12:19:00,575,575,575,575,0
2022-06-23 12:20:00,575,575,575,575,0
2022-06-23 12:21:00,575,575,575,575,0
2022-06-23 12:22:00,575,575,575,575,0
2022-06-23 12:23:00,575,575,575,575,0
2022-06-23 12:24:00,575,575,575,575,0
2022-06-23 12:25:00,575,575,575,575,0
2022-06-23 12:26:00,575,575,575,575,0
2022-06-23 12:27:00,575,575,575,575,0
2022-06-23 12:28:00,575,575,575,575,0
2022-06-23 12:29:00,575,575,575,575,0
2022-06-23 12:30:00,575,575,575,575,0
2022-06-23 12:31:00,575,575,575,575,0
2022-06-23 12:32:00,575,575,575,575,0
2022-06-23 12:33:00,575,575,575,575,0
2022-06-23 12:34:00,575,575,575,575,0
2022-06-23 12:35:00,575,575,575,575,0
2022-06-23 12:36:00,575,575,575,575,0
2022-06-23 12:37:00,575,575,575,575,0
2022-06-23 12:38:00,575,575,575,575,0
2022-06-23 12:39:00,575,575,575,575,0
2022-06-23 12:40:00,575,575,575,575,0
2022-06-23 12:41:00,575,575,575,575,0
2022-06-23 12:42:00,575,575,575,575,0
2022-06-23 12:43:00,575,575,575,575,0
2022-06-23 12:44:00,575,575,575,575,0
2022-06-23 12:45:00,575,575,575,575,0
2022-06-23 12:46:00,575,575,575,575,0
2022-06-23 12:47:00,575,575,575,575,0
2022-06-23 12:48:00,575,575,575,575,0
2022-06-23 12:49:00,575,575,575,575,0
2022-06-23 12:50:00,575,575,575,575,0
2022-06-23 12:51:00,575,575,575,575,0
2022-06-23 12:52:00,575,575,575,575,0
2022-06-23 12:53:00,575,575,575,575,0
2022-06-23 12:54:00,575,575,575,575,0
2022-06-23 12:55:00,575,575,575,575,0
2022-06-23 12:56:00,575,575,575,575,0
2022-06-23 12:57:00,575,575,575,575,0
2022-06-23 12:58:00,575,575,575,575,0
2022-06-23 12:59:00,575,575,575,575,0
2022-06-23 13:00:00,575,575,575,575,0
2022-06-23 13:01:00,575,575,575,575,0
2022-06-23 13:02:00,575,575,575,575,0
2022-06-23 13:03:00,575,575,575,575,0
2022-06-23 13:04:00,575,575,575,575,0
2022-06-23 13:05:00,575,575,575,575,0
2022-06-23 13:06:00,575,575,575,575,0
2022-06-23 13:07:00,575,575,575,575,0
2022-06-23 13:08:00,575,575,575,575,0
2022-06-23 13:09:00,575,575,575,575,0
2022-06-23 13:10:00,575,575,575,575,0
2022-06-23 13:11:00,575,575,575,575,0
2022-06-23 13:12:00,575,575,575,575,0
2022-06-23 13:13:00,575,575,575,575,0
2022-06-23 13:14:00,575,575,575,575,0
2022-06-23 13:15:00,575,575,575,575,0
2022-06-23 13:16:00,575,575,575,575,0
2022-06-23 13:17:00,575,575,575,575,0
2022-06-23 13:18:00,575,575,575,575,0
2022-06-23 13:19:00,575,575,575,575,0
2022-06-23 13:20:00,575,575,575,575,0
2022-06-23 13:21:00,575,575,575,575,0
2022-06-23 13:22:00,575,575,575,575,0
2022-06-23 13:23:00,575,575,575,575,0
2022-06-23 13:24:00,575,575,575,575,0
2022-06-23 13:25:00,575,575,575,575,0
2022-06-23 13:26:00,575,575,575,575,0
2022-06-23 13:27:00,575,575,575,575,0
2022-06-23 13:28:00,575,575,575,575,0
2022-06-23 13:29:00,575,575,575,575,0
2022-06-23 13:30:00,570,570,570,570,600
2022-06-23 13:31:00,570,570,570,570,0
2022-06-23 13:32:00,570,570,570,570,0
2022-06-23 13:33:00,570,570,570,570,0
2022-06-23 13:34:00,570,570,570,570,0
2022-06-23 13:35:00,570,570,570,570,0
2022-06-23 13:36:00,570,570,570,570,0
2022-06-23 13:37:00,570,570,570,570,500
2022-06-23 13:38:00,570,570,575,575,19200
2022-06-23 13:39:00,570,570,575,575,0
2022-06-23 13:40:00,570,570,575,575,0
2022-06-23 13:41:00,575,575,575,575,300
2022-06-23 13:42:00,575,575,575,575,0
2022-06-23 13:43:00,575,575,575,575,0
2022-06-23 13:44:00,575,575,575,575,0
2022-06-23 13:45:00,575,575,575,575,0
2022-06-23 13:46:00,575,575,575,575,100
2022-06-23 13:47:00,575,575,575,575,0
2022-06-23 13:48:00,575,575,575,575,0
2022-06-23 13:49:00,575,575,575,575,0
2022-06-23 13:50:00,575,575,575,575,0
2022-06-23 13:51:00,575,575,575,575,0
2022-06-23 13:52:00,575,575,575,575,0
2022-06-23 13:53:00,575,575,575,575,0
2022-06-23 13:54:00,575,575,575,575,0
2022-06-23 13:55:00,575,575,575,575,0
2022-06-23 13:56:00,575,575,575,575,0
2022-06-23 13:57:00,575,575,575,575,0
2022-06-23 13:58:00,575,575,575,575,0
2022-06-23 13:59:00,575,575,575,575,0
2022-06-23 14:00:00,575,575,575,575,0
2022-06-23 14:01:00,575,575,575,575,0
2022-06-23 14:02:00,575,575,575,575,0
2022-06-23 14:03:00,575,575,575,575,0
2022-06-23 14:04:00,575,575,575,575,0
2022-06-23 14:05:00,575,575,575,575,0
2022-06-23 14:06:00,575,575,575,575,0
2022-06-23 14:07:00,575,575,575,575,0
2022-06-23 14:08:00,575,575,575,575,0
2022-06-23 14:09:00,575,575,575,575,0
2022-06-23 14:10:00,575,575,575,575,0
2022-06-23 14:11:00,575,575,575,575,0
2022-06-23 14:12:00,575,575,575,575,0
2022-06-23 14:13:00,575,575,575,575,0
2022-06-23 14:14:00,575,575,575,575,0
2022-06-23 14:15:00,575,575,575,575,0
2022-06-23 14:16:00,575,575,575,575,0
2022-06-23 14:17:00,575,575,575,575,0
2022-06-23 14:18:00,575,575,575,575,0
2022-06-23 14:19:00,575,575,575,575,0
2022-06-23 14:20:00,575,575,575,575,0
2022-06-23 14:21:00,575,575,575,575,0
2022-06-23 14:22:00,575,575,575,575,0
2022-06-23 14:23:00,575,575,575,575,0
2022-06-23 14:24:00,575,575,575,575,0
2022-06-23 14:25:00,575,575,575,575,200
2022-06-23 14:26:00,575,575,575,575,0
2022-06-23 14:27:00,575,575,575,575,0
2022-06-23 14:28:00,575,575,575,575,0
2022-06-23 14:29:00,575,575,575,575,0
2022-06-23 14:30:00,575,575,575,575,500
2022-06-23 14:31:00,575,575,575,575,0
2022-06-23 14:32:00,575,575,575,575,0
2022-06-23 14:33:00,575,575,575,575,0
2022-06-23 14:34:00,575,575,575,575,0
2022-06-23 14:35:00,575,575,575,575,0
2022-06-23 14:36:00,575,575,575,575,0
2022-06-23 14:37:00,575,575,575,575,0
2022-06-23 14:38:00,575,575,575,575,0
2022-06-23 14:39:00,575,575,575,575,0
2022-06-23 14:40:00,575,575,575,575,0
2022-06-23 14:41:00,575,575,575,575,0
2022-06-23 14:42:00,575,575,575,575,0
2022-06-23 14:43:00,575,575,575,575,0
2022-06-23 14:44:00,575,575,575,575,0
2022-06-23 14:45:00,575,575,575,575,0
2022-06-23 14:46:00,575,575,575,575,0
2022-06-23 14:47:00,575,575,575,575,0
2022-06-23 14:48:00,575,575,575,575,300
2022-06-23 14:49:00,575,575,575,575,400
2022-06-23 14:50:00,575,575,575,575,0
2022-06-23 14:51:00,575,575,575,575,0
2022-06-23 14:52:00,575,575,575,575,0
2022-06-23 14:53:00,575,575,575,575,0
2022-06-23 14:54:00,575,575,575,575,0
2022-06-23 14:55:00,575,575,575,575,0
2022-06-23 14:56:00,575,575,575,575,0
2022-06-23 14:57:00,575,575,575,575,0
2022-06-23 14:58:00,575,575,575,575,0
2022-06-23 14:59:00,575,575,575,575,0
2022-06-23 15:00:00,575,575,575,575,250500
2022-06-23 15:01:00,575,575,575,575,0
2022-06-23 15:02:00,575,575,575,575,0
2022-06-23 15:03:00,575,575,575,575,0
2022-06-23 15:04:00,575,575,575,575,0
2022-06-23 15:05:00,575,575,575,575,0
2022-06-23 15:06:00,575,575,575,575,0
2022-06-23 15:07:00,575,575,575,575,0
2022-06-23 15:08:00,575,575,575,575,0
2022-06-23 15:09:00,575,575,575,575,0
2022-06-23 15:10:00,575,575,575,575,0
2022-06-23 15:11:00,575,575,575,575,0
2022-06-23 15:12:00,575,575,575,575,0
2022-06-23 15:13:00,575,575,575,575,0
2022-06-23 15:14:00,575,575,575,575,0
2022-06-23 15:15:00,575,575,575,575,0
2022-06-23 15:16:00,575,575,575,575,0
2022-06-23 15:17:00,575,575,575,575,0
2022-06-23 15:18:00,575,575,575,575,0
2022-06-23 15:19:00,575,575,575,575,0
2022-06-23 15:20:00,575,575,575,575,0
2022-06-23 15:21:00,575,575,575,575,0
2022-06-23 15:22:00,575,575,575,575,0
2022-06-23 15:23:00,575,575,575,575,0
2022-06-23 15:24:00,575,575,575,575,0
2022-06-23 15:25:00,575,575,575,575,0
2022-06-23 15:26:00,575,575,575,575,0
2022-06-23 15:27:00,575,575,575,575,0
2022-06-23 15:28:00,575,575,575,575,0
2022-06-23 15:29:00,575,575,575,575,0
2022-06-23 15:30:00,575,575,575,575,0
2022-06-23 15:31:00,575,575,575,575,0
2022-06-23 15:32:00,575,575,575,575,0
2022-06-23 15:33:00,575,575,575,575,0
2022-06-23 15:34:00,575,575,575,575,0
2022-06-23 15:35:00,575,575,575,575,0
2022-06-23 15:36:00,575,575,575,575,0
2022-06-23 15:37:00,575,575,575,575,0
2022-06-23 15:38:00,575,575,575,575,0
2022-06-23 15:39:00,575,575,575,575,0
2022-06-23 15:40:00,575,575,575,575,0
2022-06-23 15:41:00,575,575,575,575,0
2022-06-23 15:42:00,575,575,575,575,0
2022-06-23 15:43:00,575,575,575,575,0
2022-06-23 15:44:00,575,575,575,575,0
2022-06-23 15:45:00,575,575,575,575,0
2022-06-23 15:46:00,575,575,575,575,0
2022-06-23 15:47:00,575,575,575,575,0
2022-06-23 15:48:00,575,575,575,575,0
2022-06-23 15:49:00,575,575,575,575,0
2022-06-23 15:50:00,575,575,575,575,0
2022-06-23 15:51:00,575,575,575,575,0
2022-06-23 15:52:00,575,575,575,575,0
2022-06-23 15:53:00,575,575,575,575,0
2022-06-23 15:54:00,575,575,575,575,0
2022-06-23 15:55:00,575,575,575,575,0
2022-06-23 15:56:00,575,575,575,575,0
2022-06-23 15:57:00,575,575,575,575,0
2022-06-23 15:58:00,575,575,575,575,0
2022-06-23 15:59:00,575,575,575,575,0
2022-06-24 09:00:00,575,575,575,575,0
2022-06-24 09:01:00,575,575,575,575,0
2022-06-24 09:02:00,575,575,575,575,0
2022-06-24 09:03:00,575,575,575,575,0
2022-06-24 09:04:00,575,575,575,575,0
2022-06-24 09:05:00,575,575,575,575,0
2022-06-24 09:06:00,575,575,575,575,0
2022-06-24 09:07:00,575,575,575,575,0
2022-06-24 09:08:00,575,575,575,575,0
2022-06-24 09:09:00,575,575,580,580,0
2022-06-24 09:10:00,575,575,575,575,1500
2022-06-24 09:11:00,575,575,575,575,0
2022-06-24 09:12:00,575,575,575,575,0
2022-06-24 09:13:00,575,575,575,575,0
2022-06-24 09:14:00,575,575,580,580,3100
2022-06-24 09:15:00,575,575,580,580,0
2022-06-24 09:16:00,580,575,580,575,1200
2022-06-24 09:17:00,580,575,580,575,0
2022-06-24 09:18:00,580,575,580,575,0
2022-06-24 09:19:00,580,575,580,575,0
2022-06-24 09:20:00,580,575,580,575,0
2022-06-24 09:21:00,575,575,575,575,100
2022-06-24 09:22:00,575,575,575,575,0
2022-06-24 09:23:00,575,575,575,575,0
2022-06-24 09:24:00,575,575,575,575,0
2022-06-24 09:25:00,570,570,570,570,500
2022-06-24 09:26:00,570,570,570,570,0
2022-06-24 09:27:00,575,575,575,575,300
2022-06-24 09:28:00,575,575,575,575,0
2022-06-24 09:29:00,575,575,575,575,0
2022-06-24 09:30:00,575,575,575,575,1200
2022-06-24 09:31:00,575,575,575,575,0
2022-06-24 09:32:00,575,575,575,575,0
2022-06-24 09:33:00,575,575,575,575,200
2022-06-24 09:34:00,575,575,575,575,0
2022-06-24 09:35:00,575,575,575,575,0
2022-06-24 09:36:00,575,575,575,575,0
2022-06-24 09:37:00,575,575,575,575,0
2022-06-24 09:38:00,575,575,575,575,0
2022-06-24 09:39:00,575,575,575,575,0
2022-06-24 09:40:00,575,575,575,575,0
2022-06-24 09:41:00,575,575,575,575,0
2022-06-24 09:42:00,575,575,575,575,0
2022-06-24 09:43:00,575,575,575,575,0
2022-06-24 09:44:00,575,575,575,575,0
2022-06-24 09:45:00,575,575,575,575,0
2022-06-24 09:46:00,575,575,575,575,0
2022-06-24 09:47:00,575,575,575,575,0
2022-06-24 09:48:00,570,570,570,570,2000
2022-06-24 09:49:00,570,570,570,570,0
2022-06-24 09:50:00,570,570,570,570,0
2022-06-24 09:51:00,570,570,570,570,0
2022-06-24 09:52:00,570,570,570,570,0
2022-06-24 09:53:00,570,570,570,570,0
2022-06-24 09:54:00,570,570,570,570,0
2022-06-24 09:55:00,570,570,570,570,0
2022-06-24 09:56:00,570,570,570,570,0
2022-06-24 09:57:00,570,570,570,570,0
2022-06-24 09:58:00,570,570,570,570,0
2022-06-24 09:59:00,570,570,570,570,0
2022-06-24 10:00:00,570,570,570,570,0
2022-06-24 10:01:00,570,570,570,570,0
2022-06-24 10:02:00,570,570,570,570,0
2022-06-24 10:03:00,575,575,575,575,300
2022-06-24 10:04:00,570,570,575,575,25200
2022-06-24 10:05:00,570,570,575,575,0
2022-06-24 10:06:00,570,570,575,575,0
2022-06-24 10:07:00,570,570,575,575,0
2022-06-24 10:08:00,570,570,575,575,0
2022-06-24 10:09:00,570,570,575,575,0
2022-06-24 10:10:00,570,570,575,575,0
2022-06-24 10:11:00,570,570,575,575,0
2022-06-24 10:12:00,570,570,575,575,0
2022-06-24 10:13:00,570,570,575,575,0
2022-06-24 10:14:00,570,570,575,575,0
2022-06-24 10:15:00,570,570,575,575,0
2022-06-24 10:16:00,570,570,575,575,0
2022-06-24 10:17:00,570,570,570,570,2000
2022-06-24 10:18:00,575,575,575,575,300
2022-06-24 10:19:00,575,575,575,575,0
2022-06-24 10:20:00,575,575,575,575,0
2022-06-24 10:21:00,575,575,575,575,0
2022-06-24 10:22:00,575,575,575,575,0
2022-06-24 10:23:00,575,575,575,575,0
2022-06-24 10:24:00,575,575,575,575,0
2022-06-24 10:25:00,575,575,575,575,0
2022-06-24 10:26:00,575,575,575,575,0
2022-06-24 10:27:00,575,575,575,575,0
2022-06-24 10:28:00,575,575,575,575,0
2022-06-24 10:29:00,570,570,570,570,9300
2022-06-24 10:30:00,570,570,575,575,1000
2022-06-24 10:31:00,570,570,575,575,0
2022-06-24 10:32:00,570,570,575,575,0
2022-06-24 10:33:00,570,570,575,575,0
2022-06-24 10:34:00,570,570,575,575,0
2022-06-24 10:35:00,570,570,575,575,0
2022-06-24 10:36:00,570,570,575,575,0
2022-06-24 10:37:00,570,570,575,575,0
2022-06-24 10:38:00,575,575,575,575,500
2022-06-24 10:39:00,575,575,575,575,0
2022-06-24 10:40:00,575,575,575,575,0
2022-06-24 10:41:00,575,575,575,575,0
2022-06-24 10:42:00,575,575,575,575,0
2022-06-24 10:43:00,575,575,575,575,0
2022-06-24 10:44:00,575,575,575,575,0
2022-06-24 10:45:00,575,575,575,575,0
2022-06-24 10:46:00,575,575,575,575,0
2022-06-24 10:47:00,575,575,575,575,0
2022-06-24 10:48:00,575,575,575,575,0
2022-06-24 10:49:00,575,575,575,575,0
2022-06-24 10:50:00,575,575,575,575,0
2022-06-24 10:51:00,575,575,575,575,0
2022-06-24 10:52:00,575,575,575,575,0
2022-06-24 10:53:00,575,575,575,575,0
2022-06-24 10:54:00,575,575,575,575,0
2022-06-24 10:55:00,570,570,575,575,4000
2022-06-24 10:56:00,570,570,575,575,0
2022-06-24 10:57:00,570,570,575,575,0
2022-06-24 10:58:00,570,570,575,575,0
2022-06-24 10:59:00,570,570,575,575,0
2022-06-24 11:00:00,570,570,575,575,0
2022-06-24 11:01:00,570,570,575,575,0
2022-06-24 11:02:00,570,570,575,575,0
2022-06-24 11:03:00,570,570,575,575,0
2022-06-24 11:04:00,570,570,575,575,0
2022-06-24 11:05:00,570,570,575,575,0
2022-06-24 11:06:00,570,570,575,575,0
2022-06-24 11:07:00,570,570,575,575,0
2022-06-24 11:08:00,570,570,575,575,0
2022-06-24 11:09:00,570,570,575,575,0
2022-06-24 11:10:00,570,570,575,575,0
2022-06-24 11:11:00,570,570,575,575,0
2022-06-24 11:12:00,570,570,575,575,0
2022-06-24 11:13:00,570,570,575,575,0
2022-06-24 11:14:00,570,570,575,575,0
2022-06-24 11:15:00,570,570,575,575,0
2022-06-24 11:16:00,570,570,575,575,0
2022-06-24 11:17:00,570,570,575,575,0
2022-06-24 11:18:00,570,570,575,575,0
2022-06-24 11:19:00,570,570,570,570,3500
2022-06-24 11:20:00,570,570,575,575,4000
2022-06-24 11:21:00,570,570,575,575,0
2022-06-24 11:22:00,570,570,575,575,0
2022-06-24 11:23:00,570,570,575,575,0
2022-06-24 11:24:00,570,570,575,575,0
2022-06-24 11:25:00,575,575,575,575,200
2022-06-24 11:26:00,575,575,575,575,0
2022-06-24 11:27:00,575,575,575,575,0
2022-06-24 11:28:00,575,575,575,575,200
2022-06-24 11:29:00,575,575,575,575,200
2022-06-24 11:30:00,575,575,575,575,300
2022-06-24 11:31:00,575,575,575,575,0
2022-06-24 11:32:00,575,575,575,575,0
2022-06-24 11:33:00,575,575,575,575,0
2022-06-24 11:34:00,575,575,575,575,0
2022-06-24 11:35:00,575,575,575,575,0
2022-06-24 11:36:00,575,575,575,575,0
2022-06-24 11:37:00,575,575,575,575,0
2022-06-24 11:38:00,575,575,575,575,0
2022-06-24 11:39:00,575,575,575,575,0
2022-06-24 11:40:00,575,575,575,575,0
2022-06-24 11:41:00,575,575,575,575,0
2022-06-24 11:42:00,575,575,575,575,0
2022-06-24 11:43:00,575,575,575,575,0
2022-06-24 11:44:00,575,575,575,575,0
2022-06-24 11:45:00,575,575,575,575,0
2022-06-24 11:46:00,575,575,575,575,0
2022-06-24 11:47:00,575,575,575,575,0
2022-06-24 11:48:00,575,575,575,575,0
2022-06-24 11:49:00,575,575,575,575,0
2022-06-24 11:50:00,575,575,575,575,0
2022-06-24 11:51:00,575,575,575,575,0
2022-06-24 11:52:00,575,575,575,575,0
2022-06-24 11:53:00,575,575,575,575,0
2022-06-24 11:54:00,575,575,575,575,0
2022-06-24 11:55:00,575,575,575,575,0
2022-06-24 11:56:00,575,575,575,575,0
2022-06-24 11:57:00,575,575,575,575,0
2022-06-24 11:58:00,575,575,575,575,0
2022-06-24 11:59:00,575,575,575,575,0
2022-06-24 12:00:00,575,575,575,575,0
2022-06-24 12:01:00,575,575,575,575,0
2022-06-24 12:02:00,575,575,575,575,0
2022-06-24 12:03:00,575,575,575,575,0
2022-06-24 12:04:00,575,575,575,575,0
2022-06-24 12:05:00,575,575,575,575,0
2022-06-24 12:06:00,575,575,575,575,0
2022-06-24 12:07:00,575,575,575,575,0
2022-06-24 12:08:00,575,575,575,575,0
2022-06-24 12:09:00,575,575,575,575,0
2022-06-24 12:10:00,575,575,575,575,0
2022-06-24 12:11:00,575,575,575,575,0
2022-06-24 12:12:00,575,575,575,575,0
2022-06-24 12:13:00,575,575,575,575,0
2022-06-24 12:14:00,575,575,575,575,0
2022-06-24 12:15:00,575,575,575,575,0
2022-06-24 12:16:00,575,575,575,575,0
2022-06-24 12:17:00,575,575,575,575,0
2022-06-24 12:18:00,575,575,575,575,0
2022-06-24 12:19:00,575,575,575,575,0
2022-06-24 12:20:00,575,575,575,575,0
2022-06-24 12:21:00,575,575,575,575,0
2022-06-24 12:22:00,575,575,575,575,0
2022-06-24 12:23:00,575,575,575,575,0
2022-06-24 12:24:00,575,575,575,575,0
2022-06-24 12:25:00,575,575,575,575,0
2022-06-24 12:26:00,575,575,575,575,0
2022-06-24 12:27:00,575,575,575,575,0
2022-06-24 12:28:00,575,575,575,575,0
2022-06-24 12:29:00,575,575,575,575,0
2022-06-24 12:30:00,575,575,575,575,0
2022-06-24 12:31:00,575,575,575,575,0
2022-06-24 12:32:00,575,575,575,575,0
2022-06-24 12:33:00,575,575,575,575,0
2022-06-24 12:34:00,575,575,575,575,0
2022-06-24 12:35:00,575,575,575,575,0
2022-06-24 12:36:00,575,575,575,575,0
2022-06-24 12:37:00,575,575,575,575,0
2022-06-24 12:38:00,575,575,575,575,0
2022-06-24 12:39:00,575,575,575,575,0
2022-06-24 12:40:00,575,575,575,575,0
2022-06-24 12:41:00,575,575,575,575,0
2022-06-24 12:42:00,575,575,575,575,0
2022-06-24 12:43:00,575,575,575,575,0
2022-06-24 12:44:00,575,575,575,575,0
2022-06-24 12:45:00,575,575,575,575,0
2022-06-24 12:46:00,575,575,575,575,0
2022-06-24 12:47:00,575,575,575,575,0
2022-06-24 12:48:00,575,575,575,575,0
2022-06-24 12:49:00,575,575,575,575,0
2022-06-24 12:50:00,575,575,575,575,0
2022-06-24 12:51:00,575,575,575,575,0
2022-06-24 12:52:00,575,575,575,575,0
2022-06-24 12:53:00,575,575,575,575,0
2022-06-24 12:54:00,575,575,575,575,0
2022-06-24 12:55:00,575,575,575,575,0
2022-06-24 12:56:00,575,575,575,575,0
2022-06-24 12:57:00,575,575,575,575,0
2022-06-24 12:58:00,575,575,575,575,0
2022-06-24 12:59:00,575,575,575,575,0
2022-06-24 13:00:00,575,575,575,575,0
2022-06-24 13:01:00,575,575,575,575,0
2022-06-24 13:02:00,575,575,575,575,0
2022-06-24 13:03:00,575,575,575,575,0
2022-06-24 13:04:00,575,575,575,575,0
2022-06-24 13:05:00,575,575,575,575,0
2022-06-24 13:06:00,575,575,575,575,0
2022-06-24 13:07:00,575,575,575,575,0
2022-06-24 13:08:00,575,575,575,575,0
2022-06-24 13:09:00,575,575,575,575,0
2022-06-24 13:10:00,575,575,575,575,0
2022-06-24 13:11:00,575,575,575,575,0
2022-06-24 13:12:00,575,575,575,575,0
2022-06-24 13:13:00,575,575,575,575,0
2022-06-24 13:14:00,575,575,575,575,0
2022-06-24 13:15:00,575,575,575,575,0
2022-06-24 13:16:00,575,575,575,575,0
2022-06-24 13:17:00,575,575,575,575,0
2022-06-24 13:18:00,575,575,575,575,0
2022-06-24 13:19:00,575,575,575,575,0
2022-06-24 13:20:00,575,575,575,575,0
2022-06-24 13:21:00,575,575,575,575,0
2022-06-24 13:22:00,575,575,575,575,0
2022-06-24 13:23:00,575,575,575,575,0
2022-06-24 13:24:00,575,575,575,575,0
2022-06-24 13:25:00,575,575,575,575,0
2022-06-24 13:26:00,575,575,575,575,0
2022-06-24 13:27:00,575,575,575,575,0
2022-06-24 13:28:00,575,575,575,575,0
2022-06-24 13:29:00,575,575,575,575,0
2022-06-24 13:30:00,575,575,575,575,100
2022-06-24 13:31:00,575,575,575,575,0
2022-06-24 13:32:00,575,575,575,575,0
2022-06-24 13:33:00,575,575,575,575,0
2022-06-24 13:34:00,575,575,575,575,0
2022-06-24 13:35:00,575,575,575,575,0
2022-06-24 13:36:00,575,575,575,575,0
2022-06-24 13:37:00,575,575,575,575,0
2022-06-24 13:38:00,575,575,575,575,0
2022-06-24 13:39:00,575,575,575,575,0
2022-06-24 13:40:00,575,575,575,575,0
2022-06-24 13:41:00,575,575,575,575,0
2022-06-24 13:42:00,575,575,575,575,0
2022-06-24 13:43:00,575,575,575,575,0
2022-06-24 13:44:00,575,575,575,575,0
2022-06-24 13:45:00,575,575,575,575,0
2022-06-24 13:46:00,575,575,575,575,0
2022-06-24 13:47:00,575,575,575,575,0
2022-06-24 13:48:00,575,575,575,575,0
2022-06-24 13:49:00,575,575,575,575,0
2022-06-24 13:50:00,575,575,575,575,0
2022-06-24 13:51:00,575,575,575,575,0
2022-06-24 13:52:00,575,575,575,575,0
2022-06-24 13:53:00,575,575,575,575,0
2022-06-24 13:54:00,575,575,575,575,4000
2022-06-24 13:55:00,575,575,575,575,0
2022-06-24 13:56:00,575,575,575,575,0
2022-06-24 13:57:00,575,575,575,575,0
2022-06-24 13:58:00,575,575,575,575,0
2022-06-24 13:59:00,575,575,575,575,1300
2022-06-24 14:00:00,575,575,575,575,0
2022-06-24 14:01:00,575,575,575,575,0
2022-06-24 14:02:00,575,575,575,575,0
2022-06-24 14:03:00,575,575,575,575,0
2022-06-24 14:04:00,575,575,575,575,0
2022-06-24 14:05:00,575,575,575,575,0
2022-06-24 14:06:00,575,575,575,575,0
2022-06-24 14:07:00,575,575,575,575,0
2022-06-24 14:08:00,575,575,575,575,0
2022-06-24 14:09:00,575,575,575,575,0
2022-06-24 14:10:00,575,575,575,575,0
2022-06-24 14:11:00,575,575,575,575,0
2022-06-24 14:12:00,575,575,575,575,0
2022-06-24 14:13:00,575,575,575,575,200
2022-06-24 14:14:00,575,575,575,575,0
2022-06-24 14:15:00,575,575,575,575,0
2022-06-24 14:16:00,575,575,575,575,0
2022-06-24 14:17:00,575,575,575,575,0
2022-06-24 14:18:00,575,575,575,575,0
2022-06-24 14:19:00,575,575,575,575,0
2022-06-24 14:20:00,575,575,575,575,0
2022-06-24 14:21:00,575,575,575,575,0
2022-06-24 14:22:00,575,575,575,575,0
2022-06-24 14:23:00,575,575,575,575,0
2022-06-24 14:24:00,575,575,575,575,0
2022-06-24 14:25:00,575,575,575,575,0
2022-06-24 14:26:00,575,575,575,575,0
2022-06-24 14:27:00,575,575,575,575,0
2022-06-24 14:28:00,575,575,575,575,0
2022-06-24 14:29:00,575,575,575,575,0
2022-06-24 14:30:00,575,575,575,575,0
2022-06-24 14:31:00,570,570,575,575,400
2022-06-24 14:32:00,570,570,575,575,0
2022-06-24 14:33:00,570,570,575,575,0
2022-06-24 14:34:00,570,570,575,575,0
2022-06-24 14:35:00,570,570,575,575,0
2022-06-24 14:36:00,570,570,575,575,0
2022-06-24 14:37:00,570,570,575,575,0
2022-06-24 14:38:00,570,570,575,575,0
2022-06-24 14:39:00,570,570,575,575,0
2022-06-24 14:40:00,570,570,575,575,0
2022-06-24 14:41:00,570,570,575,575,1300
2022-06-24 14:42:00,570,570,575,575,0
2022-06-24 14:43:00,570,570,575,575,0
2022-06-24 14:44:00,570,570,575,575,0
2022-06-24 14:45:00,570,570,575,575,0
2022-06-24 14:46:00,570,570,575,575,0
2022-06-24 14:47:00,575,575,575,575,500
2022-06-24 14:48:00,575,575,575,575,800
2022-06-24 14:49:00,575,575,575,575,700
2022-06-24 14:50:00,575,575,575,575,0
2022-06-24 14:51:00,575,575,575,575,0
2022-06-24 14:52:00,575,575,575,575,0
2022-06-24 14:53:00,575,575,575,575,0
2022-06-24 14:54:00,575,575,575,575,0
2022-06-24 14:55:00,575,575,575,575,0
2022-06-24 14:56:00,575,575,575,575,0
2022-06-24 14:57:00,575,575,575,575,0
2022-06-24 14:58:00,575,575,575,575,0
2022-06-24 14:59:00,575,575,575,575,0
2022-06-24 15:00:00,575,575,575,575,79100
2022-06-24 15:01:00,575,575,575,575,16200
2022-06-24 15:02:00,575,575,575,575,0
2022-06-24 15:03:00,575,575,575,575,0
2022-06-24 15:04:00,575,575,575,575,0
2022-06-24 15:05:00,575,575,575,575,0
2022-06-24 15:06:00,575,575,575,575,0
2022-06-24 15:07:00,575,575,575,575,0
2022-06-24 15:08:00,575,575,575,575,0
2022-06-24 15:09:00,575,575,575,575,0
2022-06-24 15:10:00,575,575,575,575,0
2022-06-24 15:11:00,575,5,575,575,8600
2022-06-24 15:12:00,575,5,575,575,0
2022-06-24 15:13:00,575,5,575,575,0
2022-06-24 15:14:00,575,5,575,575,0
2022-06-24 15:15:00,575,5,575,575,0
2022-06-24 15:16:00,575,5,575,575,0
2022-06-24 15:17:00,575,5,575,575,0
2022-06-24 15:18:00,575,5,575,575,0
2022-06-24 15:19:00,575,5,575,575,0
2022-06-24 15:20:00,575,5,575,575,0
2022-06-24 15:21:00,575,5,575,575,0
2022-06-24 15:22:00,575,5,575,575,0
2022-06-24 15:23:00,575,5,575,575,0
2022-06-24 15:24:00,575,5,575,575,0
2022-06-24 15:25:00,575,5,575,575,0
2022-06-24 15:26:00,575,5,575,575,0
2022-06-24 15:27:00,575,5,575,575,0
2022-06-24 15:28:00,575,5,575,575,0
2022-06-24 15:29:00,575,5,575,575,0
2022-06-24 15:30:00,575,5,575,575,0
2022-06-24 15:31:00,575,5,575,575,0
2022-06-24 15:32:00,575,5,575,575,0
2022-06-24 15:33:00,575,5,575,575,0
2022-06-24 15:34:00,575,5,575,575,0
2022-06-24 15:35:00,575,5,575,575,0
2022-06-24 15:36:00,575,5,575,575,0
2022-06-24 15:37:00,575,5,575,575,0
2022-06-24 15:38:00,575,5,575,575,0
2022-06-24 15:39:00,575,5,575,575,0
2022-06-24 15:40:00,575,5,575,575,0
2022-06-24 15:41:00,575,5,575,575,0
2022-06-24 15:42:00,575,5,575,575,0
2022-06-24 15:43:00,575,5,575,575,0
2022-06-24 15:44:00,575,5,575,575,0
2022-06-24 15:45:00,575,5,575,575,0
2022-06-24 15:46:00,575,5,575,575,0
2022-06-24 15:47:00,575,5,575,575,0
2022-06-24 15:48:00,575,5,575,575,0
2022-06-24 15:49:00,575,5,575,575,0
2022-06-24 15:50:00,575,5,575,575,0
2022-06-24 15:51:00,575,5,575,575,0
2022-06-24 15:52:00,575,5,575,575,0
2022-06-24 15:53:00,575,5,575,575,0
2022-06-24 15:54:00,575,5,575,575,0
2022-06-24 15:55:00,575,5,575,575,0
2022-06-24 15:56:00,575,5,575,575,0
2022-06-24 15:57:00,575,5,575,575,0
2022-06-24 15:58:00,575,5,575,575,0
2022-06-24 15:59:00,575,5,575,575,0
2022-06-27 09:00:00,575,575,580,580,0
2022-06-27 09:01:00,575,575,580,580,0
2022-06-27 09:02:00,575,575,580,580,0
2022-06-27 09:03:00,575,575,580,580,0
2022-06-27 09:04:00,580,580,580,580,12100
2022-06-27 09:05:00,580,580,580,580,0
2022-06-27 09:06:00,580,580,580,580,0
2022-06-27 09:07:00,580,580,580,580,1400
2022-06-27 09:08:00,580,580,580,580,6800
2022-06-27 09:09:00,580,580,585,585,0
2022-06-27 09:10:00,585,585,585,585,44600
2022-06-27 09:11:00,585,585,585,585,1100
2022-06-27 09:12:00,585,585,585,585,300
2022-06-27 09:13:00,585,585,585,585,0
2022-06-27 09:14:00,585,585,585,585,0
2022-06-27 09:15:00,585,585,585,585,3500
2022-06-27 09:16:00,585,585,585,585,0
2022-06-27 09:17:00,585,585,590,590,69700
2022-06-27 09:18:00,590,590,590,590,0
2022-06-27 09:19:00,590,590,590,590,0
2022-06-27 09:20:00,585,585,585,585,300
2022-06-27 09:21:00,585,585,590,590,900
2022-06-27 09:22:00,585,585,590,590,500
2022-06-27 09:23:00,585,580,585,580,13000
2022-06-27 09:24:00,585,580,585,580,0
2022-06-27 09:25:00,585,580,585,580,0
2022-06-27 09:26:00,580,580,580,580,8000
2022-06-27 09:27:00,580,580,580,580,5800
2022-06-27 09:28:00,580,580,580,580,0
2022-06-27 09:29:00,580,580,580,580,30400
2022-06-27 09:30:00,575,575,575,575,1600
2022-06-27 09:31:00,580,580,580,580,100
2022-06-27 09:32:00,580,580,580,580,0
2022-06-27 09:33:00,580,580,580,580,0
2022-06-27 09:34:00,580,580,580,580,800
2022-06-27 09:35:00,580,580,580,580,0
2022-06-27 09:36:00,580,580,580,580,0
2022-06-27 09:37:00,580,580,580,580,0
2022-06-27 09:38:00,580,580,580,580,0
2022-06-27 09:39:00,580,580,580,580,0
2022-06-27 09:40:00,580,580,580,580,0
2022-06-27 09:41:00,580,580,580,580,0
2022-06-27 09:42:00,580,580,580,580,0
2022-06-27 09:43:00,580,580,580,580,0
2022-06-27 09:44:00,580,580,580,580,0
2022-06-27 09:45:00,580,580,580,580,0
2022-06-27 09:46:00,580,580,580,580,0
2022-06-27 09:47:00,580,580,580,580,0
2022-06-27 09:48:00,580,580,580,580,0
2022-06-27 09:49:00,580,580,580,580,1000
2022-06-27 09:50:00,580,580,580,580,0
2022-06-27 09:51:00,580,580,580,580,0
2022-06-27 09:52:00,580,580,580,580,1400
2022-06-27 09:53:00,580,580,580,580,0
2022-06-27 09:54:00,580,580,580,580,0
2022-06-27 09:55:00,580,580,580,580,0
2022-06-27 09:56:00,580,580,580,580,0
2022-06-27 09:57:00,580,580,580,580,0
2022-06-27 09:58:00,580,580,580,580,0
2022-06-27 09:59:00,580,580,580,580,0
2022-06-27 10:00:00,580,580,580,580,0
2022-06-27 10:01:00,580,580,580,580,0
2022-06-27 10:02:00,580,580,580,580,0
2022-06-27 10:03:00,580,580,580,580,0
2022-06-27 10:04:00,580,580,580,580,0
2022-06-27 10:05:00,580,580,580,580,0
2022-06-27 10:06:00,580,580,580,580,0
2022-06-27 10:07:00,580,580,580,580,0
2022-06-27 10:08:00,580,580,580,580,0
2022-06-27 10:09:00,580,580,580,580,0
2022-06-27 10:10:00,580,580,580,580,0
2022-06-27 10:11:00,580,580,580,580,0
2022-06-27 10:12:00,580,580,580,580,0
2022-06-27 10:13:00,580,580,580,580,0
2022-06-27 10:14:00,580,580,580,580,0
2022-06-27 10:15:00,580,580,580,580,0
2022-06-27 10:16:00,580,580,580,580,0
2022-06-27 10:17:00,580,580,580,580,0
2022-06-27 10:18:00,580,580,580,580,0
2022-06-27 10:19:00,580,580,580,580,0
2022-06-27 10:20:00,580,580,580,580,0
2022-06-27 10:21:00,580,580,580,580,0
2022-06-27 10:22:00,580,580,580,580,0
2022-06-27 10:23:00,575,575,575,575,2000
2022-06-27 10:24:00,575,575,575,575,0
2022-06-27 10:25:00,580,580,580,580,600
2022-06-27 10:26:00,580,580,580,580,0
2022-06-27 10:27:00,580,580,580,580,0
2022-06-27 10:28:00,580,580,580,580,0
2022-06-27 10:29:00,580,580,580,580,0
2022-06-27 10:30:00,580,580,580,580,0
2022-06-27 10:31:00,580,580,580,580,0
2022-06-27 10:32:00,580,580,580,580,0
2022-06-27 10:33:00,580,580,580,580,0
2022-06-27 10:34:00,580,580,580,580,0
2022-06-27 10:35:00,575,575,575,575,37100
2022-06-27 10:36:00,575,575,575,575,0
2022-06-27 10:37:00,575,575,575,575,0
2022-06-27 10:38:00,575,575,575,575,0
2022-06-27 10:39:00,575,575,575,575,0
2022-06-27 10:40:00,575,575,575,575,0
2022-06-27 10:41:00,575,575,575,575,0
2022-06-27 10:42:00,575,575,575,575,0
2022-06-27 10:43:00,575,575,575,575,0
2022-06-27 10:44:00,575,575,575,575,0
2022-06-27 10:45:00,575,575,575,575,0
2022-06-27 10:46:00,575,575,575,575,0
2022-06-27 10:47:00,570,570,570,570,5400
2022-06-27 10:48:00,575,575,575,575,0
2022-06-27 10:49:00,575,575,575,575,0
2022-06-27 10:50:00,575,575,575,575,0
2022-06-27 10:51:00,575,575,575,575,0
2022-06-27 10:52:00,575,570,575,575,5500
2022-06-27 10:53:00,575,570,575,575,0
2022-06-27 10:54:00,575,570,575,575,0
2022-06-27 10:55:00,575,575,575,575,1800
2022-06-27 10:56:00,575,575,575,575,0
2022-06-27 10:57:00,575,575,575,575,0
2022-06-27 10:58:00,575,575,575,575,0
2022-06-27 10:59:00,575,575,575,575,0
2022-06-27 11:00:00,575,575,575,575,0
2022-06-27 11:01:00,575,575,575,575,0
2022-06-27 11:02:00,575,575,575,575,0
2022-06-27 11:03:00,575,575,575,575,2500
2022-06-27 11:04:00,575,575,575,575,0
2022-06-27 11:05:00,570,570,575,575,23800
2022-06-27 11:06:00,570,570,575,575,0
2022-06-27 11:07:00,570,570,575,575,0
2022-06-27 11:08:00,570,570,575,575,0
2022-06-27 11:09:00,570,570,575,575,0
2022-06-27 11:10:00,570,570,575,575,0
2022-06-27 11:11:00,575,575,580,580,3500
2022-06-27 11:12:00,575,575,580,580,0
2022-06-27 11:13:00,575,575,580,580,0
2022-06-27 11:14:00,575,575,580,580,0
2022-06-27 11:15:00,580,580,580,580,0
2022-06-27 11:16:00,580,580,580,580,0
2022-06-27 11:17:00,580,580,580,580,0
2022-06-27 11:18:00,580,580,580,580,0
2022-06-27 11:19:00,580,580,580,580,0
2022-06-27 11:20:00,580,580,580,580,0
2022-06-27 11:21:00,580,580,580,580,0
2022-06-27 11:22:00,580,580,580,580,0
2022-06-27 11:23:00,580,580,580,580,0
2022-06-27 11:24:00,580,580,580,580,0
2022-06-27 11:25:00,580,580,580,580,0
2022-06-27 11:26:00,580,580,580,580,0
2022-06-27 11:27:00,580,580,580,580,0
2022-06-27 11:28:00,580,580,580,580,2400
2022-06-27 11:29:00,580,580,580,580,0
2022-06-27 11:30:00,580,580,580,580,0
2022-06-27 11:31:00,580,580,580,580,0
2022-06-27 11:32:00,580,580,580,580,0
2022-06-27 11:33:00,580,580,580,580,0
2022-06-27 11:34:00,580,580,580,580,0
2022-06-27 11:35:00,580,580,580,580,0
2022-06-27 11:36:00,580,580,580,580,0
2022-06-27 11:37:00,580,580,580,580,0
2022-06-27 11:38:00,580,580,580,580,0
2022-06-27 11:39:00,580,580,580,580,0
2022-06-27 11:40:00,580,580,580,580,0
2022-06-27 11:41:00,580,580,580,580,0
2022-06-27 11:42:00,580,580,580,580,0
2022-06-27 11:43:00,580,580,580,580,0
2022-06-27 11:44:00,580,580,580,580,0
2022-06-27 11:45:00,580,580,580,580,0
2022-06-27 11:46:00,580,580,580,580,0
2022-06-27 11:47:00,580,580,580,580,0
2022-06-27 11:48:00,580,580,580,580,0
2022-06-27 11:49:00,580,580,580,580,0
2022-06-27 11:50:00,580,580,580,580,0
2022-06-27 11:51:00,580,580,580,580,0
2022-06-27 11:52:00,580,580,580,580,0
2022-06-27 11:53:00,580,580,580,580,0
2022-06-27 11:54:00,580,580,580,580,0
2022-06-27 11:55:00,580,580,580,580,0
2022-06-27 11:56:00,580,580,580,580,0
2022-06-27 11:57:00,580,580,580,580,0
2022-06-27 11:58:00,580,580,580,580,0
2022-06-27 11:59:00,580,580,580,580,0
2022-06-27 12:00:00,580,580,580,580,0
2022-06-27 12:01:00,580,580,580,580,0
2022-06-27 12:02:00,580,580,580,580,0
2022-06-27 12:03:00,580,580,580,580,0
2022-06-27 12:04:00,580,580,580,580,0
2022-06-27 12:05:00,580,580,580,580,0
2022-06-27 12:06:00,580,580,580,580,0
2022-06-27 12:07:00,580,580,580,580,0
2022-06-27 12:08:00,580,580,580,580,0
2022-06-27 12:09:00,580,580,580,580,0
2022-06-27 12:10:00,580,580,580,580,0
2022-06-27 12:11:00,580,580,580,580,0
2022-06-27 12:12:00,580,580,580,580,0
2022-06-27 12:13:00,580,580,580,580,0
2022-06-27 12:14:00,580,580,580,580,0
2022-06-27 12:15:00,580,580,580,580,0
2022-06-27 12:16:00,580,580,580,580,0
2022-06-27 12:17:00,580,580,580,580,0
2022-06-27 12:18:00,580,580,580,580,0
2022-06-27 12:19:00,580,580,580,580,0
2022-06-27 12:20:00,580,580,580,580,0
2022-06-27 12:21:00,580,580,580,580,0
2022-06-27 12:22:00,580,580,580,580,0
2022-06-27 12:23:00,580,580,580,580,0
2022-06-27 12:24:00,580,580,580,580,0
2022-06-27 12:25:00,580,580,580,580,0
2022-06-27 12:26:00,580,580,580,580,0
2022-06-27 12:27:00,580,580,580,580,0
2022-06-27 12:28:00,580,580,580,580,0
2022-06-27 12:29:00,580,580,580,580,0
2022-06-27 12:30:00,580,580,580,580,0
2022-06-27 12:31:00,580,580,580,580,0
2022-06-27 12:32:00,580,580,580,580,0
2022-06-27 12:33:00,580,580,580,580,0
2022-06-27 12:34:00,580,580,580,580,0
2022-06-27 12:35:00,580,580,580,580,0
2022-06-27 12:36:00,580,580,580,580,0
2022-06-27 12:37:00,580,580,580,580,0
2022-06-27 12:38:00,580,580,580,580,0
2022-06-27 12:39:00,580,580,580,580,0
2022-06-27 12:40:00,580,580,580,580,0
2022-06-27 12:41:00,580,580,580,580,0
2022-06-27 12:42:00,580,580,580,580,0
2022-06-27 12:43:00,580,580,580,580,0
2022-06-27 12:44:00,580,580,580,580,0
2022-06-27 12:45:00,580,580,580,580,0
2022-06-27 12:46:00,580,580,580,580,0
2022-06-27 12:47:00,580,580,580,580,0
2022-06-27 12:48:00,580,580,580,580,0
2022-06-27 12:49:00,580,580,580,580,0
2022-06-27 12:50:00,580,580,580,580,0
2022-06-27 12:51:00,580,580,580,580,0
2022-06-27 12:52:00,580,580,580,580,0
2022-06-27 12:53:00,580,580,580,580,0
2022-06-27 12:54:00,580,580,580,580,0
2022-06-27 12:55:00,580,580,580,580,0
2022-06-27 12:56:00,580,580,580,580,0
2022-06-27 12:57:00,580,580,580,580,0
2022-06-27 12:58:00,580,580,580,580,0
2022-06-27 12:59:00,580,580,580,580,0
2022-06-27 13:00:00,580,580,580,580,0
2022-06-27 13:01:00,580,580,580,580,0
2022-06-27 13:02:00,580,580,580,580,0
2022-06-27 13:03:00,580,580,580,580,0
2022-06-27 13:04:00,580,580,580,580,0
2022-06-27 13:05:00,580,580,580,580,0
2022-06-27 13:06:00,580,580,580,580,0
2022-06-27 13:07:00,580,580,580,580,0
2022-06-27 13:08:00,580,580,580,580,0
2022-06-27 13:09:00,580,580,580,580,0
2022-06-27 13:10:00,580,580,580,580,0
2022-06-27 13:11:00,580,580,580,580,0
2022-06-27 13:12:00,580,580,580,580,0
2022-06-27 13:13:00,580,580,580,580,0
2022-06-27 13:14:00,580,580,580,580,0
2022-06-27 13:15:00,580,580,580,580,0
2022-06-27 13:16:00,580,580,580,580,0
2022-06-27 13:17:00,580,580,580,580,0
2022-06-27 13:18:00,580,580,580,580,0
2022-06-27 13:19:00,580,580,580,580,0
2022-06-27 13:20:00,580,580,580,580,0
2022-06-27 13:21:00,580,580,580,580,0
2022-06-27 13:22:00,580,580,580,580,0
2022-06-27 13:23:00,580,580,580,580,0
2022-06-27 13:24:00,580,580,580,580,0
2022-06-27 13:25:00,580,580,580,580,0
2022-06-27 13:26:00,580,580,580,580,0
2022-06-27 13:27:00,580,580,580,580,0
2022-06-27 13:28:00,580,580,580,580,0
2022-06-27 13:29:00,580,580,580,580,0
2022-06-27 13:30:00,575,575,575,575,200
2022-06-27 13:31:00,575,575,575,575,0
2022-06-27 13:32:00,575,575,575,575,0
2022-06-27 13:33:00,580,580,580,580,300
2022-06-27 13:34:00,580,580,580,580,0
2022-06-27 13:35:00,575,575,580,580,6600
2022-06-27 13:36:00,575,575,580,580,0
2022-06-27 13:37:00,580,580,580,580,0
2022-06-27 13:38:00,580,580,580,580,0
2022-06-27 13:39:00,580,580,580,580,0
2022-06-27 13:40:00,575,575,575,575,1400
2022-06-27 13:41:00,580,580,580,580,100
2022-06-27 13:42:00,575,570,575,575,7400
2022-06-27 13:43:00,575,570,575,575,0
2022-06-27 13:44:00,575,575,580,580,2800
2022-06-27 13:45:00,575,575,580,580,0
2022-06-27 13:46:00,575,575,580,580,0
2022-06-27 13:47:00,575,575,580,580,0
2022-06-27 13:48:00,575,575,580,580,0
2022-06-27 13:49:00,575,575,580,580,0
2022-06-27 13:50:00,575,575,580,580,0
2022-06-27 13:51:00,575,575,580,580,0
2022-06-27 13:52:00,575,575,580,580,0
2022-06-27 13:53:00,575,575,580,580,0
2022-06-27 13:54:00,575,575,580,580,0
2022-06-27 13:55:00,575,575,580,580,0
2022-06-27 13:56:00,575,575,580,580,0
2022-06-27 13:57:00,575,575,580,580,0
2022-06-27 13:58:00,575,575,580,580,0
2022-06-27 13:59:00,575,575,580,580,0
2022-06-27 14:00:00,575,575,580,580,0
2022-06-27 14:01:00,575,575,575,575,16200
2022-06-27 14:02:00,580,580,580,580,0
2022-06-27 14:03:00,580,580,580,580,0
2022-06-27 14:04:00,580,580,580,580,0
2022-06-27 14:05:00,580,580,580,580,0
2022-06-27 14:06:00,580,580,580,580,0
2022-06-27 14:07:00,580,580,580,580,0
2022-06-27 14:08:00,580,580,580,580,0
2022-06-27 14:09:00,580,580,580,580,0
2022-06-27 14:10:00,580,580,580,580,0
2022-06-27 14:11:00,580,580,580,580,0
2022-06-27 14:12:00,580,580,580,580,0
2022-06-27 14:13:00,580,580,580,580,0
2022-06-27 14:14:00,580,580,580,580,0
2022-06-27 14:15:00,580,580,580,580,0
2022-06-27 14:16:00,580,580,580,580,0
2022-06-27 14:17:00,580,580,580,580,0
2022-06-27 14:18:00,580,580,580,580,1300
2022-06-27 14:19:00,580,580,580,580,0
2022-06-27 14:20:00,580,580,580,580,0
2022-06-27 14:21:00,580,580,580,580,0
2022-06-27 14:22:00,580,580,580,580,0
2022-06-27 14:23:00,580,580,580,580,0
2022-06-27 14:24:00,580,580,580,580,0
2022-06-27 14:25:00,580,580,580,580,0
2022-06-27 14:26:00,580,580,580,580,0
2022-06-27 14:27:00,580,580,580,580,0
2022-06-27 14:28:00,580,580,580,580,0
2022-06-27 14:29:00,580,580,580,580,0
2022-06-27 14:30:00,580,580,580,580,0
2022-06-27 14:31:00,580,580,580,580,0
2022-06-27 14:32:00,580,580,580,580,0
2022-06-27 14:33:00,580,580,580,580,0
2022-06-27 14:34:00,580,580,580,580,0
2022-06-27 14:35:00,580,580,580,580,0
2022-06-27 14:36:00,580,580,580,580,0
2022-06-27 14:37:00,580,580,580,580,0
2022-06-27 14:38:00,580,580,580,580,0
2022-06-27 14:39:00,580,580,580,580,0
2022-06-27 14:40:00,580,580,580,580,0
2022-06-27 14:41:00,580,580,580,580,0
2022-06-27 14:42:00,580,580,580,580,0
2022-06-27 14:43:00,580,580,580,580,800
2022-06-27 14:44:00,580,580,580,580,1600
2022-06-27 14:45:00,580,580,580,580,0
2022-06-27 14:46:00,580,580,580,580,0
2022-06-27 14:47:00,580,580,580,580,100
2022-06-27 14:48:00,575,575,575,575,4200
2022-06-27 14:49:00,575,575,580,580,6800
2022-06-27 14:50:00,575,575,580,580,0
2022-06-27 14:51:00,575,575,580,580,0
2022-06-27 14:52:00,575,575,580,580,0
2022-06-27 14:53:00,575,575,580,580,0
2022-06-27 14:54:00,575,575,580,580,0
2022-06-27 14:55:00,575,575,580,580,0
2022-06-27 14:56:00,575,575,580,580,0
2022-06-27 14:57:00,575,575,580,580,0
2022-06-27 14:58:00,575,575,580,580,0
2022-06-27 14:59:00,575,575,580,580,0
2022-06-27 15:00:00,580,580,580,580,32700
2022-06-27 15:01:00,580,580,580,580,47800
2022-06-27 15:02:00,580,580,580,580,0
2022-06-27 15:03:00,580,580,580,580,0
2022-06-27 15:04:00,580,580,580,580,0
2022-06-27 15:05:00,580,580,580,580,0
2022-06-27 15:06:00,580,580,580,580,0
2022-06-27 15:07:00,580,580,580,580,0
2022-06-27 15:08:00,580,580,580,580,0
2022-06-27 15:09:00,580,580,580,580,0
2022-06-27 15:10:00,580,580,580,580,528200
2022-06-27 15:11:00,580,580,580,580,0
2022-06-27 15:12:00,580,580,580,580,0
2022-06-27 15:13:00,580,580,580,580,0
2022-06-27 15:14:00,580,580,580,580,0
2022-06-27 15:15:00,580,580,580,580,0
2022-06-27 15:16:00,580,580,580,580,0
2022-06-27 15:17:00,580,580,580,580,0
2022-06-27 15:18:00,580,580,580,580,0
2022-06-27 15:19:00,580,580,580,580,0
2022-06-27 15:20:00,580,580,580,580,0
2022-06-27 15:21:00,580,580,580,580,0
2022-06-27 15:22:00,580,580,580,580,0
2022-06-27 15:23:00,580,580,580,580,0
2022-06-27 15:24:00,580,580,580,580,0
2022-06-27 15:25:00,580,580,580,580,0
2022-06-27 15:26:00,580,580,580,580,0
2022-06-27 15:27:00,580,580,580,580,0
2022-06-27 15:28:00,580,580,580,580,0
2022-06-27 15:29:00,580,580,580,580,0
2022-06-27 15:30:00,580,580,580,580,0
2022-06-27 15:31:00,580,580,580,580,0
2022-06-27 15:32:00,580,580,580,580,0
2022-06-27 15:33:00,580,580,580,580,0
2022-06-27 15:34:00,580,580,580,580,0
2022-06-27 15:35:00,580,580,580,580,0
2022-06-27 15:36:00,580,580,580,580,0
2022-06-27 15:37:00,580,580,580,580,0
2022-06-27 15:38:00,580,580,580,580,0
2022-06-27 15:39:00,580,580,580,580,0
2022-06-27 15:40:00,580,580,580,580,0
2022-06-27 15:41:00,580,580,580,580,0
2022-06-27 15:42:00,580,580,580,580,0
2022-06-27 15:43:00,580,580,580,580,0
2022-06-27 15:44:00,580,580,580,580,0
2022-06-27 15:45:00,580,580,580,580,0
2022-06-27 15:46:00,580,580,580,580,0
2022-06-27 15:47:00,580,580,580,580,0
2022-06-27 15:48:00,580,580,580,580,0
2022-06-27 15:49:00,580,580,580,580,0
2022-06-27 15:50:00,580,580,580,580,0
2022-06-27 15:51:00,580,580,580,580,0
2022-06-27 15:52:00,580,580,580,580,0
2022-06-27 15:53:00,580,580,580,580,0
2022-06-27 15:54:00,580,580,580,580,0
2022-06-27 15:55:00,580,580,580,580,0
2022-06-27 15:56:00,580,580,580,580,0
2022-06-27 15:57:00,580,580,580,580,0
2022-06-27 15:58:00,580,580,580,580,0
2022-06-27 15:59:00,580,580,580,580,0
2022-06-28 09:00:00,580,580,580,580,0
2022-06-28 09:01:00,580,580,580,580,800
2022-06-28 09:02:00,580,580,580,580,0
2022-06-28 09:03:00,580,580,580,580,1800
2022-06-28 09:04:00,580,580,580,580,0
2022-06-28 09:05:00,575,570,575,575,12100
2022-06-28 09:06:00,575,570,575,575,0
2022-06-28 09:07:00,575,570,575,575,0
2022-06-28 09:08:00,575,570,575,575,0
2022-06-28 09:09:00,575,570,575,575,0
2022-06-28 09:10:00,575,570,575,575,0
2022-06-28 09:11:00,575,575,575,575,0
2022-06-28 09:12:00,575,575,575,575,500
2022-06-28 09:13:00,575,575,575,575,24700
2022-06-28 09:14:00,575,575,575,575,0
2022-06-28 09:15:00,575,575,575,575,0
2022-06-28 09:16:00,570,570,575,575,17300
2022-06-28 09:17:00,570,570,575,575,0
2022-06-28 09:18:00,570,570,575,575,0
2022-06-28 09:19:00,570,570,575,575,0
2022-06-28 09:20:00,570,570,575,575,0
2022-06-28 09:21:00,570,570,575,575,0
2022-06-28 09:22:00,570,570,575,575,0
2022-06-28 09:23:00,570,570,575,575,0
2022-06-28 09:24:00,570,570,575,575,0
2022-06-28 09:25:00,570,570,575,575,0
2022-06-28 09:26:00,570,570,575,575,0
2022-06-28 09:27:00,570,570,575,575,0
2022-06-28 09:28:00,570,570,575,575,0
2022-06-28 09:29:00,570,570,575,575,0
2022-06-28 09:30:00,570,570,575,575,0
2022-06-28 09:31:00,570,570,575,575,0
2022-06-28 09:32:00,570,570,575,575,0
2022-06-28 09:33:00,570,570,575,575,0
2022-06-28 09:34:00,570,570,575,575,0
2022-06-28 09:35:00,570,570,575,575,0
2022-06-28 09:36:00,570,570,575,575,0
2022-06-28 09:37:00,570,570,575,575,0
2022-06-28 09:38:00,570,570,575,575,0
2022-06-28 09:39:00,570,570,575,575,0
2022-06-28 09:40:00,570,570,575,575,0
2022-06-28 09:41:00,570,570,575,575,0
2022-06-28 09:42:00,570,570,575,575,0
2022-06-28 09:43:00,575,575,575,575,100
2022-06-28 09:44:00,575,575,575,575,0
2022-06-28 09:45:00,575,575,575,575,0
2022-06-28 09:46:00,575,575,575,575,0
2022-06-28 09:47:00,575,575,575,575,0
2022-06-28 09:48:00,575,575,575,575,0
2022-06-28 09:49:00,575,575,575,575,0
2022-06-28 09:50:00,575,575,575,575,0
2022-06-28 09:51:00,575,575,575,575,0
2022-06-28 09:52:00,575,575,575,575,0
2022-06-28 09:53:00,575,575,575,575,0
2022-06-28 09:54:00,575,575,575,575,0
2022-06-28 09:55:00,570,570,570,570,200
2022-06-28 09:56:00,570,570,570,570,0
2022-06-28 09:57:00,575,575,575,575,200
2022-06-28 09:58:00,575,575,575,575,0
2022-06-28 09:59:00,575,575,575,575,0
2022-06-28 10:00:00,575,575,575,575,0
2022-06-28 10:01:00,575,575,575,575,0
2022-06-28 10:02:00,575,575,575,575,0
2022-06-28 10:03:00,575,575,575,575,0
2022-06-28 10:04:00,575,575,575,575,0
2022-06-28 10:05:00,575,575,575,575,0
2022-06-28 10:06:00,575,575,575,575,0
2022-06-28 10:07:00,575,575,575,575,0
2022-06-28 10:08:00,575,575,575,575,0
2022-06-28 10:09:00,575,575,575,575,0
2022-06-28 10:10:00,575,575,575,575,0
2022-06-28 10:11:00,575,575,575,575,0
2022-06-28 10:12:00,575,575,575,575,200
2022-06-28 10:13:00,575,575,575,575,0
2022-06-28 10:14:00,575,575,575,575,0
2022-06-28 10:15:00,575,575,575,575,0
2022-06-28 10:16:00,570,570,570,570,1600
2022-06-28 10:17:00,575,575,575,575,0
2022-06-28 10:18:00,575,575,575,575,400
2022-06-28 10:19:00,575,575,575,575,0
2022-06-28 10:20:00,575,575,575,575,200
2022-06-28 10:21:00,575,575,575,575,0
2022-06-28 10:22:00,575,575,575,575,0
2022-06-28 10:23:00,575,575,575,575,0
2022-06-28 10:24:00,575,575,575,575,0
2022-06-28 10:25:00,575,575,575,575,0
2022-06-28 10:26:00,575,575,575,575,0
2022-06-28 10:27:00,575,575,575,575,0
2022-06-28 10:28:00,575,575,575,575,0
2022-06-28 10:29:00,575,575,575,575,0
2022-06-28 10:30:00,575,575,575,575,0
2022-06-28 10:31:00,575,575,575,575,0
2022-06-28 10:32:00,575,575,575,575,0
2022-06-28 10:33:00,575,575,575,575,0
2022-06-28 10:34:00,575,575,575,575,0
2022-06-28 10:35:00,575,575,575,575,0
2022-06-28 10:36:00,575,575,575,575,0
2022-06-28 10:37:00,575,575,575,575,0
2022-06-28 10:38:00,575,575,575,575,0
2022-06-28 10:39:00,575,575,575,575,0
2022-06-28 10:40:00,575,575,575,575,0
2022-06-28 10:41:00,575,575,575,575,0
2022-06-28 10:42:00,575,575,575,575,0
2022-06-28 10:43:00,575,575,575,575,0
2022-06-28 10:44:00,575,575,575,575,0
2022-06-28 10:45:00,575,575,575,575,0
2022-06-28 10:46:00,575,575,575,575,0
2022-06-28 10:47:00,575,575,575,575,0
2022-06-28 10:48:00,575,575,575,575,0
2022-06-28 10:49:00,575,575,575,575,0
2022-06-28 10:50:00,575,575,575,575,0
2022-06-28 10:51:00,575,575,575,575,0
2022-06-28 10:52:00,575,575,575,575,0
2022-06-28 10:53:00,575,575,575,575,0
2022-06-28 10:54:00,575,575,575,575,0
2022-06-28 10:55:00,575,575,575,575,0
2022-06-28 10:56:00,575,575,575,575,0
2022-06-28 10:57:00,575,575,575,575,0
2022-06-28 10:58:00,570,570,570,570,9900
2022-06-28 10:59:00,575,575,575,575,300
2022-06-28 11:00:00,575,575,575,575,0
2022-06-28 11:01:00,575,575,575,575,0
2022-06-28 11:02:00,575,575,575,575,0
2022-06-28 11:03:00,575,575,575,575,0
2022-06-28 11:04:00,575,575,575,575,1000
2022-06-28 11:05:00,570,570,570,570,9500
2022-06-28 11:06:00,575,575,575,575,0
2022-06-28 11:07:00,575,575,575,575,0
2022-06-28 11:08:00,575,575,575,575,0
2022-06-28 11:09:00,575,575,575,575,0
2022-06-28 11:10:00,575,575,575,575,0
2022-06-28 11:11:00,575,575,575,575,0
2022-06-28 11:12:00,575,575,575,575,0
2022-06-28 11:13:00,575,575,575,575,0
2022-06-28 11:14:00,575,575,575,575,0
2022-06-28 11:15:00,575,575,575,575,0
2022-06-28 11:16:00,575,575,575,575,0
2022-06-28 11:17:00,575,575,575,575,0
2022-06-28 11:18:00,575,575,575,575,0
2022-06-28 11:19:00,575,575,575,575,0
2022-06-28 11:20:00,575,575,575,575,0
2022-06-28 11:21:00,575,575,575,575,0
2022-06-28 11:22:00,575,575,575,575,0
2022-06-28 11:23:00,570,570,570,570,15600
2022-06-28 11:24:00,575,575,575,575,0
2022-06-28 11:25:00,575,575,575,575,0
2022-06-28 11:26:00,575,575,575,575,0
2022-06-28 11:27:00,575,575,575,575,0
2022-06-28 11:28:00,575,575,575,575,0
2022-06-28 11:29:00,575,575,575,575,400
2022-06-28 11:30:00,575,575,575,575,0
2022-06-28 11:31:00,575,575,575,575,0
2022-06-28 11:32:00,575,575,575,575,0
2022-06-28 11:33:00,575,575,575,575,0
2022-06-28 11:34:00,575,575,575,575,0
2022-06-28 11:35:00,575,575,575,575,0
2022-06-28 11:36:00,575,575,575,575,0
2022-06-28 11:37:00,575,575,575,575,0
2022-06-28 11:38:00,575,575,575,575,0
2022-06-28 11:39:00,575,575,575,575,0
2022-06-28 11:40:00,575,575,575,575,0
2022-06-28 11:41:00,575,575,575,575,0
2022-06-28 11:42:00,575,575,575,575,0
2022-06-28 11:43:00,575,575,575,575,0
2022-06-28 11:44:00,575,575,575,575,0
2022-06-28 11:45:00,575,575,575,575,0
2022-06-28 11:46:00,575,575,575,575,0
2022-06-28 11:47:00,575,575,575,575,0
2022-06-28 11:48:00,575,575,575,575,0
2022-06-28 11:49:00,575,575,575,575,0
2022-06-28 11:50:00,575,575,575,575,0
2022-06-28 11:51:00,575,575,575,575,0
2022-06-28 11:52:00,575,575,575,575,0
2022-06-28 11:53:00,575,575,575,575,0
2022-06-28 11:54:00,575,575,575,575,0
2022-06-28 11:55:00,575,575,575,575,0
2022-06-28 11:56:00,575,575,575,575,0
2022-06-28 11:57:00,575,575,575,575,0
2022-06-28 11:58:00,575,575,575,575,0
2022-06-28 11:59:00,575,575,575,575,0
2022-06-28 12:00:00,575,575,575,575,0
2022-06-28 12:01:00,575,575,575,575,0
2022-06-28 12:02:00,575,575,575,575,0
2022-06-28 12:03:00,575,575,575,575,0
2022-06-28 12:04:00,575,575,575,575,0
2022-06-28 12:05:00,575,575,575,575,0
2022-06-28 12:06:00,575,575,575,575,0
2022-06-28 12:07:00,575,575,575,575,0
2022-06-28 12:08:00,575,575,575,575,0
2022-06-28 12:09:00,575,575,575,575,0
2022-06-28 12:10:00,575,575,575,575,0
2022-06-28 12:11:00,575,575,575,575,0
2022-06-28 12:12:00,575,575,575,575,0
2022-06-28 12:13:00,575,575,575,575,0
2022-06-28 12:14:00,575,575,575,575,0
2022-06-28 12:15:00,575,575,575,575,0
2022-06-28 12:16:00,575,575,575,575,0
2022-06-28 12:17:00,575,575,575,575,0
2022-06-28 12:18:00,575,575,575,575,0
2022-06-28 12:19:00,575,575,575,575,0
2022-06-28 12:20:00,575,575,575,575,0
2022-06-28 12:21:00,575,575,575,575,0
2022-06-28 12:22:00,575,575,575,575,0
2022-06-28 12:23:00,575,575,575,575,0
2022-06-28 12:24:00,575,575,575,575,0
2022-06-28 12:25:00,575,575,575,575,0
2022-06-28 12:26:00,575,575,575,575,0
2022-06-28 12:27:00,575,575,575,575,0
2022-06-28 12:28:00,575,575,575,575,0
2022-06-28 12:29:00,575,575,575,575,0
2022-06-28 12:30:00,575,575,575,575,0
2022-06-28 12:31:00,575,575,575,575,0
2022-06-28 12:32:00,575,575,575,575,0
2022-06-28 12:33:00,575,575,575,575,0
2022-06-28 12:34:00,575,575,575,575,0
2022-06-28 12:35:00,575,575,575,575,0
2022-06-28 12:36:00,575,575,575,575,0
2022-06-28 12:37:00,575,575,575,575,0
2022-06-28 12:38:00,575,575,575,575,0
2022-06-28 12:39:00,575,575,575,575,0
2022-06-28 12:40:00,575,575,575,575,0
2022-06-28 12:41:00,575,575,575,575,0
2022-06-28 12:42:00,575,575,575,575,0
2022-06-28 12:43:00,575,575,575,575,0
2022-06-28 12:44:00,575,575,575,575,0
2022-06-28 12:45:00,575,575,575,575,0
2022-06-28 12:46:00,575,575,575,575,0
2022-06-28 12:47:00,575,575,575,575,0
2022-06-28 12:48:00,575,575,575,575,0
2022-06-28 12:49:00,575,575,575,575,0
2022-06-28 12:50:00,575,575,575,575,0
2022-06-28 12:51:00,575,575,575,575,0
2022-06-28 12:52:00,575,575,575,575,0
2022-06-28 12:53:00,575,575,575,575,0
2022-06-28 12:54:00,575,575,575,575,0
2022-06-28 12:55:00,575,575,575,575,0
2022-06-28 12:56:00,575,575,575,575,0
2022-06-28 12:57:00,575,575,575,575,0
2022-06-28 12:58:00,575,575,575,575,0
2022-06-28 12:59:00,575,575,575,575,0
2022-06-28 13:00:00,575,575,575,575,0
2022-06-28 13:01:00,575,575,575,575,0
2022-06-28 13:02:00,575,575,575,575,0
2022-06-28 13:03:00,575,575,575,575,0
2022-06-28 13:04:00,575,575,575,575,0
2022-06-28 13:05:00,575,575,575,575,0
2022-06-28 13:06:00,575,575,575,575,0
2022-06-28 13:07:00,575,575,575,575,0
2022-06-28 13:08:00,575,575,575,575,0
2022-06-28 13:09:00,575,575,575,575,0
2022-06-28 13:10:00,575,575,575,575,0
2022-06-28 13:11:00,575,575,575,575,0
2022-06-28 13:12:00,575,575,575,575,0
2022-06-28 13:13:00,575,575,575,575,0
2022-06-28 13:14:00,575,575,575,575,0
2022-06-28 13:15:00,575,575,575,575,0
2022-06-28 13:16:00,575,575,575,575,0
2022-06-28 13:17:00,575,575,575,575,0
2022-06-28 13:18:00,575,575,575,575,0
2022-06-28 13:19:00,575,575,575,575,0
2022-06-28 13:20:00,575,575,575,575,0
2022-06-28 13:21:00,575,575,575,575,0
2022-06-28 13:22:00,575,575,575,575,0
2022-06-28 13:23:00,575,575,575,575,0
2022-06-28 13:24:00,575,575,575,575,0
2022-06-28 13:25:00,575,575,575,575,0
2022-06-28 13:26:00,575,575,575,575,0
2022-06-28 13:27:00,575,575,575,575,0
2022-06-28 13:28:00,575,575,575,575,0
2022-06-28 13:29:00,575,575,575,575,0
2022-06-28 13:30:00,575,575,575,575,400
2022-06-28 13:31:00,575,575,575,575,600
2022-06-28 13:32:00,575,575,575,575,0
2022-06-28 13:33:00,575,575,575,575,0
2022-06-28 13:34:00,575,575,575,575,0
2022-06-28 13:35:00,575,575,575,575,0
2022-06-28 13:36:00,575,575,575,575,0
2022-06-28 13:37:00,575,575,575,575,0
2022-06-28 13:38:00,575,575,575,575,0
2022-06-28 13:39:00,575,575,575,575,0
2022-06-28 13:40:00,575,575,575,575,0
2022-06-28 13:41:00,575,575,575,575,0
2022-06-28 13:42:00,575,575,575,575,0
2022-06-28 13:43:00,575,575,575,575,0
2022-06-28 13:44:00,575,575,575,575,0
2022-06-28 13:45:00,575,575,575,575,0
2022-06-28 13:46:00,575,575,575,575,0
2022-06-28 13:47:00,575,575,575,575,0
2022-06-28 13:48:00,575,575,575,575,0
2022-06-28 13:49:00,575,575,575,575,0
2022-06-28 13:50:00,575,575,575,575,0
2022-06-28 13:51:00,575,575,575,575,0
2022-06-28 13:52:00,575,575,575,575,0
2022-06-28 13:53:00,570,570,575,575,2600
2022-06-28 13:54:00,570,570,575,575,0
2022-06-28 13:55:00,570,570,575,575,0
2022-06-28 13:56:00,570,570,575,575,0
2022-06-28 13:57:00,570,570,575,575,0
2022-06-28 13:58:00,570,570,575,575,0
2022-06-28 13:59:00,570,570,575,575,0
2022-06-28 14:00:00,570,570,575,575,0
2022-06-28 14:01:00,570,570,575,575,0
2022-06-28 14:02:00,570,570,575,575,0
2022-06-28 14:03:00,570,570,575,575,0
2022-06-28 14:04:00,570,570,575,575,0
2022-06-28 14:05:00,570,570,575,575,0
2022-06-28 14:06:00,575,575,575,575,700
2022-06-28 14:07:00,575,575,575,575,0
2022-06-28 14:08:00,575,575,575,575,0
2022-06-28 14:09:00,575,575,575,575,0
2022-06-28 14:10:00,575,575,575,575,0
2022-06-28 14:11:00,575,575,575,575,0
2022-06-28 14:12:00,575,575,575,575,0
2022-06-28 14:13:00,575,575,575,575,0
2022-06-28 14:14:00,575,575,575,575,0
2022-06-28 14:15:00,575,575,575,575,0
2022-06-28 14:16:00,575,575,575,575,0
2022-06-28 14:17:00,575,575,575,575,0
2022-06-28 14:18:00,575,575,575,575,0
2022-06-28 14:19:00,575,575,575,575,0
2022-06-28 14:20:00,575,575,575,575,0
2022-06-28 14:21:00,575,575,575,575,0
2022-06-28 14:22:00,575,575,575,575,0
2022-06-28 14:23:00,575,575,575,575,0
2022-06-28 14:24:00,575,575,575,575,0
2022-06-28 14:25:00,575,575,575,575,0
2022-06-28 14:26:00,575,575,575,575,0
2022-06-28 14:27:00,575,575,575,575,0
2022-06-28 14:28:00,575,575,575,575,0
2022-06-28 14:29:00,575,575,575,575,0
2022-06-28 14:30:00,575,575,575,575,0
2022-06-28 14:31:00,575,575,575,575,0
2022-06-28 14:32:00,575,575,575,575,0
2022-06-28 14:33:00,575,575,575,575,0
2022-06-28 14:34:00,575,575,575,575,0
2022-06-28 14:35:00,575,575,575,575,0
2022-06-28 14:36:00,575,575,575,575,0
2022-06-28 14:37:00,570,570,570,570,11500
2022-06-28 14:38:00,575,575,575,575,0
2022-06-28 14:39:00,575,575,575,575,0
2022-06-28 14:40:00,575,575,575,575,0
2022-06-28 14:41:00,575,575,575,575,0
2022-06-28 14:42:00,575,575,575,575,0
2022-06-28 14:43:00,575,575,575,575,0
2022-06-28 14:44:00,575,575,575,575,0
2022-06-28 14:45:00,575,575,575,575,0
2022-06-28 14:46:00,575,575,575,575,0
2022-06-28 14:47:00,575,575,575,575,400
2022-06-28 14:48:00,575,575,575,575,400
2022-06-28 14:49:00,575,575,575,575,300
2022-06-28 14:50:00,575,575,575,575,0
2022-06-28 14:51:00,575,575,575,575,0
2022-06-28 14:52:00,575,575,575,575,0
2022-06-28 14:53:00,575,575,575,575,0
2022-06-28 14:54:00,575,575,575,575,0
2022-06-28 14:55:00,575,575,575,575,0
2022-06-28 14:56:00,575,575,575,575,0
2022-06-28 14:57:00,575,575,575,575,0
2022-06-28 14:58:00,575,575,575,575,0
2022-06-28 14:59:00,575,575,575,575,0
2022-06-28 15:00:00,575,575,575,575,187900
2022-06-28 15:01:00,575,575,575,575,0
2022-06-28 15:02:00,575,575,575,575,0
2022-06-28 15:03:00,575,575,575,575,0
2022-06-28 15:04:00,575,575,575,575,0
2022-06-28 15:05:00,575,575,575,575,0
2022-06-28 15:06:00,575,575,575,575,0
2022-06-28 15:07:00,575,575,575,575,0
2022-06-28 15:08:00,575,575,575,575,0
2022-06-28 15:09:00,575,575,575,575,0
2022-06-28 15:10:00,575,575,575,575,0
2022-06-28 15:11:00,575,575,575,575,0
2022-06-28 15:12:00,575,575,575,575,0
2022-06-28 15:13:00,575,575,575,575,0
2022-06-28 15:14:00,575,575,575,575,0
2022-06-28 15:15:00,575,575,575,575,0
2022-06-28 15:16:00,575,575,575,575,0
2022-06-28 15:17:00,575,575,575,575,0
2022-06-28 15:18:00,575,575,575,575,0
2022-06-28 15:19:00,575,575,575,575,0
2022-06-28 15:20:00,575,575,575,575,0
2022-06-28 15:21:00,575,575,575,575,0
2022-06-28 15:22:00,575,575,575,575,0
2022-06-28 15:23:00,575,575,575,575,0
2022-06-28 15:24:00,575,575,575,575,0
2022-06-28 15:25:00,575,575,575,575,0
2022-06-28 15:26:00,575,575,575,575,0
2022-06-28 15:27:00,575,575,575,575,0
2022-06-28 15:28:00,575,575,575,575,0
2022-06-28 15:29:00,575,575,575,575,0
2022-06-28 15:30:00,575,575,575,575,0
2022-06-28 15:31:00,575,575,575,575,0
2022-06-28 15:32:00,575,575,575,575,0
2022-06-28 15:33:00,575,575,575,575,0
2022-06-28 15:34:00,575,575,575,575,0
2022-06-28 15:35:00,575,575,575,575,0
2022-06-28 15:36:00,575,575,575,575,0
2022-06-28 15:37:00,575,575,575,575,0
2022-06-28 15:38:00,575,575,575,575,0
2022-06-28 15:39:00,575,575,575,575,0
2022-06-28 15:40:00,575,575,575,575,0
2022-06-28 15:41:00,575,575,575,575,0
2022-06-28 15:42:00,575,575,575,575,0
2022-06-28 15:43:00,575,575,575,575,0
2022-06-28 15:44:00,575,575,575,575,0
2022-06-28 15:45:00,575,575,575,575,0
2022-06-28 15:46:00,575,575,575,575,0
2022-06-28 15:47:00,575,575,575,575,0
2022-06-28 15:48:00,575,575,575,575,0
2022-06-28 15:49:00,575,575,575,575,0
2022-06-28 15:50:00,575,575,575,575,0
2022-06-28 15:51:00,575,575,575,575,0
2022-06-28 15:52:00,575,575,575,575,0
2022-06-28 15:53:00,575,575,575,575,0
2022-06-28 15:54:00,575,575,575,575,0
2022-06-28 15:55:00,575,575,575,575,0
2022-06-28 15:56:00,575,575,575,575,0
2022-06-28 15:57:00,575,575,575,575,0
2022-06-28 15:58:00,575,575,575,575,0
2022-06-28 15:59:00,575,575,575,575,0
2022-06-29 09:00:00,575,575,575,575,0
2022-06-29 09:01:00,575,575,575,575,0
2022-06-29 09:02:00,575,575,575,575,0
2022-06-29 09:03:00,575,575,575,575,0
2022-06-29 09:04:00,575,575,575,575,0
2022-06-29 09:05:00,575,575,575,575,200
2022-06-29 09:06:00,575,575,575,575,0
2022-06-29 09:07:00,575,575,575,575,61600
2022-06-29 09:08:00,575,575,575,575,0
2022-06-29 09:09:00,575,575,575,575,0
2022-06-29 09:10:00,575,575,575,575,0
2022-06-29 09:11:00,575,575,575,575,0
2022-06-29 09:12:00,575,575,575,575,0
2022-06-29 09:13:00,575,575,575,575,0
2022-06-29 09:14:00,575,575,575,575,0
2022-06-29 09:15:00,575,575,575,575,0
2022-06-29 09:16:00,575,575,575,575,0
2022-06-29 09:17:00,575,575,575,575,1000
2022-06-29 09:18:00,575,575,575,575,0
2022-06-29 09:19:00,575,575,575,575,0
2022-06-29 09:20:00,575,575,575,575,0
2022-06-29 09:21:00,575,575,575,575,0
2022-06-29 09:22:00,575,575,575,575,0
2022-06-29 09:23:00,575,575,575,575,0
2022-06-29 09:24:00,575,575,575,575,0
2022-06-29 09:25:00,575,575,575,575,0
2022-06-29 09:26:00,570,570,570,570,37200
2022-06-29 09:27:00,570,570,570,570,0
2022-06-29 09:28:00,570,570,570,570,8300
2022-06-29 09:29:00,570,570,570,570,0
2022-06-29 09:30:00,570,570,570,570,0
2022-06-29 09:31:00,570,570,570,570,0
2022-06-29 09:32:00,570,570,570,570,0
2022-06-29 09:33:00,570,570,570,570,0
2022-06-29 09:34:00,570,570,570,570,14400
2022-06-29 09:35:00,570,570,570,570,0
2022-06-29 09:36:00,570,570,570,570,0
2022-06-29 09:37:00,570,570,570,570,0
2022-06-29 09:38:00,570,570,570,570,0
2022-06-29 09:39:00,570,570,570,570,4900
2022-06-29 09:40:00,570,570,570,570,0
2022-06-29 09:41:00,570,570,570,570,0
2022-06-29 09:42:00,570,570,570,570,0
2022-06-29 09:43:00,570,570,570,570,0
2022-06-29 09:44:00,570,570,570,570,0
2022-06-29 09:45:00,565,565,570,570,1300
2022-06-29 09:46:00,570,570,570,570,400
2022-06-29 09:47:00,570,570,570,570,0
2022-06-29 09:48:00,570,570,570,570,0
2022-06-29 09:49:00,570,570,570,570,10700
2022-06-29 09:50:00,570,570,570,570,0
2022-06-29 09:51:00,570,570,570,570,0
2022-06-29 09:52:00,570,570,570,570,0
2022-06-29 09:53:00,570,570,575,575,30600
2022-06-29 09:54:00,575,575,575,575,0
2022-06-29 09:55:00,575,575,575,575,0
2022-06-29 09:56:00,575,575,575,575,0
2022-06-29 09:57:00,575,575,575,575,0
2022-06-29 09:58:00,575,575,575,575,0
2022-06-29 09:59:00,575,575,575,575,0
2022-06-29 10:00:00,575,575,575,575,0
2022-06-29 10:01:00,575,575,575,575,0
2022-06-29 10:02:00,575,575,575,575,0
2022-06-29 10:03:00,575,575,575,575,0
2022-06-29 10:04:00,575,575,575,575,0
2022-06-29 10:05:00,575,575,575,575,0
2022-06-29 10:06:00,575,575,575,575,0
2022-06-29 10:07:00,575,575,575,575,0
2022-06-29 10:08:00,575,575,575,575,0
2022-06-29 10:09:00,575,575,575,575,0
2022-06-29 10:10:00,575,575,575,575,0
2022-06-29 10:11:00,575,575,575,575,0
2022-06-29 10:12:00,575,575,575,575,0
2022-06-29 10:13:00,575,575,575,575,0
2022-06-29 10:14:00,575,575,575,575,0
2022-06-29 10:15:00,575,575,575,575,0
2022-06-29 10:16:00,575,575,575,575,0
2022-06-29 10:17:00,575,575,575,575,0
2022-06-29 10:18:00,575,575,575,575,0
2022-06-29 10:19:00,575,575,575,575,0
2022-06-29 10:20:00,575,575,575,575,0
2022-06-29 10:21:00,575,575,575,575,0
2022-06-29 10:22:00,575,575,575,575,0
2022-06-29 10:23:00,575,575,575,575,0
2022-06-29 10:24:00,575,575,575,575,0
2022-06-29 10:25:00,575,575,575,575,0
2022-06-29 10:26:00,575,575,575,575,0
2022-06-29 10:27:00,575,575,575,575,0
2022-06-29 10:28:00,575,575,575,575,0
2022-06-29 10:29:00,575,575,575,575,0
2022-06-29 10:30:00,575,575,575,575,0
2022-06-29 10:31:00,575,575,575,575,0
2022-06-29 10:32:00,575,575,575,575,0
2022-06-29 10:33:00,575,575,575,575,0
2022-06-29 10:34:00,575,575,575,575,0
2022-06-29 10:35:00,575,575,575,575,0
2022-06-29 10:36:00,575,575,575,575,0
2022-06-29 10:37:00,575,575,575,575,0
2022-06-29 10:38:00,575,575,575,575,0
2022-06-29 10:39:00,575,575,575,575,0
2022-06-29 10:40:00,575,575,575,575,1000
2022-06-29 10:41:00,575,575,575,575,0
2022-06-29 10:42:00,575,575,575,575,0
2022-06-29 10:43:00,575,575,575,575,0
2022-06-29 10:44:00,575,575,575,575,0
2022-06-29 10:45:00,575,575,575,575,0
2022-06-29 10:46:00,575,575,575,575,0
2022-06-29 10:47:00,575,575,575,575,0
2022-06-29 10:48:00,575,575,575,575,0
2022-06-29 10:49:00,570,570,570,570,18000
2022-06-29 10:50:00,575,575,575,575,0
2022-06-29 10:51:00,575,575,575,575,0
2022-06-29 10:52:00,575,575,575,575,0
2022-06-29 10:53:00,575,575,575,575,0
2022-06-29 10:54:00,575,575,575,575,0
2022-06-29 10:55:00,575,575,575,575,0
2022-06-29 10:56:00,575,575,575,575,0
2022-06-29 10:57:00,575,575,575,575,0
2022-06-29 10:58:00,575,575,575,575,0
2022-06-29 10:59:00,575,575,575,575,0
2022-06-29 11:00:00,575,575,575,575,0
2022-06-29 11:01:00,575,575,575,575,0
2022-06-29 11:02:00,575,575,575,575,0
2022-06-29 11:03:00,575,575,575,575,0
2022-06-29 11:04:00,575,575,575,575,1000
2022-06-29 11:05:00,575,575,575,575,0
2022-06-29 11:06:00,575,575,575,575,0
2022-06-29 11:07:00,575,575,575,575,0
2022-06-29 11:08:00,575,575,575,575,0
2022-06-29 11:09:00,575,575,575,575,0
2022-06-29 11:10:00,575,575,575,575,0
2022-06-29 11:11:00,575,575,575,575,0
2022-06-29 11:12:00,575,575,575,575,0
2022-06-29 11:13:00,570,570,575,575,3300
2022-06-29 11:14:00,570,570,575,575,0
2022-06-29 11:15:00,570,570,575,575,0
2022-06-29 11:16:00,570,570,575,575,0
2022-06-29 11:17:00,570,570,575,575,0
2022-06-29 11:18:00,570,570,575,575,0
2022-06-29 11:19:00,570,570,575,575,0
2022-06-29 11:20:00,570,570,575,575,0
2022-06-29 11:21:00,570,570,575,575,0
2022-06-29 11:22:00,570,570,575,575,0
2022-06-29 11:23:00,570,570,575,575,0
2022-06-29 11:24:00,570,570,575,575,0
2022-06-29 11:25:00,570,570,575,575,0
2022-06-29 11:26:00,570,570,575,575,0
2022-06-29 11:27:00,570,570,575,575,0
2022-06-29 11:28:00,570,570,575,575,0
2022-06-29 11:29:00,575,575,575,575,500
2022-06-29 11:30:00,575,575,575,575,0
2022-06-29 11:31:00,575,575,575,575,0
2022-06-29 11:32:00,575,575,575,575,0
2022-06-29 11:33:00,575,575,575,575,0
2022-06-29 11:34:00,575,575,575,575,0
2022-06-29 11:35:00,575,575,575,575,0
2022-06-29 11:36:00,575,575,575,575,0
2022-06-29 11:37:00,575,575,575,575,0
2022-06-29 11:38:00,575,575,575,575,0
2022-06-29 11:39:00,575,575,575,575,0
2022-06-29 11:40:00,575,575,575,575,0
2022-06-29 11:41:00,575,575,575,575,0
2022-06-29 11:42:00,575,575,575,575,0
2022-06-29 11:43:00,575,575,575,575,0
2022-06-29 11:44:00,575,575,575,575,0
2022-06-29 11:45:00,575,575,575,575,0
2022-06-29 11:46:00,575,575,575,575,0
2022-06-29 11:47:00,575,575,575,575,0
2022-06-29 11:48:00,575,575,575,575,0
2022-06-29 11:49:00,575,575,575,575,0
2022-06-29 11:50:00,575,575,575,575,0
2022-06-29 11:51:00,575,575,575,575,0
2022-06-29 11:52:00,575,575,575,575,0
2022-06-29 11:53:00,575,575,575,575,0
2022-06-29 11:54:00,575,575,575,575,0
2022-06-29 11:55:00,575,575,575,575,0
2022-06-29 11:56:00,575,575,575,575,0
2022-06-29 11:57:00,575,575,575,575,0
2022-06-29 11:58:00,575,575,575,575,0
2022-06-29 11:59:00,575,575,575,575,0
2022-06-29 12:00:00,575,575,575,575,0
2022-06-29 12:01:00,575,575,575,575,0
2022-06-29 12:02:00,575,575,575,575,0
2022-06-29 12:03:00,575,575,575,575,0
2022-06-29 12:04:00,575,575,575,575,0
2022-06-29 12:05:00,575,575,575,575,0
2022-06-29 12:06:00,575,575,575,575,0
2022-06-29 12:07:00,575,575,575,575,0
2022-06-29 12:08:00,575,575,575,575,0
2022-06-29 12:09:00,575,575,575,575,0
2022-06-29 12:10:00,575,575,575,575,0
2022-06-29 12:11:00,575,575,575,575,0
2022-06-29 12:12:00,575,575,575,575,0
2022-06-29 12:13:00,575,575,575,575,0
2022-06-29 12:14:00,575,575,575,575,0
2022-06-29 12:15:00,575,575,575,575,0
2022-06-29 12:16:00,575,575,575,575,0
2022-06-29 12:17:00,575,575,575,575,0
2022-06-29 12:18:00,575,575,575,575,0
2022-06-29 12:19:00,575,575,575,575,0
2022-06-29 12:20:00,575,575,575,575,0
2022-06-29 12:21:00,575,575,575,575,0
2022-06-29 12:22:00,575,575,575,575,0
2022-06-29 12:23:00,575,575,575,575,0
2022-06-29 12:24:00,575,575,575,575,0
2022-06-29 12:25:00,575,575,575,575,0
2022-06-29 12:26:00,575,575,575,575,0
2022-06-29 12:27:00,575,575,575,575,0
2022-06-29 12:28:00,575,575,575,575,0
2022-06-29 12:29:00,575,575,575,575,0
2022-06-29 12:30:00,575,575,575,575,0
2022-06-29 12:31:00,575,575,575,575,0
2022-06-29 12:32:00,575,575,575,575,0
2022-06-29 12:33:00,575,575,575,575,0
2022-06-29 12:34:00,575,575,575,575,0
2022-06-29 12:35:00,575,575,575,575,0
2022-06-29 12:36:00,575,575,575,575,0
2022-06-29 12:37:00,575,575,575,575,0
2022-06-29 12:38:00,575,575,575,575,0
2022-06-29 12:39:00,575,575,575,575,0
2022-06-29 12:40:00,575,575,575,575,0
2022-06-29 12:41:00,575,575,575,575,0
2022-06-29 12:42:00,575,575,575,575,0
2022-06-29 12:43:00,575,575,575,575,0
2022-06-29 12:44:00,575,575,575,575,0
2022-06-29 12:45:00,575,575,575,575,0
2022-06-29 12:46:00,575,575,575,575,0
2022-06-29 12:47:00,575,575,575,575,0
2022-06-29 12:48:00,575,575,575,575,0
2022-06-29 12:49:00,575,575,575,575,0
2022-06-29 12:50:00,575,575,575,575,0
2022-06-29 12:51:00,575,575,575,575,0
2022-06-29 12:52:00,575,575,575,575,0
2022-06-29 12:53:00,575,575,575,575,0
2022-06-29 12:54:00,575,575,575,575,0
2022-06-29 12:55:00,575,575,575,575,0
2022-06-29 12:56:00,575,575,575,575,0
2022-06-29 12:57:00,575,575,575,575,0
2022-06-29 12:58:00,575,575,575,575,0
2022-06-29 12:59:00,575,575,575,575,0
2022-06-29 13:00:00,575,575,575,575,0
2022-06-29 13:01:00,575,575,575,575,0
2022-06-29 13:02:00,575,575,575,575,0
2022-06-29 13:03:00,575,575,575,575,0
2022-06-29 13:04:00,575,575,575,575,0
2022-06-29 13:05:00,575,575,575,575,0
2022-06-29 13:06:00,575,575,575,575,0
2022-06-29 13:07:00,575,575,575,575,0
2022-06-29 13:08:00,575,575,575,575,0
2022-06-29 13:09:00,575,575,575,575,0
2022-06-29 13:10:00,575,575,575,575,0
2022-06-29 13:11:00,575,575,575,575,0
2022-06-29 13:12:00,575,575,575,575,0
2022-06-29 13:13:00,575,575,575,575,0
2022-06-29 13:14:00,575,575,575,575,0
2022-06-29 13:15:00,575,575,575,575,0
2022-06-29 13:16:00,575,575,575,575,0
2022-06-29 13:17:00,575,575,575,575,0
2022-06-29 13:18:00,575,575,575,575,0
2022-06-29 13:19:00,575,575,575,575,0
2022-06-29 13:20:00,575,575,575,575,0
2022-06-29 13:21:00,575,575,575,575,0
2022-06-29 13:22:00,575,575,575,575,0
2022-06-29 13:23:00,575,575,575,575,0
2022-06-29 13:24:00,575,575,575,575,0
2022-06-29 13:25:00,575,575,575,575,0
2022-06-29 13:26:00,575,575,575,575,0
2022-06-29 13:27:00,575,575,575,575,0
2022-06-29 13:28:00,575,575,575,575,0
2022-06-29 13:29:00,575,575,575,575,0
2022-06-29 13:30:00,570,570,570,570,400
2022-06-29 13:31:00,575,575,575,575,400
2022-06-29 13:32:00,575,575,575,575,0
2022-06-29 13:33:00,575,575,575,575,0
2022-06-29 13:34:00,575,575,575,575,0
2022-06-29 13:35:00,575,575,575,575,0
2022-06-29 13:36:00,575,575,575,575,0
2022-06-29 13:37:00,575,575,575,575,0
2022-06-29 13:38:00,575,575,575,575,0
2022-06-29 13:39:00,575,575,575,575,0
2022-06-29 13:40:00,575,575,575,575,0
2022-06-29 13:41:00,575,575,575,575,0
2022-06-29 13:42:00,575,575,575,575,0
2022-06-29 13:43:00,575,575,575,575,0
2022-06-29 13:44:00,575,575,575,575,0
2022-06-29 13:45:00,575,575,575,575,0
2022-06-29 13:46:00,575,575,575,575,0
2022-06-29 13:47:00,575,575,575,575,0
2022-06-29 13:48:00,575,575,575,575,0
2022-06-29 13:49:00,575,575,575,575,0
2022-06-29 13:50:00,575,575,575,575,0
2022-06-29 13:51:00,575,575,575,575,0
2022-06-29 13:52:00,575,575,575,575,0
2022-06-29 13:53:00,575,575,575,575,0
2022-06-29 13:54:00,575,575,575,575,0
2022-06-29 13:55:00,575,575,575,575,0
2022-06-29 13:56:00,575,575,575,575,0
2022-06-29 13:57:00,575,575,575,575,0
2022-06-29 13:58:00,575,575,575,575,0
2022-06-29 13:59:00,575,575,575,575,0
2022-06-29 14:00:00,575,575,575,575,0
2022-06-29 14:01:00,575,575,575,575,0
2022-06-29 14:02:00,575,575,575,575,0
2022-06-29 14:03:00,575,575,575,575,0
2022-06-29 14:04:00,575,575,575,575,0
2022-06-29 14:05:00,575,575,575,575,0
2022-06-29 14:06:00,575,575,575,575,0
2022-06-29 14:07:00,575,575,575,575,0
2022-06-29 14:08:00,575,575,575,575,0
2022-06-29 14:09:00,575,575,575,575,0
2022-06-29 14:10:00,575,575,575,575,0
2022-06-29 14:11:00,575,575,575,575,0
2022-06-29 14:12:00,575,575,575,575,0
2022-06-29 14:13:00,575,575,575,575,0
2022-06-29 14:14:00,575,575,575,575,0
2022-06-29 14:15:00,575,575,575,575,0
2022-06-29 14:16:00,575,575,575,575,0
2022-06-29 14:17:00,570,570,570,570,4300
2022-06-29 14:18:00,570,570,570,570,0
2022-06-29 14:19:00,570,570,570,570,34600
2022-06-29 14:20:00,570,570,575,575,0
2022-06-29 14:21:00,570,570,575,575,0
2022-06-29 14:22:00,570,570,575,575,0
2022-06-29 14:23:00,570,570,575,575,0
2022-06-29 14:24:00,570,570,575,575,0
2022-06-29 14:25:00,570,570,575,575,0
2022-06-29 14:26:00,575,575,575,575,300
2022-06-29 14:27:00,575,575,575,575,0
2022-06-29 14:28:00,575,575,575,575,0
2022-06-29 14:29:00,575,575,575,575,0
2022-06-29 14:30:00,575,575,575,575,0
2022-06-29 14:31:00,575,575,575,575,7400
2022-06-29 14:32:00,575,575,575,575,0
2022-06-29 14:33:00,570,570,570,570,0
2022-06-29 14:34:00,570,570,575,575,700
2022-06-29 14:35:00,575,575,575,575,100
2022-06-29 14:36:00,575,575,575,575,0
2022-06-29 14:37:00,575,575,575,575,200
2022-06-29 14:38:00,575,575,575,575,0
2022-06-29 14:39:00,575,575,575,575,0
2022-06-29 14:40:00,575,575,575,575,0
2022-06-29 14:41:00,575,575,575,575,0
2022-06-29 14:42:00,575,575,575,575,0
2022-06-29 14:43:00,575,575,575,575,0
2022-06-29 14:44:00,575,575,575,575,0
2022-06-29 14:45:00,575,575,575,575,0
2022-06-29 14:46:00,575,575,575,575,0
2022-06-29 14:47:00,575,575,575,575,800
2022-06-29 14:48:00,575,570,575,570,1600
2022-06-29 14:49:00,570,570,575,575,52400
2022-06-29 14:50:00,570,570,575,575,0
2022-06-29 14:51:00,570,570,575,575,0
2022-06-29 14:52:00,570,570,575,575,0
2022-06-29 14:53:00,570,570,575,575,0
2022-06-29 14:54:00,570,570,575,575,0
2022-06-29 14:55:00,570,570,575,575,0
2022-06-29 14:56:00,570,570,575,575,0
2022-06-29 14:57:00,570,570,575,575,0
2022-06-29 14:58:00,570,570,575,575,0
2022-06-29 14:59:00,570,570,575,575,0
2022-06-29 15:00:00,575,575,575,575,391900
2022-06-29 15:01:00,575,575,575,575,0
2022-06-29 15:02:00,575,575,575,575,0
2022-06-29 15:03:00,575,575,575,575,0
2022-06-29 15:04:00,575,575,575,575,0
2022-06-29 15:05:00,575,575,575,575,0
2022-06-29 15:06:00,575,575,575,575,0
2022-06-29 15:07:00,575,575,575,575,0
2022-06-29 15:08:00,575,575,575,575,0
2022-06-29 15:09:00,575,575,575,575,0
2022-06-29 15:10:00,575,575,575,575,0
2022-06-29 15:11:00,575,575,575,575,0
2022-06-29 15:12:00,575,575,575,575,0
2022-06-29 15:13:00,575,575,575,575,0
2022-06-29 15:14:00,575,575,575,575,0
2022-06-29 15:15:00,575,575,575,575,0
2022-06-29 15:16:00,575,575,575,575,0
2022-06-29 15:17:00,575,575,575,575,0
2022-06-29 15:18:00,575,575,575,575,0
2022-06-29 15:19:00,575,575,575,575,0
2022-06-29 15:20:00,575,575,575,575,0
2022-06-29 15:21:00,575,575,575,575,0
2022-06-29 15:22:00,575,575,575,575,0
2022-06-29 15:23:00,575,575,575,575,0
2022-06-29 15:24:00,575,575,575,575,0
2022-06-29 15:25:00,575,575,575,575,0
2022-06-29 15:26:00,575,575,575,575,0
2022-06-29 15:27:00,575,575,575,575,0
2022-06-29 15:28:00,575,575,575,575,0
2022-06-29 15:29:00,575,575,575,575,0
2022-06-29 15:30:00,575,575,575,575,0
2022-06-29 15:31:00,575,575,575,575,0
2022-06-29 15:32:00,575,575,575,575,0
2022-06-29 15:33:00,575,575,575,575,0
2022-06-29 15:34:00,575,575,575,575,0
2022-06-29 15:35:00,575,575,575,575,0
2022-06-29 15:36:00,575,575,575,575,0
2022-06-29 15:37:00,575,575,575,575,0
2022-06-29 15:38:00,575,575,575,575,0
2022-06-29 15:39:00,575,575,575,575,0
2022-06-29 15:40:00,575,575,575,575,0
2022-06-29 15:41:00,575,575,575,575,0
2022-06-29 15:42:00,575,575,575,575,0
2022-06-29 15:43:00,575,575,575,575,0
2022-06-29 15:44:00,575,575,575,575,0
2022-06-29 15:45:00,575,575,575,575,0
2022-06-29 15:46:00,575,575,575,575,0
2022-06-29 15:47:00,575,575,575,575,0
2022-06-29 15:48:00,575,575,575,575,0
2022-06-29 15:49:00,575,575,575,575,0
2022-06-29 15:50:00,575,575,575,575,0
2022-06-29 15:51:00,575,575,575,575,0
2022-06-29 15:52:00,575,575,575,575,0
2022-06-29 15:53:00,575,575,575,575,0
2022-06-29 15:54:00,575,575,575,575,0
2022-06-29 15:55:00,575,575,575,575,0
2022-06-29 15:56:00,575,575,575,575,0
2022-06-29 15:57:00,575,575,575,575,0
2022-06-29 15:58:00,575,575,575,575,0
2022-06-29 15:59:00,575,575,575,575,0
2022-06-30 09:00:00,575,575,575,575,0
2022-06-30 09:01:00,575,575,575,575,0
2022-06-30 09:02:00,575,575,575,575,0
2022-06-30 09:03:00,575,575,575,575,1000
2022-06-30 09:04:00,575,575,575,575,0
2022-06-30 09:05:00,575,575,575,575,0
2022-06-30 09:06:00,575,575,575,575,1800
2022-06-30 09:07:00,575,575,575,575,0
2022-06-30 09:08:00,575,575,575,575,0
2022-06-30 09:09:00,575,575,575,575,0
2022-06-30 09:10:00,575,575,575,575,0
2022-06-30 09:11:00,570,570,575,575,0
2022-06-30 09:12:00,570,570,575,575,0
2022-06-30 09:13:00,570,570,570,570,900
2022-06-30 09:14:00,575,575,575,575,0
2022-06-30 09:15:00,575,575,575,575,0
2022-06-30 09:16:00,575,575,575,575,0
2022-06-30 09:17:00,575,575,575,575,0
2022-06-30 09:18:00,575,575,575,575,0
2022-06-30 09:19:00,575,575,575,575,0
2022-06-30 09:20:00,575,575,575,575,0
2022-06-30 09:21:00,575,575,575,575,0
2022-06-30 09:22:00,570,570,570,570,1300
2022-06-30 09:23:00,570,570,570,570,0
2022-06-30 09:24:00,570,570,570,570,0
2022-06-30 09:25:00,570,570,570,570,0
2022-06-30 09:26:00,570,570,575,575,49700
2022-06-30 09:27:00,570,570,575,575,0
2022-06-30 09:28:00,570,570,575,575,0
2022-06-30 09:29:00,570,570,575,575,0
2022-06-30 09:30:00,570,570,575,575,0
2022-06-30 09:31:00,570,570,575,575,0
2022-06-30 09:32:00,570,570,575,575,0
2022-06-30 09:33:00,570,570,575,575,0
2022-06-30 09:34:00,575,575,575,575,1200
2022-06-30 09:35:00,575,575,575,575,0
2022-06-30 09:36:00,575,575,575,575,0
2022-06-30 09:37:00,575,575,575,575,0
2022-06-30 09:38:00,575,575,575,575,0
2022-06-30 09:39:00,575,575,575,575,0
2022-06-30 09:40:00,575,575,575,575,0
2022-06-30 09:41:00,575,575,575,575,0
2022-06-30 09:42:00,575,575,575,575,0
2022-06-30 09:43:00,575,575,575,575,0
2022-06-30 09:44:00,575,575,575,575,0
2022-06-30 09:45:00,575,575,575,575,0
2022-06-30 09:46:00,575,575,575,575,0
2022-06-30 09:47:00,575,575,575,575,0
2022-06-30 09:48:00,575,575,575,575,0
2022-06-30 09:49:00,575,575,575,575,0
2022-06-30 09:50:00,575,575,575,575,0
2022-06-30 09:51:00,575,575,575,575,0
2022-06-30 09:52:00,575,575,575,575,0
2022-06-30 09:53:00,575,575,575,575,0
2022-06-30 09:54:00,575,575,575,575,0
2022-06-30 09:55:00,575,575,575,575,0
2022-06-30 09:56:00,575,575,575,575,0
2022-06-30 09:57:00,575,575,575,575,0
2022-06-30 09:58:00,575,575,575,575,0
2022-06-30 09:59:00,575,575,575,575,0
2022-06-30 10:00:00,575,575,575,575,0
2022-06-30 10:01:00,575,575,575,575,0
2022-06-30 10:02:00,575,575,575,575,0
2022-06-30 10:03:00,575,575,575,575,0
2022-06-30 10:04:00,575,575,575,575,0
2022-06-30 10:05:00,575,575,575,575,0
2022-06-30 10:06:00,575,575,575,575,0
2022-06-30 10:07:00,575,575,575,575,0
2022-06-30 10:08:00,575,575,575,575,0
2022-06-30 10:09:00,575,575,575,575,0
2022-06-30 10:10:00,575,575,575,575,0
2022-06-30 10:11:00,575,575,575,575,0
2022-06-30 10:12:00,575,575,575,575,0
2022-06-30 10:13:00,575,575,575,575,0
2022-06-30 10:14:00,575,575,575,575,0
2022-06-30 10:15:00,575,575,575,575,0
2022-06-30 10:16:00,575,575,575,575,0
2022-06-30 10:17:00,575,575,575,575,0
2022-06-30 10:18:00,575,575,575,575,0
2022-06-30 10:19:00,575,575,575,575,0
2022-06-30 10:20:00,575,575,575,575,0
2022-06-30 10:21:00,575,575,575,575,0
2022-06-30 10:22:00,575,575,575,575,0
2022-06-30 10:23:00,575,575,575,575,0
2022-06-30 10:24:00,575,575,575,575,0
2022-06-30 10:25:00,575,575,575,575,0
2022-06-30 10:26:00,575,575,575,575,0
2022-06-30 10:27:00,575,575,575,575,0
2022-06-30 10:28:00,575,575,575,575,0
2022-06-30 10:29:00,575,575,575,575,0
2022-06-30 10:30:00,575,575,575,575,0
2022-06-30 10:31:00,575,575,575,575,0
2022-06-30 10:32:00,575,575,575,575,0
2022-06-30 10:33:00,575,575,575,575,0
2022-06-30 10:34:00,575,575,575,575,0
2022-06-30 10:35:00,575,575,575,575,0
2022-06-30 10:36:00,575,575,575,575,0
2022-06-30 10:37:00,575,575,575,575,0
2022-06-30 10:38:00,575,575,575,575,100
2022-06-30 10:39:00,575,575,575,575,0
2022-06-30 10:40:00,575,575,575,575,0
2022-06-30 10:41:00,575,575,575,575,0
2022-06-30 10:42:00,575,575,575,575,0
2022-06-30 10:43:00,575,575,575,575,0
2022-06-30 10:44:00,575,575,575,575,0
2022-06-30 10:45:00,575,575,575,575,0
2022-06-30 10:46:00,575,575,575,575,0
2022-06-30 10:47:00,575,575,575,575,0
2022-06-30 10:48:00,575,575,575,575,0
2022-06-30 10:49:00,575,575,575,575,0
2022-06-30 10:50:00,575,575,575,575,0
2022-06-30 10:51:00,575,575,575,575,0
2022-06-30 10:52:00,575,575,575,575,0
2022-06-30 10:53:00,575,575,575,575,0
2022-06-30 10:54:00,575,575,575,575,0
2022-06-30 10:55:00,575,575,575,575,0
2022-06-30 10:56:00,575,575,575,575,0
2022-06-30 10:57:00,575,575,575,575,0
2022-06-30 10:58:00,575,575,575,575,0
2022-06-30 10:59:00,575,575,575,575,0
2022-06-30 11:00:00,570,570,575,575,2800
2022-06-30 11:01:00,575,575,575,575,100
2022-06-30 11:02:00,575,575,575,575,0
2022-06-30 11:03:00,575,575,575,575,0
2022-06-30 11:04:00,575,575,575,575,0
2022-06-30 11:05:00,575,575,575,575,0
2022-06-30 11:06:00,575,575,575,575,0
2022-06-30 11:07:00,575,575,575,575,0
2022-06-30 11:08:00,575,575,575,575,0
2022-06-30 11:09:00,575,575,575,575,0
2022-06-30 11:10:00,570,570,570,570,2300
2022-06-30 11:11:00,570,570,570,570,0
2022-06-30 11:12:00,570,570,570,570,0
2022-06-30 11:13:00,570,570,575,575,3500
2022-06-30 11:14:00,570,570,575,575,0
2022-06-30 11:15:00,570,570,575,575,0
2022-06-30 11:16:00,570,570,575,575,0
2022-06-30 11:17:00,570,570,575,575,0
2022-06-30 11:18:00,570,570,575,575,0
2022-06-30 11:19:00,570,570,575,575,0
2022-06-30 11:20:00,570,570,575,575,0
2022-06-30 11:21:00,570,570,575,575,0
2022-06-30 11:22:00,570,570,575,575,0
2022-06-30 11:23:00,570,570,575,575,0
2022-06-30 11:24:00,570,570,575,575,0
2022-06-30 11:25:00,570,570,575,575,0
2022-06-30 11:26:00,570,570,575,575,0
2022-06-30 11:27:00,570,570,575,575,0
2022-06-30 11:28:00,570,570,575,575,0
2022-06-30 11:29:00,570,570,575,575,0
2022-06-30 11:30:00,570,570,575,575,0
2022-06-30 11:31:00,570,570,575,575,0
2022-06-30 11:32:00,570,570,575,575,0
2022-06-30 11:33:00,570,570,575,575,0
2022-06-30 11:34:00,570,570,575,575,0
2022-06-30 11:35:00,570,570,575,575,0
2022-06-30 11:36:00,570,570,575,575,0
2022-06-30 11:37:00,570,570,575,575,0
2022-06-30 11:38:00,570,570,575,575,0
2022-06-30 11:39:00,570,570,575,575,0
2022-06-30 11:40:00,570,570,575,575,0
2022-06-30 11:41:00,570,570,575,575,0
2022-06-30 11:42:00,570,570,575,575,0
2022-06-30 11:43:00,570,570,575,575,0
2022-06-30 11:44:00,570,570,575,575,0
2022-06-30 11:45:00,570,570,575,575,0
2022-06-30 11:46:00,570,570,575,575,0
2022-06-30 11:47:00,570,570,575,575,0
2022-06-30 11:48:00,570,570,575,575,0
2022-06-30 11:49:00,570,570,575,575,0
2022-06-30 11:50:00,570,570,575,575,0
2022-06-30 11:51:00,570,570,575,575,0
2022-06-30 11:52:00,570,570,575,575,0
2022-06-30 11:53:00,570,570,575,575,0
2022-06-30 11:54:00,570,570,575,575,0
2022-06-30 11:55:00,570,570,575,575,0
2022-06-30 11:56:00,570,570,575,575,0
2022-06-30 11:57:00,570,570,575,575,0
2022-06-30 11:58:00,570,570,575,575,0
2022-06-30 11:59:00,570,570,575,575,0
2022-06-30 12:00:00,570,570,575,575,0
2022-06-30 12:01:00,570,570,575,575,0
2022-06-30 12:02:00,570,570,575,575,0
2022-06-30 12:03:00,570,570,575,575,0
2022-06-30 12:04:00,570,570,575,575,0
2022-06-30 12:05:00,570,570,575,575,0
2022-06-30 12:06:00,570,570,575,575,0
2022-06-30 12:07:00,570,570,575,575,0
2022-06-30 12:08:00,570,570,575,575,0
2022-06-30 12:09:00,570,570,575,575,0
2022-06-30 12:10:00,570,570,575,575,0
2022-06-30 12:11:00,570,570,575,575,0
2022-06-30 12:12:00,570,570,575,575,0
2022-06-30 12:13:00,570,570,575,575,0
2022-06-30 12:14:00,570,570,575,575,0
2022-06-30 12:15:00,570,570,575,575,0
2022-06-30 12:16:00,570,570,575,575,0
2022-06-30 12:17:00,570,570,575,575,0
2022-06-30 12:18:00,570,570,575,575,0
2022-06-30 12:19:00,570,570,575,575,0
2022-06-30 12:20:00,570,570,575,575,0
2022-06-30 12:21:00,570,570,575,575,0
2022-06-30 12:22:00,570,570,575,575,0
2022-06-30 12:23:00,570,570,575,575,0
2022-06-30 12:24:00,570,570,575,575,0
2022-06-30 12:25:00,570,570,575,575,0
2022-06-30 12:26:00,570,570,575,575,0
2022-06-30 12:27:00,570,570,575,575,0
2022-06-30 12:28:00,570,570,575,575,0
2022-06-30 12:29:00,570,570,575,575,0
2022-06-30 12:30:00,570,570,575,575,0
2022-06-30 12:31:00,570,570,575,575,0
2022-06-30 12:32:00,570,570,575,575,0
2022-06-30 12:33:00,570,570,575,575,0
2022-06-30 12:34:00,570,570,575,575,0
2022-06-30 12:35:00,570,570,575,575,0
2022-06-30 12:36:00,570,570,575,575,0
2022-06-30 12:37:00,570,570,575,575,0
2022-06-30 12:38:00,570,570,575,575,0
2022-06-30 12:39:00,570,570,575,575,0
2022-06-30 12:40:00,570,570,575,575,0
2022-06-30 12:41:00,570,570,575,575,0
2022-06-30 12:42:00,570,570,575,575,0
2022-06-30 12:43:00,570,570,575,575,0
2022-06-30 12:44:00,570,570,575,575,0
2022-06-30 12:45:00,570,570,575,575,0
2022-06-30 12:46:00,570,570,575,575,0
2022-06-30 12:47:00,570,570,575,575,0
2022-06-30 12:48:00,570,570,575,575,0
2022-06-30 12:49:00,570,570,575,575,0
2022-06-30 12:50:00,570,570,575,575,0
2022-06-30 12:51:00,570,570,575,575,0
2022-06-30 12:52:00,570,570,575,575,0
2022-06-30 12:53:00,570,570,575,575,0
2022-06-30 12:54:00,570,570,575,575,0
2022-06-30 12:55:00,570,570,575,575,0
2022-06-30 12:56:00,570,570,575,575,0
2022-06-30 12:57:00,570,570,575,575,0
2022-06-30 12:58:00,570,570,575,575,0
2022-06-30 12:59:00,570,570,575,575,0
2022-06-30 13:00:00,570,570,575,575,0
2022-06-30 13:01:00,570,570,575,575,0
2022-06-30 13:02:00,570,570,575,575,0
2022-06-30 13:03:00,570,570,575,575,0
2022-06-30 13:04:00,570,570,575,575,0
2022-06-30 13:05:00,570,570,575,575,0
2022-06-30 13:06:00,570,570,575,575,0
2022-06-30 13:07:00,570,570,575,575,0
2022-06-30 13:08:00,570,570,575,575,0
2022-06-30 13:09:00,570,570,575,575,0
2022-06-30 13:10:00,570,570,575,575,0
2022-06-30 13:11:00,570,570,575,575,0
2022-06-30 13:12:00,570,570,575,575,0
2022-06-30 13:13:00,570,570,575,575,0
2022-06-30 13:14:00,570,570,575,575,0
2022-06-30 13:15:00,570,570,575,575,0
2022-06-30 13:16:00,570,570,575,575,0
2022-06-30 13:17:00,570,570,575,575,0
2022-06-30 13:18:00,570,570,575,575,0
2022-06-30 13:19:00,570,570,575,575,0
2022-06-30 13:20:00,570,570,575,575,0
2022-06-30 13:21:00,570,570,575,575,0
2022-06-30 13:22:00,570,570,575,575,0
2022-06-30 13:23:00,570,570,575,575,0
2022-06-30 13:24:00,570,570,575,575,0
2022-06-30 13:25:00,570,570,575,575,0
2022-06-30 13:26:00,570,570,575,575,0
2022-06-30 13:27:00,570,570,575,575,0
2022-06-30 13:28:00,570,570,575,575,0
2022-06-30 13:29:00,570,570,575,575,0
2022-06-30 13:30:00,570,570,575,575,0
2022-06-30 13:31:00,570,570,575,575,0
2022-06-30 13:32:00,570,570,575,575,0
2022-06-30 13:33:00,570,570,575,575,0
2022-06-30 13:34:00,570,570,575,575,0
2022-06-30 13:35:00,570,570,575,575,0
2022-06-30 13:36:00,570,570,575,575,0
2022-06-30 13:37:00,570,570,575,575,0
2022-06-30 13:38:00,570,570,575,575,0
2022-06-30 13:39:00,570,570,575,575,0
2022-06-30 13:40:00,570,570,575,575,0
2022-06-30 13:41:00,570,570,575,575,0
2022-06-30 13:42:00,570,570,575,575,0
2022-06-30 13:43:00,570,570,575,575,0
2022-06-30 13:44:00,570,570,575,575,0
2022-06-30 13:45:00,570,570,575,575,0
2022-06-30 13:46:00,570,570,575,575,0
2022-06-30 13:47:00,570,570,575,575,0
2022-06-30 13:48:00,570,570,575,575,0
2022-06-30 13:49:00,570,570,575,575,0
2022-06-30 13:50:00,570,570,575,575,0
2022-06-30 13:51:00,570,570,575,575,0
2022-06-30 13:52:00,570,570,575,575,0
2022-06-30 13:53:00,570,570,575,575,0
2022-06-30 13:54:00,570,570,575,575,0
2022-06-30 13:55:00,570,570,575,575,0
2022-06-30 13:56:00,570,570,575,575,0
2022-06-30 13:57:00,570,570,570,570,3900
2022-06-30 13:58:00,570,570,570,570,0
2022-06-30 13:59:00,570,570,570,570,0
2022-06-30 14:00:00,570,570,570,570,0
2022-06-30 14:01:00,570,570,570,570,0
2022-06-30 14:02:00,570,570,570,570,0
2022-06-30 14:03:00,570,570,570,570,0
2022-06-30 14:04:00,570,570,570,570,0
2022-06-30 14:05:00,570,570,570,570,0
2022-06-30 14:06:00,570,570,570,570,0
2022-06-30 14:07:00,570,570,570,570,0
2022-06-30 14:08:00,570,570,570,570,0
2022-06-30 14:09:00,570,570,570,570,0
2022-06-30 14:10:00,570,570,570,570,0
2022-06-30 14:11:00,570,570,570,570,0
2022-06-30 14:12:00,570,570,570,570,0
2022-06-30 14:13:00,570,570,570,570,0
2022-06-30 14:14:00,570,570,570,570,0
2022-06-30 14:15:00,570,570,570,570,0
2022-06-30 14:16:00,570,570,570,570,0
2022-06-30 14:17:00,570,570,570,570,0
2022-06-30 14:18:00,570,570,570,570,0
2022-06-30 14:19:00,570,570,570,570,0
2022-06-30 14:20:00,570,570,570,570,0
2022-06-30 14:21:00,570,570,570,570,0
2022-06-30 14:22:00,570,570,570,570,0
2022-06-30 14:23:00,570,570,570,570,0
2022-06-30 14:24:00,570,570,570,570,0
2022-06-30 14:25:00,570,570,570,570,0
2022-06-30 14:26:00,570,570,570,570,0
2022-06-30 14:27:00,570,570,570,570,0
2022-06-30 14:28:00,570,570,570,570,0
2022-06-30 14:29:00,570,570,570,570,0
2022-06-30 14:30:00,570,570,570,570,0
2022-06-30 14:31:00,570,570,570,570,0
2022-06-30 14:32:00,570,570,570,570,0
2022-06-30 14:33:00,570,570,570,570,0
2022-06-30 14:34:00,570,570,570,570,0
2022-06-30 14:35:00,570,570,570,570,0
2022-06-30 14:36:00,570,570,570,570,0
2022-06-30 14:37:00,570,570,570,570,0
2022-06-30 14:38:00,570,570,570,570,0
2022-06-30 14:39:00,570,570,570,570,0
2022-06-30 14:40:00,570,570,570,570,0
2022-06-30 14:41:00,570,570,570,570,0
2022-06-30 14:42:00,570,570,570,570,0
2022-06-30 14:43:00,570,570,570,570,0
2022-06-30 14:44:00,570,570,570,570,0
2022-06-30 14:45:00,570,570,570,570,0
2022-06-30 14:46:00,570,570,570,570,0
2022-06-30 14:47:00,570,570,570,570,0
2022-06-30 14:48:00,570,570,570,570,0
2022-06-30 14:49:00,570,570,570,570,0
2022-06-30 14:50:00,570,570,570,570,0
2022-06-30 14:51:00,570,570,570,570,0
2022-06-30 14:52:00,570,570,570,570,0
2022-06-30 14:53:00,570,570,570,570,0
2022-06-30 14:54:00,570,570,570,570,0
2022-06-30 14:55:00,570,570,570,570,0
2022-06-30 14:56:00,570,570,570,570,0
2022-06-30 14:57:00,570,570,570,570,0
2022-06-30 14:58:00,570,570,570,570,0
2022-06-30 14:59:00,570,570,570,570,0
2022-06-30 15:00:00,575,575,575,575,224200
2022-06-30 15:01:00,575,575,575,575,0
2022-06-30 15:02:00,575,575,575,575,0
2022-06-30 15:03:00,575,575,575,575,0
2022-06-30 15:04:00,575,575,575,575,0
2022-06-30 15:05:00,575,575,575,575,0
2022-06-30 15:06:00,575,575,575,575,0
2022-06-30 15:07:00,575,575,575,575,0
2022-06-30 15:08:00,575,575,575,575,0
2022-06-30 15:09:00,575,575,575,575,0
2022-06-30 15:10:00,575,575,575,575,0
2022-06-30 15:11:00,575,575,575,575,0
2022-06-30 15:12:00,575,575,575,575,0
2022-06-30 15:13:00,575,575,575,575,0
2022-06-30 15:14:00,575,575,575,575,0
2022-06-30 15:15:00,575,575,575,575,0
2022-06-30 15:16:00,575,575,575,575,0
2022-06-30 15:17:00,575,575,575,575,0
2022-06-30 15:18:00,575,575,575,575,0
2022-06-30 15:19:00,575,575,575,575,0
2022-06-30 15:20:00,575,575,575,575,0
2022-06-30 15:21:00,575,575,575,575,0
2022-06-30 15:22:00,575,575,575,575,0
2022-06-30 15:23:00,575,575,575,575,0
2022-06-30 15:24:00,575,575,575,575,0
2022-06-30 15:25:00,575,575,575,575,0
2022-06-30 15:26:00,575,575,575,575,0
2022-06-30 15:27:00,575,575,575,575,0
2022-06-30 15:28:00,575,575,575,575,0
2022-06-30 15:29:00,575,575,575,575,0
2022-06-30 15:30:00,575,575,575,575,0
2022-06-30 15:31:00,575,575,575,575,0
2022-06-30 15:32:00,575,575,575,575,0
2022-06-30 15:33:00,575,575,575,575,0
2022-06-30 15:34:00,575,575,575,575,0
2022-06-30 15:35:00,575,575,575,575,0
2022-06-30 15:36:00,575,575,575,575,0
2022-06-30 15:37:00,575,575,575,575,0
2022-06-30 15:38:00,575,575,575,575,0
2022-06-30 15:39:00,575,575,575,575,0
2022-06-30 15:40:00,575,575,575,575,0
2022-06-30 15:41:00,575,575,575,575,0
2022-06-30 15:42:00,575,575,575,575,0
2022-06-30 15:43:00,575,575,575,575,0
2022-06-30 15:44:00,575,575,575,575,0
2022-06-30 15:45:00,575,575,575,575,0
2022-06-30 15:46:00,575,575,575,575,0
2022-06-30 15:47:00,575,575,575,575,0
2022-06-30 15:48:00,575,575,575,575,0
2022-06-30 15:49:00,575,575,575,575,0
2022-06-30 15:50:00,575,575,575,575,0
2022-06-30 15:51:00,575,575,575,575,0
2022-06-30 15:52:00,575,575,575,575,0
2022-06-30 15:53:00,575,575,575,575,0
2022-06-30 15:54:00,575,575,575,575,0
2022-06-30 15:55:00,575,575,575,575,0
2022-06-30 15:56:00,575,575,575,575,0
2022-06-30 15:57:00,575,575,575,575,0
2022-06-30 15:58:00,575,575,575,575,0
2022-06-30 15:59:00,575,575,575,575,0
2022-07-01 09:00:00,575,575,575,575,0
2022-07-01 09:01:00,575,575,575,575,0
2022-07-01 09:02:00,575,575,575,575,0
2022-07-01 09:03:00,570,570,570,570,0
2022-07-01 09:04:00,570,570,570,570,0
2022-07-01 09:05:00,570,570,570,570,0
2022-07-01 09:06:00,570,570,570,570,0
2022-07-01 09:07:00,570,570,570,570,0
2022-07-01 09:08:00,570,570,570,570,0
2022-07-01 09:09:00,570,570,570,570,0
2022-07-01 09:10:00,570,570,570,570,0
2022-07-01 09:11:00,570,570,570,570,100
2022-07-01 09:12:00,570,570,570,570,0
2022-07-01 09:13:00,570,570,570,570,0
2022-07-01 09:14:00,570,570,570,570,0
2022-07-01 09:15:00,570,570,570,570,0
2022-07-01 09:16:00,570,570,570,570,0
2022-07-01 09:17:00,570,570,570,570,0
2022-07-01 09:18:00,570,570,570,570,0
2022-07-01 09:19:00,570,570,575,575,195600
2022-07-01 09:20:00,575,575,575,575,0
2022-07-01 09:21:00,570,570,570,570,1300
2022-07-01 09:22:00,570,570,570,570,0
2022-07-01 09:23:00,570,570,570,570,0
2022-07-01 09:24:00,570,570,570,570,0
2022-07-01 09:25:00,570,570,570,570,0
2022-07-01 09:26:00,570,570,570,570,5700
2022-07-01 09:27:00,565,565,565,565,0
2022-07-01 09:28:00,570,570,570,570,500
2022-07-01 09:29:00,570,570,570,570,1500
2022-07-01 09:30:00,570,570,570,570,0
2022-07-01 09:31:00,570,570,570,570,0
2022-07-01 09:32:00,570,570,570,570,0
2022-07-01 09:33:00,570,570,570,570,0
2022-07-01 09:34:00,570,570,570,570,0
2022-07-01 09:35:00,570,570,570,570,0
2022-07-01 09:36:00,570,570,570,570,0
2022-07-01 09:37:00,565,565,570,570,1000
2022-07-01 09:38:00,565,565,570,570,0
2022-07-01 09:39:00,565,565,570,570,0
2022-07-01 09:40:00,565,565,570,570,0
2022-07-01 09:41:00,570,570,570,570,0
2022-07-01 09:42:00,570,570,570,570,0
2022-07-01 09:43:00,570,570,570,570,0
2022-07-01 09:44:00,570,570,570,570,0
2022-07-01 09:45:00,570,570,570,570,0
2022-07-01 09:46:00,570,570,570,570,0
2022-07-01 09:47:00,570,570,570,570,20000
2022-07-01 09:48:00,570,570,570,570,0
2022-07-01 09:49:00,570,570,570,570,0
2022-07-01 09:50:00,570,570,570,570,0
2022-07-01 09:51:00,570,570,570,570,0
2022-07-01 09:52:00,570,570,570,570,0
2022-07-01 09:53:00,570,570,570,570,0
2022-07-01 09:54:00,570,570,570,570,0
2022-07-01 09:55:00,570,570,570,570,0
2022-07-01 09:56:00,570,570,570,570,0
2022-07-01 09:57:00,570,570,570,570,0
2022-07-01 09:58:00,570,570,570,570,0
2022-07-01 09:59:00,565,565,570,570,0
2022-07-01 10:00:00,565,565,570,570,0
2022-07-01 10:01:00,565,565,570,570,0
2022-07-01 10:02:00,565,565,570,570,0
2022-07-01 10:03:00,565,565,570,570,0
2022-07-01 10:04:00,565,565,570,570,0
2022-07-01 10:05:00,565,565,570,570,0
2022-07-01 10:06:00,565,565,570,570,0
2022-07-01 10:07:00,565,565,570,570,0
2022-07-01 10:08:00,570,570,570,570,10000
2022-07-01 10:09:00,570,570,570,570,0
2022-07-01 10:10:00,570,570,570,570,0
2022-07-01 10:11:00,570,570,570,570,0
2022-07-01 10:12:00,570,570,570,570,0
2022-07-01 10:13:00,570,570,570,570,0
2022-07-01 10:14:00,570,570,570,570,0
2022-07-01 10:15:00,570,570,570,570,0
2022-07-01 10:16:00,570,570,570,570,0
2022-07-01 10:17:00,570,570,570,570,0
2022-07-01 10:18:00,570,570,570,570,0
2022-07-01 10:19:00,570,570,570,570,0
2022-07-01 10:20:00,570,570,570,570,0
2022-07-01 10:21:00,570,570,570,570,0
2022-07-01 10:22:00,570,570,570,570,0
2022-07-01 10:23:00,570,570,570,570,0
2022-07-01 10:24:00,570,570,570,570,0
2022-07-01 10:25:00,565,565,565,565,400
2022-07-01 10:26:00,570,570,570,570,100
2022-07-01 10:27:00,570,570,570,570,0
2022-07-01 10:28:00,570,570,570,570,0
2022-07-01 10:29:00,570,570,570,570,0
2022-07-01 10:30:00,570,570,570,570,0
2022-07-01 10:31:00,570,570,570,570,0
2022-07-01 10:32:00,570,570,570,570,0
2022-07-01 10:33:00,570,570,570,570,0
2022-07-01 10:34:00,570,570,570,570,0
2022-07-01 10:35:00,570,570,570,570,0
2022-07-01 10:36:00,570,570,570,570,0
2022-07-01 10:37:00,570,570,570,570,0
2022-07-01 10:38:00,570,570,570,570,0
2022-07-01 10:39:00,570,570,570,570,0
2022-07-01 10:40:00,570,570,570,570,0
2022-07-01 10:41:00,570,570,570,570,0
2022-07-01 10:42:00,570,570,570,570,0
2022-07-01 10:43:00,570,570,570,570,0
2022-07-01 10:44:00,570,570,570,570,0
2022-07-01 10:45:00,570,570,570,570,0
2022-07-01 10:46:00,570,570,570,570,0
2022-07-01 10:47:00,570,570,570,570,0
2022-07-01 10:48:00,570,570,570,570,0
2022-07-01 10:49:00,570,570,570,570,0
2022-07-01 10:50:00,570,570,570,570,0
2022-07-01 10:51:00,570,570,570,570,0
2022-07-01 10:52:00,570,570,570,570,0
2022-07-01 10:53:00,570,570,570,570,0
2022-07-01 10:54:00,570,570,570,570,400
2022-07-01 10:55:00,570,570,570,570,5800
2022-07-01 10:56:00,570,570,570,570,0
2022-07-01 10:57:00,570,570,570,570,0
2022-07-01 10:58:00,570,570,570,570,0
2022-07-01 10:59:00,570,570,570,570,0
2022-07-01 11:00:00,570,570,570,570,0
2022-07-01 11:01:00,570,570,570,570,0
2022-07-01 11:02:00,570,570,570,570,0
2022-07-01 11:03:00,570,570,570,570,0
2022-07-01 11:04:00,570,570,570,570,0
2022-07-01 11:05:00,570,570,570,570,0
2022-07-01 11:06:00,570,570,570,570,0
2022-07-01 11:07:00,570,570,570,570,0
2022-07-01 11:08:00,570,570,570,570,0
2022-07-01 11:09:00,570,570,570,570,0
2022-07-01 11:10:00,570,570,570,570,0
2022-07-01 11:11:00,570,570,570,570,0
2022-07-01 11:12:00,570,570,570,570,0
2022-07-01 11:13:00,570,570,570,570,0
2022-07-01 11:14:00,570,570,570,570,0
2022-07-01 11:15:00,570,570,570,570,0
2022-07-01 11:16:00,570,570,570,570,0
2022-07-01 11:17:00,570,570,570,570,0
2022-07-01 11:18:00,570,570,570,570,0
2022-07-01 11:19:00,570,570,570,570,0
2022-07-01 11:20:00,570,570,570,570,0
2022-07-01 11:21:00,570,570,570,570,0
2022-07-01 11:22:00,570,570,570,570,0
2022-07-01 11:23:00,570,570,570,570,0
2022-07-01 11:24:00,570,570,570,570,39300
2022-07-01 11:25:00,570,570,570,570,0
2022-07-01 11:26:00,570,570,570,570,400
2022-07-01 11:27:00,570,570,570,570,0
2022-07-01 11:28:00,565,560,565,560,219900
2022-07-01 11:29:00,570,570,570,570,0
2022-07-01 11:30:00,570,570,570,570,0
2022-07-01 11:31:00,570,570,570,570,0
2022-07-01 11:32:00,570,570,570,570,0
2022-07-01 11:33:00,570,570,570,570,0
2022-07-01 11:34:00,570,570,570,570,0
2022-07-01 11:35:00,570,570,570,570,0
2022-07-01 11:36:00,570,570,570,570,0
2022-07-01 11:37:00,570,570,570,570,0
2022-07-01 11:38:00,570,570,570,570,0
2022-07-01 11:39:00,570,570,570,570,0
2022-07-01 11:40:00,570,570,570,570,0
2022-07-01 11:41:00,570,570,570,570,0
2022-07-01 11:42:00,570,570,570,570,0
2022-07-01 11:43:00,570,570,570,570,0
2022-07-01 11:44:00,570,570,570,570,0
2022-07-01 11:45:00,570,570,570,570,0
2022-07-01 11:46:00,570,570,570,570,0
2022-07-01 11:47:00,570,570,570,570,0
2022-07-01 11:48:00,570,570,570,570,0
2022-07-01 11:49:00,570,570,570,570,0
2022-07-01 11:50:00,570,570,570,570,0
2022-07-01 11:51:00,570,570,570,570,0
2022-07-01 11:52:00,570,570,570,570,0
2022-07-01 11:53:00,570,570,570,570,0
2022-07-01 11:54:00,570,570,570,570,0
2022-07-01 11:55:00,570,570,570,570,0
2022-07-01 11:56:00,570,570,570,570,0
2022-07-01 11:57:00,570,570,570,570,0
2022-07-01 11:58:00,570,570,570,570,0
2022-07-01 11:59:00,570,570,570,570,0
2022-07-01 12:00:00,570,570,570,570,0
2022-07-01 12:01:00,570,570,570,570,0
2022-07-01 12:02:00,570,570,570,570,0
2022-07-01 12:03:00,570,570,570,570,0
2022-07-01 12:04:00,570,570,570,570,0
2022-07-01 12:05:00,570,570,570,570,0
2022-07-01 12:06:00,570,570,570,570,0
2022-07-01 12:07:00,570,570,570,570,0
2022-07-01 12:08:00,570,570,570,570,0
2022-07-01 12:09:00,570,570,570,570,0
2022-07-01 12:10:00,570,570,570,570,0
2022-07-01 12:11:00,570,570,570,570,0
2022-07-01 12:12:00,570,570,570,570,0
2022-07-01 12:13:00,570,570,570,570,0
2022-07-01 12:14:00,570,570,570,570,0
2022-07-01 12:15:00,570,570,570,570,0
2022-07-01 12:16:00,570,570,570,570,0
2022-07-01 12:17:00,570,570,570,570,0
2022-07-01 12:18:00,570,570,570,570,0
2022-07-01 12:19:00,570,570,570,570,0
2022-07-01 12:20:00,570,570,570,570,0
2022-07-01 12:21:00,570,570,570,570,0
2022-07-01 12:22:00,570,570,570,570,0
2022-07-01 12:23:00,570,570,570,570,0
2022-07-01 12:24:00,570,570,570,570,0
2022-07-01 12:25:00,570,570,570,570,0
2022-07-01 12:26:00,570,570,570,570,0
2022-07-01 12:27:00,570,570,570,570,0
2022-07-01 12:28:00,570,570,570,570,0
2022-07-01 12:29:00,570,570,570,570,0
2022-07-01 12:30:00,570,570,570,570,0
2022-07-01 12:31:00,570,570,570,570,0
2022-07-01 12:32:00,570,570,570,570,0
2022-07-01 12:33:00,570,570,570,570,0
2022-07-01 12:34:00,570,570,570,570,0
2022-07-01 12:35:00,570,570,570,570,0
2022-07-01 12:36:00,570,570,570,570,0
2022-07-01 12:37:00,570,570,570,570,0
2022-07-01 12:38:00,570,570,570,570,0
2022-07-01 12:39:00,570,570,570,570,0
2022-07-01 12:40:00,570,570,570,570,0
2022-07-01 12:41:00,570,570,570,570,0
2022-07-01 12:42:00,570,570,570,570,0
2022-07-01 12:43:00,570,570,570,570,0
2022-07-01 12:44:00,570,570,570,570,0
2022-07-01 12:45:00,570,570,570,570,0
2022-07-01 12:46:00,570,570,570,570,0
2022-07-01 12:47:00,570,570,570,570,0
2022-07-01 12:48:00,570,570,570,570,0
2022-07-01 12:49:00,570,570,570,570,0
2022-07-01 12:50:00,570,570,570,570,0
2022-07-01 12:51:00,570,570,570,570,0
2022-07-01 12:52:00,570,570,570,570,0
2022-07-01 12:53:00,570,570,570,570,0
2022-07-01 12:54:00,570,570,570,570,0
2022-07-01 12:55:00,570,570,570,570,0
2022-07-01 12:56:00,570,570,570,570,0
2022-07-01 12:57:00,570,570,570,570,0
2022-07-01 12:58:00,570,570,570,570,0
2022-07-01 12:59:00,570,570,570,570,0
2022-07-01 13:00:00,570,570,570,570,0
2022-07-01 13:01:00,570,570,570,570,0
2022-07-01 13:02:00,570,570,570,570,0
2022-07-01 13:03:00,570,570,570,570,0
2022-07-01 13:04:00,570,570,570,570,0
2022-07-01 13:05:00,570,570,570,570,0
2022-07-01 13:06:00,570,570,570,570,0
2022-07-01 13:07:00,570,570,570,570,0
2022-07-01 13:08:00,570,570,570,570,0
2022-07-01 13:09:00,570,570,570,570,0
2022-07-01 13:10:00,570,570,570,570,0
2022-07-01 13:11:00,570,570,570,570,0
2022-07-01 13:12:00,570,570,570,570,0
2022-07-01 13:13:00,570,570,570,570,0
2022-07-01 13:14:00,570,570,570,570,0
2022-07-01 13:15:00,570,570,570,570,0
2022-07-01 13:16:00,570,570,570,570,0
2022-07-01 13:17:00,570,570,570,570,0
2022-07-01 13:18:00,570,570,570,570,0
2022-07-01 13:19:00,570,570,570,570,0
2022-07-01 13:20:00,570,570,570,570,0
2022-07-01 13:21:00,570,570,570,570,0
2022-07-01 13:22:00,570,570,570,570,0
2022-07-01 13:23:00,570,570,570,570,0
2022-07-01 13:24:00,570,570,570,570,0
2022-07-01 13:25:00,570,570,570,570,0
2022-07-01 13:26:00,570,570,570,570,0
2022-07-01 13:27:00,570,570,570,570,0
2022-07-01 13:28:00,570,570,570,570,0
2022-07-01 13:29:00,570,570,570,570,0
2022-07-01 13:30:00,570,570,570,570,400
2022-07-01 13:31:00,570,570,570,570,0
2022-07-01 13:32:00,570,570,570,570,0
2022-07-01 13:33:00,570,570,570,570,0
2022-07-01 13:34:00,570,570,570,570,0
2022-07-01 13:35:00,570,570,570,570,0
2022-07-01 13:36:00,570,570,570,570,0
2022-07-01 13:37:00,570,570,570,570,0
2022-07-01 13:38:00,570,570,570,570,0
2022-07-01 13:39:00,570,570,570,570,0
2022-07-01 13:40:00,570,570,570,570,0
2022-07-01 13:41:00,570,570,570,570,0
2022-07-01 13:42:00,570,570,570,570,0
2022-07-01 13:43:00,570,570,570,570,0
2022-07-01 13:44:00,570,570,570,570,0
2022-07-01 13:45:00,570,570,570,570,0
2022-07-01 13:46:00,570,570,570,570,0
2022-07-01 13:47:00,570,570,570,570,0
2022-07-01 13:48:00,565,565,565,565,8900
2022-07-01 13:49:00,570,570,570,570,0
2022-07-01 13:50:00,570,570,570,570,0
2022-07-01 13:51:00,570,570,570,570,0
2022-07-01 13:52:00,570,570,570,570,0
2022-07-01 13:53:00,570,570,570,570,0
2022-07-01 13:54:00,570,570,570,570,0
2022-07-01 13:55:00,570,570,570,570,0
2022-07-01 13:56:00,570,570,570,570,0
2022-07-01 13:57:00,570,570,570,570,0
2022-07-01 13:58:00,570,570,570,570,200
2022-07-01 13:59:00,570,570,570,570,0
2022-07-01 14:00:00,570,570,570,570,0
2022-07-01 14:01:00,570,570,570,570,0
2022-07-01 14:02:00,570,570,570,570,0
2022-07-01 14:03:00,570,570,570,570,0
2022-07-01 14:04:00,570,570,570,570,0
2022-07-01 14:05:00,570,570,570,570,0
2022-07-01 14:06:00,570,570,570,570,0
2022-07-01 14:07:00,570,570,570,570,0
2022-07-01 14:08:00,570,570,570,570,300
2022-07-01 14:09:00,570,570,570,570,0
2022-07-01 14:10:00,570,570,570,570,0
2022-07-01 14:11:00,570,570,570,570,0
2022-07-01 14:12:00,570,570,570,570,0
2022-07-01 14:13:00,570,570,570,570,0
2022-07-01 14:14:00,570,570,570,570,0
2022-07-01 14:15:00,565,565,565,565,1500
2022-07-01 14:16:00,565,565,565,565,0
2022-07-01 14:17:00,570,565,570,565,1500
2022-07-01 14:18:00,565,565,570,570,600
2022-07-01 14:19:00,570,570,570,570,0
2022-07-01 14:20:00,570,570,570,570,0
2022-07-01 14:21:00,570,570,570,570,0
2022-07-01 14:22:00,570,570,570,570,0
2022-07-01 14:23:00,570,570,570,570,0
2022-07-01 14:24:00,570,570,570,570,0
2022-07-01 14:25:00,565,565,565,565,1200
2022-07-01 14:26:00,565,565,565,565,0
2022-07-01 14:27:00,565,565,565,565,0
2022-07-01 14:28:00,565,565,565,565,0
2022-07-01 14:29:00,565,565,570,570,11600
2022-07-01 14:30:00,565,565,570,570,0
2022-07-01 14:31:00,565,565,570,570,0
2022-07-01 14:32:00,565,565,570,570,0
2022-07-01 14:33:00,565,565,570,570,0
2022-07-01 14:34:00,565,565,570,570,0
2022-07-01 14:35:00,565,565,570,570,0
2022-07-01 14:36:00,565,565,570,570,0
2022-07-01 14:37:00,565,565,570,570,0
2022-07-01 14:38:00,565,565,570,570,0
2022-07-01 14:39:00,565,565,570,570,2000
2022-07-01 14:40:00,565,565,565,565,6400
2022-07-01 14:41:00,565,565,570,570,900
2022-07-01 14:42:00,565,565,570,570,0
2022-07-01 14:43:00,565,565,570,570,0
2022-07-01 14:44:00,570,570,570,570,800
2022-07-01 14:45:00,570,570,570,570,100
2022-07-01 14:46:00,570,570,570,570,700
2022-07-01 14:47:00,570,570,570,570,0
2022-07-01 14:48:00,570,570,570,570,300
2022-07-01 14:49:00,570,570,570,570,1400
2022-07-01 14:50:00,570,570,570,570,0
2022-07-01 14:51:00,570,570,570,570,0
2022-07-01 14:52:00,570,570,570,570,0
2022-07-01 14:53:00,570,570,570,570,0
2022-07-01 14:54:00,570,570,570,570,0
2022-07-01 14:55:00,570,570,570,570,0
2022-07-01 14:56:00,570,570,570,570,0
2022-07-01 14:57:00,570,570,570,570,0
2022-07-01 14:58:00,570,570,570,570,0
2022-07-01 14:59:00,570,570,570,570,0
2022-07-01 15:00:00,565,565,565,565,101900
2022-07-01 15:01:00,565,565,565,565,0
2022-07-01 15:02:00,565,565,565,565,0
2022-07-01 15:03:00,565,565,565,565,0
2022-07-01 15:04:00,565,565,565,565,0
2022-07-01 15:05:00,565,565,565,565,0
2022-07-01 15:06:00,565,565,565,565,0
2022-07-01 15:07:00,565,565,565,565,0
2022-07-01 15:08:00,565,565,565,565,0
2022-07-01 15:09:00,565,565,565,565,0
2022-07-01 15:10:00,565,565,565,565,0
2022-07-01 15:11:00,565,565,565,565,0
2022-07-01 15:12:00,565,565,565,565,0
2022-07-01 15:13:00,565,565,565,565,0
2022-07-01 15:14:00,565,565,565,565,0
2022-07-01 15:15:00,565,565,565,565,0
2022-07-01 15:16:00,565,565,565,565,0
2022-07-01 15:17:00,565,565,565,565,0
2022-07-01 15:18:00,565,565,565,565,0
2022-07-01 15:19:00,565,565,565,565,0
2022-07-01 15:20:00,565,565,565,565,0
2022-07-01 15:21:00,565,565,565,565,0
2022-07-01 15:22:00,565,565,565,565,0
2022-07-01 15:23:00,565,565,565,565,0
2022-07-01 15:24:00,565,565,565,565,0
2022-07-01 15:25:00,565,565,565,565,0
2022-07-01 15:26:00,565,565,565,565,0
2022-07-01 15:27:00,565,565,565,565,0
2022-07-01 15:28:00,565,565,565,565,0
2022-07-01 15:29:00,565,565,565,565,0
2022-07-01 15:30:00,565,565,565,565,0
2022-07-01 15:31:00,565,565,565,565,0
2022-07-01 15:32:00,565,565,565,565,0
2022-07-01 15:33:00,565,565,565,565,0
2022-07-01 15:34:00,565,565,565,565,0
2022-07-01 15:35:00,565,565,565,565,0
2022-07-01 15:36:00,565,565,565,565,0
2022-07-01 15:37:00,565,565,565,565,0
2022-07-01 15:38:00,565,565,565,565,0
2022-07-01 15:39:00,565,565,565,565,0
2022-07-01 15:40:00,565,565,565,565,0
2022-07-01 15:41:00,565,565,565,565,0
2022-07-01 15:42:00,565,565,565,565,0
2022-07-01 15:43:00,565,565,565,565,0
2022-07-01 15:44:00,565,565,565,565,0
2022-07-01 15:45:00,565,565,565,565,0
2022-07-01 15:46:00,565,565,565,565,0
2022-07-01 15:47:00,565,565,565,565,0
2022-07-01 15:48:00,565,565,565,565,0
2022-07-01 15:49:00,565,565,565,565,0
2022-07-01 15:50:00,565,565,565,565,0
2022-07-01 15:51:00,565,565,565,565,0
2022-07-01 15:52:00,565,565,565,565,0
2022-07-01 15:53:00,565,565,565,565,0
2022-07-01 15:54:00,565,565,565,565,0
2022-07-01 15:55:00,565,565,565,565,0
2022-07-01 15:56:00,565,565,565,565,0
2022-07-01 15:57:00,565,565,565,565,0
2022-07-01 15:58:00,565,565,565,565,0
2022-07-01 15:59:00,565,565,565,565,0
2022-07-04 09:00:00,565,565,570,565,0
2022-07-04 09:01:00,565,565,570,570,2400
2022-07-04 09:02:00,570,570,570,570,1500
2022-07-04 09:03:00,570,570,570,570,0
2022-07-04 09:04:00,570,570,570,570,0
2022-07-04 09:05:00,570,570,570,570,0
2022-07-04 09:06:00,570,570,570,570,0
2022-07-04 09:07:00,570,570,570,570,0
2022-07-04 09:08:00,570,570,570,570,0
2022-07-04 09:09:00,570,570,570,570,0
2022-07-04 09:10:00,565,565,565,565,600
2022-07-04 09:11:00,570,570,570,570,200
2022-07-04 09:12:00,570,570,570,570,0
2022-07-04 09:13:00,570,570,570,570,0
2022-07-04 09:14:00,570,570,570,570,0
2022-07-04 09:15:00,570,570,570,570,0
2022-07-04 09:16:00,570,570,570,570,0
2022-07-04 09:17:00,570,570,570,570,0
2022-07-04 09:18:00,570,570,570,570,0
2022-07-04 09:19:00,570,570,570,570,0
2022-07-04 09:20:00,570,570,570,570,0
2022-07-04 09:21:00,570,570,570,570,0
2022-07-04 09:22:00,570,570,570,570,0
2022-07-04 09:23:00,570,570,570,570,0
2022-07-04 09:24:00,570,570,570,570,0
2022-07-04 09:25:00,570,570,570,570,0
2022-07-04 09:26:00,570,570,570,570,0
2022-07-04 09:27:00,570,570,570,570,0
2022-07-04 09:28:00,565,565,565,565,600
2022-07-04 09:29:00,570,570,570,570,500
2022-07-04 09:30:00,570,570,570,570,0
2022-07-04 09:31:00,570,570,570,570,0
2022-07-04 09:32:00,570,570,570,570,0
2022-07-04 09:33:00,570,570,570,570,0
2022-07-04 09:34:00,570,570,570,570,300
2022-07-04 09:35:00,570,570,570,570,0
2022-07-04 09:36:00,570,570,570,570,0
2022-07-04 09:37:00,570,570,570,570,0
2022-07-04 09:38:00,570,570,570,570,0
2022-07-04 09:39:00,565,565,565,565,900
2022-07-04 09:40:00,570,570,570,570,100
2022-07-04 09:41:00,570,570,570,570,0
2022-07-04 09:42:00,570,570,570,570,0
2022-07-04 09:43:00,570,570,570,570,0
2022-07-04 09:44:00,570,570,570,570,0
2022-07-04 09:45:00,570,570,570,570,0
2022-07-04 09:46:00,570,570,570,570,0
2022-07-04 09:47:00,570,570,570,570,0
2022-07-04 09:48:00,570,570,570,570,0
2022-07-04 09:49:00,565,565,570,570,2600
2022-07-04 09:50:00,565,565,570,570,0
2022-07-04 09:51:00,565,560,565,560,18400
2022-07-04 09:52:00,570,570,570,570,0
2022-07-04 09:53:00,570,570,570,570,0
2022-07-04 09:54:00,570,570,570,570,0
2022-07-04 09:55:00,570,570,570,570,0
2022-07-04 09:56:00,570,570,570,570,0
2022-07-04 09:57:00,570,570,570,570,0
2022-07-04 09:58:00,570,570,570,570,0
2022-07-04 09:59:00,570,570,570,570,0
2022-07-04 10:00:00,570,570,570,570,0
2022-07-04 10:01:00,570,570,570,570,0
2022-07-04 10:02:00,570,570,570,570,0
2022-07-04 10:03:00,570,570,570,570,0
2022-07-04 10:04:00,570,570,570,570,0
2022-07-04 10:05:00,570,570,570,570,0
2022-07-04 10:06:00,570,570,570,570,0
2022-07-04 10:07:00,570,570,570,570,0
2022-07-04 10:08:00,570,570,570,570,0
2022-07-04 10:09:00,570,570,570,570,0
2022-07-04 10:10:00,570,570,570,570,0
2022-07-04 10:11:00,570,570,570,570,0
2022-07-04 10:12:00,565,565,565,565,1300
2022-07-04 10:13:00,565,565,565,565,0
2022-07-04 10:14:00,565,565,570,570,10900
2022-07-04 10:15:00,570,570,570,570,0
2022-07-04 10:16:00,570,570,570,570,0
2022-07-04 10:17:00,570,570,570,570,0
2022-07-04 10:18:00,570,570,570,570,0
2022-07-04 10:19:00,570,570,570,570,0
2022-07-04 10:20:00,570,570,570,570,0
2022-07-04 10:21:00,570,570,570,570,0
2022-07-04 10:22:00,570,570,570,570,0
2022-07-04 10:23:00,570,570,570,570,0
2022-07-04 10:24:00,570,570,570,570,0
2022-07-04 10:25:00,570,570,570,570,0
2022-07-04 10:26:00,570,570,570,570,0
2022-07-04 10:27:00,565,545,565,545,238600
2022-07-04 10:28:00,545,540,565,540,29000
2022-07-04 10:29:00,560,550,565,560,0
2022-07-04 10:30:00,560,560,560,560,3200
2022-07-04 10:31:00,560,560,560,560,3500
2022-07-04 10:32:00,560,560,565,565,28700
2022-07-04 10:33:00,560,560,560,560,200
2022-07-04 10:34:00,560,560,565,560,2600
2022-07-04 10:35:00,560,560,560,560,2700
2022-07-04 10:36:00,565,565,565,565,0
2022-07-04 10:37:00,560,560,565,565,123700
2022-07-04 10:38:00,560,560,565,565,0
2022-07-04 10:39:00,560,560,565,565,0
2022-07-04 10:40:00,560,560,565,565,0
2022-07-04 10:41:00,560,560,565,565,0
2022-07-04 10:42:00,560,560,565,565,900
2022-07-04 10:43:00,565,565,565,565,200
2022-07-04 10:44:00,565,565,565,565,0
2022-07-04 10:45:00,560,560,560,560,700
2022-07-04 10:46:00,565,565,565,565,300
2022-07-04 10:47:00,565,565,565,565,0
2022-07-04 10:48:00,565,565,565,565,0
2022-07-04 10:49:00,565,565,565,565,0
2022-07-04 10:50:00,560,560,560,560,600
2022-07-04 10:51:00,565,565,565,565,100
2022-07-04 10:52:00,565,565,565,565,100
2022-07-04 10:53:00,565,565,565,565,0
2022-07-04 10:54:00,565,565,565,565,0
2022-07-04 10:55:00,560,540,560,540,10000
2022-07-04 10:56:00,560,560,565,560,3100
2022-07-04 10:57:00,560,560,565,565,3700
2022-07-04 10:58:00,560,560,565,565,1800
2022-07-04 10:59:00,560,560,560,560,500
2022-07-04 11:00:00,560,560,565,565,1200
2022-07-04 11:01:00,560,540,560,560,50900
2022-07-04 11:02:00,555,555,565,565,11100
2022-07-04 11:03:00,560,555,560,555,200
2022-07-04 11:04:00,560,555,565,560,9800
2022-07-04 11:05:00,560,560,565,565,6800
2022-07-04 11:06:00,560,560,565,565,900
2022-07-04 11:07:00,565,565,565,565,700
2022-07-04 11:08:00,565,565,565,565,0
2022-07-04 11:09:00,565,565,565,565,0
2022-07-04 11:10:00,565,565,565,565,0
2022-07-04 11:11:00,565,565,565,565,0
2022-07-04 11:12:00,565,565,565,565,0
2022-07-04 11:13:00,565,565,565,565,0
2022-07-04 11:14:00,565,565,565,565,0
2022-07-04 11:15:00,565,565,565,565,20000
2022-07-04 11:16:00,560,550,565,550,1700
2022-07-04 11:17:00,545,545,565,565,46100
2022-07-04 11:18:00,560,545,560,560,48100
2022-07-04 11:19:00,545,545,560,550,31100
2022-07-04 11:20:00,545,545,560,560,39500
2022-07-04 11:21:00,560,550,560,555,2000
2022-07-04 11:22:00,555,555,555,555,100
2022-07-04 11:23:00,555,555,555,555,0
2022-07-04 11:24:00,555,555,555,555,0
2022-07-04 11:25:00,555,555,555,555,3400
2022-07-04 11:26:00,550,550,555,555,0
2022-07-04 11:27:00,555,555,555,555,1200
2022-07-04 11:28:00,555,555,555,555,700
2022-07-04 11:29:00,555,555,560,560,200
2022-07-04 11:30:00,555,555,560,560,0
2022-07-04 11:31:00,555,555,560,560,0
2022-07-04 11:32:00,555,555,560,560,0
2022-07-04 11:33:00,555,555,560,560,0
2022-07-04 11:34:00,555,555,560,560,0
2022-07-04 11:35:00,555,555,560,560,0
2022-07-04 11:36:00,555,555,560,560,0
2022-07-04 11:37:00,555,555,560,560,0
2022-07-04 11:38:00,555,555,560,560,0
2022-07-04 11:39:00,555,555,560,560,0
2022-07-04 11:40:00,555,555,560,560,0
2022-07-04 11:41:00,555,555,560,560,0
2022-07-04 11:42:00,555,555,560,560,0
2022-07-04 11:43:00,555,555,560,560,0
2022-07-04 11:44:00,555,555,560,560,0
2022-07-04 11:45:00,555,555,560,560,0
2022-07-04 11:46:00,555,555,560,560,0
2022-07-04 11:47:00,555,555,560,560,0
2022-07-04 11:48:00,555,555,560,560,0
2022-07-04 11:49:00,555,555,560,560,0
2022-07-04 11:50:00,555,555,560,560,0
2022-07-04 11:51:00,555,555,560,560,0
2022-07-04 11:52:00,555,555,560,560,0
2022-07-04 11:53:00,555,555,560,560,0
2022-07-04 11:54:00,555,555,560,560,0
2022-07-04 11:55:00,555,555,560,560,0
2022-07-04 11:56:00,555,555,560,560,0
2022-07-04 11:57:00,555,555,560,560,0
2022-07-04 11:58:00,555,555,560,560,0
2022-07-04 11:59:00,555,555,560,560,0
2022-07-04 12:00:00,555,555,560,560,0
2022-07-04 12:01:00,555,555,560,560,0
2022-07-04 12:02:00,555,555,560,560,0
2022-07-04 12:03:00,555,555,560,560,0
2022-07-04 12:04:00,555,555,560,560,0
2022-07-04 12:05:00,555,555,560,560,0
2022-07-04 12:06:00,555,555,560,560,0
2022-07-04 12:07:00,555,555,560,560,0
2022-07-04 12:08:00,555,555,560,560,0
2022-07-04 12:09:00,555,555,560,560,0
2022-07-04 12:10:00,555,555,560,560,0
2022-07-04 12:11:00,555,555,560,560,0
2022-07-04 12:12:00,555,555,560,560,0
2022-07-04 12:13:00,555,555,560,560,0
2022-07-04 12:14:00,555,555,560,560,0
2022-07-04 12:15:00,555,555,560,560,0
2022-07-04 12:16:00,555,555,560,560,0
2022-07-04 12:17:00,555,555,560,560,0
2022-07-04 12:18:00,555,555,560,560,0
2022-07-04 12:19:00,555,555,560,560,0
2022-07-04 12:20:00,555,555,560,560,0
2022-07-04 12:21:00,555,555,560,560,0
2022-07-04 12:22:00,555,555,560,560,0
2022-07-04 12:23:00,555,555,560,560,0
2022-07-04 12:24:00,555,555,560,560,0
2022-07-04 12:25:00,555,555,560,560,0
2022-07-04 12:26:00,555,555,560,560,0
2022-07-04 12:27:00,555,555,560,560,0
2022-07-04 12:28:00,555,555,560,560,0
2022-07-04 12:29:00,555,555,560,560,0
2022-07-04 12:30:00,555,555,560,560,0
2022-07-04 12:31:00,555,555,560,560,0
2022-07-04 12:32:00,555,555,560,560,0
2022-07-04 12:33:00,555,555,560,560,0
2022-07-04 12:34:00,555,555,560,560,0
2022-07-04 12:35:00,555,555,560,560,0
2022-07-04 12:36:00,555,555,560,560,0
2022-07-04 12:37:00,555,555,560,560,0
2022-07-04 12:38:00,555,555,560,560,0
2022-07-04 12:39:00,555,555,560,560,0
2022-07-04 12:40:00,555,555,560,560,0
2022-07-04 12:41:00,555,555,560,560,0
2022-07-04 12:42:00,555,555,560,560,0
2022-07-04 12:43:00,555,555,560,560,0
2022-07-04 12:44:00,555,555,560,560,0
2022-07-04 12:45:00,555,555,560,560,0
2022-07-04 12:46:00,555,555,560,560,0
2022-07-04 12:47:00,555,555,560,560,0
2022-07-04 12:48:00,555,555,560,560,0
2022-07-04 12:49:00,555,555,560,560,0
2022-07-04 12:50:00,555,555,560,560,0
2022-07-04 12:51:00,555,555,560,560,0
2022-07-04 12:52:00,555,555,560,560,0
2022-07-04 12:53:00,555,555,560,560,0
2022-07-04 12:54:00,555,555,560,560,0
2022-07-04 12:55:00,555,555,560,560,0
2022-07-04 12:56:00,555,555,560,560,0
2022-07-04 12:57:00,555,555,560,560,0
2022-07-04 12:58:00,555,555,560,560,0
2022-07-04 12:59:00,555,555,560,560,0
2022-07-04 13:00:00,555,555,560,560,0
2022-07-04 13:01:00,555,555,560,560,0
2022-07-04 13:02:00,555,555,560,560,0
2022-07-04 13:03:00,555,555,560,560,0
2022-07-04 13:04:00,555,555,560,560,0
2022-07-04 13:05:00,555,555,560,560,0
2022-07-04 13:06:00,555,555,560,560,0
2022-07-04 13:07:00,555,555,560,560,0
2022-07-04 13:08:00,555,555,560,560,0
2022-07-04 13:09:00,555,555,560,560,0
2022-07-04 13:10:00,555,555,560,560,0
2022-07-04 13:11:00,555,555,560,560,0
2022-07-04 13:12:00,555,555,560,560,0
2022-07-04 13:13:00,555,555,560,560,0
2022-07-04 13:14:00,555,555,560,560,0
2022-07-04 13:15:00,555,555,560,560,0
2022-07-04 13:16:00,555,555,560,560,0
2022-07-04 13:17:00,555,555,560,560,0
2022-07-04 13:18:00,555,555,560,560,0
2022-07-04 13:19:00,555,555,560,560,0
2022-07-04 13:20:00,555,555,560,560,0
2022-07-04 13:21:00,555,555,560,560,0
2022-07-04 13:22:00,555,555,560,560,0
2022-07-04 13:23:00,555,555,560,560,0
2022-07-04 13:24:00,555,555,560,560,0
2022-07-04 13:25:00,555,555,560,560,0
2022-07-04 13:26:00,555,555,560,560,0
2022-07-04 13:27:00,555,555,560,560,0
2022-07-04 13:28:00,555,555,560,560,0
2022-07-04 13:29:00,555,555,560,560,0
2022-07-04 13:30:00,555,555,555,555,1500
2022-07-04 13:31:00,555,555,555,555,0
2022-07-04 13:32:00,555,555,555,555,0
2022-07-04 13:33:00,555,555,555,555,0
2022-07-04 13:34:00,555,555,555,555,0
2022-07-04 13:35:00,555,555,560,560,3500
2022-07-04 13:36:00,550,550,550,550,0
2022-07-04 13:37:00,560,560,560,560,200
2022-07-04 13:38:00,560,560,560,560,0
2022-07-04 13:39:00,560,560,560,560,0
2022-07-04 13:40:00,560,560,560,560,300
2022-07-04 13:41:00,560,560,560,560,0
2022-07-04 13:42:00,560,560,560,560,0
2022-07-04 13:43:00,560,560,560,560,0
2022-07-04 13:44:00,560,560,560,560,0
2022-07-04 13:45:00,560,560,560,560,0
2022-07-04 13:46:00,560,560,560,560,0
2022-07-04 13:47:00,560,560,560,560,0
2022-07-04 13:48:00,560,560,560,560,0
2022-07-04 13:49:00,560,560,560,560,0
2022-07-04 13:50:00,560,560,560,560,0
2022-07-04 13:51:00,560,560,560,560,0
2022-07-04 13:52:00,560,560,560,560,0
2022-07-04 13:53:00,560,560,560,560,0
2022-07-04 13:54:00,560,560,560,560,0
2022-07-04 13:55:00,560,560,560,560,0
2022-07-04 13:56:00,560,560,560,560,0
2022-07-04 13:57:00,560,560,560,560,0
2022-07-04 13:58:00,560,560,560,560,0
2022-07-04 13:59:00,555,555,555,555,1200
2022-07-04 14:00:00,560,560,560,560,500
2022-07-04 14:01:00,560,560,560,560,0
2022-07-04 14:02:00,560,560,560,560,13900
2022-07-04 14:03:00,560,560,560,560,0
2022-07-04 14:04:00,560,560,560,560,0
2022-07-04 14:05:00,555,555,555,555,100
2022-07-04 14:06:00,560,560,560,560,100
2022-07-04 14:07:00,560,560,560,560,0
2022-07-04 14:08:00,560,560,560,560,0
2022-07-04 14:09:00,560,560,560,560,0
2022-07-04 14:10:00,560,560,560,560,0
2022-07-04 14:11:00,560,560,560,560,0
2022-07-04 14:12:00,560,560,560,560,0
2022-07-04 14:13:00,560,560,560,560,0
2022-07-04 14:14:00,560,560,560,560,0
2022-07-04 14:15:00,560,560,560,560,0
2022-07-04 14:16:00,560,560,560,560,0
2022-07-04 14:17:00,560,560,560,560,0
2022-07-04 14:18:00,555,555,555,555,1300
2022-07-04 14:19:00,560,560,560,560,200
2022-07-04 14:20:00,560,560,560,560,0
2022-07-04 14:21:00,560,560,560,560,0
2022-07-04 14:22:00,560,560,560,560,0
2022-07-04 14:23:00,560,560,560,560,0
2022-07-04 14:24:00,560,560,560,560,200
2022-07-04 14:25:00,560,560,560,560,0
2022-07-04 14:26:00,560,560,560,560,0
2022-07-04 14:27:00,555,545,555,555,73100
2022-07-04 14:28:00,545,545,560,555,29000
2022-07-04 14:29:00,545,545,560,555,0
2022-07-04 14:30:00,545,545,560,555,0
2022-07-04 14:31:00,545,545,560,555,0
2022-07-04 14:32:00,555,550,555,550,3600
2022-07-04 14:33:00,550,550,550,550,14800
2022-07-04 14:34:00,550,550,550,550,0
2022-07-04 14:35:00,550,550,550,550,0
2022-07-04 14:36:00,550,550,550,550,0
2022-07-04 14:37:00,550,550,550,550,0
2022-07-04 14:38:00,550,550,550,550,0
2022-07-04 14:39:00,550,550,550,550,0
2022-07-04 14:40:00,550,550,550,550,0
2022-07-04 14:41:00,550,550,550,550,13300
2022-07-04 14:42:00,555,555,555,555,0
2022-07-04 14:43:00,555,555,555,555,0
2022-07-04 14:44:00,555,555,555,555,0
2022-07-04 14:45:00,555,555,555,555,800
2022-07-04 14:46:00,555,555,555,555,0
2022-07-04 14:47:00,555,555,555,555,0
2022-07-04 14:48:00,555,555,555,555,0
2022-07-04 14:49:00,555,555,570,570,547200
2022-07-04 14:50:00,555,555,570,570,0
2022-07-04 14:51:00,555,555,570,570,0
2022-07-04 14:52:00,555,555,570,570,0
2022-07-04 14:53:00,555,555,570,570,0
2022-07-04 14:54:00,555,555,570,570,0
2022-07-04 14:55:00,555,555,570,570,0
2022-07-04 14:56:00,555,555,570,570,0
2022-07-04 14:57:00,555,555,570,570,0
2022-07-04 14:58:00,555,555,570,570,0
2022-07-04 14:59:00,555,555,570,570,0
2022-07-04 15:00:00,570,570,570,570,1734400
2022-07-04 15:01:00,570,570,570,570,0
2022-07-04 15:02:00,570,570,570,570,0
2022-07-04 15:03:00,570,570,570,570,0
2022-07-04 15:04:00,570,570,570,570,0
2022-07-04 15:05:00,570,570,570,570,0
2022-07-04 15:06:00,570,570,570,570,0
2022-07-04 15:07:00,570,570,570,570,0
2022-07-04 15:08:00,570,570,570,570,0
2022-07-04 15:09:00,570,570,570,570,0
2022-07-04 15:10:00,570,570,570,570,0
2022-07-04 15:11:00,570,570,570,570,0
2022-07-04 15:12:00,570,570,570,570,0
2022-07-04 15:13:00,570,570,570,570,0
2022-07-04 15:14:00,570,570,570,570,0
2022-07-04 15:15:00,570,570,570,570,0
2022-07-04 15:16:00,570,570,570,570,0
2022-07-04 15:17:00,570,570,570,570,0
2022-07-04 15:18:00,570,570,570,570,0
2022-07-04 15:19:00,570,570,570,570,0
2022-07-04 15:20:00,570,570,570,570,0
2022-07-04 15:21:00,570,570,570,570,0
2022-07-04 15:22:00,570,570,570,570,0
2022-07-04 15:23:00,570,570,570,570,0
2022-07-04 15:24:00,570,570,570,570,0
2022-07-04 15:25:00,570,570,570,570,0
2022-07-04 15:26:00,570,570,570,570,0
2022-07-04 15:27:00,570,570,570,570,0
2022-07-04 15:28:00,570,570,570,570,0
2022-07-04 15:29:00,570,570,570,570,0
2022-07-04 15:30:00,570,570,570,570,0
2022-07-04 15:31:00,570,570,570,570,0
2022-07-04 15:32:00,570,570,570,570,0
2022-07-04 15:33:00,570,570,570,570,0
2022-07-04 15:34:00,570,570,570,570,0
2022-07-04 15:35:00,570,570,570,570,0
2022-07-04 15:36:00,570,570,570,570,0
2022-07-04 15:37:00,570,570,570,570,0
2022-07-04 15:38:00,570,570,570,570,0
2022-07-04 15:39:00,570,570,570,570,0
2022-07-04 15:40:00,570,570,570,570,0
2022-07-04 15:41:00,570,570,570,570,0
2022-07-04 15:42:00,570,570,570,570,0
2022-07-04 15:43:00,570,570,570,570,0
2022-07-04 15:44:00,570,570,570,570,0
2022-07-04 15:45:00,570,570,570,570,0
2022-07-04 15:46:00,570,570,570,570,0
2022-07-04 15:47:00,570,570,570,570,0
2022-07-04 15:48:00,570,570,570,570,0
2022-07-04 15:49:00,570,570,570,570,0
2022-07-04 15:50:00,570,570,570,570,0
2022-07-04 15:51:00,570,570,570,570,0
2022-07-04 15:52:00,570,570,570,570,0
2022-07-04 15:53:00,570,570,570,570,0
2022-07-04 15:54:00,570,570,570,570,0
2022-07-04 15:55:00,570,570,570,570,0
2022-07-04 15:56:00,570,570,570,570,0
2022-07-04 15:57:00,570,570,570,570,0
2022-07-04 15:58:00,570,570,570,570,0
2022-07-04 15:59:00,570,570,570,570,0
2022-07-05 09:00:00,570,570,570,570,0
2022-07-05 09:01:00,570,570,570,570,0
2022-07-05 09:02:00,570,570,570,570,0
2022-07-05 09:03:00,570,570,570,570,0
2022-07-05 09:04:00,570,570,570,570,0
2022-07-05 09:05:00,570,570,570,570,57900
2022-07-05 09:06:00,570,570,570,570,0
2022-07-05 09:07:00,570,570,570,570,0
2022-07-05 09:08:00,570,570,570,570,0
2022-07-05 09:09:00,570,570,570,570,0
2022-07-05 09:10:00,570,570,570,570,0
2022-07-05 09:11:00,570,570,570,570,0
2022-07-05 09:12:00,570,570,570,570,0
2022-07-05 09:13:00,570,570,570,570,0
2022-07-05 09:14:00,570,570,570,570,0
2022-07-05 09:15:00,570,570,570,570,0
2022-07-05 09:16:00,565,565,570,570,0
2022-07-05 09:17:00,565,565,570,570,0
2022-07-05 09:18:00,570,570,570,570,600
2022-07-05 09:19:00,570,570,570,570,0
2022-07-05 09:20:00,570,570,570,570,0
2022-07-05 09:21:00,570,570,570,570,200
2022-07-05 09:22:00,570,570,570,570,0
2022-07-05 09:23:00,570,570,570,570,0
2022-07-05 09:24:00,570,570,570,570,0
2022-07-05 09:25:00,570,570,570,570,0
2022-07-05 09:26:00,570,570,570,570,0
2022-07-05 09:27:00,570,570,570,570,0
2022-07-05 09:28:00,570,570,570,570,0
2022-07-05 09:29:00,570,570,570,570,0
2022-07-05 09:30:00,570,570,570,570,0
2022-07-05 09:31:00,570,570,570,570,0
2022-07-05 09:32:00,570,570,570,570,0
2022-07-05 09:33:00,570,570,570,570,0
2022-07-05 09:34:00,570,570,570,570,0
2022-07-05 09:35:00,570,570,570,570,0
2022-07-05 09:36:00,570,570,570,570,0
2022-07-05 09:37:00,565,565,570,570,1600
2022-07-05 09:38:00,565,565,565,565,500
2022-07-05 09:39:00,565,565,565,565,0
2022-07-05 09:40:00,560,560,560,560,20800
2022-07-05 09:41:00,560,560,560,560,0
2022-07-05 09:42:00,570,570,570,570,0
2022-07-05 09:43:00,565,565,570,570,600
2022-07-05 09:44:00,565,565,570,570,0
2022-07-05 09:45:00,565,565,570,570,0
2022-07-05 09:46:00,565,565,565,565,200
2022-07-05 09:47:00,570,570,570,570,300
2022-07-05 09:48:00,570,570,570,570,0
2022-07-05 09:49:00,570,570,570,570,0
2022-07-05 09:50:00,570,570,570,570,0
2022-07-05 09:51:00,570,570,570,570,0
2022-07-05 09:52:00,570,570,570,570,0
2022-07-05 09:53:00,570,570,570,570,0
2022-07-05 09:54:00,570,570,570,570,0
2022-07-05 09:55:00,570,570,570,570,0
2022-07-05 09:56:00,570,570,570,570,0
2022-07-05 09:57:00,570,570,570,570,0
2022-07-05 09:58:00,570,570,570,570,0
2022-07-05 09:59:00,570,570,570,570,0
2022-07-05 10:00:00,570,570,570,570,0
2022-07-05 10:01:00,570,570,570,570,0
2022-07-05 10:02:00,570,570,570,570,0
2022-07-05 10:03:00,570,570,570,570,0
2022-07-05 10:04:00,570,570,570,570,0
2022-07-05 10:05:00,570,570,570,570,0
2022-07-05 10:06:00,570,570,570,570,0
2022-07-05 10:07:00,570,570,570,570,0
2022-07-05 10:08:00,570,570,570,570,0
2022-07-05 10:09:00,570,570,570,570,0
2022-07-05 10:10:00,570,570,570,570,0
2022-07-05 10:11:00,570,570,570,570,0
2022-07-05 10:12:00,570,570,570,570,0
2022-07-05 10:13:00,570,570,570,570,0
2022-07-05 10:14:00,570,570,570,570,0
2022-07-05 10:15:00,570,570,570,570,0
2022-07-05 10:16:00,570,570,570,570,0
2022-07-05 10:17:00,570,570,570,570,0
2022-07-05 10:18:00,565,560,570,570,10600
2022-07-05 10:19:00,565,565,565,565,1400
2022-07-05 10:20:00,565,565,565,565,0
2022-07-05 10:21:00,565,565,565,565,0
2022-07-05 10:22:00,565,565,565,565,0
2022-07-05 10:23:00,565,565,565,565,0
2022-07-05 10:24:00,565,565,565,565,0
2022-07-05 10:25:00,565,565,565,565,0
2022-07-05 10:26:00,565,565,565,565,0
2022-07-05 10:27:00,565,565,565,565,0
2022-07-05 10:28:00,565,565,565,565,0
2022-07-05 10:29:00,565,565,565,565,0
2022-07-05 10:30:00,565,565,565,565,0
2022-07-05 10:31:00,565,565,565,565,0
2022-07-05 10:32:00,565,565,565,565,0
2022-07-05 10:33:00,565,565,565,565,0
2022-07-05 10:34:00,565,565,565,565,0
2022-07-05 10:35:00,565,565,565,565,0
2022-07-05 10:36:00,565,565,565,565,0
2022-07-05 10:37:00,565,565,565,565,0
2022-07-05 10:38:00,565,565,565,565,0
2022-07-05 10:39:00,565,565,565,565,0
2022-07-05 10:40:00,565,565,565,565,0
2022-07-05 10:41:00,565,565,565,565,0
2022-07-05 10:42:00,565,565,565,565,0
2022-07-05 10:43:00,565,565,565,565,0
2022-07-05 10:44:00,565,565,565,565,0
2022-07-05 10:45:00,565,565,565,565,0
2022-07-05 10:46:00,565,565,565,565,0
2022-07-05 10:47:00,565,565,565,565,9000
2022-07-05 10:48:00,565,565,565,565,0
2022-07-05 10:49:00,565,565,565,565,0
2022-07-05 10:50:00,565,565,565,565,0
2022-07-05 10:51:00,565,565,565,565,0
2022-07-05 10:52:00,565,565,565,565,0
2022-07-05 10:53:00,565,565,565,565,0
2022-07-05 10:54:00,565,565,565,565,0
2022-07-05 10:55:00,565,565,565,565,0
2022-07-05 10:56:00,565,565,565,565,0
2022-07-05 10:57:00,565,565,565,565,0
2022-07-05 10:58:00,565,565,565,565,0
2022-07-05 10:59:00,565,565,565,565,0
2022-07-05 11:00:00,565,565,565,565,0
2022-07-05 11:01:00,565,565,570,570,22200
2022-07-05 11:02:00,565,565,570,570,0
2022-07-05 11:03:00,565,565,570,570,0
2022-07-05 11:04:00,565,565,570,570,0
2022-07-05 11:05:00,565,565,570,570,0
2022-07-05 11:06:00,565,565,570,570,0
2022-07-05 11:07:00,570,565,570,565,0
2022-07-05 11:08:00,570,570,570,570,0
2022-07-05 11:09:00,570,570,570,570,0
2022-07-05 11:10:00,570,570,570,570,0
2022-07-05 11:11:00,570,570,570,570,0
2022-07-05 11:12:00,570,570,570,570,0
2022-07-05 11:13:00,570,570,570,570,0
2022-07-05 11:14:00,570,570,570,570,0
2022-07-05 11:15:00,570,570,570,570,0
2022-07-05 11:16:00,570,570,570,570,0
2022-07-05 11:17:00,570,570,570,570,0
2022-07-05 11:18:00,570,570,570,570,0
2022-07-05 11:19:00,565,565,565,565,1000
2022-07-05 11:20:00,565,565,565,565,0
2022-07-05 11:21:00,560,560,570,570,17000
2022-07-05 11:22:00,565,565,565,565,800
2022-07-05 11:23:00,565,565,565,565,0
2022-07-05 11:24:00,565,565,565,565,5400
2022-07-05 11:25:00,565,565,565,565,0
2022-07-05 11:26:00,565,565,565,565,0
2022-07-05 11:27:00,565,565,565,565,0
2022-07-05 11:28:00,565,565,565,565,0
2022-07-05 11:29:00,565,565,565,565,200
2022-07-05 11:30:00,565,565,565,565,0
2022-07-05 11:31:00,565,565,565,565,0
2022-07-05 11:32:00,565,565,565,565,0
2022-07-05 11:33:00,565,565,565,565,0
2022-07-05 11:34:00,565,565,565,565,0
2022-07-05 11:35:00,565,565,565,565,0
2022-07-05 11:36:00,565,565,565,565,0
2022-07-05 11:37:00,565,565,565,565,0
2022-07-05 11:38:00,565,565,565,565,0
2022-07-05 11:39:00,565,565,565,565,0
2022-07-05 11:40:00,565,565,565,565,0
2022-07-05 11:41:00,565,565,565,565,0
2022-07-05 11:42:00,565,565,565,565,0
2022-07-05 11:43:00,565,565,565,565,0
2022-07-05 11:44:00,565,565,565,565,0
2022-07-05 11:45:00,565,565,565,565,0
2022-07-05 11:46:00,565,565,565,565,0
2022-07-05 11:47:00,565,565,565,565,0
2022-07-05 11:48:00,565,565,565,565,0
2022-07-05 11:49:00,565,565,565,565,0
2022-07-05 11:50:00,565,565,565,565,0
2022-07-05 11:51:00,565,565,565,565,0
2022-07-05 11:52:00,565,565,565,565,0
2022-07-05 11:53:00,565,565,565,565,0
2022-07-05 11:54:00,565,565,565,565,0
2022-07-05 11:55:00,565,565,565,565,0
2022-07-05 11:56:00,565,565,565,565,0
2022-07-05 11:57:00,565,565,565,565,0
2022-07-05 11:58:00,565,565,565,565,0
2022-07-05 11:59:00,565,565,565,565,0
2022-07-05 12:00:00,565,565,565,565,0
2022-07-05 12:01:00,565,565,565,565,0
2022-07-05 12:02:00,565,565,565,565,0
2022-07-05 12:03:00,565,565,565,565,0
2022-07-05 12:04:00,565,565,565,565,0
2022-07-05 12:05:00,565,565,565,565,0
2022-07-05 12:06:00,565,565,565,565,0
2022-07-05 12:07:00,565,565,565,565,0
2022-07-05 12:08:00,565,565,565,565,0
2022-07-05 12:09:00,565,565,565,565,0
2022-07-05 12:10:00,565,565,565,565,0
2022-07-05 12:11:00,565,565,565,565,0
2022-07-05 12:12:00,565,565,565,565,0
2022-07-05 12:13:00,565,565,565,565,0
2022-07-05 12:14:00,565,565,565,565,0
2022-07-05 12:15:00,565,565,565,565,0
2022-07-05 12:16:00,565,565,565,565,0
2022-07-05 12:17:00,565,565,565,565,0
2022-07-05 12:18:00,565,565,565,565,0
2022-07-05 12:19:00,565,565,565,565,0
2022-07-05 12:20:00,565,565,565,565,0
2022-07-05 12:21:00,565,565,565,565,0
2022-07-05 12:22:00,565,565,565,565,0
2022-07-05 12:23:00,565,565,565,565,0
2022-07-05 12:24:00,565,565,565,565,0
2022-07-05 12:25:00,565,565,565,565,0
2022-07-05 12:26:00,565,565,565,565,0
2022-07-05 12:27:00,565,565,565,565,0
2022-07-05 12:28:00,565,565,565,565,0
2022-07-05 12:29:00,565,565,565,565,0
2022-07-05 12:30:00,565,565,565,565,0
2022-07-05 12:31:00,565,565,565,565,0
2022-07-05 12:32:00,565,565,565,565,0
2022-07-05 12:33:00,565,565,565,565,0
2022-07-05 12:34:00,565,565,565,565,0
2022-07-05 12:35:00,565,565,565,565,0
2022-07-05 12:36:00,565,565,565,565,0
2022-07-05 12:37:00,565,565,565,565,0
2022-07-05 12:38:00,565,565,565,565,0
2022-07-05 12:39:00,565,565,565,565,0
2022-07-05 12:40:00,565,565,565,565,0
2022-07-05 12:41:00,565,565,565,565,0
2022-07-05 12:42:00,565,565,565,565,0
2022-07-05 12:43:00,565,565,565,565,0
2022-07-05 12:44:00,565,565,565,565,0
2022-07-05 12:45:00,565,565,565,565,0
2022-07-05 12:46:00,565,565,565,565,0
2022-07-05 12:47:00,565,565,565,565,0
2022-07-05 12:48:00,565,565,565,565,0
2022-07-05 12:49:00,565,565,565,565,0
2022-07-05 12:50:00,565,565,565,565,0
2022-07-05 12:51:00,565,565,565,565,0
2022-07-05 12:52:00,565,565,565,565,0
2022-07-05 12:53:00,565,565,565,565,0
2022-07-05 12:54:00,565,565,565,565,0
2022-07-05 12:55:00,565,565,565,565,0
2022-07-05 12:56:00,565,565,565,565,0
2022-07-05 12:57:00,565,565,565,565,0
2022-07-05 12:58:00,565,565,565,565,0
2022-07-05 12:59:00,565,565,565,565,0
2022-07-05 13:00:00,565,565,565,565,0
2022-07-05 13:01:00,565,565,565,565,0
2022-07-05 13:02:00,565,565,565,565,0
2022-07-05 13:03:00,565,565,565,565,0
2022-07-05 13:04:00,565,565,565,565,0
2022-07-05 13:05:00,565,565,565,565,0
2022-07-05 13:06:00,565,565,565,565,0
2022-07-05 13:07:00,565,565,565,565,0
2022-07-05 13:08:00,565,565,565,565,0
2022-07-05 13:09:00,565,565,565,565,0
2022-07-05 13:10:00,565,565,565,565,0
2022-07-05 13:11:00,565,565,565,565,0
2022-07-05 13:12:00,565,565,565,565,0
2022-07-05 13:13:00,565,565,565,565,0
2022-07-05 13:14:00,565,565,565,565,0
2022-07-05 13:15:00,565,565,565,565,0
2022-07-05 13:16:00,565,565,565,565,0
2022-07-05 13:17:00,565,565,565,565,0
2022-07-05 13:18:00,565,565,565,565,0
2022-07-05 13:19:00,565,565,565,565,0
2022-07-05 13:20:00,565,565,565,565,0
2022-07-05 13:21:00,565,565,565,565,0
2022-07-05 13:22:00,565,565,565,565,0
2022-07-05 13:23:00,565,565,565,565,0
2022-07-05 13:24:00,565,565,565,565,0
2022-07-05 13:25:00,565,565,565,565,0
2022-07-05 13:26:00,565,565,565,565,0
2022-07-05 13:27:00,565,565,565,565,0
2022-07-05 13:28:00,565,565,565,565,0
2022-07-05 13:29:00,565,565,565,565,0
2022-07-05 13:30:00,565,565,565,565,7300
2022-07-05 13:31:00,565,565,565,565,0
2022-07-05 13:32:00,565,565,565,565,0
2022-07-05 13:33:00,565,565,565,565,0
2022-07-05 13:34:00,565,565,565,565,300
2022-07-05 13:35:00,565,565,565,565,0
2022-07-05 13:36:00,565,565,565,565,0
2022-07-05 13:37:00,565,565,565,565,0
2022-07-05 13:38:00,565,565,565,565,0
2022-07-05 13:39:00,565,565,565,565,0
2022-07-05 13:40:00,565,565,565,565,0
2022-07-05 13:41:00,565,565,565,565,0
2022-07-05 13:42:00,565,565,565,565,0
2022-07-05 13:43:00,560,560,565,565,36200
2022-07-05 13:44:00,560,560,565,565,0
2022-07-05 13:45:00,565,565,565,565,400
2022-07-05 13:46:00,565,565,565,565,400
2022-07-05 13:47:00,565,565,565,565,0
2022-07-05 13:48:00,565,565,565,565,0
2022-07-05 13:49:00,565,565,565,565,100
2022-07-05 13:50:00,565,565,565,565,0
2022-07-05 13:51:00,565,565,565,565,0
2022-07-05 13:52:00,565,565,565,565,0
2022-07-05 13:53:00,565,565,565,565,0
2022-07-05 13:54:00,565,565,565,565,0
2022-07-05 13:55:00,565,565,565,565,5800
2022-07-05 13:56:00,565,565,565,565,0
2022-07-05 13:57:00,565,565,565,565,0
2022-07-05 13:58:00,565,565,565,565,0
2022-07-05 13:59:00,565,565,565,565,0
2022-07-05 14:00:00,560,560,565,565,1600
2022-07-05 14:01:00,560,560,565,565,0
2022-07-05 14:02:00,565,560,565,560,500
2022-07-05 14:03:00,570,570,570,570,500
2022-07-05 14:04:00,570,570,570,570,0
2022-07-05 14:05:00,570,570,570,570,0
2022-07-05 14:06:00,570,570,570,570,0
2022-07-05 14:07:00,570,570,570,570,0
2022-07-05 14:08:00,570,570,570,570,0
2022-07-05 14:09:00,565,565,565,565,400
2022-07-05 14:10:00,565,565,570,570,400
2022-07-05 14:11:00,570,565,570,565,900
2022-07-05 14:12:00,570,565,570,570,500
2022-07-05 14:13:00,565,565,570,570,1800
2022-07-05 14:14:00,565,565,570,565,900
2022-07-05 14:15:00,565,565,570,565,0
2022-07-05 14:16:00,565,565,570,565,0
2022-07-05 14:17:00,565,565,570,565,0
2022-07-05 14:18:00,565,565,565,565,1000
2022-07-05 14:19:00,565,565,565,565,2100
2022-07-05 14:20:00,565,565,565,565,0
2022-07-05 14:21:00,565,565,565,565,0
2022-07-05 14:22:00,565,565,565,565,0
2022-07-05 14:23:00,565,565,565,565,0
2022-07-05 14:24:00,565,565,565,565,200
2022-07-05 14:25:00,565,565,565,565,700
2022-07-05 14:26:00,565,565,565,565,100
2022-07-05 14:27:00,565,565,565,565,0
2022-07-05 14:28:00,565,565,565,565,0
2022-07-05 14:29:00,565,565,565,565,2600
2022-07-05 14:30:00,565,565,565,565,1700
2022-07-05 14:31:00,565,565,565,565,0
2022-07-05 14:32:00,565,565,565,565,0
2022-07-05 14:33:00,565,565,565,565,2100
2022-07-05 14:34:00,565,565,565,565,0
2022-07-05 14:35:00,565,565,565,565,0
2022-07-05 14:36:00,565,565,565,565,0
2022-07-05 14:37:00,565,565,565,565,600
2022-07-05 14:38:00,565,565,565,565,0
2022-07-05 14:39:00,565,565,565,565,0
2022-07-05 14:40:00,565,565,565,565,0
2022-07-05 14:41:00,565,565,565,565,1100
2022-07-05 14:42:00,565,565,565,565,0
2022-07-05 14:43:00,560,560,565,565,0
2022-07-05 14:44:00,565,565,565,565,200
2022-07-05 14:45:00,565,560,565,565,3200
2022-07-05 14:46:00,565,565,565,565,300
2022-07-05 14:47:00,565,565,565,565,300
2022-07-05 14:48:00,565,565,565,565,600
2022-07-05 14:49:00,565,565,570,570,4200
2022-07-05 14:50:00,565,565,570,570,0
2022-07-05 14:51:00,565,565,570,570,0
2022-07-05 14:52:00,565,565,570,570,0
2022-07-05 14:53:00,565,565,570,570,0
2022-07-05 14:54:00,565,565,570,570,0
2022-07-05 14:55:00,565,565,570,570,0
2022-07-05 14:56:00,565,565,570,570,0
2022-07-05 14:57:00,565,565,570,570,0
2022-07-05 14:58:00,565,565,570,570,0
2022-07-05 14:59:00,565,565,570,570,0
2022-07-05 15:00:00,570,570,570,570,313200
2022-07-05 15:01:00,570,570,570,570,0
2022-07-05 15:02:00,570,570,570,570,0
2022-07-05 15:03:00,570,570,570,570,0
2022-07-05 15:04:00,570,570,570,570,0
2022-07-05 15:05:00,570,570,570,570,0
2022-07-05 15:06:00,570,570,570,570,0
2022-07-05 15:07:00,570,570,570,570,0
2022-07-05 15:08:00,570,570,570,570,0
2022-07-05 15:09:00,570,570,570,570,0
2022-07-05 15:10:00,570,570,570,570,0
2022-07-05 15:11:00,570,570,570,570,0
2022-07-05 15:12:00,570,570,570,570,0
2022-07-05 15:13:00,570,570,570,570,0
2022-07-05 15:14:00,570,570,570,570,0
2022-07-05 15:15:00,570,570,570,570,0
2022-07-05 15:16:00,570,570,570,570,0
2022-07-05 15:17:00,570,570,570,570,0
2022-07-05 15:18:00,570,570,570,570,0
2022-07-05 15:19:00,570,570,570,570,0
2022-07-05 15:20:00,570,570,570,570,0
2022-07-05 15:21:00,570,570,570,570,0
2022-07-05 15:22:00,570,570,570,570,0
2022-07-05 15:23:00,570,570,570,570,0
2022-07-05 15:24:00,570,570,570,570,0
2022-07-05 15:25:00,570,570,570,570,0
2022-07-05 15:26:00,570,570,570,570,0
2022-07-05 15:27:00,570,570,570,570,0
2022-07-05 15:28:00,570,570,570,570,0
2022-07-05 15:29:00,570,570,570,570,0
2022-07-05 15:30:00,570,570,570,570,0
2022-07-05 15:31:00,570,570,570,570,0
2022-07-05 15:32:00,570,570,570,570,0
2022-07-05 15:33:00,570,570,570,570,0
2022-07-05 15:34:00,570,570,570,570,0
2022-07-05 15:35:00,570,570,570,570,0
2022-07-05 15:36:00,570,570,570,570,0
2022-07-05 15:37:00,570,570,570,570,0
2022-07-05 15:38:00,570,570,570,570,0
2022-07-05 15:39:00,570,570,570,570,0
2022-07-05 15:40:00,570,570,570,570,0
2022-07-05 15:41:00,570,570,570,570,0
2022-07-05 15:42:00,570,570,570,570,0
2022-07-05 15:43:00,570,570,570,570,0
2022-07-05 15:44:00,570,570,570,570,0
2022-07-05 15:45:00,570,570,570,570,0
2022-07-05 15:46:00,570,570,570,570,0
2022-07-05 15:47:00,570,570,570,570,0
2022-07-05 15:48:00,570,570,570,570,0
2022-07-05 15:49:00,570,570,570,570,0
2022-07-05 15:50:00,570,570,570,570,0
2022-07-05 15:51:00,570,570,570,570,0
2022-07-05 15:52:00,570,570,570,570,0
2022-07-05 15:53:00,570,570,570,570,0
2022-07-05 15:54:00,570,570,570,570,0
2022-07-05 15:55:00,570,570,570,570,0
2022-07-05 15:56:00,570,570,570,570,0
2022-07-05 15:57:00,570,570,570,570,0
2022-07-05 15:58:00,570,570,570,570,0
2022-07-05 15:59:00,570,570,570,570,0
2022-07-06 09:00:00,570,570,570,570,0
2022-07-06 09:01:00,570,570,570,570,0
2022-07-06 09:02:00,570,570,570,570,0
2022-07-06 09:03:00,570,570,570,570,0
2022-07-06 09:04:00,565,560,565,560,0
2022-07-06 09:05:00,570,570,570,570,0
2022-07-06 09:06:00,570,570,570,570,0
2022-07-06 09:07:00,570,570,570,570,0
2022-07-06 09:08:00,565,565,565,565,1000
2022-07-06 09:09:00,565,565,565,565,0
2022-07-06 09:10:00,565,565,565,565,0
2022-07-06 09:11:00,565,565,565,565,39600
2022-07-06 09:12:00,565,565,565,565,0
2022-07-06 09:13:00,565,560,565,560,300
2022-07-06 09:14:00,565,565,565,565,500
2022-07-06 09:15:00,565,565,565,565,0
2022-07-06 09:16:00,565,565,565,565,500
2022-07-06 09:17:00,565,565,565,565,0
2022-07-06 09:18:00,560,560,570,570,108500
2022-07-06 09:19:00,560,560,570,570,0
2022-07-06 09:20:00,570,570,570,570,0
2022-07-06 09:21:00,570,570,570,570,0
2022-07-06 09:22:00,570,570,570,570,0
2022-07-06 09:23:00,570,570,570,570,0
2022-07-06 09:24:00,570,570,570,570,0
2022-07-06 09:25:00,570,570,570,570,0
2022-07-06 09:26:00,570,570,570,570,0
2022-07-06 09:27:00,565,565,565,565,1200
2022-07-06 09:28:00,565,565,565,565,0
2022-07-06 09:29:00,565,560,565,560,19700
2022-07-06 09:30:00,560,560,560,560,27500
2022-07-06 09:31:00,560,560,560,560,1800
2022-07-06 09:32:00,560,560,565,565,1200
2022-07-06 09:33:00,565,565,565,565,100
2022-07-06 09:34:00,565,565,565,565,0
2022-07-06 09:35:00,565,565,565,565,0
2022-07-06 09:36:00,565,565,565,565,0
2022-07-06 09:37:00,565,565,565,565,0
2022-07-06 09:38:00,565,565,565,565,0
2022-07-06 09:39:00,565,565,565,565,0
2022-07-06 09:40:00,565,565,565,565,0
2022-07-06 09:41:00,565,565,565,565,0
2022-07-06 09:42:00,565,565,565,565,0
2022-07-06 09:43:00,565,565,565,565,3200
2022-07-06 09:44:00,565,565,565,565,0
2022-07-06 09:45:00,565,565,565,565,0
2022-07-06 09:46:00,565,565,565,565,0
2022-07-06 09:47:00,565,565,565,565,0
2022-07-06 09:48:00,565,565,565,565,0
2022-07-06 09:49:00,560,560,560,560,0
2022-07-06 09:50:00,565,565,565,565,300
2022-07-06 09:51:00,565,565,565,565,0
2022-07-06 09:52:00,565,565,565,565,0
2022-07-06 09:53:00,565,565,565,565,0
2022-07-06 09:54:00,560,560,560,560,2200
2022-07-06 09:55:00,560,560,560,560,10000
2022-07-06 09:56:00,560,560,560,560,0
2022-07-06 09:57:00,560,560,565,565,3400
2022-07-06 09:58:00,565,565,565,565,3300
2022-07-06 09:59:00,565,565,565,565,0
2022-07-06 10:00:00,560,555,565,565,2100
2022-07-06 10:01:00,560,555,565,565,0
2022-07-06 10:02:00,560,555,565,565,0
2022-07-06 10:03:00,560,555,565,565,0
2022-07-06 10:04:00,565,565,565,565,3200
2022-07-06 10:05:00,560,560,565,565,0
2022-07-06 10:06:00,560,560,565,565,0
2022-07-06 10:07:00,560,560,565,565,0
2022-07-06 10:08:00,560,560,565,565,0
2022-07-06 10:09:00,560,560,565,565,0
2022-07-06 10:10:00,560,560,565,565,0
2022-07-06 10:11:00,560,560,565,565,0
2022-07-06 10:12:00,560,560,565,565,0
2022-07-06 10:13:00,560,560,565,565,0
2022-07-06 10:14:00,560,560,565,565,0
2022-07-06 10:15:00,560,560,565,565,0
2022-07-06 10:16:00,560,560,565,565,0
2022-07-06 10:17:00,560,560,565,565,0
2022-07-06 10:18:00,560,560,565,565,0
2022-07-06 10:19:00,560,560,565,565,0
2022-07-06 10:20:00,560,560,565,565,0
2022-07-06 10:21:00,560,560,565,565,0
2022-07-06 10:22:00,560,560,565,565,0
2022-07-06 10:23:00,560,560,565,565,0
2022-07-06 10:24:00,560,560,565,565,0
2022-07-06 10:25:00,560,560,565,565,0
2022-07-06 10:26:00,560,560,565,565,0
2022-07-06 10:27:00,560,560,565,565,0
2022-07-06 10:28:00,560,560,565,565,0
2022-07-06 10:29:00,560,560,565,565,0
2022-07-06 10:30:00,560,560,565,565,0
2022-07-06 10:31:00,560,560,565,565,0
2022-07-06 10:32:00,560,560,565,565,0
2022-07-06 10:33:00,560,560,560,560,1100
2022-07-06 10:34:00,560,560,560,560,0
2022-07-06 10:35:00,560,560,560,560,0
2022-07-06 10:36:00,560,560,565,565,1200
2022-07-06 10:37:00,560,560,565,565,0
2022-07-06 10:38:00,560,560,565,565,0
2022-07-06 10:39:00,560,560,565,565,0
2022-07-06 10:40:00,560,560,565,565,0
2022-07-06 10:41:00,560,560,565,565,0
2022-07-06 10:42:00,560,560,565,565,0
2022-07-06 10:43:00,560,560,565,565,0
2022-07-06 10:44:00,560,560,565,565,0
2022-07-06 10:45:00,560,560,565,565,0
2022-07-06 10:46:00,560,560,565,565,0
2022-07-06 10:47:00,560,560,565,565,0
2022-07-06 10:48:00,560,560,565,565,0
2022-07-06 10:49:00,560,560,565,565,0
2022-07-06 10:50:00,560,560,565,565,0
2022-07-06 10:51:00,560,560,565,565,0
2022-07-06 10:52:00,560,560,565,565,0
2022-07-06 10:53:00,560,560,565,565,0
2022-07-06 10:54:00,560,560,565,565,0
2022-07-06 10:55:00,560,560,565,565,0
2022-07-06 10:56:00,560,560,565,565,0
2022-07-06 10:57:00,560,560,565,565,0
2022-07-06 10:58:00,560,560,565,565,0
2022-07-06 10:59:00,560,560,565,565,0
2022-07-06 11:00:00,560,560,565,565,0
2022-07-06 11:01:00,560,560,565,565,0
2022-07-06 11:02:00,560,560,565,565,0
2022-07-06 11:03:00,560,560,565,565,0
2022-07-06 11:04:00,560,560,565,565,0
2022-07-06 11:05:00,560,560,565,565,0
2022-07-06 11:06:00,560,560,565,565,0
2022-07-06 11:07:00,560,560,565,565,0
2022-07-06 11:08:00,560,560,565,565,0
2022-07-06 11:09:00,560,560,565,565,0
2022-07-06 11:10:00,560,560,565,565,0
2022-07-06 11:11:00,560,560,565,565,0
2022-07-06 11:12:00,560,560,565,565,0
2022-07-06 11:13:00,560,560,565,565,0
2022-07-06 11:14:00,560,560,565,565,0
2022-07-06 11:15:00,560,560,565,565,0
2022-07-06 11:16:00,560,560,565,565,0
2022-07-06 11:17:00,560,560,565,565,0
2022-07-06 11:18:00,560,560,565,565,0
2022-07-06 11:19:00,560,560,565,565,0
2022-07-06 11:20:00,560,560,565,565,0
2022-07-06 11:21:00,560,560,565,565,0
2022-07-06 11:22:00,560,560,565,565,0
2022-07-06 11:23:00,560,560,565,565,0
2022-07-06 11:24:00,560,560,565,565,0
2022-07-06 11:25:00,560,560,565,565,0
2022-07-06 11:26:00,565,565,565,565,600
2022-07-06 11:27:00,565,565,565,565,0
2022-07-06 11:28:00,565,565,565,565,100
2022-07-06 11:29:00,565,565,565,565,500
2022-07-06 11:30:00,565,565,565,565,0
2022-07-06 11:31:00,565,565,565,565,0
2022-07-06 11:32:00,565,565,565,565,0
2022-07-06 11:33:00,565,565,565,565,0
2022-07-06 11:34:00,565,565,565,565,0
2022-07-06 11:35:00,565,565,565,565,0
2022-07-06 11:36:00,565,565,565,565,0
2022-07-06 11:37:00,565,565,565,565,0
2022-07-06 11:38:00,565,565,565,565,0
2022-07-06 11:39:00,565,565,565,565,0
2022-07-06 11:40:00,565,565,565,565,0
2022-07-06 11:41:00,565,565,565,565,0
2022-07-06 11:42:00,565,565,565,565,0
2022-07-06 11:43:00,565,565,565,565,0
2022-07-06 11:44:00,565,565,565,565,0
2022-07-06 11:45:00,565,565,565,565,0
2022-07-06 11:46:00,565,565,565,565,0
2022-07-06 11:47:00,565,565,565,565,0
2022-07-06 11:48:00,565,565,565,565,0
2022-07-06 11:49:00,565,565,565,565,0
2022-07-06 11:50:00,565,565,565,565,0
2022-07-06 11:51:00,565,565,565,565,0
2022-07-06 11:52:00,565,565,565,565,0
2022-07-06 11:53:00,565,565,565,565,0
2022-07-06 11:54:00,565,565,565,565,0
2022-07-06 11:55:00,565,565,565,565,0
2022-07-06 11:56:00,565,565,565,565,0
2022-07-06 11:57:00,565,565,565,565,0
2022-07-06 11:58:00,565,565,565,565,0
2022-07-06 11:59:00,565,565,565,565,0
2022-07-06 12:00:00,565,565,565,565,0
2022-07-06 12:01:00,565,565,565,565,0
2022-07-06 12:02:00,565,565,565,565,0
2022-07-06 12:03:00,565,565,565,565,0
2022-07-06 12:04:00,565,565,565,565,0
2022-07-06 12:05:00,565,565,565,565,0
2022-07-06 12:06:00,565,565,565,565,0
2022-07-06 12:07:00,565,565,565,565,0
2022-07-06 12:08:00,565,565,565,565,0
2022-07-06 12:09:00,565,565,565,565,0
2022-07-06 12:10:00,565,565,565,565,0
2022-07-06 12:11:00,565,565,565,565,0
2022-07-06 12:12:00,565,565,565,565,0
2022-07-06 12:13:00,565,565,565,565,0
2022-07-06 12:14:00,565,565,565,565,0
2022-07-06 12:15:00,565,565,565,565,0
2022-07-06 12:16:00,565,565,565,565,0
2022-07-06 12:17:00,565,565,565,565,0
2022-07-06 12:18:00,565,565,565,565,0
2022-07-06 12:19:00,565,565,565,565,0
2022-07-06 12:20:00,565,565,565,565,0
2022-07-06 12:21:00,565,565,565,565,0
2022-07-06 12:22:00,565,565,565,565,0
2022-07-06 12:23:00,565,565,565,565,0
2022-07-06 12:24:00,565,565,565,565,0
2022-07-06 12:25:00,565,565,565,565,0
2022-07-06 12:26:00,565,565,565,565,0
2022-07-06 12:27:00,565,565,565,565,0
2022-07-06 12:28:00,565,565,565,565,0
2022-07-06 12:29:00,565,565,565,565,0
2022-07-06 12:30:00,565,565,565,565,0
2022-07-06 12:31:00,565,565,565,565,0
2022-07-06 12:32:00,565,565,565,565,0
2022-07-06 12:33:00,565,565,565,565,0
2022-07-06 12:34:00,565,565,565,565,0
2022-07-06 12:35:00,565,565,565,565,0
2022-07-06 12:36:00,565,565,565,565,0
2022-07-06 12:37:00,565,565,565,565,0
2022-07-06 12:38:00,565,565,565,565,0
2022-07-06 12:39:00,565,565,565,565,0
2022-07-06 12:40:00,565,565,565,565,0
2022-07-06 12:41:00,565,565,565,565,0
2022-07-06 12:42:00,565,565,565,565,0
2022-07-06 12:43:00,565,565,565,565,0
2022-07-06 12:44:00,565,565,565,565,0
2022-07-06 12:45:00,565,565,565,565,0
2022-07-06 12:46:00,565,565,565,565,0
2022-07-06 12:47:00,565,565,565,565,0
2022-07-06 12:48:00,565,565,565,565,0
2022-07-06 12:49:00,565,565,565,565,0
2022-07-06 12:50:00,565,565,565,565,0
2022-07-06 12:51:00,565,565,565,565,0
2022-07-06 12:52:00,565,565,565,565,0
2022-07-06 12:53:00,565,565,565,565,0
2022-07-06 12:54:00,565,565,565,565,0
2022-07-06 12:55:00,565,565,565,565,0
2022-07-06 12:56:00,565,565,565,565,0
2022-07-06 12:57:00,565,565,565,565,0
2022-07-06 12:58:00,565,565,565,565,0
2022-07-06 12:59:00,565,565,565,565,0
2022-07-06 13:00:00,565,565,565,565,0
2022-07-06 13:01:00,565,565,565,565,0
2022-07-06 13:02:00,565,565,565,565,0
2022-07-06 13:03:00,565,565,565,565,0
2022-07-06 13:04:00,565,565,565,565,0
2022-07-06 13:05:00,565,565,565,565,0
2022-07-06 13:06:00,565,565,565,565,0
2022-07-06 13:07:00,565,565,565,565,0
2022-07-06 13:08:00,565,565,565,565,0
2022-07-06 13:09:00,565,565,565,565,0
2022-07-06 13:10:00,565,565,565,565,0
2022-07-06 13:11:00,565,565,565,565,0
2022-07-06 13:12:00,565,565,565,565,0
2022-07-06 13:13:00,565,565,565,565,0
2022-07-06 13:14:00,565,565,565,565,0
2022-07-06 13:15:00,565,565,565,565,0
2022-07-06 13:16:00,565,565,565,565,0
2022-07-06 13:17:00,565,565,565,565,0
2022-07-06 13:18:00,565,565,565,565,0
2022-07-06 13:19:00,565,565,565,565,0
2022-07-06 13:20:00,565,565,565,565,0
2022-07-06 13:21:00,565,565,565,565,0
2022-07-06 13:22:00,565,565,565,565,0
2022-07-06 13:23:00,565,565,565,565,0
2022-07-06 13:24:00,565,565,565,565,0
2022-07-06 13:25:00,565,565,565,565,0
2022-07-06 13:26:00,565,565,565,565,0
2022-07-06 13:27:00,565,565,565,565,0
2022-07-06 13:28:00,565,565,565,565,0
2022-07-06 13:29:00,565,565,565,565,0
2022-07-06 13:30:00,560,560,565,565,1300
2022-07-06 13:31:00,560,560,565,565,0
2022-07-06 13:32:00,560,560,565,565,0
2022-07-06 13:33:00,560,560,565,565,0
2022-07-06 13:34:00,560,560,565,565,0
2022-07-06 13:35:00,560,560,565,565,0
2022-07-06 13:36:00,560,560,565,565,0
2022-07-06 13:37:00,560,560,565,565,0
2022-07-06 13:38:00,560,560,565,565,0
2022-07-06 13:39:00,560,560,565,565,0
2022-07-06 13:40:00,560,560,565,565,0
2022-07-06 13:41:00,560,560,565,565,0
2022-07-06 13:42:00,560,560,565,565,0
2022-07-06 13:43:00,560,560,565,565,0
2022-07-06 13:44:00,565,565,565,565,600
2022-07-06 13:45:00,565,565,565,565,0
2022-07-06 13:46:00,565,565,565,565,0
2022-07-06 13:47:00,565,565,565,565,0
2022-07-06 13:48:00,565,565,565,565,0
2022-07-06 13:49:00,565,565,565,565,0
2022-07-06 13:50:00,565,565,565,565,0
2022-07-06 13:51:00,565,565,565,565,0
2022-07-06 13:52:00,565,565,565,565,0
2022-07-06 13:53:00,565,565,565,565,0
2022-07-06 13:54:00,565,565,565,565,0
2022-07-06 13:55:00,565,565,565,565,0
2022-07-06 13:56:00,565,565,565,565,0
2022-07-06 13:57:00,565,565,565,565,0
2022-07-06 13:58:00,565,565,565,565,0
2022-07-06 13:59:00,565,565,565,565,0
2022-07-06 14:00:00,565,565,565,565,0
2022-07-06 14:01:00,565,565,565,565,0
2022-07-06 14:02:00,565,565,565,565,0
2022-07-06 14:03:00,565,565,565,565,0
2022-07-06 14:04:00,565,565,565,565,0
2022-07-06 14:05:00,565,565,565,565,0
2022-07-06 14:06:00,565,565,565,565,0
2022-07-06 14:07:00,565,565,565,565,0
2022-07-06 14:08:00,565,565,565,565,0
2022-07-06 14:09:00,565,565,565,565,0
2022-07-06 14:10:00,565,565,565,565,0
2022-07-06 14:11:00,565,565,565,565,0
2022-07-06 14:12:00,565,565,565,565,0
2022-07-06 14:13:00,565,565,565,565,0
2022-07-06 14:14:00,565,565,565,565,0
2022-07-06 14:15:00,565,565,565,565,0
2022-07-06 14:16:00,565,565,565,565,0
2022-07-06 14:17:00,565,565,565,565,0
2022-07-06 14:18:00,565,565,565,565,0
2022-07-06 14:19:00,565,565,565,565,0
2022-07-06 14:20:00,565,565,565,565,0
2022-07-06 14:21:00,565,565,565,565,0
2022-07-06 14:22:00,565,565,565,565,0
2022-07-06 14:23:00,565,565,565,565,300
2022-07-06 14:24:00,565,565,565,565,300
2022-07-06 14:25:00,565,565,565,565,0
2022-07-06 14:26:00,565,565,565,565,0
2022-07-06 14:27:00,565,565,565,565,0
2022-07-06 14:28:00,565,565,565,565,0
2022-07-06 14:29:00,565,565,565,565,0
2022-07-06 14:30:00,565,565,565,565,0
2022-07-06 14:31:00,565,565,565,565,0
2022-07-06 14:32:00,565,565,565,565,0
2022-07-06 14:33:00,565,565,565,565,0
2022-07-06 14:34:00,565,565,565,565,0
2022-07-06 14:35:00,565,565,565,565,0
2022-07-06 14:36:00,565,565,565,565,0
2022-07-06 14:37:00,565,565,565,565,0
2022-07-06 14:38:00,565,565,565,565,0
2022-07-06 14:39:00,565,565,565,565,0
2022-07-06 14:40:00,565,565,565,565,600
2022-07-06 14:41:00,565,565,565,565,0
2022-07-06 14:42:00,565,565,565,565,0
2022-07-06 14:43:00,565,565,565,565,500
2022-07-06 14:44:00,565,565,565,565,0
2022-07-06 14:45:00,565,565,565,565,200
2022-07-06 14:46:00,565,565,565,565,0
2022-07-06 14:47:00,565,565,565,565,0
2022-07-06 14:48:00,565,565,565,565,100
2022-07-06 14:49:00,565,565,570,570,1700
2022-07-06 14:50:00,565,565,570,570,0
2022-07-06 14:51:00,565,565,570,570,0
2022-07-06 14:52:00,565,565,570,570,0
2022-07-06 14:53:00,565,565,570,570,0
2022-07-06 14:54:00,565,565,570,570,0
2022-07-06 14:55:00,565,565,570,570,0
2022-07-06 14:56:00,565,565,570,570,0
2022-07-06 14:57:00,565,565,570,570,0
2022-07-06 14:58:00,565,565,570,570,0
2022-07-06 14:59:00,565,565,570,570,0
2022-07-06 15:00:00,570,570,570,570,305800
2022-07-06 15:01:00,570,570,570,570,0
2022-07-06 15:02:00,570,570,570,570,0
2022-07-06 15:03:00,570,570,570,570,0
2022-07-06 15:04:00,570,570,570,570,0
2022-07-06 15:05:00,570,570,570,570,0
2022-07-06 15:06:00,570,570,570,570,0
2022-07-06 15:07:00,570,570,570,570,0
2022-07-06 15:08:00,570,570,570,570,0
2022-07-06 15:09:00,570,570,570,570,0
2022-07-06 15:10:00,570,570,570,570,0
2022-07-06 15:11:00,570,570,570,570,0
2022-07-06 15:12:00,570,570,570,570,0
2022-07-06 15:13:00,570,570,570,570,0
2022-07-06 15:14:00,570,570,570,570,0
2022-07-06 15:15:00,570,570,570,570,0
2022-07-06 15:16:00,570,570,570,570,0
2022-07-06 15:17:00,570,570,570,570,0
2022-07-06 15:18:00,570,570,570,570,0
2022-07-06 15:19:00,570,570,570,570,0
2022-07-06 15:20:00,570,570,570,570,0
2022-07-06 15:21:00,570,570,570,570,0
2022-07-06 15:22:00,570,570,570,570,0
2022-07-06 15:23:00,570,570,570,570,0
2022-07-06 15:24:00,570,570,570,570,0
2022-07-06 15:25:00,570,570,570,570,0
2022-07-06 15:26:00,570,570,570,570,0
2022-07-06 15:27:00,570,570,570,570,0
2022-07-06 15:28:00,570,570,570,570,0
2022-07-06 15:29:00,570,570,570,570,0
2022-07-06 15:30:00,570,570,570,570,0
2022-07-06 15:31:00,570,570,570,570,0
2022-07-06 15:32:00,570,570,570,570,0
2022-07-06 15:33:00,570,570,570,570,0
2022-07-06 15:34:00,570,570,570,570,0
2022-07-06 15:35:00,570,570,570,570,0
2022-07-06 15:36:00,570,570,570,570,0
2022-07-06 15:37:00,570,570,570,570,0
2022-07-06 15:38:00,570,570,570,570,0
2022-07-06 15:39:00,570,570,570,570,0
2022-07-06 15:40:00,570,570,570,570,0
2022-07-06 15:41:00,570,570,570,570,0
2022-07-06 15:42:00,570,570,570,570,0
2022-07-06 15:43:00,570,570,570,570,0
2022-07-06 15:44:00,570,570,570,570,0
2022-07-06 15:45:00,570,570,570,570,0
2022-07-06 15:46:00,570,570,570,570,0
2022-07-06 15:47:00,570,570,570,570,0
2022-07-06 15:48:00,570,570,570,570,0
2022-07-06 15:49:00,570,570,570,570,0
2022-07-06 15:50:00,570,570,570,570,0
2022-07-06 15:51:00,570,570,570,570,0
2022-07-06 15:52:00,570,570,570,570,0
2022-07-06 15:53:00,570,570,570,570,0
2022-07-06 15:54:00,570,570,570,570,0
2022-07-06 15:55:00,570,570,570,570,0
2022-07-06 15:56:00,570,570,570,570,0
2022-07-06 15:57:00,570,570,570,570,0
2022-07-06 15:58:00,570,570,570,570,0
2022-07-06 15:59:00,570,570,570,570,0
2022-07-07 09:00:00,565,565,565,565,0
2022-07-07 09:01:00,565,565,565,565,100
2022-07-07 09:02:00,570,570,570,570,100
2022-07-07 09:03:00,570,570,570,570,0
2022-07-07 09:04:00,570,570,570,570,0
2022-07-07 09:05:00,570,570,570,570,0
2022-07-07 09:06:00,570,570,570,570,0
2022-07-07 09:07:00,565,565,565,565,600
2022-07-07 09:08:00,565,565,565,565,0
2022-07-07 09:09:00,565,565,565,565,0
2022-07-07 09:10:00,565,565,565,565,0
2022-07-07 09:11:00,565,565,565,565,0
2022-07-07 09:12:00,565,565,565,565,0
2022-07-07 09:13:00,565,565,565,565,0
2022-07-07 09:14:00,565,565,565,565,800
2022-07-07 09:15:00,565,565,565,565,0
2022-07-07 09:16:00,565,565,565,565,0
2022-07-07 09:17:00,565,565,565,565,0
2022-07-07 09:18:00,565,565,565,565,0
2022-07-07 09:19:00,565,565,565,565,0
2022-07-07 09:20:00,565,565,565,565,0
2022-07-07 09:21:00,565,565,565,565,0
2022-07-07 09:22:00,565,565,565,565,0
2022-07-07 09:23:00,565,565,565,565,0
2022-07-07 09:24:00,565,565,565,565,0
2022-07-07 09:25:00,565,565,565,565,0
2022-07-07 09:26:00,565,565,565,565,0
2022-07-07 09:27:00,565,565,565,565,0
2022-07-07 09:28:00,565,565,565,565,64800
2022-07-07 09:29:00,565,565,565,565,0
2022-07-07 09:30:00,565,565,565,565,0
2022-07-07 09:31:00,565,565,565,565,0
2022-07-07 09:32:00,565,565,565,565,0
2022-07-07 09:33:00,565,565,565,565,0
2022-07-07 09:34:00,565,565,565,565,0
2022-07-07 09:35:00,565,565,565,565,0
2022-07-07 09:36:00,565,565,565,565,0
2022-07-07 09:37:00,565,565,565,565,0
2022-07-07 09:38:00,565,565,565,565,0
2022-07-07 09:39:00,565,565,565,565,0
2022-07-07 09:40:00,565,565,565,565,0
2022-07-07 09:41:00,565,565,565,565,0
2022-07-07 09:42:00,565,565,565,565,0
2022-07-07 09:43:00,565,565,565,565,0
2022-07-07 09:44:00,565,565,565,565,0
2022-07-07 09:45:00,565,565,565,565,0
2022-07-07 09:46:00,565,565,565,565,0
2022-07-07 09:47:00,565,565,565,565,0
2022-07-07 09:48:00,565,565,565,565,0
2022-07-07 09:49:00,565,565,565,565,0
2022-07-07 09:50:00,565,565,565,565,0
2022-07-07 09:51:00,565,565,565,565,0
2022-07-07 09:52:00,565,565,565,565,0
2022-07-07 09:53:00,565,565,565,565,0
2022-07-07 09:54:00,565,565,565,565,0
2022-07-07 09:55:00,565,565,565,565,0
2022-07-07 09:56:00,565,565,565,565,0
2022-07-07 09:57:00,565,565,565,565,0
2022-07-07 09:58:00,565,565,565,565,0
2022-07-07 09:59:00,565,565,565,565,0
2022-07-07 10:00:00,565,565,565,565,0
2022-07-07 10:01:00,565,565,565,565,0
2022-07-07 10:02:00,565,565,565,565,0
2022-07-07 10:03:00,565,565,565,565,0
2022-07-07 10:04:00,560,560,560,560,0
2022-07-07 10:05:00,565,565,565,565,0
2022-07-07 10:06:00,565,565,565,565,0
2022-07-07 10:07:00,565,565,565,565,0
2022-07-07 10:08:00,565,565,565,565,0
2022-07-07 10:09:00,565,565,565,565,0
2022-07-07 10:10:00,565,565,565,565,0
2022-07-07 10:11:00,565,565,565,565,0
2022-07-07 10:12:00,565,565,565,565,0
2022-07-07 10:13:00,565,565,565,565,0
2022-07-07 10:14:00,565,565,565,565,0
2022-07-07 10:15:00,565,565,565,565,0
2022-07-07 10:16:00,565,565,565,565,0
2022-07-07 10:17:00,565,565,565,565,0
2022-07-07 10:18:00,565,565,565,565,0
2022-07-07 10:19:00,565,565,565,565,0
2022-07-07 10:20:00,565,565,565,565,0
2022-07-07 10:21:00,565,565,565,565,0
2022-07-07 10:22:00,565,565,565,565,0
2022-07-07 10:23:00,565,565,565,565,0
2022-07-07 10:24:00,565,565,565,565,0
2022-07-07 10:25:00,565,565,565,565,0
2022-07-07 10:26:00,565,565,565,565,0
2022-07-07 10:27:00,565,565,565,565,0
2022-07-07 10:28:00,565,565,565,565,0
2022-07-07 10:29:00,565,565,565,565,0
2022-07-07 10:30:00,565,565,565,565,0
2022-07-07 10:31:00,565,565,565,565,0
2022-07-07 10:32:00,565,565,565,565,0
2022-07-07 10:33:00,565,565,565,565,0
2022-07-07 10:34:00,565,565,565,565,0
2022-07-07 10:35:00,565,565,565,565,0
2022-07-07 10:36:00,565,565,565,565,0
2022-07-07 10:37:00,565,565,565,565,0
2022-07-07 10:38:00,565,565,565,565,0
2022-07-07 10:39:00,565,565,565,565,0
2022-07-07 10:40:00,565,565,565,565,0
2022-07-07 10:41:00,565,565,565,565,0
2022-07-07 10:42:00,565,565,565,565,0
2022-07-07 10:43:00,565,565,565,565,0
2022-07-07 10:44:00,565,565,565,565,0
2022-07-07 10:45:00,565,565,565,565,0
2022-07-07 10:46:00,565,565,565,565,0
2022-07-07 10:47:00,565,565,565,565,0
2022-07-07 10:48:00,565,565,565,565,0
2022-07-07 10:49:00,565,565,565,565,0
2022-07-07 10:50:00,565,565,565,565,0
2022-07-07 10:51:00,565,565,565,565,0
2022-07-07 10:52:00,565,565,565,565,0
2022-07-07 10:53:00,565,565,565,565,0
2022-07-07 10:54:00,560,560,560,560,2600
2022-07-07 10:55:00,565,565,565,565,0
2022-07-07 10:56:00,565,565,565,565,0
2022-07-07 10:57:00,565,565,565,565,0
2022-07-07 10:58:00,565,565,565,565,0
2022-07-07 10:59:00,565,565,565,565,0
2022-07-07 11:00:00,565,565,565,565,0
2022-07-07 11:01:00,565,565,565,565,0
2022-07-07 11:02:00,565,565,565,565,0
2022-07-07 11:03:00,565,565,565,565,0
2022-07-07 11:04:00,565,565,565,565,0
2022-07-07 11:05:00,565,565,565,565,0
2022-07-07 11:06:00,565,565,565,565,0
2022-07-07 11:07:00,565,565,565,565,0
2022-07-07 11:08:00,565,565,565,565,0
2022-07-07 11:09:00,565,565,565,565,0
2022-07-07 11:10:00,565,565,565,565,600
2022-07-07 11:11:00,565,565,565,565,0
2022-07-07 11:12:00,565,565,565,565,0
2022-07-07 11:13:00,565,565,565,565,0
2022-07-07 11:14:00,565,565,565,565,0
2022-07-07 11:15:00,565,565,565,565,0
2022-07-07 11:16:00,565,565,565,565,0
2022-07-07 11:17:00,565,565,565,565,0
2022-07-07 11:18:00,565,565,565,565,0
2022-07-07 11:19:00,565,565,565,565,0
2022-07-07 11:20:00,565,565,565,565,0
2022-07-07 11:21:00,565,565,565,565,500
2022-07-07 11:22:00,565,565,565,565,0
2022-07-07 11:23:00,565,565,565,565,0
2022-07-07 11:24:00,565,565,565,565,0
2022-07-07 11:25:00,565,565,565,565,0
2022-07-07 11:26:00,565,565,565,565,600
2022-07-07 11:27:00,565,565,565,565,0
2022-07-07 11:28:00,565,560,565,565,2700
2022-07-07 11:29:00,565,565,565,565,0
2022-07-07 11:30:00,565,565,565,565,0
2022-07-07 11:31:00,565,565,565,565,0
2022-07-07 11:32:00,565,565,565,565,0
2022-07-07 11:33:00,565,565,565,565,0
2022-07-07 11:34:00,565,565,565,565,0
2022-07-07 11:35:00,565,565,565,565,0
2022-07-07 11:36:00,565,565,565,565,0
2022-07-07 11:37:00,565,565,565,565,0
2022-07-07 11:38:00,565,565,565,565,0
2022-07-07 11:39:00,565,565,565,565,0
2022-07-07 11:40:00,565,565,565,565,0
2022-07-07 11:41:00,565,565,565,565,0
2022-07-07 11:42:00,565,565,565,565,0
2022-07-07 11:43:00,565,565,565,565,0
2022-07-07 11:44:00,565,565,565,565,0
2022-07-07 11:45:00,565,565,565,565,0
2022-07-07 11:46:00,565,565,565,565,0
2022-07-07 11:47:00,565,565,565,565,0
2022-07-07 11:48:00,565,565,565,565,0
2022-07-07 11:49:00,565,565,565,565,0
2022-07-07 11:50:00,565,565,565,565,0
2022-07-07 11:51:00,565,565,565,565,0
2022-07-07 11:52:00,565,565,565,565,0
2022-07-07 11:53:00,565,565,565,565,0
2022-07-07 11:54:00,565,565,565,565,0
2022-07-07 11:55:00,565,565,565,565,0
2022-07-07 11:56:00,565,565,565,565,0
2022-07-07 11:57:00,565,565,565,565,0
2022-07-07 11:58:00,565,565,565,565,0
2022-07-07 11:59:00,565,565,565,565,0
2022-07-07 12:00:00,565,565,565,565,0
2022-07-07 12:01:00,565,565,565,565,0
2022-07-07 12:02:00,565,565,565,565,0
2022-07-07 12:03:00,565,565,565,565,0
2022-07-07 12:04:00,565,565,565,565,0
2022-07-07 12:05:00,565,565,565,565,0
2022-07-07 12:06:00,565,565,565,565,0
2022-07-07 12:07:00,565,565,565,565,0
2022-07-07 12:08:00,565,565,565,565,0
2022-07-07 12:09:00,565,565,565,565,0
2022-07-07 12:10:00,565,565,565,565,0
2022-07-07 12:11:00,565,565,565,565,0
2022-07-07 12:12:00,565,565,565,565,0
2022-07-07 12:13:00,565,565,565,565,0
2022-07-07 12:14:00,565,565,565,565,0
2022-07-07 12:15:00,565,565,565,565,0
2022-07-07 12:16:00,565,565,565,565,0
2022-07-07 12:17:00,565,565,565,565,0
2022-07-07 12:18:00,565,565,565,565,0
2022-07-07 12:19:00,565,565,565,565,0
2022-07-07 12:20:00,565,565,565,565,0
2022-07-07 12:21:00,565,565,565,565,0
2022-07-07 12:22:00,565,565,565,565,0
2022-07-07 12:23:00,565,565,565,565,0
2022-07-07 12:24:00,565,565,565,565,0
2022-07-07 12:25:00,565,565,565,565,0
2022-07-07 12:26:00,565,565,565,565,0
2022-07-07 12:27:00,565,565,565,565,0
2022-07-07 12:28:00,565,565,565,565,0
2022-07-07 12:29:00,565,565,565,565,0
2022-07-07 12:30:00,565,565,565,565,0
2022-07-07 12:31:00,565,565,565,565,0
2022-07-07 12:32:00,565,565,565,565,0
2022-07-07 12:33:00,565,565,565,565,0
2022-07-07 12:34:00,565,565,565,565,0
2022-07-07 12:35:00,565,565,565,565,0
2022-07-07 12:36:00,565,565,565,565,0
2022-07-07 12:37:00,565,565,565,565,0
2022-07-07 12:38:00,565,565,565,565,0
2022-07-07 12:39:00,565,565,565,565,0
2022-07-07 12:40:00,565,565,565,565,0
2022-07-07 12:41:00,565,565,565,565,0
2022-07-07 12:42:00,565,565,565,565,0
2022-07-07 12:43:00,565,565,565,565,0
2022-07-07 12:44:00,565,565,565,565,0
2022-07-07 12:45:00,565,565,565,565,0
2022-07-07 12:46:00,565,565,565,565,0
2022-07-07 12:47:00,565,565,565,565,0
2022-07-07 12:48:00,565,565,565,565,0
2022-07-07 12:49:00,565,565,565,565,0
2022-07-07 12:50:00,565,565,565,565,0
2022-07-07 12:51:00,565,565,565,565,0
2022-07-07 12:52:00,565,565,565,565,0
2022-07-07 12:53:00,565,565,565,565,0
2022-07-07 12:54:00,565,565,565,565,0
2022-07-07 12:55:00,565,565,565,565,0
2022-07-07 12:56:00,565,565,565,565,0
2022-07-07 12:57:00,565,565,565,565,0
2022-07-07 12:58:00,565,565,565,565,0
2022-07-07 12:59:00,565,565,565,565,0
2022-07-07 13:00:00,565,565,565,565,0
2022-07-07 13:01:00,565,565,565,565,0
2022-07-07 13:02:00,565,565,565,565,0
2022-07-07 13:03:00,565,565,565,565,0
2022-07-07 13:04:00,565,565,565,565,0
2022-07-07 13:05:00,565,565,565,565,0
2022-07-07 13:06:00,565,565,565,565,0
2022-07-07 13:07:00,565,565,565,565,0
2022-07-07 13:08:00,565,565,565,565,0
2022-07-07 13:09:00,565,565,565,565,0
2022-07-07 13:10:00,565,565,565,565,0
2022-07-07 13:11:00,565,565,565,565,0
2022-07-07 13:12:00,565,565,565,565,0
2022-07-07 13:13:00,565,565,565,565,0
2022-07-07 13:14:00,565,565,565,565,0
2022-07-07 13:15:00,565,565,565,565,0
2022-07-07 13:16:00,565,565,565,565,0
2022-07-07 13:17:00,565,565,565,565,0
2022-07-07 13:18:00,565,565,565,565,0
2022-07-07 13:19:00,565,565,565,565,0
2022-07-07 13:20:00,565,565,565,565,0
2022-07-07 13:21:00,565,565,565,565,0
2022-07-07 13:22:00,565,565,565,565,0
2022-07-07 13:23:00,565,565,565,565,0
2022-07-07 13:24:00,565,565,565,565,0
2022-07-07 13:25:00,565,565,565,565,0
2022-07-07 13:26:00,565,565,565,565,0
2022-07-07 13:27:00,565,565,565,565,0
2022-07-07 13:28:00,565,565,565,565,0
2022-07-07 13:29:00,565,565,565,565,0
2022-07-07 13:30:00,565,565,565,565,700
2022-07-07 13:31:00,565,565,565,565,0
2022-07-07 13:32:00,565,565,565,565,0
2022-07-07 13:33:00,565,565,565,565,0
2022-07-07 13:34:00,565,565,565,565,0
2022-07-07 13:35:00,565,565,565,565,0
2022-07-07 13:36:00,565,565,565,565,0
2022-07-07 13:37:00,565,565,565,565,0
2022-07-07 13:38:00,565,565,565,565,0
2022-07-07 13:39:00,565,565,565,565,0
2022-07-07 13:40:00,565,565,565,565,0
2022-07-07 13:41:00,565,565,565,565,0
2022-07-07 13:42:00,565,565,565,565,0
2022-07-07 13:43:00,565,565,565,565,0
2022-07-07 13:44:00,565,565,565,565,1300
2022-07-07 13:45:00,565,565,565,565,0
2022-07-07 13:46:00,565,565,565,565,0
2022-07-07 13:47:00,565,565,565,565,0
2022-07-07 13:48:00,565,565,565,565,0
2022-07-07 13:49:00,565,565,565,565,0
2022-07-07 13:50:00,565,565,565,565,0
2022-07-07 13:51:00,565,565,565,565,0
2022-07-07 13:52:00,565,565,565,565,0
2022-07-07 13:53:00,565,565,565,565,0
2022-07-07 13:54:00,565,565,565,565,0
2022-07-07 13:55:00,565,565,565,565,0
2022-07-07 13:56:00,565,565,565,565,0
2022-07-07 13:57:00,565,565,565,565,0
2022-07-07 13:58:00,565,565,565,565,0
2022-07-07 13:59:00,565,565,565,565,0
2022-07-07 14:00:00,565,565,565,565,0
2022-07-07 14:01:00,565,565,565,565,0
2022-07-07 14:02:00,565,565,565,565,0
2022-07-07 14:03:00,565,565,565,565,0
2022-07-07 14:04:00,565,565,565,565,0
2022-07-07 14:05:00,565,565,565,565,0
2022-07-07 14:06:00,565,565,565,565,0
2022-07-07 14:07:00,565,565,565,565,0
2022-07-07 14:08:00,565,565,565,565,0
2022-07-07 14:09:00,565,565,565,565,0
2022-07-07 14:10:00,565,565,565,565,0
2022-07-07 14:11:00,565,565,565,565,0
2022-07-07 14:12:00,565,565,565,565,0
2022-07-07 14:13:00,565,565,565,565,0
2022-07-07 14:14:00,565,565,565,565,0
2022-07-07 14:15:00,565,565,565,565,0
2022-07-07 14:16:00,565,565,565,565,0
2022-07-07 14:17:00,565,565,565,565,0
2022-07-07 14:18:00,565,565,565,565,0
2022-07-07 14:19:00,565,565,565,565,0
2022-07-07 14:20:00,565,565,565,565,0
2022-07-07 14:21:00,565,565,565,565,0
2022-07-07 14:22:00,565,565,565,565,0
2022-07-07 14:23:00,565,565,565,565,0
2022-07-07 14:24:00,565,565,565,565,0
2022-07-07 14:25:00,565,565,565,565,0
2022-07-07 14:26:00,565,565,565,565,0
2022-07-07 14:27:00,565,565,565,565,0
2022-07-07 14:28:00,565,565,565,565,0
2022-07-07 14:29:00,565,565,565,565,0
2022-07-07 14:30:00,560,560,565,565,77900
2022-07-07 14:31:00,560,560,565,565,0
2022-07-07 14:32:00,560,560,565,565,0
2022-07-07 14:33:00,560,560,565,565,0
2022-07-07 14:34:00,560,560,565,565,0
2022-07-07 14:35:00,560,560,565,565,0
2022-07-07 14:36:00,560,560,565,565,0
2022-07-07 14:37:00,560,560,565,565,0
2022-07-07 14:38:00,560,560,565,565,0
2022-07-07 14:39:00,560,560,565,565,0
2022-07-07 14:40:00,565,565,565,565,400
2022-07-07 14:41:00,565,565,565,565,0
2022-07-07 14:42:00,565,565,565,565,400
2022-07-07 14:43:00,565,565,565,565,500
2022-07-07 14:44:00,565,565,565,565,0
2022-07-07 14:45:00,565,565,565,565,0
2022-07-07 14:46:00,565,565,565,565,0
2022-07-07 14:47:00,565,565,565,565,600
2022-07-07 14:48:00,565,565,565,565,700
2022-07-07 14:49:00,565,565,565,565,800
2022-07-07 14:50:00,565,565,565,565,0
2022-07-07 14:51:00,565,565,565,565,0
2022-07-07 14:52:00,565,565,565,565,0
2022-07-07 14:53:00,565,565,565,565,0
2022-07-07 14:54:00,565,565,565,565,0
2022-07-07 14:55:00,565,565,565,565,0
2022-07-07 14:56:00,565,565,565,565,0
2022-07-07 14:57:00,565,565,565,565,0
2022-07-07 14:58:00,565,565,565,565,0
2022-07-07 14:59:00,565,565,565,565,0
2022-07-07 15:00:00,565,565,565,565,259600
2022-07-07 15:01:00,565,565,565,565,0
2022-07-07 15:02:00,565,565,565,565,0
2022-07-07 15:03:00,565,565,565,565,0
2022-07-07 15:04:00,565,565,565,565,0
2022-07-07 15:05:00,565,565,565,565,0
2022-07-07 15:06:00,565,565,565,565,0
2022-07-07 15:07:00,565,565,565,565,0
2022-07-07 15:08:00,565,565,565,565,0
2022-07-07 15:09:00,565,565,565,565,0
2022-07-07 15:10:00,565,565,565,565,0
2022-07-07 15:11:00,565,565,565,565,0
2022-07-07 15:12:00,565,565,565,565,0
2022-07-07 15:13:00,565,565,565,565,0
2022-07-07 15:14:00,565,565,565,565,0
2022-07-07 15:15:00,565,565,565,565,0
2022-07-07 15:16:00,565,565,565,565,0
2022-07-07 15:17:00,565,565,565,565,0
2022-07-07 15:18:00,565,565,565,565,0
2022-07-07 15:19:00,565,565,565,565,0
2022-07-07 15:20:00,565,565,565,565,0
2022-07-07 15:21:00,565,565,565,565,0
2022-07-07 15:22:00,565,565,565,565,0
2022-07-07 15:23:00,565,565,565,565,0
2022-07-07 15:24:00,565,565,565,565,0
2022-07-07 15:25:00,565,565,565,565,0
2022-07-07 15:26:00,565,565,565,565,0
2022-07-07 15:27:00,565,565,565,565,0
2022-07-07 15:28:00,565,565,565,565,0
2022-07-07 15:29:00,565,565,565,565,0
2022-07-07 15:30:00,565,565,565,565,0
2022-07-07 15:31:00,565,565,565,565,0
2022-07-07 15:32:00,565,565,565,565,0
2022-07-07 15:33:00,565,565,565,565,0
2022-07-07 15:34:00,565,565,565,565,0
2022-07-07 15:35:00,565,565,565,565,0
2022-07-07 15:36:00,565,565,565,565,0
2022-07-07 15:37:00,565,565,565,565,0
2022-07-07 15:38:00,565,565,565,565,0
2022-07-07 15:39:00,565,565,565,565,0
2022-07-07 15:40:00,565,565,565,565,0
2022-07-07 15:41:00,565,565,565,565,0
2022-07-07 15:42:00,565,565,565,565,0
2022-07-07 15:43:00,565,565,565,565,0
2022-07-07 15:44:00,565,565,565,565,0
2022-07-07 15:45:00,565,565,565,565,0
2022-07-07 15:46:00,565,565,565,565,0
2022-07-07 15:47:00,565,565,565,565,0
2022-07-07 15:48:00,565,565,565,565,0
2022-07-07 15:49:00,565,565,565,565,0
2022-07-07 15:50:00,565,565,565,565,0
2022-07-07 15:51:00,565,565,565,565,0
2022-07-07 15:52:00,565,565,565,565,0
2022-07-07 15:53:00,565,565,565,565,0
2022-07-07 15:54:00,565,565,565,565,0
2022-07-07 15:55:00,565,565,565,565,0
2022-07-07 15:56:00,565,565,565,565,0
2022-07-07 15:57:00,565,565,565,565,0
2022-07-07 15:58:00,565,565,565,565,0
2022-07-07 15:59:00,565,565,565,565,0
2022-07-08 09:00:00,565,565,570,570,0
2022-07-08 09:01:00,565,565,565,565,1100
2022-07-08 09:02:00,565,565,565,565,0
2022-07-08 09:03:00,565,565,565,565,9900
2022-07-08 09:04:00,565,565,565,565,0
2022-07-08 09:05:00,565,565,570,570,2700
2022-07-08 09:06:00,570,570,570,570,300
2022-07-08 09:07:00,570,570,570,570,0
2022-07-08 09:08:00,570,570,570,570,1800
2022-07-08 09:09:00,565,565,570,570,2600
2022-07-08 09:10:00,565,565,570,570,0
2022-07-08 09:11:00,565,565,570,570,0
2022-07-08 09:12:00,565,565,570,570,0
2022-07-08 09:13:00,565,565,565,565,5500
2022-07-08 09:14:00,565,565,565,565,0
2022-07-08 09:15:00,565,565,565,565,0
2022-07-08 09:16:00,565,565,565,565,0
2022-07-08 09:17:00,565,565,565,565,0
2022-07-08 09:18:00,565,565,565,565,0
2022-07-08 09:19:00,560,560,565,565,0
2022-07-08 09:20:00,560,560,565,565,0
2022-07-08 09:21:00,560,560,565,565,0
2022-07-08 09:22:00,560,560,565,565,0
2022-07-08 09:23:00,560,560,565,565,0
2022-07-08 09:24:00,560,560,565,565,0
2022-07-08 09:25:00,560,560,565,565,0
2022-07-08 09:26:00,560,560,565,565,0
2022-07-08 09:27:00,560,560,565,565,0
2022-07-08 09:28:00,560,560,565,565,0
2022-07-08 09:29:00,560,560,565,565,0
2022-07-08 09:30:00,560,560,565,565,0
2022-07-08 09:31:00,560,560,565,565,0
2022-07-08 09:32:00,560,560,565,565,0
2022-07-08 09:33:00,560,560,565,565,0
2022-07-08 09:34:00,560,560,565,565,0
2022-07-08 09:35:00,560,560,565,565,0
2022-07-08 09:36:00,560,560,565,565,0
2022-07-08 09:37:00,560,560,565,565,0
2022-07-08 09:38:00,560,560,565,565,0
2022-07-08 09:39:00,560,560,565,565,0
2022-07-08 09:40:00,560,560,565,565,0
2022-07-08 09:41:00,560,560,565,565,0
2022-07-08 09:42:00,560,560,565,565,0
2022-07-08 09:43:00,560,560,565,565,0
2022-07-08 09:44:00,560,560,565,565,0
2022-07-08 09:45:00,560,560,565,565,0
2022-07-08 09:46:00,560,560,565,565,0
2022-07-08 09:47:00,560,560,565,565,0
2022-07-08 09:48:00,560,560,565,565,0
2022-07-08 09:49:00,560,560,565,565,0
2022-07-08 09:50:00,560,560,565,565,0
2022-07-08 09:51:00,560,560,565,565,0
2022-07-08 09:52:00,560,560,565,565,0
2022-07-08 09:53:00,560,560,565,565,0
2022-07-08 09:54:00,560,560,565,565,0
2022-07-08 09:55:00,560,560,565,565,0
2022-07-08 09:56:00,560,560,565,565,0
2022-07-08 09:57:00,560,560,565,565,0
2022-07-08 09:58:00,560,560,565,565,0
2022-07-08 09:59:00,560,560,565,565,0
2022-07-08 10:00:00,560,560,565,565,0
2022-07-08 10:01:00,560,560,565,565,0
2022-07-08 10:02:00,560,560,565,565,0
2022-07-08 10:03:00,560,560,565,565,0
2022-07-08 10:04:00,560,560,565,565,0
2022-07-08 10:05:00,560,560,565,565,0
2022-07-08 10:06:00,560,560,560,560,27600
2022-07-08 10:07:00,565,565,565,565,0
2022-07-08 10:08:00,565,565,565,565,0
2022-07-08 10:09:00,565,565,565,565,0
2022-07-08 10:10:00,565,565,565,565,0
2022-07-08 10:11:00,565,565,565,565,0
2022-07-08 10:12:00,565,565,565,565,0
2022-07-08 10:13:00,565,565,565,565,0
2022-07-08 10:14:00,565,565,565,565,0
2022-07-08 10:15:00,560,560,560,560,5700
2022-07-08 10:16:00,565,565,565,565,0
2022-07-08 10:17:00,565,565,565,565,0
2022-07-08 10:18:00,565,565,565,565,0
2022-07-08 10:19:00,565,565,565,565,0
2022-07-08 10:20:00,565,565,565,565,0
2022-07-08 10:21:00,565,565,565,565,0
2022-07-08 10:22:00,565,565,565,565,0
2022-07-08 10:23:00,565,565,565,565,0
2022-07-08 10:24:00,565,565,565,565,0
2022-07-08 10:25:00,565,565,565,565,0
2022-07-08 10:26:00,565,565,565,565,0
2022-07-08 10:27:00,565,565,565,565,0
2022-07-08 10:28:00,560,560,560,560,6000
2022-07-08 10:29:00,565,565,565,565,0
2022-07-08 10:30:00,565,565,565,565,100
2022-07-08 10:31:00,565,565,565,565,0
2022-07-08 10:32:00,565,565,565,565,0
2022-07-08 10:33:00,565,565,565,565,0
2022-07-08 10:34:00,565,565,565,565,0
2022-07-08 10:35:00,565,565,565,565,0
2022-07-08 10:36:00,565,565,565,565,0
2022-07-08 10:37:00,565,565,565,565,0
2022-07-08 10:38:00,565,565,565,565,0
2022-07-08 10:39:00,565,565,565,565,0
2022-07-08 10:40:00,565,565,565,565,0
2022-07-08 10:41:00,565,565,565,565,0
2022-07-08 10:42:00,565,565,565,565,0
2022-07-08 10:43:00,565,565,565,565,0
2022-07-08 10:44:00,565,565,565,565,0
2022-07-08 10:45:00,565,565,565,565,0
2022-07-08 10:46:00,565,565,565,565,0
2022-07-08 10:47:00,565,565,565,565,0
2022-07-08 10:48:00,565,565,565,565,0
2022-07-08 10:49:00,565,565,565,565,0
2022-07-08 10:50:00,565,565,565,565,0
2022-07-08 10:51:00,565,565,565,565,0
2022-07-08 10:52:00,565,565,565,565,0
2022-07-08 10:53:00,565,565,565,565,0
2022-07-08 10:54:00,565,565,565,565,0
2022-07-08 10:55:00,565,565,565,565,0
2022-07-08 10:56:00,565,565,565,565,0
2022-07-08 10:57:00,565,565,565,565,0
2022-07-08 10:58:00,565,565,565,565,0
2022-07-08 10:59:00,565,565,565,565,0
2022-07-08 11:00:00,565,565,565,565,0
2022-07-08 11:01:00,565,565,565,565,0
2022-07-08 11:02:00,565,565,565,565,0
2022-07-08 11:03:00,565,565,565,565,0
2022-07-08 11:04:00,565,565,565,565,0
2022-07-08 11:05:00,565,565,565,565,0
2022-07-08 11:06:00,565,565,565,565,0
2022-07-08 11:07:00,565,565,565,565,0
2022-07-08 11:08:00,565,565,565,565,0
2022-07-08 11:09:00,560,560,560,560,39500
2022-07-08 11:10:00,565,565,565,565,0
2022-07-08 11:11:00,565,565,565,565,0
2022-07-08 11:12:00,565,565,565,565,0
2022-07-08 11:13:00,565,565,565,565,200
2022-07-08 11:14:00,565,565,565,565,0
2022-07-08 11:15:00,565,565,565,565,0
2022-07-08 11:16:00,565,565,565,565,0
2022-07-08 11:17:00,565,565,565,565,0
2022-07-08 11:18:00,565,565,565,565,0
2022-07-08 11:19:00,560,560,560,560,7300
2022-07-08 11:20:00,560,560,560,560,0
2022-07-08 11:21:00,560,560,560,560,0
2022-07-08 11:22:00,565,565,565,565,0
2022-07-08 11:23:00,565,565,565,565,0
2022-07-08 11:24:00,565,565,565,565,400
2022-07-08 11:25:00,565,565,565,565,300
2022-07-08 11:26:00,565,565,565,565,100
2022-07-08 11:27:00,565,565,565,565,400
2022-07-08 11:28:00,565,565,565,565,300
2022-07-08 11:29:00,565,565,565,565,100
2022-07-08 11:30:00,565,565,565,565,0
2022-07-08 11:31:00,565,565,565,565,0
2022-07-08 11:32:00,565,565,565,565,0
2022-07-08 11:33:00,565,565,565,565,0
2022-07-08 11:34:00,565,565,565,565,0
2022-07-08 11:35:00,565,565,565,565,0
2022-07-08 11:36:00,565,565,565,565,0
2022-07-08 11:37:00,565,565,565,565,0
2022-07-08 11:38:00,565,565,565,565,0
2022-07-08 11:39:00,565,565,565,565,0
2022-07-08 11:40:00,565,565,565,565,0
2022-07-08 11:41:00,565,565,565,565,0
2022-07-08 11:42:00,565,565,565,565,0
2022-07-08 11:43:00,565,565,565,565,0
2022-07-08 11:44:00,565,565,565,565,0
2022-07-08 11:45:00,565,565,565,565,0
2022-07-08 11:46:00,565,565,565,565,0
2022-07-08 11:47:00,565,565,565,565,0
2022-07-08 11:48:00,565,565,565,565,0
2022-07-08 11:49:00,565,565,565,565,0
2022-07-08 11:50:00,565,565,565,565,0
2022-07-08 11:51:00,565,565,565,565,0
2022-07-08 11:52:00,565,565,565,565,0
2022-07-08 11:53:00,565,565,565,565,0
2022-07-08 11:54:00,565,565,565,565,0
2022-07-08 11:55:00,565,565,565,565,0
2022-07-08 11:56:00,565,565,565,565,0
2022-07-08 11:57:00,565,565,565,565,0
2022-07-08 11:58:00,565,565,565,565,0
2022-07-08 11:59:00,565,565,565,565,0
2022-07-08 12:00:00,565,565,565,565,0
2022-07-08 12:01:00,565,565,565,565,0
2022-07-08 12:02:00,565,565,565,565,0
2022-07-08 12:03:00,565,565,565,565,0
2022-07-08 12:04:00,565,565,565,565,0
2022-07-08 12:05:00,565,565,565,565,0
2022-07-08 12:06:00,565,565,565,565,0
2022-07-08 12:07:00,565,565,565,565,0
2022-07-08 12:08:00,565,565,565,565,0
2022-07-08 12:09:00,565,565,565,565,0
2022-07-08 12:10:00,565,565,565,565,0
2022-07-08 12:11:00,565,565,565,565,0
2022-07-08 12:12:00,565,565,565,565,0
2022-07-08 12:13:00,565,565,565,565,0
2022-07-08 12:14:00,565,565,565,565,0
2022-07-08 12:15:00,565,565,565,565,0
2022-07-08 12:16:00,565,565,565,565,0
2022-07-08 12:17:00,565,565,565,565,0
2022-07-08 12:18:00,565,565,565,565,0
2022-07-08 12:19:00,565,565,565,565,0
2022-07-08 12:20:00,565,565,565,565,0
2022-07-08 12:21:00,565,565,565,565,0
2022-07-08 12:22:00,565,565,565,565,0
2022-07-08 12:23:00,565,565,565,565,0
2022-07-08 12:24:00,565,565,565,565,0
2022-07-08 12:25:00,565,565,565,565,0
2022-07-08 12:26:00,565,565,565,565,0
2022-07-08 12:27:00,565,565,565,565,0
2022-07-08 12:28:00,565,565,565,565,0
2022-07-08 12:29:00,565,565,565,565,0
2022-07-08 12:30:00,565,565,565,565,0
2022-07-08 12:31:00,565,565,565,565,0
2022-07-08 12:32:00,565,565,565,565,0
2022-07-08 12:33:00,565,565,565,565,0
2022-07-08 12:34:00,565,565,565,565,0
2022-07-08 12:35:00,565,565,565,565,0
2022-07-08 12:36:00,565,565,565,565,0
2022-07-08 12:37:00,565,565,565,565,0
2022-07-08 12:38:00,565,565,565,565,0
2022-07-08 12:39:00,565,565,565,565,0
2022-07-08 12:40:00,565,565,565,565,0
2022-07-08 12:41:00,565,565,565,565,0
2022-07-08 12:42:00,565,565,565,565,0
2022-07-08 12:43:00,565,565,565,565,0
2022-07-08 12:44:00,565,565,565,565,0
2022-07-08 12:45:00,565,565,565,565,0
2022-07-08 12:46:00,565,565,565,565,0
2022-07-08 12:47:00,565,565,565,565,0
2022-07-08 12:48:00,565,565,565,565,0
2022-07-08 12:49:00,565,565,565,565,0
2022-07-08 12:50:00,565,565,565,565,0
2022-07-08 12:51:00,565,565,565,565,0
2022-07-08 12:52:00,565,565,565,565,0
2022-07-08 12:53:00,565,565,565,565,0
2022-07-08 12:54:00,565,565,565,565,0
2022-07-08 12:55:00,565,565,565,565,0
2022-07-08 12:56:00,565,565,565,565,0
2022-07-08 12:57:00,565,565,565,565,0
2022-07-08 12:58:00,565,565,565,565,0
2022-07-08 12:59:00,565,565,565,565,0
2022-07-08 13:00:00,565,565,565,565,0
2022-07-08 13:01:00,565,565,565,565,0
2022-07-08 13:02:00,565,565,565,565,0
2022-07-08 13:03:00,565,565,565,565,0
2022-07-08 13:04:00,565,565,565,565,0
2022-07-08 13:05:00,565,565,565,565,0
2022-07-08 13:06:00,565,565,565,565,0
2022-07-08 13:07:00,565,565,565,565,0
2022-07-08 13:08:00,565,565,565,565,0
2022-07-08 13:09:00,565,565,565,565,0
2022-07-08 13:10:00,565,565,565,565,0
2022-07-08 13:11:00,565,565,565,565,0
2022-07-08 13:12:00,565,565,565,565,0
2022-07-08 13:13:00,565,565,565,565,0
2022-07-08 13:14:00,565,565,565,565,0
2022-07-08 13:15:00,565,565,565,565,0
2022-07-08 13:16:00,565,565,565,565,0
2022-07-08 13:17:00,565,565,565,565,0
2022-07-08 13:18:00,565,565,565,565,0
2022-07-08 13:19:00,565,565,565,565,0
2022-07-08 13:20:00,565,565,565,565,0
2022-07-08 13:21:00,565,565,565,565,0
2022-07-08 13:22:00,565,565,565,565,0
2022-07-08 13:23:00,565,565,565,565,0
2022-07-08 13:24:00,565,565,565,565,0
2022-07-08 13:25:00,565,565,565,565,0
2022-07-08 13:26:00,565,565,565,565,0
2022-07-08 13:27:00,565,565,565,565,0
2022-07-08 13:28:00,565,565,565,565,0
2022-07-08 13:29:00,565,565,565,565,0
2022-07-08 13:30:00,565,565,565,565,200
2022-07-08 13:31:00,565,565,565,565,0
2022-07-08 13:32:00,565,565,565,565,0
2022-07-08 13:33:00,565,565,565,565,0
2022-07-08 13:34:00,565,565,565,565,0
2022-07-08 13:35:00,565,565,565,565,0
2022-07-08 13:36:00,565,565,565,565,0
2022-07-08 13:37:00,565,565,565,565,0
2022-07-08 13:38:00,565,565,565,565,0
2022-07-08 13:39:00,565,565,565,565,0
2022-07-08 13:40:00,565,565,565,565,900
2022-07-08 13:41:00,565,565,565,565,0
2022-07-08 13:42:00,565,565,565,565,0
2022-07-08 13:43:00,565,565,565,565,0
2022-07-08 13:44:00,565,565,565,565,0
2022-07-08 13:45:00,565,565,565,565,0
2022-07-08 13:46:00,565,565,565,565,0
2022-07-08 13:47:00,565,565,565,565,0
2022-07-08 13:48:00,565,565,565,565,0
2022-07-08 13:49:00,565,565,565,565,0
2022-07-08 13:50:00,565,565,565,565,0
2022-07-08 13:51:00,565,565,565,565,0
2022-07-08 13:52:00,565,565,565,565,0
2022-07-08 13:53:00,565,565,565,565,0
2022-07-08 13:54:00,565,565,565,565,0
2022-07-08 13:55:00,565,565,565,565,0
2022-07-08 13:56:00,565,565,565,565,0
2022-07-08 13:57:00,565,565,565,565,0
2022-07-08 13:58:00,565,565,565,565,3000
2022-07-08 13:59:00,565,565,565,565,0
2022-07-08 14:00:00,565,565,565,565,0
2022-07-08 14:01:00,565,565,565,565,0
2022-07-08 14:02:00,565,565,565,565,0
2022-07-08 14:03:00,565,565,565,565,0
2022-07-08 14:04:00,565,565,565,565,0
2022-07-08 14:05:00,565,565,565,565,0
2022-07-08 14:06:00,565,565,565,565,0
2022-07-08 14:07:00,565,565,565,565,0
2022-07-08 14:08:00,565,565,565,565,0
2022-07-08 14:09:00,565,565,565,565,0
2022-07-08 14:10:00,565,565,565,565,0
2022-07-08 14:11:00,565,565,565,565,0
2022-07-08 14:12:00,565,565,565,565,0
2022-07-08 14:13:00,565,565,565,565,0
2022-07-08 14:14:00,565,565,565,565,0
2022-07-08 14:15:00,565,565,565,565,0
2022-07-08 14:16:00,565,565,565,565,0
2022-07-08 14:17:00,565,565,565,565,0
2022-07-08 14:18:00,565,565,565,565,0
2022-07-08 14:19:00,565,565,565,565,0
2022-07-08 14:20:00,565,565,565,565,0
2022-07-08 14:21:00,565,565,565,565,0
2022-07-08 14:22:00,565,565,565,565,0
2022-07-08 14:23:00,565,565,565,565,0
2022-07-08 14:24:00,565,565,565,565,0
2022-07-08 14:25:00,565,565,565,565,0
2022-07-08 14:26:00,565,565,565,565,0
2022-07-08 14:27:00,565,565,565,565,300
2022-07-08 14:28:00,565,565,565,565,0
2022-07-08 14:29:00,565,565,565,565,0
2022-07-08 14:30:00,565,565,565,565,0
2022-07-08 14:31:00,565,565,565,565,0
2022-07-08 14:32:00,565,565,565,565,0
2022-07-08 14:33:00,565,565,565,565,600
2022-07-08 14:34:00,565,565,565,565,0
2022-07-08 14:35:00,565,565,565,565,0
2022-07-08 14:36:00,565,565,565,565,0
2022-07-08 14:37:00,565,565,565,565,0
2022-07-08 14:38:00,565,565,565,565,0
2022-07-08 14:39:00,565,565,565,565,0
2022-07-08 14:40:00,565,565,565,565,0
2022-07-08 14:41:00,565,565,565,565,0
2022-07-08 14:42:00,565,565,565,565,600
2022-07-08 14:43:00,565,565,565,565,0
2022-07-08 14:44:00,565,565,565,565,0
2022-07-08 14:45:00,565,565,565,565,0
2022-07-08 14:46:00,565,565,565,565,500
2022-07-08 14:47:00,565,565,565,565,700
2022-07-08 14:48:00,565,565,565,565,400
2022-07-08 14:49:00,565,565,565,565,1800
2022-07-08 14:50:00,565,565,565,565,0
2022-07-08 14:51:00,565,565,565,565,0
2022-07-08 14:52:00,565,565,565,565,0
2022-07-08 14:53:00,565,565,565,565,0
2022-07-08 14:54:00,565,565,565,565,0
2022-07-08 14:55:00,565,565,565,565,0
2022-07-08 14:56:00,565,565,565,565,0
2022-07-08 14:57:00,565,565,565,565,0
2022-07-08 14:58:00,565,565,565,565,0
2022-07-08 14:59:00,565,565,565,565,0
2022-07-08 15:00:00,565,565,565,565,99800
2022-07-08 15:01:00,565,565,565,565,0
2022-07-08 15:02:00,565,565,565,565,0
2022-07-08 15:03:00,565,565,565,565,0
2022-07-08 15:04:00,565,565,565,565,1100
2022-07-08 15:05:00,565,565,565,565,0
2022-07-08 15:06:00,565,565,565,565,0
2022-07-08 15:07:00,565,565,565,565,0
2022-07-08 15:08:00,565,565,565,565,0
2022-07-08 15:09:00,565,565,565,565,0
2022-07-08 15:10:00,565,565,565,565,0
2022-07-08 15:11:00,565,565,565,565,0
2022-07-08 15:12:00,565,565,565,565,0
2022-07-08 15:13:00,565,565,565,565,0
2022-07-08 15:14:00,565,565,565,565,0
2022-07-08 15:15:00,565,565,565,565,0
2022-07-08 15:16:00,565,565,565,565,0
2022-07-08 15:17:00,565,565,565,565,0
2022-07-08 15:18:00,565,565,565,565,0
2022-07-08 15:19:00,565,565,565,565,0
2022-07-08 15:20:00,565,565,565,565,0
2022-07-08 15:21:00,565,565,565,565,0
2022-07-08 15:22:00,565,565,565,565,0
2022-07-08 15:23:00,565,565,565,565,0
2022-07-08 15:24:00,565,565,565,565,0
2022-07-08 15:25:00,565,565,565,565,0
2022-07-08 15:26:00,565,565,565,565,0
2022-07-08 15:27:00,565,565,565,565,0
2022-07-08 15:28:00,565,565,565,565,0
2022-07-08 15:29:00,565,565,565,565,0
2022-07-08 15:30:00,565,565,565,565,0
2022-07-08 15:31:00,565,565,565,565,0
2022-07-08 15:32:00,565,565,565,565,0
2022-07-08 15:33:00,565,565,565,565,0
2022-07-08 15:34:00,565,565,565,565,0
2022-07-08 15:35:00,565,565,565,565,0
2022-07-08 15:36:00,565,565,565,565,0
2022-07-08 15:37:00,565,565,565,565,0
2022-07-08 15:38:00,565,565,565,565,0
2022-07-08 15:39:00,565,565,565,565,0
2022-07-08 15:40:00,565,565,565,565,0
2022-07-08 15:41:00,565,565,565,565,0
2022-07-08 15:42:00,565,565,565,565,0
2022-07-08 15:43:00,565,565,565,565,0
2022-07-08 15:44:00,565,565,565,565,0
2022-07-08 15:45:00,565,565,565,565,0
2022-07-08 15:46:00,565,565,565,565,0
2022-07-08 15:47:00,565,565,565,565,0
2022-07-08 15:48:00,565,565,565,565,0
2022-07-08 15:49:00,565,565,565,565,0
2022-07-08 15:50:00,565,565,565,565,0
2022-07-08 15:51:00,565,565,565,565,0
2022-07-08 15:52:00,565,565,565,565,0
2022-07-08 15:53:00,565,565,565,565,0
2022-07-08 15:54:00,565,565,565,565,0
2022-07-08 15:55:00,565,565,565,565,0
2022-07-08 15:56:00,565,565,565,565,0
2022-07-08 15:57:00,565,565,565,565,0
2022-07-08 15:58:00,565,565,565,565,0
2022-07-08 15:59:00,565,565,565,565,0
2022-07-11 09:00:00,565,565,565,565,0
2022-07-11 09:01:00,565,565,565,565,0
2022-07-11 09:02:00,565,565,565,565,0
2022-07-11 09:03:00,565,565,565,565,0
2022-07-11 09:04:00,565,565,565,565,0
2022-07-11 09:05:00,565,565,565,565,0
2022-07-11 09:06:00,565,565,565,565,0
2022-07-11 09:07:00,565,565,565,565,0
2022-07-11 09:08:00,565,565,565,565,0
2022-07-11 09:09:00,565,565,565,565,0
2022-07-11 09:10:00,565,565,565,565,0
2022-07-11 09:11:00,560,560,560,560,2000
2022-07-11 09:12:00,565,565,565,565,0
2022-07-11 09:13:00,565,565,565,565,0
2022-07-11 09:14:00,565,565,565,565,0
2022-07-11 09:15:00,565,565,565,565,0
2022-07-11 09:16:00,565,565,565,565,0
2022-07-11 09:17:00,565,565,565,565,0
2022-07-11 09:18:00,565,565,565,565,0
2022-07-11 09:19:00,565,565,565,565,0
2022-07-11 09:20:00,565,565,565,565,0
2022-07-11 09:21:00,565,565,565,565,0
2022-07-11 09:22:00,565,565,565,565,0
2022-07-11 09:23:00,565,565,565,565,200
2022-07-11 09:24:00,565,565,565,565,0
2022-07-11 09:25:00,565,565,565,565,0
2022-07-11 09:26:00,565,565,565,565,0
2022-07-11 09:27:00,565,565,565,565,0
2022-07-11 09:28:00,565,565,565,565,0
2022-07-11 09:29:00,565,565,565,565,0
2022-07-11 09:30:00,565,565,565,565,0
2022-07-11 09:31:00,565,565,565,565,0
2022-07-11 09:32:00,565,565,565,565,0
2022-07-11 09:33:00,565,565,565,565,0
2022-07-11 09:34:00,565,565,565,565,0
2022-07-11 09:35:00,565,565,565,565,0
2022-07-11 09:36:00,565,565,565,565,0
2022-07-11 09:37:00,565,565,565,565,200
2022-07-11 09:38:00,565,565,565,565,0
2022-07-11 09:39:00,565,565,565,565,0
2022-07-11 09:40:00,565,565,565,565,0
2022-07-11 09:41:00,565,565,565,565,0
2022-07-11 09:42:00,565,565,565,565,0
2022-07-11 09:43:00,565,565,565,565,0
2022-07-11 09:44:00,565,565,565,565,0
2022-07-11 09:45:00,565,565,565,565,0
2022-07-11 09:46:00,565,565,565,565,0
2022-07-11 09:47:00,565,565,565,565,0
2022-07-11 09:48:00,565,565,565,565,0
2022-07-11 09:49:00,565,565,565,565,0
2022-07-11 09:50:00,565,565,565,565,0
2022-07-11 09:51:00,565,565,565,565,0
2022-07-11 09:52:00,565,565,565,565,0
2022-07-11 09:53:00,565,565,565,565,0
2022-07-11 09:54:00,565,565,565,565,0
2022-07-11 09:55:00,560,560,565,565,500
2022-07-11 09:56:00,560,560,565,565,0
2022-07-11 09:57:00,565,565,565,565,100
2022-07-11 09:58:00,565,565,565,565,0
2022-07-11 09:59:00,565,565,565,565,0
2022-07-11 10:00:00,565,565,565,565,0
2022-07-11 10:01:00,565,565,565,565,0
2022-07-11 10:02:00,565,565,565,565,0
2022-07-11 10:03:00,565,565,565,565,0
2022-07-11 10:04:00,565,565,565,565,0
2022-07-11 10:05:00,565,565,565,565,800
2022-07-11 10:06:00,565,565,565,565,0
2022-07-11 10:07:00,565,565,565,565,0
2022-07-11 10:08:00,565,565,565,565,0
2022-07-11 10:09:00,565,565,565,565,700
2022-07-11 10:10:00,565,565,565,565,0
2022-07-11 10:11:00,565,565,565,565,0
2022-07-11 10:12:00,565,565,565,565,0
2022-07-11 10:13:00,565,565,565,565,0
2022-07-11 10:14:00,565,565,565,565,0
2022-07-11 10:15:00,565,565,565,565,0
2022-07-11 10:16:00,565,565,565,565,0
2022-07-11 10:17:00,565,565,565,565,0
2022-07-11 10:18:00,565,565,565,565,0
2022-07-11 10:19:00,565,565,565,565,0
2022-07-11 10:20:00,565,565,565,565,0
2022-07-11 10:21:00,565,565,565,565,0
2022-07-11 10:22:00,565,565,565,565,0
2022-07-11 10:23:00,565,565,565,565,0
2022-07-11 10:24:00,565,565,565,565,0
2022-07-11 10:25:00,565,565,565,565,0
2022-07-11 10:26:00,565,565,565,565,0
2022-07-11 10:27:00,565,565,565,565,0
2022-07-11 10:28:00,565,565,565,565,0
2022-07-11 10:29:00,565,565,565,565,0
2022-07-11 10:30:00,565,565,565,565,0
2022-07-11 10:31:00,565,565,565,565,0
2022-07-11 10:32:00,565,565,565,565,0
2022-07-11 10:33:00,565,565,565,565,0
2022-07-11 10:34:00,565,565,565,565,0
2022-07-11 10:35:00,565,565,565,565,0
2022-07-11 10:36:00,565,565,565,565,0
2022-07-11 10:37:00,565,565,565,565,0
2022-07-11 10:38:00,565,565,565,565,0
2022-07-11 10:39:00,565,565,565,565,0
2022-07-11 10:40:00,565,565,565,565,0
2022-07-11 10:41:00,565,565,565,565,0
2022-07-11 10:42:00,565,565,565,565,0
2022-07-11 10:43:00,565,565,565,565,0
2022-07-11 10:44:00,565,565,565,565,2000
2022-07-11 10:45:00,565,565,565,565,0
2022-07-11 10:46:00,565,565,565,565,0
2022-07-11 10:47:00,560,560,560,560,53700
2022-07-11 10:48:00,560,560,560,560,0
2022-07-11 10:49:00,560,560,560,560,0
2022-07-11 10:50:00,560,560,560,560,0
2022-07-11 10:51:00,560,560,560,560,0
2022-07-11 10:52:00,560,560,560,560,0
2022-07-11 10:53:00,560,560,560,560,0
2022-07-11 10:54:00,560,560,560,560,20800
2022-07-11 10:55:00,560,560,560,560,0
2022-07-11 10:56:00,560,560,560,560,0
2022-07-11 10:57:00,560,560,560,560,0
2022-07-11 10:58:00,560,560,560,560,0
2022-07-11 10:59:00,560,560,560,560,0
2022-07-11 11:00:00,560,560,560,560,0
2022-07-11 11:01:00,560,560,560,560,0
2022-07-11 11:02:00,560,560,560,560,0
2022-07-11 11:03:00,560,560,560,560,0
2022-07-11 11:04:00,560,560,560,560,0
2022-07-11 11:05:00,560,560,560,560,0
2022-07-11 11:06:00,560,560,560,560,0
2022-07-11 11:07:00,560,560,560,560,800
2022-07-11 11:08:00,560,560,560,560,0
2022-07-11 11:09:00,560,560,560,560,0
2022-07-11 11:10:00,560,560,560,560,0
2022-07-11 11:11:00,560,560,560,560,600
2022-07-11 11:12:00,560,560,560,560,0
2022-07-11 11:13:00,560,560,560,560,0
2022-07-11 11:14:00,560,560,560,560,0
2022-07-11 11:15:00,560,560,560,560,0
2022-07-11 11:16:00,560,560,560,560,0
2022-07-11 11:17:00,555,555,560,560,124500
2022-07-11 11:18:00,555,555,560,560,0
2022-07-11 11:19:00,555,555,560,560,0
2022-07-11 11:20:00,560,560,560,560,38000
2022-07-11 11:21:00,565,565,565,565,0
2022-07-11 11:22:00,565,565,565,565,0
2022-07-11 11:23:00,565,565,565,565,200
2022-07-11 11:24:00,565,565,565,565,0
2022-07-11 11:25:00,565,565,565,565,0
2022-07-11 11:26:00,565,565,565,565,200
2022-07-11 11:27:00,565,565,565,565,0
2022-07-11 11:28:00,565,565,565,565,400
2022-07-11 11:29:00,565,565,565,565,700
2022-07-11 11:30:00,565,565,565,565,0
2022-07-11 11:31:00,565,565,565,565,0
2022-07-11 11:32:00,565,565,565,565,0
2022-07-11 11:33:00,565,565,565,565,0
2022-07-11 11:34:00,565,565,565,565,0
2022-07-11 11:35:00,565,565,565,565,0
2022-07-11 11:36:00,565,565,565,565,0
2022-07-11 11:37:00,565,565,565,565,0
2022-07-11 11:38:00,565,565,565,565,0
2022-07-11 11:39:00,565,565,565,565,0
2022-07-11 11:40:00,565,565,565,565,0
2022-07-11 11:41:00,565,565,565,565,0
2022-07-11 11:42:00,565,565,565,565,0
2022-07-11 11:43:00,565,565,565,565,0
2022-07-11 11:44:00,565,565,565,565,0
2022-07-11 11:45:00,565,565,565,565,0
2022-07-11 11:46:00,565,565,565,565,0
2022-07-11 11:47:00,565,565,565,565,0
2022-07-11 11:48:00,565,565,565,565,0
2022-07-11 11:49:00,565,565,565,565,0
2022-07-11 11:50:00,565,565,565,565,0
2022-07-11 11:51:00,565,565,565,565,0
2022-07-11 11:52:00,565,565,565,565,0
2022-07-11 11:53:00,565,565,565,565,0
2022-07-11 11:54:00,565,565,565,565,0
2022-07-11 11:55:00,565,565,565,565,0
2022-07-11 11:56:00,565,565,565,565,0
2022-07-11 11:57:00,565,565,565,565,0
2022-07-11 11:58:00,565,565,565,565,0
2022-07-11 11:59:00,565,565,565,565,0
2022-07-11 12:00:00,565,565,565,565,0
2022-07-11 12:01:00,565,565,565,565,0
2022-07-11 12:02:00,565,565,565,565,0
2022-07-11 12:03:00,565,565,565,565,0
2022-07-11 12:04:00,565,565,565,565,0
2022-07-11 12:05:00,565,565,565,565,0
2022-07-11 12:06:00,565,565,565,565,0
2022-07-11 12:07:00,565,565,565,565,0
2022-07-11 12:08:00,565,565,565,565,0
2022-07-11 12:09:00,565,565,565,565,0
2022-07-11 12:10:00,565,565,565,565,0
2022-07-11 12:11:00,565,565,565,565,0
2022-07-11 12:12:00,565,565,565,565,0
2022-07-11 12:13:00,565,565,565,565,0
2022-07-11 12:14:00,565,565,565,565,0
2022-07-11 12:15:00,565,565,565,565,0
2022-07-11 12:16:00,565,565,565,565,0
2022-07-11 12:17:00,565,565,565,565,0
2022-07-11 12:18:00,565,565,565,565,0
2022-07-11 12:19:00,565,565,565,565,0
2022-07-11 12:20:00,565,565,565,565,0
2022-07-11 12:21:00,565,565,565,565,0
2022-07-11 12:22:00,565,565,565,565,0
2022-07-11 12:23:00,565,565,565,565,0
2022-07-11 12:24:00,565,565,565,565,0
2022-07-11 12:25:00,565,565,565,565,0
2022-07-11 12:26:00,565,565,565,565,0
2022-07-11 12:27:00,565,565,565,565,0
2022-07-11 12:28:00,565,565,565,565,0
2022-07-11 12:29:00,565,565,565,565,0
2022-07-11 12:30:00,565,565,565,565,0
2022-07-11 12:31:00,565,565,565,565,0
2022-07-11 12:32:00,565,565,565,565,0
2022-07-11 12:33:00,565,565,565,565,0
2022-07-11 12:34:00,565,565,565,565,0
2022-07-11 12:35:00,565,565,565,565,0
2022-07-11 12:36:00,565,565,565,565,0
2022-07-11 12:37:00,565,565,565,565,0
2022-07-11 12:38:00,565,565,565,565,0
2022-07-11 12:39:00,565,565,565,565,0
2022-07-11 12:40:00,565,565,565,565,0
2022-07-11 12:41:00,565,565,565,565,0
2022-07-11 12:42:00,565,565,565,565,0
2022-07-11 12:43:00,565,565,565,565,0
2022-07-11 12:44:00,565,565,565,565,0
2022-07-11 12:45:00,565,565,565,565,0
2022-07-11 12:46:00,565,565,565,565,0
2022-07-11 12:47:00,565,565,565,565,0
2022-07-11 12:48:00,565,565,565,565,0
2022-07-11 12:49:00,565,565,565,565,0
2022-07-11 12:50:00,565,565,565,565,0
2022-07-11 12:51:00,565,565,565,565,0
2022-07-11 12:52:00,565,565,565,565,0
2022-07-11 12:53:00,565,565,565,565,0
2022-07-11 12:54:00,565,565,565,565,0
2022-07-11 12:55:00,565,565,565,565,0
2022-07-11 12:56:00,565,565,565,565,0
2022-07-11 12:57:00,565,565,565,565,0
2022-07-11 12:58:00,565,565,565,565,0
2022-07-11 12:59:00,565,565,565,565,0
2022-07-11 13:00:00,565,565,565,565,0
2022-07-11 13:01:00,565,565,565,565,0
2022-07-11 13:02:00,565,565,565,565,0
2022-07-11 13:03:00,565,565,565,565,0
2022-07-11 13:04:00,565,565,565,565,0
2022-07-11 13:05:00,565,565,565,565,0
2022-07-11 13:06:00,565,565,565,565,0
2022-07-11 13:07:00,565,565,565,565,0
2022-07-11 13:08:00,565,565,565,565,0
2022-07-11 13:09:00,565,565,565,565,0
2022-07-11 13:10:00,565,565,565,565,0
2022-07-11 13:11:00,565,565,565,565,0
2022-07-11 13:12:00,565,565,565,565,0
2022-07-11 13:13:00,565,565,565,565,0
2022-07-11 13:14:00,565,565,565,565,0
2022-07-11 13:15:00,565,565,565,565,0
2022-07-11 13:16:00,565,565,565,565,0
2022-07-11 13:17:00,565,565,565,565,0
2022-07-11 13:18:00,565,565,565,565,0
2022-07-11 13:19:00,565,565,565,565,0
2022-07-11 13:20:00,565,565,565,565,0
2022-07-11 13:21:00,565,565,565,565,0
2022-07-11 13:22:00,565,565,565,565,0
2022-07-11 13:23:00,565,565,565,565,0
2022-07-11 13:24:00,565,565,565,565,0
2022-07-11 13:25:00,565,565,565,565,0
2022-07-11 13:26:00,565,565,565,565,0
2022-07-11 13:27:00,565,565,565,565,0
2022-07-11 13:28:00,565,565,565,565,0
2022-07-11 13:29:00,565,565,565,565,0
2022-07-11 13:30:00,565,565,565,565,300
2022-07-11 13:31:00,565,565,565,565,0
2022-07-11 13:32:00,565,565,565,565,0
2022-07-11 13:33:00,565,565,565,565,0
2022-07-11 13:34:00,565,565,565,565,0
2022-07-11 13:35:00,565,565,565,565,0
2022-07-11 13:36:00,565,565,565,565,0
2022-07-11 13:37:00,565,565,565,565,0
2022-07-11 13:38:00,565,565,565,565,0
2022-07-11 13:39:00,565,565,565,565,0
2022-07-11 13:40:00,565,565,565,565,0
2022-07-11 13:41:00,565,565,565,565,0
2022-07-11 13:42:00,565,565,565,565,0
2022-07-11 13:43:00,565,565,565,565,0
2022-07-11 13:44:00,565,565,565,565,0
2022-07-11 13:45:00,565,565,565,565,0
2022-07-11 13:46:00,565,565,565,565,0
2022-07-11 13:47:00,565,565,565,565,0
2022-07-11 13:48:00,565,565,565,565,0
2022-07-11 13:49:00,565,565,565,565,0
2022-07-11 13:50:00,565,565,565,565,0
2022-07-11 13:51:00,565,565,565,565,0
2022-07-11 13:52:00,560,560,560,560,2100
2022-07-11 13:53:00,560,560,565,565,300
2022-07-11 13:54:00,560,560,565,565,0
2022-07-11 13:55:00,560,560,565,565,0
2022-07-11 13:56:00,560,560,565,565,0
2022-07-11 13:57:00,560,560,565,565,0
2022-07-11 13:58:00,560,560,565,565,0
2022-07-11 13:59:00,560,560,565,565,0
2022-07-11 14:00:00,560,560,565,565,0
2022-07-11 14:01:00,560,560,565,565,0
2022-07-11 14:02:00,560,560,565,565,0
2022-07-11 14:03:00,560,560,565,565,0
2022-07-11 14:04:00,560,560,565,565,0
2022-07-11 14:05:00,560,560,565,565,0
2022-07-11 14:06:00,560,560,565,565,0
2022-07-11 14:07:00,560,560,565,565,0
2022-07-11 14:08:00,560,560,565,565,800
2022-07-11 14:09:00,565,565,565,565,500
2022-07-11 14:10:00,565,565,565,565,0
2022-07-11 14:11:00,565,565,565,565,0
2022-07-11 14:12:00,565,565,565,565,0
2022-07-11 14:13:00,565,565,565,565,0
2022-07-11 14:14:00,565,565,565,565,0
2022-07-11 14:15:00,565,565,565,565,0
2022-07-11 14:16:00,565,565,565,565,0
2022-07-11 14:17:00,565,565,565,565,0
2022-07-11 14:18:00,565,565,565,565,0
2022-07-11 14:19:00,565,565,565,565,0
2022-07-11 14:20:00,565,565,565,565,0
2022-07-11 14:21:00,565,565,565,565,0
2022-07-11 14:22:00,560,560,560,560,1600
2022-07-11 14:23:00,560,560,560,560,0
2022-07-11 14:24:00,565,565,565,565,200
2022-07-11 14:25:00,565,565,565,565,0
2022-07-11 14:26:00,565,565,565,565,0
2022-07-11 14:27:00,565,565,565,565,100
2022-07-11 14:28:00,565,565,565,565,0
2022-07-11 14:29:00,560,560,565,565,1300
2022-07-11 14:30:00,565,565,565,565,0
2022-07-11 14:31:00,565,565,565,565,400
2022-07-11 14:32:00,565,565,565,565,0
2022-07-11 14:33:00,565,565,565,565,600
2022-07-11 14:34:00,565,565,565,565,0
2022-07-11 14:35:00,565,565,565,565,600
2022-07-11 14:36:00,565,565,565,565,0
2022-07-11 14:37:00,565,565,565,565,0
2022-07-11 14:38:00,565,565,565,565,0
2022-07-11 14:39:00,565,565,565,565,0
2022-07-11 14:40:00,565,565,565,565,0
2022-07-11 14:41:00,560,560,565,565,1700
2022-07-11 14:42:00,560,560,565,565,0
2022-07-11 14:43:00,560,560,560,560,1300
2022-07-11 14:44:00,560,560,565,565,1100
2022-07-11 14:45:00,565,565,565,565,200
2022-07-11 14:46:00,565,565,565,565,300
2022-07-11 14:47:00,565,565,565,565,800
2022-07-11 14:48:00,565,560,565,565,10400
2022-07-11 14:49:00,565,565,565,565,1900
2022-07-11 14:50:00,565,565,565,565,0
2022-07-11 14:51:00,565,565,565,565,0
2022-07-11 14:52:00,565,565,565,565,0
2022-07-11 14:53:00,565,565,565,565,0
2022-07-11 14:54:00,565,565,565,565,0
2022-07-11 14:55:00,565,565,565,565,0
2022-07-11 14:56:00,565,565,565,565,0
2022-07-11 14:57:00,565,565,565,565,0
2022-07-11 14:58:00,565,565,565,565,0
2022-07-11 14:59:00,565,565,565,565,0
2022-07-11 15:00:00,560,560,560,560,70500
2022-07-11 15:01:00,560,560,560,560,400
2022-07-11 15:02:00,560,560,560,560,0
2022-07-11 15:03:00,560,560,560,560,0
2022-07-11 15:04:00,560,560,560,560,0
2022-07-11 15:05:00,560,560,560,560,0
2022-07-11 15:06:00,560,560,560,560,0
2022-07-11 15:07:00,560,560,560,560,0
2022-07-11 15:08:00,560,560,560,560,0
2022-07-11 15:09:00,560,560,560,560,0
2022-07-11 15:10:00,560,560,560,560,0
2022-07-11 15:11:00,560,560,560,560,400
2022-07-11 15:12:00,560,560,560,560,0
2022-07-11 15:13:00,560,560,560,560,318300
2022-07-11 15:14:00,560,560,560,560,0
2022-07-11 15:15:00,560,560,560,560,0
2022-07-11 15:16:00,560,560,560,560,0
2022-07-11 15:17:00,560,560,560,560,0
2022-07-11 15:18:00,560,560,560,560,0
2022-07-11 15:19:00,560,560,560,560,0
2022-07-11 15:20:00,560,560,560,560,0
2022-07-11 15:21:00,560,560,560,560,0
2022-07-11 15:22:00,560,560,560,560,0
2022-07-11 15:23:00,560,560,560,560,0
2022-07-11 15:24:00,560,560,560,560,0
2022-07-11 15:25:00,560,560,560,560,0
2022-07-11 15:26:00,560,560,560,560,0
2022-07-11 15:27:00,560,560,560,560,0
2022-07-11 15:28:00,560,560,560,560,0
2022-07-11 15:29:00,560,560,560,560,0
2022-07-11 15:30:00,560,560,560,560,0
2022-07-11 15:31:00,560,560,560,560,0
2022-07-11 15:32:00,560,560,560,560,0
2022-07-11 15:33:00,560,560,560,560,0
2022-07-11 15:34:00,560,560,560,560,0
2022-07-11 15:35:00,560,560,560,560,0
2022-07-11 15:36:00,560,560,560,560,0
2022-07-11 15:37:00,560,560,560,560,0
2022-07-11 15:38:00,560,560,560,560,0
2022-07-11 15:39:00,560,560,560,560,0
2022-07-11 15:40:00,560,560,560,560,0
2022-07-11 15:41:00,560,560,560,560,0
2022-07-11 15:42:00,560,560,560,560,0
2022-07-11 15:43:00,560,560,560,560,0
2022-07-11 15:44:00,560,560,560,560,0
2022-07-11 15:45:00,560,560,560,560,0
2022-07-11 15:46:00,560,560,560,560,0
2022-07-11 15:47:00,560,560,560,560,0
2022-07-11 15:48:00,560,560,560,560,0
2022-07-11 15:49:00,560,560,560,560,0
2022-07-11 15:50:00,560,560,560,560,0
2022-07-11 15:51:00,560,560,560,560,0
2022-07-11 15:52:00,560,560,560,560,0
2022-07-11 15:53:00,560,560,560,560,0
2022-07-11 15:54:00,560,560,560,560,0
2022-07-11 15:55:00,560,560,560,560,0
2022-07-11 15:56:00,560,560,560,560,0
2022-07-11 15:57:00,560,560,560,560,0
2022-07-11 15:58:00,560,560,560,560,0
2022-07-11 15:59:00,560,560,560,560,0
2022-07-12 09:00:00,555,555,560,560,0
2022-07-12 09:01:00,560,560,560,560,300
2022-07-12 09:02:00,560,560,560,560,500
2022-07-12 09:03:00,560,560,560,560,0
2022-07-12 09:04:00,560,560,560,560,0
2022-07-12 09:05:00,560,560,560,560,48800
2022-07-12 09:06:00,560,560,560,560,0
2022-07-12 09:07:00,560,560,560,560,0
2022-07-12 09:08:00,560,560,560,560,0
2022-07-12 09:09:00,560,560,560,560,0
2022-07-12 09:10:00,560,560,560,560,0
2022-07-12 09:11:00,560,560,560,560,0
2022-07-12 09:12:00,555,555,555,555,50200
2022-07-12 09:13:00,560,560,565,560,32500
2022-07-12 09:14:00,560,560,565,560,0
2022-07-12 09:15:00,560,560,560,560,5000
2022-07-12 09:16:00,560,560,560,560,0
2022-07-12 09:17:00,560,560,560,560,0
2022-07-12 09:18:00,560,560,560,560,0
2022-07-12 09:19:00,555,555,555,555,1000
2022-07-12 09:20:00,560,560,560,560,0
2022-07-12 09:21:00,560,560,560,560,0
2022-07-12 09:22:00,560,560,560,560,0
2022-07-12 09:23:00,560,560,560,560,0
2022-07-12 09:24:00,555,555,560,560,300
2022-07-12 09:25:00,555,555,560,560,0
2022-07-12 09:26:00,555,555,560,560,0
2022-07-12 09:27:00,555,555,560,560,0
2022-07-12 09:28:00,555,555,560,560,0
2022-07-12 09:29:00,555,555,560,560,0
2022-07-12 09:30:00,560,560,560,560,600
2022-07-12 09:31:00,560,560,560,560,0
2022-07-12 09:32:00,560,560,560,560,300
2022-07-12 09:33:00,560,560,560,560,0
2022-07-12 09:34:00,560,560,560,560,0
2022-07-12 09:35:00,560,560,560,560,0
2022-07-12 09:36:00,560,560,560,560,0
2022-07-12 09:37:00,560,560,560,560,0
2022-07-12 09:38:00,560,560,560,560,0
2022-07-12 09:39:00,560,560,560,560,0
2022-07-12 09:40:00,560,555,560,555,76900
2022-07-12 09:41:00,560,555,560,555,0
2022-07-12 09:42:00,555,555,560,560,0
2022-07-12 09:43:00,560,560,560,560,400
2022-07-12 09:44:00,560,560,560,560,0
2022-07-12 09:45:00,560,560,560,560,1600
2022-07-12 09:46:00,560,560,560,560,0
2022-07-12 09:47:00,560,560,560,560,0
2022-07-12 09:48:00,560,560,560,560,0
2022-07-12 09:49:00,560,560,560,560,0
2022-07-12 09:50:00,560,560,560,560,0
2022-07-12 09:51:00,560,560,560,560,0
2022-07-12 09:52:00,560,560,560,560,0
2022-07-12 09:53:00,560,560,560,560,0
2022-07-12 09:54:00,560,560,560,560,0
2022-07-12 09:55:00,560,560,560,560,0
2022-07-12 09:56:00,560,560,560,560,0
2022-07-12 09:57:00,560,560,560,560,0
2022-07-12 09:58:00,560,560,560,560,0
2022-07-12 09:59:00,560,560,560,560,0
2022-07-12 10:00:00,560,560,560,560,0
2022-07-12 10:01:00,560,560,560,560,0
2022-07-12 10:02:00,560,560,560,560,0
2022-07-12 10:03:00,560,560,560,560,0
2022-07-12 10:04:00,560,560,560,560,300
2022-07-12 10:05:00,560,560,560,560,0
2022-07-12 10:06:00,560,560,560,560,0
2022-07-12 10:07:00,560,560,560,560,0
2022-07-12 10:08:00,560,560,560,560,0
2022-07-12 10:09:00,560,560,560,560,0
2022-07-12 10:10:00,560,560,560,560,0
2022-07-12 10:11:00,560,560,560,560,0
2022-07-12 10:12:00,560,560,560,560,0
2022-07-12 10:13:00,560,560,560,560,0
2022-07-12 10:14:00,560,560,560,560,0
2022-07-12 10:15:00,560,560,560,560,0
2022-07-12 10:16:00,560,560,560,560,0
2022-07-12 10:17:00,560,560,560,560,0
2022-07-12 10:18:00,560,560,560,560,0
2022-07-12 10:19:00,560,560,560,560,0
2022-07-12 10:20:00,560,560,560,560,2000
2022-07-12 10:21:00,560,560,560,560,0
2022-07-12 10:22:00,560,560,560,560,0
2022-07-12 10:23:00,560,560,560,560,600
2022-07-12 10:24:00,560,560,560,560,0
2022-07-12 10:25:00,560,560,560,560,0
2022-07-12 10:26:00,560,560,560,560,0
2022-07-12 10:27:00,560,560,560,560,0
2022-07-12 10:28:00,560,560,560,560,0
2022-07-12 10:29:00,560,560,560,560,0
2022-07-12 10:30:00,560,560,560,560,0
2022-07-12 10:31:00,560,560,560,560,0
2022-07-12 10:32:00,560,560,560,560,0
2022-07-12 10:33:00,560,560,560,560,0
2022-07-12 10:34:00,560,560,560,560,0
2022-07-12 10:35:00,560,560,560,560,0
2022-07-12 10:36:00,560,560,560,560,0
2022-07-12 10:37:00,560,560,560,560,0
2022-07-12 10:38:00,560,560,560,560,0
2022-07-12 10:39:00,560,560,560,560,0
2022-07-12 10:40:00,560,560,560,560,0
2022-07-12 10:41:00,560,560,560,560,0
2022-07-12 10:42:00,560,560,560,560,0
2022-07-12 10:43:00,560,560,560,560,0
2022-07-12 10:44:00,560,560,560,560,2100
2022-07-12 10:45:00,560,560,560,560,0
2022-07-12 10:46:00,560,560,560,560,0
2022-07-12 10:47:00,560,560,560,560,0
2022-07-12 10:48:00,560,560,560,560,0
2022-07-12 10:49:00,560,560,560,560,0
2022-07-12 10:50:00,560,560,560,560,0
2022-07-12 10:51:00,560,560,560,560,0
2022-07-12 10:52:00,560,560,560,560,0
2022-07-12 10:53:00,560,560,560,560,0
2022-07-12 10:54:00,560,560,560,560,0
2022-07-12 10:55:00,555,550,560,560,100400
2022-07-12 10:56:00,555,550,560,560,0
2022-07-12 10:57:00,555,550,560,560,0
2022-07-12 10:58:00,560,555,560,555,1400
2022-07-12 10:59:00,555,555,555,555,17800
2022-07-12 11:00:00,550,550,555,555,0
2022-07-12 11:01:00,550,550,555,555,0
2022-07-12 11:02:00,550,550,555,555,0
2022-07-12 11:03:00,555,555,555,555,4000
2022-07-12 11:04:00,555,555,555,555,38000
2022-07-12 11:05:00,555,555,555,555,20000
2022-07-12 11:06:00,560,560,560,560,0
2022-07-12 11:07:00,560,560,560,560,700
2022-07-12 11:08:00,560,560,560,560,0
2022-07-12 11:09:00,560,560,560,560,0
2022-07-12 11:10:00,560,560,560,560,0
2022-07-12 11:11:00,560,560,560,560,0
2022-07-12 11:12:00,560,560,560,560,0
2022-07-12 11:13:00,560,560,560,560,0
2022-07-12 11:14:00,560,560,560,560,0
2022-07-12 11:15:00,560,560,560,560,0
2022-07-12 11:16:00,560,560,560,560,0
2022-07-12 11:17:00,560,560,560,560,0
2022-07-12 11:18:00,560,560,560,560,0
2022-07-12 11:19:00,560,560,560,560,0
2022-07-12 11:20:00,560,560,560,560,0
2022-07-12 11:21:00,560,560,560,560,0
2022-07-12 11:22:00,560,560,560,560,0
2022-07-12 11:23:00,560,560,560,560,700
2022-07-12 11:24:00,560,560,560,560,0
2022-07-12 11:25:00,560,560,560,560,0
2022-07-12 11:26:00,560,560,560,560,200
2022-07-12 11:27:00,560,560,560,560,400
2022-07-12 11:28:00,560,560,560,560,300
2022-07-12 11:29:00,560,560,560,560,100
2022-07-12 11:30:00,560,560,560,560,0
2022-07-12 11:31:00,560,560,560,560,0
2022-07-12 11:32:00,560,560,560,560,0
2022-07-12 11:33:00,560,560,560,560,0
2022-07-12 11:34:00,560,560,560,560,0
2022-07-12 11:35:00,560,560,560,560,0
2022-07-12 11:36:00,560,560,560,560,0
2022-07-12 11:37:00,560,560,560,560,0
2022-07-12 11:38:00,560,560,560,560,0
2022-07-12 11:39:00,560,560,560,560,0
2022-07-12 11:40:00,560,560,560,560,0
2022-07-12 11:41:00,560,560,560,560,0
2022-07-12 11:42:00,560,560,560,560,0
2022-07-12 11:43:00,560,560,560,560,0
2022-07-12 11:44:00,560,560,560,560,0
2022-07-12 11:45:00,560,560,560,560,0
2022-07-12 11:46:00,560,560,560,560,0
2022-07-12 11:47:00,560,560,560,560,0
2022-07-12 11:48:00,560,560,560,560,0
2022-07-12 11:49:00,560,560,560,560,0
2022-07-12 11:50:00,560,560,560,560,0
2022-07-12 11:51:00,560,560,560,560,0
2022-07-12 11:52:00,560,560,560,560,0
2022-07-12 11:53:00,560,560,560,560,0
2022-07-12 11:54:00,560,560,560,560,0
2022-07-12 11:55:00,560,560,560,560,0
2022-07-12 11:56:00,560,560,560,560,0
2022-07-12 11:57:00,560,560,560,560,0
2022-07-12 11:58:00,560,560,560,560,0
2022-07-12 11:59:00,560,560,560,560,0
2022-07-12 12:00:00,560,560,560,560,0
2022-07-12 12:01:00,560,560,560,560,0
2022-07-12 12:02:00,560,560,560,560,0
2022-07-12 12:03:00,560,560,560,560,0
2022-07-12 12:04:00,560,560,560,560,0
2022-07-12 12:05:00,560,560,560,560,0
2022-07-12 12:06:00,560,560,560,560,0
2022-07-12 12:07:00,560,560,560,560,0
2022-07-12 12:08:00,560,560,560,560,0
2022-07-12 12:09:00,560,560,560,560,0
2022-07-12 12:10:00,560,560,560,560,0
2022-07-12 12:11:00,560,560,560,560,0
2022-07-12 12:12:00,560,560,560,560,0
2022-07-12 12:13:00,560,560,560,560,0
2022-07-12 12:14:00,560,560,560,560,0
2022-07-12 12:15:00,560,560,560,560,0
2022-07-12 12:16:00,560,560,560,560,0
2022-07-12 12:17:00,560,560,560,560,0
2022-07-12 12:18:00,560,560,560,560,0
2022-07-12 12:19:00,560,560,560,560,0
2022-07-12 12:20:00,560,560,560,560,0
2022-07-12 12:21:00,560,560,560,560,0
2022-07-12 12:22:00,560,560,560,560,0
2022-07-12 12:23:00,560,560,560,560,0
2022-07-12 12:24:00,560,560,560,560,0
2022-07-12 12:25:00,560,560,560,560,0
2022-07-12 12:26:00,560,560,560,560,0
2022-07-12 12:27:00,560,560,560,560,0
2022-07-12 12:28:00,560,560,560,560,0
2022-07-12 12:29:00,560,560,560,560,0
2022-07-12 12:30:00,560,560,560,560,0
2022-07-12 12:31:00,560,560,560,560,0
2022-07-12 12:32:00,560,560,560,560,0
2022-07-12 12:33:00,560,560,560,560,0
2022-07-12 12:34:00,560,560,560,560,0
2022-07-12 12:35:00,560,560,560,560,0
2022-07-12 12:36:00,560,560,560,560,0
2022-07-12 12:37:00,560,560,560,560,0
2022-07-12 12:38:00,560,560,560,560,0
2022-07-12 12:39:00,560,560,560,560,0
2022-07-12 12:40:00,560,560,560,560,0
2022-07-12 12:41:00,560,560,560,560,0
2022-07-12 12:42:00,560,560,560,560,0
2022-07-12 12:43:00,560,560,560,560,0
2022-07-12 12:44:00,560,560,560,560,0
2022-07-12 12:45:00,560,560,560,560,0
2022-07-12 12:46:00,560,560,560,560,0
2022-07-12 12:47:00,560,560,560,560,0
2022-07-12 12:48:00,560,560,560,560,0
2022-07-12 12:49:00,560,560,560,560,0
2022-07-12 12:50:00,560,560,560,560,0
2022-07-12 12:51:00,560,560,560,560,0
2022-07-12 12:52:00,560,560,560,560,0
2022-07-12 12:53:00,560,560,560,560,0
2022-07-12 12:54:00,560,560,560,560,0
2022-07-12 12:55:00,560,560,560,560,0
2022-07-12 12:56:00,560,560,560,560,0
2022-07-12 12:57:00,560,560,560,560,0
2022-07-12 12:58:00,560,560,560,560,0
2022-07-12 12:59:00,560,560,560,560,0
2022-07-12 13:00:00,560,560,560,560,0
2022-07-12 13:01:00,560,560,560,560,0
2022-07-12 13:02:00,560,560,560,560,0
2022-07-12 13:03:00,560,560,560,560,0
2022-07-12 13:04:00,560,560,560,560,0
2022-07-12 13:05:00,560,560,560,560,0
2022-07-12 13:06:00,560,560,560,560,0
2022-07-12 13:07:00,560,560,560,560,0
2022-07-12 13:08:00,560,560,560,560,0
2022-07-12 13:09:00,560,560,560,560,0
2022-07-12 13:10:00,560,560,560,560,0
2022-07-12 13:11:00,560,560,560,560,0
2022-07-12 13:12:00,560,560,560,560,0
2022-07-12 13:13:00,560,560,560,560,0
2022-07-12 13:14:00,560,560,560,560,0
2022-07-12 13:15:00,560,560,560,560,0
2022-07-12 13:16:00,560,560,560,560,0
2022-07-12 13:17:00,560,560,560,560,0
2022-07-12 13:18:00,560,560,560,560,0
2022-07-12 13:19:00,560,560,560,560,0
2022-07-12 13:20:00,560,560,560,560,0
2022-07-12 13:21:00,560,560,560,560,0
2022-07-12 13:22:00,560,560,560,560,0
2022-07-12 13:23:00,560,560,560,560,0
2022-07-12 13:24:00,560,560,560,560,0
2022-07-12 13:25:00,560,560,560,560,0
2022-07-12 13:26:00,560,560,560,560,0
2022-07-12 13:27:00,560,560,560,560,0
2022-07-12 13:28:00,560,560,560,560,0
2022-07-12 13:29:00,560,560,560,560,0
2022-07-12 13:30:00,555,555,560,560,800
2022-07-12 13:31:00,555,555,560,560,0
2022-07-12 13:32:00,555,555,560,560,0
2022-07-12 13:33:00,555,555,560,560,0
2022-07-12 13:34:00,555,555,560,560,0
2022-07-12 13:35:00,555,555,560,560,0
2022-07-12 13:36:00,555,555,560,560,0
2022-07-12 13:37:00,555,555,560,560,0
2022-07-12 13:38:00,555,555,560,560,0
2022-07-12 13:39:00,555,555,560,560,0
2022-07-12 13:40:00,555,555,560,560,0
2022-07-12 13:41:00,555,555,560,560,0
2022-07-12 13:42:00,555,555,560,560,0
2022-07-12 13:43:00,555,555,560,560,0
2022-07-12 13:44:00,555,555,560,560,0
2022-07-12 13:45:00,555,555,560,560,0
2022-07-12 13:46:00,555,555,560,560,0
2022-07-12 13:47:00,555,555,560,560,0
2022-07-12 13:48:00,555,555,560,560,0
2022-07-12 13:49:00,555,555,560,560,0
2022-07-12 13:50:00,555,555,560,560,0
2022-07-12 13:51:00,555,555,560,560,0
2022-07-12 13:52:00,555,555,560,560,0
2022-07-12 13:53:00,555,555,560,560,0
2022-07-12 13:54:00,555,555,560,560,0
2022-07-12 13:55:00,555,555,560,560,0
2022-07-12 13:56:00,555,555,560,560,0
2022-07-12 13:57:00,555,555,560,560,0
2022-07-12 13:58:00,555,555,560,560,0
2022-07-12 13:59:00,555,555,560,560,0
2022-07-12 14:00:00,555,555,560,560,0
2022-07-12 14:01:00,555,555,560,560,0
2022-07-12 14:02:00,555,555,560,560,0
2022-07-12 14:03:00,555,555,560,560,0
2022-07-12 14:04:00,555,555,560,560,0
2022-07-12 14:05:00,555,555,560,560,0
2022-07-12 14:06:00,555,555,560,560,0
2022-07-12 14:07:00,555,555,560,560,0
2022-07-12 14:08:00,555,555,560,560,0
2022-07-12 14:09:00,555,555,560,560,0
2022-07-12 14:10:00,555,555,560,560,0
2022-07-12 14:11:00,555,555,560,560,0
2022-07-12 14:12:00,555,555,560,560,0
2022-07-12 14:13:00,555,555,560,560,0
2022-07-12 14:14:00,555,555,560,560,0
2022-07-12 14:15:00,555,555,560,560,0
2022-07-12 14:16:00,555,555,560,560,0
2022-07-12 14:17:00,555,555,560,560,0
2022-07-12 14:18:00,555,555,560,560,0
2022-07-12 14:19:00,555,555,560,560,0
2022-07-12 14:20:00,555,555,560,560,0
2022-07-12 14:21:00,555,555,560,560,0
2022-07-12 14:22:00,555,555,560,560,0
2022-07-12 14:23:00,555,555,560,560,0
2022-07-12 14:24:00,555,555,560,560,0
2022-07-12 14:25:00,560,555,560,560,2600
2022-07-12 14:26:00,560,560,560,560,200
2022-07-12 14:27:00,560,560,560,560,0
2022-07-12 14:28:00,560,560,560,560,0
2022-07-12 14:29:00,560,560,560,560,0
2022-07-12 14:30:00,560,560,560,560,0
2022-07-12 14:31:00,560,560,560,560,0
2022-07-12 14:32:00,560,560,560,560,0
2022-07-12 14:33:00,560,560,560,560,0
2022-07-12 14:34:00,560,560,560,560,0
2022-07-12 14:35:00,560,560,560,560,0
2022-07-12 14:36:00,560,560,560,560,0
2022-07-12 14:37:00,560,560,560,560,0
2022-07-12 14:38:00,560,560,560,560,600
2022-07-12 14:39:00,560,560,560,560,100
2022-07-12 14:40:00,560,560,560,560,200
2022-07-12 14:41:00,560,560,560,560,0
2022-07-12 14:42:00,560,560,560,560,400
2022-07-12 14:43:00,560,560,560,560,700
2022-07-12 14:44:00,560,560,560,560,100
2022-07-12 14:45:00,560,560,560,560,100
2022-07-12 14:46:00,560,560,560,560,200
2022-07-12 14:47:00,560,560,560,560,700
2022-07-12 14:48:00,560,560,560,560,500
2022-07-12 14:49:00,560,560,560,560,900
2022-07-12 14:50:00,560,560,560,560,0
2022-07-12 14:51:00,560,560,560,560,0
2022-07-12 14:52:00,560,560,560,560,0
2022-07-12 14:53:00,560,560,560,560,0
2022-07-12 14:54:00,560,560,560,560,0
2022-07-12 14:55:00,560,560,560,560,0
2022-07-12 14:56:00,560,560,560,560,0
2022-07-12 14:57:00,560,560,560,560,0
2022-07-12 14:58:00,560,560,560,560,0
2022-07-12 14:59:00,560,560,560,560,0
2022-07-12 15:00:00,560,560,560,560,115200
2022-07-12 15:01:00,560,560,560,560,0
2022-07-12 15:02:00,560,560,560,560,0
2022-07-12 15:03:00,560,560,560,560,0
2022-07-12 15:04:00,560,560,560,560,0
2022-07-12 15:05:00,560,560,560,560,0
2022-07-12 15:06:00,560,560,560,560,0
2022-07-12 15:07:00,560,560,560,560,0
2022-07-12 15:08:00,560,560,560,560,0
2022-07-12 15:09:00,560,560,560,560,0
2022-07-12 15:10:00,560,560,560,560,483500
2022-07-12 15:11:00,560,560,560,560,0
2022-07-12 15:12:00,560,560,560,560,0
2022-07-12 15:13:00,560,560,560,560,0
2022-07-12 15:14:00,560,560,560,560,0
2022-07-12 15:15:00,560,560,560,560,0
2022-07-12 15:16:00,560,560,560,560,0
2022-07-12 15:17:00,560,560,560,560,0
2022-07-12 15:18:00,560,560,560,560,0
2022-07-12 15:19:00,560,560,560,560,0
2022-07-12 15:20:00,560,560,560,560,0
2022-07-12 15:21:00,560,560,560,560,0
2022-07-12 15:22:00,560,560,560,560,0
2022-07-12 15:23:00,560,560,560,560,0
2022-07-12 15:24:00,560,560,560,560,0
2022-07-12 15:25:00,560,560,560,560,0
2022-07-12 15:26:00,560,560,560,560,0
2022-07-12 15:27:00,560,560,560,560,0
2022-07-12 15:28:00,560,560,560,560,0
2022-07-12 15:29:00,560,560,560,560,0
2022-07-12 15:30:00,560,560,560,560,0
2022-07-12 15:31:00,560,560,560,560,0
2022-07-12 15:32:00,560,560,560,560,0
2022-07-12 15:33:00,560,560,560,560,0
2022-07-12 15:34:00,560,560,560,560,0
2022-07-12 15:35:00,560,560,560,560,0
2022-07-12 15:36:00,560,560,560,560,0
2022-07-12 15:37:00,560,560,560,560,0
2022-07-12 15:38:00,560,560,560,560,0
2022-07-12 15:39:00,560,560,560,560,0
2022-07-12 15:40:00,560,560,560,560,0
2022-07-12 15:41:00,560,560,560,560,0
2022-07-12 15:42:00,560,560,560,560,0
2022-07-12 15:43:00,560,560,560,560,0
2022-07-12 15:44:00,560,560,560,560,0
2022-07-12 15:45:00,560,560,560,560,0
2022-07-12 15:46:00,560,560,560,560,0
2022-07-12 15:47:00,560,560,560,560,0
2022-07-12 15:48:00,560,560,560,560,0
2022-07-12 15:49:00,560,560,560,560,0
2022-07-12 15:50:00,560,560,560,560,0
2022-07-12 15:51:00,560,560,560,560,0
2022-07-12 15:52:00,560,560,560,560,0
2022-07-12 15:53:00,560,560,560,560,0
2022-07-12 15:54:00,560,560,560,560,0
2022-07-12 15:55:00,560,560,560,560,0
2022-07-12 15:56:00,560,560,560,560,0
2022-07-12 15:57:00,560,560,560,560,0
2022-07-12 15:58:00,560,560,560,560,0
2022-07-12 15:59:00,560,560,560,560,0
2022-07-13 09:00:00,560,560,560,560,0
2022-07-13 09:01:00,560,560,560,560,0
2022-07-13 09:02:00,560,560,560,560,0
2022-07-13 09:03:00,560,560,560,560,0
2022-07-13 09:04:00,560,560,560,560,0
2022-07-13 09:05:00,560,560,560,560,0
2022-07-13 09:06:00,560,560,560,560,0
2022-07-13 09:07:00,560,560,560,560,0
2022-07-13 09:08:00,560,560,560,560,0
2022-07-13 09:09:00,560,560,560,560,0
2022-07-13 09:10:00,560,560,560,560,0
2022-07-13 09:11:00,560,560,560,560,0
2022-07-13 09:12:00,560,560,560,560,0
2022-07-13 09:13:00,560,560,560,560,0
2022-07-13 09:14:00,560,560,560,560,0
2022-07-13 09:15:00,560,560,560,560,0
2022-07-13 09:16:00,560,560,560,560,0
2022-07-13 09:17:00,560,560,560,560,0
2022-07-13 09:18:00,560,560,560,560,0
2022-07-13 09:19:00,560,560,560,560,0
2022-07-13 09:20:00,560,560,560,560,0
2022-07-13 09:21:00,560,560,560,560,0
2022-07-13 09:22:00,560,560,560,560,0
2022-07-13 09:23:00,560,560,560,560,0
2022-07-13 09:24:00,560,560,560,560,0
2022-07-13 09:25:00,560,560,560,560,0
2022-07-13 09:26:00,560,560,560,560,0
2022-07-13 09:27:00,560,560,560,560,0
2022-07-13 09:28:00,560,560,560,560,1000
2022-07-13 09:29:00,560,560,560,560,0
2022-07-13 09:30:00,560,560,560,560,0
2022-07-13 09:31:00,555,555,560,560,0
2022-07-13 09:32:00,555,555,560,560,0
2022-07-13 09:33:00,555,555,560,560,0
2022-07-13 09:34:00,555,555,560,560,0
2022-07-13 09:35:00,555,555,560,560,0
2022-07-13 09:36:00,555,555,560,560,0
2022-07-13 09:37:00,555,555,560,560,0
2022-07-13 09:38:00,555,555,560,560,0
2022-07-13 09:39:00,555,555,560,560,0
2022-07-13 09:40:00,555,555,560,560,0
2022-07-13 09:41:00,555,555,560,560,0
2022-07-13 09:42:00,555,555,560,560,0
2022-07-13 09:43:00,555,555,560,560,0
2022-07-13 09:44:00,555,555,560,560,0
2022-07-13 09:45:00,555,555,560,560,0
2022-07-13 09:46:00,555,555,560,560,0
2022-07-13 09:47:00,555,555,560,560,0
2022-07-13 09:48:00,555,555,560,560,0
2022-07-13 09:49:00,555,555,560,560,0
2022-07-13 09:50:00,555,555,560,560,0
2022-07-13 09:51:00,555,555,560,560,0
2022-07-13 09:52:00,555,555,560,560,0
2022-07-13 09:53:00,555,555,560,560,0
2022-07-13 09:54:00,555,555,560,560,0
2022-07-13 09:55:00,555,555,560,560,0
2022-07-13 09:56:00,555,555,560,560,0
2022-07-13 09:57:00,555,555,560,560,0
2022-07-13 09:58:00,555,555,560,560,0
2022-07-13 09:59:00,555,555,560,560,0
2022-07-13 10:00:00,555,555,560,560,0
2022-07-13 10:01:00,555,555,560,560,0
2022-07-13 10:02:00,555,555,560,560,0
2022-07-13 10:03:00,555,555,560,560,0
2022-07-13 10:04:00,555,555,560,560,0
2022-07-13 10:05:00,555,555,560,560,0
2022-07-13 10:06:00,555,555,560,560,0
2022-07-13 10:07:00,555,555,560,560,0
2022-07-13 10:08:00,555,555,560,560,0
2022-07-13 10:09:00,555,555,560,560,0
2022-07-13 10:10:00,555,555,560,560,0
2022-07-13 10:11:00,555,555,560,560,0
2022-07-13 10:12:00,555,555,560,560,0
2022-07-13 10:13:00,555,555,560,560,0
2022-07-13 10:14:00,555,555,560,560,0
2022-07-13 10:15:00,555,555,560,560,0
2022-07-13 10:16:00,555,555,560,560,0
2022-07-13 10:17:00,555,555,560,560,0
2022-07-13 10:18:00,555,555,560,560,0
2022-07-13 10:19:00,555,555,560,560,0
2022-07-13 10:20:00,555,555,560,560,0
2022-07-13 10:21:00,555,555,560,560,0
2022-07-13 10:22:00,555,555,560,560,0
2022-07-13 10:23:00,555,555,560,560,0
2022-07-13 10:24:00,555,555,560,560,0
2022-07-13 10:25:00,555,555,560,560,0
2022-07-13 10:26:00,555,555,560,560,0
2022-07-13 10:27:00,555,555,560,560,0
2022-07-13 10:28:00,555,555,560,560,0
2022-07-13 10:29:00,555,555,560,560,0
2022-07-13 10:30:00,555,555,560,560,0
2022-07-13 10:31:00,555,555,560,560,0
2022-07-13 10:32:00,555,555,560,560,0
2022-07-13 10:33:00,555,555,560,560,0
2022-07-13 10:34:00,555,555,560,560,0
2022-07-13 10:35:00,555,555,560,560,0
2022-07-13 10:36:00,555,555,560,560,0
2022-07-13 10:37:00,555,555,560,560,0
2022-07-13 10:38:00,555,555,560,560,0
2022-07-13 10:39:00,555,555,560,560,0
2022-07-13 10:40:00,555,555,560,560,0
2022-07-13 10:41:00,555,555,560,560,0
2022-07-13 10:42:00,555,555,560,560,0
2022-07-13 10:43:00,555,555,560,560,0
2022-07-13 10:44:00,555,555,560,560,0
2022-07-13 10:45:00,555,555,560,560,0
2022-07-13 10:46:00,555,555,560,560,0
2022-07-13 10:47:00,555,555,560,560,0
2022-07-13 10:48:00,555,555,560,560,0
2022-07-13 10:49:00,555,555,560,560,0
2022-07-13 10:50:00,555,555,560,560,0
2022-07-13 10:51:00,555,555,560,560,0
2022-07-13 10:52:00,555,555,560,560,0
2022-07-13 10:53:00,555,555,560,560,0
2022-07-13 10:54:00,555,555,560,560,0
2022-07-13 10:55:00,555,555,560,560,0
2022-07-13 10:56:00,555,555,560,560,0
2022-07-13 10:57:00,555,555,560,560,0
2022-07-13 10:58:00,555,555,560,560,0
2022-07-13 10:59:00,555,555,560,560,0
2022-07-13 11:00:00,555,555,560,560,0
2022-07-13 11:01:00,555,555,560,560,0
2022-07-13 11:02:00,555,555,560,560,0
2022-07-13 11:03:00,555,555,560,560,0
2022-07-13 11:04:00,555,555,560,560,0
2022-07-13 11:05:00,555,555,560,560,0
2022-07-13 11:06:00,555,555,555,555,2900
2022-07-13 11:07:00,560,560,560,560,0
2022-07-13 11:08:00,560,560,560,560,0
2022-07-13 11:09:00,560,560,560,560,0
2022-07-13 11:10:00,560,560,560,560,0
2022-07-13 11:11:00,560,560,560,560,0
2022-07-13 11:12:00,560,560,560,560,0
2022-07-13 11:13:00,560,560,560,560,0
2022-07-13 11:14:00,560,560,560,560,0
2022-07-13 11:15:00,560,560,560,560,0
2022-07-13 11:16:00,560,560,560,560,0
2022-07-13 11:17:00,560,560,560,560,0
2022-07-13 11:18:00,560,560,560,560,0
2022-07-13 11:19:00,560,560,560,560,0
2022-07-13 11:20:00,560,560,560,560,0
2022-07-13 11:21:00,560,560,560,560,0
2022-07-13 11:22:00,560,560,560,560,300
2022-07-13 11:23:00,560,560,560,560,0
2022-07-13 11:24:00,560,560,560,560,0
2022-07-13 11:25:00,560,560,560,560,0
2022-07-13 11:26:00,560,560,560,560,0
2022-07-13 11:27:00,560,560,560,560,0
2022-07-13 11:28:00,560,560,560,560,0
2022-07-13 11:29:00,560,560,560,560,300
2022-07-13 11:30:00,560,560,560,560,0
2022-07-13 11:31:00,560,560,560,560,0
2022-07-13 11:32:00,560,560,560,560,0
2022-07-13 11:33:00,560,560,560,560,0
2022-07-13 11:34:00,560,560,560,560,0
2022-07-13 11:35:00,560,560,560,560,0
2022-07-13 11:36:00,560,560,560,560,0
2022-07-13 11:37:00,560,560,560,560,0
2022-07-13 11:38:00,560,560,560,560,0
2022-07-13 11:39:00,560,560,560,560,0
2022-07-13 11:40:00,560,560,560,560,0
2022-07-13 11:41:00,560,560,560,560,0
2022-07-13 11:42:00,560,560,560,560,0
2022-07-13 11:43:00,560,560,560,560,0
2022-07-13 11:44:00,560,560,560,560,0
2022-07-13 11:45:00,560,560,560,560,0
2022-07-13 11:46:00,560,560,560,560,0
2022-07-13 11:47:00,560,560,560,560,0
2022-07-13 11:48:00,560,560,560,560,0
2022-07-13 11:49:00,560,560,560,560,0
2022-07-13 11:50:00,560,560,560,560,0
2022-07-13 11:51:00,560,560,560,560,0
2022-07-13 11:52:00,560,560,560,560,0
2022-07-13 11:53:00,560,560,560,560,0
2022-07-13 11:54:00,560,560,560,560,0
2022-07-13 11:55:00,560,560,560,560,0
2022-07-13 11:56:00,560,560,560,560,0
2022-07-13 11:57:00,560,560,560,560,0
2022-07-13 11:58:00,560,560,560,560,0
2022-07-13 11:59:00,560,560,560,560,0
2022-07-13 12:00:00,560,560,560,560,0
2022-07-13 12:01:00,560,560,560,560,0
2022-07-13 12:02:00,560,560,560,560,0
2022-07-13 12:03:00,560,560,560,560,0
2022-07-13 12:04:00,560,560,560,560,0
2022-07-13 12:05:00,560,560,560,560,0
2022-07-13 12:06:00,560,560,560,560,0
2022-07-13 12:07:00,560,560,560,560,0
2022-07-13 12:08:00,560,560,560,560,0
2022-07-13 12:09:00,560,560,560,560,0
2022-07-13 12:10:00,560,560,560,560,0
2022-07-13 12:11:00,560,560,560,560,0
2022-07-13 12:12:00,560,560,560,560,0
2022-07-13 12:13:00,560,560,560,560,0
2022-07-13 12:14:00,560,560,560,560,0
2022-07-13 12:15:00,560,560,560,560,0
2022-07-13 12:16:00,560,560,560,560,0
2022-07-13 12:17:00,560,560,560,560,0
2022-07-13 12:18:00,560,560,560,560,0
2022-07-13 12:19:00,560,560,560,560,0
2022-07-13 12:20:00,560,560,560,560,0
2022-07-13 12:21:00,560,560,560,560,0
2022-07-13 12:22:00,560,560,560,560,0
2022-07-13 12:23:00,560,560,560,560,0
2022-07-13 12:24:00,560,560,560,560,0
2022-07-13 12:25:00,560,560,560,560,0
2022-07-13 12:26:00,560,560,560,560,0
2022-07-13 12:27:00,560,560,560,560,0
2022-07-13 12:28:00,560,560,560,560,0
2022-07-13 12:29:00,560,560,560,560,0
2022-07-13 12:30:00,560,560,560,560,0
2022-07-13 12:31:00,560,560,560,560,0
2022-07-13 12:32:00,560,560,560,560,0
2022-07-13 12:33:00,560,560,560,560,0
2022-07-13 12:34:00,560,560,560,560,0
2022-07-13 12:35:00,560,560,560,560,0
2022-07-13 12:36:00,560,560,560,560,0
2022-07-13 12:37:00,560,560,560,560,0
2022-07-13 12:38:00,560,560,560,560,0
2022-07-13 12:39:00,560,560,560,560,0
2022-07-13 12:40:00,560,560,560,560,0
2022-07-13 12:41:00,560,560,560,560,0
2022-07-13 12:42:00,560,560,560,560,0
2022-07-13 12:43:00,560,560,560,560,0
2022-07-13 12:44:00,560,560,560,560,0
2022-07-13 12:45:00,560,560,560,560,0
2022-07-13 12:46:00,560,560,560,560,0
2022-07-13 12:47:00,560,560,560,560,0
2022-07-13 12:48:00,560,560,560,560,0
2022-07-13 12:49:00,560,560,560,560,0
2022-07-13 12:50:00,560,560,560,560,0
2022-07-13 12:51:00,560,560,560,560,0
2022-07-13 12:52:00,560,560,560,560,0
2022-07-13 12:53:00,560,560,560,560,0
2022-07-13 12:54:00,560,560,560,560,0
2022-07-13 12:55:00,560,560,560,560,0
2022-07-13 12:56:00,560,560,560,560,0
2022-07-13 12:57:00,560,560,560,560,0
2022-07-13 12:58:00,560,560,560,560,0
2022-07-13 12:59:00,560,560,560,560,0
2022-07-13 13:00:00,560,560,560,560,0
2022-07-13 13:01:00,560,560,560,560,0
2022-07-13 13:02:00,560,560,560,560,0
2022-07-13 13:03:00,560,560,560,560,0
2022-07-13 13:04:00,560,560,560,560,0
2022-07-13 13:05:00,560,560,560,560,0
2022-07-13 13:06:00,560,560,560,560,0
2022-07-13 13:07:00,560,560,560,560,0
2022-07-13 13:08:00,560,560,560,560,0
2022-07-13 13:09:00,560,560,560,560,0
2022-07-13 13:10:00,560,560,560,560,0
2022-07-13 13:11:00,560,560,560,560,0
2022-07-13 13:12:00,560,560,560,560,0
2022-07-13 13:13:00,560,560,560,560,0
2022-07-13 13:14:00,560,560,560,560,0
2022-07-13 13:15:00,560,560,560,560,0
2022-07-13 13:16:00,560,560,560,560,0
2022-07-13 13:17:00,560,560,560,560,0
2022-07-13 13:18:00,560,560,560,560,0
2022-07-13 13:19:00,560,560,560,560,0
2022-07-13 13:20:00,560,560,560,560,0
2022-07-13 13:21:00,560,560,560,560,0
2022-07-13 13:22:00,560,560,560,560,0
2022-07-13 13:23:00,560,560,560,560,0
2022-07-13 13:24:00,560,560,560,560,0
2022-07-13 13:25:00,560,560,560,560,0
2022-07-13 13:26:00,560,560,560,560,0
2022-07-13 13:27:00,560,560,560,560,0
2022-07-13 13:28:00,560,560,560,560,0
2022-07-13 13:29:00,560,560,560,560,0
2022-07-13 13:30:00,560,560,560,560,300
2022-07-13 13:31:00,560,560,560,560,0
2022-07-13 13:32:00,560,560,560,560,0
2022-07-13 13:33:00,560,560,560,560,0
2022-07-13 13:34:00,560,560,560,560,0
2022-07-13 13:35:00,560,560,560,560,0
2022-07-13 13:36:00,560,560,560,560,0
2022-07-13 13:37:00,560,560,560,560,0
2022-07-13 13:38:00,560,560,560,560,0
2022-07-13 13:39:00,560,560,560,560,0
2022-07-13 13:40:00,560,560,560,560,0
2022-07-13 13:41:00,560,560,560,560,0
2022-07-13 13:42:00,560,560,560,560,0
2022-07-13 13:43:00,560,560,560,560,0
2022-07-13 13:44:00,560,560,560,560,0
2022-07-13 13:45:00,560,560,560,560,0
2022-07-13 13:46:00,560,560,560,560,0
2022-07-13 13:47:00,560,560,560,560,0
2022-07-13 13:48:00,560,560,560,560,0
2022-07-13 13:49:00,560,560,560,560,0
2022-07-13 13:50:00,560,560,560,560,0
2022-07-13 13:51:00,560,560,560,560,0
2022-07-13 13:52:00,560,560,560,560,0
2022-07-13 13:53:00,560,560,560,560,0
2022-07-13 13:54:00,560,560,560,560,0
2022-07-13 13:55:00,560,560,560,560,0
2022-07-13 13:56:00,560,560,560,560,0
2022-07-13 13:57:00,560,560,560,560,0
2022-07-13 13:58:00,560,560,560,560,0
2022-07-13 13:59:00,560,560,560,560,0
2022-07-13 14:00:00,560,560,560,560,0
2022-07-13 14:01:00,560,560,560,560,0
2022-07-13 14:02:00,560,560,560,560,0
2022-07-13 14:03:00,560,560,560,560,0
2022-07-13 14:04:00,560,560,560,560,0
2022-07-13 14:05:00,560,560,560,560,0
2022-07-13 14:06:00,555,555,555,555,24200
2022-07-13 14:07:00,555,555,555,555,0
2022-07-13 14:08:00,555,555,555,555,0
2022-07-13 14:09:00,555,555,555,555,0
2022-07-13 14:10:00,555,555,555,555,0
2022-07-13 14:11:00,555,555,555,555,0
2022-07-13 14:12:00,555,555,555,555,0
2022-07-13 14:13:00,555,555,555,555,0
2022-07-13 14:14:00,555,555,555,555,0
2022-07-13 14:15:00,555,555,555,555,0
2022-07-13 14:16:00,555,555,555,555,0
2022-07-13 14:17:00,555,555,555,555,0
2022-07-13 14:18:00,555,555,555,555,0
2022-07-13 14:19:00,550,550,550,550,10000
2022-07-13 14:20:00,550,550,555,555,42800
2022-07-13 14:21:00,550,550,555,555,0
2022-07-13 14:22:00,550,550,555,555,0
2022-07-13 14:23:00,550,550,555,555,0
2022-07-13 14:24:00,550,550,555,555,0
2022-07-13 14:25:00,555,555,560,560,44400
2022-07-13 14:26:00,555,555,560,560,0
2022-07-13 14:27:00,555,555,560,560,0
2022-07-13 14:28:00,555,555,560,560,0
2022-07-13 14:29:00,555,555,560,560,0
2022-07-13 14:30:00,555,555,555,555,0
2022-07-13 14:31:00,560,560,560,560,800
2022-07-13 14:32:00,560,560,560,560,300
2022-07-13 14:33:00,560,560,560,560,0
2022-07-13 14:34:00,560,560,560,560,0
2022-07-13 14:35:00,560,560,560,560,0
2022-07-13 14:36:00,555,555,555,555,400
2022-07-13 14:37:00,555,555,555,555,0
2022-07-13 14:38:00,555,555,555,555,0
2022-07-13 14:39:00,555,555,555,555,0
2022-07-13 14:40:00,555,555,555,555,400
2022-07-13 14:41:00,555,555,555,555,0
2022-07-13 14:42:00,555,555,560,560,29500
2022-07-13 14:43:00,560,560,560,560,300
2022-07-13 14:44:00,560,560,560,560,0
2022-07-13 14:45:00,560,560,560,560,0
2022-07-13 14:46:00,560,560,560,560,2100
2022-07-13 14:47:00,560,560,560,560,0
2022-07-13 14:48:00,560,560,560,560,0
2022-07-13 14:49:00,560,560,560,560,800
2022-07-13 14:50:00,560,560,560,560,0
2022-07-13 14:51:00,560,560,560,560,0
2022-07-13 14:52:00,560,560,560,560,0
2022-07-13 14:53:00,560,560,560,560,0
2022-07-13 14:54:00,560,560,560,560,0
2022-07-13 14:55:00,560,560,560,560,0
2022-07-13 14:56:00,560,560,560,560,0
2022-07-13 14:57:00,560,560,560,560,0
2022-07-13 14:58:00,560,560,560,560,0
2022-07-13 14:59:00,560,560,560,560,0
2022-07-13 15:00:00,560,560,560,560,266300
2022-07-13 15:01:00,560,560,560,560,0
2022-07-13 15:02:00,560,560,560,560,0
2022-07-13 15:03:00,560,560,560,560,0
2022-07-13 15:04:00,560,560,560,560,0
2022-07-13 15:05:00,560,560,560,560,0
2022-07-13 15:06:00,560,560,560,560,0
2022-07-13 15:07:00,560,560,560,560,0
2022-07-13 15:08:00,560,560,560,560,0
2022-07-13 15:09:00,560,560,560,560,0
2022-07-13 15:10:00,560,560,560,560,0
2022-07-13 15:11:00,560,560,560,560,0
2022-07-13 15:12:00,560,560,560,560,0
2022-07-13 15:13:00,560,560,560,560,0
2022-07-13 15:14:00,560,560,560,560,0
2022-07-13 15:15:00,560,560,560,560,0
2022-07-13 15:16:00,560,560,560,560,0
2022-07-13 15:17:00,560,560,560,560,0
2022-07-13 15:18:00,560,560,560,560,0
2022-07-13 15:19:00,560,560,560,560,0
2022-07-13 15:20:00,560,560,560,560,0
2022-07-13 15:21:00,560,560,560,560,0
2022-07-13 15:22:00,560,560,560,560,0
2022-07-13 15:23:00,560,560,560,560,0
2022-07-13 15:24:00,560,560,560,560,0
2022-07-13 15:25:00,560,560,560,560,0
2022-07-13 15:26:00,560,560,560,560,0
2022-07-13 15:27:00,560,560,560,560,0
2022-07-13 15:28:00,560,560,560,560,0
2022-07-13 15:29:00,560,560,560,560,0
2022-07-13 15:30:00,560,560,560,560,0
2022-07-13 15:31:00,560,560,560,560,0
2022-07-13 15:32:00,560,560,560,560,0
2022-07-13 15:33:00,560,560,560,560,0
2022-07-13 15:34:00,560,560,560,560,0
2022-07-13 15:35:00,560,560,560,560,0
2022-07-13 15:36:00,560,560,560,560,0
2022-07-13 15:37:00,560,560,560,560,0
2022-07-13 15:38:00,560,560,560,560,0
2022-07-13 15:39:00,560,560,560,560,0
2022-07-13 15:40:00,560,560,560,560,0
2022-07-13 15:41:00,560,560,560,560,0
2022-07-13 15:42:00,560,560,560,560,0
2022-07-13 15:43:00,560,560,560,560,0
2022-07-13 15:44:00,560,560,560,560,0
2022-07-13 15:45:00,560,560,560,560,0
2022-07-13 15:46:00,560,560,560,560,0
2022-07-13 15:47:00,560,560,560,560,0
2022-07-13 15:48:00,560,560,560,560,0
2022-07-13 15:49:00,560,560,560,560,0
2022-07-13 15:50:00,560,560,560,560,0
2022-07-13 15:51:00,560,560,560,560,0
2022-07-13 15:52:00,560,560,560,560,0
2022-07-13 15:53:00,560,560,560,560,0
2022-07-13 15:54:00,560,560,560,560,0
2022-07-13 15:55:00,560,560,560,560,0
2022-07-13 15:56:00,560,560,560,560,0
2022-07-13 15:57:00,560,560,560,560,0
2022-07-13 15:58:00,560,560,560,560,0
2022-07-13 15:59:00,560,560,560,560,0
2022-07-14 09:00:00,550,550,560,560,0
2022-07-14 09:01:00,560,555,560,555,800
2022-07-14 09:02:00,560,555,560,555,0
2022-07-14 09:03:00,560,555,560,555,0
2022-07-14 09:04:00,560,555,560,555,0
2022-07-14 09:05:00,560,555,560,555,0
2022-07-14 09:06:00,560,555,560,555,0
2022-07-14 09:07:00,560,555,560,555,0
2022-07-14 09:08:00,555,555,555,555,39700
2022-07-14 09:09:00,555,555,555,555,0
2022-07-14 09:10:00,555,555,555,555,0
2022-07-14 09:11:00,555,555,555,555,0
2022-07-14 09:12:00,555,555,555,555,0
2022-07-14 09:13:00,555,555,560,560,50600
2022-07-14 09:14:00,555,555,560,560,0
2022-07-14 09:15:00,560,560,560,560,0
2022-07-14 09:16:00,560,560,560,560,0
2022-07-14 09:17:00,560,560,560,560,0
2022-07-14 09:18:00,560,560,560,560,0
2022-07-14 09:19:00,560,560,560,560,0
2022-07-14 09:20:00,560,560,560,560,0
2022-07-14 09:21:00,560,560,560,560,0
2022-07-14 09:22:00,560,560,560,560,0
2022-07-14 09:23:00,560,560,560,560,0
2022-07-14 09:24:00,560,560,560,560,0
2022-07-14 09:25:00,560,560,560,560,0
2022-07-14 09:26:00,560,560,560,560,0
2022-07-14 09:27:00,560,560,560,560,0
2022-07-14 09:28:00,560,560,560,560,0
2022-07-14 09:29:00,560,560,560,560,0
2022-07-14 09:30:00,560,560,560,560,0
2022-07-14 09:31:00,560,560,560,560,0
2022-07-14 09:32:00,560,560,560,560,0
2022-07-14 09:33:00,560,560,560,560,0
2022-07-14 09:34:00,560,560,560,560,0
2022-07-14 09:35:00,555,550,555,550,132400
2022-07-14 09:36:00,550,550,555,555,0
2022-07-14 09:37:00,555,555,555,555,0
2022-07-14 09:38:00,555,555,555,555,0
2022-07-14 09:39:00,555,555,555,555,0
2022-07-14 09:40:00,555,555,555,555,0
2022-07-14 09:41:00,555,555,555,555,0
2022-07-14 09:42:00,555,555,555,555,0
2022-07-14 09:43:00,555,555,555,555,0
2022-07-14 09:44:00,555,555,555,555,0
2022-07-14 09:45:00,555,555,555,555,0
2022-07-14 09:46:00,555,555,555,555,0
2022-07-14 09:47:00,555,555,555,555,0
2022-07-14 09:48:00,550,550,550,550,12600
2022-07-14 09:49:00,550,550,550,550,0
2022-07-14 09:50:00,550,550,555,555,109000
2022-07-14 09:51:00,550,550,555,555,0
2022-07-14 09:52:00,550,550,555,555,0
2022-07-14 09:53:00,550,550,555,555,0
2022-07-14 09:54:00,555,555,560,560,28900
2022-07-14 09:55:00,555,555,560,560,0
2022-07-14 09:56:00,555,555,560,560,0
2022-07-14 09:57:00,555,555,555,555,1100
2022-07-14 09:58:00,560,560,560,560,100
2022-07-14 09:59:00,555,555,555,555,900
2022-07-14 10:00:00,555,555,555,555,0
2022-07-14 10:01:00,555,555,555,555,0
2022-07-14 10:02:00,555,555,555,555,0
2022-07-14 10:03:00,550,550,555,555,20800
2022-07-14 10:04:00,550,550,555,555,0
2022-07-14 10:05:00,550,550,550,550,32300
2022-07-14 10:06:00,550,550,550,550,68900
2022-07-14 10:07:00,550,550,555,555,0
2022-07-14 10:08:00,555,555,555,555,0
2022-07-14 10:09:00,555,555,555,555,0
2022-07-14 10:10:00,555,555,555,555,0
2022-07-14 10:11:00,555,555,555,555,0
2022-07-14 10:12:00,555,555,555,555,50000
2022-07-14 10:13:00,555,555,555,555,0
2022-07-14 10:14:00,555,555,555,555,0
2022-07-14 10:15:00,555,555,555,555,0
2022-07-14 10:16:00,555,555,555,555,0
2022-07-14 10:17:00,555,555,555,555,0
2022-07-14 10:18:00,555,555,555,555,0
2022-07-14 10:19:00,555,555,555,555,0
2022-07-14 10:20:00,555,555,555,555,0
2022-07-14 10:21:00,555,555,555,555,0
2022-07-14 10:22:00,555,555,555,555,0
2022-07-14 10:23:00,555,555,555,555,0
2022-07-14 10:24:00,555,555,555,555,0
2022-07-14 10:25:00,555,555,555,555,0
2022-07-14 10:26:00,555,555,555,555,0
2022-07-14 10:27:00,555,555,555,555,500
2022-07-14 10:28:00,555,555,555,555,0
2022-07-14 10:29:00,555,555,555,555,0
2022-07-14 10:30:00,555,555,555,555,0
2022-07-14 10:31:00,555,555,555,555,0
2022-07-14 10:32:00,555,555,555,555,0
2022-07-14 10:33:00,555,555,555,555,0
2022-07-14 10:34:00,555,555,555,555,0
2022-07-14 10:35:00,555,555,555,555,0
2022-07-14 10:36:00,555,555,555,555,0
2022-07-14 10:37:00,555,555,555,555,0
2022-07-14 10:38:00,555,555,555,555,0
2022-07-14 10:39:00,555,555,555,555,0
2022-07-14 10:40:00,555,555,555,555,0
2022-07-14 10:41:00,550,550,550,550,37800
2022-07-14 10:42:00,555,555,555,555,0
2022-07-14 10:43:00,555,555,555,555,0
2022-07-14 10:44:00,555,555,555,555,0
2022-07-14 10:45:00,555,555,555,555,0
2022-07-14 10:46:00,555,555,555,555,0
2022-07-14 10:47:00,555,555,555,555,49700
2022-07-14 10:48:00,555,555,555,555,0
2022-07-14 10:49:00,555,555,555,555,0
2022-07-14 10:50:00,555,555,555,555,0
2022-07-14 10:51:00,555,555,555,555,0
2022-07-14 10:52:00,555,555,555,555,0
2022-07-14 10:53:00,555,555,555,555,0
2022-07-14 10:54:00,555,555,555,555,0
2022-07-14 10:55:00,555,555,555,555,5000
2022-07-14 10:56:00,555,555,555,555,0
2022-07-14 10:57:00,555,555,555,555,0
2022-07-14 10:58:00,555,555,555,555,0
2022-07-14 10:59:00,555,555,555,555,0
2022-07-14 11:00:00,555,555,555,555,0
2022-07-14 11:01:00,555,555,555,555,0
2022-07-14 11:02:00,555,555,555,555,0
2022-07-14 11:03:00,555,555,555,555,0
2022-07-14 11:04:00,555,555,555,555,0
2022-07-14 11:05:00,555,555,555,555,0
2022-07-14 11:06:00,555,555,555,555,0
2022-07-14 11:07:00,555,555,555,555,0
2022-07-14 11:08:00,555,555,555,555,0
2022-07-14 11:09:00,555,555,555,555,0
2022-07-14 11:10:00,555,555,555,555,0
2022-07-14 11:11:00,555,555,555,555,0
2022-07-14 11:12:00,555,555,555,555,0
2022-07-14 11:13:00,555,555,555,555,0
2022-07-14 11:14:00,555,555,555,555,0
2022-07-14 11:15:00,555,555,555,555,0
2022-07-14 11:16:00,555,555,555,555,0
2022-07-14 11:17:00,555,555,555,555,0
2022-07-14 11:18:00,555,555,555,555,0
2022-07-14 11:19:00,555,555,555,555,0
2022-07-14 11:20:00,555,555,555,555,0
2022-07-14 11:21:00,555,555,555,555,0
2022-07-14 11:22:00,555,555,555,555,0
2022-07-14 11:23:00,555,555,555,555,0
2022-07-14 11:24:00,555,555,555,555,0
2022-07-14 11:25:00,555,555,555,555,0
2022-07-14 11:26:00,555,555,555,555,0
2022-07-14 11:27:00,555,555,555,555,400
2022-07-14 11:28:00,555,555,555,555,400
2022-07-14 11:29:00,555,555,555,555,0
2022-07-14 11:30:00,555,555,555,555,0
2022-07-14 11:31:00,555,555,555,555,0
2022-07-14 11:32:00,555,555,555,555,0
2022-07-14 11:33:00,555,555,555,555,0
2022-07-14 11:34:00,555,555,555,555,0
2022-07-14 11:35:00,555,555,555,555,0
2022-07-14 11:36:00,555,555,555,555,0
2022-07-14 11:37:00,555,555,555,555,0
2022-07-14 11:38:00,555,555,555,555,0
2022-07-14 11:39:00,555,555,555,555,0
2022-07-14 11:40:00,555,555,555,555,0
2022-07-14 11:41:00,555,555,555,555,0
2022-07-14 11:42:00,555,555,555,555,0
2022-07-14 11:43:00,555,555,555,555,0
2022-07-14 11:44:00,555,555,555,555,0
2022-07-14 11:45:00,555,555,555,555,0
2022-07-14 11:46:00,555,555,555,555,0
2022-07-14 11:47:00,555,555,555,555,0
2022-07-14 11:48:00,555,555,555,555,0
2022-07-14 11:49:00,555,555,555,555,0
2022-07-14 11:50:00,555,555,555,555,0
2022-07-14 11:51:00,555,555,555,555,0
2022-07-14 11:52:00,555,555,555,555,0
2022-07-14 11:53:00,555,555,555,555,0
2022-07-14 11:54:00,555,555,555,555,0
2022-07-14 11:55:00,555,555,555,555,0
2022-07-14 11:56:00,555,555,555,555,0
2022-07-14 11:57:00,555,555,555,555,0
2022-07-14 11:58:00,555,555,555,555,0
2022-07-14 11:59:00,555,555,555,555,0
2022-07-14 12:00:00,555,555,555,555,0
2022-07-14 12:01:00,555,555,555,555,0
2022-07-14 12:02:00,555,555,555,555,0
2022-07-14 12:03:00,555,555,555,555,0
2022-07-14 12:04:00,555,555,555,555,0
2022-07-14 12:05:00,555,555,555,555,0
2022-07-14 12:06:00,555,555,555,555,0
2022-07-14 12:07:00,555,555,555,555,0
2022-07-14 12:08:00,555,555,555,555,0
2022-07-14 12:09:00,555,555,555,555,0
2022-07-14 12:10:00,555,555,555,555,0
2022-07-14 12:11:00,555,555,555,555,0
2022-07-14 12:12:00,555,555,555,555,0
2022-07-14 12:13:00,555,555,555,555,0
2022-07-14 12:14:00,555,555,555,555,0
2022-07-14 12:15:00,555,555,555,555,0
2022-07-14 12:16:00,555,555,555,555,0
2022-07-14 12:17:00,555,555,555,555,0
2022-07-14 12:18:00,555,555,555,555,0
2022-07-14 12:19:00,555,555,555,555,0
2022-07-14 12:20:00,555,555,555,555,0
2022-07-14 12:21:00,555,555,555,555,0
2022-07-14 12:22:00,555,555,555,555,0
2022-07-14 12:23:00,555,555,555,555,0
2022-07-14 12:24:00,555,555,555,555,0
2022-07-14 12:25:00,555,555,555,555,0
2022-07-14 12:26:00,555,555,555,555,0
2022-07-14 12:27:00,555,555,555,555,0
2022-07-14 12:28:00,555,555,555,555,0
2022-07-14 12:29:00,555,555,555,555,0
2022-07-14 12:30:00,555,555,555,555,0
2022-07-14 12:31:00,555,555,555,555,0
2022-07-14 12:32:00,555,555,555,555,0
2022-07-14 12:33:00,555,555,555,555,0
2022-07-14 12:34:00,555,555,555,555,0
2022-07-14 12:35:00,555,555,555,555,0
2022-07-14 12:36:00,555,555,555,555,0
2022-07-14 12:37:00,555,555,555,555,0
2022-07-14 12:38:00,555,555,555,555,0
2022-07-14 12:39:00,555,555,555,555,0
2022-07-14 12:40:00,555,555,555,555,0
2022-07-14 12:41:00,555,555,555,555,0
2022-07-14 12:42:00,555,555,555,555,0
2022-07-14 12:43:00,555,555,555,555,0
2022-07-14 12:44:00,555,555,555,555,0
2022-07-14 12:45:00,555,555,555,555,0
2022-07-14 12:46:00,555,555,555,555,0
2022-07-14 12:47:00,555,555,555,555,0
2022-07-14 12:48:00,555,555,555,555,0
2022-07-14 12:49:00,555,555,555,555,0
2022-07-14 12:50:00,555,555,555,555,0
2022-07-14 12:51:00,555,555,555,555,0
2022-07-14 12:52:00,555,555,555,555,0
2022-07-14 12:53:00,555,555,555,555,0
2022-07-14 12:54:00,555,555,555,555,0
2022-07-14 12:55:00,555,555,555,555,0
2022-07-14 12:56:00,555,555,555,555,0
2022-07-14 12:57:00,555,555,555,555,0
2022-07-14 12:58:00,555,555,555,555,0
2022-07-14 12:59:00,555,555,555,555,0
2022-07-14 13:00:00,555,555,555,555,0
2022-07-14 13:01:00,555,555,555,555,0
2022-07-14 13:02:00,555,555,555,555,0
2022-07-14 13:03:00,555,555,555,555,0
2022-07-14 13:04:00,555,555,555,555,0
2022-07-14 13:05:00,555,555,555,555,0
2022-07-14 13:06:00,555,555,555,555,0
2022-07-14 13:07:00,555,555,555,555,0
2022-07-14 13:08:00,555,555,555,555,0
2022-07-14 13:09:00,555,555,555,555,0
2022-07-14 13:10:00,555,555,555,555,0
2022-07-14 13:11:00,555,555,555,555,0
2022-07-14 13:12:00,555,555,555,555,0
2022-07-14 13:13:00,555,555,555,555,0
2022-07-14 13:14:00,555,555,555,555,0
2022-07-14 13:15:00,555,555,555,555,0
2022-07-14 13:16:00,555,555,555,555,0
2022-07-14 13:17:00,555,555,555,555,0
2022-07-14 13:18:00,555,555,555,555,0
2022-07-14 13:19:00,555,555,555,555,0
2022-07-14 13:20:00,555,555,555,555,0
2022-07-14 13:21:00,555,555,555,555,0
2022-07-14 13:22:00,555,555,555,555,0
2022-07-14 13:23:00,555,555,555,555,0
2022-07-14 13:24:00,555,555,555,555,0
2022-07-14 13:25:00,555,555,555,555,0
2022-07-14 13:26:00,555,555,555,555,0
2022-07-14 13:27:00,555,555,555,555,0
2022-07-14 13:28:00,555,555,555,555,0
2022-07-14 13:29:00,555,555,555,555,0
2022-07-14 13:30:00,555,550,555,550,1900
2022-07-14 13:31:00,555,550,555,550,0
2022-07-14 13:32:00,555,555,555,555,400
2022-07-14 13:33:00,555,555,555,555,0
2022-07-14 13:34:00,555,555,555,555,0
2022-07-14 13:35:00,555,555,555,555,0
2022-07-14 13:36:00,555,555,555,555,0
2022-07-14 13:37:00,555,555,555,555,0
2022-07-14 13:38:00,555,555,555,555,0
2022-07-14 13:39:00,555,555,555,555,0
2022-07-14 13:40:00,555,555,555,555,0
2022-07-14 13:41:00,555,555,555,555,0
2022-07-14 13:42:00,555,555,555,555,0
2022-07-14 13:43:00,555,555,555,555,0
2022-07-14 13:44:00,555,555,555,555,0
2022-07-14 13:45:00,555,555,555,555,0
2022-07-14 13:46:00,555,555,555,555,0
2022-07-14 13:47:00,555,555,555,555,0
2022-07-14 13:48:00,555,555,555,555,0
2022-07-14 13:49:00,555,555,555,555,55700
2022-07-14 13:50:00,555,555,555,555,0
2022-07-14 13:51:00,550,550,550,550,0
2022-07-14 13:52:00,550,550,550,550,0
2022-07-14 13:53:00,550,550,550,550,0
2022-07-14 13:54:00,550,550,550,550,0
2022-07-14 13:55:00,550,550,550,550,0
2022-07-14 13:56:00,550,550,550,550,0
2022-07-14 13:57:00,550,550,550,550,0
2022-07-14 13:58:00,555,555,555,555,300
2022-07-14 13:59:00,555,555,555,555,0
2022-07-14 14:00:00,555,555,555,555,0
2022-07-14 14:01:00,555,555,555,555,0
2022-07-14 14:02:00,555,555,555,555,0
2022-07-14 14:03:00,555,555,555,555,0
2022-07-14 14:04:00,555,555,555,555,0
2022-07-14 14:05:00,555,555,555,555,0
2022-07-14 14:06:00,555,555,555,555,0
2022-07-14 14:07:00,555,555,555,555,0
2022-07-14 14:08:00,555,555,555,555,0
2022-07-14 14:09:00,555,555,555,555,0
2022-07-14 14:10:00,555,555,555,555,0
2022-07-14 14:11:00,555,555,555,555,0
2022-07-14 14:12:00,555,555,555,555,0
2022-07-14 14:13:00,555,555,555,555,0
2022-07-14 14:14:00,555,555,555,555,0
2022-07-14 14:15:00,555,555,555,555,0
2022-07-14 14:16:00,555,555,555,555,0
2022-07-14 14:17:00,555,555,555,555,0
2022-07-14 14:18:00,555,555,555,555,0
2022-07-14 14:19:00,555,555,555,555,0
2022-07-14 14:20:00,555,555,555,555,0
2022-07-14 14:21:00,555,555,555,555,0
2022-07-14 14:22:00,555,555,555,555,0
2022-07-14 14:23:00,555,555,555,555,0
2022-07-14 14:24:00,555,555,555,555,0
2022-07-14 14:25:00,555,555,555,555,0
2022-07-14 14:26:00,555,555,555,555,0
2022-07-14 14:27:00,550,550,550,550,3200
2022-07-14 14:28:00,555,555,555,555,0
2022-07-14 14:29:00,555,555,555,555,0
2022-07-14 14:30:00,555,555,555,555,100
2022-07-14 14:31:00,555,555,555,555,0
2022-07-14 14:32:00,555,555,555,555,0
2022-07-14 14:33:00,555,555,555,555,0
2022-07-14 14:34:00,555,555,555,555,0
2022-07-14 14:35:00,555,555,555,555,0
2022-07-14 14:36:00,550,540,550,540,356700
2022-07-14 14:37:00,550,540,550,540,0
2022-07-14 14:38:00,550,550,550,550,0
2022-07-14 14:39:00,545,545,545,545,6300
2022-07-14 14:40:00,545,545,545,545,0
2022-07-14 14:41:00,545,545,550,550,305300
2022-07-14 14:42:00,545,545,550,550,0
2022-07-14 14:43:00,545,545,550,550,0
2022-07-14 14:44:00,545,545,550,550,0
2022-07-14 14:45:00,550,550,550,550,0
2022-07-14 14:46:00,550,550,550,550,0
2022-07-14 14:47:00,550,550,550,550,0
2022-07-14 14:48:00,550,550,550,550,0
2022-07-14 14:49:00,550,550,555,555,1483200
2022-07-14 14:50:00,550,550,555,555,0
2022-07-14 14:51:00,550,550,555,555,0
2022-07-14 14:52:00,550,550,555,555,0
2022-07-14 14:53:00,550,550,555,555,0
2022-07-14 14:54:00,550,550,555,555,0
2022-07-14 14:55:00,550,550,555,555,0
2022-07-14 14:56:00,550,550,555,555,0
2022-07-14 14:57:00,550,550,555,555,0
2022-07-14 14:58:00,550,550,555,555,0
2022-07-14 14:59:00,550,550,555,555,0
2022-07-14 15:00:00,550,550,555,555,0
2022-07-14 15:01:00,550,550,555,555,0
2022-07-14 15:02:00,550,550,555,555,0
2022-07-14 15:03:00,550,550,555,555,0
2022-07-14 15:04:00,550,550,555,555,0
2022-07-14 15:05:00,550,550,555,555,0
2022-07-14 15:06:00,550,550,555,555,0
2022-07-14 15:07:00,550,550,555,555,0
2022-07-14 15:08:00,550,550,555,555,0
2022-07-14 15:09:00,550,550,555,555,0
2022-07-14 15:10:00,550,550,555,555,0
2022-07-14 15:11:00,550,550,555,555,0
2022-07-14 15:12:00,550,550,555,555,0
2022-07-14 15:13:00,550,550,555,555,0
2022-07-14 15:14:00,550,550,555,555,0
2022-07-14 15:15:00,550,550,555,555,0
2022-07-14 15:16:00,550,550,555,555,0
2022-07-14 15:17:00,550,550,555,555,0
2022-07-14 15:18:00,550,550,555,555,0
2022-07-14 15:19:00,550,550,555,555,0
2022-07-14 15:20:00,550,550,555,555,0
2022-07-14 15:21:00,550,550,555,555,0
2022-07-14 15:22:00,550,550,555,555,0
2022-07-14 15:23:00,550,550,555,555,0
2022-07-14 15:24:00,550,550,555,555,0
2022-07-14 15:25:00,550,550,555,555,0
2022-07-14 15:26:00,550,550,555,555,0
2022-07-14 15:27:00,550,550,555,555,0
2022-07-14 15:28:00,550,550,555,555,0
2022-07-14 15:29:00,550,550,555,555,0
2022-07-14 15:30:00,550,550,555,555,0
2022-07-14 15:31:00,550,550,555,555,0
2022-07-14 15:32:00,550,550,555,555,0
2022-07-14 15:33:00,550,550,555,555,0
2022-07-14 15:34:00,550,550,555,555,0
2022-07-14 15:35:00,550,550,555,555,0
2022-07-14 15:36:00,550,550,555,555,0
2022-07-14 15:37:00,550,550,555,555,0
2022-07-14 15:38:00,550,550,555,555,0
2022-07-14 15:39:00,550,550,555,555,0
2022-07-14 15:40:00,550,550,555,555,0
2022-07-14 15:41:00,550,550,555,555,0
2022-07-14 15:42:00,550,550,555,555,0
2022-07-14 15:43:00,550,550,555,555,0
2022-07-14 15:44:00,550,550,555,555,0
2022-07-14 15:45:00,550,550,555,555,0
2022-07-14 15:46:00,550,550,555,555,0
2022-07-14 15:47:00,550,550,555,555,0
2022-07-14 15:48:00,550,550,555,555,0
2022-07-14 15:49:00,550,550,555,555,0
2022-07-14 15:50:00,550,550,555,555,0
2022-07-14 15:51:00,550,550,555,555,0
2022-07-14 15:52:00,550,550,555,555,0
2022-07-14 15:53:00,550,550,555,555,0
2022-07-14 15:54:00,550,550,555,555,0
2022-07-14 15:55:00,550,550,555,555,0
2022-07-14 15:56:00,550,550,555,555,0
2022-07-14 15:57:00,550,550,555,555,0
2022-07-14 15:58:00,550,550,555,555,0
2022-07-14 15:59:00,550,550,555,555,0
2022-07-15 09:00:00,555,555,555,555,3600
2022-07-15 09:01:00,555,555,555,555,0
2022-07-15 09:02:00,555,555,555,555,0
2022-07-15 09:03:00,555,555,555,555,40100
2022-07-15 09:04:00,550,550,550,550,900
2022-07-15 09:05:00,550,550,550,550,0
2022-07-15 09:06:00,550,550,550,550,0
2022-07-15 09:07:00,550,550,550,550,0
2022-07-15 09:08:00,550,550,550,550,4000
2022-07-15 09:09:00,550,550,550,550,0
2022-07-15 09:10:00,550,550,550,550,0
2022-07-15 09:11:00,550,550,550,550,0
2022-07-15 09:12:00,550,550,550,550,0
2022-07-15 09:13:00,550,550,550,550,0
2022-07-15 09:14:00,550,550,550,550,0
2022-07-15 09:15:00,550,550,550,550,0
2022-07-15 09:16:00,550,550,550,550,0
2022-07-15 09:17:00,550,550,550,550,0
2022-07-15 09:18:00,550,550,550,550,0
2022-07-15 09:19:00,550,550,550,550,0
2022-07-15 09:20:00,550,550,550,550,1900
2022-07-15 09:21:00,545,545,550,550,15100
2022-07-15 09:22:00,545,545,545,545,94000
2022-07-15 09:23:00,545,545,550,550,73600
2022-07-15 09:24:00,545,545,550,550,0
2022-07-15 09:25:00,545,545,550,550,0
2022-07-15 09:26:00,550,550,550,550,0
2022-07-15 09:27:00,550,550,550,550,0
2022-07-15 09:28:00,550,550,550,550,0
2022-07-15 09:29:00,550,550,550,550,0
2022-07-15 09:30:00,550,550,550,550,0
2022-07-15 09:31:00,550,550,550,550,0
2022-07-15 09:32:00,550,550,550,550,0
2022-07-15 09:33:00,550,550,550,550,0
2022-07-15 09:34:00,550,550,550,550,0
2022-07-15 09:35:00,550,550,550,550,0
2022-07-15 09:36:00,550,550,550,550,0
2022-07-15 09:37:00,550,550,550,550,0
2022-07-15 09:38:00,550,550,550,550,200
2022-07-15 09:39:00,550,550,550,550,0
2022-07-15 09:40:00,550,550,550,550,0
2022-07-15 09:41:00,550,550,550,550,0
2022-07-15 09:42:00,550,550,550,550,0
2022-07-15 09:43:00,550,550,550,550,0
2022-07-15 09:44:00,550,550,550,550,0
2022-07-15 09:45:00,550,550,550,550,0
2022-07-15 09:46:00,550,550,550,550,0
2022-07-15 09:47:00,550,550,550,550,0
2022-07-15 09:48:00,550,550,550,550,0
2022-07-15 09:49:00,550,550,550,550,0
2022-07-15 09:50:00,550,550,550,550,3400
2022-07-15 09:51:00,550,550,550,550,0
2022-07-15 09:52:00,550,550,550,550,0
2022-07-15 09:53:00,550,550,550,550,0
2022-07-15 09:54:00,550,550,550,550,0
2022-07-15 09:55:00,550,550,550,550,0
2022-07-15 09:56:00,550,550,550,550,0
2022-07-15 09:57:00,550,550,550,550,0
2022-07-15 09:58:00,550,550,550,550,0
2022-07-15 09:59:00,550,550,550,550,0
2022-07-15 10:00:00,550,550,550,550,0
2022-07-15 10:01:00,550,550,550,550,0
2022-07-15 10:02:00,550,550,550,550,0
2022-07-15 10:03:00,550,550,550,550,0
2022-07-15 10:04:00,550,550,550,550,0
2022-07-15 10:05:00,550,550,550,550,0
2022-07-15 10:06:00,545,545,545,545,14600
2022-07-15 10:07:00,550,550,550,550,0
2022-07-15 10:08:00,550,550,550,550,300
2022-07-15 10:09:00,550,550,550,550,0
2022-07-15 10:10:00,545,545,550,550,700
2022-07-15 10:11:00,545,545,550,550,0
2022-07-15 10:12:00,545,545,550,550,0
2022-07-15 10:13:00,545,545,550,550,0
2022-07-15 10:14:00,545,545,550,550,0
2022-07-15 10:15:00,545,545,550,550,0
2022-07-15 10:16:00,545,545,550,550,0
2022-07-15 10:17:00,545,545,550,550,0
2022-07-15 10:18:00,545,545,550,550,0
2022-07-15 10:19:00,545,545,550,550,0
2022-07-15 10:20:00,545,545,550,550,0
2022-07-15 10:21:00,545,545,550,550,0
2022-07-15 10:22:00,545,545,550,550,0
2022-07-15 10:23:00,545,545,550,550,0
2022-07-15 10:24:00,545,545,550,550,0
2022-07-15 10:25:00,545,545,550,550,0
2022-07-15 10:26:00,545,545,550,550,0
2022-07-15 10:27:00,545,545,550,550,0
2022-07-15 10:28:00,545,545,550,550,0
2022-07-15 10:29:00,545,545,550,550,0
2022-07-15 10:30:00,545,545,550,550,0
2022-07-15 10:31:00,545,545,550,550,0
2022-07-15 10:32:00,545,545,550,550,0
2022-07-15 10:33:00,545,545,550,550,0
2022-07-15 10:34:00,545,545,550,550,0
2022-07-15 10:35:00,545,545,550,550,0
2022-07-15 10:36:00,545,545,550,550,0
2022-07-15 10:37:00,545,545,550,550,0
2022-07-15 10:38:00,545,545,550,550,0
2022-07-15 10:39:00,550,550,550,550,900
2022-07-15 10:40:00,550,550,550,550,0
2022-07-15 10:41:00,550,550,550,550,0
2022-07-15 10:42:00,550,550,550,550,0
2022-07-15 10:43:00,550,550,550,550,0
2022-07-15 10:44:00,550,550,550,550,0
2022-07-15 10:45:00,550,550,550,550,0
2022-07-15 10:46:00,550,550,550,550,0
2022-07-15 10:47:00,550,550,550,550,0
2022-07-15 10:48:00,550,550,550,550,0
2022-07-15 10:49:00,550,550,550,550,0
2022-07-15 10:50:00,550,550,550,550,0
2022-07-15 10:51:00,550,550,550,550,0
2022-07-15 10:52:00,550,550,550,550,0
2022-07-15 10:53:00,550,550,550,550,0
2022-07-15 10:54:00,550,550,550,550,0
2022-07-15 10:55:00,550,550,550,550,0
2022-07-15 10:56:00,550,550,550,550,0
2022-07-15 10:57:00,550,550,550,550,600
2022-07-15 10:58:00,550,550,550,550,0
2022-07-15 10:59:00,550,550,550,550,0
2022-07-15 11:00:00,550,550,550,550,0
2022-07-15 11:01:00,550,550,550,550,0
2022-07-15 11:02:00,550,550,550,550,0
2022-07-15 11:03:00,550,550,550,550,0
2022-07-15 11:04:00,550,550,550,550,0
2022-07-15 11:05:00,550,550,550,550,0
2022-07-15 11:06:00,550,550,550,550,0
2022-07-15 11:07:00,550,550,550,550,0
2022-07-15 11:08:00,550,550,550,550,0
2022-07-15 11:09:00,550,550,550,550,0
2022-07-15 11:10:00,550,550,550,550,0
2022-07-15 11:11:00,550,550,550,550,0
2022-07-15 11:12:00,550,550,550,550,0
2022-07-15 11:13:00,550,550,550,550,0
2022-07-15 11:14:00,550,550,550,550,0
2022-07-15 11:15:00,550,550,550,550,0
2022-07-15 11:16:00,550,550,550,550,0
2022-07-15 11:17:00,550,550,550,550,0
2022-07-15 11:18:00,550,550,550,550,0
2022-07-15 11:19:00,550,550,550,550,200
2022-07-15 11:20:00,550,550,550,550,0
2022-07-15 11:21:00,550,550,550,550,0
2022-07-15 11:22:00,550,550,550,550,0
2022-07-15 11:23:00,550,550,550,550,0
2022-07-15 11:24:00,550,550,550,550,600
2022-07-15 11:25:00,550,550,550,550,300
2022-07-15 11:26:00,550,550,550,550,0
2022-07-15 11:27:00,550,550,550,550,0
2022-07-15 11:28:00,550,550,550,550,0
2022-07-15 11:29:00,550,550,550,550,500
2022-07-15 11:30:00,550,550,550,550,0
2022-07-15 11:31:00,550,550,550,550,0
2022-07-15 11:32:00,550,550,550,550,0
2022-07-15 11:33:00,550,550,550,550,0
2022-07-15 11:34:00,550,550,550,550,0
2022-07-15 11:35:00,550,550,550,550,0
2022-07-15 11:36:00,550,550,550,550,0
2022-07-15 11:37:00,550,550,550,550,0
2022-07-15 11:38:00,550,550,550,550,0
2022-07-15 11:39:00,550,550,550,550,0
2022-07-15 11:40:00,550,550,550,550,0
2022-07-15 11:41:00,550,550,550,550,0
2022-07-15 11:42:00,550,550,550,550,0
2022-07-15 11:43:00,550,550,550,550,0
2022-07-15 11:44:00,550,550,550,550,0
2022-07-15 11:45:00,550,550,550,550,0
2022-07-15 11:46:00,550,550,550,550,0
2022-07-15 11:47:00,550,550,550,550,0
2022-07-15 11:48:00,550,550,550,550,0
2022-07-15 11:49:00,550,550,550,550,0
2022-07-15 11:50:00,550,550,550,550,0
2022-07-15 11:51:00,550,550,550,550,0
2022-07-15 11:52:00,550,550,550,550,0
2022-07-15 11:53:00,550,550,550,550,0
2022-07-15 11:54:00,550,550,550,550,0
2022-07-15 11:55:00,550,550,550,550,0
2022-07-15 11:56:00,550,550,550,550,0
2022-07-15 11:57:00,550,550,550,550,0
2022-07-15 11:58:00,550,550,550,550,0
2022-07-15 11:59:00,550,550,550,550,0
2022-07-15 12:00:00,550,550,550,550,0
2022-07-15 12:01:00,550,550,550,550,0
2022-07-15 12:02:00,550,550,550,550,0
2022-07-15 12:03:00,550,550,550,550,0
2022-07-15 12:04:00,550,550,550,550,0
2022-07-15 12:05:00,550,550,550,550,0
2022-07-15 12:06:00,550,550,550,550,0
2022-07-15 12:07:00,550,550,550,550,0
2022-07-15 12:08:00,550,550,550,550,0
2022-07-15 12:09:00,550,550,550,550,0
2022-07-15 12:10:00,550,550,550,550,0
2022-07-15 12:11:00,550,550,550,550,0
2022-07-15 12:12:00,550,550,550,550,0
2022-07-15 12:13:00,550,550,550,550,0
2022-07-15 12:14:00,550,550,550,550,0
2022-07-15 12:15:00,550,550,550,550,0
2022-07-15 12:16:00,550,550,550,550,0
2022-07-15 12:17:00,550,550,550,550,0
2022-07-15 12:18:00,550,550,550,550,0
2022-07-15 12:19:00,550,550,550,550,0
2022-07-15 12:20:00,550,550,550,550,0
2022-07-15 12:21:00,550,550,550,550,0
2022-07-15 12:22:00,550,550,550,550,0
2022-07-15 12:23:00,550,550,550,550,0
2022-07-15 12:24:00,550,550,550,550,0
2022-07-15 12:25:00,550,550,550,550,0
2022-07-15 12:26:00,550,550,550,550,0
2022-07-15 12:27:00,550,550,550,550,0
2022-07-15 12:28:00,550,550,550,550,0
2022-07-15 12:29:00,550,550,550,550,0
2022-07-15 12:30:00,550,550,550,550,0
2022-07-15 12:31:00,550,550,550,550,0
2022-07-15 12:32:00,550,550,550,550,0
2022-07-15 12:33:00,550,550,550,550,0
2022-07-15 12:34:00,550,550,550,550,0
2022-07-15 12:35:00,550,550,550,550,0
2022-07-15 12:36:00,550,550,550,550,0
2022-07-15 12:37:00,550,550,550,550,0
2022-07-15 12:38:00,550,550,550,550,0
2022-07-15 12:39:00,550,550,550,550,0
2022-07-15 12:40:00,550,550,550,550,0
2022-07-15 12:41:00,550,550,550,550,0
2022-07-15 12:42:00,550,550,550,550,0
2022-07-15 12:43:00,550,550,550,550,0
2022-07-15 12:44:00,550,550,550,550,0
2022-07-15 12:45:00,550,550,550,550,0
2022-07-15 12:46:00,550,550,550,550,0
2022-07-15 12:47:00,550,550,550,550,0
2022-07-15 12:48:00,550,550,550,550,0
2022-07-15 12:49:00,550,550,550,550,0
2022-07-15 12:50:00,550,550,550,550,0
2022-07-15 12:51:00,550,550,550,550,0
2022-07-15 12:52:00,550,550,550,550,0
2022-07-15 12:53:00,550,550,550,550,0
2022-07-15 12:54:00,550,550,550,550,0
2022-07-15 12:55:00,550,550,550,550,0
2022-07-15 12:56:00,550,550,550,550,0
2022-07-15 12:57:00,550,550,550,550,0
2022-07-15 12:58:00,550,550,550,550,0
2022-07-15 12:59:00,550,550,550,550,0
2022-07-15 13:00:00,550,550,550,550,0
2022-07-15 13:01:00,550,550,550,550,0
2022-07-15 13:02:00,550,550,550,550,0
2022-07-15 13:03:00,550,550,550,550,0
2022-07-15 13:04:00,550,550,550,550,0
2022-07-15 13:05:00,550,550,550,550,0
2022-07-15 13:06:00,550,550,550,550,0
2022-07-15 13:07:00,550,550,550,550,0
2022-07-15 13:08:00,550,550,550,550,0
2022-07-15 13:09:00,550,550,550,550,0
2022-07-15 13:10:00,550,550,550,550,0
2022-07-15 13:11:00,550,550,550,550,0
2022-07-15 13:12:00,550,550,550,550,0
2022-07-15 13:13:00,550,550,550,550,0
2022-07-15 13:14:00,550,550,550,550,0
2022-07-15 13:15:00,550,550,550,550,0
2022-07-15 13:16:00,550,550,550,550,0
2022-07-15 13:17:00,550,550,550,550,0
2022-07-15 13:18:00,550,550,550,550,0
2022-07-15 13:19:00,550,550,550,550,0
2022-07-15 13:20:00,550,550,550,550,0
2022-07-15 13:21:00,550,550,550,550,0
2022-07-15 13:22:00,550,550,550,550,0
2022-07-15 13:23:00,550,550,550,550,0
2022-07-15 13:24:00,550,550,550,550,0
2022-07-15 13:25:00,550,550,550,550,0
2022-07-15 13:26:00,550,550,550,550,0
2022-07-15 13:27:00,550,550,550,550,0
2022-07-15 13:28:00,550,550,550,550,0
2022-07-15 13:29:00,550,550,550,550,0
2022-07-15 13:30:00,545,545,550,550,6300
2022-07-15 13:31:00,545,545,550,550,0
2022-07-15 13:32:00,545,545,550,550,0
2022-07-15 13:33:00,545,545,550,550,0
2022-07-15 13:34:00,545,545,550,550,0
2022-07-15 13:35:00,545,545,550,550,0
2022-07-15 13:36:00,545,545,550,550,0
2022-07-15 13:37:00,545,545,550,550,0
2022-07-15 13:38:00,545,545,550,550,600
2022-07-15 13:39:00,545,545,550,550,0
2022-07-15 13:40:00,545,545,550,550,0
2022-07-15 13:41:00,545,545,550,550,0
2022-07-15 13:42:00,545,545,550,550,0
2022-07-15 13:43:00,545,545,550,550,0
2022-07-15 13:44:00,545,545,550,550,0
2022-07-15 13:45:00,545,545,550,550,0
2022-07-15 13:46:00,545,545,550,550,0
2022-07-15 13:47:00,545,545,550,550,0
2022-07-15 13:48:00,545,545,550,550,0
2022-07-15 13:49:00,545,545,550,550,0
2022-07-15 13:50:00,545,545,550,550,0
2022-07-15 13:51:00,545,545,550,550,0
2022-07-15 13:52:00,545,545,550,550,0
2022-07-15 13:53:00,545,545,550,550,0
2022-07-15 13:54:00,545,545,550,550,0
2022-07-15 13:55:00,545,545,545,545,9700
2022-07-15 13:56:00,545,545,545,545,0
2022-07-15 13:57:00,545,545,545,545,0
2022-07-15 13:58:00,545,545,545,545,7700
2022-07-15 13:59:00,545,545,545,545,0
2022-07-15 14:00:00,545,545,545,545,41900
2022-07-15 14:01:00,545,545,545,545,49800
2022-07-15 14:02:00,550,550,550,550,0
2022-07-15 14:03:00,550,550,550,550,0
2022-07-15 14:04:00,550,550,550,550,0
2022-07-15 14:05:00,550,550,550,550,700
2022-07-15 14:06:00,550,550,550,550,0
2022-07-15 14:07:00,550,550,550,550,0
2022-07-15 14:08:00,550,550,550,550,0
2022-07-15 14:09:00,550,550,550,550,0
2022-07-15 14:10:00,550,550,550,550,0
2022-07-15 14:11:00,550,550,550,550,0
2022-07-15 14:12:00,545,545,550,550,2500
2022-07-15 14:13:00,545,545,550,550,0
2022-07-15 14:14:00,545,545,550,550,0
2022-07-15 14:15:00,545,545,550,550,0
2022-07-15 14:16:00,545,545,550,550,0
2022-07-15 14:17:00,545,545,550,550,0
2022-07-15 14:18:00,545,545,550,550,0
2022-07-15 14:19:00,545,545,550,550,0
2022-07-15 14:20:00,550,550,550,550,800
2022-07-15 14:21:00,550,550,550,550,0
2022-07-15 14:22:00,550,550,550,550,0
2022-07-15 14:23:00,550,550,550,550,0
2022-07-15 14:24:00,550,550,550,550,0
2022-07-15 14:25:00,550,550,550,550,0
2022-07-15 14:26:00,550,550,550,550,0
2022-07-15 14:27:00,550,550,550,550,0
2022-07-15 14:28:00,550,550,550,550,0
2022-07-15 14:29:00,550,550,550,550,0
2022-07-15 14:30:00,550,550,550,550,0
2022-07-15 14:31:00,550,550,550,550,0
2022-07-15 14:32:00,550,550,550,550,0
2022-07-15 14:33:00,550,550,550,550,0
2022-07-15 14:34:00,550,550,550,550,0
2022-07-15 14:35:00,550,550,550,550,0
2022-07-15 14:36:00,550,550,550,550,2200
2022-07-15 14:37:00,550,550,550,550,0
2022-07-15 14:38:00,550,550,550,550,0
2022-07-15 14:39:00,550,550,550,550,0
2022-07-15 14:40:00,550,550,550,550,0
2022-07-15 14:41:00,550,550,550,550,0
2022-07-15 14:42:00,550,550,550,550,0
2022-07-15 14:43:00,550,550,550,550,0
2022-07-15 14:44:00,550,550,550,550,0
2022-07-15 14:45:00,550,550,550,550,500
2022-07-15 14:46:00,550,550,550,550,0
2022-07-15 14:47:00,550,550,550,550,600
2022-07-15 14:48:00,550,550,550,550,500
2022-07-15 14:49:00,550,550,550,550,1400
2022-07-15 14:50:00,550,550,550,550,0
2022-07-15 14:51:00,550,550,550,550,0
2022-07-15 14:52:00,550,550,550,550,0
2022-07-15 14:53:00,550,550,550,550,0
2022-07-15 14:54:00,550,550,550,550,0
2022-07-15 14:55:00,550,550,550,550,0
2022-07-15 14:56:00,550,550,550,550,0
2022-07-15 14:57:00,550,550,550,550,0
2022-07-15 14:58:00,550,550,550,550,0
2022-07-15 14:59:00,550,550,550,550,0
2022-07-15 15:00:00,545,545,545,545,126700
2022-07-15 15:01:00,545,545,545,545,0
2022-07-15 15:02:00,545,545,545,545,0
2022-07-15 15:03:00,545,545,545,545,0
2022-07-15 15:04:00,545,545,545,545,0
2022-07-15 15:05:00,545,545,545,545,0
2022-07-15 15:06:00,545,545,545,545,0
2022-07-15 15:07:00,545,545,545,545,0
2022-07-15 15:08:00,545,545,545,545,0
2022-07-15 15:09:00,545,545,545,545,0
2022-07-15 15:10:00,545,545,545,545,0
2022-07-15 15:11:00,545,545,545,545,0
2022-07-15 15:12:00,545,545,545,545,0
2022-07-15 15:13:00,545,545,545,545,0
2022-07-15 15:14:00,545,545,545,545,0
2022-07-15 15:15:00,545,545,545,545,0
2022-07-15 15:16:00,545,545,545,545,0
2022-07-15 15:17:00,545,545,545,545,0
2022-07-15 15:18:00,545,545,545,545,0
2022-07-15 15:19:00,545,545,545,545,0
2022-07-15 15:20:00,545,545,545,545,0
2022-07-15 15:21:00,545,545,545,545,0
2022-07-15 15:22:00,545,545,545,545,0
2022-07-15 15:23:00,545,545,545,545,0
2022-07-15 15:24:00,545,545,545,545,0
2022-07-15 15:25:00,545,545,545,545,0
2022-07-15 15:26:00,545,545,545,545,0
2022-07-15 15:27:00,545,545,545,545,0
2022-07-15 15:28:00,545,545,545,545,0
2022-07-15 15:29:00,545,545,545,545,0
2022-07-15 15:30:00,545,545,545,545,0
2022-07-15 15:31:00,545,545,545,545,0
2022-07-15 15:32:00,545,545,545,545,0
2022-07-15 15:33:00,545,545,545,545,0
2022-07-15 15:34:00,545,545,545,545,0
2022-07-15 15:35:00,545,545,545,545,0
2022-07-15 15:36:00,545,545,545,545,0
2022-07-15 15:37:00,545,545,545,545,0
2022-07-15 15:38:00,545,545,545,545,0
2022-07-15 15:39:00,545,545,545,545,0
2022-07-15 15:40:00,545,545,545,545,0
2022-07-15 15:41:00,545,545,545,545,0
2022-07-15 15:42:00,545,545,545,545,0
2022-07-15 15:43:00,545,545,545,545,0
2022-07-15 15:44:00,545,545,545,545,0
2022-07-15 15:45:00,545,545,545,545,0
2022-07-15 15:46:00,545,545,545,545,0
2022-07-15 15:47:00,545,545,545,545,0
2022-07-15 15:48:00,545,545,545,545,0
2022-07-15 15:49:00,545,545,545,545,0
2022-07-15 15:50:00,545,545,545,545,0
2022-07-15 15:51:00,545,545,545,545,0
2022-07-15 15:52:00,545,545,545,545,0
2022-07-15 15:53:00,545,545,545,545,0
2022-07-15 15:54:00,545,545,545,545,0
2022-07-15 15:55:00,545,545,545,545,0
2022-07-15 15:56:00,545,545,545,545,0
2022-07-15 15:57:00,545,545,545,545,0
2022-07-15 15:58:00,545,545,545,545,0
2022-07-15 15:59:00,545,545,545,545,0
2022-07-18 09:00:00,550,550,560,550,0
2022-07-18 09:01:00,550,550,550,550,0
2022-07-18 09:02:00,545,545,545,545,400
2022-07-18 09:03:00,545,545,545,545,200
2022-07-18 09:04:00,550,550,550,550,200
2022-07-18 09:05:00,550,550,550,550,0
2022-07-18 09:06:00,550,550,550,550,0
2022-07-18 09:07:00,550,550,550,550,0
2022-07-18 09:08:00,550,545,550,545,7700
2022-07-18 09:09:00,550,550,550,550,2600
2022-07-18 09:10:00,550,550,550,550,0
2022-07-18 09:11:00,550,550,550,550,0
2022-07-18 09:12:00,545,545,545,545,2300
2022-07-18 09:13:00,550,550,550,550,400
2022-07-18 09:14:00,550,550,550,550,1000
2022-07-18 09:15:00,550,550,550,550,0
2022-07-18 09:16:00,550,550,550,550,1400
2022-07-18 09:17:00,550,550,565,565,229700
2022-07-18 09:18:00,560,560,560,560,0
2022-07-18 09:19:00,560,560,565,565,2400
2022-07-18 09:20:00,560,560,560,560,2500
2022-07-18 09:21:00,560,560,560,560,0
2022-07-18 09:22:00,560,560,575,575,102600
2022-07-18 09:23:00,575,570,575,570,16400
2022-07-18 09:24:00,575,570,575,575,500
2022-07-18 09:25:00,575,575,575,575,4100
2022-07-18 09:26:00,575,570,575,575,300
2022-07-18 09:27:00,570,570,575,575,3100
2022-07-18 09:28:00,570,570,575,575,57100
2022-07-18 09:29:00,570,570,575,575,0
2022-07-18 09:30:00,570,570,575,575,1000
2022-07-18 09:31:00,575,575,575,575,600
2022-07-18 09:32:00,570,570,570,570,1200
2022-07-18 09:33:00,570,570,570,570,600
2022-07-18 09:34:00,570,570,570,570,2000
2022-07-18 09:35:00,570,570,570,570,0
2022-07-18 09:36:00,570,570,570,570,1700
2022-07-18 09:37:00,570,570,570,570,0
2022-07-18 09:38:00,570,570,570,570,0
2022-07-18 09:39:00,565,565,570,570,1000
2022-07-18 09:40:00,565,565,570,570,0
2022-07-18 09:41:00,570,570,570,570,1000
2022-07-18 09:42:00,570,570,570,570,0
2022-07-18 09:43:00,565,565,565,565,1100
2022-07-18 09:44:00,570,565,570,565,2000
2022-07-18 09:45:00,565,565,565,565,6700
2022-07-18 09:46:00,565,565,565,565,0
2022-07-18 09:47:00,565,565,565,565,2300
2022-07-18 09:48:00,565,565,565,565,0
2022-07-18 09:49:00,565,565,565,565,0
2022-07-18 09:50:00,565,565,565,565,500
2022-07-18 09:51:00,565,565,565,565,0
2022-07-18 09:52:00,565,565,565,565,0
2022-07-18 09:53:00,565,565,565,565,0
2022-07-18 09:54:00,565,565,565,565,0
2022-07-18 09:55:00,565,565,565,565,0
2022-07-18 09:56:00,565,565,565,565,0
2022-07-18 09:57:00,565,565,565,565,0
2022-07-18 09:58:00,565,565,565,565,0
2022-07-18 09:59:00,565,565,565,565,0
2022-07-18 10:00:00,565,565,565,565,0
2022-07-18 10:01:00,565,565,565,565,0
2022-07-18 10:02:00,565,565,565,565,0
2022-07-18 10:03:00,565,565,565,565,0
2022-07-18 10:04:00,565,565,565,565,0
2022-07-18 10:05:00,565,565,565,565,0
2022-07-18 10:06:00,565,565,565,565,0
2022-07-18 10:07:00,565,565,565,565,0
2022-07-18 10:08:00,565,565,565,565,0
2022-07-18 10:09:00,560,560,560,560,1600
2022-07-18 10:10:00,565,565,565,565,600
2022-07-18 10:11:00,565,565,565,565,400
2022-07-18 10:12:00,565,565,565,565,0
2022-07-18 10:13:00,565,565,565,565,0
2022-07-18 10:14:00,565,565,565,565,0
2022-07-18 10:15:00,565,565,565,565,0
2022-07-18 10:16:00,565,565,565,565,0
2022-07-18 10:17:00,565,565,565,565,0
2022-07-18 10:18:00,565,565,565,565,0
2022-07-18 10:19:00,565,565,565,565,0
2022-07-18 10:20:00,565,565,565,565,0
2022-07-18 10:21:00,565,565,565,565,0
2022-07-18 10:22:00,565,565,565,565,0
2022-07-18 10:23:00,565,565,565,565,0
2022-07-18 10:24:00,565,565,565,565,0
2022-07-18 10:25:00,565,565,565,565,0
2022-07-18 10:26:00,565,565,565,565,2200
2022-07-18 10:27:00,565,565,565,565,0
2022-07-18 10:28:00,565,565,565,565,0
2022-07-18 10:29:00,565,565,565,565,0
2022-07-18 10:30:00,565,565,565,565,0
2022-07-18 10:31:00,565,565,565,565,0
2022-07-18 10:32:00,565,565,565,565,0
2022-07-18 10:33:00,565,565,565,565,0
2022-07-18 10:34:00,565,565,565,565,0
2022-07-18 10:35:00,565,565,565,565,0
2022-07-18 10:36:00,565,565,565,565,0
2022-07-18 10:37:00,565,565,565,565,0
2022-07-18 10:38:00,565,565,565,565,0
2022-07-18 10:39:00,565,565,565,565,0
2022-07-18 10:40:00,565,565,565,565,0
2022-07-18 10:41:00,565,565,565,565,0
2022-07-18 10:42:00,565,565,565,565,0
2022-07-18 10:43:00,565,565,565,565,0
2022-07-18 10:44:00,565,565,565,565,0
2022-07-18 10:45:00,565,565,565,565,0
2022-07-18 10:46:00,560,555,565,565,2400
2022-07-18 10:47:00,560,555,565,565,0
2022-07-18 10:48:00,560,555,565,565,0
2022-07-18 10:49:00,560,555,565,565,0
2022-07-18 10:50:00,560,560,560,560,800
2022-07-18 10:51:00,560,560,565,565,1800
2022-07-18 10:52:00,560,560,565,565,0
2022-07-18 10:53:00,560,560,560,560,5700
2022-07-18 10:54:00,565,565,565,565,300
2022-07-18 10:55:00,565,565,565,565,0
2022-07-18 10:56:00,565,565,565,565,0
2022-07-18 10:57:00,565,565,565,565,0
2022-07-18 10:58:00,560,560,565,565,1700
2022-07-18 10:59:00,560,560,565,565,0
2022-07-18 11:00:00,560,560,560,560,600
2022-07-18 11:01:00,560,560,560,560,0
2022-07-18 11:02:00,560,560,560,560,0
2022-07-18 11:03:00,560,560,560,560,0
2022-07-18 11:04:00,560,560,565,565,20200
2022-07-18 11:05:00,560,560,565,565,0
2022-07-18 11:06:00,565,560,565,560,300
2022-07-18 11:07:00,565,565,565,565,0
2022-07-18 11:08:00,565,565,565,565,200
2022-07-18 11:09:00,565,565,565,565,0
2022-07-18 11:10:00,565,565,565,565,0
2022-07-18 11:11:00,565,565,565,565,0
2022-07-18 11:12:00,565,565,565,565,0
2022-07-18 11:13:00,565,565,565,565,0
2022-07-18 11:14:00,565,565,565,565,0
2022-07-18 11:15:00,565,565,565,565,0
2022-07-18 11:16:00,565,565,565,565,0
2022-07-18 11:17:00,565,565,565,565,0
2022-07-18 11:18:00,565,565,565,565,0
2022-07-18 11:19:00,565,565,565,565,0
2022-07-18 11:20:00,565,565,565,565,0
2022-07-18 11:21:00,565,565,565,565,0
2022-07-18 11:22:00,565,565,565,565,0
2022-07-18 11:23:00,565,565,565,565,0
2022-07-18 11:24:00,565,565,565,565,0
2022-07-18 11:25:00,565,565,565,565,0
2022-07-18 11:26:00,565,565,565,565,0
2022-07-18 11:27:00,565,565,565,565,0
2022-07-18 11:28:00,565,565,565,565,0
2022-07-18 11:29:00,565,565,565,565,0
2022-07-18 11:30:00,565,565,565,565,0
2022-07-18 11:31:00,565,565,565,565,0
2022-07-18 11:32:00,565,565,565,565,0
2022-07-18 11:33:00,565,565,565,565,0
2022-07-18 11:34:00,565,565,565,565,0
2022-07-18 11:35:00,565,565,565,565,0
2022-07-18 11:36:00,565,565,565,565,0
2022-07-18 11:37:00,565,565,565,565,0
2022-07-18 11:38:00,565,565,565,565,0
2022-07-18 11:39:00,565,565,565,565,0
2022-07-18 11:40:00,565,565,565,565,0
2022-07-18 11:41:00,565,565,565,565,0
2022-07-18 11:42:00,565,565,565,565,0
2022-07-18 11:43:00,565,565,565,565,0
2022-07-18 11:44:00,565,565,565,565,0
2022-07-18 11:45:00,565,565,565,565,0
2022-07-18 11:46:00,565,565,565,565,0
2022-07-18 11:47:00,565,565,565,565,0
2022-07-18 11:48:00,565,565,565,565,0
2022-07-18 11:49:00,565,565,565,565,0
2022-07-18 11:50:00,565,565,565,565,0
2022-07-18 11:51:00,565,565,565,565,0
2022-07-18 11:52:00,565,565,565,565,0
2022-07-18 11:53:00,565,565,565,565,0
2022-07-18 11:54:00,565,565,565,565,0
2022-07-18 11:55:00,565,565,565,565,0
2022-07-18 11:56:00,565,565,565,565,0
2022-07-18 11:57:00,565,565,565,565,0
2022-07-18 11:58:00,565,565,565,565,0
2022-07-18 11:59:00,565,565,565,565,0
2022-07-18 12:00:00,565,565,565,565,0
2022-07-18 12:01:00,565,565,565,565,0
2022-07-18 12:02:00,565,565,565,565,0
2022-07-18 12:03:00,565,565,565,565,0
2022-07-18 12:04:00,565,565,565,565,0
2022-07-18 12:05:00,565,565,565,565,0
2022-07-18 12:06:00,565,565,565,565,0
2022-07-18 12:07:00,565,565,565,565,0
2022-07-18 12:08:00,565,565,565,565,0
2022-07-18 12:09:00,565,565,565,565,0
2022-07-18 12:10:00,565,565,565,565,0
2022-07-18 12:11:00,565,565,565,565,0
2022-07-18 12:12:00,565,565,565,565,0
2022-07-18 12:13:00,565,565,565,565,0
2022-07-18 12:14:00,565,565,565,565,0
2022-07-18 12:15:00,565,565,565,565,0
2022-07-18 12:16:00,565,565,565,565,0
2022-07-18 12:17:00,565,565,565,565,0
2022-07-18 12:18:00,565,565,565,565,0
2022-07-18 12:19:00,565,565,565,565,0
2022-07-18 12:20:00,565,565,565,565,0
2022-07-18 12:21:00,565,565,565,565,0
2022-07-18 12:22:00,565,565,565,565,0
2022-07-18 12:23:00,565,565,565,565,0
2022-07-18 12:24:00,565,565,565,565,0
2022-07-18 12:25:00,565,565,565,565,0
2022-07-18 12:26:00,565,565,565,565,0
2022-07-18 12:27:00,565,565,565,565,0
2022-07-18 12:28:00,565,565,565,565,0
2022-07-18 12:29:00,565,565,565,565,0
2022-07-18 12:30:00,565,565,565,565,0
2022-07-18 12:31:00,565,565,565,565,0
2022-07-18 12:32:00,565,565,565,565,0
2022-07-18 12:33:00,565,565,565,565,0
2022-07-18 12:34:00,565,565,565,565,0
2022-07-18 12:35:00,565,565,565,565,0
2022-07-18 12:36:00,565,565,565,565,0
2022-07-18 12:37:00,565,565,565,565,0
2022-07-18 12:38:00,565,565,565,565,0
2022-07-18 12:39:00,565,565,565,565,0
2022-07-18 12:40:00,565,565,565,565,0
2022-07-18 12:41:00,565,565,565,565,0
2022-07-18 12:42:00,565,565,565,565,0
2022-07-18 12:43:00,565,565,565,565,0
2022-07-18 12:44:00,565,565,565,565,0
2022-07-18 12:45:00,565,565,565,565,0
2022-07-18 12:46:00,565,565,565,565,0
2022-07-18 12:47:00,565,565,565,565,0
2022-07-18 12:48:00,565,565,565,565,0
2022-07-18 12:49:00,565,565,565,565,0
2022-07-18 12:50:00,565,565,565,565,0
2022-07-18 12:51:00,565,565,565,565,0
2022-07-18 12:52:00,565,565,565,565,0
2022-07-18 12:53:00,565,565,565,565,0
2022-07-18 12:54:00,565,565,565,565,0
2022-07-18 12:55:00,565,565,565,565,0
2022-07-18 12:56:00,565,565,565,565,0
2022-07-18 12:57:00,565,565,565,565,0
2022-07-18 12:58:00,565,565,565,565,0
2022-07-18 12:59:00,565,565,565,565,0
2022-07-18 13:00:00,565,565,565,565,0
2022-07-18 13:01:00,565,565,565,565,0
2022-07-18 13:02:00,565,565,565,565,0
2022-07-18 13:03:00,565,565,565,565,0
2022-07-18 13:04:00,565,565,565,565,0
2022-07-18 13:05:00,565,565,565,565,0
2022-07-18 13:06:00,565,565,565,565,0
2022-07-18 13:07:00,565,565,565,565,0
2022-07-18 13:08:00,565,565,565,565,0
2022-07-18 13:09:00,565,565,565,565,0
2022-07-18 13:10:00,565,565,565,565,0
2022-07-18 13:11:00,565,565,565,565,0
2022-07-18 13:12:00,565,565,565,565,0
2022-07-18 13:13:00,565,565,565,565,0
2022-07-18 13:14:00,565,565,565,565,0
2022-07-18 13:15:00,565,565,565,565,0
2022-07-18 13:16:00,565,565,565,565,0
2022-07-18 13:17:00,565,565,565,565,0
2022-07-18 13:18:00,565,565,565,565,0
2022-07-18 13:19:00,565,565,565,565,0
2022-07-18 13:20:00,565,565,565,565,0
2022-07-18 13:21:00,565,565,565,565,0
2022-07-18 13:22:00,565,565,565,565,0
2022-07-18 13:23:00,565,565,565,565,0
2022-07-18 13:24:00,565,565,565,565,0
2022-07-18 13:25:00,565,565,565,565,0
2022-07-18 13:26:00,565,565,565,565,0
2022-07-18 13:27:00,565,565,565,565,0
2022-07-18 13:28:00,565,565,565,565,0
2022-07-18 13:29:00,565,565,565,565,0
2022-07-18 13:30:00,565,565,565,565,2000
2022-07-18 13:31:00,565,565,565,565,0
2022-07-18 13:32:00,565,565,565,565,0
2022-07-18 13:33:00,565,565,565,565,0
2022-07-18 13:34:00,565,565,565,565,0
2022-07-18 13:35:00,565,565,565,565,0
2022-07-18 13:36:00,565,565,565,565,0
2022-07-18 13:37:00,565,565,565,565,0
2022-07-18 13:38:00,565,565,565,565,0
2022-07-18 13:39:00,565,565,565,565,0
2022-07-18 13:40:00,565,565,565,565,0
2022-07-18 13:41:00,560,560,565,565,700
2022-07-18 13:42:00,560,560,560,560,2000
2022-07-18 13:43:00,560,560,560,560,2800
2022-07-18 13:44:00,560,560,565,565,2500
2022-07-18 13:45:00,560,560,565,565,0
2022-07-18 13:46:00,560,560,565,565,0
2022-07-18 13:47:00,560,560,565,565,0
2022-07-18 13:48:00,560,560,565,565,0
2022-07-18 13:49:00,560,560,565,565,0
2022-07-18 13:50:00,560,560,565,565,0
2022-07-18 13:51:00,560,560,565,565,0
2022-07-18 13:52:00,560,560,565,565,0
2022-07-18 13:53:00,565,565,565,565,300
2022-07-18 13:54:00,565,565,565,565,0
2022-07-18 13:55:00,565,565,565,565,0
2022-07-18 13:56:00,565,565,565,565,0
2022-07-18 13:57:00,565,565,565,565,0
2022-07-18 13:58:00,565,565,565,565,0
2022-07-18 13:59:00,565,565,565,565,0
2022-07-18 14:00:00,565,565,565,565,0
2022-07-18 14:01:00,565,565,565,565,0
2022-07-18 14:02:00,565,565,565,565,0
2022-07-18 14:03:00,565,565,565,565,0
2022-07-18 14:04:00,565,565,565,565,0
2022-07-18 14:05:00,565,565,565,565,0
2022-07-18 14:06:00,565,565,565,565,0
2022-07-18 14:07:00,565,565,565,565,0
2022-07-18 14:08:00,565,565,565,565,0
2022-07-18 14:09:00,565,565,565,565,0
2022-07-18 14:10:00,565,565,565,565,0
2022-07-18 14:11:00,565,565,565,565,0
2022-07-18 14:12:00,565,565,565,565,0
2022-07-18 14:13:00,565,565,565,565,0
2022-07-18 14:14:00,565,565,565,565,0
2022-07-18 14:15:00,565,565,565,565,1000
2022-07-18 14:16:00,565,565,565,565,0
2022-07-18 14:17:00,565,565,565,565,0
2022-07-18 14:18:00,565,565,565,565,0
2022-07-18 14:19:00,565,565,565,565,0
2022-07-18 14:20:00,565,565,565,565,0
2022-07-18 14:21:00,565,565,565,565,0
2022-07-18 14:22:00,565,565,565,565,0
2022-07-18 14:23:00,565,565,565,565,0
2022-07-18 14:24:00,565,565,565,565,0
2022-07-18 14:25:00,565,565,565,565,0
2022-07-18 14:26:00,565,565,565,565,0
2022-07-18 14:27:00,565,565,565,565,0
2022-07-18 14:28:00,565,565,565,565,0
2022-07-18 14:29:00,565,565,565,565,0
2022-07-18 14:30:00,565,565,565,565,0
2022-07-18 14:31:00,565,565,565,565,0
2022-07-18 14:32:00,565,565,565,565,0
2022-07-18 14:33:00,565,565,565,565,0
2022-07-18 14:34:00,565,565,565,565,0
2022-07-18 14:35:00,565,565,565,565,0
2022-07-18 14:36:00,565,565,565,565,0
2022-07-18 14:37:00,565,565,565,565,0
2022-07-18 14:38:00,565,565,565,565,0
2022-07-18 14:39:00,565,565,565,565,0
2022-07-18 14:40:00,565,565,565,565,0
2022-07-18 14:41:00,565,565,565,565,0
2022-07-18 14:42:00,565,565,565,565,0
2022-07-18 14:43:00,565,565,565,565,700
2022-07-18 14:44:00,565,565,565,565,0
2022-07-18 14:45:00,565,565,565,565,200
2022-07-18 14:46:00,565,565,565,565,2600
2022-07-18 14:47:00,565,565,565,565,0
2022-07-18 14:48:00,565,560,565,565,1700
2022-07-18 14:49:00,565,565,565,565,1500
2022-07-18 14:50:00,565,565,565,565,0
2022-07-18 14:51:00,565,565,565,565,0
2022-07-18 14:52:00,565,565,565,565,0
2022-07-18 14:53:00,565,565,565,565,0
2022-07-18 14:54:00,565,565,565,565,0
2022-07-18 14:55:00,565,565,565,565,0
2022-07-18 14:56:00,565,565,565,565,0
2022-07-18 14:57:00,565,565,565,565,0
2022-07-18 14:58:00,565,565,565,565,0
2022-07-18 14:59:00,565,565,565,565,0
2022-07-18 15:00:00,565,565,565,565,102500
2022-07-18 15:01:00,565,565,565,565,0
2022-07-18 15:02:00,565,565,565,565,0
2022-07-18 15:03:00,565,565,565,565,700700
2022-07-18 15:04:00,565,565,565,565,0
2022-07-18 15:05:00,565,565,565,565,0
2022-07-18 15:06:00,565,565,565,565,0
2022-07-18 15:07:00,565,565,565,565,0
2022-07-18 15:08:00,565,565,565,565,0
2022-07-18 15:09:00,565,565,565,565,0
2022-07-18 15:10:00,565,565,565,565,0
2022-07-18 15:11:00,565,565,565,565,0
2022-07-18 15:12:00,565,565,565,565,0
2022-07-18 15:13:00,565,565,565,565,0
2022-07-18 15:14:00,565,565,565,565,0
2022-07-18 15:15:00,565,565,565,565,0
2022-07-18 15:16:00,565,565,565,565,0
2022-07-18 15:17:00,565,565,565,565,0
2022-07-18 15:18:00,565,565,565,565,0
2022-07-18 15:19:00,565,565,565,565,0
2022-07-18 15:20:00,565,565,565,565,0
2022-07-18 15:21:00,565,565,565,565,0
2022-07-18 15:22:00,565,565,565,565,0
2022-07-18 15:23:00,565,565,565,565,0
2022-07-18 15:24:00,565,565,565,565,0
2022-07-18 15:25:00,565,565,565,565,0
2022-07-18 15:26:00,565,565,565,565,0
2022-07-18 15:27:00,565,565,565,565,0
2022-07-18 15:28:00,565,565,565,565,0
2022-07-18 15:29:00,565,565,565,565,0
2022-07-18 15:30:00,565,565,565,565,0
2022-07-18 15:31:00,565,565,565,565,0
2022-07-18 15:32:00,565,565,565,565,0
2022-07-18 15:33:00,565,565,565,565,0
2022-07-18 15:34:00,565,565,565,565,0
2022-07-18 15:35:00,565,565,565,565,0
2022-07-18 15:36:00,565,565,565,565,0
2022-07-18 15:37:00,565,565,565,565,0
2022-07-18 15:38:00,565,565,565,565,0
2022-07-18 15:39:00,565,565,565,565,0
2022-07-18 15:40:00,565,565,565,565,0
2022-07-18 15:41:00,565,565,565,565,0
2022-07-18 15:42:00,565,565,565,565,0
2022-07-18 15:43:00,565,565,565,565,0
2022-07-18 15:44:00,565,565,565,565,0
2022-07-18 15:45:00,565,565,565,565,0
2022-07-18 15:46:00,565,565,565,565,0
2022-07-18 15:47:00,565,565,565,565,0
2022-07-18 15:48:00,565,565,565,565,0
2022-07-18 15:49:00,565,565,565,565,0
2022-07-18 15:50:00,565,565,565,565,0
2022-07-18 15:51:00,565,565,565,565,0
2022-07-18 15:52:00,565,565,565,565,0
2022-07-18 15:53:00,565,565,565,565,0
2022-07-18 15:54:00,565,565,565,565,0
2022-07-18 15:55:00,565,565,565,565,0
2022-07-18 15:56:00,565,565,565,565,0
2022-07-18 15:57:00,565,565,565,565,0
2022-07-18 15:58:00,565,565,565,565,0
2022-07-18 15:59:00,565,565,565,565,0
2022-07-19 09:00:00,565,565,575,565,0
2022-07-19 09:01:00,565,565,565,565,800
2022-07-19 09:02:00,565,565,565,565,3900
2022-07-19 09:03:00,565,565,565,565,0
2022-07-19 09:04:00,565,565,570,570,8200
2022-07-19 09:05:00,565,565,570,570,0
2022-07-19 09:06:00,570,570,570,570,800
2022-07-19 09:07:00,570,570,570,570,0
2022-07-19 09:08:00,570,570,570,570,0
2022-07-19 09:09:00,570,570,570,570,0
2022-07-19 09:10:00,570,570,570,570,0
2022-07-19 09:11:00,570,570,570,570,0
2022-07-19 09:12:00,565,565,565,565,6000
2022-07-19 09:13:00,570,570,570,570,0
2022-07-19 09:14:00,570,570,570,570,0
2022-07-19 09:15:00,570,570,570,570,0
2022-07-19 09:16:00,570,570,570,570,0
2022-07-19 09:17:00,570,570,570,570,0
2022-07-19 09:18:00,570,570,570,570,0
2022-07-19 09:19:00,570,570,570,570,0
2022-07-19 09:20:00,570,570,570,570,0
2022-07-19 09:21:00,570,570,570,570,200
2022-07-19 09:22:00,570,570,570,570,0
2022-07-19 09:23:00,570,570,570,570,0
2022-07-19 09:24:00,570,570,570,570,0
2022-07-19 09:25:00,570,570,570,570,0
2022-07-19 09:26:00,570,570,570,570,1000
2022-07-19 09:27:00,570,570,570,570,0
2022-07-19 09:28:00,570,570,570,570,0
2022-07-19 09:29:00,570,570,570,570,0
2022-07-19 09:30:00,570,570,570,570,0
2022-07-19 09:31:00,570,570,570,570,0
2022-07-19 09:32:00,570,570,570,570,0
2022-07-19 09:33:00,570,570,570,570,0
2022-07-19 09:34:00,570,570,570,570,0
2022-07-19 09:35:00,570,570,570,570,3600
2022-07-19 09:36:00,570,570,570,570,0
2022-07-19 09:37:00,570,570,570,570,0
2022-07-19 09:38:00,570,570,570,570,0
2022-07-19 09:39:00,570,570,570,570,0
2022-07-19 09:40:00,570,570,570,570,0
2022-07-19 09:41:00,570,570,570,570,600
2022-07-19 09:42:00,570,570,570,570,0
2022-07-19 09:43:00,570,570,570,570,700
2022-07-19 09:44:00,570,570,570,570,0
2022-07-19 09:45:00,570,570,570,570,0
2022-07-19 09:46:00,570,570,570,570,0
2022-07-19 09:47:00,570,570,570,570,0
2022-07-19 09:48:00,570,570,570,570,300
2022-07-19 09:49:00,570,570,570,570,0
2022-07-19 09:50:00,570,570,570,570,0
2022-07-19 09:51:00,570,570,570,570,0
2022-07-19 09:52:00,570,570,570,570,0
2022-07-19 09:53:00,570,570,570,570,0
2022-07-19 09:54:00,570,570,570,570,0
2022-07-19 09:55:00,570,570,570,570,0
2022-07-19 09:56:00,570,570,570,570,0
2022-07-19 09:57:00,570,570,570,570,1400
2022-07-19 09:58:00,570,570,570,570,0
2022-07-19 09:59:00,570,570,570,570,0
2022-07-19 10:00:00,570,570,570,570,0
2022-07-19 10:01:00,570,570,570,570,0
2022-07-19 10:02:00,570,570,570,570,0
2022-07-19 10:03:00,570,570,570,570,300
2022-07-19 10:04:00,570,570,570,570,500
2022-07-19 10:05:00,570,570,570,570,0
2022-07-19 10:06:00,565,565,565,565,2100
2022-07-19 10:07:00,565,565,565,565,0
2022-07-19 10:08:00,565,565,565,565,3500
2022-07-19 10:09:00,565,565,565,565,0
2022-07-19 10:10:00,565,565,565,565,10500
2022-07-19 10:11:00,565,565,570,570,2100
2022-07-19 10:12:00,570,570,570,570,100
2022-07-19 10:13:00,570,570,570,570,0
2022-07-19 10:14:00,570,570,570,570,0
2022-07-19 10:15:00,570,570,570,570,0
2022-07-19 10:16:00,570,570,570,570,0
2022-07-19 10:17:00,570,570,570,570,0
2022-07-19 10:18:00,570,570,570,570,0
2022-07-19 10:19:00,570,570,570,570,0
2022-07-19 10:20:00,570,570,570,570,0
2022-07-19 10:21:00,570,570,570,570,0
2022-07-19 10:22:00,570,570,570,570,0
2022-07-19 10:23:00,570,570,570,570,0
2022-07-19 10:24:00,570,570,570,570,0
2022-07-19 10:25:00,570,570,570,570,0
2022-07-19 10:26:00,570,570,570,570,0
2022-07-19 10:27:00,570,570,570,570,0
2022-07-19 10:28:00,570,570,570,570,0
2022-07-19 10:29:00,570,570,570,570,0
2022-07-19 10:30:00,570,570,570,570,0
2022-07-19 10:31:00,570,570,570,570,0
2022-07-19 10:32:00,570,570,570,570,0
2022-07-19 10:33:00,570,570,570,570,0
2022-07-19 10:34:00,570,570,570,570,0
2022-07-19 10:35:00,570,570,570,570,0
2022-07-19 10:36:00,570,570,570,570,0
2022-07-19 10:37:00,570,570,570,570,0
2022-07-19 10:38:00,570,570,570,570,0
2022-07-19 10:39:00,570,570,570,570,0
2022-07-19 10:40:00,570,570,570,570,0
2022-07-19 10:41:00,570,570,570,570,600
2022-07-19 10:42:00,570,570,570,570,0
2022-07-19 10:43:00,570,570,570,570,0
2022-07-19 10:44:00,570,570,570,570,0
2022-07-19 10:45:00,570,570,570,570,0
2022-07-19 10:46:00,570,570,570,570,0
2022-07-19 10:47:00,570,570,570,570,0
2022-07-19 10:48:00,570,570,570,570,0
2022-07-19 10:49:00,570,570,570,570,0
2022-07-19 10:50:00,570,570,570,570,0
2022-07-19 10:51:00,570,570,570,570,0
2022-07-19 10:52:00,570,570,570,570,0
2022-07-19 10:53:00,570,570,570,570,800
2022-07-19 10:54:00,570,570,570,570,0
2022-07-19 10:55:00,570,570,570,570,0
2022-07-19 10:56:00,570,570,570,570,0
2022-07-19 10:57:00,570,570,570,570,0
2022-07-19 10:58:00,570,570,570,570,0
2022-07-19 10:59:00,570,570,570,570,0
2022-07-19 11:00:00,570,570,570,570,0
2022-07-19 11:01:00,570,570,570,570,0
2022-07-19 11:02:00,570,570,570,570,0
2022-07-19 11:03:00,570,570,570,570,0
2022-07-19 11:04:00,570,565,570,565,3000
2022-07-19 11:05:00,570,570,570,570,400
2022-07-19 11:06:00,570,570,570,570,0
2022-07-19 11:07:00,570,570,570,570,0
2022-07-19 11:08:00,570,570,570,570,0
2022-07-19 11:09:00,570,570,570,570,0
2022-07-19 11:10:00,570,570,570,570,0
2022-07-19 11:11:00,570,570,570,570,0
2022-07-19 11:12:00,570,570,570,570,0
2022-07-19 11:13:00,570,570,570,570,0
2022-07-19 11:14:00,570,570,570,570,0
2022-07-19 11:15:00,570,570,570,570,0
2022-07-19 11:16:00,570,570,570,570,0
2022-07-19 11:17:00,570,570,570,570,0
2022-07-19 11:18:00,570,570,570,570,0
2022-07-19 11:19:00,570,570,570,570,0
2022-07-19 11:20:00,570,570,570,570,0
2022-07-19 11:21:00,570,570,570,570,0
2022-07-19 11:22:00,570,570,570,570,0
2022-07-19 11:23:00,570,570,570,570,0
2022-07-19 11:24:00,570,570,570,570,0
2022-07-19 11:25:00,570,570,570,570,0
2022-07-19 11:26:00,570,570,570,570,0
2022-07-19 11:27:00,570,570,570,570,0
2022-07-19 11:28:00,570,570,570,570,600
2022-07-19 11:29:00,570,570,570,570,100
2022-07-19 11:30:00,570,570,570,570,0
2022-07-19 11:31:00,570,570,570,570,0
2022-07-19 11:32:00,570,570,570,570,0
2022-07-19 11:33:00,570,570,570,570,0
2022-07-19 11:34:00,570,570,570,570,0
2022-07-19 11:35:00,570,570,570,570,0
2022-07-19 11:36:00,570,570,570,570,0
2022-07-19 11:37:00,570,570,570,570,0
2022-07-19 11:38:00,570,570,570,570,0
2022-07-19 11:39:00,570,570,570,570,0
2022-07-19 11:40:00,570,570,570,570,0
2022-07-19 11:41:00,570,570,570,570,0
2022-07-19 11:42:00,570,570,570,570,0
2022-07-19 11:43:00,570,570,570,570,0
2022-07-19 11:44:00,570,570,570,570,0
2022-07-19 11:45:00,570,570,570,570,0
2022-07-19 11:46:00,570,570,570,570,0
2022-07-19 11:47:00,570,570,570,570,0
2022-07-19 11:48:00,570,570,570,570,0
2022-07-19 11:49:00,570,570,570,570,0
2022-07-19 11:50:00,570,570,570,570,0
2022-07-19 11:51:00,570,570,570,570,0
2022-07-19 11:52:00,570,570,570,570,0
2022-07-19 11:53:00,570,570,570,570,0
2022-07-19 11:54:00,570,570,570,570,0
2022-07-19 11:55:00,570,570,570,570,0
2022-07-19 11:56:00,570,570,570,570,0
2022-07-19 11:57:00,570,570,570,570,0
2022-07-19 11:58:00,570,570,570,570,0
2022-07-19 11:59:00,570,570,570,570,0
2022-07-19 12:00:00,570,570,570,570,0
2022-07-19 12:01:00,570,570,570,570,0
2022-07-19 12:02:00,570,570,570,570,0
2022-07-19 12:03:00,570,570,570,570,0
2022-07-19 12:04:00,570,570,570,570,0
2022-07-19 12:05:00,570,570,570,570,0
2022-07-19 12:06:00,570,570,570,570,0
2022-07-19 12:07:00,570,570,570,570,0
2022-07-19 12:08:00,570,570,570,570,0
2022-07-19 12:09:00,570,570,570,570,0
2022-07-19 12:10:00,570,570,570,570,0
2022-07-19 12:11:00,570,570,570,570,0
2022-07-19 12:12:00,570,570,570,570,0
2022-07-19 12:13:00,570,570,570,570,0
2022-07-19 12:14:00,570,570,570,570,0
2022-07-19 12:15:00,570,570,570,570,0
2022-07-19 12:16:00,570,570,570,570,0
2022-07-19 12:17:00,570,570,570,570,0
2022-07-19 12:18:00,570,570,570,570,0
2022-07-19 12:19:00,570,570,570,570,0
2022-07-19 12:20:00,570,570,570,570,0
2022-07-19 12:21:00,570,570,570,570,0
2022-07-19 12:22:00,570,570,570,570,0
2022-07-19 12:23:00,570,570,570,570,0
2022-07-19 12:24:00,570,570,570,570,0
2022-07-19 12:25:00,570,570,570,570,0
2022-07-19 12:26:00,570,570,570,570,0
2022-07-19 12:27:00,570,570,570,570,0
2022-07-19 12:28:00,570,570,570,570,0
2022-07-19 12:29:00,570,570,570,570,0
2022-07-19 12:30:00,570,570,570,570,0
2022-07-19 12:31:00,570,570,570,570,0
2022-07-19 12:32:00,570,570,570,570,0
2022-07-19 12:33:00,570,570,570,570,0
2022-07-19 12:34:00,570,570,570,570,0
2022-07-19 12:35:00,570,570,570,570,0
2022-07-19 12:36:00,570,570,570,570,0
2022-07-19 12:37:00,570,570,570,570,0
2022-07-19 12:38:00,570,570,570,570,0
2022-07-19 12:39:00,570,570,570,570,0
2022-07-19 12:40:00,570,570,570,570,0
2022-07-19 12:41:00,570,570,570,570,0
2022-07-19 12:42:00,570,570,570,570,0
2022-07-19 12:43:00,570,570,570,570,0
2022-07-19 12:44:00,570,570,570,570,0
2022-07-19 12:45:00,570,570,570,570,0
2022-07-19 12:46:00,570,570,570,570,0
2022-07-19 12:47:00,570,570,570,570,0
2022-07-19 12:48:00,570,570,570,570,0
2022-07-19 12:49:00,570,570,570,570,0
2022-07-19 12:50:00,570,570,570,570,0
2022-07-19 12:51:00,570,570,570,570,0
2022-07-19 12:52:00,570,570,570,570,0
2022-07-19 12:53:00,570,570,570,570,0
2022-07-19 12:54:00,570,570,570,570,0
2022-07-19 12:55:00,570,570,570,570,0
2022-07-19 12:56:00,570,570,570,570,0
2022-07-19 12:57:00,570,570,570,570,0
2022-07-19 12:58:00,570,570,570,570,0
2022-07-19 12:59:00,570,570,570,570,0
2022-07-19 13:00:00,570,570,570,570,0
2022-07-19 13:01:00,570,570,570,570,0
2022-07-19 13:02:00,570,570,570,570,0
2022-07-19 13:03:00,570,570,570,570,0
2022-07-19 13:04:00,570,570,570,570,0
2022-07-19 13:05:00,570,570,570,570,0
2022-07-19 13:06:00,570,570,570,570,0
2022-07-19 13:07:00,570,570,570,570,0
2022-07-19 13:08:00,570,570,570,570,0
2022-07-19 13:09:00,570,570,570,570,0
2022-07-19 13:10:00,570,570,570,570,0
2022-07-19 13:11:00,570,570,570,570,0
2022-07-19 13:12:00,570,570,570,570,0
2022-07-19 13:13:00,570,570,570,570,0
2022-07-19 13:14:00,570,570,570,570,0
2022-07-19 13:15:00,570,570,570,570,0
2022-07-19 13:16:00,570,570,570,570,0
2022-07-19 13:17:00,570,570,570,570,0
2022-07-19 13:18:00,570,570,570,570,0
2022-07-19 13:19:00,570,570,570,570,0
2022-07-19 13:20:00,570,570,570,570,0
2022-07-19 13:21:00,570,570,570,570,0
2022-07-19 13:22:00,570,570,570,570,0
2022-07-19 13:23:00,570,570,570,570,0
2022-07-19 13:24:00,570,570,570,570,0
2022-07-19 13:25:00,570,570,570,570,0
2022-07-19 13:26:00,570,570,570,570,0
2022-07-19 13:27:00,570,570,570,570,0
2022-07-19 13:28:00,570,570,570,570,0
2022-07-19 13:29:00,570,570,570,570,0
2022-07-19 13:30:00,570,570,570,570,800
2022-07-19 13:31:00,570,570,570,570,0
2022-07-19 13:32:00,570,570,570,570,0
2022-07-19 13:33:00,570,570,570,570,0
2022-07-19 13:34:00,570,570,570,570,0
2022-07-19 13:35:00,570,570,570,570,0
2022-07-19 13:36:00,570,570,570,570,300
2022-07-19 13:37:00,570,570,570,570,0
2022-07-19 13:38:00,570,570,570,570,0
2022-07-19 13:39:00,570,570,570,570,0
2022-07-19 13:40:00,570,570,570,570,0
2022-07-19 13:41:00,570,570,570,570,0
2022-07-19 13:42:00,570,570,570,570,0
2022-07-19 13:43:00,570,570,570,570,0
2022-07-19 13:44:00,570,570,570,570,0
2022-07-19 13:45:00,570,570,570,570,0
2022-07-19 13:46:00,570,570,570,570,0
2022-07-19 13:47:00,570,570,570,570,0
2022-07-19 13:48:00,570,570,570,570,0
2022-07-19 13:49:00,570,570,570,570,0
2022-07-19 13:50:00,570,570,570,570,0
2022-07-19 13:51:00,570,570,570,570,0
2022-07-19 13:52:00,570,570,570,570,0
2022-07-19 13:53:00,570,570,570,570,0
2022-07-19 13:54:00,570,570,570,570,0
2022-07-19 13:55:00,570,570,570,570,0
2022-07-19 13:56:00,570,570,570,570,300
2022-07-19 13:57:00,570,570,570,570,2300
2022-07-19 13:58:00,570,570,570,570,0
2022-07-19 13:59:00,570,570,570,570,0
2022-07-19 14:00:00,570,570,570,570,0
2022-07-19 14:01:00,570,570,570,570,0
2022-07-19 14:02:00,570,570,570,570,0
2022-07-19 14:03:00,570,570,570,570,0
2022-07-19 14:04:00,570,570,570,570,0
2022-07-19 14:05:00,570,570,570,570,0
2022-07-19 14:06:00,570,570,570,570,0
2022-07-19 14:07:00,570,570,570,570,0
2022-07-19 14:08:00,570,570,570,570,0
2022-07-19 14:09:00,570,570,570,570,0
2022-07-19 14:10:00,570,570,570,570,0
2022-07-19 14:11:00,570,570,570,570,0
2022-07-19 14:12:00,570,570,570,570,0
2022-07-19 14:13:00,570,570,570,570,0
2022-07-19 14:14:00,570,570,570,570,0
2022-07-19 14:15:00,570,570,570,570,0
2022-07-19 14:16:00,570,570,570,570,0
2022-07-19 14:17:00,570,570,570,570,0
2022-07-19 14:18:00,570,570,570,570,0
2022-07-19 14:19:00,570,570,570,570,0
2022-07-19 14:20:00,570,570,570,570,0
2022-07-19 14:21:00,570,570,570,570,0
2022-07-19 14:22:00,570,570,570,570,0
2022-07-19 14:23:00,570,570,570,570,0
2022-07-19 14:24:00,570,570,570,570,0
2022-07-19 14:25:00,570,570,570,570,0
2022-07-19 14:26:00,570,570,570,570,600
2022-07-19 14:27:00,570,570,570,570,0
2022-07-19 14:28:00,570,570,570,570,0
2022-07-19 14:29:00,570,570,570,570,0
2022-07-19 14:30:00,570,570,570,570,0
2022-07-19 14:31:00,570,570,570,570,0
2022-07-19 14:32:00,570,570,570,570,0
2022-07-19 14:33:00,570,570,570,570,0
2022-07-19 14:34:00,570,570,570,570,300
2022-07-19 14:35:00,570,570,570,570,300
2022-07-19 14:36:00,565,565,565,565,0
2022-07-19 14:37:00,570,570,570,570,200
2022-07-19 14:38:00,570,570,570,570,0
2022-07-19 14:39:00,570,570,570,570,10000
2022-07-19 14:40:00,570,570,570,570,0
2022-07-19 14:41:00,570,570,570,570,0
2022-07-19 14:42:00,570,570,570,570,0
2022-07-19 14:43:00,570,570,570,570,0
2022-07-19 14:44:00,570,570,570,570,400
2022-07-19 14:45:00,570,570,570,570,300
2022-07-19 14:46:00,570,570,570,570,0
2022-07-19 14:47:00,570,570,570,570,300
2022-07-19 14:48:00,570,570,570,570,400
2022-07-19 14:49:00,570,570,570,570,900
2022-07-19 14:50:00,570,570,570,570,0
2022-07-19 14:51:00,570,570,570,570,0
2022-07-19 14:52:00,570,570,570,570,0
2022-07-19 14:53:00,570,570,570,570,0
2022-07-19 14:54:00,570,570,570,570,0
2022-07-19 14:55:00,570,570,570,570,0
2022-07-19 14:56:00,570,570,570,570,0
2022-07-19 14:57:00,570,570,570,570,0
2022-07-19 14:58:00,570,570,570,570,0
2022-07-19 14:59:00,570,570,570,570,0
2022-07-19 15:00:00,570,570,570,570,65200
2022-07-19 15:01:00,570,570,570,570,0
2022-07-19 15:02:00,570,570,570,570,0
2022-07-19 15:03:00,570,570,570,570,0
2022-07-19 15:04:00,570,570,570,570,0
2022-07-19 15:05:00,570,570,570,570,0
2022-07-19 15:06:00,570,570,570,570,0
2022-07-19 15:07:00,570,570,570,570,2300
2022-07-19 15:08:00,570,570,570,570,0
2022-07-19 15:09:00,570,570,570,570,0
2022-07-19 15:10:00,570,570,570,570,255400
2022-07-19 15:11:00,570,570,570,570,0
2022-07-19 15:12:00,570,570,570,570,0
2022-07-19 15:13:00,570,570,570,570,0
2022-07-19 15:14:00,570,570,570,570,0
2022-07-19 15:15:00,570,570,570,570,0
2022-07-19 15:16:00,570,570,570,570,0
2022-07-19 15:17:00,570,570,570,570,0
2022-07-19 15:18:00,570,570,570,570,0
2022-07-19 15:19:00,570,570,570,570,0
2022-07-19 15:20:00,570,570,570,570,0
2022-07-19 15:21:00,570,570,570,570,0
2022-07-19 15:22:00,570,570,570,570,0
2022-07-19 15:23:00,570,570,570,570,0
2022-07-19 15:24:00,570,570,570,570,0
2022-07-19 15:25:00,570,570,570,570,0
2022-07-19 15:26:00,570,570,570,570,0
2022-07-19 15:27:00,570,570,570,570,0
2022-07-19 15:28:00,570,570,570,570,0
2022-07-19 15:29:00,570,570,570,570,0
2022-07-19 15:30:00,570,570,570,570,0
2022-07-19 15:31:00,570,570,570,570,0
2022-07-19 15:32:00,570,570,570,570,0
2022-07-19 15:33:00,570,570,570,570,0
2022-07-19 15:34:00,570,570,570,570,0
2022-07-19 15:35:00,570,570,570,570,0
2022-07-19 15:36:00,570,570,570,570,0
2022-07-19 15:37:00,570,570,570,570,0
2022-07-19 15:38:00,570,570,570,570,0
2022-07-19 15:39:00,570,570,570,570,0
2022-07-19 15:40:00,570,570,570,570,0
2022-07-19 15:41:00,570,570,570,570,0
2022-07-19 15:42:00,570,570,570,570,0
2022-07-19 15:43:00,570,570,570,570,0
2022-07-19 15:44:00,570,570,570,570,0
2022-07-19 15:45:00,570,570,570,570,0
2022-07-19 15:46:00,570,570,570,570,0
2022-07-19 15:47:00,570,570,570,570,0
2022-07-19 15:48:00,570,570,570,570,0
2022-07-19 15:49:00,570,570,570,570,0
2022-07-19 15:50:00,570,570,570,570,0
2022-07-19 15:51:00,570,570,570,570,0
2022-07-19 15:52:00,570,570,570,570,0
2022-07-19 15:53:00,570,570,570,570,0
2022-07-19 15:54:00,570,570,570,570,0
2022-07-19 15:55:00,570,570,570,570,0
2022-07-19 15:56:00,570,570,570,570,0
2022-07-19 15:57:00,570,570,570,570,0
2022-07-19 15:58:00,570,570,570,570,0
2022-07-19 15:59:00,570,570,570,570,0
2022-07-20 09:00:00,570,570,575,570,0
2022-07-20 09:01:00,570,570,575,570,0
2022-07-20 09:02:00,570,570,570,570,600
2022-07-20 09:03:00,570,570,570,570,0
2022-07-20 09:04:00,570,570,570,570,0
2022-07-20 09:05:00,570,570,570,570,0
2022-07-20 09:06:00,570,570,570,570,0
2022-07-20 09:07:00,570,570,570,570,0
2022-07-20 09:08:00,570,570,570,570,0
2022-07-20 09:09:00,570,570,570,570,0
2022-07-20 09:10:00,570,570,570,570,0
2022-07-20 09:11:00,570,570,570,570,0
2022-07-20 09:12:00,570,570,570,570,0
2022-07-20 09:13:00,570,570,570,570,0
2022-07-20 09:14:00,570,570,570,570,0
2022-07-20 09:15:00,570,570,570,570,3400
2022-07-20 09:16:00,570,570,570,570,0
2022-07-20 09:17:00,570,570,570,570,8300
2022-07-20 09:18:00,570,570,570,570,0
2022-07-20 09:19:00,570,570,570,570,0
2022-07-20 09:20:00,570,570,570,570,0
2022-07-20 09:21:00,570,570,570,570,0
2022-07-20 09:22:00,570,570,570,570,0
2022-07-20 09:23:00,570,570,570,570,2000
2022-07-20 09:24:00,570,570,570,570,0
2022-07-20 09:25:00,570,570,570,570,0
2022-07-20 09:26:00,570,570,570,570,0
2022-07-20 09:27:00,570,570,570,570,0
2022-07-20 09:28:00,570,570,570,570,0
2022-07-20 09:29:00,570,570,570,570,0
2022-07-20 09:30:00,570,570,570,570,0
2022-07-20 09:31:00,570,570,570,570,0
2022-07-20 09:32:00,565,565,570,570,0
2022-07-20 09:33:00,565,565,570,570,0
2022-07-20 09:34:00,565,565,570,570,0
2022-07-20 09:35:00,565,565,570,570,0
2022-07-20 09:36:00,565,565,570,570,0
2022-07-20 09:37:00,565,565,570,570,0
2022-07-20 09:38:00,565,565,570,570,0
2022-07-20 09:39:00,565,565,570,570,0
2022-07-20 09:40:00,565,565,570,570,0
2022-07-20 09:41:00,565,565,570,570,0
2022-07-20 09:42:00,565,565,570,570,0
2022-07-20 09:43:00,565,565,570,570,0
2022-07-20 09:44:00,565,565,570,570,0
2022-07-20 09:45:00,565,565,570,570,0
2022-07-20 09:46:00,565,565,565,565,200
2022-07-20 09:47:00,570,570,570,570,200
2022-07-20 09:48:00,570,570,570,570,0
2022-07-20 09:49:00,570,570,570,570,0
2022-07-20 09:50:00,570,570,570,570,0
2022-07-20 09:51:00,570,570,570,570,0
2022-07-20 09:52:00,570,570,570,570,0
2022-07-20 09:53:00,570,570,570,570,0
2022-07-20 09:54:00,570,570,570,570,0
2022-07-20 09:55:00,570,570,570,570,0
2022-07-20 09:56:00,570,570,570,570,0
2022-07-20 09:57:00,570,570,570,570,0
2022-07-20 09:58:00,570,570,570,570,0
2022-07-20 09:59:00,570,570,570,570,0
2022-07-20 10:00:00,570,570,570,570,0
2022-07-20 10:01:00,570,570,570,570,0
2022-07-20 10:02:00,570,570,570,570,0
2022-07-20 10:03:00,565,565,570,570,1000
2022-07-20 10:04:00,570,570,570,570,0
2022-07-20 10:05:00,565,565,565,565,7700
2022-07-20 10:06:00,565,565,565,565,0
2022-07-20 10:07:00,565,565,565,565,0
2022-07-20 10:08:00,565,565,565,565,0
2022-07-20 10:09:00,565,565,565,565,0
2022-07-20 10:10:00,565,565,565,565,0
2022-07-20 10:11:00,565,565,565,565,0
2022-07-20 10:12:00,565,565,565,565,0
2022-07-20 10:13:00,565,565,565,565,3100
2022-07-20 10:14:00,565,565,565,565,0
2022-07-20 10:15:00,565,565,570,570,400
2022-07-20 10:16:00,565,565,570,570,0
2022-07-20 10:17:00,565,565,570,570,0
2022-07-20 10:18:00,565,565,570,570,0
2022-07-20 10:19:00,565,565,570,570,0
2022-07-20 10:20:00,565,565,570,570,0
2022-07-20 10:21:00,565,565,570,570,0
2022-07-20 10:22:00,565,565,570,570,0
2022-07-20 10:23:00,565,565,570,570,0
2022-07-20 10:24:00,565,565,570,570,0
2022-07-20 10:25:00,565,565,570,570,0
2022-07-20 10:26:00,565,565,570,570,0
2022-07-20 10:27:00,565,565,570,570,0
2022-07-20 10:28:00,565,565,570,570,0
2022-07-20 10:29:00,565,565,570,570,0
2022-07-20 10:30:00,565,565,570,570,0
2022-07-20 10:31:00,565,565,570,570,0
2022-07-20 10:32:00,565,565,570,570,0
2022-07-20 10:33:00,565,565,570,570,0
2022-07-20 10:34:00,565,565,570,570,0
2022-07-20 10:35:00,565,565,570,570,0
2022-07-20 10:36:00,565,565,570,570,0
2022-07-20 10:37:00,565,565,570,570,0
2022-07-20 10:38:00,565,565,570,570,0
2022-07-20 10:39:00,565,565,570,570,0
2022-07-20 10:40:00,565,565,570,570,0
2022-07-20 10:41:00,570,570,570,570,1400
2022-07-20 10:42:00,570,570,570,570,0
2022-07-20 10:43:00,570,570,570,570,0
2022-07-20 10:44:00,570,570,570,570,0
2022-07-20 10:45:00,570,570,570,570,0
2022-07-20 10:46:00,570,570,570,570,0
2022-07-20 10:47:00,570,570,570,570,0
2022-07-20 10:48:00,570,570,570,570,0
2022-07-20 10:49:00,570,570,570,570,0
2022-07-20 10:50:00,570,570,570,570,0
2022-07-20 10:51:00,570,570,570,570,0
2022-07-20 10:52:00,570,570,570,570,0
2022-07-20 10:53:00,570,570,570,570,0
2022-07-20 10:54:00,570,570,570,570,0
2022-07-20 10:55:00,570,570,570,570,0
2022-07-20 10:56:00,570,570,570,570,0
2022-07-20 10:57:00,570,570,570,570,0
2022-07-20 10:58:00,570,570,570,570,0
2022-07-20 10:59:00,570,570,570,570,0
2022-07-20 11:00:00,570,570,570,570,0
2022-07-20 11:01:00,570,570,570,570,0
2022-07-20 11:02:00,565,565,570,570,300
2022-07-20 11:03:00,565,565,570,570,0
2022-07-20 11:04:00,565,565,570,570,0
2022-07-20 11:05:00,565,565,570,570,0
2022-07-20 11:06:00,565,565,570,570,0
2022-07-20 11:07:00,565,565,570,570,0
2022-07-20 11:08:00,565,565,570,570,0
2022-07-20 11:09:00,565,565,565,565,600
2022-07-20 11:10:00,560,560,570,570,1700
2022-07-20 11:11:00,560,560,570,570,0
2022-07-20 11:12:00,560,560,570,570,0
2022-07-20 11:13:00,560,560,570,570,0
2022-07-20 11:14:00,560,560,570,570,0
2022-07-20 11:15:00,560,560,570,570,0
2022-07-20 11:16:00,560,560,570,570,0
2022-07-20 11:17:00,560,560,570,570,0
2022-07-20 11:18:00,560,560,570,570,0
2022-07-20 11:19:00,560,560,570,570,0
2022-07-20 11:20:00,560,560,570,570,0
2022-07-20 11:21:00,560,560,570,570,0
2022-07-20 11:22:00,560,560,570,570,0
2022-07-20 11:23:00,560,560,570,570,0
2022-07-20 11:24:00,560,560,570,570,0
2022-07-20 11:25:00,560,560,570,570,0
2022-07-20 11:26:00,560,560,570,570,0
2022-07-20 11:27:00,560,560,570,570,0
2022-07-20 11:28:00,560,560,570,570,0
2022-07-20 11:29:00,570,570,570,570,300
2022-07-20 11:30:00,570,570,570,570,0
2022-07-20 11:31:00,570,570,570,570,0
2022-07-20 11:32:00,570,570,570,570,0
2022-07-20 11:33:00,570,570,570,570,0
2022-07-20 11:34:00,570,570,570,570,0
2022-07-20 11:35:00,570,570,570,570,0
2022-07-20 11:36:00,570,570,570,570,0
2022-07-20 11:37:00,570,570,570,570,0
2022-07-20 11:38:00,570,570,570,570,0
2022-07-20 11:39:00,570,570,570,570,0
2022-07-20 11:40:00,570,570,570,570,0
2022-07-20 11:41:00,570,570,570,570,0
2022-07-20 11:42:00,570,570,570,570,0
2022-07-20 11:43:00,570,570,570,570,0
2022-07-20 11:44:00,570,570,570,570,0
2022-07-20 11:45:00,570,570,570,570,0
2022-07-20 11:46:00,570,570,570,570,0
2022-07-20 11:47:00,570,570,570,570,0
2022-07-20 11:48:00,570,570,570,570,0
2022-07-20 11:49:00,570,570,570,570,0
2022-07-20 11:50:00,570,570,570,570,0
2022-07-20 11:51:00,570,570,570,570,0
2022-07-20 11:52:00,570,570,570,570,0
2022-07-20 11:53:00,570,570,570,570,0
2022-07-20 11:54:00,570,570,570,570,0
2022-07-20 11:55:00,570,570,570,570,0
2022-07-20 11:56:00,570,570,570,570,0
2022-07-20 11:57:00,570,570,570,570,0
2022-07-20 11:58:00,570,570,570,570,0
2022-07-20 11:59:00,570,570,570,570,0
2022-07-20 12:00:00,570,570,570,570,0
2022-07-20 12:01:00,570,570,570,570,0
2022-07-20 12:02:00,570,570,570,570,0
2022-07-20 12:03:00,570,570,570,570,0
2022-07-20 12:04:00,570,570,570,570,0
2022-07-20 12:05:00,570,570,570,570,0
2022-07-20 12:06:00,570,570,570,570,0
2022-07-20 12:07:00,570,570,570,570,0
2022-07-20 12:08:00,570,570,570,570,0
2022-07-20 12:09:00,570,570,570,570,0
2022-07-20 12:10:00,570,570,570,570,0
2022-07-20 12:11:00,570,570,570,570,0
2022-07-20 12:12:00,570,570,570,570,0
2022-07-20 12:13:00,570,570,570,570,0
2022-07-20 12:14:00,570,570,570,570,0
2022-07-20 12:15:00,570,570,570,570,0
2022-07-20 12:16:00,570,570,570,570,0
2022-07-20 12:17:00,570,570,570,570,0
2022-07-20 12:18:00,570,570,570,570,0
2022-07-20 12:19:00,570,570,570,570,0
2022-07-20 12:20:00,570,570,570,570,0
2022-07-20 12:21:00,570,570,570,570,0
2022-07-20 12:22:00,570,570,570,570,0
2022-07-20 12:23:00,570,570,570,570,0
2022-07-20 12:24:00,570,570,570,570,0
2022-07-20 12:25:00,570,570,570,570,0
2022-07-20 12:26:00,570,570,570,570,0
2022-07-20 12:27:00,570,570,570,570,0
2022-07-20 12:28:00,570,570,570,570,0
2022-07-20 12:29:00,570,570,570,570,0
2022-07-20 12:30:00,570,570,570,570,0
2022-07-20 12:31:00,570,570,570,570,0
2022-07-20 12:32:00,570,570,570,570,0
2022-07-20 12:33:00,570,570,570,570,0
2022-07-20 12:34:00,570,570,570,570,0
2022-07-20 12:35:00,570,570,570,570,0
2022-07-20 12:36:00,570,570,570,570,0
2022-07-20 12:37:00,570,570,570,570,0
2022-07-20 12:38:00,570,570,570,570,0
2022-07-20 12:39:00,570,570,570,570,0
2022-07-20 12:40:00,570,570,570,570,0
2022-07-20 12:41:00,570,570,570,570,0
2022-07-20 12:42:00,570,570,570,570,0
2022-07-20 12:43:00,570,570,570,570,0
2022-07-20 12:44:00,570,570,570,570,0
2022-07-20 12:45:00,570,570,570,570,0
2022-07-20 12:46:00,570,570,570,570,0
2022-07-20 12:47:00,570,570,570,570,0
2022-07-20 12:48:00,570,570,570,570,0
2022-07-20 12:49:00,570,570,570,570,0
2022-07-20 12:50:00,570,570,570,570,0
2022-07-20 12:51:00,570,570,570,570,0
2022-07-20 12:52:00,570,570,570,570,0
2022-07-20 12:53:00,570,570,570,570,0
2022-07-20 12:54:00,570,570,570,570,0
2022-07-20 12:55:00,570,570,570,570,0
2022-07-20 12:56:00,570,570,570,570,0
2022-07-20 12:57:00,570,570,570,570,0
2022-07-20 12:58:00,570,570,570,570,0
2022-07-20 12:59:00,570,570,570,570,0
2022-07-20 13:00:00,570,570,570,570,0
2022-07-20 13:01:00,570,570,570,570,0
2022-07-20 13:02:00,570,570,570,570,0
2022-07-20 13:03:00,570,570,570,570,0
2022-07-20 13:04:00,570,570,570,570,0
2022-07-20 13:05:00,570,570,570,570,0
2022-07-20 13:06:00,570,570,570,570,0
2022-07-20 13:07:00,570,570,570,570,0
2022-07-20 13:08:00,570,570,570,570,0
2022-07-20 13:09:00,570,570,570,570,0
2022-07-20 13:10:00,570,570,570,570,0
2022-07-20 13:11:00,570,570,570,570,0
2022-07-20 13:12:00,570,570,570,570,0
2022-07-20 13:13:00,570,570,570,570,0
2022-07-20 13:14:00,570,570,570,570,0
2022-07-20 13:15:00,570,570,570,570,0
2022-07-20 13:16:00,570,570,570,570,0
2022-07-20 13:17:00,570,570,570,570,0
2022-07-20 13:18:00,570,570,570,570,0
2022-07-20 13:19:00,570,570,570,570,0
2022-07-20 13:20:00,570,570,570,570,0
2022-07-20 13:21:00,570,570,570,570,0
2022-07-20 13:22:00,570,570,570,570,0
2022-07-20 13:23:00,570,570,570,570,0
2022-07-20 13:24:00,570,570,570,570,0
2022-07-20 13:25:00,570,570,570,570,0
2022-07-20 13:26:00,570,570,570,570,0
2022-07-20 13:27:00,570,570,570,570,0
2022-07-20 13:28:00,570,570,570,570,0
2022-07-20 13:29:00,570,570,570,570,0
2022-07-20 13:30:00,570,570,570,570,1200
2022-07-20 13:31:00,570,570,570,570,0
2022-07-20 13:32:00,570,570,570,570,0
2022-07-20 13:33:00,570,570,570,570,0
2022-07-20 13:34:00,570,570,570,570,0
2022-07-20 13:35:00,570,570,570,570,0
2022-07-20 13:36:00,570,570,570,570,0
2022-07-20 13:37:00,570,570,570,570,0
2022-07-20 13:38:00,570,570,570,570,0
2022-07-20 13:39:00,570,570,570,570,0
2022-07-20 13:40:00,570,570,570,570,0
2022-07-20 13:41:00,570,570,570,570,0
2022-07-20 13:42:00,570,570,570,570,0
2022-07-20 13:43:00,570,570,570,570,0
2022-07-20 13:44:00,570,570,570,570,0
2022-07-20 13:45:00,570,570,570,570,0
2022-07-20 13:46:00,570,570,570,570,0
2022-07-20 13:47:00,570,570,570,570,0
2022-07-20 13:48:00,570,570,570,570,0
2022-07-20 13:49:00,570,570,570,570,1200
2022-07-20 13:50:00,570,570,570,570,0
2022-07-20 13:51:00,570,570,570,570,0
2022-07-20 13:52:00,570,570,570,570,0
2022-07-20 13:53:00,570,570,570,570,0
2022-07-20 13:54:00,570,570,570,570,0
2022-07-20 13:55:00,565,565,565,565,600
2022-07-20 13:56:00,570,570,570,570,400
2022-07-20 13:57:00,570,570,570,570,0
2022-07-20 13:58:00,565,565,570,570,500
2022-07-20 13:59:00,570,570,570,570,4700
2022-07-20 14:00:00,570,570,570,570,0
2022-07-20 14:01:00,570,570,570,570,0
2022-07-20 14:02:00,570,570,570,570,0
2022-07-20 14:03:00,570,570,570,570,0
2022-07-20 14:04:00,570,570,570,570,0
2022-07-20 14:05:00,570,570,570,570,0
2022-07-20 14:06:00,570,570,570,570,0
2022-07-20 14:07:00,570,570,570,570,0
2022-07-20 14:08:00,570,570,570,570,0
2022-07-20 14:09:00,570,570,570,570,0
2022-07-20 14:10:00,570,570,570,570,0
2022-07-20 14:11:00,570,570,570,570,0
2022-07-20 14:12:00,570,570,570,570,0
2022-07-20 14:13:00,570,570,570,570,0
2022-07-20 14:14:00,570,570,570,570,0
2022-07-20 14:15:00,570,570,570,570,0
2022-07-20 14:16:00,570,570,570,570,0
2022-07-20 14:17:00,570,570,570,570,0
2022-07-20 14:18:00,570,570,570,570,0
2022-07-20 14:19:00,570,570,570,570,400
2022-07-20 14:20:00,570,570,570,570,0
2022-07-20 14:21:00,570,570,570,570,0
2022-07-20 14:22:00,570,570,570,570,0
2022-07-20 14:23:00,570,570,570,570,0
2022-07-20 14:24:00,570,570,570,570,0
2022-07-20 14:25:00,570,570,570,570,0
2022-07-20 14:26:00,570,570,570,570,0
2022-07-20 14:27:00,570,570,570,570,0
2022-07-20 14:28:00,570,570,570,570,0
2022-07-20 14:29:00,570,570,570,570,0
2022-07-20 14:30:00,570,570,570,570,0
2022-07-20 14:31:00,570,570,570,570,0
2022-07-20 14:32:00,570,570,570,570,0
2022-07-20 14:33:00,570,570,570,570,0
2022-07-20 14:34:00,570,570,570,570,0
2022-07-20 14:35:00,570,570,570,570,0
2022-07-20 14:36:00,570,570,570,570,0
2022-07-20 14:37:00,570,570,570,570,0
2022-07-20 14:38:00,570,570,570,570,0
2022-07-20 14:39:00,570,570,570,570,0
2022-07-20 14:40:00,570,570,570,570,2000
2022-07-20 14:41:00,570,570,570,570,0
2022-07-20 14:42:00,570,570,570,570,0
2022-07-20 14:43:00,570,570,570,570,0
2022-07-20 14:44:00,570,570,570,570,0
2022-07-20 14:45:00,570,570,570,570,0
2022-07-20 14:46:00,570,570,570,570,0
2022-07-20 14:47:00,570,570,570,570,0
2022-07-20 14:48:00,565,565,570,570,2400
2022-07-20 14:49:00,570,570,570,570,1300
2022-07-20 14:50:00,570,570,570,570,0
2022-07-20 14:51:00,570,570,570,570,0
2022-07-20 14:52:00,570,570,570,570,0
2022-07-20 14:53:00,570,570,570,570,0
2022-07-20 14:54:00,570,570,570,570,0
2022-07-20 14:55:00,570,570,570,570,0
2022-07-20 14:56:00,570,570,570,570,0
2022-07-20 14:57:00,570,570,570,570,0
2022-07-20 14:58:00,570,570,570,570,0
2022-07-20 14:59:00,570,570,570,570,0
2022-07-20 15:00:00,570,570,570,570,70500
2022-07-20 15:01:00,570,570,570,570,0
2022-07-20 15:02:00,570,570,570,570,0
2022-07-20 15:03:00,570,570,570,570,0
2022-07-20 15:04:00,570,570,570,570,0
2022-07-20 15:05:00,570,570,570,570,0
2022-07-20 15:06:00,570,570,570,570,0
2022-07-20 15:07:00,570,570,570,570,0
2022-07-20 15:08:00,570,570,570,570,0
2022-07-20 15:09:00,570,570,570,570,0
2022-07-20 15:10:00,570,570,570,570,0
2022-07-20 15:11:00,570,570,570,570,20000
2022-07-20 15:12:00,570,570,570,570,221800
2022-07-20 15:13:00,570,570,570,570,0
2022-07-20 15:14:00,570,570,570,570,0
2022-07-20 15:15:00,570,570,570,570,0
2022-07-20 15:16:00,570,570,570,570,0
2022-07-20 15:17:00,570,570,570,570,0
2022-07-20 15:18:00,570,570,570,570,0
2022-07-20 15:19:00,570,570,570,570,0
2022-07-20 15:20:00,570,570,570,570,0
2022-07-20 15:21:00,570,570,570,570,0
2022-07-20 15:22:00,570,570,570,570,0
2022-07-20 15:23:00,570,570,570,570,0
2022-07-20 15:24:00,570,570,570,570,0
2022-07-20 15:25:00,570,570,570,570,0
2022-07-20 15:26:00,570,570,570,570,0
2022-07-20 15:27:00,570,570,570,570,0
2022-07-20 15:28:00,570,570,570,570,0
2022-07-20 15:29:00,570,570,570,570,0
2022-07-20 15:30:00,570,570,570,570,0
2022-07-20 15:31:00,570,570,570,570,0
2022-07-20 15:32:00,570,570,570,570,0
2022-07-20 15:33:00,570,570,570,570,0
2022-07-20 15:34:00,570,570,570,570,0
2022-07-20 15:35:00,570,570,570,570,0
2022-07-20 15:36:00,570,570,570,570,0
2022-07-20 15:37:00,570,570,570,570,0
2022-07-20 15:38:00,570,570,570,570,0
2022-07-20 15:39:00,570,570,570,570,0
2022-07-20 15:40:00,570,570,570,570,0
2022-07-20 15:41:00,570,570,570,570,0
2022-07-20 15:42:00,570,570,570,570,0
2022-07-20 15:43:00,570,570,570,570,0
2022-07-20 15:44:00,570,570,570,570,0
2022-07-20 15:45:00,570,570,570,570,0
2022-07-20 15:46:00,570,570,570,570,0
2022-07-20 15:47:00,570,570,570,570,0
2022-07-20 15:48:00,570,570,570,570,0
2022-07-20 15:49:00,570,570,570,570,0
2022-07-20 15:50:00,570,570,570,570,0
2022-07-20 15:51:00,570,570,570,570,0
2022-07-20 15:52:00,570,570,570,570,0
2022-07-20 15:53:00,570,570,570,570,0
2022-07-20 15:54:00,570,570,570,570,0
2022-07-20 15:55:00,570,570,570,570,0
2022-07-20 15:56:00,570,570,570,570,0
2022-07-20 15:57:00,570,570,570,570,0
2022-07-20 15:58:00,570,570,570,570,0
2022-07-20 15:59:00,570,570,570,570,0
2022-07-21 09:00:00,570,570,575,570,0
2022-07-21 09:01:00,570,570,575,570,0
2022-07-21 09:02:00,570,570,575,570,0
2022-07-21 09:03:00,570,570,575,570,0
2022-07-21 09:04:00,570,570,575,570,0
2022-07-21 09:05:00,570,570,575,570,0
2022-07-21 09:06:00,570,570,575,570,0
2022-07-21 09:07:00,570,570,575,570,0
2022-07-21 09:08:00,565,565,570,570,2600
2022-07-21 09:09:00,570,570,570,570,300
2022-07-21 09:10:00,570,570,570,570,0
2022-07-21 09:11:00,570,570,570,570,0
2022-07-21 09:12:00,570,570,570,570,0
2022-07-21 09:13:00,570,570,570,570,0
2022-07-21 09:14:00,570,570,570,570,0
2022-07-21 09:15:00,570,570,570,570,0
2022-07-21 09:16:00,570,570,570,570,0
2022-07-21 09:17:00,570,570,570,570,0
2022-07-21 09:18:00,570,570,570,570,0
2022-07-21 09:19:00,570,570,570,570,0
2022-07-21 09:20:00,570,570,570,570,0
2022-07-21 09:21:00,570,570,570,570,0
2022-07-21 09:22:00,570,570,570,570,0
2022-07-21 09:23:00,570,570,570,570,0
2022-07-21 09:24:00,570,570,570,570,0
2022-07-21 09:25:00,570,570,570,570,0
2022-07-21 09:26:00,565,565,565,565,200
2022-07-21 09:27:00,570,570,570,570,200
2022-07-21 09:28:00,570,570,570,570,0
2022-07-21 09:29:00,570,570,570,570,0
2022-07-21 09:30:00,570,570,570,570,0
2022-07-21 09:31:00,570,570,570,570,0
2022-07-21 09:32:00,570,570,570,570,0
2022-07-21 09:33:00,570,570,570,570,0
2022-07-21 09:34:00,570,570,570,570,0
2022-07-21 09:35:00,570,570,570,570,0
2022-07-21 09:36:00,570,570,570,570,200
2022-07-21 09:37:00,570,570,570,570,0
2022-07-21 09:38:00,570,570,570,570,0
2022-07-21 09:39:00,570,570,570,570,0
2022-07-21 09:40:00,570,570,570,570,0
2022-07-21 09:41:00,570,570,570,570,0
2022-07-21 09:42:00,570,570,570,570,0
2022-07-21 09:43:00,570,570,570,570,0
2022-07-21 09:44:00,570,570,570,570,0
2022-07-21 09:45:00,570,570,570,570,0
2022-07-21 09:46:00,570,570,570,570,0
2022-07-21 09:47:00,570,570,570,570,0
2022-07-21 09:48:00,570,570,570,570,0
2022-07-21 09:49:00,570,570,570,570,0
2022-07-21 09:50:00,570,570,570,570,0
2022-07-21 09:51:00,570,570,570,570,0
2022-07-21 09:52:00,570,570,570,570,0
2022-07-21 09:53:00,570,570,570,570,0
2022-07-21 09:54:00,570,570,570,570,0
2022-07-21 09:55:00,570,570,570,570,0
2022-07-21 09:56:00,570,570,570,570,0
2022-07-21 09:57:00,570,570,570,570,0
2022-07-21 09:58:00,570,570,570,570,0
2022-07-21 09:59:00,570,570,570,570,0
2022-07-21 10:00:00,570,570,570,570,0
2022-07-21 10:01:00,570,570,570,570,0
2022-07-21 10:02:00,570,570,570,570,0
2022-07-21 10:03:00,570,570,570,570,0
2022-07-21 10:04:00,570,570,570,570,0
2022-07-21 10:05:00,570,570,570,570,0
2022-07-21 10:06:00,570,570,570,570,0
2022-07-21 10:07:00,570,570,570,570,0
2022-07-21 10:08:00,570,570,570,570,0
2022-07-21 10:09:00,570,570,570,570,100
2022-07-21 10:10:00,570,570,570,570,0
2022-07-21 10:11:00,570,570,570,570,0
2022-07-21 10:12:00,570,570,570,570,0
2022-07-21 10:13:00,570,570,570,570,0
2022-07-21 10:14:00,570,570,570,570,0
2022-07-21 10:15:00,570,570,570,570,0
2022-07-21 10:16:00,570,570,570,570,0
2022-07-21 10:17:00,570,570,570,570,0
2022-07-21 10:18:00,570,570,570,570,0
2022-07-21 10:19:00,570,570,570,570,0
2022-07-21 10:20:00,570,570,570,570,0
2022-07-21 10:21:00,570,570,570,570,0
2022-07-21 10:22:00,570,570,570,570,0
2022-07-21 10:23:00,570,570,570,570,0
2022-07-21 10:24:00,570,570,570,570,0
2022-07-21 10:25:00,570,570,570,570,0
2022-07-21 10:26:00,570,570,570,570,0
2022-07-21 10:27:00,570,570,570,570,0
2022-07-21 10:28:00,570,570,570,570,0
2022-07-21 10:29:00,570,570,570,570,0
2022-07-21 10:30:00,570,570,570,570,0
2022-07-21 10:31:00,570,570,570,570,0
2022-07-21 10:32:00,570,570,570,570,0
2022-07-21 10:33:00,570,570,570,570,0
2022-07-21 10:34:00,565,565,565,565,16100
2022-07-21 10:35:00,565,565,565,565,0
2022-07-21 10:36:00,565,565,565,565,5000
2022-07-21 10:37:00,565,565,565,565,0
2022-07-21 10:38:00,565,565,565,565,0
2022-07-21 10:39:00,565,565,565,565,0
2022-07-21 10:40:00,565,565,565,565,0
2022-07-21 10:41:00,565,565,565,565,0
2022-07-21 10:42:00,565,565,565,565,0
2022-07-21 10:43:00,565,565,565,565,0
2022-07-21 10:44:00,565,565,565,565,0
2022-07-21 10:45:00,565,565,565,565,0
2022-07-21 10:46:00,565,565,565,565,0
2022-07-21 10:47:00,565,565,565,565,0
2022-07-21 10:48:00,565,565,565,565,0
2022-07-21 10:49:00,565,565,565,565,0
2022-07-21 10:50:00,565,565,565,565,0
2022-07-21 10:51:00,565,565,565,565,200
2022-07-21 10:52:00,565,565,565,565,0
2022-07-21 10:53:00,565,560,565,560,200
2022-07-21 10:54:00,565,565,565,565,500
2022-07-21 10:55:00,565,565,565,565,0
2022-07-21 10:56:00,565,565,565,565,0
2022-07-21 10:57:00,565,565,565,565,0
2022-07-21 10:58:00,565,565,565,565,0
2022-07-21 10:59:00,565,565,565,565,0
2022-07-21 11:00:00,565,565,565,565,0
2022-07-21 11:01:00,565,565,565,565,0
2022-07-21 11:02:00,565,565,565,565,0
2022-07-21 11:03:00,565,565,565,565,0
2022-07-21 11:04:00,565,565,565,565,0
2022-07-21 11:05:00,565,565,565,565,0
2022-07-21 11:06:00,565,565,565,565,0
2022-07-21 11:07:00,565,565,565,565,0
2022-07-21 11:08:00,565,565,565,565,0
2022-07-21 11:09:00,565,565,565,565,2000
2022-07-21 11:10:00,565,565,565,565,0
2022-07-21 11:11:00,565,565,565,565,0
2022-07-21 11:12:00,560,560,565,565,0
2022-07-21 11:13:00,560,560,565,565,0
2022-07-21 11:14:00,560,560,565,565,0
2022-07-21 11:15:00,560,560,565,565,0
2022-07-21 11:16:00,565,565,565,565,0
2022-07-21 11:17:00,565,565,565,565,0
2022-07-21 11:18:00,565,565,565,565,0
2022-07-21 11:19:00,565,565,565,565,0
2022-07-21 11:20:00,565,565,565,565,600
2022-07-21 11:21:00,565,565,565,565,0
2022-07-21 11:22:00,565,565,565,565,0
2022-07-21 11:23:00,565,565,565,565,0
2022-07-21 11:24:00,565,565,565,565,300
2022-07-21 11:25:00,565,565,565,565,0
2022-07-21 11:26:00,565,565,565,565,0
2022-07-21 11:27:00,560,560,565,565,25700
2022-07-21 11:28:00,565,565,565,565,600
2022-07-21 11:29:00,565,565,565,565,300
2022-07-21 11:30:00,565,565,565,565,0
2022-07-21 11:31:00,565,565,565,565,0
2022-07-21 11:32:00,565,565,565,565,0
2022-07-21 11:33:00,565,565,565,565,0
2022-07-21 11:34:00,565,565,565,565,0
2022-07-21 11:35:00,565,565,565,565,0
2022-07-21 11:36:00,565,565,565,565,0
2022-07-21 11:37:00,565,565,565,565,0
2022-07-21 11:38:00,565,565,565,565,0
2022-07-21 11:39:00,565,565,565,565,0
2022-07-21 11:40:00,565,565,565,565,0
2022-07-21 11:41:00,565,565,565,565,0
2022-07-21 11:42:00,565,565,565,565,0
2022-07-21 11:43:00,565,565,565,565,0
2022-07-21 11:44:00,565,565,565,565,0
2022-07-21 11:45:00,565,565,565,565,0
2022-07-21 11:46:00,565,565,565,565,0
2022-07-21 11:47:00,565,565,565,565,0
2022-07-21 11:48:00,565,565,565,565,0
2022-07-21 11:49:00,565,565,565,565,0
2022-07-21 11:50:00,565,565,565,565,0
2022-07-21 11:51:00,565,565,565,565,0
2022-07-21 11:52:00,565,565,565,565,0
2022-07-21 11:53:00,565,565,565,565,0
2022-07-21 11:54:00,565,565,565,565,0
2022-07-21 11:55:00,565,565,565,565,0
2022-07-21 11:56:00,565,565,565,565,0
2022-07-21 11:57:00,565,565,565,565,0
2022-07-21 11:58:00,565,565,565,565,0
2022-07-21 11:59:00,565,565,565,565,0
2022-07-21 12:00:00,565,565,565,565,0
2022-07-21 12:01:00,565,565,565,565,0
2022-07-21 12:02:00,565,565,565,565,0
2022-07-21 12:03:00,565,565,565,565,0
2022-07-21 12:04:00,565,565,565,565,0
2022-07-21 12:05:00,565,565,565,565,0
2022-07-21 12:06:00,565,565,565,565,0
2022-07-21 12:07:00,565,565,565,565,0
2022-07-21 12:08:00,565,565,565,565,0
2022-07-21 12:09:00,565,565,565,565,0
2022-07-21 12:10:00,565,565,565,565,0
2022-07-21 12:11:00,565,565,565,565,0
2022-07-21 12:12:00,565,565,565,565,0
2022-07-21 12:13:00,565,565,565,565,0
2022-07-21 12:14:00,565,565,565,565,0
2022-07-21 12:15:00,565,565,565,565,0
2022-07-21 12:16:00,565,565,565,565,0
2022-07-21 12:17:00,565,565,565,565,0
2022-07-21 12:18:00,565,565,565,565,0
2022-07-21 12:19:00,565,565,565,565,0
2022-07-21 12:20:00,565,565,565,565,0
2022-07-21 12:21:00,565,565,565,565,0
2022-07-21 12:22:00,565,565,565,565,0
2022-07-21 12:23:00,565,565,565,565,0
2022-07-21 12:24:00,565,565,565,565,0
2022-07-21 12:25:00,565,565,565,565,0
2022-07-21 12:26:00,565,565,565,565,0
2022-07-21 12:27:00,565,565,565,565,0
2022-07-21 12:28:00,565,565,565,565,0
2022-07-21 12:29:00,565,565,565,565,0
2022-07-21 12:30:00,565,565,565,565,0
2022-07-21 12:31:00,565,565,565,565,0
2022-07-21 12:32:00,565,565,565,565,0
2022-07-21 12:33:00,565,565,565,565,0
2022-07-21 12:34:00,565,565,565,565,0
2022-07-21 12:35:00,565,565,565,565,0
2022-07-21 12:36:00,565,565,565,565,0
2022-07-21 12:37:00,565,565,565,565,0
2022-07-21 12:38:00,565,565,565,565,0
2022-07-21 12:39:00,565,565,565,565,0
2022-07-21 12:40:00,565,565,565,565,0
2022-07-21 12:41:00,565,565,565,565,0
2022-07-21 12:42:00,565,565,565,565,0
2022-07-21 12:43:00,565,565,565,565,0
2022-07-21 12:44:00,565,565,565,565,0
2022-07-21 12:45:00,565,565,565,565,0
2022-07-21 12:46:00,565,565,565,565,0
2022-07-21 12:47:00,565,565,565,565,0
2022-07-21 12:48:00,565,565,565,565,0
2022-07-21 12:49:00,565,565,565,565,0
2022-07-21 12:50:00,565,565,565,565,0
2022-07-21 12:51:00,565,565,565,565,0
2022-07-21 12:52:00,565,565,565,565,0
2022-07-21 12:53:00,565,565,565,565,0
2022-07-21 12:54:00,565,565,565,565,0
2022-07-21 12:55:00,565,565,565,565,0
2022-07-21 12:56:00,565,565,565,565,0
2022-07-21 12:57:00,565,565,565,565,0
2022-07-21 12:58:00,565,565,565,565,0
2022-07-21 12:59:00,565,565,565,565,0
2022-07-21 13:00:00,565,565,565,565,0
2022-07-21 13:01:00,565,565,565,565,0
2022-07-21 13:02:00,565,565,565,565,0
2022-07-21 13:03:00,565,565,565,565,0
2022-07-21 13:04:00,565,565,565,565,0
2022-07-21 13:05:00,565,565,565,565,0
2022-07-21 13:06:00,565,565,565,565,0
2022-07-21 13:07:00,565,565,565,565,0
2022-07-21 13:08:00,565,565,565,565,0
2022-07-21 13:09:00,565,565,565,565,0
2022-07-21 13:10:00,565,565,565,565,0
2022-07-21 13:11:00,565,565,565,565,0
2022-07-21 13:12:00,565,565,565,565,0
2022-07-21 13:13:00,565,565,565,565,0
2022-07-21 13:14:00,565,565,565,565,0
2022-07-21 13:15:00,565,565,565,565,0
2022-07-21 13:16:00,565,565,565,565,0
2022-07-21 13:17:00,565,565,565,565,0
2022-07-21 13:18:00,565,565,565,565,0
2022-07-21 13:19:00,565,565,565,565,0
2022-07-21 13:20:00,565,565,565,565,0
2022-07-21 13:21:00,565,565,565,565,0
2022-07-21 13:22:00,565,565,565,565,0
2022-07-21 13:23:00,565,565,565,565,0
2022-07-21 13:24:00,565,565,565,565,0
2022-07-21 13:25:00,565,565,565,565,0
2022-07-21 13:26:00,565,565,565,565,0
2022-07-21 13:27:00,565,565,565,565,0
2022-07-21 13:28:00,565,565,565,565,0
2022-07-21 13:29:00,565,565,565,565,0
2022-07-21 13:30:00,565,565,565,565,0
2022-07-21 13:31:00,565,565,565,565,21000
2022-07-21 13:32:00,565,565,565,565,0
2022-07-21 13:33:00,565,565,565,565,0
2022-07-21 13:34:00,565,565,565,565,0
2022-07-21 13:35:00,565,565,565,565,0
2022-07-21 13:36:00,565,565,565,565,1000
2022-07-21 13:37:00,565,565,565,565,0
2022-07-21 13:38:00,565,565,565,565,0
2022-07-21 13:39:00,565,565,565,565,0
2022-07-21 13:40:00,565,565,565,565,0
2022-07-21 13:41:00,565,565,565,565,0
2022-07-21 13:42:00,565,565,565,565,0
2022-07-21 13:43:00,565,565,565,565,0
2022-07-21 13:44:00,565,565,565,565,0
2022-07-21 13:45:00,565,565,565,565,0
2022-07-21 13:46:00,565,565,565,565,0
2022-07-21 13:47:00,565,565,565,565,0
2022-07-21 13:48:00,565,565,565,565,0
2022-07-21 13:49:00,565,565,565,565,0
2022-07-21 13:50:00,565,565,565,565,0
2022-07-21 13:51:00,565,565,565,565,0
2022-07-21 13:52:00,565,565,565,565,0
2022-07-21 13:53:00,565,565,565,565,0
2022-07-21 13:54:00,565,565,565,565,0
2022-07-21 13:55:00,565,565,565,565,0
2022-07-21 13:56:00,565,565,565,565,0
2022-07-21 13:57:00,565,565,565,565,1000
2022-07-21 13:58:00,565,565,565,565,0
2022-07-21 13:59:00,565,565,565,565,0
2022-07-21 14:00:00,565,565,565,565,0
2022-07-21 14:01:00,565,565,565,565,0
2022-07-21 14:02:00,565,565,565,565,0
2022-07-21 14:03:00,565,565,565,565,0
2022-07-21 14:04:00,565,565,565,565,0
2022-07-21 14:05:00,565,565,565,565,0
2022-07-21 14:06:00,565,565,565,565,0
2022-07-21 14:07:00,565,565,565,565,0
2022-07-21 14:08:00,565,565,565,565,0
2022-07-21 14:09:00,565,565,565,565,0
2022-07-21 14:10:00,565,565,565,565,0
2022-07-21 14:11:00,565,565,565,565,0
2022-07-21 14:12:00,565,565,565,565,0
2022-07-21 14:13:00,565,565,565,565,0
2022-07-21 14:14:00,565,565,565,565,0
2022-07-21 14:15:00,565,565,565,565,0
2022-07-21 14:16:00,565,560,565,565,1400
2022-07-21 14:17:00,565,560,565,565,0
2022-07-21 14:18:00,565,560,565,565,0
2022-07-21 14:19:00,565,560,565,565,0
2022-07-21 14:20:00,565,560,565,565,0
2022-07-21 14:21:00,565,560,565,565,0
2022-07-21 14:22:00,565,560,565,565,0
2022-07-21 14:23:00,565,560,565,565,0
2022-07-21 14:24:00,565,560,565,565,0
2022-07-21 14:25:00,565,565,565,565,1200
2022-07-21 14:26:00,565,565,565,565,0
2022-07-21 14:27:00,565,565,565,565,0
2022-07-21 14:28:00,565,565,565,565,0
2022-07-21 14:29:00,565,565,565,565,0
2022-07-21 14:30:00,565,565,565,565,0
2022-07-21 14:31:00,565,565,565,565,0
2022-07-21 14:32:00,565,565,565,565,0
2022-07-21 14:33:00,560,560,565,565,0
2022-07-21 14:34:00,565,565,565,565,0
2022-07-21 14:35:00,565,565,565,565,0
2022-07-21 14:36:00,565,565,565,565,400
2022-07-21 14:37:00,565,565,565,565,400
2022-07-21 14:38:00,565,565,565,565,0
2022-07-21 14:39:00,565,565,565,565,300
2022-07-21 14:40:00,565,565,565,565,0
2022-07-21 14:41:00,565,565,565,565,0
2022-07-21 14:42:00,565,565,565,565,300
2022-07-21 14:43:00,565,565,565,565,0
2022-07-21 14:44:00,565,565,565,565,100
2022-07-21 14:45:00,565,565,565,565,0
2022-07-21 14:46:00,565,565,565,565,0
2022-07-21 14:47:00,565,565,565,565,600
2022-07-21 14:48:00,565,565,565,565,0
2022-07-21 14:49:00,560,560,570,570,84900
2022-07-21 14:50:00,560,560,570,570,0
2022-07-21 14:51:00,560,560,570,570,0
2022-07-21 14:52:00,560,560,570,570,0
2022-07-21 14:53:00,560,560,570,570,0
2022-07-21 14:54:00,560,560,570,570,0
2022-07-21 14:55:00,560,560,570,570,0
2022-07-21 14:56:00,560,560,570,570,0
2022-07-21 14:57:00,560,560,570,570,0
2022-07-21 14:58:00,560,560,570,570,0
2022-07-21 14:59:00,560,560,570,570,0
2022-07-21 15:00:00,570,570,570,570,338000
2022-07-21 15:01:00,570,570,570,570,0
2022-07-21 15:02:00,570,570,570,570,0
2022-07-21 15:03:00,570,570,570,570,0
2022-07-21 15:04:00,570,570,570,570,0
2022-07-21 15:05:00,570,570,570,570,0
2022-07-21 15:06:00,570,570,570,570,0
2022-07-21 15:07:00,570,570,570,570,0
2022-07-21 15:08:00,570,570,570,570,0
2022-07-21 15:09:00,570,570,570,570,0
2022-07-21 15:10:00,570,570,570,570,0
2022-07-21 15:11:00,570,570,570,570,0
2022-07-21 15:12:00,570,570,570,570,0
2022-07-21 15:13:00,570,570,570,570,0
2022-07-21 15:14:00,570,570,570,570,0
2022-07-21 15:15:00,570,570,570,570,0
2022-07-21 15:16:00,570,570,570,570,0
2022-07-21 15:17:00,570,570,570,570,0
2022-07-21 15:18:00,570,570,570,570,0
2022-07-21 15:19:00,570,570,570,570,0
2022-07-21 15:20:00,570,570,570,570,0
2022-07-21 15:21:00,570,570,570,570,0
2022-07-21 15:22:00,570,570,570,570,0
2022-07-21 15:23:00,570,570,570,570,0
2022-07-21 15:24:00,570,570,570,570,0
2022-07-21 15:25:00,570,570,570,570,0
2022-07-21 15:26:00,570,570,570,570,0
2022-07-21 15:27:00,570,570,570,570,0
2022-07-21 15:28:00,570,570,570,570,0
2022-07-21 15:29:00,570,570,570,570,0
2022-07-21 15:30:00,570,570,570,570,0
2022-07-21 15:31:00,570,570,570,570,0
2022-07-21 15:32:00,570,570,570,570,0
2022-07-21 15:33:00,570,570,570,570,0
2022-07-21 15:34:00,570,570,570,570,0
2022-07-21 15:35:00,570,570,570,570,0
2022-07-21 15:36:00,570,570,570,570,0
2022-07-21 15:37:00,570,570,570,570,0
2022-07-21 15:38:00,570,570,570,570,0
2022-07-21 15:39:00,570,570,570,570,0
2022-07-21 15:40:00,570,570,570,570,0
2022-07-21 15:41:00,570,570,570,570,0
2022-07-21 15:42:00,570,570,570,570,0
2022-07-21 15:43:00,570,570,570,570,0
2022-07-21 15:44:00,570,570,570,570,0
2022-07-21 15:45:00,570,570,570,570,0
2022-07-21 15:46:00,570,570,570,570,0
2022-07-21 15:47:00,570,570,570,570,0
2022-07-21 15:48:00,570,570,570,570,0
2022-07-21 15:49:00,570,570,570,570,0
2022-07-21 15:50:00,570,570,570,570,0
2022-07-21 15:51:00,570,570,570,570,0
2022-07-21 15:52:00,570,570,570,570,0
2022-07-21 15:53:00,570,570,570,570,0
2022-07-21 15:54:00,570,570,570,570,0
2022-07-21 15:55:00,570,570,570,570,0
2022-07-21 15:56:00,570,570,570,570,0
2022-07-21 15:57:00,570,570,570,570,0
2022-07-21 15:58:00,570,570,570,570,0
2022-07-21 15:59:00,570,570,570,570,0
2022-07-22 09:00:00,570,570,570,570,0
2022-07-22 09:01:00,570,570,570,570,0
2022-07-22 09:02:00,570,570,570,570,0
2022-07-22 09:03:00,570,570,570,570,0
2022-07-22 09:04:00,565,565,565,565,0
2022-07-22 09:05:00,570,570,570,570,0
2022-07-22 09:06:00,570,570,570,570,0
2022-07-22 09:07:00,570,570,570,570,0
2022-07-22 09:08:00,570,570,570,570,0
2022-07-22 09:09:00,570,570,570,570,0
2022-07-22 09:10:00,570,570,570,570,0
2022-07-22 09:11:00,570,570,570,570,0
2022-07-22 09:12:00,570,570,570,570,0
2022-07-22 09:13:00,570,570,570,570,0
2022-07-22 09:14:00,570,570,570,570,0
2022-07-22 09:15:00,565,565,565,565,8000
2022-07-22 09:16:00,570,570,570,570,0
2022-07-22 09:17:00,570,570,570,570,0
2022-07-22 09:18:00,570,570,570,570,0
2022-07-22 09:19:00,570,570,570,570,0
2022-07-22 09:20:00,570,570,570,570,0
2022-07-22 09:21:00,570,570,570,570,0
2022-07-22 09:22:00,570,570,570,570,0
2022-07-22 09:23:00,570,570,570,570,0
2022-07-22 09:24:00,570,570,570,570,0
2022-07-22 09:25:00,570,570,570,570,0
2022-07-22 09:26:00,570,570,570,570,0
2022-07-22 09:27:00,570,570,570,570,0
2022-07-22 09:28:00,570,570,570,570,0
2022-07-22 09:29:00,570,570,570,570,0
2022-07-22 09:30:00,570,570,570,570,0
2022-07-22 09:31:00,570,570,570,570,0
2022-07-22 09:32:00,570,570,570,570,0
2022-07-22 09:33:00,570,570,570,570,0
2022-07-22 09:34:00,570,570,570,570,0
2022-07-22 09:35:00,570,570,570,570,0
2022-07-22 09:36:00,570,570,570,570,0
2022-07-22 09:37:00,570,570,570,570,0
2022-07-22 09:38:00,570,570,570,570,0
2022-07-22 09:39:00,570,570,570,570,0
2022-07-22 09:40:00,570,570,570,570,0
2022-07-22 09:41:00,570,570,570,570,0
2022-07-22 09:42:00,570,570,570,570,0
2022-07-22 09:43:00,570,570,570,570,0
2022-07-22 09:44:00,570,570,570,570,0
2022-07-22 09:45:00,570,570,570,570,0
2022-07-22 09:46:00,570,570,570,570,0
2022-07-22 09:47:00,570,570,570,570,0
2022-07-22 09:48:00,570,570,570,570,0
2022-07-22 09:49:00,570,570,570,570,0
2022-07-22 09:50:00,570,570,570,570,0
2022-07-22 09:51:00,570,570,570,570,0
2022-07-22 09:52:00,565,565,565,565,16000
2022-07-22 09:53:00,565,565,565,565,0
2022-07-22 09:54:00,565,565,565,565,4000
2022-07-22 09:55:00,565,565,565,565,0
2022-07-22 09:56:00,565,565,565,565,0
2022-07-22 09:57:00,565,565,565,565,0
2022-07-22 09:58:00,565,565,565,565,0
2022-07-22 09:59:00,565,565,565,565,0
2022-07-22 10:00:00,565,565,565,565,0
2022-07-22 10:01:00,565,565,565,565,0
2022-07-22 10:02:00,565,565,565,565,0
2022-07-22 10:03:00,565,565,565,565,0
2022-07-22 10:04:00,565,565,565,565,0
2022-07-22 10:05:00,565,565,565,565,0
2022-07-22 10:06:00,565,565,565,565,0
2022-07-22 10:07:00,565,565,565,565,0
2022-07-22 10:08:00,565,565,565,565,0
2022-07-22 10:09:00,560,560,560,560,111000
2022-07-22 10:10:00,565,565,565,565,0
2022-07-22 10:11:00,565,565,565,565,0
2022-07-22 10:12:00,565,565,565,565,0
2022-07-22 10:13:00,565,565,565,565,0
2022-07-22 10:14:00,565,565,565,565,0
2022-07-22 10:15:00,565,565,565,565,0
2022-07-22 10:16:00,565,565,565,565,0
2022-07-22 10:17:00,565,565,565,565,0
2022-07-22 10:18:00,560,560,565,565,300
2022-07-22 10:19:00,560,560,565,565,0
2022-07-22 10:20:00,565,565,565,565,300
2022-07-22 10:21:00,565,565,565,565,0
2022-07-22 10:22:00,565,565,565,565,0
2022-07-22 10:23:00,565,565,565,565,0
2022-07-22 10:24:00,565,565,565,565,0
2022-07-22 10:25:00,565,565,565,565,0
2022-07-22 10:26:00,565,565,565,565,0
2022-07-22 10:27:00,565,565,565,565,0
2022-07-22 10:28:00,565,565,565,565,0
2022-07-22 10:29:00,565,565,565,565,0
2022-07-22 10:30:00,565,565,565,565,0
2022-07-22 10:31:00,565,565,565,565,0
2022-07-22 10:32:00,565,565,565,565,0
2022-07-22 10:33:00,565,565,565,565,0
2022-07-22 10:34:00,565,565,565,565,0
2022-07-22 10:35:00,560,560,565,565,400
2022-07-22 10:36:00,560,560,565,565,0
2022-07-22 10:37:00,560,560,565,565,0
2022-07-22 10:38:00,560,560,565,565,0
2022-07-22 10:39:00,560,560,565,565,0
2022-07-22 10:40:00,560,560,565,565,0
2022-07-22 10:41:00,560,560,565,565,0
2022-07-22 10:42:00,560,560,565,565,0
2022-07-22 10:43:00,560,560,565,565,0
2022-07-22 10:44:00,560,560,565,565,0
2022-07-22 10:45:00,560,560,565,565,0
2022-07-22 10:46:00,560,560,565,565,0
2022-07-22 10:47:00,560,560,565,565,0
2022-07-22 10:48:00,565,565,565,565,3000
2022-07-22 10:49:00,565,565,565,565,0
2022-07-22 10:50:00,565,565,565,565,0
2022-07-22 10:51:00,565,565,565,565,0
2022-07-22 10:52:00,565,565,565,565,0
2022-07-22 10:53:00,565,565,565,565,0
2022-07-22 10:54:00,565,565,565,565,200
2022-07-22 10:55:00,565,565,565,565,0
2022-07-22 10:56:00,565,565,565,565,0
2022-07-22 10:57:00,565,565,565,565,0
2022-07-22 10:58:00,565,565,565,565,0
2022-07-22 10:59:00,565,565,565,565,0
2022-07-22 11:00:00,565,565,565,565,0
2022-07-22 11:01:00,565,565,565,565,0
2022-07-22 11:02:00,565,565,565,565,0
2022-07-22 11:03:00,565,565,565,565,0
2022-07-22 11:04:00,565,565,565,565,0
2022-07-22 11:05:00,565,565,565,565,0
2022-07-22 11:06:00,565,565,565,565,0
2022-07-22 11:07:00,565,565,565,565,0
2022-07-22 11:08:00,565,565,565,565,0
2022-07-22 11:09:00,565,565,565,565,0
2022-07-22 11:10:00,565,565,565,565,0
2022-07-22 11:11:00,565,565,565,565,0
2022-07-22 11:12:00,565,565,565,565,0
2022-07-22 11:13:00,565,565,565,565,0
2022-07-22 11:14:00,565,565,565,565,0
2022-07-22 11:15:00,565,565,565,565,0
2022-07-22 11:16:00,565,565,565,565,1000
2022-07-22 11:17:00,565,565,565,565,0
2022-07-22 11:18:00,565,565,565,565,0
2022-07-22 11:19:00,565,565,565,565,0
2022-07-22 11:20:00,565,565,565,565,0
2022-07-22 11:21:00,560,560,560,560,800
2022-07-22 11:22:00,560,560,560,560,0
2022-07-22 11:23:00,560,560,560,560,0
2022-07-22 11:24:00,565,565,565,565,400
2022-07-22 11:25:00,565,565,565,565,0
2022-07-22 11:26:00,565,565,565,565,0
2022-07-22 11:27:00,565,565,565,565,0
2022-07-22 11:28:00,565,565,565,565,0
2022-07-22 11:29:00,565,565,565,565,700
2022-07-22 11:30:00,565,565,565,565,0
2022-07-22 11:31:00,565,565,565,565,0
2022-07-22 11:32:00,565,565,565,565,0
2022-07-22 11:33:00,565,565,565,565,0
2022-07-22 11:34:00,565,565,565,565,0
2022-07-22 11:35:00,565,565,565,565,0
2022-07-22 11:36:00,565,565,565,565,0
2022-07-22 11:37:00,565,565,565,565,0
2022-07-22 11:38:00,565,565,565,565,0
2022-07-22 11:39:00,565,565,565,565,0
2022-07-22 11:40:00,565,565,565,565,0
2022-07-22 11:41:00,565,565,565,565,0
2022-07-22 11:42:00,565,565,565,565,0
2022-07-22 11:43:00,565,565,565,565,0
2022-07-22 11:44:00,565,565,565,565,0
2022-07-22 11:45:00,565,565,565,565,0
2022-07-22 11:46:00,565,565,565,565,0
2022-07-22 11:47:00,565,565,565,565,0
2022-07-22 11:48:00,565,565,565,565,0
2022-07-22 11:49:00,565,565,565,565,0
2022-07-22 11:50:00,565,565,565,565,0
2022-07-22 11:51:00,565,565,565,565,0
2022-07-22 11:52:00,565,565,565,565,0
2022-07-22 11:53:00,565,565,565,565,0
2022-07-22 11:54:00,565,565,565,565,0
2022-07-22 11:55:00,565,565,565,565,0
2022-07-22 11:56:00,565,565,565,565,0
2022-07-22 11:57:00,565,565,565,565,0
2022-07-22 11:58:00,565,565,565,565,0
2022-07-22 11:59:00,565,565,565,565,0
2022-07-22 12:00:00,565,565,565,565,0
2022-07-22 12:01:00,565,565,565,565,0
2022-07-22 12:02:00,565,565,565,565,0
2022-07-22 12:03:00,565,565,565,565,0
2022-07-22 12:04:00,565,565,565,565,0
2022-07-22 12:05:00,565,565,565,565,0
2022-07-22 12:06:00,565,565,565,565,0
2022-07-22 12:07:00,565,565,565,565,0
2022-07-22 12:08:00,565,565,565,565,0
2022-07-22 12:09:00,565,565,565,565,0
2022-07-22 12:10:00,565,565,565,565,0
2022-07-22 12:11:00,565,565,565,565,0
2022-07-22 12:12:00,565,565,565,565,0
2022-07-22 12:13:00,565,565,565,565,0
2022-07-22 12:14:00,565,565,565,565,0
2022-07-22 12:15:00,565,565,565,565,0
2022-07-22 12:16:00,565,565,565,565,0
2022-07-22 12:17:00,565,565,565,565,0
2022-07-22 12:18:00,565,565,565,565,0
2022-07-22 12:19:00,565,565,565,565,0
2022-07-22 12:20:00,565,565,565,565,0
2022-07-22 12:21:00,565,565,565,565,0
2022-07-22 12:22:00,565,565,565,565,0
2022-07-22 12:23:00,565,565,565,565,0
2022-07-22 12:24:00,565,565,565,565,0
2022-07-22 12:25:00,565,565,565,565,0
2022-07-22 12:26:00,565,565,565,565,0
2022-07-22 12:27:00,565,565,565,565,0
2022-07-22 12:28:00,565,565,565,565,0
2022-07-22 12:29:00,565,565,565,565,0
2022-07-22 12:30:00,565,565,565,565,0
2022-07-22 12:31:00,565,565,565,565,0
2022-07-22 12:32:00,565,565,565,565,0
2022-07-22 12:33:00,565,565,565,565,0
2022-07-22 12:34:00,565,565,565,565,0
2022-07-22 12:35:00,565,565,565,565,0
2022-07-22 12:36:00,565,565,565,565,0
2022-07-22 12:37:00,565,565,565,565,0
2022-07-22 12:38:00,565,565,565,565,0
2022-07-22 12:39:00,565,565,565,565,0
2022-07-22 12:40:00,565,565,565,565,0
2022-07-22 12:41:00,565,565,565,565,0
2022-07-22 12:42:00,565,565,565,565,0
2022-07-22 12:43:00,565,565,565,565,0
2022-07-22 12:44:00,565,565,565,565,0
2022-07-22 12:45:00,565,565,565,565,0
2022-07-22 12:46:00,565,565,565,565,0
2022-07-22 12:47:00,565,565,565,565,0
2022-07-22 12:48:00,565,565,565,565,0
2022-07-22 12:49:00,565,565,565,565,0
2022-07-22 12:50:00,565,565,565,565,0
2022-07-22 12:51:00,565,565,565,565,0
2022-07-22 12:52:00,565,565,565,565,0
2022-07-22 12:53:00,565,565,565,565,0
2022-07-22 12:54:00,565,565,565,565,0
2022-07-22 12:55:00,565,565,565,565,0
2022-07-22 12:56:00,565,565,565,565,0
2022-07-22 12:57:00,565,565,565,565,0
2022-07-22 12:58:00,565,565,565,565,0
2022-07-22 12:59:00,565,565,565,565,0
2022-07-22 13:00:00,565,565,565,565,0
2022-07-22 13:01:00,565,565,565,565,0
2022-07-22 13:02:00,565,565,565,565,0
2022-07-22 13:03:00,565,565,565,565,0
2022-07-22 13:04:00,565,565,565,565,0
2022-07-22 13:05:00,565,565,565,565,0
2022-07-22 13:06:00,565,565,565,565,0
2022-07-22 13:07:00,565,565,565,565,0
2022-07-22 13:08:00,565,565,565,565,0
2022-07-22 13:09:00,565,565,565,565,0
2022-07-22 13:10:00,565,565,565,565,0
2022-07-22 13:11:00,565,565,565,565,0
2022-07-22 13:12:00,565,565,565,565,0
2022-07-22 13:13:00,565,565,565,565,0
2022-07-22 13:14:00,565,565,565,565,0
2022-07-22 13:15:00,565,565,565,565,0
2022-07-22 13:16:00,565,565,565,565,0
2022-07-22 13:17:00,565,565,565,565,0
2022-07-22 13:18:00,565,565,565,565,0
2022-07-22 13:19:00,565,565,565,565,0
2022-07-22 13:20:00,565,565,565,565,0
2022-07-22 13:21:00,565,565,565,565,0
2022-07-22 13:22:00,565,565,565,565,0
2022-07-22 13:23:00,565,565,565,565,0
2022-07-22 13:24:00,565,565,565,565,0
2022-07-22 13:25:00,565,565,565,565,0
2022-07-22 13:26:00,565,565,565,565,0
2022-07-22 13:27:00,565,565,565,565,0
2022-07-22 13:28:00,565,565,565,565,0
2022-07-22 13:29:00,565,565,565,565,0
2022-07-22 13:30:00,565,565,565,565,15000
2022-07-22 13:31:00,565,565,565,565,0
2022-07-22 13:32:00,565,565,565,565,0
2022-07-22 13:33:00,565,565,565,565,0
2022-07-22 13:34:00,565,565,565,565,0
2022-07-22 13:35:00,565,565,565,565,0
2022-07-22 13:36:00,565,565,565,565,0
2022-07-22 13:37:00,565,565,565,565,0
2022-07-22 13:38:00,565,565,565,565,0
2022-07-22 13:39:00,565,565,565,565,0
2022-07-22 13:40:00,565,565,565,565,0
2022-07-22 13:41:00,565,565,565,565,0
2022-07-22 13:42:00,565,565,565,565,0
2022-07-22 13:43:00,565,565,565,565,0
2022-07-22 13:44:00,565,565,565,565,400
2022-07-22 13:45:00,565,565,565,565,0
2022-07-22 13:46:00,565,565,565,565,0
2022-07-22 13:47:00,565,565,565,565,0
2022-07-22 13:48:00,565,565,565,565,6600
2022-07-22 13:49:00,570,570,570,570,500
2022-07-22 13:50:00,570,570,570,570,0
2022-07-22 13:51:00,570,570,570,570,0
2022-07-22 13:52:00,570,570,570,570,0
2022-07-22 13:53:00,570,570,570,570,0
2022-07-22 13:54:00,570,570,570,570,0
2022-07-22 13:55:00,570,570,570,570,0
2022-07-22 13:56:00,570,570,570,570,0
2022-07-22 13:57:00,570,570,570,570,0
2022-07-22 13:58:00,570,570,570,570,0
2022-07-22 13:59:00,570,570,570,570,0
2022-07-22 14:00:00,570,570,570,570,0
2022-07-22 14:01:00,570,570,570,570,0
2022-07-22 14:02:00,570,570,570,570,0
2022-07-22 14:03:00,570,570,570,570,0
2022-07-22 14:04:00,570,570,570,570,0
2022-07-22 14:05:00,570,570,570,570,0
2022-07-22 14:06:00,570,570,570,570,0
2022-07-22 14:07:00,570,570,570,570,0
2022-07-22 14:08:00,570,570,570,570,0
2022-07-22 14:09:00,565,560,570,570,8000
2022-07-22 14:10:00,565,565,565,565,800
2022-07-22 14:11:00,570,570,570,570,100
2022-07-22 14:12:00,565,565,570,570,1100
2022-07-22 14:13:00,565,565,565,565,800
2022-07-22 14:14:00,565,565,565,565,10900
2022-07-22 14:15:00,565,565,570,570,0
2022-07-22 14:16:00,565,565,570,565,1700
2022-07-22 14:17:00,570,565,570,570,700
2022-07-22 14:18:00,565,565,570,570,1300
2022-07-22 14:19:00,565,565,570,570,800
2022-07-22 14:20:00,565,565,570,570,500
2022-07-22 14:21:00,565,565,570,570,1000
2022-07-22 14:22:00,565,565,570,570,0
2022-07-22 14:23:00,565,565,570,570,0
2022-07-22 14:24:00,565,565,570,570,0
2022-07-22 14:25:00,565,565,570,570,0
2022-07-22 14:26:00,565,565,570,570,0
2022-07-22 14:27:00,570,570,570,570,300
2022-07-22 14:28:00,570,570,570,570,1500
2022-07-22 14:29:00,570,570,570,570,0
2022-07-22 14:30:00,570,570,570,570,0
2022-07-22 14:31:00,570,570,570,570,0
2022-07-22 14:32:00,570,570,570,570,0
2022-07-22 14:33:00,570,570,570,570,0
2022-07-22 14:34:00,570,570,570,570,0
2022-07-22 14:35:00,570,570,570,570,0
2022-07-22 14:36:00,570,570,570,570,0
2022-07-22 14:37:00,570,570,570,570,0
2022-07-22 14:38:00,570,570,570,570,0
2022-07-22 14:39:00,570,570,570,570,0
2022-07-22 14:40:00,570,570,570,570,0
2022-07-22 14:41:00,570,570,570,570,0
2022-07-22 14:42:00,570,570,570,570,0
2022-07-22 14:43:00,570,570,570,570,600
2022-07-22 14:44:00,570,570,570,570,100
2022-07-22 14:45:00,570,570,570,570,400
2022-07-22 14:46:00,570,565,570,565,2000
2022-07-22 14:47:00,570,570,570,570,400
2022-07-22 14:48:00,570,570,570,570,1000
2022-07-22 14:49:00,570,570,570,570,1400
2022-07-22 14:50:00,570,570,570,570,0
2022-07-22 14:51:00,570,570,570,570,0
2022-07-22 14:52:00,570,570,570,570,0
2022-07-22 14:53:00,570,570,570,570,0
2022-07-22 14:54:00,570,570,570,570,0
2022-07-22 14:55:00,570,570,570,570,0
2022-07-22 14:56:00,570,570,570,570,0
2022-07-22 14:57:00,570,570,570,570,0
2022-07-22 14:58:00,570,570,570,570,0
2022-07-22 14:59:00,570,570,570,570,0
2022-07-22 15:00:00,565,565,565,565,77200
2022-07-22 15:01:00,565,565,565,565,0
2022-07-22 15:02:00,565,565,565,565,0
2022-07-22 15:03:00,565,565,565,565,0
2022-07-22 15:04:00,565,565,565,565,0
2022-07-22 15:05:00,565,565,565,565,0
2022-07-22 15:06:00,565,565,565,565,0
2022-07-22 15:07:00,565,565,565,565,0
2022-07-22 15:08:00,565,565,565,565,0
2022-07-22 15:09:00,565,565,565,565,0
2022-07-22 15:10:00,565,565,565,565,0
2022-07-22 15:11:00,565,565,565,565,0
2022-07-22 15:12:00,565,565,565,565,0
2022-07-22 15:13:00,565,565,565,565,0
2022-07-22 15:14:00,565,565,565,565,0
2022-07-22 15:15:00,565,565,565,565,0
2022-07-22 15:16:00,565,565,565,565,0
2022-07-22 15:17:00,565,565,565,565,0
2022-07-22 15:18:00,565,565,565,565,0
2022-07-22 15:19:00,565,565,565,565,0
2022-07-22 15:20:00,565,565,565,565,0
2022-07-22 15:21:00,565,565,565,565,0
2022-07-22 15:22:00,565,565,565,565,0
2022-07-22 15:23:00,565,565,565,565,0
2022-07-22 15:24:00,565,565,565,565,0
2022-07-22 15:25:00,565,565,565,565,0
2022-07-22 15:26:00,565,565,565,565,0
2022-07-22 15:27:00,565,565,565,565,0
2022-07-22 15:28:00,565,565,565,565,0
2022-07-22 15:29:00,565,565,565,565,0
2022-07-22 15:30:00,565,565,565,565,0
2022-07-22 15:31:00,565,565,565,565,0
2022-07-22 15:32:00,565,565,565,565,0
2022-07-22 15:33:00,565,565,565,565,0
2022-07-22 15:34:00,565,565,565,565,0
2022-07-22 15:35:00,565,565,565,565,0
2022-07-22 15:36:00,565,565,565,565,0
2022-07-22 15:37:00,565,565,565,565,0
2022-07-22 15:38:00,565,565,565,565,0
2022-07-22 15:39:00,565,565,565,565,0
2022-07-22 15:40:00,565,565,565,565,0
2022-07-22 15:41:00,565,565,565,565,0
2022-07-22 15:42:00,565,565,565,565,0
2022-07-22 15:43:00,565,565,565,565,0
2022-07-22 15:44:00,565,565,565,565,0
2022-07-22 15:45:00,565,565,565,565,0
2022-07-22 15:46:00,565,565,565,565,0
2022-07-22 15:47:00,565,565,565,565,0
2022-07-22 15:48:00,565,565,565,565,0
2022-07-22 15:49:00,565,565,565,565,0
2022-07-22 15:50:00,565,565,565,565,0
2022-07-22 15:51:00,565,565,565,565,0
2022-07-22 15:52:00,565,565,565,565,0
2022-07-22 15:53:00,565,565,565,565,0
2022-07-22 15:54:00,565,565,565,565,0
2022-07-22 15:55:00,565,565,565,565,0
2022-07-22 15:56:00,565,565,565,565,0
2022-07-22 15:57:00,565,565,565,565,0
2022-07-22 15:58:00,565,565,565,565,0
2022-07-22 15:59:00,565,565,565,565,0
2022-07-25 09:00:00,565,565,570,570,0
2022-07-25 09:01:00,565,565,565,565,0
2022-07-25 09:02:00,560,560,560,560,0
2022-07-25 09:03:00,565,565,565,565,300
2022-07-25 09:04:00,565,565,565,565,0
2022-07-25 09:05:00,565,565,565,565,0
2022-07-25 09:06:00,565,565,565,565,0
2022-07-25 09:07:00,565,565,565,565,0
2022-07-25 09:08:00,565,565,565,565,0
2022-07-25 09:09:00,565,565,565,565,2300
2022-07-25 09:10:00,560,560,560,560,0
2022-07-25 09:11:00,565,565,565,565,500
2022-07-25 09:12:00,560,560,560,560,400
2022-07-25 09:13:00,565,565,565,565,2000
2022-07-25 09:14:00,565,565,565,565,900
2022-07-25 09:15:00,565,565,565,565,0
2022-07-25 09:16:00,565,565,565,565,0
2022-07-25 09:17:00,565,565,565,565,0
2022-07-25 09:18:00,565,565,565,565,0
2022-07-25 09:19:00,565,565,565,565,0
2022-07-25 09:20:00,565,565,565,565,0
2022-07-25 09:21:00,565,565,565,565,0
2022-07-25 09:22:00,565,565,565,565,0
2022-07-25 09:23:00,565,565,565,565,0
2022-07-25 09:24:00,565,565,565,565,0
2022-07-25 09:25:00,565,565,565,565,0
2022-07-25 09:26:00,565,565,565,565,0
2022-07-25 09:27:00,565,565,565,565,0
2022-07-25 09:28:00,565,565,565,565,0
2022-07-25 09:29:00,560,560,560,560,200
2022-07-25 09:30:00,565,565,565,565,500
2022-07-25 09:31:00,565,565,565,565,0
2022-07-25 09:32:00,565,565,565,565,0
2022-07-25 09:33:00,565,565,565,565,0
2022-07-25 09:34:00,565,565,565,565,0
2022-07-25 09:35:00,565,565,565,565,0
2022-07-25 09:36:00,565,565,565,565,0
2022-07-25 09:37:00,565,565,565,565,0
2022-07-25 09:38:00,565,565,565,565,0
2022-07-25 09:39:00,565,565,565,565,0
2022-07-25 09:40:00,565,565,565,565,0
2022-07-25 09:41:00,565,565,565,565,0
2022-07-25 09:42:00,565,565,565,565,0
2022-07-25 09:43:00,565,565,565,565,0
2022-07-25 09:44:00,565,565,565,565,0
2022-07-25 09:45:00,565,565,565,565,0
2022-07-25 09:46:00,565,565,565,565,0
2022-07-25 09:47:00,565,565,565,565,0
2022-07-25 09:48:00,565,565,565,565,0
2022-07-25 09:49:00,565,565,565,565,0
2022-07-25 09:50:00,565,565,565,565,0
2022-07-25 09:51:00,565,565,565,565,0
2022-07-25 09:52:00,565,565,565,565,0
2022-07-25 09:53:00,565,565,565,565,500
2022-07-25 09:54:00,565,565,565,565,0
2022-07-25 09:55:00,565,565,565,565,0
2022-07-25 09:56:00,565,565,565,565,0
2022-07-25 09:57:00,565,565,565,565,0
2022-07-25 09:58:00,560,560,560,560,19600
2022-07-25 09:59:00,560,560,560,560,0
2022-07-25 10:00:00,560,560,560,560,0
2022-07-25 10:01:00,560,560,560,560,0
2022-07-25 10:02:00,560,560,560,560,0
2022-07-25 10:03:00,560,560,560,560,0
2022-07-25 10:04:00,560,560,560,560,0
2022-07-25 10:05:00,560,560,560,560,0
2022-07-25 10:06:00,560,560,560,560,0
2022-07-25 10:07:00,560,560,560,560,0
2022-07-25 10:08:00,560,560,560,560,500
2022-07-25 10:09:00,560,560,560,560,0
2022-07-25 10:10:00,560,560,560,560,0
2022-07-25 10:11:00,560,560,565,565,31000
2022-07-25 10:12:00,560,560,565,565,0
2022-07-25 10:13:00,560,560,565,565,0
2022-07-25 10:14:00,560,560,565,565,0
2022-07-25 10:15:00,560,560,565,565,0
2022-07-25 10:16:00,560,560,565,565,0
2022-07-25 10:17:00,560,560,565,565,0
2022-07-25 10:18:00,560,560,565,565,0
2022-07-25 10:19:00,560,560,565,565,0
2022-07-25 10:20:00,560,560,565,565,0
2022-07-25 10:21:00,560,560,565,565,0
2022-07-25 10:22:00,560,560,565,565,0
2022-07-25 10:23:00,560,560,565,565,0
2022-07-25 10:24:00,560,560,565,565,0
2022-07-25 10:25:00,560,560,565,565,0
2022-07-25 10:26:00,560,560,565,565,0
2022-07-25 10:27:00,560,560,565,565,0
2022-07-25 10:28:00,560,560,565,565,0
2022-07-25 10:29:00,560,560,565,565,0
2022-07-25 10:30:00,560,560,565,565,0
2022-07-25 10:31:00,560,560,565,565,0
2022-07-25 10:32:00,560,560,565,565,0
2022-07-25 10:33:00,560,560,565,565,0
2022-07-25 10:34:00,560,560,565,565,0
2022-07-25 10:35:00,560,560,565,565,0
2022-07-25 10:36:00,560,560,565,565,0
2022-07-25 10:37:00,560,560,565,565,700
2022-07-25 10:38:00,560,560,565,565,0
2022-07-25 10:39:00,560,560,565,565,0
2022-07-25 10:40:00,560,560,565,565,0
2022-07-25 10:41:00,560,560,565,565,0
2022-07-25 10:42:00,560,560,565,565,0
2022-07-25 10:43:00,560,560,565,565,0
2022-07-25 10:44:00,560,560,565,565,0
2022-07-25 10:45:00,560,560,565,565,0
2022-07-25 10:46:00,560,560,565,565,0
2022-07-25 10:47:00,560,560,565,565,0
2022-07-25 10:48:00,560,560,565,565,0
2022-07-25 10:49:00,560,560,565,565,0
2022-07-25 10:50:00,560,560,565,565,0
2022-07-25 10:51:00,560,560,565,565,0
2022-07-25 10:52:00,560,560,565,565,0
2022-07-25 10:53:00,560,560,565,565,0
2022-07-25 10:54:00,560,560,565,565,0
2022-07-25 10:55:00,560,560,565,565,0
2022-07-25 10:56:00,560,560,565,565,0
2022-07-25 10:57:00,560,560,565,565,0
2022-07-25 10:58:00,560,560,565,565,0
2022-07-25 10:59:00,560,560,565,565,0
2022-07-25 11:00:00,560,560,565,565,0
2022-07-25 11:01:00,560,560,565,565,0
2022-07-25 11:02:00,560,560,565,565,0
2022-07-25 11:03:00,560,560,565,565,0
2022-07-25 11:04:00,560,560,565,565,0
2022-07-25 11:05:00,560,560,565,565,0
2022-07-25 11:06:00,560,560,565,565,0
2022-07-25 11:07:00,560,560,565,565,0
2022-07-25 11:08:00,560,560,565,565,0
2022-07-25 11:09:00,560,560,565,565,0
2022-07-25 11:10:00,560,560,565,565,0
2022-07-25 11:11:00,560,560,565,565,0
2022-07-25 11:12:00,560,560,565,565,0
2022-07-25 11:13:00,560,560,565,565,0
2022-07-25 11:14:00,560,560,565,565,0
2022-07-25 11:15:00,560,560,565,565,0
2022-07-25 11:16:00,560,560,565,565,0
2022-07-25 11:17:00,560,560,565,565,0
2022-07-25 11:18:00,560,560,565,565,0
2022-07-25 11:19:00,560,560,565,565,0
2022-07-25 11:20:00,560,560,565,565,0
2022-07-25 11:21:00,560,560,565,565,0
2022-07-25 11:22:00,560,560,565,565,0
2022-07-25 11:23:00,560,560,565,565,0
2022-07-25 11:24:00,560,560,565,565,0
2022-07-25 11:25:00,560,560,565,565,0
2022-07-25 11:26:00,560,560,565,565,0
2022-07-25 11:27:00,560,560,565,565,0
2022-07-25 11:28:00,565,565,565,565,600
2022-07-25 11:29:00,565,565,565,565,200
2022-07-25 11:30:00,565,565,565,565,0
2022-07-25 11:31:00,565,565,565,565,0
2022-07-25 11:32:00,565,565,565,565,0
2022-07-25 11:33:00,565,565,565,565,0
2022-07-25 11:34:00,565,565,565,565,0
2022-07-25 11:35:00,565,565,565,565,0
2022-07-25 11:36:00,565,565,565,565,0
2022-07-25 11:37:00,565,565,565,565,0
2022-07-25 11:38:00,565,565,565,565,0
2022-07-25 11:39:00,565,565,565,565,0
2022-07-25 11:40:00,565,565,565,565,0
2022-07-25 11:41:00,565,565,565,565,0
2022-07-25 11:42:00,565,565,565,565,0
2022-07-25 11:43:00,565,565,565,565,0
2022-07-25 11:44:00,565,565,565,565,0
2022-07-25 11:45:00,565,565,565,565,0
2022-07-25 11:46:00,565,565,565,565,0
2022-07-25 11:47:00,565,565,565,565,0
2022-07-25 11:48:00,565,565,565,565,0
2022-07-25 11:49:00,565,565,565,565,0
2022-07-25 11:50:00,565,565,565,565,0
2022-07-25 11:51:00,565,565,565,565,0
2022-07-25 11:52:00,565,565,565,565,0
2022-07-25 11:53:00,565,565,565,565,0
2022-07-25 11:54:00,565,565,565,565,0
2022-07-25 11:55:00,565,565,565,565,0
2022-07-25 11:56:00,565,565,565,565,0
2022-07-25 11:57:00,565,565,565,565,0
2022-07-25 11:58:00,565,565,565,565,0
2022-07-25 11:59:00,565,565,565,565,0
2022-07-25 12:00:00,565,565,565,565,0
2022-07-25 12:01:00,565,565,565,565,0
2022-07-25 12:02:00,565,565,565,565,0
2022-07-25 12:03:00,565,565,565,565,0
2022-07-25 12:04:00,565,565,565,565,0
2022-07-25 12:05:00,565,565,565,565,0
2022-07-25 12:06:00,565,565,565,565,0
2022-07-25 12:07:00,565,565,565,565,0
2022-07-25 12:08:00,565,565,565,565,0
2022-07-25 12:09:00,565,565,565,565,0
2022-07-25 12:10:00,565,565,565,565,0
2022-07-25 12:11:00,565,565,565,565,0
2022-07-25 12:12:00,565,565,565,565,0
2022-07-25 12:13:00,565,565,565,565,0
2022-07-25 12:14:00,565,565,565,565,0
2022-07-25 12:15:00,565,565,565,565,0
2022-07-25 12:16:00,565,565,565,565,0
2022-07-25 12:17:00,565,565,565,565,0
2022-07-25 12:18:00,565,565,565,565,0
2022-07-25 12:19:00,565,565,565,565,0
2022-07-25 12:20:00,565,565,565,565,0
2022-07-25 12:21:00,565,565,565,565,0
2022-07-25 12:22:00,565,565,565,565,0
2022-07-25 12:23:00,565,565,565,565,0
2022-07-25 12:24:00,565,565,565,565,0
2022-07-25 12:25:00,565,565,565,565,0
2022-07-25 12:26:00,565,565,565,565,0
2022-07-25 12:27:00,565,565,565,565,0
2022-07-25 12:28:00,565,565,565,565,0
2022-07-25 12:29:00,565,565,565,565,0
2022-07-25 12:30:00,565,565,565,565,0
2022-07-25 12:31:00,565,565,565,565,0
2022-07-25 12:32:00,565,565,565,565,0
2022-07-25 12:33:00,565,565,565,565,0
2022-07-25 12:34:00,565,565,565,565,0
2022-07-25 12:35:00,565,565,565,565,0
2022-07-25 12:36:00,565,565,565,565,0
2022-07-25 12:37:00,565,565,565,565,0
2022-07-25 12:38:00,565,565,565,565,0
2022-07-25 12:39:00,565,565,565,565,0
2022-07-25 12:40:00,565,565,565,565,0
2022-07-25 12:41:00,565,565,565,565,0
2022-07-25 12:42:00,565,565,565,565,0
2022-07-25 12:43:00,565,565,565,565,0
2022-07-25 12:44:00,565,565,565,565,0
2022-07-25 12:45:00,565,565,565,565,0
2022-07-25 12:46:00,565,565,565,565,0
2022-07-25 12:47:00,565,565,565,565,0
2022-07-25 12:48:00,565,565,565,565,0
2022-07-25 12:49:00,565,565,565,565,0
2022-07-25 12:50:00,565,565,565,565,0
2022-07-25 12:51:00,565,565,565,565,0
2022-07-25 12:52:00,565,565,565,565,0
2022-07-25 12:53:00,565,565,565,565,0
2022-07-25 12:54:00,565,565,565,565,0
2022-07-25 12:55:00,565,565,565,565,0
2022-07-25 12:56:00,565,565,565,565,0
2022-07-25 12:57:00,565,565,565,565,0
2022-07-25 12:58:00,565,565,565,565,0
2022-07-25 12:59:00,565,565,565,565,0
2022-07-25 13:00:00,565,565,565,565,0
2022-07-25 13:01:00,565,565,565,565,0
2022-07-25 13:02:00,565,565,565,565,0
2022-07-25 13:03:00,565,565,565,565,0
2022-07-25 13:04:00,565,565,565,565,0
2022-07-25 13:05:00,565,565,565,565,0
2022-07-25 13:06:00,565,565,565,565,0
2022-07-25 13:07:00,565,565,565,565,0
2022-07-25 13:08:00,565,565,565,565,0
2022-07-25 13:09:00,565,565,565,565,0
2022-07-25 13:10:00,565,565,565,565,0
2022-07-25 13:11:00,565,565,565,565,0
2022-07-25 13:12:00,565,565,565,565,0
2022-07-25 13:13:00,565,565,565,565,0
2022-07-25 13:14:00,565,565,565,565,0
2022-07-25 13:15:00,565,565,565,565,0
2022-07-25 13:16:00,565,565,565,565,0
2022-07-25 13:17:00,565,565,565,565,0
2022-07-25 13:18:00,565,565,565,565,0
2022-07-25 13:19:00,565,565,565,565,0
2022-07-25 13:20:00,565,565,565,565,0
2022-07-25 13:21:00,565,565,565,565,0
2022-07-25 13:22:00,565,565,565,565,0
2022-07-25 13:23:00,565,565,565,565,0
2022-07-25 13:24:00,565,565,565,565,0
2022-07-25 13:25:00,565,565,565,565,0
2022-07-25 13:26:00,565,565,565,565,0
2022-07-25 13:27:00,565,565,565,565,0
2022-07-25 13:28:00,565,565,565,565,0
2022-07-25 13:29:00,565,565,565,565,0
2022-07-25 13:30:00,565,565,565,565,0
2022-07-25 13:31:00,565,565,565,565,0
2022-07-25 13:32:00,565,565,565,565,0
2022-07-25 13:33:00,565,565,565,565,500
2022-07-25 13:34:00,565,565,565,565,0
2022-07-25 13:35:00,565,565,565,565,0
2022-07-25 13:36:00,565,565,565,565,0
2022-07-25 13:37:00,565,565,565,565,0
2022-07-25 13:38:00,565,565,565,565,0
2022-07-25 13:39:00,565,565,565,565,0
2022-07-25 13:40:00,565,565,565,565,0
2022-07-25 13:41:00,565,565,565,565,0
2022-07-25 13:42:00,565,565,565,565,0
2022-07-25 13:43:00,565,565,565,565,0
2022-07-25 13:44:00,565,565,565,565,0
2022-07-25 13:45:00,565,565,565,565,0
2022-07-25 13:46:00,565,565,565,565,0
2022-07-25 13:47:00,565,565,565,565,0
2022-07-25 13:48:00,565,565,565,565,0
2022-07-25 13:49:00,565,565,565,565,0
2022-07-25 13:50:00,565,565,565,565,0
2022-07-25 13:51:00,565,565,565,565,0
2022-07-25 13:52:00,565,565,565,565,0
2022-07-25 13:53:00,565,565,565,565,0
2022-07-25 13:54:00,565,565,565,565,0
2022-07-25 13:55:00,565,565,565,565,0
2022-07-25 13:56:00,565,565,565,565,0
2022-07-25 13:57:00,565,565,565,565,0
2022-07-25 13:58:00,565,565,565,565,0
2022-07-25 13:59:00,565,565,565,565,0
2022-07-25 14:00:00,565,565,565,565,0
2022-07-25 14:01:00,565,565,565,565,0
2022-07-25 14:02:00,565,565,565,565,300
2022-07-25 14:03:00,565,565,565,565,0
2022-07-25 14:04:00,565,565,565,565,0
2022-07-25 14:05:00,565,565,565,565,0
2022-07-25 14:06:00,565,565,565,565,0
2022-07-25 14:07:00,565,565,565,565,0
2022-07-25 14:08:00,565,565,565,565,0
2022-07-25 14:09:00,565,565,565,565,0
2022-07-25 14:10:00,565,565,565,565,0
2022-07-25 14:11:00,565,565,565,565,0
2022-07-25 14:12:00,565,565,565,565,0
2022-07-25 14:13:00,565,565,565,565,0
2022-07-25 14:14:00,565,565,565,565,0
2022-07-25 14:15:00,565,565,565,565,0
2022-07-25 14:16:00,565,565,565,565,0
2022-07-25 14:17:00,565,565,565,565,0
2022-07-25 14:18:00,565,565,565,565,0
2022-07-25 14:19:00,565,565,565,565,0
2022-07-25 14:20:00,565,565,565,565,0
2022-07-25 14:21:00,565,565,565,565,0
2022-07-25 14:22:00,565,565,565,565,0
2022-07-25 14:23:00,565,565,565,565,0
2022-07-25 14:24:00,565,565,565,565,0
2022-07-25 14:25:00,565,565,565,565,0
2022-07-25 14:26:00,565,565,565,565,700
2022-07-25 14:27:00,565,565,565,565,0
2022-07-25 14:28:00,565,565,565,565,0
2022-07-25 14:29:00,565,565,565,565,0
2022-07-25 14:30:00,565,565,565,565,300
2022-07-25 14:31:00,565,565,565,565,0
2022-07-25 14:32:00,565,565,565,565,0
2022-07-25 14:33:00,565,565,565,565,0
2022-07-25 14:34:00,565,565,565,565,0
2022-07-25 14:35:00,565,565,565,565,500
2022-07-25 14:36:00,565,565,565,565,0
2022-07-25 14:37:00,565,565,565,565,0
2022-07-25 14:38:00,565,565,565,565,0
2022-07-25 14:39:00,565,565,565,565,0
2022-07-25 14:40:00,565,565,565,565,0
2022-07-25 14:41:00,565,565,565,565,0
2022-07-25 14:42:00,565,565,565,565,0
2022-07-25 14:43:00,565,565,565,565,0
2022-07-25 14:44:00,565,565,565,565,0
2022-07-25 14:45:00,565,565,565,565,600
2022-07-25 14:46:00,565,565,565,565,400
2022-07-25 14:47:00,565,565,565,565,400
2022-07-25 14:48:00,565,565,565,565,500
2022-07-25 14:49:00,565,565,565,565,700
2022-07-25 14:50:00,565,565,565,565,0
2022-07-25 14:51:00,565,565,565,565,0
2022-07-25 14:52:00,565,565,565,565,0
2022-07-25 14:53:00,565,565,565,565,0
2022-07-25 14:54:00,565,565,565,565,0
2022-07-25 14:55:00,565,565,565,565,0
2022-07-25 14:56:00,565,565,565,565,0
2022-07-25 14:57:00,565,565,565,565,0
2022-07-25 14:58:00,565,565,565,565,0
2022-07-25 14:59:00,565,565,565,565,0
2022-07-25 15:00:00,565,565,565,565,236900
2022-07-25 15:01:00,565,565,565,565,0
2022-07-25 15:02:00,565,565,565,565,0
2022-07-25 15:03:00,565,565,565,565,0
2022-07-25 15:04:00,565,565,565,565,0
2022-07-25 15:05:00,565,565,565,565,0
2022-07-25 15:06:00,565,565,565,565,0
2022-07-25 15:07:00,565,565,565,565,0
2022-07-25 15:08:00,565,565,565,565,0
2022-07-25 15:09:00,565,565,565,565,0
2022-07-25 15:10:00,565,565,565,565,0
2022-07-25 15:11:00,565,565,565,565,0
2022-07-25 15:12:00,565,565,565,565,0
2022-07-25 15:13:00,565,565,565,565,0
2022-07-25 15:14:00,565,565,565,565,0
2022-07-25 15:15:00,565,565,565,565,0
2022-07-25 15:16:00,565,565,565,565,0
2022-07-25 15:17:00,565,565,565,565,0
2022-07-25 15:18:00,565,565,565,565,0
2022-07-25 15:19:00,565,565,565,565,0
2022-07-25 15:20:00,565,565,565,565,0
2022-07-25 15:21:00,565,565,565,565,0
2022-07-25 15:22:00,565,565,565,565,0
2022-07-25 15:23:00,565,565,565,565,0
2022-07-25 15:24:00,565,565,565,565,0
2022-07-25 15:25:00,565,565,565,565,0
2022-07-25 15:26:00,565,565,565,565,0
2022-07-25 15:27:00,565,565,565,565,0
2022-07-25 15:28:00,565,565,565,565,0
2022-07-25 15:29:00,565,565,565,565,0
2022-07-25 15:30:00,565,565,565,565,0
2022-07-25 15:31:00,565,565,565,565,0
2022-07-25 15:32:00,565,565,565,565,0
2022-07-25 15:33:00,565,565,565,565,0
2022-07-25 15:34:00,565,565,565,565,0
2022-07-25 15:35:00,565,565,565,565,0
2022-07-25 15:36:00,565,565,565,565,0
2022-07-25 15:37:00,565,565,565,565,0
2022-07-25 15:38:00,565,565,565,565,0
2022-07-25 15:39:00,565,565,565,565,0
2022-07-25 15:40:00,565,565,565,565,0
2022-07-25 15:41:00,565,565,565,565,0
2022-07-25 15:42:00,565,565,565,565,0
2022-07-25 15:43:00,565,565,565,565,0
2022-07-25 15:44:00,565,565,565,565,0
2022-07-25 15:45:00,565,565,565,565,0
2022-07-25 15:46:00,565,565,565,565,0
2022-07-25 15:47:00,565,565,565,565,0
2022-07-25 15:48:00,565,565,565,565,0
2022-07-25 15:49:00,565,565,565,565,0
2022-07-25 15:50:00,565,565,565,565,0
2022-07-25 15:51:00,565,565,565,565,0
2022-07-25 15:52:00,565,565,565,565,0
2022-07-25 15:53:00,565,565,565,565,0
2022-07-25 15:54:00,565,565,565,565,0
2022-07-25 15:55:00,565,565,565,565,0
2022-07-25 15:56:00,565,565,565,565,0
2022-07-25 15:57:00,565,565,565,565,0
2022-07-25 15:58:00,565,565,565,565,0
2022-07-25 15:59:00,565,565,565,565,0
2022-07-26 09:00:00,565,560,565,560,0
2022-07-26 09:01:00,565,565,565,565,0
2022-07-26 09:02:00,565,565,565,565,0
2022-07-26 09:03:00,565,565,565,565,0
2022-07-26 09:04:00,565,565,565,565,0
2022-07-26 09:05:00,565,565,565,565,0
2022-07-26 09:06:00,565,565,565,565,0
2022-07-26 09:07:00,565,565,565,565,0
2022-07-26 09:08:00,565,565,565,565,500
2022-07-26 09:09:00,565,565,565,565,0
2022-07-26 09:10:00,565,565,565,565,0
2022-07-26 09:11:00,565,565,565,565,0
2022-07-26 09:12:00,565,565,565,565,0
2022-07-26 09:13:00,560,560,560,560,41700
2022-07-26 09:14:00,560,560,565,565,8900
2022-07-26 09:15:00,560,560,565,565,0
2022-07-26 09:16:00,560,560,565,565,0
2022-07-26 09:17:00,560,560,565,565,0
2022-07-26 09:18:00,565,565,565,565,0
2022-07-26 09:19:00,565,565,565,565,0
2022-07-26 09:20:00,565,565,565,565,0
2022-07-26 09:21:00,565,565,565,565,0
2022-07-26 09:22:00,565,565,565,565,0
2022-07-26 09:23:00,565,565,565,565,0
2022-07-26 09:24:00,565,565,565,565,0
2022-07-26 09:25:00,565,565,565,565,0
2022-07-26 09:26:00,565,565,565,565,400
2022-07-26 09:27:00,565,565,565,565,0
2022-07-26 09:28:00,565,565,565,565,0
2022-07-26 09:29:00,565,565,565,565,0
2022-07-26 09:30:00,565,565,565,565,0
2022-07-26 09:31:00,565,565,565,565,0
2022-07-26 09:32:00,565,565,565,565,300
2022-07-26 09:33:00,565,565,565,565,0
2022-07-26 09:34:00,565,565,565,565,0
2022-07-26 09:35:00,565,565,565,565,0
2022-07-26 09:36:00,565,565,565,565,0
2022-07-26 09:37:00,565,565,565,565,0
2022-07-26 09:38:00,565,565,565,565,0
2022-07-26 09:39:00,565,565,565,565,0
2022-07-26 09:40:00,565,565,565,565,0
2022-07-26 09:41:00,565,565,565,565,0
2022-07-26 09:42:00,565,565,565,565,0
2022-07-26 09:43:00,565,565,565,565,0
2022-07-26 09:44:00,565,565,565,565,0
2022-07-26 09:45:00,565,565,565,565,0
2022-07-26 09:46:00,565,565,565,565,0
2022-07-26 09:47:00,565,565,565,565,0
2022-07-26 09:48:00,565,565,565,565,0
2022-07-26 09:49:00,565,565,565,565,0
2022-07-26 09:50:00,565,565,565,565,0
2022-07-26 09:51:00,565,565,565,565,0
2022-07-26 09:52:00,565,565,565,565,0
2022-07-26 09:53:00,565,565,565,565,0
2022-07-26 09:54:00,565,565,565,565,0
2022-07-26 09:55:00,565,565,565,565,0
2022-07-26 09:56:00,565,565,565,565,0
2022-07-26 09:57:00,565,565,565,565,0
2022-07-26 09:58:00,565,565,565,565,0
2022-07-26 09:59:00,565,565,565,565,0
2022-07-26 10:00:00,565,565,565,565,0
2022-07-26 10:01:00,565,565,565,565,0
2022-07-26 10:02:00,565,565,565,565,0
2022-07-26 10:03:00,565,565,565,565,0
2022-07-26 10:04:00,565,565,565,565,0
2022-07-26 10:05:00,565,565,565,565,0
2022-07-26 10:06:00,565,565,565,565,0
2022-07-26 10:07:00,565,565,565,565,0
2022-07-26 10:08:00,565,565,565,565,0
2022-07-26 10:09:00,565,565,565,565,0
2022-07-26 10:10:00,565,565,565,565,0
2022-07-26 10:11:00,565,565,565,565,0
2022-07-26 10:12:00,565,565,565,565,0
2022-07-26 10:13:00,565,565,565,565,0
2022-07-26 10:14:00,565,565,565,565,0
2022-07-26 10:15:00,565,565,565,565,0
2022-07-26 10:16:00,565,565,565,565,0
2022-07-26 10:17:00,565,565,565,565,0
2022-07-26 10:18:00,565,565,565,565,0
2022-07-26 10:19:00,565,565,565,565,0
2022-07-26 10:20:00,565,565,565,565,0
2022-07-26 10:21:00,565,565,565,565,0
2022-07-26 10:22:00,565,565,565,565,0
2022-07-26 10:23:00,565,565,565,565,0
2022-07-26 10:24:00,565,565,565,565,0
2022-07-26 10:25:00,565,565,565,565,0
2022-07-26 10:26:00,565,565,565,565,0
2022-07-26 10:27:00,565,565,565,565,0
2022-07-26 10:28:00,565,565,565,565,0
2022-07-26 10:29:00,565,565,565,565,0
2022-07-26 10:30:00,565,565,565,565,0
2022-07-26 10:31:00,565,565,565,565,0
2022-07-26 10:32:00,565,565,565,565,0
2022-07-26 10:33:00,565,565,565,565,0
2022-07-26 10:34:00,565,565,565,565,0
2022-07-26 10:35:00,565,565,565,565,0
2022-07-26 10:36:00,565,565,565,565,0
2022-07-26 10:37:00,565,565,565,565,100
2022-07-26 10:38:00,565,565,565,565,0
2022-07-26 10:39:00,565,565,565,565,0
2022-07-26 10:40:00,565,565,565,565,0
2022-07-26 10:41:00,565,565,565,565,0
2022-07-26 10:42:00,565,565,565,565,0
2022-07-26 10:43:00,565,565,565,565,0
2022-07-26 10:44:00,565,565,565,565,0
2022-07-26 10:45:00,565,565,565,565,0
2022-07-26 10:46:00,565,565,565,565,0
2022-07-26 10:47:00,565,565,565,565,0
2022-07-26 10:48:00,565,565,565,565,0
2022-07-26 10:49:00,565,565,565,565,0
2022-07-26 10:50:00,565,565,565,565,0
2022-07-26 10:51:00,565,565,565,565,600
2022-07-26 10:52:00,565,565,565,565,0
2022-07-26 10:53:00,560,560,565,565,800
2022-07-26 10:54:00,565,565,565,565,0
2022-07-26 10:55:00,565,565,565,565,0
2022-07-26 10:56:00,565,565,565,565,0
2022-07-26 10:57:00,565,565,565,565,0
2022-07-26 10:58:00,565,565,565,565,0
2022-07-26 10:59:00,565,565,565,565,0
2022-07-26 11:00:00,565,565,565,565,0
2022-07-26 11:01:00,565,565,565,565,0
2022-07-26 11:02:00,565,565,565,565,0
2022-07-26 11:03:00,565,565,565,565,0
2022-07-26 11:04:00,565,565,565,565,0
2022-07-26 11:05:00,565,565,565,565,0
2022-07-26 11:06:00,565,565,565,565,0
2022-07-26 11:07:00,565,565,565,565,0
2022-07-26 11:08:00,565,565,565,565,0
2022-07-26 11:09:00,565,565,565,565,0
2022-07-26 11:10:00,565,565,565,565,0
2022-07-26 11:11:00,565,565,565,565,0
2022-07-26 11:12:00,565,565,565,565,0
2022-07-26 11:13:00,565,565,565,565,0
2022-07-26 11:14:00,565,565,565,565,0
2022-07-26 11:15:00,565,565,565,565,0
2022-07-26 11:16:00,565,565,565,565,0
2022-07-26 11:17:00,565,565,565,565,0
2022-07-26 11:18:00,565,565,565,565,0
2022-07-26 11:19:00,565,565,565,565,0
2022-07-26 11:20:00,565,565,565,565,0
2022-07-26 11:21:00,565,565,565,565,0
2022-07-26 11:22:00,565,565,565,565,0
2022-07-26 11:23:00,565,565,565,565,0
2022-07-26 11:24:00,565,565,565,565,0
2022-07-26 11:25:00,565,565,565,565,0
2022-07-26 11:26:00,560,560,565,565,900
2022-07-26 11:27:00,560,560,565,565,0
2022-07-26 11:28:00,565,565,565,565,0
2022-07-26 11:29:00,565,565,565,565,0
2022-07-26 11:30:00,565,565,565,565,0
2022-07-26 11:31:00,565,565,565,565,0
2022-07-26 11:32:00,565,565,565,565,0
2022-07-26 11:33:00,565,565,565,565,0
2022-07-26 11:34:00,565,565,565,565,0
2022-07-26 11:35:00,565,565,565,565,0
2022-07-26 11:36:00,565,565,565,565,0
2022-07-26 11:37:00,565,565,565,565,0
2022-07-26 11:38:00,565,565,565,565,0
2022-07-26 11:39:00,565,565,565,565,0
2022-07-26 11:40:00,565,565,565,565,0
2022-07-26 11:41:00,565,565,565,565,0
2022-07-26 11:42:00,565,565,565,565,0
2022-07-26 11:43:00,565,565,565,565,0
2022-07-26 11:44:00,565,565,565,565,0
2022-07-26 11:45:00,565,565,565,565,0
2022-07-26 11:46:00,565,565,565,565,0
2022-07-26 11:47:00,565,565,565,565,0
2022-07-26 11:48:00,565,565,565,565,0
2022-07-26 11:49:00,565,565,565,565,0
2022-07-26 11:50:00,565,565,565,565,0
2022-07-26 11:51:00,565,565,565,565,0
2022-07-26 11:52:00,565,565,565,565,0
2022-07-26 11:53:00,565,565,565,565,0
2022-07-26 11:54:00,565,565,565,565,0
2022-07-26 11:55:00,565,565,565,565,0
2022-07-26 11:56:00,565,565,565,565,0
2022-07-26 11:57:00,565,565,565,565,0
2022-07-26 11:58:00,565,565,565,565,0
2022-07-26 11:59:00,565,565,565,565,0
2022-07-26 12:00:00,565,565,565,565,0
2022-07-26 12:01:00,565,565,565,565,0
2022-07-26 12:02:00,565,565,565,565,0
2022-07-26 12:03:00,565,565,565,565,0
2022-07-26 12:04:00,565,565,565,565,0
2022-07-26 12:05:00,565,565,565,565,0
2022-07-26 12:06:00,565,565,565,565,0
2022-07-26 12:07:00,565,565,565,565,0
2022-07-26 12:08:00,565,565,565,565,0
2022-07-26 12:09:00,565,565,565,565,0
2022-07-26 12:10:00,565,565,565,565,0
2022-07-26 12:11:00,565,565,565,565,0
2022-07-26 12:12:00,565,565,565,565,0
2022-07-26 12:13:00,565,565,565,565,0
2022-07-26 12:14:00,565,565,565,565,0
2022-07-26 12:15:00,565,565,565,565,0
2022-07-26 12:16:00,565,565,565,565,0
2022-07-26 12:17:00,565,565,565,565,0
2022-07-26 12:18:00,565,565,565,565,0
2022-07-26 12:19:00,565,565,565,565,0
2022-07-26 12:20:00,565,565,565,565,0
2022-07-26 12:21:00,565,565,565,565,0
2022-07-26 12:22:00,565,565,565,565,0
2022-07-26 12:23:00,565,565,565,565,0
2022-07-26 12:24:00,565,565,565,565,0
2022-07-26 12:25:00,565,565,565,565,0
2022-07-26 12:26:00,565,565,565,565,0
2022-07-26 12:27:00,565,565,565,565,0
2022-07-26 12:28:00,565,565,565,565,0
2022-07-26 12:29:00,565,565,565,565,0
2022-07-26 12:30:00,565,565,565,565,0
2022-07-26 12:31:00,565,565,565,565,0
2022-07-26 12:32:00,565,565,565,565,0
2022-07-26 12:33:00,565,565,565,565,0
2022-07-26 12:34:00,565,565,565,565,0
2022-07-26 12:35:00,565,565,565,565,0
2022-07-26 12:36:00,565,565,565,565,0
2022-07-26 12:37:00,565,565,565,565,0
2022-07-26 12:38:00,565,565,565,565,0
2022-07-26 12:39:00,565,565,565,565,0
2022-07-26 12:40:00,565,565,565,565,0
2022-07-26 12:41:00,565,565,565,565,0
2022-07-26 12:42:00,565,565,565,565,0
2022-07-26 12:43:00,565,565,565,565,0
2022-07-26 12:44:00,565,565,565,565,0
2022-07-26 12:45:00,565,565,565,565,0
2022-07-26 12:46:00,565,565,565,565,0
2022-07-26 12:47:00,565,565,565,565,0
2022-07-26 12:48:00,565,565,565,565,0
2022-07-26 12:49:00,565,565,565,565,0
2022-07-26 12:50:00,565,565,565,565,0
2022-07-26 12:51:00,565,565,565,565,0
2022-07-26 12:52:00,565,565,565,565,0
2022-07-26 12:53:00,565,565,565,565,0
2022-07-26 12:54:00,565,565,565,565,0
2022-07-26 12:55:00,565,565,565,565,0
2022-07-26 12:56:00,565,565,565,565,0
2022-07-26 12:57:00,565,565,565,565,0
2022-07-26 12:58:00,565,565,565,565,0
2022-07-26 12:59:00,565,565,565,565,0
2022-07-26 13:00:00,565,565,565,565,0
2022-07-26 13:01:00,565,565,565,565,0
2022-07-26 13:02:00,565,565,565,565,0
2022-07-26 13:03:00,565,565,565,565,0
2022-07-26 13:04:00,565,565,565,565,0
2022-07-26 13:05:00,565,565,565,565,0
2022-07-26 13:06:00,565,565,565,565,0
2022-07-26 13:07:00,565,565,565,565,0
2022-07-26 13:08:00,565,565,565,565,0
2022-07-26 13:09:00,565,565,565,565,0
2022-07-26 13:10:00,565,565,565,565,0
2022-07-26 13:11:00,565,565,565,565,0
2022-07-26 13:12:00,565,565,565,565,0
2022-07-26 13:13:00,565,565,565,565,0
2022-07-26 13:14:00,565,565,565,565,0
2022-07-26 13:15:00,565,565,565,565,0
2022-07-26 13:16:00,565,565,565,565,0
2022-07-26 13:17:00,565,565,565,565,0
2022-07-26 13:18:00,565,565,565,565,0
2022-07-26 13:19:00,565,565,565,565,0
2022-07-26 13:20:00,565,565,565,565,0
2022-07-26 13:21:00,565,565,565,565,0
2022-07-26 13:22:00,565,565,565,565,0
2022-07-26 13:23:00,565,565,565,565,0
2022-07-26 13:24:00,565,565,565,565,0
2022-07-26 13:25:00,565,565,565,565,0
2022-07-26 13:26:00,565,565,565,565,0
2022-07-26 13:27:00,565,565,565,565,0
2022-07-26 13:28:00,565,565,565,565,0
2022-07-26 13:29:00,565,565,565,565,0
2022-07-26 13:30:00,560,560,560,560,12900
2022-07-26 13:31:00,565,565,565,565,0
2022-07-26 13:32:00,565,565,565,565,54700
2022-07-26 13:33:00,565,565,565,565,0
2022-07-26 13:34:00,565,565,565,565,0
2022-07-26 13:35:00,565,565,565,565,0
2022-07-26 13:36:00,565,565,565,565,0
2022-07-26 13:37:00,565,565,565,565,0
2022-07-26 13:38:00,565,565,565,565,0
2022-07-26 13:39:00,565,565,565,565,0
2022-07-26 13:40:00,565,565,565,565,0
2022-07-26 13:41:00,565,565,565,565,0
2022-07-26 13:42:00,565,565,565,565,0
2022-07-26 13:43:00,565,565,565,565,0
2022-07-26 13:44:00,565,565,565,565,0
2022-07-26 13:45:00,565,565,565,565,0
2022-07-26 13:46:00,565,565,565,565,0
2022-07-26 13:47:00,565,565,565,565,0
2022-07-26 13:48:00,565,565,565,565,0
2022-07-26 13:49:00,565,565,565,565,0
2022-07-26 13:50:00,565,565,565,565,600
2022-07-26 13:51:00,565,565,565,565,0
2022-07-26 13:52:00,565,565,565,565,0
2022-07-26 13:53:00,565,565,565,565,0
2022-07-26 13:54:00,565,565,565,565,0
2022-07-26 13:55:00,565,565,565,565,0
2022-07-26 13:56:00,565,565,565,565,0
2022-07-26 13:57:00,565,565,565,565,0
2022-07-26 13:58:00,565,565,565,565,0
2022-07-26 13:59:00,565,565,565,565,0
2022-07-26 14:00:00,565,565,565,565,0
2022-07-26 14:01:00,565,565,565,565,0
2022-07-26 14:02:00,565,565,565,565,0
2022-07-26 14:03:00,565,565,565,565,0
2022-07-26 14:04:00,565,565,565,565,0
2022-07-26 14:05:00,565,565,565,565,0
2022-07-26 14:06:00,565,565,565,565,0
2022-07-26 14:07:00,565,565,565,565,0
2022-07-26 14:08:00,565,565,565,565,0
2022-07-26 14:09:00,565,565,565,565,0
2022-07-26 14:10:00,565,565,565,565,0
2022-07-26 14:11:00,565,565,565,565,0
2022-07-26 14:12:00,565,565,565,565,0
2022-07-26 14:13:00,565,565,565,565,0
2022-07-26 14:14:00,565,565,565,565,0
2022-07-26 14:15:00,565,565,565,565,0
2022-07-26 14:16:00,565,565,565,565,0
2022-07-26 14:17:00,565,565,565,565,0
2022-07-26 14:18:00,565,565,565,565,0
2022-07-26 14:19:00,565,565,565,565,0
2022-07-26 14:20:00,565,565,565,565,0
2022-07-26 14:21:00,565,565,565,565,0
2022-07-26 14:22:00,565,565,565,565,0
2022-07-26 14:23:00,565,565,565,565,0
2022-07-26 14:24:00,565,565,565,565,0
2022-07-26 14:25:00,565,565,565,565,0
2022-07-26 14:26:00,565,565,565,565,0
2022-07-26 14:27:00,565,565,565,565,0
2022-07-26 14:28:00,565,565,565,565,0
2022-07-26 14:29:00,565,565,565,565,0
2022-07-26 14:30:00,565,565,565,565,600
2022-07-26 14:31:00,565,565,565,565,0
2022-07-26 14:32:00,565,565,565,565,0
2022-07-26 14:33:00,565,565,565,565,0
2022-07-26 14:34:00,565,565,565,565,0
2022-07-26 14:35:00,565,565,565,565,0
2022-07-26 14:36:00,565,565,565,565,0
2022-07-26 14:37:00,565,565,565,565,300
2022-07-26 14:38:00,560,560,565,565,19700
2022-07-26 14:39:00,565,565,565,565,0
2022-07-26 14:40:00,565,565,565,565,0
2022-07-26 14:41:00,560,560,560,560,1400
2022-07-26 14:42:00,565,565,565,565,500
2022-07-26 14:43:00,565,565,565,565,0
2022-07-26 14:44:00,565,565,565,565,100
2022-07-26 14:45:00,565,565,565,565,0
2022-07-26 14:46:00,565,565,565,565,0
2022-07-26 14:47:00,565,565,565,565,0
2022-07-26 14:48:00,565,560,565,560,2400
2022-07-26 14:49:00,565,565,565,565,700
2022-07-26 14:50:00,565,565,565,565,0
2022-07-26 14:51:00,565,565,565,565,0
2022-07-26 14:52:00,565,565,565,565,0
2022-07-26 14:53:00,565,565,565,565,0
2022-07-26 14:54:00,565,565,565,565,0
2022-07-26 14:55:00,565,565,565,565,0
2022-07-26 14:56:00,565,565,565,565,0
2022-07-26 14:57:00,565,565,565,565,0
2022-07-26 14:58:00,565,565,565,565,0
2022-07-26 14:59:00,565,565,565,565,0
2022-07-26 15:00:00,565,565,565,565,47100
2022-07-26 15:01:00,565,565,565,565,243700
2022-07-26 15:02:00,565,565,565,565,0
2022-07-26 15:03:00,565,565,565,565,0
2022-07-26 15:04:00,565,565,565,565,0
2022-07-26 15:05:00,565,565,565,565,0
2022-07-26 15:06:00,565,565,565,565,0
2022-07-26 15:07:00,565,565,565,565,0
2022-07-26 15:08:00,565,565,565,565,0
2022-07-26 15:09:00,565,565,565,565,0
2022-07-26 15:10:00,565,565,565,565,0
2022-07-26 15:11:00,565,565,565,565,0
2022-07-26 15:12:00,565,565,565,565,0
2022-07-26 15:13:00,565,565,565,565,0
2022-07-26 15:14:00,565,565,565,565,0
2022-07-26 15:15:00,565,565,565,565,0
2022-07-26 15:16:00,565,565,565,565,0
2022-07-26 15:17:00,565,565,565,565,0
2022-07-26 15:18:00,565,565,565,565,0
2022-07-26 15:19:00,565,565,565,565,0
2022-07-26 15:20:00,565,565,565,565,0
2022-07-26 15:21:00,565,565,565,565,0
2022-07-26 15:22:00,565,565,565,565,0
2022-07-26 15:23:00,565,565,565,565,0
2022-07-26 15:24:00,565,565,565,565,0
2022-07-26 15:25:00,565,565,565,565,0
2022-07-26 15:26:00,565,565,565,565,0
2022-07-26 15:27:00,565,565,565,565,0
2022-07-26 15:28:00,565,565,565,565,0
2022-07-26 15:29:00,565,565,565,565,0
2022-07-26 15:30:00,565,565,565,565,0
2022-07-26 15:31:00,565,565,565,565,0
2022-07-26 15:32:00,565,565,565,565,0
2022-07-26 15:33:00,565,565,565,565,0
2022-07-26 15:34:00,565,565,565,565,0
2022-07-26 15:35:00,565,565,565,565,0
2022-07-26 15:36:00,565,565,565,565,0
2022-07-26 15:37:00,565,565,565,565,0
2022-07-26 15:38:00,565,565,565,565,0
2022-07-26 15:39:00,565,565,565,565,0
2022-07-26 15:40:00,565,565,565,565,0
2022-07-26 15:41:00,565,565,565,565,0
2022-07-26 15:42:00,565,565,565,565,0
2022-07-26 15:43:00,565,565,565,565,0
2022-07-26 15:44:00,565,565,565,565,0
2022-07-26 15:45:00,565,565,565,565,0
2022-07-26 15:46:00,565,565,565,565,0
2022-07-26 15:47:00,565,565,565,565,0
2022-07-26 15:48:00,565,565,565,565,0
2022-07-26 15:49:00,565,565,565,565,0
2022-07-26 15:50:00,565,565,565,565,0
2022-07-26 15:51:00,565,565,565,565,0
2022-07-26 15:52:00,565,565,565,565,0
2022-07-26 15:53:00,565,565,565,565,0
2022-07-26 15:54:00,565,565,565,565,0
2022-07-26 15:55:00,565,565,565,565,0
2022-07-26 15:56:00,565,565,565,565,0
2022-07-26 15:57:00,565,565,565,565,0
2022-07-26 15:58:00,565,565,565,565,0
2022-07-26 15:59:00,565,565,565,565,0
2022-07-27 09:00:00,565,565,565,565,0
2022-07-27 09:01:00,565,565,565,565,0
2022-07-27 09:02:00,565,565,565,565,0
2022-07-27 09:03:00,560,560,565,565,50500
2022-07-27 09:04:00,565,565,565,565,100
2022-07-27 09:05:00,565,565,565,565,0
2022-07-27 09:06:00,565,565,565,565,0
2022-07-27 09:07:00,565,565,565,565,0
2022-07-27 09:08:00,565,565,565,565,0
2022-07-27 09:09:00,565,565,565,565,0
2022-07-27 09:10:00,560,560,560,560,0
2022-07-27 09:11:00,560,560,565,565,400
2022-07-27 09:12:00,560,560,565,565,0
2022-07-27 09:13:00,560,560,565,565,0
2022-07-27 09:14:00,560,560,565,565,0
2022-07-27 09:15:00,560,560,565,565,0
2022-07-27 09:16:00,560,560,565,565,0
2022-07-27 09:17:00,560,560,565,565,0
2022-07-27 09:18:00,560,560,565,565,0
2022-07-27 09:19:00,560,560,565,565,0
2022-07-27 09:20:00,560,560,565,565,0
2022-07-27 09:21:00,560,560,565,565,0
2022-07-27 09:22:00,560,560,565,565,0
2022-07-27 09:23:00,560,560,565,565,0
2022-07-27 09:24:00,560,560,565,565,0
2022-07-27 09:25:00,560,560,565,565,0
2022-07-27 09:26:00,560,560,565,565,0
2022-07-27 09:27:00,560,560,565,565,0
2022-07-27 09:28:00,560,560,565,565,0
2022-07-27 09:29:00,560,560,565,565,0
2022-07-27 09:30:00,560,560,565,565,0
2022-07-27 09:31:00,560,560,565,565,0
2022-07-27 09:32:00,560,560,565,565,0
2022-07-27 09:33:00,560,560,565,565,0
2022-07-27 09:34:00,560,560,565,565,0
2022-07-27 09:35:00,560,560,565,565,0
2022-07-27 09:36:00,560,560,565,565,0
2022-07-27 09:37:00,560,560,565,565,0
2022-07-27 09:38:00,560,560,565,565,0
2022-07-27 09:39:00,560,560,565,565,0
2022-07-27 09:40:00,560,560,565,565,0
2022-07-27 09:41:00,560,560,565,565,0
2022-07-27 09:42:00,560,560,565,565,0
2022-07-27 09:43:00,560,560,565,565,0
2022-07-27 09:44:00,560,560,565,565,0
2022-07-27 09:45:00,560,560,565,565,0
2022-07-27 09:46:00,560,560,565,565,0
2022-07-27 09:47:00,560,560,565,565,0
2022-07-27 09:48:00,560,560,560,560,5000
2022-07-27 09:49:00,560,560,565,565,2600
2022-07-27 09:50:00,565,565,565,565,0
2022-07-27 09:51:00,565,565,565,565,0
2022-07-27 09:52:00,565,565,565,565,0
2022-07-27 09:53:00,565,565,565,565,0
2022-07-27 09:54:00,565,565,565,565,0
2022-07-27 09:55:00,565,565,565,565,0
2022-07-27 09:56:00,565,565,565,565,0
2022-07-27 09:57:00,565,565,565,565,0
2022-07-27 09:58:00,565,565,565,565,0
2022-07-27 09:59:00,565,565,565,565,0
2022-07-27 10:00:00,565,565,565,565,0
2022-07-27 10:01:00,565,565,565,565,0
2022-07-27 10:02:00,565,565,565,565,0
2022-07-27 10:03:00,565,565,565,565,0
2022-07-27 10:04:00,565,565,565,565,0
2022-07-27 10:05:00,565,565,565,565,1200
2022-07-27 10:06:00,565,565,565,565,0
2022-07-27 10:07:00,565,565,565,565,0
2022-07-27 10:08:00,565,565,565,565,0
2022-07-27 10:09:00,565,565,565,565,0
2022-07-27 10:10:00,565,565,565,565,0
2022-07-27 10:11:00,565,565,565,565,0
2022-07-27 10:12:00,565,565,565,565,0
2022-07-27 10:13:00,565,565,565,565,0
2022-07-27 10:14:00,565,565,565,565,0
2022-07-27 10:15:00,565,565,565,565,0
2022-07-27 10:16:00,565,565,565,565,0
2022-07-27 10:17:00,565,565,565,565,0
2022-07-27 10:18:00,565,565,565,565,0
2022-07-27 10:19:00,565,565,565,565,0
2022-07-27 10:20:00,565,565,565,565,0
2022-07-27 10:21:00,565,565,565,565,0
2022-07-27 10:22:00,565,565,565,565,0
2022-07-27 10:23:00,565,565,565,565,0
2022-07-27 10:24:00,565,565,565,565,0
2022-07-27 10:25:00,565,565,565,565,0
2022-07-27 10:26:00,565,565,565,565,0
2022-07-27 10:27:00,565,565,565,565,0
2022-07-27 10:28:00,565,565,565,565,0
2022-07-27 10:29:00,565,565,565,565,0
2022-07-27 10:30:00,565,565,565,565,0
2022-07-27 10:31:00,565,565,565,565,0
2022-07-27 10:32:00,565,565,565,565,0
2022-07-27 10:33:00,565,565,565,565,0
2022-07-27 10:34:00,565,565,565,565,0
2022-07-27 10:35:00,565,565,565,565,0
2022-07-27 10:36:00,565,565,565,565,0
2022-07-27 10:37:00,565,565,565,565,0
2022-07-27 10:38:00,565,565,565,565,0
2022-07-27 10:39:00,565,565,565,565,0
2022-07-27 10:40:00,565,565,565,565,0
2022-07-27 10:41:00,565,565,565,565,0
2022-07-27 10:42:00,565,565,565,565,0
2022-07-27 10:43:00,565,565,565,565,0
2022-07-27 10:44:00,565,565,565,565,0
2022-07-27 10:45:00,565,565,565,565,0
2022-07-27 10:46:00,565,565,565,565,0
2022-07-27 10:47:00,565,565,565,565,0
2022-07-27 10:48:00,565,565,565,565,0
2022-07-27 10:49:00,565,565,565,565,0
2022-07-27 10:50:00,565,565,565,565,0
2022-07-27 10:51:00,565,565,565,565,0
2022-07-27 10:52:00,565,565,565,565,0
2022-07-27 10:53:00,565,565,565,565,0
2022-07-27 10:54:00,565,565,565,565,0
2022-07-27 10:55:00,565,565,565,565,0
2022-07-27 10:56:00,565,565,565,565,0
2022-07-27 10:57:00,565,565,565,565,0
2022-07-27 10:58:00,565,565,565,565,0
2022-07-27 10:59:00,565,565,565,565,0
2022-07-27 11:00:00,560,560,560,560,1400
2022-07-27 11:01:00,565,565,565,565,300
2022-07-27 11:02:00,565,565,565,565,0
2022-07-27 11:03:00,565,565,565,565,0
2022-07-27 11:04:00,565,565,565,565,0
2022-07-27 11:05:00,565,565,565,565,0
2022-07-27 11:06:00,565,565,565,565,0
2022-07-27 11:07:00,565,565,565,565,0
2022-07-27 11:08:00,565,565,565,565,0
2022-07-27 11:09:00,565,565,565,565,0
2022-07-27 11:10:00,565,565,565,565,0
2022-07-27 11:11:00,565,565,565,565,0
2022-07-27 11:12:00,565,565,565,565,0
2022-07-27 11:13:00,565,565,565,565,0
2022-07-27 11:14:00,565,565,565,565,0
2022-07-27 11:15:00,565,565,565,565,0
2022-07-27 11:16:00,565,565,565,565,0
2022-07-27 11:17:00,565,565,565,565,0
2022-07-27 11:18:00,565,565,565,565,0
2022-07-27 11:19:00,565,565,565,565,0
2022-07-27 11:20:00,565,565,565,565,0
2022-07-27 11:21:00,565,565,565,565,0
2022-07-27 11:22:00,565,565,565,565,0
2022-07-27 11:23:00,565,565,565,565,0
2022-07-27 11:24:00,565,565,565,565,700
2022-07-27 11:25:00,565,565,565,565,400
2022-07-27 11:26:00,565,565,565,565,100
2022-07-27 11:27:00,565,565,565,565,200
2022-07-27 11:28:00,565,565,565,565,400
2022-07-27 11:29:00,565,565,565,565,200
2022-07-27 11:30:00,565,565,565,565,0
2022-07-27 11:31:00,565,565,565,565,0
2022-07-27 11:32:00,565,565,565,565,0
2022-07-27 11:33:00,565,565,565,565,0
2022-07-27 11:34:00,565,565,565,565,0
2022-07-27 11:35:00,565,565,565,565,0
2022-07-27 11:36:00,565,565,565,565,0
2022-07-27 11:37:00,565,565,565,565,0
2022-07-27 11:38:00,565,565,565,565,0
2022-07-27 11:39:00,565,565,565,565,0
2022-07-27 11:40:00,565,565,565,565,0
2022-07-27 11:41:00,565,565,565,565,0
2022-07-27 11:42:00,565,565,565,565,0
2022-07-27 11:43:00,565,565,565,565,0
2022-07-27 11:44:00,565,565,565,565,0
2022-07-27 11:45:00,565,565,565,565,0
2022-07-27 11:46:00,565,565,565,565,0
2022-07-27 11:47:00,565,565,565,565,0
2022-07-27 11:48:00,565,565,565,565,0
2022-07-27 11:49:00,565,565,565,565,0
2022-07-27 11:50:00,565,565,565,565,0
2022-07-27 11:51:00,565,565,565,565,0
2022-07-27 11:52:00,565,565,565,565,0
2022-07-27 11:53:00,565,565,565,565,0
2022-07-27 11:54:00,565,565,565,565,0
2022-07-27 11:55:00,565,565,565,565,0
2022-07-27 11:56:00,565,565,565,565,0
2022-07-27 11:57:00,565,565,565,565,0
2022-07-27 11:58:00,565,565,565,565,0
2022-07-27 11:59:00,565,565,565,565,0
2022-07-27 12:00:00,565,565,565,565,0
2022-07-27 12:01:00,565,565,565,565,0
2022-07-27 12:02:00,565,565,565,565,0
2022-07-27 12:03:00,565,565,565,565,0
2022-07-27 12:04:00,565,565,565,565,0
2022-07-27 12:05:00,565,565,565,565,0
2022-07-27 12:06:00,565,565,565,565,0
2022-07-27 12:07:00,565,565,565,565,0
2022-07-27 12:08:00,565,565,565,565,0
2022-07-27 12:09:00,565,565,565,565,0
2022-07-27 12:10:00,565,565,565,565,0
2022-07-27 12:11:00,565,565,565,565,0
2022-07-27 12:12:00,565,565,565,565,0
2022-07-27 12:13:00,565,565,565,565,0
2022-07-27 12:14:00,565,565,565,565,0
2022-07-27 12:15:00,565,565,565,565,0
2022-07-27 12:16:00,565,565,565,565,0
2022-07-27 12:17:00,565,565,565,565,0
2022-07-27 12:18:00,565,565,565,565,0
2022-07-27 12:19:00,565,565,565,565,0
2022-07-27 12:20:00,565,565,565,565,0
2022-07-27 12:21:00,565,565,565,565,0
2022-07-27 12:22:00,565,565,565,565,0
2022-07-27 12:23:00,565,565,565,565,0
2022-07-27 12:24:00,565,565,565,565,0
2022-07-27 12:25:00,565,565,565,565,0
2022-07-27 12:26:00,565,565,565,565,0
2022-07-27 12:27:00,565,565,565,565,0
2022-07-27 12:28:00,565,565,565,565,0
2022-07-27 12:29:00,565,565,565,565,0
2022-07-27 12:30:00,565,565,565,565,0
2022-07-27 12:31:00,565,565,565,565,0
2022-07-27 12:32:00,565,565,565,565,0
2022-07-27 12:33:00,565,565,565,565,0
2022-07-27 12:34:00,565,565,565,565,0
2022-07-27 12:35:00,565,565,565,565,0
2022-07-27 12:36:00,565,565,565,565,0
2022-07-27 12:37:00,565,565,565,565,0
2022-07-27 12:38:00,565,565,565,565,0
2022-07-27 12:39:00,565,565,565,565,0
2022-07-27 12:40:00,565,565,565,565,0
2022-07-27 12:41:00,565,565,565,565,0
2022-07-27 12:42:00,565,565,565,565,0
2022-07-27 12:43:00,565,565,565,565,0
2022-07-27 12:44:00,565,565,565,565,0
2022-07-27 12:45:00,565,565,565,565,0
2022-07-27 12:46:00,565,565,565,565,0
2022-07-27 12:47:00,565,565,565,565,0
2022-07-27 12:48:00,565,565,565,565,0
2022-07-27 12:49:00,565,565,565,565,0
2022-07-27 12:50:00,565,565,565,565,0
2022-07-27 12:51:00,565,565,565,565,0
2022-07-27 12:52:00,565,565,565,565,0
2022-07-27 12:53:00,565,565,565,565,0
2022-07-27 12:54:00,565,565,565,565,0
2022-07-27 12:55:00,565,565,565,565,0
2022-07-27 12:56:00,565,565,565,565,0
2022-07-27 12:57:00,565,565,565,565,0
2022-07-27 12:58:00,565,565,565,565,0
2022-07-27 12:59:00,565,565,565,565,0
2022-07-27 13:00:00,565,565,565,565,0
2022-07-27 13:01:00,565,565,565,565,0
2022-07-27 13:02:00,565,565,565,565,0
2022-07-27 13:03:00,565,565,565,565,0
2022-07-27 13:04:00,565,565,565,565,0
2022-07-27 13:05:00,565,565,565,565,0
2022-07-27 13:06:00,565,565,565,565,0
2022-07-27 13:07:00,565,565,565,565,0
2022-07-27 13:08:00,565,565,565,565,0
2022-07-27 13:09:00,565,565,565,565,0
2022-07-27 13:10:00,565,565,565,565,0
2022-07-27 13:11:00,565,565,565,565,0
2022-07-27 13:12:00,565,565,565,565,0
2022-07-27 13:13:00,565,565,565,565,0
2022-07-27 13:14:00,565,565,565,565,0
2022-07-27 13:15:00,565,565,565,565,0
2022-07-27 13:16:00,565,565,565,565,0
2022-07-27 13:17:00,565,565,565,565,0
2022-07-27 13:18:00,565,565,565,565,0
2022-07-27 13:19:00,565,565,565,565,0
2022-07-27 13:20:00,565,565,565,565,0
2022-07-27 13:21:00,565,565,565,565,0
2022-07-27 13:22:00,565,565,565,565,0
2022-07-27 13:23:00,565,565,565,565,0
2022-07-27 13:24:00,565,565,565,565,0
2022-07-27 13:25:00,565,565,565,565,0
2022-07-27 13:26:00,565,565,565,565,0
2022-07-27 13:27:00,565,565,565,565,0
2022-07-27 13:28:00,565,565,565,565,0
2022-07-27 13:29:00,565,565,565,565,0
2022-07-27 13:30:00,565,565,565,565,0
2022-07-27 13:31:00,565,565,565,565,0
2022-07-27 13:32:00,565,565,565,565,0
2022-07-27 13:33:00,565,565,565,565,0
2022-07-27 13:34:00,565,565,565,565,0
2022-07-27 13:35:00,565,565,565,565,0
2022-07-27 13:36:00,565,565,565,565,0
2022-07-27 13:37:00,565,565,565,565,0
2022-07-27 13:38:00,565,565,565,565,0
2022-07-27 13:39:00,565,565,565,565,0
2022-07-27 13:40:00,560,560,560,560,2300
2022-07-27 13:41:00,560,560,560,560,0
2022-07-27 13:42:00,560,560,565,565,8100
2022-07-27 13:43:00,560,560,565,565,0
2022-07-27 13:44:00,565,565,565,565,0
2022-07-27 13:45:00,565,565,565,565,0
2022-07-27 13:46:00,565,565,565,565,0
2022-07-27 13:47:00,565,565,565,565,0
2022-07-27 13:48:00,565,565,565,565,0
2022-07-27 13:49:00,565,565,565,565,0
2022-07-27 13:50:00,565,565,565,565,0
2022-07-27 13:51:00,565,565,565,565,0
2022-07-27 13:52:00,565,565,565,565,0
2022-07-27 13:53:00,565,565,565,565,0
2022-07-27 13:54:00,565,565,565,565,0
2022-07-27 13:55:00,565,565,565,565,0
2022-07-27 13:56:00,565,565,565,565,0
2022-07-27 13:57:00,565,565,565,565,0
2022-07-27 13:58:00,565,565,565,565,0
2022-07-27 13:59:00,565,565,565,565,0
2022-07-27 14:00:00,565,565,565,565,0
2022-07-27 14:01:00,565,565,565,565,0
2022-07-27 14:02:00,565,565,565,565,0
2022-07-27 14:03:00,565,565,565,565,0
2022-07-27 14:04:00,565,565,565,565,0
2022-07-27 14:05:00,565,565,565,565,0
2022-07-27 14:06:00,565,565,565,565,0
2022-07-27 14:07:00,565,565,565,565,0
2022-07-27 14:08:00,565,565,565,565,0
2022-07-27 14:09:00,565,565,565,565,0
2022-07-27 14:10:00,565,565,565,565,0
2022-07-27 14:11:00,565,565,565,565,0
2022-07-27 14:12:00,565,565,565,565,600
2022-07-27 14:13:00,565,565,565,565,0
2022-07-27 14:14:00,565,565,565,565,0
2022-07-27 14:15:00,565,565,565,565,0
2022-07-27 14:16:00,565,565,565,565,0
2022-07-27 14:17:00,565,565,565,565,0
2022-07-27 14:18:00,565,565,565,565,0
2022-07-27 14:19:00,565,565,565,565,0
2022-07-27 14:20:00,565,565,565,565,0
2022-07-27 14:21:00,565,565,565,565,0
2022-07-27 14:22:00,565,565,565,565,0
2022-07-27 14:23:00,565,565,565,565,0
2022-07-27 14:24:00,565,565,565,565,0
2022-07-27 14:25:00,560,560,560,560,3200
2022-07-27 14:26:00,560,555,565,565,88700
2022-07-27 14:27:00,565,565,565,565,300
2022-07-27 14:28:00,565,565,565,565,0
2022-07-27 14:29:00,565,565,565,565,0
2022-07-27 14:30:00,565,565,565,565,0
2022-07-27 14:31:00,565,565,565,565,0
2022-07-27 14:32:00,565,565,565,565,0
2022-07-27 14:33:00,565,565,565,565,0
2022-07-27 14:34:00,560,560,560,560,8500
2022-07-27 14:35:00,565,565,565,565,0
2022-07-27 14:36:00,565,565,565,565,200
2022-07-27 14:37:00,565,565,565,565,0
2022-07-27 14:38:00,565,565,565,565,0
2022-07-27 14:39:00,565,565,565,565,400
2022-07-27 14:40:00,565,565,565,565,0
2022-07-27 14:41:00,565,565,565,565,0
2022-07-27 14:42:00,565,565,565,565,0
2022-07-27 14:43:00,565,565,565,565,0
2022-07-27 14:44:00,565,565,565,565,0
2022-07-27 14:45:00,565,565,565,565,400
2022-07-27 14:46:00,565,565,565,565,300
2022-07-27 14:47:00,565,565,565,565,600
2022-07-27 14:48:00,565,565,565,565,500
2022-07-27 14:49:00,565,565,565,565,1100
2022-07-27 14:50:00,565,565,565,565,0
2022-07-27 14:51:00,565,565,565,565,0
2022-07-27 14:52:00,565,565,565,565,0
2022-07-27 14:53:00,565,565,565,565,0
2022-07-27 14:54:00,565,565,565,565,0
2022-07-27 14:55:00,565,565,565,565,0
2022-07-27 14:56:00,565,565,565,565,0
2022-07-27 14:57:00,565,565,565,565,0
2022-07-27 14:58:00,565,565,565,565,0
2022-07-27 14:59:00,565,565,565,565,0
2022-07-27 15:00:00,560,560,560,560,84200
2022-07-27 15:01:00,560,560,560,560,0
2022-07-27 15:02:00,560,560,560,560,0
2022-07-27 15:03:00,560,560,560,560,0
2022-07-27 15:04:00,560,560,560,560,0
2022-07-27 15:05:00,560,560,560,560,0
2022-07-27 15:06:00,560,560,560,560,0
2022-07-27 15:07:00,560,560,560,560,313000
2022-07-27 15:08:00,560,560,560,560,0
2022-07-27 15:09:00,560,560,560,560,0
2022-07-27 15:10:00,560,560,560,560,0
2022-07-27 15:11:00,560,560,560,560,0
2022-07-27 15:12:00,560,560,560,560,0
2022-07-27 15:13:00,560,560,560,560,0
2022-07-27 15:14:00,560,560,560,560,0
2022-07-27 15:15:00,560,560,560,560,0
2022-07-27 15:16:00,560,560,560,560,0
2022-07-27 15:17:00,560,560,560,560,0
2022-07-27 15:18:00,560,560,560,560,0
2022-07-27 15:19:00,560,560,560,560,0
2022-07-27 15:20:00,560,560,560,560,0
2022-07-27 15:21:00,560,560,560,560,0
2022-07-27 15:22:00,560,560,560,560,0
2022-07-27 15:23:00,560,560,560,560,0
2022-07-27 15:24:00,560,560,560,560,0
2022-07-27 15:25:00,560,560,560,560,0
2022-07-27 15:26:00,560,560,560,560,0
2022-07-27 15:27:00,560,560,560,560,0
2022-07-27 15:28:00,560,560,560,560,0
2022-07-27 15:29:00,560,560,560,560,0
2022-07-27 15:30:00,560,560,560,560,0
2022-07-27 15:31:00,560,560,560,560,0
2022-07-27 15:32:00,560,560,560,560,0
2022-07-27 15:33:00,560,560,560,560,0
2022-07-27 15:34:00,560,560,560,560,0
2022-07-27 15:35:00,560,560,560,560,0
2022-07-27 15:36:00,560,560,560,560,0
2022-07-27 15:37:00,560,560,560,560,0
2022-07-27 15:38:00,560,560,560,560,0
2022-07-27 15:39:00,560,560,560,560,0
2022-07-27 15:40:00,560,560,560,560,0
2022-07-27 15:41:00,560,560,560,560,0
2022-07-27 15:42:00,560,560,560,560,0
2022-07-27 15:43:00,560,560,560,560,0
2022-07-27 15:44:00,560,560,560,560,0
2022-07-27 15:45:00,560,560,560,560,0
2022-07-27 15:46:00,560,560,560,560,0
2022-07-27 15:47:00,560,560,560,560,0
2022-07-27 15:48:00,560,560,560,560,0
2022-07-27 15:49:00,560,560,560,560,0
2022-07-27 15:50:00,560,560,560,560,0
2022-07-27 15:51:00,560,560,560,560,0
2022-07-27 15:52:00,560,560,560,560,0
2022-07-27 15:53:00,560,560,560,560,0
2022-07-27 15:54:00,560,560,560,560,0
2022-07-27 15:55:00,560,560,560,560,0
2022-07-27 15:56:00,560,560,560,560,0
2022-07-27 15:57:00,560,560,560,560,0
2022-07-27 15:58:00,560,560,560,560,0
2022-07-27 15:59:00,560,560,560,560,0
2022-07-28 09:00:00,555,555,555,555,0
2022-07-28 09:01:00,560,560,560,560,52600
2022-07-28 09:02:00,560,560,560,560,0
2022-07-28 09:03:00,560,555,560,555,19200
2022-07-28 09:04:00,560,560,560,560,800
2022-07-28 09:05:00,560,560,560,560,0
2022-07-28 09:06:00,560,560,560,560,900
2022-07-28 09:07:00,560,560,560,560,0
2022-07-28 09:08:00,560,560,560,560,0
2022-07-28 09:09:00,560,560,560,560,0
2022-07-28 09:10:00,560,560,560,560,0
2022-07-28 09:11:00,560,560,560,560,1200
2022-07-28 09:12:00,560,560,560,560,0
2022-07-28 09:13:00,560,560,560,560,0
2022-07-28 09:14:00,560,555,560,555,112400
2022-07-28 09:15:00,560,560,560,560,0
2022-07-28 09:16:00,560,560,560,560,700
2022-07-28 09:17:00,560,560,560,560,0
2022-07-28 09:18:00,560,560,560,560,0
2022-07-28 09:19:00,560,560,560,560,0
2022-07-28 09:20:00,560,560,560,560,500
2022-07-28 09:21:00,560,560,560,560,0
2022-07-28 09:22:00,560,560,560,560,0
2022-07-28 09:23:00,560,560,560,560,0
2022-07-28 09:24:00,560,560,560,560,0
2022-07-28 09:25:00,560,560,560,560,0
2022-07-28 09:26:00,560,560,560,560,0
2022-07-28 09:27:00,560,560,560,560,1000
2022-07-28 09:28:00,555,555,555,555,4800
2022-07-28 09:29:00,555,555,555,555,0
2022-07-28 09:30:00,555,555,555,555,0
2022-07-28 09:31:00,555,555,555,555,0
2022-07-28 09:32:00,555,555,555,555,0
2022-07-28 09:33:00,560,560,560,560,200
2022-07-28 09:34:00,560,560,560,560,0
2022-07-28 09:35:00,560,560,560,560,1900
2022-07-28 09:36:00,560,560,560,560,0
2022-07-28 09:37:00,560,560,560,560,0
2022-07-28 09:38:00,560,560,560,560,0
2022-07-28 09:39:00,560,560,560,560,0
2022-07-28 09:40:00,560,560,560,560,0
2022-07-28 09:41:00,560,560,560,560,600
2022-07-28 09:42:00,560,560,560,560,0
2022-07-28 09:43:00,560,560,560,560,0
2022-07-28 09:44:00,560,560,560,560,0
2022-07-28 09:45:00,560,560,560,560,0
2022-07-28 09:46:00,560,560,560,560,0
2022-07-28 09:47:00,560,560,560,560,0
2022-07-28 09:48:00,560,560,560,560,0
2022-07-28 09:49:00,560,560,560,560,0
2022-07-28 09:50:00,560,560,560,560,0
2022-07-28 09:51:00,560,560,560,560,0
2022-07-28 09:52:00,560,560,560,560,0
2022-07-28 09:53:00,560,560,560,560,700
2022-07-28 09:54:00,560,560,560,560,0
2022-07-28 09:55:00,560,560,560,560,0
2022-07-28 09:56:00,560,560,560,560,0
2022-07-28 09:57:00,560,560,560,560,0
2022-07-28 09:58:00,560,560,560,560,0
2022-07-28 09:59:00,560,560,560,560,0
2022-07-28 10:00:00,560,560,560,560,0
2022-07-28 10:01:00,560,560,560,560,0
2022-07-28 10:02:00,560,560,560,560,0
2022-07-28 10:03:00,560,560,560,560,0
2022-07-28 10:04:00,560,560,560,560,0
2022-07-28 10:05:00,560,560,560,560,0
2022-07-28 10:06:00,560,560,560,560,0
2022-07-28 10:07:00,560,560,560,560,0
2022-07-28 10:08:00,560,560,560,560,0
2022-07-28 10:09:00,560,560,560,560,0
2022-07-28 10:10:00,560,560,560,560,0
2022-07-28 10:11:00,560,560,560,560,0
2022-07-28 10:12:00,560,560,560,560,0
2022-07-28 10:13:00,560,560,560,560,0
2022-07-28 10:14:00,560,560,560,560,0
2022-07-28 10:15:00,560,560,560,560,0
2022-07-28 10:16:00,560,560,560,560,0
2022-07-28 10:17:00,560,560,560,560,0
2022-07-28 10:18:00,560,560,560,560,0
2022-07-28 10:19:00,560,560,560,560,0
2022-07-28 10:20:00,560,560,560,560,0
2022-07-28 10:21:00,560,560,560,560,0
2022-07-28 10:22:00,560,560,560,560,0
2022-07-28 10:23:00,560,560,560,560,0
2022-07-28 10:24:00,560,560,560,560,0
2022-07-28 10:25:00,560,560,560,560,0
2022-07-28 10:26:00,560,560,560,560,0
2022-07-28 10:27:00,560,560,560,560,0
2022-07-28 10:28:00,560,560,560,560,0
2022-07-28 10:29:00,560,560,560,560,0
2022-07-28 10:30:00,560,560,560,560,0
2022-07-28 10:31:00,560,560,560,560,0
2022-07-28 10:32:00,560,560,560,560,0
2022-07-28 10:33:00,560,560,560,560,0
2022-07-28 10:34:00,560,560,560,560,0
2022-07-28 10:35:00,560,560,560,560,0
2022-07-28 10:36:00,560,560,560,560,0
2022-07-28 10:37:00,560,560,560,560,0
2022-07-28 10:38:00,560,560,560,560,0
2022-07-28 10:39:00,560,560,560,560,0
2022-07-28 10:40:00,560,560,560,560,0
2022-07-28 10:41:00,560,560,560,560,0
2022-07-28 10:42:00,560,560,560,560,0
2022-07-28 10:43:00,560,560,560,560,0
2022-07-28 10:44:00,560,560,560,560,0
2022-07-28 10:45:00,560,560,560,560,0
2022-07-28 10:46:00,560,560,560,560,0
2022-07-28 10:47:00,560,560,560,560,0
2022-07-28 10:48:00,560,560,560,560,0
2022-07-28 10:49:00,560,560,560,560,0
2022-07-28 10:50:00,560,560,560,560,0
2022-07-28 10:51:00,560,560,560,560,0
2022-07-28 10:52:00,560,560,560,560,0
2022-07-28 10:53:00,560,560,560,560,0
2022-07-28 10:54:00,555,555,555,555,10300
2022-07-28 10:55:00,560,555,560,560,10400
2022-07-28 10:56:00,560,555,560,560,0
2022-07-28 10:57:00,560,555,560,560,0
2022-07-28 10:58:00,560,555,560,560,0
2022-07-28 10:59:00,560,555,560,560,0
2022-07-28 11:00:00,560,555,560,560,0
2022-07-28 11:01:00,560,555,560,560,0
2022-07-28 11:02:00,560,555,560,560,0
2022-07-28 11:03:00,560,560,560,560,0
2022-07-28 11:04:00,560,560,560,560,0
2022-07-28 11:05:00,560,560,560,560,0
2022-07-28 11:06:00,560,560,560,560,0
2022-07-28 11:07:00,560,560,560,560,0
2022-07-28 11:08:00,560,560,560,560,0
2022-07-28 11:09:00,560,560,560,560,0
2022-07-28 11:10:00,560,560,560,560,0
2022-07-28 11:11:00,560,560,560,560,0
2022-07-28 11:12:00,560,560,560,560,0
2022-07-28 11:13:00,560,560,560,560,0
2022-07-28 11:14:00,560,560,560,560,0
2022-07-28 11:15:00,560,560,560,560,0
2022-07-28 11:16:00,560,560,560,560,0
2022-07-28 11:17:00,560,560,560,560,0
2022-07-28 11:18:00,560,560,560,560,300
2022-07-28 11:19:00,560,560,560,560,0
2022-07-28 11:20:00,560,560,560,560,0
2022-07-28 11:21:00,560,560,560,560,0
2022-07-28 11:22:00,560,560,560,560,0
2022-07-28 11:23:00,560,560,560,560,0
2022-07-28 11:24:00,560,560,560,560,0
2022-07-28 11:25:00,560,560,560,560,0
2022-07-28 11:26:00,560,560,560,560,0
2022-07-28 11:27:00,560,560,560,560,0
2022-07-28 11:28:00,560,560,560,560,0
2022-07-28 11:29:00,560,560,560,560,600
2022-07-28 11:30:00,560,560,560,560,0
2022-07-28 11:31:00,560,560,560,560,0
2022-07-28 11:32:00,560,560,560,560,0
2022-07-28 11:33:00,560,560,560,560,0
2022-07-28 11:34:00,560,560,560,560,0
2022-07-28 11:35:00,560,560,560,560,0
2022-07-28 11:36:00,560,560,560,560,0
2022-07-28 11:37:00,560,560,560,560,0
2022-07-28 11:38:00,560,560,560,560,0
2022-07-28 11:39:00,560,560,560,560,0
2022-07-28 11:40:00,560,560,560,560,0
2022-07-28 11:41:00,560,560,560,560,0
2022-07-28 11:42:00,560,560,560,560,0
2022-07-28 11:43:00,560,560,560,560,0
2022-07-28 11:44:00,560,560,560,560,0
2022-07-28 11:45:00,560,560,560,560,0
2022-07-28 11:46:00,560,560,560,560,0
2022-07-28 11:47:00,560,560,560,560,0
2022-07-28 11:48:00,560,560,560,560,0
2022-07-28 11:49:00,560,560,560,560,0
2022-07-28 11:50:00,560,560,560,560,0
2022-07-28 11:51:00,560,560,560,560,0
2022-07-28 11:52:00,560,560,560,560,0
2022-07-28 11:53:00,560,560,560,560,0
2022-07-28 11:54:00,560,560,560,560,0
2022-07-28 11:55:00,560,560,560,560,0
2022-07-28 11:56:00,560,560,560,560,0
2022-07-28 11:57:00,560,560,560,560,0
2022-07-28 11:58:00,560,560,560,560,0
2022-07-28 11:59:00,560,560,560,560,0
2022-07-28 12:00:00,560,560,560,560,0
2022-07-28 12:01:00,560,560,560,560,0
2022-07-28 12:02:00,560,560,560,560,0
2022-07-28 12:03:00,560,560,560,560,0
2022-07-28 12:04:00,560,560,560,560,0
2022-07-28 12:05:00,560,560,560,560,0
2022-07-28 12:06:00,560,560,560,560,0
2022-07-28 12:07:00,560,560,560,560,0
2022-07-28 12:08:00,560,560,560,560,0
2022-07-28 12:09:00,560,560,560,560,0
2022-07-28 12:10:00,560,560,560,560,0
2022-07-28 12:11:00,560,560,560,560,0
2022-07-28 12:12:00,560,560,560,560,0
2022-07-28 12:13:00,560,560,560,560,0
2022-07-28 12:14:00,560,560,560,560,0
2022-07-28 12:15:00,560,560,560,560,0
2022-07-28 12:16:00,560,560,560,560,0
2022-07-28 12:17:00,560,560,560,560,0
2022-07-28 12:18:00,560,560,560,560,0
2022-07-28 12:19:00,560,560,560,560,0
2022-07-28 12:20:00,560,560,560,560,0
2022-07-28 12:21:00,560,560,560,560,0
2022-07-28 12:22:00,560,560,560,560,0
2022-07-28 12:23:00,560,560,560,560,0
2022-07-28 12:24:00,560,560,560,560,0
2022-07-28 12:25:00,560,560,560,560,0
2022-07-28 12:26:00,560,560,560,560,0
2022-07-28 12:27:00,560,560,560,560,0
2022-07-28 12:28:00,560,560,560,560,0
2022-07-28 12:29:00,560,560,560,560,0
2022-07-28 12:30:00,560,560,560,560,0
2022-07-28 12:31:00,560,560,560,560,0
2022-07-28 12:32:00,560,560,560,560,0
2022-07-28 12:33:00,560,560,560,560,0
2022-07-28 12:34:00,560,560,560,560,0
2022-07-28 12:35:00,560,560,560,560,0
2022-07-28 12:36:00,560,560,560,560,0
2022-07-28 12:37:00,560,560,560,560,0
2022-07-28 12:38:00,560,560,560,560,0
2022-07-28 12:39:00,560,560,560,560,0
2022-07-28 12:40:00,560,560,560,560,0
2022-07-28 12:41:00,560,560,560,560,0
2022-07-28 12:42:00,560,560,560,560,0
2022-07-28 12:43:00,560,560,560,560,0
2022-07-28 12:44:00,560,560,560,560,0
2022-07-28 12:45:00,560,560,560,560,0
2022-07-28 12:46:00,560,560,560,560,0
2022-07-28 12:47:00,560,560,560,560,0
2022-07-28 12:48:00,560,560,560,560,0
2022-07-28 12:49:00,560,560,560,560,0
2022-07-28 12:50:00,560,560,560,560,0
2022-07-28 12:51:00,560,560,560,560,0
2022-07-28 12:52:00,560,560,560,560,0
2022-07-28 12:53:00,560,560,560,560,0
2022-07-28 12:54:00,560,560,560,560,0
2022-07-28 12:55:00,560,560,560,560,0
2022-07-28 12:56:00,560,560,560,560,0
2022-07-28 12:57:00,560,560,560,560,0
2022-07-28 12:58:00,560,560,560,560,0
2022-07-28 12:59:00,560,560,560,560,0
2022-07-28 13:00:00,560,560,560,560,0
2022-07-28 13:01:00,560,560,560,560,0
2022-07-28 13:02:00,560,560,560,560,0
2022-07-28 13:03:00,560,560,560,560,0
2022-07-28 13:04:00,560,560,560,560,0
2022-07-28 13:05:00,560,560,560,560,0
2022-07-28 13:06:00,560,560,560,560,0
2022-07-28 13:07:00,560,560,560,560,0
2022-07-28 13:08:00,560,560,560,560,0
2022-07-28 13:09:00,560,560,560,560,0
2022-07-28 13:10:00,560,560,560,560,0
2022-07-28 13:11:00,560,560,560,560,0
2022-07-28 13:12:00,560,560,560,560,0
2022-07-28 13:13:00,560,560,560,560,0
2022-07-28 13:14:00,560,560,560,560,0
2022-07-28 13:15:00,560,560,560,560,0
2022-07-28 13:16:00,560,560,560,560,0
2022-07-28 13:17:00,560,560,560,560,0
2022-07-28 13:18:00,560,560,560,560,0
2022-07-28 13:19:00,560,560,560,560,0
2022-07-28 13:20:00,560,560,560,560,0
2022-07-28 13:21:00,560,560,560,560,0
2022-07-28 13:22:00,560,560,560,560,0
2022-07-28 13:23:00,560,560,560,560,0
2022-07-28 13:24:00,560,560,560,560,0
2022-07-28 13:25:00,560,560,560,560,0
2022-07-28 13:26:00,560,560,560,560,0
2022-07-28 13:27:00,560,560,560,560,0
2022-07-28 13:28:00,560,560,560,560,0
2022-07-28 13:29:00,560,560,560,560,0
2022-07-28 13:30:00,560,560,560,560,0
2022-07-28 13:31:00,560,560,560,560,2000
2022-07-28 13:32:00,560,560,560,560,0
2022-07-28 13:33:00,560,560,560,560,0
2022-07-28 13:34:00,555,555,560,560,0
2022-07-28 13:35:00,555,555,560,560,0
2022-07-28 13:36:00,555,555,560,560,0
2022-07-28 13:37:00,555,555,560,560,0
2022-07-28 13:38:00,555,555,560,560,0
2022-07-28 13:39:00,555,555,560,560,0
2022-07-28 13:40:00,555,555,560,560,0
2022-07-28 13:41:00,555,555,560,560,0
2022-07-28 13:42:00,555,555,555,555,1200
2022-07-28 13:43:00,560,560,560,560,0
2022-07-28 13:44:00,560,560,560,560,0
2022-07-28 13:45:00,560,560,560,560,0
2022-07-28 13:46:00,560,560,560,560,0
2022-07-28 13:47:00,560,560,560,560,0
2022-07-28 13:48:00,560,560,560,560,0
2022-07-28 13:49:00,560,560,560,560,0
2022-07-28 13:50:00,560,560,560,560,0
2022-07-28 13:51:00,560,560,560,560,0
2022-07-28 13:52:00,560,560,560,560,0
2022-07-28 13:53:00,560,560,560,560,0
2022-07-28 13:54:00,560,560,560,560,0
2022-07-28 13:55:00,560,560,560,560,0
2022-07-28 13:56:00,560,560,560,560,0
2022-07-28 13:57:00,560,560,560,560,0
2022-07-28 13:58:00,560,560,560,560,0
2022-07-28 13:59:00,560,560,560,560,0
2022-07-28 14:00:00,560,560,560,560,0
2022-07-28 14:01:00,560,560,560,560,0
2022-07-28 14:02:00,560,560,560,560,0
2022-07-28 14:03:00,560,560,560,560,0
2022-07-28 14:04:00,560,560,560,560,1400
2022-07-28 14:05:00,560,560,560,560,0
2022-07-28 14:06:00,560,560,560,560,0
2022-07-28 14:07:00,560,560,560,560,0
2022-07-28 14:08:00,560,560,560,560,0
2022-07-28 14:09:00,560,560,560,560,0
2022-07-28 14:10:00,560,560,560,560,0
2022-07-28 14:11:00,560,560,560,560,0
2022-07-28 14:12:00,560,560,560,560,0
2022-07-28 14:13:00,560,560,560,560,0
2022-07-28 14:14:00,560,560,560,560,400
2022-07-28 14:15:00,560,560,560,560,200
2022-07-28 14:16:00,560,560,560,560,0
2022-07-28 14:17:00,560,560,560,560,0
2022-07-28 14:18:00,560,560,560,560,0
2022-07-28 14:19:00,560,560,560,560,0
2022-07-28 14:20:00,560,560,560,560,0
2022-07-28 14:21:00,560,560,560,560,1800
2022-07-28 14:22:00,560,560,560,560,0
2022-07-28 14:23:00,560,560,560,560,0
2022-07-28 14:24:00,560,560,560,560,0
2022-07-28 14:25:00,560,560,560,560,0
2022-07-28 14:26:00,560,560,560,560,0
2022-07-28 14:27:00,560,560,560,560,0
2022-07-28 14:28:00,560,560,560,560,0
2022-07-28 14:29:00,560,560,560,560,0
2022-07-28 14:30:00,560,560,560,560,0
2022-07-28 14:31:00,560,560,560,560,0
2022-07-28 14:32:00,560,560,560,560,0
2022-07-28 14:33:00,560,560,560,560,0
2022-07-28 14:34:00,560,560,560,560,0
2022-07-28 14:35:00,560,560,560,560,0
2022-07-28 14:36:00,560,560,560,560,0
2022-07-28 14:37:00,560,560,560,560,0
2022-07-28 14:38:00,560,560,560,560,0
2022-07-28 14:39:00,560,560,560,560,0
2022-07-28 14:40:00,560,560,560,560,0
2022-07-28 14:41:00,560,560,560,560,1000
2022-07-28 14:42:00,560,560,560,560,0
2022-07-28 14:43:00,560,560,560,560,0
2022-07-28 14:44:00,560,560,560,560,0
2022-07-28 14:45:00,560,560,560,560,0
2022-07-28 14:46:00,560,560,560,560,0
2022-07-28 14:47:00,560,560,560,560,0
2022-07-28 14:48:00,560,560,560,560,800
2022-07-28 14:49:00,560,560,560,560,1200
2022-07-28 14:50:00,560,560,560,560,0
2022-07-28 14:51:00,560,560,560,560,0
2022-07-28 14:52:00,560,560,560,560,0
2022-07-28 14:53:00,560,560,560,560,0
2022-07-28 14:54:00,560,560,560,560,0
2022-07-28 14:55:00,560,560,560,560,0
2022-07-28 14:56:00,560,560,560,560,0
2022-07-28 14:57:00,560,560,560,560,0
2022-07-28 14:58:00,560,560,560,560,0
2022-07-28 14:59:00,560,560,560,560,0
2022-07-28 15:00:00,560,560,560,560,319000
2022-07-28 15:01:00,560,560,560,560,0
2022-07-28 15:02:00,560,560,560,560,0
2022-07-28 15:03:00,560,560,560,560,0
2022-07-28 15:04:00,560,560,560,560,0
2022-07-28 15:05:00,560,560,560,560,0
2022-07-28 15:06:00,560,560,560,560,0
2022-07-28 15:07:00,560,560,560,560,0
2022-07-28 15:08:00,560,560,560,560,0
2022-07-28 15:09:00,560,560,560,560,0
2022-07-28 15:10:00,560,560,560,560,0
2022-07-28 15:11:00,560,560,560,560,0
2022-07-28 15:12:00,560,560,560,560,0
2022-07-28 15:13:00,560,560,560,560,0
2022-07-28 15:14:00,560,560,560,560,0
2022-07-28 15:15:00,560,560,560,560,0
2022-07-28 15:16:00,560,560,560,560,0
2022-07-28 15:17:00,560,560,560,560,0
2022-07-28 15:18:00,560,560,560,560,0
2022-07-28 15:19:00,560,560,560,560,0
2022-07-28 15:20:00,560,560,560,560,0
2022-07-28 15:21:00,560,560,560,560,0
2022-07-28 15:22:00,560,560,560,560,0
2022-07-28 15:23:00,560,560,560,560,0
2022-07-28 15:24:00,560,560,560,560,0
2022-07-28 15:25:00,560,560,560,560,0
2022-07-28 15:26:00,560,560,560,560,0
2022-07-28 15:27:00,560,560,560,560,0
2022-07-28 15:28:00,560,560,560,560,0
2022-07-28 15:29:00,560,560,560,560,0
2022-07-28 15:30:00,560,560,560,560,0
2022-07-28 15:31:00,560,560,560,560,0
2022-07-28 15:32:00,560,560,560,560,0
2022-07-28 15:33:00,560,560,560,560,0
2022-07-28 15:34:00,560,560,560,560,0
2022-07-28 15:35:00,560,560,560,560,0
2022-07-28 15:36:00,560,560,560,560,0
2022-07-28 15:37:00,560,560,560,560,0
2022-07-28 15:38:00,560,560,560,560,0
2022-07-28 15:39:00,560,560,560,560,0
2022-07-28 15:40:00,560,560,560,560,0
2022-07-28 15:41:00,560,560,560,560,0
2022-07-28 15:42:00,560,560,560,560,0
2022-07-28 15:43:00,560,560,560,560,0
2022-07-28 15:44:00,560,560,560,560,0
2022-07-28 15:45:00,560,560,560,560,0
2022-07-28 15:46:00,560,560,560,560,0
2022-07-28 15:47:00,560,560,560,560,0
2022-07-28 15:48:00,560,560,560,560,0
2022-07-28 15:49:00,560,560,560,560,0
2022-07-28 15:50:00,560,560,560,560,0
2022-07-28 15:51:00,560,560,560,560,0
2022-07-28 15:52:00,560,560,560,560,0
2022-07-28 15:53:00,560,560,560,560,0
2022-07-28 15:54:00,560,560,560,560,0
2022-07-28 15:55:00,560,560,560,560,0
2022-07-28 15:56:00,560,560,560,560,0
2022-07-28 15:57:00,560,560,560,560,0
2022-07-28 15:58:00,560,560,560,560,0
2022-07-28 15:59:00,560,560,560,560,0
2022-07-29 09:00:00,560,560,560,560,0
2022-07-29 09:01:00,560,560,560,560,0
2022-07-29 09:02:00,560,560,560,560,0
2022-07-29 09:03:00,560,560,560,560,0
2022-07-29 09:04:00,560,560,560,560,0
2022-07-29 09:05:00,560,560,560,560,0
2022-07-29 09:06:00,560,560,560,560,0
2022-07-29 09:07:00,560,560,560,560,0
2022-07-29 09:08:00,560,560,560,560,0
2022-07-29 09:09:00,560,560,560,560,2300
2022-07-29 09:10:00,560,560,560,560,0
2022-07-29 09:11:00,560,560,560,560,0
2022-07-29 09:12:00,560,560,560,560,0
2022-07-29 09:13:00,560,560,560,560,0
2022-07-29 09:14:00,560,560,560,560,0
2022-07-29 09:15:00,560,560,560,560,0
2022-07-29 09:16:00,560,560,560,560,0
2022-07-29 09:17:00,560,560,560,560,0
2022-07-29 09:18:00,560,560,560,560,0
2022-07-29 09:19:00,560,560,560,560,0
2022-07-29 09:20:00,560,560,560,560,0
2022-07-29 09:21:00,560,560,560,560,0
2022-07-29 09:22:00,560,560,560,560,0
2022-07-29 09:23:00,560,560,560,560,0
2022-07-29 09:24:00,560,560,560,560,0
2022-07-29 09:25:00,560,560,560,560,0
2022-07-29 09:26:00,560,560,560,560,0
2022-07-29 09:27:00,560,560,560,560,0
2022-07-29 09:28:00,560,560,560,560,0
2022-07-29 09:29:00,560,560,560,560,0
2022-07-29 09:30:00,560,560,560,560,0
2022-07-29 09:31:00,560,560,560,560,0
2022-07-29 09:32:00,560,560,560,560,0
2022-07-29 09:33:00,560,560,560,560,0
2022-07-29 09:34:00,560,560,560,560,0
2022-07-29 09:35:00,555,555,555,555,24500
2022-07-29 09:36:00,555,555,560,560,0
2022-07-29 09:37:00,560,560,560,560,200
2022-07-29 09:38:00,560,560,560,560,0
2022-07-29 09:39:00,560,560,560,560,0
2022-07-29 09:40:00,560,560,560,560,0
2022-07-29 09:41:00,560,560,560,560,0
2022-07-29 09:42:00,560,560,560,560,0
2022-07-29 09:43:00,560,560,560,560,0
2022-07-29 09:44:00,560,560,560,560,0
2022-07-29 09:45:00,560,560,560,560,0
2022-07-29 09:46:00,560,560,560,560,0
2022-07-29 09:47:00,560,560,560,560,0
2022-07-29 09:48:00,560,560,560,560,500
2022-07-29 09:49:00,560,560,560,560,0
2022-07-29 09:50:00,560,560,560,560,0
2022-07-29 09:51:00,560,560,560,560,0
2022-07-29 09:52:00,560,560,560,560,0
2022-07-29 09:53:00,560,560,560,560,0
2022-07-29 09:54:00,560,560,560,560,0
2022-07-29 09:55:00,560,560,560,560,0
2022-07-29 09:56:00,560,560,560,560,0
2022-07-29 09:57:00,560,560,560,560,0
2022-07-29 09:58:00,560,560,560,560,0
2022-07-29 09:59:00,560,560,560,560,0
2022-07-29 10:00:00,560,560,560,560,0
2022-07-29 10:01:00,560,560,560,560,0
2022-07-29 10:02:00,560,560,560,560,0
2022-07-29 10:03:00,560,560,560,560,0
2022-07-29 10:04:00,560,560,560,560,0
2022-07-29 10:05:00,560,560,560,560,0
2022-07-29 10:06:00,560,560,560,560,0
2022-07-29 10:07:00,560,560,560,560,0
2022-07-29 10:08:00,560,560,560,560,0
2022-07-29 10:09:00,560,560,560,560,0
2022-07-29 10:10:00,560,560,560,560,0
2022-07-29 10:11:00,560,560,560,560,0
2022-07-29 10:12:00,560,560,560,560,0
2022-07-29 10:13:00,560,560,560,560,20000
2022-07-29 10:14:00,560,560,560,560,0
2022-07-29 10:15:00,560,560,560,560,0
2022-07-29 10:16:00,560,560,560,560,0
2022-07-29 10:17:00,560,560,560,560,0
2022-07-29 10:18:00,560,560,560,560,0
2022-07-29 10:19:00,560,560,560,560,0
2022-07-29 10:20:00,560,560,560,560,0
2022-07-29 10:21:00,560,560,560,560,0
2022-07-29 10:22:00,560,560,560,560,0
2022-07-29 10:23:00,560,560,560,560,0
2022-07-29 10:24:00,560,560,560,560,0
2022-07-29 10:25:00,560,560,560,560,0
2022-07-29 10:26:00,560,560,560,560,0
2022-07-29 10:27:00,560,560,560,560,0
2022-07-29 10:28:00,560,560,560,560,0
2022-07-29 10:29:00,560,560,560,560,0
2022-07-29 10:30:00,560,560,560,560,600
2022-07-29 10:31:00,560,560,560,560,0
2022-07-29 10:32:00,560,560,560,560,0
2022-07-29 10:33:00,560,560,560,560,0
2022-07-29 10:34:00,560,560,560,560,0
2022-07-29 10:35:00,560,560,560,560,0
2022-07-29 10:36:00,560,560,560,560,0
2022-07-29 10:37:00,560,560,560,560,0
2022-07-29 10:38:00,560,560,560,560,0
2022-07-29 10:39:00,560,560,560,560,0
2022-07-29 10:40:00,560,560,560,560,0
2022-07-29 10:41:00,560,560,560,560,0
2022-07-29 10:42:00,560,560,560,560,0
2022-07-29 10:43:00,560,560,560,560,0
2022-07-29 10:44:00,560,560,560,560,0
2022-07-29 10:45:00,560,560,560,560,0
2022-07-29 10:46:00,560,560,560,560,0
2022-07-29 10:47:00,560,560,560,560,0
2022-07-29 10:48:00,560,560,560,560,0
2022-07-29 10:49:00,560,560,560,560,0
2022-07-29 10:50:00,555,550,560,560,100300
2022-07-29 10:51:00,555,550,560,560,0
2022-07-29 10:52:00,560,560,560,560,400
2022-07-29 10:53:00,555,555,555,555,1100
2022-07-29 10:54:00,555,555,555,555,500
2022-07-29 10:55:00,555,555,555,555,2200
2022-07-29 10:56:00,555,555,555,555,0
2022-07-29 10:57:00,555,555,555,555,0
2022-07-29 10:58:00,555,555,555,555,0
2022-07-29 10:59:00,555,555,555,555,2900
2022-07-29 11:00:00,555,555,555,555,0
2022-07-29 11:01:00,555,555,555,555,0
2022-07-29 11:02:00,555,555,555,555,0
2022-07-29 11:03:00,555,550,555,555,5800
2022-07-29 11:04:00,555,550,555,555,0
2022-07-29 11:05:00,555,550,555,555,0
2022-07-29 11:06:00,555,550,555,555,0
2022-07-29 11:07:00,555,555,555,555,0
2022-07-29 11:08:00,555,555,555,555,0
2022-07-29 11:09:00,555,555,555,555,0
2022-07-29 11:10:00,555,555,555,555,0
2022-07-29 11:11:00,555,555,555,555,0
2022-07-29 11:12:00,555,555,555,555,0
2022-07-29 11:13:00,555,555,555,555,0
2022-07-29 11:14:00,555,555,555,555,0
2022-07-29 11:15:00,555,555,555,555,0
2022-07-29 11:16:00,555,555,555,555,113300
2022-07-29 11:17:00,555,555,555,555,0
2022-07-29 11:18:00,555,555,555,555,0
2022-07-29 11:19:00,555,555,555,555,0
2022-07-29 11:20:00,555,555,555,555,0
2022-07-29 11:21:00,555,555,555,555,100
2022-07-29 11:22:00,555,555,555,555,300
2022-07-29 11:23:00,555,555,555,555,800
2022-07-29 11:24:00,555,555,555,555,600
2022-07-29 11:25:00,555,555,555,555,600
2022-07-29 11:26:00,555,555,555,555,3600
2022-07-29 11:27:00,555,555,555,555,0
2022-07-29 11:28:00,560,560,560,560,700
2022-07-29 11:29:00,560,555,560,560,2200
2022-07-29 11:30:00,560,555,560,560,0
2022-07-29 11:31:00,560,555,560,560,0
2022-07-29 11:32:00,560,555,560,560,0
2022-07-29 11:33:00,560,555,560,560,0
2022-07-29 11:34:00,560,555,560,560,0
2022-07-29 11:35:00,560,555,560,560,0
2022-07-29 11:36:00,560,555,560,560,0
2022-07-29 11:37:00,560,555,560,560,0
2022-07-29 11:38:00,560,555,560,560,0
2022-07-29 11:39:00,560,555,560,560,0
2022-07-29 11:40:00,560,555,560,560,0
2022-07-29 11:41:00,560,555,560,560,0
2022-07-29 11:42:00,560,555,560,560,0
2022-07-29 11:43:00,560,555,560,560,0
2022-07-29 11:44:00,560,555,560,560,0
2022-07-29 11:45:00,560,555,560,560,0
2022-07-29 11:46:00,560,555,560,560,0
2022-07-29 11:47:00,560,555,560,560,0
2022-07-29 11:48:00,560,555,560,560,0
2022-07-29 11:49:00,560,555,560,560,0
2022-07-29 11:50:00,560,555,560,560,0
2022-07-29 11:51:00,560,555,560,560,0
2022-07-29 11:52:00,560,555,560,560,0
2022-07-29 11:53:00,560,555,560,560,0
2022-07-29 11:54:00,560,555,560,560,0
2022-07-29 11:55:00,560,555,560,560,0
2022-07-29 11:56:00,560,555,560,560,0
2022-07-29 11:57:00,560,555,560,560,0
2022-07-29 11:58:00,560,555,560,560,0
2022-07-29 11:59:00,560,555,560,560,0
2022-07-29 12:00:00,560,555,560,560,0
2022-07-29 12:01:00,560,555,560,560,0
2022-07-29 12:02:00,560,555,560,560,0
2022-07-29 12:03:00,560,555,560,560,0
2022-07-29 12:04:00,560,555,560,560,0
2022-07-29 12:05:00,560,555,560,560,0
2022-07-29 12:06:00,560,555,560,560,0
2022-07-29 12:07:00,560,555,560,560,0
2022-07-29 12:08:00,560,555,560,560,0
2022-07-29 12:09:00,560,555,560,560,0
2022-07-29 12:10:00,560,555,560,560,0
2022-07-29 12:11:00,560,555,560,560,0
2022-07-29 12:12:00,560,555,560,560,0
2022-07-29 12:13:00,560,555,560,560,0
2022-07-29 12:14:00,560,555,560,560,0
2022-07-29 12:15:00,560,555,560,560,0
2022-07-29 12:16:00,560,555,560,560,0
2022-07-29 12:17:00,560,555,560,560,0
2022-07-29 12:18:00,560,555,560,560,0
2022-07-29 12:19:00,560,555,560,560,0
2022-07-29 12:20:00,560,555,560,560,0
2022-07-29 12:21:00,560,555,560,560,0
2022-07-29 12:22:00,560,555,560,560,0
2022-07-29 12:23:00,560,555,560,560,0
2022-07-29 12:24:00,560,555,560,560,0
2022-07-29 12:25:00,560,555,560,560,0
2022-07-29 12:26:00,560,555,560,560,0
2022-07-29 12:27:00,560,555,560,560,0
2022-07-29 12:28:00,560,555,560,560,0
2022-07-29 12:29:00,560,555,560,560,0
2022-07-29 12:30:00,560,555,560,560,0
2022-07-29 12:31:00,560,555,560,560,0
2022-07-29 12:32:00,560,555,560,560,0
2022-07-29 12:33:00,560,555,560,560,0
2022-07-29 12:34:00,560,555,560,560,0
2022-07-29 12:35:00,560,555,560,560,0
2022-07-29 12:36:00,560,555,560,560,0
2022-07-29 12:37:00,560,555,560,560,0
2022-07-29 12:38:00,560,555,560,560,0
2022-07-29 12:39:00,560,555,560,560,0
2022-07-29 12:40:00,560,555,560,560,0
2022-07-29 12:41:00,560,555,560,560,0
2022-07-29 12:42:00,560,555,560,560,0
2022-07-29 12:43:00,560,555,560,560,0
2022-07-29 12:44:00,560,555,560,560,0
2022-07-29 12:45:00,560,555,560,560,0
2022-07-29 12:46:00,560,555,560,560,0
2022-07-29 12:47:00,560,555,560,560,0
2022-07-29 12:48:00,560,555,560,560,0
2022-07-29 12:49:00,560,555,560,560,0
2022-07-29 12:50:00,560,555,560,560,0
2022-07-29 12:51:00,560,555,560,560,0
2022-07-29 12:52:00,560,555,560,560,0
2022-07-29 12:53:00,560,555,560,560,0
2022-07-29 12:54:00,560,555,560,560,0
2022-07-29 12:55:00,560,555,560,560,0
2022-07-29 12:56:00,560,555,560,560,0
2022-07-29 12:57:00,560,555,560,560,0
2022-07-29 12:58:00,560,555,560,560,0
2022-07-29 12:59:00,560,555,560,560,0
2022-07-29 13:00:00,560,555,560,560,0
2022-07-29 13:01:00,560,555,560,560,0
2022-07-29 13:02:00,560,555,560,560,0
2022-07-29 13:03:00,560,555,560,560,0
2022-07-29 13:04:00,560,555,560,560,0
2022-07-29 13:05:00,560,555,560,560,0
2022-07-29 13:06:00,560,555,560,560,0
2022-07-29 13:07:00,560,555,560,560,0
2022-07-29 13:08:00,560,555,560,560,0
2022-07-29 13:09:00,560,555,560,560,0
2022-07-29 13:10:00,560,555,560,560,0
2022-07-29 13:11:00,560,555,560,560,0
2022-07-29 13:12:00,560,555,560,560,0
2022-07-29 13:13:00,560,555,560,560,0
2022-07-29 13:14:00,560,555,560,560,0
2022-07-29 13:15:00,560,555,560,560,0
2022-07-29 13:16:00,560,555,560,560,0
2022-07-29 13:17:00,560,555,560,560,0
2022-07-29 13:18:00,560,555,560,560,0
2022-07-29 13:19:00,560,555,560,560,0
2022-07-29 13:20:00,560,555,560,560,0
2022-07-29 13:21:00,560,555,560,560,0
2022-07-29 13:22:00,560,555,560,560,0
2022-07-29 13:23:00,560,555,560,560,0
2022-07-29 13:24:00,560,555,560,560,0
2022-07-29 13:25:00,560,555,560,560,0
2022-07-29 13:26:00,560,555,560,560,0
2022-07-29 13:27:00,560,555,560,560,0
2022-07-29 13:28:00,560,555,560,560,0
2022-07-29 13:29:00,560,555,560,560,0
2022-07-29 13:30:00,560,555,560,560,0
2022-07-29 13:31:00,560,555,560,560,0
2022-07-29 13:32:00,560,555,560,560,0
2022-07-29 13:33:00,560,555,560,560,0
2022-07-29 13:34:00,560,555,560,560,0
2022-07-29 13:35:00,560,555,560,560,0
2022-07-29 13:36:00,560,555,560,560,0
2022-07-29 13:37:00,560,555,560,560,0
2022-07-29 13:38:00,560,555,560,560,0
2022-07-29 13:39:00,560,555,560,560,0
2022-07-29 13:40:00,560,555,560,560,0
2022-07-29 13:41:00,560,555,560,560,0
2022-07-29 13:42:00,560,555,560,560,0
2022-07-29 13:43:00,560,555,560,560,0
2022-07-29 13:44:00,560,555,560,560,0
2022-07-29 13:45:00,560,555,560,560,0
2022-07-29 13:46:00,560,555,560,560,0
2022-07-29 13:47:00,560,555,560,560,0
2022-07-29 13:48:00,560,555,560,560,0
2022-07-29 13:49:00,560,555,560,560,0
2022-07-29 13:50:00,560,555,560,560,0
2022-07-29 13:51:00,560,555,560,560,0
2022-07-29 13:52:00,560,555,560,560,0
2022-07-29 13:53:00,560,555,560,560,0
2022-07-29 13:54:00,560,555,560,560,0
2022-07-29 13:55:00,560,555,560,560,0
2022-07-29 13:56:00,560,555,560,560,0
2022-07-29 13:57:00,560,555,560,560,0
2022-07-29 13:58:00,560,555,560,560,0
2022-07-29 13:59:00,560,555,560,560,0
2022-07-29 14:00:00,560,555,560,560,0
2022-07-29 14:01:00,560,555,560,560,0
2022-07-29 14:02:00,560,555,560,560,0
2022-07-29 14:03:00,560,555,560,560,0
2022-07-29 14:04:00,560,555,560,560,0
2022-07-29 14:05:00,560,555,560,560,0
2022-07-29 14:06:00,560,555,560,560,0
2022-07-29 14:07:00,560,555,560,560,0
2022-07-29 14:08:00,560,555,560,560,0
2022-07-29 14:09:00,560,555,560,560,0
2022-07-29 14:10:00,560,555,560,560,0
2022-07-29 14:11:00,560,555,560,560,0
2022-07-29 14:12:00,560,555,560,560,0
2022-07-29 14:13:00,560,555,560,560,0
2022-07-29 14:14:00,560,560,560,560,600
2022-07-29 14:15:00,560,560,560,560,300
2022-07-29 14:16:00,560,560,560,560,0
2022-07-29 14:17:00,560,560,560,560,0
2022-07-29 14:18:00,560,560,560,560,0
2022-07-29 14:19:00,560,560,560,560,0
2022-07-29 14:20:00,560,560,560,560,0
2022-07-29 14:21:00,560,560,560,560,0
2022-07-29 14:22:00,560,560,560,560,0
2022-07-29 14:23:00,560,560,560,560,0
2022-07-29 14:24:00,560,560,560,560,0
2022-07-29 14:25:00,560,560,560,560,0
2022-07-29 14:26:00,560,560,560,560,0
2022-07-29 14:27:00,560,560,560,560,0
2022-07-29 14:28:00,560,560,560,560,0
2022-07-29 14:29:00,560,560,560,560,0
2022-07-29 14:30:00,560,560,560,560,700
2022-07-29 14:31:00,560,560,560,560,0
2022-07-29 14:32:00,560,560,560,560,0
2022-07-29 14:33:00,560,560,560,560,0
2022-07-29 14:34:00,560,560,560,560,0
2022-07-29 14:35:00,560,560,560,560,0
2022-07-29 14:36:00,560,560,560,560,0
2022-07-29 14:37:00,560,560,560,560,0
2022-07-29 14:38:00,560,560,560,560,0
2022-07-29 14:39:00,560,560,560,560,0
2022-07-29 14:40:00,560,560,560,560,0
2022-07-29 14:41:00,560,560,560,560,600
2022-07-29 14:42:00,560,560,560,560,300
2022-07-29 14:43:00,560,560,560,560,0
2022-07-29 14:44:00,560,560,560,560,100
2022-07-29 14:45:00,560,560,560,560,0
2022-07-29 14:46:00,560,560,560,560,400
2022-07-29 14:47:00,560,555,560,560,2100
2022-07-29 14:48:00,560,560,560,560,700
2022-07-29 14:49:00,560,560,560,560,700
2022-07-29 14:50:00,560,560,560,560,0
2022-07-29 14:51:00,560,560,560,560,0
2022-07-29 14:52:00,560,560,560,560,0
2022-07-29 14:53:00,560,560,560,560,0
2022-07-29 14:54:00,560,560,560,560,0
2022-07-29 14:55:00,560,560,560,560,0
2022-07-29 14:56:00,560,560,560,560,0
2022-07-29 14:57:00,560,560,560,560,0
2022-07-29 14:58:00,560,560,560,560,0
2022-07-29 14:59:00,560,560,560,560,0
2022-07-29 15:00:00,560,560,560,560,85000
2022-07-29 15:01:00,560,560,560,560,0
2022-07-29 15:02:00,560,560,560,560,0
2022-07-29 15:03:00,560,560,560,560,0
2022-07-29 15:04:00,560,560,560,560,0
2022-07-29 15:05:00,560,560,560,560,0
2022-07-29 15:06:00,560,560,560,560,0
2022-07-29 15:07:00,560,560,560,560,0
2022-07-29 15:08:00,560,560,560,560,0
2022-07-29 15:09:00,560,560,560,560,0
2022-07-29 15:10:00,560,560,560,560,0
2022-07-29 15:11:00,560,560,560,560,0
2022-07-29 15:12:00,560,560,560,560,0
2022-07-29 15:13:00,560,560,560,560,0
2022-07-29 15:14:00,560,560,560,560,0
2022-07-29 15:15:00,560,560,560,560,0
2022-07-29 15:16:00,560,560,560,560,0
2022-07-29 15:17:00,560,560,560,560,0
2022-07-29 15:18:00,560,560,560,560,0
2022-07-29 15:19:00,560,560,560,560,0
2022-07-29 15:20:00,560,560,560,560,0
2022-07-29 15:21:00,560,560,560,560,0
2022-07-29 15:22:00,560,560,560,560,0
2022-07-29 15:23:00,560,560,560,560,0
2022-07-29 15:24:00,560,560,560,560,0
2022-07-29 15:25:00,560,560,560,560,0
2022-07-29 15:26:00,560,560,560,560,0
2022-07-29 15:27:00,560,560,560,560,0
2022-07-29 15:28:00,560,560,560,560,0
2022-07-29 15:29:00,560,560,560,560,0
2022-07-29 15:30:00,560,560,560,560,0
2022-07-29 15:31:00,560,560,560,560,0
2022-07-29 15:32:00,560,560,560,560,0
2022-07-29 15:33:00,560,560,560,560,0
2022-07-29 15:34:00,560,560,560,560,0
2022-07-29 15:35:00,560,560,560,560,0
2022-07-29 15:36:00,560,560,560,560,0
2022-07-29 15:37:00,560,560,560,560,0
2022-07-29 15:38:00,560,560,560,560,0
2022-07-29 15:39:00,560,560,560,560,0
2022-07-29 15:40:00,560,560,560,560,0
2022-07-29 15:41:00,560,560,560,560,0
2022-07-29 15:42:00,560,560,560,560,0
2022-07-29 15:43:00,560,560,560,560,0
2022-07-29 15:44:00,560,560,560,560,0
2022-07-29 15:45:00,560,560,560,560,0
2022-07-29 15:46:00,560,560,560,560,0
2022-07-29 15:47:00,560,560,560,560,0
2022-07-29 15:48:00,560,560,560,560,0
2022-07-29 15:49:00,560,560,560,560,0
2022-07-29 15:50:00,560,560,560,560,0
2022-07-29 15:51:00,560,560,560,560,0
2022-07-29 15:52:00,560,560,560,560,0
2022-07-29 15:53:00,560,560,560,560,0
2022-07-29 15:54:00,560,560,560,560,0
2022-07-29 15:55:00,560,560,560,560,0
2022-07-29 15:56:00,560,560,560,560,0
2022-07-29 15:57:00,560,560,560,560,0
2022-07-29 15:58:00,560,560,560,560,0
2022-07-29 15:59:00,560,560,560,560,0
2022-08-01 09:00:00,560,560,560,560,0
2022-08-01 09:01:00,560,560,560,560,0
2022-08-01 09:02:00,560,560,560,560,0
2022-08-01 09:03:00,560,560,560,560,0
2022-08-01 09:04:00,560,560,560,560,0
2022-08-01 09:05:00,555,555,555,555,5300
2022-08-01 09:06:00,555,555,555,555,0
2022-08-01 09:07:00,555,555,555,555,9800
2022-08-01 09:08:00,555,555,555,555,0
2022-08-01 09:09:00,550,550,550,550,92200
2022-08-01 09:10:00,555,550,560,560,143300
2022-08-01 09:11:00,555,550,560,560,0
2022-08-01 09:12:00,555,555,560,560,1100
2022-08-01 09:13:00,555,555,560,560,0
2022-08-01 09:14:00,555,555,555,555,4000
2022-08-01 09:15:00,560,555,560,555,900
2022-08-01 09:16:00,555,555,555,555,600
2022-08-01 09:17:00,555,555,555,555,2500
2022-08-01 09:18:00,555,555,555,555,0
2022-08-01 09:19:00,555,555,555,555,0
2022-08-01 09:20:00,555,555,555,555,0
2022-08-01 09:21:00,555,555,555,555,0
2022-08-01 09:22:00,555,555,555,555,400
2022-08-01 09:23:00,555,555,555,555,0
2022-08-01 09:24:00,555,555,555,555,0
2022-08-01 09:25:00,555,555,555,555,0
2022-08-01 09:26:00,555,555,555,555,0
2022-08-01 09:27:00,555,555,555,555,0
2022-08-01 09:28:00,555,555,555,555,0
2022-08-01 09:29:00,555,555,555,555,0
2022-08-01 09:30:00,555,555,560,560,56100
2022-08-01 09:31:00,560,560,560,560,0
2022-08-01 09:32:00,560,560,560,560,0
2022-08-01 09:33:00,560,560,560,560,0
2022-08-01 09:34:00,560,560,560,560,0
2022-08-01 09:35:00,560,560,560,560,0
2022-08-01 09:36:00,560,560,560,560,0
2022-08-01 09:37:00,560,560,560,560,0
2022-08-01 09:38:00,560,560,560,560,0
2022-08-01 09:39:00,560,560,560,560,100
2022-08-01 09:40:00,560,560,560,560,0
2022-08-01 09:41:00,560,560,560,560,0
2022-08-01 09:42:00,560,560,560,560,0
2022-08-01 09:43:00,560,560,560,560,0
2022-08-01 09:44:00,560,560,560,560,0
2022-08-01 09:45:00,560,560,560,560,0
2022-08-01 09:46:00,560,560,560,560,0
2022-08-01 09:47:00,560,560,560,560,0
2022-08-01 09:48:00,560,560,560,560,0
2022-08-01 09:49:00,560,560,560,560,0
2022-08-01 09:50:00,555,555,555,555,7100
2022-08-01 09:51:00,555,555,560,560,4100
2022-08-01 09:52:00,555,555,560,560,0
2022-08-01 09:53:00,555,555,560,560,0
2022-08-01 09:54:00,560,560,560,560,0
2022-08-01 09:55:00,560,560,560,560,0
2022-08-01 09:56:00,560,560,560,560,0
2022-08-01 09:57:00,560,560,560,560,0
2022-08-01 09:58:00,560,560,560,560,0
2022-08-01 09:59:00,560,560,560,560,0
2022-08-01 10:00:00,560,560,560,560,0
2022-08-01 10:01:00,560,560,560,560,0
2022-08-01 10:02:00,555,555,555,555,4700
2022-08-01 10:03:00,560,560,560,560,0
2022-08-01 10:04:00,560,560,560,560,0
2022-08-01 10:05:00,560,560,560,560,0
2022-08-01 10:06:00,560,560,560,560,0
2022-08-01 10:07:00,560,560,560,560,0
2022-08-01 10:08:00,560,560,560,560,0
2022-08-01 10:09:00,560,560,560,560,0
2022-08-01 10:10:00,560,560,560,560,0
2022-08-01 10:11:00,560,560,560,560,0
2022-08-01 10:12:00,560,560,560,560,0
2022-08-01 10:13:00,560,560,560,560,0
2022-08-01 10:14:00,560,560,560,560,0
2022-08-01 10:15:00,560,560,560,560,0
2022-08-01 10:16:00,560,560,560,560,0
2022-08-01 10:17:00,560,560,560,560,0
2022-08-01 10:18:00,560,560,560,560,0
2022-08-01 10:19:00,560,560,560,560,0
2022-08-01 10:20:00,560,560,560,560,0
2022-08-01 10:21:00,560,560,560,560,0
2022-08-01 10:22:00,560,560,560,560,0
2022-08-01 10:23:00,560,560,560,560,0
2022-08-01 10:24:00,560,560,560,560,0
2022-08-01 10:25:00,560,560,560,560,0
2022-08-01 10:26:00,560,560,560,560,0
2022-08-01 10:27:00,560,560,560,560,0
2022-08-01 10:28:00,560,560,560,560,0
2022-08-01 10:29:00,560,560,560,560,0
2022-08-01 10:30:00,560,560,560,560,0
2022-08-01 10:31:00,560,560,560,560,0
2022-08-01 10:32:00,560,560,560,560,0
2022-08-01 10:33:00,560,560,560,560,0
2022-08-01 10:34:00,560,560,560,560,0
2022-08-01 10:35:00,560,560,560,560,0
2022-08-01 10:36:00,560,560,560,560,0
2022-08-01 10:37:00,560,560,560,560,0
2022-08-01 10:38:00,560,560,560,560,0
2022-08-01 10:39:00,560,560,560,560,0
2022-08-01 10:40:00,560,560,560,560,0
2022-08-01 10:41:00,560,560,560,560,0
2022-08-01 10:42:00,560,560,560,560,6000
2022-08-01 10:43:00,560,560,560,560,0
2022-08-01 10:44:00,560,560,560,560,0
2022-08-01 10:45:00,560,560,560,560,0
2022-08-01 10:46:00,560,560,560,560,0
2022-08-01 10:47:00,560,560,560,560,0
2022-08-01 10:48:00,560,560,560,560,0
2022-08-01 10:49:00,560,560,560,560,0
2022-08-01 10:50:00,560,560,560,560,0
2022-08-01 10:51:00,560,560,560,560,0
2022-08-01 10:52:00,560,560,560,560,0
2022-08-01 10:53:00,560,560,560,560,0
2022-08-01 10:54:00,560,560,560,560,0
2022-08-01 10:55:00,560,560,560,560,0
2022-08-01 10:56:00,560,560,560,560,0
2022-08-01 10:57:00,560,560,560,560,0
2022-08-01 10:58:00,560,560,560,560,0
2022-08-01 10:59:00,560,560,560,560,0
2022-08-01 11:00:00,560,560,560,560,800
2022-08-01 11:01:00,560,560,560,560,0
2022-08-01 11:02:00,560,560,560,560,0
2022-08-01 11:03:00,560,560,560,560,0
2022-08-01 11:04:00,560,560,560,560,0
2022-08-01 11:05:00,560,560,560,560,0
2022-08-01 11:06:00,560,560,560,560,0
2022-08-01 11:07:00,560,560,560,560,0
2022-08-01 11:08:00,560,560,560,560,0
2022-08-01 11:09:00,560,560,560,560,0
2022-08-01 11:10:00,560,560,560,560,0
2022-08-01 11:11:00,560,560,560,560,0
2022-08-01 11:12:00,560,560,560,560,0
2022-08-01 11:13:00,560,560,560,560,0
2022-08-01 11:14:00,560,560,560,560,0
2022-08-01 11:15:00,560,560,560,560,0
2022-08-01 11:16:00,560,560,560,560,0
2022-08-01 11:17:00,560,560,560,560,0
2022-08-01 11:18:00,560,560,560,560,0
2022-08-01 11:19:00,560,560,560,560,600
2022-08-01 11:20:00,560,560,560,560,300
2022-08-01 11:21:00,560,560,560,560,0
2022-08-01 11:22:00,560,560,560,560,0
2022-08-01 11:23:00,560,560,560,560,0
2022-08-01 11:24:00,560,560,560,560,300
2022-08-01 11:25:00,560,560,560,560,0
2022-08-01 11:26:00,560,560,560,560,0
2022-08-01 11:27:00,560,560,560,560,0
2022-08-01 11:28:00,560,560,560,560,0
2022-08-01 11:29:00,560,560,560,560,0
2022-08-01 11:30:00,560,560,560,560,0
2022-08-01 11:31:00,560,560,560,560,0
2022-08-01 11:32:00,560,560,560,560,0
2022-08-01 11:33:00,560,560,560,560,0
2022-08-01 11:34:00,560,560,560,560,0
2022-08-01 11:35:00,560,560,560,560,0
2022-08-01 11:36:00,560,560,560,560,0
2022-08-01 11:37:00,560,560,560,560,0
2022-08-01 11:38:00,560,560,560,560,0
2022-08-01 11:39:00,560,560,560,560,0
2022-08-01 11:40:00,560,560,560,560,0
2022-08-01 11:41:00,560,560,560,560,0
2022-08-01 11:42:00,560,560,560,560,0
2022-08-01 11:43:00,560,560,560,560,0
2022-08-01 11:44:00,560,560,560,560,0
2022-08-01 11:45:00,560,560,560,560,0
2022-08-01 11:46:00,560,560,560,560,0
2022-08-01 11:47:00,560,560,560,560,0
2022-08-01 11:48:00,560,560,560,560,0
2022-08-01 11:49:00,560,560,560,560,0
2022-08-01 11:50:00,560,560,560,560,0
2022-08-01 11:51:00,560,560,560,560,0
2022-08-01 11:52:00,560,560,560,560,0
2022-08-01 11:53:00,560,560,560,560,0
2022-08-01 11:54:00,560,560,560,560,0
2022-08-01 11:55:00,560,560,560,560,0
2022-08-01 11:56:00,560,560,560,560,0
2022-08-01 11:57:00,560,560,560,560,0
2022-08-01 11:58:00,560,560,560,560,0
2022-08-01 11:59:00,560,560,560,560,0
2022-08-01 12:00:00,560,560,560,560,0
2022-08-01 12:01:00,560,560,560,560,0
2022-08-01 12:02:00,560,560,560,560,0
2022-08-01 12:03:00,560,560,560,560,0
2022-08-01 12:04:00,560,560,560,560,0
2022-08-01 12:05:00,560,560,560,560,0
2022-08-01 12:06:00,560,560,560,560,0
2022-08-01 12:07:00,560,560,560,560,0
2022-08-01 12:08:00,560,560,560,560,0
2022-08-01 12:09:00,560,560,560,560,0
2022-08-01 12:10:00,560,560,560,560,0
2022-08-01 12:11:00,560,560,560,560,0
2022-08-01 12:12:00,560,560,560,560,0
2022-08-01 12:13:00,560,560,560,560,0
2022-08-01 12:14:00,560,560,560,560,0
2022-08-01 12:15:00,560,560,560,560,0
2022-08-01 12:16:00,560,560,560,560,0
2022-08-01 12:17:00,560,560,560,560,0
2022-08-01 12:18:00,560,560,560,560,0
2022-08-01 12:19:00,560,560,560,560,0
2022-08-01 12:20:00,560,560,560,560,0
2022-08-01 12:21:00,560,560,560,560,0
2022-08-01 12:22:00,560,560,560,560,0
2022-08-01 12:23:00,560,560,560,560,0
2022-08-01 12:24:00,560,560,560,560,0
2022-08-01 12:25:00,560,560,560,560,0
2022-08-01 12:26:00,560,560,560,560,0
2022-08-01 12:27:00,560,560,560,560,0
2022-08-01 12:28:00,560,560,560,560,0
2022-08-01 12:29:00,560,560,560,560,0
2022-08-01 12:30:00,560,560,560,560,0
2022-08-01 12:31:00,560,560,560,560,0
2022-08-01 12:32:00,560,560,560,560,0
2022-08-01 12:33:00,560,560,560,560,0
2022-08-01 12:34:00,560,560,560,560,0
2022-08-01 12:35:00,560,560,560,560,0
2022-08-01 12:36:00,560,560,560,560,0
2022-08-01 12:37:00,560,560,560,560,0
2022-08-01 12:38:00,560,560,560,560,0
2022-08-01 12:39:00,560,560,560,560,0
2022-08-01 12:40:00,560,560,560,560,0
2022-08-01 12:41:00,560,560,560,560,0
2022-08-01 12:42:00,560,560,560,560,0
2022-08-01 12:43:00,560,560,560,560,0
2022-08-01 12:44:00,560,560,560,560,0
2022-08-01 12:45:00,560,560,560,560,0
2022-08-01 12:46:00,560,560,560,560,0
2022-08-01 12:47:00,560,560,560,560,0
2022-08-01 12:48:00,560,560,560,560,0
2022-08-01 12:49:00,560,560,560,560,0
2022-08-01 12:50:00,560,560,560,560,0
2022-08-01 12:51:00,560,560,560,560,0
2022-08-01 12:52:00,560,560,560,560,0
2022-08-01 12:53:00,560,560,560,560,0
2022-08-01 12:54:00,560,560,560,560,0
2022-08-01 12:55:00,560,560,560,560,0
2022-08-01 12:56:00,560,560,560,560,0
2022-08-01 12:57:00,560,560,560,560,0
2022-08-01 12:58:00,560,560,560,560,0
2022-08-01 12:59:00,560,560,560,560,0
2022-08-01 13:00:00,560,560,560,560,0
2022-08-01 13:01:00,560,560,560,560,0
2022-08-01 13:02:00,560,560,560,560,0
2022-08-01 13:03:00,560,560,560,560,0
2022-08-01 13:04:00,560,560,560,560,0
2022-08-01 13:05:00,560,560,560,560,0
2022-08-01 13:06:00,560,560,560,560,0
2022-08-01 13:07:00,560,560,560,560,0
2022-08-01 13:08:00,560,560,560,560,0
2022-08-01 13:09:00,560,560,560,560,0
2022-08-01 13:10:00,560,560,560,560,0
2022-08-01 13:11:00,560,560,560,560,0
2022-08-01 13:12:00,560,560,560,560,0
2022-08-01 13:13:00,560,560,560,560,0
2022-08-01 13:14:00,560,560,560,560,0
2022-08-01 13:15:00,560,560,560,560,0
2022-08-01 13:16:00,560,560,560,560,0
2022-08-01 13:17:00,560,560,560,560,0
2022-08-01 13:18:00,560,560,560,560,0
2022-08-01 13:19:00,560,560,560,560,0
2022-08-01 13:20:00,560,560,560,560,0
2022-08-01 13:21:00,560,560,560,560,0
2022-08-01 13:22:00,560,560,560,560,0
2022-08-01 13:23:00,560,560,560,560,0
2022-08-01 13:24:00,560,560,560,560,0
2022-08-01 13:25:00,560,560,560,560,0
2022-08-01 13:26:00,560,560,560,560,0
2022-08-01 13:27:00,560,560,560,560,0
2022-08-01 13:28:00,560,560,560,560,0
2022-08-01 13:29:00,560,560,560,560,0
2022-08-01 13:30:00,560,560,560,560,10000
2022-08-01 13:31:00,560,560,560,560,0
2022-08-01 13:32:00,560,560,560,560,0
2022-08-01 13:33:00,560,560,560,560,0
2022-08-01 13:34:00,560,560,560,560,0
2022-08-01 13:35:00,560,560,560,560,0
2022-08-01 13:36:00,560,560,560,560,0
2022-08-01 13:37:00,560,560,560,560,0
2022-08-01 13:38:00,560,560,560,560,0
2022-08-01 13:39:00,560,560,560,560,0
2022-08-01 13:40:00,560,560,560,560,0
2022-08-01 13:41:00,560,560,560,560,0
2022-08-01 13:42:00,560,560,560,560,0
2022-08-01 13:43:00,560,560,560,560,0
2022-08-01 13:44:00,560,560,560,560,0
2022-08-01 13:45:00,560,560,560,560,0
2022-08-01 13:46:00,560,560,560,560,0
2022-08-01 13:47:00,560,560,560,560,0
2022-08-01 13:48:00,560,560,560,560,0
2022-08-01 13:49:00,560,560,560,560,0
2022-08-01 13:50:00,560,560,560,560,0
2022-08-01 13:51:00,560,560,560,560,0
2022-08-01 13:52:00,560,560,560,560,0
2022-08-01 13:53:00,560,560,560,560,0
2022-08-01 13:54:00,560,560,560,560,0
2022-08-01 13:55:00,560,560,560,560,0
2022-08-01 13:56:00,560,560,560,560,0
2022-08-01 13:57:00,560,560,560,560,0
2022-08-01 13:58:00,560,560,560,560,600
2022-08-01 13:59:00,560,560,560,560,0
2022-08-01 14:00:00,560,560,560,560,0
2022-08-01 14:01:00,560,560,560,560,0
2022-08-01 14:02:00,560,560,560,560,0
2022-08-01 14:03:00,560,560,560,560,0
2022-08-01 14:04:00,560,560,560,560,0
2022-08-01 14:05:00,560,560,560,560,0
2022-08-01 14:06:00,560,560,560,560,0
2022-08-01 14:07:00,560,560,560,560,0
2022-08-01 14:08:00,560,560,560,560,0
2022-08-01 14:09:00,560,560,560,560,0
2022-08-01 14:10:00,560,560,560,560,0
2022-08-01 14:11:00,560,560,560,560,0
2022-08-01 14:12:00,560,560,560,560,2200
2022-08-01 14:13:00,560,560,560,560,0
2022-08-01 14:14:00,560,560,560,560,0
2022-08-01 14:15:00,555,555,555,555,0
2022-08-01 14:16:00,560,560,560,560,200
2022-08-01 14:17:00,560,560,560,560,0
2022-08-01 14:18:00,560,560,560,560,0
2022-08-01 14:19:00,560,560,560,560,0
2022-08-01 14:20:00,560,560,560,560,0
2022-08-01 14:21:00,560,560,560,560,0
2022-08-01 14:22:00,560,560,560,560,0
2022-08-01 14:23:00,560,560,560,560,0
2022-08-01 14:24:00,560,560,560,560,0
2022-08-01 14:25:00,560,560,560,560,0
2022-08-01 14:26:00,560,560,560,560,0
2022-08-01 14:27:00,560,560,560,560,0
2022-08-01 14:28:00,560,560,560,560,700
2022-08-01 14:29:00,560,560,560,560,0
2022-08-01 14:30:00,560,560,560,560,0
2022-08-01 14:31:00,560,560,560,560,0
2022-08-01 14:32:00,560,560,560,560,0
2022-08-01 14:33:00,560,560,560,560,0
2022-08-01 14:34:00,560,560,560,560,0
2022-08-01 14:35:00,560,560,560,560,400
2022-08-01 14:36:00,560,560,560,560,0
2022-08-01 14:37:00,560,560,560,560,0
2022-08-01 14:38:00,560,560,560,560,0
2022-08-01 14:39:00,560,560,560,560,0
2022-08-01 14:40:00,560,560,560,560,0
2022-08-01 14:41:00,560,560,560,560,400
2022-08-01 14:42:00,560,560,560,560,0
2022-08-01 14:43:00,560,560,560,560,0
2022-08-01 14:44:00,560,560,560,560,200
2022-08-01 14:45:00,560,560,560,560,400
2022-08-01 14:46:00,560,560,560,560,1000
2022-08-01 14:47:00,560,560,560,560,0
2022-08-01 14:48:00,560,560,560,560,700
2022-08-01 14:49:00,560,555,560,560,1000
2022-08-01 14:50:00,560,555,560,560,0
2022-08-01 14:51:00,560,555,560,560,0
2022-08-01 14:52:00,560,555,560,560,0
2022-08-01 14:53:00,560,555,560,560,0
2022-08-01 14:54:00,560,555,560,560,0
2022-08-01 14:55:00,560,555,560,560,0
2022-08-01 14:56:00,560,555,560,560,0
2022-08-01 14:57:00,560,555,560,560,0
2022-08-01 14:58:00,560,555,560,560,0
2022-08-01 14:59:00,560,555,560,560,0
2022-08-01 15:00:00,560,560,560,560,464100
2022-08-01 15:01:00,560,560,560,560,0
2022-08-01 15:02:00,560,560,560,560,0
2022-08-01 15:03:00,560,560,560,560,0
2022-08-01 15:04:00,560,560,560,560,0
2022-08-01 15:05:00,560,560,560,560,0
2022-08-01 15:06:00,560,560,560,560,0
2022-08-01 15:07:00,560,560,560,560,0
2022-08-01 15:08:00,560,560,560,560,0
2022-08-01 15:09:00,560,560,560,560,0
2022-08-01 15:10:00,560,560,560,560,0
2022-08-01 15:11:00,560,560,560,560,0
2022-08-01 15:12:00,560,560,560,560,0
2022-08-01 15:13:00,560,560,560,560,0
2022-08-01 15:14:00,560,560,560,560,0
2022-08-01 15:15:00,560,560,560,560,0
2022-08-01 15:16:00,560,560,560,560,0
2022-08-01 15:17:00,560,560,560,560,0
2022-08-01 15:18:00,560,560,560,560,0
2022-08-01 15:19:00,560,560,560,560,0
2022-08-01 15:20:00,560,560,560,560,0
2022-08-01 15:21:00,560,560,560,560,0
2022-08-01 15:22:00,560,560,560,560,0
2022-08-01 15:23:00,560,560,560,560,0
2022-08-01 15:24:00,560,560,560,560,0
2022-08-01 15:25:00,560,560,560,560,0
2022-08-01 15:26:00,560,560,560,560,0
2022-08-01 15:27:00,560,560,560,560,0
2022-08-01 15:28:00,560,560,560,560,0
2022-08-01 15:29:00,560,560,560,560,0
2022-08-01 15:30:00,560,560,560,560,0
2022-08-01 15:31:00,560,560,560,560,0
2022-08-01 15:32:00,560,560,560,560,0
2022-08-01 15:33:00,560,560,560,560,0
2022-08-01 15:34:00,560,560,560,560,0
2022-08-01 15:35:00,560,560,560,560,0
2022-08-01 15:36:00,560,560,560,560,0
2022-08-01 15:37:00,560,560,560,560,0
2022-08-01 15:38:00,560,560,560,560,0
2022-08-01 15:39:00,560,560,560,560,0
2022-08-01 15:40:00,560,560,560,560,0
2022-08-01 15:41:00,560,560,560,560,0
2022-08-01 15:42:00,560,560,560,560,0
2022-08-01 15:43:00,560,560,560,560,0
2022-08-01 15:44:00,560,560,560,560,0
2022-08-01 15:45:00,560,560,560,560,0
2022-08-01 15:46:00,560,560,560,560,0
2022-08-01 15:47:00,560,560,560,560,0
2022-08-01 15:48:00,560,560,560,560,0
2022-08-01 15:49:00,560,560,560,560,0
2022-08-01 15:50:00,560,560,560,560,0
2022-08-01 15:51:00,560,560,560,560,0
2022-08-01 15:52:00,560,560,560,560,0
2022-08-01 15:53:00,560,560,560,560,0
2022-08-01 15:54:00,560,560,560,560,0
2022-08-01 15:55:00,560,560,560,560,0
2022-08-01 15:56:00,560,560,560,560,0
2022-08-01 15:57:00,560,560,560,560,0
2022-08-01 15:58:00,560,560,560,560,0
2022-08-01 15:59:00,560,560,560,560,0
2022-08-02 09:00:00,560,560,560,560,0
2022-08-02 09:01:00,560,560,560,560,0
2022-08-02 09:02:00,560,560,560,560,0
2022-08-02 09:03:00,560,560,560,560,0
2022-08-02 09:04:00,560,560,560,560,0
2022-08-02 09:05:00,560,560,560,560,0
2022-08-02 09:06:00,560,560,560,560,9800
2022-08-02 09:07:00,555,555,555,555,0
2022-08-02 09:08:00,560,560,560,560,0
2022-08-02 09:09:00,560,560,560,560,0
2022-08-02 09:10:00,560,555,560,560,1500
2022-08-02 09:11:00,560,555,560,560,0
2022-08-02 09:12:00,560,555,560,560,0
2022-08-02 09:13:00,560,555,560,560,0
2022-08-02 09:14:00,560,555,560,560,0
2022-08-02 09:15:00,560,555,560,560,0
2022-08-02 09:16:00,560,555,560,560,0
2022-08-02 09:17:00,560,555,560,560,0
2022-08-02 09:18:00,560,555,560,560,0
2022-08-02 09:19:00,560,555,560,560,0
2022-08-02 09:20:00,560,555,560,560,0
2022-08-02 09:21:00,560,555,560,560,0
2022-08-02 09:22:00,560,555,560,560,0
2022-08-02 09:23:00,560,555,560,560,0
2022-08-02 09:24:00,555,555,555,555,1000
2022-08-02 09:25:00,560,560,560,560,0
2022-08-02 09:26:00,560,560,560,560,300
2022-08-02 09:27:00,560,560,560,560,0
2022-08-02 09:28:00,560,560,560,560,0
2022-08-02 09:29:00,560,560,560,560,0
2022-08-02 09:30:00,560,560,560,560,0
2022-08-02 09:31:00,560,560,560,560,0
2022-08-02 09:32:00,560,560,560,560,0
2022-08-02 09:33:00,560,560,560,560,0
2022-08-02 09:34:00,560,560,560,560,0
2022-08-02 09:35:00,560,560,560,560,0
2022-08-02 09:36:00,560,560,560,560,0
2022-08-02 09:37:00,560,560,560,560,0
2022-08-02 09:38:00,560,560,560,560,0
2022-08-02 09:39:00,560,560,560,560,0
2022-08-02 09:40:00,560,560,560,560,0
2022-08-02 09:41:00,560,560,560,560,76000
2022-08-02 09:42:00,560,560,560,560,0
2022-08-02 09:43:00,560,560,560,560,0
2022-08-02 09:44:00,560,560,560,560,0
2022-08-02 09:45:00,560,560,560,560,0
2022-08-02 09:46:00,560,560,560,560,0
2022-08-02 09:47:00,560,560,560,560,0
2022-08-02 09:48:00,560,560,560,560,0
2022-08-02 09:49:00,560,560,560,560,0
2022-08-02 09:50:00,560,560,560,560,0
2022-08-02 09:51:00,555,550,565,565,385500
2022-08-02 09:52:00,565,560,565,560,0
2022-08-02 09:53:00,565,565,565,565,1500
2022-08-02 09:54:00,565,565,565,565,0
2022-08-02 09:55:00,565,565,565,565,0
2022-08-02 09:56:00,565,565,565,565,0
2022-08-02 09:57:00,565,565,565,565,1000
2022-08-02 09:58:00,565,565,565,565,0
2022-08-02 09:59:00,565,565,565,565,0
2022-08-02 10:00:00,565,565,565,565,0
2022-08-02 10:01:00,565,565,565,565,0
2022-08-02 10:02:00,560,560,560,560,1500
2022-08-02 10:03:00,560,560,560,560,0
2022-08-02 10:04:00,560,555,560,555,21000
2022-08-02 10:05:00,560,560,560,560,700
2022-08-02 10:06:00,560,555,560,555,1800
2022-08-02 10:07:00,555,555,560,560,17600
2022-08-02 10:08:00,560,560,560,560,0
2022-08-02 10:09:00,560,560,560,560,0
2022-08-02 10:10:00,560,560,560,560,0
2022-08-02 10:11:00,560,560,560,560,0
2022-08-02 10:12:00,560,560,560,560,0
2022-08-02 10:13:00,560,560,560,560,0
2022-08-02 10:14:00,560,560,560,560,0
2022-08-02 10:15:00,560,560,560,560,0
2022-08-02 10:16:00,560,560,560,560,0
2022-08-02 10:17:00,560,560,560,560,0
2022-08-02 10:18:00,560,560,560,560,0
2022-08-02 10:19:00,560,560,560,560,0
2022-08-02 10:20:00,560,560,560,560,0
2022-08-02 10:21:00,560,560,560,560,0
2022-08-02 10:22:00,560,560,560,560,0
2022-08-02 10:23:00,560,560,560,560,600
2022-08-02 10:24:00,560,560,560,560,0
2022-08-02 10:25:00,560,560,560,560,0
2022-08-02 10:26:00,560,560,560,560,0
2022-08-02 10:27:00,560,560,560,560,0
2022-08-02 10:28:00,560,560,560,560,0
2022-08-02 10:29:00,560,560,560,560,0
2022-08-02 10:30:00,560,560,560,560,0
2022-08-02 10:31:00,560,560,560,560,0
2022-08-02 10:32:00,560,560,560,560,0
2022-08-02 10:33:00,560,560,560,560,0
2022-08-02 10:34:00,560,560,560,560,0
2022-08-02 10:35:00,560,560,560,560,0
2022-08-02 10:36:00,555,555,555,555,21100
2022-08-02 10:37:00,555,555,555,555,0
2022-08-02 10:38:00,555,555,555,555,1000
2022-08-02 10:39:00,555,555,555,555,100
2022-08-02 10:40:00,555,555,555,555,0
2022-08-02 10:41:00,555,555,555,555,0
2022-08-02 10:42:00,555,555,555,555,0
2022-08-02 10:43:00,555,555,555,555,0
2022-08-02 10:44:00,555,555,555,555,0
2022-08-02 10:45:00,555,555,555,555,0
2022-08-02 10:46:00,555,555,555,555,0
2022-08-02 10:47:00,555,555,555,555,0
2022-08-02 10:48:00,555,555,555,555,0
2022-08-02 10:49:00,555,555,555,555,0
2022-08-02 10:50:00,555,555,555,555,0
2022-08-02 10:51:00,555,555,555,555,0
2022-08-02 10:52:00,555,555,555,555,0
2022-08-02 10:53:00,555,555,555,555,0
2022-08-02 10:54:00,555,555,555,555,0
2022-08-02 10:55:00,555,555,560,560,28200
2022-08-02 10:56:00,560,560,560,560,200
2022-08-02 10:57:00,560,560,560,560,0
2022-08-02 10:58:00,560,560,560,560,0
2022-08-02 10:59:00,555,555,560,560,2200
2022-08-02 11:00:00,555,555,560,560,0
2022-08-02 11:01:00,555,555,560,560,0
2022-08-02 11:02:00,555,555,560,560,0
2022-08-02 11:03:00,555,555,560,560,0
2022-08-02 11:04:00,555,555,560,560,0
2022-08-02 11:05:00,555,555,555,555,1600
2022-08-02 11:06:00,560,560,560,560,700
2022-08-02 11:07:00,560,560,560,560,0
2022-08-02 11:08:00,560,560,560,560,0
2022-08-02 11:09:00,560,560,560,560,0
2022-08-02 11:10:00,560,560,560,560,0
2022-08-02 11:11:00,560,560,560,560,0
2022-08-02 11:12:00,560,560,560,560,0
2022-08-02 11:13:00,560,560,560,560,0
2022-08-02 11:14:00,555,555,555,555,1600
2022-08-02 11:15:00,555,555,555,555,0
2022-08-02 11:16:00,555,555,555,555,0
2022-08-02 11:17:00,560,560,560,560,400
2022-08-02 11:18:00,560,560,560,560,0
2022-08-02 11:19:00,560,560,560,560,0
2022-08-02 11:20:00,560,560,560,560,0
2022-08-02 11:21:00,560,560,560,560,0
2022-08-02 11:22:00,560,560,560,560,0
2022-08-02 11:23:00,560,560,560,560,0
2022-08-02 11:24:00,560,560,560,560,0
2022-08-02 11:25:00,560,560,560,560,0
2022-08-02 11:26:00,560,560,560,560,400
2022-08-02 11:27:00,560,560,560,560,0
2022-08-02 11:28:00,560,560,560,560,0
2022-08-02 11:29:00,560,560,560,560,0
2022-08-02 11:30:00,560,560,560,560,0
2022-08-02 11:31:00,560,560,560,560,0
2022-08-02 11:32:00,560,560,560,560,0
2022-08-02 11:33:00,560,560,560,560,0
2022-08-02 11:34:00,560,560,560,560,0
2022-08-02 11:35:00,560,560,560,560,0
2022-08-02 11:36:00,560,560,560,560,0
2022-08-02 11:37:00,560,560,560,560,0
2022-08-02 11:38:00,560,560,560,560,0
2022-08-02 11:39:00,560,560,560,560,0
2022-08-02 11:40:00,560,560,560,560,0
2022-08-02 11:41:00,560,560,560,560,0
2022-08-02 11:42:00,560,560,560,560,0
2022-08-02 11:43:00,560,560,560,560,0
2022-08-02 11:44:00,560,560,560,560,0
2022-08-02 11:45:00,560,560,560,560,0
2022-08-02 11:46:00,560,560,560,560,0
2022-08-02 11:47:00,560,560,560,560,0
2022-08-02 11:48:00,560,560,560,560,0
2022-08-02 11:49:00,560,560,560,560,0
2022-08-02 11:50:00,560,560,560,560,0
2022-08-02 11:51:00,560,560,560,560,0
2022-08-02 11:52:00,560,560,560,560,0
2022-08-02 11:53:00,560,560,560,560,0
2022-08-02 11:54:00,560,560,560,560,0
2022-08-02 11:55:00,560,560,560,560,0
2022-08-02 11:56:00,560,560,560,560,0
2022-08-02 11:57:00,560,560,560,560,0
2022-08-02 11:58:00,560,560,560,560,0
2022-08-02 11:59:00,560,560,560,560,0
2022-08-02 12:00:00,560,560,560,560,0
2022-08-02 12:01:00,560,560,560,560,0
2022-08-02 12:02:00,560,560,560,560,0
2022-08-02 12:03:00,560,560,560,560,0
2022-08-02 12:04:00,560,560,560,560,0
2022-08-02 12:05:00,560,560,560,560,0
2022-08-02 12:06:00,560,560,560,560,0
2022-08-02 12:07:00,560,560,560,560,0
2022-08-02 12:08:00,560,560,560,560,0
2022-08-02 12:09:00,560,560,560,560,0
2022-08-02 12:10:00,560,560,560,560,0
2022-08-02 12:11:00,560,560,560,560,0
2022-08-02 12:12:00,560,560,560,560,0
2022-08-02 12:13:00,560,560,560,560,0
2022-08-02 12:14:00,560,560,560,560,0
2022-08-02 12:15:00,560,560,560,560,0
2022-08-02 12:16:00,560,560,560,560,0
2022-08-02 12:17:00,560,560,560,560,0
2022-08-02 12:18:00,560,560,560,560,0
2022-08-02 12:19:00,560,560,560,560,0
2022-08-02 12:20:00,560,560,560,560,0
2022-08-02 12:21:00,560,560,560,560,0
2022-08-02 12:22:00,560,560,560,560,0
2022-08-02 12:23:00,560,560,560,560,0
2022-08-02 12:24:00,560,560,560,560,0
2022-08-02 12:25:00,560,560,560,560,0
2022-08-02 12:26:00,560,560,560,560,0
2022-08-02 12:27:00,560,560,560,560,0
2022-08-02 12:28:00,560,560,560,560,0
2022-08-02 12:29:00,560,560,560,560,0
2022-08-02 12:30:00,560,560,560,560,0
2022-08-02 12:31:00,560,560,560,560,0
2022-08-02 12:32:00,560,560,560,560,0
2022-08-02 12:33:00,560,560,560,560,0
2022-08-02 12:34:00,560,560,560,560,0
2022-08-02 12:35:00,560,560,560,560,0
2022-08-02 12:36:00,560,560,560,560,0
2022-08-02 12:37:00,560,560,560,560,0
2022-08-02 12:38:00,560,560,560,560,0
2022-08-02 12:39:00,560,560,560,560,0
2022-08-02 12:40:00,560,560,560,560,0
2022-08-02 12:41:00,560,560,560,560,0
2022-08-02 12:42:00,560,560,560,560,0
2022-08-02 12:43:00,560,560,560,560,0
2022-08-02 12:44:00,560,560,560,560,0
2022-08-02 12:45:00,560,560,560,560,0
2022-08-02 12:46:00,560,560,560,560,0
2022-08-02 12:47:00,560,560,560,560,0
2022-08-02 12:48:00,560,560,560,560,0
2022-08-02 12:49:00,560,560,560,560,0
2022-08-02 12:50:00,560,560,560,560,0
2022-08-02 12:51:00,560,560,560,560,0
2022-08-02 12:52:00,560,560,560,560,0
2022-08-02 12:53:00,560,560,560,560,0
2022-08-02 12:54:00,560,560,560,560,0
2022-08-02 12:55:00,560,560,560,560,0
2022-08-02 12:56:00,560,560,560,560,0
2022-08-02 12:57:00,560,560,560,560,0
2022-08-02 12:58:00,560,560,560,560,0
2022-08-02 12:59:00,560,560,560,560,0
2022-08-02 13:00:00,560,560,560,560,0
2022-08-02 13:01:00,560,560,560,560,0
2022-08-02 13:02:00,560,560,560,560,0
2022-08-02 13:03:00,560,560,560,560,0
2022-08-02 13:04:00,560,560,560,560,0
2022-08-02 13:05:00,560,560,560,560,0
2022-08-02 13:06:00,560,560,560,560,0
2022-08-02 13:07:00,560,560,560,560,0
2022-08-02 13:08:00,560,560,560,560,0
2022-08-02 13:09:00,560,560,560,560,0
2022-08-02 13:10:00,560,560,560,560,0
2022-08-02 13:11:00,560,560,560,560,0
2022-08-02 13:12:00,560,560,560,560,0
2022-08-02 13:13:00,560,560,560,560,0
2022-08-02 13:14:00,560,560,560,560,0
2022-08-02 13:15:00,560,560,560,560,0
2022-08-02 13:16:00,560,560,560,560,0
2022-08-02 13:17:00,560,560,560,560,0
2022-08-02 13:18:00,560,560,560,560,0
2022-08-02 13:19:00,560,560,560,560,0
2022-08-02 13:20:00,560,560,560,560,0
2022-08-02 13:21:00,560,560,560,560,0
2022-08-02 13:22:00,560,560,560,560,0
2022-08-02 13:23:00,560,560,560,560,0
2022-08-02 13:24:00,560,560,560,560,0
2022-08-02 13:25:00,560,560,560,560,0
2022-08-02 13:26:00,560,560,560,560,0
2022-08-02 13:27:00,560,560,560,560,0
2022-08-02 13:28:00,560,560,560,560,0
2022-08-02 13:29:00,560,560,560,560,0
2022-08-02 13:30:00,555,555,555,555,1800
2022-08-02 13:31:00,555,555,555,555,10200
2022-08-02 13:32:00,555,555,555,555,0
2022-08-02 13:33:00,555,555,555,555,0
2022-08-02 13:34:00,555,555,555,555,0
2022-08-02 13:35:00,555,555,555,555,0
2022-08-02 13:36:00,555,555,555,555,0
2022-08-02 13:37:00,555,555,555,555,0
2022-08-02 13:38:00,555,555,555,555,0
2022-08-02 13:39:00,555,555,555,555,0
2022-08-02 13:40:00,555,555,555,555,0
2022-08-02 13:41:00,555,555,560,560,10200
2022-08-02 13:42:00,555,555,560,560,0
2022-08-02 13:43:00,555,555,560,560,0
2022-08-02 13:44:00,555,555,560,560,0
2022-08-02 13:45:00,555,555,560,560,0
2022-08-02 13:46:00,555,555,560,560,0
2022-08-02 13:47:00,555,555,560,560,0
2022-08-02 13:48:00,555,555,560,560,0
2022-08-02 13:49:00,555,555,560,560,0
2022-08-02 13:50:00,555,555,560,560,0
2022-08-02 13:51:00,555,555,560,560,0
2022-08-02 13:52:00,555,555,560,560,0
2022-08-02 13:53:00,555,555,560,560,0
2022-08-02 13:54:00,555,555,560,560,0
2022-08-02 13:55:00,555,555,560,560,0
2022-08-02 13:56:00,555,555,560,560,0
2022-08-02 13:57:00,555,555,560,560,0
2022-08-02 13:58:00,555,555,560,560,0
2022-08-02 13:59:00,555,555,560,560,0
2022-08-02 14:00:00,555,555,560,560,0
2022-08-02 14:01:00,555,555,560,560,0
2022-08-02 14:02:00,555,555,560,560,0
2022-08-02 14:03:00,555,555,560,560,0
2022-08-02 14:04:00,555,555,560,560,0
2022-08-02 14:05:00,555,555,560,560,0
2022-08-02 14:06:00,555,555,560,560,0
2022-08-02 14:07:00,555,555,560,560,0
2022-08-02 14:08:00,555,555,560,560,0
2022-08-02 14:09:00,555,555,560,560,0
2022-08-02 14:10:00,555,555,560,560,0
2022-08-02 14:11:00,555,555,560,560,0
2022-08-02 14:12:00,555,555,560,560,0
2022-08-02 14:13:00,555,555,560,560,0
2022-08-02 14:14:00,555,555,560,560,0
2022-08-02 14:15:00,555,555,560,560,0
2022-08-02 14:16:00,555,555,560,560,0
2022-08-02 14:17:00,555,555,560,560,0
2022-08-02 14:18:00,555,555,560,560,0
2022-08-02 14:19:00,555,555,560,560,0
2022-08-02 14:20:00,555,555,560,560,0
2022-08-02 14:21:00,555,555,560,560,0
2022-08-02 14:22:00,555,555,560,560,0
2022-08-02 14:23:00,555,555,560,560,0
2022-08-02 14:24:00,555,555,560,560,0
2022-08-02 14:25:00,555,555,560,560,0
2022-08-02 14:26:00,555,555,560,560,0
2022-08-02 14:27:00,555,555,560,560,0
2022-08-02 14:28:00,555,555,560,560,0
2022-08-02 14:29:00,555,555,560,560,0
2022-08-02 14:30:00,555,555,555,555,2900
2022-08-02 14:31:00,555,555,560,560,400
2022-08-02 14:32:00,555,555,560,560,1400
2022-08-02 14:33:00,555,555,560,560,0
2022-08-02 14:34:00,555,555,560,560,0
2022-08-02 14:35:00,560,560,560,560,400
2022-08-02 14:36:00,560,560,560,560,900
2022-08-02 14:37:00,560,560,560,560,0
2022-08-02 14:38:00,560,560,560,560,0
2022-08-02 14:39:00,560,560,560,560,0
2022-08-02 14:40:00,560,560,560,560,0
2022-08-02 14:41:00,555,555,560,560,2300
2022-08-02 14:42:00,555,555,560,560,0
2022-08-02 14:43:00,555,555,560,560,0
2022-08-02 14:44:00,555,555,560,560,0
2022-08-02 14:45:00,560,560,560,560,0
2022-08-02 14:46:00,560,560,560,560,0
2022-08-02 14:47:00,560,560,560,560,0
2022-08-02 14:48:00,560,560,560,560,900
2022-08-02 14:49:00,560,560,560,560,900
2022-08-02 14:50:00,560,560,560,560,0
2022-08-02 14:51:00,560,560,560,560,0
2022-08-02 14:52:00,560,560,560,560,0
2022-08-02 14:53:00,560,560,560,560,0
2022-08-02 14:54:00,560,560,560,560,0
2022-08-02 14:55:00,560,560,560,560,0
2022-08-02 14:56:00,560,560,560,560,0
2022-08-02 14:57:00,560,560,560,560,0
2022-08-02 14:58:00,560,560,560,560,0
2022-08-02 14:59:00,560,560,560,560,0
2022-08-02 15:00:00,555,555,555,555,622800
2022-08-02 15:01:00,555,555,555,555,0
2022-08-02 15:02:00,555,555,555,555,0
2022-08-02 15:03:00,555,555,555,555,0
2022-08-02 15:04:00,555,555,555,555,0
2022-08-02 15:05:00,555,555,555,555,0
2022-08-02 15:06:00,555,555,555,555,0
2022-08-02 15:07:00,555,555,555,555,0
2022-08-02 15:08:00,555,555,555,555,0
2022-08-02 15:09:00,555,555,555,555,0
2022-08-02 15:10:00,555,555,555,555,0
2022-08-02 15:11:00,555,555,555,555,0
2022-08-02 15:12:00,555,555,555,555,0
2022-08-02 15:13:00,555,555,555,555,0
2022-08-02 15:14:00,555,555,555,555,0
2022-08-02 15:15:00,555,555,555,555,0
2022-08-02 15:16:00,555,555,555,555,0
2022-08-02 15:17:00,555,555,555,555,0
2022-08-02 15:18:00,555,555,555,555,0
2022-08-02 15:19:00,555,555,555,555,0
2022-08-02 15:20:00,555,555,555,555,0
2022-08-02 15:21:00,555,555,555,555,0
2022-08-02 15:22:00,555,555,555,555,0
2022-08-02 15:23:00,555,555,555,555,0
2022-08-02 15:24:00,555,555,555,555,0
2022-08-02 15:25:00,555,555,555,555,0
2022-08-02 15:26:00,555,555,555,555,0
2022-08-02 15:27:00,555,555,555,555,0
2022-08-02 15:28:00,555,555,555,555,0
2022-08-02 15:29:00,555,555,555,555,0
2022-08-02 15:30:00,555,555,555,555,0
2022-08-02 15:31:00,555,555,555,555,0
2022-08-02 15:32:00,555,555,555,555,0
2022-08-02 15:33:00,555,555,555,555,0
2022-08-02 15:34:00,555,555,555,555,0
2022-08-02 15:35:00,555,555,555,555,0
2022-08-02 15:36:00,555,555,555,555,0
2022-08-02 15:37:00,555,555,555,555,0
2022-08-02 15:38:00,555,555,555,555,0
2022-08-02 15:39:00,555,555,555,555,0
2022-08-02 15:40:00,555,555,555,555,0
2022-08-02 15:41:00,555,555,555,555,0
2022-08-02 15:42:00,555,555,555,555,0
2022-08-02 15:43:00,555,555,555,555,0
2022-08-02 15:44:00,555,555,555,555,0
2022-08-02 15:45:00,555,555,555,555,0
2022-08-02 15:46:00,555,555,555,555,0
2022-08-02 15:47:00,555,555,555,555,0
2022-08-02 15:48:00,555,555,555,555,0
2022-08-02 15:49:00,555,555,555,555,0
2022-08-02 15:50:00,555,555,555,555,0
2022-08-02 15:51:00,555,555,555,555,0
2022-08-02 15:52:00,555,555,555,555,0
2022-08-02 15:53:00,555,555,555,555,0
2022-08-02 15:54:00,555,555,555,555,0
2022-08-02 15:55:00,555,555,555,555,0
2022-08-02 15:56:00,555,555,555,555,0
2022-08-02 15:57:00,555,555,555,555,0
2022-08-02 15:58:00,555,555,555,555,0
2022-08-02 15:59:00,555,555,555,555,0
2022-08-03 09:00:00,555,550,560,555,0
2022-08-03 09:01:00,555,555,555,555,8800
2022-08-03 09:02:00,555,555,560,560,17500
2022-08-03 09:03:00,555,555,560,560,0
2022-08-03 09:04:00,555,555,560,560,0
2022-08-03 09:05:00,555,555,560,560,0
2022-08-03 09:06:00,555,555,560,560,0
2022-08-03 09:07:00,555,555,560,560,0
2022-08-03 09:08:00,555,555,555,555,1700
2022-08-03 09:09:00,555,555,560,560,2700
2022-08-03 09:10:00,560,560,560,560,0
2022-08-03 09:11:00,560,560,560,560,1000
2022-08-03 09:12:00,560,560,560,560,0
2022-08-03 09:13:00,560,560,560,560,0
2022-08-03 09:14:00,560,560,560,560,0
2022-08-03 09:15:00,560,560,560,560,0
2022-08-03 09:16:00,560,560,560,560,0
2022-08-03 09:17:00,560,560,560,560,0
2022-08-03 09:18:00,560,560,560,560,2400
2022-08-03 09:19:00,560,560,560,560,0
2022-08-03 09:20:00,560,560,560,560,0
2022-08-03 09:21:00,560,560,560,560,0
2022-08-03 09:22:00,560,560,560,560,0
2022-08-03 09:23:00,560,560,560,560,0
2022-08-03 09:24:00,560,560,560,560,0
2022-08-03 09:25:00,560,560,560,560,0
2022-08-03 09:26:00,560,560,560,560,0
2022-08-03 09:27:00,560,560,560,560,0
2022-08-03 09:28:00,560,560,560,560,0
2022-08-03 09:29:00,560,560,560,560,0
2022-08-03 09:30:00,560,560,560,560,0
2022-08-03 09:31:00,560,560,560,560,0
2022-08-03 09:32:00,560,560,560,560,0
2022-08-03 09:33:00,560,560,560,560,0
2022-08-03 09:34:00,560,560,560,560,0
2022-08-03 09:35:00,560,560,560,560,0
2022-08-03 09:36:00,560,560,560,560,0
2022-08-03 09:37:00,560,560,560,560,0
2022-08-03 09:38:00,560,560,560,560,0
2022-08-03 09:39:00,560,560,560,560,0
2022-08-03 09:40:00,560,560,560,560,0
2022-08-03 09:41:00,560,560,560,560,0
2022-08-03 09:42:00,560,560,560,560,0
2022-08-03 09:43:00,560,560,560,560,10000
2022-08-03 09:44:00,560,560,560,560,0
2022-08-03 09:45:00,560,560,560,560,0
2022-08-03 09:46:00,560,560,560,560,0
2022-08-03 09:47:00,560,560,560,560,0
2022-08-03 09:48:00,560,560,560,560,0
2022-08-03 09:49:00,560,560,560,560,0
2022-08-03 09:50:00,560,560,560,560,9400
2022-08-03 09:51:00,560,560,560,560,0
2022-08-03 09:52:00,560,560,560,560,0
2022-08-03 09:53:00,560,560,560,560,0
2022-08-03 09:54:00,560,560,560,560,0
2022-08-03 09:55:00,560,560,560,560,0
2022-08-03 09:56:00,560,560,560,560,0
2022-08-03 09:57:00,560,560,560,560,0
2022-08-03 09:58:00,560,560,560,560,0
2022-08-03 09:59:00,560,560,560,560,0
2022-08-03 10:00:00,560,560,560,560,0
2022-08-03 10:01:00,560,560,560,560,0
2022-08-03 10:02:00,560,560,560,560,0
2022-08-03 10:03:00,560,560,560,560,0
2022-08-03 10:04:00,560,560,560,560,0
2022-08-03 10:05:00,560,560,560,560,0
2022-08-03 10:06:00,560,560,560,560,0
2022-08-03 10:07:00,560,560,560,560,0
2022-08-03 10:08:00,560,560,560,560,0
2022-08-03 10:09:00,560,560,560,560,0
2022-08-03 10:10:00,560,560,560,560,0
2022-08-03 10:11:00,555,555,555,555,15500
2022-08-03 10:12:00,560,560,560,560,0
2022-08-03 10:13:00,560,560,560,560,0
2022-08-03 10:14:00,560,560,560,560,0
2022-08-03 10:15:00,560,560,560,560,0
2022-08-03 10:16:00,560,560,560,560,0
2022-08-03 10:17:00,560,560,560,560,0
2022-08-03 10:18:00,560,560,560,560,0
2022-08-03 10:19:00,560,560,560,560,0
2022-08-03 10:20:00,560,560,560,560,0
2022-08-03 10:21:00,560,560,560,560,0
2022-08-03 10:22:00,560,560,560,560,200
2022-08-03 10:23:00,560,560,560,560,0
2022-08-03 10:24:00,560,560,560,560,0
2022-08-03 10:25:00,560,560,560,560,0
2022-08-03 10:26:00,560,560,560,560,0
2022-08-03 10:27:00,560,560,560,560,0
2022-08-03 10:28:00,560,560,560,560,0
2022-08-03 10:29:00,560,560,560,560,0
2022-08-03 10:30:00,560,560,560,560,0
2022-08-03 10:31:00,560,560,560,560,0
2022-08-03 10:32:00,560,560,560,560,0
2022-08-03 10:33:00,560,560,560,560,0
2022-08-03 10:34:00,560,560,560,560,0
2022-08-03 10:35:00,560,560,560,560,0
2022-08-03 10:36:00,560,560,560,560,0
2022-08-03 10:37:00,560,560,560,560,0
2022-08-03 10:38:00,560,560,560,560,0
2022-08-03 10:39:00,560,560,560,560,0
2022-08-03 10:40:00,560,560,560,560,0
2022-08-03 10:41:00,560,560,560,560,0
2022-08-03 10:42:00,560,560,560,560,0
2022-08-03 10:43:00,560,560,560,560,0
2022-08-03 10:44:00,560,560,560,560,0
2022-08-03 10:45:00,560,560,560,560,0
2022-08-03 10:46:00,560,560,560,560,0
2022-08-03 10:47:00,560,560,560,560,0
2022-08-03 10:48:00,560,560,560,560,0
2022-08-03 10:49:00,560,560,560,560,0
2022-08-03 10:50:00,560,560,560,560,0
2022-08-03 10:51:00,560,560,560,560,0
2022-08-03 10:52:00,560,560,560,560,0
2022-08-03 10:53:00,560,560,560,560,0
2022-08-03 10:54:00,560,560,560,560,0
2022-08-03 10:55:00,560,560,560,560,0
2022-08-03 10:56:00,560,560,560,560,0
2022-08-03 10:57:00,560,560,560,560,0
2022-08-03 10:58:00,560,560,560,560,0
2022-08-03 10:59:00,560,560,560,560,0
2022-08-03 11:00:00,560,560,560,560,0
2022-08-03 11:01:00,560,560,560,560,0
2022-08-03 11:02:00,560,560,560,560,0
2022-08-03 11:03:00,560,560,560,560,0
2022-08-03 11:04:00,560,560,560,560,0
2022-08-03 11:05:00,560,560,560,560,0
2022-08-03 11:06:00,560,560,560,560,0
2022-08-03 11:07:00,560,560,560,560,0
2022-08-03 11:08:00,560,560,560,560,0
2022-08-03 11:09:00,560,560,560,560,0
2022-08-03 11:10:00,560,560,560,560,0
2022-08-03 11:11:00,560,560,560,560,0
2022-08-03 11:12:00,560,560,560,560,0
2022-08-03 11:13:00,560,560,560,560,0
2022-08-03 11:14:00,560,560,560,560,0
2022-08-03 11:15:00,560,560,560,560,0
2022-08-03 11:16:00,560,560,560,560,0
2022-08-03 11:17:00,560,560,560,560,0
2022-08-03 11:18:00,560,560,560,560,600
2022-08-03 11:19:00,560,560,560,560,0
2022-08-03 11:20:00,560,560,560,560,0
2022-08-03 11:21:00,560,560,560,560,0
2022-08-03 11:22:00,560,560,560,560,0
2022-08-03 11:23:00,560,560,560,560,0
2022-08-03 11:24:00,560,560,560,560,0
2022-08-03 11:25:00,560,560,560,560,600
2022-08-03 11:26:00,560,560,560,560,0
2022-08-03 11:27:00,560,560,560,560,800
2022-08-03 11:28:00,560,560,560,560,0
2022-08-03 11:29:00,560,560,560,560,400
2022-08-03 11:30:00,560,560,560,560,0
2022-08-03 11:31:00,560,560,560,560,0
2022-08-03 11:32:00,560,560,560,560,0
2022-08-03 11:33:00,560,560,560,560,0
2022-08-03 11:34:00,560,560,560,560,0
2022-08-03 11:35:00,560,560,560,560,0
2022-08-03 11:36:00,560,560,560,560,0
2022-08-03 11:37:00,560,560,560,560,0
2022-08-03 11:38:00,560,560,560,560,0
2022-08-03 11:39:00,560,560,560,560,0
2022-08-03 11:40:00,560,560,560,560,0
2022-08-03 11:41:00,560,560,560,560,0
2022-08-03 11:42:00,560,560,560,560,0
2022-08-03 11:43:00,560,560,560,560,0
2022-08-03 11:44:00,560,560,560,560,0
2022-08-03 11:45:00,560,560,560,560,0
2022-08-03 11:46:00,560,560,560,560,0
2022-08-03 11:47:00,560,560,560,560,0
2022-08-03 11:48:00,560,560,560,560,0
2022-08-03 11:49:00,560,560,560,560,0
2022-08-03 11:50:00,560,560,560,560,0
2022-08-03 11:51:00,560,560,560,560,0
2022-08-03 11:52:00,560,560,560,560,0
2022-08-03 11:53:00,560,560,560,560,0
2022-08-03 11:54:00,560,560,560,560,0
2022-08-03 11:55:00,560,560,560,560,0
2022-08-03 11:56:00,560,560,560,560,0
2022-08-03 11:57:00,560,560,560,560,0
2022-08-03 11:58:00,560,560,560,560,0
2022-08-03 11:59:00,560,560,560,560,0
2022-08-03 12:00:00,560,560,560,560,0
2022-08-03 12:01:00,560,560,560,560,0
2022-08-03 12:02:00,560,560,560,560,0
2022-08-03 12:03:00,560,560,560,560,0
2022-08-03 12:04:00,560,560,560,560,0
2022-08-03 12:05:00,560,560,560,560,0
2022-08-03 12:06:00,560,560,560,560,0
2022-08-03 12:07:00,560,560,560,560,0
2022-08-03 12:08:00,560,560,560,560,0
2022-08-03 12:09:00,560,560,560,560,0
2022-08-03 12:10:00,560,560,560,560,0
2022-08-03 12:11:00,560,560,560,560,0
2022-08-03 12:12:00,560,560,560,560,0
2022-08-03 12:13:00,560,560,560,560,0
2022-08-03 12:14:00,560,560,560,560,0
2022-08-03 12:15:00,560,560,560,560,0
2022-08-03 12:16:00,560,560,560,560,0
2022-08-03 12:17:00,560,560,560,560,0
2022-08-03 12:18:00,560,560,560,560,0
2022-08-03 12:19:00,560,560,560,560,0
2022-08-03 12:20:00,560,560,560,560,0
2022-08-03 12:21:00,560,560,560,560,0
2022-08-03 12:22:00,560,560,560,560,0
2022-08-03 12:23:00,560,560,560,560,0
2022-08-03 12:24:00,560,560,560,560,0
2022-08-03 12:25:00,560,560,560,560,0
2022-08-03 12:26:00,560,560,560,560,0
2022-08-03 12:27:00,560,560,560,560,0
2022-08-03 12:28:00,560,560,560,560,0
2022-08-03 12:29:00,560,560,560,560,0
2022-08-03 12:30:00,560,560,560,560,0
2022-08-03 12:31:00,560,560,560,560,0
2022-08-03 12:32:00,560,560,560,560,0
2022-08-03 12:33:00,560,560,560,560,0
2022-08-03 12:34:00,560,560,560,560,0
2022-08-03 12:35:00,560,560,560,560,0
2022-08-03 12:36:00,560,560,560,560,0
2022-08-03 12:37:00,560,560,560,560,0
2022-08-03 12:38:00,560,560,560,560,0
2022-08-03 12:39:00,560,560,560,560,0
2022-08-03 12:40:00,560,560,560,560,0
2022-08-03 12:41:00,560,560,560,560,0
2022-08-03 12:42:00,560,560,560,560,0
2022-08-03 12:43:00,560,560,560,560,0
2022-08-03 12:44:00,560,560,560,560,0
2022-08-03 12:45:00,560,560,560,560,0
2022-08-03 12:46:00,560,560,560,560,0
2022-08-03 12:47:00,560,560,560,560,0
2022-08-03 12:48:00,560,560,560,560,0
2022-08-03 12:49:00,560,560,560,560,0
2022-08-03 12:50:00,560,560,560,560,0
2022-08-03 12:51:00,560,560,560,560,0
2022-08-03 12:52:00,560,560,560,560,0
2022-08-03 12:53:00,560,560,560,560,0
2022-08-03 12:54:00,560,560,560,560,0
2022-08-03 12:55:00,560,560,560,560,0
2022-08-03 12:56:00,560,560,560,560,0
2022-08-03 12:57:00,560,560,560,560,0
2022-08-03 12:58:00,560,560,560,560,0
2022-08-03 12:59:00,560,560,560,560,0
2022-08-03 13:00:00,560,560,560,560,0
2022-08-03 13:01:00,560,560,560,560,0
2022-08-03 13:02:00,560,560,560,560,0
2022-08-03 13:03:00,560,560,560,560,0
2022-08-03 13:04:00,560,560,560,560,0
2022-08-03 13:05:00,560,560,560,560,0
2022-08-03 13:06:00,560,560,560,560,0
2022-08-03 13:07:00,560,560,560,560,0
2022-08-03 13:08:00,560,560,560,560,0
2022-08-03 13:09:00,560,560,560,560,0
2022-08-03 13:10:00,560,560,560,560,0
2022-08-03 13:11:00,560,560,560,560,0
2022-08-03 13:12:00,560,560,560,560,0
2022-08-03 13:13:00,560,560,560,560,0
2022-08-03 13:14:00,560,560,560,560,0
2022-08-03 13:15:00,560,560,560,560,0
2022-08-03 13:16:00,560,560,560,560,0
2022-08-03 13:17:00,560,560,560,560,0
2022-08-03 13:18:00,560,560,560,560,0
2022-08-03 13:19:00,560,560,560,560,0
2022-08-03 13:20:00,560,560,560,560,0
2022-08-03 13:21:00,560,560,560,560,0
2022-08-03 13:22:00,560,560,560,560,0
2022-08-03 13:23:00,560,560,560,560,0
2022-08-03 13:24:00,560,560,560,560,0
2022-08-03 13:25:00,560,560,560,560,0
2022-08-03 13:26:00,560,560,560,560,0
2022-08-03 13:27:00,560,560,560,560,0
2022-08-03 13:28:00,560,560,560,560,0
2022-08-03 13:29:00,560,560,560,560,0
2022-08-03 13:30:00,560,555,560,555,1800
2022-08-03 13:31:00,560,560,560,560,600
2022-08-03 13:32:00,560,560,560,560,0
2022-08-03 13:33:00,560,560,560,560,0
2022-08-03 13:34:00,560,560,560,560,1100
2022-08-03 13:35:00,560,560,560,560,7300
2022-08-03 13:36:00,560,560,560,560,1000
2022-08-03 13:37:00,560,560,560,560,0
2022-08-03 13:38:00,560,560,560,560,0
2022-08-03 13:39:00,560,560,560,560,4100
2022-08-03 13:40:00,560,560,560,560,1100
2022-08-03 13:41:00,560,560,560,560,0
2022-08-03 13:42:00,560,560,560,560,0
2022-08-03 13:43:00,560,560,560,560,0
2022-08-03 13:44:00,560,560,560,560,0
2022-08-03 13:45:00,560,560,560,560,0
2022-08-03 13:46:00,560,560,560,560,0
2022-08-03 13:47:00,560,560,560,560,0
2022-08-03 13:48:00,560,560,560,560,0
2022-08-03 13:49:00,560,560,560,560,0
2022-08-03 13:50:00,560,560,560,560,0
2022-08-03 13:51:00,560,560,560,560,0
2022-08-03 13:52:00,560,560,560,560,0
2022-08-03 13:53:00,560,560,560,560,0
2022-08-03 13:54:00,560,560,560,560,0
2022-08-03 13:55:00,555,555,555,555,200
2022-08-03 13:56:00,555,555,555,555,0
2022-08-03 13:57:00,560,560,560,560,600
2022-08-03 13:58:00,560,560,560,560,0
2022-08-03 13:59:00,560,560,560,560,0
2022-08-03 14:00:00,560,560,560,560,0
2022-08-03 14:01:00,560,560,560,560,0
2022-08-03 14:02:00,560,560,560,560,0
2022-08-03 14:03:00,560,560,560,560,0
2022-08-03 14:04:00,560,560,560,560,0
2022-08-03 14:05:00,560,560,560,560,0
2022-08-03 14:06:00,560,560,560,560,0
2022-08-03 14:07:00,560,560,560,560,0
2022-08-03 14:08:00,560,560,560,560,0
2022-08-03 14:09:00,560,560,560,560,100
2022-08-03 14:10:00,560,560,560,560,0
2022-08-03 14:11:00,560,560,560,560,0
2022-08-03 14:12:00,560,560,560,560,0
2022-08-03 14:13:00,560,560,560,560,0
2022-08-03 14:14:00,560,560,560,560,0
2022-08-03 14:15:00,560,560,560,560,0
2022-08-03 14:16:00,560,560,560,560,0
2022-08-03 14:17:00,560,560,560,560,0
2022-08-03 14:18:00,560,560,560,560,0
2022-08-03 14:19:00,560,560,560,560,0
2022-08-03 14:20:00,560,560,560,560,0
2022-08-03 14:21:00,560,560,560,560,0
2022-08-03 14:22:00,560,560,560,560,0
2022-08-03 14:23:00,560,560,560,560,0
2022-08-03 14:24:00,560,560,560,560,0
2022-08-03 14:25:00,560,560,560,560,0
2022-08-03 14:26:00,560,560,560,560,0
2022-08-03 14:27:00,560,560,560,560,800
2022-08-03 14:28:00,560,560,560,560,0
2022-08-03 14:29:00,560,560,560,560,200
2022-08-03 14:30:00,560,560,560,560,0
2022-08-03 14:31:00,560,560,560,560,0
2022-08-03 14:32:00,560,560,560,560,0
2022-08-03 14:33:00,560,560,560,560,0
2022-08-03 14:34:00,560,560,560,560,0
2022-08-03 14:35:00,560,560,560,560,300
2022-08-03 14:36:00,560,560,560,560,0
2022-08-03 14:37:00,560,560,560,560,0
2022-08-03 14:38:00,560,560,560,560,0
2022-08-03 14:39:00,560,560,560,560,2400
2022-08-03 14:40:00,560,560,560,560,0
2022-08-03 14:41:00,555,555,555,555,0
2022-08-03 14:42:00,560,560,560,560,200
2022-08-03 14:43:00,560,560,560,560,0
2022-08-03 14:44:00,560,560,560,560,0
2022-08-03 14:45:00,560,560,560,560,400
2022-08-03 14:46:00,560,560,560,560,700
2022-08-03 14:47:00,560,560,560,560,500
2022-08-03 14:48:00,560,560,560,560,800
2022-08-03 14:49:00,560,560,560,560,500
2022-08-03 14:50:00,560,560,560,560,0
2022-08-03 14:51:00,560,560,560,560,0
2022-08-03 14:52:00,560,560,560,560,0
2022-08-03 14:53:00,560,560,560,560,0
2022-08-03 14:54:00,560,560,560,560,0
2022-08-03 14:55:00,560,560,560,560,0
2022-08-03 14:56:00,560,560,560,560,0
2022-08-03 14:57:00,560,560,560,560,0
2022-08-03 14:58:00,560,560,560,560,0
2022-08-03 14:59:00,560,560,560,560,0
2022-08-03 15:00:00,560,560,560,560,243300
2022-08-03 15:01:00,560,560,560,560,0
2022-08-03 15:02:00,560,560,560,560,0
2022-08-03 15:03:00,560,560,560,560,0
2022-08-03 15:04:00,560,560,560,560,0
2022-08-03 15:05:00,560,560,560,560,0
2022-08-03 15:06:00,560,560,560,560,0
2022-08-03 15:07:00,560,560,560,560,0
2022-08-03 15:08:00,560,560,560,560,0
2022-08-03 15:09:00,560,560,560,560,0
2022-08-03 15:10:00,560,560,560,560,0
2022-08-03 15:11:00,560,560,560,560,0
2022-08-03 15:12:00,560,560,560,560,0
2022-08-03 15:13:00,560,560,560,560,0
2022-08-03 15:14:00,560,560,560,560,0
2022-08-03 15:15:00,560,560,560,560,0
2022-08-03 15:16:00,560,560,560,560,0
2022-08-03 15:17:00,560,560,560,560,0
2022-08-03 15:18:00,560,560,560,560,0
2022-08-03 15:19:00,560,560,560,560,0
2022-08-03 15:20:00,560,560,560,560,0
2022-08-03 15:21:00,560,560,560,560,0
2022-08-03 15:22:00,560,560,560,560,0
2022-08-03 15:23:00,560,560,560,560,0
2022-08-03 15:24:00,560,560,560,560,0
2022-08-03 15:25:00,560,560,560,560,0
2022-08-03 15:26:00,560,560,560,560,0
2022-08-03 15:27:00,560,560,560,560,0
2022-08-03 15:28:00,560,560,560,560,0
2022-08-03 15:29:00,560,560,560,560,0
2022-08-03 15:30:00,560,560,560,560,0
2022-08-03 15:31:00,560,560,560,560,0
2022-08-03 15:32:00,560,560,560,560,0
2022-08-03 15:33:00,560,560,560,560,0
2022-08-03 15:34:00,560,560,560,560,0
2022-08-03 15:35:00,560,560,560,560,0
2022-08-03 15:36:00,560,560,560,560,0
2022-08-03 15:37:00,560,560,560,560,0
2022-08-03 15:38:00,560,560,560,560,0
2022-08-03 15:39:00,560,560,560,560,0
2022-08-03 15:40:00,560,560,560,560,0
2022-08-03 15:41:00,560,560,560,560,0
2022-08-03 15:42:00,560,560,560,560,0
2022-08-03 15:43:00,560,560,560,560,0
2022-08-03 15:44:00,560,560,560,560,0
2022-08-03 15:45:00,560,560,560,560,0
2022-08-03 15:46:00,560,560,560,560,0
2022-08-03 15:47:00,560,560,560,560,0
2022-08-03 15:48:00,560,560,560,560,0
2022-08-03 15:49:00,560,560,560,560,0
2022-08-03 15:50:00,560,560,560,560,0
2022-08-03 15:51:00,560,560,560,560,0
2022-08-03 15:52:00,560,560,560,560,0
2022-08-03 15:53:00,560,560,560,560,0
2022-08-03 15:54:00,560,560,560,560,0
2022-08-03 15:55:00,560,560,560,560,0
2022-08-03 15:56:00,560,560,560,560,0
2022-08-03 15:57:00,560,560,560,560,0
2022-08-03 15:58:00,560,560,560,560,0
2022-08-03 15:59:00,560,560,560,560,0
2022-08-04 09:00:00,560,560,560,560,0
2022-08-04 09:01:00,560,560,560,560,0
2022-08-04 09:02:00,560,560,560,560,1800
2022-08-04 09:03:00,555,555,555,555,10900
2022-08-04 09:04:00,555,555,555,555,0
2022-08-04 09:05:00,555,555,555,555,0
2022-08-04 09:06:00,560,560,560,560,0
2022-08-04 09:07:00,560,560,560,560,300
2022-08-04 09:08:00,560,560,560,560,0
2022-08-04 09:09:00,560,560,560,560,0
2022-08-04 09:10:00,560,560,560,560,0
2022-08-04 09:11:00,555,555,560,560,1100
2022-08-04 09:12:00,560,560,560,560,3000
2022-08-04 09:13:00,560,560,560,560,14500
2022-08-04 09:14:00,560,560,560,560,0
2022-08-04 09:15:00,560,560,560,560,0
2022-08-04 09:16:00,560,560,560,560,0
2022-08-04 09:17:00,560,560,560,560,0
2022-08-04 09:18:00,560,560,560,560,0
2022-08-04 09:19:00,560,560,560,560,0
2022-08-04 09:20:00,560,560,560,560,0
2022-08-04 09:21:00,560,560,560,560,0
2022-08-04 09:22:00,560,560,560,560,0
2022-08-04 09:23:00,560,560,560,560,0
2022-08-04 09:24:00,555,555,560,560,20800
2022-08-04 09:25:00,560,560,560,560,0
2022-08-04 09:26:00,560,560,560,560,0
2022-08-04 09:27:00,560,560,560,560,0
2022-08-04 09:28:00,560,560,560,560,0
2022-08-04 09:29:00,560,560,560,560,0
2022-08-04 09:30:00,560,560,560,560,0
2022-08-04 09:31:00,560,560,560,560,0
2022-08-04 09:32:00,560,560,560,560,0
2022-08-04 09:33:00,560,560,560,560,0
2022-08-04 09:34:00,560,560,560,560,0
2022-08-04 09:35:00,560,560,560,560,500
2022-08-04 09:36:00,560,560,560,560,0
2022-08-04 09:37:00,560,560,560,560,0
2022-08-04 09:38:00,560,560,560,560,0
2022-08-04 09:39:00,560,560,560,560,0
2022-08-04 09:40:00,560,560,560,560,0
2022-08-04 09:41:00,560,560,560,560,0
2022-08-04 09:42:00,560,560,560,560,0
2022-08-04 09:43:00,560,560,560,560,0
2022-08-04 09:44:00,560,560,560,560,0
2022-08-04 09:45:00,560,560,560,560,0
2022-08-04 09:46:00,560,560,560,560,0
2022-08-04 09:47:00,560,560,560,560,0
2022-08-04 09:48:00,560,560,560,560,0
2022-08-04 09:49:00,560,560,560,560,0
2022-08-04 09:50:00,560,560,560,560,800
2022-08-04 09:51:00,560,560,560,560,0
2022-08-04 09:52:00,560,560,560,560,0
2022-08-04 09:53:00,560,560,560,560,700
2022-08-04 09:54:00,560,560,560,560,0
2022-08-04 09:55:00,560,560,560,560,0
2022-08-04 09:56:00,560,560,560,560,0
2022-08-04 09:57:00,560,560,560,560,0
2022-08-04 09:58:00,560,560,560,560,0
2022-08-04 09:59:00,560,560,560,560,0
2022-08-04 10:00:00,560,560,560,560,0
2022-08-04 10:01:00,560,560,560,560,0
2022-08-04 10:02:00,560,560,560,560,0
2022-08-04 10:03:00,560,560,560,560,0
2022-08-04 10:04:00,560,560,560,560,0
2022-08-04 10:05:00,560,560,560,560,0
2022-08-04 10:06:00,560,560,560,560,0
2022-08-04 10:07:00,560,560,560,560,0
2022-08-04 10:08:00,560,560,560,560,0
2022-08-04 10:09:00,560,560,560,560,0
2022-08-04 10:10:00,560,560,560,560,0
2022-08-04 10:11:00,560,560,560,560,0
2022-08-04 10:12:00,560,560,560,560,0
2022-08-04 10:13:00,560,560,560,560,0
2022-08-04 10:14:00,560,560,560,560,0
2022-08-04 10:15:00,560,560,560,560,0
2022-08-04 10:16:00,560,560,560,560,0
2022-08-04 10:17:00,560,560,560,560,0
2022-08-04 10:18:00,560,560,560,560,0
2022-08-04 10:19:00,560,560,560,560,0
2022-08-04 10:20:00,560,560,560,560,0
2022-08-04 10:21:00,560,560,560,560,0
2022-08-04 10:22:00,560,560,560,560,0
2022-08-04 10:23:00,560,560,560,560,0
2022-08-04 10:24:00,560,560,560,560,0
2022-08-04 10:25:00,560,560,560,560,0
2022-08-04 10:26:00,560,560,560,560,0
2022-08-04 10:27:00,560,560,560,560,0
2022-08-04 10:28:00,560,560,560,560,0
2022-08-04 10:29:00,560,560,560,560,0
2022-08-04 10:30:00,560,560,560,560,0
2022-08-04 10:31:00,560,560,560,560,0
2022-08-04 10:32:00,560,560,560,560,0
2022-08-04 10:33:00,560,560,560,560,0
2022-08-04 10:34:00,560,560,560,560,0
2022-08-04 10:35:00,560,560,560,560,0
2022-08-04 10:36:00,560,560,560,560,0
2022-08-04 10:37:00,560,560,560,560,0
2022-08-04 10:38:00,560,560,560,560,0
2022-08-04 10:39:00,560,560,560,560,0
2022-08-04 10:40:00,560,560,560,560,0
2022-08-04 10:41:00,560,560,560,560,0
2022-08-04 10:42:00,560,560,560,560,0
2022-08-04 10:43:00,560,560,560,560,300
2022-08-04 10:44:00,560,560,560,560,0
2022-08-04 10:45:00,560,560,560,560,0
2022-08-04 10:46:00,560,560,560,560,0
2022-08-04 10:47:00,560,560,560,560,0
2022-08-04 10:48:00,560,560,560,560,0
2022-08-04 10:49:00,560,560,560,560,0
2022-08-04 10:50:00,560,560,560,560,0
2022-08-04 10:51:00,560,560,560,560,0
2022-08-04 10:52:00,560,560,560,560,0
2022-08-04 10:53:00,560,560,560,560,0
2022-08-04 10:54:00,560,560,560,560,0
2022-08-04 10:55:00,560,560,560,560,0
2022-08-04 10:56:00,560,560,560,560,0
2022-08-04 10:57:00,560,560,560,560,0
2022-08-04 10:58:00,560,560,560,560,0
2022-08-04 10:59:00,560,560,560,560,0
2022-08-04 11:00:00,560,560,560,560,0
2022-08-04 11:01:00,560,560,560,560,0
2022-08-04 11:02:00,560,560,560,560,0
2022-08-04 11:03:00,560,560,560,560,0
2022-08-04 11:04:00,560,560,560,560,0
2022-08-04 11:05:00,560,560,560,560,0
2022-08-04 11:06:00,560,560,560,560,0
2022-08-04 11:07:00,560,560,560,560,0
2022-08-04 11:08:00,560,560,560,560,0
2022-08-04 11:09:00,560,560,560,560,0
2022-08-04 11:10:00,560,560,560,560,0
2022-08-04 11:11:00,560,560,560,560,0
2022-08-04 11:12:00,560,560,560,560,0
2022-08-04 11:13:00,560,560,560,560,0
2022-08-04 11:14:00,560,560,560,560,0
2022-08-04 11:15:00,560,560,560,560,0
2022-08-04 11:16:00,560,560,560,560,0
2022-08-04 11:17:00,560,560,560,560,0
2022-08-04 11:18:00,560,560,560,560,0
2022-08-04 11:19:00,560,560,560,560,0
2022-08-04 11:20:00,560,560,560,560,0
2022-08-04 11:21:00,560,560,560,560,0
2022-08-04 11:22:00,560,560,560,560,0
2022-08-04 11:23:00,560,560,560,560,0
2022-08-04 11:24:00,560,560,560,560,0
2022-08-04 11:25:00,560,560,560,560,0
2022-08-04 11:26:00,560,560,560,560,1100
2022-08-04 11:27:00,560,560,560,560,0
2022-08-04 11:28:00,560,560,560,560,400
2022-08-04 11:29:00,560,560,560,560,400
2022-08-04 11:30:00,560,560,560,560,0
2022-08-04 11:31:00,560,560,560,560,0
2022-08-04 11:32:00,560,560,560,560,0
2022-08-04 11:33:00,560,560,560,560,0
2022-08-04 11:34:00,560,560,560,560,0
2022-08-04 11:35:00,560,560,560,560,0
2022-08-04 11:36:00,560,560,560,560,0
2022-08-04 11:37:00,560,560,560,560,0
2022-08-04 11:38:00,560,560,560,560,0
2022-08-04 11:39:00,560,560,560,560,0
2022-08-04 11:40:00,560,560,560,560,0
2022-08-04 11:41:00,560,560,560,560,0
2022-08-04 11:42:00,560,560,560,560,0
2022-08-04 11:43:00,560,560,560,560,0
2022-08-04 11:44:00,560,560,560,560,0
2022-08-04 11:45:00,560,560,560,560,0
2022-08-04 11:46:00,560,560,560,560,0
2022-08-04 11:47:00,560,560,560,560,0
2022-08-04 11:48:00,560,560,560,560,0
2022-08-04 11:49:00,560,560,560,560,0
2022-08-04 11:50:00,560,560,560,560,0
2022-08-04 11:51:00,560,560,560,560,0
2022-08-04 11:52:00,560,560,560,560,0
2022-08-04 11:53:00,560,560,560,560,0
2022-08-04 11:54:00,560,560,560,560,0
2022-08-04 11:55:00,560,560,560,560,0
2022-08-04 11:56:00,560,560,560,560,0
2022-08-04 11:57:00,560,560,560,560,0
2022-08-04 11:58:00,560,560,560,560,0
2022-08-04 11:59:00,560,560,560,560,0
2022-08-04 12:00:00,560,560,560,560,0
2022-08-04 12:01:00,560,560,560,560,0
2022-08-04 12:02:00,560,560,560,560,0
2022-08-04 12:03:00,560,560,560,560,0
2022-08-04 12:04:00,560,560,560,560,0
2022-08-04 12:05:00,560,560,560,560,0
2022-08-04 12:06:00,560,560,560,560,0
2022-08-04 12:07:00,560,560,560,560,0
2022-08-04 12:08:00,560,560,560,560,0
2022-08-04 12:09:00,560,560,560,560,0
2022-08-04 12:10:00,560,560,560,560,0
2022-08-04 12:11:00,560,560,560,560,0
2022-08-04 12:12:00,560,560,560,560,0
2022-08-04 12:13:00,560,560,560,560,0
2022-08-04 12:14:00,560,560,560,560,0
2022-08-04 12:15:00,560,560,560,560,0
2022-08-04 12:16:00,560,560,560,560,0
2022-08-04 12:17:00,560,560,560,560,0
2022-08-04 12:18:00,560,560,560,560,0
2022-08-04 12:19:00,560,560,560,560,0
2022-08-04 12:20:00,560,560,560,560,0
2022-08-04 12:21:00,560,560,560,560,0
2022-08-04 12:22:00,560,560,560,560,0
2022-08-04 12:23:00,560,560,560,560,0
2022-08-04 12:24:00,560,560,560,560,0
2022-08-04 12:25:00,560,560,560,560,0
2022-08-04 12:26:00,560,560,560,560,0
2022-08-04 12:27:00,560,560,560,560,0
2022-08-04 12:28:00,560,560,560,560,0
2022-08-04 12:29:00,560,560,560,560,0
2022-08-04 12:30:00,560,560,560,560,0
2022-08-04 12:31:00,560,560,560,560,0
2022-08-04 12:32:00,560,560,560,560,0
2022-08-04 12:33:00,560,560,560,560,0
2022-08-04 12:34:00,560,560,560,560,0
2022-08-04 12:35:00,560,560,560,560,0
2022-08-04 12:36:00,560,560,560,560,0
2022-08-04 12:37:00,560,560,560,560,0
2022-08-04 12:38:00,560,560,560,560,0
2022-08-04 12:39:00,560,560,560,560,0
2022-08-04 12:40:00,560,560,560,560,0
2022-08-04 12:41:00,560,560,560,560,0
2022-08-04 12:42:00,560,560,560,560,0
2022-08-04 12:43:00,560,560,560,560,0
2022-08-04 12:44:00,560,560,560,560,0
2022-08-04 12:45:00,560,560,560,560,0
2022-08-04 12:46:00,560,560,560,560,0
2022-08-04 12:47:00,560,560,560,560,0
2022-08-04 12:48:00,560,560,560,560,0
2022-08-04 12:49:00,560,560,560,560,0
2022-08-04 12:50:00,560,560,560,560,0
2022-08-04 12:51:00,560,560,560,560,0
2022-08-04 12:52:00,560,560,560,560,0
2022-08-04 12:53:00,560,560,560,560,0
2022-08-04 12:54:00,560,560,560,560,0
2022-08-04 12:55:00,560,560,560,560,0
2022-08-04 12:56:00,560,560,560,560,0
2022-08-04 12:57:00,560,560,560,560,0
2022-08-04 12:58:00,560,560,560,560,0
2022-08-04 12:59:00,560,560,560,560,0
2022-08-04 13:00:00,560,560,560,560,0
2022-08-04 13:01:00,560,560,560,560,0
2022-08-04 13:02:00,560,560,560,560,0
2022-08-04 13:03:00,560,560,560,560,0
2022-08-04 13:04:00,560,560,560,560,0
2022-08-04 13:05:00,560,560,560,560,0
2022-08-04 13:06:00,560,560,560,560,0
2022-08-04 13:07:00,560,560,560,560,0
2022-08-04 13:08:00,560,560,560,560,0
2022-08-04 13:09:00,560,560,560,560,0
2022-08-04 13:10:00,560,560,560,560,0
2022-08-04 13:11:00,560,560,560,560,0
2022-08-04 13:12:00,560,560,560,560,0
2022-08-04 13:13:00,560,560,560,560,0
2022-08-04 13:14:00,560,560,560,560,0
2022-08-04 13:15:00,560,560,560,560,0
2022-08-04 13:16:00,560,560,560,560,0
2022-08-04 13:17:00,560,560,560,560,0
2022-08-04 13:18:00,560,560,560,560,0
2022-08-04 13:19:00,560,560,560,560,0
2022-08-04 13:20:00,560,560,560,560,0
2022-08-04 13:21:00,560,560,560,560,0
2022-08-04 13:22:00,560,560,560,560,0
2022-08-04 13:23:00,560,560,560,560,0
2022-08-04 13:24:00,560,560,560,560,0
2022-08-04 13:25:00,560,560,560,560,0
2022-08-04 13:26:00,560,560,560,560,0
2022-08-04 13:27:00,560,560,560,560,0
2022-08-04 13:28:00,560,560,560,560,0
2022-08-04 13:29:00,560,560,560,560,0
2022-08-04 13:30:00,560,560,560,560,1000
2022-08-04 13:31:00,560,560,560,560,0
2022-08-04 13:32:00,560,560,560,560,100
2022-08-04 13:33:00,560,560,560,560,800
2022-08-04 13:34:00,560,560,560,560,0
2022-08-04 13:35:00,560,560,560,560,0
2022-08-04 13:36:00,560,560,560,560,0
2022-08-04 13:37:00,560,560,560,560,0
2022-08-04 13:38:00,560,560,560,560,0
2022-08-04 13:39:00,560,560,560,560,0
2022-08-04 13:40:00,560,560,560,560,0
2022-08-04 13:41:00,560,560,560,560,0
2022-08-04 13:42:00,560,560,560,560,0
2022-08-04 13:43:00,560,560,560,560,0
2022-08-04 13:44:00,560,560,560,560,0
2022-08-04 13:45:00,560,560,560,560,0
2022-08-04 13:46:00,560,560,560,560,0
2022-08-04 13:47:00,560,560,560,560,0
2022-08-04 13:48:00,560,560,560,560,0
2022-08-04 13:49:00,560,560,560,560,0
2022-08-04 13:50:00,560,560,560,560,0
2022-08-04 13:51:00,560,560,560,560,0
2022-08-04 13:52:00,560,560,560,560,0
2022-08-04 13:53:00,560,560,560,560,0
2022-08-04 13:54:00,560,560,560,560,0
2022-08-04 13:55:00,560,560,560,560,0
2022-08-04 13:56:00,560,560,560,560,0
2022-08-04 13:57:00,560,560,560,560,0
2022-08-04 13:58:00,560,560,560,560,0
2022-08-04 13:59:00,560,560,560,560,0
2022-08-04 14:00:00,560,560,560,560,0
2022-08-04 14:01:00,560,560,560,560,0
2022-08-04 14:02:00,560,560,560,560,0
2022-08-04 14:03:00,560,560,560,560,0
2022-08-04 14:04:00,560,560,560,560,0
2022-08-04 14:05:00,560,560,560,560,0
2022-08-04 14:06:00,560,560,560,560,0
2022-08-04 14:07:00,560,560,560,560,0
2022-08-04 14:08:00,560,560,560,560,0
2022-08-04 14:09:00,560,560,560,560,0
2022-08-04 14:10:00,560,560,560,560,0
2022-08-04 14:11:00,560,560,560,560,0
2022-08-04 14:12:00,560,560,560,560,0
2022-08-04 14:13:00,555,555,555,555,1600
2022-08-04 14:14:00,560,560,560,560,0
2022-08-04 14:15:00,560,560,560,560,0
2022-08-04 14:16:00,560,560,560,560,0
2022-08-04 14:17:00,560,560,560,560,0
2022-08-04 14:18:00,560,560,560,560,0
2022-08-04 14:19:00,560,560,560,560,0
2022-08-04 14:20:00,560,560,560,560,0
2022-08-04 14:21:00,560,560,560,560,0
2022-08-04 14:22:00,560,560,560,560,0
2022-08-04 14:23:00,560,560,560,560,0
2022-08-04 14:24:00,560,560,560,560,0
2022-08-04 14:25:00,560,560,560,560,0
2022-08-04 14:26:00,560,560,560,560,0
2022-08-04 14:27:00,560,560,560,560,0
2022-08-04 14:28:00,560,560,560,560,0
2022-08-04 14:29:00,560,560,560,560,600
2022-08-04 14:30:00,560,560,560,560,100
2022-08-04 14:31:00,560,560,560,560,0
2022-08-04 14:32:00,560,560,560,560,0
2022-08-04 14:33:00,560,560,560,560,0
2022-08-04 14:34:00,560,560,560,560,0
2022-08-04 14:35:00,560,560,560,560,0
2022-08-04 14:36:00,560,560,560,560,0
2022-08-04 14:37:00,560,560,560,560,0
2022-08-04 14:38:00,560,560,560,560,0
2022-08-04 14:39:00,560,560,560,560,0
2022-08-04 14:40:00,560,560,560,560,0
2022-08-04 14:41:00,560,560,560,560,0
2022-08-04 14:42:00,560,560,560,560,0
2022-08-04 14:43:00,560,560,560,560,0
2022-08-04 14:44:00,560,560,560,560,900
2022-08-04 14:45:00,560,560,560,560,0
2022-08-04 14:46:00,560,560,560,560,300
2022-08-04 14:47:00,560,560,560,560,0
2022-08-04 14:48:00,560,560,560,560,1200
2022-08-04 14:49:00,560,560,560,560,200
2022-08-04 14:50:00,560,560,560,560,0
2022-08-04 14:51:00,560,560,560,560,0
2022-08-04 14:52:00,560,560,560,560,0
2022-08-04 14:53:00,560,560,560,560,0
2022-08-04 14:54:00,560,560,560,560,0
2022-08-04 14:55:00,560,560,560,560,0
2022-08-04 14:56:00,560,560,560,560,0
2022-08-04 14:57:00,560,560,560,560,0
2022-08-04 14:58:00,560,560,560,560,0
2022-08-04 14:59:00,560,560,560,560,0
2022-08-04 15:00:00,560,560,560,560,206100
2022-08-04 15:01:00,560,560,560,560,0
2022-08-04 15:02:00,560,560,560,560,0
2022-08-04 15:03:00,560,560,560,560,0
2022-08-04 15:04:00,560,560,560,560,0
2022-08-04 15:05:00,560,560,560,560,0
2022-08-04 15:06:00,560,560,560,560,0
2022-08-04 15:07:00,560,560,560,560,0
2022-08-04 15:08:00,560,560,560,560,0
2022-08-04 15:09:00,560,560,560,560,0
2022-08-04 15:10:00,560,560,560,560,0
2022-08-04 15:11:00,560,560,560,560,0
2022-08-04 15:12:00,560,560,560,560,0
2022-08-04 15:13:00,560,560,560,560,0
2022-08-04 15:14:00,560,560,560,560,0
2022-08-04 15:15:00,560,560,560,560,0
2022-08-04 15:16:00,560,560,560,560,0
2022-08-04 15:17:00,560,560,560,560,0
2022-08-04 15:18:00,560,560,560,560,0
2022-08-04 15:19:00,560,560,560,560,0
2022-08-04 15:20:00,560,560,560,560,0
2022-08-04 15:21:00,560,560,560,560,0
2022-08-04 15:22:00,560,560,560,560,0
2022-08-04 15:23:00,560,560,560,560,0
2022-08-04 15:24:00,560,560,560,560,0
2022-08-04 15:25:00,560,560,560,560,0
2022-08-04 15:26:00,560,560,560,560,0
2022-08-04 15:27:00,560,560,560,560,0
2022-08-04 15:28:00,560,560,560,560,0
2022-08-04 15:29:00,560,560,560,560,0
2022-08-04 15:30:00,560,560,560,560,0
2022-08-04 15:31:00,560,560,560,560,0
2022-08-04 15:32:00,560,560,560,560,0
2022-08-04 15:33:00,560,560,560,560,0
2022-08-04 15:34:00,560,560,560,560,0
2022-08-04 15:35:00,560,560,560,560,0
2022-08-04 15:36:00,560,560,560,560,0
2022-08-04 15:37:00,560,560,560,560,0
2022-08-04 15:38:00,560,560,560,560,0
2022-08-04 15:39:00,560,560,560,560,0
2022-08-04 15:40:00,560,560,560,560,0
2022-08-04 15:41:00,560,560,560,560,0
2022-08-04 15:42:00,560,560,560,560,0
2022-08-04 15:43:00,560,560,560,560,0
2022-08-04 15:44:00,560,560,560,560,0
2022-08-04 15:45:00,560,560,560,560,0
2022-08-04 15:46:00,560,560,560,560,0
2022-08-04 15:47:00,560,560,560,560,0
2022-08-04 15:48:00,560,560,560,560,0
2022-08-04 15:49:00,560,560,560,560,0
2022-08-04 15:50:00,560,560,560,560,0
2022-08-04 15:51:00,560,560,560,560,0
2022-08-04 15:52:00,560,560,560,560,0
2022-08-04 15:53:00,560,560,560,560,0
2022-08-04 15:54:00,560,560,560,560,0
2022-08-04 15:55:00,560,560,560,560,0
2022-08-04 15:56:00,560,560,560,560,0
2022-08-04 15:57:00,560,560,560,560,0
2022-08-04 15:58:00,560,560,560,560,0
2022-08-04 15:59:00,560,560,560,560,0
2022-08-05 09:00:00,560,560,560,560,0
2022-08-05 09:01:00,560,560,560,560,0
2022-08-05 09:02:00,560,560,560,560,0
2022-08-05 09:03:00,560,560,560,560,0
2022-08-05 09:04:00,560,560,560,560,0
2022-08-05 09:05:00,560,560,560,560,0
2022-08-05 09:06:00,560,560,560,560,0
2022-08-05 09:07:00,560,560,560,560,0
2022-08-05 09:08:00,560,560,560,560,0
2022-08-05 09:09:00,560,560,560,560,0
2022-08-05 09:10:00,560,560,560,560,0
2022-08-05 09:11:00,560,560,560,560,0
2022-08-05 09:12:00,560,560,560,560,0
2022-08-05 09:13:00,560,560,560,560,0
2022-08-05 09:14:00,560,560,560,560,0
2022-08-05 09:15:00,560,560,560,560,0
2022-08-05 09:16:00,560,560,560,560,0
2022-08-05 09:17:00,560,560,560,560,0
2022-08-05 09:18:00,560,560,560,560,0
2022-08-05 09:19:00,560,560,560,560,0
2022-08-05 09:20:00,560,560,560,560,200
2022-08-05 09:21:00,560,560,560,560,0
2022-08-05 09:22:00,560,560,560,560,0
2022-08-05 09:23:00,560,560,560,560,0
2022-08-05 09:24:00,560,560,560,560,0
2022-08-05 09:25:00,560,560,560,560,0
2022-08-05 09:26:00,560,560,560,560,0
2022-08-05 09:27:00,560,560,560,560,0
2022-08-05 09:28:00,560,560,560,560,0
2022-08-05 09:29:00,560,560,560,560,0
2022-08-05 09:30:00,560,560,560,560,900
2022-08-05 09:31:00,560,560,560,560,0
2022-08-05 09:32:00,560,560,560,560,0
2022-08-05 09:33:00,560,560,560,560,0
2022-08-05 09:34:00,560,560,560,560,7200
2022-08-05 09:35:00,560,560,560,560,0
2022-08-05 09:36:00,560,560,560,560,0
2022-08-05 09:37:00,560,560,560,560,0
2022-08-05 09:38:00,560,560,560,560,0
2022-08-05 09:39:00,560,560,560,560,0
2022-08-05 09:40:00,560,560,560,560,0
2022-08-05 09:41:00,560,560,560,560,0
2022-08-05 09:42:00,560,560,560,560,0
2022-08-05 09:43:00,560,560,560,560,0
2022-08-05 09:44:00,560,560,560,560,0
2022-08-05 09:45:00,560,560,560,560,4000
2022-08-05 09:46:00,560,560,560,560,2000
2022-08-05 09:47:00,560,560,560,560,0
2022-08-05 09:48:00,560,560,560,560,4000
2022-08-05 09:49:00,560,560,560,560,4000
2022-08-05 09:50:00,560,560,560,560,0
2022-08-05 09:51:00,560,560,560,560,0
2022-08-05 09:52:00,560,560,560,560,0
2022-08-05 09:53:00,560,560,560,560,8000
2022-08-05 09:54:00,560,560,560,560,0
2022-08-05 09:55:00,560,560,560,560,17500
2022-08-05 09:56:00,560,560,560,560,0
2022-08-05 09:57:00,560,560,560,560,0
2022-08-05 09:58:00,560,560,560,560,0
2022-08-05 09:59:00,560,560,560,560,0
2022-08-05 10:00:00,560,560,560,560,0
2022-08-05 10:01:00,555,555,555,555,4400
2022-08-05 10:02:00,560,560,560,560,0
2022-08-05 10:03:00,560,560,560,560,0
2022-08-05 10:04:00,560,560,560,560,0
2022-08-05 10:05:00,560,560,560,560,0
2022-08-05 10:06:00,560,560,560,560,0
2022-08-05 10:07:00,560,560,560,560,0
2022-08-05 10:08:00,560,560,560,560,0
2022-08-05 10:09:00,560,560,560,560,0
2022-08-05 10:10:00,560,560,560,560,0
2022-08-05 10:11:00,560,560,560,560,0
2022-08-05 10:12:00,560,560,560,560,0
2022-08-05 10:13:00,560,560,560,560,0
2022-08-05 10:14:00,560,560,560,560,0
2022-08-05 10:15:00,560,560,560,560,0
2022-08-05 10:16:00,560,560,560,560,0
2022-08-05 10:17:00,560,560,560,560,0
2022-08-05 10:18:00,560,560,560,560,0
2022-08-05 10:19:00,560,560,560,560,0
2022-08-05 10:20:00,560,560,560,560,0
2022-08-05 10:21:00,560,560,560,560,300
2022-08-05 10:22:00,560,560,560,560,0
2022-08-05 10:23:00,560,560,560,560,0
2022-08-05 10:24:00,560,560,560,560,0
2022-08-05 10:25:00,560,560,560,560,0
2022-08-05 10:26:00,560,560,560,560,0
2022-08-05 10:27:00,560,560,560,560,0
2022-08-05 10:28:00,560,560,560,560,0
2022-08-05 10:29:00,560,560,560,560,0
2022-08-05 10:30:00,560,560,560,560,400
2022-08-05 10:31:00,560,560,560,560,0
2022-08-05 10:32:00,560,560,560,560,0
2022-08-05 10:33:00,560,560,560,560,0
2022-08-05 10:34:00,560,560,560,560,0
2022-08-05 10:35:00,560,560,560,560,0
2022-08-05 10:36:00,555,555,560,560,1400
2022-08-05 10:37:00,555,555,560,560,0
2022-08-05 10:38:00,555,555,560,560,0
2022-08-05 10:39:00,555,555,560,560,0
2022-08-05 10:40:00,555,555,560,560,0
2022-08-05 10:41:00,555,555,560,560,0
2022-08-05 10:42:00,555,555,560,560,0
2022-08-05 10:43:00,555,555,560,560,0
2022-08-05 10:44:00,555,555,560,560,0
2022-08-05 10:45:00,555,555,560,560,0
2022-08-05 10:46:00,555,555,560,560,0
2022-08-05 10:47:00,560,560,560,560,2000
2022-08-05 10:48:00,560,560,560,560,0
2022-08-05 10:49:00,560,560,560,560,0
2022-08-05 10:50:00,560,560,560,560,0
2022-08-05 10:51:00,560,560,560,560,0
2022-08-05 10:52:00,560,560,560,560,0
2022-08-05 10:53:00,560,560,560,560,0
2022-08-05 10:54:00,560,560,560,560,0
2022-08-05 10:55:00,560,560,560,560,0
2022-08-05 10:56:00,560,560,560,560,0
2022-08-05 10:57:00,560,560,560,560,0
2022-08-05 10:58:00,560,560,560,560,0
2022-08-05 10:59:00,560,560,560,560,0
2022-08-05 11:00:00,560,560,560,560,0
2022-08-05 11:01:00,560,560,560,560,0
2022-08-05 11:02:00,560,560,560,560,0
2022-08-05 11:03:00,560,560,560,560,0
2022-08-05 11:04:00,560,560,560,560,0
2022-08-05 11:05:00,560,560,560,560,600
2022-08-05 11:06:00,560,560,560,560,300
2022-08-05 11:07:00,560,560,560,560,0
2022-08-05 11:08:00,560,560,560,560,0
2022-08-05 11:09:00,560,560,560,560,0
2022-08-05 11:10:00,560,560,560,560,0
2022-08-05 11:11:00,560,560,560,560,0
2022-08-05 11:12:00,560,560,560,560,0
2022-08-05 11:13:00,560,560,560,560,0
2022-08-05 11:14:00,560,560,560,560,300
2022-08-05 11:15:00,560,560,560,560,0
2022-08-05 11:16:00,560,560,560,560,0
2022-08-05 11:17:00,560,560,560,560,0
2022-08-05 11:18:00,560,560,560,560,0
2022-08-05 11:19:00,560,560,560,560,0
2022-08-05 11:20:00,560,560,560,560,100
2022-08-05 11:21:00,560,560,560,560,0
2022-08-05 11:22:00,560,560,560,560,0
2022-08-05 11:23:00,560,560,560,560,0
2022-08-05 11:24:00,560,560,560,560,0
2022-08-05 11:25:00,560,560,560,560,0
2022-08-05 11:26:00,560,560,560,560,400
2022-08-05 11:27:00,560,560,560,560,400
2022-08-05 11:28:00,560,560,560,560,100
2022-08-05 11:29:00,560,560,560,560,200
2022-08-05 11:30:00,560,560,560,560,0
2022-08-05 11:31:00,560,560,560,560,0
2022-08-05 11:32:00,560,560,560,560,0
2022-08-05 11:33:00,560,560,560,560,0
2022-08-05 11:34:00,560,560,560,560,0
2022-08-05 11:35:00,560,560,560,560,0
2022-08-05 11:36:00,560,560,560,560,0
2022-08-05 11:37:00,560,560,560,560,0
2022-08-05 11:38:00,560,560,560,560,0
2022-08-05 11:39:00,560,560,560,560,0
2022-08-05 11:40:00,560,560,560,560,0
2022-08-05 11:41:00,560,560,560,560,0
2022-08-05 11:42:00,560,560,560,560,0
2022-08-05 11:43:00,560,560,560,560,0
2022-08-05 11:44:00,560,560,560,560,0
2022-08-05 11:45:00,560,560,560,560,0
2022-08-05 11:46:00,560,560,560,560,0
2022-08-05 11:47:00,560,560,560,560,0
2022-08-05 11:48:00,560,560,560,560,0
2022-08-05 11:49:00,560,560,560,560,0
2022-08-05 11:50:00,560,560,560,560,0
2022-08-05 11:51:00,560,560,560,560,0
2022-08-05 11:52:00,560,560,560,560,0
2022-08-05 11:53:00,560,560,560,560,0
2022-08-05 11:54:00,560,560,560,560,0
2022-08-05 11:55:00,560,560,560,560,0
2022-08-05 11:56:00,560,560,560,560,0
2022-08-05 11:57:00,560,560,560,560,0
2022-08-05 11:58:00,560,560,560,560,0
2022-08-05 11:59:00,560,560,560,560,0
2022-08-05 12:00:00,560,560,560,560,0
2022-08-05 12:01:00,560,560,560,560,0
2022-08-05 12:02:00,560,560,560,560,0
2022-08-05 12:03:00,560,560,560,560,0
2022-08-05 12:04:00,560,560,560,560,0
2022-08-05 12:05:00,560,560,560,560,0
2022-08-05 12:06:00,560,560,560,560,0
2022-08-05 12:07:00,560,560,560,560,0
2022-08-05 12:08:00,560,560,560,560,0
2022-08-05 12:09:00,560,560,560,560,0
2022-08-05 12:10:00,560,560,560,560,0
2022-08-05 12:11:00,560,560,560,560,0
2022-08-05 12:12:00,560,560,560,560,0
2022-08-05 12:13:00,560,560,560,560,0
2022-08-05 12:14:00,560,560,560,560,0
2022-08-05 12:15:00,560,560,560,560,0
2022-08-05 12:16:00,560,560,560,560,0
2022-08-05 12:17:00,560,560,560,560,0
2022-08-05 12:18:00,560,560,560,560,0
2022-08-05 12:19:00,560,560,560,560,0
2022-08-05 12:20:00,560,560,560,560,0
2022-08-05 12:21:00,560,560,560,560,0
2022-08-05 12:22:00,560,560,560,560,0
2022-08-05 12:23:00,560,560,560,560,0
2022-08-05 12:24:00,560,560,560,560,0
2022-08-05 12:25:00,560,560,560,560,0
2022-08-05 12:26:00,560,560,560,560,0
2022-08-05 12:27:00,560,560,560,560,0
2022-08-05 12:28:00,560,560,560,560,0
2022-08-05 12:29:00,560,560,560,560,0
2022-08-05 12:30:00,560,560,560,560,0
2022-08-05 12:31:00,560,560,560,560,0
2022-08-05 12:32:00,560,560,560,560,0
2022-08-05 12:33:00,560,560,560,560,0
2022-08-05 12:34:00,560,560,560,560,0
2022-08-05 12:35:00,560,560,560,560,0
2022-08-05 12:36:00,560,560,560,560,0
2022-08-05 12:37:00,560,560,560,560,0
2022-08-05 12:38:00,560,560,560,560,0
2022-08-05 12:39:00,560,560,560,560,0
2022-08-05 12:40:00,560,560,560,560,0
2022-08-05 12:41:00,560,560,560,560,0
2022-08-05 12:42:00,560,560,560,560,0
2022-08-05 12:43:00,560,560,560,560,0
2022-08-05 12:44:00,560,560,560,560,0
2022-08-05 12:45:00,560,560,560,560,0
2022-08-05 12:46:00,560,560,560,560,0
2022-08-05 12:47:00,560,560,560,560,0
2022-08-05 12:48:00,560,560,560,560,0
2022-08-05 12:49:00,560,560,560,560,0
2022-08-05 12:50:00,560,560,560,560,0
2022-08-05 12:51:00,560,560,560,560,0
2022-08-05 12:52:00,560,560,560,560,0
2022-08-05 12:53:00,560,560,560,560,0
2022-08-05 12:54:00,560,560,560,560,0
2022-08-05 12:55:00,560,560,560,560,0
2022-08-05 12:56:00,560,560,560,560,0
2022-08-05 12:57:00,560,560,560,560,0
2022-08-05 12:58:00,560,560,560,560,0
2022-08-05 12:59:00,560,560,560,560,0
2022-08-05 13:00:00,560,560,560,560,0
2022-08-05 13:01:00,560,560,560,560,0
2022-08-05 13:02:00,560,560,560,560,0
2022-08-05 13:03:00,560,560,560,560,0
2022-08-05 13:04:00,560,560,560,560,0
2022-08-05 13:05:00,560,560,560,560,0
2022-08-05 13:06:00,560,560,560,560,0
2022-08-05 13:07:00,560,560,560,560,0
2022-08-05 13:08:00,560,560,560,560,0
2022-08-05 13:09:00,560,560,560,560,0
2022-08-05 13:10:00,560,560,560,560,0
2022-08-05 13:11:00,560,560,560,560,0
2022-08-05 13:12:00,560,560,560,560,0
2022-08-05 13:13:00,560,560,560,560,0
2022-08-05 13:14:00,560,560,560,560,0
2022-08-05 13:15:00,560,560,560,560,0
2022-08-05 13:16:00,560,560,560,560,0
2022-08-05 13:17:00,560,560,560,560,0
2022-08-05 13:18:00,560,560,560,560,0
2022-08-05 13:19:00,560,560,560,560,0
2022-08-05 13:20:00,560,560,560,560,0
2022-08-05 13:21:00,560,560,560,560,0
2022-08-05 13:22:00,560,560,560,560,0
2022-08-05 13:23:00,560,560,560,560,0
2022-08-05 13:24:00,560,560,560,560,0
2022-08-05 13:25:00,560,560,560,560,0
2022-08-05 13:26:00,560,560,560,560,0
2022-08-05 13:27:00,560,560,560,560,0
2022-08-05 13:28:00,560,560,560,560,0
2022-08-05 13:29:00,560,560,560,560,0
2022-08-05 13:30:00,560,560,560,560,0
2022-08-05 13:31:00,560,560,560,560,0
2022-08-05 13:32:00,560,560,560,560,800
2022-08-05 13:33:00,560,560,560,560,0
2022-08-05 13:34:00,560,560,560,560,0
2022-08-05 13:35:00,560,560,560,560,0
2022-08-05 13:36:00,560,560,560,560,0
2022-08-05 13:37:00,560,560,560,560,0
2022-08-05 13:38:00,560,560,560,560,0
2022-08-05 13:39:00,560,560,560,560,0
2022-08-05 13:40:00,555,555,555,555,200
2022-08-05 13:41:00,555,555,555,555,0
2022-08-05 13:42:00,560,560,560,560,200
2022-08-05 13:43:00,560,560,560,560,0
2022-08-05 13:44:00,560,560,560,560,0
2022-08-05 13:45:00,560,560,560,560,0
2022-08-05 13:46:00,560,560,560,560,0
2022-08-05 13:47:00,560,560,560,560,0
2022-08-05 13:48:00,560,560,560,560,0
2022-08-05 13:49:00,560,560,560,560,0
2022-08-05 13:50:00,560,560,560,560,0
2022-08-05 13:51:00,560,560,560,560,0
2022-08-05 13:52:00,560,560,560,560,0
2022-08-05 13:53:00,560,560,560,560,0
2022-08-05 13:54:00,560,560,560,560,0
2022-08-05 13:55:00,560,560,560,560,0
2022-08-05 13:56:00,560,560,560,560,0
2022-08-05 13:57:00,560,560,560,560,800
2022-08-05 13:58:00,560,560,560,560,0
2022-08-05 13:59:00,560,560,560,560,0
2022-08-05 14:00:00,560,560,560,560,0
2022-08-05 14:01:00,560,560,560,560,0
2022-08-05 14:02:00,560,560,560,560,0
2022-08-05 14:03:00,560,560,560,560,0
2022-08-05 14:04:00,560,560,560,560,0
2022-08-05 14:05:00,560,560,560,560,0
2022-08-05 14:06:00,560,560,560,560,0
2022-08-05 14:07:00,560,560,560,560,0
2022-08-05 14:08:00,560,560,560,560,0
2022-08-05 14:09:00,560,560,560,560,0
2022-08-05 14:10:00,560,560,560,560,200
2022-08-05 14:11:00,560,560,560,560,0
2022-08-05 14:12:00,560,560,560,560,0
2022-08-05 14:13:00,560,560,560,560,0
2022-08-05 14:14:00,560,560,560,560,0
2022-08-05 14:15:00,560,560,560,560,0
2022-08-05 14:16:00,560,560,560,560,0
2022-08-05 14:17:00,560,560,560,560,0
2022-08-05 14:18:00,560,560,560,560,0
2022-08-05 14:19:00,560,560,560,560,0
2022-08-05 14:20:00,560,560,560,560,0
2022-08-05 14:21:00,560,560,560,560,0
2022-08-05 14:22:00,560,560,560,560,0
2022-08-05 14:23:00,560,560,560,560,0
2022-08-05 14:24:00,560,560,560,560,0
2022-08-05 14:25:00,560,560,560,560,0
2022-08-05 14:26:00,560,560,560,560,0
2022-08-05 14:27:00,560,560,560,560,400
2022-08-05 14:28:00,560,560,560,560,0
2022-08-05 14:29:00,560,560,560,560,0
2022-08-05 14:30:00,560,560,560,560,0
2022-08-05 14:31:00,560,560,560,560,400
2022-08-05 14:32:00,560,560,560,560,0
2022-08-05 14:33:00,560,560,560,560,0
2022-08-05 14:34:00,560,560,560,560,0
2022-08-05 14:35:00,560,560,560,560,0
2022-08-05 14:36:00,560,560,560,560,0
2022-08-05 14:37:00,560,560,560,560,0
2022-08-05 14:38:00,560,560,560,560,0
2022-08-05 14:39:00,555,555,560,560,88600
2022-08-05 14:40:00,555,555,560,560,0
2022-08-05 14:41:00,555,555,560,560,0
2022-08-05 14:42:00,555,555,560,560,0
2022-08-05 14:43:00,555,555,560,560,0
2022-08-05 14:44:00,560,560,560,560,300
2022-08-05 14:45:00,560,560,560,560,0
2022-08-05 14:46:00,560,560,560,560,300
2022-08-05 14:47:00,560,560,560,560,300
2022-08-05 14:48:00,560,560,560,560,100
2022-08-05 14:49:00,560,560,560,560,700
2022-08-05 14:50:00,560,560,560,560,0
2022-08-05 14:51:00,560,560,560,560,0
2022-08-05 14:52:00,560,560,560,560,0
2022-08-05 14:53:00,560,560,560,560,0
2022-08-05 14:54:00,560,560,560,560,0
2022-08-05 14:55:00,560,560,560,560,0
2022-08-05 14:56:00,560,560,560,560,0
2022-08-05 14:57:00,560,560,560,560,0
2022-08-05 14:58:00,560,560,560,560,0
2022-08-05 14:59:00,560,560,560,560,0
2022-08-05 15:00:00,560,560,560,560,40300
2022-08-05 15:01:00,560,560,560,560,50000
2022-08-05 15:02:00,560,560,560,560,0
2022-08-05 15:03:00,560,560,560,560,0
2022-08-05 15:04:00,560,560,560,560,0
2022-08-05 15:05:00,560,560,560,560,0
2022-08-05 15:06:00,560,560,560,560,0
2022-08-05 15:07:00,560,560,560,560,0
2022-08-05 15:08:00,560,560,560,560,0
2022-08-05 15:09:00,560,560,560,560,0
2022-08-05 15:10:00,560,560,560,560,0
2022-08-05 15:11:00,560,560,560,560,0
2022-08-05 15:12:00,560,560,560,560,0
2022-08-05 15:13:00,560,560,560,560,0
2022-08-05 15:14:00,560,560,560,560,0
2022-08-05 15:15:00,560,560,560,560,0
2022-08-05 15:16:00,560,560,560,560,0
2022-08-05 15:17:00,560,560,560,560,0
2022-08-05 15:18:00,560,560,560,560,0
2022-08-05 15:19:00,560,560,560,560,0
2022-08-05 15:20:00,560,560,560,560,0
2022-08-05 15:21:00,560,560,560,560,0
2022-08-05 15:22:00,560,560,560,560,0
2022-08-05 15:23:00,560,560,560,560,0
2022-08-05 15:24:00,560,560,560,560,0
2022-08-05 15:25:00,560,560,560,560,0
2022-08-05 15:26:00,560,560,560,560,0
2022-08-05 15:27:00,560,560,560,560,0
2022-08-05 15:28:00,560,560,560,560,0
2022-08-05 15:29:00,560,560,560,560,0
2022-08-05 15:30:00,560,560,560,560,0
2022-08-05 15:31:00,560,560,560,560,0
2022-08-05 15:32:00,560,560,560,560,0
2022-08-05 15:33:00,560,560,560,560,0
2022-08-05 15:34:00,560,560,560,560,0
2022-08-05 15:35:00,560,560,560,560,0
2022-08-05 15:36:00,560,560,560,560,0
2022-08-05 15:37:00,560,560,560,560,0
2022-08-05 15:38:00,560,560,560,560,0
2022-08-05 15:39:00,560,560,560,560,0
2022-08-05 15:40:00,560,560,560,560,0
2022-08-05 15:41:00,560,560,560,560,0
2022-08-05 15:42:00,560,560,560,560,0
2022-08-05 15:43:00,560,560,560,560,0
2022-08-05 15:44:00,560,560,560,560,0
2022-08-05 15:45:00,560,560,560,560,0
2022-08-05 15:46:00,560,560,560,560,0
2022-08-05 15:47:00,560,560,560,560,0
2022-08-05 15:48:00,560,560,560,560,0
2022-08-05 15:49:00,560,560,560,560,0
2022-08-05 15:50:00,560,560,560,560,0
2022-08-05 15:51:00,560,560,560,560,0
2022-08-05 15:52:00,560,560,560,560,0
2022-08-05 15:53:00,560,560,560,560,0
2022-08-05 15:54:00,560,560,560,560,0
2022-08-05 15:55:00,560,560,560,560,0
2022-08-05 15:56:00,560,560,560,560,0
2022-08-05 15:57:00,560,560,560,560,0
2022-08-05 15:58:00,560,560,560,560,0
2022-08-05 15:59:00,560,560,560,560,0
2022-08-08 09:00:00,560,560,560,560,0
2022-08-08 09:01:00,560,560,560,560,0
2022-08-08 09:02:00,560,560,560,560,0
2022-08-08 09:03:00,560,560,560,560,0
2022-08-08 09:04:00,560,560,560,560,0
2022-08-08 09:05:00,560,560,560,560,100
2022-08-08 09:06:00,560,560,560,560,0
2022-08-08 09:07:00,560,560,560,560,0
2022-08-08 09:08:00,560,560,560,560,0
2022-08-08 09:09:00,560,560,560,560,0
2022-08-08 09:10:00,560,560,560,560,0
2022-08-08 09:11:00,560,560,560,560,0
2022-08-08 09:12:00,560,560,560,560,0
2022-08-08 09:13:00,560,560,560,560,6000
2022-08-08 09:14:00,560,560,560,560,0
2022-08-08 09:15:00,560,560,560,560,0
2022-08-08 09:16:00,560,560,560,560,0
2022-08-08 09:17:00,560,560,560,560,0
2022-08-08 09:18:00,560,560,560,560,0
2022-08-08 09:19:00,560,560,560,560,0
2022-08-08 09:20:00,560,560,560,560,0
2022-08-08 09:21:00,560,560,560,560,0
2022-08-08 09:22:00,560,560,560,560,0
2022-08-08 09:23:00,560,560,560,560,0
2022-08-08 09:24:00,560,560,560,560,600
2022-08-08 09:25:00,560,560,560,560,0
2022-08-08 09:26:00,560,560,560,560,0
2022-08-08 09:27:00,560,560,560,560,0
2022-08-08 09:28:00,560,560,560,560,39900
2022-08-08 09:29:00,560,560,560,560,0
2022-08-08 09:30:00,560,560,560,560,1800
2022-08-08 09:31:00,560,560,560,560,0
2022-08-08 09:32:00,560,560,560,560,0
2022-08-08 09:33:00,560,560,560,560,0
2022-08-08 09:34:00,560,560,560,560,0
2022-08-08 09:35:00,560,560,560,560,0
2022-08-08 09:36:00,560,560,560,560,0
2022-08-08 09:37:00,560,560,560,560,0
2022-08-08 09:38:00,560,560,560,560,0
2022-08-08 09:39:00,560,560,560,560,0
2022-08-08 09:40:00,560,560,560,560,0
2022-08-08 09:41:00,560,560,560,560,0
2022-08-08 09:42:00,560,560,560,560,0
2022-08-08 09:43:00,560,560,560,560,0
2022-08-08 09:44:00,560,560,560,560,0
2022-08-08 09:45:00,560,560,560,560,0
2022-08-08 09:46:00,560,560,560,560,0
2022-08-08 09:47:00,560,560,560,560,0
2022-08-08 09:48:00,560,560,560,560,1500
2022-08-08 09:49:00,560,560,560,560,0
2022-08-08 09:50:00,560,560,560,560,0
2022-08-08 09:51:00,560,560,560,560,0
2022-08-08 09:52:00,560,560,560,560,0
2022-08-08 09:53:00,560,560,560,560,0
2022-08-08 09:54:00,560,560,560,560,0
2022-08-08 09:55:00,560,560,560,560,1000
2022-08-08 09:56:00,560,560,560,560,0
2022-08-08 09:57:00,560,560,560,560,0
2022-08-08 09:58:00,560,560,560,560,0
2022-08-08 09:59:00,560,560,560,560,0
2022-08-08 10:00:00,560,560,560,560,0
2022-08-08 10:01:00,555,555,555,555,118000
2022-08-08 10:02:00,555,555,555,555,200
2022-08-08 10:03:00,555,555,555,555,0
2022-08-08 10:04:00,555,555,555,555,0
2022-08-08 10:05:00,555,555,555,555,3400
2022-08-08 10:06:00,555,555,555,555,0
2022-08-08 10:07:00,555,555,555,555,0
2022-08-08 10:08:00,555,555,555,555,2500
2022-08-08 10:09:00,555,555,555,555,0
2022-08-08 10:10:00,555,555,555,555,0
2022-08-08 10:11:00,555,555,555,555,0
2022-08-08 10:12:00,555,555,555,555,0
2022-08-08 10:13:00,555,555,555,555,4700
2022-08-08 10:14:00,555,555,555,555,0
2022-08-08 10:15:00,555,555,555,555,0
2022-08-08 10:16:00,555,555,555,555,0
2022-08-08 10:17:00,555,555,555,555,0
2022-08-08 10:18:00,555,555,555,555,0
2022-08-08 10:19:00,555,555,555,555,0
2022-08-08 10:20:00,555,555,555,555,0
2022-08-08 10:21:00,555,555,555,555,0
2022-08-08 10:22:00,555,555,555,555,0
2022-08-08 10:23:00,555,555,555,555,0
2022-08-08 10:24:00,555,555,555,555,0
2022-08-08 10:25:00,555,555,555,555,0
2022-08-08 10:26:00,555,555,555,555,0
2022-08-08 10:27:00,555,555,555,555,0
2022-08-08 10:28:00,555,555,555,555,0
2022-08-08 10:29:00,555,555,555,555,5000
2022-08-08 10:30:00,555,555,555,555,0
2022-08-08 10:31:00,555,555,555,555,0
2022-08-08 10:32:00,555,555,555,555,0
2022-08-08 10:33:00,555,555,555,555,0
2022-08-08 10:34:00,555,555,555,555,0
2022-08-08 10:35:00,555,555,555,555,0
2022-08-08 10:36:00,555,555,555,555,0
2022-08-08 10:37:00,555,555,555,555,0
2022-08-08 10:38:00,555,555,555,555,0
2022-08-08 10:39:00,555,555,555,555,0
2022-08-08 10:40:00,555,555,555,555,0
2022-08-08 10:41:00,555,555,555,555,0
2022-08-08 10:42:00,555,555,555,555,0
2022-08-08 10:43:00,555,555,555,555,0
2022-08-08 10:44:00,555,555,555,555,0
2022-08-08 10:45:00,555,555,555,555,0
2022-08-08 10:46:00,555,555,555,555,0
2022-08-08 10:47:00,555,555,555,555,0
2022-08-08 10:48:00,555,555,555,555,0
2022-08-08 10:49:00,555,555,555,555,0
2022-08-08 10:50:00,555,555,555,555,0
2022-08-08 10:51:00,555,555,555,555,0
2022-08-08 10:52:00,555,555,555,555,0
2022-08-08 10:53:00,555,555,555,555,0
2022-08-08 10:54:00,555,555,555,555,0
2022-08-08 10:55:00,555,555,555,555,0
2022-08-08 10:56:00,555,555,555,555,0
2022-08-08 10:57:00,555,555,555,555,0
2022-08-08 10:58:00,555,555,555,555,0
2022-08-08 10:59:00,555,555,555,555,0
2022-08-08 11:00:00,555,555,555,555,0
2022-08-08 11:01:00,555,555,555,555,0
2022-08-08 11:02:00,555,555,555,555,0
2022-08-08 11:03:00,555,555,555,555,0
2022-08-08 11:04:00,555,555,555,555,0
2022-08-08 11:05:00,555,555,555,555,0
2022-08-08 11:06:00,555,555,555,555,0
2022-08-08 11:07:00,555,555,555,555,0
2022-08-08 11:08:00,555,555,555,555,0
2022-08-08 11:09:00,555,555,555,555,0
2022-08-08 11:10:00,555,555,555,555,0
2022-08-08 11:11:00,555,555,555,555,0
2022-08-08 11:12:00,555,555,555,555,0
2022-08-08 11:13:00,555,555,555,555,0
2022-08-08 11:14:00,555,555,555,555,0
2022-08-08 11:15:00,555,555,555,555,0
2022-08-08 11:16:00,555,555,555,555,0
2022-08-08 11:17:00,555,555,555,555,0
2022-08-08 11:18:00,555,555,555,555,0
2022-08-08 11:19:00,555,555,555,555,0
2022-08-08 11:20:00,555,555,555,555,0
2022-08-08 11:21:00,555,555,555,555,0
2022-08-08 11:22:00,555,555,555,555,0
2022-08-08 11:23:00,555,555,555,555,0
2022-08-08 11:24:00,555,555,555,555,0
2022-08-08 11:25:00,555,555,555,555,0
2022-08-08 11:26:00,555,555,555,555,0
2022-08-08 11:27:00,555,555,555,555,0
2022-08-08 11:28:00,555,555,555,555,0
2022-08-08 11:29:00,555,555,555,555,0
2022-08-08 11:30:00,555,555,555,555,0
2022-08-08 11:31:00,555,555,555,555,0
2022-08-08 11:32:00,555,555,555,555,0
2022-08-08 11:33:00,555,555,555,555,0
2022-08-08 11:34:00,555,555,555,555,0
2022-08-08 11:35:00,555,555,555,555,0
2022-08-08 11:36:00,555,555,555,555,0
2022-08-08 11:37:00,555,555,555,555,0
2022-08-08 11:38:00,555,555,555,555,0
2022-08-08 11:39:00,555,555,555,555,0
2022-08-08 11:40:00,555,555,555,555,0
2022-08-08 11:41:00,555,555,555,555,0
2022-08-08 11:42:00,555,555,555,555,0
2022-08-08 11:43:00,555,555,555,555,0
2022-08-08 11:44:00,555,555,555,555,0
2022-08-08 11:45:00,555,555,555,555,0
2022-08-08 11:46:00,555,555,555,555,0
2022-08-08 11:47:00,555,555,555,555,0
2022-08-08 11:48:00,555,555,555,555,0
2022-08-08 11:49:00,555,555,555,555,0
2022-08-08 11:50:00,555,555,555,555,0
2022-08-08 11:51:00,555,555,555,555,0
2022-08-08 11:52:00,555,555,555,555,0
2022-08-08 11:53:00,555,555,555,555,0
2022-08-08 11:54:00,555,555,555,555,0
2022-08-08 11:55:00,555,555,555,555,0
2022-08-08 11:56:00,555,555,555,555,0
2022-08-08 11:57:00,555,555,555,555,0
2022-08-08 11:58:00,555,555,555,555,0
2022-08-08 11:59:00,555,555,555,555,0
2022-08-08 12:00:00,555,555,555,555,0
2022-08-08 12:01:00,555,555,555,555,0
2022-08-08 12:02:00,555,555,555,555,0
2022-08-08 12:03:00,555,555,555,555,0
2022-08-08 12:04:00,555,555,555,555,0
2022-08-08 12:05:00,555,555,555,555,0
2022-08-08 12:06:00,555,555,555,555,0
2022-08-08 12:07:00,555,555,555,555,0
2022-08-08 12:08:00,555,555,555,555,0
2022-08-08 12:09:00,555,555,555,555,0
2022-08-08 12:10:00,555,555,555,555,0
2022-08-08 12:11:00,555,555,555,555,0
2022-08-08 12:12:00,555,555,555,555,0
2022-08-08 12:13:00,555,555,555,555,0
2022-08-08 12:14:00,555,555,555,555,0
2022-08-08 12:15:00,555,555,555,555,0
2022-08-08 12:16:00,555,555,555,555,0
2022-08-08 12:17:00,555,555,555,555,0
2022-08-08 12:18:00,555,555,555,555,0
2022-08-08 12:19:00,555,555,555,555,0
2022-08-08 12:20:00,555,555,555,555,0
2022-08-08 12:21:00,555,555,555,555,0
2022-08-08 12:22:00,555,555,555,555,0
2022-08-08 12:23:00,555,555,555,555,0
2022-08-08 12:24:00,555,555,555,555,0
2022-08-08 12:25:00,555,555,555,555,0
2022-08-08 12:26:00,555,555,555,555,0
2022-08-08 12:27:00,555,555,555,555,0
2022-08-08 12:28:00,555,555,555,555,0
2022-08-08 12:29:00,555,555,555,555,0
2022-08-08 12:30:00,555,555,555,555,0
2022-08-08 12:31:00,555,555,555,555,0
2022-08-08 12:32:00,555,555,555,555,0
2022-08-08 12:33:00,555,555,555,555,0
2022-08-08 12:34:00,555,555,555,555,0
2022-08-08 12:35:00,555,555,555,555,0
2022-08-08 12:36:00,555,555,555,555,0
2022-08-08 12:37:00,555,555,555,555,0
2022-08-08 12:38:00,555,555,555,555,0
2022-08-08 12:39:00,555,555,555,555,0
2022-08-08 12:40:00,555,555,555,555,0
2022-08-08 12:41:00,555,555,555,555,0
2022-08-08 12:42:00,555,555,555,555,0
2022-08-08 12:43:00,555,555,555,555,0
2022-08-08 12:44:00,555,555,555,555,0
2022-08-08 12:45:00,555,555,555,555,0
2022-08-08 12:46:00,555,555,555,555,0
2022-08-08 12:47:00,555,555,555,555,0
2022-08-08 12:48:00,555,555,555,555,0
2022-08-08 12:49:00,555,555,555,555,0
2022-08-08 12:50:00,555,555,555,555,0
2022-08-08 12:51:00,555,555,555,555,0
2022-08-08 12:52:00,555,555,555,555,0
2022-08-08 12:53:00,555,555,555,555,0
2022-08-08 12:54:00,555,555,555,555,0
2022-08-08 12:55:00,555,555,555,555,0
2022-08-08 12:56:00,555,555,555,555,0
2022-08-08 12:57:00,555,555,555,555,0
2022-08-08 12:58:00,555,555,555,555,0
2022-08-08 12:59:00,555,555,555,555,0
2022-08-08 13:00:00,555,555,555,555,0
2022-08-08 13:01:00,555,555,555,555,0
2022-08-08 13:02:00,555,555,555,555,0
2022-08-08 13:03:00,555,555,555,555,0
2022-08-08 13:04:00,555,555,555,555,0
2022-08-08 13:05:00,555,555,555,555,0
2022-08-08 13:06:00,555,555,555,555,0
2022-08-08 13:07:00,555,555,555,555,0
2022-08-08 13:08:00,555,555,555,555,0
2022-08-08 13:09:00,555,555,555,555,0
2022-08-08 13:10:00,555,555,555,555,0
2022-08-08 13:11:00,555,555,555,555,0
2022-08-08 13:12:00,555,555,555,555,0
2022-08-08 13:13:00,555,555,555,555,0
2022-08-08 13:14:00,555,555,555,555,0
2022-08-08 13:15:00,555,555,555,555,0
2022-08-08 13:16:00,555,555,555,555,0
2022-08-08 13:17:00,555,555,555,555,0
2022-08-08 13:18:00,555,555,555,555,0
2022-08-08 13:19:00,555,555,555,555,0
2022-08-08 13:20:00,555,555,555,555,0
2022-08-08 13:21:00,555,555,555,555,0
2022-08-08 13:22:00,555,555,555,555,0
2022-08-08 13:23:00,555,555,555,555,0
2022-08-08 13:24:00,555,555,555,555,0
2022-08-08 13:25:00,555,555,555,555,0
2022-08-08 13:26:00,555,555,555,555,0
2022-08-08 13:27:00,555,555,555,555,0
2022-08-08 13:28:00,555,555,555,555,0
2022-08-08 13:29:00,555,555,555,555,0
2022-08-08 13:30:00,555,555,555,555,1500
2022-08-08 13:31:00,555,555,555,555,0
2022-08-08 13:32:00,555,555,555,555,0
2022-08-08 13:33:00,555,555,555,555,0
2022-08-08 13:34:00,555,555,555,555,0
2022-08-08 13:35:00,555,555,555,555,0
2022-08-08 13:36:00,555,555,555,555,0
2022-08-08 13:37:00,555,555,555,555,0
2022-08-08 13:38:00,555,555,555,555,0
2022-08-08 13:39:00,555,555,555,555,0
2022-08-08 13:40:00,555,555,555,555,0
2022-08-08 13:41:00,555,555,555,555,0
2022-08-08 13:42:00,555,555,555,555,0
2022-08-08 13:43:00,555,555,555,555,0
2022-08-08 13:44:00,555,555,555,555,0
2022-08-08 13:45:00,555,555,555,555,0
2022-08-08 13:46:00,555,555,555,555,0
2022-08-08 13:47:00,555,555,555,555,0
2022-08-08 13:48:00,555,555,555,555,0
2022-08-08 13:49:00,555,555,555,555,0
2022-08-08 13:50:00,555,555,555,555,0
2022-08-08 13:51:00,555,555,555,555,0
2022-08-08 13:52:00,555,555,555,555,0
2022-08-08 13:53:00,555,555,555,555,0
2022-08-08 13:54:00,555,555,555,555,3000
2022-08-08 13:55:00,555,555,555,555,0
2022-08-08 13:56:00,555,555,555,555,0
2022-08-08 13:57:00,555,555,555,555,0
2022-08-08 13:58:00,555,555,555,555,0
2022-08-08 13:59:00,555,555,555,555,0
2022-08-08 14:00:00,555,555,555,555,0
2022-08-08 14:01:00,555,555,555,555,0
2022-08-08 14:02:00,555,555,555,555,0
2022-08-08 14:03:00,555,555,555,555,0
2022-08-08 14:04:00,555,555,555,555,0
2022-08-08 14:05:00,555,555,555,555,0
2022-08-08 14:06:00,555,555,555,555,0
2022-08-08 14:07:00,555,555,555,555,0
2022-08-08 14:08:00,555,555,555,555,0
2022-08-08 14:09:00,555,555,555,555,2700
2022-08-08 14:10:00,555,555,555,555,0
2022-08-08 14:11:00,555,555,555,555,1100
2022-08-08 14:12:00,555,555,555,555,19900
2022-08-08 14:13:00,555,555,555,555,0
2022-08-08 14:14:00,555,555,555,555,0
2022-08-08 14:15:00,555,555,555,555,0
2022-08-08 14:16:00,555,555,555,555,0
2022-08-08 14:17:00,555,555,555,555,0
2022-08-08 14:18:00,555,555,555,555,0
2022-08-08 14:19:00,555,555,555,555,0
2022-08-08 14:20:00,555,555,555,555,0
2022-08-08 14:21:00,555,555,555,555,0
2022-08-08 14:22:00,555,555,555,555,0
2022-08-08 14:23:00,555,555,555,555,0
2022-08-08 14:24:00,555,555,555,555,0
2022-08-08 14:25:00,555,555,555,555,0
2022-08-08 14:26:00,555,555,555,555,0
2022-08-08 14:27:00,555,555,555,555,0
2022-08-08 14:28:00,555,555,555,555,0
2022-08-08 14:29:00,555,555,555,555,0
2022-08-08 14:30:00,555,555,555,555,0
2022-08-08 14:31:00,555,555,555,555,0
2022-08-08 14:32:00,555,555,555,555,0
2022-08-08 14:33:00,555,555,555,555,0
2022-08-08 14:34:00,555,555,555,555,0
2022-08-08 14:35:00,555,555,555,555,0
2022-08-08 14:36:00,555,555,555,555,800
2022-08-08 14:37:00,555,555,555,555,0
2022-08-08 14:38:00,555,555,555,555,0
2022-08-08 14:39:00,555,555,555,555,0
2022-08-08 14:40:00,555,555,555,555,0
2022-08-08 14:41:00,555,555,555,555,0
2022-08-08 14:42:00,555,555,555,555,200
2022-08-08 14:43:00,555,555,555,555,0
2022-08-08 14:44:00,555,555,555,555,300
2022-08-08 14:45:00,555,555,555,555,0
2022-08-08 14:46:00,555,555,555,555,100
2022-08-08 14:47:00,555,555,555,555,300
2022-08-08 14:48:00,555,555,555,555,700
2022-08-08 14:49:00,555,555,555,555,1100
2022-08-08 14:50:00,555,555,555,555,0
2022-08-08 14:51:00,555,555,555,555,0
2022-08-08 14:52:00,555,555,555,555,0
2022-08-08 14:53:00,555,555,555,555,0
2022-08-08 14:54:00,555,555,555,555,0
2022-08-08 14:55:00,555,555,555,555,0
2022-08-08 14:56:00,555,555,555,555,0
2022-08-08 14:57:00,555,555,555,555,0
2022-08-08 14:58:00,555,555,555,555,0
2022-08-08 14:59:00,555,555,555,555,0
2022-08-08 15:00:00,555,555,555,555,313900
2022-08-08 15:01:00,555,555,555,555,0
2022-08-08 15:02:00,555,555,555,555,0
2022-08-08 15:03:00,555,555,555,555,0
2022-08-08 15:04:00,555,555,555,555,0
2022-08-08 15:05:00,555,555,555,555,0
2022-08-08 15:06:00,555,555,555,555,0
2022-08-08 15:07:00,555,555,555,555,0
2022-08-08 15:08:00,555,555,555,555,0
2022-08-08 15:09:00,555,555,555,555,0
2022-08-08 15:10:00,555,555,555,555,0
2022-08-08 15:11:00,555,555,555,555,0
2022-08-08 15:12:00,555,555,555,555,0
2022-08-08 15:13:00,555,555,555,555,0
2022-08-08 15:14:00,555,555,555,555,0
2022-08-08 15:15:00,555,555,555,555,0
2022-08-08 15:16:00,555,555,555,555,0
2022-08-08 15:17:00,555,555,555,555,0
2022-08-08 15:18:00,555,555,555,555,0
2022-08-08 15:19:00,555,555,555,555,0
2022-08-08 15:20:00,555,555,555,555,0
2022-08-08 15:21:00,555,555,555,555,0
2022-08-08 15:22:00,555,555,555,555,0
2022-08-08 15:23:00,555,555,555,555,0
2022-08-08 15:24:00,555,555,555,555,0
2022-08-08 15:25:00,555,555,555,555,0
2022-08-08 15:26:00,555,555,555,555,0
2022-08-08 15:27:00,555,555,555,555,0
2022-08-08 15:28:00,555,555,555,555,0
2022-08-08 15:29:00,555,555,555,555,0
2022-08-08 15:30:00,555,555,555,555,0
2022-08-08 15:31:00,555,555,555,555,0
2022-08-08 15:32:00,555,555,555,555,0
2022-08-08 15:33:00,555,555,555,555,0
2022-08-08 15:34:00,555,555,555,555,0
2022-08-08 15:35:00,555,555,555,555,0
2022-08-08 15:36:00,555,555,555,555,0
2022-08-08 15:37:00,555,555,555,555,0
2022-08-08 15:38:00,555,555,555,555,0
2022-08-08 15:39:00,555,555,555,555,0
2022-08-08 15:40:00,555,555,555,555,0
2022-08-08 15:41:00,555,555,555,555,0
2022-08-08 15:42:00,555,555,555,555,0
2022-08-08 15:43:00,555,555,555,555,0
2022-08-08 15:44:00,555,555,555,555,0
2022-08-08 15:45:00,555,555,555,555,0
2022-08-08 15:46:00,555,555,555,555,0
2022-08-08 15:47:00,555,555,555,555,0
2022-08-08 15:48:00,555,555,555,555,0
2022-08-08 15:49:00,555,555,555,555,0
2022-08-08 15:50:00,555,555,555,555,0
2022-08-08 15:51:00,555,555,555,555,0
2022-08-08 15:52:00,555,555,555,555,0
2022-08-08 15:53:00,555,555,555,555,0
2022-08-08 15:54:00,555,555,555,555,0
2022-08-08 15:55:00,555,555,555,555,0
2022-08-08 15:56:00,555,555,555,555,0
2022-08-08 15:57:00,555,555,555,555,0
2022-08-08 15:58:00,555,555,555,555,0
2022-08-08 15:59:00,555,555,555,555,0
2022-08-09 09:00:00,555,555,555,555,0
2022-08-09 09:01:00,555,555,555,555,0
2022-08-09 09:02:00,555,555,555,555,0
2022-08-09 09:03:00,555,555,555,555,0
2022-08-09 09:04:00,555,555,555,555,0
2022-08-09 09:05:00,555,555,555,555,0
2022-08-09 09:06:00,555,555,555,555,0
2022-08-09 09:07:00,555,555,555,555,0
2022-08-09 09:08:00,555,555,555,555,0
2022-08-09 09:09:00,555,555,555,555,0
2022-08-09 09:10:00,555,555,555,555,0
2022-08-09 09:11:00,555,555,555,555,100
2022-08-09 09:12:00,555,555,555,555,0
2022-08-09 09:13:00,555,555,555,555,0
2022-08-09 09:14:00,555,555,555,555,0
2022-08-09 09:15:00,555,555,555,555,0
2022-08-09 09:16:00,555,555,555,555,0
2022-08-09 09:17:00,555,555,555,555,0
2022-08-09 09:18:00,555,555,555,555,0
2022-08-09 09:19:00,555,555,555,555,0
2022-08-09 09:20:00,555,555,555,555,0
2022-08-09 09:21:00,555,555,555,555,500
2022-08-09 09:22:00,555,555,555,555,0
2022-08-09 09:23:00,555,555,555,555,0
2022-08-09 09:24:00,555,555,555,555,0
2022-08-09 09:25:00,555,555,555,555,0
2022-08-09 09:26:00,555,555,555,555,0
2022-08-09 09:27:00,555,555,555,555,0
2022-08-09 09:28:00,555,555,555,555,0
2022-08-09 09:29:00,555,555,555,555,0
2022-08-09 09:30:00,555,555,555,555,0
2022-08-09 09:31:00,555,555,555,555,0
2022-08-09 09:32:00,555,555,555,555,0
2022-08-09 09:33:00,550,550,555,555,40600
2022-08-09 09:34:00,555,555,555,555,0
2022-08-09 09:35:00,555,555,555,555,0
2022-08-09 09:36:00,555,555,555,555,0
2022-08-09 09:37:00,555,555,555,555,0
2022-08-09 09:38:00,555,555,555,555,0
2022-08-09 09:39:00,555,555,555,555,0
2022-08-09 09:40:00,555,555,555,555,0
2022-08-09 09:41:00,555,555,555,555,0
2022-08-09 09:42:00,555,555,555,555,0
2022-08-09 09:43:00,550,550,550,550,15000
2022-08-09 09:44:00,555,555,555,555,0
2022-08-09 09:45:00,555,555,555,555,0
2022-08-09 09:46:00,555,555,555,555,0
2022-08-09 09:47:00,555,555,555,555,0
2022-08-09 09:48:00,555,555,555,555,0
2022-08-09 09:49:00,555,555,555,555,0
2022-08-09 09:50:00,555,555,555,555,0
2022-08-09 09:51:00,555,555,555,555,0
2022-08-09 09:52:00,555,555,555,555,0
2022-08-09 09:53:00,555,555,555,555,0
2022-08-09 09:54:00,555,555,555,555,0
2022-08-09 09:55:00,555,555,555,555,0
2022-08-09 09:56:00,555,555,555,555,0
2022-08-09 09:57:00,555,555,555,555,0
2022-08-09 09:58:00,555,555,555,555,0
2022-08-09 09:59:00,555,555,555,555,0
2022-08-09 10:00:00,555,555,555,555,0
2022-08-09 10:01:00,555,555,555,555,0
2022-08-09 10:02:00,555,555,555,555,0
2022-08-09 10:03:00,555,555,555,555,0
2022-08-09 10:04:00,555,555,555,555,0
2022-08-09 10:05:00,555,555,555,555,0
2022-08-09 10:06:00,555,555,555,555,0
2022-08-09 10:07:00,555,555,555,555,0
2022-08-09 10:08:00,555,555,555,555,0
2022-08-09 10:09:00,555,555,555,555,0
2022-08-09 10:10:00,555,555,555,555,0
2022-08-09 10:11:00,555,555,555,555,0
2022-08-09 10:12:00,555,555,555,555,0
2022-08-09 10:13:00,555,555,555,555,0
2022-08-09 10:14:00,555,555,555,555,0
2022-08-09 10:15:00,555,555,555,555,0
2022-08-09 10:16:00,555,555,555,555,0
2022-08-09 10:17:00,555,555,555,555,0
2022-08-09 10:18:00,555,555,555,555,0
2022-08-09 10:19:00,555,555,555,555,0
2022-08-09 10:20:00,550,550,550,550,20000
2022-08-09 10:21:00,550,550,550,550,0
2022-08-09 10:22:00,550,550,550,550,0
2022-08-09 10:23:00,555,555,555,555,0
2022-08-09 10:24:00,555,555,555,555,0
2022-08-09 10:25:00,555,555,555,555,0
2022-08-09 10:26:00,555,555,555,555,0
2022-08-09 10:27:00,555,555,555,555,300
2022-08-09 10:28:00,555,555,555,555,0
2022-08-09 10:29:00,555,555,555,555,0
2022-08-09 10:30:00,555,555,555,555,0
2022-08-09 10:31:00,555,555,555,555,0
2022-08-09 10:32:00,555,555,555,555,0
2022-08-09 10:33:00,555,555,555,555,0
2022-08-09 10:34:00,555,555,555,555,0
2022-08-09 10:35:00,555,555,555,555,0
2022-08-09 10:36:00,555,555,555,555,0
2022-08-09 10:37:00,555,555,555,555,0
2022-08-09 10:38:00,555,555,555,555,0
2022-08-09 10:39:00,555,555,555,555,0
2022-08-09 10:40:00,555,555,555,555,0
2022-08-09 10:41:00,555,555,555,555,0
2022-08-09 10:42:00,555,555,555,555,0
2022-08-09 10:43:00,555,555,555,555,0
2022-08-09 10:44:00,555,555,555,555,0
2022-08-09 10:45:00,555,555,555,555,0
2022-08-09 10:46:00,555,555,555,555,0
2022-08-09 10:47:00,555,555,555,555,0
2022-08-09 10:48:00,555,555,555,555,0
2022-08-09 10:49:00,555,555,555,555,0
2022-08-09 10:50:00,555,555,555,555,0
2022-08-09 10:51:00,555,555,555,555,0
2022-08-09 10:52:00,555,555,555,555,0
2022-08-09 10:53:00,555,555,555,555,0
2022-08-09 10:54:00,555,555,555,555,0
2022-08-09 10:55:00,555,555,555,555,0
2022-08-09 10:56:00,555,555,555,555,0
2022-08-09 10:57:00,555,555,555,555,0
2022-08-09 10:58:00,555,555,555,555,0
2022-08-09 10:59:00,555,555,555,555,0
2022-08-09 11:00:00,555,555,555,555,0
2022-08-09 11:01:00,555,555,555,555,0
2022-08-09 11:02:00,555,555,555,555,0
2022-08-09 11:03:00,555,555,555,555,0
2022-08-09 11:04:00,555,555,555,555,0
2022-08-09 11:05:00,555,555,555,555,0
2022-08-09 11:06:00,555,555,555,555,0
2022-08-09 11:07:00,555,555,555,555,0
2022-08-09 11:08:00,555,555,555,555,0
2022-08-09 11:09:00,555,555,555,555,0
2022-08-09 11:10:00,555,555,555,555,0
2022-08-09 11:11:00,555,555,555,555,0
2022-08-09 11:12:00,555,555,555,555,0
2022-08-09 11:13:00,555,555,555,555,0
2022-08-09 11:14:00,555,555,555,555,0
2022-08-09 11:15:00,555,555,555,555,0
2022-08-09 11:16:00,555,555,555,555,0
2022-08-09 11:17:00,555,555,555,555,0
2022-08-09 11:18:00,555,555,555,555,0
2022-08-09 11:19:00,555,555,555,555,0
2022-08-09 11:20:00,555,555,555,555,0
2022-08-09 11:21:00,555,555,555,555,0
2022-08-09 11:22:00,555,555,555,555,0
2022-08-09 11:23:00,555,555,555,555,0
2022-08-09 11:24:00,555,555,555,555,0
2022-08-09 11:25:00,555,555,555,555,0
2022-08-09 11:26:00,555,555,555,555,0
2022-08-09 11:27:00,555,555,555,555,0
2022-08-09 11:28:00,555,555,555,555,600
2022-08-09 11:29:00,555,555,555,555,200
2022-08-09 11:30:00,555,555,555,555,0
2022-08-09 11:31:00,555,555,555,555,0
2022-08-09 11:32:00,555,555,555,555,0
2022-08-09 11:33:00,555,555,555,555,0
2022-08-09 11:34:00,555,555,555,555,0
2022-08-09 11:35:00,555,555,555,555,0
2022-08-09 11:36:00,555,555,555,555,0
2022-08-09 11:37:00,555,555,555,555,0
2022-08-09 11:38:00,555,555,555,555,0
2022-08-09 11:39:00,555,555,555,555,0
2022-08-09 11:40:00,555,555,555,555,0
2022-08-09 11:41:00,555,555,555,555,0
2022-08-09 11:42:00,555,555,555,555,0
2022-08-09 11:43:00,555,555,555,555,0
2022-08-09 11:44:00,555,555,555,555,0
2022-08-09 11:45:00,555,555,555,555,0
2022-08-09 11:46:00,555,555,555,555,0
2022-08-09 11:47:00,555,555,555,555,0
2022-08-09 11:48:00,555,555,555,555,0
2022-08-09 11:49:00,555,555,555,555,0
2022-08-09 11:50:00,555,555,555,555,0
2022-08-09 11:51:00,555,555,555,555,0
2022-08-09 11:52:00,555,555,555,555,0
2022-08-09 11:53:00,555,555,555,555,0
2022-08-09 11:54:00,555,555,555,555,0
2022-08-09 11:55:00,555,555,555,555,0
2022-08-09 11:56:00,555,555,555,555,0
2022-08-09 11:57:00,555,555,555,555,0
2022-08-09 11:58:00,555,555,555,555,0
2022-08-09 11:59:00,555,555,555,555,0
2022-08-09 12:00:00,555,555,555,555,0
2022-08-09 12:01:00,555,555,555,555,0
2022-08-09 12:02:00,555,555,555,555,0
2022-08-09 12:03:00,555,555,555,555,0
2022-08-09 12:04:00,555,555,555,555,0
2022-08-09 12:05:00,555,555,555,555,0
2022-08-09 12:06:00,555,555,555,555,0
2022-08-09 12:07:00,555,555,555,555,0
2022-08-09 12:08:00,555,555,555,555,0
2022-08-09 12:09:00,555,555,555,555,0
2022-08-09 12:10:00,555,555,555,555,0
2022-08-09 12:11:00,555,555,555,555,0
2022-08-09 12:12:00,555,555,555,555,0
2022-08-09 12:13:00,555,555,555,555,0
2022-08-09 12:14:00,555,555,555,555,0
2022-08-09 12:15:00,555,555,555,555,0
2022-08-09 12:16:00,555,555,555,555,0
2022-08-09 12:17:00,555,555,555,555,0
2022-08-09 12:18:00,555,555,555,555,0
2022-08-09 12:19:00,555,555,555,555,0
2022-08-09 12:20:00,555,555,555,555,0
2022-08-09 12:21:00,555,555,555,555,0
2022-08-09 12:22:00,555,555,555,555,0
2022-08-09 12:23:00,555,555,555,555,0
2022-08-09 12:24:00,555,555,555,555,0
2022-08-09 12:25:00,555,555,555,555,0
2022-08-09 12:26:00,555,555,555,555,0
2022-08-09 12:27:00,555,555,555,555,0
2022-08-09 12:28:00,555,555,555,555,0
2022-08-09 12:29:00,555,555,555,555,0
2022-08-09 12:30:00,555,555,555,555,0
2022-08-09 12:31:00,555,555,555,555,0
2022-08-09 12:32:00,555,555,555,555,0
2022-08-09 12:33:00,555,555,555,555,0
2022-08-09 12:34:00,555,555,555,555,0
2022-08-09 12:35:00,555,555,555,555,0
2022-08-09 12:36:00,555,555,555,555,0
2022-08-09 12:37:00,555,555,555,555,0
2022-08-09 12:38:00,555,555,555,555,0
2022-08-09 12:39:00,555,555,555,555,0
2022-08-09 12:40:00,555,555,555,555,0
2022-08-09 12:41:00,555,555,555,555,0
2022-08-09 12:42:00,555,555,555,555,0
2022-08-09 12:43:00,555,555,555,555,0
2022-08-09 12:44:00,555,555,555,555,0
2022-08-09 12:45:00,555,555,555,555,0
2022-08-09 12:46:00,555,555,555,555,0
2022-08-09 12:47:00,555,555,555,555,0
2022-08-09 12:48:00,555,555,555,555,0
2022-08-09 12:49:00,555,555,555,555,0
2022-08-09 12:50:00,555,555,555,555,0
2022-08-09 12:51:00,555,555,555,555,0
2022-08-09 12:52:00,555,555,555,555,0
2022-08-09 12:53:00,555,555,555,555,0
2022-08-09 12:54:00,555,555,555,555,0
2022-08-09 12:55:00,555,555,555,555,0
2022-08-09 12:56:00,555,555,555,555,0
2022-08-09 12:57:00,555,555,555,555,0
2022-08-09 12:58:00,555,555,555,555,0
2022-08-09 12:59:00,555,555,555,555,0
2022-08-09 13:00:00,555,555,555,555,0
2022-08-09 13:01:00,555,555,555,555,0
2022-08-09 13:02:00,555,555,555,555,0
2022-08-09 13:03:00,555,555,555,555,0
2022-08-09 13:04:00,555,555,555,555,0
2022-08-09 13:05:00,555,555,555,555,0
2022-08-09 13:06:00,555,555,555,555,0
2022-08-09 13:07:00,555,555,555,555,0
2022-08-09 13:08:00,555,555,555,555,0
2022-08-09 13:09:00,555,555,555,555,0
2022-08-09 13:10:00,555,555,555,555,0
2022-08-09 13:11:00,555,555,555,555,0
2022-08-09 13:12:00,555,555,555,555,0
2022-08-09 13:13:00,555,555,555,555,0
2022-08-09 13:14:00,555,555,555,555,0
2022-08-09 13:15:00,555,555,555,555,0
2022-08-09 13:16:00,555,555,555,555,0
2022-08-09 13:17:00,555,555,555,555,0
2022-08-09 13:18:00,555,555,555,555,0
2022-08-09 13:19:00,555,555,555,555,0
2022-08-09 13:20:00,555,555,555,555,0
2022-08-09 13:21:00,555,555,555,555,0
2022-08-09 13:22:00,555,555,555,555,0
2022-08-09 13:23:00,555,555,555,555,0
2022-08-09 13:24:00,555,555,555,555,0
2022-08-09 13:25:00,555,555,555,555,0
2022-08-09 13:26:00,555,555,555,555,0
2022-08-09 13:27:00,555,555,555,555,0
2022-08-09 13:28:00,555,555,555,555,0
2022-08-09 13:29:00,555,555,555,555,0
2022-08-09 13:30:00,550,550,550,550,72900
2022-08-09 13:31:00,550,550,550,550,20000
2022-08-09 13:32:00,550,550,550,550,900
2022-08-09 13:33:00,550,550,550,550,0
2022-08-09 13:34:00,545,545,550,550,93100
2022-08-09 13:35:00,550,550,550,550,0
2022-08-09 13:36:00,550,550,550,550,11600
2022-08-09 13:37:00,550,550,550,550,0
2022-08-09 13:38:00,550,550,550,550,0
2022-08-09 13:39:00,550,550,550,550,1400
2022-08-09 13:40:00,550,550,550,550,0
2022-08-09 13:41:00,550,550,550,550,0
2022-08-09 13:42:00,550,550,550,550,0
2022-08-09 13:43:00,550,550,550,550,0
2022-08-09 13:44:00,550,550,550,550,0
2022-08-09 13:45:00,550,550,550,550,0
2022-08-09 13:46:00,550,550,550,550,0
2022-08-09 13:47:00,550,550,550,550,0
2022-08-09 13:48:00,550,550,550,550,0
2022-08-09 13:49:00,550,550,550,550,0
2022-08-09 13:50:00,550,550,550,550,0
2022-08-09 13:51:00,550,550,550,550,300
2022-08-09 13:52:00,550,550,550,550,0
2022-08-09 13:53:00,550,550,550,550,0
2022-08-09 13:54:00,550,550,550,550,5000
2022-08-09 13:55:00,550,550,550,550,10000
2022-08-09 13:56:00,550,550,550,550,0
2022-08-09 13:57:00,550,550,550,550,0
2022-08-09 13:58:00,550,550,550,550,0
2022-08-09 13:59:00,550,550,550,550,0
2022-08-09 14:00:00,550,550,550,550,0
2022-08-09 14:01:00,550,550,550,550,0
2022-08-09 14:02:00,545,545,550,550,300
2022-08-09 14:03:00,545,545,550,550,0
2022-08-09 14:04:00,545,545,550,550,0
2022-08-09 14:05:00,545,545,550,550,0
2022-08-09 14:06:00,545,545,550,550,0
2022-08-09 14:07:00,545,545,550,550,0
2022-08-09 14:08:00,545,545,550,550,0
2022-08-09 14:09:00,545,545,550,550,0
2022-08-09 14:10:00,545,545,550,550,0
2022-08-09 14:11:00,545,545,550,550,0
2022-08-09 14:12:00,545,545,550,550,0
2022-08-09 14:13:00,545,545,550,550,0
2022-08-09 14:14:00,545,545,550,550,0
2022-08-09 14:15:00,545,545,550,550,0
2022-08-09 14:16:00,545,545,550,550,0
2022-08-09 14:17:00,545,545,550,550,0
2022-08-09 14:18:00,545,545,550,550,0
2022-08-09 14:19:00,545,545,550,550,0
2022-08-09 14:20:00,545,545,550,550,0
2022-08-09 14:21:00,545,545,550,550,0
2022-08-09 14:22:00,545,545,550,550,0
2022-08-09 14:23:00,545,545,550,550,0
2022-08-09 14:24:00,545,545,550,550,0
2022-08-09 14:25:00,545,545,550,550,0
2022-08-09 14:26:00,545,545,550,550,0
2022-08-09 14:27:00,545,545,550,550,0
2022-08-09 14:28:00,545,545,550,550,0
2022-08-09 14:29:00,545,545,550,550,0
2022-08-09 14:30:00,545,545,550,550,0
2022-08-09 14:31:00,550,550,550,550,200
2022-08-09 14:32:00,550,550,550,550,0
2022-08-09 14:33:00,550,550,550,550,0
2022-08-09 14:34:00,550,550,550,550,0
2022-08-09 14:35:00,550,550,550,550,0
2022-08-09 14:36:00,550,550,550,550,500
2022-08-09 14:37:00,550,550,550,550,0
2022-08-09 14:38:00,550,550,550,550,0
2022-08-09 14:39:00,550,550,550,550,600
2022-08-09 14:40:00,550,550,550,550,0
2022-08-09 14:41:00,550,550,550,550,0
2022-08-09 14:42:00,550,550,550,550,0
2022-08-09 14:43:00,550,550,550,550,0
2022-08-09 14:44:00,550,550,550,550,600
2022-08-09 14:45:00,550,550,550,550,0
2022-08-09 14:46:00,550,550,550,550,700
2022-08-09 14:47:00,550,550,550,550,300
2022-08-09 14:48:00,550,550,550,550,300
2022-08-09 14:49:00,550,550,550,550,300
2022-08-09 14:50:00,550,550,550,550,0
2022-08-09 14:51:00,550,550,550,550,0
2022-08-09 14:52:00,550,550,550,550,0
2022-08-09 14:53:00,550,550,550,550,0
2022-08-09 14:54:00,550,550,550,550,0
2022-08-09 14:55:00,550,550,550,550,0
2022-08-09 14:56:00,550,550,550,550,0
2022-08-09 14:57:00,550,550,550,550,0
2022-08-09 14:58:00,550,550,550,550,0
2022-08-09 14:59:00,550,550,550,550,0
2022-08-09 15:00:00,550,550,550,550,102700
2022-08-09 15:01:00,550,550,550,550,3400
2022-08-09 15:02:00,550,550,550,550,0
2022-08-09 15:03:00,550,550,550,550,0
2022-08-09 15:04:00,550,550,550,550,0
2022-08-09 15:05:00,550,550,550,550,0
2022-08-09 15:06:00,550,550,550,550,0
2022-08-09 15:07:00,550,550,550,550,0
2022-08-09 15:08:00,550,550,550,550,0
2022-08-09 15:09:00,550,550,550,550,0
2022-08-09 15:10:00,550,550,550,550,0
2022-08-09 15:11:00,550,550,550,550,0
2022-08-09 15:12:00,550,550,550,550,22000
2022-08-09 15:13:00,550,550,550,550,382400
2022-08-09 15:14:00,550,550,550,550,0
2022-08-09 15:15:00,550,550,550,550,0
2022-08-09 15:16:00,550,550,550,550,0
2022-08-09 15:17:00,550,550,550,550,0
2022-08-09 15:18:00,550,550,550,550,0
2022-08-09 15:19:00,550,550,550,550,0
2022-08-09 15:20:00,550,550,550,550,0
2022-08-09 15:21:00,550,550,550,550,0
2022-08-09 15:22:00,550,550,550,550,0
2022-08-09 15:23:00,550,550,550,550,0
2022-08-09 15:24:00,550,550,550,550,0
2022-08-09 15:25:00,550,550,550,550,0
2022-08-09 15:26:00,550,550,550,550,0
2022-08-09 15:27:00,550,550,550,550,0
2022-08-09 15:28:00,550,550,550,550,0
2022-08-09 15:29:00,550,550,550,550,0
2022-08-09 15:30:00,550,550,550,550,0
2022-08-09 15:31:00,550,550,550,550,0
2022-08-09 15:32:00,550,550,550,550,0
2022-08-09 15:33:00,550,550,550,550,0
2022-08-09 15:34:00,550,550,550,550,0
2022-08-09 15:35:00,550,550,550,550,0
2022-08-09 15:36:00,550,550,550,550,0
2022-08-09 15:37:00,550,550,550,550,0
2022-08-09 15:38:00,550,550,550,550,0
2022-08-09 15:39:00,550,550,550,550,0
2022-08-09 15:40:00,550,550,550,550,0
2022-08-09 15:41:00,550,550,550,550,0
2022-08-09 15:42:00,550,550,550,550,0
2022-08-09 15:43:00,550,550,550,550,0
2022-08-09 15:44:00,550,550,550,550,0
2022-08-09 15:45:00,550,550,550,550,0
2022-08-09 15:46:00,550,550,550,550,0
2022-08-09 15:47:00,550,550,550,550,0
2022-08-09 15:48:00,550,550,550,550,0
2022-08-09 15:49:00,550,550,550,550,0
2022-08-09 15:50:00,550,550,550,550,0
2022-08-09 15:51:00,550,550,550,550,0
2022-08-09 15:52:00,550,550,550,550,0
2022-08-09 15:53:00,550,550,550,550,0
2022-08-09 15:54:00,550,550,550,550,0
2022-08-09 15:55:00,550,550,550,550,0
2022-08-09 15:56:00,550,550,550,550,0
2022-08-09 15:57:00,550,550,550,550,0
2022-08-09 15:58:00,550,550,550,550,0
2022-08-09 15:59:00,550,550,550,550,0
2022-08-10 09:00:00,550,545,550,545,0
2022-08-10 09:01:00,550,550,550,550,500
2022-08-10 09:02:00,550,550,550,550,0
2022-08-10 09:03:00,550,550,550,550,0
2022-08-10 09:04:00,550,550,550,550,1300
2022-08-10 09:05:00,550,550,550,550,0
2022-08-10 09:06:00,550,550,550,550,0
2022-08-10 09:07:00,550,550,550,550,0
2022-08-10 09:08:00,550,550,550,550,0
2022-08-10 09:09:00,545,545,550,550,4500
2022-08-10 09:10:00,545,545,545,545,31000
2022-08-10 09:11:00,545,545,550,550,0
2022-08-10 09:12:00,545,545,550,550,0
2022-08-10 09:13:00,545,545,550,550,0
2022-08-10 09:14:00,545,545,550,550,0
2022-08-10 09:15:00,545,545,550,550,0
2022-08-10 09:16:00,545,545,550,550,0
2022-08-10 09:17:00,545,545,550,550,0
2022-08-10 09:18:00,545,545,550,550,0
2022-08-10 09:19:00,545,545,550,550,0
2022-08-10 09:20:00,545,545,550,550,0
2022-08-10 09:21:00,545,545,550,550,0
2022-08-10 09:22:00,545,545,550,550,0
2022-08-10 09:23:00,545,545,550,550,0
2022-08-10 09:24:00,545,545,550,550,0
2022-08-10 09:25:00,545,545,550,550,0
2022-08-10 09:26:00,545,545,550,550,0
2022-08-10 09:27:00,545,545,550,550,0
2022-08-10 09:28:00,545,545,550,550,0
2022-08-10 09:29:00,545,545,550,550,0
2022-08-10 09:30:00,545,545,550,550,0
2022-08-10 09:31:00,545,545,550,550,0
2022-08-10 09:32:00,545,545,550,550,0
2022-08-10 09:33:00,545,545,550,550,0
2022-08-10 09:34:00,545,545,550,550,0
2022-08-10 09:35:00,545,545,550,550,0
2022-08-10 09:36:00,545,545,550,550,0
2022-08-10 09:37:00,545,545,550,550,0
2022-08-10 09:38:00,545,545,550,550,0
2022-08-10 09:39:00,545,545,550,550,0
2022-08-10 09:40:00,545,545,550,550,0
2022-08-10 09:41:00,545,545,550,550,0
2022-08-10 09:42:00,545,545,550,550,0
2022-08-10 09:43:00,545,545,550,550,0
2022-08-10 09:44:00,550,550,550,550,2000
2022-08-10 09:45:00,550,550,550,550,1000
2022-08-10 09:46:00,550,550,550,550,0
2022-08-10 09:47:00,550,550,550,550,0
2022-08-10 09:48:00,550,550,550,550,0
2022-08-10 09:49:00,550,550,550,550,0
2022-08-10 09:50:00,550,550,550,550,0
2022-08-10 09:51:00,550,550,550,550,0
2022-08-10 09:52:00,550,550,550,550,0
2022-08-10 09:53:00,550,550,550,550,0
2022-08-10 09:54:00,550,550,550,550,0
2022-08-10 09:55:00,550,550,550,550,0
2022-08-10 09:56:00,550,550,550,550,0
2022-08-10 09:57:00,550,550,550,550,0
2022-08-10 09:58:00,550,550,550,550,0
2022-08-10 09:59:00,550,550,550,550,0
2022-08-10 10:00:00,550,550,550,550,0
2022-08-10 10:01:00,550,550,550,550,0
2022-08-10 10:02:00,550,550,550,550,0
2022-08-10 10:03:00,550,550,550,550,0
2022-08-10 10:04:00,550,550,550,550,0
2022-08-10 10:05:00,550,550,550,550,0
2022-08-10 10:06:00,550,550,550,550,0
2022-08-10 10:07:00,550,550,550,550,0
2022-08-10 10:08:00,550,550,550,550,0
2022-08-10 10:09:00,550,550,550,550,0
2022-08-10 10:10:00,550,550,550,550,0
2022-08-10 10:11:00,550,550,550,550,0
2022-08-10 10:12:00,550,550,550,550,0
2022-08-10 10:13:00,550,550,550,550,0
2022-08-10 10:14:00,550,550,550,550,0
2022-08-10 10:15:00,550,550,550,550,0
2022-08-10 10:16:00,550,550,550,550,0
2022-08-10 10:17:00,545,545,545,545,7400
2022-08-10 10:18:00,550,550,550,550,0
2022-08-10 10:19:00,550,550,550,550,0
2022-08-10 10:20:00,550,550,550,550,0
2022-08-10 10:21:00,550,550,550,550,0
2022-08-10 10:22:00,550,550,550,550,0
2022-08-10 10:23:00,550,550,550,550,0
2022-08-10 10:24:00,550,550,550,550,0
2022-08-10 10:25:00,550,550,550,550,0
2022-08-10 10:26:00,550,550,550,550,0
2022-08-10 10:27:00,550,550,550,550,0
2022-08-10 10:28:00,550,550,550,550,0
2022-08-10 10:29:00,550,550,550,550,0
2022-08-10 10:30:00,550,550,550,550,0
2022-08-10 10:31:00,550,550,550,550,80000
2022-08-10 10:32:00,550,550,550,550,0
2022-08-10 10:33:00,550,550,550,550,0
2022-08-10 10:34:00,550,550,550,550,0
2022-08-10 10:35:00,550,550,550,550,0
2022-08-10 10:36:00,550,550,550,550,0
2022-08-10 10:37:00,550,550,550,550,0
2022-08-10 10:38:00,550,550,550,550,0
2022-08-10 10:39:00,550,550,550,550,0
2022-08-10 10:40:00,550,550,550,550,0
2022-08-10 10:41:00,550,550,550,550,0
2022-08-10 10:42:00,550,550,550,550,0
2022-08-10 10:43:00,550,550,550,550,0
2022-08-10 10:44:00,550,550,550,550,0
2022-08-10 10:45:00,550,550,550,550,0
2022-08-10 10:46:00,550,550,550,550,0
2022-08-10 10:47:00,550,550,550,550,0
2022-08-10 10:48:00,550,550,550,550,0
2022-08-10 10:49:00,550,550,550,550,0
2022-08-10 10:50:00,550,550,550,550,0
2022-08-10 10:51:00,550,550,550,550,0
2022-08-10 10:52:00,550,550,550,550,0
2022-08-10 10:53:00,550,550,550,550,0
2022-08-10 10:54:00,550,550,550,550,0
2022-08-10 10:55:00,550,550,550,550,0
2022-08-10 10:56:00,550,550,550,550,0
2022-08-10 10:57:00,550,550,550,550,0
2022-08-10 10:58:00,550,550,550,550,0
2022-08-10 10:59:00,550,550,550,550,0
2022-08-10 11:00:00,550,550,550,550,0
2022-08-10 11:01:00,550,550,550,550,0
2022-08-10 11:02:00,550,550,550,550,0
2022-08-10 11:03:00,550,550,550,550,0
2022-08-10 11:04:00,550,550,550,550,0
2022-08-10 11:05:00,550,550,550,550,0
2022-08-10 11:06:00,550,550,550,550,0
2022-08-10 11:07:00,550,550,550,550,0
2022-08-10 11:08:00,550,550,550,550,0
2022-08-10 11:09:00,550,550,550,550,0
2022-08-10 11:10:00,550,550,550,550,0
2022-08-10 11:11:00,550,550,550,550,0
2022-08-10 11:12:00,550,550,550,550,0
2022-08-10 11:13:00,550,550,550,550,0
2022-08-10 11:14:00,550,550,550,550,0
2022-08-10 11:15:00,550,550,550,550,0
2022-08-10 11:16:00,550,550,550,550,0
2022-08-10 11:17:00,550,550,550,550,0
2022-08-10 11:18:00,550,550,550,550,200
2022-08-10 11:19:00,550,550,550,550,0
2022-08-10 11:20:00,545,545,550,550,6100
2022-08-10 11:21:00,545,545,550,550,0
2022-08-10 11:22:00,545,545,550,550,0
2022-08-10 11:23:00,545,545,550,550,0
2022-08-10 11:24:00,545,545,550,550,0
2022-08-10 11:25:00,545,545,550,550,0
2022-08-10 11:26:00,545,545,550,550,0
2022-08-10 11:27:00,545,545,550,550,0
2022-08-10 11:28:00,545,545,550,550,0
2022-08-10 11:29:00,550,550,550,550,200
2022-08-10 11:30:00,550,550,550,550,0
2022-08-10 11:31:00,550,550,550,550,0
2022-08-10 11:32:00,550,550,550,550,0
2022-08-10 11:33:00,550,550,550,550,0
2022-08-10 11:34:00,550,550,550,550,0
2022-08-10 11:35:00,550,550,550,550,0
2022-08-10 11:36:00,550,550,550,550,0
2022-08-10 11:37:00,550,550,550,550,0
2022-08-10 11:38:00,550,550,550,550,0
2022-08-10 11:39:00,550,550,550,550,0
2022-08-10 11:40:00,550,550,550,550,0
2022-08-10 11:41:00,550,550,550,550,0
2022-08-10 11:42:00,550,550,550,550,0
2022-08-10 11:43:00,550,550,550,550,0
2022-08-10 11:44:00,550,550,550,550,0
2022-08-10 11:45:00,550,550,550,550,0
2022-08-10 11:46:00,550,550,550,550,0
2022-08-10 11:47:00,550,550,550,550,0
2022-08-10 11:48:00,550,550,550,550,0
2022-08-10 11:49:00,550,550,550,550,0
2022-08-10 11:50:00,550,550,550,550,0
2022-08-10 11:51:00,550,550,550,550,0
2022-08-10 11:52:00,550,550,550,550,0
2022-08-10 11:53:00,550,550,550,550,0
2022-08-10 11:54:00,550,550,550,550,0
2022-08-10 11:55:00,550,550,550,550,0
2022-08-10 11:56:00,550,550,550,550,0
2022-08-10 11:57:00,550,550,550,550,0
2022-08-10 11:58:00,550,550,550,550,0
2022-08-10 11:59:00,550,550,550,550,0
2022-08-10 12:00:00,550,550,550,550,0
2022-08-10 12:01:00,550,550,550,550,0
2022-08-10 12:02:00,550,550,550,550,0
2022-08-10 12:03:00,550,550,550,550,0
2022-08-10 12:04:00,550,550,550,550,0
2022-08-10 12:05:00,550,550,550,550,0
2022-08-10 12:06:00,550,550,550,550,0
2022-08-10 12:07:00,550,550,550,550,0
2022-08-10 12:08:00,550,550,550,550,0
2022-08-10 12:09:00,550,550,550,550,0
2022-08-10 12:10:00,550,550,550,550,0
2022-08-10 12:11:00,550,550,550,550,0
2022-08-10 12:12:00,550,550,550,550,0
2022-08-10 12:13:00,550,550,550,550,0
2022-08-10 12:14:00,550,550,550,550,0
2022-08-10 12:15:00,550,550,550,550,0
2022-08-10 12:16:00,550,550,550,550,0
2022-08-10 12:17:00,550,550,550,550,0
2022-08-10 12:18:00,550,550,550,550,0
2022-08-10 12:19:00,550,550,550,550,0
2022-08-10 12:20:00,550,550,550,550,0
2022-08-10 12:21:00,550,550,550,550,0
2022-08-10 12:22:00,550,550,550,550,0
2022-08-10 12:23:00,550,550,550,550,0
2022-08-10 12:24:00,550,550,550,550,0
2022-08-10 12:25:00,550,550,550,550,0
2022-08-10 12:26:00,550,550,550,550,0
2022-08-10 12:27:00,550,550,550,550,0
2022-08-10 12:28:00,550,550,550,550,0
2022-08-10 12:29:00,550,550,550,550,0
2022-08-10 12:30:00,550,550,550,550,0
2022-08-10 12:31:00,550,550,550,550,0
2022-08-10 12:32:00,550,550,550,550,0
2022-08-10 12:33:00,550,550,550,550,0
2022-08-10 12:34:00,550,550,550,550,0
2022-08-10 12:35:00,550,550,550,550,0
2022-08-10 12:36:00,550,550,550,550,0
2022-08-10 12:37:00,550,550,550,550,0
2022-08-10 12:38:00,550,550,550,550,0
2022-08-10 12:39:00,550,550,550,550,0
2022-08-10 12:40:00,550,550,550,550,0
2022-08-10 12:41:00,550,550,550,550,0
2022-08-10 12:42:00,550,550,550,550,0
2022-08-10 12:43:00,550,550,550,550,0
2022-08-10 12:44:00,550,550,550,550,0
2022-08-10 12:45:00,550,550,550,550,0
2022-08-10 12:46:00,550,550,550,550,0
2022-08-10 12:47:00,550,550,550,550,0
2022-08-10 12:48:00,550,550,550,550,0
2022-08-10 12:49:00,550,550,550,550,0
2022-08-10 12:50:00,550,550,550,550,0
2022-08-10 12:51:00,550,550,550,550,0
2022-08-10 12:52:00,550,550,550,550,0
2022-08-10 12:53:00,550,550,550,550,0
2022-08-10 12:54:00,550,550,550,550,0
2022-08-10 12:55:00,550,550,550,550,0
2022-08-10 12:56:00,550,550,550,550,0
2022-08-10 12:57:00,550,550,550,550,0
2022-08-10 12:58:00,550,550,550,550,0
2022-08-10 12:59:00,550,550,550,550,0
2022-08-10 13:00:00,550,550,550,550,0
2022-08-10 13:01:00,550,550,550,550,0
2022-08-10 13:02:00,550,550,550,550,0
2022-08-10 13:03:00,550,550,550,550,0
2022-08-10 13:04:00,550,550,550,550,0
2022-08-10 13:05:00,550,550,550,550,0
2022-08-10 13:06:00,550,550,550,550,0
2022-08-10 13:07:00,550,550,550,550,0
2022-08-10 13:08:00,550,550,550,550,0
2022-08-10 13:09:00,550,550,550,550,0
2022-08-10 13:10:00,550,550,550,550,0
2022-08-10 13:11:00,550,550,550,550,0
2022-08-10 13:12:00,550,550,550,550,0
2022-08-10 13:13:00,550,550,550,550,0
2022-08-10 13:14:00,550,550,550,550,0
2022-08-10 13:15:00,550,550,550,550,0
2022-08-10 13:16:00,550,550,550,550,0
2022-08-10 13:17:00,550,550,550,550,0
2022-08-10 13:18:00,550,550,550,550,0
2022-08-10 13:19:00,550,550,550,550,0
2022-08-10 13:20:00,550,550,550,550,0
2022-08-10 13:21:00,550,550,550,550,0
2022-08-10 13:22:00,550,550,550,550,0
2022-08-10 13:23:00,550,550,550,550,0
2022-08-10 13:24:00,550,550,550,550,0
2022-08-10 13:25:00,550,550,550,550,0
2022-08-10 13:26:00,550,550,550,550,0
2022-08-10 13:27:00,550,550,550,550,0
2022-08-10 13:28:00,550,550,550,550,0
2022-08-10 13:29:00,550,550,550,550,0
2022-08-10 13:30:00,550,550,550,550,0
2022-08-10 13:31:00,550,550,550,550,40000
2022-08-10 13:32:00,550,550,550,550,0
2022-08-10 13:33:00,550,550,550,550,0
2022-08-10 13:34:00,550,550,550,550,0
2022-08-10 13:35:00,550,550,550,550,0
2022-08-10 13:36:00,550,550,550,550,0
2022-08-10 13:37:00,550,550,550,550,0
2022-08-10 13:38:00,550,550,550,550,0
2022-08-10 13:39:00,550,550,550,550,0
2022-08-10 13:40:00,550,550,550,550,0
2022-08-10 13:41:00,550,550,550,550,0
2022-08-10 13:42:00,550,550,550,550,0
2022-08-10 13:43:00,550,550,550,550,0
2022-08-10 13:44:00,550,550,550,550,0
2022-08-10 13:45:00,550,550,550,550,0
2022-08-10 13:46:00,550,550,550,550,0
2022-08-10 13:47:00,550,550,550,550,0
2022-08-10 13:48:00,550,550,550,550,0
2022-08-10 13:49:00,550,550,550,550,0
2022-08-10 13:50:00,550,550,550,550,0
2022-08-10 13:51:00,550,550,550,550,0
2022-08-10 13:52:00,550,550,550,550,0
2022-08-10 13:53:00,550,550,550,550,0
2022-08-10 13:54:00,550,550,550,550,0
2022-08-10 13:55:00,550,550,550,550,0
2022-08-10 13:56:00,550,550,550,550,0
2022-08-10 13:57:00,550,550,550,550,0
2022-08-10 13:58:00,550,550,550,550,0
2022-08-10 13:59:00,550,550,550,550,0
2022-08-10 14:00:00,550,550,550,550,0
2022-08-10 14:01:00,550,550,550,550,0
2022-08-10 14:02:00,550,550,550,550,0
2022-08-10 14:03:00,550,550,550,550,200
2022-08-10 14:04:00,550,550,550,550,0
2022-08-10 14:05:00,550,550,550,550,0
2022-08-10 14:06:00,550,550,550,550,0
2022-08-10 14:07:00,550,550,550,550,0
2022-08-10 14:08:00,550,550,550,550,400
2022-08-10 14:09:00,550,550,550,550,0
2022-08-10 14:10:00,550,550,550,550,0
2022-08-10 14:11:00,550,550,550,550,0
2022-08-10 14:12:00,550,550,550,550,0
2022-08-10 14:13:00,550,550,550,550,0
2022-08-10 14:14:00,550,550,550,550,0
2022-08-10 14:15:00,550,550,550,550,0
2022-08-10 14:16:00,550,550,550,550,0
2022-08-10 14:17:00,550,550,550,550,0
2022-08-10 14:18:00,550,550,550,550,0
2022-08-10 14:19:00,550,550,550,550,0
2022-08-10 14:20:00,550,550,550,550,0
2022-08-10 14:21:00,550,550,550,550,0
2022-08-10 14:22:00,550,550,550,550,0
2022-08-10 14:23:00,550,550,550,550,0
2022-08-10 14:24:00,550,550,550,550,0
2022-08-10 14:25:00,550,550,550,550,0
2022-08-10 14:26:00,550,550,550,550,0
2022-08-10 14:27:00,550,550,550,550,0
2022-08-10 14:28:00,550,550,550,550,0
2022-08-10 14:29:00,550,550,550,550,0
2022-08-10 14:30:00,550,550,550,550,0
2022-08-10 14:31:00,550,550,550,550,0
2022-08-10 14:32:00,550,550,550,550,0
2022-08-10 14:33:00,550,550,550,550,0
2022-08-10 14:34:00,550,550,550,550,0
2022-08-10 14:35:00,550,550,550,550,0
2022-08-10 14:36:00,550,550,550,550,0
2022-08-10 14:37:00,545,545,545,545,200
2022-08-10 14:38:00,550,550,550,550,600
2022-08-10 14:39:00,550,550,550,550,0
2022-08-10 14:40:00,550,550,550,550,0
2022-08-10 14:41:00,550,550,550,550,0
2022-08-10 14:42:00,550,550,550,550,400
2022-08-10 14:43:00,550,550,550,550,0
2022-08-10 14:44:00,550,550,550,550,100
2022-08-10 14:45:00,550,550,550,550,0
2022-08-10 14:46:00,550,550,550,550,0
2022-08-10 14:47:00,550,550,550,550,400
2022-08-10 14:48:00,550,550,550,550,600
2022-08-10 14:49:00,550,550,550,550,300
2022-08-10 14:50:00,550,550,550,550,0
2022-08-10 14:51:00,550,550,550,550,0
2022-08-10 14:52:00,550,550,550,550,0
2022-08-10 14:53:00,550,550,550,550,0
2022-08-10 14:54:00,550,550,550,550,0
2022-08-10 14:55:00,550,550,550,550,0
2022-08-10 14:56:00,550,550,550,550,0
2022-08-10 14:57:00,550,550,550,550,0
2022-08-10 14:58:00,550,550,550,550,0
2022-08-10 14:59:00,550,550,550,550,0
2022-08-10 15:00:00,550,550,550,550,110000
2022-08-10 15:01:00,550,550,550,550,200
2022-08-10 15:02:00,550,550,550,550,0
2022-08-10 15:03:00,550,550,550,550,0
2022-08-10 15:04:00,550,550,550,550,0
2022-08-10 15:05:00,550,550,550,550,0
2022-08-10 15:06:00,550,550,550,550,0
2022-08-10 15:07:00,550,550,550,550,0
2022-08-10 15:08:00,550,550,550,550,300500
2022-08-10 15:09:00,550,550,550,550,0
2022-08-10 15:10:00,550,550,550,550,0
2022-08-10 15:11:00,550,550,550,550,0
2022-08-10 15:12:00,550,550,550,550,0
2022-08-10 15:13:00,550,550,550,550,0
2022-08-10 15:14:00,550,550,550,550,0
2022-08-10 15:15:00,550,550,550,550,0
2022-08-10 15:16:00,550,550,550,550,0
2022-08-10 15:17:00,550,550,550,550,0
2022-08-10 15:18:00,550,550,550,550,0
2022-08-10 15:19:00,550,550,550,550,0
2022-08-10 15:20:00,550,550,550,550,0
2022-08-10 15:21:00,550,550,550,550,0
2022-08-10 15:22:00,550,550,550,550,0
2022-08-10 15:23:00,550,550,550,550,0
2022-08-10 15:24:00,550,550,550,550,0
2022-08-10 15:25:00,550,550,550,550,0
2022-08-10 15:26:00,550,550,550,550,0
2022-08-10 15:27:00,550,550,550,550,0
2022-08-10 15:28:00,550,550,550,550,0
2022-08-10 15:29:00,550,550,550,550,0
2022-08-10 15:30:00,550,550,550,550,0
2022-08-10 15:31:00,550,550,550,550,0
2022-08-10 15:32:00,550,550,550,550,0
2022-08-10 15:33:00,550,550,550,550,0
2022-08-10 15:34:00,550,550,550,550,0
2022-08-10 15:35:00,550,550,550,550,0
2022-08-10 15:36:00,550,550,550,550,0
2022-08-10 15:37:00,550,550,550,550,0
2022-08-10 15:38:00,550,550,550,550,0
2022-08-10 15:39:00,550,550,550,550,0
2022-08-10 15:40:00,550,550,550,550,0
2022-08-10 15:41:00,550,550,550,550,0
2022-08-10 15:42:00,550,550,550,550,0
2022-08-10 15:43:00,550,550,550,550,0
2022-08-10 15:44:00,550,550,550,550,0
2022-08-10 15:45:00,550,550,550,550,0
2022-08-10 15:46:00,550,550,550,550,0
2022-08-10 15:47:00,550,550,550,550,0
2022-08-10 15:48:00,550,550,550,550,0
2022-08-10 15:49:00,550,550,550,550,0
2022-08-10 15:50:00,550,550,550,550,0
2022-08-10 15:51:00,550,550,550,550,0
2022-08-10 15:52:00,550,550,550,550,0
2022-08-10 15:53:00,550,550,550,550,0
2022-08-10 15:54:00,550,550,550,550,0
2022-08-10 15:55:00,550,550,550,550,0
2022-08-10 15:56:00,550,550,550,550,0
2022-08-10 15:57:00,550,550,550,550,0
2022-08-10 15:58:00,550,550,550,550,0
2022-08-10 15:59:00,550,550,550,550,0
2022-08-11 09:00:00,550,550,550,550,0
2022-08-11 09:01:00,550,550,550,550,0
2022-08-11 09:02:00,550,550,550,550,0
2022-08-11 09:03:00,550,550,550,550,0
2022-08-11 09:04:00,550,550,550,550,0
2022-08-11 09:05:00,550,550,550,550,0
2022-08-11 09:06:00,550,550,550,550,0
2022-08-11 09:07:00,550,550,550,550,0
2022-08-11 09:08:00,550,550,550,550,0
2022-08-11 09:09:00,550,550,550,550,0
2022-08-11 09:10:00,550,550,550,550,0
2022-08-11 09:11:00,550,550,550,550,0
2022-08-11 09:12:00,550,550,550,550,0
2022-08-11 09:13:00,550,550,550,550,0
2022-08-11 09:14:00,550,550,550,550,0
2022-08-11 09:15:00,550,550,550,550,0
2022-08-11 09:16:00,550,550,550,550,0
2022-08-11 09:17:00,550,550,550,550,0
2022-08-11 09:18:00,550,550,550,550,0
2022-08-11 09:19:00,550,550,550,550,0
2022-08-11 09:20:00,550,550,550,550,0
2022-08-11 09:21:00,550,550,550,550,0
2022-08-11 09:22:00,550,550,550,550,0
2022-08-11 09:23:00,550,550,550,550,0
2022-08-11 09:24:00,550,550,550,550,0
2022-08-11 09:25:00,550,550,550,550,0
2022-08-11 09:26:00,550,550,550,550,0
2022-08-11 09:27:00,550,550,550,550,0
2022-08-11 09:28:00,550,550,550,550,1000
2022-08-11 09:29:00,550,550,550,550,0
2022-08-11 09:30:00,550,550,550,550,0
2022-08-11 09:31:00,550,550,550,550,0
2022-08-11 09:32:00,550,550,550,550,0
2022-08-11 09:33:00,550,550,550,550,0
2022-08-11 09:34:00,550,550,550,550,0
2022-08-11 09:35:00,550,550,550,550,0
2022-08-11 09:36:00,550,550,550,550,0
2022-08-11 09:37:00,550,550,550,550,0
2022-08-11 09:38:00,550,550,550,550,0
2022-08-11 09:39:00,550,550,550,550,0
2022-08-11 09:40:00,550,550,550,550,0
2022-08-11 09:41:00,550,550,550,550,0
2022-08-11 09:42:00,550,550,550,550,0
2022-08-11 09:43:00,550,550,550,550,0
2022-08-11 09:44:00,550,550,550,550,0
2022-08-11 09:45:00,550,550,550,550,0
2022-08-11 09:46:00,550,550,550,550,0
2022-08-11 09:47:00,550,550,550,550,0
2022-08-11 09:48:00,550,550,550,550,0
2022-08-11 09:49:00,550,550,550,550,0
2022-08-11 09:50:00,550,550,550,550,0
2022-08-11 09:51:00,545,545,545,545,12600
2022-08-11 09:52:00,550,550,550,550,0
2022-08-11 09:53:00,550,550,550,550,0
2022-08-11 09:54:00,550,550,550,550,0
2022-08-11 09:55:00,550,550,550,550,0
2022-08-11 09:56:00,550,550,550,550,0
2022-08-11 09:57:00,550,550,550,550,0
2022-08-11 09:58:00,550,550,550,550,0
2022-08-11 09:59:00,550,550,550,550,0
2022-08-11 10:00:00,550,550,550,550,0
2022-08-11 10:01:00,550,550,550,550,0
2022-08-11 10:02:00,550,550,550,550,0
2022-08-11 10:03:00,550,550,550,550,0
2022-08-11 10:04:00,550,550,550,550,0
2022-08-11 10:05:00,550,550,550,550,0
2022-08-11 10:06:00,550,550,550,550,0
2022-08-11 10:07:00,550,550,550,550,0
2022-08-11 10:08:00,550,550,550,550,0
2022-08-11 10:09:00,550,550,550,550,0
2022-08-11 10:10:00,550,550,550,550,0
2022-08-11 10:11:00,550,550,550,550,0
2022-08-11 10:12:00,550,550,550,550,0
2022-08-11 10:13:00,550,550,550,550,0
2022-08-11 10:14:00,550,550,550,550,0
2022-08-11 10:15:00,550,550,550,550,0
2022-08-11 10:16:00,550,550,550,550,0
2022-08-11 10:17:00,550,550,550,550,0
2022-08-11 10:18:00,550,550,550,550,0
2022-08-11 10:19:00,550,550,550,550,0
2022-08-11 10:20:00,550,550,550,550,0
2022-08-11 10:21:00,550,550,550,550,0
2022-08-11 10:22:00,550,550,550,550,0
2022-08-11 10:23:00,550,550,550,550,0
2022-08-11 10:24:00,550,550,550,550,0
2022-08-11 10:25:00,550,550,550,550,0
2022-08-11 10:26:00,550,550,550,550,0
2022-08-11 10:27:00,550,550,550,550,0
2022-08-11 10:28:00,550,550,550,550,50000
2022-08-11 10:29:00,550,550,550,550,0
2022-08-11 10:30:00,550,550,550,550,0
2022-08-11 10:31:00,550,550,550,550,0
2022-08-11 10:32:00,550,550,550,550,0
2022-08-11 10:33:00,550,550,550,550,0
2022-08-11 10:34:00,550,550,550,550,0
2022-08-11 10:35:00,550,550,550,550,0
2022-08-11 10:36:00,550,550,550,550,0
2022-08-11 10:37:00,550,550,550,550,0
2022-08-11 10:38:00,550,550,550,550,0
2022-08-11 10:39:00,550,550,550,550,0
2022-08-11 10:40:00,550,550,550,550,0
2022-08-11 10:41:00,550,550,550,550,0
2022-08-11 10:42:00,550,550,550,550,0
2022-08-11 10:43:00,550,550,550,550,0
2022-08-11 10:44:00,550,550,550,550,0
2022-08-11 10:45:00,550,550,550,550,0
2022-08-11 10:46:00,550,550,550,550,0
2022-08-11 10:47:00,550,550,550,550,0
2022-08-11 10:48:00,550,550,550,550,0
2022-08-11 10:49:00,550,550,550,550,0
2022-08-11 10:50:00,550,550,550,550,0
2022-08-11 10:51:00,550,550,550,550,0
2022-08-11 10:52:00,550,550,550,550,0
2022-08-11 10:53:00,550,550,550,550,0
2022-08-11 10:54:00,550,550,550,550,0
2022-08-11 10:55:00,550,550,550,550,0
2022-08-11 10:56:00,550,550,550,550,0
2022-08-11 10:57:00,550,550,550,550,0
2022-08-11 10:58:00,550,550,550,550,0
2022-08-11 10:59:00,550,550,550,550,0
2022-08-11 11:00:00,550,550,550,550,0
2022-08-11 11:01:00,550,550,550,550,0
2022-08-11 11:02:00,550,550,550,550,0
2022-08-11 11:03:00,550,550,550,550,0
2022-08-11 11:04:00,550,550,550,550,0
2022-08-11 11:05:00,550,550,550,550,300
2022-08-11 11:06:00,550,550,550,550,0
2022-08-11 11:07:00,550,550,550,550,0
2022-08-11 11:08:00,550,550,550,550,0
2022-08-11 11:09:00,550,550,550,550,0
2022-08-11 11:10:00,550,550,550,550,0
2022-08-11 11:11:00,550,550,550,550,0
2022-08-11 11:12:00,550,550,550,550,0
2022-08-11 11:13:00,550,550,550,550,0
2022-08-11 11:14:00,550,550,550,550,0
2022-08-11 11:15:00,550,550,550,550,0
2022-08-11 11:16:00,550,550,550,550,0
2022-08-11 11:17:00,550,550,550,550,0
2022-08-11 11:18:00,550,550,550,550,0
2022-08-11 11:19:00,550,550,550,550,0
2022-08-11 11:20:00,550,550,550,550,0
2022-08-11 11:21:00,550,550,550,550,200
2022-08-11 11:22:00,550,550,550,550,0
2022-08-11 11:23:00,550,550,550,550,0
2022-08-11 11:24:00,550,550,550,550,0
2022-08-11 11:25:00,550,550,550,550,0
2022-08-11 11:26:00,550,550,550,550,0
2022-08-11 11:27:00,550,550,550,550,0
2022-08-11 11:28:00,550,550,550,550,0
2022-08-11 11:29:00,550,550,550,550,200
2022-08-11 11:30:00,550,550,550,550,0
2022-08-11 11:31:00,550,550,550,550,0
2022-08-11 11:32:00,550,550,550,550,0
2022-08-11 11:33:00,550,550,550,550,0
2022-08-11 11:34:00,550,550,550,550,0
2022-08-11 11:35:00,550,550,550,550,0
2022-08-11 11:36:00,550,550,550,550,0
2022-08-11 11:37:00,550,550,550,550,0
2022-08-11 11:38:00,550,550,550,550,0
2022-08-11 11:39:00,550,550,550,550,0
2022-08-11 11:40:00,550,550,550,550,0
2022-08-11 11:41:00,550,550,550,550,0
2022-08-11 11:42:00,550,550,550,550,0
2022-08-11 11:43:00,550,550,550,550,0
2022-08-11 11:44:00,550,550,550,550,0
2022-08-11 11:45:00,550,550,550,550,0
2022-08-11 11:46:00,550,550,550,550,0
2022-08-11 11:47:00,550,550,550,550,0
2022-08-11 11:48:00,550,550,550,550,0
2022-08-11 11:49:00,550,550,550,550,0
2022-08-11 11:50:00,550,550,550,550,0
2022-08-11 11:51:00,550,550,550,550,0
2022-08-11 11:52:00,550,550,550,550,0
2022-08-11 11:53:00,550,550,550,550,0
2022-08-11 11:54:00,550,550,550,550,0
2022-08-11 11:55:00,550,550,550,550,0
2022-08-11 11:56:00,550,550,550,550,0
2022-08-11 11:57:00,550,550,550,550,0
2022-08-11 11:58:00,550,550,550,550,0
2022-08-11 11:59:00,550,550,550,550,0
2022-08-11 12:00:00,550,550,550,550,0
2022-08-11 12:01:00,550,550,550,550,0
2022-08-11 12:02:00,550,550,550,550,0
2022-08-11 12:03:00,550,550,550,550,0
2022-08-11 12:04:00,550,550,550,550,0
2022-08-11 12:05:00,550,550,550,550,0
2022-08-11 12:06:00,550,550,550,550,0
2022-08-11 12:07:00,550,550,550,550,0
2022-08-11 12:08:00,550,550,550,550,0
2022-08-11 12:09:00,550,550,550,550,0
2022-08-11 12:10:00,550,550,550,550,0
2022-08-11 12:11:00,550,550,550,550,0
2022-08-11 12:12:00,550,550,550,550,0
2022-08-11 12:13:00,550,550,550,550,0
2022-08-11 12:14:00,550,550,550,550,0
2022-08-11 12:15:00,550,550,550,550,0
2022-08-11 12:16:00,550,550,550,550,0
2022-08-11 12:17:00,550,550,550,550,0
2022-08-11 12:18:00,550,550,550,550,0
2022-08-11 12:19:00,550,550,550,550,0
2022-08-11 12:20:00,550,550,550,550,0
2022-08-11 12:21:00,550,550,550,550,0
2022-08-11 12:22:00,550,550,550,550,0
2022-08-11 12:23:00,550,550,550,550,0
2022-08-11 12:24:00,550,550,550,550,0
2022-08-11 12:25:00,550,550,550,550,0
2022-08-11 12:26:00,550,550,550,550,0
2022-08-11 12:27:00,550,550,550,550,0
2022-08-11 12:28:00,550,550,550,550,0
2022-08-11 12:29:00,550,550,550,550,0
2022-08-11 12:30:00,550,550,550,550,0
2022-08-11 12:31:00,550,550,550,550,0
2022-08-11 12:32:00,550,550,550,550,0
2022-08-11 12:33:00,550,550,550,550,0
2022-08-11 12:34:00,550,550,550,550,0
2022-08-11 12:35:00,550,550,550,550,0
2022-08-11 12:36:00,550,550,550,550,0
2022-08-11 12:37:00,550,550,550,550,0
2022-08-11 12:38:00,550,550,550,550,0
2022-08-11 12:39:00,550,550,550,550,0
2022-08-11 12:40:00,550,550,550,550,0
2022-08-11 12:41:00,550,550,550,550,0
2022-08-11 12:42:00,550,550,550,550,0
2022-08-11 12:43:00,550,550,550,550,0
2022-08-11 12:44:00,550,550,550,550,0
2022-08-11 12:45:00,550,550,550,550,0
2022-08-11 12:46:00,550,550,550,550,0
2022-08-11 12:47:00,550,550,550,550,0
2022-08-11 12:48:00,550,550,550,550,0
2022-08-11 12:49:00,550,550,550,550,0
2022-08-11 12:50:00,550,550,550,550,0
2022-08-11 12:51:00,550,550,550,550,0
2022-08-11 12:52:00,550,550,550,550,0
2022-08-11 12:53:00,550,550,550,550,0
2022-08-11 12:54:00,550,550,550,550,0
2022-08-11 12:55:00,550,550,550,550,0
2022-08-11 12:56:00,550,550,550,550,0
2022-08-11 12:57:00,550,550,550,550,0
2022-08-11 12:58:00,550,550,550,550,0
2022-08-11 12:59:00,550,550,550,550,0
2022-08-11 13:00:00,550,550,550,550,0
2022-08-11 13:01:00,550,550,550,550,0
2022-08-11 13:02:00,550,550,550,550,0
2022-08-11 13:03:00,550,550,550,550,0
2022-08-11 13:04:00,550,550,550,550,0
2022-08-11 13:05:00,550,550,550,550,0
2022-08-11 13:06:00,550,550,550,550,0
2022-08-11 13:07:00,550,550,550,550,0
2022-08-11 13:08:00,550,550,550,550,0
2022-08-11 13:09:00,550,550,550,550,0
2022-08-11 13:10:00,550,550,550,550,0
2022-08-11 13:11:00,550,550,550,550,0
2022-08-11 13:12:00,550,550,550,550,0
2022-08-11 13:13:00,550,550,550,550,0
2022-08-11 13:14:00,550,550,550,550,0
2022-08-11 13:15:00,550,550,550,550,0
2022-08-11 13:16:00,550,550,550,550,0
2022-08-11 13:17:00,550,550,550,550,0
2022-08-11 13:18:00,550,550,550,550,0
2022-08-11 13:19:00,550,550,550,550,0
2022-08-11 13:20:00,550,550,550,550,0
2022-08-11 13:21:00,550,550,550,550,0
2022-08-11 13:22:00,550,550,550,550,0
2022-08-11 13:23:00,550,550,550,550,0
2022-08-11 13:24:00,550,550,550,550,0
2022-08-11 13:25:00,550,550,550,550,0
2022-08-11 13:26:00,550,550,550,550,0
2022-08-11 13:27:00,550,550,550,550,0
2022-08-11 13:28:00,550,550,550,550,0
2022-08-11 13:29:00,550,550,550,550,0
2022-08-11 13:30:00,550,550,550,550,0
2022-08-11 13:31:00,550,550,550,550,0
2022-08-11 13:32:00,550,550,550,550,0
2022-08-11 13:33:00,550,550,550,550,0
2022-08-11 13:34:00,550,550,550,550,0
2022-08-11 13:35:00,550,550,550,550,0
2022-08-11 13:36:00,550,550,550,550,0
2022-08-11 13:37:00,550,550,550,550,0
2022-08-11 13:38:00,550,550,550,550,0
2022-08-11 13:39:00,550,550,550,550,0
2022-08-11 13:40:00,550,550,550,550,0
2022-08-11 13:41:00,550,550,550,550,0
2022-08-11 13:42:00,550,550,550,550,0
2022-08-11 13:43:00,550,550,550,550,0
2022-08-11 13:44:00,550,550,550,550,0
2022-08-11 13:45:00,550,550,550,550,0
2022-08-11 13:46:00,550,550,550,550,0
2022-08-11 13:47:00,550,550,550,550,0
2022-08-11 13:48:00,550,550,550,550,0
2022-08-11 13:49:00,550,550,550,550,0
2022-08-11 13:50:00,550,550,550,550,0
2022-08-11 13:51:00,550,550,550,550,0
2022-08-11 13:52:00,550,550,550,550,0
2022-08-11 13:53:00,550,550,550,550,0
2022-08-11 13:54:00,550,550,550,550,0
2022-08-11 13:55:00,550,550,550,550,0
2022-08-11 13:56:00,550,550,550,550,0
2022-08-11 13:57:00,550,550,550,550,0
2022-08-11 13:58:00,550,550,550,550,0
2022-08-11 13:59:00,550,550,550,550,0
2022-08-11 14:00:00,550,550,550,550,0
2022-08-11 14:01:00,550,550,550,550,0
2022-08-11 14:02:00,550,550,550,550,0
2022-08-11 14:03:00,550,550,550,550,0
2022-08-11 14:04:00,550,550,550,550,0
2022-08-11 14:05:00,550,550,550,550,0
2022-08-11 14:06:00,550,550,550,550,0
2022-08-11 14:07:00,550,550,550,550,0
2022-08-11 14:08:00,550,550,550,550,0
2022-08-11 14:09:00,550,550,550,550,0
2022-08-11 14:10:00,550,550,550,550,0
2022-08-11 14:11:00,550,550,550,550,0
2022-08-11 14:12:00,550,550,550,550,0
2022-08-11 14:13:00,550,550,550,550,0
2022-08-11 14:14:00,550,550,550,550,0
2022-08-11 14:15:00,550,550,550,550,0
2022-08-11 14:16:00,550,550,550,550,0
2022-08-11 14:17:00,550,550,550,550,0
2022-08-11 14:18:00,550,550,550,550,0
2022-08-11 14:19:00,550,550,550,550,0
2022-08-11 14:20:00,550,550,550,550,0
2022-08-11 14:21:00,550,550,550,550,0
2022-08-11 14:22:00,550,550,550,550,0
2022-08-11 14:23:00,550,550,550,550,0
2022-08-11 14:24:00,550,550,550,550,0
2022-08-11 14:25:00,550,550,550,550,0
2022-08-11 14:26:00,550,550,550,550,0
2022-08-11 14:27:00,550,550,550,550,0
2022-08-11 14:28:00,550,550,550,550,0
2022-08-11 14:29:00,550,550,550,550,0
2022-08-11 14:30:00,550,550,550,550,0
2022-08-11 14:31:00,550,550,550,550,0
2022-08-11 14:32:00,550,550,550,550,0
2022-08-11 14:33:00,550,550,550,550,59500
2022-08-11 14:34:00,550,550,550,550,0
2022-08-11 14:35:00,550,550,550,550,0
2022-08-11 14:36:00,550,550,550,550,0
2022-08-11 14:37:00,550,550,550,550,0
2022-08-11 14:38:00,550,550,550,550,0
2022-08-11 14:39:00,550,550,550,550,600
2022-08-11 14:40:00,550,550,550,550,0
2022-08-11 14:41:00,550,550,550,550,100
2022-08-11 14:42:00,550,550,550,550,0
2022-08-11 14:43:00,550,550,550,550,0
2022-08-11 14:44:00,550,550,550,550,0
2022-08-11 14:45:00,550,550,550,550,0
2022-08-11 14:46:00,550,550,550,550,0
2022-08-11 14:47:00,550,550,550,550,800
2022-08-11 14:48:00,550,550,550,550,0
2022-08-11 14:49:00,550,550,550,550,500
2022-08-11 14:50:00,550,550,550,550,0
2022-08-11 14:51:00,550,550,550,550,0
2022-08-11 14:52:00,550,550,550,550,0
2022-08-11 14:53:00,550,550,550,550,0
2022-08-11 14:54:00,550,550,550,550,0
2022-08-11 14:55:00,550,550,550,550,0
2022-08-11 14:56:00,550,550,550,550,0
2022-08-11 14:57:00,550,550,550,550,0
2022-08-11 14:58:00,550,550,550,550,0
2022-08-11 14:59:00,550,550,550,550,0
2022-08-11 15:00:00,550,550,550,550,90200
2022-08-11 15:01:00,550,550,550,550,0
2022-08-11 15:02:00,550,550,550,550,1000
2022-08-11 15:03:00,550,550,550,550,0
2022-08-11 15:04:00,550,550,550,550,0
2022-08-11 15:05:00,550,550,550,550,2000
2022-08-11 15:06:00,550,550,550,550,0
2022-08-11 15:07:00,550,550,550,550,0
2022-08-11 15:08:00,550,550,550,550,154600
2022-08-11 15:09:00,550,550,550,550,0
2022-08-11 15:10:00,550,550,550,550,0
2022-08-11 15:11:00,550,550,550,550,0
2022-08-11 15:12:00,550,550,550,550,0
2022-08-11 15:13:00,550,550,550,550,0
2022-08-11 15:14:00,550,550,550,550,0
2022-08-11 15:15:00,550,550,550,550,0
2022-08-11 15:16:00,550,550,550,550,0
2022-08-11 15:17:00,550,550,550,550,0
2022-08-11 15:18:00,550,550,550,550,0
2022-08-11 15:19:00,550,550,550,550,0
2022-08-11 15:20:00,550,550,550,550,0
2022-08-11 15:21:00,550,550,550,550,0
2022-08-11 15:22:00,550,550,550,550,0
2022-08-11 15:23:00,550,550,550,550,0
2022-08-11 15:24:00,550,550,550,550,0
2022-08-11 15:25:00,550,550,550,550,0
2022-08-11 15:26:00,550,550,550,550,0
2022-08-11 15:27:00,550,550,550,550,0
2022-08-11 15:28:00,550,550,550,550,0
2022-08-11 15:29:00,550,550,550,550,0
2022-08-11 15:30:00,550,550,550,550,0
2022-08-11 15:31:00,550,550,550,550,0
2022-08-11 15:32:00,550,550,550,550,0
2022-08-11 15:33:00,550,550,550,550,0
2022-08-11 15:34:00,550,550,550,550,0
2022-08-11 15:35:00,550,550,550,550,0
2022-08-11 15:36:00,550,550,550,550,0
2022-08-11 15:37:00,550,550,550,550,0
2022-08-11 15:38:00,550,550,550,550,0
2022-08-11 15:39:00,550,550,550,550,0
2022-08-11 15:40:00,550,550,550,550,0
2022-08-11 15:41:00,550,550,550,550,0
2022-08-11 15:42:00,550,550,550,550,0
2022-08-11 15:43:00,550,550,550,550,0
2022-08-11 15:44:00,550,550,550,550,0
2022-08-11 15:45:00,550,550,550,550,0
2022-08-11 15:46:00,550,550,550,550,0
2022-08-11 15:47:00,550,550,550,550,0
2022-08-11 15:48:00,550,550,550,550,0
2022-08-11 15:49:00,550,550,550,550,0
2022-08-11 15:50:00,550,550,550,550,0
2022-08-11 15:51:00,550,550,550,550,0
2022-08-11 15:52:00,550,550,550,550,0
2022-08-11 15:53:00,550,550,550,550,0
2022-08-11 15:54:00,550,550,550,550,0
2022-08-11 15:55:00,550,550,550,550,0
2022-08-11 15:56:00,550,550,550,550,0
2022-08-11 15:57:00,550,550,550,550,0
2022-08-11 15:58:00,550,550,550,550,0
2022-08-11 15:59:00,550,550,550,550,0
2022-08-12 09:00:00,550,545,550,550,0
2022-08-12 09:01:00,550,545,550,550,0
2022-08-12 09:02:00,550,545,550,550,0
2022-08-12 09:03:00,550,545,550,550,0
2022-08-12 09:04:00,545,545,545,545,34600
2022-08-12 09:05:00,550,550,550,550,0
2022-08-12 09:06:00,550,550,550,550,0
2022-08-12 09:07:00,550,550,550,550,0
2022-08-12 09:08:00,550,550,550,550,0
2022-08-12 09:09:00,550,550,550,550,0
2022-08-12 09:10:00,550,550,550,550,0
2022-08-12 09:11:00,550,550,550,550,0
2022-08-12 09:12:00,550,550,550,550,0
2022-08-12 09:13:00,550,550,550,550,0
2022-08-12 09:14:00,550,550,550,550,0
2022-08-12 09:15:00,550,550,550,550,0
2022-08-12 09:16:00,550,550,550,550,0
2022-08-12 09:17:00,550,550,550,550,0
2022-08-12 09:18:00,550,550,550,550,0
2022-08-12 09:19:00,550,550,550,550,0
2022-08-12 09:20:00,550,550,550,550,0
2022-08-12 09:21:00,550,550,550,550,0
2022-08-12 09:22:00,550,550,550,550,0
2022-08-12 09:23:00,550,550,550,550,0
2022-08-12 09:24:00,550,550,550,550,0
2022-08-12 09:25:00,550,550,550,550,0
2022-08-12 09:26:00,550,550,550,550,0
2022-08-12 09:27:00,550,550,550,550,0
2022-08-12 09:28:00,550,550,550,550,0
2022-08-12 09:29:00,550,550,550,550,0
2022-08-12 09:30:00,550,550,550,550,0
2022-08-12 09:31:00,550,550,550,550,0
2022-08-12 09:32:00,550,550,550,550,0
2022-08-12 09:33:00,550,550,550,550,0
2022-08-12 09:34:00,550,550,550,550,0
2022-08-12 09:35:00,550,550,550,550,0
2022-08-12 09:36:00,550,550,550,550,0
2022-08-12 09:37:00,550,550,550,550,300
2022-08-12 09:38:00,550,550,550,550,0
2022-08-12 09:39:00,550,550,550,550,0
2022-08-12 09:40:00,550,550,550,550,0
2022-08-12 09:41:00,550,550,550,550,0
2022-08-12 09:42:00,550,550,550,550,0
2022-08-12 09:43:00,550,550,550,550,0
2022-08-12 09:44:00,550,550,550,550,0
2022-08-12 09:45:00,550,550,550,550,0
2022-08-12 09:46:00,550,550,550,550,200
2022-08-12 09:47:00,550,550,550,550,0
2022-08-12 09:48:00,550,550,550,550,0
2022-08-12 09:49:00,550,550,550,550,0
2022-08-12 09:50:00,550,550,550,550,0
2022-08-12 09:51:00,550,550,550,550,0
2022-08-12 09:52:00,550,550,550,550,0
2022-08-12 09:53:00,550,550,550,550,0
2022-08-12 09:54:00,550,550,550,550,0
2022-08-12 09:55:00,550,550,550,550,0
2022-08-12 09:56:00,550,550,550,550,0
2022-08-12 09:57:00,550,550,550,550,0
2022-08-12 09:58:00,550,550,550,550,0
2022-08-12 09:59:00,550,550,550,550,0
2022-08-12 10:00:00,550,550,550,550,0
2022-08-12 10:01:00,550,550,550,550,0
2022-08-12 10:02:00,550,550,550,550,0
2022-08-12 10:03:00,550,550,550,550,0
2022-08-12 10:04:00,550,550,550,550,0
2022-08-12 10:05:00,550,550,550,550,0
2022-08-12 10:06:00,550,550,550,550,0
2022-08-12 10:07:00,550,550,550,550,0
2022-08-12 10:08:00,550,550,550,550,0
2022-08-12 10:09:00,550,550,550,550,0
2022-08-12 10:10:00,550,550,550,550,49100
2022-08-12 10:11:00,550,550,550,550,0
2022-08-12 10:12:00,550,550,550,550,0
2022-08-12 10:13:00,550,550,550,550,0
2022-08-12 10:14:00,550,550,550,550,0
2022-08-12 10:15:00,550,550,550,550,0
2022-08-12 10:16:00,550,550,550,550,0
2022-08-12 10:17:00,550,550,550,550,0
2022-08-12 10:18:00,550,550,550,550,0
2022-08-12 10:19:00,550,550,550,550,0
2022-08-12 10:20:00,550,550,550,550,500
2022-08-12 10:21:00,550,550,550,550,0
2022-08-12 10:22:00,550,550,550,550,0
2022-08-12 10:23:00,550,550,550,550,0
2022-08-12 10:24:00,550,550,550,550,0
2022-08-12 10:25:00,550,550,550,550,0
2022-08-12 10:26:00,550,550,550,550,0
2022-08-12 10:27:00,550,550,550,550,0
2022-08-12 10:28:00,550,550,550,550,0
2022-08-12 10:29:00,550,550,550,550,0
2022-08-12 10:30:00,550,550,550,550,0
2022-08-12 10:31:00,550,550,550,550,0
2022-08-12 10:32:00,550,550,550,550,0
2022-08-12 10:33:00,550,550,550,550,0
2022-08-12 10:34:00,550,550,550,550,0
2022-08-12 10:35:00,550,550,550,550,0
2022-08-12 10:36:00,550,550,550,550,0
2022-08-12 10:37:00,550,550,550,550,0
2022-08-12 10:38:00,550,550,550,550,0
2022-08-12 10:39:00,550,550,550,550,0
2022-08-12 10:40:00,550,550,550,550,0
2022-08-12 10:41:00,550,550,550,550,0
2022-08-12 10:42:00,550,550,550,550,0
2022-08-12 10:43:00,550,550,550,550,0
2022-08-12 10:44:00,550,550,550,550,0
2022-08-12 10:45:00,550,550,550,550,0
2022-08-12 10:46:00,550,550,550,550,0
2022-08-12 10:47:00,550,550,550,550,0
2022-08-12 10:48:00,550,550,550,550,100
2022-08-12 10:49:00,550,550,550,550,0
2022-08-12 10:50:00,550,550,550,550,0
2022-08-12 10:51:00,550,550,550,550,0
2022-08-12 10:52:00,550,550,550,550,0
2022-08-12 10:53:00,550,550,550,550,0
2022-08-12 10:54:00,545,545,545,545,2000
2022-08-12 10:55:00,550,550,550,550,300
2022-08-12 10:56:00,550,550,550,550,0
2022-08-12 10:57:00,550,550,550,550,0
2022-08-12 10:58:00,550,550,550,550,0
2022-08-12 10:59:00,550,550,550,550,0
2022-08-12 11:00:00,550,550,550,550,0
2022-08-12 11:01:00,550,550,550,550,0
2022-08-12 11:02:00,550,550,550,550,0
2022-08-12 11:03:00,550,550,550,550,0
2022-08-12 11:04:00,550,550,550,550,0
2022-08-12 11:05:00,550,550,550,550,0
2022-08-12 11:06:00,550,550,550,550,0
2022-08-12 11:07:00,550,550,550,550,0
2022-08-12 11:08:00,550,550,550,550,0
2022-08-12 11:09:00,550,550,550,550,0
2022-08-12 11:10:00,550,550,550,550,0
2022-08-12 11:11:00,550,550,550,550,0
2022-08-12 11:12:00,550,550,550,550,0
2022-08-12 11:13:00,550,550,550,550,0
2022-08-12 11:14:00,550,550,550,550,0
2022-08-12 11:15:00,550,550,550,550,0
2022-08-12 11:16:00,550,550,550,550,0
2022-08-12 11:17:00,550,550,550,550,0
2022-08-12 11:18:00,550,550,550,550,0
2022-08-12 11:19:00,550,550,550,550,0
2022-08-12 11:20:00,550,550,550,550,0
2022-08-12 11:21:00,550,550,550,550,0
2022-08-12 11:22:00,550,550,550,550,400
2022-08-12 11:23:00,550,550,550,550,400
2022-08-12 11:24:00,550,550,550,550,0
2022-08-12 11:25:00,550,550,550,550,600
2022-08-12 11:26:00,550,550,550,550,0
2022-08-12 11:27:00,550,550,550,550,300
2022-08-12 11:28:00,550,550,550,550,0
2022-08-12 11:29:00,550,550,550,550,0
2022-08-12 11:30:00,550,550,550,550,0
2022-08-12 11:31:00,550,550,550,550,0
2022-08-12 11:32:00,550,550,550,550,0
2022-08-12 11:33:00,550,550,550,550,0
2022-08-12 11:34:00,550,550,550,550,0
2022-08-12 11:35:00,550,550,550,550,0
2022-08-12 11:36:00,550,550,550,550,0
2022-08-12 11:37:00,550,550,550,550,0
2022-08-12 11:38:00,550,550,550,550,0
2022-08-12 11:39:00,550,550,550,550,0
2022-08-12 11:40:00,550,550,550,550,0
2022-08-12 11:41:00,550,550,550,550,0
2022-08-12 11:42:00,550,550,550,550,0
2022-08-12 11:43:00,550,550,550,550,0
2022-08-12 11:44:00,550,550,550,550,0
2022-08-12 11:45:00,550,550,550,550,0
2022-08-12 11:46:00,550,550,550,550,0
2022-08-12 11:47:00,550,550,550,550,0
2022-08-12 11:48:00,550,550,550,550,0
2022-08-12 11:49:00,550,550,550,550,0
2022-08-12 11:50:00,550,550,550,550,0
2022-08-12 11:51:00,550,550,550,550,0
2022-08-12 11:52:00,550,550,550,550,0
2022-08-12 11:53:00,550,550,550,550,0
2022-08-12 11:54:00,550,550,550,550,0
2022-08-12 11:55:00,550,550,550,550,0
2022-08-12 11:56:00,550,550,550,550,0
2022-08-12 11:57:00,550,550,550,550,0
2022-08-12 11:58:00,550,550,550,550,0
2022-08-12 11:59:00,550,550,550,550,0
2022-08-12 12:00:00,550,550,550,550,0
2022-08-12 12:01:00,550,550,550,550,0
2022-08-12 12:02:00,550,550,550,550,0
2022-08-12 12:03:00,550,550,550,550,0
2022-08-12 12:04:00,550,550,550,550,0
2022-08-12 12:05:00,550,550,550,550,0
2022-08-12 12:06:00,550,550,550,550,0
2022-08-12 12:07:00,550,550,550,550,0
2022-08-12 12:08:00,550,550,550,550,0
2022-08-12 12:09:00,550,550,550,550,0
2022-08-12 12:10:00,550,550,550,550,0
2022-08-12 12:11:00,550,550,550,550,0
2022-08-12 12:12:00,550,550,550,550,0
2022-08-12 12:13:00,550,550,550,550,0
2022-08-12 12:14:00,550,550,550,550,0
2022-08-12 12:15:00,550,550,550,550,0
2022-08-12 12:16:00,550,550,550,550,0
2022-08-12 12:17:00,550,550,550,550,0
2022-08-12 12:18:00,550,550,550,550,0
2022-08-12 12:19:00,550,550,550,550,0
2022-08-12 12:20:00,550,550,550,550,0
2022-08-12 12:21:00,550,550,550,550,0
2022-08-12 12:22:00,550,550,550,550,0
2022-08-12 12:23:00,550,550,550,550,0
2022-08-12 12:24:00,550,550,550,550,0
2022-08-12 12:25:00,550,550,550,550,0
2022-08-12 12:26:00,550,550,550,550,0
2022-08-12 12:27:00,550,550,550,550,0
2022-08-12 12:28:00,550,550,550,550,0
2022-08-12 12:29:00,550,550,550,550,0
2022-08-12 12:30:00,550,550,550,550,0
2022-08-12 12:31:00,550,550,550,550,0
2022-08-12 12:32:00,550,550,550,550,0
2022-08-12 12:33:00,550,550,550,550,0
2022-08-12 12:34:00,550,550,550,550,0
2022-08-12 12:35:00,550,550,550,550,0
2022-08-12 12:36:00,550,550,550,550,0
2022-08-12 12:37:00,550,550,550,550,0
2022-08-12 12:38:00,550,550,550,550,0
2022-08-12 12:39:00,550,550,550,550,0
2022-08-12 12:40:00,550,550,550,550,0
2022-08-12 12:41:00,550,550,550,550,0
2022-08-12 12:42:00,550,550,550,550,0
2022-08-12 12:43:00,550,550,550,550,0
2022-08-12 12:44:00,550,550,550,550,0
2022-08-12 12:45:00,550,550,550,550,0
2022-08-12 12:46:00,550,550,550,550,0
2022-08-12 12:47:00,550,550,550,550,0
2022-08-12 12:48:00,550,550,550,550,0
2022-08-12 12:49:00,550,550,550,550,0
2022-08-12 12:50:00,550,550,550,550,0
2022-08-12 12:51:00,550,550,550,550,0
2022-08-12 12:52:00,550,550,550,550,0
2022-08-12 12:53:00,550,550,550,550,0
2022-08-12 12:54:00,550,550,550,550,0
2022-08-12 12:55:00,550,550,550,550,0
2022-08-12 12:56:00,550,550,550,550,0
2022-08-12 12:57:00,550,550,550,550,0
2022-08-12 12:58:00,550,550,550,550,0
2022-08-12 12:59:00,550,550,550,550,0
2022-08-12 13:00:00,550,550,550,550,0
2022-08-12 13:01:00,550,550,550,550,0
2022-08-12 13:02:00,550,550,550,550,0
2022-08-12 13:03:00,550,550,550,550,0
2022-08-12 13:04:00,550,550,550,550,0
2022-08-12 13:05:00,550,550,550,550,0
2022-08-12 13:06:00,550,550,550,550,0
2022-08-12 13:07:00,550,550,550,550,0
2022-08-12 13:08:00,550,550,550,550,0
2022-08-12 13:09:00,550,550,550,550,0
2022-08-12 13:10:00,550,550,550,550,0
2022-08-12 13:11:00,550,550,550,550,0
2022-08-12 13:12:00,550,550,550,550,0
2022-08-12 13:13:00,550,550,550,550,0
2022-08-12 13:14:00,550,550,550,550,0
2022-08-12 13:15:00,550,550,550,550,0
2022-08-12 13:16:00,550,550,550,550,0
2022-08-12 13:17:00,550,550,550,550,0
2022-08-12 13:18:00,550,550,550,550,0
2022-08-12 13:19:00,550,550,550,550,0
2022-08-12 13:20:00,550,550,550,550,0
2022-08-12 13:21:00,550,550,550,550,0
2022-08-12 13:22:00,550,550,550,550,0
2022-08-12 13:23:00,550,550,550,550,0
2022-08-12 13:24:00,550,550,550,550,0
2022-08-12 13:25:00,550,550,550,550,0
2022-08-12 13:26:00,550,550,550,550,0
2022-08-12 13:27:00,550,550,550,550,0
2022-08-12 13:28:00,550,550,550,550,0
2022-08-12 13:29:00,550,550,550,550,0
2022-08-12 13:30:00,550,545,550,550,8300
2022-08-12 13:31:00,550,545,550,550,0
2022-08-12 13:32:00,550,545,550,550,0
2022-08-12 13:33:00,550,550,550,550,0
2022-08-12 13:34:00,550,550,550,550,0
2022-08-12 13:35:00,550,550,550,550,0
2022-08-12 13:36:00,550,550,550,550,0
2022-08-12 13:37:00,550,550,550,550,0
2022-08-12 13:38:00,550,550,550,550,0
2022-08-12 13:39:00,550,550,550,550,0
2022-08-12 13:40:00,550,550,550,550,0
2022-08-12 13:41:00,550,550,550,550,0
2022-08-12 13:42:00,550,550,550,550,0
2022-08-12 13:43:00,550,550,550,550,0
2022-08-12 13:44:00,550,550,550,550,0
2022-08-12 13:45:00,550,550,550,550,0
2022-08-12 13:46:00,550,550,550,550,0
2022-08-12 13:47:00,550,550,550,550,0
2022-08-12 13:48:00,550,550,550,550,0
2022-08-12 13:49:00,550,550,550,550,0
2022-08-12 13:50:00,550,550,550,550,0
2022-08-12 13:51:00,550,550,550,550,0
2022-08-12 13:52:00,550,550,550,550,0
2022-08-12 13:53:00,550,550,550,550,0
2022-08-12 13:54:00,550,550,550,550,0
2022-08-12 13:55:00,550,550,550,550,4000
2022-08-12 13:56:00,550,550,550,550,0
2022-08-12 13:57:00,545,545,550,550,8300
2022-08-12 13:58:00,545,545,550,550,0
2022-08-12 13:59:00,545,545,550,550,0
2022-08-12 14:00:00,545,545,550,550,0
2022-08-12 14:01:00,545,545,550,550,0
2022-08-12 14:02:00,545,545,550,550,0
2022-08-12 14:03:00,545,545,550,550,0
2022-08-12 14:04:00,545,545,550,550,0
2022-08-12 14:05:00,545,545,550,550,0
2022-08-12 14:06:00,545,545,550,550,0
2022-08-12 14:07:00,545,545,550,550,0
2022-08-12 14:08:00,545,545,550,550,0
2022-08-12 14:09:00,545,545,550,550,0
2022-08-12 14:10:00,545,545,550,550,0
2022-08-12 14:11:00,545,545,550,550,0
2022-08-12 14:12:00,545,545,550,550,0
2022-08-12 14:13:00,545,545,550,550,0
2022-08-12 14:14:00,545,545,550,550,0
2022-08-12 14:15:00,545,545,550,550,0
2022-08-12 14:16:00,545,545,550,550,0
2022-08-12 14:17:00,545,545,550,550,0
2022-08-12 14:18:00,545,545,550,550,0
2022-08-12 14:19:00,545,545,550,550,0
2022-08-12 14:20:00,545,545,550,550,0
2022-08-12 14:21:00,545,545,550,550,0
2022-08-12 14:22:00,545,545,550,550,0
2022-08-12 14:23:00,545,545,550,550,0
2022-08-12 14:24:00,545,545,550,550,0
2022-08-12 14:25:00,545,545,550,550,0
2022-08-12 14:26:00,550,550,550,550,400
2022-08-12 14:27:00,550,550,550,550,400
2022-08-12 14:28:00,550,550,550,550,0
2022-08-12 14:29:00,550,550,550,550,0
2022-08-12 14:30:00,550,550,550,550,0
2022-08-12 14:31:00,550,550,550,550,100
2022-08-12 14:32:00,550,550,550,550,0
2022-08-12 14:33:00,550,550,550,550,0
2022-08-12 14:34:00,550,550,550,550,0
2022-08-12 14:35:00,550,550,550,550,100
2022-08-12 14:36:00,550,550,550,550,0
2022-08-12 14:37:00,550,550,550,550,0
2022-08-12 14:38:00,550,550,550,550,0
2022-08-12 14:39:00,550,550,550,550,0
2022-08-12 14:40:00,550,550,550,550,0
2022-08-12 14:41:00,550,550,550,550,0
2022-08-12 14:42:00,550,550,550,550,0
2022-08-12 14:43:00,550,550,550,550,1100
2022-08-12 14:44:00,550,550,550,550,0
2022-08-12 14:45:00,550,550,550,550,0
2022-08-12 14:46:00,550,550,550,550,200
2022-08-12 14:47:00,550,550,550,550,100
2022-08-12 14:48:00,550,550,550,550,0
2022-08-12 14:49:00,550,550,550,550,600
2022-08-12 14:50:00,550,550,550,550,0
2022-08-12 14:51:00,550,550,550,550,0
2022-08-12 14:52:00,550,550,550,550,0
2022-08-12 14:53:00,550,550,550,550,0
2022-08-12 14:54:00,550,550,550,550,0
2022-08-12 14:55:00,550,550,550,550,0
2022-08-12 14:56:00,550,550,550,550,0
2022-08-12 14:57:00,550,550,550,550,0
2022-08-12 14:58:00,550,550,550,550,0
2022-08-12 14:59:00,550,550,550,550,0
2022-08-12 15:00:00,550,550,550,550,0
2022-08-12 15:01:00,550,550,550,550,0
2022-08-12 15:02:00,550,550,550,550,0
2022-08-12 15:03:00,550,550,550,550,0
2022-08-12 15:04:00,550,550,550,550,0
2022-08-12 15:05:00,550,550,550,550,0
2022-08-12 15:06:00,550,550,550,550,0
2022-08-12 15:07:00,550,550,550,550,0
2022-08-12 15:08:00,550,550,550,550,0
2022-08-12 15:09:00,550,550,550,550,0
2022-08-12 15:10:00,550,550,550,550,0
2022-08-12 15:11:00,550,550,550,550,0
2022-08-12 15:12:00,550,550,550,550,0
2022-08-12 15:13:00,550,550,550,550,0
2022-08-12 15:14:00,550,550,550,550,0
2022-08-12 15:15:00,550,550,550,550,0
2022-08-12 15:16:00,550,550,550,550,0
2022-08-12 15:17:00,550,550,550,550,0
2022-08-12 15:18:00,550,550,550,550,0
2022-08-12 15:19:00,550,550,550,550,0
2022-08-12 15:20:00,550,550,550,550,0
2022-08-12 15:21:00,550,550,550,550,0
2022-08-12 15:22:00,550,550,550,550,0
2022-08-12 15:23:00,550,550,550,550,0
2022-08-12 15:24:00,550,550,550,550,0
2022-08-12 15:25:00,550,550,550,550,0
2022-08-12 15:26:00,550,550,550,550,0
2022-08-12 15:27:00,550,550,550,550,0
2022-08-12 15:28:00,550,550,550,550,0
2022-08-12 15:29:00,550,550,550,550,0
2022-08-12 15:30:00,550,550,550,550,0
2022-08-12 15:31:00,550,550,550,550,0
2022-08-12 15:32:00,550,550,550,550,0
2022-08-12 15:33:00,550,550,550,550,0
2022-08-12 15:34:00,550,550,550,550,0
2022-08-12 15:35:00,550,550,550,550,0
2022-08-12 15:36:00,550,550,550,550,0
2022-08-12 15:37:00,550,550,550,550,0
2022-08-12 15:38:00,550,550,550,550,0
2022-08-12 15:39:00,550,550,550,550,0
2022-08-12 15:40:00,550,550,550,550,0
2022-08-12 15:41:00,550,550,550,550,0
2022-08-12 15:42:00,550,550,550,550,0
2022-08-12 15:43:00,550,550,550,550,0
2022-08-12 15:44:00,550,550,550,550,0
2022-08-12 15:45:00,550,550,550,550,0
2022-08-12 15:46:00,550,550,550,550,0
2022-08-12 15:47:00,550,550,550,550,0
2022-08-12 15:48:00,550,550,550,550,0
2022-08-12 15:49:00,550,550,550,550,0
2022-08-12 15:50:00,550,550,550,550,0
2022-08-12 15:51:00,550,550,550,550,0
2022-08-12 15:52:00,550,550,550,550,0
2022-08-12 15:53:00,550,550,550,550,0
2022-08-12 15:54:00,550,550,550,550,0
2022-08-12 15:55:00,550,550,550,550,0
2022-08-12 15:56:00,550,550,550,550,0
2022-08-12 15:57:00,550,550,550,550,0
2022-08-12 15:58:00,550,550,550,550,0
2022-08-12 15:59:00,550,550,550,550,0
2022-08-15 09:00:00,550,550,550,550,0
2022-08-15 09:01:00,550,550,550,550,0
2022-08-15 09:02:00,550,550,550,550,0
2022-08-15 09:03:00,550,550,550,550,0
2022-08-15 09:04:00,550,550,550,550,0
2022-08-15 09:05:00,550,550,550,550,0
2022-08-15 09:06:00,550,550,550,550,0
2022-08-15 09:07:00,550,550,550,550,0
2022-08-15 09:08:00,550,550,550,550,0
2022-08-15 09:09:00,550,550,550,550,0
2022-08-15 09:10:00,550,550,550,550,0
2022-08-15 09:11:00,550,550,550,550,0
2022-08-15 09:12:00,550,550,550,550,0
2022-08-15 09:13:00,550,550,550,550,0
2022-08-15 09:14:00,550,550,550,550,0
2022-08-15 09:15:00,550,550,550,550,0
2022-08-15 09:16:00,550,550,550,550,0
2022-08-15 09:17:00,550,550,550,550,300
2022-08-15 09:18:00,550,550,550,550,0
2022-08-15 09:19:00,550,550,550,550,0
2022-08-15 09:20:00,550,550,550,550,600
2022-08-15 09:21:00,550,550,550,550,0
2022-08-15 09:22:00,550,550,550,550,0
2022-08-15 09:23:00,550,550,550,550,0
2022-08-15 09:24:00,550,550,550,550,0
2022-08-15 09:25:00,550,550,550,550,0
2022-08-15 09:26:00,550,550,550,550,0
2022-08-15 09:27:00,550,550,550,550,0
2022-08-15 09:28:00,550,550,550,550,0
2022-08-15 09:29:00,550,550,550,550,0
2022-08-15 09:30:00,550,550,550,550,0
2022-08-15 09:31:00,545,545,545,545,7700
2022-08-15 09:32:00,550,545,550,550,8600
2022-08-15 09:33:00,550,545,550,550,0
2022-08-15 09:34:00,550,545,550,550,0
2022-08-15 09:35:00,550,545,550,550,0
2022-08-15 09:36:00,550,545,550,550,0
2022-08-15 09:37:00,550,545,550,550,0
2022-08-15 09:38:00,550,545,550,550,0
2022-08-15 09:39:00,550,545,550,550,0
2022-08-15 09:40:00,550,545,550,550,0
2022-08-15 09:41:00,550,545,550,550,0
2022-08-15 09:42:00,550,545,550,550,0
2022-08-15 09:43:00,550,550,550,550,200
2022-08-15 09:44:00,550,550,550,550,0
2022-08-15 09:45:00,550,550,550,550,0
2022-08-15 09:46:00,550,550,550,550,0
2022-08-15 09:47:00,550,550,550,550,0
2022-08-15 09:48:00,550,550,550,550,0
2022-08-15 09:49:00,550,550,550,550,0
2022-08-15 09:50:00,550,550,550,550,0
2022-08-15 09:51:00,550,550,550,550,0
2022-08-15 09:52:00,550,550,550,550,0
2022-08-15 09:53:00,550,550,550,550,0
2022-08-15 09:54:00,550,550,550,550,0
2022-08-15 09:55:00,550,550,550,550,0
2022-08-15 09:56:00,550,550,550,550,0
2022-08-15 09:57:00,550,550,550,550,0
2022-08-15 09:58:00,545,545,550,550,700
2022-08-15 09:59:00,550,550,550,550,0
2022-08-15 10:00:00,550,550,550,550,0
2022-08-15 10:01:00,550,550,550,550,0
2022-08-15 10:02:00,550,550,550,550,0
2022-08-15 10:03:00,550,550,550,550,0
2022-08-15 10:04:00,545,545,545,545,40900
2022-08-15 10:05:00,545,545,545,545,700
2022-08-15 10:06:00,545,545,545,545,0
2022-08-15 10:07:00,545,545,545,545,0
2022-08-15 10:08:00,545,545,545,545,0
2022-08-15 10:09:00,545,545,545,545,0
2022-08-15 10:10:00,545,545,545,545,0
2022-08-15 10:11:00,545,545,545,545,0
2022-08-15 10:12:00,545,545,545,545,0
2022-08-15 10:13:00,545,545,545,545,1700
2022-08-15 10:14:00,545,545,550,550,99100
2022-08-15 10:15:00,545,545,550,550,0
2022-08-15 10:16:00,545,545,550,550,0
2022-08-15 10:17:00,545,545,550,550,0
2022-08-15 10:18:00,545,545,550,550,0
2022-08-15 10:19:00,545,545,550,550,0
2022-08-15 10:20:00,545,545,550,550,0
2022-08-15 10:21:00,545,545,550,550,0
2022-08-15 10:22:00,545,545,550,550,0
2022-08-15 10:23:00,550,550,550,550,200
2022-08-15 10:24:00,550,550,550,550,0
2022-08-15 10:25:00,550,550,550,550,0
2022-08-15 10:26:00,550,550,550,550,0
2022-08-15 10:27:00,550,550,550,550,0
2022-08-15 10:28:00,550,550,550,550,0
2022-08-15 10:29:00,550,550,550,550,0
2022-08-15 10:30:00,550,550,550,550,0
2022-08-15 10:31:00,550,550,550,550,0
2022-08-15 10:32:00,550,550,550,550,0
2022-08-15 10:33:00,550,550,550,550,0
2022-08-15 10:34:00,550,550,550,550,0
2022-08-15 10:35:00,550,550,550,550,0
2022-08-15 10:36:00,550,550,550,550,0
2022-08-15 10:37:00,550,550,550,550,0
2022-08-15 10:38:00,550,550,550,550,0
2022-08-15 10:39:00,550,550,550,550,0
2022-08-15 10:40:00,550,550,550,550,0
2022-08-15 10:41:00,550,550,550,550,0
2022-08-15 10:42:00,550,550,550,550,0
2022-08-15 10:43:00,550,550,550,550,0
2022-08-15 10:44:00,550,550,550,550,0
2022-08-15 10:45:00,550,550,550,550,0
2022-08-15 10:46:00,550,550,550,550,0
2022-08-15 10:47:00,550,550,550,550,0
2022-08-15 10:48:00,550,550,550,550,0
2022-08-15 10:49:00,550,550,550,550,0
2022-08-15 10:50:00,550,550,550,550,0
2022-08-15 10:51:00,550,550,550,550,0
2022-08-15 10:52:00,550,550,550,550,0
2022-08-15 10:53:00,550,550,550,550,0
2022-08-15 10:54:00,550,550,550,550,0
2022-08-15 10:55:00,550,550,550,550,0
2022-08-15 10:56:00,550,550,550,550,0
2022-08-15 10:57:00,550,550,550,550,0
2022-08-15 10:58:00,550,550,550,550,0
2022-08-15 10:59:00,550,550,550,550,0
2022-08-15 11:00:00,550,550,550,550,0
2022-08-15 11:01:00,550,550,550,550,0
2022-08-15 11:02:00,550,550,550,550,0
2022-08-15 11:03:00,550,550,550,550,0
2022-08-15 11:04:00,550,550,550,550,0
2022-08-15 11:05:00,550,550,550,550,0
2022-08-15 11:06:00,550,550,550,550,0
2022-08-15 11:07:00,550,550,550,550,0
2022-08-15 11:08:00,550,550,550,550,0
2022-08-15 11:09:00,550,550,550,550,0
2022-08-15 11:10:00,550,550,550,550,0
2022-08-15 11:11:00,550,550,550,550,0
2022-08-15 11:12:00,550,550,550,550,0
2022-08-15 11:13:00,550,550,550,550,0
2022-08-15 11:14:00,550,550,550,550,0
2022-08-15 11:15:00,550,550,550,550,0
2022-08-15 11:16:00,550,550,550,550,0
2022-08-15 11:17:00,550,550,550,550,2000
2022-08-15 11:18:00,550,550,550,550,0
2022-08-15 11:19:00,550,550,550,550,0
2022-08-15 11:20:00,550,550,550,550,0
2022-08-15 11:21:00,550,550,550,550,0
2022-08-15 11:22:00,550,550,550,550,0
2022-08-15 11:23:00,550,550,550,550,0
2022-08-15 11:24:00,550,550,550,550,600
2022-08-15 11:25:00,550,550,550,550,0
2022-08-15 11:26:00,550,550,550,550,0
2022-08-15 11:27:00,550,550,550,550,300
2022-08-15 11:28:00,550,550,550,550,300
2022-08-15 11:29:00,550,550,550,550,0
2022-08-15 11:30:00,550,550,550,550,0
2022-08-15 11:31:00,550,550,550,550,0
2022-08-15 11:32:00,550,550,550,550,0
2022-08-15 11:33:00,550,550,550,550,0
2022-08-15 11:34:00,550,550,550,550,0
2022-08-15 11:35:00,550,550,550,550,0
2022-08-15 11:36:00,550,550,550,550,0
2022-08-15 11:37:00,550,550,550,550,0
2022-08-15 11:38:00,550,550,550,550,0
2022-08-15 11:39:00,550,550,550,550,0
2022-08-15 11:40:00,550,550,550,550,0
2022-08-15 11:41:00,550,550,550,550,0
2022-08-15 11:42:00,550,550,550,550,0
2022-08-15 11:43:00,550,550,550,550,0
2022-08-15 11:44:00,550,550,550,550,0
2022-08-15 11:45:00,550,550,550,550,0
2022-08-15 11:46:00,550,550,550,550,0
2022-08-15 11:47:00,550,550,550,550,0
2022-08-15 11:48:00,550,550,550,550,0
2022-08-15 11:49:00,550,550,550,550,0
2022-08-15 11:50:00,550,550,550,550,0
2022-08-15 11:51:00,550,550,550,550,0
2022-08-15 11:52:00,550,550,550,550,0
2022-08-15 11:53:00,550,550,550,550,0
2022-08-15 11:54:00,550,550,550,550,0
2022-08-15 11:55:00,550,550,550,550,0
2022-08-15 11:56:00,550,550,550,550,0
2022-08-15 11:57:00,550,550,550,550,0
2022-08-15 11:58:00,550,550,550,550,0
2022-08-15 11:59:00,550,550,550,550,0
2022-08-15 12:00:00,550,550,550,550,0
2022-08-15 12:01:00,550,550,550,550,0
2022-08-15 12:02:00,550,550,550,550,0
2022-08-15 12:03:00,550,550,550,550,0
2022-08-15 12:04:00,550,550,550,550,0
2022-08-15 12:05:00,550,550,550,550,0
2022-08-15 12:06:00,550,550,550,550,0
2022-08-15 12:07:00,550,550,550,550,0
2022-08-15 12:08:00,550,550,550,550,0
2022-08-15 12:09:00,550,550,550,550,0
2022-08-15 12:10:00,550,550,550,550,0
2022-08-15 12:11:00,550,550,550,550,0
2022-08-15 12:12:00,550,550,550,550,0
2022-08-15 12:13:00,550,550,550,550,0
2022-08-15 12:14:00,550,550,550,550,0
2022-08-15 12:15:00,550,550,550,550,0
2022-08-15 12:16:00,550,550,550,550,0
2022-08-15 12:17:00,550,550,550,550,0
2022-08-15 12:18:00,550,550,550,550,0
2022-08-15 12:19:00,550,550,550,550,0
2022-08-15 12:20:00,550,550,550,550,0
2022-08-15 12:21:00,550,550,550,550,0
2022-08-15 12:22:00,550,550,550,550,0
2022-08-15 12:23:00,550,550,550,550,0
2022-08-15 12:24:00,550,550,550,550,0
2022-08-15 12:25:00,550,550,550,550,0
2022-08-15 12:26:00,550,550,550,550,0
2022-08-15 12:27:00,550,550,550,550,0
2022-08-15 12:28:00,550,550,550,550,0
2022-08-15 12:29:00,550,550,550,550,0
2022-08-15 12:30:00,550,550,550,550,0
2022-08-15 12:31:00,550,550,550,550,0
2022-08-15 12:32:00,550,550,550,550,0
2022-08-15 12:33:00,550,550,550,550,0
2022-08-15 12:34:00,550,550,550,550,0
2022-08-15 12:35:00,550,550,550,550,0
2022-08-15 12:36:00,550,550,550,550,0
2022-08-15 12:37:00,550,550,550,550,0
2022-08-15 12:38:00,550,550,550,550,0
2022-08-15 12:39:00,550,550,550,550,0
2022-08-15 12:40:00,550,550,550,550,0
2022-08-15 12:41:00,550,550,550,550,0
2022-08-15 12:42:00,550,550,550,550,0
2022-08-15 12:43:00,550,550,550,550,0
2022-08-15 12:44:00,550,550,550,550,0
2022-08-15 12:45:00,550,550,550,550,0
2022-08-15 12:46:00,550,550,550,550,0
2022-08-15 12:47:00,550,550,550,550,0
2022-08-15 12:48:00,550,550,550,550,0
2022-08-15 12:49:00,550,550,550,550,0
2022-08-15 12:50:00,550,550,550,550,0
2022-08-15 12:51:00,550,550,550,550,0
2022-08-15 12:52:00,550,550,550,550,0
2022-08-15 12:53:00,550,550,550,550,0
2022-08-15 12:54:00,550,550,550,550,0
2022-08-15 12:55:00,550,550,550,550,0
2022-08-15 12:56:00,550,550,550,550,0
2022-08-15 12:57:00,550,550,550,550,0
2022-08-15 12:58:00,550,550,550,550,0
2022-08-15 12:59:00,550,550,550,550,0
2022-08-15 13:00:00,550,550,550,550,0
2022-08-15 13:01:00,550,550,550,550,0
2022-08-15 13:02:00,550,550,550,550,0
2022-08-15 13:03:00,550,550,550,550,0
2022-08-15 13:04:00,550,550,550,550,0
2022-08-15 13:05:00,550,550,550,550,0
2022-08-15 13:06:00,550,550,550,550,0
2022-08-15 13:07:00,550,550,550,550,0
2022-08-15 13:08:00,550,550,550,550,0
2022-08-15 13:09:00,550,550,550,550,0
2022-08-15 13:10:00,550,550,550,550,0
2022-08-15 13:11:00,550,550,550,550,0
2022-08-15 13:12:00,550,550,550,550,0
2022-08-15 13:13:00,550,550,550,550,0
2022-08-15 13:14:00,550,550,550,550,0
2022-08-15 13:15:00,550,550,550,550,0
2022-08-15 13:16:00,550,550,550,550,0
2022-08-15 13:17:00,550,550,550,550,0
2022-08-15 13:18:00,550,550,550,550,0
2022-08-15 13:19:00,550,550,550,550,0
2022-08-15 13:20:00,550,550,550,550,0
2022-08-15 13:21:00,550,550,550,550,0
2022-08-15 13:22:00,550,550,550,550,0
2022-08-15 13:23:00,550,550,550,550,0
2022-08-15 13:24:00,550,550,550,550,0
2022-08-15 13:25:00,550,550,550,550,0
2022-08-15 13:26:00,550,550,550,550,0
2022-08-15 13:27:00,550,550,550,550,0
2022-08-15 13:28:00,550,550,550,550,0
2022-08-15 13:29:00,550,550,550,550,0
2022-08-15 13:30:00,550,550,550,550,0
2022-08-15 13:31:00,550,550,550,550,0
2022-08-15 13:32:00,550,550,550,550,0
2022-08-15 13:33:00,550,550,550,550,0
2022-08-15 13:34:00,550,550,550,550,3800
2022-08-15 13:35:00,550,550,550,550,0
2022-08-15 13:36:00,550,550,550,550,0
2022-08-15 13:37:00,550,550,550,550,0
2022-08-15 13:38:00,550,550,550,550,0
2022-08-15 13:39:00,550,550,550,550,0
2022-08-15 13:40:00,550,550,550,550,0
2022-08-15 13:41:00,550,550,550,550,0
2022-08-15 13:42:00,550,550,550,550,0
2022-08-15 13:43:00,550,550,550,550,0
2022-08-15 13:44:00,550,550,550,550,0
2022-08-15 13:45:00,545,545,545,545,8100
2022-08-15 13:46:00,550,550,550,550,500
2022-08-15 13:47:00,550,550,550,550,0
2022-08-15 13:48:00,550,550,550,550,0
2022-08-15 13:49:00,550,550,550,550,0
2022-08-15 13:50:00,550,550,550,550,0
2022-08-15 13:51:00,550,550,550,550,0
2022-08-15 13:52:00,550,550,550,550,0
2022-08-15 13:53:00,550,550,550,550,0
2022-08-15 13:54:00,550,550,550,550,0
2022-08-15 13:55:00,550,550,550,550,0
2022-08-15 13:56:00,550,550,550,550,0
2022-08-15 13:57:00,550,550,550,550,0
2022-08-15 13:58:00,550,550,550,550,0
2022-08-15 13:59:00,550,550,550,550,0
2022-08-15 14:00:00,550,550,550,550,0
2022-08-15 14:01:00,550,550,550,550,0
2022-08-15 14:02:00,550,550,550,550,0
2022-08-15 14:03:00,550,550,550,550,0
2022-08-15 14:04:00,550,550,550,550,0
2022-08-15 14:05:00,550,550,550,550,0
2022-08-15 14:06:00,550,550,550,550,0
2022-08-15 14:07:00,550,550,550,550,0
2022-08-15 14:08:00,550,550,550,550,0
2022-08-15 14:09:00,550,550,550,550,0
2022-08-15 14:10:00,550,550,550,550,0
2022-08-15 14:11:00,550,550,550,550,0
2022-08-15 14:12:00,550,550,550,550,0
2022-08-15 14:13:00,550,550,550,550,0
2022-08-15 14:14:00,550,550,550,550,0
2022-08-15 14:15:00,550,550,550,550,0
2022-08-15 14:16:00,550,550,550,550,0
2022-08-15 14:17:00,550,550,550,550,0
2022-08-15 14:18:00,550,550,550,550,0
2022-08-15 14:19:00,550,550,550,550,0
2022-08-15 14:20:00,550,550,550,550,0
2022-08-15 14:21:00,550,550,550,550,0
2022-08-15 14:22:00,550,550,550,550,0
2022-08-15 14:23:00,550,550,550,550,0
2022-08-15 14:24:00,550,550,550,550,0
2022-08-15 14:25:00,550,550,550,550,0
2022-08-15 14:26:00,550,550,550,550,0
2022-08-15 14:27:00,550,550,550,550,0
2022-08-15 14:28:00,550,550,550,550,0
2022-08-15 14:29:00,550,550,550,550,0
2022-08-15 14:30:00,550,550,550,550,0
2022-08-15 14:31:00,550,550,550,550,0
2022-08-15 14:32:00,550,550,550,550,0
2022-08-15 14:33:00,550,550,550,550,300
2022-08-15 14:34:00,550,550,550,550,0
2022-08-15 14:35:00,550,550,550,550,0
2022-08-15 14:36:00,550,550,550,550,0
2022-08-15 14:37:00,550,550,550,550,0
2022-08-15 14:38:00,550,550,550,550,0
2022-08-15 14:39:00,550,550,550,550,0
2022-08-15 14:40:00,550,550,550,550,0
2022-08-15 14:41:00,550,550,550,550,0
2022-08-15 14:42:00,550,550,550,550,0
2022-08-15 14:43:00,550,550,550,550,0
2022-08-15 14:44:00,550,550,550,550,0
2022-08-15 14:45:00,550,550,550,550,0
2022-08-15 14:46:00,550,550,550,550,0
2022-08-15 14:47:00,550,550,550,550,0
2022-08-15 14:48:00,550,550,550,550,0
2022-08-15 14:49:00,550,550,550,550,0
2022-08-15 14:50:00,550,550,550,550,0
2022-08-15 14:51:00,550,550,550,550,0
2022-08-15 14:52:00,550,550,550,550,0
2022-08-15 14:53:00,550,550,550,550,0
2022-08-15 14:54:00,550,550,550,550,0
2022-08-15 14:55:00,550,550,550,550,0
2022-08-15 14:56:00,550,550,550,550,0
2022-08-15 14:57:00,550,550,550,550,0
2022-08-15 14:58:00,550,550,550,550,0
2022-08-15 14:59:00,550,550,550,550,0
2022-08-15 15:00:00,550,550,550,550,80300
2022-08-15 15:01:00,550,550,550,550,0
2022-08-15 15:02:00,550,550,550,550,0
2022-08-15 15:03:00,550,550,550,550,0
2022-08-15 15:04:00,550,550,550,550,0
2022-08-15 15:05:00,550,550,550,550,0
2022-08-15 15:06:00,550,550,550,550,0
2022-08-15 15:07:00,550,550,550,550,800
2022-08-15 15:08:00,550,550,550,550,0
2022-08-15 15:09:00,550,550,550,550,0
2022-08-15 15:10:00,550,550,550,550,308100
2022-08-15 15:11:00,550,550,550,550,0
2022-08-15 15:12:00,550,550,550,550,0
2022-08-15 15:13:00,550,550,550,550,0
2022-08-15 15:14:00,550,550,550,550,0
2022-08-15 15:15:00,550,550,550,550,0
2022-08-15 15:16:00,550,550,550,550,0
2022-08-15 15:17:00,550,550,550,550,0
2022-08-15 15:18:00,550,550,550,550,0
2022-08-15 15:19:00,550,550,550,550,0
2022-08-15 15:20:00,550,550,550,550,0
2022-08-15 15:21:00,550,550,550,550,0
2022-08-15 15:22:00,550,550,550,550,0
2022-08-15 15:23:00,550,550,550,550,0
2022-08-15 15:24:00,550,550,550,550,0
2022-08-15 15:25:00,550,550,550,550,0
2022-08-15 15:26:00,550,550,550,550,0
2022-08-15 15:27:00,550,550,550,550,0
2022-08-15 15:28:00,550,550,550,550,0
2022-08-15 15:29:00,550,550,550,550,0
2022-08-15 15:30:00,550,550,550,550,0
2022-08-15 15:31:00,550,550,550,550,0
2022-08-15 15:32:00,550,550,550,550,0
2022-08-15 15:33:00,550,550,550,550,0
2022-08-15 15:34:00,550,550,550,550,0
2022-08-15 15:35:00,550,550,550,550,0
2022-08-15 15:36:00,550,550,550,550,0
2022-08-15 15:37:00,550,550,550,550,0
2022-08-15 15:38:00,550,550,550,550,0
2022-08-15 15:39:00,550,550,550,550,0
2022-08-15 15:40:00,550,550,550,550,0
2022-08-15 15:41:00,550,550,550,550,0
2022-08-15 15:42:00,550,550,550,550,0
2022-08-15 15:43:00,550,550,550,550,0
2022-08-15 15:44:00,550,550,550,550,0
2022-08-15 15:45:00,550,550,550,550,0
2022-08-15 15:46:00,550,550,550,550,0
2022-08-15 15:47:00,550,550,550,550,0
2022-08-15 15:48:00,550,550,550,550,0
2022-08-15 15:49:00,550,550,550,550,0
2022-08-15 15:50:00,550,550,550,550,0
2022-08-15 15:51:00,550,550,550,550,0
2022-08-15 15:52:00,550,550,550,550,0
2022-08-15 15:53:00,550,550,550,550,0
2022-08-15 15:54:00,550,550,550,550,0
2022-08-15 15:55:00,550,550,550,550,0
2022-08-15 15:56:00,550,550,550,550,0
2022-08-15 15:57:00,550,550,550,550,0
2022-08-15 15:58:00,550,550,550,550,0
2022-08-15 15:59:00,550,550,550,550,0
2022-08-16 09:00:00,550,550,550,550,0
2022-08-16 09:01:00,550,550,550,550,0
2022-08-16 09:02:00,550,545,550,550,0
2022-08-16 09:03:00,550,550,550,550,500
2022-08-16 09:04:00,550,550,550,550,0
2022-08-16 09:05:00,550,550,550,550,0
2022-08-16 09:06:00,550,550,550,550,0
2022-08-16 09:07:00,550,550,550,550,0
2022-08-16 09:08:00,550,550,550,550,0
2022-08-16 09:09:00,550,550,550,550,0
2022-08-16 09:10:00,550,550,550,550,0
2022-08-16 09:11:00,545,545,545,545,4600
2022-08-16 09:12:00,550,550,550,550,500
2022-08-16 09:13:00,550,550,550,550,0
2022-08-16 09:14:00,550,550,550,550,0
2022-08-16 09:15:00,550,550,550,550,0
2022-08-16 09:16:00,550,550,550,550,0
2022-08-16 09:17:00,550,550,550,550,0
2022-08-16 09:18:00,550,550,550,550,0
2022-08-16 09:19:00,550,550,550,550,0
2022-08-16 09:20:00,550,550,550,550,0
2022-08-16 09:21:00,550,550,550,550,0
2022-08-16 09:22:00,550,550,550,550,0
2022-08-16 09:23:00,550,550,550,550,0
2022-08-16 09:24:00,550,550,550,550,0
2022-08-16 09:25:00,550,550,550,550,0
2022-08-16 09:26:00,550,550,550,550,0
2022-08-16 09:27:00,550,550,550,550,200
2022-08-16 09:28:00,550,550,550,550,0
2022-08-16 09:29:00,550,550,550,550,0
2022-08-16 09:30:00,550,550,550,550,0
2022-08-16 09:31:00,550,550,550,550,0
2022-08-16 09:32:00,550,550,550,550,0
2022-08-16 09:33:00,550,550,550,550,0
2022-08-16 09:34:00,550,550,550,550,0
2022-08-16 09:35:00,550,550,550,550,0
2022-08-16 09:36:00,550,550,550,550,0
2022-08-16 09:37:00,550,550,550,550,0
2022-08-16 09:38:00,550,550,550,550,0
2022-08-16 09:39:00,550,550,550,550,0
2022-08-16 09:40:00,550,550,550,550,0
2022-08-16 09:41:00,550,550,550,550,0
2022-08-16 09:42:00,550,550,550,550,0
2022-08-16 09:43:00,550,550,550,550,0
2022-08-16 09:44:00,550,550,550,550,0
2022-08-16 09:45:00,550,550,550,550,0
2022-08-16 09:46:00,550,550,550,550,0
2022-08-16 09:47:00,550,550,550,550,0
2022-08-16 09:48:00,550,550,550,550,0
2022-08-16 09:49:00,550,550,550,550,0
2022-08-16 09:50:00,550,550,550,550,0
2022-08-16 09:51:00,550,550,550,550,0
2022-08-16 09:52:00,550,550,550,550,92200
2022-08-16 09:53:00,550,550,550,550,0
2022-08-16 09:54:00,550,550,550,550,0
2022-08-16 09:55:00,550,550,550,550,0
2022-08-16 09:56:00,550,550,550,550,0
2022-08-16 09:57:00,545,545,545,545,20000
2022-08-16 09:58:00,545,545,545,545,0
2022-08-16 09:59:00,545,545,545,545,0
2022-08-16 10:00:00,545,545,545,545,0
2022-08-16 10:01:00,550,550,550,550,100
2022-08-16 10:02:00,550,550,550,550,0
2022-08-16 10:03:00,550,550,550,550,0
2022-08-16 10:04:00,550,550,550,550,0
2022-08-16 10:05:00,550,550,550,550,0
2022-08-16 10:06:00,550,550,550,550,0
2022-08-16 10:07:00,550,550,550,550,0
2022-08-16 10:08:00,550,550,550,550,0
2022-08-16 10:09:00,550,550,550,550,0
2022-08-16 10:10:00,550,550,550,550,0
2022-08-16 10:11:00,550,550,550,550,0
2022-08-16 10:12:00,550,550,550,550,0
2022-08-16 10:13:00,550,550,550,550,0
2022-08-16 10:14:00,550,550,550,550,0
2022-08-16 10:15:00,550,550,550,550,0
2022-08-16 10:16:00,545,545,545,545,3600
2022-08-16 10:17:00,550,550,550,550,0
2022-08-16 10:18:00,550,550,550,550,300
2022-08-16 10:19:00,550,550,550,550,0
2022-08-16 10:20:00,550,550,550,550,0
2022-08-16 10:21:00,550,550,550,550,29700
2022-08-16 10:22:00,550,550,550,550,0
2022-08-16 10:23:00,550,550,550,550,0
2022-08-16 10:24:00,550,550,550,550,0
2022-08-16 10:25:00,550,550,550,550,0
2022-08-16 10:26:00,550,550,550,550,0
2022-08-16 10:27:00,550,550,550,550,0
2022-08-16 10:28:00,550,550,550,550,0
2022-08-16 10:29:00,545,545,545,545,400
2022-08-16 10:30:00,550,550,550,550,400
2022-08-16 10:31:00,550,550,550,550,0
2022-08-16 10:32:00,550,550,550,550,0
2022-08-16 10:33:00,550,550,550,550,0
2022-08-16 10:34:00,550,550,550,550,700
2022-08-16 10:35:00,550,550,550,550,0
2022-08-16 10:36:00,550,550,550,550,0
2022-08-16 10:37:00,550,550,550,550,0
2022-08-16 10:38:00,550,550,550,550,0
2022-08-16 10:39:00,550,550,550,550,0
2022-08-16 10:40:00,550,550,550,550,0
2022-08-16 10:41:00,550,550,550,550,0
2022-08-16 10:42:00,550,550,550,550,0
2022-08-16 10:43:00,550,550,550,550,0
2022-08-16 10:44:00,550,550,550,550,0
2022-08-16 10:45:00,550,550,550,550,0
2022-08-16 10:46:00,550,550,550,550,0
2022-08-16 10:47:00,550,550,550,550,0
2022-08-16 10:48:00,550,550,550,550,0
2022-08-16 10:49:00,550,550,550,550,0
2022-08-16 10:50:00,550,550,550,550,0
2022-08-16 10:51:00,550,550,550,550,0
2022-08-16 10:52:00,550,550,550,550,0
2022-08-16 10:53:00,550,550,550,550,0
2022-08-16 10:54:00,550,550,550,550,0
2022-08-16 10:55:00,550,550,550,550,0
2022-08-16 10:56:00,550,550,550,550,0
2022-08-16 10:57:00,550,550,550,550,0
2022-08-16 10:58:00,550,550,550,550,0
2022-08-16 10:59:00,550,550,550,550,0
2022-08-16 11:00:00,550,550,550,550,0
2022-08-16 11:01:00,550,545,550,550,141100
2022-08-16 11:02:00,550,550,555,555,11900
2022-08-16 11:03:00,550,550,555,555,0
2022-08-16 11:04:00,550,550,555,555,0
2022-08-16 11:05:00,550,550,555,555,0
2022-08-16 11:06:00,555,555,555,555,57600
2022-08-16 11:07:00,550,545,555,555,0
2022-08-16 11:08:00,550,545,555,555,0
2022-08-16 11:09:00,550,545,555,555,0
2022-08-16 11:10:00,550,545,555,555,0
2022-08-16 11:11:00,550,545,555,555,0
2022-08-16 11:12:00,550,545,555,555,0
2022-08-16 11:13:00,550,545,555,555,0
2022-08-16 11:14:00,550,545,555,555,0
2022-08-16 11:15:00,550,545,555,555,0
2022-08-16 11:16:00,555,555,555,555,600
2022-08-16 11:17:00,555,555,555,555,900
2022-08-16 11:18:00,550,550,550,550,1800
2022-08-16 11:19:00,550,550,550,550,0
2022-08-16 11:20:00,550,550,550,550,0
2022-08-16 11:21:00,550,550,550,550,0
2022-08-16 11:22:00,550,550,550,550,0
2022-08-16 11:23:00,550,550,550,550,0
2022-08-16 11:24:00,550,550,550,550,19300
2022-08-16 11:25:00,550,550,550,550,0
2022-08-16 11:26:00,550,550,550,550,0
2022-08-16 11:27:00,550,550,550,550,400
2022-08-16 11:28:00,550,550,550,550,0
2022-08-16 11:29:00,550,550,550,550,0
2022-08-16 11:30:00,550,550,550,550,0
2022-08-16 11:31:00,550,550,550,550,0
2022-08-16 11:32:00,550,550,550,550,0
2022-08-16 11:33:00,550,550,550,550,0
2022-08-16 11:34:00,550,550,550,550,0
2022-08-16 11:35:00,550,550,550,550,0
2022-08-16 11:36:00,550,550,550,550,0
2022-08-16 11:37:00,550,550,550,550,0
2022-08-16 11:38:00,550,550,550,550,0
2022-08-16 11:39:00,550,550,550,550,0
2022-08-16 11:40:00,550,550,550,550,0
2022-08-16 11:41:00,550,550,550,550,0
2022-08-16 11:42:00,550,550,550,550,0
2022-08-16 11:43:00,550,550,550,550,0
2022-08-16 11:44:00,550,550,550,550,0
2022-08-16 11:45:00,550,550,550,550,0
2022-08-16 11:46:00,550,550,550,550,0
2022-08-16 11:47:00,550,550,550,550,0
2022-08-16 11:48:00,550,550,550,550,0
2022-08-16 11:49:00,550,550,550,550,0
2022-08-16 11:50:00,550,550,550,550,0
2022-08-16 11:51:00,550,550,550,550,0
2022-08-16 11:52:00,550,550,550,550,0
2022-08-16 11:53:00,550,550,550,550,0
2022-08-16 11:54:00,550,550,550,550,0
2022-08-16 11:55:00,550,550,550,550,0
2022-08-16 11:56:00,550,550,550,550,0
2022-08-16 11:57:00,550,550,550,550,0
2022-08-16 11:58:00,550,550,550,550,0
2022-08-16 11:59:00,550,550,550,550,0
2022-08-16 12:00:00,550,550,550,550,0
2022-08-16 12:01:00,550,550,550,550,0
2022-08-16 12:02:00,550,550,550,550,0
2022-08-16 12:03:00,550,550,550,550,0
2022-08-16 12:04:00,550,550,550,550,0
2022-08-16 12:05:00,550,550,550,550,0
2022-08-16 12:06:00,550,550,550,550,0
2022-08-16 12:07:00,550,550,550,550,0
2022-08-16 12:08:00,550,550,550,550,0
2022-08-16 12:09:00,550,550,550,550,0
2022-08-16 12:10:00,550,550,550,550,0
2022-08-16 12:11:00,550,550,550,550,0
2022-08-16 12:12:00,550,550,550,550,0
2022-08-16 12:13:00,550,550,550,550,0
2022-08-16 12:14:00,550,550,550,550,0
2022-08-16 12:15:00,550,550,550,550,0
2022-08-16 12:16:00,550,550,550,550,0
2022-08-16 12:17:00,550,550,550,550,0
2022-08-16 12:18:00,550,550,550,550,0
2022-08-16 12:19:00,550,550,550,550,0
2022-08-16 12:20:00,550,550,550,550,0
2022-08-16 12:21:00,550,550,550,550,0
2022-08-16 12:22:00,550,550,550,550,0
2022-08-16 12:23:00,550,550,550,550,0
2022-08-16 12:24:00,550,550,550,550,0
2022-08-16 12:25:00,550,550,550,550,0
2022-08-16 12:26:00,550,550,550,550,0
2022-08-16 12:27:00,550,550,550,550,0
2022-08-16 12:28:00,550,550,550,550,0
2022-08-16 12:29:00,550,550,550,550,0
2022-08-16 12:30:00,550,550,550,550,0
2022-08-16 12:31:00,550,550,550,550,0
2022-08-16 12:32:00,550,550,550,550,0
2022-08-16 12:33:00,550,550,550,550,0
2022-08-16 12:34:00,550,550,550,550,0
2022-08-16 12:35:00,550,550,550,550,0
2022-08-16 12:36:00,550,550,550,550,0
2022-08-16 12:37:00,550,550,550,550,0
2022-08-16 12:38:00,550,550,550,550,0
2022-08-16 12:39:00,550,550,550,550,0
2022-08-16 12:40:00,550,550,550,550,0
2022-08-16 12:41:00,550,550,550,550,0
2022-08-16 12:42:00,550,550,550,550,0
2022-08-16 12:43:00,550,550,550,550,0
2022-08-16 12:44:00,550,550,550,550,0
2022-08-16 12:45:00,550,550,550,550,0
2022-08-16 12:46:00,550,550,550,550,0
2022-08-16 12:47:00,550,550,550,550,0
2022-08-16 12:48:00,550,550,550,550,0
2022-08-16 12:49:00,550,550,550,550,0
2022-08-16 12:50:00,550,550,550,550,0
2022-08-16 12:51:00,550,550,550,550,0
2022-08-16 12:52:00,550,550,550,550,0
2022-08-16 12:53:00,550,550,550,550,0
2022-08-16 12:54:00,550,550,550,550,0
2022-08-16 12:55:00,550,550,550,550,0
2022-08-16 12:56:00,550,550,550,550,0
2022-08-16 12:57:00,550,550,550,550,0
2022-08-16 12:58:00,550,550,550,550,0
2022-08-16 12:59:00,550,550,550,550,0
2022-08-16 13:00:00,550,550,550,550,0
2022-08-16 13:01:00,550,550,550,550,0
2022-08-16 13:02:00,550,550,550,550,0
2022-08-16 13:03:00,550,550,550,550,0
2022-08-16 13:04:00,550,550,550,550,0
2022-08-16 13:05:00,550,550,550,550,0
2022-08-16 13:06:00,550,550,550,550,0
2022-08-16 13:07:00,550,550,550,550,0
2022-08-16 13:08:00,550,550,550,550,0
2022-08-16 13:09:00,550,550,550,550,0
2022-08-16 13:10:00,550,550,550,550,0
2022-08-16 13:11:00,550,550,550,550,0
2022-08-16 13:12:00,550,550,550,550,0
2022-08-16 13:13:00,550,550,550,550,0
2022-08-16 13:14:00,550,550,550,550,0
2022-08-16 13:15:00,550,550,550,550,0
2022-08-16 13:16:00,550,550,550,550,0
2022-08-16 13:17:00,550,550,550,550,0
2022-08-16 13:18:00,550,550,550,550,0
2022-08-16 13:19:00,550,550,550,550,0
2022-08-16 13:20:00,550,550,550,550,0
2022-08-16 13:21:00,550,550,550,550,0
2022-08-16 13:22:00,550,550,550,550,0
2022-08-16 13:23:00,550,550,550,550,0
2022-08-16 13:24:00,550,550,550,550,0
2022-08-16 13:25:00,550,550,550,550,0
2022-08-16 13:26:00,550,550,550,550,0
2022-08-16 13:27:00,550,550,550,550,0
2022-08-16 13:28:00,550,550,550,550,0
2022-08-16 13:29:00,550,550,550,550,0
2022-08-16 13:30:00,550,550,550,550,0
2022-08-16 13:31:00,550,550,550,550,0
2022-08-16 13:32:00,550,550,550,550,0
2022-08-16 13:33:00,550,550,550,550,0
2022-08-16 13:34:00,550,550,550,550,400
2022-08-16 13:35:00,550,550,550,550,0
2022-08-16 13:36:00,550,550,550,550,0
2022-08-16 13:37:00,550,550,550,550,0
2022-08-16 13:38:00,550,550,550,550,0
2022-08-16 13:39:00,550,550,550,550,0
2022-08-16 13:40:00,550,550,550,550,0
2022-08-16 13:41:00,550,550,550,550,0
2022-08-16 13:42:00,550,550,550,550,400
2022-08-16 13:43:00,550,550,550,550,37800
2022-08-16 13:44:00,550,550,550,550,0
2022-08-16 13:45:00,550,550,550,550,0
2022-08-16 13:46:00,550,550,550,550,0
2022-08-16 13:47:00,550,550,550,550,0
2022-08-16 13:48:00,550,550,550,550,0
2022-08-16 13:49:00,550,550,550,550,0
2022-08-16 13:50:00,550,550,550,550,0
2022-08-16 13:51:00,550,550,550,550,0
2022-08-16 13:52:00,550,550,550,550,0
2022-08-16 13:53:00,550,550,550,550,0
2022-08-16 13:54:00,550,550,550,550,0
2022-08-16 13:55:00,550,550,550,550,1800
2022-08-16 13:56:00,550,550,550,550,0
2022-08-16 13:57:00,550,550,550,550,0
2022-08-16 13:58:00,550,550,550,550,0
2022-08-16 13:59:00,550,550,550,550,0
2022-08-16 14:00:00,550,550,550,550,0
2022-08-16 14:01:00,550,550,550,550,0
2022-08-16 14:02:00,550,550,550,550,0
2022-08-16 14:03:00,550,550,550,550,0
2022-08-16 14:04:00,550,550,550,550,0
2022-08-16 14:05:00,550,550,550,550,0
2022-08-16 14:06:00,550,550,550,550,900
2022-08-16 14:07:00,550,550,550,550,0
2022-08-16 14:08:00,550,550,550,550,0
2022-08-16 14:09:00,550,550,550,550,0
2022-08-16 14:10:00,550,550,550,550,0
2022-08-16 14:11:00,550,550,550,550,0
2022-08-16 14:12:00,550,550,550,550,0
2022-08-16 14:13:00,550,550,550,550,0
2022-08-16 14:14:00,550,550,550,550,0
2022-08-16 14:15:00,550,550,550,550,0
2022-08-16 14:16:00,550,550,550,550,0
2022-08-16 14:17:00,550,550,550,550,900
2022-08-16 14:18:00,550,550,550,550,0
2022-08-16 14:19:00,550,550,550,550,0
2022-08-16 14:20:00,550,550,550,550,200
2022-08-16 14:21:00,550,550,550,550,0
2022-08-16 14:22:00,550,550,550,550,1800
2022-08-16 14:23:00,550,550,550,550,100
2022-08-16 14:24:00,550,550,550,550,0
2022-08-16 14:25:00,550,550,550,550,0
2022-08-16 14:26:00,550,550,550,550,0
2022-08-16 14:27:00,550,550,550,550,0
2022-08-16 14:28:00,550,550,550,550,400
2022-08-16 14:29:00,550,550,550,550,0
2022-08-16 14:30:00,550,550,550,550,0
2022-08-16 14:31:00,550,550,550,550,0
2022-08-16 14:32:00,550,550,550,550,0
2022-08-16 14:33:00,550,550,550,550,0
2022-08-16 14:34:00,550,550,550,550,0
2022-08-16 14:35:00,550,550,550,550,0
2022-08-16 14:36:00,550,550,550,550,0
2022-08-16 14:37:00,550,550,550,550,0
2022-08-16 14:38:00,550,550,550,550,100
2022-08-16 14:39:00,545,545,545,545,200
2022-08-16 14:40:00,550,550,550,550,900
2022-08-16 14:41:00,550,550,550,550,0
2022-08-16 14:42:00,550,550,550,550,0
2022-08-16 14:43:00,550,550,550,550,300
2022-08-16 14:44:00,550,550,550,550,0
2022-08-16 14:45:00,550,550,550,550,0
2022-08-16 14:46:00,550,550,550,550,0
2022-08-16 14:47:00,550,550,550,550,0
2022-08-16 14:48:00,550,550,550,550,300
2022-08-16 14:49:00,545,545,550,550,300
2022-08-16 14:50:00,545,545,550,550,0
2022-08-16 14:51:00,545,545,550,550,0
2022-08-16 14:52:00,545,545,550,550,0
2022-08-16 14:53:00,545,545,550,550,0
2022-08-16 14:54:00,545,545,550,550,0
2022-08-16 14:55:00,545,545,550,550,0
2022-08-16 14:56:00,545,545,550,550,0
2022-08-16 14:57:00,545,545,550,550,0
2022-08-16 14:58:00,545,545,550,550,0
2022-08-16 14:59:00,545,545,550,550,0
2022-08-16 15:00:00,550,550,550,550,75300
2022-08-16 15:01:00,550,550,550,550,0
2022-08-16 15:02:00,550,550,550,550,0
2022-08-16 15:03:00,550,550,550,550,0
2022-08-16 15:04:00,550,550,550,550,0
2022-08-16 15:05:00,550,550,550,550,0
2022-08-16 15:06:00,550,550,550,550,0
2022-08-16 15:07:00,550,550,550,550,0
2022-08-16 15:08:00,550,550,550,550,0
2022-08-16 15:09:00,550,550,550,550,0
2022-08-16 15:10:00,550,550,550,550,0
2022-08-16 15:11:00,550,550,550,550,0
2022-08-16 15:12:00,550,550,550,550,0
2022-08-16 15:13:00,550,550,550,550,0
2022-08-16 15:14:00,550,550,550,550,0
2022-08-16 15:15:00,550,550,550,550,0
2022-08-16 15:16:00,550,550,550,550,0
2022-08-16 15:17:00,550,550,550,550,0
2022-08-16 15:18:00,550,550,550,550,0
2022-08-16 15:19:00,550,550,550,550,0
2022-08-16 15:20:00,550,550,550,550,0
2022-08-16 15:21:00,550,550,550,550,0
2022-08-16 15:22:00,550,550,550,550,0
2022-08-16 15:23:00,550,550,550,550,0
2022-08-16 15:24:00,550,550,550,550,0
2022-08-16 15:25:00,550,550,550,550,0
2022-08-16 15:26:00,550,550,550,550,0
2022-08-16 15:27:00,550,550,550,550,0
2022-08-16 15:28:00,550,550,550,550,0
2022-08-16 15:29:00,550,550,550,550,0
2022-08-16 15:30:00,550,550,550,550,0
2022-08-16 15:31:00,550,550,550,550,0
2022-08-16 15:32:00,550,550,550,550,0
2022-08-16 15:33:00,550,550,550,550,0
2022-08-16 15:34:00,550,550,550,550,0
2022-08-16 15:35:00,550,550,550,550,0
2022-08-16 15:36:00,550,550,550,550,0
2022-08-16 15:37:00,550,550,550,550,0
2022-08-16 15:38:00,550,550,550,550,0
2022-08-16 15:39:00,550,550,550,550,0
2022-08-16 15:40:00,550,550,550,550,0
2022-08-16 15:41:00,550,550,550,550,0
2022-08-16 15:42:00,550,550,550,550,0
2022-08-16 15:43:00,550,550,550,550,0
2022-08-16 15:44:00,550,550,550,550,0
2022-08-16 15:45:00,550,550,550,550,0
2022-08-16 15:46:00,550,550,550,550,0
2022-08-16 15:47:00,550,550,550,550,0
2022-08-16 15:48:00,550,550,550,550,0
2022-08-16 15:49:00,550,550,550,550,0
2022-08-16 15:50:00,550,550,550,550,0
2022-08-16 15:51:00,550,550,550,550,0
2022-08-16 15:52:00,550,550,550,550,0
2022-08-16 15:53:00,550,550,550,550,0
2022-08-16 15:54:00,550,550,550,550,0
2022-08-16 15:55:00,550,550,550,550,0
2022-08-16 15:56:00,550,550,550,550,0
2022-08-16 15:57:00,550,550,550,550,0
2022-08-16 15:58:00,550,550,550,550,0
2022-08-16 15:59:00,550,550,550,550,0
2022-08-17 09:00:00,550,550,550,550,0
2022-08-17 09:01:00,550,550,550,550,0
2022-08-17 09:02:00,550,550,550,550,0
2022-08-17 09:03:00,550,550,550,550,0
2022-08-17 09:04:00,550,550,550,550,0
2022-08-17 09:05:00,550,550,550,550,0
2022-08-17 09:06:00,550,550,550,550,0
2022-08-17 09:07:00,550,550,550,550,0
2022-08-17 09:08:00,550,550,550,550,0
2022-08-17 09:09:00,550,550,550,550,0
2022-08-17 09:10:00,550,550,550,550,0
2022-08-17 09:11:00,550,550,550,550,0
2022-08-17 09:12:00,550,550,550,550,0
2022-08-17 09:13:00,550,550,550,550,0
2022-08-17 09:14:00,550,550,550,550,0
2022-08-17 09:15:00,550,550,550,550,0
2022-08-17 09:16:00,550,550,550,550,0
2022-08-17 09:17:00,550,550,550,550,0
2022-08-17 09:18:00,550,550,550,550,0
2022-08-17 09:19:00,550,550,550,550,0
2022-08-17 09:20:00,550,550,550,550,0
2022-08-17 09:21:00,550,550,550,550,0
2022-08-17 09:22:00,550,550,550,550,0
2022-08-17 09:23:00,550,550,550,550,0
2022-08-17 09:24:00,550,550,550,550,0
2022-08-17 09:25:00,550,550,550,550,0
2022-08-17 09:26:00,550,550,550,550,0
2022-08-17 09:27:00,550,550,550,550,0
2022-08-17 09:28:00,550,550,550,550,0
2022-08-17 09:29:00,550,550,550,550,0
2022-08-17 09:30:00,550,550,550,550,0
2022-08-17 09:31:00,550,550,550,550,0
2022-08-17 09:32:00,550,550,550,550,0
2022-08-17 09:33:00,550,550,550,550,0
2022-08-17 09:34:00,550,550,550,550,0
2022-08-17 09:35:00,550,550,550,550,0
2022-08-17 09:36:00,550,550,550,550,0
2022-08-17 09:37:00,550,550,550,550,0
2022-08-17 09:38:00,550,550,550,550,0
2022-08-17 09:39:00,550,550,550,550,0
2022-08-17 09:40:00,550,550,550,550,0
2022-08-17 09:41:00,550,550,550,550,0
2022-08-17 09:42:00,550,550,550,550,0
2022-08-17 09:43:00,550,550,550,550,0
2022-08-17 09:44:00,550,550,550,550,0
2022-08-17 09:45:00,550,550,550,550,0
2022-08-17 09:46:00,550,550,550,550,0
2022-08-17 09:47:00,550,550,550,550,0
2022-08-17 09:48:00,550,550,550,550,0
2022-08-17 09:49:00,550,550,550,550,0
2022-08-17 09:50:00,550,550,550,550,0
2022-08-17 09:51:00,550,550,550,550,0
2022-08-17 09:52:00,550,550,550,550,0
2022-08-17 09:53:00,550,550,550,550,0
2022-08-17 09:54:00,550,550,550,550,0
2022-08-17 09:55:00,550,550,550,550,0
2022-08-17 09:56:00,550,550,550,550,0
2022-08-17 09:57:00,550,550,550,550,0
2022-08-17 09:58:00,550,550,550,550,0
2022-08-17 09:59:00,550,550,550,550,0
2022-08-17 10:00:00,550,550,550,550,0
2022-08-17 10:01:00,550,550,550,550,0
2022-08-17 10:02:00,550,550,550,550,0
2022-08-17 10:03:00,550,550,550,550,0
2022-08-17 10:04:00,550,550,550,550,0
2022-08-17 10:05:00,550,550,550,550,0
2022-08-17 10:06:00,550,550,550,550,0
2022-08-17 10:07:00,550,550,550,550,0
2022-08-17 10:08:00,550,550,550,550,0
2022-08-17 10:09:00,550,550,550,550,0
2022-08-17 10:10:00,550,550,550,550,0
2022-08-17 10:11:00,550,550,550,550,0
2022-08-17 10:12:00,550,550,550,550,0
2022-08-17 10:13:00,550,550,550,550,0
2022-08-17 10:14:00,550,550,550,550,0
2022-08-17 10:15:00,550,550,550,550,0
2022-08-17 10:16:00,550,550,550,550,0
2022-08-17 10:17:00,550,550,550,550,0
2022-08-17 10:18:00,550,550,550,550,0
2022-08-17 10:19:00,550,550,550,550,0
2022-08-17 10:20:00,550,550,550,550,0
2022-08-17 10:21:00,550,550,550,550,0
2022-08-17 10:22:00,550,550,550,550,0
2022-08-17 10:23:00,550,550,550,550,0
2022-08-17 10:24:00,550,550,550,550,0
2022-08-17 10:25:00,550,550,550,550,0
2022-08-17 10:26:00,550,550,550,550,0
2022-08-17 10:27:00,550,550,550,550,0
2022-08-17 10:28:00,550,550,550,550,0
2022-08-17 10:29:00,550,550,550,550,0
2022-08-17 10:30:00,550,550,550,550,0
2022-08-17 10:31:00,550,550,550,550,0
2022-08-17 10:32:00,550,550,550,550,0
2022-08-17 10:33:00,550,550,550,550,0
2022-08-17 10:34:00,550,550,550,550,0
2022-08-17 10:35:00,550,550,550,550,0
2022-08-17 10:36:00,550,550,550,550,0
2022-08-17 10:37:00,550,550,550,550,0
2022-08-17 10:38:00,550,550,550,550,0
2022-08-17 10:39:00,550,550,550,550,0
2022-08-17 10:40:00,550,550,550,550,0
2022-08-17 10:41:00,550,550,550,550,0
2022-08-17 10:42:00,550,550,550,550,0
2022-08-17 10:43:00,550,550,550,550,0
2022-08-17 10:44:00,550,550,550,550,0
2022-08-17 10:45:00,550,550,550,550,0
2022-08-17 10:46:00,550,550,550,550,0
2022-08-17 10:47:00,550,550,550,550,0
2022-08-17 10:48:00,550,550,550,550,0
2022-08-17 10:49:00,550,550,550,550,0
2022-08-17 10:50:00,550,550,550,550,0
2022-08-17 10:51:00,550,550,550,550,0
2022-08-17 10:52:00,550,550,550,550,0
2022-08-17 10:53:00,550,550,550,550,0
2022-08-17 10:54:00,550,550,550,550,0
2022-08-17 10:55:00,550,550,550,550,0
2022-08-17 10:56:00,550,550,550,550,0
2022-08-17 10:57:00,550,550,550,550,0
2022-08-17 10:58:00,550,550,550,550,0
2022-08-17 10:59:00,550,550,550,550,0
2022-08-17 11:00:00,550,550,550,550,0
2022-08-17 11:01:00,550,550,550,550,0
2022-08-17 11:02:00,550,550,550,550,0
2022-08-17 11:03:00,550,550,550,550,0
2022-08-17 11:04:00,550,550,550,550,0
2022-08-17 11:05:00,550,550,550,550,0
2022-08-17 11:06:00,550,550,550,550,0
2022-08-17 11:07:00,550,550,550,550,0
2022-08-17 11:08:00,550,550,550,550,0
2022-08-17 11:09:00,550,550,550,550,0
2022-08-17 11:10:00,550,550,550,550,0
2022-08-17 11:11:00,550,550,550,550,0
2022-08-17 11:12:00,550,550,550,550,0
2022-08-17 11:13:00,550,550,550,550,0
2022-08-17 11:14:00,550,550,550,550,0
2022-08-17 11:15:00,550,550,550,550,0
2022-08-17 11:16:00,550,550,550,550,0
2022-08-17 11:17:00,550,550,550,550,0
2022-08-17 11:18:00,550,550,550,550,0
2022-08-17 11:19:00,550,550,550,550,0
2022-08-17 11:20:00,550,550,550,550,0
2022-08-17 11:21:00,550,550,550,550,0
2022-08-17 11:22:00,550,550,550,550,0
2022-08-17 11:23:00,550,550,550,550,0
2022-08-17 11:24:00,550,550,550,550,0
2022-08-17 11:25:00,550,550,550,550,0
2022-08-17 11:26:00,550,550,550,550,0
2022-08-17 11:27:00,550,550,550,550,0
2022-08-17 11:28:00,550,550,550,550,0
2022-08-17 11:29:00,550,550,550,550,0
2022-08-17 11:30:00,550,550,550,550,0
2022-08-17 11:31:00,550,550,550,550,0
2022-08-17 11:32:00,550,550,550,550,0
2022-08-17 11:33:00,550,550,550,550,0
2022-08-17 11:34:00,550,550,550,550,0
2022-08-17 11:35:00,550,550,550,550,0
2022-08-17 11:36:00,550,550,550,550,0
2022-08-17 11:37:00,550,550,550,550,0
2022-08-17 11:38:00,550,550,550,550,0
2022-08-17 11:39:00,550,550,550,550,0
2022-08-17 11:40:00,550,550,550,550,0
2022-08-17 11:41:00,550,550,550,550,0
2022-08-17 11:42:00,550,550,550,550,0
2022-08-17 11:43:00,550,550,550,550,0
2022-08-17 11:44:00,550,550,550,550,0
2022-08-17 11:45:00,550,550,550,550,0
2022-08-17 11:46:00,550,550,550,550,0
2022-08-17 11:47:00,550,550,550,550,0
2022-08-17 11:48:00,550,550,550,550,0
2022-08-17 11:49:00,550,550,550,550,0
2022-08-17 11:50:00,550,550,550,550,0
2022-08-17 11:51:00,550,550,550,550,0
2022-08-17 11:52:00,550,550,550,550,0
2022-08-17 11:53:00,550,550,550,550,0
2022-08-17 11:54:00,550,550,550,550,0
2022-08-17 11:55:00,550,550,550,550,0
2022-08-17 11:56:00,550,550,550,550,0
2022-08-17 11:57:00,550,550,550,550,0
2022-08-17 11:58:00,550,550,550,550,0
2022-08-17 11:59:00,550,550,550,550,0
2022-08-17 12:00:00,550,550,550,550,0
2022-08-17 12:01:00,550,550,550,550,0
2022-08-17 12:02:00,550,550,550,550,0
2022-08-17 12:03:00,550,550,550,550,0
2022-08-17 12:04:00,550,550,550,550,0
2022-08-17 12:05:00,550,550,550,550,0
2022-08-17 12:06:00,550,550,550,550,0
2022-08-17 12:07:00,550,550,550,550,0
2022-08-17 12:08:00,550,550,550,550,0
2022-08-17 12:09:00,550,550,550,550,0
2022-08-17 12:10:00,550,550,550,550,0
2022-08-17 12:11:00,550,550,550,550,0
2022-08-17 12:12:00,550,550,550,550,0
2022-08-17 12:13:00,550,550,550,550,0
2022-08-17 12:14:00,550,550,550,550,0
2022-08-17 12:15:00,550,550,550,550,0
2022-08-17 12:16:00,550,550,550,550,0
2022-08-17 12:17:00,550,550,550,550,0
2022-08-17 12:18:00,550,550,550,550,0
2022-08-17 12:19:00,550,550,550,550,0
2022-08-17 12:20:00,550,550,550,550,0
2022-08-17 12:21:00,550,550,550,550,0
2022-08-17 12:22:00,550,550,550,550,0
2022-08-17 12:23:00,550,550,550,550,0
2022-08-17 12:24:00,550,550,550,550,0
2022-08-17 12:25:00,550,550,550,550,0
2022-08-17 12:26:00,550,550,550,550,0
2022-08-17 12:27:00,550,550,550,550,0
2022-08-17 12:28:00,550,550,550,550,0
2022-08-17 12:29:00,550,550,550,550,0
2022-08-17 12:30:00,550,550,550,550,0
2022-08-17 12:31:00,550,550,550,550,0
2022-08-17 12:32:00,550,550,550,550,0
2022-08-17 12:33:00,550,550,550,550,0
2022-08-17 12:34:00,550,550,550,550,0
2022-08-17 12:35:00,550,550,550,550,0
2022-08-17 12:36:00,550,550,550,550,0
2022-08-17 12:37:00,550,550,550,550,0
2022-08-17 12:38:00,550,550,550,550,0
2022-08-17 12:39:00,550,550,550,550,0
2022-08-17 12:40:00,550,550,550,550,0
2022-08-17 12:41:00,550,550,550,550,0
2022-08-17 12:42:00,550,550,550,550,0
2022-08-17 12:43:00,550,550,550,550,0
2022-08-17 12:44:00,550,550,550,550,0
2022-08-17 12:45:00,550,550,550,550,0
2022-08-17 12:46:00,550,550,550,550,0
2022-08-17 12:47:00,550,550,550,550,0
2022-08-17 12:48:00,550,550,550,550,0
2022-08-17 12:49:00,550,550,550,550,0
2022-08-17 12:50:00,550,550,550,550,0
2022-08-17 12:51:00,550,550,550,550,0
2022-08-17 12:52:00,550,550,550,550,0
2022-08-17 12:53:00,550,550,550,550,0
2022-08-17 12:54:00,550,550,550,550,0
2022-08-17 12:55:00,550,550,550,550,0
2022-08-17 12:56:00,550,550,550,550,0
2022-08-17 12:57:00,550,550,550,550,0
2022-08-17 12:58:00,550,550,550,550,0
2022-08-17 12:59:00,550,550,550,550,0
2022-08-17 13:00:00,550,550,550,550,0
2022-08-17 13:01:00,550,550,550,550,0
2022-08-17 13:02:00,550,550,550,550,0
2022-08-17 13:03:00,550,550,550,550,0
2022-08-17 13:04:00,550,550,550,550,0
2022-08-17 13:05:00,550,550,550,550,0
2022-08-17 13:06:00,550,550,550,550,0
2022-08-17 13:07:00,550,550,550,550,0
2022-08-17 13:08:00,550,550,550,550,0
2022-08-17 13:09:00,550,550,550,550,0
2022-08-17 13:10:00,550,550,550,550,0
2022-08-17 13:11:00,550,550,550,550,0
2022-08-17 13:12:00,550,550,550,550,0
2022-08-17 13:13:00,550,550,550,550,0
2022-08-17 13:14:00,550,550,550,550,0
2022-08-17 13:15:00,550,550,550,550,0
2022-08-17 13:16:00,550,550,550,550,0
2022-08-17 13:17:00,550,550,550,550,0
2022-08-17 13:18:00,550,550,550,550,0
2022-08-17 13:19:00,550,550,550,550,0
2022-08-17 13:20:00,550,550,550,550,0
2022-08-17 13:21:00,550,550,550,550,0
2022-08-17 13:22:00,550,550,550,550,0
2022-08-17 13:23:00,550,550,550,550,0
2022-08-17 13:24:00,550,550,550,550,0
2022-08-17 13:25:00,550,550,550,550,0
2022-08-17 13:26:00,550,550,550,550,0
2022-08-17 13:27:00,550,550,550,550,0
2022-08-17 13:28:00,550,550,550,550,0
2022-08-17 13:29:00,550,550,550,550,0
2022-08-17 13:30:00,550,550,550,550,0
2022-08-17 13:31:00,550,550,550,550,0
2022-08-17 13:32:00,550,550,550,550,0
2022-08-17 13:33:00,550,550,550,550,0
2022-08-17 13:34:00,550,550,550,550,0
2022-08-17 13:35:00,550,550,550,550,0
2022-08-17 13:36:00,550,550,550,550,0
2022-08-17 13:37:00,550,550,550,550,0
2022-08-17 13:38:00,550,550,550,550,0
2022-08-17 13:39:00,550,550,550,550,0
2022-08-17 13:40:00,550,550,550,550,0
2022-08-17 13:41:00,550,550,550,550,0
2022-08-17 13:42:00,550,550,550,550,0
2022-08-17 13:43:00,550,550,550,550,0
2022-08-17 13:44:00,550,550,550,550,0
2022-08-17 13:45:00,550,550,550,550,0
2022-08-17 13:46:00,550,550,550,550,0
2022-08-17 13:47:00,550,550,550,550,0
2022-08-17 13:48:00,550,550,550,550,0
2022-08-17 13:49:00,550,550,550,550,0
2022-08-17 13:50:00,550,550,550,550,0
2022-08-17 13:51:00,550,550,550,550,0
2022-08-17 13:52:00,550,550,550,550,0
2022-08-17 13:53:00,550,550,550,550,0
2022-08-17 13:54:00,550,550,550,550,0
2022-08-17 13:55:00,550,550,550,550,0
2022-08-17 13:56:00,550,550,550,550,0
2022-08-17 13:57:00,550,550,550,550,0
2022-08-17 13:58:00,550,550,550,550,0
2022-08-17 13:59:00,550,550,550,550,0
2022-08-17 14:00:00,550,550,550,550,0
2022-08-17 14:01:00,550,550,550,550,0
2022-08-17 14:02:00,550,550,550,550,0
2022-08-17 14:03:00,550,550,550,550,0
2022-08-17 14:04:00,550,550,550,550,0
2022-08-17 14:05:00,550,550,550,550,0
2022-08-17 14:06:00,550,550,550,550,0
2022-08-17 14:07:00,550,550,550,550,0
2022-08-17 14:08:00,550,550,550,550,0
2022-08-17 14:09:00,550,550,550,550,0
2022-08-17 14:10:00,550,550,550,550,0
2022-08-17 14:11:00,550,550,550,550,0
2022-08-17 14:12:00,550,550,550,550,0
2022-08-17 14:13:00,550,550,550,550,0
2022-08-17 14:14:00,550,550,550,550,0
2022-08-17 14:15:00,550,550,550,550,0
2022-08-17 14:16:00,550,550,550,550,0
2022-08-17 14:17:00,550,550,550,550,0
2022-08-17 14:18:00,550,550,550,550,0
2022-08-17 14:19:00,550,550,550,550,0
2022-08-17 14:20:00,550,550,550,550,0
2022-08-17 14:21:00,550,550,550,550,0
2022-08-17 14:22:00,550,550,550,550,0
2022-08-17 14:23:00,550,550,550,550,0
2022-08-17 14:24:00,550,550,550,550,0
2022-08-17 14:25:00,550,550,550,550,0
2022-08-17 14:26:00,550,550,550,550,0
2022-08-17 14:27:00,550,550,550,550,0
2022-08-17 14:28:00,550,550,550,550,0
2022-08-17 14:29:00,550,550,550,550,0
2022-08-17 14:30:00,550,550,550,550,0
2022-08-17 14:31:00,550,550,550,550,0
2022-08-17 14:32:00,550,550,550,550,0
2022-08-17 14:33:00,550,550,550,550,0
2022-08-17 14:34:00,550,550,550,550,0
2022-08-17 14:35:00,550,550,550,550,0
2022-08-17 14:36:00,550,550,550,550,0
2022-08-17 14:37:00,550,550,550,550,0
2022-08-17 14:38:00,550,550,550,550,0
2022-08-17 14:39:00,550,550,550,550,0
2022-08-17 14:40:00,550,550,550,550,0
2022-08-17 14:41:00,550,550,550,550,0
2022-08-17 14:42:00,550,550,550,550,0
2022-08-17 14:43:00,550,550,550,550,0
2022-08-17 14:44:00,550,550,550,550,0
2022-08-17 14:45:00,550,550,550,550,0
2022-08-17 14:46:00,550,550,550,550,0
2022-08-17 14:47:00,550,550,550,550,0
2022-08-17 14:48:00,550,550,550,550,0
2022-08-17 14:49:00,550,550,550,550,0
2022-08-17 14:50:00,550,550,550,550,0
2022-08-17 14:51:00,550,550,550,550,0
2022-08-17 14:52:00,550,550,550,550,0
2022-08-17 14:53:00,550,550,550,550,0
2022-08-17 14:54:00,550,550,550,550,0
2022-08-17 14:55:00,550,550,550,550,0
2022-08-17 14:56:00,550,550,550,550,0
2022-08-17 14:57:00,550,550,550,550,0
2022-08-17 14:58:00,550,550,550,550,0
2022-08-17 14:59:00,550,550,550,550,0
2022-08-17 15:00:00,550,550,550,550,0
2022-08-17 15:01:00,550,550,550,550,0
2022-08-17 15:02:00,550,550,550,550,0
2022-08-17 15:03:00,550,550,550,550,0
2022-08-17 15:04:00,550,550,550,550,0
2022-08-17 15:05:00,550,550,550,550,0
2022-08-17 15:06:00,550,550,550,550,0
2022-08-17 15:07:00,550,550,550,550,0
2022-08-17 15:08:00,550,550,550,550,0
2022-08-17 15:09:00,550,550,550,550,0
2022-08-17 15:10:00,550,550,550,550,0
2022-08-17 15:11:00,550,550,550,550,0
2022-08-17 15:12:00,550,550,550,550,0
2022-08-17 15:13:00,550,550,550,550,0
2022-08-17 15:14:00,550,550,550,550,0
2022-08-17 15:15:00,550,550,550,550,0
2022-08-17 15:16:00,550,550,550,550,0
2022-08-17 15:17:00,550,550,550,550,0
2022-08-17 15:18:00,550,550,550,550,0
2022-08-17 15:19:00,550,550,550,550,0
2022-08-17 15:20:00,550,550,550,550,0
2022-08-17 15:21:00,550,550,550,550,0
2022-08-17 15:22:00,550,550,550,550,0
2022-08-17 15:23:00,550,550,550,550,0
2022-08-17 15:24:00,550,550,550,550,0
2022-08-17 15:25:00,550,550,550,550,0
2022-08-17 15:26:00,550,550,550,550,0
2022-08-17 15:27:00,550,550,550,550,0
2022-08-17 15:28:00,550,550,550,550,0
2022-08-17 15:29:00,550,550,550,550,0
2022-08-17 15:30:00,550,550,550,550,0
2022-08-17 15:31:00,550,550,550,550,0
2022-08-17 15:32:00,550,550,550,550,0
2022-08-17 15:33:00,550,550,550,550,0
2022-08-17 15:34:00,550,550,550,550,0
2022-08-17 15:35:00,550,550,550,550,0
2022-08-17 15:36:00,550,550,550,550,0
2022-08-17 15:37:00,550,550,550,550,0
2022-08-17 15:38:00,550,550,550,550,0
2022-08-17 15:39:00,550,550,550,550,0
2022-08-17 15:40:00,550,550,550,550,0
2022-08-17 15:41:00,550,550,550,550,0
2022-08-17 15:42:00,550,550,550,550,0
2022-08-17 15:43:00,550,550,550,550,0
2022-08-17 15:44:00,550,550,550,550,0
2022-08-17 15:45:00,550,550,550,550,0
2022-08-17 15:46:00,550,550,550,550,0
2022-08-17 15:47:00,550,550,550,550,0
2022-08-17 15:48:00,550,550,550,550,0
2022-08-17 15:49:00,550,550,550,550,0
2022-08-17 15:50:00,550,550,550,550,0
2022-08-17 15:51:00,550,550,550,550,0
2022-08-17 15:52:00,550,550,550,550,0
2022-08-17 15:53:00,550,550,550,550,0
2022-08-17 15:54:00,550,550,550,550,0
2022-08-17 15:55:00,550,550,550,550,0
2022-08-17 15:56:00,550,550,550,550,0
2022-08-17 15:57:00,550,550,550,550,0
2022-08-17 15:58:00,550,550,550,550,0
2022-08-17 15:59:00,550,550,550,550,0
2022-08-18 09:00:00,550,550,550,550,0
2022-08-18 09:01:00,550,550,550,550,0
2022-08-18 09:02:00,550,550,550,550,700
2022-08-18 09:03:00,550,550,550,550,0
2022-08-18 09:04:00,550,550,550,550,0
2022-08-18 09:05:00,550,550,550,550,0
2022-08-18 09:06:00,550,550,550,550,0
2022-08-18 09:07:00,550,550,550,550,0
2022-08-18 09:08:00,550,550,550,550,0
2022-08-18 09:09:00,550,550,550,550,0
2022-08-18 09:10:00,550,550,550,550,0
2022-08-18 09:11:00,550,550,550,550,0
2022-08-18 09:12:00,550,550,550,550,0
2022-08-18 09:13:00,550,550,550,550,11200
2022-08-18 09:14:00,545,545,545,545,49200
2022-08-18 09:15:00,550,550,550,550,0
2022-08-18 09:16:00,550,550,550,550,0
2022-08-18 09:17:00,550,550,550,550,0
2022-08-18 09:18:00,550,550,550,550,0
2022-08-18 09:19:00,550,550,550,550,0
2022-08-18 09:20:00,550,550,550,550,0
2022-08-18 09:21:00,550,550,550,550,0
2022-08-18 09:22:00,550,550,550,550,0
2022-08-18 09:23:00,550,550,550,550,0
2022-08-18 09:24:00,550,550,550,550,0
2022-08-18 09:25:00,550,550,550,550,0
2022-08-18 09:26:00,550,550,550,550,0
2022-08-18 09:27:00,550,550,550,550,0
2022-08-18 09:28:00,550,550,550,550,0
2022-08-18 09:29:00,550,550,550,550,0
2022-08-18 09:30:00,550,550,550,550,0
2022-08-18 09:31:00,550,550,550,550,0
2022-08-18 09:32:00,550,550,550,550,0
2022-08-18 09:33:00,550,550,550,550,0
2022-08-18 09:34:00,550,550,550,550,0
2022-08-18 09:35:00,550,550,550,550,0
2022-08-18 09:36:00,550,550,550,550,0
2022-08-18 09:37:00,550,550,550,550,0
2022-08-18 09:38:00,550,550,550,550,0
2022-08-18 09:39:00,550,550,550,550,0
2022-08-18 09:40:00,545,545,545,545,33200
2022-08-18 09:41:00,550,550,550,550,900
2022-08-18 09:42:00,550,550,550,550,0
2022-08-18 09:43:00,550,550,550,550,0
2022-08-18 09:44:00,550,550,550,550,0
2022-08-18 09:45:00,550,550,550,550,0
2022-08-18 09:46:00,550,550,550,550,0
2022-08-18 09:47:00,550,550,550,550,0
2022-08-18 09:48:00,550,550,550,550,0
2022-08-18 09:49:00,550,550,550,550,0
2022-08-18 09:50:00,550,550,550,550,0
2022-08-18 09:51:00,550,550,550,550,0
2022-08-18 09:52:00,550,550,550,550,0
2022-08-18 09:53:00,550,550,550,550,0
2022-08-18 09:54:00,550,550,550,550,0
2022-08-18 09:55:00,550,550,550,550,0
2022-08-18 09:56:00,550,550,550,550,0
2022-08-18 09:57:00,550,550,550,550,0
2022-08-18 09:58:00,550,550,550,550,0
2022-08-18 09:59:00,550,550,550,550,0
2022-08-18 10:00:00,550,550,550,550,0
2022-08-18 10:01:00,550,550,550,550,0
2022-08-18 10:02:00,550,550,550,550,0
2022-08-18 10:03:00,550,550,550,550,0
2022-08-18 10:04:00,550,550,550,550,0
2022-08-18 10:05:00,550,550,550,550,0
2022-08-18 10:06:00,550,550,550,550,0
2022-08-18 10:07:00,550,550,550,550,0
2022-08-18 10:08:00,550,550,550,550,0
2022-08-18 10:09:00,550,550,550,550,0
2022-08-18 10:10:00,550,550,550,550,0
2022-08-18 10:11:00,550,550,550,550,0
2022-08-18 10:12:00,550,550,550,550,0
2022-08-18 10:13:00,550,550,550,550,0
2022-08-18 10:14:00,550,550,550,550,0
2022-08-18 10:15:00,550,550,550,550,0
2022-08-18 10:16:00,550,550,550,550,0
2022-08-18 10:17:00,550,550,550,550,0
2022-08-18 10:18:00,550,550,550,550,0
2022-08-18 10:19:00,550,550,550,550,0
2022-08-18 10:20:00,550,550,550,550,0
2022-08-18 10:21:00,550,550,550,550,0
2022-08-18 10:22:00,550,550,550,550,0
2022-08-18 10:23:00,550,550,550,550,0
2022-08-18 10:24:00,550,550,550,550,0
2022-08-18 10:25:00,550,550,550,550,0
2022-08-18 10:26:00,550,550,550,550,0
2022-08-18 10:27:00,550,550,550,550,0
2022-08-18 10:28:00,550,550,550,550,0
2022-08-18 10:29:00,550,550,550,550,0
2022-08-18 10:30:00,550,550,550,550,0
2022-08-18 10:31:00,550,550,550,550,0
2022-08-18 10:32:00,550,550,550,550,0
2022-08-18 10:33:00,550,550,550,550,0
2022-08-18 10:34:00,550,550,550,550,0
2022-08-18 10:35:00,550,550,550,550,0
2022-08-18 10:36:00,550,550,550,550,0
2022-08-18 10:37:00,550,550,550,550,0
2022-08-18 10:38:00,550,550,550,550,0
2022-08-18 10:39:00,550,550,550,550,0
2022-08-18 10:40:00,550,550,550,550,0
2022-08-18 10:41:00,550,550,550,550,0
2022-08-18 10:42:00,550,550,550,550,0
2022-08-18 10:43:00,550,550,550,550,0
2022-08-18 10:44:00,550,550,550,550,0
2022-08-18 10:45:00,550,550,550,550,0
2022-08-18 10:46:00,550,550,550,550,0
2022-08-18 10:47:00,550,550,550,550,0
2022-08-18 10:48:00,550,550,550,550,0
2022-08-18 10:49:00,550,550,550,550,0
2022-08-18 10:50:00,550,550,550,550,0
2022-08-18 10:51:00,550,550,550,550,0
2022-08-18 10:52:00,550,550,550,550,0
2022-08-18 10:53:00,550,550,550,550,500
2022-08-18 10:54:00,550,550,550,550,0
2022-08-18 10:55:00,550,550,550,550,0
2022-08-18 10:56:00,550,550,550,550,0
2022-08-18 10:57:00,550,550,550,550,0
2022-08-18 10:58:00,550,550,550,550,0
2022-08-18 10:59:00,550,550,550,550,0
2022-08-18 11:00:00,550,550,550,550,0
2022-08-18 11:01:00,550,550,550,550,0
2022-08-18 11:02:00,550,550,550,550,0
2022-08-18 11:03:00,545,545,545,545,63300
2022-08-18 11:04:00,545,545,545,545,39000
2022-08-18 11:05:00,545,545,545,545,0
2022-08-18 11:06:00,545,545,545,545,0
2022-08-18 11:07:00,545,545,545,545,0
2022-08-18 11:08:00,545,545,545,545,0
2022-08-18 11:09:00,545,545,545,545,0
2022-08-18 11:10:00,545,545,545,545,21000
2022-08-18 11:11:00,545,545,550,550,0
2022-08-18 11:12:00,545,545,550,550,0
2022-08-18 11:13:00,545,545,550,550,0
2022-08-18 11:14:00,545,545,550,550,0
2022-08-18 11:15:00,545,545,550,550,0
2022-08-18 11:16:00,545,545,550,550,0
2022-08-18 11:17:00,545,545,550,550,0
2022-08-18 11:18:00,545,545,550,550,0
2022-08-18 11:19:00,545,545,550,550,0
2022-08-18 11:20:00,550,550,550,550,46500
2022-08-18 11:21:00,550,550,550,550,0
2022-08-18 11:22:00,550,550,550,550,0
2022-08-18 11:23:00,550,550,550,550,0
2022-08-18 11:24:00,550,550,550,550,0
2022-08-18 11:25:00,550,550,550,550,0
2022-08-18 11:26:00,550,550,550,550,0
2022-08-18 11:27:00,550,550,550,550,0
2022-08-18 11:28:00,550,550,550,550,0
2022-08-18 11:29:00,550,550,550,550,200
2022-08-18 11:30:00,550,550,550,550,0
2022-08-18 11:31:00,550,550,550,550,0
2022-08-18 11:32:00,550,550,550,550,0
2022-08-18 11:33:00,550,550,550,550,0
2022-08-18 11:34:00,550,550,550,550,0
2022-08-18 11:35:00,550,550,550,550,0
2022-08-18 11:36:00,550,550,550,550,0
2022-08-18 11:37:00,550,550,550,550,0
2022-08-18 11:38:00,550,550,550,550,0
2022-08-18 11:39:00,550,550,550,550,0
2022-08-18 11:40:00,550,550,550,550,0
2022-08-18 11:41:00,550,550,550,550,0
2022-08-18 11:42:00,550,550,550,550,0
2022-08-18 11:43:00,550,550,550,550,0
2022-08-18 11:44:00,550,550,550,550,0
2022-08-18 11:45:00,550,550,550,550,0
2022-08-18 11:46:00,550,550,550,550,0
2022-08-18 11:47:00,550,550,550,550,0
2022-08-18 11:48:00,550,550,550,550,0
2022-08-18 11:49:00,550,550,550,550,0
2022-08-18 11:50:00,550,550,550,550,0
2022-08-18 11:51:00,550,550,550,550,0
2022-08-18 11:52:00,550,550,550,550,0
2022-08-18 11:53:00,550,550,550,550,0
2022-08-18 11:54:00,550,550,550,550,0
2022-08-18 11:55:00,550,550,550,550,0
2022-08-18 11:56:00,550,550,550,550,0
2022-08-18 11:57:00,550,550,550,550,0
2022-08-18 11:58:00,550,550,550,550,0
2022-08-18 11:59:00,550,550,550,550,0
2022-08-18 12:00:00,550,550,550,550,0
2022-08-18 12:01:00,550,550,550,550,0
2022-08-18 12:02:00,550,550,550,550,0
2022-08-18 12:03:00,550,550,550,550,0
2022-08-18 12:04:00,550,550,550,550,0
2022-08-18 12:05:00,550,550,550,550,0
2022-08-18 12:06:00,550,550,550,550,0
2022-08-18 12:07:00,550,550,550,550,0
2022-08-18 12:08:00,550,550,550,550,0
2022-08-18 12:09:00,550,550,550,550,0
2022-08-18 12:10:00,550,550,550,550,0
2022-08-18 12:11:00,550,550,550,550,0
2022-08-18 12:12:00,550,550,550,550,0
2022-08-18 12:13:00,550,550,550,550,0
2022-08-18 12:14:00,550,550,550,550,0
2022-08-18 12:15:00,550,550,550,550,0
2022-08-18 12:16:00,550,550,550,550,0
2022-08-18 12:17:00,550,550,550,550,0
2022-08-18 12:18:00,550,550,550,550,0
2022-08-18 12:19:00,550,550,550,550,0
2022-08-18 12:20:00,550,550,550,550,0
2022-08-18 12:21:00,550,550,550,550,0
2022-08-18 12:22:00,550,550,550,550,0
2022-08-18 12:23:00,550,550,550,550,0
2022-08-18 12:24:00,550,550,550,550,0
2022-08-18 12:25:00,550,550,550,550,0
2022-08-18 12:26:00,550,550,550,550,0
2022-08-18 12:27:00,550,550,550,550,0
2022-08-18 12:28:00,550,550,550,550,0
2022-08-18 12:29:00,550,550,550,550,0
2022-08-18 12:30:00,550,550,550,550,0
2022-08-18 12:31:00,550,550,550,550,0
2022-08-18 12:32:00,550,550,550,550,0
2022-08-18 12:33:00,550,550,550,550,0
2022-08-18 12:34:00,550,550,550,550,0
2022-08-18 12:35:00,550,550,550,550,0
2022-08-18 12:36:00,550,550,550,550,0
2022-08-18 12:37:00,550,550,550,550,0
2022-08-18 12:38:00,550,550,550,550,0
2022-08-18 12:39:00,550,550,550,550,0
2022-08-18 12:40:00,550,550,550,550,0
2022-08-18 12:41:00,550,550,550,550,0
2022-08-18 12:42:00,550,550,550,550,0
2022-08-18 12:43:00,550,550,550,550,0
2022-08-18 12:44:00,550,550,550,550,0
2022-08-18 12:45:00,550,550,550,550,0
2022-08-18 12:46:00,550,550,550,550,0
2022-08-18 12:47:00,550,550,550,550,0
2022-08-18 12:48:00,550,550,550,550,0
2022-08-18 12:49:00,550,550,550,550,0
2022-08-18 12:50:00,550,550,550,550,0
2022-08-18 12:51:00,550,550,550,550,0
2022-08-18 12:52:00,550,550,550,550,0
2022-08-18 12:53:00,550,550,550,550,0
2022-08-18 12:54:00,550,550,550,550,0
2022-08-18 12:55:00,550,550,550,550,0
2022-08-18 12:56:00,550,550,550,550,0
2022-08-18 12:57:00,550,550,550,550,0
2022-08-18 12:58:00,550,550,550,550,0
2022-08-18 12:59:00,550,550,550,550,0
2022-08-18 13:00:00,550,550,550,550,0
2022-08-18 13:01:00,550,550,550,550,0
2022-08-18 13:02:00,550,550,550,550,0
2022-08-18 13:03:00,550,550,550,550,0
2022-08-18 13:04:00,550,550,550,550,0
2022-08-18 13:05:00,550,550,550,550,0
2022-08-18 13:06:00,550,550,550,550,0
2022-08-18 13:07:00,550,550,550,550,0
2022-08-18 13:08:00,550,550,550,550,0
2022-08-18 13:09:00,550,550,550,550,0
2022-08-18 13:10:00,550,550,550,550,0
2022-08-18 13:11:00,550,550,550,550,0
2022-08-18 13:12:00,550,550,550,550,0
2022-08-18 13:13:00,550,550,550,550,0
2022-08-18 13:14:00,550,550,550,550,0
2022-08-18 13:15:00,550,550,550,550,0
2022-08-18 13:16:00,550,550,550,550,0
2022-08-18 13:17:00,550,550,550,550,0
2022-08-18 13:18:00,550,550,550,550,0
2022-08-18 13:19:00,550,550,550,550,0
2022-08-18 13:20:00,550,550,550,550,0
2022-08-18 13:21:00,550,550,550,550,0
2022-08-18 13:22:00,550,550,550,550,0
2022-08-18 13:23:00,550,550,550,550,0
2022-08-18 13:24:00,550,550,550,550,0
2022-08-18 13:25:00,550,550,550,550,0
2022-08-18 13:26:00,550,550,550,550,0
2022-08-18 13:27:00,550,550,550,550,0
2022-08-18 13:28:00,550,550,550,550,0
2022-08-18 13:29:00,550,550,550,550,0
2022-08-18 13:30:00,550,550,550,550,0
2022-08-18 13:31:00,550,550,550,550,0
2022-08-18 13:32:00,550,550,550,550,0
2022-08-18 13:33:00,550,550,550,550,0
2022-08-18 13:34:00,550,550,550,550,0
2022-08-18 13:35:00,550,550,550,550,0
2022-08-18 13:36:00,550,550,550,550,0
2022-08-18 13:37:00,550,550,550,550,0
2022-08-18 13:38:00,550,550,550,550,0
2022-08-18 13:39:00,550,550,550,550,0
2022-08-18 13:40:00,550,550,550,550,0
2022-08-18 13:41:00,550,550,550,550,0
2022-08-18 13:42:00,550,550,550,550,0
2022-08-18 13:43:00,550,550,550,550,0
2022-08-18 13:44:00,550,550,550,550,0
2022-08-18 13:45:00,550,550,550,550,0
2022-08-18 13:46:00,550,550,550,550,0
2022-08-18 13:47:00,550,550,550,550,0
2022-08-18 13:48:00,550,550,550,550,0
2022-08-18 13:49:00,550,550,550,550,0
2022-08-18 13:50:00,550,550,550,550,0
2022-08-18 13:51:00,550,550,550,550,0
2022-08-18 13:52:00,545,545,550,550,1500
2022-08-18 13:53:00,545,545,550,550,0
2022-08-18 13:54:00,545,545,550,550,0
2022-08-18 13:55:00,545,545,550,550,0
2022-08-18 13:56:00,545,545,550,550,0
2022-08-18 13:57:00,545,545,550,550,0
2022-08-18 13:58:00,545,545,550,550,0
2022-08-18 13:59:00,545,545,550,550,0
2022-08-18 14:00:00,545,545,550,550,0
2022-08-18 14:01:00,545,545,550,550,0
2022-08-18 14:02:00,545,545,550,550,0
2022-08-18 14:03:00,545,545,550,550,0
2022-08-18 14:04:00,545,545,550,550,0
2022-08-18 14:05:00,545,545,550,550,0
2022-08-18 14:06:00,550,550,550,550,1500
2022-08-18 14:07:00,550,550,550,550,0
2022-08-18 14:08:00,550,550,550,550,0
2022-08-18 14:09:00,550,550,550,550,0
2022-08-18 14:10:00,550,550,550,550,0
2022-08-18 14:11:00,550,550,550,550,0
2022-08-18 14:12:00,550,550,550,550,0
2022-08-18 14:13:00,550,550,550,550,0
2022-08-18 14:14:00,550,550,550,550,0
2022-08-18 14:15:00,550,550,550,550,0
2022-08-18 14:16:00,550,550,550,550,0
2022-08-18 14:17:00,550,550,550,550,0
2022-08-18 14:18:00,550,550,550,550,0
2022-08-18 14:19:00,550,550,550,550,0
2022-08-18 14:20:00,550,550,550,550,0
2022-08-18 14:21:00,550,550,550,550,0
2022-08-18 14:22:00,550,550,550,550,0
2022-08-18 14:23:00,550,550,550,550,0
2022-08-18 14:24:00,550,550,550,550,0
2022-08-18 14:25:00,550,550,550,550,0
2022-08-18 14:26:00,550,550,550,550,0
2022-08-18 14:27:00,550,550,550,550,500
2022-08-18 14:28:00,550,550,550,550,0
2022-08-18 14:29:00,550,550,550,550,0
2022-08-18 14:30:00,550,550,550,550,0
2022-08-18 14:31:00,550,550,550,550,0
2022-08-18 14:32:00,550,550,550,550,0
2022-08-18 14:33:00,550,550,550,550,0
2022-08-18 14:34:00,550,550,550,550,0
2022-08-18 14:35:00,550,550,550,550,0
2022-08-18 14:36:00,550,550,550,550,0
2022-08-18 14:37:00,550,550,550,550,0
2022-08-18 14:38:00,550,550,550,550,0
2022-08-18 14:39:00,550,550,550,550,0
2022-08-18 14:40:00,550,550,550,550,400
2022-08-18 14:41:00,550,550,550,550,0
2022-08-18 14:42:00,550,550,550,550,0
2022-08-18 14:43:00,550,550,550,550,400
2022-08-18 14:44:00,550,550,550,550,0
2022-08-18 14:45:00,550,550,550,550,0
2022-08-18 14:46:00,550,550,550,550,100
2022-08-18 14:47:00,550,550,550,550,200
2022-08-18 14:48:00,550,550,550,550,400
2022-08-18 14:49:00,550,550,550,550,200
2022-08-18 14:50:00,550,550,550,550,0
2022-08-18 14:51:00,550,550,550,550,0
2022-08-18 14:52:00,550,550,550,550,0
2022-08-18 14:53:00,550,550,550,550,0
2022-08-18 14:54:00,550,550,550,550,0
2022-08-18 14:55:00,550,550,550,550,0
2022-08-18 14:56:00,550,550,550,550,0
2022-08-18 14:57:00,550,550,550,550,0
2022-08-18 14:58:00,550,550,550,550,0
2022-08-18 14:59:00,550,550,550,550,0
2022-08-18 15:00:00,545,545,545,545,33400
2022-08-18 15:01:00,545,545,545,545,46600
2022-08-18 15:02:00,545,545,545,545,0
2022-08-18 15:03:00,545,545,545,545,0
2022-08-18 15:04:00,545,545,545,545,0
2022-08-18 15:05:00,545,545,545,545,0
2022-08-18 15:06:00,545,545,545,545,0
2022-08-18 15:07:00,545,545,545,545,0
2022-08-18 15:08:00,545,545,545,545,0
2022-08-18 15:09:00,545,545,545,545,0
2022-08-18 15:10:00,545,545,545,545,0
2022-08-18 15:11:00,545,545,545,545,0
2022-08-18 15:12:00,545,545,545,545,302700
2022-08-18 15:13:00,545,545,545,545,0
2022-08-18 15:14:00,545,545,545,545,0
2022-08-18 15:15:00,545,545,545,545,0
2022-08-18 15:16:00,545,545,545,545,0
2022-08-18 15:17:00,545,545,545,545,0
2022-08-18 15:18:00,545,545,545,545,0
2022-08-18 15:19:00,545,545,545,545,0
2022-08-18 15:20:00,545,545,545,545,0
2022-08-18 15:21:00,545,545,545,545,0
2022-08-18 15:22:00,545,545,545,545,0
2022-08-18 15:23:00,545,545,545,545,0
2022-08-18 15:24:00,545,545,545,545,0
2022-08-18 15:25:00,545,545,545,545,0
2022-08-18 15:26:00,545,545,545,545,0
2022-08-18 15:27:00,545,545,545,545,0
2022-08-18 15:28:00,545,545,545,545,0
2022-08-18 15:29:00,545,545,545,545,0
2022-08-18 15:30:00,545,545,545,545,0
2022-08-18 15:31:00,545,545,545,545,0
2022-08-18 15:32:00,545,545,545,545,0
2022-08-18 15:33:00,545,545,545,545,0
2022-08-18 15:34:00,545,545,545,545,0
2022-08-18 15:35:00,545,545,545,545,0
2022-08-18 15:36:00,545,545,545,545,0
2022-08-18 15:37:00,545,545,545,545,0
2022-08-18 15:38:00,545,545,545,545,0
2022-08-18 15:39:00,545,545,545,545,0
2022-08-18 15:40:00,545,545,545,545,0
2022-08-18 15:41:00,545,545,545,545,0
2022-08-18 15:42:00,545,545,545,545,0
2022-08-18 15:43:00,545,545,545,545,0
2022-08-18 15:44:00,545,545,545,545,0
2022-08-18 15:45:00,545,545,545,545,0
2022-08-18 15:46:00,545,545,545,545,0
2022-08-18 15:47:00,545,545,545,545,0
2022-08-18 15:48:00,545,545,545,545,0
2022-08-18 15:49:00,545,545,545,545,0
2022-08-18 15:50:00,545,545,545,545,0
2022-08-18 15:51:00,545,545,545,545,0
2022-08-18 15:52:00,545,545,545,545,0
2022-08-18 15:53:00,545,545,545,545,0
2022-08-18 15:54:00,545,545,545,545,0
2022-08-18 15:55:00,545,545,545,545,0
2022-08-18 15:56:00,545,545,545,545,0
2022-08-18 15:57:00,545,545,545,545,0
2022-08-18 15:58:00,545,545,545,545,0
2022-08-18 15:59:00,545,545,545,545,0
2022-08-19 09:00:00,545,545,545,545,0
2022-08-19 09:01:00,550,550,550,550,0
2022-08-19 09:02:00,550,550,550,550,0
2022-08-19 09:03:00,550,550,550,550,0
2022-08-19 09:04:00,550,550,550,550,0
2022-08-19 09:05:00,550,550,550,550,0
2022-08-19 09:06:00,550,550,550,550,0
2022-08-19 09:07:00,550,550,550,550,0
2022-08-19 09:08:00,550,550,550,550,0
2022-08-19 09:09:00,550,550,550,550,0
2022-08-19 09:10:00,550,550,550,550,0
2022-08-19 09:11:00,550,550,550,550,200
2022-08-19 09:12:00,550,550,550,550,0
2022-08-19 09:13:00,550,550,550,550,0
2022-08-19 09:14:00,550,550,550,550,0
2022-08-19 09:15:00,550,550,550,550,0
2022-08-19 09:16:00,550,550,550,550,0
2022-08-19 09:17:00,550,550,550,550,0
2022-08-19 09:18:00,550,550,550,550,0
2022-08-19 09:19:00,545,545,550,550,500
2022-08-19 09:20:00,545,545,545,545,200
2022-08-19 09:21:00,545,545,550,550,900
2022-08-19 09:22:00,545,545,550,550,0
2022-08-19 09:23:00,545,545,550,550,0
2022-08-19 09:24:00,545,545,545,545,4500
2022-08-19 09:25:00,545,545,550,550,0
2022-08-19 09:26:00,545,545,550,550,0
2022-08-19 09:27:00,545,545,550,550,0
2022-08-19 09:28:00,545,545,550,550,0
2022-08-19 09:29:00,545,545,550,550,0
2022-08-19 09:30:00,545,545,550,550,0
2022-08-19 09:31:00,545,545,545,545,15400
2022-08-19 09:32:00,550,550,550,550,400
2022-08-19 09:33:00,550,550,550,550,0
2022-08-19 09:34:00,550,550,550,550,0
2022-08-19 09:35:00,550,550,550,550,0
2022-08-19 09:36:00,550,550,550,550,0
2022-08-19 09:37:00,545,545,550,550,5300
2022-08-19 09:38:00,545,545,550,550,0
2022-08-19 09:39:00,550,550,550,550,0
2022-08-19 09:40:00,550,550,550,550,0
2022-08-19 09:41:00,550,550,550,550,0
2022-08-19 09:42:00,550,550,550,550,0
2022-08-19 09:43:00,550,550,550,550,0
2022-08-19 09:44:00,550,550,550,550,0
2022-08-19 09:45:00,550,550,550,550,0
2022-08-19 09:46:00,550,550,550,550,0
2022-08-19 09:47:00,550,550,550,550,0
2022-08-19 09:48:00,550,550,550,550,0
2022-08-19 09:49:00,550,550,550,550,0
2022-08-19 09:50:00,550,550,550,550,0
2022-08-19 09:51:00,550,550,550,550,0
2022-08-19 09:52:00,550,550,550,550,0
2022-08-19 09:53:00,550,550,550,550,0
2022-08-19 09:54:00,550,550,550,550,0
2022-08-19 09:55:00,545,545,545,545,8000
2022-08-19 09:56:00,550,550,550,550,0
2022-08-19 09:57:00,550,550,550,550,100
2022-08-19 09:58:00,550,550,550,550,0
2022-08-19 09:59:00,550,550,550,550,400
2022-08-19 10:00:00,545,545,545,545,0
2022-08-19 10:01:00,550,550,550,550,300
2022-08-19 10:02:00,550,550,550,550,0
2022-08-19 10:03:00,550,550,550,550,0
2022-08-19 10:04:00,550,550,550,550,0
2022-08-19 10:05:00,550,550,550,550,0
2022-08-19 10:06:00,545,540,550,550,101100
2022-08-19 10:07:00,545,545,550,550,600
2022-08-19 10:08:00,545,545,550,550,0
2022-08-19 10:09:00,545,545,545,545,1100
2022-08-19 10:10:00,545,545,545,545,20000
2022-08-19 10:11:00,545,545,545,545,8000
2022-08-19 10:12:00,545,545,550,550,2300
2022-08-19 10:13:00,545,545,550,550,0
2022-08-19 10:14:00,545,545,545,545,1100
2022-08-19 10:15:00,545,545,545,545,0
2022-08-19 10:16:00,545,545,545,545,0
2022-08-19 10:17:00,545,545,545,545,0
2022-08-19 10:18:00,545,545,545,545,0
2022-08-19 10:19:00,545,545,545,545,0
2022-08-19 10:20:00,545,545,545,545,0
2022-08-19 10:21:00,545,545,545,545,0
2022-08-19 10:22:00,545,545,545,545,0
2022-08-19 10:23:00,545,545,545,545,0
2022-08-19 10:24:00,545,545,545,545,49500
2022-08-19 10:25:00,545,545,545,545,0
2022-08-19 10:26:00,545,545,550,550,10000
2022-08-19 10:27:00,545,545,550,550,0
2022-08-19 10:28:00,545,545,550,550,0
2022-08-19 10:29:00,545,545,550,550,0
2022-08-19 10:30:00,545,545,550,550,0
2022-08-19 10:31:00,545,545,550,550,0
2022-08-19 10:32:00,545,545,550,550,0
2022-08-19 10:33:00,545,545,550,550,0
2022-08-19 10:34:00,545,545,550,550,0
2022-08-19 10:35:00,545,545,550,550,0
2022-08-19 10:36:00,545,545,550,550,0
2022-08-19 10:37:00,545,545,550,550,0
2022-08-19 10:38:00,545,545,550,550,0
2022-08-19 10:39:00,545,545,550,550,0
2022-08-19 10:40:00,545,545,550,550,0
2022-08-19 10:41:00,545,545,550,550,0
2022-08-19 10:42:00,550,550,550,550,400
2022-08-19 10:43:00,550,550,550,550,0
2022-08-19 10:44:00,550,550,550,550,0
2022-08-19 10:45:00,550,550,550,550,0
2022-08-19 10:46:00,550,550,550,550,47400
2022-08-19 10:47:00,550,550,550,550,0
2022-08-19 10:48:00,550,550,550,550,0
2022-08-19 10:49:00,550,550,550,550,0
2022-08-19 10:50:00,550,550,550,550,0
2022-08-19 10:51:00,550,550,550,550,0
2022-08-19 10:52:00,550,550,550,550,0
2022-08-19 10:53:00,550,550,550,550,0
2022-08-19 10:54:00,550,550,550,550,0
2022-08-19 10:55:00,550,550,550,550,0
2022-08-19 10:56:00,550,550,550,550,0
2022-08-19 10:57:00,550,550,550,550,0
2022-08-19 10:58:00,550,550,550,550,0
2022-08-19 10:59:00,550,550,550,550,0
2022-08-19 11:00:00,550,550,550,550,0
2022-08-19 11:01:00,550,550,550,550,0
2022-08-19 11:02:00,550,550,550,550,0
2022-08-19 11:03:00,550,550,550,550,0
2022-08-19 11:04:00,550,550,550,550,0
2022-08-19 11:05:00,545,545,545,545,5400
2022-08-19 11:06:00,545,545,545,545,0
2022-08-19 11:07:00,545,545,545,545,0
2022-08-19 11:08:00,545,545,550,550,4700
2022-08-19 11:09:00,545,545,550,550,0
2022-08-19 11:10:00,545,545,550,550,0
2022-08-19 11:11:00,545,545,550,550,0
2022-08-19 11:12:00,545,545,550,550,0
2022-08-19 11:13:00,545,545,550,550,0
2022-08-19 11:14:00,545,545,550,550,0
2022-08-19 11:15:00,545,545,550,550,0
2022-08-19 11:16:00,545,545,550,550,0
2022-08-19 11:17:00,545,545,550,550,0
2022-08-19 11:18:00,545,545,550,550,0
2022-08-19 11:19:00,545,545,550,550,0
2022-08-19 11:20:00,545,545,550,550,0
2022-08-19 11:21:00,545,545,550,550,0
2022-08-19 11:22:00,545,545,550,550,0
2022-08-19 11:23:00,545,545,550,550,0
2022-08-19 11:24:00,545,545,550,550,0
2022-08-19 11:25:00,545,545,550,550,0
2022-08-19 11:26:00,545,545,550,550,0
2022-08-19 11:27:00,545,545,550,550,0
2022-08-19 11:28:00,545,545,550,550,0
2022-08-19 11:29:00,545,545,550,550,0
2022-08-19 11:30:00,545,545,550,550,0
2022-08-19 11:31:00,545,545,550,550,0
2022-08-19 11:32:00,545,545,550,550,0
2022-08-19 11:33:00,545,545,550,550,0
2022-08-19 11:34:00,545,545,550,550,0
2022-08-19 11:35:00,545,545,550,550,0
2022-08-19 11:36:00,545,545,550,550,0
2022-08-19 11:37:00,545,545,550,550,0
2022-08-19 11:38:00,545,545,550,550,0
2022-08-19 11:39:00,545,545,550,550,0
2022-08-19 11:40:00,545,545,550,550,0
2022-08-19 11:41:00,545,545,550,550,0
2022-08-19 11:42:00,545,545,550,550,0
2022-08-19 11:43:00,545,545,550,550,0
2022-08-19 11:44:00,545,545,550,550,0
2022-08-19 11:45:00,545,545,550,550,0
2022-08-19 11:46:00,545,545,550,550,0
2022-08-19 11:47:00,545,545,550,550,0
2022-08-19 11:48:00,545,545,550,550,0
2022-08-19 11:49:00,545,545,550,550,0
2022-08-19 11:50:00,545,545,550,550,0
2022-08-19 11:51:00,545,545,550,550,0
2022-08-19 11:52:00,545,545,550,550,0
2022-08-19 11:53:00,545,545,550,550,0
2022-08-19 11:54:00,545,545,550,550,0
2022-08-19 11:55:00,545,545,550,550,0
2022-08-19 11:56:00,545,545,550,550,0
2022-08-19 11:57:00,545,545,550,550,0
2022-08-19 11:58:00,545,545,550,550,0
2022-08-19 11:59:00,545,545,550,550,0
2022-08-19 12:00:00,545,545,550,550,0
2022-08-19 12:01:00,545,545,550,550,0
2022-08-19 12:02:00,545,545,550,550,0
2022-08-19 12:03:00,545,545,550,550,0
2022-08-19 12:04:00,545,545,550,550,0
2022-08-19 12:05:00,545,545,550,550,0
2022-08-19 12:06:00,545,545,550,550,0
2022-08-19 12:07:00,545,545,550,550,0
2022-08-19 12:08:00,545,545,550,550,0
2022-08-19 12:09:00,545,545,550,550,0
2022-08-19 12:10:00,545,545,550,550,0
2022-08-19 12:11:00,545,545,550,550,0
2022-08-19 12:12:00,545,545,550,550,0
2022-08-19 12:13:00,545,545,550,550,0
2022-08-19 12:14:00,545,545,550,550,0
2022-08-19 12:15:00,545,545,550,550,0
2022-08-19 12:16:00,545,545,550,550,0
2022-08-19 12:17:00,545,545,550,550,0
2022-08-19 12:18:00,545,545,550,550,0
2022-08-19 12:19:00,545,545,550,550,0
2022-08-19 12:20:00,545,545,550,550,0
2022-08-19 12:21:00,545,545,550,550,0
2022-08-19 12:22:00,545,545,550,550,0
2022-08-19 12:23:00,545,545,550,550,0
2022-08-19 12:24:00,545,545,550,550,0
2022-08-19 12:25:00,545,545,550,550,0
2022-08-19 12:26:00,545,545,550,550,0
2022-08-19 12:27:00,545,545,550,550,0
2022-08-19 12:28:00,545,545,550,550,0
2022-08-19 12:29:00,545,545,550,550,0
2022-08-19 12:30:00,545,545,550,550,0
2022-08-19 12:31:00,545,545,550,550,0
2022-08-19 12:32:00,545,545,550,550,0
2022-08-19 12:33:00,545,545,550,550,0
2022-08-19 12:34:00,545,545,550,550,0
2022-08-19 12:35:00,545,545,550,550,0
2022-08-19 12:36:00,545,545,550,550,0
2022-08-19 12:37:00,545,545,550,550,0
2022-08-19 12:38:00,545,545,550,550,0
2022-08-19 12:39:00,545,545,550,550,0
2022-08-19 12:40:00,545,545,550,550,0
2022-08-19 12:41:00,545,545,550,550,0
2022-08-19 12:42:00,545,545,550,550,0
2022-08-19 12:43:00,545,545,550,550,0
2022-08-19 12:44:00,545,545,550,550,0
2022-08-19 12:45:00,545,545,550,550,0
2022-08-19 12:46:00,545,545,550,550,0
2022-08-19 12:47:00,545,545,550,550,0
2022-08-19 12:48:00,545,545,550,550,0
2022-08-19 12:49:00,545,545,550,550,0
2022-08-19 12:50:00,545,545,550,550,0
2022-08-19 12:51:00,545,545,550,550,0
2022-08-19 12:52:00,545,545,550,550,0
2022-08-19 12:53:00,545,545,550,550,0
2022-08-19 12:54:00,545,545,550,550,0
2022-08-19 12:55:00,545,545,550,550,0
2022-08-19 12:56:00,545,545,550,550,0
2022-08-19 12:57:00,545,545,550,550,0
2022-08-19 12:58:00,545,545,550,550,0
2022-08-19 12:59:00,545,545,550,550,0
2022-08-19 13:00:00,545,545,550,550,0
2022-08-19 13:01:00,545,545,550,550,0
2022-08-19 13:02:00,545,545,550,550,0
2022-08-19 13:03:00,545,545,550,550,0
2022-08-19 13:04:00,545,545,550,550,0
2022-08-19 13:05:00,545,545,550,550,0
2022-08-19 13:06:00,545,545,550,550,0
2022-08-19 13:07:00,545,545,550,550,0
2022-08-19 13:08:00,545,545,550,550,0
2022-08-19 13:09:00,545,545,550,550,0
2022-08-19 13:10:00,545,545,550,550,0
2022-08-19 13:11:00,545,545,550,550,0
2022-08-19 13:12:00,545,545,550,550,0
2022-08-19 13:13:00,545,545,550,550,0
2022-08-19 13:14:00,545,545,550,550,0
2022-08-19 13:15:00,545,545,550,550,0
2022-08-19 13:16:00,545,545,550,550,0
2022-08-19 13:17:00,545,545,550,550,0
2022-08-19 13:18:00,545,545,550,550,0
2022-08-19 13:19:00,545,545,550,550,0
2022-08-19 13:20:00,545,545,550,550,0
2022-08-19 13:21:00,545,545,550,550,0
2022-08-19 13:22:00,545,545,550,550,0
2022-08-19 13:23:00,545,545,550,550,0
2022-08-19 13:24:00,545,545,550,550,0
2022-08-19 13:25:00,545,545,550,550,0
2022-08-19 13:26:00,545,545,550,550,0
2022-08-19 13:27:00,545,545,550,550,0
2022-08-19 13:28:00,545,545,550,550,0
2022-08-19 13:29:00,545,545,550,550,0
2022-08-19 13:30:00,540,540,540,540,200
2022-08-19 13:31:00,540,540,540,540,0
2022-08-19 13:32:00,540,540,540,540,0
2022-08-19 13:33:00,540,540,540,540,0
2022-08-19 13:34:00,545,545,550,550,6300
2022-08-19 13:35:00,545,545,550,550,0
2022-08-19 13:36:00,550,550,550,550,0
2022-08-19 13:37:00,550,550,550,550,0
2022-08-19 13:38:00,550,550,550,550,0
2022-08-19 13:39:00,550,550,550,550,0
2022-08-19 13:40:00,550,550,550,550,0
2022-08-19 13:41:00,550,550,550,550,0
2022-08-19 13:42:00,550,550,550,550,0
2022-08-19 13:43:00,550,550,550,550,0
2022-08-19 13:44:00,550,550,550,550,0
2022-08-19 13:45:00,550,550,550,550,0
2022-08-19 13:46:00,550,550,550,550,0
2022-08-19 13:47:00,550,550,550,550,0
2022-08-19 13:48:00,550,550,550,550,0
2022-08-19 13:49:00,550,550,550,550,0
2022-08-19 13:50:00,550,550,550,550,0
2022-08-19 13:51:00,550,550,550,550,0
2022-08-19 13:52:00,550,550,550,550,0
2022-08-19 13:53:00,550,550,550,550,0
2022-08-19 13:54:00,550,550,550,550,0
2022-08-19 13:55:00,550,550,550,550,0
2022-08-19 13:56:00,550,550,550,550,0
2022-08-19 13:57:00,550,550,550,550,0
2022-08-19 13:58:00,550,550,550,550,0
2022-08-19 13:59:00,550,550,550,550,0
2022-08-19 14:00:00,550,550,550,550,0
2022-08-19 14:01:00,550,550,550,550,0
2022-08-19 14:02:00,550,550,550,550,300
2022-08-19 14:03:00,550,550,550,550,0
2022-08-19 14:04:00,550,550,550,550,0
2022-08-19 14:05:00,550,550,550,550,0
2022-08-19 14:06:00,550,550,550,550,0
2022-08-19 14:07:00,550,550,550,550,0
2022-08-19 14:08:00,550,550,550,550,0
2022-08-19 14:09:00,550,550,550,550,0
2022-08-19 14:10:00,550,550,550,550,0
2022-08-19 14:11:00,550,550,550,550,0
2022-08-19 14:12:00,550,550,550,550,0
2022-08-19 14:13:00,550,550,550,550,0
2022-08-19 14:14:00,550,550,550,550,0
2022-08-19 14:15:00,550,550,550,550,0
2022-08-19 14:16:00,545,545,545,545,48400
2022-08-19 14:17:00,545,545,545,545,9800
2022-08-19 14:18:00,545,545,545,545,0
2022-08-19 14:19:00,545,545,545,545,0
2022-08-19 14:20:00,545,545,545,545,0
2022-08-19 14:21:00,545,545,545,545,0
2022-08-19 14:22:00,545,545,545,545,0
2022-08-19 14:23:00,545,545,545,545,0
2022-08-19 14:24:00,545,545,545,545,0
2022-08-19 14:25:00,545,545,545,545,0
2022-08-19 14:26:00,540,540,545,545,2500
2022-08-19 14:27:00,545,545,545,545,900
2022-08-19 14:28:00,545,545,545,545,0
2022-08-19 14:29:00,545,545,545,545,0
2022-08-19 14:30:00,545,545,545,545,0
2022-08-19 14:31:00,545,545,545,545,0
2022-08-19 14:32:00,545,545,545,545,0
2022-08-19 14:33:00,545,545,545,545,0
2022-08-19 14:34:00,545,545,545,545,0
2022-08-19 14:35:00,545,545,545,545,0
2022-08-19 14:36:00,545,545,550,550,41500
2022-08-19 14:37:00,545,545,545,545,0
2022-08-19 14:38:00,545,545,545,545,0
2022-08-19 14:39:00,545,545,545,545,0
2022-08-19 14:40:00,545,545,545,545,0
2022-08-19 14:41:00,545,545,545,545,2000
2022-08-19 14:42:00,540,540,545,545,0
2022-08-19 14:43:00,540,540,545,545,0
2022-08-19 14:44:00,540,540,545,545,0
2022-08-19 14:45:00,545,545,545,545,800
2022-08-19 14:46:00,545,545,545,545,300
2022-08-19 14:47:00,545,545,545,545,0
2022-08-19 14:48:00,545,545,545,545,200
2022-08-19 14:49:00,545,545,550,550,27000
2022-08-19 14:50:00,545,545,550,550,0
2022-08-19 14:51:00,545,545,550,550,0
2022-08-19 14:52:00,545,545,550,550,0
2022-08-19 14:53:00,545,545,550,550,0
2022-08-19 14:54:00,545,545,550,550,0
2022-08-19 14:55:00,545,545,550,550,0
2022-08-19 14:56:00,545,545,550,550,0
2022-08-19 14:57:00,545,545,550,550,0
2022-08-19 14:58:00,545,545,550,550,0
2022-08-19 14:59:00,545,545,550,550,0
2022-08-19 15:00:00,550,550,550,550,0
2022-08-19 15:01:00,550,550,550,550,0
2022-08-19 15:02:00,550,550,550,550,0
2022-08-19 15:03:00,550,550,550,550,0
2022-08-19 15:04:00,550,550,550,550,0
2022-08-19 15:05:00,550,550,550,550,0
2022-08-19 15:06:00,550,550,550,550,0
2022-08-19 15:07:00,550,550,550,550,0
2022-08-19 15:08:00,550,550,550,550,0
2022-08-19 15:09:00,550,550,550,550,0
2022-08-19 15:10:00,550,550,550,550,0
2022-08-19 15:11:00,550,550,550,550,0
2022-08-19 15:12:00,550,550,550,550,0
2022-08-19 15:13:00,550,550,550,550,0
2022-08-19 15:14:00,550,550,550,550,0
2022-08-19 15:15:00,550,550,550,550,0
2022-08-19 15:16:00,550,550,550,550,0
2022-08-19 15:17:00,550,550,550,550,0
2022-08-19 15:18:00,550,550,550,550,0
2022-08-19 15:19:00,550,550,550,550,0
2022-08-19 15:20:00,550,550,550,550,0
2022-08-19 15:21:00,550,550,550,550,0
2022-08-19 15:22:00,550,550,550,550,0
2022-08-19 15:23:00,550,550,550,550,0
2022-08-19 15:24:00,550,550,550,550,0
2022-08-19 15:25:00,550,550,550,550,0
2022-08-19 15:26:00,550,550,550,550,0
2022-08-19 15:27:00,550,550,550,550,0
2022-08-19 15:28:00,550,550,550,550,0
2022-08-19 15:29:00,550,550,550,550,0
2022-08-19 15:30:00,550,550,550,550,0
2022-08-19 15:31:00,550,550,550,550,0
2022-08-19 15:32:00,550,550,550,550,0
2022-08-19 15:33:00,550,550,550,550,0
2022-08-19 15:34:00,550,550,550,550,0
2022-08-19 15:35:00,550,550,550,550,0
2022-08-19 15:36:00,550,550,550,550,0
2022-08-19 15:37:00,550,550,550,550,0
2022-08-19 15:38:00,550,550,550,550,0
2022-08-19 15:39:00,550,550,550,550,0
2022-08-19 15:40:00,550,550,550,550,0
2022-08-19 15:41:00,550,550,550,550,0
2022-08-19 15:42:00,550,550,550,550,0
2022-08-19 15:43:00,550,550,550,550,0
2022-08-19 15:44:00,550,550,550,550,0
2022-08-19 15:45:00,550,550,550,550,0
2022-08-19 15:46:00,550,550,550,550,0
2022-08-19 15:47:00,550,550,550,550,0
2022-08-19 15:48:00,550,550,550,550,0
2022-08-19 15:49:00,550,550,550,550,0
2022-08-19 15:50:00,550,550,550,550,0
2022-08-19 15:51:00,550,550,550,550,0
2022-08-19 15:52:00,550,550,550,550,0
2022-08-19 15:53:00,550,550,550,550,0
2022-08-19 15:54:00,550,550,550,550,0
2022-08-19 15:55:00,550,550,550,550,0
2022-08-19 15:56:00,550,550,550,550,0
2022-08-19 15:57:00,550,550,550,550,0
2022-08-19 15:58:00,550,550,550,550,0
2022-08-19 15:59:00,550,550,550,550,0
2022-08-22 09:00:00,550,550,550,550,0
2022-08-22 09:01:00,550,550,550,550,0
2022-08-22 09:02:00,550,550,550,550,0
2022-08-22 09:03:00,550,550,550,550,700
2022-08-22 09:04:00,550,550,550,550,600
2022-08-22 09:05:00,550,550,550,550,0
2022-08-22 09:06:00,550,550,550,550,0
2022-08-22 09:07:00,550,550,550,550,0
2022-08-22 09:08:00,550,550,550,550,0
2022-08-22 09:09:00,550,550,550,550,0
2022-08-22 09:10:00,550,550,550,550,0
2022-08-22 09:11:00,550,550,550,550,100
2022-08-22 09:12:00,550,550,550,550,86600
2022-08-22 09:13:00,550,550,550,550,0
2022-08-22 09:14:00,550,550,550,550,0
2022-08-22 09:15:00,550,550,550,550,0
2022-08-22 09:16:00,550,550,550,550,0
2022-08-22 09:17:00,550,550,550,550,0
2022-08-22 09:18:00,550,550,550,550,0
2022-08-22 09:19:00,550,550,550,550,0
2022-08-22 09:20:00,550,550,550,550,0
2022-08-22 09:21:00,550,550,550,550,0
2022-08-22 09:22:00,550,550,550,550,0
2022-08-22 09:23:00,550,550,550,550,0
2022-08-22 09:24:00,550,550,550,550,0
2022-08-22 09:25:00,550,550,550,550,0
2022-08-22 09:26:00,550,550,550,550,0
2022-08-22 09:27:00,550,550,550,550,0
2022-08-22 09:28:00,550,550,550,550,0
2022-08-22 09:29:00,550,550,550,550,0
2022-08-22 09:30:00,550,550,550,550,0
2022-08-22 09:31:00,550,550,550,550,0
2022-08-22 09:32:00,550,550,550,550,0
2022-08-22 09:33:00,550,550,550,550,0
2022-08-22 09:34:00,550,550,550,550,0
2022-08-22 09:35:00,550,550,550,550,0
2022-08-22 09:36:00,550,550,550,550,0
2022-08-22 09:37:00,550,550,550,550,0
2022-08-22 09:38:00,550,550,550,550,0
2022-08-22 09:39:00,550,550,550,550,0
2022-08-22 09:40:00,550,550,550,550,0
2022-08-22 09:41:00,550,550,550,550,0
2022-08-22 09:42:00,550,550,550,550,0
2022-08-22 09:43:00,550,550,550,550,0
2022-08-22 09:44:00,550,550,550,550,0
2022-08-22 09:45:00,550,550,550,550,0
2022-08-22 09:46:00,550,550,550,550,0
2022-08-22 09:47:00,550,550,550,550,0
2022-08-22 09:48:00,550,550,550,550,2000
2022-08-22 09:49:00,545,545,545,545,59000
2022-08-22 09:50:00,550,550,550,550,0
2022-08-22 09:51:00,550,550,550,550,0
2022-08-22 09:52:00,550,550,550,550,0
2022-08-22 09:53:00,550,550,550,550,0
2022-08-22 09:54:00,550,550,550,550,0
2022-08-22 09:55:00,550,550,550,550,0
2022-08-22 09:56:00,550,550,550,550,0
2022-08-22 09:57:00,550,550,550,550,0
2022-08-22 09:58:00,550,550,550,550,0
2022-08-22 09:59:00,550,550,550,550,0
2022-08-22 10:00:00,550,550,550,550,0
2022-08-22 10:01:00,550,550,550,550,0
2022-08-22 10:02:00,550,550,550,550,0
2022-08-22 10:03:00,550,550,550,550,0
2022-08-22 10:04:00,550,550,550,550,0
2022-08-22 10:05:00,550,550,550,550,0
2022-08-22 10:06:00,550,550,550,550,0
2022-08-22 10:07:00,550,550,550,550,0
2022-08-22 10:08:00,550,550,550,550,0
2022-08-22 10:09:00,550,550,550,550,0
2022-08-22 10:10:00,550,550,550,550,0
2022-08-22 10:11:00,550,550,550,550,0
2022-08-22 10:12:00,550,550,550,550,0
2022-08-22 10:13:00,550,550,550,550,0
2022-08-22 10:14:00,550,550,550,550,0
2022-08-22 10:15:00,550,550,550,550,0
2022-08-22 10:16:00,550,550,550,550,0
2022-08-22 10:17:00,550,550,550,550,0
2022-08-22 10:18:00,550,550,550,550,0
2022-08-22 10:19:00,550,550,550,550,0
2022-08-22 10:20:00,550,550,550,550,0
2022-08-22 10:21:00,550,550,550,550,0
2022-08-22 10:22:00,550,550,550,550,0
2022-08-22 10:23:00,550,550,550,550,0
2022-08-22 10:24:00,550,550,550,550,0
2022-08-22 10:25:00,550,550,550,550,0
2022-08-22 10:26:00,550,550,550,550,0
2022-08-22 10:27:00,550,550,550,550,0
2022-08-22 10:28:00,550,550,550,550,0
2022-08-22 10:29:00,550,550,550,550,0
2022-08-22 10:30:00,550,550,550,550,0
2022-08-22 10:31:00,550,550,550,550,0
2022-08-22 10:32:00,550,550,550,550,0
2022-08-22 10:33:00,550,550,550,550,0
2022-08-22 10:34:00,550,550,550,550,0
2022-08-22 10:35:00,550,550,550,550,0
2022-08-22 10:36:00,550,550,550,550,0
2022-08-22 10:37:00,550,550,550,550,0
2022-08-22 10:38:00,550,550,550,550,0
2022-08-22 10:39:00,550,550,550,550,0
2022-08-22 10:40:00,550,550,550,550,0
2022-08-22 10:41:00,550,550,550,550,0
2022-08-22 10:42:00,550,550,550,550,0
2022-08-22 10:43:00,550,550,550,550,0
2022-08-22 10:44:00,550,550,550,550,0
2022-08-22 10:45:00,550,550,550,550,0
2022-08-22 10:46:00,550,550,550,550,0
2022-08-22 10:47:00,550,550,550,550,0
2022-08-22 10:48:00,550,550,550,550,0
2022-08-22 10:49:00,545,545,545,545,65000
2022-08-22 10:50:00,545,545,545,545,0
2022-08-22 10:51:00,545,545,545,545,1800
2022-08-22 10:52:00,545,545,545,545,0
2022-08-22 10:53:00,545,545,545,545,0
2022-08-22 10:54:00,545,545,545,545,0
2022-08-22 10:55:00,545,545,545,545,0
2022-08-22 10:56:00,545,545,545,545,0
2022-08-22 10:57:00,545,545,545,545,0
2022-08-22 10:58:00,545,545,545,545,0
2022-08-22 10:59:00,545,545,545,545,0
2022-08-22 11:00:00,545,545,545,545,0
2022-08-22 11:01:00,545,545,545,545,0
2022-08-22 11:02:00,545,545,545,545,0
2022-08-22 11:03:00,545,545,545,545,0
2022-08-22 11:04:00,545,545,545,545,0
2022-08-22 11:05:00,545,545,545,545,0
2022-08-22 11:06:00,545,545,545,545,0
2022-08-22 11:07:00,545,545,545,545,0
2022-08-22 11:08:00,545,545,545,545,0
2022-08-22 11:09:00,545,545,545,545,0
2022-08-22 11:10:00,545,545,545,545,0
2022-08-22 11:11:00,545,545,545,545,0
2022-08-22 11:12:00,545,545,545,545,0
2022-08-22 11:13:00,545,545,545,545,0
2022-08-22 11:14:00,545,545,550,550,36000
2022-08-22 11:15:00,545,545,550,550,0
2022-08-22 11:16:00,545,545,550,550,0
2022-08-22 11:17:00,545,545,550,550,10400
2022-08-22 11:18:00,545,545,550,550,0
2022-08-22 11:19:00,545,545,550,550,0
2022-08-22 11:20:00,545,545,550,550,0
2022-08-22 11:21:00,545,545,550,550,0
2022-08-22 11:22:00,545,545,550,550,0
2022-08-22 11:23:00,545,545,550,550,0
2022-08-22 11:24:00,545,545,550,550,0
2022-08-22 11:25:00,545,545,550,550,0
2022-08-22 11:26:00,545,545,550,550,0
2022-08-22 11:27:00,550,550,550,550,700
2022-08-22 11:28:00,550,550,550,550,100
2022-08-22 11:29:00,550,550,550,550,100
2022-08-22 11:30:00,550,550,550,550,0
2022-08-22 11:31:00,550,550,550,550,0
2022-08-22 11:32:00,550,550,550,550,0
2022-08-22 11:33:00,550,550,550,550,0
2022-08-22 11:34:00,550,550,550,550,0
2022-08-22 11:35:00,550,550,550,550,0
2022-08-22 11:36:00,550,550,550,550,0
2022-08-22 11:37:00,550,550,550,550,0
2022-08-22 11:38:00,550,550,550,550,0
2022-08-22 11:39:00,550,550,550,550,0
2022-08-22 11:40:00,550,550,550,550,0
2022-08-22 11:41:00,550,550,550,550,0
2022-08-22 11:42:00,550,550,550,550,0
2022-08-22 11:43:00,550,550,550,550,0
2022-08-22 11:44:00,550,550,550,550,0
2022-08-22 11:45:00,550,550,550,550,0
2022-08-22 11:46:00,550,550,550,550,0
2022-08-22 11:47:00,550,550,550,550,0
2022-08-22 11:48:00,550,550,550,550,0
2022-08-22 11:49:00,550,550,550,550,0
2022-08-22 11:50:00,550,550,550,550,0
2022-08-22 11:51:00,550,550,550,550,0
2022-08-22 11:52:00,550,550,550,550,0
2022-08-22 11:53:00,550,550,550,550,0
2022-08-22 11:54:00,550,550,550,550,0
2022-08-22 11:55:00,550,550,550,550,0
2022-08-22 11:56:00,550,550,550,550,0
2022-08-22 11:57:00,550,550,550,550,0
2022-08-22 11:58:00,550,550,550,550,0
2022-08-22 11:59:00,550,550,550,550,0
2022-08-22 12:00:00,550,550,550,550,0
2022-08-22 12:01:00,550,550,550,550,0
2022-08-22 12:02:00,550,550,550,550,0
2022-08-22 12:03:00,550,550,550,550,0
2022-08-22 12:04:00,550,550,550,550,0
2022-08-22 12:05:00,550,550,550,550,0
2022-08-22 12:06:00,550,550,550,550,0
2022-08-22 12:07:00,550,550,550,550,0
2022-08-22 12:08:00,550,550,550,550,0
2022-08-22 12:09:00,550,550,550,550,0
2022-08-22 12:10:00,550,550,550,550,0
2022-08-22 12:11:00,550,550,550,550,0
2022-08-22 12:12:00,550,550,550,550,0
2022-08-22 12:13:00,550,550,550,550,0
2022-08-22 12:14:00,550,550,550,550,0
2022-08-22 12:15:00,550,550,550,550,0
2022-08-22 12:16:00,550,550,550,550,0
2022-08-22 12:17:00,550,550,550,550,0
2022-08-22 12:18:00,550,550,550,550,0
2022-08-22 12:19:00,550,550,550,550,0
2022-08-22 12:20:00,550,550,550,550,0
2022-08-22 12:21:00,550,550,550,550,0
2022-08-22 12:22:00,550,550,550,550,0
2022-08-22 12:23:00,550,550,550,550,0
2022-08-22 12:24:00,550,550,550,550,0
2022-08-22 12:25:00,550,550,550,550,0
2022-08-22 12:26:00,550,550,550,550,0
2022-08-22 12:27:00,550,550,550,550,0
2022-08-22 12:28:00,550,550,550,550,0
2022-08-22 12:29:00,550,550,550,550,0
2022-08-22 12:30:00,550,550,550,550,0
2022-08-22 12:31:00,550,550,550,550,0
2022-08-22 12:32:00,550,550,550,550,0
2022-08-22 12:33:00,550,550,550,550,0
2022-08-22 12:34:00,550,550,550,550,0
2022-08-22 12:35:00,550,550,550,550,0
2022-08-22 12:36:00,550,550,550,550,0
2022-08-22 12:37:00,550,550,550,550,0
2022-08-22 12:38:00,550,550,550,550,0
2022-08-22 12:39:00,550,550,550,550,0
2022-08-22 12:40:00,550,550,550,550,0
2022-08-22 12:41:00,550,550,550,550,0
2022-08-22 12:42:00,550,550,550,550,0
2022-08-22 12:43:00,550,550,550,550,0
2022-08-22 12:44:00,550,550,550,550,0
2022-08-22 12:45:00,550,550,550,550,0
2022-08-22 12:46:00,550,550,550,550,0
2022-08-22 12:47:00,550,550,550,550,0
2022-08-22 12:48:00,550,550,550,550,0
2022-08-22 12:49:00,550,550,550,550,0
2022-08-22 12:50:00,550,550,550,550,0
2022-08-22 12:51:00,550,550,550,550,0
2022-08-22 12:52:00,550,550,550,550,0
2022-08-22 12:53:00,550,550,550,550,0
2022-08-22 12:54:00,550,550,550,550,0
2022-08-22 12:55:00,550,550,550,550,0
2022-08-22 12:56:00,550,550,550,550,0
2022-08-22 12:57:00,550,550,550,550,0
2022-08-22 12:58:00,550,550,550,550,0
2022-08-22 12:59:00,550,550,550,550,0
2022-08-22 13:00:00,550,550,550,550,0
2022-08-22 13:01:00,550,550,550,550,0
2022-08-22 13:02:00,550,550,550,550,0
2022-08-22 13:03:00,550,550,550,550,0
2022-08-22 13:04:00,550,550,550,550,0
2022-08-22 13:05:00,550,550,550,550,0
2022-08-22 13:06:00,550,550,550,550,0
2022-08-22 13:07:00,550,550,550,550,0
2022-08-22 13:08:00,550,550,550,550,0
2022-08-22 13:09:00,550,550,550,550,0
2022-08-22 13:10:00,550,550,550,550,0
2022-08-22 13:11:00,550,550,550,550,0
2022-08-22 13:12:00,550,550,550,550,0
2022-08-22 13:13:00,550,550,550,550,0
2022-08-22 13:14:00,550,550,550,550,0
2022-08-22 13:15:00,550,550,550,550,0
2022-08-22 13:16:00,550,550,550,550,0
2022-08-22 13:17:00,550,550,550,550,0
2022-08-22 13:18:00,550,550,550,550,0
2022-08-22 13:19:00,550,550,550,550,0
2022-08-22 13:20:00,550,550,550,550,0
2022-08-22 13:21:00,550,550,550,550,0
2022-08-22 13:22:00,550,550,550,550,0
2022-08-22 13:23:00,550,550,550,550,0
2022-08-22 13:24:00,550,550,550,550,0
2022-08-22 13:25:00,550,550,550,550,0
2022-08-22 13:26:00,550,550,550,550,0
2022-08-22 13:27:00,550,550,550,550,0
2022-08-22 13:28:00,550,550,550,550,0
2022-08-22 13:29:00,550,550,550,550,0
2022-08-22 13:30:00,550,545,550,545,2900
2022-08-22 13:31:00,545,545,545,545,16000
2022-08-22 13:32:00,545,545,545,545,0
2022-08-22 13:33:00,545,545,545,545,0
2022-08-22 13:34:00,545,545,545,545,0
2022-08-22 13:35:00,545,545,550,550,20400
2022-08-22 13:36:00,545,545,550,550,0
2022-08-22 13:37:00,545,545,550,550,0
2022-08-22 13:38:00,545,545,550,550,0
2022-08-22 13:39:00,545,545,550,550,0
2022-08-22 13:40:00,545,545,550,550,0
2022-08-22 13:41:00,545,545,550,550,0
2022-08-22 13:42:00,545,545,545,545,0
2022-08-22 13:43:00,550,550,550,550,300
2022-08-22 13:44:00,550,550,550,550,0
2022-08-22 13:45:00,550,550,550,550,0
2022-08-22 13:46:00,550,550,550,550,0
2022-08-22 13:47:00,550,550,550,550,0
2022-08-22 13:48:00,550,550,550,550,200
2022-08-22 13:49:00,550,550,550,550,0
2022-08-22 13:50:00,550,550,550,550,0
2022-08-22 13:51:00,550,550,550,550,0
2022-08-22 13:52:00,550,550,550,550,0
2022-08-22 13:53:00,550,550,550,550,0
2022-08-22 13:54:00,550,550,550,550,0
2022-08-22 13:55:00,550,550,550,550,0
2022-08-22 13:56:00,550,550,550,550,0
2022-08-22 13:57:00,550,550,550,550,0
2022-08-22 13:58:00,550,550,550,550,0
2022-08-22 13:59:00,550,550,550,550,0
2022-08-22 14:00:00,550,550,550,550,0
2022-08-22 14:01:00,550,550,550,550,0
2022-08-22 14:02:00,550,550,550,550,0
2022-08-22 14:03:00,550,550,550,550,0
2022-08-22 14:04:00,550,550,550,550,0
2022-08-22 14:05:00,550,550,550,550,0
2022-08-22 14:06:00,550,550,550,550,0
2022-08-22 14:07:00,550,550,550,550,0
2022-08-22 14:08:00,545,545,545,545,3400
2022-08-22 14:09:00,545,545,545,545,0
2022-08-22 14:10:00,545,545,545,545,0
2022-08-22 14:11:00,545,545,545,545,14200
2022-08-22 14:12:00,550,550,550,550,0
2022-08-22 14:13:00,550,550,550,550,0
2022-08-22 14:14:00,550,550,550,550,0
2022-08-22 14:15:00,550,550,550,550,0
2022-08-22 14:16:00,550,550,550,550,0
2022-08-22 14:17:00,550,550,550,550,0
2022-08-22 14:18:00,550,550,550,550,0
2022-08-22 14:19:00,550,550,550,550,0
2022-08-22 14:20:00,550,550,550,550,0
2022-08-22 14:21:00,550,550,550,550,0
2022-08-22 14:22:00,550,550,550,550,0
2022-08-22 14:23:00,550,550,550,550,0
2022-08-22 14:24:00,550,550,550,550,0
2022-08-22 14:25:00,550,550,550,550,0
2022-08-22 14:26:00,550,550,550,550,0
2022-08-22 14:27:00,550,550,550,550,0
2022-08-22 14:28:00,550,550,550,550,0
2022-08-22 14:29:00,550,550,550,550,0
2022-08-22 14:30:00,550,550,550,550,0
2022-08-22 14:31:00,550,550,550,550,0
2022-08-22 14:32:00,550,550,550,550,0
2022-08-22 14:33:00,550,550,550,550,0
2022-08-22 14:34:00,550,550,550,550,0
2022-08-22 14:35:00,550,550,550,550,0
2022-08-22 14:36:00,550,550,550,550,0
2022-08-22 14:37:00,550,550,550,550,500
2022-08-22 14:38:00,550,550,550,550,0
2022-08-22 14:39:00,550,550,550,550,0
2022-08-22 14:40:00,550,550,550,550,0
2022-08-22 14:41:00,550,550,550,550,0
2022-08-22 14:42:00,550,550,550,550,0
2022-08-22 14:43:00,550,550,550,550,0
2022-08-22 14:44:00,550,550,550,550,0
2022-08-22 14:45:00,550,550,550,550,400
2022-08-22 14:46:00,550,550,550,550,0
2022-08-22 14:47:00,550,550,550,550,400
2022-08-22 14:48:00,550,550,550,550,300
2022-08-22 14:49:00,550,550,550,550,100
2022-08-22 14:50:00,550,550,550,550,0
2022-08-22 14:51:00,550,550,550,550,0
2022-08-22 14:52:00,550,550,550,550,0
2022-08-22 14:53:00,550,550,550,550,0
2022-08-22 14:54:00,550,550,550,550,0
2022-08-22 14:55:00,550,550,550,550,0
2022-08-22 14:56:00,550,550,550,550,0
2022-08-22 14:57:00,550,550,550,550,0
2022-08-22 14:58:00,550,550,550,550,0
2022-08-22 14:59:00,550,550,550,550,0
2022-08-22 15:00:00,550,550,550,550,0
2022-08-22 15:01:00,550,550,550,550,0
2022-08-22 15:02:00,550,550,550,550,0
2022-08-22 15:03:00,550,550,550,550,0
2022-08-22 15:04:00,550,550,550,550,0
2022-08-22 15:05:00,550,550,550,550,0
2022-08-22 15:06:00,550,550,550,550,0
2022-08-22 15:07:00,550,550,550,550,0
2022-08-22 15:08:00,550,550,550,550,0
2022-08-22 15:09:00,550,550,550,550,0
2022-08-22 15:10:00,550,550,550,550,0
2022-08-22 15:11:00,550,550,550,550,0
2022-08-22 15:12:00,550,550,550,550,0
2022-08-22 15:13:00,550,550,550,550,0
2022-08-22 15:14:00,550,550,550,550,0
2022-08-22 15:15:00,550,550,550,550,0
2022-08-22 15:16:00,550,550,550,550,0
2022-08-22 15:17:00,550,550,550,550,0
2022-08-22 15:18:00,550,550,550,550,0
2022-08-22 15:19:00,550,550,550,550,0
2022-08-22 15:20:00,550,550,550,550,0
2022-08-22 15:21:00,550,550,550,550,0
2022-08-22 15:22:00,550,550,550,550,0
2022-08-22 15:23:00,550,550,550,550,0
2022-08-22 15:24:00,550,550,550,550,0
2022-08-22 15:25:00,550,550,550,550,0
2022-08-22 15:26:00,550,550,550,550,0
2022-08-22 15:27:00,550,550,550,550,0
2022-08-22 15:28:00,550,550,550,550,0
2022-08-22 15:29:00,550,550,550,550,0
2022-08-22 15:30:00,550,550,550,550,0
2022-08-22 15:31:00,550,550,550,550,0
2022-08-22 15:32:00,550,550,550,550,0
2022-08-22 15:33:00,550,550,550,550,0
2022-08-22 15:34:00,550,550,550,550,0
2022-08-22 15:35:00,550,550,550,550,0
2022-08-22 15:36:00,550,550,550,550,0
2022-08-22 15:37:00,550,550,550,550,0
2022-08-22 15:38:00,550,550,550,550,0
2022-08-22 15:39:00,550,550,550,550,0
2022-08-22 15:40:00,550,550,550,550,0
2022-08-22 15:41:00,550,550,550,550,0
2022-08-22 15:42:00,550,550,550,550,0
2022-08-22 15:43:00,550,550,550,550,0
2022-08-22 15:44:00,550,550,550,550,0
2022-08-22 15:45:00,550,550,550,550,0
2022-08-22 15:46:00,550,550,550,550,0
2022-08-22 15:47:00,550,550,550,550,0
2022-08-22 15:48:00,550,550,550,550,0
2022-08-22 15:49:00,550,550,550,550,0
2022-08-22 15:50:00,550,550,550,550,0
2022-08-22 15:51:00,550,550,550,550,0
2022-08-22 15:52:00,550,550,550,550,0
2022-08-22 15:53:00,550,550,550,550,0
2022-08-22 15:54:00,550,550,550,550,0
2022-08-22 15:55:00,550,550,550,550,0
2022-08-22 15:56:00,550,550,550,550,0
2022-08-22 15:57:00,550,550,550,550,0
2022-08-22 15:58:00,550,550,550,550,0
2022-08-22 15:59:00,550,550,550,550,0
2022-08-23 09:00:00,550,550,550,550,0
2022-08-23 09:01:00,550,550,550,550,0
2022-08-23 09:02:00,550,550,550,550,0
2022-08-23 09:03:00,550,550,550,550,600
2022-08-23 09:04:00,550,550,550,550,0
2022-08-23 09:05:00,550,550,550,550,0
2022-08-23 09:06:00,550,550,550,550,0
2022-08-23 09:07:00,550,550,550,550,0
2022-08-23 09:08:00,550,550,550,550,0
2022-08-23 09:09:00,550,550,550,550,0
2022-08-23 09:10:00,550,550,550,550,0
2022-08-23 09:11:00,550,550,550,550,200
2022-08-23 09:12:00,550,550,550,550,0
2022-08-23 09:13:00,550,550,550,550,0
2022-08-23 09:14:00,550,550,550,550,0
2022-08-23 09:15:00,550,550,550,550,0
2022-08-23 09:16:00,550,550,550,550,0
2022-08-23 09:17:00,550,550,550,550,0
2022-08-23 09:18:00,550,550,550,550,0
2022-08-23 09:19:00,550,550,550,550,0
2022-08-23 09:20:00,550,550,550,550,0
2022-08-23 09:21:00,550,550,550,550,0
2022-08-23 09:22:00,550,550,550,550,0
2022-08-23 09:23:00,550,550,550,550,0
2022-08-23 09:24:00,550,550,550,550,0
2022-08-23 09:25:00,550,550,550,550,0
2022-08-23 09:26:00,545,545,550,550,81400
2022-08-23 09:27:00,545,545,550,550,0
2022-08-23 09:28:00,545,545,550,550,0
2022-08-23 09:29:00,545,545,550,550,0
2022-08-23 09:30:00,545,545,550,550,0
2022-08-23 09:31:00,545,545,550,550,0
2022-08-23 09:32:00,545,545,545,545,9200
2022-08-23 09:33:00,545,545,550,550,45300
2022-08-23 09:34:00,545,545,550,550,0
2022-08-23 09:35:00,545,545,550,550,0
2022-08-23 09:36:00,545,545,550,550,0
2022-08-23 09:37:00,545,545,550,550,0
2022-08-23 09:38:00,545,545,550,550,0
2022-08-23 09:39:00,545,545,550,550,0
2022-08-23 09:40:00,545,545,550,550,0
2022-08-23 09:41:00,545,545,550,550,0
2022-08-23 09:42:00,545,545,550,550,0
2022-08-23 09:43:00,545,545,550,550,0
2022-08-23 09:44:00,545,545,550,550,0
2022-08-23 09:45:00,545,545,550,550,0
2022-08-23 09:46:00,545,545,550,550,0
2022-08-23 09:47:00,545,545,550,550,0
2022-08-23 09:48:00,545,545,550,550,0
2022-08-23 09:49:00,545,545,550,550,0
2022-08-23 09:50:00,545,545,550,550,0
2022-08-23 09:51:00,545,545,550,550,0
2022-08-23 09:52:00,545,545,550,550,0
2022-08-23 09:53:00,545,545,550,550,0
2022-08-23 09:54:00,545,545,550,550,0
2022-08-23 09:55:00,545,545,550,550,0
2022-08-23 09:56:00,545,545,550,550,0
2022-08-23 09:57:00,545,545,550,550,0
2022-08-23 09:58:00,545,545,550,550,0
2022-08-23 09:59:00,545,545,550,550,0
2022-08-23 10:00:00,545,545,550,550,0
2022-08-23 10:01:00,545,545,550,550,0
2022-08-23 10:02:00,545,545,550,550,0
2022-08-23 10:03:00,545,545,550,550,0
2022-08-23 10:04:00,550,550,550,550,800
2022-08-23 10:05:00,550,550,550,550,0
2022-08-23 10:06:00,550,550,550,550,0
2022-08-23 10:07:00,550,550,550,550,0
2022-08-23 10:08:00,550,550,550,550,0
2022-08-23 10:09:00,550,550,550,550,0
2022-08-23 10:10:00,550,550,550,550,0
2022-08-23 10:11:00,550,550,550,550,0
2022-08-23 10:12:00,550,550,550,550,0
2022-08-23 10:13:00,550,550,550,550,0
2022-08-23 10:14:00,550,550,550,550,0
2022-08-23 10:15:00,550,550,550,550,0
2022-08-23 10:16:00,550,550,550,550,0
2022-08-23 10:17:00,550,550,550,550,0
2022-08-23 10:18:00,550,550,550,550,0
2022-08-23 10:19:00,550,550,550,550,0
2022-08-23 10:20:00,550,550,550,550,0
2022-08-23 10:21:00,550,550,550,550,0
2022-08-23 10:22:00,545,545,545,545,400
2022-08-23 10:23:00,550,550,550,550,300
2022-08-23 10:24:00,550,550,550,550,0
2022-08-23 10:25:00,550,550,550,550,0
2022-08-23 10:26:00,550,550,550,550,0
2022-08-23 10:27:00,550,550,550,550,0
2022-08-23 10:28:00,550,550,550,550,0
2022-08-23 10:29:00,550,550,550,550,0
2022-08-23 10:30:00,550,550,550,550,0
2022-08-23 10:31:00,550,550,550,550,0
2022-08-23 10:32:00,550,550,550,550,0
2022-08-23 10:33:00,550,550,550,550,0
2022-08-23 10:34:00,550,550,550,550,0
2022-08-23 10:35:00,550,550,550,550,0
2022-08-23 10:36:00,550,550,550,550,0
2022-08-23 10:37:00,550,550,550,550,0
2022-08-23 10:38:00,550,550,550,550,0
2022-08-23 10:39:00,550,550,550,550,0
2022-08-23 10:40:00,550,550,550,550,0
2022-08-23 10:41:00,550,550,550,550,0
2022-08-23 10:42:00,550,550,550,550,0
2022-08-23 10:43:00,550,550,550,550,0
2022-08-23 10:44:00,550,550,550,550,0
2022-08-23 10:45:00,550,550,550,550,0
2022-08-23 10:46:00,550,550,550,550,0
2022-08-23 10:47:00,550,550,550,550,0
2022-08-23 10:48:00,550,550,550,550,0
2022-08-23 10:49:00,550,550,550,550,0
2022-08-23 10:50:00,545,545,550,550,1600
2022-08-23 10:51:00,545,545,550,550,0
2022-08-23 10:52:00,545,545,550,550,0
2022-08-23 10:53:00,545,545,545,545,1300
2022-08-23 10:54:00,545,545,550,550,2500
2022-08-23 10:55:00,545,545,550,550,0
2022-08-23 10:56:00,545,545,550,550,2600
2022-08-23 10:57:00,545,545,550,550,5000
2022-08-23 10:58:00,550,550,550,550,0
2022-08-23 10:59:00,550,550,550,550,0
2022-08-23 11:00:00,550,550,550,550,0
2022-08-23 11:01:00,550,550,550,550,0
2022-08-23 11:02:00,550,550,550,550,0
2022-08-23 11:03:00,550,550,550,550,0
2022-08-23 11:04:00,550,550,550,550,0
2022-08-23 11:05:00,550,550,550,550,0
2022-08-23 11:06:00,550,550,550,550,0
2022-08-23 11:07:00,550,550,550,550,0
2022-08-23 11:08:00,550,550,550,550,0
2022-08-23 11:09:00,550,550,550,550,0
2022-08-23 11:10:00,550,550,550,550,0
2022-08-23 11:11:00,550,550,550,550,0
2022-08-23 11:12:00,550,550,550,550,26100
2022-08-23 11:13:00,550,550,550,550,0
2022-08-23 11:14:00,550,550,550,550,0
2022-08-23 11:15:00,550,550,550,550,0
2022-08-23 11:16:00,550,550,550,550,0
2022-08-23 11:17:00,550,550,550,550,0
2022-08-23 11:18:00,550,550,550,550,0
2022-08-23 11:19:00,550,550,550,550,0
2022-08-23 11:20:00,550,550,550,550,0
2022-08-23 11:21:00,545,545,550,550,500
2022-08-23 11:22:00,545,545,550,550,0
2022-08-23 11:23:00,545,545,550,550,0
2022-08-23 11:24:00,545,545,550,550,0
2022-08-23 11:25:00,545,545,550,550,0
2022-08-23 11:26:00,545,545,550,550,0
2022-08-23 11:27:00,545,545,550,550,0
2022-08-23 11:28:00,545,545,550,550,0
2022-08-23 11:29:00,550,550,550,550,700
2022-08-23 11:30:00,550,550,550,550,0
2022-08-23 11:31:00,550,550,550,550,0
2022-08-23 11:32:00,550,550,550,550,0
2022-08-23 11:33:00,550,550,550,550,0
2022-08-23 11:34:00,550,550,550,550,0
2022-08-23 11:35:00,550,550,550,550,0
2022-08-23 11:36:00,550,550,550,550,0
2022-08-23 11:37:00,550,550,550,550,0
2022-08-23 11:38:00,550,550,550,550,0
2022-08-23 11:39:00,550,550,550,550,0
2022-08-23 11:40:00,550,550,550,550,0
2022-08-23 11:41:00,550,550,550,550,0
2022-08-23 11:42:00,550,550,550,550,0
2022-08-23 11:43:00,550,550,550,550,0
2022-08-23 11:44:00,550,550,550,550,0
2022-08-23 11:45:00,550,550,550,550,0
2022-08-23 11:46:00,550,550,550,550,0
2022-08-23 11:47:00,550,550,550,550,0
2022-08-23 11:48:00,550,550,550,550,0
2022-08-23 11:49:00,550,550,550,550,0
2022-08-23 11:50:00,550,550,550,550,0
2022-08-23 11:51:00,550,550,550,550,0
2022-08-23 11:52:00,550,550,550,550,0
2022-08-23 11:53:00,550,550,550,550,0
2022-08-23 11:54:00,550,550,550,550,0
2022-08-23 11:55:00,550,550,550,550,0
2022-08-23 11:56:00,550,550,550,550,0
2022-08-23 11:57:00,550,550,550,550,0
2022-08-23 11:58:00,550,550,550,550,0
2022-08-23 11:59:00,550,550,550,550,0
2022-08-23 12:00:00,550,550,550,550,0
2022-08-23 12:01:00,550,550,550,550,0
2022-08-23 12:02:00,550,550,550,550,0
2022-08-23 12:03:00,550,550,550,550,0
2022-08-23 12:04:00,550,550,550,550,0
2022-08-23 12:05:00,550,550,550,550,0
2022-08-23 12:06:00,550,550,550,550,0
2022-08-23 12:07:00,550,550,550,550,0
2022-08-23 12:08:00,550,550,550,550,0
2022-08-23 12:09:00,550,550,550,550,0
2022-08-23 12:10:00,550,550,550,550,0
2022-08-23 12:11:00,550,550,550,550,0
2022-08-23 12:12:00,550,550,550,550,0
2022-08-23 12:13:00,550,550,550,550,0
2022-08-23 12:14:00,550,550,550,550,0
2022-08-23 12:15:00,550,550,550,550,0
2022-08-23 12:16:00,550,550,550,550,0
2022-08-23 12:17:00,550,550,550,550,0
2022-08-23 12:18:00,550,550,550,550,0
2022-08-23 12:19:00,550,550,550,550,0
2022-08-23 12:20:00,550,550,550,550,0
2022-08-23 12:21:00,550,550,550,550,0
2022-08-23 12:22:00,550,550,550,550,0
2022-08-23 12:23:00,550,550,550,550,0
2022-08-23 12:24:00,550,550,550,550,0
2022-08-23 12:25:00,550,550,550,550,0
2022-08-23 12:26:00,550,550,550,550,0
2022-08-23 12:27:00,550,550,550,550,0
2022-08-23 12:28:00,550,550,550,550,0
2022-08-23 12:29:00,550,550,550,550,0
2022-08-23 12:30:00,550,550,550,550,0
2022-08-23 12:31:00,550,550,550,550,0
2022-08-23 12:32:00,550,550,550,550,0
2022-08-23 12:33:00,550,550,550,550,0
2022-08-23 12:34:00,550,550,550,550,0
2022-08-23 12:35:00,550,550,550,550,0
2022-08-23 12:36:00,550,550,550,550,0
2022-08-23 12:37:00,550,550,550,550,0
2022-08-23 12:38:00,550,550,550,550,0
2022-08-23 12:39:00,550,550,550,550,0
2022-08-23 12:40:00,550,550,550,550,0
2022-08-23 12:41:00,550,550,550,550,0
2022-08-23 12:42:00,550,550,550,550,0
2022-08-23 12:43:00,550,550,550,550,0
2022-08-23 12:44:00,550,550,550,550,0
2022-08-23 12:45:00,550,550,550,550,0
2022-08-23 12:46:00,550,550,550,550,0
2022-08-23 12:47:00,550,550,550,550,0
2022-08-23 12:48:00,550,550,550,550,0
2022-08-23 12:49:00,550,550,550,550,0
2022-08-23 12:50:00,550,550,550,550,0
2022-08-23 12:51:00,550,550,550,550,0
2022-08-23 12:52:00,550,550,550,550,0
2022-08-23 12:53:00,550,550,550,550,0
2022-08-23 12:54:00,550,550,550,550,0
2022-08-23 12:55:00,550,550,550,550,0
2022-08-23 12:56:00,550,550,550,550,0
2022-08-23 12:57:00,550,550,550,550,0
2022-08-23 12:58:00,550,550,550,550,0
2022-08-23 12:59:00,550,550,550,550,0
2022-08-23 13:00:00,550,550,550,550,0
2022-08-23 13:01:00,550,550,550,550,0
2022-08-23 13:02:00,550,550,550,550,0
2022-08-23 13:03:00,550,550,550,550,0
2022-08-23 13:04:00,550,550,550,550,0
2022-08-23 13:05:00,550,550,550,550,0
2022-08-23 13:06:00,550,550,550,550,0
2022-08-23 13:07:00,550,550,550,550,0
2022-08-23 13:08:00,550,550,550,550,0
2022-08-23 13:09:00,550,550,550,550,0
2022-08-23 13:10:00,550,550,550,550,0
2022-08-23 13:11:00,550,550,550,550,0
2022-08-23 13:12:00,550,550,550,550,0
2022-08-23 13:13:00,550,550,550,550,0
2022-08-23 13:14:00,550,550,550,550,0
2022-08-23 13:15:00,550,550,550,550,0
2022-08-23 13:16:00,550,550,550,550,0
2022-08-23 13:17:00,550,550,550,550,0
2022-08-23 13:18:00,550,550,550,550,0
2022-08-23 13:19:00,550,550,550,550,0
2022-08-23 13:20:00,550,550,550,550,0
2022-08-23 13:21:00,550,550,550,550,0
2022-08-23 13:22:00,550,550,550,550,0
2022-08-23 13:23:00,550,550,550,550,0
2022-08-23 13:24:00,550,550,550,550,0
2022-08-23 13:25:00,550,550,550,550,0
2022-08-23 13:26:00,550,550,550,550,0
2022-08-23 13:27:00,550,550,550,550,0
2022-08-23 13:28:00,550,550,550,550,0
2022-08-23 13:29:00,550,550,550,550,0
2022-08-23 13:30:00,545,545,550,550,600
2022-08-23 13:31:00,545,545,550,550,0
2022-08-23 13:32:00,545,545,550,550,0
2022-08-23 13:33:00,545,545,550,550,0
2022-08-23 13:34:00,545,545,550,550,0
2022-08-23 13:35:00,545,545,550,550,0
2022-08-23 13:36:00,545,545,550,550,0
2022-08-23 13:37:00,545,545,550,550,0
2022-08-23 13:38:00,545,545,550,550,0
2022-08-23 13:39:00,550,550,550,550,900
2022-08-23 13:40:00,550,550,550,550,0
2022-08-23 13:41:00,550,550,550,550,0
2022-08-23 13:42:00,550,550,550,550,0
2022-08-23 13:43:00,550,550,550,550,0
2022-08-23 13:44:00,550,550,550,550,0
2022-08-23 13:45:00,550,550,550,550,0
2022-08-23 13:46:00,550,550,550,550,0
2022-08-23 13:47:00,550,550,550,550,0
2022-08-23 13:48:00,550,550,550,550,0
2022-08-23 13:49:00,550,550,550,550,0
2022-08-23 13:50:00,550,550,550,550,0
2022-08-23 13:51:00,550,550,550,550,0
2022-08-23 13:52:00,550,550,550,550,0
2022-08-23 13:53:00,550,550,550,550,0
2022-08-23 13:54:00,550,550,550,550,0
2022-08-23 13:55:00,550,550,550,550,0
2022-08-23 13:56:00,550,550,550,550,0
2022-08-23 13:57:00,550,550,550,550,0
2022-08-23 13:58:00,550,550,550,550,0
2022-08-23 13:59:00,550,550,550,550,0
2022-08-23 14:00:00,550,550,550,550,0
2022-08-23 14:01:00,550,550,550,550,0
2022-08-23 14:02:00,550,550,550,550,0
2022-08-23 14:03:00,550,550,550,550,0
2022-08-23 14:04:00,550,550,550,550,0
2022-08-23 14:05:00,550,550,550,550,0
2022-08-23 14:06:00,550,550,550,550,0
2022-08-23 14:07:00,550,550,550,550,0
2022-08-23 14:08:00,550,550,550,550,0
2022-08-23 14:09:00,550,550,550,550,0
2022-08-23 14:10:00,550,550,550,550,0
2022-08-23 14:11:00,545,545,550,550,3800
2022-08-23 14:12:00,545,545,550,550,0
2022-08-23 14:13:00,545,545,550,550,0
2022-08-23 14:14:00,545,545,550,550,0
2022-08-23 14:15:00,545,545,550,550,0
2022-08-23 14:16:00,545,545,550,550,0
2022-08-23 14:17:00,545,545,550,550,0
2022-08-23 14:18:00,545,545,550,550,0
2022-08-23 14:19:00,545,545,550,550,0
2022-08-23 14:20:00,545,545,550,550,0
2022-08-23 14:21:00,545,545,550,550,0
2022-08-23 14:22:00,545,545,550,550,0
2022-08-23 14:23:00,545,545,550,550,0
2022-08-23 14:24:00,545,545,550,550,0
2022-08-23 14:25:00,545,545,550,550,0
2022-08-23 14:26:00,545,545,550,550,0
2022-08-23 14:27:00,545,545,550,550,0
2022-08-23 14:28:00,545,545,550,550,0
2022-08-23 14:29:00,545,545,550,550,0
2022-08-23 14:30:00,545,545,550,550,0
2022-08-23 14:31:00,545,545,550,550,0
2022-08-23 14:32:00,545,545,550,550,0
2022-08-23 14:33:00,545,545,550,550,0
2022-08-23 14:34:00,545,545,550,550,0
2022-08-23 14:35:00,545,545,550,550,0
2022-08-23 14:36:00,550,550,550,550,600
2022-08-23 14:37:00,550,550,550,550,0
2022-08-23 14:38:00,550,550,550,550,0
2022-08-23 14:39:00,550,550,550,550,0
2022-08-23 14:40:00,550,550,550,550,0
2022-08-23 14:41:00,550,550,550,550,0
2022-08-23 14:42:00,550,550,550,550,300
2022-08-23 14:43:00,550,550,550,550,0
2022-08-23 14:44:00,545,545,550,550,2300
2022-08-23 14:45:00,545,545,550,550,0
2022-08-23 14:46:00,550,550,550,550,400
2022-08-23 14:47:00,550,550,550,550,0
2022-08-23 14:48:00,550,550,550,550,700
2022-08-23 14:49:00,550,550,550,550,500
2022-08-23 14:50:00,550,550,550,550,0
2022-08-23 14:51:00,550,550,550,550,0
2022-08-23 14:52:00,550,550,550,550,0
2022-08-23 14:53:00,550,550,550,550,0
2022-08-23 14:54:00,550,550,550,550,0
2022-08-23 14:55:00,550,550,550,550,0
2022-08-23 14:56:00,550,550,550,550,0
2022-08-23 14:57:00,550,550,550,550,0
2022-08-23 14:58:00,550,550,550,550,0
2022-08-23 14:59:00,550,550,550,550,0
2022-08-23 15:00:00,545,545,545,545,0
2022-08-23 15:01:00,545,545,545,545,0
2022-08-23 15:02:00,545,545,545,545,0
2022-08-23 15:03:00,545,545,545,545,0
2022-08-23 15:04:00,545,545,545,545,0
2022-08-23 15:05:00,545,545,545,545,0
2022-08-23 15:06:00,545,545,545,545,0
2022-08-23 15:07:00,545,545,545,545,0
2022-08-23 15:08:00,545,545,545,545,0
2022-08-23 15:09:00,545,545,545,545,0
2022-08-23 15:10:00,545,545,545,545,0
2022-08-23 15:11:00,545,545,545,545,0
2022-08-23 15:12:00,545,545,545,545,0
2022-08-23 15:13:00,545,545,545,545,0
2022-08-23 15:14:00,545,545,545,545,0
2022-08-23 15:15:00,545,545,545,545,0
2022-08-23 15:16:00,545,545,545,545,0
2022-08-23 15:17:00,545,545,545,545,0
2022-08-23 15:18:00,545,545,545,545,0
2022-08-23 15:19:00,545,545,545,545,0
2022-08-23 15:20:00,545,545,545,545,0
2022-08-23 15:21:00,545,545,545,545,0
2022-08-23 15:22:00,545,545,545,545,0
2022-08-23 15:23:00,545,545,545,545,0
2022-08-23 15:24:00,545,545,545,545,0
2022-08-23 15:25:00,545,545,545,545,0
2022-08-23 15:26:00,545,545,545,545,0
2022-08-23 15:27:00,545,545,545,545,0
2022-08-23 15:28:00,545,545,545,545,0
2022-08-23 15:29:00,545,545,545,545,0
2022-08-23 15:30:00,545,545,545,545,0
2022-08-23 15:31:00,545,545,545,545,0
2022-08-23 15:32:00,545,545,545,545,0
2022-08-23 15:33:00,545,545,545,545,0
2022-08-23 15:34:00,545,545,545,545,0
2022-08-23 15:35:00,545,545,545,545,0
2022-08-23 15:36:00,545,545,545,545,0
2022-08-23 15:37:00,545,545,545,545,0
2022-08-23 15:38:00,545,545,545,545,0
2022-08-23 15:39:00,545,545,545,545,0
2022-08-23 15:40:00,545,545,545,545,0
2022-08-23 15:41:00,545,545,545,545,0
2022-08-23 15:42:00,545,545,545,545,0
2022-08-23 15:43:00,545,545,545,545,0
2022-08-23 15:44:00,545,545,545,545,0
2022-08-23 15:45:00,545,545,545,545,0
2022-08-23 15:46:00,545,545,545,545,0
2022-08-23 15:47:00,545,545,545,545,0
2022-08-23 15:48:00,545,545,545,545,0
2022-08-23 15:49:00,545,545,545,545,0
2022-08-23 15:50:00,545,545,545,545,0
2022-08-23 15:51:00,545,545,545,545,0
2022-08-23 15:52:00,545,545,545,545,0
2022-08-23 15:53:00,545,545,545,545,0
2022-08-23 15:54:00,545,545,545,545,0
2022-08-23 15:55:00,545,545,545,545,0
2022-08-23 15:56:00,545,545,545,545,0
2022-08-23 15:57:00,545,545,545,545,0
2022-08-23 15:58:00,545,545,545,545,0
2022-08-23 15:59:00,545,545,545,545,0
2022-08-24 09:00:00,545,540,545,545,51000
2022-08-24 09:01:00,545,540,545,545,0
2022-08-24 09:02:00,550,550,550,550,0
2022-08-24 09:03:00,550,550,550,550,0
2022-08-24 09:04:00,550,550,550,550,0
2022-08-24 09:05:00,550,550,550,550,0
2022-08-24 09:06:00,550,550,550,550,90000
2022-08-24 09:07:00,550,550,550,550,0
2022-08-24 09:08:00,550,550,550,550,0
2022-08-24 09:09:00,550,550,550,550,0
2022-08-24 09:10:00,550,550,550,550,0
2022-08-24 09:11:00,550,550,550,550,0
2022-08-24 09:12:00,550,550,550,550,0
2022-08-24 09:13:00,545,545,545,545,0
2022-08-24 09:14:00,550,550,550,550,0
2022-08-24 09:15:00,550,550,550,550,0
2022-08-24 09:16:00,550,550,550,550,0
2022-08-24 09:17:00,550,550,550,550,0
2022-08-24 09:18:00,550,550,550,550,0
2022-08-24 09:19:00,550,550,550,550,500
2022-08-24 09:20:00,550,550,550,550,0
2022-08-24 09:21:00,550,550,550,550,600
2022-08-24 09:22:00,550,550,550,550,0
2022-08-24 09:23:00,550,550,550,550,0
2022-08-24 09:24:00,550,550,550,550,0
2022-08-24 09:25:00,550,550,550,550,0
2022-08-24 09:26:00,550,550,550,550,0
2022-08-24 09:27:00,550,550,550,550,0
2022-08-24 09:28:00,550,550,550,550,0
2022-08-24 09:29:00,550,550,550,550,0
2022-08-24 09:30:00,550,550,550,550,0
2022-08-24 09:31:00,550,550,550,550,0
2022-08-24 09:32:00,550,550,550,550,0
2022-08-24 09:33:00,550,550,550,550,0
2022-08-24 09:34:00,550,550,550,550,0
2022-08-24 09:35:00,550,550,550,550,0
2022-08-24 09:36:00,550,550,550,550,0
2022-08-24 09:37:00,550,550,550,550,0
2022-08-24 09:38:00,550,550,550,550,0
2022-08-24 09:39:00,550,550,550,550,0
2022-08-24 09:40:00,550,550,550,550,0
2022-08-24 09:41:00,550,550,550,550,0
2022-08-24 09:42:00,550,550,550,550,0
2022-08-24 09:43:00,550,550,550,550,0
2022-08-24 09:44:00,550,550,550,550,0
2022-08-24 09:45:00,550,550,550,550,0
2022-08-24 09:46:00,550,550,550,550,0
2022-08-24 09:47:00,550,550,550,550,0
2022-08-24 09:48:00,550,550,550,550,0
2022-08-24 09:49:00,550,550,550,550,0
2022-08-24 09:50:00,550,550,550,550,0
2022-08-24 09:51:00,550,550,550,550,0
2022-08-24 09:52:00,550,550,550,550,0
2022-08-24 09:53:00,550,550,550,550,0
2022-08-24 09:54:00,550,550,550,550,0
2022-08-24 09:55:00,550,550,550,550,0
2022-08-24 09:56:00,550,550,550,550,0
2022-08-24 09:57:00,550,550,550,550,0
2022-08-24 09:58:00,550,550,550,550,0
2022-08-24 09:59:00,550,550,550,550,0
2022-08-24 10:00:00,550,550,550,550,0
2022-08-24 10:01:00,550,550,550,550,0
2022-08-24 10:02:00,550,550,550,550,0
2022-08-24 10:03:00,550,550,550,550,0
2022-08-24 10:04:00,550,550,550,550,0
2022-08-24 10:05:00,550,550,550,550,0
2022-08-24 10:06:00,550,550,550,550,0
2022-08-24 10:07:00,550,550,550,550,0
2022-08-24 10:08:00,550,550,550,550,0
2022-08-24 10:09:00,550,550,550,550,0
2022-08-24 10:10:00,550,550,550,550,0
2022-08-24 10:11:00,550,550,550,550,0
2022-08-24 10:12:00,550,550,550,550,0
2022-08-24 10:13:00,550,550,550,550,0
2022-08-24 10:14:00,550,550,550,550,0
2022-08-24 10:15:00,550,550,550,550,0
2022-08-24 10:16:00,550,550,550,550,0
2022-08-24 10:17:00,550,550,550,550,0
2022-08-24 10:18:00,545,545,545,545,0
2022-08-24 10:19:00,550,550,550,550,300
2022-08-24 10:20:00,550,550,550,550,0
2022-08-24 10:21:00,550,550,550,550,0
2022-08-24 10:22:00,550,550,550,550,0
2022-08-24 10:23:00,550,550,550,550,0
2022-08-24 10:24:00,550,550,550,550,0
2022-08-24 10:25:00,550,550,550,550,0
2022-08-24 10:26:00,550,550,550,550,0
2022-08-24 10:27:00,550,550,550,550,0
2022-08-24 10:28:00,550,550,550,550,0
2022-08-24 10:29:00,550,550,550,550,0
2022-08-24 10:30:00,550,550,550,550,0
2022-08-24 10:31:00,550,550,550,550,0
2022-08-24 10:32:00,550,550,550,550,0
2022-08-24 10:33:00,550,550,550,550,300
2022-08-24 10:34:00,550,550,550,550,0
2022-08-24 10:35:00,550,550,550,550,0
2022-08-24 10:36:00,550,550,550,550,0
2022-08-24 10:37:00,550,550,550,550,0
2022-08-24 10:38:00,550,550,550,550,0
2022-08-24 10:39:00,550,550,550,550,0
2022-08-24 10:40:00,550,550,550,550,0
2022-08-24 10:41:00,550,550,550,550,0
2022-08-24 10:42:00,550,550,550,550,0
2022-08-24 10:43:00,550,550,550,550,0
2022-08-24 10:44:00,550,550,550,550,0
2022-08-24 10:45:00,550,550,550,550,0
2022-08-24 10:46:00,550,550,550,550,0
2022-08-24 10:47:00,550,550,550,550,0
2022-08-24 10:48:00,550,550,550,550,0
2022-08-24 10:49:00,550,550,550,550,0
2022-08-24 10:50:00,550,550,550,550,0
2022-08-24 10:51:00,550,550,550,550,0
2022-08-24 10:52:00,550,550,550,550,0
2022-08-24 10:53:00,550,550,550,550,0
2022-08-24 10:54:00,550,550,550,550,0
2022-08-24 10:55:00,550,550,550,550,0
2022-08-24 10:56:00,550,550,550,550,0
2022-08-24 10:57:00,550,550,550,550,0
2022-08-24 10:58:00,550,550,550,550,0
2022-08-24 10:59:00,550,550,550,550,0
2022-08-24 11:00:00,550,550,550,550,0
2022-08-24 11:01:00,550,550,550,550,0
2022-08-24 11:02:00,550,550,550,550,0
2022-08-24 11:03:00,550,550,550,550,0
2022-08-24 11:04:00,550,550,550,550,0
2022-08-24 11:05:00,550,550,550,550,0
2022-08-24 11:06:00,550,550,550,550,0
2022-08-24 11:07:00,550,550,550,550,0
2022-08-24 11:08:00,550,550,550,550,0
2022-08-24 11:09:00,550,550,550,550,0
2022-08-24 11:10:00,550,550,550,550,0
2022-08-24 11:11:00,550,550,550,550,0
2022-08-24 11:12:00,550,550,550,550,0
2022-08-24 11:13:00,550,550,550,550,0
2022-08-24 11:14:00,550,550,550,550,0
2022-08-24 11:15:00,550,550,550,550,0
2022-08-24 11:16:00,550,550,550,550,0
2022-08-24 11:17:00,550,550,550,550,0
2022-08-24 11:18:00,550,550,550,550,0
2022-08-24 11:19:00,550,550,550,550,0
2022-08-24 11:20:00,550,550,550,550,0
2022-08-24 11:21:00,550,550,550,550,0
2022-08-24 11:22:00,550,550,550,550,300
2022-08-24 11:23:00,550,550,550,550,0
2022-08-24 11:24:00,550,550,550,550,600
2022-08-24 11:25:00,550,550,550,550,0
2022-08-24 11:26:00,550,550,550,550,0
2022-08-24 11:27:00,550,550,550,550,0
2022-08-24 11:28:00,550,550,550,550,0
2022-08-24 11:29:00,550,550,550,550,200
2022-08-24 11:30:00,550,550,550,550,0
2022-08-24 11:31:00,550,550,550,550,0
2022-08-24 11:32:00,550,550,550,550,0
2022-08-24 11:33:00,550,550,550,550,0
2022-08-24 11:34:00,550,550,550,550,0
2022-08-24 11:35:00,550,550,550,550,0
2022-08-24 11:36:00,550,550,550,550,0
2022-08-24 11:37:00,550,550,550,550,0
2022-08-24 11:38:00,550,550,550,550,0
2022-08-24 11:39:00,550,550,550,550,0
2022-08-24 11:40:00,550,550,550,550,0
2022-08-24 11:41:00,550,550,550,550,0
2022-08-24 11:42:00,550,550,550,550,0
2022-08-24 11:43:00,550,550,550,550,0
2022-08-24 11:44:00,550,550,550,550,0
2022-08-24 11:45:00,550,550,550,550,0
2022-08-24 11:46:00,550,550,550,550,0
2022-08-24 11:47:00,550,550,550,550,0
2022-08-24 11:48:00,550,550,550,550,0
2022-08-24 11:49:00,550,550,550,550,0
2022-08-24 11:50:00,550,550,550,550,0
2022-08-24 11:51:00,550,550,550,550,0
2022-08-24 11:52:00,550,550,550,550,0
2022-08-24 11:53:00,550,550,550,550,0
2022-08-24 11:54:00,550,550,550,550,0
2022-08-24 11:55:00,550,550,550,550,0
2022-08-24 11:56:00,550,550,550,550,0
2022-08-24 11:57:00,550,550,550,550,0
2022-08-24 11:58:00,550,550,550,550,0
2022-08-24 11:59:00,550,550,550,550,0
2022-08-24 12:00:00,550,550,550,550,0
2022-08-24 12:01:00,550,550,550,550,0
2022-08-24 12:02:00,550,550,550,550,0
2022-08-24 12:03:00,550,550,550,550,0
2022-08-24 12:04:00,550,550,550,550,0
2022-08-24 12:05:00,550,550,550,550,0
2022-08-24 12:06:00,550,550,550,550,0
2022-08-24 12:07:00,550,550,550,550,0
2022-08-24 12:08:00,550,550,550,550,0
2022-08-24 12:09:00,550,550,550,550,0
2022-08-24 12:10:00,550,550,550,550,0
2022-08-24 12:11:00,550,550,550,550,0
2022-08-24 12:12:00,550,550,550,550,0
2022-08-24 12:13:00,550,550,550,550,0
2022-08-24 12:14:00,550,550,550,550,0
2022-08-24 12:15:00,550,550,550,550,0
2022-08-24 12:16:00,550,550,550,550,0
2022-08-24 12:17:00,550,550,550,550,0
2022-08-24 12:18:00,550,550,550,550,0
2022-08-24 12:19:00,550,550,550,550,0
2022-08-24 12:20:00,550,550,550,550,0
2022-08-24 12:21:00,550,550,550,550,0
2022-08-24 12:22:00,550,550,550,550,0
2022-08-24 12:23:00,550,550,550,550,0
2022-08-24 12:24:00,550,550,550,550,0
2022-08-24 12:25:00,550,550,550,550,0
2022-08-24 12:26:00,550,550,550,550,0
2022-08-24 12:27:00,550,550,550,550,0
2022-08-24 12:28:00,550,550,550,550,0
2022-08-24 12:29:00,550,550,550,550,0
2022-08-24 12:30:00,550,550,550,550,0
2022-08-24 12:31:00,550,550,550,550,0
2022-08-24 12:32:00,550,550,550,550,0
2022-08-24 12:33:00,550,550,550,550,0
2022-08-24 12:34:00,550,550,550,550,0
2022-08-24 12:35:00,550,550,550,550,0
2022-08-24 12:36:00,550,550,550,550,0
2022-08-24 12:37:00,550,550,550,550,0
2022-08-24 12:38:00,550,550,550,550,0
2022-08-24 12:39:00,550,550,550,550,0
2022-08-24 12:40:00,550,550,550,550,0
2022-08-24 12:41:00,550,550,550,550,0
2022-08-24 12:42:00,550,550,550,550,0
2022-08-24 12:43:00,550,550,550,550,0
2022-08-24 12:44:00,550,550,550,550,0
2022-08-24 12:45:00,550,550,550,550,0
2022-08-24 12:46:00,550,550,550,550,0
2022-08-24 12:47:00,550,550,550,550,0
2022-08-24 12:48:00,550,550,550,550,0
2022-08-24 12:49:00,550,550,550,550,0
2022-08-24 12:50:00,550,550,550,550,0
2022-08-24 12:51:00,550,550,550,550,0
2022-08-24 12:52:00,550,550,550,550,0
2022-08-24 12:53:00,550,550,550,550,0
2022-08-24 12:54:00,550,550,550,550,0
2022-08-24 12:55:00,550,550,550,550,0
2022-08-24 12:56:00,550,550,550,550,0
2022-08-24 12:57:00,550,550,550,550,0
2022-08-24 12:58:00,550,550,550,550,0
2022-08-24 12:59:00,550,550,550,550,0
2022-08-24 13:00:00,550,550,550,550,0
2022-08-24 13:01:00,550,550,550,550,0
2022-08-24 13:02:00,550,550,550,550,0
2022-08-24 13:03:00,550,550,550,550,0
2022-08-24 13:04:00,550,550,550,550,0
2022-08-24 13:05:00,550,550,550,550,0
2022-08-24 13:06:00,550,550,550,550,0
2022-08-24 13:07:00,550,550,550,550,0
2022-08-24 13:08:00,550,550,550,550,0
2022-08-24 13:09:00,550,550,550,550,0
2022-08-24 13:10:00,550,550,550,550,0
2022-08-24 13:11:00,550,550,550,550,0
2022-08-24 13:12:00,550,550,550,550,0
2022-08-24 13:13:00,550,550,550,550,0
2022-08-24 13:14:00,550,550,550,550,0
2022-08-24 13:15:00,550,550,550,550,0
2022-08-24 13:16:00,550,550,550,550,0
2022-08-24 13:17:00,550,550,550,550,0
2022-08-24 13:18:00,550,550,550,550,0
2022-08-24 13:19:00,550,550,550,550,0
2022-08-24 13:20:00,550,550,550,550,0
2022-08-24 13:21:00,550,550,550,550,0
2022-08-24 13:22:00,550,550,550,550,0
2022-08-24 13:23:00,550,550,550,550,0
2022-08-24 13:24:00,550,550,550,550,0
2022-08-24 13:25:00,550,550,550,550,0
2022-08-24 13:26:00,550,550,550,550,0
2022-08-24 13:27:00,550,550,550,550,0
2022-08-24 13:28:00,550,550,550,550,0
2022-08-24 13:29:00,550,550,550,550,0
2022-08-24 13:30:00,550,550,550,550,200
2022-08-24 13:31:00,550,550,550,550,0
2022-08-24 13:32:00,550,550,550,550,0
2022-08-24 13:33:00,550,550,550,550,0
2022-08-24 13:34:00,550,550,550,550,0
2022-08-24 13:35:00,550,550,550,550,0
2022-08-24 13:36:00,550,550,550,550,0
2022-08-24 13:37:00,550,550,550,550,0
2022-08-24 13:38:00,550,550,550,550,0
2022-08-24 13:39:00,550,550,550,550,0
2022-08-24 13:40:00,545,545,545,545,200
2022-08-24 13:41:00,550,550,550,550,200
2022-08-24 13:42:00,550,550,550,550,0
2022-08-24 13:43:00,550,550,550,550,0
2022-08-24 13:44:00,550,550,550,550,0
2022-08-24 13:45:00,550,550,550,550,0
2022-08-24 13:46:00,550,550,550,550,0
2022-08-24 13:47:00,550,550,550,550,0
2022-08-24 13:48:00,550,550,550,550,0
2022-08-24 13:49:00,550,550,550,550,0
2022-08-24 13:50:00,550,550,550,550,0
2022-08-24 13:51:00,550,550,550,550,0
2022-08-24 13:52:00,550,550,550,550,0
2022-08-24 13:53:00,550,550,550,550,0
2022-08-24 13:54:00,550,550,550,550,0
2022-08-24 13:55:00,550,550,550,550,0
2022-08-24 13:56:00,550,550,550,550,0
2022-08-24 13:57:00,550,550,550,550,0
2022-08-24 13:58:00,550,550,550,550,0
2022-08-24 13:59:00,550,550,550,550,0
2022-08-24 14:00:00,550,550,550,550,1100
2022-08-24 14:01:00,550,550,550,550,0
2022-08-24 14:02:00,550,550,550,550,0
2022-08-24 14:03:00,550,550,550,550,0
2022-08-24 14:04:00,550,550,550,550,0
2022-08-24 14:05:00,550,550,550,550,20000
2022-08-24 14:06:00,550,550,550,550,0
2022-08-24 14:07:00,550,550,550,550,0
2022-08-24 14:08:00,550,550,550,550,0
2022-08-24 14:09:00,550,550,550,550,0
2022-08-24 14:10:00,550,550,550,550,0
2022-08-24 14:11:00,550,550,550,550,0
2022-08-24 14:12:00,550,550,550,550,0
2022-08-24 14:13:00,550,550,550,550,0
2022-08-24 14:14:00,550,550,550,550,0
2022-08-24 14:15:00,550,550,550,550,0
2022-08-24 14:16:00,550,550,550,550,0
2022-08-24 14:17:00,550,550,550,550,0
2022-08-24 14:18:00,550,550,550,550,0
2022-08-24 14:19:00,550,550,550,550,0
2022-08-24 14:20:00,550,550,550,550,0
2022-08-24 14:21:00,550,550,550,550,0
2022-08-24 14:22:00,550,550,550,550,0
2022-08-24 14:23:00,550,550,550,550,0
2022-08-24 14:24:00,550,550,550,550,0
2022-08-24 14:25:00,550,550,550,550,0
2022-08-24 14:26:00,550,550,550,550,0
2022-08-24 14:27:00,550,550,550,550,0
2022-08-24 14:28:00,550,550,550,550,0
2022-08-24 14:29:00,550,550,550,550,0
2022-08-24 14:30:00,550,550,550,550,0
2022-08-24 14:31:00,550,550,550,550,0
2022-08-24 14:32:00,550,550,550,550,0
2022-08-24 14:33:00,550,550,550,550,0
2022-08-24 14:34:00,550,550,550,550,0
2022-08-24 14:35:00,550,550,550,550,0
2022-08-24 14:36:00,550,550,550,550,0
2022-08-24 14:37:00,550,550,550,550,0
2022-08-24 14:38:00,550,550,550,550,0
2022-08-24 14:39:00,550,550,550,550,400
2022-08-24 14:40:00,550,550,550,550,0
2022-08-24 14:41:00,550,550,550,550,0
2022-08-24 14:42:00,550,550,550,550,700
2022-08-24 14:43:00,550,550,550,550,0
2022-08-24 14:44:00,550,550,550,550,300
2022-08-24 14:45:00,550,550,550,550,400
2022-08-24 14:46:00,550,550,550,550,400
2022-08-24 14:47:00,550,550,550,550,0
2022-08-24 14:48:00,550,550,550,550,900
2022-08-24 14:49:00,550,550,550,550,0
2022-08-24 14:50:00,550,550,550,550,0
2022-08-24 14:51:00,550,550,550,550,0
2022-08-24 14:52:00,550,550,550,550,0
2022-08-24 14:53:00,550,550,550,550,0
2022-08-24 14:54:00,550,550,550,550,0
2022-08-24 14:55:00,550,550,550,550,0
2022-08-24 14:56:00,550,550,550,550,0
2022-08-24 14:57:00,550,550,550,550,0
2022-08-24 14:58:00,550,550,550,550,0
2022-08-24 14:59:00,550,550,550,550,0
2022-08-24 15:00:00,550,550,550,550,211100
2022-08-24 15:01:00,550,550,550,550,0
2022-08-24 15:02:00,550,550,550,550,0
2022-08-24 15:03:00,550,550,550,550,0
2022-08-24 15:04:00,550,550,550,550,0
2022-08-24 15:05:00,550,550,550,550,0
2022-08-24 15:06:00,550,550,550,550,0
2022-08-24 15:07:00,550,550,550,550,0
2022-08-24 15:08:00,550,550,550,550,0
2022-08-24 15:09:00,550,550,550,550,0
2022-08-24 15:10:00,550,550,550,550,0
2022-08-24 15:11:00,550,550,550,550,0
2022-08-24 15:12:00,550,550,550,550,0
2022-08-24 15:13:00,550,550,550,550,0
2022-08-24 15:14:00,550,550,550,550,0
2022-08-24 15:15:00,550,550,550,550,0
2022-08-24 15:16:00,550,550,550,550,0
2022-08-24 15:17:00,550,550,550,550,0
2022-08-24 15:18:00,550,550,550,550,0
2022-08-24 15:19:00,550,550,550,550,0
2022-08-24 15:20:00,550,550,550,550,0
2022-08-24 15:21:00,550,550,550,550,0
2022-08-24 15:22:00,550,550,550,550,0
2022-08-24 15:23:00,550,550,550,550,0
2022-08-24 15:24:00,550,550,550,550,0
2022-08-24 15:25:00,550,550,550,550,0
2022-08-24 15:26:00,550,550,550,550,0
2022-08-24 15:27:00,550,550,550,550,0
2022-08-24 15:28:00,550,550,550,550,0
2022-08-24 15:29:00,550,550,550,550,0
2022-08-24 15:30:00,550,550,550,550,0
2022-08-24 15:31:00,550,550,550,550,0
2022-08-24 15:32:00,550,550,550,550,0
2022-08-24 15:33:00,550,550,550,550,0
2022-08-24 15:34:00,550,550,550,550,0
2022-08-24 15:35:00,550,550,550,550,0
2022-08-24 15:36:00,550,550,550,550,0
2022-08-24 15:37:00,550,550,550,550,0
2022-08-24 15:38:00,550,550,550,550,0
2022-08-24 15:39:00,550,550,550,550,0
2022-08-24 15:40:00,550,550,550,550,0
2022-08-24 15:41:00,550,550,550,550,0
2022-08-24 15:42:00,550,550,550,550,0
2022-08-24 15:43:00,550,550,550,550,0
2022-08-24 15:44:00,550,550,550,550,0
2022-08-24 15:45:00,550,550,550,550,0
2022-08-24 15:46:00,550,550,550,550,0
2022-08-24 15:47:00,550,550,550,550,0
2022-08-24 15:48:00,550,550,550,550,0
2022-08-24 15:49:00,550,550,550,550,0
2022-08-24 15:50:00,550,550,550,550,0
2022-08-24 15:51:00,550,550,550,550,0
2022-08-24 15:52:00,550,550,550,550,0
2022-08-24 15:53:00,550,550,550,550,0
2022-08-24 15:54:00,550,550,550,550,0
2022-08-24 15:55:00,550,550,550,550,0
2022-08-24 15:56:00,550,550,550,550,0
2022-08-24 15:57:00,550,550,550,550,0
2022-08-24 15:58:00,550,550,550,550,0
2022-08-24 15:59:00,550,550,550,550,0
2022-08-25 09:00:00,550,550,550,550,0
2022-08-25 09:01:00,550,550,550,550,0
2022-08-25 09:02:00,550,550,550,550,0
2022-08-25 09:03:00,550,550,550,550,0
2022-08-25 09:04:00,550,550,550,550,0
2022-08-25 09:05:00,550,550,550,550,0
2022-08-25 09:06:00,550,550,550,550,0
2022-08-25 09:07:00,550,550,550,550,92000
2022-08-25 09:08:00,550,550,550,550,0
2022-08-25 09:09:00,550,550,550,550,0
2022-08-25 09:10:00,545,545,545,545,148700
2022-08-25 09:11:00,550,545,550,550,15900
2022-08-25 09:12:00,550,550,550,550,3700
2022-08-25 09:13:00,550,550,550,550,0
2022-08-25 09:14:00,550,550,550,550,0
2022-08-25 09:15:00,550,550,550,550,0
2022-08-25 09:16:00,550,550,550,550,0
2022-08-25 09:17:00,550,550,550,550,0
2022-08-25 09:18:00,550,550,550,550,0
2022-08-25 09:19:00,550,550,550,550,0
2022-08-25 09:20:00,550,550,550,550,0
2022-08-25 09:21:00,550,550,550,550,0
2022-08-25 09:22:00,550,550,550,550,0
2022-08-25 09:23:00,550,550,550,550,0
2022-08-25 09:24:00,550,550,550,550,0
2022-08-25 09:25:00,550,550,550,550,0
2022-08-25 09:26:00,550,550,550,550,0
2022-08-25 09:27:00,550,550,550,550,1600
2022-08-25 09:28:00,550,550,550,550,0
2022-08-25 09:29:00,545,545,545,545,400
2022-08-25 09:30:00,550,550,550,550,0
2022-08-25 09:31:00,550,550,550,550,0
2022-08-25 09:32:00,550,550,550,550,0
2022-08-25 09:33:00,550,550,550,550,0
2022-08-25 09:34:00,550,550,550,550,0
2022-08-25 09:35:00,550,550,550,550,0
2022-08-25 09:36:00,550,550,550,550,0
2022-08-25 09:37:00,550,550,550,550,0
2022-08-25 09:38:00,550,550,550,550,0
2022-08-25 09:39:00,550,550,550,550,0
2022-08-25 09:40:00,550,550,550,550,0
2022-08-25 09:41:00,550,550,550,550,0
2022-08-25 09:42:00,550,550,550,550,0
2022-08-25 09:43:00,550,550,550,550,0
2022-08-25 09:44:00,550,550,550,550,0
2022-08-25 09:45:00,550,550,550,550,0
2022-08-25 09:46:00,550,550,550,550,0
2022-08-25 09:47:00,550,550,550,550,0
2022-08-25 09:48:00,550,550,550,550,0
2022-08-25 09:49:00,550,550,550,550,0
2022-08-25 09:50:00,550,550,550,550,0
2022-08-25 09:51:00,550,550,550,550,2000
2022-08-25 09:52:00,550,550,550,550,0
2022-08-25 09:53:00,550,550,550,550,0
2022-08-25 09:54:00,550,550,550,550,0
2022-08-25 09:55:00,550,550,550,550,0
2022-08-25 09:56:00,550,550,550,550,0
2022-08-25 09:57:00,550,550,550,550,0
2022-08-25 09:58:00,550,550,550,550,0
2022-08-25 09:59:00,550,550,550,550,0
2022-08-25 10:00:00,550,550,550,550,0
2022-08-25 10:01:00,550,550,550,550,0
2022-08-25 10:02:00,550,550,550,550,0
2022-08-25 10:03:00,550,550,550,550,0
2022-08-25 10:04:00,550,550,550,550,0
2022-08-25 10:05:00,550,550,550,550,0
2022-08-25 10:06:00,550,550,550,550,0
2022-08-25 10:07:00,550,550,550,550,0
2022-08-25 10:08:00,550,550,550,550,0
2022-08-25 10:09:00,550,550,550,550,0
2022-08-25 10:10:00,550,550,550,550,400
2022-08-25 10:11:00,550,550,550,550,0
2022-08-25 10:12:00,550,550,550,550,0
2022-08-25 10:13:00,550,550,550,550,0
2022-08-25 10:14:00,550,550,550,550,700
2022-08-25 10:15:00,550,550,550,550,0
2022-08-25 10:16:00,550,550,550,550,0
2022-08-25 10:17:00,550,550,550,550,0
2022-08-25 10:18:00,550,550,550,550,0
2022-08-25 10:19:00,550,550,550,550,0
2022-08-25 10:20:00,550,550,550,550,0
2022-08-25 10:21:00,550,550,550,550,0
2022-08-25 10:22:00,550,550,550,550,0
2022-08-25 10:23:00,550,550,550,550,500
2022-08-25 10:24:00,550,550,550,550,0
2022-08-25 10:25:00,550,550,550,550,0
2022-08-25 10:26:00,550,550,550,550,0
2022-08-25 10:27:00,550,550,550,550,0
2022-08-25 10:28:00,550,550,550,550,0
2022-08-25 10:29:00,550,550,550,550,0
2022-08-25 10:30:00,550,550,550,550,0
2022-08-25 10:31:00,550,550,550,550,0
2022-08-25 10:32:00,550,550,550,550,0
2022-08-25 10:33:00,550,550,550,550,0
2022-08-25 10:34:00,550,550,550,550,0
2022-08-25 10:35:00,550,550,550,550,0
2022-08-25 10:36:00,550,550,550,550,0
2022-08-25 10:37:00,550,550,550,550,0
2022-08-25 10:38:00,550,550,550,550,0
2022-08-25 10:39:00,550,550,550,550,0
2022-08-25 10:40:00,550,550,550,550,0
2022-08-25 10:41:00,550,550,550,550,0
2022-08-25 10:42:00,550,550,550,550,0
2022-08-25 10:43:00,550,550,550,550,0
2022-08-25 10:44:00,550,550,550,550,0
2022-08-25 10:45:00,550,550,550,550,0
2022-08-25 10:46:00,550,550,550,550,0
2022-08-25 10:47:00,550,550,550,550,0
2022-08-25 10:48:00,550,550,550,550,0
2022-08-25 10:49:00,550,550,550,550,0
2022-08-25 10:50:00,550,550,550,550,0
2022-08-25 10:51:00,550,550,550,550,0
2022-08-25 10:52:00,550,550,550,550,0
2022-08-25 10:53:00,550,550,550,550,0
2022-08-25 10:54:00,550,550,550,550,0
2022-08-25 10:55:00,550,550,550,550,0
2022-08-25 10:56:00,550,550,550,550,0
2022-08-25 10:57:00,550,550,550,550,0
2022-08-25 10:58:00,550,550,550,550,0
2022-08-25 10:59:00,550,550,550,550,0
2022-08-25 11:00:00,550,550,550,550,0
2022-08-25 11:01:00,550,550,550,550,0
2022-08-25 11:02:00,550,550,550,550,0
2022-08-25 11:03:00,550,550,550,550,0
2022-08-25 11:04:00,545,545,550,550,4600
2022-08-25 11:05:00,545,545,550,550,0
2022-08-25 11:06:00,545,545,550,550,0
2022-08-25 11:07:00,545,545,550,550,0
2022-08-25 11:08:00,545,545,550,550,0
2022-08-25 11:09:00,545,545,550,550,0
2022-08-25 11:10:00,545,545,550,550,0
2022-08-25 11:11:00,545,545,550,550,0
2022-08-25 11:12:00,545,545,550,550,0
2022-08-25 11:13:00,545,545,550,550,0
2022-08-25 11:14:00,550,550,550,550,0
2022-08-25 11:15:00,550,550,550,550,0
2022-08-25 11:16:00,550,550,550,550,0
2022-08-25 11:17:00,550,550,550,550,0
2022-08-25 11:18:00,550,550,550,550,0
2022-08-25 11:19:00,550,550,550,550,0
2022-08-25 11:20:00,550,550,550,550,600
2022-08-25 11:21:00,550,550,550,550,0
2022-08-25 11:22:00,550,550,550,550,0
2022-08-25 11:23:00,550,550,550,550,0
2022-08-25 11:24:00,550,550,550,550,0
2022-08-25 11:25:00,550,550,550,550,0
2022-08-25 11:26:00,550,550,550,550,600
2022-08-25 11:27:00,550,550,550,550,0
2022-08-25 11:28:00,550,550,550,550,0
2022-08-25 11:29:00,550,550,550,550,0
2022-08-25 11:30:00,550,550,550,550,0
2022-08-25 11:31:00,550,550,550,550,0
2022-08-25 11:32:00,550,550,550,550,0
2022-08-25 11:33:00,550,550,550,550,0
2022-08-25 11:34:00,550,550,550,550,0
2022-08-25 11:35:00,550,550,550,550,0
2022-08-25 11:36:00,550,550,550,550,0
2022-08-25 11:37:00,550,550,550,550,0
2022-08-25 11:38:00,550,550,550,550,0
2022-08-25 11:39:00,550,550,550,550,0
2022-08-25 11:40:00,550,550,550,550,0
2022-08-25 11:41:00,550,550,550,550,0
2022-08-25 11:42:00,550,550,550,550,0
2022-08-25 11:43:00,550,550,550,550,0
2022-08-25 11:44:00,550,550,550,550,0
2022-08-25 11:45:00,550,550,550,550,0
2022-08-25 11:46:00,550,550,550,550,0
2022-08-25 11:47:00,550,550,550,550,0
2022-08-25 11:48:00,550,550,550,550,0
2022-08-25 11:49:00,550,550,550,550,0
2022-08-25 11:50:00,550,550,550,550,0
2022-08-25 11:51:00,550,550,550,550,0
2022-08-25 11:52:00,550,550,550,550,0
2022-08-25 11:53:00,550,550,550,550,0
2022-08-25 11:54:00,550,550,550,550,0
2022-08-25 11:55:00,550,550,550,550,0
2022-08-25 11:56:00,550,550,550,550,0
2022-08-25 11:57:00,550,550,550,550,0
2022-08-25 11:58:00,550,550,550,550,0
2022-08-25 11:59:00,550,550,550,550,0
2022-08-25 12:00:00,550,550,550,550,0
2022-08-25 12:01:00,550,550,550,550,0
2022-08-25 12:02:00,550,550,550,550,0
2022-08-25 12:03:00,550,550,550,550,0
2022-08-25 12:04:00,550,550,550,550,0
2022-08-25 12:05:00,550,550,550,550,0
2022-08-25 12:06:00,550,550,550,550,0
2022-08-25 12:07:00,550,550,550,550,0
2022-08-25 12:08:00,550,550,550,550,0
2022-08-25 12:09:00,550,550,550,550,0
2022-08-25 12:10:00,550,550,550,550,0
2022-08-25 12:11:00,550,550,550,550,0
2022-08-25 12:12:00,550,550,550,550,0
2022-08-25 12:13:00,550,550,550,550,0
2022-08-25 12:14:00,550,550,550,550,0
2022-08-25 12:15:00,550,550,550,550,0
2022-08-25 12:16:00,550,550,550,550,0
2022-08-25 12:17:00,550,550,550,550,0
2022-08-25 12:18:00,550,550,550,550,0
2022-08-25 12:19:00,550,550,550,550,0
2022-08-25 12:20:00,550,550,550,550,0
2022-08-25 12:21:00,550,550,550,550,0
2022-08-25 12:22:00,550,550,550,550,0
2022-08-25 12:23:00,550,550,550,550,0
2022-08-25 12:24:00,550,550,550,550,0
2022-08-25 12:25:00,550,550,550,550,0
2022-08-25 12:26:00,550,550,550,550,0
2022-08-25 12:27:00,550,550,550,550,0
2022-08-25 12:28:00,550,550,550,550,0
2022-08-25 12:29:00,550,550,550,550,0
2022-08-25 12:30:00,550,550,550,550,0
2022-08-25 12:31:00,550,550,550,550,0
2022-08-25 12:32:00,550,550,550,550,0
2022-08-25 12:33:00,550,550,550,550,0
2022-08-25 12:34:00,550,550,550,550,0
2022-08-25 12:35:00,550,550,550,550,0
2022-08-25 12:36:00,550,550,550,550,0
2022-08-25 12:37:00,550,550,550,550,0
2022-08-25 12:38:00,550,550,550,550,0
2022-08-25 12:39:00,550,550,550,550,0
2022-08-25 12:40:00,550,550,550,550,0
2022-08-25 12:41:00,550,550,550,550,0
2022-08-25 12:42:00,550,550,550,550,0
2022-08-25 12:43:00,550,550,550,550,0
2022-08-25 12:44:00,550,550,550,550,0
2022-08-25 12:45:00,550,550,550,550,0
2022-08-25 12:46:00,550,550,550,550,0
2022-08-25 12:47:00,550,550,550,550,0
2022-08-25 12:48:00,550,550,550,550,0
2022-08-25 12:49:00,550,550,550,550,0
2022-08-25 12:50:00,550,550,550,550,0
2022-08-25 12:51:00,550,550,550,550,0
2022-08-25 12:52:00,550,550,550,550,0
2022-08-25 12:53:00,550,550,550,550,0
2022-08-25 12:54:00,550,550,550,550,0
2022-08-25 12:55:00,550,550,550,550,0
2022-08-25 12:56:00,550,550,550,550,0
2022-08-25 12:57:00,550,550,550,550,0
2022-08-25 12:58:00,550,550,550,550,0
2022-08-25 12:59:00,550,550,550,550,0
2022-08-25 13:00:00,550,550,550,550,0
2022-08-25 13:01:00,550,550,550,550,0
2022-08-25 13:02:00,550,550,550,550,0
2022-08-25 13:03:00,550,550,550,550,0
2022-08-25 13:04:00,550,550,550,550,0
2022-08-25 13:05:00,550,550,550,550,0
2022-08-25 13:06:00,550,550,550,550,0
2022-08-25 13:07:00,550,550,550,550,0
2022-08-25 13:08:00,550,550,550,550,0
2022-08-25 13:09:00,550,550,550,550,0
2022-08-25 13:10:00,550,550,550,550,0
2022-08-25 13:11:00,550,550,550,550,0
2022-08-25 13:12:00,550,550,550,550,0
2022-08-25 13:13:00,550,550,550,550,0
2022-08-25 13:14:00,550,550,550,550,0
2022-08-25 13:15:00,550,550,550,550,0
2022-08-25 13:16:00,550,550,550,550,0
2022-08-25 13:17:00,550,550,550,550,0
2022-08-25 13:18:00,550,550,550,550,0
2022-08-25 13:19:00,550,550,550,550,0
2022-08-25 13:20:00,550,550,550,550,0
2022-08-25 13:21:00,550,550,550,550,0
2022-08-25 13:22:00,550,550,550,550,0
2022-08-25 13:23:00,550,550,550,550,0
2022-08-25 13:24:00,550,550,550,550,0
2022-08-25 13:25:00,550,550,550,550,0
2022-08-25 13:26:00,550,550,550,550,0
2022-08-25 13:27:00,550,550,550,550,0
2022-08-25 13:28:00,550,550,550,550,0
2022-08-25 13:29:00,550,550,550,550,0
2022-08-25 13:30:00,550,550,550,550,272800
2022-08-25 13:31:00,550,550,550,550,0
2022-08-25 13:32:00,550,550,550,550,0
2022-08-25 13:33:00,550,550,550,550,0
2022-08-25 13:34:00,550,550,550,550,0
2022-08-25 13:35:00,550,550,550,550,0
2022-08-25 13:36:00,550,550,550,550,0
2022-08-25 13:37:00,550,550,550,550,600
2022-08-25 13:38:00,550,550,550,550,0
2022-08-25 13:39:00,550,550,550,550,0
2022-08-25 13:40:00,550,550,550,550,0
2022-08-25 13:41:00,550,550,550,550,0
2022-08-25 13:42:00,550,550,550,550,0
2022-08-25 13:43:00,550,550,550,550,0
2022-08-25 13:44:00,550,550,550,550,0
2022-08-25 13:45:00,550,550,550,550,0
2022-08-25 13:46:00,550,550,550,550,0
2022-08-25 13:47:00,550,550,550,550,0
2022-08-25 13:48:00,550,550,550,550,0
2022-08-25 13:49:00,550,550,550,550,0
2022-08-25 13:50:00,550,550,550,550,0
2022-08-25 13:51:00,550,550,550,550,0
2022-08-25 13:52:00,550,550,550,550,0
2022-08-25 13:53:00,550,550,550,550,0
2022-08-25 13:54:00,550,550,550,550,1500
2022-08-25 13:55:00,550,550,550,550,0
2022-08-25 13:56:00,550,550,550,550,0
2022-08-25 13:57:00,550,550,550,550,0
2022-08-25 13:58:00,550,550,550,550,0
2022-08-25 13:59:00,550,550,550,550,0
2022-08-25 14:00:00,550,550,550,550,0
2022-08-25 14:01:00,550,550,550,550,0
2022-08-25 14:02:00,550,550,550,550,0
2022-08-25 14:03:00,550,550,550,550,0
2022-08-25 14:04:00,550,550,550,550,0
2022-08-25 14:05:00,550,550,550,550,0
2022-08-25 14:06:00,550,550,550,550,0
2022-08-25 14:07:00,550,550,550,550,0
2022-08-25 14:08:00,550,550,550,550,0
2022-08-25 14:09:00,550,550,550,550,0
2022-08-25 14:10:00,550,550,550,550,0
2022-08-25 14:11:00,550,550,550,550,0
2022-08-25 14:12:00,550,550,550,550,0
2022-08-25 14:13:00,550,550,550,550,0
2022-08-25 14:14:00,550,550,550,550,0
2022-08-25 14:15:00,550,550,550,550,0
2022-08-25 14:16:00,550,550,550,550,0
2022-08-25 14:17:00,550,550,550,550,0
2022-08-25 14:18:00,550,550,550,550,0
2022-08-25 14:19:00,550,550,550,550,0
2022-08-25 14:20:00,550,550,550,550,0
2022-08-25 14:21:00,550,550,550,550,0
2022-08-25 14:22:00,550,550,550,550,7600
2022-08-25 14:23:00,550,550,550,550,0
2022-08-25 14:24:00,550,550,550,550,0
2022-08-25 14:25:00,550,550,550,550,0
2022-08-25 14:26:00,550,550,550,550,0
2022-08-25 14:27:00,550,550,550,550,0
2022-08-25 14:28:00,550,550,550,550,0
2022-08-25 14:29:00,550,550,550,550,0
2022-08-25 14:30:00,550,550,550,550,0
2022-08-25 14:31:00,550,550,550,550,600
2022-08-25 14:32:00,550,550,550,550,0
2022-08-25 14:33:00,550,550,550,550,0
2022-08-25 14:34:00,545,545,545,545,0
2022-08-25 14:35:00,550,550,550,550,400
2022-08-25 14:36:00,550,550,550,550,0
2022-08-25 14:37:00,550,550,550,550,0
2022-08-25 14:38:00,550,550,550,550,0
2022-08-25 14:39:00,550,550,550,550,0
2022-08-25 14:40:00,550,550,550,550,0
2022-08-25 14:41:00,550,550,550,550,0
2022-08-25 14:42:00,550,550,550,550,0
2022-08-25 14:43:00,550,550,550,550,0
2022-08-25 14:44:00,550,550,550,550,0
2022-08-25 14:45:00,550,550,550,550,900
2022-08-25 14:46:00,550,550,550,550,0
2022-08-25 14:47:00,550,550,550,550,300
2022-08-25 14:48:00,550,550,550,550,600
2022-08-25 14:49:00,550,550,550,550,800
2022-08-25 14:50:00,550,550,550,550,0
2022-08-25 14:51:00,550,550,550,550,0
2022-08-25 14:52:00,550,550,550,550,0
2022-08-25 14:53:00,550,550,550,550,0
2022-08-25 14:54:00,550,550,550,550,0
2022-08-25 14:55:00,550,550,550,550,0
2022-08-25 14:56:00,550,550,550,550,0
2022-08-25 14:57:00,550,550,550,550,0
2022-08-25 14:58:00,550,550,550,550,0
2022-08-25 14:59:00,550,550,550,550,0
2022-08-25 15:00:00,550,550,550,550,412500
2022-08-25 15:01:00,550,550,550,550,0
2022-08-25 15:02:00,550,550,550,550,0
2022-08-25 15:03:00,550,550,550,550,0
2022-08-25 15:04:00,550,550,550,550,0
2022-08-25 15:05:00,550,550,550,550,0
2022-08-25 15:06:00,550,550,550,550,0
2022-08-25 15:07:00,550,550,550,550,0
2022-08-25 15:08:00,550,550,550,550,0
2022-08-25 15:09:00,550,550,550,550,0
2022-08-25 15:10:00,550,550,550,550,0
2022-08-25 15:11:00,550,550,550,550,0
2022-08-25 15:12:00,550,550,550,550,0
2022-08-25 15:13:00,550,550,550,550,0
2022-08-25 15:14:00,550,550,550,550,0
2022-08-25 15:15:00,550,550,550,550,0
2022-08-25 15:16:00,550,550,550,550,0
2022-08-25 15:17:00,550,550,550,550,0
2022-08-25 15:18:00,550,550,550,550,0
2022-08-25 15:19:00,550,550,550,550,0
2022-08-25 15:20:00,550,550,550,550,0
2022-08-25 15:21:00,550,550,550,550,0
2022-08-25 15:22:00,550,550,550,550,0
2022-08-25 15:23:00,550,550,550,550,0
2022-08-25 15:24:00,550,550,550,550,0
2022-08-25 15:25:00,550,550,550,550,0
2022-08-25 15:26:00,550,550,550,550,0
2022-08-25 15:27:00,550,550,550,550,0
2022-08-25 15:28:00,550,550,550,550,0
2022-08-25 15:29:00,550,550,550,550,0
2022-08-25 15:30:00,550,550,550,550,0
2022-08-25 15:31:00,550,550,550,550,0
2022-08-25 15:32:00,550,550,550,550,0
2022-08-25 15:33:00,550,550,550,550,0
2022-08-25 15:34:00,550,550,550,550,0
2022-08-25 15:35:00,550,550,550,550,0
2022-08-25 15:36:00,550,550,550,550,0
2022-08-25 15:37:00,550,550,550,550,0
2022-08-25 15:38:00,550,550,550,550,0
2022-08-25 15:39:00,550,550,550,550,0
2022-08-25 15:40:00,550,550,550,550,0
2022-08-25 15:41:00,550,550,550,550,0
2022-08-25 15:42:00,550,550,550,550,0
2022-08-25 15:43:00,550,550,550,550,0
2022-08-25 15:44:00,550,550,550,550,0
2022-08-25 15:45:00,550,550,550,550,0
2022-08-25 15:46:00,550,550,550,550,0
2022-08-25 15:47:00,550,550,550,550,0
2022-08-25 15:48:00,550,550,550,550,0
2022-08-25 15:49:00,550,550,550,550,0
2022-08-25 15:50:00,550,550,550,550,0
2022-08-25 15:51:00,550,550,550,550,0
2022-08-25 15:52:00,550,550,550,550,0
2022-08-25 15:53:00,550,550,550,550,0
2022-08-25 15:54:00,550,550,550,550,0
2022-08-25 15:55:00,550,550,550,550,0
2022-08-25 15:56:00,550,550,550,550,0
2022-08-25 15:57:00,550,550,550,550,0
2022-08-25 15:58:00,550,550,550,550,0
2022-08-25 15:59:00,550,550,550,550,0
2022-08-26 09:00:00,550,550,550,550,0
2022-08-26 09:01:00,550,550,550,550,0
2022-08-26 09:02:00,550,550,550,550,0
2022-08-26 09:03:00,550,550,550,550,0
2022-08-26 09:04:00,550,550,550,550,0
2022-08-26 09:05:00,550,550,550,550,0
2022-08-26 09:06:00,550,550,550,550,0
2022-08-26 09:07:00,550,550,550,550,0
2022-08-26 09:08:00,550,550,550,550,0
2022-08-26 09:09:00,550,550,550,550,0
2022-08-26 09:10:00,550,550,550,550,47200
2022-08-26 09:11:00,550,550,550,550,0
2022-08-26 09:12:00,550,550,550,550,0
2022-08-26 09:13:00,550,550,550,550,0
2022-08-26 09:14:00,550,550,550,550,0
2022-08-26 09:15:00,550,550,550,550,0
2022-08-26 09:16:00,550,550,550,550,0
2022-08-26 09:17:00,550,550,550,550,0
2022-08-26 09:18:00,550,550,550,550,0
2022-08-26 09:19:00,550,550,550,550,0
2022-08-26 09:20:00,550,550,550,550,0
2022-08-26 09:21:00,550,550,550,550,0
2022-08-26 09:22:00,550,550,550,550,0
2022-08-26 09:23:00,550,550,550,550,0
2022-08-26 09:24:00,550,550,550,550,0
2022-08-26 09:25:00,550,550,550,550,0
2022-08-26 09:26:00,550,550,550,550,0
2022-08-26 09:27:00,550,550,550,550,0
2022-08-26 09:28:00,550,550,550,550,0
2022-08-26 09:29:00,550,550,550,550,0
2022-08-26 09:30:00,550,550,550,550,0
2022-08-26 09:31:00,550,550,550,550,0
2022-08-26 09:32:00,550,550,550,550,0
2022-08-26 09:33:00,550,550,550,550,0
2022-08-26 09:34:00,550,550,550,550,0
2022-08-26 09:35:00,550,550,550,550,0
2022-08-26 09:36:00,550,550,550,550,0
2022-08-26 09:37:00,550,550,550,550,0
2022-08-26 09:38:00,550,550,550,550,0
2022-08-26 09:39:00,550,550,550,550,0
2022-08-26 09:40:00,550,550,550,550,0
2022-08-26 09:41:00,550,550,550,550,0
2022-08-26 09:42:00,550,550,550,550,0
2022-08-26 09:43:00,550,550,550,550,0
2022-08-26 09:44:00,550,550,550,550,0
2022-08-26 09:45:00,550,550,550,550,0
2022-08-26 09:46:00,550,550,550,550,0
2022-08-26 09:47:00,550,550,550,550,0
2022-08-26 09:48:00,550,550,550,550,0
2022-08-26 09:49:00,550,550,550,550,0
2022-08-26 09:50:00,550,550,550,550,0
2022-08-26 09:51:00,550,550,550,550,0
2022-08-26 09:52:00,550,550,550,550,0
2022-08-26 09:53:00,550,550,550,550,0
2022-08-26 09:54:00,550,550,550,550,0
2022-08-26 09:55:00,550,550,550,550,0
2022-08-26 09:56:00,550,550,550,550,0
2022-08-26 09:57:00,550,550,550,550,0
2022-08-26 09:58:00,550,550,550,550,0
2022-08-26 09:59:00,550,550,550,550,0
2022-08-26 10:00:00,550,550,550,550,0
2022-08-26 10:01:00,550,550,550,550,0
2022-08-26 10:02:00,550,550,550,550,0
2022-08-26 10:03:00,550,550,550,550,0
2022-08-26 10:04:00,550,550,550,550,0
2022-08-26 10:05:00,550,550,550,550,0
2022-08-26 10:06:00,550,550,550,550,0
2022-08-26 10:07:00,550,550,550,550,0
2022-08-26 10:08:00,550,550,550,550,0
2022-08-26 10:09:00,550,550,550,550,0
2022-08-26 10:10:00,550,550,550,550,0
2022-08-26 10:11:00,550,550,550,550,0
2022-08-26 10:12:00,550,550,550,550,0
2022-08-26 10:13:00,550,550,550,550,0
2022-08-26 10:14:00,550,550,550,550,0
2022-08-26 10:15:00,550,550,550,550,0
2022-08-26 10:16:00,550,550,550,550,0
2022-08-26 10:17:00,550,550,550,550,0
2022-08-26 10:18:00,550,550,550,550,0
2022-08-26 10:19:00,550,550,550,550,0
2022-08-26 10:20:00,550,550,550,550,0
2022-08-26 10:21:00,550,550,550,550,0
2022-08-26 10:22:00,550,550,550,550,0
2022-08-26 10:23:00,550,550,550,550,0
2022-08-26 10:24:00,550,550,550,550,0
2022-08-26 10:25:00,550,550,550,550,0
2022-08-26 10:26:00,550,550,550,550,0
2022-08-26 10:27:00,550,550,550,550,0
2022-08-26 10:28:00,550,550,550,550,0
2022-08-26 10:29:00,550,550,550,550,0
2022-08-26 10:30:00,550,550,550,550,0
2022-08-26 10:31:00,550,550,550,550,0
2022-08-26 10:32:00,550,550,550,550,0
2022-08-26 10:33:00,550,550,550,550,0
2022-08-26 10:34:00,550,550,550,550,0
2022-08-26 10:35:00,550,550,550,550,0
2022-08-26 10:36:00,550,550,550,550,0
2022-08-26 10:37:00,550,550,550,550,0
2022-08-26 10:38:00,550,550,550,550,0
2022-08-26 10:39:00,550,550,550,550,0
2022-08-26 10:40:00,550,550,550,550,0
2022-08-26 10:41:00,550,550,550,550,0
2022-08-26 10:42:00,545,545,545,545,50000
2022-08-26 10:43:00,550,550,550,550,0
2022-08-26 10:44:00,550,550,550,550,0
2022-08-26 10:45:00,550,550,550,550,0
2022-08-26 10:46:00,550,550,550,550,0
2022-08-26 10:47:00,550,550,550,550,0
2022-08-26 10:48:00,550,550,550,550,8000
2022-08-26 10:49:00,550,550,550,550,0
2022-08-26 10:50:00,550,550,550,550,0
2022-08-26 10:51:00,550,550,550,550,0
2022-08-26 10:52:00,550,550,550,550,0
2022-08-26 10:53:00,550,550,550,550,0
2022-08-26 10:54:00,550,550,550,550,0
2022-08-26 10:55:00,550,550,550,550,0
2022-08-26 10:56:00,550,550,550,550,0
2022-08-26 10:57:00,550,550,550,550,0
2022-08-26 10:58:00,550,550,550,550,200
2022-08-26 10:59:00,550,550,550,550,0
2022-08-26 11:00:00,550,550,550,550,0
2022-08-26 11:01:00,550,550,550,550,0
2022-08-26 11:02:00,550,550,550,550,0
2022-08-26 11:03:00,550,550,550,550,0
2022-08-26 11:04:00,550,550,550,550,0
2022-08-26 11:05:00,550,550,550,550,0
2022-08-26 11:06:00,550,550,550,550,0
2022-08-26 11:07:00,550,550,550,550,0
2022-08-26 11:08:00,550,550,550,550,0
2022-08-26 11:09:00,550,550,550,550,0
2022-08-26 11:10:00,550,550,550,550,0
2022-08-26 11:11:00,550,550,550,550,0
2022-08-26 11:12:00,550,550,550,550,0
2022-08-26 11:13:00,550,550,550,550,0
2022-08-26 11:14:00,550,550,550,550,0
2022-08-26 11:15:00,550,550,550,550,0
2022-08-26 11:16:00,550,550,550,550,0
2022-08-26 11:17:00,550,550,550,550,0
2022-08-26 11:18:00,550,550,550,550,0
2022-08-26 11:19:00,550,550,550,550,0
2022-08-26 11:20:00,550,550,550,550,0
2022-08-26 11:21:00,550,550,550,550,0
2022-08-26 11:22:00,550,550,550,550,0
2022-08-26 11:23:00,550,550,550,550,0
2022-08-26 11:24:00,550,550,550,550,600
2022-08-26 11:25:00,550,550,550,550,300
2022-08-26 11:26:00,550,550,550,550,600
2022-08-26 11:27:00,550,550,550,550,200
2022-08-26 11:28:00,550,550,550,550,700
2022-08-26 11:29:00,550,550,550,550,400
2022-08-26 11:30:00,550,550,550,550,0
2022-08-26 11:31:00,550,550,550,550,0
2022-08-26 11:32:00,550,550,550,550,0
2022-08-26 11:33:00,550,550,550,550,0
2022-08-26 11:34:00,550,550,550,550,0
2022-08-26 11:35:00,550,550,550,550,0
2022-08-26 11:36:00,550,550,550,550,0
2022-08-26 11:37:00,550,550,550,550,0
2022-08-26 11:38:00,550,550,550,550,0
2022-08-26 11:39:00,550,550,550,550,0
2022-08-26 11:40:00,550,550,550,550,0
2022-08-26 11:41:00,550,550,550,550,0
2022-08-26 11:42:00,550,550,550,550,0
2022-08-26 11:43:00,550,550,550,550,0
2022-08-26 11:44:00,550,550,550,550,0
2022-08-26 11:45:00,550,550,550,550,0
2022-08-26 11:46:00,550,550,550,550,0
2022-08-26 11:47:00,550,550,550,550,0
2022-08-26 11:48:00,550,550,550,550,0
2022-08-26 11:49:00,550,550,550,550,0
2022-08-26 11:50:00,550,550,550,550,0
2022-08-26 11:51:00,550,550,550,550,0
2022-08-26 11:52:00,550,550,550,550,0
2022-08-26 11:53:00,550,550,550,550,0
2022-08-26 11:54:00,550,550,550,550,0
2022-08-26 11:55:00,550,550,550,550,0
2022-08-26 11:56:00,550,550,550,550,0
2022-08-26 11:57:00,550,550,550,550,0
2022-08-26 11:58:00,550,550,550,550,0
2022-08-26 11:59:00,550,550,550,550,0
2022-08-26 12:00:00,550,550,550,550,0
2022-08-26 12:01:00,550,550,550,550,0
2022-08-26 12:02:00,550,550,550,550,0
2022-08-26 12:03:00,550,550,550,550,0
2022-08-26 12:04:00,550,550,550,550,0
2022-08-26 12:05:00,550,550,550,550,0
2022-08-26 12:06:00,550,550,550,550,0
2022-08-26 12:07:00,550,550,550,550,0
2022-08-26 12:08:00,550,550,550,550,0
2022-08-26 12:09:00,550,550,550,550,0
2022-08-26 12:10:00,550,550,550,550,0
2022-08-26 12:11:00,550,550,550,550,0
2022-08-26 12:12:00,550,550,550,550,0
2022-08-26 12:13:00,550,550,550,550,0
2022-08-26 12:14:00,550,550,550,550,0
2022-08-26 12:15:00,550,550,550,550,0
2022-08-26 12:16:00,550,550,550,550,0
2022-08-26 12:17:00,550,550,550,550,0
2022-08-26 12:18:00,550,550,550,550,0
2022-08-26 12:19:00,550,550,550,550,0
2022-08-26 12:20:00,550,550,550,550,0
2022-08-26 12:21:00,550,550,550,550,0
2022-08-26 12:22:00,550,550,550,550,0
2022-08-26 12:23:00,550,550,550,550,0
2022-08-26 12:24:00,550,550,550,550,0
2022-08-26 12:25:00,550,550,550,550,0
2022-08-26 12:26:00,550,550,550,550,0
2022-08-26 12:27:00,550,550,550,550,0
2022-08-26 12:28:00,550,550,550,550,0
2022-08-26 12:29:00,550,550,550,550,0
2022-08-26 12:30:00,550,550,550,550,0
2022-08-26 12:31:00,550,550,550,550,0
2022-08-26 12:32:00,550,550,550,550,0
2022-08-26 12:33:00,550,550,550,550,0
2022-08-26 12:34:00,550,550,550,550,0
2022-08-26 12:35:00,550,550,550,550,0
2022-08-26 12:36:00,550,550,550,550,0
2022-08-26 12:37:00,550,550,550,550,0
2022-08-26 12:38:00,550,550,550,550,0
2022-08-26 12:39:00,550,550,550,550,0
2022-08-26 12:40:00,550,550,550,550,0
2022-08-26 12:41:00,550,550,550,550,0
2022-08-26 12:42:00,550,550,550,550,0
2022-08-26 12:43:00,550,550,550,550,0
2022-08-26 12:44:00,550,550,550,550,0
2022-08-26 12:45:00,550,550,550,550,0
2022-08-26 12:46:00,550,550,550,550,0
2022-08-26 12:47:00,550,550,550,550,0
2022-08-26 12:48:00,550,550,550,550,0
2022-08-26 12:49:00,550,550,550,550,0
2022-08-26 12:50:00,550,550,550,550,0
2022-08-26 12:51:00,550,550,550,550,0
2022-08-26 12:52:00,550,550,550,550,0
2022-08-26 12:53:00,550,550,550,550,0
2022-08-26 12:54:00,550,550,550,550,0
2022-08-26 12:55:00,550,550,550,550,0
2022-08-26 12:56:00,550,550,550,550,0
2022-08-26 12:57:00,550,550,550,550,0
2022-08-26 12:58:00,550,550,550,550,0
2022-08-26 12:59:00,550,550,550,550,0
2022-08-26 13:00:00,550,550,550,550,0
2022-08-26 13:01:00,550,550,550,550,0
2022-08-26 13:02:00,550,550,550,550,0
2022-08-26 13:03:00,550,550,550,550,0
2022-08-26 13:04:00,550,550,550,550,0
2022-08-26 13:05:00,550,550,550,550,0
2022-08-26 13:06:00,550,550,550,550,0
2022-08-26 13:07:00,550,550,550,550,0
2022-08-26 13:08:00,550,550,550,550,0
2022-08-26 13:09:00,550,550,550,550,0
2022-08-26 13:10:00,550,550,550,550,0
2022-08-26 13:11:00,550,550,550,550,0
2022-08-26 13:12:00,550,550,550,550,0
2022-08-26 13:13:00,550,550,550,550,0
2022-08-26 13:14:00,550,550,550,550,0
2022-08-26 13:15:00,550,550,550,550,0
2022-08-26 13:16:00,550,550,550,550,0
2022-08-26 13:17:00,550,550,550,550,0
2022-08-26 13:18:00,550,550,550,550,0
2022-08-26 13:19:00,550,550,550,550,0
2022-08-26 13:20:00,550,550,550,550,0
2022-08-26 13:21:00,550,550,550,550,0
2022-08-26 13:22:00,550,550,550,550,0
2022-08-26 13:23:00,550,550,550,550,0
2022-08-26 13:24:00,550,550,550,550,0
2022-08-26 13:25:00,550,550,550,550,0
2022-08-26 13:26:00,550,550,550,550,0
2022-08-26 13:27:00,550,550,550,550,0
2022-08-26 13:28:00,550,550,550,550,0
2022-08-26 13:29:00,550,550,550,550,0
2022-08-26 13:30:00,550,550,550,550,900
2022-08-26 13:31:00,550,550,550,550,0
2022-08-26 13:32:00,550,550,550,550,0
2022-08-26 13:33:00,550,550,550,550,0
2022-08-26 13:34:00,550,550,550,550,0
2022-08-26 13:35:00,550,550,550,550,0
2022-08-26 13:36:00,550,550,550,550,0
2022-08-26 13:37:00,550,550,550,550,1000
2022-08-26 13:38:00,550,550,550,550,0
2022-08-26 13:39:00,550,550,550,550,0
2022-08-26 13:40:00,550,550,550,550,0
2022-08-26 13:41:00,550,550,550,550,0
2022-08-26 13:42:00,550,550,550,550,0
2022-08-26 13:43:00,550,550,550,550,0
2022-08-26 13:44:00,550,550,550,550,0
2022-08-26 13:45:00,550,550,550,550,0
2022-08-26 13:46:00,550,550,550,550,0
2022-08-26 13:47:00,550,550,550,550,0
2022-08-26 13:48:00,550,550,550,550,0
2022-08-26 13:49:00,545,545,550,550,18500
2022-08-26 13:50:00,545,545,550,550,5300
2022-08-26 13:51:00,545,545,550,550,0
2022-08-26 13:52:00,545,545,550,550,0
2022-08-26 13:53:00,545,545,550,550,0
2022-08-26 13:54:00,545,545,550,550,0
2022-08-26 13:55:00,545,545,550,550,0
2022-08-26 13:56:00,545,545,550,550,0
2022-08-26 13:57:00,545,545,550,550,0
2022-08-26 13:58:00,545,545,550,550,0
2022-08-26 13:59:00,550,550,550,550,2000
2022-08-26 14:00:00,550,550,550,550,0
2022-08-26 14:01:00,550,550,550,550,0
2022-08-26 14:02:00,550,550,550,550,0
2022-08-26 14:03:00,550,550,550,550,0
2022-08-26 14:04:00,550,550,550,550,0
2022-08-26 14:05:00,550,550,550,550,0
2022-08-26 14:06:00,550,550,550,550,0
2022-08-26 14:07:00,550,550,550,550,0
2022-08-26 14:08:00,550,550,550,550,0
2022-08-26 14:09:00,550,550,550,550,0
2022-08-26 14:10:00,550,550,550,550,0
2022-08-26 14:11:00,550,550,550,550,0
2022-08-26 14:12:00,550,550,550,550,0
2022-08-26 14:13:00,550,550,550,550,0
2022-08-26 14:14:00,550,550,550,550,0
2022-08-26 14:15:00,550,550,550,550,0
2022-08-26 14:16:00,550,550,550,550,0
2022-08-26 14:17:00,550,550,550,550,0
2022-08-26 14:18:00,550,550,550,550,0
2022-08-26 14:19:00,550,550,550,550,1800
2022-08-26 14:20:00,550,550,550,550,0
2022-08-26 14:21:00,550,550,550,550,0
2022-08-26 14:22:00,550,550,550,550,0
2022-08-26 14:23:00,550,550,550,550,0
2022-08-26 14:24:00,545,545,545,545,0
2022-08-26 14:25:00,550,550,550,550,500
2022-08-26 14:26:00,550,550,550,550,0
2022-08-26 14:27:00,550,550,550,550,0
2022-08-26 14:28:00,550,550,550,550,0
2022-08-26 14:29:00,550,550,550,550,0
2022-08-26 14:30:00,550,550,550,550,400
2022-08-26 14:31:00,550,550,550,550,0
2022-08-26 14:32:00,550,550,550,550,0
2022-08-26 14:33:00,545,545,550,550,6200
2022-08-26 14:34:00,545,545,550,550,0
2022-08-26 14:35:00,550,550,550,550,0
2022-08-26 14:36:00,550,550,550,550,0
2022-08-26 14:37:00,550,550,550,550,0
2022-08-26 14:38:00,550,550,550,550,0
2022-08-26 14:39:00,550,550,550,550,300
2022-08-26 14:40:00,545,545,550,550,300
2022-08-26 14:41:00,545,545,550,550,0
2022-08-26 14:42:00,545,545,550,550,0
2022-08-26 14:43:00,550,550,550,550,200
2022-08-26 14:44:00,550,550,550,550,0
2022-08-26 14:45:00,550,550,550,550,600
2022-08-26 14:46:00,550,550,550,550,100
2022-08-26 14:47:00,550,550,550,550,400
2022-08-26 14:48:00,550,550,550,550,300
2022-08-26 14:49:00,550,550,550,550,600
2022-08-26 14:50:00,550,550,550,550,0
2022-08-26 14:51:00,550,550,550,550,0
2022-08-26 14:52:00,550,550,550,550,0
2022-08-26 14:53:00,550,550,550,550,0
2022-08-26 14:54:00,550,550,550,550,0
2022-08-26 14:55:00,550,550,550,550,0
2022-08-26 14:56:00,550,550,550,550,0
2022-08-26 14:57:00,550,550,550,550,0
2022-08-26 14:58:00,550,550,550,550,0
2022-08-26 14:59:00,550,550,550,550,0
2022-08-26 15:00:00,550,550,550,550,121900
2022-08-26 15:01:00,550,550,550,550,0
2022-08-26 15:02:00,550,550,550,550,0
2022-08-26 15:03:00,550,550,550,550,0
2022-08-26 15:04:00,550,550,550,550,0
2022-08-26 15:05:00,550,550,550,550,0
2022-08-26 15:06:00,550,550,550,550,0
2022-08-26 15:07:00,550,550,550,550,0
2022-08-26 15:08:00,550,550,550,550,0
2022-08-26 15:09:00,550,550,550,550,0
2022-08-26 15:10:00,550,550,550,550,0
2022-08-26 15:11:00,550,550,550,550,0
2022-08-26 15:12:00,550,550,550,550,0
2022-08-26 15:13:00,550,550,550,550,0
2022-08-26 15:14:00,550,550,550,550,0
2022-08-26 15:15:00,550,550,550,550,0
2022-08-26 15:16:00,550,550,550,550,0
2022-08-26 15:17:00,550,550,550,550,0
2022-08-26 15:18:00,550,550,550,550,0
2022-08-26 15:19:00,550,550,550,550,0
2022-08-26 15:20:00,550,550,550,550,0
2022-08-26 15:21:00,550,550,550,550,0
2022-08-26 15:22:00,550,550,550,550,0
2022-08-26 15:23:00,550,550,550,550,0
2022-08-26 15:24:00,550,550,550,550,0
2022-08-26 15:25:00,550,550,550,550,0
2022-08-26 15:26:00,550,550,550,550,0
2022-08-26 15:27:00,550,550,550,550,0
2022-08-26 15:28:00,550,550,550,550,0
2022-08-26 15:29:00,550,550,550,550,0
2022-08-26 15:30:00,550,550,550,550,0
2022-08-26 15:31:00,550,550,550,550,0
2022-08-26 15:32:00,550,550,550,550,0
2022-08-26 15:33:00,550,550,550,550,0
2022-08-26 15:34:00,550,550,550,550,0
2022-08-26 15:35:00,550,550,550,550,0
2022-08-26 15:36:00,550,550,550,550,0
2022-08-26 15:37:00,550,550,550,550,0
2022-08-26 15:38:00,550,550,550,550,0
2022-08-26 15:39:00,550,550,550,550,0
2022-08-26 15:40:00,550,550,550,550,0
2022-08-26 15:41:00,550,550,550,550,0
2022-08-26 15:42:00,550,550,550,550,0
2022-08-26 15:43:00,550,550,550,550,0
2022-08-26 15:44:00,550,550,550,550,0
2022-08-26 15:45:00,550,550,550,550,0
2022-08-26 15:46:00,550,550,550,550,0
2022-08-26 15:47:00,550,550,550,550,0
2022-08-26 15:48:00,550,550,550,550,0
2022-08-26 15:49:00,550,550,550,550,0
2022-08-26 15:50:00,550,550,550,550,0
2022-08-26 15:51:00,550,550,550,550,0
2022-08-26 15:52:00,550,550,550,550,0
2022-08-26 15:53:00,550,550,550,550,0
2022-08-26 15:54:00,550,550,550,550,0
2022-08-26 15:55:00,550,550,550,550,0
2022-08-26 15:56:00,550,550,550,550,0
2022-08-26 15:57:00,550,550,550,550,0
2022-08-26 15:58:00,550,550,550,550,0
2022-08-26 15:59:00,550,550,550,550,0
2022-08-29 09:00:00,550,550,550,550,0
2022-08-29 09:01:00,550,550,550,550,100
2022-08-29 09:02:00,550,550,550,550,0
2022-08-29 09:03:00,550,550,550,550,0
2022-08-29 09:04:00,545,545,545,545,55000
2022-08-29 09:05:00,550,550,550,550,0
2022-08-29 09:06:00,550,550,550,550,0
2022-08-29 09:07:00,550,550,550,550,0
2022-08-29 09:08:00,545,545,545,545,100
2022-08-29 09:09:00,550,550,550,550,400
2022-08-29 09:10:00,550,550,550,550,0
2022-08-29 09:11:00,550,550,550,550,0
2022-08-29 09:12:00,550,550,550,550,0
2022-08-29 09:13:00,550,550,550,550,0
2022-08-29 09:14:00,550,550,550,550,2000
2022-08-29 09:15:00,550,550,550,550,0
2022-08-29 09:16:00,550,550,550,550,0
2022-08-29 09:17:00,545,545,550,550,9200
2022-08-29 09:18:00,545,545,550,550,0
2022-08-29 09:19:00,545,545,550,550,0
2022-08-29 09:20:00,545,545,550,550,0
2022-08-29 09:21:00,545,545,550,550,0
2022-08-29 09:22:00,545,545,550,550,0
2022-08-29 09:23:00,545,545,550,550,0
2022-08-29 09:24:00,550,550,550,550,2000
2022-08-29 09:25:00,550,550,550,550,0
2022-08-29 09:26:00,550,550,550,550,0
2022-08-29 09:27:00,550,550,550,550,0
2022-08-29 09:28:00,550,550,550,550,0
2022-08-29 09:29:00,550,550,550,550,0
2022-08-29 09:30:00,550,550,550,550,0
2022-08-29 09:31:00,550,550,550,550,0
2022-08-29 09:32:00,550,550,550,550,0
2022-08-29 09:33:00,550,550,550,550,0
2022-08-29 09:34:00,550,550,550,550,0
2022-08-29 09:35:00,550,550,550,550,0
2022-08-29 09:36:00,550,550,550,550,0
2022-08-29 09:37:00,550,550,550,550,0
2022-08-29 09:38:00,550,550,550,550,0
2022-08-29 09:39:00,550,550,550,550,0
2022-08-29 09:40:00,550,550,550,550,0
2022-08-29 09:41:00,550,550,550,550,0
2022-08-29 09:42:00,550,550,550,550,0
2022-08-29 09:43:00,550,550,550,550,0
2022-08-29 09:44:00,550,550,550,550,0
2022-08-29 09:45:00,550,550,550,550,0
2022-08-29 09:46:00,550,550,550,550,0
2022-08-29 09:47:00,550,550,550,550,0
2022-08-29 09:48:00,550,550,550,550,0
2022-08-29 09:49:00,550,550,550,550,0
2022-08-29 09:50:00,550,550,550,550,0
2022-08-29 09:51:00,550,550,550,550,0
2022-08-29 09:52:00,550,550,550,550,0
2022-08-29 09:53:00,550,550,550,550,0
2022-08-29 09:54:00,550,550,550,550,0
2022-08-29 09:55:00,550,550,550,550,0
2022-08-29 09:56:00,550,550,550,550,0
2022-08-29 09:57:00,550,550,550,550,100
2022-08-29 09:58:00,550,550,550,550,0
2022-08-29 09:59:00,550,550,550,550,0
2022-08-29 10:00:00,550,550,550,550,0
2022-08-29 10:01:00,550,550,550,550,0
2022-08-29 10:02:00,550,550,550,550,0
2022-08-29 10:03:00,550,550,550,550,0
2022-08-29 10:04:00,550,550,550,550,0
2022-08-29 10:05:00,550,550,550,550,0
2022-08-29 10:06:00,550,550,550,550,0
2022-08-29 10:07:00,550,550,550,550,0
2022-08-29 10:08:00,550,550,550,550,0
2022-08-29 10:09:00,550,550,550,550,0
2022-08-29 10:10:00,550,550,550,550,0
2022-08-29 10:11:00,550,550,550,550,0
2022-08-29 10:12:00,550,550,550,550,0
2022-08-29 10:13:00,550,550,550,550,0
2022-08-29 10:14:00,550,550,550,550,0
2022-08-29 10:15:00,550,550,550,550,0
2022-08-29 10:16:00,550,550,550,550,0
2022-08-29 10:17:00,550,550,550,550,0
2022-08-29 10:18:00,550,550,550,550,0
2022-08-29 10:19:00,550,550,550,550,0
2022-08-29 10:20:00,550,550,550,550,0
2022-08-29 10:21:00,550,550,550,550,0
2022-08-29 10:22:00,550,550,550,550,0
2022-08-29 10:23:00,550,550,550,550,0
2022-08-29 10:24:00,550,550,550,550,0
2022-08-29 10:25:00,550,550,550,550,0
2022-08-29 10:26:00,550,550,550,550,0
2022-08-29 10:27:00,550,550,550,550,0
2022-08-29 10:28:00,550,550,550,550,0
2022-08-29 10:29:00,550,550,550,550,0
2022-08-29 10:30:00,550,550,550,550,0
2022-08-29 10:31:00,550,550,550,550,0
2022-08-29 10:32:00,550,550,550,550,0
2022-08-29 10:33:00,550,550,550,550,0
2022-08-29 10:34:00,550,550,550,550,0
2022-08-29 10:35:00,550,550,550,550,0
2022-08-29 10:36:00,550,550,550,550,0
2022-08-29 10:37:00,550,550,550,550,0
2022-08-29 10:38:00,550,550,550,550,0
2022-08-29 10:39:00,550,550,550,550,0
2022-08-29 10:40:00,550,550,550,550,0
2022-08-29 10:41:00,550,550,550,550,0
2022-08-29 10:42:00,550,550,550,550,0
2022-08-29 10:43:00,550,550,550,550,0
2022-08-29 10:44:00,550,550,550,550,0
2022-08-29 10:45:00,550,550,550,550,0
2022-08-29 10:46:00,550,550,550,550,0
2022-08-29 10:47:00,550,550,550,550,0
2022-08-29 10:48:00,550,550,550,550,0
2022-08-29 10:49:00,550,550,550,550,0
2022-08-29 10:50:00,550,550,550,550,0
2022-08-29 10:51:00,550,550,550,550,0
2022-08-29 10:52:00,550,550,550,550,0
2022-08-29 10:53:00,550,550,550,550,0
2022-08-29 10:54:00,550,550,550,550,0
2022-08-29 10:55:00,550,550,550,550,0
2022-08-29 10:56:00,550,550,550,550,0
2022-08-29 10:57:00,550,550,550,550,0
2022-08-29 10:58:00,550,550,550,550,0
2022-08-29 10:59:00,550,550,550,550,0
2022-08-29 11:00:00,550,550,550,550,0
2022-08-29 11:01:00,550,550,550,550,0
2022-08-29 11:02:00,550,550,550,550,0
2022-08-29 11:03:00,550,550,550,550,0
2022-08-29 11:04:00,550,550,550,550,0
2022-08-29 11:05:00,550,550,550,550,0
2022-08-29 11:06:00,550,550,550,550,0
2022-08-29 11:07:00,550,550,550,550,0
2022-08-29 11:08:00,550,550,550,550,0
2022-08-29 11:09:00,550,550,550,550,300
2022-08-29 11:10:00,550,550,550,550,0
2022-08-29 11:11:00,550,550,550,550,0
2022-08-29 11:12:00,550,550,550,550,0
2022-08-29 11:13:00,550,550,550,550,0
2022-08-29 11:14:00,550,550,550,550,0
2022-08-29 11:15:00,550,550,550,550,0
2022-08-29 11:16:00,550,550,550,550,0
2022-08-29 11:17:00,550,550,550,550,0
2022-08-29 11:18:00,550,550,550,550,0
2022-08-29 11:19:00,550,550,550,550,0
2022-08-29 11:20:00,550,550,550,550,0
2022-08-29 11:21:00,550,550,550,550,0
2022-08-29 11:22:00,550,550,550,550,0
2022-08-29 11:23:00,550,550,550,550,0
2022-08-29 11:24:00,550,550,550,550,600
2022-08-29 11:25:00,550,550,550,550,0
2022-08-29 11:26:00,550,550,550,550,0
2022-08-29 11:27:00,550,550,550,550,0
2022-08-29 11:28:00,550,550,550,550,300
2022-08-29 11:29:00,550,550,550,550,300
2022-08-29 11:30:00,550,550,550,550,0
2022-08-29 11:31:00,550,550,550,550,0
2022-08-29 11:32:00,550,550,550,550,0
2022-08-29 11:33:00,550,550,550,550,0
2022-08-29 11:34:00,550,550,550,550,0
2022-08-29 11:35:00,550,550,550,550,0
2022-08-29 11:36:00,550,550,550,550,0
2022-08-29 11:37:00,550,550,550,550,0
2022-08-29 11:38:00,550,550,550,550,0
2022-08-29 11:39:00,550,550,550,550,0
2022-08-29 11:40:00,550,550,550,550,0
2022-08-29 11:41:00,550,550,550,550,0
2022-08-29 11:42:00,550,550,550,550,0
2022-08-29 11:43:00,550,550,550,550,0
2022-08-29 11:44:00,550,550,550,550,0
2022-08-29 11:45:00,550,550,550,550,0
2022-08-29 11:46:00,550,550,550,550,0
2022-08-29 11:47:00,550,550,550,550,0
2022-08-29 11:48:00,550,550,550,550,0
2022-08-29 11:49:00,550,550,550,550,0
2022-08-29 11:50:00,550,550,550,550,0
2022-08-29 11:51:00,550,550,550,550,0
2022-08-29 11:52:00,550,550,550,550,0
2022-08-29 11:53:00,550,550,550,550,0
2022-08-29 11:54:00,550,550,550,550,0
2022-08-29 11:55:00,550,550,550,550,0
2022-08-29 11:56:00,550,550,550,550,0
2022-08-29 11:57:00,550,550,550,550,0
2022-08-29 11:58:00,550,550,550,550,0
2022-08-29 11:59:00,550,550,550,550,0
2022-08-29 12:00:00,550,550,550,550,0
2022-08-29 12:01:00,550,550,550,550,0
2022-08-29 12:02:00,550,550,550,550,0
2022-08-29 12:03:00,550,550,550,550,0
2022-08-29 12:04:00,550,550,550,550,0
2022-08-29 12:05:00,550,550,550,550,0
2022-08-29 12:06:00,550,550,550,550,0
2022-08-29 12:07:00,550,550,550,550,0
2022-08-29 12:08:00,550,550,550,550,0
2022-08-29 12:09:00,550,550,550,550,0
2022-08-29 12:10:00,550,550,550,550,0
2022-08-29 12:11:00,550,550,550,550,0
2022-08-29 12:12:00,550,550,550,550,0
2022-08-29 12:13:00,550,550,550,550,0
2022-08-29 12:14:00,550,550,550,550,0
2022-08-29 12:15:00,550,550,550,550,0
2022-08-29 12:16:00,550,550,550,550,0
2022-08-29 12:17:00,550,550,550,550,0
2022-08-29 12:18:00,550,550,550,550,0
2022-08-29 12:19:00,550,550,550,550,0
2022-08-29 12:20:00,550,550,550,550,0
2022-08-29 12:21:00,550,550,550,550,0
2022-08-29 12:22:00,550,550,550,550,0
2022-08-29 12:23:00,550,550,550,550,0
2022-08-29 12:24:00,550,550,550,550,0
2022-08-29 12:25:00,550,550,550,550,0
2022-08-29 12:26:00,550,550,550,550,0
2022-08-29 12:27:00,550,550,550,550,0
2022-08-29 12:28:00,550,550,550,550,0
2022-08-29 12:29:00,550,550,550,550,0
2022-08-29 12:30:00,550,550,550,550,0
2022-08-29 12:31:00,550,550,550,550,0
2022-08-29 12:32:00,550,550,550,550,0
2022-08-29 12:33:00,550,550,550,550,0
2022-08-29 12:34:00,550,550,550,550,0
2022-08-29 12:35:00,550,550,550,550,0
2022-08-29 12:36:00,550,550,550,550,0
2022-08-29 12:37:00,550,550,550,550,0
2022-08-29 12:38:00,550,550,550,550,0
2022-08-29 12:39:00,550,550,550,550,0
2022-08-29 12:40:00,550,550,550,550,0
2022-08-29 12:41:00,550,550,550,550,0
2022-08-29 12:42:00,550,550,550,550,0
2022-08-29 12:43:00,550,550,550,550,0
2022-08-29 12:44:00,550,550,550,550,0
2022-08-29 12:45:00,550,550,550,550,0
2022-08-29 12:46:00,550,550,550,550,0
2022-08-29 12:47:00,550,550,550,550,0
2022-08-29 12:48:00,550,550,550,550,0
2022-08-29 12:49:00,550,550,550,550,0
2022-08-29 12:50:00,550,550,550,550,0
2022-08-29 12:51:00,550,550,550,550,0
2022-08-29 12:52:00,550,550,550,550,0
2022-08-29 12:53:00,550,550,550,550,0
2022-08-29 12:54:00,550,550,550,550,0
2022-08-29 12:55:00,550,550,550,550,0
2022-08-29 12:56:00,550,550,550,550,0
2022-08-29 12:57:00,550,550,550,550,0
2022-08-29 12:58:00,550,550,550,550,0
2022-08-29 12:59:00,550,550,550,550,0
2022-08-29 13:00:00,550,550,550,550,0
2022-08-29 13:01:00,550,550,550,550,0
2022-08-29 13:02:00,550,550,550,550,0
2022-08-29 13:03:00,550,550,550,550,0
2022-08-29 13:04:00,550,550,550,550,0
2022-08-29 13:05:00,550,550,550,550,0
2022-08-29 13:06:00,550,550,550,550,0
2022-08-29 13:07:00,550,550,550,550,0
2022-08-29 13:08:00,550,550,550,550,0
2022-08-29 13:09:00,550,550,550,550,0
2022-08-29 13:10:00,550,550,550,550,0
2022-08-29 13:11:00,550,550,550,550,0
2022-08-29 13:12:00,550,550,550,550,0
2022-08-29 13:13:00,550,550,550,550,0
2022-08-29 13:14:00,550,550,550,550,0
2022-08-29 13:15:00,550,550,550,550,0
2022-08-29 13:16:00,550,550,550,550,0
2022-08-29 13:17:00,550,550,550,550,0
2022-08-29 13:18:00,550,550,550,550,0
2022-08-29 13:19:00,550,550,550,550,0
2022-08-29 13:20:00,550,550,550,550,0
2022-08-29 13:21:00,550,550,550,550,0
2022-08-29 13:22:00,550,550,550,550,0
2022-08-29 13:23:00,550,550,550,550,0
2022-08-29 13:24:00,550,550,550,550,0
2022-08-29 13:25:00,550,550,550,550,0
2022-08-29 13:26:00,550,550,550,550,0
2022-08-29 13:27:00,550,550,550,550,0
2022-08-29 13:28:00,550,550,550,550,0
2022-08-29 13:29:00,550,550,550,550,0
2022-08-29 13:30:00,550,550,550,550,300
2022-08-29 13:31:00,550,550,550,550,0
2022-08-29 13:32:00,550,550,550,550,0
2022-08-29 13:33:00,550,550,550,550,10200
2022-08-29 13:34:00,550,550,550,550,0
2022-08-29 13:35:00,550,550,550,550,0
2022-08-29 13:36:00,550,550,550,550,0
2022-08-29 13:37:00,550,550,550,550,0
2022-08-29 13:38:00,550,550,550,550,0
2022-08-29 13:39:00,550,550,550,550,0
2022-08-29 13:40:00,550,550,550,550,0
2022-08-29 13:41:00,550,550,550,550,0
2022-08-29 13:42:00,550,550,550,550,0
2022-08-29 13:43:00,550,550,550,550,0
2022-08-29 13:44:00,550,550,550,550,0
2022-08-29 13:45:00,550,550,550,550,0
2022-08-29 13:46:00,550,550,550,550,0
2022-08-29 13:47:00,550,550,550,550,0
2022-08-29 13:48:00,550,550,550,550,0
2022-08-29 13:49:00,550,550,550,550,0
2022-08-29 13:50:00,550,550,550,550,0
2022-08-29 13:51:00,550,550,550,550,0
2022-08-29 13:52:00,550,550,550,550,0
2022-08-29 13:53:00,550,550,550,550,0
2022-08-29 13:54:00,550,550,550,550,0
2022-08-29 13:55:00,550,550,550,550,300
2022-08-29 13:56:00,550,550,550,550,0
2022-08-29 13:57:00,550,550,550,550,0
2022-08-29 13:58:00,550,550,550,550,0
2022-08-29 13:59:00,550,550,550,550,0
2022-08-29 14:00:00,550,550,550,550,0
2022-08-29 14:01:00,550,550,550,550,0
2022-08-29 14:02:00,550,550,550,550,0
2022-08-29 14:03:00,550,550,550,550,0
2022-08-29 14:04:00,550,550,550,550,0
2022-08-29 14:05:00,550,550,550,550,0
2022-08-29 14:06:00,550,550,550,550,0
2022-08-29 14:07:00,550,550,550,550,0
2022-08-29 14:08:00,550,550,550,550,0
2022-08-29 14:09:00,550,550,550,550,0
2022-08-29 14:10:00,550,550,550,550,0
2022-08-29 14:11:00,550,550,550,550,0
2022-08-29 14:12:00,550,550,550,550,0
2022-08-29 14:13:00,550,550,550,550,0
2022-08-29 14:14:00,550,550,550,550,0
2022-08-29 14:15:00,550,550,550,550,0
2022-08-29 14:16:00,550,550,550,550,0
2022-08-29 14:17:00,550,550,550,550,0
2022-08-29 14:18:00,550,550,550,550,0
2022-08-29 14:19:00,550,550,550,550,0
2022-08-29 14:20:00,550,550,550,550,0
2022-08-29 14:21:00,550,550,550,550,0
2022-08-29 14:22:00,550,550,550,550,0
2022-08-29 14:23:00,550,550,550,550,0
2022-08-29 14:24:00,550,550,550,550,0
2022-08-29 14:25:00,550,550,550,550,0
2022-08-29 14:26:00,550,550,550,550,0
2022-08-29 14:27:00,550,550,550,550,0
2022-08-29 14:28:00,550,550,550,550,0
2022-08-29 14:29:00,550,550,550,550,0
2022-08-29 14:30:00,550,550,550,550,600
2022-08-29 14:31:00,550,550,550,550,100
2022-08-29 14:32:00,550,550,550,550,0
2022-08-29 14:33:00,550,550,550,550,0
2022-08-29 14:34:00,550,550,550,550,400
2022-08-29 14:35:00,550,550,550,550,0
2022-08-29 14:36:00,550,550,550,550,1700
2022-08-29 14:37:00,550,550,550,550,0
2022-08-29 14:38:00,550,550,550,550,0
2022-08-29 14:39:00,550,550,550,550,0
2022-08-29 14:40:00,550,550,550,550,0
2022-08-29 14:41:00,550,550,550,550,0
2022-08-29 14:42:00,550,550,550,550,0
2022-08-29 14:43:00,550,550,550,550,0
2022-08-29 14:44:00,550,550,550,550,0
2022-08-29 14:45:00,550,550,550,550,600
2022-08-29 14:46:00,550,550,550,550,600
2022-08-29 14:47:00,550,550,550,550,0
2022-08-29 14:48:00,550,550,550,550,400
2022-08-29 14:49:00,550,550,550,550,500
2022-08-29 14:50:00,550,550,550,550,0
2022-08-29 14:51:00,550,550,550,550,0
2022-08-29 14:52:00,550,550,550,550,0
2022-08-29 14:53:00,550,550,550,550,0
2022-08-29 14:54:00,550,550,550,550,0
2022-08-29 14:55:00,550,550,550,550,0
2022-08-29 14:56:00,550,550,550,550,0
2022-08-29 14:57:00,550,550,550,550,0
2022-08-29 14:58:00,550,550,550,550,0
2022-08-29 14:59:00,550,550,550,550,0
2022-08-29 15:00:00,550,550,550,550,188200
2022-08-29 15:01:00,550,550,550,550,0
2022-08-29 15:02:00,550,550,550,550,0
2022-08-29 15:03:00,550,550,550,550,0
2022-08-29 15:04:00,550,550,550,550,0
2022-08-29 15:05:00,550,550,550,550,0
2022-08-29 15:06:00,550,550,550,550,0
2022-08-29 15:07:00,550,550,550,550,0
2022-08-29 15:08:00,550,550,550,550,0
2022-08-29 15:09:00,550,550,550,550,0
2022-08-29 15:10:00,550,550,550,550,0
2022-08-29 15:11:00,550,550,550,550,0
2022-08-29 15:12:00,550,550,550,550,0
2022-08-29 15:13:00,550,550,550,550,0
2022-08-29 15:14:00,550,550,550,550,0
2022-08-29 15:15:00,550,550,550,550,0
2022-08-29 15:16:00,550,550,550,550,0
2022-08-29 15:17:00,550,550,550,550,0
2022-08-29 15:18:00,550,550,550,550,0
2022-08-29 15:19:00,550,550,550,550,0
2022-08-29 15:20:00,550,550,550,550,0
2022-08-29 15:21:00,550,550,550,550,0
2022-08-29 15:22:00,550,550,550,550,0
2022-08-29 15:23:00,550,550,550,550,0
2022-08-29 15:24:00,550,550,550,550,0
2022-08-29 15:25:00,550,550,550,550,0
2022-08-29 15:26:00,550,550,550,550,0
2022-08-29 15:27:00,550,550,550,550,0
2022-08-29 15:28:00,550,550,550,550,0
2022-08-29 15:29:00,550,550,550,550,0
2022-08-29 15:30:00,550,550,550,550,0
2022-08-29 15:31:00,550,550,550,550,0
2022-08-29 15:32:00,550,550,550,550,0
2022-08-29 15:33:00,550,550,550,550,0
2022-08-29 15:34:00,550,550,550,550,0
2022-08-29 15:35:00,550,550,550,550,0
2022-08-29 15:36:00,550,550,550,550,0
2022-08-29 15:37:00,550,550,550,550,0
2022-08-29 15:38:00,550,550,550,550,0
2022-08-29 15:39:00,550,550,550,550,0
2022-08-29 15:40:00,550,550,550,550,0
2022-08-29 15:41:00,550,550,550,550,0
2022-08-29 15:42:00,550,550,550,550,0
2022-08-29 15:43:00,550,550,550,550,0
2022-08-29 15:44:00,550,550,550,550,0
2022-08-29 15:45:00,550,550,550,550,0
2022-08-29 15:46:00,550,550,550,550,0
2022-08-29 15:47:00,550,550,550,550,0
2022-08-29 15:48:00,550,550,550,550,0
2022-08-29 15:49:00,550,550,550,550,0
2022-08-29 15:50:00,550,550,550,550,0
2022-08-29 15:51:00,550,550,550,550,0
2022-08-29 15:52:00,550,550,550,550,0
2022-08-29 15:53:00,550,550,550,550,0
2022-08-29 15:54:00,550,550,550,550,0
2022-08-29 15:55:00,550,550,550,550,0
2022-08-29 15:56:00,550,550,550,550,0
2022-08-29 15:57:00,550,550,550,550,0
2022-08-29 15:58:00,550,550,550,550,0
2022-08-29 15:59:00,550,550,550,550,0
2022-08-30 09:00:00,550,550,550,550,0
2022-08-30 09:01:00,550,550,550,550,0
2022-08-30 09:02:00,550,550,550,550,0
2022-08-30 09:03:00,550,550,550,550,0
2022-08-30 09:04:00,550,550,550,550,0
2022-08-30 09:05:00,550,545,550,545,0
2022-08-30 09:06:00,550,550,550,550,0
2022-08-30 09:07:00,550,550,550,550,0
2022-08-30 09:08:00,550,550,550,550,0
2022-08-30 09:09:00,550,550,550,550,0
2022-08-30 09:10:00,550,550,550,550,0
2022-08-30 09:11:00,550,550,550,550,0
2022-08-30 09:12:00,550,550,550,550,0
2022-08-30 09:13:00,550,550,550,550,0
2022-08-30 09:14:00,550,550,550,550,0
2022-08-30 09:15:00,550,550,550,550,0
2022-08-30 09:16:00,550,550,550,550,0
2022-08-30 09:17:00,550,550,550,550,0
2022-08-30 09:18:00,550,550,550,550,0
2022-08-30 09:19:00,550,550,550,550,0
2022-08-30 09:20:00,545,545,545,545,35000
2022-08-30 09:21:00,545,545,545,545,0
2022-08-30 09:22:00,550,550,550,550,0
2022-08-30 09:23:00,550,550,550,550,0
2022-08-30 09:24:00,550,550,550,550,0
2022-08-30 09:25:00,550,550,550,550,0
2022-08-30 09:26:00,550,550,550,550,0
2022-08-30 09:27:00,550,550,550,550,0
2022-08-30 09:28:00,550,550,550,550,0
2022-08-30 09:29:00,550,550,550,550,0
2022-08-30 09:30:00,550,550,550,550,2200
2022-08-30 09:31:00,550,550,550,550,0
2022-08-30 09:32:00,550,550,550,550,0
2022-08-30 09:33:00,545,545,545,545,300
2022-08-30 09:34:00,550,550,550,550,0
2022-08-30 09:35:00,550,550,550,550,0
2022-08-30 09:36:00,550,550,550,550,0
2022-08-30 09:37:00,550,550,550,550,0
2022-08-30 09:38:00,550,550,550,550,0
2022-08-30 09:39:00,550,550,550,550,0
2022-08-30 09:40:00,550,550,550,550,0
2022-08-30 09:41:00,550,550,550,550,0
2022-08-30 09:42:00,550,550,550,550,0
2022-08-30 09:43:00,550,550,550,550,0
2022-08-30 09:44:00,550,550,550,550,0
2022-08-30 09:45:00,550,550,550,550,0
2022-08-30 09:46:00,550,550,550,550,0
2022-08-30 09:47:00,550,550,550,550,0
2022-08-30 09:48:00,550,550,550,550,0
2022-08-30 09:49:00,550,550,550,550,0
2022-08-30 09:50:00,550,550,550,550,0
2022-08-30 09:51:00,550,550,550,550,0
2022-08-30 09:52:00,550,550,550,550,0
2022-08-30 09:53:00,550,550,550,550,0
2022-08-30 09:54:00,550,550,550,550,0
2022-08-30 09:55:00,550,550,550,550,0
2022-08-30 09:56:00,550,550,550,550,400
2022-08-30 09:57:00,550,550,550,550,0
2022-08-30 09:58:00,550,550,550,550,0
2022-08-30 09:59:00,545,545,545,545,1000
2022-08-30 10:00:00,550,550,550,550,0
2022-08-30 10:01:00,550,550,550,550,0
2022-08-30 10:02:00,550,550,550,550,0
2022-08-30 10:03:00,550,550,550,550,0
2022-08-30 10:04:00,545,545,550,550,700
2022-08-30 10:05:00,545,545,550,550,0
2022-08-30 10:06:00,545,545,550,550,0
2022-08-30 10:07:00,545,545,550,550,0
2022-08-30 10:08:00,545,545,550,550,0
2022-08-30 10:09:00,545,545,550,550,0
2022-08-30 10:10:00,545,545,550,550,0
2022-08-30 10:11:00,545,545,550,550,0
2022-08-30 10:12:00,545,545,550,550,0
2022-08-30 10:13:00,545,545,550,550,0
2022-08-30 10:14:00,545,545,550,550,0
2022-08-30 10:15:00,545,545,550,550,0
2022-08-30 10:16:00,545,545,550,550,0
2022-08-30 10:17:00,545,545,550,550,0
2022-08-30 10:18:00,545,545,550,550,0
2022-08-30 10:19:00,545,545,550,550,0
2022-08-30 10:20:00,545,545,550,550,0
2022-08-30 10:21:00,545,545,550,550,0
2022-08-30 10:22:00,545,545,550,550,0
2022-08-30 10:23:00,545,545,550,550,0
2022-08-30 10:24:00,545,545,550,550,0
2022-08-30 10:25:00,545,545,550,550,0
2022-08-30 10:26:00,545,545,550,550,0
2022-08-30 10:27:00,545,545,550,550,0
2022-08-30 10:28:00,545,545,550,550,0
2022-08-30 10:29:00,545,545,550,550,0
2022-08-30 10:30:00,545,545,550,550,0
2022-08-30 10:31:00,545,545,550,550,0
2022-08-30 10:32:00,545,545,550,550,0
2022-08-30 10:33:00,545,545,550,550,0
2022-08-30 10:34:00,545,545,550,550,0
2022-08-30 10:35:00,545,545,550,550,0
2022-08-30 10:36:00,545,545,550,550,0
2022-08-30 10:37:00,545,545,550,550,0
2022-08-30 10:38:00,545,545,550,550,0
2022-08-30 10:39:00,545,545,550,550,0
2022-08-30 10:40:00,545,545,550,550,0
2022-08-30 10:41:00,545,545,550,550,0
2022-08-30 10:42:00,545,545,550,550,0
2022-08-30 10:43:00,545,545,550,550,0
2022-08-30 10:44:00,545,545,550,550,0
2022-08-30 10:45:00,545,545,550,550,0
2022-08-30 10:46:00,545,545,550,550,0
2022-08-30 10:47:00,545,545,550,550,0
2022-08-30 10:48:00,545,545,550,550,0
2022-08-30 10:49:00,550,550,550,550,300
2022-08-30 10:50:00,550,550,550,550,0
2022-08-30 10:51:00,550,550,550,550,0
2022-08-30 10:52:00,550,550,550,550,0
2022-08-30 10:53:00,550,550,550,550,0
2022-08-30 10:54:00,550,550,550,550,0
2022-08-30 10:55:00,550,550,550,550,0
2022-08-30 10:56:00,550,550,550,550,0
2022-08-30 10:57:00,550,550,550,550,0
2022-08-30 10:58:00,550,550,550,550,0
2022-08-30 10:59:00,550,550,550,550,0
2022-08-30 11:00:00,550,550,550,550,0
2022-08-30 11:01:00,550,550,550,550,0
2022-08-30 11:02:00,550,550,550,550,0
2022-08-30 11:03:00,550,550,550,550,0
2022-08-30 11:04:00,550,550,550,550,0
2022-08-30 11:05:00,550,550,550,550,0
2022-08-30 11:06:00,550,550,550,550,0
2022-08-30 11:07:00,550,550,550,550,0
2022-08-30 11:08:00,550,550,550,550,0
2022-08-30 11:09:00,550,550,550,550,0
2022-08-30 11:10:00,550,550,550,550,0
2022-08-30 11:11:00,550,550,550,550,0
2022-08-30 11:12:00,550,550,550,550,0
2022-08-30 11:13:00,550,550,550,550,0
2022-08-30 11:14:00,550,550,550,550,0
2022-08-30 11:15:00,550,550,550,550,0
2022-08-30 11:16:00,550,550,550,550,300
2022-08-30 11:17:00,550,550,550,550,0
2022-08-30 11:18:00,550,550,550,550,0
2022-08-30 11:19:00,550,550,550,550,0
2022-08-30 11:20:00,550,550,550,550,0
2022-08-30 11:21:00,550,550,550,550,0
2022-08-30 11:22:00,550,550,550,550,0
2022-08-30 11:23:00,550,550,550,550,0
2022-08-30 11:24:00,550,550,550,550,0
2022-08-30 11:25:00,550,550,550,550,0
2022-08-30 11:26:00,550,550,550,550,0
2022-08-30 11:27:00,550,550,550,550,0
2022-08-30 11:28:00,550,550,550,550,300
2022-08-30 11:29:00,550,550,550,550,0
2022-08-30 11:30:00,550,550,550,550,0
2022-08-30 11:31:00,550,550,550,550,0
2022-08-30 11:32:00,550,550,550,550,0
2022-08-30 11:33:00,550,550,550,550,0
2022-08-30 11:34:00,550,550,550,550,0
2022-08-30 11:35:00,550,550,550,550,0
2022-08-30 11:36:00,550,550,550,550,0
2022-08-30 11:37:00,550,550,550,550,0
2022-08-30 11:38:00,550,550,550,550,0
2022-08-30 11:39:00,550,550,550,550,0
2022-08-30 11:40:00,550,550,550,550,0
2022-08-30 11:41:00,550,550,550,550,0
2022-08-30 11:42:00,550,550,550,550,0
2022-08-30 11:43:00,550,550,550,550,0
2022-08-30 11:44:00,550,550,550,550,0
2022-08-30 11:45:00,550,550,550,550,0
2022-08-30 11:46:00,550,550,550,550,0
2022-08-30 11:47:00,550,550,550,550,0
2022-08-30 11:48:00,550,550,550,550,0
2022-08-30 11:49:00,550,550,550,550,0
2022-08-30 11:50:00,550,550,550,550,0
2022-08-30 11:51:00,550,550,550,550,0
2022-08-30 11:52:00,550,550,550,550,0
2022-08-30 11:53:00,550,550,550,550,0
2022-08-30 11:54:00,550,550,550,550,0
2022-08-30 11:55:00,550,550,550,550,0
2022-08-30 11:56:00,550,550,550,550,0
2022-08-30 11:57:00,550,550,550,550,0
2022-08-30 11:58:00,550,550,550,550,0
2022-08-30 11:59:00,550,550,550,550,0
2022-08-30 12:00:00,550,550,550,550,0
2022-08-30 12:01:00,550,550,550,550,0
2022-08-30 12:02:00,550,550,550,550,0
2022-08-30 12:03:00,550,550,550,550,0
2022-08-30 12:04:00,550,550,550,550,0
2022-08-30 12:05:00,550,550,550,550,0
2022-08-30 12:06:00,550,550,550,550,0
2022-08-30 12:07:00,550,550,550,550,0
2022-08-30 12:08:00,550,550,550,550,0
2022-08-30 12:09:00,550,550,550,550,0
2022-08-30 12:10:00,550,550,550,550,0
2022-08-30 12:11:00,550,550,550,550,0
2022-08-30 12:12:00,550,550,550,550,0
2022-08-30 12:13:00,550,550,550,550,0
2022-08-30 12:14:00,550,550,550,550,0
2022-08-30 12:15:00,550,550,550,550,0
2022-08-30 12:16:00,550,550,550,550,0
2022-08-30 12:17:00,550,550,550,550,0
2022-08-30 12:18:00,550,550,550,550,0
2022-08-30 12:19:00,550,550,550,550,0
2022-08-30 12:20:00,550,550,550,550,0
2022-08-30 12:21:00,550,550,550,550,0
2022-08-30 12:22:00,550,550,550,550,0
2022-08-30 12:23:00,550,550,550,550,0
2022-08-30 12:24:00,550,550,550,550,0
2022-08-30 12:25:00,550,550,550,550,0
2022-08-30 12:26:00,550,550,550,550,0
2022-08-30 12:27:00,550,550,550,550,0
2022-08-30 12:28:00,550,550,550,550,0
2022-08-30 12:29:00,550,550,550,550,0
2022-08-30 12:30:00,550,550,550,550,0
2022-08-30 12:31:00,550,550,550,550,0
2022-08-30 12:32:00,550,550,550,550,0
2022-08-30 12:33:00,550,550,550,550,0
2022-08-30 12:34:00,550,550,550,550,0
2022-08-30 12:35:00,550,550,550,550,0
2022-08-30 12:36:00,550,550,550,550,0
2022-08-30 12:37:00,550,550,550,550,0
2022-08-30 12:38:00,550,550,550,550,0
2022-08-30 12:39:00,550,550,550,550,0
2022-08-30 12:40:00,550,550,550,550,0
2022-08-30 12:41:00,550,550,550,550,0
2022-08-30 12:42:00,550,550,550,550,0
2022-08-30 12:43:00,550,550,550,550,0
2022-08-30 12:44:00,550,550,550,550,0
2022-08-30 12:45:00,550,550,550,550,0
2022-08-30 12:46:00,550,550,550,550,0
2022-08-30 12:47:00,550,550,550,550,0
2022-08-30 12:48:00,550,550,550,550,0
2022-08-30 12:49:00,550,550,550,550,0
2022-08-30 12:50:00,550,550,550,550,0
2022-08-30 12:51:00,550,550,550,550,0
2022-08-30 12:52:00,550,550,550,550,0
2022-08-30 12:53:00,550,550,550,550,0
2022-08-30 12:54:00,550,550,550,550,0
2022-08-30 12:55:00,550,550,550,550,0
2022-08-30 12:56:00,550,550,550,550,0
2022-08-30 12:57:00,550,550,550,550,0
2022-08-30 12:58:00,550,550,550,550,0
2022-08-30 12:59:00,550,550,550,550,0
2022-08-30 13:00:00,550,550,550,550,0
2022-08-30 13:01:00,550,550,550,550,0
2022-08-30 13:02:00,550,550,550,550,0
2022-08-30 13:03:00,550,550,550,550,0
2022-08-30 13:04:00,550,550,550,550,0
2022-08-30 13:05:00,550,550,550,550,0
2022-08-30 13:06:00,550,550,550,550,0
2022-08-30 13:07:00,550,550,550,550,0
2022-08-30 13:08:00,550,550,550,550,0
2022-08-30 13:09:00,550,550,550,550,0
2022-08-30 13:10:00,550,550,550,550,0
2022-08-30 13:11:00,550,550,550,550,0
2022-08-30 13:12:00,550,550,550,550,0
2022-08-30 13:13:00,550,550,550,550,0
2022-08-30 13:14:00,550,550,550,550,0
2022-08-30 13:15:00,550,550,550,550,0
2022-08-30 13:16:00,550,550,550,550,0
2022-08-30 13:17:00,550,550,550,550,0
2022-08-30 13:18:00,550,550,550,550,0
2022-08-30 13:19:00,550,550,550,550,0
2022-08-30 13:20:00,550,550,550,550,0
2022-08-30 13:21:00,550,550,550,550,0
2022-08-30 13:22:00,550,550,550,550,0
2022-08-30 13:23:00,550,550,550,550,0
2022-08-30 13:24:00,550,550,550,550,0
2022-08-30 13:25:00,550,550,550,550,0
2022-08-30 13:26:00,550,550,550,550,0
2022-08-30 13:27:00,550,550,550,550,0
2022-08-30 13:28:00,550,550,550,550,0
2022-08-30 13:29:00,550,550,550,550,0
2022-08-30 13:30:00,550,550,550,550,600
2022-08-30 13:31:00,550,550,550,550,0
2022-08-30 13:32:00,550,550,550,550,0
2022-08-30 13:33:00,550,550,550,550,0
2022-08-30 13:34:00,550,550,550,550,0
2022-08-30 13:35:00,550,550,550,550,0
2022-08-30 13:36:00,550,550,550,550,0
2022-08-30 13:37:00,550,550,550,550,0
2022-08-30 13:38:00,550,550,550,550,0
2022-08-30 13:39:00,550,550,550,550,0
2022-08-30 13:40:00,550,550,550,550,0
2022-08-30 13:41:00,550,550,550,550,0
2022-08-30 13:42:00,550,550,550,550,0
2022-08-30 13:43:00,550,550,550,550,0
2022-08-30 13:44:00,550,550,550,550,0
2022-08-30 13:45:00,550,550,550,550,0
2022-08-30 13:46:00,550,550,550,550,0
2022-08-30 13:47:00,550,550,550,550,0
2022-08-30 13:48:00,550,550,550,550,0
2022-08-30 13:49:00,550,550,550,550,0
2022-08-30 13:50:00,550,550,550,550,0
2022-08-30 13:51:00,550,550,550,550,600
2022-08-30 13:52:00,545,545,545,545,16200
2022-08-30 13:53:00,550,550,550,550,300
2022-08-30 13:54:00,550,550,550,550,0
2022-08-30 13:55:00,550,550,550,550,0
2022-08-30 13:56:00,550,550,550,550,0
2022-08-30 13:57:00,550,550,550,550,0
2022-08-30 13:58:00,550,550,550,550,0
2022-08-30 13:59:00,550,550,550,550,0
2022-08-30 14:00:00,550,550,550,550,0
2022-08-30 14:01:00,550,550,550,550,300
2022-08-30 14:02:00,550,550,550,550,0
2022-08-30 14:03:00,550,550,550,550,0
2022-08-30 14:04:00,550,550,550,550,0
2022-08-30 14:05:00,550,550,550,550,0
2022-08-30 14:06:00,550,550,550,550,0
2022-08-30 14:07:00,550,550,550,550,0
2022-08-30 14:08:00,550,550,550,550,0
2022-08-30 14:09:00,550,550,550,550,0
2022-08-30 14:10:00,550,550,550,550,0
2022-08-30 14:11:00,550,550,550,550,0
2022-08-30 14:12:00,550,550,550,550,0
2022-08-30 14:13:00,550,550,550,550,0
2022-08-30 14:14:00,550,550,550,550,0
2022-08-30 14:15:00,550,550,550,550,0
2022-08-30 14:16:00,550,550,550,550,0
2022-08-30 14:17:00,550,550,550,550,0
2022-08-30 14:18:00,550,550,550,550,0
2022-08-30 14:19:00,550,550,550,550,0
2022-08-30 14:20:00,550,550,550,550,300
2022-08-30 14:21:00,550,550,550,550,0
2022-08-30 14:22:00,550,550,550,550,0
2022-08-30 14:23:00,550,550,550,550,0
2022-08-30 14:24:00,550,550,550,550,0
2022-08-30 14:25:00,550,550,550,550,0
2022-08-30 14:26:00,550,550,550,550,0
2022-08-30 14:27:00,550,550,550,550,600
2022-08-30 14:28:00,550,550,550,550,0
2022-08-30 14:29:00,550,550,550,550,0
2022-08-30 14:30:00,550,550,550,550,0
2022-08-30 14:31:00,550,550,550,550,0
2022-08-30 14:32:00,550,550,550,550,0
2022-08-30 14:33:00,550,550,550,550,0
2022-08-30 14:34:00,550,550,550,550,0
2022-08-30 14:35:00,550,550,550,550,0
2022-08-30 14:36:00,550,550,550,550,0
2022-08-30 14:37:00,550,550,550,550,0
2022-08-30 14:38:00,550,550,550,550,0
2022-08-30 14:39:00,550,550,550,550,900
2022-08-30 14:40:00,550,550,550,550,0
2022-08-30 14:41:00,550,550,550,550,1700
2022-08-30 14:42:00,550,550,550,550,0
2022-08-30 14:43:00,545,545,550,550,2100
2022-08-30 14:44:00,545,545,550,550,0
2022-08-30 14:45:00,545,545,550,550,0
2022-08-30 14:46:00,550,550,550,550,700
2022-08-30 14:47:00,550,550,550,550,300
2022-08-30 14:48:00,550,550,550,550,400
2022-08-30 14:49:00,550,550,550,550,600
2022-08-30 14:50:00,550,550,550,550,0
2022-08-30 14:51:00,550,550,550,550,0
2022-08-30 14:52:00,550,550,550,550,0
2022-08-30 14:53:00,550,550,550,550,0
2022-08-30 14:54:00,550,550,550,550,0
2022-08-30 14:55:00,550,550,550,550,0
2022-08-30 14:56:00,550,550,550,550,0
2022-08-30 14:57:00,550,550,550,550,0
2022-08-30 14:58:00,550,550,550,550,0
2022-08-30 14:59:00,550,550,550,550,0
2022-08-30 15:00:00,550,550,550,550,0
2022-08-30 15:01:00,550,550,550,550,0
2022-08-30 15:02:00,550,550,550,550,0
2022-08-30 15:03:00,550,550,550,550,0
2022-08-30 15:04:00,550,550,550,550,0
2022-08-30 15:05:00,550,550,550,550,0
2022-08-30 15:06:00,550,550,550,550,0
2022-08-30 15:07:00,550,550,550,550,0
2022-08-30 15:08:00,550,550,550,550,0
2022-08-30 15:09:00,550,550,550,550,0
2022-08-30 15:10:00,550,550,550,550,0
2022-08-30 15:11:00,550,550,550,550,0
2022-08-30 15:12:00,550,550,550,550,0
2022-08-30 15:13:00,550,550,550,550,0
2022-08-30 15:14:00,550,550,550,550,0
2022-08-30 15:15:00,550,550,550,550,0
2022-08-30 15:16:00,550,550,550,550,0
2022-08-30 15:17:00,550,550,550,550,0
2022-08-30 15:18:00,550,550,550,550,0
2022-08-30 15:19:00,550,550,550,550,0
2022-08-30 15:20:00,550,550,550,550,0
2022-08-30 15:21:00,550,550,550,550,0
2022-08-30 15:22:00,550,550,550,550,0
2022-08-30 15:23:00,550,550,550,550,0
2022-08-30 15:24:00,550,550,550,550,0
2022-08-30 15:25:00,550,550,550,550,0
2022-08-30 15:26:00,550,550,550,550,0
2022-08-30 15:27:00,550,550,550,550,0
2022-08-30 15:28:00,550,550,550,550,0
2022-08-30 15:29:00,550,550,550,550,0
2022-08-30 15:30:00,550,550,550,550,0
2022-08-30 15:31:00,550,550,550,550,0
2022-08-30 15:32:00,550,550,550,550,0
2022-08-30 15:33:00,550,550,550,550,0
2022-08-30 15:34:00,550,550,550,550,0
2022-08-30 15:35:00,550,550,550,550,0
2022-08-30 15:36:00,550,550,550,550,0
2022-08-30 15:37:00,550,550,550,550,0
2022-08-30 15:38:00,550,550,550,550,0
2022-08-30 15:39:00,550,550,550,550,0
2022-08-30 15:40:00,550,550,550,550,0
2022-08-30 15:41:00,550,550,550,550,0
2022-08-30 15:42:00,550,550,550,550,0
2022-08-30 15:43:00,550,550,550,550,0
2022-08-30 15:44:00,550,550,550,550,0
2022-08-30 15:45:00,550,550,550,550,0
2022-08-30 15:46:00,550,550,550,550,0
2022-08-30 15:47:00,550,550,550,550,0
2022-08-30 15:48:00,550,550,550,550,0
2022-08-30 15:49:00,550,550,550,550,0
2022-08-30 15:50:00,550,550,550,550,0
2022-08-30 15:51:00,550,550,550,550,0
2022-08-30 15:52:00,550,550,550,550,0
2022-08-30 15:53:00,550,550,550,550,0
2022-08-30 15:54:00,550,550,550,550,0
2022-08-30 15:55:00,550,550,550,550,0
2022-08-30 15:56:00,550,550,550,550,0
2022-08-30 15:57:00,550,550,550,550,0
2022-08-30 15:58:00,550,550,550,550,0
2022-08-30 15:59:00,550,550,550,550,0
2022-08-31 09:00:00,550,550,550,550,0
2022-08-31 09:01:00,550,550,550,550,0
2022-08-31 09:02:00,550,550,550,550,0
2022-08-31 09:03:00,550,550,550,550,700
2022-08-31 09:04:00,550,550,550,550,0
2022-08-31 09:05:00,550,550,550,550,0
2022-08-31 09:06:00,545,545,550,550,30100
2022-08-31 09:07:00,545,545,550,550,0
2022-08-31 09:08:00,545,545,550,550,0
2022-08-31 09:09:00,545,545,550,550,0
2022-08-31 09:10:00,545,545,550,550,0
2022-08-31 09:11:00,545,545,550,550,0
2022-08-31 09:12:00,545,545,550,550,0
2022-08-31 09:13:00,545,545,550,550,0
2022-08-31 09:14:00,545,545,550,550,0
2022-08-31 09:15:00,545,545,550,550,0
2022-08-31 09:16:00,545,545,550,550,0
2022-08-31 09:17:00,545,545,550,550,0
2022-08-31 09:18:00,545,545,550,550,0
2022-08-31 09:19:00,545,545,550,550,0
2022-08-31 09:20:00,545,545,550,550,0
2022-08-31 09:21:00,545,545,550,550,0
2022-08-31 09:22:00,545,545,550,550,0
2022-08-31 09:23:00,545,545,550,550,0
2022-08-31 09:24:00,545,545,550,550,0
2022-08-31 09:25:00,550,550,550,550,1200
2022-08-31 09:26:00,550,550,550,550,0
2022-08-31 09:27:00,550,550,550,550,0
2022-08-31 09:28:00,550,550,550,550,0
2022-08-31 09:29:00,550,550,550,550,0
2022-08-31 09:30:00,545,545,550,550,4300
2022-08-31 09:31:00,550,550,550,550,100
2022-08-31 09:32:00,550,550,550,550,0
2022-08-31 09:33:00,550,550,550,550,0
2022-08-31 09:34:00,550,550,550,550,0
2022-08-31 09:35:00,550,550,550,550,0
2022-08-31 09:36:00,550,550,550,550,0
2022-08-31 09:37:00,550,550,550,550,0
2022-08-31 09:38:00,550,550,550,550,0
2022-08-31 09:39:00,550,550,550,550,0
2022-08-31 09:40:00,550,550,550,550,0
2022-08-31 09:41:00,550,550,550,550,0
2022-08-31 09:42:00,550,550,550,550,0
2022-08-31 09:43:00,545,545,550,550,2100
2022-08-31 09:44:00,545,545,550,550,0
2022-08-31 09:45:00,545,545,550,550,0
2022-08-31 09:46:00,545,545,550,550,0
2022-08-31 09:47:00,545,545,550,550,0
2022-08-31 09:48:00,545,545,550,550,0
2022-08-31 09:49:00,545,545,550,550,900
2022-08-31 09:50:00,545,545,550,550,0
2022-08-31 09:51:00,545,545,550,550,0
2022-08-31 09:52:00,545,545,550,550,0
2022-08-31 09:53:00,545,545,550,550,0
2022-08-31 09:54:00,545,545,550,550,0
2022-08-31 09:55:00,545,545,550,550,0
2022-08-31 09:56:00,545,545,550,550,0
2022-08-31 09:57:00,545,545,550,550,0
2022-08-31 09:58:00,545,545,550,550,0
2022-08-31 09:59:00,545,545,550,550,0
2022-08-31 10:00:00,545,545,550,550,0
2022-08-31 10:01:00,545,545,550,550,0
2022-08-31 10:02:00,545,545,550,550,0
2022-08-31 10:03:00,545,545,550,550,0
2022-08-31 10:04:00,545,545,550,550,0
2022-08-31 10:05:00,545,545,550,550,0
2022-08-31 10:06:00,545,545,550,550,0
2022-08-31 10:07:00,545,545,550,550,0
2022-08-31 10:08:00,545,545,550,550,0
2022-08-31 10:09:00,545,545,550,550,0
2022-08-31 10:10:00,545,545,550,550,0
2022-08-31 10:11:00,545,545,550,550,0
2022-08-31 10:12:00,545,545,550,550,0
2022-08-31 10:13:00,545,545,550,550,0
2022-08-31 10:14:00,545,545,550,550,0
2022-08-31 10:15:00,545,545,550,550,0
2022-08-31 10:16:00,545,545,550,550,0
2022-08-31 10:17:00,545,545,550,550,0
2022-08-31 10:18:00,545,545,550,550,0
2022-08-31 10:19:00,545,545,550,550,0
2022-08-31 10:20:00,545,545,550,550,0
2022-08-31 10:21:00,545,545,550,550,0
2022-08-31 10:22:00,545,545,550,550,0
2022-08-31 10:23:00,545,545,550,550,0
2022-08-31 10:24:00,545,545,550,550,0
2022-08-31 10:25:00,545,545,550,550,0
2022-08-31 10:26:00,545,545,550,550,0
2022-08-31 10:27:00,545,545,550,550,0
2022-08-31 10:28:00,545,545,550,550,0
2022-08-31 10:29:00,545,545,550,550,0
2022-08-31 10:30:00,545,545,545,545,101000
2022-08-31 10:31:00,545,545,545,545,0
2022-08-31 10:32:00,545,545,545,545,0
2022-08-31 10:33:00,545,545,545,545,0
2022-08-31 10:34:00,545,545,545,545,0
2022-08-31 10:35:00,545,545,545,545,0
2022-08-31 10:36:00,545,545,545,545,0
2022-08-31 10:37:00,545,545,545,545,0
2022-08-31 10:38:00,545,545,545,545,0
2022-08-31 10:39:00,545,545,545,545,0
2022-08-31 10:40:00,545,545,545,545,0
2022-08-31 10:41:00,545,540,545,540,300
2022-08-31 10:42:00,545,545,545,545,100
2022-08-31 10:43:00,545,545,545,545,0
2022-08-31 10:44:00,545,545,545,545,0
2022-08-31 10:45:00,545,545,545,545,0
2022-08-31 10:46:00,545,545,545,545,0
2022-08-31 10:47:00,545,545,545,545,0
2022-08-31 10:48:00,545,545,545,545,0
2022-08-31 10:49:00,545,545,545,545,0
2022-08-31 10:50:00,545,545,545,545,0
2022-08-31 10:51:00,545,545,545,545,0
2022-08-31 10:52:00,545,545,545,545,0
2022-08-31 10:53:00,545,545,545,545,0
2022-08-31 10:54:00,545,545,545,545,0
2022-08-31 10:55:00,545,545,545,545,0
2022-08-31 10:56:00,545,545,545,545,0
2022-08-31 10:57:00,545,545,545,545,0
2022-08-31 10:58:00,545,545,545,545,0
2022-08-31 10:59:00,545,545,545,545,0
2022-08-31 11:00:00,545,545,545,545,0
2022-08-31 11:01:00,545,545,545,545,0
2022-08-31 11:02:00,545,545,545,545,0
2022-08-31 11:03:00,545,545,545,545,0
2022-08-31 11:04:00,545,545,545,545,0
2022-08-31 11:05:00,545,545,545,545,0
2022-08-31 11:06:00,545,545,545,545,0
2022-08-31 11:07:00,545,545,545,545,0
2022-08-31 11:08:00,545,545,545,545,0
2022-08-31 11:09:00,545,545,545,545,0
2022-08-31 11:10:00,545,545,545,545,0
2022-08-31 11:11:00,545,545,545,545,1000
2022-08-31 11:12:00,545,545,545,545,0
2022-08-31 11:13:00,545,545,545,545,0
2022-08-31 11:14:00,545,545,545,545,0
2022-08-31 11:15:00,545,545,545,545,0
2022-08-31 11:16:00,545,545,545,545,0
2022-08-31 11:17:00,545,545,545,545,0
2022-08-31 11:18:00,545,545,545,545,0
2022-08-31 11:19:00,545,545,545,545,0
2022-08-31 11:20:00,545,545,545,545,0
2022-08-31 11:21:00,545,545,545,545,0
2022-08-31 11:22:00,545,545,545,545,0
2022-08-31 11:23:00,545,545,545,545,0
2022-08-31 11:24:00,545,545,545,545,200
2022-08-31 11:25:00,545,545,545,545,600
2022-08-31 11:26:00,545,545,545,545,0
2022-08-31 11:27:00,545,545,545,545,0
2022-08-31 11:28:00,545,545,545,545,100
2022-08-31 11:29:00,545,545,545,545,100
2022-08-31 11:30:00,545,545,545,545,0
2022-08-31 11:31:00,545,545,545,545,0
2022-08-31 11:32:00,545,545,545,545,0
2022-08-31 11:33:00,545,545,545,545,0
2022-08-31 11:34:00,545,545,545,545,0
2022-08-31 11:35:00,545,545,545,545,0
2022-08-31 11:36:00,545,545,545,545,0
2022-08-31 11:37:00,545,545,545,545,0
2022-08-31 11:38:00,545,545,545,545,0
2022-08-31 11:39:00,545,545,545,545,0
2022-08-31 11:40:00,545,545,545,545,0
2022-08-31 11:41:00,545,545,545,545,0
2022-08-31 11:42:00,545,545,545,545,0
2022-08-31 11:43:00,545,545,545,545,0
2022-08-31 11:44:00,545,545,545,545,0
2022-08-31 11:45:00,545,545,545,545,0
2022-08-31 11:46:00,545,545,545,545,0
2022-08-31 11:47:00,545,545,545,545,0
2022-08-31 11:48:00,545,545,545,545,0
2022-08-31 11:49:00,545,545,545,545,0
2022-08-31 11:50:00,545,545,545,545,0
2022-08-31 11:51:00,545,545,545,545,0
2022-08-31 11:52:00,545,545,545,545,0
2022-08-31 11:53:00,545,545,545,545,0
2022-08-31 11:54:00,545,545,545,545,0
2022-08-31 11:55:00,545,545,545,545,0
2022-08-31 11:56:00,545,545,545,545,0
2022-08-31 11:57:00,545,545,545,545,0
2022-08-31 11:58:00,545,545,545,545,0
2022-08-31 11:59:00,545,545,545,545,0
2022-08-31 12:00:00,545,545,545,545,0
2022-08-31 12:01:00,545,545,545,545,0
2022-08-31 12:02:00,545,545,545,545,0
2022-08-31 12:03:00,545,545,545,545,0
2022-08-31 12:04:00,545,545,545,545,0
2022-08-31 12:05:00,545,545,545,545,0
2022-08-31 12:06:00,545,545,545,545,0
2022-08-31 12:07:00,545,545,545,545,0
2022-08-31 12:08:00,545,545,545,545,0
2022-08-31 12:09:00,545,545,545,545,0
2022-08-31 12:10:00,545,545,545,545,0
2022-08-31 12:11:00,545,545,545,545,0
2022-08-31 12:12:00,545,545,545,545,0
2022-08-31 12:13:00,545,545,545,545,0
2022-08-31 12:14:00,545,545,545,545,0
2022-08-31 12:15:00,545,545,545,545,0
2022-08-31 12:16:00,545,545,545,545,0
2022-08-31 12:17:00,545,545,545,545,0
2022-08-31 12:18:00,545,545,545,545,0
2022-08-31 12:19:00,545,545,545,545,0
2022-08-31 12:20:00,545,545,545,545,0
2022-08-31 12:21:00,545,545,545,545,0
2022-08-31 12:22:00,545,545,545,545,0
2022-08-31 12:23:00,545,545,545,545,0
2022-08-31 12:24:00,545,545,545,545,0
2022-08-31 12:25:00,545,545,545,545,0
2022-08-31 12:26:00,545,545,545,545,0
2022-08-31 12:27:00,545,545,545,545,0
2022-08-31 12:28:00,545,545,545,545,0
2022-08-31 12:29:00,545,545,545,545,0
2022-08-31 12:30:00,545,545,545,545,0
2022-08-31 12:31:00,545,545,545,545,0
2022-08-31 12:32:00,545,545,545,545,0
2022-08-31 12:33:00,545,545,545,545,0
2022-08-31 12:34:00,545,545,545,545,0
2022-08-31 12:35:00,545,545,545,545,0
2022-08-31 12:36:00,545,545,545,545,0
2022-08-31 12:37:00,545,545,545,545,0
2022-08-31 12:38:00,545,545,545,545,0
2022-08-31 12:39:00,545,545,545,545,0
2022-08-31 12:40:00,545,545,545,545,0
2022-08-31 12:41:00,545,545,545,545,0
2022-08-31 12:42:00,545,545,545,545,0
2022-08-31 12:43:00,545,545,545,545,0
2022-08-31 12:44:00,545,545,545,545,0
2022-08-31 12:45:00,545,545,545,545,0
2022-08-31 12:46:00,545,545,545,545,0
2022-08-31 12:47:00,545,545,545,545,0
2022-08-31 12:48:00,545,545,545,545,0
2022-08-31 12:49:00,545,545,545,545,0
2022-08-31 12:50:00,545,545,545,545,0
2022-08-31 12:51:00,545,545,545,545,0
2022-08-31 12:52:00,545,545,545,545,0
2022-08-31 12:53:00,545,545,545,545,0
2022-08-31 12:54:00,545,545,545,545,0
2022-08-31 12:55:00,545,545,545,545,0
2022-08-31 12:56:00,545,545,545,545,0
2022-08-31 12:57:00,545,545,545,545,0
2022-08-31 12:58:00,545,545,545,545,0
2022-08-31 12:59:00,545,545,545,545,0
2022-08-31 13:00:00,545,545,545,545,0
2022-08-31 13:01:00,545,545,545,545,0
2022-08-31 13:02:00,545,545,545,545,0
2022-08-31 13:03:00,545,545,545,545,0
2022-08-31 13:04:00,545,545,545,545,0
2022-08-31 13:05:00,545,545,545,545,0
2022-08-31 13:06:00,545,545,545,545,0
2022-08-31 13:07:00,545,545,545,545,0
2022-08-31 13:08:00,545,545,545,545,0
2022-08-31 13:09:00,545,545,545,545,0
2022-08-31 13:10:00,545,545,545,545,0
2022-08-31 13:11:00,545,545,545,545,0
2022-08-31 13:12:00,545,545,545,545,0
2022-08-31 13:13:00,545,545,545,545,0
2022-08-31 13:14:00,545,545,545,545,0
2022-08-31 13:15:00,545,545,545,545,0
2022-08-31 13:16:00,545,545,545,545,0
2022-08-31 13:17:00,545,545,545,545,0
2022-08-31 13:18:00,545,545,545,545,0
2022-08-31 13:19:00,545,545,545,545,0
2022-08-31 13:20:00,545,545,545,545,0
2022-08-31 13:21:00,545,545,545,545,0
2022-08-31 13:22:00,545,545,545,545,0
2022-08-31 13:23:00,545,545,545,545,0
2022-08-31 13:24:00,545,545,545,545,0
2022-08-31 13:25:00,545,545,545,545,0
2022-08-31 13:26:00,545,545,545,545,0
2022-08-31 13:27:00,545,545,545,545,0
2022-08-31 13:28:00,545,545,545,545,0
2022-08-31 13:29:00,545,545,545,545,0
2022-08-31 13:30:00,545,545,545,545,0
2022-08-31 13:31:00,545,545,545,545,0
2022-08-31 13:32:00,545,545,545,545,11000
2022-08-31 13:33:00,545,545,545,545,0
2022-08-31 13:34:00,545,545,545,545,0
2022-08-31 13:35:00,545,545,545,545,0
2022-08-31 13:36:00,545,545,545,545,0
2022-08-31 13:37:00,545,545,545,545,0
2022-08-31 13:38:00,545,545,545,545,0
2022-08-31 13:39:00,545,545,545,545,0
2022-08-31 13:40:00,545,545,545,545,0
2022-08-31 13:41:00,545,545,545,545,0
2022-08-31 13:42:00,545,545,545,545,0
2022-08-31 13:43:00,545,545,545,545,0
2022-08-31 13:44:00,545,545,545,545,0
2022-08-31 13:45:00,545,545,545,545,0
2022-08-31 13:46:00,545,545,545,545,0
2022-08-31 13:47:00,545,545,545,545,0
2022-08-31 13:48:00,545,545,545,545,0
2022-08-31 13:49:00,545,545,545,545,0
2022-08-31 13:50:00,545,545,545,545,0
2022-08-31 13:51:00,545,545,545,545,0
2022-08-31 13:52:00,545,545,545,545,0
2022-08-31 13:53:00,545,545,545,545,0
2022-08-31 13:54:00,545,545,545,545,0
2022-08-31 13:55:00,545,545,545,545,0
2022-08-31 13:56:00,545,545,545,545,0
2022-08-31 13:57:00,545,545,545,545,0
2022-08-31 13:58:00,545,545,545,545,0
2022-08-31 13:59:00,545,545,545,545,0
2022-08-31 14:00:00,545,545,545,545,0
2022-08-31 14:01:00,545,545,545,545,0
2022-08-31 14:02:00,545,545,545,545,200
2022-08-31 14:03:00,545,545,545,545,0
2022-08-31 14:04:00,540,540,545,545,10300
2022-08-31 14:05:00,540,540,545,545,0
2022-08-31 14:06:00,540,540,545,545,0
2022-08-31 14:07:00,540,540,545,545,0
2022-08-31 14:08:00,540,540,545,545,0
2022-08-31 14:09:00,540,540,545,545,0
2022-08-31 14:10:00,540,540,545,545,0
2022-08-31 14:11:00,540,540,545,545,0
2022-08-31 14:12:00,540,540,545,545,0
2022-08-31 14:13:00,540,540,545,545,0
2022-08-31 14:14:00,540,540,545,545,0
2022-08-31 14:15:00,540,540,545,545,0
2022-08-31 14:16:00,545,545,545,545,100
2022-08-31 14:17:00,545,545,545,545,0
2022-08-31 14:18:00,545,545,545,545,0
2022-08-31 14:19:00,545,545,545,545,0
2022-08-31 14:20:00,545,545,545,545,0
2022-08-31 14:21:00,545,545,545,545,0
2022-08-31 14:22:00,545,545,545,545,0
2022-08-31 14:23:00,545,545,545,545,0
2022-08-31 14:24:00,545,545,545,545,0
2022-08-31 14:25:00,545,545,545,545,0
2022-08-31 14:26:00,545,545,545,545,0
2022-08-31 14:27:00,545,545,545,545,0
2022-08-31 14:28:00,545,545,545,545,0
2022-08-31 14:29:00,545,545,545,545,0
2022-08-31 14:30:00,545,545,545,545,0
2022-08-31 14:31:00,545,545,545,545,0
2022-08-31 14:32:00,545,545,545,545,0
2022-08-31 14:33:00,545,545,545,545,0
2022-08-31 14:34:00,545,545,545,545,0
2022-08-31 14:35:00,545,545,545,545,0
2022-08-31 14:36:00,545,545,545,545,0
2022-08-31 14:37:00,545,545,545,545,100
2022-08-31 14:38:00,545,545,545,545,0
2022-08-31 14:39:00,545,545,545,545,0
2022-08-31 14:40:00,545,545,545,545,0
2022-08-31 14:41:00,545,545,545,545,0
2022-08-31 14:42:00,545,545,545,545,0
2022-08-31 14:43:00,540,540,540,540,20600
2022-08-31 14:44:00,545,545,545,545,0
2022-08-31 14:45:00,545,545,545,545,0
2022-08-31 14:46:00,545,545,545,545,0
2022-08-31 14:47:00,545,545,545,545,300
2022-08-31 14:48:00,545,545,545,545,0
2022-08-31 14:49:00,545,545,545,545,0
2022-08-31 14:50:00,545,545,545,545,0
2022-08-31 14:51:00,545,545,545,545,0
2022-08-31 14:52:00,545,545,545,545,0
2022-08-31 14:53:00,545,545,545,545,0
2022-08-31 14:54:00,545,545,545,545,0
2022-08-31 14:55:00,545,545,545,545,0
2022-08-31 14:56:00,545,545,545,545,0
2022-08-31 14:57:00,545,545,545,545,0
2022-08-31 14:58:00,545,545,545,545,0
2022-08-31 14:59:00,545,545,545,545,0
2022-08-31 15:00:00,545,545,545,545,111200
2022-08-31 15:01:00,545,545,545,545,0
2022-08-31 15:02:00,545,545,545,545,0
2022-08-31 15:03:00,545,545,545,545,0
2022-08-31 15:04:00,545,545,545,545,0
2022-08-31 15:05:00,545,545,545,545,0
2022-08-31 15:06:00,545,545,545,545,0
2022-08-31 15:07:00,545,545,545,545,0
2022-08-31 15:08:00,545,545,545,545,0
2022-08-31 15:09:00,545,545,545,545,4800
2022-08-31 15:10:00,545,545,545,545,0
2022-08-31 15:11:00,545,545,545,545,0
2022-08-31 15:12:00,545,545,545,545,0
2022-08-31 15:13:00,545,545,545,545,0
2022-08-31 15:14:00,545,545,545,545,0
2022-08-31 15:15:00,545,545,545,545,0
2022-08-31 15:16:00,545,545,545,545,0
2022-08-31 15:17:00,545,545,545,545,0
2022-08-31 15:18:00,545,545,545,545,0
2022-08-31 15:19:00,545,545,545,545,0
2022-08-31 15:20:00,545,545,545,545,0
2022-08-31 15:21:00,545,545,545,545,0
2022-08-31 15:22:00,545,545,545,545,0
2022-08-31 15:23:00,545,545,545,545,0
2022-08-31 15:24:00,545,545,545,545,0
2022-08-31 15:25:00,545,545,545,545,0
2022-08-31 15:26:00,545,545,545,545,0
2022-08-31 15:27:00,545,545,545,545,0
2022-08-31 15:28:00,545,545,545,545,0
2022-08-31 15:29:00,545,545,545,545,0
2022-08-31 15:30:00,545,545,545,545,0
2022-08-31 15:31:00,545,545,545,545,0
2022-08-31 15:32:00,545,545,545,545,0
2022-08-31 15:33:00,545,545,545,545,0
2022-08-31 15:34:00,545,545,545,545,0
2022-08-31 15:35:00,545,545,545,545,0
2022-08-31 15:36:00,545,545,545,545,0
2022-08-31 15:37:00,545,545,545,545,0
2022-08-31 15:38:00,545,545,545,545,0
2022-08-31 15:39:00,545,545,545,545,0
2022-08-31 15:40:00,545,545,545,545,0
2022-08-31 15:41:00,545,545,545,545,0
2022-08-31 15:42:00,545,545,545,545,0
2022-08-31 15:43:00,545,545,545,545,0
2022-08-31 15:44:00,545,545,545,545,0
2022-08-31 15:45:00,545,545,545,545,0
2022-08-31 15:46:00,545,545,545,545,0
2022-08-31 15:47:00,545,545,545,545,0
2022-08-31 15:48:00,545,545,545,545,0
2022-08-31 15:49:00,545,545,545,545,0
2022-08-31 15:50:00,545,545,545,545,0
2022-08-31 15:51:00,545,545,545,545,0
2022-08-31 15:52:00,545,545,545,545,0
2022-08-31 15:53:00,545,545,545,545,0
2022-08-31 15:54:00,545,545,545,545,0
2022-08-31 15:55:00,545,545,545,545,0
2022-08-31 15:56:00,545,545,545,545,0
2022-08-31 15:57:00,545,545,545,545,0
2022-08-31 15:58:00,545,545,545,545,0
2022-08-31 15:59:00,545,545,545,545,0
2022-09-01 09:00:00,545,545,545,545,200
2022-09-01 09:01:00,545,545,545,545,0
2022-09-01 09:02:00,545,545,545,545,500
2022-09-01 09:03:00,545,540,545,545,3600
2022-09-01 09:04:00,545,540,545,545,0
2022-09-01 09:05:00,545,540,545,545,0
2022-09-01 09:06:00,545,540,545,545,0
2022-09-01 09:07:00,540,540,545,545,11300
2022-09-01 09:08:00,540,540,545,545,0
2022-09-01 09:09:00,540,540,545,545,900
2022-09-01 09:10:00,540,540,545,545,0
2022-09-01 09:11:00,545,545,550,550,89800
2022-09-01 09:12:00,545,545,550,550,0
2022-09-01 09:13:00,545,545,550,550,0
2022-09-01 09:14:00,545,545,550,550,0
2022-09-01 09:15:00,545,545,550,550,0
2022-09-01 09:16:00,545,545,550,550,0
2022-09-01 09:17:00,545,545,550,550,0
2022-09-01 09:18:00,545,545,550,550,0
2022-09-01 09:19:00,545,545,550,550,0
2022-09-01 09:20:00,545,545,550,550,0
2022-09-01 09:21:00,545,545,550,550,0
2022-09-01 09:22:00,545,545,550,550,0
2022-09-01 09:23:00,545,545,550,550,0
2022-09-01 09:24:00,545,545,550,550,0
2022-09-01 09:25:00,545,545,550,550,0
2022-09-01 09:26:00,545,545,550,550,0
2022-09-01 09:27:00,545,545,550,550,0
2022-09-01 09:28:00,545,545,550,550,0
2022-09-01 09:29:00,545,545,550,550,0
2022-09-01 09:30:00,545,545,550,550,0
2022-09-01 09:31:00,545,545,550,550,0
2022-09-01 09:32:00,545,545,550,550,0
2022-09-01 09:33:00,545,545,550,550,0
2022-09-01 09:34:00,545,545,550,550,0
2022-09-01 09:35:00,545,545,550,550,0
2022-09-01 09:36:00,545,545,550,550,0
2022-09-01 09:37:00,545,545,550,550,0
2022-09-01 09:38:00,545,545,550,550,0
2022-09-01 09:39:00,545,545,550,550,0
2022-09-01 09:40:00,545,545,545,545,1100
2022-09-01 09:41:00,545,545,545,545,0
2022-09-01 09:42:00,545,545,550,550,4300
2022-09-01 09:43:00,545,545,545,545,1100
2022-09-01 09:44:00,545,545,545,545,0
2022-09-01 09:45:00,545,545,545,545,1900
2022-09-01 09:46:00,545,545,545,545,0
2022-09-01 09:47:00,545,545,545,545,0
2022-09-01 09:48:00,545,545,545,545,0
2022-09-01 09:49:00,545,545,545,545,0
2022-09-01 09:50:00,545,545,545,545,0
2022-09-01 09:51:00,545,545,545,545,0
2022-09-01 09:52:00,545,545,545,545,0
2022-09-01 09:53:00,545,545,545,545,0
2022-09-01 09:54:00,545,545,545,545,0
2022-09-01 09:55:00,545,545,545,545,200
2022-09-01 09:56:00,545,545,545,545,0
2022-09-01 09:57:00,545,545,545,545,0
2022-09-01 09:58:00,545,545,545,545,0
2022-09-01 09:59:00,545,545,545,545,0
2022-09-01 10:00:00,545,545,545,545,0
2022-09-01 10:01:00,545,545,545,545,0
2022-09-01 10:02:00,545,545,545,545,0
2022-09-01 10:03:00,545,545,545,545,200
2022-09-01 10:04:00,545,545,545,545,0
2022-09-01 10:05:00,545,545,545,545,0
2022-09-01 10:06:00,545,545,545,545,0
2022-09-01 10:07:00,545,545,545,545,0
2022-09-01 10:08:00,545,545,545,545,0
2022-09-01 10:09:00,545,545,545,545,0
2022-09-01 10:10:00,545,545,545,545,0
2022-09-01 10:11:00,545,545,545,545,0
2022-09-01 10:12:00,545,545,545,545,0
2022-09-01 10:13:00,545,545,545,545,0
2022-09-01 10:14:00,545,545,545,545,0
2022-09-01 10:15:00,545,545,545,545,0
2022-09-01 10:16:00,545,545,545,545,0
2022-09-01 10:17:00,545,545,545,545,0
2022-09-01 10:18:00,545,545,545,545,0
2022-09-01 10:19:00,545,545,545,545,0
2022-09-01 10:20:00,545,545,545,545,0
2022-09-01 10:21:00,545,545,545,545,0
2022-09-01 10:22:00,545,545,545,545,0
2022-09-01 10:23:00,545,545,545,545,0
2022-09-01 10:24:00,545,545,545,545,0
2022-09-01 10:25:00,545,545,545,545,0
2022-09-01 10:26:00,545,545,545,545,0
2022-09-01 10:27:00,540,540,540,540,130200
2022-09-01 10:28:00,540,540,545,545,0
2022-09-01 10:29:00,540,540,545,545,0
2022-09-01 10:30:00,540,540,545,545,0
2022-09-01 10:31:00,540,540,545,545,0
2022-09-01 10:32:00,540,540,545,545,0
2022-09-01 10:33:00,540,540,545,545,0
2022-09-01 10:34:00,540,540,545,545,0
2022-09-01 10:35:00,540,540,545,545,0
2022-09-01 10:36:00,540,540,545,545,0
2022-09-01 10:37:00,540,540,545,545,0
2022-09-01 10:38:00,540,540,545,545,0
2022-09-01 10:39:00,540,540,545,545,0
2022-09-01 10:40:00,540,540,545,545,0
2022-09-01 10:41:00,540,540,545,545,0
2022-09-01 10:42:00,540,540,545,545,0
2022-09-01 10:43:00,540,540,545,545,0
2022-09-01 10:44:00,540,540,545,545,0
2022-09-01 10:45:00,540,540,545,545,0
2022-09-01 10:46:00,540,540,545,545,0
2022-09-01 10:47:00,540,540,545,545,0
2022-09-01 10:48:00,540,540,545,545,0
2022-09-01 10:49:00,540,540,545,545,0
2022-09-01 10:50:00,540,540,540,540,6100
2022-09-01 10:51:00,540,540,540,540,0
2022-09-01 10:52:00,540,535,545,545,14000
2022-09-01 10:53:00,545,545,545,545,700
2022-09-01 10:54:00,545,545,545,545,0
2022-09-01 10:55:00,545,545,545,545,0
2022-09-01 10:56:00,545,545,545,545,0
2022-09-01 10:57:00,545,545,545,545,0
2022-09-01 10:58:00,545,545,545,545,0
2022-09-01 10:59:00,545,545,545,545,0
2022-09-01 11:00:00,545,545,545,545,0
2022-09-01 11:01:00,545,545,545,545,0
2022-09-01 11:02:00,545,545,545,545,0
2022-09-01 11:03:00,545,545,545,545,0
2022-09-01 11:04:00,545,545,545,545,0
2022-09-01 11:05:00,545,545,545,545,0
2022-09-01 11:06:00,545,545,545,545,0
2022-09-01 11:07:00,545,545,545,545,0
2022-09-01 11:08:00,545,545,545,545,1000
2022-09-01 11:09:00,545,545,545,545,0
2022-09-01 11:10:00,545,545,545,545,0
2022-09-01 11:11:00,545,545,545,545,0
2022-09-01 11:12:00,545,545,545,545,0
2022-09-01 11:13:00,545,545,545,545,0
2022-09-01 11:14:00,545,545,545,545,0
2022-09-01 11:15:00,545,545,545,545,0
2022-09-01 11:16:00,545,545,545,545,0
2022-09-01 11:17:00,545,545,545,545,0
2022-09-01 11:18:00,545,545,545,545,0
2022-09-01 11:19:00,545,545,545,545,0
2022-09-01 11:20:00,545,545,545,545,0
2022-09-01 11:21:00,545,545,545,545,0
2022-09-01 11:22:00,545,545,545,545,0
2022-09-01 11:23:00,545,545,545,545,0
2022-09-01 11:24:00,545,545,545,545,0
2022-09-01 11:25:00,545,545,545,545,0
2022-09-01 11:26:00,545,545,545,545,0
2022-09-01 11:27:00,545,545,545,545,0
2022-09-01 11:28:00,545,545,545,545,0
2022-09-01 11:29:00,545,545,545,545,0
2022-09-01 11:30:00,545,545,545,545,0
2022-09-01 11:31:00,545,545,545,545,0
2022-09-01 11:32:00,545,545,545,545,0
2022-09-01 11:33:00,545,545,545,545,0
2022-09-01 11:34:00,545,545,545,545,0
2022-09-01 11:35:00,545,545,545,545,0
2022-09-01 11:36:00,545,545,545,545,0
2022-09-01 11:37:00,545,545,545,545,0
2022-09-01 11:38:00,545,545,545,545,0
2022-09-01 11:39:00,545,545,545,545,0
2022-09-01 11:40:00,545,545,545,545,0
2022-09-01 11:41:00,545,545,545,545,0
2022-09-01 11:42:00,545,545,545,545,0
2022-09-01 11:43:00,545,545,545,545,0
2022-09-01 11:44:00,545,545,545,545,0
2022-09-01 11:45:00,545,545,545,545,0
2022-09-01 11:46:00,545,545,545,545,0
2022-09-01 11:47:00,545,545,545,545,0
2022-09-01 11:48:00,545,545,545,545,0
2022-09-01 11:49:00,545,545,545,545,0
2022-09-01 11:50:00,545,545,545,545,0
2022-09-01 11:51:00,545,545,545,545,0
2022-09-01 11:52:00,545,545,545,545,0
2022-09-01 11:53:00,545,545,545,545,0
2022-09-01 11:54:00,545,545,545,545,0
2022-09-01 11:55:00,545,545,545,545,0
2022-09-01 11:56:00,545,545,545,545,0
2022-09-01 11:57:00,545,545,545,545,0
2022-09-01 11:58:00,545,545,545,545,0
2022-09-01 11:59:00,545,545,545,545,0
2022-09-01 12:00:00,545,545,545,545,0
2022-09-01 12:01:00,545,545,545,545,0
2022-09-01 12:02:00,545,545,545,545,0
2022-09-01 12:03:00,545,545,545,545,0
2022-09-01 12:04:00,545,545,545,545,0
2022-09-01 12:05:00,545,545,545,545,0
2022-09-01 12:06:00,545,545,545,545,0
2022-09-01 12:07:00,545,545,545,545,0
2022-09-01 12:08:00,545,545,545,545,0
2022-09-01 12:09:00,545,545,545,545,0
2022-09-01 12:10:00,545,545,545,545,0
2022-09-01 12:11:00,545,545,545,545,0
2022-09-01 12:12:00,545,545,545,545,0
2022-09-01 12:13:00,545,545,545,545,0
2022-09-01 12:14:00,545,545,545,545,0
2022-09-01 12:15:00,545,545,545,545,0
2022-09-01 12:16:00,545,545,545,545,0
2022-09-01 12:17:00,545,545,545,545,0
2022-09-01 12:18:00,545,545,545,545,0
2022-09-01 12:19:00,545,545,545,545,0
2022-09-01 12:20:00,545,545,545,545,0
2022-09-01 12:21:00,545,545,545,545,0
2022-09-01 12:22:00,545,545,545,545,0
2022-09-01 12:23:00,545,545,545,545,0
2022-09-01 12:24:00,545,545,545,545,0
2022-09-01 12:25:00,545,545,545,545,0
2022-09-01 12:26:00,545,545,545,545,0
2022-09-01 12:27:00,545,545,545,545,0
2022-09-01 12:28:00,545,545,545,545,0
2022-09-01 12:29:00,545,545,545,545,0
2022-09-01 12:30:00,545,545,545,545,0
2022-09-01 12:31:00,545,545,545,545,0
2022-09-01 12:32:00,545,545,545,545,0
2022-09-01 12:33:00,545,545,545,545,0
2022-09-01 12:34:00,545,545,545,545,0
2022-09-01 12:35:00,545,545,545,545,0
2022-09-01 12:36:00,545,545,545,545,0
2022-09-01 12:37:00,545,545,545,545,0
2022-09-01 12:38:00,545,545,545,545,0
2022-09-01 12:39:00,545,545,545,545,0
2022-09-01 12:40:00,545,545,545,545,0
2022-09-01 12:41:00,545,545,545,545,0
2022-09-01 12:42:00,545,545,545,545,0
2022-09-01 12:43:00,545,545,545,545,0
2022-09-01 12:44:00,545,545,545,545,0
2022-09-01 12:45:00,545,545,545,545,0
2022-09-01 12:46:00,545,545,545,545,0
2022-09-01 12:47:00,545,545,545,545,0
2022-09-01 12:48:00,545,545,545,545,0
2022-09-01 12:49:00,545,545,545,545,0
2022-09-01 12:50:00,545,545,545,545,0
2022-09-01 12:51:00,545,545,545,545,0
2022-09-01 12:52:00,545,545,545,545,0
2022-09-01 12:53:00,545,545,545,545,0
2022-09-01 12:54:00,545,545,545,545,0
2022-09-01 12:55:00,545,545,545,545,0
2022-09-01 12:56:00,545,545,545,545,0
2022-09-01 12:57:00,545,545,545,545,0
2022-09-01 12:58:00,545,545,545,545,0
2022-09-01 12:59:00,545,545,545,545,0
2022-09-01 13:00:00,545,545,545,545,0
2022-09-01 13:01:00,545,545,545,545,0
2022-09-01 13:02:00,545,545,545,545,0
2022-09-01 13:03:00,545,545,545,545,0
2022-09-01 13:04:00,545,545,545,545,0
2022-09-01 13:05:00,545,545,545,545,0
2022-09-01 13:06:00,545,545,545,545,0
2022-09-01 13:07:00,545,545,545,545,0
2022-09-01 13:08:00,545,545,545,545,0
2022-09-01 13:09:00,545,545,545,545,0
2022-09-01 13:10:00,545,545,545,545,0
2022-09-01 13:11:00,545,545,545,545,0
2022-09-01 13:12:00,545,545,545,545,0
2022-09-01 13:13:00,545,545,545,545,0
2022-09-01 13:14:00,545,545,545,545,0
2022-09-01 13:15:00,545,545,545,545,0
2022-09-01 13:16:00,545,545,545,545,0
2022-09-01 13:17:00,545,545,545,545,0
2022-09-01 13:18:00,545,545,545,545,0
2022-09-01 13:19:00,545,545,545,545,0
2022-09-01 13:20:00,545,545,545,545,0
2022-09-01 13:21:00,545,545,545,545,0
2022-09-01 13:22:00,545,545,545,545,0
2022-09-01 13:23:00,545,545,545,545,0
2022-09-01 13:24:00,545,545,545,545,0
2022-09-01 13:25:00,545,545,545,545,0
2022-09-01 13:26:00,545,545,545,545,0
2022-09-01 13:27:00,545,545,545,545,0
2022-09-01 13:28:00,545,545,545,545,0
2022-09-01 13:29:00,545,545,545,545,0
2022-09-01 13:30:00,540,540,545,545,239000
2022-09-01 13:31:00,540,540,545,545,0
2022-09-01 13:32:00,540,540,545,545,0
2022-09-01 13:33:00,540,540,545,545,0
2022-09-01 13:34:00,540,540,545,545,0
2022-09-01 13:35:00,540,540,545,545,0
2022-09-01 13:36:00,540,540,545,545,0
2022-09-01 13:37:00,540,540,545,545,0
2022-09-01 13:38:00,540,540,545,545,0
2022-09-01 13:39:00,540,540,545,545,0
2022-09-01 13:40:00,540,540,545,545,0
2022-09-01 13:41:00,540,540,545,545,0
2022-09-01 13:42:00,540,540,545,545,0
2022-09-01 13:43:00,540,540,545,545,0
2022-09-01 13:44:00,540,540,545,545,0
2022-09-01 13:45:00,540,540,545,545,0
2022-09-01 13:46:00,540,540,545,545,0
2022-09-01 13:47:00,540,540,545,545,0
2022-09-01 13:48:00,540,540,545,545,0
2022-09-01 13:49:00,540,540,545,545,0
2022-09-01 13:50:00,540,540,545,545,0
2022-09-01 13:51:00,540,540,545,545,0
2022-09-01 13:52:00,540,540,545,545,0
2022-09-01 13:53:00,540,540,545,545,0
2022-09-01 13:54:00,540,540,545,545,0
2022-09-01 13:55:00,540,540,545,545,0
2022-09-01 13:56:00,540,540,545,545,0
2022-09-01 13:57:00,540,540,545,545,0
2022-09-01 13:58:00,540,540,545,545,0
2022-09-01 13:59:00,540,540,545,545,0
2022-09-01 14:00:00,540,540,545,545,0
2022-09-01 14:01:00,540,540,545,545,0
2022-09-01 14:02:00,540,540,545,545,0
2022-09-01 14:03:00,540,540,545,545,0
2022-09-01 14:04:00,540,540,545,545,0
2022-09-01 14:05:00,540,540,545,545,0
2022-09-01 14:06:00,540,540,545,545,0
2022-09-01 14:07:00,540,540,545,545,0
2022-09-01 14:08:00,540,540,545,545,0
2022-09-01 14:09:00,540,540,545,545,0
2022-09-01 14:10:00,540,540,545,545,0
2022-09-01 14:11:00,545,545,545,545,600
2022-09-01 14:12:00,545,545,545,545,0
2022-09-01 14:13:00,545,545,545,545,0
2022-09-01 14:14:00,545,545,545,545,0
2022-09-01 14:15:00,545,545,545,545,0
2022-09-01 14:16:00,545,545,545,545,0
2022-09-01 14:17:00,545,545,545,545,0
2022-09-01 14:18:00,545,545,545,545,0
2022-09-01 14:19:00,545,545,545,545,0
2022-09-01 14:20:00,545,545,545,545,0
2022-09-01 14:21:00,545,545,545,545,0
2022-09-01 14:22:00,545,545,545,545,0
2022-09-01 14:23:00,545,545,545,545,0
2022-09-01 14:24:00,545,545,545,545,0
2022-09-01 14:25:00,545,545,545,545,0
2022-09-01 14:26:00,545,545,545,545,0
2022-09-01 14:27:00,545,545,545,545,0
2022-09-01 14:28:00,545,545,545,545,0
2022-09-01 14:29:00,545,545,545,545,0
2022-09-01 14:30:00,545,545,545,545,0
2022-09-01 14:31:00,545,545,545,545,0
2022-09-01 14:32:00,545,545,545,545,0
2022-09-01 14:33:00,545,545,545,545,0
2022-09-01 14:34:00,545,545,545,545,300
2022-09-01 14:35:00,545,545,545,545,0
2022-09-01 14:36:00,545,545,545,545,0
2022-09-01 14:37:00,545,545,545,545,0
2022-09-01 14:38:00,545,545,545,545,0
2022-09-01 14:39:00,545,545,545,545,0
2022-09-01 14:40:00,545,545,545,545,0
2022-09-01 14:41:00,545,545,545,545,0
2022-09-01 14:42:00,545,545,545,545,0
2022-09-01 14:43:00,545,545,545,545,0
2022-09-01 14:44:00,545,545,545,545,0
2022-09-01 14:45:00,545,545,545,545,0
2022-09-01 14:46:00,545,545,545,545,600
2022-09-01 14:47:00,545,545,545,545,0
2022-09-01 14:48:00,545,545,545,545,300
2022-09-01 14:49:00,545,545,545,545,100
2022-09-01 14:50:00,545,545,545,545,0
2022-09-01 14:51:00,545,545,545,545,0
2022-09-01 14:52:00,545,545,545,545,0
2022-09-01 14:53:00,545,545,545,545,0
2022-09-01 14:54:00,545,545,545,545,0
2022-09-01 14:55:00,545,545,545,545,0
2022-09-01 14:56:00,545,545,545,545,0
2022-09-01 14:57:00,545,545,545,545,0
2022-09-01 14:58:00,545,545,545,545,0
2022-09-01 14:59:00,545,545,545,545,0
2022-09-01 15:00:00,545,545,545,545,322600
2022-09-01 15:01:00,545,545,545,545,0
2022-09-01 15:02:00,545,545,545,545,0
2022-09-01 15:03:00,545,545,545,545,0
2022-09-01 15:04:00,545,545,545,545,0
2022-09-01 15:05:00,545,545,545,545,0
2022-09-01 15:06:00,545,545,545,545,0
2022-09-01 15:07:00,545,545,545,545,0
2022-09-01 15:08:00,545,545,545,545,0
2022-09-01 15:09:00,545,545,545,545,0
2022-09-01 15:10:00,545,545,545,545,0
2022-09-01 15:11:00,545,545,545,545,0
2022-09-01 15:12:00,545,545,545,545,0
2022-09-01 15:13:00,545,545,545,545,0
2022-09-01 15:14:00,545,545,545,545,0
2022-09-01 15:15:00,545,545,545,545,0
2022-09-01 15:16:00,545,545,545,545,0
2022-09-01 15:17:00,545,545,545,545,0
2022-09-01 15:18:00,545,545,545,545,0
2022-09-01 15:19:00,545,545,545,545,0
2022-09-01 15:20:00,545,545,545,545,0
2022-09-01 15:21:00,545,545,545,545,0
2022-09-01 15:22:00,545,545,545,545,0
2022-09-01 15:23:00,545,545,545,545,0
2022-09-01 15:24:00,545,545,545,545,0
2022-09-01 15:25:00,545,545,545,545,0
2022-09-01 15:26:00,545,545,545,545,0
2022-09-01 15:27:00,545,545,545,545,0
2022-09-01 15:28:00,545,545,545,545,0
2022-09-01 15:29:00,545,545,545,545,0
2022-09-01 15:30:00,545,545,545,545,0
2022-09-01 15:31:00,545,545,545,545,0
2022-09-01 15:32:00,545,545,545,545,0
2022-09-01 15:33:00,545,545,545,545,0
2022-09-01 15:34:00,545,545,545,545,0
2022-09-01 15:35:00,545,545,545,545,0
2022-09-01 15:36:00,545,545,545,545,0
2022-09-01 15:37:00,545,545,545,545,0
2022-09-01 15:38:00,545,545,545,545,0
2022-09-01 15:39:00,545,545,545,545,0
2022-09-01 15:40:00,545,545,545,545,0
2022-09-01 15:41:00,545,545,545,545,0
2022-09-01 15:42:00,545,545,545,545,0
2022-09-01 15:43:00,545,545,545,545,0
2022-09-01 15:44:00,545,545,545,545,0
2022-09-01 15:45:00,545,545,545,545,0
2022-09-01 15:46:00,545,545,545,545,0
2022-09-01 15:47:00,545,545,545,545,0
2022-09-01 15:48:00,545,545,545,545,0
2022-09-01 15:49:00,545,545,545,545,0
2022-09-01 15:50:00,545,545,545,545,0
2022-09-01 15:51:00,545,545,545,545,0
2022-09-01 15:52:00,545,545,545,545,0
2022-09-01 15:53:00,545,545,545,545,0
2022-09-01 15:54:00,545,545,545,545,0
2022-09-01 15:55:00,545,545,545,545,0
2022-09-01 15:56:00,545,545,545,545,0
2022-09-01 15:57:00,545,545,545,545,0
2022-09-01 15:58:00,545,545,545,545,0
2022-09-01 15:59:00,545,545,545,545,0
2022-09-02 09:00:00,545,545,545,545,0
2022-09-02 09:01:00,545,545,545,545,0
2022-09-02 09:02:00,545,545,545,545,0
2022-09-02 09:03:00,545,545,545,545,0
2022-09-02 09:04:00,545,545,545,545,0
2022-09-02 09:05:00,545,545,545,545,0
2022-09-02 09:06:00,545,545,545,545,0
2022-09-02 09:07:00,545,545,545,545,0
2022-09-02 09:08:00,545,545,545,545,0
2022-09-02 09:09:00,545,545,545,545,0
2022-09-02 09:10:00,545,545,545,545,0
2022-09-02 09:11:00,545,545,545,545,0
2022-09-02 09:12:00,545,545,545,545,0
2022-09-02 09:13:00,545,545,545,545,0
2022-09-02 09:14:00,545,545,545,545,0
2022-09-02 09:15:00,545,545,545,545,0
2022-09-02 09:16:00,545,545,545,545,0
2022-09-02 09:17:00,545,545,545,545,0
2022-09-02 09:18:00,545,545,545,545,0
2022-09-02 09:19:00,545,545,545,545,300
2022-09-02 09:20:00,545,545,545,545,0
2022-09-02 09:21:00,545,545,545,545,0
2022-09-02 09:22:00,545,545,545,545,0
2022-09-02 09:23:00,545,545,545,545,0
2022-09-02 09:24:00,545,545,545,545,0
2022-09-02 09:25:00,545,545,545,545,0
2022-09-02 09:26:00,545,545,545,545,0
2022-09-02 09:27:00,545,545,545,545,0
2022-09-02 09:28:00,545,545,545,545,0
2022-09-02 09:29:00,545,545,545,545,400
2022-09-02 09:30:00,545,545,545,545,0
2022-09-02 09:31:00,545,545,545,545,0
2022-09-02 09:32:00,545,545,545,545,0
2022-09-02 09:33:00,545,545,545,545,0
2022-09-02 09:34:00,545,545,545,545,0
2022-09-02 09:35:00,545,545,545,545,0
2022-09-02 09:36:00,545,545,545,545,0
2022-09-02 09:37:00,545,545,545,545,0
2022-09-02 09:38:00,545,545,545,545,0
2022-09-02 09:39:00,545,545,545,545,0
2022-09-02 09:40:00,545,545,545,545,0
2022-09-02 09:41:00,545,545,545,545,0
2022-09-02 09:42:00,545,545,545,545,0
2022-09-02 09:43:00,545,545,545,545,0
2022-09-02 09:44:00,545,545,545,545,0
2022-09-02 09:45:00,540,540,540,540,30000
2022-09-02 09:46:00,545,545,545,545,0
2022-09-02 09:47:00,545,545,545,545,0
2022-09-02 09:48:00,545,545,545,545,0
2022-09-02 09:49:00,545,545,545,545,0
2022-09-02 09:50:00,545,545,545,545,0
2022-09-02 09:51:00,545,545,545,545,0
2022-09-02 09:52:00,545,545,545,545,0
2022-09-02 09:53:00,540,540,545,545,1900
2022-09-02 09:54:00,540,540,545,545,0
2022-09-02 09:55:00,540,540,540,540,3000
2022-09-02 09:56:00,540,540,545,545,6000
2022-09-02 09:57:00,540,540,545,545,0
2022-09-02 09:58:00,540,540,545,545,0
2022-09-02 09:59:00,540,540,545,545,0
2022-09-02 10:00:00,540,540,545,545,0
2022-09-02 10:01:00,540,540,545,545,0
2022-09-02 10:02:00,540,540,545,545,0
2022-09-02 10:03:00,540,540,545,545,0
2022-09-02 10:04:00,540,540,545,545,0
2022-09-02 10:05:00,540,540,545,545,0
2022-09-02 10:06:00,540,540,545,545,0
2022-09-02 10:07:00,540,540,545,545,0
2022-09-02 10:08:00,540,540,545,545,0
2022-09-02 10:09:00,540,540,545,545,0
2022-09-02 10:10:00,540,540,545,545,0
2022-09-02 10:11:00,540,540,545,545,0
2022-09-02 10:12:00,540,540,545,545,1800
2022-09-02 10:13:00,540,540,545,545,0
2022-09-02 10:14:00,540,540,540,540,300
2022-09-02 10:15:00,545,540,545,540,900
2022-09-02 10:16:00,545,540,545,540,600
2022-09-02 10:17:00,540,540,545,545,700
2022-09-02 10:18:00,540,540,545,545,800
2022-09-02 10:19:00,540,540,545,545,0
2022-09-02 10:20:00,540,540,545,545,0
2022-09-02 10:21:00,540,540,545,545,0
2022-09-02 10:22:00,540,540,545,545,0
2022-09-02 10:23:00,540,540,545,545,0
2022-09-02 10:24:00,545,545,545,545,47300
2022-09-02 10:25:00,545,545,545,545,0
2022-09-02 10:26:00,545,545,545,545,0
2022-09-02 10:27:00,545,545,545,545,0
2022-09-02 10:28:00,545,545,545,545,0
2022-09-02 10:29:00,545,545,545,545,0
2022-09-02 10:30:00,545,545,545,545,0
2022-09-02 10:31:00,545,545,545,545,0
2022-09-02 10:32:00,545,545,545,545,0
2022-09-02 10:33:00,545,545,545,545,0
2022-09-02 10:34:00,545,545,545,545,0
2022-09-02 10:35:00,545,545,545,545,0
2022-09-02 10:36:00,545,545,545,545,0
2022-09-02 10:37:00,545,545,545,545,0
2022-09-02 10:38:00,545,545,545,545,0
2022-09-02 10:39:00,545,545,545,545,0
2022-09-02 10:40:00,545,545,545,545,0
2022-09-02 10:41:00,545,545,545,545,0
2022-09-02 10:42:00,545,545,545,545,0
2022-09-02 10:43:00,545,545,545,545,0
2022-09-02 10:44:00,545,545,545,545,0
2022-09-02 10:45:00,545,545,545,545,0
2022-09-02 10:46:00,545,545,545,545,200
2022-09-02 10:47:00,545,545,545,545,0
2022-09-02 10:48:00,545,545,545,545,0
2022-09-02 10:49:00,545,545,545,545,0
2022-09-02 10:50:00,545,545,545,545,0
2022-09-02 10:51:00,545,545,545,545,0
2022-09-02 10:52:00,545,545,545,545,0
2022-09-02 10:53:00,545,545,545,545,0
2022-09-02 10:54:00,545,545,545,545,0
2022-09-02 10:55:00,545,545,545,545,0
2022-09-02 10:56:00,545,545,545,545,0
2022-09-02 10:57:00,545,545,545,545,0
2022-09-02 10:58:00,545,545,545,545,0
2022-09-02 10:59:00,545,545,545,545,0
2022-09-02 11:00:00,545,545,545,545,0
2022-09-02 11:01:00,545,545,545,545,0
2022-09-02 11:02:00,545,545,545,545,300
2022-09-02 11:03:00,545,545,545,545,0
2022-09-02 11:04:00,545,545,545,545,0
2022-09-02 11:05:00,545,545,545,545,0
2022-09-02 11:06:00,545,545,545,545,0
2022-09-02 11:07:00,545,545,545,545,0
2022-09-02 11:08:00,545,545,545,545,0
2022-09-02 11:09:00,545,545,545,545,0
2022-09-02 11:10:00,545,545,545,545,0
2022-09-02 11:11:00,545,545,545,545,0
2022-09-02 11:12:00,545,545,545,545,0
2022-09-02 11:13:00,545,545,545,545,0
2022-09-02 11:14:00,545,545,545,545,0
2022-09-02 11:15:00,545,545,545,545,0
2022-09-02 11:16:00,545,545,545,545,0
2022-09-02 11:17:00,545,545,545,545,0
2022-09-02 11:18:00,545,545,545,545,0
2022-09-02 11:19:00,545,545,545,545,0
2022-09-02 11:20:00,545,545,545,545,0
2022-09-02 11:21:00,545,545,545,545,0
2022-09-02 11:22:00,545,545,545,545,0
2022-09-02 11:23:00,545,545,545,545,0
2022-09-02 11:24:00,545,545,545,545,0
2022-09-02 11:25:00,545,545,545,545,0
2022-09-02 11:26:00,545,545,545,545,600
2022-09-02 11:27:00,545,545,545,545,0
2022-09-02 11:28:00,545,545,545,545,500
2022-09-02 11:29:00,545,545,545,545,0
2022-09-02 11:30:00,545,545,545,545,0
2022-09-02 11:31:00,545,545,545,545,0
2022-09-02 11:32:00,545,545,545,545,0
2022-09-02 11:33:00,545,545,545,545,0
2022-09-02 11:34:00,545,545,545,545,0
2022-09-02 11:35:00,545,545,545,545,0
2022-09-02 11:36:00,545,545,545,545,0
2022-09-02 11:37:00,545,545,545,545,0
2022-09-02 11:38:00,545,545,545,545,0
2022-09-02 11:39:00,545,545,545,545,0
2022-09-02 11:40:00,545,545,545,545,0
2022-09-02 11:41:00,545,545,545,545,0
2022-09-02 11:42:00,545,545,545,545,0
2022-09-02 11:43:00,545,545,545,545,0
2022-09-02 11:44:00,545,545,545,545,0
2022-09-02 11:45:00,545,545,545,545,0
2022-09-02 11:46:00,545,545,545,545,0
2022-09-02 11:47:00,545,545,545,545,0
2022-09-02 11:48:00,545,545,545,545,0
2022-09-02 11:49:00,545,545,545,545,0
2022-09-02 11:50:00,545,545,545,545,0
2022-09-02 11:51:00,545,545,545,545,0
2022-09-02 11:52:00,545,545,545,545,0
2022-09-02 11:53:00,545,545,545,545,0
2022-09-02 11:54:00,545,545,545,545,0
2022-09-02 11:55:00,545,545,545,545,0
2022-09-02 11:56:00,545,545,545,545,0
2022-09-02 11:57:00,545,545,545,545,0
2022-09-02 11:58:00,545,545,545,545,0
2022-09-02 11:59:00,545,545,545,545,0
2022-09-02 12:00:00,545,545,545,545,0
2022-09-02 12:01:00,545,545,545,545,0
2022-09-02 12:02:00,545,545,545,545,0
2022-09-02 12:03:00,545,545,545,545,0
2022-09-02 12:04:00,545,545,545,545,0
2022-09-02 12:05:00,545,545,545,545,0
2022-09-02 12:06:00,545,545,545,545,0
2022-09-02 12:07:00,545,545,545,545,0
2022-09-02 12:08:00,545,545,545,545,0
2022-09-02 12:09:00,545,545,545,545,0
2022-09-02 12:10:00,545,545,545,545,0
2022-09-02 12:11:00,545,545,545,545,0
2022-09-02 12:12:00,545,545,545,545,0
2022-09-02 12:13:00,545,545,545,545,0
2022-09-02 12:14:00,545,545,545,545,0
2022-09-02 12:15:00,545,545,545,545,0
2022-09-02 12:16:00,545,545,545,545,0
2022-09-02 12:17:00,545,545,545,545,0
2022-09-02 12:18:00,545,545,545,545,0
2022-09-02 12:19:00,545,545,545,545,0
2022-09-02 12:20:00,545,545,545,545,0
2022-09-02 12:21:00,545,545,545,545,0
2022-09-02 12:22:00,545,545,545,545,0
2022-09-02 12:23:00,545,545,545,545,0
2022-09-02 12:24:00,545,545,545,545,0
2022-09-02 12:25:00,545,545,545,545,0
2022-09-02 12:26:00,545,545,545,545,0
2022-09-02 12:27:00,545,545,545,545,0
2022-09-02 12:28:00,545,545,545,545,0
2022-09-02 12:29:00,545,545,545,545,0
2022-09-02 12:30:00,545,545,545,545,0
2022-09-02 12:31:00,545,545,545,545,0
2022-09-02 12:32:00,545,545,545,545,0
2022-09-02 12:33:00,545,545,545,545,0
2022-09-02 12:34:00,545,545,545,545,0
2022-09-02 12:35:00,545,545,545,545,0
2022-09-02 12:36:00,545,545,545,545,0
2022-09-02 12:37:00,545,545,545,545,0
2022-09-02 12:38:00,545,545,545,545,0
2022-09-02 12:39:00,545,545,545,545,0
2022-09-02 12:40:00,545,545,545,545,0
2022-09-02 12:41:00,545,545,545,545,0
2022-09-02 12:42:00,545,545,545,545,0
2022-09-02 12:43:00,545,545,545,545,0
2022-09-02 12:44:00,545,545,545,545,0
2022-09-02 12:45:00,545,545,545,545,0
2022-09-02 12:46:00,545,545,545,545,0
2022-09-02 12:47:00,545,545,545,545,0
2022-09-02 12:48:00,545,545,545,545,0
2022-09-02 12:49:00,545,545,545,545,0
2022-09-02 12:50:00,545,545,545,545,0
2022-09-02 12:51:00,545,545,545,545,0
2022-09-02 12:52:00,545,545,545,545,0
2022-09-02 12:53:00,545,545,545,545,0
2022-09-02 12:54:00,545,545,545,545,0
2022-09-02 12:55:00,545,545,545,545,0
2022-09-02 12:56:00,545,545,545,545,0
2022-09-02 12:57:00,545,545,545,545,0
2022-09-02 12:58:00,545,545,545,545,0
2022-09-02 12:59:00,545,545,545,545,0
2022-09-02 13:00:00,545,545,545,545,0
2022-09-02 13:01:00,545,545,545,545,0
2022-09-02 13:02:00,545,545,545,545,0
2022-09-02 13:03:00,545,545,545,545,0
2022-09-02 13:04:00,545,545,545,545,0
2022-09-02 13:05:00,545,545,545,545,0
2022-09-02 13:06:00,545,545,545,545,0
2022-09-02 13:07:00,545,545,545,545,0
2022-09-02 13:08:00,545,545,545,545,0
2022-09-02 13:09:00,545,545,545,545,0
2022-09-02 13:10:00,545,545,545,545,0
2022-09-02 13:11:00,545,545,545,545,0
2022-09-02 13:12:00,545,545,545,545,0
2022-09-02 13:13:00,545,545,545,545,0
2022-09-02 13:14:00,545,545,545,545,0
2022-09-02 13:15:00,545,545,545,545,0
2022-09-02 13:16:00,545,545,545,545,0
2022-09-02 13:17:00,545,545,545,545,0
2022-09-02 13:18:00,545,545,545,545,0
2022-09-02 13:19:00,545,545,545,545,0
2022-09-02 13:20:00,545,545,545,545,0
2022-09-02 13:21:00,545,545,545,545,0
2022-09-02 13:22:00,545,545,545,545,0
2022-09-02 13:23:00,545,545,545,545,0
2022-09-02 13:24:00,545,545,545,545,0
2022-09-02 13:25:00,545,545,545,545,0
2022-09-02 13:26:00,545,545,545,545,0
2022-09-02 13:27:00,545,545,545,545,0
2022-09-02 13:28:00,545,545,545,545,0
2022-09-02 13:29:00,545,545,545,545,0
2022-09-02 13:30:00,545,545,545,545,0
2022-09-02 13:31:00,545,545,545,545,0
2022-09-02 13:32:00,545,545,545,545,0
2022-09-02 13:33:00,545,545,545,545,0
2022-09-02 13:34:00,545,545,545,545,0
2022-09-02 13:35:00,545,545,545,545,0
2022-09-02 13:36:00,545,545,545,545,0
2022-09-02 13:37:00,545,545,545,545,0
2022-09-02 13:38:00,545,545,545,545,0
2022-09-02 13:39:00,545,545,545,545,0
2022-09-02 13:40:00,545,545,545,545,0
2022-09-02 13:41:00,545,545,545,545,0
2022-09-02 13:42:00,545,545,545,545,400
2022-09-02 13:43:00,545,545,545,545,0
2022-09-02 13:44:00,545,545,545,545,0
2022-09-02 13:45:00,545,545,545,545,0
2022-09-02 13:46:00,545,545,545,545,0
2022-09-02 13:47:00,545,545,545,545,0
2022-09-02 13:48:00,540,540,545,545,7500
2022-09-02 13:49:00,540,540,545,545,0
2022-09-02 13:50:00,540,540,545,545,0
2022-09-02 13:51:00,540,540,545,545,0
2022-09-02 13:52:00,540,540,545,545,0
2022-09-02 13:53:00,540,540,545,545,0
2022-09-02 13:54:00,540,540,545,545,0
2022-09-02 13:55:00,540,540,545,545,1100
2022-09-02 13:56:00,540,540,545,545,0
2022-09-02 13:57:00,540,540,545,545,0
2022-09-02 13:58:00,540,540,545,545,0
2022-09-02 13:59:00,540,540,545,545,0
2022-09-02 14:00:00,540,540,545,545,0
2022-09-02 14:01:00,540,540,545,545,0
2022-09-02 14:02:00,540,540,545,545,400
2022-09-02 14:03:00,540,540,545,545,0
2022-09-02 14:04:00,545,545,545,545,100
2022-09-02 14:05:00,545,545,545,545,0
2022-09-02 14:06:00,545,545,545,545,0
2022-09-02 14:07:00,545,545,545,545,0
2022-09-02 14:08:00,545,545,545,545,0
2022-09-02 14:09:00,545,545,545,545,0
2022-09-02 14:10:00,545,545,545,545,0
2022-09-02 14:11:00,545,545,545,545,0
2022-09-02 14:12:00,545,545,545,545,0
2022-09-02 14:13:00,545,545,545,545,0
2022-09-02 14:14:00,545,545,545,545,0
2022-09-02 14:15:00,545,545,545,545,0
2022-09-02 14:16:00,545,545,545,545,0
2022-09-02 14:17:00,545,545,545,545,0
2022-09-02 14:18:00,545,545,545,545,0
2022-09-02 14:19:00,545,545,545,545,0
2022-09-02 14:20:00,545,545,545,545,0
2022-09-02 14:21:00,545,545,545,545,0
2022-09-02 14:22:00,545,545,545,545,0
2022-09-02 14:23:00,545,545,545,545,0
2022-09-02 14:24:00,545,545,545,545,0
2022-09-02 14:25:00,545,545,545,545,0
2022-09-02 14:26:00,545,545,545,545,3600
2022-09-02 14:27:00,545,545,545,545,0
2022-09-02 14:28:00,545,545,545,545,0
2022-09-02 14:29:00,545,545,545,545,0
2022-09-02 14:30:00,545,545,545,545,0
2022-09-02 14:31:00,545,545,545,545,0
2022-09-02 14:32:00,545,545,545,545,0
2022-09-02 14:33:00,545,545,545,545,0
2022-09-02 14:34:00,545,545,545,545,0
2022-09-02 14:35:00,545,545,545,545,0
2022-09-02 14:36:00,545,545,545,545,0
2022-09-02 14:37:00,545,545,545,545,0
2022-09-02 14:38:00,540,540,545,545,0
2022-09-02 14:39:00,540,540,545,545,0
2022-09-02 14:40:00,545,545,545,545,600
2022-09-02 14:41:00,545,545,545,545,0
2022-09-02 14:42:00,545,545,545,545,0
2022-09-02 14:43:00,545,545,545,545,0
2022-09-02 14:44:00,545,545,545,545,0
2022-09-02 14:45:00,545,545,545,545,0
2022-09-02 14:46:00,545,545,545,545,300
2022-09-02 14:47:00,545,545,545,545,500
2022-09-02 14:48:00,545,545,545,545,0
2022-09-02 14:49:00,545,545,545,545,200
2022-09-02 14:50:00,545,545,545,545,0
2022-09-02 14:51:00,545,545,545,545,0
2022-09-02 14:52:00,545,545,545,545,0
2022-09-02 14:53:00,545,545,545,545,0
2022-09-02 14:54:00,545,545,545,545,0
2022-09-02 14:55:00,545,545,545,545,0
2022-09-02 14:56:00,545,545,545,545,0
2022-09-02 14:57:00,545,545,545,545,0
2022-09-02 14:58:00,545,545,545,545,0
2022-09-02 14:59:00,545,545,545,545,0
2022-09-02 15:00:00,540,540,540,540,84100
2022-09-02 15:01:00,540,540,540,540,0
2022-09-02 15:02:00,540,540,540,540,0
2022-09-02 15:03:00,540,540,540,540,0
2022-09-02 15:04:00,540,540,540,540,0
2022-09-02 15:05:00,540,540,540,540,8200
2022-09-02 15:06:00,540,540,540,540,2000
2022-09-02 15:07:00,540,540,540,540,100
2022-09-02 15:08:00,540,540,540,540,0
2022-09-02 15:09:00,540,540,540,540,0
2022-09-02 15:10:00,540,540,540,540,0
2022-09-02 15:11:00,540,540,540,540,0
2022-09-02 15:12:00,540,540,540,540,0
2022-09-02 15:13:00,540,540,540,540,0
2022-09-02 15:14:00,540,540,540,540,0
2022-09-02 15:15:00,540,540,540,540,0
2022-09-02 15:16:00,540,540,540,540,0
2022-09-02 15:17:00,540,540,540,540,0
2022-09-02 15:18:00,540,540,540,540,0
2022-09-02 15:19:00,540,540,540,540,0
2022-09-02 15:20:00,540,540,540,540,0
2022-09-02 15:21:00,540,540,540,540,0
2022-09-02 15:22:00,540,540,540,540,0
2022-09-02 15:23:00,540,540,540,540,0
2022-09-02 15:24:00,540,540,540,540,0
2022-09-02 15:25:00,540,540,540,540,0
2022-09-02 15:26:00,540,540,540,540,0
2022-09-02 15:27:00,540,540,540,540,0
2022-09-02 15:28:00,540,540,540,540,0
2022-09-02 15:29:00,540,540,540,540,0
2022-09-02 15:30:00,540,540,540,540,0
2022-09-02 15:31:00,540,540,540,540,0
2022-09-02 15:32:00,540,540,540,540,0
2022-09-02 15:33:00,540,540,540,540,0
2022-09-02 15:34:00,540,540,540,540,0
2022-09-02 15:35:00,540,540,540,540,0
2022-09-02 15:36:00,540,540,540,540,0
2022-09-02 15:37:00,540,540,540,540,0
2022-09-02 15:38:00,540,540,540,540,0
2022-09-02 15:39:00,540,540,540,540,0
2022-09-02 15:40:00,540,540,540,540,0
2022-09-02 15:41:00,540,540,540,540,0
2022-09-02 15:42:00,540,540,540,540,0
2022-09-02 15:43:00,540,540,540,540,0
2022-09-02 15:44:00,540,540,540,540,0
2022-09-02 15:45:00,540,540,540,540,0
2022-09-02 15:46:00,540,540,540,540,0
2022-09-02 15:47:00,540,540,540,540,0
2022-09-02 15:48:00,540,540,540,540,0
2022-09-02 15:49:00,540,540,540,540,0
2022-09-02 15:50:00,540,540,540,540,0
2022-09-02 15:51:00,540,540,540,540,0
2022-09-02 15:52:00,540,540,540,540,0
2022-09-02 15:53:00,540,540,540,540,0
2022-09-02 15:54:00,540,540,540,540,0
2022-09-02 15:55:00,540,540,540,540,0
2022-09-02 15:56:00,540,540,540,540,0
2022-09-02 15:57:00,540,540,540,540,0
2022-09-02 15:58:00,540,540,540,540,0
2022-09-02 15:59:00,540,540,540,540,0
2022-09-05 09:00:00,515,510,520,515,0
2022-09-05 09:01:00,520,520,520,520,33100
2022-09-05 09:02:00,520,520,520,520,1500
2022-09-05 09:03:00,520,520,520,520,500
2022-09-05 09:04:00,520,520,520,520,0
2022-09-05 09:05:00,520,520,520,520,0
2022-09-05 09:06:00,515,515,515,515,35500
2022-09-05 09:07:00,520,520,520,520,100
2022-09-05 09:08:00,520,520,520,520,0
2022-09-05 09:09:00,520,520,520,520,0
2022-09-05 09:10:00,520,520,540,540,440700
2022-09-05 09:11:00,530,530,535,535,0
2022-09-05 09:12:00,530,530,530,530,800
2022-09-05 09:13:00,535,535,535,535,0
2022-09-05 09:14:00,535,535,535,535,0
2022-09-05 09:15:00,535,535,535,535,0
2022-09-05 09:16:00,535,535,535,535,0
2022-09-05 09:17:00,535,535,540,535,36100
2022-09-05 09:18:00,535,535,535,535,1000
2022-09-05 09:19:00,535,535,535,535,0
2022-09-05 09:20:00,535,535,535,535,0
2022-09-05 09:21:00,535,535,535,535,0
2022-09-05 09:22:00,535,535,535,535,0
2022-09-05 09:23:00,530,530,535,535,500
2022-09-05 09:24:00,530,530,535,535,0
2022-09-05 09:25:00,535,530,535,535,800
2022-09-05 09:26:00,535,535,540,535,50900
2022-09-05 09:27:00,535,535,535,535,5100
2022-09-05 09:28:00,535,535,535,535,900
2022-09-05 09:29:00,535,535,535,535,0
2022-09-05 09:30:00,535,535,535,535,300
2022-09-05 09:31:00,530,530,535,535,0
2022-09-05 09:32:00,535,535,535,535,3900
2022-09-05 09:33:00,535,535,535,535,0
2022-09-05 09:34:00,535,535,535,535,0
2022-09-05 09:35:00,535,530,545,540,216300
2022-09-05 09:36:00,540,540,540,540,2100
2022-09-05 09:37:00,540,540,540,540,500
2022-09-05 09:38:00,540,540,540,540,1400
2022-09-05 09:39:00,540,540,540,540,500
2022-09-05 09:40:00,540,540,540,540,4300
2022-09-05 09:41:00,545,545,545,545,700
2022-09-05 09:42:00,545,545,545,545,0
2022-09-05 09:43:00,545,545,550,545,41700
2022-09-05 09:44:00,545,545,545,545,1600
2022-09-05 09:45:00,545,545,545,545,2100
2022-09-05 09:46:00,545,545,545,545,0
2022-09-05 09:47:00,545,545,545,545,11200
2022-09-05 09:48:00,545,545,545,545,800
2022-09-05 09:49:00,550,550,550,550,1500
2022-09-05 09:50:00,545,545,545,545,4000
2022-09-05 09:51:00,545,545,545,545,900
2022-09-05 09:52:00,545,545,545,545,0
2022-09-05 09:53:00,545,545,545,545,500
2022-09-05 09:54:00,545,545,545,545,500
2022-09-05 09:55:00,545,545,545,545,0
2022-09-05 09:56:00,545,545,545,545,600
2022-09-05 09:57:00,545,545,545,545,2300
2022-09-05 09:58:00,545,545,545,545,100
2022-09-05 09:59:00,545,545,545,545,0
2022-09-05 10:00:00,545,545,545,545,0
2022-09-05 10:01:00,545,545,545,545,0
2022-09-05 10:02:00,545,545,545,545,0
2022-09-05 10:03:00,545,545,545,545,3100
2022-09-05 10:04:00,545,545,545,545,2000
2022-09-05 10:05:00,545,545,545,545,0
2022-09-05 10:06:00,545,545,545,545,0
2022-09-05 10:07:00,545,545,545,545,0
2022-09-05 10:08:00,545,545,555,550,149000
2022-09-05 10:09:00,555,550,555,550,2100
2022-09-05 10:10:00,550,550,550,550,1400
2022-09-05 10:11:00,550,545,555,550,2500
2022-09-05 10:12:00,545,545,550,550,700
2022-09-05 10:13:00,550,545,550,545,1000
2022-09-05 10:14:00,545,545,550,545,1400
2022-09-05 10:15:00,550,550,550,550,100
2022-09-05 10:16:00,550,550,550,550,3400
2022-09-05 10:17:00,550,550,555,550,2300
2022-09-05 10:18:00,550,550,555,550,1500
2022-09-05 10:19:00,555,550,555,555,1100
2022-09-05 10:20:00,550,550,555,550,4900
2022-09-05 10:21:00,555,550,555,555,600
2022-09-05 10:22:00,550,550,555,550,1800
2022-09-05 10:23:00,555,550,555,550,1100
2022-09-05 10:24:00,550,550,555,550,600
2022-09-05 10:25:00,550,550,555,550,0
2022-09-05 10:26:00,555,550,555,550,1800
2022-09-05 10:27:00,555,550,555,555,800
2022-09-05 10:28:00,550,550,555,550,4300
2022-09-05 10:29:00,555,550,555,550,1200
2022-09-05 10:30:00,550,550,550,550,2600
2022-09-05 10:31:00,545,540,550,550,1700
2022-09-05 10:32:00,545,540,550,550,0
2022-09-05 10:33:00,550,550,550,550,800
2022-09-05 10:34:00,550,550,550,550,0
2022-09-05 10:35:00,550,550,550,550,0
2022-09-05 10:36:00,545,545,550,550,1600
2022-09-05 10:37:00,545,545,550,550,600
2022-09-05 10:38:00,550,550,550,550,0
2022-09-05 10:39:00,545,545,545,545,1100
2022-09-05 10:40:00,550,550,550,550,400
2022-09-05 10:41:00,545,545,545,545,800
2022-09-05 10:42:00,550,545,550,550,1000
2022-09-05 10:43:00,550,540,550,540,1600
2022-09-05 10:44:00,545,545,550,550,700
2022-09-05 10:45:00,545,545,550,550,2200
2022-09-05 10:46:00,545,545,550,550,0
2022-09-05 10:47:00,550,550,550,550,200
2022-09-05 10:48:00,550,550,550,550,0
2022-09-05 10:49:00,545,545,545,545,1700
2022-09-05 10:50:00,545,545,550,550,300
2022-09-05 10:51:00,545,545,550,550,0
2022-09-05 10:52:00,545,545,550,550,0
2022-09-05 10:53:00,545,545,550,550,1100
2022-09-05 10:54:00,545,545,545,545,400
2022-09-05 10:55:00,545,545,545,545,0
2022-09-05 10:56:00,550,545,550,550,500
2022-09-05 10:57:00,545,545,550,550,1100
2022-09-05 10:58:00,545,545,545,545,400
2022-09-05 10:59:00,550,550,550,550,100
2022-09-05 11:00:00,550,550,550,550,0
2022-09-05 11:01:00,550,550,550,550,0
2022-09-05 11:02:00,550,550,550,550,0
2022-09-05 11:03:00,545,545,545,545,1700
2022-09-05 11:04:00,545,545,550,550,300
2022-09-05 11:05:00,545,545,550,550,0
2022-09-05 11:06:00,545,545,550,550,300
2022-09-05 11:07:00,545,545,550,550,0
2022-09-05 11:08:00,545,545,550,550,0
2022-09-05 11:09:00,545,545,545,545,1400
2022-09-05 11:10:00,550,550,550,550,100
2022-09-05 11:11:00,545,545,545,545,400
2022-09-05 11:12:00,550,550,550,550,100
2022-09-05 11:13:00,550,550,550,550,0
2022-09-05 11:14:00,545,545,550,550,700
2022-09-05 11:15:00,545,545,550,550,400
2022-09-05 11:16:00,545,545,550,550,0
2022-09-05 11:17:00,545,545,545,545,700
2022-09-05 11:18:00,550,550,550,550,100
2022-09-05 11:19:00,550,550,550,550,0
2022-09-05 11:20:00,545,545,550,550,400
2022-09-05 11:21:00,550,550,550,550,600
2022-09-05 11:22:00,550,545,550,550,8000
2022-09-05 11:23:00,550,550,550,550,55400
2022-09-05 11:24:00,550,550,550,550,0
2022-09-05 11:25:00,550,550,550,550,6600
2022-09-05 11:26:00,550,550,550,550,0
2022-09-05 11:27:00,545,545,550,550,800
2022-09-05 11:28:00,550,550,550,550,200
2022-09-05 11:29:00,550,550,550,550,47200
2022-09-05 11:30:00,550,550,550,550,0
2022-09-05 11:31:00,550,550,550,550,0
2022-09-05 11:32:00,550,550,550,550,0
2022-09-05 11:33:00,550,550,550,550,0
2022-09-05 11:34:00,550,550,550,550,0
2022-09-05 11:35:00,550,550,550,550,0
2022-09-05 11:36:00,550,550,550,550,0
2022-09-05 11:37:00,550,550,550,550,0
2022-09-05 11:38:00,550,550,550,550,0
2022-09-05 11:39:00,550,550,550,550,0
2022-09-05 11:40:00,550,550,550,550,0
2022-09-05 11:41:00,550,550,550,550,0
2022-09-05 11:42:00,550,550,550,550,0
2022-09-05 11:43:00,550,550,550,550,0
2022-09-05 11:44:00,550,550,550,550,0
2022-09-05 11:45:00,550,550,550,550,0
2022-09-05 11:46:00,550,550,550,550,0
2022-09-05 11:47:00,550,550,550,550,0
2022-09-05 11:48:00,550,550,550,550,0
2022-09-05 11:49:00,550,550,550,550,0
2022-09-05 11:50:00,550,550,550,550,0
2022-09-05 11:51:00,550,550,550,550,0
2022-09-05 11:52:00,550,550,550,550,0
2022-09-05 11:53:00,550,550,550,550,0
2022-09-05 11:54:00,550,550,550,550,0
2022-09-05 11:55:00,550,550,550,550,0
2022-09-05 11:56:00,550,550,550,550,0
2022-09-05 11:57:00,550,550,550,550,0
2022-09-05 11:58:00,550,550,550,550,0
2022-09-05 11:59:00,550,550,550,550,0
2022-09-05 12:00:00,550,550,550,550,0
2022-09-05 12:01:00,550,550,550,550,0
2022-09-05 12:02:00,550,550,550,550,0
2022-09-05 12:03:00,550,550,550,550,0
2022-09-05 12:04:00,550,550,550,550,0
2022-09-05 12:05:00,550,550,550,550,0
2022-09-05 12:06:00,550,550,550,550,0
2022-09-05 12:07:00,550,550,550,550,0
2022-09-05 12:08:00,550,550,550,550,0
2022-09-05 12:09:00,550,550,550,550,0
2022-09-05 12:10:00,550,550,550,550,0
2022-09-05 12:11:00,550,550,550,550,0
2022-09-05 12:12:00,550,550,550,550,0
2022-09-05 12:13:00,550,550,550,550,0
2022-09-05 12:14:00,550,550,550,550,0
2022-09-05 12:15:00,550,550,550,550,0
2022-09-05 12:16:00,550,550,550,550,0
2022-09-05 12:17:00,550,550,550,550,0
2022-09-05 12:18:00,550,550,550,550,0
2022-09-05 12:19:00,550,550,550,550,0
2022-09-05 12:20:00,550,550,550,550,0
2022-09-05 12:21:00,550,550,550,550,0
2022-09-05 12:22:00,550,550,550,550,0
2022-09-05 12:23:00,550,550,550,550,0
2022-09-05 12:24:00,550,550,550,550,0
2022-09-05 12:25:00,550,550,550,550,0
2022-09-05 12:26:00,550,550,550,550,0
2022-09-05 12:27:00,550,550,550,550,0
2022-09-05 12:28:00,550,550,550,550,0
2022-09-05 12:29:00,550,550,550,550,0
2022-09-05 12:30:00,550,550,550,550,0
2022-09-05 12:31:00,550,550,550,550,0
2022-09-05 12:32:00,550,550,550,550,0
2022-09-05 12:33:00,550,550,550,550,0
2022-09-05 12:34:00,550,550,550,550,0
2022-09-05 12:35:00,550,550,550,550,0
2022-09-05 12:36:00,550,550,550,550,0
2022-09-05 12:37:00,550,550,550,550,0
2022-09-05 12:38:00,550,550,550,550,0
2022-09-05 12:39:00,550,550,550,550,0
2022-09-05 12:40:00,550,550,550,550,0
2022-09-05 12:41:00,550,550,550,550,0
2022-09-05 12:42:00,550,550,550,550,0
2022-09-05 12:43:00,550,550,550,550,0
2022-09-05 12:44:00,550,550,550,550,0
2022-09-05 12:45:00,550,550,550,550,0
2022-09-05 12:46:00,550,550,550,550,0
2022-09-05 12:47:00,550,550,550,550,0
2022-09-05 12:48:00,550,550,550,550,0
2022-09-05 12:49:00,550,550,550,550,0
2022-09-05 12:50:00,550,550,550,550,0
2022-09-05 12:51:00,550,550,550,550,0
2022-09-05 12:52:00,550,550,550,550,0
2022-09-05 12:53:00,550,550,550,550,0
2022-09-05 12:54:00,550,550,550,550,0
2022-09-05 12:55:00,550,550,550,550,0
2022-09-05 12:56:00,550,550,550,550,0
2022-09-05 12:57:00,550,550,550,550,0
2022-09-05 12:58:00,550,550,550,550,0
2022-09-05 12:59:00,550,550,550,550,0
2022-09-05 13:00:00,550,550,550,550,0
2022-09-05 13:01:00,550,550,550,550,0
2022-09-05 13:02:00,550,550,550,550,0
2022-09-05 13:03:00,550,550,550,550,0
2022-09-05 13:04:00,550,550,550,550,0
2022-09-05 13:05:00,550,550,550,550,0
2022-09-05 13:06:00,550,550,550,550,0
2022-09-05 13:07:00,550,550,550,550,0
2022-09-05 13:08:00,550,550,550,550,0
2022-09-05 13:09:00,550,550,550,550,0
2022-09-05 13:10:00,550,550,550,550,0
2022-09-05 13:11:00,550,550,550,550,0
2022-09-05 13:12:00,550,550,550,550,0
2022-09-05 13:13:00,550,550,550,550,0
2022-09-05 13:14:00,550,550,550,550,0
2022-09-05 13:15:00,550,550,550,550,0
2022-09-05 13:16:00,550,550,550,550,0
2022-09-05 13:17:00,550,550,550,550,0
2022-09-05 13:18:00,550,550,550,550,0
2022-09-05 13:19:00,550,550,550,550,0
2022-09-05 13:20:00,550,550,550,550,0
2022-09-05 13:21:00,550,550,550,550,0
2022-09-05 13:22:00,550,550,550,550,0
2022-09-05 13:23:00,550,550,550,550,0
2022-09-05 13:24:00,550,550,550,550,0
2022-09-05 13:25:00,550,550,550,550,0
2022-09-05 13:26:00,550,550,550,550,0
2022-09-05 13:27:00,550,550,550,550,0
2022-09-05 13:28:00,550,550,550,550,0
2022-09-05 13:29:00,550,550,550,550,0
2022-09-05 13:30:00,550,550,550,550,48100
2022-09-05 13:31:00,550,550,550,550,0
2022-09-05 13:32:00,550,550,550,550,0
2022-09-05 13:33:00,550,550,550,550,0
2022-09-05 13:34:00,550,550,550,550,0
2022-09-05 13:35:00,550,550,550,550,200
2022-09-05 13:36:00,550,550,550,550,0
2022-09-05 13:37:00,550,550,550,550,0
2022-09-05 13:38:00,550,550,550,550,0
2022-09-05 13:39:00,550,550,550,550,0
2022-09-05 13:40:00,550,550,550,550,0
2022-09-05 13:41:00,550,550,550,550,0
2022-09-05 13:42:00,550,550,550,550,1100
2022-09-05 13:43:00,550,550,550,550,0
2022-09-05 13:44:00,550,550,550,550,0
2022-09-05 13:45:00,550,550,550,550,0
2022-09-05 13:46:00,550,550,550,550,0
2022-09-05 13:47:00,550,550,550,550,1100
2022-09-05 13:48:00,550,550,550,550,0
2022-09-05 13:49:00,550,550,550,550,0
2022-09-05 13:50:00,550,550,550,550,0
2022-09-05 13:51:00,550,550,550,550,0
2022-09-05 13:52:00,550,550,550,550,0
2022-09-05 13:53:00,550,550,550,550,1000
2022-09-05 13:54:00,550,550,550,550,0
2022-09-05 13:55:00,550,550,550,550,0
2022-09-05 13:56:00,550,550,550,550,200
2022-09-05 13:57:00,550,550,550,550,0
2022-09-05 13:58:00,550,550,550,550,0
2022-09-05 13:59:00,550,550,550,550,0
2022-09-05 14:00:00,550,550,550,550,900
2022-09-05 14:01:00,550,550,550,550,0
2022-09-05 14:02:00,550,550,550,550,1100
2022-09-05 14:03:00,550,550,550,550,0
2022-09-05 14:04:00,550,550,550,550,0
2022-09-05 14:05:00,550,550,550,550,300
2022-09-05 14:06:00,550,550,550,550,0
2022-09-05 14:07:00,550,550,550,550,0
2022-09-05 14:08:00,550,550,550,550,5000
2022-09-05 14:09:00,545,545,550,550,4600
2022-09-05 14:10:00,545,545,550,550,0
2022-09-05 14:11:00,545,545,550,550,0
2022-09-05 14:12:00,545,545,550,550,0
2022-09-05 14:13:00,545,545,550,550,0
2022-09-05 14:14:00,545,545,550,550,0
2022-09-05 14:15:00,545,545,550,550,0
2022-09-05 14:16:00,545,545,550,550,0
2022-09-05 14:17:00,545,545,550,550,0
2022-09-05 14:18:00,550,550,550,550,300
2022-09-05 14:19:00,550,550,550,550,8800
2022-09-05 14:20:00,550,550,550,550,0
2022-09-05 14:21:00,545,545,550,550,0
2022-09-05 14:22:00,545,545,550,550,0
2022-09-05 14:23:00,545,545,550,550,0
2022-09-05 14:24:00,545,545,550,550,0
2022-09-05 14:25:00,550,550,550,550,2000
2022-09-05 14:26:00,550,550,550,550,9200
2022-09-05 14:27:00,550,550,550,550,9900
2022-09-05 14:28:00,550,550,550,550,0
2022-09-05 14:29:00,550,550,550,550,0
2022-09-05 14:30:00,550,550,550,550,0
2022-09-05 14:31:00,550,550,550,550,0
2022-09-05 14:32:00,550,550,550,550,0
2022-09-05 14:33:00,550,550,550,550,0
2022-09-05 14:34:00,550,550,550,550,0
2022-09-05 14:35:00,550,550,550,550,0
2022-09-05 14:36:00,550,550,550,550,0
2022-09-05 14:37:00,550,550,550,550,0
2022-09-05 14:38:00,550,550,550,550,0
2022-09-05 14:39:00,550,550,550,550,0
2022-09-05 14:40:00,550,550,550,550,0
2022-09-05 14:41:00,550,550,550,550,0
2022-09-05 14:42:00,545,545,550,550,2300
2022-09-05 14:43:00,545,545,550,550,0
2022-09-05 14:44:00,550,550,550,550,500
2022-09-05 14:45:00,550,550,550,550,76600
2022-09-05 14:46:00,550,550,550,550,0
2022-09-05 14:47:00,550,550,550,550,0
2022-09-05 14:48:00,550,550,550,550,500
2022-09-05 14:49:00,550,550,555,555,22600
2022-09-05 14:50:00,550,550,555,555,0
2022-09-05 14:51:00,550,550,555,555,0
2022-09-05 14:52:00,550,550,555,555,0
2022-09-05 14:53:00,550,550,555,555,0
2022-09-05 14:54:00,550,550,555,555,0
2022-09-05 14:55:00,550,550,555,555,0
2022-09-05 14:56:00,550,550,555,555,0
2022-09-05 14:57:00,550,550,555,555,0
2022-09-05 14:58:00,550,550,555,555,0
2022-09-05 14:59:00,550,550,555,555,0
2022-09-05 15:00:00,555,555,555,555,88100
2022-09-05 15:01:00,555,555,555,555,0
2022-09-05 15:02:00,555,555,555,555,0
2022-09-05 15:03:00,555,555,555,555,0
2022-09-05 15:04:00,555,555,555,555,0
2022-09-05 15:05:00,555,555,555,555,0
2022-09-05 15:06:00,555,555,555,555,5000
2022-09-05 15:07:00,555,555,555,555,0
2022-09-05 15:08:00,555,555,555,555,0
2022-09-05 15:09:00,555,555,555,555,0
2022-09-05 15:10:00,555,555,555,555,0
2022-09-05 15:11:00,555,555,555,555,0
2022-09-05 15:12:00,555,555,555,555,0
2022-09-05 15:13:00,555,555,555,555,0
2022-09-05 15:14:00,555,555,555,555,0
2022-09-05 15:15:00,555,555,555,555,0
2022-09-05 15:16:00,555,555,555,555,0
2022-09-05 15:17:00,555,555,555,555,0
2022-09-05 15:18:00,555,555,555,555,0
2022-09-05 15:19:00,555,555,555,555,0
2022-09-05 15:20:00,555,555,555,555,0
2022-09-05 15:21:00,555,555,555,555,0
2022-09-05 15:22:00,555,555,555,555,0
2022-09-05 15:23:00,555,555,555,555,0
2022-09-05 15:24:00,555,555,555,555,0
2022-09-05 15:25:00,555,555,555,555,0
2022-09-05 15:26:00,555,555,555,555,0
2022-09-05 15:27:00,555,555,555,555,0
2022-09-05 15:28:00,555,555,555,555,0
2022-09-05 15:29:00,555,555,555,555,0
2022-09-05 15:30:00,555,555,555,555,0
2022-09-05 15:31:00,555,555,555,555,0
2022-09-05 15:32:00,555,555,555,555,0
2022-09-05 15:33:00,555,555,555,555,0
2022-09-05 15:34:00,555,555,555,555,0
2022-09-05 15:35:00,555,555,555,555,0
2022-09-05 15:36:00,555,555,555,555,0
2022-09-05 15:37:00,555,555,555,555,0
2022-09-05 15:38:00,555,555,555,555,0
2022-09-05 15:39:00,555,555,555,555,0
2022-09-05 15:40:00,555,555,555,555,0
2022-09-05 15:41:00,555,555,555,555,0
2022-09-05 15:42:00,555,555,555,555,0
2022-09-05 15:43:00,555,555,555,555,0
2022-09-05 15:44:00,555,555,555,555,0
2022-09-05 15:45:00,555,555,555,555,0
2022-09-05 15:46:00,555,555,555,555,0
2022-09-05 15:47:00,555,555,555,555,0
2022-09-05 15:48:00,555,555,555,555,0
2022-09-05 15:49:00,555,555,555,555,0
2022-09-05 15:50:00,555,555,555,555,0
2022-09-05 15:51:00,555,555,555,555,0
2022-09-05 15:52:00,555,555,555,555,0
2022-09-05 15:53:00,555,555,555,555,0
2022-09-05 15:54:00,555,555,555,555,0
2022-09-05 15:55:00,555,555,555,555,0
2022-09-05 15:56:00,555,555,555,555,0
2022-09-05 15:57:00,555,555,555,555,0
2022-09-05 15:58:00,555,555,555,555,0
2022-09-05 15:59:00,555,555,555,555,0
2022-09-06 09:00:00,555,555,555,555,200
2022-09-06 09:01:00,555,555,555,555,0
2022-09-06 09:02:00,555,555,555,555,3900
2022-09-06 09:03:00,555,555,555,555,0
2022-09-06 09:04:00,555,555,555,555,0
2022-09-06 09:05:00,555,555,555,555,69700
2022-09-06 09:06:00,555,555,555,555,0
2022-09-06 09:07:00,555,555,555,555,1000
2022-09-06 09:08:00,555,555,555,555,200
2022-09-06 09:09:00,555,555,555,555,0
2022-09-06 09:10:00,555,555,555,555,0
2022-09-06 09:11:00,550,550,555,555,600
2022-09-06 09:12:00,550,550,555,555,0
2022-09-06 09:13:00,550,550,555,555,0
2022-09-06 09:14:00,550,550,555,555,0
2022-09-06 09:15:00,550,550,555,555,0
2022-09-06 09:16:00,550,550,555,555,0
2022-09-06 09:17:00,550,550,555,555,0
2022-09-06 09:18:00,550,550,555,555,0
2022-09-06 09:19:00,550,550,555,555,0
2022-09-06 09:20:00,550,550,555,555,0
2022-09-06 09:21:00,550,550,555,555,0
2022-09-06 09:22:00,550,550,555,555,0
2022-09-06 09:23:00,550,550,555,555,0
2022-09-06 09:24:00,550,550,555,555,0
2022-09-06 09:25:00,555,555,555,555,300
2022-09-06 09:26:00,555,555,555,555,0
2022-09-06 09:27:00,550,550,555,555,5100
2022-09-06 09:28:00,550,550,555,555,0
2022-09-06 09:29:00,550,550,555,555,0
2022-09-06 09:30:00,550,550,555,555,0
2022-09-06 09:31:00,550,550,555,555,0
2022-09-06 09:32:00,550,550,555,555,0
2022-09-06 09:33:00,550,550,555,555,0
2022-09-06 09:34:00,550,550,555,555,0
2022-09-06 09:35:00,550,550,555,555,0
2022-09-06 09:36:00,550,550,555,555,20100
2022-09-06 09:37:00,550,550,555,555,0
2022-09-06 09:38:00,550,550,555,555,0
2022-09-06 09:39:00,550,550,555,555,0
2022-09-06 09:40:00,550,550,555,555,0
2022-09-06 09:41:00,550,550,555,555,0
2022-09-06 09:42:00,550,550,555,555,0
2022-09-06 09:43:00,550,550,555,555,0
2022-09-06 09:44:00,550,550,555,555,0
2022-09-06 09:45:00,550,550,555,555,0
2022-09-06 09:46:00,550,550,555,555,0
2022-09-06 09:47:00,550,550,555,555,0
2022-09-06 09:48:00,550,550,555,555,0
2022-09-06 09:49:00,550,550,555,555,0
2022-09-06 09:50:00,550,550,555,555,0
2022-09-06 09:51:00,550,550,555,555,0
2022-09-06 09:52:00,550,550,555,555,0
2022-09-06 09:53:00,550,550,555,555,0
2022-09-06 09:54:00,550,550,555,555,0
2022-09-06 09:55:00,555,555,555,555,400
2022-09-06 09:56:00,555,555,555,555,0
2022-09-06 09:57:00,555,555,555,555,0
2022-09-06 09:58:00,555,555,555,555,0
2022-09-06 09:59:00,555,555,555,555,0
2022-09-06 10:00:00,555,555,555,555,0
2022-09-06 10:01:00,555,555,555,555,0
2022-09-06 10:02:00,555,555,555,555,1000
2022-09-06 10:03:00,555,555,555,555,0
2022-09-06 10:04:00,555,555,555,555,0
2022-09-06 10:05:00,555,555,555,555,0
2022-09-06 10:06:00,555,555,555,555,0
2022-09-06 10:07:00,555,555,555,555,0
2022-09-06 10:08:00,550,550,555,555,11300
2022-09-06 10:09:00,550,550,555,555,0
2022-09-06 10:10:00,550,550,555,555,500
2022-09-06 10:11:00,550,550,555,555,0
2022-09-06 10:12:00,555,555,555,555,200
2022-09-06 10:13:00,555,555,555,555,0
2022-09-06 10:14:00,555,555,555,555,0
2022-09-06 10:15:00,555,555,555,555,0
2022-09-06 10:16:00,555,555,555,555,0
2022-09-06 10:17:00,555,555,555,555,0
2022-09-06 10:18:00,555,555,555,555,0
2022-09-06 10:19:00,555,555,555,555,0
2022-09-06 10:20:00,555,555,555,555,0
2022-09-06 10:21:00,555,555,555,555,0
2022-09-06 10:22:00,555,555,555,555,0
2022-09-06 10:23:00,555,555,555,555,0
2022-09-06 10:24:00,555,555,555,555,0
2022-09-06 10:25:00,555,555,555,555,0
2022-09-06 10:26:00,555,555,555,555,0
2022-09-06 10:27:00,555,555,555,555,0
2022-09-06 10:28:00,555,555,555,555,0
2022-09-06 10:29:00,555,555,555,555,0
2022-09-06 10:30:00,555,555,555,555,0
2022-09-06 10:31:00,555,555,555,555,0
2022-09-06 10:32:00,555,555,555,555,0
2022-09-06 10:33:00,555,555,555,555,0
2022-09-06 10:34:00,555,555,555,555,0
2022-09-06 10:35:00,555,555,555,555,0
2022-09-06 10:36:00,555,555,555,555,0
2022-09-06 10:37:00,555,555,555,555,0
2022-09-06 10:38:00,555,555,555,555,0
2022-09-06 10:39:00,555,555,555,555,0
2022-09-06 10:40:00,555,555,555,555,0
2022-09-06 10:41:00,555,555,555,555,0
2022-09-06 10:42:00,555,555,555,555,0
2022-09-06 10:43:00,555,555,555,555,0
2022-09-06 10:44:00,555,555,555,555,0
2022-09-06 10:45:00,555,555,555,555,0
2022-09-06 10:46:00,555,555,555,555,0
2022-09-06 10:47:00,555,555,555,555,0
2022-09-06 10:48:00,555,555,555,555,0
2022-09-06 10:49:00,555,555,555,555,0
2022-09-06 10:50:00,555,555,555,555,0
2022-09-06 10:51:00,555,555,555,555,0
2022-09-06 10:52:00,555,555,555,555,0
2022-09-06 10:53:00,555,555,555,555,0
2022-09-06 10:54:00,555,555,555,555,0
2022-09-06 10:55:00,550,550,555,555,700
2022-09-06 10:56:00,550,550,555,555,0
2022-09-06 10:57:00,550,550,555,555,0
2022-09-06 10:58:00,550,550,555,555,1100
2022-09-06 10:59:00,550,550,555,555,1300
2022-09-06 11:00:00,555,555,555,555,100
2022-09-06 11:01:00,550,550,550,550,400
2022-09-06 11:02:00,555,555,555,555,300
2022-09-06 11:03:00,555,555,555,555,0
2022-09-06 11:04:00,555,555,555,555,0
2022-09-06 11:05:00,555,555,555,555,0
2022-09-06 11:06:00,555,555,555,555,0
2022-09-06 11:07:00,555,555,555,555,0
2022-09-06 11:08:00,555,555,555,555,0
2022-09-06 11:09:00,555,555,555,555,0
2022-09-06 11:10:00,555,555,555,555,0
2022-09-06 11:11:00,555,555,555,555,0
2022-09-06 11:12:00,555,555,555,555,0
2022-09-06 11:13:00,555,555,555,555,0
2022-09-06 11:14:00,555,555,555,555,0
2022-09-06 11:15:00,555,555,555,555,0
2022-09-06 11:16:00,555,555,555,555,0
2022-09-06 11:17:00,555,555,555,555,0
2022-09-06 11:18:00,555,555,555,555,0
2022-09-06 11:19:00,555,555,555,555,0
2022-09-06 11:20:00,555,555,555,555,0
2022-09-06 11:21:00,550,550,555,555,1000
2022-09-06 11:22:00,550,550,555,555,0
2022-09-06 11:23:00,550,550,555,555,0
2022-09-06 11:24:00,550,550,555,555,0
2022-09-06 11:25:00,550,550,555,555,0
2022-09-06 11:26:00,550,550,555,555,0
2022-09-06 11:27:00,550,550,555,555,0
2022-09-06 11:28:00,550,550,555,555,0
2022-09-06 11:29:00,555,555,555,555,500
2022-09-06 11:30:00,555,555,555,555,0
2022-09-06 11:31:00,555,555,555,555,0
2022-09-06 11:32:00,555,555,555,555,0
2022-09-06 11:33:00,555,555,555,555,0
2022-09-06 11:34:00,555,555,555,555,0
2022-09-06 11:35:00,555,555,555,555,0
2022-09-06 11:36:00,555,555,555,555,0
2022-09-06 11:37:00,555,555,555,555,0
2022-09-06 11:38:00,555,555,555,555,0
2022-09-06 11:39:00,555,555,555,555,0
2022-09-06 11:40:00,555,555,555,555,0
2022-09-06 11:41:00,555,555,555,555,0
2022-09-06 11:42:00,555,555,555,555,0
2022-09-06 11:43:00,555,555,555,555,0
2022-09-06 11:44:00,555,555,555,555,0
2022-09-06 11:45:00,555,555,555,555,0
2022-09-06 11:46:00,555,555,555,555,0
2022-09-06 11:47:00,555,555,555,555,0
2022-09-06 11:48:00,555,555,555,555,0
2022-09-06 11:49:00,555,555,555,555,0
2022-09-06 11:50:00,555,555,555,555,0
2022-09-06 11:51:00,555,555,555,555,0
2022-09-06 11:52:00,555,555,555,555,0
2022-09-06 11:53:00,555,555,555,555,0
2022-09-06 11:54:00,555,555,555,555,0
2022-09-06 11:55:00,555,555,555,555,0
2022-09-06 11:56:00,555,555,555,555,0
2022-09-06 11:57:00,555,555,555,555,0
2022-09-06 11:58:00,555,555,555,555,0
2022-09-06 11:59:00,555,555,555,555,0
2022-09-06 12:00:00,555,555,555,555,0
2022-09-06 12:01:00,555,555,555,555,0
2022-09-06 12:02:00,555,555,555,555,0
2022-09-06 12:03:00,555,555,555,555,0
2022-09-06 12:04:00,555,555,555,555,0
2022-09-06 12:05:00,555,555,555,555,0
2022-09-06 12:06:00,555,555,555,555,0
2022-09-06 12:07:00,555,555,555,555,0
2022-09-06 12:08:00,555,555,555,555,0
2022-09-06 12:09:00,555,555,555,555,0
2022-09-06 12:10:00,555,555,555,555,0
2022-09-06 12:11:00,555,555,555,555,0
2022-09-06 12:12:00,555,555,555,555,0
2022-09-06 12:13:00,555,555,555,555,0
2022-09-06 12:14:00,555,555,555,555,0
2022-09-06 12:15:00,555,555,555,555,0
2022-09-06 12:16:00,555,555,555,555,0
2022-09-06 12:17:00,555,555,555,555,0
2022-09-06 12:18:00,555,555,555,555,0
2022-09-06 12:19:00,555,555,555,555,0
2022-09-06 12:20:00,555,555,555,555,0
2022-09-06 12:21:00,555,555,555,555,0
2022-09-06 12:22:00,555,555,555,555,0
2022-09-06 12:23:00,555,555,555,555,0
2022-09-06 12:24:00,555,555,555,555,0
2022-09-06 12:25:00,555,555,555,555,0
2022-09-06 12:26:00,555,555,555,555,0
2022-09-06 12:27:00,555,555,555,555,0
2022-09-06 12:28:00,555,555,555,555,0
2022-09-06 12:29:00,555,555,555,555,0
2022-09-06 12:30:00,555,555,555,555,0
2022-09-06 12:31:00,555,555,555,555,0
2022-09-06 12:32:00,555,555,555,555,0
2022-09-06 12:33:00,555,555,555,555,0
2022-09-06 12:34:00,555,555,555,555,0
2022-09-06 12:35:00,555,555,555,555,0
2022-09-06 12:36:00,555,555,555,555,0
2022-09-06 12:37:00,555,555,555,555,0
2022-09-06 12:38:00,555,555,555,555,0
2022-09-06 12:39:00,555,555,555,555,0
2022-09-06 12:40:00,555,555,555,555,0
2022-09-06 12:41:00,555,555,555,555,0
2022-09-06 12:42:00,555,555,555,555,0
2022-09-06 12:43:00,555,555,555,555,0
2022-09-06 12:44:00,555,555,555,555,0
2022-09-06 12:45:00,555,555,555,555,0
2022-09-06 12:46:00,555,555,555,555,0
2022-09-06 12:47:00,555,555,555,555,0
2022-09-06 12:48:00,555,555,555,555,0
2022-09-06 12:49:00,555,555,555,555,0
2022-09-06 12:50:00,555,555,555,555,0
2022-09-06 12:51:00,555,555,555,555,0
2022-09-06 12:52:00,555,555,555,555,0
2022-09-06 12:53:00,555,555,555,555,0
2022-09-06 12:54:00,555,555,555,555,0
2022-09-06 12:55:00,555,555,555,555,0
2022-09-06 12:56:00,555,555,555,555,0
2022-09-06 12:57:00,555,555,555,555,0
2022-09-06 12:58:00,555,555,555,555,0
2022-09-06 12:59:00,555,555,555,555,0
2022-09-06 13:00:00,555,555,555,555,0
2022-09-06 13:01:00,555,555,555,555,0
2022-09-06 13:02:00,555,555,555,555,0
2022-09-06 13:03:00,555,555,555,555,0
2022-09-06 13:04:00,555,555,555,555,0
2022-09-06 13:05:00,555,555,555,555,0
2022-09-06 13:06:00,555,555,555,555,0
2022-09-06 13:07:00,555,555,555,555,0
2022-09-06 13:08:00,555,555,555,555,0
2022-09-06 13:09:00,555,555,555,555,0
2022-09-06 13:10:00,555,555,555,555,0
2022-09-06 13:11:00,555,555,555,555,0
2022-09-06 13:12:00,555,555,555,555,0
2022-09-06 13:13:00,555,555,555,555,0
2022-09-06 13:14:00,555,555,555,555,0
2022-09-06 13:15:00,555,555,555,555,0
2022-09-06 13:16:00,555,555,555,555,0
2022-09-06 13:17:00,555,555,555,555,0
2022-09-06 13:18:00,555,555,555,555,0
2022-09-06 13:19:00,555,555,555,555,0
2022-09-06 13:20:00,555,555,555,555,0
2022-09-06 13:21:00,555,555,555,555,0
2022-09-06 13:22:00,555,555,555,555,0
2022-09-06 13:23:00,555,555,555,555,0
2022-09-06 13:24:00,555,555,555,555,0
2022-09-06 13:25:00,555,555,555,555,0
2022-09-06 13:26:00,555,555,555,555,0
2022-09-06 13:27:00,555,555,555,555,0
2022-09-06 13:28:00,555,555,555,555,0
2022-09-06 13:29:00,555,555,555,555,0
2022-09-06 13:30:00,550,550,555,555,1400
2022-09-06 13:31:00,550,550,555,555,0
2022-09-06 13:32:00,550,550,555,555,0
2022-09-06 13:33:00,555,555,555,555,0
2022-09-06 13:34:00,555,555,555,555,0
2022-09-06 13:35:00,555,555,555,555,0
2022-09-06 13:36:00,555,555,555,555,300
2022-09-06 13:37:00,555,555,555,555,0
2022-09-06 13:38:00,555,555,555,555,0
2022-09-06 13:39:00,555,555,555,555,0
2022-09-06 13:40:00,555,555,555,555,0
2022-09-06 13:41:00,555,555,555,555,0
2022-09-06 13:42:00,555,555,555,555,0
2022-09-06 13:43:00,555,555,555,555,0
2022-09-06 13:44:00,555,555,555,555,0
2022-09-06 13:45:00,555,555,555,555,0
2022-09-06 13:46:00,555,555,555,555,0
2022-09-06 13:47:00,555,555,555,555,0
2022-09-06 13:48:00,555,555,555,555,0
2022-09-06 13:49:00,555,555,555,555,300
2022-09-06 13:50:00,555,555,555,555,0
2022-09-06 13:51:00,555,555,555,555,0
2022-09-06 13:52:00,555,555,555,555,0
2022-09-06 13:53:00,555,555,555,555,0
2022-09-06 13:54:00,555,555,555,555,0
2022-09-06 13:55:00,555,555,555,555,0
2022-09-06 13:56:00,555,555,555,555,0
2022-09-06 13:57:00,555,555,555,555,0
2022-09-06 13:58:00,555,555,555,555,0
2022-09-06 13:59:00,555,555,555,555,1300
2022-09-06 14:00:00,555,555,555,555,0
2022-09-06 14:01:00,555,555,555,555,0
2022-09-06 14:02:00,555,555,555,555,0
2022-09-06 14:03:00,555,555,555,555,0
2022-09-06 14:04:00,550,550,555,555,100
2022-09-06 14:05:00,550,550,555,555,0
2022-09-06 14:06:00,550,550,555,555,0
2022-09-06 14:07:00,550,550,555,555,10800
2022-09-06 14:08:00,550,550,555,555,0
2022-09-06 14:09:00,550,550,550,550,14800
2022-09-06 14:10:00,550,550,550,550,0
2022-09-06 14:11:00,550,550,550,550,0
2022-09-06 14:12:00,550,550,550,550,0
2022-09-06 14:13:00,550,550,550,550,0
2022-09-06 14:14:00,550,550,550,550,0
2022-09-06 14:15:00,550,550,550,550,0
2022-09-06 14:16:00,550,550,550,550,0
2022-09-06 14:17:00,550,550,550,550,0
2022-09-06 14:18:00,550,550,550,550,0
2022-09-06 14:19:00,550,550,550,550,0
2022-09-06 14:20:00,550,550,550,550,0
2022-09-06 14:21:00,550,550,550,550,0
2022-09-06 14:22:00,550,550,550,550,0
2022-09-06 14:23:00,550,550,550,550,0
2022-09-06 14:24:00,550,550,550,550,0
2022-09-06 14:25:00,550,550,550,550,0
2022-09-06 14:26:00,550,550,550,550,0
2022-09-06 14:27:00,545,545,550,550,2000
2022-09-06 14:28:00,545,545,550,550,0
2022-09-06 14:29:00,545,545,550,550,0
2022-09-06 14:30:00,545,545,550,550,0
2022-09-06 14:31:00,550,550,550,550,200
2022-09-06 14:32:00,550,550,550,550,0
2022-09-06 14:33:00,550,550,550,550,0
2022-09-06 14:34:00,550,550,550,550,0
2022-09-06 14:35:00,550,550,550,550,1100
2022-09-06 14:36:00,550,550,550,550,0
2022-09-06 14:37:00,550,550,550,550,0
2022-09-06 14:38:00,550,550,550,550,0
2022-09-06 14:39:00,550,550,550,550,0
2022-09-06 14:40:00,550,550,550,550,0
2022-09-06 14:41:00,550,550,550,550,0
2022-09-06 14:42:00,550,550,550,550,0
2022-09-06 14:43:00,550,550,550,550,0
2022-09-06 14:44:00,545,545,545,545,38700
2022-09-06 14:45:00,540,540,550,550,3000
2022-09-06 14:46:00,545,545,550,550,500
2022-09-06 14:47:00,545,545,550,550,1500
2022-09-06 14:48:00,545,545,550,550,700
2022-09-06 14:49:00,545,545,550,550,1900
2022-09-06 14:50:00,545,545,550,550,0
2022-09-06 14:51:00,545,545,550,550,0
2022-09-06 14:52:00,545,545,550,550,0
2022-09-06 14:53:00,545,545,550,550,0
2022-09-06 14:54:00,545,545,550,550,0
2022-09-06 14:55:00,545,545,550,550,0
2022-09-06 14:56:00,545,545,550,550,0
2022-09-06 14:57:00,545,545,550,550,0
2022-09-06 14:58:00,545,545,550,550,0
2022-09-06 14:59:00,545,545,550,550,0
2022-09-06 15:00:00,550,550,550,550,0
2022-09-06 15:01:00,550,550,550,550,0
2022-09-06 15:02:00,550,550,550,550,0
2022-09-06 15:03:00,550,550,550,550,0
2022-09-06 15:04:00,550,550,550,550,0
2022-09-06 15:05:00,550,550,550,550,0
2022-09-06 15:06:00,550,550,550,550,0
2022-09-06 15:07:00,550,550,550,550,0
2022-09-06 15:08:00,550,550,550,550,0
2022-09-06 15:09:00,550,550,550,550,0
2022-09-06 15:10:00,550,550,550,550,0
2022-09-06 15:11:00,550,550,550,550,0
2022-09-06 15:12:00,550,550,550,550,0
2022-09-06 15:13:00,550,550,550,550,0
2022-09-06 15:14:00,550,550,550,550,0
2022-09-06 15:15:00,550,550,550,550,0
2022-09-06 15:16:00,550,550,550,550,0
2022-09-06 15:17:00,550,550,550,550,0
2022-09-06 15:18:00,550,550,550,550,0
2022-09-06 15:19:00,550,550,550,550,0
2022-09-06 15:20:00,550,550,550,550,0
2022-09-06 15:21:00,550,550,550,550,0
2022-09-06 15:22:00,550,550,550,550,0
2022-09-06 15:23:00,550,550,550,550,0
2022-09-06 15:24:00,550,550,550,550,0
2022-09-06 15:25:00,550,550,550,550,0
2022-09-06 15:26:00,550,550,550,550,0
2022-09-06 15:27:00,550,550,550,550,0
2022-09-06 15:28:00,550,550,550,550,0
2022-09-06 15:29:00,550,550,550,550,0
2022-09-06 15:30:00,550,550,550,550,0
2022-09-06 15:31:00,550,550,550,550,0
2022-09-06 15:32:00,550,550,550,550,0
2022-09-06 15:33:00,550,550,550,550,0
2022-09-06 15:34:00,550,550,550,550,0
2022-09-06 15:35:00,550,550,550,550,0
2022-09-06 15:36:00,550,550,550,550,0
2022-09-06 15:37:00,550,550,550,550,0
2022-09-06 15:38:00,550,550,550,550,0
2022-09-06 15:39:00,550,550,550,550,0
2022-09-06 15:40:00,550,550,550,550,0
2022-09-06 15:41:00,550,550,550,550,0
2022-09-06 15:42:00,550,550,550,550,0
2022-09-06 15:43:00,550,550,550,550,0
2022-09-06 15:44:00,550,550,550,550,0
2022-09-06 15:45:00,550,550,550,550,0
2022-09-06 15:46:00,550,550,550,550,0
2022-09-06 15:47:00,550,550,550,550,0
2022-09-06 15:48:00,550,550,550,550,0
2022-09-06 15:49:00,550,550,550,550,0
2022-09-06 15:50:00,550,550,550,550,0
2022-09-06 15:51:00,550,550,550,550,0
2022-09-06 15:52:00,550,550,550,550,0
2022-09-06 15:53:00,550,550,550,550,0
2022-09-06 15:54:00,550,550,550,550,0
2022-09-06 15:55:00,550,550,550,550,0
2022-09-06 15:56:00,550,550,550,550,0
2022-09-06 15:57:00,550,550,550,550,0
2022-09-06 15:58:00,550,550,550,550,0
2022-09-06 15:59:00,550,550,550,550,0
2022-09-07 09:00:00,550,550,550,550,4900
2022-09-07 09:01:00,550,550,550,550,9700
2022-09-07 09:02:00,550,550,550,550,0
2022-09-07 09:03:00,550,550,550,550,0
2022-09-07 09:04:00,550,545,550,550,2600
2022-09-07 09:05:00,545,545,550,550,500
2022-09-07 09:06:00,550,550,550,550,300
2022-09-07 09:07:00,545,545,550,550,700
2022-09-07 09:08:00,545,545,550,550,0
2022-09-07 09:09:00,545,545,545,545,10100
2022-09-07 09:10:00,545,545,545,545,3000
2022-09-07 09:11:00,540,540,540,540,0
2022-09-07 09:12:00,550,545,550,550,15700
2022-09-07 09:13:00,545,545,550,550,700
2022-09-07 09:14:00,545,545,550,550,1400
2022-09-07 09:15:00,550,550,550,550,5800
2022-09-07 09:16:00,550,550,550,550,300
2022-09-07 09:17:00,550,545,550,545,27400
2022-09-07 09:18:00,545,545,545,545,500
2022-09-07 09:19:00,545,545,545,545,35400
2022-09-07 09:20:00,545,545,545,545,0
2022-09-07 09:21:00,545,545,545,545,0
2022-09-07 09:22:00,545,545,545,545,0
2022-09-07 09:23:00,545,545,545,545,0
2022-09-07 09:24:00,540,535,550,550,97700
2022-09-07 09:25:00,545,545,550,550,0
2022-09-07 09:26:00,545,545,550,550,0
2022-09-07 09:27:00,545,545,550,550,0
2022-09-07 09:28:00,545,545,550,550,0
2022-09-07 09:29:00,545,545,550,550,800
2022-09-07 09:30:00,545,545,550,550,0
2022-09-07 09:31:00,545,545,550,550,144200
2022-09-07 09:32:00,550,550,555,555,0
2022-09-07 09:33:00,550,550,555,555,0
2022-09-07 09:34:00,555,555,555,555,0
2022-09-07 09:35:00,555,555,555,555,300
2022-09-07 09:36:00,555,555,555,555,200
2022-09-07 09:37:00,555,555,555,555,0
2022-09-07 09:38:00,555,550,555,550,1300
2022-09-07 09:39:00,550,550,555,555,2100
2022-09-07 09:40:00,555,550,555,550,400
2022-09-07 09:41:00,550,550,555,555,30000
2022-09-07 09:42:00,550,550,550,550,5000
2022-09-07 09:43:00,550,550,550,550,0
2022-09-07 09:44:00,550,550,550,550,0
2022-09-07 09:45:00,550,550,550,550,0
2022-09-07 09:46:00,545,545,545,545,2200
2022-09-07 09:47:00,550,550,550,550,200
2022-09-07 09:48:00,550,550,550,550,2600
2022-09-07 09:49:00,545,545,545,545,0
2022-09-07 09:50:00,550,550,550,550,100
2022-09-07 09:51:00,550,550,550,550,0
2022-09-07 09:52:00,550,550,550,550,0
2022-09-07 09:53:00,550,550,550,550,0
2022-09-07 09:54:00,550,550,550,550,0
2022-09-07 09:55:00,550,550,550,550,0
2022-09-07 09:56:00,550,550,550,550,0
2022-09-07 09:57:00,550,550,550,550,0
2022-09-07 09:58:00,550,550,550,550,0
2022-09-07 09:59:00,550,550,550,550,0
2022-09-07 10:00:00,550,550,550,550,0
2022-09-07 10:01:00,550,550,550,550,0
2022-09-07 10:02:00,550,550,550,550,0
2022-09-07 10:03:00,550,550,550,550,0
2022-09-07 10:04:00,550,550,550,550,0
2022-09-07 10:05:00,550,550,550,550,0
2022-09-07 10:06:00,550,550,550,550,0
2022-09-07 10:07:00,550,550,550,550,0
2022-09-07 10:08:00,550,550,550,550,0
2022-09-07 10:09:00,550,550,550,550,0
2022-09-07 10:10:00,550,550,550,550,1500
2022-09-07 10:11:00,550,550,550,550,0
2022-09-07 10:12:00,550,550,550,550,0
2022-09-07 10:13:00,550,550,550,550,0
2022-09-07 10:14:00,550,550,550,550,0
2022-09-07 10:15:00,550,550,550,550,0
2022-09-07 10:16:00,550,550,550,550,0
2022-09-07 10:17:00,550,550,550,550,0
2022-09-07 10:18:00,550,550,550,550,0
2022-09-07 10:19:00,550,550,550,550,0
2022-09-07 10:20:00,550,550,550,550,300
2022-09-07 10:21:00,550,550,550,550,0
2022-09-07 10:22:00,550,550,550,550,0
2022-09-07 10:23:00,550,550,550,550,0
2022-09-07 10:24:00,550,550,550,550,0
2022-09-07 10:25:00,550,550,550,550,0
2022-09-07 10:26:00,550,550,550,550,0
2022-09-07 10:27:00,550,550,550,550,0
2022-09-07 10:28:00,550,550,550,550,0
2022-09-07 10:29:00,550,550,550,550,0
2022-09-07 10:30:00,550,550,550,550,0
2022-09-07 10:31:00,550,550,550,550,0
2022-09-07 10:32:00,550,550,550,550,0
2022-09-07 10:33:00,550,550,550,550,0
2022-09-07 10:34:00,550,550,550,550,0
2022-09-07 10:35:00,550,550,550,550,0
2022-09-07 10:36:00,545,545,545,545,9200
2022-09-07 10:37:00,550,550,550,550,0
2022-09-07 10:38:00,550,550,550,550,0
2022-09-07 10:39:00,550,550,550,550,4700
2022-09-07 10:40:00,550,550,550,550,0
2022-09-07 10:41:00,550,550,550,550,0
2022-09-07 10:42:00,550,550,550,550,0
2022-09-07 10:43:00,550,550,550,550,0
2022-09-07 10:44:00,550,550,550,550,0
2022-09-07 10:45:00,550,550,550,550,0
2022-09-07 10:46:00,550,550,550,550,0
2022-09-07 10:47:00,550,550,550,550,0
2022-09-07 10:48:00,550,550,550,550,0
2022-09-07 10:49:00,550,550,550,550,0
2022-09-07 10:50:00,550,550,550,550,0
2022-09-07 10:51:00,550,550,550,550,0
2022-09-07 10:52:00,550,550,550,550,0
2022-09-07 10:53:00,550,550,550,550,0
2022-09-07 10:54:00,550,550,550,550,0
2022-09-07 10:55:00,550,550,550,550,0
2022-09-07 10:56:00,550,550,550,550,0
2022-09-07 10:57:00,550,550,550,550,0
2022-09-07 10:58:00,550,550,550,550,0
2022-09-07 10:59:00,550,550,550,550,0
2022-09-07 11:00:00,550,550,550,550,0
2022-09-07 11:01:00,550,550,550,550,0
2022-09-07 11:02:00,550,550,550,550,0
2022-09-07 11:03:00,550,550,550,550,0
2022-09-07 11:04:00,550,550,550,550,0
2022-09-07 11:05:00,550,550,550,550,0
2022-09-07 11:06:00,550,550,550,550,0
2022-09-07 11:07:00,550,550,550,550,0
2022-09-07 11:08:00,550,550,550,550,0
2022-09-07 11:09:00,550,550,550,550,0
2022-09-07 11:10:00,550,550,550,550,0
2022-09-07 11:11:00,550,550,550,550,0
2022-09-07 11:12:00,550,550,550,550,0
2022-09-07 11:13:00,550,550,550,550,0
2022-09-07 11:14:00,550,550,550,550,0
2022-09-07 11:15:00,550,550,550,550,0
2022-09-07 11:16:00,550,550,550,550,0
2022-09-07 11:17:00,550,550,550,550,0
2022-09-07 11:18:00,550,550,550,550,0
2022-09-07 11:19:00,550,550,550,550,0
2022-09-07 11:20:00,550,550,550,550,0
2022-09-07 11:21:00,550,550,550,550,0
2022-09-07 11:22:00,550,550,550,550,300
2022-09-07 11:23:00,550,550,550,550,0
2022-09-07 11:24:00,550,550,550,550,0
2022-09-07 11:25:00,550,550,550,550,500
2022-09-07 11:26:00,550,550,550,550,0
2022-09-07 11:27:00,550,550,550,550,0
2022-09-07 11:28:00,550,550,550,550,500
2022-09-07 11:29:00,550,545,550,550,4100
2022-09-07 11:30:00,550,545,550,550,0
2022-09-07 11:31:00,550,545,550,550,0
2022-09-07 11:32:00,550,545,550,550,0
2022-09-07 11:33:00,550,545,550,550,0
2022-09-07 11:34:00,550,545,550,550,0
2022-09-07 11:35:00,550,545,550,550,0
2022-09-07 11:36:00,550,545,550,550,0
2022-09-07 11:37:00,550,545,550,550,0
2022-09-07 11:38:00,550,545,550,550,0
2022-09-07 11:39:00,550,545,550,550,0
2022-09-07 11:40:00,550,545,550,550,0
2022-09-07 11:41:00,550,545,550,550,0
2022-09-07 11:42:00,550,545,550,550,0
2022-09-07 11:43:00,550,545,550,550,0
2022-09-07 11:44:00,550,545,550,550,0
2022-09-07 11:45:00,550,545,550,550,0
2022-09-07 11:46:00,550,545,550,550,0
2022-09-07 11:47:00,550,545,550,550,0
2022-09-07 11:48:00,550,545,550,550,0
2022-09-07 11:49:00,550,545,550,550,0
2022-09-07 11:50:00,550,545,550,550,0
2022-09-07 11:51:00,550,545,550,550,0
2022-09-07 11:52:00,550,545,550,550,0
2022-09-07 11:53:00,550,545,550,550,0
2022-09-07 11:54:00,550,545,550,550,0
2022-09-07 11:55:00,550,545,550,550,0
2022-09-07 11:56:00,550,545,550,550,0
2022-09-07 11:57:00,550,545,550,550,0
2022-09-07 11:58:00,550,545,550,550,0
2022-09-07 11:59:00,550,545,550,550,0
2022-09-07 12:00:00,550,545,550,550,0
2022-09-07 12:01:00,550,545,550,550,0
2022-09-07 12:02:00,550,545,550,550,0
2022-09-07 12:03:00,550,545,550,550,0
2022-09-07 12:04:00,550,545,550,550,0
2022-09-07 12:05:00,550,545,550,550,0
2022-09-07 12:06:00,550,545,550,550,0
2022-09-07 12:07:00,550,545,550,550,0
2022-09-07 12:08:00,550,545,550,550,0
2022-09-07 12:09:00,550,545,550,550,0
2022-09-07 12:10:00,550,545,550,550,0
2022-09-07 12:11:00,550,545,550,550,0
2022-09-07 12:12:00,550,545,550,550,0
2022-09-07 12:13:00,550,545,550,550,0
2022-09-07 12:14:00,550,545,550,550,0
2022-09-07 12:15:00,550,545,550,550,0
2022-09-07 12:16:00,550,545,550,550,0
2022-09-07 12:17:00,550,545,550,550,0
2022-09-07 12:18:00,550,545,550,550,0
2022-09-07 12:19:00,550,545,550,550,0
2022-09-07 12:20:00,550,545,550,550,0
2022-09-07 12:21:00,550,545,550,550,0
2022-09-07 12:22:00,550,545,550,550,0
2022-09-07 12:23:00,550,545,550,550,0
2022-09-07 12:24:00,550,545,550,550,0
2022-09-07 12:25:00,550,545,550,550,0
2022-09-07 12:26:00,550,545,550,550,0
2022-09-07 12:27:00,550,545,550,550,0
2022-09-07 12:28:00,550,545,550,550,0
2022-09-07 12:29:00,550,545,550,550,0
2022-09-07 12:30:00,550,545,550,550,0
2022-09-07 12:31:00,550,545,550,550,0
2022-09-07 12:32:00,550,545,550,550,0
2022-09-07 12:33:00,550,545,550,550,0
2022-09-07 12:34:00,550,545,550,550,0
2022-09-07 12:35:00,550,545,550,550,0
2022-09-07 12:36:00,550,545,550,550,0
2022-09-07 12:37:00,550,545,550,550,0
2022-09-07 12:38:00,550,545,550,550,0
2022-09-07 12:39:00,550,545,550,550,0
2022-09-07 12:40:00,550,545,550,550,0
2022-09-07 12:41:00,550,545,550,550,0
2022-09-07 12:42:00,550,545,550,550,0
2022-09-07 12:43:00,550,545,550,550,0
2022-09-07 12:44:00,550,545,550,550,0
2022-09-07 12:45:00,550,545,550,550,0
2022-09-07 12:46:00,550,545,550,550,0
2022-09-07 12:47:00,550,545,550,550,0
2022-09-07 12:48:00,550,545,550,550,0
2022-09-07 12:49:00,550,545,550,550,0
2022-09-07 12:50:00,550,545,550,550,0
2022-09-07 12:51:00,550,545,550,550,0
2022-09-07 12:52:00,550,545,550,550,0
2022-09-07 12:53:00,550,545,550,550,0
2022-09-07 12:54:00,550,545,550,550,0
2022-09-07 12:55:00,550,545,550,550,0
2022-09-07 12:56:00,550,545,550,550,0
2022-09-07 12:57:00,550,545,550,550,0
2022-09-07 12:58:00,550,545,550,550,0
2022-09-07 12:59:00,550,545,550,550,0
2022-09-07 13:00:00,550,545,550,550,0
2022-09-07 13:01:00,550,545,550,550,0
2022-09-07 13:02:00,550,545,550,550,0
2022-09-07 13:03:00,550,545,550,550,0
2022-09-07 13:04:00,550,545,550,550,0
2022-09-07 13:05:00,550,545,550,550,0
2022-09-07 13:06:00,550,545,550,550,0
2022-09-07 13:07:00,550,545,550,550,0
2022-09-07 13:08:00,550,545,550,550,0
2022-09-07 13:09:00,550,545,550,550,0
2022-09-07 13:10:00,550,545,550,550,0
2022-09-07 13:11:00,550,545,550,550,0
2022-09-07 13:12:00,550,545,550,550,0
2022-09-07 13:13:00,550,545,550,550,0
2022-09-07 13:14:00,550,545,550,550,0
2022-09-07 13:15:00,550,545,550,550,0
2022-09-07 13:16:00,550,545,550,550,0
2022-09-07 13:17:00,550,545,550,550,0
2022-09-07 13:18:00,550,545,550,550,0
2022-09-07 13:19:00,550,545,550,550,0
2022-09-07 13:20:00,550,545,550,550,0
2022-09-07 13:21:00,550,545,550,550,0
2022-09-07 13:22:00,550,545,550,550,0
2022-09-07 13:23:00,550,545,550,550,0
2022-09-07 13:24:00,550,545,550,550,0
2022-09-07 13:25:00,550,545,550,550,0
2022-09-07 13:26:00,550,545,550,550,0
2022-09-07 13:27:00,550,545,550,550,0
2022-09-07 13:28:00,550,545,550,550,0
2022-09-07 13:29:00,550,545,550,550,0
2022-09-07 13:30:00,550,550,550,550,500
2022-09-07 13:31:00,550,550,550,550,0
2022-09-07 13:32:00,550,550,550,550,0
2022-09-07 13:33:00,550,550,550,550,0
2022-09-07 13:34:00,550,550,550,550,0
2022-09-07 13:35:00,550,550,550,550,0
2022-09-07 13:36:00,550,550,550,550,0
2022-09-07 13:37:00,550,550,550,550,0
2022-09-07 13:38:00,550,550,550,550,0
2022-09-07 13:39:00,550,550,550,550,0
2022-09-07 13:40:00,550,550,550,550,0
2022-09-07 13:41:00,550,550,550,550,0
2022-09-07 13:42:00,550,550,550,550,0
2022-09-07 13:43:00,550,550,550,550,0
2022-09-07 13:44:00,550,550,550,550,0
2022-09-07 13:45:00,550,550,550,550,0
2022-09-07 13:46:00,550,550,550,550,0
2022-09-07 13:47:00,550,550,550,550,300
2022-09-07 13:48:00,550,550,550,550,0
2022-09-07 13:49:00,550,550,550,550,0
2022-09-07 13:50:00,550,550,550,550,0
2022-09-07 13:51:00,550,550,550,550,0
2022-09-07 13:52:00,550,550,550,550,0
2022-09-07 13:53:00,550,550,550,550,0
2022-09-07 13:54:00,550,550,550,550,0
2022-09-07 13:55:00,550,550,550,550,0
2022-09-07 13:56:00,550,550,550,550,0
2022-09-07 13:57:00,550,550,550,550,0
2022-09-07 13:58:00,550,550,550,550,0
2022-09-07 13:59:00,550,550,550,550,0
2022-09-07 14:00:00,550,550,550,550,0
2022-09-07 14:01:00,550,550,550,550,0
2022-09-07 14:02:00,550,550,550,550,0
2022-09-07 14:03:00,550,550,550,550,0
2022-09-07 14:04:00,550,550,550,550,0
2022-09-07 14:05:00,550,550,550,550,0
2022-09-07 14:06:00,550,550,550,550,0
2022-09-07 14:07:00,550,550,550,550,0
2022-09-07 14:08:00,550,550,550,550,0
2022-09-07 14:09:00,550,550,550,550,0
2022-09-07 14:10:00,550,550,550,550,0
2022-09-07 14:11:00,550,550,550,550,0
2022-09-07 14:12:00,550,550,550,550,0
2022-09-07 14:13:00,550,550,550,550,0
2022-09-07 14:14:00,550,550,550,550,0
2022-09-07 14:15:00,550,550,550,550,0
2022-09-07 14:16:00,550,550,550,550,800
2022-09-07 14:17:00,550,550,550,550,0
2022-09-07 14:18:00,550,550,550,550,0
2022-09-07 14:19:00,545,545,550,550,3100
2022-09-07 14:20:00,545,545,550,550,0
2022-09-07 14:21:00,545,545,550,550,0
2022-09-07 14:22:00,545,545,550,550,0
2022-09-07 14:23:00,545,545,550,550,0
2022-09-07 14:24:00,545,545,550,550,0
2022-09-07 14:25:00,545,545,550,550,0
2022-09-07 14:26:00,545,545,550,550,0
2022-09-07 14:27:00,545,545,550,550,0
2022-09-07 14:28:00,545,545,550,550,0
2022-09-07 14:29:00,545,545,550,550,0
2022-09-07 14:30:00,545,545,550,550,0
2022-09-07 14:31:00,545,545,550,550,0
2022-09-07 14:32:00,545,545,550,550,0
2022-09-07 14:33:00,550,540,550,540,5900
2022-09-07 14:34:00,550,550,550,550,0
2022-09-07 14:35:00,550,550,550,550,200
2022-09-07 14:36:00,550,550,550,550,0
2022-09-07 14:37:00,550,550,550,550,100
2022-09-07 14:38:00,550,550,550,550,0
2022-09-07 14:39:00,550,550,550,550,0
2022-09-07 14:40:00,550,550,550,550,400
2022-09-07 14:41:00,550,550,550,550,0
2022-09-07 14:42:00,550,550,550,550,200
2022-09-07 14:43:00,550,550,550,550,0
2022-09-07 14:44:00,550,550,550,550,0
2022-09-07 14:45:00,550,550,550,550,400
2022-09-07 14:46:00,550,550,550,550,100
2022-09-07 14:47:00,550,550,550,550,200
2022-09-07 14:48:00,550,550,550,550,700
2022-09-07 14:49:00,550,550,550,550,900
2022-09-07 14:50:00,550,550,550,550,0
2022-09-07 14:51:00,550,550,550,550,0
2022-09-07 14:52:00,550,550,550,550,0
2022-09-07 14:53:00,550,550,550,550,0
2022-09-07 14:54:00,550,550,550,550,0
2022-09-07 14:55:00,550,550,550,550,0
2022-09-07 14:56:00,550,550,550,550,0
2022-09-07 14:57:00,550,550,550,550,0
2022-09-07 14:58:00,550,550,550,550,0
2022-09-07 14:59:00,550,550,550,550,0
2022-09-07 15:00:00,550,550,550,550,0
2022-09-07 15:01:00,550,550,550,550,0
2022-09-07 15:02:00,550,550,550,550,0
2022-09-07 15:03:00,550,550,550,550,0
2022-09-07 15:04:00,550,550,550,550,0
2022-09-07 15:05:00,550,550,550,550,0
2022-09-07 15:06:00,550,550,550,550,0
2022-09-07 15:07:00,550,550,550,550,0
2022-09-07 15:08:00,550,550,550,550,0
2022-09-07 15:09:00,550,550,550,550,0
2022-09-07 15:10:00,550,550,550,550,0
2022-09-07 15:11:00,550,550,550,550,0
2022-09-07 15:12:00,550,550,550,550,0
2022-09-07 15:13:00,550,550,550,550,0
2022-09-07 15:14:00,550,550,550,550,0
2022-09-07 15:15:00,550,550,550,550,0
2022-09-07 15:16:00,550,550,550,550,0
2022-09-07 15:17:00,550,550,550,550,0
2022-09-07 15:18:00,550,550,550,550,0
2022-09-07 15:19:00,550,550,550,550,0
2022-09-07 15:20:00,550,550,550,550,0
2022-09-07 15:21:00,550,550,550,550,0
2022-09-07 15:22:00,550,550,550,550,0
2022-09-07 15:23:00,550,550,550,550,0
2022-09-07 15:24:00,550,550,550,550,0
2022-09-07 15:25:00,550,550,550,550,0
2022-09-07 15:26:00,550,550,550,550,0
2022-09-07 15:27:00,550,550,550,550,0
2022-09-07 15:28:00,550,550,550,550,0
2022-09-07 15:29:00,550,550,550,550,0
2022-09-07 15:30:00,550,550,550,550,0
2022-09-07 15:31:00,550,550,550,550,0
2022-09-07 15:32:00,550,550,550,550,0
2022-09-07 15:33:00,550,550,550,550,0
2022-09-07 15:34:00,550,550,550,550,0
2022-09-07 15:35:00,550,550,550,550,0
2022-09-07 15:36:00,550,550,550,550,0
2022-09-07 15:37:00,550,550,550,550,0
2022-09-07 15:38:00,550,550,550,550,0
2022-09-07 15:39:00,550,550,550,550,0
2022-09-07 15:40:00,550,550,550,550,0
2022-09-07 15:41:00,550,550,550,550,0
2022-09-07 15:42:00,550,550,550,550,0
2022-09-07 15:43:00,550,550,550,550,0
2022-09-07 15:44:00,550,550,550,550,0
2022-09-07 15:45:00,550,550,550,550,0
2022-09-07 15:46:00,550,550,550,550,0
2022-09-07 15:47:00,550,550,550,550,0
2022-09-07 15:48:00,550,550,550,550,0
2022-09-07 15:49:00,550,550,550,550,0
2022-09-07 15:50:00,550,550,550,550,0
2022-09-07 15:51:00,550,550,550,550,0
2022-09-07 15:52:00,550,550,550,550,0
2022-09-07 15:53:00,550,550,550,550,0
2022-09-07 15:54:00,550,550,550,550,0
2022-09-07 15:55:00,550,550,550,550,0
2022-09-07 15:56:00,550,550,550,550,0
2022-09-07 15:57:00,550,550,550,550,0
2022-09-07 15:58:00,550,550,550,550,0
2022-09-07 15:59:00,550,550,550,550,0
2022-09-08 09:00:00,550,550,550,550,0
2022-09-08 09:01:00,550,550,550,550,400
2022-09-08 09:02:00,550,550,550,550,0
2022-09-08 09:03:00,550,550,550,550,0
2022-09-08 09:04:00,550,550,550,550,400
2022-09-08 09:05:00,550,550,550,550,0
2022-09-08 09:06:00,550,550,550,550,0
2022-09-08 09:07:00,550,550,550,550,0
2022-09-08 09:08:00,550,550,550,550,0
2022-09-08 09:09:00,550,550,550,550,0
2022-09-08 09:10:00,545,545,545,545,12900
2022-09-08 09:11:00,545,545,545,545,0
2022-09-08 09:12:00,545,545,550,550,2800
2022-09-08 09:13:00,545,545,550,550,0
2022-09-08 09:14:00,550,550,550,550,400
2022-09-08 09:15:00,550,550,550,550,0
2022-09-08 09:16:00,550,550,550,550,0
2022-09-08 09:17:00,550,550,550,550,0
2022-09-08 09:18:00,545,545,550,550,1200
2022-09-08 09:19:00,545,545,550,550,0
2022-09-08 09:20:00,545,545,545,545,800
2022-09-08 09:21:00,545,545,545,545,0
2022-09-08 09:22:00,545,545,545,545,0
2022-09-08 09:23:00,545,545,545,545,0
2022-09-08 09:24:00,545,545,545,545,0
2022-09-08 09:25:00,545,545,545,545,0
2022-09-08 09:26:00,545,545,545,545,0
2022-09-08 09:27:00,545,545,545,545,0
2022-09-08 09:28:00,545,545,545,545,400
2022-09-08 09:29:00,545,545,545,545,0
2022-09-08 09:30:00,545,545,545,545,0
2022-09-08 09:31:00,545,545,545,545,0
2022-09-08 09:32:00,545,545,545,545,0
2022-09-08 09:33:00,545,545,545,545,0
2022-09-08 09:34:00,545,545,545,545,5500
2022-09-08 09:35:00,545,545,550,550,19700
2022-09-08 09:36:00,545,545,550,550,0
2022-09-08 09:37:00,545,545,550,550,0
2022-09-08 09:38:00,550,550,550,550,200
2022-09-08 09:39:00,550,550,550,550,0
2022-09-08 09:40:00,550,550,550,550,0
2022-09-08 09:41:00,550,550,550,550,0
2022-09-08 09:42:00,550,550,550,550,300
2022-09-08 09:43:00,550,550,550,550,0
2022-09-08 09:44:00,550,550,550,550,0
2022-09-08 09:45:00,550,550,550,550,0
2022-09-08 09:46:00,550,550,550,550,0
2022-09-08 09:47:00,550,550,550,550,0
2022-09-08 09:48:00,550,550,550,550,0
2022-09-08 09:49:00,550,550,550,550,0
2022-09-08 09:50:00,550,550,550,550,0
2022-09-08 09:51:00,550,550,550,550,0
2022-09-08 09:52:00,550,550,550,550,0
2022-09-08 09:53:00,550,550,550,550,0
2022-09-08 09:54:00,550,550,550,550,0
2022-09-08 09:55:00,550,550,550,550,0
2022-09-08 09:56:00,550,550,550,550,0
2022-09-08 09:57:00,550,550,550,550,200
2022-09-08 09:58:00,550,550,550,550,0
2022-09-08 09:59:00,550,550,550,550,0
2022-09-08 10:00:00,550,550,550,550,0
2022-09-08 10:01:00,550,550,550,550,0
2022-09-08 10:02:00,550,550,550,550,0
2022-09-08 10:03:00,550,550,550,550,0
2022-09-08 10:04:00,550,550,550,550,0
2022-09-08 10:05:00,550,550,550,550,0
2022-09-08 10:06:00,550,550,550,550,0
2022-09-08 10:07:00,550,550,550,550,0
2022-09-08 10:08:00,550,550,550,550,0
2022-09-08 10:09:00,550,550,550,550,0
2022-09-08 10:10:00,550,550,550,550,0
2022-09-08 10:11:00,550,550,550,550,0
2022-09-08 10:12:00,550,550,550,550,0
2022-09-08 10:13:00,550,550,550,550,0
2022-09-08 10:14:00,550,550,550,550,0
2022-09-08 10:15:00,550,550,550,550,0
2022-09-08 10:16:00,550,550,550,550,53500
2022-09-08 10:17:00,550,550,550,550,0
2022-09-08 10:18:00,550,550,550,550,0
2022-09-08 10:19:00,550,550,550,550,0
2022-09-08 10:20:00,550,550,550,550,0
2022-09-08 10:21:00,550,550,550,550,0
2022-09-08 10:22:00,550,550,550,550,0
2022-09-08 10:23:00,550,550,550,550,0
2022-09-08 10:24:00,550,550,550,550,0
2022-09-08 10:25:00,550,550,550,550,0
2022-09-08 10:26:00,550,550,550,550,0
2022-09-08 10:27:00,550,550,550,550,0
2022-09-08 10:28:00,550,550,550,550,0
2022-09-08 10:29:00,550,550,550,550,0
2022-09-08 10:30:00,550,550,550,550,0
2022-09-08 10:31:00,550,550,550,550,0
2022-09-08 10:32:00,550,550,550,550,0
2022-09-08 10:33:00,550,550,550,550,0
2022-09-08 10:34:00,550,550,550,550,0
2022-09-08 10:35:00,550,550,550,550,0
2022-09-08 10:36:00,550,550,550,550,0
2022-09-08 10:37:00,550,550,550,550,0
2022-09-08 10:38:00,550,550,550,550,100
2022-09-08 10:39:00,550,550,550,550,0
2022-09-08 10:40:00,550,550,550,550,0
2022-09-08 10:41:00,550,550,550,550,0
2022-09-08 10:42:00,550,550,550,550,0
2022-09-08 10:43:00,550,550,550,550,0
2022-09-08 10:44:00,550,550,550,550,0
2022-09-08 10:45:00,550,550,550,550,0
2022-09-08 10:46:00,550,550,550,550,0
2022-09-08 10:47:00,550,550,550,550,0
2022-09-08 10:48:00,550,550,550,550,0
2022-09-08 10:49:00,550,550,550,550,0
2022-09-08 10:50:00,550,550,550,550,0
2022-09-08 10:51:00,550,550,550,550,0
2022-09-08 10:52:00,550,550,550,550,0
2022-09-08 10:53:00,550,550,550,550,0
2022-09-08 10:54:00,550,550,550,550,0
2022-09-08 10:55:00,550,550,550,550,0
2022-09-08 10:56:00,550,550,550,550,0
2022-09-08 10:57:00,550,550,550,550,0
2022-09-08 10:58:00,550,550,550,550,0
2022-09-08 10:59:00,550,550,550,550,0
2022-09-08 11:00:00,550,550,550,550,0
2022-09-08 11:01:00,550,550,550,550,0
2022-09-08 11:02:00,550,550,550,550,0
2022-09-08 11:03:00,550,550,550,550,0
2022-09-08 11:04:00,550,550,550,550,0
2022-09-08 11:05:00,550,550,550,550,0
2022-09-08 11:06:00,550,550,550,550,0
2022-09-08 11:07:00,550,550,550,550,0
2022-09-08 11:08:00,550,550,550,550,0
2022-09-08 11:09:00,550,550,550,550,0
2022-09-08 11:10:00,550,550,550,550,0
2022-09-08 11:11:00,550,550,550,550,0
2022-09-08 11:12:00,550,550,550,550,0
2022-09-08 11:13:00,550,550,550,550,0
2022-09-08 11:14:00,550,550,550,550,0
2022-09-08 11:15:00,550,550,550,550,0
2022-09-08 11:16:00,550,550,550,550,0
2022-09-08 11:17:00,550,550,550,550,0
2022-09-08 11:18:00,550,550,550,550,0
2022-09-08 11:19:00,550,550,550,550,0
2022-09-08 11:20:00,550,550,550,550,0
2022-09-08 11:21:00,550,550,550,550,0
2022-09-08 11:22:00,550,550,550,550,0
2022-09-08 11:23:00,550,550,550,550,0
2022-09-08 11:24:00,550,550,550,550,0
2022-09-08 11:25:00,550,550,550,550,0
2022-09-08 11:26:00,550,550,550,550,0
2022-09-08 11:27:00,550,550,550,550,0
2022-09-08 11:28:00,550,550,550,550,600
2022-09-08 11:29:00,550,550,550,550,0
2022-09-08 11:30:00,550,550,550,550,0
2022-09-08 11:31:00,550,550,550,550,0
2022-09-08 11:32:00,550,550,550,550,0
2022-09-08 11:33:00,550,550,550,550,0
2022-09-08 11:34:00,550,550,550,550,0
2022-09-08 11:35:00,550,550,550,550,0
2022-09-08 11:36:00,550,550,550,550,0
2022-09-08 11:37:00,550,550,550,550,0
2022-09-08 11:38:00,550,550,550,550,0
2022-09-08 11:39:00,550,550,550,550,0
2022-09-08 11:40:00,550,550,550,550,0
2022-09-08 11:41:00,550,550,550,550,0
2022-09-08 11:42:00,550,550,550,550,0
2022-09-08 11:43:00,550,550,550,550,0
2022-09-08 11:44:00,550,550,550,550,0
2022-09-08 11:45:00,550,550,550,550,0
2022-09-08 11:46:00,550,550,550,550,0
2022-09-08 11:47:00,550,550,550,550,0
2022-09-08 11:48:00,550,550,550,550,0
2022-09-08 11:49:00,550,550,550,550,0
2022-09-08 11:50:00,550,550,550,550,0
2022-09-08 11:51:00,550,550,550,550,0
2022-09-08 11:52:00,550,550,550,550,0
2022-09-08 11:53:00,550,550,550,550,0
2022-09-08 11:54:00,550,550,550,550,0
2022-09-08 11:55:00,550,550,550,550,0
2022-09-08 11:56:00,550,550,550,550,0
2022-09-08 11:57:00,550,550,550,550,0
2022-09-08 11:58:00,550,550,550,550,0
2022-09-08 11:59:00,550,550,550,550,0
2022-09-08 12:00:00,550,550,550,550,0
2022-09-08 12:01:00,550,550,550,550,0
2022-09-08 12:02:00,550,550,550,550,0
2022-09-08 12:03:00,550,550,550,550,0
2022-09-08 12:04:00,550,550,550,550,0
2022-09-08 12:05:00,550,550,550,550,0
2022-09-08 12:06:00,550,550,550,550,0
2022-09-08 12:07:00,550,550,550,550,0
2022-09-08 12:08:00,550,550,550,550,0
2022-09-08 12:09:00,550,550,550,550,0
2022-09-08 12:10:00,550,550,550,550,0
2022-09-08 12:11:00,550,550,550,550,0
2022-09-08 12:12:00,550,550,550,550,0
2022-09-08 12:13:00,550,550,550,550,0
2022-09-08 12:14:00,550,550,550,550,0
2022-09-08 12:15:00,550,550,550,550,0
2022-09-08 12:16:00,550,550,550,550,0
2022-09-08 12:17:00,550,550,550,550,0
2022-09-08 12:18:00,550,550,550,550,0
2022-09-08 12:19:00,550,550,550,550,0
2022-09-08 12:20:00,550,550,550,550,0
2022-09-08 12:21:00,550,550,550,550,0
2022-09-08 12:22:00,550,550,550,550,0
2022-09-08 12:23:00,550,550,550,550,0
2022-09-08 12:24:00,550,550,550,550,0
2022-09-08 12:25:00,550,550,550,550,0
2022-09-08 12:26:00,550,550,550,550,0
2022-09-08 12:27:00,550,550,550,550,0
2022-09-08 12:28:00,550,550,550,550,0
2022-09-08 12:29:00,550,550,550,550,0
2022-09-08 12:30:00,550,550,550,550,0
2022-09-08 12:31:00,550,550,550,550,0
2022-09-08 12:32:00,550,550,550,550,0
2022-09-08 12:33:00,550,550,550,550,0
2022-09-08 12:34:00,550,550,550,550,0
2022-09-08 12:35:00,550,550,550,550,0
2022-09-08 12:36:00,550,550,550,550,0
2022-09-08 12:37:00,550,550,550,550,0
2022-09-08 12:38:00,550,550,550,550,0
2022-09-08 12:39:00,550,550,550,550,0
2022-09-08 12:40:00,550,550,550,550,0
2022-09-08 12:41:00,550,550,550,550,0
2022-09-08 12:42:00,550,550,550,550,0
2022-09-08 12:43:00,550,550,550,550,0
2022-09-08 12:44:00,550,550,550,550,0
2022-09-08 12:45:00,550,550,550,550,0
2022-09-08 12:46:00,550,550,550,550,0
2022-09-08 12:47:00,550,550,550,550,0
2022-09-08 12:48:00,550,550,550,550,0
2022-09-08 12:49:00,550,550,550,550,0
2022-09-08 12:50:00,550,550,550,550,0
2022-09-08 12:51:00,550,550,550,550,0
2022-09-08 12:52:00,550,550,550,550,0
2022-09-08 12:53:00,550,550,550,550,0
2022-09-08 12:54:00,550,550,550,550,0
2022-09-08 12:55:00,550,550,550,550,0
2022-09-08 12:56:00,550,550,550,550,0
2022-09-08 12:57:00,550,550,550,550,0
2022-09-08 12:58:00,550,550,550,550,0
2022-09-08 12:59:00,550,550,550,550,0
2022-09-08 13:00:00,550,550,550,550,0
2022-09-08 13:01:00,550,550,550,550,0
2022-09-08 13:02:00,550,550,550,550,0
2022-09-08 13:03:00,550,550,550,550,0
2022-09-08 13:04:00,550,550,550,550,0
2022-09-08 13:05:00,550,550,550,550,0
2022-09-08 13:06:00,550,550,550,550,0
2022-09-08 13:07:00,550,550,550,550,0
2022-09-08 13:08:00,550,550,550,550,0
2022-09-08 13:09:00,550,550,550,550,0
2022-09-08 13:10:00,550,550,550,550,0
2022-09-08 13:11:00,550,550,550,550,0
2022-09-08 13:12:00,550,550,550,550,0
2022-09-08 13:13:00,550,550,550,550,0
2022-09-08 13:14:00,550,550,550,550,0
2022-09-08 13:15:00,550,550,550,550,0
2022-09-08 13:16:00,550,550,550,550,0
2022-09-08 13:17:00,550,550,550,550,0
2022-09-08 13:18:00,550,550,550,550,0
2022-09-08 13:19:00,550,550,550,550,0
2022-09-08 13:20:00,550,550,550,550,0
2022-09-08 13:21:00,550,550,550,550,0
2022-09-08 13:22:00,550,550,550,550,0
2022-09-08 13:23:00,550,550,550,550,0
2022-09-08 13:24:00,550,550,550,550,0
2022-09-08 13:25:00,550,550,550,550,0
2022-09-08 13:26:00,550,550,550,550,0
2022-09-08 13:27:00,550,550,550,550,0
2022-09-08 13:28:00,550,550,550,550,0
2022-09-08 13:29:00,550,550,550,550,0
2022-09-08 13:30:00,550,550,550,550,95700
2022-09-08 13:31:00,550,550,550,550,0
2022-09-08 13:32:00,550,550,550,550,0
2022-09-08 13:33:00,550,550,550,550,11300
2022-09-08 13:34:00,550,550,550,550,0
2022-09-08 13:35:00,550,550,550,550,0
2022-09-08 13:36:00,550,550,550,550,0
2022-09-08 13:37:00,550,550,550,550,0
2022-09-08 13:38:00,550,550,550,550,0
2022-09-08 13:39:00,550,550,550,550,0
2022-09-08 13:40:00,550,550,550,550,0
2022-09-08 13:41:00,550,550,550,550,0
2022-09-08 13:42:00,550,550,550,550,0
2022-09-08 13:43:00,550,550,550,550,0
2022-09-08 13:44:00,550,550,550,550,0
2022-09-08 13:45:00,550,550,550,550,0
2022-09-08 13:46:00,550,550,550,550,0
2022-09-08 13:47:00,550,550,550,550,0
2022-09-08 13:48:00,550,550,550,550,0
2022-09-08 13:49:00,550,550,550,550,0
2022-09-08 13:50:00,550,550,550,550,0
2022-09-08 13:51:00,550,550,550,550,0
2022-09-08 13:52:00,545,545,545,545,2000
2022-09-08 13:53:00,550,550,550,550,0
2022-09-08 13:54:00,550,550,550,550,0
2022-09-08 13:55:00,550,550,550,550,0
2022-09-08 13:56:00,550,550,550,550,0
2022-09-08 13:57:00,550,550,550,550,0
2022-09-08 13:58:00,550,550,550,550,0
2022-09-08 13:59:00,550,550,550,550,0
2022-09-08 14:00:00,550,550,550,550,0
2022-09-08 14:01:00,550,550,550,550,0
2022-09-08 14:02:00,550,550,550,550,400
2022-09-08 14:03:00,550,550,550,550,200
2022-09-08 14:04:00,550,550,550,550,0
2022-09-08 14:05:00,550,550,550,550,0
2022-09-08 14:06:00,550,550,550,550,0
2022-09-08 14:07:00,550,550,550,550,0
2022-09-08 14:08:00,550,550,550,550,0
2022-09-08 14:09:00,550,550,550,550,0
2022-09-08 14:10:00,550,550,550,550,0
2022-09-08 14:11:00,550,550,550,550,0
2022-09-08 14:12:00,550,550,550,550,0
2022-09-08 14:13:00,550,550,550,550,0
2022-09-08 14:14:00,550,550,550,550,0
2022-09-08 14:15:00,550,550,550,550,300
2022-09-08 14:16:00,550,550,550,550,0
2022-09-08 14:17:00,550,550,550,550,0
2022-09-08 14:18:00,550,550,550,550,0
2022-09-08 14:19:00,550,550,550,550,0
2022-09-08 14:20:00,550,550,550,550,0
2022-09-08 14:21:00,550,550,550,550,0
2022-09-08 14:22:00,550,550,550,550,0
2022-09-08 14:23:00,550,550,550,550,0
2022-09-08 14:24:00,550,550,550,550,0
2022-09-08 14:25:00,550,550,550,550,200
2022-09-08 14:26:00,550,550,550,550,0
2022-09-08 14:27:00,550,550,550,550,0
2022-09-08 14:28:00,550,550,550,550,0
2022-09-08 14:29:00,550,550,550,550,0
2022-09-08 14:30:00,550,550,550,550,0
2022-09-08 14:31:00,550,550,550,550,500
2022-09-08 14:32:00,550,550,550,550,0
2022-09-08 14:33:00,545,545,545,545,2700
2022-09-08 14:34:00,550,550,550,550,0
2022-09-08 14:35:00,550,550,550,550,0
2022-09-08 14:36:00,550,550,550,550,0
2022-09-08 14:37:00,550,550,550,550,0
2022-09-08 14:38:00,550,550,550,550,0
2022-09-08 14:39:00,550,550,550,550,0
2022-09-08 14:40:00,550,550,550,550,0
2022-09-08 14:41:00,550,550,550,550,0
2022-09-08 14:42:00,550,550,550,550,0
2022-09-08 14:43:00,550,550,550,550,0
2022-09-08 14:44:00,550,550,550,550,0
2022-09-08 14:45:00,550,550,550,550,0
2022-09-08 14:46:00,550,550,550,550,0
2022-09-08 14:47:00,550,540,550,540,114300
2022-09-08 14:48:00,550,550,550,550,0
2022-09-08 14:49:00,550,550,550,550,1200
2022-09-08 14:50:00,550,550,550,550,0
2022-09-08 14:51:00,550,550,550,550,0
2022-09-08 14:52:00,550,550,550,550,0
2022-09-08 14:53:00,550,550,550,550,0
2022-09-08 14:54:00,550,550,550,550,0
2022-09-08 14:55:00,550,550,550,550,0
2022-09-08 14:56:00,550,550,550,550,0
2022-09-08 14:57:00,550,550,550,550,0
2022-09-08 14:58:00,550,550,550,550,0
2022-09-08 14:59:00,550,550,550,550,0
2022-09-08 15:00:00,550,550,550,550,291500
2022-09-08 15:01:00,550,550,550,550,0
2022-09-08 15:02:00,550,550,550,550,0
2022-09-08 15:03:00,550,550,550,550,0
2022-09-08 15:04:00,550,550,550,550,0
2022-09-08 15:05:00,550,550,550,550,0
2022-09-08 15:06:00,550,550,550,550,0
2022-09-08 15:07:00,550,550,550,550,0
2022-09-08 15:08:00,550,550,550,550,0
2022-09-08 15:09:00,550,550,550,550,0
2022-09-08 15:10:00,550,550,550,550,0
2022-09-08 15:11:00,550,550,550,550,0
2022-09-08 15:12:00,550,550,550,550,0
2022-09-08 15:13:00,550,550,550,550,0
2022-09-08 15:14:00,550,550,550,550,0
2022-09-08 15:15:00,550,550,550,550,0
2022-09-08 15:16:00,550,550,550,550,0
2022-09-08 15:17:00,550,550,550,550,0
2022-09-08 15:18:00,550,550,550,550,0
2022-09-08 15:19:00,550,550,550,550,0
2022-09-08 15:20:00,550,550,550,550,0
2022-09-08 15:21:00,550,550,550,550,0
2022-09-08 15:22:00,550,550,550,550,0
2022-09-08 15:23:00,550,550,550,550,0
2022-09-08 15:24:00,550,550,550,550,0
2022-09-08 15:25:00,550,550,550,550,0
2022-09-08 15:26:00,550,550,550,550,0
2022-09-08 15:27:00,550,550,550,550,0
2022-09-08 15:28:00,550,550,550,550,0
2022-09-08 15:29:00,550,550,550,550,0
2022-09-08 15:30:00,550,550,550,550,0
2022-09-08 15:31:00,550,550,550,550,0
2022-09-08 15:32:00,550,550,550,550,0
2022-09-08 15:33:00,550,550,550,550,0
2022-09-08 15:34:00,550,550,550,550,0
2022-09-08 15:35:00,550,550,550,550,0
2022-09-08 15:36:00,550,550,550,550,0
2022-09-08 15:37:00,550,550,550,550,0
2022-09-08 15:38:00,550,550,550,550,0
2022-09-08 15:39:00,550,550,550,550,0
2022-09-08 15:40:00,550,550,550,550,0
2022-09-08 15:41:00,550,550,550,550,0
2022-09-08 15:42:00,550,550,550,550,0
2022-09-08 15:43:00,550,550,550,550,0
2022-09-08 15:44:00,550,550,550,550,0
2022-09-08 15:45:00,550,550,550,550,0
2022-09-08 15:46:00,550,550,550,550,0
2022-09-08 15:47:00,550,550,550,550,0
2022-09-08 15:48:00,550,550,550,550,0
2022-09-08 15:49:00,550,550,550,550,0
2022-09-08 15:50:00,550,550,550,550,0
2022-09-08 15:51:00,550,550,550,550,0
2022-09-08 15:52:00,550,550,550,550,0
2022-09-08 15:53:00,550,550,550,550,0
2022-09-08 15:54:00,550,550,550,550,0
2022-09-08 15:55:00,550,550,550,550,0
2022-09-08 15:56:00,550,550,550,550,0
2022-09-08 15:57:00,550,550,550,550,0
2022-09-08 15:58:00,550,550,550,550,0
2022-09-08 15:59:00,550,550,550,550,0
2022-09-09 09:00:00,550,550,550,550,0
2022-09-09 09:01:00,550,550,550,550,0
2022-09-09 09:02:00,550,550,550,550,0
2022-09-09 09:03:00,550,550,550,550,0
2022-09-09 09:04:00,550,550,550,550,0
2022-09-09 09:05:00,550,550,550,550,0
2022-09-09 09:06:00,550,550,550,550,0
2022-09-09 09:07:00,550,550,550,550,0
2022-09-09 09:08:00,550,550,550,550,0
2022-09-09 09:09:00,550,550,550,550,0
2022-09-09 09:10:00,550,550,550,550,0
2022-09-09 09:11:00,550,550,550,550,0
2022-09-09 09:12:00,550,550,550,550,0
2022-09-09 09:13:00,550,550,550,550,0
2022-09-09 09:14:00,550,550,550,550,0
2022-09-09 09:15:00,550,550,550,550,100
2022-09-09 09:16:00,545,545,550,545,2500
2022-09-09 09:17:00,550,550,550,550,200
2022-09-09 09:18:00,550,550,550,550,0
2022-09-09 09:19:00,545,545,545,545,1500
2022-09-09 09:20:00,545,545,550,550,5700
2022-09-09 09:21:00,545,545,550,550,0
2022-09-09 09:22:00,545,545,550,550,0
2022-09-09 09:23:00,550,550,550,550,0
2022-09-09 09:24:00,550,550,550,550,0
2022-09-09 09:25:00,550,550,550,550,0
2022-09-09 09:26:00,550,550,550,550,0
2022-09-09 09:27:00,550,550,550,550,0
2022-09-09 09:28:00,550,550,550,550,0
2022-09-09 09:29:00,550,550,550,550,0
2022-09-09 09:30:00,550,550,550,550,0
2022-09-09 09:31:00,550,550,550,550,0
2022-09-09 09:32:00,550,550,550,550,0
2022-09-09 09:33:00,550,550,550,550,0
2022-09-09 09:34:00,550,550,550,550,0
2022-09-09 09:35:00,550,550,550,550,0
2022-09-09 09:36:00,550,545,550,545,108000
2022-09-09 09:37:00,550,550,550,550,0
2022-09-09 09:38:00,550,550,550,550,0
2022-09-09 09:39:00,550,550,550,550,0
2022-09-09 09:40:00,550,550,550,550,0
2022-09-09 09:41:00,550,550,550,550,0
2022-09-09 09:42:00,550,550,550,550,0
2022-09-09 09:43:00,550,550,550,550,0
2022-09-09 09:44:00,550,550,550,550,0
2022-09-09 09:45:00,550,550,550,550,0
2022-09-09 09:46:00,550,550,550,550,0
2022-09-09 09:47:00,550,550,550,550,0
2022-09-09 09:48:00,550,550,550,550,0
2022-09-09 09:49:00,550,550,550,550,0
2022-09-09 09:50:00,550,550,550,550,0
2022-09-09 09:51:00,550,550,550,550,0
2022-09-09 09:52:00,550,550,550,550,0
2022-09-09 09:53:00,550,550,550,550,0
2022-09-09 09:54:00,550,550,550,550,0
2022-09-09 09:55:00,550,550,550,550,0
2022-09-09 09:56:00,550,550,550,550,0
2022-09-09 09:57:00,550,550,550,550,0
2022-09-09 09:58:00,550,550,550,550,0
2022-09-09 09:59:00,550,550,550,550,0
2022-09-09 10:00:00,550,550,550,550,0
2022-09-09 10:01:00,550,550,550,550,0
2022-09-09 10:02:00,550,550,550,550,0
2022-09-09 10:03:00,550,550,550,550,0
2022-09-09 10:04:00,550,550,550,550,0
2022-09-09 10:05:00,550,550,550,550,0
2022-09-09 10:06:00,550,550,550,550,0
2022-09-09 10:07:00,550,550,550,550,0
2022-09-09 10:08:00,550,550,550,550,0
2022-09-09 10:09:00,550,550,550,550,0
2022-09-09 10:10:00,550,550,550,550,0
2022-09-09 10:11:00,550,550,550,550,0
2022-09-09 10:12:00,550,550,550,550,0
2022-09-09 10:13:00,550,550,550,550,0
2022-09-09 10:14:00,550,550,550,550,0
2022-09-09 10:15:00,550,550,550,550,0
2022-09-09 10:16:00,550,550,550,550,0
2022-09-09 10:17:00,550,550,550,550,0
2022-09-09 10:18:00,550,550,550,550,0
2022-09-09 10:19:00,550,550,550,550,0
2022-09-09 10:20:00,550,550,550,550,0
2022-09-09 10:21:00,550,550,550,550,0
2022-09-09 10:22:00,550,550,550,550,0
2022-09-09 10:23:00,550,550,550,550,0
2022-09-09 10:24:00,550,550,550,550,0
2022-09-09 10:25:00,550,550,550,550,0
2022-09-09 10:26:00,545,545,550,550,600
2022-09-09 10:27:00,545,545,550,550,0
2022-09-09 10:28:00,545,545,550,550,0
2022-09-09 10:29:00,545,545,550,550,0
2022-09-09 10:30:00,545,545,550,550,0
2022-09-09 10:31:00,545,545,550,550,0
2022-09-09 10:32:00,545,545,550,550,0
2022-09-09 10:33:00,545,545,550,550,0
2022-09-09 10:34:00,545,545,550,550,0
2022-09-09 10:35:00,545,545,550,550,0
2022-09-09 10:36:00,545,545,550,550,0
2022-09-09 10:37:00,545,545,545,545,400
2022-09-09 10:38:00,545,545,550,550,19200
2022-09-09 10:39:00,550,550,550,550,2500
2022-09-09 10:40:00,550,550,550,550,0
2022-09-09 10:41:00,550,550,550,550,0
2022-09-09 10:42:00,550,550,550,550,0
2022-09-09 10:43:00,550,550,550,550,0
2022-09-09 10:44:00,550,550,550,550,0
2022-09-09 10:45:00,550,550,550,550,0
2022-09-09 10:46:00,550,550,550,550,0
2022-09-09 10:47:00,550,550,550,550,0
2022-09-09 10:48:00,550,550,550,550,0
2022-09-09 10:49:00,550,550,550,550,0
2022-09-09 10:50:00,550,550,550,550,0
2022-09-09 10:51:00,550,550,550,550,0
2022-09-09 10:52:00,550,550,550,550,0
2022-09-09 10:53:00,550,550,550,550,0
2022-09-09 10:54:00,550,550,550,550,0
2022-09-09 10:55:00,550,550,550,550,0
2022-09-09 10:56:00,550,550,550,550,0
2022-09-09 10:57:00,550,550,550,550,0
2022-09-09 10:58:00,545,545,550,550,700
2022-09-09 10:59:00,545,545,550,550,0
2022-09-09 11:00:00,545,545,550,550,0
2022-09-09 11:01:00,545,545,550,550,0
2022-09-09 11:02:00,545,545,550,550,0
2022-09-09 11:03:00,545,545,550,550,0
2022-09-09 11:04:00,545,545,550,550,0
2022-09-09 11:05:00,545,545,550,550,0
2022-09-09 11:06:00,545,545,550,550,0
2022-09-09 11:07:00,545,545,550,550,0
2022-09-09 11:08:00,545,545,550,550,0
2022-09-09 11:09:00,545,545,550,550,0
2022-09-09 11:10:00,545,545,550,550,0
2022-09-09 11:11:00,545,545,550,550,0
2022-09-09 11:12:00,545,545,550,550,0
2022-09-09 11:13:00,545,545,550,550,0
2022-09-09 11:14:00,545,545,550,550,0
2022-09-09 11:15:00,545,545,550,550,0
2022-09-09 11:16:00,545,545,550,550,0
2022-09-09 11:17:00,545,545,550,550,0
2022-09-09 11:18:00,545,545,550,550,0
2022-09-09 11:19:00,545,545,550,550,0
2022-09-09 11:20:00,545,545,550,550,0
2022-09-09 11:21:00,545,545,550,550,0
2022-09-09 11:22:00,545,545,550,550,0
2022-09-09 11:23:00,545,545,550,550,0
2022-09-09 11:24:00,545,545,550,550,0
2022-09-09 11:25:00,550,545,550,545,800
2022-09-09 11:26:00,550,550,550,550,400
2022-09-09 11:27:00,550,550,550,550,0
2022-09-09 11:28:00,550,550,550,550,0
2022-09-09 11:29:00,550,550,550,550,0
2022-09-09 11:30:00,550,550,550,550,0
2022-09-09 11:31:00,550,550,550,550,0
2022-09-09 11:32:00,550,550,550,550,0
2022-09-09 11:33:00,550,550,550,550,0
2022-09-09 11:34:00,550,550,550,550,0
2022-09-09 11:35:00,550,550,550,550,0
2022-09-09 11:36:00,550,550,550,550,0
2022-09-09 11:37:00,550,550,550,550,0
2022-09-09 11:38:00,550,550,550,550,0
2022-09-09 11:39:00,550,550,550,550,0
2022-09-09 11:40:00,550,550,550,550,0
2022-09-09 11:41:00,550,550,550,550,0
2022-09-09 11:42:00,550,550,550,550,0
2022-09-09 11:43:00,550,550,550,550,0
2022-09-09 11:44:00,550,550,550,550,0
2022-09-09 11:45:00,550,550,550,550,0
2022-09-09 11:46:00,550,550,550,550,0
2022-09-09 11:47:00,550,550,550,550,0
2022-09-09 11:48:00,550,550,550,550,0
2022-09-09 11:49:00,550,550,550,550,0
2022-09-09 11:50:00,550,550,550,550,0
2022-09-09 11:51:00,550,550,550,550,0
2022-09-09 11:52:00,550,550,550,550,0
2022-09-09 11:53:00,550,550,550,550,0
2022-09-09 11:54:00,550,550,550,550,0
2022-09-09 11:55:00,550,550,550,550,0
2022-09-09 11:56:00,550,550,550,550,0
2022-09-09 11:57:00,550,550,550,550,0
2022-09-09 11:58:00,550,550,550,550,0
2022-09-09 11:59:00,550,550,550,550,0
2022-09-09 12:00:00,550,550,550,550,0
2022-09-09 12:01:00,550,550,550,550,0
2022-09-09 12:02:00,550,550,550,550,0
2022-09-09 12:03:00,550,550,550,550,0
2022-09-09 12:04:00,550,550,550,550,0
2022-09-09 12:05:00,550,550,550,550,0
2022-09-09 12:06:00,550,550,550,550,0
2022-09-09 12:07:00,550,550,550,550,0
2022-09-09 12:08:00,550,550,550,550,0
2022-09-09 12:09:00,550,550,550,550,0
2022-09-09 12:10:00,550,550,550,550,0
2022-09-09 12:11:00,550,550,550,550,0
2022-09-09 12:12:00,550,550,550,550,0
2022-09-09 12:13:00,550,550,550,550,0
2022-09-09 12:14:00,550,550,550,550,0
2022-09-09 12:15:00,550,550,550,550,0
2022-09-09 12:16:00,550,550,550,550,0
2022-09-09 12:17:00,550,550,550,550,0
2022-09-09 12:18:00,550,550,550,550,0
2022-09-09 12:19:00,550,550,550,550,0
2022-09-09 12:20:00,550,550,550,550,0
2022-09-09 12:21:00,550,550,550,550,0
2022-09-09 12:22:00,550,550,550,550,0
2022-09-09 12:23:00,550,550,550,550,0
2022-09-09 12:24:00,550,550,550,550,0
2022-09-09 12:25:00,550,550,550,550,0
2022-09-09 12:26:00,550,550,550,550,0
2022-09-09 12:27:00,550,550,550,550,0
2022-09-09 12:28:00,550,550,550,550,0
2022-09-09 12:29:00,550,550,550,550,0
2022-09-09 12:30:00,550,550,550,550,0
2022-09-09 12:31:00,550,550,550,550,0
2022-09-09 12:32:00,550,550,550,550,0
2022-09-09 12:33:00,550,550,550,550,0
2022-09-09 12:34:00,550,550,550,550,0
2022-09-09 12:35:00,550,550,550,550,0
2022-09-09 12:36:00,550,550,550,550,0
2022-09-09 12:37:00,550,550,550,550,0
2022-09-09 12:38:00,550,550,550,550,0
2022-09-09 12:39:00,550,550,550,550,0
2022-09-09 12:40:00,550,550,550,550,0
2022-09-09 12:41:00,550,550,550,550,0
2022-09-09 12:42:00,550,550,550,550,0
2022-09-09 12:43:00,550,550,550,550,0
2022-09-09 12:44:00,550,550,550,550,0
2022-09-09 12:45:00,550,550,550,550,0
2022-09-09 12:46:00,550,550,550,550,0
2022-09-09 12:47:00,550,550,550,550,0
2022-09-09 12:48:00,550,550,550,550,0
2022-09-09 12:49:00,550,550,550,550,0
2022-09-09 12:50:00,550,550,550,550,0
2022-09-09 12:51:00,550,550,550,550,0
2022-09-09 12:52:00,550,550,550,550,0
2022-09-09 12:53:00,550,550,550,550,0
2022-09-09 12:54:00,550,550,550,550,0
2022-09-09 12:55:00,550,550,550,550,0
2022-09-09 12:56:00,550,550,550,550,0
2022-09-09 12:57:00,550,550,550,550,0
2022-09-09 12:58:00,550,550,550,550,0
2022-09-09 12:59:00,550,550,550,550,0
2022-09-09 13:00:00,550,550,550,550,0
2022-09-09 13:01:00,550,550,550,550,0
2022-09-09 13:02:00,550,550,550,550,0
2022-09-09 13:03:00,550,550,550,550,0
2022-09-09 13:04:00,550,550,550,550,0
2022-09-09 13:05:00,550,550,550,550,0
2022-09-09 13:06:00,550,550,550,550,0
2022-09-09 13:07:00,550,550,550,550,0
2022-09-09 13:08:00,550,550,550,550,0
2022-09-09 13:09:00,550,550,550,550,0
2022-09-09 13:10:00,550,550,550,550,0
2022-09-09 13:11:00,550,550,550,550,0
2022-09-09 13:12:00,550,550,550,550,0
2022-09-09 13:13:00,550,550,550,550,0
2022-09-09 13:14:00,550,550,550,550,0
2022-09-09 13:15:00,550,550,550,550,0
2022-09-09 13:16:00,550,550,550,550,0
2022-09-09 13:17:00,550,550,550,550,0
2022-09-09 13:18:00,550,550,550,550,0
2022-09-09 13:19:00,550,550,550,550,0
2022-09-09 13:20:00,550,550,550,550,0
2022-09-09 13:21:00,550,550,550,550,0
2022-09-09 13:22:00,550,550,550,550,0
2022-09-09 13:23:00,550,550,550,550,0
2022-09-09 13:24:00,550,550,550,550,0
2022-09-09 13:25:00,550,550,550,550,0
2022-09-09 13:26:00,550,550,550,550,0
2022-09-09 13:27:00,550,550,550,550,0
2022-09-09 13:28:00,550,550,550,550,0
2022-09-09 13:29:00,550,550,550,550,0
2022-09-09 13:30:00,550,550,550,550,0
2022-09-09 13:31:00,550,550,550,550,0
2022-09-09 13:32:00,550,550,550,550,0
2022-09-09 13:33:00,550,550,550,550,1200
2022-09-09 13:34:00,550,550,550,550,0
2022-09-09 13:35:00,550,550,550,550,0
2022-09-09 13:36:00,550,550,550,550,0
2022-09-09 13:37:00,550,550,550,550,0
2022-09-09 13:38:00,550,550,550,550,0
2022-09-09 13:39:00,550,550,550,550,0
2022-09-09 13:40:00,550,550,550,550,0
2022-09-09 13:41:00,550,550,550,550,0
2022-09-09 13:42:00,550,550,550,550,0
2022-09-09 13:43:00,550,550,550,550,0
2022-09-09 13:44:00,550,550,550,550,0
2022-09-09 13:45:00,550,550,550,550,0
2022-09-09 13:46:00,550,550,550,550,0
2022-09-09 13:47:00,550,550,550,550,0
2022-09-09 13:48:00,550,550,550,550,0
2022-09-09 13:49:00,550,550,550,550,0
2022-09-09 13:50:00,550,550,550,550,0
2022-09-09 13:51:00,550,550,550,550,0
2022-09-09 13:52:00,550,550,550,550,0
2022-09-09 13:53:00,550,550,550,550,0
2022-09-09 13:54:00,550,550,550,550,0
2022-09-09 13:55:00,550,550,550,550,0
2022-09-09 13:56:00,550,550,550,550,0
2022-09-09 13:57:00,550,550,550,550,0
2022-09-09 13:58:00,550,550,550,550,0
2022-09-09 13:59:00,550,550,550,550,0
2022-09-09 14:00:00,550,550,550,550,0
2022-09-09 14:01:00,550,550,550,550,0
2022-09-09 14:02:00,550,550,550,550,0
2022-09-09 14:03:00,545,545,550,550,800
2022-09-09 14:04:00,550,550,550,550,0
2022-09-09 14:05:00,550,550,550,550,0
2022-09-09 14:06:00,550,550,550,550,0
2022-09-09 14:07:00,550,550,550,550,0
2022-09-09 14:08:00,550,550,550,550,0
2022-09-09 14:09:00,550,550,550,550,0
2022-09-09 14:10:00,550,550,550,550,0
2022-09-09 14:11:00,550,550,550,550,0
2022-09-09 14:12:00,550,550,550,550,0
2022-09-09 14:13:00,550,550,550,550,0
2022-09-09 14:14:00,550,550,550,550,0
2022-09-09 14:15:00,550,550,550,550,0
2022-09-09 14:16:00,550,550,550,550,0
2022-09-09 14:17:00,550,550,550,550,0
2022-09-09 14:18:00,545,545,545,545,10100
2022-09-09 14:19:00,550,550,550,550,0
2022-09-09 14:20:00,550,550,550,550,0
2022-09-09 14:21:00,550,550,550,550,0
2022-09-09 14:22:00,550,550,550,550,0
2022-09-09 14:23:00,550,550,550,550,0
2022-09-09 14:24:00,550,550,550,550,0
2022-09-09 14:25:00,550,550,550,550,0
2022-09-09 14:26:00,550,550,550,550,0
2022-09-09 14:27:00,550,550,550,550,0
2022-09-09 14:28:00,550,550,550,550,0
2022-09-09 14:29:00,550,550,550,550,0
2022-09-09 14:30:00,550,550,550,550,0
2022-09-09 14:31:00,550,550,550,550,0
2022-09-09 14:32:00,550,550,550,550,0
2022-09-09 14:33:00,550,550,550,550,0
2022-09-09 14:34:00,550,550,550,550,0
2022-09-09 14:35:00,545,545,550,550,1000
2022-09-09 14:36:00,545,545,550,550,0
2022-09-09 14:37:00,545,545,550,550,0
2022-09-09 14:38:00,545,545,550,550,0
2022-09-09 14:39:00,545,545,550,550,0
2022-09-09 14:40:00,545,545,550,550,0
2022-09-09 14:41:00,545,545,550,550,0
2022-09-09 14:42:00,545,545,550,550,0
2022-09-09 14:43:00,550,550,550,550,200
2022-09-09 14:44:00,550,550,550,550,400
2022-09-09 14:45:00,550,550,550,550,0
2022-09-09 14:46:00,550,550,550,550,0
2022-09-09 14:47:00,550,550,550,550,900
2022-09-09 14:48:00,550,550,550,550,0
2022-09-09 14:49:00,545,545,550,550,3800
2022-09-09 14:50:00,545,545,550,550,0
2022-09-09 14:51:00,545,545,550,550,0
2022-09-09 14:52:00,545,545,550,550,0
2022-09-09 14:53:00,545,545,550,550,0
2022-09-09 14:54:00,545,545,550,550,0
2022-09-09 14:55:00,545,545,550,550,0
2022-09-09 14:56:00,545,545,550,550,0
2022-09-09 14:57:00,545,545,550,550,0
2022-09-09 14:58:00,545,545,550,550,0
2022-09-09 14:59:00,545,545,550,550,0
2022-09-09 15:00:00,545,545,550,550,0
2022-09-09 15:01:00,545,545,550,550,0
2022-09-09 15:02:00,545,545,550,550,0
2022-09-09 15:03:00,545,545,550,550,0
2022-09-09 15:04:00,545,545,550,550,0
2022-09-09 15:05:00,545,545,550,550,0
2022-09-09 15:06:00,545,545,550,550,0
2022-09-09 15:07:00,545,545,550,550,0
2022-09-09 15:08:00,545,545,550,550,0
2022-09-09 15:09:00,545,545,550,550,0
2022-09-09 15:10:00,545,545,550,550,0
2022-09-09 15:11:00,545,545,550,550,0
2022-09-09 15:12:00,545,545,550,550,0
2022-09-09 15:13:00,545,545,550,550,0
2022-09-09 15:14:00,545,545,550,550,0
2022-09-09 15:15:00,545,545,550,550,0
2022-09-09 15:16:00,545,545,550,550,0
2022-09-09 15:17:00,545,545,550,550,0
2022-09-09 15:18:00,545,545,550,550,0
2022-09-09 15:19:00,545,545,550,550,0
2022-09-09 15:20:00,545,545,550,550,0
2022-09-09 15:21:00,545,545,550,550,0
2022-09-09 15:22:00,545,545,550,550,0
2022-09-09 15:23:00,545,545,550,550,0
2022-09-09 15:24:00,545,545,550,550,0
2022-09-09 15:25:00,545,545,550,550,0
2022-09-09 15:26:00,545,545,550,550,0
2022-09-09 15:27:00,545,545,550,550,0
2022-09-09 15:28:00,545,545,550,550,0
2022-09-09 15:29:00,545,545,550,550,0
2022-09-09 15:30:00,545,545,550,550,0
2022-09-09 15:31:00,545,545,550,550,0
2022-09-09 15:32:00,545,545,550,550,0
2022-09-09 15:33:00,545,545,550,550,0
2022-09-09 15:34:00,545,545,550,550,0
2022-09-09 15:35:00,545,545,550,550,0
2022-09-09 15:36:00,545,545,550,550,0
2022-09-09 15:37:00,545,545,550,550,0
2022-09-09 15:38:00,545,545,550,550,0
2022-09-09 15:39:00,545,545,550,550,0
2022-09-09 15:40:00,545,545,550,550,0
2022-09-09 15:41:00,545,545,550,550,0
2022-09-09 15:42:00,545,545,550,550,0
2022-09-09 15:43:00,545,545,550,550,0
2022-09-09 15:44:00,545,545,550,550,0
2022-09-09 15:45:00,545,545,550,550,0
2022-09-09 15:46:00,545,545,550,550,0
2022-09-09 15:47:00,545,545,550,550,0
2022-09-09 15:48:00,545,545,550,550,0
2022-09-09 15:49:00,545,545,550,550,0
2022-09-09 15:50:00,545,545,550,550,0
2022-09-09 15:51:00,545,545,550,550,0
2022-09-09 15:52:00,545,545,550,550,0
2022-09-09 15:53:00,545,545,550,550,0
2022-09-09 15:54:00,545,545,550,550,0
2022-09-09 15:55:00,545,545,550,550,0
2022-09-09 15:56:00,545,545,550,550,0
2022-09-09 15:57:00,545,545,550,550,0
2022-09-09 15:58:00,545,545,550,550,0
2022-09-09 15:59:00,545,545,550,550,0
2022-09-12 09:00:00,550,550,550,550,0
2022-09-12 09:01:00,550,550,550,550,100
2022-09-12 09:02:00,550,550,550,550,0
2022-09-12 09:03:00,550,550,550,550,0
2022-09-12 09:04:00,550,550,550,550,0
2022-09-12 09:05:00,550,550,550,550,0
2022-09-12 09:06:00,550,550,550,550,0
2022-09-12 09:07:00,550,550,550,550,0
2022-09-12 09:08:00,550,550,550,550,0
2022-09-12 09:09:00,550,550,550,550,0
2022-09-12 09:10:00,550,550,550,550,0
2022-09-12 09:11:00,550,550,550,550,0
2022-09-12 09:12:00,550,550,550,550,0
2022-09-12 09:13:00,550,550,550,550,0
2022-09-12 09:14:00,550,550,550,550,0
2022-09-12 09:15:00,550,550,550,550,600
2022-09-12 09:16:00,550,550,550,550,0
2022-09-12 09:17:00,550,550,550,550,0
2022-09-12 09:18:00,550,550,550,550,0
2022-09-12 09:19:00,550,550,550,550,0
2022-09-12 09:20:00,550,550,550,550,0
2022-09-12 09:21:00,550,550,550,550,0
2022-09-12 09:22:00,550,550,550,550,0
2022-09-12 09:23:00,550,550,550,550,0
2022-09-12 09:24:00,550,550,550,550,0
2022-09-12 09:25:00,550,550,550,550,0
2022-09-12 09:26:00,550,550,550,550,0
2022-09-12 09:27:00,550,550,550,550,0
2022-09-12 09:28:00,550,550,550,550,0
2022-09-12 09:29:00,550,550,550,550,0
2022-09-12 09:30:00,550,550,550,550,0
2022-09-12 09:31:00,550,550,550,550,0
2022-09-12 09:32:00,545,545,550,550,37100
2022-09-12 09:33:00,550,550,550,550,23900
2022-09-12 09:34:00,550,550,550,550,10000
2022-09-12 09:35:00,550,550,550,550,0
2022-09-12 09:36:00,550,550,550,550,0
2022-09-12 09:37:00,550,550,550,550,0
2022-09-12 09:38:00,550,550,550,550,0
2022-09-12 09:39:00,550,550,550,550,0
2022-09-12 09:40:00,550,550,550,550,0
2022-09-12 09:41:00,550,550,550,550,0
2022-09-12 09:42:00,550,550,550,550,0
2022-09-12 09:43:00,550,550,550,550,0
2022-09-12 09:44:00,550,550,550,550,0
2022-09-12 09:45:00,550,550,550,550,0
2022-09-12 09:46:00,550,550,550,550,0
2022-09-12 09:47:00,550,550,550,550,0
2022-09-12 09:48:00,550,550,550,550,0
2022-09-12 09:49:00,550,550,550,550,0
2022-09-12 09:50:00,550,550,550,550,300
2022-09-12 09:51:00,550,550,550,550,0
2022-09-12 09:52:00,550,550,550,550,0
2022-09-12 09:53:00,550,550,550,550,0
2022-09-12 09:54:00,550,550,550,550,0
2022-09-12 09:55:00,550,550,550,550,0
2022-09-12 09:56:00,550,550,550,550,0
2022-09-12 09:57:00,550,550,550,550,0
2022-09-12 09:58:00,550,550,550,550,0
2022-09-12 09:59:00,550,550,550,550,0
2022-09-12 10:00:00,550,550,550,550,0
2022-09-12 10:01:00,550,550,550,550,0
2022-09-12 10:02:00,545,545,550,550,30600
2022-09-12 10:03:00,545,545,545,545,31700
2022-09-12 10:04:00,545,545,550,550,3900
2022-09-12 10:05:00,550,550,550,550,0
2022-09-12 10:06:00,550,550,550,550,0
2022-09-12 10:07:00,550,550,550,550,0
2022-09-12 10:08:00,550,550,550,550,0
2022-09-12 10:09:00,550,550,550,550,0
2022-09-12 10:10:00,550,550,550,550,0
2022-09-12 10:11:00,550,550,550,550,0
2022-09-12 10:12:00,550,550,550,550,0
2022-09-12 10:13:00,550,550,550,550,0
2022-09-12 10:14:00,550,550,550,550,0
2022-09-12 10:15:00,550,550,550,550,0
2022-09-12 10:16:00,550,550,550,550,0
2022-09-12 10:17:00,550,550,550,550,200
2022-09-12 10:18:00,550,550,550,550,0
2022-09-12 10:19:00,550,550,550,550,0
2022-09-12 10:20:00,550,550,550,550,0
2022-09-12 10:21:00,550,550,550,550,0
2022-09-12 10:22:00,550,550,550,550,0
2022-09-12 10:23:00,550,550,550,550,0
2022-09-12 10:24:00,550,550,550,550,0
2022-09-12 10:25:00,550,550,550,550,0
2022-09-12 10:26:00,550,550,550,550,0
2022-09-12 10:27:00,550,550,550,550,0
2022-09-12 10:28:00,550,550,550,550,0
2022-09-12 10:29:00,550,550,550,550,0
2022-09-12 10:30:00,550,550,550,550,0
2022-09-12 10:31:00,550,550,550,550,0
2022-09-12 10:32:00,550,550,550,550,0
2022-09-12 10:33:00,550,550,550,550,0
2022-09-12 10:34:00,550,550,550,550,0
2022-09-12 10:35:00,545,545,550,550,2100
2022-09-12 10:36:00,545,545,550,550,0
2022-09-12 10:37:00,545,545,550,550,0
2022-09-12 10:38:00,545,545,550,550,0
2022-09-12 10:39:00,545,545,550,550,0
2022-09-12 10:40:00,545,545,550,550,0
2022-09-12 10:41:00,545,545,550,550,0
2022-09-12 10:42:00,545,545,550,550,0
2022-09-12 10:43:00,545,545,550,550,5800
2022-09-12 10:44:00,545,545,550,550,0
2022-09-12 10:45:00,545,545,550,550,0
2022-09-12 10:46:00,545,545,550,550,0
2022-09-12 10:47:00,545,545,550,550,0
2022-09-12 10:48:00,545,545,550,550,0
2022-09-12 10:49:00,545,545,550,550,0
2022-09-12 10:50:00,545,545,550,550,0
2022-09-12 10:51:00,545,545,550,550,0
2022-09-12 10:52:00,545,545,550,550,0
2022-09-12 10:53:00,545,545,550,550,0
2022-09-12 10:54:00,545,545,550,550,0
2022-09-12 10:55:00,545,545,550,550,0
2022-09-12 10:56:00,545,545,550,550,0
2022-09-12 10:57:00,545,545,550,550,0
2022-09-12 10:58:00,545,545,550,550,0
2022-09-12 10:59:00,545,545,550,550,0
2022-09-12 11:00:00,545,545,550,550,0
2022-09-12 11:01:00,545,545,550,550,0
2022-09-12 11:02:00,545,545,550,550,0
2022-09-12 11:03:00,545,545,550,550,0
2022-09-12 11:04:00,545,545,550,550,0
2022-09-12 11:05:00,545,545,550,550,0
2022-09-12 11:06:00,545,545,550,550,2300
2022-09-12 11:07:00,545,545,550,550,0
2022-09-12 11:08:00,545,545,550,550,0
2022-09-12 11:09:00,545,545,550,550,0
2022-09-12 11:10:00,545,545,550,550,0
2022-09-12 11:11:00,545,545,550,550,0
2022-09-12 11:12:00,545,545,550,550,0
2022-09-12 11:13:00,545,545,550,550,0
2022-09-12 11:14:00,545,545,550,550,0
2022-09-12 11:15:00,545,545,550,550,0
2022-09-12 11:16:00,545,545,550,550,0
2022-09-12 11:17:00,545,545,550,550,0
2022-09-12 11:18:00,545,545,550,550,0
2022-09-12 11:19:00,545,545,550,550,0
2022-09-12 11:20:00,545,545,550,550,0
2022-09-12 11:21:00,545,545,550,550,0
2022-09-12 11:22:00,545,545,550,550,0
2022-09-12 11:23:00,545,545,550,550,0
2022-09-12 11:24:00,545,545,550,550,0
2022-09-12 11:25:00,545,545,550,550,0
2022-09-12 11:26:00,545,545,550,550,0
2022-09-12 11:27:00,545,545,550,550,0
2022-09-12 11:28:00,550,550,550,550,400
2022-09-12 11:29:00,550,550,550,550,0
2022-09-12 11:30:00,550,550,550,550,0
2022-09-12 11:31:00,550,550,550,550,0
2022-09-12 11:32:00,550,550,550,550,0
2022-09-12 11:33:00,550,550,550,550,0
2022-09-12 11:34:00,550,550,550,550,0
2022-09-12 11:35:00,550,550,550,550,0
2022-09-12 11:36:00,550,550,550,550,0
2022-09-12 11:37:00,550,550,550,550,0
2022-09-12 11:38:00,550,550,550,550,0
2022-09-12 11:39:00,550,550,550,550,0
2022-09-12 11:40:00,550,550,550,550,0
2022-09-12 11:41:00,550,550,550,550,0
2022-09-12 11:42:00,550,550,550,550,0
2022-09-12 11:43:00,550,550,550,550,0
2022-09-12 11:44:00,550,550,550,550,0
2022-09-12 11:45:00,550,550,550,550,0
2022-09-12 11:46:00,550,550,550,550,0
2022-09-12 11:47:00,550,550,550,550,0
2022-09-12 11:48:00,550,550,550,550,0
2022-09-12 11:49:00,550,550,550,550,0
2022-09-12 11:50:00,550,550,550,550,0
2022-09-12 11:51:00,550,550,550,550,0
2022-09-12 11:52:00,550,550,550,550,0
2022-09-12 11:53:00,550,550,550,550,0
2022-09-12 11:54:00,550,550,550,550,0
2022-09-12 11:55:00,550,550,550,550,0
2022-09-12 11:56:00,550,550,550,550,0
2022-09-12 11:57:00,550,550,550,550,0
2022-09-12 11:58:00,550,550,550,550,0
2022-09-12 11:59:00,550,550,550,550,0
2022-09-12 12:00:00,550,550,550,550,0
2022-09-12 12:01:00,550,550,550,550,0
2022-09-12 12:02:00,550,550,550,550,0
2022-09-12 12:03:00,550,550,550,550,0
2022-09-12 12:04:00,550,550,550,550,0
2022-09-12 12:05:00,550,550,550,550,0
2022-09-12 12:06:00,550,550,550,550,0
2022-09-12 12:07:00,550,550,550,550,0
2022-09-12 12:08:00,550,550,550,550,0
2022-09-12 12:09:00,550,550,550,550,0
2022-09-12 12:10:00,550,550,550,550,0
2022-09-12 12:11:00,550,550,550,550,0
2022-09-12 12:12:00,550,550,550,550,0
2022-09-12 12:13:00,550,550,550,550,0
2022-09-12 12:14:00,550,550,550,550,0
2022-09-12 12:15:00,550,550,550,550,0
2022-09-12 12:16:00,550,550,550,550,0
2022-09-12 12:17:00,550,550,550,550,0
2022-09-12 12:18:00,550,550,550,550,0
2022-09-12 12:19:00,550,550,550,550,0
2022-09-12 12:20:00,550,550,550,550,0
2022-09-12 12:21:00,550,550,550,550,0
2022-09-12 12:22:00,550,550,550,550,0
2022-09-12 12:23:00,550,550,550,550,0
2022-09-12 12:24:00,550,550,550,550,0
2022-09-12 12:25:00,550,550,550,550,0
2022-09-12 12:26:00,550,550,550,550,0
2022-09-12 12:27:00,550,550,550,550,0
2022-09-12 12:28:00,550,550,550,550,0
2022-09-12 12:29:00,550,550,550,550,0
2022-09-12 12:30:00,550,550,550,550,0
2022-09-12 12:31:00,550,550,550,550,0
2022-09-12 12:32:00,550,550,550,550,0
2022-09-12 12:33:00,550,550,550,550,0
2022-09-12 12:34:00,550,550,550,550,0
2022-09-12 12:35:00,550,550,550,550,0
2022-09-12 12:36:00,550,550,550,550,0
2022-09-12 12:37:00,550,550,550,550,0
2022-09-12 12:38:00,550,550,550,550,0
2022-09-12 12:39:00,550,550,550,550,0
2022-09-12 12:40:00,550,550,550,550,0
2022-09-12 12:41:00,550,550,550,550,0
2022-09-12 12:42:00,550,550,550,550,0
2022-09-12 12:43:00,550,550,550,550,0
2022-09-12 12:44:00,550,550,550,550,0
2022-09-12 12:45:00,550,550,550,550,0
2022-09-12 12:46:00,550,550,550,550,0
2022-09-12 12:47:00,550,550,550,550,0
2022-09-12 12:48:00,550,550,550,550,0
2022-09-12 12:49:00,550,550,550,550,0
2022-09-12 12:50:00,550,550,550,550,0
2022-09-12 12:51:00,550,550,550,550,0
2022-09-12 12:52:00,550,550,550,550,0
2022-09-12 12:53:00,550,550,550,550,0
2022-09-12 12:54:00,550,550,550,550,0
2022-09-12 12:55:00,550,550,550,550,0
2022-09-12 12:56:00,550,550,550,550,0
2022-09-12 12:57:00,550,550,550,550,0
2022-09-12 12:58:00,550,550,550,550,0
2022-09-12 12:59:00,550,550,550,550,0
2022-09-12 13:00:00,550,550,550,550,0
2022-09-12 13:01:00,550,550,550,550,0
2022-09-12 13:02:00,550,550,550,550,0
2022-09-12 13:03:00,550,550,550,550,0
2022-09-12 13:04:00,550,550,550,550,0
2022-09-12 13:05:00,550,550,550,550,0
2022-09-12 13:06:00,550,550,550,550,0
2022-09-12 13:07:00,550,550,550,550,0
2022-09-12 13:08:00,550,550,550,550,0
2022-09-12 13:09:00,550,550,550,550,0
2022-09-12 13:10:00,550,550,550,550,0
2022-09-12 13:11:00,550,550,550,550,0
2022-09-12 13:12:00,550,550,550,550,0
2022-09-12 13:13:00,550,550,550,550,0
2022-09-12 13:14:00,550,550,550,550,0
2022-09-12 13:15:00,550,550,550,550,0
2022-09-12 13:16:00,550,550,550,550,0
2022-09-12 13:17:00,550,550,550,550,0
2022-09-12 13:18:00,550,550,550,550,0
2022-09-12 13:19:00,550,550,550,550,0
2022-09-12 13:20:00,550,550,550,550,0
2022-09-12 13:21:00,550,550,550,550,0
2022-09-12 13:22:00,550,550,550,550,0
2022-09-12 13:23:00,550,550,550,550,0
2022-09-12 13:24:00,550,550,550,550,0
2022-09-12 13:25:00,550,550,550,550,0
2022-09-12 13:26:00,550,550,550,550,0
2022-09-12 13:27:00,550,550,550,550,0
2022-09-12 13:28:00,550,550,550,550,0
2022-09-12 13:29:00,550,550,550,550,0
2022-09-12 13:30:00,550,550,550,550,0
2022-09-12 13:31:00,550,550,550,550,0
2022-09-12 13:32:00,550,550,550,550,0
2022-09-12 13:33:00,550,550,550,550,0
2022-09-12 13:34:00,550,550,550,550,0
2022-09-12 13:35:00,550,550,550,550,0
2022-09-12 13:36:00,550,550,550,550,0
2022-09-12 13:37:00,550,550,550,550,0
2022-09-12 13:38:00,550,550,550,550,0
2022-09-12 13:39:00,550,550,550,550,0
2022-09-12 13:40:00,550,550,550,550,0
2022-09-12 13:41:00,550,550,550,550,0
2022-09-12 13:42:00,550,550,550,550,0
2022-09-12 13:43:00,550,550,550,550,0
2022-09-12 13:44:00,550,550,550,550,0
2022-09-12 13:45:00,550,550,550,550,0
2022-09-12 13:46:00,550,550,550,550,0
2022-09-12 13:47:00,550,550,550,550,600
2022-09-12 13:48:00,550,550,550,550,500
2022-09-12 13:49:00,550,550,550,550,0
2022-09-12 13:50:00,550,550,550,550,1200
2022-09-12 13:51:00,550,550,550,550,0
2022-09-12 13:52:00,550,550,550,550,0
2022-09-12 13:53:00,550,550,550,550,0
2022-09-12 13:54:00,550,550,550,550,0
2022-09-12 13:55:00,550,550,550,550,0
2022-09-12 13:56:00,550,550,550,550,0
2022-09-12 13:57:00,550,550,550,550,0
2022-09-12 13:58:00,550,550,550,550,0
2022-09-12 13:59:00,550,550,550,550,0
2022-09-12 14:00:00,550,550,550,550,0
2022-09-12 14:01:00,550,550,550,550,0
2022-09-12 14:02:00,550,550,550,550,0
2022-09-12 14:03:00,550,550,550,550,0
2022-09-12 14:04:00,550,550,550,550,0
2022-09-12 14:05:00,550,550,550,550,0
2022-09-12 14:06:00,550,550,550,550,0
2022-09-12 14:07:00,550,550,550,550,0
2022-09-12 14:08:00,550,550,550,550,0
2022-09-12 14:09:00,550,550,550,550,0
2022-09-12 14:10:00,550,550,550,550,0
2022-09-12 14:11:00,550,550,550,550,0
2022-09-12 14:12:00,550,550,550,550,0
2022-09-12 14:13:00,550,550,550,550,0
2022-09-12 14:14:00,550,550,550,550,0
2022-09-12 14:15:00,550,550,550,550,0
2022-09-12 14:16:00,550,550,550,550,0
2022-09-12 14:17:00,545,545,550,550,1600
2022-09-12 14:18:00,545,545,550,550,0
2022-09-12 14:19:00,545,545,550,550,0
2022-09-12 14:20:00,550,550,550,550,0
2022-09-12 14:21:00,550,550,550,550,0
2022-09-12 14:22:00,550,550,550,550,0
2022-09-12 14:23:00,550,550,550,550,0
2022-09-12 14:24:00,550,550,550,550,0
2022-09-12 14:25:00,550,550,550,550,300
2022-09-12 14:26:00,550,550,550,550,14700
2022-09-12 14:27:00,550,550,550,550,0
2022-09-12 14:28:00,550,550,550,550,0
2022-09-12 14:29:00,550,550,550,550,0
2022-09-12 14:30:00,550,550,550,550,300
2022-09-12 14:31:00,550,550,550,550,0
2022-09-12 14:32:00,550,550,550,550,0
2022-09-12 14:33:00,550,550,550,550,0
2022-09-12 14:34:00,550,550,550,550,0
2022-09-12 14:35:00,550,550,550,550,0
2022-09-12 14:36:00,545,545,545,545,1700
2022-09-12 14:37:00,550,550,550,550,0
2022-09-12 14:38:00,545,545,550,550,200
2022-09-12 14:39:00,545,545,550,550,0
2022-09-12 14:40:00,545,545,550,550,0
2022-09-12 14:41:00,545,545,550,550,0
2022-09-12 14:42:00,550,550,550,550,600
2022-09-12 14:43:00,550,550,550,550,0
2022-09-12 14:44:00,550,550,550,550,0
2022-09-12 14:45:00,550,550,550,550,300
2022-09-12 14:46:00,550,550,550,550,0
2022-09-12 14:47:00,550,550,550,550,600
2022-09-12 14:48:00,550,550,550,550,0
2022-09-12 14:49:00,550,550,550,550,1100
2022-09-12 14:50:00,550,550,550,550,0
2022-09-12 14:51:00,550,550,550,550,0
2022-09-12 14:52:00,550,550,550,550,0
2022-09-12 14:53:00,550,550,550,550,0
2022-09-12 14:54:00,550,550,550,550,0
2022-09-12 14:55:00,550,550,550,550,0
2022-09-12 14:56:00,550,550,550,550,0
2022-09-12 14:57:00,550,550,550,550,0
2022-09-12 14:58:00,550,550,550,550,0
2022-09-12 14:59:00,550,550,550,550,0
2022-09-12 15:00:00,550,550,550,550,103000
2022-09-12 15:01:00,550,550,550,550,0
2022-09-12 15:02:00,550,550,550,550,0
2022-09-12 15:03:00,550,550,550,550,0
2022-09-12 15:04:00,550,550,550,550,0
2022-09-12 15:05:00,550,550,550,550,0
2022-09-12 15:06:00,550,550,550,550,0
2022-09-12 15:07:00,550,550,550,550,0
2022-09-12 15:08:00,550,550,550,550,0
2022-09-12 15:09:00,550,550,550,550,0
2022-09-12 15:10:00,550,550,550,550,0
2022-09-12 15:11:00,550,550,550,550,0
2022-09-12 15:12:00,550,550,550,550,0
2022-09-12 15:13:00,550,550,550,550,0
2022-09-12 15:14:00,550,550,550,550,0
2022-09-12 15:15:00,550,550,550,550,0
2022-09-12 15:16:00,550,550,550,550,0
2022-09-12 15:17:00,550,550,550,550,0
2022-09-12 15:18:00,550,550,550,550,0
2022-09-12 15:19:00,550,550,550,550,0
2022-09-12 15:20:00,550,550,550,550,0
2022-09-12 15:21:00,550,550,550,550,0
2022-09-12 15:22:00,550,550,550,550,0
2022-09-12 15:23:00,550,550,550,550,0
2022-09-12 15:24:00,550,550,550,550,0
2022-09-12 15:25:00,550,550,550,550,0
2022-09-12 15:26:00,550,550,550,550,0
2022-09-12 15:27:00,550,550,550,550,0
2022-09-12 15:28:00,550,550,550,550,0
2022-09-12 15:29:00,550,550,550,550,0
2022-09-12 15:30:00,550,550,550,550,0
2022-09-12 15:31:00,550,550,550,550,0
2022-09-12 15:32:00,550,550,550,550,0
2022-09-12 15:33:00,550,550,550,550,0
2022-09-12 15:34:00,550,550,550,550,0
2022-09-12 15:35:00,550,550,550,550,0
2022-09-12 15:36:00,550,550,550,550,0
2022-09-12 15:37:00,550,550,550,550,0
2022-09-12 15:38:00,550,550,550,550,0
2022-09-12 15:39:00,550,550,550,550,0
2022-09-12 15:40:00,550,550,550,550,0
2022-09-12 15:41:00,550,550,550,550,0
2022-09-12 15:42:00,550,550,550,550,0
2022-09-12 15:43:00,550,550,550,550,0
2022-09-12 15:44:00,550,550,550,550,0
2022-09-12 15:45:00,550,550,550,550,0
2022-09-12 15:46:00,550,550,550,550,0
2022-09-12 15:47:00,550,550,550,550,0
2022-09-12 15:48:00,550,550,550,550,0
2022-09-12 15:49:00,550,550,550,550,0
2022-09-12 15:50:00,550,550,550,550,0
2022-09-12 15:51:00,550,550,550,550,0
2022-09-12 15:52:00,550,550,550,550,0
2022-09-12 15:53:00,550,550,550,550,0
2022-09-12 15:54:00,550,550,550,550,0
2022-09-12 15:55:00,550,550,550,550,0
2022-09-12 15:56:00,550,550,550,550,0
2022-09-12 15:57:00,550,550,550,550,0
2022-09-12 15:58:00,550,550,550,550,0
2022-09-12 15:59:00,550,550,550,550,0
2022-09-13 09:00:00,550,545,550,545,500
2022-09-13 09:01:00,550,550,550,550,700
2022-09-13 09:02:00,550,550,550,550,0
2022-09-13 09:03:00,550,550,550,550,0
2022-09-13 09:04:00,550,550,550,550,0
2022-09-13 09:05:00,550,550,550,550,0
2022-09-13 09:06:00,550,550,550,550,0
2022-09-13 09:07:00,550,550,550,550,0
2022-09-13 09:08:00,550,550,550,550,0
2022-09-13 09:09:00,550,550,550,550,0
2022-09-13 09:10:00,545,545,550,550,6200
2022-09-13 09:11:00,545,545,550,550,0
2022-09-13 09:12:00,545,545,550,550,0
2022-09-13 09:13:00,545,545,550,550,0
2022-09-13 09:14:00,545,545,550,550,0
2022-09-13 09:15:00,545,545,550,550,0
2022-09-13 09:16:00,545,545,550,550,0
2022-09-13 09:17:00,545,545,550,550,0
2022-09-13 09:18:00,545,545,550,550,0
2022-09-13 09:19:00,545,545,550,550,0
2022-09-13 09:20:00,545,545,550,550,0
2022-09-13 09:21:00,545,545,550,550,0
2022-09-13 09:22:00,545,545,550,550,0
2022-09-13 09:23:00,545,545,550,550,0
2022-09-13 09:24:00,545,545,550,550,0
2022-09-13 09:25:00,545,545,550,550,0
2022-09-13 09:26:00,550,550,550,550,200
2022-09-13 09:27:00,550,550,550,550,0
2022-09-13 09:28:00,550,550,550,550,0
2022-09-13 09:29:00,550,550,550,550,0
2022-09-13 09:30:00,550,550,550,550,0
2022-09-13 09:31:00,550,550,550,550,0
2022-09-13 09:32:00,550,550,550,550,0
2022-09-13 09:33:00,550,550,550,550,0
2022-09-13 09:34:00,550,550,550,550,0
2022-09-13 09:35:00,550,550,550,550,0
2022-09-13 09:36:00,550,550,550,550,0
2022-09-13 09:37:00,550,550,550,550,0
2022-09-13 09:38:00,550,550,550,550,0
2022-09-13 09:39:00,550,550,550,550,0
2022-09-13 09:40:00,550,550,550,550,0
2022-09-13 09:41:00,550,550,550,550,0
2022-09-13 09:42:00,550,550,550,550,0
2022-09-13 09:43:00,550,550,550,550,0
2022-09-13 09:44:00,550,550,550,550,0
2022-09-13 09:45:00,550,550,550,550,0
2022-09-13 09:46:00,550,550,550,550,0
2022-09-13 09:47:00,545,545,545,545,200
2022-09-13 09:48:00,550,550,550,550,400
2022-09-13 09:49:00,550,550,550,550,0
2022-09-13 09:50:00,550,550,550,550,0
2022-09-13 09:51:00,550,550,550,550,0
2022-09-13 09:52:00,550,550,550,550,0
2022-09-13 09:53:00,550,550,550,550,0
2022-09-13 09:54:00,550,550,550,550,0
2022-09-13 09:55:00,550,550,550,550,0
2022-09-13 09:56:00,550,550,550,550,0
2022-09-13 09:57:00,550,550,550,550,0
2022-09-13 09:58:00,550,550,550,550,0
2022-09-13 09:59:00,550,550,550,550,0
2022-09-13 10:00:00,550,550,550,550,0
2022-09-13 10:01:00,550,550,550,550,0
2022-09-13 10:02:00,550,550,550,550,0
2022-09-13 10:03:00,550,550,550,550,0
2022-09-13 10:04:00,545,545,545,545,11600
2022-09-13 10:05:00,545,545,545,545,0
2022-09-13 10:06:00,550,550,550,550,0
2022-09-13 10:07:00,550,550,550,550,0
2022-09-13 10:08:00,550,550,550,550,0
2022-09-13 10:09:00,550,550,550,550,0
2022-09-13 10:10:00,550,550,550,550,0
2022-09-13 10:11:00,550,550,550,550,0
2022-09-13 10:12:00,550,550,550,550,0
2022-09-13 10:13:00,550,550,550,550,0
2022-09-13 10:14:00,550,550,550,550,0
2022-09-13 10:15:00,545,545,545,545,2400
2022-09-13 10:16:00,545,545,545,545,0
2022-09-13 10:17:00,550,550,550,550,0
2022-09-13 10:18:00,550,550,550,550,0
2022-09-13 10:19:00,550,550,550,550,0
2022-09-13 10:20:00,550,550,550,550,0
2022-09-13 10:21:00,550,550,550,550,0
2022-09-13 10:22:00,550,550,550,550,0
2022-09-13 10:23:00,550,550,550,550,0
2022-09-13 10:24:00,550,550,550,550,0
2022-09-13 10:25:00,550,550,550,550,0
2022-09-13 10:26:00,550,550,550,550,0
2022-09-13 10:27:00,550,550,550,550,0
2022-09-13 10:28:00,550,550,550,550,0
2022-09-13 10:29:00,550,550,550,550,0
2022-09-13 10:30:00,550,550,550,550,0
2022-09-13 10:31:00,550,550,550,550,0
2022-09-13 10:32:00,550,550,550,550,0
2022-09-13 10:33:00,550,550,550,550,0
2022-09-13 10:34:00,550,550,550,550,0
2022-09-13 10:35:00,550,550,550,550,0
2022-09-13 10:36:00,550,550,550,550,0
2022-09-13 10:37:00,550,550,550,550,0
2022-09-13 10:38:00,550,550,550,550,0
2022-09-13 10:39:00,550,550,550,550,0
2022-09-13 10:40:00,550,550,550,550,0
2022-09-13 10:41:00,550,550,550,550,0
2022-09-13 10:42:00,550,550,550,550,0
2022-09-13 10:43:00,550,550,550,550,0
2022-09-13 10:44:00,550,550,550,550,0
2022-09-13 10:45:00,550,550,550,550,0
2022-09-13 10:46:00,550,550,550,550,0
2022-09-13 10:47:00,550,550,550,550,0
2022-09-13 10:48:00,550,550,550,550,0
2022-09-13 10:49:00,550,550,550,550,0
2022-09-13 10:50:00,550,550,550,550,0
2022-09-13 10:51:00,550,550,550,550,0
2022-09-13 10:52:00,550,550,550,550,0
2022-09-13 10:53:00,550,550,550,550,0
2022-09-13 10:54:00,550,550,550,550,0
2022-09-13 10:55:00,545,545,545,545,10000
2022-09-13 10:56:00,550,550,550,550,0
2022-09-13 10:57:00,550,550,550,550,0
2022-09-13 10:58:00,550,550,550,550,0
2022-09-13 10:59:00,550,550,550,550,0
2022-09-13 11:00:00,545,545,550,550,200
2022-09-13 11:01:00,545,545,550,550,0
2022-09-13 11:02:00,545,545,550,550,0
2022-09-13 11:03:00,545,545,550,550,0
2022-09-13 11:04:00,545,545,550,550,0
2022-09-13 11:05:00,545,545,550,550,0
2022-09-13 11:06:00,545,545,550,550,0
2022-09-13 11:07:00,545,545,550,550,0
2022-09-13 11:08:00,545,545,550,550,0
2022-09-13 11:09:00,545,545,550,550,0
2022-09-13 11:10:00,545,545,550,550,0
2022-09-13 11:11:00,545,545,550,550,0
2022-09-13 11:12:00,545,545,550,550,0
2022-09-13 11:13:00,545,545,550,550,0
2022-09-13 11:14:00,545,545,550,550,0
2022-09-13 11:15:00,545,545,550,550,0
2022-09-13 11:16:00,545,545,550,550,0
2022-09-13 11:17:00,545,545,545,545,32700
2022-09-13 11:18:00,545,545,545,545,0
2022-09-13 11:19:00,545,540,545,540,200
2022-09-13 11:20:00,545,545,545,545,300
2022-09-13 11:21:00,545,545,545,545,0
2022-09-13 11:22:00,545,545,545,545,100
2022-09-13 11:23:00,545,545,545,545,0
2022-09-13 11:24:00,545,545,545,545,0
2022-09-13 11:25:00,545,545,545,545,0
2022-09-13 11:26:00,545,545,545,545,0
2022-09-13 11:27:00,545,545,545,545,0
2022-09-13 11:28:00,545,545,545,545,0
2022-09-13 11:29:00,545,545,545,545,400
2022-09-13 11:30:00,545,545,545,545,0
2022-09-13 11:31:00,545,545,545,545,0
2022-09-13 11:32:00,545,545,545,545,0
2022-09-13 11:33:00,545,545,545,545,0
2022-09-13 11:34:00,545,545,545,545,0
2022-09-13 11:35:00,545,545,545,545,0
2022-09-13 11:36:00,545,545,545,545,0
2022-09-13 11:37:00,545,545,545,545,0
2022-09-13 11:38:00,545,545,545,545,0
2022-09-13 11:39:00,545,545,545,545,0
2022-09-13 11:40:00,545,545,545,545,0
2022-09-13 11:41:00,545,545,545,545,0
2022-09-13 11:42:00,545,545,545,545,0
2022-09-13 11:43:00,545,545,545,545,0
2022-09-13 11:44:00,545,545,545,545,0
2022-09-13 11:45:00,545,545,545,545,0
2022-09-13 11:46:00,545,545,545,545,0
2022-09-13 11:47:00,545,545,545,545,0
2022-09-13 11:48:00,545,545,545,545,0
2022-09-13 11:49:00,545,545,545,545,0
2022-09-13 11:50:00,545,545,545,545,0
2022-09-13 11:51:00,545,545,545,545,0
2022-09-13 11:52:00,545,545,545,545,0
2022-09-13 11:53:00,545,545,545,545,0
2022-09-13 11:54:00,545,545,545,545,0
2022-09-13 11:55:00,545,545,545,545,0
2022-09-13 11:56:00,545,545,545,545,0
2022-09-13 11:57:00,545,545,545,545,0
2022-09-13 11:58:00,545,545,545,545,0
2022-09-13 11:59:00,545,545,545,545,0
2022-09-13 12:00:00,545,545,545,545,0
2022-09-13 12:01:00,545,545,545,545,0
2022-09-13 12:02:00,545,545,545,545,0
2022-09-13 12:03:00,545,545,545,545,0
2022-09-13 12:04:00,545,545,545,545,0
2022-09-13 12:05:00,545,545,545,545,0
2022-09-13 12:06:00,545,545,545,545,0
2022-09-13 12:07:00,545,545,545,545,0
2022-09-13 12:08:00,545,545,545,545,0
2022-09-13 12:09:00,545,545,545,545,0
2022-09-13 12:10:00,545,545,545,545,0
2022-09-13 12:11:00,545,545,545,545,0
2022-09-13 12:12:00,545,545,545,545,0
2022-09-13 12:13:00,545,545,545,545,0
2022-09-13 12:14:00,545,545,545,545,0
2022-09-13 12:15:00,545,545,545,545,0
2022-09-13 12:16:00,545,545,545,545,0
2022-09-13 12:17:00,545,545,545,545,0
2022-09-13 12:18:00,545,545,545,545,0
2022-09-13 12:19:00,545,545,545,545,0
2022-09-13 12:20:00,545,545,545,545,0
2022-09-13 12:21:00,545,545,545,545,0
2022-09-13 12:22:00,545,545,545,545,0
2022-09-13 12:23:00,545,545,545,545,0
2022-09-13 12:24:00,545,545,545,545,0
2022-09-13 12:25:00,545,545,545,545,0
2022-09-13 12:26:00,545,545,545,545,0
2022-09-13 12:27:00,545,545,545,545,0
2022-09-13 12:28:00,545,545,545,545,0
2022-09-13 12:29:00,545,545,545,545,0
2022-09-13 12:30:00,545,545,545,545,0
2022-09-13 12:31:00,545,545,545,545,0
2022-09-13 12:32:00,545,545,545,545,0
2022-09-13 12:33:00,545,545,545,545,0
2022-09-13 12:34:00,545,545,545,545,0
2022-09-13 12:35:00,545,545,545,545,0
2022-09-13 12:36:00,545,545,545,545,0
2022-09-13 12:37:00,545,545,545,545,0
2022-09-13 12:38:00,545,545,545,545,0
2022-09-13 12:39:00,545,545,545,545,0
2022-09-13 12:40:00,545,545,545,545,0
2022-09-13 12:41:00,545,545,545,545,0
2022-09-13 12:42:00,545,545,545,545,0
2022-09-13 12:43:00,545,545,545,545,0
2022-09-13 12:44:00,545,545,545,545,0
2022-09-13 12:45:00,545,545,545,545,0
2022-09-13 12:46:00,545,545,545,545,0
2022-09-13 12:47:00,545,545,545,545,0
2022-09-13 12:48:00,545,545,545,545,0
2022-09-13 12:49:00,545,545,545,545,0
2022-09-13 12:50:00,545,545,545,545,0
2022-09-13 12:51:00,545,545,545,545,0
2022-09-13 12:52:00,545,545,545,545,0
2022-09-13 12:53:00,545,545,545,545,0
2022-09-13 12:54:00,545,545,545,545,0
2022-09-13 12:55:00,545,545,545,545,0
2022-09-13 12:56:00,545,545,545,545,0
2022-09-13 12:57:00,545,545,545,545,0
2022-09-13 12:58:00,545,545,545,545,0
2022-09-13 12:59:00,545,545,545,545,0
2022-09-13 13:00:00,545,545,545,545,0
2022-09-13 13:01:00,545,545,545,545,0
2022-09-13 13:02:00,545,545,545,545,0
2022-09-13 13:03:00,545,545,545,545,0
2022-09-13 13:04:00,545,545,545,545,0
2022-09-13 13:05:00,545,545,545,545,0
2022-09-13 13:06:00,545,545,545,545,0
2022-09-13 13:07:00,545,545,545,545,0
2022-09-13 13:08:00,545,545,545,545,0
2022-09-13 13:09:00,545,545,545,545,0
2022-09-13 13:10:00,545,545,545,545,0
2022-09-13 13:11:00,545,545,545,545,0
2022-09-13 13:12:00,545,545,545,545,0
2022-09-13 13:13:00,545,545,545,545,0
2022-09-13 13:14:00,545,545,545,545,0
2022-09-13 13:15:00,545,545,545,545,0
2022-09-13 13:16:00,545,545,545,545,0
2022-09-13 13:17:00,545,545,545,545,0
2022-09-13 13:18:00,545,545,545,545,0
2022-09-13 13:19:00,545,545,545,545,0
2022-09-13 13:20:00,545,545,545,545,0
2022-09-13 13:21:00,545,545,545,545,0
2022-09-13 13:22:00,545,545,545,545,0
2022-09-13 13:23:00,545,545,545,545,0
2022-09-13 13:24:00,545,545,545,545,0
2022-09-13 13:25:00,545,545,545,545,0
2022-09-13 13:26:00,545,545,545,545,0
2022-09-13 13:27:00,545,545,545,545,0
2022-09-13 13:28:00,545,545,545,545,0
2022-09-13 13:29:00,545,545,545,545,0
2022-09-13 13:30:00,545,545,545,545,100
2022-09-13 13:31:00,545,545,545,545,0
2022-09-13 13:32:00,545,545,545,545,0
2022-09-13 13:33:00,545,545,545,545,0
2022-09-13 13:34:00,545,545,545,545,0
2022-09-13 13:35:00,545,545,545,545,0
2022-09-13 13:36:00,545,545,545,545,0
2022-09-13 13:37:00,545,545,545,545,0
2022-09-13 13:38:00,545,545,545,545,0
2022-09-13 13:39:00,545,545,545,545,0
2022-09-13 13:40:00,545,545,545,545,0
2022-09-13 13:41:00,545,545,545,545,0
2022-09-13 13:42:00,545,545,545,545,0
2022-09-13 13:43:00,545,545,545,545,0
2022-09-13 13:44:00,545,545,545,545,0
2022-09-13 13:45:00,545,545,545,545,0
2022-09-13 13:46:00,545,545,545,545,0
2022-09-13 13:47:00,545,545,545,545,0
2022-09-13 13:48:00,545,545,545,545,0
2022-09-13 13:49:00,545,545,545,545,0
2022-09-13 13:50:00,545,545,545,545,0
2022-09-13 13:51:00,545,545,545,545,0
2022-09-13 13:52:00,545,545,545,545,100
2022-09-13 13:53:00,545,545,545,545,0
2022-09-13 13:54:00,545,545,545,545,0
2022-09-13 13:55:00,545,545,545,545,0
2022-09-13 13:56:00,545,545,545,545,400
2022-09-13 13:57:00,545,545,545,545,0
2022-09-13 13:58:00,545,545,545,545,0
2022-09-13 13:59:00,545,545,545,545,400
2022-09-13 14:00:00,545,540,545,540,0
2022-09-13 14:01:00,545,545,545,545,500
2022-09-13 14:02:00,545,545,545,545,0
2022-09-13 14:03:00,545,545,545,545,0
2022-09-13 14:04:00,545,545,545,545,0
2022-09-13 14:05:00,545,545,545,545,0
2022-09-13 14:06:00,545,545,545,545,0
2022-09-13 14:07:00,545,545,545,545,0
2022-09-13 14:08:00,545,545,545,545,0
2022-09-13 14:09:00,540,540,545,545,1100
2022-09-13 14:10:00,545,545,545,545,400
2022-09-13 14:11:00,545,545,545,545,0
2022-09-13 14:12:00,545,545,545,545,1700
2022-09-13 14:13:00,545,545,545,545,0
2022-09-13 14:14:00,545,545,545,545,0
2022-09-13 14:15:00,545,545,545,545,0
2022-09-13 14:16:00,545,545,545,545,0
2022-09-13 14:17:00,545,545,545,545,0
2022-09-13 14:18:00,545,545,545,545,0
2022-09-13 14:19:00,545,545,545,545,0
2022-09-13 14:20:00,545,545,545,545,0
2022-09-13 14:21:00,545,545,545,545,0
2022-09-13 14:22:00,545,545,545,545,0
2022-09-13 14:23:00,545,545,545,545,0
2022-09-13 14:24:00,545,545,545,545,0
2022-09-13 14:25:00,545,545,545,545,10000
2022-09-13 14:26:00,545,545,545,545,0
2022-09-13 14:27:00,545,545,545,545,0
2022-09-13 14:28:00,545,545,545,545,0
2022-09-13 14:29:00,545,545,545,545,0
2022-09-13 14:30:00,545,545,545,545,0
2022-09-13 14:31:00,545,545,545,545,0
2022-09-13 14:32:00,545,545,545,545,0
2022-09-13 14:33:00,545,545,545,545,0
2022-09-13 14:34:00,545,545,545,545,0
2022-09-13 14:35:00,545,545,545,545,0
2022-09-13 14:36:00,545,545,545,545,0
2022-09-13 14:37:00,545,545,545,545,0
2022-09-13 14:38:00,545,545,545,545,0
2022-09-13 14:39:00,545,545,545,545,0
2022-09-13 14:40:00,545,545,545,545,0
2022-09-13 14:41:00,545,545,545,545,0
2022-09-13 14:42:00,545,545,545,545,0
2022-09-13 14:43:00,540,540,540,540,200
2022-09-13 14:44:00,545,545,545,545,500
2022-09-13 14:45:00,545,545,545,545,300
2022-09-13 14:46:00,545,545,545,545,0
2022-09-13 14:47:00,545,545,545,545,500
2022-09-13 14:48:00,545,545,545,545,0
2022-09-13 14:49:00,545,545,545,545,65400
2022-09-13 14:50:00,545,545,545,545,0
2022-09-13 14:51:00,545,545,545,545,0
2022-09-13 14:52:00,545,545,545,545,0
2022-09-13 14:53:00,545,545,545,545,0
2022-09-13 14:54:00,545,545,545,545,0
2022-09-13 14:55:00,545,545,545,545,0
2022-09-13 14:56:00,545,545,545,545,0
2022-09-13 14:57:00,545,545,545,545,0
2022-09-13 14:58:00,545,545,545,545,0
2022-09-13 14:59:00,545,545,545,545,0
2022-09-13 15:00:00,545,545,545,545,133100
2022-09-13 15:01:00,545,545,545,545,0
2022-09-13 15:02:00,545,545,545,545,0
2022-09-13 15:03:00,545,545,545,545,0
2022-09-13 15:04:00,545,545,545,545,0
2022-09-13 15:05:00,545,545,545,545,0
2022-09-13 15:06:00,545,545,545,545,0
2022-09-13 15:07:00,545,545,545,545,0
2022-09-13 15:08:00,545,545,545,545,0
2022-09-13 15:09:00,545,545,545,545,0
2022-09-13 15:10:00,545,545,545,545,0
2022-09-13 15:11:00,545,545,545,545,0
2022-09-13 15:12:00,545,545,545,545,0
2022-09-13 15:13:00,545,545,545,545,0
2022-09-13 15:14:00,545,545,545,545,0
2022-09-13 15:15:00,545,545,545,545,0
2022-09-13 15:16:00,545,545,545,545,0
2022-09-13 15:17:00,545,545,545,545,0
2022-09-13 15:18:00,545,545,545,545,0
2022-09-13 15:19:00,545,545,545,545,0
2022-09-13 15:20:00,545,545,545,545,0
2022-09-13 15:21:00,545,545,545,545,0
2022-09-13 15:22:00,545,545,545,545,0
2022-09-13 15:23:00,545,545,545,545,0
2022-09-13 15:24:00,545,545,545,545,0
2022-09-13 15:25:00,545,545,545,545,0
2022-09-13 15:26:00,545,545,545,545,0
2022-09-13 15:27:00,545,545,545,545,0
2022-09-13 15:28:00,545,545,545,545,0
2022-09-13 15:29:00,545,545,545,545,0
2022-09-13 15:30:00,545,545,545,545,0
2022-09-13 15:31:00,545,545,545,545,0
2022-09-13 15:32:00,545,545,545,545,0
2022-09-13 15:33:00,545,545,545,545,0
2022-09-13 15:34:00,545,545,545,545,0
2022-09-13 15:35:00,545,545,545,545,0
2022-09-13 15:36:00,545,545,545,545,0
2022-09-13 15:37:00,545,545,545,545,0
2022-09-13 15:38:00,545,545,545,545,0
2022-09-13 15:39:00,545,545,545,545,0
2022-09-13 15:40:00,545,545,545,545,0
2022-09-13 15:41:00,545,545,545,545,0
2022-09-13 15:42:00,545,545,545,545,0
2022-09-13 15:43:00,545,545,545,545,0
2022-09-13 15:44:00,545,545,545,545,0
2022-09-13 15:45:00,545,545,545,545,0
2022-09-13 15:46:00,545,545,545,545,0
2022-09-13 15:47:00,545,545,545,545,0
2022-09-13 15:48:00,545,545,545,545,0
2022-09-13 15:49:00,545,545,545,545,0
2022-09-13 15:50:00,545,545,545,545,0
2022-09-13 15:51:00,545,545,545,545,0
2022-09-13 15:52:00,545,545,545,545,0
2022-09-13 15:53:00,545,545,545,545,0
2022-09-13 15:54:00,545,545,545,545,0
2022-09-13 15:55:00,545,545,545,545,0
2022-09-13 15:56:00,545,545,545,545,0
2022-09-13 15:57:00,545,545,545,545,0
2022-09-13 15:58:00,545,545,545,545,0
2022-09-13 15:59:00,545,545,545,545,0
2022-09-14 09:00:00,545,545,545,545,0
2022-09-14 09:01:00,545,545,545,545,0
2022-09-14 09:02:00,545,545,545,545,0
2022-09-14 09:03:00,545,545,545,545,0
2022-09-14 09:04:00,540,540,545,545,0
2022-09-14 09:05:00,545,545,545,545,500
2022-09-14 09:06:00,540,540,550,550,37200
2022-09-14 09:07:00,540,540,550,550,0
2022-09-14 09:08:00,540,540,550,550,0
2022-09-14 09:09:00,540,540,550,550,0
2022-09-14 09:10:00,540,540,550,550,0
2022-09-14 09:11:00,540,540,550,550,0
2022-09-14 09:12:00,545,545,550,550,900
2022-09-14 09:13:00,545,545,550,550,0
2022-09-14 09:14:00,545,545,550,550,0
2022-09-14 09:15:00,545,545,550,550,0
2022-09-14 09:16:00,545,545,550,550,0
2022-09-14 09:17:00,545,545,550,550,0
2022-09-14 09:18:00,545,545,550,550,0
2022-09-14 09:19:00,545,545,550,550,0
2022-09-14 09:20:00,545,545,550,550,0
2022-09-14 09:21:00,545,545,550,550,0
2022-09-14 09:22:00,545,545,550,550,0
2022-09-14 09:23:00,545,545,550,550,0
2022-09-14 09:24:00,545,545,550,550,0
2022-09-14 09:25:00,545,545,550,550,0
2022-09-14 09:26:00,545,545,550,550,0
2022-09-14 09:27:00,545,545,550,550,0
2022-09-14 09:28:00,545,545,550,550,0
2022-09-14 09:29:00,545,545,550,550,0
2022-09-14 09:30:00,545,545,550,550,0
2022-09-14 09:31:00,545,545,550,550,0
2022-09-14 09:32:00,545,545,550,550,0
2022-09-14 09:33:00,545,545,550,550,0
2022-09-14 09:34:00,545,545,550,550,0
2022-09-14 09:35:00,545,545,545,545,800
2022-09-14 09:36:00,550,550,550,550,500
2022-09-14 09:37:00,550,550,550,550,0
2022-09-14 09:38:00,550,550,550,550,0
2022-09-14 09:39:00,550,550,550,550,0
2022-09-14 09:40:00,550,550,550,550,0
2022-09-14 09:41:00,550,550,550,550,0
2022-09-14 09:42:00,550,550,550,550,0
2022-09-14 09:43:00,550,550,550,550,0
2022-09-14 09:44:00,550,550,550,550,0
2022-09-14 09:45:00,550,550,550,550,0
2022-09-14 09:46:00,550,550,550,550,0
2022-09-14 09:47:00,550,550,550,550,0
2022-09-14 09:48:00,550,550,550,550,0
2022-09-14 09:49:00,550,550,550,550,0
2022-09-14 09:50:00,550,550,550,550,0
2022-09-14 09:51:00,550,550,550,550,0
2022-09-14 09:52:00,550,550,550,550,0
2022-09-14 09:53:00,550,550,550,550,0
2022-09-14 09:54:00,550,550,550,550,0
2022-09-14 09:55:00,550,550,550,550,0
2022-09-14 09:56:00,550,550,550,550,0
2022-09-14 09:57:00,550,550,550,550,0
2022-09-14 09:58:00,550,550,550,550,0
2022-09-14 09:59:00,550,550,550,550,0
2022-09-14 10:00:00,550,550,550,550,0
2022-09-14 10:01:00,550,550,550,550,0
2022-09-14 10:02:00,550,550,550,550,0
2022-09-14 10:03:00,550,550,550,550,0
2022-09-14 10:04:00,550,550,550,550,0
2022-09-14 10:05:00,550,550,550,550,0
2022-09-14 10:06:00,550,550,550,550,0
2022-09-14 10:07:00,550,550,550,550,0
2022-09-14 10:08:00,550,550,550,550,0
2022-09-14 10:09:00,550,550,550,550,0
2022-09-14 10:10:00,550,550,550,550,300
2022-09-14 10:11:00,550,550,550,550,0
2022-09-14 10:12:00,550,550,550,550,0
2022-09-14 10:13:00,550,550,550,550,0
2022-09-14 10:14:00,550,550,550,550,0
2022-09-14 10:15:00,550,550,550,550,0
2022-09-14 10:16:00,550,550,550,550,0
2022-09-14 10:17:00,550,550,550,550,0
2022-09-14 10:18:00,550,550,550,550,0
2022-09-14 10:19:00,550,550,550,550,0
2022-09-14 10:20:00,550,550,550,550,0
2022-09-14 10:21:00,550,550,550,550,0
2022-09-14 10:22:00,550,550,550,550,0
2022-09-14 10:23:00,550,550,550,550,0
2022-09-14 10:24:00,550,550,550,550,0
2022-09-14 10:25:00,550,550,550,550,0
2022-09-14 10:26:00,550,550,550,550,0
2022-09-14 10:27:00,550,550,550,550,0
2022-09-14 10:28:00,550,550,550,550,0
2022-09-14 10:29:00,550,550,550,550,0
2022-09-14 10:30:00,550,550,550,550,0
2022-09-14 10:31:00,550,550,550,550,0
2022-09-14 10:32:00,550,550,550,550,0
2022-09-14 10:33:00,550,550,550,550,0
2022-09-14 10:34:00,550,550,550,550,0
2022-09-14 10:35:00,550,550,550,550,0
2022-09-14 10:36:00,550,550,550,550,0
2022-09-14 10:37:00,550,550,550,550,0
2022-09-14 10:38:00,550,550,550,550,0
2022-09-14 10:39:00,550,550,550,550,300
2022-09-14 10:40:00,550,550,550,550,0
2022-09-14 10:41:00,550,550,550,550,0
2022-09-14 10:42:00,550,550,550,550,0
2022-09-14 10:43:00,550,550,550,550,0
2022-09-14 10:44:00,550,550,550,550,0
2022-09-14 10:45:00,550,550,550,550,0
2022-09-14 10:46:00,550,550,550,550,0
2022-09-14 10:47:00,550,550,550,550,0
2022-09-14 10:48:00,550,550,550,550,0
2022-09-14 10:49:00,550,550,550,550,0
2022-09-14 10:50:00,550,550,550,550,0
2022-09-14 10:51:00,550,550,550,550,0
2022-09-14 10:52:00,550,550,550,550,0
2022-09-14 10:53:00,550,550,550,550,0
2022-09-14 10:54:00,550,550,550,550,0
2022-09-14 10:55:00,550,550,550,550,0
2022-09-14 10:56:00,550,550,550,550,0
2022-09-14 10:57:00,550,550,550,550,0
2022-09-14 10:58:00,550,550,550,550,0
2022-09-14 10:59:00,550,550,550,550,0
2022-09-14 11:00:00,550,550,550,550,0
2022-09-14 11:01:00,550,550,550,550,0
2022-09-14 11:02:00,550,550,550,550,0
2022-09-14 11:03:00,550,550,550,550,0
2022-09-14 11:04:00,550,550,550,550,0
2022-09-14 11:05:00,550,550,550,550,0
2022-09-14 11:06:00,545,545,545,545,1800
2022-09-14 11:07:00,545,545,545,545,0
2022-09-14 11:08:00,545,545,545,545,0
2022-09-14 11:09:00,545,545,545,545,0
2022-09-14 11:10:00,545,545,545,545,8000
2022-09-14 11:11:00,545,545,545,545,0
2022-09-14 11:12:00,545,545,545,545,0
2022-09-14 11:13:00,545,545,545,545,0
2022-09-14 11:14:00,545,545,545,545,0
2022-09-14 11:15:00,545,545,545,545,0
2022-09-14 11:16:00,545,545,545,545,0
2022-09-14 11:17:00,545,545,545,545,0
2022-09-14 11:18:00,545,545,545,545,0
2022-09-14 11:19:00,545,545,545,545,0
2022-09-14 11:20:00,545,545,545,545,0
2022-09-14 11:21:00,545,545,545,545,2400
2022-09-14 11:22:00,545,545,545,545,0
2022-09-14 11:23:00,545,545,545,545,0
2022-09-14 11:24:00,545,545,545,545,0
2022-09-14 11:25:00,545,545,545,545,0
2022-09-14 11:26:00,545,545,545,545,600
2022-09-14 11:27:00,545,545,545,545,0
2022-09-14 11:28:00,545,545,545,545,0
2022-09-14 11:29:00,545,545,545,545,0
2022-09-14 11:30:00,545,545,545,545,0
2022-09-14 11:31:00,545,545,545,545,0
2022-09-14 11:32:00,545,545,545,545,0
2022-09-14 11:33:00,545,545,545,545,0
2022-09-14 11:34:00,545,545,545,545,0
2022-09-14 11:35:00,545,545,545,545,0
2022-09-14 11:36:00,545,545,545,545,0
2022-09-14 11:37:00,545,545,545,545,0
2022-09-14 11:38:00,545,545,545,545,0
2022-09-14 11:39:00,545,545,545,545,0
2022-09-14 11:40:00,545,545,545,545,0
2022-09-14 11:41:00,545,545,545,545,0
2022-09-14 11:42:00,545,545,545,545,0
2022-09-14 11:43:00,545,545,545,545,0
2022-09-14 11:44:00,545,545,545,545,0
2022-09-14 11:45:00,545,545,545,545,0
2022-09-14 11:46:00,545,545,545,545,0
2022-09-14 11:47:00,545,545,545,545,0
2022-09-14 11:48:00,545,545,545,545,0
2022-09-14 11:49:00,545,545,545,545,0
2022-09-14 11:50:00,545,545,545,545,0
2022-09-14 11:51:00,545,545,545,545,0
2022-09-14 11:52:00,545,545,545,545,0
2022-09-14 11:53:00,545,545,545,545,0
2022-09-14 11:54:00,545,545,545,545,0
2022-09-14 11:55:00,545,545,545,545,0
2022-09-14 11:56:00,545,545,545,545,0
2022-09-14 11:57:00,545,545,545,545,0
2022-09-14 11:58:00,545,545,545,545,0
2022-09-14 11:59:00,545,545,545,545,0
2022-09-14 12:00:00,545,545,545,545,0
2022-09-14 12:01:00,545,545,545,545,0
2022-09-14 12:02:00,545,545,545,545,0
2022-09-14 12:03:00,545,545,545,545,0
2022-09-14 12:04:00,545,545,545,545,0
2022-09-14 12:05:00,545,545,545,545,0
2022-09-14 12:06:00,545,545,545,545,0
2022-09-14 12:07:00,545,545,545,545,0
2022-09-14 12:08:00,545,545,545,545,0
2022-09-14 12:09:00,545,545,545,545,0
2022-09-14 12:10:00,545,545,545,545,0
2022-09-14 12:11:00,545,545,545,545,0
2022-09-14 12:12:00,545,545,545,545,0
2022-09-14 12:13:00,545,545,545,545,0
2022-09-14 12:14:00,545,545,545,545,0
2022-09-14 12:15:00,545,545,545,545,0
2022-09-14 12:16:00,545,545,545,545,0
2022-09-14 12:17:00,545,545,545,545,0
2022-09-14 12:18:00,545,545,545,545,0
2022-09-14 12:19:00,545,545,545,545,0
2022-09-14 12:20:00,545,545,545,545,0
2022-09-14 12:21:00,545,545,545,545,0
2022-09-14 12:22:00,545,545,545,545,0
2022-09-14 12:23:00,545,545,545,545,0
2022-09-14 12:24:00,545,545,545,545,0
2022-09-14 12:25:00,545,545,545,545,0
2022-09-14 12:26:00,545,545,545,545,0
2022-09-14 12:27:00,545,545,545,545,0
2022-09-14 12:28:00,545,545,545,545,0
2022-09-14 12:29:00,545,545,545,545,0
2022-09-14 12:30:00,545,545,545,545,0
2022-09-14 12:31:00,545,545,545,545,0
2022-09-14 12:32:00,545,545,545,545,0
2022-09-14 12:33:00,545,545,545,545,0
2022-09-14 12:34:00,545,545,545,545,0
2022-09-14 12:35:00,545,545,545,545,0
2022-09-14 12:36:00,545,545,545,545,0
2022-09-14 12:37:00,545,545,545,545,0
2022-09-14 12:38:00,545,545,545,545,0
2022-09-14 12:39:00,545,545,545,545,0
2022-09-14 12:40:00,545,545,545,545,0
2022-09-14 12:41:00,545,545,545,545,0
2022-09-14 12:42:00,545,545,545,545,0
2022-09-14 12:43:00,545,545,545,545,0
2022-09-14 12:44:00,545,545,545,545,0
2022-09-14 12:45:00,545,545,545,545,0
2022-09-14 12:46:00,545,545,545,545,0
2022-09-14 12:47:00,545,545,545,545,0
2022-09-14 12:48:00,545,545,545,545,0
2022-09-14 12:49:00,545,545,545,545,0
2022-09-14 12:50:00,545,545,545,545,0
2022-09-14 12:51:00,545,545,545,545,0
2022-09-14 12:52:00,545,545,545,545,0
2022-09-14 12:53:00,545,545,545,545,0
2022-09-14 12:54:00,545,545,545,545,0
2022-09-14 12:55:00,545,545,545,545,0
2022-09-14 12:56:00,545,545,545,545,0
2022-09-14 12:57:00,545,545,545,545,0
2022-09-14 12:58:00,545,545,545,545,0
2022-09-14 12:59:00,545,545,545,545,0
2022-09-14 13:00:00,545,545,545,545,0
2022-09-14 13:01:00,545,545,545,545,0
2022-09-14 13:02:00,545,545,545,545,0
2022-09-14 13:03:00,545,545,545,545,0
2022-09-14 13:04:00,545,545,545,545,0
2022-09-14 13:05:00,545,545,545,545,0
2022-09-14 13:06:00,545,545,545,545,0
2022-09-14 13:07:00,545,545,545,545,0
2022-09-14 13:08:00,545,545,545,545,0
2022-09-14 13:09:00,545,545,545,545,0
2022-09-14 13:10:00,545,545,545,545,0
2022-09-14 13:11:00,545,545,545,545,0
2022-09-14 13:12:00,545,545,545,545,0
2022-09-14 13:13:00,545,545,545,545,0
2022-09-14 13:14:00,545,545,545,545,0
2022-09-14 13:15:00,545,545,545,545,0
2022-09-14 13:16:00,545,545,545,545,0
2022-09-14 13:17:00,545,545,545,545,0
2022-09-14 13:18:00,545,545,545,545,0
2022-09-14 13:19:00,545,545,545,545,0
2022-09-14 13:20:00,545,545,545,545,0
2022-09-14 13:21:00,545,545,545,545,0
2022-09-14 13:22:00,545,545,545,545,0
2022-09-14 13:23:00,545,545,545,545,0
2022-09-14 13:24:00,545,545,545,545,0
2022-09-14 13:25:00,545,545,545,545,0
2022-09-14 13:26:00,545,545,545,545,0
2022-09-14 13:27:00,545,545,545,545,0
2022-09-14 13:28:00,545,545,545,545,0
2022-09-14 13:29:00,545,545,545,545,0
2022-09-14 13:30:00,540,540,540,540,200
2022-09-14 13:31:00,545,545,545,545,500
2022-09-14 13:32:00,545,545,545,545,0
2022-09-14 13:33:00,545,545,545,545,0
2022-09-14 13:34:00,545,545,545,545,0
2022-09-14 13:35:00,545,545,545,545,0
2022-09-14 13:36:00,545,545,545,545,0
2022-09-14 13:37:00,545,545,545,545,0
2022-09-14 13:38:00,545,545,545,545,0
2022-09-14 13:39:00,545,545,545,545,0
2022-09-14 13:40:00,545,545,545,545,0
2022-09-14 13:41:00,545,545,545,545,0
2022-09-14 13:42:00,545,545,545,545,0
2022-09-14 13:43:00,545,545,545,545,0
2022-09-14 13:44:00,545,545,545,545,0
2022-09-14 13:45:00,545,545,545,545,0
2022-09-14 13:46:00,545,545,545,545,0
2022-09-14 13:47:00,545,545,545,545,0
2022-09-14 13:48:00,545,545,545,545,0
2022-09-14 13:49:00,545,545,545,545,0
2022-09-14 13:50:00,545,545,545,545,1000
2022-09-14 13:51:00,545,545,545,545,0
2022-09-14 13:52:00,545,545,545,545,0
2022-09-14 13:53:00,545,545,545,545,0
2022-09-14 13:54:00,545,545,545,545,0
2022-09-14 13:55:00,545,545,545,545,0
2022-09-14 13:56:00,545,545,545,545,0
2022-09-14 13:57:00,545,545,545,545,0
2022-09-14 13:58:00,545,545,545,545,0
2022-09-14 13:59:00,545,545,545,545,0
2022-09-14 14:00:00,545,545,545,545,0
2022-09-14 14:01:00,545,545,545,545,0
2022-09-14 14:02:00,545,545,545,545,0
2022-09-14 14:03:00,545,545,545,545,0
2022-09-14 14:04:00,545,545,545,545,0
2022-09-14 14:05:00,545,545,545,545,0
2022-09-14 14:06:00,545,545,545,545,0
2022-09-14 14:07:00,545,545,545,545,0
2022-09-14 14:08:00,545,545,545,545,0
2022-09-14 14:09:00,545,545,545,545,0
2022-09-14 14:10:00,545,545,545,545,0
2022-09-14 14:11:00,545,545,545,545,0
2022-09-14 14:12:00,545,545,545,545,0
2022-09-14 14:13:00,545,545,545,545,0
2022-09-14 14:14:00,545,545,545,545,0
2022-09-14 14:15:00,545,545,545,545,100
2022-09-14 14:16:00,545,545,545,545,0
2022-09-14 14:17:00,545,545,545,545,0
2022-09-14 14:18:00,545,545,545,545,0
2022-09-14 14:19:00,545,545,545,545,0
2022-09-14 14:20:00,545,545,545,545,0
2022-09-14 14:21:00,545,545,545,545,0
2022-09-14 14:22:00,545,545,545,545,0
2022-09-14 14:23:00,545,545,545,545,0
2022-09-14 14:24:00,545,545,545,545,0
2022-09-14 14:25:00,545,545,545,545,0
2022-09-14 14:26:00,545,545,545,545,0
2022-09-14 14:27:00,545,545,545,545,0
2022-09-14 14:28:00,545,545,545,545,0
2022-09-14 14:29:00,545,545,545,545,0
2022-09-14 14:30:00,545,545,545,545,0
2022-09-14 14:31:00,545,545,545,545,0
2022-09-14 14:32:00,545,545,545,545,0
2022-09-14 14:33:00,545,545,545,545,0
2022-09-14 14:34:00,545,545,545,545,0
2022-09-14 14:35:00,545,545,545,545,0
2022-09-14 14:36:00,545,545,545,545,0
2022-09-14 14:37:00,545,545,545,545,300
2022-09-14 14:38:00,545,545,545,545,0
2022-09-14 14:39:00,545,545,545,545,0
2022-09-14 14:40:00,545,545,545,545,0
2022-09-14 14:41:00,545,545,545,545,0
2022-09-14 14:42:00,545,545,545,545,0
2022-09-14 14:43:00,545,545,545,545,0
2022-09-14 14:44:00,545,545,545,545,5400
2022-09-14 14:45:00,545,545,545,545,0
2022-09-14 14:46:00,545,545,545,545,0
2022-09-14 14:47:00,545,545,545,545,400
2022-09-14 14:48:00,545,545,545,545,700
2022-09-14 14:49:00,545,545,545,545,1000
2022-09-14 14:50:00,545,545,545,545,0
2022-09-14 14:51:00,545,545,545,545,0
2022-09-14 14:52:00,545,545,545,545,0
2022-09-14 14:53:00,545,545,545,545,0
2022-09-14 14:54:00,545,545,545,545,0
2022-09-14 14:55:00,545,545,545,545,0
2022-09-14 14:56:00,545,545,545,545,0
2022-09-14 14:57:00,545,545,545,545,0
2022-09-14 14:58:00,545,545,545,545,0
2022-09-14 14:59:00,545,545,545,545,0
2022-09-14 15:00:00,545,545,545,545,0
2022-09-14 15:01:00,545,545,545,545,0
2022-09-14 15:02:00,545,545,545,545,0
2022-09-14 15:03:00,545,545,545,545,0
2022-09-14 15:04:00,545,545,545,545,0
2022-09-14 15:05:00,545,545,545,545,0
2022-09-14 15:06:00,545,545,545,545,0
2022-09-14 15:07:00,545,545,545,545,0
2022-09-14 15:08:00,545,545,545,545,0
2022-09-14 15:09:00,545,545,545,545,0
2022-09-14 15:10:00,545,545,545,545,0
2022-09-14 15:11:00,545,545,545,545,0
2022-09-14 15:12:00,545,545,545,545,0
2022-09-14 15:13:00,545,545,545,545,0
2022-09-14 15:14:00,545,545,545,545,0
2022-09-14 15:15:00,545,545,545,545,0
2022-09-14 15:16:00,545,545,545,545,0
2022-09-14 15:17:00,545,545,545,545,0
2022-09-14 15:18:00,545,545,545,545,0
2022-09-14 15:19:00,545,545,545,545,0
2022-09-14 15:20:00,545,545,545,545,0
2022-09-14 15:21:00,545,545,545,545,0
2022-09-14 15:22:00,545,545,545,545,0
2022-09-14 15:23:00,545,545,545,545,0
2022-09-14 15:24:00,545,545,545,545,0
2022-09-14 15:25:00,545,545,545,545,0
2022-09-14 15:26:00,545,545,545,545,0
2022-09-14 15:27:00,545,545,545,545,0
2022-09-14 15:28:00,545,545,545,545,0
2022-09-14 15:29:00,545,545,545,545,0
2022-09-14 15:30:00,545,545,545,545,0
2022-09-14 15:31:00,545,545,545,545,0
2022-09-14 15:32:00,545,545,545,545,0
2022-09-14 15:33:00,545,545,545,545,0
2022-09-14 15:34:00,545,545,545,545,0
2022-09-14 15:35:00,545,545,545,545,0
2022-09-14 15:36:00,545,545,545,545,0
2022-09-14 15:37:00,545,545,545,545,0
2022-09-14 15:38:00,545,545,545,545,0
2022-09-14 15:39:00,545,545,545,545,0
2022-09-14 15:40:00,545,545,545,545,0
2022-09-14 15:41:00,545,545,545,545,0
2022-09-14 15:42:00,545,545,545,545,0
2022-09-14 15:43:00,545,545,545,545,0
2022-09-14 15:44:00,545,545,545,545,0
2022-09-14 15:45:00,545,545,545,545,0
2022-09-14 15:46:00,545,545,545,545,0
2022-09-14 15:47:00,545,545,545,545,0
2022-09-14 15:48:00,545,545,545,545,0
2022-09-14 15:49:00,545,545,545,545,0
2022-09-14 15:50:00,545,545,545,545,0
2022-09-14 15:51:00,545,545,545,545,0
2022-09-14 15:52:00,545,545,545,545,0
2022-09-14 15:53:00,545,545,545,545,0
2022-09-14 15:54:00,545,545,545,545,0
2022-09-14 15:55:00,545,545,545,545,0
2022-09-14 15:56:00,545,545,545,545,0
2022-09-14 15:57:00,545,545,545,545,0
2022-09-14 15:58:00,545,545,545,545,0
2022-09-14 15:59:00,545,545,545,545,0
2022-09-15 09:00:00,545,545,545,545,14600
2022-09-15 09:01:00,540,540,540,540,4300
2022-09-15 09:02:00,540,540,540,540,0
2022-09-15 09:03:00,540,540,540,540,0
2022-09-15 09:04:00,545,545,545,545,0
2022-09-15 09:05:00,545,545,545,545,0
2022-09-15 09:06:00,545,545,545,545,0
2022-09-15 09:07:00,545,545,545,545,2500
2022-09-15 09:08:00,545,545,545,545,0
2022-09-15 09:09:00,545,545,545,545,0
2022-09-15 09:10:00,545,545,545,545,0
2022-09-15 09:11:00,545,545,545,545,0
2022-09-15 09:12:00,545,545,545,545,0
2022-09-15 09:13:00,545,545,545,545,0
2022-09-15 09:14:00,545,545,545,545,0
2022-09-15 09:15:00,545,545,545,545,0
2022-09-15 09:16:00,545,545,545,545,0
2022-09-15 09:17:00,545,545,545,545,0
2022-09-15 09:18:00,545,545,545,545,0
2022-09-15 09:19:00,545,545,545,545,0
2022-09-15 09:20:00,545,545,545,545,0
2022-09-15 09:21:00,545,545,545,545,0
2022-09-15 09:22:00,545,545,545,545,0
2022-09-15 09:23:00,545,545,545,545,0
2022-09-15 09:24:00,545,545,545,545,0
2022-09-15 09:25:00,545,545,545,545,0
2022-09-15 09:26:00,545,545,545,545,0
2022-09-15 09:27:00,545,545,545,545,0
2022-09-15 09:28:00,545,545,545,545,0
2022-09-15 09:29:00,545,545,545,545,0
2022-09-15 09:30:00,545,545,545,545,0
2022-09-15 09:31:00,545,545,545,545,0
2022-09-15 09:32:00,545,540,545,540,8500
2022-09-15 09:33:00,545,540,545,540,0
2022-09-15 09:34:00,545,540,545,540,0
2022-09-15 09:35:00,545,540,545,540,0
2022-09-15 09:36:00,545,540,545,540,0
2022-09-15 09:37:00,545,540,545,540,0
2022-09-15 09:38:00,545,540,545,540,0
2022-09-15 09:39:00,545,545,545,545,28600
2022-09-15 09:40:00,545,545,545,545,0
2022-09-15 09:41:00,545,545,545,545,0
2022-09-15 09:42:00,545,545,545,545,0
2022-09-15 09:43:00,545,545,545,545,0
2022-09-15 09:44:00,545,545,545,545,0
2022-09-15 09:45:00,545,545,545,545,0
2022-09-15 09:46:00,545,545,545,545,0
2022-09-15 09:47:00,545,545,545,545,0
2022-09-15 09:48:00,545,545,545,545,0
2022-09-15 09:49:00,545,545,545,545,0
2022-09-15 09:50:00,545,545,545,545,0
2022-09-15 09:51:00,545,545,545,545,0
2022-09-15 09:52:00,545,545,545,545,0
2022-09-15 09:53:00,545,545,545,545,0
2022-09-15 09:54:00,545,545,545,545,0
2022-09-15 09:55:00,545,545,545,545,0
2022-09-15 09:56:00,545,545,545,545,0
2022-09-15 09:57:00,545,545,545,545,0
2022-09-15 09:58:00,545,545,545,545,0
2022-09-15 09:59:00,545,545,545,545,0
2022-09-15 10:00:00,545,545,545,545,0
2022-09-15 10:01:00,545,545,545,545,0
2022-09-15 10:02:00,540,540,540,540,1000
2022-09-15 10:03:00,540,540,540,540,0
2022-09-15 10:04:00,545,545,545,545,100
2022-09-15 10:05:00,545,545,545,545,0
2022-09-15 10:06:00,545,545,545,545,0
2022-09-15 10:07:00,545,545,545,545,0
2022-09-15 10:08:00,545,545,545,545,0
2022-09-15 10:09:00,545,545,545,545,0
2022-09-15 10:10:00,545,545,545,545,0
2022-09-15 10:11:00,545,545,545,545,0
2022-09-15 10:12:00,540,540,545,545,400
2022-09-15 10:13:00,540,540,540,540,22600
2022-09-15 10:14:00,545,545,545,545,0
2022-09-15 10:15:00,545,545,545,545,0
2022-09-15 10:16:00,545,545,545,545,0
2022-09-15 10:17:00,545,545,545,545,100
2022-09-15 10:18:00,545,545,545,545,0
2022-09-15 10:19:00,545,545,545,545,0
2022-09-15 10:20:00,545,545,545,545,0
2022-09-15 10:21:00,545,545,545,545,0
2022-09-15 10:22:00,545,545,545,545,0
2022-09-15 10:23:00,545,545,545,545,0
2022-09-15 10:24:00,545,545,545,545,0
2022-09-15 10:25:00,545,545,545,545,0
2022-09-15 10:26:00,545,545,545,545,0
2022-09-15 10:27:00,545,545,545,545,0
2022-09-15 10:28:00,545,545,545,545,0
2022-09-15 10:29:00,545,545,545,545,0
2022-09-15 10:30:00,545,545,545,545,0
2022-09-15 10:31:00,545,545,545,545,0
2022-09-15 10:32:00,545,545,545,545,0
2022-09-15 10:33:00,545,545,545,545,0
2022-09-15 10:34:00,545,545,545,545,0
2022-09-15 10:35:00,545,545,545,545,0
2022-09-15 10:36:00,545,545,545,545,0
2022-09-15 10:37:00,545,545,545,545,0
2022-09-15 10:38:00,545,545,545,545,0
2022-09-15 10:39:00,545,545,545,545,0
2022-09-15 10:40:00,545,545,545,545,0
2022-09-15 10:41:00,545,545,545,545,0
2022-09-15 10:42:00,545,545,545,545,0
2022-09-15 10:43:00,545,545,545,545,0
2022-09-15 10:44:00,545,545,545,545,0
2022-09-15 10:45:00,545,545,545,545,1100
2022-09-15 10:46:00,545,545,545,545,0
2022-09-15 10:47:00,545,545,545,545,0
2022-09-15 10:48:00,545,545,545,545,0
2022-09-15 10:49:00,545,545,545,545,0
2022-09-15 10:50:00,545,545,545,545,0
2022-09-15 10:51:00,545,545,545,545,0
2022-09-15 10:52:00,545,545,545,545,0
2022-09-15 10:53:00,545,545,545,545,0
2022-09-15 10:54:00,545,545,545,545,0
2022-09-15 10:55:00,545,545,545,545,0
2022-09-15 10:56:00,545,545,545,545,0
2022-09-15 10:57:00,545,545,545,545,0
2022-09-15 10:58:00,545,545,545,545,0
2022-09-15 10:59:00,545,545,545,545,300
2022-09-15 11:00:00,545,545,545,545,0
2022-09-15 11:01:00,545,545,545,545,0
2022-09-15 11:02:00,545,545,545,545,0
2022-09-15 11:03:00,545,545,545,545,0
2022-09-15 11:04:00,545,545,545,545,0
2022-09-15 11:05:00,545,545,545,545,0
2022-09-15 11:06:00,545,545,545,545,0
2022-09-15 11:07:00,545,545,545,545,0
2022-09-15 11:08:00,545,545,545,545,0
2022-09-15 11:09:00,545,545,545,545,0
2022-09-15 11:10:00,545,545,545,545,0
2022-09-15 11:11:00,540,540,545,545,700
2022-09-15 11:12:00,540,540,545,545,300
2022-09-15 11:13:00,545,545,545,545,1600
2022-09-15 11:14:00,545,545,545,545,0
2022-09-15 11:15:00,545,545,545,545,0
2022-09-15 11:16:00,545,545,545,545,0
2022-09-15 11:17:00,545,545,545,545,0
2022-09-15 11:18:00,540,540,545,545,20300
2022-09-15 11:19:00,545,545,545,545,100
2022-09-15 11:20:00,545,545,545,545,0
2022-09-15 11:21:00,545,545,545,545,0
2022-09-15 11:22:00,545,545,545,545,0
2022-09-15 11:23:00,545,545,545,545,0
2022-09-15 11:24:00,545,545,545,545,0
2022-09-15 11:25:00,540,540,545,540,700
2022-09-15 11:26:00,545,545,545,545,300
2022-09-15 11:27:00,545,545,545,545,0
2022-09-15 11:28:00,545,545,545,545,0
2022-09-15 11:29:00,545,545,545,545,700
2022-09-15 11:30:00,545,545,545,545,0
2022-09-15 11:31:00,545,545,545,545,0
2022-09-15 11:32:00,545,545,545,545,0
2022-09-15 11:33:00,545,545,545,545,0
2022-09-15 11:34:00,545,545,545,545,0
2022-09-15 11:35:00,545,545,545,545,0
2022-09-15 11:36:00,545,545,545,545,0
2022-09-15 11:37:00,545,545,545,545,0
2022-09-15 11:38:00,545,545,545,545,0
2022-09-15 11:39:00,545,545,545,545,0
2022-09-15 11:40:00,545,545,545,545,0
2022-09-15 11:41:00,545,545,545,545,0
2022-09-15 11:42:00,545,545,545,545,0
2022-09-15 11:43:00,545,545,545,545,0
2022-09-15 11:44:00,545,545,545,545,0
2022-09-15 11:45:00,545,545,545,545,0
2022-09-15 11:46:00,545,545,545,545,0
2022-09-15 11:47:00,545,545,545,545,0
2022-09-15 11:48:00,545,545,545,545,0
2022-09-15 11:49:00,545,545,545,545,0
2022-09-15 11:50:00,545,545,545,545,0
2022-09-15 11:51:00,545,545,545,545,0
2022-09-15 11:52:00,545,545,545,545,0
2022-09-15 11:53:00,545,545,545,545,0
2022-09-15 11:54:00,545,545,545,545,0
2022-09-15 11:55:00,545,545,545,545,0
2022-09-15 11:56:00,545,545,545,545,0
2022-09-15 11:57:00,545,545,545,545,0
2022-09-15 11:58:00,545,545,545,545,0
2022-09-15 11:59:00,545,545,545,545,0
2022-09-15 12:00:00,545,545,545,545,0
2022-09-15 12:01:00,545,545,545,545,0
2022-09-15 12:02:00,545,545,545,545,0
2022-09-15 12:03:00,545,545,545,545,0
2022-09-15 12:04:00,545,545,545,545,0
2022-09-15 12:05:00,545,545,545,545,0
2022-09-15 12:06:00,545,545,545,545,0
2022-09-15 12:07:00,545,545,545,545,0
2022-09-15 12:08:00,545,545,545,545,0
2022-09-15 12:09:00,545,545,545,545,0
2022-09-15 12:10:00,545,545,545,545,0
2022-09-15 12:11:00,545,545,545,545,0
2022-09-15 12:12:00,545,545,545,545,0
2022-09-15 12:13:00,545,545,545,545,0
2022-09-15 12:14:00,545,545,545,545,0
2022-09-15 12:15:00,545,545,545,545,0
2022-09-15 12:16:00,545,545,545,545,0
2022-09-15 12:17:00,545,545,545,545,0
2022-09-15 12:18:00,545,545,545,545,0
2022-09-15 12:19:00,545,545,545,545,0
2022-09-15 12:20:00,545,545,545,545,0
2022-09-15 12:21:00,545,545,545,545,0
2022-09-15 12:22:00,545,545,545,545,0
2022-09-15 12:23:00,545,545,545,545,0
2022-09-15 12:24:00,545,545,545,545,0
2022-09-15 12:25:00,545,545,545,545,0
2022-09-15 12:26:00,545,545,545,545,0
2022-09-15 12:27:00,545,545,545,545,0
2022-09-15 12:28:00,545,545,545,545,0
2022-09-15 12:29:00,545,545,545,545,0
2022-09-15 12:30:00,545,545,545,545,0
2022-09-15 12:31:00,545,545,545,545,0
2022-09-15 12:32:00,545,545,545,545,0
2022-09-15 12:33:00,545,545,545,545,0
2022-09-15 12:34:00,545,545,545,545,0
2022-09-15 12:35:00,545,545,545,545,0
2022-09-15 12:36:00,545,545,545,545,0
2022-09-15 12:37:00,545,545,545,545,0
2022-09-15 12:38:00,545,545,545,545,0
2022-09-15 12:39:00,545,545,545,545,0
2022-09-15 12:40:00,545,545,545,545,0
2022-09-15 12:41:00,545,545,545,545,0
2022-09-15 12:42:00,545,545,545,545,0
2022-09-15 12:43:00,545,545,545,545,0
2022-09-15 12:44:00,545,545,545,545,0
2022-09-15 12:45:00,545,545,545,545,0
2022-09-15 12:46:00,545,545,545,545,0
2022-09-15 12:47:00,545,545,545,545,0
2022-09-15 12:48:00,545,545,545,545,0
2022-09-15 12:49:00,545,545,545,545,0
2022-09-15 12:50:00,545,545,545,545,0
2022-09-15 12:51:00,545,545,545,545,0
2022-09-15 12:52:00,545,545,545,545,0
2022-09-15 12:53:00,545,545,545,545,0
2022-09-15 12:54:00,545,545,545,545,0
2022-09-15 12:55:00,545,545,545,545,0
2022-09-15 12:56:00,545,545,545,545,0
2022-09-15 12:57:00,545,545,545,545,0
2022-09-15 12:58:00,545,545,545,545,0
2022-09-15 12:59:00,545,545,545,545,0
2022-09-15 13:00:00,545,545,545,545,0
2022-09-15 13:01:00,545,545,545,545,0
2022-09-15 13:02:00,545,545,545,545,0
2022-09-15 13:03:00,545,545,545,545,0
2022-09-15 13:04:00,545,545,545,545,0
2022-09-15 13:05:00,545,545,545,545,0
2022-09-15 13:06:00,545,545,545,545,0
2022-09-15 13:07:00,545,545,545,545,0
2022-09-15 13:08:00,545,545,545,545,0
2022-09-15 13:09:00,545,545,545,545,0
2022-09-15 13:10:00,545,545,545,545,0
2022-09-15 13:11:00,545,545,545,545,0
2022-09-15 13:12:00,545,545,545,545,0
2022-09-15 13:13:00,545,545,545,545,0
2022-09-15 13:14:00,545,545,545,545,0
2022-09-15 13:15:00,545,545,545,545,0
2022-09-15 13:16:00,545,545,545,545,0
2022-09-15 13:17:00,545,545,545,545,0
2022-09-15 13:18:00,545,545,545,545,0
2022-09-15 13:19:00,545,545,545,545,0
2022-09-15 13:20:00,545,545,545,545,0
2022-09-15 13:21:00,545,545,545,545,0
2022-09-15 13:22:00,545,545,545,545,0
2022-09-15 13:23:00,545,545,545,545,0
2022-09-15 13:24:00,545,545,545,545,0
2022-09-15 13:25:00,545,545,545,545,0
2022-09-15 13:26:00,545,545,545,545,0
2022-09-15 13:27:00,545,545,545,545,0
2022-09-15 13:28:00,545,545,545,545,0
2022-09-15 13:29:00,545,545,545,545,0
2022-09-15 13:30:00,545,545,545,545,800
2022-09-15 13:31:00,545,545,545,545,0
2022-09-15 13:32:00,545,545,545,545,0
2022-09-15 13:33:00,545,545,545,545,0
2022-09-15 13:34:00,545,545,545,545,0
2022-09-15 13:35:00,545,545,545,545,0
2022-09-15 13:36:00,545,545,545,545,0
2022-09-15 13:37:00,545,545,545,545,0
2022-09-15 13:38:00,545,540,545,540,20100
2022-09-15 13:39:00,545,545,545,545,200
2022-09-15 13:40:00,545,545,545,545,0
2022-09-15 13:41:00,545,545,545,545,0
2022-09-15 13:42:00,545,545,545,545,600
2022-09-15 13:43:00,545,545,545,545,0
2022-09-15 13:44:00,545,545,545,545,0
2022-09-15 13:45:00,545,545,545,545,0
2022-09-15 13:46:00,545,545,545,545,0
2022-09-15 13:47:00,545,545,545,545,0
2022-09-15 13:48:00,545,545,545,545,0
2022-09-15 13:49:00,545,545,545,545,0
2022-09-15 13:50:00,545,545,545,545,0
2022-09-15 13:51:00,545,545,545,545,0
2022-09-15 13:52:00,545,545,545,545,13900
2022-09-15 13:53:00,545,545,545,545,0
2022-09-15 13:54:00,545,545,545,545,0
2022-09-15 13:55:00,540,540,545,545,3400
2022-09-15 13:56:00,545,545,545,545,200
2022-09-15 13:57:00,545,545,545,545,0
2022-09-15 13:58:00,545,545,545,545,0
2022-09-15 13:59:00,545,545,545,545,0
2022-09-15 14:00:00,545,545,545,545,0
2022-09-15 14:01:00,545,545,545,545,0
2022-09-15 14:02:00,545,545,545,545,0
2022-09-15 14:03:00,545,545,545,545,0
2022-09-15 14:04:00,545,545,545,545,0
2022-09-15 14:05:00,545,545,545,545,0
2022-09-15 14:06:00,545,545,545,545,0
2022-09-15 14:07:00,545,545,545,545,0
2022-09-15 14:08:00,545,545,545,545,0
2022-09-15 14:09:00,545,545,545,545,0
2022-09-15 14:10:00,545,545,545,545,0
2022-09-15 14:11:00,545,545,545,545,0
2022-09-15 14:12:00,545,545,545,545,0
2022-09-15 14:13:00,545,545,545,545,0
2022-09-15 14:14:00,545,545,545,545,0
2022-09-15 14:15:00,545,545,545,545,0
2022-09-15 14:16:00,540,540,545,545,8300
2022-09-15 14:17:00,540,540,545,545,0
2022-09-15 14:18:00,540,540,545,545,0
2022-09-15 14:19:00,540,540,545,545,0
2022-09-15 14:20:00,540,540,545,545,0
2022-09-15 14:21:00,540,540,545,545,0
2022-09-15 14:22:00,540,540,545,545,0
2022-09-15 14:23:00,540,540,545,545,0
2022-09-15 14:24:00,540,540,545,545,0
2022-09-15 14:25:00,545,545,545,545,600
2022-09-15 14:26:00,545,545,545,545,0
2022-09-15 14:27:00,545,545,545,545,0
2022-09-15 14:28:00,545,545,545,545,0
2022-09-15 14:29:00,540,540,545,545,2100
2022-09-15 14:30:00,545,545,545,545,100
2022-09-15 14:31:00,545,545,545,545,0
2022-09-15 14:32:00,545,545,545,545,0
2022-09-15 14:33:00,545,545,545,545,0
2022-09-15 14:34:00,545,545,545,545,0
2022-09-15 14:35:00,545,545,545,545,0
2022-09-15 14:36:00,545,545,545,545,0
2022-09-15 14:37:00,545,545,545,545,0
2022-09-15 14:38:00,545,545,545,545,0
2022-09-15 14:39:00,545,545,545,545,0
2022-09-15 14:40:00,545,545,545,545,0
2022-09-15 14:41:00,545,545,545,545,0
2022-09-15 14:42:00,545,545,545,545,0
2022-09-15 14:43:00,545,545,545,545,0
2022-09-15 14:44:00,545,545,545,545,0
2022-09-15 14:45:00,545,545,545,545,0
2022-09-15 14:46:00,545,545,545,545,0
2022-09-15 14:47:00,545,545,545,545,600
2022-09-15 14:48:00,545,545,545,545,300
2022-09-15 14:49:00,545,545,545,545,700
2022-09-15 14:50:00,545,545,545,545,0
2022-09-15 14:51:00,545,545,545,545,0
2022-09-15 14:52:00,545,545,545,545,0
2022-09-15 14:53:00,545,545,545,545,0
2022-09-15 14:54:00,545,545,545,545,0
2022-09-15 14:55:00,545,545,545,545,0
2022-09-15 14:56:00,545,545,545,545,0
2022-09-15 14:57:00,545,545,545,545,0
2022-09-15 14:58:00,545,545,545,545,0
2022-09-15 14:59:00,545,545,545,545,0
2022-09-15 15:00:00,545,545,545,545,0
2022-09-15 15:01:00,530,530,530,530,110000
2022-09-15 15:02:00,530,530,530,530,0
2022-09-15 15:03:00,530,530,530,530,0
2022-09-15 15:04:00,530,530,530,530,0
2022-09-15 15:05:00,530,530,530,530,0
2022-09-15 15:06:00,530,530,530,530,0
2022-09-15 15:07:00,530,530,530,530,0
2022-09-15 15:08:00,530,530,530,530,0
2022-09-15 15:09:00,530,530,530,530,267300
2022-09-15 15:10:00,530,530,530,530,0
2022-09-15 15:11:00,530,530,530,530,0
2022-09-15 15:12:00,530,530,530,530,0
2022-09-15 15:13:00,530,530,530,530,0
2022-09-15 15:14:00,530,530,530,530,0
2022-09-15 15:15:00,530,530,530,530,0
2022-09-15 15:16:00,530,530,530,530,0
2022-09-15 15:17:00,530,530,530,530,0
2022-09-15 15:18:00,530,530,530,530,0
2022-09-15 15:19:00,530,530,530,530,0
2022-09-15 15:20:00,530,530,530,530,0
2022-09-15 15:21:00,530,530,530,530,0
2022-09-15 15:22:00,530,530,530,530,0
2022-09-15 15:23:00,530,530,530,530,0
2022-09-15 15:24:00,530,530,530,530,0
2022-09-15 15:25:00,530,530,530,530,0
2022-09-15 15:26:00,530,530,530,530,0
2022-09-15 15:27:00,530,530,530,530,0
2022-09-15 15:28:00,530,530,530,530,0
2022-09-15 15:29:00,530,530,530,530,0
2022-09-15 15:30:00,530,530,530,530,0
2022-09-15 15:31:00,530,530,530,530,0
2022-09-15 15:32:00,530,530,530,530,0
2022-09-15 15:33:00,530,530,530,530,0
2022-09-15 15:34:00,530,530,530,530,0
2022-09-15 15:35:00,530,530,530,530,0
2022-09-15 15:36:00,530,530,530,530,0
2022-09-15 15:37:00,530,530,530,530,0
2022-09-15 15:38:00,530,530,530,530,0
2022-09-15 15:39:00,530,530,530,530,0
2022-09-15 15:40:00,530,530,530,530,0
2022-09-15 15:41:00,530,530,530,530,0
2022-09-15 15:42:00,530,530,530,530,0
2022-09-15 15:43:00,530,530,530,530,0
2022-09-15 15:44:00,530,530,530,530,0
2022-09-15 15:45:00,530,530,530,530,0
2022-09-15 15:46:00,530,530,530,530,0
2022-09-15 15:47:00,530,530,530,530,0
2022-09-15 15:48:00,530,530,530,530,0
2022-09-15 15:49:00,530,530,530,530,0
2022-09-15 15:50:00,530,530,530,530,0
2022-09-15 15:51:00,530,530,530,530,0
2022-09-15 15:52:00,530,530,530,530,0
2022-09-15 15:53:00,530,530,530,530,0
2022-09-15 15:54:00,530,530,530,530,0
2022-09-15 15:55:00,530,530,530,530,0
2022-09-15 15:56:00,530,530,530,530,0
2022-09-15 15:57:00,530,530,530,530,0
2022-09-15 15:58:00,530,530,530,530,0
2022-09-15 15:59:00,530,530,530,530,0
2022-09-16 09:00:00,525,525,540,530,0
2022-09-16 09:01:00,540,540,540,540,0
2022-09-16 09:02:00,540,540,540,540,300
2022-09-16 09:03:00,540,540,540,540,300
2022-09-16 09:04:00,540,540,540,540,0
2022-09-16 09:05:00,535,535,535,535,700
2022-09-16 09:06:00,540,540,540,540,25000
2022-09-16 09:07:00,540,540,545,545,46000
2022-09-16 09:08:00,545,545,545,545,0
2022-09-16 09:09:00,540,540,540,540,2400
2022-09-16 09:10:00,540,540,540,540,0
2022-09-16 09:11:00,540,540,540,540,500
2022-09-16 09:12:00,540,540,540,540,0
2022-09-16 09:13:00,540,540,540,540,0
2022-09-16 09:14:00,540,540,540,540,0
2022-09-16 09:15:00,540,540,540,540,0
2022-09-16 09:16:00,540,540,540,540,0
2022-09-16 09:17:00,540,540,540,540,0
2022-09-16 09:18:00,540,540,540,540,0
2022-09-16 09:19:00,540,540,540,540,0
2022-09-16 09:20:00,540,540,540,540,0
2022-09-16 09:21:00,540,540,540,540,0
2022-09-16 09:22:00,540,540,540,540,0
2022-09-16 09:23:00,540,540,540,540,200
2022-09-16 09:24:00,540,540,540,540,0
2022-09-16 09:25:00,540,540,540,540,100
2022-09-16 09:26:00,540,540,540,540,0
2022-09-16 09:27:00,540,540,540,540,300
2022-09-16 09:28:00,540,540,540,540,0
2022-09-16 09:29:00,540,540,540,540,0
2022-09-16 09:30:00,540,540,540,540,0
2022-09-16 09:31:00,540,540,540,540,0
2022-09-16 09:32:00,540,540,540,540,0
2022-09-16 09:33:00,540,540,540,540,0
2022-09-16 09:34:00,540,540,540,540,0
2022-09-16 09:35:00,540,540,540,540,0
2022-09-16 09:36:00,540,540,540,540,0
2022-09-16 09:37:00,540,540,540,540,0
2022-09-16 09:38:00,540,540,540,540,0
2022-09-16 09:39:00,540,540,540,540,0
2022-09-16 09:40:00,540,540,540,540,0
2022-09-16 09:41:00,540,540,540,540,0
2022-09-16 09:42:00,540,540,540,540,0
2022-09-16 09:43:00,540,540,540,540,0
2022-09-16 09:44:00,540,540,540,540,0
2022-09-16 09:45:00,540,540,540,540,0
2022-09-16 09:46:00,540,540,540,540,0
2022-09-16 09:47:00,540,540,540,540,0
2022-09-16 09:48:00,540,540,540,540,0
2022-09-16 09:49:00,540,540,540,540,0
2022-09-16 09:50:00,540,540,540,540,0
2022-09-16 09:51:00,540,540,540,540,0
2022-09-16 09:52:00,540,540,540,540,0
2022-09-16 09:53:00,540,540,540,540,0
2022-09-16 09:54:00,540,540,540,540,0
2022-09-16 09:55:00,540,540,540,540,0
2022-09-16 09:56:00,540,540,540,540,0
2022-09-16 09:57:00,540,540,540,540,0
2022-09-16 09:58:00,540,540,540,540,0
2022-09-16 09:59:00,540,540,540,540,0
2022-09-16 10:00:00,540,540,540,540,0
2022-09-16 10:01:00,540,540,540,540,0
2022-09-16 10:02:00,540,540,540,540,0
2022-09-16 10:03:00,540,540,540,540,0
2022-09-16 10:04:00,540,540,540,540,0
2022-09-16 10:05:00,540,540,540,540,11500
2022-09-16 10:06:00,540,540,540,540,0
2022-09-16 10:07:00,540,540,540,540,0
2022-09-16 10:08:00,540,540,540,540,0
2022-09-16 10:09:00,540,540,540,540,0
2022-09-16 10:10:00,540,540,540,540,0
2022-09-16 10:11:00,540,540,540,540,0
2022-09-16 10:12:00,540,540,540,540,0
2022-09-16 10:13:00,540,540,540,540,0
2022-09-16 10:14:00,540,540,540,540,0
2022-09-16 10:15:00,540,540,540,540,0
2022-09-16 10:16:00,540,540,540,540,0
2022-09-16 10:17:00,540,540,540,540,0
2022-09-16 10:18:00,535,535,535,535,16400
2022-09-16 10:19:00,540,540,540,540,0
2022-09-16 10:20:00,540,540,540,540,0
2022-09-16 10:21:00,540,540,540,540,0
2022-09-16 10:22:00,540,540,540,540,500
2022-09-16 10:23:00,540,540,540,540,0
2022-09-16 10:24:00,540,540,540,540,0
2022-09-16 10:25:00,540,540,540,540,0
2022-09-16 10:26:00,540,540,540,540,0
2022-09-16 10:27:00,540,540,540,540,0
2022-09-16 10:28:00,540,540,540,540,0
2022-09-16 10:29:00,540,540,540,540,0
2022-09-16 10:30:00,540,540,540,540,69300
2022-09-16 10:31:00,540,540,540,540,0
2022-09-16 10:32:00,540,540,540,540,0
2022-09-16 10:33:00,540,540,540,540,0
2022-09-16 10:34:00,535,535,535,535,0
2022-09-16 10:35:00,540,540,540,540,900
2022-09-16 10:36:00,540,540,540,540,0
2022-09-16 10:37:00,540,540,540,540,0
2022-09-16 10:38:00,540,540,540,540,0
2022-09-16 10:39:00,540,540,540,540,0
2022-09-16 10:40:00,540,540,540,540,0
2022-09-16 10:41:00,540,540,540,540,0
2022-09-16 10:42:00,540,540,540,540,0
2022-09-16 10:43:00,540,540,540,540,0
2022-09-16 10:44:00,540,540,540,540,0
2022-09-16 10:45:00,540,540,540,540,0
2022-09-16 10:46:00,540,540,540,540,0
2022-09-16 10:47:00,540,540,540,540,0
2022-09-16 10:48:00,540,540,540,540,0
2022-09-16 10:49:00,540,540,540,540,0
2022-09-16 10:50:00,540,540,540,540,0
2022-09-16 10:51:00,540,540,540,540,0
2022-09-16 10:52:00,540,540,540,540,300
2022-09-16 10:53:00,540,540,540,540,0
2022-09-16 10:54:00,540,540,540,540,0
2022-09-16 10:55:00,535,535,540,540,7800
2022-09-16 10:56:00,535,535,540,540,0
2022-09-16 10:57:00,535,535,540,540,0
2022-09-16 10:58:00,535,535,540,540,0
2022-09-16 10:59:00,535,535,540,540,0
2022-09-16 11:00:00,535,535,540,540,0
2022-09-16 11:01:00,535,535,540,540,0
2022-09-16 11:02:00,535,535,540,540,0
2022-09-16 11:03:00,535,535,540,540,0
2022-09-16 11:04:00,535,535,540,540,0
2022-09-16 11:05:00,535,535,540,540,0
2022-09-16 11:06:00,535,535,540,540,0
2022-09-16 11:07:00,535,530,535,530,44900
2022-09-16 11:08:00,535,535,540,540,0
2022-09-16 11:09:00,540,540,540,540,0
2022-09-16 11:10:00,540,540,540,540,0
2022-09-16 11:11:00,540,540,540,540,0
2022-09-16 11:12:00,540,540,540,540,0
2022-09-16 11:13:00,540,540,540,540,0
2022-09-16 11:14:00,540,540,540,540,0
2022-09-16 11:15:00,540,540,540,540,0
2022-09-16 11:16:00,535,535,540,540,2000
2022-09-16 11:17:00,535,535,540,540,0
2022-09-16 11:18:00,540,540,540,540,800
2022-09-16 11:19:00,540,540,540,540,0
2022-09-16 11:20:00,540,540,540,540,0
2022-09-16 11:21:00,540,540,540,540,0
2022-09-16 11:22:00,535,535,535,535,1500
2022-09-16 11:23:00,540,540,540,540,0
2022-09-16 11:24:00,540,540,540,540,0
2022-09-16 11:25:00,540,540,540,540,200
2022-09-16 11:26:00,540,540,540,540,0
2022-09-16 11:27:00,540,540,540,540,400
2022-09-16 11:28:00,540,540,540,540,500
2022-09-16 11:29:00,540,540,540,540,800
2022-09-16 11:30:00,540,540,540,540,0
2022-09-16 11:31:00,540,540,540,540,0
2022-09-16 11:32:00,540,540,540,540,0
2022-09-16 11:33:00,540,540,540,540,0
2022-09-16 11:34:00,540,540,540,540,0
2022-09-16 11:35:00,540,540,540,540,0
2022-09-16 11:36:00,540,540,540,540,0
2022-09-16 11:37:00,540,540,540,540,0
2022-09-16 11:38:00,540,540,540,540,0
2022-09-16 11:39:00,540,540,540,540,0
2022-09-16 11:40:00,540,540,540,540,0
2022-09-16 11:41:00,540,540,540,540,0
2022-09-16 11:42:00,540,540,540,540,0
2022-09-16 11:43:00,540,540,540,540,0
2022-09-16 11:44:00,540,540,540,540,0
2022-09-16 11:45:00,540,540,540,540,0
2022-09-16 11:46:00,540,540,540,540,0
2022-09-16 11:47:00,540,540,540,540,0
2022-09-16 11:48:00,540,540,540,540,0
2022-09-16 11:49:00,540,540,540,540,0
2022-09-16 11:50:00,540,540,540,540,0
2022-09-16 11:51:00,540,540,540,540,0
2022-09-16 11:52:00,540,540,540,540,0
2022-09-16 11:53:00,540,540,540,540,0
2022-09-16 11:54:00,540,540,540,540,0
2022-09-16 11:55:00,540,540,540,540,0
2022-09-16 11:56:00,540,540,540,540,0
2022-09-16 11:57:00,540,540,540,540,0
2022-09-16 11:58:00,540,540,540,540,0
2022-09-16 11:59:00,540,540,540,540,0
2022-09-16 12:00:00,540,540,540,540,0
2022-09-16 12:01:00,540,540,540,540,0
2022-09-16 12:02:00,540,540,540,540,0
2022-09-16 12:03:00,540,540,540,540,0
2022-09-16 12:04:00,540,540,540,540,0
2022-09-16 12:05:00,540,540,540,540,0
2022-09-16 12:06:00,540,540,540,540,0
2022-09-16 12:07:00,540,540,540,540,0
2022-09-16 12:08:00,540,540,540,540,0
2022-09-16 12:09:00,540,540,540,540,0
2022-09-16 12:10:00,540,540,540,540,0
2022-09-16 12:11:00,540,540,540,540,0
2022-09-16 12:12:00,540,540,540,540,0
2022-09-16 12:13:00,540,540,540,540,0
2022-09-16 12:14:00,540,540,540,540,0
2022-09-16 12:15:00,540,540,540,540,0
2022-09-16 12:16:00,540,540,540,540,0
2022-09-16 12:17:00,540,540,540,540,0
2022-09-16 12:18:00,540,540,540,540,0
2022-09-16 12:19:00,540,540,540,540,0
2022-09-16 12:20:00,540,540,540,540,0
2022-09-16 12:21:00,540,540,540,540,0
2022-09-16 12:22:00,540,540,540,540,0
2022-09-16 12:23:00,540,540,540,540,0
2022-09-16 12:24:00,540,540,540,540,0
2022-09-16 12:25:00,540,540,540,540,0
2022-09-16 12:26:00,540,540,540,540,0
2022-09-16 12:27:00,540,540,540,540,0
2022-09-16 12:28:00,540,540,540,540,0
2022-09-16 12:29:00,540,540,540,540,0
2022-09-16 12:30:00,540,540,540,540,0
2022-09-16 12:31:00,540,540,540,540,0
2022-09-16 12:32:00,540,540,540,540,0
2022-09-16 12:33:00,540,540,540,540,0
2022-09-16 12:34:00,540,540,540,540,0
2022-09-16 12:35:00,540,540,540,540,0
2022-09-16 12:36:00,540,540,540,540,0
2022-09-16 12:37:00,540,540,540,540,0
2022-09-16 12:38:00,540,540,540,540,0
2022-09-16 12:39:00,540,540,540,540,0
2022-09-16 12:40:00,540,540,540,540,0
2022-09-16 12:41:00,540,540,540,540,0
2022-09-16 12:42:00,540,540,540,540,0
2022-09-16 12:43:00,540,540,540,540,0
2022-09-16 12:44:00,540,540,540,540,0
2022-09-16 12:45:00,540,540,540,540,0
2022-09-16 12:46:00,540,540,540,540,0
2022-09-16 12:47:00,540,540,540,540,0
2022-09-16 12:48:00,540,540,540,540,0
2022-09-16 12:49:00,540,540,540,540,0
2022-09-16 12:50:00,540,540,540,540,0
2022-09-16 12:51:00,540,540,540,540,0
2022-09-16 12:52:00,540,540,540,540,0
2022-09-16 12:53:00,540,540,540,540,0
2022-09-16 12:54:00,540,540,540,540,0
2022-09-16 12:55:00,540,540,540,540,0
2022-09-16 12:56:00,540,540,540,540,0
2022-09-16 12:57:00,540,540,540,540,0
2022-09-16 12:58:00,540,540,540,540,0
2022-09-16 12:59:00,540,540,540,540,0
2022-09-16 13:00:00,540,540,540,540,0
2022-09-16 13:01:00,540,540,540,540,0
2022-09-16 13:02:00,540,540,540,540,0
2022-09-16 13:03:00,540,540,540,540,0
2022-09-16 13:04:00,540,540,540,540,0
2022-09-16 13:05:00,540,540,540,540,0
2022-09-16 13:06:00,540,540,540,540,0
2022-09-16 13:07:00,540,540,540,540,0
2022-09-16 13:08:00,540,540,540,540,0
2022-09-16 13:09:00,540,540,540,540,0
2022-09-16 13:10:00,540,540,540,540,0
2022-09-16 13:11:00,540,540,540,540,0
2022-09-16 13:12:00,540,540,540,540,0
2022-09-16 13:13:00,540,540,540,540,0
2022-09-16 13:14:00,540,540,540,540,0
2022-09-16 13:15:00,540,540,540,540,0
2022-09-16 13:16:00,540,540,540,540,0
2022-09-16 13:17:00,540,540,540,540,0
2022-09-16 13:18:00,540,540,540,540,0
2022-09-16 13:19:00,540,540,540,540,0
2022-09-16 13:20:00,540,540,540,540,0
2022-09-16 13:21:00,540,540,540,540,0
2022-09-16 13:22:00,540,540,540,540,0
2022-09-16 13:23:00,540,540,540,540,0
2022-09-16 13:24:00,540,540,540,540,0
2022-09-16 13:25:00,540,540,540,540,0
2022-09-16 13:26:00,540,540,540,540,0
2022-09-16 13:27:00,540,540,540,540,0
2022-09-16 13:28:00,540,540,540,540,0
2022-09-16 13:29:00,540,540,540,540,0
2022-09-16 13:30:00,535,535,535,535,600
2022-09-16 13:31:00,535,535,535,535,0
2022-09-16 13:32:00,535,535,535,535,0
2022-09-16 13:33:00,535,535,535,535,0
2022-09-16 13:34:00,535,535,535,535,0
2022-09-16 13:35:00,535,535,535,535,0
2022-09-16 13:36:00,540,540,540,540,2600
2022-09-16 13:37:00,540,540,540,540,0
2022-09-16 13:38:00,540,540,540,540,0
2022-09-16 13:39:00,540,540,540,540,0
2022-09-16 13:40:00,540,540,540,540,0
2022-09-16 13:41:00,540,540,540,540,0
2022-09-16 13:42:00,540,540,540,540,0
2022-09-16 13:43:00,540,540,540,540,0
2022-09-16 13:44:00,540,540,540,540,0
2022-09-16 13:45:00,540,540,540,540,0
2022-09-16 13:46:00,540,540,540,540,0
2022-09-16 13:47:00,540,540,540,540,0
2022-09-16 13:48:00,540,540,540,540,0
2022-09-16 13:49:00,540,540,540,540,0
2022-09-16 13:50:00,540,540,540,540,0
2022-09-16 13:51:00,540,540,540,540,0
2022-09-16 13:52:00,540,540,540,540,0
2022-09-16 13:53:00,540,540,540,540,800
2022-09-16 13:54:00,540,540,540,540,0
2022-09-16 13:55:00,540,540,540,540,0
2022-09-16 13:56:00,535,535,535,535,200
2022-09-16 13:57:00,535,535,535,535,0
2022-09-16 13:58:00,535,535,535,535,0
2022-09-16 13:59:00,535,535,535,535,0
2022-09-16 14:00:00,535,535,535,535,0
2022-09-16 14:01:00,535,535,535,535,0
2022-09-16 14:02:00,535,535,540,540,3000
2022-09-16 14:03:00,535,535,540,540,0
2022-09-16 14:04:00,535,535,540,540,0
2022-09-16 14:05:00,535,535,540,540,0
2022-09-16 14:06:00,535,535,540,540,0
2022-09-16 14:07:00,535,535,540,540,0
2022-09-16 14:08:00,535,535,540,540,0
2022-09-16 14:09:00,540,540,540,540,0
2022-09-16 14:10:00,540,540,540,540,0
2022-09-16 14:11:00,540,540,540,540,0
2022-09-16 14:12:00,540,540,540,540,0
2022-09-16 14:13:00,540,540,540,540,0
2022-09-16 14:14:00,540,540,540,540,0
2022-09-16 14:15:00,540,540,540,540,0
2022-09-16 14:16:00,535,535,535,535,285400
2022-09-16 14:17:00,535,535,535,535,0
2022-09-16 14:18:00,535,535,535,535,0
2022-09-16 14:19:00,535,535,535,535,0
2022-09-16 14:20:00,535,535,535,535,0
2022-09-16 14:21:00,535,535,535,535,0
2022-09-16 14:22:00,535,535,535,535,0
2022-09-16 14:23:00,535,535,535,535,500
2022-09-16 14:24:00,535,535,540,540,149500
2022-09-16 14:25:00,535,535,540,540,0
2022-09-16 14:26:00,540,540,540,540,800
2022-09-16 14:27:00,540,540,540,540,0
2022-09-16 14:28:00,540,540,540,540,0
2022-09-16 14:29:00,540,540,540,540,0
2022-09-16 14:30:00,540,540,540,540,0
2022-09-16 14:31:00,540,540,540,540,0
2022-09-16 14:32:00,540,540,540,540,0
2022-09-16 14:33:00,540,540,540,540,0
2022-09-16 14:34:00,540,540,540,540,600
2022-09-16 14:35:00,540,540,540,540,0
2022-09-16 14:36:00,540,540,540,540,0
2022-09-16 14:37:00,540,540,540,540,100
2022-09-16 14:38:00,540,540,540,540,200
2022-09-16 14:39:00,540,540,540,540,0
2022-09-16 14:40:00,540,540,540,540,0
2022-09-16 14:41:00,540,540,540,540,0
2022-09-16 14:42:00,540,530,540,540,21700
2022-09-16 14:43:00,540,540,540,540,0
2022-09-16 14:44:00,540,540,540,540,100
2022-09-16 14:45:00,540,540,540,540,0
2022-09-16 14:46:00,540,535,540,535,3100
2022-09-16 14:47:00,535,535,540,540,2800
2022-09-16 14:48:00,540,535,540,535,1800
2022-09-16 14:49:00,535,535,540,540,6100
2022-09-16 14:50:00,535,535,540,540,0
2022-09-16 14:51:00,535,535,540,540,0
2022-09-16 14:52:00,535,535,540,540,0
2022-09-16 14:53:00,535,535,540,540,0
2022-09-16 14:54:00,535,535,540,540,0
2022-09-16 14:55:00,535,535,540,540,0
2022-09-16 14:56:00,535,535,540,540,0
2022-09-16 14:57:00,535,535,540,540,0
2022-09-16 14:58:00,535,535,540,540,0
2022-09-16 14:59:00,535,535,540,540,0
2022-09-16 15:00:00,525,525,525,525,147600
2022-09-16 15:01:00,525,525,525,525,0
2022-09-16 15:02:00,525,525,525,525,0
2022-09-16 15:03:00,525,525,525,525,0
2022-09-16 15:04:00,525,525,525,525,0
2022-09-16 15:05:00,525,525,525,525,0
2022-09-16 15:06:00,525,525,525,525,0
2022-09-16 15:07:00,525,525,525,525,0
2022-09-16 15:08:00,525,525,525,525,0
2022-09-16 15:09:00,525,525,525,525,0
2022-09-16 15:10:00,525,525,525,525,0
2022-09-16 15:11:00,525,525,525,525,0
2022-09-16 15:12:00,525,525,525,525,0
2022-09-16 15:13:00,525,525,525,525,0
2022-09-16 15:14:00,525,525,525,525,0
2022-09-16 15:15:00,525,525,525,525,0
2022-09-16 15:16:00,525,525,525,525,0
2022-09-16 15:17:00,525,525,525,525,0
2022-09-16 15:18:00,525,525,525,525,0
2022-09-16 15:19:00,525,525,525,525,0
2022-09-16 15:20:00,525,525,525,525,0
2022-09-16 15:21:00,525,525,525,525,0
2022-09-16 15:22:00,525,525,525,525,0
2022-09-16 15:23:00,525,525,525,525,0
2022-09-16 15:24:00,525,525,525,525,0
2022-09-16 15:25:00,525,525,525,525,0
2022-09-16 15:26:00,525,525,525,525,0
2022-09-16 15:27:00,525,525,525,525,0
2022-09-16 15:28:00,525,525,525,525,0
2022-09-16 15:29:00,525,525,525,525,0
2022-09-16 15:30:00,525,525,525,525,0
2022-09-16 15:31:00,525,525,525,525,0
2022-09-16 15:32:00,525,525,525,525,0
2022-09-16 15:33:00,525,525,525,525,0
2022-09-16 15:34:00,525,525,525,525,0
2022-09-16 15:35:00,525,525,525,525,0
2022-09-16 15:36:00,525,525,525,525,0
2022-09-16 15:37:00,525,525,525,525,0
2022-09-16 15:38:00,525,525,525,525,0
2022-09-16 15:39:00,525,525,525,525,0
2022-09-16 15:40:00,525,525,525,525,0
2022-09-16 15:41:00,525,525,525,525,0
2022-09-16 15:42:00,525,525,525,525,0
2022-09-16 15:43:00,525,525,525,525,0
2022-09-16 15:44:00,525,525,525,525,0
2022-09-16 15:45:00,525,525,525,525,0
2022-09-16 15:46:00,525,525,525,525,0
2022-09-16 15:47:00,525,525,525,525,0
2022-09-16 15:48:00,525,525,525,525,0
2022-09-16 15:49:00,525,525,525,525,0
2022-09-16 15:50:00,525,525,525,525,0
2022-09-16 15:51:00,525,525,525,525,0
2022-09-16 15:52:00,525,525,525,525,0
2022-09-16 15:53:00,525,525,525,525,0
2022-09-16 15:54:00,525,525,525,525,0
2022-09-16 15:55:00,525,525,525,525,0
2022-09-16 15:56:00,525,525,525,525,0
2022-09-16 15:57:00,525,525,525,525,0
2022-09-16 15:58:00,525,525,525,525,0
2022-09-16 15:59:00,525,525,525,525,0
2022-09-19 09:00:00,540,540,540,540,0
2022-09-19 09:01:00,540,540,540,540,0
2022-09-19 09:02:00,535,535,535,535,12600
2022-09-19 09:03:00,535,535,535,535,0
2022-09-19 09:04:00,535,535,535,535,300
2022-09-19 09:05:00,535,535,535,535,0
2022-09-19 09:06:00,535,535,535,535,2500
2022-09-19 09:07:00,535,535,535,535,94700
2022-09-19 09:08:00,535,535,535,535,0
2022-09-19 09:09:00,535,535,535,535,0
2022-09-19 09:10:00,535,535,540,540,84600
2022-09-19 09:11:00,540,540,540,540,0
2022-09-19 09:12:00,540,540,540,540,0
2022-09-19 09:13:00,535,535,535,535,1600
2022-09-19 09:14:00,535,535,535,535,0
2022-09-19 09:15:00,535,535,535,535,33500
2022-09-19 09:16:00,535,535,535,535,0
2022-09-19 09:17:00,535,535,550,550,187500
2022-09-19 09:18:00,535,535,550,550,0
2022-09-19 09:19:00,545,545,545,545,0
2022-09-19 09:20:00,550,550,550,550,500
2022-09-19 09:21:00,550,550,555,555,31900
2022-09-19 09:22:00,550,550,555,550,2800
2022-09-19 09:23:00,555,555,555,555,0
2022-09-19 09:24:00,550,550,555,555,3100
2022-09-19 09:25:00,550,550,555,555,2300
2022-09-19 09:26:00,550,550,555,555,2400
2022-09-19 09:27:00,550,550,555,555,2700
2022-09-19 09:28:00,550,550,550,550,3100
2022-09-19 09:29:00,545,545,550,550,17100
2022-09-19 09:30:00,550,550,550,550,900
2022-09-19 09:31:00,550,550,550,550,2600
2022-09-19 09:32:00,550,550,550,550,300
2022-09-19 09:33:00,550,550,550,550,0
2022-09-19 09:34:00,550,550,550,550,0
2022-09-19 09:35:00,550,550,550,550,0
2022-09-19 09:36:00,545,545,550,550,1000
2022-09-19 09:37:00,550,550,550,550,200
2022-09-19 09:38:00,550,550,550,550,400
2022-09-19 09:39:00,550,550,550,550,0
2022-09-19 09:40:00,550,550,550,550,0
2022-09-19 09:41:00,545,545,545,545,7900
2022-09-19 09:42:00,550,550,550,550,0
2022-09-19 09:43:00,550,550,555,555,54800
2022-09-19 09:44:00,550,550,555,555,0
2022-09-19 09:45:00,550,550,555,555,0
2022-09-19 09:46:00,550,550,550,550,0
2022-09-19 09:47:00,555,555,555,555,0
2022-09-19 09:48:00,555,555,555,555,0
2022-09-19 09:49:00,550,550,555,555,6400
2022-09-19 09:50:00,550,550,555,555,0
2022-09-19 09:51:00,550,550,555,555,0
2022-09-19 09:52:00,555,555,555,555,8600
2022-09-19 09:53:00,555,555,555,555,0
2022-09-19 09:54:00,555,555,555,555,0
2022-09-19 09:55:00,555,555,555,555,0
2022-09-19 09:56:00,555,555,555,555,0
2022-09-19 09:57:00,555,555,555,555,0
2022-09-19 09:58:00,555,555,555,555,0
2022-09-19 09:59:00,550,550,555,555,700
2022-09-19 10:00:00,555,555,555,555,300
2022-09-19 10:01:00,555,555,555,555,0
2022-09-19 10:02:00,550,550,550,550,1700
2022-09-19 10:03:00,550,550,550,550,0
2022-09-19 10:04:00,545,545,550,550,2000
2022-09-19 10:05:00,550,550,550,550,1800
2022-09-19 10:06:00,550,550,550,550,0
2022-09-19 10:07:00,550,550,550,550,0
2022-09-19 10:08:00,550,550,550,550,0
2022-09-19 10:09:00,550,550,550,550,0
2022-09-19 10:10:00,550,550,550,550,0
2022-09-19 10:11:00,550,550,550,550,0
2022-09-19 10:12:00,550,550,550,550,0
2022-09-19 10:13:00,550,550,550,550,1400
2022-09-19 10:14:00,550,550,550,550,0
2022-09-19 10:15:00,550,550,550,550,0
2022-09-19 10:16:00,550,550,550,550,1300
2022-09-19 10:17:00,550,550,550,550,0
2022-09-19 10:18:00,550,550,550,550,0
2022-09-19 10:19:00,550,550,550,550,0
2022-09-19 10:20:00,550,550,550,550,0
2022-09-19 10:21:00,550,550,550,550,0
2022-09-19 10:22:00,550,550,550,550,0
2022-09-19 10:23:00,550,550,550,550,0
2022-09-19 10:24:00,550,550,550,550,0
2022-09-19 10:25:00,550,550,550,550,0
2022-09-19 10:26:00,550,550,550,550,0
2022-09-19 10:27:00,550,550,550,550,0
2022-09-19 10:28:00,545,545,545,545,2200
2022-09-19 10:29:00,550,550,550,550,300
2022-09-19 10:30:00,550,550,550,550,0
2022-09-19 10:31:00,550,550,550,550,0
2022-09-19 10:32:00,545,545,545,545,1800
2022-09-19 10:33:00,545,545,545,545,0
2022-09-19 10:34:00,545,545,545,545,6100
2022-09-19 10:35:00,550,550,550,550,0
2022-09-19 10:36:00,550,550,550,550,0
2022-09-19 10:37:00,550,550,550,550,0
2022-09-19 10:38:00,550,550,550,550,0
2022-09-19 10:39:00,550,550,550,550,700
2022-09-19 10:40:00,550,550,550,550,0
2022-09-19 10:41:00,550,550,550,550,0
2022-09-19 10:42:00,550,550,550,550,0
2022-09-19 10:43:00,550,550,550,550,1000
2022-09-19 10:44:00,550,550,550,550,0
2022-09-19 10:45:00,550,550,550,550,0
2022-09-19 10:46:00,550,550,550,550,0
2022-09-19 10:47:00,550,550,550,550,0
2022-09-19 10:48:00,550,550,550,550,0
2022-09-19 10:49:00,550,550,550,550,0
2022-09-19 10:50:00,550,550,550,550,0
2022-09-19 10:51:00,550,550,550,550,0
2022-09-19 10:52:00,550,550,550,550,0
2022-09-19 10:53:00,550,550,550,550,0
2022-09-19 10:54:00,550,550,550,550,0
2022-09-19 10:55:00,550,550,550,550,0
2022-09-19 10:56:00,550,550,550,550,0
2022-09-19 10:57:00,550,550,550,550,0
2022-09-19 10:58:00,550,550,550,550,0
2022-09-19 10:59:00,550,550,550,550,0
2022-09-19 11:00:00,550,550,550,550,0
2022-09-19 11:01:00,550,550,550,550,0
2022-09-19 11:02:00,550,550,550,550,0
2022-09-19 11:03:00,550,550,550,550,0
2022-09-19 11:04:00,550,550,550,550,0
2022-09-19 11:05:00,550,550,550,550,0
2022-09-19 11:06:00,550,550,550,550,0
2022-09-19 11:07:00,550,550,550,550,0
2022-09-19 11:08:00,550,550,550,550,0
2022-09-19 11:09:00,550,550,550,550,0
2022-09-19 11:10:00,550,550,550,550,0
2022-09-19 11:11:00,550,550,550,550,600
2022-09-19 11:12:00,550,550,550,550,0
2022-09-19 11:13:00,550,550,550,550,0
2022-09-19 11:14:00,550,550,550,550,0
2022-09-19 11:15:00,550,550,550,550,0
2022-09-19 11:16:00,550,550,550,550,0
2022-09-19 11:17:00,550,550,550,550,0
2022-09-19 11:18:00,550,550,550,550,0
2022-09-19 11:19:00,550,550,550,550,300
2022-09-19 11:20:00,545,545,545,545,900
2022-09-19 11:21:00,545,545,550,550,1200
2022-09-19 11:22:00,550,550,550,550,100
2022-09-19 11:23:00,550,550,550,550,0
2022-09-19 11:24:00,550,550,550,550,200
2022-09-19 11:25:00,550,550,550,550,0
2022-09-19 11:26:00,550,550,550,550,200
2022-09-19 11:27:00,550,550,550,550,0
2022-09-19 11:28:00,550,550,550,550,600
2022-09-19 11:29:00,550,550,550,550,0
2022-09-19 11:30:00,550,550,550,550,0
2022-09-19 11:31:00,550,550,550,550,0
2022-09-19 11:32:00,550,550,550,550,0
2022-09-19 11:33:00,550,550,550,550,0
2022-09-19 11:34:00,550,550,550,550,0
2022-09-19 11:35:00,550,550,550,550,0
2022-09-19 11:36:00,550,550,550,550,0
2022-09-19 11:37:00,550,550,550,550,0
2022-09-19 11:38:00,550,550,550,550,0
2022-09-19 11:39:00,550,550,550,550,0
2022-09-19 11:40:00,550,550,550,550,0
2022-09-19 11:41:00,550,550,550,550,0
2022-09-19 11:42:00,550,550,550,550,0
2022-09-19 11:43:00,550,550,550,550,0
2022-09-19 11:44:00,550,550,550,550,0
2022-09-19 11:45:00,550,550,550,550,0
2022-09-19 11:46:00,550,550,550,550,0
2022-09-19 11:47:00,550,550,550,550,0
2022-09-19 11:48:00,550,550,550,550,0
2022-09-19 11:49:00,550,550,550,550,0
2022-09-19 11:50:00,550,550,550,550,0
2022-09-19 11:51:00,550,550,550,550,0
2022-09-19 11:52:00,550,550,550,550,0
2022-09-19 11:53:00,550,550,550,550,0
2022-09-19 11:54:00,550,550,550,550,0
2022-09-19 11:55:00,550,550,550,550,0
2022-09-19 11:56:00,550,550,550,550,0
2022-09-19 11:57:00,550,550,550,550,0
2022-09-19 11:58:00,550,550,550,550,0
2022-09-19 11:59:00,550,550,550,550,0
2022-09-19 12:00:00,550,550,550,550,0
2022-09-19 12:01:00,550,550,550,550,0
2022-09-19 12:02:00,550,550,550,550,0
2022-09-19 12:03:00,550,550,550,550,0
2022-09-19 12:04:00,550,550,550,550,0
2022-09-19 12:05:00,550,550,550,550,0
2022-09-19 12:06:00,550,550,550,550,0
2022-09-19 12:07:00,550,550,550,550,0
2022-09-19 12:08:00,550,550,550,550,0
2022-09-19 12:09:00,550,550,550,550,0
2022-09-19 12:10:00,550,550,550,550,0
2022-09-19 12:11:00,550,550,550,550,0
2022-09-19 12:12:00,550,550,550,550,0
2022-09-19 12:13:00,550,550,550,550,0
2022-09-19 12:14:00,550,550,550,550,0
2022-09-19 12:15:00,550,550,550,550,0
2022-09-19 12:16:00,550,550,550,550,0
2022-09-19 12:17:00,550,550,550,550,0
2022-09-19 12:18:00,550,550,550,550,0
2022-09-19 12:19:00,550,550,550,550,0
2022-09-19 12:20:00,550,550,550,550,0
2022-09-19 12:21:00,550,550,550,550,0
2022-09-19 12:22:00,550,550,550,550,0
2022-09-19 12:23:00,550,550,550,550,0
2022-09-19 12:24:00,550,550,550,550,0
2022-09-19 12:25:00,550,550,550,550,0
2022-09-19 12:26:00,550,550,550,550,0
2022-09-19 12:27:00,550,550,550,550,0
2022-09-19 12:28:00,550,550,550,550,0
2022-09-19 12:29:00,550,550,550,550,0
2022-09-19 12:30:00,550,550,550,550,0
2022-09-19 12:31:00,550,550,550,550,0
2022-09-19 12:32:00,550,550,550,550,0
2022-09-19 12:33:00,550,550,550,550,0
2022-09-19 12:34:00,550,550,550,550,0
2022-09-19 12:35:00,550,550,550,550,0
2022-09-19 12:36:00,550,550,550,550,0
2022-09-19 12:37:00,550,550,550,550,0
2022-09-19 12:38:00,550,550,550,550,0
2022-09-19 12:39:00,550,550,550,550,0
2022-09-19 12:40:00,550,550,550,550,0
2022-09-19 12:41:00,550,550,550,550,0
2022-09-19 12:42:00,550,550,550,550,0
2022-09-19 12:43:00,550,550,550,550,0
2022-09-19 12:44:00,550,550,550,550,0
2022-09-19 12:45:00,550,550,550,550,0
2022-09-19 12:46:00,550,550,550,550,0
2022-09-19 12:47:00,550,550,550,550,0
2022-09-19 12:48:00,550,550,550,550,0
2022-09-19 12:49:00,550,550,550,550,0
2022-09-19 12:50:00,550,550,550,550,0
2022-09-19 12:51:00,550,550,550,550,0
2022-09-19 12:52:00,550,550,550,550,0
2022-09-19 12:53:00,550,550,550,550,0
2022-09-19 12:54:00,550,550,550,550,0
2022-09-19 12:55:00,550,550,550,550,0
2022-09-19 12:56:00,550,550,550,550,0
2022-09-19 12:57:00,550,550,550,550,0
2022-09-19 12:58:00,550,550,550,550,0
2022-09-19 12:59:00,550,550,550,550,0
2022-09-19 13:00:00,550,550,550,550,0
2022-09-19 13:01:00,550,550,550,550,0
2022-09-19 13:02:00,550,550,550,550,0
2022-09-19 13:03:00,550,550,550,550,0
2022-09-19 13:04:00,550,550,550,550,0
2022-09-19 13:05:00,550,550,550,550,0
2022-09-19 13:06:00,550,550,550,550,0
2022-09-19 13:07:00,550,550,550,550,0
2022-09-19 13:08:00,550,550,550,550,0
2022-09-19 13:09:00,550,550,550,550,0
2022-09-19 13:10:00,550,550,550,550,0
2022-09-19 13:11:00,550,550,550,550,0
2022-09-19 13:12:00,550,550,550,550,0
2022-09-19 13:13:00,550,550,550,550,0
2022-09-19 13:14:00,550,550,550,550,0
2022-09-19 13:15:00,550,550,550,550,0
2022-09-19 13:16:00,550,550,550,550,0
2022-09-19 13:17:00,550,550,550,550,0
2022-09-19 13:18:00,550,550,550,550,0
2022-09-19 13:19:00,550,550,550,550,0
2022-09-19 13:20:00,550,550,550,550,0
2022-09-19 13:21:00,550,550,550,550,0
2022-09-19 13:22:00,550,550,550,550,0
2022-09-19 13:23:00,550,550,550,550,0
2022-09-19 13:24:00,550,550,550,550,0
2022-09-19 13:25:00,550,550,550,550,0
2022-09-19 13:26:00,550,550,550,550,0
2022-09-19 13:27:00,550,550,550,550,0
2022-09-19 13:28:00,550,550,550,550,0
2022-09-19 13:29:00,550,550,550,550,0
2022-09-19 13:30:00,550,550,550,550,0
2022-09-19 13:31:00,550,550,550,550,300
2022-09-19 13:32:00,550,550,550,550,0
2022-09-19 13:33:00,550,550,550,550,0
2022-09-19 13:34:00,550,550,550,550,0
2022-09-19 13:35:00,550,550,550,550,0
2022-09-19 13:36:00,550,550,550,550,0
2022-09-19 13:37:00,550,550,550,550,0
2022-09-19 13:38:00,550,550,550,550,0
2022-09-19 13:39:00,550,550,550,550,0
2022-09-19 13:40:00,550,550,550,550,0
2022-09-19 13:41:00,550,550,550,550,8300
2022-09-19 13:42:00,550,550,550,550,0
2022-09-19 13:43:00,550,550,550,550,0
2022-09-19 13:44:00,550,550,550,550,0
2022-09-19 13:45:00,550,550,550,550,0
2022-09-19 13:46:00,550,550,550,550,0
2022-09-19 13:47:00,550,550,550,550,0
2022-09-19 13:48:00,550,550,550,550,0
2022-09-19 13:49:00,550,550,550,550,0
2022-09-19 13:50:00,550,550,550,550,0
2022-09-19 13:51:00,550,550,550,550,0
2022-09-19 13:52:00,550,550,550,550,0
2022-09-19 13:53:00,550,550,550,550,0
2022-09-19 13:54:00,550,550,550,550,0
2022-09-19 13:55:00,550,550,550,550,0
2022-09-19 13:56:00,550,550,550,550,0
2022-09-19 13:57:00,550,545,550,545,3200
2022-09-19 13:58:00,545,545,545,545,0
2022-09-19 13:59:00,545,545,545,545,0
2022-09-19 14:00:00,545,545,545,545,0
2022-09-19 14:01:00,545,545,545,545,0
2022-09-19 14:02:00,545,545,545,545,0
2022-09-19 14:03:00,545,545,545,545,0
2022-09-19 14:04:00,545,545,545,545,0
2022-09-19 14:05:00,545,545,545,545,0
2022-09-19 14:06:00,545,545,545,545,0
2022-09-19 14:07:00,545,545,545,545,0
2022-09-19 14:08:00,545,545,545,545,0
2022-09-19 14:09:00,545,545,545,545,0
2022-09-19 14:10:00,545,545,545,545,0
2022-09-19 14:11:00,545,545,545,545,0
2022-09-19 14:12:00,545,545,545,545,0
2022-09-19 14:13:00,545,545,545,545,0
2022-09-19 14:14:00,545,545,545,545,0
2022-09-19 14:15:00,545,545,545,545,0
2022-09-19 14:16:00,545,545,545,545,0
2022-09-19 14:17:00,545,545,545,545,0
2022-09-19 14:18:00,545,545,545,545,0
2022-09-19 14:19:00,545,545,545,545,0
2022-09-19 14:20:00,545,545,545,545,0
2022-09-19 14:21:00,545,545,545,545,0
2022-09-19 14:22:00,545,545,545,545,0
2022-09-19 14:23:00,545,545,545,545,19100
2022-09-19 14:24:00,545,545,545,545,0
2022-09-19 14:25:00,545,545,545,545,0
2022-09-19 14:26:00,545,545,545,545,0
2022-09-19 14:27:00,545,545,545,545,0
2022-09-19 14:28:00,545,545,545,545,600
2022-09-19 14:29:00,545,545,545,545,0
2022-09-19 14:30:00,545,545,545,545,0
2022-09-19 14:31:00,545,545,545,545,0
2022-09-19 14:32:00,545,545,545,545,0
2022-09-19 14:33:00,545,545,545,545,3700
2022-09-19 14:34:00,545,545,545,545,0
2022-09-19 14:35:00,545,545,545,545,0
2022-09-19 14:36:00,545,545,545,545,0
2022-09-19 14:37:00,545,545,545,545,100
2022-09-19 14:38:00,545,540,545,545,8100
2022-09-19 14:39:00,545,540,545,545,0
2022-09-19 14:40:00,545,540,545,545,0
2022-09-19 14:41:00,545,540,545,545,0
2022-09-19 14:42:00,545,545,545,545,2700
2022-09-19 14:43:00,545,545,545,545,0
2022-09-19 14:44:00,545,545,545,545,200
2022-09-19 14:45:00,545,545,545,545,0
2022-09-19 14:46:00,545,545,545,545,0
2022-09-19 14:47:00,545,545,545,545,0
2022-09-19 14:48:00,545,545,545,545,0
2022-09-19 14:49:00,545,545,555,555,25800
2022-09-19 14:50:00,545,545,555,555,0
2022-09-19 14:51:00,545,545,555,555,0
2022-09-19 14:52:00,545,545,555,555,0
2022-09-19 14:53:00,545,545,555,555,0
2022-09-19 14:54:00,545,545,555,555,0
2022-09-19 14:55:00,545,545,555,555,0
2022-09-19 14:56:00,545,545,555,555,0
2022-09-19 14:57:00,545,545,555,555,0
2022-09-19 14:58:00,545,545,555,555,0
2022-09-19 14:59:00,545,545,555,555,0
2022-09-19 15:00:00,555,555,555,555,113500
2022-09-19 15:01:00,555,555,555,555,0
2022-09-19 15:02:00,555,555,555,555,0
2022-09-19 15:03:00,555,555,555,555,0
2022-09-19 15:04:00,555,555,555,555,0
2022-09-19 15:05:00,555,555,555,555,0
2022-09-19 15:06:00,555,555,555,555,0
2022-09-19 15:07:00,555,555,555,555,0
2022-09-19 15:08:00,555,555,555,555,200
2022-09-19 15:09:00,555,555,555,555,100
2022-09-19 15:10:00,555,555,555,555,0
2022-09-19 15:11:00,555,555,555,555,0
2022-09-19 15:12:00,555,555,555,555,0
2022-09-19 15:13:00,555,555,555,555,0
2022-09-19 15:14:00,555,555,555,555,0
2022-09-19 15:15:00,555,555,555,555,0
2022-09-19 15:16:00,555,555,555,555,0
2022-09-19 15:17:00,555,555,555,555,0
2022-09-19 15:18:00,555,555,555,555,0
2022-09-19 15:19:00,555,555,555,555,0
2022-09-19 15:20:00,555,555,555,555,0
2022-09-19 15:21:00,555,555,555,555,0
2022-09-19 15:22:00,555,555,555,555,0
2022-09-19 15:23:00,555,555,555,555,0
2022-09-19 15:24:00,555,555,555,555,0
2022-09-19 15:25:00,555,555,555,555,0
2022-09-19 15:26:00,555,555,555,555,0
2022-09-19 15:27:00,555,555,555,555,0
2022-09-19 15:28:00,555,555,555,555,0
2022-09-19 15:29:00,555,555,555,555,0
2022-09-19 15:30:00,555,555,555,555,0
2022-09-19 15:31:00,555,555,555,555,0
2022-09-19 15:32:00,555,555,555,555,0
2022-09-19 15:33:00,555,555,555,555,0
2022-09-19 15:34:00,555,555,555,555,0
2022-09-19 15:35:00,555,555,555,555,0
2022-09-19 15:36:00,555,555,555,555,0
2022-09-19 15:37:00,555,555,555,555,0
2022-09-19 15:38:00,555,555,555,555,0
2022-09-19 15:39:00,555,555,555,555,0
2022-09-19 15:40:00,555,555,555,555,0
2022-09-19 15:41:00,555,555,555,555,0
2022-09-19 15:42:00,555,555,555,555,0
2022-09-19 15:43:00,555,555,555,555,0
2022-09-19 15:44:00,555,555,555,555,0
2022-09-19 15:45:00,555,555,555,555,0
2022-09-19 15:46:00,555,555,555,555,0
2022-09-19 15:47:00,555,555,555,555,0
2022-09-19 15:48:00,555,555,555,555,0
2022-09-19 15:49:00,555,555,555,555,0
2022-09-19 15:50:00,555,555,555,555,0
2022-09-19 15:51:00,555,555,555,555,0
2022-09-19 15:52:00,555,555,555,555,0
2022-09-19 15:53:00,555,555,555,555,0
2022-09-19 15:54:00,555,555,555,555,0
2022-09-19 15:55:00,555,555,555,555,0
2022-09-19 15:56:00,555,555,555,555,0
2022-09-19 15:57:00,555,555,555,555,0
2022-09-19 15:58:00,555,555,555,555,0
2022-09-19 15:59:00,555,555,555,555,0
2022-09-20 09:00:00,555,555,555,555,200
2022-09-20 09:01:00,555,555,555,555,0
2022-09-20 09:02:00,555,555,555,555,0
2022-09-20 09:03:00,555,555,555,555,0
2022-09-20 09:04:00,555,555,555,555,500
2022-09-20 09:05:00,555,555,555,555,0
2022-09-20 09:06:00,555,555,555,555,0
2022-09-20 09:07:00,555,555,555,555,0
2022-09-20 09:08:00,555,555,555,555,46400
2022-09-20 09:09:00,555,555,555,555,0
2022-09-20 09:10:00,555,555,555,555,0
2022-09-20 09:11:00,555,550,555,550,3400
2022-09-20 09:12:00,555,555,555,555,200
2022-09-20 09:13:00,555,555,555,555,0
2022-09-20 09:14:00,555,555,555,555,0
2022-09-20 09:15:00,555,555,555,555,0
2022-09-20 09:16:00,555,555,555,555,0
2022-09-20 09:17:00,550,550,550,550,1000
2022-09-20 09:18:00,555,555,555,555,400
2022-09-20 09:19:00,550,550,555,555,1100
2022-09-20 09:20:00,550,550,555,555,0
2022-09-20 09:21:00,550,550,555,555,0
2022-09-20 09:22:00,550,550,555,555,0
2022-09-20 09:23:00,550,550,555,555,0
2022-09-20 09:24:00,550,550,555,555,0
2022-09-20 09:25:00,550,550,555,555,0
2022-09-20 09:26:00,550,550,555,555,0
2022-09-20 09:27:00,550,550,555,555,0
2022-09-20 09:28:00,550,550,555,555,0
2022-09-20 09:29:00,550,550,555,555,0
2022-09-20 09:30:00,550,550,555,555,0
2022-09-20 09:31:00,550,550,555,555,0
2022-09-20 09:32:00,550,550,555,555,0
2022-09-20 09:33:00,550,550,555,555,0
2022-09-20 09:34:00,550,550,555,555,0
2022-09-20 09:35:00,550,550,555,555,0
2022-09-20 09:36:00,550,550,555,555,0
2022-09-20 09:37:00,550,550,555,555,0
2022-09-20 09:38:00,550,550,555,555,0
2022-09-20 09:39:00,550,550,550,550,1400
2022-09-20 09:40:00,555,555,555,555,0
2022-09-20 09:41:00,555,555,555,555,400
2022-09-20 09:42:00,555,555,555,555,0
2022-09-20 09:43:00,555,555,555,555,0
2022-09-20 09:44:00,555,555,555,555,0
2022-09-20 09:45:00,555,555,555,555,0
2022-09-20 09:46:00,555,555,555,555,200
2022-09-20 09:47:00,555,555,555,555,0
2022-09-20 09:48:00,555,555,555,555,0
2022-09-20 09:49:00,555,555,555,555,0
2022-09-20 09:50:00,555,555,555,555,0
2022-09-20 09:51:00,555,555,555,555,0
2022-09-20 09:52:00,550,550,555,555,700
2022-09-20 09:53:00,555,555,555,555,0
2022-09-20 09:54:00,555,555,555,555,0
2022-09-20 09:55:00,555,555,555,555,0
2022-09-20 09:56:00,555,555,555,555,0
2022-09-20 09:57:00,555,555,555,555,0
2022-09-20 09:58:00,555,555,555,555,0
2022-09-20 09:59:00,550,550,550,550,2000
2022-09-20 10:00:00,550,550,550,550,0
2022-09-20 10:01:00,550,550,550,550,0
2022-09-20 10:02:00,550,550,550,550,0
2022-09-20 10:03:00,550,550,555,555,6400
2022-09-20 10:04:00,550,550,555,555,0
2022-09-20 10:05:00,550,550,555,555,0
2022-09-20 10:06:00,550,550,555,555,0
2022-09-20 10:07:00,550,550,555,555,0
2022-09-20 10:08:00,550,550,555,555,0
2022-09-20 10:09:00,555,555,555,555,0
2022-09-20 10:10:00,555,555,555,555,0
2022-09-20 10:11:00,555,555,555,555,0
2022-09-20 10:12:00,555,555,555,555,0
2022-09-20 10:13:00,555,555,555,555,0
2022-09-20 10:14:00,555,555,555,555,0
2022-09-20 10:15:00,555,555,555,555,0
2022-09-20 10:16:00,555,555,555,555,0
2022-09-20 10:17:00,555,555,555,555,0
2022-09-20 10:18:00,555,555,555,555,0
2022-09-20 10:19:00,555,555,555,555,0
2022-09-20 10:20:00,555,555,555,555,0
2022-09-20 10:21:00,555,555,555,555,0
2022-09-20 10:22:00,555,555,555,555,0
2022-09-20 10:23:00,555,555,555,555,0
2022-09-20 10:24:00,555,555,555,555,0
2022-09-20 10:25:00,555,555,555,555,0
2022-09-20 10:26:00,555,555,555,555,0
2022-09-20 10:27:00,555,555,555,555,0
2022-09-20 10:28:00,555,555,555,555,0
2022-09-20 10:29:00,555,555,555,555,0
2022-09-20 10:30:00,555,555,555,555,0
2022-09-20 10:31:00,555,555,555,555,0
2022-09-20 10:32:00,555,555,555,555,0
2022-09-20 10:33:00,555,555,555,555,0
2022-09-20 10:34:00,555,555,555,555,0
2022-09-20 10:35:00,550,550,550,550,41400
2022-09-20 10:36:00,550,550,555,555,8900
2022-09-20 10:37:00,550,550,555,555,0
2022-09-20 10:38:00,550,550,555,555,0
2022-09-20 10:39:00,550,550,555,555,0
2022-09-20 10:40:00,550,550,555,555,0
2022-09-20 10:41:00,550,550,555,555,0
2022-09-20 10:42:00,550,550,555,555,0
2022-09-20 10:43:00,550,550,555,555,0
2022-09-20 10:44:00,550,550,555,555,0
2022-09-20 10:45:00,550,550,555,555,0
2022-09-20 10:46:00,550,550,555,555,0
2022-09-20 10:47:00,550,550,555,555,0
2022-09-20 10:48:00,550,550,555,555,0
2022-09-20 10:49:00,550,550,555,555,0
2022-09-20 10:50:00,550,550,555,555,0
2022-09-20 10:51:00,550,550,555,555,0
2022-09-20 10:52:00,550,550,555,555,0
2022-09-20 10:53:00,550,550,555,555,0
2022-09-20 10:54:00,555,555,555,555,800
2022-09-20 10:55:00,555,555,555,555,0
2022-09-20 10:56:00,555,555,555,555,0
2022-09-20 10:57:00,555,555,555,555,0
2022-09-20 10:58:00,555,555,555,555,0
2022-09-20 10:59:00,555,555,555,555,0
2022-09-20 11:00:00,555,555,555,555,0
2022-09-20 11:01:00,555,555,555,555,0
2022-09-20 11:02:00,555,555,555,555,0
2022-09-20 11:03:00,555,555,555,555,0
2022-09-20 11:04:00,555,555,555,555,0
2022-09-20 11:05:00,555,555,555,555,0
2022-09-20 11:06:00,550,550,550,550,1600
2022-09-20 11:07:00,555,555,555,555,0
2022-09-20 11:08:00,555,555,555,555,0
2022-09-20 11:09:00,555,555,555,555,0
2022-09-20 11:10:00,555,555,555,555,0
2022-09-20 11:11:00,555,555,555,555,0
2022-09-20 11:12:00,555,555,555,555,0
2022-09-20 11:13:00,555,555,555,555,0
2022-09-20 11:14:00,555,555,555,555,0
2022-09-20 11:15:00,555,555,555,555,0
2022-09-20 11:16:00,555,555,555,555,0
2022-09-20 11:17:00,555,555,555,555,0
2022-09-20 11:18:00,555,555,555,555,0
2022-09-20 11:19:00,555,555,555,555,0
2022-09-20 11:20:00,555,555,555,555,0
2022-09-20 11:21:00,555,555,555,555,0
2022-09-20 11:22:00,555,555,555,555,200
2022-09-20 11:23:00,555,555,555,555,0
2022-09-20 11:24:00,555,555,555,555,0
2022-09-20 11:25:00,555,555,555,555,0
2022-09-20 11:26:00,550,550,550,550,2000
2022-09-20 11:27:00,555,555,555,555,500
2022-09-20 11:28:00,555,555,555,555,300
2022-09-20 11:29:00,555,555,555,555,300
2022-09-20 11:30:00,555,555,555,555,0
2022-09-20 11:31:00,555,555,555,555,0
2022-09-20 11:32:00,555,555,555,555,0
2022-09-20 11:33:00,555,555,555,555,0
2022-09-20 11:34:00,555,555,555,555,0
2022-09-20 11:35:00,555,555,555,555,0
2022-09-20 11:36:00,555,555,555,555,0
2022-09-20 11:37:00,555,555,555,555,0
2022-09-20 11:38:00,555,555,555,555,0
2022-09-20 11:39:00,555,555,555,555,0
2022-09-20 11:40:00,555,555,555,555,0
2022-09-20 11:41:00,555,555,555,555,0
2022-09-20 11:42:00,555,555,555,555,0
2022-09-20 11:43:00,555,555,555,555,0
2022-09-20 11:44:00,555,555,555,555,0
2022-09-20 11:45:00,555,555,555,555,0
2022-09-20 11:46:00,555,555,555,555,0
2022-09-20 11:47:00,555,555,555,555,0
2022-09-20 11:48:00,555,555,555,555,0
2022-09-20 11:49:00,555,555,555,555,0
2022-09-20 11:50:00,555,555,555,555,0
2022-09-20 11:51:00,555,555,555,555,0
2022-09-20 11:52:00,555,555,555,555,0
2022-09-20 11:53:00,555,555,555,555,0
2022-09-20 11:54:00,555,555,555,555,0
2022-09-20 11:55:00,555,555,555,555,0
2022-09-20 11:56:00,555,555,555,555,0
2022-09-20 11:57:00,555,555,555,555,0
2022-09-20 11:58:00,555,555,555,555,0
2022-09-20 11:59:00,555,555,555,555,0
2022-09-20 12:00:00,555,555,555,555,0
2022-09-20 12:01:00,555,555,555,555,0
2022-09-20 12:02:00,555,555,555,555,0
2022-09-20 12:03:00,555,555,555,555,0
2022-09-20 12:04:00,555,555,555,555,0
2022-09-20 12:05:00,555,555,555,555,0
2022-09-20 12:06:00,555,555,555,555,0
2022-09-20 12:07:00,555,555,555,555,0
2022-09-20 12:08:00,555,555,555,555,0
2022-09-20 12:09:00,555,555,555,555,0
2022-09-20 12:10:00,555,555,555,555,0
2022-09-20 12:11:00,555,555,555,555,0
2022-09-20 12:12:00,555,555,555,555,0
2022-09-20 12:13:00,555,555,555,555,0
2022-09-20 12:14:00,555,555,555,555,0
2022-09-20 12:15:00,555,555,555,555,0
2022-09-20 12:16:00,555,555,555,555,0
2022-09-20 12:17:00,555,555,555,555,0
2022-09-20 12:18:00,555,555,555,555,0
2022-09-20 12:19:00,555,555,555,555,0
2022-09-20 12:20:00,555,555,555,555,0
2022-09-20 12:21:00,555,555,555,555,0
2022-09-20 12:22:00,555,555,555,555,0
2022-09-20 12:23:00,555,555,555,555,0
2022-09-20 12:24:00,555,555,555,555,0
2022-09-20 12:25:00,555,555,555,555,0
2022-09-20 12:26:00,555,555,555,555,0
2022-09-20 12:27:00,555,555,555,555,0
2022-09-20 12:28:00,555,555,555,555,0
2022-09-20 12:29:00,555,555,555,555,0
2022-09-20 12:30:00,555,555,555,555,0
2022-09-20 12:31:00,555,555,555,555,0
2022-09-20 12:32:00,555,555,555,555,0
2022-09-20 12:33:00,555,555,555,555,0
2022-09-20 12:34:00,555,555,555,555,0
2022-09-20 12:35:00,555,555,555,555,0
2022-09-20 12:36:00,555,555,555,555,0
2022-09-20 12:37:00,555,555,555,555,0
2022-09-20 12:38:00,555,555,555,555,0
2022-09-20 12:39:00,555,555,555,555,0
2022-09-20 12:40:00,555,555,555,555,0
2022-09-20 12:41:00,555,555,555,555,0
2022-09-20 12:42:00,555,555,555,555,0
2022-09-20 12:43:00,555,555,555,555,0
2022-09-20 12:44:00,555,555,555,555,0
2022-09-20 12:45:00,555,555,555,555,0
2022-09-20 12:46:00,555,555,555,555,0
2022-09-20 12:47:00,555,555,555,555,0
2022-09-20 12:48:00,555,555,555,555,0
2022-09-20 12:49:00,555,555,555,555,0
2022-09-20 12:50:00,555,555,555,555,0
2022-09-20 12:51:00,555,555,555,555,0
2022-09-20 12:52:00,555,555,555,555,0
2022-09-20 12:53:00,555,555,555,555,0
2022-09-20 12:54:00,555,555,555,555,0
2022-09-20 12:55:00,555,555,555,555,0
2022-09-20 12:56:00,555,555,555,555,0
2022-09-20 12:57:00,555,555,555,555,0
2022-09-20 12:58:00,555,555,555,555,0
2022-09-20 12:59:00,555,555,555,555,0
2022-09-20 13:00:00,555,555,555,555,0
2022-09-20 13:01:00,555,555,555,555,0
2022-09-20 13:02:00,555,555,555,555,0
2022-09-20 13:03:00,555,555,555,555,0
2022-09-20 13:04:00,555,555,555,555,0
2022-09-20 13:05:00,555,555,555,555,0
2022-09-20 13:06:00,555,555,555,555,0
2022-09-20 13:07:00,555,555,555,555,0
2022-09-20 13:08:00,555,555,555,555,0
2022-09-20 13:09:00,555,555,555,555,0
2022-09-20 13:10:00,555,555,555,555,0
2022-09-20 13:11:00,555,555,555,555,0
2022-09-20 13:12:00,555,555,555,555,0
2022-09-20 13:13:00,555,555,555,555,0
2022-09-20 13:14:00,555,555,555,555,0
2022-09-20 13:15:00,555,555,555,555,0
2022-09-20 13:16:00,555,555,555,555,0
2022-09-20 13:17:00,555,555,555,555,0
2022-09-20 13:18:00,555,555,555,555,0
2022-09-20 13:19:00,555,555,555,555,0
2022-09-20 13:20:00,555,555,555,555,0
2022-09-20 13:21:00,555,555,555,555,0
2022-09-20 13:22:00,555,555,555,555,0
2022-09-20 13:23:00,555,555,555,555,0
2022-09-20 13:24:00,555,555,555,555,0
2022-09-20 13:25:00,555,555,555,555,0
2022-09-20 13:26:00,555,555,555,555,0
2022-09-20 13:27:00,555,555,555,555,0
2022-09-20 13:28:00,555,555,555,555,0
2022-09-20 13:29:00,555,555,555,555,0
2022-09-20 13:30:00,555,555,555,555,600
2022-09-20 13:31:00,555,555,555,555,0
2022-09-20 13:32:00,555,555,555,555,0
2022-09-20 13:33:00,550,550,555,555,1800
2022-09-20 13:34:00,550,550,555,555,0
2022-09-20 13:35:00,550,550,555,555,0
2022-09-20 13:36:00,550,550,555,555,900
2022-09-20 13:37:00,550,550,555,555,0
2022-09-20 13:38:00,550,550,555,555,0
2022-09-20 13:39:00,550,550,550,550,2000
2022-09-20 13:40:00,555,555,555,555,400
2022-09-20 13:41:00,555,555,555,555,0
2022-09-20 13:42:00,550,550,555,555,1200
2022-09-20 13:43:00,550,550,555,555,0
2022-09-20 13:44:00,550,550,555,555,0
2022-09-20 13:45:00,555,555,555,555,2000
2022-09-20 13:46:00,555,555,555,555,0
2022-09-20 13:47:00,550,550,550,550,0
2022-09-20 13:48:00,550,550,550,550,0
2022-09-20 13:49:00,550,550,550,550,0
2022-09-20 13:50:00,550,550,550,550,0
2022-09-20 13:51:00,545,545,545,545,900
2022-09-20 13:52:00,550,550,550,550,500
2022-09-20 13:53:00,550,550,555,555,4700
2022-09-20 13:54:00,550,550,555,555,0
2022-09-20 13:55:00,550,550,555,555,0
2022-09-20 13:56:00,550,550,555,555,0
2022-09-20 13:57:00,550,550,555,555,0
2022-09-20 13:58:00,550,550,555,555,1600
2022-09-20 13:59:00,550,550,555,555,0
2022-09-20 14:00:00,550,550,555,555,0
2022-09-20 14:01:00,550,550,555,555,1400
2022-09-20 14:02:00,550,550,555,555,0
2022-09-20 14:03:00,550,550,555,555,1100
2022-09-20 14:04:00,550,550,555,555,0
2022-09-20 14:05:00,550,550,555,555,0
2022-09-20 14:06:00,550,550,555,555,0
2022-09-20 14:07:00,550,550,555,555,0
2022-09-20 14:08:00,550,550,555,555,0
2022-09-20 14:09:00,550,550,555,555,0
2022-09-20 14:10:00,550,550,555,555,0
2022-09-20 14:11:00,550,550,555,555,0
2022-09-20 14:12:00,550,550,555,555,0
2022-09-20 14:13:00,550,550,555,555,1200
2022-09-20 14:14:00,550,550,555,555,0
2022-09-20 14:15:00,550,550,555,555,0
2022-09-20 14:16:00,550,550,555,555,0
2022-09-20 14:17:00,550,550,555,555,0
2022-09-20 14:18:00,550,550,555,555,0
2022-09-20 14:19:00,550,550,555,555,0
2022-09-20 14:20:00,550,550,555,555,0
2022-09-20 14:21:00,550,550,555,555,0
2022-09-20 14:22:00,550,550,555,555,0
2022-09-20 14:23:00,550,550,555,555,0
2022-09-20 14:24:00,550,550,555,555,50400
2022-09-20 14:25:00,555,555,555,555,400
2022-09-20 14:26:00,555,555,555,555,0
2022-09-20 14:27:00,555,555,555,555,0
2022-09-20 14:28:00,555,555,555,555,0
2022-09-20 14:29:00,555,555,555,555,0
2022-09-20 14:30:00,555,555,555,555,0
2022-09-20 14:31:00,555,555,555,555,0
2022-09-20 14:32:00,555,555,555,555,0
2022-09-20 14:33:00,555,555,555,555,0
2022-09-20 14:34:00,555,555,555,555,0
2022-09-20 14:35:00,555,555,555,555,0
2022-09-20 14:36:00,555,555,555,555,0
2022-09-20 14:37:00,555,555,555,555,0
2022-09-20 14:38:00,555,555,555,555,6600
2022-09-20 14:39:00,555,555,555,555,0
2022-09-20 14:40:00,555,555,555,555,0
2022-09-20 14:41:00,555,555,555,555,0
2022-09-20 14:42:00,555,555,555,555,0
2022-09-20 14:43:00,555,555,555,555,600
2022-09-20 14:44:00,555,555,555,555,0
2022-09-20 14:45:00,555,555,555,555,300
2022-09-20 14:46:00,555,555,555,555,500
2022-09-20 14:47:00,555,555,555,555,300
2022-09-20 14:48:00,555,555,555,555,300
2022-09-20 14:49:00,555,555,555,555,1000
2022-09-20 14:50:00,555,555,555,555,0
2022-09-20 14:51:00,555,555,555,555,0
2022-09-20 14:52:00,555,555,555,555,0
2022-09-20 14:53:00,555,555,555,555,0
2022-09-20 14:54:00,555,555,555,555,0
2022-09-20 14:55:00,555,555,555,555,0
2022-09-20 14:56:00,555,555,555,555,0
2022-09-20 14:57:00,555,555,555,555,0
2022-09-20 14:58:00,555,555,555,555,0
2022-09-20 14:59:00,555,555,555,555,0
2022-09-20 15:00:00,555,555,555,555,87000
2022-09-20 15:01:00,555,555,555,555,0
2022-09-20 15:02:00,555,555,555,555,0
2022-09-20 15:03:00,555,555,555,555,0
2022-09-20 15:04:00,555,555,555,555,0
2022-09-20 15:05:00,555,555,555,555,286700
2022-09-20 15:06:00,555,555,555,555,0
2022-09-20 15:07:00,555,555,555,555,0
2022-09-20 15:08:00,555,555,555,555,0
2022-09-20 15:09:00,555,555,555,555,0
2022-09-20 15:10:00,555,555,555,555,0
2022-09-20 15:11:00,555,555,555,555,0
2022-09-20 15:12:00,555,555,555,555,0
2022-09-20 15:13:00,555,555,555,555,0
2022-09-20 15:14:00,555,555,555,555,0
2022-09-20 15:15:00,555,555,555,555,0
2022-09-20 15:16:00,555,555,555,555,0
2022-09-20 15:17:00,555,555,555,555,0
2022-09-20 15:18:00,555,555,555,555,0
2022-09-20 15:19:00,555,555,555,555,0
2022-09-20 15:20:00,555,555,555,555,0
2022-09-20 15:21:00,555,555,555,555,0
2022-09-20 15:22:00,555,555,555,555,0
2022-09-20 15:23:00,555,555,555,555,0
2022-09-20 15:24:00,555,555,555,555,0
2022-09-20 15:25:00,555,555,555,555,0
2022-09-20 15:26:00,555,555,555,555,0
2022-09-20 15:27:00,555,555,555,555,0
2022-09-20 15:28:00,555,555,555,555,0
2022-09-20 15:29:00,555,555,555,555,0
2022-09-20 15:30:00,555,555,555,555,0
2022-09-20 15:31:00,555,555,555,555,0
2022-09-20 15:32:00,555,555,555,555,0
2022-09-20 15:33:00,555,555,555,555,0
2022-09-20 15:34:00,555,555,555,555,0
2022-09-20 15:35:00,555,555,555,555,0
2022-09-20 15:36:00,555,555,555,555,0
2022-09-20 15:37:00,555,555,555,555,0
2022-09-20 15:38:00,555,555,555,555,0
2022-09-20 15:39:00,555,555,555,555,0
2022-09-20 15:40:00,555,555,555,555,0
2022-09-20 15:41:00,555,555,555,555,0
2022-09-20 15:42:00,555,555,555,555,0
2022-09-20 15:43:00,555,555,555,555,0
2022-09-20 15:44:00,555,555,555,555,0
2022-09-20 15:45:00,555,555,555,555,0
2022-09-20 15:46:00,555,555,555,555,0
2022-09-20 15:47:00,555,555,555,555,0
2022-09-20 15:48:00,555,555,555,555,0
2022-09-20 15:49:00,555,555,555,555,0
2022-09-20 15:50:00,555,555,555,555,0
2022-09-20 15:51:00,555,555,555,555,0
2022-09-20 15:52:00,555,555,555,555,0
2022-09-20 15:53:00,555,555,555,555,0
2022-09-20 15:54:00,555,555,555,555,0
2022-09-20 15:55:00,555,555,555,555,0
2022-09-20 15:56:00,555,555,555,555,0
2022-09-20 15:57:00,555,555,555,555,0
2022-09-20 15:58:00,555,555,555,555,0
2022-09-20 15:59:00,555,555,555,555,0
2022-09-21 09:00:00,550,550,555,555,0
2022-09-21 09:01:00,555,555,555,555,500
2022-09-21 09:02:00,555,555,555,555,0
2022-09-21 09:03:00,555,555,555,555,0
2022-09-21 09:04:00,555,555,555,555,0
2022-09-21 09:05:00,550,550,550,550,12800
2022-09-21 09:06:00,555,555,555,555,0
2022-09-21 09:07:00,555,555,555,555,0
2022-09-21 09:08:00,555,555,555,555,0
2022-09-21 09:09:00,555,555,555,555,0
2022-09-21 09:10:00,555,555,555,555,0
2022-09-21 09:11:00,555,555,555,555,0
2022-09-21 09:12:00,555,555,555,555,0
2022-09-21 09:13:00,555,555,555,555,0
2022-09-21 09:14:00,555,555,555,555,0
2022-09-21 09:15:00,555,555,555,555,0
2022-09-21 09:16:00,555,555,555,555,0
2022-09-21 09:17:00,550,550,555,550,77000
2022-09-21 09:18:00,545,545,545,545,0
2022-09-21 09:19:00,545,545,555,555,0
2022-09-21 09:20:00,545,545,555,555,0
2022-09-21 09:21:00,545,545,555,555,0
2022-09-21 09:22:00,545,545,555,555,0
2022-09-21 09:23:00,545,545,555,555,0
2022-09-21 09:24:00,545,545,555,555,0
2022-09-21 09:25:00,545,545,555,555,0
2022-09-21 09:26:00,545,545,555,555,0
2022-09-21 09:27:00,545,545,555,555,0
2022-09-21 09:28:00,545,545,555,555,0
2022-09-21 09:29:00,545,545,555,555,0
2022-09-21 09:30:00,545,545,555,555,0
2022-09-21 09:31:00,550,550,550,550,1000
2022-09-21 09:32:00,555,555,555,555,0
2022-09-21 09:33:00,555,555,555,555,0
2022-09-21 09:34:00,555,555,555,555,0
2022-09-21 09:35:00,555,555,555,555,0
2022-09-21 09:36:00,555,555,555,555,0
2022-09-21 09:37:00,555,555,555,555,0
2022-09-21 09:38:00,555,555,555,555,0
2022-09-21 09:39:00,555,555,555,555,0
2022-09-21 09:40:00,555,555,555,555,0
2022-09-21 09:41:00,555,555,555,555,0
2022-09-21 09:42:00,555,555,555,555,0
2022-09-21 09:43:00,555,555,555,555,0
2022-09-21 09:44:00,555,555,555,555,0
2022-09-21 09:45:00,555,555,555,555,0
2022-09-21 09:46:00,550,550,555,555,1600
2022-09-21 09:47:00,550,550,555,555,0
2022-09-21 09:48:00,550,550,555,555,0
2022-09-21 09:49:00,550,550,555,555,0
2022-09-21 09:50:00,550,550,555,555,1000
2022-09-21 09:51:00,550,550,555,555,0
2022-09-21 09:52:00,550,550,555,555,0
2022-09-21 09:53:00,550,550,555,555,0
2022-09-21 09:54:00,550,550,555,555,0
2022-09-21 09:55:00,550,550,555,555,0
2022-09-21 09:56:00,550,550,555,555,0
2022-09-21 09:57:00,550,550,555,555,700
2022-09-21 09:58:00,550,550,555,555,0
2022-09-21 09:59:00,550,550,555,555,0
2022-09-21 10:00:00,550,550,555,555,0
2022-09-21 10:01:00,555,555,555,555,9700
2022-09-21 10:02:00,555,555,555,555,0
2022-09-21 10:03:00,555,555,555,555,0
2022-09-21 10:04:00,555,555,555,555,0
2022-09-21 10:05:00,555,555,555,555,0
2022-09-21 10:06:00,555,555,555,555,0
2022-09-21 10:07:00,555,555,555,555,0
2022-09-21 10:08:00,555,555,555,555,0
2022-09-21 10:09:00,555,555,555,555,0
2022-09-21 10:10:00,555,555,555,555,0
2022-09-21 10:11:00,555,555,555,555,0
2022-09-21 10:12:00,555,555,555,555,0
2022-09-21 10:13:00,555,555,555,555,0
2022-09-21 10:14:00,555,555,555,555,0
2022-09-21 10:15:00,555,555,555,555,0
2022-09-21 10:16:00,555,555,555,555,0
2022-09-21 10:17:00,550,550,555,555,500
2022-09-21 10:18:00,550,550,555,555,0
2022-09-21 10:19:00,550,550,555,555,0
2022-09-21 10:20:00,550,550,555,555,0
2022-09-21 10:21:00,550,550,555,555,0
2022-09-21 10:22:00,550,550,555,555,0
2022-09-21 10:23:00,550,550,555,555,0
2022-09-21 10:24:00,550,550,555,555,0
2022-09-21 10:25:00,550,550,555,555,0
2022-09-21 10:26:00,550,550,555,555,3700
2022-09-21 10:27:00,550,550,555,555,0
2022-09-21 10:28:00,550,550,555,555,0
2022-09-21 10:29:00,550,550,555,555,0
2022-09-21 10:30:00,550,550,555,555,0
2022-09-21 10:31:00,550,550,555,555,0
2022-09-21 10:32:00,550,550,555,555,0
2022-09-21 10:33:00,550,550,555,555,0
2022-09-21 10:34:00,550,550,555,555,0
2022-09-21 10:35:00,550,550,555,555,0
2022-09-21 10:36:00,550,550,555,555,0
2022-09-21 10:37:00,550,550,555,555,0
2022-09-21 10:38:00,550,550,555,555,0
2022-09-21 10:39:00,550,550,555,555,0
2022-09-21 10:40:00,555,555,555,555,300
2022-09-21 10:41:00,555,555,555,555,0
2022-09-21 10:42:00,555,555,555,555,0
2022-09-21 10:43:00,555,555,555,555,55700
2022-09-21 10:44:00,555,555,555,555,9300
2022-09-21 10:45:00,555,555,555,555,0
2022-09-21 10:46:00,555,555,555,555,0
2022-09-21 10:47:00,555,555,555,555,0
2022-09-21 10:48:00,555,555,555,555,0
2022-09-21 10:49:00,555,555,555,555,0
2022-09-21 10:50:00,555,555,555,555,0
2022-09-21 10:51:00,555,555,555,555,0
2022-09-21 10:52:00,555,555,555,555,0
2022-09-21 10:53:00,555,555,555,555,0
2022-09-21 10:54:00,555,555,555,555,0
2022-09-21 10:55:00,555,555,555,555,0
2022-09-21 10:56:00,555,555,555,555,0
2022-09-21 10:57:00,555,555,555,555,0
2022-09-21 10:58:00,555,555,555,555,0
2022-09-21 10:59:00,555,555,555,555,0
2022-09-21 11:00:00,550,550,550,550,1000
2022-09-21 11:01:00,555,555,555,555,100
2022-09-21 11:02:00,555,555,555,555,0
2022-09-21 11:03:00,555,555,555,555,0
2022-09-21 11:04:00,555,555,555,555,0
2022-09-21 11:05:00,555,555,555,555,0
2022-09-21 11:06:00,555,555,555,555,0
2022-09-21 11:07:00,555,555,555,555,0
2022-09-21 11:08:00,555,555,555,555,0
2022-09-21 11:09:00,555,555,555,555,0
2022-09-21 11:10:00,555,555,555,555,0
2022-09-21 11:11:00,555,555,555,555,0
2022-09-21 11:12:00,555,555,555,555,0
2022-09-21 11:13:00,555,555,555,555,0
2022-09-21 11:14:00,555,555,555,555,0
2022-09-21 11:15:00,555,555,555,555,0
2022-09-21 11:16:00,555,555,555,555,200
2022-09-21 11:17:00,555,555,555,555,0
2022-09-21 11:18:00,555,555,555,555,0
2022-09-21 11:19:00,555,555,555,555,0
2022-09-21 11:20:00,550,550,555,555,5100
2022-09-21 11:21:00,550,550,555,555,0
2022-09-21 11:22:00,550,550,555,555,0
2022-09-21 11:23:00,550,550,555,555,0
2022-09-21 11:24:00,550,550,555,555,0
2022-09-21 11:25:00,550,550,555,555,18200
2022-09-21 11:26:00,550,550,550,550,500
2022-09-21 11:27:00,550,550,555,555,6400
2022-09-21 11:28:00,555,555,555,555,300
2022-09-21 11:29:00,555,555,555,555,400
2022-09-21 11:30:00,555,555,555,555,0
2022-09-21 11:31:00,555,555,555,555,0
2022-09-21 11:32:00,555,555,555,555,0
2022-09-21 11:33:00,555,555,555,555,0
2022-09-21 11:34:00,555,555,555,555,0
2022-09-21 11:35:00,555,555,555,555,0
2022-09-21 11:36:00,555,555,555,555,0
2022-09-21 11:37:00,555,555,555,555,0
2022-09-21 11:38:00,555,555,555,555,0
2022-09-21 11:39:00,555,555,555,555,0
2022-09-21 11:40:00,555,555,555,555,0
2022-09-21 11:41:00,555,555,555,555,0
2022-09-21 11:42:00,555,555,555,555,0
2022-09-21 11:43:00,555,555,555,555,0
2022-09-21 11:44:00,555,555,555,555,0
2022-09-21 11:45:00,555,555,555,555,0
2022-09-21 11:46:00,555,555,555,555,0
2022-09-21 11:47:00,555,555,555,555,0
2022-09-21 11:48:00,555,555,555,555,0
2022-09-21 11:49:00,555,555,555,555,0
2022-09-21 11:50:00,555,555,555,555,0
2022-09-21 11:51:00,555,555,555,555,0
2022-09-21 11:52:00,555,555,555,555,0
2022-09-21 11:53:00,555,555,555,555,0
2022-09-21 11:54:00,555,555,555,555,0
2022-09-21 11:55:00,555,555,555,555,0
2022-09-21 11:56:00,555,555,555,555,0
2022-09-21 11:57:00,555,555,555,555,0
2022-09-21 11:58:00,555,555,555,555,0
2022-09-21 11:59:00,555,555,555,555,0
2022-09-21 12:00:00,555,555,555,555,0
2022-09-21 12:01:00,555,555,555,555,0
2022-09-21 12:02:00,555,555,555,555,0
2022-09-21 12:03:00,555,555,555,555,0
2022-09-21 12:04:00,555,555,555,555,0
2022-09-21 12:05:00,555,555,555,555,0
2022-09-21 12:06:00,555,555,555,555,0
2022-09-21 12:07:00,555,555,555,555,0
2022-09-21 12:08:00,555,555,555,555,0
2022-09-21 12:09:00,555,555,555,555,0
2022-09-21 12:10:00,555,555,555,555,0
2022-09-21 12:11:00,555,555,555,555,0
2022-09-21 12:12:00,555,555,555,555,0
2022-09-21 12:13:00,555,555,555,555,0
2022-09-21 12:14:00,555,555,555,555,0
2022-09-21 12:15:00,555,555,555,555,0
2022-09-21 12:16:00,555,555,555,555,0
2022-09-21 12:17:00,555,555,555,555,0
2022-09-21 12:18:00,555,555,555,555,0
2022-09-21 12:19:00,555,555,555,555,0
2022-09-21 12:20:00,555,555,555,555,0
2022-09-21 12:21:00,555,555,555,555,0
2022-09-21 12:22:00,555,555,555,555,0
2022-09-21 12:23:00,555,555,555,555,0
2022-09-21 12:24:00,555,555,555,555,0
2022-09-21 12:25:00,555,555,555,555,0
2022-09-21 12:26:00,555,555,555,555,0
2022-09-21 12:27:00,555,555,555,555,0
2022-09-21 12:28:00,555,555,555,555,0
2022-09-21 12:29:00,555,555,555,555,0
2022-09-21 12:30:00,555,555,555,555,0
2022-09-21 12:31:00,555,555,555,555,0
2022-09-21 12:32:00,555,555,555,555,0
2022-09-21 12:33:00,555,555,555,555,0
2022-09-21 12:34:00,555,555,555,555,0
2022-09-21 12:35:00,555,555,555,555,0
2022-09-21 12:36:00,555,555,555,555,0
2022-09-21 12:37:00,555,555,555,555,0
2022-09-21 12:38:00,555,555,555,555,0
2022-09-21 12:39:00,555,555,555,555,0
2022-09-21 12:40:00,555,555,555,555,0
2022-09-21 12:41:00,555,555,555,555,0
2022-09-21 12:42:00,555,555,555,555,0
2022-09-21 12:43:00,555,555,555,555,0
2022-09-21 12:44:00,555,555,555,555,0
2022-09-21 12:45:00,555,555,555,555,0
2022-09-21 12:46:00,555,555,555,555,0
2022-09-21 12:47:00,555,555,555,555,0
2022-09-21 12:48:00,555,555,555,555,0
2022-09-21 12:49:00,555,555,555,555,0
2022-09-21 12:50:00,555,555,555,555,0
2022-09-21 12:51:00,555,555,555,555,0
2022-09-21 12:52:00,555,555,555,555,0
2022-09-21 12:53:00,555,555,555,555,0
2022-09-21 12:54:00,555,555,555,555,0
2022-09-21 12:55:00,555,555,555,555,0
2022-09-21 12:56:00,555,555,555,555,0
2022-09-21 12:57:00,555,555,555,555,0
2022-09-21 12:58:00,555,555,555,555,0
2022-09-21 12:59:00,555,555,555,555,0
2022-09-21 13:00:00,555,555,555,555,0
2022-09-21 13:01:00,555,555,555,555,0
2022-09-21 13:02:00,555,555,555,555,0
2022-09-21 13:03:00,555,555,555,555,0
2022-09-21 13:04:00,555,555,555,555,0
2022-09-21 13:05:00,555,555,555,555,0
2022-09-21 13:06:00,555,555,555,555,0
2022-09-21 13:07:00,555,555,555,555,0
2022-09-21 13:08:00,555,555,555,555,0
2022-09-21 13:09:00,555,555,555,555,0
2022-09-21 13:10:00,555,555,555,555,0
2022-09-21 13:11:00,555,555,555,555,0
2022-09-21 13:12:00,555,555,555,555,0
2022-09-21 13:13:00,555,555,555,555,0
2022-09-21 13:14:00,555,555,555,555,0
2022-09-21 13:15:00,555,555,555,555,0
2022-09-21 13:16:00,555,555,555,555,0
2022-09-21 13:17:00,555,555,555,555,0
2022-09-21 13:18:00,555,555,555,555,0
2022-09-21 13:19:00,555,555,555,555,0
2022-09-21 13:20:00,555,555,555,555,0
2022-09-21 13:21:00,555,555,555,555,0
2022-09-21 13:22:00,555,555,555,555,0
2022-09-21 13:23:00,555,555,555,555,0
2022-09-21 13:24:00,555,555,555,555,0
2022-09-21 13:25:00,555,555,555,555,0
2022-09-21 13:26:00,555,555,555,555,0
2022-09-21 13:27:00,555,555,555,555,0
2022-09-21 13:28:00,555,555,555,555,0
2022-09-21 13:29:00,555,555,555,555,0
2022-09-21 13:30:00,550,550,550,550,1400
2022-09-21 13:31:00,550,550,550,550,10000
2022-09-21 13:32:00,550,550,550,550,0
2022-09-21 13:33:00,550,550,550,550,0
2022-09-21 13:34:00,550,550,550,550,0
2022-09-21 13:35:00,550,550,550,550,0
2022-09-21 13:36:00,550,550,550,550,0
2022-09-21 13:37:00,550,550,555,555,0
2022-09-21 13:38:00,550,550,555,555,0
2022-09-21 13:39:00,550,550,555,555,0
2022-09-21 13:40:00,550,550,555,555,0
2022-09-21 13:41:00,550,550,555,555,0
2022-09-21 13:42:00,550,550,555,555,0
2022-09-21 13:43:00,550,550,555,555,0
2022-09-21 13:44:00,550,550,555,555,0
2022-09-21 13:45:00,550,550,555,555,0
2022-09-21 13:46:00,550,550,555,555,0
2022-09-21 13:47:00,550,550,555,555,0
2022-09-21 13:48:00,550,550,550,550,3200
2022-09-21 13:49:00,550,550,550,550,0
2022-09-21 13:50:00,550,550,550,550,0
2022-09-21 13:51:00,550,550,550,550,0
2022-09-21 13:52:00,550,550,550,550,0
2022-09-21 13:53:00,550,550,550,550,0
2022-09-21 13:54:00,550,550,550,550,0
2022-09-21 13:55:00,545,545,545,545,200
2022-09-21 13:56:00,550,550,550,550,500
2022-09-21 13:57:00,550,550,550,550,300
2022-09-21 13:58:00,550,550,550,550,0
2022-09-21 13:59:00,550,550,550,550,0
2022-09-21 14:00:00,550,550,550,550,100
2022-09-21 14:01:00,550,550,550,550,0
2022-09-21 14:02:00,550,550,550,550,0
2022-09-21 14:03:00,550,550,550,550,0
2022-09-21 14:04:00,550,550,550,550,0
2022-09-21 14:05:00,550,550,550,550,0
2022-09-21 14:06:00,550,550,550,550,0
2022-09-21 14:07:00,550,550,550,550,0
2022-09-21 14:08:00,550,550,550,550,0
2022-09-21 14:09:00,550,550,550,550,0
2022-09-21 14:10:00,550,550,550,550,0
2022-09-21 14:11:00,550,550,550,550,600
2022-09-21 14:12:00,550,550,550,550,0
2022-09-21 14:13:00,545,545,550,550,14100
2022-09-21 14:14:00,545,545,550,550,0
2022-09-21 14:15:00,545,545,550,550,0
2022-09-21 14:16:00,545,545,550,550,0
2022-09-21 14:17:00,545,545,550,550,0
2022-09-21 14:18:00,545,545,550,550,0
2022-09-21 14:19:00,545,545,550,550,0
2022-09-21 14:20:00,545,545,550,550,0
2022-09-21 14:21:00,545,545,550,550,0
2022-09-21 14:22:00,545,545,550,550,0
2022-09-21 14:23:00,545,545,550,550,0
2022-09-21 14:24:00,545,545,550,550,0
2022-09-21 14:25:00,545,545,550,550,0
2022-09-21 14:26:00,545,545,550,550,0
2022-09-21 14:27:00,545,545,550,550,0
2022-09-21 14:28:00,545,545,550,550,0
2022-09-21 14:29:00,550,550,550,550,500
2022-09-21 14:30:00,550,550,550,550,0
2022-09-21 14:31:00,550,550,550,550,0
2022-09-21 14:32:00,550,550,550,550,0
2022-09-21 14:33:00,550,550,550,550,0
2022-09-21 14:34:00,550,550,550,550,0
2022-09-21 14:35:00,550,550,550,550,0
2022-09-21 14:36:00,550,550,550,550,0
2022-09-21 14:37:00,550,550,550,550,0
2022-09-21 14:38:00,550,550,550,550,0
2022-09-21 14:39:00,550,550,550,550,0
2022-09-21 14:40:00,550,550,550,550,0
2022-09-21 14:41:00,550,550,550,550,0
2022-09-21 14:42:00,550,550,550,550,0
2022-09-21 14:43:00,550,550,550,550,0
2022-09-21 14:44:00,550,550,550,550,0
2022-09-21 14:45:00,550,550,550,550,0
2022-09-21 14:46:00,550,550,550,550,600
2022-09-21 14:47:00,550,550,550,550,300
2022-09-21 14:48:00,550,550,550,550,0
2022-09-21 14:49:00,550,550,555,555,14700
2022-09-21 14:50:00,550,550,555,555,0
2022-09-21 14:51:00,550,550,555,555,0
2022-09-21 14:52:00,550,550,555,555,0
2022-09-21 14:53:00,550,550,555,555,0
2022-09-21 14:54:00,550,550,555,555,0
2022-09-21 14:55:00,550,550,555,555,0
2022-09-21 14:56:00,550,550,555,555,0
2022-09-21 14:57:00,550,550,555,555,0
2022-09-21 14:58:00,550,550,555,555,0
2022-09-21 14:59:00,550,550,555,555,0
2022-09-21 15:00:00,555,555,555,555,71300
2022-09-21 15:01:00,555,555,555,555,0
2022-09-21 15:02:00,555,555,555,555,0
2022-09-21 15:03:00,555,555,555,555,0
2022-09-21 15:04:00,555,555,555,555,0
2022-09-21 15:05:00,555,555,555,555,0
2022-09-21 15:06:00,555,555,555,555,400
2022-09-21 15:07:00,555,555,555,555,0
2022-09-21 15:08:00,555,555,555,555,0
2022-09-21 15:09:00,555,555,555,555,0
2022-09-21 15:10:00,555,555,555,555,0
2022-09-21 15:11:00,555,555,555,555,288000
2022-09-21 15:12:00,555,555,555,555,0
2022-09-21 15:13:00,555,555,555,555,0
2022-09-21 15:14:00,555,555,555,555,0
2022-09-21 15:15:00,555,555,555,555,0
2022-09-21 15:16:00,555,555,555,555,0
2022-09-21 15:17:00,555,555,555,555,0
2022-09-21 15:18:00,555,555,555,555,0
2022-09-21 15:19:00,555,555,555,555,0
2022-09-21 15:20:00,555,555,555,555,0
2022-09-21 15:21:00,555,555,555,555,0
2022-09-21 15:22:00,555,555,555,555,0
2022-09-21 15:23:00,555,555,555,555,0
2022-09-21 15:24:00,555,555,555,555,0
2022-09-21 15:25:00,555,555,555,555,0
2022-09-21 15:26:00,555,555,555,555,0
2022-09-21 15:27:00,555,555,555,555,0
2022-09-21 15:28:00,555,555,555,555,0
2022-09-21 15:29:00,555,555,555,555,0
2022-09-21 15:30:00,555,555,555,555,0
2022-09-21 15:31:00,555,555,555,555,0
2022-09-21 15:32:00,555,555,555,555,0
2022-09-21 15:33:00,555,555,555,555,0
2022-09-21 15:34:00,555,555,555,555,0
2022-09-21 15:35:00,555,555,555,555,0
2022-09-21 15:36:00,555,555,555,555,0
2022-09-21 15:37:00,555,555,555,555,0
2022-09-21 15:38:00,555,555,555,555,0
2022-09-21 15:39:00,555,555,555,555,0
2022-09-21 15:40:00,555,555,555,555,0
2022-09-21 15:41:00,555,555,555,555,0
2022-09-21 15:42:00,555,555,555,555,0
2022-09-21 15:43:00,555,555,555,555,0
2022-09-21 15:44:00,555,555,555,555,0
2022-09-21 15:45:00,555,555,555,555,0
2022-09-21 15:46:00,555,555,555,555,0
2022-09-21 15:47:00,555,555,555,555,0
2022-09-21 15:48:00,555,555,555,555,0
2022-09-21 15:49:00,555,555,555,555,0
2022-09-21 15:50:00,555,555,555,555,0
2022-09-21 15:51:00,555,555,555,555,0
2022-09-21 15:52:00,555,555,555,555,0
2022-09-21 15:53:00,555,555,555,555,0
2022-09-21 15:54:00,555,555,555,555,0
2022-09-21 15:55:00,555,555,555,555,0
2022-09-21 15:56:00,555,555,555,555,0
2022-09-21 15:57:00,555,555,555,555,0
2022-09-21 15:58:00,555,555,555,555,0
2022-09-21 15:59:00,555,555,555,555,0
2022-09-22 09:00:00,555,555,555,555,0
2022-09-22 09:01:00,555,555,555,555,0
2022-09-22 09:02:00,555,555,555,555,0
2022-09-22 09:03:00,555,555,555,555,0
2022-09-22 09:04:00,555,555,555,555,0
2022-09-22 09:05:00,555,555,555,555,0
2022-09-22 09:06:00,555,555,555,555,0
2022-09-22 09:07:00,555,555,555,555,0
2022-09-22 09:08:00,550,550,555,555,100
2022-09-22 09:09:00,550,550,550,550,7300
2022-09-22 09:10:00,555,555,555,555,0
2022-09-22 09:11:00,555,555,555,555,0
2022-09-22 09:12:00,555,555,555,555,0
2022-09-22 09:13:00,555,555,555,555,0
2022-09-22 09:14:00,555,555,555,555,0
2022-09-22 09:15:00,555,555,555,555,0
2022-09-22 09:16:00,555,555,555,555,0
2022-09-22 09:17:00,555,555,555,555,0
2022-09-22 09:18:00,555,555,555,555,0
2022-09-22 09:19:00,555,555,555,555,0
2022-09-22 09:20:00,555,555,555,555,0
2022-09-22 09:21:00,555,555,555,555,0
2022-09-22 09:22:00,555,555,555,555,0
2022-09-22 09:23:00,555,555,555,555,4000
2022-09-22 09:24:00,555,555,555,555,0
2022-09-22 09:25:00,555,555,555,555,0
2022-09-22 09:26:00,555,555,555,555,0
2022-09-22 09:27:00,555,555,555,555,0
2022-09-22 09:28:00,555,555,555,555,0
2022-09-22 09:29:00,555,555,555,555,0
2022-09-22 09:30:00,550,550,555,555,10600
2022-09-22 09:31:00,550,550,555,555,0
2022-09-22 09:32:00,550,550,555,555,0
2022-09-22 09:33:00,550,550,555,555,0
2022-09-22 09:34:00,550,545,550,545,16000
2022-09-22 09:35:00,550,550,550,550,0
2022-09-22 09:36:00,550,550,550,550,0
2022-09-22 09:37:00,550,550,550,550,0
2022-09-22 09:38:00,550,550,550,550,600
2022-09-22 09:39:00,550,550,550,550,0
2022-09-22 09:40:00,550,550,550,550,0
2022-09-22 09:41:00,550,550,550,550,0
2022-09-22 09:42:00,550,550,550,550,0
2022-09-22 09:43:00,550,550,550,550,0
2022-09-22 09:44:00,545,545,545,545,200
2022-09-22 09:45:00,550,550,550,550,400
2022-09-22 09:46:00,550,550,550,550,0
2022-09-22 09:47:00,550,550,550,550,0
2022-09-22 09:48:00,550,550,550,550,0
2022-09-22 09:49:00,550,550,550,550,0
2022-09-22 09:50:00,550,550,550,550,0
2022-09-22 09:51:00,550,550,550,550,0
2022-09-22 09:52:00,550,550,550,550,0
2022-09-22 09:53:00,545,545,545,545,33700
2022-09-22 09:54:00,550,550,555,555,36500
2022-09-22 09:55:00,550,550,555,555,0
2022-09-22 09:56:00,550,550,550,550,500
2022-09-22 09:57:00,550,550,550,550,0
2022-09-22 09:58:00,550,550,550,550,0
2022-09-22 09:59:00,550,550,550,550,0
2022-09-22 10:00:00,550,550,550,550,0
2022-09-22 10:01:00,550,550,550,550,0
2022-09-22 10:02:00,550,550,550,550,0
2022-09-22 10:03:00,550,550,550,550,0
2022-09-22 10:04:00,550,550,550,550,0
2022-09-22 10:05:00,550,550,550,550,0
2022-09-22 10:06:00,550,550,550,550,0
2022-09-22 10:07:00,550,550,550,550,0
2022-09-22 10:08:00,550,550,550,550,0
2022-09-22 10:09:00,550,550,550,550,0
2022-09-22 10:10:00,550,550,550,550,0
2022-09-22 10:11:00,550,550,550,550,0
2022-09-22 10:12:00,550,550,550,550,0
2022-09-22 10:13:00,550,550,550,550,0
2022-09-22 10:14:00,550,550,550,550,0
2022-09-22 10:15:00,550,550,550,550,0
2022-09-22 10:16:00,550,550,550,550,0
2022-09-22 10:17:00,550,550,550,550,3300
2022-09-22 10:18:00,550,550,550,550,0
2022-09-22 10:19:00,550,550,550,550,0
2022-09-22 10:20:00,550,550,550,550,0
2022-09-22 10:21:00,550,550,550,550,0
2022-09-22 10:22:00,550,550,550,550,0
2022-09-22 10:23:00,550,550,550,550,0
2022-09-22 10:24:00,550,550,550,550,0
2022-09-22 10:25:00,550,550,550,550,0
2022-09-22 10:26:00,550,550,550,550,0
2022-09-22 10:27:00,550,550,550,550,0
2022-09-22 10:28:00,550,550,550,550,0
2022-09-22 10:29:00,550,550,550,550,0
2022-09-22 10:30:00,550,550,550,550,0
2022-09-22 10:31:00,550,550,550,550,0
2022-09-22 10:32:00,550,550,550,550,0
2022-09-22 10:33:00,550,550,550,550,0
2022-09-22 10:34:00,550,550,550,550,0
2022-09-22 10:35:00,550,550,550,550,0
2022-09-22 10:36:00,550,550,550,550,0
2022-09-22 10:37:00,550,550,550,550,0
2022-09-22 10:38:00,550,550,550,550,0
2022-09-22 10:39:00,550,550,550,550,0
2022-09-22 10:40:00,550,550,550,550,0
2022-09-22 10:41:00,550,550,550,550,0
2022-09-22 10:42:00,550,550,550,550,0
2022-09-22 10:43:00,550,550,550,550,0
2022-09-22 10:44:00,550,550,550,550,0
2022-09-22 10:45:00,550,550,550,550,0
2022-09-22 10:46:00,550,550,550,550,0
2022-09-22 10:47:00,550,550,550,550,0
2022-09-22 10:48:00,550,550,550,550,0
2022-09-22 10:49:00,545,545,545,545,13700
2022-09-22 10:50:00,550,550,550,550,0
2022-09-22 10:51:00,550,550,550,550,0
2022-09-22 10:52:00,550,550,550,550,0
2022-09-22 10:53:00,550,550,550,550,0
2022-09-22 10:54:00,550,550,550,550,0
2022-09-22 10:55:00,550,550,550,550,0
2022-09-22 10:56:00,550,550,550,550,0
2022-09-22 10:57:00,550,550,550,550,0
2022-09-22 10:58:00,550,550,550,550,0
2022-09-22 10:59:00,550,550,550,550,400
2022-09-22 11:00:00,550,550,550,550,0
2022-09-22 11:01:00,550,550,550,550,0
2022-09-22 11:02:00,550,550,550,550,0
2022-09-22 11:03:00,550,550,550,550,0
2022-09-22 11:04:00,550,550,550,550,0
2022-09-22 11:05:00,550,550,550,550,0
2022-09-22 11:06:00,550,550,550,550,0
2022-09-22 11:07:00,550,550,550,550,0
2022-09-22 11:08:00,550,550,550,550,0
2022-09-22 11:09:00,550,550,550,550,0
2022-09-22 11:10:00,550,550,550,550,0
2022-09-22 11:11:00,550,550,550,550,0
2022-09-22 11:12:00,550,550,550,550,0
2022-09-22 11:13:00,550,550,550,550,0
2022-09-22 11:14:00,550,550,550,550,0
2022-09-22 11:15:00,550,550,550,550,0
2022-09-22 11:16:00,550,550,550,550,0
2022-09-22 11:17:00,545,545,545,545,27500
2022-09-22 11:18:00,540,540,540,540,18000
2022-09-22 11:19:00,540,540,545,545,3000
2022-09-22 11:20:00,540,540,545,545,0
2022-09-22 11:21:00,545,545,545,545,1500
2022-09-22 11:22:00,545,545,545,545,0
2022-09-22 11:23:00,545,545,545,545,0
2022-09-22 11:24:00,545,545,545,545,0
2022-09-22 11:25:00,545,545,545,545,0
2022-09-22 11:26:00,545,545,545,545,0
2022-09-22 11:27:00,545,545,545,545,0
2022-09-22 11:28:00,545,545,545,545,0
2022-09-22 11:29:00,545,545,545,545,0
2022-09-22 11:30:00,545,545,545,545,0
2022-09-22 11:31:00,545,545,545,545,0
2022-09-22 11:32:00,545,545,545,545,0
2022-09-22 11:33:00,545,545,545,545,0
2022-09-22 11:34:00,545,545,545,545,0
2022-09-22 11:35:00,545,545,545,545,0
2022-09-22 11:36:00,545,545,545,545,0
2022-09-22 11:37:00,545,545,545,545,0
2022-09-22 11:38:00,545,545,545,545,0
2022-09-22 11:39:00,545,545,545,545,0
2022-09-22 11:40:00,545,545,545,545,0
2022-09-22 11:41:00,545,545,545,545,0
2022-09-22 11:42:00,545,545,545,545,0
2022-09-22 11:43:00,545,545,545,545,0
2022-09-22 11:44:00,545,545,545,545,0
2022-09-22 11:45:00,545,545,545,545,0
2022-09-22 11:46:00,545,545,545,545,0
2022-09-22 11:47:00,545,545,545,545,0
2022-09-22 11:48:00,545,545,545,545,0
2022-09-22 11:49:00,545,545,545,545,0
2022-09-22 11:50:00,545,545,545,545,0
2022-09-22 11:51:00,545,545,545,545,0
2022-09-22 11:52:00,545,545,545,545,0
2022-09-22 11:53:00,545,545,545,545,0
2022-09-22 11:54:00,545,545,545,545,0
2022-09-22 11:55:00,545,545,545,545,0
2022-09-22 11:56:00,545,545,545,545,0
2022-09-22 11:57:00,545,545,545,545,0
2022-09-22 11:58:00,545,545,545,545,0
2022-09-22 11:59:00,545,545,545,545,0
2022-09-22 12:00:00,545,545,545,545,0
2022-09-22 12:01:00,545,545,545,545,0
2022-09-22 12:02:00,545,545,545,545,0
2022-09-22 12:03:00,545,545,545,545,0
2022-09-22 12:04:00,545,545,545,545,0
2022-09-22 12:05:00,545,545,545,545,0
2022-09-22 12:06:00,545,545,545,545,0
2022-09-22 12:07:00,545,545,545,545,0
2022-09-22 12:08:00,545,545,545,545,0
2022-09-22 12:09:00,545,545,545,545,0
2022-09-22 12:10:00,545,545,545,545,0
2022-09-22 12:11:00,545,545,545,545,0
2022-09-22 12:12:00,545,545,545,545,0
2022-09-22 12:13:00,545,545,545,545,0
2022-09-22 12:14:00,545,545,545,545,0
2022-09-22 12:15:00,545,545,545,545,0
2022-09-22 12:16:00,545,545,545,545,0
2022-09-22 12:17:00,545,545,545,545,0
2022-09-22 12:18:00,545,545,545,545,0
2022-09-22 12:19:00,545,545,545,545,0
2022-09-22 12:20:00,545,545,545,545,0
2022-09-22 12:21:00,545,545,545,545,0
2022-09-22 12:22:00,545,545,545,545,0
2022-09-22 12:23:00,545,545,545,545,0
2022-09-22 12:24:00,545,545,545,545,0
2022-09-22 12:25:00,545,545,545,545,0
2022-09-22 12:26:00,545,545,545,545,0
2022-09-22 12:27:00,545,545,545,545,0
2022-09-22 12:28:00,545,545,545,545,0
2022-09-22 12:29:00,545,545,545,545,0
2022-09-22 12:30:00,545,545,545,545,0
2022-09-22 12:31:00,545,545,545,545,0
2022-09-22 12:32:00,545,545,545,545,0
2022-09-22 12:33:00,545,545,545,545,0
2022-09-22 12:34:00,545,545,545,545,0
2022-09-22 12:35:00,545,545,545,545,0
2022-09-22 12:36:00,545,545,545,545,0
2022-09-22 12:37:00,545,545,545,545,0
2022-09-22 12:38:00,545,545,545,545,0
2022-09-22 12:39:00,545,545,545,545,0
2022-09-22 12:40:00,545,545,545,545,0
2022-09-22 12:41:00,545,545,545,545,0
2022-09-22 12:42:00,545,545,545,545,0
2022-09-22 12:43:00,545,545,545,545,0
2022-09-22 12:44:00,545,545,545,545,0
2022-09-22 12:45:00,545,545,545,545,0
2022-09-22 12:46:00,545,545,545,545,0
2022-09-22 12:47:00,545,545,545,545,0
2022-09-22 12:48:00,545,545,545,545,0
2022-09-22 12:49:00,545,545,545,545,0
2022-09-22 12:50:00,545,545,545,545,0
2022-09-22 12:51:00,545,545,545,545,0
2022-09-22 12:52:00,545,545,545,545,0
2022-09-22 12:53:00,545,545,545,545,0
2022-09-22 12:54:00,545,545,545,545,0
2022-09-22 12:55:00,545,545,545,545,0
2022-09-22 12:56:00,545,545,545,545,0
2022-09-22 12:57:00,545,545,545,545,0
2022-09-22 12:58:00,545,545,545,545,0
2022-09-22 12:59:00,545,545,545,545,0
2022-09-22 13:00:00,545,545,545,545,0
2022-09-22 13:01:00,545,545,545,545,0
2022-09-22 13:02:00,545,545,545,545,0
2022-09-22 13:03:00,545,545,545,545,0
2022-09-22 13:04:00,545,545,545,545,0
2022-09-22 13:05:00,545,545,545,545,0
2022-09-22 13:06:00,545,545,545,545,0
2022-09-22 13:07:00,545,545,545,545,0
2022-09-22 13:08:00,545,545,545,545,0
2022-09-22 13:09:00,545,545,545,545,0
2022-09-22 13:10:00,545,545,545,545,0
2022-09-22 13:11:00,545,545,545,545,0
2022-09-22 13:12:00,545,545,545,545,0
2022-09-22 13:13:00,545,545,545,545,0
2022-09-22 13:14:00,545,545,545,545,0
2022-09-22 13:15:00,545,545,545,545,0
2022-09-22 13:16:00,545,545,545,545,0
2022-09-22 13:17:00,545,545,545,545,0
2022-09-22 13:18:00,545,545,545,545,0
2022-09-22 13:19:00,545,545,545,545,0
2022-09-22 13:20:00,545,545,545,545,0
2022-09-22 13:21:00,545,545,545,545,0
2022-09-22 13:22:00,545,545,545,545,0
2022-09-22 13:23:00,545,545,545,545,0
2022-09-22 13:24:00,545,545,545,545,0
2022-09-22 13:25:00,545,545,545,545,0
2022-09-22 13:26:00,545,545,545,545,0
2022-09-22 13:27:00,545,545,545,545,0
2022-09-22 13:28:00,545,545,545,545,0
2022-09-22 13:29:00,545,545,545,545,0
2022-09-22 13:30:00,545,545,550,550,17500
2022-09-22 13:31:00,545,545,550,550,0
2022-09-22 13:32:00,550,550,550,550,0
2022-09-22 13:33:00,550,550,550,550,0
2022-09-22 13:34:00,550,550,550,550,0
2022-09-22 13:35:00,550,550,550,550,0
2022-09-22 13:36:00,550,550,550,550,0
2022-09-22 13:37:00,550,550,550,550,0
2022-09-22 13:38:00,550,550,550,550,0
2022-09-22 13:39:00,550,550,550,550,0
2022-09-22 13:40:00,550,550,550,550,10000
2022-09-22 13:41:00,550,550,550,550,0
2022-09-22 13:42:00,550,550,550,550,0
2022-09-22 13:43:00,550,550,550,550,0
2022-09-22 13:44:00,550,550,550,550,0
2022-09-22 13:45:00,550,550,550,550,0
2022-09-22 13:46:00,550,550,550,550,0
2022-09-22 13:47:00,550,550,550,550,0
2022-09-22 13:48:00,550,550,550,550,0
2022-09-22 13:49:00,550,550,550,550,0
2022-09-22 13:50:00,550,550,550,550,0
2022-09-22 13:51:00,550,550,550,550,0
2022-09-22 13:52:00,550,550,550,550,0
2022-09-22 13:53:00,550,550,550,550,0
2022-09-22 13:54:00,550,550,550,550,0
2022-09-22 13:55:00,550,550,550,550,0
2022-09-22 13:56:00,550,550,550,550,0
2022-09-22 13:57:00,550,550,550,550,0
2022-09-22 13:58:00,550,550,550,550,0
2022-09-22 13:59:00,550,550,550,550,0
2022-09-22 14:00:00,550,550,550,550,0
2022-09-22 14:01:00,550,550,550,550,0
2022-09-22 14:02:00,550,550,550,550,0
2022-09-22 14:03:00,550,550,550,550,0
2022-09-22 14:04:00,550,550,550,550,0
2022-09-22 14:05:00,550,550,550,550,0
2022-09-22 14:06:00,550,550,550,550,0
2022-09-22 14:07:00,550,550,550,550,0
2022-09-22 14:08:00,550,550,550,550,0
2022-09-22 14:09:00,550,550,550,550,0
2022-09-22 14:10:00,550,550,550,550,0
2022-09-22 14:11:00,550,550,550,550,300
2022-09-22 14:12:00,550,550,550,550,0
2022-09-22 14:13:00,550,550,550,550,0
2022-09-22 14:14:00,550,550,550,550,0
2022-09-22 14:15:00,550,550,550,550,0
2022-09-22 14:16:00,550,550,550,550,0
2022-09-22 14:17:00,550,550,550,550,0
2022-09-22 14:18:00,550,550,550,550,0
2022-09-22 14:19:00,550,550,550,550,0
2022-09-22 14:20:00,550,550,550,550,0
2022-09-22 14:21:00,550,550,550,550,0
2022-09-22 14:22:00,550,550,550,550,0
2022-09-22 14:23:00,550,550,550,550,0
2022-09-22 14:24:00,550,550,550,550,0
2022-09-22 14:25:00,550,550,550,550,0
2022-09-22 14:26:00,550,550,550,550,0
2022-09-22 14:27:00,550,550,550,550,0
2022-09-22 14:28:00,550,550,550,550,0
2022-09-22 14:29:00,550,550,550,550,0
2022-09-22 14:30:00,550,550,550,550,900
2022-09-22 14:31:00,550,550,550,550,0
2022-09-22 14:32:00,550,550,550,550,0
2022-09-22 14:33:00,550,550,550,550,0
2022-09-22 14:34:00,550,550,550,550,0
2022-09-22 14:35:00,550,550,550,550,0
2022-09-22 14:36:00,550,550,550,550,0
2022-09-22 14:37:00,550,550,550,550,0
2022-09-22 14:38:00,550,550,550,550,0
2022-09-22 14:39:00,550,550,550,550,0
2022-09-22 14:40:00,550,550,550,550,0
2022-09-22 14:41:00,550,550,550,550,0
2022-09-22 14:42:00,550,550,550,550,0
2022-09-22 14:43:00,550,550,550,550,0
2022-09-22 14:44:00,550,550,550,550,0
2022-09-22 14:45:00,550,550,550,550,600
2022-09-22 14:46:00,550,550,550,550,0
2022-09-22 14:47:00,550,550,550,550,100
2022-09-22 14:48:00,550,550,550,550,1100
2022-09-22 14:49:00,550,550,550,550,500
2022-09-22 14:50:00,550,550,550,550,0
2022-09-22 14:51:00,550,550,550,550,0
2022-09-22 14:52:00,550,550,550,550,0
2022-09-22 14:53:00,550,550,550,550,0
2022-09-22 14:54:00,550,550,550,550,0
2022-09-22 14:55:00,550,550,550,550,0
2022-09-22 14:56:00,550,550,550,550,0
2022-09-22 14:57:00,550,550,550,550,0
2022-09-22 14:58:00,550,550,550,550,0
2022-09-22 14:59:00,550,550,550,550,0
2022-09-22 15:00:00,550,550,550,550,0
2022-09-22 15:01:00,550,550,550,550,0
2022-09-22 15:02:00,550,550,550,550,0
2022-09-22 15:03:00,550,550,550,550,0
2022-09-22 15:04:00,550,550,550,550,0
2022-09-22 15:05:00,550,550,550,550,0
2022-09-22 15:06:00,550,550,550,550,0
2022-09-22 15:07:00,550,550,550,550,0
2022-09-22 15:08:00,550,550,550,550,0
2022-09-22 15:09:00,550,550,550,550,0
2022-09-22 15:10:00,550,550,550,550,0
2022-09-22 15:11:00,550,550,550,550,0
2022-09-22 15:12:00,550,550,550,550,0
2022-09-22 15:13:00,550,550,550,550,0
2022-09-22 15:14:00,550,550,550,550,0
2022-09-22 15:15:00,550,550,550,550,0
2022-09-22 15:16:00,550,550,550,550,0
2022-09-22 15:17:00,550,550,550,550,0
2022-09-22 15:18:00,550,550,550,550,0
2022-09-22 15:19:00,550,550,550,550,0
2022-09-22 15:20:00,550,550,550,550,0
2022-09-22 15:21:00,550,550,550,550,0
2022-09-22 15:22:00,550,550,550,550,0
2022-09-22 15:23:00,550,550,550,550,0
2022-09-22 15:24:00,550,550,550,550,0
2022-09-22 15:25:00,550,550,550,550,0
2022-09-22 15:26:00,550,550,550,550,0
2022-09-22 15:27:00,550,550,550,550,0
2022-09-22 15:28:00,550,550,550,550,0
2022-09-22 15:29:00,550,550,550,550,0
2022-09-22 15:30:00,550,550,550,550,0
2022-09-22 15:31:00,550,550,550,550,0
2022-09-22 15:32:00,550,550,550,550,0
2022-09-22 15:33:00,550,550,550,550,0
2022-09-22 15:34:00,550,550,550,550,0
2022-09-22 15:35:00,550,550,550,550,0
2022-09-22 15:36:00,550,550,550,550,0
2022-09-22 15:37:00,550,550,550,550,0
2022-09-22 15:38:00,550,550,550,550,0
2022-09-22 15:39:00,550,550,550,550,0
2022-09-22 15:40:00,550,550,550,550,0
2022-09-22 15:41:00,550,550,550,550,0
2022-09-22 15:42:00,550,550,550,550,0
2022-09-22 15:43:00,550,550,550,550,0
2022-09-22 15:44:00,550,550,550,550,0
2022-09-22 15:45:00,550,550,550,550,0
2022-09-22 15:46:00,550,550,550,550,0
2022-09-22 15:47:00,550,550,550,550,0
2022-09-22 15:48:00,550,550,550,550,0
2022-09-22 15:49:00,550,550,550,550,0
2022-09-22 15:50:00,550,550,550,550,0
2022-09-22 15:51:00,550,550,550,550,0
2022-09-22 15:52:00,550,550,550,550,0
2022-09-22 15:53:00,550,550,550,550,0
2022-09-22 15:54:00,550,550,550,550,0
2022-09-22 15:55:00,550,550,550,550,0
2022-09-22 15:56:00,550,550,550,550,0
2022-09-22 15:57:00,550,550,550,550,0
2022-09-22 15:58:00,550,550,550,550,0
2022-09-22 15:59:00,550,550,550,550,0
2022-09-23 09:00:00,550,550,550,550,0
2022-09-23 09:01:00,550,550,550,550,400
2022-09-23 09:02:00,550,550,550,550,0
2022-09-23 09:03:00,550,550,550,550,600
2022-09-23 09:04:00,550,550,550,550,0
2022-09-23 09:05:00,550,550,550,550,0
2022-09-23 09:06:00,550,550,550,550,0
2022-09-23 09:07:00,550,550,550,550,0
2022-09-23 09:08:00,550,550,550,550,0
2022-09-23 09:09:00,550,550,550,550,0
2022-09-23 09:10:00,550,550,550,550,0
2022-09-23 09:11:00,550,550,550,550,0
2022-09-23 09:12:00,550,550,550,550,0
2022-09-23 09:13:00,550,550,550,550,0
2022-09-23 09:14:00,550,550,550,550,0
2022-09-23 09:15:00,550,550,550,550,0
2022-09-23 09:16:00,550,550,550,550,0
2022-09-23 09:17:00,550,550,550,550,0
2022-09-23 09:18:00,550,550,550,550,0
2022-09-23 09:19:00,550,550,550,550,0
2022-09-23 09:20:00,550,550,550,550,0
2022-09-23 09:21:00,550,550,550,550,0
2022-09-23 09:22:00,550,550,550,550,0
2022-09-23 09:23:00,550,550,550,550,0
2022-09-23 09:24:00,550,550,550,550,0
2022-09-23 09:25:00,550,550,550,550,0
2022-09-23 09:26:00,550,550,550,550,0
2022-09-23 09:27:00,550,550,550,550,0
2022-09-23 09:28:00,550,550,550,550,0
2022-09-23 09:29:00,550,550,550,550,0
2022-09-23 09:30:00,550,550,550,550,0
2022-09-23 09:31:00,550,550,550,550,0
2022-09-23 09:32:00,550,550,550,550,0
2022-09-23 09:33:00,550,550,550,550,0
2022-09-23 09:34:00,550,550,550,550,0
2022-09-23 09:35:00,550,550,550,550,0
2022-09-23 09:36:00,550,550,550,550,0
2022-09-23 09:37:00,550,550,550,550,0
2022-09-23 09:38:00,550,550,550,550,0
2022-09-23 09:39:00,550,550,550,550,1800
2022-09-23 09:40:00,545,545,545,545,1000
2022-09-23 09:41:00,550,550,550,550,600
2022-09-23 09:42:00,550,550,550,550,0
2022-09-23 09:43:00,550,550,550,550,0
2022-09-23 09:44:00,550,550,550,550,0
2022-09-23 09:45:00,550,550,550,550,0
2022-09-23 09:46:00,550,550,550,550,0
2022-09-23 09:47:00,550,550,550,550,0
2022-09-23 09:48:00,550,550,550,550,0
2022-09-23 09:49:00,550,550,550,550,0
2022-09-23 09:50:00,550,550,550,550,0
2022-09-23 09:51:00,550,550,550,550,0
2022-09-23 09:52:00,550,550,550,550,0
2022-09-23 09:53:00,550,550,550,550,0
2022-09-23 09:54:00,550,550,550,550,700
2022-09-23 09:55:00,550,550,550,550,0
2022-09-23 09:56:00,550,550,550,550,0
2022-09-23 09:57:00,550,550,550,550,0
2022-09-23 09:58:00,550,550,550,550,0
2022-09-23 09:59:00,550,550,550,550,0
2022-09-23 10:00:00,550,550,550,550,0
2022-09-23 10:01:00,550,550,550,550,0
2022-09-23 10:02:00,550,550,550,550,0
2022-09-23 10:03:00,550,550,550,550,0
2022-09-23 10:04:00,550,550,550,550,0
2022-09-23 10:05:00,550,550,550,550,0
2022-09-23 10:06:00,550,550,550,550,0
2022-09-23 10:07:00,550,550,550,550,0
2022-09-23 10:08:00,550,550,550,550,0
2022-09-23 10:09:00,550,550,550,550,0
2022-09-23 10:10:00,550,550,550,550,0
2022-09-23 10:11:00,550,550,550,550,0
2022-09-23 10:12:00,550,550,550,550,0
2022-09-23 10:13:00,550,550,550,550,0
2022-09-23 10:14:00,550,550,550,550,0
2022-09-23 10:15:00,550,550,550,550,0
2022-09-23 10:16:00,550,550,550,550,0
2022-09-23 10:17:00,550,550,550,550,0
2022-09-23 10:18:00,550,550,550,550,0
2022-09-23 10:19:00,550,550,550,550,0
2022-09-23 10:20:00,550,550,550,550,0
2022-09-23 10:21:00,550,550,550,550,0
2022-09-23 10:22:00,550,550,550,550,0
2022-09-23 10:23:00,550,550,550,550,0
2022-09-23 10:24:00,550,550,550,550,0
2022-09-23 10:25:00,550,550,550,550,0
2022-09-23 10:26:00,550,550,550,550,0
2022-09-23 10:27:00,550,550,550,550,0
2022-09-23 10:28:00,550,550,550,550,0
2022-09-23 10:29:00,550,550,550,550,0
2022-09-23 10:30:00,550,550,550,550,0
2022-09-23 10:31:00,550,550,550,550,0
2022-09-23 10:32:00,550,550,550,550,0
2022-09-23 10:33:00,550,550,550,550,0
2022-09-23 10:34:00,550,550,550,550,0
2022-09-23 10:35:00,550,550,550,550,0
2022-09-23 10:36:00,550,550,550,550,0
2022-09-23 10:37:00,550,550,550,550,0
2022-09-23 10:38:00,550,550,550,550,0
2022-09-23 10:39:00,550,550,550,550,0
2022-09-23 10:40:00,550,550,550,550,0
2022-09-23 10:41:00,550,550,550,550,0
2022-09-23 10:42:00,550,550,550,550,0
2022-09-23 10:43:00,550,550,550,550,0
2022-09-23 10:44:00,550,550,550,550,0
2022-09-23 10:45:00,550,550,550,550,0
2022-09-23 10:46:00,550,550,550,550,0
2022-09-23 10:47:00,550,550,550,550,0
2022-09-23 10:48:00,550,550,550,550,0
2022-09-23 10:49:00,550,550,550,550,0
2022-09-23 10:50:00,545,545,550,550,2600
2022-09-23 10:51:00,545,545,550,550,0
2022-09-23 10:52:00,545,545,550,550,0
2022-09-23 10:53:00,545,545,550,550,0
2022-09-23 10:54:00,545,545,550,550,0
2022-09-23 10:55:00,545,545,550,550,0
2022-09-23 10:56:00,545,545,550,550,0
2022-09-23 10:57:00,545,545,550,550,0
2022-09-23 10:58:00,545,545,550,550,0
2022-09-23 10:59:00,545,545,550,550,0
2022-09-23 11:00:00,545,545,550,550,0
2022-09-23 11:01:00,545,545,550,550,0
2022-09-23 11:02:00,545,545,550,550,0
2022-09-23 11:03:00,545,545,550,550,0
2022-09-23 11:04:00,545,545,550,550,0
2022-09-23 11:05:00,545,545,550,550,0
2022-09-23 11:06:00,545,545,550,550,0
2022-09-23 11:07:00,545,545,550,550,0
2022-09-23 11:08:00,545,545,550,550,0
2022-09-23 11:09:00,545,545,550,550,0
2022-09-23 11:10:00,545,545,550,550,0
2022-09-23 11:11:00,545,545,550,550,0
2022-09-23 11:12:00,545,545,550,550,0
2022-09-23 11:13:00,545,545,550,550,0
2022-09-23 11:14:00,545,545,550,550,0
2022-09-23 11:15:00,545,545,550,550,0
2022-09-23 11:16:00,545,545,550,550,0
2022-09-23 11:17:00,545,545,550,550,0
2022-09-23 11:18:00,545,545,550,550,0
2022-09-23 11:19:00,545,545,550,550,0
2022-09-23 11:20:00,545,545,550,550,0
2022-09-23 11:21:00,545,545,550,550,0
2022-09-23 11:22:00,545,545,550,550,0
2022-09-23 11:23:00,545,545,550,550,0
2022-09-23 11:24:00,545,545,550,550,0
2022-09-23 11:25:00,550,550,550,550,600
2022-09-23 11:26:00,550,550,550,550,0
2022-09-23 11:27:00,550,550,550,550,0
2022-09-23 11:28:00,550,550,550,550,0
2022-09-23 11:29:00,550,550,550,550,8900
2022-09-23 11:30:00,550,550,550,550,0
2022-09-23 11:31:00,550,550,550,550,0
2022-09-23 11:32:00,550,550,550,550,0
2022-09-23 11:33:00,550,550,550,550,0
2022-09-23 11:34:00,550,550,550,550,0
2022-09-23 11:35:00,550,550,550,550,0
2022-09-23 11:36:00,550,550,550,550,0
2022-09-23 11:37:00,550,550,550,550,0
2022-09-23 11:38:00,550,550,550,550,0
2022-09-23 11:39:00,550,550,550,550,0
2022-09-23 11:40:00,550,550,550,550,0
2022-09-23 11:41:00,550,550,550,550,0
2022-09-23 11:42:00,550,550,550,550,0
2022-09-23 11:43:00,550,550,550,550,0
2022-09-23 11:44:00,550,550,550,550,0
2022-09-23 11:45:00,550,550,550,550,0
2022-09-23 11:46:00,550,550,550,550,0
2022-09-23 11:47:00,550,550,550,550,0
2022-09-23 11:48:00,550,550,550,550,0
2022-09-23 11:49:00,550,550,550,550,0
2022-09-23 11:50:00,550,550,550,550,0
2022-09-23 11:51:00,550,550,550,550,0
2022-09-23 11:52:00,550,550,550,550,0
2022-09-23 11:53:00,550,550,550,550,0
2022-09-23 11:54:00,550,550,550,550,0
2022-09-23 11:55:00,550,550,550,550,0
2022-09-23 11:56:00,550,550,550,550,0
2022-09-23 11:57:00,550,550,550,550,0
2022-09-23 11:58:00,550,550,550,550,0
2022-09-23 11:59:00,550,550,550,550,0
2022-09-23 12:00:00,550,550,550,550,0
2022-09-23 12:01:00,550,550,550,550,0
2022-09-23 12:02:00,550,550,550,550,0
2022-09-23 12:03:00,550,550,550,550,0
2022-09-23 12:04:00,550,550,550,550,0
2022-09-23 12:05:00,550,550,550,550,0
2022-09-23 12:06:00,550,550,550,550,0
2022-09-23 12:07:00,550,550,550,550,0
2022-09-23 12:08:00,550,550,550,550,0
2022-09-23 12:09:00,550,550,550,550,0
2022-09-23 12:10:00,550,550,550,550,0
2022-09-23 12:11:00,550,550,550,550,0
2022-09-23 12:12:00,550,550,550,550,0
2022-09-23 12:13:00,550,550,550,550,0
2022-09-23 12:14:00,550,550,550,550,0
2022-09-23 12:15:00,550,550,550,550,0
2022-09-23 12:16:00,550,550,550,550,0
2022-09-23 12:17:00,550,550,550,550,0
2022-09-23 12:18:00,550,550,550,550,0
2022-09-23 12:19:00,550,550,550,550,0
2022-09-23 12:20:00,550,550,550,550,0
2022-09-23 12:21:00,550,550,550,550,0
2022-09-23 12:22:00,550,550,550,550,0
2022-09-23 12:23:00,550,550,550,550,0
2022-09-23 12:24:00,550,550,550,550,0
2022-09-23 12:25:00,550,550,550,550,0
2022-09-23 12:26:00,550,550,550,550,0
2022-09-23 12:27:00,550,550,550,550,0
2022-09-23 12:28:00,550,550,550,550,0
2022-09-23 12:29:00,550,550,550,550,0
2022-09-23 12:30:00,550,550,550,550,0
2022-09-23 12:31:00,550,550,550,550,0
2022-09-23 12:32:00,550,550,550,550,0
2022-09-23 12:33:00,550,550,550,550,0
2022-09-23 12:34:00,550,550,550,550,0
2022-09-23 12:35:00,550,550,550,550,0
2022-09-23 12:36:00,550,550,550,550,0
2022-09-23 12:37:00,550,550,550,550,0
2022-09-23 12:38:00,550,550,550,550,0
2022-09-23 12:39:00,550,550,550,550,0
2022-09-23 12:40:00,550,550,550,550,0
2022-09-23 12:41:00,550,550,550,550,0
2022-09-23 12:42:00,550,550,550,550,0
2022-09-23 12:43:00,550,550,550,550,0
2022-09-23 12:44:00,550,550,550,550,0
2022-09-23 12:45:00,550,550,550,550,0
2022-09-23 12:46:00,550,550,550,550,0
2022-09-23 12:47:00,550,550,550,550,0
2022-09-23 12:48:00,550,550,550,550,0
2022-09-23 12:49:00,550,550,550,550,0
2022-09-23 12:50:00,550,550,550,550,0
2022-09-23 12:51:00,550,550,550,550,0
2022-09-23 12:52:00,550,550,550,550,0
2022-09-23 12:53:00,550,550,550,550,0
2022-09-23 12:54:00,550,550,550,550,0
2022-09-23 12:55:00,550,550,550,550,0
2022-09-23 12:56:00,550,550,550,550,0
2022-09-23 12:57:00,550,550,550,550,0
2022-09-23 12:58:00,550,550,550,550,0
2022-09-23 12:59:00,550,550,550,550,0
2022-09-23 13:00:00,550,550,550,550,0
2022-09-23 13:01:00,550,550,550,550,0
2022-09-23 13:02:00,550,550,550,550,0
2022-09-23 13:03:00,550,550,550,550,0
2022-09-23 13:04:00,550,550,550,550,0
2022-09-23 13:05:00,550,550,550,550,0
2022-09-23 13:06:00,550,550,550,550,0
2022-09-23 13:07:00,550,550,550,550,0
2022-09-23 13:08:00,550,550,550,550,0
2022-09-23 13:09:00,550,550,550,550,0
2022-09-23 13:10:00,550,550,550,550,0
2022-09-23 13:11:00,550,550,550,550,0
2022-09-23 13:12:00,550,550,550,550,0
2022-09-23 13:13:00,550,550,550,550,0
2022-09-23 13:14:00,550,550,550,550,0
2022-09-23 13:15:00,550,550,550,550,0
2022-09-23 13:16:00,550,550,550,550,0
2022-09-23 13:17:00,550,550,550,550,0
2022-09-23 13:18:00,550,550,550,550,0
2022-09-23 13:19:00,550,550,550,550,0
2022-09-23 13:20:00,550,550,550,550,0
2022-09-23 13:21:00,550,550,550,550,0
2022-09-23 13:22:00,550,550,550,550,0
2022-09-23 13:23:00,550,550,550,550,0
2022-09-23 13:24:00,550,550,550,550,0
2022-09-23 13:25:00,550,550,550,550,0
2022-09-23 13:26:00,550,550,550,550,0
2022-09-23 13:27:00,550,550,550,550,0
2022-09-23 13:28:00,550,550,550,550,0
2022-09-23 13:29:00,550,550,550,550,0
2022-09-23 13:30:00,550,550,550,550,800
2022-09-23 13:31:00,550,550,550,550,0
2022-09-23 13:32:00,550,550,550,550,0
2022-09-23 13:33:00,550,550,550,550,0
2022-09-23 13:34:00,550,550,550,550,0
2022-09-23 13:35:00,550,550,550,550,0
2022-09-23 13:36:00,550,550,550,550,0
2022-09-23 13:37:00,550,550,550,550,0
2022-09-23 13:38:00,550,550,550,550,0
2022-09-23 13:39:00,550,550,550,550,0
2022-09-23 13:40:00,550,550,550,550,0
2022-09-23 13:41:00,550,550,550,550,0
2022-09-23 13:42:00,550,550,550,550,0
2022-09-23 13:43:00,550,550,550,550,0
2022-09-23 13:44:00,550,550,550,550,0
2022-09-23 13:45:00,550,550,550,550,0
2022-09-23 13:46:00,550,550,550,550,0
2022-09-23 13:47:00,550,550,550,550,0
2022-09-23 13:48:00,550,550,550,550,0
2022-09-23 13:49:00,550,550,550,550,0
2022-09-23 13:50:00,550,550,550,550,0
2022-09-23 13:51:00,550,550,550,550,0
2022-09-23 13:52:00,550,550,550,550,0
2022-09-23 13:53:00,550,550,550,550,0
2022-09-23 13:54:00,550,550,550,550,0
2022-09-23 13:55:00,550,550,550,550,0
2022-09-23 13:56:00,550,550,550,550,0
2022-09-23 13:57:00,550,550,550,550,0
2022-09-23 13:58:00,550,550,550,550,0
2022-09-23 13:59:00,550,550,550,550,0
2022-09-23 14:00:00,550,550,550,550,0
2022-09-23 14:01:00,550,550,550,550,0
2022-09-23 14:02:00,550,550,550,550,0
2022-09-23 14:03:00,550,550,550,550,300
2022-09-23 14:04:00,550,550,550,550,0
2022-09-23 14:05:00,550,550,550,550,0
2022-09-23 14:06:00,550,550,550,550,0
2022-09-23 14:07:00,550,550,550,550,0
2022-09-23 14:08:00,550,550,550,550,0
2022-09-23 14:09:00,550,550,550,550,0
2022-09-23 14:10:00,550,550,550,550,0
2022-09-23 14:11:00,550,550,550,550,600
2022-09-23 14:12:00,550,550,550,550,0
2022-09-23 14:13:00,550,550,550,550,0
2022-09-23 14:14:00,550,550,550,550,0
2022-09-23 14:15:00,550,550,550,550,0
2022-09-23 14:16:00,550,550,550,550,0
2022-09-23 14:17:00,550,550,550,550,0
2022-09-23 14:18:00,550,550,550,550,0
2022-09-23 14:19:00,550,550,550,550,0
2022-09-23 14:20:00,550,545,550,545,200
2022-09-23 14:21:00,550,550,550,550,100
2022-09-23 14:22:00,550,550,550,550,0
2022-09-23 14:23:00,550,550,550,550,0
2022-09-23 14:24:00,550,550,550,550,0
2022-09-23 14:25:00,550,550,550,550,0
2022-09-23 14:26:00,550,550,550,550,0
2022-09-23 14:27:00,550,550,550,550,0
2022-09-23 14:28:00,545,545,545,545,4500
2022-09-23 14:29:00,540,540,540,540,1000
2022-09-23 14:30:00,545,545,550,550,15700
2022-09-23 14:31:00,545,545,550,550,0
2022-09-23 14:32:00,545,545,550,550,0
2022-09-23 14:33:00,545,545,550,550,0
2022-09-23 14:34:00,545,545,550,550,0
2022-09-23 14:35:00,545,545,550,550,0
2022-09-23 14:36:00,545,545,550,550,0
2022-09-23 14:37:00,545,545,550,550,0
2022-09-23 14:38:00,545,545,550,550,0
2022-09-23 14:39:00,545,545,550,550,0
2022-09-23 14:40:00,545,545,550,550,0
2022-09-23 14:41:00,545,545,550,550,0
2022-09-23 14:42:00,545,545,550,550,0
2022-09-23 14:43:00,545,545,550,550,0
2022-09-23 14:44:00,545,545,550,550,0
2022-09-23 14:45:00,545,545,550,550,0
2022-09-23 14:46:00,550,550,550,550,600
2022-09-23 14:47:00,550,550,550,550,300
2022-09-23 14:48:00,550,550,550,550,400
2022-09-23 14:49:00,550,550,550,550,1100
2022-09-23 14:50:00,550,550,550,550,0
2022-09-23 14:51:00,550,550,550,550,0
2022-09-23 14:52:00,550,550,550,550,0
2022-09-23 14:53:00,550,550,550,550,0
2022-09-23 14:54:00,550,550,550,550,0
2022-09-23 14:55:00,550,550,550,550,0
2022-09-23 14:56:00,550,550,550,550,0
2022-09-23 14:57:00,550,550,550,550,0
2022-09-23 14:58:00,550,550,550,550,0
2022-09-23 14:59:00,550,550,550,550,0
2022-09-23 15:00:00,550,550,550,550,0
2022-09-23 15:01:00,550,550,550,550,0
2022-09-23 15:02:00,550,550,550,550,0
2022-09-23 15:03:00,550,550,550,550,0
2022-09-23 15:04:00,550,550,550,550,0
2022-09-23 15:05:00,550,550,550,550,0
2022-09-23 15:06:00,550,550,550,550,0
2022-09-23 15:07:00,550,550,550,550,0
2022-09-23 15:08:00,550,550,550,550,0
2022-09-23 15:09:00,550,550,550,550,0
2022-09-23 15:10:00,550,550,550,550,0
2022-09-23 15:11:00,550,550,550,550,0
2022-09-23 15:12:00,550,550,550,550,0
2022-09-23 15:13:00,550,550,550,550,0
2022-09-23 15:14:00,550,550,550,550,0
2022-09-23 15:15:00,550,550,550,550,0
2022-09-23 15:16:00,550,550,550,550,0
2022-09-23 15:17:00,550,550,550,550,0
2022-09-23 15:18:00,550,550,550,550,0
2022-09-23 15:19:00,550,550,550,550,0
2022-09-23 15:20:00,550,550,550,550,0
2022-09-23 15:21:00,550,550,550,550,0
2022-09-23 15:22:00,550,550,550,550,0
2022-09-23 15:23:00,550,550,550,550,0
2022-09-23 15:24:00,550,550,550,550,0
2022-09-23 15:25:00,550,550,550,550,0
2022-09-23 15:26:00,550,550,550,550,0
2022-09-23 15:27:00,550,550,550,550,0
2022-09-23 15:28:00,550,550,550,550,0
2022-09-23 15:29:00,550,550,550,550,0
2022-09-23 15:30:00,550,550,550,550,0
2022-09-23 15:31:00,550,550,550,550,0
2022-09-23 15:32:00,550,550,550,550,0
2022-09-23 15:33:00,550,550,550,550,0
2022-09-23 15:34:00,550,550,550,550,0
2022-09-23 15:35:00,550,550,550,550,0
2022-09-23 15:36:00,550,550,550,550,0
2022-09-23 15:37:00,550,550,550,550,0
2022-09-23 15:38:00,550,550,550,550,0
2022-09-23 15:39:00,550,550,550,550,0
2022-09-23 15:40:00,550,550,550,550,0
2022-09-23 15:41:00,550,550,550,550,0
2022-09-23 15:42:00,550,550,550,550,0
2022-09-23 15:43:00,550,550,550,550,0
2022-09-23 15:44:00,550,550,550,550,0
2022-09-23 15:45:00,550,550,550,550,0
2022-09-23 15:46:00,550,550,550,550,0
2022-09-23 15:47:00,550,550,550,550,0
2022-09-23 15:48:00,550,550,550,550,0
2022-09-23 15:49:00,550,550,550,550,0
2022-09-23 15:50:00,550,550,550,550,0
2022-09-23 15:51:00,550,550,550,550,0
2022-09-23 15:52:00,550,550,550,550,0
2022-09-23 15:53:00,550,550,550,550,0
2022-09-23 15:54:00,550,550,550,550,0
2022-09-23 15:55:00,550,550,550,550,0
2022-09-23 15:56:00,550,550,550,550,0
2022-09-23 15:57:00,550,550,550,550,0
2022-09-23 15:58:00,550,550,550,550,0
2022-09-23 15:59:00,550,550,550,550,0
2022-09-26 09:00:00,550,550,550,550,0
2022-09-26 09:01:00,550,550,550,550,0
2022-09-26 09:02:00,550,550,550,550,0
2022-09-26 09:03:00,550,550,550,550,0
2022-09-26 09:04:00,550,550,550,550,0
2022-09-26 09:05:00,545,545,550,550,100
2022-09-26 09:06:00,545,545,550,550,0
2022-09-26 09:07:00,545,545,550,550,0
2022-09-26 09:08:00,545,545,550,550,0
2022-09-26 09:09:00,545,545,550,550,0
2022-09-26 09:10:00,545,545,550,550,0
2022-09-26 09:11:00,545,545,550,550,0
2022-09-26 09:12:00,545,545,550,550,0
2022-09-26 09:13:00,545,545,550,550,0
2022-09-26 09:14:00,545,545,550,550,0
2022-09-26 09:15:00,545,545,550,550,0
2022-09-26 09:16:00,545,545,550,550,0
2022-09-26 09:17:00,545,545,550,550,0
2022-09-26 09:18:00,545,545,550,550,0
2022-09-26 09:19:00,545,545,550,550,0
2022-09-26 09:20:00,545,545,550,550,0
2022-09-26 09:21:00,545,545,550,550,0
2022-09-26 09:22:00,545,545,550,550,0
2022-09-26 09:23:00,545,545,550,550,0
2022-09-26 09:24:00,545,545,550,550,0
2022-09-26 09:25:00,545,545,550,550,0
2022-09-26 09:26:00,545,545,545,545,100
2022-09-26 09:27:00,550,550,550,550,600
2022-09-26 09:28:00,550,550,550,550,0
2022-09-26 09:29:00,550,550,550,550,0
2022-09-26 09:30:00,550,550,550,550,0
2022-09-26 09:31:00,550,550,550,550,0
2022-09-26 09:32:00,550,550,550,550,0
2022-09-26 09:33:00,550,550,550,550,39700
2022-09-26 09:34:00,550,550,550,550,0
2022-09-26 09:35:00,550,550,550,550,0
2022-09-26 09:36:00,550,550,550,550,0
2022-09-26 09:37:00,550,550,550,550,0
2022-09-26 09:38:00,550,550,550,550,0
2022-09-26 09:39:00,550,550,550,550,0
2022-09-26 09:40:00,545,545,545,545,100
2022-09-26 09:41:00,550,550,550,550,400
2022-09-26 09:42:00,545,545,550,550,1000
2022-09-26 09:43:00,545,545,550,550,0
2022-09-26 09:44:00,545,545,550,550,0
2022-09-26 09:45:00,545,545,550,550,0
2022-09-26 09:46:00,545,545,550,550,0
2022-09-26 09:47:00,545,545,550,550,0
2022-09-26 09:48:00,545,545,550,550,0
2022-09-26 09:49:00,545,545,550,550,0
2022-09-26 09:50:00,545,545,550,550,0
2022-09-26 09:51:00,545,545,550,550,0
2022-09-26 09:52:00,545,545,550,550,0
2022-09-26 09:53:00,545,545,550,550,0
2022-09-26 09:54:00,545,545,550,550,0
2022-09-26 09:55:00,545,545,550,550,0
2022-09-26 09:56:00,545,545,550,550,0
2022-09-26 09:57:00,545,545,550,550,0
2022-09-26 09:58:00,545,545,550,550,0
2022-09-26 09:59:00,545,545,550,550,0
2022-09-26 10:00:00,545,545,550,550,0
2022-09-26 10:01:00,545,545,550,550,0
2022-09-26 10:02:00,545,545,550,550,0
2022-09-26 10:03:00,545,545,550,550,0
2022-09-26 10:04:00,545,545,550,550,0
2022-09-26 10:05:00,545,545,550,550,0
2022-09-26 10:06:00,545,545,550,550,0
2022-09-26 10:07:00,545,545,550,550,0
2022-09-26 10:08:00,545,545,550,550,0
2022-09-26 10:09:00,545,545,545,545,3000
2022-09-26 10:10:00,550,550,550,550,0
2022-09-26 10:11:00,550,550,550,550,0
2022-09-26 10:12:00,550,550,550,550,0
2022-09-26 10:13:00,550,550,550,550,0
2022-09-26 10:14:00,550,550,550,550,0
2022-09-26 10:15:00,550,550,550,550,0
2022-09-26 10:16:00,550,550,550,550,0
2022-09-26 10:17:00,550,550,550,550,0
2022-09-26 10:18:00,550,550,550,550,13100
2022-09-26 10:19:00,550,550,550,550,0
2022-09-26 10:20:00,550,550,550,550,0
2022-09-26 10:21:00,550,550,550,550,0
2022-09-26 10:22:00,550,550,550,550,0
2022-09-26 10:23:00,550,550,550,550,0
2022-09-26 10:24:00,550,550,550,550,0
2022-09-26 10:25:00,550,550,550,550,0
2022-09-26 10:26:00,550,550,550,550,0
2022-09-26 10:27:00,550,550,550,550,0
2022-09-26 10:28:00,550,550,550,550,0
2022-09-26 10:29:00,550,550,550,550,0
2022-09-26 10:30:00,550,550,550,550,0
2022-09-26 10:31:00,550,550,550,550,0
2022-09-26 10:32:00,550,550,550,550,0
2022-09-26 10:33:00,550,550,550,550,0
2022-09-26 10:34:00,550,550,550,550,0
2022-09-26 10:35:00,550,550,550,550,0
2022-09-26 10:36:00,550,550,550,550,0
2022-09-26 10:37:00,550,550,550,550,0
2022-09-26 10:38:00,550,550,550,550,0
2022-09-26 10:39:00,550,550,550,550,0
2022-09-26 10:40:00,550,550,550,550,0
2022-09-26 10:41:00,550,550,550,550,0
2022-09-26 10:42:00,550,550,550,550,0
2022-09-26 10:43:00,550,550,550,550,0
2022-09-26 10:44:00,550,550,550,550,0
2022-09-26 10:45:00,550,550,550,550,0
2022-09-26 10:46:00,550,550,550,550,0
2022-09-26 10:47:00,550,550,550,550,0
2022-09-26 10:48:00,550,550,550,550,0
2022-09-26 10:49:00,550,550,550,550,0
2022-09-26 10:50:00,550,550,550,550,0
2022-09-26 10:51:00,550,550,550,550,0
2022-09-26 10:52:00,550,550,550,550,0
2022-09-26 10:53:00,550,550,550,550,0
2022-09-26 10:54:00,550,550,550,550,0
2022-09-26 10:55:00,550,550,550,550,0
2022-09-26 10:56:00,550,550,550,550,0
2022-09-26 10:57:00,550,550,550,550,0
2022-09-26 10:58:00,550,550,550,550,0
2022-09-26 10:59:00,550,550,550,550,0
2022-09-26 11:00:00,550,550,550,550,0
2022-09-26 11:01:00,550,550,550,550,0
2022-09-26 11:02:00,550,550,550,550,0
2022-09-26 11:03:00,550,550,550,550,0
2022-09-26 11:04:00,550,550,550,550,0
2022-09-26 11:05:00,550,550,550,550,0
2022-09-26 11:06:00,550,550,550,550,0
2022-09-26 11:07:00,550,550,550,550,0
2022-09-26 11:08:00,550,550,550,550,0
2022-09-26 11:09:00,550,550,550,550,0
2022-09-26 11:10:00,550,550,550,550,0
2022-09-26 11:11:00,550,550,550,550,0
2022-09-26 11:12:00,550,550,550,550,0
2022-09-26 11:13:00,550,550,550,550,0
2022-09-26 11:14:00,550,550,550,550,0
2022-09-26 11:15:00,550,550,550,550,0
2022-09-26 11:16:00,550,550,550,550,0
2022-09-26 11:17:00,550,550,550,550,0
2022-09-26 11:18:00,550,550,550,550,0
2022-09-26 11:19:00,550,550,550,550,0
2022-09-26 11:20:00,550,550,550,550,0
2022-09-26 11:21:00,550,550,550,550,0
2022-09-26 11:22:00,550,550,550,550,0
2022-09-26 11:23:00,550,550,550,550,0
2022-09-26 11:24:00,550,550,550,550,0
2022-09-26 11:25:00,550,550,550,550,0
2022-09-26 11:26:00,550,550,550,550,0
2022-09-26 11:27:00,550,550,550,550,0
2022-09-26 11:28:00,550,550,550,550,400
2022-09-26 11:29:00,550,550,550,550,300
2022-09-26 11:30:00,550,550,550,550,0
2022-09-26 11:31:00,550,550,550,550,0
2022-09-26 11:32:00,550,550,550,550,0
2022-09-26 11:33:00,550,550,550,550,0
2022-09-26 11:34:00,550,550,550,550,0
2022-09-26 11:35:00,550,550,550,550,0
2022-09-26 11:36:00,550,550,550,550,0
2022-09-26 11:37:00,550,550,550,550,0
2022-09-26 11:38:00,550,550,550,550,0
2022-09-26 11:39:00,550,550,550,550,0
2022-09-26 11:40:00,550,550,550,550,0
2022-09-26 11:41:00,550,550,550,550,0
2022-09-26 11:42:00,550,550,550,550,0
2022-09-26 11:43:00,550,550,550,550,0
2022-09-26 11:44:00,550,550,550,550,0
2022-09-26 11:45:00,550,550,550,550,0
2022-09-26 11:46:00,550,550,550,550,0
2022-09-26 11:47:00,550,550,550,550,0
2022-09-26 11:48:00,550,550,550,550,0
2022-09-26 11:49:00,550,550,550,550,0
2022-09-26 11:50:00,550,550,550,550,0
2022-09-26 11:51:00,550,550,550,550,0
2022-09-26 11:52:00,550,550,550,550,0
2022-09-26 11:53:00,550,550,550,550,0
2022-09-26 11:54:00,550,550,550,550,0
2022-09-26 11:55:00,550,550,550,550,0
2022-09-26 11:56:00,550,550,550,550,0
2022-09-26 11:57:00,550,550,550,550,0
2022-09-26 11:58:00,550,550,550,550,0
2022-09-26 11:59:00,550,550,550,550,0
2022-09-26 12:00:00,550,550,550,550,0
2022-09-26 12:01:00,550,550,550,550,0
2022-09-26 12:02:00,550,550,550,550,0
2022-09-26 12:03:00,550,550,550,550,0
2022-09-26 12:04:00,550,550,550,550,0
2022-09-26 12:05:00,550,550,550,550,0
2022-09-26 12:06:00,550,550,550,550,0
2022-09-26 12:07:00,550,550,550,550,0
2022-09-26 12:08:00,550,550,550,550,0
2022-09-26 12:09:00,550,550,550,550,0
2022-09-26 12:10:00,550,550,550,550,0
2022-09-26 12:11:00,550,550,550,550,0
2022-09-26 12:12:00,550,550,550,550,0
2022-09-26 12:13:00,550,550,550,550,0
2022-09-26 12:14:00,550,550,550,550,0
2022-09-26 12:15:00,550,550,550,550,0
2022-09-26 12:16:00,550,550,550,550,0
2022-09-26 12:17:00,550,550,550,550,0
2022-09-26 12:18:00,550,550,550,550,0
2022-09-26 12:19:00,550,550,550,550,0
2022-09-26 12:20:00,550,550,550,550,0
2022-09-26 12:21:00,550,550,550,550,0
2022-09-26 12:22:00,550,550,550,550,0
2022-09-26 12:23:00,550,550,550,550,0
2022-09-26 12:24:00,550,550,550,550,0
2022-09-26 12:25:00,550,550,550,550,0
2022-09-26 12:26:00,550,550,550,550,0
2022-09-26 12:27:00,550,550,550,550,0
2022-09-26 12:28:00,550,550,550,550,0
2022-09-26 12:29:00,550,550,550,550,0
2022-09-26 12:30:00,550,550,550,550,0
2022-09-26 12:31:00,550,550,550,550,0
2022-09-26 12:32:00,550,550,550,550,0
2022-09-26 12:33:00,550,550,550,550,0
2022-09-26 12:34:00,550,550,550,550,0
2022-09-26 12:35:00,550,550,550,550,0
2022-09-26 12:36:00,550,550,550,550,0
2022-09-26 12:37:00,550,550,550,550,0
2022-09-26 12:38:00,550,550,550,550,0
2022-09-26 12:39:00,550,550,550,550,0
2022-09-26 12:40:00,550,550,550,550,0
2022-09-26 12:41:00,550,550,550,550,0
2022-09-26 12:42:00,550,550,550,550,0
2022-09-26 12:43:00,550,550,550,550,0
2022-09-26 12:44:00,550,550,550,550,0
2022-09-26 12:45:00,550,550,550,550,0
2022-09-26 12:46:00,550,550,550,550,0
2022-09-26 12:47:00,550,550,550,550,0
2022-09-26 12:48:00,550,550,550,550,0
2022-09-26 12:49:00,550,550,550,550,0
2022-09-26 12:50:00,550,550,550,550,0
2022-09-26 12:51:00,550,550,550,550,0
2022-09-26 12:52:00,550,550,550,550,0
2022-09-26 12:53:00,550,550,550,550,0
2022-09-26 12:54:00,550,550,550,550,0
2022-09-26 12:55:00,550,550,550,550,0
2022-09-26 12:56:00,550,550,550,550,0
2022-09-26 12:57:00,550,550,550,550,0
2022-09-26 12:58:00,550,550,550,550,0
2022-09-26 12:59:00,550,550,550,550,0
2022-09-26 13:00:00,550,550,550,550,0
2022-09-26 13:01:00,550,550,550,550,0
2022-09-26 13:02:00,550,550,550,550,0
2022-09-26 13:03:00,550,550,550,550,0
2022-09-26 13:04:00,550,550,550,550,0
2022-09-26 13:05:00,550,550,550,550,0
2022-09-26 13:06:00,550,550,550,550,0
2022-09-26 13:07:00,550,550,550,550,0
2022-09-26 13:08:00,550,550,550,550,0
2022-09-26 13:09:00,550,550,550,550,0
2022-09-26 13:10:00,550,550,550,550,0
2022-09-26 13:11:00,550,550,550,550,0
2022-09-26 13:12:00,550,550,550,550,0
2022-09-26 13:13:00,550,550,550,550,0
2022-09-26 13:14:00,550,550,550,550,0
2022-09-26 13:15:00,550,550,550,550,0
2022-09-26 13:16:00,550,550,550,550,0
2022-09-26 13:17:00,550,550,550,550,0
2022-09-26 13:18:00,550,550,550,550,0
2022-09-26 13:19:00,550,550,550,550,0
2022-09-26 13:20:00,550,550,550,550,0
2022-09-26 13:21:00,550,550,550,550,0
2022-09-26 13:22:00,550,550,550,550,0
2022-09-26 13:23:00,550,550,550,550,0
2022-09-26 13:24:00,550,550,550,550,0
2022-09-26 13:25:00,550,550,550,550,0
2022-09-26 13:26:00,550,550,550,550,0
2022-09-26 13:27:00,550,550,550,550,0
2022-09-26 13:28:00,550,550,550,550,0
2022-09-26 13:29:00,550,550,550,550,0
2022-09-26 13:30:00,550,545,550,550,1200
2022-09-26 13:31:00,550,545,550,550,0
2022-09-26 13:32:00,550,545,550,550,0
2022-09-26 13:33:00,550,545,550,550,0
2022-09-26 13:34:00,550,545,550,550,0
2022-09-26 13:35:00,550,545,550,550,0
2022-09-26 13:36:00,545,545,545,545,69100
2022-09-26 13:37:00,545,545,545,545,0
2022-09-26 13:38:00,545,545,545,545,0
2022-09-26 13:39:00,545,545,545,545,0
2022-09-26 13:40:00,545,545,545,545,0
2022-09-26 13:41:00,545,545,545,545,1600
2022-09-26 13:42:00,545,545,550,550,33200
2022-09-26 13:43:00,545,545,550,550,0
2022-09-26 13:44:00,545,545,550,550,0
2022-09-26 13:45:00,545,545,550,550,0
2022-09-26 13:46:00,545,545,550,550,0
2022-09-26 13:47:00,545,545,550,550,0
2022-09-26 13:48:00,545,545,550,550,0
2022-09-26 13:49:00,545,545,550,550,0
2022-09-26 13:50:00,545,545,545,545,400
2022-09-26 13:51:00,545,545,545,545,0
2022-09-26 13:52:00,545,545,545,545,0
2022-09-26 13:53:00,545,545,545,545,700
2022-09-26 13:54:00,545,545,545,545,0
2022-09-26 13:55:00,545,545,545,545,0
2022-09-26 13:56:00,545,545,545,545,0
2022-09-26 13:57:00,545,545,545,545,0
2022-09-26 13:58:00,545,545,545,545,0
2022-09-26 13:59:00,545,545,545,545,0
2022-09-26 14:00:00,545,545,545,545,1500
2022-09-26 14:01:00,545,545,545,545,0
2022-09-26 14:02:00,545,545,545,545,0
2022-09-26 14:03:00,545,545,545,545,0
2022-09-26 14:04:00,545,545,545,545,0
2022-09-26 14:05:00,545,545,545,545,0
2022-09-26 14:06:00,545,545,545,545,0
2022-09-26 14:07:00,545,545,545,545,0
2022-09-26 14:08:00,545,545,545,545,0
2022-09-26 14:09:00,545,545,545,545,0
2022-09-26 14:10:00,545,545,545,545,0
2022-09-26 14:11:00,545,545,545,545,0
2022-09-26 14:12:00,545,545,545,545,0
2022-09-26 14:13:00,545,545,545,545,0
2022-09-26 14:14:00,545,545,545,545,0
2022-09-26 14:15:00,545,545,545,545,0
2022-09-26 14:16:00,540,540,545,545,4300
2022-09-26 14:17:00,540,540,545,545,0
2022-09-26 14:18:00,540,540,545,545,0
2022-09-26 14:19:00,540,540,545,545,0
2022-09-26 14:20:00,540,540,545,545,0
2022-09-26 14:21:00,540,540,545,545,0
2022-09-26 14:22:00,540,540,545,545,0
2022-09-26 14:23:00,540,540,545,545,0
2022-09-26 14:24:00,540,540,545,545,0
2022-09-26 14:25:00,540,540,545,545,0
2022-09-26 14:26:00,545,545,545,545,1200
2022-09-26 14:27:00,545,545,545,545,0
2022-09-26 14:28:00,545,545,545,545,0
2022-09-26 14:29:00,545,545,545,545,0
2022-09-26 14:30:00,545,545,545,545,0
2022-09-26 14:31:00,545,545,545,545,0
2022-09-26 14:32:00,545,545,545,545,0
2022-09-26 14:33:00,545,545,545,545,0
2022-09-26 14:34:00,545,545,545,545,0
2022-09-26 14:35:00,545,545,545,545,0
2022-09-26 14:36:00,545,545,545,545,0
2022-09-26 14:37:00,545,545,545,545,0
2022-09-26 14:38:00,545,545,545,545,0
2022-09-26 14:39:00,545,545,545,545,0
2022-09-26 14:40:00,545,545,545,545,0
2022-09-26 14:41:00,545,545,545,545,0
2022-09-26 14:42:00,545,545,545,545,0
2022-09-26 14:43:00,545,545,545,545,600
2022-09-26 14:44:00,545,545,545,545,0
2022-09-26 14:45:00,545,545,545,545,0
2022-09-26 14:46:00,545,545,545,545,1100
2022-09-26 14:47:00,545,545,545,545,0
2022-09-26 14:48:00,545,545,545,545,800
2022-09-26 14:49:00,545,545,545,545,500
2022-09-26 14:50:00,545,545,545,545,0
2022-09-26 14:51:00,545,545,545,545,0
2022-09-26 14:52:00,545,545,545,545,0
2022-09-26 14:53:00,545,545,545,545,0
2022-09-26 14:54:00,545,545,545,545,0
2022-09-26 14:55:00,545,545,545,545,0
2022-09-26 14:56:00,545,545,545,545,0
2022-09-26 14:57:00,545,545,545,545,0
2022-09-26 14:58:00,545,545,545,545,0
2022-09-26 14:59:00,545,545,545,545,0
2022-09-26 15:00:00,545,545,545,545,227800
2022-09-26 15:01:00,545,545,545,545,0
2022-09-26 15:02:00,545,545,545,545,0
2022-09-26 15:03:00,545,545,545,545,0
2022-09-26 15:04:00,545,545,545,545,0
2022-09-26 15:05:00,545,545,545,545,0
2022-09-26 15:06:00,545,545,545,545,0
2022-09-26 15:07:00,545,545,545,545,0
2022-09-26 15:08:00,545,545,545,545,0
2022-09-26 15:09:00,545,545,545,545,0
2022-09-26 15:10:00,545,545,545,545,0
2022-09-26 15:11:00,545,545,545,545,0
2022-09-26 15:12:00,545,545,545,545,0
2022-09-26 15:13:00,545,545,545,545,0
2022-09-26 15:14:00,545,545,545,545,0
2022-09-26 15:15:00,545,545,545,545,0
2022-09-26 15:16:00,545,545,545,545,0
2022-09-26 15:17:00,545,545,545,545,0
2022-09-26 15:18:00,545,545,545,545,0
2022-09-26 15:19:00,545,545,545,545,0
2022-09-26 15:20:00,545,545,545,545,0
2022-09-26 15:21:00,545,545,545,545,0
2022-09-26 15:22:00,545,545,545,545,0
2022-09-26 15:23:00,545,545,545,545,0
2022-09-26 15:24:00,545,545,545,545,0
2022-09-26 15:25:00,545,545,545,545,0
2022-09-26 15:26:00,545,545,545,545,0
2022-09-26 15:27:00,545,545,545,545,0
2022-09-26 15:28:00,545,545,545,545,0
2022-09-26 15:29:00,545,545,545,545,0
2022-09-26 15:30:00,545,545,545,545,0
2022-09-26 15:31:00,545,545,545,545,0
2022-09-26 15:32:00,545,545,545,545,0
2022-09-26 15:33:00,545,545,545,545,0
2022-09-26 15:34:00,545,545,545,545,0
2022-09-26 15:35:00,545,545,545,545,0
2022-09-26 15:36:00,545,545,545,545,0
2022-09-26 15:37:00,545,545,545,545,0
2022-09-26 15:38:00,545,545,545,545,0
2022-09-26 15:39:00,545,545,545,545,0
2022-09-26 15:40:00,545,545,545,545,0
2022-09-26 15:41:00,545,545,545,545,0
2022-09-26 15:42:00,545,545,545,545,0
2022-09-26 15:43:00,545,545,545,545,0
2022-09-26 15:44:00,545,545,545,545,0
2022-09-26 15:45:00,545,545,545,545,0
2022-09-26 15:46:00,545,545,545,545,0
2022-09-26 15:47:00,545,545,545,545,0
2022-09-26 15:48:00,545,545,545,545,0
2022-09-26 15:49:00,545,545,545,545,0
2022-09-26 15:50:00,545,545,545,545,0
2022-09-26 15:51:00,545,545,545,545,0
2022-09-26 15:52:00,545,545,545,545,0
2022-09-26 15:53:00,545,545,545,545,0
2022-09-26 15:54:00,545,545,545,545,0
2022-09-26 15:55:00,545,545,545,545,0
2022-09-26 15:56:00,545,545,545,545,0
2022-09-26 15:57:00,545,545,545,545,0
2022-09-26 15:58:00,545,545,545,545,0
2022-09-26 15:59:00,545,545,545,545,0
2022-09-27 09:00:00,545,545,545,545,0
2022-09-27 09:01:00,545,545,545,545,0
2022-09-27 09:02:00,545,545,545,545,0
2022-09-27 09:03:00,545,545,545,545,0
2022-09-27 09:04:00,540,540,540,540,1000
2022-09-27 09:05:00,545,545,545,545,400
2022-09-27 09:06:00,545,545,550,550,44400
2022-09-27 09:07:00,545,545,550,550,0
2022-09-27 09:08:00,545,545,550,550,0
2022-09-27 09:09:00,550,545,550,545,100
2022-09-27 09:10:00,550,550,550,550,200
2022-09-27 09:11:00,550,550,550,550,0
2022-09-27 09:12:00,550,550,550,550,0
2022-09-27 09:13:00,550,550,550,550,0
2022-09-27 09:14:00,550,550,550,550,0
2022-09-27 09:15:00,550,550,550,550,0
2022-09-27 09:16:00,550,550,550,550,0
2022-09-27 09:17:00,550,550,550,550,0
2022-09-27 09:18:00,550,550,550,550,0
2022-09-27 09:19:00,550,550,550,550,0
2022-09-27 09:20:00,550,550,550,550,0
2022-09-27 09:21:00,550,550,550,550,0
2022-09-27 09:22:00,550,550,550,550,0
2022-09-27 09:23:00,550,550,550,550,0
2022-09-27 09:24:00,550,550,550,550,0
2022-09-27 09:25:00,550,550,550,550,0
2022-09-27 09:26:00,550,550,550,550,0
2022-09-27 09:27:00,550,550,550,550,0
2022-09-27 09:28:00,550,550,550,550,0
2022-09-27 09:29:00,550,550,550,550,0
2022-09-27 09:30:00,550,550,550,550,0
2022-09-27 09:31:00,550,550,550,550,0
2022-09-27 09:32:00,550,550,550,550,0
2022-09-27 09:33:00,550,550,550,550,0
2022-09-27 09:34:00,550,550,550,550,0
2022-09-27 09:35:00,550,550,550,550,0
2022-09-27 09:36:00,550,550,550,550,0
2022-09-27 09:37:00,545,545,550,550,2300
2022-09-27 09:38:00,545,545,550,550,0
2022-09-27 09:39:00,545,545,545,545,700
2022-09-27 09:40:00,550,550,550,550,0
2022-09-27 09:41:00,550,550,550,550,200
2022-09-27 09:42:00,550,550,550,550,0
2022-09-27 09:43:00,550,550,550,550,0
2022-09-27 09:44:00,550,550,550,550,0
2022-09-27 09:45:00,550,550,550,550,0
2022-09-27 09:46:00,550,550,550,550,0
2022-09-27 09:47:00,550,550,550,550,0
2022-09-27 09:48:00,550,550,550,550,0
2022-09-27 09:49:00,550,550,550,550,0
2022-09-27 09:50:00,550,550,550,550,0
2022-09-27 09:51:00,550,550,550,550,0
2022-09-27 09:52:00,550,550,550,550,0
2022-09-27 09:53:00,550,550,550,550,0
2022-09-27 09:54:00,550,550,550,550,0
2022-09-27 09:55:00,550,550,550,550,0
2022-09-27 09:56:00,550,550,550,550,0
2022-09-27 09:57:00,550,550,550,550,0
2022-09-27 09:58:00,550,550,550,550,0
2022-09-27 09:59:00,550,550,550,550,0
2022-09-27 10:00:00,550,550,550,550,0
2022-09-27 10:01:00,550,550,550,550,0
2022-09-27 10:02:00,550,550,550,550,0
2022-09-27 10:03:00,550,550,550,550,0
2022-09-27 10:04:00,550,550,550,550,0
2022-09-27 10:05:00,550,550,550,550,0
2022-09-27 10:06:00,545,545,545,545,3600
2022-09-27 10:07:00,545,545,545,545,0
2022-09-27 10:08:00,545,545,545,545,0
2022-09-27 10:09:00,545,545,550,550,3700
2022-09-27 10:10:00,545,545,550,550,0
2022-09-27 10:11:00,545,545,550,550,0
2022-09-27 10:12:00,545,545,550,550,0
2022-09-27 10:13:00,545,545,550,550,0
2022-09-27 10:14:00,545,545,550,550,0
2022-09-27 10:15:00,545,545,550,550,0
2022-09-27 10:16:00,545,545,550,550,0
2022-09-27 10:17:00,545,545,550,550,0
2022-09-27 10:18:00,545,545,550,550,0
2022-09-27 10:19:00,545,545,545,545,200
2022-09-27 10:20:00,550,550,550,550,200
2022-09-27 10:21:00,550,550,550,550,0
2022-09-27 10:22:00,550,550,550,550,0
2022-09-27 10:23:00,550,550,550,550,0
2022-09-27 10:24:00,550,550,550,550,0
2022-09-27 10:25:00,550,550,550,550,0
2022-09-27 10:26:00,550,550,550,550,0
2022-09-27 10:27:00,550,550,550,550,0
2022-09-27 10:28:00,550,550,550,550,0
2022-09-27 10:29:00,550,550,550,550,0
2022-09-27 10:30:00,550,550,550,550,0
2022-09-27 10:31:00,550,550,550,550,0
2022-09-27 10:32:00,550,550,550,550,0
2022-09-27 10:33:00,550,550,550,550,0
2022-09-27 10:34:00,550,550,550,550,0
2022-09-27 10:35:00,545,545,550,550,400
2022-09-27 10:36:00,545,545,550,550,0
2022-09-27 10:37:00,545,545,550,550,0
2022-09-27 10:38:00,545,545,550,550,0
2022-09-27 10:39:00,545,545,550,550,0
2022-09-27 10:40:00,545,545,550,550,0
2022-09-27 10:41:00,545,545,550,550,0
2022-09-27 10:42:00,545,545,550,550,0
2022-09-27 10:43:00,545,545,550,550,0
2022-09-27 10:44:00,545,545,550,550,0
2022-09-27 10:45:00,545,545,550,550,0
2022-09-27 10:46:00,545,545,550,550,0
2022-09-27 10:47:00,545,545,550,550,0
2022-09-27 10:48:00,545,545,550,550,0
2022-09-27 10:49:00,545,545,550,550,0
2022-09-27 10:50:00,545,545,550,550,0
2022-09-27 10:51:00,545,545,550,550,0
2022-09-27 10:52:00,545,545,550,550,0
2022-09-27 10:53:00,545,545,550,550,0
2022-09-27 10:54:00,545,545,550,550,0
2022-09-27 10:55:00,545,545,550,550,0
2022-09-27 10:56:00,545,545,550,550,0
2022-09-27 10:57:00,545,545,550,550,0
2022-09-27 10:58:00,545,545,550,550,0
2022-09-27 10:59:00,545,545,550,550,0
2022-09-27 11:00:00,545,545,550,550,0
2022-09-27 11:01:00,545,545,550,550,0
2022-09-27 11:02:00,545,545,550,550,0
2022-09-27 11:03:00,545,545,550,550,0
2022-09-27 11:04:00,545,545,550,550,0
2022-09-27 11:05:00,545,545,550,550,0
2022-09-27 11:06:00,545,545,550,550,0
2022-09-27 11:07:00,545,545,550,550,0
2022-09-27 11:08:00,545,545,550,550,0
2022-09-27 11:09:00,545,545,550,550,0
2022-09-27 11:10:00,545,545,550,550,0
2022-09-27 11:11:00,545,545,550,550,0
2022-09-27 11:12:00,545,545,550,550,0
2022-09-27 11:13:00,545,545,550,550,0
2022-09-27 11:14:00,545,545,550,550,0
2022-09-27 11:15:00,545,545,550,550,0
2022-09-27 11:16:00,545,545,550,550,0
2022-09-27 11:17:00,545,545,550,550,0
2022-09-27 11:18:00,545,545,550,550,0
2022-09-27 11:19:00,550,550,550,550,300
2022-09-27 11:20:00,550,550,550,550,0
2022-09-27 11:21:00,550,550,550,550,0
2022-09-27 11:22:00,550,550,550,550,0
2022-09-27 11:23:00,550,550,550,550,0
2022-09-27 11:24:00,550,550,550,550,0
2022-09-27 11:25:00,550,550,550,550,0
2022-09-27 11:26:00,545,545,545,545,200
2022-09-27 11:27:00,550,550,550,550,300
2022-09-27 11:28:00,550,550,550,550,400
2022-09-27 11:29:00,550,550,550,550,200
2022-09-27 11:30:00,550,550,550,550,0
2022-09-27 11:31:00,550,550,550,550,0
2022-09-27 11:32:00,550,550,550,550,0
2022-09-27 11:33:00,550,550,550,550,0
2022-09-27 11:34:00,550,550,550,550,0
2022-09-27 11:35:00,550,550,550,550,0
2022-09-27 11:36:00,550,550,550,550,0
2022-09-27 11:37:00,550,550,550,550,0
2022-09-27 11:38:00,550,550,550,550,0
2022-09-27 11:39:00,550,550,550,550,0
2022-09-27 11:40:00,550,550,550,550,0
2022-09-27 11:41:00,550,550,550,550,0
2022-09-27 11:42:00,550,550,550,550,0
2022-09-27 11:43:00,550,550,550,550,0
2022-09-27 11:44:00,550,550,550,550,0
2022-09-27 11:45:00,550,550,550,550,0
2022-09-27 11:46:00,550,550,550,550,0
2022-09-27 11:47:00,550,550,550,550,0
2022-09-27 11:48:00,550,550,550,550,0
2022-09-27 11:49:00,550,550,550,550,0
2022-09-27 11:50:00,550,550,550,550,0
2022-09-27 11:51:00,550,550,550,550,0
2022-09-27 11:52:00,550,550,550,550,0
2022-09-27 11:53:00,550,550,550,550,0
2022-09-27 11:54:00,550,550,550,550,0
2022-09-27 11:55:00,550,550,550,550,0
2022-09-27 11:56:00,550,550,550,550,0
2022-09-27 11:57:00,550,550,550,550,0
2022-09-27 11:58:00,550,550,550,550,0
2022-09-27 11:59:00,550,550,550,550,0
2022-09-27 12:00:00,550,550,550,550,0
2022-09-27 12:01:00,550,550,550,550,0
2022-09-27 12:02:00,550,550,550,550,0
2022-09-27 12:03:00,550,550,550,550,0
2022-09-27 12:04:00,550,550,550,550,0
2022-09-27 12:05:00,550,550,550,550,0
2022-09-27 12:06:00,550,550,550,550,0
2022-09-27 12:07:00,550,550,550,550,0
2022-09-27 12:08:00,550,550,550,550,0
2022-09-27 12:09:00,550,550,550,550,0
2022-09-27 12:10:00,550,550,550,550,0
2022-09-27 12:11:00,550,550,550,550,0
2022-09-27 12:12:00,550,550,550,550,0
2022-09-27 12:13:00,550,550,550,550,0
2022-09-27 12:14:00,550,550,550,550,0
2022-09-27 12:15:00,550,550,550,550,0
2022-09-27 12:16:00,550,550,550,550,0
2022-09-27 12:17:00,550,550,550,550,0
2022-09-27 12:18:00,550,550,550,550,0
2022-09-27 12:19:00,550,550,550,550,0
2022-09-27 12:20:00,550,550,550,550,0
2022-09-27 12:21:00,550,550,550,550,0
2022-09-27 12:22:00,550,550,550,550,0
2022-09-27 12:23:00,550,550,550,550,0
2022-09-27 12:24:00,550,550,550,550,0
2022-09-27 12:25:00,550,550,550,550,0
2022-09-27 12:26:00,550,550,550,550,0
2022-09-27 12:27:00,550,550,550,550,0
2022-09-27 12:28:00,550,550,550,550,0
2022-09-27 12:29:00,550,550,550,550,0
2022-09-27 12:30:00,550,550,550,550,0
2022-09-27 12:31:00,550,550,550,550,0
2022-09-27 12:32:00,550,550,550,550,0
2022-09-27 12:33:00,550,550,550,550,0
2022-09-27 12:34:00,550,550,550,550,0
2022-09-27 12:35:00,550,550,550,550,0
2022-09-27 12:36:00,550,550,550,550,0
2022-09-27 12:37:00,550,550,550,550,0
2022-09-27 12:38:00,550,550,550,550,0
2022-09-27 12:39:00,550,550,550,550,0
2022-09-27 12:40:00,550,550,550,550,0
2022-09-27 12:41:00,550,550,550,550,0
2022-09-27 12:42:00,550,550,550,550,0
2022-09-27 12:43:00,550,550,550,550,0
2022-09-27 12:44:00,550,550,550,550,0
2022-09-27 12:45:00,550,550,550,550,0
2022-09-27 12:46:00,550,550,550,550,0
2022-09-27 12:47:00,550,550,550,550,0
2022-09-27 12:48:00,550,550,550,550,0
2022-09-27 12:49:00,550,550,550,550,0
2022-09-27 12:50:00,550,550,550,550,0
2022-09-27 12:51:00,550,550,550,550,0
2022-09-27 12:52:00,550,550,550,550,0
2022-09-27 12:53:00,550,550,550,550,0
2022-09-27 12:54:00,550,550,550,550,0
2022-09-27 12:55:00,550,550,550,550,0
2022-09-27 12:56:00,550,550,550,550,0
2022-09-27 12:57:00,550,550,550,550,0
2022-09-27 12:58:00,550,550,550,550,0
2022-09-27 12:59:00,550,550,550,550,0
2022-09-27 13:00:00,550,550,550,550,0
2022-09-27 13:01:00,550,550,550,550,0
2022-09-27 13:02:00,550,550,550,550,0
2022-09-27 13:03:00,550,550,550,550,0
2022-09-27 13:04:00,550,550,550,550,0
2022-09-27 13:05:00,550,550,550,550,0
2022-09-27 13:06:00,550,550,550,550,0
2022-09-27 13:07:00,550,550,550,550,0
2022-09-27 13:08:00,550,550,550,550,0
2022-09-27 13:09:00,550,550,550,550,0
2022-09-27 13:10:00,550,550,550,550,0
2022-09-27 13:11:00,550,550,550,550,0
2022-09-27 13:12:00,550,550,550,550,0
2022-09-27 13:13:00,550,550,550,550,0
2022-09-27 13:14:00,550,550,550,550,0
2022-09-27 13:15:00,550,550,550,550,0
2022-09-27 13:16:00,550,550,550,550,0
2022-09-27 13:17:00,550,550,550,550,0
2022-09-27 13:18:00,550,550,550,550,0
2022-09-27 13:19:00,550,550,550,550,0
2022-09-27 13:20:00,550,550,550,550,0
2022-09-27 13:21:00,550,550,550,550,0
2022-09-27 13:22:00,550,550,550,550,0
2022-09-27 13:23:00,550,550,550,550,0
2022-09-27 13:24:00,550,550,550,550,0
2022-09-27 13:25:00,550,550,550,550,0
2022-09-27 13:26:00,550,550,550,550,0
2022-09-27 13:27:00,550,550,550,550,0
2022-09-27 13:28:00,550,550,550,550,0
2022-09-27 13:29:00,550,550,550,550,0
2022-09-27 13:30:00,550,550,550,550,0
2022-09-27 13:31:00,550,550,550,550,0
2022-09-27 13:32:00,550,550,550,550,0
2022-09-27 13:33:00,550,550,550,550,0
2022-09-27 13:34:00,550,550,550,550,0
2022-09-27 13:35:00,550,550,550,550,0
2022-09-27 13:36:00,550,550,550,550,0
2022-09-27 13:37:00,550,550,550,550,0
2022-09-27 13:38:00,550,550,550,550,0
2022-09-27 13:39:00,550,550,550,550,0
2022-09-27 13:40:00,550,550,550,550,0
2022-09-27 13:41:00,550,550,550,550,0
2022-09-27 13:42:00,550,550,550,550,0
2022-09-27 13:43:00,550,550,550,550,0
2022-09-27 13:44:00,550,550,550,550,0
2022-09-27 13:45:00,550,550,550,550,0
2022-09-27 13:46:00,550,550,550,550,0
2022-09-27 13:47:00,550,550,550,550,0
2022-09-27 13:48:00,550,550,550,550,0
2022-09-27 13:49:00,550,550,550,550,0
2022-09-27 13:50:00,550,550,550,550,0
2022-09-27 13:51:00,550,550,550,550,0
2022-09-27 13:52:00,550,550,550,550,0
2022-09-27 13:53:00,550,550,550,550,0
2022-09-27 13:54:00,550,550,550,550,0
2022-09-27 13:55:00,550,550,550,550,0
2022-09-27 13:56:00,550,550,550,550,0
2022-09-27 13:57:00,550,550,550,550,0
2022-09-27 13:58:00,550,550,550,550,0
2022-09-27 13:59:00,550,550,550,550,0
2022-09-27 14:00:00,550,550,550,550,0
2022-09-27 14:01:00,545,545,550,550,5400
2022-09-27 14:02:00,545,545,550,550,3100
2022-09-27 14:03:00,550,550,550,550,1000
2022-09-27 14:04:00,550,550,550,550,0
2022-09-27 14:05:00,550,550,550,550,0
2022-09-27 14:06:00,550,550,550,550,0
2022-09-27 14:07:00,550,550,550,550,0
2022-09-27 14:08:00,550,550,550,550,0
2022-09-27 14:09:00,550,550,550,550,0
2022-09-27 14:10:00,550,550,550,550,0
2022-09-27 14:11:00,550,550,550,550,0
2022-09-27 14:12:00,550,550,550,550,0
2022-09-27 14:13:00,550,550,550,550,0
2022-09-27 14:14:00,550,550,550,550,0
2022-09-27 14:15:00,550,550,550,550,0
2022-09-27 14:16:00,550,550,550,550,0
2022-09-27 14:17:00,550,550,550,550,0
2022-09-27 14:18:00,550,550,550,550,0
2022-09-27 14:19:00,550,550,550,550,0
2022-09-27 14:20:00,550,550,550,550,0
2022-09-27 14:21:00,550,550,550,550,0
2022-09-27 14:22:00,550,550,550,550,0
2022-09-27 14:23:00,550,550,550,550,0
2022-09-27 14:24:00,550,550,550,550,0
2022-09-27 14:25:00,550,550,550,550,1400
2022-09-27 14:26:00,550,550,550,550,0
2022-09-27 14:27:00,550,550,550,550,0
2022-09-27 14:28:00,550,550,550,550,100
2022-09-27 14:29:00,550,550,550,550,0
2022-09-27 14:30:00,550,550,550,550,0
2022-09-27 14:31:00,550,550,550,550,0
2022-09-27 14:32:00,550,550,550,550,0
2022-09-27 14:33:00,550,550,550,550,0
2022-09-27 14:34:00,550,550,550,550,0
2022-09-27 14:35:00,550,550,550,550,600
2022-09-27 14:36:00,550,550,550,550,0
2022-09-27 14:37:00,550,550,550,550,0
2022-09-27 14:38:00,550,550,550,550,0
2022-09-27 14:39:00,550,550,550,550,0
2022-09-27 14:40:00,550,550,550,550,600
2022-09-27 14:41:00,550,550,550,550,0
2022-09-27 14:42:00,545,545,545,545,700
2022-09-27 14:43:00,550,550,550,550,600
2022-09-27 14:44:00,550,550,550,550,0
2022-09-27 14:45:00,550,550,550,550,0
2022-09-27 14:46:00,550,550,550,550,500
2022-09-27 14:47:00,550,550,550,550,0
2022-09-27 14:48:00,550,550,550,550,600
2022-09-27 14:49:00,550,550,550,550,1300
2022-09-27 14:50:00,550,550,550,550,0
2022-09-27 14:51:00,550,550,550,550,0
2022-09-27 14:52:00,550,550,550,550,0
2022-09-27 14:53:00,550,550,550,550,0
2022-09-27 14:54:00,550,550,550,550,0
2022-09-27 14:55:00,550,550,550,550,0
2022-09-27 14:56:00,550,550,550,550,0
2022-09-27 14:57:00,550,550,550,550,0
2022-09-27 14:58:00,550,550,550,550,0
2022-09-27 14:59:00,550,550,550,550,0
2022-09-27 15:00:00,550,550,550,550,0
2022-09-27 15:01:00,550,550,550,550,0
2022-09-27 15:02:00,550,550,550,550,0
2022-09-27 15:03:00,550,550,550,550,0
2022-09-27 15:04:00,550,550,550,550,0
2022-09-27 15:05:00,550,550,550,550,0
2022-09-27 15:06:00,550,550,550,550,0
2022-09-27 15:07:00,550,550,550,550,0
2022-09-27 15:08:00,550,550,550,550,0
2022-09-27 15:09:00,550,550,550,550,0
2022-09-27 15:10:00,550,550,550,550,0
2022-09-27 15:11:00,550,550,550,550,0
2022-09-27 15:12:00,550,550,550,550,0
2022-09-27 15:13:00,550,550,550,550,0
2022-09-27 15:14:00,550,550,550,550,0
2022-09-27 15:15:00,550,550,550,550,0
2022-09-27 15:16:00,550,550,550,550,0
2022-09-27 15:17:00,550,550,550,550,0
2022-09-27 15:18:00,550,550,550,550,0
2022-09-27 15:19:00,550,550,550,550,0
2022-09-27 15:20:00,550,550,550,550,0
2022-09-27 15:21:00,550,550,550,550,0
2022-09-27 15:22:00,550,550,550,550,0
2022-09-27 15:23:00,550,550,550,550,0
2022-09-27 15:24:00,550,550,550,550,0
2022-09-27 15:25:00,550,550,550,550,0
2022-09-27 15:26:00,550,550,550,550,0
2022-09-27 15:27:00,550,550,550,550,0
2022-09-27 15:28:00,550,550,550,550,0
2022-09-27 15:29:00,550,550,550,550,0
2022-09-27 15:30:00,550,550,550,550,0
2022-09-27 15:31:00,550,550,550,550,0
2022-09-27 15:32:00,550,550,550,550,0
2022-09-27 15:33:00,550,550,550,550,0
2022-09-27 15:34:00,550,550,550,550,0
2022-09-27 15:35:00,550,550,550,550,0
2022-09-27 15:36:00,550,550,550,550,0
2022-09-27 15:37:00,550,550,550,550,0
2022-09-27 15:38:00,550,550,550,550,0
2022-09-27 15:39:00,550,550,550,550,0
2022-09-27 15:40:00,550,550,550,550,0
2022-09-27 15:41:00,550,550,550,550,0
2022-09-27 15:42:00,550,550,550,550,0
2022-09-27 15:43:00,550,550,550,550,0
2022-09-27 15:44:00,550,550,550,550,0
2022-09-27 15:45:00,550,550,550,550,0
2022-09-27 15:46:00,550,550,550,550,0
2022-09-27 15:47:00,550,550,550,550,0
2022-09-27 15:48:00,550,550,550,550,0
2022-09-27 15:49:00,550,550,550,550,0
2022-09-27 15:50:00,550,550,550,550,0
2022-09-27 15:51:00,550,550,550,550,0
2022-09-27 15:52:00,550,550,550,550,0
2022-09-27 15:53:00,550,550,550,550,0
2022-09-27 15:54:00,550,550,550,550,0
2022-09-27 15:55:00,550,550,550,550,0
2022-09-27 15:56:00,550,550,550,550,0
2022-09-27 15:57:00,550,550,550,550,0
2022-09-27 15:58:00,550,550,550,550,0
2022-09-27 15:59:00,550,550,550,550,0
2022-09-28 09:00:00,550,550,550,550,0
2022-09-28 09:01:00,550,550,550,550,0
2022-09-28 09:02:00,550,550,550,550,600
2022-09-28 09:03:00,550,550,550,550,300
2022-09-28 09:04:00,550,550,550,550,0
2022-09-28 09:05:00,550,550,550,550,0
2022-09-28 09:06:00,550,550,550,550,0
2022-09-28 09:07:00,550,550,550,550,0
2022-09-28 09:08:00,550,550,550,550,0
2022-09-28 09:09:00,545,540,545,540,45400
2022-09-28 09:10:00,550,550,550,550,0
2022-09-28 09:11:00,550,550,550,550,0
2022-09-28 09:12:00,545,545,545,545,1900
2022-09-28 09:13:00,545,545,545,545,0
2022-09-28 09:14:00,545,545,545,545,0
2022-09-28 09:15:00,545,545,550,550,5900
2022-09-28 09:16:00,545,545,550,550,0
2022-09-28 09:17:00,545,545,550,550,0
2022-09-28 09:18:00,545,545,550,545,1100
2022-09-28 09:19:00,550,550,550,550,0
2022-09-28 09:20:00,550,550,550,550,0
2022-09-28 09:21:00,550,550,550,550,0
2022-09-28 09:22:00,550,550,550,550,0
2022-09-28 09:23:00,550,550,550,550,0
2022-09-28 09:24:00,550,550,550,550,0
2022-09-28 09:25:00,550,550,550,550,0
2022-09-28 09:26:00,550,550,550,550,0
2022-09-28 09:27:00,550,550,550,550,0
2022-09-28 09:28:00,550,550,550,550,0
2022-09-28 09:29:00,545,540,545,540,9500
2022-09-28 09:30:00,550,550,550,550,0
2022-09-28 09:31:00,550,550,550,550,0
2022-09-28 09:32:00,550,550,550,550,0
2022-09-28 09:33:00,550,550,550,550,0
2022-09-28 09:34:00,550,550,550,550,0
2022-09-28 09:35:00,550,550,550,550,0
2022-09-28 09:36:00,550,550,550,550,0
2022-09-28 09:37:00,545,545,545,545,500
2022-09-28 09:38:00,545,545,545,545,0
2022-09-28 09:39:00,545,545,545,545,0
2022-09-28 09:40:00,545,545,545,545,0
2022-09-28 09:41:00,545,545,545,545,0
2022-09-28 09:42:00,545,545,545,545,0
2022-09-28 09:43:00,545,545,545,545,0
2022-09-28 09:44:00,545,545,545,545,0
2022-09-28 09:45:00,545,545,545,545,0
2022-09-28 09:46:00,545,545,545,545,0
2022-09-28 09:47:00,545,545,545,545,0
2022-09-28 09:48:00,545,545,545,545,0
2022-09-28 09:49:00,545,545,545,545,0
2022-09-28 09:50:00,545,545,545,545,0
2022-09-28 09:51:00,545,545,545,545,0
2022-09-28 09:52:00,545,545,550,550,40000
2022-09-28 09:53:00,545,545,550,550,0
2022-09-28 09:54:00,545,545,550,550,0
2022-09-28 09:55:00,545,545,550,550,0
2022-09-28 09:56:00,545,545,550,550,0
2022-09-28 09:57:00,545,545,550,550,0
2022-09-28 09:58:00,545,545,550,550,0
2022-09-28 09:59:00,545,545,550,550,0
2022-09-28 10:00:00,545,545,550,550,0
2022-09-28 10:01:00,545,545,550,550,0
2022-09-28 10:02:00,545,545,550,550,0
2022-09-28 10:03:00,545,545,550,550,0
2022-09-28 10:04:00,545,545,550,550,0
2022-09-28 10:05:00,545,545,550,550,0
2022-09-28 10:06:00,545,545,550,550,0
2022-09-28 10:07:00,545,545,550,550,0
2022-09-28 10:08:00,545,545,550,550,0
2022-09-28 10:09:00,545,545,550,550,0
2022-09-28 10:10:00,545,545,550,550,0
2022-09-28 10:11:00,545,545,550,550,0
2022-09-28 10:12:00,545,545,550,550,0
2022-09-28 10:13:00,545,545,550,550,0
2022-09-28 10:14:00,545,545,550,550,0
2022-09-28 10:15:00,545,545,550,550,0
2022-09-28 10:16:00,545,545,550,550,0
2022-09-28 10:17:00,545,545,550,550,0
2022-09-28 10:18:00,545,545,550,550,0
2022-09-28 10:19:00,545,545,550,550,0
2022-09-28 10:20:00,545,545,550,550,0
2022-09-28 10:21:00,545,545,550,550,0
2022-09-28 10:22:00,545,545,550,550,0
2022-09-28 10:23:00,545,545,550,550,0
2022-09-28 10:24:00,545,545,550,550,0
2022-09-28 10:25:00,545,545,550,550,0
2022-09-28 10:26:00,545,545,550,550,0
2022-09-28 10:27:00,545,545,550,550,0
2022-09-28 10:28:00,545,545,550,550,0
2022-09-28 10:29:00,545,545,550,550,0
2022-09-28 10:30:00,545,545,550,550,0
2022-09-28 10:31:00,545,545,550,550,0
2022-09-28 10:32:00,545,545,550,550,0
2022-09-28 10:33:00,545,545,550,550,0
2022-09-28 10:34:00,545,545,550,550,0
2022-09-28 10:35:00,545,545,550,550,0
2022-09-28 10:36:00,545,545,550,550,0
2022-09-28 10:37:00,550,550,550,550,100
2022-09-28 10:38:00,550,550,550,550,0
2022-09-28 10:39:00,550,550,550,550,0
2022-09-28 10:40:00,550,550,550,550,0
2022-09-28 10:41:00,550,550,550,550,0
2022-09-28 10:42:00,550,550,550,550,0
2022-09-28 10:43:00,550,550,550,550,0
2022-09-28 10:44:00,550,550,550,550,0
2022-09-28 10:45:00,550,550,550,550,0
2022-09-28 10:46:00,550,550,550,550,0
2022-09-28 10:47:00,550,550,550,550,0
2022-09-28 10:48:00,550,550,550,550,0
2022-09-28 10:49:00,550,550,550,550,0
2022-09-28 10:50:00,550,550,550,550,0
2022-09-28 10:51:00,550,550,550,550,0
2022-09-28 10:52:00,550,550,550,550,0
2022-09-28 10:53:00,550,550,550,550,0
2022-09-28 10:54:00,550,550,550,550,0
2022-09-28 10:55:00,550,550,550,550,0
2022-09-28 10:56:00,550,550,550,550,0
2022-09-28 10:57:00,550,550,550,550,0
2022-09-28 10:58:00,550,550,550,550,0
2022-09-28 10:59:00,550,550,550,550,0
2022-09-28 11:00:00,550,550,550,550,0
2022-09-28 11:01:00,550,550,550,550,0
2022-09-28 11:02:00,550,550,550,550,600
2022-09-28 11:03:00,550,550,550,550,0
2022-09-28 11:04:00,550,550,550,550,0
2022-09-28 11:05:00,550,550,550,550,0
2022-09-28 11:06:00,550,550,550,550,0
2022-09-28 11:07:00,550,550,550,550,0
2022-09-28 11:08:00,545,545,545,545,19200
2022-09-28 11:09:00,545,545,545,545,0
2022-09-28 11:10:00,545,545,545,545,600
2022-09-28 11:11:00,545,545,545,545,0
2022-09-28 11:12:00,545,545,545,545,0
2022-09-28 11:13:00,545,545,545,545,0
2022-09-28 11:14:00,545,545,545,545,0
2022-09-28 11:15:00,545,545,545,545,0
2022-09-28 11:16:00,545,545,545,545,0
2022-09-28 11:17:00,545,545,545,545,0
2022-09-28 11:18:00,545,545,545,545,0
2022-09-28 11:19:00,545,545,545,545,0
2022-09-28 11:20:00,545,545,545,545,0
2022-09-28 11:21:00,545,545,545,545,0
2022-09-28 11:22:00,545,545,545,545,0
2022-09-28 11:23:00,545,545,545,545,0
2022-09-28 11:24:00,545,545,545,545,0
2022-09-28 11:25:00,545,545,545,545,0
2022-09-28 11:26:00,545,545,545,545,0
2022-09-28 11:27:00,545,545,545,545,0
2022-09-28 11:28:00,545,545,545,545,0
2022-09-28 11:29:00,545,545,545,545,0
2022-09-28 11:30:00,545,545,545,545,0
2022-09-28 11:31:00,545,545,545,545,0
2022-09-28 11:32:00,545,545,545,545,0
2022-09-28 11:33:00,545,545,545,545,0
2022-09-28 11:34:00,545,545,545,545,0
2022-09-28 11:35:00,545,545,545,545,0
2022-09-28 11:36:00,545,545,545,545,0
2022-09-28 11:37:00,545,545,545,545,0
2022-09-28 11:38:00,545,545,545,545,0
2022-09-28 11:39:00,545,545,545,545,0
2022-09-28 11:40:00,545,545,545,545,0
2022-09-28 11:41:00,545,545,545,545,0
2022-09-28 11:42:00,545,545,545,545,0
2022-09-28 11:43:00,545,545,545,545,0
2022-09-28 11:44:00,545,545,545,545,0
2022-09-28 11:45:00,545,545,545,545,0
2022-09-28 11:46:00,545,545,545,545,0
2022-09-28 11:47:00,545,545,545,545,0
2022-09-28 11:48:00,545,545,545,545,0
2022-09-28 11:49:00,545,545,545,545,0
2022-09-28 11:50:00,545,545,545,545,0
2022-09-28 11:51:00,545,545,545,545,0
2022-09-28 11:52:00,545,545,545,545,0
2022-09-28 11:53:00,545,545,545,545,0
2022-09-28 11:54:00,545,545,545,545,0
2022-09-28 11:55:00,545,545,545,545,0
2022-09-28 11:56:00,545,545,545,545,0
2022-09-28 11:57:00,545,545,545,545,0
2022-09-28 11:58:00,545,545,545,545,0
2022-09-28 11:59:00,545,545,545,545,0
2022-09-28 12:00:00,545,545,545,545,0
2022-09-28 12:01:00,545,545,545,545,0
2022-09-28 12:02:00,545,545,545,545,0
2022-09-28 12:03:00,545,545,545,545,0
2022-09-28 12:04:00,545,545,545,545,0
2022-09-28 12:05:00,545,545,545,545,0
2022-09-28 12:06:00,545,545,545,545,0
2022-09-28 12:07:00,545,545,545,545,0
2022-09-28 12:08:00,545,545,545,545,0
2022-09-28 12:09:00,545,545,545,545,0
2022-09-28 12:10:00,545,545,545,545,0
2022-09-28 12:11:00,545,545,545,545,0
2022-09-28 12:12:00,545,545,545,545,0
2022-09-28 12:13:00,545,545,545,545,0
2022-09-28 12:14:00,545,545,545,545,0
2022-09-28 12:15:00,545,545,545,545,0
2022-09-28 12:16:00,545,545,545,545,0
2022-09-28 12:17:00,545,545,545,545,0
2022-09-28 12:18:00,545,545,545,545,0
2022-09-28 12:19:00,545,545,545,545,0
2022-09-28 12:20:00,545,545,545,545,0
2022-09-28 12:21:00,545,545,545,545,0
2022-09-28 12:22:00,545,545,545,545,0
2022-09-28 12:23:00,545,545,545,545,0
2022-09-28 12:24:00,545,545,545,545,0
2022-09-28 12:25:00,545,545,545,545,0
2022-09-28 12:26:00,545,545,545,545,0
2022-09-28 12:27:00,545,545,545,545,0
2022-09-28 12:28:00,545,545,545,545,0
2022-09-28 12:29:00,545,545,545,545,0
2022-09-28 12:30:00,545,545,545,545,0
2022-09-28 12:31:00,545,545,545,545,0
2022-09-28 12:32:00,545,545,545,545,0
2022-09-28 12:33:00,545,545,545,545,0
2022-09-28 12:34:00,545,545,545,545,0
2022-09-28 12:35:00,545,545,545,545,0
2022-09-28 12:36:00,545,545,545,545,0
2022-09-28 12:37:00,545,545,545,545,0
2022-09-28 12:38:00,545,545,545,545,0
2022-09-28 12:39:00,545,545,545,545,0
2022-09-28 12:40:00,545,545,545,545,0
2022-09-28 12:41:00,545,545,545,545,0
2022-09-28 12:42:00,545,545,545,545,0
2022-09-28 12:43:00,545,545,545,545,0
2022-09-28 12:44:00,545,545,545,545,0
2022-09-28 12:45:00,545,545,545,545,0
2022-09-28 12:46:00,545,545,545,545,0
2022-09-28 12:47:00,545,545,545,545,0
2022-09-28 12:48:00,545,545,545,545,0
2022-09-28 12:49:00,545,545,545,545,0
2022-09-28 12:50:00,545,545,545,545,0
2022-09-28 12:51:00,545,545,545,545,0
2022-09-28 12:52:00,545,545,545,545,0
2022-09-28 12:53:00,545,545,545,545,0
2022-09-28 12:54:00,545,545,545,545,0
2022-09-28 12:55:00,545,545,545,545,0
2022-09-28 12:56:00,545,545,545,545,0
2022-09-28 12:57:00,545,545,545,545,0
2022-09-28 12:58:00,545,545,545,545,0
2022-09-28 12:59:00,545,545,545,545,0
2022-09-28 13:00:00,545,545,545,545,0
2022-09-28 13:01:00,545,545,545,545,0
2022-09-28 13:02:00,545,545,545,545,0
2022-09-28 13:03:00,545,545,545,545,0
2022-09-28 13:04:00,545,545,545,545,0
2022-09-28 13:05:00,545,545,545,545,0
2022-09-28 13:06:00,545,545,545,545,0
2022-09-28 13:07:00,545,545,545,545,0
2022-09-28 13:08:00,545,545,545,545,0
2022-09-28 13:09:00,545,545,545,545,0
2022-09-28 13:10:00,545,545,545,545,0
2022-09-28 13:11:00,545,545,545,545,0
2022-09-28 13:12:00,545,545,545,545,0
2022-09-28 13:13:00,545,545,545,545,0
2022-09-28 13:14:00,545,545,545,545,0
2022-09-28 13:15:00,545,545,545,545,0
2022-09-28 13:16:00,545,545,545,545,0
2022-09-28 13:17:00,545,545,545,545,0
2022-09-28 13:18:00,545,545,545,545,0
2022-09-28 13:19:00,545,545,545,545,0
2022-09-28 13:20:00,545,545,545,545,0
2022-09-28 13:21:00,545,545,545,545,0
2022-09-28 13:22:00,545,545,545,545,0
2022-09-28 13:23:00,545,545,545,545,0
2022-09-28 13:24:00,545,545,545,545,0
2022-09-28 13:25:00,545,545,545,545,0
2022-09-28 13:26:00,545,545,545,545,0
2022-09-28 13:27:00,545,545,545,545,0
2022-09-28 13:28:00,545,545,545,545,0
2022-09-28 13:29:00,545,545,545,545,0
2022-09-28 13:30:00,545,545,545,545,0
2022-09-28 13:31:00,545,545,545,545,0
2022-09-28 13:32:00,545,545,545,545,0
2022-09-28 13:33:00,545,545,545,545,0
2022-09-28 13:34:00,545,545,545,545,0
2022-09-28 13:35:00,545,545,545,545,0
2022-09-28 13:36:00,540,540,545,545,2100
2022-09-28 13:37:00,540,540,545,545,0
2022-09-28 13:38:00,540,540,545,545,0
2022-09-28 13:39:00,540,540,545,545,0
2022-09-28 13:40:00,540,540,545,545,0
2022-09-28 13:41:00,540,540,545,545,0
2022-09-28 13:42:00,545,545,545,545,1400
2022-09-28 13:43:00,540,540,545,545,19700
2022-09-28 13:44:00,540,540,545,545,0
2022-09-28 13:45:00,540,540,545,545,0
2022-09-28 13:46:00,540,540,545,545,0
2022-09-28 13:47:00,540,540,545,545,0
2022-09-28 13:48:00,540,540,540,540,6200
2022-09-28 13:49:00,545,545,545,545,0
2022-09-28 13:50:00,545,545,545,545,0
2022-09-28 13:51:00,545,545,545,545,300
2022-09-28 13:52:00,545,545,545,545,0
2022-09-28 13:53:00,545,545,545,545,0
2022-09-28 13:54:00,545,545,545,545,0
2022-09-28 13:55:00,545,545,545,545,0
2022-09-28 13:56:00,545,545,545,545,0
2022-09-28 13:57:00,545,545,545,545,0
2022-09-28 13:58:00,545,545,545,545,0
2022-09-28 13:59:00,545,545,545,545,0
2022-09-28 14:00:00,545,545,545,545,0
2022-09-28 14:01:00,545,545,545,545,0
2022-09-28 14:02:00,545,545,545,545,0
2022-09-28 14:03:00,545,545,545,545,0
2022-09-28 14:04:00,545,545,545,545,0
2022-09-28 14:05:00,545,545,545,545,0
2022-09-28 14:06:00,545,545,545,545,0
2022-09-28 14:07:00,545,545,545,545,0
2022-09-28 14:08:00,545,545,545,545,0
2022-09-28 14:09:00,545,545,545,545,0
2022-09-28 14:10:00,545,545,545,545,0
2022-09-28 14:11:00,545,545,545,545,0
2022-09-28 14:12:00,545,545,545,545,0
2022-09-28 14:13:00,545,545,545,545,0
2022-09-28 14:14:00,545,545,545,545,0
2022-09-28 14:15:00,545,545,545,545,0
2022-09-28 14:16:00,545,545,545,545,0
2022-09-28 14:17:00,545,545,545,545,0
2022-09-28 14:18:00,545,545,545,545,0
2022-09-28 14:19:00,545,545,545,545,0
2022-09-28 14:20:00,540,540,540,540,800
2022-09-28 14:21:00,545,545,545,545,0
2022-09-28 14:22:00,545,545,545,545,0
2022-09-28 14:23:00,545,545,545,545,0
2022-09-28 14:24:00,545,545,545,545,0
2022-09-28 14:25:00,545,545,545,545,0
2022-09-28 14:26:00,545,545,545,545,0
2022-09-28 14:27:00,540,540,545,545,6700
2022-09-28 14:28:00,540,530,545,540,36000
2022-09-28 14:29:00,540,530,545,540,0
2022-09-28 14:30:00,540,540,545,545,9400
2022-09-28 14:31:00,545,545,545,545,400
2022-09-28 14:32:00,545,545,545,545,0
2022-09-28 14:33:00,540,515,540,540,300100
2022-09-28 14:34:00,535,535,540,535,8800
2022-09-28 14:35:00,535,535,535,535,11800
2022-09-28 14:36:00,535,535,540,540,11700
2022-09-28 14:37:00,540,540,540,540,100
2022-09-28 14:38:00,540,540,540,540,200
2022-09-28 14:39:00,540,540,540,540,0
2022-09-28 14:40:00,540,540,540,540,30000
2022-09-28 14:41:00,540,540,540,540,0
2022-09-28 14:42:00,540,535,540,540,0
2022-09-28 14:43:00,540,535,540,540,0
2022-09-28 14:44:00,540,535,540,540,0
2022-09-28 14:45:00,540,540,540,540,200
2022-09-28 14:46:00,540,540,540,540,0
2022-09-28 14:47:00,540,540,540,540,400
2022-09-28 14:48:00,540,540,540,540,100
2022-09-28 14:49:00,540,540,545,545,81300
2022-09-28 14:50:00,540,540,545,545,0
2022-09-28 14:51:00,540,540,545,545,0
2022-09-28 14:52:00,540,540,545,545,0
2022-09-28 14:53:00,540,540,545,545,0
2022-09-28 14:54:00,540,540,545,545,0
2022-09-28 14:55:00,540,540,545,545,0
2022-09-28 14:56:00,540,540,545,545,0
2022-09-28 14:57:00,540,540,545,545,0
2022-09-28 14:58:00,540,540,545,545,0
2022-09-28 14:59:00,540,540,545,545,0
2022-09-28 15:00:00,545,545,545,545,676300
2022-09-28 15:01:00,545,545,545,545,0
2022-09-28 15:02:00,545,545,545,545,0
2022-09-28 15:03:00,545,545,545,545,0
2022-09-28 15:04:00,545,545,545,545,0
2022-09-28 15:05:00,545,545,545,545,0
2022-09-28 15:06:00,545,545,545,545,0
2022-09-28 15:07:00,545,545,545,545,0
2022-09-28 15:08:00,545,545,545,545,0
2022-09-28 15:09:00,545,545,545,545,0
2022-09-28 15:10:00,545,545,545,545,0
2022-09-28 15:11:00,545,545,545,545,0
2022-09-28 15:12:00,545,545,545,545,0
2022-09-28 15:13:00,545,545,545,545,0
2022-09-28 15:14:00,545,545,545,545,0
2022-09-28 15:15:00,545,545,545,545,0
2022-09-28 15:16:00,545,545,545,545,0
2022-09-28 15:17:00,545,545,545,545,0
2022-09-28 15:18:00,545,545,545,545,0
2022-09-28 15:19:00,545,545,545,545,0
2022-09-28 15:20:00,545,545,545,545,0
2022-09-28 15:21:00,545,545,545,545,0
2022-09-28 15:22:00,545,545,545,545,0
2022-09-28 15:23:00,545,545,545,545,0
2022-09-28 15:24:00,545,545,545,545,0
2022-09-28 15:25:00,545,545,545,545,0
2022-09-28 15:26:00,545,545,545,545,0
2022-09-28 15:27:00,545,545,545,545,0
2022-09-28 15:28:00,545,545,545,545,0
2022-09-28 15:29:00,545,545,545,545,0
2022-09-28 15:30:00,545,545,545,545,0
2022-09-28 15:31:00,545,545,545,545,0
2022-09-28 15:32:00,545,545,545,545,0
2022-09-28 15:33:00,545,545,545,545,0
2022-09-28 15:34:00,545,545,545,545,0
2022-09-28 15:35:00,545,545,545,545,0
2022-09-28 15:36:00,545,545,545,545,0
2022-09-28 15:37:00,545,545,545,545,0
2022-09-28 15:38:00,545,545,545,545,0
2022-09-28 15:39:00,545,545,545,545,0
2022-09-28 15:40:00,545,545,545,545,0
2022-09-28 15:41:00,545,545,545,545,0
2022-09-28 15:42:00,545,545,545,545,0
2022-09-28 15:43:00,545,545,545,545,0
2022-09-28 15:44:00,545,545,545,545,0
2022-09-28 15:45:00,545,545,545,545,0
2022-09-28 15:46:00,545,545,545,545,0
2022-09-28 15:47:00,545,545,545,545,0
2022-09-28 15:48:00,545,545,545,545,0
2022-09-28 15:49:00,545,545,545,545,0
2022-09-28 15:50:00,545,545,545,545,0
2022-09-28 15:51:00,545,545,545,545,0
2022-09-28 15:52:00,545,545,545,545,0
2022-09-28 15:53:00,545,545,545,545,0
2022-09-28 15:54:00,545,545,545,545,0
2022-09-28 15:55:00,545,545,545,545,0
2022-09-28 15:56:00,545,545,545,545,0
2022-09-28 15:57:00,545,545,545,545,0
2022-09-28 15:58:00,545,545,545,545,0
2022-09-28 15:59:00,545,545,545,545,0
2022-09-29 09:00:00,540,540,545,545,0
2022-09-29 09:01:00,540,540,545,545,0
2022-09-29 09:02:00,540,540,545,545,0
2022-09-29 09:03:00,540,540,545,545,0
2022-09-29 09:04:00,545,545,545,545,200
2022-09-29 09:05:00,545,545,545,545,0
2022-09-29 09:06:00,540,540,540,540,600
2022-09-29 09:07:00,540,540,545,545,700
2022-09-29 09:08:00,540,540,545,545,0
2022-09-29 09:09:00,540,540,545,545,0
2022-09-29 09:10:00,545,545,545,545,0
2022-09-29 09:11:00,545,545,545,545,0
2022-09-29 09:12:00,545,545,545,545,0
2022-09-29 09:13:00,545,545,545,545,0
2022-09-29 09:14:00,540,540,540,540,2000
2022-09-29 09:15:00,545,545,545,545,0
2022-09-29 09:16:00,545,545,545,545,0
2022-09-29 09:17:00,545,545,545,545,0
2022-09-29 09:18:00,545,545,545,545,0
2022-09-29 09:19:00,545,545,545,545,0
2022-09-29 09:20:00,545,545,545,545,0
2022-09-29 09:21:00,545,545,545,545,0
2022-09-29 09:22:00,545,545,545,545,0
2022-09-29 09:23:00,545,545,545,545,0
2022-09-29 09:24:00,545,545,545,545,0
2022-09-29 09:25:00,545,545,545,545,0
2022-09-29 09:26:00,545,545,545,545,0
2022-09-29 09:27:00,545,545,545,545,0
2022-09-29 09:28:00,545,545,545,545,0
2022-09-29 09:29:00,545,545,545,545,0
2022-09-29 09:30:00,545,545,545,545,0
2022-09-29 09:31:00,545,545,545,545,0
2022-09-29 09:32:00,545,545,545,545,0
2022-09-29 09:33:00,545,545,545,545,0
2022-09-29 09:34:00,545,545,545,545,0
2022-09-29 09:35:00,545,545,545,545,0
2022-09-29 09:36:00,545,545,545,545,0
2022-09-29 09:37:00,545,545,545,545,0
2022-09-29 09:38:00,545,545,545,545,0
2022-09-29 09:39:00,545,545,545,545,0
2022-09-29 09:40:00,545,545,545,545,300
2022-09-29 09:41:00,545,545,545,545,0
2022-09-29 09:42:00,545,545,545,545,0
2022-09-29 09:43:00,545,545,545,545,0
2022-09-29 09:44:00,545,545,545,545,0
2022-09-29 09:45:00,545,545,545,545,0
2022-09-29 09:46:00,545,545,545,545,0
2022-09-29 09:47:00,545,545,545,545,0
2022-09-29 09:48:00,545,545,545,545,0
2022-09-29 09:49:00,545,545,545,545,0
2022-09-29 09:50:00,545,545,545,545,0
2022-09-29 09:51:00,545,545,545,545,0
2022-09-29 09:52:00,545,545,545,545,0
2022-09-29 09:53:00,545,545,545,545,0
2022-09-29 09:54:00,545,545,545,545,0
2022-09-29 09:55:00,545,545,545,545,0
2022-09-29 09:56:00,545,545,545,545,0
2022-09-29 09:57:00,545,545,545,545,0
2022-09-29 09:58:00,545,545,545,545,0
2022-09-29 09:59:00,545,545,545,545,0
2022-09-29 10:00:00,545,545,545,545,0
2022-09-29 10:01:00,545,545,545,545,500
2022-09-29 10:02:00,545,545,545,545,0
2022-09-29 10:03:00,545,545,545,545,0
2022-09-29 10:04:00,545,545,545,545,0
2022-09-29 10:05:00,545,545,545,545,0
2022-09-29 10:06:00,545,545,545,545,0
2022-09-29 10:07:00,545,545,545,545,0
2022-09-29 10:08:00,545,545,545,545,0
2022-09-29 10:09:00,545,545,545,545,0
2022-09-29 10:10:00,545,545,545,545,0
2022-09-29 10:11:00,545,545,545,545,0
2022-09-29 10:12:00,545,545,545,545,0
2022-09-29 10:13:00,545,545,545,545,0
2022-09-29 10:14:00,545,545,545,545,0
2022-09-29 10:15:00,545,545,545,545,0
2022-09-29 10:16:00,545,545,545,545,0
2022-09-29 10:17:00,545,545,545,545,0
2022-09-29 10:18:00,545,545,545,545,0
2022-09-29 10:19:00,545,545,545,545,0
2022-09-29 10:20:00,545,545,545,545,0
2022-09-29 10:21:00,540,540,540,540,3200
2022-09-29 10:22:00,545,545,545,545,500
2022-09-29 10:23:00,545,545,545,545,0
2022-09-29 10:24:00,545,545,545,545,0
2022-09-29 10:25:00,545,545,545,545,0
2022-09-29 10:26:00,545,545,545,545,0
2022-09-29 10:27:00,545,545,545,545,0
2022-09-29 10:28:00,545,545,545,545,0
2022-09-29 10:29:00,545,545,545,545,0
2022-09-29 10:30:00,545,545,545,545,0
2022-09-29 10:31:00,545,545,545,545,0
2022-09-29 10:32:00,545,545,545,545,0
2022-09-29 10:33:00,545,545,545,545,0
2022-09-29 10:34:00,545,545,545,545,0
2022-09-29 10:35:00,545,545,545,545,0
2022-09-29 10:36:00,545,545,545,545,0
2022-09-29 10:37:00,545,545,545,545,0
2022-09-29 10:38:00,540,540,540,540,3000
2022-09-29 10:39:00,545,545,545,545,0
2022-09-29 10:40:00,545,545,545,545,0
2022-09-29 10:41:00,545,545,545,545,0
2022-09-29 10:42:00,545,545,545,545,0
2022-09-29 10:43:00,545,545,545,545,0
2022-09-29 10:44:00,545,545,545,545,0
2022-09-29 10:45:00,545,545,545,545,0
2022-09-29 10:46:00,545,545,545,545,0
2022-09-29 10:47:00,545,545,545,545,0
2022-09-29 10:48:00,545,545,545,545,0
2022-09-29 10:49:00,545,545,545,545,0
2022-09-29 10:50:00,545,545,545,545,0
2022-09-29 10:51:00,540,530,540,530,62800
2022-09-29 10:52:00,530,530,545,545,12700
2022-09-29 10:53:00,530,530,545,545,0
2022-09-29 10:54:00,530,530,545,545,0
2022-09-29 10:55:00,545,545,545,545,400
2022-09-29 10:56:00,540,540,540,540,2400
2022-09-29 10:57:00,540,540,540,540,0
2022-09-29 10:58:00,540,540,540,540,0
2022-09-29 10:59:00,540,540,540,540,0
2022-09-29 11:00:00,540,540,540,540,0
2022-09-29 11:01:00,540,540,540,540,0
2022-09-29 11:02:00,540,540,540,540,0
2022-09-29 11:03:00,540,540,540,540,0
2022-09-29 11:04:00,540,540,545,545,40000
2022-09-29 11:05:00,545,540,545,540,1700
2022-09-29 11:06:00,545,540,545,540,0
2022-09-29 11:07:00,545,545,545,545,0
2022-09-29 11:08:00,545,545,545,545,0
2022-09-29 11:09:00,545,545,545,545,0
2022-09-29 11:10:00,545,545,545,545,0
2022-09-29 11:11:00,540,540,540,540,1100
2022-09-29 11:12:00,540,540,540,540,0
2022-09-29 11:13:00,540,540,545,545,2600
2022-09-29 11:14:00,540,540,545,545,0
2022-09-29 11:15:00,540,540,545,545,0
2022-09-29 11:16:00,540,540,545,545,0
2022-09-29 11:17:00,545,545,545,545,200
2022-09-29 11:18:00,545,545,545,545,0
2022-09-29 11:19:00,545,545,545,545,0
2022-09-29 11:20:00,545,545,545,545,0
2022-09-29 11:21:00,540,540,540,540,1800
2022-09-29 11:22:00,540,540,545,545,0
2022-09-29 11:23:00,545,545,545,545,0
2022-09-29 11:24:00,545,545,545,545,0
2022-09-29 11:25:00,545,545,545,545,600
2022-09-29 11:26:00,545,545,545,545,0
2022-09-29 11:27:00,545,545,545,545,0
2022-09-29 11:28:00,545,545,545,545,0
2022-09-29 11:29:00,545,545,545,545,500
2022-09-29 11:30:00,545,545,545,545,0
2022-09-29 11:31:00,545,545,545,545,0
2022-09-29 11:32:00,545,545,545,545,0
2022-09-29 11:33:00,545,545,545,545,0
2022-09-29 11:34:00,545,545,545,545,0
2022-09-29 11:35:00,545,545,545,545,0
2022-09-29 11:36:00,545,545,545,545,0
2022-09-29 11:37:00,545,545,545,545,0
2022-09-29 11:38:00,545,545,545,545,0
2022-09-29 11:39:00,545,545,545,545,0
2022-09-29 11:40:00,545,545,545,545,0
2022-09-29 11:41:00,545,545,545,545,0
2022-09-29 11:42:00,545,545,545,545,0
2022-09-29 11:43:00,545,545,545,545,0
2022-09-29 11:44:00,545,545,545,545,0
2022-09-29 11:45:00,545,545,545,545,0
2022-09-29 11:46:00,545,545,545,545,0
2022-09-29 11:47:00,545,545,545,545,0
2022-09-29 11:48:00,545,545,545,545,0
2022-09-29 11:49:00,545,545,545,545,0
2022-09-29 11:50:00,545,545,545,545,0
2022-09-29 11:51:00,545,545,545,545,0
2022-09-29 11:52:00,545,545,545,545,0
2022-09-29 11:53:00,545,545,545,545,0
2022-09-29 11:54:00,545,545,545,545,0
2022-09-29 11:55:00,545,545,545,545,0
2022-09-29 11:56:00,545,545,545,545,0
2022-09-29 11:57:00,545,545,545,545,0
2022-09-29 11:58:00,545,545,545,545,0
2022-09-29 11:59:00,545,545,545,545,0
2022-09-29 12:00:00,545,545,545,545,0
2022-09-29 12:01:00,545,545,545,545,0
2022-09-29 12:02:00,545,545,545,545,0
2022-09-29 12:03:00,545,545,545,545,0
2022-09-29 12:04:00,545,545,545,545,0
2022-09-29 12:05:00,545,545,545,545,0
2022-09-29 12:06:00,545,545,545,545,0
2022-09-29 12:07:00,545,545,545,545,0
2022-09-29 12:08:00,545,545,545,545,0
2022-09-29 12:09:00,545,545,545,545,0
2022-09-29 12:10:00,545,545,545,545,0
2022-09-29 12:11:00,545,545,545,545,0
2022-09-29 12:12:00,545,545,545,545,0
2022-09-29 12:13:00,545,545,545,545,0
2022-09-29 12:14:00,545,545,545,545,0
2022-09-29 12:15:00,545,545,545,545,0
2022-09-29 12:16:00,545,545,545,545,0
2022-09-29 12:17:00,545,545,545,545,0
2022-09-29 12:18:00,545,545,545,545,0
2022-09-29 12:19:00,545,545,545,545,0
2022-09-29 12:20:00,545,545,545,545,0
2022-09-29 12:21:00,545,545,545,545,0
2022-09-29 12:22:00,545,545,545,545,0
2022-09-29 12:23:00,545,545,545,545,0
2022-09-29 12:24:00,545,545,545,545,0
2022-09-29 12:25:00,545,545,545,545,0
2022-09-29 12:26:00,545,545,545,545,0
2022-09-29 12:27:00,545,545,545,545,0
2022-09-29 12:28:00,545,545,545,545,0
2022-09-29 12:29:00,545,545,545,545,0
2022-09-29 12:30:00,545,545,545,545,0
2022-09-29 12:31:00,545,545,545,545,0
2022-09-29 12:32:00,545,545,545,545,0
2022-09-29 12:33:00,545,545,545,545,0
2022-09-29 12:34:00,545,545,545,545,0
2022-09-29 12:35:00,545,545,545,545,0
2022-09-29 12:36:00,545,545,545,545,0
2022-09-29 12:37:00,545,545,545,545,0
2022-09-29 12:38:00,545,545,545,545,0
2022-09-29 12:39:00,545,545,545,545,0
2022-09-29 12:40:00,545,545,545,545,0
2022-09-29 12:41:00,545,545,545,545,0
2022-09-29 12:42:00,545,545,545,545,0
2022-09-29 12:43:00,545,545,545,545,0
2022-09-29 12:44:00,545,545,545,545,0
2022-09-29 12:45:00,545,545,545,545,0
2022-09-29 12:46:00,545,545,545,545,0
2022-09-29 12:47:00,545,545,545,545,0
2022-09-29 12:48:00,545,545,545,545,0
2022-09-29 12:49:00,545,545,545,545,0
2022-09-29 12:50:00,545,545,545,545,0
2022-09-29 12:51:00,545,545,545,545,0
2022-09-29 12:52:00,545,545,545,545,0
2022-09-29 12:53:00,545,545,545,545,0
2022-09-29 12:54:00,545,545,545,545,0
2022-09-29 12:55:00,545,545,545,545,0
2022-09-29 12:56:00,545,545,545,545,0
2022-09-29 12:57:00,545,545,545,545,0
2022-09-29 12:58:00,545,545,545,545,0
2022-09-29 12:59:00,545,545,545,545,0
2022-09-29 13:00:00,545,545,545,545,0
2022-09-29 13:01:00,545,545,545,545,0
2022-09-29 13:02:00,545,545,545,545,0
2022-09-29 13:03:00,545,545,545,545,0
2022-09-29 13:04:00,545,545,545,545,0
2022-09-29 13:05:00,545,545,545,545,0
2022-09-29 13:06:00,545,545,545,545,0
2022-09-29 13:07:00,545,545,545,545,0
2022-09-29 13:08:00,545,545,545,545,0
2022-09-29 13:09:00,545,545,545,545,0
2022-09-29 13:10:00,545,545,545,545,0
2022-09-29 13:11:00,545,545,545,545,0
2022-09-29 13:12:00,545,545,545,545,0
2022-09-29 13:13:00,545,545,545,545,0
2022-09-29 13:14:00,545,545,545,545,0
2022-09-29 13:15:00,545,545,545,545,0
2022-09-29 13:16:00,545,545,545,545,0
2022-09-29 13:17:00,545,545,545,545,0
2022-09-29 13:18:00,545,545,545,545,0
2022-09-29 13:19:00,545,545,545,545,0
2022-09-29 13:20:00,545,545,545,545,0
2022-09-29 13:21:00,545,545,545,545,0
2022-09-29 13:22:00,545,545,545,545,0
2022-09-29 13:23:00,545,545,545,545,0
2022-09-29 13:24:00,545,545,545,545,0
2022-09-29 13:25:00,545,545,545,545,0
2022-09-29 13:26:00,545,545,545,545,0
2022-09-29 13:27:00,545,545,545,545,0
2022-09-29 13:28:00,545,545,545,545,0
2022-09-29 13:29:00,545,545,545,545,0
2022-09-29 13:30:00,545,545,545,545,164200
2022-09-29 13:31:00,545,545,550,550,78400
2022-09-29 13:32:00,550,550,550,550,0
2022-09-29 13:33:00,550,550,550,550,24900
2022-09-29 13:34:00,550,550,550,550,0
2022-09-29 13:35:00,550,550,550,550,200
2022-09-29 13:36:00,550,550,550,550,0
2022-09-29 13:37:00,550,545,550,545,13800
2022-09-29 13:38:00,550,550,550,550,0
2022-09-29 13:39:00,550,550,550,550,2500
2022-09-29 13:40:00,550,550,550,550,0
2022-09-29 13:41:00,550,550,550,550,66900
2022-09-29 13:42:00,555,555,555,555,1600
2022-09-29 13:43:00,555,555,555,555,0
2022-09-29 13:44:00,555,555,555,555,22500
2022-09-29 13:45:00,555,555,555,555,20300
2022-09-29 13:46:00,555,555,555,555,0
2022-09-29 13:47:00,555,555,555,555,300
2022-09-29 13:48:00,555,555,555,555,41600
2022-09-29 13:49:00,555,555,555,555,19100
2022-09-29 13:50:00,555,555,555,555,17800
2022-09-29 13:51:00,555,555,555,555,0
2022-09-29 13:52:00,555,555,555,555,0
2022-09-29 13:53:00,555,555,555,555,0
2022-09-29 13:54:00,555,555,555,555,8200
2022-09-29 13:55:00,555,555,555,555,0
2022-09-29 13:56:00,555,555,555,555,0
2022-09-29 13:57:00,555,555,555,555,0
2022-09-29 13:58:00,555,555,555,555,0
2022-09-29 13:59:00,555,555,555,555,11700
2022-09-29 14:00:00,555,555,555,555,0
2022-09-29 14:01:00,550,550,555,555,250400
2022-09-29 14:02:00,555,550,555,550,200
2022-09-29 14:03:00,555,555,555,555,500
2022-09-29 14:04:00,555,555,555,555,4700
2022-09-29 14:05:00,555,555,555,555,218100
2022-09-29 14:06:00,555,555,555,555,19900
2022-09-29 14:07:00,555,555,555,555,0
2022-09-29 14:08:00,555,555,555,555,0
2022-09-29 14:09:00,555,555,555,555,2200
2022-09-29 14:10:00,555,555,555,555,23600
2022-09-29 14:11:00,555,555,555,555,2800
2022-09-29 14:12:00,555,555,555,555,0
2022-09-29 14:13:00,555,555,555,555,0
2022-09-29 14:14:00,555,555,555,555,229800
2022-09-29 14:15:00,555,555,555,555,0
2022-09-29 14:16:00,555,555,555,555,0
2022-09-29 14:17:00,555,555,555,555,0
2022-09-29 14:18:00,550,550,555,555,700
2022-09-29 14:19:00,555,555,555,555,55400
2022-09-29 14:20:00,555,555,560,555,44600
2022-09-29 14:21:00,555,555,560,555,0
2022-09-29 14:22:00,560,560,560,560,3800
2022-09-29 14:23:00,560,555,560,555,21500
2022-09-29 14:24:00,560,560,575,575,180400
2022-09-29 14:25:00,575,570,575,575,12300
2022-09-29 14:26:00,575,570,575,570,8200
2022-09-29 14:27:00,570,570,575,570,3500
2022-09-29 14:28:00,575,570,575,570,4400
2022-09-29 14:29:00,565,560,570,570,6400
2022-09-29 14:30:00,570,565,570,570,14700
2022-09-29 14:31:00,570,570,570,570,0
2022-09-29 14:32:00,570,570,570,570,400
2022-09-29 14:33:00,570,570,570,570,600
2022-09-29 14:34:00,570,570,570,570,1200
2022-09-29 14:35:00,570,565,570,570,7800
2022-09-29 14:36:00,565,565,570,570,400
2022-09-29 14:37:00,570,565,570,565,8300
2022-09-29 14:38:00,570,570,570,570,0
2022-09-29 14:39:00,570,570,570,570,17100
2022-09-29 14:40:00,570,570,575,575,35200
2022-09-29 14:41:00,575,575,575,575,0
2022-09-29 14:42:00,575,575,580,580,64100
2022-09-29 14:43:00,585,580,585,585,92200
2022-09-29 14:44:00,590,585,590,590,49300
2022-09-29 14:45:00,590,590,590,590,3500
2022-09-29 14:46:00,590,590,590,590,20100
2022-09-29 14:47:00,595,595,595,595,30100
2022-09-29 14:48:00,595,595,595,595,257600
2022-09-29 14:49:00,595,590,600,595,88600
2022-09-29 14:50:00,595,590,600,595,0
2022-09-29 14:51:00,595,590,600,595,0
2022-09-29 14:52:00,595,590,600,595,0
2022-09-29 14:53:00,595,590,600,595,0
2022-09-29 14:54:00,595,590,600,595,0
2022-09-29 14:55:00,595,590,600,595,0
2022-09-29 14:56:00,595,590,600,595,0
2022-09-29 14:57:00,595,590,600,595,0
2022-09-29 14:58:00,595,590,600,595,0
2022-09-29 14:59:00,595,590,600,595,0
2022-09-29 15:00:00,595,595,595,595,204600
2022-09-29 15:01:00,595,595,595,595,44900
2022-09-29 15:02:00,595,595,595,595,19600
2022-09-29 15:03:00,595,595,595,595,0
2022-09-29 15:04:00,595,595,595,595,5900
2022-09-29 15:05:00,595,595,595,595,0
2022-09-29 15:06:00,595,595,595,595,0
2022-09-29 15:07:00,595,595,595,595,0
2022-09-29 15:08:00,595,595,595,595,0
2022-09-29 15:09:00,595,595,595,595,0
2022-09-29 15:10:00,595,595,595,595,0
2022-09-29 15:11:00,595,595,595,595,0
2022-09-29 15:12:00,595,595,595,595,0
2022-09-29 15:13:00,595,595,595,595,21600
2022-09-29 15:14:00,595,595,595,595,0
2022-09-29 15:15:00,595,595,595,595,0
2022-09-29 15:16:00,595,595,595,595,0
2022-09-29 15:17:00,595,595,595,595,0
2022-09-29 15:18:00,595,595,595,595,0
2022-09-29 15:19:00,595,595,595,595,0
2022-09-29 15:20:00,595,595,595,595,0
2022-09-29 15:21:00,595,595,595,595,0
2022-09-29 15:22:00,595,595,595,595,0
2022-09-29 15:23:00,595,595,595,595,0
2022-09-29 15:24:00,595,595,595,595,0
2022-09-29 15:25:00,595,595,595,595,0
2022-09-29 15:26:00,595,595,595,595,0
2022-09-29 15:27:00,595,595,595,595,0
2022-09-29 15:28:00,595,595,595,595,0
2022-09-29 15:29:00,595,595,595,595,0
2022-09-29 15:30:00,595,595,595,595,0
2022-09-29 15:31:00,595,595,595,595,0
2022-09-29 15:32:00,595,595,595,595,0
2022-09-29 15:33:00,595,595,595,595,0
2022-09-29 15:34:00,595,595,595,595,0
2022-09-29 15:35:00,595,595,595,595,0
2022-09-29 15:36:00,595,595,595,595,0
2022-09-29 15:37:00,595,595,595,595,0
2022-09-29 15:38:00,595,595,595,595,0
2022-09-29 15:39:00,595,595,595,595,0
2022-09-29 15:40:00,595,595,595,595,0
2022-09-29 15:41:00,595,595,595,595,0
2022-09-29 15:42:00,595,595,595,595,0
2022-09-29 15:43:00,595,595,595,595,0
2022-09-29 15:44:00,595,595,595,595,0
2022-09-29 15:45:00,595,595,595,595,0
2022-09-29 15:46:00,595,595,595,595,0
2022-09-29 15:47:00,595,595,595,595,0
2022-09-29 15:48:00,595,595,595,595,0
2022-09-29 15:49:00,595,595,595,595,0
2022-09-29 15:50:00,595,595,595,595,0
2022-09-29 15:51:00,595,595,595,595,0
2022-09-29 15:52:00,595,595,595,595,0
2022-09-29 15:53:00,595,595,595,595,0
2022-09-29 15:54:00,595,595,595,595,0
2022-09-29 15:55:00,595,595,595,595,0
2022-09-29 15:56:00,595,595,595,595,0
2022-09-29 15:57:00,595,595,595,595,0
2022-09-29 15:58:00,595,595,595,595,0
2022-09-29 15:59:00,595,595,595,595,0
2022-09-30 09:00:00,595,590,600,595,203000
2022-09-30 09:01:00,595,595,600,595,21200
2022-09-30 09:02:00,580,565,600,600,88000
2022-09-30 09:03:00,595,595,600,600,9600
2022-09-30 09:04:00,600,595,600,595,65100
2022-09-30 09:05:00,595,575,595,580,86600
2022-09-30 09:06:00,575,575,580,580,8000
2022-09-30 09:07:00,575,565,585,585,43000
2022-09-30 09:08:00,585,580,585,585,0
2022-09-30 09:09:00,580,580,585,585,0
2022-09-30 09:10:00,580,580,580,580,1100
2022-09-30 09:11:00,580,575,585,580,8500
2022-09-30 09:12:00,575,575,580,575,1900
2022-09-30 09:13:00,570,570,585,580,8600
2022-09-30 09:14:00,585,585,585,585,500
2022-09-30 09:15:00,585,580,585,580,3100
2022-09-30 09:16:00,575,555,580,580,40700
2022-09-30 09:17:00,575,575,580,580,700
2022-09-30 09:18:00,575,575,575,575,1600
2022-09-30 09:19:00,575,565,580,565,3500
2022-09-30 09:20:00,565,560,575,565,29300
2022-09-30 09:21:00,565,565,575,565,12800
2022-09-30 09:22:00,565,565,575,565,5900
2022-09-30 09:23:00,570,560,570,570,0
2022-09-30 09:24:00,570,560,570,570,0
2022-09-30 09:25:00,570,570,570,570,5800
2022-09-30 09:26:00,570,570,570,570,0
2022-09-30 09:27:00,570,570,570,570,4100
2022-09-30 09:28:00,570,570,570,570,0
2022-09-30 09:29:00,565,565,570,570,2200
2022-09-30 09:30:00,565,565,570,570,500
2022-09-30 09:31:00,570,570,570,570,2100
2022-09-30 09:32:00,565,565,570,570,5900
2022-09-30 09:33:00,570,570,570,570,0
2022-09-30 09:34:00,570,570,570,570,1400
2022-09-30 09:35:00,570,570,570,570,900
2022-09-30 09:36:00,570,570,570,570,700
2022-09-30 09:37:00,570,570,570,570,900
2022-09-30 09:38:00,570,570,570,570,1800
2022-09-30 09:39:00,570,570,575,570,32500
2022-09-30 09:40:00,570,570,570,570,700
2022-09-30 09:41:00,565,555,570,555,75100
2022-09-30 09:42:00,570,565,570,570,9200
2022-09-30 09:43:00,570,570,570,570,0
2022-09-30 09:44:00,565,560,570,565,7900
2022-09-30 09:45:00,565,565,570,570,6000
2022-09-30 09:46:00,565,565,570,570,0
2022-09-30 09:47:00,565,565,570,570,0
2022-09-30 09:48:00,565,565,570,570,0
2022-09-30 09:49:00,570,570,570,570,15300
2022-09-30 09:50:00,570,570,570,570,0
2022-09-30 09:51:00,570,570,570,570,0
2022-09-30 09:52:00,570,570,570,570,0
2022-09-30 09:53:00,570,570,570,570,0
2022-09-30 09:54:00,570,570,570,570,0
2022-09-30 09:55:00,570,570,570,570,0
2022-09-30 09:56:00,570,570,570,570,1000
2022-09-30 09:57:00,565,565,570,570,400
2022-09-30 09:58:00,565,565,570,570,0
2022-09-30 09:59:00,565,565,570,565,15000
2022-09-30 10:00:00,565,565,570,570,22500
2022-09-30 10:01:00,570,570,575,570,0
2022-09-30 10:02:00,570,570,575,570,0
2022-09-30 10:03:00,570,570,575,570,0
2022-09-30 10:04:00,570,570,575,570,0
2022-09-30 10:05:00,570,570,575,570,0
2022-09-30 10:06:00,570,570,575,570,0
2022-09-30 10:07:00,565,565,570,570,1300
2022-09-30 10:08:00,565,565,570,565,2100
2022-09-30 10:09:00,565,565,570,565,4700
2022-09-30 10:10:00,560,560,560,560,12200
2022-09-30 10:11:00,565,565,565,565,0
2022-09-30 10:12:00,560,560,565,565,2900
2022-09-30 10:13:00,560,555,560,555,72100
2022-09-30 10:14:00,560,555,565,565,19000
2022-09-30 10:15:00,560,560,565,565,400
2022-09-30 10:16:00,565,565,570,565,29200
2022-09-30 10:17:00,560,560,565,565,700
2022-09-30 10:18:00,560,560,565,565,0
2022-09-30 10:19:00,560,560,560,560,400
2022-09-30 10:20:00,565,560,565,565,12400
2022-09-30 10:21:00,565,565,565,565,0
2022-09-30 10:22:00,565,565,565,565,0
2022-09-30 10:23:00,565,565,565,565,0
2022-09-30 10:24:00,565,565,565,565,0
2022-09-30 10:25:00,565,565,565,565,0
2022-09-30 10:26:00,565,565,565,565,19600
2022-09-30 10:27:00,565,565,570,570,0
2022-09-30 10:28:00,565,565,570,570,0
2022-09-30 10:29:00,565,565,570,570,0
2022-09-30 10:30:00,570,570,570,570,0
2022-09-30 10:31:00,570,570,575,570,20000
2022-09-30 10:32:00,575,570,575,570,800
2022-09-30 10:33:00,575,575,575,575,500
2022-09-30 10:34:00,575,575,575,575,0
2022-09-30 10:35:00,570,570,570,570,0
2022-09-30 10:36:00,575,575,575,575,3100
2022-09-30 10:37:00,575,575,575,575,0
2022-09-30 10:38:00,575,575,575,575,0
2022-09-30 10:39:00,570,570,570,570,100
2022-09-30 10:40:00,575,575,575,575,400
2022-09-30 10:41:00,575,575,575,575,0
2022-09-30 10:42:00,575,575,575,575,0
2022-09-30 10:43:00,570,570,570,570,4700
2022-09-30 10:44:00,570,570,570,570,0
2022-09-30 10:45:00,570,570,570,570,0
2022-09-30 10:46:00,570,570,570,570,0
2022-09-30 10:47:00,570,570,570,570,0
2022-09-30 10:48:00,570,570,570,570,0
2022-09-30 10:49:00,565,565,565,565,4600
2022-09-30 10:50:00,565,565,565,565,0
2022-09-30 10:51:00,565,565,565,565,3700
2022-09-30 10:52:00,565,565,575,575,23400
2022-09-30 10:53:00,575,575,575,575,0
2022-09-30 10:54:00,575,575,575,575,900
2022-09-30 10:55:00,570,570,575,575,1100
2022-09-30 10:56:00,570,570,575,575,0
2022-09-30 10:57:00,570,570,575,575,800
2022-09-30 10:58:00,575,575,575,575,1000
2022-09-30 10:59:00,575,575,575,575,900
2022-09-30 11:00:00,575,575,575,575,0
2022-09-30 11:01:00,575,575,575,575,0
2022-09-30 11:02:00,575,575,575,575,0
2022-09-30 11:03:00,575,570,575,570,1900
2022-09-30 11:04:00,575,570,575,570,0
2022-09-30 11:05:00,575,570,575,570,0
2022-09-30 11:06:00,575,570,575,570,0
2022-09-30 11:07:00,575,570,575,570,0
2022-09-30 11:08:00,575,570,575,570,0
2022-09-30 11:09:00,570,570,570,570,600
2022-09-30 11:10:00,570,570,570,570,0
2022-09-30 11:11:00,570,570,570,570,0
2022-09-30 11:12:00,570,570,570,570,0
2022-09-30 11:13:00,570,570,570,570,0
2022-09-30 11:14:00,570,570,570,570,0
2022-09-30 11:15:00,570,570,570,570,0
2022-09-30 11:16:00,570,570,570,570,0
2022-09-30 11:17:00,570,570,570,570,0
2022-09-30 11:18:00,570,570,570,570,0
2022-09-30 11:19:00,570,570,570,570,0
2022-09-30 11:20:00,570,570,570,570,0
2022-09-30 11:21:00,570,570,570,570,0
2022-09-30 11:22:00,570,570,570,570,300
2022-09-30 11:23:00,570,570,570,570,0
2022-09-30 11:24:00,570,570,570,570,0
2022-09-30 11:25:00,570,570,570,570,600
2022-09-30 11:26:00,570,570,570,570,300
2022-09-30 11:27:00,570,570,570,570,100
2022-09-30 11:28:00,570,570,570,570,200
2022-09-30 11:29:00,570,570,570,570,300
2022-09-30 11:30:00,570,570,570,570,0
2022-09-30 11:31:00,570,570,570,570,0
2022-09-30 11:32:00,570,570,570,570,0
2022-09-30 11:33:00,570,570,570,570,0
2022-09-30 11:34:00,570,570,570,570,0
2022-09-30 11:35:00,570,570,570,570,0
2022-09-30 11:36:00,570,570,570,570,0
2022-09-30 11:37:00,570,570,570,570,0
2022-09-30 11:38:00,570,570,570,570,0
2022-09-30 11:39:00,570,570,570,570,0
2022-09-30 11:40:00,570,570,570,570,0
2022-09-30 11:41:00,570,570,570,570,0
2022-09-30 11:42:00,570,570,570,570,0
2022-09-30 11:43:00,570,570,570,570,0
2022-09-30 11:44:00,570,570,570,570,0
2022-09-30 11:45:00,570,570,570,570,0
2022-09-30 11:46:00,570,570,570,570,0
2022-09-30 11:47:00,570,570,570,570,0
2022-09-30 11:48:00,570,570,570,570,0
2022-09-30 11:49:00,570,570,570,570,0
2022-09-30 11:50:00,570,570,570,570,0
2022-09-30 11:51:00,570,570,570,570,0
2022-09-30 11:52:00,570,570,570,570,0
2022-09-30 11:53:00,570,570,570,570,0
2022-09-30 11:54:00,570,570,570,570,0
2022-09-30 11:55:00,570,570,570,570,0
2022-09-30 11:56:00,570,570,570,570,0
2022-09-30 11:57:00,570,570,570,570,0
2022-09-30 11:58:00,570,570,570,570,0
2022-09-30 11:59:00,570,570,570,570,0
2022-09-30 12:00:00,570,570,570,570,0
2022-09-30 12:01:00,570,570,570,570,0
2022-09-30 12:02:00,570,570,570,570,0
2022-09-30 12:03:00,570,570,570,570,0
2022-09-30 12:04:00,570,570,570,570,0
2022-09-30 12:05:00,570,570,570,570,0
2022-09-30 12:06:00,570,570,570,570,0
2022-09-30 12:07:00,570,570,570,570,0
2022-09-30 12:08:00,570,570,570,570,0
2022-09-30 12:09:00,570,570,570,570,0
2022-09-30 12:10:00,570,570,570,570,0
2022-09-30 12:11:00,570,570,570,570,0
2022-09-30 12:12:00,570,570,570,570,0
2022-09-30 12:13:00,570,570,570,570,0
2022-09-30 12:14:00,570,570,570,570,0
2022-09-30 12:15:00,570,570,570,570,0
2022-09-30 12:16:00,570,570,570,570,0
2022-09-30 12:17:00,570,570,570,570,0
2022-09-30 12:18:00,570,570,570,570,0
2022-09-30 12:19:00,570,570,570,570,0
2022-09-30 12:20:00,570,570,570,570,0
2022-09-30 12:21:00,570,570,570,570,0
2022-09-30 12:22:00,570,570,570,570,0
2022-09-30 12:23:00,570,570,570,570,0
2022-09-30 12:24:00,570,570,570,570,0
2022-09-30 12:25:00,570,570,570,570,0
2022-09-30 12:26:00,570,570,570,570,0
2022-09-30 12:27:00,570,570,570,570,0
2022-09-30 12:28:00,570,570,570,570,0
2022-09-30 12:29:00,570,570,570,570,0
2022-09-30 12:30:00,570,570,570,570,0
2022-09-30 12:31:00,570,570,570,570,0
2022-09-30 12:32:00,570,570,570,570,0
2022-09-30 12:33:00,570,570,570,570,0
2022-09-30 12:34:00,570,570,570,570,0
2022-09-30 12:35:00,570,570,570,570,0
2022-09-30 12:36:00,570,570,570,570,0
2022-09-30 12:37:00,570,570,570,570,0
2022-09-30 12:38:00,570,570,570,570,0
2022-09-30 12:39:00,570,570,570,570,0
2022-09-30 12:40:00,570,570,570,570,0
2022-09-30 12:41:00,570,570,570,570,0
2022-09-30 12:42:00,570,570,570,570,0
2022-09-30 12:43:00,570,570,570,570,0
2022-09-30 12:44:00,570,570,570,570,0
2022-09-30 12:45:00,570,570,570,570,0
2022-09-30 12:46:00,570,570,570,570,0
2022-09-30 12:47:00,570,570,570,570,0
2022-09-30 12:48:00,570,570,570,570,0
2022-09-30 12:49:00,570,570,570,570,0
2022-09-30 12:50:00,570,570,570,570,0
2022-09-30 12:51:00,570,570,570,570,0
2022-09-30 12:52:00,570,570,570,570,0
2022-09-30 12:53:00,570,570,570,570,0
2022-09-30 12:54:00,570,570,570,570,0
2022-09-30 12:55:00,570,570,570,570,0
2022-09-30 12:56:00,570,570,570,570,0
2022-09-30 12:57:00,570,570,570,570,0
2022-09-30 12:58:00,570,570,570,570,0
2022-09-30 12:59:00,570,570,570,570,0
2022-09-30 13:00:00,570,570,570,570,0
2022-09-30 13:01:00,570,570,570,570,0
2022-09-30 13:02:00,570,570,570,570,0
2022-09-30 13:03:00,570,570,570,570,0
2022-09-30 13:04:00,570,570,570,570,0
2022-09-30 13:05:00,570,570,570,570,0
2022-09-30 13:06:00,570,570,570,570,0
2022-09-30 13:07:00,570,570,570,570,0
2022-09-30 13:08:00,570,570,570,570,0
2022-09-30 13:09:00,570,570,570,570,0
2022-09-30 13:10:00,570,570,570,570,0
2022-09-30 13:11:00,570,570,570,570,0
2022-09-30 13:12:00,570,570,570,570,0
2022-09-30 13:13:00,570,570,570,570,0
2022-09-30 13:14:00,570,570,570,570,0
2022-09-30 13:15:00,570,570,570,570,0
2022-09-30 13:16:00,570,570,570,570,0
2022-09-30 13:17:00,570,570,570,570,0
2022-09-30 13:18:00,570,570,570,570,0
2022-09-30 13:19:00,570,570,570,570,0
2022-09-30 13:20:00,570,570,570,570,0
2022-09-30 13:21:00,570,570,570,570,0
2022-09-30 13:22:00,570,570,570,570,0
2022-09-30 13:23:00,570,570,570,570,0
2022-09-30 13:24:00,570,570,570,570,0
2022-09-30 13:25:00,570,570,570,570,0
2022-09-30 13:26:00,570,570,570,570,0
2022-09-30 13:27:00,570,570,570,570,0
2022-09-30 13:28:00,570,570,570,570,0
2022-09-30 13:29:00,570,570,570,570,0
2022-09-30 13:30:00,570,565,570,570,1700
2022-09-30 13:31:00,570,565,570,570,0
2022-09-30 13:32:00,570,565,570,570,0
2022-09-30 13:33:00,570,565,570,570,0
2022-09-30 13:34:00,570,565,570,570,0
2022-09-30 13:35:00,570,565,570,570,0
2022-09-30 13:36:00,565,555,565,555,131100
2022-09-30 13:37:00,555,555,555,555,9700
2022-09-30 13:38:00,555,555,570,565,10600
2022-09-30 13:39:00,565,565,570,570,6000
2022-09-30 13:40:00,565,565,570,570,900
2022-09-30 13:41:00,565,555,570,555,8600
2022-09-30 13:42:00,555,555,555,555,0
2022-09-30 13:43:00,555,555,555,555,7000
2022-09-30 13:44:00,555,555,565,565,20300
2022-09-30 13:45:00,555,555,565,565,0
2022-09-30 13:46:00,560,555,560,555,56400
2022-09-30 13:47:00,555,555,555,555,0
2022-09-30 13:48:00,565,560,565,560,0
2022-09-30 13:49:00,565,560,565,560,0
2022-09-30 13:50:00,555,555,560,560,3200
2022-09-30 13:51:00,555,555,560,560,0
2022-09-30 13:52:00,555,555,555,555,7600
2022-09-30 13:53:00,555,555,555,555,2600
2022-09-30 13:54:00,555,555,555,555,0
2022-09-30 13:55:00,555,555,555,555,4700
2022-09-30 13:56:00,555,555,560,560,13900
2022-09-30 13:57:00,555,555,560,560,0
2022-09-30 13:58:00,560,555,560,555,1400
2022-09-30 13:59:00,555,555,555,555,1400
2022-09-30 14:00:00,555,555,560,560,5900
2022-09-30 14:01:00,555,555,560,560,0
2022-09-30 14:02:00,555,555,560,560,0
2022-09-30 14:03:00,555,555,560,560,900
2022-09-30 14:04:00,555,555,555,555,300
2022-09-30 14:05:00,555,555,555,555,0
2022-09-30 14:06:00,555,555,560,560,5000
2022-09-30 14:07:00,555,555,560,560,0
2022-09-30 14:08:00,555,555,555,555,19400
2022-09-30 14:09:00,555,555,555,555,0
2022-09-30 14:10:00,555,555,555,555,0
2022-09-30 14:11:00,555,555,555,555,0
2022-09-30 14:12:00,555,555,555,555,0
2022-09-30 14:13:00,560,560,560,560,2100
2022-09-30 14:14:00,560,560,560,560,0
2022-09-30 14:15:00,560,560,560,560,0
2022-09-30 14:16:00,560,560,560,560,0
2022-09-30 14:17:00,560,560,560,560,3500
2022-09-30 14:18:00,560,560,560,560,0
2022-09-30 14:19:00,560,560,560,560,0
2022-09-30 14:20:00,560,560,560,560,3000
2022-09-30 14:21:00,560,560,560,560,0
2022-09-30 14:22:00,560,560,560,560,0
2022-09-30 14:23:00,560,560,560,560,0
2022-09-30 14:24:00,560,555,560,555,42500
2022-09-30 14:25:00,560,555,560,560,7600
2022-09-30 14:26:00,555,555,560,560,3300
2022-09-30 14:27:00,560,560,560,560,900
2022-09-30 14:28:00,560,560,560,560,0
2022-09-30 14:29:00,555,555,560,560,5300
2022-09-30 14:30:00,555,555,560,560,0
2022-09-30 14:31:00,560,560,560,560,800
2022-09-30 14:32:00,560,560,560,560,0
2022-09-30 14:33:00,560,560,560,560,0
2022-09-30 14:34:00,560,560,560,560,6100
2022-09-30 14:35:00,560,560,560,560,0
2022-09-30 14:36:00,560,560,560,560,0
2022-09-30 14:37:00,560,560,560,560,0
2022-09-30 14:38:00,560,560,560,560,0
2022-09-30 14:39:00,560,560,560,560,0
2022-09-30 14:40:00,555,555,560,560,25800
2022-09-30 14:41:00,555,555,560,560,600
2022-09-30 14:42:00,555,555,560,560,0
2022-09-30 14:43:00,560,555,560,560,13700
2022-09-30 14:44:00,560,555,560,560,43500
2022-09-30 14:45:00,560,560,560,560,300
2022-09-30 14:46:00,560,560,560,560,700
2022-09-30 14:47:00,555,555,560,560,6300
2022-09-30 14:48:00,560,555,560,560,7000
2022-09-30 14:49:00,560,555,560,560,0
2022-09-30 14:50:00,560,555,560,560,0
2022-09-30 14:51:00,560,555,560,560,0
2022-09-30 14:52:00,560,555,560,560,0
2022-09-30 14:53:00,560,555,560,560,0
2022-09-30 14:54:00,560,555,560,560,0
2022-09-30 14:55:00,560,555,560,560,0
2022-09-30 14:56:00,560,555,560,560,0
2022-09-30 14:57:00,560,555,560,560,0
2022-09-30 14:58:00,560,555,560,560,0
2022-09-30 14:59:00,560,555,560,560,0
2022-09-30 15:00:00,570,570,570,570,199800
2022-09-30 15:01:00,570,570,570,570,0
2022-09-30 15:02:00,570,570,570,570,200
2022-09-30 15:03:00,570,570,570,570,0
2022-09-30 15:04:00,570,570,570,570,400
2022-09-30 15:05:00,570,570,570,570,0
2022-09-30 15:06:00,570,570,570,570,0
2022-09-30 15:07:00,570,570,570,570,0
2022-09-30 15:08:00,570,570,570,570,0
2022-09-30 15:09:00,570,570,570,570,0
2022-09-30 15:10:00,570,570,570,570,100
2022-09-30 15:11:00,570,570,570,570,0
2022-09-30 15:12:00,570,570,570,570,0
2022-09-30 15:13:00,570,570,570,570,0
2022-09-30 15:14:00,570,570,570,570,0
2022-09-30 15:15:00,570,570,570,570,0
2022-09-30 15:16:00,570,570,570,570,0
2022-09-30 15:17:00,570,570,570,570,0
2022-09-30 15:18:00,570,570,570,570,0
2022-09-30 15:19:00,570,570,570,570,0
2022-09-30 15:20:00,570,570,570,570,0
2022-09-30 15:21:00,570,570,570,570,0
2022-09-30 15:22:00,570,570,570,570,0
2022-09-30 15:23:00,570,570,570,570,0
2022-09-30 15:24:00,570,570,570,570,0
2022-09-30 15:25:00,570,570,570,570,0
2022-09-30 15:26:00,570,570,570,570,0
2022-09-30 15:27:00,570,570,570,570,0
2022-09-30 15:28:00,570,570,570,570,0
2022-09-30 15:29:00,570,570,570,570,0
2022-09-30 15:30:00,570,570,570,570,0
2022-09-30 15:31:00,570,570,570,570,0
2022-09-30 15:32:00,570,570,570,570,0
2022-09-30 15:33:00,570,570,570,570,0
2022-09-30 15:34:00,570,570,570,570,0
2022-09-30 15:35:00,570,570,570,570,0
2022-09-30 15:36:00,570,570,570,570,0
2022-09-30 15:37:00,570,570,570,570,0
2022-09-30 15:38:00,570,570,570,570,0
2022-09-30 15:39:00,570,570,570,570,0
2022-09-30 15:40:00,570,570,570,570,0
2022-09-30 15:41:00,570,570,570,570,0
2022-09-30 15:42:00,570,570,570,570,0
2022-09-30 15:43:00,570,570,570,570,0
2022-09-30 15:44:00,570,570,570,570,0
2022-09-30 15:45:00,570,570,570,570,0
2022-09-30 15:46:00,570,570,570,570,0
2022-09-30 15:47:00,570,570,570,570,0
2022-09-30 15:48:00,570,570,570,570,0
2022-09-30 15:49:00,570,570,570,570,0
2022-09-30 15:50:00,570,570,570,570,0
2022-09-30 15:51:00,570,570,570,570,0
2022-09-30 15:52:00,570,570,570,570,0
2022-09-30 15:53:00,570,570,570,570,0
2022-09-30 15:54:00,570,570,570,570,0
2022-09-30 15:55:00,570,570,570,570,0
2022-09-30 15:56:00,570,570,570,570,0
2022-09-30 15:57:00,570,570,570,570,0
2022-09-30 15:58:00,570,570,570,570,0
2022-09-30 15:59:00,570,570,570,570,0
2022-10-03 09:00:00,570,560,570,570,0
2022-10-03 09:01:00,565,565,565,565,600
2022-10-03 09:02:00,560,560,570,570,3600
2022-10-03 09:03:00,570,570,570,570,1700
2022-10-03 09:04:00,565,565,570,570,2300
2022-10-03 09:05:00,565,565,570,570,0
2022-10-03 09:06:00,565,565,570,570,0
2022-10-03 09:07:00,565,565,570,565,36700
2022-10-03 09:08:00,570,565,570,565,900
2022-10-03 09:09:00,570,565,570,565,0
2022-10-03 09:10:00,560,560,565,565,3300
2022-10-03 09:11:00,560,560,565,565,0
2022-10-03 09:12:00,560,560,565,565,1100
2022-10-03 09:13:00,560,560,565,565,0
2022-10-03 09:14:00,560,560,565,565,0
2022-10-03 09:15:00,560,560,565,565,0
2022-10-03 09:16:00,560,560,565,565,0
2022-10-03 09:17:00,565,565,565,565,600
2022-10-03 09:18:00,565,565,565,565,0
2022-10-03 09:19:00,560,560,565,565,600
2022-10-03 09:20:00,560,560,565,565,0
2022-10-03 09:21:00,560,560,565,565,0
2022-10-03 09:22:00,565,565,565,565,1400
2022-10-03 09:23:00,565,565,565,565,0
2022-10-03 09:24:00,560,560,560,560,0
2022-10-03 09:25:00,560,560,560,560,0
2022-10-03 09:26:00,560,560,560,560,0
2022-10-03 09:27:00,560,560,560,560,700
2022-10-03 09:28:00,565,565,565,565,0
2022-10-03 09:29:00,565,565,565,565,0
2022-10-03 09:30:00,565,565,565,565,300
2022-10-03 09:31:00,565,565,565,565,0
2022-10-03 09:32:00,565,565,565,565,0
2022-10-03 09:33:00,560,560,565,565,500
2022-10-03 09:34:00,560,560,565,565,0
2022-10-03 09:35:00,560,560,565,565,0
2022-10-03 09:36:00,565,565,565,565,200
2022-10-03 09:37:00,565,565,565,565,0
2022-10-03 09:38:00,560,560,560,560,6000
2022-10-03 09:39:00,555,555,555,555,9500
2022-10-03 09:40:00,560,560,560,560,300
2022-10-03 09:41:00,555,555,560,555,400
2022-10-03 09:42:00,555,555,560,560,3000
2022-10-03 09:43:00,560,560,565,565,21200
2022-10-03 09:44:00,560,560,560,560,1100
2022-10-03 09:45:00,560,560,560,560,0
2022-10-03 09:46:00,560,560,560,560,10000
2022-10-03 09:47:00,555,555,555,555,0
2022-10-03 09:48:00,560,560,560,560,0
2022-10-03 09:49:00,560,560,560,560,2000
2022-10-03 09:50:00,560,560,560,560,0
2022-10-03 09:51:00,560,560,560,560,0
2022-10-03 09:52:00,560,560,560,560,0
2022-10-03 09:53:00,560,560,560,560,0
2022-10-03 09:54:00,560,560,560,560,0
2022-10-03 09:55:00,560,560,565,565,14900
2022-10-03 09:56:00,560,560,565,565,0
2022-10-03 09:57:00,565,565,565,565,200
2022-10-03 09:58:00,565,565,565,565,0
2022-10-03 09:59:00,565,565,565,565,1000
2022-10-03 10:00:00,565,565,565,565,0
2022-10-03 10:01:00,565,565,565,565,0
2022-10-03 10:02:00,565,565,565,565,400
2022-10-03 10:03:00,565,565,565,565,0
2022-10-03 10:04:00,560,560,565,565,400
2022-10-03 10:05:00,560,560,565,565,0
2022-10-03 10:06:00,560,560,560,560,3800
2022-10-03 10:07:00,560,560,560,560,2100
2022-10-03 10:08:00,560,560,565,565,3700
2022-10-03 10:09:00,560,560,565,565,0
2022-10-03 10:10:00,560,560,565,565,0
2022-10-03 10:11:00,560,560,565,560,2000
2022-10-03 10:12:00,560,560,565,560,0
2022-10-03 10:13:00,560,560,565,560,0
2022-10-03 10:14:00,555,555,555,555,200
2022-10-03 10:15:00,560,555,560,555,9800
2022-10-03 10:16:00,560,560,560,560,1200
2022-10-03 10:17:00,560,560,560,560,0
2022-10-03 10:18:00,555,555,555,555,9000
2022-10-03 10:19:00,550,550,550,550,2000
2022-10-03 10:20:00,555,555,555,555,2300
2022-10-03 10:21:00,555,555,555,555,0
2022-10-03 10:22:00,550,550,550,550,6100
2022-10-03 10:23:00,545,540,565,565,100900
2022-10-03 10:24:00,545,540,565,565,0
2022-10-03 10:25:00,545,540,565,565,0
2022-10-03 10:26:00,560,550,560,550,5300
2022-10-03 10:27:00,550,540,550,540,48000
2022-10-03 10:28:00,560,560,560,560,0
2022-10-03 10:29:00,560,560,560,560,2600
2022-10-03 10:30:00,555,555,560,560,0
2022-10-03 10:31:00,560,560,560,560,1800
2022-10-03 10:32:00,560,560,560,560,0
2022-10-03 10:33:00,555,555,560,560,200
2022-10-03 10:34:00,555,555,560,560,0
2022-10-03 10:35:00,555,555,560,560,0
2022-10-03 10:36:00,555,555,560,560,0
2022-10-03 10:37:00,555,555,560,560,0
2022-10-03 10:38:00,555,555,560,560,0
2022-10-03 10:39:00,555,555,560,560,0
2022-10-03 10:40:00,555,555,560,560,0
2022-10-03 10:41:00,560,560,560,560,100
2022-10-03 10:42:00,560,560,560,560,0
2022-10-03 10:43:00,560,560,560,560,0
2022-10-03 10:44:00,560,560,560,560,0
2022-10-03 10:45:00,560,560,560,560,0
2022-10-03 10:46:00,555,555,555,555,2500
2022-10-03 10:47:00,555,555,555,555,400
2022-10-03 10:48:00,555,555,560,560,3300
2022-10-03 10:49:00,555,555,560,560,0
2022-10-03 10:50:00,555,555,560,560,0
2022-10-03 10:51:00,555,555,560,560,0
2022-10-03 10:52:00,555,555,560,560,0
2022-10-03 10:53:00,555,555,560,560,0
2022-10-03 10:54:00,555,555,560,560,0
2022-10-03 10:55:00,555,555,560,560,3700
2022-10-03 10:56:00,555,555,560,560,0
2022-10-03 10:57:00,555,555,560,560,0
2022-10-03 10:58:00,555,555,560,560,0
2022-10-03 10:59:00,555,555,560,560,0
2022-10-03 11:00:00,555,555,560,560,0
2022-10-03 11:01:00,555,555,560,560,0
2022-10-03 11:02:00,555,555,560,560,0
2022-10-03 11:03:00,555,550,555,550,13100
2022-10-03 11:04:00,550,545,555,555,7900
2022-10-03 11:05:00,550,545,555,555,0
2022-10-03 11:06:00,550,550,550,550,1500
2022-10-03 11:07:00,545,545,550,550,5100
2022-10-03 11:08:00,550,550,555,555,600
2022-10-03 11:09:00,555,555,555,555,800
2022-10-03 11:10:00,555,555,555,555,0
2022-10-03 11:11:00,555,555,555,555,0
2022-10-03 11:12:00,555,555,555,555,0
2022-10-03 11:13:00,555,555,555,555,0
2022-10-03 11:14:00,555,555,555,555,0
2022-10-03 11:15:00,555,555,555,555,600
2022-10-03 11:16:00,555,555,555,555,0
2022-10-03 11:17:00,555,555,555,555,0
2022-10-03 11:18:00,555,555,555,555,300
2022-10-03 11:19:00,555,555,555,555,0
2022-10-03 11:20:00,555,555,555,555,0
2022-10-03 11:21:00,555,555,555,555,0
2022-10-03 11:22:00,555,555,555,555,300
2022-10-03 11:23:00,555,555,555,555,0
2022-10-03 11:24:00,555,555,555,555,0
2022-10-03 11:25:00,555,555,555,555,0
2022-10-03 11:26:00,555,555,555,555,300
2022-10-03 11:27:00,555,555,555,555,0
2022-10-03 11:28:00,555,555,555,555,0
2022-10-03 11:29:00,555,555,555,555,0
2022-10-03 11:30:00,555,555,555,555,0
2022-10-03 11:31:00,555,555,555,555,0
2022-10-03 11:32:00,555,555,555,555,0
2022-10-03 11:33:00,555,555,555,555,0
2022-10-03 11:34:00,555,555,555,555,0
2022-10-03 11:35:00,555,555,555,555,0
2022-10-03 11:36:00,555,555,555,555,0
2022-10-03 11:37:00,555,555,555,555,0
2022-10-03 11:38:00,555,555,555,555,0
2022-10-03 11:39:00,555,555,555,555,0
2022-10-03 11:40:00,555,555,555,555,0
2022-10-03 11:41:00,555,555,555,555,0
2022-10-03 11:42:00,555,555,555,555,0
2022-10-03 11:43:00,555,555,555,555,0
2022-10-03 11:44:00,555,555,555,555,0
2022-10-03 11:45:00,555,555,555,555,0
2022-10-03 11:46:00,555,555,555,555,0
2022-10-03 11:47:00,555,555,555,555,0
2022-10-03 11:48:00,555,555,555,555,0
2022-10-03 11:49:00,555,555,555,555,0
2022-10-03 11:50:00,555,555,555,555,0
2022-10-03 11:51:00,555,555,555,555,0
2022-10-03 11:52:00,555,555,555,555,0
2022-10-03 11:53:00,555,555,555,555,0
2022-10-03 11:54:00,555,555,555,555,0
2022-10-03 11:55:00,555,555,555,555,0
2022-10-03 11:56:00,555,555,555,555,0
2022-10-03 11:57:00,555,555,555,555,0
2022-10-03 11:58:00,555,555,555,555,0
2022-10-03 11:59:00,555,555,555,555,0
2022-10-03 12:00:00,555,555,555,555,0
2022-10-03 12:01:00,555,555,555,555,0
2022-10-03 12:02:00,555,555,555,555,0
2022-10-03 12:03:00,555,555,555,555,0
2022-10-03 12:04:00,555,555,555,555,0
2022-10-03 12:05:00,555,555,555,555,0
2022-10-03 12:06:00,555,555,555,555,0
2022-10-03 12:07:00,555,555,555,555,0
2022-10-03 12:08:00,555,555,555,555,0
2022-10-03 12:09:00,555,555,555,555,0
2022-10-03 12:10:00,555,555,555,555,0
2022-10-03 12:11:00,555,555,555,555,0
2022-10-03 12:12:00,555,555,555,555,0
2022-10-03 12:13:00,555,555,555,555,0
2022-10-03 12:14:00,555,555,555,555,0
2022-10-03 12:15:00,555,555,555,555,0
2022-10-03 12:16:00,555,555,555,555,0
2022-10-03 12:17:00,555,555,555,555,0
2022-10-03 12:18:00,555,555,555,555,0
2022-10-03 12:19:00,555,555,555,555,0
2022-10-03 12:20:00,555,555,555,555,0
2022-10-03 12:21:00,555,555,555,555,0
2022-10-03 12:22:00,555,555,555,555,0
2022-10-03 12:23:00,555,555,555,555,0
2022-10-03 12:24:00,555,555,555,555,0
2022-10-03 12:25:00,555,555,555,555,0
2022-10-03 12:26:00,555,555,555,555,0
2022-10-03 12:27:00,555,555,555,555,0
2022-10-03 12:28:00,555,555,555,555,0
2022-10-03 12:29:00,555,555,555,555,0
2022-10-03 12:30:00,555,555,555,555,0
2022-10-03 12:31:00,555,555,555,555,0
2022-10-03 12:32:00,555,555,555,555,0
2022-10-03 12:33:00,555,555,555,555,0
2022-10-03 12:34:00,555,555,555,555,0
2022-10-03 12:35:00,555,555,555,555,0
2022-10-03 12:36:00,555,555,555,555,0
2022-10-03 12:37:00,555,555,555,555,0
2022-10-03 12:38:00,555,555,555,555,0
2022-10-03 12:39:00,555,555,555,555,0
2022-10-03 12:40:00,555,555,555,555,0
2022-10-03 12:41:00,555,555,555,555,0
2022-10-03 12:42:00,555,555,555,555,0
2022-10-03 12:43:00,555,555,555,555,0
2022-10-03 12:44:00,555,555,555,555,0
2022-10-03 12:45:00,555,555,555,555,0
2022-10-03 12:46:00,555,555,555,555,0
2022-10-03 12:47:00,555,555,555,555,0
2022-10-03 12:48:00,555,555,555,555,0
2022-10-03 12:49:00,555,555,555,555,0
2022-10-03 12:50:00,555,555,555,555,0
2022-10-03 12:51:00,555,555,555,555,0
2022-10-03 12:52:00,555,555,555,555,0
2022-10-03 12:53:00,555,555,555,555,0
2022-10-03 12:54:00,555,555,555,555,0
2022-10-03 12:55:00,555,555,555,555,0
2022-10-03 12:56:00,555,555,555,555,0
2022-10-03 12:57:00,555,555,555,555,0
2022-10-03 12:58:00,555,555,555,555,0
2022-10-03 12:59:00,555,555,555,555,0
2022-10-03 13:00:00,555,555,555,555,0
2022-10-03 13:01:00,555,555,555,555,0
2022-10-03 13:02:00,555,555,555,555,0
2022-10-03 13:03:00,555,555,555,555,0
2022-10-03 13:04:00,555,555,555,555,0
2022-10-03 13:05:00,555,555,555,555,0
2022-10-03 13:06:00,555,555,555,555,0
2022-10-03 13:07:00,555,555,555,555,0
2022-10-03 13:08:00,555,555,555,555,0
2022-10-03 13:09:00,555,555,555,555,0
2022-10-03 13:10:00,555,555,555,555,0
2022-10-03 13:11:00,555,555,555,555,0
2022-10-03 13:12:00,555,555,555,555,0
2022-10-03 13:13:00,555,555,555,555,0
2022-10-03 13:14:00,555,555,555,555,0
2022-10-03 13:15:00,555,555,555,555,0
2022-10-03 13:16:00,555,555,555,555,0
2022-10-03 13:17:00,555,555,555,555,0
2022-10-03 13:18:00,555,555,555,555,0
2022-10-03 13:19:00,555,555,555,555,0
2022-10-03 13:20:00,555,555,555,555,0
2022-10-03 13:21:00,555,555,555,555,0
2022-10-03 13:22:00,555,555,555,555,0
2022-10-03 13:23:00,555,555,555,555,0
2022-10-03 13:24:00,555,555,555,555,0
2022-10-03 13:25:00,555,555,555,555,0
2022-10-03 13:26:00,555,555,555,555,0
2022-10-03 13:27:00,555,555,555,555,0
2022-10-03 13:28:00,555,555,555,555,0
2022-10-03 13:29:00,555,555,555,555,0
2022-10-03 13:30:00,555,550,555,555,380200
2022-10-03 13:31:00,555,550,555,555,0
2022-10-03 13:32:00,555,550,555,555,0
2022-10-03 13:33:00,555,550,555,555,0
2022-10-03 13:34:00,555,555,555,555,200
2022-10-03 13:35:00,555,555,555,555,0
2022-10-03 13:36:00,555,555,555,555,0
2022-10-03 13:37:00,550,550,550,550,4400
2022-10-03 13:38:00,545,545,545,545,24400
2022-10-03 13:39:00,545,545,555,555,47700
2022-10-03 13:40:00,550,545,555,555,0
2022-10-03 13:41:00,550,545,555,555,0
2022-10-03 13:42:00,550,545,555,555,0
2022-10-03 13:43:00,550,545,555,555,0
2022-10-03 13:44:00,555,555,555,555,500
2022-10-03 13:45:00,555,555,555,555,0
2022-10-03 13:46:00,555,555,555,555,0
2022-10-03 13:47:00,550,550,555,555,300
2022-10-03 13:48:00,550,550,555,555,0
2022-10-03 13:49:00,550,550,555,555,0
2022-10-03 13:50:00,550,550,555,555,0
2022-10-03 13:51:00,555,555,555,555,400
2022-10-03 13:52:00,555,555,555,555,0
2022-10-03 13:53:00,555,555,555,555,0
2022-10-03 13:54:00,555,555,555,555,0
2022-10-03 13:55:00,555,555,555,555,100
2022-10-03 13:56:00,555,555,555,555,0
2022-10-03 13:57:00,555,555,555,555,900
2022-10-03 13:58:00,555,555,555,555,0
2022-10-03 13:59:00,550,550,550,550,200
2022-10-03 14:00:00,555,555,555,555,300
2022-10-03 14:01:00,550,545,550,545,26800
2022-10-03 14:02:00,555,555,555,555,0
2022-10-03 14:03:00,555,555,555,555,0
2022-10-03 14:04:00,550,550,555,555,1000
2022-10-03 14:05:00,555,555,555,555,200
2022-10-03 14:06:00,550,550,550,550,1500
2022-10-03 14:07:00,550,550,550,550,0
2022-10-03 14:08:00,550,550,555,555,2400
2022-10-03 14:09:00,550,550,555,555,0
2022-10-03 14:10:00,550,545,555,555,25200
2022-10-03 14:11:00,550,550,550,550,700
2022-10-03 14:12:00,550,550,555,550,2700
2022-10-03 14:13:00,550,550,550,550,3600
2022-10-03 14:14:00,555,550,555,550,0
2022-10-03 14:15:00,555,550,555,550,0
2022-10-03 14:16:00,550,550,550,550,0
2022-10-03 14:17:00,550,550,550,550,0
2022-10-03 14:18:00,550,550,550,550,0
2022-10-03 14:19:00,550,550,555,555,2800
2022-10-03 14:20:00,550,550,550,550,4000
2022-10-03 14:21:00,550,550,550,550,0
2022-10-03 14:22:00,550,545,550,545,800
2022-10-03 14:23:00,550,545,550,550,300
2022-10-03 14:24:00,550,545,550,550,0
2022-10-03 14:25:00,550,545,550,550,0
2022-10-03 14:26:00,550,545,550,550,0
2022-10-03 14:27:00,550,545,550,550,0
2022-10-03 14:28:00,550,545,550,550,0
2022-10-03 14:29:00,550,550,555,555,20500
2022-10-03 14:30:00,550,550,555,555,5000
2022-10-03 14:31:00,550,550,555,555,0
2022-10-03 14:32:00,550,550,555,555,0
2022-10-03 14:33:00,550,550,550,550,1100
2022-10-03 14:34:00,550,550,550,550,1900
2022-10-03 14:35:00,550,550,550,550,0
2022-10-03 14:36:00,550,550,550,550,0
2022-10-03 14:37:00,550,550,550,550,0
2022-10-03 14:38:00,550,550,550,550,1100
2022-10-03 14:39:00,545,545,545,545,2400
2022-10-03 14:40:00,550,550,550,550,0
2022-10-03 14:41:00,550,550,550,550,0
2022-10-03 14:42:00,550,550,550,550,0
2022-10-03 14:43:00,550,550,550,550,0
2022-10-03 14:44:00,545,545,550,550,2600
2022-10-03 14:45:00,545,545,545,545,3000
2022-10-03 14:46:00,550,550,550,550,100
2022-10-03 14:47:00,550,550,550,550,1800
2022-10-03 14:48:00,550,550,560,560,55600
2022-10-03 14:49:00,560,560,565,560,21900
2022-10-03 14:50:00,560,560,565,560,0
2022-10-03 14:51:00,560,560,565,560,0
2022-10-03 14:52:00,560,560,565,560,0
2022-10-03 14:53:00,560,560,565,560,0
2022-10-03 14:54:00,560,560,565,560,0
2022-10-03 14:55:00,560,560,565,560,0
2022-10-03 14:56:00,560,560,565,560,0
2022-10-03 14:57:00,560,560,565,560,0
2022-10-03 14:58:00,560,560,565,560,0
2022-10-03 14:59:00,560,560,565,560,0
2022-10-03 15:00:00,560,560,560,560,27800
2022-10-03 15:01:00,560,560,560,560,18700
2022-10-03 15:02:00,560,560,560,560,0
2022-10-03 15:03:00,560,560,560,560,0
2022-10-03 15:04:00,560,560,560,560,0
2022-10-03 15:05:00,560,560,560,560,0
2022-10-03 15:06:00,560,560,560,560,0
2022-10-03 15:07:00,560,560,560,560,6000
2022-10-03 15:08:00,560,560,560,560,0
2022-10-03 15:09:00,560,560,560,560,0
2022-10-03 15:10:00,560,560,560,560,0
2022-10-03 15:11:00,560,560,560,560,0
2022-10-03 15:12:00,560,560,560,560,0
2022-10-03 15:13:00,560,560,560,560,0
2022-10-03 15:14:00,560,560,560,560,0
2022-10-03 15:15:00,560,560,560,560,0
2022-10-03 15:16:00,560,560,560,560,0
2022-10-03 15:17:00,560,560,560,560,0
2022-10-03 15:18:00,560,560,560,560,0
2022-10-03 15:19:00,560,560,560,560,0
2022-10-03 15:20:00,560,560,560,560,0
2022-10-03 15:21:00,560,560,560,560,0
2022-10-03 15:22:00,560,560,560,560,0
2022-10-03 15:23:00,560,560,560,560,0
2022-10-03 15:24:00,560,560,560,560,0
2022-10-03 15:25:00,560,560,560,560,0
2022-10-03 15:26:00,560,560,560,560,0
2022-10-03 15:27:00,560,560,560,560,0
2022-10-03 15:28:00,560,560,560,560,0
2022-10-03 15:29:00,560,560,560,560,0
2022-10-03 15:30:00,560,560,560,560,0
2022-10-03 15:31:00,560,560,560,560,0
2022-10-03 15:32:00,560,560,560,560,0
2022-10-03 15:33:00,560,560,560,560,0
2022-10-03 15:34:00,560,560,560,560,0
2022-10-03 15:35:00,560,560,560,560,0
2022-10-03 15:36:00,560,560,560,560,0
2022-10-03 15:37:00,560,560,560,560,0
2022-10-03 15:38:00,560,560,560,560,0
2022-10-03 15:39:00,560,560,560,560,0
2022-10-03 15:40:00,560,560,560,560,0
2022-10-03 15:41:00,560,560,560,560,0
2022-10-03 15:42:00,560,560,560,560,0
2022-10-03 15:43:00,560,560,560,560,0
2022-10-03 15:44:00,560,560,560,560,0
2022-10-03 15:45:00,560,560,560,560,0
2022-10-03 15:46:00,560,560,560,560,0
2022-10-03 15:47:00,560,560,560,560,0
2022-10-03 15:48:00,560,560,560,560,0
2022-10-03 15:49:00,560,560,560,560,0
2022-10-03 15:50:00,560,560,560,560,0
2022-10-03 15:51:00,560,560,560,560,0
2022-10-03 15:52:00,560,560,560,560,0
2022-10-03 15:53:00,560,560,560,560,0
2022-10-03 15:54:00,560,560,560,560,0
2022-10-03 15:55:00,560,560,560,560,0
2022-10-03 15:56:00,560,560,560,560,0
2022-10-03 15:57:00,560,560,560,560,0
2022-10-03 15:58:00,560,560,560,560,0
2022-10-03 15:59:00,560,560,560,560,0
2022-10-04 09:00:00,560,560,560,560,20000
2022-10-04 09:01:00,560,560,560,560,0
2022-10-04 09:02:00,555,555,555,555,1200
2022-10-04 09:03:00,550,540,550,540,27300
2022-10-04 09:04:00,555,555,560,560,8800
2022-10-04 09:05:00,560,560,560,560,0
2022-10-04 09:06:00,560,555,560,560,5800
2022-10-04 09:07:00,555,555,555,555,9100
2022-10-04 09:08:00,555,555,555,555,100
2022-10-04 09:09:00,555,555,565,565,107100
2022-10-04 09:10:00,555,555,565,565,0
2022-10-04 09:11:00,565,565,565,565,0
2022-10-04 09:12:00,565,565,565,565,0
2022-10-04 09:13:00,565,565,565,565,7000
2022-10-04 09:14:00,565,565,565,565,0
2022-10-04 09:15:00,565,565,565,565,0
2022-10-04 09:16:00,565,565,565,565,0
2022-10-04 09:17:00,565,565,565,565,0
2022-10-04 09:18:00,560,560,560,560,0
2022-10-04 09:19:00,565,565,565,565,300
2022-10-04 09:20:00,565,565,565,565,400
2022-10-04 09:21:00,565,565,565,565,0
2022-10-04 09:22:00,565,565,565,565,0
2022-10-04 09:23:00,565,565,565,565,0
2022-10-04 09:24:00,565,565,565,565,0
2022-10-04 09:25:00,565,565,565,565,0
2022-10-04 09:26:00,565,565,565,565,0
2022-10-04 09:27:00,565,565,565,565,0
2022-10-04 09:28:00,565,565,565,565,24400
2022-10-04 09:29:00,565,565,565,565,1800
2022-10-04 09:30:00,560,560,560,560,0
2022-10-04 09:31:00,560,560,560,560,0
2022-10-04 09:32:00,560,560,560,560,200
2022-10-04 09:33:00,560,560,560,560,0
2022-10-04 09:34:00,560,560,560,560,0
2022-10-04 09:35:00,560,555,560,555,3300
2022-10-04 09:36:00,560,555,560,555,0
2022-10-04 09:37:00,560,555,560,555,0
2022-10-04 09:38:00,560,555,560,555,0
2022-10-04 09:39:00,560,555,560,555,0
2022-10-04 09:40:00,550,550,555,555,5700
2022-10-04 09:41:00,555,555,555,555,1000
2022-10-04 09:42:00,555,555,555,555,0
2022-10-04 09:43:00,555,555,555,555,700
2022-10-04 09:44:00,555,555,555,555,500
2022-10-04 09:45:00,555,555,555,555,0
2022-10-04 09:46:00,555,555,555,555,100
2022-10-04 09:47:00,555,555,555,555,0
2022-10-04 09:48:00,555,555,555,555,900
2022-10-04 09:49:00,555,555,555,555,0
2022-10-04 09:50:00,555,555,555,555,0
2022-10-04 09:51:00,555,550,555,550,0
2022-10-04 09:52:00,555,555,555,555,800
2022-10-04 09:53:00,555,555,555,555,0
2022-10-04 09:54:00,555,555,555,555,0
2022-10-04 09:55:00,555,555,555,555,0
2022-10-04 09:56:00,555,555,555,555,0
2022-10-04 09:57:00,555,555,555,555,1000
2022-10-04 09:58:00,555,555,555,555,0
2022-10-04 09:59:00,555,555,555,555,0
2022-10-04 10:00:00,555,555,555,555,0
2022-10-04 10:01:00,555,555,555,555,0
2022-10-04 10:02:00,555,555,555,555,0
2022-10-04 10:03:00,555,555,555,555,0
2022-10-04 10:04:00,555,555,555,555,0
2022-10-04 10:05:00,555,555,555,555,0
2022-10-04 10:06:00,555,555,555,555,0
2022-10-04 10:07:00,555,555,555,555,0
2022-10-04 10:08:00,555,555,555,555,0
2022-10-04 10:09:00,555,555,555,555,0
2022-10-04 10:10:00,555,555,555,555,300
2022-10-04 10:11:00,555,555,555,555,0
2022-10-04 10:12:00,555,555,555,555,0
2022-10-04 10:13:00,555,555,555,555,800
2022-10-04 10:14:00,555,555,555,555,800
2022-10-04 10:15:00,555,555,555,555,0
2022-10-04 10:16:00,555,555,555,555,0
2022-10-04 10:17:00,555,555,555,555,0
2022-10-04 10:18:00,555,555,555,555,0
2022-10-04 10:19:00,550,550,555,555,1500
2022-10-04 10:20:00,550,550,555,555,0
2022-10-04 10:21:00,550,550,555,555,0
2022-10-04 10:22:00,550,550,555,555,0
2022-10-04 10:23:00,550,550,555,555,0
2022-10-04 10:24:00,555,555,555,555,6500
2022-10-04 10:25:00,555,555,555,555,0
2022-10-04 10:26:00,550,550,560,560,10700
2022-10-04 10:27:00,560,560,560,560,100
2022-10-04 10:28:00,560,560,560,560,0
2022-10-04 10:29:00,560,560,560,560,0
2022-10-04 10:30:00,560,560,560,560,0
2022-10-04 10:31:00,560,560,560,560,0
2022-10-04 10:32:00,560,560,560,560,0
2022-10-04 10:33:00,560,560,560,560,0
2022-10-04 10:34:00,560,560,560,560,0
2022-10-04 10:35:00,560,560,560,560,0
2022-10-04 10:36:00,560,560,560,560,0
2022-10-04 10:37:00,560,560,560,560,0
2022-10-04 10:38:00,560,560,560,560,0
2022-10-04 10:39:00,560,560,560,560,0
2022-10-04 10:40:00,560,560,560,560,0
2022-10-04 10:41:00,560,560,560,560,0
2022-10-04 10:42:00,560,560,560,560,0
2022-10-04 10:43:00,560,560,560,560,0
2022-10-04 10:44:00,560,560,560,560,0
2022-10-04 10:45:00,560,560,560,560,0
2022-10-04 10:46:00,560,560,560,560,0
2022-10-04 10:47:00,560,560,560,560,1200
2022-10-04 10:48:00,560,560,560,560,700
2022-10-04 10:49:00,560,560,560,560,0
2022-10-04 10:50:00,560,560,560,560,0
2022-10-04 10:51:00,560,560,560,560,0
2022-10-04 10:52:00,560,560,560,560,0
2022-10-04 10:53:00,560,560,560,560,0
2022-10-04 10:54:00,560,560,560,560,0
2022-10-04 10:55:00,560,560,560,560,600
2022-10-04 10:56:00,560,560,560,560,0
2022-10-04 10:57:00,560,560,560,560,0
2022-10-04 10:58:00,560,560,560,560,0
2022-10-04 10:59:00,560,560,560,560,0
2022-10-04 11:00:00,560,560,560,560,0
2022-10-04 11:01:00,560,560,560,560,0
2022-10-04 11:02:00,560,560,560,560,0
2022-10-04 11:03:00,560,560,560,560,500
2022-10-04 11:04:00,560,560,560,560,0
2022-10-04 11:05:00,560,560,560,560,0
2022-10-04 11:06:00,560,560,560,560,0
2022-10-04 11:07:00,560,560,560,560,0
2022-10-04 11:08:00,560,560,560,560,400
2022-10-04 11:09:00,560,560,560,560,0
2022-10-04 11:10:00,560,560,560,560,0
2022-10-04 11:11:00,560,560,560,560,0
2022-10-04 11:12:00,560,560,560,560,0
2022-10-04 11:13:00,560,560,560,560,600
2022-10-04 11:14:00,560,560,560,560,0
2022-10-04 11:15:00,560,560,560,560,300
2022-10-04 11:16:00,560,560,560,560,0
2022-10-04 11:17:00,560,560,560,560,200
2022-10-04 11:18:00,560,560,560,560,0
2022-10-04 11:19:00,560,560,560,560,0
2022-10-04 11:20:00,560,560,560,560,0
2022-10-04 11:21:00,560,560,560,560,0
2022-10-04 11:22:00,560,560,560,560,0
2022-10-04 11:23:00,560,560,560,560,0
2022-10-04 11:24:00,560,560,560,560,0
2022-10-04 11:25:00,560,560,560,560,0
2022-10-04 11:26:00,560,560,560,560,0
2022-10-04 11:27:00,560,560,560,560,1000
2022-10-04 11:28:00,560,560,560,560,0
2022-10-04 11:29:00,560,560,560,560,0
2022-10-04 11:30:00,560,560,560,560,0
2022-10-04 11:31:00,560,560,560,560,0
2022-10-04 11:32:00,560,560,560,560,0
2022-10-04 11:33:00,560,560,560,560,0
2022-10-04 11:34:00,560,560,560,560,0
2022-10-04 11:35:00,560,560,560,560,0
2022-10-04 11:36:00,560,560,560,560,0
2022-10-04 11:37:00,560,560,560,560,0
2022-10-04 11:38:00,560,560,560,560,0
2022-10-04 11:39:00,560,560,560,560,0
2022-10-04 11:40:00,560,560,560,560,0
2022-10-04 11:41:00,560,560,560,560,0
2022-10-04 11:42:00,560,560,560,560,0
2022-10-04 11:43:00,560,560,560,560,0
2022-10-04 11:44:00,560,560,560,560,0
2022-10-04 11:45:00,560,560,560,560,0
2022-10-04 11:46:00,560,560,560,560,0
2022-10-04 11:47:00,560,560,560,560,0
2022-10-04 11:48:00,560,560,560,560,0
2022-10-04 11:49:00,560,560,560,560,0
2022-10-04 11:50:00,560,560,560,560,0
2022-10-04 11:51:00,560,560,560,560,0
2022-10-04 11:52:00,560,560,560,560,0
2022-10-04 11:53:00,560,560,560,560,0
2022-10-04 11:54:00,560,560,560,560,0
2022-10-04 11:55:00,560,560,560,560,0
2022-10-04 11:56:00,560,560,560,560,0
2022-10-04 11:57:00,560,560,560,560,0
2022-10-04 11:58:00,560,560,560,560,0
2022-10-04 11:59:00,560,560,560,560,0
2022-10-04 12:00:00,560,560,560,560,0
2022-10-04 12:01:00,560,560,560,560,0
2022-10-04 12:02:00,560,560,560,560,0
2022-10-04 12:03:00,560,560,560,560,0
2022-10-04 12:04:00,560,560,560,560,0
2022-10-04 12:05:00,560,560,560,560,0
2022-10-04 12:06:00,560,560,560,560,0
2022-10-04 12:07:00,560,560,560,560,0
2022-10-04 12:08:00,560,560,560,560,0
2022-10-04 12:09:00,560,560,560,560,0
2022-10-04 12:10:00,560,560,560,560,0
2022-10-04 12:11:00,560,560,560,560,0
2022-10-04 12:12:00,560,560,560,560,0
2022-10-04 12:13:00,560,560,560,560,0
2022-10-04 12:14:00,560,560,560,560,0
2022-10-04 12:15:00,560,560,560,560,0
2022-10-04 12:16:00,560,560,560,560,0
2022-10-04 12:17:00,560,560,560,560,0
2022-10-04 12:18:00,560,560,560,560,0
2022-10-04 12:19:00,560,560,560,560,0
2022-10-04 12:20:00,560,560,560,560,0
2022-10-04 12:21:00,560,560,560,560,0
2022-10-04 12:22:00,560,560,560,560,0
2022-10-04 12:23:00,560,560,560,560,0
2022-10-04 12:24:00,560,560,560,560,0
2022-10-04 12:25:00,560,560,560,560,0
2022-10-04 12:26:00,560,560,560,560,0
2022-10-04 12:27:00,560,560,560,560,0
2022-10-04 12:28:00,560,560,560,560,0
2022-10-04 12:29:00,560,560,560,560,0
2022-10-04 12:30:00,560,560,560,560,0
2022-10-04 12:31:00,560,560,560,560,0
2022-10-04 12:32:00,560,560,560,560,0
2022-10-04 12:33:00,560,560,560,560,0
2022-10-04 12:34:00,560,560,560,560,0
2022-10-04 12:35:00,560,560,560,560,0
2022-10-04 12:36:00,560,560,560,560,0
2022-10-04 12:37:00,560,560,560,560,0
2022-10-04 12:38:00,560,560,560,560,0
2022-10-04 12:39:00,560,560,560,560,0
2022-10-04 12:40:00,560,560,560,560,0
2022-10-04 12:41:00,560,560,560,560,0
2022-10-04 12:42:00,560,560,560,560,0
2022-10-04 12:43:00,560,560,560,560,0
2022-10-04 12:44:00,560,560,560,560,0
2022-10-04 12:45:00,560,560,560,560,0
2022-10-04 12:46:00,560,560,560,560,0
2022-10-04 12:47:00,560,560,560,560,0
2022-10-04 12:48:00,560,560,560,560,0
2022-10-04 12:49:00,560,560,560,560,0
2022-10-04 12:50:00,560,560,560,560,0
2022-10-04 12:51:00,560,560,560,560,0
2022-10-04 12:52:00,560,560,560,560,0
2022-10-04 12:53:00,560,560,560,560,0
2022-10-04 12:54:00,560,560,560,560,0
2022-10-04 12:55:00,560,560,560,560,0
2022-10-04 12:56:00,560,560,560,560,0
2022-10-04 12:57:00,560,560,560,560,0
2022-10-04 12:58:00,560,560,560,560,0
2022-10-04 12:59:00,560,560,560,560,0
2022-10-04 13:00:00,560,560,560,560,0
2022-10-04 13:01:00,560,560,560,560,0
2022-10-04 13:02:00,560,560,560,560,0
2022-10-04 13:03:00,560,560,560,560,0
2022-10-04 13:04:00,560,560,560,560,0
2022-10-04 13:05:00,560,560,560,560,0
2022-10-04 13:06:00,560,560,560,560,0
2022-10-04 13:07:00,560,560,560,560,0
2022-10-04 13:08:00,560,560,560,560,0
2022-10-04 13:09:00,560,560,560,560,0
2022-10-04 13:10:00,560,560,560,560,0
2022-10-04 13:11:00,560,560,560,560,0
2022-10-04 13:12:00,560,560,560,560,0
2022-10-04 13:13:00,560,560,560,560,0
2022-10-04 13:14:00,560,560,560,560,0
2022-10-04 13:15:00,560,560,560,560,0
2022-10-04 13:16:00,560,560,560,560,0
2022-10-04 13:17:00,560,560,560,560,0
2022-10-04 13:18:00,560,560,560,560,0
2022-10-04 13:19:00,560,560,560,560,0
2022-10-04 13:20:00,560,560,560,560,0
2022-10-04 13:21:00,560,560,560,560,0
2022-10-04 13:22:00,560,560,560,560,0
2022-10-04 13:23:00,560,560,560,560,0
2022-10-04 13:24:00,560,560,560,560,0
2022-10-04 13:25:00,560,560,560,560,0
2022-10-04 13:26:00,560,560,560,560,0
2022-10-04 13:27:00,560,560,560,560,0
2022-10-04 13:28:00,560,560,560,560,0
2022-10-04 13:29:00,560,560,560,560,0
2022-10-04 13:30:00,555,555,560,560,1400
2022-10-04 13:31:00,555,555,560,560,0
2022-10-04 13:32:00,555,555,560,560,0
2022-10-04 13:33:00,555,555,560,560,0
2022-10-04 13:34:00,555,555,560,560,0
2022-10-04 13:35:00,555,555,560,560,0
2022-10-04 13:36:00,555,555,560,560,0
2022-10-04 13:37:00,555,555,560,560,0
2022-10-04 13:38:00,555,555,560,560,0
2022-10-04 13:39:00,560,560,560,560,20900
2022-10-04 13:40:00,565,565,565,565,300
2022-10-04 13:41:00,565,565,565,565,0
2022-10-04 13:42:00,565,565,565,565,0
2022-10-04 13:43:00,565,565,565,565,0
2022-10-04 13:44:00,565,565,565,565,0
2022-10-04 13:45:00,565,565,565,565,0
2022-10-04 13:46:00,565,565,565,565,0
2022-10-04 13:47:00,565,565,565,565,0
2022-10-04 13:48:00,565,565,565,565,0
2022-10-04 13:49:00,565,565,565,565,0
2022-10-04 13:50:00,565,565,565,565,0
2022-10-04 13:51:00,565,565,565,565,0
2022-10-04 13:52:00,565,565,565,565,0
2022-10-04 13:53:00,565,565,565,565,0
2022-10-04 13:54:00,565,565,565,565,0
2022-10-04 13:55:00,565,565,565,565,0
2022-10-04 13:56:00,565,565,565,565,0
2022-10-04 13:57:00,565,565,565,565,200
2022-10-04 13:58:00,565,565,565,565,0
2022-10-04 13:59:00,565,565,565,565,900
2022-10-04 14:00:00,565,565,565,565,0
2022-10-04 14:01:00,565,565,565,565,0
2022-10-04 14:02:00,565,565,565,565,0
2022-10-04 14:03:00,560,560,560,560,6200
2022-10-04 14:04:00,560,560,560,560,2500
2022-10-04 14:05:00,560,560,560,560,0
2022-10-04 14:06:00,560,560,560,560,0
2022-10-04 14:07:00,560,560,560,560,200
2022-10-04 14:08:00,560,560,560,560,0
2022-10-04 14:09:00,560,560,560,560,1000
2022-10-04 14:10:00,560,560,560,560,0
2022-10-04 14:11:00,560,560,560,560,0
2022-10-04 14:12:00,560,560,560,560,0
2022-10-04 14:13:00,560,560,560,560,0
2022-10-04 14:14:00,560,560,560,560,500
2022-10-04 14:15:00,555,555,560,560,700
2022-10-04 14:16:00,555,555,560,560,0
2022-10-04 14:17:00,555,555,560,560,0
2022-10-04 14:18:00,555,555,560,560,0
2022-10-04 14:19:00,555,555,560,560,2200
2022-10-04 14:20:00,555,555,560,560,0
2022-10-04 14:21:00,555,555,560,560,2700
2022-10-04 14:22:00,555,555,560,560,0
2022-10-04 14:23:00,555,555,560,560,0
2022-10-04 14:24:00,560,560,560,560,0
2022-10-04 14:25:00,560,560,560,560,0
2022-10-04 14:26:00,560,560,560,560,0
2022-10-04 14:27:00,560,560,560,560,0
2022-10-04 14:28:00,560,560,560,560,800
2022-10-04 14:29:00,560,560,560,560,0
2022-10-04 14:30:00,555,550,555,550,9500
2022-10-04 14:31:00,560,560,560,560,0
2022-10-04 14:32:00,560,560,560,560,0
2022-10-04 14:33:00,560,560,560,560,0
2022-10-04 14:34:00,560,560,560,560,700
2022-10-04 14:35:00,560,560,560,560,0
2022-10-04 14:36:00,555,555,560,560,100
2022-10-04 14:37:00,555,555,560,560,0
2022-10-04 14:38:00,555,555,560,560,0
2022-10-04 14:39:00,555,555,560,560,0
2022-10-04 14:40:00,555,555,560,560,0
2022-10-04 14:41:00,555,555,560,560,0
2022-10-04 14:42:00,555,555,560,560,0
2022-10-04 14:43:00,555,555,560,560,0
2022-10-04 14:44:00,560,560,560,560,800
2022-10-04 14:45:00,560,560,560,560,200
2022-10-04 14:46:00,560,560,560,560,0
2022-10-04 14:47:00,560,560,560,560,700
2022-10-04 14:48:00,560,555,560,555,700
2022-10-04 14:49:00,560,560,560,560,1700
2022-10-04 14:50:00,560,560,560,560,0
2022-10-04 14:51:00,560,560,560,560,0
2022-10-04 14:52:00,560,560,560,560,0
2022-10-04 14:53:00,560,560,560,560,0
2022-10-04 14:54:00,560,560,560,560,0
2022-10-04 14:55:00,560,560,560,560,0
2022-10-04 14:56:00,560,560,560,560,0
2022-10-04 14:57:00,560,560,560,560,0
2022-10-04 14:58:00,560,560,560,560,0
2022-10-04 14:59:00,560,560,560,560,0
2022-10-04 15:00:00,560,560,560,560,295400
2022-10-04 15:01:00,560,560,560,560,0
2022-10-04 15:02:00,560,560,560,560,0
2022-10-04 15:03:00,560,560,560,560,0
2022-10-04 15:04:00,560,560,560,560,0
2022-10-04 15:05:00,560,560,560,560,0
2022-10-04 15:06:00,560,560,560,560,0
2022-10-04 15:07:00,560,560,560,560,0
2022-10-04 15:08:00,560,560,560,560,0
2022-10-04 15:09:00,560,560,560,560,0
2022-10-04 15:10:00,560,560,560,560,0
2022-10-04 15:11:00,560,560,560,560,0
2022-10-04 15:12:00,560,560,560,560,0
2022-10-04 15:13:00,560,560,560,560,0
2022-10-04 15:14:00,560,560,560,560,0
2022-10-04 15:15:00,560,560,560,560,0
2022-10-04 15:16:00,560,560,560,560,0
2022-10-04 15:17:00,560,560,560,560,0
2022-10-04 15:18:00,560,560,560,560,0
2022-10-04 15:19:00,560,560,560,560,0
2022-10-04 15:20:00,560,560,560,560,0
2022-10-04 15:21:00,560,560,560,560,0
2022-10-04 15:22:00,560,560,560,560,0
2022-10-04 15:23:00,560,560,560,560,0
2022-10-04 15:24:00,560,560,560,560,0
2022-10-04 15:25:00,560,560,560,560,0
2022-10-04 15:26:00,560,560,560,560,0
2022-10-04 15:27:00,560,560,560,560,0
2022-10-04 15:28:00,560,560,560,560,0
2022-10-04 15:29:00,560,560,560,560,0
2022-10-04 15:30:00,560,560,560,560,0
2022-10-04 15:31:00,560,560,560,560,0
2022-10-04 15:32:00,560,560,560,560,0
2022-10-04 15:33:00,560,560,560,560,0
2022-10-04 15:34:00,560,560,560,560,0
2022-10-04 15:35:00,560,560,560,560,0
2022-10-04 15:36:00,560,560,560,560,0
2022-10-04 15:37:00,560,560,560,560,0
2022-10-04 15:38:00,560,560,560,560,0
2022-10-04 15:39:00,560,560,560,560,0
2022-10-04 15:40:00,560,560,560,560,0
2022-10-04 15:41:00,560,560,560,560,0
2022-10-04 15:42:00,560,560,560,560,0
2022-10-04 15:43:00,560,560,560,560,0
2022-10-04 15:44:00,560,560,560,560,0
2022-10-04 15:45:00,560,560,560,560,0
2022-10-04 15:46:00,560,560,560,560,0
2022-10-04 15:47:00,560,560,560,560,0
2022-10-04 15:48:00,560,560,560,560,0
2022-10-04 15:49:00,560,560,560,560,0
2022-10-04 15:50:00,560,560,560,560,0
2022-10-04 15:51:00,560,560,560,560,0
2022-10-04 15:52:00,560,560,560,560,0
2022-10-04 15:53:00,560,560,560,560,0
2022-10-04 15:54:00,560,560,560,560,0
2022-10-04 15:55:00,560,560,560,560,0
2022-10-04 15:56:00,560,560,560,560,0
2022-10-04 15:57:00,560,560,560,560,0
2022-10-04 15:58:00,560,560,560,560,0
2022-10-04 15:59:00,560,560,560,560,0
2022-10-05 09:00:00,560,560,560,560,0
2022-10-05 09:01:00,560,560,560,560,0
2022-10-05 09:02:00,560,560,560,560,0
2022-10-05 09:03:00,560,560,560,560,1700
2022-10-05 09:04:00,560,560,560,560,0
2022-10-05 09:05:00,560,560,560,560,0
2022-10-05 09:06:00,560,560,560,560,700
2022-10-05 09:07:00,560,560,560,560,0
2022-10-05 09:08:00,560,560,560,560,0
2022-10-05 09:09:00,560,560,560,560,0
2022-10-05 09:10:00,560,555,560,560,51900
2022-10-05 09:11:00,560,555,560,560,0
2022-10-05 09:12:00,560,560,565,565,2500
2022-10-05 09:13:00,560,560,560,560,1300
2022-10-05 09:14:00,565,565,565,565,300
2022-10-05 09:15:00,565,565,565,565,0
2022-10-05 09:16:00,565,565,565,565,0
2022-10-05 09:17:00,565,565,565,565,0
2022-10-05 09:18:00,565,565,565,565,0
2022-10-05 09:19:00,565,565,565,565,0
2022-10-05 09:20:00,565,565,565,565,0
2022-10-05 09:21:00,565,565,565,565,0
2022-10-05 09:22:00,565,565,565,565,0
2022-10-05 09:23:00,565,565,565,565,0
2022-10-05 09:24:00,565,565,565,565,0
2022-10-05 09:25:00,565,565,565,565,0
2022-10-05 09:26:00,565,565,565,565,9900
2022-10-05 09:27:00,565,565,565,565,0
2022-10-05 09:28:00,565,565,565,565,10000
2022-10-05 09:29:00,565,565,565,565,0
2022-10-05 09:30:00,565,565,565,565,0
2022-10-05 09:31:00,565,565,565,565,0
2022-10-05 09:32:00,565,565,565,565,39700
2022-10-05 09:33:00,565,565,565,565,0
2022-10-05 09:34:00,565,560,565,560,500
2022-10-05 09:35:00,565,565,565,565,100
2022-10-05 09:36:00,565,565,565,565,0
2022-10-05 09:37:00,565,565,565,565,0
2022-10-05 09:38:00,565,565,565,565,0
2022-10-05 09:39:00,565,565,565,565,0
2022-10-05 09:40:00,565,565,565,565,10200
2022-10-05 09:41:00,565,565,565,565,1200
2022-10-05 09:42:00,565,565,565,565,0
2022-10-05 09:43:00,565,565,565,565,0
2022-10-05 09:44:00,565,565,565,565,0
2022-10-05 09:45:00,565,565,565,565,0
2022-10-05 09:46:00,565,565,565,565,1400
2022-10-05 09:47:00,560,560,565,565,0
2022-10-05 09:48:00,560,560,565,565,0
2022-10-05 09:49:00,565,565,565,565,900
2022-10-05 09:50:00,565,565,565,565,0
2022-10-05 09:51:00,565,565,565,565,0
2022-10-05 09:52:00,565,565,565,565,0
2022-10-05 09:53:00,565,565,565,565,0
2022-10-05 09:54:00,565,565,565,565,0
2022-10-05 09:55:00,565,565,565,565,0
2022-10-05 09:56:00,565,565,565,565,0
2022-10-05 09:57:00,565,565,565,565,0
2022-10-05 09:58:00,565,565,565,565,0
2022-10-05 09:59:00,565,565,565,565,0
2022-10-05 10:00:00,565,565,565,565,0
2022-10-05 10:01:00,565,565,565,565,0
2022-10-05 10:02:00,565,565,565,565,0
2022-10-05 10:03:00,565,565,565,565,0
2022-10-05 10:04:00,565,565,565,565,0
2022-10-05 10:05:00,565,565,565,565,0
2022-10-05 10:06:00,565,565,565,565,0
2022-10-05 10:07:00,565,565,565,565,0
2022-10-05 10:08:00,565,565,565,565,0
2022-10-05 10:09:00,565,565,565,565,0
2022-10-05 10:10:00,565,565,565,565,0
2022-10-05 10:11:00,565,565,565,565,200
2022-10-05 10:12:00,565,565,565,565,0
2022-10-05 10:13:00,565,565,565,565,0
2022-10-05 10:14:00,565,565,565,565,0
2022-10-05 10:15:00,565,565,565,565,0
2022-10-05 10:16:00,560,560,560,560,100
2022-10-05 10:17:00,565,565,565,565,200
2022-10-05 10:18:00,565,565,565,565,0
2022-10-05 10:19:00,565,565,565,565,0
2022-10-05 10:20:00,565,565,565,565,0
2022-10-05 10:21:00,565,565,565,565,0
2022-10-05 10:22:00,565,565,565,565,0
2022-10-05 10:23:00,565,565,565,565,0
2022-10-05 10:24:00,565,565,565,565,0
2022-10-05 10:25:00,565,565,565,565,200
2022-10-05 10:26:00,565,565,565,565,0
2022-10-05 10:27:00,560,560,560,560,9800
2022-10-05 10:28:00,565,565,565,565,0
2022-10-05 10:29:00,565,565,565,565,0
2022-10-05 10:30:00,565,565,565,565,0
2022-10-05 10:31:00,565,565,565,565,0
2022-10-05 10:32:00,565,565,565,565,0
2022-10-05 10:33:00,565,565,565,565,0
2022-10-05 10:34:00,565,565,565,565,0
2022-10-05 10:35:00,565,565,565,565,0
2022-10-05 10:36:00,565,565,565,565,0
2022-10-05 10:37:00,565,565,565,565,0
2022-10-05 10:38:00,565,565,565,565,0
2022-10-05 10:39:00,565,565,565,565,0
2022-10-05 10:40:00,565,565,565,565,0
2022-10-05 10:41:00,565,565,565,565,0
2022-10-05 10:42:00,565,565,565,565,0
2022-10-05 10:43:00,560,560,560,560,200
2022-10-05 10:44:00,560,560,560,560,0
2022-10-05 10:45:00,560,560,560,560,0
2022-10-05 10:46:00,560,560,560,560,0
2022-10-05 10:47:00,560,560,560,560,0
2022-10-05 10:48:00,560,560,560,560,0
2022-10-05 10:49:00,565,565,565,565,100
2022-10-05 10:50:00,565,565,565,565,0
2022-10-05 10:51:00,565,565,565,565,0
2022-10-05 10:52:00,565,565,565,565,0
2022-10-05 10:53:00,565,565,565,565,0
2022-10-05 10:54:00,565,565,565,565,0
2022-10-05 10:55:00,565,565,565,565,0
2022-10-05 10:56:00,565,565,565,565,0
2022-10-05 10:57:00,565,565,565,565,0
2022-10-05 10:58:00,565,565,565,565,0
2022-10-05 10:59:00,565,565,565,565,0
2022-10-05 11:00:00,565,565,565,565,0
2022-10-05 11:01:00,565,565,565,565,0
2022-10-05 11:02:00,565,565,565,565,0
2022-10-05 11:03:00,565,565,565,565,0
2022-10-05 11:04:00,565,565,565,565,0
2022-10-05 11:05:00,565,565,565,565,0
2022-10-05 11:06:00,565,565,565,565,0
2022-10-05 11:07:00,565,565,565,565,0
2022-10-05 11:08:00,565,565,565,565,0
2022-10-05 11:09:00,565,565,565,565,0
2022-10-05 11:10:00,565,565,565,565,400
2022-10-05 11:11:00,565,565,565,565,0
2022-10-05 11:12:00,565,565,565,565,0
2022-10-05 11:13:00,565,565,565,565,0
2022-10-05 11:14:00,565,565,565,565,400
2022-10-05 11:15:00,565,565,565,565,0
2022-10-05 11:16:00,565,565,565,565,0
2022-10-05 11:17:00,565,565,565,565,0
2022-10-05 11:18:00,565,565,565,565,0
2022-10-05 11:19:00,565,565,565,565,0
2022-10-05 11:20:00,565,565,565,565,0
2022-10-05 11:21:00,565,565,565,565,0
2022-10-05 11:22:00,565,565,565,565,231600
2022-10-05 11:23:00,570,560,570,560,8900
2022-10-05 11:24:00,560,560,560,560,300
2022-10-05 11:25:00,560,560,560,560,0
2022-10-05 11:26:00,560,560,560,560,2800
2022-10-05 11:27:00,560,560,560,560,0
2022-10-05 11:28:00,560,560,560,560,0
2022-10-05 11:29:00,560,560,560,560,0
2022-10-05 11:30:00,560,560,560,560,0
2022-10-05 11:31:00,560,560,560,560,0
2022-10-05 11:32:00,560,560,560,560,0
2022-10-05 11:33:00,560,560,560,560,0
2022-10-05 11:34:00,560,560,560,560,0
2022-10-05 11:35:00,560,560,560,560,0
2022-10-05 11:36:00,560,560,560,560,0
2022-10-05 11:37:00,560,560,560,560,0
2022-10-05 11:38:00,560,560,560,560,0
2022-10-05 11:39:00,560,560,560,560,0
2022-10-05 11:40:00,560,560,560,560,0
2022-10-05 11:41:00,560,560,560,560,0
2022-10-05 11:42:00,560,560,560,560,0
2022-10-05 11:43:00,560,560,560,560,0
2022-10-05 11:44:00,560,560,560,560,0
2022-10-05 11:45:00,560,560,560,560,0
2022-10-05 11:46:00,560,560,560,560,0
2022-10-05 11:47:00,560,560,560,560,0
2022-10-05 11:48:00,560,560,560,560,0
2022-10-05 11:49:00,560,560,560,560,0
2022-10-05 11:50:00,560,560,560,560,0
2022-10-05 11:51:00,560,560,560,560,0
2022-10-05 11:52:00,560,560,560,560,0
2022-10-05 11:53:00,560,560,560,560,0
2022-10-05 11:54:00,560,560,560,560,0
2022-10-05 11:55:00,560,560,560,560,0
2022-10-05 11:56:00,560,560,560,560,0
2022-10-05 11:57:00,560,560,560,560,0
2022-10-05 11:58:00,560,560,560,560,0
2022-10-05 11:59:00,560,560,560,560,0
2022-10-05 12:00:00,560,560,560,560,0
2022-10-05 12:01:00,560,560,560,560,0
2022-10-05 12:02:00,560,560,560,560,0
2022-10-05 12:03:00,560,560,560,560,0
2022-10-05 12:04:00,560,560,560,560,0
2022-10-05 12:05:00,560,560,560,560,0
2022-10-05 12:06:00,560,560,560,560,0
2022-10-05 12:07:00,560,560,560,560,0
2022-10-05 12:08:00,560,560,560,560,0
2022-10-05 12:09:00,560,560,560,560,0
2022-10-05 12:10:00,560,560,560,560,0
2022-10-05 12:11:00,560,560,560,560,0
2022-10-05 12:12:00,560,560,560,560,0
2022-10-05 12:13:00,560,560,560,560,0
2022-10-05 12:14:00,560,560,560,560,0
2022-10-05 12:15:00,560,560,560,560,0
2022-10-05 12:16:00,560,560,560,560,0
2022-10-05 12:17:00,560,560,560,560,0
2022-10-05 12:18:00,560,560,560,560,0
2022-10-05 12:19:00,560,560,560,560,0
2022-10-05 12:20:00,560,560,560,560,0
2022-10-05 12:21:00,560,560,560,560,0
2022-10-05 12:22:00,560,560,560,560,0
2022-10-05 12:23:00,560,560,560,560,0
2022-10-05 12:24:00,560,560,560,560,0
2022-10-05 12:25:00,560,560,560,560,0
2022-10-05 12:26:00,560,560,560,560,0
2022-10-05 12:27:00,560,560,560,560,0
2022-10-05 12:28:00,560,560,560,560,0
2022-10-05 12:29:00,560,560,560,560,0
2022-10-05 12:30:00,560,560,560,560,0
2022-10-05 12:31:00,560,560,560,560,0
2022-10-05 12:32:00,560,560,560,560,0
2022-10-05 12:33:00,560,560,560,560,0
2022-10-05 12:34:00,560,560,560,560,0
2022-10-05 12:35:00,560,560,560,560,0
2022-10-05 12:36:00,560,560,560,560,0
2022-10-05 12:37:00,560,560,560,560,0
2022-10-05 12:38:00,560,560,560,560,0
2022-10-05 12:39:00,560,560,560,560,0
2022-10-05 12:40:00,560,560,560,560,0
2022-10-05 12:41:00,560,560,560,560,0
2022-10-05 12:42:00,560,560,560,560,0
2022-10-05 12:43:00,560,560,560,560,0
2022-10-05 12:44:00,560,560,560,560,0
2022-10-05 12:45:00,560,560,560,560,0
2022-10-05 12:46:00,560,560,560,560,0
2022-10-05 12:47:00,560,560,560,560,0
2022-10-05 12:48:00,560,560,560,560,0
2022-10-05 12:49:00,560,560,560,560,0
2022-10-05 12:50:00,560,560,560,560,0
2022-10-05 12:51:00,560,560,560,560,0
2022-10-05 12:52:00,560,560,560,560,0
2022-10-05 12:53:00,560,560,560,560,0
2022-10-05 12:54:00,560,560,560,560,0
2022-10-05 12:55:00,560,560,560,560,0
2022-10-05 12:56:00,560,560,560,560,0
2022-10-05 12:57:00,560,560,560,560,0
2022-10-05 12:58:00,560,560,560,560,0
2022-10-05 12:59:00,560,560,560,560,0
2022-10-05 13:00:00,560,560,560,560,0
2022-10-05 13:01:00,560,560,560,560,0
2022-10-05 13:02:00,560,560,560,560,0
2022-10-05 13:03:00,560,560,560,560,0
2022-10-05 13:04:00,560,560,560,560,0
2022-10-05 13:05:00,560,560,560,560,0
2022-10-05 13:06:00,560,560,560,560,0
2022-10-05 13:07:00,560,560,560,560,0
2022-10-05 13:08:00,560,560,560,560,0
2022-10-05 13:09:00,560,560,560,560,0
2022-10-05 13:10:00,560,560,560,560,0
2022-10-05 13:11:00,560,560,560,560,0
2022-10-05 13:12:00,560,560,560,560,0
2022-10-05 13:13:00,560,560,560,560,0
2022-10-05 13:14:00,560,560,560,560,0
2022-10-05 13:15:00,560,560,560,560,0
2022-10-05 13:16:00,560,560,560,560,0
2022-10-05 13:17:00,560,560,560,560,0
2022-10-05 13:18:00,560,560,560,560,0
2022-10-05 13:19:00,560,560,560,560,0
2022-10-05 13:20:00,560,560,560,560,0
2022-10-05 13:21:00,560,560,560,560,0
2022-10-05 13:22:00,560,560,560,560,0
2022-10-05 13:23:00,560,560,560,560,0
2022-10-05 13:24:00,560,560,560,560,0
2022-10-05 13:25:00,560,560,560,560,0
2022-10-05 13:26:00,560,560,560,560,0
2022-10-05 13:27:00,560,560,560,560,0
2022-10-05 13:28:00,560,560,560,560,0
2022-10-05 13:29:00,560,560,560,560,0
2022-10-05 13:30:00,560,560,560,560,400
2022-10-05 13:31:00,560,560,560,560,0
2022-10-05 13:32:00,560,560,560,560,0
2022-10-05 13:33:00,560,560,560,560,0
2022-10-05 13:34:00,560,560,560,560,0
2022-10-05 13:35:00,560,560,560,560,100
2022-10-05 13:36:00,560,560,560,560,0
2022-10-05 13:37:00,560,560,560,560,0
2022-10-05 13:38:00,560,560,560,560,0
2022-10-05 13:39:00,560,560,560,560,0
2022-10-05 13:40:00,560,560,560,560,0
2022-10-05 13:41:00,560,560,560,560,2000
2022-10-05 13:42:00,560,560,560,560,0
2022-10-05 13:43:00,560,560,560,560,0
2022-10-05 13:44:00,560,560,560,560,0
2022-10-05 13:45:00,560,560,560,560,0
2022-10-05 13:46:00,560,560,560,560,0
2022-10-05 13:47:00,560,560,560,560,0
2022-10-05 13:48:00,560,560,560,560,0
2022-10-05 13:49:00,560,560,560,560,0
2022-10-05 13:50:00,560,560,560,560,0
2022-10-05 13:51:00,560,560,560,560,0
2022-10-05 13:52:00,560,560,560,560,0
2022-10-05 13:53:00,560,560,560,560,2600
2022-10-05 13:54:00,560,560,560,560,300
2022-10-05 13:55:00,560,560,560,560,0
2022-10-05 13:56:00,560,560,560,560,0
2022-10-05 13:57:00,560,560,560,560,0
2022-10-05 13:58:00,560,560,560,560,0
2022-10-05 13:59:00,560,560,560,560,1000
2022-10-05 14:00:00,560,560,560,560,0
2022-10-05 14:01:00,560,560,560,560,0
2022-10-05 14:02:00,560,560,560,560,0
2022-10-05 14:03:00,560,560,560,560,0
2022-10-05 14:04:00,555,555,555,555,6400
2022-10-05 14:05:00,560,560,560,560,0
2022-10-05 14:06:00,560,560,560,560,0
2022-10-05 14:07:00,560,560,560,560,0
2022-10-05 14:08:00,560,560,560,560,0
2022-10-05 14:09:00,560,560,560,560,0
2022-10-05 14:10:00,560,560,560,560,0
2022-10-05 14:11:00,560,560,560,560,0
2022-10-05 14:12:00,560,560,560,560,0
2022-10-05 14:13:00,560,560,560,560,0
2022-10-05 14:14:00,560,560,560,560,376700
2022-10-05 14:15:00,560,560,560,560,0
2022-10-05 14:16:00,560,560,560,560,0
2022-10-05 14:17:00,560,560,560,560,0
2022-10-05 14:18:00,560,560,560,560,0
2022-10-05 14:19:00,560,560,560,560,0
2022-10-05 14:20:00,560,560,560,560,0
2022-10-05 14:21:00,560,560,560,560,0
2022-10-05 14:22:00,560,560,560,560,0
2022-10-05 14:23:00,560,560,560,560,0
2022-10-05 14:24:00,560,560,560,560,0
2022-10-05 14:25:00,560,560,560,560,0
2022-10-05 14:26:00,560,560,560,560,0
2022-10-05 14:27:00,560,560,560,560,0
2022-10-05 14:28:00,560,560,560,560,0
2022-10-05 14:29:00,560,560,560,560,0
2022-10-05 14:30:00,560,560,560,560,0
2022-10-05 14:31:00,560,560,560,560,0
2022-10-05 14:32:00,560,560,560,560,0
2022-10-05 14:33:00,560,560,560,560,0
2022-10-05 14:34:00,560,560,560,560,0
2022-10-05 14:35:00,560,560,560,560,0
2022-10-05 14:36:00,560,560,560,560,0
2022-10-05 14:37:00,560,560,560,560,0
2022-10-05 14:38:00,560,560,560,560,0
2022-10-05 14:39:00,560,560,560,560,0
2022-10-05 14:40:00,560,560,560,560,0
2022-10-05 14:41:00,560,560,560,560,0
2022-10-05 14:42:00,560,560,560,560,1400
2022-10-05 14:43:00,560,560,560,560,0
2022-10-05 14:44:00,560,560,560,560,0
2022-10-05 14:45:00,560,560,560,560,0
2022-10-05 14:46:00,560,560,560,560,0
2022-10-05 14:47:00,560,555,560,555,12200
2022-10-05 14:48:00,560,555,560,555,0
2022-10-05 14:49:00,555,555,560,560,5000
2022-10-05 14:50:00,555,555,560,560,0
2022-10-05 14:51:00,555,555,560,560,0
2022-10-05 14:52:00,555,555,560,560,0
2022-10-05 14:53:00,555,555,560,560,0
2022-10-05 14:54:00,555,555,560,560,0
2022-10-05 14:55:00,555,555,560,560,0
2022-10-05 14:56:00,555,555,560,560,0
2022-10-05 14:57:00,555,555,560,560,0
2022-10-05 14:58:00,555,555,560,560,0
2022-10-05 14:59:00,555,555,560,560,0
2022-10-05 15:00:00,555,555,555,555,74700
2022-10-05 15:01:00,555,555,555,555,0
2022-10-05 15:02:00,555,555,555,555,0
2022-10-05 15:03:00,555,555,555,555,200
2022-10-05 15:04:00,555,555,555,555,4900
2022-10-05 15:05:00,555,555,555,555,10000
2022-10-05 15:06:00,555,555,555,555,0
2022-10-05 15:07:00,555,555,555,555,0
2022-10-05 15:08:00,555,555,555,555,0
2022-10-05 15:09:00,555,555,555,555,0
2022-10-05 15:10:00,555,555,555,555,0
2022-10-05 15:11:00,555,555,555,555,0
2022-10-05 15:12:00,555,555,555,555,0
2022-10-05 15:13:00,555,555,555,555,0
2022-10-05 15:14:00,555,555,555,555,0
2022-10-05 15:15:00,555,555,555,555,0
2022-10-05 15:16:00,555,555,555,555,0
2022-10-05 15:17:00,555,555,555,555,0
2022-10-05 15:18:00,555,555,555,555,0
2022-10-05 15:19:00,555,555,555,555,0
2022-10-05 15:20:00,555,555,555,555,0
2022-10-05 15:21:00,555,555,555,555,0
2022-10-05 15:22:00,555,555,555,555,0
2022-10-05 15:23:00,555,555,555,555,0
2022-10-05 15:24:00,555,555,555,555,0
2022-10-05 15:25:00,555,555,555,555,0
2022-10-05 15:26:00,555,555,555,555,0
2022-10-05 15:27:00,555,555,555,555,0
2022-10-05 15:28:00,555,555,555,555,0
2022-10-05 15:29:00,555,555,555,555,0
2022-10-05 15:30:00,555,555,555,555,0
2022-10-05 15:31:00,555,555,555,555,0
2022-10-05 15:32:00,555,555,555,555,0
2022-10-05 15:33:00,555,555,555,555,0
2022-10-05 15:34:00,555,555,555,555,0
2022-10-05 15:35:00,555,555,555,555,0
2022-10-05 15:36:00,555,555,555,555,0
2022-10-05 15:37:00,555,555,555,555,0
2022-10-05 15:38:00,555,555,555,555,0
2022-10-05 15:39:00,555,555,555,555,0
2022-10-05 15:40:00,555,555,555,555,0
2022-10-05 15:41:00,555,555,555,555,0
2022-10-05 15:42:00,555,555,555,555,0
2022-10-05 15:43:00,555,555,555,555,0
2022-10-05 15:44:00,555,555,555,555,0
2022-10-05 15:45:00,555,555,555,555,0
2022-10-05 15:46:00,555,555,555,555,0
2022-10-05 15:47:00,555,555,555,555,0
2022-10-05 15:48:00,555,555,555,555,0
2022-10-05 15:49:00,555,555,555,555,0
2022-10-05 15:50:00,555,555,555,555,0
2022-10-05 15:51:00,555,555,555,555,0
2022-10-05 15:52:00,555,555,555,555,0
2022-10-05 15:53:00,555,555,555,555,0
2022-10-05 15:54:00,555,555,555,555,0
2022-10-05 15:55:00,555,555,555,555,0
2022-10-05 15:56:00,555,555,555,555,0
2022-10-05 15:57:00,555,555,555,555,0
2022-10-05 15:58:00,555,555,555,555,0
2022-10-05 15:59:00,555,555,555,555,0
2022-10-06 09:00:00,555,550,555,555,7600
2022-10-06 09:01:00,555,550,555,555,0
2022-10-06 09:02:00,555,550,555,555,0
2022-10-06 09:03:00,550,550,550,550,1400
2022-10-06 09:04:00,555,555,555,555,200
2022-10-06 09:05:00,555,555,555,555,0
2022-10-06 09:06:00,555,555,555,555,79700
2022-10-06 09:07:00,555,555,555,555,0
2022-10-06 09:08:00,555,555,555,555,700
2022-10-06 09:09:00,555,555,555,555,700
2022-10-06 09:10:00,555,555,555,555,0
2022-10-06 09:11:00,555,555,560,560,4400
2022-10-06 09:12:00,555,555,560,560,0
2022-10-06 09:13:00,555,555,560,560,0
2022-10-06 09:14:00,555,555,560,560,2700
2022-10-06 09:15:00,555,550,560,560,5200
2022-10-06 09:16:00,555,550,560,560,0
2022-10-06 09:17:00,555,555,560,560,800
2022-10-06 09:18:00,555,555,560,560,0
2022-10-06 09:19:00,555,555,560,560,0
2022-10-06 09:20:00,555,550,560,560,7200
2022-10-06 09:21:00,555,550,560,560,0
2022-10-06 09:22:00,560,560,560,560,2700
2022-10-06 09:23:00,560,560,560,560,0
2022-10-06 09:24:00,560,560,560,560,0
2022-10-06 09:25:00,560,560,560,560,0
2022-10-06 09:26:00,560,560,560,560,0
2022-10-06 09:27:00,560,560,560,560,0
2022-10-06 09:28:00,560,560,560,560,2000
2022-10-06 09:29:00,560,560,560,560,0
2022-10-06 09:30:00,560,560,560,560,0
2022-10-06 09:31:00,560,560,560,560,0
2022-10-06 09:32:00,560,560,560,560,0
2022-10-06 09:33:00,560,560,560,560,0
2022-10-06 09:34:00,560,560,560,560,0
2022-10-06 09:35:00,560,560,560,560,0
2022-10-06 09:36:00,560,560,560,560,0
2022-10-06 09:37:00,560,560,560,560,0
2022-10-06 09:38:00,560,560,560,560,0
2022-10-06 09:39:00,560,560,560,560,0
2022-10-06 09:40:00,560,560,560,560,0
2022-10-06 09:41:00,560,560,560,560,0
2022-10-06 09:42:00,560,560,560,560,2000
2022-10-06 09:43:00,560,560,560,560,0
2022-10-06 09:44:00,560,560,560,560,0
2022-10-06 09:45:00,560,560,560,560,0
2022-10-06 09:46:00,560,560,560,560,0
2022-10-06 09:47:00,560,560,560,560,0
2022-10-06 09:48:00,560,560,560,560,0
2022-10-06 09:49:00,560,560,560,560,0
2022-10-06 09:50:00,560,560,560,560,34500
2022-10-06 09:51:00,560,560,560,560,0
2022-10-06 09:52:00,560,560,560,560,0
2022-10-06 09:53:00,560,560,560,560,0
2022-10-06 09:54:00,560,560,560,560,0
2022-10-06 09:55:00,560,560,560,560,0
2022-10-06 09:56:00,560,560,560,560,0
2022-10-06 09:57:00,560,560,560,560,0
2022-10-06 09:58:00,560,560,560,560,0
2022-10-06 09:59:00,560,560,560,560,0
2022-10-06 10:00:00,560,560,560,560,0
2022-10-06 10:01:00,560,560,560,560,0
2022-10-06 10:02:00,560,560,560,560,0
2022-10-06 10:03:00,560,560,560,560,0
2022-10-06 10:04:00,555,555,555,555,6200
2022-10-06 10:05:00,560,560,560,560,0
2022-10-06 10:06:00,560,560,560,560,0
2022-10-06 10:07:00,560,560,560,560,0
2022-10-06 10:08:00,560,560,560,560,0
2022-10-06 10:09:00,560,560,560,560,0
2022-10-06 10:10:00,560,560,560,560,0
2022-10-06 10:11:00,560,560,560,560,0
2022-10-06 10:12:00,560,560,560,560,0
2022-10-06 10:13:00,560,560,560,560,0
2022-10-06 10:14:00,560,560,560,560,0
2022-10-06 10:15:00,560,560,560,560,0
2022-10-06 10:16:00,560,560,560,560,0
2022-10-06 10:17:00,560,560,560,560,0
2022-10-06 10:18:00,560,560,560,560,0
2022-10-06 10:19:00,560,560,560,560,0
2022-10-06 10:20:00,560,560,560,560,1000
2022-10-06 10:21:00,560,560,560,560,0
2022-10-06 10:22:00,560,560,560,560,0
2022-10-06 10:23:00,560,560,560,560,0
2022-10-06 10:24:00,560,560,560,560,0
2022-10-06 10:25:00,560,560,560,560,0
2022-10-06 10:26:00,560,560,560,560,0
2022-10-06 10:27:00,560,560,560,560,0
2022-10-06 10:28:00,560,560,560,560,0
2022-10-06 10:29:00,560,560,560,560,0
2022-10-06 10:30:00,560,560,560,560,0
2022-10-06 10:31:00,560,560,560,560,0
2022-10-06 10:32:00,560,560,560,560,0
2022-10-06 10:33:00,560,560,560,560,0
2022-10-06 10:34:00,560,560,560,560,0
2022-10-06 10:35:00,560,560,560,560,0
2022-10-06 10:36:00,560,560,560,560,0
2022-10-06 10:37:00,560,560,560,560,0
2022-10-06 10:38:00,560,560,560,560,0
2022-10-06 10:39:00,560,560,560,560,0
2022-10-06 10:40:00,560,560,560,560,0
2022-10-06 10:41:00,560,560,560,560,0
2022-10-06 10:42:00,560,560,560,560,0
2022-10-06 10:43:00,560,560,560,560,0
2022-10-06 10:44:00,560,560,560,560,0
2022-10-06 10:45:00,560,560,560,560,0
2022-10-06 10:46:00,560,560,560,560,0
2022-10-06 10:47:00,560,560,560,560,0
2022-10-06 10:48:00,560,560,560,560,0
2022-10-06 10:49:00,560,560,560,560,0
2022-10-06 10:50:00,560,560,560,560,0
2022-10-06 10:51:00,560,560,560,560,0
2022-10-06 10:52:00,560,560,560,560,0
2022-10-06 10:53:00,560,560,560,560,0
2022-10-06 10:54:00,560,560,560,560,0
2022-10-06 10:55:00,560,560,560,560,0
2022-10-06 10:56:00,560,560,560,560,0
2022-10-06 10:57:00,560,560,560,560,800
2022-10-06 10:58:00,560,560,560,560,0
2022-10-06 10:59:00,560,560,560,560,0
2022-10-06 11:00:00,560,560,560,560,0
2022-10-06 11:01:00,560,560,560,560,0
2022-10-06 11:02:00,560,560,560,560,1000
2022-10-06 11:03:00,555,555,555,555,22900
2022-10-06 11:04:00,555,555,555,555,0
2022-10-06 11:05:00,555,555,555,555,0
2022-10-06 11:06:00,555,555,555,555,1900
2022-10-06 11:07:00,555,555,555,555,100
2022-10-06 11:08:00,555,555,555,555,0
2022-10-06 11:09:00,555,555,555,555,200
2022-10-06 11:10:00,555,555,555,555,2800
2022-10-06 11:11:00,555,555,555,555,0
2022-10-06 11:12:00,555,555,555,555,800
2022-10-06 11:13:00,555,555,555,555,0
2022-10-06 11:14:00,555,555,555,555,500
2022-10-06 11:15:00,555,555,555,555,700
2022-10-06 11:16:00,555,555,555,555,0
2022-10-06 11:17:00,555,555,555,555,0
2022-10-06 11:18:00,555,555,555,555,0
2022-10-06 11:19:00,555,555,555,555,0
2022-10-06 11:20:00,555,555,555,555,0
2022-10-06 11:21:00,555,555,555,555,0
2022-10-06 11:22:00,555,555,555,555,0
2022-10-06 11:23:00,555,555,555,555,0
2022-10-06 11:24:00,555,555,555,555,300
2022-10-06 11:25:00,555,555,555,555,500
2022-10-06 11:26:00,555,555,555,555,1300
2022-10-06 11:27:00,555,555,555,555,1700
2022-10-06 11:28:00,555,555,555,555,0
2022-10-06 11:29:00,555,555,555,555,0
2022-10-06 11:30:00,555,555,555,555,0
2022-10-06 11:31:00,555,555,555,555,0
2022-10-06 11:32:00,555,555,555,555,0
2022-10-06 11:33:00,555,555,555,555,0
2022-10-06 11:34:00,555,555,555,555,0
2022-10-06 11:35:00,555,555,555,555,0
2022-10-06 11:36:00,555,555,555,555,0
2022-10-06 11:37:00,555,555,555,555,0
2022-10-06 11:38:00,555,555,555,555,0
2022-10-06 11:39:00,555,555,555,555,0
2022-10-06 11:40:00,555,555,555,555,0
2022-10-06 11:41:00,555,555,555,555,0
2022-10-06 11:42:00,555,555,555,555,0
2022-10-06 11:43:00,555,555,555,555,0
2022-10-06 11:44:00,555,555,555,555,0
2022-10-06 11:45:00,555,555,555,555,0
2022-10-06 11:46:00,555,555,555,555,0
2022-10-06 11:47:00,555,555,555,555,0
2022-10-06 11:48:00,555,555,555,555,0
2022-10-06 11:49:00,555,555,555,555,0
2022-10-06 11:50:00,555,555,555,555,0
2022-10-06 11:51:00,555,555,555,555,0
2022-10-06 11:52:00,555,555,555,555,0
2022-10-06 11:53:00,555,555,555,555,0
2022-10-06 11:54:00,555,555,555,555,0
2022-10-06 11:55:00,555,555,555,555,0
2022-10-06 11:56:00,555,555,555,555,0
2022-10-06 11:57:00,555,555,555,555,0
2022-10-06 11:58:00,555,555,555,555,0
2022-10-06 11:59:00,555,555,555,555,0
2022-10-06 12:00:00,555,555,555,555,0
2022-10-06 12:01:00,555,555,555,555,0
2022-10-06 12:02:00,555,555,555,555,0
2022-10-06 12:03:00,555,555,555,555,0
2022-10-06 12:04:00,555,555,555,555,0
2022-10-06 12:05:00,555,555,555,555,0
2022-10-06 12:06:00,555,555,555,555,0
2022-10-06 12:07:00,555,555,555,555,0
2022-10-06 12:08:00,555,555,555,555,0
2022-10-06 12:09:00,555,555,555,555,0
2022-10-06 12:10:00,555,555,555,555,0
2022-10-06 12:11:00,555,555,555,555,0
2022-10-06 12:12:00,555,555,555,555,0
2022-10-06 12:13:00,555,555,555,555,0
2022-10-06 12:14:00,555,555,555,555,0
2022-10-06 12:15:00,555,555,555,555,0
2022-10-06 12:16:00,555,555,555,555,0
2022-10-06 12:17:00,555,555,555,555,0
2022-10-06 12:18:00,555,555,555,555,0
2022-10-06 12:19:00,555,555,555,555,0
2022-10-06 12:20:00,555,555,555,555,0
2022-10-06 12:21:00,555,555,555,555,0
2022-10-06 12:22:00,555,555,555,555,0
2022-10-06 12:23:00,555,555,555,555,0
2022-10-06 12:24:00,555,555,555,555,0
2022-10-06 12:25:00,555,555,555,555,0
2022-10-06 12:26:00,555,555,555,555,0
2022-10-06 12:27:00,555,555,555,555,0
2022-10-06 12:28:00,555,555,555,555,0
2022-10-06 12:29:00,555,555,555,555,0
2022-10-06 12:30:00,555,555,555,555,0
2022-10-06 12:31:00,555,555,555,555,0
2022-10-06 12:32:00,555,555,555,555,0
2022-10-06 12:33:00,555,555,555,555,0
2022-10-06 12:34:00,555,555,555,555,0
2022-10-06 12:35:00,555,555,555,555,0
2022-10-06 12:36:00,555,555,555,555,0
2022-10-06 12:37:00,555,555,555,555,0
2022-10-06 12:38:00,555,555,555,555,0
2022-10-06 12:39:00,555,555,555,555,0
2022-10-06 12:40:00,555,555,555,555,0
2022-10-06 12:41:00,555,555,555,555,0
2022-10-06 12:42:00,555,555,555,555,0
2022-10-06 12:43:00,555,555,555,555,0
2022-10-06 12:44:00,555,555,555,555,0
2022-10-06 12:45:00,555,555,555,555,0
2022-10-06 12:46:00,555,555,555,555,0
2022-10-06 12:47:00,555,555,555,555,0
2022-10-06 12:48:00,555,555,555,555,0
2022-10-06 12:49:00,555,555,555,555,0
2022-10-06 12:50:00,555,555,555,555,0
2022-10-06 12:51:00,555,555,555,555,0
2022-10-06 12:52:00,555,555,555,555,0
2022-10-06 12:53:00,555,555,555,555,0
2022-10-06 12:54:00,555,555,555,555,0
2022-10-06 12:55:00,555,555,555,555,0
2022-10-06 12:56:00,555,555,555,555,0
2022-10-06 12:57:00,555,555,555,555,0
2022-10-06 12:58:00,555,555,555,555,0
2022-10-06 12:59:00,555,555,555,555,0
2022-10-06 13:00:00,555,555,555,555,0
2022-10-06 13:01:00,555,555,555,555,0
2022-10-06 13:02:00,555,555,555,555,0
2022-10-06 13:03:00,555,555,555,555,0
2022-10-06 13:04:00,555,555,555,555,0
2022-10-06 13:05:00,555,555,555,555,0
2022-10-06 13:06:00,555,555,555,555,0
2022-10-06 13:07:00,555,555,555,555,0
2022-10-06 13:08:00,555,555,555,555,0
2022-10-06 13:09:00,555,555,555,555,0
2022-10-06 13:10:00,555,555,555,555,0
2022-10-06 13:11:00,555,555,555,555,0
2022-10-06 13:12:00,555,555,555,555,0
2022-10-06 13:13:00,555,555,555,555,0
2022-10-06 13:14:00,555,555,555,555,0
2022-10-06 13:15:00,555,555,555,555,0
2022-10-06 13:16:00,555,555,555,555,0
2022-10-06 13:17:00,555,555,555,555,0
2022-10-06 13:18:00,555,555,555,555,0
2022-10-06 13:19:00,555,555,555,555,0
2022-10-06 13:20:00,555,555,555,555,0
2022-10-06 13:21:00,555,555,555,555,0
2022-10-06 13:22:00,555,555,555,555,0
2022-10-06 13:23:00,555,555,555,555,0
2022-10-06 13:24:00,555,555,555,555,0
2022-10-06 13:25:00,555,555,555,555,0
2022-10-06 13:26:00,555,555,555,555,0
2022-10-06 13:27:00,555,555,555,555,0
2022-10-06 13:28:00,555,555,555,555,0
2022-10-06 13:29:00,555,555,555,555,0
2022-10-06 13:30:00,555,555,555,555,200
2022-10-06 13:31:00,555,555,555,555,0
2022-10-06 13:32:00,555,555,555,555,0
2022-10-06 13:33:00,555,555,555,555,400
2022-10-06 13:34:00,555,555,555,555,0
2022-10-06 13:35:00,555,555,555,555,0
2022-10-06 13:36:00,555,555,555,555,0
2022-10-06 13:37:00,555,555,555,555,0
2022-10-06 13:38:00,555,555,555,555,0
2022-10-06 13:39:00,555,555,555,555,0
2022-10-06 13:40:00,555,555,555,555,800
2022-10-06 13:41:00,555,555,555,555,0
2022-10-06 13:42:00,555,555,555,555,0
2022-10-06 13:43:00,555,555,555,555,0
2022-10-06 13:44:00,550,550,550,550,200
2022-10-06 13:45:00,555,555,555,555,700
2022-10-06 13:46:00,555,555,555,555,0
2022-10-06 13:47:00,555,555,555,555,0
2022-10-06 13:48:00,555,555,555,555,0
2022-10-06 13:49:00,555,555,555,555,0
2022-10-06 13:50:00,555,555,555,555,0
2022-10-06 13:51:00,555,555,555,555,6900
2022-10-06 13:52:00,555,555,560,560,0
2022-10-06 13:53:00,555,555,560,560,0
2022-10-06 13:54:00,555,555,560,560,0
2022-10-06 13:55:00,555,555,560,560,0
2022-10-06 13:56:00,555,555,560,560,0
2022-10-06 13:57:00,555,555,560,560,0
2022-10-06 13:58:00,555,555,560,560,0
2022-10-06 13:59:00,560,560,560,560,800
2022-10-06 14:00:00,560,560,560,560,0
2022-10-06 14:01:00,560,560,560,560,0
2022-10-06 14:02:00,560,560,560,560,0
2022-10-06 14:03:00,560,560,560,560,0
2022-10-06 14:04:00,560,560,560,560,0
2022-10-06 14:05:00,560,560,560,560,0
2022-10-06 14:06:00,560,560,560,560,200
2022-10-06 14:07:00,560,560,560,560,0
2022-10-06 14:08:00,560,560,560,560,0
2022-10-06 14:09:00,560,560,560,560,0
2022-10-06 14:10:00,560,560,560,560,400
2022-10-06 14:11:00,560,560,560,560,0
2022-10-06 14:12:00,560,560,560,560,0
2022-10-06 14:13:00,560,560,560,560,0
2022-10-06 14:14:00,560,560,560,560,0
2022-10-06 14:15:00,560,560,560,560,4000
2022-10-06 14:16:00,560,560,560,560,0
2022-10-06 14:17:00,560,560,560,560,0
2022-10-06 14:18:00,560,560,560,560,0
2022-10-06 14:19:00,560,560,560,560,0
2022-10-06 14:20:00,560,560,560,560,0
2022-10-06 14:21:00,560,560,560,560,0
2022-10-06 14:22:00,560,560,560,560,0
2022-10-06 14:23:00,560,560,560,560,0
2022-10-06 14:24:00,560,560,560,560,800
2022-10-06 14:25:00,560,560,560,560,3000
2022-10-06 14:26:00,560,560,560,560,0
2022-10-06 14:27:00,560,560,560,560,0
2022-10-06 14:28:00,560,560,560,560,0
2022-10-06 14:29:00,560,560,560,560,0
2022-10-06 14:30:00,560,560,560,560,0
2022-10-06 14:31:00,560,560,560,560,0
2022-10-06 14:32:00,560,560,560,560,0
2022-10-06 14:33:00,560,560,560,560,300
2022-10-06 14:34:00,560,560,560,560,0
2022-10-06 14:35:00,560,560,560,560,0
2022-10-06 14:36:00,560,560,560,560,0
2022-10-06 14:37:00,560,560,560,560,32900
2022-10-06 14:38:00,560,560,560,560,0
2022-10-06 14:39:00,560,560,560,560,500
2022-10-06 14:40:00,560,560,560,560,2000
2022-10-06 14:41:00,560,560,560,560,0
2022-10-06 14:42:00,560,560,560,560,0
2022-10-06 14:43:00,560,560,560,560,0
2022-10-06 14:44:00,560,560,560,560,700
2022-10-06 14:45:00,560,560,560,560,700
2022-10-06 14:46:00,560,560,560,560,0
2022-10-06 14:47:00,560,560,560,560,0
2022-10-06 14:48:00,560,560,560,560,6600
2022-10-06 14:49:00,560,560,565,565,2000
2022-10-06 14:50:00,560,560,565,565,0
2022-10-06 14:51:00,560,560,565,565,0
2022-10-06 14:52:00,560,560,565,565,0
2022-10-06 14:53:00,560,560,565,565,0
2022-10-06 14:54:00,560,560,565,565,0
2022-10-06 14:55:00,560,560,565,565,0
2022-10-06 14:56:00,560,560,565,565,0
2022-10-06 14:57:00,560,560,565,565,0
2022-10-06 14:58:00,560,560,565,565,0
2022-10-06 14:59:00,560,560,565,565,0
2022-10-06 15:00:00,565,565,565,565,84700
2022-10-06 15:01:00,565,565,565,565,100
2022-10-06 15:02:00,565,565,565,565,0
2022-10-06 15:03:00,565,565,565,565,0
2022-10-06 15:04:00,565,565,565,565,0
2022-10-06 15:05:00,565,565,565,565,0
2022-10-06 15:06:00,565,565,565,565,0
2022-10-06 15:07:00,565,565,565,565,291900
2022-10-06 15:08:00,565,565,565,565,0
2022-10-06 15:09:00,565,565,565,565,0
2022-10-06 15:10:00,565,565,565,565,0
2022-10-06 15:11:00,565,565,565,565,0
2022-10-06 15:12:00,565,565,565,565,0
2022-10-06 15:13:00,565,565,565,565,0
2022-10-06 15:14:00,565,565,565,565,0
2022-10-06 15:15:00,565,565,565,565,0
2022-10-06 15:16:00,565,565,565,565,0
2022-10-06 15:17:00,565,565,565,565,0
2022-10-06 15:18:00,565,565,565,565,0
2022-10-06 15:19:00,565,565,565,565,0
2022-10-06 15:20:00,565,565,565,565,0
2022-10-06 15:21:00,565,565,565,565,0
2022-10-06 15:22:00,565,565,565,565,0
2022-10-06 15:23:00,565,565,565,565,0
2022-10-06 15:24:00,565,565,565,565,0
2022-10-06 15:25:00,565,565,565,565,0
2022-10-06 15:26:00,565,565,565,565,0
2022-10-06 15:27:00,565,565,565,565,0
2022-10-06 15:28:00,565,565,565,565,0
2022-10-06 15:29:00,565,565,565,565,0
2022-10-06 15:30:00,565,565,565,565,0
2022-10-06 15:31:00,565,565,565,565,0
2022-10-06 15:32:00,565,565,565,565,0
2022-10-06 15:33:00,565,565,565,565,0
2022-10-06 15:34:00,565,565,565,565,0
2022-10-06 15:35:00,565,565,565,565,0
2022-10-06 15:36:00,565,565,565,565,0
2022-10-06 15:37:00,565,565,565,565,0
2022-10-06 15:38:00,565,565,565,565,0
2022-10-06 15:39:00,565,565,565,565,0
2022-10-06 15:40:00,565,565,565,565,0
2022-10-06 15:41:00,565,565,565,565,0
2022-10-06 15:42:00,565,565,565,565,0
2022-10-06 15:43:00,565,565,565,565,0
2022-10-06 15:44:00,565,565,565,565,0
2022-10-06 15:45:00,565,565,565,565,0
2022-10-06 15:46:00,565,565,565,565,0
2022-10-06 15:47:00,565,565,565,565,0
2022-10-06 15:48:00,565,565,565,565,0
2022-10-06 15:49:00,565,565,565,565,0
2022-10-06 15:50:00,565,565,565,565,0
2022-10-06 15:51:00,565,565,565,565,0
2022-10-06 15:52:00,565,565,565,565,0
2022-10-06 15:53:00,565,565,565,565,0
2022-10-06 15:54:00,565,565,565,565,0
2022-10-06 15:55:00,565,565,565,565,0
2022-10-06 15:56:00,565,565,565,565,0
2022-10-06 15:57:00,565,565,565,565,0
2022-10-06 15:58:00,565,565,565,565,0
2022-10-06 15:59:00,565,565,565,565,0
2022-10-07 09:00:00,565,565,565,565,0
2022-10-07 09:01:00,565,565,565,565,0
2022-10-07 09:02:00,565,565,565,565,0
2022-10-07 09:03:00,565,565,565,565,0
2022-10-07 09:04:00,565,565,565,565,0
2022-10-07 09:05:00,565,565,565,565,0
2022-10-07 09:06:00,565,565,565,565,0
2022-10-07 09:07:00,565,565,565,565,0
2022-10-07 09:08:00,565,565,565,565,0
2022-10-07 09:09:00,565,565,565,565,0
2022-10-07 09:10:00,565,565,565,565,0
2022-10-07 09:11:00,560,560,560,560,0
2022-10-07 09:12:00,560,560,560,560,0
2022-10-07 09:13:00,560,560,560,560,0
2022-10-07 09:14:00,560,560,560,560,0
2022-10-07 09:15:00,560,560,560,560,1200
2022-10-07 09:16:00,560,560,560,560,0
2022-10-07 09:17:00,560,560,560,560,0
2022-10-07 09:18:00,560,560,560,560,0
2022-10-07 09:19:00,560,560,560,560,0
2022-10-07 09:20:00,560,560,560,560,0
2022-10-07 09:21:00,560,560,560,560,0
2022-10-07 09:22:00,560,560,560,560,0
2022-10-07 09:23:00,560,560,560,560,0
2022-10-07 09:24:00,560,560,560,560,0
2022-10-07 09:25:00,560,560,560,560,0
2022-10-07 09:26:00,560,560,560,560,0
2022-10-07 09:27:00,560,560,560,560,0
2022-10-07 09:28:00,560,560,560,560,4600
2022-10-07 09:29:00,560,560,560,560,0
2022-10-07 09:30:00,560,560,560,560,0
2022-10-07 09:31:00,560,560,560,560,0
2022-10-07 09:32:00,560,560,560,560,0
2022-10-07 09:33:00,560,560,560,560,0
2022-10-07 09:34:00,560,560,560,560,0
2022-10-07 09:35:00,560,560,560,560,0
2022-10-07 09:36:00,560,560,560,560,0
2022-10-07 09:37:00,560,560,560,560,300
2022-10-07 09:38:00,560,560,560,560,0
2022-10-07 09:39:00,560,560,560,560,0
2022-10-07 09:40:00,560,560,560,560,0
2022-10-07 09:41:00,560,560,560,560,0
2022-10-07 09:42:00,560,560,560,560,0
2022-10-07 09:43:00,560,560,560,560,0
2022-10-07 09:44:00,560,560,560,560,0
2022-10-07 09:45:00,560,560,560,560,0
2022-10-07 09:46:00,560,560,560,560,0
2022-10-07 09:47:00,560,560,560,560,0
2022-10-07 09:48:00,560,560,560,560,0
2022-10-07 09:49:00,560,560,560,560,0
2022-10-07 09:50:00,560,560,560,560,0
2022-10-07 09:51:00,560,560,560,560,0
2022-10-07 09:52:00,560,560,560,560,0
2022-10-07 09:53:00,560,560,560,560,0
2022-10-07 09:54:00,560,560,560,560,0
2022-10-07 09:55:00,560,560,560,560,0
2022-10-07 09:56:00,560,560,560,560,0
2022-10-07 09:57:00,560,560,560,560,0
2022-10-07 09:58:00,560,560,560,560,0
2022-10-07 09:59:00,560,560,560,560,0
2022-10-07 10:00:00,560,560,560,560,0
2022-10-07 10:01:00,560,560,560,560,0
2022-10-07 10:02:00,560,560,560,560,0
2022-10-07 10:03:00,560,560,560,560,300
2022-10-07 10:04:00,560,560,560,560,0
2022-10-07 10:05:00,560,560,560,560,0
2022-10-07 10:06:00,560,560,560,560,0
2022-10-07 10:07:00,560,560,560,560,0
2022-10-07 10:08:00,560,560,560,560,0
2022-10-07 10:09:00,560,560,560,560,0
2022-10-07 10:10:00,560,560,560,560,0
2022-10-07 10:11:00,560,560,560,560,0
2022-10-07 10:12:00,560,560,560,560,2000
2022-10-07 10:13:00,560,560,560,560,1000
2022-10-07 10:14:00,560,560,560,560,0
2022-10-07 10:15:00,560,560,560,560,0
2022-10-07 10:16:00,560,560,560,560,0
2022-10-07 10:17:00,560,560,560,560,0
2022-10-07 10:18:00,560,560,560,560,0
2022-10-07 10:19:00,560,560,560,560,0
2022-10-07 10:20:00,560,560,560,560,0
2022-10-07 10:21:00,560,560,560,560,0
2022-10-07 10:22:00,560,560,560,560,0
2022-10-07 10:23:00,560,560,560,560,0
2022-10-07 10:24:00,560,560,560,560,0
2022-10-07 10:25:00,560,560,560,560,0
2022-10-07 10:26:00,560,560,560,560,0
2022-10-07 10:27:00,560,560,560,560,0
2022-10-07 10:28:00,560,560,560,560,0
2022-10-07 10:29:00,560,560,560,560,0
2022-10-07 10:30:00,560,560,560,560,0
2022-10-07 10:31:00,560,560,560,560,0
2022-10-07 10:32:00,560,560,560,560,0
2022-10-07 10:33:00,560,560,560,560,0
2022-10-07 10:34:00,560,560,560,560,800
2022-10-07 10:35:00,560,560,560,560,0
2022-10-07 10:36:00,560,560,560,560,0
2022-10-07 10:37:00,560,560,560,560,0
2022-10-07 10:38:00,560,560,560,560,0
2022-10-07 10:39:00,560,555,560,555,0
2022-10-07 10:40:00,560,560,560,560,300
2022-10-07 10:41:00,560,560,560,560,0
2022-10-07 10:42:00,560,560,560,560,0
2022-10-07 10:43:00,560,560,560,560,0
2022-10-07 10:44:00,560,560,560,560,0
2022-10-07 10:45:00,560,560,560,560,0
2022-10-07 10:46:00,560,560,560,560,0
2022-10-07 10:47:00,560,560,560,560,0
2022-10-07 10:48:00,560,560,560,560,0
2022-10-07 10:49:00,560,560,560,560,0
2022-10-07 10:50:00,560,560,560,560,0
2022-10-07 10:51:00,560,560,560,560,0
2022-10-07 10:52:00,560,560,560,560,0
2022-10-07 10:53:00,560,560,560,560,0
2022-10-07 10:54:00,560,560,560,560,0
2022-10-07 10:55:00,560,560,560,560,0
2022-10-07 10:56:00,560,560,560,560,300
2022-10-07 10:57:00,560,560,560,560,0
2022-10-07 10:58:00,560,560,560,560,0
2022-10-07 10:59:00,560,560,560,560,0
2022-10-07 11:00:00,560,560,560,560,0
2022-10-07 11:01:00,560,560,560,560,0
2022-10-07 11:02:00,560,560,560,560,0
2022-10-07 11:03:00,560,560,560,560,0
2022-10-07 11:04:00,560,560,560,560,0
2022-10-07 11:05:00,560,560,560,560,0
2022-10-07 11:06:00,560,560,560,560,0
2022-10-07 11:07:00,560,560,560,560,0
2022-10-07 11:08:00,560,560,560,560,0
2022-10-07 11:09:00,560,560,560,560,0
2022-10-07 11:10:00,560,560,560,560,0
2022-10-07 11:11:00,560,560,560,560,0
2022-10-07 11:12:00,560,560,560,560,0
2022-10-07 11:13:00,560,560,560,560,600
2022-10-07 11:14:00,560,560,560,560,0
2022-10-07 11:15:00,560,560,560,560,0
2022-10-07 11:16:00,560,560,560,560,0
2022-10-07 11:17:00,560,560,560,560,0
2022-10-07 11:18:00,560,560,560,560,0
2022-10-07 11:19:00,560,560,560,560,0
2022-10-07 11:20:00,560,560,560,560,0
2022-10-07 11:21:00,560,560,560,560,0
2022-10-07 11:22:00,560,560,560,560,700
2022-10-07 11:23:00,560,560,560,560,0
2022-10-07 11:24:00,560,560,560,560,0
2022-10-07 11:25:00,560,560,560,560,300
2022-10-07 11:26:00,560,560,560,560,0
2022-10-07 11:27:00,560,560,560,560,0
2022-10-07 11:28:00,560,560,560,560,400
2022-10-07 11:29:00,555,555,560,560,2400
2022-10-07 11:30:00,555,555,560,560,0
2022-10-07 11:31:00,555,555,560,560,0
2022-10-07 11:32:00,555,555,560,560,0
2022-10-07 11:33:00,555,555,560,560,0
2022-10-07 11:34:00,555,555,560,560,0
2022-10-07 11:35:00,555,555,560,560,0
2022-10-07 11:36:00,555,555,560,560,0
2022-10-07 11:37:00,555,555,560,560,0
2022-10-07 11:38:00,555,555,560,560,0
2022-10-07 11:39:00,555,555,560,560,0
2022-10-07 11:40:00,555,555,560,560,0
2022-10-07 11:41:00,555,555,560,560,0
2022-10-07 11:42:00,555,555,560,560,0
2022-10-07 11:43:00,555,555,560,560,0
2022-10-07 11:44:00,555,555,560,560,0
2022-10-07 11:45:00,555,555,560,560,0
2022-10-07 11:46:00,555,555,560,560,0
2022-10-07 11:47:00,555,555,560,560,0
2022-10-07 11:48:00,555,555,560,560,0
2022-10-07 11:49:00,555,555,560,560,0
2022-10-07 11:50:00,555,555,560,560,0
2022-10-07 11:51:00,555,555,560,560,0
2022-10-07 11:52:00,555,555,560,560,0
2022-10-07 11:53:00,555,555,560,560,0
2022-10-07 11:54:00,555,555,560,560,0
2022-10-07 11:55:00,555,555,560,560,0
2022-10-07 11:56:00,555,555,560,560,0
2022-10-07 11:57:00,555,555,560,560,0
2022-10-07 11:58:00,555,555,560,560,0
2022-10-07 11:59:00,555,555,560,560,0
2022-10-07 12:00:00,555,555,560,560,0
2022-10-07 12:01:00,555,555,560,560,0
2022-10-07 12:02:00,555,555,560,560,0
2022-10-07 12:03:00,555,555,560,560,0
2022-10-07 12:04:00,555,555,560,560,0
2022-10-07 12:05:00,555,555,560,560,0
2022-10-07 12:06:00,555,555,560,560,0
2022-10-07 12:07:00,555,555,560,560,0
2022-10-07 12:08:00,555,555,560,560,0
2022-10-07 12:09:00,555,555,560,560,0
2022-10-07 12:10:00,555,555,560,560,0
2022-10-07 12:11:00,555,555,560,560,0
2022-10-07 12:12:00,555,555,560,560,0
2022-10-07 12:13:00,555,555,560,560,0
2022-10-07 12:14:00,555,555,560,560,0
2022-10-07 12:15:00,555,555,560,560,0
2022-10-07 12:16:00,555,555,560,560,0
2022-10-07 12:17:00,555,555,560,560,0
2022-10-07 12:18:00,555,555,560,560,0
2022-10-07 12:19:00,555,555,560,560,0
2022-10-07 12:20:00,555,555,560,560,0
2022-10-07 12:21:00,555,555,560,560,0
2022-10-07 12:22:00,555,555,560,560,0
2022-10-07 12:23:00,555,555,560,560,0
2022-10-07 12:24:00,555,555,560,560,0
2022-10-07 12:25:00,555,555,560,560,0
2022-10-07 12:26:00,555,555,560,560,0
2022-10-07 12:27:00,555,555,560,560,0
2022-10-07 12:28:00,555,555,560,560,0
2022-10-07 12:29:00,555,555,560,560,0
2022-10-07 12:30:00,555,555,560,560,0
2022-10-07 12:31:00,555,555,560,560,0
2022-10-07 12:32:00,555,555,560,560,0
2022-10-07 12:33:00,555,555,560,560,0
2022-10-07 12:34:00,555,555,560,560,0
2022-10-07 12:35:00,555,555,560,560,0
2022-10-07 12:36:00,555,555,560,560,0
2022-10-07 12:37:00,555,555,560,560,0
2022-10-07 12:38:00,555,555,560,560,0
2022-10-07 12:39:00,555,555,560,560,0
2022-10-07 12:40:00,555,555,560,560,0
2022-10-07 12:41:00,555,555,560,560,0
2022-10-07 12:42:00,555,555,560,560,0
2022-10-07 12:43:00,555,555,560,560,0
2022-10-07 12:44:00,555,555,560,560,0
2022-10-07 12:45:00,555,555,560,560,0
2022-10-07 12:46:00,555,555,560,560,0
2022-10-07 12:47:00,555,555,560,560,0
2022-10-07 12:48:00,555,555,560,560,0
2022-10-07 12:49:00,555,555,560,560,0
2022-10-07 12:50:00,555,555,560,560,0
2022-10-07 12:51:00,555,555,560,560,0
2022-10-07 12:52:00,555,555,560,560,0
2022-10-07 12:53:00,555,555,560,560,0
2022-10-07 12:54:00,555,555,560,560,0
2022-10-07 12:55:00,555,555,560,560,0
2022-10-07 12:56:00,555,555,560,560,0
2022-10-07 12:57:00,555,555,560,560,0
2022-10-07 12:58:00,555,555,560,560,0
2022-10-07 12:59:00,555,555,560,560,0
2022-10-07 13:00:00,555,555,560,560,0
2022-10-07 13:01:00,555,555,560,560,0
2022-10-07 13:02:00,555,555,560,560,0
2022-10-07 13:03:00,555,555,560,560,0
2022-10-07 13:04:00,555,555,560,560,0
2022-10-07 13:05:00,555,555,560,560,0
2022-10-07 13:06:00,555,555,560,560,0
2022-10-07 13:07:00,555,555,560,560,0
2022-10-07 13:08:00,555,555,560,560,0
2022-10-07 13:09:00,555,555,560,560,0
2022-10-07 13:10:00,555,555,560,560,0
2022-10-07 13:11:00,555,555,560,560,0
2022-10-07 13:12:00,555,555,560,560,0
2022-10-07 13:13:00,555,555,560,560,0
2022-10-07 13:14:00,555,555,560,560,0
2022-10-07 13:15:00,555,555,560,560,0
2022-10-07 13:16:00,555,555,560,560,0
2022-10-07 13:17:00,555,555,560,560,0
2022-10-07 13:18:00,555,555,560,560,0
2022-10-07 13:19:00,555,555,560,560,0
2022-10-07 13:20:00,555,555,560,560,0
2022-10-07 13:21:00,555,555,560,560,0
2022-10-07 13:22:00,555,555,560,560,0
2022-10-07 13:23:00,555,555,560,560,0
2022-10-07 13:24:00,555,555,560,560,0
2022-10-07 13:25:00,555,555,560,560,0
2022-10-07 13:26:00,555,555,560,560,0
2022-10-07 13:27:00,555,555,560,560,0
2022-10-07 13:28:00,555,555,560,560,0
2022-10-07 13:29:00,555,555,560,560,0
2022-10-07 13:30:00,555,555,560,560,0
2022-10-07 13:31:00,555,555,560,560,0
2022-10-07 13:32:00,555,555,560,560,0
2022-10-07 13:33:00,555,555,560,560,0
2022-10-07 13:34:00,555,555,560,560,0
2022-10-07 13:35:00,555,555,555,555,24200
2022-10-07 13:36:00,560,550,560,550,57800
2022-10-07 13:37:00,550,550,560,560,0
2022-10-07 13:38:00,550,550,560,560,0
2022-10-07 13:39:00,560,560,560,560,0
2022-10-07 13:40:00,560,560,560,560,0
2022-10-07 13:41:00,560,560,560,560,0
2022-10-07 13:42:00,560,560,560,560,0
2022-10-07 13:43:00,560,560,560,560,0
2022-10-07 13:44:00,560,560,560,560,0
2022-10-07 13:45:00,560,560,560,560,0
2022-10-07 13:46:00,560,560,560,560,0
2022-10-07 13:47:00,560,560,560,560,0
2022-10-07 13:48:00,560,560,560,560,600
2022-10-07 13:49:00,560,560,560,560,0
2022-10-07 13:50:00,560,560,560,560,0
2022-10-07 13:51:00,560,560,560,560,0
2022-10-07 13:52:00,560,560,560,560,0
2022-10-07 13:53:00,560,560,560,560,0
2022-10-07 13:54:00,560,560,560,560,200
2022-10-07 13:55:00,560,560,560,560,0
2022-10-07 13:56:00,560,560,560,560,200
2022-10-07 13:57:00,560,560,560,560,0
2022-10-07 13:58:00,560,560,560,560,0
2022-10-07 13:59:00,560,560,560,560,0
2022-10-07 14:00:00,560,560,560,560,0
2022-10-07 14:01:00,560,560,560,560,0
2022-10-07 14:02:00,560,560,560,560,0
2022-10-07 14:03:00,560,560,560,560,0
2022-10-07 14:04:00,560,560,560,560,0
2022-10-07 14:05:00,560,560,560,560,0
2022-10-07 14:06:00,560,560,560,560,0
2022-10-07 14:07:00,560,560,560,560,0
2022-10-07 14:08:00,560,560,560,560,0
2022-10-07 14:09:00,560,560,560,560,0
2022-10-07 14:10:00,560,560,560,560,0
2022-10-07 14:11:00,560,560,560,560,0
2022-10-07 14:12:00,560,560,560,560,0
2022-10-07 14:13:00,560,560,560,560,0
2022-10-07 14:14:00,560,560,560,560,0
2022-10-07 14:15:00,560,560,560,560,1000
2022-10-07 14:16:00,560,560,560,560,0
2022-10-07 14:17:00,560,560,560,560,0
2022-10-07 14:18:00,560,560,560,560,0
2022-10-07 14:19:00,560,560,560,560,0
2022-10-07 14:20:00,560,560,560,560,0
2022-10-07 14:21:00,560,560,560,560,0
2022-10-07 14:22:00,560,560,560,560,0
2022-10-07 14:23:00,560,560,560,560,0
2022-10-07 14:24:00,560,560,560,560,0
2022-10-07 14:25:00,560,560,560,560,0
2022-10-07 14:26:00,560,560,560,560,0
2022-10-07 14:27:00,560,560,560,560,0
2022-10-07 14:28:00,560,560,560,560,0
2022-10-07 14:29:00,560,560,560,560,5200
2022-10-07 14:30:00,560,560,560,560,0
2022-10-07 14:31:00,560,560,560,560,0
2022-10-07 14:32:00,560,560,560,560,0
2022-10-07 14:33:00,560,560,560,560,0
2022-10-07 14:34:00,560,560,560,560,0
2022-10-07 14:35:00,560,560,560,560,0
2022-10-07 14:36:00,560,560,560,560,0
2022-10-07 14:37:00,560,560,560,560,400
2022-10-07 14:38:00,560,560,560,560,0
2022-10-07 14:39:00,560,560,560,560,0
2022-10-07 14:40:00,560,560,560,560,0
2022-10-07 14:41:00,560,560,560,560,0
2022-10-07 14:42:00,560,560,560,560,0
2022-10-07 14:43:00,560,555,560,560,3600
2022-10-07 14:44:00,560,555,560,560,0
2022-10-07 14:45:00,560,560,560,560,600
2022-10-07 14:46:00,560,560,560,560,700
2022-10-07 14:47:00,560,560,560,560,400
2022-10-07 14:48:00,560,560,560,560,1000
2022-10-07 14:49:00,560,560,560,560,700
2022-10-07 14:50:00,560,560,560,560,0
2022-10-07 14:51:00,560,560,560,560,0
2022-10-07 14:52:00,560,560,560,560,0
2022-10-07 14:53:00,560,560,560,560,0
2022-10-07 14:54:00,560,560,560,560,0
2022-10-07 14:55:00,560,560,560,560,0
2022-10-07 14:56:00,560,560,560,560,0
2022-10-07 14:57:00,560,560,560,560,0
2022-10-07 14:58:00,560,560,560,560,0
2022-10-07 14:59:00,560,560,560,560,0
2022-10-07 15:00:00,560,560,560,560,0
2022-10-07 15:01:00,560,560,560,560,0
2022-10-07 15:02:00,560,560,560,560,0
2022-10-07 15:03:00,560,560,560,560,0
2022-10-07 15:04:00,560,560,560,560,0
2022-10-07 15:05:00,560,560,560,560,0
2022-10-07 15:06:00,560,560,560,560,0
2022-10-07 15:07:00,560,560,560,560,0
2022-10-07 15:08:00,560,560,560,560,0
2022-10-07 15:09:00,560,560,560,560,0
2022-10-07 15:10:00,560,560,560,560,0
2022-10-07 15:11:00,560,560,560,560,0
2022-10-07 15:12:00,560,560,560,560,0
2022-10-07 15:13:00,560,560,560,560,0
2022-10-07 15:14:00,560,560,560,560,0
2022-10-07 15:15:00,560,560,560,560,0
2022-10-07 15:16:00,560,560,560,560,0
2022-10-07 15:17:00,560,560,560,560,0
2022-10-07 15:18:00,560,560,560,560,0
2022-10-07 15:19:00,560,560,560,560,0
2022-10-07 15:20:00,560,560,560,560,0
2022-10-07 15:21:00,560,560,560,560,0
2022-10-07 15:22:00,560,560,560,560,0
2022-10-07 15:23:00,560,560,560,560,0
2022-10-07 15:24:00,560,560,560,560,0
2022-10-07 15:25:00,560,560,560,560,0
2022-10-07 15:26:00,560,560,560,560,0
2022-10-07 15:27:00,560,560,560,560,0
2022-10-07 15:28:00,560,560,560,560,0
2022-10-07 15:29:00,560,560,560,560,0
2022-10-07 15:30:00,560,560,560,560,0
2022-10-07 15:31:00,560,560,560,560,0
2022-10-07 15:32:00,560,560,560,560,0
2022-10-07 15:33:00,560,560,560,560,0
2022-10-07 15:34:00,560,560,560,560,0
2022-10-07 15:35:00,560,560,560,560,0
2022-10-07 15:36:00,560,560,560,560,0
2022-10-07 15:37:00,560,560,560,560,0
2022-10-07 15:38:00,560,560,560,560,0
2022-10-07 15:39:00,560,560,560,560,0
2022-10-07 15:40:00,560,560,560,560,0
2022-10-07 15:41:00,560,560,560,560,0
2022-10-07 15:42:00,560,560,560,560,0
2022-10-07 15:43:00,560,560,560,560,0
2022-10-07 15:44:00,560,560,560,560,0
2022-10-07 15:45:00,560,560,560,560,0
2022-10-07 15:46:00,560,560,560,560,0
2022-10-07 15:47:00,560,560,560,560,0
2022-10-07 15:48:00,560,560,560,560,0
2022-10-07 15:49:00,560,560,560,560,0
2022-10-07 15:50:00,560,560,560,560,0
2022-10-07 15:51:00,560,560,560,560,0
2022-10-07 15:52:00,560,560,560,560,0
2022-10-07 15:53:00,560,560,560,560,0
2022-10-07 15:54:00,560,560,560,560,0
2022-10-07 15:55:00,560,560,560,560,0
2022-10-07 15:56:00,560,560,560,560,0
2022-10-07 15:57:00,560,560,560,560,0
2022-10-07 15:58:00,560,560,560,560,0
2022-10-07 15:59:00,560,560,560,560,0
2022-10-10 09:00:00,560,560,560,560,0
2022-10-10 09:01:00,560,560,560,560,0
2022-10-10 09:02:00,560,560,560,560,100
2022-10-10 09:03:00,560,560,560,560,0
2022-10-10 09:04:00,560,560,560,560,6400
2022-10-10 09:05:00,560,560,560,560,0
2022-10-10 09:06:00,560,560,560,560,0
2022-10-10 09:07:00,555,555,560,560,0
2022-10-10 09:08:00,555,555,560,560,0
2022-10-10 09:09:00,555,555,560,560,0
2022-10-10 09:10:00,555,555,560,560,0
2022-10-10 09:11:00,555,555,560,560,0
2022-10-10 09:12:00,555,555,560,560,0
2022-10-10 09:13:00,555,555,560,560,0
2022-10-10 09:14:00,555,555,560,560,0
2022-10-10 09:15:00,555,555,560,560,0
2022-10-10 09:16:00,555,555,560,560,0
2022-10-10 09:17:00,555,555,560,560,0
2022-10-10 09:18:00,560,560,560,560,700
2022-10-10 09:19:00,560,560,560,560,0
2022-10-10 09:20:00,560,560,560,560,1900
2022-10-10 09:21:00,560,560,560,560,0
2022-10-10 09:22:00,555,555,555,555,0
2022-10-10 09:23:00,560,560,560,560,300
2022-10-10 09:24:00,560,560,560,560,0
2022-10-10 09:25:00,560,560,560,560,0
2022-10-10 09:26:00,560,560,560,560,0
2022-10-10 09:27:00,560,560,560,560,0
2022-10-10 09:28:00,560,560,560,560,0
2022-10-10 09:29:00,560,560,560,560,0
2022-10-10 09:30:00,560,560,560,560,36300
2022-10-10 09:31:00,560,560,560,560,0
2022-10-10 09:32:00,560,560,560,560,0
2022-10-10 09:33:00,560,560,560,560,0
2022-10-10 09:34:00,560,560,560,560,0
2022-10-10 09:35:00,560,560,560,560,0
2022-10-10 09:36:00,560,560,560,560,0
2022-10-10 09:37:00,560,560,560,560,0
2022-10-10 09:38:00,560,560,560,560,0
2022-10-10 09:39:00,560,560,560,560,0
2022-10-10 09:40:00,560,560,560,560,0
2022-10-10 09:41:00,560,560,560,560,0
2022-10-10 09:42:00,560,560,560,560,0
2022-10-10 09:43:00,560,560,560,560,0
2022-10-10 09:44:00,560,560,560,560,0
2022-10-10 09:45:00,560,560,560,560,0
2022-10-10 09:46:00,555,555,555,555,800
2022-10-10 09:47:00,555,555,555,555,0
2022-10-10 09:48:00,560,560,560,560,300
2022-10-10 09:49:00,560,560,560,560,0
2022-10-10 09:50:00,560,560,560,560,0
2022-10-10 09:51:00,560,560,560,560,0
2022-10-10 09:52:00,560,560,560,560,0
2022-10-10 09:53:00,560,560,560,560,0
2022-10-10 09:54:00,555,555,555,555,0
2022-10-10 09:55:00,560,560,560,560,100
2022-10-10 09:56:00,560,560,560,560,0
2022-10-10 09:57:00,560,560,560,560,0
2022-10-10 09:58:00,560,560,560,560,0
2022-10-10 09:59:00,560,560,560,560,0
2022-10-10 10:00:00,560,560,560,560,0
2022-10-10 10:01:00,560,560,560,560,0
2022-10-10 10:02:00,555,555,560,560,5600
2022-10-10 10:03:00,555,555,560,560,0
2022-10-10 10:04:00,555,555,560,560,0
2022-10-10 10:05:00,555,555,560,560,0
2022-10-10 10:06:00,555,555,560,560,0
2022-10-10 10:07:00,560,560,560,560,0
2022-10-10 10:08:00,560,560,560,560,0
2022-10-10 10:09:00,560,560,560,560,0
2022-10-10 10:10:00,560,560,560,560,100
2022-10-10 10:11:00,560,560,560,560,0
2022-10-10 10:12:00,560,560,560,560,0
2022-10-10 10:13:00,555,555,560,560,3600
2022-10-10 10:14:00,555,555,560,560,0
2022-10-10 10:15:00,555,555,560,560,0
2022-10-10 10:16:00,555,555,560,560,0
2022-10-10 10:17:00,555,555,560,560,0
2022-10-10 10:18:00,555,555,560,560,0
2022-10-10 10:19:00,555,555,560,560,0
2022-10-10 10:20:00,555,555,560,560,0
2022-10-10 10:21:00,555,555,560,560,0
2022-10-10 10:22:00,555,555,560,560,0
2022-10-10 10:23:00,555,550,555,550,10700
2022-10-10 10:24:00,555,555,560,560,1300
2022-10-10 10:25:00,555,555,560,560,0
2022-10-10 10:26:00,560,560,560,560,400
2022-10-10 10:27:00,560,560,560,560,0
2022-10-10 10:28:00,560,560,560,560,0
2022-10-10 10:29:00,560,560,560,560,0
2022-10-10 10:30:00,555,555,555,555,2300
2022-10-10 10:31:00,555,555,555,555,0
2022-10-10 10:32:00,555,555,555,555,100
2022-10-10 10:33:00,555,555,555,555,900
2022-10-10 10:34:00,555,555,555,555,1500
2022-10-10 10:35:00,555,555,555,555,200
2022-10-10 10:36:00,550,550,550,550,27400
2022-10-10 10:37:00,545,545,555,555,7900
2022-10-10 10:38:00,545,545,555,555,0
2022-10-10 10:39:00,545,545,555,555,0
2022-10-10 10:40:00,545,545,555,555,0
2022-10-10 10:41:00,545,545,555,555,0
2022-10-10 10:42:00,555,555,555,555,600
2022-10-10 10:43:00,555,555,555,555,0
2022-10-10 10:44:00,555,555,555,555,0
2022-10-10 10:45:00,550,550,550,550,1900
2022-10-10 10:46:00,555,555,555,555,400
2022-10-10 10:47:00,550,550,550,550,1300
2022-10-10 10:48:00,555,555,555,555,0
2022-10-10 10:49:00,555,555,555,555,0
2022-10-10 10:50:00,555,555,555,555,800
2022-10-10 10:51:00,555,555,555,555,2600
2022-10-10 10:52:00,555,555,555,555,0
2022-10-10 10:53:00,555,555,555,555,0
2022-10-10 10:54:00,555,555,555,555,0
2022-10-10 10:55:00,555,555,555,555,0
2022-10-10 10:56:00,555,555,555,555,0
2022-10-10 10:57:00,555,555,555,555,0
2022-10-10 10:58:00,555,555,555,555,0
2022-10-10 10:59:00,555,555,555,555,0
2022-10-10 11:00:00,555,555,555,555,0
2022-10-10 11:01:00,555,555,555,555,0
2022-10-10 11:02:00,555,555,555,555,0
2022-10-10 11:03:00,555,555,555,555,800
2022-10-10 11:04:00,555,555,555,555,0
2022-10-10 11:05:00,555,555,555,555,0
2022-10-10 11:06:00,555,555,555,555,0
2022-10-10 11:07:00,550,545,550,545,43600
2022-10-10 11:08:00,540,540,550,550,16700
2022-10-10 11:09:00,540,540,550,550,0
2022-10-10 11:10:00,550,550,550,550,1200
2022-10-10 11:11:00,550,550,550,550,400
2022-10-10 11:12:00,550,550,550,550,1800
2022-10-10 11:13:00,545,545,550,550,600
2022-10-10 11:14:00,550,550,550,550,900
2022-10-10 11:15:00,550,550,550,550,100
2022-10-10 11:16:00,550,550,550,550,800
2022-10-10 11:17:00,550,550,550,550,1100
2022-10-10 11:18:00,550,550,550,550,0
2022-10-10 11:19:00,550,550,555,555,3100
2022-10-10 11:20:00,555,555,555,555,300
2022-10-10 11:21:00,555,555,555,555,0
2022-10-10 11:22:00,555,555,555,555,0
2022-10-10 11:23:00,555,555,555,555,200
2022-10-10 11:24:00,555,555,555,555,0
2022-10-10 11:25:00,555,555,555,555,0
2022-10-10 11:26:00,555,555,555,555,300
2022-10-10 11:27:00,555,555,555,555,0
2022-10-10 11:28:00,555,555,555,555,600
2022-10-10 11:29:00,555,555,555,555,900
2022-10-10 11:30:00,555,555,555,555,0
2022-10-10 11:31:00,555,555,555,555,0
2022-10-10 11:32:00,555,555,555,555,0
2022-10-10 11:33:00,555,555,555,555,0
2022-10-10 11:34:00,555,555,555,555,0
2022-10-10 11:35:00,555,555,555,555,0
2022-10-10 11:36:00,555,555,555,555,0
2022-10-10 11:37:00,555,555,555,555,0
2022-10-10 11:38:00,555,555,555,555,0
2022-10-10 11:39:00,555,555,555,555,0
2022-10-10 11:40:00,555,555,555,555,0
2022-10-10 11:41:00,555,555,555,555,0
2022-10-10 11:42:00,555,555,555,555,0
2022-10-10 11:43:00,555,555,555,555,0
2022-10-10 11:44:00,555,555,555,555,0
2022-10-10 11:45:00,555,555,555,555,0
2022-10-10 11:46:00,555,555,555,555,0
2022-10-10 11:47:00,555,555,555,555,0
2022-10-10 11:48:00,555,555,555,555,0
2022-10-10 11:49:00,555,555,555,555,0
2022-10-10 11:50:00,555,555,555,555,0
2022-10-10 11:51:00,555,555,555,555,0
2022-10-10 11:52:00,555,555,555,555,0
2022-10-10 11:53:00,555,555,555,555,0
2022-10-10 11:54:00,555,555,555,555,0
2022-10-10 11:55:00,555,555,555,555,0
2022-10-10 11:56:00,555,555,555,555,0
2022-10-10 11:57:00,555,555,555,555,0
2022-10-10 11:58:00,555,555,555,555,0
2022-10-10 11:59:00,555,555,555,555,0
2022-10-10 12:00:00,555,555,555,555,0
2022-10-10 12:01:00,555,555,555,555,0
2022-10-10 12:02:00,555,555,555,555,0
2022-10-10 12:03:00,555,555,555,555,0
2022-10-10 12:04:00,555,555,555,555,0
2022-10-10 12:05:00,555,555,555,555,0
2022-10-10 12:06:00,555,555,555,555,0
2022-10-10 12:07:00,555,555,555,555,0
2022-10-10 12:08:00,555,555,555,555,0
2022-10-10 12:09:00,555,555,555,555,0
2022-10-10 12:10:00,555,555,555,555,0
2022-10-10 12:11:00,555,555,555,555,0
2022-10-10 12:12:00,555,555,555,555,0
2022-10-10 12:13:00,555,555,555,555,0
2022-10-10 12:14:00,555,555,555,555,0
2022-10-10 12:15:00,555,555,555,555,0
2022-10-10 12:16:00,555,555,555,555,0
2022-10-10 12:17:00,555,555,555,555,0
2022-10-10 12:18:00,555,555,555,555,0
2022-10-10 12:19:00,555,555,555,555,0
2022-10-10 12:20:00,555,555,555,555,0
2022-10-10 12:21:00,555,555,555,555,0
2022-10-10 12:22:00,555,555,555,555,0
2022-10-10 12:23:00,555,555,555,555,0
2022-10-10 12:24:00,555,555,555,555,0
2022-10-10 12:25:00,555,555,555,555,0
2022-10-10 12:26:00,555,555,555,555,0
2022-10-10 12:27:00,555,555,555,555,0
2022-10-10 12:28:00,555,555,555,555,0
2022-10-10 12:29:00,555,555,555,555,0
2022-10-10 12:30:00,555,555,555,555,0
2022-10-10 12:31:00,555,555,555,555,0
2022-10-10 12:32:00,555,555,555,555,0
2022-10-10 12:33:00,555,555,555,555,0
2022-10-10 12:34:00,555,555,555,555,0
2022-10-10 12:35:00,555,555,555,555,0
2022-10-10 12:36:00,555,555,555,555,0
2022-10-10 12:37:00,555,555,555,555,0
2022-10-10 12:38:00,555,555,555,555,0
2022-10-10 12:39:00,555,555,555,555,0
2022-10-10 12:40:00,555,555,555,555,0
2022-10-10 12:41:00,555,555,555,555,0
2022-10-10 12:42:00,555,555,555,555,0
2022-10-10 12:43:00,555,555,555,555,0
2022-10-10 12:44:00,555,555,555,555,0
2022-10-10 12:45:00,555,555,555,555,0
2022-10-10 12:46:00,555,555,555,555,0
2022-10-10 12:47:00,555,555,555,555,0
2022-10-10 12:48:00,555,555,555,555,0
2022-10-10 12:49:00,555,555,555,555,0
2022-10-10 12:50:00,555,555,555,555,0
2022-10-10 12:51:00,555,555,555,555,0
2022-10-10 12:52:00,555,555,555,555,0
2022-10-10 12:53:00,555,555,555,555,0
2022-10-10 12:54:00,555,555,555,555,0
2022-10-10 12:55:00,555,555,555,555,0
2022-10-10 12:56:00,555,555,555,555,0
2022-10-10 12:57:00,555,555,555,555,0
2022-10-10 12:58:00,555,555,555,555,0
2022-10-10 12:59:00,555,555,555,555,0
2022-10-10 13:00:00,555,555,555,555,0
2022-10-10 13:01:00,555,555,555,555,0
2022-10-10 13:02:00,555,555,555,555,0
2022-10-10 13:03:00,555,555,555,555,0
2022-10-10 13:04:00,555,555,555,555,0
2022-10-10 13:05:00,555,555,555,555,0
2022-10-10 13:06:00,555,555,555,555,0
2022-10-10 13:07:00,555,555,555,555,0
2022-10-10 13:08:00,555,555,555,555,0
2022-10-10 13:09:00,555,555,555,555,0
2022-10-10 13:10:00,555,555,555,555,0
2022-10-10 13:11:00,555,555,555,555,0
2022-10-10 13:12:00,555,555,555,555,0
2022-10-10 13:13:00,555,555,555,555,0
2022-10-10 13:14:00,555,555,555,555,0
2022-10-10 13:15:00,555,555,555,555,0
2022-10-10 13:16:00,555,555,555,555,0
2022-10-10 13:17:00,555,555,555,555,0
2022-10-10 13:18:00,555,555,555,555,0
2022-10-10 13:19:00,555,555,555,555,0
2022-10-10 13:20:00,555,555,555,555,0
2022-10-10 13:21:00,555,555,555,555,0
2022-10-10 13:22:00,555,555,555,555,0
2022-10-10 13:23:00,555,555,555,555,0
2022-10-10 13:24:00,555,555,555,555,0
2022-10-10 13:25:00,555,555,555,555,0
2022-10-10 13:26:00,555,555,555,555,0
2022-10-10 13:27:00,555,555,555,555,0
2022-10-10 13:28:00,555,555,555,555,0
2022-10-10 13:29:00,555,555,555,555,0
2022-10-10 13:30:00,555,555,555,555,700
2022-10-10 13:31:00,555,555,555,555,0
2022-10-10 13:32:00,555,555,555,555,0
2022-10-10 13:33:00,555,555,555,555,0
2022-10-10 13:34:00,555,555,555,555,0
2022-10-10 13:35:00,555,555,555,555,0
2022-10-10 13:36:00,555,555,555,555,0
2022-10-10 13:37:00,555,555,555,555,0
2022-10-10 13:38:00,555,555,555,555,200
2022-10-10 13:39:00,555,555,555,555,0
2022-10-10 13:40:00,555,555,555,555,0
2022-10-10 13:41:00,555,555,555,555,0
2022-10-10 13:42:00,555,555,555,555,1000
2022-10-10 13:43:00,555,555,555,555,0
2022-10-10 13:44:00,555,555,555,555,0
2022-10-10 13:45:00,555,555,555,555,0
2022-10-10 13:46:00,555,555,555,555,0
2022-10-10 13:47:00,555,555,555,555,0
2022-10-10 13:48:00,555,555,555,555,0
2022-10-10 13:49:00,555,555,555,555,0
2022-10-10 13:50:00,555,555,555,555,0
2022-10-10 13:51:00,555,555,555,555,0
2022-10-10 13:52:00,550,550,550,550,8100
2022-10-10 13:53:00,555,555,555,555,0
2022-10-10 13:54:00,555,555,555,555,0
2022-10-10 13:55:00,555,555,555,555,0
2022-10-10 13:56:00,555,555,555,555,0
2022-10-10 13:57:00,555,555,555,555,0
2022-10-10 13:58:00,555,555,555,555,0
2022-10-10 13:59:00,555,555,555,555,0
2022-10-10 14:00:00,555,555,555,555,0
2022-10-10 14:01:00,555,555,555,555,0
2022-10-10 14:02:00,550,550,555,555,4600
2022-10-10 14:03:00,550,550,555,555,0
2022-10-10 14:04:00,550,550,555,555,0
2022-10-10 14:05:00,550,550,555,555,0
2022-10-10 14:06:00,550,550,555,555,0
2022-10-10 14:07:00,550,550,555,555,0
2022-10-10 14:08:00,550,550,555,555,0
2022-10-10 14:09:00,550,550,555,555,0
2022-10-10 14:10:00,550,550,555,555,0
2022-10-10 14:11:00,550,550,555,555,0
2022-10-10 14:12:00,550,550,555,555,0
2022-10-10 14:13:00,550,550,555,555,0
2022-10-10 14:14:00,550,550,555,555,0
2022-10-10 14:15:00,550,550,555,555,0
2022-10-10 14:16:00,550,550,555,555,0
2022-10-10 14:17:00,550,550,555,555,0
2022-10-10 14:18:00,550,550,555,555,0
2022-10-10 14:19:00,550,550,555,555,0
2022-10-10 14:20:00,550,550,555,555,0
2022-10-10 14:21:00,550,550,555,555,0
2022-10-10 14:22:00,550,550,555,555,0
2022-10-10 14:23:00,550,550,555,555,0
2022-10-10 14:24:00,550,550,555,555,0
2022-10-10 14:25:00,550,550,555,555,0
2022-10-10 14:26:00,550,550,555,555,0
2022-10-10 14:27:00,550,550,555,555,0
2022-10-10 14:28:00,550,550,555,555,0
2022-10-10 14:29:00,550,550,555,555,0
2022-10-10 14:30:00,550,550,555,555,0
2022-10-10 14:31:00,550,550,555,555,0
2022-10-10 14:32:00,550,550,555,555,0
2022-10-10 14:33:00,550,550,555,555,0
2022-10-10 14:34:00,555,555,555,555,300
2022-10-10 14:35:00,555,555,555,555,700
2022-10-10 14:36:00,550,550,555,555,100
2022-10-10 14:37:00,550,550,555,555,0
2022-10-10 14:38:00,550,550,555,555,0
2022-10-10 14:39:00,550,550,555,555,0
2022-10-10 14:40:00,550,550,555,555,0
2022-10-10 14:41:00,550,550,555,555,0
2022-10-10 14:42:00,550,550,555,555,0
2022-10-10 14:43:00,555,555,555,555,44400
2022-10-10 14:44:00,555,555,555,555,0
2022-10-10 14:45:00,555,555,555,555,0
2022-10-10 14:46:00,555,555,555,555,0
2022-10-10 14:47:00,555,555,555,555,300
2022-10-10 14:48:00,555,555,555,555,100
2022-10-10 14:49:00,555,555,560,560,20600
2022-10-10 14:50:00,555,555,560,560,0
2022-10-10 14:51:00,555,555,560,560,0
2022-10-10 14:52:00,555,555,560,560,0
2022-10-10 14:53:00,555,555,560,560,0
2022-10-10 14:54:00,555,555,560,560,0
2022-10-10 14:55:00,555,555,560,560,0
2022-10-10 14:56:00,555,555,560,560,0
2022-10-10 14:57:00,555,555,560,560,0
2022-10-10 14:58:00,555,555,560,560,0
2022-10-10 14:59:00,555,555,560,560,0
2022-10-10 15:00:00,560,560,560,560,358300
2022-10-10 15:01:00,560,560,560,560,0
2022-10-10 15:02:00,560,560,560,560,0
2022-10-10 15:03:00,560,560,560,560,0
2022-10-10 15:04:00,560,560,560,560,0
2022-10-10 15:05:00,560,560,560,560,0
2022-10-10 15:06:00,560,560,560,560,0
2022-10-10 15:07:00,560,560,560,560,0
2022-10-10 15:08:00,560,560,560,560,0
2022-10-10 15:09:00,560,560,560,560,0
2022-10-10 15:10:00,560,560,560,560,0
2022-10-10 15:11:00,560,560,560,560,0
2022-10-10 15:12:00,560,560,560,560,0
2022-10-10 15:13:00,560,560,560,560,0
2022-10-10 15:14:00,560,560,560,560,0
2022-10-10 15:15:00,560,560,560,560,0
2022-10-10 15:16:00,560,560,560,560,0
2022-10-10 15:17:00,560,560,560,560,0
2022-10-10 15:18:00,560,560,560,560,0
2022-10-10 15:19:00,560,560,560,560,0
2022-10-10 15:20:00,560,560,560,560,0
2022-10-10 15:21:00,560,560,560,560,0
2022-10-10 15:22:00,560,560,560,560,0
2022-10-10 15:23:00,560,560,560,560,0
2022-10-10 15:24:00,560,560,560,560,0
2022-10-10 15:25:00,560,560,560,560,0
2022-10-10 15:26:00,560,560,560,560,0
2022-10-10 15:27:00,560,560,560,560,0
2022-10-10 15:28:00,560,560,560,560,0
2022-10-10 15:29:00,560,560,560,560,0
2022-10-10 15:30:00,560,560,560,560,0
2022-10-10 15:31:00,560,560,560,560,0
2022-10-10 15:32:00,560,560,560,560,0
2022-10-10 15:33:00,560,560,560,560,0
2022-10-10 15:34:00,560,560,560,560,0
2022-10-10 15:35:00,560,560,560,560,0
2022-10-10 15:36:00,560,560,560,560,0
2022-10-10 15:37:00,560,560,560,560,0
2022-10-10 15:38:00,560,560,560,560,0
2022-10-10 15:39:00,560,560,560,560,0
2022-10-10 15:40:00,560,560,560,560,0
2022-10-10 15:41:00,560,560,560,560,0
2022-10-10 15:42:00,560,560,560,560,0
2022-10-10 15:43:00,560,560,560,560,0
2022-10-10 15:44:00,560,560,560,560,0
2022-10-10 15:45:00,560,560,560,560,0
2022-10-10 15:46:00,560,560,560,560,0
2022-10-10 15:47:00,560,560,560,560,0
2022-10-10 15:48:00,560,560,560,560,0
2022-10-10 15:49:00,560,560,560,560,0
2022-10-10 15:50:00,560,560,560,560,0
2022-10-10 15:51:00,560,560,560,560,0
2022-10-10 15:52:00,560,560,560,560,0
2022-10-10 15:53:00,560,560,560,560,0
2022-10-10 15:54:00,560,560,560,560,0
2022-10-10 15:55:00,560,560,560,560,0
2022-10-10 15:56:00,560,560,560,560,0
2022-10-10 15:57:00,560,560,560,560,0
2022-10-10 15:58:00,560,560,560,560,0
2022-10-10 15:59:00,560,560,560,560,0
2022-10-11 09:00:00,560,560,560,560,0
2022-10-11 09:01:00,560,560,560,560,0
2022-10-11 09:02:00,560,560,560,560,0
2022-10-11 09:03:00,560,560,560,560,0
2022-10-11 09:04:00,560,560,560,560,0
2022-10-11 09:05:00,560,560,560,560,0
2022-10-11 09:06:00,560,560,560,560,0
2022-10-11 09:07:00,555,555,555,555,0
2022-10-11 09:08:00,555,555,555,555,0
2022-10-11 09:09:00,555,555,555,555,0
2022-10-11 09:10:00,555,555,555,555,0
2022-10-11 09:11:00,555,555,555,555,1000
2022-10-11 09:12:00,555,555,555,555,0
2022-10-11 09:13:00,555,555,555,555,0
2022-10-11 09:14:00,555,555,555,555,0
2022-10-11 09:15:00,555,555,555,555,0
2022-10-11 09:16:00,555,555,555,555,0
2022-10-11 09:17:00,550,550,555,555,800
2022-10-11 09:18:00,550,550,555,555,0
2022-10-11 09:19:00,550,550,555,555,0
2022-10-11 09:20:00,550,550,555,555,0
2022-10-11 09:21:00,550,550,555,555,0
2022-10-11 09:22:00,550,550,555,555,0
2022-10-11 09:23:00,550,550,555,555,0
2022-10-11 09:24:00,550,550,555,555,2500
2022-10-11 09:25:00,555,555,555,555,400
2022-10-11 09:26:00,555,555,555,555,0
2022-10-11 09:27:00,555,555,555,555,0
2022-10-11 09:28:00,555,555,555,555,0
2022-10-11 09:29:00,555,555,555,555,0
2022-10-11 09:30:00,555,555,555,555,0
2022-10-11 09:31:00,555,555,555,555,0
2022-10-11 09:32:00,555,555,555,555,0
2022-10-11 09:33:00,555,555,555,555,0
2022-10-11 09:34:00,555,555,555,555,0
2022-10-11 09:35:00,555,555,555,555,0
2022-10-11 09:36:00,555,555,555,555,0
2022-10-11 09:37:00,555,555,555,555,0
2022-10-11 09:38:00,555,555,555,555,0
2022-10-11 09:39:00,555,555,555,555,0
2022-10-11 09:40:00,555,555,555,555,0
2022-10-11 09:41:00,555,555,555,555,0
2022-10-11 09:42:00,555,555,555,555,0
2022-10-11 09:43:00,555,555,555,555,0
2022-10-11 09:44:00,555,555,555,555,2000
2022-10-11 09:45:00,555,555,555,555,0
2022-10-11 09:46:00,555,555,555,555,0
2022-10-11 09:47:00,555,555,555,555,0
2022-10-11 09:48:00,555,555,555,555,0
2022-10-11 09:49:00,555,555,555,555,0
2022-10-11 09:50:00,555,555,555,555,0
2022-10-11 09:51:00,555,555,555,555,0
2022-10-11 09:52:00,555,555,555,555,0
2022-10-11 09:53:00,555,555,555,555,0
2022-10-11 09:54:00,555,555,555,555,0
2022-10-11 09:55:00,555,555,555,555,0
2022-10-11 09:56:00,555,555,555,555,0
2022-10-11 09:57:00,555,555,555,555,0
2022-10-11 09:58:00,555,555,555,555,0
2022-10-11 09:59:00,555,555,555,555,0
2022-10-11 10:00:00,555,555,555,555,0
2022-10-11 10:01:00,555,555,555,555,0
2022-10-11 10:02:00,555,555,555,555,0
2022-10-11 10:03:00,555,555,555,555,0
2022-10-11 10:04:00,555,555,555,555,0
2022-10-11 10:05:00,555,555,555,555,0
2022-10-11 10:06:00,555,555,555,555,0
2022-10-11 10:07:00,555,555,555,555,0
2022-10-11 10:08:00,550,550,555,555,700
2022-10-11 10:09:00,550,550,555,555,0
2022-10-11 10:10:00,550,550,555,555,0
2022-10-11 10:11:00,550,550,555,555,0
2022-10-11 10:12:00,550,550,555,555,700
2022-10-11 10:13:00,550,550,555,555,0
2022-10-11 10:14:00,550,550,555,555,0
2022-10-11 10:15:00,550,550,555,555,0
2022-10-11 10:16:00,555,555,555,555,600
2022-10-11 10:17:00,555,555,555,555,0
2022-10-11 10:18:00,555,555,555,555,0
2022-10-11 10:19:00,555,555,555,555,0
2022-10-11 10:20:00,555,555,555,555,0
2022-10-11 10:21:00,555,555,555,555,0
2022-10-11 10:22:00,555,555,555,555,0
2022-10-11 10:23:00,555,555,555,555,0
2022-10-11 10:24:00,555,555,555,555,0
2022-10-11 10:25:00,555,555,555,555,300
2022-10-11 10:26:00,555,555,555,555,0
2022-10-11 10:27:00,555,555,555,555,0
2022-10-11 10:28:00,555,555,555,555,0
2022-10-11 10:29:00,555,555,555,555,0
2022-10-11 10:30:00,555,555,555,555,0
2022-10-11 10:31:00,555,555,555,555,0
2022-10-11 10:32:00,555,555,555,555,0
2022-10-11 10:33:00,555,555,555,555,200
2022-10-11 10:34:00,555,555,555,555,0
2022-10-11 10:35:00,555,555,555,555,0
2022-10-11 10:36:00,555,555,555,555,0
2022-10-11 10:37:00,555,555,555,555,0
2022-10-11 10:38:00,555,555,555,555,0
2022-10-11 10:39:00,555,555,555,555,0
2022-10-11 10:40:00,555,555,555,555,0
2022-10-11 10:41:00,555,555,555,555,0
2022-10-11 10:42:00,555,555,555,555,0
2022-10-11 10:43:00,555,555,555,555,0
2022-10-11 10:44:00,555,555,555,555,0
2022-10-11 10:45:00,555,555,555,555,300
2022-10-11 10:46:00,555,555,555,555,0
2022-10-11 10:47:00,555,555,555,555,0
2022-10-11 10:48:00,555,555,555,555,0
2022-10-11 10:49:00,555,555,555,555,0
2022-10-11 10:50:00,555,555,555,555,0
2022-10-11 10:51:00,555,555,555,555,0
2022-10-11 10:52:00,555,555,555,555,0
2022-10-11 10:53:00,555,555,555,555,0
2022-10-11 10:54:00,555,555,555,555,0
2022-10-11 10:55:00,555,555,555,555,0
2022-10-11 10:56:00,555,555,555,555,0
2022-10-11 10:57:00,555,555,555,555,0
2022-10-11 10:58:00,555,555,555,555,0
2022-10-11 10:59:00,555,555,555,555,0
2022-10-11 11:00:00,555,555,555,555,0
2022-10-11 11:01:00,555,555,555,555,0
2022-10-11 11:02:00,555,555,555,555,0
2022-10-11 11:03:00,555,555,555,555,0
2022-10-11 11:04:00,555,555,555,555,0
2022-10-11 11:05:00,555,555,555,555,0
2022-10-11 11:06:00,555,555,555,555,0
2022-10-11 11:07:00,555,555,555,555,0
2022-10-11 11:08:00,555,555,555,555,0
2022-10-11 11:09:00,555,555,555,555,0
2022-10-11 11:10:00,555,555,555,555,600
2022-10-11 11:11:00,555,555,555,555,0
2022-10-11 11:12:00,555,555,555,555,0
2022-10-11 11:13:00,555,555,555,555,0
2022-10-11 11:14:00,555,555,555,555,0
2022-10-11 11:15:00,555,555,555,555,0
2022-10-11 11:16:00,550,550,550,550,1700
2022-10-11 11:17:00,555,555,555,555,0
2022-10-11 11:18:00,555,555,555,555,0
2022-10-11 11:19:00,555,555,555,555,0
2022-10-11 11:20:00,555,555,555,555,0
2022-10-11 11:21:00,555,555,555,555,0
2022-10-11 11:22:00,555,555,555,555,0
2022-10-11 11:23:00,555,555,555,555,0
2022-10-11 11:24:00,555,555,555,555,500
2022-10-11 11:25:00,555,555,555,555,0
2022-10-11 11:26:00,555,555,555,555,0
2022-10-11 11:27:00,555,555,555,555,0
2022-10-11 11:28:00,555,555,555,555,0
2022-10-11 11:29:00,555,555,555,555,0
2022-10-11 11:30:00,555,555,555,555,0
2022-10-11 11:31:00,555,555,555,555,0
2022-10-11 11:32:00,555,555,555,555,0
2022-10-11 11:33:00,555,555,555,555,0
2022-10-11 11:34:00,555,555,555,555,0
2022-10-11 11:35:00,555,555,555,555,0
2022-10-11 11:36:00,555,555,555,555,0
2022-10-11 11:37:00,555,555,555,555,0
2022-10-11 11:38:00,555,555,555,555,0
2022-10-11 11:39:00,555,555,555,555,0
2022-10-11 11:40:00,555,555,555,555,0
2022-10-11 11:41:00,555,555,555,555,0
2022-10-11 11:42:00,555,555,555,555,0
2022-10-11 11:43:00,555,555,555,555,0
2022-10-11 11:44:00,555,555,555,555,0
2022-10-11 11:45:00,555,555,555,555,0
2022-10-11 11:46:00,555,555,555,555,0
2022-10-11 11:47:00,555,555,555,555,0
2022-10-11 11:48:00,555,555,555,555,0
2022-10-11 11:49:00,555,555,555,555,0
2022-10-11 11:50:00,555,555,555,555,0
2022-10-11 11:51:00,555,555,555,555,0
2022-10-11 11:52:00,555,555,555,555,0
2022-10-11 11:53:00,555,555,555,555,0
2022-10-11 11:54:00,555,555,555,555,0
2022-10-11 11:55:00,555,555,555,555,0
2022-10-11 11:56:00,555,555,555,555,0
2022-10-11 11:57:00,555,555,555,555,0
2022-10-11 11:58:00,555,555,555,555,0
2022-10-11 11:59:00,555,555,555,555,0
2022-10-11 12:00:00,555,555,555,555,0
2022-10-11 12:01:00,555,555,555,555,0
2022-10-11 12:02:00,555,555,555,555,0
2022-10-11 12:03:00,555,555,555,555,0
2022-10-11 12:04:00,555,555,555,555,0
2022-10-11 12:05:00,555,555,555,555,0
2022-10-11 12:06:00,555,555,555,555,0
2022-10-11 12:07:00,555,555,555,555,0
2022-10-11 12:08:00,555,555,555,555,0
2022-10-11 12:09:00,555,555,555,555,0
2022-10-11 12:10:00,555,555,555,555,0
2022-10-11 12:11:00,555,555,555,555,0
2022-10-11 12:12:00,555,555,555,555,0
2022-10-11 12:13:00,555,555,555,555,0
2022-10-11 12:14:00,555,555,555,555,0
2022-10-11 12:15:00,555,555,555,555,0
2022-10-11 12:16:00,555,555,555,555,0
2022-10-11 12:17:00,555,555,555,555,0
2022-10-11 12:18:00,555,555,555,555,0
2022-10-11 12:19:00,555,555,555,555,0
2022-10-11 12:20:00,555,555,555,555,0
2022-10-11 12:21:00,555,555,555,555,0
2022-10-11 12:22:00,555,555,555,555,0
2022-10-11 12:23:00,555,555,555,555,0
2022-10-11 12:24:00,555,555,555,555,0
2022-10-11 12:25:00,555,555,555,555,0
2022-10-11 12:26:00,555,555,555,555,0
2022-10-11 12:27:00,555,555,555,555,0
2022-10-11 12:28:00,555,555,555,555,0
2022-10-11 12:29:00,555,555,555,555,0
2022-10-11 12:30:00,555,555,555,555,0
2022-10-11 12:31:00,555,555,555,555,0
2022-10-11 12:32:00,555,555,555,555,0
2022-10-11 12:33:00,555,555,555,555,0
2022-10-11 12:34:00,555,555,555,555,0
2022-10-11 12:35:00,555,555,555,555,0
2022-10-11 12:36:00,555,555,555,555,0
2022-10-11 12:37:00,555,555,555,555,0
2022-10-11 12:38:00,555,555,555,555,0
2022-10-11 12:39:00,555,555,555,555,0
2022-10-11 12:40:00,555,555,555,555,0
2022-10-11 12:41:00,555,555,555,555,0
2022-10-11 12:42:00,555,555,555,555,0
2022-10-11 12:43:00,555,555,555,555,0
2022-10-11 12:44:00,555,555,555,555,0
2022-10-11 12:45:00,555,555,555,555,0
2022-10-11 12:46:00,555,555,555,555,0
2022-10-11 12:47:00,555,555,555,555,0
2022-10-11 12:48:00,555,555,555,555,0
2022-10-11 12:49:00,555,555,555,555,0
2022-10-11 12:50:00,555,555,555,555,0
2022-10-11 12:51:00,555,555,555,555,0
2022-10-11 12:52:00,555,555,555,555,0
2022-10-11 12:53:00,555,555,555,555,0
2022-10-11 12:54:00,555,555,555,555,0
2022-10-11 12:55:00,555,555,555,555,0
2022-10-11 12:56:00,555,555,555,555,0
2022-10-11 12:57:00,555,555,555,555,0
2022-10-11 12:58:00,555,555,555,555,0
2022-10-11 12:59:00,555,555,555,555,0
2022-10-11 13:00:00,555,555,555,555,0
2022-10-11 13:01:00,555,555,555,555,0
2022-10-11 13:02:00,555,555,555,555,0
2022-10-11 13:03:00,555,555,555,555,0
2022-10-11 13:04:00,555,555,555,555,0
2022-10-11 13:05:00,555,555,555,555,0
2022-10-11 13:06:00,555,555,555,555,0
2022-10-11 13:07:00,555,555,555,555,0
2022-10-11 13:08:00,555,555,555,555,0
2022-10-11 13:09:00,555,555,555,555,0
2022-10-11 13:10:00,555,555,555,555,0
2022-10-11 13:11:00,555,555,555,555,0
2022-10-11 13:12:00,555,555,555,555,0
2022-10-11 13:13:00,555,555,555,555,0
2022-10-11 13:14:00,555,555,555,555,0
2022-10-11 13:15:00,555,555,555,555,0
2022-10-11 13:16:00,555,555,555,555,0
2022-10-11 13:17:00,555,555,555,555,0
2022-10-11 13:18:00,555,555,555,555,0
2022-10-11 13:19:00,555,555,555,555,0
2022-10-11 13:20:00,555,555,555,555,0
2022-10-11 13:21:00,555,555,555,555,0
2022-10-11 13:22:00,555,555,555,555,0
2022-10-11 13:23:00,555,555,555,555,0
2022-10-11 13:24:00,555,555,555,555,0
2022-10-11 13:25:00,555,555,555,555,0
2022-10-11 13:26:00,555,555,555,555,0
2022-10-11 13:27:00,555,555,555,555,0
2022-10-11 13:28:00,555,555,555,555,0
2022-10-11 13:29:00,555,555,555,555,0
2022-10-11 13:30:00,555,555,555,555,0
2022-10-11 13:31:00,555,555,555,555,0
2022-10-11 13:32:00,555,555,555,555,0
2022-10-11 13:33:00,555,555,555,555,0
2022-10-11 13:34:00,555,555,555,555,0
2022-10-11 13:35:00,555,555,555,555,300
2022-10-11 13:36:00,555,555,555,555,0
2022-10-11 13:37:00,555,555,555,555,0
2022-10-11 13:38:00,555,555,555,555,0
2022-10-11 13:39:00,555,555,555,555,0
2022-10-11 13:40:00,550,550,550,550,4400
2022-10-11 13:41:00,555,555,555,555,0
2022-10-11 13:42:00,555,555,555,555,0
2022-10-11 13:43:00,555,555,555,555,0
2022-10-11 13:44:00,555,555,555,555,0
2022-10-11 13:45:00,555,555,555,555,0
2022-10-11 13:46:00,555,555,555,555,0
2022-10-11 13:47:00,555,555,555,555,0
2022-10-11 13:48:00,555,555,555,555,0
2022-10-11 13:49:00,555,555,555,555,0
2022-10-11 13:50:00,555,555,555,555,0
2022-10-11 13:51:00,555,555,555,555,0
2022-10-11 13:52:00,555,555,555,555,0
2022-10-11 13:53:00,555,555,555,555,0
2022-10-11 13:54:00,555,555,555,555,0
2022-10-11 13:55:00,555,555,555,555,0
2022-10-11 13:56:00,555,555,555,555,0
2022-10-11 13:57:00,555,555,555,555,0
2022-10-11 13:58:00,555,555,555,555,600
2022-10-11 13:59:00,555,555,555,555,0
2022-10-11 14:00:00,555,555,555,555,0
2022-10-11 14:01:00,555,555,555,555,0
2022-10-11 14:02:00,555,555,555,555,0
2022-10-11 14:03:00,555,555,555,555,0
2022-10-11 14:04:00,555,555,555,555,0
2022-10-11 14:05:00,555,555,555,555,0
2022-10-11 14:06:00,555,555,555,555,0
2022-10-11 14:07:00,555,555,555,555,0
2022-10-11 14:08:00,555,555,555,555,0
2022-10-11 14:09:00,555,555,555,555,0
2022-10-11 14:10:00,555,555,555,555,0
2022-10-11 14:11:00,555,555,555,555,0
2022-10-11 14:12:00,555,555,555,555,0
2022-10-11 14:13:00,555,555,555,555,9300
2022-10-11 14:14:00,555,555,555,555,0
2022-10-11 14:15:00,555,555,555,555,0
2022-10-11 14:16:00,555,555,555,555,0
2022-10-11 14:17:00,555,555,555,555,0
2022-10-11 14:18:00,555,555,555,555,0
2022-10-11 14:19:00,555,555,555,555,0
2022-10-11 14:20:00,555,555,555,555,0
2022-10-11 14:21:00,555,555,555,555,0
2022-10-11 14:22:00,555,555,555,555,0
2022-10-11 14:23:00,555,555,555,555,100
2022-10-11 14:24:00,555,555,555,555,0
2022-10-11 14:25:00,555,555,555,555,0
2022-10-11 14:26:00,555,555,555,555,0
2022-10-11 14:27:00,555,555,555,555,0
2022-10-11 14:28:00,555,555,555,555,1000
2022-10-11 14:29:00,555,555,555,555,0
2022-10-11 14:30:00,555,555,555,555,0
2022-10-11 14:31:00,555,555,555,555,0
2022-10-11 14:32:00,555,555,555,555,0
2022-10-11 14:33:00,555,555,555,555,0
2022-10-11 14:34:00,555,555,555,555,0
2022-10-11 14:35:00,555,555,555,555,0
2022-10-11 14:36:00,555,555,555,555,0
2022-10-11 14:37:00,555,555,555,555,0
2022-10-11 14:38:00,555,555,555,555,0
2022-10-11 14:39:00,555,555,555,555,0
2022-10-11 14:40:00,555,555,555,555,0
2022-10-11 14:41:00,555,555,555,555,0
2022-10-11 14:42:00,550,550,550,550,4000
2022-10-11 14:43:00,555,555,555,555,0
2022-10-11 14:44:00,555,555,555,555,0
2022-10-11 14:45:00,555,555,555,555,600
2022-10-11 14:46:00,555,550,555,550,11300
2022-10-11 14:47:00,550,550,555,555,22400
2022-10-11 14:48:00,555,555,555,555,100
2022-10-11 14:49:00,555,555,555,555,1000
2022-10-11 14:50:00,555,555,555,555,0
2022-10-11 14:51:00,555,555,555,555,0
2022-10-11 14:52:00,555,555,555,555,0
2022-10-11 14:53:00,555,555,555,555,0
2022-10-11 14:54:00,555,555,555,555,0
2022-10-11 14:55:00,555,555,555,555,0
2022-10-11 14:56:00,555,555,555,555,0
2022-10-11 14:57:00,555,555,555,555,0
2022-10-11 14:58:00,555,555,555,555,0
2022-10-11 14:59:00,555,555,555,555,0
2022-10-11 15:00:00,555,555,555,555,97600
2022-10-11 15:01:00,555,555,555,555,17700
2022-10-11 15:02:00,555,555,555,555,0
2022-10-11 15:03:00,555,555,555,555,180100
2022-10-11 15:04:00,555,555,555,555,0
2022-10-11 15:05:00,555,555,555,555,0
2022-10-11 15:06:00,555,555,555,555,0
2022-10-11 15:07:00,555,555,555,555,0
2022-10-11 15:08:00,555,555,555,555,0
2022-10-11 15:09:00,555,555,555,555,0
2022-10-11 15:10:00,555,555,555,555,0
2022-10-11 15:11:00,555,555,555,555,0
2022-10-11 15:12:00,555,555,555,555,0
2022-10-11 15:13:00,555,555,555,555,0
2022-10-11 15:14:00,555,555,555,555,0
2022-10-11 15:15:00,555,555,555,555,0
2022-10-11 15:16:00,555,555,555,555,0
2022-10-11 15:17:00,555,555,555,555,0
2022-10-11 15:18:00,555,555,555,555,0
2022-10-11 15:19:00,555,555,555,555,0
2022-10-11 15:20:00,555,555,555,555,0
2022-10-11 15:21:00,555,555,555,555,0
2022-10-11 15:22:00,555,555,555,555,0
2022-10-11 15:23:00,555,555,555,555,0
2022-10-11 15:24:00,555,555,555,555,0
2022-10-11 15:25:00,555,555,555,555,0
2022-10-11 15:26:00,555,555,555,555,0
2022-10-11 15:27:00,555,555,555,555,0
2022-10-11 15:28:00,555,555,555,555,0
2022-10-11 15:29:00,555,555,555,555,0
2022-10-11 15:30:00,555,555,555,555,0
2022-10-11 15:31:00,555,555,555,555,0
2022-10-11 15:32:00,555,555,555,555,0
2022-10-11 15:33:00,555,555,555,555,0
2022-10-11 15:34:00,555,555,555,555,0
2022-10-11 15:35:00,555,555,555,555,0
2022-10-11 15:36:00,555,555,555,555,0
2022-10-11 15:37:00,555,555,555,555,0
2022-10-11 15:38:00,555,555,555,555,0
2022-10-11 15:39:00,555,555,555,555,0
2022-10-11 15:40:00,555,555,555,555,0
2022-10-11 15:41:00,555,555,555,555,0
2022-10-11 15:42:00,555,555,555,555,0
2022-10-11 15:43:00,555,555,555,555,0
2022-10-11 15:44:00,555,555,555,555,0
2022-10-11 15:45:00,555,555,555,555,0
2022-10-11 15:46:00,555,555,555,555,0
2022-10-11 15:47:00,555,555,555,555,0
2022-10-11 15:48:00,555,555,555,555,0
2022-10-11 15:49:00,555,555,555,555,0
2022-10-11 15:50:00,555,555,555,555,0
2022-10-11 15:51:00,555,555,555,555,0
2022-10-11 15:52:00,555,555,555,555,0
2022-10-11 15:53:00,555,555,555,555,0
2022-10-11 15:54:00,555,555,555,555,0
2022-10-11 15:55:00,555,555,555,555,0
2022-10-11 15:56:00,555,555,555,555,0
2022-10-11 15:57:00,555,555,555,555,0
2022-10-11 15:58:00,555,555,555,555,0
2022-10-11 15:59:00,555,555,555,555,0
2022-10-12 09:00:00,550,550,550,550,0
2022-10-12 09:01:00,550,550,550,550,0
2022-10-12 09:02:00,550,550,550,550,1300
2022-10-12 09:03:00,550,550,550,550,0
2022-10-12 09:04:00,550,550,550,550,5900
2022-10-12 09:05:00,550,550,550,550,0
2022-10-12 09:06:00,550,550,550,550,1200
2022-10-12 09:07:00,550,545,550,545,3600
2022-10-12 09:08:00,550,550,550,550,0
2022-10-12 09:09:00,550,545,550,550,4000
2022-10-12 09:10:00,550,550,550,550,0
2022-10-12 09:11:00,550,550,550,550,0
2022-10-12 09:12:00,550,550,550,550,800
2022-10-12 09:13:00,550,550,550,550,0
2022-10-12 09:14:00,550,550,550,550,0
2022-10-12 09:15:00,550,550,550,550,0
2022-10-12 09:16:00,550,550,550,550,1400
2022-10-12 09:17:00,550,550,550,550,0
2022-10-12 09:18:00,550,550,550,550,0
2022-10-12 09:19:00,550,550,550,550,0
2022-10-12 09:20:00,550,550,550,550,100
2022-10-12 09:21:00,550,550,550,550,18800
2022-10-12 09:22:00,550,550,550,550,0
2022-10-12 09:23:00,550,550,550,550,800
2022-10-12 09:24:00,545,545,550,550,500
2022-10-12 09:25:00,550,550,550,550,1000
2022-10-12 09:26:00,550,550,550,550,0
2022-10-12 09:27:00,550,550,550,550,0
2022-10-12 09:28:00,550,550,550,550,1500
2022-10-12 09:29:00,550,550,550,550,0
2022-10-12 09:30:00,550,550,550,550,600
2022-10-12 09:31:00,550,550,550,550,10000
2022-10-12 09:32:00,555,555,555,555,0
2022-10-12 09:33:00,555,555,555,555,0
2022-10-12 09:34:00,555,555,555,555,0
2022-10-12 09:35:00,555,555,555,555,0
2022-10-12 09:36:00,555,555,555,555,700
2022-10-12 09:37:00,555,555,555,555,3100
2022-10-12 09:38:00,555,555,555,555,0
2022-10-12 09:39:00,555,555,555,555,0
2022-10-12 09:40:00,555,555,555,555,0
2022-10-12 09:41:00,555,555,555,555,1600
2022-10-12 09:42:00,555,555,555,555,0
2022-10-12 09:43:00,555,555,555,555,0
2022-10-12 09:44:00,555,555,555,555,0
2022-10-12 09:45:00,555,555,555,555,0
2022-10-12 09:46:00,555,555,555,555,0
2022-10-12 09:47:00,555,555,555,555,0
2022-10-12 09:48:00,555,555,555,555,0
2022-10-12 09:49:00,555,555,555,555,0
2022-10-12 09:50:00,555,555,555,555,0
2022-10-12 09:51:00,555,555,555,555,0
2022-10-12 09:52:00,555,555,555,555,0
2022-10-12 09:53:00,555,555,555,555,300
2022-10-12 09:54:00,555,555,555,555,0
2022-10-12 09:55:00,555,555,555,555,400
2022-10-12 09:56:00,555,555,555,555,0
2022-10-12 09:57:00,555,555,555,555,0
2022-10-12 09:58:00,555,555,555,555,0
2022-10-12 09:59:00,555,555,555,555,0
2022-10-12 10:00:00,555,555,555,555,0
2022-10-12 10:01:00,555,555,555,555,0
2022-10-12 10:02:00,555,555,555,555,0
2022-10-12 10:03:00,555,555,555,555,0
2022-10-12 10:04:00,555,555,555,555,0
2022-10-12 10:05:00,555,555,555,555,0
2022-10-12 10:06:00,555,555,555,555,0
2022-10-12 10:07:00,555,555,555,555,0
2022-10-12 10:08:00,555,555,555,555,0
2022-10-12 10:09:00,555,555,555,555,0
2022-10-12 10:10:00,555,555,555,555,0
2022-10-12 10:11:00,555,555,555,555,0
2022-10-12 10:12:00,555,555,555,555,0
2022-10-12 10:13:00,555,555,555,555,0
2022-10-12 10:14:00,550,550,550,550,10100
2022-10-12 10:15:00,550,550,550,550,0
2022-10-12 10:16:00,555,555,555,555,500
2022-10-12 10:17:00,555,555,555,555,0
2022-10-12 10:18:00,555,555,555,555,100
2022-10-12 10:19:00,555,555,555,555,0
2022-10-12 10:20:00,555,555,555,555,0
2022-10-12 10:21:00,555,555,555,555,0
2022-10-12 10:22:00,555,555,555,555,0
2022-10-12 10:23:00,555,555,555,555,0
2022-10-12 10:24:00,555,555,555,555,0
2022-10-12 10:25:00,555,555,555,555,0
2022-10-12 10:26:00,555,555,555,555,0
2022-10-12 10:27:00,550,550,550,550,6400
2022-10-12 10:28:00,550,550,555,555,0
2022-10-12 10:29:00,550,550,555,555,0
2022-10-12 10:30:00,550,550,555,555,0
2022-10-12 10:31:00,550,550,555,555,0
2022-10-12 10:32:00,550,550,555,555,0
2022-10-12 10:33:00,550,550,555,555,0
2022-10-12 10:34:00,550,550,555,555,0
2022-10-12 10:35:00,550,550,555,555,0
2022-10-12 10:36:00,550,550,555,555,0
2022-10-12 10:37:00,550,550,555,555,0
2022-10-12 10:38:00,555,555,555,555,300
2022-10-12 10:39:00,555,555,555,555,0
2022-10-12 10:40:00,555,555,555,555,300
2022-10-12 10:41:00,555,555,555,555,0
2022-10-12 10:42:00,555,555,555,555,0
2022-10-12 10:43:00,555,555,555,555,0
2022-10-12 10:44:00,555,555,555,555,800
2022-10-12 10:45:00,555,555,555,555,0
2022-10-12 10:46:00,555,555,555,555,0
2022-10-12 10:47:00,555,555,555,555,4600
2022-10-12 10:48:00,555,555,555,555,0
2022-10-12 10:49:00,555,555,555,555,0
2022-10-12 10:50:00,555,555,555,555,0
2022-10-12 10:51:00,555,555,555,555,0
2022-10-12 10:52:00,555,555,555,555,0
2022-10-12 10:53:00,555,555,555,555,0
2022-10-12 10:54:00,555,555,555,555,0
2022-10-12 10:55:00,555,555,555,555,0
2022-10-12 10:56:00,555,555,555,555,0
2022-10-12 10:57:00,555,555,555,555,0
2022-10-12 10:58:00,555,555,555,555,0
2022-10-12 10:59:00,555,555,555,555,0
2022-10-12 11:00:00,555,555,555,555,0
2022-10-12 11:01:00,555,555,555,555,0
2022-10-12 11:02:00,555,555,555,555,0
2022-10-12 11:03:00,555,555,555,555,0
2022-10-12 11:04:00,555,555,555,555,0
2022-10-12 11:05:00,555,555,555,555,0
2022-10-12 11:06:00,555,555,555,555,0
2022-10-12 11:07:00,555,555,555,555,0
2022-10-12 11:08:00,555,555,555,555,0
2022-10-12 11:09:00,555,555,555,555,0
2022-10-12 11:10:00,555,555,555,555,0
2022-10-12 11:11:00,555,555,555,555,0
2022-10-12 11:12:00,555,555,555,555,0
2022-10-12 11:13:00,555,555,555,555,0
2022-10-12 11:14:00,555,555,555,555,0
2022-10-12 11:15:00,555,555,555,555,0
2022-10-12 11:16:00,555,555,555,555,0
2022-10-12 11:17:00,555,555,555,555,0
2022-10-12 11:18:00,555,555,555,555,0
2022-10-12 11:19:00,550,550,550,550,200
2022-10-12 11:20:00,555,555,555,555,200
2022-10-12 11:21:00,555,555,555,555,0
2022-10-12 11:22:00,555,555,555,555,0
2022-10-12 11:23:00,555,555,555,555,0
2022-10-12 11:24:00,555,555,555,555,0
2022-10-12 11:25:00,555,555,555,555,0
2022-10-12 11:26:00,555,555,555,555,0
2022-10-12 11:27:00,555,555,555,555,0
2022-10-12 11:28:00,555,555,555,555,300
2022-10-12 11:29:00,555,555,555,555,0
2022-10-12 11:30:00,555,555,555,555,0
2022-10-12 11:31:00,555,555,555,555,0
2022-10-12 11:32:00,555,555,555,555,0
2022-10-12 11:33:00,555,555,555,555,0
2022-10-12 11:34:00,555,555,555,555,0
2022-10-12 11:35:00,555,555,555,555,0
2022-10-12 11:36:00,555,555,555,555,0
2022-10-12 11:37:00,555,555,555,555,0
2022-10-12 11:38:00,555,555,555,555,0
2022-10-12 11:39:00,555,555,555,555,0
2022-10-12 11:40:00,555,555,555,555,0
2022-10-12 11:41:00,555,555,555,555,0
2022-10-12 11:42:00,555,555,555,555,0
2022-10-12 11:43:00,555,555,555,555,0
2022-10-12 11:44:00,555,555,555,555,0
2022-10-12 11:45:00,555,555,555,555,0
2022-10-12 11:46:00,555,555,555,555,0
2022-10-12 11:47:00,555,555,555,555,0
2022-10-12 11:48:00,555,555,555,555,0
2022-10-12 11:49:00,555,555,555,555,0
2022-10-12 11:50:00,555,555,555,555,0
2022-10-12 11:51:00,555,555,555,555,0
2022-10-12 11:52:00,555,555,555,555,0
2022-10-12 11:53:00,555,555,555,555,0
2022-10-12 11:54:00,555,555,555,555,0
2022-10-12 11:55:00,555,555,555,555,0
2022-10-12 11:56:00,555,555,555,555,0
2022-10-12 11:57:00,555,555,555,555,0
2022-10-12 11:58:00,555,555,555,555,0
2022-10-12 11:59:00,555,555,555,555,0
2022-10-12 12:00:00,555,555,555,555,0
2022-10-12 12:01:00,555,555,555,555,0
2022-10-12 12:02:00,555,555,555,555,0
2022-10-12 12:03:00,555,555,555,555,0
2022-10-12 12:04:00,555,555,555,555,0
2022-10-12 12:05:00,555,555,555,555,0
2022-10-12 12:06:00,555,555,555,555,0
2022-10-12 12:07:00,555,555,555,555,0
2022-10-12 12:08:00,555,555,555,555,0
2022-10-12 12:09:00,555,555,555,555,0
2022-10-12 12:10:00,555,555,555,555,0
2022-10-12 12:11:00,555,555,555,555,0
2022-10-12 12:12:00,555,555,555,555,0
2022-10-12 12:13:00,555,555,555,555,0
2022-10-12 12:14:00,555,555,555,555,0
2022-10-12 12:15:00,555,555,555,555,0
2022-10-12 12:16:00,555,555,555,555,0
2022-10-12 12:17:00,555,555,555,555,0
2022-10-12 12:18:00,555,555,555,555,0
2022-10-12 12:19:00,555,555,555,555,0
2022-10-12 12:20:00,555,555,555,555,0
2022-10-12 12:21:00,555,555,555,555,0
2022-10-12 12:22:00,555,555,555,555,0
2022-10-12 12:23:00,555,555,555,555,0
2022-10-12 12:24:00,555,555,555,555,0
2022-10-12 12:25:00,555,555,555,555,0
2022-10-12 12:26:00,555,555,555,555,0
2022-10-12 12:27:00,555,555,555,555,0
2022-10-12 12:28:00,555,555,555,555,0
2022-10-12 12:29:00,555,555,555,555,0
2022-10-12 12:30:00,555,555,555,555,0
2022-10-12 12:31:00,555,555,555,555,0
2022-10-12 12:32:00,555,555,555,555,0
2022-10-12 12:33:00,555,555,555,555,0
2022-10-12 12:34:00,555,555,555,555,0
2022-10-12 12:35:00,555,555,555,555,0
2022-10-12 12:36:00,555,555,555,555,0
2022-10-12 12:37:00,555,555,555,555,0
2022-10-12 12:38:00,555,555,555,555,0
2022-10-12 12:39:00,555,555,555,555,0
2022-10-12 12:40:00,555,555,555,555,0
2022-10-12 12:41:00,555,555,555,555,0
2022-10-12 12:42:00,555,555,555,555,0
2022-10-12 12:43:00,555,555,555,555,0
2022-10-12 12:44:00,555,555,555,555,0
2022-10-12 12:45:00,555,555,555,555,0
2022-10-12 12:46:00,555,555,555,555,0
2022-10-12 12:47:00,555,555,555,555,0
2022-10-12 12:48:00,555,555,555,555,0
2022-10-12 12:49:00,555,555,555,555,0
2022-10-12 12:50:00,555,555,555,555,0
2022-10-12 12:51:00,555,555,555,555,0
2022-10-12 12:52:00,555,555,555,555,0
2022-10-12 12:53:00,555,555,555,555,0
2022-10-12 12:54:00,555,555,555,555,0
2022-10-12 12:55:00,555,555,555,555,0
2022-10-12 12:56:00,555,555,555,555,0
2022-10-12 12:57:00,555,555,555,555,0
2022-10-12 12:58:00,555,555,555,555,0
2022-10-12 12:59:00,555,555,555,555,0
2022-10-12 13:00:00,555,555,555,555,0
2022-10-12 13:01:00,555,555,555,555,0
2022-10-12 13:02:00,555,555,555,555,0
2022-10-12 13:03:00,555,555,555,555,0
2022-10-12 13:04:00,555,555,555,555,0
2022-10-12 13:05:00,555,555,555,555,0
2022-10-12 13:06:00,555,555,555,555,0
2022-10-12 13:07:00,555,555,555,555,0
2022-10-12 13:08:00,555,555,555,555,0
2022-10-12 13:09:00,555,555,555,555,0
2022-10-12 13:10:00,555,555,555,555,0
2022-10-12 13:11:00,555,555,555,555,0
2022-10-12 13:12:00,555,555,555,555,0
2022-10-12 13:13:00,555,555,555,555,0
2022-10-12 13:14:00,555,555,555,555,0
2022-10-12 13:15:00,555,555,555,555,0
2022-10-12 13:16:00,555,555,555,555,0
2022-10-12 13:17:00,555,555,555,555,0
2022-10-12 13:18:00,555,555,555,555,0
2022-10-12 13:19:00,555,555,555,555,0
2022-10-12 13:20:00,555,555,555,555,0
2022-10-12 13:21:00,555,555,555,555,0
2022-10-12 13:22:00,555,555,555,555,0
2022-10-12 13:23:00,555,555,555,555,0
2022-10-12 13:24:00,555,555,555,555,0
2022-10-12 13:25:00,555,555,555,555,0
2022-10-12 13:26:00,555,555,555,555,0
2022-10-12 13:27:00,555,555,555,555,0
2022-10-12 13:28:00,555,555,555,555,0
2022-10-12 13:29:00,555,555,555,555,0
2022-10-12 13:30:00,555,555,555,555,0
2022-10-12 13:31:00,555,555,555,555,0
2022-10-12 13:32:00,555,555,555,555,0
2022-10-12 13:33:00,555,555,555,555,0
2022-10-12 13:34:00,555,555,555,555,0
2022-10-12 13:35:00,555,555,555,555,0
2022-10-12 13:36:00,555,555,555,555,0
2022-10-12 13:37:00,555,555,555,555,0
2022-10-12 13:38:00,555,555,555,555,0
2022-10-12 13:39:00,555,555,555,555,500
2022-10-12 13:40:00,555,555,555,555,0
2022-10-12 13:41:00,555,555,555,555,0
2022-10-12 13:42:00,555,555,555,555,600
2022-10-12 13:43:00,555,555,555,555,0
2022-10-12 13:44:00,555,555,555,555,0
2022-10-12 13:45:00,555,555,555,555,300
2022-10-12 13:46:00,555,555,555,555,0
2022-10-12 13:47:00,555,555,555,555,0
2022-10-12 13:48:00,555,555,555,555,0
2022-10-12 13:49:00,555,555,555,555,0
2022-10-12 13:50:00,555,555,555,555,0
2022-10-12 13:51:00,555,555,555,555,0
2022-10-12 13:52:00,550,550,550,550,5200
2022-10-12 13:53:00,550,550,550,550,0
2022-10-12 13:54:00,550,550,550,550,0
2022-10-12 13:55:00,550,550,550,550,1000
2022-10-12 13:56:00,550,550,550,550,0
2022-10-12 13:57:00,550,550,550,550,100
2022-10-12 13:58:00,550,550,550,550,0
2022-10-12 13:59:00,550,550,550,550,0
2022-10-12 14:00:00,550,550,550,550,900
2022-10-12 14:01:00,550,550,550,550,0
2022-10-12 14:02:00,550,550,550,550,1400
2022-10-12 14:03:00,550,550,550,550,0
2022-10-12 14:04:00,550,550,550,550,0
2022-10-12 14:05:00,550,550,550,550,0
2022-10-12 14:06:00,550,550,550,550,0
2022-10-12 14:07:00,550,550,550,550,300
2022-10-12 14:08:00,550,550,550,550,1700
2022-10-12 14:09:00,550,550,550,550,200
2022-10-12 14:10:00,550,550,550,550,0
2022-10-12 14:11:00,550,550,550,550,0
2022-10-12 14:12:00,550,550,550,550,0
2022-10-12 14:13:00,550,550,550,550,0
2022-10-12 14:14:00,550,550,550,550,0
2022-10-12 14:15:00,550,550,550,550,0
2022-10-12 14:16:00,550,550,550,550,0
2022-10-12 14:17:00,550,550,550,550,0
2022-10-12 14:18:00,550,550,550,550,900
2022-10-12 14:19:00,550,550,550,550,900
2022-10-12 14:20:00,550,550,550,550,0
2022-10-12 14:21:00,550,550,550,550,0
2022-10-12 14:22:00,550,550,550,550,0
2022-10-12 14:23:00,550,550,550,550,0
2022-10-12 14:24:00,550,550,550,550,0
2022-10-12 14:25:00,550,550,550,550,800
2022-10-12 14:26:00,550,550,550,550,0
2022-10-12 14:27:00,550,550,550,550,800
2022-10-12 14:28:00,550,550,550,550,0
2022-10-12 14:29:00,550,550,550,550,0
2022-10-12 14:30:00,545,545,550,550,6000
2022-10-12 14:31:00,545,545,550,550,0
2022-10-12 14:32:00,550,550,550,550,0
2022-10-12 14:33:00,550,550,550,550,700
2022-10-12 14:34:00,550,550,550,550,400
2022-10-12 14:35:00,550,550,550,550,0
2022-10-12 14:36:00,550,550,550,550,0
2022-10-12 14:37:00,550,550,550,550,0
2022-10-12 14:38:00,550,550,550,550,0
2022-10-12 14:39:00,550,550,550,550,0
2022-10-12 14:40:00,550,550,550,550,0
2022-10-12 14:41:00,550,550,550,550,0
2022-10-12 14:42:00,550,550,550,550,1400
2022-10-12 14:43:00,550,550,550,550,0
2022-10-12 14:44:00,550,550,550,550,0
2022-10-12 14:45:00,550,550,550,550,1500
2022-10-12 14:46:00,550,550,550,550,3000
2022-10-12 14:47:00,550,550,550,550,5600
2022-10-12 14:48:00,550,550,550,550,300
2022-10-12 14:49:00,550,550,555,555,13800
2022-10-12 14:50:00,550,550,555,555,0
2022-10-12 14:51:00,550,550,555,555,0
2022-10-12 14:52:00,550,550,555,555,0
2022-10-12 14:53:00,550,550,555,555,0
2022-10-12 14:54:00,550,550,555,555,0
2022-10-12 14:55:00,550,550,555,555,0
2022-10-12 14:56:00,550,550,555,555,0
2022-10-12 14:57:00,550,550,555,555,0
2022-10-12 14:58:00,550,550,555,555,0
2022-10-12 14:59:00,550,550,555,555,0
2022-10-12 15:00:00,555,555,555,555,193300
2022-10-12 15:01:00,555,555,555,555,0
2022-10-12 15:02:00,555,555,555,555,0
2022-10-12 15:03:00,555,555,555,555,0
2022-10-12 15:04:00,555,555,555,555,0
2022-10-12 15:05:00,555,555,555,555,0
2022-10-12 15:06:00,555,555,555,555,0
2022-10-12 15:07:00,555,555,555,555,0
2022-10-12 15:08:00,555,555,555,555,0
2022-10-12 15:09:00,555,555,555,555,0
2022-10-12 15:10:00,555,555,555,555,0
2022-10-12 15:11:00,555,555,555,555,0
2022-10-12 15:12:00,555,555,555,555,0
2022-10-12 15:13:00,555,555,555,555,0
2022-10-12 15:14:00,555,555,555,555,0
2022-10-12 15:15:00,555,555,555,555,0
2022-10-12 15:16:00,555,555,555,555,0
2022-10-12 15:17:00,555,555,555,555,0
2022-10-12 15:18:00,555,555,555,555,0
2022-10-12 15:19:00,555,555,555,555,0
2022-10-12 15:20:00,555,555,555,555,0
2022-10-12 15:21:00,555,555,555,555,0
2022-10-12 15:22:00,555,555,555,555,0
2022-10-12 15:23:00,555,555,555,555,0
2022-10-12 15:24:00,555,555,555,555,0
2022-10-12 15:25:00,555,555,555,555,0
2022-10-12 15:26:00,555,555,555,555,0
2022-10-12 15:27:00,555,555,555,555,0
2022-10-12 15:28:00,555,555,555,555,0
2022-10-12 15:29:00,555,555,555,555,0
2022-10-12 15:30:00,555,555,555,555,0
2022-10-12 15:31:00,555,555,555,555,0
2022-10-12 15:32:00,555,555,555,555,0
2022-10-12 15:33:00,555,555,555,555,0
2022-10-12 15:34:00,555,555,555,555,0
2022-10-12 15:35:00,555,555,555,555,0
2022-10-12 15:36:00,555,555,555,555,0
2022-10-12 15:37:00,555,555,555,555,0
2022-10-12 15:38:00,555,555,555,555,0
2022-10-12 15:39:00,555,555,555,555,0
2022-10-12 15:40:00,555,555,555,555,0
2022-10-12 15:41:00,555,555,555,555,0
2022-10-12 15:42:00,555,555,555,555,0
2022-10-12 15:43:00,555,555,555,555,0
2022-10-12 15:44:00,555,555,555,555,0
2022-10-12 15:45:00,555,555,555,555,0
2022-10-12 15:46:00,555,555,555,555,0
2022-10-12 15:47:00,555,555,555,555,0
2022-10-12 15:48:00,555,555,555,555,0
2022-10-12 15:49:00,555,555,555,555,0
2022-10-12 15:50:00,555,555,555,555,0
2022-10-12 15:51:00,555,555,555,555,0
2022-10-12 15:52:00,555,555,555,555,0
2022-10-12 15:53:00,555,555,555,555,0
2022-10-12 15:54:00,555,555,555,555,0
2022-10-12 15:55:00,555,555,555,555,0
2022-10-12 15:56:00,555,555,555,555,0
2022-10-12 15:57:00,555,555,555,555,0
2022-10-12 15:58:00,555,555,555,555,0
2022-10-12 15:59:00,555,555,555,555,0
2022-10-13 09:00:00,555,555,555,555,0
2022-10-13 09:01:00,555,555,555,555,0
2022-10-13 09:02:00,555,555,555,555,0
2022-10-13 09:03:00,555,555,555,555,0
2022-10-13 09:04:00,555,555,555,555,100
2022-10-13 09:05:00,555,555,555,555,0
2022-10-13 09:06:00,555,555,555,555,0
2022-10-13 09:07:00,555,555,555,555,0
2022-10-13 09:08:00,555,555,555,555,0
2022-10-13 09:09:00,555,555,555,555,0
2022-10-13 09:10:00,555,555,555,555,0
2022-10-13 09:11:00,555,555,555,555,0
2022-10-13 09:12:00,555,555,555,555,0
2022-10-13 09:13:00,555,555,555,555,0
2022-10-13 09:14:00,555,555,555,555,1000
2022-10-13 09:15:00,550,550,550,550,2000
2022-10-13 09:16:00,555,550,555,550,1000
2022-10-13 09:17:00,550,550,550,550,100
2022-10-13 09:18:00,550,550,550,550,0
2022-10-13 09:19:00,550,550,550,550,19800
2022-10-13 09:20:00,550,550,550,550,0
2022-10-13 09:21:00,550,550,550,550,0
2022-10-13 09:22:00,550,550,550,550,0
2022-10-13 09:23:00,550,550,550,550,0
2022-10-13 09:24:00,550,550,550,550,0
2022-10-13 09:25:00,545,545,545,545,100
2022-10-13 09:26:00,550,545,550,545,2600
2022-10-13 09:27:00,550,550,550,550,600
2022-10-13 09:28:00,550,550,550,550,0
2022-10-13 09:29:00,550,550,550,550,0
2022-10-13 09:30:00,550,550,550,550,0
2022-10-13 09:31:00,550,550,550,550,0
2022-10-13 09:32:00,550,550,550,550,0
2022-10-13 09:33:00,550,550,550,550,300
2022-10-13 09:34:00,550,550,550,550,0
2022-10-13 09:35:00,550,550,550,550,0
2022-10-13 09:36:00,550,550,550,550,1700
2022-10-13 09:37:00,550,550,550,550,0
2022-10-13 09:38:00,550,550,550,550,0
2022-10-13 09:39:00,550,550,550,550,0
2022-10-13 09:40:00,550,550,550,550,0
2022-10-13 09:41:00,550,550,550,550,0
2022-10-13 09:42:00,545,545,545,545,1000
2022-10-13 09:43:00,550,550,550,550,400
2022-10-13 09:44:00,550,550,550,550,0
2022-10-13 09:45:00,550,550,550,550,0
2022-10-13 09:46:00,550,550,550,550,0
2022-10-13 09:47:00,550,550,550,550,0
2022-10-13 09:48:00,550,550,550,550,0
2022-10-13 09:49:00,550,550,550,550,0
2022-10-13 09:50:00,550,550,550,550,0
2022-10-13 09:51:00,550,550,550,550,0
2022-10-13 09:52:00,550,550,550,550,0
2022-10-13 09:53:00,550,550,550,550,0
2022-10-13 09:54:00,550,550,550,550,0
2022-10-13 09:55:00,550,550,550,550,0
2022-10-13 09:56:00,550,550,550,550,0
2022-10-13 09:57:00,550,545,550,545,100
2022-10-13 09:58:00,550,550,550,550,500
2022-10-13 09:59:00,550,550,550,550,0
2022-10-13 10:00:00,550,550,550,550,0
2022-10-13 10:01:00,545,545,545,545,192900
2022-10-13 10:02:00,545,545,545,545,0
2022-10-13 10:03:00,545,545,545,545,0
2022-10-13 10:04:00,545,545,545,545,0
2022-10-13 10:05:00,545,545,545,545,15000
2022-10-13 10:06:00,545,545,545,545,0
2022-10-13 10:07:00,545,545,545,545,0
2022-10-13 10:08:00,545,545,545,545,0
2022-10-13 10:09:00,545,545,545,545,12500
2022-10-13 10:10:00,545,545,545,545,0
2022-10-13 10:11:00,545,545,545,545,0
2022-10-13 10:12:00,545,545,545,545,0
2022-10-13 10:13:00,545,545,545,545,1000
2022-10-13 10:14:00,545,545,545,545,0
2022-10-13 10:15:00,545,540,545,540,0
2022-10-13 10:16:00,545,545,545,545,400
2022-10-13 10:17:00,545,545,545,545,0
2022-10-13 10:18:00,545,545,545,545,0
2022-10-13 10:19:00,545,545,545,545,0
2022-10-13 10:20:00,545,545,545,545,0
2022-10-13 10:21:00,545,545,545,545,0
2022-10-13 10:22:00,545,545,545,545,0
2022-10-13 10:23:00,545,545,545,545,0
2022-10-13 10:24:00,545,545,545,545,0
2022-10-13 10:25:00,545,545,545,545,0
2022-10-13 10:26:00,545,545,545,545,0
2022-10-13 10:27:00,545,545,545,545,16000
2022-10-13 10:28:00,545,545,545,545,0
2022-10-13 10:29:00,545,545,545,545,0
2022-10-13 10:30:00,545,545,545,545,0
2022-10-13 10:31:00,545,545,545,545,0
2022-10-13 10:32:00,545,545,545,545,0
2022-10-13 10:33:00,545,545,545,545,0
2022-10-13 10:34:00,545,545,545,545,0
2022-10-13 10:35:00,545,545,545,545,0
2022-10-13 10:36:00,545,545,545,545,0
2022-10-13 10:37:00,540,540,540,540,44000
2022-10-13 10:38:00,545,545,545,545,0
2022-10-13 10:39:00,545,545,545,545,0
2022-10-13 10:40:00,545,545,545,545,0
2022-10-13 10:41:00,545,545,545,545,0
2022-10-13 10:42:00,545,545,545,545,0
2022-10-13 10:43:00,545,545,545,545,0
2022-10-13 10:44:00,545,545,545,545,0
2022-10-13 10:45:00,545,545,545,545,0
2022-10-13 10:46:00,545,545,545,545,0
2022-10-13 10:47:00,540,540,545,545,1300
2022-10-13 10:48:00,540,540,545,545,0
2022-10-13 10:49:00,540,540,545,545,0
2022-10-13 10:50:00,540,540,545,545,0
2022-10-13 10:51:00,540,540,545,545,0
2022-10-13 10:52:00,540,540,545,545,0
2022-10-13 10:53:00,540,540,545,545,0
2022-10-13 10:54:00,540,540,545,545,0
2022-10-13 10:55:00,545,545,545,545,800
2022-10-13 10:56:00,545,545,545,545,0
2022-10-13 10:57:00,545,545,545,545,0
2022-10-13 10:58:00,545,545,545,545,0
2022-10-13 10:59:00,545,545,545,545,3600
2022-10-13 11:00:00,545,545,545,545,0
2022-10-13 11:01:00,545,545,545,545,0
2022-10-13 11:02:00,545,545,545,545,0
2022-10-13 11:03:00,545,545,545,545,0
2022-10-13 11:04:00,545,545,545,545,0
2022-10-13 11:05:00,545,545,545,545,0
2022-10-13 11:06:00,545,545,545,545,0
2022-10-13 11:07:00,545,545,545,545,0
2022-10-13 11:08:00,545,545,545,545,0
2022-10-13 11:09:00,545,545,545,545,0
2022-10-13 11:10:00,545,545,545,545,0
2022-10-13 11:11:00,545,545,545,545,0
2022-10-13 11:12:00,545,545,545,545,0
2022-10-13 11:13:00,545,545,545,545,0
2022-10-13 11:14:00,545,545,545,545,0
2022-10-13 11:15:00,540,540,540,540,18000
2022-10-13 11:16:00,545,545,545,545,0
2022-10-13 11:17:00,545,545,545,545,0
2022-10-13 11:18:00,545,545,545,545,100
2022-10-13 11:19:00,545,545,545,545,400
2022-10-13 11:20:00,545,545,545,545,0
2022-10-13 11:21:00,545,545,545,545,0
2022-10-13 11:22:00,545,545,545,545,300
2022-10-13 11:23:00,545,545,545,545,300
2022-10-13 11:24:00,545,545,545,545,0
2022-10-13 11:25:00,545,545,545,545,600
2022-10-13 11:26:00,545,545,545,545,1000
2022-10-13 11:27:00,545,545,545,545,0
2022-10-13 11:28:00,545,545,545,545,6900
2022-10-13 11:29:00,545,545,545,545,0
2022-10-13 11:30:00,545,545,545,545,0
2022-10-13 11:31:00,545,545,545,545,0
2022-10-13 11:32:00,545,545,545,545,0
2022-10-13 11:33:00,545,545,545,545,0
2022-10-13 11:34:00,545,545,545,545,0
2022-10-13 11:35:00,545,545,545,545,0
2022-10-13 11:36:00,545,545,545,545,0
2022-10-13 11:37:00,545,545,545,545,0
2022-10-13 11:38:00,545,545,545,545,0
2022-10-13 11:39:00,545,545,545,545,0
2022-10-13 11:40:00,545,545,545,545,0
2022-10-13 11:41:00,545,545,545,545,0
2022-10-13 11:42:00,545,545,545,545,0
2022-10-13 11:43:00,545,545,545,545,0
2022-10-13 11:44:00,545,545,545,545,0
2022-10-13 11:45:00,545,545,545,545,0
2022-10-13 11:46:00,545,545,545,545,0
2022-10-13 11:47:00,545,545,545,545,0
2022-10-13 11:48:00,545,545,545,545,0
2022-10-13 11:49:00,545,545,545,545,0
2022-10-13 11:50:00,545,545,545,545,0
2022-10-13 11:51:00,545,545,545,545,0
2022-10-13 11:52:00,545,545,545,545,0
2022-10-13 11:53:00,545,545,545,545,0
2022-10-13 11:54:00,545,545,545,545,0
2022-10-13 11:55:00,545,545,545,545,0
2022-10-13 11:56:00,545,545,545,545,0
2022-10-13 11:57:00,545,545,545,545,0
2022-10-13 11:58:00,545,545,545,545,0
2022-10-13 11:59:00,545,545,545,545,0
2022-10-13 12:00:00,545,545,545,545,0
2022-10-13 12:01:00,545,545,545,545,0
2022-10-13 12:02:00,545,545,545,545,0
2022-10-13 12:03:00,545,545,545,545,0
2022-10-13 12:04:00,545,545,545,545,0
2022-10-13 12:05:00,545,545,545,545,0
2022-10-13 12:06:00,545,545,545,545,0
2022-10-13 12:07:00,545,545,545,545,0
2022-10-13 12:08:00,545,545,545,545,0
2022-10-13 12:09:00,545,545,545,545,0
2022-10-13 12:10:00,545,545,545,545,0
2022-10-13 12:11:00,545,545,545,545,0
2022-10-13 12:12:00,545,545,545,545,0
2022-10-13 12:13:00,545,545,545,545,0
2022-10-13 12:14:00,545,545,545,545,0
2022-10-13 12:15:00,545,545,545,545,0
2022-10-13 12:16:00,545,545,545,545,0
2022-10-13 12:17:00,545,545,545,545,0
2022-10-13 12:18:00,545,545,545,545,0
2022-10-13 12:19:00,545,545,545,545,0
2022-10-13 12:20:00,545,545,545,545,0
2022-10-13 12:21:00,545,545,545,545,0
2022-10-13 12:22:00,545,545,545,545,0
2022-10-13 12:23:00,545,545,545,545,0
2022-10-13 12:24:00,545,545,545,545,0
2022-10-13 12:25:00,545,545,545,545,0
2022-10-13 12:26:00,545,545,545,545,0
2022-10-13 12:27:00,545,545,545,545,0
2022-10-13 12:28:00,545,545,545,545,0
2022-10-13 12:29:00,545,545,545,545,0
2022-10-13 12:30:00,545,545,545,545,0
2022-10-13 12:31:00,545,545,545,545,0
2022-10-13 12:32:00,545,545,545,545,0
2022-10-13 12:33:00,545,545,545,545,0
2022-10-13 12:34:00,545,545,545,545,0
2022-10-13 12:35:00,545,545,545,545,0
2022-10-13 12:36:00,545,545,545,545,0
2022-10-13 12:37:00,545,545,545,545,0
2022-10-13 12:38:00,545,545,545,545,0
2022-10-13 12:39:00,545,545,545,545,0
2022-10-13 12:40:00,545,545,545,545,0
2022-10-13 12:41:00,545,545,545,545,0
2022-10-13 12:42:00,545,545,545,545,0
2022-10-13 12:43:00,545,545,545,545,0
2022-10-13 12:44:00,545,545,545,545,0
2022-10-13 12:45:00,545,545,545,545,0
2022-10-13 12:46:00,545,545,545,545,0
2022-10-13 12:47:00,545,545,545,545,0
2022-10-13 12:48:00,545,545,545,545,0
2022-10-13 12:49:00,545,545,545,545,0
2022-10-13 12:50:00,545,545,545,545,0
2022-10-13 12:51:00,545,545,545,545,0
2022-10-13 12:52:00,545,545,545,545,0
2022-10-13 12:53:00,545,545,545,545,0
2022-10-13 12:54:00,545,545,545,545,0
2022-10-13 12:55:00,545,545,545,545,0
2022-10-13 12:56:00,545,545,545,545,0
2022-10-13 12:57:00,545,545,545,545,0
2022-10-13 12:58:00,545,545,545,545,0
2022-10-13 12:59:00,545,545,545,545,0
2022-10-13 13:00:00,545,545,545,545,0
2022-10-13 13:01:00,545,545,545,545,0
2022-10-13 13:02:00,545,545,545,545,0
2022-10-13 13:03:00,545,545,545,545,0
2022-10-13 13:04:00,545,545,545,545,0
2022-10-13 13:05:00,545,545,545,545,0
2022-10-13 13:06:00,545,545,545,545,0
2022-10-13 13:07:00,545,545,545,545,0
2022-10-13 13:08:00,545,545,545,545,0
2022-10-13 13:09:00,545,545,545,545,0
2022-10-13 13:10:00,545,545,545,545,0
2022-10-13 13:11:00,545,545,545,545,0
2022-10-13 13:12:00,545,545,545,545,0
2022-10-13 13:13:00,545,545,545,545,0
2022-10-13 13:14:00,545,545,545,545,0
2022-10-13 13:15:00,545,545,545,545,0
2022-10-13 13:16:00,545,545,545,545,0
2022-10-13 13:17:00,545,545,545,545,0
2022-10-13 13:18:00,545,545,545,545,0
2022-10-13 13:19:00,545,545,545,545,0
2022-10-13 13:20:00,545,545,545,545,0
2022-10-13 13:21:00,545,545,545,545,0
2022-10-13 13:22:00,545,545,545,545,0
2022-10-13 13:23:00,545,545,545,545,0
2022-10-13 13:24:00,545,545,545,545,0
2022-10-13 13:25:00,545,545,545,545,0
2022-10-13 13:26:00,545,545,545,545,0
2022-10-13 13:27:00,545,545,545,545,0
2022-10-13 13:28:00,545,545,545,545,0
2022-10-13 13:29:00,545,545,545,545,0
2022-10-13 13:30:00,545,545,545,545,600
2022-10-13 13:31:00,545,545,545,545,0
2022-10-13 13:32:00,545,545,545,545,0
2022-10-13 13:33:00,545,545,545,545,17300
2022-10-13 13:34:00,545,545,545,545,0
2022-10-13 13:35:00,545,545,545,545,0
2022-10-13 13:36:00,545,545,545,545,0
2022-10-13 13:37:00,545,545,545,545,0
2022-10-13 13:38:00,545,545,545,545,0
2022-10-13 13:39:00,545,545,545,545,0
2022-10-13 13:40:00,545,545,545,545,0
2022-10-13 13:41:00,545,545,545,545,0
2022-10-13 13:42:00,545,545,545,545,0
2022-10-13 13:43:00,545,545,545,545,0
2022-10-13 13:44:00,545,545,545,545,6000
2022-10-13 13:45:00,545,545,545,545,0
2022-10-13 13:46:00,545,545,545,545,0
2022-10-13 13:47:00,545,545,545,545,9500
2022-10-13 13:48:00,550,550,550,550,0
2022-10-13 13:49:00,550,550,550,550,0
2022-10-13 13:50:00,550,550,550,550,0
2022-10-13 13:51:00,550,550,550,550,0
2022-10-13 13:52:00,550,550,550,550,0
2022-10-13 13:53:00,550,550,550,550,0
2022-10-13 13:54:00,550,550,550,550,0
2022-10-13 13:55:00,550,550,550,550,0
2022-10-13 13:56:00,550,550,550,550,0
2022-10-13 13:57:00,550,550,550,550,0
2022-10-13 13:58:00,550,550,550,550,0
2022-10-13 13:59:00,550,550,550,550,0
2022-10-13 14:00:00,550,550,550,550,0
2022-10-13 14:01:00,550,550,550,550,0
2022-10-13 14:02:00,550,550,550,550,0
2022-10-13 14:03:00,550,550,550,550,0
2022-10-13 14:04:00,550,550,550,550,0
2022-10-13 14:05:00,550,550,550,550,0
2022-10-13 14:06:00,550,550,550,550,0
2022-10-13 14:07:00,550,550,550,550,600
2022-10-13 14:08:00,550,550,550,550,0
2022-10-13 14:09:00,550,550,550,550,0
2022-10-13 14:10:00,550,550,550,550,0
2022-10-13 14:11:00,550,550,550,550,0
2022-10-13 14:12:00,550,550,550,550,2300
2022-10-13 14:13:00,550,550,550,550,0
2022-10-13 14:14:00,550,550,550,550,0
2022-10-13 14:15:00,550,550,550,550,0
2022-10-13 14:16:00,550,550,550,550,0
2022-10-13 14:17:00,550,550,550,550,0
2022-10-13 14:18:00,550,550,550,550,0
2022-10-13 14:19:00,550,550,550,550,0
2022-10-13 14:20:00,550,550,550,550,0
2022-10-13 14:21:00,550,550,550,550,0
2022-10-13 14:22:00,550,550,550,550,100
2022-10-13 14:23:00,550,550,550,550,0
2022-10-13 14:24:00,550,550,550,550,0
2022-10-13 14:25:00,550,550,550,550,0
2022-10-13 14:26:00,550,550,550,550,0
2022-10-13 14:27:00,550,550,550,550,400
2022-10-13 14:28:00,545,545,545,545,5800
2022-10-13 14:29:00,550,550,550,550,0
2022-10-13 14:30:00,550,550,550,550,0
2022-10-13 14:31:00,550,550,550,550,400
2022-10-13 14:32:00,550,550,550,550,0
2022-10-13 14:33:00,550,550,550,550,0
2022-10-13 14:34:00,550,550,550,550,0
2022-10-13 14:35:00,550,550,550,550,0
2022-10-13 14:36:00,550,550,550,550,300
2022-10-13 14:37:00,545,545,550,550,100
2022-10-13 14:38:00,545,545,550,550,0
2022-10-13 14:39:00,545,545,550,550,0
2022-10-13 14:40:00,545,545,550,550,0
2022-10-13 14:41:00,545,545,550,550,0
2022-10-13 14:42:00,545,545,550,550,0
2022-10-13 14:43:00,550,550,550,550,600
2022-10-13 14:44:00,550,550,550,550,300
2022-10-13 14:45:00,550,550,550,550,178500
2022-10-13 14:46:00,550,550,550,550,0
2022-10-13 14:47:00,550,550,550,550,0
2022-10-13 14:48:00,550,550,550,550,700
2022-10-13 14:49:00,550,550,550,550,400
2022-10-13 14:50:00,550,550,550,550,0
2022-10-13 14:51:00,550,550,550,550,0
2022-10-13 14:52:00,550,550,550,550,0
2022-10-13 14:53:00,550,550,550,550,0
2022-10-13 14:54:00,550,550,550,550,0
2022-10-13 14:55:00,550,550,550,550,0
2022-10-13 14:56:00,550,550,550,550,0
2022-10-13 14:57:00,550,550,550,550,0
2022-10-13 14:58:00,550,550,550,550,0
2022-10-13 14:59:00,550,550,550,550,0
2022-10-13 15:00:00,550,550,550,550,70700
2022-10-13 15:01:00,550,550,550,550,0
2022-10-13 15:02:00,550,550,550,550,0
2022-10-13 15:03:00,550,550,550,550,0
2022-10-13 15:04:00,550,550,550,550,0
2022-10-13 15:05:00,550,550,550,550,0
2022-10-13 15:06:00,550,550,550,550,0
2022-10-13 15:07:00,550,550,550,550,0
2022-10-13 15:08:00,550,550,550,550,0
2022-10-13 15:09:00,550,550,550,550,0
2022-10-13 15:10:00,550,550,550,550,464100
2022-10-13 15:11:00,550,550,550,550,0
2022-10-13 15:12:00,550,550,550,550,0
2022-10-13 15:13:00,550,550,550,550,0
2022-10-13 15:14:00,550,550,550,550,0
2022-10-13 15:15:00,550,550,550,550,0
2022-10-13 15:16:00,550,550,550,550,0
2022-10-13 15:17:00,550,550,550,550,0
2022-10-13 15:18:00,550,550,550,550,0
2022-10-13 15:19:00,550,550,550,550,0
2022-10-13 15:20:00,550,550,550,550,0
2022-10-13 15:21:00,550,550,550,550,0
2022-10-13 15:22:00,550,550,550,550,0
2022-10-13 15:23:00,550,550,550,550,0
2022-10-13 15:24:00,550,550,550,550,0
2022-10-13 15:25:00,550,550,550,550,0
2022-10-13 15:26:00,550,550,550,550,0
2022-10-13 15:27:00,550,550,550,550,0
2022-10-13 15:28:00,550,550,550,550,0
2022-10-13 15:29:00,550,550,550,550,0
2022-10-13 15:30:00,550,550,550,550,0
2022-10-13 15:31:00,550,550,550,550,0
2022-10-13 15:32:00,550,550,550,550,0
2022-10-13 15:33:00,550,550,550,550,0
2022-10-13 15:34:00,550,550,550,550,0
2022-10-13 15:35:00,550,550,550,550,0
2022-10-13 15:36:00,550,550,550,550,0
2022-10-13 15:37:00,550,550,550,550,0
2022-10-13 15:38:00,550,550,550,550,0
2022-10-13 15:39:00,550,550,550,550,0
2022-10-13 15:40:00,550,550,550,550,0
2022-10-13 15:41:00,550,550,550,550,0
2022-10-13 15:42:00,550,550,550,550,0
2022-10-13 15:43:00,550,550,550,550,0
2022-10-13 15:44:00,550,550,550,550,0
2022-10-13 15:45:00,550,550,550,550,0
2022-10-13 15:46:00,550,550,550,550,0
2022-10-13 15:47:00,550,550,550,550,0
2022-10-13 15:48:00,550,550,550,550,0
2022-10-13 15:49:00,550,550,550,550,0
2022-10-13 15:50:00,550,550,550,550,0
2022-10-13 15:51:00,550,550,550,550,0
2022-10-13 15:52:00,550,550,550,550,0
2022-10-13 15:53:00,550,550,550,550,0
2022-10-13 15:54:00,550,550,550,550,0
2022-10-13 15:55:00,550,550,550,550,0
2022-10-13 15:56:00,550,550,550,550,0
2022-10-13 15:57:00,550,550,550,550,0
2022-10-13 15:58:00,550,550,550,550,0
2022-10-13 15:59:00,550,550,550,550,0
2022-10-14 09:00:00,550,550,550,550,0
2022-10-14 09:01:00,550,550,550,550,0
2022-10-14 09:02:00,550,550,550,550,0
2022-10-14 09:03:00,550,550,550,550,0
2022-10-14 09:04:00,545,545,545,545,0
2022-10-14 09:05:00,545,545,550,550,1200
2022-10-14 09:06:00,545,545,550,550,0
2022-10-14 09:07:00,545,545,550,550,0
2022-10-14 09:08:00,545,545,550,550,0
2022-10-14 09:09:00,545,545,550,550,0
2022-10-14 09:10:00,545,545,550,550,0
2022-10-14 09:11:00,545,545,545,545,9600
2022-10-14 09:12:00,550,550,550,550,300
2022-10-14 09:13:00,550,550,550,550,600
2022-10-14 09:14:00,550,550,550,550,0
2022-10-14 09:15:00,550,550,550,550,0
2022-10-14 09:16:00,550,550,550,550,0
2022-10-14 09:17:00,550,550,550,550,0
2022-10-14 09:18:00,550,550,550,550,0
2022-10-14 09:19:00,545,545,545,545,500
2022-10-14 09:20:00,550,550,550,550,200
2022-10-14 09:21:00,550,550,550,550,0
2022-10-14 09:22:00,550,550,550,550,0
2022-10-14 09:23:00,550,550,550,550,700
2022-10-14 09:24:00,550,550,550,550,0
2022-10-14 09:25:00,550,550,550,550,0
2022-10-14 09:26:00,550,550,550,550,0
2022-10-14 09:27:00,550,550,550,550,0
2022-10-14 09:28:00,550,550,550,550,0
2022-10-14 09:29:00,550,550,550,550,0
2022-10-14 09:30:00,550,550,550,550,0
2022-10-14 09:31:00,550,550,550,550,0
2022-10-14 09:32:00,550,550,550,550,0
2022-10-14 09:33:00,545,545,550,550,5600
2022-10-14 09:34:00,545,545,550,550,0
2022-10-14 09:35:00,545,545,545,545,6500
2022-10-14 09:36:00,545,545,545,545,0
2022-10-14 09:37:00,545,545,550,550,0
2022-10-14 09:38:00,545,545,550,550,0
2022-10-14 09:39:00,545,545,550,550,0
2022-10-14 09:40:00,545,545,550,550,0
2022-10-14 09:41:00,545,545,550,550,0
2022-10-14 09:42:00,545,545,550,550,0
2022-10-14 09:43:00,545,545,550,550,0
2022-10-14 09:44:00,545,545,550,550,0
2022-10-14 09:45:00,545,545,550,550,0
2022-10-14 09:46:00,545,545,550,550,0
2022-10-14 09:47:00,545,545,550,550,0
2022-10-14 09:48:00,545,545,545,545,4400
2022-10-14 09:49:00,545,545,545,545,0
2022-10-14 09:50:00,545,540,545,540,0
2022-10-14 09:51:00,545,545,545,545,300
2022-10-14 09:52:00,545,545,545,545,0
2022-10-14 09:53:00,545,545,545,545,0
2022-10-14 09:54:00,545,545,545,545,0
2022-10-14 09:55:00,545,545,545,545,0
2022-10-14 09:56:00,545,545,545,545,2700
2022-10-14 09:57:00,545,545,545,545,0
2022-10-14 09:58:00,545,545,545,545,2900
2022-10-14 09:59:00,545,545,545,545,0
2022-10-14 10:00:00,545,545,545,545,0
2022-10-14 10:01:00,545,545,545,545,0
2022-10-14 10:02:00,545,545,545,545,0
2022-10-14 10:03:00,545,545,545,545,1100
2022-10-14 10:04:00,545,545,545,545,600
2022-10-14 10:05:00,545,545,545,545,0
2022-10-14 10:06:00,545,545,545,545,0
2022-10-14 10:07:00,545,545,545,545,0
2022-10-14 10:08:00,545,545,545,545,0
2022-10-14 10:09:00,545,545,545,545,900
2022-10-14 10:10:00,545,545,545,545,0
2022-10-14 10:11:00,545,545,545,545,0
2022-10-14 10:12:00,545,545,545,545,0
2022-10-14 10:13:00,545,545,545,545,0
2022-10-14 10:14:00,545,545,545,545,0
2022-10-14 10:15:00,545,545,545,545,0
2022-10-14 10:16:00,545,545,545,545,0
2022-10-14 10:17:00,545,545,545,545,29000
2022-10-14 10:18:00,545,545,545,545,0
2022-10-14 10:19:00,545,545,545,545,1900
2022-10-14 10:20:00,545,545,545,545,0
2022-10-14 10:21:00,540,540,545,545,100
2022-10-14 10:22:00,545,545,545,545,300
2022-10-14 10:23:00,545,545,545,545,0
2022-10-14 10:24:00,545,545,545,545,200
2022-10-14 10:25:00,545,545,545,545,0
2022-10-14 10:26:00,545,545,545,545,0
2022-10-14 10:27:00,545,545,545,545,0
2022-10-14 10:28:00,545,545,545,545,1400
2022-10-14 10:29:00,545,545,545,545,0
2022-10-14 10:30:00,540,540,540,540,500
2022-10-14 10:31:00,545,545,545,545,0
2022-10-14 10:32:00,545,545,545,545,0
2022-10-14 10:33:00,545,545,545,545,0
2022-10-14 10:34:00,545,545,545,545,6400
2022-10-14 10:35:00,545,545,545,545,0
2022-10-14 10:36:00,545,545,545,545,0
2022-10-14 10:37:00,545,545,545,545,0
2022-10-14 10:38:00,545,545,545,545,0
2022-10-14 10:39:00,545,545,545,545,0
2022-10-14 10:40:00,545,545,545,545,0
2022-10-14 10:41:00,545,545,545,545,0
2022-10-14 10:42:00,545,545,545,545,1000
2022-10-14 10:43:00,545,545,545,545,0
2022-10-14 10:44:00,545,545,545,545,0
2022-10-14 10:45:00,545,545,545,545,0
2022-10-14 10:46:00,540,540,545,545,700
2022-10-14 10:47:00,540,540,545,545,0
2022-10-14 10:48:00,540,540,545,545,0
2022-10-14 10:49:00,540,540,545,545,0
2022-10-14 10:50:00,540,540,545,545,0
2022-10-14 10:51:00,540,540,545,545,0
2022-10-14 10:52:00,540,540,545,545,0
2022-10-14 10:53:00,540,540,545,545,0
2022-10-14 10:54:00,540,540,545,545,0
2022-10-14 10:55:00,545,545,545,545,1200
2022-10-14 10:56:00,545,545,545,545,0
2022-10-14 10:57:00,545,545,545,545,0
2022-10-14 10:58:00,545,545,545,545,12700
2022-10-14 10:59:00,545,545,545,545,18300
2022-10-14 11:00:00,545,545,545,545,0
2022-10-14 11:01:00,545,545,545,545,200
2022-10-14 11:02:00,545,545,545,545,1300
2022-10-14 11:03:00,545,545,545,545,300
2022-10-14 11:04:00,545,545,545,545,0
2022-10-14 11:05:00,545,545,545,545,0
2022-10-14 11:06:00,545,545,545,545,0
2022-10-14 11:07:00,545,545,545,545,0
2022-10-14 11:08:00,545,545,545,545,0
2022-10-14 11:09:00,545,545,545,545,0
2022-10-14 11:10:00,545,545,545,545,0
2022-10-14 11:11:00,545,545,545,545,1000
2022-10-14 11:12:00,545,545,545,545,0
2022-10-14 11:13:00,545,545,545,545,500
2022-10-14 11:14:00,545,545,545,545,0
2022-10-14 11:15:00,545,545,545,545,0
2022-10-14 11:16:00,545,545,545,545,100
2022-10-14 11:17:00,545,545,545,545,0
2022-10-14 11:18:00,545,545,545,545,0
2022-10-14 11:19:00,545,545,545,545,100
2022-10-14 11:20:00,545,545,545,545,0
2022-10-14 11:21:00,545,545,545,545,0
2022-10-14 11:22:00,545,545,545,545,0
2022-10-14 11:23:00,545,545,545,545,0
2022-10-14 11:24:00,545,545,545,545,0
2022-10-14 11:25:00,545,545,545,545,0
2022-10-14 11:26:00,545,545,545,545,1100
2022-10-14 11:27:00,545,545,545,545,0
2022-10-14 11:28:00,545,545,545,545,3800
2022-10-14 11:29:00,545,545,550,550,5300
2022-10-14 11:30:00,545,545,550,550,0
2022-10-14 11:31:00,545,545,550,550,0
2022-10-14 11:32:00,545,545,550,550,0
2022-10-14 11:33:00,545,545,550,550,0
2022-10-14 11:34:00,545,545,550,550,0
2022-10-14 11:35:00,545,545,550,550,0
2022-10-14 11:36:00,545,545,550,550,0
2022-10-14 11:37:00,545,545,550,550,0
2022-10-14 11:38:00,545,545,550,550,0
2022-10-14 11:39:00,545,545,550,550,0
2022-10-14 11:40:00,545,545,550,550,0
2022-10-14 11:41:00,545,545,550,550,0
2022-10-14 11:42:00,545,545,550,550,0
2022-10-14 11:43:00,545,545,550,550,0
2022-10-14 11:44:00,545,545,550,550,0
2022-10-14 11:45:00,545,545,550,550,0
2022-10-14 11:46:00,545,545,550,550,0
2022-10-14 11:47:00,545,545,550,550,0
2022-10-14 11:48:00,545,545,550,550,0
2022-10-14 11:49:00,545,545,550,550,0
2022-10-14 11:50:00,545,545,550,550,0
2022-10-14 11:51:00,545,545,550,550,0
2022-10-14 11:52:00,545,545,550,550,0
2022-10-14 11:53:00,545,545,550,550,0
2022-10-14 11:54:00,545,545,550,550,0
2022-10-14 11:55:00,545,545,550,550,0
2022-10-14 11:56:00,545,545,550,550,0
2022-10-14 11:57:00,545,545,550,550,0
2022-10-14 11:58:00,545,545,550,550,0
2022-10-14 11:59:00,545,545,550,550,0
2022-10-14 12:00:00,545,545,550,550,0
2022-10-14 12:01:00,545,545,550,550,0
2022-10-14 12:02:00,545,545,550,550,0
2022-10-14 12:03:00,545,545,550,550,0
2022-10-14 12:04:00,545,545,550,550,0
2022-10-14 12:05:00,545,545,550,550,0
2022-10-14 12:06:00,545,545,550,550,0
2022-10-14 12:07:00,545,545,550,550,0
2022-10-14 12:08:00,545,545,550,550,0
2022-10-14 12:09:00,545,545,550,550,0
2022-10-14 12:10:00,545,545,550,550,0
2022-10-14 12:11:00,545,545,550,550,0
2022-10-14 12:12:00,545,545,550,550,0
2022-10-14 12:13:00,545,545,550,550,0
2022-10-14 12:14:00,545,545,550,550,0
2022-10-14 12:15:00,545,545,550,550,0
2022-10-14 12:16:00,545,545,550,550,0
2022-10-14 12:17:00,545,545,550,550,0
2022-10-14 12:18:00,545,545,550,550,0
2022-10-14 12:19:00,545,545,550,550,0
2022-10-14 12:20:00,545,545,550,550,0
2022-10-14 12:21:00,545,545,550,550,0
2022-10-14 12:22:00,545,545,550,550,0
2022-10-14 12:23:00,545,545,550,550,0
2022-10-14 12:24:00,545,545,550,550,0
2022-10-14 12:25:00,545,545,550,550,0
2022-10-14 12:26:00,545,545,550,550,0
2022-10-14 12:27:00,545,545,550,550,0
2022-10-14 12:28:00,545,545,550,550,0
2022-10-14 12:29:00,545,545,550,550,0
2022-10-14 12:30:00,545,545,550,550,0
2022-10-14 12:31:00,545,545,550,550,0
2022-10-14 12:32:00,545,545,550,550,0
2022-10-14 12:33:00,545,545,550,550,0
2022-10-14 12:34:00,545,545,550,550,0
2022-10-14 12:35:00,545,545,550,550,0
2022-10-14 12:36:00,545,545,550,550,0
2022-10-14 12:37:00,545,545,550,550,0
2022-10-14 12:38:00,545,545,550,550,0
2022-10-14 12:39:00,545,545,550,550,0
2022-10-14 12:40:00,545,545,550,550,0
2022-10-14 12:41:00,545,545,550,550,0
2022-10-14 12:42:00,545,545,550,550,0
2022-10-14 12:43:00,545,545,550,550,0
2022-10-14 12:44:00,545,545,550,550,0
2022-10-14 12:45:00,545,545,550,550,0
2022-10-14 12:46:00,545,545,550,550,0
2022-10-14 12:47:00,545,545,550,550,0
2022-10-14 12:48:00,545,545,550,550,0
2022-10-14 12:49:00,545,545,550,550,0
2022-10-14 12:50:00,545,545,550,550,0
2022-10-14 12:51:00,545,545,550,550,0
2022-10-14 12:52:00,545,545,550,550,0
2022-10-14 12:53:00,545,545,550,550,0
2022-10-14 12:54:00,545,545,550,550,0
2022-10-14 12:55:00,545,545,550,550,0
2022-10-14 12:56:00,545,545,550,550,0
2022-10-14 12:57:00,545,545,550,550,0
2022-10-14 12:58:00,545,545,550,550,0
2022-10-14 12:59:00,545,545,550,550,0
2022-10-14 13:00:00,545,545,550,550,0
2022-10-14 13:01:00,545,545,550,550,0
2022-10-14 13:02:00,545,545,550,550,0
2022-10-14 13:03:00,545,545,550,550,0
2022-10-14 13:04:00,545,545,550,550,0
2022-10-14 13:05:00,545,545,550,550,0
2022-10-14 13:06:00,545,545,550,550,0
2022-10-14 13:07:00,545,545,550,550,0
2022-10-14 13:08:00,545,545,550,550,0
2022-10-14 13:09:00,545,545,550,550,0
2022-10-14 13:10:00,545,545,550,550,0
2022-10-14 13:11:00,545,545,550,550,0
2022-10-14 13:12:00,545,545,550,550,0
2022-10-14 13:13:00,545,545,550,550,0
2022-10-14 13:14:00,545,545,550,550,0
2022-10-14 13:15:00,545,545,550,550,0
2022-10-14 13:16:00,545,545,550,550,0
2022-10-14 13:17:00,545,545,550,550,0
2022-10-14 13:18:00,545,545,550,550,0
2022-10-14 13:19:00,545,545,550,550,0
2022-10-14 13:20:00,545,545,550,550,0
2022-10-14 13:21:00,545,545,550,550,0
2022-10-14 13:22:00,545,545,550,550,0
2022-10-14 13:23:00,545,545,550,550,0
2022-10-14 13:24:00,545,545,550,550,0
2022-10-14 13:25:00,545,545,550,550,0
2022-10-14 13:26:00,545,545,550,550,0
2022-10-14 13:27:00,545,545,550,550,0
2022-10-14 13:28:00,545,545,550,550,0
2022-10-14 13:29:00,545,545,550,550,0
2022-10-14 13:30:00,550,550,550,550,600
2022-10-14 13:31:00,550,550,550,550,300
2022-10-14 13:32:00,550,550,550,550,0
2022-10-14 13:33:00,550,550,550,550,100
2022-10-14 13:34:00,550,550,550,550,0
2022-10-14 13:35:00,550,550,550,550,0
2022-10-14 13:36:00,550,550,550,550,0
2022-10-14 13:37:00,550,550,550,550,0
2022-10-14 13:38:00,550,550,550,550,0
2022-10-14 13:39:00,550,550,550,550,0
2022-10-14 13:40:00,550,550,550,550,0
2022-10-14 13:41:00,550,550,550,550,0
2022-10-14 13:42:00,550,550,550,550,0
2022-10-14 13:43:00,550,550,550,550,1300
2022-10-14 13:44:00,550,550,550,550,0
2022-10-14 13:45:00,550,550,550,550,0
2022-10-14 13:46:00,550,550,550,550,0
2022-10-14 13:47:00,550,550,550,550,0
2022-10-14 13:48:00,550,550,550,550,0
2022-10-14 13:49:00,550,550,550,550,0
2022-10-14 13:50:00,550,550,550,550,0
2022-10-14 13:51:00,550,550,550,550,0
2022-10-14 13:52:00,550,550,550,550,0
2022-10-14 13:53:00,550,550,550,550,0
2022-10-14 13:54:00,550,550,550,550,0
2022-10-14 13:55:00,550,550,550,550,0
2022-10-14 13:56:00,550,550,550,550,0
2022-10-14 13:57:00,550,550,550,550,0
2022-10-14 13:58:00,550,550,550,550,0
2022-10-14 13:59:00,550,550,550,550,0
2022-10-14 14:00:00,550,550,550,550,0
2022-10-14 14:01:00,550,550,550,550,0
2022-10-14 14:02:00,550,550,550,550,0
2022-10-14 14:03:00,550,550,550,550,0
2022-10-14 14:04:00,550,550,550,550,0
2022-10-14 14:05:00,550,550,550,550,0
2022-10-14 14:06:00,550,550,550,550,0
2022-10-14 14:07:00,550,550,550,550,0
2022-10-14 14:08:00,550,550,550,550,0
2022-10-14 14:09:00,550,550,550,550,400
2022-10-14 14:10:00,550,550,550,550,0
2022-10-14 14:11:00,550,550,550,550,0
2022-10-14 14:12:00,550,550,550,550,0
2022-10-14 14:13:00,550,550,550,550,0
2022-10-14 14:14:00,550,550,550,550,0
2022-10-14 14:15:00,550,550,550,550,0
2022-10-14 14:16:00,550,550,550,550,0
2022-10-14 14:17:00,550,550,550,550,0
2022-10-14 14:18:00,550,550,550,550,600
2022-10-14 14:19:00,550,550,550,550,0
2022-10-14 14:20:00,550,550,550,550,0
2022-10-14 14:21:00,550,550,550,550,0
2022-10-14 14:22:00,550,550,550,550,0
2022-10-14 14:23:00,550,550,550,550,0
2022-10-14 14:24:00,550,550,550,550,0
2022-10-14 14:25:00,550,550,550,550,0
2022-10-14 14:26:00,550,550,550,550,0
2022-10-14 14:27:00,550,550,550,550,0
2022-10-14 14:28:00,550,550,550,550,0
2022-10-14 14:29:00,550,550,550,550,0
2022-10-14 14:30:00,550,550,550,550,0
2022-10-14 14:31:00,550,550,550,550,0
2022-10-14 14:32:00,550,550,550,550,0
2022-10-14 14:33:00,550,550,550,550,0
2022-10-14 14:34:00,550,550,550,550,0
2022-10-14 14:35:00,550,550,550,550,0
2022-10-14 14:36:00,550,550,550,550,0
2022-10-14 14:37:00,550,550,550,550,0
2022-10-14 14:38:00,550,550,550,550,0
2022-10-14 14:39:00,550,550,550,550,0
2022-10-14 14:40:00,550,550,550,550,200
2022-10-14 14:41:00,545,545,550,550,5400
2022-10-14 14:42:00,545,545,550,550,0
2022-10-14 14:43:00,550,545,550,545,2700
2022-10-14 14:44:00,545,545,550,545,1100
2022-10-14 14:45:00,550,545,550,545,1900
2022-10-14 14:46:00,545,545,550,550,1200
2022-10-14 14:47:00,550,550,550,550,800
2022-10-14 14:48:00,550,550,550,550,1000
2022-10-14 14:49:00,550,545,550,550,3100
2022-10-14 14:50:00,550,545,550,550,0
2022-10-14 14:51:00,550,545,550,550,0
2022-10-14 14:52:00,550,545,550,550,0
2022-10-14 14:53:00,550,545,550,550,0
2022-10-14 14:54:00,550,545,550,550,0
2022-10-14 14:55:00,550,545,550,550,0
2022-10-14 14:56:00,550,545,550,550,0
2022-10-14 14:57:00,550,545,550,550,0
2022-10-14 14:58:00,550,545,550,550,0
2022-10-14 14:59:00,550,545,550,550,0
2022-10-14 15:00:00,550,550,550,550,66400
2022-10-14 15:01:00,550,550,550,550,0
2022-10-14 15:02:00,550,550,550,550,0
2022-10-14 15:03:00,550,550,550,550,0
2022-10-14 15:04:00,550,550,550,550,0
2022-10-14 15:05:00,550,550,550,550,0
2022-10-14 15:06:00,550,550,550,550,0
2022-10-14 15:07:00,550,550,550,550,0
2022-10-14 15:08:00,550,550,550,550,0
2022-10-14 15:09:00,550,550,550,550,0
2022-10-14 15:10:00,550,550,550,550,0
2022-10-14 15:11:00,550,550,550,550,0
2022-10-14 15:12:00,550,550,550,550,0
2022-10-14 15:13:00,550,550,550,550,0
2022-10-14 15:14:00,550,550,550,550,0
2022-10-14 15:15:00,550,550,550,550,0
2022-10-14 15:16:00,550,550,550,550,0
2022-10-14 15:17:00,550,550,550,550,0
2022-10-14 15:18:00,550,550,550,550,0
2022-10-14 15:19:00,550,550,550,550,0
2022-10-14 15:20:00,550,550,550,550,0
2022-10-14 15:21:00,550,550,550,550,0
2022-10-14 15:22:00,550,550,550,550,0
2022-10-14 15:23:00,550,550,550,550,0
2022-10-14 15:24:00,550,550,550,550,0
2022-10-14 15:25:00,550,550,550,550,0
2022-10-14 15:26:00,550,550,550,550,0
2022-10-14 15:27:00,550,550,550,550,0
2022-10-14 15:28:00,550,550,550,550,0
2022-10-14 15:29:00,550,550,550,550,0
2022-10-14 15:30:00,550,550,550,550,0
2022-10-14 15:31:00,550,550,550,550,0
2022-10-14 15:32:00,550,550,550,550,0
2022-10-14 15:33:00,550,550,550,550,0
2022-10-14 15:34:00,550,550,550,550,0
2022-10-14 15:35:00,550,550,550,550,0
2022-10-14 15:36:00,550,550,550,550,0
2022-10-14 15:37:00,550,550,550,550,0
2022-10-14 15:38:00,550,550,550,550,0
2022-10-14 15:39:00,550,550,550,550,0
2022-10-14 15:40:00,550,550,550,550,0
2022-10-14 15:41:00,550,550,550,550,0
2022-10-14 15:42:00,550,550,550,550,0
2022-10-14 15:43:00,550,550,550,550,0
2022-10-14 15:44:00,550,550,550,550,0
2022-10-14 15:45:00,550,550,550,550,0
2022-10-14 15:46:00,550,550,550,550,0
2022-10-14 15:47:00,550,550,550,550,0
2022-10-14 15:48:00,550,550,550,550,0
2022-10-14 15:49:00,550,550,550,550,0
2022-10-14 15:50:00,550,550,550,550,0
2022-10-14 15:51:00,550,550,550,550,0
2022-10-14 15:52:00,550,550,550,550,0
2022-10-14 15:53:00,550,550,550,550,0
2022-10-14 15:54:00,550,550,550,550,0
2022-10-14 15:55:00,550,550,550,550,0
2022-10-14 15:56:00,550,550,550,550,0
2022-10-14 15:57:00,550,550,550,550,0
2022-10-14 15:58:00,550,550,550,550,0
2022-10-14 15:59:00,550,550,550,550,0
2022-10-17 09:00:00,550,550,550,550,0
2022-10-17 09:01:00,550,550,550,550,0
2022-10-17 09:02:00,550,550,550,550,0
2022-10-17 09:03:00,550,550,550,550,0
2022-10-17 09:04:00,550,550,550,550,0
2022-10-17 09:05:00,550,550,550,550,0
2022-10-17 09:06:00,550,550,550,550,0
2022-10-17 09:07:00,550,550,550,550,0
2022-10-17 09:08:00,550,550,550,550,0
2022-10-17 09:09:00,550,550,550,550,0
2022-10-17 09:10:00,550,550,550,550,0
2022-10-17 09:11:00,550,550,550,550,0
2022-10-17 09:12:00,550,550,550,550,0
2022-10-17 09:13:00,550,550,550,550,0
2022-10-17 09:14:00,550,550,550,550,0
2022-10-17 09:15:00,550,550,550,550,0
2022-10-17 09:16:00,550,550,550,550,0
2022-10-17 09:17:00,550,550,550,550,0
2022-10-17 09:18:00,550,550,550,550,0
2022-10-17 09:19:00,550,550,550,550,0
2022-10-17 09:20:00,550,550,550,550,0
2022-10-17 09:21:00,550,550,550,550,0
2022-10-17 09:22:00,550,550,550,550,0
2022-10-17 09:23:00,550,550,550,550,0
2022-10-17 09:24:00,545,545,545,545,2500
2022-10-17 09:25:00,550,550,550,550,0
2022-10-17 09:26:00,545,545,550,550,2200
2022-10-17 09:27:00,545,545,545,545,400
2022-10-17 09:28:00,545,545,545,545,0
2022-10-17 09:29:00,545,545,545,545,0
2022-10-17 09:30:00,545,545,545,545,0
2022-10-17 09:31:00,545,545,545,545,0
2022-10-17 09:32:00,540,540,545,545,38600
2022-10-17 09:33:00,535,535,540,540,8800
2022-10-17 09:34:00,540,540,540,540,900
2022-10-17 09:35:00,540,540,540,540,4200
2022-10-17 09:36:00,540,540,545,545,7200
2022-10-17 09:37:00,545,545,545,545,0
2022-10-17 09:38:00,545,545,545,545,0
2022-10-17 09:39:00,545,545,545,545,0
2022-10-17 09:40:00,545,545,545,545,0
2022-10-17 09:41:00,545,545,545,545,3300
2022-10-17 09:42:00,545,545,545,545,0
2022-10-17 09:43:00,545,545,545,545,0
2022-10-17 09:44:00,545,545,545,545,700
2022-10-17 09:45:00,545,545,545,545,0
2022-10-17 09:46:00,545,545,545,545,0
2022-10-17 09:47:00,545,545,545,545,600
2022-10-17 09:48:00,545,545,545,545,1200
2022-10-17 09:49:00,545,545,545,545,500
2022-10-17 09:50:00,545,545,545,545,0
2022-10-17 09:51:00,545,545,545,545,0
2022-10-17 09:52:00,545,545,545,545,0
2022-10-17 09:53:00,545,545,545,545,0
2022-10-17 09:54:00,545,545,545,545,0
2022-10-17 09:55:00,545,545,545,545,600
2022-10-17 09:56:00,545,545,545,545,0
2022-10-17 09:57:00,545,545,545,545,0
2022-10-17 09:58:00,545,545,545,545,1000
2022-10-17 09:59:00,545,545,545,545,0
2022-10-17 10:00:00,545,545,545,545,0
2022-10-17 10:01:00,545,545,545,545,0
2022-10-17 10:02:00,545,545,545,545,1300
2022-10-17 10:03:00,545,545,545,545,0
2022-10-17 10:04:00,545,545,545,545,0
2022-10-17 10:05:00,545,545,545,545,0
2022-10-17 10:06:00,545,545,545,545,0
2022-10-17 10:07:00,545,545,545,545,5200
2022-10-17 10:08:00,545,545,545,545,0
2022-10-17 10:09:00,545,545,545,545,0
2022-10-17 10:10:00,545,545,545,545,0
2022-10-17 10:11:00,545,545,545,545,600
2022-10-17 10:12:00,545,545,545,545,1700
2022-10-17 10:13:00,545,545,545,545,0
2022-10-17 10:14:00,545,545,545,545,0
2022-10-17 10:15:00,545,545,545,545,0
2022-10-17 10:16:00,545,545,545,545,0
2022-10-17 10:17:00,545,545,545,545,0
2022-10-17 10:18:00,545,545,545,545,0
2022-10-17 10:19:00,545,545,545,545,0
2022-10-17 10:20:00,545,545,545,545,0
2022-10-17 10:21:00,545,545,545,545,0
2022-10-17 10:22:00,545,545,545,545,0
2022-10-17 10:23:00,545,545,545,545,0
2022-10-17 10:24:00,545,545,545,545,0
2022-10-17 10:25:00,545,545,545,545,0
2022-10-17 10:26:00,540,540,540,540,3900
2022-10-17 10:27:00,545,545,545,545,600
2022-10-17 10:28:00,545,545,545,545,0
2022-10-17 10:29:00,545,545,545,545,0
2022-10-17 10:30:00,545,545,545,545,0
2022-10-17 10:31:00,545,545,545,545,0
2022-10-17 10:32:00,545,545,545,545,3400
2022-10-17 10:33:00,545,545,545,545,0
2022-10-17 10:34:00,545,545,545,545,0
2022-10-17 10:35:00,545,545,545,545,0
2022-10-17 10:36:00,545,545,545,545,0
2022-10-17 10:37:00,545,545,545,545,0
2022-10-17 10:38:00,545,545,545,545,0
2022-10-17 10:39:00,545,545,545,545,0
2022-10-17 10:40:00,545,545,545,545,0
2022-10-17 10:41:00,545,545,545,545,0
2022-10-17 10:42:00,545,545,545,545,0
2022-10-17 10:43:00,545,545,545,545,1100
2022-10-17 10:44:00,545,545,545,545,0
2022-10-17 10:45:00,545,545,545,545,0
2022-10-17 10:46:00,545,545,545,545,0
2022-10-17 10:47:00,545,545,545,545,0
2022-10-17 10:48:00,545,545,545,545,0
2022-10-17 10:49:00,545,545,545,545,0
2022-10-17 10:50:00,545,545,545,545,0
2022-10-17 10:51:00,545,545,545,545,0
2022-10-17 10:52:00,545,545,545,545,0
2022-10-17 10:53:00,545,545,545,545,0
2022-10-17 10:54:00,545,545,545,545,0
2022-10-17 10:55:00,545,545,545,545,1000
2022-10-17 10:56:00,545,545,545,545,0
2022-10-17 10:57:00,545,545,545,545,0
2022-10-17 10:58:00,545,545,545,545,0
2022-10-17 10:59:00,545,545,545,545,100
2022-10-17 11:00:00,545,545,545,545,0
2022-10-17 11:01:00,545,545,545,545,0
2022-10-17 11:02:00,545,545,545,545,0
2022-10-17 11:03:00,545,545,545,545,100
2022-10-17 11:04:00,545,545,545,545,0
2022-10-17 11:05:00,545,545,545,545,0
2022-10-17 11:06:00,545,545,545,545,0
2022-10-17 11:07:00,540,540,540,540,2900
2022-10-17 11:08:00,545,545,545,545,0
2022-10-17 11:09:00,545,545,545,545,0
2022-10-17 11:10:00,545,545,545,545,0
2022-10-17 11:11:00,545,545,545,545,0
2022-10-17 11:12:00,545,545,545,545,0
2022-10-17 11:13:00,545,545,545,545,1000
2022-10-17 11:14:00,545,545,545,545,0
2022-10-17 11:15:00,545,545,545,545,0
2022-10-17 11:16:00,545,545,545,545,0
2022-10-17 11:17:00,545,545,545,545,0
2022-10-17 11:18:00,545,545,545,545,0
2022-10-17 11:19:00,545,545,545,545,0
2022-10-17 11:20:00,545,545,545,545,0
2022-10-17 11:21:00,545,545,545,545,0
2022-10-17 11:22:00,545,545,545,545,100
2022-10-17 11:23:00,545,545,545,545,0
2022-10-17 11:24:00,545,545,545,545,0
2022-10-17 11:25:00,540,540,545,545,700
2022-10-17 11:26:00,540,540,545,545,0
2022-10-17 11:27:00,545,545,545,545,2600
2022-10-17 11:28:00,545,545,545,545,0
2022-10-17 11:29:00,545,545,545,545,1200
2022-10-17 11:30:00,545,545,545,545,0
2022-10-17 11:31:00,545,545,545,545,0
2022-10-17 11:32:00,545,545,545,545,0
2022-10-17 11:33:00,545,545,545,545,0
2022-10-17 11:34:00,545,545,545,545,0
2022-10-17 11:35:00,545,545,545,545,0
2022-10-17 11:36:00,545,545,545,545,0
2022-10-17 11:37:00,545,545,545,545,0
2022-10-17 11:38:00,545,545,545,545,0
2022-10-17 11:39:00,545,545,545,545,0
2022-10-17 11:40:00,545,545,545,545,0
2022-10-17 11:41:00,545,545,545,545,0
2022-10-17 11:42:00,545,545,545,545,0
2022-10-17 11:43:00,545,545,545,545,0
2022-10-17 11:44:00,545,545,545,545,0
2022-10-17 11:45:00,545,545,545,545,0
2022-10-17 11:46:00,545,545,545,545,0
2022-10-17 11:47:00,545,545,545,545,0
2022-10-17 11:48:00,545,545,545,545,0
2022-10-17 11:49:00,545,545,545,545,0
2022-10-17 11:50:00,545,545,545,545,0
2022-10-17 11:51:00,545,545,545,545,0
2022-10-17 11:52:00,545,545,545,545,0
2022-10-17 11:53:00,545,545,545,545,0
2022-10-17 11:54:00,545,545,545,545,0
2022-10-17 11:55:00,545,545,545,545,0
2022-10-17 11:56:00,545,545,545,545,0
2022-10-17 11:57:00,545,545,545,545,0
2022-10-17 11:58:00,545,545,545,545,0
2022-10-17 11:59:00,545,545,545,545,0
2022-10-17 12:00:00,545,545,545,545,0
2022-10-17 12:01:00,545,545,545,545,0
2022-10-17 12:02:00,545,545,545,545,0
2022-10-17 12:03:00,545,545,545,545,0
2022-10-17 12:04:00,545,545,545,545,0
2022-10-17 12:05:00,545,545,545,545,0
2022-10-17 12:06:00,545,545,545,545,0
2022-10-17 12:07:00,545,545,545,545,0
2022-10-17 12:08:00,545,545,545,545,0
2022-10-17 12:09:00,545,545,545,545,0
2022-10-17 12:10:00,545,545,545,545,0
2022-10-17 12:11:00,545,545,545,545,0
2022-10-17 12:12:00,545,545,545,545,0
2022-10-17 12:13:00,545,545,545,545,0
2022-10-17 12:14:00,545,545,545,545,0
2022-10-17 12:15:00,545,545,545,545,0
2022-10-17 12:16:00,545,545,545,545,0
2022-10-17 12:17:00,545,545,545,545,0
2022-10-17 12:18:00,545,545,545,545,0
2022-10-17 12:19:00,545,545,545,545,0
2022-10-17 12:20:00,545,545,545,545,0
2022-10-17 12:21:00,545,545,545,545,0
2022-10-17 12:22:00,545,545,545,545,0
2022-10-17 12:23:00,545,545,545,545,0
2022-10-17 12:24:00,545,545,545,545,0
2022-10-17 12:25:00,545,545,545,545,0
2022-10-17 12:26:00,545,545,545,545,0
2022-10-17 12:27:00,545,545,545,545,0
2022-10-17 12:28:00,545,545,545,545,0
2022-10-17 12:29:00,545,545,545,545,0
2022-10-17 12:30:00,545,545,545,545,0
2022-10-17 12:31:00,545,545,545,545,0
2022-10-17 12:32:00,545,545,545,545,0
2022-10-17 12:33:00,545,545,545,545,0
2022-10-17 12:34:00,545,545,545,545,0
2022-10-17 12:35:00,545,545,545,545,0
2022-10-17 12:36:00,545,545,545,545,0
2022-10-17 12:37:00,545,545,545,545,0
2022-10-17 12:38:00,545,545,545,545,0
2022-10-17 12:39:00,545,545,545,545,0
2022-10-17 12:40:00,545,545,545,545,0
2022-10-17 12:41:00,545,545,545,545,0
2022-10-17 12:42:00,545,545,545,545,0
2022-10-17 12:43:00,545,545,545,545,0
2022-10-17 12:44:00,545,545,545,545,0
2022-10-17 12:45:00,545,545,545,545,0
2022-10-17 12:46:00,545,545,545,545,0
2022-10-17 12:47:00,545,545,545,545,0
2022-10-17 12:48:00,545,545,545,545,0
2022-10-17 12:49:00,545,545,545,545,0
2022-10-17 12:50:00,545,545,545,545,0
2022-10-17 12:51:00,545,545,545,545,0
2022-10-17 12:52:00,545,545,545,545,0
2022-10-17 12:53:00,545,545,545,545,0
2022-10-17 12:54:00,545,545,545,545,0
2022-10-17 12:55:00,545,545,545,545,0
2022-10-17 12:56:00,545,545,545,545,0
2022-10-17 12:57:00,545,545,545,545,0
2022-10-17 12:58:00,545,545,545,545,0
2022-10-17 12:59:00,545,545,545,545,0
2022-10-17 13:00:00,545,545,545,545,0
2022-10-17 13:01:00,545,545,545,545,0
2022-10-17 13:02:00,545,545,545,545,0
2022-10-17 13:03:00,545,545,545,545,0
2022-10-17 13:04:00,545,545,545,545,0
2022-10-17 13:05:00,545,545,545,545,0
2022-10-17 13:06:00,545,545,545,545,0
2022-10-17 13:07:00,545,545,545,545,0
2022-10-17 13:08:00,545,545,545,545,0
2022-10-17 13:09:00,545,545,545,545,0
2022-10-17 13:10:00,545,545,545,545,0
2022-10-17 13:11:00,545,545,545,545,0
2022-10-17 13:12:00,545,545,545,545,0
2022-10-17 13:13:00,545,545,545,545,0
2022-10-17 13:14:00,545,545,545,545,0
2022-10-17 13:15:00,545,545,545,545,0
2022-10-17 13:16:00,545,545,545,545,0
2022-10-17 13:17:00,545,545,545,545,0
2022-10-17 13:18:00,545,545,545,545,0
2022-10-17 13:19:00,545,545,545,545,0
2022-10-17 13:20:00,545,545,545,545,0
2022-10-17 13:21:00,545,545,545,545,0
2022-10-17 13:22:00,545,545,545,545,0
2022-10-17 13:23:00,545,545,545,545,0
2022-10-17 13:24:00,545,545,545,545,0
2022-10-17 13:25:00,545,545,545,545,0
2022-10-17 13:26:00,545,545,545,545,0
2022-10-17 13:27:00,545,545,545,545,0
2022-10-17 13:28:00,545,545,545,545,0
2022-10-17 13:29:00,545,545,545,545,0
2022-10-17 13:30:00,545,545,550,550,55700
2022-10-17 13:31:00,545,545,550,550,0
2022-10-17 13:32:00,550,550,550,550,0
2022-10-17 13:33:00,550,550,550,550,0
2022-10-17 13:34:00,550,550,550,550,0
2022-10-17 13:35:00,550,550,550,550,0
2022-10-17 13:36:00,550,550,550,550,0
2022-10-17 13:37:00,550,550,550,550,0
2022-10-17 13:38:00,550,550,550,550,0
2022-10-17 13:39:00,550,550,550,550,0
2022-10-17 13:40:00,545,545,550,550,900
2022-10-17 13:41:00,545,545,550,550,0
2022-10-17 13:42:00,545,545,550,550,0
2022-10-17 13:43:00,545,545,550,550,0
2022-10-17 13:44:00,545,545,550,550,0
2022-10-17 13:45:00,545,545,550,550,0
2022-10-17 13:46:00,545,545,550,550,0
2022-10-17 13:47:00,545,545,550,550,0
2022-10-17 13:48:00,545,545,550,550,0
2022-10-17 13:49:00,545,545,550,550,0
2022-10-17 13:50:00,545,545,550,550,0
2022-10-17 13:51:00,545,545,550,550,0
2022-10-17 13:52:00,550,550,550,550,8800
2022-10-17 13:53:00,550,550,550,550,0
2022-10-17 13:54:00,550,550,550,550,0
2022-10-17 13:55:00,550,550,550,550,0
2022-10-17 13:56:00,550,550,550,550,0
2022-10-17 13:57:00,550,550,550,550,0
2022-10-17 13:58:00,550,550,550,550,600
2022-10-17 13:59:00,550,550,550,550,0
2022-10-17 14:00:00,545,545,545,545,3700
2022-10-17 14:01:00,550,550,550,550,0
2022-10-17 14:02:00,550,550,550,550,500
2022-10-17 14:03:00,550,550,550,550,0
2022-10-17 14:04:00,550,550,550,550,0
2022-10-17 14:05:00,550,550,550,550,0
2022-10-17 14:06:00,550,550,550,550,29600
2022-10-17 14:07:00,550,550,550,550,0
2022-10-17 14:08:00,550,550,550,550,0
2022-10-17 14:09:00,550,550,550,550,0
2022-10-17 14:10:00,550,550,550,550,0
2022-10-17 14:11:00,550,550,550,550,0
2022-10-17 14:12:00,550,550,550,550,0
2022-10-17 14:13:00,550,550,550,550,0
2022-10-17 14:14:00,550,550,550,550,0
2022-10-17 14:15:00,550,550,550,550,0
2022-10-17 14:16:00,550,550,550,550,0
2022-10-17 14:17:00,550,550,550,550,300
2022-10-17 14:18:00,550,550,550,550,0
2022-10-17 14:19:00,550,550,550,550,0
2022-10-17 14:20:00,550,550,550,550,0
2022-10-17 14:21:00,550,550,550,550,0
2022-10-17 14:22:00,550,550,550,550,0
2022-10-17 14:23:00,550,550,550,550,0
2022-10-17 14:24:00,550,550,550,550,0
2022-10-17 14:25:00,545,545,550,550,1000
2022-10-17 14:26:00,545,545,550,550,0
2022-10-17 14:27:00,545,545,550,550,0
2022-10-17 14:28:00,545,545,550,550,0
2022-10-17 14:29:00,545,545,550,550,0
2022-10-17 14:30:00,545,545,550,550,0
2022-10-17 14:31:00,545,545,550,550,0
2022-10-17 14:32:00,545,545,550,550,0
2022-10-17 14:33:00,545,545,550,550,0
2022-10-17 14:34:00,545,545,550,550,0
2022-10-17 14:35:00,550,550,550,550,800
2022-10-17 14:36:00,550,550,550,550,0
2022-10-17 14:37:00,550,550,550,550,0
2022-10-17 14:38:00,550,550,550,550,0
2022-10-17 14:39:00,550,550,550,550,0
2022-10-17 14:40:00,550,550,550,550,0
2022-10-17 14:41:00,545,545,545,545,4700
2022-10-17 14:42:00,550,550,550,550,0
2022-10-17 14:43:00,550,550,550,550,0
2022-10-17 14:44:00,550,550,550,550,500
2022-10-17 14:45:00,550,550,550,550,0
2022-10-17 14:46:00,550,550,550,550,200
2022-10-17 14:47:00,550,545,550,545,4000
2022-10-17 14:48:00,550,550,550,550,0
2022-10-17 14:49:00,550,550,550,550,1600
2022-10-17 14:50:00,550,550,550,550,0
2022-10-17 14:51:00,550,550,550,550,0
2022-10-17 14:52:00,550,550,550,550,0
2022-10-17 14:53:00,550,550,550,550,0
2022-10-17 14:54:00,550,550,550,550,0
2022-10-17 14:55:00,550,550,550,550,0
2022-10-17 14:56:00,550,550,550,550,0
2022-10-17 14:57:00,550,550,550,550,0
2022-10-17 14:58:00,550,550,550,550,0
2022-10-17 14:59:00,550,550,550,550,0
2022-10-17 15:00:00,550,550,550,550,275600
2022-10-17 15:01:00,550,550,550,550,0
2022-10-17 15:02:00,550,550,550,550,0
2022-10-17 15:03:00,550,550,550,550,0
2022-10-17 15:04:00,550,550,550,550,0
2022-10-17 15:05:00,550,550,550,550,0
2022-10-17 15:06:00,550,550,550,550,0
2022-10-17 15:07:00,550,550,550,550,0
2022-10-17 15:08:00,550,550,550,550,0
2022-10-17 15:09:00,550,550,550,550,0
2022-10-17 15:10:00,550,550,550,550,0
2022-10-17 15:11:00,550,550,550,550,0
2022-10-17 15:12:00,550,550,550,550,0
2022-10-17 15:13:00,550,550,550,550,0
2022-10-17 15:14:00,550,550,550,550,0
2022-10-17 15:15:00,550,550,550,550,0
2022-10-17 15:16:00,550,550,550,550,0
2022-10-17 15:17:00,550,550,550,550,0
2022-10-17 15:18:00,550,550,550,550,0
2022-10-17 15:19:00,550,550,550,550,0
2022-10-17 15:20:00,550,550,550,550,0
2022-10-17 15:21:00,550,550,550,550,0
2022-10-17 15:22:00,550,550,550,550,0
2022-10-17 15:23:00,550,550,550,550,0
2022-10-17 15:24:00,550,550,550,550,0
2022-10-17 15:25:00,550,550,550,550,0
2022-10-17 15:26:00,550,550,550,550,0
2022-10-17 15:27:00,550,550,550,550,0
2022-10-17 15:28:00,550,550,550,550,0
2022-10-17 15:29:00,550,550,550,550,0
2022-10-17 15:30:00,550,550,550,550,0
2022-10-17 15:31:00,550,550,550,550,0
2022-10-17 15:32:00,550,550,550,550,0
2022-10-17 15:33:00,550,550,550,550,0
2022-10-17 15:34:00,550,550,550,550,0
2022-10-17 15:35:00,550,550,550,550,0
2022-10-17 15:36:00,550,550,550,550,0
2022-10-17 15:37:00,550,550,550,550,0
2022-10-17 15:38:00,550,550,550,550,0
2022-10-17 15:39:00,550,550,550,550,0
2022-10-17 15:40:00,550,550,550,550,0
2022-10-17 15:41:00,550,550,550,550,0
2022-10-17 15:42:00,550,550,550,550,0
2022-10-17 15:43:00,550,550,550,550,0
2022-10-17 15:44:00,550,550,550,550,0
2022-10-17 15:45:00,550,550,550,550,0
2022-10-17 15:46:00,550,550,550,550,0
2022-10-17 15:47:00,550,550,550,550,0
2022-10-17 15:48:00,550,550,550,550,0
2022-10-17 15:49:00,550,550,550,550,0
2022-10-17 15:50:00,550,550,550,550,0
2022-10-17 15:51:00,550,550,550,550,0
2022-10-17 15:52:00,550,550,550,550,0
2022-10-17 15:53:00,550,550,550,550,0
2022-10-17 15:54:00,550,550,550,550,0
2022-10-17 15:55:00,550,550,550,550,0
2022-10-17 15:56:00,550,550,550,550,0
2022-10-17 15:57:00,550,550,550,550,0
2022-10-17 15:58:00,550,550,550,550,0
2022-10-17 15:59:00,550,550,550,550,0
2022-10-18 09:00:00,550,550,550,550,84000
2022-10-18 09:01:00,550,550,550,550,0
2022-10-18 09:02:00,550,550,550,550,0
2022-10-18 09:03:00,550,550,550,550,400
2022-10-18 09:04:00,550,550,550,550,0
2022-10-18 09:05:00,550,550,550,550,0
2022-10-18 09:06:00,550,550,550,550,0
2022-10-18 09:07:00,550,550,550,550,0
2022-10-18 09:08:00,550,550,550,550,0
2022-10-18 09:09:00,545,545,550,550,900
2022-10-18 09:10:00,545,545,550,550,0
2022-10-18 09:11:00,550,550,550,550,50700
2022-10-18 09:12:00,550,550,550,550,0
2022-10-18 09:13:00,550,550,550,550,0
2022-10-18 09:14:00,550,550,550,550,0
2022-10-18 09:15:00,550,550,550,550,0
2022-10-18 09:16:00,550,550,550,550,0
2022-10-18 09:17:00,550,550,550,550,0
2022-10-18 09:18:00,550,550,550,550,0
2022-10-18 09:19:00,550,550,550,550,0
2022-10-18 09:20:00,550,550,550,550,0
2022-10-18 09:21:00,550,550,550,550,51000
2022-10-18 09:22:00,550,550,550,550,0
2022-10-18 09:23:00,550,550,550,550,0
2022-10-18 09:24:00,550,550,550,550,0
2022-10-18 09:25:00,550,550,550,550,0
2022-10-18 09:26:00,550,550,550,550,0
2022-10-18 09:27:00,550,550,550,550,0
2022-10-18 09:28:00,550,550,550,550,0
2022-10-18 09:29:00,550,550,550,550,0
2022-10-18 09:30:00,550,550,550,550,0
2022-10-18 09:31:00,550,550,550,550,0
2022-10-18 09:32:00,550,550,550,550,800
2022-10-18 09:33:00,550,550,550,550,0
2022-10-18 09:34:00,545,545,545,545,0
2022-10-18 09:35:00,550,550,550,550,400
2022-10-18 09:36:00,550,550,550,550,0
2022-10-18 09:37:00,550,550,550,550,0
2022-10-18 09:38:00,550,550,550,550,0
2022-10-18 09:39:00,550,550,550,550,0
2022-10-18 09:40:00,550,550,550,550,0
2022-10-18 09:41:00,550,550,550,550,0
2022-10-18 09:42:00,550,550,550,550,600
2022-10-18 09:43:00,550,550,550,550,1900
2022-10-18 09:44:00,550,550,550,550,0
2022-10-18 09:45:00,550,550,550,550,0
2022-10-18 09:46:00,550,550,550,550,0
2022-10-18 09:47:00,550,550,550,550,0
2022-10-18 09:48:00,550,550,550,550,0
2022-10-18 09:49:00,550,550,550,550,0
2022-10-18 09:50:00,550,550,550,550,0
2022-10-18 09:51:00,550,550,550,550,0
2022-10-18 09:52:00,550,550,550,550,0
2022-10-18 09:53:00,550,550,550,550,0
2022-10-18 09:54:00,550,550,550,550,0
2022-10-18 09:55:00,550,550,550,550,0
2022-10-18 09:56:00,550,550,550,550,0
2022-10-18 09:57:00,550,550,550,550,0
2022-10-18 09:58:00,550,550,550,550,0
2022-10-18 09:59:00,550,550,550,550,0
2022-10-18 10:00:00,550,550,550,550,0
2022-10-18 10:01:00,550,550,550,550,0
2022-10-18 10:02:00,550,550,550,550,0
2022-10-18 10:03:00,550,550,550,550,0
2022-10-18 10:04:00,550,550,550,550,0
2022-10-18 10:05:00,550,550,550,550,0
2022-10-18 10:06:00,545,545,550,550,700
2022-10-18 10:07:00,545,545,550,550,0
2022-10-18 10:08:00,545,545,550,550,0
2022-10-18 10:09:00,550,550,550,550,2700
2022-10-18 10:10:00,545,545,550,550,0
2022-10-18 10:11:00,545,545,550,550,0
2022-10-18 10:12:00,545,545,550,550,0
2022-10-18 10:13:00,545,545,550,550,0
2022-10-18 10:14:00,545,545,550,550,0
2022-10-18 10:15:00,545,545,550,550,0
2022-10-18 10:16:00,545,545,550,550,0
2022-10-18 10:17:00,545,545,545,545,2400
2022-10-18 10:18:00,550,550,550,550,400
2022-10-18 10:19:00,545,545,550,550,200
2022-10-18 10:20:00,550,550,550,550,100
2022-10-18 10:21:00,550,550,550,550,0
2022-10-18 10:22:00,550,550,550,550,0
2022-10-18 10:23:00,550,550,550,550,0
2022-10-18 10:24:00,550,550,550,550,0
2022-10-18 10:25:00,550,550,550,550,0
2022-10-18 10:26:00,550,550,550,550,0
2022-10-18 10:27:00,550,550,550,550,0
2022-10-18 10:28:00,550,550,550,550,0
2022-10-18 10:29:00,545,545,545,545,600
2022-10-18 10:30:00,550,550,550,550,300
2022-10-18 10:31:00,550,550,550,550,0
2022-10-18 10:32:00,550,550,550,550,0
2022-10-18 10:33:00,550,550,550,550,0
2022-10-18 10:34:00,550,550,550,550,0
2022-10-18 10:35:00,550,550,550,550,0
2022-10-18 10:36:00,550,550,550,550,0
2022-10-18 10:37:00,550,550,550,550,0
2022-10-18 10:38:00,550,550,550,550,0
2022-10-18 10:39:00,550,550,550,550,0
2022-10-18 10:40:00,550,550,550,550,0
2022-10-18 10:41:00,550,550,550,550,0
2022-10-18 10:42:00,550,550,550,550,0
2022-10-18 10:43:00,550,550,550,550,0
2022-10-18 10:44:00,550,550,550,550,0
2022-10-18 10:45:00,550,550,550,550,0
2022-10-18 10:46:00,550,550,550,550,0
2022-10-18 10:47:00,550,550,550,550,0
2022-10-18 10:48:00,550,550,550,550,0
2022-10-18 10:49:00,550,550,550,550,0
2022-10-18 10:50:00,550,550,550,550,0
2022-10-18 10:51:00,550,550,550,550,0
2022-10-18 10:52:00,550,550,550,550,0
2022-10-18 10:53:00,550,550,550,550,0
2022-10-18 10:54:00,550,550,550,550,0
2022-10-18 10:55:00,550,550,550,550,0
2022-10-18 10:56:00,550,550,550,550,0
2022-10-18 10:57:00,550,550,550,550,0
2022-10-18 10:58:00,550,550,550,550,0
2022-10-18 10:59:00,550,550,550,550,0
2022-10-18 11:00:00,550,550,550,550,0
2022-10-18 11:01:00,550,550,550,550,800
2022-10-18 11:02:00,550,550,550,550,200
2022-10-18 11:03:00,550,550,550,550,0
2022-10-18 11:04:00,550,550,550,550,0
2022-10-18 11:05:00,550,550,550,550,0
2022-10-18 11:06:00,550,550,550,550,0
2022-10-18 11:07:00,550,550,550,550,0
2022-10-18 11:08:00,550,550,550,550,0
2022-10-18 11:09:00,550,550,550,550,0
2022-10-18 11:10:00,550,550,550,550,0
2022-10-18 11:11:00,550,550,550,550,0
2022-10-18 11:12:00,550,550,550,550,0
2022-10-18 11:13:00,550,550,550,550,0
2022-10-18 11:14:00,550,550,550,550,1000
2022-10-18 11:15:00,550,550,550,550,0
2022-10-18 11:16:00,550,550,550,550,0
2022-10-18 11:17:00,550,550,550,550,500
2022-10-18 11:18:00,550,550,550,550,0
2022-10-18 11:19:00,550,550,550,550,0
2022-10-18 11:20:00,550,550,550,550,100
2022-10-18 11:21:00,550,550,550,550,0
2022-10-18 11:22:00,550,550,550,550,0
2022-10-18 11:23:00,550,550,550,550,0
2022-10-18 11:24:00,550,550,550,550,0
2022-10-18 11:25:00,550,550,550,550,400
2022-10-18 11:26:00,550,550,550,550,400
2022-10-18 11:27:00,550,550,550,550,300
2022-10-18 11:28:00,545,545,545,545,0
2022-10-18 11:29:00,550,550,550,550,900
2022-10-18 11:30:00,550,550,550,550,0
2022-10-18 11:31:00,550,550,550,550,0
2022-10-18 11:32:00,550,550,550,550,0
2022-10-18 11:33:00,550,550,550,550,0
2022-10-18 11:34:00,550,550,550,550,0
2022-10-18 11:35:00,550,550,550,550,0
2022-10-18 11:36:00,550,550,550,550,0
2022-10-18 11:37:00,550,550,550,550,0
2022-10-18 11:38:00,550,550,550,550,0
2022-10-18 11:39:00,550,550,550,550,0
2022-10-18 11:40:00,550,550,550,550,0
2022-10-18 11:41:00,550,550,550,550,0
2022-10-18 11:42:00,550,550,550,550,0
2022-10-18 11:43:00,550,550,550,550,0
2022-10-18 11:44:00,550,550,550,550,0
2022-10-18 11:45:00,550,550,550,550,0
2022-10-18 11:46:00,550,550,550,550,0
2022-10-18 11:47:00,550,550,550,550,0
2022-10-18 11:48:00,550,550,550,550,0
2022-10-18 11:49:00,550,550,550,550,0
2022-10-18 11:50:00,550,550,550,550,0
2022-10-18 11:51:00,550,550,550,550,0
2022-10-18 11:52:00,550,550,550,550,0
2022-10-18 11:53:00,550,550,550,550,0
2022-10-18 11:54:00,550,550,550,550,0
2022-10-18 11:55:00,550,550,550,550,0
2022-10-18 11:56:00,550,550,550,550,0
2022-10-18 11:57:00,550,550,550,550,0
2022-10-18 11:58:00,550,550,550,550,0
2022-10-18 11:59:00,550,550,550,550,0
2022-10-18 12:00:00,550,550,550,550,0
2022-10-18 12:01:00,550,550,550,550,0
2022-10-18 12:02:00,550,550,550,550,0
2022-10-18 12:03:00,550,550,550,550,0
2022-10-18 12:04:00,550,550,550,550,0
2022-10-18 12:05:00,550,550,550,550,0
2022-10-18 12:06:00,550,550,550,550,0
2022-10-18 12:07:00,550,550,550,550,0
2022-10-18 12:08:00,550,550,550,550,0
2022-10-18 12:09:00,550,550,550,550,0
2022-10-18 12:10:00,550,550,550,550,0
2022-10-18 12:11:00,550,550,550,550,0
2022-10-18 12:12:00,550,550,550,550,0
2022-10-18 12:13:00,550,550,550,550,0
2022-10-18 12:14:00,550,550,550,550,0
2022-10-18 12:15:00,550,550,550,550,0
2022-10-18 12:16:00,550,550,550,550,0
2022-10-18 12:17:00,550,550,550,550,0
2022-10-18 12:18:00,550,550,550,550,0
2022-10-18 12:19:00,550,550,550,550,0
2022-10-18 12:20:00,550,550,550,550,0
2022-10-18 12:21:00,550,550,550,550,0
2022-10-18 12:22:00,550,550,550,550,0
2022-10-18 12:23:00,550,550,550,550,0
2022-10-18 12:24:00,550,550,550,550,0
2022-10-18 12:25:00,550,550,550,550,0
2022-10-18 12:26:00,550,550,550,550,0
2022-10-18 12:27:00,550,550,550,550,0
2022-10-18 12:28:00,550,550,550,550,0
2022-10-18 12:29:00,550,550,550,550,0
2022-10-18 12:30:00,550,550,550,550,0
2022-10-18 12:31:00,550,550,550,550,0
2022-10-18 12:32:00,550,550,550,550,0
2022-10-18 12:33:00,550,550,550,550,0
2022-10-18 12:34:00,550,550,550,550,0
2022-10-18 12:35:00,550,550,550,550,0
2022-10-18 12:36:00,550,550,550,550,0
2022-10-18 12:37:00,550,550,550,550,0
2022-10-18 12:38:00,550,550,550,550,0
2022-10-18 12:39:00,550,550,550,550,0
2022-10-18 12:40:00,550,550,550,550,0
2022-10-18 12:41:00,550,550,550,550,0
2022-10-18 12:42:00,550,550,550,550,0
2022-10-18 12:43:00,550,550,550,550,0
2022-10-18 12:44:00,550,550,550,550,0
2022-10-18 12:45:00,550,550,550,550,0
2022-10-18 12:46:00,550,550,550,550,0
2022-10-18 12:47:00,550,550,550,550,0
2022-10-18 12:48:00,550,550,550,550,0
2022-10-18 12:49:00,550,550,550,550,0
2022-10-18 12:50:00,550,550,550,550,0
2022-10-18 12:51:00,550,550,550,550,0
2022-10-18 12:52:00,550,550,550,550,0
2022-10-18 12:53:00,550,550,550,550,0
2022-10-18 12:54:00,550,550,550,550,0
2022-10-18 12:55:00,550,550,550,550,0
2022-10-18 12:56:00,550,550,550,550,0
2022-10-18 12:57:00,550,550,550,550,0
2022-10-18 12:58:00,550,550,550,550,0
2022-10-18 12:59:00,550,550,550,550,0
2022-10-18 13:00:00,550,550,550,550,0
2022-10-18 13:01:00,550,550,550,550,0
2022-10-18 13:02:00,550,550,550,550,0
2022-10-18 13:03:00,550,550,550,550,0
2022-10-18 13:04:00,550,550,550,550,0
2022-10-18 13:05:00,550,550,550,550,0
2022-10-18 13:06:00,550,550,550,550,0
2022-10-18 13:07:00,550,550,550,550,0
2022-10-18 13:08:00,550,550,550,550,0
2022-10-18 13:09:00,550,550,550,550,0
2022-10-18 13:10:00,550,550,550,550,0
2022-10-18 13:11:00,550,550,550,550,0
2022-10-18 13:12:00,550,550,550,550,0
2022-10-18 13:13:00,550,550,550,550,0
2022-10-18 13:14:00,550,550,550,550,0
2022-10-18 13:15:00,550,550,550,550,0
2022-10-18 13:16:00,550,550,550,550,0
2022-10-18 13:17:00,550,550,550,550,0
2022-10-18 13:18:00,550,550,550,550,0
2022-10-18 13:19:00,550,550,550,550,0
2022-10-18 13:20:00,550,550,550,550,0
2022-10-18 13:21:00,550,550,550,550,0
2022-10-18 13:22:00,550,550,550,550,0
2022-10-18 13:23:00,550,550,550,550,0
2022-10-18 13:24:00,550,550,550,550,0
2022-10-18 13:25:00,550,550,550,550,0
2022-10-18 13:26:00,550,550,550,550,0
2022-10-18 13:27:00,550,550,550,550,0
2022-10-18 13:28:00,550,550,550,550,0
2022-10-18 13:29:00,550,550,550,550,0
2022-10-18 13:30:00,550,550,550,550,0
2022-10-18 13:31:00,550,550,550,550,0
2022-10-18 13:32:00,550,550,550,550,0
2022-10-18 13:33:00,550,550,550,550,0
2022-10-18 13:34:00,550,550,550,550,0
2022-10-18 13:35:00,550,550,550,550,0
2022-10-18 13:36:00,550,550,550,550,0
2022-10-18 13:37:00,550,550,550,550,600
2022-10-18 13:38:00,550,550,550,550,0
2022-10-18 13:39:00,545,545,550,550,5000
2022-10-18 13:40:00,550,550,550,550,600
2022-10-18 13:41:00,550,550,550,550,0
2022-10-18 13:42:00,550,550,550,550,0
2022-10-18 13:43:00,550,550,550,550,0
2022-10-18 13:44:00,550,550,550,550,0
2022-10-18 13:45:00,545,545,550,550,3500
2022-10-18 13:46:00,545,545,550,550,0
2022-10-18 13:47:00,545,545,550,550,0
2022-10-18 13:48:00,545,545,550,550,0
2022-10-18 13:49:00,545,545,550,550,0
2022-10-18 13:50:00,545,545,550,550,0
2022-10-18 13:51:00,545,545,550,550,0
2022-10-18 13:52:00,545,545,550,550,0
2022-10-18 13:53:00,545,545,550,550,0
2022-10-18 13:54:00,545,545,550,550,0
2022-10-18 13:55:00,545,545,550,550,0
2022-10-18 13:56:00,545,545,550,550,0
2022-10-18 13:57:00,545,545,550,550,0
2022-10-18 13:58:00,545,545,550,550,0
2022-10-18 13:59:00,550,550,550,550,2800
2022-10-18 14:00:00,550,550,550,550,0
2022-10-18 14:01:00,550,550,550,550,0
2022-10-18 14:02:00,550,550,550,550,0
2022-10-18 14:03:00,550,550,550,550,0
2022-10-18 14:04:00,550,550,550,550,0
2022-10-18 14:05:00,550,550,550,550,0
2022-10-18 14:06:00,550,550,550,550,0
2022-10-18 14:07:00,550,550,550,550,0
2022-10-18 14:08:00,550,550,550,550,0
2022-10-18 14:09:00,550,550,550,550,200
2022-10-18 14:10:00,550,550,550,550,0
2022-10-18 14:11:00,550,550,550,550,0
2022-10-18 14:12:00,550,550,550,550,0
2022-10-18 14:13:00,550,550,550,550,400
2022-10-18 14:14:00,550,550,550,550,0
2022-10-18 14:15:00,550,550,550,550,0
2022-10-18 14:16:00,550,550,550,550,0
2022-10-18 14:17:00,550,550,550,550,0
2022-10-18 14:18:00,550,550,550,550,0
2022-10-18 14:19:00,550,550,550,550,0
2022-10-18 14:20:00,550,550,550,550,0
2022-10-18 14:21:00,550,550,550,550,0
2022-10-18 14:22:00,550,550,550,550,100
2022-10-18 14:23:00,550,550,550,550,0
2022-10-18 14:24:00,550,550,550,550,0
2022-10-18 14:25:00,550,550,550,550,0
2022-10-18 14:26:00,550,550,550,550,0
2022-10-18 14:27:00,550,550,550,550,0
2022-10-18 14:28:00,550,550,550,550,0
2022-10-18 14:29:00,550,550,550,550,0
2022-10-18 14:30:00,550,550,550,550,600
2022-10-18 14:31:00,545,545,550,550,700
2022-10-18 14:32:00,545,545,550,550,0
2022-10-18 14:33:00,545,545,550,550,0
2022-10-18 14:34:00,545,545,550,550,0
2022-10-18 14:35:00,545,545,550,550,0
2022-10-18 14:36:00,550,550,550,550,0
2022-10-18 14:37:00,550,550,550,550,0
2022-10-18 14:38:00,550,550,550,550,0
2022-10-18 14:39:00,550,550,550,550,0
2022-10-18 14:40:00,550,550,550,550,0
2022-10-18 14:41:00,550,550,550,550,0
2022-10-18 14:42:00,550,550,550,550,0
2022-10-18 14:43:00,550,550,550,550,0
2022-10-18 14:44:00,550,550,550,550,0
2022-10-18 14:45:00,550,550,550,550,0
2022-10-18 14:46:00,550,550,550,550,600
2022-10-18 14:47:00,550,550,550,550,400
2022-10-18 14:48:00,550,550,550,550,900
2022-10-18 14:49:00,550,550,550,550,1000
2022-10-18 14:50:00,550,550,550,550,0
2022-10-18 14:51:00,550,550,550,550,0
2022-10-18 14:52:00,550,550,550,550,0
2022-10-18 14:53:00,550,550,550,550,0
2022-10-18 14:54:00,550,550,550,550,0
2022-10-18 14:55:00,550,550,550,550,0
2022-10-18 14:56:00,550,550,550,550,0
2022-10-18 14:57:00,550,550,550,550,0
2022-10-18 14:58:00,550,550,550,550,0
2022-10-18 14:59:00,550,550,550,550,0
2022-10-18 15:00:00,550,550,550,550,101200
2022-10-18 15:01:00,550,550,550,550,0
2022-10-18 15:02:00,550,550,550,550,0
2022-10-18 15:03:00,550,550,550,550,0
2022-10-18 15:04:00,550,550,550,550,0
2022-10-18 15:05:00,550,550,550,550,0
2022-10-18 15:06:00,550,550,550,550,0
2022-10-18 15:07:00,550,550,550,550,0
2022-10-18 15:08:00,550,550,550,550,0
2022-10-18 15:09:00,550,550,550,550,0
2022-10-18 15:10:00,550,550,550,550,594200
2022-10-18 15:11:00,550,550,550,550,0
2022-10-18 15:12:00,550,550,550,550,0
2022-10-18 15:13:00,550,550,550,550,0
2022-10-18 15:14:00,550,550,550,550,0
2022-10-18 15:15:00,550,550,550,550,0
2022-10-18 15:16:00,550,550,550,550,0
2022-10-18 15:17:00,550,550,550,550,0
2022-10-18 15:18:00,550,550,550,550,0
2022-10-18 15:19:00,550,550,550,550,0
2022-10-18 15:20:00,550,550,550,550,0
2022-10-18 15:21:00,550,550,550,550,0
2022-10-18 15:22:00,550,550,550,550,0
2022-10-18 15:23:00,550,550,550,550,0
2022-10-18 15:24:00,550,550,550,550,0
2022-10-18 15:25:00,550,550,550,550,0
2022-10-18 15:26:00,550,550,550,550,0
2022-10-18 15:27:00,550,550,550,550,0
2022-10-18 15:28:00,550,550,550,550,0
2022-10-18 15:29:00,550,550,550,550,0
2022-10-18 15:30:00,550,550,550,550,0
2022-10-18 15:31:00,550,550,550,550,0
2022-10-18 15:32:00,550,550,550,550,0
2022-10-18 15:33:00,550,550,550,550,0
2022-10-18 15:34:00,550,550,550,550,0
2022-10-18 15:35:00,550,550,550,550,0
2022-10-18 15:36:00,550,550,550,550,0
2022-10-18 15:37:00,550,550,550,550,0
2022-10-18 15:38:00,550,550,550,550,0
2022-10-18 15:39:00,550,550,550,550,0
2022-10-18 15:40:00,550,550,550,550,0
2022-10-18 15:41:00,550,550,550,550,0
2022-10-18 15:42:00,550,550,550,550,0
2022-10-18 15:43:00,550,550,550,550,0
2022-10-18 15:44:00,550,550,550,550,0
2022-10-18 15:45:00,550,550,550,550,0
2022-10-18 15:46:00,550,550,550,550,0
2022-10-18 15:47:00,550,550,550,550,0
2022-10-18 15:48:00,550,550,550,550,0
2022-10-18 15:49:00,550,550,550,550,0
2022-10-18 15:50:00,550,550,550,550,0
2022-10-18 15:51:00,550,550,550,550,0
2022-10-18 15:52:00,550,550,550,550,0
2022-10-18 15:53:00,550,550,550,550,0
2022-10-18 15:54:00,550,550,550,550,0
2022-10-18 15:55:00,550,550,550,550,0
2022-10-18 15:56:00,550,550,550,550,0
2022-10-18 15:57:00,550,550,550,550,0
2022-10-18 15:58:00,550,550,550,550,0
2022-10-18 15:59:00,550,550,550,550,0
2022-10-19 09:00:00,550,550,550,550,0
2022-10-19 09:01:00,550,550,550,550,0
2022-10-19 09:02:00,550,550,550,550,0
2022-10-19 09:03:00,550,550,550,550,0
2022-10-19 09:04:00,550,550,550,550,0
2022-10-19 09:05:00,545,545,550,550,600
2022-10-19 09:06:00,545,545,545,545,2500
2022-10-19 09:07:00,540,540,550,550,7300
2022-10-19 09:08:00,540,540,550,550,0
2022-10-19 09:09:00,540,540,550,550,0
2022-10-19 09:10:00,540,540,550,550,0
2022-10-19 09:11:00,545,545,545,545,1300
2022-10-19 09:12:00,545,545,545,545,2500
2022-10-19 09:13:00,545,545,545,545,3000
2022-10-19 09:14:00,545,545,545,545,900
2022-10-19 09:15:00,545,545,550,550,800
2022-10-19 09:16:00,545,545,550,550,0
2022-10-19 09:17:00,545,545,550,550,0
2022-10-19 09:18:00,545,545,550,550,0
2022-10-19 09:19:00,545,545,550,550,0
2022-10-19 09:20:00,545,545,550,550,0
2022-10-19 09:21:00,545,545,550,550,0
2022-10-19 09:22:00,545,545,550,550,0
2022-10-19 09:23:00,545,545,550,550,0
2022-10-19 09:24:00,545,545,550,550,0
2022-10-19 09:25:00,545,545,550,550,0
2022-10-19 09:26:00,545,545,550,550,0
2022-10-19 09:27:00,545,545,550,550,0
2022-10-19 09:28:00,545,545,550,550,0
2022-10-19 09:29:00,545,545,550,550,0
2022-10-19 09:30:00,545,545,550,550,0
2022-10-19 09:31:00,545,545,550,550,0
2022-10-19 09:32:00,545,545,550,550,0
2022-10-19 09:33:00,545,545,550,550,0
2022-10-19 09:34:00,545,545,550,550,0
2022-10-19 09:35:00,545,545,550,550,0
2022-10-19 09:36:00,545,545,550,550,0
2022-10-19 09:37:00,545,545,550,550,0
2022-10-19 09:38:00,545,545,550,550,0
2022-10-19 09:39:00,545,545,550,550,0
2022-10-19 09:40:00,545,545,550,550,0
2022-10-19 09:41:00,545,545,550,550,0
2022-10-19 09:42:00,545,545,550,550,0
2022-10-19 09:43:00,545,545,550,550,0
2022-10-19 09:44:00,545,545,550,550,0
2022-10-19 09:45:00,545,545,550,550,0
2022-10-19 09:46:00,545,545,550,550,0
2022-10-19 09:47:00,545,545,550,550,0
2022-10-19 09:48:00,545,545,550,550,0
2022-10-19 09:49:00,545,545,550,550,0
2022-10-19 09:50:00,545,545,550,550,0
2022-10-19 09:51:00,545,545,550,550,0
2022-10-19 09:52:00,545,545,550,550,0
2022-10-19 09:53:00,545,545,550,550,0
2022-10-19 09:54:00,545,545,545,545,1200
2022-10-19 09:55:00,545,545,545,545,0
2022-10-19 09:56:00,545,545,545,545,1200
2022-10-19 09:57:00,545,545,545,545,6500
2022-10-19 09:58:00,545,545,545,545,0
2022-10-19 09:59:00,545,545,545,545,0
2022-10-19 10:00:00,545,545,545,545,600
2022-10-19 10:01:00,545,545,545,545,200
2022-10-19 10:02:00,545,545,545,545,500
2022-10-19 10:03:00,545,545,545,545,0
2022-10-19 10:04:00,545,545,545,545,0
2022-10-19 10:05:00,545,545,545,545,0
2022-10-19 10:06:00,545,545,545,545,0
2022-10-19 10:07:00,545,545,545,545,0
2022-10-19 10:08:00,545,545,545,545,800
2022-10-19 10:09:00,545,545,545,545,0
2022-10-19 10:10:00,545,545,545,545,0
2022-10-19 10:11:00,545,545,545,545,0
2022-10-19 10:12:00,545,545,545,545,0
2022-10-19 10:13:00,545,545,545,545,600
2022-10-19 10:14:00,545,545,545,545,900
2022-10-19 10:15:00,545,545,545,545,0
2022-10-19 10:16:00,545,545,545,545,0
2022-10-19 10:17:00,545,545,545,545,0
2022-10-19 10:18:00,545,545,545,545,0
2022-10-19 10:19:00,545,545,545,545,0
2022-10-19 10:20:00,545,545,545,545,0
2022-10-19 10:21:00,545,545,545,545,0
2022-10-19 10:22:00,545,545,545,545,800
2022-10-19 10:23:00,545,545,545,545,0
2022-10-19 10:24:00,545,545,545,545,0
2022-10-19 10:25:00,545,545,545,545,0
2022-10-19 10:26:00,545,545,545,545,0
2022-10-19 10:27:00,545,545,545,545,1400
2022-10-19 10:28:00,545,545,545,545,0
2022-10-19 10:29:00,545,545,545,545,0
2022-10-19 10:30:00,545,545,545,545,0
2022-10-19 10:31:00,545,545,545,545,300
2022-10-19 10:32:00,545,545,545,545,0
2022-10-19 10:33:00,545,545,545,545,0
2022-10-19 10:34:00,545,545,545,545,200
2022-10-19 10:35:00,545,545,545,545,700
2022-10-19 10:36:00,545,545,545,545,0
2022-10-19 10:37:00,545,545,545,545,400
2022-10-19 10:38:00,545,545,545,545,0
2022-10-19 10:39:00,545,545,545,545,0
2022-10-19 10:40:00,545,545,545,545,12100
2022-10-19 10:41:00,545,545,545,545,0
2022-10-19 10:42:00,545,545,545,545,0
2022-10-19 10:43:00,545,545,545,545,0
2022-10-19 10:44:00,545,545,545,545,0
2022-10-19 10:45:00,545,545,545,545,0
2022-10-19 10:46:00,545,545,545,545,1700
2022-10-19 10:47:00,545,545,545,545,0
2022-10-19 10:48:00,545,545,545,545,0
2022-10-19 10:49:00,545,545,545,545,0
2022-10-19 10:50:00,545,545,545,545,0
2022-10-19 10:51:00,545,545,545,545,0
2022-10-19 10:52:00,545,545,545,545,0
2022-10-19 10:53:00,545,545,545,545,0
2022-10-19 10:54:00,545,545,545,545,100
2022-10-19 10:55:00,545,545,545,545,0
2022-10-19 10:56:00,545,545,545,545,1000
2022-10-19 10:57:00,545,545,545,545,0
2022-10-19 10:58:00,545,545,545,545,100
2022-10-19 10:59:00,545,545,545,545,0
2022-10-19 11:00:00,545,545,545,545,0
2022-10-19 11:01:00,545,545,545,545,0
2022-10-19 11:02:00,545,545,545,545,300
2022-10-19 11:03:00,545,545,545,545,300
2022-10-19 11:04:00,545,545,545,545,0
2022-10-19 11:05:00,545,545,545,545,0
2022-10-19 11:06:00,545,545,545,545,0
2022-10-19 11:07:00,545,545,545,545,300
2022-10-19 11:08:00,545,545,545,545,0
2022-10-19 11:09:00,545,545,545,545,0
2022-10-19 11:10:00,545,545,545,545,0
2022-10-19 11:11:00,545,545,545,545,0
2022-10-19 11:12:00,545,545,545,545,0
2022-10-19 11:13:00,545,545,545,545,800
2022-10-19 11:14:00,545,545,545,545,800
2022-10-19 11:15:00,545,545,545,545,0
2022-10-19 11:16:00,545,545,545,545,0
2022-10-19 11:17:00,545,545,545,545,0
2022-10-19 11:18:00,540,540,540,540,10000
2022-10-19 11:19:00,545,545,545,545,0
2022-10-19 11:20:00,545,545,545,545,100
2022-10-19 11:21:00,545,545,545,545,0
2022-10-19 11:22:00,545,545,545,545,100
2022-10-19 11:23:00,545,545,545,545,0
2022-10-19 11:24:00,545,545,545,545,400
2022-10-19 11:25:00,545,545,545,545,0
2022-10-19 11:26:00,545,545,545,545,0
2022-10-19 11:27:00,545,545,545,545,1000
2022-10-19 11:28:00,545,545,545,545,400
2022-10-19 11:29:00,545,545,545,545,400
2022-10-19 11:30:00,545,545,545,545,0
2022-10-19 11:31:00,545,545,545,545,0
2022-10-19 11:32:00,545,545,545,545,0
2022-10-19 11:33:00,545,545,545,545,0
2022-10-19 11:34:00,545,545,545,545,0
2022-10-19 11:35:00,545,545,545,545,0
2022-10-19 11:36:00,545,545,545,545,0
2022-10-19 11:37:00,545,545,545,545,0
2022-10-19 11:38:00,545,545,545,545,0
2022-10-19 11:39:00,545,545,545,545,0
2022-10-19 11:40:00,545,545,545,545,0
2022-10-19 11:41:00,545,545,545,545,0
2022-10-19 11:42:00,545,545,545,545,0
2022-10-19 11:43:00,545,545,545,545,0
2022-10-19 11:44:00,545,545,545,545,0
2022-10-19 11:45:00,545,545,545,545,0
2022-10-19 11:46:00,545,545,545,545,0
2022-10-19 11:47:00,545,545,545,545,0
2022-10-19 11:48:00,545,545,545,545,0
2022-10-19 11:49:00,545,545,545,545,0
2022-10-19 11:50:00,545,545,545,545,0
2022-10-19 11:51:00,545,545,545,545,0
2022-10-19 11:52:00,545,545,545,545,0
2022-10-19 11:53:00,545,545,545,545,0
2022-10-19 11:54:00,545,545,545,545,0
2022-10-19 11:55:00,545,545,545,545,0
2022-10-19 11:56:00,545,545,545,545,0
2022-10-19 11:57:00,545,545,545,545,0
2022-10-19 11:58:00,545,545,545,545,0
2022-10-19 11:59:00,545,545,545,545,0
2022-10-19 12:00:00,545,545,545,545,0
2022-10-19 12:01:00,545,545,545,545,0
2022-10-19 12:02:00,545,545,545,545,0
2022-10-19 12:03:00,545,545,545,545,0
2022-10-19 12:04:00,545,545,545,545,0
2022-10-19 12:05:00,545,545,545,545,0
2022-10-19 12:06:00,545,545,545,545,0
2022-10-19 12:07:00,545,545,545,545,0
2022-10-19 12:08:00,545,545,545,545,0
2022-10-19 12:09:00,545,545,545,545,0
2022-10-19 12:10:00,545,545,545,545,0
2022-10-19 12:11:00,545,545,545,545,0
2022-10-19 12:12:00,545,545,545,545,0
2022-10-19 12:13:00,545,545,545,545,0
2022-10-19 12:14:00,545,545,545,545,0
2022-10-19 12:15:00,545,545,545,545,0
2022-10-19 12:16:00,545,545,545,545,0
2022-10-19 12:17:00,545,545,545,545,0
2022-10-19 12:18:00,545,545,545,545,0
2022-10-19 12:19:00,545,545,545,545,0
2022-10-19 12:20:00,545,545,545,545,0
2022-10-19 12:21:00,545,545,545,545,0
2022-10-19 12:22:00,545,545,545,545,0
2022-10-19 12:23:00,545,545,545,545,0
2022-10-19 12:24:00,545,545,545,545,0
2022-10-19 12:25:00,545,545,545,545,0
2022-10-19 12:26:00,545,545,545,545,0
2022-10-19 12:27:00,545,545,545,545,0
2022-10-19 12:28:00,545,545,545,545,0
2022-10-19 12:29:00,545,545,545,545,0
2022-10-19 12:30:00,545,545,545,545,0
2022-10-19 12:31:00,545,545,545,545,0
2022-10-19 12:32:00,545,545,545,545,0
2022-10-19 12:33:00,545,545,545,545,0
2022-10-19 12:34:00,545,545,545,545,0
2022-10-19 12:35:00,545,545,545,545,0
2022-10-19 12:36:00,545,545,545,545,0
2022-10-19 12:37:00,545,545,545,545,0
2022-10-19 12:38:00,545,545,545,545,0
2022-10-19 12:39:00,545,545,545,545,0
2022-10-19 12:40:00,545,545,545,545,0
2022-10-19 12:41:00,545,545,545,545,0
2022-10-19 12:42:00,545,545,545,545,0
2022-10-19 12:43:00,545,545,545,545,0
2022-10-19 12:44:00,545,545,545,545,0
2022-10-19 12:45:00,545,545,545,545,0
2022-10-19 12:46:00,545,545,545,545,0
2022-10-19 12:47:00,545,545,545,545,0
2022-10-19 12:48:00,545,545,545,545,0
2022-10-19 12:49:00,545,545,545,545,0
2022-10-19 12:50:00,545,545,545,545,0
2022-10-19 12:51:00,545,545,545,545,0
2022-10-19 12:52:00,545,545,545,545,0
2022-10-19 12:53:00,545,545,545,545,0
2022-10-19 12:54:00,545,545,545,545,0
2022-10-19 12:55:00,545,545,545,545,0
2022-10-19 12:56:00,545,545,545,545,0
2022-10-19 12:57:00,545,545,545,545,0
2022-10-19 12:58:00,545,545,545,545,0
2022-10-19 12:59:00,545,545,545,545,0
2022-10-19 13:00:00,545,545,545,545,0
2022-10-19 13:01:00,545,545,545,545,0
2022-10-19 13:02:00,545,545,545,545,0
2022-10-19 13:03:00,545,545,545,545,0
2022-10-19 13:04:00,545,545,545,545,0
2022-10-19 13:05:00,545,545,545,545,0
2022-10-19 13:06:00,545,545,545,545,0
2022-10-19 13:07:00,545,545,545,545,0
2022-10-19 13:08:00,545,545,545,545,0
2022-10-19 13:09:00,545,545,545,545,0
2022-10-19 13:10:00,545,545,545,545,0
2022-10-19 13:11:00,545,545,545,545,0
2022-10-19 13:12:00,545,545,545,545,0
2022-10-19 13:13:00,545,545,545,545,0
2022-10-19 13:14:00,545,545,545,545,0
2022-10-19 13:15:00,545,545,545,545,0
2022-10-19 13:16:00,545,545,545,545,0
2022-10-19 13:17:00,545,545,545,545,0
2022-10-19 13:18:00,545,545,545,545,0
2022-10-19 13:19:00,545,545,545,545,0
2022-10-19 13:20:00,545,545,545,545,0
2022-10-19 13:21:00,545,545,545,545,0
2022-10-19 13:22:00,545,545,545,545,0
2022-10-19 13:23:00,545,545,545,545,0
2022-10-19 13:24:00,545,545,545,545,0
2022-10-19 13:25:00,545,545,545,545,0
2022-10-19 13:26:00,545,545,545,545,0
2022-10-19 13:27:00,545,545,545,545,0
2022-10-19 13:28:00,545,545,545,545,0
2022-10-19 13:29:00,545,545,545,545,0
2022-10-19 13:30:00,545,545,545,545,600
2022-10-19 13:31:00,545,545,545,545,0
2022-10-19 13:32:00,545,545,545,545,700
2022-10-19 13:33:00,545,545,545,545,0
2022-10-19 13:34:00,545,545,545,545,0
2022-10-19 13:35:00,545,545,545,545,0
2022-10-19 13:36:00,545,545,545,545,0
2022-10-19 13:37:00,545,545,545,545,0
2022-10-19 13:38:00,545,545,545,545,14500
2022-10-19 13:39:00,545,545,545,545,500
2022-10-19 13:40:00,545,545,545,545,1000
2022-10-19 13:41:00,545,545,545,545,0
2022-10-19 13:42:00,545,545,545,545,0
2022-10-19 13:43:00,545,545,545,545,1400
2022-10-19 13:44:00,545,545,545,545,400
2022-10-19 13:45:00,545,545,545,545,0
2022-10-19 13:46:00,545,545,545,545,1400
2022-10-19 13:47:00,545,545,545,545,0
2022-10-19 13:48:00,545,545,545,545,700
2022-10-19 13:49:00,545,545,545,545,0
2022-10-19 13:50:00,545,545,545,545,700
2022-10-19 13:51:00,545,545,545,545,0
2022-10-19 13:52:00,545,545,545,545,0
2022-10-19 13:53:00,545,545,545,545,0
2022-10-19 13:54:00,545,545,545,545,0
2022-10-19 13:55:00,545,545,545,545,0
2022-10-19 13:56:00,545,545,545,545,1600
2022-10-19 13:57:00,545,545,545,545,0
2022-10-19 13:58:00,545,545,545,545,0
2022-10-19 13:59:00,545,545,545,545,200
2022-10-19 14:00:00,545,545,545,545,0
2022-10-19 14:01:00,545,545,545,545,0
2022-10-19 14:02:00,545,545,545,545,1100
2022-10-19 14:03:00,545,545,545,545,0
2022-10-19 14:04:00,545,545,545,545,0
2022-10-19 14:05:00,545,545,545,545,0
2022-10-19 14:06:00,545,545,545,545,500
2022-10-19 14:07:00,540,540,540,540,3700
2022-10-19 14:08:00,545,545,545,545,0
2022-10-19 14:09:00,545,545,545,545,0
2022-10-19 14:10:00,545,545,545,545,1400
2022-10-19 14:11:00,545,545,545,545,300
2022-10-19 14:12:00,545,545,545,545,0
2022-10-19 14:13:00,545,545,545,545,300
2022-10-19 14:14:00,545,545,545,545,0
2022-10-19 14:15:00,545,545,545,545,0
2022-10-19 14:16:00,545,545,545,545,0
2022-10-19 14:17:00,545,545,545,545,600
2022-10-19 14:18:00,545,545,545,545,0
2022-10-19 14:19:00,545,545,545,545,300
2022-10-19 14:20:00,545,545,545,545,0
2022-10-19 14:21:00,545,545,545,545,0
2022-10-19 14:22:00,545,545,545,545,200
2022-10-19 14:23:00,545,545,545,545,0
2022-10-19 14:24:00,545,545,545,545,1200
2022-10-19 14:25:00,545,545,545,545,0
2022-10-19 14:26:00,545,545,545,545,0
2022-10-19 14:27:00,545,545,545,545,1600
2022-10-19 14:28:00,545,545,545,545,0
2022-10-19 14:29:00,545,540,545,540,18200
2022-10-19 14:30:00,545,545,545,545,0
2022-10-19 14:31:00,545,545,545,545,100
2022-10-19 14:32:00,545,545,545,545,0
2022-10-19 14:33:00,545,545,545,545,900
2022-10-19 14:34:00,545,545,545,545,0
2022-10-19 14:35:00,545,545,545,545,800
2022-10-19 14:36:00,545,545,545,545,0
2022-10-19 14:37:00,545,545,545,545,0
2022-10-19 14:38:00,545,545,545,545,200
2022-10-19 14:39:00,545,545,545,545,0
2022-10-19 14:40:00,545,545,545,545,0
2022-10-19 14:41:00,540,540,545,545,12900
2022-10-19 14:42:00,545,545,545,545,600
2022-10-19 14:43:00,545,545,545,545,0
2022-10-19 14:44:00,545,545,545,545,100
2022-10-19 14:45:00,545,545,545,545,0
2022-10-19 14:46:00,545,545,545,545,700
2022-10-19 14:47:00,545,545,545,545,300
2022-10-19 14:48:00,545,545,545,545,0
2022-10-19 14:49:00,545,545,550,550,18900
2022-10-19 14:50:00,545,545,550,550,0
2022-10-19 14:51:00,545,545,550,550,0
2022-10-19 14:52:00,545,545,550,550,0
2022-10-19 14:53:00,545,545,550,550,0
2022-10-19 14:54:00,545,545,550,550,0
2022-10-19 14:55:00,545,545,550,550,0
2022-10-19 14:56:00,545,545,550,550,0
2022-10-19 14:57:00,545,545,550,550,0
2022-10-19 14:58:00,545,545,550,550,0
2022-10-19 14:59:00,545,545,550,550,0
2022-10-19 15:00:00,550,550,550,550,284900
2022-10-19 15:01:00,550,550,550,550,0
2022-10-19 15:02:00,550,550,550,550,0
2022-10-19 15:03:00,550,550,550,550,0
2022-10-19 15:04:00,550,550,550,550,0
2022-10-19 15:05:00,550,550,550,550,0
2022-10-19 15:06:00,550,550,550,550,0
2022-10-19 15:07:00,550,550,550,550,0
2022-10-19 15:08:00,550,550,550,550,0
2022-10-19 15:09:00,550,550,550,550,0
2022-10-19 15:10:00,550,550,550,550,0
2022-10-19 15:11:00,550,550,550,550,0
2022-10-19 15:12:00,550,550,550,550,0
2022-10-19 15:13:00,550,550,550,550,0
2022-10-19 15:14:00,550,550,550,550,0
2022-10-19 15:15:00,550,550,550,550,0
2022-10-19 15:16:00,550,550,550,550,0
2022-10-19 15:17:00,550,550,550,550,0
2022-10-19 15:18:00,550,550,550,550,0
2022-10-19 15:19:00,550,550,550,550,0
2022-10-19 15:20:00,550,550,550,550,0
2022-10-19 15:21:00,550,550,550,550,0
2022-10-19 15:22:00,550,550,550,550,0
2022-10-19 15:23:00,550,550,550,550,0
2022-10-19 15:24:00,550,550,550,550,0
2022-10-19 15:25:00,550,550,550,550,0
2022-10-19 15:26:00,550,550,550,550,0
2022-10-19 15:27:00,550,550,550,550,0
2022-10-19 15:28:00,550,550,550,550,0
2022-10-19 15:29:00,550,550,550,550,0
2022-10-19 15:30:00,550,550,550,550,0
2022-10-19 15:31:00,550,550,550,550,0
2022-10-19 15:32:00,550,550,550,550,0
2022-10-19 15:33:00,550,550,550,550,0
2022-10-19 15:34:00,550,550,550,550,0
2022-10-19 15:35:00,550,550,550,550,0
2022-10-19 15:36:00,550,550,550,550,0
2022-10-19 15:37:00,550,550,550,550,0
2022-10-19 15:38:00,550,550,550,550,0
2022-10-19 15:39:00,550,550,550,550,0
2022-10-19 15:40:00,550,550,550,550,0
2022-10-19 15:41:00,550,550,550,550,0
2022-10-19 15:42:00,550,550,550,550,0
2022-10-19 15:43:00,550,550,550,550,0
2022-10-19 15:44:00,550,550,550,550,0
2022-10-19 15:45:00,550,550,550,550,0
2022-10-19 15:46:00,550,550,550,550,0
2022-10-19 15:47:00,550,550,550,550,0
2022-10-19 15:48:00,550,550,550,550,0
2022-10-19 15:49:00,550,550,550,550,0
2022-10-19 15:50:00,550,550,550,550,0
2022-10-19 15:51:00,550,550,550,550,0
2022-10-19 15:52:00,550,550,550,550,0
2022-10-19 15:53:00,550,550,550,550,0
2022-10-19 15:54:00,550,550,550,550,0
2022-10-19 15:55:00,550,550,550,550,0
2022-10-19 15:56:00,550,550,550,550,0
2022-10-19 15:57:00,550,550,550,550,0
2022-10-19 15:58:00,550,550,550,550,0
2022-10-19 15:59:00,550,550,550,550,0
2022-10-20 09:00:00,550,550,550,550,315100
2022-10-20 09:01:00,545,545,545,545,0
2022-10-20 09:02:00,545,545,545,545,0
2022-10-20 09:03:00,545,545,545,545,0
2022-10-20 09:04:00,545,545,545,545,0
2022-10-20 09:05:00,540,540,540,540,0
2022-10-20 09:06:00,545,545,545,545,0
2022-10-20 09:07:00,545,545,545,545,0
2022-10-20 09:08:00,545,545,545,545,0
2022-10-20 09:09:00,545,545,545,545,0
2022-10-20 09:10:00,545,545,545,545,0
2022-10-20 09:11:00,545,545,545,545,0
2022-10-20 09:12:00,545,545,545,545,0
2022-10-20 09:13:00,545,545,545,545,0
2022-10-20 09:14:00,545,545,545,545,0
2022-10-20 09:15:00,545,545,545,545,0
2022-10-20 09:16:00,545,545,545,545,0
2022-10-20 09:17:00,545,545,545,545,0
2022-10-20 09:18:00,545,545,545,545,40000
2022-10-20 09:19:00,545,545,545,545,0
2022-10-20 09:20:00,545,545,545,545,0
2022-10-20 09:21:00,545,545,545,545,0
2022-10-20 09:22:00,545,545,545,545,0
2022-10-20 09:23:00,545,545,545,545,0
2022-10-20 09:24:00,545,545,545,545,0
2022-10-20 09:25:00,545,545,545,545,0
2022-10-20 09:26:00,545,545,545,545,6000
2022-10-20 09:27:00,545,545,545,545,0
2022-10-20 09:28:00,545,545,545,545,0
2022-10-20 09:29:00,545,545,545,545,0
2022-10-20 09:30:00,545,545,545,545,0
2022-10-20 09:31:00,545,545,545,545,0
2022-10-20 09:32:00,545,545,545,545,0
2022-10-20 09:33:00,545,545,545,545,0
2022-10-20 09:34:00,545,545,545,545,0
2022-10-20 09:35:00,545,545,545,545,1600
2022-10-20 09:36:00,545,545,545,545,0
2022-10-20 09:37:00,545,545,545,545,0
2022-10-20 09:38:00,545,545,545,545,0
2022-10-20 09:39:00,545,545,545,545,0
2022-10-20 09:40:00,545,545,545,545,0
2022-10-20 09:41:00,545,545,545,545,0
2022-10-20 09:42:00,545,545,545,545,0
2022-10-20 09:43:00,545,545,545,545,0
2022-10-20 09:44:00,545,545,545,545,0
2022-10-20 09:45:00,545,545,545,545,0
2022-10-20 09:46:00,545,545,545,545,0
2022-10-20 09:47:00,545,545,545,545,0
2022-10-20 09:48:00,545,545,545,545,0
2022-10-20 09:49:00,545,545,545,545,2000
2022-10-20 09:50:00,545,545,545,545,0
2022-10-20 09:51:00,545,545,545,545,0
2022-10-20 09:52:00,545,545,545,545,0
2022-10-20 09:53:00,545,545,545,545,0
2022-10-20 09:54:00,545,545,545,545,0
2022-10-20 09:55:00,545,545,545,545,0
2022-10-20 09:56:00,545,545,545,545,0
2022-10-20 09:57:00,545,545,545,545,0
2022-10-20 09:58:00,545,545,545,545,0
2022-10-20 09:59:00,545,545,545,545,0
2022-10-20 10:00:00,545,545,545,545,0
2022-10-20 10:01:00,545,545,545,545,0
2022-10-20 10:02:00,545,545,545,545,0
2022-10-20 10:03:00,545,545,545,545,0
2022-10-20 10:04:00,545,545,545,545,0
2022-10-20 10:05:00,545,545,545,545,0
2022-10-20 10:06:00,545,545,545,545,0
2022-10-20 10:07:00,545,545,545,545,0
2022-10-20 10:08:00,545,545,545,545,0
2022-10-20 10:09:00,545,545,545,545,0
2022-10-20 10:10:00,545,545,545,545,0
2022-10-20 10:11:00,545,545,545,545,0
2022-10-20 10:12:00,545,545,545,545,0
2022-10-20 10:13:00,545,545,545,545,200
2022-10-20 10:14:00,545,545,545,545,0
2022-10-20 10:15:00,545,545,545,545,0
2022-10-20 10:16:00,545,545,545,545,0
2022-10-20 10:17:00,545,545,545,545,0
2022-10-20 10:18:00,545,545,545,545,0
2022-10-20 10:19:00,545,545,545,545,0
2022-10-20 10:20:00,545,545,545,545,61500
2022-10-20 10:21:00,545,545,545,545,0
2022-10-20 10:22:00,545,545,545,545,0
2022-10-20 10:23:00,545,545,545,545,0
2022-10-20 10:24:00,545,545,545,545,0
2022-10-20 10:25:00,545,545,545,545,0
2022-10-20 10:26:00,545,545,545,545,0
2022-10-20 10:27:00,545,545,545,545,0
2022-10-20 10:28:00,545,545,545,545,0
2022-10-20 10:29:00,545,545,545,545,0
2022-10-20 10:30:00,545,545,545,545,0
2022-10-20 10:31:00,545,545,545,545,0
2022-10-20 10:32:00,545,545,545,545,0
2022-10-20 10:33:00,545,545,545,545,0
2022-10-20 10:34:00,545,545,545,545,0
2022-10-20 10:35:00,540,540,540,540,4800
2022-10-20 10:36:00,540,540,545,545,1500
2022-10-20 10:37:00,540,540,545,545,0
2022-10-20 10:38:00,540,540,545,545,0
2022-10-20 10:39:00,540,540,545,545,0
2022-10-20 10:40:00,540,540,545,545,0
2022-10-20 10:41:00,540,540,545,545,0
2022-10-20 10:42:00,540,540,545,545,0
2022-10-20 10:43:00,540,540,545,545,0
2022-10-20 10:44:00,540,540,545,545,0
2022-10-20 10:45:00,540,540,545,545,0
2022-10-20 10:46:00,540,540,545,545,0
2022-10-20 10:47:00,540,540,545,545,0
2022-10-20 10:48:00,540,540,545,545,0
2022-10-20 10:49:00,545,540,545,540,79400
2022-10-20 10:50:00,545,540,545,540,0
2022-10-20 10:51:00,545,540,545,540,0
2022-10-20 10:52:00,545,540,545,540,0
2022-10-20 10:53:00,540,540,540,540,20400
2022-10-20 10:54:00,540,540,540,540,700
2022-10-20 10:55:00,540,540,545,545,2300
2022-10-20 10:56:00,540,540,545,545,0
2022-10-20 10:57:00,540,540,545,545,0
2022-10-20 10:58:00,545,545,545,545,1300
2022-10-20 10:59:00,545,545,545,545,400
2022-10-20 11:00:00,545,545,545,545,0
2022-10-20 11:01:00,545,545,545,545,0
2022-10-20 11:02:00,545,545,545,545,0
2022-10-20 11:03:00,545,545,545,545,0
2022-10-20 11:04:00,545,545,545,545,0
2022-10-20 11:05:00,545,545,545,545,0
2022-10-20 11:06:00,545,545,545,545,0
2022-10-20 11:07:00,545,545,545,545,0
2022-10-20 11:08:00,545,545,545,545,0
2022-10-20 11:09:00,545,545,545,545,0
2022-10-20 11:10:00,545,545,545,545,0
2022-10-20 11:11:00,545,545,545,545,0
2022-10-20 11:12:00,545,545,545,545,1000
2022-10-20 11:13:00,545,545,545,545,0
2022-10-20 11:14:00,545,545,545,545,700
2022-10-20 11:15:00,545,545,545,545,0
2022-10-20 11:16:00,545,545,545,545,0
2022-10-20 11:17:00,545,545,545,545,0
2022-10-20 11:18:00,545,545,545,545,0
2022-10-20 11:19:00,545,545,545,545,0
2022-10-20 11:20:00,545,545,545,545,0
2022-10-20 11:21:00,545,545,545,545,0
2022-10-20 11:22:00,545,545,545,545,5500
2022-10-20 11:23:00,545,545,545,545,0
2022-10-20 11:24:00,545,545,545,545,0
2022-10-20 11:25:00,545,545,545,545,500
2022-10-20 11:26:00,545,545,545,545,1000
2022-10-20 11:27:00,545,545,545,545,0
2022-10-20 11:28:00,545,545,545,545,0
2022-10-20 11:29:00,545,545,545,545,0
2022-10-20 11:30:00,545,545,545,545,0
2022-10-20 11:31:00,545,545,545,545,0
2022-10-20 11:32:00,545,545,545,545,0
2022-10-20 11:33:00,545,545,545,545,0
2022-10-20 11:34:00,545,545,545,545,0
2022-10-20 11:35:00,545,545,545,545,0
2022-10-20 11:36:00,545,545,545,545,0
2022-10-20 11:37:00,545,545,545,545,0
2022-10-20 11:38:00,545,545,545,545,0
2022-10-20 11:39:00,545,545,545,545,0
2022-10-20 11:40:00,545,545,545,545,0
2022-10-20 11:41:00,545,545,545,545,0
2022-10-20 11:42:00,545,545,545,545,0
2022-10-20 11:43:00,545,545,545,545,0
2022-10-20 11:44:00,545,545,545,545,0
2022-10-20 11:45:00,545,545,545,545,0
2022-10-20 11:46:00,545,545,545,545,0
2022-10-20 11:47:00,545,545,545,545,0
2022-10-20 11:48:00,545,545,545,545,0
2022-10-20 11:49:00,545,545,545,545,0
2022-10-20 11:50:00,545,545,545,545,0
2022-10-20 11:51:00,545,545,545,545,0
2022-10-20 11:52:00,545,545,545,545,0
2022-10-20 11:53:00,545,545,545,545,0
2022-10-20 11:54:00,545,545,545,545,0
2022-10-20 11:55:00,545,545,545,545,0
2022-10-20 11:56:00,545,545,545,545,0
2022-10-20 11:57:00,545,545,545,545,0
2022-10-20 11:58:00,545,545,545,545,0
2022-10-20 11:59:00,545,545,545,545,0
2022-10-20 12:00:00,545,545,545,545,0
2022-10-20 12:01:00,545,545,545,545,0
2022-10-20 12:02:00,545,545,545,545,0
2022-10-20 12:03:00,545,545,545,545,0
2022-10-20 12:04:00,545,545,545,545,0
2022-10-20 12:05:00,545,545,545,545,0
2022-10-20 12:06:00,545,545,545,545,0
2022-10-20 12:07:00,545,545,545,545,0
2022-10-20 12:08:00,545,545,545,545,0
2022-10-20 12:09:00,545,545,545,545,0
2022-10-20 12:10:00,545,545,545,545,0
2022-10-20 12:11:00,545,545,545,545,0
2022-10-20 12:12:00,545,545,545,545,0
2022-10-20 12:13:00,545,545,545,545,0
2022-10-20 12:14:00,545,545,545,545,0
2022-10-20 12:15:00,545,545,545,545,0
2022-10-20 12:16:00,545,545,545,545,0
2022-10-20 12:17:00,545,545,545,545,0
2022-10-20 12:18:00,545,545,545,545,0
2022-10-20 12:19:00,545,545,545,545,0
2022-10-20 12:20:00,545,545,545,545,0
2022-10-20 12:21:00,545,545,545,545,0
2022-10-20 12:22:00,545,545,545,545,0
2022-10-20 12:23:00,545,545,545,545,0
2022-10-20 12:24:00,545,545,545,545,0
2022-10-20 12:25:00,545,545,545,545,0
2022-10-20 12:26:00,545,545,545,545,0
2022-10-20 12:27:00,545,545,545,545,0
2022-10-20 12:28:00,545,545,545,545,0
2022-10-20 12:29:00,545,545,545,545,0
2022-10-20 12:30:00,545,545,545,545,0
2022-10-20 12:31:00,545,545,545,545,0
2022-10-20 12:32:00,545,545,545,545,0
2022-10-20 12:33:00,545,545,545,545,0
2022-10-20 12:34:00,545,545,545,545,0
2022-10-20 12:35:00,545,545,545,545,0
2022-10-20 12:36:00,545,545,545,545,0
2022-10-20 12:37:00,545,545,545,545,0
2022-10-20 12:38:00,545,545,545,545,0
2022-10-20 12:39:00,545,545,545,545,0
2022-10-20 12:40:00,545,545,545,545,0
2022-10-20 12:41:00,545,545,545,545,0
2022-10-20 12:42:00,545,545,545,545,0
2022-10-20 12:43:00,545,545,545,545,0
2022-10-20 12:44:00,545,545,545,545,0
2022-10-20 12:45:00,545,545,545,545,0
2022-10-20 12:46:00,545,545,545,545,0
2022-10-20 12:47:00,545,545,545,545,0
2022-10-20 12:48:00,545,545,545,545,0
2022-10-20 12:49:00,545,545,545,545,0
2022-10-20 12:50:00,545,545,545,545,0
2022-10-20 12:51:00,545,545,545,545,0
2022-10-20 12:52:00,545,545,545,545,0
2022-10-20 12:53:00,545,545,545,545,0
2022-10-20 12:54:00,545,545,545,545,0
2022-10-20 12:55:00,545,545,545,545,0
2022-10-20 12:56:00,545,545,545,545,0
2022-10-20 12:57:00,545,545,545,545,0
2022-10-20 12:58:00,545,545,545,545,0
2022-10-20 12:59:00,545,545,545,545,0
2022-10-20 13:00:00,545,545,545,545,0
2022-10-20 13:01:00,545,545,545,545,0
2022-10-20 13:02:00,545,545,545,545,0
2022-10-20 13:03:00,545,545,545,545,0
2022-10-20 13:04:00,545,545,545,545,0
2022-10-20 13:05:00,545,545,545,545,0
2022-10-20 13:06:00,545,545,545,545,0
2022-10-20 13:07:00,545,545,545,545,0
2022-10-20 13:08:00,545,545,545,545,0
2022-10-20 13:09:00,545,545,545,545,0
2022-10-20 13:10:00,545,545,545,545,0
2022-10-20 13:11:00,545,545,545,545,0
2022-10-20 13:12:00,545,545,545,545,0
2022-10-20 13:13:00,545,545,545,545,0
2022-10-20 13:14:00,545,545,545,545,0
2022-10-20 13:15:00,545,545,545,545,0
2022-10-20 13:16:00,545,545,545,545,0
2022-10-20 13:17:00,545,545,545,545,0
2022-10-20 13:18:00,545,545,545,545,0
2022-10-20 13:19:00,545,545,545,545,0
2022-10-20 13:20:00,545,545,545,545,0
2022-10-20 13:21:00,545,545,545,545,0
2022-10-20 13:22:00,545,545,545,545,0
2022-10-20 13:23:00,545,545,545,545,0
2022-10-20 13:24:00,545,545,545,545,0
2022-10-20 13:25:00,545,545,545,545,0
2022-10-20 13:26:00,545,545,545,545,0
2022-10-20 13:27:00,545,545,545,545,0
2022-10-20 13:28:00,545,545,545,545,0
2022-10-20 13:29:00,545,545,545,545,0
2022-10-20 13:30:00,545,545,545,545,300
2022-10-20 13:31:00,545,545,545,545,0
2022-10-20 13:32:00,545,545,545,545,0
2022-10-20 13:33:00,545,545,545,545,700
2022-10-20 13:34:00,545,545,545,545,0
2022-10-20 13:35:00,545,545,545,545,0
2022-10-20 13:36:00,545,545,545,545,0
2022-10-20 13:37:00,545,545,545,545,0
2022-10-20 13:38:00,545,545,545,545,0
2022-10-20 13:39:00,545,545,545,545,0
2022-10-20 13:40:00,545,545,545,545,0
2022-10-20 13:41:00,545,545,545,545,0
2022-10-20 13:42:00,545,545,545,545,0
2022-10-20 13:43:00,540,540,545,545,7000
2022-10-20 13:44:00,540,540,545,545,0
2022-10-20 13:45:00,540,540,545,545,0
2022-10-20 13:46:00,540,540,545,545,0
2022-10-20 13:47:00,540,540,545,545,0
2022-10-20 13:48:00,540,540,545,545,0
2022-10-20 13:49:00,540,540,545,545,0
2022-10-20 13:50:00,540,540,545,545,0
2022-10-20 13:51:00,540,540,545,545,0
2022-10-20 13:52:00,545,545,545,545,100
2022-10-20 13:53:00,545,545,545,545,0
2022-10-20 13:54:00,545,545,545,545,0
2022-10-20 13:55:00,545,545,545,545,1400
2022-10-20 13:56:00,545,545,545,545,0
2022-10-20 13:57:00,545,545,545,545,500
2022-10-20 13:58:00,545,545,545,545,0
2022-10-20 13:59:00,545,545,545,545,0
2022-10-20 14:00:00,545,545,545,545,0
2022-10-20 14:01:00,545,545,545,545,0
2022-10-20 14:02:00,545,545,545,545,0
2022-10-20 14:03:00,545,545,545,545,0
2022-10-20 14:04:00,545,545,545,545,0
2022-10-20 14:05:00,545,545,545,545,0
2022-10-20 14:06:00,545,545,545,545,0
2022-10-20 14:07:00,545,545,545,545,0
2022-10-20 14:08:00,545,545,545,545,0
2022-10-20 14:09:00,545,545,545,545,0
2022-10-20 14:10:00,545,545,545,545,0
2022-10-20 14:11:00,545,545,545,545,0
2022-10-20 14:12:00,545,545,545,545,0
2022-10-20 14:13:00,545,545,545,545,0
2022-10-20 14:14:00,545,545,545,545,0
2022-10-20 14:15:00,545,545,545,545,1600
2022-10-20 14:16:00,545,545,545,545,0
2022-10-20 14:17:00,545,545,545,545,0
2022-10-20 14:18:00,545,545,545,545,0
2022-10-20 14:19:00,545,545,545,545,0
2022-10-20 14:20:00,545,545,545,545,0
2022-10-20 14:21:00,545,545,545,545,0
2022-10-20 14:22:00,545,545,545,545,0
2022-10-20 14:23:00,545,545,545,545,0
2022-10-20 14:24:00,545,545,545,545,0
2022-10-20 14:25:00,545,545,545,545,0
2022-10-20 14:26:00,545,545,545,545,0
2022-10-20 14:27:00,545,545,545,545,0
2022-10-20 14:28:00,545,545,545,545,0
2022-10-20 14:29:00,545,545,545,545,1000
2022-10-20 14:30:00,545,545,545,545,0
2022-10-20 14:31:00,545,545,545,545,3500
2022-10-20 14:32:00,540,540,540,540,35200
2022-10-20 14:33:00,545,545,545,545,0
2022-10-20 14:34:00,545,545,545,545,0
2022-10-20 14:35:00,545,545,545,545,0
2022-10-20 14:36:00,545,545,545,545,0
2022-10-20 14:37:00,545,545,545,545,0
2022-10-20 14:38:00,545,545,545,545,200
2022-10-20 14:39:00,545,545,545,545,0
2022-10-20 14:40:00,545,545,545,545,0
2022-10-20 14:41:00,545,545,545,545,0
2022-10-20 14:42:00,545,545,545,545,0
2022-10-20 14:43:00,545,545,545,545,0
2022-10-20 14:44:00,545,545,545,545,1200
2022-10-20 14:45:00,545,545,545,545,0
2022-10-20 14:46:00,545,545,545,545,0
2022-10-20 14:47:00,545,545,545,545,200
2022-10-20 14:48:00,545,545,545,545,0
2022-10-20 14:49:00,545,545,545,545,0
2022-10-20 14:50:00,545,545,545,545,0
2022-10-20 14:51:00,545,545,545,545,0
2022-10-20 14:52:00,545,545,545,545,0
2022-10-20 14:53:00,545,545,545,545,0
2022-10-20 14:54:00,545,545,545,545,0
2022-10-20 14:55:00,545,545,545,545,0
2022-10-20 14:56:00,545,545,545,545,0
2022-10-20 14:57:00,545,545,545,545,0
2022-10-20 14:58:00,545,545,545,545,0
2022-10-20 14:59:00,545,545,545,545,0
2022-10-20 15:00:00,550,550,550,550,158800
2022-10-20 15:01:00,550,550,550,550,0
2022-10-20 15:02:00,550,550,550,550,724500
2022-10-20 15:03:00,550,550,550,550,0
2022-10-20 15:04:00,550,550,550,550,0
2022-10-20 15:05:00,550,550,550,550,0
2022-10-20 15:06:00,550,550,550,550,0
2022-10-20 15:07:00,550,550,550,550,0
2022-10-20 15:08:00,550,550,550,550,0
2022-10-20 15:09:00,550,550,550,550,0
2022-10-20 15:10:00,550,550,550,550,0
2022-10-20 15:11:00,550,550,550,550,0
2022-10-20 15:12:00,550,550,550,550,0
2022-10-20 15:13:00,550,550,550,550,0
2022-10-20 15:14:00,550,550,550,550,0
2022-10-20 15:15:00,550,550,550,550,0
2022-10-20 15:16:00,550,550,550,550,0
2022-10-20 15:17:00,550,550,550,550,0
2022-10-20 15:18:00,550,550,550,550,0
2022-10-20 15:19:00,550,550,550,550,0
2022-10-20 15:20:00,550,550,550,550,0
2022-10-20 15:21:00,550,550,550,550,0
2022-10-20 15:22:00,550,550,550,550,0
2022-10-20 15:23:00,550,550,550,550,0
2022-10-20 15:24:00,550,550,550,550,0
2022-10-20 15:25:00,550,550,550,550,0
2022-10-20 15:26:00,550,550,550,550,0
2022-10-20 15:27:00,550,550,550,550,0
2022-10-20 15:28:00,550,550,550,550,0
2022-10-20 15:29:00,550,550,550,550,0
2022-10-20 15:30:00,550,550,550,550,0
2022-10-20 15:31:00,550,550,550,550,0
2022-10-20 15:32:00,550,550,550,550,0
2022-10-20 15:33:00,550,550,550,550,0
2022-10-20 15:34:00,550,550,550,550,0
2022-10-20 15:35:00,550,550,550,550,0
2022-10-20 15:36:00,550,550,550,550,0
2022-10-20 15:37:00,550,550,550,550,0
2022-10-20 15:38:00,550,550,550,550,0
2022-10-20 15:39:00,550,550,550,550,0
2022-10-20 15:40:00,550,550,550,550,0
2022-10-20 15:41:00,550,550,550,550,0
2022-10-20 15:42:00,550,550,550,550,0
2022-10-20 15:43:00,550,550,550,550,0
2022-10-20 15:44:00,550,550,550,550,0
2022-10-20 15:45:00,550,550,550,550,0
2022-10-20 15:46:00,550,550,550,550,0
2022-10-20 15:47:00,550,550,550,550,0
2022-10-20 15:48:00,550,550,550,550,0
2022-10-20 15:49:00,550,550,550,550,0
2022-10-20 15:50:00,550,550,550,550,0
2022-10-20 15:51:00,550,550,550,550,0
2022-10-20 15:52:00,550,550,550,550,0
2022-10-20 15:53:00,550,550,550,550,0
2022-10-20 15:54:00,550,550,550,550,0
2022-10-20 15:55:00,550,550,550,550,0
2022-10-20 15:56:00,550,550,550,550,0
2022-10-20 15:57:00,550,550,550,550,0
2022-10-20 15:58:00,550,550,550,550,0
2022-10-20 15:59:00,550,550,550,550,0
2022-10-21 09:00:00,550,550,550,550,0
2022-10-21 09:01:00,550,550,550,550,0
2022-10-21 09:02:00,550,550,550,550,0
2022-10-21 09:03:00,550,550,550,550,0
2022-10-21 09:04:00,550,550,550,550,0
2022-10-21 09:05:00,550,550,550,550,0
2022-10-21 09:06:00,550,550,550,550,0
2022-10-21 09:07:00,550,550,550,550,0
2022-10-21 09:08:00,550,550,550,550,0
2022-10-21 09:09:00,550,545,550,550,3000
2022-10-21 09:10:00,550,545,550,550,0
2022-10-21 09:11:00,550,545,550,550,0
2022-10-21 09:12:00,550,545,550,550,0
2022-10-21 09:13:00,550,545,550,550,0
2022-10-21 09:14:00,545,545,545,545,7600
2022-10-21 09:15:00,545,545,545,545,0
2022-10-21 09:16:00,545,545,545,545,900
2022-10-21 09:17:00,545,545,545,545,200
2022-10-21 09:18:00,545,545,545,545,4600
2022-10-21 09:19:00,545,545,550,550,29700
2022-10-21 09:20:00,545,545,550,550,0
2022-10-21 09:21:00,545,545,550,550,0
2022-10-21 09:22:00,545,545,550,550,0
2022-10-21 09:23:00,545,545,550,550,0
2022-10-21 09:24:00,545,545,550,550,0
2022-10-21 09:25:00,545,545,545,545,1400
2022-10-21 09:26:00,545,545,545,545,0
2022-10-21 09:27:00,545,545,545,545,0
2022-10-21 09:28:00,545,545,545,545,0
2022-10-21 09:29:00,545,545,545,545,1400
2022-10-21 09:30:00,545,545,545,545,0
2022-10-21 09:31:00,545,545,545,545,0
2022-10-21 09:32:00,545,545,545,545,0
2022-10-21 09:33:00,545,545,545,545,0
2022-10-21 09:34:00,545,545,545,545,0
2022-10-21 09:35:00,545,545,545,545,0
2022-10-21 09:36:00,545,545,545,545,0
2022-10-21 09:37:00,545,545,545,545,0
2022-10-21 09:38:00,545,545,545,545,0
2022-10-21 09:39:00,545,545,545,545,0
2022-10-21 09:40:00,545,545,545,545,0
2022-10-21 09:41:00,545,545,545,545,600
2022-10-21 09:42:00,545,545,545,545,0
2022-10-21 09:43:00,545,545,545,545,300
2022-10-21 09:44:00,545,545,545,545,0
2022-10-21 09:45:00,545,545,545,545,0
2022-10-21 09:46:00,545,545,545,545,0
2022-10-21 09:47:00,545,545,545,545,0
2022-10-21 09:48:00,545,545,545,545,0
2022-10-21 09:49:00,545,545,545,545,0
2022-10-21 09:50:00,545,545,545,545,0
2022-10-21 09:51:00,545,545,545,545,0
2022-10-21 09:52:00,545,545,545,545,100
2022-10-21 09:53:00,545,545,545,545,0
2022-10-21 09:54:00,545,545,545,545,0
2022-10-21 09:55:00,545,545,545,545,0
2022-10-21 09:56:00,545,545,545,545,0
2022-10-21 09:57:00,545,545,545,545,0
2022-10-21 09:58:00,545,545,545,545,0
2022-10-21 09:59:00,545,545,545,545,0
2022-10-21 10:00:00,545,545,545,545,0
2022-10-21 10:01:00,540,540,545,545,400
2022-10-21 10:02:00,540,540,545,545,0
2022-10-21 10:03:00,540,540,545,545,0
2022-10-21 10:04:00,540,540,545,545,0
2022-10-21 10:05:00,540,540,545,545,0
2022-10-21 10:06:00,540,540,545,545,0
2022-10-21 10:07:00,540,540,545,545,0
2022-10-21 10:08:00,540,540,545,545,0
2022-10-21 10:09:00,540,540,545,545,0
2022-10-21 10:10:00,540,540,545,545,0
2022-10-21 10:11:00,540,540,545,545,0
2022-10-21 10:12:00,540,540,540,540,75500
2022-10-21 10:13:00,545,545,545,545,100
2022-10-21 10:14:00,545,545,545,545,0
2022-10-21 10:15:00,545,545,545,545,0
2022-10-21 10:16:00,545,545,545,545,0
2022-10-21 10:17:00,545,545,545,545,0
2022-10-21 10:18:00,545,545,545,545,0
2022-10-21 10:19:00,545,545,545,545,10200
2022-10-21 10:20:00,545,545,545,545,0
2022-10-21 10:21:00,545,545,545,545,0
2022-10-21 10:22:00,545,545,545,545,0
2022-10-21 10:23:00,545,545,545,545,0
2022-10-21 10:24:00,545,545,545,545,0
2022-10-21 10:25:00,545,545,545,545,0
2022-10-21 10:26:00,545,545,545,545,0
2022-10-21 10:27:00,545,545,545,545,0
2022-10-21 10:28:00,545,545,545,545,0
2022-10-21 10:29:00,545,545,545,545,0
2022-10-21 10:30:00,545,545,545,545,0
2022-10-21 10:31:00,545,545,545,545,0
2022-10-21 10:32:00,545,545,545,545,0
2022-10-21 10:33:00,545,545,545,545,0
2022-10-21 10:34:00,545,545,545,545,0
2022-10-21 10:35:00,545,545,545,545,0
2022-10-21 10:36:00,545,545,545,545,0
2022-10-21 10:37:00,545,545,545,545,0
2022-10-21 10:38:00,545,545,545,545,6000
2022-10-21 10:39:00,545,545,545,545,0
2022-10-21 10:40:00,545,545,545,545,0
2022-10-21 10:41:00,545,545,545,545,0
2022-10-21 10:42:00,545,545,545,545,0
2022-10-21 10:43:00,545,545,545,545,0
2022-10-21 10:44:00,545,545,545,545,0
2022-10-21 10:45:00,545,545,545,545,0
2022-10-21 10:46:00,545,545,545,545,0
2022-10-21 10:47:00,545,545,545,545,0
2022-10-21 10:48:00,545,545,545,545,0
2022-10-21 10:49:00,545,545,545,545,0
2022-10-21 10:50:00,545,545,545,545,0
2022-10-21 10:51:00,545,545,545,545,0
2022-10-21 10:52:00,545,545,545,545,0
2022-10-21 10:53:00,545,545,545,545,0
2022-10-21 10:54:00,545,545,545,545,0
2022-10-21 10:55:00,545,545,545,545,0
2022-10-21 10:56:00,545,545,545,545,0
2022-10-21 10:57:00,545,545,545,545,0
2022-10-21 10:58:00,545,545,545,545,0
2022-10-21 10:59:00,545,545,545,545,0
2022-10-21 11:00:00,545,545,545,545,0
2022-10-21 11:01:00,545,545,545,545,0
2022-10-21 11:02:00,545,545,545,545,0
2022-10-21 11:03:00,545,545,545,545,0
2022-10-21 11:04:00,545,545,545,545,0
2022-10-21 11:05:00,545,545,545,545,0
2022-10-21 11:06:00,545,545,545,545,0
2022-10-21 11:07:00,545,545,545,545,0
2022-10-21 11:08:00,545,545,545,545,0
2022-10-21 11:09:00,545,545,545,545,0
2022-10-21 11:10:00,545,545,545,545,0
2022-10-21 11:11:00,545,545,545,545,0
2022-10-21 11:12:00,545,545,545,545,0
2022-10-21 11:13:00,545,545,545,545,0
2022-10-21 11:14:00,545,545,545,545,0
2022-10-21 11:15:00,545,545,545,545,0
2022-10-21 11:16:00,545,545,545,545,0
2022-10-21 11:17:00,545,545,545,545,0
2022-10-21 11:18:00,545,545,545,545,0
2022-10-21 11:19:00,545,545,545,545,0
2022-10-21 11:20:00,545,545,545,545,0
2022-10-21 11:21:00,545,545,545,545,0
2022-10-21 11:22:00,545,545,545,545,0
2022-10-21 11:23:00,545,545,545,545,0
2022-10-21 11:24:00,545,545,545,545,0
2022-10-21 11:25:00,545,545,545,545,0
2022-10-21 11:26:00,545,545,545,545,0
2022-10-21 11:27:00,545,545,545,545,0
2022-10-21 11:28:00,545,545,545,545,600
2022-10-21 11:29:00,545,545,545,545,600
2022-10-21 11:30:00,545,545,545,545,0
2022-10-21 11:31:00,545,545,545,545,0
2022-10-21 11:32:00,545,545,545,545,0
2022-10-21 11:33:00,545,545,545,545,0
2022-10-21 11:34:00,545,545,545,545,0
2022-10-21 11:35:00,545,545,545,545,0
2022-10-21 11:36:00,545,545,545,545,0
2022-10-21 11:37:00,545,545,545,545,0
2022-10-21 11:38:00,545,545,545,545,0
2022-10-21 11:39:00,545,545,545,545,0
2022-10-21 11:40:00,545,545,545,545,0
2022-10-21 11:41:00,545,545,545,545,0
2022-10-21 11:42:00,545,545,545,545,0
2022-10-21 11:43:00,545,545,545,545,0
2022-10-21 11:44:00,545,545,545,545,0
2022-10-21 11:45:00,545,545,545,545,0
2022-10-21 11:46:00,545,545,545,545,0
2022-10-21 11:47:00,545,545,545,545,0
2022-10-21 11:48:00,545,545,545,545,0
2022-10-21 11:49:00,545,545,545,545,0
2022-10-21 11:50:00,545,545,545,545,0
2022-10-21 11:51:00,545,545,545,545,0
2022-10-21 11:52:00,545,545,545,545,0
2022-10-21 11:53:00,545,545,545,545,0
2022-10-21 11:54:00,545,545,545,545,0
2022-10-21 11:55:00,545,545,545,545,0
2022-10-21 11:56:00,545,545,545,545,0
2022-10-21 11:57:00,545,545,545,545,0
2022-10-21 11:58:00,545,545,545,545,0
2022-10-21 11:59:00,545,545,545,545,0
2022-10-21 12:00:00,545,545,545,545,0
2022-10-21 12:01:00,545,545,545,545,0
2022-10-21 12:02:00,545,545,545,545,0
2022-10-21 12:03:00,545,545,545,545,0
2022-10-21 12:04:00,545,545,545,545,0
2022-10-21 12:05:00,545,545,545,545,0
2022-10-21 12:06:00,545,545,545,545,0
2022-10-21 12:07:00,545,545,545,545,0
2022-10-21 12:08:00,545,545,545,545,0
2022-10-21 12:09:00,545,545,545,545,0
2022-10-21 12:10:00,545,545,545,545,0
2022-10-21 12:11:00,545,545,545,545,0
2022-10-21 12:12:00,545,545,545,545,0
2022-10-21 12:13:00,545,545,545,545,0
2022-10-21 12:14:00,545,545,545,545,0
2022-10-21 12:15:00,545,545,545,545,0
2022-10-21 12:16:00,545,545,545,545,0
2022-10-21 12:17:00,545,545,545,545,0
2022-10-21 12:18:00,545,545,545,545,0
2022-10-21 12:19:00,545,545,545,545,0
2022-10-21 12:20:00,545,545,545,545,0
2022-10-21 12:21:00,545,545,545,545,0
2022-10-21 12:22:00,545,545,545,545,0
2022-10-21 12:23:00,545,545,545,545,0
2022-10-21 12:24:00,545,545,545,545,0
2022-10-21 12:25:00,545,545,545,545,0
2022-10-21 12:26:00,545,545,545,545,0
2022-10-21 12:27:00,545,545,545,545,0
2022-10-21 12:28:00,545,545,545,545,0
2022-10-21 12:29:00,545,545,545,545,0
2022-10-21 12:30:00,545,545,545,545,0
2022-10-21 12:31:00,545,545,545,545,0
2022-10-21 12:32:00,545,545,545,545,0
2022-10-21 12:33:00,545,545,545,545,0
2022-10-21 12:34:00,545,545,545,545,0
2022-10-21 12:35:00,545,545,545,545,0
2022-10-21 12:36:00,545,545,545,545,0
2022-10-21 12:37:00,545,545,545,545,0
2022-10-21 12:38:00,545,545,545,545,0
2022-10-21 12:39:00,545,545,545,545,0
2022-10-21 12:40:00,545,545,545,545,0
2022-10-21 12:41:00,545,545,545,545,0
2022-10-21 12:42:00,545,545,545,545,0
2022-10-21 12:43:00,545,545,545,545,0
2022-10-21 12:44:00,545,545,545,545,0
2022-10-21 12:45:00,545,545,545,545,0
2022-10-21 12:46:00,545,545,545,545,0
2022-10-21 12:47:00,545,545,545,545,0
2022-10-21 12:48:00,545,545,545,545,0
2022-10-21 12:49:00,545,545,545,545,0
2022-10-21 12:50:00,545,545,545,545,0
2022-10-21 12:51:00,545,545,545,545,0
2022-10-21 12:52:00,545,545,545,545,0
2022-10-21 12:53:00,545,545,545,545,0
2022-10-21 12:54:00,545,545,545,545,0
2022-10-21 12:55:00,545,545,545,545,0
2022-10-21 12:56:00,545,545,545,545,0
2022-10-21 12:57:00,545,545,545,545,0
2022-10-21 12:58:00,545,545,545,545,0
2022-10-21 12:59:00,545,545,545,545,0
2022-10-21 13:00:00,545,545,545,545,0
2022-10-21 13:01:00,545,545,545,545,0
2022-10-21 13:02:00,545,545,545,545,0
2022-10-21 13:03:00,545,545,545,545,0
2022-10-21 13:04:00,545,545,545,545,0
2022-10-21 13:05:00,545,545,545,545,0
2022-10-21 13:06:00,545,545,545,545,0
2022-10-21 13:07:00,545,545,545,545,0
2022-10-21 13:08:00,545,545,545,545,0
2022-10-21 13:09:00,545,545,545,545,0
2022-10-21 13:10:00,545,545,545,545,0
2022-10-21 13:11:00,545,545,545,545,0
2022-10-21 13:12:00,545,545,545,545,0
2022-10-21 13:13:00,545,545,545,545,0
2022-10-21 13:14:00,545,545,545,545,0
2022-10-21 13:15:00,545,545,545,545,0
2022-10-21 13:16:00,545,545,545,545,0
2022-10-21 13:17:00,545,545,545,545,0
2022-10-21 13:18:00,545,545,545,545,0
2022-10-21 13:19:00,545,545,545,545,0
2022-10-21 13:20:00,545,545,545,545,0
2022-10-21 13:21:00,545,545,545,545,0
2022-10-21 13:22:00,545,545,545,545,0
2022-10-21 13:23:00,545,545,545,545,0
2022-10-21 13:24:00,545,545,545,545,0
2022-10-21 13:25:00,545,545,545,545,0
2022-10-21 13:26:00,545,545,545,545,0
2022-10-21 13:27:00,545,545,545,545,0
2022-10-21 13:28:00,545,545,545,545,0
2022-10-21 13:29:00,545,545,545,545,0
2022-10-21 13:30:00,545,545,545,545,0
2022-10-21 13:31:00,545,545,545,545,0
2022-10-21 13:32:00,545,545,545,545,0
2022-10-21 13:33:00,545,545,545,545,0
2022-10-21 13:34:00,545,545,545,545,0
2022-10-21 13:35:00,545,545,545,545,0
2022-10-21 13:36:00,545,545,545,545,0
2022-10-21 13:37:00,545,545,545,545,0
2022-10-21 13:38:00,545,545,545,545,800
2022-10-21 13:39:00,545,545,545,545,0
2022-10-21 13:40:00,545,545,545,545,0
2022-10-21 13:41:00,545,545,545,545,0
2022-10-21 13:42:00,545,545,545,545,0
2022-10-21 13:43:00,540,540,545,545,2200
2022-10-21 13:44:00,540,540,545,545,0
2022-10-21 13:45:00,540,540,545,545,0
2022-10-21 13:46:00,540,540,545,545,0
2022-10-21 13:47:00,540,540,545,545,0
2022-10-21 13:48:00,540,540,545,545,0
2022-10-21 13:49:00,540,540,545,545,0
2022-10-21 13:50:00,540,540,545,545,0
2022-10-21 13:51:00,540,540,545,545,0
2022-10-21 13:52:00,540,540,545,545,0
2022-10-21 13:53:00,540,540,545,545,0
2022-10-21 13:54:00,540,540,545,545,0
2022-10-21 13:55:00,540,540,545,545,0
2022-10-21 13:56:00,540,540,545,545,0
2022-10-21 13:57:00,540,540,545,545,0
2022-10-21 13:58:00,540,540,545,545,0
2022-10-21 13:59:00,540,540,545,545,0
2022-10-21 14:00:00,540,540,545,545,0
2022-10-21 14:01:00,545,545,545,545,100
2022-10-21 14:02:00,545,545,545,545,0
2022-10-21 14:03:00,545,545,545,545,0
2022-10-21 14:04:00,545,545,545,545,0
2022-10-21 14:05:00,545,545,545,545,0
2022-10-21 14:06:00,545,545,545,545,0
2022-10-21 14:07:00,545,545,545,545,0
2022-10-21 14:08:00,545,545,545,545,0
2022-10-21 14:09:00,545,545,545,545,0
2022-10-21 14:10:00,545,545,545,545,0
2022-10-21 14:11:00,545,545,545,545,0
2022-10-21 14:12:00,545,545,545,545,0
2022-10-21 14:13:00,545,545,545,545,0
2022-10-21 14:14:00,545,545,545,545,3400
2022-10-21 14:15:00,545,545,545,545,0
2022-10-21 14:16:00,545,545,545,545,0
2022-10-21 14:17:00,545,545,545,545,0
2022-10-21 14:18:00,545,545,545,545,0
2022-10-21 14:19:00,545,545,545,545,0
2022-10-21 14:20:00,545,545,545,545,0
2022-10-21 14:21:00,540,540,545,545,2700
2022-10-21 14:22:00,540,540,545,545,0
2022-10-21 14:23:00,540,540,545,545,0
2022-10-21 14:24:00,540,540,545,545,0
2022-10-21 14:25:00,540,540,545,545,0
2022-10-21 14:26:00,540,540,545,545,0
2022-10-21 14:27:00,540,540,540,540,3000
2022-10-21 14:28:00,540,540,540,540,0
2022-10-21 14:29:00,545,545,545,545,0
2022-10-21 14:30:00,545,545,545,545,0
2022-10-21 14:31:00,545,545,545,545,0
2022-10-21 14:32:00,545,545,545,545,0
2022-10-21 14:33:00,545,545,545,545,0
2022-10-21 14:34:00,545,545,545,545,0
2022-10-21 14:35:00,545,545,545,545,0
2022-10-21 14:36:00,545,545,545,545,0
2022-10-21 14:37:00,545,545,545,545,0
2022-10-21 14:38:00,545,545,545,545,0
2022-10-21 14:39:00,545,545,545,545,4000
2022-10-21 14:40:00,545,545,545,545,0
2022-10-21 14:41:00,545,545,545,545,0
2022-10-21 14:42:00,545,545,545,545,0
2022-10-21 14:43:00,545,545,545,545,0
2022-10-21 14:44:00,545,545,545,545,0
2022-10-21 14:45:00,545,545,545,545,0
2022-10-21 14:46:00,545,545,545,545,0
2022-10-21 14:47:00,545,545,545,545,0
2022-10-21 14:48:00,545,545,550,550,91100
2022-10-21 14:49:00,550,550,550,550,3400
2022-10-21 14:50:00,550,550,550,550,0
2022-10-21 14:51:00,550,550,550,550,0
2022-10-21 14:52:00,550,550,550,550,0
2022-10-21 14:53:00,550,550,550,550,0
2022-10-21 14:54:00,550,550,550,550,0
2022-10-21 14:55:00,550,550,550,550,0
2022-10-21 14:56:00,550,550,550,550,0
2022-10-21 14:57:00,550,550,550,550,0
2022-10-21 14:58:00,550,550,550,550,0
2022-10-21 14:59:00,550,550,550,550,0
2022-10-21 15:00:00,550,550,550,550,0
2022-10-21 15:01:00,550,550,550,550,0
2022-10-21 15:02:00,550,550,550,550,0
2022-10-21 15:03:00,550,550,550,550,0
2022-10-21 15:04:00,550,550,550,550,0
2022-10-21 15:05:00,550,550,550,550,0
2022-10-21 15:06:00,550,550,550,550,0
2022-10-21 15:07:00,550,550,550,550,0
2022-10-21 15:08:00,550,550,550,550,0
2022-10-21 15:09:00,550,550,550,550,0
2022-10-21 15:10:00,550,550,550,550,0
2022-10-21 15:11:00,550,550,550,550,0
2022-10-21 15:12:00,550,550,550,550,0
2022-10-21 15:13:00,550,550,550,550,0
2022-10-21 15:14:00,550,550,550,550,0
2022-10-21 15:15:00,550,550,550,550,0
2022-10-21 15:16:00,550,550,550,550,0
2022-10-21 15:17:00,550,550,550,550,0
2022-10-21 15:18:00,550,550,550,550,0
2022-10-21 15:19:00,550,550,550,550,0
2022-10-21 15:20:00,550,550,550,550,0
2022-10-21 15:21:00,550,550,550,550,0
2022-10-21 15:22:00,550,550,550,550,0
2022-10-21 15:23:00,550,550,550,550,0
2022-10-21 15:24:00,550,550,550,550,0
2022-10-21 15:25:00,550,550,550,550,0
2022-10-21 15:26:00,550,550,550,550,0
2022-10-21 15:27:00,550,550,550,550,0
2022-10-21 15:28:00,550,550,550,550,0
2022-10-21 15:29:00,550,550,550,550,0
2022-10-21 15:30:00,550,550,550,550,0
2022-10-21 15:31:00,550,550,550,550,0
2022-10-21 15:32:00,550,550,550,550,0
2022-10-21 15:33:00,550,550,550,550,0
2022-10-21 15:34:00,550,550,550,550,0
2022-10-21 15:35:00,550,550,550,550,0
2022-10-21 15:36:00,550,550,550,550,0
2022-10-21 15:37:00,550,550,550,550,0
2022-10-21 15:38:00,550,550,550,550,0
2022-10-21 15:39:00,550,550,550,550,0
2022-10-21 15:40:00,550,550,550,550,0
2022-10-21 15:41:00,550,550,550,550,0
2022-10-21 15:42:00,550,550,550,550,0
2022-10-21 15:43:00,550,550,550,550,0
2022-10-21 15:44:00,550,550,550,550,0
2022-10-21 15:45:00,550,550,550,550,0
2022-10-21 15:46:00,550,550,550,550,0
2022-10-21 15:47:00,550,550,550,550,0
2022-10-21 15:48:00,550,550,550,550,0
2022-10-21 15:49:00,550,550,550,550,0
2022-10-21 15:50:00,550,550,550,550,0
2022-10-21 15:51:00,550,550,550,550,0
2022-10-21 15:52:00,550,550,550,550,0
2022-10-21 15:53:00,550,550,550,550,0
2022-10-21 15:54:00,550,550,550,550,0
2022-10-21 15:55:00,550,550,550,550,0
2022-10-21 15:56:00,550,550,550,550,0
2022-10-21 15:57:00,550,550,550,550,0
2022-10-21 15:58:00,550,550,550,550,0
2022-10-21 15:59:00,550,550,550,550,0
2022-10-24 09:00:00,550,550,550,550,0
2022-10-24 09:01:00,550,550,550,550,0
2022-10-24 09:02:00,550,550,550,550,0
2022-10-24 09:03:00,550,550,550,550,0
2022-10-24 09:04:00,550,550,550,550,0
2022-10-24 09:05:00,550,550,550,550,0
2022-10-24 09:06:00,550,550,550,550,0
2022-10-24 09:07:00,550,550,550,550,0
2022-10-24 09:08:00,550,550,550,550,1700
2022-10-24 09:09:00,550,550,550,550,0
2022-10-24 09:10:00,550,550,550,550,0
2022-10-24 09:11:00,550,550,550,550,0
2022-10-24 09:12:00,550,550,550,550,0
2022-10-24 09:13:00,550,550,550,550,0
2022-10-24 09:14:00,550,550,550,550,0
2022-10-24 09:15:00,550,550,550,550,0
2022-10-24 09:16:00,550,550,550,550,0
2022-10-24 09:17:00,550,550,550,550,300
2022-10-24 09:18:00,550,550,550,550,0
2022-10-24 09:19:00,550,550,550,550,0
2022-10-24 09:20:00,550,550,550,550,0
2022-10-24 09:21:00,550,550,550,550,0
2022-10-24 09:22:00,550,550,550,550,0
2022-10-24 09:23:00,550,550,550,550,0
2022-10-24 09:24:00,550,550,550,550,0
2022-10-24 09:25:00,550,550,550,550,0
2022-10-24 09:26:00,550,550,550,550,0
2022-10-24 09:27:00,550,550,550,550,0
2022-10-24 09:28:00,550,550,550,550,0
2022-10-24 09:29:00,545,545,550,550,900
2022-10-24 09:30:00,545,545,545,545,10000
2022-10-24 09:31:00,545,545,545,545,0
2022-10-24 09:32:00,550,550,550,550,0
2022-10-24 09:33:00,550,550,550,550,0
2022-10-24 09:34:00,550,550,550,550,0
2022-10-24 09:35:00,550,550,550,550,0
2022-10-24 09:36:00,550,550,550,550,0
2022-10-24 09:37:00,550,550,550,550,0
2022-10-24 09:38:00,550,550,550,550,0
2022-10-24 09:39:00,550,550,550,550,0
2022-10-24 09:40:00,550,550,550,550,0
2022-10-24 09:41:00,550,550,550,550,0
2022-10-24 09:42:00,550,550,550,550,0
2022-10-24 09:43:00,550,550,550,550,0
2022-10-24 09:44:00,550,550,550,550,0
2022-10-24 09:45:00,550,550,550,550,0
2022-10-24 09:46:00,550,550,550,550,0
2022-10-24 09:47:00,550,550,550,550,0
2022-10-24 09:48:00,550,550,550,550,0
2022-10-24 09:49:00,550,550,550,550,1000
2022-10-24 09:50:00,550,550,550,550,0
2022-10-24 09:51:00,550,550,550,550,0
2022-10-24 09:52:00,550,550,550,550,0
2022-10-24 09:53:00,550,550,550,550,0
2022-10-24 09:54:00,545,545,550,550,2900
2022-10-24 09:55:00,545,545,550,550,0
2022-10-24 09:56:00,545,545,550,550,0
2022-10-24 09:57:00,545,545,550,550,0
2022-10-24 09:58:00,550,550,550,550,600
2022-10-24 09:59:00,550,550,550,550,0
2022-10-24 10:00:00,550,550,550,550,0
2022-10-24 10:01:00,550,550,550,550,0
2022-10-24 10:02:00,550,550,550,550,0
2022-10-24 10:03:00,550,550,550,550,0
2022-10-24 10:04:00,550,550,550,550,0
2022-10-24 10:05:00,545,545,545,545,2300
2022-10-24 10:06:00,550,550,550,550,0
2022-10-24 10:07:00,550,550,550,550,0
2022-10-24 10:08:00,550,550,550,550,0
2022-10-24 10:09:00,550,550,550,550,0
2022-10-24 10:10:00,550,550,550,550,400
2022-10-24 10:11:00,545,545,545,545,1800
2022-10-24 10:12:00,550,550,550,550,400
2022-10-24 10:13:00,550,550,550,550,0
2022-10-24 10:14:00,550,550,550,550,0
2022-10-24 10:15:00,550,550,550,550,0
2022-10-24 10:16:00,550,550,550,550,0
2022-10-24 10:17:00,550,550,550,550,0
2022-10-24 10:18:00,550,550,550,550,0
2022-10-24 10:19:00,550,550,550,550,0
2022-10-24 10:20:00,550,550,550,550,100
2022-10-24 10:21:00,550,550,550,550,0
2022-10-24 10:22:00,550,550,550,550,0
2022-10-24 10:23:00,550,550,550,550,0
2022-10-24 10:24:00,550,550,550,550,0
2022-10-24 10:25:00,550,550,550,550,0
2022-10-24 10:26:00,550,550,550,550,0
2022-10-24 10:27:00,550,550,550,550,0
2022-10-24 10:28:00,550,550,550,550,0
2022-10-24 10:29:00,550,550,550,550,1000
2022-10-24 10:30:00,550,550,550,550,0
2022-10-24 10:31:00,550,550,550,550,0
2022-10-24 10:32:00,550,550,550,550,0
2022-10-24 10:33:00,550,550,550,550,0
2022-10-24 10:34:00,550,550,550,550,0
2022-10-24 10:35:00,550,550,550,550,0
2022-10-24 10:36:00,550,550,550,550,100
2022-10-24 10:37:00,550,550,550,550,0
2022-10-24 10:38:00,550,550,550,550,0
2022-10-24 10:39:00,550,550,550,550,0
2022-10-24 10:40:00,550,550,550,550,0
2022-10-24 10:41:00,550,550,550,550,0
2022-10-24 10:42:00,550,550,550,550,800
2022-10-24 10:43:00,550,550,550,550,600
2022-10-24 10:44:00,550,550,550,550,0
2022-10-24 10:45:00,550,550,550,550,0
2022-10-24 10:46:00,550,550,550,550,0
2022-10-24 10:47:00,550,550,550,550,0
2022-10-24 10:48:00,550,550,550,550,400
2022-10-24 10:49:00,550,550,550,550,0
2022-10-24 10:50:00,550,550,550,550,0
2022-10-24 10:51:00,550,550,550,550,0
2022-10-24 10:52:00,545,545,550,550,800
2022-10-24 10:53:00,545,545,550,550,0
2022-10-24 10:54:00,545,545,550,550,0
2022-10-24 10:55:00,545,545,550,550,0
2022-10-24 10:56:00,545,545,550,550,0
2022-10-24 10:57:00,545,545,550,550,0
2022-10-24 10:58:00,550,550,550,550,600
2022-10-24 10:59:00,550,550,550,550,0
2022-10-24 11:00:00,550,550,550,550,0
2022-10-24 11:01:00,550,550,550,550,0
2022-10-24 11:02:00,550,550,550,550,300
2022-10-24 11:03:00,550,550,550,550,0
2022-10-24 11:04:00,550,550,550,550,0
2022-10-24 11:05:00,550,550,550,550,0
2022-10-24 11:06:00,550,550,550,550,0
2022-10-24 11:07:00,550,550,550,550,0
2022-10-24 11:08:00,550,550,550,550,0
2022-10-24 11:09:00,550,550,550,550,0
2022-10-24 11:10:00,550,550,550,550,800
2022-10-24 11:11:00,550,550,550,550,0
2022-10-24 11:12:00,550,550,550,550,0
2022-10-24 11:13:00,550,550,550,550,7600
2022-10-24 11:14:00,550,550,550,550,0
2022-10-24 11:15:00,550,550,550,550,0
2022-10-24 11:16:00,550,550,550,550,0
2022-10-24 11:17:00,550,550,550,550,0
2022-10-24 11:18:00,550,550,550,550,0
2022-10-24 11:19:00,550,550,550,550,0
2022-10-24 11:20:00,545,545,550,550,0
2022-10-24 11:21:00,550,550,550,550,0
2022-10-24 11:22:00,550,550,550,550,0
2022-10-24 11:23:00,550,550,550,550,0
2022-10-24 11:24:00,550,550,550,550,0
2022-10-24 11:25:00,550,550,550,550,0
2022-10-24 11:26:00,550,550,550,550,200
2022-10-24 11:27:00,550,550,550,550,0
2022-10-24 11:28:00,550,550,550,550,0
2022-10-24 11:29:00,550,550,550,550,400
2022-10-24 11:30:00,550,550,550,550,0
2022-10-24 11:31:00,550,550,550,550,0
2022-10-24 11:32:00,550,550,550,550,0
2022-10-24 11:33:00,550,550,550,550,0
2022-10-24 11:34:00,550,550,550,550,0
2022-10-24 11:35:00,550,550,550,550,0
2022-10-24 11:36:00,550,550,550,550,0
2022-10-24 11:37:00,550,550,550,550,0
2022-10-24 11:38:00,550,550,550,550,0
2022-10-24 11:39:00,550,550,550,550,0
2022-10-24 11:40:00,550,550,550,550,0
2022-10-24 11:41:00,550,550,550,550,0
2022-10-24 11:42:00,550,550,550,550,0
2022-10-24 11:43:00,550,550,550,550,0
2022-10-24 11:44:00,550,550,550,550,0
2022-10-24 11:45:00,550,550,550,550,0
2022-10-24 11:46:00,550,550,550,550,0
2022-10-24 11:47:00,550,550,550,550,0
2022-10-24 11:48:00,550,550,550,550,0
2022-10-24 11:49:00,550,550,550,550,0
2022-10-24 11:50:00,550,550,550,550,0
2022-10-24 11:51:00,550,550,550,550,0
2022-10-24 11:52:00,550,550,550,550,0
2022-10-24 11:53:00,550,550,550,550,0
2022-10-24 11:54:00,550,550,550,550,0
2022-10-24 11:55:00,550,550,550,550,0
2022-10-24 11:56:00,550,550,550,550,0
2022-10-24 11:57:00,550,550,550,550,0
2022-10-24 11:58:00,550,550,550,550,0
2022-10-24 11:59:00,550,550,550,550,0
2022-10-24 12:00:00,550,550,550,550,0
2022-10-24 12:01:00,550,550,550,550,0
2022-10-24 12:02:00,550,550,550,550,0
2022-10-24 12:03:00,550,550,550,550,0
2022-10-24 12:04:00,550,550,550,550,0
2022-10-24 12:05:00,550,550,550,550,0
2022-10-24 12:06:00,550,550,550,550,0
2022-10-24 12:07:00,550,550,550,550,0
2022-10-24 12:08:00,550,550,550,550,0
2022-10-24 12:09:00,550,550,550,550,0
2022-10-24 12:10:00,550,550,550,550,0
2022-10-24 12:11:00,550,550,550,550,0
2022-10-24 12:12:00,550,550,550,550,0
2022-10-24 12:13:00,550,550,550,550,0
2022-10-24 12:14:00,550,550,550,550,0
2022-10-24 12:15:00,550,550,550,550,0
2022-10-24 12:16:00,550,550,550,550,0
2022-10-24 12:17:00,550,550,550,550,0
2022-10-24 12:18:00,550,550,550,550,0
2022-10-24 12:19:00,550,550,550,550,0
2022-10-24 12:20:00,550,550,550,550,0
2022-10-24 12:21:00,550,550,550,550,0
2022-10-24 12:22:00,550,550,550,550,0
2022-10-24 12:23:00,550,550,550,550,0
2022-10-24 12:24:00,550,550,550,550,0
2022-10-24 12:25:00,550,550,550,550,0
2022-10-24 12:26:00,550,550,550,550,0
2022-10-24 12:27:00,550,550,550,550,0
2022-10-24 12:28:00,550,550,550,550,0
2022-10-24 12:29:00,550,550,550,550,0
2022-10-24 12:30:00,550,550,550,550,0
2022-10-24 12:31:00,550,550,550,550,0
2022-10-24 12:32:00,550,550,550,550,0
2022-10-24 12:33:00,550,550,550,550,0
2022-10-24 12:34:00,550,550,550,550,0
2022-10-24 12:35:00,550,550,550,550,0
2022-10-24 12:36:00,550,550,550,550,0
2022-10-24 12:37:00,550,550,550,550,0
2022-10-24 12:38:00,550,550,550,550,0
2022-10-24 12:39:00,550,550,550,550,0
2022-10-24 12:40:00,550,550,550,550,0
2022-10-24 12:41:00,550,550,550,550,0
2022-10-24 12:42:00,550,550,550,550,0
2022-10-24 12:43:00,550,550,550,550,0
2022-10-24 12:44:00,550,550,550,550,0
2022-10-24 12:45:00,550,550,550,550,0
2022-10-24 12:46:00,550,550,550,550,0
2022-10-24 12:47:00,550,550,550,550,0
2022-10-24 12:48:00,550,550,550,550,0
2022-10-24 12:49:00,550,550,550,550,0
2022-10-24 12:50:00,550,550,550,550,0
2022-10-24 12:51:00,550,550,550,550,0
2022-10-24 12:52:00,550,550,550,550,0
2022-10-24 12:53:00,550,550,550,550,0
2022-10-24 12:54:00,550,550,550,550,0
2022-10-24 12:55:00,550,550,550,550,0
2022-10-24 12:56:00,550,550,550,550,0
2022-10-24 12:57:00,550,550,550,550,0
2022-10-24 12:58:00,550,550,550,550,0
2022-10-24 12:59:00,550,550,550,550,0
2022-10-24 13:00:00,550,550,550,550,0
2022-10-24 13:01:00,550,550,550,550,0
2022-10-24 13:02:00,550,550,550,550,0
2022-10-24 13:03:00,550,550,550,550,0
2022-10-24 13:04:00,550,550,550,550,0
2022-10-24 13:05:00,550,550,550,550,0
2022-10-24 13:06:00,550,550,550,550,0
2022-10-24 13:07:00,550,550,550,550,0
2022-10-24 13:08:00,550,550,550,550,0
2022-10-24 13:09:00,550,550,550,550,0
2022-10-24 13:10:00,550,550,550,550,0
2022-10-24 13:11:00,550,550,550,550,0
2022-10-24 13:12:00,550,550,550,550,0
2022-10-24 13:13:00,550,550,550,550,0
2022-10-24 13:14:00,550,550,550,550,0
2022-10-24 13:15:00,550,550,550,550,0
2022-10-24 13:16:00,550,550,550,550,0
2022-10-24 13:17:00,550,550,550,550,0
2022-10-24 13:18:00,550,550,550,550,0
2022-10-24 13:19:00,550,550,550,550,0
2022-10-24 13:20:00,550,550,550,550,0
2022-10-24 13:21:00,550,550,550,550,0
2022-10-24 13:22:00,550,550,550,550,0
2022-10-24 13:23:00,550,550,550,550,0
2022-10-24 13:24:00,550,550,550,550,0
2022-10-24 13:25:00,550,550,550,550,0
2022-10-24 13:26:00,550,550,550,550,0
2022-10-24 13:27:00,550,550,550,550,0
2022-10-24 13:28:00,550,550,550,550,0
2022-10-24 13:29:00,550,550,550,550,0
2022-10-24 13:30:00,550,550,550,550,0
2022-10-24 13:31:00,550,550,550,550,0
2022-10-24 13:32:00,550,550,550,550,300
2022-10-24 13:33:00,550,550,550,550,0
2022-10-24 13:34:00,550,550,550,550,0
2022-10-24 13:35:00,550,550,550,550,0
2022-10-24 13:36:00,550,550,550,550,0
2022-10-24 13:37:00,550,550,550,550,0
2022-10-24 13:38:00,550,550,550,550,0
2022-10-24 13:39:00,550,550,550,550,0
2022-10-24 13:40:00,550,550,550,550,0
2022-10-24 13:41:00,550,550,550,550,0
2022-10-24 13:42:00,550,550,550,550,0
2022-10-24 13:43:00,550,550,550,550,1000
2022-10-24 13:44:00,550,550,550,550,0
2022-10-24 13:45:00,550,550,550,550,0
2022-10-24 13:46:00,550,550,550,550,0
2022-10-24 13:47:00,550,550,550,550,0
2022-10-24 13:48:00,550,550,550,550,0
2022-10-24 13:49:00,550,550,550,550,0
2022-10-24 13:50:00,550,550,550,550,0
2022-10-24 13:51:00,550,550,550,550,0
2022-10-24 13:52:00,550,550,550,550,200
2022-10-24 13:53:00,550,550,550,550,0
2022-10-24 13:54:00,550,550,550,550,0
2022-10-24 13:55:00,550,550,550,550,0
2022-10-24 13:56:00,550,550,550,550,0
2022-10-24 13:57:00,550,550,550,550,400
2022-10-24 13:58:00,550,550,550,550,0
2022-10-24 13:59:00,545,545,545,545,12700
2022-10-24 14:00:00,545,545,550,550,7700
2022-10-24 14:01:00,545,545,550,550,0
2022-10-24 14:02:00,550,550,550,550,700
2022-10-24 14:03:00,550,550,550,550,0
2022-10-24 14:04:00,550,550,550,550,0
2022-10-24 14:05:00,550,550,550,550,0
2022-10-24 14:06:00,550,550,550,550,0
2022-10-24 14:07:00,550,550,550,550,0
2022-10-24 14:08:00,550,550,550,550,0
2022-10-24 14:09:00,550,550,550,550,0
2022-10-24 14:10:00,550,550,550,550,600
2022-10-24 14:11:00,550,550,550,550,0
2022-10-24 14:12:00,550,550,550,550,0
2022-10-24 14:13:00,550,550,550,550,0
2022-10-24 14:14:00,550,550,550,550,200
2022-10-24 14:15:00,550,550,550,550,0
2022-10-24 14:16:00,550,550,550,550,0
2022-10-24 14:17:00,550,550,550,550,0
2022-10-24 14:18:00,550,550,550,550,0
2022-10-24 14:19:00,550,550,550,550,500
2022-10-24 14:20:00,550,550,550,550,0
2022-10-24 14:21:00,550,550,550,550,0
2022-10-24 14:22:00,550,550,550,550,0
2022-10-24 14:23:00,550,550,550,550,0
2022-10-24 14:24:00,550,550,550,550,0
2022-10-24 14:25:00,550,550,550,550,0
2022-10-24 14:26:00,550,550,550,550,0
2022-10-24 14:27:00,550,550,550,550,0
2022-10-24 14:28:00,550,550,550,550,0
2022-10-24 14:29:00,550,550,550,550,600
2022-10-24 14:30:00,550,550,550,550,0
2022-10-24 14:31:00,550,550,550,550,0
2022-10-24 14:32:00,550,550,550,550,0
2022-10-24 14:33:00,550,550,550,550,0
2022-10-24 14:34:00,550,550,550,550,0
2022-10-24 14:35:00,550,550,550,550,0
2022-10-24 14:36:00,550,550,550,550,200
2022-10-24 14:37:00,550,550,550,550,0
2022-10-24 14:38:00,550,550,550,550,0
2022-10-24 14:39:00,550,550,550,550,0
2022-10-24 14:40:00,550,550,550,550,0
2022-10-24 14:41:00,550,550,550,550,0
2022-10-24 14:42:00,550,550,550,550,0
2022-10-24 14:43:00,550,550,550,550,0
2022-10-24 14:44:00,550,550,550,550,400
2022-10-24 14:45:00,550,550,550,550,0
2022-10-24 14:46:00,550,550,550,550,800
2022-10-24 14:47:00,550,550,550,550,100
2022-10-24 14:48:00,550,550,550,550,400
2022-10-24 14:49:00,550,550,550,550,1400
2022-10-24 14:50:00,550,550,550,550,0
2022-10-24 14:51:00,550,550,550,550,0
2022-10-24 14:52:00,550,550,550,550,0
2022-10-24 14:53:00,550,550,550,550,0
2022-10-24 14:54:00,550,550,550,550,0
2022-10-24 14:55:00,550,550,550,550,0
2022-10-24 14:56:00,550,550,550,550,0
2022-10-24 14:57:00,550,550,550,550,0
2022-10-24 14:58:00,550,550,550,550,0
2022-10-24 14:59:00,550,550,550,550,0
2022-10-24 15:00:00,550,550,550,550,137200
2022-10-24 15:01:00,550,550,550,550,0
2022-10-24 15:02:00,550,550,550,550,0
2022-10-24 15:03:00,550,550,550,550,0
2022-10-24 15:04:00,550,550,550,550,0
2022-10-24 15:05:00,550,550,550,550,0
2022-10-24 15:06:00,550,550,550,550,0
2022-10-24 15:07:00,550,550,550,550,0
2022-10-24 15:08:00,550,550,550,550,0
2022-10-24 15:09:00,550,550,550,550,0
2022-10-24 15:10:00,550,550,550,550,0
2022-10-24 15:11:00,550,550,550,550,0
2022-10-24 15:12:00,550,550,550,550,0
2022-10-24 15:13:00,550,550,550,550,0
2022-10-24 15:14:00,550,550,550,550,0
2022-10-24 15:15:00,550,550,550,550,0
2022-10-24 15:16:00,550,550,550,550,0
2022-10-24 15:17:00,550,550,550,550,0
2022-10-24 15:18:00,550,550,550,550,0
2022-10-24 15:19:00,550,550,550,550,0
2022-10-24 15:20:00,550,550,550,550,0
2022-10-24 15:21:00,550,550,550,550,0
2022-10-24 15:22:00,550,550,550,550,0
2022-10-24 15:23:00,550,550,550,550,0
2022-10-24 15:24:00,550,550,550,550,0
2022-10-24 15:25:00,550,550,550,550,0
2022-10-24 15:26:00,550,550,550,550,0
2022-10-24 15:27:00,550,550,550,550,0
2022-10-24 15:28:00,550,550,550,550,0
2022-10-24 15:29:00,550,550,550,550,0
2022-10-24 15:30:00,550,550,550,550,0
2022-10-24 15:31:00,550,550,550,550,0
2022-10-24 15:32:00,550,550,550,550,0
2022-10-24 15:33:00,550,550,550,550,0
2022-10-24 15:34:00,550,550,550,550,0
2022-10-24 15:35:00,550,550,550,550,0
2022-10-24 15:36:00,550,550,550,550,0
2022-10-24 15:37:00,550,550,550,550,0
2022-10-24 15:38:00,550,550,550,550,0
2022-10-24 15:39:00,550,550,550,550,0
2022-10-24 15:40:00,550,550,550,550,0
2022-10-24 15:41:00,550,550,550,550,0
2022-10-24 15:42:00,550,550,550,550,0
2022-10-24 15:43:00,550,550,550,550,0
2022-10-24 15:44:00,550,550,550,550,0
2022-10-24 15:45:00,550,550,550,550,0
2022-10-24 15:46:00,550,550,550,550,0
2022-10-24 15:47:00,550,550,550,550,0
2022-10-24 15:48:00,550,550,550,550,0
2022-10-24 15:49:00,550,550,550,550,0
2022-10-24 15:50:00,550,550,550,550,0
2022-10-24 15:51:00,550,550,550,550,0
2022-10-24 15:52:00,550,550,550,550,0
2022-10-24 15:53:00,550,550,550,550,0
2022-10-24 15:54:00,550,550,550,550,0
2022-10-24 15:55:00,550,550,550,550,0
2022-10-24 15:56:00,550,550,550,550,0
2022-10-24 15:57:00,550,550,550,550,0
2022-10-24 15:58:00,550,550,550,550,0
2022-10-24 15:59:00,550,550,550,550,0
2022-10-25 09:00:00,550,550,550,550,0
2022-10-25 09:01:00,550,550,550,550,0
2022-10-25 09:02:00,550,550,550,550,0
2022-10-25 09:03:00,550,550,550,550,0
2022-10-25 09:04:00,550,550,550,550,260900
2022-10-25 09:05:00,550,550,550,550,0
2022-10-25 09:06:00,550,550,550,550,0
2022-10-25 09:07:00,550,550,550,550,300
2022-10-25 09:08:00,550,550,550,550,0
2022-10-25 09:09:00,550,550,550,550,0
2022-10-25 09:10:00,550,550,550,550,100
2022-10-25 09:11:00,545,545,545,545,0
2022-10-25 09:12:00,550,550,550,550,900
2022-10-25 09:13:00,545,545,545,545,0
2022-10-25 09:14:00,550,550,550,550,700
2022-10-25 09:15:00,550,550,550,550,0
2022-10-25 09:16:00,545,545,550,550,100
2022-10-25 09:17:00,545,545,550,550,0
2022-10-25 09:18:00,545,545,550,550,0
2022-10-25 09:19:00,545,545,550,550,0
2022-10-25 09:20:00,545,545,550,550,0
2022-10-25 09:21:00,545,545,550,550,0
2022-10-25 09:22:00,545,545,550,550,0
2022-10-25 09:23:00,545,545,550,550,0
2022-10-25 09:24:00,545,545,550,550,0
2022-10-25 09:25:00,545,545,550,550,0
2022-10-25 09:26:00,545,545,545,545,100
2022-10-25 09:27:00,550,550,550,550,1000
2022-10-25 09:28:00,550,550,550,550,500
2022-10-25 09:29:00,550,550,550,550,0
2022-10-25 09:30:00,550,550,550,550,0
2022-10-25 09:31:00,545,545,545,545,9500
2022-10-25 09:32:00,550,550,550,550,0
2022-10-25 09:33:00,550,550,550,550,0
2022-10-25 09:34:00,550,550,550,550,0
2022-10-25 09:35:00,550,550,550,550,0
2022-10-25 09:36:00,550,550,550,550,0
2022-10-25 09:37:00,550,550,550,550,0
2022-10-25 09:38:00,550,550,550,550,0
2022-10-25 09:39:00,550,550,550,550,0
2022-10-25 09:40:00,550,550,550,550,600
2022-10-25 09:41:00,550,550,550,550,0
2022-10-25 09:42:00,550,550,550,550,0
2022-10-25 09:43:00,550,550,550,550,0
2022-10-25 09:44:00,550,550,550,550,0
2022-10-25 09:45:00,550,550,550,550,0
2022-10-25 09:46:00,550,550,550,550,0
2022-10-25 09:47:00,550,550,550,550,0
2022-10-25 09:48:00,545,545,550,550,800
2022-10-25 09:49:00,545,545,550,545,800
2022-10-25 09:50:00,550,545,550,550,500
2022-10-25 09:51:00,550,545,550,550,0
2022-10-25 09:52:00,550,545,550,550,0
2022-10-25 09:53:00,550,545,550,550,0
2022-10-25 09:54:00,550,545,550,550,0
2022-10-25 09:55:00,550,545,550,550,0
2022-10-25 09:56:00,550,545,550,550,0
2022-10-25 09:57:00,545,545,550,550,900
2022-10-25 09:58:00,545,545,550,550,400
2022-10-25 09:59:00,545,545,550,550,900
2022-10-25 10:00:00,545,545,550,550,0
2022-10-25 10:01:00,550,550,550,550,3700
2022-10-25 10:02:00,550,550,550,550,0
2022-10-25 10:03:00,550,550,550,550,0
2022-10-25 10:04:00,550,550,550,550,0
2022-10-25 10:05:00,550,550,550,550,0
2022-10-25 10:06:00,545,545,550,550,0
2022-10-25 10:07:00,545,545,550,550,0
2022-10-25 10:08:00,545,545,545,545,0
2022-10-25 10:09:00,550,550,550,550,500
2022-10-25 10:10:00,550,550,550,550,0
2022-10-25 10:11:00,550,550,550,550,0
2022-10-25 10:12:00,550,550,550,550,0
2022-10-25 10:13:00,550,550,550,550,0
2022-10-25 10:14:00,550,550,550,550,0
2022-10-25 10:15:00,550,550,550,550,0
2022-10-25 10:16:00,550,550,550,550,0
2022-10-25 10:17:00,550,550,550,550,0
2022-10-25 10:18:00,550,550,550,550,1700
2022-10-25 10:19:00,550,550,550,550,0
2022-10-25 10:20:00,550,550,550,550,0
2022-10-25 10:21:00,550,550,550,550,0
2022-10-25 10:22:00,550,550,550,550,0
2022-10-25 10:23:00,550,550,550,550,0
2022-10-25 10:24:00,550,550,550,550,0
2022-10-25 10:25:00,550,550,550,550,0
2022-10-25 10:26:00,545,545,545,545,1000
2022-10-25 10:27:00,550,550,550,550,100
2022-10-25 10:28:00,550,550,550,550,0
2022-10-25 10:29:00,550,550,550,550,0
2022-10-25 10:30:00,550,550,550,550,0
2022-10-25 10:31:00,550,550,550,550,0
2022-10-25 10:32:00,550,550,550,550,0
2022-10-25 10:33:00,550,550,550,550,0
2022-10-25 10:34:00,550,550,550,550,0
2022-10-25 10:35:00,550,550,550,550,0
2022-10-25 10:36:00,550,550,550,550,0
2022-10-25 10:37:00,550,550,550,550,0
2022-10-25 10:38:00,550,550,550,550,0
2022-10-25 10:39:00,550,550,550,550,0
2022-10-25 10:40:00,550,550,550,550,0
2022-10-25 10:41:00,550,550,550,550,0
2022-10-25 10:42:00,550,550,550,550,0
2022-10-25 10:43:00,550,550,550,550,0
2022-10-25 10:44:00,550,550,550,550,0
2022-10-25 10:45:00,550,550,550,550,0
2022-10-25 10:46:00,550,550,550,550,0
2022-10-25 10:47:00,550,550,550,550,0
2022-10-25 10:48:00,550,550,550,550,0
2022-10-25 10:49:00,550,550,550,550,0
2022-10-25 10:50:00,550,550,550,550,0
2022-10-25 10:51:00,550,550,550,550,0
2022-10-25 10:52:00,550,550,550,550,0
2022-10-25 10:53:00,550,550,550,550,0
2022-10-25 10:54:00,550,550,550,550,0
2022-10-25 10:55:00,550,550,550,550,0
2022-10-25 10:56:00,550,550,550,550,0
2022-10-25 10:57:00,550,550,550,550,0
2022-10-25 10:58:00,550,550,550,550,0
2022-10-25 10:59:00,550,550,550,550,0
2022-10-25 11:00:00,550,550,550,550,0
2022-10-25 11:01:00,550,550,550,550,1000
2022-10-25 11:02:00,550,550,550,550,0
2022-10-25 11:03:00,550,550,550,550,0
2022-10-25 11:04:00,550,550,550,550,0
2022-10-25 11:05:00,550,550,550,550,0
2022-10-25 11:06:00,550,550,550,550,0
2022-10-25 11:07:00,550,550,550,550,0
2022-10-25 11:08:00,550,550,550,550,0
2022-10-25 11:09:00,545,545,545,545,17600
2022-10-25 11:10:00,545,545,550,550,2500
2022-10-25 11:11:00,550,550,550,550,300
2022-10-25 11:12:00,550,550,550,550,0
2022-10-25 11:13:00,550,550,550,550,0
2022-10-25 11:14:00,550,550,550,550,0
2022-10-25 11:15:00,550,550,550,550,0
2022-10-25 11:16:00,550,550,550,550,0
2022-10-25 11:17:00,550,550,550,550,0
2022-10-25 11:18:00,550,550,550,550,0
2022-10-25 11:19:00,550,550,550,550,0
2022-10-25 11:20:00,550,550,550,550,0
2022-10-25 11:21:00,550,550,550,550,4100
2022-10-25 11:22:00,550,550,550,550,0
2022-10-25 11:23:00,550,550,550,550,0
2022-10-25 11:24:00,550,550,550,550,0
2022-10-25 11:25:00,550,550,550,550,600
2022-10-25 11:26:00,550,550,550,550,0
2022-10-25 11:27:00,550,550,550,550,0
2022-10-25 11:28:00,550,550,550,550,0
2022-10-25 11:29:00,550,550,550,550,200
2022-10-25 11:30:00,550,550,550,550,0
2022-10-25 11:31:00,550,550,550,550,0
2022-10-25 11:32:00,550,550,550,550,0
2022-10-25 11:33:00,550,550,550,550,0
2022-10-25 11:34:00,550,550,550,550,0
2022-10-25 11:35:00,550,550,550,550,0
2022-10-25 11:36:00,550,550,550,550,0
2022-10-25 11:37:00,550,550,550,550,0
2022-10-25 11:38:00,550,550,550,550,0
2022-10-25 11:39:00,550,550,550,550,0
2022-10-25 11:40:00,550,550,550,550,0
2022-10-25 11:41:00,550,550,550,550,0
2022-10-25 11:42:00,550,550,550,550,0
2022-10-25 11:43:00,550,550,550,550,0
2022-10-25 11:44:00,550,550,550,550,0
2022-10-25 11:45:00,550,550,550,550,0
2022-10-25 11:46:00,550,550,550,550,0
2022-10-25 11:47:00,550,550,550,550,0
2022-10-25 11:48:00,550,550,550,550,0
2022-10-25 11:49:00,550,550,550,550,0
2022-10-25 11:50:00,550,550,550,550,0
2022-10-25 11:51:00,550,550,550,550,0
2022-10-25 11:52:00,550,550,550,550,0
2022-10-25 11:53:00,550,550,550,550,0
2022-10-25 11:54:00,550,550,550,550,0
2022-10-25 11:55:00,550,550,550,550,0
2022-10-25 11:56:00,550,550,550,550,0
2022-10-25 11:57:00,550,550,550,550,0
2022-10-25 11:58:00,550,550,550,550,0
2022-10-25 11:59:00,550,550,550,550,0
2022-10-25 12:00:00,550,550,550,550,0
2022-10-25 12:01:00,550,550,550,550,0
2022-10-25 12:02:00,550,550,550,550,0
2022-10-25 12:03:00,550,550,550,550,0
2022-10-25 12:04:00,550,550,550,550,0
2022-10-25 12:05:00,550,550,550,550,0
2022-10-25 12:06:00,550,550,550,550,0
2022-10-25 12:07:00,550,550,550,550,0
2022-10-25 12:08:00,550,550,550,550,0
2022-10-25 12:09:00,550,550,550,550,0
2022-10-25 12:10:00,550,550,550,550,0
2022-10-25 12:11:00,550,550,550,550,0
2022-10-25 12:12:00,550,550,550,550,0
2022-10-25 12:13:00,550,550,550,550,0
2022-10-25 12:14:00,550,550,550,550,0
2022-10-25 12:15:00,550,550,550,550,0
2022-10-25 12:16:00,550,550,550,550,0
2022-10-25 12:17:00,550,550,550,550,0
2022-10-25 12:18:00,550,550,550,550,0
2022-10-25 12:19:00,550,550,550,550,0
2022-10-25 12:20:00,550,550,550,550,0
2022-10-25 12:21:00,550,550,550,550,0
2022-10-25 12:22:00,550,550,550,550,0
2022-10-25 12:23:00,550,550,550,550,0
2022-10-25 12:24:00,550,550,550,550,0
2022-10-25 12:25:00,550,550,550,550,0
2022-10-25 12:26:00,550,550,550,550,0
2022-10-25 12:27:00,550,550,550,550,0
2022-10-25 12:28:00,550,550,550,550,0
2022-10-25 12:29:00,550,550,550,550,0
2022-10-25 12:30:00,550,550,550,550,0
2022-10-25 12:31:00,550,550,550,550,0
2022-10-25 12:32:00,550,550,550,550,0
2022-10-25 12:33:00,550,550,550,550,0
2022-10-25 12:34:00,550,550,550,550,0
2022-10-25 12:35:00,550,550,550,550,0
2022-10-25 12:36:00,550,550,550,550,0
2022-10-25 12:37:00,550,550,550,550,0
2022-10-25 12:38:00,550,550,550,550,0
2022-10-25 12:39:00,550,550,550,550,0
2022-10-25 12:40:00,550,550,550,550,0
2022-10-25 12:41:00,550,550,550,550,0
2022-10-25 12:42:00,550,550,550,550,0
2022-10-25 12:43:00,550,550,550,550,0
2022-10-25 12:44:00,550,550,550,550,0
2022-10-25 12:45:00,550,550,550,550,0
2022-10-25 12:46:00,550,550,550,550,0
2022-10-25 12:47:00,550,550,550,550,0
2022-10-25 12:48:00,550,550,550,550,0
2022-10-25 12:49:00,550,550,550,550,0
2022-10-25 12:50:00,550,550,550,550,0
2022-10-25 12:51:00,550,550,550,550,0
2022-10-25 12:52:00,550,550,550,550,0
2022-10-25 12:53:00,550,550,550,550,0
2022-10-25 12:54:00,550,550,550,550,0
2022-10-25 12:55:00,550,550,550,550,0
2022-10-25 12:56:00,550,550,550,550,0
2022-10-25 12:57:00,550,550,550,550,0
2022-10-25 12:58:00,550,550,550,550,0
2022-10-25 12:59:00,550,550,550,550,0
2022-10-25 13:00:00,550,550,550,550,0
2022-10-25 13:01:00,550,550,550,550,0
2022-10-25 13:02:00,550,550,550,550,0
2022-10-25 13:03:00,550,550,550,550,0
2022-10-25 13:04:00,550,550,550,550,0
2022-10-25 13:05:00,550,550,550,550,0
2022-10-25 13:06:00,550,550,550,550,0
2022-10-25 13:07:00,550,550,550,550,0
2022-10-25 13:08:00,550,550,550,550,0
2022-10-25 13:09:00,550,550,550,550,0
2022-10-25 13:10:00,550,550,550,550,0
2022-10-25 13:11:00,550,550,550,550,0
2022-10-25 13:12:00,550,550,550,550,0
2022-10-25 13:13:00,550,550,550,550,0
2022-10-25 13:14:00,550,550,550,550,0
2022-10-25 13:15:00,550,550,550,550,0
2022-10-25 13:16:00,550,550,550,550,0
2022-10-25 13:17:00,550,550,550,550,0
2022-10-25 13:18:00,550,550,550,550,0
2022-10-25 13:19:00,550,550,550,550,0
2022-10-25 13:20:00,550,550,550,550,0
2022-10-25 13:21:00,550,550,550,550,0
2022-10-25 13:22:00,550,550,550,550,0
2022-10-25 13:23:00,550,550,550,550,0
2022-10-25 13:24:00,550,550,550,550,0
2022-10-25 13:25:00,550,550,550,550,0
2022-10-25 13:26:00,550,550,550,550,0
2022-10-25 13:27:00,550,550,550,550,0
2022-10-25 13:28:00,550,550,550,550,0
2022-10-25 13:29:00,550,550,550,550,0
2022-10-25 13:30:00,550,550,550,550,0
2022-10-25 13:31:00,550,550,550,550,800
2022-10-25 13:32:00,550,550,550,550,0
2022-10-25 13:33:00,550,550,550,550,0
2022-10-25 13:34:00,545,545,545,545,1700
2022-10-25 13:35:00,545,545,545,545,0
2022-10-25 13:36:00,545,545,545,545,0
2022-10-25 13:37:00,545,545,545,545,0
2022-10-25 13:38:00,545,545,545,545,600
2022-10-25 13:39:00,545,545,545,545,0
2022-10-25 13:40:00,545,545,545,545,0
2022-10-25 13:41:00,545,545,545,545,1100
2022-10-25 13:42:00,545,545,545,545,0
2022-10-25 13:43:00,545,545,545,545,0
2022-10-25 13:44:00,545,545,545,545,0
2022-10-25 13:45:00,545,545,545,545,0
2022-10-25 13:46:00,545,545,545,545,0
2022-10-25 13:47:00,540,540,550,550,92700
2022-10-25 13:48:00,540,540,550,550,0
2022-10-25 13:49:00,550,550,550,550,1200
2022-10-25 13:50:00,550,550,550,550,0
2022-10-25 13:51:00,550,550,550,550,0
2022-10-25 13:52:00,550,550,550,550,0
2022-10-25 13:53:00,550,550,550,550,0
2022-10-25 13:54:00,550,550,550,550,0
2022-10-25 13:55:00,550,550,550,550,20000
2022-10-25 13:56:00,550,550,550,550,0
2022-10-25 13:57:00,550,550,550,550,0
2022-10-25 13:58:00,550,550,550,550,0
2022-10-25 13:59:00,550,550,550,550,0
2022-10-25 14:00:00,550,550,550,550,0
2022-10-25 14:01:00,550,550,550,550,0
2022-10-25 14:02:00,550,550,550,550,0
2022-10-25 14:03:00,550,550,550,550,0
2022-10-25 14:04:00,545,545,550,550,0
2022-10-25 14:05:00,545,545,550,550,0
2022-10-25 14:06:00,545,545,550,550,0
2022-10-25 14:07:00,545,545,550,550,0
2022-10-25 14:08:00,545,545,550,550,0
2022-10-25 14:09:00,550,550,550,550,2400
2022-10-25 14:10:00,550,550,550,550,0
2022-10-25 14:11:00,550,550,550,550,0
2022-10-25 14:12:00,545,545,550,550,0
2022-10-25 14:13:00,545,545,550,550,400
2022-10-25 14:14:00,545,545,550,550,0
2022-10-25 14:15:00,545,545,550,550,0
2022-10-25 14:16:00,545,545,550,550,0
2022-10-25 14:17:00,545,545,550,550,0
2022-10-25 14:18:00,545,545,550,550,0
2022-10-25 14:19:00,545,545,550,550,100
2022-10-25 14:20:00,545,545,550,550,0
2022-10-25 14:21:00,545,545,550,550,0
2022-10-25 14:22:00,545,545,550,550,0
2022-10-25 14:23:00,545,545,550,550,0
2022-10-25 14:24:00,545,545,550,550,0
2022-10-25 14:25:00,545,545,550,550,0
2022-10-25 14:26:00,545,545,550,550,0
2022-10-25 14:27:00,545,545,550,550,0
2022-10-25 14:28:00,545,545,550,550,0
2022-10-25 14:29:00,545,545,550,550,0
2022-10-25 14:30:00,545,545,550,550,0
2022-10-25 14:31:00,545,545,545,545,38700
2022-10-25 14:32:00,550,550,550,550,0
2022-10-25 14:33:00,550,550,550,550,0
2022-10-25 14:34:00,550,550,550,550,0
2022-10-25 14:35:00,550,550,550,550,0
2022-10-25 14:36:00,550,550,550,550,0
2022-10-25 14:37:00,550,550,550,550,0
2022-10-25 14:38:00,550,550,550,550,0
2022-10-25 14:39:00,545,545,545,545,1500
2022-10-25 14:40:00,545,545,545,545,0
2022-10-25 14:41:00,545,545,545,545,0
2022-10-25 14:42:00,545,545,545,545,1900
2022-10-25 14:43:00,545,545,545,545,3500
2022-10-25 14:44:00,545,545,545,545,8000
2022-10-25 14:45:00,545,545,545,545,0
2022-10-25 14:46:00,545,545,545,545,2500
2022-10-25 14:47:00,545,545,545,545,1800
2022-10-25 14:48:00,545,545,545,545,8700
2022-10-25 14:49:00,545,545,550,550,5900
2022-10-25 14:50:00,545,545,550,550,0
2022-10-25 14:51:00,545,545,550,550,0
2022-10-25 14:52:00,545,545,550,550,0
2022-10-25 14:53:00,545,545,550,550,0
2022-10-25 14:54:00,545,545,550,550,0
2022-10-25 14:55:00,545,545,550,550,0
2022-10-25 14:56:00,545,545,550,550,0
2022-10-25 14:57:00,545,545,550,550,0
2022-10-25 14:58:00,545,545,550,550,0
2022-10-25 14:59:00,545,545,550,550,0
2022-10-25 15:00:00,550,550,550,550,540500
2022-10-25 15:01:00,550,550,550,550,0
2022-10-25 15:02:00,550,550,550,550,0
2022-10-25 15:03:00,550,550,550,550,0
2022-10-25 15:04:00,550,550,550,550,0
2022-10-25 15:05:00,550,550,550,550,0
2022-10-25 15:06:00,550,550,550,550,0
2022-10-25 15:07:00,550,550,550,550,0
2022-10-25 15:08:00,550,550,550,550,0
2022-10-25 15:09:00,550,550,550,550,0
2022-10-25 15:10:00,550,550,550,550,0
2022-10-25 15:11:00,550,550,550,550,0
2022-10-25 15:12:00,550,550,550,550,0
2022-10-25 15:13:00,550,550,550,550,0
2022-10-25 15:14:00,550,550,550,550,0
2022-10-25 15:15:00,550,550,550,550,0
2022-10-25 15:16:00,550,550,550,550,0
2022-10-25 15:17:00,550,550,550,550,0
2022-10-25 15:18:00,550,550,550,550,0
2022-10-25 15:19:00,550,550,550,550,0
2022-10-25 15:20:00,550,550,550,550,0
2022-10-25 15:21:00,550,550,550,550,0
2022-10-25 15:22:00,550,550,550,550,0
2022-10-25 15:23:00,550,550,550,550,0
2022-10-25 15:24:00,550,550,550,550,0
2022-10-25 15:25:00,550,550,550,550,0
2022-10-25 15:26:00,550,550,550,550,0
2022-10-25 15:27:00,550,550,550,550,0
2022-10-25 15:28:00,550,550,550,550,0
2022-10-25 15:29:00,550,550,550,550,0
2022-10-25 15:30:00,550,550,550,550,0
2022-10-25 15:31:00,550,550,550,550,0
2022-10-25 15:32:00,550,550,550,550,0
2022-10-25 15:33:00,550,550,550,550,0
2022-10-25 15:34:00,550,550,550,550,0
2022-10-25 15:35:00,550,550,550,550,0
2022-10-25 15:36:00,550,550,550,550,0
2022-10-25 15:37:00,550,550,550,550,0
2022-10-25 15:38:00,550,550,550,550,0
2022-10-25 15:39:00,550,550,550,550,0
2022-10-25 15:40:00,550,550,550,550,0
2022-10-25 15:41:00,550,550,550,550,0
2022-10-25 15:42:00,550,550,550,550,0
2022-10-25 15:43:00,550,550,550,550,0
2022-10-25 15:44:00,550,550,550,550,0
2022-10-25 15:45:00,550,550,550,550,0
2022-10-25 15:46:00,550,550,550,550,0
2022-10-25 15:47:00,550,550,550,550,0
2022-10-25 15:48:00,550,550,550,550,0
2022-10-25 15:49:00,550,550,550,550,0
2022-10-25 15:50:00,550,550,550,550,0
2022-10-25 15:51:00,550,550,550,550,0
2022-10-25 15:52:00,550,550,550,550,0
2022-10-25 15:53:00,550,550,550,550,0
2022-10-25 15:54:00,550,550,550,550,0
2022-10-25 15:55:00,550,550,550,550,0
2022-10-25 15:56:00,550,550,550,550,0
2022-10-25 15:57:00,550,550,550,550,0
2022-10-25 15:58:00,550,550,550,550,0
2022-10-25 15:59:00,550,550,550,550,0
2022-10-26 09:00:00,550,550,550,550,0
2022-10-26 09:01:00,550,550,550,550,0
2022-10-26 09:02:00,550,550,550,550,0
2022-10-26 09:03:00,550,550,550,550,0
2022-10-26 09:04:00,550,550,550,550,0
2022-10-26 09:05:00,550,550,550,550,0
2022-10-26 09:06:00,550,550,550,550,0
2022-10-26 09:07:00,550,550,550,550,0
2022-10-26 09:08:00,550,550,550,550,0
2022-10-26 09:09:00,550,550,550,550,0
2022-10-26 09:10:00,550,550,550,550,0
2022-10-26 09:11:00,550,550,550,550,0
2022-10-26 09:12:00,550,550,550,550,0
2022-10-26 09:13:00,550,550,550,550,0
2022-10-26 09:14:00,550,550,550,550,0
2022-10-26 09:15:00,550,550,550,550,0
2022-10-26 09:16:00,545,545,545,545,600
2022-10-26 09:17:00,550,545,550,545,600
2022-10-26 09:18:00,550,550,550,550,100
2022-10-26 09:19:00,550,550,550,550,0
2022-10-26 09:20:00,545,545,550,550,400
2022-10-26 09:21:00,545,545,545,545,10200
2022-10-26 09:22:00,550,550,550,550,200
2022-10-26 09:23:00,550,550,550,550,0
2022-10-26 09:24:00,550,550,550,550,0
2022-10-26 09:25:00,550,550,550,550,0
2022-10-26 09:26:00,545,545,545,545,2400
2022-10-26 09:27:00,545,545,550,550,700
2022-10-26 09:28:00,550,550,550,550,100
2022-10-26 09:29:00,550,550,550,550,0
2022-10-26 09:30:00,550,550,550,550,0
2022-10-26 09:31:00,550,550,550,550,0
2022-10-26 09:32:00,550,550,550,550,1600
2022-10-26 09:33:00,550,550,550,550,0
2022-10-26 09:34:00,550,550,550,550,0
2022-10-26 09:35:00,550,550,550,550,0
2022-10-26 09:36:00,550,550,550,550,0
2022-10-26 09:37:00,550,550,550,550,0
2022-10-26 09:38:00,550,550,550,550,0
2022-10-26 09:39:00,550,550,550,550,0
2022-10-26 09:40:00,550,550,550,550,0
2022-10-26 09:41:00,550,550,550,550,0
2022-10-26 09:42:00,550,550,550,550,0
2022-10-26 09:43:00,550,550,550,550,0
2022-10-26 09:44:00,545,540,545,540,92400
2022-10-26 09:45:00,545,545,545,545,0
2022-10-26 09:46:00,545,545,545,545,1700
2022-10-26 09:47:00,545,545,545,545,0
2022-10-26 09:48:00,545,545,545,545,0
2022-10-26 09:49:00,545,545,545,545,0
2022-10-26 09:50:00,545,545,545,545,0
2022-10-26 09:51:00,545,545,545,545,0
2022-10-26 09:52:00,545,545,545,545,0
2022-10-26 09:53:00,545,545,545,545,0
2022-10-26 09:54:00,545,545,545,545,0
2022-10-26 09:55:00,545,545,550,550,28500
2022-10-26 09:56:00,545,545,550,550,0
2022-10-26 09:57:00,550,550,550,550,200000
2022-10-26 09:58:00,550,550,550,550,0
2022-10-26 09:59:00,550,550,550,550,0
2022-10-26 10:00:00,550,550,550,550,0
2022-10-26 10:01:00,550,550,550,550,0
2022-10-26 10:02:00,550,550,550,550,0
2022-10-26 10:03:00,550,550,550,550,0
2022-10-26 10:04:00,550,550,550,550,0
2022-10-26 10:05:00,550,550,550,550,0
2022-10-26 10:06:00,550,550,550,550,0
2022-10-26 10:07:00,550,550,550,550,0
2022-10-26 10:08:00,550,550,550,550,0
2022-10-26 10:09:00,545,545,550,550,0
2022-10-26 10:10:00,545,545,545,545,4000
2022-10-26 10:11:00,550,545,550,550,0
2022-10-26 10:12:00,545,545,545,545,34500
2022-10-26 10:13:00,550,550,550,550,0
2022-10-26 10:14:00,550,550,550,550,0
2022-10-26 10:15:00,550,550,550,550,0
2022-10-26 10:16:00,550,550,550,550,0
2022-10-26 10:17:00,550,550,550,550,0
2022-10-26 10:18:00,550,550,550,550,0
2022-10-26 10:19:00,550,550,550,550,0
2022-10-26 10:20:00,550,550,550,550,0
2022-10-26 10:21:00,545,545,545,545,12200
2022-10-26 10:22:00,550,550,550,550,0
2022-10-26 10:23:00,550,550,550,550,0
2022-10-26 10:24:00,550,550,550,550,0
2022-10-26 10:25:00,550,550,550,550,0
2022-10-26 10:26:00,550,550,550,550,0
2022-10-26 10:27:00,550,550,550,550,0
2022-10-26 10:28:00,550,550,550,550,0
2022-10-26 10:29:00,550,550,550,550,0
2022-10-26 10:30:00,550,550,550,550,600
2022-10-26 10:31:00,550,550,550,550,0
2022-10-26 10:32:00,550,550,550,550,300
2022-10-26 10:33:00,550,550,550,550,0
2022-10-26 10:34:00,550,550,550,550,0
2022-10-26 10:35:00,545,545,545,545,19700
2022-10-26 10:36:00,550,550,550,550,0
2022-10-26 10:37:00,550,550,550,550,0
2022-10-26 10:38:00,550,550,550,550,0
2022-10-26 10:39:00,550,550,550,550,0
2022-10-26 10:40:00,550,550,550,550,0
2022-10-26 10:41:00,550,550,550,550,0
2022-10-26 10:42:00,550,550,550,550,0
2022-10-26 10:43:00,550,550,550,550,0
2022-10-26 10:44:00,550,550,550,550,300
2022-10-26 10:45:00,550,550,550,550,0
2022-10-26 10:46:00,550,550,550,550,0
2022-10-26 10:47:00,550,550,550,550,0
2022-10-26 10:48:00,550,550,550,550,0
2022-10-26 10:49:00,550,550,550,550,0
2022-10-26 10:50:00,550,550,550,550,0
2022-10-26 10:51:00,550,550,550,550,0
2022-10-26 10:52:00,550,550,550,550,0
2022-10-26 10:53:00,550,550,550,550,0
2022-10-26 10:54:00,550,550,550,550,200
2022-10-26 10:55:00,550,550,550,550,0
2022-10-26 10:56:00,550,550,550,550,0
2022-10-26 10:57:00,550,550,550,550,0
2022-10-26 10:58:00,550,550,550,550,0
2022-10-26 10:59:00,550,550,550,550,0
2022-10-26 11:00:00,550,550,550,550,0
2022-10-26 11:01:00,550,550,550,550,0
2022-10-26 11:02:00,550,550,550,550,0
2022-10-26 11:03:00,550,550,550,550,0
2022-10-26 11:04:00,550,550,550,550,0
2022-10-26 11:05:00,550,550,550,550,0
2022-10-26 11:06:00,550,550,550,550,0
2022-10-26 11:07:00,550,550,550,550,0
2022-10-26 11:08:00,550,550,550,550,0
2022-10-26 11:09:00,550,550,550,550,0
2022-10-26 11:10:00,550,550,550,550,0
2022-10-26 11:11:00,550,550,550,550,0
2022-10-26 11:12:00,550,550,550,550,0
2022-10-26 11:13:00,550,550,550,550,0
2022-10-26 11:14:00,550,550,550,550,0
2022-10-26 11:15:00,550,550,550,550,0
2022-10-26 11:16:00,545,545,550,550,400
2022-10-26 11:17:00,545,545,550,550,0
2022-10-26 11:18:00,545,545,550,550,0
2022-10-26 11:19:00,545,545,550,550,0
2022-10-26 11:20:00,545,545,550,550,0
2022-10-26 11:21:00,545,545,550,550,0
2022-10-26 11:22:00,545,545,550,550,0
2022-10-26 11:23:00,545,545,550,550,0
2022-10-26 11:24:00,545,545,550,550,0
2022-10-26 11:25:00,545,545,550,550,0
2022-10-26 11:26:00,550,550,550,550,800
2022-10-26 11:27:00,550,550,550,550,0
2022-10-26 11:28:00,550,550,550,550,300
2022-10-26 11:29:00,550,550,550,550,300
2022-10-26 11:30:00,550,550,550,550,0
2022-10-26 11:31:00,550,550,550,550,0
2022-10-26 11:32:00,550,550,550,550,0
2022-10-26 11:33:00,550,550,550,550,0
2022-10-26 11:34:00,550,550,550,550,0
2022-10-26 11:35:00,550,550,550,550,0
2022-10-26 11:36:00,550,550,550,550,0
2022-10-26 11:37:00,550,550,550,550,0
2022-10-26 11:38:00,550,550,550,550,0
2022-10-26 11:39:00,550,550,550,550,0
2022-10-26 11:40:00,550,550,550,550,0
2022-10-26 11:41:00,550,550,550,550,0
2022-10-26 11:42:00,550,550,550,550,0
2022-10-26 11:43:00,550,550,550,550,0
2022-10-26 11:44:00,550,550,550,550,0
2022-10-26 11:45:00,550,550,550,550,0
2022-10-26 11:46:00,550,550,550,550,0
2022-10-26 11:47:00,550,550,550,550,0
2022-10-26 11:48:00,550,550,550,550,0
2022-10-26 11:49:00,550,550,550,550,0
2022-10-26 11:50:00,550,550,550,550,0
2022-10-26 11:51:00,550,550,550,550,0
2022-10-26 11:52:00,550,550,550,550,0
2022-10-26 11:53:00,550,550,550,550,0
2022-10-26 11:54:00,550,550,550,550,0
2022-10-26 11:55:00,550,550,550,550,0
2022-10-26 11:56:00,550,550,550,550,0
2022-10-26 11:57:00,550,550,550,550,0
2022-10-26 11:58:00,550,550,550,550,0
2022-10-26 11:59:00,550,550,550,550,0
2022-10-26 12:00:00,550,550,550,550,0
2022-10-26 12:01:00,550,550,550,550,0
2022-10-26 12:02:00,550,550,550,550,0
2022-10-26 12:03:00,550,550,550,550,0
2022-10-26 12:04:00,550,550,550,550,0
2022-10-26 12:05:00,550,550,550,550,0
2022-10-26 12:06:00,550,550,550,550,0
2022-10-26 12:07:00,550,550,550,550,0
2022-10-26 12:08:00,550,550,550,550,0
2022-10-26 12:09:00,550,550,550,550,0
2022-10-26 12:10:00,550,550,550,550,0
2022-10-26 12:11:00,550,550,550,550,0
2022-10-26 12:12:00,550,550,550,550,0
2022-10-26 12:13:00,550,550,550,550,0
2022-10-26 12:14:00,550,550,550,550,0
2022-10-26 12:15:00,550,550,550,550,0
2022-10-26 12:16:00,550,550,550,550,0
2022-10-26 12:17:00,550,550,550,550,0
2022-10-26 12:18:00,550,550,550,550,0
2022-10-26 12:19:00,550,550,550,550,0
2022-10-26 12:20:00,550,550,550,550,0
2022-10-26 12:21:00,550,550,550,550,0
2022-10-26 12:22:00,550,550,550,550,0
2022-10-26 12:23:00,550,550,550,550,0
2022-10-26 12:24:00,550,550,550,550,0
2022-10-26 12:25:00,550,550,550,550,0
2022-10-26 12:26:00,550,550,550,550,0
2022-10-26 12:27:00,550,550,550,550,0
2022-10-26 12:28:00,550,550,550,550,0
2022-10-26 12:29:00,550,550,550,550,0
2022-10-26 12:30:00,550,550,550,550,0
2022-10-26 12:31:00,550,550,550,550,0
2022-10-26 12:32:00,550,550,550,550,0
2022-10-26 12:33:00,550,550,550,550,0
2022-10-26 12:34:00,550,550,550,550,0
2022-10-26 12:35:00,550,550,550,550,0
2022-10-26 12:36:00,550,550,550,550,0
2022-10-26 12:37:00,550,550,550,550,0
2022-10-26 12:38:00,550,550,550,550,0
2022-10-26 12:39:00,550,550,550,550,0
2022-10-26 12:40:00,550,550,550,550,0
2022-10-26 12:41:00,550,550,550,550,0
2022-10-26 12:42:00,550,550,550,550,0
2022-10-26 12:43:00,550,550,550,550,0
2022-10-26 12:44:00,550,550,550,550,0
2022-10-26 12:45:00,550,550,550,550,0
2022-10-26 12:46:00,550,550,550,550,0
2022-10-26 12:47:00,550,550,550,550,0
2022-10-26 12:48:00,550,550,550,550,0
2022-10-26 12:49:00,550,550,550,550,0
2022-10-26 12:50:00,550,550,550,550,0
2022-10-26 12:51:00,550,550,550,550,0
2022-10-26 12:52:00,550,550,550,550,0
2022-10-26 12:53:00,550,550,550,550,0
2022-10-26 12:54:00,550,550,550,550,0
2022-10-26 12:55:00,550,550,550,550,0
2022-10-26 12:56:00,550,550,550,550,0
2022-10-26 12:57:00,550,550,550,550,0
2022-10-26 12:58:00,550,550,550,550,0
2022-10-26 12:59:00,550,550,550,550,0
2022-10-26 13:00:00,550,550,550,550,0
2022-10-26 13:01:00,550,550,550,550,0
2022-10-26 13:02:00,550,550,550,550,0
2022-10-26 13:03:00,550,550,550,550,0
2022-10-26 13:04:00,550,550,550,550,0
2022-10-26 13:05:00,550,550,550,550,0
2022-10-26 13:06:00,550,550,550,550,0
2022-10-26 13:07:00,550,550,550,550,0
2022-10-26 13:08:00,550,550,550,550,0
2022-10-26 13:09:00,550,550,550,550,0
2022-10-26 13:10:00,550,550,550,550,0
2022-10-26 13:11:00,550,550,550,550,0
2022-10-26 13:12:00,550,550,550,550,0
2022-10-26 13:13:00,550,550,550,550,0
2022-10-26 13:14:00,550,550,550,550,0
2022-10-26 13:15:00,550,550,550,550,0
2022-10-26 13:16:00,550,550,550,550,0
2022-10-26 13:17:00,550,550,550,550,0
2022-10-26 13:18:00,550,550,550,550,0
2022-10-26 13:19:00,550,550,550,550,0
2022-10-26 13:20:00,550,550,550,550,0
2022-10-26 13:21:00,550,550,550,550,0
2022-10-26 13:22:00,550,550,550,550,0
2022-10-26 13:23:00,550,550,550,550,0
2022-10-26 13:24:00,550,550,550,550,0
2022-10-26 13:25:00,550,550,550,550,0
2022-10-26 13:26:00,550,550,550,550,0
2022-10-26 13:27:00,550,550,550,550,0
2022-10-26 13:28:00,550,550,550,550,0
2022-10-26 13:29:00,550,550,550,550,0
2022-10-26 13:30:00,550,545,550,545,1300
2022-10-26 13:31:00,550,550,550,550,0
2022-10-26 13:32:00,550,550,550,550,0
2022-10-26 13:33:00,545,545,545,545,19800
2022-10-26 13:34:00,550,550,550,550,0
2022-10-26 13:35:00,550,550,550,550,0
2022-10-26 13:36:00,550,550,550,550,0
2022-10-26 13:37:00,550,550,550,550,0
2022-10-26 13:38:00,550,550,550,550,0
2022-10-26 13:39:00,550,550,550,550,0
2022-10-26 13:40:00,550,550,550,550,0
2022-10-26 13:41:00,550,550,550,550,0
2022-10-26 13:42:00,550,550,550,550,400
2022-10-26 13:43:00,550,550,550,550,0
2022-10-26 13:44:00,550,550,550,550,0
2022-10-26 13:45:00,550,550,550,550,0
2022-10-26 13:46:00,550,550,550,550,0
2022-10-26 13:47:00,550,550,550,550,0
2022-10-26 13:48:00,550,550,550,550,0
2022-10-26 13:49:00,550,550,550,550,0
2022-10-26 13:50:00,550,550,550,550,0
2022-10-26 13:51:00,550,550,550,550,0
2022-10-26 13:52:00,550,550,550,550,0
2022-10-26 13:53:00,550,550,550,550,0
2022-10-26 13:54:00,550,550,550,550,0
2022-10-26 13:55:00,550,550,550,550,0
2022-10-26 13:56:00,550,550,550,550,0
2022-10-26 13:57:00,550,550,550,550,0
2022-10-26 13:58:00,550,550,550,550,0
2022-10-26 13:59:00,550,550,550,550,0
2022-10-26 14:00:00,550,550,550,550,0
2022-10-26 14:01:00,550,550,550,550,0
2022-10-26 14:02:00,550,550,550,550,0
2022-10-26 14:03:00,550,550,550,550,0
2022-10-26 14:04:00,550,550,550,550,0
2022-10-26 14:05:00,550,550,550,550,0
2022-10-26 14:06:00,550,550,550,550,0
2022-10-26 14:07:00,550,550,550,550,0
2022-10-26 14:08:00,550,550,550,550,0
2022-10-26 14:09:00,550,550,550,550,0
2022-10-26 14:10:00,550,550,550,550,0
2022-10-26 14:11:00,550,550,550,550,0
2022-10-26 14:12:00,550,550,550,550,0
2022-10-26 14:13:00,550,550,550,550,0
2022-10-26 14:14:00,550,550,550,550,0
2022-10-26 14:15:00,550,550,550,550,0
2022-10-26 14:16:00,550,550,550,550,0
2022-10-26 14:17:00,550,550,550,550,0
2022-10-26 14:18:00,550,550,550,550,0
2022-10-26 14:19:00,550,550,550,550,0
2022-10-26 14:20:00,550,550,550,550,0
2022-10-26 14:21:00,550,550,550,550,0
2022-10-26 14:22:00,550,550,550,550,0
2022-10-26 14:23:00,550,550,550,550,0
2022-10-26 14:24:00,550,550,550,550,0
2022-10-26 14:25:00,550,550,550,550,0
2022-10-26 14:26:00,550,550,550,550,800
2022-10-26 14:27:00,550,550,550,550,0
2022-10-26 14:28:00,550,550,550,550,0
2022-10-26 14:29:00,550,550,550,550,0
2022-10-26 14:30:00,550,550,550,550,0
2022-10-26 14:31:00,550,550,550,550,0
2022-10-26 14:32:00,550,550,550,550,0
2022-10-26 14:33:00,550,550,550,550,0
2022-10-26 14:34:00,550,550,550,550,0
2022-10-26 14:35:00,550,550,550,550,0
2022-10-26 14:36:00,550,550,550,550,0
2022-10-26 14:37:00,550,550,550,550,0
2022-10-26 14:38:00,550,550,550,550,0
2022-10-26 14:39:00,550,550,550,550,0
2022-10-26 14:40:00,550,550,550,550,0
2022-10-26 14:41:00,550,550,550,550,0
2022-10-26 14:42:00,550,550,550,550,0
2022-10-26 14:43:00,550,550,550,550,0
2022-10-26 14:44:00,550,550,550,550,0
2022-10-26 14:45:00,550,550,550,550,600
2022-10-26 14:46:00,550,550,550,550,500
2022-10-26 14:47:00,550,550,550,550,400
2022-10-26 14:48:00,550,550,550,550,900
2022-10-26 14:49:00,550,550,550,550,800
2022-10-26 14:50:00,550,550,550,550,0
2022-10-26 14:51:00,550,550,550,550,0
2022-10-26 14:52:00,550,550,550,550,0
2022-10-26 14:53:00,550,550,550,550,0
2022-10-26 14:54:00,550,550,550,550,0
2022-10-26 14:55:00,550,550,550,550,0
2022-10-26 14:56:00,550,550,550,550,0
2022-10-26 14:57:00,550,550,550,550,0
2022-10-26 14:58:00,550,550,550,550,0
2022-10-26 14:59:00,550,550,550,550,0
2022-10-26 15:00:00,545,545,545,545,7500
2022-10-26 15:01:00,545,545,545,545,0
2022-10-26 15:02:00,545,545,545,545,57400
2022-10-26 15:03:00,545,545,545,545,0
2022-10-26 15:04:00,545,545,545,545,0
2022-10-26 15:05:00,545,545,545,545,0
2022-10-26 15:06:00,545,545,545,545,0
2022-10-26 15:07:00,545,545,545,545,0
2022-10-26 15:08:00,545,545,545,545,100000
2022-10-26 15:09:00,545,545,545,545,0
2022-10-26 15:10:00,545,545,545,545,0
2022-10-26 15:11:00,545,545,545,545,0
2022-10-26 15:12:00,545,545,545,545,0
2022-10-26 15:13:00,545,545,545,545,686400
2022-10-26 15:14:00,545,545,545,545,0
2022-10-26 15:15:00,545,545,545,545,0
2022-10-26 15:16:00,545,545,545,545,0
2022-10-26 15:17:00,545,545,545,545,0
2022-10-26 15:18:00,545,545,545,545,0
2022-10-26 15:19:00,545,545,545,545,0
2022-10-26 15:20:00,545,545,545,545,0
2022-10-26 15:21:00,545,545,545,545,0
2022-10-26 15:22:00,545,545,545,545,0
2022-10-26 15:23:00,545,545,545,545,0
2022-10-26 15:24:00,545,545,545,545,0
2022-10-26 15:25:00,545,545,545,545,0
2022-10-26 15:26:00,545,545,545,545,0
2022-10-26 15:27:00,545,545,545,545,0
2022-10-26 15:28:00,545,545,545,545,0
2022-10-26 15:29:00,545,545,545,545,0
2022-10-26 15:30:00,545,545,545,545,0
2022-10-26 15:31:00,545,545,545,545,0
2022-10-26 15:32:00,545,545,545,545,0
2022-10-26 15:33:00,545,545,545,545,0
2022-10-26 15:34:00,545,545,545,545,0
2022-10-26 15:35:00,545,545,545,545,0
2022-10-26 15:36:00,545,545,545,545,0
2022-10-26 15:37:00,545,545,545,545,0
2022-10-26 15:38:00,545,545,545,545,0
2022-10-26 15:39:00,545,545,545,545,0
2022-10-26 15:40:00,545,545,545,545,0
2022-10-26 15:41:00,545,545,545,545,0
2022-10-26 15:42:00,545,545,545,545,0
2022-10-26 15:43:00,545,545,545,545,0
2022-10-26 15:44:00,545,545,545,545,0
2022-10-26 15:45:00,545,545,545,545,0
2022-10-26 15:46:00,545,545,545,545,0
2022-10-26 15:47:00,545,545,545,545,0
2022-10-26 15:48:00,545,545,545,545,0
2022-10-26 15:49:00,545,545,545,545,0
2022-10-26 15:50:00,545,545,545,545,0
2022-10-26 15:51:00,545,545,545,545,0
2022-10-26 15:52:00,545,545,545,545,0
2022-10-26 15:53:00,545,545,545,545,0
2022-10-26 15:54:00,545,545,545,545,0
2022-10-26 15:55:00,545,545,545,545,0
2022-10-26 15:56:00,545,545,545,545,0
2022-10-26 15:57:00,545,545,545,545,0
2022-10-26 15:58:00,545,545,545,545,0
2022-10-26 15:59:00,545,545,545,545,0
2022-10-27 09:00:00,550,550,550,550,0
2022-10-27 09:01:00,550,550,550,550,0
2022-10-27 09:02:00,550,550,550,550,0
2022-10-27 09:03:00,550,550,550,550,0
2022-10-27 09:04:00,550,550,550,550,0
2022-10-27 09:05:00,550,550,550,550,0
2022-10-27 09:06:00,550,550,550,550,0
2022-10-27 09:07:00,550,550,550,550,0
2022-10-27 09:08:00,540,540,545,545,37800
2022-10-27 09:09:00,540,540,545,545,0
2022-10-27 09:10:00,540,540,545,545,0
2022-10-27 09:11:00,540,540,545,545,0
2022-10-27 09:12:00,540,540,545,545,0
2022-10-27 09:13:00,540,540,545,545,0
2022-10-27 09:14:00,540,540,545,545,0
2022-10-27 09:15:00,540,540,545,545,0
2022-10-27 09:16:00,540,540,545,545,0
2022-10-27 09:17:00,540,540,545,545,0
2022-10-27 09:18:00,540,540,545,545,0
2022-10-27 09:19:00,540,540,545,545,0
2022-10-27 09:20:00,540,540,545,545,9500
2022-10-27 09:21:00,540,540,545,545,0
2022-10-27 09:22:00,540,540,545,545,0
2022-10-27 09:23:00,540,540,545,545,0
2022-10-27 09:24:00,540,540,545,545,0
2022-10-27 09:25:00,540,540,545,545,0
2022-10-27 09:26:00,540,540,545,545,0
2022-10-27 09:27:00,540,540,545,545,0
2022-10-27 09:28:00,540,540,545,545,0
2022-10-27 09:29:00,540,540,545,545,0
2022-10-27 09:30:00,545,545,545,545,38000
2022-10-27 09:31:00,545,545,545,545,0
2022-10-27 09:32:00,545,545,545,545,0
2022-10-27 09:33:00,545,545,545,545,0
2022-10-27 09:34:00,545,545,545,545,0
2022-10-27 09:35:00,545,545,545,545,0
2022-10-27 09:36:00,545,545,545,545,0
2022-10-27 09:37:00,545,545,545,545,0
2022-10-27 09:38:00,545,545,545,545,0
2022-10-27 09:39:00,545,545,545,545,0
2022-10-27 09:40:00,545,545,545,545,0
2022-10-27 09:41:00,545,545,545,545,0
2022-10-27 09:42:00,545,545,545,545,0
2022-10-27 09:43:00,545,545,545,545,0
2022-10-27 09:44:00,545,545,545,545,0
2022-10-27 09:45:00,545,545,545,545,0
2022-10-27 09:46:00,545,545,545,545,0
2022-10-27 09:47:00,545,545,545,545,0
2022-10-27 09:48:00,545,545,545,545,0
2022-10-27 09:49:00,545,545,545,545,0
2022-10-27 09:50:00,545,545,545,545,0
2022-10-27 09:51:00,545,545,545,545,0
2022-10-27 09:52:00,545,545,545,545,0
2022-10-27 09:53:00,545,545,545,545,0
2022-10-27 09:54:00,545,545,545,545,0
2022-10-27 09:55:00,545,545,545,545,0
2022-10-27 09:56:00,545,545,545,545,0
2022-10-27 09:57:00,545,545,545,545,0
2022-10-27 09:58:00,545,545,545,545,0
2022-10-27 09:59:00,545,545,545,545,0
2022-10-27 10:00:00,545,545,545,545,0
2022-10-27 10:01:00,545,545,545,545,0
2022-10-27 10:02:00,545,545,545,545,0
2022-10-27 10:03:00,545,545,545,545,0
2022-10-27 10:04:00,545,545,545,545,0
2022-10-27 10:05:00,545,545,545,545,0
2022-10-27 10:06:00,545,545,545,545,0
2022-10-27 10:07:00,545,545,545,545,0
2022-10-27 10:08:00,545,545,545,545,0
2022-10-27 10:09:00,545,545,545,545,0
2022-10-27 10:10:00,545,545,545,545,0
2022-10-27 10:11:00,545,545,545,545,0
2022-10-27 10:12:00,545,545,545,545,0
2022-10-27 10:13:00,545,545,545,545,0
2022-10-27 10:14:00,545,545,545,545,0
2022-10-27 10:15:00,545,545,545,545,0
2022-10-27 10:16:00,545,545,545,545,0
2022-10-27 10:17:00,545,545,545,545,0
2022-10-27 10:18:00,545,545,545,545,0
2022-10-27 10:19:00,545,545,545,545,0
2022-10-27 10:20:00,545,545,545,545,0
2022-10-27 10:21:00,545,545,545,545,0
2022-10-27 10:22:00,540,540,540,540,1000
2022-10-27 10:23:00,545,545,545,545,200
2022-10-27 10:24:00,540,540,545,545,100
2022-10-27 10:25:00,540,540,545,545,0
2022-10-27 10:26:00,540,540,545,545,0
2022-10-27 10:27:00,540,535,545,545,306000
2022-10-27 10:28:00,540,540,540,540,0
2022-10-27 10:29:00,540,540,545,545,15400
2022-10-27 10:30:00,545,545,545,545,300
2022-10-27 10:31:00,545,545,545,545,0
2022-10-27 10:32:00,545,545,545,545,0
2022-10-27 10:33:00,545,545,545,545,0
2022-10-27 10:34:00,545,545,545,545,0
2022-10-27 10:35:00,545,545,545,545,0
2022-10-27 10:36:00,545,545,545,545,0
2022-10-27 10:37:00,545,545,545,545,0
2022-10-27 10:38:00,545,545,545,545,0
2022-10-27 10:39:00,545,545,545,545,0
2022-10-27 10:40:00,545,545,545,545,0
2022-10-27 10:41:00,545,545,545,545,0
2022-10-27 10:42:00,545,545,545,545,0
2022-10-27 10:43:00,545,545,545,545,0
2022-10-27 10:44:00,545,545,545,545,0
2022-10-27 10:45:00,540,540,540,540,200
2022-10-27 10:46:00,545,545,545,545,500
2022-10-27 10:47:00,545,545,545,545,0
2022-10-27 10:48:00,545,545,545,545,0
2022-10-27 10:49:00,545,545,545,545,0
2022-10-27 10:50:00,545,545,545,545,0
2022-10-27 10:51:00,545,545,545,545,0
2022-10-27 10:52:00,545,545,545,545,0
2022-10-27 10:53:00,545,545,545,545,0
2022-10-27 10:54:00,545,545,545,545,700
2022-10-27 10:55:00,545,545,545,545,0
2022-10-27 10:56:00,545,545,545,545,0
2022-10-27 10:57:00,545,545,545,545,1000
2022-10-27 10:58:00,545,545,545,545,0
2022-10-27 10:59:00,545,545,545,545,0
2022-10-27 11:00:00,545,545,545,545,0
2022-10-27 11:01:00,545,545,545,545,0
2022-10-27 11:02:00,545,545,545,545,0
2022-10-27 11:03:00,545,545,545,545,0
2022-10-27 11:04:00,545,545,545,545,0
2022-10-27 11:05:00,545,545,545,545,0
2022-10-27 11:06:00,540,540,545,545,0
2022-10-27 11:07:00,540,540,545,545,0
2022-10-27 11:08:00,540,540,545,545,0
2022-10-27 11:09:00,540,540,545,545,0
2022-10-27 11:10:00,545,545,545,545,600
2022-10-27 11:11:00,545,545,545,545,0
2022-10-27 11:12:00,545,545,545,545,0
2022-10-27 11:13:00,545,545,545,545,0
2022-10-27 11:14:00,545,545,545,545,0
2022-10-27 11:15:00,545,545,545,545,0
2022-10-27 11:16:00,545,545,545,545,0
2022-10-27 11:17:00,545,545,545,545,0
2022-10-27 11:18:00,545,545,545,545,0
2022-10-27 11:19:00,545,545,545,545,0
2022-10-27 11:20:00,545,545,545,545,0
2022-10-27 11:21:00,545,545,545,545,0
2022-10-27 11:22:00,545,545,545,545,0
2022-10-27 11:23:00,545,545,545,545,0
2022-10-27 11:24:00,545,545,545,545,0
2022-10-27 11:25:00,545,545,545,545,0
2022-10-27 11:26:00,545,545,545,545,0
2022-10-27 11:27:00,545,545,545,545,0
2022-10-27 11:28:00,545,545,545,545,0
2022-10-27 11:29:00,545,545,545,545,400
2022-10-27 11:30:00,545,545,545,545,0
2022-10-27 11:31:00,545,545,545,545,0
2022-10-27 11:32:00,545,545,545,545,0
2022-10-27 11:33:00,545,545,545,545,0
2022-10-27 11:34:00,545,545,545,545,0
2022-10-27 11:35:00,545,545,545,545,0
2022-10-27 11:36:00,545,545,545,545,0
2022-10-27 11:37:00,545,545,545,545,0
2022-10-27 11:38:00,545,545,545,545,0
2022-10-27 11:39:00,545,545,545,545,0
2022-10-27 11:40:00,545,545,545,545,0
2022-10-27 11:41:00,545,545,545,545,0
2022-10-27 11:42:00,545,545,545,545,0
2022-10-27 11:43:00,545,545,545,545,0
2022-10-27 11:44:00,545,545,545,545,0
2022-10-27 11:45:00,545,545,545,545,0
2022-10-27 11:46:00,545,545,545,545,0
2022-10-27 11:47:00,545,545,545,545,0
2022-10-27 11:48:00,545,545,545,545,0
2022-10-27 11:49:00,545,545,545,545,0
2022-10-27 11:50:00,545,545,545,545,0
2022-10-27 11:51:00,545,545,545,545,0
2022-10-27 11:52:00,545,545,545,545,0
2022-10-27 11:53:00,545,545,545,545,0
2022-10-27 11:54:00,545,545,545,545,0
2022-10-27 11:55:00,545,545,545,545,0
2022-10-27 11:56:00,545,545,545,545,0
2022-10-27 11:57:00,545,545,545,545,0
2022-10-27 11:58:00,545,545,545,545,0
2022-10-27 11:59:00,545,545,545,545,0
2022-10-27 12:00:00,545,545,545,545,0
2022-10-27 12:01:00,545,545,545,545,0
2022-10-27 12:02:00,545,545,545,545,0
2022-10-27 12:03:00,545,545,545,545,0
2022-10-27 12:04:00,545,545,545,545,0
2022-10-27 12:05:00,545,545,545,545,0
2022-10-27 12:06:00,545,545,545,545,0
2022-10-27 12:07:00,545,545,545,545,0
2022-10-27 12:08:00,545,545,545,545,0
2022-10-27 12:09:00,545,545,545,545,0
2022-10-27 12:10:00,545,545,545,545,0
2022-10-27 12:11:00,545,545,545,545,0
2022-10-27 12:12:00,545,545,545,545,0
2022-10-27 12:13:00,545,545,545,545,0
2022-10-27 12:14:00,545,545,545,545,0
2022-10-27 12:15:00,545,545,545,545,0
2022-10-27 12:16:00,545,545,545,545,0
2022-10-27 12:17:00,545,545,545,545,0
2022-10-27 12:18:00,545,545,545,545,0
2022-10-27 12:19:00,545,545,545,545,0
2022-10-27 12:20:00,545,545,545,545,0
2022-10-27 12:21:00,545,545,545,545,0
2022-10-27 12:22:00,545,545,545,545,0
2022-10-27 12:23:00,545,545,545,545,0
2022-10-27 12:24:00,545,545,545,545,0
2022-10-27 12:25:00,545,545,545,545,0
2022-10-27 12:26:00,545,545,545,545,0
2022-10-27 12:27:00,545,545,545,545,0
2022-10-27 12:28:00,545,545,545,545,0
2022-10-27 12:29:00,545,545,545,545,0
2022-10-27 12:30:00,545,545,545,545,0
2022-10-27 12:31:00,545,545,545,545,0
2022-10-27 12:32:00,545,545,545,545,0
2022-10-27 12:33:00,545,545,545,545,0
2022-10-27 12:34:00,545,545,545,545,0
2022-10-27 12:35:00,545,545,545,545,0
2022-10-27 12:36:00,545,545,545,545,0
2022-10-27 12:37:00,545,545,545,545,0
2022-10-27 12:38:00,545,545,545,545,0
2022-10-27 12:39:00,545,545,545,545,0
2022-10-27 12:40:00,545,545,545,545,0
2022-10-27 12:41:00,545,545,545,545,0
2022-10-27 12:42:00,545,545,545,545,0
2022-10-27 12:43:00,545,545,545,545,0
2022-10-27 12:44:00,545,545,545,545,0
2022-10-27 12:45:00,545,545,545,545,0
2022-10-27 12:46:00,545,545,545,545,0
2022-10-27 12:47:00,545,545,545,545,0
2022-10-27 12:48:00,545,545,545,545,0
2022-10-27 12:49:00,545,545,545,545,0
2022-10-27 12:50:00,545,545,545,545,0
2022-10-27 12:51:00,545,545,545,545,0
2022-10-27 12:52:00,545,545,545,545,0
2022-10-27 12:53:00,545,545,545,545,0
2022-10-27 12:54:00,545,545,545,545,0
2022-10-27 12:55:00,545,545,545,545,0
2022-10-27 12:56:00,545,545,545,545,0
2022-10-27 12:57:00,545,545,545,545,0
2022-10-27 12:58:00,545,545,545,545,0
2022-10-27 12:59:00,545,545,545,545,0
2022-10-27 13:00:00,545,545,545,545,0
2022-10-27 13:01:00,545,545,545,545,0
2022-10-27 13:02:00,545,545,545,545,0
2022-10-27 13:03:00,545,545,545,545,0
2022-10-27 13:04:00,545,545,545,545,0
2022-10-27 13:05:00,545,545,545,545,0
2022-10-27 13:06:00,545,545,545,545,0
2022-10-27 13:07:00,545,545,545,545,0
2022-10-27 13:08:00,545,545,545,545,0
2022-10-27 13:09:00,545,545,545,545,0
2022-10-27 13:10:00,545,545,545,545,0
2022-10-27 13:11:00,545,545,545,545,0
2022-10-27 13:12:00,545,545,545,545,0
2022-10-27 13:13:00,545,545,545,545,0
2022-10-27 13:14:00,545,545,545,545,0
2022-10-27 13:15:00,545,545,545,545,0
2022-10-27 13:16:00,545,545,545,545,0
2022-10-27 13:17:00,545,545,545,545,0
2022-10-27 13:18:00,545,545,545,545,0
2022-10-27 13:19:00,545,545,545,545,0
2022-10-27 13:20:00,545,545,545,545,0
2022-10-27 13:21:00,545,545,545,545,0
2022-10-27 13:22:00,545,545,545,545,0
2022-10-27 13:23:00,545,545,545,545,0
2022-10-27 13:24:00,545,545,545,545,0
2022-10-27 13:25:00,545,545,545,545,0
2022-10-27 13:26:00,545,545,545,545,0
2022-10-27 13:27:00,545,545,545,545,0
2022-10-27 13:28:00,545,545,545,545,0
2022-10-27 13:29:00,545,545,545,545,0
2022-10-27 13:30:00,545,545,545,545,4300
2022-10-27 13:31:00,545,545,545,545,0
2022-10-27 13:32:00,545,545,545,545,0
2022-10-27 13:33:00,545,545,545,545,0
2022-10-27 13:34:00,545,545,545,545,0
2022-10-27 13:35:00,545,545,545,545,0
2022-10-27 13:36:00,545,545,545,545,0
2022-10-27 13:37:00,545,545,545,545,0
2022-10-27 13:38:00,545,545,545,545,0
2022-10-27 13:39:00,545,545,545,545,0
2022-10-27 13:40:00,545,545,545,545,0
2022-10-27 13:41:00,545,545,545,545,0
2022-10-27 13:42:00,545,545,545,545,0
2022-10-27 13:43:00,545,545,545,545,3800
2022-10-27 13:44:00,545,545,545,545,0
2022-10-27 13:45:00,545,545,545,545,0
2022-10-27 13:46:00,545,545,545,545,0
2022-10-27 13:47:00,545,545,545,545,0
2022-10-27 13:48:00,545,545,545,545,0
2022-10-27 13:49:00,545,545,545,545,0
2022-10-27 13:50:00,545,545,545,545,0
2022-10-27 13:51:00,545,545,545,545,0
2022-10-27 13:52:00,545,545,545,545,0
2022-10-27 13:53:00,545,545,545,545,0
2022-10-27 13:54:00,545,545,545,545,0
2022-10-27 13:55:00,545,545,545,545,0
2022-10-27 13:56:00,545,545,545,545,0
2022-10-27 13:57:00,545,545,545,545,0
2022-10-27 13:58:00,545,545,545,545,0
2022-10-27 13:59:00,545,545,545,545,4000
2022-10-27 14:00:00,545,545,545,545,0
2022-10-27 14:01:00,545,545,545,545,0
2022-10-27 14:02:00,545,545,545,545,0
2022-10-27 14:03:00,545,545,545,545,0
2022-10-27 14:04:00,545,545,545,545,0
2022-10-27 14:05:00,545,545,545,545,0
2022-10-27 14:06:00,545,545,545,545,0
2022-10-27 14:07:00,545,545,545,545,0
2022-10-27 14:08:00,545,545,545,545,0
2022-10-27 14:09:00,545,545,545,545,0
2022-10-27 14:10:00,545,545,545,545,0
2022-10-27 14:11:00,545,545,545,545,0
2022-10-27 14:12:00,545,545,545,545,0
2022-10-27 14:13:00,545,545,545,545,0
2022-10-27 14:14:00,545,545,545,545,0
2022-10-27 14:15:00,545,545,545,545,0
2022-10-27 14:16:00,545,545,545,545,0
2022-10-27 14:17:00,545,545,545,545,0
2022-10-27 14:18:00,545,545,545,545,0
2022-10-27 14:19:00,545,545,545,545,0
2022-10-27 14:20:00,545,545,545,545,0
2022-10-27 14:21:00,545,545,545,545,0
2022-10-27 14:22:00,545,545,545,545,0
2022-10-27 14:23:00,545,545,545,545,0
2022-10-27 14:24:00,545,545,545,545,0
2022-10-27 14:25:00,545,545,545,545,0
2022-10-27 14:26:00,545,545,545,545,0
2022-10-27 14:27:00,545,545,545,545,0
2022-10-27 14:28:00,545,545,545,545,0
2022-10-27 14:29:00,545,545,545,545,0
2022-10-27 14:30:00,545,545,545,545,0
2022-10-27 14:31:00,545,545,545,545,0
2022-10-27 14:32:00,545,545,545,545,0
2022-10-27 14:33:00,545,545,545,545,6000
2022-10-27 14:34:00,545,545,545,545,0
2022-10-27 14:35:00,545,545,545,545,0
2022-10-27 14:36:00,540,540,545,545,0
2022-10-27 14:37:00,540,540,545,545,0
2022-10-27 14:38:00,540,540,545,545,0
2022-10-27 14:39:00,540,540,545,545,0
2022-10-27 14:40:00,540,540,545,545,0
2022-10-27 14:41:00,540,540,545,545,1100
2022-10-27 14:42:00,540,540,545,545,0
2022-10-27 14:43:00,545,545,545,545,200
2022-10-27 14:44:00,545,545,545,545,0
2022-10-27 14:45:00,545,545,545,545,0
2022-10-27 14:46:00,545,545,545,545,0
2022-10-27 14:47:00,545,545,545,545,0
2022-10-27 14:48:00,545,545,545,545,0
2022-10-27 14:49:00,545,545,550,550,100500
2022-10-27 14:50:00,545,545,550,550,0
2022-10-27 14:51:00,545,545,550,550,0
2022-10-27 14:52:00,545,545,550,550,0
2022-10-27 14:53:00,545,545,550,550,0
2022-10-27 14:54:00,545,545,550,550,0
2022-10-27 14:55:00,545,545,550,550,0
2022-10-27 14:56:00,545,545,550,550,0
2022-10-27 14:57:00,545,545,550,550,0
2022-10-27 14:58:00,545,545,550,550,0
2022-10-27 14:59:00,545,545,550,550,0
2022-10-27 15:00:00,550,550,550,550,979800
2022-10-27 15:01:00,550,550,550,550,0
2022-10-27 15:02:00,550,550,550,550,0
2022-10-27 15:03:00,550,550,550,550,0
2022-10-27 15:04:00,550,550,550,550,0
2022-10-27 15:05:00,550,550,550,550,0
2022-10-27 15:06:00,550,550,550,550,0
2022-10-27 15:07:00,550,550,550,550,0
2022-10-27 15:08:00,550,550,550,550,0
2022-10-27 15:09:00,550,550,550,550,0
2022-10-27 15:10:00,550,550,550,550,0
2022-10-27 15:11:00,550,550,550,550,0
2022-10-27 15:12:00,550,550,550,550,0
2022-10-27 15:13:00,550,550,550,550,0
2022-10-27 15:14:00,550,550,550,550,0
2022-10-27 15:15:00,550,550,550,550,0
2022-10-27 15:16:00,550,550,550,550,0
2022-10-27 15:17:00,550,550,550,550,0
2022-10-27 15:18:00,550,550,550,550,0
2022-10-27 15:19:00,550,550,550,550,0
2022-10-27 15:20:00,550,550,550,550,0
2022-10-27 15:21:00,550,550,550,550,0
2022-10-27 15:22:00,550,550,550,550,0
2022-10-27 15:23:00,550,550,550,550,0
2022-10-27 15:24:00,550,550,550,550,0
2022-10-27 15:25:00,550,550,550,550,0
2022-10-27 15:26:00,550,550,550,550,0
2022-10-27 15:27:00,550,550,550,550,0
2022-10-27 15:28:00,550,550,550,550,0
2022-10-27 15:29:00,550,550,550,550,0
2022-10-27 15:30:00,550,550,550,550,0
2022-10-27 15:31:00,550,550,550,550,0
2022-10-27 15:32:00,550,550,550,550,0
2022-10-27 15:33:00,550,550,550,550,0
2022-10-27 15:34:00,550,550,550,550,0
2022-10-27 15:35:00,550,550,550,550,0
2022-10-27 15:36:00,550,550,550,550,0
2022-10-27 15:37:00,550,550,550,550,0
2022-10-27 15:38:00,550,550,550,550,0
2022-10-27 15:39:00,550,550,550,550,0
2022-10-27 15:40:00,550,550,550,550,0
2022-10-27 15:41:00,550,550,550,550,0
2022-10-27 15:42:00,550,550,550,550,0
2022-10-27 15:43:00,550,550,550,550,0
2022-10-27 15:44:00,550,550,550,550,0
2022-10-27 15:45:00,550,550,550,550,0
2022-10-27 15:46:00,550,550,550,550,0
2022-10-27 15:47:00,550,550,550,550,0
2022-10-27 15:48:00,550,550,550,550,0
2022-10-27 15:49:00,550,550,550,550,0
2022-10-27 15:50:00,550,550,550,550,0
2022-10-27 15:51:00,550,550,550,550,0
2022-10-27 15:52:00,550,550,550,550,0
2022-10-27 15:53:00,550,550,550,550,0
2022-10-27 15:54:00,550,550,550,550,0
2022-10-27 15:55:00,550,550,550,550,0
2022-10-27 15:56:00,550,550,550,550,0
2022-10-27 15:57:00,550,550,550,550,0
2022-10-27 15:58:00,550,550,550,550,0
2022-10-27 15:59:00,550,550,550,550,0
2022-10-28 09:00:00,550,545,550,545,0
2022-10-28 09:01:00,550,545,550,545,0
2022-10-28 09:02:00,545,545,545,545,0
2022-10-28 09:03:00,545,545,545,545,1900
2022-10-28 09:04:00,545,545,545,545,0
2022-10-28 09:05:00,545,545,545,545,0
2022-10-28 09:06:00,540,540,550,550,127800
2022-10-28 09:07:00,540,540,550,550,0
2022-10-28 09:08:00,540,540,550,550,0
2022-10-28 09:09:00,540,540,550,550,0
2022-10-28 09:10:00,540,540,550,550,0
2022-10-28 09:11:00,550,545,550,550,0
2022-10-28 09:12:00,550,545,550,550,0
2022-10-28 09:13:00,545,545,545,545,1900
2022-10-28 09:14:00,545,545,545,545,0
2022-10-28 09:15:00,545,545,545,545,0
2022-10-28 09:16:00,545,545,545,545,0
2022-10-28 09:17:00,545,545,545,545,0
2022-10-28 09:18:00,545,545,545,545,21300
2022-10-28 09:19:00,545,545,545,545,0
2022-10-28 09:20:00,545,545,545,545,0
2022-10-28 09:21:00,545,545,545,545,0
2022-10-28 09:22:00,545,545,545,545,0
2022-10-28 09:23:00,545,545,545,545,0
2022-10-28 09:24:00,545,545,545,545,0
2022-10-28 09:25:00,545,545,545,545,0
2022-10-28 09:26:00,545,545,545,545,0
2022-10-28 09:27:00,545,545,545,545,1900
2022-10-28 09:28:00,545,545,545,545,0
2022-10-28 09:29:00,545,545,545,545,0
2022-10-28 09:30:00,545,545,550,550,19500
2022-10-28 09:31:00,550,550,550,550,300
2022-10-28 09:32:00,550,550,550,550,0
2022-10-28 09:33:00,550,550,550,550,0
2022-10-28 09:34:00,550,550,550,550,0
2022-10-28 09:35:00,550,550,550,550,0
2022-10-28 09:36:00,550,550,550,550,0
2022-10-28 09:37:00,550,550,550,550,0
2022-10-28 09:38:00,545,545,545,545,0
2022-10-28 09:39:00,545,545,545,545,0
2022-10-28 09:40:00,545,545,545,545,285800
2022-10-28 09:41:00,545,545,545,545,0
2022-10-28 09:42:00,545,545,545,545,0
2022-10-28 09:43:00,545,545,545,545,0
2022-10-28 09:44:00,545,545,545,545,0
2022-10-28 09:45:00,545,545,545,545,0
2022-10-28 09:46:00,545,545,545,545,0
2022-10-28 09:47:00,540,540,540,540,2500
2022-10-28 09:48:00,545,545,545,545,0
2022-10-28 09:49:00,545,545,545,545,0
2022-10-28 09:50:00,545,545,545,545,0
2022-10-28 09:51:00,545,545,545,545,0
2022-10-28 09:52:00,545,545,545,545,0
2022-10-28 09:53:00,545,545,545,545,1700
2022-10-28 09:54:00,545,545,545,545,0
2022-10-28 09:55:00,545,545,545,545,0
2022-10-28 09:56:00,545,545,545,545,0
2022-10-28 09:57:00,545,545,545,545,0
2022-10-28 09:58:00,545,545,545,545,1400
2022-10-28 09:59:00,545,545,545,545,0
2022-10-28 10:00:00,545,545,545,545,0
2022-10-28 10:01:00,545,545,545,545,900
2022-10-28 10:02:00,545,545,545,545,0
2022-10-28 10:03:00,545,545,545,545,0
2022-10-28 10:04:00,545,545,545,545,0
2022-10-28 10:05:00,545,545,545,545,0
2022-10-28 10:06:00,545,545,545,545,0
2022-10-28 10:07:00,545,545,545,545,0
2022-10-28 10:08:00,545,545,545,545,400
2022-10-28 10:09:00,545,545,545,545,0
2022-10-28 10:10:00,545,545,545,545,0
2022-10-28 10:11:00,545,545,550,550,296000
2022-10-28 10:12:00,545,545,550,550,0
2022-10-28 10:13:00,545,545,550,550,0
2022-10-28 10:14:00,545,545,550,550,0
2022-10-28 10:15:00,545,545,550,550,0
2022-10-28 10:16:00,545,545,550,550,0
2022-10-28 10:17:00,545,545,550,550,0
2022-10-28 10:18:00,545,545,550,550,0
2022-10-28 10:19:00,545,545,550,550,0
2022-10-28 10:20:00,545,545,550,550,0
2022-10-28 10:21:00,545,545,545,545,0
2022-10-28 10:22:00,545,545,545,545,0
2022-10-28 10:23:00,545,545,545,545,2300
2022-10-28 10:24:00,545,545,550,550,0
2022-10-28 10:25:00,545,545,550,550,0
2022-10-28 10:26:00,545,545,550,550,0
2022-10-28 10:27:00,545,545,550,550,0
2022-10-28 10:28:00,545,545,550,550,0
2022-10-28 10:29:00,545,545,550,550,0
2022-10-28 10:30:00,545,545,550,550,0
2022-10-28 10:31:00,545,545,550,550,0
2022-10-28 10:32:00,545,545,550,550,0
2022-10-28 10:33:00,545,545,550,550,0
2022-10-28 10:34:00,545,545,550,550,0
2022-10-28 10:35:00,545,545,550,550,0
2022-10-28 10:36:00,545,545,550,550,0
2022-10-28 10:37:00,545,545,545,545,600
2022-10-28 10:38:00,545,545,545,545,1200
2022-10-28 10:39:00,545,545,550,550,500
2022-10-28 10:40:00,545,545,550,550,0
2022-10-28 10:41:00,545,545,550,550,0
2022-10-28 10:42:00,545,545,550,550,0
2022-10-28 10:43:00,545,545,550,550,0
2022-10-28 10:44:00,545,545,550,550,0
2022-10-28 10:45:00,545,545,550,550,0
2022-10-28 10:46:00,545,545,550,550,0
2022-10-28 10:47:00,545,545,550,550,0
2022-10-28 10:48:00,545,545,550,550,0
2022-10-28 10:49:00,545,545,550,550,0
2022-10-28 10:50:00,545,545,550,550,0
2022-10-28 10:51:00,545,545,550,550,0
2022-10-28 10:52:00,545,545,550,550,0
2022-10-28 10:53:00,550,550,550,550,100
2022-10-28 10:54:00,550,550,550,550,0
2022-10-28 10:55:00,550,550,550,550,0
2022-10-28 10:56:00,550,550,550,550,0
2022-10-28 10:57:00,550,550,550,550,0
2022-10-28 10:58:00,550,550,550,550,0
2022-10-28 10:59:00,550,550,550,550,0
2022-10-28 11:00:00,550,550,550,550,0
2022-10-28 11:01:00,550,550,550,550,300
2022-10-28 11:02:00,550,550,550,550,0
2022-10-28 11:03:00,550,550,550,550,0
2022-10-28 11:04:00,550,550,550,550,0
2022-10-28 11:05:00,550,550,550,550,0
2022-10-28 11:06:00,550,550,550,550,0
2022-10-28 11:07:00,550,550,550,550,0
2022-10-28 11:08:00,550,550,550,550,0
2022-10-28 11:09:00,550,550,550,550,0
2022-10-28 11:10:00,545,545,545,545,3600
2022-10-28 11:11:00,550,550,550,550,300
2022-10-28 11:12:00,550,550,550,550,0
2022-10-28 11:13:00,550,550,550,550,0
2022-10-28 11:14:00,550,550,550,550,0
2022-10-28 11:15:00,550,550,550,550,0
2022-10-28 11:16:00,550,550,550,550,0
2022-10-28 11:17:00,550,550,550,550,0
2022-10-28 11:18:00,550,550,550,550,0
2022-10-28 11:19:00,550,550,550,550,0
2022-10-28 11:20:00,550,550,550,550,0
2022-10-28 11:21:00,550,550,550,550,0
2022-10-28 11:22:00,550,550,550,550,0
2022-10-28 11:23:00,550,550,550,550,0
2022-10-28 11:24:00,550,550,550,550,0
2022-10-28 11:25:00,550,550,550,550,0
2022-10-28 11:26:00,550,550,550,550,1000
2022-10-28 11:27:00,550,550,550,550,0
2022-10-28 11:28:00,550,550,550,550,0
2022-10-28 11:29:00,550,550,550,550,0
2022-10-28 11:30:00,550,550,550,550,0
2022-10-28 11:31:00,550,550,550,550,0
2022-10-28 11:32:00,550,550,550,550,0
2022-10-28 11:33:00,550,550,550,550,0
2022-10-28 11:34:00,550,550,550,550,0
2022-10-28 11:35:00,550,550,550,550,0
2022-10-28 11:36:00,550,550,550,550,0
2022-10-28 11:37:00,550,550,550,550,0
2022-10-28 11:38:00,550,550,550,550,0
2022-10-28 11:39:00,550,550,550,550,0
2022-10-28 11:40:00,550,550,550,550,0
2022-10-28 11:41:00,550,550,550,550,0
2022-10-28 11:42:00,550,550,550,550,0
2022-10-28 11:43:00,550,550,550,550,0
2022-10-28 11:44:00,550,550,550,550,0
2022-10-28 11:45:00,550,550,550,550,0
2022-10-28 11:46:00,550,550,550,550,0
2022-10-28 11:47:00,550,550,550,550,0
2022-10-28 11:48:00,550,550,550,550,0
2022-10-28 11:49:00,550,550,550,550,0
2022-10-28 11:50:00,550,550,550,550,0
2022-10-28 11:51:00,550,550,550,550,0
2022-10-28 11:52:00,550,550,550,550,0
2022-10-28 11:53:00,550,550,550,550,0
2022-10-28 11:54:00,550,550,550,550,0
2022-10-28 11:55:00,550,550,550,550,0
2022-10-28 11:56:00,550,550,550,550,0
2022-10-28 11:57:00,550,550,550,550,0
2022-10-28 11:58:00,550,550,550,550,0
2022-10-28 11:59:00,550,550,550,550,0
2022-10-28 12:00:00,550,550,550,550,0
2022-10-28 12:01:00,550,550,550,550,0
2022-10-28 12:02:00,550,550,550,550,0
2022-10-28 12:03:00,550,550,550,550,0
2022-10-28 12:04:00,550,550,550,550,0
2022-10-28 12:05:00,550,550,550,550,0
2022-10-28 12:06:00,550,550,550,550,0
2022-10-28 12:07:00,550,550,550,550,0
2022-10-28 12:08:00,550,550,550,550,0
2022-10-28 12:09:00,550,550,550,550,0
2022-10-28 12:10:00,550,550,550,550,0
2022-10-28 12:11:00,550,550,550,550,0
2022-10-28 12:12:00,550,550,550,550,0
2022-10-28 12:13:00,550,550,550,550,0
2022-10-28 12:14:00,550,550,550,550,0
2022-10-28 12:15:00,550,550,550,550,0
2022-10-28 12:16:00,550,550,550,550,0
2022-10-28 12:17:00,550,550,550,550,0
2022-10-28 12:18:00,550,550,550,550,0
2022-10-28 12:19:00,550,550,550,550,0
2022-10-28 12:20:00,550,550,550,550,0
2022-10-28 12:21:00,550,550,550,550,0
2022-10-28 12:22:00,550,550,550,550,0
2022-10-28 12:23:00,550,550,550,550,0
2022-10-28 12:24:00,550,550,550,550,0
2022-10-28 12:25:00,550,550,550,550,0
2022-10-28 12:26:00,550,550,550,550,0
2022-10-28 12:27:00,550,550,550,550,0
2022-10-28 12:28:00,550,550,550,550,0
2022-10-28 12:29:00,550,550,550,550,0
2022-10-28 12:30:00,550,550,550,550,0
2022-10-28 12:31:00,550,550,550,550,0
2022-10-28 12:32:00,550,550,550,550,0
2022-10-28 12:33:00,550,550,550,550,0
2022-10-28 12:34:00,550,550,550,550,0
2022-10-28 12:35:00,550,550,550,550,0
2022-10-28 12:36:00,550,550,550,550,0
2022-10-28 12:37:00,550,550,550,550,0
2022-10-28 12:38:00,550,550,550,550,0
2022-10-28 12:39:00,550,550,550,550,0
2022-10-28 12:40:00,550,550,550,550,0
2022-10-28 12:41:00,550,550,550,550,0
2022-10-28 12:42:00,550,550,550,550,0
2022-10-28 12:43:00,550,550,550,550,0
2022-10-28 12:44:00,550,550,550,550,0
2022-10-28 12:45:00,550,550,550,550,0
2022-10-28 12:46:00,550,550,550,550,0
2022-10-28 12:47:00,550,550,550,550,0
2022-10-28 12:48:00,550,550,550,550,0
2022-10-28 12:49:00,550,550,550,550,0
2022-10-28 12:50:00,550,550,550,550,0
2022-10-28 12:51:00,550,550,550,550,0
2022-10-28 12:52:00,550,550,550,550,0
2022-10-28 12:53:00,550,550,550,550,0
2022-10-28 12:54:00,550,550,550,550,0
2022-10-28 12:55:00,550,550,550,550,0
2022-10-28 12:56:00,550,550,550,550,0
2022-10-28 12:57:00,550,550,550,550,0
2022-10-28 12:58:00,550,550,550,550,0
2022-10-28 12:59:00,550,550,550,550,0
2022-10-28 13:00:00,550,550,550,550,0
2022-10-28 13:01:00,550,550,550,550,0
2022-10-28 13:02:00,550,550,550,550,0
2022-10-28 13:03:00,550,550,550,550,0
2022-10-28 13:04:00,550,550,550,550,0
2022-10-28 13:05:00,550,550,550,550,0
2022-10-28 13:06:00,550,550,550,550,0
2022-10-28 13:07:00,550,550,550,550,0
2022-10-28 13:08:00,550,550,550,550,0
2022-10-28 13:09:00,550,550,550,550,0
2022-10-28 13:10:00,550,550,550,550,0
2022-10-28 13:11:00,550,550,550,550,0
2022-10-28 13:12:00,550,550,550,550,0
2022-10-28 13:13:00,550,550,550,550,0
2022-10-28 13:14:00,550,550,550,550,0
2022-10-28 13:15:00,550,550,550,550,0
2022-10-28 13:16:00,550,550,550,550,0
2022-10-28 13:17:00,550,550,550,550,0
2022-10-28 13:18:00,550,550,550,550,0
2022-10-28 13:19:00,550,550,550,550,0
2022-10-28 13:20:00,550,550,550,550,0
2022-10-28 13:21:00,550,550,550,550,0
2022-10-28 13:22:00,550,550,550,550,0
2022-10-28 13:23:00,550,550,550,550,0
2022-10-28 13:24:00,550,550,550,550,0
2022-10-28 13:25:00,550,550,550,550,0
2022-10-28 13:26:00,550,550,550,550,0
2022-10-28 13:27:00,550,550,550,550,0
2022-10-28 13:28:00,550,550,550,550,0
2022-10-28 13:29:00,550,550,550,550,0
2022-10-28 13:30:00,550,550,550,550,0
2022-10-28 13:31:00,550,550,550,550,0
2022-10-28 13:32:00,550,550,550,550,0
2022-10-28 13:33:00,550,550,550,550,0
2022-10-28 13:34:00,550,550,550,550,0
2022-10-28 13:35:00,550,550,550,550,0
2022-10-28 13:36:00,550,550,550,550,1000
2022-10-28 13:37:00,550,550,550,550,0
2022-10-28 13:38:00,550,550,550,550,0
2022-10-28 13:39:00,550,550,550,550,0
2022-10-28 13:40:00,550,550,550,550,0
2022-10-28 13:41:00,550,550,550,550,0
2022-10-28 13:42:00,550,550,550,550,0
2022-10-28 13:43:00,550,550,550,550,0
2022-10-28 13:44:00,550,550,550,550,0
2022-10-28 13:45:00,550,550,550,550,0
2022-10-28 13:46:00,550,550,550,550,0
2022-10-28 13:47:00,550,550,550,550,0
2022-10-28 13:48:00,550,550,550,550,0
2022-10-28 13:49:00,550,550,550,550,0
2022-10-28 13:50:00,550,550,550,550,0
2022-10-28 13:51:00,550,550,550,550,0
2022-10-28 13:52:00,550,550,550,550,0
2022-10-28 13:53:00,550,550,550,550,0
2022-10-28 13:54:00,550,550,550,550,0
2022-10-28 13:55:00,550,550,550,550,0
2022-10-28 13:56:00,550,550,550,550,0
2022-10-28 13:57:00,550,550,550,550,500
2022-10-28 13:58:00,550,550,550,550,0
2022-10-28 13:59:00,550,550,550,550,0
2022-10-28 14:00:00,550,550,550,550,0
2022-10-28 14:01:00,550,550,550,550,0
2022-10-28 14:02:00,550,550,550,550,0
2022-10-28 14:03:00,550,550,550,550,0
2022-10-28 14:04:00,550,550,550,550,0
2022-10-28 14:05:00,550,550,550,550,0
2022-10-28 14:06:00,550,550,550,550,0
2022-10-28 14:07:00,550,550,550,550,0
2022-10-28 14:08:00,550,550,550,550,0
2022-10-28 14:09:00,550,550,550,550,0
2022-10-28 14:10:00,550,550,550,550,0
2022-10-28 14:11:00,550,550,550,550,0
2022-10-28 14:12:00,545,540,550,550,100600
2022-10-28 14:13:00,545,540,550,550,0
2022-10-28 14:14:00,545,540,550,550,0
2022-10-28 14:15:00,545,540,550,550,0
2022-10-28 14:16:00,545,540,550,550,0
2022-10-28 14:17:00,545,540,550,550,0
2022-10-28 14:18:00,545,540,550,550,0
2022-10-28 14:19:00,550,550,550,550,94700
2022-10-28 14:20:00,550,550,550,550,0
2022-10-28 14:21:00,550,550,550,550,0
2022-10-28 14:22:00,550,550,550,550,0
2022-10-28 14:23:00,550,550,550,550,0
2022-10-28 14:24:00,550,550,550,550,0
2022-10-28 14:25:00,550,550,550,550,0
2022-10-28 14:26:00,550,550,550,550,0
2022-10-28 14:27:00,550,550,550,550,0
2022-10-28 14:28:00,550,550,550,550,0
2022-10-28 14:29:00,550,550,550,550,0
2022-10-28 14:30:00,550,550,550,550,0
2022-10-28 14:31:00,550,550,550,550,300
2022-10-28 14:32:00,550,550,550,550,0
2022-10-28 14:33:00,550,550,550,550,0
2022-10-28 14:34:00,550,550,550,550,0
2022-10-28 14:35:00,550,550,550,550,0
2022-10-28 14:36:00,550,550,550,550,0
2022-10-28 14:37:00,550,550,550,550,0
2022-10-28 14:38:00,550,550,550,550,0
2022-10-28 14:39:00,550,550,550,550,0
2022-10-28 14:40:00,550,550,550,550,0
2022-10-28 14:41:00,550,550,550,550,0
2022-10-28 14:42:00,550,550,550,550,0
2022-10-28 14:43:00,550,550,550,550,0
2022-10-28 14:44:00,550,550,550,550,1000
2022-10-28 14:45:00,550,550,550,550,800
2022-10-28 14:46:00,550,550,550,550,0
2022-10-28 14:47:00,550,550,550,550,900
2022-10-28 14:48:00,550,550,550,550,300
2022-10-28 14:49:00,550,550,550,550,3300
2022-10-28 14:50:00,550,550,550,550,0
2022-10-28 14:51:00,550,550,550,550,0
2022-10-28 14:52:00,550,550,550,550,0
2022-10-28 14:53:00,550,550,550,550,0
2022-10-28 14:54:00,550,550,550,550,0
2022-10-28 14:55:00,550,550,550,550,0
2022-10-28 14:56:00,550,550,550,550,0
2022-10-28 14:57:00,550,550,550,550,0
2022-10-28 14:58:00,550,550,550,550,0
2022-10-28 14:59:00,550,550,550,550,0
2022-10-28 15:00:00,550,550,550,550,0
2022-10-28 15:01:00,550,550,550,550,0
2022-10-28 15:02:00,550,550,550,550,0
2022-10-28 15:03:00,550,550,550,550,0
2022-10-28 15:04:00,550,550,550,550,0
2022-10-28 15:05:00,550,550,550,550,0
2022-10-28 15:06:00,550,550,550,550,0
2022-10-28 15:07:00,550,550,550,550,0
2022-10-28 15:08:00,550,550,550,550,0
2022-10-28 15:09:00,550,550,550,550,0
2022-10-28 15:10:00,550,550,550,550,0
2022-10-28 15:11:00,550,550,550,550,0
2022-10-28 15:12:00,550,550,550,550,0
2022-10-28 15:13:00,550,550,550,550,0
2022-10-28 15:14:00,550,550,550,550,0
2022-10-28 15:15:00,550,550,550,550,0
2022-10-28 15:16:00,550,550,550,550,0
2022-10-28 15:17:00,550,550,550,550,0
2022-10-28 15:18:00,550,550,550,550,0
2022-10-28 15:19:00,550,550,550,550,0
2022-10-28 15:20:00,550,550,550,550,0
2022-10-28 15:21:00,550,550,550,550,0
2022-10-28 15:22:00,550,550,550,550,0
2022-10-28 15:23:00,550,550,550,550,0
2022-10-28 15:24:00,550,550,550,550,0
2022-10-28 15:25:00,550,550,550,550,0
2022-10-28 15:26:00,550,550,550,550,0
2022-10-28 15:27:00,550,550,550,550,0
2022-10-28 15:28:00,550,550,550,550,0
2022-10-28 15:29:00,550,550,550,550,0
2022-10-28 15:30:00,550,550,550,550,0
2022-10-28 15:31:00,550,550,550,550,0
2022-10-28 15:32:00,550,550,550,550,0
2022-10-28 15:33:00,550,550,550,550,0
2022-10-28 15:34:00,550,550,550,550,0
2022-10-28 15:35:00,550,550,550,550,0
2022-10-28 15:36:00,550,550,550,550,0
2022-10-28 15:37:00,550,550,550,550,0
2022-10-28 15:38:00,550,550,550,550,0
2022-10-28 15:39:00,550,550,550,550,0
2022-10-28 15:40:00,550,550,550,550,0
2022-10-28 15:41:00,550,550,550,550,0
2022-10-28 15:42:00,550,550,550,550,0
2022-10-28 15:43:00,550,550,550,550,0
2022-10-28 15:44:00,550,550,550,550,0
2022-10-28 15:45:00,550,550,550,550,0
2022-10-28 15:46:00,550,550,550,550,0
2022-10-28 15:47:00,550,550,550,550,0
2022-10-28 15:48:00,550,550,550,550,0
2022-10-28 15:49:00,550,550,550,550,0
2022-10-28 15:50:00,550,550,550,550,0
2022-10-28 15:51:00,550,550,550,550,0
2022-10-28 15:52:00,550,550,550,550,0
2022-10-28 15:53:00,550,550,550,550,0
2022-10-28 15:54:00,550,550,550,550,0
2022-10-28 15:55:00,550,550,550,550,0
2022-10-28 15:56:00,550,550,550,550,0
2022-10-28 15:57:00,550,550,550,550,0
2022-10-28 15:58:00,550,550,550,550,0
2022-10-28 15:59:00,550,550,550,550,0
2022-10-31 09:00:00,550,545,550,545,0
2022-10-31 09:01:00,550,545,550,545,0
2022-10-31 09:02:00,545,545,550,550,2000
2022-10-31 09:03:00,545,545,550,550,0
2022-10-31 09:04:00,545,545,550,550,0
2022-10-31 09:05:00,545,545,550,550,0
2022-10-31 09:06:00,545,545,550,550,0
2022-10-31 09:07:00,545,545,550,550,0
2022-10-31 09:08:00,545,545,550,550,0
2022-10-31 09:09:00,545,545,545,545,1500
2022-10-31 09:10:00,550,550,550,550,0
2022-10-31 09:11:00,550,550,550,550,0
2022-10-31 09:12:00,550,550,550,550,0
2022-10-31 09:13:00,545,545,545,545,1500
2022-10-31 09:14:00,550,550,550,550,0
2022-10-31 09:15:00,545,545,550,550,2000
2022-10-31 09:16:00,545,540,550,550,98300
2022-10-31 09:17:00,550,545,550,545,15000
2022-10-31 09:18:00,550,550,550,550,0
2022-10-31 09:19:00,545,545,545,545,900
2022-10-31 09:20:00,545,545,545,545,0
2022-10-31 09:21:00,545,545,545,545,0
2022-10-31 09:22:00,545,545,545,545,0
2022-10-31 09:23:00,545,545,545,545,0
2022-10-31 09:24:00,545,545,545,545,0
2022-10-31 09:25:00,545,545,545,545,0
2022-10-31 09:26:00,545,545,545,545,0
2022-10-31 09:27:00,545,545,545,545,1000
2022-10-31 09:28:00,545,545,545,545,0
2022-10-31 09:29:00,545,545,545,545,0
2022-10-31 09:30:00,545,545,545,545,0
2022-10-31 09:31:00,545,545,545,545,0
2022-10-31 09:32:00,545,545,545,545,0
2022-10-31 09:33:00,545,545,545,545,16400
2022-10-31 09:34:00,545,545,545,545,0
2022-10-31 09:35:00,545,545,545,545,0
2022-10-31 09:36:00,545,545,545,545,0
2022-10-31 09:37:00,545,545,545,545,0
2022-10-31 09:38:00,545,545,545,545,0
2022-10-31 09:39:00,545,545,545,545,0
2022-10-31 09:40:00,545,545,545,545,0
2022-10-31 09:41:00,545,545,545,545,200
2022-10-31 09:42:00,545,545,545,545,0
2022-10-31 09:43:00,545,545,545,545,0
2022-10-31 09:44:00,545,545,545,545,0
2022-10-31 09:45:00,545,545,545,545,0
2022-10-31 09:46:00,545,545,545,545,0
2022-10-31 09:47:00,545,545,545,545,0
2022-10-31 09:48:00,545,545,545,545,0
2022-10-31 09:49:00,545,545,545,545,0
2022-10-31 09:50:00,545,545,545,545,0
2022-10-31 09:51:00,540,540,545,545,1200
2022-10-31 09:52:00,540,540,545,545,0
2022-10-31 09:53:00,540,540,545,545,0
2022-10-31 09:54:00,540,540,545,545,0
2022-10-31 09:55:00,540,540,545,545,0
2022-10-31 09:56:00,540,540,545,545,0
2022-10-31 09:57:00,540,540,545,545,50600
2022-10-31 09:58:00,540,540,545,545,0
2022-10-31 09:59:00,540,540,545,545,0
2022-10-31 10:00:00,540,540,545,545,0
2022-10-31 10:01:00,540,540,545,545,0
2022-10-31 10:02:00,540,540,545,545,0
2022-10-31 10:03:00,540,540,545,545,0
2022-10-31 10:04:00,540,540,545,545,0
2022-10-31 10:05:00,540,540,545,545,0
2022-10-31 10:06:00,540,540,545,545,0
2022-10-31 10:07:00,540,540,545,545,0
2022-10-31 10:08:00,540,540,545,545,0
2022-10-31 10:09:00,540,540,545,545,0
2022-10-31 10:10:00,540,540,545,545,0
2022-10-31 10:11:00,540,540,545,545,0
2022-10-31 10:12:00,540,540,545,545,0
2022-10-31 10:13:00,540,540,545,545,0
2022-10-31 10:14:00,540,540,545,545,0
2022-10-31 10:15:00,540,540,545,545,0
2022-10-31 10:16:00,540,540,545,545,0
2022-10-31 10:17:00,540,540,545,545,0
2022-10-31 10:18:00,540,540,545,545,0
2022-10-31 10:19:00,545,545,545,545,3700
2022-10-31 10:20:00,545,545,545,545,0
2022-10-31 10:21:00,545,545,545,545,0
2022-10-31 10:22:00,545,545,545,545,0
2022-10-31 10:23:00,545,545,545,545,0
2022-10-31 10:24:00,545,545,545,545,0
2022-10-31 10:25:00,545,545,545,545,0
2022-10-31 10:26:00,545,545,545,545,0
2022-10-31 10:27:00,545,545,545,545,0
2022-10-31 10:28:00,545,545,545,545,0
2022-10-31 10:29:00,545,545,545,545,0
2022-10-31 10:30:00,545,545,545,545,0
2022-10-31 10:31:00,545,545,545,545,0
2022-10-31 10:32:00,545,545,545,545,0
2022-10-31 10:33:00,545,545,545,545,0
2022-10-31 10:34:00,545,545,545,545,0
2022-10-31 10:35:00,545,545,545,545,0
2022-10-31 10:36:00,545,545,545,545,0
2022-10-31 10:37:00,545,545,545,545,0
2022-10-31 10:38:00,545,545,545,545,0
2022-10-31 10:39:00,545,545,545,545,0
2022-10-31 10:40:00,545,545,545,545,0
2022-10-31 10:41:00,545,545,545,545,0
2022-10-31 10:42:00,545,545,545,545,0
2022-10-31 10:43:00,545,545,545,545,0
2022-10-31 10:44:00,545,545,545,545,0
2022-10-31 10:45:00,545,545,545,545,0
2022-10-31 10:46:00,545,545,545,545,0
2022-10-31 10:47:00,545,545,545,545,0
2022-10-31 10:48:00,545,545,545,545,0
2022-10-31 10:49:00,545,545,545,545,0
2022-10-31 10:50:00,545,545,545,545,0
2022-10-31 10:51:00,545,545,545,545,0
2022-10-31 10:52:00,545,545,545,545,0
2022-10-31 10:53:00,545,545,545,545,0
2022-10-31 10:54:00,545,545,545,545,0
2022-10-31 10:55:00,545,545,545,545,0
2022-10-31 10:56:00,545,545,545,545,0
2022-10-31 10:57:00,545,545,545,545,0
2022-10-31 10:58:00,545,545,545,545,0
2022-10-31 10:59:00,545,545,545,545,0
2022-10-31 11:00:00,545,545,545,545,0
2022-10-31 11:01:00,545,545,545,545,0
2022-10-31 11:02:00,545,545,545,545,0
2022-10-31 11:03:00,545,545,545,545,0
2022-10-31 11:04:00,545,545,545,545,0
2022-10-31 11:05:00,545,545,545,545,0
2022-10-31 11:06:00,545,545,545,545,0
2022-10-31 11:07:00,545,545,545,545,0
2022-10-31 11:08:00,545,545,545,545,0
2022-10-31 11:09:00,545,545,545,545,0
2022-10-31 11:10:00,545,545,545,545,0
2022-10-31 11:11:00,545,545,545,545,0
2022-10-31 11:12:00,545,545,545,545,0
2022-10-31 11:13:00,545,545,545,545,0
2022-10-31 11:14:00,545,545,545,545,0
2022-10-31 11:15:00,545,545,545,545,0
2022-10-31 11:16:00,545,545,545,545,6000
2022-10-31 11:17:00,545,545,545,545,0
2022-10-31 11:18:00,545,545,545,545,0
2022-10-31 11:19:00,545,545,545,545,0
2022-10-31 11:20:00,545,545,545,545,0
2022-10-31 11:21:00,545,545,545,545,0
2022-10-31 11:22:00,545,545,545,545,0
2022-10-31 11:23:00,545,545,545,545,0
2022-10-31 11:24:00,545,545,545,545,0
2022-10-31 11:25:00,545,545,545,545,0
2022-10-31 11:26:00,545,545,545,545,0
2022-10-31 11:27:00,545,545,545,545,0
2022-10-31 11:28:00,545,545,545,545,0
2022-10-31 11:29:00,545,545,545,545,300
2022-10-31 11:30:00,545,545,545,545,0
2022-10-31 11:31:00,545,545,545,545,0
2022-10-31 11:32:00,545,545,545,545,0
2022-10-31 11:33:00,545,545,545,545,0
2022-10-31 11:34:00,545,545,545,545,0
2022-10-31 11:35:00,545,545,545,545,0
2022-10-31 11:36:00,545,545,545,545,0
2022-10-31 11:37:00,545,545,545,545,0
2022-10-31 11:38:00,545,545,545,545,0
2022-10-31 11:39:00,545,545,545,545,0
2022-10-31 11:40:00,545,545,545,545,0
2022-10-31 11:41:00,545,545,545,545,0
2022-10-31 11:42:00,545,545,545,545,0
2022-10-31 11:43:00,545,545,545,545,0
2022-10-31 11:44:00,545,545,545,545,0
2022-10-31 11:45:00,545,545,545,545,0
2022-10-31 11:46:00,545,545,545,545,0
2022-10-31 11:47:00,545,545,545,545,0
2022-10-31 11:48:00,545,545,545,545,0
2022-10-31 11:49:00,545,545,545,545,0
2022-10-31 11:50:00,545,545,545,545,0
2022-10-31 11:51:00,545,545,545,545,0
2022-10-31 11:52:00,545,545,545,545,0
2022-10-31 11:53:00,545,545,545,545,0
2022-10-31 11:54:00,545,545,545,545,0
2022-10-31 11:55:00,545,545,545,545,0
2022-10-31 11:56:00,545,545,545,545,0
2022-10-31 11:57:00,545,545,545,545,0
2022-10-31 11:58:00,545,545,545,545,0
2022-10-31 11:59:00,545,545,545,545,0
2022-10-31 12:00:00,545,545,545,545,0
2022-10-31 12:01:00,545,545,545,545,0
2022-10-31 12:02:00,545,545,545,545,0
2022-10-31 12:03:00,545,545,545,545,0
2022-10-31 12:04:00,545,545,545,545,0
2022-10-31 12:05:00,545,545,545,545,0
2022-10-31 12:06:00,545,545,545,545,0
2022-10-31 12:07:00,545,545,545,545,0
2022-10-31 12:08:00,545,545,545,545,0
2022-10-31 12:09:00,545,545,545,545,0
2022-10-31 12:10:00,545,545,545,545,0
2022-10-31 12:11:00,545,545,545,545,0
2022-10-31 12:12:00,545,545,545,545,0
2022-10-31 12:13:00,545,545,545,545,0
2022-10-31 12:14:00,545,545,545,545,0
2022-10-31 12:15:00,545,545,545,545,0
2022-10-31 12:16:00,545,545,545,545,0
2022-10-31 12:17:00,545,545,545,545,0
2022-10-31 12:18:00,545,545,545,545,0
2022-10-31 12:19:00,545,545,545,545,0
2022-10-31 12:20:00,545,545,545,545,0
2022-10-31 12:21:00,545,545,545,545,0
2022-10-31 12:22:00,545,545,545,545,0
2022-10-31 12:23:00,545,545,545,545,0
2022-10-31 12:24:00,545,545,545,545,0
2022-10-31 12:25:00,545,545,545,545,0
2022-10-31 12:26:00,545,545,545,545,0
2022-10-31 12:27:00,545,545,545,545,0
2022-10-31 12:28:00,545,545,545,545,0
2022-10-31 12:29:00,545,545,545,545,0
2022-10-31 12:30:00,545,545,545,545,0
2022-10-31 12:31:00,545,545,545,545,0
2022-10-31 12:32:00,545,545,545,545,0
2022-10-31 12:33:00,545,545,545,545,0
2022-10-31 12:34:00,545,545,545,545,0
2022-10-31 12:35:00,545,545,545,545,0
2022-10-31 12:36:00,545,545,545,545,0
2022-10-31 12:37:00,545,545,545,545,0
2022-10-31 12:38:00,545,545,545,545,0
2022-10-31 12:39:00,545,545,545,545,0
2022-10-31 12:40:00,545,545,545,545,0
2022-10-31 12:41:00,545,545,545,545,0
2022-10-31 12:42:00,545,545,545,545,0
2022-10-31 12:43:00,545,545,545,545,0
2022-10-31 12:44:00,545,545,545,545,0
2022-10-31 12:45:00,545,545,545,545,0
2022-10-31 12:46:00,545,545,545,545,0
2022-10-31 12:47:00,545,545,545,545,0
2022-10-31 12:48:00,545,545,545,545,0
2022-10-31 12:49:00,545,545,545,545,0
2022-10-31 12:50:00,545,545,545,545,0
2022-10-31 12:51:00,545,545,545,545,0
2022-10-31 12:52:00,545,545,545,545,0
2022-10-31 12:53:00,545,545,545,545,0
2022-10-31 12:54:00,545,545,545,545,0
2022-10-31 12:55:00,545,545,545,545,0
2022-10-31 12:56:00,545,545,545,545,0
2022-10-31 12:57:00,545,545,545,545,0
2022-10-31 12:58:00,545,545,545,545,0
2022-10-31 12:59:00,545,545,545,545,0
2022-10-31 13:00:00,545,545,545,545,0
2022-10-31 13:01:00,545,545,545,545,0
2022-10-31 13:02:00,545,545,545,545,0
2022-10-31 13:03:00,545,545,545,545,0
2022-10-31 13:04:00,545,545,545,545,0
2022-10-31 13:05:00,545,545,545,545,0
2022-10-31 13:06:00,545,545,545,545,0
2022-10-31 13:07:00,545,545,545,545,0
2022-10-31 13:08:00,545,545,545,545,0
2022-10-31 13:09:00,545,545,545,545,0
2022-10-31 13:10:00,545,545,545,545,0
2022-10-31 13:11:00,545,545,545,545,0
2022-10-31 13:12:00,545,545,545,545,0
2022-10-31 13:13:00,545,545,545,545,0
2022-10-31 13:14:00,545,545,545,545,0
2022-10-31 13:15:00,545,545,545,545,0
2022-10-31 13:16:00,545,545,545,545,0
2022-10-31 13:17:00,545,545,545,545,0
2022-10-31 13:18:00,545,545,545,545,0
2022-10-31 13:19:00,545,545,545,545,0
2022-10-31 13:20:00,545,545,545,545,0
2022-10-31 13:21:00,545,545,545,545,0
2022-10-31 13:22:00,545,545,545,545,0
2022-10-31 13:23:00,545,545,545,545,0
2022-10-31 13:24:00,545,545,545,545,0
2022-10-31 13:25:00,545,545,545,545,0
2022-10-31 13:26:00,545,545,545,545,0
2022-10-31 13:27:00,545,545,545,545,0
2022-10-31 13:28:00,545,545,545,545,0
2022-10-31 13:29:00,545,545,545,545,0
2022-10-31 13:30:00,545,545,545,545,42700
2022-10-31 13:31:00,545,545,545,545,0
2022-10-31 13:32:00,545,545,545,545,0
2022-10-31 13:33:00,545,545,545,545,0
2022-10-31 13:34:00,545,545,545,545,0
2022-10-31 13:35:00,545,545,545,545,0
2022-10-31 13:36:00,545,545,545,545,0
2022-10-31 13:37:00,545,545,545,545,0
2022-10-31 13:38:00,545,545,545,545,0
2022-10-31 13:39:00,545,545,545,545,0
2022-10-31 13:40:00,545,545,545,545,0
2022-10-31 13:41:00,545,545,545,545,0
2022-10-31 13:42:00,545,545,545,545,0
2022-10-31 13:43:00,545,545,545,545,0
2022-10-31 13:44:00,545,545,545,545,0
2022-10-31 13:45:00,545,545,545,545,0
2022-10-31 13:46:00,545,545,545,545,0
2022-10-31 13:47:00,545,545,545,545,0
2022-10-31 13:48:00,545,545,545,545,0
2022-10-31 13:49:00,545,545,545,545,0
2022-10-31 13:50:00,545,545,545,545,0
2022-10-31 13:51:00,545,545,545,545,0
2022-10-31 13:52:00,545,545,545,545,0
2022-10-31 13:53:00,540,540,540,540,20000
2022-10-31 13:54:00,540,540,540,540,0
2022-10-31 13:55:00,545,540,545,540,20500
2022-10-31 13:56:00,545,545,545,545,400
2022-10-31 13:57:00,540,540,540,540,5300
2022-10-31 13:58:00,540,540,540,540,0
2022-10-31 13:59:00,540,540,540,540,10900
2022-10-31 14:00:00,545,545,545,545,0
2022-10-31 14:01:00,545,545,545,545,0
2022-10-31 14:02:00,545,545,545,545,0
2022-10-31 14:03:00,545,545,545,545,0
2022-10-31 14:04:00,545,545,545,545,0
2022-10-31 14:05:00,545,545,545,545,0
2022-10-31 14:06:00,545,545,545,545,0
2022-10-31 14:07:00,545,545,545,545,0
2022-10-31 14:08:00,545,545,545,545,0
2022-10-31 14:09:00,540,540,540,540,10800
2022-10-31 14:10:00,540,540,540,540,0
2022-10-31 14:11:00,545,545,545,545,0
2022-10-31 14:12:00,545,545,545,545,0
2022-10-31 14:13:00,545,545,545,545,3700
2022-10-31 14:14:00,545,545,545,545,0
2022-10-31 14:15:00,545,545,545,545,0
2022-10-31 14:16:00,545,545,545,545,0
2022-10-31 14:17:00,545,545,545,545,0
2022-10-31 14:18:00,545,545,545,545,0
2022-10-31 14:19:00,545,545,545,545,0
2022-10-31 14:20:00,545,545,545,545,0
2022-10-31 14:21:00,545,545,545,545,0
2022-10-31 14:22:00,545,545,545,545,0
2022-10-31 14:23:00,545,545,545,545,0
2022-10-31 14:24:00,545,545,545,545,0
2022-10-31 14:25:00,545,545,545,545,0
2022-10-31 14:26:00,545,545,545,545,0
2022-10-31 14:27:00,545,545,545,545,0
2022-10-31 14:28:00,545,540,545,540,7300
2022-10-31 14:29:00,540,540,545,545,3600
2022-10-31 14:30:00,540,540,545,545,0
2022-10-31 14:31:00,540,540,545,545,0
2022-10-31 14:32:00,540,540,545,545,0
2022-10-31 14:33:00,540,540,545,545,0
2022-10-31 14:34:00,540,540,545,545,0
2022-10-31 14:35:00,540,540,540,540,16700
2022-10-31 14:36:00,545,540,545,540,0
2022-10-31 14:37:00,545,540,545,540,0
2022-10-31 14:38:00,545,540,545,540,0
2022-10-31 14:39:00,540,540,540,540,100
2022-10-31 14:40:00,540,540,540,540,0
2022-10-31 14:41:00,540,540,540,540,0
2022-10-31 14:42:00,540,540,540,540,40000
2022-10-31 14:43:00,545,545,545,545,0
2022-10-31 14:44:00,540,540,540,540,1300
2022-10-31 14:45:00,540,540,540,540,6800
2022-10-31 14:46:00,540,540,540,540,0
2022-10-31 14:47:00,540,540,545,545,123600
2022-10-31 14:48:00,540,540,545,545,0
2022-10-31 14:49:00,545,545,545,545,105100
2022-10-31 14:50:00,545,545,545,545,0
2022-10-31 14:51:00,545,545,545,545,0
2022-10-31 14:52:00,545,545,545,545,0
2022-10-31 14:53:00,545,545,545,545,0
2022-10-31 14:54:00,545,545,545,545,0
2022-10-31 14:55:00,545,545,545,545,0
2022-10-31 14:56:00,545,545,545,545,0
2022-10-31 14:57:00,545,545,545,545,0
2022-10-31 14:58:00,545,545,545,545,0
2022-10-31 14:59:00,545,545,545,545,0
2022-10-31 15:00:00,545,545,545,545,764100
2022-10-31 15:01:00,545,545,545,545,0
2022-10-31 15:02:00,545,545,545,545,0
2022-10-31 15:03:00,545,545,545,545,0
2022-10-31 15:04:00,545,545,545,545,0
2022-10-31 15:05:00,545,545,545,545,0
2022-10-31 15:06:00,545,545,545,545,0
2022-10-31 15:07:00,545,545,545,545,0
2022-10-31 15:08:00,545,545,545,545,0
2022-10-31 15:09:00,545,545,545,545,0
2022-10-31 15:10:00,545,545,545,545,0
2022-10-31 15:11:00,545,545,545,545,0
2022-10-31 15:12:00,545,545,545,545,0
2022-10-31 15:13:00,545,545,545,545,0
2022-10-31 15:14:00,545,545,545,545,0
2022-10-31 15:15:00,545,545,545,545,0
2022-10-31 15:16:00,545,545,545,545,0
2022-10-31 15:17:00,545,545,545,545,0
2022-10-31 15:18:00,545,545,545,545,0
2022-10-31 15:19:00,545,545,545,545,0
2022-10-31 15:20:00,545,545,545,545,0
2022-10-31 15:21:00,545,545,545,545,0
2022-10-31 15:22:00,545,545,545,545,0
2022-10-31 15:23:00,545,545,545,545,0
2022-10-31 15:24:00,545,545,545,545,0
2022-10-31 15:25:00,545,545,545,545,0
2022-10-31 15:26:00,545,545,545,545,0
2022-10-31 15:27:00,545,545,545,545,0
2022-10-31 15:28:00,545,545,545,545,0
2022-10-31 15:29:00,545,545,545,545,0
2022-10-31 15:30:00,545,545,545,545,0
2022-10-31 15:31:00,545,545,545,545,0
2022-10-31 15:32:00,545,545,545,545,0
2022-10-31 15:33:00,545,545,545,545,0
2022-10-31 15:34:00,545,545,545,545,0
2022-10-31 15:35:00,545,545,545,545,0
2022-10-31 15:36:00,545,545,545,545,0
2022-10-31 15:37:00,545,545,545,545,0
2022-10-31 15:38:00,545,545,545,545,0
2022-10-31 15:39:00,545,545,545,545,0
2022-10-31 15:40:00,545,545,545,545,0
2022-10-31 15:41:00,545,545,545,545,0
2022-10-31 15:42:00,545,545,545,545,0
2022-10-31 15:43:00,545,545,545,545,0
2022-10-31 15:44:00,545,545,545,545,0
2022-10-31 15:45:00,545,545,545,545,0
2022-10-31 15:46:00,545,545,545,545,0
2022-10-31 15:47:00,545,545,545,545,0
2022-10-31 15:48:00,545,545,545,545,0
2022-10-31 15:49:00,545,545,545,545,0
2022-10-31 15:50:00,545,545,545,545,0
2022-10-31 15:51:00,545,545,545,545,0
2022-10-31 15:52:00,545,545,545,545,0
2022-10-31 15:53:00,545,545,545,545,0
2022-10-31 15:54:00,545,545,545,545,0
2022-10-31 15:55:00,545,545,545,545,0
2022-10-31 15:56:00,545,545,545,545,0
2022-10-31 15:57:00,545,545,545,545,0
2022-10-31 15:58:00,545,545,545,545,0
2022-10-31 15:59:00,545,545,545,545,0
2022-11-01 09:00:00,540,540,545,545,0
2022-11-01 09:01:00,540,540,545,545,0
2022-11-01 09:02:00,540,540,545,545,0
2022-11-01 09:03:00,540,540,545,545,0
2022-11-01 09:04:00,540,540,545,545,0
2022-11-01 09:05:00,540,540,545,545,0
2022-11-01 09:06:00,540,540,545,545,0
2022-11-01 09:07:00,540,540,545,545,0
2022-11-01 09:08:00,545,545,545,545,700
2022-11-01 09:09:00,545,545,545,545,0
2022-11-01 09:10:00,545,545,545,545,0
2022-11-01 09:11:00,545,545,545,545,0
2022-11-01 09:12:00,540,540,540,540,2600
2022-11-01 09:13:00,545,540,545,545,300
2022-11-01 09:14:00,540,540,545,540,322900
2022-11-01 09:15:00,540,540,545,545,7500
2022-11-01 09:16:00,540,540,545,545,0
2022-11-01 09:17:00,540,540,545,545,0
2022-11-01 09:18:00,540,540,545,545,0
2022-11-01 09:19:00,540,540,545,545,0
2022-11-01 09:20:00,540,540,545,545,0
2022-11-01 09:21:00,540,540,545,545,0
2022-11-01 09:22:00,540,540,545,545,0
2022-11-01 09:23:00,540,540,545,545,0
2022-11-01 09:24:00,540,540,545,545,0
2022-11-01 09:25:00,540,540,545,545,0
2022-11-01 09:26:00,540,540,545,545,0
2022-11-01 09:27:00,540,540,545,545,0
2022-11-01 09:28:00,540,540,545,545,0
2022-11-01 09:29:00,545,540,545,540,5100
2022-11-01 09:30:00,545,545,545,545,0
2022-11-01 09:31:00,545,545,545,545,0
2022-11-01 09:32:00,545,545,545,545,0
2022-11-01 09:33:00,545,545,545,545,0
2022-11-01 09:34:00,540,540,540,540,1400
2022-11-01 09:35:00,540,540,545,545,600
2022-11-01 09:36:00,540,540,545,545,1300
2022-11-01 09:37:00,540,540,545,545,0
2022-11-01 09:38:00,540,540,545,545,700
2022-11-01 09:39:00,545,540,545,545,400
2022-11-01 09:40:00,545,540,545,545,0
2022-11-01 09:41:00,545,540,545,545,0
2022-11-01 09:42:00,545,540,545,545,0
2022-11-01 09:43:00,545,540,545,545,0
2022-11-01 09:44:00,545,540,545,545,0
2022-11-01 09:45:00,545,540,545,545,0
2022-11-01 09:46:00,545,540,545,545,0
2022-11-01 09:47:00,545,540,545,545,0
2022-11-01 09:48:00,545,540,545,545,0
2022-11-01 09:49:00,545,540,545,545,0
2022-11-01 09:50:00,545,540,545,545,0
2022-11-01 09:51:00,545,540,545,545,0
2022-11-01 09:52:00,540,540,540,540,2400
2022-11-01 09:53:00,540,540,545,545,209700
2022-11-01 09:54:00,540,540,545,545,0
2022-11-01 09:55:00,540,540,545,545,0
2022-11-01 09:56:00,540,540,545,545,0
2022-11-01 09:57:00,545,545,545,545,600
2022-11-01 09:58:00,545,545,545,545,0
2022-11-01 09:59:00,545,545,545,545,300
2022-11-01 10:00:00,545,545,545,545,0
2022-11-01 10:01:00,545,545,545,545,0
2022-11-01 10:02:00,545,545,545,545,0
2022-11-01 10:03:00,545,545,545,545,0
2022-11-01 10:04:00,545,545,545,545,0
2022-11-01 10:05:00,545,545,545,545,0
2022-11-01 10:06:00,545,545,545,545,0
2022-11-01 10:07:00,545,545,545,545,100
2022-11-01 10:08:00,545,545,545,545,0
2022-11-01 10:09:00,545,545,545,545,0
2022-11-01 10:10:00,545,545,545,545,0
2022-11-01 10:11:00,545,545,545,545,0
2022-11-01 10:12:00,545,545,545,545,0
2022-11-01 10:13:00,545,545,545,545,0
2022-11-01 10:14:00,545,545,545,545,0
2022-11-01 10:15:00,545,545,545,545,0
2022-11-01 10:16:00,545,545,545,545,0
2022-11-01 10:17:00,545,545,545,545,0
2022-11-01 10:18:00,545,545,545,545,0
2022-11-01 10:19:00,545,545,545,545,0
2022-11-01 10:20:00,545,545,545,545,0
2022-11-01 10:21:00,545,545,545,545,0
2022-11-01 10:22:00,540,540,545,545,10500
2022-11-01 10:23:00,540,540,545,545,0
2022-11-01 10:24:00,540,540,545,545,0
2022-11-01 10:25:00,540,540,545,545,0
2022-11-01 10:26:00,540,540,545,545,0
2022-11-01 10:27:00,540,540,545,545,0
2022-11-01 10:28:00,540,540,545,545,0
2022-11-01 10:29:00,540,540,545,545,0
2022-11-01 10:30:00,540,540,545,545,0
2022-11-01 10:31:00,540,540,545,545,0
2022-11-01 10:32:00,540,540,545,545,0
2022-11-01 10:33:00,540,540,545,545,0
2022-11-01 10:34:00,540,540,545,545,0
2022-11-01 10:35:00,540,540,545,545,0
2022-11-01 10:36:00,540,540,545,545,0
2022-11-01 10:37:00,540,540,545,545,0
2022-11-01 10:38:00,540,540,545,545,0
2022-11-01 10:39:00,540,540,545,545,0
2022-11-01 10:40:00,540,540,545,545,0
2022-11-01 10:41:00,540,540,545,545,0
2022-11-01 10:42:00,540,540,545,545,0
2022-11-01 10:43:00,540,540,545,545,0
2022-11-01 10:44:00,540,540,545,545,0
2022-11-01 10:45:00,540,540,545,545,0
2022-11-01 10:46:00,540,540,545,545,0
2022-11-01 10:47:00,540,540,545,545,0
2022-11-01 10:48:00,540,540,545,545,0
2022-11-01 10:49:00,540,540,545,545,0
2022-11-01 10:50:00,540,540,545,545,0
2022-11-01 10:51:00,540,540,545,545,0
2022-11-01 10:52:00,540,540,545,545,0
2022-11-01 10:53:00,540,540,545,545,0
2022-11-01 10:54:00,540,540,545,545,0
2022-11-01 10:55:00,540,540,545,545,0
2022-11-01 10:56:00,540,540,545,545,0
2022-11-01 10:57:00,540,540,540,540,20000
2022-11-01 10:58:00,540,540,540,540,0
2022-11-01 10:59:00,540,540,540,540,500
2022-11-01 11:00:00,540,540,540,540,0
2022-11-01 11:01:00,540,540,540,540,0
2022-11-01 11:02:00,540,540,540,540,0
2022-11-01 11:03:00,540,540,540,540,0
2022-11-01 11:04:00,540,540,540,540,10800
2022-11-01 11:05:00,540,540,540,540,0
2022-11-01 11:06:00,540,540,540,540,0
2022-11-01 11:07:00,540,540,540,540,0
2022-11-01 11:08:00,540,540,540,540,0
2022-11-01 11:09:00,540,540,540,540,0
2022-11-01 11:10:00,540,540,540,540,0
2022-11-01 11:11:00,540,540,540,540,400
2022-11-01 11:12:00,540,540,545,545,223800
2022-11-01 11:13:00,540,540,545,545,0
2022-11-01 11:14:00,540,540,545,545,0
2022-11-01 11:15:00,540,540,540,540,0
2022-11-01 11:16:00,540,540,540,540,20800
2022-11-01 11:17:00,540,540,540,540,0
2022-11-01 11:18:00,540,540,540,540,7500
2022-11-01 11:19:00,540,540,540,540,0
2022-11-01 11:20:00,540,540,540,540,0
2022-11-01 11:21:00,540,540,540,540,0
2022-11-01 11:22:00,540,540,540,540,0
2022-11-01 11:23:00,540,540,540,540,0
2022-11-01 11:24:00,540,540,540,540,0
2022-11-01 11:25:00,540,540,540,540,0
2022-11-01 11:26:00,540,540,540,540,0
2022-11-01 11:27:00,540,540,540,540,0
2022-11-01 11:28:00,540,540,540,540,0
2022-11-01 11:29:00,540,540,540,540,11500
2022-11-01 11:30:00,540,540,540,540,0
2022-11-01 11:31:00,540,540,540,540,0
2022-11-01 11:32:00,540,540,540,540,0
2022-11-01 11:33:00,540,540,540,540,0
2022-11-01 11:34:00,540,540,540,540,0
2022-11-01 11:35:00,540,540,540,540,0
2022-11-01 11:36:00,540,540,540,540,0
2022-11-01 11:37:00,540,540,540,540,0
2022-11-01 11:38:00,540,540,540,540,0
2022-11-01 11:39:00,540,540,540,540,0
2022-11-01 11:40:00,540,540,540,540,0
2022-11-01 11:41:00,540,540,540,540,0
2022-11-01 11:42:00,540,540,540,540,0
2022-11-01 11:43:00,540,540,540,540,0
2022-11-01 11:44:00,540,540,540,540,0
2022-11-01 11:45:00,540,540,540,540,0
2022-11-01 11:46:00,540,540,540,540,0
2022-11-01 11:47:00,540,540,540,540,0
2022-11-01 11:48:00,540,540,540,540,0
2022-11-01 11:49:00,540,540,540,540,0
2022-11-01 11:50:00,540,540,540,540,0
2022-11-01 11:51:00,540,540,540,540,0
2022-11-01 11:52:00,540,540,540,540,0
2022-11-01 11:53:00,540,540,540,540,0
2022-11-01 11:54:00,540,540,540,540,0
2022-11-01 11:55:00,540,540,540,540,0
2022-11-01 11:56:00,540,540,540,540,0
2022-11-01 11:57:00,540,540,540,540,0
2022-11-01 11:58:00,540,540,540,540,0
2022-11-01 11:59:00,540,540,540,540,0
2022-11-01 12:00:00,540,540,540,540,0
2022-11-01 12:01:00,540,540,540,540,0
2022-11-01 12:02:00,540,540,540,540,0
2022-11-01 12:03:00,540,540,540,540,0
2022-11-01 12:04:00,540,540,540,540,0
2022-11-01 12:05:00,540,540,540,540,0
2022-11-01 12:06:00,540,540,540,540,0
2022-11-01 12:07:00,540,540,540,540,0
2022-11-01 12:08:00,540,540,540,540,0
2022-11-01 12:09:00,540,540,540,540,0
2022-11-01 12:10:00,540,540,540,540,0
2022-11-01 12:11:00,540,540,540,540,0
2022-11-01 12:12:00,540,540,540,540,0
2022-11-01 12:13:00,540,540,540,540,0
2022-11-01 12:14:00,540,540,540,540,0
2022-11-01 12:15:00,540,540,540,540,0
2022-11-01 12:16:00,540,540,540,540,0
2022-11-01 12:17:00,540,540,540,540,0
2022-11-01 12:18:00,540,540,540,540,0
2022-11-01 12:19:00,540,540,540,540,0
2022-11-01 12:20:00,540,540,540,540,0
2022-11-01 12:21:00,540,540,540,540,0
2022-11-01 12:22:00,540,540,540,540,0
2022-11-01 12:23:00,540,540,540,540,0
2022-11-01 12:24:00,540,540,540,540,0
2022-11-01 12:25:00,540,540,540,540,0
2022-11-01 12:26:00,540,540,540,540,0
2022-11-01 12:27:00,540,540,540,540,0
2022-11-01 12:28:00,540,540,540,540,0
2022-11-01 12:29:00,540,540,540,540,0
2022-11-01 12:30:00,540,540,540,540,0
2022-11-01 12:31:00,540,540,540,540,0
2022-11-01 12:32:00,540,540,540,540,0
2022-11-01 12:33:00,540,540,540,540,0
2022-11-01 12:34:00,540,540,540,540,0
2022-11-01 12:35:00,540,540,540,540,0
2022-11-01 12:36:00,540,540,540,540,0
2022-11-01 12:37:00,540,540,540,540,0
2022-11-01 12:38:00,540,540,540,540,0
2022-11-01 12:39:00,540,540,540,540,0
2022-11-01 12:40:00,540,540,540,540,0
2022-11-01 12:41:00,540,540,540,540,0
2022-11-01 12:42:00,540,540,540,540,0
2022-11-01 12:43:00,540,540,540,540,0
2022-11-01 12:44:00,540,540,540,540,0
2022-11-01 12:45:00,540,540,540,540,0
2022-11-01 12:46:00,540,540,540,540,0
2022-11-01 12:47:00,540,540,540,540,0
2022-11-01 12:48:00,540,540,540,540,0
2022-11-01 12:49:00,540,540,540,540,0
2022-11-01 12:50:00,540,540,540,540,0
2022-11-01 12:51:00,540,540,540,540,0
2022-11-01 12:52:00,540,540,540,540,0
2022-11-01 12:53:00,540,540,540,540,0
2022-11-01 12:54:00,540,540,540,540,0
2022-11-01 12:55:00,540,540,540,540,0
2022-11-01 12:56:00,540,540,540,540,0
2022-11-01 12:57:00,540,540,540,540,0
2022-11-01 12:58:00,540,540,540,540,0
2022-11-01 12:59:00,540,540,540,540,0
2022-11-01 13:00:00,540,540,540,540,0
2022-11-01 13:01:00,540,540,540,540,0
2022-11-01 13:02:00,540,540,540,540,0
2022-11-01 13:03:00,540,540,540,540,0
2022-11-01 13:04:00,540,540,540,540,0
2022-11-01 13:05:00,540,540,540,540,0
2022-11-01 13:06:00,540,540,540,540,0
2022-11-01 13:07:00,540,540,540,540,0
2022-11-01 13:08:00,540,540,540,540,0
2022-11-01 13:09:00,540,540,540,540,0
2022-11-01 13:10:00,540,540,540,540,0
2022-11-01 13:11:00,540,540,540,540,0
2022-11-01 13:12:00,540,540,540,540,0
2022-11-01 13:13:00,540,540,540,540,0
2022-11-01 13:14:00,540,540,540,540,0
2022-11-01 13:15:00,540,540,540,540,0
2022-11-01 13:16:00,540,540,540,540,0
2022-11-01 13:17:00,540,540,540,540,0
2022-11-01 13:18:00,540,540,540,540,0
2022-11-01 13:19:00,540,540,540,540,0
2022-11-01 13:20:00,540,540,540,540,0
2022-11-01 13:21:00,540,540,540,540,0
2022-11-01 13:22:00,540,540,540,540,0
2022-11-01 13:23:00,540,540,540,540,0
2022-11-01 13:24:00,540,540,540,540,0
2022-11-01 13:25:00,540,540,540,540,0
2022-11-01 13:26:00,540,540,540,540,0
2022-11-01 13:27:00,540,540,540,540,0
2022-11-01 13:28:00,540,540,540,540,0
2022-11-01 13:29:00,540,540,540,540,0
2022-11-01 13:30:00,540,540,545,545,110300
2022-11-01 13:31:00,540,540,545,545,0
2022-11-01 13:32:00,540,540,545,545,0
2022-11-01 13:33:00,540,540,545,545,0
2022-11-01 13:34:00,540,540,545,545,0
2022-11-01 13:35:00,540,540,545,545,0
2022-11-01 13:36:00,540,540,545,545,0
2022-11-01 13:37:00,540,540,545,545,0
2022-11-01 13:38:00,540,540,545,545,0
2022-11-01 13:39:00,540,540,545,545,0
2022-11-01 13:40:00,540,540,545,545,0
2022-11-01 13:41:00,540,540,545,545,0
2022-11-01 13:42:00,545,545,545,545,1000
2022-11-01 13:43:00,545,545,545,545,300
2022-11-01 13:44:00,545,545,545,545,0
2022-11-01 13:45:00,545,545,545,545,0
2022-11-01 13:46:00,545,545,545,545,0
2022-11-01 13:47:00,545,545,545,545,0
2022-11-01 13:48:00,545,545,545,545,0
2022-11-01 13:49:00,545,545,545,545,0
2022-11-01 13:50:00,545,545,545,545,0
2022-11-01 13:51:00,545,545,545,545,0
2022-11-01 13:52:00,545,545,545,545,0
2022-11-01 13:53:00,545,545,545,545,0
2022-11-01 13:54:00,545,545,545,545,0
2022-11-01 13:55:00,545,545,545,545,0
2022-11-01 13:56:00,545,545,545,545,0
2022-11-01 13:57:00,545,545,545,545,0
2022-11-01 13:58:00,545,545,545,545,0
2022-11-01 13:59:00,545,545,545,545,0
2022-11-01 14:00:00,545,545,545,545,0
2022-11-01 14:01:00,545,545,545,545,0
2022-11-01 14:02:00,545,545,545,545,0
2022-11-01 14:03:00,545,545,545,545,0
2022-11-01 14:04:00,545,545,545,545,0
2022-11-01 14:05:00,545,545,545,545,0
2022-11-01 14:06:00,545,545,545,545,200
2022-11-01 14:07:00,545,545,545,545,0
2022-11-01 14:08:00,545,545,545,545,0
2022-11-01 14:09:00,545,545,545,545,0
2022-11-01 14:10:00,545,545,545,545,0
2022-11-01 14:11:00,545,545,545,545,0
2022-11-01 14:12:00,545,545,545,545,0
2022-11-01 14:13:00,545,545,545,545,0
2022-11-01 14:14:00,545,545,545,545,0
2022-11-01 14:15:00,545,545,545,545,600
2022-11-01 14:16:00,545,545,545,545,0
2022-11-01 14:17:00,545,545,545,545,0
2022-11-01 14:18:00,545,545,545,545,0
2022-11-01 14:19:00,545,545,545,545,0
2022-11-01 14:20:00,545,545,545,545,209700
2022-11-01 14:21:00,545,545,545,545,0
2022-11-01 14:22:00,545,545,545,545,0
2022-11-01 14:23:00,545,545,545,545,0
2022-11-01 14:24:00,545,545,545,545,0
2022-11-01 14:25:00,545,545,545,545,0
2022-11-01 14:26:00,545,545,545,545,0
2022-11-01 14:27:00,545,545,545,545,0
2022-11-01 14:28:00,545,545,545,545,0
2022-11-01 14:29:00,545,545,545,545,0
2022-11-01 14:30:00,545,545,545,545,0
2022-11-01 14:31:00,545,545,545,545,0
2022-11-01 14:32:00,545,545,545,545,0
2022-11-01 14:33:00,545,545,545,545,600
2022-11-01 14:34:00,540,540,540,540,2100
2022-11-01 14:35:00,540,540,540,540,20100
2022-11-01 14:36:00,540,540,540,540,0
2022-11-01 14:37:00,540,540,540,540,100
2022-11-01 14:38:00,540,540,540,540,900
2022-11-01 14:39:00,540,540,540,540,0
2022-11-01 14:40:00,540,540,540,540,5400
2022-11-01 14:41:00,540,540,540,540,0
2022-11-01 14:42:00,540,540,540,540,0
2022-11-01 14:43:00,540,540,540,540,0
2022-11-01 14:44:00,540,540,540,540,7300
2022-11-01 14:45:00,540,540,540,540,0
2022-11-01 14:46:00,540,540,540,540,0
2022-11-01 14:47:00,540,540,540,540,0
2022-11-01 14:48:00,540,540,540,540,0
2022-11-01 14:49:00,540,540,550,550,406500
2022-11-01 14:50:00,540,540,550,550,0
2022-11-01 14:51:00,540,540,550,550,0
2022-11-01 14:52:00,540,540,550,550,0
2022-11-01 14:53:00,540,540,550,550,0
2022-11-01 14:54:00,540,540,550,550,0
2022-11-01 14:55:00,540,540,550,550,0
2022-11-01 14:56:00,540,540,550,550,0
2022-11-01 14:57:00,540,540,550,550,0
2022-11-01 14:58:00,540,540,550,550,0
2022-11-01 14:59:00,540,540,550,550,0
2022-11-01 15:00:00,550,550,550,550,310000
2022-11-01 15:01:00,550,550,550,550,0
2022-11-01 15:02:00,550,550,550,550,0
2022-11-01 15:03:00,550,550,550,550,0
2022-11-01 15:04:00,550,550,550,550,0
2022-11-01 15:05:00,550,550,550,550,0
2022-11-01 15:06:00,550,550,550,550,0
2022-11-01 15:07:00,550,550,550,550,1919900
2022-11-01 15:08:00,550,550,550,550,0
2022-11-01 15:09:00,550,550,550,550,0
2022-11-01 15:10:00,550,550,550,550,0
2022-11-01 15:11:00,550,550,550,550,0
2022-11-01 15:12:00,550,550,550,550,0
2022-11-01 15:13:00,550,550,550,550,0
2022-11-01 15:14:00,550,550,550,550,0
2022-11-01 15:15:00,550,550,550,550,0
2022-11-01 15:16:00,550,550,550,550,0
2022-11-01 15:17:00,550,550,550,550,0
2022-11-01 15:18:00,550,550,550,550,0
2022-11-01 15:19:00,550,550,550,550,0
2022-11-01 15:20:00,550,550,550,550,0
2022-11-01 15:21:00,550,550,550,550,0
2022-11-01 15:22:00,550,550,550,550,0
2022-11-01 15:23:00,550,550,550,550,0
2022-11-01 15:24:00,550,550,550,550,0
2022-11-01 15:25:00,550,550,550,550,0
2022-11-01 15:26:00,550,550,550,550,0
2022-11-01 15:27:00,550,550,550,550,0
2022-11-01 15:28:00,550,550,550,550,0
2022-11-01 15:29:00,550,550,550,550,0
2022-11-01 15:30:00,550,550,550,550,0
2022-11-01 15:31:00,550,550,550,550,0
2022-11-01 15:32:00,550,550,550,550,0
2022-11-01 15:33:00,550,550,550,550,0
2022-11-01 15:34:00,550,550,550,550,0
2022-11-01 15:35:00,550,550,550,550,0
2022-11-01 15:36:00,550,550,550,550,0
2022-11-01 15:37:00,550,550,550,550,0
2022-11-01 15:38:00,550,550,550,550,0
2022-11-01 15:39:00,550,550,550,550,0
2022-11-01 15:40:00,550,550,550,550,0
2022-11-01 15:41:00,550,550,550,550,0
2022-11-01 15:42:00,550,550,550,550,0
2022-11-01 15:43:00,550,550,550,550,0
2022-11-01 15:44:00,550,550,550,550,0
2022-11-01 15:45:00,550,550,550,550,0
2022-11-01 15:46:00,550,550,550,550,0
2022-11-01 15:47:00,550,550,550,550,0
2022-11-01 15:48:00,550,550,550,550,0
2022-11-01 15:49:00,550,550,550,550,0
2022-11-01 15:50:00,550,550,550,550,0
2022-11-01 15:51:00,550,550,550,550,0
2022-11-01 15:52:00,550,550,550,550,0
2022-11-01 15:53:00,550,550,550,550,0
2022-11-01 15:54:00,550,550,550,550,0
2022-11-01 15:55:00,550,550,550,550,0
2022-11-01 15:56:00,550,550,550,550,0
2022-11-01 15:57:00,550,550,550,550,0
2022-11-01 15:58:00,550,550,550,550,0
2022-11-01 15:59:00,550,550,550,550,0
2022-11-02 09:00:00,550,550,550,550,0
2022-11-02 09:01:00,550,550,550,550,0
2022-11-02 09:02:00,550,550,550,550,0
2022-11-02 09:03:00,550,550,550,550,0
2022-11-02 09:04:00,550,550,550,550,0
2022-11-02 09:05:00,540,540,540,540,0
2022-11-02 09:06:00,545,545,545,545,0
2022-11-02 09:07:00,545,545,545,545,0
2022-11-02 09:08:00,545,545,545,545,0
2022-11-02 09:09:00,545,545,545,545,0
2022-11-02 09:10:00,545,545,545,545,0
2022-11-02 09:11:00,545,545,545,545,0
2022-11-02 09:12:00,545,545,545,545,0
2022-11-02 09:13:00,545,545,545,545,0
2022-11-02 09:14:00,545,545,545,545,0
2022-11-02 09:15:00,545,545,545,545,0
2022-11-02 09:16:00,545,545,545,545,0
2022-11-02 09:17:00,545,545,545,545,207500
2022-11-02 09:18:00,545,545,545,545,0
2022-11-02 09:19:00,545,545,545,545,0
2022-11-02 09:20:00,545,545,545,545,0
2022-11-02 09:21:00,545,545,545,545,0
2022-11-02 09:22:00,545,545,545,545,0
2022-11-02 09:23:00,545,545,545,545,0
2022-11-02 09:24:00,545,545,545,545,0
2022-11-02 09:25:00,545,545,545,545,0
2022-11-02 09:26:00,545,545,545,545,0
2022-11-02 09:27:00,545,545,545,545,0
2022-11-02 09:28:00,545,545,545,545,0
2022-11-02 09:29:00,545,545,545,545,0
2022-11-02 09:30:00,545,545,545,545,0
2022-11-02 09:31:00,545,545,545,545,0
2022-11-02 09:32:00,545,545,545,545,0
2022-11-02 09:33:00,545,545,545,545,0
2022-11-02 09:34:00,545,545,545,545,0
2022-11-02 09:35:00,545,545,545,545,0
2022-11-02 09:36:00,545,545,545,545,0
2022-11-02 09:37:00,545,545,545,545,0
2022-11-02 09:38:00,545,545,545,545,0
2022-11-02 09:39:00,545,545,545,545,0
2022-11-02 09:40:00,545,545,545,545,0
2022-11-02 09:41:00,545,545,545,545,0
2022-11-02 09:42:00,545,540,545,540,51200
2022-11-02 09:43:00,545,545,545,545,0
2022-11-02 09:44:00,545,545,545,545,0
2022-11-02 09:45:00,545,545,545,545,0
2022-11-02 09:46:00,545,545,545,545,0
2022-11-02 09:47:00,545,545,545,545,0
2022-11-02 09:48:00,545,545,545,545,0
2022-11-02 09:49:00,545,545,545,545,0
2022-11-02 09:50:00,545,545,545,545,700
2022-11-02 09:51:00,540,540,540,540,600
2022-11-02 09:52:00,545,545,545,545,500
2022-11-02 09:53:00,545,545,545,545,0
2022-11-02 09:54:00,545,545,545,545,1500
2022-11-02 09:55:00,545,545,545,545,0
2022-11-02 09:56:00,545,545,545,545,0
2022-11-02 09:57:00,545,545,545,545,0
2022-11-02 09:58:00,545,545,545,545,0
2022-11-02 09:59:00,545,545,545,545,0
2022-11-02 10:00:00,545,545,545,545,0
2022-11-02 10:01:00,545,545,545,545,0
2022-11-02 10:02:00,545,545,545,545,0
2022-11-02 10:03:00,545,545,545,545,0
2022-11-02 10:04:00,545,545,545,545,0
2022-11-02 10:05:00,545,545,545,545,0
2022-11-02 10:06:00,545,545,545,545,0
2022-11-02 10:07:00,545,545,545,545,0
2022-11-02 10:08:00,545,545,545,545,0
2022-11-02 10:09:00,545,545,545,545,0
2022-11-02 10:10:00,545,545,545,545,0
2022-11-02 10:11:00,545,545,545,545,0
2022-11-02 10:12:00,545,545,545,545,0
2022-11-02 10:13:00,545,545,545,545,0
2022-11-02 10:14:00,545,545,545,545,0
2022-11-02 10:15:00,540,540,545,545,800
2022-11-02 10:16:00,540,540,545,545,0
2022-11-02 10:17:00,540,540,545,545,0
2022-11-02 10:18:00,540,540,545,545,0
2022-11-02 10:19:00,540,540,545,545,0
2022-11-02 10:20:00,540,540,545,545,0
2022-11-02 10:21:00,540,540,545,545,0
2022-11-02 10:22:00,540,540,545,545,0
2022-11-02 10:23:00,540,540,545,545,0
2022-11-02 10:24:00,540,540,545,545,0
2022-11-02 10:25:00,545,545,545,545,500
2022-11-02 10:26:00,545,545,545,545,0
2022-11-02 10:27:00,545,545,545,545,0
2022-11-02 10:28:00,545,545,545,545,0
2022-11-02 10:29:00,545,545,545,545,0
2022-11-02 10:30:00,545,545,545,545,0
2022-11-02 10:31:00,545,545,545,545,0
2022-11-02 10:32:00,545,545,545,545,0
2022-11-02 10:33:00,545,545,545,545,0
2022-11-02 10:34:00,545,545,545,545,0
2022-11-02 10:35:00,545,545,545,545,0
2022-11-02 10:36:00,545,545,545,545,2000
2022-11-02 10:37:00,540,540,545,545,0
2022-11-02 10:38:00,540,540,545,545,0
2022-11-02 10:39:00,540,540,545,545,0
2022-11-02 10:40:00,540,540,545,545,0
2022-11-02 10:41:00,540,540,545,545,0
2022-11-02 10:42:00,540,540,545,545,0
2022-11-02 10:43:00,540,540,545,545,0
2022-11-02 10:44:00,540,540,545,545,0
2022-11-02 10:45:00,540,540,545,545,0
2022-11-02 10:46:00,540,540,545,545,0
2022-11-02 10:47:00,540,540,545,545,0
2022-11-02 10:48:00,540,540,545,545,0
2022-11-02 10:49:00,540,540,545,545,0
2022-11-02 10:50:00,540,540,545,545,0
2022-11-02 10:51:00,540,540,545,545,0
2022-11-02 10:52:00,540,540,545,545,0
2022-11-02 10:53:00,540,540,545,545,0
2022-11-02 10:54:00,540,540,545,545,0
2022-11-02 10:55:00,540,540,545,545,0
2022-11-02 10:56:00,540,540,545,545,0
2022-11-02 10:57:00,540,540,545,545,0
2022-11-02 10:58:00,540,540,545,545,0
2022-11-02 10:59:00,540,540,545,545,0
2022-11-02 11:00:00,540,540,545,545,0
2022-11-02 11:01:00,540,540,545,545,0
2022-11-02 11:02:00,540,540,545,545,0
2022-11-02 11:03:00,540,540,545,545,0
2022-11-02 11:04:00,540,540,545,545,0
2022-11-02 11:05:00,540,540,545,545,0
2022-11-02 11:06:00,540,540,545,545,0
2022-11-02 11:07:00,540,540,545,545,0
2022-11-02 11:08:00,540,540,545,545,0
2022-11-02 11:09:00,540,540,545,545,0
2022-11-02 11:10:00,540,540,545,545,0
2022-11-02 11:11:00,540,540,545,545,0
2022-11-02 11:12:00,540,540,545,545,0
2022-11-02 11:13:00,540,540,545,545,0
2022-11-02 11:14:00,545,545,545,545,300
2022-11-02 11:15:00,545,545,545,545,0
2022-11-02 11:16:00,545,545,545,545,0
2022-11-02 11:17:00,545,545,545,545,0
2022-11-02 11:18:00,545,545,545,545,0
2022-11-02 11:19:00,545,545,545,545,0
2022-11-02 11:20:00,545,545,545,545,0
2022-11-02 11:21:00,545,545,545,545,0
2022-11-02 11:22:00,545,545,545,545,0
2022-11-02 11:23:00,545,545,545,545,0
2022-11-02 11:24:00,545,545,545,545,0
2022-11-02 11:25:00,545,545,545,545,400
2022-11-02 11:26:00,545,545,545,545,0
2022-11-02 11:27:00,545,545,545,545,0
2022-11-02 11:28:00,545,545,545,545,0
2022-11-02 11:29:00,545,545,545,545,300
2022-11-02 11:30:00,545,545,545,545,0
2022-11-02 11:31:00,545,545,545,545,0
2022-11-02 11:32:00,545,545,545,545,0
2022-11-02 11:33:00,545,545,545,545,0
2022-11-02 11:34:00,545,545,545,545,0
2022-11-02 11:35:00,545,545,545,545,0
2022-11-02 11:36:00,545,545,545,545,0
2022-11-02 11:37:00,545,545,545,545,0
2022-11-02 11:38:00,545,545,545,545,0
2022-11-02 11:39:00,545,545,545,545,0
2022-11-02 11:40:00,545,545,545,545,0
2022-11-02 11:41:00,545,545,545,545,0
2022-11-02 11:42:00,545,545,545,545,0
2022-11-02 11:43:00,545,545,545,545,0
2022-11-02 11:44:00,545,545,545,545,0
2022-11-02 11:45:00,545,545,545,545,0
2022-11-02 11:46:00,545,545,545,545,0
2022-11-02 11:47:00,545,545,545,545,0
2022-11-02 11:48:00,545,545,545,545,0
2022-11-02 11:49:00,545,545,545,545,0
2022-11-02 11:50:00,545,545,545,545,0
2022-11-02 11:51:00,545,545,545,545,0
2022-11-02 11:52:00,545,545,545,545,0
2022-11-02 11:53:00,545,545,545,545,0
2022-11-02 11:54:00,545,545,545,545,0
2022-11-02 11:55:00,545,545,545,545,0
2022-11-02 11:56:00,545,545,545,545,0
2022-11-02 11:57:00,545,545,545,545,0
2022-11-02 11:58:00,545,545,545,545,0
2022-11-02 11:59:00,545,545,545,545,0
2022-11-02 12:00:00,545,545,545,545,0
2022-11-02 12:01:00,545,545,545,545,0
2022-11-02 12:02:00,545,545,545,545,0
2022-11-02 12:03:00,545,545,545,545,0
2022-11-02 12:04:00,545,545,545,545,0
2022-11-02 12:05:00,545,545,545,545,0
2022-11-02 12:06:00,545,545,545,545,0
2022-11-02 12:07:00,545,545,545,545,0
2022-11-02 12:08:00,545,545,545,545,0
2022-11-02 12:09:00,545,545,545,545,0
2022-11-02 12:10:00,545,545,545,545,0
2022-11-02 12:11:00,545,545,545,545,0
2022-11-02 12:12:00,545,545,545,545,0
2022-11-02 12:13:00,545,545,545,545,0
2022-11-02 12:14:00,545,545,545,545,0
2022-11-02 12:15:00,545,545,545,545,0
2022-11-02 12:16:00,545,545,545,545,0
2022-11-02 12:17:00,545,545,545,545,0
2022-11-02 12:18:00,545,545,545,545,0
2022-11-02 12:19:00,545,545,545,545,0
2022-11-02 12:20:00,545,545,545,545,0
2022-11-02 12:21:00,545,545,545,545,0
2022-11-02 12:22:00,545,545,545,545,0
2022-11-02 12:23:00,545,545,545,545,0
2022-11-02 12:24:00,545,545,545,545,0
2022-11-02 12:25:00,545,545,545,545,0
2022-11-02 12:26:00,545,545,545,545,0
2022-11-02 12:27:00,545,545,545,545,0
2022-11-02 12:28:00,545,545,545,545,0
2022-11-02 12:29:00,545,545,545,545,0
2022-11-02 12:30:00,545,545,545,545,0
2022-11-02 12:31:00,545,545,545,545,0
2022-11-02 12:32:00,545,545,545,545,0
2022-11-02 12:33:00,545,545,545,545,0
2022-11-02 12:34:00,545,545,545,545,0
2022-11-02 12:35:00,545,545,545,545,0
2022-11-02 12:36:00,545,545,545,545,0
2022-11-02 12:37:00,545,545,545,545,0
2022-11-02 12:38:00,545,545,545,545,0
2022-11-02 12:39:00,545,545,545,545,0
2022-11-02 12:40:00,545,545,545,545,0
2022-11-02 12:41:00,545,545,545,545,0
2022-11-02 12:42:00,545,545,545,545,0
2022-11-02 12:43:00,545,545,545,545,0
2022-11-02 12:44:00,545,545,545,545,0
2022-11-02 12:45:00,545,545,545,545,0
2022-11-02 12:46:00,545,545,545,545,0
2022-11-02 12:47:00,545,545,545,545,0
2022-11-02 12:48:00,545,545,545,545,0
2022-11-02 12:49:00,545,545,545,545,0
2022-11-02 12:50:00,545,545,545,545,0
2022-11-02 12:51:00,545,545,545,545,0
2022-11-02 12:52:00,545,545,545,545,0
2022-11-02 12:53:00,545,545,545,545,0
2022-11-02 12:54:00,545,545,545,545,0
2022-11-02 12:55:00,545,545,545,545,0
2022-11-02 12:56:00,545,545,545,545,0
2022-11-02 12:57:00,545,545,545,545,0
2022-11-02 12:58:00,545,545,545,545,0
2022-11-02 12:59:00,545,545,545,545,0
2022-11-02 13:00:00,545,545,545,545,0
2022-11-02 13:01:00,545,545,545,545,0
2022-11-02 13:02:00,545,545,545,545,0
2022-11-02 13:03:00,545,545,545,545,0
2022-11-02 13:04:00,545,545,545,545,0
2022-11-02 13:05:00,545,545,545,545,0
2022-11-02 13:06:00,545,545,545,545,0
2022-11-02 13:07:00,545,545,545,545,0
2022-11-02 13:08:00,545,545,545,545,0
2022-11-02 13:09:00,545,545,545,545,0
2022-11-02 13:10:00,545,545,545,545,0
2022-11-02 13:11:00,545,545,545,545,0
2022-11-02 13:12:00,545,545,545,545,0
2022-11-02 13:13:00,545,545,545,545,0
2022-11-02 13:14:00,545,545,545,545,0
2022-11-02 13:15:00,545,545,545,545,0
2022-11-02 13:16:00,545,545,545,545,0
2022-11-02 13:17:00,545,545,545,545,0
2022-11-02 13:18:00,545,545,545,545,0
2022-11-02 13:19:00,545,545,545,545,0
2022-11-02 13:20:00,545,545,545,545,0
2022-11-02 13:21:00,545,545,545,545,0
2022-11-02 13:22:00,545,545,545,545,0
2022-11-02 13:23:00,545,545,545,545,0
2022-11-02 13:24:00,545,545,545,545,0
2022-11-02 13:25:00,545,545,545,545,0
2022-11-02 13:26:00,545,545,545,545,0
2022-11-02 13:27:00,545,545,545,545,0
2022-11-02 13:28:00,545,545,545,545,0
2022-11-02 13:29:00,545,545,545,545,0
2022-11-02 13:30:00,545,545,545,545,2000
2022-11-02 13:31:00,545,545,545,545,0
2022-11-02 13:32:00,545,545,545,545,0
2022-11-02 13:33:00,545,545,545,545,0
2022-11-02 13:34:00,540,540,540,540,39900
2022-11-02 13:35:00,540,540,540,540,0
2022-11-02 13:36:00,540,540,540,540,10100
2022-11-02 13:37:00,540,540,545,545,600
2022-11-02 13:38:00,545,545,545,545,0
2022-11-02 13:39:00,545,545,545,545,0
2022-11-02 13:40:00,545,545,545,545,0
2022-11-02 13:41:00,545,545,545,545,0
2022-11-02 13:42:00,545,545,545,545,0
2022-11-02 13:43:00,545,545,545,545,0
2022-11-02 13:44:00,545,545,545,545,0
2022-11-02 13:45:00,545,545,545,545,1000
2022-11-02 13:46:00,545,545,545,545,0
2022-11-02 13:47:00,545,545,545,545,0
2022-11-02 13:48:00,545,545,545,545,0
2022-11-02 13:49:00,545,545,545,545,0
2022-11-02 13:50:00,545,545,545,545,0
2022-11-02 13:51:00,545,545,545,545,0
2022-11-02 13:52:00,545,545,545,545,0
2022-11-02 13:53:00,545,545,545,545,0
2022-11-02 13:54:00,545,545,545,545,0
2022-11-02 13:55:00,545,545,545,545,600
2022-11-02 13:56:00,540,540,540,540,2000
2022-11-02 13:57:00,540,540,540,540,900
2022-11-02 13:58:00,540,540,540,540,0
2022-11-02 13:59:00,540,540,540,540,8500
2022-11-02 14:00:00,540,540,545,545,2400
2022-11-02 14:01:00,540,540,545,545,0
2022-11-02 14:02:00,540,540,545,545,0
2022-11-02 14:03:00,545,545,545,545,300
2022-11-02 14:04:00,540,540,540,540,2200
2022-11-02 14:05:00,540,540,540,540,0
2022-11-02 14:06:00,540,540,540,540,600
2022-11-02 14:07:00,540,540,540,540,0
2022-11-02 14:08:00,540,540,540,540,0
2022-11-02 14:09:00,535,535,540,540,3600
2022-11-02 14:10:00,535,535,540,540,2000
2022-11-02 14:11:00,535,535,540,540,0
2022-11-02 14:12:00,535,535,540,540,0
2022-11-02 14:13:00,535,535,540,540,0
2022-11-02 14:14:00,540,540,540,540,600
2022-11-02 14:15:00,540,540,540,540,100
2022-11-02 14:16:00,540,540,540,540,0
2022-11-02 14:17:00,540,540,540,540,0
2022-11-02 14:18:00,540,540,540,540,0
2022-11-02 14:19:00,540,540,540,540,0
2022-11-02 14:20:00,540,540,540,540,0
2022-11-02 14:21:00,540,540,540,540,0
2022-11-02 14:22:00,540,540,540,540,0
2022-11-02 14:23:00,540,540,540,540,0
2022-11-02 14:24:00,540,540,540,540,3000
2022-11-02 14:25:00,540,540,540,540,0
2022-11-02 14:26:00,540,540,545,545,25200
2022-11-02 14:27:00,540,540,545,545,0
2022-11-02 14:28:00,545,545,545,545,0
2022-11-02 14:29:00,545,545,545,545,0
2022-11-02 14:30:00,545,545,545,545,0
2022-11-02 14:31:00,545,545,545,545,0
2022-11-02 14:32:00,545,545,545,545,0
2022-11-02 14:33:00,540,540,545,545,1900
2022-11-02 14:34:00,545,545,545,545,100
2022-11-02 14:35:00,545,545,545,545,0
2022-11-02 14:36:00,545,545,545,545,0
2022-11-02 14:37:00,545,545,545,545,0
2022-11-02 14:38:00,545,545,545,545,0
2022-11-02 14:39:00,545,545,545,545,0
2022-11-02 14:40:00,545,545,545,545,0
2022-11-02 14:41:00,545,545,545,545,0
2022-11-02 14:42:00,545,545,545,545,600
2022-11-02 14:43:00,545,545,545,545,700
2022-11-02 14:44:00,545,545,545,545,0
2022-11-02 14:45:00,545,545,545,545,500
2022-11-02 14:46:00,545,545,545,545,0
2022-11-02 14:47:00,545,545,545,545,700
2022-11-02 14:48:00,545,545,545,545,1700
2022-11-02 14:49:00,545,545,545,545,1500
2022-11-02 14:50:00,545,545,545,545,0
2022-11-02 14:51:00,545,545,545,545,0
2022-11-02 14:52:00,545,545,545,545,0
2022-11-02 14:53:00,545,545,545,545,0
2022-11-02 14:54:00,545,545,545,545,0
2022-11-02 14:55:00,545,545,545,545,0
2022-11-02 14:56:00,545,545,545,545,0
2022-11-02 14:57:00,545,545,545,545,0
2022-11-02 14:58:00,545,545,545,545,0
2022-11-02 14:59:00,545,545,545,545,0
2022-11-02 15:00:00,545,545,545,545,576200
2022-11-02 15:01:00,545,545,545,545,0
2022-11-02 15:02:00,545,545,545,545,0
2022-11-02 15:03:00,545,545,545,545,0
2022-11-02 15:04:00,545,545,545,545,0
2022-11-02 15:05:00,545,545,545,545,0
2022-11-02 15:06:00,545,545,545,545,0
2022-11-02 15:07:00,545,545,545,545,0
2022-11-02 15:08:00,545,545,545,545,0
2022-11-02 15:09:00,545,545,545,545,0
2022-11-02 15:10:00,545,545,545,545,0
2022-11-02 15:11:00,545,545,545,545,0
2022-11-02 15:12:00,545,545,545,545,0
2022-11-02 15:13:00,545,545,545,545,0
2022-11-02 15:14:00,545,545,545,545,0
2022-11-02 15:15:00,545,545,545,545,0
2022-11-02 15:16:00,545,545,545,545,0
2022-11-02 15:17:00,545,545,545,545,0
2022-11-02 15:18:00,545,545,545,545,0
2022-11-02 15:19:00,545,545,545,545,0
2022-11-02 15:20:00,545,545,545,545,0
2022-11-02 15:21:00,545,545,545,545,0
2022-11-02 15:22:00,545,545,545,545,0
2022-11-02 15:23:00,545,545,545,545,0
2022-11-02 15:24:00,545,545,545,545,0
2022-11-02 15:25:00,545,545,545,545,0
2022-11-02 15:26:00,545,545,545,545,0
2022-11-02 15:27:00,545,545,545,545,0
2022-11-02 15:28:00,545,545,545,545,0
2022-11-02 15:29:00,545,545,545,545,0
2022-11-02 15:30:00,545,545,545,545,0
2022-11-02 15:31:00,545,545,545,545,0
2022-11-02 15:32:00,545,545,545,545,0
2022-11-02 15:33:00,545,545,545,545,0
2022-11-02 15:34:00,545,545,545,545,0
2022-11-02 15:35:00,545,545,545,545,0
2022-11-02 15:36:00,545,545,545,545,0
2022-11-02 15:37:00,545,545,545,545,0
2022-11-02 15:38:00,545,545,545,545,0
2022-11-02 15:39:00,545,545,545,545,0
2022-11-02 15:40:00,545,545,545,545,0
2022-11-02 15:41:00,545,545,545,545,0
2022-11-02 15:42:00,545,545,545,545,0
2022-11-02 15:43:00,545,545,545,545,0
2022-11-02 15:44:00,545,545,545,545,0
2022-11-02 15:45:00,545,545,545,545,0
2022-11-02 15:46:00,545,545,545,545,0
2022-11-02 15:47:00,545,545,545,545,0
2022-11-02 15:48:00,545,545,545,545,0
2022-11-02 15:49:00,545,545,545,545,0
2022-11-02 15:50:00,545,545,545,545,0
2022-11-02 15:51:00,545,545,545,545,0
2022-11-02 15:52:00,545,545,545,545,0
2022-11-02 15:53:00,545,545,545,545,0
2022-11-02 15:54:00,545,545,545,545,0
2022-11-02 15:55:00,545,545,545,545,0
2022-11-02 15:56:00,545,545,545,545,0
2022-11-02 15:57:00,545,545,545,545,0
2022-11-02 15:58:00,545,545,545,545,0
2022-11-02 15:59:00,545,545,545,545,0
2022-11-03 09:00:00,535,535,545,545,0
2022-11-03 09:01:00,535,535,545,545,0
2022-11-03 09:02:00,535,535,545,545,0
2022-11-03 09:03:00,545,545,545,545,4700
2022-11-03 09:04:00,545,545,545,545,0
2022-11-03 09:05:00,545,545,545,545,0
2022-11-03 09:06:00,545,545,545,545,480300
2022-11-03 09:07:00,545,545,545,545,0
2022-11-03 09:08:00,545,545,545,545,0
2022-11-03 09:09:00,545,545,545,545,0
2022-11-03 09:10:00,545,545,545,545,0
2022-11-03 09:11:00,545,545,545,545,0
2022-11-03 09:12:00,545,545,545,545,0
2022-11-03 09:13:00,545,545,545,545,0
2022-11-03 09:14:00,545,545,545,545,0
2022-11-03 09:15:00,545,545,545,545,0
2022-11-03 09:16:00,545,545,545,545,0
2022-11-03 09:17:00,545,545,545,545,0
2022-11-03 09:18:00,545,545,545,545,0
2022-11-03 09:19:00,545,545,545,545,0
2022-11-03 09:20:00,545,545,545,545,0
2022-11-03 09:21:00,545,545,545,545,0
2022-11-03 09:22:00,545,545,545,545,0
2022-11-03 09:23:00,545,545,545,545,0
2022-11-03 09:24:00,545,545,545,545,0
2022-11-03 09:25:00,545,545,545,545,0
2022-11-03 09:26:00,545,545,545,545,0
2022-11-03 09:27:00,545,545,545,545,0
2022-11-03 09:28:00,545,545,545,545,0
2022-11-03 09:29:00,545,545,545,545,0
2022-11-03 09:30:00,545,545,545,545,0
2022-11-03 09:31:00,545,545,545,545,0
2022-11-03 09:32:00,545,545,545,545,0
2022-11-03 09:33:00,545,545,545,545,0
2022-11-03 09:34:00,545,545,545,545,0
2022-11-03 09:35:00,545,545,545,545,0
2022-11-03 09:36:00,545,545,545,545,0
2022-11-03 09:37:00,545,545,545,545,0
2022-11-03 09:38:00,545,545,545,545,0
2022-11-03 09:39:00,545,545,545,545,0
2022-11-03 09:40:00,545,545,545,545,500
2022-11-03 09:41:00,545,545,545,545,1000
2022-11-03 09:42:00,545,545,545,545,0
2022-11-03 09:43:00,540,540,540,540,11500
2022-11-03 09:44:00,545,545,545,545,0
2022-11-03 09:45:00,545,545,545,545,0
2022-11-03 09:46:00,545,545,545,545,0
2022-11-03 09:47:00,545,545,545,545,0
2022-11-03 09:48:00,545,545,545,545,0
2022-11-03 09:49:00,545,545,545,545,0
2022-11-03 09:50:00,545,545,545,545,0
2022-11-03 09:51:00,545,545,545,545,0
2022-11-03 09:52:00,540,540,540,540,19700
2022-11-03 09:53:00,545,545,545,545,0
2022-11-03 09:54:00,545,545,545,545,0
2022-11-03 09:55:00,545,545,545,545,0
2022-11-03 09:56:00,545,545,545,545,0
2022-11-03 09:57:00,545,545,545,545,0
2022-11-03 09:58:00,545,545,545,545,0
2022-11-03 09:59:00,545,545,545,545,0
2022-11-03 10:00:00,545,545,545,545,0
2022-11-03 10:01:00,545,545,545,545,0
2022-11-03 10:02:00,545,545,545,545,0
2022-11-03 10:03:00,545,545,545,545,0
2022-11-03 10:04:00,545,545,545,545,0
2022-11-03 10:05:00,545,545,545,545,0
2022-11-03 10:06:00,545,545,545,545,0
2022-11-03 10:07:00,545,545,545,545,0
2022-11-03 10:08:00,545,545,545,545,0
2022-11-03 10:09:00,545,545,545,545,0
2022-11-03 10:10:00,545,545,545,545,0
2022-11-03 10:11:00,545,545,545,545,0
2022-11-03 10:12:00,545,545,545,545,0
2022-11-03 10:13:00,545,545,545,545,0
2022-11-03 10:14:00,545,545,545,545,0
2022-11-03 10:15:00,545,545,545,545,0
2022-11-03 10:16:00,545,545,545,545,0
2022-11-03 10:17:00,545,545,545,545,220000
2022-11-03 10:18:00,545,545,545,545,0
2022-11-03 10:19:00,545,545,545,545,0
2022-11-03 10:20:00,545,545,545,545,0
2022-11-03 10:21:00,545,545,545,545,0
2022-11-03 10:22:00,545,545,545,545,0
2022-11-03 10:23:00,540,540,545,545,3700
2022-11-03 10:24:00,545,545,545,545,200
2022-11-03 10:25:00,545,545,545,545,0
2022-11-03 10:26:00,545,545,545,545,0
2022-11-03 10:27:00,545,545,545,545,0
2022-11-03 10:28:00,545,545,545,545,0
2022-11-03 10:29:00,545,545,545,545,0
2022-11-03 10:30:00,545,545,545,545,0
2022-11-03 10:31:00,545,545,545,545,0
2022-11-03 10:32:00,545,545,545,545,0
2022-11-03 10:33:00,545,545,545,545,0
2022-11-03 10:34:00,545,545,545,545,0
2022-11-03 10:35:00,545,545,545,545,0
2022-11-03 10:36:00,545,545,545,545,0
2022-11-03 10:37:00,545,545,545,545,0
2022-11-03 10:38:00,545,545,545,545,0
2022-11-03 10:39:00,545,545,545,545,0
2022-11-03 10:40:00,545,545,545,545,0
2022-11-03 10:41:00,545,545,545,545,0
2022-11-03 10:42:00,545,545,545,545,0
2022-11-03 10:43:00,545,545,545,545,0
2022-11-03 10:44:00,545,545,545,545,1100
2022-11-03 10:45:00,545,545,545,545,0
2022-11-03 10:46:00,545,545,545,545,0
2022-11-03 10:47:00,545,545,545,545,0
2022-11-03 10:48:00,545,545,545,545,0
2022-11-03 10:49:00,545,545,545,545,0
2022-11-03 10:50:00,545,545,545,545,0
2022-11-03 10:51:00,545,545,545,545,0
2022-11-03 10:52:00,545,545,545,545,0
2022-11-03 10:53:00,545,545,545,545,0
2022-11-03 10:54:00,545,545,545,545,0
2022-11-03 10:55:00,545,545,545,545,0
2022-11-03 10:56:00,545,545,545,545,0
2022-11-03 10:57:00,545,545,545,545,600
2022-11-03 10:58:00,545,545,545,545,0
2022-11-03 10:59:00,545,545,545,545,0
2022-11-03 11:00:00,540,540,540,540,1200
2022-11-03 11:01:00,545,545,545,545,200
2022-11-03 11:02:00,545,545,545,545,0
2022-11-03 11:03:00,545,545,545,545,0
2022-11-03 11:04:00,545,545,545,545,0
2022-11-03 11:05:00,545,545,545,545,0
2022-11-03 11:06:00,545,545,545,545,0
2022-11-03 11:07:00,545,545,545,545,0
2022-11-03 11:08:00,545,545,545,545,0
2022-11-03 11:09:00,545,545,545,545,0
2022-11-03 11:10:00,545,545,545,545,0
2022-11-03 11:11:00,545,545,545,545,600
2022-11-03 11:12:00,545,545,545,545,0
2022-11-03 11:13:00,545,545,545,545,0
2022-11-03 11:14:00,545,545,545,545,0
2022-11-03 11:15:00,545,545,545,545,0
2022-11-03 11:16:00,545,545,545,545,0
2022-11-03 11:17:00,545,545,545,545,0
2022-11-03 11:18:00,540,540,540,540,300
2022-11-03 11:19:00,545,545,545,545,300
2022-11-03 11:20:00,545,545,545,545,0
2022-11-03 11:21:00,545,545,545,545,0
2022-11-03 11:22:00,545,545,545,545,0
2022-11-03 11:23:00,545,545,545,545,0
2022-11-03 11:24:00,545,545,545,545,0
2022-11-03 11:25:00,545,545,545,545,0
2022-11-03 11:26:00,545,545,545,545,0
2022-11-03 11:27:00,545,545,545,545,0
2022-11-03 11:28:00,545,545,545,545,0
2022-11-03 11:29:00,545,545,545,545,500
2022-11-03 11:30:00,545,545,545,545,0
2022-11-03 11:31:00,545,545,545,545,0
2022-11-03 11:32:00,545,545,545,545,0
2022-11-03 11:33:00,545,545,545,545,0
2022-11-03 11:34:00,545,545,545,545,0
2022-11-03 11:35:00,545,545,545,545,0
2022-11-03 11:36:00,545,545,545,545,0
2022-11-03 11:37:00,545,545,545,545,0
2022-11-03 11:38:00,545,545,545,545,0
2022-11-03 11:39:00,545,545,545,545,0
2022-11-03 11:40:00,545,545,545,545,0
2022-11-03 11:41:00,545,545,545,545,0
2022-11-03 11:42:00,545,545,545,545,0
2022-11-03 11:43:00,545,545,545,545,0
2022-11-03 11:44:00,545,545,545,545,0
2022-11-03 11:45:00,545,545,545,545,0
2022-11-03 11:46:00,545,545,545,545,0
2022-11-03 11:47:00,545,545,545,545,0
2022-11-03 11:48:00,545,545,545,545,0
2022-11-03 11:49:00,545,545,545,545,0
2022-11-03 11:50:00,545,545,545,545,0
2022-11-03 11:51:00,545,545,545,545,0
2022-11-03 11:52:00,545,545,545,545,0
2022-11-03 11:53:00,545,545,545,545,0
2022-11-03 11:54:00,545,545,545,545,0
2022-11-03 11:55:00,545,545,545,545,0
2022-11-03 11:56:00,545,545,545,545,0
2022-11-03 11:57:00,545,545,545,545,0
2022-11-03 11:58:00,545,545,545,545,0
2022-11-03 11:59:00,545,545,545,545,0
2022-11-03 12:00:00,545,545,545,545,0
2022-11-03 12:01:00,545,545,545,545,0
2022-11-03 12:02:00,545,545,545,545,0
2022-11-03 12:03:00,545,545,545,545,0
2022-11-03 12:04:00,545,545,545,545,0
2022-11-03 12:05:00,545,545,545,545,0
2022-11-03 12:06:00,545,545,545,545,0
2022-11-03 12:07:00,545,545,545,545,0
2022-11-03 12:08:00,545,545,545,545,0
2022-11-03 12:09:00,545,545,545,545,0
2022-11-03 12:10:00,545,545,545,545,0
2022-11-03 12:11:00,545,545,545,545,0
2022-11-03 12:12:00,545,545,545,545,0
2022-11-03 12:13:00,545,545,545,545,0
2022-11-03 12:14:00,545,545,545,545,0
2022-11-03 12:15:00,545,545,545,545,0
2022-11-03 12:16:00,545,545,545,545,0
2022-11-03 12:17:00,545,545,545,545,0
2022-11-03 12:18:00,545,545,545,545,0
2022-11-03 12:19:00,545,545,545,545,0
2022-11-03 12:20:00,545,545,545,545,0
2022-11-03 12:21:00,545,545,545,545,0
2022-11-03 12:22:00,545,545,545,545,0
2022-11-03 12:23:00,545,545,545,545,0
2022-11-03 12:24:00,545,545,545,545,0
2022-11-03 12:25:00,545,545,545,545,0
2022-11-03 12:26:00,545,545,545,545,0
2022-11-03 12:27:00,545,545,545,545,0
2022-11-03 12:28:00,545,545,545,545,0
2022-11-03 12:29:00,545,545,545,545,0
2022-11-03 12:30:00,545,545,545,545,0
2022-11-03 12:31:00,545,545,545,545,0
2022-11-03 12:32:00,545,545,545,545,0
2022-11-03 12:33:00,545,545,545,545,0
2022-11-03 12:34:00,545,545,545,545,0
2022-11-03 12:35:00,545,545,545,545,0
2022-11-03 12:36:00,545,545,545,545,0
2022-11-03 12:37:00,545,545,545,545,0
2022-11-03 12:38:00,545,545,545,545,0
2022-11-03 12:39:00,545,545,545,545,0
2022-11-03 12:40:00,545,545,545,545,0
2022-11-03 12:41:00,545,545,545,545,0
2022-11-03 12:42:00,545,545,545,545,0
2022-11-03 12:43:00,545,545,545,545,0
2022-11-03 12:44:00,545,545,545,545,0
2022-11-03 12:45:00,545,545,545,545,0
2022-11-03 12:46:00,545,545,545,545,0
2022-11-03 12:47:00,545,545,545,545,0
2022-11-03 12:48:00,545,545,545,545,0
2022-11-03 12:49:00,545,545,545,545,0
2022-11-03 12:50:00,545,545,545,545,0
2022-11-03 12:51:00,545,545,545,545,0
2022-11-03 12:52:00,545,545,545,545,0
2022-11-03 12:53:00,545,545,545,545,0
2022-11-03 12:54:00,545,545,545,545,0
2022-11-03 12:55:00,545,545,545,545,0
2022-11-03 12:56:00,545,545,545,545,0
2022-11-03 12:57:00,545,545,545,545,0
2022-11-03 12:58:00,545,545,545,545,0
2022-11-03 12:59:00,545,545,545,545,0
2022-11-03 13:00:00,545,545,545,545,0
2022-11-03 13:01:00,545,545,545,545,0
2022-11-03 13:02:00,545,545,545,545,0
2022-11-03 13:03:00,545,545,545,545,0
2022-11-03 13:04:00,545,545,545,545,0
2022-11-03 13:05:00,545,545,545,545,0
2022-11-03 13:06:00,545,545,545,545,0
2022-11-03 13:07:00,545,545,545,545,0
2022-11-03 13:08:00,545,545,545,545,0
2022-11-03 13:09:00,545,545,545,545,0
2022-11-03 13:10:00,545,545,545,545,0
2022-11-03 13:11:00,545,545,545,545,0
2022-11-03 13:12:00,545,545,545,545,0
2022-11-03 13:13:00,545,545,545,545,0
2022-11-03 13:14:00,545,545,545,545,0
2022-11-03 13:15:00,545,545,545,545,0
2022-11-03 13:16:00,545,545,545,545,0
2022-11-03 13:17:00,545,545,545,545,0
2022-11-03 13:18:00,545,545,545,545,0
2022-11-03 13:19:00,545,545,545,545,0
2022-11-03 13:20:00,545,545,545,545,0
2022-11-03 13:21:00,545,545,545,545,0
2022-11-03 13:22:00,545,545,545,545,0
2022-11-03 13:23:00,545,545,545,545,0
2022-11-03 13:24:00,545,545,545,545,0
2022-11-03 13:25:00,545,545,545,545,0
2022-11-03 13:26:00,545,545,545,545,0
2022-11-03 13:27:00,545,545,545,545,0
2022-11-03 13:28:00,545,545,545,545,0
2022-11-03 13:29:00,545,545,545,545,0
2022-11-03 13:30:00,540,540,540,540,10500
2022-11-03 13:31:00,540,540,540,540,0
2022-11-03 13:32:00,540,540,540,540,0
2022-11-03 13:33:00,540,540,540,540,0
2022-11-03 13:34:00,540,540,540,540,0
2022-11-03 13:35:00,540,540,540,540,0
2022-11-03 13:36:00,540,540,540,540,4200
2022-11-03 13:37:00,540,540,540,540,0
2022-11-03 13:38:00,540,540,540,540,1100
2022-11-03 13:39:00,540,540,545,545,16900
2022-11-03 13:40:00,540,540,545,545,0
2022-11-03 13:41:00,540,540,545,545,0
2022-11-03 13:42:00,540,540,540,540,1800
2022-11-03 13:43:00,540,540,540,540,0
2022-11-03 13:44:00,540,540,540,540,0
2022-11-03 13:45:00,540,540,540,540,0
2022-11-03 13:46:00,540,540,540,540,0
2022-11-03 13:47:00,540,540,540,540,0
2022-11-03 13:48:00,540,540,540,540,1000
2022-11-03 13:49:00,540,540,540,540,500
2022-11-03 13:50:00,540,540,545,545,600
2022-11-03 13:51:00,540,540,545,545,0
2022-11-03 13:52:00,540,540,545,545,0
2022-11-03 13:53:00,540,540,540,540,800
2022-11-03 13:54:00,545,545,545,545,300
2022-11-03 13:55:00,545,545,545,545,0
2022-11-03 13:56:00,545,545,545,545,0
2022-11-03 13:57:00,545,545,545,545,0
2022-11-03 13:58:00,545,545,545,545,300
2022-11-03 13:59:00,545,545,545,545,0
2022-11-03 14:00:00,545,545,545,545,0
2022-11-03 14:01:00,545,545,545,545,0
2022-11-03 14:02:00,545,545,545,545,0
2022-11-03 14:03:00,545,545,545,545,0
2022-11-03 14:04:00,545,545,545,545,0
2022-11-03 14:05:00,545,545,545,545,0
2022-11-03 14:06:00,545,545,545,545,0
2022-11-03 14:07:00,545,545,545,545,0
2022-11-03 14:08:00,545,545,545,545,0
2022-11-03 14:09:00,545,545,545,545,0
2022-11-03 14:10:00,545,545,545,545,1700
2022-11-03 14:11:00,545,545,545,545,0
2022-11-03 14:12:00,545,545,545,545,0
2022-11-03 14:13:00,545,545,545,545,0
2022-11-03 14:14:00,545,545,545,545,0
2022-11-03 14:15:00,545,545,545,545,0
2022-11-03 14:16:00,545,545,545,545,0
2022-11-03 14:17:00,545,545,545,545,0
2022-11-03 14:18:00,545,545,545,545,239400
2022-11-03 14:19:00,545,545,545,545,0
2022-11-03 14:20:00,545,545,545,545,0
2022-11-03 14:21:00,545,545,545,545,0
2022-11-03 14:22:00,545,545,545,545,0
2022-11-03 14:23:00,545,545,545,545,0
2022-11-03 14:24:00,545,545,545,545,0
2022-11-03 14:25:00,545,545,545,545,0
2022-11-03 14:26:00,545,545,545,545,0
2022-11-03 14:27:00,545,545,545,545,2000
2022-11-03 14:28:00,545,545,545,545,0
2022-11-03 14:29:00,545,545,545,545,0
2022-11-03 14:30:00,545,545,545,545,0
2022-11-03 14:31:00,545,545,545,545,0
2022-11-03 14:32:00,545,545,545,545,0
2022-11-03 14:33:00,545,545,545,545,0
2022-11-03 14:34:00,545,545,545,545,0
2022-11-03 14:35:00,545,545,545,545,0
2022-11-03 14:36:00,545,545,545,545,0
2022-11-03 14:37:00,545,545,545,545,0
2022-11-03 14:38:00,545,545,545,545,0
2022-11-03 14:39:00,545,545,545,545,0
2022-11-03 14:40:00,545,545,545,545,0
2022-11-03 14:41:00,545,545,545,545,0
2022-11-03 14:42:00,545,545,545,545,0
2022-11-03 14:43:00,545,545,545,545,0
2022-11-03 14:44:00,545,545,545,545,0
2022-11-03 14:45:00,545,545,545,545,800
2022-11-03 14:46:00,545,540,545,540,4000
2022-11-03 14:47:00,540,540,545,545,1500
2022-11-03 14:48:00,545,545,545,545,1200
2022-11-03 14:49:00,545,545,545,545,147100
2022-11-03 14:50:00,545,545,545,545,0
2022-11-03 14:51:00,545,545,545,545,0
2022-11-03 14:52:00,545,545,545,545,0
2022-11-03 14:53:00,545,545,545,545,0
2022-11-03 14:54:00,545,545,545,545,0
2022-11-03 14:55:00,545,545,545,545,0
2022-11-03 14:56:00,545,545,545,545,0
2022-11-03 14:57:00,545,545,545,545,0
2022-11-03 14:58:00,545,545,545,545,0
2022-11-03 14:59:00,545,545,545,545,0
2022-11-03 15:00:00,545,545,545,545,93800
2022-11-03 15:01:00,545,545,545,545,0
2022-11-03 15:02:00,545,545,545,545,0
2022-11-03 15:03:00,545,545,545,545,0
2022-11-03 15:04:00,545,545,545,545,0
2022-11-03 15:05:00,545,545,545,545,0
2022-11-03 15:06:00,545,545,545,545,0
2022-11-03 15:07:00,545,545,545,545,0
2022-11-03 15:08:00,545,545,545,545,0
2022-11-03 15:09:00,545,545,545,545,0
2022-11-03 15:10:00,545,545,545,545,0
2022-11-03 15:11:00,545,545,545,545,0
2022-11-03 15:12:00,545,545,545,545,0
2022-11-03 15:13:00,545,545,545,545,0
2022-11-03 15:14:00,545,545,545,545,0
2022-11-03 15:15:00,545,545,545,545,0
2022-11-03 15:16:00,545,545,545,545,0
2022-11-03 15:17:00,545,545,545,545,0
2022-11-03 15:18:00,545,545,545,545,0
2022-11-03 15:19:00,545,545,545,545,0
2022-11-03 15:20:00,545,545,545,545,0
2022-11-03 15:21:00,545,545,545,545,0
2022-11-03 15:22:00,545,545,545,545,0
2022-11-03 15:23:00,545,545,545,545,0
2022-11-03 15:24:00,545,545,545,545,0
2022-11-03 15:25:00,545,545,545,545,0
2022-11-03 15:26:00,545,545,545,545,0
2022-11-03 15:27:00,545,545,545,545,0
2022-11-03 15:28:00,545,545,545,545,0
2022-11-03 15:29:00,545,545,545,545,0
2022-11-03 15:30:00,545,545,545,545,0
2022-11-03 15:31:00,545,545,545,545,0
2022-11-03 15:32:00,545,545,545,545,0
2022-11-03 15:33:00,545,545,545,545,0
2022-11-03 15:34:00,545,545,545,545,0
2022-11-03 15:35:00,545,545,545,545,0
2022-11-03 15:36:00,545,545,545,545,0
2022-11-03 15:37:00,545,545,545,545,0
2022-11-03 15:38:00,545,545,545,545,0
2022-11-03 15:39:00,545,545,545,545,0
2022-11-03 15:40:00,545,545,545,545,0
2022-11-03 15:41:00,545,545,545,545,0
2022-11-03 15:42:00,545,545,545,545,0
2022-11-03 15:43:00,545,545,545,545,0
2022-11-03 15:44:00,545,545,545,545,0
2022-11-03 15:45:00,545,545,545,545,0
2022-11-03 15:46:00,545,545,545,545,0
2022-11-03 15:47:00,545,545,545,545,0
2022-11-03 15:48:00,545,545,545,545,0
2022-11-03 15:49:00,545,545,545,545,0
2022-11-03 15:50:00,545,545,545,545,0
2022-11-03 15:51:00,545,545,545,545,0
2022-11-03 15:52:00,545,545,545,545,0
2022-11-03 15:53:00,545,545,545,545,0
2022-11-03 15:54:00,545,545,545,545,0
2022-11-03 15:55:00,545,545,545,545,0
2022-11-03 15:56:00,545,545,545,545,0
2022-11-03 15:57:00,545,545,545,545,0
2022-11-03 15:58:00,545,545,545,545,0
2022-11-03 15:59:00,545,545,545,545,0
2022-11-04 09:00:00,545,545,545,545,0
2022-11-04 09:01:00,545,545,545,545,0
2022-11-04 09:02:00,545,545,545,545,0
2022-11-04 09:03:00,545,545,545,545,0
2022-11-04 09:04:00,545,545,545,545,0
2022-11-04 09:05:00,545,545,545,545,0
2022-11-04 09:06:00,545,545,545,545,0
2022-11-04 09:07:00,545,545,545,545,0
2022-11-04 09:08:00,545,545,545,545,0
2022-11-04 09:09:00,545,545,545,545,0
2022-11-04 09:10:00,545,545,545,545,0
2022-11-04 09:11:00,545,545,545,545,0
2022-11-04 09:12:00,540,540,545,545,12500
2022-11-04 09:13:00,540,540,545,545,0
2022-11-04 09:14:00,540,540,545,545,0
2022-11-04 09:15:00,540,540,545,545,0
2022-11-04 09:16:00,540,540,545,545,0
2022-11-04 09:17:00,540,540,545,545,0
2022-11-04 09:18:00,540,540,545,545,0
2022-11-04 09:19:00,540,540,545,545,0
2022-11-04 09:20:00,540,540,545,545,0
2022-11-04 09:21:00,540,540,545,545,0
2022-11-04 09:22:00,540,540,545,545,0
2022-11-04 09:23:00,540,540,545,545,0
2022-11-04 09:24:00,540,540,545,545,0
2022-11-04 09:25:00,540,540,545,545,0
2022-11-04 09:26:00,540,540,545,545,0
2022-11-04 09:27:00,540,540,545,545,0
2022-11-04 09:28:00,540,540,545,545,0
2022-11-04 09:29:00,540,540,545,545,0
2022-11-04 09:30:00,540,540,540,540,9800
2022-11-04 09:31:00,540,540,540,540,0
2022-11-04 09:32:00,540,540,540,540,5000
2022-11-04 09:33:00,540,540,540,540,10100
2022-11-04 09:34:00,545,545,545,545,0
2022-11-04 09:35:00,545,545,545,545,300
2022-11-04 09:36:00,545,545,545,545,100
2022-11-04 09:37:00,545,545,545,545,0
2022-11-04 09:38:00,545,545,545,545,109800
2022-11-04 09:39:00,545,545,545,545,0
2022-11-04 09:40:00,545,545,545,545,0
2022-11-04 09:41:00,545,545,545,545,0
2022-11-04 09:42:00,545,545,545,545,0
2022-11-04 09:43:00,545,545,545,545,0
2022-11-04 09:44:00,545,545,545,545,0
2022-11-04 09:45:00,545,545,545,545,0
2022-11-04 09:46:00,545,545,545,545,0
2022-11-04 09:47:00,545,545,545,545,0
2022-11-04 09:48:00,545,545,545,545,0
2022-11-04 09:49:00,545,545,545,545,0
2022-11-04 09:50:00,545,545,545,545,0
2022-11-04 09:51:00,545,545,545,545,6000
2022-11-04 09:52:00,545,545,545,545,0
2022-11-04 09:53:00,540,540,540,540,23100
2022-11-04 09:54:00,545,545,545,545,0
2022-11-04 09:55:00,545,545,545,545,0
2022-11-04 09:56:00,545,545,545,545,600
2022-11-04 09:57:00,545,545,545,545,100
2022-11-04 09:58:00,540,540,545,545,500
2022-11-04 09:59:00,540,540,545,545,0
2022-11-04 10:00:00,540,540,545,545,0
2022-11-04 10:01:00,540,540,545,545,0
2022-11-04 10:02:00,540,540,545,545,0
2022-11-04 10:03:00,540,535,540,535,57900
2022-11-04 10:04:00,535,535,535,535,1800
2022-11-04 10:05:00,535,535,535,535,0
2022-11-04 10:06:00,535,535,545,545,41200
2022-11-04 10:07:00,540,540,540,540,8300
2022-11-04 10:08:00,540,540,540,540,0
2022-11-04 10:09:00,540,540,540,540,800
2022-11-04 10:10:00,540,540,540,540,0
2022-11-04 10:11:00,540,540,540,540,0
2022-11-04 10:12:00,540,540,540,540,0
2022-11-04 10:13:00,540,540,540,540,0
2022-11-04 10:14:00,540,540,540,540,0
2022-11-04 10:15:00,540,540,540,540,0
2022-11-04 10:16:00,540,540,540,540,0
2022-11-04 10:17:00,540,540,540,540,0
2022-11-04 10:18:00,540,540,540,540,0
2022-11-04 10:19:00,540,540,540,540,0
2022-11-04 10:20:00,540,540,540,540,0
2022-11-04 10:21:00,540,540,540,540,2600
2022-11-04 10:22:00,540,540,540,540,0
2022-11-04 10:23:00,540,540,545,545,74900
2022-11-04 10:24:00,540,540,545,545,0
2022-11-04 10:25:00,545,545,545,545,300
2022-11-04 10:26:00,545,545,545,545,0
2022-11-04 10:27:00,545,545,545,545,0
2022-11-04 10:28:00,545,545,545,545,0
2022-11-04 10:29:00,545,545,545,545,0
2022-11-04 10:30:00,545,545,545,545,0
2022-11-04 10:31:00,545,545,545,545,0
2022-11-04 10:32:00,545,545,545,545,0
2022-11-04 10:33:00,545,545,545,545,0
2022-11-04 10:34:00,545,545,545,545,0
2022-11-04 10:35:00,545,545,545,545,0
2022-11-04 10:36:00,545,545,545,545,0
2022-11-04 10:37:00,545,545,545,545,0
2022-11-04 10:38:00,545,545,545,545,0
2022-11-04 10:39:00,545,545,545,545,0
2022-11-04 10:40:00,545,545,545,545,0
2022-11-04 10:41:00,545,545,545,545,0
2022-11-04 10:42:00,545,545,545,545,0
2022-11-04 10:43:00,545,545,545,545,0
2022-11-04 10:44:00,545,545,545,545,0
2022-11-04 10:45:00,545,545,545,545,0
2022-11-04 10:46:00,545,545,545,545,0
2022-11-04 10:47:00,545,545,545,545,0
2022-11-04 10:48:00,545,545,545,545,600
2022-11-04 10:49:00,545,545,545,545,0
2022-11-04 10:50:00,545,545,545,545,300
2022-11-04 10:51:00,545,545,545,545,0
2022-11-04 10:52:00,545,545,545,545,0
2022-11-04 10:53:00,545,545,545,545,0
2022-11-04 10:54:00,545,545,545,545,0
2022-11-04 10:55:00,545,545,545,545,0
2022-11-04 10:56:00,545,545,545,545,0
2022-11-04 10:57:00,545,545,545,545,0
2022-11-04 10:58:00,545,545,545,545,0
2022-11-04 10:59:00,545,545,545,545,0
2022-11-04 11:00:00,545,545,545,545,0
2022-11-04 11:01:00,545,545,545,545,0
2022-11-04 11:02:00,545,545,545,545,0
2022-11-04 11:03:00,545,545,545,545,0
2022-11-04 11:04:00,545,545,545,545,0
2022-11-04 11:05:00,545,545,545,545,0
2022-11-04 11:06:00,545,545,545,545,0
2022-11-04 11:07:00,545,545,545,545,0
2022-11-04 11:08:00,545,545,545,545,0
2022-11-04 11:09:00,545,545,545,545,0
2022-11-04 11:10:00,545,545,545,545,300
2022-11-04 11:11:00,545,545,545,545,0
2022-11-04 11:12:00,545,545,545,545,0
2022-11-04 11:13:00,545,545,545,545,0
2022-11-04 11:14:00,545,545,545,545,0
2022-11-04 11:15:00,545,545,545,545,0
2022-11-04 11:16:00,545,545,545,545,0
2022-11-04 11:17:00,545,545,545,545,0
2022-11-04 11:18:00,545,545,545,545,0
2022-11-04 11:19:00,545,545,545,545,500
2022-11-04 11:20:00,545,545,545,545,0
2022-11-04 11:21:00,545,545,545,545,0
2022-11-04 11:22:00,545,545,545,545,0
2022-11-04 11:23:00,545,545,545,545,0
2022-11-04 11:24:00,545,545,545,545,0
2022-11-04 11:25:00,545,545,545,545,0
2022-11-04 11:26:00,545,545,545,545,0
2022-11-04 11:27:00,545,545,545,545,0
2022-11-04 11:28:00,545,545,545,545,0
2022-11-04 11:29:00,545,545,545,545,0
2022-11-04 11:30:00,545,545,545,545,0
2022-11-04 11:31:00,545,545,545,545,0
2022-11-04 11:32:00,545,545,545,545,0
2022-11-04 11:33:00,545,545,545,545,0
2022-11-04 11:34:00,545,545,545,545,0
2022-11-04 11:35:00,545,545,545,545,0
2022-11-04 11:36:00,545,545,545,545,0
2022-11-04 11:37:00,545,545,545,545,0
2022-11-04 11:38:00,545,545,545,545,0
2022-11-04 11:39:00,545,545,545,545,0
2022-11-04 11:40:00,545,545,545,545,0
2022-11-04 11:41:00,545,545,545,545,0
2022-11-04 11:42:00,545,545,545,545,0
2022-11-04 11:43:00,545,545,545,545,0
2022-11-04 11:44:00,545,545,545,545,0
2022-11-04 11:45:00,545,545,545,545,0
2022-11-04 11:46:00,545,545,545,545,0
2022-11-04 11:47:00,545,545,545,545,0
2022-11-04 11:48:00,545,545,545,545,0
2022-11-04 11:49:00,545,545,545,545,0
2022-11-04 11:50:00,545,545,545,545,0
2022-11-04 11:51:00,545,545,545,545,0
2022-11-04 11:52:00,545,545,545,545,0
2022-11-04 11:53:00,545,545,545,545,0
2022-11-04 11:54:00,545,545,545,545,0
2022-11-04 11:55:00,545,545,545,545,0
2022-11-04 11:56:00,545,545,545,545,0
2022-11-04 11:57:00,545,545,545,545,0
2022-11-04 11:58:00,545,545,545,545,0
2022-11-04 11:59:00,545,545,545,545,0
2022-11-04 12:00:00,545,545,545,545,0
2022-11-04 12:01:00,545,545,545,545,0
2022-11-04 12:02:00,545,545,545,545,0
2022-11-04 12:03:00,545,545,545,545,0
2022-11-04 12:04:00,545,545,545,545,0
2022-11-04 12:05:00,545,545,545,545,0
2022-11-04 12:06:00,545,545,545,545,0
2022-11-04 12:07:00,545,545,545,545,0
2022-11-04 12:08:00,545,545,545,545,0
2022-11-04 12:09:00,545,545,545,545,0
2022-11-04 12:10:00,545,545,545,545,0
2022-11-04 12:11:00,545,545,545,545,0
2022-11-04 12:12:00,545,545,545,545,0
2022-11-04 12:13:00,545,545,545,545,0
2022-11-04 12:14:00,545,545,545,545,0
2022-11-04 12:15:00,545,545,545,545,0
2022-11-04 12:16:00,545,545,545,545,0
2022-11-04 12:17:00,545,545,545,545,0
2022-11-04 12:18:00,545,545,545,545,0
2022-11-04 12:19:00,545,545,545,545,0
2022-11-04 12:20:00,545,545,545,545,0
2022-11-04 12:21:00,545,545,545,545,0
2022-11-04 12:22:00,545,545,545,545,0
2022-11-04 12:23:00,545,545,545,545,0
2022-11-04 12:24:00,545,545,545,545,0
2022-11-04 12:25:00,545,545,545,545,0
2022-11-04 12:26:00,545,545,545,545,0
2022-11-04 12:27:00,545,545,545,545,0
2022-11-04 12:28:00,545,545,545,545,0
2022-11-04 12:29:00,545,545,545,545,0
2022-11-04 12:30:00,545,545,545,545,0
2022-11-04 12:31:00,545,545,545,545,0
2022-11-04 12:32:00,545,545,545,545,0
2022-11-04 12:33:00,545,545,545,545,0
2022-11-04 12:34:00,545,545,545,545,0
2022-11-04 12:35:00,545,545,545,545,0
2022-11-04 12:36:00,545,545,545,545,0
2022-11-04 12:37:00,545,545,545,545,0
2022-11-04 12:38:00,545,545,545,545,0
2022-11-04 12:39:00,545,545,545,545,0
2022-11-04 12:40:00,545,545,545,545,0
2022-11-04 12:41:00,545,545,545,545,0
2022-11-04 12:42:00,545,545,545,545,0
2022-11-04 12:43:00,545,545,545,545,0
2022-11-04 12:44:00,545,545,545,545,0
2022-11-04 12:45:00,545,545,545,545,0
2022-11-04 12:46:00,545,545,545,545,0
2022-11-04 12:47:00,545,545,545,545,0
2022-11-04 12:48:00,545,545,545,545,0
2022-11-04 12:49:00,545,545,545,545,0
2022-11-04 12:50:00,545,545,545,545,0
2022-11-04 12:51:00,545,545,545,545,0
2022-11-04 12:52:00,545,545,545,545,0
2022-11-04 12:53:00,545,545,545,545,0
2022-11-04 12:54:00,545,545,545,545,0
2022-11-04 12:55:00,545,545,545,545,0
2022-11-04 12:56:00,545,545,545,545,0
2022-11-04 12:57:00,545,545,545,545,0
2022-11-04 12:58:00,545,545,545,545,0
2022-11-04 12:59:00,545,545,545,545,0
2022-11-04 13:00:00,545,545,545,545,0
2022-11-04 13:01:00,545,545,545,545,0
2022-11-04 13:02:00,545,545,545,545,0
2022-11-04 13:03:00,545,545,545,545,0
2022-11-04 13:04:00,545,545,545,545,0
2022-11-04 13:05:00,545,545,545,545,0
2022-11-04 13:06:00,545,545,545,545,0
2022-11-04 13:07:00,545,545,545,545,0
2022-11-04 13:08:00,545,545,545,545,0
2022-11-04 13:09:00,545,545,545,545,0
2022-11-04 13:10:00,545,545,545,545,0
2022-11-04 13:11:00,545,545,545,545,0
2022-11-04 13:12:00,545,545,545,545,0
2022-11-04 13:13:00,545,545,545,545,0
2022-11-04 13:14:00,545,545,545,545,0
2022-11-04 13:15:00,545,545,545,545,0
2022-11-04 13:16:00,545,545,545,545,0
2022-11-04 13:17:00,545,545,545,545,0
2022-11-04 13:18:00,545,545,545,545,0
2022-11-04 13:19:00,545,545,545,545,0
2022-11-04 13:20:00,545,545,545,545,0
2022-11-04 13:21:00,545,545,545,545,0
2022-11-04 13:22:00,545,545,545,545,0
2022-11-04 13:23:00,545,545,545,545,0
2022-11-04 13:24:00,545,545,545,545,0
2022-11-04 13:25:00,545,545,545,545,0
2022-11-04 13:26:00,545,545,545,545,0
2022-11-04 13:27:00,545,545,545,545,0
2022-11-04 13:28:00,545,545,545,545,0
2022-11-04 13:29:00,545,545,545,545,0
2022-11-04 13:30:00,545,545,545,545,0
2022-11-04 13:31:00,545,545,545,545,329000
2022-11-04 13:32:00,540,540,545,545,0
2022-11-04 13:33:00,540,540,545,545,0
2022-11-04 13:34:00,540,540,545,545,0
2022-11-04 13:35:00,540,540,545,545,0
2022-11-04 13:36:00,540,540,545,545,0
2022-11-04 13:37:00,540,540,545,545,0
2022-11-04 13:38:00,540,540,545,545,0
2022-11-04 13:39:00,540,540,545,545,0
2022-11-04 13:40:00,540,540,545,545,0
2022-11-04 13:41:00,540,540,545,545,0
2022-11-04 13:42:00,540,540,545,545,0
2022-11-04 13:43:00,540,540,545,545,0
2022-11-04 13:44:00,540,540,545,545,0
2022-11-04 13:45:00,540,540,545,545,0
2022-11-04 13:46:00,540,540,545,545,0
2022-11-04 13:47:00,540,540,545,545,0
2022-11-04 13:48:00,540,540,545,545,0
2022-11-04 13:49:00,540,540,545,545,0
2022-11-04 13:50:00,540,540,545,545,0
2022-11-04 13:51:00,545,545,545,545,1000
2022-11-04 13:52:00,545,545,545,545,0
2022-11-04 13:53:00,545,545,545,545,0
2022-11-04 13:54:00,545,545,545,545,0
2022-11-04 13:55:00,545,545,545,545,0
2022-11-04 13:56:00,545,545,545,545,0
2022-11-04 13:57:00,545,545,545,545,0
2022-11-04 13:58:00,545,545,545,545,0
2022-11-04 13:59:00,545,545,545,545,0
2022-11-04 14:00:00,545,545,545,545,0
2022-11-04 14:01:00,545,545,545,545,0
2022-11-04 14:02:00,545,545,545,545,0
2022-11-04 14:03:00,545,545,545,545,0
2022-11-04 14:04:00,545,545,545,545,0
2022-11-04 14:05:00,545,545,545,545,0
2022-11-04 14:06:00,545,545,545,545,0
2022-11-04 14:07:00,545,545,545,545,0
2022-11-04 14:08:00,545,545,545,545,300
2022-11-04 14:09:00,545,545,545,545,0
2022-11-04 14:10:00,545,545,545,545,0
2022-11-04 14:11:00,545,545,545,545,0
2022-11-04 14:12:00,545,545,545,545,600
2022-11-04 14:13:00,545,545,545,545,0
2022-11-04 14:14:00,545,545,545,545,0
2022-11-04 14:15:00,545,545,545,545,0
2022-11-04 14:16:00,540,540,545,545,1100
2022-11-04 14:17:00,545,545,545,545,0
2022-11-04 14:18:00,545,545,545,545,0
2022-11-04 14:19:00,545,545,545,545,0
2022-11-04 14:20:00,545,545,545,545,0
2022-11-04 14:21:00,545,545,545,545,0
2022-11-04 14:22:00,545,545,545,545,0
2022-11-04 14:23:00,545,545,545,545,0
2022-11-04 14:24:00,545,545,545,545,0
2022-11-04 14:25:00,545,545,545,545,0
2022-11-04 14:26:00,545,545,545,545,0
2022-11-04 14:27:00,545,545,545,545,0
2022-11-04 14:28:00,545,545,545,545,0
2022-11-04 14:29:00,545,545,545,545,800
2022-11-04 14:30:00,545,545,545,545,0
2022-11-04 14:31:00,545,545,545,545,600
2022-11-04 14:32:00,545,545,545,545,0
2022-11-04 14:33:00,545,545,545,545,0
2022-11-04 14:34:00,545,545,545,545,0
2022-11-04 14:35:00,545,545,545,545,0
2022-11-04 14:36:00,545,545,545,545,0
2022-11-04 14:37:00,545,545,545,545,90500
2022-11-04 14:38:00,545,545,545,545,0
2022-11-04 14:39:00,545,545,545,545,0
2022-11-04 14:40:00,545,545,545,545,0
2022-11-04 14:41:00,545,545,545,545,0
2022-11-04 14:42:00,545,545,545,545,0
2022-11-04 14:43:00,545,545,545,545,1100
2022-11-04 14:44:00,545,545,545,545,200
2022-11-04 14:45:00,545,545,545,545,800
2022-11-04 14:46:00,545,545,545,545,500
2022-11-04 14:47:00,545,545,545,545,700
2022-11-04 14:48:00,545,545,545,545,800
2022-11-04 14:49:00,545,545,545,545,2100
2022-11-04 14:50:00,545,545,545,545,0
2022-11-04 14:51:00,545,545,545,545,0
2022-11-04 14:52:00,545,545,545,545,0
2022-11-04 14:53:00,545,545,545,545,0
2022-11-04 14:54:00,545,545,545,545,0
2022-11-04 14:55:00,545,545,545,545,0
2022-11-04 14:56:00,545,545,545,545,0
2022-11-04 14:57:00,545,545,545,545,0
2022-11-04 14:58:00,545,545,545,545,0
2022-11-04 14:59:00,545,545,545,545,0
2022-11-04 15:00:00,540,540,540,540,186800
2022-11-04 15:01:00,540,540,540,540,0
2022-11-04 15:02:00,540,540,540,540,7400
2022-11-04 15:03:00,540,540,540,540,0
2022-11-04 15:04:00,540,540,540,540,0
2022-11-04 15:05:00,540,540,540,540,0
2022-11-04 15:06:00,540,540,540,540,0
2022-11-04 15:07:00,540,540,540,540,0
2022-11-04 15:08:00,540,540,540,540,0
2022-11-04 15:09:00,540,540,540,540,0
2022-11-04 15:10:00,540,540,540,540,0
2022-11-04 15:11:00,540,540,540,540,0
2022-11-04 15:12:00,540,540,540,540,0
2022-11-04 15:13:00,540,540,540,540,0
2022-11-04 15:14:00,540,540,540,540,9700
2022-11-04 15:15:00,540,540,540,540,0
2022-11-04 15:16:00,540,540,540,540,0
2022-11-04 15:17:00,540,540,540,540,0
2022-11-04 15:18:00,540,540,540,540,0
2022-11-04 15:19:00,540,540,540,540,0
2022-11-04 15:20:00,540,540,540,540,0
2022-11-04 15:21:00,540,540,540,540,0
2022-11-04 15:22:00,540,540,540,540,0
2022-11-04 15:23:00,540,540,540,540,0
2022-11-04 15:24:00,540,540,540,540,0
2022-11-04 15:25:00,540,540,540,540,0
2022-11-04 15:26:00,540,540,540,540,0
2022-11-04 15:27:00,540,540,540,540,0
2022-11-04 15:28:00,540,540,540,540,0
2022-11-04 15:29:00,540,540,540,540,0
2022-11-04 15:30:00,540,540,540,540,0
2022-11-04 15:31:00,540,540,540,540,0
2022-11-04 15:32:00,540,540,540,540,0
2022-11-04 15:33:00,540,540,540,540,0
2022-11-04 15:34:00,540,540,540,540,0
2022-11-04 15:35:00,540,540,540,540,0
2022-11-04 15:36:00,540,540,540,540,0
2022-11-04 15:37:00,540,540,540,540,0
2022-11-04 15:38:00,540,540,540,540,0
2022-11-04 15:39:00,540,540,540,540,0
2022-11-04 15:40:00,540,540,540,540,0
2022-11-04 15:41:00,540,540,540,540,0
2022-11-04 15:42:00,540,540,540,540,0
2022-11-04 15:43:00,540,540,540,540,0
2022-11-04 15:44:00,540,540,540,540,0
2022-11-04 15:45:00,540,540,540,540,0
2022-11-04 15:46:00,540,540,540,540,0
2022-11-04 15:47:00,540,540,540,540,0
2022-11-04 15:48:00,540,540,540,540,0
2022-11-04 15:49:00,540,540,540,540,0
2022-11-04 15:50:00,540,540,540,540,0
2022-11-04 15:51:00,540,540,540,540,0
2022-11-04 15:52:00,540,540,540,540,0
2022-11-04 15:53:00,540,540,540,540,0
2022-11-04 15:54:00,540,540,540,540,0
2022-11-04 15:55:00,540,540,540,540,0
2022-11-04 15:56:00,540,540,540,540,0
2022-11-04 15:57:00,540,540,540,540,0
2022-11-04 15:58:00,540,540,540,540,0
2022-11-04 15:59:00,540,540,540,540,0
2022-11-07 09:00:00,545,545,545,545,0
2022-11-07 09:01:00,545,545,545,545,0
2022-11-07 09:02:00,545,545,545,545,0
2022-11-07 09:03:00,545,545,545,545,0
2022-11-07 09:04:00,545,545,545,545,0
2022-11-07 09:05:00,545,545,545,545,0
2022-11-07 09:06:00,545,545,545,545,0
2022-11-07 09:07:00,545,545,545,545,0
2022-11-07 09:08:00,545,545,545,545,0
2022-11-07 09:09:00,545,545,545,545,0
2022-11-07 09:10:00,545,545,545,545,0
2022-11-07 09:11:00,545,545,545,545,0
2022-11-07 09:12:00,545,545,545,545,0
2022-11-07 09:13:00,545,545,545,545,0
2022-11-07 09:14:00,545,545,545,545,0
2022-11-07 09:15:00,545,545,545,545,0
2022-11-07 09:16:00,545,545,545,545,0
2022-11-07 09:17:00,545,545,545,545,0
2022-11-07 09:18:00,545,545,545,545,0
2022-11-07 09:19:00,545,545,545,545,0
2022-11-07 09:20:00,545,545,545,545,0
2022-11-07 09:21:00,545,545,545,545,0
2022-11-07 09:22:00,545,545,545,545,0
2022-11-07 09:23:00,545,545,545,545,0
2022-11-07 09:24:00,545,545,545,545,0
2022-11-07 09:25:00,545,545,545,545,0
2022-11-07 09:26:00,545,545,545,545,0
2022-11-07 09:27:00,545,545,545,545,0
2022-11-07 09:28:00,545,545,545,545,0
2022-11-07 09:29:00,545,545,545,545,0
2022-11-07 09:30:00,545,545,545,545,0
2022-11-07 09:31:00,545,545,545,545,0
2022-11-07 09:32:00,545,545,545,545,0
2022-11-07 09:33:00,545,545,545,545,0
2022-11-07 09:34:00,545,545,545,545,0
2022-11-07 09:35:00,545,545,545,545,0
2022-11-07 09:36:00,545,545,545,545,0
2022-11-07 09:37:00,545,545,545,545,0
2022-11-07 09:38:00,545,545,545,545,0
2022-11-07 09:39:00,545,545,545,545,0
2022-11-07 09:40:00,545,545,545,545,0
2022-11-07 09:41:00,545,545,545,545,0
2022-11-07 09:42:00,545,545,545,545,0
2022-11-07 09:43:00,545,545,545,545,0
2022-11-07 09:44:00,545,545,545,545,0
2022-11-07 09:45:00,545,545,545,545,0
2022-11-07 09:46:00,545,545,545,545,0
2022-11-07 09:47:00,545,545,545,545,0
2022-11-07 09:48:00,545,545,545,545,0
2022-11-07 09:49:00,545,545,545,545,0
2022-11-07 09:50:00,545,545,545,545,0
2022-11-07 09:51:00,545,545,545,545,0
2022-11-07 09:52:00,545,545,545,545,0
2022-11-07 09:53:00,545,545,545,545,0
2022-11-07 09:54:00,545,545,545,545,0
2022-11-07 09:55:00,545,545,545,545,0
2022-11-07 09:56:00,545,545,545,545,0
2022-11-07 09:57:00,545,545,545,545,0
2022-11-07 09:58:00,545,545,545,545,0
2022-11-07 09:59:00,545,545,545,545,0
2022-11-07 10:00:00,545,545,545,545,0
2022-11-07 10:01:00,545,545,545,545,0
2022-11-07 10:02:00,545,545,545,545,0
2022-11-07 10:03:00,545,545,545,545,0
2022-11-07 10:04:00,545,545,545,545,0
2022-11-07 10:05:00,545,545,545,545,0
2022-11-07 10:06:00,545,545,545,545,0
2022-11-07 10:07:00,545,545,545,545,0
2022-11-07 10:08:00,545,545,545,545,0
2022-11-07 10:09:00,545,545,545,545,0
2022-11-07 10:10:00,545,545,545,545,0
2022-11-07 10:11:00,545,545,545,545,0
2022-11-07 10:12:00,545,545,545,545,0
2022-11-07 10:13:00,545,545,545,545,0
2022-11-07 10:14:00,545,545,545,545,0
2022-11-07 10:15:00,545,545,545,545,0
2022-11-07 10:16:00,545,545,545,545,0
2022-11-07 10:17:00,545,545,545,545,0
2022-11-07 10:18:00,545,545,545,545,0
2022-11-07 10:19:00,545,545,545,545,0
2022-11-07 10:20:00,545,545,545,545,0
2022-11-07 10:21:00,545,545,545,545,0
2022-11-07 10:22:00,545,545,545,545,0
2022-11-07 10:23:00,545,545,545,545,0
2022-11-07 10:24:00,545,545,545,545,0
2022-11-07 10:25:00,545,545,545,545,0
2022-11-07 10:26:00,545,545,545,545,0
2022-11-07 10:27:00,545,545,545,545,0
2022-11-07 10:28:00,545,545,545,545,0
2022-11-07 10:29:00,545,545,545,545,0
2022-11-07 10:30:00,545,545,545,545,0
2022-11-07 10:31:00,545,545,545,545,0
2022-11-07 10:32:00,545,545,545,545,0
2022-11-07 10:33:00,545,545,545,545,0
2022-11-07 10:34:00,545,545,545,545,0
2022-11-07 10:35:00,545,545,545,545,0
2022-11-07 10:36:00,545,545,545,545,0
2022-11-07 10:37:00,545,545,545,545,0
2022-11-07 10:38:00,545,545,545,545,0
2022-11-07 10:39:00,545,545,545,545,0
2022-11-07 10:40:00,545,545,545,545,0
2022-11-07 10:41:00,545,545,545,545,0
2022-11-07 10:42:00,545,545,545,545,0
2022-11-07 10:43:00,545,545,545,545,0
2022-11-07 10:44:00,545,545,545,545,0
2022-11-07 10:45:00,545,545,545,545,0
2022-11-07 10:46:00,545,545,545,545,0
2022-11-07 10:47:00,545,545,545,545,0
2022-11-07 10:48:00,545,545,545,545,0
2022-11-07 10:49:00,545,545,545,545,0
2022-11-07 10:50:00,545,545,545,545,0
2022-11-07 10:51:00,545,545,545,545,0
2022-11-07 10:52:00,545,545,545,545,0
2022-11-07 10:53:00,545,545,545,545,0
2022-11-07 10:54:00,545,545,545,545,0
2022-11-07 10:55:00,545,545,545,545,0
2022-11-07 10:56:00,545,545,545,545,0
2022-11-07 10:57:00,545,545,545,545,0
2022-11-07 10:58:00,545,545,545,545,0
2022-11-07 10:59:00,545,545,545,545,0
2022-11-07 11:00:00,545,545,545,545,0
2022-11-07 11:01:00,545,545,545,545,0
2022-11-07 11:02:00,545,545,545,545,0
2022-11-07 11:03:00,545,545,545,545,0
2022-11-07 11:04:00,545,545,545,545,0
2022-11-07 11:05:00,545,545,545,545,0
2022-11-07 11:06:00,545,545,545,545,0
2022-11-07 11:07:00,545,545,545,545,0
2022-11-07 11:08:00,545,545,545,545,0
2022-11-07 11:09:00,545,545,545,545,0
2022-11-07 11:10:00,545,545,545,545,0
2022-11-07 11:11:00,545,545,545,545,0
2022-11-07 11:12:00,545,545,545,545,0
2022-11-07 11:13:00,545,545,545,545,0
2022-11-07 11:14:00,545,545,545,545,0
2022-11-07 11:15:00,545,545,545,545,0
2022-11-07 11:16:00,545,545,545,545,0
2022-11-07 11:17:00,545,545,545,545,0
2022-11-07 11:18:00,545,545,545,545,0
2022-11-07 11:19:00,545,545,545,545,0
2022-11-07 11:20:00,545,545,545,545,0
2022-11-07 11:21:00,545,545,545,545,0
2022-11-07 11:22:00,545,545,545,545,0
2022-11-07 11:23:00,545,545,545,545,0
2022-11-07 11:24:00,545,545,545,545,0
2022-11-07 11:25:00,545,545,545,545,0
2022-11-07 11:26:00,545,545,545,545,0
2022-11-07 11:27:00,545,545,545,545,0
2022-11-07 11:28:00,545,545,545,545,0
2022-11-07 11:29:00,545,545,545,545,0
2022-11-07 11:30:00,545,545,545,545,0
2022-11-07 11:31:00,545,545,545,545,0
2022-11-07 11:32:00,545,545,545,545,0
2022-11-07 11:33:00,545,545,545,545,0
2022-11-07 11:34:00,545,545,545,545,0
2022-11-07 11:35:00,545,545,545,545,0
2022-11-07 11:36:00,545,545,545,545,0
2022-11-07 11:37:00,545,545,545,545,0
2022-11-07 11:38:00,545,545,545,545,0
2022-11-07 11:39:00,545,545,545,545,0
2022-11-07 11:40:00,545,545,545,545,0
2022-11-07 11:41:00,545,545,545,545,0
2022-11-07 11:42:00,545,545,545,545,0
2022-11-07 11:43:00,545,545,545,545,0
2022-11-07 11:44:00,545,545,545,545,0
2022-11-07 11:45:00,545,545,545,545,0
2022-11-07 11:46:00,545,545,545,545,0
2022-11-07 11:47:00,545,545,545,545,0
2022-11-07 11:48:00,545,545,545,545,0
2022-11-07 11:49:00,545,545,545,545,0
2022-11-07 11:50:00,545,545,545,545,0
2022-11-07 11:51:00,545,545,545,545,0
2022-11-07 11:52:00,545,545,545,545,0
2022-11-07 11:53:00,545,545,545,545,0
2022-11-07 11:54:00,545,545,545,545,0
2022-11-07 11:55:00,545,545,545,545,0
2022-11-07 11:56:00,545,545,545,545,0
2022-11-07 11:57:00,545,545,545,545,0
2022-11-07 11:58:00,545,545,545,545,0
2022-11-07 11:59:00,545,545,545,545,0
2022-11-07 12:00:00,545,545,545,545,0
2022-11-07 12:01:00,545,545,545,545,0
2022-11-07 12:02:00,545,545,545,545,0
2022-11-07 12:03:00,545,545,545,545,0
2022-11-07 12:04:00,545,545,545,545,0
2022-11-07 12:05:00,545,545,545,545,0
2022-11-07 12:06:00,545,545,545,545,0
2022-11-07 12:07:00,545,545,545,545,0
2022-11-07 12:08:00,545,545,545,545,0
2022-11-07 12:09:00,545,545,545,545,0
2022-11-07 12:10:00,545,545,545,545,0
2022-11-07 12:11:00,545,545,545,545,0
2022-11-07 12:12:00,545,545,545,545,0
2022-11-07 12:13:00,545,545,545,545,0
2022-11-07 12:14:00,545,545,545,545,0
2022-11-07 12:15:00,545,545,545,545,0
2022-11-07 12:16:00,545,545,545,545,0
2022-11-07 12:17:00,545,545,545,545,0
2022-11-07 12:18:00,545,545,545,545,0
2022-11-07 12:19:00,545,545,545,545,0
2022-11-07 12:20:00,545,545,545,545,0
2022-11-07 12:21:00,545,545,545,545,0
2022-11-07 12:22:00,545,545,545,545,0
2022-11-07 12:23:00,545,545,545,545,0
2022-11-07 12:24:00,545,545,545,545,0
2022-11-07 12:25:00,545,545,545,545,0
2022-11-07 12:26:00,545,545,545,545,0
2022-11-07 12:27:00,545,545,545,545,0
2022-11-07 12:28:00,545,545,545,545,0
2022-11-07 12:29:00,545,545,545,545,0
2022-11-07 12:30:00,545,545,545,545,0
2022-11-07 12:31:00,545,545,545,545,0
2022-11-07 12:32:00,545,545,545,545,0
2022-11-07 12:33:00,545,545,545,545,0
2022-11-07 12:34:00,545,545,545,545,0
2022-11-07 12:35:00,545,545,545,545,0
2022-11-07 12:36:00,545,545,545,545,0
2022-11-07 12:37:00,545,545,545,545,0
2022-11-07 12:38:00,545,545,545,545,0
2022-11-07 12:39:00,545,545,545,545,0
2022-11-07 12:40:00,545,545,545,545,0
2022-11-07 12:41:00,545,545,545,545,0
2022-11-07 12:42:00,545,545,545,545,0
2022-11-07 12:43:00,545,545,545,545,0
2022-11-07 12:44:00,545,545,545,545,0
2022-11-07 12:45:00,545,545,545,545,0
2022-11-07 12:46:00,545,545,545,545,0
2022-11-07 12:47:00,545,545,545,545,0
2022-11-07 12:48:00,545,545,545,545,0
2022-11-07 12:49:00,545,545,545,545,0
2022-11-07 12:50:00,545,545,545,545,0
2022-11-07 12:51:00,545,545,545,545,0
2022-11-07 12:52:00,545,545,545,545,0
2022-11-07 12:53:00,545,545,545,545,0
2022-11-07 12:54:00,545,545,545,545,0
2022-11-07 12:55:00,545,545,545,545,0
2022-11-07 12:56:00,545,545,545,545,0
2022-11-07 12:57:00,545,545,545,545,0
2022-11-07 12:58:00,545,545,545,545,0
2022-11-07 12:59:00,545,545,545,545,0
2022-11-07 13:00:00,545,545,545,545,0
2022-11-07 13:01:00,545,545,545,545,0
2022-11-07 13:02:00,545,545,545,545,0
2022-11-07 13:03:00,545,545,545,545,0
2022-11-07 13:04:00,545,545,545,545,0
2022-11-07 13:05:00,545,545,545,545,0
2022-11-07 13:06:00,545,545,545,545,0
2022-11-07 13:07:00,545,545,545,545,0
2022-11-07 13:08:00,545,545,545,545,0
2022-11-07 13:09:00,545,545,545,545,0
2022-11-07 13:10:00,545,545,545,545,0
2022-11-07 13:11:00,545,545,545,545,0
2022-11-07 13:12:00,545,545,545,545,0
2022-11-07 13:13:00,545,545,545,545,0
2022-11-07 13:14:00,545,545,545,545,0
2022-11-07 13:15:00,545,545,545,545,0
2022-11-07 13:16:00,545,545,545,545,0
2022-11-07 13:17:00,545,545,545,545,0
2022-11-07 13:18:00,545,545,545,545,0
2022-11-07 13:19:00,545,545,545,545,0
2022-11-07 13:20:00,545,545,545,545,0
2022-11-07 13:21:00,545,545,545,545,0
2022-11-07 13:22:00,545,545,545,545,0
2022-11-07 13:23:00,545,545,545,545,0
2022-11-07 13:24:00,545,545,545,545,0
2022-11-07 13:25:00,545,545,545,545,0
2022-11-07 13:26:00,545,545,545,545,0
2022-11-07 13:27:00,545,545,545,545,0
2022-11-07 13:28:00,545,545,545,545,0
2022-11-07 13:29:00,545,545,545,545,0
2022-11-07 13:30:00,545,545,545,545,0
2022-11-07 13:31:00,545,545,545,545,0
2022-11-07 13:32:00,545,545,545,545,0
2022-11-07 13:33:00,545,545,545,545,0
2022-11-07 13:34:00,545,545,545,545,0
2022-11-07 13:35:00,545,545,545,545,0
2022-11-07 13:36:00,545,545,545,545,0
2022-11-07 13:37:00,545,545,545,545,0
2022-11-07 13:38:00,545,545,545,545,0
2022-11-07 13:39:00,545,545,545,545,0
2022-11-07 13:40:00,545,545,545,545,0
2022-11-07 13:41:00,545,545,545,545,0
2022-11-07 13:42:00,545,545,545,545,0
2022-11-07 13:43:00,545,545,545,545,0
2022-11-07 13:44:00,545,545,545,545,0
2022-11-07 13:45:00,545,545,545,545,0
2022-11-07 13:46:00,545,545,545,545,0
2022-11-07 13:47:00,545,545,545,545,0
2022-11-07 13:48:00,545,545,545,545,0
2022-11-07 13:49:00,545,545,545,545,0
2022-11-07 13:50:00,545,545,545,545,0
2022-11-07 13:51:00,545,545,545,545,0
2022-11-07 13:52:00,545,545,545,545,0
2022-11-07 13:53:00,545,545,545,545,0
2022-11-07 13:54:00,545,545,545,545,0
2022-11-07 13:55:00,545,545,545,545,0
2022-11-07 13:56:00,545,545,545,545,0
2022-11-07 13:57:00,545,545,545,545,0
2022-11-07 13:58:00,545,545,545,545,0
2022-11-07 13:59:00,545,545,545,545,0
2022-11-07 14:00:00,545,545,545,545,0
2022-11-07 14:01:00,545,545,545,545,0
2022-11-07 14:02:00,545,545,545,545,0
2022-11-07 14:03:00,545,545,545,545,0
2022-11-07 14:04:00,545,545,545,545,0
2022-11-07 14:05:00,545,545,545,545,0
2022-11-07 14:06:00,545,545,545,545,0
2022-11-07 14:07:00,545,545,545,545,0
2022-11-07 14:08:00,545,545,545,545,0
2022-11-07 14:09:00,545,545,545,545,0
2022-11-07 14:10:00,545,545,545,545,0
2022-11-07 14:11:00,545,545,545,545,0
2022-11-07 14:12:00,545,545,545,545,0
2022-11-07 14:13:00,545,545,545,545,0
2022-11-07 14:14:00,545,545,545,545,0
2022-11-07 14:15:00,545,545,545,545,0
2022-11-07 14:16:00,545,545,545,545,0
2022-11-07 14:17:00,545,545,545,545,0
2022-11-07 14:18:00,545,545,545,545,0
2022-11-07 14:19:00,545,545,545,545,0
2022-11-07 14:20:00,545,545,545,545,0
2022-11-07 14:21:00,545,545,545,545,0
2022-11-07 14:22:00,545,545,545,545,0
2022-11-07 14:23:00,545,545,545,545,0
2022-11-07 14:24:00,545,545,545,545,0
2022-11-07 14:25:00,545,545,545,545,0
2022-11-07 14:26:00,545,545,545,545,0
2022-11-07 14:27:00,545,545,545,545,0
2022-11-07 14:28:00,545,545,545,545,0
2022-11-07 14:29:00,545,545,545,545,0
2022-11-07 14:30:00,545,545,545,545,0
2022-11-07 14:31:00,545,545,545,545,0
2022-11-07 14:32:00,545,545,545,545,0
2022-11-07 14:33:00,545,545,545,545,0
2022-11-07 14:34:00,545,545,545,545,0
2022-11-07 14:35:00,545,545,545,545,0
2022-11-07 14:36:00,545,545,545,545,0
2022-11-07 14:37:00,545,545,545,545,0
2022-11-07 14:38:00,545,545,545,545,0
2022-11-07 14:39:00,545,545,545,545,0
2022-11-07 14:40:00,545,545,545,545,0
2022-11-07 14:41:00,545,545,545,545,0
2022-11-07 14:42:00,545,545,545,545,0
2022-11-07 14:43:00,545,545,545,545,0
2022-11-07 14:44:00,545,545,545,545,0
2022-11-07 14:45:00,545,545,545,545,0
2022-11-07 14:46:00,545,545,545,545,0
2022-11-07 14:47:00,545,545,545,545,0
2022-11-07 14:48:00,545,545,545,545,0
2022-11-07 14:49:00,545,545,545,545,0
2022-11-07 14:50:00,545,545,545,545,0
2022-11-07 14:51:00,545,545,545,545,0
2022-11-07 14:52:00,545,545,545,545,0
2022-11-07 14:53:00,545,545,545,545,0
2022-11-07 14:54:00,545,545,545,545,0
2022-11-07 14:55:00,545,545,545,545,0
2022-11-07 14:56:00,545,545,545,545,0
2022-11-07 14:57:00,545,545,545,545,0
2022-11-07 14:58:00,545,545,545,545,0
2022-11-07 14:59:00,545,545,545,545,0
2022-11-07 15:00:00,545,545,545,545,0
2022-11-07 15:01:00,545,545,545,545,0
2022-11-07 15:02:00,545,545,545,545,0
2022-11-07 15:03:00,545,545,545,545,0
2022-11-07 15:04:00,545,545,545,545,0
2022-11-07 15:05:00,545,545,545,545,0
2022-11-07 15:06:00,545,545,545,545,0
2022-11-07 15:07:00,545,545,545,545,0
2022-11-07 15:08:00,545,545,545,545,0
2022-11-07 15:09:00,545,545,545,545,0
2022-11-07 15:10:00,545,545,545,545,0
2022-11-07 15:11:00,545,545,545,545,0
2022-11-07 15:12:00,545,545,545,545,0
2022-11-07 15:13:00,545,545,545,545,0
2022-11-07 15:14:00,545,545,545,545,0
2022-11-07 15:15:00,545,545,545,545,0
2022-11-07 15:16:00,545,545,545,545,0
2022-11-07 15:17:00,545,545,545,545,0
2022-11-07 15:18:00,545,545,545,545,0
2022-11-07 15:19:00,545,545,545,545,0
2022-11-07 15:20:00,545,545,545,545,0
2022-11-07 15:21:00,545,545,545,545,0
2022-11-07 15:22:00,545,545,545,545,0
2022-11-07 15:23:00,545,545,545,545,0
2022-11-07 15:24:00,545,545,545,545,0
2022-11-07 15:25:00,545,545,545,545,0
2022-11-07 15:26:00,545,545,545,545,0
2022-11-07 15:27:00,545,545,545,545,0
2022-11-07 15:28:00,545,545,545,545,0
2022-11-07 15:29:00,545,545,545,545,0
2022-11-07 15:30:00,545,545,545,545,0
2022-11-07 15:31:00,545,545,545,545,0
2022-11-07 15:32:00,545,545,545,545,0
2022-11-07 15:33:00,545,545,545,545,0
2022-11-07 15:34:00,545,545,545,545,0
2022-11-07 15:35:00,545,545,545,545,0
2022-11-07 15:36:00,545,545,545,545,0
2022-11-07 15:37:00,545,545,545,545,0
2022-11-07 15:38:00,545,545,545,545,0
2022-11-07 15:39:00,545,545,545,545,0
2022-11-07 15:40:00,545,545,545,545,0
2022-11-07 15:41:00,545,545,545,545,0
2022-11-07 15:42:00,545,545,545,545,0
2022-11-07 15:43:00,545,545,545,545,0
2022-11-07 15:44:00,545,545,545,545,0
2022-11-07 15:45:00,545,545,545,545,0
2022-11-07 15:46:00,545,545,545,545,0
2022-11-07 15:47:00,545,545,545,545,0
2022-11-07 15:48:00,545,545,545,545,0
2022-11-07 15:49:00,545,545,545,545,0
2022-11-07 15:50:00,545,545,545,545,0
2022-11-07 15:51:00,545,545,545,545,0
2022-11-07 15:52:00,545,545,545,545,0
2022-11-07 15:53:00,545,545,545,545,0
2022-11-07 15:54:00,545,545,545,545,0
2022-11-07 15:55:00,545,545,545,545,0
2022-11-07 15:56:00,545,545,545,545,0
2022-11-07 15:57:00,545,545,545,545,0
2022-11-07 15:58:00,545,545,545,545,0
2022-11-07 15:59:00,545,545,545,545,0
2022-11-08 09:00:00,545,545,545,545,0
2022-11-08 09:01:00,545,545,545,545,0
2022-11-08 09:02:00,545,545,545,545,0
2022-11-08 09:03:00,545,545,545,545,0
2022-11-08 09:04:00,545,545,545,545,0
2022-11-08 09:05:00,545,545,545,545,0
2022-11-08 09:06:00,545,545,545,545,0
2022-11-08 09:07:00,545,545,545,545,0
2022-11-08 09:08:00,545,545,545,545,0
2022-11-08 09:09:00,545,545,545,545,0
2022-11-08 09:10:00,545,545,545,545,0
2022-11-08 09:11:00,545,545,545,545,0
2022-11-08 09:12:00,545,545,545,545,0
2022-11-08 09:13:00,545,545,545,545,0
2022-11-08 09:14:00,545,545,545,545,0
2022-11-08 09:15:00,545,545,545,545,0
2022-11-08 09:16:00,545,545,545,545,0
2022-11-08 09:17:00,545,545,545,545,0
2022-11-08 09:18:00,545,545,545,545,0
2022-11-08 09:19:00,545,545,545,545,0
2022-11-08 09:20:00,545,545,545,545,0
2022-11-08 09:21:00,545,545,545,545,0
2022-11-08 09:22:00,545,545,545,545,0
2022-11-08 09:23:00,545,545,545,545,0
2022-11-08 09:24:00,545,545,545,545,0
2022-11-08 09:25:00,545,545,545,545,0
2022-11-08 09:26:00,545,545,545,545,0
2022-11-08 09:27:00,545,545,545,545,0
2022-11-08 09:28:00,545,545,545,545,0
2022-11-08 09:29:00,545,545,545,545,0
2022-11-08 09:30:00,545,545,545,545,0
2022-11-08 09:31:00,545,545,545,545,0
2022-11-08 09:32:00,545,545,545,545,0
2022-11-08 09:33:00,545,545,545,545,0
2022-11-08 09:34:00,545,545,545,545,0
2022-11-08 09:35:00,545,545,545,545,0
2022-11-08 09:36:00,545,545,545,545,0
2022-11-08 09:37:00,545,545,545,545,0
2022-11-08 09:38:00,545,545,545,545,0
2022-11-08 09:39:00,545,545,545,545,0
2022-11-08 09:40:00,545,545,545,545,0
2022-11-08 09:41:00,545,545,545,545,0
2022-11-08 09:42:00,545,545,545,545,0
2022-11-08 09:43:00,545,545,545,545,0
2022-11-08 09:44:00,545,545,545,545,0
2022-11-08 09:45:00,545,545,545,545,0
2022-11-08 09:46:00,545,545,545,545,0
2022-11-08 09:47:00,545,545,545,545,0
2022-11-08 09:48:00,545,545,545,545,0
2022-11-08 09:49:00,545,545,545,545,0
2022-11-08 09:50:00,545,545,545,545,0
2022-11-08 09:51:00,545,545,545,545,0
2022-11-08 09:52:00,545,545,545,545,0
2022-11-08 09:53:00,545,545,545,545,0
2022-11-08 09:54:00,545,545,545,545,0
2022-11-08 09:55:00,545,545,545,545,0
2022-11-08 09:56:00,545,545,545,545,0
2022-11-08 09:57:00,545,545,545,545,0
2022-11-08 09:58:00,545,545,545,545,0
2022-11-08 09:59:00,545,545,545,545,0
2022-11-08 10:00:00,545,545,545,545,0
2022-11-08 10:01:00,545,545,545,545,0
2022-11-08 10:02:00,545,545,545,545,0
2022-11-08 10:03:00,545,545,545,545,0
2022-11-08 10:04:00,545,545,545,545,0
2022-11-08 10:05:00,545,545,545,545,0
2022-11-08 10:06:00,545,545,545,545,0
2022-11-08 10:07:00,545,545,545,545,0
2022-11-08 10:08:00,545,545,545,545,0
2022-11-08 10:09:00,545,545,545,545,0
2022-11-08 10:10:00,545,545,545,545,0
2022-11-08 10:11:00,545,545,545,545,0
2022-11-08 10:12:00,545,545,545,545,0
2022-11-08 10:13:00,545,545,545,545,0
2022-11-08 10:14:00,545,545,545,545,0
2022-11-08 10:15:00,545,545,545,545,0
2022-11-08 10:16:00,545,545,545,545,0
2022-11-08 10:17:00,545,545,545,545,0
2022-11-08 10:18:00,545,545,545,545,0
2022-11-08 10:19:00,545,545,545,545,0
2022-11-08 10:20:00,545,545,545,545,0
2022-11-08 10:21:00,545,545,545,545,0
2022-11-08 10:22:00,545,545,545,545,0
2022-11-08 10:23:00,545,545,545,545,0
2022-11-08 10:24:00,545,545,545,545,0
2022-11-08 10:25:00,545,545,545,545,0
2022-11-08 10:26:00,545,545,545,545,0
2022-11-08 10:27:00,545,545,545,545,0
2022-11-08 10:28:00,545,545,545,545,0
2022-11-08 10:29:00,545,545,545,545,0
2022-11-08 10:30:00,545,545,545,545,0
2022-11-08 10:31:00,545,545,545,545,0
2022-11-08 10:32:00,545,545,545,545,0
2022-11-08 10:33:00,545,545,545,545,0
2022-11-08 10:34:00,545,545,545,545,0
2022-11-08 10:35:00,545,545,545,545,0
2022-11-08 10:36:00,545,545,545,545,0
2022-11-08 10:37:00,545,545,545,545,0
2022-11-08 10:38:00,545,545,545,545,0
2022-11-08 10:39:00,545,545,545,545,0
2022-11-08 10:40:00,545,545,545,545,0
2022-11-08 10:41:00,545,545,545,545,0
2022-11-08 10:42:00,545,545,545,545,0
2022-11-08 10:43:00,545,545,545,545,0
2022-11-08 10:44:00,545,545,545,545,0
2022-11-08 10:45:00,545,545,545,545,0
2022-11-08 10:46:00,545,545,545,545,0
2022-11-08 10:47:00,545,545,545,545,0
2022-11-08 10:48:00,545,545,545,545,0
2022-11-08 10:49:00,545,545,545,545,0
2022-11-08 10:50:00,545,545,545,545,0
2022-11-08 10:51:00,545,545,545,545,0
2022-11-08 10:52:00,545,545,545,545,0
2022-11-08 10:53:00,545,545,545,545,0
2022-11-08 10:54:00,545,545,545,545,0
2022-11-08 10:55:00,545,545,545,545,0
2022-11-08 10:56:00,545,545,545,545,0
2022-11-08 10:57:00,545,545,545,545,0
2022-11-08 10:58:00,545,545,545,545,0
2022-11-08 10:59:00,545,545,545,545,0
2022-11-08 11:00:00,545,545,545,545,0
2022-11-08 11:01:00,545,545,545,545,0
2022-11-08 11:02:00,545,545,545,545,0
2022-11-08 11:03:00,545,545,545,545,0
2022-11-08 11:04:00,545,545,545,545,0
2022-11-08 11:05:00,545,545,545,545,0
2022-11-08 11:06:00,545,545,545,545,0
2022-11-08 11:07:00,545,545,545,545,0
2022-11-08 11:08:00,545,545,545,545,0
2022-11-08 11:09:00,545,545,545,545,0
2022-11-08 11:10:00,545,545,545,545,0
2022-11-08 11:11:00,545,545,545,545,0
2022-11-08 11:12:00,545,545,545,545,0
2022-11-08 11:13:00,545,545,545,545,0
2022-11-08 11:14:00,545,545,545,545,0
2022-11-08 11:15:00,545,545,545,545,0
2022-11-08 11:16:00,545,545,545,545,0
2022-11-08 11:17:00,545,545,545,545,0
2022-11-08 11:18:00,545,545,545,545,0
2022-11-08 11:19:00,545,545,545,545,0
2022-11-08 11:20:00,545,545,545,545,0
2022-11-08 11:21:00,545,545,545,545,0
2022-11-08 11:22:00,545,545,545,545,0
2022-11-08 11:23:00,545,545,545,545,0
2022-11-08 11:24:00,545,545,545,545,0
2022-11-08 11:25:00,545,545,545,545,0
2022-11-08 11:26:00,545,545,545,545,0
2022-11-08 11:27:00,545,545,545,545,0
2022-11-08 11:28:00,545,545,545,545,0
2022-11-08 11:29:00,545,545,545,545,0
2022-11-08 11:30:00,545,545,545,545,0
2022-11-08 11:31:00,545,545,545,545,0
2022-11-08 11:32:00,545,545,545,545,0
2022-11-08 11:33:00,545,545,545,545,0
2022-11-08 11:34:00,545,545,545,545,0
2022-11-08 11:35:00,545,545,545,545,0
2022-11-08 11:36:00,545,545,545,545,0
2022-11-08 11:37:00,545,545,545,545,0
2022-11-08 11:38:00,545,545,545,545,0
2022-11-08 11:39:00,545,545,545,545,0
2022-11-08 11:40:00,545,545,545,545,0
2022-11-08 11:41:00,545,545,545,545,0
2022-11-08 11:42:00,545,545,545,545,0
2022-11-08 11:43:00,545,545,545,545,0
2022-11-08 11:44:00,545,545,545,545,0
2022-11-08 11:45:00,545,545,545,545,0
2022-11-08 11:46:00,545,545,545,545,0
2022-11-08 11:47:00,545,545,545,545,0
2022-11-08 11:48:00,545,545,545,545,0
2022-11-08 11:49:00,545,545,545,545,0
2022-11-08 11:50:00,545,545,545,545,0
2022-11-08 11:51:00,545,545,545,545,0
2022-11-08 11:52:00,545,545,545,545,0
2022-11-08 11:53:00,545,545,545,545,0
2022-11-08 11:54:00,545,545,545,545,0
2022-11-08 11:55:00,545,545,545,545,0
2022-11-08 11:56:00,545,545,545,545,0
2022-11-08 11:57:00,545,545,545,545,0
2022-11-08 11:58:00,545,545,545,545,0
2022-11-08 11:59:00,545,545,545,545,0
2022-11-08 12:00:00,545,545,545,545,0
2022-11-08 12:01:00,545,545,545,545,0
2022-11-08 12:02:00,545,545,545,545,0
2022-11-08 12:03:00,545,545,545,545,0
2022-11-08 12:04:00,545,545,545,545,0
2022-11-08 12:05:00,545,545,545,545,0
2022-11-08 12:06:00,545,545,545,545,0
2022-11-08 12:07:00,545,545,545,545,0
2022-11-08 12:08:00,545,545,545,545,0
2022-11-08 12:09:00,545,545,545,545,0
2022-11-08 12:10:00,545,545,545,545,0
2022-11-08 12:11:00,545,545,545,545,0
2022-11-08 12:12:00,545,545,545,545,0
2022-11-08 12:13:00,545,545,545,545,0
2022-11-08 12:14:00,545,545,545,545,0
2022-11-08 12:15:00,545,545,545,545,0
2022-11-08 12:16:00,545,545,545,545,0
2022-11-08 12:17:00,545,545,545,545,0
2022-11-08 12:18:00,545,545,545,545,0
2022-11-08 12:19:00,545,545,545,545,0
2022-11-08 12:20:00,545,545,545,545,0
2022-11-08 12:21:00,545,545,545,545,0
2022-11-08 12:22:00,545,545,545,545,0
2022-11-08 12:23:00,545,545,545,545,0
2022-11-08 12:24:00,545,545,545,545,0
2022-11-08 12:25:00,545,545,545,545,0
2022-11-08 12:26:00,545,545,545,545,0
2022-11-08 12:27:00,545,545,545,545,0
2022-11-08 12:28:00,545,545,545,545,0
2022-11-08 12:29:00,545,545,545,545,0
2022-11-08 12:30:00,545,545,545,545,0
2022-11-08 12:31:00,545,545,545,545,0
2022-11-08 12:32:00,545,545,545,545,0
2022-11-08 12:33:00,545,545,545,545,0
2022-11-08 12:34:00,545,545,545,545,0
2022-11-08 12:35:00,545,545,545,545,0
2022-11-08 12:36:00,545,545,545,545,0
2022-11-08 12:37:00,545,545,545,545,0
2022-11-08 12:38:00,545,545,545,545,0
2022-11-08 12:39:00,545,545,545,545,0
2022-11-08 12:40:00,545,545,545,545,0
2022-11-08 12:41:00,545,545,545,545,0
2022-11-08 12:42:00,545,545,545,545,0
2022-11-08 12:43:00,545,545,545,545,0
2022-11-08 12:44:00,545,545,545,545,0
2022-11-08 12:45:00,545,545,545,545,0
2022-11-08 12:46:00,545,545,545,545,0
2022-11-08 12:47:00,545,545,545,545,0
2022-11-08 12:48:00,545,545,545,545,0
2022-11-08 12:49:00,545,545,545,545,0
2022-11-08 12:50:00,545,545,545,545,0
2022-11-08 12:51:00,545,545,545,545,0
2022-11-08 12:52:00,545,545,545,545,0
2022-11-08 12:53:00,545,545,545,545,0
2022-11-08 12:54:00,545,545,545,545,0
2022-11-08 12:55:00,545,545,545,545,0
2022-11-08 12:56:00,545,545,545,545,0
2022-11-08 12:57:00,545,545,545,545,0
2022-11-08 12:58:00,545,545,545,545,0
2022-11-08 12:59:00,545,545,545,545,0
2022-11-08 13:00:00,545,545,545,545,0
2022-11-08 13:01:00,545,545,545,545,0
2022-11-08 13:02:00,545,545,545,545,0
2022-11-08 13:03:00,545,545,545,545,0
2022-11-08 13:04:00,545,545,545,545,0
2022-11-08 13:05:00,545,545,545,545,0
2022-11-08 13:06:00,545,545,545,545,0
2022-11-08 13:07:00,545,545,545,545,0
2022-11-08 13:08:00,545,545,545,545,0
2022-11-08 13:09:00,545,545,545,545,0
2022-11-08 13:10:00,545,545,545,545,0
2022-11-08 13:11:00,545,545,545,545,0
2022-11-08 13:12:00,545,545,545,545,0
2022-11-08 13:13:00,545,545,545,545,0
2022-11-08 13:14:00,545,545,545,545,0
2022-11-08 13:15:00,545,545,545,545,0
2022-11-08 13:16:00,545,545,545,545,0
2022-11-08 13:17:00,545,545,545,545,0
2022-11-08 13:18:00,545,545,545,545,0
2022-11-08 13:19:00,545,545,545,545,0
2022-11-08 13:20:00,545,545,545,545,0
2022-11-08 13:21:00,545,545,545,545,0
2022-11-08 13:22:00,545,545,545,545,0
2022-11-08 13:23:00,545,545,545,545,0
2022-11-08 13:24:00,545,545,545,545,0
2022-11-08 13:25:00,545,545,545,545,0
2022-11-08 13:26:00,545,545,545,545,0
2022-11-08 13:27:00,545,545,545,545,0
2022-11-08 13:28:00,545,545,545,545,0
2022-11-08 13:29:00,545,545,545,545,0
2022-11-08 13:30:00,545,545,545,545,0
2022-11-08 13:31:00,545,545,545,545,0
2022-11-08 13:32:00,545,545,545,545,0
2022-11-08 13:33:00,545,545,545,545,0
2022-11-08 13:34:00,545,545,545,545,0
2022-11-08 13:35:00,545,545,545,545,0
2022-11-08 13:36:00,545,545,545,545,0
2022-11-08 13:37:00,545,545,545,545,0
2022-11-08 13:38:00,545,545,545,545,0
2022-11-08 13:39:00,545,545,545,545,0
2022-11-08 13:40:00,545,545,545,545,0
2022-11-08 13:41:00,545,545,545,545,0
2022-11-08 13:42:00,545,545,545,545,0
2022-11-08 13:43:00,545,545,545,545,0
2022-11-08 13:44:00,545,545,545,545,0
2022-11-08 13:45:00,545,545,545,545,0
2022-11-08 13:46:00,545,545,545,545,0
2022-11-08 13:47:00,545,545,545,545,0
2022-11-08 13:48:00,545,545,545,545,0
2022-11-08 13:49:00,545,545,545,545,0
2022-11-08 13:50:00,545,545,545,545,0
2022-11-08 13:51:00,545,545,545,545,0
2022-11-08 13:52:00,545,545,545,545,0
2022-11-08 13:53:00,545,545,545,545,0
2022-11-08 13:54:00,545,545,545,545,0
2022-11-08 13:55:00,545,545,545,545,0
2022-11-08 13:56:00,545,545,545,545,0
2022-11-08 13:57:00,545,545,545,545,0
2022-11-08 13:58:00,545,545,545,545,0
2022-11-08 13:59:00,545,545,545,545,0
2022-11-08 14:00:00,545,545,545,545,0
2022-11-08 14:01:00,545,545,545,545,0
2022-11-08 14:02:00,545,545,545,545,0
2022-11-08 14:03:00,545,545,545,545,0
2022-11-08 14:04:00,545,545,545,545,0
2022-11-08 14:05:00,545,545,545,545,0
2022-11-08 14:06:00,545,545,545,545,0
2022-11-08 14:07:00,545,545,545,545,0
2022-11-08 14:08:00,545,545,545,545,0
2022-11-08 14:09:00,545,545,545,545,0
2022-11-08 14:10:00,545,545,545,545,0
2022-11-08 14:11:00,545,545,545,545,0
2022-11-08 14:12:00,545,545,545,545,0
2022-11-08 14:13:00,545,545,545,545,0
2022-11-08 14:14:00,545,545,545,545,0
2022-11-08 14:15:00,545,545,545,545,0
2022-11-08 14:16:00,545,545,545,545,0
2022-11-08 14:17:00,545,545,545,545,0
2022-11-08 14:18:00,545,545,545,545,0
2022-11-08 14:19:00,545,545,545,545,0
2022-11-08 14:20:00,545,545,545,545,0
2022-11-08 14:21:00,545,545,545,545,0
2022-11-08 14:22:00,545,545,545,545,0
2022-11-08 14:23:00,545,545,545,545,0
2022-11-08 14:24:00,545,545,545,545,0
2022-11-08 14:25:00,545,545,545,545,0
2022-11-08 14:26:00,545,545,545,545,0
2022-11-08 14:27:00,545,545,545,545,0
2022-11-08 14:28:00,545,545,545,545,0
2022-11-08 14:29:00,545,545,545,545,0
2022-11-08 14:30:00,545,545,545,545,0
2022-11-08 14:31:00,545,545,545,545,0
2022-11-08 14:32:00,545,545,545,545,0
2022-11-08 14:33:00,545,545,545,545,0
2022-11-08 14:34:00,545,545,545,545,0
2022-11-08 14:35:00,545,545,545,545,0
2022-11-08 14:36:00,545,545,545,545,0
2022-11-08 14:37:00,545,545,545,545,0
2022-11-08 14:38:00,545,545,545,545,0
2022-11-08 14:39:00,545,545,545,545,0
2022-11-08 14:40:00,545,545,545,545,0
2022-11-08 14:41:00,545,545,545,545,0
2022-11-08 14:42:00,545,545,545,545,0
2022-11-08 14:43:00,545,545,545,545,0
2022-11-08 14:44:00,545,545,545,545,0
2022-11-08 14:45:00,545,545,545,545,0
2022-11-08 14:46:00,545,545,545,545,0
2022-11-08 14:47:00,545,545,545,545,0
2022-11-08 14:48:00,545,545,545,545,0
2022-11-08 14:49:00,545,545,545,545,0
2022-11-08 14:50:00,545,545,545,545,0
2022-11-08 14:51:00,545,545,545,545,0
2022-11-08 14:52:00,545,545,545,545,0
2022-11-08 14:53:00,545,545,545,545,0
2022-11-08 14:54:00,545,545,545,545,0
2022-11-08 14:55:00,545,545,545,545,0
2022-11-08 14:56:00,545,545,545,545,0
2022-11-08 14:57:00,545,545,545,545,0
2022-11-08 14:58:00,545,545,545,545,0
2022-11-08 14:59:00,545,545,545,545,0
2022-11-08 15:00:00,545,545,545,545,0
2022-11-08 15:01:00,545,545,545,545,0
2022-11-08 15:02:00,545,545,545,545,0
2022-11-08 15:03:00,545,545,545,545,0
2022-11-08 15:04:00,545,545,545,545,0
2022-11-08 15:05:00,545,545,545,545,0
2022-11-08 15:06:00,545,545,545,545,0
2022-11-08 15:07:00,545,545,545,545,0
2022-11-08 15:08:00,545,545,545,545,0
2022-11-08 15:09:00,545,545,545,545,0
2022-11-08 15:10:00,545,545,545,545,0
2022-11-08 15:11:00,545,545,545,545,0
2022-11-08 15:12:00,545,545,545,545,0
2022-11-08 15:13:00,545,545,545,545,0
2022-11-08 15:14:00,545,545,545,545,0
2022-11-08 15:15:00,545,545,545,545,0
2022-11-08 15:16:00,545,545,545,545,0
2022-11-08 15:17:00,545,545,545,545,0
2022-11-08 15:18:00,545,545,545,545,0
2022-11-08 15:19:00,545,545,545,545,0
2022-11-08 15:20:00,545,545,545,545,0
2022-11-08 15:21:00,545,545,545,545,0
2022-11-08 15:22:00,545,545,545,545,0
2022-11-08 15:23:00,545,545,545,545,0
2022-11-08 15:24:00,545,545,545,545,0
2022-11-08 15:25:00,545,545,545,545,0
2022-11-08 15:26:00,545,545,545,545,0
2022-11-08 15:27:00,545,545,545,545,0
2022-11-08 15:28:00,545,545,545,545,0
2022-11-08 15:29:00,545,545,545,545,0
2022-11-08 15:30:00,545,545,545,545,0
2022-11-08 15:31:00,545,545,545,545,0
2022-11-08 15:32:00,545,545,545,545,0
2022-11-08 15:33:00,545,545,545,545,0
2022-11-08 15:34:00,545,545,545,545,0
2022-11-08 15:35:00,545,545,545,545,0
2022-11-08 15:36:00,545,545,545,545,0
2022-11-08 15:37:00,545,545,545,545,0
2022-11-08 15:38:00,545,545,545,545,0
2022-11-08 15:39:00,545,545,545,545,0
2022-11-08 15:40:00,545,545,545,545,0
2022-11-08 15:41:00,545,545,545,545,0
2022-11-08 15:42:00,545,545,545,545,0
2022-11-08 15:43:00,545,545,545,545,0
2022-11-08 15:44:00,545,545,545,545,0
2022-11-08 15:45:00,545,545,545,545,0
2022-11-08 15:46:00,545,545,545,545,0
2022-11-08 15:47:00,545,545,545,545,0
2022-11-08 15:48:00,545,545,545,545,0
2022-11-08 15:49:00,545,545,545,545,0
2022-11-08 15:50:00,545,545,545,545,0
2022-11-08 15:51:00,545,545,545,545,0
2022-11-08 15:52:00,545,545,545,545,0
2022-11-08 15:53:00,545,545,545,545,0
2022-11-08 15:54:00,545,545,545,545,0
2022-11-08 15:55:00,545,545,545,545,0
2022-11-08 15:56:00,545,545,545,545,0
2022-11-08 15:57:00,545,545,545,545,0
2022-11-08 15:58:00,545,545,545,545,0
2022-11-08 15:59:00,545,545,545,545,0
2022-11-09 09:00:00,545,545,545,545,0
2022-11-09 09:01:00,545,545,545,545,0
2022-11-09 09:02:00,545,545,545,545,0
2022-11-09 09:03:00,545,545,545,545,0
2022-11-09 09:04:00,545,545,545,545,0
2022-11-09 09:05:00,545,545,545,545,0
2022-11-09 09:06:00,545,545,545,545,0
2022-11-09 09:07:00,545,545,545,545,0
2022-11-09 09:08:00,545,545,545,545,0
2022-11-09 09:09:00,545,545,545,545,0
2022-11-09 09:10:00,545,545,545,545,0
2022-11-09 09:11:00,545,545,545,545,0
2022-11-09 09:12:00,545,545,545,545,0
2022-11-09 09:13:00,545,545,545,545,0
2022-11-09 09:14:00,545,545,545,545,0
2022-11-09 09:15:00,545,545,545,545,0
2022-11-09 09:16:00,545,545,545,545,0
2022-11-09 09:17:00,545,545,545,545,1000
2022-11-09 09:18:00,545,545,545,545,0
2022-11-09 09:19:00,545,545,545,545,0
2022-11-09 09:20:00,545,545,545,545,0
2022-11-09 09:21:00,545,545,545,545,0
2022-11-09 09:22:00,545,545,545,545,0
2022-11-09 09:23:00,545,545,545,545,0
2022-11-09 09:24:00,545,545,545,545,0
2022-11-09 09:25:00,545,545,545,545,0
2022-11-09 09:26:00,545,545,545,545,0
2022-11-09 09:27:00,545,545,545,545,0
2022-11-09 09:28:00,545,545,545,545,500
2022-11-09 09:29:00,545,545,545,545,0
2022-11-09 09:30:00,545,545,545,545,0
2022-11-09 09:31:00,545,545,545,545,0
2022-11-09 09:32:00,545,545,545,545,0
2022-11-09 09:33:00,545,545,545,545,0
2022-11-09 09:34:00,545,545,545,545,0
2022-11-09 09:35:00,545,545,545,545,0
2022-11-09 09:36:00,545,545,545,545,0
2022-11-09 09:37:00,545,545,545,545,0
2022-11-09 09:38:00,545,545,545,545,0
2022-11-09 09:39:00,545,545,545,545,0
2022-11-09 09:40:00,545,545,545,545,0
2022-11-09 09:41:00,545,545,545,545,0
2022-11-09 09:42:00,545,545,545,545,0
2022-11-09 09:43:00,545,545,545,545,0
2022-11-09 09:44:00,545,545,545,545,0
2022-11-09 09:45:00,545,545,545,545,0
2022-11-09 09:46:00,545,545,545,545,0
2022-11-09 09:47:00,545,545,545,545,0
2022-11-09 09:48:00,545,545,545,545,0
2022-11-09 09:49:00,545,545,545,545,0
2022-11-09 09:50:00,545,545,545,545,0
2022-11-09 09:51:00,545,545,545,545,0
2022-11-09 09:52:00,545,545,545,545,0
2022-11-09 09:53:00,545,545,545,545,0
2022-11-09 09:54:00,545,545,545,545,0
2022-11-09 09:55:00,545,545,545,545,0
2022-11-09 09:56:00,545,545,545,545,0
2022-11-09 09:57:00,545,545,545,545,0
2022-11-09 09:58:00,545,545,545,545,0
2022-11-09 09:59:00,545,545,545,545,0
2022-11-09 10:00:00,545,545,545,545,0
2022-11-09 10:01:00,545,545,545,545,0
2022-11-09 10:02:00,545,545,545,545,0
2022-11-09 10:03:00,545,545,545,545,0
2022-11-09 10:04:00,545,545,545,545,0
2022-11-09 10:05:00,545,545,545,545,0
2022-11-09 10:06:00,545,545,545,545,0
2022-11-09 10:07:00,545,545,545,545,0
2022-11-09 10:08:00,545,545,545,545,0
2022-11-09 10:09:00,545,545,545,545,0
2022-11-09 10:10:00,545,545,545,545,300
2022-11-09 10:11:00,545,545,545,545,0
2022-11-09 10:12:00,545,545,545,545,0
2022-11-09 10:13:00,545,545,545,545,144400
2022-11-09 10:14:00,545,545,545,545,0
2022-11-09 10:15:00,545,545,545,545,0
2022-11-09 10:16:00,545,545,545,545,0
2022-11-09 10:17:00,545,545,545,545,0
2022-11-09 10:18:00,545,545,545,545,0
2022-11-09 10:19:00,545,545,545,545,0
2022-11-09 10:20:00,545,545,545,545,0
2022-11-09 10:21:00,545,545,545,545,0
2022-11-09 10:22:00,545,545,545,545,0
2022-11-09 10:23:00,545,545,545,545,0
2022-11-09 10:24:00,545,545,545,545,300
2022-11-09 10:25:00,545,545,545,545,0
2022-11-09 10:26:00,545,545,545,545,0
2022-11-09 10:27:00,545,545,545,545,0
2022-11-09 10:28:00,545,545,545,545,0
2022-11-09 10:29:00,545,545,545,545,0
2022-11-09 10:30:00,545,545,545,545,0
2022-11-09 10:31:00,545,545,545,545,0
2022-11-09 10:32:00,545,545,545,545,0
2022-11-09 10:33:00,545,545,545,545,0
2022-11-09 10:34:00,545,545,545,545,0
2022-11-09 10:35:00,545,545,545,545,0
2022-11-09 10:36:00,545,545,545,545,0
2022-11-09 10:37:00,545,545,545,545,0
2022-11-09 10:38:00,545,545,545,545,0
2022-11-09 10:39:00,545,545,545,545,0
2022-11-09 10:40:00,545,545,545,545,0
2022-11-09 10:41:00,545,545,545,545,0
2022-11-09 10:42:00,545,545,545,545,0
2022-11-09 10:43:00,545,545,545,545,0
2022-11-09 10:44:00,545,545,545,545,0
2022-11-09 10:45:00,545,545,545,545,0
2022-11-09 10:46:00,545,545,545,545,0
2022-11-09 10:47:00,545,545,545,545,0
2022-11-09 10:48:00,545,545,545,545,0
2022-11-09 10:49:00,545,545,545,545,0
2022-11-09 10:50:00,545,545,545,545,1000
2022-11-09 10:51:00,545,545,545,545,0
2022-11-09 10:52:00,545,545,545,545,0
2022-11-09 10:53:00,545,545,545,545,0
2022-11-09 10:54:00,545,545,545,545,0
2022-11-09 10:55:00,545,545,545,545,0
2022-11-09 10:56:00,545,545,545,545,0
2022-11-09 10:57:00,545,545,545,545,0
2022-11-09 10:58:00,545,545,545,545,0
2022-11-09 10:59:00,545,545,545,545,0
2022-11-09 11:00:00,545,545,545,545,0
2022-11-09 11:01:00,545,545,545,545,0
2022-11-09 11:02:00,545,545,545,545,0
2022-11-09 11:03:00,545,545,545,545,0
2022-11-09 11:04:00,545,545,545,545,0
2022-11-09 11:05:00,545,545,545,545,0
2022-11-09 11:06:00,545,545,545,545,0
2022-11-09 11:07:00,545,545,545,545,0
2022-11-09 11:08:00,545,545,545,545,0
2022-11-09 11:09:00,545,545,545,545,400
2022-11-09 11:10:00,545,545,545,545,0
2022-11-09 11:11:00,545,545,545,545,0
2022-11-09 11:12:00,545,545,545,545,0
2022-11-09 11:13:00,545,545,545,545,0
2022-11-09 11:14:00,545,545,545,545,0
2022-11-09 11:15:00,545,545,545,545,0
2022-11-09 11:16:00,545,545,545,545,0
2022-11-09 11:17:00,545,545,545,545,0
2022-11-09 11:18:00,545,545,545,545,0
2022-11-09 11:19:00,545,545,545,545,1000
2022-11-09 11:20:00,545,545,545,545,100
2022-11-09 11:21:00,545,545,545,545,0
2022-11-09 11:22:00,545,545,545,545,0
2022-11-09 11:23:00,545,545,545,545,0
2022-11-09 11:24:00,545,545,545,545,0
2022-11-09 11:25:00,545,545,545,545,0
2022-11-09 11:26:00,545,545,545,545,0
2022-11-09 11:27:00,545,545,545,545,0
2022-11-09 11:28:00,545,545,545,545,400
2022-11-09 11:29:00,545,545,545,545,100
2022-11-09 11:30:00,545,545,545,545,0
2022-11-09 11:31:00,545,545,545,545,0
2022-11-09 11:32:00,545,545,545,545,0
2022-11-09 11:33:00,545,545,545,545,0
2022-11-09 11:34:00,545,545,545,545,0
2022-11-09 11:35:00,545,545,545,545,0
2022-11-09 11:36:00,545,545,545,545,0
2022-11-09 11:37:00,545,545,545,545,0
2022-11-09 11:38:00,545,545,545,545,0
2022-11-09 11:39:00,545,545,545,545,0
2022-11-09 11:40:00,545,545,545,545,0
2022-11-09 11:41:00,545,545,545,545,0
2022-11-09 11:42:00,545,545,545,545,0
2022-11-09 11:43:00,545,545,545,545,0
2022-11-09 11:44:00,545,545,545,545,0
2022-11-09 11:45:00,545,545,545,545,0
2022-11-09 11:46:00,545,545,545,545,0
2022-11-09 11:47:00,545,545,545,545,0
2022-11-09 11:48:00,545,545,545,545,0
2022-11-09 11:49:00,545,545,545,545,0
2022-11-09 11:50:00,545,545,545,545,0
2022-11-09 11:51:00,545,545,545,545,0
2022-11-09 11:52:00,545,545,545,545,0
2022-11-09 11:53:00,545,545,545,545,0
2022-11-09 11:54:00,545,545,545,545,0
2022-11-09 11:55:00,545,545,545,545,0
2022-11-09 11:56:00,545,545,545,545,0
2022-11-09 11:57:00,545,545,545,545,0
2022-11-09 11:58:00,545,545,545,545,0
2022-11-09 11:59:00,545,545,545,545,0
2022-11-09 12:00:00,545,545,545,545,0
2022-11-09 12:01:00,545,545,545,545,0
2022-11-09 12:02:00,545,545,545,545,0
2022-11-09 12:03:00,545,545,545,545,0
2022-11-09 12:04:00,545,545,545,545,0
2022-11-09 12:05:00,545,545,545,545,0
2022-11-09 12:06:00,545,545,545,545,0
2022-11-09 12:07:00,545,545,545,545,0
2022-11-09 12:08:00,545,545,545,545,0
2022-11-09 12:09:00,545,545,545,545,0
2022-11-09 12:10:00,545,545,545,545,0
2022-11-09 12:11:00,545,545,545,545,0
2022-11-09 12:12:00,545,545,545,545,0
2022-11-09 12:13:00,545,545,545,545,0
2022-11-09 12:14:00,545,545,545,545,0
2022-11-09 12:15:00,545,545,545,545,0
2022-11-09 12:16:00,545,545,545,545,0
2022-11-09 12:17:00,545,545,545,545,0
2022-11-09 12:18:00,545,545,545,545,0
2022-11-09 12:19:00,545,545,545,545,0
2022-11-09 12:20:00,545,545,545,545,0
2022-11-09 12:21:00,545,545,545,545,0
2022-11-09 12:22:00,545,545,545,545,0
2022-11-09 12:23:00,545,545,545,545,0
2022-11-09 12:24:00,545,545,545,545,0
2022-11-09 12:25:00,545,545,545,545,0
2022-11-09 12:26:00,545,545,545,545,0
2022-11-09 12:27:00,545,545,545,545,0
2022-11-09 12:28:00,545,545,545,545,0
2022-11-09 12:29:00,545,545,545,545,0
2022-11-09 12:30:00,545,545,545,545,0
2022-11-09 12:31:00,545,545,545,545,0
2022-11-09 12:32:00,545,545,545,545,0
2022-11-09 12:33:00,545,545,545,545,0
2022-11-09 12:34:00,545,545,545,545,0
2022-11-09 12:35:00,545,545,545,545,0
2022-11-09 12:36:00,545,545,545,545,0
2022-11-09 12:37:00,545,545,545,545,0
2022-11-09 12:38:00,545,545,545,545,0
2022-11-09 12:39:00,545,545,545,545,0
2022-11-09 12:40:00,545,545,545,545,0
2022-11-09 12:41:00,545,545,545,545,0
2022-11-09 12:42:00,545,545,545,545,0
2022-11-09 12:43:00,545,545,545,545,0
2022-11-09 12:44:00,545,545,545,545,0
2022-11-09 12:45:00,545,545,545,545,0
2022-11-09 12:46:00,545,545,545,545,0
2022-11-09 12:47:00,545,545,545,545,0
2022-11-09 12:48:00,545,545,545,545,0
2022-11-09 12:49:00,545,545,545,545,0
2022-11-09 12:50:00,545,545,545,545,0
2022-11-09 12:51:00,545,545,545,545,0
2022-11-09 12:52:00,545,545,545,545,0
2022-11-09 12:53:00,545,545,545,545,0
2022-11-09 12:54:00,545,545,545,545,0
2022-11-09 12:55:00,545,545,545,545,0
2022-11-09 12:56:00,545,545,545,545,0
2022-11-09 12:57:00,545,545,545,545,0
2022-11-09 12:58:00,545,545,545,545,0
2022-11-09 12:59:00,545,545,545,545,0
2022-11-09 13:00:00,545,545,545,545,0
2022-11-09 13:01:00,545,545,545,545,0
2022-11-09 13:02:00,545,545,545,545,0
2022-11-09 13:03:00,545,545,545,545,0
2022-11-09 13:04:00,545,545,545,545,0
2022-11-09 13:05:00,545,545,545,545,0
2022-11-09 13:06:00,545,545,545,545,0
2022-11-09 13:07:00,545,545,545,545,0
2022-11-09 13:08:00,545,545,545,545,0
2022-11-09 13:09:00,545,545,545,545,0
2022-11-09 13:10:00,545,545,545,545,0
2022-11-09 13:11:00,545,545,545,545,0
2022-11-09 13:12:00,545,545,545,545,0
2022-11-09 13:13:00,545,545,545,545,0
2022-11-09 13:14:00,545,545,545,545,0
2022-11-09 13:15:00,545,545,545,545,0
2022-11-09 13:16:00,545,545,545,545,0
2022-11-09 13:17:00,545,545,545,545,0
2022-11-09 13:18:00,545,545,545,545,0
2022-11-09 13:19:00,545,545,545,545,0
2022-11-09 13:20:00,545,545,545,545,0
2022-11-09 13:21:00,545,545,545,545,0
2022-11-09 13:22:00,545,545,545,545,0
2022-11-09 13:23:00,545,545,545,545,0
2022-11-09 13:24:00,545,545,545,545,0
2022-11-09 13:25:00,545,545,545,545,0
2022-11-09 13:26:00,545,545,545,545,0
2022-11-09 13:27:00,545,545,545,545,0
2022-11-09 13:28:00,545,545,545,545,0
2022-11-09 13:29:00,545,545,545,545,0
2022-11-09 13:30:00,545,545,545,545,116400
2022-11-09 13:31:00,545,545,545,545,0
2022-11-09 13:32:00,545,545,545,545,0
2022-11-09 13:33:00,545,545,545,545,0
2022-11-09 13:34:00,545,545,545,545,0
2022-11-09 13:35:00,545,545,545,545,0
2022-11-09 13:36:00,545,545,545,545,0
2022-11-09 13:37:00,545,545,545,545,0
2022-11-09 13:38:00,545,545,545,545,0
2022-11-09 13:39:00,545,545,545,545,0
2022-11-09 13:40:00,545,545,545,545,0
2022-11-09 13:41:00,545,545,545,545,0
2022-11-09 13:42:00,545,545,545,545,0
2022-11-09 13:43:00,545,545,545,545,0
2022-11-09 13:44:00,545,545,545,545,0
2022-11-09 13:45:00,545,545,545,545,0
2022-11-09 13:46:00,545,545,545,545,0
2022-11-09 13:47:00,545,545,545,545,210000
2022-11-09 13:48:00,545,545,545,545,0
2022-11-09 13:49:00,545,545,545,545,0
2022-11-09 13:50:00,545,545,545,545,0
2022-11-09 13:51:00,545,545,545,545,0
2022-11-09 13:52:00,545,545,545,545,0
2022-11-09 13:53:00,545,545,545,545,0
2022-11-09 13:54:00,545,545,545,545,0
2022-11-09 13:55:00,545,545,545,545,0
2022-11-09 13:56:00,545,545,545,545,0
2022-11-09 13:57:00,545,545,545,545,0
2022-11-09 13:58:00,545,545,545,545,0
2022-11-09 13:59:00,545,545,545,545,0
2022-11-09 14:00:00,545,545,545,545,0
2022-11-09 14:01:00,545,545,545,545,0
2022-11-09 14:02:00,545,545,545,545,1000
2022-11-09 14:03:00,545,545,545,545,0
2022-11-09 14:04:00,545,545,545,545,0
2022-11-09 14:05:00,545,545,545,545,0
2022-11-09 14:06:00,545,545,545,545,0
2022-11-09 14:07:00,545,545,545,545,100
2022-11-09 14:08:00,545,545,545,545,0
2022-11-09 14:09:00,545,545,545,545,0
2022-11-09 14:10:00,545,545,545,545,0
2022-11-09 14:11:00,545,545,545,545,0
2022-11-09 14:12:00,545,545,545,545,0
2022-11-09 14:13:00,545,545,545,545,0
2022-11-09 14:14:00,545,545,545,545,0
2022-11-09 14:15:00,545,545,545,545,0
2022-11-09 14:16:00,545,545,545,545,0
2022-11-09 14:17:00,545,545,545,545,0
2022-11-09 14:18:00,545,545,545,545,0
2022-11-09 14:19:00,545,545,545,545,0
2022-11-09 14:20:00,540,540,540,540,15200
2022-11-09 14:21:00,545,545,545,545,0
2022-11-09 14:22:00,545,545,545,545,0
2022-11-09 14:23:00,545,545,545,545,0
2022-11-09 14:24:00,545,545,545,545,0
2022-11-09 14:25:00,545,545,545,545,0
2022-11-09 14:26:00,545,545,545,545,0
2022-11-09 14:27:00,545,545,545,545,0
2022-11-09 14:28:00,545,545,545,545,1600
2022-11-09 14:29:00,545,545,545,545,0
2022-11-09 14:30:00,545,545,545,545,0
2022-11-09 14:31:00,540,540,545,545,1900
2022-11-09 14:32:00,545,545,545,545,116600
2022-11-09 14:33:00,545,545,545,545,0
2022-11-09 14:34:00,545,545,545,545,0
2022-11-09 14:35:00,545,545,545,545,0
2022-11-09 14:36:00,545,545,545,545,0
2022-11-09 14:37:00,545,545,545,545,0
2022-11-09 14:38:00,540,540,545,545,1600
2022-11-09 14:39:00,540,540,545,545,0
2022-11-09 14:40:00,540,540,545,545,0
2022-11-09 14:41:00,540,540,545,545,0
2022-11-09 14:42:00,540,540,545,545,0
2022-11-09 14:43:00,540,540,545,545,0
2022-11-09 14:44:00,545,545,545,545,3600
2022-11-09 14:45:00,545,545,545,545,0
2022-11-09 14:46:00,545,545,545,545,0
2022-11-09 14:47:00,545,545,545,545,0
2022-11-09 14:48:00,545,545,550,550,175200
2022-11-09 14:49:00,550,550,550,550,2700
2022-11-09 14:50:00,550,550,550,550,0
2022-11-09 14:51:00,550,550,550,550,0
2022-11-09 14:52:00,550,550,550,550,0
2022-11-09 14:53:00,550,550,550,550,0
2022-11-09 14:54:00,550,550,550,550,0
2022-11-09 14:55:00,550,550,550,550,0
2022-11-09 14:56:00,550,550,550,550,0
2022-11-09 14:57:00,550,550,550,550,0
2022-11-09 14:58:00,550,550,550,550,0
2022-11-09 14:59:00,550,550,550,550,0
2022-11-09 15:00:00,550,550,550,550,72900
2022-11-09 15:01:00,550,550,550,550,6000
2022-11-09 15:02:00,550,550,550,550,0
2022-11-09 15:03:00,550,550,550,550,0
2022-11-09 15:04:00,550,550,550,550,0
2022-11-09 15:05:00,550,550,550,550,0
2022-11-09 15:06:00,550,550,550,550,847200
2022-11-09 15:07:00,550,550,550,550,0
2022-11-09 15:08:00,550,550,550,550,0
2022-11-09 15:09:00,550,550,550,550,0
2022-11-09 15:10:00,550,550,550,550,0
2022-11-09 15:11:00,550,550,550,550,0
2022-11-09 15:12:00,550,550,550,550,0
2022-11-09 15:13:00,550,550,550,550,0
2022-11-09 15:14:00,550,550,550,550,0
2022-11-09 15:15:00,550,550,550,550,0
2022-11-09 15:16:00,550,550,550,550,0
2022-11-09 15:17:00,550,550,550,550,0
2022-11-09 15:18:00,550,550,550,550,0
2022-11-09 15:19:00,550,550,550,550,0
2022-11-09 15:20:00,550,550,550,550,0
2022-11-09 15:21:00,550,550,550,550,0
2022-11-09 15:22:00,550,550,550,550,0
2022-11-09 15:23:00,550,550,550,550,0
2022-11-09 15:24:00,550,550,550,550,0
2022-11-09 15:25:00,550,550,550,550,0
2022-11-09 15:26:00,550,550,550,550,0
2022-11-09 15:27:00,550,550,550,550,0
2022-11-09 15:28:00,550,550,550,550,0
2022-11-09 15:29:00,550,550,550,550,0
2022-11-09 15:30:00,550,550,550,550,0
2022-11-09 15:31:00,550,550,550,550,0
2022-11-09 15:32:00,550,550,550,550,0
2022-11-09 15:33:00,550,550,550,550,0
2022-11-09 15:34:00,550,550,550,550,0
2022-11-09 15:35:00,550,550,550,550,0
2022-11-09 15:36:00,550,550,550,550,0
2022-11-09 15:37:00,550,550,550,550,0
2022-11-09 15:38:00,550,550,550,550,0
2022-11-09 15:39:00,550,550,550,550,0
2022-11-09 15:40:00,550,550,550,550,0
2022-11-09 15:41:00,550,550,550,550,0
2022-11-09 15:42:00,550,550,550,550,0
2022-11-09 15:43:00,550,550,550,550,0
2022-11-09 15:44:00,550,550,550,550,0
2022-11-09 15:45:00,550,550,550,550,0
2022-11-09 15:46:00,550,550,550,550,0
2022-11-09 15:47:00,550,550,550,550,0
2022-11-09 15:48:00,550,550,550,550,0
2022-11-09 15:49:00,550,550,550,550,0
2022-11-09 15:50:00,550,550,550,550,0
2022-11-09 15:51:00,550,550,550,550,0
2022-11-09 15:52:00,550,550,550,550,0
2022-11-09 15:53:00,550,550,550,550,0
2022-11-09 15:54:00,550,550,550,550,0
2022-11-09 15:55:00,550,550,550,550,0
2022-11-09 15:56:00,550,550,550,550,0
2022-11-09 15:57:00,550,550,550,550,0
2022-11-09 15:58:00,550,550,550,550,0
2022-11-09 15:59:00,550,550,550,550,0
2022-11-10 09:00:00,545,545,545,545,0
2022-11-10 09:01:00,545,545,545,545,0
2022-11-10 09:02:00,545,545,545,545,0
2022-11-10 09:03:00,545,545,545,545,0
2022-11-10 09:04:00,545,545,550,550,196300
2022-11-10 09:05:00,545,545,550,550,0
2022-11-10 09:06:00,545,545,550,550,0
2022-11-10 09:07:00,545,545,550,550,0
2022-11-10 09:08:00,545,545,550,550,0
2022-11-10 09:09:00,545,545,550,550,0
2022-11-10 09:10:00,545,545,550,550,0
2022-11-10 09:11:00,550,550,550,550,300
2022-11-10 09:12:00,550,550,550,550,0
2022-11-10 09:13:00,550,550,550,550,0
2022-11-10 09:14:00,550,550,550,550,100
2022-11-10 09:15:00,550,550,550,550,0
2022-11-10 09:16:00,550,550,550,550,0
2022-11-10 09:17:00,550,550,550,550,0
2022-11-10 09:18:00,550,550,550,550,0
2022-11-10 09:19:00,550,550,550,550,0
2022-11-10 09:20:00,550,550,550,550,0
2022-11-10 09:21:00,550,550,550,550,0
2022-11-10 09:22:00,550,550,550,550,0
2022-11-10 09:23:00,550,550,550,550,0
2022-11-10 09:24:00,550,550,550,550,0
2022-11-10 09:25:00,550,550,550,550,0
2022-11-10 09:26:00,550,550,550,550,0
2022-11-10 09:27:00,550,550,550,550,0
2022-11-10 09:28:00,550,550,550,550,0
2022-11-10 09:29:00,550,550,550,550,0
2022-11-10 09:30:00,550,550,550,550,0
2022-11-10 09:31:00,550,550,550,550,0
2022-11-10 09:32:00,550,550,550,550,600
2022-11-10 09:33:00,550,550,550,550,0
2022-11-10 09:34:00,545,545,550,550,1000
2022-11-10 09:35:00,545,545,550,550,0
2022-11-10 09:36:00,545,545,550,550,0
2022-11-10 09:37:00,545,545,550,550,0
2022-11-10 09:38:00,545,545,550,550,0
2022-11-10 09:39:00,545,545,550,550,0
2022-11-10 09:40:00,550,550,550,550,200
2022-11-10 09:41:00,550,550,550,550,0
2022-11-10 09:42:00,550,550,550,550,0
2022-11-10 09:43:00,550,550,550,550,0
2022-11-10 09:44:00,550,550,550,550,0
2022-11-10 09:45:00,550,550,550,550,0
2022-11-10 09:46:00,550,550,550,550,0
2022-11-10 09:47:00,550,550,550,550,0
2022-11-10 09:48:00,550,550,550,550,0
2022-11-10 09:49:00,550,550,550,550,0
2022-11-10 09:50:00,550,550,550,550,2000
2022-11-10 09:51:00,550,550,550,550,0
2022-11-10 09:52:00,550,550,550,550,0
2022-11-10 09:53:00,550,550,550,550,0
2022-11-10 09:54:00,550,550,550,550,600
2022-11-10 09:55:00,550,550,550,550,0
2022-11-10 09:56:00,550,550,550,550,0
2022-11-10 09:57:00,550,550,550,550,0
2022-11-10 09:58:00,550,550,550,550,0
2022-11-10 09:59:00,550,550,550,550,0
2022-11-10 10:00:00,550,550,550,550,0
2022-11-10 10:01:00,550,550,550,550,0
2022-11-10 10:02:00,550,550,550,550,0
2022-11-10 10:03:00,550,550,550,550,0
2022-11-10 10:04:00,550,550,550,550,0
2022-11-10 10:05:00,550,550,550,550,0
2022-11-10 10:06:00,550,550,550,550,0
2022-11-10 10:07:00,550,550,550,550,0
2022-11-10 10:08:00,550,550,550,550,0
2022-11-10 10:09:00,550,550,550,550,0
2022-11-10 10:10:00,550,550,550,550,0
2022-11-10 10:11:00,550,550,550,550,0
2022-11-10 10:12:00,550,550,550,550,0
2022-11-10 10:13:00,550,550,550,550,0
2022-11-10 10:14:00,550,550,550,550,0
2022-11-10 10:15:00,550,550,550,550,0
2022-11-10 10:16:00,550,550,550,550,0
2022-11-10 10:17:00,550,550,550,550,0
2022-11-10 10:18:00,550,550,550,550,0
2022-11-10 10:19:00,545,545,545,545,6000
2022-11-10 10:20:00,545,545,545,545,0
2022-11-10 10:21:00,545,545,545,545,0
2022-11-10 10:22:00,545,545,545,545,0
2022-11-10 10:23:00,545,545,545,545,0
2022-11-10 10:24:00,545,545,545,545,0
2022-11-10 10:25:00,545,545,545,545,0
2022-11-10 10:26:00,545,545,545,545,0
2022-11-10 10:27:00,545,545,545,545,0
2022-11-10 10:28:00,545,545,545,545,0
2022-11-10 10:29:00,545,545,545,545,0
2022-11-10 10:30:00,545,545,545,545,0
2022-11-10 10:31:00,545,545,545,545,0
2022-11-10 10:32:00,545,545,545,545,0
2022-11-10 10:33:00,545,545,545,545,0
2022-11-10 10:34:00,545,545,545,545,0
2022-11-10 10:35:00,545,545,545,545,0
2022-11-10 10:36:00,545,545,545,545,0
2022-11-10 10:37:00,545,545,545,545,0
2022-11-10 10:38:00,545,545,545,545,0
2022-11-10 10:39:00,545,545,545,545,0
2022-11-10 10:40:00,545,545,545,545,0
2022-11-10 10:41:00,545,545,545,545,0
2022-11-10 10:42:00,545,545,545,545,0
2022-11-10 10:43:00,545,545,545,545,0
2022-11-10 10:44:00,545,545,545,545,0
2022-11-10 10:45:00,545,545,545,545,0
2022-11-10 10:46:00,545,545,545,545,0
2022-11-10 10:47:00,545,545,545,545,0
2022-11-10 10:48:00,545,545,545,545,0
2022-11-10 10:49:00,545,545,545,545,0
2022-11-10 10:50:00,545,545,545,545,0
2022-11-10 10:51:00,545,545,545,545,0
2022-11-10 10:52:00,545,545,545,545,0
2022-11-10 10:53:00,545,545,545,545,0
2022-11-10 10:54:00,545,545,545,545,0
2022-11-10 10:55:00,545,545,545,545,0
2022-11-10 10:56:00,545,545,545,545,0
2022-11-10 10:57:00,545,545,545,545,0
2022-11-10 10:58:00,545,545,545,545,0
2022-11-10 10:59:00,540,540,545,545,103100
2022-11-10 11:00:00,545,545,545,545,83700
2022-11-10 11:01:00,545,545,545,545,0
2022-11-10 11:02:00,545,545,545,545,0
2022-11-10 11:03:00,545,545,545,545,0
2022-11-10 11:04:00,545,545,545,545,0
2022-11-10 11:05:00,545,545,545,545,0
2022-11-10 11:06:00,545,545,545,545,0
2022-11-10 11:07:00,545,545,545,545,0
2022-11-10 11:08:00,545,545,545,545,0
2022-11-10 11:09:00,545,545,545,545,0
2022-11-10 11:10:00,545,545,545,545,0
2022-11-10 11:11:00,545,545,545,545,0
2022-11-10 11:12:00,545,545,545,545,0
2022-11-10 11:13:00,545,545,545,545,0
2022-11-10 11:14:00,545,545,545,545,0
2022-11-10 11:15:00,545,545,545,545,0
2022-11-10 11:16:00,545,545,545,545,0
2022-11-10 11:17:00,545,545,545,545,0
2022-11-10 11:18:00,545,545,545,545,0
2022-11-10 11:19:00,545,545,545,545,0
2022-11-10 11:20:00,545,545,545,545,0
2022-11-10 11:21:00,545,545,545,545,0
2022-11-10 11:22:00,545,545,545,545,0
2022-11-10 11:23:00,545,545,545,545,0
2022-11-10 11:24:00,545,545,545,545,0
2022-11-10 11:25:00,545,545,545,545,0
2022-11-10 11:26:00,545,545,545,545,0
2022-11-10 11:27:00,545,545,545,545,0
2022-11-10 11:28:00,545,545,545,545,0
2022-11-10 11:29:00,545,545,545,545,400
2022-11-10 11:30:00,545,545,545,545,0
2022-11-10 11:31:00,545,545,545,545,0
2022-11-10 11:32:00,545,545,545,545,0
2022-11-10 11:33:00,545,545,545,545,0
2022-11-10 11:34:00,545,545,545,545,0
2022-11-10 11:35:00,545,545,545,545,0
2022-11-10 11:36:00,545,545,545,545,0
2022-11-10 11:37:00,545,545,545,545,0
2022-11-10 11:38:00,545,545,545,545,0
2022-11-10 11:39:00,545,545,545,545,0
2022-11-10 11:40:00,545,545,545,545,0
2022-11-10 11:41:00,545,545,545,545,0
2022-11-10 11:42:00,545,545,545,545,0
2022-11-10 11:43:00,545,545,545,545,0
2022-11-10 11:44:00,545,545,545,545,0
2022-11-10 11:45:00,545,545,545,545,0
2022-11-10 11:46:00,545,545,545,545,0
2022-11-10 11:47:00,545,545,545,545,0
2022-11-10 11:48:00,545,545,545,545,0
2022-11-10 11:49:00,545,545,545,545,0
2022-11-10 11:50:00,545,545,545,545,0
2022-11-10 11:51:00,545,545,545,545,0
2022-11-10 11:52:00,545,545,545,545,0
2022-11-10 11:53:00,545,545,545,545,0
2022-11-10 11:54:00,545,545,545,545,0
2022-11-10 11:55:00,545,545,545,545,0
2022-11-10 11:56:00,545,545,545,545,0
2022-11-10 11:57:00,545,545,545,545,0
2022-11-10 11:58:00,545,545,545,545,0
2022-11-10 11:59:00,545,545,545,545,0
2022-11-10 12:00:00,545,545,545,545,0
2022-11-10 12:01:00,545,545,545,545,0
2022-11-10 12:02:00,545,545,545,545,0
2022-11-10 12:03:00,545,545,545,545,0
2022-11-10 12:04:00,545,545,545,545,0
2022-11-10 12:05:00,545,545,545,545,0
2022-11-10 12:06:00,545,545,545,545,0
2022-11-10 12:07:00,545,545,545,545,0
2022-11-10 12:08:00,545,545,545,545,0
2022-11-10 12:09:00,545,545,545,545,0
2022-11-10 12:10:00,545,545,545,545,0
2022-11-10 12:11:00,545,545,545,545,0
2022-11-10 12:12:00,545,545,545,545,0
2022-11-10 12:13:00,545,545,545,545,0
2022-11-10 12:14:00,545,545,545,545,0
2022-11-10 12:15:00,545,545,545,545,0
2022-11-10 12:16:00,545,545,545,545,0
2022-11-10 12:17:00,545,545,545,545,0
2022-11-10 12:18:00,545,545,545,545,0
2022-11-10 12:19:00,545,545,545,545,0
2022-11-10 12:20:00,545,545,545,545,0
2022-11-10 12:21:00,545,545,545,545,0
2022-11-10 12:22:00,545,545,545,545,0
2022-11-10 12:23:00,545,545,545,545,0
2022-11-10 12:24:00,545,545,545,545,0
2022-11-10 12:25:00,545,545,545,545,0
2022-11-10 12:26:00,545,545,545,545,0
2022-11-10 12:27:00,545,545,545,545,0
2022-11-10 12:28:00,545,545,545,545,0
2022-11-10 12:29:00,545,545,545,545,0
2022-11-10 12:30:00,545,545,545,545,0
2022-11-10 12:31:00,545,545,545,545,0
2022-11-10 12:32:00,545,545,545,545,0
2022-11-10 12:33:00,545,545,545,545,0
2022-11-10 12:34:00,545,545,545,545,0
2022-11-10 12:35:00,545,545,545,545,0
2022-11-10 12:36:00,545,545,545,545,0
2022-11-10 12:37:00,545,545,545,545,0
2022-11-10 12:38:00,545,545,545,545,0
2022-11-10 12:39:00,545,545,545,545,0
2022-11-10 12:40:00,545,545,545,545,0
2022-11-10 12:41:00,545,545,545,545,0
2022-11-10 12:42:00,545,545,545,545,0
2022-11-10 12:43:00,545,545,545,545,0
2022-11-10 12:44:00,545,545,545,545,0
2022-11-10 12:45:00,545,545,545,545,0
2022-11-10 12:46:00,545,545,545,545,0
2022-11-10 12:47:00,545,545,545,545,0
2022-11-10 12:48:00,545,545,545,545,0
2022-11-10 12:49:00,545,545,545,545,0
2022-11-10 12:50:00,545,545,545,545,0
2022-11-10 12:51:00,545,545,545,545,0
2022-11-10 12:52:00,545,545,545,545,0
2022-11-10 12:53:00,545,545,545,545,0
2022-11-10 12:54:00,545,545,545,545,0
2022-11-10 12:55:00,545,545,545,545,0
2022-11-10 12:56:00,545,545,545,545,0
2022-11-10 12:57:00,545,545,545,545,0
2022-11-10 12:58:00,545,545,545,545,0
2022-11-10 12:59:00,545,545,545,545,0
2022-11-10 13:00:00,545,545,545,545,0
2022-11-10 13:01:00,545,545,545,545,0
2022-11-10 13:02:00,545,545,545,545,0
2022-11-10 13:03:00,545,545,545,545,0
2022-11-10 13:04:00,545,545,545,545,0
2022-11-10 13:05:00,545,545,545,545,0
2022-11-10 13:06:00,545,545,545,545,0
2022-11-10 13:07:00,545,545,545,545,0
2022-11-10 13:08:00,545,545,545,545,0
2022-11-10 13:09:00,545,545,545,545,0
2022-11-10 13:10:00,545,545,545,545,0
2022-11-10 13:11:00,545,545,545,545,0
2022-11-10 13:12:00,545,545,545,545,0
2022-11-10 13:13:00,545,545,545,545,0
2022-11-10 13:14:00,545,545,545,545,0
2022-11-10 13:15:00,545,545,545,545,0
2022-11-10 13:16:00,545,545,545,545,0
2022-11-10 13:17:00,545,545,545,545,0
2022-11-10 13:18:00,545,545,545,545,0
2022-11-10 13:19:00,545,545,545,545,0
2022-11-10 13:20:00,545,545,545,545,0
2022-11-10 13:21:00,545,545,545,545,0
2022-11-10 13:22:00,545,545,545,545,0
2022-11-10 13:23:00,545,545,545,545,0
2022-11-10 13:24:00,545,545,545,545,0
2022-11-10 13:25:00,545,545,545,545,0
2022-11-10 13:26:00,545,545,545,545,0
2022-11-10 13:27:00,545,545,545,545,0
2022-11-10 13:28:00,545,545,545,545,0
2022-11-10 13:29:00,545,545,545,545,0
2022-11-10 13:30:00,545,545,545,545,400
2022-11-10 13:31:00,545,545,545,545,0
2022-11-10 13:32:00,545,545,545,545,0
2022-11-10 13:33:00,545,545,545,545,100
2022-11-10 13:34:00,545,545,545,545,0
2022-11-10 13:35:00,545,545,545,545,0
2022-11-10 13:36:00,545,545,545,545,0
2022-11-10 13:37:00,545,545,545,545,0
2022-11-10 13:38:00,545,545,545,545,0
2022-11-10 13:39:00,545,545,545,545,0
2022-11-10 13:40:00,545,545,545,545,0
2022-11-10 13:41:00,545,545,545,545,0
2022-11-10 13:42:00,545,545,545,545,0
2022-11-10 13:43:00,545,545,545,545,0
2022-11-10 13:44:00,545,545,545,545,0
2022-11-10 13:45:00,545,545,545,545,0
2022-11-10 13:46:00,545,545,545,545,0
2022-11-10 13:47:00,545,545,545,545,0
2022-11-10 13:48:00,545,545,545,545,0
2022-11-10 13:49:00,545,545,545,545,0
2022-11-10 13:50:00,545,545,545,545,0
2022-11-10 13:51:00,545,545,545,545,0
2022-11-10 13:52:00,545,545,545,545,0
2022-11-10 13:53:00,545,545,545,545,0
2022-11-10 13:54:00,545,545,545,545,0
2022-11-10 13:55:00,545,545,545,545,0
2022-11-10 13:56:00,545,545,545,545,0
2022-11-10 13:57:00,545,545,545,545,0
2022-11-10 13:58:00,545,545,545,545,0
2022-11-10 13:59:00,545,545,545,545,0
2022-11-10 14:00:00,545,545,545,545,0
2022-11-10 14:01:00,545,545,545,545,0
2022-11-10 14:02:00,545,545,545,545,0
2022-11-10 14:03:00,545,545,545,545,0
2022-11-10 14:04:00,545,545,545,545,1000
2022-11-10 14:05:00,545,545,545,545,0
2022-11-10 14:06:00,545,545,545,545,0
2022-11-10 14:07:00,545,545,545,545,0
2022-11-10 14:08:00,540,540,540,540,14900
2022-11-10 14:09:00,540,540,540,540,0
2022-11-10 14:10:00,540,540,540,540,0
2022-11-10 14:11:00,540,540,540,540,0
2022-11-10 14:12:00,540,540,540,540,0
2022-11-10 14:13:00,540,540,540,540,10000
2022-11-10 14:14:00,540,540,540,540,0
2022-11-10 14:15:00,540,540,540,540,0
2022-11-10 14:16:00,540,540,540,540,0
2022-11-10 14:17:00,540,540,540,540,0
2022-11-10 14:18:00,540,540,540,540,0
2022-11-10 14:19:00,540,540,540,540,0
2022-11-10 14:20:00,540,540,540,540,0
2022-11-10 14:21:00,540,540,540,540,0
2022-11-10 14:22:00,540,540,540,540,0
2022-11-10 14:23:00,535,535,535,535,20200
2022-11-10 14:24:00,540,540,540,540,400
2022-11-10 14:25:00,540,540,540,540,0
2022-11-10 14:26:00,540,540,540,540,0
2022-11-10 14:27:00,540,540,540,540,400
2022-11-10 14:28:00,540,540,540,540,400
2022-11-10 14:29:00,540,540,540,540,0
2022-11-10 14:30:00,540,540,540,540,0
2022-11-10 14:31:00,540,540,540,540,0
2022-11-10 14:32:00,540,540,540,540,0
2022-11-10 14:33:00,540,540,540,540,0
2022-11-10 14:34:00,540,540,540,540,0
2022-11-10 14:35:00,540,540,540,540,0
2022-11-10 14:36:00,540,540,540,540,0
2022-11-10 14:37:00,540,540,540,540,0
2022-11-10 14:38:00,540,540,540,540,1500
2022-11-10 14:39:00,540,540,540,540,0
2022-11-10 14:40:00,540,540,540,540,2000
2022-11-10 14:41:00,540,540,540,540,400
2022-11-10 14:42:00,540,540,540,540,1300
2022-11-10 14:43:00,540,540,540,540,200
2022-11-10 14:44:00,540,540,540,540,1000
2022-11-10 14:45:00,540,540,540,540,1200
2022-11-10 14:46:00,540,540,540,540,0
2022-11-10 14:47:00,540,540,540,540,400
2022-11-10 14:48:00,540,540,540,540,800
2022-11-10 14:49:00,540,540,545,545,180400
2022-11-10 14:50:00,540,540,545,545,0
2022-11-10 14:51:00,540,540,545,545,0
2022-11-10 14:52:00,540,540,545,545,0
2022-11-10 14:53:00,540,540,545,545,0
2022-11-10 14:54:00,540,540,545,545,0
2022-11-10 14:55:00,540,540,545,545,0
2022-11-10 14:56:00,540,540,545,545,0
2022-11-10 14:57:00,540,540,545,545,0
2022-11-10 14:58:00,540,540,545,545,0
2022-11-10 14:59:00,540,540,545,545,0
2022-11-10 15:00:00,540,540,540,540,84100
2022-11-10 15:01:00,540,540,540,540,0
2022-11-10 15:02:00,540,540,540,540,0
2022-11-10 15:03:00,540,540,540,540,0
2022-11-10 15:04:00,540,540,540,540,10000
2022-11-10 15:05:00,540,540,540,540,718600
2022-11-10 15:06:00,540,540,540,540,0
2022-11-10 15:07:00,540,540,540,540,0
2022-11-10 15:08:00,540,540,540,540,0
2022-11-10 15:09:00,540,540,540,540,0
2022-11-10 15:10:00,540,540,540,540,0
2022-11-10 15:11:00,540,540,540,540,0
2022-11-10 15:12:00,540,540,540,540,0
2022-11-10 15:13:00,540,540,540,540,0
2022-11-10 15:14:00,540,540,540,540,0
2022-11-10 15:15:00,540,540,540,540,0
2022-11-10 15:16:00,540,540,540,540,0
2022-11-10 15:17:00,540,540,540,540,0
2022-11-10 15:18:00,540,540,540,540,0
2022-11-10 15:19:00,540,540,540,540,0
2022-11-10 15:20:00,540,540,540,540,0
2022-11-10 15:21:00,540,540,540,540,0
2022-11-10 15:22:00,540,540,540,540,0
2022-11-10 15:23:00,540,540,540,540,0
2022-11-10 15:24:00,540,540,540,540,0
2022-11-10 15:25:00,540,540,540,540,0
2022-11-10 15:26:00,540,540,540,540,0
2022-11-10 15:27:00,540,540,540,540,0
2022-11-10 15:28:00,540,540,540,540,0
2022-11-10 15:29:00,540,540,540,540,0
2022-11-10 15:30:00,540,540,540,540,0
2022-11-10 15:31:00,540,540,540,540,0
2022-11-10 15:32:00,540,540,540,540,0
2022-11-10 15:33:00,540,540,540,540,0
2022-11-10 15:34:00,540,540,540,540,0
2022-11-10 15:35:00,540,540,540,540,0
2022-11-10 15:36:00,540,540,540,540,0
2022-11-10 15:37:00,540,540,540,540,0
2022-11-10 15:38:00,540,540,540,540,0
2022-11-10 15:39:00,540,540,540,540,0
2022-11-10 15:40:00,540,540,540,540,0
2022-11-10 15:41:00,540,540,540,540,0
2022-11-10 15:42:00,540,540,540,540,0
2022-11-10 15:43:00,540,540,540,540,0
2022-11-10 15:44:00,540,540,540,540,0
2022-11-10 15:45:00,540,540,540,540,0
2022-11-10 15:46:00,540,540,540,540,0
2022-11-10 15:47:00,540,540,540,540,0
2022-11-10 15:48:00,540,540,540,540,0
2022-11-10 15:49:00,540,540,540,540,0
2022-11-10 15:50:00,540,540,540,540,0
2022-11-10 15:51:00,540,540,540,540,0
2022-11-10 15:52:00,540,540,540,540,0
2022-11-10 15:53:00,540,540,540,540,0
2022-11-10 15:54:00,540,540,540,540,0
2022-11-10 15:55:00,540,540,540,540,0
2022-11-10 15:56:00,540,540,540,540,0
2022-11-10 15:57:00,540,540,540,540,0
2022-11-10 15:58:00,540,540,540,540,0
2022-11-10 15:59:00,540,540,540,540,0
2022-11-11 09:00:00,545,545,545,545,0
2022-11-11 09:01:00,545,545,545,545,0
2022-11-11 09:02:00,545,545,545,545,0
2022-11-11 09:03:00,545,545,545,545,0
2022-11-11 09:04:00,545,545,545,545,0
2022-11-11 09:05:00,545,545,545,545,0
2022-11-11 09:06:00,545,545,545,545,0
2022-11-11 09:07:00,545,545,545,545,0
2022-11-11 09:08:00,545,545,545,545,0
2022-11-11 09:09:00,540,540,545,545,0
2022-11-11 09:10:00,540,540,545,545,0
2022-11-11 09:11:00,540,540,540,540,300
2022-11-11 09:12:00,545,545,545,545,300
2022-11-11 09:13:00,545,545,545,545,0
2022-11-11 09:14:00,545,545,545,545,1400
2022-11-11 09:15:00,545,545,545,545,0
2022-11-11 09:16:00,545,545,545,545,0
2022-11-11 09:17:00,545,545,545,545,0
2022-11-11 09:18:00,545,545,545,545,0
2022-11-11 09:19:00,545,545,545,545,0
2022-11-11 09:20:00,545,545,545,545,0
2022-11-11 09:21:00,545,545,545,545,0
2022-11-11 09:22:00,545,545,545,545,0
2022-11-11 09:23:00,545,545,545,545,0
2022-11-11 09:24:00,545,545,545,545,0
2022-11-11 09:25:00,545,545,545,545,0
2022-11-11 09:26:00,545,545,545,545,0
2022-11-11 09:27:00,545,545,545,545,0
2022-11-11 09:28:00,545,545,545,545,0
2022-11-11 09:29:00,545,545,545,545,0
2022-11-11 09:30:00,545,545,545,545,0
2022-11-11 09:31:00,545,545,545,545,0
2022-11-11 09:32:00,545,545,545,545,0
2022-11-11 09:33:00,545,545,545,545,0
2022-11-11 09:34:00,545,545,545,545,0
2022-11-11 09:35:00,545,545,545,545,0
2022-11-11 09:36:00,545,545,545,545,0
2022-11-11 09:37:00,545,545,545,545,0
2022-11-11 09:38:00,540,540,540,540,7400
2022-11-11 09:39:00,540,540,540,540,300
2022-11-11 09:40:00,540,540,540,540,300
2022-11-11 09:41:00,540,540,540,540,1000
2022-11-11 09:42:00,540,540,545,545,1300
2022-11-11 09:43:00,540,540,545,545,0
2022-11-11 09:44:00,540,540,545,545,0
2022-11-11 09:45:00,540,540,545,545,0
2022-11-11 09:46:00,540,540,545,545,0
2022-11-11 09:47:00,540,540,545,545,0
2022-11-11 09:48:00,540,540,545,545,0
2022-11-11 09:49:00,540,540,545,545,0
2022-11-11 09:50:00,540,540,545,545,0
2022-11-11 09:51:00,540,540,545,545,0
2022-11-11 09:52:00,540,540,545,545,0
2022-11-11 09:53:00,540,540,545,545,0
2022-11-11 09:54:00,540,540,545,545,0
2022-11-11 09:55:00,540,540,545,545,0
2022-11-11 09:56:00,540,540,545,545,0
2022-11-11 09:57:00,540,540,545,545,0
2022-11-11 09:58:00,540,540,540,540,7600
2022-11-11 09:59:00,545,545,545,545,0
2022-11-11 10:00:00,545,545,545,545,0
2022-11-11 10:01:00,545,545,545,545,0
2022-11-11 10:02:00,545,545,545,545,0
2022-11-11 10:03:00,545,545,545,545,0
2022-11-11 10:04:00,545,545,545,545,0
2022-11-11 10:05:00,545,545,545,545,0
2022-11-11 10:06:00,545,545,545,545,0
2022-11-11 10:07:00,545,545,545,545,0
2022-11-11 10:08:00,545,545,545,545,0
2022-11-11 10:09:00,545,545,545,545,0
2022-11-11 10:10:00,545,545,545,545,0
2022-11-11 10:11:00,545,545,545,545,0
2022-11-11 10:12:00,545,545,545,545,0
2022-11-11 10:13:00,545,545,545,545,0
2022-11-11 10:14:00,545,545,545,545,0
2022-11-11 10:15:00,545,545,545,545,0
2022-11-11 10:16:00,545,545,545,545,0
2022-11-11 10:17:00,545,545,545,545,0
2022-11-11 10:18:00,545,545,545,545,0
2022-11-11 10:19:00,545,545,545,545,0
2022-11-11 10:20:00,545,545,545,545,0
2022-11-11 10:21:00,545,545,545,545,0
2022-11-11 10:22:00,545,545,545,545,0
2022-11-11 10:23:00,545,545,545,545,0
2022-11-11 10:24:00,545,545,545,545,0
2022-11-11 10:25:00,545,545,545,545,0
2022-11-11 10:26:00,545,545,545,545,0
2022-11-11 10:27:00,545,545,545,545,0
2022-11-11 10:28:00,545,545,545,545,0
2022-11-11 10:29:00,545,545,545,545,0
2022-11-11 10:30:00,545,545,545,545,0
2022-11-11 10:31:00,545,545,545,545,0
2022-11-11 10:32:00,545,545,545,545,0
2022-11-11 10:33:00,545,545,545,545,0
2022-11-11 10:34:00,545,545,545,545,0
2022-11-11 10:35:00,545,545,545,545,0
2022-11-11 10:36:00,545,545,545,545,500
2022-11-11 10:37:00,545,545,545,545,0
2022-11-11 10:38:00,545,545,545,545,0
2022-11-11 10:39:00,545,545,545,545,0
2022-11-11 10:40:00,545,545,545,545,0
2022-11-11 10:41:00,545,545,545,545,0
2022-11-11 10:42:00,545,545,545,545,0
2022-11-11 10:43:00,545,545,545,545,0
2022-11-11 10:44:00,545,545,545,545,0
2022-11-11 10:45:00,545,545,545,545,0
2022-11-11 10:46:00,545,545,545,545,0
2022-11-11 10:47:00,545,545,545,545,0
2022-11-11 10:48:00,545,545,545,545,0
2022-11-11 10:49:00,545,545,545,545,0
2022-11-11 10:50:00,545,545,545,545,0
2022-11-11 10:51:00,545,545,545,545,0
2022-11-11 10:52:00,545,545,545,545,0
2022-11-11 10:53:00,545,545,545,545,0
2022-11-11 10:54:00,545,545,545,545,0
2022-11-11 10:55:00,545,545,545,545,0
2022-11-11 10:56:00,545,545,545,545,800
2022-11-11 10:57:00,545,545,545,545,0
2022-11-11 10:58:00,545,545,545,545,0
2022-11-11 10:59:00,545,545,545,545,0
2022-11-11 11:00:00,545,545,545,545,0
2022-11-11 11:01:00,545,545,545,545,0
2022-11-11 11:02:00,545,545,545,545,0
2022-11-11 11:03:00,545,545,545,545,0
2022-11-11 11:04:00,545,545,545,545,0
2022-11-11 11:05:00,540,540,540,540,1000
2022-11-11 11:06:00,545,545,545,545,0
2022-11-11 11:07:00,545,545,545,545,0
2022-11-11 11:08:00,545,545,545,545,0
2022-11-11 11:09:00,545,545,545,545,0
2022-11-11 11:10:00,545,545,545,545,0
2022-11-11 11:11:00,545,545,545,545,0
2022-11-11 11:12:00,545,545,545,545,1000
2022-11-11 11:13:00,545,545,545,545,0
2022-11-11 11:14:00,545,545,545,545,0
2022-11-11 11:15:00,545,545,545,545,0
2022-11-11 11:16:00,545,545,545,545,0
2022-11-11 11:17:00,545,545,545,545,0
2022-11-11 11:18:00,545,545,545,545,0
2022-11-11 11:19:00,545,545,545,545,0
2022-11-11 11:20:00,545,545,545,545,0
2022-11-11 11:21:00,545,545,545,545,0
2022-11-11 11:22:00,545,545,545,545,0
2022-11-11 11:23:00,545,545,545,545,0
2022-11-11 11:24:00,540,540,545,545,400
2022-11-11 11:25:00,545,545,545,545,800
2022-11-11 11:26:00,545,545,545,545,0
2022-11-11 11:27:00,545,545,545,545,0
2022-11-11 11:28:00,545,545,545,545,400
2022-11-11 11:29:00,545,545,545,545,900
2022-11-11 11:30:00,545,545,545,545,0
2022-11-11 11:31:00,545,545,545,545,0
2022-11-11 11:32:00,545,545,545,545,0
2022-11-11 11:33:00,545,545,545,545,0
2022-11-11 11:34:00,545,545,545,545,0
2022-11-11 11:35:00,545,545,545,545,0
2022-11-11 11:36:00,545,545,545,545,0
2022-11-11 11:37:00,545,545,545,545,0
2022-11-11 11:38:00,545,545,545,545,0
2022-11-11 11:39:00,545,545,545,545,0
2022-11-11 11:40:00,545,545,545,545,0
2022-11-11 11:41:00,545,545,545,545,0
2022-11-11 11:42:00,545,545,545,545,0
2022-11-11 11:43:00,545,545,545,545,0
2022-11-11 11:44:00,545,545,545,545,0
2022-11-11 11:45:00,545,545,545,545,0
2022-11-11 11:46:00,545,545,545,545,0
2022-11-11 11:47:00,545,545,545,545,0
2022-11-11 11:48:00,545,545,545,545,0
2022-11-11 11:49:00,545,545,545,545,0
2022-11-11 11:50:00,545,545,545,545,0
2022-11-11 11:51:00,545,545,545,545,0
2022-11-11 11:52:00,545,545,545,545,0
2022-11-11 11:53:00,545,545,545,545,0
2022-11-11 11:54:00,545,545,545,545,0
2022-11-11 11:55:00,545,545,545,545,0
2022-11-11 11:56:00,545,545,545,545,0
2022-11-11 11:57:00,545,545,545,545,0
2022-11-11 11:58:00,545,545,545,545,0
2022-11-11 11:59:00,545,545,545,545,0
2022-11-11 12:00:00,545,545,545,545,0
2022-11-11 12:01:00,545,545,545,545,0
2022-11-11 12:02:00,545,545,545,545,0
2022-11-11 12:03:00,545,545,545,545,0
2022-11-11 12:04:00,545,545,545,545,0
2022-11-11 12:05:00,545,545,545,545,0
2022-11-11 12:06:00,545,545,545,545,0
2022-11-11 12:07:00,545,545,545,545,0
2022-11-11 12:08:00,545,545,545,545,0
2022-11-11 12:09:00,545,545,545,545,0
2022-11-11 12:10:00,545,545,545,545,0
2022-11-11 12:11:00,545,545,545,545,0
2022-11-11 12:12:00,545,545,545,545,0
2022-11-11 12:13:00,545,545,545,545,0
2022-11-11 12:14:00,545,545,545,545,0
2022-11-11 12:15:00,545,545,545,545,0
2022-11-11 12:16:00,545,545,545,545,0
2022-11-11 12:17:00,545,545,545,545,0
2022-11-11 12:18:00,545,545,545,545,0
2022-11-11 12:19:00,545,545,545,545,0
2022-11-11 12:20:00,545,545,545,545,0
2022-11-11 12:21:00,545,545,545,545,0
2022-11-11 12:22:00,545,545,545,545,0
2022-11-11 12:23:00,545,545,545,545,0
2022-11-11 12:24:00,545,545,545,545,0
2022-11-11 12:25:00,545,545,545,545,0
2022-11-11 12:26:00,545,545,545,545,0
2022-11-11 12:27:00,545,545,545,545,0
2022-11-11 12:28:00,545,545,545,545,0
2022-11-11 12:29:00,545,545,545,545,0
2022-11-11 12:30:00,545,545,545,545,0
2022-11-11 12:31:00,545,545,545,545,0
2022-11-11 12:32:00,545,545,545,545,0
2022-11-11 12:33:00,545,545,545,545,0
2022-11-11 12:34:00,545,545,545,545,0
2022-11-11 12:35:00,545,545,545,545,0
2022-11-11 12:36:00,545,545,545,545,0
2022-11-11 12:37:00,545,545,545,545,0
2022-11-11 12:38:00,545,545,545,545,0
2022-11-11 12:39:00,545,545,545,545,0
2022-11-11 12:40:00,545,545,545,545,0
2022-11-11 12:41:00,545,545,545,545,0
2022-11-11 12:42:00,545,545,545,545,0
2022-11-11 12:43:00,545,545,545,545,0
2022-11-11 12:44:00,545,545,545,545,0
2022-11-11 12:45:00,545,545,545,545,0
2022-11-11 12:46:00,545,545,545,545,0
2022-11-11 12:47:00,545,545,545,545,0
2022-11-11 12:48:00,545,545,545,545,0
2022-11-11 12:49:00,545,545,545,545,0
2022-11-11 12:50:00,545,545,545,545,0
2022-11-11 12:51:00,545,545,545,545,0
2022-11-11 12:52:00,545,545,545,545,0
2022-11-11 12:53:00,545,545,545,545,0
2022-11-11 12:54:00,545,545,545,545,0
2022-11-11 12:55:00,545,545,545,545,0
2022-11-11 12:56:00,545,545,545,545,0
2022-11-11 12:57:00,545,545,545,545,0
2022-11-11 12:58:00,545,545,545,545,0
2022-11-11 12:59:00,545,545,545,545,0
2022-11-11 13:00:00,545,545,545,545,0
2022-11-11 13:01:00,545,545,545,545,0
2022-11-11 13:02:00,545,545,545,545,0
2022-11-11 13:03:00,545,545,545,545,0
2022-11-11 13:04:00,545,545,545,545,0
2022-11-11 13:05:00,545,545,545,545,0
2022-11-11 13:06:00,545,545,545,545,0
2022-11-11 13:07:00,545,545,545,545,0
2022-11-11 13:08:00,545,545,545,545,0
2022-11-11 13:09:00,545,545,545,545,0
2022-11-11 13:10:00,545,545,545,545,0
2022-11-11 13:11:00,545,545,545,545,0
2022-11-11 13:12:00,545,545,545,545,0
2022-11-11 13:13:00,545,545,545,545,0
2022-11-11 13:14:00,545,545,545,545,0
2022-11-11 13:15:00,545,545,545,545,0
2022-11-11 13:16:00,545,545,545,545,0
2022-11-11 13:17:00,545,545,545,545,0
2022-11-11 13:18:00,545,545,545,545,0
2022-11-11 13:19:00,545,545,545,545,0
2022-11-11 13:20:00,545,545,545,545,0
2022-11-11 13:21:00,545,545,545,545,0
2022-11-11 13:22:00,545,545,545,545,0
2022-11-11 13:23:00,545,545,545,545,0
2022-11-11 13:24:00,545,545,545,545,0
2022-11-11 13:25:00,545,545,545,545,0
2022-11-11 13:26:00,545,545,545,545,0
2022-11-11 13:27:00,545,545,545,545,0
2022-11-11 13:28:00,545,545,545,545,0
2022-11-11 13:29:00,545,545,545,545,0
2022-11-11 13:30:00,540,540,545,545,155000
2022-11-11 13:31:00,540,540,545,545,0
2022-11-11 13:32:00,540,540,545,545,0
2022-11-11 13:33:00,540,540,545,545,0
2022-11-11 13:34:00,540,540,545,545,0
2022-11-11 13:35:00,540,540,545,545,0
2022-11-11 13:36:00,540,540,545,545,0
2022-11-11 13:37:00,540,540,545,545,0
2022-11-11 13:38:00,540,540,545,545,0
2022-11-11 13:39:00,540,540,545,545,0
2022-11-11 13:40:00,540,540,545,545,0
2022-11-11 13:41:00,540,540,545,545,0
2022-11-11 13:42:00,540,540,545,545,0
2022-11-11 13:43:00,540,540,545,545,0
2022-11-11 13:44:00,540,540,545,545,0
2022-11-11 13:45:00,540,540,545,545,0
2022-11-11 13:46:00,540,540,545,545,0
2022-11-11 13:47:00,540,540,545,545,0
2022-11-11 13:48:00,540,540,545,545,0
2022-11-11 13:49:00,540,540,545,545,0
2022-11-11 13:50:00,540,540,545,545,0
2022-11-11 13:51:00,540,540,545,545,0
2022-11-11 13:52:00,540,540,545,545,0
2022-11-11 13:53:00,545,545,545,545,1000
2022-11-11 13:54:00,545,545,545,545,0
2022-11-11 13:55:00,545,545,545,545,0
2022-11-11 13:56:00,545,545,545,545,0
2022-11-11 13:57:00,545,545,545,545,0
2022-11-11 13:58:00,545,545,545,545,0
2022-11-11 13:59:00,545,545,545,545,0
2022-11-11 14:00:00,545,545,545,545,0
2022-11-11 14:01:00,545,545,545,545,0
2022-11-11 14:02:00,545,545,545,545,0
2022-11-11 14:03:00,545,545,545,545,0
2022-11-11 14:04:00,545,545,545,545,0
2022-11-11 14:05:00,545,545,545,545,0
2022-11-11 14:06:00,545,545,545,545,0
2022-11-11 14:07:00,545,545,545,545,0
2022-11-11 14:08:00,545,545,545,545,0
2022-11-11 14:09:00,545,545,545,545,0
2022-11-11 14:10:00,545,545,545,545,0
2022-11-11 14:11:00,545,545,545,545,0
2022-11-11 14:12:00,545,545,545,545,300
2022-11-11 14:13:00,545,545,545,545,0
2022-11-11 14:14:00,545,545,545,545,0
2022-11-11 14:15:00,545,545,545,545,0
2022-11-11 14:16:00,545,545,545,545,0
2022-11-11 14:17:00,545,545,545,545,0
2022-11-11 14:18:00,545,545,545,545,0
2022-11-11 14:19:00,545,545,545,545,0
2022-11-11 14:20:00,545,545,545,545,0
2022-11-11 14:21:00,545,545,545,545,0
2022-11-11 14:22:00,545,545,545,545,0
2022-11-11 14:23:00,545,545,545,545,0
2022-11-11 14:24:00,545,545,545,545,0
2022-11-11 14:25:00,545,545,545,545,0
2022-11-11 14:26:00,545,545,545,545,0
2022-11-11 14:27:00,545,545,545,545,0
2022-11-11 14:28:00,545,545,545,545,0
2022-11-11 14:29:00,545,545,545,545,0
2022-11-11 14:30:00,545,545,545,545,0
2022-11-11 14:31:00,545,545,545,545,0
2022-11-11 14:32:00,545,545,545,545,0
2022-11-11 14:33:00,545,545,545,545,0
2022-11-11 14:34:00,545,545,545,545,0
2022-11-11 14:35:00,545,545,545,545,0
2022-11-11 14:36:00,545,545,545,545,800
2022-11-11 14:37:00,545,545,545,545,0
2022-11-11 14:38:00,545,545,545,545,300
2022-11-11 14:39:00,545,545,545,545,0
2022-11-11 14:40:00,545,545,545,545,0
2022-11-11 14:41:00,545,545,545,545,0
2022-11-11 14:42:00,545,545,545,545,0
2022-11-11 14:43:00,545,545,545,545,0
2022-11-11 14:44:00,545,545,545,545,600
2022-11-11 14:45:00,545,545,545,545,0
2022-11-11 14:46:00,545,545,545,545,100
2022-11-11 14:47:00,545,540,545,540,3200
2022-11-11 14:48:00,540,540,545,545,7600
2022-11-11 14:49:00,545,545,550,550,145200
2022-11-11 14:50:00,545,545,550,550,0
2022-11-11 14:51:00,545,545,550,550,0
2022-11-11 14:52:00,545,545,550,550,0
2022-11-11 14:53:00,545,545,550,550,0
2022-11-11 14:54:00,545,545,550,550,0
2022-11-11 14:55:00,545,545,550,550,0
2022-11-11 14:56:00,545,545,550,550,0
2022-11-11 14:57:00,545,545,550,550,0
2022-11-11 14:58:00,545,545,550,550,0
2022-11-11 14:59:00,545,545,550,550,0
2022-11-11 15:00:00,550,550,550,550,160300
2022-11-11 15:01:00,550,550,550,550,0
2022-11-11 15:02:00,550,550,550,550,0
2022-11-11 15:03:00,550,550,550,550,0
2022-11-11 15:04:00,550,550,550,550,0
2022-11-11 15:05:00,550,550,550,550,0
2022-11-11 15:06:00,550,550,550,550,0
2022-11-11 15:07:00,550,550,550,550,0
2022-11-11 15:08:00,550,550,550,550,0
2022-11-11 15:09:00,550,550,550,550,0
2022-11-11 15:10:00,550,550,550,550,0
2022-11-11 15:11:00,550,550,550,550,0
2022-11-11 15:12:00,550,550,550,550,0
2022-11-11 15:13:00,550,550,550,550,0
2022-11-11 15:14:00,550,550,550,550,0
2022-11-11 15:15:00,550,550,550,550,0
2022-11-11 15:16:00,550,550,550,550,0
2022-11-11 15:17:00,550,550,550,550,0
2022-11-11 15:18:00,550,550,550,550,0
2022-11-11 15:19:00,550,550,550,550,0
2022-11-11 15:20:00,550,550,550,550,0
2022-11-11 15:21:00,550,550,550,550,0
2022-11-11 15:22:00,550,550,550,550,0
2022-11-11 15:23:00,550,550,550,550,0
2022-11-11 15:24:00,550,550,550,550,0
2022-11-11 15:25:00,550,550,550,550,0
2022-11-11 15:26:00,550,550,550,550,0
2022-11-11 15:27:00,550,550,550,550,0
2022-11-11 15:28:00,550,550,550,550,0
2022-11-11 15:29:00,550,550,550,550,0
2022-11-11 15:30:00,550,550,550,550,0
2022-11-11 15:31:00,550,550,550,550,0
2022-11-11 15:32:00,550,550,550,550,0
2022-11-11 15:33:00,550,550,550,550,0
2022-11-11 15:34:00,550,550,550,550,0
2022-11-11 15:35:00,550,550,550,550,0
2022-11-11 15:36:00,550,550,550,550,0
2022-11-11 15:37:00,550,550,550,550,0
2022-11-11 15:38:00,550,550,550,550,0
2022-11-11 15:39:00,550,550,550,550,0
2022-11-11 15:40:00,550,550,550,550,0
2022-11-11 15:41:00,550,550,550,550,0
2022-11-11 15:42:00,550,550,550,550,0
2022-11-11 15:43:00,550,550,550,550,0
2022-11-11 15:44:00,550,550,550,550,0
2022-11-11 15:45:00,550,550,550,550,0
2022-11-11 15:46:00,550,550,550,550,0
2022-11-11 15:47:00,550,550,550,550,0
2022-11-11 15:48:00,550,550,550,550,0
2022-11-11 15:49:00,550,550,550,550,0
2022-11-11 15:50:00,550,550,550,550,0
2022-11-11 15:51:00,550,550,550,550,0
2022-11-11 15:52:00,550,550,550,550,0
2022-11-11 15:53:00,550,550,550,550,0
2022-11-11 15:54:00,550,550,550,550,0
2022-11-11 15:55:00,550,550,550,550,0
2022-11-11 15:56:00,550,550,550,550,0
2022-11-11 15:57:00,550,550,550,550,0
2022-11-11 15:58:00,550,550,550,550,0
2022-11-11 15:59:00,550,550,550,550,0
2022-11-14 09:00:00,540,540,540,540,0
2022-11-14 09:01:00,545,545,545,545,0
2022-11-14 09:02:00,545,545,545,545,0
2022-11-14 09:03:00,545,545,545,545,0
2022-11-14 09:04:00,545,545,545,545,0
2022-11-14 09:05:00,545,545,545,545,0
2022-11-14 09:06:00,545,545,545,545,0
2022-11-14 09:07:00,545,545,545,545,0
2022-11-14 09:08:00,545,545,545,545,0
2022-11-14 09:09:00,545,545,545,545,0
2022-11-14 09:10:00,545,545,545,545,0
2022-11-14 09:11:00,545,545,545,545,300
2022-11-14 09:12:00,545,545,545,545,0
2022-11-14 09:13:00,545,545,545,545,0
2022-11-14 09:14:00,545,545,545,545,0
2022-11-14 09:15:00,545,545,545,545,0
2022-11-14 09:16:00,545,545,545,545,0
2022-11-14 09:17:00,545,545,545,545,0
2022-11-14 09:18:00,545,545,545,545,0
2022-11-14 09:19:00,545,545,545,545,0
2022-11-14 09:20:00,545,545,545,545,1200
2022-11-14 09:21:00,545,545,545,545,0
2022-11-14 09:22:00,545,545,545,545,0
2022-11-14 09:23:00,540,540,545,545,50700
2022-11-14 09:24:00,545,545,545,545,200
2022-11-14 09:25:00,545,545,545,545,0
2022-11-14 09:26:00,545,545,545,545,0
2022-11-14 09:27:00,545,545,545,545,255000
2022-11-14 09:28:00,545,545,545,545,0
2022-11-14 09:29:00,545,545,545,545,0
2022-11-14 09:30:00,545,545,545,545,0
2022-11-14 09:31:00,545,545,545,545,0
2022-11-14 09:32:00,545,545,545,545,0
2022-11-14 09:33:00,545,545,545,545,0
2022-11-14 09:34:00,545,545,545,545,0
2022-11-14 09:35:00,545,545,545,545,0
2022-11-14 09:36:00,545,545,545,545,0
2022-11-14 09:37:00,545,545,545,545,0
2022-11-14 09:38:00,545,545,545,545,0
2022-11-14 09:39:00,545,545,545,545,0
2022-11-14 09:40:00,545,545,545,545,0
2022-11-14 09:41:00,545,545,545,545,0
2022-11-14 09:42:00,545,545,545,545,0
2022-11-14 09:43:00,545,545,545,545,0
2022-11-14 09:44:00,545,545,545,545,0
2022-11-14 09:45:00,545,545,545,545,0
2022-11-14 09:46:00,545,545,545,545,0
2022-11-14 09:47:00,545,545,545,545,0
2022-11-14 09:48:00,545,545,545,545,500
2022-11-14 09:49:00,545,545,545,545,0
2022-11-14 09:50:00,545,545,545,545,0
2022-11-14 09:51:00,545,545,545,545,0
2022-11-14 09:52:00,545,545,545,545,0
2022-11-14 09:53:00,545,545,545,545,0
2022-11-14 09:54:00,545,545,545,545,0
2022-11-14 09:55:00,545,545,545,545,300
2022-11-14 09:56:00,545,545,545,545,0
2022-11-14 09:57:00,545,545,545,545,0
2022-11-14 09:58:00,545,545,545,545,400
2022-11-14 09:59:00,545,545,545,545,0
2022-11-14 10:00:00,545,545,545,545,0
2022-11-14 10:01:00,545,545,545,545,0
2022-11-14 10:02:00,545,545,545,545,0
2022-11-14 10:03:00,545,545,545,545,0
2022-11-14 10:04:00,545,545,545,545,0
2022-11-14 10:05:00,545,545,545,545,0
2022-11-14 10:06:00,545,545,545,545,0
2022-11-14 10:07:00,545,545,545,545,0
2022-11-14 10:08:00,545,545,545,545,0
2022-11-14 10:09:00,545,545,545,545,0
2022-11-14 10:10:00,545,545,545,545,0
2022-11-14 10:11:00,545,545,545,545,0
2022-11-14 10:12:00,545,545,545,545,0
2022-11-14 10:13:00,545,545,545,545,0
2022-11-14 10:14:00,545,545,545,545,0
2022-11-14 10:15:00,545,545,545,545,800
2022-11-14 10:16:00,545,545,545,545,0
2022-11-14 10:17:00,545,545,545,545,0
2022-11-14 10:18:00,545,545,545,545,0
2022-11-14 10:19:00,545,545,545,545,0
2022-11-14 10:20:00,545,545,545,545,0
2022-11-14 10:21:00,545,545,545,545,0
2022-11-14 10:22:00,545,545,545,545,0
2022-11-14 10:23:00,545,545,545,545,0
2022-11-14 10:24:00,545,545,545,545,0
2022-11-14 10:25:00,545,545,545,545,0
2022-11-14 10:26:00,545,545,545,545,0
2022-11-14 10:27:00,545,545,545,545,0
2022-11-14 10:28:00,545,545,545,545,0
2022-11-14 10:29:00,545,545,545,545,0
2022-11-14 10:30:00,545,545,545,545,0
2022-11-14 10:31:00,545,545,545,545,0
2022-11-14 10:32:00,545,545,545,545,0
2022-11-14 10:33:00,545,545,545,545,0
2022-11-14 10:34:00,545,545,545,545,0
2022-11-14 10:35:00,545,545,545,545,0
2022-11-14 10:36:00,545,545,545,545,0
2022-11-14 10:37:00,545,545,545,545,0
2022-11-14 10:38:00,545,545,545,545,0
2022-11-14 10:39:00,545,545,545,545,0
2022-11-14 10:40:00,545,545,545,545,0
2022-11-14 10:41:00,545,545,545,545,0
2022-11-14 10:42:00,545,545,545,545,0
2022-11-14 10:43:00,545,545,545,545,0
2022-11-14 10:44:00,545,545,545,545,0
2022-11-14 10:45:00,545,545,545,545,0
2022-11-14 10:46:00,545,545,545,545,0
2022-11-14 10:47:00,545,545,545,545,0
2022-11-14 10:48:00,545,545,545,545,400
2022-11-14 10:49:00,545,545,545,545,0
2022-11-14 10:50:00,545,545,545,545,0
2022-11-14 10:51:00,545,545,545,545,0
2022-11-14 10:52:00,545,545,545,545,0
2022-11-14 10:53:00,545,545,545,545,0
2022-11-14 10:54:00,545,545,545,545,0
2022-11-14 10:55:00,545,545,545,545,0
2022-11-14 10:56:00,545,545,545,545,0
2022-11-14 10:57:00,545,545,545,545,0
2022-11-14 10:58:00,545,545,545,545,0
2022-11-14 10:59:00,545,545,545,545,0
2022-11-14 11:00:00,545,545,545,545,0
2022-11-14 11:01:00,545,545,545,545,0
2022-11-14 11:02:00,545,545,545,545,0
2022-11-14 11:03:00,545,545,545,545,0
2022-11-14 11:04:00,545,545,545,545,0
2022-11-14 11:05:00,545,545,545,545,0
2022-11-14 11:06:00,545,545,545,545,0
2022-11-14 11:07:00,545,545,545,545,0
2022-11-14 11:08:00,545,545,545,545,0
2022-11-14 11:09:00,545,545,545,545,0
2022-11-14 11:10:00,545,545,545,545,0
2022-11-14 11:11:00,545,545,545,545,0
2022-11-14 11:12:00,545,545,545,545,0
2022-11-14 11:13:00,545,545,545,545,0
2022-11-14 11:14:00,545,545,545,545,0
2022-11-14 11:15:00,545,545,545,545,0
2022-11-14 11:16:00,545,545,545,545,0
2022-11-14 11:17:00,545,545,545,545,300
2022-11-14 11:18:00,545,545,545,545,0
2022-11-14 11:19:00,545,545,545,545,0
2022-11-14 11:20:00,545,545,545,545,0
2022-11-14 11:21:00,545,545,545,545,0
2022-11-14 11:22:00,545,545,545,545,0
2022-11-14 11:23:00,545,545,545,545,0
2022-11-14 11:24:00,545,545,545,545,0
2022-11-14 11:25:00,545,545,545,545,0
2022-11-14 11:26:00,545,545,545,545,0
2022-11-14 11:27:00,545,545,545,545,0
2022-11-14 11:28:00,545,545,545,545,0
2022-11-14 11:29:00,545,545,545,545,300
2022-11-14 11:30:00,545,545,545,545,0
2022-11-14 11:31:00,545,545,545,545,0
2022-11-14 11:32:00,545,545,545,545,0
2022-11-14 11:33:00,545,545,545,545,0
2022-11-14 11:34:00,545,545,545,545,0
2022-11-14 11:35:00,545,545,545,545,0
2022-11-14 11:36:00,545,545,545,545,0
2022-11-14 11:37:00,545,545,545,545,0
2022-11-14 11:38:00,545,545,545,545,0
2022-11-14 11:39:00,545,545,545,545,0
2022-11-14 11:40:00,545,545,545,545,0
2022-11-14 11:41:00,545,545,545,545,0
2022-11-14 11:42:00,545,545,545,545,0
2022-11-14 11:43:00,545,545,545,545,0
2022-11-14 11:44:00,545,545,545,545,0
2022-11-14 11:45:00,545,545,545,545,0
2022-11-14 11:46:00,545,545,545,545,0
2022-11-14 11:47:00,545,545,545,545,0
2022-11-14 11:48:00,545,545,545,545,0
2022-11-14 11:49:00,545,545,545,545,0
2022-11-14 11:50:00,545,545,545,545,0
2022-11-14 11:51:00,545,545,545,545,0
2022-11-14 11:52:00,545,545,545,545,0
2022-11-14 11:53:00,545,545,545,545,0
2022-11-14 11:54:00,545,545,545,545,0
2022-11-14 11:55:00,545,545,545,545,0
2022-11-14 11:56:00,545,545,545,545,0
2022-11-14 11:57:00,545,545,545,545,0
2022-11-14 11:58:00,545,545,545,545,0
2022-11-14 11:59:00,545,545,545,545,0
2022-11-14 12:00:00,545,545,545,545,0
2022-11-14 12:01:00,545,545,545,545,0
2022-11-14 12:02:00,545,545,545,545,0
2022-11-14 12:03:00,545,545,545,545,0
2022-11-14 12:04:00,545,545,545,545,0
2022-11-14 12:05:00,545,545,545,545,0
2022-11-14 12:06:00,545,545,545,545,0
2022-11-14 12:07:00,545,545,545,545,0
2022-11-14 12:08:00,545,545,545,545,0
2022-11-14 12:09:00,545,545,545,545,0
2022-11-14 12:10:00,545,545,545,545,0
2022-11-14 12:11:00,545,545,545,545,0
2022-11-14 12:12:00,545,545,545,545,0
2022-11-14 12:13:00,545,545,545,545,0
2022-11-14 12:14:00,545,545,545,545,0
2022-11-14 12:15:00,545,545,545,545,0
2022-11-14 12:16:00,545,545,545,545,0
2022-11-14 12:17:00,545,545,545,545,0
2022-11-14 12:18:00,545,545,545,545,0
2022-11-14 12:19:00,545,545,545,545,0
2022-11-14 12:20:00,545,545,545,545,0
2022-11-14 12:21:00,545,545,545,545,0
2022-11-14 12:22:00,545,545,545,545,0
2022-11-14 12:23:00,545,545,545,545,0
2022-11-14 12:24:00,545,545,545,545,0
2022-11-14 12:25:00,545,545,545,545,0
2022-11-14 12:26:00,545,545,545,545,0
2022-11-14 12:27:00,545,545,545,545,0
2022-11-14 12:28:00,545,545,545,545,0
2022-11-14 12:29:00,545,545,545,545,0
2022-11-14 12:30:00,545,545,545,545,0
2022-11-14 12:31:00,545,545,545,545,0
2022-11-14 12:32:00,545,545,545,545,0
2022-11-14 12:33:00,545,545,545,545,0
2022-11-14 12:34:00,545,545,545,545,0
2022-11-14 12:35:00,545,545,545,545,0
2022-11-14 12:36:00,545,545,545,545,0
2022-11-14 12:37:00,545,545,545,545,0
2022-11-14 12:38:00,545,545,545,545,0
2022-11-14 12:39:00,545,545,545,545,0
2022-11-14 12:40:00,545,545,545,545,0
2022-11-14 12:41:00,545,545,545,545,0
2022-11-14 12:42:00,545,545,545,545,0
2022-11-14 12:43:00,545,545,545,545,0
2022-11-14 12:44:00,545,545,545,545,0
2022-11-14 12:45:00,545,545,545,545,0
2022-11-14 12:46:00,545,545,545,545,0
2022-11-14 12:47:00,545,545,545,545,0
2022-11-14 12:48:00,545,545,545,545,0
2022-11-14 12:49:00,545,545,545,545,0
2022-11-14 12:50:00,545,545,545,545,0
2022-11-14 12:51:00,545,545,545,545,0
2022-11-14 12:52:00,545,545,545,545,0
2022-11-14 12:53:00,545,545,545,545,0
2022-11-14 12:54:00,545,545,545,545,0
2022-11-14 12:55:00,545,545,545,545,0
2022-11-14 12:56:00,545,545,545,545,0
2022-11-14 12:57:00,545,545,545,545,0
2022-11-14 12:58:00,545,545,545,545,0
2022-11-14 12:59:00,545,545,545,545,0
2022-11-14 13:00:00,545,545,545,545,0
2022-11-14 13:01:00,545,545,545,545,0
2022-11-14 13:02:00,545,545,545,545,0
2022-11-14 13:03:00,545,545,545,545,0
2022-11-14 13:04:00,545,545,545,545,0
2022-11-14 13:05:00,545,545,545,545,0
2022-11-14 13:06:00,545,545,545,545,0
2022-11-14 13:07:00,545,545,545,545,0
2022-11-14 13:08:00,545,545,545,545,0
2022-11-14 13:09:00,545,545,545,545,0
2022-11-14 13:10:00,545,545,545,545,0
2022-11-14 13:11:00,545,545,545,545,0
2022-11-14 13:12:00,545,545,545,545,0
2022-11-14 13:13:00,545,545,545,545,0
2022-11-14 13:14:00,545,545,545,545,0
2022-11-14 13:15:00,545,545,545,545,0
2022-11-14 13:16:00,545,545,545,545,0
2022-11-14 13:17:00,545,545,545,545,0
2022-11-14 13:18:00,545,545,545,545,0
2022-11-14 13:19:00,545,545,545,545,0
2022-11-14 13:20:00,545,545,545,545,0
2022-11-14 13:21:00,545,545,545,545,0
2022-11-14 13:22:00,545,545,545,545,0
2022-11-14 13:23:00,545,545,545,545,0
2022-11-14 13:24:00,545,545,545,545,0
2022-11-14 13:25:00,545,545,545,545,0
2022-11-14 13:26:00,545,545,545,545,0
2022-11-14 13:27:00,545,545,545,545,0
2022-11-14 13:28:00,545,545,545,545,0
2022-11-14 13:29:00,545,545,545,545,0
2022-11-14 13:30:00,545,545,545,545,146900
2022-11-14 13:31:00,545,545,545,545,0
2022-11-14 13:32:00,545,545,545,545,0
2022-11-14 13:33:00,545,545,545,545,0
2022-11-14 13:34:00,545,545,545,545,0
2022-11-14 13:35:00,545,545,545,545,0
2022-11-14 13:36:00,545,545,545,545,0
2022-11-14 13:37:00,540,540,540,540,28100
2022-11-14 13:38:00,540,540,540,540,0
2022-11-14 13:39:00,540,540,540,540,0
2022-11-14 13:40:00,540,540,540,540,0
2022-11-14 13:41:00,540,540,540,540,0
2022-11-14 13:42:00,540,540,540,540,2200
2022-11-14 13:43:00,540,540,540,540,0
2022-11-14 13:44:00,540,540,540,540,0
2022-11-14 13:45:00,540,540,540,540,5100
2022-11-14 13:46:00,540,540,540,540,0
2022-11-14 13:47:00,540,540,540,540,4300
2022-11-14 13:48:00,540,540,540,540,300
2022-11-14 13:49:00,540,540,540,540,2200
2022-11-14 13:50:00,540,540,540,540,3400
2022-11-14 13:51:00,540,540,540,540,6100
2022-11-14 13:52:00,540,540,540,540,9100
2022-11-14 13:53:00,540,540,540,540,0
2022-11-14 13:54:00,540,540,540,540,2200
2022-11-14 13:55:00,540,540,540,540,5600
2022-11-14 13:56:00,540,540,540,540,8200
2022-11-14 13:57:00,540,540,540,540,0
2022-11-14 13:58:00,540,540,540,540,4300
2022-11-14 13:59:00,540,540,540,540,6700
2022-11-14 14:00:00,540,540,540,540,500
2022-11-14 14:01:00,540,540,540,540,900
2022-11-14 14:02:00,540,540,540,540,0
2022-11-14 14:03:00,540,540,540,540,4800
2022-11-14 14:04:00,540,540,540,540,6200
2022-11-14 14:05:00,540,540,540,540,0
2022-11-14 14:06:00,540,540,540,540,0
2022-11-14 14:07:00,540,540,540,540,900
2022-11-14 14:08:00,540,540,540,540,6400
2022-11-14 14:09:00,540,540,540,540,0
2022-11-14 14:10:00,540,540,540,540,3400
2022-11-14 14:11:00,540,540,540,540,0
2022-11-14 14:12:00,540,540,540,540,8600
2022-11-14 14:13:00,540,540,540,540,0
2022-11-14 14:14:00,540,540,545,545,29500
2022-11-14 14:15:00,545,545,545,545,200
2022-11-14 14:16:00,545,545,545,545,300
2022-11-14 14:17:00,545,545,545,545,490300
2022-11-14 14:18:00,545,545,545,545,0
2022-11-14 14:19:00,545,545,545,545,0
2022-11-14 14:20:00,545,545,545,545,1000
2022-11-14 14:21:00,545,545,545,545,1200
2022-11-14 14:22:00,545,545,545,545,900
2022-11-14 14:23:00,545,545,545,545,0
2022-11-14 14:24:00,545,545,545,545,0
2022-11-14 14:25:00,545,545,545,545,800
2022-11-14 14:26:00,540,540,545,545,5300
2022-11-14 14:27:00,545,545,545,545,1200
2022-11-14 14:28:00,545,545,545,545,400
2022-11-14 14:29:00,545,545,545,545,100
2022-11-14 14:30:00,545,545,545,545,400
2022-11-14 14:31:00,545,545,545,545,700
2022-11-14 14:32:00,540,540,545,545,4600
2022-11-14 14:33:00,545,545,545,545,1800
2022-11-14 14:34:00,545,545,545,545,0
2022-11-14 14:35:00,545,545,545,545,800
2022-11-14 14:36:00,545,545,545,545,200
2022-11-14 14:37:00,545,545,545,545,300
2022-11-14 14:38:00,545,545,545,545,0
2022-11-14 14:39:00,545,545,545,545,1000
2022-11-14 14:40:00,545,545,545,545,74300
2022-11-14 14:41:00,545,545,545,545,0
2022-11-14 14:42:00,545,545,545,545,100
2022-11-14 14:43:00,545,545,545,545,300
2022-11-14 14:44:00,545,545,545,545,700
2022-11-14 14:45:00,545,545,545,545,900
2022-11-14 14:46:00,545,545,545,545,200
2022-11-14 14:47:00,545,545,545,545,300
2022-11-14 14:48:00,545,545,545,545,600
2022-11-14 14:49:00,545,545,545,545,1400
2022-11-14 14:50:00,545,545,545,545,0
2022-11-14 14:51:00,545,545,545,545,0
2022-11-14 14:52:00,545,545,545,545,0
2022-11-14 14:53:00,545,545,545,545,0
2022-11-14 14:54:00,545,545,545,545,0
2022-11-14 14:55:00,545,545,545,545,0
2022-11-14 14:56:00,545,545,545,545,0
2022-11-14 14:57:00,545,545,545,545,0
2022-11-14 14:58:00,545,545,545,545,0
2022-11-14 14:59:00,545,545,545,545,0
2022-11-14 15:00:00,545,545,545,545,950500
2022-11-14 15:01:00,545,545,545,545,0
2022-11-14 15:02:00,545,545,545,545,0
2022-11-14 15:03:00,545,545,545,545,0
2022-11-14 15:04:00,545,545,545,545,0
2022-11-14 15:05:00,545,545,545,545,0
2022-11-14 15:06:00,545,545,545,545,0
2022-11-14 15:07:00,545,545,545,545,0
2022-11-14 15:08:00,545,545,545,545,0
2022-11-14 15:09:00,545,545,545,545,0
2022-11-14 15:10:00,545,545,545,545,0
2022-11-14 15:11:00,545,545,545,545,0
2022-11-14 15:12:00,545,545,545,545,0
2022-11-14 15:13:00,545,545,545,545,0
2022-11-14 15:14:00,545,545,545,545,0
2022-11-14 15:15:00,545,545,545,545,0
2022-11-14 15:16:00,545,545,545,545,0
2022-11-14 15:17:00,545,545,545,545,0
2022-11-14 15:18:00,545,545,545,545,0
2022-11-14 15:19:00,545,545,545,545,0
2022-11-14 15:20:00,545,545,545,545,0
2022-11-14 15:21:00,545,545,545,545,0
2022-11-14 15:22:00,545,545,545,545,0
2022-11-14 15:23:00,545,545,545,545,0
2022-11-14 15:24:00,545,545,545,545,0
2022-11-14 15:25:00,545,545,545,545,0
2022-11-14 15:26:00,545,545,545,545,0
2022-11-14 15:27:00,545,545,545,545,0
2022-11-14 15:28:00,545,545,545,545,0
2022-11-14 15:29:00,545,545,545,545,0
2022-11-14 15:30:00,545,545,545,545,0
2022-11-14 15:31:00,545,545,545,545,0
2022-11-14 15:32:00,545,545,545,545,0
2022-11-14 15:33:00,545,545,545,545,0
2022-11-14 15:34:00,545,545,545,545,0
2022-11-14 15:35:00,545,545,545,545,0
2022-11-14 15:36:00,545,545,545,545,0
2022-11-14 15:37:00,545,545,545,545,0
2022-11-14 15:38:00,545,545,545,545,0
2022-11-14 15:39:00,545,545,545,545,0
2022-11-14 15:40:00,545,545,545,545,0
2022-11-14 15:41:00,545,545,545,545,0
2022-11-14 15:42:00,545,545,545,545,0
2022-11-14 15:43:00,545,545,545,545,0
2022-11-14 15:44:00,545,545,545,545,0
2022-11-14 15:45:00,545,545,545,545,0
2022-11-14 15:46:00,545,545,545,545,0
2022-11-14 15:47:00,545,545,545,545,0
2022-11-14 15:48:00,545,545,545,545,0
2022-11-14 15:49:00,545,545,545,545,0
2022-11-14 15:50:00,545,545,545,545,0
2022-11-14 15:51:00,545,545,545,545,0
2022-11-14 15:52:00,545,545,545,545,0
2022-11-14 15:53:00,545,545,545,545,0
2022-11-14 15:54:00,545,545,545,545,0
2022-11-14 15:55:00,545,545,545,545,0
2022-11-14 15:56:00,545,545,545,545,0
2022-11-14 15:57:00,545,545,545,545,0
2022-11-14 15:58:00,545,545,545,545,0
2022-11-14 15:59:00,545,545,545,545,0
2022-11-15 09:00:00,545,545,545,545,0
2022-11-15 09:01:00,545,545,545,545,0
2022-11-15 09:02:00,545,545,545,545,0
2022-11-15 09:03:00,545,545,545,545,0
2022-11-15 09:04:00,545,545,545,545,0
2022-11-15 09:05:00,545,545,545,545,0
2022-11-15 09:06:00,545,545,545,545,0
2022-11-15 09:07:00,545,545,545,545,0
2022-11-15 09:08:00,545,545,545,545,0
2022-11-15 09:09:00,545,545,545,545,0
2022-11-15 09:10:00,545,545,545,545,0
2022-11-15 09:11:00,545,545,545,545,0
2022-11-15 09:12:00,545,545,545,545,1000
2022-11-15 09:13:00,545,545,545,545,0
2022-11-15 09:14:00,545,545,545,545,0
2022-11-15 09:15:00,545,545,545,545,0
2022-11-15 09:16:00,545,545,545,545,0
2022-11-15 09:17:00,545,545,545,545,0
2022-11-15 09:18:00,545,545,545,545,0
2022-11-15 09:19:00,545,545,545,545,0
2022-11-15 09:20:00,545,545,545,545,0
2022-11-15 09:21:00,545,545,545,545,0
2022-11-15 09:22:00,545,545,545,545,0
2022-11-15 09:23:00,545,545,545,545,0
2022-11-15 09:24:00,545,545,545,545,0
2022-11-15 09:25:00,545,545,545,545,0
2022-11-15 09:26:00,545,545,545,545,0
2022-11-15 09:27:00,545,545,545,545,0
2022-11-15 09:28:00,545,545,545,545,0
2022-11-15 09:29:00,545,545,545,545,400
2022-11-15 09:30:00,545,545,545,545,0
2022-11-15 09:31:00,545,545,545,545,0
2022-11-15 09:32:00,545,545,545,545,0
2022-11-15 09:33:00,545,545,545,545,0
2022-11-15 09:34:00,545,545,545,545,0
2022-11-15 09:35:00,545,545,545,545,0
2022-11-15 09:36:00,545,545,545,545,0
2022-11-15 09:37:00,545,545,545,545,0
2022-11-15 09:38:00,545,545,545,545,0
2022-11-15 09:39:00,545,545,545,545,0
2022-11-15 09:40:00,545,545,545,545,400
2022-11-15 09:41:00,545,545,545,545,0
2022-11-15 09:42:00,545,545,545,545,0
2022-11-15 09:43:00,545,545,545,545,0
2022-11-15 09:44:00,545,545,545,545,0
2022-11-15 09:45:00,545,545,545,545,0
2022-11-15 09:46:00,545,545,545,545,0
2022-11-15 09:47:00,545,545,545,545,0
2022-11-15 09:48:00,545,545,545,545,0
2022-11-15 09:49:00,545,545,545,545,0
2022-11-15 09:50:00,545,545,545,545,0
2022-11-15 09:51:00,545,545,545,545,0
2022-11-15 09:52:00,545,545,545,545,0
2022-11-15 09:53:00,545,545,545,545,0
2022-11-15 09:54:00,545,545,545,545,0
2022-11-15 09:55:00,545,545,545,545,0
2022-11-15 09:56:00,545,545,545,545,0
2022-11-15 09:57:00,540,540,545,545,2100
2022-11-15 09:58:00,540,540,545,545,0
2022-11-15 09:59:00,540,540,545,545,0
2022-11-15 10:00:00,540,540,545,545,0
2022-11-15 10:01:00,540,540,545,545,0
2022-11-15 10:02:00,540,540,545,545,0
2022-11-15 10:03:00,545,545,545,545,0
2022-11-15 10:04:00,545,545,545,545,0
2022-11-15 10:05:00,545,545,545,545,0
2022-11-15 10:06:00,545,545,545,545,0
2022-11-15 10:07:00,545,545,545,545,0
2022-11-15 10:08:00,545,545,545,545,0
2022-11-15 10:09:00,545,545,545,545,0
2022-11-15 10:10:00,545,545,545,545,600
2022-11-15 10:11:00,545,545,545,545,0
2022-11-15 10:12:00,545,545,545,545,0
2022-11-15 10:13:00,545,545,545,545,0
2022-11-15 10:14:00,545,545,545,545,0
2022-11-15 10:15:00,545,545,545,545,0
2022-11-15 10:16:00,545,545,545,545,300
2022-11-15 10:17:00,545,545,545,545,0
2022-11-15 10:18:00,545,545,545,545,0
2022-11-15 10:19:00,545,545,545,545,124700
2022-11-15 10:20:00,545,545,545,545,0
2022-11-15 10:21:00,545,545,545,545,400
2022-11-15 10:22:00,545,545,545,545,0
2022-11-15 10:23:00,545,545,545,545,0
2022-11-15 10:24:00,545,545,545,545,0
2022-11-15 10:25:00,545,545,545,545,0
2022-11-15 10:26:00,540,540,540,540,800
2022-11-15 10:27:00,545,545,545,545,300
2022-11-15 10:28:00,545,545,545,545,0
2022-11-15 10:29:00,545,545,545,545,0
2022-11-15 10:30:00,545,545,545,545,0
2022-11-15 10:31:00,545,545,545,545,0
2022-11-15 10:32:00,545,545,545,545,0
2022-11-15 10:33:00,540,540,545,545,800
2022-11-15 10:34:00,540,540,545,545,0
2022-11-15 10:35:00,540,540,545,545,0
2022-11-15 10:36:00,540,540,545,545,0
2022-11-15 10:37:00,540,540,545,545,0
2022-11-15 10:38:00,540,540,540,540,400
2022-11-15 10:39:00,545,545,545,545,1100
2022-11-15 10:40:00,545,545,545,545,0
2022-11-15 10:41:00,545,545,545,545,0
2022-11-15 10:42:00,545,545,545,545,0
2022-11-15 10:43:00,545,545,545,545,0
2022-11-15 10:44:00,545,545,545,545,0
2022-11-15 10:45:00,545,545,545,545,0
2022-11-15 10:46:00,545,545,545,545,0
2022-11-15 10:47:00,545,545,545,545,0
2022-11-15 10:48:00,545,545,545,545,0
2022-11-15 10:49:00,545,545,545,545,0
2022-11-15 10:50:00,545,545,545,545,0
2022-11-15 10:51:00,545,545,545,545,0
2022-11-15 10:52:00,545,545,545,545,0
2022-11-15 10:53:00,545,545,545,545,0
2022-11-15 10:54:00,545,545,545,545,0
2022-11-15 10:55:00,545,545,545,545,0
2022-11-15 10:56:00,545,545,545,545,0
2022-11-15 10:57:00,545,545,545,545,0
2022-11-15 10:58:00,545,545,545,545,0
2022-11-15 10:59:00,545,545,545,545,0
2022-11-15 11:00:00,545,545,545,545,0
2022-11-15 11:01:00,545,545,545,545,0
2022-11-15 11:02:00,545,545,545,545,0
2022-11-15 11:03:00,545,545,545,545,0
2022-11-15 11:04:00,545,545,545,545,0
2022-11-15 11:05:00,545,545,545,545,0
2022-11-15 11:06:00,545,545,545,545,0
2022-11-15 11:07:00,545,545,545,545,0
2022-11-15 11:08:00,545,545,545,545,0
2022-11-15 11:09:00,545,545,545,545,200
2022-11-15 11:10:00,545,545,545,545,0
2022-11-15 11:11:00,545,545,545,545,0
2022-11-15 11:12:00,545,545,545,545,0
2022-11-15 11:13:00,545,545,545,545,0
2022-11-15 11:14:00,545,545,545,545,0
2022-11-15 11:15:00,545,545,545,545,0
2022-11-15 11:16:00,545,545,545,545,0
2022-11-15 11:17:00,545,545,545,545,0
2022-11-15 11:18:00,545,545,545,545,0
2022-11-15 11:19:00,545,545,545,545,0
2022-11-15 11:20:00,545,545,545,545,0
2022-11-15 11:21:00,545,545,545,545,0
2022-11-15 11:22:00,545,545,545,545,1000
2022-11-15 11:23:00,545,545,545,545,0
2022-11-15 11:24:00,545,545,545,545,0
2022-11-15 11:25:00,545,545,545,545,0
2022-11-15 11:26:00,545,545,545,545,0
2022-11-15 11:27:00,545,545,545,545,500
2022-11-15 11:28:00,545,545,545,545,0
2022-11-15 11:29:00,545,545,545,545,200
2022-11-15 11:30:00,545,545,545,545,0
2022-11-15 11:31:00,545,545,545,545,0
2022-11-15 11:32:00,545,545,545,545,0
2022-11-15 11:33:00,545,545,545,545,0
2022-11-15 11:34:00,545,545,545,545,0
2022-11-15 11:35:00,545,545,545,545,0
2022-11-15 11:36:00,545,545,545,545,0
2022-11-15 11:37:00,545,545,545,545,0
2022-11-15 11:38:00,545,545,545,545,0
2022-11-15 11:39:00,545,545,545,545,0
2022-11-15 11:40:00,545,545,545,545,0
2022-11-15 11:41:00,545,545,545,545,0
2022-11-15 11:42:00,545,545,545,545,0
2022-11-15 11:43:00,545,545,545,545,0
2022-11-15 11:44:00,545,545,545,545,0
2022-11-15 11:45:00,545,545,545,545,0
2022-11-15 11:46:00,545,545,545,545,0
2022-11-15 11:47:00,545,545,545,545,0
2022-11-15 11:48:00,545,545,545,545,0
2022-11-15 11:49:00,545,545,545,545,0
2022-11-15 11:50:00,545,545,545,545,0
2022-11-15 11:51:00,545,545,545,545,0
2022-11-15 11:52:00,545,545,545,545,0
2022-11-15 11:53:00,545,545,545,545,0
2022-11-15 11:54:00,545,545,545,545,0
2022-11-15 11:55:00,545,545,545,545,0
2022-11-15 11:56:00,545,545,545,545,0
2022-11-15 11:57:00,545,545,545,545,0
2022-11-15 11:58:00,545,545,545,545,0
2022-11-15 11:59:00,545,545,545,545,0
2022-11-15 12:00:00,545,545,545,545,0
2022-11-15 12:01:00,545,545,545,545,0
2022-11-15 12:02:00,545,545,545,545,0
2022-11-15 12:03:00,545,545,545,545,0
2022-11-15 12:04:00,545,545,545,545,0
2022-11-15 12:05:00,545,545,545,545,0
2022-11-15 12:06:00,545,545,545,545,0
2022-11-15 12:07:00,545,545,545,545,0
2022-11-15 12:08:00,545,545,545,545,0
2022-11-15 12:09:00,545,545,545,545,0
2022-11-15 12:10:00,545,545,545,545,0
2022-11-15 12:11:00,545,545,545,545,0
2022-11-15 12:12:00,545,545,545,545,0
2022-11-15 12:13:00,545,545,545,545,0
2022-11-15 12:14:00,545,545,545,545,0
2022-11-15 12:15:00,545,545,545,545,0
2022-11-15 12:16:00,545,545,545,545,0
2022-11-15 12:17:00,545,545,545,545,0
2022-11-15 12:18:00,545,545,545,545,0
2022-11-15 12:19:00,545,545,545,545,0
2022-11-15 12:20:00,545,545,545,545,0
2022-11-15 12:21:00,545,545,545,545,0
2022-11-15 12:22:00,545,545,545,545,0
2022-11-15 12:23:00,545,545,545,545,0
2022-11-15 12:24:00,545,545,545,545,0
2022-11-15 12:25:00,545,545,545,545,0
2022-11-15 12:26:00,545,545,545,545,0
2022-11-15 12:27:00,545,545,545,545,0
2022-11-15 12:28:00,545,545,545,545,0
2022-11-15 12:29:00,545,545,545,545,0
2022-11-15 12:30:00,545,545,545,545,0
2022-11-15 12:31:00,545,545,545,545,0
2022-11-15 12:32:00,545,545,545,545,0
2022-11-15 12:33:00,545,545,545,545,0
2022-11-15 12:34:00,545,545,545,545,0
2022-11-15 12:35:00,545,545,545,545,0
2022-11-15 12:36:00,545,545,545,545,0
2022-11-15 12:37:00,545,545,545,545,0
2022-11-15 12:38:00,545,545,545,545,0
2022-11-15 12:39:00,545,545,545,545,0
2022-11-15 12:40:00,545,545,545,545,0
2022-11-15 12:41:00,545,545,545,545,0
2022-11-15 12:42:00,545,545,545,545,0
2022-11-15 12:43:00,545,545,545,545,0
2022-11-15 12:44:00,545,545,545,545,0
2022-11-15 12:45:00,545,545,545,545,0
2022-11-15 12:46:00,545,545,545,545,0
2022-11-15 12:47:00,545,545,545,545,0
2022-11-15 12:48:00,545,545,545,545,0
2022-11-15 12:49:00,545,545,545,545,0
2022-11-15 12:50:00,545,545,545,545,0
2022-11-15 12:51:00,545,545,545,545,0
2022-11-15 12:52:00,545,545,545,545,0
2022-11-15 12:53:00,545,545,545,545,0
2022-11-15 12:54:00,545,545,545,545,0
2022-11-15 12:55:00,545,545,545,545,0
2022-11-15 12:56:00,545,545,545,545,0
2022-11-15 12:57:00,545,545,545,545,0
2022-11-15 12:58:00,545,545,545,545,0
2022-11-15 12:59:00,545,545,545,545,0
2022-11-15 13:00:00,545,545,545,545,0
2022-11-15 13:01:00,545,545,545,545,0
2022-11-15 13:02:00,545,545,545,545,0
2022-11-15 13:03:00,545,545,545,545,0
2022-11-15 13:04:00,545,545,545,545,0
2022-11-15 13:05:00,545,545,545,545,0
2022-11-15 13:06:00,545,545,545,545,0
2022-11-15 13:07:00,545,545,545,545,0
2022-11-15 13:08:00,545,545,545,545,0
2022-11-15 13:09:00,545,545,545,545,0
2022-11-15 13:10:00,545,545,545,545,0
2022-11-15 13:11:00,545,545,545,545,0
2022-11-15 13:12:00,545,545,545,545,0
2022-11-15 13:13:00,545,545,545,545,0
2022-11-15 13:14:00,545,545,545,545,0
2022-11-15 13:15:00,545,545,545,545,0
2022-11-15 13:16:00,545,545,545,545,0
2022-11-15 13:17:00,545,545,545,545,0
2022-11-15 13:18:00,545,545,545,545,0
2022-11-15 13:19:00,545,545,545,545,0
2022-11-15 13:20:00,545,545,545,545,0
2022-11-15 13:21:00,545,545,545,545,0
2022-11-15 13:22:00,545,545,545,545,0
2022-11-15 13:23:00,545,545,545,545,0
2022-11-15 13:24:00,545,545,545,545,0
2022-11-15 13:25:00,545,545,545,545,0
2022-11-15 13:26:00,545,545,545,545,0
2022-11-15 13:27:00,545,545,545,545,0
2022-11-15 13:28:00,545,545,545,545,0
2022-11-15 13:29:00,545,545,545,545,0
2022-11-15 13:30:00,545,540,545,540,165900
2022-11-15 13:31:00,545,540,545,540,0
2022-11-15 13:32:00,545,540,545,540,0
2022-11-15 13:33:00,540,540,540,540,21300
2022-11-15 13:34:00,540,540,540,540,7400
2022-11-15 13:35:00,540,540,540,540,2500
2022-11-15 13:36:00,540,540,545,545,2000
2022-11-15 13:37:00,540,540,545,545,0
2022-11-15 13:38:00,540,540,545,545,0
2022-11-15 13:39:00,540,540,545,545,0
2022-11-15 13:40:00,540,540,545,545,0
2022-11-15 13:41:00,540,540,545,545,0
2022-11-15 13:42:00,540,540,545,545,0
2022-11-15 13:43:00,540,540,545,545,0
2022-11-15 13:44:00,540,540,545,545,0
2022-11-15 13:45:00,540,540,545,545,0
2022-11-15 13:46:00,540,540,545,545,0
2022-11-15 13:47:00,540,540,545,545,0
2022-11-15 13:48:00,540,540,545,545,0
2022-11-15 13:49:00,540,540,545,545,0
2022-11-15 13:50:00,545,545,545,545,600
2022-11-15 13:51:00,545,545,545,545,0
2022-11-15 13:52:00,545,545,545,545,200
2022-11-15 13:53:00,545,545,545,545,0
2022-11-15 13:54:00,545,545,545,545,0
2022-11-15 13:55:00,545,545,545,545,0
2022-11-15 13:56:00,545,545,545,545,0
2022-11-15 13:57:00,545,545,545,545,0
2022-11-15 13:58:00,545,545,545,545,0
2022-11-15 13:59:00,545,545,545,545,0
2022-11-15 14:00:00,545,545,545,545,0
2022-11-15 14:01:00,545,545,545,545,0
2022-11-15 14:02:00,545,545,545,545,0
2022-11-15 14:03:00,545,545,545,545,0
2022-11-15 14:04:00,545,545,545,545,0
2022-11-15 14:05:00,545,545,545,545,0
2022-11-15 14:06:00,545,545,545,545,0
2022-11-15 14:07:00,545,545,545,545,600
2022-11-15 14:08:00,545,545,545,545,0
2022-11-15 14:09:00,545,545,545,545,0
2022-11-15 14:10:00,545,545,545,545,0
2022-11-15 14:11:00,545,545,545,545,0
2022-11-15 14:12:00,545,545,545,545,0
2022-11-15 14:13:00,545,545,545,545,0
2022-11-15 14:14:00,545,545,545,545,0
2022-11-15 14:15:00,545,545,545,545,100
2022-11-15 14:16:00,545,545,545,545,0
2022-11-15 14:17:00,545,545,545,545,0
2022-11-15 14:18:00,545,545,545,545,0
2022-11-15 14:19:00,545,545,545,545,400
2022-11-15 14:20:00,545,545,545,545,0
2022-11-15 14:21:00,545,545,545,545,0
2022-11-15 14:22:00,545,545,545,545,400
2022-11-15 14:23:00,545,545,545,545,0
2022-11-15 14:24:00,545,545,545,545,0
2022-11-15 14:25:00,545,545,545,545,0
2022-11-15 14:26:00,545,545,545,545,0
2022-11-15 14:27:00,545,545,545,545,100
2022-11-15 14:28:00,545,545,545,545,0
2022-11-15 14:29:00,545,545,545,545,0
2022-11-15 14:30:00,545,545,545,545,0
2022-11-15 14:31:00,545,545,545,545,0
2022-11-15 14:32:00,545,545,545,545,0
2022-11-15 14:33:00,545,545,545,545,0
2022-11-15 14:34:00,545,545,545,545,300
2022-11-15 14:35:00,545,545,545,545,0
2022-11-15 14:36:00,545,545,545,545,99500
2022-11-15 14:37:00,545,545,545,545,0
2022-11-15 14:38:00,545,545,545,545,0
2022-11-15 14:39:00,545,545,545,545,0
2022-11-15 14:40:00,545,545,545,545,0
2022-11-15 14:41:00,545,545,545,545,0
2022-11-15 14:42:00,540,540,540,540,0
2022-11-15 14:43:00,540,540,545,545,6200
2022-11-15 14:44:00,545,540,545,545,2500
2022-11-15 14:45:00,545,545,545,545,100
2022-11-15 14:46:00,545,540,545,545,78500
2022-11-15 14:47:00,545,545,545,545,0
2022-11-15 14:48:00,545,545,550,550,193100
2022-11-15 14:49:00,550,550,550,550,1100
2022-11-15 14:50:00,550,550,550,550,0
2022-11-15 14:51:00,550,550,550,550,0
2022-11-15 14:52:00,550,550,550,550,0
2022-11-15 14:53:00,550,550,550,550,0
2022-11-15 14:54:00,550,550,550,550,0
2022-11-15 14:55:00,550,550,550,550,0
2022-11-15 14:56:00,550,550,550,550,0
2022-11-15 14:57:00,550,550,550,550,0
2022-11-15 14:58:00,550,550,550,550,0
2022-11-15 14:59:00,550,550,550,550,0
2022-11-15 15:00:00,550,550,550,550,786900
2022-11-15 15:01:00,550,550,550,550,0
2022-11-15 15:02:00,550,550,550,550,0
2022-11-15 15:03:00,550,550,550,550,0
2022-11-15 15:04:00,550,550,550,550,0
2022-11-15 15:05:00,550,550,550,550,0
2022-11-15 15:06:00,550,550,550,550,0
2022-11-15 15:07:00,550,550,550,550,0
2022-11-15 15:08:00,550,550,550,550,0
2022-11-15 15:09:00,550,550,550,550,0
2022-11-15 15:10:00,550,550,550,550,0
2022-11-15 15:11:00,550,550,550,550,0
2022-11-15 15:12:00,550,550,550,550,0
2022-11-15 15:13:00,550,550,550,550,0
2022-11-15 15:14:00,550,550,550,550,0
2022-11-15 15:15:00,550,550,550,550,0
2022-11-15 15:16:00,550,550,550,550,0
2022-11-15 15:17:00,550,550,550,550,0
2022-11-15 15:18:00,550,550,550,550,0
2022-11-15 15:19:00,550,550,550,550,0
2022-11-15 15:20:00,550,550,550,550,0
2022-11-15 15:21:00,550,550,550,550,0
2022-11-15 15:22:00,550,550,550,550,0
2022-11-15 15:23:00,550,550,550,550,0
2022-11-15 15:24:00,550,550,550,550,0
2022-11-15 15:25:00,550,550,550,550,0
2022-11-15 15:26:00,550,550,550,550,0
2022-11-15 15:27:00,550,550,550,550,0
2022-11-15 15:28:00,550,550,550,550,0
2022-11-15 15:29:00,550,550,550,550,0
2022-11-15 15:30:00,550,550,550,550,0
2022-11-15 15:31:00,550,550,550,550,0
2022-11-15 15:32:00,550,550,550,550,0
2022-11-15 15:33:00,550,550,550,550,0
2022-11-15 15:34:00,550,550,550,550,0
2022-11-15 15:35:00,550,550,550,550,0
2022-11-15 15:36:00,550,550,550,550,0
2022-11-15 15:37:00,550,550,550,550,0
2022-11-15 15:38:00,550,550,550,550,0
2022-11-15 15:39:00,550,550,550,550,0
2022-11-15 15:40:00,550,550,550,550,0
2022-11-15 15:41:00,550,550,550,550,0
2022-11-15 15:42:00,550,550,550,550,0
2022-11-15 15:43:00,550,550,550,550,0
2022-11-15 15:44:00,550,550,550,550,0
2022-11-15 15:45:00,550,550,550,550,0
2022-11-15 15:46:00,550,550,550,550,0
2022-11-15 15:47:00,550,550,550,550,0
2022-11-15 15:48:00,550,550,550,550,0
2022-11-15 15:49:00,550,550,550,550,0
2022-11-15 15:50:00,550,550,550,550,0
2022-11-15 15:51:00,550,550,550,550,0
2022-11-15 15:52:00,550,550,550,550,0
2022-11-15 15:53:00,550,550,550,550,0
2022-11-15 15:54:00,550,550,550,550,0
2022-11-15 15:55:00,550,550,550,550,0
2022-11-15 15:56:00,550,550,550,550,0
2022-11-15 15:57:00,550,550,550,550,0
2022-11-15 15:58:00,550,550,550,550,0
2022-11-15 15:59:00,550,550,550,550,0
2022-11-16 09:00:00,550,550,550,550,0
2022-11-16 09:01:00,545,545,550,550,0
2022-11-16 09:02:00,550,550,550,550,1400
2022-11-16 09:03:00,550,550,550,550,0
2022-11-16 09:04:00,550,550,550,550,0
2022-11-16 09:05:00,545,545,545,545,600
2022-11-16 09:06:00,545,545,545,545,0
2022-11-16 09:07:00,545,545,545,545,0
2022-11-16 09:08:00,545,545,545,545,0
2022-11-16 09:09:00,545,545,545,545,0
2022-11-16 09:10:00,545,545,545,545,0
2022-11-16 09:11:00,545,545,545,545,0
2022-11-16 09:12:00,545,545,545,545,0
2022-11-16 09:13:00,545,545,545,545,0
2022-11-16 09:14:00,545,545,545,545,0
2022-11-16 09:15:00,545,545,545,545,0
2022-11-16 09:16:00,545,545,545,545,0
2022-11-16 09:17:00,545,545,545,545,0
2022-11-16 09:18:00,545,545,545,545,0
2022-11-16 09:19:00,545,545,545,545,0
2022-11-16 09:20:00,545,545,545,545,0
2022-11-16 09:21:00,545,545,545,545,0
2022-11-16 09:22:00,545,545,545,545,0
2022-11-16 09:23:00,545,545,545,545,0
2022-11-16 09:24:00,545,545,545,545,0
2022-11-16 09:25:00,545,545,545,545,0
2022-11-16 09:26:00,545,545,545,545,0
2022-11-16 09:27:00,545,545,545,545,0
2022-11-16 09:28:00,545,545,545,545,0
2022-11-16 09:29:00,545,545,545,545,0
2022-11-16 09:30:00,545,545,545,545,0
2022-11-16 09:31:00,545,545,545,545,0
2022-11-16 09:32:00,545,545,545,545,0
2022-11-16 09:33:00,545,545,545,545,0
2022-11-16 09:34:00,545,545,545,545,0
2022-11-16 09:35:00,545,545,545,545,0
2022-11-16 09:36:00,545,545,545,545,0
2022-11-16 09:37:00,545,545,545,545,0
2022-11-16 09:38:00,545,545,545,545,0
2022-11-16 09:39:00,540,540,545,545,105000
2022-11-16 09:40:00,540,540,545,545,0
2022-11-16 09:41:00,540,540,545,545,0
2022-11-16 09:42:00,540,540,545,545,0
2022-11-16 09:43:00,540,540,545,545,0
2022-11-16 09:44:00,540,540,545,545,0
2022-11-16 09:45:00,540,540,545,545,0
2022-11-16 09:46:00,540,540,545,545,0
2022-11-16 09:47:00,540,540,545,545,0
2022-11-16 09:48:00,540,540,545,545,0
2022-11-16 09:49:00,540,540,545,545,0
2022-11-16 09:50:00,540,540,545,545,0
2022-11-16 09:51:00,540,540,545,545,0
2022-11-16 09:52:00,540,540,545,545,0
2022-11-16 09:53:00,540,540,545,545,0
2022-11-16 09:54:00,540,540,545,545,0
2022-11-16 09:55:00,540,540,545,545,0
2022-11-16 09:56:00,540,540,545,545,0
2022-11-16 09:57:00,540,540,545,545,0
2022-11-16 09:58:00,540,540,545,545,0
2022-11-16 09:59:00,540,540,545,545,0
2022-11-16 10:00:00,540,540,545,545,0
2022-11-16 10:01:00,540,540,545,545,0
2022-11-16 10:02:00,540,540,545,545,0
2022-11-16 10:03:00,540,540,545,545,0
2022-11-16 10:04:00,540,540,545,545,0
2022-11-16 10:05:00,540,540,545,545,0
2022-11-16 10:06:00,540,540,545,545,0
2022-11-16 10:07:00,540,540,545,545,0
2022-11-16 10:08:00,540,540,545,545,0
2022-11-16 10:09:00,540,540,545,545,0
2022-11-16 10:10:00,540,540,545,545,0
2022-11-16 10:11:00,540,540,545,545,0
2022-11-16 10:12:00,540,540,545,545,0
2022-11-16 10:13:00,540,540,545,545,0
2022-11-16 10:14:00,540,540,545,545,0
2022-11-16 10:15:00,540,540,545,545,0
2022-11-16 10:16:00,540,540,545,545,0
2022-11-16 10:17:00,540,540,545,545,0
2022-11-16 10:18:00,540,540,545,545,0
2022-11-16 10:19:00,540,540,545,545,0
2022-11-16 10:20:00,540,540,545,545,0
2022-11-16 10:21:00,540,540,545,545,0
2022-11-16 10:22:00,540,540,545,545,0
2022-11-16 10:23:00,540,540,545,545,0
2022-11-16 10:24:00,540,540,545,545,0
2022-11-16 10:25:00,540,540,545,545,0
2022-11-16 10:26:00,540,540,545,545,0
2022-11-16 10:27:00,540,540,545,545,0
2022-11-16 10:28:00,540,540,545,545,0
2022-11-16 10:29:00,540,540,545,545,0
2022-11-16 10:30:00,540,540,545,545,0
2022-11-16 10:31:00,540,540,545,545,0
2022-11-16 10:32:00,540,540,540,540,600
2022-11-16 10:33:00,545,545,545,545,200
2022-11-16 10:34:00,545,545,545,545,0
2022-11-16 10:35:00,545,545,545,545,0
2022-11-16 10:36:00,545,545,545,545,0
2022-11-16 10:37:00,545,545,545,545,0
2022-11-16 10:38:00,545,545,545,545,0
2022-11-16 10:39:00,545,545,545,545,0
2022-11-16 10:40:00,545,545,545,545,0
2022-11-16 10:41:00,545,545,545,545,0
2022-11-16 10:42:00,545,545,545,545,0
2022-11-16 10:43:00,545,545,545,545,0
2022-11-16 10:44:00,545,545,545,545,0
2022-11-16 10:45:00,545,545,545,545,0
2022-11-16 10:46:00,545,545,545,545,0
2022-11-16 10:47:00,545,545,545,545,0
2022-11-16 10:48:00,545,545,545,545,0
2022-11-16 10:49:00,545,545,545,545,0
2022-11-16 10:50:00,545,545,545,545,0
2022-11-16 10:51:00,545,545,545,545,0
2022-11-16 10:52:00,545,545,545,545,0
2022-11-16 10:53:00,545,545,545,545,0
2022-11-16 10:54:00,545,545,545,545,0
2022-11-16 10:55:00,545,545,545,545,0
2022-11-16 10:56:00,545,545,545,545,0
2022-11-16 10:57:00,545,545,545,545,0
2022-11-16 10:58:00,545,545,545,545,200
2022-11-16 10:59:00,545,545,545,545,0
2022-11-16 11:00:00,545,545,545,545,0
2022-11-16 11:01:00,545,545,545,545,0
2022-11-16 11:02:00,545,545,545,545,0
2022-11-16 11:03:00,545,545,545,545,0
2022-11-16 11:04:00,545,545,545,545,0
2022-11-16 11:05:00,545,545,545,545,0
2022-11-16 11:06:00,545,545,545,545,0
2022-11-16 11:07:00,545,545,545,545,0
2022-11-16 11:08:00,545,545,545,545,0
2022-11-16 11:09:00,545,545,545,545,0
2022-11-16 11:10:00,545,545,545,545,0
2022-11-16 11:11:00,545,545,545,545,0
2022-11-16 11:12:00,545,545,545,545,0
2022-11-16 11:13:00,545,545,545,545,0
2022-11-16 11:14:00,545,545,545,545,0
2022-11-16 11:15:00,545,545,545,545,0
2022-11-16 11:16:00,545,545,545,545,0
2022-11-16 11:17:00,545,545,545,545,0
2022-11-16 11:18:00,545,545,545,545,0
2022-11-16 11:19:00,545,545,545,545,600
2022-11-16 11:20:00,545,545,545,545,0
2022-11-16 11:21:00,545,545,545,545,200
2022-11-16 11:22:00,545,545,545,545,0
2022-11-16 11:23:00,545,545,545,545,0
2022-11-16 11:24:00,545,545,545,545,0
2022-11-16 11:25:00,545,545,545,545,0
2022-11-16 11:26:00,545,545,545,545,0
2022-11-16 11:27:00,545,545,545,545,0
2022-11-16 11:28:00,545,545,545,545,1000
2022-11-16 11:29:00,545,545,545,545,300
2022-11-16 11:30:00,545,545,545,545,0
2022-11-16 11:31:00,545,545,545,545,0
2022-11-16 11:32:00,545,545,545,545,0
2022-11-16 11:33:00,545,545,545,545,0
2022-11-16 11:34:00,545,545,545,545,0
2022-11-16 11:35:00,545,545,545,545,0
2022-11-16 11:36:00,545,545,545,545,0
2022-11-16 11:37:00,545,545,545,545,0
2022-11-16 11:38:00,545,545,545,545,0
2022-11-16 11:39:00,545,545,545,545,0
2022-11-16 11:40:00,545,545,545,545,0
2022-11-16 11:41:00,545,545,545,545,0
2022-11-16 11:42:00,545,545,545,545,0
2022-11-16 11:43:00,545,545,545,545,0
2022-11-16 11:44:00,545,545,545,545,0
2022-11-16 11:45:00,545,545,545,545,0
2022-11-16 11:46:00,545,545,545,545,0
2022-11-16 11:47:00,545,545,545,545,0
2022-11-16 11:48:00,545,545,545,545,0
2022-11-16 11:49:00,545,545,545,545,0
2022-11-16 11:50:00,545,545,545,545,0
2022-11-16 11:51:00,545,545,545,545,0
2022-11-16 11:52:00,545,545,545,545,0
2022-11-16 11:53:00,545,545,545,545,0
2022-11-16 11:54:00,545,545,545,545,0
2022-11-16 11:55:00,545,545,545,545,0
2022-11-16 11:56:00,545,545,545,545,0
2022-11-16 11:57:00,545,545,545,545,0
2022-11-16 11:58:00,545,545,545,545,0
2022-11-16 11:59:00,545,545,545,545,0
2022-11-16 12:00:00,545,545,545,545,0
2022-11-16 12:01:00,545,545,545,545,0
2022-11-16 12:02:00,545,545,545,545,0
2022-11-16 12:03:00,545,545,545,545,0
2022-11-16 12:04:00,545,545,545,545,0
2022-11-16 12:05:00,545,545,545,545,0
2022-11-16 12:06:00,545,545,545,545,0
2022-11-16 12:07:00,545,545,545,545,0
2022-11-16 12:08:00,545,545,545,545,0
2022-11-16 12:09:00,545,545,545,545,0
2022-11-16 12:10:00,545,545,545,545,0
2022-11-16 12:11:00,545,545,545,545,0
2022-11-16 12:12:00,545,545,545,545,0
2022-11-16 12:13:00,545,545,545,545,0
2022-11-16 12:14:00,545,545,545,545,0
2022-11-16 12:15:00,545,545,545,545,0
2022-11-16 12:16:00,545,545,545,545,0
2022-11-16 12:17:00,545,545,545,545,0
2022-11-16 12:18:00,545,545,545,545,0
2022-11-16 12:19:00,545,545,545,545,0
2022-11-16 12:20:00,545,545,545,545,0
2022-11-16 12:21:00,545,545,545,545,0
2022-11-16 12:22:00,545,545,545,545,0
2022-11-16 12:23:00,545,545,545,545,0
2022-11-16 12:24:00,545,545,545,545,0
2022-11-16 12:25:00,545,545,545,545,0
2022-11-16 12:26:00,545,545,545,545,0
2022-11-16 12:27:00,545,545,545,545,0
2022-11-16 12:28:00,545,545,545,545,0
2022-11-16 12:29:00,545,545,545,545,0
2022-11-16 12:30:00,545,545,545,545,0
2022-11-16 12:31:00,545,545,545,545,0
2022-11-16 12:32:00,545,545,545,545,0
2022-11-16 12:33:00,545,545,545,545,0
2022-11-16 12:34:00,545,545,545,545,0
2022-11-16 12:35:00,545,545,545,545,0
2022-11-16 12:36:00,545,545,545,545,0
2022-11-16 12:37:00,545,545,545,545,0
2022-11-16 12:38:00,545,545,545,545,0
2022-11-16 12:39:00,545,545,545,545,0
2022-11-16 12:40:00,545,545,545,545,0
2022-11-16 12:41:00,545,545,545,545,0
2022-11-16 12:42:00,545,545,545,545,0
2022-11-16 12:43:00,545,545,545,545,0
2022-11-16 12:44:00,545,545,545,545,0
2022-11-16 12:45:00,545,545,545,545,0
2022-11-16 12:46:00,545,545,545,545,0
2022-11-16 12:47:00,545,545,545,545,0
2022-11-16 12:48:00,545,545,545,545,0
2022-11-16 12:49:00,545,545,545,545,0
2022-11-16 12:50:00,545,545,545,545,0
2022-11-16 12:51:00,545,545,545,545,0
2022-11-16 12:52:00,545,545,545,545,0
2022-11-16 12:53:00,545,545,545,545,0
2022-11-16 12:54:00,545,545,545,545,0
2022-11-16 12:55:00,545,545,545,545,0
2022-11-16 12:56:00,545,545,545,545,0
2022-11-16 12:57:00,545,545,545,545,0
2022-11-16 12:58:00,545,545,545,545,0
2022-11-16 12:59:00,545,545,545,545,0
2022-11-16 13:00:00,545,545,545,545,0
2022-11-16 13:01:00,545,545,545,545,0
2022-11-16 13:02:00,545,545,545,545,0
2022-11-16 13:03:00,545,545,545,545,0
2022-11-16 13:04:00,545,545,545,545,0
2022-11-16 13:05:00,545,545,545,545,0
2022-11-16 13:06:00,545,545,545,545,0
2022-11-16 13:07:00,545,545,545,545,0
2022-11-16 13:08:00,545,545,545,545,0
2022-11-16 13:09:00,545,545,545,545,0
2022-11-16 13:10:00,545,545,545,545,0
2022-11-16 13:11:00,545,545,545,545,0
2022-11-16 13:12:00,545,545,545,545,0
2022-11-16 13:13:00,545,545,545,545,0
2022-11-16 13:14:00,545,545,545,545,0
2022-11-16 13:15:00,545,545,545,545,0
2022-11-16 13:16:00,545,545,545,545,0
2022-11-16 13:17:00,545,545,545,545,0
2022-11-16 13:18:00,545,545,545,545,0
2022-11-16 13:19:00,545,545,545,545,0
2022-11-16 13:20:00,545,545,545,545,0
2022-11-16 13:21:00,545,545,545,545,0
2022-11-16 13:22:00,545,545,545,545,0
2022-11-16 13:23:00,545,545,545,545,0
2022-11-16 13:24:00,545,545,545,545,0
2022-11-16 13:25:00,545,545,545,545,0
2022-11-16 13:26:00,545,545,545,545,0
2022-11-16 13:27:00,545,545,545,545,0
2022-11-16 13:28:00,545,545,545,545,0
2022-11-16 13:29:00,545,545,545,545,0
2022-11-16 13:30:00,545,545,545,545,0
2022-11-16 13:31:00,545,545,545,545,0
2022-11-16 13:32:00,545,545,545,545,0
2022-11-16 13:33:00,545,545,545,545,0
2022-11-16 13:34:00,545,545,545,545,0
2022-11-16 13:35:00,545,545,545,545,0
2022-11-16 13:36:00,545,545,545,545,0
2022-11-16 13:37:00,545,545,545,545,0
2022-11-16 13:38:00,545,545,545,545,0
2022-11-16 13:39:00,545,545,545,545,0
2022-11-16 13:40:00,545,545,545,545,0
2022-11-16 13:41:00,545,545,545,545,0
2022-11-16 13:42:00,545,545,545,545,0
2022-11-16 13:43:00,545,545,545,545,0
2022-11-16 13:44:00,545,545,545,545,0
2022-11-16 13:45:00,545,545,545,545,0
2022-11-16 13:46:00,545,545,545,545,0
2022-11-16 13:47:00,545,545,545,545,0
2022-11-16 13:48:00,545,545,545,545,0
2022-11-16 13:49:00,545,545,545,545,0
2022-11-16 13:50:00,545,545,545,545,500
2022-11-16 13:51:00,545,545,545,545,0
2022-11-16 13:52:00,545,545,545,545,0
2022-11-16 13:53:00,545,545,545,545,0
2022-11-16 13:54:00,545,545,545,545,0
2022-11-16 13:55:00,545,545,545,545,0
2022-11-16 13:56:00,545,545,545,545,0
2022-11-16 13:57:00,545,545,545,545,0
2022-11-16 13:58:00,545,545,545,545,0
2022-11-16 13:59:00,545,545,545,545,0
2022-11-16 14:00:00,545,545,545,545,0
2022-11-16 14:01:00,545,545,545,545,0
2022-11-16 14:02:00,545,545,545,545,0
2022-11-16 14:03:00,545,545,545,545,0
2022-11-16 14:04:00,545,545,545,545,0
2022-11-16 14:05:00,545,545,545,545,0
2022-11-16 14:06:00,545,545,545,545,0
2022-11-16 14:07:00,545,545,545,545,0
2022-11-16 14:08:00,545,545,545,545,0
2022-11-16 14:09:00,545,545,545,545,0
2022-11-16 14:10:00,545,545,545,545,0
2022-11-16 14:11:00,545,545,545,545,0
2022-11-16 14:12:00,545,545,545,545,0
2022-11-16 14:13:00,545,545,545,545,0
2022-11-16 14:14:00,545,545,545,545,0
2022-11-16 14:15:00,545,545,545,545,0
2022-11-16 14:16:00,545,545,545,545,0
2022-11-16 14:17:00,545,545,545,545,0
2022-11-16 14:18:00,545,545,545,545,0
2022-11-16 14:19:00,545,545,545,545,0
2022-11-16 14:20:00,545,545,545,545,0
2022-11-16 14:21:00,545,545,545,545,0
2022-11-16 14:22:00,545,545,545,545,0
2022-11-16 14:23:00,545,545,545,545,0
2022-11-16 14:24:00,545,545,545,545,0
2022-11-16 14:25:00,545,545,545,545,0
2022-11-16 14:26:00,545,545,545,545,0
2022-11-16 14:27:00,545,545,545,545,0
2022-11-16 14:28:00,545,545,545,545,600
2022-11-16 14:29:00,545,545,545,545,100
2022-11-16 14:30:00,545,545,545,545,0
2022-11-16 14:31:00,545,545,545,545,0
2022-11-16 14:32:00,545,545,545,545,0
2022-11-16 14:33:00,545,545,545,545,0
2022-11-16 14:34:00,545,545,545,545,0
2022-11-16 14:35:00,545,545,545,545,0
2022-11-16 14:36:00,545,545,545,545,0
2022-11-16 14:37:00,545,545,545,545,0
2022-11-16 14:38:00,545,545,545,545,0
2022-11-16 14:39:00,545,545,545,545,0
2022-11-16 14:40:00,545,545,545,545,0
2022-11-16 14:41:00,545,545,545,545,0
2022-11-16 14:42:00,545,545,545,545,0
2022-11-16 14:43:00,545,545,545,545,0
2022-11-16 14:44:00,545,545,545,545,0
2022-11-16 14:45:00,545,545,545,545,0
2022-11-16 14:46:00,545,545,545,545,0
2022-11-16 14:47:00,545,545,545,545,0
2022-11-16 14:48:00,545,545,545,545,2000
2022-11-16 14:49:00,545,545,545,545,500
2022-11-16 14:50:00,545,545,545,545,0
2022-11-16 14:51:00,545,545,545,545,0
2022-11-16 14:52:00,545,545,545,545,0
2022-11-16 14:53:00,545,545,545,545,0
2022-11-16 14:54:00,545,545,545,545,0
2022-11-16 14:55:00,545,545,545,545,0
2022-11-16 14:56:00,545,545,545,545,0
2022-11-16 14:57:00,545,545,545,545,0
2022-11-16 14:58:00,545,545,545,545,0
2022-11-16 14:59:00,545,545,545,545,0
2022-11-16 15:00:00,545,545,545,545,186400
2022-11-16 15:01:00,545,545,545,545,0
2022-11-16 15:02:00,545,545,545,545,0
2022-11-16 15:03:00,545,545,545,545,0
2022-11-16 15:04:00,545,545,545,545,0
2022-11-16 15:05:00,545,545,545,545,0
2022-11-16 15:06:00,545,545,545,545,0
2022-11-16 15:07:00,545,545,545,545,0
2022-11-16 15:08:00,545,545,545,545,0
2022-11-16 15:09:00,545,545,545,545,0
2022-11-16 15:10:00,545,545,545,545,0
2022-11-16 15:11:00,545,545,545,545,0
2022-11-16 15:12:00,545,545,545,545,0
2022-11-16 15:13:00,545,545,545,545,0
2022-11-16 15:14:00,545,545,545,545,0
2022-11-16 15:15:00,545,545,545,545,0
2022-11-16 15:16:00,545,545,545,545,0
2022-11-16 15:17:00,545,545,545,545,0
2022-11-16 15:18:00,545,545,545,545,0
2022-11-16 15:19:00,545,545,545,545,0
2022-11-16 15:20:00,545,545,545,545,0
2022-11-16 15:21:00,545,545,545,545,0
2022-11-16 15:22:00,545,545,545,545,0
2022-11-16 15:23:00,545,545,545,545,0
2022-11-16 15:24:00,545,545,545,545,0
2022-11-16 15:25:00,545,545,545,545,0
2022-11-16 15:26:00,545,545,545,545,0
2022-11-16 15:27:00,545,545,545,545,0
2022-11-16 15:28:00,545,545,545,545,0
2022-11-16 15:29:00,545,545,545,545,0
2022-11-16 15:30:00,545,545,545,545,0
2022-11-16 15:31:00,545,545,545,545,0
2022-11-16 15:32:00,545,545,545,545,0
2022-11-16 15:33:00,545,545,545,545,0
2022-11-16 15:34:00,545,545,545,545,0
2022-11-16 15:35:00,545,545,545,545,0
2022-11-16 15:36:00,545,545,545,545,0
2022-11-16 15:37:00,545,545,545,545,0
2022-11-16 15:38:00,545,545,545,545,0
2022-11-16 15:39:00,545,545,545,545,0
2022-11-16 15:40:00,545,545,545,545,0
2022-11-16 15:41:00,545,545,545,545,0
2022-11-16 15:42:00,545,545,545,545,0
2022-11-16 15:43:00,545,545,545,545,0
2022-11-16 15:44:00,545,545,545,545,0
2022-11-16 15:45:00,545,545,545,545,0
2022-11-16 15:46:00,545,545,545,545,0
2022-11-16 15:47:00,545,545,545,545,0
2022-11-16 15:48:00,545,545,545,545,0
2022-11-16 15:49:00,545,545,545,545,0
2022-11-16 15:50:00,545,545,545,545,0
2022-11-16 15:51:00,545,545,545,545,0
2022-11-16 15:52:00,545,545,545,545,0
2022-11-16 15:53:00,545,545,545,545,0
2022-11-16 15:54:00,545,545,545,545,0
2022-11-16 15:55:00,545,545,545,545,0
2022-11-16 15:56:00,545,545,545,545,0
2022-11-16 15:57:00,545,545,545,545,0
2022-11-16 15:58:00,545,545,545,545,0
2022-11-16 15:59:00,545,545,545,545,0
2022-11-17 09:00:00,540,540,540,540,0
2022-11-17 09:01:00,540,540,540,540,0
2022-11-17 09:02:00,540,540,540,540,22200
2022-11-17 09:03:00,545,545,545,545,0
2022-11-17 09:04:00,545,545,545,545,0
2022-11-17 09:05:00,545,545,545,545,0
2022-11-17 09:06:00,545,545,545,545,0
2022-11-17 09:07:00,545,545,545,545,0
2022-11-17 09:08:00,545,545,545,545,0
2022-11-17 09:09:00,545,545,545,545,0
2022-11-17 09:10:00,545,545,545,545,0
2022-11-17 09:11:00,545,545,545,545,0
2022-11-17 09:12:00,545,545,545,545,0
2022-11-17 09:13:00,545,545,545,545,0
2022-11-17 09:14:00,545,545,545,545,0
2022-11-17 09:15:00,545,545,545,545,0
2022-11-17 09:16:00,545,545,545,545,0
2022-11-17 09:17:00,540,540,540,540,22700
2022-11-17 09:18:00,545,545,545,545,0
2022-11-17 09:19:00,545,545,545,545,0
2022-11-17 09:20:00,545,545,545,545,0
2022-11-17 09:21:00,545,545,545,545,0
2022-11-17 09:22:00,545,545,545,545,0
2022-11-17 09:23:00,545,545,545,545,0
2022-11-17 09:24:00,545,545,545,545,0
2022-11-17 09:25:00,545,545,545,545,0
2022-11-17 09:26:00,545,545,545,545,0
2022-11-17 09:27:00,545,545,545,545,0
2022-11-17 09:28:00,545,545,545,545,0
2022-11-17 09:29:00,545,545,545,545,0
2022-11-17 09:30:00,545,545,545,545,0
2022-11-17 09:31:00,545,545,545,545,0
2022-11-17 09:32:00,545,545,545,545,0
2022-11-17 09:33:00,545,545,545,545,0
2022-11-17 09:34:00,545,545,545,545,0
2022-11-17 09:35:00,545,545,545,545,0
2022-11-17 09:36:00,545,545,545,545,0
2022-11-17 09:37:00,545,545,545,545,0
2022-11-17 09:38:00,545,545,545,545,0
2022-11-17 09:39:00,545,545,545,545,0
2022-11-17 09:40:00,545,545,545,545,0
2022-11-17 09:41:00,545,545,545,545,0
2022-11-17 09:42:00,545,545,545,545,0
2022-11-17 09:43:00,545,545,545,545,0
2022-11-17 09:44:00,545,545,545,545,0
2022-11-17 09:45:00,545,545,545,545,0
2022-11-17 09:46:00,545,545,545,545,0
2022-11-17 09:47:00,545,545,545,545,0
2022-11-17 09:48:00,545,545,545,545,0
2022-11-17 09:49:00,540,540,545,545,400
2022-11-17 09:50:00,540,540,545,545,0
2022-11-17 09:51:00,540,540,545,545,0
2022-11-17 09:52:00,540,540,545,545,0
2022-11-17 09:53:00,540,540,545,545,0
2022-11-17 09:54:00,540,540,545,545,0
2022-11-17 09:55:00,540,540,545,545,0
2022-11-17 09:56:00,540,540,545,545,0
2022-11-17 09:57:00,540,540,545,545,0
2022-11-17 09:58:00,540,540,545,545,0
2022-11-17 09:59:00,540,540,545,545,0
2022-11-17 10:00:00,540,540,545,545,0
2022-11-17 10:01:00,540,540,545,545,0
2022-11-17 10:02:00,540,540,545,545,0
2022-11-17 10:03:00,540,540,545,545,0
2022-11-17 10:04:00,540,540,545,545,0
2022-11-17 10:05:00,540,540,545,545,0
2022-11-17 10:06:00,540,540,545,545,0
2022-11-17 10:07:00,540,540,545,545,0
2022-11-17 10:08:00,540,540,545,545,0
2022-11-17 10:09:00,540,540,545,545,0
2022-11-17 10:10:00,540,540,545,545,0
2022-11-17 10:11:00,540,540,545,545,0
2022-11-17 10:12:00,540,540,545,545,0
2022-11-17 10:13:00,540,540,545,545,0
2022-11-17 10:14:00,540,540,545,545,0
2022-11-17 10:15:00,540,540,545,545,0
2022-11-17 10:16:00,545,545,545,545,800
2022-11-17 10:17:00,545,545,545,545,0
2022-11-17 10:18:00,545,545,545,545,0
2022-11-17 10:19:00,545,545,545,545,0
2022-11-17 10:20:00,545,545,545,545,0
2022-11-17 10:21:00,545,545,545,545,0
2022-11-17 10:22:00,545,545,545,545,0
2022-11-17 10:23:00,545,545,545,545,0
2022-11-17 10:24:00,545,545,545,545,0
2022-11-17 10:25:00,545,545,545,545,0
2022-11-17 10:26:00,545,545,545,545,0
2022-11-17 10:27:00,545,545,545,545,0
2022-11-17 10:28:00,545,545,545,545,0
2022-11-17 10:29:00,545,545,545,545,0
2022-11-17 10:30:00,545,545,545,545,0
2022-11-17 10:31:00,545,545,545,545,0
2022-11-17 10:32:00,545,545,545,545,0
2022-11-17 10:33:00,545,545,545,545,0
2022-11-17 10:34:00,545,545,545,545,0
2022-11-17 10:35:00,545,545,545,545,0
2022-11-17 10:36:00,545,545,545,545,0
2022-11-17 10:37:00,545,545,545,545,0
2022-11-17 10:38:00,545,545,545,545,0
2022-11-17 10:39:00,545,545,545,545,0
2022-11-17 10:40:00,545,545,545,545,0
2022-11-17 10:41:00,545,545,545,545,1000
2022-11-17 10:42:00,545,545,545,545,0
2022-11-17 10:43:00,540,540,540,540,1500
2022-11-17 10:44:00,540,540,540,540,0
2022-11-17 10:45:00,540,540,540,540,0
2022-11-17 10:46:00,540,540,540,540,0
2022-11-17 10:47:00,545,545,545,545,0
2022-11-17 10:48:00,545,545,545,545,0
2022-11-17 10:49:00,545,545,545,545,0
2022-11-17 10:50:00,545,545,545,545,0
2022-11-17 10:51:00,540,540,545,545,200
2022-11-17 10:52:00,540,540,545,545,0
2022-11-17 10:53:00,540,540,545,545,0
2022-11-17 10:54:00,540,540,545,545,0
2022-11-17 10:55:00,540,540,545,545,0
2022-11-17 10:56:00,540,540,545,545,0
2022-11-17 10:57:00,540,540,545,545,0
2022-11-17 10:58:00,540,540,545,545,0
2022-11-17 10:59:00,540,540,545,545,0
2022-11-17 11:00:00,545,545,545,545,1000
2022-11-17 11:01:00,545,545,545,545,0
2022-11-17 11:02:00,540,540,540,540,52800
2022-11-17 11:03:00,540,540,545,545,300
2022-11-17 11:04:00,545,545,545,545,300
2022-11-17 11:05:00,545,545,545,545,0
2022-11-17 11:06:00,545,545,545,545,0
2022-11-17 11:07:00,545,545,545,545,0
2022-11-17 11:08:00,545,545,545,545,0
2022-11-17 11:09:00,545,545,545,545,0
2022-11-17 11:10:00,545,545,545,545,0
2022-11-17 11:11:00,545,545,545,545,0
2022-11-17 11:12:00,545,545,545,545,0
2022-11-17 11:13:00,545,545,545,545,0
2022-11-17 11:14:00,545,545,545,545,0
2022-11-17 11:15:00,545,545,545,545,0
2022-11-17 11:16:00,545,545,545,545,0
2022-11-17 11:17:00,545,545,545,545,0
2022-11-17 11:18:00,545,545,545,545,800
2022-11-17 11:19:00,545,545,545,545,0
2022-11-17 11:20:00,545,545,545,545,0
2022-11-17 11:21:00,545,545,545,545,0
2022-11-17 11:22:00,545,545,545,545,0
2022-11-17 11:23:00,545,545,545,545,0
2022-11-17 11:24:00,545,545,545,545,300
2022-11-17 11:25:00,545,545,545,545,0
2022-11-17 11:26:00,545,545,545,545,0
2022-11-17 11:27:00,545,545,545,545,0
2022-11-17 11:28:00,545,545,545,545,0
2022-11-17 11:29:00,545,545,545,545,300
2022-11-17 11:30:00,545,545,545,545,0
2022-11-17 11:31:00,545,545,545,545,0
2022-11-17 11:32:00,545,545,545,545,0
2022-11-17 11:33:00,545,545,545,545,0
2022-11-17 11:34:00,545,545,545,545,0
2022-11-17 11:35:00,545,545,545,545,0
2022-11-17 11:36:00,545,545,545,545,0
2022-11-17 11:37:00,545,545,545,545,0
2022-11-17 11:38:00,545,545,545,545,0
2022-11-17 11:39:00,545,545,545,545,0
2022-11-17 11:40:00,545,545,545,545,0
2022-11-17 11:41:00,545,545,545,545,0
2022-11-17 11:42:00,545,545,545,545,0
2022-11-17 11:43:00,545,545,545,545,0
2022-11-17 11:44:00,545,545,545,545,0
2022-11-17 11:45:00,545,545,545,545,0
2022-11-17 11:46:00,545,545,545,545,0
2022-11-17 11:47:00,545,545,545,545,0
2022-11-17 11:48:00,545,545,545,545,0
2022-11-17 11:49:00,545,545,545,545,0
2022-11-17 11:50:00,545,545,545,545,0
2022-11-17 11:51:00,545,545,545,545,0
2022-11-17 11:52:00,545,545,545,545,0
2022-11-17 11:53:00,545,545,545,545,0
2022-11-17 11:54:00,545,545,545,545,0
2022-11-17 11:55:00,545,545,545,545,0
2022-11-17 11:56:00,545,545,545,545,0
2022-11-17 11:57:00,545,545,545,545,0
2022-11-17 11:58:00,545,545,545,545,0
2022-11-17 11:59:00,545,545,545,545,0
2022-11-17 12:00:00,545,545,545,545,0
2022-11-17 12:01:00,545,545,545,545,0
2022-11-17 12:02:00,545,545,545,545,0
2022-11-17 12:03:00,545,545,545,545,0
2022-11-17 12:04:00,545,545,545,545,0
2022-11-17 12:05:00,545,545,545,545,0
2022-11-17 12:06:00,545,545,545,545,0
2022-11-17 12:07:00,545,545,545,545,0
2022-11-17 12:08:00,545,545,545,545,0
2022-11-17 12:09:00,545,545,545,545,0
2022-11-17 12:10:00,545,545,545,545,0
2022-11-17 12:11:00,545,545,545,545,0
2022-11-17 12:12:00,545,545,545,545,0
2022-11-17 12:13:00,545,545,545,545,0
2022-11-17 12:14:00,545,545,545,545,0
2022-11-17 12:15:00,545,545,545,545,0
2022-11-17 12:16:00,545,545,545,545,0
2022-11-17 12:17:00,545,545,545,545,0
2022-11-17 12:18:00,545,545,545,545,0
2022-11-17 12:19:00,545,545,545,545,0
2022-11-17 12:20:00,545,545,545,545,0
2022-11-17 12:21:00,545,545,545,545,0
2022-11-17 12:22:00,545,545,545,545,0
2022-11-17 12:23:00,545,545,545,545,0
2022-11-17 12:24:00,545,545,545,545,0
2022-11-17 12:25:00,545,545,545,545,0
2022-11-17 12:26:00,545,545,545,545,0
2022-11-17 12:27:00,545,545,545,545,0
2022-11-17 12:28:00,545,545,545,545,0
2022-11-17 12:29:00,545,545,545,545,0
2022-11-17 12:30:00,545,545,545,545,0
2022-11-17 12:31:00,545,545,545,545,0
2022-11-17 12:32:00,545,545,545,545,0
2022-11-17 12:33:00,545,545,545,545,0
2022-11-17 12:34:00,545,545,545,545,0
2022-11-17 12:35:00,545,545,545,545,0
2022-11-17 12:36:00,545,545,545,545,0
2022-11-17 12:37:00,545,545,545,545,0
2022-11-17 12:38:00,545,545,545,545,0
2022-11-17 12:39:00,545,545,545,545,0
2022-11-17 12:40:00,545,545,545,545,0
2022-11-17 12:41:00,545,545,545,545,0
2022-11-17 12:42:00,545,545,545,545,0
2022-11-17 12:43:00,545,545,545,545,0
2022-11-17 12:44:00,545,545,545,545,0
2022-11-17 12:45:00,545,545,545,545,0
2022-11-17 12:46:00,545,545,545,545,0
2022-11-17 12:47:00,545,545,545,545,0
2022-11-17 12:48:00,545,545,545,545,0
2022-11-17 12:49:00,545,545,545,545,0
2022-11-17 12:50:00,545,545,545,545,0
2022-11-17 12:51:00,545,545,545,545,0
2022-11-17 12:52:00,545,545,545,545,0
2022-11-17 12:53:00,545,545,545,545,0
2022-11-17 12:54:00,545,545,545,545,0
2022-11-17 12:55:00,545,545,545,545,0
2022-11-17 12:56:00,545,545,545,545,0
2022-11-17 12:57:00,545,545,545,545,0
2022-11-17 12:58:00,545,545,545,545,0
2022-11-17 12:59:00,545,545,545,545,0
2022-11-17 13:00:00,545,545,545,545,0
2022-11-17 13:01:00,545,545,545,545,0
2022-11-17 13:02:00,545,545,545,545,0
2022-11-17 13:03:00,545,545,545,545,0
2022-11-17 13:04:00,545,545,545,545,0
2022-11-17 13:05:00,545,545,545,545,0
2022-11-17 13:06:00,545,545,545,545,0
2022-11-17 13:07:00,545,545,545,545,0
2022-11-17 13:08:00,545,545,545,545,0
2022-11-17 13:09:00,545,545,545,545,0
2022-11-17 13:10:00,545,545,545,545,0
2022-11-17 13:11:00,545,545,545,545,0
2022-11-17 13:12:00,545,545,545,545,0
2022-11-17 13:13:00,545,545,545,545,0
2022-11-17 13:14:00,545,545,545,545,0
2022-11-17 13:15:00,545,545,545,545,0
2022-11-17 13:16:00,545,545,545,545,0
2022-11-17 13:17:00,545,545,545,545,0
2022-11-17 13:18:00,545,545,545,545,0
2022-11-17 13:19:00,545,545,545,545,0
2022-11-17 13:20:00,545,545,545,545,0
2022-11-17 13:21:00,545,545,545,545,0
2022-11-17 13:22:00,545,545,545,545,0
2022-11-17 13:23:00,545,545,545,545,0
2022-11-17 13:24:00,545,545,545,545,0
2022-11-17 13:25:00,545,545,545,545,0
2022-11-17 13:26:00,545,545,545,545,0
2022-11-17 13:27:00,545,545,545,545,0
2022-11-17 13:28:00,545,545,545,545,0
2022-11-17 13:29:00,545,545,545,545,0
2022-11-17 13:30:00,545,545,545,545,0
2022-11-17 13:31:00,545,545,545,545,0
2022-11-17 13:32:00,545,545,545,545,500
2022-11-17 13:33:00,545,545,545,545,0
2022-11-17 13:34:00,545,545,545,545,0
2022-11-17 13:35:00,545,545,545,545,0
2022-11-17 13:36:00,545,545,545,545,0
2022-11-17 13:37:00,545,545,545,545,0
2022-11-17 13:38:00,545,545,545,545,0
2022-11-17 13:39:00,545,545,545,545,0
2022-11-17 13:40:00,545,545,545,545,0
2022-11-17 13:41:00,545,545,545,545,0
2022-11-17 13:42:00,545,545,545,545,0
2022-11-17 13:43:00,545,545,545,545,0
2022-11-17 13:44:00,545,545,545,545,0
2022-11-17 13:45:00,545,545,545,545,0
2022-11-17 13:46:00,545,545,545,545,0
2022-11-17 13:47:00,545,545,545,545,0
2022-11-17 13:48:00,545,545,545,545,0
2022-11-17 13:49:00,545,545,545,545,0
2022-11-17 13:50:00,545,545,545,545,0
2022-11-17 13:51:00,545,545,545,545,0
2022-11-17 13:52:00,545,545,545,545,0
2022-11-17 13:53:00,545,545,545,545,0
2022-11-17 13:54:00,545,545,545,545,0
2022-11-17 13:55:00,545,545,545,545,0
2022-11-17 13:56:00,545,545,545,545,0
2022-11-17 13:57:00,545,545,545,545,0
2022-11-17 13:58:00,545,545,545,545,0
2022-11-17 13:59:00,545,545,545,545,0
2022-11-17 14:00:00,545,545,545,545,0
2022-11-17 14:01:00,545,545,545,545,0
2022-11-17 14:02:00,545,545,545,545,0
2022-11-17 14:03:00,545,545,545,545,0
2022-11-17 14:04:00,545,545,545,545,0
2022-11-17 14:05:00,545,545,545,545,0
2022-11-17 14:06:00,545,545,545,545,0
2022-11-17 14:07:00,545,545,545,545,0
2022-11-17 14:08:00,545,545,545,545,0
2022-11-17 14:09:00,545,545,545,545,0
2022-11-17 14:10:00,545,545,545,545,0
2022-11-17 14:11:00,545,545,545,545,0
2022-11-17 14:12:00,545,545,545,545,1000
2022-11-17 14:13:00,545,545,545,545,0
2022-11-17 14:14:00,545,545,545,545,0
2022-11-17 14:15:00,545,545,545,545,300
2022-11-17 14:16:00,545,545,545,545,0
2022-11-17 14:17:00,545,545,545,545,0
2022-11-17 14:18:00,545,545,545,545,0
2022-11-17 14:19:00,545,545,545,545,0
2022-11-17 14:20:00,545,545,545,545,0
2022-11-17 14:21:00,545,545,545,545,0
2022-11-17 14:22:00,545,545,545,545,0
2022-11-17 14:23:00,545,545,545,545,0
2022-11-17 14:24:00,545,545,545,545,0
2022-11-17 14:25:00,545,545,545,545,0
2022-11-17 14:26:00,545,545,545,545,0
2022-11-17 14:27:00,545,545,545,545,0
2022-11-17 14:28:00,545,545,545,545,0
2022-11-17 14:29:00,545,545,545,545,600
2022-11-17 14:30:00,545,545,545,545,0
2022-11-17 14:31:00,545,545,545,545,0
2022-11-17 14:32:00,545,545,545,545,0
2022-11-17 14:33:00,545,545,545,545,0
2022-11-17 14:34:00,545,545,545,545,0
2022-11-17 14:35:00,545,545,545,545,0
2022-11-17 14:36:00,545,545,545,545,0
2022-11-17 14:37:00,545,545,545,545,0
2022-11-17 14:38:00,545,545,545,545,0
2022-11-17 14:39:00,545,545,545,545,0
2022-11-17 14:40:00,545,545,545,545,0
2022-11-17 14:41:00,545,545,545,545,0
2022-11-17 14:42:00,545,545,545,545,0
2022-11-17 14:43:00,545,545,545,545,800
2022-11-17 14:44:00,545,545,545,545,600
2022-11-17 14:45:00,545,545,545,545,0
2022-11-17 14:46:00,545,545,545,545,400
2022-11-17 14:47:00,545,545,545,545,400
2022-11-17 14:48:00,545,545,545,545,500
2022-11-17 14:49:00,545,545,545,545,500
2022-11-17 14:50:00,545,545,545,545,0
2022-11-17 14:51:00,545,545,545,545,0
2022-11-17 14:52:00,545,545,545,545,0
2022-11-17 14:53:00,545,545,545,545,0
2022-11-17 14:54:00,545,545,545,545,0
2022-11-17 14:55:00,545,545,545,545,0
2022-11-17 14:56:00,545,545,545,545,0
2022-11-17 14:57:00,545,545,545,545,0
2022-11-17 14:58:00,545,545,545,545,0
2022-11-17 14:59:00,545,545,545,545,0
2022-11-17 15:00:00,545,545,545,545,223600
2022-11-17 15:01:00,545,545,545,545,0
2022-11-17 15:02:00,545,545,545,545,0
2022-11-17 15:03:00,545,545,545,545,0
2022-11-17 15:04:00,545,545,545,545,0
2022-11-17 15:05:00,545,545,545,545,0
2022-11-17 15:06:00,545,545,545,545,0
2022-11-17 15:07:00,545,545,545,545,0
2022-11-17 15:08:00,545,545,545,545,0
2022-11-17 15:09:00,545,545,545,545,0
2022-11-17 15:10:00,545,545,545,545,0
2022-11-17 15:11:00,545,545,545,545,0
2022-11-17 15:12:00,545,545,545,545,0
2022-11-17 15:13:00,545,545,545,545,0
2022-11-17 15:14:00,545,545,545,545,0
2022-11-17 15:15:00,545,545,545,545,0
2022-11-17 15:16:00,545,545,545,545,0
2022-11-17 15:17:00,545,545,545,545,0
2022-11-17 15:18:00,545,545,545,545,0
2022-11-17 15:19:00,545,545,545,545,0
2022-11-17 15:20:00,545,545,545,545,0
2022-11-17 15:21:00,545,545,545,545,0
2022-11-17 15:22:00,545,545,545,545,0
2022-11-17 15:23:00,545,545,545,545,0
2022-11-17 15:24:00,545,545,545,545,0
2022-11-17 15:25:00,545,545,545,545,0
2022-11-17 15:26:00,545,545,545,545,0
2022-11-17 15:27:00,545,545,545,545,0
2022-11-17 15:28:00,545,545,545,545,0
2022-11-17 15:29:00,545,545,545,545,0
2022-11-17 15:30:00,545,545,545,545,0
2022-11-17 15:31:00,545,545,545,545,0
2022-11-17 15:32:00,545,545,545,545,0
2022-11-17 15:33:00,545,545,545,545,0
2022-11-17 15:34:00,545,545,545,545,0
2022-11-17 15:35:00,545,545,545,545,0
2022-11-17 15:36:00,545,545,545,545,0
2022-11-17 15:37:00,545,545,545,545,0
2022-11-17 15:38:00,545,545,545,545,0
2022-11-17 15:39:00,545,545,545,545,0
2022-11-17 15:40:00,545,545,545,545,0
2022-11-17 15:41:00,545,545,545,545,0
2022-11-17 15:42:00,545,545,545,545,0
2022-11-17 15:43:00,545,545,545,545,0
2022-11-17 15:44:00,545,545,545,545,0
2022-11-17 15:45:00,545,545,545,545,0
2022-11-17 15:46:00,545,545,545,545,0
2022-11-17 15:47:00,545,545,545,545,0
2022-11-17 15:48:00,545,545,545,545,0
2022-11-17 15:49:00,545,545,545,545,0
2022-11-17 15:50:00,545,545,545,545,0
2022-11-17 15:51:00,545,545,545,545,0
2022-11-17 15:52:00,545,545,545,545,0
2022-11-17 15:53:00,545,545,545,545,0
2022-11-17 15:54:00,545,545,545,545,0
2022-11-17 15:55:00,545,545,545,545,0
2022-11-17 15:56:00,545,545,545,545,0
2022-11-17 15:57:00,545,545,545,545,0
2022-11-17 15:58:00,545,545,545,545,0
2022-11-17 15:59:00,545,545,545,545,0
2022-11-18 09:00:00,545,545,545,545,0
2022-11-18 09:01:00,545,545,545,545,0
2022-11-18 09:02:00,545,545,545,545,0
2022-11-18 09:03:00,545,545,545,545,0
2022-11-18 09:04:00,545,545,545,545,0
2022-11-18 09:05:00,545,545,545,545,0
2022-11-18 09:06:00,545,545,545,545,0
2022-11-18 09:07:00,545,545,545,545,0
2022-11-18 09:08:00,545,545,545,545,0
2022-11-18 09:09:00,545,545,545,545,0
2022-11-18 09:10:00,545,545,545,545,0
2022-11-18 09:11:00,545,545,545,545,0
2022-11-18 09:12:00,545,545,545,545,0
2022-11-18 09:13:00,545,545,545,545,0
2022-11-18 09:14:00,545,545,545,545,0
2022-11-18 09:15:00,545,545,545,545,0
2022-11-18 09:16:00,545,545,545,545,0
2022-11-18 09:17:00,545,545,545,545,0
2022-11-18 09:18:00,545,545,545,545,0
2022-11-18 09:19:00,545,545,545,545,0
2022-11-18 09:20:00,545,545,545,545,11000
2022-11-18 09:21:00,540,540,545,545,0
2022-11-18 09:22:00,540,540,545,545,0
2022-11-18 09:23:00,540,540,545,545,0
2022-11-18 09:24:00,540,540,545,545,0
2022-11-18 09:25:00,540,540,545,545,0
2022-11-18 09:26:00,540,540,545,545,0
2022-11-18 09:27:00,540,540,545,545,0
2022-11-18 09:28:00,540,540,545,545,0
2022-11-18 09:29:00,540,540,545,545,0
2022-11-18 09:30:00,540,540,545,545,0
2022-11-18 09:31:00,540,540,545,545,0
2022-11-18 09:32:00,540,540,545,545,0
2022-11-18 09:33:00,540,540,545,545,0
2022-11-18 09:34:00,540,540,545,545,0
2022-11-18 09:35:00,540,540,545,545,0
2022-11-18 09:36:00,540,540,545,545,0
2022-11-18 09:37:00,540,540,545,545,0
2022-11-18 09:38:00,540,540,545,545,0
2022-11-18 09:39:00,540,540,545,545,0
2022-11-18 09:40:00,540,540,545,545,0
2022-11-18 09:41:00,540,540,540,540,2200
2022-11-18 09:42:00,545,545,545,545,0
2022-11-18 09:43:00,545,545,545,545,0
2022-11-18 09:44:00,545,545,545,545,0
2022-11-18 09:45:00,545,545,545,545,0
2022-11-18 09:46:00,545,545,545,545,0
2022-11-18 09:47:00,545,545,545,545,0
2022-11-18 09:48:00,545,545,545,545,0
2022-11-18 09:49:00,545,545,545,545,100
2022-11-18 09:50:00,545,545,545,545,0
2022-11-18 09:51:00,545,545,545,545,0
2022-11-18 09:52:00,545,545,545,545,0
2022-11-18 09:53:00,545,545,545,545,0
2022-11-18 09:54:00,545,545,545,545,0
2022-11-18 09:55:00,545,545,545,545,0
2022-11-18 09:56:00,545,545,545,545,0
2022-11-18 09:57:00,545,545,545,545,0
2022-11-18 09:58:00,545,545,545,545,0
2022-11-18 09:59:00,545,545,545,545,0
2022-11-18 10:00:00,545,545,545,545,0
2022-11-18 10:01:00,545,545,545,545,0
2022-11-18 10:02:00,545,545,545,545,0
2022-11-18 10:03:00,545,545,545,545,0
2022-11-18 10:04:00,545,545,545,545,0
2022-11-18 10:05:00,545,545,545,545,0
2022-11-18 10:06:00,545,545,545,545,0
2022-11-18 10:07:00,545,545,545,545,0
2022-11-18 10:08:00,545,545,545,545,0
2022-11-18 10:09:00,545,545,545,545,0
2022-11-18 10:10:00,545,545,545,545,300
2022-11-18 10:11:00,545,545,545,545,0
2022-11-18 10:12:00,545,545,545,545,0
2022-11-18 10:13:00,545,545,545,545,0
2022-11-18 10:14:00,545,545,545,545,0
2022-11-18 10:15:00,545,545,545,545,0
2022-11-18 10:16:00,545,545,545,545,200
2022-11-18 10:17:00,545,545,545,545,0
2022-11-18 10:18:00,545,545,545,545,0
2022-11-18 10:19:00,545,545,545,545,0
2022-11-18 10:20:00,545,545,545,545,0
2022-11-18 10:21:00,545,545,545,545,0
2022-11-18 10:22:00,545,545,545,545,0
2022-11-18 10:23:00,545,545,545,545,0
2022-11-18 10:24:00,545,545,545,545,0
2022-11-18 10:25:00,545,545,545,545,0
2022-11-18 10:26:00,545,545,545,545,0
2022-11-18 10:27:00,545,545,545,545,0
2022-11-18 10:28:00,545,545,545,545,0
2022-11-18 10:29:00,545,545,545,545,0
2022-11-18 10:30:00,545,545,545,545,0
2022-11-18 10:31:00,545,545,545,545,0
2022-11-18 10:32:00,545,545,545,545,0
2022-11-18 10:33:00,545,545,545,545,0
2022-11-18 10:34:00,545,545,545,545,0
2022-11-18 10:35:00,545,545,545,545,0
2022-11-18 10:36:00,545,545,545,545,0
2022-11-18 10:37:00,545,545,545,545,0
2022-11-18 10:38:00,545,545,545,545,0
2022-11-18 10:39:00,545,545,545,545,0
2022-11-18 10:40:00,545,545,545,545,0
2022-11-18 10:41:00,545,545,545,545,0
2022-11-18 10:42:00,540,540,545,545,2800
2022-11-18 10:43:00,540,540,540,540,6600
2022-11-18 10:44:00,545,545,545,545,0
2022-11-18 10:45:00,545,545,545,545,0
2022-11-18 10:46:00,545,545,545,545,0
2022-11-18 10:47:00,545,545,545,545,0
2022-11-18 10:48:00,545,545,545,545,0
2022-11-18 10:49:00,545,545,545,545,0
2022-11-18 10:50:00,545,545,545,545,0
2022-11-18 10:51:00,545,545,545,545,0
2022-11-18 10:52:00,545,545,545,545,0
2022-11-18 10:53:00,545,545,545,545,0
2022-11-18 10:54:00,545,545,545,545,0
2022-11-18 10:55:00,545,545,545,545,0
2022-11-18 10:56:00,545,545,545,545,0
2022-11-18 10:57:00,545,545,545,545,0
2022-11-18 10:58:00,545,545,545,545,0
2022-11-18 10:59:00,545,545,545,545,0
2022-11-18 11:00:00,545,545,545,545,0
2022-11-18 11:01:00,545,545,545,545,0
2022-11-18 11:02:00,545,545,545,545,0
2022-11-18 11:03:00,545,545,545,545,0
2022-11-18 11:04:00,545,545,545,545,300
2022-11-18 11:05:00,545,545,545,545,0
2022-11-18 11:06:00,545,545,545,545,0
2022-11-18 11:07:00,545,545,545,545,0
2022-11-18 11:08:00,545,545,545,545,0
2022-11-18 11:09:00,545,545,545,545,400
2022-11-18 11:10:00,545,545,545,545,0
2022-11-18 11:11:00,545,545,545,545,0
2022-11-18 11:12:00,545,545,545,545,0
2022-11-18 11:13:00,545,545,545,545,0
2022-11-18 11:14:00,545,545,545,545,0
2022-11-18 11:15:00,545,545,545,545,0
2022-11-18 11:16:00,545,545,545,545,0
2022-11-18 11:17:00,545,545,545,545,0
2022-11-18 11:18:00,545,545,545,545,0
2022-11-18 11:19:00,545,545,545,545,0
2022-11-18 11:20:00,545,545,545,545,500
2022-11-18 11:21:00,545,545,545,545,0
2022-11-18 11:22:00,545,545,545,545,0
2022-11-18 11:23:00,545,545,545,545,0
2022-11-18 11:24:00,545,545,545,545,0
2022-11-18 11:25:00,545,545,545,545,0
2022-11-18 11:26:00,545,545,545,545,0
2022-11-18 11:27:00,545,545,545,545,600
2022-11-18 11:28:00,545,545,545,545,300
2022-11-18 11:29:00,545,545,545,545,400
2022-11-18 11:30:00,545,545,545,545,0
2022-11-18 11:31:00,545,545,545,545,0
2022-11-18 11:32:00,545,545,545,545,0
2022-11-18 11:33:00,545,545,545,545,0
2022-11-18 11:34:00,545,545,545,545,0
2022-11-18 11:35:00,545,545,545,545,0
2022-11-18 11:36:00,545,545,545,545,0
2022-11-18 11:37:00,545,545,545,545,0
2022-11-18 11:38:00,545,545,545,545,0
2022-11-18 11:39:00,545,545,545,545,0
2022-11-18 11:40:00,545,545,545,545,0
2022-11-18 11:41:00,545,545,545,545,0
2022-11-18 11:42:00,545,545,545,545,0
2022-11-18 11:43:00,545,545,545,545,0
2022-11-18 11:44:00,545,545,545,545,0
2022-11-18 11:45:00,545,545,545,545,0
2022-11-18 11:46:00,545,545,545,545,0
2022-11-18 11:47:00,545,545,545,545,0
2022-11-18 11:48:00,545,545,545,545,0
2022-11-18 11:49:00,545,545,545,545,0
2022-11-18 11:50:00,545,545,545,545,0
2022-11-18 11:51:00,545,545,545,545,0
2022-11-18 11:52:00,545,545,545,545,0
2022-11-18 11:53:00,545,545,545,545,0
2022-11-18 11:54:00,545,545,545,545,0
2022-11-18 11:55:00,545,545,545,545,0
2022-11-18 11:56:00,545,545,545,545,0
2022-11-18 11:57:00,545,545,545,545,0
2022-11-18 11:58:00,545,545,545,545,0
2022-11-18 11:59:00,545,545,545,545,0
2022-11-18 12:00:00,545,545,545,545,0
2022-11-18 12:01:00,545,545,545,545,0
2022-11-18 12:02:00,545,545,545,545,0
2022-11-18 12:03:00,545,545,545,545,0
2022-11-18 12:04:00,545,545,545,545,0
2022-11-18 12:05:00,545,545,545,545,0
2022-11-18 12:06:00,545,545,545,545,0
2022-11-18 12:07:00,545,545,545,545,0
2022-11-18 12:08:00,545,545,545,545,0
2022-11-18 12:09:00,545,545,545,545,0
2022-11-18 12:10:00,545,545,545,545,0
2022-11-18 12:11:00,545,545,545,545,0
2022-11-18 12:12:00,545,545,545,545,0
2022-11-18 12:13:00,545,545,545,545,0
2022-11-18 12:14:00,545,545,545,545,0
2022-11-18 12:15:00,545,545,545,545,0
2022-11-18 12:16:00,545,545,545,545,0
2022-11-18 12:17:00,545,545,545,545,0
2022-11-18 12:18:00,545,545,545,545,0
2022-11-18 12:19:00,545,545,545,545,0
2022-11-18 12:20:00,545,545,545,545,0
2022-11-18 12:21:00,545,545,545,545,0
2022-11-18 12:22:00,545,545,545,545,0
2022-11-18 12:23:00,545,545,545,545,0
2022-11-18 12:24:00,545,545,545,545,0
2022-11-18 12:25:00,545,545,545,545,0
2022-11-18 12:26:00,545,545,545,545,0
2022-11-18 12:27:00,545,545,545,545,0
2022-11-18 12:28:00,545,545,545,545,0
2022-11-18 12:29:00,545,545,545,545,0
2022-11-18 12:30:00,545,545,545,545,0
2022-11-18 12:31:00,545,545,545,545,0
2022-11-18 12:32:00,545,545,545,545,0
2022-11-18 12:33:00,545,545,545,545,0
2022-11-18 12:34:00,545,545,545,545,0
2022-11-18 12:35:00,545,545,545,545,0
2022-11-18 12:36:00,545,545,545,545,0
2022-11-18 12:37:00,545,545,545,545,0
2022-11-18 12:38:00,545,545,545,545,0
2022-11-18 12:39:00,545,545,545,545,0
2022-11-18 12:40:00,545,545,545,545,0
2022-11-18 12:41:00,545,545,545,545,0
2022-11-18 12:42:00,545,545,545,545,0
2022-11-18 12:43:00,545,545,545,545,0
2022-11-18 12:44:00,545,545,545,545,0
2022-11-18 12:45:00,545,545,545,545,0
2022-11-18 12:46:00,545,545,545,545,0
2022-11-18 12:47:00,545,545,545,545,0
2022-11-18 12:48:00,545,545,545,545,0
2022-11-18 12:49:00,545,545,545,545,0
2022-11-18 12:50:00,545,545,545,545,0
2022-11-18 12:51:00,545,545,545,545,0
2022-11-18 12:52:00,545,545,545,545,0
2022-11-18 12:53:00,545,545,545,545,0
2022-11-18 12:54:00,545,545,545,545,0
2022-11-18 12:55:00,545,545,545,545,0
2022-11-18 12:56:00,545,545,545,545,0
2022-11-18 12:57:00,545,545,545,545,0
2022-11-18 12:58:00,545,545,545,545,0
2022-11-18 12:59:00,545,545,545,545,0
2022-11-18 13:00:00,545,545,545,545,0
2022-11-18 13:01:00,545,545,545,545,0
2022-11-18 13:02:00,545,545,545,545,0
2022-11-18 13:03:00,545,545,545,545,0
2022-11-18 13:04:00,545,545,545,545,0
2022-11-18 13:05:00,545,545,545,545,0
2022-11-18 13:06:00,545,545,545,545,0
2022-11-18 13:07:00,545,545,545,545,0
2022-11-18 13:08:00,545,545,545,545,0
2022-11-18 13:09:00,545,545,545,545,0
2022-11-18 13:10:00,545,545,545,545,0
2022-11-18 13:11:00,545,545,545,545,0
2022-11-18 13:12:00,545,545,545,545,0
2022-11-18 13:13:00,545,545,545,545,0
2022-11-18 13:14:00,545,545,545,545,0
2022-11-18 13:15:00,545,545,545,545,0
2022-11-18 13:16:00,545,545,545,545,0
2022-11-18 13:17:00,545,545,545,545,0
2022-11-18 13:18:00,545,545,545,545,0
2022-11-18 13:19:00,545,545,545,545,0
2022-11-18 13:20:00,545,545,545,545,0
2022-11-18 13:21:00,545,545,545,545,0
2022-11-18 13:22:00,545,545,545,545,0
2022-11-18 13:23:00,545,545,545,545,0
2022-11-18 13:24:00,545,545,545,545,0
2022-11-18 13:25:00,545,545,545,545,0
2022-11-18 13:26:00,545,545,545,545,0
2022-11-18 13:27:00,545,545,545,545,0
2022-11-18 13:28:00,545,545,545,545,0
2022-11-18 13:29:00,545,545,545,545,0
2022-11-18 13:30:00,545,545,545,545,1000
2022-11-18 13:31:00,545,545,545,545,0
2022-11-18 13:32:00,545,545,545,545,0
2022-11-18 13:33:00,545,545,545,545,0
2022-11-18 13:34:00,545,545,545,545,0
2022-11-18 13:35:00,545,545,545,545,0
2022-11-18 13:36:00,545,545,545,545,0
2022-11-18 13:37:00,545,545,545,545,0
2022-11-18 13:38:00,545,545,545,545,0
2022-11-18 13:39:00,545,545,545,545,0
2022-11-18 13:40:00,545,545,545,545,0
2022-11-18 13:41:00,545,545,545,545,0
2022-11-18 13:42:00,545,545,545,545,0
2022-11-18 13:43:00,545,545,545,545,0
2022-11-18 13:44:00,545,545,545,545,0
2022-11-18 13:45:00,545,545,545,545,0
2022-11-18 13:46:00,545,545,545,545,0
2022-11-18 13:47:00,545,545,545,545,300
2022-11-18 13:48:00,545,545,545,545,0
2022-11-18 13:49:00,545,545,545,545,0
2022-11-18 13:50:00,545,545,545,545,0
2022-11-18 13:51:00,545,545,545,545,0
2022-11-18 13:52:00,545,545,545,545,0
2022-11-18 13:53:00,545,545,545,545,0
2022-11-18 13:54:00,545,545,545,545,0
2022-11-18 13:55:00,545,545,545,545,0
2022-11-18 13:56:00,545,545,545,545,0
2022-11-18 13:57:00,545,545,545,545,0
2022-11-18 13:58:00,545,545,545,545,0
2022-11-18 13:59:00,545,545,545,545,0
2022-11-18 14:00:00,545,545,545,545,0
2022-11-18 14:01:00,545,545,545,545,0
2022-11-18 14:02:00,545,545,545,545,0
2022-11-18 14:03:00,545,545,545,545,500
2022-11-18 14:04:00,545,545,545,545,0
2022-11-18 14:05:00,545,545,545,545,0
2022-11-18 14:06:00,545,545,545,545,0
2022-11-18 14:07:00,545,545,545,545,0
2022-11-18 14:08:00,545,545,545,545,0
2022-11-18 14:09:00,545,545,545,545,0
2022-11-18 14:10:00,545,545,545,545,0
2022-11-18 14:11:00,545,545,545,545,0
2022-11-18 14:12:00,545,545,545,545,0
2022-11-18 14:13:00,545,545,545,545,0
2022-11-18 14:14:00,545,545,545,545,0
2022-11-18 14:15:00,545,545,545,545,0
2022-11-18 14:16:00,545,545,545,545,600
2022-11-18 14:17:00,545,545,545,545,0
2022-11-18 14:18:00,545,545,545,545,0
2022-11-18 14:19:00,545,545,545,545,0
2022-11-18 14:20:00,545,545,545,545,0
2022-11-18 14:21:00,545,545,545,545,0
2022-11-18 14:22:00,545,545,545,545,9700
2022-11-18 14:23:00,545,545,545,545,0
2022-11-18 14:24:00,545,545,545,545,5000
2022-11-18 14:25:00,545,545,545,545,0
2022-11-18 14:26:00,545,545,545,545,0
2022-11-18 14:27:00,545,545,545,545,0
2022-11-18 14:28:00,540,540,540,540,10900
2022-11-18 14:29:00,545,545,545,545,0
2022-11-18 14:30:00,545,545,545,545,0
2022-11-18 14:31:00,545,545,545,545,0
2022-11-18 14:32:00,545,545,545,545,0
2022-11-18 14:33:00,545,545,545,545,0
2022-11-18 14:34:00,545,545,545,545,0
2022-11-18 14:35:00,545,545,545,545,0
2022-11-18 14:36:00,545,545,545,545,0
2022-11-18 14:37:00,545,545,545,545,0
2022-11-18 14:38:00,540,540,545,545,50300
2022-11-18 14:39:00,540,540,545,545,0
2022-11-18 14:40:00,545,545,545,545,600
2022-11-18 14:41:00,545,545,545,545,0
2022-11-18 14:42:00,545,545,545,545,0
2022-11-18 14:43:00,545,545,545,545,700
2022-11-18 14:44:00,545,545,545,545,500
2022-11-18 14:45:00,545,540,545,540,200
2022-11-18 14:46:00,545,545,545,545,700
2022-11-18 14:47:00,545,545,545,545,0
2022-11-18 14:48:00,545,545,545,545,300
2022-11-18 14:49:00,545,545,545,545,900
2022-11-18 14:50:00,545,545,545,545,0
2022-11-18 14:51:00,545,545,545,545,0
2022-11-18 14:52:00,545,545,545,545,0
2022-11-18 14:53:00,545,545,545,545,0
2022-11-18 14:54:00,545,545,545,545,0
2022-11-18 14:55:00,545,545,545,545,0
2022-11-18 14:56:00,545,545,545,545,0
2022-11-18 14:57:00,545,545,545,545,0
2022-11-18 14:58:00,545,545,545,545,0
2022-11-18 14:59:00,545,545,545,545,0
2022-11-18 15:00:00,545,545,545,545,105000
2022-11-18 15:01:00,545,545,545,545,0
2022-11-18 15:02:00,545,545,545,545,0
2022-11-18 15:03:00,545,545,545,545,0
2022-11-18 15:04:00,545,545,545,545,0
2022-11-18 15:05:00,545,545,545,545,0
2022-11-18 15:06:00,545,545,545,545,0
2022-11-18 15:07:00,545,545,545,545,0
2022-11-18 15:08:00,545,545,545,545,0
2022-11-18 15:09:00,545,545,545,545,0
2022-11-18 15:10:00,545,545,545,545,0
2022-11-18 15:11:00,545,545,545,545,0
2022-11-18 15:12:00,545,545,545,545,0
2022-11-18 15:13:00,545,545,545,545,0
2022-11-18 15:14:00,545,545,545,545,0
2022-11-18 15:15:00,545,545,545,545,0
2022-11-18 15:16:00,545,545,545,545,0
2022-11-18 15:17:00,545,545,545,545,0
2022-11-18 15:18:00,545,545,545,545,0
2022-11-18 15:19:00,545,545,545,545,0
2022-11-18 15:20:00,545,545,545,545,0
2022-11-18 15:21:00,545,545,545,545,0
2022-11-18 15:22:00,545,545,545,545,0
2022-11-18 15:23:00,545,545,545,545,0
2022-11-18 15:24:00,545,545,545,545,0
2022-11-18 15:25:00,545,545,545,545,0
2022-11-18 15:26:00,545,545,545,545,0
2022-11-18 15:27:00,545,545,545,545,0
2022-11-18 15:28:00,545,545,545,545,0
2022-11-18 15:29:00,545,545,545,545,0
2022-11-18 15:30:00,545,545,545,545,0
2022-11-18 15:31:00,545,545,545,545,0
2022-11-18 15:32:00,545,545,545,545,0
2022-11-18 15:33:00,545,545,545,545,0
2022-11-18 15:34:00,545,545,545,545,0
2022-11-18 15:35:00,545,545,545,545,0
2022-11-18 15:36:00,545,545,545,545,0
2022-11-18 15:37:00,545,545,545,545,0
2022-11-18 15:38:00,545,545,545,545,0
2022-11-18 15:39:00,545,545,545,545,0
2022-11-18 15:40:00,545,545,545,545,0
2022-11-18 15:41:00,545,545,545,545,0
2022-11-18 15:42:00,545,545,545,545,0
2022-11-18 15:43:00,545,545,545,545,0
2022-11-18 15:44:00,545,545,545,545,0
2022-11-18 15:45:00,545,545,545,545,0
2022-11-18 15:46:00,545,545,545,545,0
2022-11-18 15:47:00,545,545,545,545,0
2022-11-18 15:48:00,545,545,545,545,0
2022-11-18 15:49:00,545,545,545,545,0
2022-11-18 15:50:00,545,545,545,545,0
2022-11-18 15:51:00,545,545,545,545,0
2022-11-18 15:52:00,545,545,545,545,0
2022-11-18 15:53:00,545,545,545,545,0
2022-11-18 15:54:00,545,545,545,545,0
2022-11-18 15:55:00,545,545,545,545,0
2022-11-18 15:56:00,545,545,545,545,0
2022-11-18 15:57:00,545,545,545,545,0
2022-11-18 15:58:00,545,545,545,545,0
2022-11-18 15:59:00,545,545,545,545,0
2022-11-21 09:00:00,540,540,540,540,0
2022-11-21 09:01:00,545,545,545,545,500
2022-11-21 09:02:00,545,545,545,545,0
2022-11-21 09:03:00,545,545,545,545,0
2022-11-21 09:04:00,545,545,545,545,0
2022-11-21 09:05:00,545,545,545,545,0
2022-11-21 09:06:00,540,540,540,540,65200
2022-11-21 09:07:00,540,540,540,540,0
2022-11-21 09:08:00,540,540,540,540,0
2022-11-21 09:09:00,540,540,540,540,4400
2022-11-21 09:10:00,535,535,540,540,57900
2022-11-21 09:11:00,540,540,540,540,100
2022-11-21 09:12:00,540,540,540,540,500
2022-11-21 09:13:00,540,540,540,540,0
2022-11-21 09:14:00,535,535,540,540,20000
2022-11-21 09:15:00,535,535,540,540,0
2022-11-21 09:16:00,535,535,540,540,0
2022-11-21 09:17:00,535,535,540,540,0
2022-11-21 09:18:00,535,535,540,540,0
2022-11-21 09:19:00,535,535,540,540,0
2022-11-21 09:20:00,535,535,540,540,0
2022-11-21 09:21:00,535,535,540,540,0
2022-11-21 09:22:00,540,540,540,540,0
2022-11-21 09:23:00,540,540,540,540,0
2022-11-21 09:24:00,540,540,540,540,0
2022-11-21 09:25:00,540,540,540,540,0
2022-11-21 09:26:00,540,540,540,540,100
2022-11-21 09:27:00,535,535,540,540,1000
2022-11-21 09:28:00,535,535,540,540,0
2022-11-21 09:29:00,535,535,540,540,0
2022-11-21 09:30:00,535,535,540,540,0
2022-11-21 09:31:00,535,535,540,540,0
2022-11-21 09:32:00,535,535,535,535,10700
2022-11-21 09:33:00,540,540,540,540,0
2022-11-21 09:34:00,540,540,540,540,0
2022-11-21 09:35:00,540,540,540,540,0
2022-11-21 09:36:00,540,540,540,540,0
2022-11-21 09:37:00,540,540,540,540,0
2022-11-21 09:38:00,540,540,540,540,0
2022-11-21 09:39:00,540,540,540,540,0
2022-11-21 09:40:00,540,540,540,540,0
2022-11-21 09:41:00,540,540,540,540,0
2022-11-21 09:42:00,540,540,540,540,0
2022-11-21 09:43:00,540,540,540,540,0
2022-11-21 09:44:00,540,540,540,540,0
2022-11-21 09:45:00,540,540,540,540,0
2022-11-21 09:46:00,540,540,540,540,0
2022-11-21 09:47:00,540,540,540,540,0
2022-11-21 09:48:00,540,540,540,540,0
2022-11-21 09:49:00,540,540,540,540,0
2022-11-21 09:50:00,540,540,540,540,0
2022-11-21 09:51:00,540,540,540,540,0
2022-11-21 09:52:00,540,540,540,540,0
2022-11-21 09:53:00,540,540,540,540,0
2022-11-21 09:54:00,540,540,540,540,0
2022-11-21 09:55:00,540,540,540,540,0
2022-11-21 09:56:00,540,540,540,540,0
2022-11-21 09:57:00,540,540,540,540,0
2022-11-21 09:58:00,540,540,540,540,0
2022-11-21 09:59:00,540,540,540,540,800
2022-11-21 10:00:00,540,540,540,540,0
2022-11-21 10:01:00,540,540,540,540,0
2022-11-21 10:02:00,540,540,540,540,0
2022-11-21 10:03:00,540,540,540,540,0
2022-11-21 10:04:00,540,540,540,540,0
2022-11-21 10:05:00,540,540,540,540,0
2022-11-21 10:06:00,540,540,540,540,0
2022-11-21 10:07:00,540,540,540,540,0
2022-11-21 10:08:00,540,540,540,540,0
2022-11-21 10:09:00,540,540,540,540,0
2022-11-21 10:10:00,540,540,540,540,0
2022-11-21 10:11:00,540,540,540,540,0
2022-11-21 10:12:00,540,540,540,540,0
2022-11-21 10:13:00,540,540,540,540,0
2022-11-21 10:14:00,540,540,540,540,0
2022-11-21 10:15:00,540,540,540,540,0
2022-11-21 10:16:00,540,540,540,540,0
2022-11-21 10:17:00,540,540,540,540,0
2022-11-21 10:18:00,540,540,540,540,0
2022-11-21 10:19:00,540,540,540,540,0
2022-11-21 10:20:00,540,540,540,540,0
2022-11-21 10:21:00,540,540,540,540,0
2022-11-21 10:22:00,540,540,540,540,0
2022-11-21 10:23:00,540,540,540,540,0
2022-11-21 10:24:00,540,540,540,540,0
2022-11-21 10:25:00,540,540,540,540,0
2022-11-21 10:26:00,540,540,540,540,0
2022-11-21 10:27:00,540,540,540,540,0
2022-11-21 10:28:00,540,540,540,540,0
2022-11-21 10:29:00,540,540,540,540,0
2022-11-21 10:30:00,540,540,540,540,0
2022-11-21 10:31:00,540,540,540,540,0
2022-11-21 10:32:00,540,540,540,540,0
2022-11-21 10:33:00,540,540,540,540,0
2022-11-21 10:34:00,540,540,540,540,0
2022-11-21 10:35:00,540,540,540,540,0
2022-11-21 10:36:00,540,540,540,540,0
2022-11-21 10:37:00,540,540,540,540,0
2022-11-21 10:38:00,540,540,540,540,0
2022-11-21 10:39:00,540,540,540,540,0
2022-11-21 10:40:00,540,540,540,540,0
2022-11-21 10:41:00,540,540,540,540,1000
2022-11-21 10:42:00,540,540,540,540,0
2022-11-21 10:43:00,540,540,540,540,0
2022-11-21 10:44:00,540,540,540,540,0
2022-11-21 10:45:00,540,540,540,540,0
2022-11-21 10:46:00,540,540,540,540,0
2022-11-21 10:47:00,540,540,540,540,0
2022-11-21 10:48:00,540,540,540,540,0
2022-11-21 10:49:00,540,540,540,540,0
2022-11-21 10:50:00,540,540,540,540,0
2022-11-21 10:51:00,540,540,540,540,0
2022-11-21 10:52:00,540,540,540,540,0
2022-11-21 10:53:00,540,540,540,540,0
2022-11-21 10:54:00,540,540,540,540,0
2022-11-21 10:55:00,540,540,540,540,0
2022-11-21 10:56:00,540,540,540,540,0
2022-11-21 10:57:00,540,540,540,540,0
2022-11-21 10:58:00,540,540,540,540,0
2022-11-21 10:59:00,540,540,540,540,0
2022-11-21 11:00:00,540,540,540,540,0
2022-11-21 11:01:00,540,540,540,540,0
2022-11-21 11:02:00,540,540,540,540,0
2022-11-21 11:03:00,540,540,540,540,0
2022-11-21 11:04:00,540,540,540,540,0
2022-11-21 11:05:00,540,540,540,540,0
2022-11-21 11:06:00,540,540,540,540,400
2022-11-21 11:07:00,540,540,540,540,0
2022-11-21 11:08:00,540,540,540,540,0
2022-11-21 11:09:00,540,540,540,540,0
2022-11-21 11:10:00,540,540,540,540,0
2022-11-21 11:11:00,540,540,540,540,500
2022-11-21 11:12:00,540,540,540,540,0
2022-11-21 11:13:00,540,540,540,540,0
2022-11-21 11:14:00,540,540,540,540,0
2022-11-21 11:15:00,540,540,540,540,0
2022-11-21 11:16:00,540,540,540,540,0
2022-11-21 11:17:00,540,540,540,540,0
2022-11-21 11:18:00,540,540,540,540,0
2022-11-21 11:19:00,540,540,540,540,0
2022-11-21 11:20:00,540,540,540,540,0
2022-11-21 11:21:00,540,540,540,540,0
2022-11-21 11:22:00,540,540,540,540,0
2022-11-21 11:23:00,540,540,540,540,0
2022-11-21 11:24:00,540,540,540,540,0
2022-11-21 11:25:00,540,540,540,540,0
2022-11-21 11:26:00,540,540,540,540,0
2022-11-21 11:27:00,540,540,540,540,0
2022-11-21 11:28:00,540,540,540,540,0
2022-11-21 11:29:00,540,540,540,540,0
2022-11-21 11:30:00,540,540,540,540,0
2022-11-21 11:31:00,540,540,540,540,0
2022-11-21 11:32:00,540,540,540,540,0
2022-11-21 11:33:00,540,540,540,540,0
2022-11-21 11:34:00,540,540,540,540,0
2022-11-21 11:35:00,540,540,540,540,0
2022-11-21 11:36:00,540,540,540,540,0
2022-11-21 11:37:00,540,540,540,540,0
2022-11-21 11:38:00,540,540,540,540,0
2022-11-21 11:39:00,540,540,540,540,0
2022-11-21 11:40:00,540,540,540,540,0
2022-11-21 11:41:00,540,540,540,540,0
2022-11-21 11:42:00,540,540,540,540,0
2022-11-21 11:43:00,540,540,540,540,0
2022-11-21 11:44:00,540,540,540,540,0
2022-11-21 11:45:00,540,540,540,540,0
2022-11-21 11:46:00,540,540,540,540,0
2022-11-21 11:47:00,540,540,540,540,0
2022-11-21 11:48:00,540,540,540,540,0
2022-11-21 11:49:00,540,540,540,540,0
2022-11-21 11:50:00,540,540,540,540,0
2022-11-21 11:51:00,540,540,540,540,0
2022-11-21 11:52:00,540,540,540,540,0
2022-11-21 11:53:00,540,540,540,540,0
2022-11-21 11:54:00,540,540,540,540,0
2022-11-21 11:55:00,540,540,540,540,0
2022-11-21 11:56:00,540,540,540,540,0
2022-11-21 11:57:00,540,540,540,540,0
2022-11-21 11:58:00,540,540,540,540,0
2022-11-21 11:59:00,540,540,540,540,0
2022-11-21 12:00:00,540,540,540,540,0
2022-11-21 12:01:00,540,540,540,540,0
2022-11-21 12:02:00,540,540,540,540,0
2022-11-21 12:03:00,540,540,540,540,0
2022-11-21 12:04:00,540,540,540,540,0
2022-11-21 12:05:00,540,540,540,540,0
2022-11-21 12:06:00,540,540,540,540,0
2022-11-21 12:07:00,540,540,540,540,0
2022-11-21 12:08:00,540,540,540,540,0
2022-11-21 12:09:00,540,540,540,540,0
2022-11-21 12:10:00,540,540,540,540,0
2022-11-21 12:11:00,540,540,540,540,0
2022-11-21 12:12:00,540,540,540,540,0
2022-11-21 12:13:00,540,540,540,540,0
2022-11-21 12:14:00,540,540,540,540,0
2022-11-21 12:15:00,540,540,540,540,0
2022-11-21 12:16:00,540,540,540,540,0
2022-11-21 12:17:00,540,540,540,540,0
2022-11-21 12:18:00,540,540,540,540,0
2022-11-21 12:19:00,540,540,540,540,0
2022-11-21 12:20:00,540,540,540,540,0
2022-11-21 12:21:00,540,540,540,540,0
2022-11-21 12:22:00,540,540,540,540,0
2022-11-21 12:23:00,540,540,540,540,0
2022-11-21 12:24:00,540,540,540,540,0
2022-11-21 12:25:00,540,540,540,540,0
2022-11-21 12:26:00,540,540,540,540,0
2022-11-21 12:27:00,540,540,540,540,0
2022-11-21 12:28:00,540,540,540,540,0
2022-11-21 12:29:00,540,540,540,540,0
2022-11-21 12:30:00,540,540,540,540,0
2022-11-21 12:31:00,540,540,540,540,0
2022-11-21 12:32:00,540,540,540,540,0
2022-11-21 12:33:00,540,540,540,540,0
2022-11-21 12:34:00,540,540,540,540,0
2022-11-21 12:35:00,540,540,540,540,0
2022-11-21 12:36:00,540,540,540,540,0
2022-11-21 12:37:00,540,540,540,540,0
2022-11-21 12:38:00,540,540,540,540,0
2022-11-21 12:39:00,540,540,540,540,0
2022-11-21 12:40:00,540,540,540,540,0
2022-11-21 12:41:00,540,540,540,540,0
2022-11-21 12:42:00,540,540,540,540,0
2022-11-21 12:43:00,540,540,540,540,0
2022-11-21 12:44:00,540,540,540,540,0
2022-11-21 12:45:00,540,540,540,540,0
2022-11-21 12:46:00,540,540,540,540,0
2022-11-21 12:47:00,540,540,540,540,0
2022-11-21 12:48:00,540,540,540,540,0
2022-11-21 12:49:00,540,540,540,540,0
2022-11-21 12:50:00,540,540,540,540,0
2022-11-21 12:51:00,540,540,540,540,0
2022-11-21 12:52:00,540,540,540,540,0
2022-11-21 12:53:00,540,540,540,540,0
2022-11-21 12:54:00,540,540,540,540,0
2022-11-21 12:55:00,540,540,540,540,0
2022-11-21 12:56:00,540,540,540,540,0
2022-11-21 12:57:00,540,540,540,540,0
2022-11-21 12:58:00,540,540,540,540,0
2022-11-21 12:59:00,540,540,540,540,0
2022-11-21 13:00:00,540,540,540,540,0
2022-11-21 13:01:00,540,540,540,540,0
2022-11-21 13:02:00,540,540,540,540,0
2022-11-21 13:03:00,540,540,540,540,0
2022-11-21 13:04:00,540,540,540,540,0
2022-11-21 13:05:00,540,540,540,540,0
2022-11-21 13:06:00,540,540,540,540,0
2022-11-21 13:07:00,540,540,540,540,0
2022-11-21 13:08:00,540,540,540,540,0
2022-11-21 13:09:00,540,540,540,540,0
2022-11-21 13:10:00,540,540,540,540,0
2022-11-21 13:11:00,540,540,540,540,0
2022-11-21 13:12:00,540,540,540,540,0
2022-11-21 13:13:00,540,540,540,540,0
2022-11-21 13:14:00,540,540,540,540,0
2022-11-21 13:15:00,540,540,540,540,0
2022-11-21 13:16:00,540,540,540,540,0
2022-11-21 13:17:00,540,540,540,540,0
2022-11-21 13:18:00,540,540,540,540,0
2022-11-21 13:19:00,540,540,540,540,0
2022-11-21 13:20:00,540,540,540,540,0
2022-11-21 13:21:00,540,540,540,540,0
2022-11-21 13:22:00,540,540,540,540,0
2022-11-21 13:23:00,540,540,540,540,0
2022-11-21 13:24:00,540,540,540,540,0
2022-11-21 13:25:00,540,540,540,540,0
2022-11-21 13:26:00,540,540,540,540,0
2022-11-21 13:27:00,540,540,540,540,0
2022-11-21 13:28:00,540,540,540,540,0
2022-11-21 13:29:00,540,540,540,540,0
2022-11-21 13:30:00,540,540,540,540,2000
2022-11-21 13:31:00,540,540,540,540,0
2022-11-21 13:32:00,540,540,540,540,0
2022-11-21 13:33:00,540,540,540,540,0
2022-11-21 13:34:00,540,540,540,540,0
2022-11-21 13:35:00,540,540,540,540,0
2022-11-21 13:36:00,540,540,540,540,0
2022-11-21 13:37:00,540,540,540,540,0
2022-11-21 13:38:00,540,540,540,540,2000
2022-11-21 13:39:00,540,540,540,540,0
2022-11-21 13:40:00,540,540,540,540,0
2022-11-21 13:41:00,540,540,540,540,0
2022-11-21 13:42:00,540,540,540,540,0
2022-11-21 13:43:00,540,540,540,540,0
2022-11-21 13:44:00,540,540,540,540,2000
2022-11-21 13:45:00,540,540,540,540,0
2022-11-21 13:46:00,540,540,540,540,0
2022-11-21 13:47:00,540,540,540,540,0
2022-11-21 13:48:00,540,540,540,540,0
2022-11-21 13:49:00,540,540,540,540,0
2022-11-21 13:50:00,540,540,540,540,0
2022-11-21 13:51:00,540,540,540,540,0
2022-11-21 13:52:00,540,540,540,540,0
2022-11-21 13:53:00,540,540,540,540,0
2022-11-21 13:54:00,540,540,540,540,0
2022-11-21 13:55:00,540,540,540,540,0
2022-11-21 13:56:00,540,540,540,540,0
2022-11-21 13:57:00,540,540,540,540,0
2022-11-21 13:58:00,540,540,540,540,0
2022-11-21 13:59:00,540,540,540,540,0
2022-11-21 14:00:00,540,540,540,540,0
2022-11-21 14:01:00,540,540,540,540,0
2022-11-21 14:02:00,540,540,540,540,0
2022-11-21 14:03:00,540,540,540,540,0
2022-11-21 14:04:00,540,540,540,540,0
2022-11-21 14:05:00,540,540,540,540,0
2022-11-21 14:06:00,540,540,540,540,0
2022-11-21 14:07:00,540,540,540,540,0
2022-11-21 14:08:00,540,540,540,540,0
2022-11-21 14:09:00,540,540,540,540,0
2022-11-21 14:10:00,540,540,540,540,0
2022-11-21 14:11:00,540,540,540,540,0
2022-11-21 14:12:00,540,540,540,540,0
2022-11-21 14:13:00,540,540,540,540,0
2022-11-21 14:14:00,540,540,540,540,0
2022-11-21 14:15:00,540,540,540,540,0
2022-11-21 14:16:00,540,540,540,540,0
2022-11-21 14:17:00,540,540,540,540,0
2022-11-21 14:18:00,540,540,540,540,0
2022-11-21 14:19:00,540,540,540,540,0
2022-11-21 14:20:00,540,540,540,540,0
2022-11-21 14:21:00,540,540,540,540,0
2022-11-21 14:22:00,540,540,540,540,0
2022-11-21 14:23:00,540,540,540,540,0
2022-11-21 14:24:00,540,540,540,540,0
2022-11-21 14:25:00,540,540,540,540,800
2022-11-21 14:26:00,540,540,540,540,0
2022-11-21 14:27:00,540,540,540,540,0
2022-11-21 14:28:00,540,540,540,540,0
2022-11-21 14:29:00,540,540,540,540,0
2022-11-21 14:30:00,540,540,540,540,0
2022-11-21 14:31:00,540,540,540,540,0
2022-11-21 14:32:00,540,540,540,540,0
2022-11-21 14:33:00,540,540,540,540,0
2022-11-21 14:34:00,540,540,540,540,0
2022-11-21 14:35:00,540,540,540,540,0
2022-11-21 14:36:00,540,540,540,540,0
2022-11-21 14:37:00,540,540,540,540,0
2022-11-21 14:38:00,540,540,540,540,500
2022-11-21 14:39:00,540,540,540,540,0
2022-11-21 14:40:00,540,540,540,540,0
2022-11-21 14:41:00,540,540,540,540,0
2022-11-21 14:42:00,540,540,540,540,0
2022-11-21 14:43:00,540,540,540,540,600
2022-11-21 14:44:00,540,540,540,540,700
2022-11-21 14:45:00,540,540,540,540,0
2022-11-21 14:46:00,540,540,540,540,0
2022-11-21 14:47:00,540,540,540,540,0
2022-11-21 14:48:00,540,540,540,540,0
2022-11-21 14:49:00,540,540,545,545,205900
2022-11-21 14:50:00,540,540,545,545,0
2022-11-21 14:51:00,540,540,545,545,0
2022-11-21 14:52:00,540,540,545,545,0
2022-11-21 14:53:00,540,540,545,545,0
2022-11-21 14:54:00,540,540,545,545,0
2022-11-21 14:55:00,540,540,545,545,0
2022-11-21 14:56:00,540,540,545,545,0
2022-11-21 14:57:00,540,540,545,545,0
2022-11-21 14:58:00,540,540,545,545,0
2022-11-21 14:59:00,540,540,545,545,0
2022-11-21 15:00:00,545,545,545,545,65000
2022-11-21 15:01:00,545,545,545,545,0
2022-11-21 15:02:00,545,545,545,545,0
2022-11-21 15:03:00,545,545,545,545,0
2022-11-21 15:04:00,545,545,545,545,0
2022-11-21 15:05:00,545,545,545,545,0
2022-11-21 15:06:00,545,545,545,545,0
2022-11-21 15:07:00,545,545,545,545,436400
2022-11-21 15:08:00,545,545,545,545,0
2022-11-21 15:09:00,545,545,545,545,0
2022-11-21 15:10:00,545,545,545,545,0
2022-11-21 15:11:00,545,545,545,545,0
2022-11-21 15:12:00,545,545,545,545,0
2022-11-21 15:13:00,545,545,545,545,0
2022-11-21 15:14:00,545,545,545,545,0
2022-11-21 15:15:00,545,545,545,545,0
2022-11-21 15:16:00,545,545,545,545,0
2022-11-21 15:17:00,545,545,545,545,0
2022-11-21 15:18:00,545,545,545,545,0
2022-11-21 15:19:00,545,545,545,545,0
2022-11-21 15:20:00,545,545,545,545,0
2022-11-21 15:21:00,545,545,545,545,0
2022-11-21 15:22:00,545,545,545,545,0
2022-11-21 15:23:00,545,545,545,545,0
2022-11-21 15:24:00,545,545,545,545,0
2022-11-21 15:25:00,545,545,545,545,0
2022-11-21 15:26:00,545,545,545,545,0
2022-11-21 15:27:00,545,545,545,545,0
2022-11-21 15:28:00,545,545,545,545,0
2022-11-21 15:29:00,545,545,545,545,0
2022-11-21 15:30:00,545,545,545,545,0
2022-11-21 15:31:00,545,545,545,545,0
2022-11-21 15:32:00,545,545,545,545,0
2022-11-21 15:33:00,545,545,545,545,0
2022-11-21 15:34:00,545,545,545,545,0
2022-11-21 15:35:00,545,545,545,545,0
2022-11-21 15:36:00,545,545,545,545,0
2022-11-21 15:37:00,545,545,545,545,0
2022-11-21 15:38:00,545,545,545,545,0
2022-11-21 15:39:00,545,545,545,545,0
2022-11-21 15:40:00,545,545,545,545,0
2022-11-21 15:41:00,545,545,545,545,0
2022-11-21 15:42:00,545,545,545,545,0
2022-11-21 15:43:00,545,545,545,545,0
2022-11-21 15:44:00,545,545,545,545,0
2022-11-21 15:45:00,545,545,545,545,0
2022-11-21 15:46:00,545,545,545,545,0
2022-11-21 15:47:00,545,545,545,545,0
2022-11-21 15:48:00,545,545,545,545,0
2022-11-21 15:49:00,545,545,545,545,0
2022-11-21 15:50:00,545,545,545,545,0
2022-11-21 15:51:00,545,545,545,545,0
2022-11-21 15:52:00,545,545,545,545,0
2022-11-21 15:53:00,545,545,545,545,0
2022-11-21 15:54:00,545,545,545,545,0
2022-11-21 15:55:00,545,545,545,545,0
2022-11-21 15:56:00,545,545,545,545,0
2022-11-21 15:57:00,545,545,545,545,0
2022-11-21 15:58:00,545,545,545,545,0
2022-11-21 15:59:00,545,545,545,545,0
2022-11-22 09:00:00,540,540,545,545,0
2022-11-22 09:01:00,540,540,545,545,0
2022-11-22 09:02:00,540,540,545,545,0
2022-11-22 09:03:00,540,540,545,545,0
2022-11-22 09:04:00,540,540,545,545,0
2022-11-22 09:05:00,540,540,545,545,0
2022-11-22 09:06:00,540,540,545,545,0
2022-11-22 09:07:00,540,540,545,545,0
2022-11-22 09:08:00,540,540,545,545,0
2022-11-22 09:09:00,540,540,545,545,0
2022-11-22 09:10:00,540,540,545,545,0
2022-11-22 09:11:00,540,540,545,545,0
2022-11-22 09:12:00,540,540,545,545,0
2022-11-22 09:13:00,540,540,545,545,0
2022-11-22 09:14:00,540,540,545,545,20300
2022-11-22 09:15:00,540,540,545,545,0
2022-11-22 09:16:00,540,540,545,545,0
2022-11-22 09:17:00,540,540,545,545,0
2022-11-22 09:18:00,540,540,545,545,0
2022-11-22 09:19:00,540,540,545,545,0
2022-11-22 09:20:00,540,540,545,545,0
2022-11-22 09:21:00,540,540,545,545,0
2022-11-22 09:22:00,540,540,545,545,0
2022-11-22 09:23:00,540,540,545,545,0
2022-11-22 09:24:00,540,540,545,545,0
2022-11-22 09:25:00,540,540,545,545,0
2022-11-22 09:26:00,540,540,545,545,0
2022-11-22 09:27:00,540,540,545,545,0
2022-11-22 09:28:00,540,540,545,545,0
2022-11-22 09:29:00,540,540,545,545,0
2022-11-22 09:30:00,540,540,545,545,0
2022-11-22 09:31:00,540,540,545,545,500
2022-11-22 09:32:00,540,540,545,545,0
2022-11-22 09:33:00,540,540,545,545,0
2022-11-22 09:34:00,540,540,545,545,0
2022-11-22 09:35:00,540,540,545,545,0
2022-11-22 09:36:00,540,540,545,545,0
2022-11-22 09:37:00,540,540,545,545,0
2022-11-22 09:38:00,540,540,545,545,0
2022-11-22 09:39:00,540,540,545,545,0
2022-11-22 09:40:00,540,540,545,545,0
2022-11-22 09:41:00,540,540,545,545,0
2022-11-22 09:42:00,540,540,545,545,0
2022-11-22 09:43:00,540,540,545,545,0
2022-11-22 09:44:00,540,540,545,545,0
2022-11-22 09:45:00,540,540,545,545,0
2022-11-22 09:46:00,540,540,545,545,0
2022-11-22 09:47:00,540,540,545,545,0
2022-11-22 09:48:00,540,540,545,545,0
2022-11-22 09:49:00,540,540,545,545,0
2022-11-22 09:50:00,540,540,545,545,0
2022-11-22 09:51:00,540,540,545,545,0
2022-11-22 09:52:00,540,540,545,545,0
2022-11-22 09:53:00,540,540,545,545,0
2022-11-22 09:54:00,540,540,545,545,0
2022-11-22 09:55:00,540,540,545,545,0
2022-11-22 09:56:00,540,540,545,545,0
2022-11-22 09:57:00,540,540,545,545,0
2022-11-22 09:58:00,540,540,545,545,0
2022-11-22 09:59:00,540,540,545,545,0
2022-11-22 10:00:00,540,540,545,545,0
2022-11-22 10:01:00,540,540,545,545,0
2022-11-22 10:02:00,540,540,545,545,0
2022-11-22 10:03:00,540,540,545,545,0
2022-11-22 10:04:00,540,540,545,545,0
2022-11-22 10:05:00,540,540,545,545,0
2022-11-22 10:06:00,540,540,545,545,0
2022-11-22 10:07:00,540,540,545,545,0
2022-11-22 10:08:00,540,540,545,545,0
2022-11-22 10:09:00,540,540,545,545,0
2022-11-22 10:10:00,540,540,545,545,400
2022-11-22 10:11:00,540,540,545,545,0
2022-11-22 10:12:00,540,540,545,545,0
2022-11-22 10:13:00,545,545,545,545,500
2022-11-22 10:14:00,545,545,545,545,0
2022-11-22 10:15:00,545,545,545,545,0
2022-11-22 10:16:00,545,545,545,545,0
2022-11-22 10:17:00,545,545,545,545,0
2022-11-22 10:18:00,545,545,545,545,0
2022-11-22 10:19:00,545,545,545,545,0
2022-11-22 10:20:00,545,545,545,545,0
2022-11-22 10:21:00,545,545,545,545,0
2022-11-22 10:22:00,545,545,545,545,0
2022-11-22 10:23:00,545,545,545,545,0
2022-11-22 10:24:00,545,545,545,545,0
2022-11-22 10:25:00,545,545,545,545,0
2022-11-22 10:26:00,545,545,545,545,0
2022-11-22 10:27:00,545,545,545,545,0
2022-11-22 10:28:00,545,545,545,545,0
2022-11-22 10:29:00,545,545,545,545,0
2022-11-22 10:30:00,545,545,545,545,0
2022-11-22 10:31:00,545,545,545,545,0
2022-11-22 10:32:00,545,545,545,545,400
2022-11-22 10:33:00,545,545,545,545,0
2022-11-22 10:34:00,545,545,545,545,0
2022-11-22 10:35:00,545,545,545,545,0
2022-11-22 10:36:00,545,545,545,545,0
2022-11-22 10:37:00,545,545,545,545,0
2022-11-22 10:38:00,545,545,545,545,0
2022-11-22 10:39:00,545,545,545,545,0
2022-11-22 10:40:00,545,545,545,545,0
2022-11-22 10:41:00,545,545,545,545,0
2022-11-22 10:42:00,545,545,545,545,0
2022-11-22 10:43:00,545,545,545,545,0
2022-11-22 10:44:00,545,545,545,545,0
2022-11-22 10:45:00,545,545,545,545,0
2022-11-22 10:46:00,545,545,545,545,0
2022-11-22 10:47:00,545,545,545,545,0
2022-11-22 10:48:00,545,545,545,545,0
2022-11-22 10:49:00,545,545,545,545,0
2022-11-22 10:50:00,545,545,545,545,0
2022-11-22 10:51:00,545,545,545,545,0
2022-11-22 10:52:00,545,545,545,545,0
2022-11-22 10:53:00,545,545,545,545,0
2022-11-22 10:54:00,545,545,545,545,0
2022-11-22 10:55:00,545,545,545,545,0
2022-11-22 10:56:00,545,545,545,545,0
2022-11-22 10:57:00,545,545,545,545,0
2022-11-22 10:58:00,545,545,545,545,0
2022-11-22 10:59:00,545,545,545,545,0
2022-11-22 11:00:00,545,545,545,545,0
2022-11-22 11:01:00,545,545,545,545,0
2022-11-22 11:02:00,545,545,545,545,0
2022-11-22 11:03:00,545,545,545,545,0
2022-11-22 11:04:00,545,545,545,545,0
2022-11-22 11:05:00,545,545,545,545,0
2022-11-22 11:06:00,545,545,545,545,500
2022-11-22 11:07:00,545,545,545,545,0
2022-11-22 11:08:00,545,545,545,545,0
2022-11-22 11:09:00,545,545,545,545,0
2022-11-22 11:10:00,545,545,545,545,0
2022-11-22 11:11:00,545,545,545,545,0
2022-11-22 11:12:00,545,545,545,545,0
2022-11-22 11:13:00,545,545,545,545,0
2022-11-22 11:14:00,545,545,545,545,0
2022-11-22 11:15:00,545,545,545,545,0
2022-11-22 11:16:00,545,545,545,545,0
2022-11-22 11:17:00,545,545,545,545,0
2022-11-22 11:18:00,545,545,545,545,0
2022-11-22 11:19:00,545,545,545,545,0
2022-11-22 11:20:00,545,545,545,545,0
2022-11-22 11:21:00,540,540,545,545,17700
2022-11-22 11:22:00,545,545,545,545,0
2022-11-22 11:23:00,545,545,545,545,0
2022-11-22 11:24:00,545,545,545,545,0
2022-11-22 11:25:00,545,545,545,545,600
2022-11-22 11:26:00,545,545,545,545,0
2022-11-22 11:27:00,545,545,545,545,0
2022-11-22 11:28:00,545,545,545,545,300
2022-11-22 11:29:00,545,545,545,545,300
2022-11-22 11:30:00,545,545,545,545,0
2022-11-22 11:31:00,545,545,545,545,0
2022-11-22 11:32:00,545,545,545,545,0
2022-11-22 11:33:00,545,545,545,545,0
2022-11-22 11:34:00,545,545,545,545,0
2022-11-22 11:35:00,545,545,545,545,0
2022-11-22 11:36:00,545,545,545,545,0
2022-11-22 11:37:00,545,545,545,545,0
2022-11-22 11:38:00,545,545,545,545,0
2022-11-22 11:39:00,545,545,545,545,0
2022-11-22 11:40:00,545,545,545,545,0
2022-11-22 11:41:00,545,545,545,545,0
2022-11-22 11:42:00,545,545,545,545,0
2022-11-22 11:43:00,545,545,545,545,0
2022-11-22 11:44:00,545,545,545,545,0
2022-11-22 11:45:00,545,545,545,545,0
2022-11-22 11:46:00,545,545,545,545,0
2022-11-22 11:47:00,545,545,545,545,0
2022-11-22 11:48:00,545,545,545,545,0
2022-11-22 11:49:00,545,545,545,545,0
2022-11-22 11:50:00,545,545,545,545,0
2022-11-22 11:51:00,545,545,545,545,0
2022-11-22 11:52:00,545,545,545,545,0
2022-11-22 11:53:00,545,545,545,545,0
2022-11-22 11:54:00,545,545,545,545,0
2022-11-22 11:55:00,545,545,545,545,0
2022-11-22 11:56:00,545,545,545,545,0
2022-11-22 11:57:00,545,545,545,545,0
2022-11-22 11:58:00,545,545,545,545,0
2022-11-22 11:59:00,545,545,545,545,0
2022-11-22 12:00:00,545,545,545,545,0
2022-11-22 12:01:00,545,545,545,545,0
2022-11-22 12:02:00,545,545,545,545,0
2022-11-22 12:03:00,545,545,545,545,0
2022-11-22 12:04:00,545,545,545,545,0
2022-11-22 12:05:00,545,545,545,545,0
2022-11-22 12:06:00,545,545,545,545,0
2022-11-22 12:07:00,545,545,545,545,0
2022-11-22 12:08:00,545,545,545,545,0
2022-11-22 12:09:00,545,545,545,545,0
2022-11-22 12:10:00,545,545,545,545,0
2022-11-22 12:11:00,545,545,545,545,0
2022-11-22 12:12:00,545,545,545,545,0
2022-11-22 12:13:00,545,545,545,545,0
2022-11-22 12:14:00,545,545,545,545,0
2022-11-22 12:15:00,545,545,545,545,0
2022-11-22 12:16:00,545,545,545,545,0
2022-11-22 12:17:00,545,545,545,545,0
2022-11-22 12:18:00,545,545,545,545,0
2022-11-22 12:19:00,545,545,545,545,0
2022-11-22 12:20:00,545,545,545,545,0
2022-11-22 12:21:00,545,545,545,545,0
2022-11-22 12:22:00,545,545,545,545,0
2022-11-22 12:23:00,545,545,545,545,0
2022-11-22 12:24:00,545,545,545,545,0
2022-11-22 12:25:00,545,545,545,545,0
2022-11-22 12:26:00,545,545,545,545,0
2022-11-22 12:27:00,545,545,545,545,0
2022-11-22 12:28:00,545,545,545,545,0
2022-11-22 12:29:00,545,545,545,545,0
2022-11-22 12:30:00,545,545,545,545,0
2022-11-22 12:31:00,545,545,545,545,0
2022-11-22 12:32:00,545,545,545,545,0
2022-11-22 12:33:00,545,545,545,545,0
2022-11-22 12:34:00,545,545,545,545,0
2022-11-22 12:35:00,545,545,545,545,0
2022-11-22 12:36:00,545,545,545,545,0
2022-11-22 12:37:00,545,545,545,545,0
2022-11-22 12:38:00,545,545,545,545,0
2022-11-22 12:39:00,545,545,545,545,0
2022-11-22 12:40:00,545,545,545,545,0
2022-11-22 12:41:00,545,545,545,545,0
2022-11-22 12:42:00,545,545,545,545,0
2022-11-22 12:43:00,545,545,545,545,0
2022-11-22 12:44:00,545,545,545,545,0
2022-11-22 12:45:00,545,545,545,545,0
2022-11-22 12:46:00,545,545,545,545,0
2022-11-22 12:47:00,545,545,545,545,0
2022-11-22 12:48:00,545,545,545,545,0
2022-11-22 12:49:00,545,545,545,545,0
2022-11-22 12:50:00,545,545,545,545,0
2022-11-22 12:51:00,545,545,545,545,0
2022-11-22 12:52:00,545,545,545,545,0
2022-11-22 12:53:00,545,545,545,545,0
2022-11-22 12:54:00,545,545,545,545,0
2022-11-22 12:55:00,545,545,545,545,0
2022-11-22 12:56:00,545,545,545,545,0
2022-11-22 12:57:00,545,545,545,545,0
2022-11-22 12:58:00,545,545,545,545,0
2022-11-22 12:59:00,545,545,545,545,0
2022-11-22 13:00:00,545,545,545,545,0
2022-11-22 13:01:00,545,545,545,545,0
2022-11-22 13:02:00,545,545,545,545,0
2022-11-22 13:03:00,545,545,545,545,0
2022-11-22 13:04:00,545,545,545,545,0
2022-11-22 13:05:00,545,545,545,545,0
2022-11-22 13:06:00,545,545,545,545,0
2022-11-22 13:07:00,545,545,545,545,0
2022-11-22 13:08:00,545,545,545,545,0
2022-11-22 13:09:00,545,545,545,545,0
2022-11-22 13:10:00,545,545,545,545,0
2022-11-22 13:11:00,545,545,545,545,0
2022-11-22 13:12:00,545,545,545,545,0
2022-11-22 13:13:00,545,545,545,545,0
2022-11-22 13:14:00,545,545,545,545,0
2022-11-22 13:15:00,545,545,545,545,0
2022-11-22 13:16:00,545,545,545,545,0
2022-11-22 13:17:00,545,545,545,545,0
2022-11-22 13:18:00,545,545,545,545,0
2022-11-22 13:19:00,545,545,545,545,0
2022-11-22 13:20:00,545,545,545,545,0
2022-11-22 13:21:00,545,545,545,545,0
2022-11-22 13:22:00,545,545,545,545,0
2022-11-22 13:23:00,545,545,545,545,0
2022-11-22 13:24:00,545,545,545,545,0
2022-11-22 13:25:00,545,545,545,545,0
2022-11-22 13:26:00,545,545,545,545,0
2022-11-22 13:27:00,545,545,545,545,0
2022-11-22 13:28:00,545,545,545,545,0
2022-11-22 13:29:00,545,545,545,545,0
2022-11-22 13:30:00,545,545,545,545,300
2022-11-22 13:31:00,545,545,545,545,0
2022-11-22 13:32:00,545,545,545,545,0
2022-11-22 13:33:00,545,545,545,545,0
2022-11-22 13:34:00,545,545,545,545,0
2022-11-22 13:35:00,545,545,545,545,0
2022-11-22 13:36:00,545,545,545,545,0
2022-11-22 13:37:00,545,545,545,545,0
2022-11-22 13:38:00,545,545,545,545,0
2022-11-22 13:39:00,545,545,545,545,0
2022-11-22 13:40:00,545,545,545,545,0
2022-11-22 13:41:00,545,545,545,545,0
2022-11-22 13:42:00,545,545,545,545,0
2022-11-22 13:43:00,545,545,545,545,0
2022-11-22 13:44:00,545,545,545,545,300
2022-11-22 13:45:00,545,545,545,545,0
2022-11-22 13:46:00,545,545,545,545,0
2022-11-22 13:47:00,545,545,545,545,0
2022-11-22 13:48:00,545,545,545,545,0
2022-11-22 13:49:00,545,545,545,545,0
2022-11-22 13:50:00,545,545,545,545,0
2022-11-22 13:51:00,545,545,545,545,0
2022-11-22 13:52:00,545,545,545,545,0
2022-11-22 13:53:00,545,545,545,545,0
2022-11-22 13:54:00,545,545,545,545,0
2022-11-22 13:55:00,540,540,540,540,2400
2022-11-22 13:56:00,540,540,540,540,0
2022-11-22 13:57:00,540,540,540,540,0
2022-11-22 13:58:00,540,540,540,540,29900
2022-11-22 13:59:00,540,540,540,540,0
2022-11-22 14:00:00,535,535,540,540,67300
2022-11-22 14:01:00,535,535,540,540,0
2022-11-22 14:02:00,535,535,540,540,0
2022-11-22 14:03:00,535,535,540,540,0
2022-11-22 14:04:00,535,535,540,540,0
2022-11-22 14:05:00,535,535,540,540,0
2022-11-22 14:06:00,535,535,540,540,0
2022-11-22 14:07:00,535,535,540,540,0
2022-11-22 14:08:00,535,535,540,540,0
2022-11-22 14:09:00,535,535,540,540,0
2022-11-22 14:10:00,540,540,540,540,400
2022-11-22 14:11:00,540,540,540,540,0
2022-11-22 14:12:00,540,540,540,540,0
2022-11-22 14:13:00,540,540,540,540,800
2022-11-22 14:14:00,540,540,540,540,0
2022-11-22 14:15:00,540,540,540,540,0
2022-11-22 14:16:00,540,540,540,540,0
2022-11-22 14:17:00,540,540,540,540,0
2022-11-22 14:18:00,540,540,540,540,0
2022-11-22 14:19:00,540,540,540,540,0
2022-11-22 14:20:00,540,540,540,540,0
2022-11-22 14:21:00,540,540,540,540,0
2022-11-22 14:22:00,540,540,540,540,0
2022-11-22 14:23:00,540,540,540,540,0
2022-11-22 14:24:00,540,540,540,540,0
2022-11-22 14:25:00,540,540,540,540,0
2022-11-22 14:26:00,540,540,540,540,0
2022-11-22 14:27:00,540,540,540,540,0
2022-11-22 14:28:00,540,540,540,540,0
2022-11-22 14:29:00,540,540,540,540,0
2022-11-22 14:30:00,540,540,540,540,0
2022-11-22 14:31:00,540,540,540,540,0
2022-11-22 14:32:00,540,540,540,540,0
2022-11-22 14:33:00,540,540,540,540,0
2022-11-22 14:34:00,540,540,540,540,0
2022-11-22 14:35:00,540,540,540,540,0
2022-11-22 14:36:00,540,540,540,540,300
2022-11-22 14:37:00,540,540,540,540,0
2022-11-22 14:38:00,540,540,540,540,0
2022-11-22 14:39:00,540,540,540,540,1000
2022-11-22 14:40:00,540,540,540,540,4000
2022-11-22 14:41:00,540,540,540,540,0
2022-11-22 14:42:00,540,540,540,540,0
2022-11-22 14:43:00,540,540,540,540,0
2022-11-22 14:44:00,540,540,540,540,200
2022-11-22 14:45:00,540,540,540,540,0
2022-11-22 14:46:00,540,540,540,540,700
2022-11-22 14:47:00,540,540,540,540,500
2022-11-22 14:48:00,540,540,540,540,100
2022-11-22 14:49:00,540,540,540,540,1900
2022-11-22 14:50:00,540,540,540,540,0
2022-11-22 14:51:00,540,540,540,540,0
2022-11-22 14:52:00,540,540,540,540,0
2022-11-22 14:53:00,540,540,540,540,0
2022-11-22 14:54:00,540,540,540,540,0
2022-11-22 14:55:00,540,540,540,540,0
2022-11-22 14:56:00,540,540,540,540,0
2022-11-22 14:57:00,540,540,540,540,0
2022-11-22 14:58:00,540,540,540,540,0
2022-11-22 14:59:00,540,540,540,540,0
2022-11-22 15:00:00,540,540,540,540,252300
2022-11-22 15:01:00,540,540,540,540,0
2022-11-22 15:02:00,540,540,540,540,0
2022-11-22 15:03:00,540,540,540,540,0
2022-11-22 15:04:00,540,540,540,540,0
2022-11-22 15:05:00,540,540,540,540,0
2022-11-22 15:06:00,540,540,540,540,0
2022-11-22 15:07:00,540,540,540,540,0
2022-11-22 15:08:00,540,540,540,540,0
2022-11-22 15:09:00,540,540,540,540,0
2022-11-22 15:10:00,540,540,540,540,0
2022-11-22 15:11:00,540,540,540,540,0
2022-11-22 15:12:00,540,540,540,540,0
2022-11-22 15:13:00,540,540,540,540,0
2022-11-22 15:14:00,540,540,540,540,0
2022-11-22 15:15:00,540,540,540,540,0
2022-11-22 15:16:00,540,540,540,540,0
2022-11-22 15:17:00,540,540,540,540,0
2022-11-22 15:18:00,540,540,540,540,0
2022-11-22 15:19:00,540,540,540,540,0
2022-11-22 15:20:00,540,540,540,540,0
2022-11-22 15:21:00,540,540,540,540,0
2022-11-22 15:22:00,540,540,540,540,0
2022-11-22 15:23:00,540,540,540,540,0
2022-11-22 15:24:00,540,540,540,540,0
2022-11-22 15:25:00,540,540,540,540,0
2022-11-22 15:26:00,540,540,540,540,0
2022-11-22 15:27:00,540,540,540,540,0
2022-11-22 15:28:00,540,540,540,540,0
2022-11-22 15:29:00,540,540,540,540,0
2022-11-22 15:30:00,540,540,540,540,0
2022-11-22 15:31:00,540,540,540,540,0
2022-11-22 15:32:00,540,540,540,540,0
2022-11-22 15:33:00,540,540,540,540,0
2022-11-22 15:34:00,540,540,540,540,0
2022-11-22 15:35:00,540,540,540,540,0
2022-11-22 15:36:00,540,540,540,540,0
2022-11-22 15:37:00,540,540,540,540,0
2022-11-22 15:38:00,540,540,540,540,0
2022-11-22 15:39:00,540,540,540,540,0
2022-11-22 15:40:00,540,540,540,540,0
2022-11-22 15:41:00,540,540,540,540,0
2022-11-22 15:42:00,540,540,540,540,0
2022-11-22 15:43:00,540,540,540,540,0
2022-11-22 15:44:00,540,540,540,540,0
2022-11-22 15:45:00,540,540,540,540,0
2022-11-22 15:46:00,540,540,540,540,0
2022-11-22 15:47:00,540,540,540,540,0
2022-11-22 15:48:00,540,540,540,540,0
2022-11-22 15:49:00,540,540,540,540,0
2022-11-22 15:50:00,540,540,540,540,0
2022-11-22 15:51:00,540,540,540,540,0
2022-11-22 15:52:00,540,540,540,540,0
2022-11-22 15:53:00,540,540,540,540,0
2022-11-22 15:54:00,540,540,540,540,0
2022-11-22 15:55:00,540,540,540,540,0
2022-11-22 15:56:00,540,540,540,540,0
2022-11-22 15:57:00,540,540,540,540,0
2022-11-22 15:58:00,540,540,540,540,0
2022-11-22 15:59:00,540,540,540,540,0
2022-11-23 09:00:00,540,540,540,540,0
2022-11-23 09:01:00,540,540,540,540,0
2022-11-23 09:02:00,540,540,540,540,0
2022-11-23 09:03:00,540,540,540,540,0
2022-11-23 09:04:00,540,540,540,540,0
2022-11-23 09:05:00,535,535,535,535,0
2022-11-23 09:06:00,540,540,540,540,0
2022-11-23 09:07:00,540,540,540,540,0
2022-11-23 09:08:00,540,540,540,540,100
2022-11-23 09:09:00,540,540,540,540,0
2022-11-23 09:10:00,540,540,540,540,0
2022-11-23 09:11:00,540,540,540,540,0
2022-11-23 09:12:00,540,540,540,540,0
2022-11-23 09:13:00,540,540,540,540,0
2022-11-23 09:14:00,540,540,540,540,0
2022-11-23 09:15:00,540,540,540,540,0
2022-11-23 09:16:00,540,540,540,540,0
2022-11-23 09:17:00,540,540,540,540,0
2022-11-23 09:18:00,540,540,540,540,0
2022-11-23 09:19:00,540,540,540,540,1000
2022-11-23 09:20:00,540,540,540,540,0
2022-11-23 09:21:00,540,540,540,540,0
2022-11-23 09:22:00,540,540,540,540,0
2022-11-23 09:23:00,540,540,540,540,0
2022-11-23 09:24:00,540,540,540,540,0
2022-11-23 09:25:00,540,540,540,540,0
2022-11-23 09:26:00,540,540,540,540,0
2022-11-23 09:27:00,540,540,540,540,0
2022-11-23 09:28:00,540,540,540,540,0
2022-11-23 09:29:00,540,540,540,540,0
2022-11-23 09:30:00,540,540,540,540,0
2022-11-23 09:31:00,540,540,540,540,0
2022-11-23 09:32:00,540,540,540,540,0
2022-11-23 09:33:00,540,540,540,540,0
2022-11-23 09:34:00,540,540,540,540,0
2022-11-23 09:35:00,540,540,540,540,0
2022-11-23 09:36:00,540,540,540,540,0
2022-11-23 09:37:00,540,540,540,540,0
2022-11-23 09:38:00,540,540,540,540,0
2022-11-23 09:39:00,540,540,540,540,0
2022-11-23 09:40:00,540,540,540,540,125000
2022-11-23 09:41:00,540,540,540,540,0
2022-11-23 09:42:00,540,540,540,540,0
2022-11-23 09:43:00,535,535,540,540,6100
2022-11-23 09:44:00,535,535,540,540,0
2022-11-23 09:45:00,535,535,540,540,0
2022-11-23 09:46:00,535,535,540,540,0
2022-11-23 09:47:00,535,535,540,540,0
2022-11-23 09:48:00,535,535,540,540,0
2022-11-23 09:49:00,535,535,540,540,0
2022-11-23 09:50:00,535,535,540,540,0
2022-11-23 09:51:00,540,540,540,540,500
2022-11-23 09:52:00,540,540,540,540,0
2022-11-23 09:53:00,540,540,540,540,0
2022-11-23 09:54:00,540,540,540,540,100000
2022-11-23 09:55:00,540,540,540,540,0
2022-11-23 09:56:00,540,540,540,540,0
2022-11-23 09:57:00,540,540,540,540,0
2022-11-23 09:58:00,540,540,540,540,0
2022-11-23 09:59:00,540,540,540,540,0
2022-11-23 10:00:00,540,540,540,540,0
2022-11-23 10:01:00,540,540,540,540,0
2022-11-23 10:02:00,540,540,540,540,0
2022-11-23 10:03:00,540,540,540,540,0
2022-11-23 10:04:00,540,540,540,540,0
2022-11-23 10:05:00,540,540,540,540,0
2022-11-23 10:06:00,535,535,540,540,40500
2022-11-23 10:07:00,535,535,540,540,0
2022-11-23 10:08:00,535,535,540,540,0
2022-11-23 10:09:00,535,535,535,535,5600
2022-11-23 10:10:00,540,540,540,540,700
2022-11-23 10:11:00,535,535,540,540,1500
2022-11-23 10:12:00,540,540,540,540,1200
2022-11-23 10:13:00,540,540,540,540,0
2022-11-23 10:14:00,540,540,540,540,0
2022-11-23 10:15:00,540,540,540,540,0
2022-11-23 10:16:00,540,540,540,540,0
2022-11-23 10:17:00,540,540,540,540,0
2022-11-23 10:18:00,540,540,540,540,0
2022-11-23 10:19:00,540,540,540,540,0
2022-11-23 10:20:00,535,535,535,535,1500
2022-11-23 10:21:00,540,535,540,535,1100
2022-11-23 10:22:00,540,540,540,540,100
2022-11-23 10:23:00,540,540,540,540,900
2022-11-23 10:24:00,540,540,540,540,0
2022-11-23 10:25:00,540,540,540,540,0
2022-11-23 10:26:00,540,540,540,540,0
2022-11-23 10:27:00,540,540,540,540,0
2022-11-23 10:28:00,535,535,535,535,11200
2022-11-23 10:29:00,535,535,535,535,0
2022-11-23 10:30:00,535,535,540,540,1100
2022-11-23 10:31:00,540,540,540,540,0
2022-11-23 10:32:00,540,540,540,540,0
2022-11-23 10:33:00,540,540,540,540,0
2022-11-23 10:34:00,540,540,540,540,0
2022-11-23 10:35:00,540,540,540,540,0
2022-11-23 10:36:00,540,540,540,540,0
2022-11-23 10:37:00,540,540,540,540,0
2022-11-23 10:38:00,540,540,540,540,0
2022-11-23 10:39:00,540,540,540,540,0
2022-11-23 10:40:00,540,540,540,540,0
2022-11-23 10:41:00,540,540,540,540,0
2022-11-23 10:42:00,540,540,540,540,0
2022-11-23 10:43:00,540,540,540,540,0
2022-11-23 10:44:00,540,540,540,540,0
2022-11-23 10:45:00,540,540,540,540,0
2022-11-23 10:46:00,540,540,540,540,0
2022-11-23 10:47:00,540,540,540,540,0
2022-11-23 10:48:00,540,540,540,540,0
2022-11-23 10:49:00,540,540,540,540,800
2022-11-23 10:50:00,540,540,540,540,0
2022-11-23 10:51:00,540,540,540,540,0
2022-11-23 10:52:00,535,535,535,535,2300
2022-11-23 10:53:00,540,540,540,540,0
2022-11-23 10:54:00,540,540,540,540,0
2022-11-23 10:55:00,540,540,540,540,0
2022-11-23 10:56:00,540,540,540,540,0
2022-11-23 10:57:00,540,540,540,540,0
2022-11-23 10:58:00,540,540,540,540,0
2022-11-23 10:59:00,540,540,540,540,0
2022-11-23 11:00:00,540,540,540,540,300
2022-11-23 11:01:00,540,540,540,540,0
2022-11-23 11:02:00,540,540,540,540,0
2022-11-23 11:03:00,540,540,540,540,0
2022-11-23 11:04:00,540,540,540,540,0
2022-11-23 11:05:00,540,540,540,540,0
2022-11-23 11:06:00,540,540,540,540,0
2022-11-23 11:07:00,540,540,540,540,0
2022-11-23 11:08:00,540,540,540,540,0
2022-11-23 11:09:00,540,540,540,540,0
2022-11-23 11:10:00,540,540,540,540,0
2022-11-23 11:11:00,540,540,540,540,0
2022-11-23 11:12:00,540,540,540,540,0
2022-11-23 11:13:00,540,540,540,540,0
2022-11-23 11:14:00,540,540,540,540,0
2022-11-23 11:15:00,540,540,540,540,0
2022-11-23 11:16:00,540,540,540,540,0
2022-11-23 11:17:00,540,540,540,540,0
2022-11-23 11:18:00,540,540,540,540,0
2022-11-23 11:19:00,540,540,540,540,0
2022-11-23 11:20:00,540,540,540,540,0
2022-11-23 11:21:00,540,540,540,540,0
2022-11-23 11:22:00,540,540,540,540,0
2022-11-23 11:23:00,540,540,540,540,0
2022-11-23 11:24:00,540,540,540,540,0
2022-11-23 11:25:00,540,540,540,540,0
2022-11-23 11:26:00,540,540,540,540,600
2022-11-23 11:27:00,540,540,540,540,0
2022-11-23 11:28:00,540,540,540,540,0
2022-11-23 11:29:00,540,540,540,540,400
2022-11-23 11:30:00,540,540,540,540,0
2022-11-23 11:31:00,540,540,540,540,0
2022-11-23 11:32:00,540,540,540,540,0
2022-11-23 11:33:00,540,540,540,540,0
2022-11-23 11:34:00,540,540,540,540,0
2022-11-23 11:35:00,540,540,540,540,0
2022-11-23 11:36:00,540,540,540,540,0
2022-11-23 11:37:00,540,540,540,540,0
2022-11-23 11:38:00,540,540,540,540,0
2022-11-23 11:39:00,540,540,540,540,0
2022-11-23 11:40:00,540,540,540,540,0
2022-11-23 11:41:00,540,540,540,540,0
2022-11-23 11:42:00,540,540,540,540,0
2022-11-23 11:43:00,540,540,540,540,0
2022-11-23 11:44:00,540,540,540,540,0
2022-11-23 11:45:00,540,540,540,540,0
2022-11-23 11:46:00,540,540,540,540,0
2022-11-23 11:47:00,540,540,540,540,0
2022-11-23 11:48:00,540,540,540,540,0
2022-11-23 11:49:00,540,540,540,540,0
2022-11-23 11:50:00,540,540,540,540,0
2022-11-23 11:51:00,540,540,540,540,0
2022-11-23 11:52:00,540,540,540,540,0
2022-11-23 11:53:00,540,540,540,540,0
2022-11-23 11:54:00,540,540,540,540,0
2022-11-23 11:55:00,540,540,540,540,0
2022-11-23 11:56:00,540,540,540,540,0
2022-11-23 11:57:00,540,540,540,540,0
2022-11-23 11:58:00,540,540,540,540,0
2022-11-23 11:59:00,540,540,540,540,0
2022-11-23 12:00:00,540,540,540,540,0
2022-11-23 12:01:00,540,540,540,540,0
2022-11-23 12:02:00,540,540,540,540,0
2022-11-23 12:03:00,540,540,540,540,0
2022-11-23 12:04:00,540,540,540,540,0
2022-11-23 12:05:00,540,540,540,540,0
2022-11-23 12:06:00,540,540,540,540,0
2022-11-23 12:07:00,540,540,540,540,0
2022-11-23 12:08:00,540,540,540,540,0
2022-11-23 12:09:00,540,540,540,540,0
2022-11-23 12:10:00,540,540,540,540,0
2022-11-23 12:11:00,540,540,540,540,0
2022-11-23 12:12:00,540,540,540,540,0
2022-11-23 12:13:00,540,540,540,540,0
2022-11-23 12:14:00,540,540,540,540,0
2022-11-23 12:15:00,540,540,540,540,0
2022-11-23 12:16:00,540,540,540,540,0
2022-11-23 12:17:00,540,540,540,540,0
2022-11-23 12:18:00,540,540,540,540,0
2022-11-23 12:19:00,540,540,540,540,0
2022-11-23 12:20:00,540,540,540,540,0
2022-11-23 12:21:00,540,540,540,540,0
2022-11-23 12:22:00,540,540,540,540,0
2022-11-23 12:23:00,540,540,540,540,0
2022-11-23 12:24:00,540,540,540,540,0
2022-11-23 12:25:00,540,540,540,540,0
2022-11-23 12:26:00,540,540,540,540,0
2022-11-23 12:27:00,540,540,540,540,0
2022-11-23 12:28:00,540,540,540,540,0
2022-11-23 12:29:00,540,540,540,540,0
2022-11-23 12:30:00,540,540,540,540,0
2022-11-23 12:31:00,540,540,540,540,0
2022-11-23 12:32:00,540,540,540,540,0
2022-11-23 12:33:00,540,540,540,540,0
2022-11-23 12:34:00,540,540,540,540,0
2022-11-23 12:35:00,540,540,540,540,0
2022-11-23 12:36:00,540,540,540,540,0
2022-11-23 12:37:00,540,540,540,540,0
2022-11-23 12:38:00,540,540,540,540,0
2022-11-23 12:39:00,540,540,540,540,0
2022-11-23 12:40:00,540,540,540,540,0
2022-11-23 12:41:00,540,540,540,540,0
2022-11-23 12:42:00,540,540,540,540,0
2022-11-23 12:43:00,540,540,540,540,0
2022-11-23 12:44:00,540,540,540,540,0
2022-11-23 12:45:00,540,540,540,540,0
2022-11-23 12:46:00,540,540,540,540,0
2022-11-23 12:47:00,540,540,540,540,0
2022-11-23 12:48:00,540,540,540,540,0
2022-11-23 12:49:00,540,540,540,540,0
2022-11-23 12:50:00,540,540,540,540,0
2022-11-23 12:51:00,540,540,540,540,0
2022-11-23 12:52:00,540,540,540,540,0
2022-11-23 12:53:00,540,540,540,540,0
2022-11-23 12:54:00,540,540,540,540,0
2022-11-23 12:55:00,540,540,540,540,0
2022-11-23 12:56:00,540,540,540,540,0
2022-11-23 12:57:00,540,540,540,540,0
2022-11-23 12:58:00,540,540,540,540,0
2022-11-23 12:59:00,540,540,540,540,0
2022-11-23 13:00:00,540,540,540,540,0
2022-11-23 13:01:00,540,540,540,540,0
2022-11-23 13:02:00,540,540,540,540,0
2022-11-23 13:03:00,540,540,540,540,0
2022-11-23 13:04:00,540,540,540,540,0
2022-11-23 13:05:00,540,540,540,540,0
2022-11-23 13:06:00,540,540,540,540,0
2022-11-23 13:07:00,540,540,540,540,0
2022-11-23 13:08:00,540,540,540,540,0
2022-11-23 13:09:00,540,540,540,540,0
2022-11-23 13:10:00,540,540,540,540,0
2022-11-23 13:11:00,540,540,540,540,0
2022-11-23 13:12:00,540,540,540,540,0
2022-11-23 13:13:00,540,540,540,540,0
2022-11-23 13:14:00,540,540,540,540,0
2022-11-23 13:15:00,540,540,540,540,0
2022-11-23 13:16:00,540,540,540,540,0
2022-11-23 13:17:00,540,540,540,540,0
2022-11-23 13:18:00,540,540,540,540,0
2022-11-23 13:19:00,540,540,540,540,0
2022-11-23 13:20:00,540,540,540,540,0
2022-11-23 13:21:00,540,540,540,540,0
2022-11-23 13:22:00,540,540,540,540,0
2022-11-23 13:23:00,540,540,540,540,0
2022-11-23 13:24:00,540,540,540,540,0
2022-11-23 13:25:00,540,540,540,540,0
2022-11-23 13:26:00,540,540,540,540,0
2022-11-23 13:27:00,540,540,540,540,0
2022-11-23 13:28:00,540,540,540,540,0
2022-11-23 13:29:00,540,540,540,540,0
2022-11-23 13:30:00,535,535,540,540,1800
2022-11-23 13:31:00,535,535,540,540,0
2022-11-23 13:32:00,535,535,540,540,0
2022-11-23 13:33:00,535,535,540,540,0
2022-11-23 13:34:00,535,535,540,540,0
2022-11-23 13:35:00,535,535,540,540,0
2022-11-23 13:36:00,540,540,540,540,105900
2022-11-23 13:37:00,540,540,540,540,0
2022-11-23 13:38:00,540,540,540,540,0
2022-11-23 13:39:00,535,530,535,530,100400
2022-11-23 13:40:00,530,530,530,530,12000
2022-11-23 13:41:00,530,530,530,530,0
2022-11-23 13:42:00,530,530,540,540,274800
2022-11-23 13:43:00,530,530,540,540,0
2022-11-23 13:44:00,540,540,540,540,0
2022-11-23 13:45:00,540,540,540,540,0
2022-11-23 13:46:00,540,540,540,540,0
2022-11-23 13:47:00,540,540,540,540,0
2022-11-23 13:48:00,540,540,540,540,0
2022-11-23 13:49:00,540,540,540,540,0
2022-11-23 13:50:00,540,540,540,540,0
2022-11-23 13:51:00,540,540,540,540,0
2022-11-23 13:52:00,540,540,540,540,0
2022-11-23 13:53:00,540,540,540,540,0
2022-11-23 13:54:00,540,540,540,540,0
2022-11-23 13:55:00,540,540,540,540,0
2022-11-23 13:56:00,540,540,540,540,0
2022-11-23 13:57:00,540,540,540,540,0
2022-11-23 13:58:00,540,540,540,540,0
2022-11-23 13:59:00,540,540,540,540,0
2022-11-23 14:00:00,540,540,540,540,0
2022-11-23 14:01:00,540,540,540,540,0
2022-11-23 14:02:00,540,540,540,540,0
2022-11-23 14:03:00,540,540,540,540,0
2022-11-23 14:04:00,540,540,540,540,0
2022-11-23 14:05:00,540,540,540,540,0
2022-11-23 14:06:00,540,540,540,540,0
2022-11-23 14:07:00,540,540,540,540,0
2022-11-23 14:08:00,540,540,540,540,0
2022-11-23 14:09:00,540,540,540,540,0
2022-11-23 14:10:00,540,540,540,540,0
2022-11-23 14:11:00,540,540,540,540,0
2022-11-23 14:12:00,540,540,540,540,300
2022-11-23 14:13:00,540,540,540,540,0
2022-11-23 14:14:00,540,540,540,540,0
2022-11-23 14:15:00,540,540,540,540,0
2022-11-23 14:16:00,540,540,540,540,0
2022-11-23 14:17:00,540,540,540,540,0
2022-11-23 14:18:00,540,540,540,540,0
2022-11-23 14:19:00,540,540,540,540,0
2022-11-23 14:20:00,540,540,540,540,0
2022-11-23 14:21:00,540,540,540,540,0
2022-11-23 14:22:00,540,540,540,540,0
2022-11-23 14:23:00,540,540,540,540,0
2022-11-23 14:24:00,540,540,540,540,0
2022-11-23 14:25:00,540,540,540,540,1000
2022-11-23 14:26:00,540,540,540,540,0
2022-11-23 14:27:00,540,540,540,540,0
2022-11-23 14:28:00,540,540,540,540,0
2022-11-23 14:29:00,540,540,540,540,0
2022-11-23 14:30:00,540,540,540,540,300
2022-11-23 14:31:00,535,535,540,540,700
2022-11-23 14:32:00,535,535,540,540,0
2022-11-23 14:33:00,535,535,540,540,0
2022-11-23 14:34:00,535,535,540,540,800
2022-11-23 14:35:00,535,535,540,540,3900
2022-11-23 14:36:00,540,540,540,540,0
2022-11-23 14:37:00,540,540,540,540,0
2022-11-23 14:38:00,540,540,540,540,0
2022-11-23 14:39:00,540,540,540,540,0
2022-11-23 14:40:00,540,540,540,540,2000
2022-11-23 14:41:00,540,540,540,540,0
2022-11-23 14:42:00,540,540,540,540,0
2022-11-23 14:43:00,535,535,540,540,2200
2022-11-23 14:44:00,535,535,540,540,0
2022-11-23 14:45:00,535,535,540,540,0
2022-11-23 14:46:00,535,535,540,540,0
2022-11-23 14:47:00,535,535,540,540,0
2022-11-23 14:48:00,540,540,540,540,200
2022-11-23 14:49:00,540,540,540,540,1500
2022-11-23 14:50:00,540,540,540,540,0
2022-11-23 14:51:00,540,540,540,540,0
2022-11-23 14:52:00,540,540,540,540,0
2022-11-23 14:53:00,540,540,540,540,0
2022-11-23 14:54:00,540,540,540,540,0
2022-11-23 14:55:00,540,540,540,540,0
2022-11-23 14:56:00,540,540,540,540,0
2022-11-23 14:57:00,540,540,540,540,0
2022-11-23 14:58:00,540,540,540,540,0
2022-11-23 14:59:00,540,540,540,540,0
2022-11-23 15:00:00,540,540,540,540,907000
2022-11-23 15:01:00,540,540,540,540,0
2022-11-23 15:02:00,540,540,540,540,0
2022-11-23 15:03:00,540,540,540,540,0
2022-11-23 15:04:00,540,540,540,540,0
2022-11-23 15:05:00,540,540,540,540,0
2022-11-23 15:06:00,540,540,540,540,0
2022-11-23 15:07:00,540,540,540,540,0
2022-11-23 15:08:00,540,540,540,540,0
2022-11-23 15:09:00,540,540,540,540,0
2022-11-23 15:10:00,540,540,540,540,0
2022-11-23 15:11:00,540,540,540,540,0
2022-11-23 15:12:00,540,540,540,540,0
2022-11-23 15:13:00,540,540,540,540,0
2022-11-23 15:14:00,540,540,540,540,0
2022-11-23 15:15:00,540,540,540,540,0
2022-11-23 15:16:00,540,540,540,540,0
2022-11-23 15:17:00,540,540,540,540,0
2022-11-23 15:18:00,540,540,540,540,0
2022-11-23 15:19:00,540,540,540,540,0
2022-11-23 15:20:00,540,540,540,540,0
2022-11-23 15:21:00,540,540,540,540,0
2022-11-23 15:22:00,540,540,540,540,0
2022-11-23 15:23:00,540,540,540,540,0
2022-11-23 15:24:00,540,540,540,540,0
2022-11-23 15:25:00,540,540,540,540,0
2022-11-23 15:26:00,540,540,540,540,0
2022-11-23 15:27:00,540,540,540,540,0
2022-11-23 15:28:00,540,540,540,540,0
2022-11-23 15:29:00,540,540,540,540,0
2022-11-23 15:30:00,540,540,540,540,0
2022-11-23 15:31:00,540,540,540,540,0
2022-11-23 15:32:00,540,540,540,540,0
2022-11-23 15:33:00,540,540,540,540,0
2022-11-23 15:34:00,540,540,540,540,0
2022-11-23 15:35:00,540,540,540,540,0
2022-11-23 15:36:00,540,540,540,540,0
2022-11-23 15:37:00,540,540,540,540,0
2022-11-23 15:38:00,540,540,540,540,0
2022-11-23 15:39:00,540,540,540,540,0
2022-11-23 15:40:00,540,540,540,540,0
2022-11-23 15:41:00,540,540,540,540,0
2022-11-23 15:42:00,540,540,540,540,0
2022-11-23 15:43:00,540,540,540,540,0
2022-11-23 15:44:00,540,540,540,540,0
2022-11-23 15:45:00,540,540,540,540,0
2022-11-23 15:46:00,540,540,540,540,0
2022-11-23 15:47:00,540,540,540,540,0
2022-11-23 15:48:00,540,540,540,540,0
2022-11-23 15:49:00,540,540,540,540,0
2022-11-23 15:50:00,540,540,540,540,0
2022-11-23 15:51:00,540,540,540,540,0
2022-11-23 15:52:00,540,540,540,540,0
2022-11-23 15:53:00,540,540,540,540,0
2022-11-23 15:54:00,540,540,540,540,0
2022-11-23 15:55:00,540,540,540,540,0
2022-11-23 15:56:00,540,540,540,540,0
2022-11-23 15:57:00,540,540,540,540,0
2022-11-23 15:58:00,540,540,540,540,0
2022-11-23 15:59:00,540,540,540,540,0
2022-11-24 09:00:00,540,540,540,540,0
2022-11-24 09:01:00,540,540,540,540,0
2022-11-24 09:02:00,540,540,540,540,0
2022-11-24 09:03:00,540,540,540,540,0
2022-11-24 09:04:00,540,540,540,540,0
2022-11-24 09:05:00,540,540,540,540,0
2022-11-24 09:06:00,540,540,540,540,0
2022-11-24 09:07:00,540,540,540,540,0
2022-11-24 09:08:00,540,540,540,540,0
2022-11-24 09:09:00,540,540,540,540,0
2022-11-24 09:10:00,540,540,540,540,700
2022-11-24 09:11:00,540,540,540,540,0
2022-11-24 09:12:00,540,540,540,540,0
2022-11-24 09:13:00,535,535,540,540,600
2022-11-24 09:14:00,535,535,540,540,0
2022-11-24 09:15:00,535,535,540,540,0
2022-11-24 09:16:00,535,535,540,540,0
2022-11-24 09:17:00,535,535,540,540,0
2022-11-24 09:18:00,535,535,540,540,0
2022-11-24 09:19:00,535,535,540,540,0
2022-11-24 09:20:00,535,535,540,540,0
2022-11-24 09:21:00,535,535,540,540,0
2022-11-24 09:22:00,535,535,540,540,0
2022-11-24 09:23:00,535,535,540,540,0
2022-11-24 09:24:00,535,535,540,540,0
2022-11-24 09:25:00,535,535,540,540,0
2022-11-24 09:26:00,535,535,540,540,0
2022-11-24 09:27:00,535,535,540,540,0
2022-11-24 09:28:00,535,535,540,540,0
2022-11-24 09:29:00,540,540,540,540,400
2022-11-24 09:30:00,540,540,540,540,0
2022-11-24 09:31:00,540,540,540,540,0
2022-11-24 09:32:00,540,540,540,540,0
2022-11-24 09:33:00,540,540,540,540,0
2022-11-24 09:34:00,540,540,540,540,0
2022-11-24 09:35:00,540,540,540,540,0
2022-11-24 09:36:00,540,540,540,540,0
2022-11-24 09:37:00,540,540,540,540,0
2022-11-24 09:38:00,540,540,540,540,0
2022-11-24 09:39:00,540,540,540,540,0
2022-11-24 09:40:00,540,540,540,540,0
2022-11-24 09:41:00,540,540,540,540,0
2022-11-24 09:42:00,540,540,540,540,0
2022-11-24 09:43:00,540,540,540,540,0
2022-11-24 09:44:00,540,540,540,540,0
2022-11-24 09:45:00,540,540,540,540,0
2022-11-24 09:46:00,540,540,540,540,0
2022-11-24 09:47:00,540,540,540,540,0
2022-11-24 09:48:00,540,540,540,540,0
2022-11-24 09:49:00,540,540,540,540,0
2022-11-24 09:50:00,540,540,540,540,0
2022-11-24 09:51:00,540,540,540,540,0
2022-11-24 09:52:00,540,540,540,540,0
2022-11-24 09:53:00,540,540,540,540,0
2022-11-24 09:54:00,540,540,540,540,0
2022-11-24 09:55:00,540,540,540,540,0
2022-11-24 09:56:00,540,540,540,540,0
2022-11-24 09:57:00,540,540,540,540,0
2022-11-24 09:58:00,540,540,540,540,0
2022-11-24 09:59:00,540,540,540,540,0
2022-11-24 10:00:00,540,540,540,540,0
2022-11-24 10:01:00,540,540,540,540,0
2022-11-24 10:02:00,540,540,540,540,0
2022-11-24 10:03:00,540,540,540,540,0
2022-11-24 10:04:00,540,540,540,540,0
2022-11-24 10:05:00,540,540,540,540,0
2022-11-24 10:06:00,540,540,540,540,0
2022-11-24 10:07:00,540,540,540,540,0
2022-11-24 10:08:00,540,540,540,540,600
2022-11-24 10:09:00,535,535,535,535,3200
2022-11-24 10:10:00,540,540,540,540,300
2022-11-24 10:11:00,540,540,540,540,0
2022-11-24 10:12:00,540,540,540,540,0
2022-11-24 10:13:00,540,540,540,540,0
2022-11-24 10:14:00,540,540,540,540,0
2022-11-24 10:15:00,540,540,540,540,1000
2022-11-24 10:16:00,540,540,540,540,0
2022-11-24 10:17:00,540,540,540,540,0
2022-11-24 10:18:00,540,540,540,540,0
2022-11-24 10:19:00,540,540,540,540,0
2022-11-24 10:20:00,540,540,540,540,0
2022-11-24 10:21:00,540,540,540,540,0
2022-11-24 10:22:00,540,540,540,540,0
2022-11-24 10:23:00,540,540,540,540,0
2022-11-24 10:24:00,540,540,540,540,0
2022-11-24 10:25:00,540,540,540,540,0
2022-11-24 10:26:00,540,540,540,540,0
2022-11-24 10:27:00,540,540,540,540,0
2022-11-24 10:28:00,540,540,540,540,0
2022-11-24 10:29:00,540,540,540,540,0
2022-11-24 10:30:00,540,540,540,540,0
2022-11-24 10:31:00,540,540,540,540,0
2022-11-24 10:32:00,540,540,540,540,200
2022-11-24 10:33:00,540,540,540,540,0
2022-11-24 10:34:00,540,540,540,540,0
2022-11-24 10:35:00,540,540,540,540,0
2022-11-24 10:36:00,540,540,540,540,0
2022-11-24 10:37:00,540,540,540,540,0
2022-11-24 10:38:00,540,540,540,540,0
2022-11-24 10:39:00,540,540,540,540,0
2022-11-24 10:40:00,540,540,540,540,0
2022-11-24 10:41:00,540,540,540,540,0
2022-11-24 10:42:00,535,535,540,540,37900
2022-11-24 10:43:00,535,535,540,540,0
2022-11-24 10:44:00,535,535,540,540,0
2022-11-24 10:45:00,535,535,540,540,0
2022-11-24 10:46:00,535,535,540,540,0
2022-11-24 10:47:00,535,535,540,540,0
2022-11-24 10:48:00,535,535,540,540,0
2022-11-24 10:49:00,535,535,540,540,0
2022-11-24 10:50:00,535,535,540,540,0
2022-11-24 10:51:00,535,535,540,540,0
2022-11-24 10:52:00,535,535,540,540,0
2022-11-24 10:53:00,535,535,540,540,0
2022-11-24 10:54:00,535,535,540,540,0
2022-11-24 10:55:00,535,535,540,540,0
2022-11-24 10:56:00,535,535,540,540,0
2022-11-24 10:57:00,535,535,540,540,0
2022-11-24 10:58:00,535,535,540,540,0
2022-11-24 10:59:00,535,535,540,540,0
2022-11-24 11:00:00,535,535,540,540,0
2022-11-24 11:01:00,535,535,540,540,0
2022-11-24 11:02:00,535,535,540,540,0
2022-11-24 11:03:00,535,535,540,540,0
2022-11-24 11:04:00,535,535,540,540,0
2022-11-24 11:05:00,535,535,540,540,0
2022-11-24 11:06:00,540,540,540,540,300
2022-11-24 11:07:00,540,540,540,540,0
2022-11-24 11:08:00,540,540,540,540,0
2022-11-24 11:09:00,540,540,540,540,0
2022-11-24 11:10:00,540,540,540,540,0
2022-11-24 11:11:00,540,540,540,540,0
2022-11-24 11:12:00,540,540,540,540,0
2022-11-24 11:13:00,540,540,540,540,0
2022-11-24 11:14:00,540,540,540,540,0
2022-11-24 11:15:00,540,540,540,540,400
2022-11-24 11:16:00,540,540,540,540,0
2022-11-24 11:17:00,540,540,540,540,0
2022-11-24 11:18:00,540,540,540,540,0
2022-11-24 11:19:00,540,540,540,540,0
2022-11-24 11:20:00,540,540,540,540,0
2022-11-24 11:21:00,540,540,540,540,0
2022-11-24 11:22:00,540,540,540,540,0
2022-11-24 11:23:00,540,540,540,540,0
2022-11-24 11:24:00,540,540,540,540,0
2022-11-24 11:25:00,540,540,540,540,0
2022-11-24 11:26:00,540,540,540,540,200
2022-11-24 11:27:00,540,540,540,540,0
2022-11-24 11:28:00,540,540,540,540,0
2022-11-24 11:29:00,540,540,540,540,400
2022-11-24 11:30:00,540,540,540,540,0
2022-11-24 11:31:00,540,540,540,540,0
2022-11-24 11:32:00,540,540,540,540,0
2022-11-24 11:33:00,540,540,540,540,0
2022-11-24 11:34:00,540,540,540,540,0
2022-11-24 11:35:00,540,540,540,540,0
2022-11-24 11:36:00,540,540,540,540,0
2022-11-24 11:37:00,540,540,540,540,0
2022-11-24 11:38:00,540,540,540,540,0
2022-11-24 11:39:00,540,540,540,540,0
2022-11-24 11:40:00,540,540,540,540,0
2022-11-24 11:41:00,540,540,540,540,0
2022-11-24 11:42:00,540,540,540,540,0
2022-11-24 11:43:00,540,540,540,540,0
2022-11-24 11:44:00,540,540,540,540,0
2022-11-24 11:45:00,540,540,540,540,0
2022-11-24 11:46:00,540,540,540,540,0
2022-11-24 11:47:00,540,540,540,540,0
2022-11-24 11:48:00,540,540,540,540,0
2022-11-24 11:49:00,540,540,540,540,0
2022-11-24 11:50:00,540,540,540,540,0
2022-11-24 11:51:00,540,540,540,540,0
2022-11-24 11:52:00,540,540,540,540,0
2022-11-24 11:53:00,540,540,540,540,0
2022-11-24 11:54:00,540,540,540,540,0
2022-11-24 11:55:00,540,540,540,540,0
2022-11-24 11:56:00,540,540,540,540,0
2022-11-24 11:57:00,540,540,540,540,0
2022-11-24 11:58:00,540,540,540,540,0
2022-11-24 11:59:00,540,540,540,540,0
2022-11-24 12:00:00,540,540,540,540,0
2022-11-24 12:01:00,540,540,540,540,0
2022-11-24 12:02:00,540,540,540,540,0
2022-11-24 12:03:00,540,540,540,540,0
2022-11-24 12:04:00,540,540,540,540,0
2022-11-24 12:05:00,540,540,540,540,0
2022-11-24 12:06:00,540,540,540,540,0
2022-11-24 12:07:00,540,540,540,540,0
2022-11-24 12:08:00,540,540,540,540,0
2022-11-24 12:09:00,540,540,540,540,0
2022-11-24 12:10:00,540,540,540,540,0
2022-11-24 12:11:00,540,540,540,540,0
2022-11-24 12:12:00,540,540,540,540,0
2022-11-24 12:13:00,540,540,540,540,0
2022-11-24 12:14:00,540,540,540,540,0
2022-11-24 12:15:00,540,540,540,540,0
2022-11-24 12:16:00,540,540,540,540,0
2022-11-24 12:17:00,540,540,540,540,0
2022-11-24 12:18:00,540,540,540,540,0
2022-11-24 12:19:00,540,540,540,540,0
2022-11-24 12:20:00,540,540,540,540,0
2022-11-24 12:21:00,540,540,540,540,0
2022-11-24 12:22:00,540,540,540,540,0
2022-11-24 12:23:00,540,540,540,540,0
2022-11-24 12:24:00,540,540,540,540,0
2022-11-24 12:25:00,540,540,540,540,0
2022-11-24 12:26:00,540,540,540,540,0
2022-11-24 12:27:00,540,540,540,540,0
2022-11-24 12:28:00,540,540,540,540,0
2022-11-24 12:29:00,540,540,540,540,0
2022-11-24 12:30:00,540,540,540,540,0
2022-11-24 12:31:00,540,540,540,540,0
2022-11-24 12:32:00,540,540,540,540,0
2022-11-24 12:33:00,540,540,540,540,0
2022-11-24 12:34:00,540,540,540,540,0
2022-11-24 12:35:00,540,540,540,540,0
2022-11-24 12:36:00,540,540,540,540,0
2022-11-24 12:37:00,540,540,540,540,0
2022-11-24 12:38:00,540,540,540,540,0
2022-11-24 12:39:00,540,540,540,540,0
2022-11-24 12:40:00,540,540,540,540,0
2022-11-24 12:41:00,540,540,540,540,0
2022-11-24 12:42:00,540,540,540,540,0
2022-11-24 12:43:00,540,540,540,540,0
2022-11-24 12:44:00,540,540,540,540,0
2022-11-24 12:45:00,540,540,540,540,0
2022-11-24 12:46:00,540,540,540,540,0
2022-11-24 12:47:00,540,540,540,540,0
2022-11-24 12:48:00,540,540,540,540,0
2022-11-24 12:49:00,540,540,540,540,0
2022-11-24 12:50:00,540,540,540,540,0
2022-11-24 12:51:00,540,540,540,540,0
2022-11-24 12:52:00,540,540,540,540,0
2022-11-24 12:53:00,540,540,540,540,0
2022-11-24 12:54:00,540,540,540,540,0
2022-11-24 12:55:00,540,540,540,540,0
2022-11-24 12:56:00,540,540,540,540,0
2022-11-24 12:57:00,540,540,540,540,0
2022-11-24 12:58:00,540,540,540,540,0
2022-11-24 12:59:00,540,540,540,540,0
2022-11-24 13:00:00,540,540,540,540,0
2022-11-24 13:01:00,540,540,540,540,0
2022-11-24 13:02:00,540,540,540,540,0
2022-11-24 13:03:00,540,540,540,540,0
2022-11-24 13:04:00,540,540,540,540,0
2022-11-24 13:05:00,540,540,540,540,0
2022-11-24 13:06:00,540,540,540,540,0
2022-11-24 13:07:00,540,540,540,540,0
2022-11-24 13:08:00,540,540,540,540,0
2022-11-24 13:09:00,540,540,540,540,0
2022-11-24 13:10:00,540,540,540,540,0
2022-11-24 13:11:00,540,540,540,540,0
2022-11-24 13:12:00,540,540,540,540,0
2022-11-24 13:13:00,540,540,540,540,0
2022-11-24 13:14:00,540,540,540,540,0
2022-11-24 13:15:00,540,540,540,540,0
2022-11-24 13:16:00,540,540,540,540,0
2022-11-24 13:17:00,540,540,540,540,0
2022-11-24 13:18:00,540,540,540,540,0
2022-11-24 13:19:00,540,540,540,540,0
2022-11-24 13:20:00,540,540,540,540,0
2022-11-24 13:21:00,540,540,540,540,0
2022-11-24 13:22:00,540,540,540,540,0
2022-11-24 13:23:00,540,540,540,540,0
2022-11-24 13:24:00,540,540,540,540,0
2022-11-24 13:25:00,540,540,540,540,0
2022-11-24 13:26:00,540,540,540,540,0
2022-11-24 13:27:00,540,540,540,540,0
2022-11-24 13:28:00,540,540,540,540,0
2022-11-24 13:29:00,540,540,540,540,0
2022-11-24 13:30:00,540,540,540,540,0
2022-11-24 13:31:00,540,540,540,540,0
2022-11-24 13:32:00,540,540,540,540,100
2022-11-24 13:33:00,540,540,540,540,0
2022-11-24 13:34:00,540,540,540,540,0
2022-11-24 13:35:00,540,540,540,540,0
2022-11-24 13:36:00,540,540,540,540,0
2022-11-24 13:37:00,540,540,540,540,0
2022-11-24 13:38:00,540,540,540,540,0
2022-11-24 13:39:00,540,540,540,540,0
2022-11-24 13:40:00,540,540,540,540,0
2022-11-24 13:41:00,540,540,540,540,0
2022-11-24 13:42:00,540,540,540,540,0
2022-11-24 13:43:00,540,540,540,540,0
2022-11-24 13:44:00,540,540,540,540,0
2022-11-24 13:45:00,540,540,540,540,400
2022-11-24 13:46:00,540,540,540,540,0
2022-11-24 13:47:00,540,540,540,540,0
2022-11-24 13:48:00,540,540,540,540,0
2022-11-24 13:49:00,540,540,540,540,200
2022-11-24 13:50:00,540,540,540,540,0
2022-11-24 13:51:00,540,540,540,540,0
2022-11-24 13:52:00,540,540,540,540,0
2022-11-24 13:53:00,540,540,540,540,0
2022-11-24 13:54:00,540,540,540,540,0
2022-11-24 13:55:00,535,535,540,540,2600
2022-11-24 13:56:00,540,540,540,540,100
2022-11-24 13:57:00,540,540,540,540,0
2022-11-24 13:58:00,540,540,540,540,0
2022-11-24 13:59:00,540,540,540,540,0
2022-11-24 14:00:00,540,540,540,540,0
2022-11-24 14:01:00,540,540,540,540,400
2022-11-24 14:02:00,540,540,540,540,0
2022-11-24 14:03:00,540,540,540,540,0
2022-11-24 14:04:00,540,540,540,540,0
2022-11-24 14:05:00,540,540,540,540,0
2022-11-24 14:06:00,540,540,540,540,0
2022-11-24 14:07:00,540,540,540,540,0
2022-11-24 14:08:00,540,540,540,540,0
2022-11-24 14:09:00,540,540,540,540,0
2022-11-24 14:10:00,540,540,540,540,0
2022-11-24 14:11:00,540,540,540,540,0
2022-11-24 14:12:00,540,540,540,540,0
2022-11-24 14:13:00,540,540,540,540,0
2022-11-24 14:14:00,540,540,540,540,800
2022-11-24 14:15:00,540,540,540,540,0
2022-11-24 14:16:00,540,540,540,540,0
2022-11-24 14:17:00,540,540,540,540,0
2022-11-24 14:18:00,540,540,540,540,0
2022-11-24 14:19:00,535,535,535,535,1800
2022-11-24 14:20:00,535,535,535,535,0
2022-11-24 14:21:00,535,535,535,535,0
2022-11-24 14:22:00,540,540,540,540,600
2022-11-24 14:23:00,540,540,540,540,0
2022-11-24 14:24:00,540,540,540,540,0
2022-11-24 14:25:00,540,540,540,540,0
2022-11-24 14:26:00,540,540,540,540,0
2022-11-24 14:27:00,540,540,540,540,54000
2022-11-24 14:28:00,540,540,540,540,0
2022-11-24 14:29:00,535,535,540,540,2500
2022-11-24 14:30:00,540,540,540,540,200
2022-11-24 14:31:00,540,540,540,540,300
2022-11-24 14:32:00,540,540,540,540,0
2022-11-24 14:33:00,540,540,540,540,0
2022-11-24 14:34:00,540,540,540,540,0
2022-11-24 14:35:00,540,540,540,540,0
2022-11-24 14:36:00,540,540,540,540,0
2022-11-24 14:37:00,540,540,540,540,0
2022-11-24 14:38:00,540,540,540,540,0
2022-11-24 14:39:00,540,540,540,540,0
2022-11-24 14:40:00,540,540,540,540,0
2022-11-24 14:41:00,535,535,535,535,600
2022-11-24 14:42:00,540,540,540,540,500
2022-11-24 14:43:00,540,540,540,540,0
2022-11-24 14:44:00,540,540,540,540,500
2022-11-24 14:45:00,540,540,540,540,0
2022-11-24 14:46:00,540,540,540,540,0
2022-11-24 14:47:00,540,540,540,540,0
2022-11-24 14:48:00,540,540,540,540,400
2022-11-24 14:49:00,540,540,540,540,200
2022-11-24 14:50:00,540,540,540,540,0
2022-11-24 14:51:00,540,540,540,540,0
2022-11-24 14:52:00,540,540,540,540,0
2022-11-24 14:53:00,540,540,540,540,0
2022-11-24 14:54:00,540,540,540,540,0
2022-11-24 14:55:00,540,540,540,540,0
2022-11-24 14:56:00,540,540,540,540,0
2022-11-24 14:57:00,540,540,540,540,0
2022-11-24 14:58:00,540,540,540,540,0
2022-11-24 14:59:00,540,540,540,540,0
2022-11-24 15:00:00,540,540,540,540,170500
2022-11-24 15:01:00,540,540,540,540,0
2022-11-24 15:02:00,540,540,540,540,0
2022-11-24 15:03:00,540,540,540,540,0
2022-11-24 15:04:00,540,540,540,540,0
2022-11-24 15:05:00,540,540,540,540,0
2022-11-24 15:06:00,540,540,540,540,0
2022-11-24 15:07:00,540,540,540,540,0
2022-11-24 15:08:00,540,540,540,540,0
2022-11-24 15:09:00,540,540,540,540,0
2022-11-24 15:10:00,540,540,540,540,0
2022-11-24 15:11:00,540,540,540,540,0
2022-11-24 15:12:00,540,540,540,540,0
2022-11-24 15:13:00,540,540,540,540,0
2022-11-24 15:14:00,540,540,540,540,0
2022-11-24 15:15:00,540,540,540,540,0
2022-11-24 15:16:00,540,540,540,540,0
2022-11-24 15:17:00,540,540,540,540,0
2022-11-24 15:18:00,540,540,540,540,0
2022-11-24 15:19:00,540,540,540,540,0
2022-11-24 15:20:00,540,540,540,540,0
2022-11-24 15:21:00,540,540,540,540,0
2022-11-24 15:22:00,540,540,540,540,0
2022-11-24 15:23:00,540,540,540,540,0
2022-11-24 15:24:00,540,540,540,540,0
2022-11-24 15:25:00,540,540,540,540,0
2022-11-24 15:26:00,540,540,540,540,0
2022-11-24 15:27:00,540,540,540,540,0
2022-11-24 15:28:00,540,540,540,540,0
2022-11-24 15:29:00,540,540,540,540,0
2022-11-24 15:30:00,540,540,540,540,0
2022-11-24 15:31:00,540,540,540,540,0
2022-11-24 15:32:00,540,540,540,540,0
2022-11-24 15:33:00,540,540,540,540,0
2022-11-24 15:34:00,540,540,540,540,0
2022-11-24 15:35:00,540,540,540,540,0
2022-11-24 15:36:00,540,540,540,540,0
2022-11-24 15:37:00,540,540,540,540,0
2022-11-24 15:38:00,540,540,540,540,0
2022-11-24 15:39:00,540,540,540,540,0
2022-11-24 15:40:00,540,540,540,540,0
2022-11-24 15:41:00,540,540,540,540,0
2022-11-24 15:42:00,540,540,540,540,0
2022-11-24 15:43:00,540,540,540,540,0
2022-11-24 15:44:00,540,540,540,540,0
2022-11-24 15:45:00,540,540,540,540,0
2022-11-24 15:46:00,540,540,540,540,0
2022-11-24 15:47:00,540,540,540,540,0
2022-11-24 15:48:00,540,540,540,540,0
2022-11-24 15:49:00,540,540,540,540,0
2022-11-24 15:50:00,540,540,540,540,0
2022-11-24 15:51:00,540,540,540,540,0
2022-11-24 15:52:00,540,540,540,540,0
2022-11-24 15:53:00,540,540,540,540,0
2022-11-24 15:54:00,540,540,540,540,0
2022-11-24 15:55:00,540,540,540,540,0
2022-11-24 15:56:00,540,540,540,540,0
2022-11-24 15:57:00,540,540,540,540,0
2022-11-24 15:58:00,540,540,540,540,0
2022-11-24 15:59:00,540,540,540,540,0
2022-11-25 09:00:00,540,540,540,540,0
2022-11-25 09:01:00,540,540,540,540,0
2022-11-25 09:02:00,540,540,540,540,0
2022-11-25 09:03:00,540,540,540,540,0
2022-11-25 09:04:00,540,540,540,540,0
2022-11-25 09:05:00,540,540,540,540,0
2022-11-25 09:06:00,540,540,540,540,0
2022-11-25 09:07:00,540,540,540,540,0
2022-11-25 09:08:00,540,540,540,540,0
2022-11-25 09:09:00,540,540,540,540,0
2022-11-25 09:10:00,540,540,540,540,0
2022-11-25 09:11:00,540,540,540,540,0
2022-11-25 09:12:00,540,540,540,540,0
2022-11-25 09:13:00,540,540,540,540,0
2022-11-25 09:14:00,540,540,540,540,0
2022-11-25 09:15:00,540,540,540,540,0
2022-11-25 09:16:00,540,540,540,540,0
2022-11-25 09:17:00,540,540,540,540,0
2022-11-25 09:18:00,540,540,540,540,0
2022-11-25 09:19:00,540,540,540,540,0
2022-11-25 09:20:00,540,540,540,540,300
2022-11-25 09:21:00,540,540,540,540,0
2022-11-25 09:22:00,540,540,540,540,0
2022-11-25 09:23:00,540,540,540,540,0
2022-11-25 09:24:00,540,540,540,540,0
2022-11-25 09:25:00,540,540,540,540,0
2022-11-25 09:26:00,540,540,540,540,0
2022-11-25 09:27:00,540,540,540,540,0
2022-11-25 09:28:00,540,540,540,540,0
2022-11-25 09:29:00,540,540,540,540,0
2022-11-25 09:30:00,540,540,540,540,0
2022-11-25 09:31:00,540,540,540,540,0
2022-11-25 09:32:00,540,540,540,540,0
2022-11-25 09:33:00,540,540,540,540,0
2022-11-25 09:34:00,540,540,540,540,0
2022-11-25 09:35:00,540,540,540,540,0
2022-11-25 09:36:00,540,540,540,540,0
2022-11-25 09:37:00,540,540,540,540,0
2022-11-25 09:38:00,540,540,540,540,0
2022-11-25 09:39:00,540,540,540,540,0
2022-11-25 09:40:00,540,540,540,540,0
2022-11-25 09:41:00,540,540,540,540,0
2022-11-25 09:42:00,540,540,540,540,0
2022-11-25 09:43:00,540,540,540,540,0
2022-11-25 09:44:00,540,540,540,540,0
2022-11-25 09:45:00,540,540,540,540,0
2022-11-25 09:46:00,535,535,535,535,2200
2022-11-25 09:47:00,540,540,540,540,0
2022-11-25 09:48:00,540,540,540,540,0
2022-11-25 09:49:00,540,540,540,540,0
2022-11-25 09:50:00,540,540,540,540,0
2022-11-25 09:51:00,540,540,540,540,0
2022-11-25 09:52:00,540,540,540,540,1600
2022-11-25 09:53:00,540,540,540,540,0
2022-11-25 09:54:00,540,540,540,540,0
2022-11-25 09:55:00,540,540,540,540,0
2022-11-25 09:56:00,540,540,540,540,0
2022-11-25 09:57:00,540,540,540,540,0
2022-11-25 09:58:00,540,540,540,540,0
2022-11-25 09:59:00,540,540,540,540,0
2022-11-25 10:00:00,540,540,540,540,0
2022-11-25 10:01:00,540,540,540,540,0
2022-11-25 10:02:00,540,540,540,540,0
2022-11-25 10:03:00,540,540,540,540,0
2022-11-25 10:04:00,540,540,540,540,0
2022-11-25 10:05:00,540,540,540,540,0
2022-11-25 10:06:00,540,540,540,540,0
2022-11-25 10:07:00,540,540,540,540,0
2022-11-25 10:08:00,540,540,540,540,0
2022-11-25 10:09:00,540,540,540,540,0
2022-11-25 10:10:00,540,540,540,540,0
2022-11-25 10:11:00,540,540,540,540,0
2022-11-25 10:12:00,540,540,540,540,0
2022-11-25 10:13:00,540,540,540,540,0
2022-11-25 10:14:00,540,540,540,540,0
2022-11-25 10:15:00,540,540,540,540,0
2022-11-25 10:16:00,540,540,540,540,0
2022-11-25 10:17:00,540,540,540,540,0
2022-11-25 10:18:00,540,540,540,540,0
2022-11-25 10:19:00,540,540,540,540,0
2022-11-25 10:20:00,540,540,540,540,0
2022-11-25 10:21:00,540,540,540,540,0
2022-11-25 10:22:00,540,540,540,540,0
2022-11-25 10:23:00,540,540,540,540,0
2022-11-25 10:24:00,540,540,540,540,0
2022-11-25 10:25:00,540,540,540,540,0
2022-11-25 10:26:00,540,540,540,540,0
2022-11-25 10:27:00,540,540,540,540,0
2022-11-25 10:28:00,540,540,540,540,0
2022-11-25 10:29:00,540,540,540,540,0
2022-11-25 10:30:00,540,540,540,540,0
2022-11-25 10:31:00,540,540,540,540,0
2022-11-25 10:32:00,540,540,540,540,0
2022-11-25 10:33:00,540,540,540,540,0
2022-11-25 10:34:00,540,540,540,540,0
2022-11-25 10:35:00,540,540,540,540,0
2022-11-25 10:36:00,540,540,540,540,500
2022-11-25 10:37:00,540,540,540,540,0
2022-11-25 10:38:00,540,540,540,540,0
2022-11-25 10:39:00,540,540,540,540,0
2022-11-25 10:40:00,535,535,535,535,52700
2022-11-25 10:41:00,535,535,535,535,0
2022-11-25 10:42:00,535,535,535,535,10000
2022-11-25 10:43:00,535,535,535,535,0
2022-11-25 10:44:00,535,535,535,535,7400
2022-11-25 10:45:00,535,535,540,540,3400
2022-11-25 10:46:00,535,535,540,540,0
2022-11-25 10:47:00,535,535,540,540,0
2022-11-25 10:48:00,535,535,540,540,0
2022-11-25 10:49:00,535,535,540,540,0
2022-11-25 10:50:00,535,535,540,540,0
2022-11-25 10:51:00,535,535,540,540,0
2022-11-25 10:52:00,535,535,540,540,0
2022-11-25 10:53:00,535,535,540,540,0
2022-11-25 10:54:00,535,535,540,540,0
2022-11-25 10:55:00,535,535,540,540,0
2022-11-25 10:56:00,535,535,540,540,0
2022-11-25 10:57:00,535,535,540,540,0
2022-11-25 10:58:00,540,540,540,540,1000
2022-11-25 10:59:00,540,540,540,540,0
2022-11-25 11:00:00,540,540,540,540,500
2022-11-25 11:01:00,540,540,540,540,100
2022-11-25 11:02:00,540,540,540,540,0
2022-11-25 11:03:00,540,540,540,540,0
2022-11-25 11:04:00,540,540,540,540,300
2022-11-25 11:05:00,540,540,540,540,0
2022-11-25 11:06:00,540,540,540,540,100
2022-11-25 11:07:00,540,540,540,540,0
2022-11-25 11:08:00,540,540,540,540,0
2022-11-25 11:09:00,540,540,540,540,0
2022-11-25 11:10:00,540,540,540,540,0
2022-11-25 11:11:00,540,540,540,540,0
2022-11-25 11:12:00,540,540,540,540,0
2022-11-25 11:13:00,540,540,540,540,0
2022-11-25 11:14:00,540,540,540,540,0
2022-11-25 11:15:00,540,540,540,540,0
2022-11-25 11:16:00,540,540,540,540,0
2022-11-25 11:17:00,540,540,540,540,800
2022-11-25 11:18:00,540,540,540,540,0
2022-11-25 11:19:00,540,540,540,540,0
2022-11-25 11:20:00,540,540,540,540,0
2022-11-25 11:21:00,540,540,540,540,0
2022-11-25 11:22:00,540,540,540,540,0
2022-11-25 11:23:00,540,540,540,540,0
2022-11-25 11:24:00,540,540,540,540,0
2022-11-25 11:25:00,540,540,540,540,0
2022-11-25 11:26:00,540,540,540,540,0
2022-11-25 11:27:00,540,540,540,540,400
2022-11-25 11:28:00,540,540,540,540,138900
2022-11-25 11:29:00,540,540,540,540,0
2022-11-25 11:30:00,540,540,540,540,0
2022-11-25 11:31:00,540,540,540,540,0
2022-11-25 11:32:00,540,540,540,540,0
2022-11-25 11:33:00,540,540,540,540,0
2022-11-25 11:34:00,540,540,540,540,0
2022-11-25 11:35:00,540,540,540,540,0
2022-11-25 11:36:00,540,540,540,540,0
2022-11-25 11:37:00,540,540,540,540,0
2022-11-25 11:38:00,540,540,540,540,0
2022-11-25 11:39:00,540,540,540,540,0
2022-11-25 11:40:00,540,540,540,540,0
2022-11-25 11:41:00,540,540,540,540,0
2022-11-25 11:42:00,540,540,540,540,0
2022-11-25 11:43:00,540,540,540,540,0
2022-11-25 11:44:00,540,540,540,540,0
2022-11-25 11:45:00,540,540,540,540,0
2022-11-25 11:46:00,540,540,540,540,0
2022-11-25 11:47:00,540,540,540,540,0
2022-11-25 11:48:00,540,540,540,540,0
2022-11-25 11:49:00,540,540,540,540,0
2022-11-25 11:50:00,540,540,540,540,0
2022-11-25 11:51:00,540,540,540,540,0
2022-11-25 11:52:00,540,540,540,540,0
2022-11-25 11:53:00,540,540,540,540,0
2022-11-25 11:54:00,540,540,540,540,0
2022-11-25 11:55:00,540,540,540,540,0
2022-11-25 11:56:00,540,540,540,540,0
2022-11-25 11:57:00,540,540,540,540,0
2022-11-25 11:58:00,540,540,540,540,0
2022-11-25 11:59:00,540,540,540,540,0
2022-11-25 12:00:00,540,540,540,540,0
2022-11-25 12:01:00,540,540,540,540,0
2022-11-25 12:02:00,540,540,540,540,0
2022-11-25 12:03:00,540,540,540,540,0
2022-11-25 12:04:00,540,540,540,540,0
2022-11-25 12:05:00,540,540,540,540,0
2022-11-25 12:06:00,540,540,540,540,0
2022-11-25 12:07:00,540,540,540,540,0
2022-11-25 12:08:00,540,540,540,540,0
2022-11-25 12:09:00,540,540,540,540,0
2022-11-25 12:10:00,540,540,540,540,0
2022-11-25 12:11:00,540,540,540,540,0
2022-11-25 12:12:00,540,540,540,540,0
2022-11-25 12:13:00,540,540,540,540,0
2022-11-25 12:14:00,540,540,540,540,0
2022-11-25 12:15:00,540,540,540,540,0
2022-11-25 12:16:00,540,540,540,540,0
2022-11-25 12:17:00,540,540,540,540,0
2022-11-25 12:18:00,540,540,540,540,0
2022-11-25 12:19:00,540,540,540,540,0
2022-11-25 12:20:00,540,540,540,540,0
2022-11-25 12:21:00,540,540,540,540,0
2022-11-25 12:22:00,540,540,540,540,0
2022-11-25 12:23:00,540,540,540,540,0
2022-11-25 12:24:00,540,540,540,540,0
2022-11-25 12:25:00,540,540,540,540,0
2022-11-25 12:26:00,540,540,540,540,0
2022-11-25 12:27:00,540,540,540,540,0
2022-11-25 12:28:00,540,540,540,540,0
2022-11-25 12:29:00,540,540,540,540,0
2022-11-25 12:30:00,540,540,540,540,0
2022-11-25 12:31:00,540,540,540,540,0
2022-11-25 12:32:00,540,540,540,540,0
2022-11-25 12:33:00,540,540,540,540,0
2022-11-25 12:34:00,540,540,540,540,0
2022-11-25 12:35:00,540,540,540,540,0
2022-11-25 12:36:00,540,540,540,540,0
2022-11-25 12:37:00,540,540,540,540,0
2022-11-25 12:38:00,540,540,540,540,0
2022-11-25 12:39:00,540,540,540,540,0
2022-11-25 12:40:00,540,540,540,540,0
2022-11-25 12:41:00,540,540,540,540,0
2022-11-25 12:42:00,540,540,540,540,0
2022-11-25 12:43:00,540,540,540,540,0
2022-11-25 12:44:00,540,540,540,540,0
2022-11-25 12:45:00,540,540,540,540,0
2022-11-25 12:46:00,540,540,540,540,0
2022-11-25 12:47:00,540,540,540,540,0
2022-11-25 12:48:00,540,540,540,540,0
2022-11-25 12:49:00,540,540,540,540,0
2022-11-25 12:50:00,540,540,540,540,0
2022-11-25 12:51:00,540,540,540,540,0
2022-11-25 12:52:00,540,540,540,540,0
2022-11-25 12:53:00,540,540,540,540,0
2022-11-25 12:54:00,540,540,540,540,0
2022-11-25 12:55:00,540,540,540,540,0
2022-11-25 12:56:00,540,540,540,540,0
2022-11-25 12:57:00,540,540,540,540,0
2022-11-25 12:58:00,540,540,540,540,0
2022-11-25 12:59:00,540,540,540,540,0
2022-11-25 13:00:00,540,540,540,540,0
2022-11-25 13:01:00,540,540,540,540,0
2022-11-25 13:02:00,540,540,540,540,0
2022-11-25 13:03:00,540,540,540,540,0
2022-11-25 13:04:00,540,540,540,540,0
2022-11-25 13:05:00,540,540,540,540,0
2022-11-25 13:06:00,540,540,540,540,0
2022-11-25 13:07:00,540,540,540,540,0
2022-11-25 13:08:00,540,540,540,540,0
2022-11-25 13:09:00,540,540,540,540,0
2022-11-25 13:10:00,540,540,540,540,0
2022-11-25 13:11:00,540,540,540,540,0
2022-11-25 13:12:00,540,540,540,540,0
2022-11-25 13:13:00,540,540,540,540,0
2022-11-25 13:14:00,540,540,540,540,0
2022-11-25 13:15:00,540,540,540,540,0
2022-11-25 13:16:00,540,540,540,540,0
2022-11-25 13:17:00,540,540,540,540,0
2022-11-25 13:18:00,540,540,540,540,0
2022-11-25 13:19:00,540,540,540,540,0
2022-11-25 13:20:00,540,540,540,540,0
2022-11-25 13:21:00,540,540,540,540,0
2022-11-25 13:22:00,540,540,540,540,0
2022-11-25 13:23:00,540,540,540,540,0
2022-11-25 13:24:00,540,540,540,540,0
2022-11-25 13:25:00,540,540,540,540,0
2022-11-25 13:26:00,540,540,540,540,0
2022-11-25 13:27:00,540,540,540,540,0
2022-11-25 13:28:00,540,540,540,540,0
2022-11-25 13:29:00,540,540,540,540,0
2022-11-25 13:30:00,540,540,540,540,600
2022-11-25 13:31:00,540,540,540,540,0
2022-11-25 13:32:00,540,540,540,540,0
2022-11-25 13:33:00,540,540,540,540,200
2022-11-25 13:34:00,540,540,540,540,0
2022-11-25 13:35:00,540,540,540,540,0
2022-11-25 13:36:00,540,540,540,540,0
2022-11-25 13:37:00,540,540,540,540,0
2022-11-25 13:38:00,540,540,540,540,0
2022-11-25 13:39:00,540,540,540,540,0
2022-11-25 13:40:00,540,540,540,540,0
2022-11-25 13:41:00,540,540,540,540,0
2022-11-25 13:42:00,540,540,540,540,0
2022-11-25 13:43:00,540,540,540,540,0
2022-11-25 13:44:00,540,540,540,540,0
2022-11-25 13:45:00,540,540,540,540,300
2022-11-25 13:46:00,540,540,540,540,0
2022-11-25 13:47:00,540,540,540,540,0
2022-11-25 13:48:00,540,540,540,540,0
2022-11-25 13:49:00,540,540,540,540,0
2022-11-25 13:50:00,540,540,540,540,0
2022-11-25 13:51:00,540,540,540,540,0
2022-11-25 13:52:00,540,540,540,540,0
2022-11-25 13:53:00,540,540,540,540,0
2022-11-25 13:54:00,540,540,540,540,0
2022-11-25 13:55:00,540,540,540,540,0
2022-11-25 13:56:00,540,540,540,540,0
2022-11-25 13:57:00,540,540,540,540,0
2022-11-25 13:58:00,540,540,540,540,0
2022-11-25 13:59:00,540,540,540,540,0
2022-11-25 14:00:00,540,540,540,540,0
2022-11-25 14:01:00,540,540,540,540,0
2022-11-25 14:02:00,540,540,540,540,0
2022-11-25 14:03:00,540,540,540,540,200
2022-11-25 14:04:00,540,540,540,540,0
2022-11-25 14:05:00,540,540,540,540,0
2022-11-25 14:06:00,540,540,540,540,0
2022-11-25 14:07:00,540,540,540,540,0
2022-11-25 14:08:00,540,540,540,540,0
2022-11-25 14:09:00,540,540,540,540,0
2022-11-25 14:10:00,540,540,540,540,0
2022-11-25 14:11:00,540,540,540,540,0
2022-11-25 14:12:00,540,540,540,540,0
2022-11-25 14:13:00,540,540,540,540,0
2022-11-25 14:14:00,540,540,540,540,0
2022-11-25 14:15:00,540,540,540,540,0
2022-11-25 14:16:00,540,540,540,540,0
2022-11-25 14:17:00,540,540,540,540,0
2022-11-25 14:18:00,540,540,540,540,500
2022-11-25 14:19:00,540,540,540,540,0
2022-11-25 14:20:00,540,540,540,540,0
2022-11-25 14:21:00,540,540,540,540,0
2022-11-25 14:22:00,540,540,540,540,0
2022-11-25 14:23:00,540,540,540,540,0
2022-11-25 14:24:00,540,540,540,540,0
2022-11-25 14:25:00,540,540,540,540,0
2022-11-25 14:26:00,535,535,540,540,4500
2022-11-25 14:27:00,535,535,540,540,0
2022-11-25 14:28:00,540,540,540,540,700
2022-11-25 14:29:00,540,540,540,540,0
2022-11-25 14:30:00,540,540,540,540,0
2022-11-25 14:31:00,540,540,540,540,0
2022-11-25 14:32:00,540,540,540,540,0
2022-11-25 14:33:00,540,540,540,540,300
2022-11-25 14:34:00,540,540,540,540,0
2022-11-25 14:35:00,540,540,540,540,0
2022-11-25 14:36:00,540,540,540,540,0
2022-11-25 14:37:00,540,540,540,540,0
2022-11-25 14:38:00,540,540,540,540,0
2022-11-25 14:39:00,540,540,540,540,0
2022-11-25 14:40:00,540,540,540,540,0
2022-11-25 14:41:00,540,540,540,540,800
2022-11-25 14:42:00,540,540,540,540,0
2022-11-25 14:43:00,540,540,540,540,200
2022-11-25 14:44:00,535,535,540,540,1300
2022-11-25 14:45:00,540,540,540,540,500
2022-11-25 14:46:00,540,540,540,540,700
2022-11-25 14:47:00,540,540,540,540,0
2022-11-25 14:48:00,540,540,540,540,0
2022-11-25 14:49:00,540,540,540,540,0
2022-11-25 14:50:00,540,540,540,540,0
2022-11-25 14:51:00,540,540,540,540,0
2022-11-25 14:52:00,540,540,540,540,0
2022-11-25 14:53:00,540,540,540,540,0
2022-11-25 14:54:00,540,540,540,540,0
2022-11-25 14:55:00,540,540,540,540,0
2022-11-25 14:56:00,540,540,540,540,0
2022-11-25 14:57:00,540,540,540,540,0
2022-11-25 14:58:00,540,540,540,540,0
2022-11-25 14:59:00,540,540,540,540,0
2022-11-25 15:00:00,540,540,540,540,145300
2022-11-25 15:01:00,540,540,540,540,0
2022-11-25 15:02:00,540,540,540,540,0
2022-11-25 15:03:00,540,540,540,540,0
2022-11-25 15:04:00,540,540,540,540,0
2022-11-25 15:05:00,540,540,540,540,0
2022-11-25 15:06:00,540,540,540,540,0
2022-11-25 15:07:00,540,540,540,540,0
2022-11-25 15:08:00,540,540,540,540,0
2022-11-25 15:09:00,540,540,540,540,0
2022-11-25 15:10:00,540,540,540,540,0
2022-11-25 15:11:00,540,540,540,540,0
2022-11-25 15:12:00,540,540,540,540,0
2022-11-25 15:13:00,540,540,540,540,0
2022-11-25 15:14:00,540,540,540,540,0
2022-11-25 15:15:00,540,540,540,540,0
2022-11-25 15:16:00,540,540,540,540,0
2022-11-25 15:17:00,540,540,540,540,0
2022-11-25 15:18:00,540,540,540,540,0
2022-11-25 15:19:00,540,540,540,540,0
2022-11-25 15:20:00,540,540,540,540,0
2022-11-25 15:21:00,540,540,540,540,0
2022-11-25 15:22:00,540,540,540,540,0
2022-11-25 15:23:00,540,540,540,540,0
2022-11-25 15:24:00,540,540,540,540,0
2022-11-25 15:25:00,540,540,540,540,0
2022-11-25 15:26:00,540,540,540,540,0
2022-11-25 15:27:00,540,540,540,540,0
2022-11-25 15:28:00,540,540,540,540,0
2022-11-25 15:29:00,540,540,540,540,0
2022-11-25 15:30:00,540,540,540,540,0
2022-11-25 15:31:00,540,540,540,540,0
2022-11-25 15:32:00,540,540,540,540,0
2022-11-25 15:33:00,540,540,540,540,0
2022-11-25 15:34:00,540,540,540,540,0
2022-11-25 15:35:00,540,540,540,540,0
2022-11-25 15:36:00,540,540,540,540,0
2022-11-25 15:37:00,540,540,540,540,0
2022-11-25 15:38:00,540,540,540,540,0
2022-11-25 15:39:00,540,540,540,540,0
2022-11-25 15:40:00,540,540,540,540,0
2022-11-25 15:41:00,540,540,540,540,0
2022-11-25 15:42:00,540,540,540,540,0
2022-11-25 15:43:00,540,540,540,540,0
2022-11-25 15:44:00,540,540,540,540,0
2022-11-25 15:45:00,540,540,540,540,0
2022-11-25 15:46:00,540,540,540,540,0
2022-11-25 15:47:00,540,540,540,540,0
2022-11-25 15:48:00,540,540,540,540,0
2022-11-25 15:49:00,540,540,540,540,0
2022-11-25 15:50:00,540,540,540,540,0
2022-11-25 15:51:00,540,540,540,540,0
2022-11-25 15:52:00,540,540,540,540,0
2022-11-25 15:53:00,540,540,540,540,0
2022-11-25 15:54:00,540,540,540,540,0
2022-11-25 15:55:00,540,540,540,540,0
2022-11-25 15:56:00,540,540,540,540,0
2022-11-25 15:57:00,540,540,540,540,0
2022-11-25 15:58:00,540,540,540,540,0
2022-11-25 15:59:00,540,540,540,540,0
2022-11-28 09:00:00,540,540,540,540,0
2022-11-28 09:01:00,540,540,540,540,0
2022-11-28 09:02:00,540,540,540,540,0
2022-11-28 09:03:00,540,540,540,540,0
2022-11-28 09:04:00,540,540,540,540,0
2022-11-28 09:05:00,540,540,540,540,0
2022-11-28 09:06:00,540,540,540,540,0
2022-11-28 09:07:00,540,540,540,540,0
2022-11-28 09:08:00,540,540,540,540,0
2022-11-28 09:09:00,540,540,540,540,0
2022-11-28 09:10:00,540,540,540,540,0
2022-11-28 09:11:00,540,540,540,540,0
2022-11-28 09:12:00,540,540,540,540,0
2022-11-28 09:13:00,540,540,540,540,0
2022-11-28 09:14:00,540,540,540,540,0
2022-11-28 09:15:00,540,540,540,540,0
2022-11-28 09:16:00,540,540,540,540,0
2022-11-28 09:17:00,540,540,540,540,0
2022-11-28 09:18:00,540,540,540,540,0
2022-11-28 09:19:00,540,540,540,540,0
2022-11-28 09:20:00,540,540,540,540,0
2022-11-28 09:21:00,540,540,540,540,0
2022-11-28 09:22:00,540,540,540,540,0
2022-11-28 09:23:00,540,540,540,540,0
2022-11-28 09:24:00,540,540,540,540,0
2022-11-28 09:25:00,540,540,540,540,0
2022-11-28 09:26:00,540,540,540,540,0
2022-11-28 09:27:00,540,540,540,540,0
2022-11-28 09:28:00,540,540,540,540,0
2022-11-28 09:29:00,540,540,540,540,0
2022-11-28 09:30:00,540,540,540,540,0
2022-11-28 09:31:00,540,540,540,540,0
2022-11-28 09:32:00,540,540,540,540,0
2022-11-28 09:33:00,540,540,540,540,0
2022-11-28 09:34:00,540,540,540,540,0
2022-11-28 09:35:00,540,540,540,540,0
2022-11-28 09:36:00,540,540,540,540,0
2022-11-28 09:37:00,540,540,540,540,0
2022-11-28 09:38:00,540,540,540,540,0
2022-11-28 09:39:00,540,540,540,540,0
2022-11-28 09:40:00,540,540,540,540,500
2022-11-28 09:41:00,540,540,540,540,0
2022-11-28 09:42:00,540,540,540,540,0
2022-11-28 09:43:00,540,540,540,540,0
2022-11-28 09:44:00,540,540,540,540,0
2022-11-28 09:45:00,540,540,540,540,0
2022-11-28 09:46:00,540,540,540,540,0
2022-11-28 09:47:00,540,540,540,540,0
2022-11-28 09:48:00,540,540,540,540,600
2022-11-28 09:49:00,540,540,540,540,0
2022-11-28 09:50:00,540,540,540,540,0
2022-11-28 09:51:00,540,540,540,540,0
2022-11-28 09:52:00,540,540,540,540,0
2022-11-28 09:53:00,540,540,540,540,0
2022-11-28 09:54:00,540,540,540,540,0
2022-11-28 09:55:00,540,540,540,540,0
2022-11-28 09:56:00,540,540,540,540,0
2022-11-28 09:57:00,540,540,540,540,0
2022-11-28 09:58:00,540,540,540,540,0
2022-11-28 09:59:00,540,540,540,540,0
2022-11-28 10:00:00,540,540,540,540,0
2022-11-28 10:01:00,540,540,540,540,0
2022-11-28 10:02:00,540,540,540,540,0
2022-11-28 10:03:00,540,540,540,540,0
2022-11-28 10:04:00,540,540,540,540,0
2022-11-28 10:05:00,540,540,540,540,0
2022-11-28 10:06:00,540,540,540,540,0
2022-11-28 10:07:00,540,540,540,540,500
2022-11-28 10:08:00,540,540,540,540,0
2022-11-28 10:09:00,540,540,540,540,0
2022-11-28 10:10:00,540,540,540,540,0
2022-11-28 10:11:00,540,540,540,540,0
2022-11-28 10:12:00,540,540,540,540,0
2022-11-28 10:13:00,540,540,540,540,0
2022-11-28 10:14:00,540,540,540,540,0
2022-11-28 10:15:00,540,540,540,540,0
2022-11-28 10:16:00,540,540,540,540,0
2022-11-28 10:17:00,540,540,540,540,0
2022-11-28 10:18:00,540,540,540,540,0
2022-11-28 10:19:00,540,540,540,540,0
2022-11-28 10:20:00,540,540,540,540,0
2022-11-28 10:21:00,540,540,540,540,0
2022-11-28 10:22:00,540,540,540,540,0
2022-11-28 10:23:00,540,540,540,540,0
2022-11-28 10:24:00,540,540,540,540,0
2022-11-28 10:25:00,540,540,540,540,0
2022-11-28 10:26:00,540,540,540,540,0
2022-11-28 10:27:00,540,540,540,540,0
2022-11-28 10:28:00,540,540,540,540,0
2022-11-28 10:29:00,540,540,540,540,0
2022-11-28 10:30:00,540,540,540,540,0
2022-11-28 10:31:00,540,540,540,540,0
2022-11-28 10:32:00,540,540,540,540,0
2022-11-28 10:33:00,540,540,540,540,0
2022-11-28 10:34:00,540,540,540,540,0
2022-11-28 10:35:00,540,540,540,540,0
2022-11-28 10:36:00,540,540,540,540,0
2022-11-28 10:37:00,540,540,540,540,0
2022-11-28 10:38:00,540,540,540,540,0
2022-11-28 10:39:00,540,540,540,540,0
2022-11-28 10:40:00,540,540,540,540,0
2022-11-28 10:41:00,540,540,540,540,0
2022-11-28 10:42:00,540,540,540,540,0
2022-11-28 10:43:00,540,540,540,540,0
2022-11-28 10:44:00,540,540,540,540,0
2022-11-28 10:45:00,540,540,540,540,0
2022-11-28 10:46:00,540,540,540,540,800
2022-11-28 10:47:00,540,540,540,540,0
2022-11-28 10:48:00,540,540,540,540,400
2022-11-28 10:49:00,540,540,540,540,0
2022-11-28 10:50:00,540,540,540,540,0
2022-11-28 10:51:00,540,540,540,540,0
2022-11-28 10:52:00,540,540,540,540,0
2022-11-28 10:53:00,540,540,540,540,0
2022-11-28 10:54:00,540,540,540,540,0
2022-11-28 10:55:00,540,540,540,540,0
2022-11-28 10:56:00,540,540,540,540,0
2022-11-28 10:57:00,540,540,540,540,0
2022-11-28 10:58:00,540,540,540,540,0
2022-11-28 10:59:00,540,540,540,540,1000
2022-11-28 11:00:00,540,540,540,540,100
2022-11-28 11:01:00,540,540,540,540,0
2022-11-28 11:02:00,540,540,540,540,0
2022-11-28 11:03:00,540,540,540,540,700
2022-11-28 11:04:00,540,540,540,540,0
2022-11-28 11:05:00,540,540,540,540,0
2022-11-28 11:06:00,540,540,540,540,0
2022-11-28 11:07:00,540,540,540,540,300
2022-11-28 11:08:00,540,540,540,540,200
2022-11-28 11:09:00,540,540,540,540,0
2022-11-28 11:10:00,540,540,540,540,0
2022-11-28 11:11:00,540,540,540,540,0
2022-11-28 11:12:00,540,540,540,540,0
2022-11-28 11:13:00,540,540,540,540,0
2022-11-28 11:14:00,540,540,540,540,800
2022-11-28 11:15:00,540,540,540,540,0
2022-11-28 11:16:00,540,540,540,540,0
2022-11-28 11:17:00,540,540,540,540,0
2022-11-28 11:18:00,540,540,540,540,200
2022-11-28 11:19:00,540,540,540,540,0
2022-11-28 11:20:00,540,540,540,540,500
2022-11-28 11:21:00,540,540,540,540,0
2022-11-28 11:22:00,540,540,540,540,200
2022-11-28 11:23:00,540,540,540,540,100
2022-11-28 11:24:00,540,540,540,540,0
2022-11-28 11:25:00,540,540,540,540,600
2022-11-28 11:26:00,540,540,540,540,500
2022-11-28 11:27:00,540,540,540,540,0
2022-11-28 11:28:00,540,540,540,540,800
2022-11-28 11:29:00,535,535,540,540,1400
2022-11-28 11:30:00,535,535,540,540,0
2022-11-28 11:31:00,535,535,540,540,0
2022-11-28 11:32:00,535,535,540,540,0
2022-11-28 11:33:00,535,535,540,540,0
2022-11-28 11:34:00,535,535,540,540,0
2022-11-28 11:35:00,535,535,540,540,0
2022-11-28 11:36:00,535,535,540,540,0
2022-11-28 11:37:00,535,535,540,540,0
2022-11-28 11:38:00,535,535,540,540,0
2022-11-28 11:39:00,535,535,540,540,0
2022-11-28 11:40:00,535,535,540,540,0
2022-11-28 11:41:00,535,535,540,540,0
2022-11-28 11:42:00,535,535,540,540,0
2022-11-28 11:43:00,535,535,540,540,0
2022-11-28 11:44:00,535,535,540,540,0
2022-11-28 11:45:00,535,535,540,540,0
2022-11-28 11:46:00,535,535,540,540,0
2022-11-28 11:47:00,535,535,540,540,0
2022-11-28 11:48:00,535,535,540,540,0
2022-11-28 11:49:00,535,535,540,540,0
2022-11-28 11:50:00,535,535,540,540,0
2022-11-28 11:51:00,535,535,540,540,0
2022-11-28 11:52:00,535,535,540,540,0
2022-11-28 11:53:00,535,535,540,540,0
2022-11-28 11:54:00,535,535,540,540,0
2022-11-28 11:55:00,535,535,540,540,0
2022-11-28 11:56:00,535,535,540,540,0
2022-11-28 11:57:00,535,535,540,540,0
2022-11-28 11:58:00,535,535,540,540,0
2022-11-28 11:59:00,535,535,540,540,0
2022-11-28 12:00:00,535,535,540,540,0
2022-11-28 12:01:00,535,535,540,540,0
2022-11-28 12:02:00,535,535,540,540,0
2022-11-28 12:03:00,535,535,540,540,0
2022-11-28 12:04:00,535,535,540,540,0
2022-11-28 12:05:00,535,535,540,540,0
2022-11-28 12:06:00,535,535,540,540,0
2022-11-28 12:07:00,535,535,540,540,0
2022-11-28 12:08:00,535,535,540,540,0
2022-11-28 12:09:00,535,535,540,540,0
2022-11-28 12:10:00,535,535,540,540,0
2022-11-28 12:11:00,535,535,540,540,0
2022-11-28 12:12:00,535,535,540,540,0
2022-11-28 12:13:00,535,535,540,540,0
2022-11-28 12:14:00,535,535,540,540,0
2022-11-28 12:15:00,535,535,540,540,0
2022-11-28 12:16:00,535,535,540,540,0
2022-11-28 12:17:00,535,535,540,540,0
2022-11-28 12:18:00,535,535,540,540,0
2022-11-28 12:19:00,535,535,540,540,0
2022-11-28 12:20:00,535,535,540,540,0
2022-11-28 12:21:00,535,535,540,540,0
2022-11-28 12:22:00,535,535,540,540,0
2022-11-28 12:23:00,535,535,540,540,0
2022-11-28 12:24:00,535,535,540,540,0
2022-11-28 12:25:00,535,535,540,540,0
2022-11-28 12:26:00,535,535,540,540,0
2022-11-28 12:27:00,535,535,540,540,0
2022-11-28 12:28:00,535,535,540,540,0
2022-11-28 12:29:00,535,535,540,540,0
2022-11-28 12:30:00,535,535,540,540,0
2022-11-28 12:31:00,535,535,540,540,0
2022-11-28 12:32:00,535,535,540,540,0
2022-11-28 12:33:00,535,535,540,540,0
2022-11-28 12:34:00,535,535,540,540,0
2022-11-28 12:35:00,535,535,540,540,0
2022-11-28 12:36:00,535,535,540,540,0
2022-11-28 12:37:00,535,535,540,540,0
2022-11-28 12:38:00,535,535,540,540,0
2022-11-28 12:39:00,535,535,540,540,0
2022-11-28 12:40:00,535,535,540,540,0
2022-11-28 12:41:00,535,535,540,540,0
2022-11-28 12:42:00,535,535,540,540,0
2022-11-28 12:43:00,535,535,540,540,0
2022-11-28 12:44:00,535,535,540,540,0
2022-11-28 12:45:00,535,535,540,540,0
2022-11-28 12:46:00,535,535,540,540,0
2022-11-28 12:47:00,535,535,540,540,0
2022-11-28 12:48:00,535,535,540,540,0
2022-11-28 12:49:00,535,535,540,540,0
2022-11-28 12:50:00,535,535,540,540,0
2022-11-28 12:51:00,535,535,540,540,0
2022-11-28 12:52:00,535,535,540,540,0
2022-11-28 12:53:00,535,535,540,540,0
2022-11-28 12:54:00,535,535,540,540,0
2022-11-28 12:55:00,535,535,540,540,0
2022-11-28 12:56:00,535,535,540,540,0
2022-11-28 12:57:00,535,535,540,540,0
2022-11-28 12:58:00,535,535,540,540,0
2022-11-28 12:59:00,535,535,540,540,0
2022-11-28 13:00:00,535,535,540,540,0
2022-11-28 13:01:00,535,535,540,540,0
2022-11-28 13:02:00,535,535,540,540,0
2022-11-28 13:03:00,535,535,540,540,0
2022-11-28 13:04:00,535,535,540,540,0
2022-11-28 13:05:00,535,535,540,540,0
2022-11-28 13:06:00,535,535,540,540,0
2022-11-28 13:07:00,535,535,540,540,0
2022-11-28 13:08:00,535,535,540,540,0
2022-11-28 13:09:00,535,535,540,540,0
2022-11-28 13:10:00,535,535,540,540,0
2022-11-28 13:11:00,535,535,540,540,0
2022-11-28 13:12:00,535,535,540,540,0
2022-11-28 13:13:00,535,535,540,540,0
2022-11-28 13:14:00,535,535,540,540,0
2022-11-28 13:15:00,535,535,540,540,0
2022-11-28 13:16:00,535,535,540,540,0
2022-11-28 13:17:00,535,535,540,540,0
2022-11-28 13:18:00,535,535,540,540,0
2022-11-28 13:19:00,535,535,540,540,0
2022-11-28 13:20:00,535,535,540,540,0
2022-11-28 13:21:00,535,535,540,540,0
2022-11-28 13:22:00,535,535,540,540,0
2022-11-28 13:23:00,535,535,540,540,0
2022-11-28 13:24:00,535,535,540,540,0
2022-11-28 13:25:00,535,535,540,540,0
2022-11-28 13:26:00,535,535,540,540,0
2022-11-28 13:27:00,535,535,540,540,0
2022-11-28 13:28:00,535,535,540,540,0
2022-11-28 13:29:00,535,535,540,540,0
2022-11-28 13:30:00,540,540,540,540,800
2022-11-28 13:31:00,540,540,540,540,0
2022-11-28 13:32:00,540,535,540,535,106600
2022-11-28 13:33:00,540,540,540,540,0
2022-11-28 13:34:00,540,540,540,540,0
2022-11-28 13:35:00,540,540,540,540,0
2022-11-28 13:36:00,540,540,540,540,0
2022-11-28 13:37:00,540,540,540,540,0
2022-11-28 13:38:00,540,540,540,540,0
2022-11-28 13:39:00,540,540,540,540,0
2022-11-28 13:40:00,540,540,540,540,0
2022-11-28 13:41:00,535,535,535,535,26200
2022-11-28 13:42:00,540,540,540,540,0
2022-11-28 13:43:00,540,540,540,540,200
2022-11-28 13:44:00,540,540,540,540,0
2022-11-28 13:45:00,540,540,540,540,0
2022-11-28 13:46:00,540,540,540,540,0
2022-11-28 13:47:00,540,540,540,540,0
2022-11-28 13:48:00,540,540,540,540,0
2022-11-28 13:49:00,540,540,540,540,0
2022-11-28 13:50:00,540,540,540,540,0
2022-11-28 13:51:00,540,540,540,540,0
2022-11-28 13:52:00,540,540,540,540,0
2022-11-28 13:53:00,540,540,540,540,0
2022-11-28 13:54:00,540,540,540,540,200
2022-11-28 13:55:00,540,540,540,540,0
2022-11-28 13:56:00,540,540,540,540,0
2022-11-28 13:57:00,540,540,540,540,0
2022-11-28 13:58:00,540,540,540,540,0
2022-11-28 13:59:00,540,540,540,540,0
2022-11-28 14:00:00,540,540,540,540,0
2022-11-28 14:01:00,540,540,540,540,0
2022-11-28 14:02:00,540,540,540,540,0
2022-11-28 14:03:00,540,540,540,540,0
2022-11-28 14:04:00,540,540,540,540,0
2022-11-28 14:05:00,540,540,540,540,0
2022-11-28 14:06:00,540,540,540,540,300
2022-11-28 14:07:00,540,540,540,540,0
2022-11-28 14:08:00,540,540,540,540,0
2022-11-28 14:09:00,540,535,540,535,1100
2022-11-28 14:10:00,540,540,540,540,600
2022-11-28 14:11:00,540,540,540,540,0
2022-11-28 14:12:00,540,540,540,540,0
2022-11-28 14:13:00,540,540,540,540,0
2022-11-28 14:14:00,540,540,540,540,300
2022-11-28 14:15:00,540,540,540,540,0
2022-11-28 14:16:00,540,540,540,540,0
2022-11-28 14:17:00,540,540,540,540,0
2022-11-28 14:18:00,540,540,540,540,0
2022-11-28 14:19:00,540,540,540,540,0
2022-11-28 14:20:00,540,540,540,540,0
2022-11-28 14:21:00,540,540,540,540,100
2022-11-28 14:22:00,540,540,540,540,0
2022-11-28 14:23:00,540,540,540,540,0
2022-11-28 14:24:00,540,540,540,540,0
2022-11-28 14:25:00,540,540,540,540,400
2022-11-28 14:26:00,540,540,540,540,0
2022-11-28 14:27:00,535,535,535,535,59800
2022-11-28 14:28:00,540,540,540,540,0
2022-11-28 14:29:00,540,540,540,540,0
2022-11-28 14:30:00,540,540,540,540,108200
2022-11-28 14:31:00,535,530,540,540,106400
2022-11-28 14:32:00,540,535,540,535,2000
2022-11-28 14:33:00,535,535,540,540,19900
2022-11-28 14:34:00,540,540,540,540,200
2022-11-28 14:35:00,540,540,540,540,400
2022-11-28 14:36:00,540,540,540,540,0
2022-11-28 14:37:00,540,540,540,540,1000
2022-11-28 14:38:00,540,540,540,540,0
2022-11-28 14:39:00,540,540,540,540,300
2022-11-28 14:40:00,540,540,540,540,600
2022-11-28 14:41:00,540,540,540,540,100
2022-11-28 14:42:00,540,540,540,540,0
2022-11-28 14:43:00,540,540,540,540,600
2022-11-28 14:44:00,540,540,540,540,0
2022-11-28 14:45:00,540,540,540,540,200
2022-11-28 14:46:00,540,540,540,540,300
2022-11-28 14:47:00,540,540,540,540,0
2022-11-28 14:48:00,540,540,540,540,400
2022-11-28 14:49:00,540,540,540,540,1100
2022-11-28 14:50:00,540,540,540,540,0
2022-11-28 14:51:00,540,540,540,540,0
2022-11-28 14:52:00,540,540,540,540,0
2022-11-28 14:53:00,540,540,540,540,0
2022-11-28 14:54:00,540,540,540,540,0
2022-11-28 14:55:00,540,540,540,540,0
2022-11-28 14:56:00,540,540,540,540,0
2022-11-28 14:57:00,540,540,540,540,0
2022-11-28 14:58:00,540,540,540,540,0
2022-11-28 14:59:00,540,540,540,540,0
2022-11-28 15:00:00,535,535,535,535,493700
2022-11-28 15:01:00,535,535,535,535,0
2022-11-28 15:02:00,535,535,535,535,0
2022-11-28 15:03:00,535,535,535,535,0
2022-11-28 15:04:00,535,535,535,535,0
2022-11-28 15:05:00,535,535,535,535,0
2022-11-28 15:06:00,535,535,535,535,0
2022-11-28 15:07:00,535,535,535,535,0
2022-11-28 15:08:00,535,535,535,535,0
2022-11-28 15:09:00,535,535,535,535,0
2022-11-28 15:10:00,535,535,535,535,0
2022-11-28 15:11:00,535,535,535,535,0
2022-11-28 15:12:00,535,535,535,535,0
2022-11-28 15:13:00,535,535,535,535,0
2022-11-28 15:14:00,535,535,535,535,0
2022-11-28 15:15:00,535,535,535,535,0
2022-11-28 15:16:00,535,535,535,535,0
2022-11-28 15:17:00,535,535,535,535,0
2022-11-28 15:18:00,535,535,535,535,0
2022-11-28 15:19:00,535,535,535,535,0
2022-11-28 15:20:00,535,535,535,535,0
2022-11-28 15:21:00,535,535,535,535,0
2022-11-28 15:22:00,535,535,535,535,0
2022-11-28 15:23:00,535,535,535,535,0
2022-11-28 15:24:00,535,535,535,535,0
2022-11-28 15:25:00,535,535,535,535,0
2022-11-28 15:26:00,535,535,535,535,0
2022-11-28 15:27:00,535,535,535,535,0
2022-11-28 15:28:00,535,535,535,535,0
2022-11-28 15:29:00,535,535,535,535,0
2022-11-28 15:30:00,535,535,535,535,0
2022-11-28 15:31:00,535,535,535,535,0
2022-11-28 15:32:00,535,535,535,535,0
2022-11-28 15:33:00,535,535,535,535,0
2022-11-28 15:34:00,535,535,535,535,0
2022-11-28 15:35:00,535,535,535,535,0
2022-11-28 15:36:00,535,535,535,535,0
2022-11-28 15:37:00,535,535,535,535,0
2022-11-28 15:38:00,535,535,535,535,0
2022-11-28 15:39:00,535,535,535,535,0
2022-11-28 15:40:00,535,535,535,535,0
2022-11-28 15:41:00,535,535,535,535,0
2022-11-28 15:42:00,535,535,535,535,0
2022-11-28 15:43:00,535,535,535,535,0
2022-11-28 15:44:00,535,535,535,535,0
2022-11-28 15:45:00,535,535,535,535,0
2022-11-28 15:46:00,535,535,535,535,0
2022-11-28 15:47:00,535,535,535,535,0
2022-11-28 15:48:00,535,535,535,535,0
2022-11-28 15:49:00,535,535,535,535,0
2022-11-28 15:50:00,535,535,535,535,0
2022-11-28 15:51:00,535,535,535,535,0
2022-11-28 15:52:00,535,535,535,535,0
2022-11-28 15:53:00,535,535,535,535,0
2022-11-28 15:54:00,535,535,535,535,0
2022-11-28 15:55:00,535,535,535,535,0
2022-11-28 15:56:00,535,535,535,535,0
2022-11-28 15:57:00,535,535,535,535,0
2022-11-28 15:58:00,535,535,535,535,0
2022-11-28 15:59:00,535,535,535,535,0
2022-11-29 09:00:00,535,535,535,535,0
2022-11-29 09:01:00,535,535,535,535,0
2022-11-29 09:02:00,540,535,540,540,0
2022-11-29 09:03:00,540,535,540,540,0
2022-11-29 09:04:00,540,535,540,540,0
2022-11-29 09:05:00,540,535,540,540,0
2022-11-29 09:06:00,540,535,540,540,0
2022-11-29 09:07:00,540,535,540,540,0
2022-11-29 09:08:00,540,535,540,540,0
2022-11-29 09:09:00,540,535,540,540,0
2022-11-29 09:10:00,540,535,540,540,0
2022-11-29 09:11:00,540,535,540,540,0
2022-11-29 09:12:00,540,535,540,540,0
2022-11-29 09:13:00,540,535,540,540,0
2022-11-29 09:14:00,540,535,540,540,0
2022-11-29 09:15:00,540,535,540,540,0
2022-11-29 09:16:00,540,535,540,540,0
2022-11-29 09:17:00,535,535,540,540,500
2022-11-29 09:18:00,535,535,540,540,0
2022-11-29 09:19:00,535,535,540,540,0
2022-11-29 09:20:00,535,535,540,540,0
2022-11-29 09:21:00,535,535,540,540,0
2022-11-29 09:22:00,535,535,540,540,0
2022-11-29 09:23:00,535,535,540,540,0
2022-11-29 09:24:00,535,535,540,540,0
2022-11-29 09:25:00,535,535,540,540,0
2022-11-29 09:26:00,535,535,540,540,0
2022-11-29 09:27:00,535,535,540,540,0
2022-11-29 09:28:00,535,535,540,540,0
2022-11-29 09:29:00,535,530,540,535,89900
2022-11-29 09:30:00,535,530,540,535,0
2022-11-29 09:31:00,535,530,540,535,0
2022-11-29 09:32:00,535,535,535,535,0
2022-11-29 09:33:00,535,535,535,535,1500
2022-11-29 09:34:00,535,535,535,535,0
2022-11-29 09:35:00,535,535,535,535,1600
2022-11-29 09:36:00,535,535,535,535,0
2022-11-29 09:37:00,535,535,535,535,0
2022-11-29 09:38:00,535,535,535,535,4100
2022-11-29 09:39:00,535,535,535,535,0
2022-11-29 09:40:00,535,535,535,535,0
2022-11-29 09:41:00,535,535,535,535,1200
2022-11-29 09:42:00,535,535,535,535,800
2022-11-29 09:43:00,535,535,535,535,0
2022-11-29 09:44:00,535,535,535,535,300
2022-11-29 09:45:00,535,535,535,535,500
2022-11-29 09:46:00,535,535,535,535,1100
2022-11-29 09:47:00,535,535,535,535,0
2022-11-29 09:48:00,535,535,535,535,0
2022-11-29 09:49:00,535,535,535,535,0
2022-11-29 09:50:00,535,535,535,535,800
2022-11-29 09:51:00,535,535,535,535,1200
2022-11-29 09:52:00,535,535,535,535,0
2022-11-29 09:53:00,535,535,535,535,0
2022-11-29 09:54:00,535,535,535,535,0
2022-11-29 09:55:00,535,535,535,535,400
2022-11-29 09:56:00,535,535,535,535,0
2022-11-29 09:57:00,535,535,535,535,0
2022-11-29 09:58:00,535,535,535,535,0
2022-11-29 09:59:00,535,535,535,535,0
2022-11-29 10:00:00,535,535,535,535,0
2022-11-29 10:01:00,535,535,535,535,0
2022-11-29 10:02:00,535,535,535,535,0
2022-11-29 10:03:00,535,535,535,535,0
2022-11-29 10:04:00,535,535,535,535,0
2022-11-29 10:05:00,535,535,535,535,0
2022-11-29 10:06:00,535,535,535,535,0
2022-11-29 10:07:00,535,535,535,535,0
2022-11-29 10:08:00,535,535,535,535,0
2022-11-29 10:09:00,535,535,535,535,0
2022-11-29 10:10:00,535,535,535,535,900
2022-11-29 10:11:00,535,535,535,535,0
2022-11-29 10:12:00,535,535,535,535,0
2022-11-29 10:13:00,535,535,535,535,1900
2022-11-29 10:14:00,535,535,535,535,200
2022-11-29 10:15:00,535,535,535,535,5100
2022-11-29 10:16:00,535,535,535,535,0
2022-11-29 10:17:00,540,540,540,540,500
2022-11-29 10:18:00,540,540,540,540,0
2022-11-29 10:19:00,540,540,540,540,0
2022-11-29 10:20:00,540,540,540,540,0
2022-11-29 10:21:00,540,540,540,540,0
2022-11-29 10:22:00,540,540,540,540,0
2022-11-29 10:23:00,540,540,540,540,0
2022-11-29 10:24:00,540,540,540,540,0
2022-11-29 10:25:00,540,540,540,540,0
2022-11-29 10:26:00,540,540,540,540,0
2022-11-29 10:27:00,540,540,540,540,0
2022-11-29 10:28:00,540,540,540,540,0
2022-11-29 10:29:00,540,540,540,540,0
2022-11-29 10:30:00,540,540,540,540,0
2022-11-29 10:31:00,540,540,540,540,0
2022-11-29 10:32:00,540,540,540,540,0
2022-11-29 10:33:00,540,540,540,540,0
2022-11-29 10:34:00,540,540,540,540,0
2022-11-29 10:35:00,540,540,540,540,0
2022-11-29 10:36:00,540,540,540,540,0
2022-11-29 10:37:00,540,540,540,540,0
2022-11-29 10:38:00,540,540,540,540,0
2022-11-29 10:39:00,535,535,535,535,3700
2022-11-29 10:40:00,535,535,535,535,0
2022-11-29 10:41:00,535,535,535,535,0
2022-11-29 10:42:00,535,535,535,535,0
2022-11-29 10:43:00,535,535,535,535,0
2022-11-29 10:44:00,535,535,535,535,400
2022-11-29 10:45:00,535,535,535,535,0
2022-11-29 10:46:00,535,535,535,535,0
2022-11-29 10:47:00,535,535,535,535,0
2022-11-29 10:48:00,535,535,535,535,0
2022-11-29 10:49:00,535,535,535,535,0
2022-11-29 10:50:00,535,535,535,535,0
2022-11-29 10:51:00,535,535,535,535,0
2022-11-29 10:52:00,535,535,535,535,0
2022-11-29 10:53:00,535,535,535,535,0
2022-11-29 10:54:00,535,535,535,535,0
2022-11-29 10:55:00,535,535,535,535,200
2022-11-29 10:56:00,535,535,535,535,1300
2022-11-29 10:57:00,535,535,535,535,0
2022-11-29 10:58:00,535,535,535,535,0
2022-11-29 10:59:00,535,535,535,535,1300
2022-11-29 11:00:00,535,535,535,535,0
2022-11-29 11:01:00,535,535,535,535,0
2022-11-29 11:02:00,535,535,535,535,0
2022-11-29 11:03:00,535,535,535,535,0
2022-11-29 11:04:00,535,535,535,535,2200
2022-11-29 11:05:00,535,535,535,535,0
2022-11-29 11:06:00,535,535,535,535,0
2022-11-29 11:07:00,535,535,535,535,0
2022-11-29 11:08:00,535,535,535,535,0
2022-11-29 11:09:00,535,535,535,535,0
2022-11-29 11:10:00,535,535,535,535,0
2022-11-29 11:11:00,535,535,535,535,0
2022-11-29 11:12:00,535,535,535,535,0
2022-11-29 11:13:00,535,535,535,535,0
2022-11-29 11:14:00,535,535,535,535,55100
2022-11-29 11:15:00,535,535,535,535,0
2022-11-29 11:16:00,535,535,535,535,0
2022-11-29 11:17:00,535,535,535,535,0
2022-11-29 11:18:00,535,535,535,535,0
2022-11-29 11:19:00,535,535,535,535,0
2022-11-29 11:20:00,535,535,535,535,0
2022-11-29 11:21:00,535,535,535,535,0
2022-11-29 11:22:00,535,535,535,535,0
2022-11-29 11:23:00,535,535,535,535,0
2022-11-29 11:24:00,535,535,535,535,0
2022-11-29 11:25:00,535,535,535,535,0
2022-11-29 11:26:00,535,535,535,535,0
2022-11-29 11:27:00,535,535,535,535,0
2022-11-29 11:28:00,535,535,535,535,500
2022-11-29 11:29:00,535,535,535,535,0
2022-11-29 11:30:00,535,535,535,535,0
2022-11-29 11:31:00,535,535,535,535,0
2022-11-29 11:32:00,535,535,535,535,0
2022-11-29 11:33:00,535,535,535,535,0
2022-11-29 11:34:00,535,535,535,535,0
2022-11-29 11:35:00,535,535,535,535,0
2022-11-29 11:36:00,535,535,535,535,0
2022-11-29 11:37:00,535,535,535,535,0
2022-11-29 11:38:00,535,535,535,535,0
2022-11-29 11:39:00,535,535,535,535,0
2022-11-29 11:40:00,535,535,535,535,0
2022-11-29 11:41:00,535,535,535,535,0
2022-11-29 11:42:00,535,535,535,535,0
2022-11-29 11:43:00,535,535,535,535,0
2022-11-29 11:44:00,535,535,535,535,0
2022-11-29 11:45:00,535,535,535,535,0
2022-11-29 11:46:00,535,535,535,535,0
2022-11-29 11:47:00,535,535,535,535,0
2022-11-29 11:48:00,535,535,535,535,0
2022-11-29 11:49:00,535,535,535,535,0
2022-11-29 11:50:00,535,535,535,535,0
2022-11-29 11:51:00,535,535,535,535,0
2022-11-29 11:52:00,535,535,535,535,0
2022-11-29 11:53:00,535,535,535,535,0
2022-11-29 11:54:00,535,535,535,535,0
2022-11-29 11:55:00,535,535,535,535,0
2022-11-29 11:56:00,535,535,535,535,0
2022-11-29 11:57:00,535,535,535,535,0
2022-11-29 11:58:00,535,535,535,535,0
2022-11-29 11:59:00,535,535,535,535,0
2022-11-29 12:00:00,535,535,535,535,0
2022-11-29 12:01:00,535,535,535,535,0
2022-11-29 12:02:00,535,535,535,535,0
2022-11-29 12:03:00,535,535,535,535,0
2022-11-29 12:04:00,535,535,535,535,0
2022-11-29 12:05:00,535,535,535,535,0
2022-11-29 12:06:00,535,535,535,535,0
2022-11-29 12:07:00,535,535,535,535,0
2022-11-29 12:08:00,535,535,535,535,0
2022-11-29 12:09:00,535,535,535,535,0
2022-11-29 12:10:00,535,535,535,535,0
2022-11-29 12:11:00,535,535,535,535,0
2022-11-29 12:12:00,535,535,535,535,0
2022-11-29 12:13:00,535,535,535,535,0
2022-11-29 12:14:00,535,535,535,535,0
2022-11-29 12:15:00,535,535,535,535,0
2022-11-29 12:16:00,535,535,535,535,0
2022-11-29 12:17:00,535,535,535,535,0
2022-11-29 12:18:00,535,535,535,535,0
2022-11-29 12:19:00,535,535,535,535,0
2022-11-29 12:20:00,535,535,535,535,0
2022-11-29 12:21:00,535,535,535,535,0
2022-11-29 12:22:00,535,535,535,535,0
2022-11-29 12:23:00,535,535,535,535,0
2022-11-29 12:24:00,535,535,535,535,0
2022-11-29 12:25:00,535,535,535,535,0
2022-11-29 12:26:00,535,535,535,535,0
2022-11-29 12:27:00,535,535,535,535,0
2022-11-29 12:28:00,535,535,535,535,0
2022-11-29 12:29:00,535,535,535,535,0
2022-11-29 12:30:00,535,535,535,535,0
2022-11-29 12:31:00,535,535,535,535,0
2022-11-29 12:32:00,535,535,535,535,0
2022-11-29 12:33:00,535,535,535,535,0
2022-11-29 12:34:00,535,535,535,535,0
2022-11-29 12:35:00,535,535,535,535,0
2022-11-29 12:36:00,535,535,535,535,0
2022-11-29 12:37:00,535,535,535,535,0
2022-11-29 12:38:00,535,535,535,535,0
2022-11-29 12:39:00,535,535,535,535,0
2022-11-29 12:40:00,535,535,535,535,0
2022-11-29 12:41:00,535,535,535,535,0
2022-11-29 12:42:00,535,535,535,535,0
2022-11-29 12:43:00,535,535,535,535,0
2022-11-29 12:44:00,535,535,535,535,0
2022-11-29 12:45:00,535,535,535,535,0
2022-11-29 12:46:00,535,535,535,535,0
2022-11-29 12:47:00,535,535,535,535,0
2022-11-29 12:48:00,535,535,535,535,0
2022-11-29 12:49:00,535,535,535,535,0
2022-11-29 12:50:00,535,535,535,535,0
2022-11-29 12:51:00,535,535,535,535,0
2022-11-29 12:52:00,535,535,535,535,0
2022-11-29 12:53:00,535,535,535,535,0
2022-11-29 12:54:00,535,535,535,535,0
2022-11-29 12:55:00,535,535,535,535,0
2022-11-29 12:56:00,535,535,535,535,0
2022-11-29 12:57:00,535,535,535,535,0
2022-11-29 12:58:00,535,535,535,535,0
2022-11-29 12:59:00,535,535,535,535,0
2022-11-29 13:00:00,535,535,535,535,0
2022-11-29 13:01:00,535,535,535,535,0
2022-11-29 13:02:00,535,535,535,535,0
2022-11-29 13:03:00,535,535,535,535,0
2022-11-29 13:04:00,535,535,535,535,0
2022-11-29 13:05:00,535,535,535,535,0
2022-11-29 13:06:00,535,535,535,535,0
2022-11-29 13:07:00,535,535,535,535,0
2022-11-29 13:08:00,535,535,535,535,0
2022-11-29 13:09:00,535,535,535,535,0
2022-11-29 13:10:00,535,535,535,535,0
2022-11-29 13:11:00,535,535,535,535,0
2022-11-29 13:12:00,535,535,535,535,0
2022-11-29 13:13:00,535,535,535,535,0
2022-11-29 13:14:00,535,535,535,535,0
2022-11-29 13:15:00,535,535,535,535,0
2022-11-29 13:16:00,535,535,535,535,0
2022-11-29 13:17:00,535,535,535,535,0
2022-11-29 13:18:00,535,535,535,535,0
2022-11-29 13:19:00,535,535,535,535,0
2022-11-29 13:20:00,535,535,535,535,0
2022-11-29 13:21:00,535,535,535,535,0
2022-11-29 13:22:00,535,535,535,535,0
2022-11-29 13:23:00,535,535,535,535,0
2022-11-29 13:24:00,535,535,535,535,0
2022-11-29 13:25:00,535,535,535,535,0
2022-11-29 13:26:00,535,535,535,535,0
2022-11-29 13:27:00,535,535,535,535,0
2022-11-29 13:28:00,535,535,535,535,0
2022-11-29 13:29:00,535,535,535,535,0
2022-11-29 13:30:00,535,535,540,540,108400
2022-11-29 13:31:00,535,535,540,540,0
2022-11-29 13:32:00,535,535,540,540,0
2022-11-29 13:33:00,535,535,540,540,0
2022-11-29 13:34:00,540,540,540,540,0
2022-11-29 13:35:00,540,540,540,540,0
2022-11-29 13:36:00,540,540,540,540,0
2022-11-29 13:37:00,540,540,540,540,0
2022-11-29 13:38:00,540,540,540,540,0
2022-11-29 13:39:00,540,540,540,540,0
2022-11-29 13:40:00,540,540,540,540,0
2022-11-29 13:41:00,540,540,540,540,0
2022-11-29 13:42:00,540,540,540,540,0
2022-11-29 13:43:00,540,540,540,540,0
2022-11-29 13:44:00,540,540,540,540,0
2022-11-29 13:45:00,540,540,540,540,0
2022-11-29 13:46:00,540,540,540,540,0
2022-11-29 13:47:00,540,540,540,540,0
2022-11-29 13:48:00,540,540,540,540,0
2022-11-29 13:49:00,540,540,540,540,0
2022-11-29 13:50:00,540,540,540,540,0
2022-11-29 13:51:00,540,540,540,540,0
2022-11-29 13:52:00,540,540,540,540,0
2022-11-29 13:53:00,540,540,540,540,0
2022-11-29 13:54:00,540,540,540,540,0
2022-11-29 13:55:00,540,540,540,540,0
2022-11-29 13:56:00,540,540,540,540,0
2022-11-29 13:57:00,540,540,540,540,0
2022-11-29 13:58:00,540,540,540,540,0
2022-11-29 13:59:00,540,540,540,540,0
2022-11-29 14:00:00,540,540,540,540,0
2022-11-29 14:01:00,540,540,540,540,0
2022-11-29 14:02:00,540,540,540,540,0
2022-11-29 14:03:00,540,540,540,540,0
2022-11-29 14:04:00,540,540,540,540,1000
2022-11-29 14:05:00,540,540,540,540,0
2022-11-29 14:06:00,540,540,540,540,0
2022-11-29 14:07:00,540,540,540,540,0
2022-11-29 14:08:00,540,540,540,540,0
2022-11-29 14:09:00,540,540,540,540,0
2022-11-29 14:10:00,540,540,540,540,0
2022-11-29 14:11:00,540,540,540,540,0
2022-11-29 14:12:00,540,540,540,540,0
2022-11-29 14:13:00,540,540,540,540,0
2022-11-29 14:14:00,540,540,540,540,0
2022-11-29 14:15:00,540,540,540,540,0
2022-11-29 14:16:00,540,540,540,540,0
2022-11-29 14:17:00,540,540,540,540,0
2022-11-29 14:18:00,540,540,540,540,0
2022-11-29 14:19:00,540,540,540,540,0
2022-11-29 14:20:00,540,540,540,540,0
2022-11-29 14:21:00,540,540,540,540,0
2022-11-29 14:22:00,540,540,540,540,0
2022-11-29 14:23:00,540,540,540,540,0
2022-11-29 14:24:00,540,540,540,540,0
2022-11-29 14:25:00,540,540,540,540,0
2022-11-29 14:26:00,540,540,540,540,0
2022-11-29 14:27:00,540,540,540,540,0
2022-11-29 14:28:00,540,540,540,540,0
2022-11-29 14:29:00,540,540,540,540,0
2022-11-29 14:30:00,540,540,540,540,0
2022-11-29 14:31:00,540,540,540,540,0
2022-11-29 14:32:00,540,540,540,540,0
2022-11-29 14:33:00,535,535,535,535,2000
2022-11-29 14:34:00,540,540,540,540,500
2022-11-29 14:35:00,540,540,540,540,0
2022-11-29 14:36:00,540,540,540,540,0
2022-11-29 14:37:00,540,540,540,540,0
2022-11-29 14:38:00,540,540,540,540,0
2022-11-29 14:39:00,540,540,540,540,0
2022-11-29 14:40:00,540,540,540,540,0
2022-11-29 14:41:00,540,540,540,540,0
2022-11-29 14:42:00,540,540,540,540,0
2022-11-29 14:43:00,540,540,540,540,600
2022-11-29 14:44:00,540,540,540,540,500
2022-11-29 14:45:00,540,540,540,540,1000
2022-11-29 14:46:00,540,540,540,540,0
2022-11-29 14:47:00,540,540,540,540,0
2022-11-29 14:48:00,540,540,540,540,204300
2022-11-29 14:49:00,540,540,540,540,0
2022-11-29 14:50:00,540,540,540,540,0
2022-11-29 14:51:00,540,540,540,540,0
2022-11-29 14:52:00,540,540,540,540,0
2022-11-29 14:53:00,540,540,540,540,0
2022-11-29 14:54:00,540,540,540,540,0
2022-11-29 14:55:00,540,540,540,540,0
2022-11-29 14:56:00,540,540,540,540,0
2022-11-29 14:57:00,540,540,540,540,0
2022-11-29 14:58:00,540,540,540,540,0
2022-11-29 14:59:00,540,540,540,540,0
2022-11-29 15:00:00,540,540,540,540,587400
2022-11-29 15:01:00,540,540,540,540,0
2022-11-29 15:02:00,540,540,540,540,0
2022-11-29 15:03:00,540,540,540,540,0
2022-11-29 15:04:00,540,540,540,540,0
2022-11-29 15:05:00,540,540,540,540,0
2022-11-29 15:06:00,540,540,540,540,0
2022-11-29 15:07:00,540,540,540,540,0
2022-11-29 15:08:00,540,540,540,540,0
2022-11-29 15:09:00,540,540,540,540,0
2022-11-29 15:10:00,540,540,540,540,0
2022-11-29 15:11:00,540,540,540,540,0
2022-11-29 15:12:00,540,540,540,540,0
2022-11-29 15:13:00,540,540,540,540,0
2022-11-29 15:14:00,540,540,540,540,0
2022-11-29 15:15:00,540,540,540,540,0
2022-11-29 15:16:00,540,540,540,540,0
2022-11-29 15:17:00,540,540,540,540,0
2022-11-29 15:18:00,540,540,540,540,0
2022-11-29 15:19:00,540,540,540,540,0
2022-11-29 15:20:00,540,540,540,540,0
2022-11-29 15:21:00,540,540,540,540,0
2022-11-29 15:22:00,540,540,540,540,0
2022-11-29 15:23:00,540,540,540,540,0
2022-11-29 15:24:00,540,540,540,540,0
2022-11-29 15:25:00,540,540,540,540,0
2022-11-29 15:26:00,540,540,540,540,0
2022-11-29 15:27:00,540,540,540,540,0
2022-11-29 15:28:00,540,540,540,540,0
2022-11-29 15:29:00,540,540,540,540,0
2022-11-29 15:30:00,540,540,540,540,0
2022-11-29 15:31:00,540,540,540,540,0
2022-11-29 15:32:00,540,540,540,540,0
2022-11-29 15:33:00,540,540,540,540,0
2022-11-29 15:34:00,540,540,540,540,0
2022-11-29 15:35:00,540,540,540,540,0
2022-11-29 15:36:00,540,540,540,540,0
2022-11-29 15:37:00,540,540,540,540,0
2022-11-29 15:38:00,540,540,540,540,0
2022-11-29 15:39:00,540,540,540,540,0
2022-11-29 15:40:00,540,540,540,540,0
2022-11-29 15:41:00,540,540,540,540,0
2022-11-29 15:42:00,540,540,540,540,0
2022-11-29 15:43:00,540,540,540,540,0
2022-11-29 15:44:00,540,540,540,540,0
2022-11-29 15:45:00,540,540,540,540,0
2022-11-29 15:46:00,540,540,540,540,0
2022-11-29 15:47:00,540,540,540,540,0
2022-11-29 15:48:00,540,540,540,540,0
2022-11-29 15:49:00,540,540,540,540,0
2022-11-29 15:50:00,540,540,540,540,0
2022-11-29 15:51:00,540,540,540,540,0
2022-11-29 15:52:00,540,540,540,540,0
2022-11-29 15:53:00,540,540,540,540,0
2022-11-29 15:54:00,540,540,540,540,0
2022-11-29 15:55:00,540,540,540,540,0
2022-11-29 15:56:00,540,540,540,540,0
2022-11-29 15:57:00,540,540,540,540,0
2022-11-29 15:58:00,540,540,540,540,0
2022-11-29 15:59:00,540,540,540,540,0
2022-11-30 09:00:00,540,540,540,540,0
2022-11-30 09:01:00,540,540,540,540,0
2022-11-30 09:02:00,540,540,540,540,0
2022-11-30 09:03:00,540,540,540,540,0
2022-11-30 09:04:00,540,540,540,540,0
2022-11-30 09:05:00,540,540,540,540,0
2022-11-30 09:06:00,540,540,540,540,0
2022-11-30 09:07:00,540,540,540,540,500
2022-11-30 09:08:00,540,540,540,540,0
2022-11-30 09:09:00,540,540,540,540,0
2022-11-30 09:10:00,540,540,540,540,0
2022-11-30 09:11:00,540,540,540,540,0
2022-11-30 09:12:00,540,540,540,540,0
2022-11-30 09:13:00,540,540,540,540,0
2022-11-30 09:14:00,540,540,540,540,0
2022-11-30 09:15:00,540,540,540,540,0
2022-11-30 09:16:00,540,540,540,540,0
2022-11-30 09:17:00,540,540,540,540,0
2022-11-30 09:18:00,540,540,540,540,0
2022-11-30 09:19:00,540,540,540,540,0
2022-11-30 09:20:00,540,540,540,540,0
2022-11-30 09:21:00,540,540,540,540,0
2022-11-30 09:22:00,540,540,540,540,0
2022-11-30 09:23:00,540,540,540,540,1000
2022-11-30 09:24:00,540,540,540,540,300
2022-11-30 09:25:00,540,540,540,540,0
2022-11-30 09:26:00,540,540,540,540,0
2022-11-30 09:27:00,540,540,540,540,0
2022-11-30 09:28:00,540,540,540,540,100
2022-11-30 09:29:00,540,540,540,540,0
2022-11-30 09:30:00,540,540,540,540,0
2022-11-30 09:31:00,540,540,540,540,0
2022-11-30 09:32:00,540,540,540,540,0
2022-11-30 09:33:00,540,540,540,540,0
2022-11-30 09:34:00,540,540,540,540,0
2022-11-30 09:35:00,540,540,540,540,0
2022-11-30 09:36:00,540,540,540,540,0
2022-11-30 09:37:00,540,540,540,540,0
2022-11-30 09:38:00,540,540,540,540,0
2022-11-30 09:39:00,540,540,540,540,0
2022-11-30 09:40:00,540,540,540,540,0
2022-11-30 09:41:00,540,540,540,540,0
2022-11-30 09:42:00,540,540,540,540,0
2022-11-30 09:43:00,540,540,540,540,0
2022-11-30 09:44:00,540,540,540,540,0
2022-11-30 09:45:00,540,540,540,540,0
2022-11-30 09:46:00,540,540,540,540,0
2022-11-30 09:47:00,540,540,540,540,0
2022-11-30 09:48:00,540,540,540,540,0
2022-11-30 09:49:00,540,540,540,540,0
2022-11-30 09:50:00,540,540,540,540,0
2022-11-30 09:51:00,540,540,540,540,0
2022-11-30 09:52:00,540,540,540,540,0
2022-11-30 09:53:00,540,540,540,540,0
2022-11-30 09:54:00,540,540,540,540,0
2022-11-30 09:55:00,540,540,540,540,0
2022-11-30 09:56:00,540,540,540,540,0
2022-11-30 09:57:00,540,540,540,540,0
2022-11-30 09:58:00,540,540,540,540,0
2022-11-30 09:59:00,540,540,540,540,0
2022-11-30 10:00:00,540,540,540,540,0
2022-11-30 10:01:00,540,540,540,540,0
2022-11-30 10:02:00,540,540,540,540,0
2022-11-30 10:03:00,540,540,540,540,0
2022-11-30 10:04:00,540,540,540,540,0
2022-11-30 10:05:00,540,540,540,540,0
2022-11-30 10:06:00,540,540,540,540,0
2022-11-30 10:07:00,540,540,540,540,0
2022-11-30 10:08:00,535,535,535,535,45600
2022-11-30 10:09:00,540,540,540,540,0
2022-11-30 10:10:00,540,540,540,540,0
2022-11-30 10:11:00,535,535,535,535,6300
2022-11-30 10:12:00,540,540,540,540,500
2022-11-30 10:13:00,540,540,540,540,400
2022-11-30 10:14:00,540,540,540,540,0
2022-11-30 10:15:00,540,540,540,540,0
2022-11-30 10:16:00,540,540,540,540,0
2022-11-30 10:17:00,540,540,540,540,0
2022-11-30 10:18:00,540,540,540,540,0
2022-11-30 10:19:00,540,540,540,540,0
2022-11-30 10:20:00,540,540,540,540,0
2022-11-30 10:21:00,540,540,540,540,0
2022-11-30 10:22:00,540,540,540,540,0
2022-11-30 10:23:00,540,540,540,540,0
2022-11-30 10:24:00,540,540,540,540,0
2022-11-30 10:25:00,540,540,540,540,0
2022-11-30 10:26:00,540,540,540,540,0
2022-11-30 10:27:00,540,540,540,540,0
2022-11-30 10:28:00,540,540,540,540,0
2022-11-30 10:29:00,540,540,540,540,0
2022-11-30 10:30:00,540,540,540,540,0
2022-11-30 10:31:00,540,540,540,540,0
2022-11-30 10:32:00,540,540,540,540,0
2022-11-30 10:33:00,535,535,535,535,3000
2022-11-30 10:34:00,535,535,535,535,0
2022-11-30 10:35:00,535,535,535,535,0
2022-11-30 10:36:00,535,535,535,535,0
2022-11-30 10:37:00,535,535,535,535,0
2022-11-30 10:38:00,535,535,535,535,0
2022-11-30 10:39:00,530,530,535,535,60200
2022-11-30 10:40:00,530,530,535,535,0
2022-11-30 10:41:00,535,535,535,535,1900
2022-11-30 10:42:00,535,535,535,535,0
2022-11-30 10:43:00,535,535,535,535,0
2022-11-30 10:44:00,535,535,535,535,0
2022-11-30 10:45:00,535,535,535,535,0
2022-11-30 10:46:00,535,535,535,535,0
2022-11-30 10:47:00,535,535,535,535,0
2022-11-30 10:48:00,535,535,535,535,1000
2022-11-30 10:49:00,535,535,535,535,0
2022-11-30 10:50:00,535,535,535,535,0
2022-11-30 10:51:00,535,535,535,535,0
2022-11-30 10:52:00,535,535,535,535,0
2022-11-30 10:53:00,535,535,535,535,0
2022-11-30 10:54:00,535,535,535,535,0
2022-11-30 10:55:00,535,535,535,535,0
2022-11-30 10:56:00,535,535,535,535,0
2022-11-30 10:57:00,535,535,535,535,4500
2022-11-30 10:58:00,535,535,535,535,0
2022-11-30 10:59:00,535,535,535,535,0
2022-11-30 11:00:00,535,535,535,535,0
2022-11-30 11:01:00,535,535,535,535,1000
2022-11-30 11:02:00,535,535,535,535,0
2022-11-30 11:03:00,535,535,535,535,0
2022-11-30 11:04:00,535,535,535,535,0
2022-11-30 11:05:00,535,535,535,535,0
2022-11-30 11:06:00,530,530,530,530,50400
2022-11-30 11:07:00,535,535,535,535,400
2022-11-30 11:08:00,535,535,535,535,0
2022-11-30 11:09:00,530,530,530,530,8200
2022-11-30 11:10:00,530,530,530,530,0
2022-11-30 11:11:00,530,530,530,530,0
2022-11-30 11:12:00,530,530,530,530,16400
2022-11-30 11:13:00,535,535,535,535,0
2022-11-30 11:14:00,535,535,535,535,0
2022-11-30 11:15:00,535,535,535,535,0
2022-11-30 11:16:00,535,535,535,535,15000
2022-11-30 11:17:00,535,535,535,535,0
2022-11-30 11:18:00,535,535,535,535,0
2022-11-30 11:19:00,535,535,535,535,0
2022-11-30 11:20:00,535,535,535,535,0
2022-11-30 11:21:00,535,535,535,535,0
2022-11-30 11:22:00,535,535,535,535,0
2022-11-30 11:23:00,535,535,535,535,0
2022-11-30 11:24:00,535,535,535,535,0
2022-11-30 11:25:00,535,535,535,535,0
2022-11-30 11:26:00,535,535,535,535,0
2022-11-30 11:27:00,535,535,535,535,0
2022-11-30 11:28:00,535,535,535,535,0
2022-11-30 11:29:00,535,535,535,535,0
2022-11-30 11:30:00,535,535,535,535,0
2022-11-30 11:31:00,535,535,535,535,0
2022-11-30 11:32:00,535,535,535,535,0
2022-11-30 11:33:00,535,535,535,535,0
2022-11-30 11:34:00,535,535,535,535,0
2022-11-30 11:35:00,535,535,535,535,0
2022-11-30 11:36:00,535,535,535,535,0
2022-11-30 11:37:00,535,535,535,535,0
2022-11-30 11:38:00,535,535,535,535,0
2022-11-30 11:39:00,535,535,535,535,0
2022-11-30 11:40:00,535,535,535,535,0
2022-11-30 11:41:00,535,535,535,535,0
2022-11-30 11:42:00,535,535,535,535,0
2022-11-30 11:43:00,535,535,535,535,0
2022-11-30 11:44:00,535,535,535,535,0
2022-11-30 11:45:00,535,535,535,535,0
2022-11-30 11:46:00,535,535,535,535,0
2022-11-30 11:47:00,535,535,535,535,0
2022-11-30 11:48:00,535,535,535,535,0
2022-11-30 11:49:00,535,535,535,535,0
2022-11-30 11:50:00,535,535,535,535,0
2022-11-30 11:51:00,535,535,535,535,0
2022-11-30 11:52:00,535,535,535,535,0
2022-11-30 11:53:00,535,535,535,535,0
2022-11-30 11:54:00,535,535,535,535,0
2022-11-30 11:55:00,535,535,535,535,0
2022-11-30 11:56:00,535,535,535,535,0
2022-11-30 11:57:00,535,535,535,535,0
2022-11-30 11:58:00,535,535,535,535,0
2022-11-30 11:59:00,535,535,535,535,0
2022-11-30 12:00:00,535,535,535,535,0
2022-11-30 12:01:00,535,535,535,535,0
2022-11-30 12:02:00,535,535,535,535,0
2022-11-30 12:03:00,535,535,535,535,0
2022-11-30 12:04:00,535,535,535,535,0
2022-11-30 12:05:00,535,535,535,535,0
2022-11-30 12:06:00,535,535,535,535,0
2022-11-30 12:07:00,535,535,535,535,0
2022-11-30 12:08:00,535,535,535,535,0
2022-11-30 12:09:00,535,535,535,535,0
2022-11-30 12:10:00,535,535,535,535,0
2022-11-30 12:11:00,535,535,535,535,0
2022-11-30 12:12:00,535,535,535,535,0
2022-11-30 12:13:00,535,535,535,535,0
2022-11-30 12:14:00,535,535,535,535,0
2022-11-30 12:15:00,535,535,535,535,0
2022-11-30 12:16:00,535,535,535,535,0
2022-11-30 12:17:00,535,535,535,535,0
2022-11-30 12:18:00,535,535,535,535,0
2022-11-30 12:19:00,535,535,535,535,0
2022-11-30 12:20:00,535,535,535,535,0
2022-11-30 12:21:00,535,535,535,535,0
2022-11-30 12:22:00,535,535,535,535,0
2022-11-30 12:23:00,535,535,535,535,0
2022-11-30 12:24:00,535,535,535,535,0
2022-11-30 12:25:00,535,535,535,535,0
2022-11-30 12:26:00,535,535,535,535,0
2022-11-30 12:27:00,535,535,535,535,0
2022-11-30 12:28:00,535,535,535,535,0
2022-11-30 12:29:00,535,535,535,535,0
2022-11-30 12:30:00,535,535,535,535,0
2022-11-30 12:31:00,535,535,535,535,0
2022-11-30 12:32:00,535,535,535,535,0
2022-11-30 12:33:00,535,535,535,535,0
2022-11-30 12:34:00,535,535,535,535,0
2022-11-30 12:35:00,535,535,535,535,0
2022-11-30 12:36:00,535,535,535,535,0
2022-11-30 12:37:00,535,535,535,535,0
2022-11-30 12:38:00,535,535,535,535,0
2022-11-30 12:39:00,535,535,535,535,0
2022-11-30 12:40:00,535,535,535,535,0
2022-11-30 12:41:00,535,535,535,535,0
2022-11-30 12:42:00,535,535,535,535,0
2022-11-30 12:43:00,535,535,535,535,0
2022-11-30 12:44:00,535,535,535,535,0
2022-11-30 12:45:00,535,535,535,535,0
2022-11-30 12:46:00,535,535,535,535,0
2022-11-30 12:47:00,535,535,535,535,0
2022-11-30 12:48:00,535,535,535,535,0
2022-11-30 12:49:00,535,535,535,535,0
2022-11-30 12:50:00,535,535,535,535,0
2022-11-30 12:51:00,535,535,535,535,0
2022-11-30 12:52:00,535,535,535,535,0
2022-11-30 12:53:00,535,535,535,535,0
2022-11-30 12:54:00,535,535,535,535,0
2022-11-30 12:55:00,535,535,535,535,0
2022-11-30 12:56:00,535,535,535,535,0
2022-11-30 12:57:00,535,535,535,535,0
2022-11-30 12:58:00,535,535,535,535,0
2022-11-30 12:59:00,535,535,535,535,0
2022-11-30 13:00:00,535,535,535,535,0
2022-11-30 13:01:00,535,535,535,535,0
2022-11-30 13:02:00,535,535,535,535,0
2022-11-30 13:03:00,535,535,535,535,0
2022-11-30 13:04:00,535,535,535,535,0
2022-11-30 13:05:00,535,535,535,535,0
2022-11-30 13:06:00,535,535,535,535,0
2022-11-30 13:07:00,535,535,535,535,0
2022-11-30 13:08:00,535,535,535,535,0
2022-11-30 13:09:00,535,535,535,535,0
2022-11-30 13:10:00,535,535,535,535,0
2022-11-30 13:11:00,535,535,535,535,0
2022-11-30 13:12:00,535,535,535,535,0
2022-11-30 13:13:00,535,535,535,535,0
2022-11-30 13:14:00,535,535,535,535,0
2022-11-30 13:15:00,535,535,535,535,0
2022-11-30 13:16:00,535,535,535,535,0
2022-11-30 13:17:00,535,535,535,535,0
2022-11-30 13:18:00,535,535,535,535,0
2022-11-30 13:19:00,535,535,535,535,0
2022-11-30 13:20:00,535,535,535,535,0
2022-11-30 13:21:00,535,535,535,535,0
2022-11-30 13:22:00,535,535,535,535,0
2022-11-30 13:23:00,535,535,535,535,0
2022-11-30 13:24:00,535,535,535,535,0
2022-11-30 13:25:00,535,535,535,535,0
2022-11-30 13:26:00,535,535,535,535,0
2022-11-30 13:27:00,535,535,535,535,0
2022-11-30 13:28:00,535,535,535,535,0
2022-11-30 13:29:00,535,535,535,535,0
2022-11-30 13:30:00,535,530,540,535,127400
2022-11-30 13:31:00,535,535,535,535,600
2022-11-30 13:32:00,535,535,535,535,22700
2022-11-30 13:33:00,535,535,540,540,7000
2022-11-30 13:34:00,535,535,540,540,0
2022-11-30 13:35:00,535,535,540,540,0
2022-11-30 13:36:00,535,535,540,540,0
2022-11-30 13:37:00,535,535,540,540,0
2022-11-30 13:38:00,540,540,540,540,58700
2022-11-30 13:39:00,540,540,540,540,0
2022-11-30 13:40:00,540,540,540,540,0
2022-11-30 13:41:00,540,540,540,540,0
2022-11-30 13:42:00,540,540,540,540,0
2022-11-30 13:43:00,540,540,540,540,0
2022-11-30 13:44:00,540,535,540,535,0
2022-11-30 13:45:00,535,535,540,540,1700
2022-11-30 13:46:00,540,540,540,540,600
2022-11-30 13:47:00,540,540,540,540,0
2022-11-30 13:48:00,540,540,540,540,1100
2022-11-30 13:49:00,540,540,540,540,0
2022-11-30 13:50:00,540,540,540,540,0
2022-11-30 13:51:00,540,540,540,540,0
2022-11-30 13:52:00,540,540,540,540,0
2022-11-30 13:53:00,540,540,540,540,0
2022-11-30 13:54:00,540,540,540,540,0
2022-11-30 13:55:00,540,540,540,540,0
2022-11-30 13:56:00,540,540,540,540,0
2022-11-30 13:57:00,540,540,540,540,0
2022-11-30 13:58:00,540,540,540,540,0
2022-11-30 13:59:00,540,540,540,540,1000
2022-11-30 14:00:00,540,540,540,540,0
2022-11-30 14:01:00,540,540,540,540,0
2022-11-30 14:02:00,540,540,540,540,0
2022-11-30 14:03:00,540,540,540,540,0
2022-11-30 14:04:00,540,540,540,540,0
2022-11-30 14:05:00,540,540,540,540,112500
2022-11-30 14:06:00,540,540,540,540,0
2022-11-30 14:07:00,540,540,540,540,0
2022-11-30 14:08:00,540,540,540,540,0
2022-11-30 14:09:00,540,540,540,540,0
2022-11-30 14:10:00,540,540,540,540,0
2022-11-30 14:11:00,540,540,540,540,0
2022-11-30 14:12:00,540,540,540,540,0
2022-11-30 14:13:00,540,540,540,540,0
2022-11-30 14:14:00,540,540,540,540,0
2022-11-30 14:15:00,540,540,540,540,1400
2022-11-30 14:16:00,540,540,540,540,0
2022-11-30 14:17:00,540,540,540,540,0
2022-11-30 14:18:00,540,540,540,540,0
2022-11-30 14:19:00,540,540,540,540,0
2022-11-30 14:20:00,540,540,540,540,100
2022-11-30 14:21:00,540,540,540,540,0
2022-11-30 14:22:00,540,530,540,540,25400
2022-11-30 14:23:00,540,530,540,540,0
2022-11-30 14:24:00,540,530,540,540,0
2022-11-30 14:25:00,540,540,540,540,200
2022-11-30 14:26:00,540,540,540,540,0
2022-11-30 14:27:00,540,540,540,540,0
2022-11-30 14:28:00,540,540,540,540,0
2022-11-30 14:29:00,540,540,540,540,300
2022-11-30 14:30:00,540,540,540,540,0
2022-11-30 14:31:00,540,540,540,540,0
2022-11-30 14:32:00,540,540,540,540,0
2022-11-30 14:33:00,540,540,540,540,0
2022-11-30 14:34:00,540,540,540,540,600
2022-11-30 14:35:00,540,540,540,540,0
2022-11-30 14:36:00,540,540,540,540,900
2022-11-30 14:37:00,540,540,540,540,0
2022-11-30 14:38:00,540,540,540,540,0
2022-11-30 14:39:00,540,540,540,540,0
2022-11-30 14:40:00,540,540,540,540,0
2022-11-30 14:41:00,540,540,540,540,0
2022-11-30 14:42:00,535,535,540,540,800
2022-11-30 14:43:00,540,540,540,540,400
2022-11-30 14:44:00,540,540,540,540,0
2022-11-30 14:45:00,540,540,540,540,0
2022-11-30 14:46:00,540,540,540,540,115800
2022-11-30 14:47:00,540,540,540,540,1100
2022-11-30 14:48:00,540,540,540,540,300
2022-11-30 14:49:00,540,540,540,540,1500
2022-11-30 14:50:00,540,540,540,540,0
2022-11-30 14:51:00,540,540,540,540,0
2022-11-30 14:52:00,540,540,540,540,0
2022-11-30 14:53:00,540,540,540,540,0
2022-11-30 14:54:00,540,540,540,540,0
2022-11-30 14:55:00,540,540,540,540,0
2022-11-30 14:56:00,540,540,540,540,0
2022-11-30 14:57:00,540,540,540,540,0
2022-11-30 14:58:00,540,540,540,540,0
2022-11-30 14:59:00,540,540,540,540,0
2022-11-30 15:00:00,540,540,540,540,766200
2022-11-30 15:01:00,540,540,540,540,0
2022-11-30 15:02:00,540,540,540,540,0
2022-11-30 15:03:00,540,540,540,540,0
2022-11-30 15:04:00,540,540,540,540,0
2022-11-30 15:05:00,540,540,540,540,0
2022-11-30 15:06:00,540,540,540,540,0
2022-11-30 15:07:00,540,540,540,540,0
2022-11-30 15:08:00,540,540,540,540,0
2022-11-30 15:09:00,540,540,540,540,0
2022-11-30 15:10:00,540,540,540,540,0
2022-11-30 15:11:00,540,540,540,540,0
2022-11-30 15:12:00,540,540,540,540,0
2022-11-30 15:13:00,540,540,540,540,0
2022-11-30 15:14:00,540,540,540,540,0
2022-11-30 15:15:00,540,540,540,540,0
2022-11-30 15:16:00,540,540,540,540,0
2022-11-30 15:17:00,540,540,540,540,0
2022-11-30 15:18:00,540,540,540,540,0
2022-11-30 15:19:00,540,540,540,540,0
2022-11-30 15:20:00,540,540,540,540,0
2022-11-30 15:21:00,540,540,540,540,0
2022-11-30 15:22:00,540,540,540,540,0
2022-11-30 15:23:00,540,540,540,540,0
2022-11-30 15:24:00,540,540,540,540,0
2022-11-30 15:25:00,540,540,540,540,0
2022-11-30 15:26:00,540,540,540,540,0
2022-11-30 15:27:00,540,540,540,540,0
2022-11-30 15:28:00,540,540,540,540,0
2022-11-30 15:29:00,540,540,540,540,0
2022-11-30 15:30:00,540,540,540,540,0
2022-11-30 15:31:00,540,540,540,540,0
2022-11-30 15:32:00,540,540,540,540,0
2022-11-30 15:33:00,540,540,540,540,0
2022-11-30 15:34:00,540,540,540,540,0
2022-11-30 15:35:00,540,540,540,540,0
2022-11-30 15:36:00,540,540,540,540,0
2022-11-30 15:37:00,540,540,540,540,0
2022-11-30 15:38:00,540,540,540,540,0
2022-11-30 15:39:00,540,540,540,540,0
2022-11-30 15:40:00,540,540,540,540,0
2022-11-30 15:41:00,540,540,540,540,0
2022-11-30 15:42:00,540,540,540,540,0
2022-11-30 15:43:00,540,540,540,540,0
2022-11-30 15:44:00,540,540,540,540,0
2022-11-30 15:45:00,540,540,540,540,0
2022-11-30 15:46:00,540,540,540,540,0
2022-11-30 15:47:00,540,540,540,540,0
2022-11-30 15:48:00,540,540,540,540,0
2022-11-30 15:49:00,540,540,540,540,0
2022-11-30 15:50:00,540,540,540,540,0
2022-11-30 15:51:00,540,540,540,540,0
2022-11-30 15:52:00,540,540,540,540,0
2022-11-30 15:53:00,540,540,540,540,0
2022-11-30 15:54:00,540,540,540,540,0
2022-11-30 15:55:00,540,540,540,540,0
2022-11-30 15:56:00,540,540,540,540,0
2022-11-30 15:57:00,540,540,540,540,0
2022-11-30 15:58:00,540,540,540,540,0
2022-11-30 15:59:00,540,540,540,540,0
2022-12-01 09:00:00,535,535,540,540,0
2022-12-01 09:01:00,535,535,540,540,0
2022-12-01 09:02:00,535,535,540,540,0
2022-12-01 09:03:00,535,535,540,540,0
2022-12-01 09:04:00,535,535,540,540,0
2022-12-01 09:05:00,535,535,540,540,76800
2022-12-01 09:06:00,540,540,540,540,0
2022-12-01 09:07:00,540,540,540,540,0
2022-12-01 09:08:00,540,540,540,540,900
2022-12-01 09:09:00,540,540,540,540,100
2022-12-01 09:10:00,540,540,540,540,0
2022-12-01 09:11:00,540,540,540,540,114700
2022-12-01 09:12:00,540,540,540,540,500
2022-12-01 09:13:00,540,540,540,540,0
2022-12-01 09:14:00,540,540,540,540,0
2022-12-01 09:15:00,540,540,540,540,0
2022-12-01 09:16:00,540,540,540,540,1000
2022-12-01 09:17:00,540,540,540,540,0
2022-12-01 09:18:00,540,540,540,540,0
2022-12-01 09:19:00,540,540,540,540,0
2022-12-01 09:20:00,535,535,535,535,2900
2022-12-01 09:21:00,535,535,540,540,1400
2022-12-01 09:22:00,535,535,540,540,0
2022-12-01 09:23:00,535,535,540,540,0
2022-12-01 09:24:00,535,535,540,540,0
2022-12-01 09:25:00,540,540,540,540,0
2022-12-01 09:26:00,540,540,540,540,0
2022-12-01 09:27:00,540,540,540,540,0
2022-12-01 09:28:00,540,540,540,540,0
2022-12-01 09:29:00,540,540,540,540,0
2022-12-01 09:30:00,540,540,540,540,0
2022-12-01 09:31:00,540,540,540,540,0
2022-12-01 09:32:00,540,540,540,540,2300
2022-12-01 09:33:00,540,540,540,540,300
2022-12-01 09:34:00,540,540,540,540,0
2022-12-01 09:35:00,540,540,540,540,0
2022-12-01 09:36:00,540,540,540,540,0
2022-12-01 09:37:00,540,540,540,540,0
2022-12-01 09:38:00,540,540,540,540,0
2022-12-01 09:39:00,540,540,540,540,0
2022-12-01 09:40:00,540,540,540,540,0
2022-12-01 09:41:00,535,535,535,535,2800
2022-12-01 09:42:00,535,535,535,535,0
2022-12-01 09:43:00,535,535,540,540,7800
2022-12-01 09:44:00,535,535,540,540,2500
2022-12-01 09:45:00,535,535,540,540,0
2022-12-01 09:46:00,535,535,540,540,0
2022-12-01 09:47:00,535,535,540,540,0
2022-12-01 09:48:00,535,535,540,540,0
2022-12-01 09:49:00,540,540,540,540,0
2022-12-01 09:50:00,540,540,540,540,600
2022-12-01 09:51:00,540,540,540,540,0
2022-12-01 09:52:00,540,540,540,540,0
2022-12-01 09:53:00,535,535,535,535,2200
2022-12-01 09:54:00,540,540,540,540,0
2022-12-01 09:55:00,535,535,540,540,400
2022-12-01 09:56:00,535,535,540,540,0
2022-12-01 09:57:00,535,535,540,540,0
2022-12-01 09:58:00,535,535,540,540,0
2022-12-01 09:59:00,535,535,540,540,0
2022-12-01 10:00:00,535,530,540,530,52800
2022-12-01 10:01:00,535,535,535,535,0
2022-12-01 10:02:00,535,535,535,535,0
2022-12-01 10:03:00,535,535,535,535,0
2022-12-01 10:04:00,535,535,535,535,20700
2022-12-01 10:05:00,535,535,535,535,0
2022-12-01 10:06:00,535,535,535,535,5300
2022-12-01 10:07:00,535,535,535,535,6500
2022-12-01 10:08:00,535,535,535,535,0
2022-12-01 10:09:00,535,535,540,540,800
2022-12-01 10:10:00,535,535,540,540,0
2022-12-01 10:11:00,535,535,540,540,0
2022-12-01 10:12:00,535,535,540,540,0
2022-12-01 10:13:00,535,535,540,540,0
2022-12-01 10:14:00,535,535,540,540,0
2022-12-01 10:15:00,535,535,540,540,0
2022-12-01 10:16:00,535,535,540,540,0
2022-12-01 10:17:00,535,535,540,540,0
2022-12-01 10:18:00,535,535,540,540,0
2022-12-01 10:19:00,540,540,540,540,4000
2022-12-01 10:20:00,540,540,540,540,0
2022-12-01 10:21:00,540,540,540,540,0
2022-12-01 10:22:00,535,530,535,535,18600
2022-12-01 10:23:00,535,535,540,540,5000
2022-12-01 10:24:00,535,535,540,540,0
2022-12-01 10:25:00,535,535,540,540,0
2022-12-01 10:26:00,535,535,540,540,0
2022-12-01 10:27:00,535,535,540,540,0
2022-12-01 10:28:00,535,535,540,540,0
2022-12-01 10:29:00,535,535,540,540,0
2022-12-01 10:30:00,535,535,540,540,0
2022-12-01 10:31:00,535,535,540,540,0
2022-12-01 10:32:00,535,535,540,540,0
2022-12-01 10:33:00,535,535,540,540,0
2022-12-01 10:34:00,535,535,540,540,0
2022-12-01 10:35:00,535,535,540,540,0
2022-12-01 10:36:00,535,535,540,540,0
2022-12-01 10:37:00,540,540,540,540,500
2022-12-01 10:38:00,540,540,540,540,0
2022-12-01 10:39:00,540,540,540,540,0
2022-12-01 10:40:00,540,540,540,540,0
2022-12-01 10:41:00,540,540,540,540,0
2022-12-01 10:42:00,540,540,540,540,0
2022-12-01 10:43:00,540,540,540,540,0
2022-12-01 10:44:00,540,540,540,540,0
2022-12-01 10:45:00,540,540,540,540,0
2022-12-01 10:46:00,540,540,540,540,600
2022-12-01 10:47:00,540,540,540,540,0
2022-12-01 10:48:00,540,540,540,540,0
2022-12-01 10:49:00,540,540,540,540,0
2022-12-01 10:50:00,540,540,540,540,500
2022-12-01 10:51:00,540,540,540,540,0
2022-12-01 10:52:00,540,540,540,540,0
2022-12-01 10:53:00,540,540,540,540,0
2022-12-01 10:54:00,540,540,540,540,0
2022-12-01 10:55:00,540,540,540,540,0
2022-12-01 10:56:00,540,540,540,540,0
2022-12-01 10:57:00,540,540,540,540,0
2022-12-01 10:58:00,540,540,540,540,0
2022-12-01 10:59:00,540,540,540,540,0
2022-12-01 11:00:00,540,540,540,540,0
2022-12-01 11:01:00,540,540,540,540,0
2022-12-01 11:02:00,540,540,540,540,0
2022-12-01 11:03:00,540,540,540,540,0
2022-12-01 11:04:00,540,540,540,540,0
2022-12-01 11:05:00,540,540,540,540,400
2022-12-01 11:06:00,540,540,540,540,0
2022-12-01 11:07:00,540,540,540,540,0
2022-12-01 11:08:00,540,540,540,540,0
2022-12-01 11:09:00,540,540,540,540,300
2022-12-01 11:10:00,540,540,540,540,0
2022-12-01 11:11:00,540,540,540,540,0
2022-12-01 11:12:00,540,540,540,540,0
2022-12-01 11:13:00,540,540,540,540,0
2022-12-01 11:14:00,540,540,540,540,0
2022-12-01 11:15:00,540,540,540,540,0
2022-12-01 11:16:00,540,540,540,540,0
2022-12-01 11:17:00,540,540,540,540,0
2022-12-01 11:18:00,540,540,540,540,0
2022-12-01 11:19:00,540,540,540,540,0
2022-12-01 11:20:00,540,540,540,540,0
2022-12-01 11:21:00,540,540,540,540,600
2022-12-01 11:22:00,540,540,540,540,300
2022-12-01 11:23:00,540,540,540,540,0
2022-12-01 11:24:00,540,540,540,540,0
2022-12-01 11:25:00,540,540,540,540,1000
2022-12-01 11:26:00,540,540,540,540,0
2022-12-01 11:27:00,540,540,540,540,0
2022-12-01 11:28:00,540,540,540,540,0
2022-12-01 11:29:00,540,540,540,540,0
2022-12-01 11:30:00,540,540,540,540,0
2022-12-01 11:31:00,540,540,540,540,0
2022-12-01 11:32:00,540,540,540,540,0
2022-12-01 11:33:00,540,540,540,540,0
2022-12-01 11:34:00,540,540,540,540,0
2022-12-01 11:35:00,540,540,540,540,0
2022-12-01 11:36:00,540,540,540,540,0
2022-12-01 11:37:00,540,540,540,540,0
2022-12-01 11:38:00,540,540,540,540,0
2022-12-01 11:39:00,540,540,540,540,0
2022-12-01 11:40:00,540,540,540,540,0
2022-12-01 11:41:00,540,540,540,540,0
2022-12-01 11:42:00,540,540,540,540,0
2022-12-01 11:43:00,540,540,540,540,0
2022-12-01 11:44:00,540,540,540,540,0
2022-12-01 11:45:00,540,540,540,540,0
2022-12-01 11:46:00,540,540,540,540,0
2022-12-01 11:47:00,540,540,540,540,0
2022-12-01 11:48:00,540,540,540,540,0
2022-12-01 11:49:00,540,540,540,540,0
2022-12-01 11:50:00,540,540,540,540,0
2022-12-01 11:51:00,540,540,540,540,0
2022-12-01 11:52:00,540,540,540,540,0
2022-12-01 11:53:00,540,540,540,540,0
2022-12-01 11:54:00,540,540,540,540,0
2022-12-01 11:55:00,540,540,540,540,0
2022-12-01 11:56:00,540,540,540,540,0
2022-12-01 11:57:00,540,540,540,540,0
2022-12-01 11:58:00,540,540,540,540,0
2022-12-01 11:59:00,540,540,540,540,0
2022-12-01 12:00:00,540,540,540,540,0
2022-12-01 12:01:00,540,540,540,540,0
2022-12-01 12:02:00,540,540,540,540,0
2022-12-01 12:03:00,540,540,540,540,0
2022-12-01 12:04:00,540,540,540,540,0
2022-12-01 12:05:00,540,540,540,540,0
2022-12-01 12:06:00,540,540,540,540,0
2022-12-01 12:07:00,540,540,540,540,0
2022-12-01 12:08:00,540,540,540,540,0
2022-12-01 12:09:00,540,540,540,540,0
2022-12-01 12:10:00,540,540,540,540,0
2022-12-01 12:11:00,540,540,540,540,0
2022-12-01 12:12:00,540,540,540,540,0
2022-12-01 12:13:00,540,540,540,540,0
2022-12-01 12:14:00,540,540,540,540,0
2022-12-01 12:15:00,540,540,540,540,0
2022-12-01 12:16:00,540,540,540,540,0
2022-12-01 12:17:00,540,540,540,540,0
2022-12-01 12:18:00,540,540,540,540,0
2022-12-01 12:19:00,540,540,540,540,0
2022-12-01 12:20:00,540,540,540,540,0
2022-12-01 12:21:00,540,540,540,540,0
2022-12-01 12:22:00,540,540,540,540,0
2022-12-01 12:23:00,540,540,540,540,0
2022-12-01 12:24:00,540,540,540,540,0
2022-12-01 12:25:00,540,540,540,540,0
2022-12-01 12:26:00,540,540,540,540,0
2022-12-01 12:27:00,540,540,540,540,0
2022-12-01 12:28:00,540,540,540,540,0
2022-12-01 12:29:00,540,540,540,540,0
2022-12-01 12:30:00,540,540,540,540,0
2022-12-01 12:31:00,540,540,540,540,0
2022-12-01 12:32:00,540,540,540,540,0
2022-12-01 12:33:00,540,540,540,540,0
2022-12-01 12:34:00,540,540,540,540,0
2022-12-01 12:35:00,540,540,540,540,0
2022-12-01 12:36:00,540,540,540,540,0
2022-12-01 12:37:00,540,540,540,540,0
2022-12-01 12:38:00,540,540,540,540,0
2022-12-01 12:39:00,540,540,540,540,0
2022-12-01 12:40:00,540,540,540,540,0
2022-12-01 12:41:00,540,540,540,540,0
2022-12-01 12:42:00,540,540,540,540,0
2022-12-01 12:43:00,540,540,540,540,0
2022-12-01 12:44:00,540,540,540,540,0
2022-12-01 12:45:00,540,540,540,540,0
2022-12-01 12:46:00,540,540,540,540,0
2022-12-01 12:47:00,540,540,540,540,0
2022-12-01 12:48:00,540,540,540,540,0
2022-12-01 12:49:00,540,540,540,540,0
2022-12-01 12:50:00,540,540,540,540,0
2022-12-01 12:51:00,540,540,540,540,0
2022-12-01 12:52:00,540,540,540,540,0
2022-12-01 12:53:00,540,540,540,540,0
2022-12-01 12:54:00,540,540,540,540,0
2022-12-01 12:55:00,540,540,540,540,0
2022-12-01 12:56:00,540,540,540,540,0
2022-12-01 12:57:00,540,540,540,540,0
2022-12-01 12:58:00,540,540,540,540,0
2022-12-01 12:59:00,540,540,540,540,0
2022-12-01 13:00:00,540,540,540,540,0
2022-12-01 13:01:00,540,540,540,540,0
2022-12-01 13:02:00,540,540,540,540,0
2022-12-01 13:03:00,540,540,540,540,0
2022-12-01 13:04:00,540,540,540,540,0
2022-12-01 13:05:00,540,540,540,540,0
2022-12-01 13:06:00,540,540,540,540,0
2022-12-01 13:07:00,540,540,540,540,0
2022-12-01 13:08:00,540,540,540,540,0
2022-12-01 13:09:00,540,540,540,540,0
2022-12-01 13:10:00,540,540,540,540,0
2022-12-01 13:11:00,540,540,540,540,0
2022-12-01 13:12:00,540,540,540,540,0
2022-12-01 13:13:00,540,540,540,540,0
2022-12-01 13:14:00,540,540,540,540,0
2022-12-01 13:15:00,540,540,540,540,0
2022-12-01 13:16:00,540,540,540,540,0
2022-12-01 13:17:00,540,540,540,540,0
2022-12-01 13:18:00,540,540,540,540,0
2022-12-01 13:19:00,540,540,540,540,0
2022-12-01 13:20:00,540,540,540,540,0
2022-12-01 13:21:00,540,540,540,540,0
2022-12-01 13:22:00,540,540,540,540,0
2022-12-01 13:23:00,540,540,540,540,0
2022-12-01 13:24:00,540,540,540,540,0
2022-12-01 13:25:00,540,540,540,540,0
2022-12-01 13:26:00,540,540,540,540,0
2022-12-01 13:27:00,540,540,540,540,0
2022-12-01 13:28:00,540,540,540,540,0
2022-12-01 13:29:00,540,540,540,540,0
2022-12-01 13:30:00,540,530,540,540,8100
2022-12-01 13:31:00,540,530,540,540,0
2022-12-01 13:32:00,540,530,540,540,0
2022-12-01 13:33:00,540,530,540,540,0
2022-12-01 13:34:00,540,530,540,540,0
2022-12-01 13:35:00,540,530,540,540,0
2022-12-01 13:36:00,540,530,540,540,0
2022-12-01 13:37:00,540,530,540,540,0
2022-12-01 13:38:00,540,530,540,540,0
2022-12-01 13:39:00,540,530,540,540,0
2022-12-01 13:40:00,540,530,540,540,0
2022-12-01 13:41:00,540,530,540,540,0
2022-12-01 13:42:00,540,530,540,540,0
2022-12-01 13:43:00,540,530,540,540,0
2022-12-01 13:44:00,540,530,540,540,0
2022-12-01 13:45:00,540,530,540,540,0
2022-12-01 13:46:00,540,530,540,540,0
2022-12-01 13:47:00,540,530,540,540,0
2022-12-01 13:48:00,540,530,540,540,0
2022-12-01 13:49:00,540,530,540,540,0
2022-12-01 13:50:00,540,530,540,540,0
2022-12-01 13:51:00,540,530,540,540,0
2022-12-01 13:52:00,540,530,540,540,0
2022-12-01 13:53:00,540,530,540,540,0
2022-12-01 13:54:00,540,530,540,540,0
2022-12-01 13:55:00,540,530,540,540,0
2022-12-01 13:56:00,540,530,540,540,0
2022-12-01 13:57:00,540,530,540,540,0
2022-12-01 13:58:00,540,530,540,540,0
2022-12-01 13:59:00,540,540,540,540,4000
2022-12-01 14:00:00,540,540,540,540,0
2022-12-01 14:01:00,540,540,540,540,0
2022-12-01 14:02:00,540,540,540,540,0
2022-12-01 14:03:00,540,540,540,540,0
2022-12-01 14:04:00,540,540,540,540,0
2022-12-01 14:05:00,540,540,540,540,0
2022-12-01 14:06:00,540,540,540,540,0
2022-12-01 14:07:00,540,540,540,540,0
2022-12-01 14:08:00,540,540,540,540,0
2022-12-01 14:09:00,540,540,540,540,0
2022-12-01 14:10:00,540,540,540,540,0
2022-12-01 14:11:00,540,540,540,540,0
2022-12-01 14:12:00,540,540,540,540,0
2022-12-01 14:13:00,540,540,540,540,0
2022-12-01 14:14:00,540,540,540,540,0
2022-12-01 14:15:00,540,540,540,540,0
2022-12-01 14:16:00,540,540,540,540,0
2022-12-01 14:17:00,540,540,540,540,0
2022-12-01 14:18:00,540,540,540,540,300
2022-12-01 14:19:00,540,540,540,540,0
2022-12-01 14:20:00,540,540,540,540,0
2022-12-01 14:21:00,540,540,540,540,0
2022-12-01 14:22:00,540,540,540,540,0
2022-12-01 14:23:00,540,540,540,540,0
2022-12-01 14:24:00,540,540,540,540,0
2022-12-01 14:25:00,540,540,540,540,0
2022-12-01 14:26:00,540,540,540,540,0
2022-12-01 14:27:00,540,540,540,540,0
2022-12-01 14:28:00,540,540,540,540,0
2022-12-01 14:29:00,540,540,540,540,0
2022-12-01 14:30:00,540,540,540,540,0
2022-12-01 14:31:00,540,540,540,540,0
2022-12-01 14:32:00,540,540,540,540,400
2022-12-01 14:33:00,540,540,540,540,0
2022-12-01 14:34:00,540,540,540,540,0
2022-12-01 14:35:00,540,540,540,540,0
2022-12-01 14:36:00,540,540,540,540,0
2022-12-01 14:37:00,540,540,540,540,0
2022-12-01 14:38:00,540,540,540,540,0
2022-12-01 14:39:00,540,540,540,540,300
2022-12-01 14:40:00,540,540,540,540,0
2022-12-01 14:41:00,540,540,540,540,0
2022-12-01 14:42:00,540,540,540,540,600
2022-12-01 14:43:00,540,540,540,540,0
2022-12-01 14:44:00,540,540,540,540,700
2022-12-01 14:45:00,540,540,540,540,500
2022-12-01 14:46:00,540,540,540,540,100
2022-12-01 14:47:00,540,540,540,540,700
2022-12-01 14:48:00,540,540,540,540,300
2022-12-01 14:49:00,540,540,540,540,1800
2022-12-01 14:50:00,540,540,540,540,0
2022-12-01 14:51:00,540,540,540,540,0
2022-12-01 14:52:00,540,540,540,540,0
2022-12-01 14:53:00,540,540,540,540,0
2022-12-01 14:54:00,540,540,540,540,0
2022-12-01 14:55:00,540,540,540,540,0
2022-12-01 14:56:00,540,540,540,540,0
2022-12-01 14:57:00,540,540,540,540,0
2022-12-01 14:58:00,540,540,540,540,0
2022-12-01 14:59:00,540,540,540,540,0
2022-12-01 15:00:00,540,540,540,540,477400
2022-12-01 15:01:00,540,540,540,540,0
2022-12-01 15:02:00,540,540,540,540,0
2022-12-01 15:03:00,540,540,540,540,0
2022-12-01 15:04:00,540,540,540,540,0
2022-12-01 15:05:00,540,540,540,540,0
2022-12-01 15:06:00,540,540,540,540,0
2022-12-01 15:07:00,540,540,540,540,0
2022-12-01 15:08:00,540,540,540,540,0
2022-12-01 15:09:00,540,540,540,540,0
2022-12-01 15:10:00,540,540,540,540,0
2022-12-01 15:11:00,540,540,540,540,0
2022-12-01 15:12:00,540,540,540,540,0
2022-12-01 15:13:00,540,540,540,540,0
2022-12-01 15:14:00,540,540,540,540,0
2022-12-01 15:15:00,540,540,540,540,0
2022-12-01 15:16:00,540,540,540,540,0
2022-12-01 15:17:00,540,540,540,540,0
2022-12-01 15:18:00,540,540,540,540,0
2022-12-01 15:19:00,540,540,540,540,0
2022-12-01 15:20:00,540,540,540,540,0
2022-12-01 15:21:00,540,540,540,540,0
2022-12-01 15:22:00,540,540,540,540,0
2022-12-01 15:23:00,540,540,540,540,0
2022-12-01 15:24:00,540,540,540,540,0
2022-12-01 15:25:00,540,540,540,540,0
2022-12-01 15:26:00,540,540,540,540,0
2022-12-01 15:27:00,540,540,540,540,0
2022-12-01 15:28:00,540,540,540,540,0
2022-12-01 15:29:00,540,540,540,540,0
2022-12-01 15:30:00,540,540,540,540,0
2022-12-01 15:31:00,540,540,540,540,0
2022-12-01 15:32:00,540,540,540,540,0
2022-12-01 15:33:00,540,540,540,540,0
2022-12-01 15:34:00,540,540,540,540,0
2022-12-01 15:35:00,540,540,540,540,0
2022-12-01 15:36:00,540,540,540,540,0
2022-12-01 15:37:00,540,540,540,540,0
2022-12-01 15:38:00,540,540,540,540,0
2022-12-01 15:39:00,540,540,540,540,0
2022-12-01 15:40:00,540,540,540,540,0
2022-12-01 15:41:00,540,540,540,540,0
2022-12-01 15:42:00,540,540,540,540,0
2022-12-01 15:43:00,540,540,540,540,0
2022-12-01 15:44:00,540,540,540,540,0
2022-12-01 15:45:00,540,540,540,540,0
2022-12-01 15:46:00,540,540,540,540,0
2022-12-01 15:47:00,540,540,540,540,0
2022-12-01 15:48:00,540,540,540,540,0
2022-12-01 15:49:00,540,540,540,540,0
2022-12-01 15:50:00,540,540,540,540,0
2022-12-01 15:51:00,540,540,540,540,0
2022-12-01 15:52:00,540,540,540,540,0
2022-12-01 15:53:00,540,540,540,540,0
2022-12-01 15:54:00,540,540,540,540,0
2022-12-01 15:55:00,540,540,540,540,0
2022-12-01 15:56:00,540,540,540,540,0
2022-12-01 15:57:00,540,540,540,540,0
2022-12-01 15:58:00,540,540,540,540,0
2022-12-01 15:59:00,540,540,540,540,0
2022-12-02 09:00:00,540,540,540,540,0
2022-12-02 09:01:00,540,540,540,540,0
2022-12-02 09:02:00,540,540,540,540,0
2022-12-02 09:03:00,540,540,540,540,0
2022-12-02 09:04:00,540,540,540,540,0
2022-12-02 09:05:00,540,540,540,540,0
2022-12-02 09:06:00,540,540,540,540,0
2022-12-02 09:07:00,540,540,540,540,0
2022-12-02 09:08:00,540,540,540,540,0
2022-12-02 09:09:00,540,540,540,540,0
2022-12-02 09:10:00,540,540,540,540,0
2022-12-02 09:11:00,540,540,540,540,0
2022-12-02 09:12:00,540,540,540,540,0
2022-12-02 09:13:00,540,540,540,540,0
2022-12-02 09:14:00,540,540,540,540,0
2022-12-02 09:15:00,540,540,540,540,0
2022-12-02 09:16:00,535,535,535,535,200
2022-12-02 09:17:00,540,540,540,540,500
2022-12-02 09:18:00,540,540,540,540,0
2022-12-02 09:19:00,540,540,540,540,0
2022-12-02 09:20:00,540,540,540,540,0
2022-12-02 09:21:00,540,540,540,540,0
2022-12-02 09:22:00,540,540,540,540,0
2022-12-02 09:23:00,540,540,540,540,0
2022-12-02 09:24:00,540,540,540,540,0
2022-12-02 09:25:00,535,535,535,535,300
2022-12-02 09:26:00,540,540,540,540,100
2022-12-02 09:27:00,540,540,540,540,400
2022-12-02 09:28:00,540,540,540,540,0
2022-12-02 09:29:00,540,540,540,540,0
2022-12-02 09:30:00,540,540,540,540,0
2022-12-02 09:31:00,540,540,540,540,0
2022-12-02 09:32:00,540,540,540,540,0
2022-12-02 09:33:00,540,540,540,540,0
2022-12-02 09:34:00,540,540,540,540,0
2022-12-02 09:35:00,540,540,540,540,0
2022-12-02 09:36:00,540,540,540,540,0
2022-12-02 09:37:00,540,540,540,540,0
2022-12-02 09:38:00,540,540,540,540,0
2022-12-02 09:39:00,540,540,540,540,0
2022-12-02 09:40:00,540,540,540,540,0
2022-12-02 09:41:00,540,540,540,540,0
2022-12-02 09:42:00,540,540,540,540,0
2022-12-02 09:43:00,540,540,540,540,0
2022-12-02 09:44:00,540,540,540,540,0
2022-12-02 09:45:00,540,540,540,540,0
2022-12-02 09:46:00,540,540,540,540,0
2022-12-02 09:47:00,540,540,540,540,0
2022-12-02 09:48:00,540,540,540,540,0
2022-12-02 09:49:00,540,540,540,540,0
2022-12-02 09:50:00,540,540,540,540,0
2022-12-02 09:51:00,540,540,540,540,0
2022-12-02 09:52:00,540,540,540,540,0
2022-12-02 09:53:00,535,535,535,535,20200
2022-12-02 09:54:00,540,540,540,540,0
2022-12-02 09:55:00,540,540,540,540,0
2022-12-02 09:56:00,540,540,540,540,0
2022-12-02 09:57:00,540,540,540,540,0
2022-12-02 09:58:00,535,535,535,535,1300
2022-12-02 09:59:00,535,535,535,535,0
2022-12-02 10:00:00,530,530,530,530,9800
2022-12-02 10:01:00,535,535,535,535,12300
2022-12-02 10:02:00,535,535,535,535,500
2022-12-02 10:03:00,535,535,535,535,0
2022-12-02 10:04:00,535,535,535,535,8900
2022-12-02 10:05:00,535,535,540,540,5300
2022-12-02 10:06:00,535,535,540,540,0
2022-12-02 10:07:00,535,535,540,540,0
2022-12-02 10:08:00,535,535,540,540,0
2022-12-02 10:09:00,535,535,540,540,0
2022-12-02 10:10:00,535,535,540,540,0
2022-12-02 10:11:00,535,535,540,540,0
2022-12-02 10:12:00,535,535,540,540,0
2022-12-02 10:13:00,535,535,540,540,0
2022-12-02 10:14:00,535,535,540,540,0
2022-12-02 10:15:00,535,535,540,540,0
2022-12-02 10:16:00,535,535,540,540,0
2022-12-02 10:17:00,535,535,540,540,0
2022-12-02 10:18:00,535,535,540,540,0
2022-12-02 10:19:00,535,535,540,540,400
2022-12-02 10:20:00,535,535,540,540,0
2022-12-02 10:21:00,535,535,540,540,0
2022-12-02 10:22:00,535,535,540,540,0
2022-12-02 10:23:00,535,535,540,540,0
2022-12-02 10:24:00,535,535,540,540,0
2022-12-02 10:25:00,535,535,540,540,0
2022-12-02 10:26:00,535,535,540,540,0
2022-12-02 10:27:00,535,535,540,540,0
2022-12-02 10:28:00,535,535,540,540,0
2022-12-02 10:29:00,535,535,540,540,0
2022-12-02 10:30:00,535,535,540,540,0
2022-12-02 10:31:00,535,535,540,540,0
2022-12-02 10:32:00,535,535,540,540,0
2022-12-02 10:33:00,535,535,540,540,0
2022-12-02 10:34:00,535,535,540,540,0
2022-12-02 10:35:00,535,535,540,540,0
2022-12-02 10:36:00,535,535,540,540,0
2022-12-02 10:37:00,535,535,540,540,0
2022-12-02 10:38:00,535,535,540,540,0
2022-12-02 10:39:00,535,535,540,540,0
2022-12-02 10:40:00,535,535,540,540,0
2022-12-02 10:41:00,535,535,540,540,0
2022-12-02 10:42:00,535,535,540,540,0
2022-12-02 10:43:00,540,540,540,540,100
2022-12-02 10:44:00,540,540,540,540,0
2022-12-02 10:45:00,540,540,540,540,0
2022-12-02 10:46:00,540,540,540,540,0
2022-12-02 10:47:00,540,540,540,540,0
2022-12-02 10:48:00,540,540,540,540,0
2022-12-02 10:49:00,540,540,540,540,0
2022-12-02 10:50:00,540,540,540,540,0
2022-12-02 10:51:00,540,540,540,540,0
2022-12-02 10:52:00,540,540,540,540,0
2022-12-02 10:53:00,540,540,540,540,0
2022-12-02 10:54:00,540,540,540,540,0
2022-12-02 10:55:00,540,540,540,540,0
2022-12-02 10:56:00,540,540,540,540,0
2022-12-02 10:57:00,540,540,540,540,0
2022-12-02 10:58:00,540,540,540,540,0
2022-12-02 10:59:00,540,540,540,540,0
2022-12-02 11:00:00,540,540,540,540,0
2022-12-02 11:01:00,535,535,540,540,500
2022-12-02 11:02:00,535,535,540,540,0
2022-12-02 11:03:00,535,535,540,540,0
2022-12-02 11:04:00,535,535,540,540,0
2022-12-02 11:05:00,535,535,540,540,0
2022-12-02 11:06:00,535,535,540,540,0
2022-12-02 11:07:00,535,535,540,540,0
2022-12-02 11:08:00,535,535,540,540,0
2022-12-02 11:09:00,535,535,540,540,0
2022-12-02 11:10:00,535,535,540,540,0
2022-12-02 11:11:00,535,535,540,540,0
2022-12-02 11:12:00,535,535,540,540,0
2022-12-02 11:13:00,535,535,540,540,0
2022-12-02 11:14:00,535,535,540,540,0
2022-12-02 11:15:00,535,535,540,540,0
2022-12-02 11:16:00,535,535,540,540,0
2022-12-02 11:17:00,535,535,540,540,700
2022-12-02 11:18:00,535,535,540,540,0
2022-12-02 11:19:00,535,535,540,540,0
2022-12-02 11:20:00,540,540,540,540,300
2022-12-02 11:21:00,540,540,540,540,0
2022-12-02 11:22:00,540,540,540,540,0
2022-12-02 11:23:00,540,540,540,540,100
2022-12-02 11:24:00,540,540,540,540,400
2022-12-02 11:25:00,540,540,540,540,0
2022-12-02 11:26:00,540,540,540,540,0
2022-12-02 11:27:00,540,540,540,540,400
2022-12-02 11:28:00,540,540,540,540,0
2022-12-02 11:29:00,540,540,540,540,300
2022-12-02 11:30:00,540,540,540,540,0
2022-12-02 11:31:00,540,540,540,540,0
2022-12-02 11:32:00,540,540,540,540,0
2022-12-02 11:33:00,540,540,540,540,0
2022-12-02 11:34:00,540,540,540,540,0
2022-12-02 11:35:00,540,540,540,540,0
2022-12-02 11:36:00,540,540,540,540,0
2022-12-02 11:37:00,540,540,540,540,0
2022-12-02 11:38:00,540,540,540,540,0
2022-12-02 11:39:00,540,540,540,540,0
2022-12-02 11:40:00,540,540,540,540,0
2022-12-02 11:41:00,540,540,540,540,0
2022-12-02 11:42:00,540,540,540,540,0
2022-12-02 11:43:00,540,540,540,540,0
2022-12-02 11:44:00,540,540,540,540,0
2022-12-02 11:45:00,540,540,540,540,0
2022-12-02 11:46:00,540,540,540,540,0
2022-12-02 11:47:00,540,540,540,540,0
2022-12-02 11:48:00,540,540,540,540,0
2022-12-02 11:49:00,540,540,540,540,0
2022-12-02 11:50:00,540,540,540,540,0
2022-12-02 11:51:00,540,540,540,540,0
2022-12-02 11:52:00,540,540,540,540,0
2022-12-02 11:53:00,540,540,540,540,0
2022-12-02 11:54:00,540,540,540,540,0
2022-12-02 11:55:00,540,540,540,540,0
2022-12-02 11:56:00,540,540,540,540,0
2022-12-02 11:57:00,540,540,540,540,0
2022-12-02 11:58:00,540,540,540,540,0
2022-12-02 11:59:00,540,540,540,540,0
2022-12-02 12:00:00,540,540,540,540,0
2022-12-02 12:01:00,540,540,540,540,0
2022-12-02 12:02:00,540,540,540,540,0
2022-12-02 12:03:00,540,540,540,540,0
2022-12-02 12:04:00,540,540,540,540,0
2022-12-02 12:05:00,540,540,540,540,0
2022-12-02 12:06:00,540,540,540,540,0
2022-12-02 12:07:00,540,540,540,540,0
2022-12-02 12:08:00,540,540,540,540,0
2022-12-02 12:09:00,540,540,540,540,0
2022-12-02 12:10:00,540,540,540,540,0
2022-12-02 12:11:00,540,540,540,540,0
2022-12-02 12:12:00,540,540,540,540,0
2022-12-02 12:13:00,540,540,540,540,0
2022-12-02 12:14:00,540,540,540,540,0
2022-12-02 12:15:00,540,540,540,540,0
2022-12-02 12:16:00,540,540,540,540,0
2022-12-02 12:17:00,540,540,540,540,0
2022-12-02 12:18:00,540,540,540,540,0
2022-12-02 12:19:00,540,540,540,540,0
2022-12-02 12:20:00,540,540,540,540,0
2022-12-02 12:21:00,540,540,540,540,0
2022-12-02 12:22:00,540,540,540,540,0
2022-12-02 12:23:00,540,540,540,540,0
2022-12-02 12:24:00,540,540,540,540,0
2022-12-02 12:25:00,540,540,540,540,0
2022-12-02 12:26:00,540,540,540,540,0
2022-12-02 12:27:00,540,540,540,540,0
2022-12-02 12:28:00,540,540,540,540,0
2022-12-02 12:29:00,540,540,540,540,0
2022-12-02 12:30:00,540,540,540,540,0
2022-12-02 12:31:00,540,540,540,540,0
2022-12-02 12:32:00,540,540,540,540,0
2022-12-02 12:33:00,540,540,540,540,0
2022-12-02 12:34:00,540,540,540,540,0
2022-12-02 12:35:00,540,540,540,540,0
2022-12-02 12:36:00,540,540,540,540,0
2022-12-02 12:37:00,540,540,540,540,0
2022-12-02 12:38:00,540,540,540,540,0
2022-12-02 12:39:00,540,540,540,540,0
2022-12-02 12:40:00,540,540,540,540,0
2022-12-02 12:41:00,540,540,540,540,0
2022-12-02 12:42:00,540,540,540,540,0
2022-12-02 12:43:00,540,540,540,540,0
2022-12-02 12:44:00,540,540,540,540,0
2022-12-02 12:45:00,540,540,540,540,0
2022-12-02 12:46:00,540,540,540,540,0
2022-12-02 12:47:00,540,540,540,540,0
2022-12-02 12:48:00,540,540,540,540,0
2022-12-02 12:49:00,540,540,540,540,0
2022-12-02 12:50:00,540,540,540,540,0
2022-12-02 12:51:00,540,540,540,540,0
2022-12-02 12:52:00,540,540,540,540,0
2022-12-02 12:53:00,540,540,540,540,0
2022-12-02 12:54:00,540,540,540,540,0
2022-12-02 12:55:00,540,540,540,540,0
2022-12-02 12:56:00,540,540,540,540,0
2022-12-02 12:57:00,540,540,540,540,0
2022-12-02 12:58:00,540,540,540,540,0
2022-12-02 12:59:00,540,540,540,540,0
2022-12-02 13:00:00,540,540,540,540,0
2022-12-02 13:01:00,540,540,540,540,0
2022-12-02 13:02:00,540,540,540,540,0
2022-12-02 13:03:00,540,540,540,540,0
2022-12-02 13:04:00,540,540,540,540,0
2022-12-02 13:05:00,540,540,540,540,0
2022-12-02 13:06:00,540,540,540,540,0
2022-12-02 13:07:00,540,540,540,540,0
2022-12-02 13:08:00,540,540,540,540,0
2022-12-02 13:09:00,540,540,540,540,0
2022-12-02 13:10:00,540,540,540,540,0
2022-12-02 13:11:00,540,540,540,540,0
2022-12-02 13:12:00,540,540,540,540,0
2022-12-02 13:13:00,540,540,540,540,0
2022-12-02 13:14:00,540,540,540,540,0
2022-12-02 13:15:00,540,540,540,540,0
2022-12-02 13:16:00,540,540,540,540,0
2022-12-02 13:17:00,540,540,540,540,0
2022-12-02 13:18:00,540,540,540,540,0
2022-12-02 13:19:00,540,540,540,540,0
2022-12-02 13:20:00,540,540,540,540,0
2022-12-02 13:21:00,540,540,540,540,0
2022-12-02 13:22:00,540,540,540,540,0
2022-12-02 13:23:00,540,540,540,540,0
2022-12-02 13:24:00,540,540,540,540,0
2022-12-02 13:25:00,540,540,540,540,0
2022-12-02 13:26:00,540,540,540,540,0
2022-12-02 13:27:00,540,540,540,540,0
2022-12-02 13:28:00,540,540,540,540,0
2022-12-02 13:29:00,540,540,540,540,0
2022-12-02 13:30:00,540,540,540,540,0
2022-12-02 13:31:00,540,540,540,540,0
2022-12-02 13:32:00,540,540,540,540,0
2022-12-02 13:33:00,540,540,540,540,0
2022-12-02 13:34:00,540,540,540,540,0
2022-12-02 13:35:00,540,540,540,540,0
2022-12-02 13:36:00,540,540,540,540,0
2022-12-02 13:37:00,540,540,540,540,0
2022-12-02 13:38:00,540,540,540,540,0
2022-12-02 13:39:00,540,540,540,540,0
2022-12-02 13:40:00,540,540,540,540,0
2022-12-02 13:41:00,540,540,540,540,0
2022-12-02 13:42:00,540,540,540,540,0
2022-12-02 13:43:00,540,540,540,540,0
2022-12-02 13:44:00,540,540,540,540,0
2022-12-02 13:45:00,540,540,540,540,0
2022-12-02 13:46:00,540,540,540,540,600
2022-12-02 13:47:00,540,540,540,540,0
2022-12-02 13:48:00,540,540,540,540,0
2022-12-02 13:49:00,540,540,540,540,0
2022-12-02 13:50:00,540,540,540,540,0
2022-12-02 13:51:00,540,540,540,540,100
2022-12-02 13:52:00,540,540,540,540,0
2022-12-02 13:53:00,540,540,540,540,0
2022-12-02 13:54:00,540,540,540,540,0
2022-12-02 13:55:00,540,540,540,540,0
2022-12-02 13:56:00,540,540,540,540,0
2022-12-02 13:57:00,540,540,540,540,1000
2022-12-02 13:58:00,540,540,540,540,0
2022-12-02 13:59:00,540,540,540,540,0
2022-12-02 14:00:00,540,540,540,540,0
2022-12-02 14:01:00,540,540,540,540,0
2022-12-02 14:02:00,535,535,535,535,3500
2022-12-02 14:03:00,540,540,540,540,0
2022-12-02 14:04:00,540,540,540,540,0
2022-12-02 14:05:00,540,540,540,540,100
2022-12-02 14:06:00,540,540,540,540,0
2022-12-02 14:07:00,540,540,540,540,0
2022-12-02 14:08:00,540,540,540,540,0
2022-12-02 14:09:00,540,540,540,540,0
2022-12-02 14:10:00,540,540,540,540,0
2022-12-02 14:11:00,540,540,540,540,0
2022-12-02 14:12:00,540,540,540,540,0
2022-12-02 14:13:00,540,540,540,540,0
2022-12-02 14:14:00,540,540,540,540,0
2022-12-02 14:15:00,540,540,540,540,0
2022-12-02 14:16:00,540,540,540,540,0
2022-12-02 14:17:00,540,540,540,540,0
2022-12-02 14:18:00,540,540,540,540,0
2022-12-02 14:19:00,540,540,540,540,0
2022-12-02 14:20:00,540,540,540,540,800
2022-12-02 14:21:00,535,535,540,540,1200
2022-12-02 14:22:00,535,535,540,540,0
2022-12-02 14:23:00,535,535,540,540,0
2022-12-02 14:24:00,535,535,540,540,0
2022-12-02 14:25:00,535,535,540,540,0
2022-12-02 14:26:00,535,535,540,540,0
2022-12-02 14:27:00,535,535,540,540,0
2022-12-02 14:28:00,535,535,540,540,0
2022-12-02 14:29:00,535,535,540,540,0
2022-12-02 14:30:00,535,535,540,540,0
2022-12-02 14:31:00,535,535,540,540,0
2022-12-02 14:32:00,535,535,540,540,0
2022-12-02 14:33:00,535,535,540,540,0
2022-12-02 14:34:00,535,535,540,540,0
2022-12-02 14:35:00,540,540,540,540,400
2022-12-02 14:36:00,540,540,540,540,0
2022-12-02 14:37:00,540,540,540,540,0
2022-12-02 14:38:00,540,540,540,540,0
2022-12-02 14:39:00,540,540,540,540,0
2022-12-02 14:40:00,540,540,540,540,0
2022-12-02 14:41:00,540,540,540,540,0
2022-12-02 14:42:00,540,540,540,540,0
2022-12-02 14:43:00,540,540,540,540,20000
2022-12-02 14:44:00,540,540,540,540,0
2022-12-02 14:45:00,540,540,540,540,0
2022-12-02 14:46:00,540,540,540,540,0
2022-12-02 14:47:00,540,540,540,540,0
2022-12-02 14:48:00,540,540,540,540,0
2022-12-02 14:49:00,540,540,540,540,2600
2022-12-02 14:50:00,540,540,540,540,0
2022-12-02 14:51:00,540,540,540,540,0
2022-12-02 14:52:00,540,540,540,540,0
2022-12-02 14:53:00,540,540,540,540,0
2022-12-02 14:54:00,540,540,540,540,0
2022-12-02 14:55:00,540,540,540,540,0
2022-12-02 14:56:00,540,540,540,540,0
2022-12-02 14:57:00,540,540,540,540,0
2022-12-02 14:58:00,540,540,540,540,0
2022-12-02 14:59:00,540,540,540,540,0
2022-12-02 15:00:00,540,540,540,540,121000
2022-12-02 15:01:00,540,540,540,540,0
2022-12-02 15:02:00,540,540,540,540,0
2022-12-02 15:03:00,540,540,540,540,0
2022-12-02 15:04:00,540,540,540,540,0
2022-12-02 15:05:00,540,540,540,540,0
2022-12-02 15:06:00,540,540,540,540,0
2022-12-02 15:07:00,540,540,540,540,0
2022-12-02 15:08:00,540,540,540,540,0
2022-12-02 15:09:00,540,540,540,540,0
2022-12-02 15:10:00,540,540,540,540,0
2022-12-02 15:11:00,540,540,540,540,0
2022-12-02 15:12:00,540,540,540,540,0
2022-12-02 15:13:00,540,540,540,540,0
2022-12-02 15:14:00,540,540,540,540,0
2022-12-02 15:15:00,540,540,540,540,0
2022-12-02 15:16:00,540,540,540,540,0
2022-12-02 15:17:00,540,540,540,540,0
2022-12-02 15:18:00,540,540,540,540,0
2022-12-02 15:19:00,540,540,540,540,0
2022-12-02 15:20:00,540,540,540,540,0
2022-12-02 15:21:00,540,540,540,540,0
2022-12-02 15:22:00,540,540,540,540,0
2022-12-02 15:23:00,540,540,540,540,0
2022-12-02 15:24:00,540,540,540,540,0
2022-12-02 15:25:00,540,540,540,540,0
2022-12-02 15:26:00,540,540,540,540,0
2022-12-02 15:27:00,540,540,540,540,0
2022-12-02 15:28:00,540,540,540,540,0
2022-12-02 15:29:00,540,540,540,540,0
2022-12-02 15:30:00,540,540,540,540,0
2022-12-02 15:31:00,540,540,540,540,0
2022-12-02 15:32:00,540,540,540,540,0
2022-12-02 15:33:00,540,540,540,540,0
2022-12-02 15:34:00,540,540,540,540,0
2022-12-02 15:35:00,540,540,540,540,0
2022-12-02 15:36:00,540,540,540,540,0
2022-12-02 15:37:00,540,540,540,540,0
2022-12-02 15:38:00,540,540,540,540,0
2022-12-02 15:39:00,540,540,540,540,0
2022-12-02 15:40:00,540,540,540,540,0
2022-12-02 15:41:00,540,540,540,540,0
2022-12-02 15:42:00,540,540,540,540,0
2022-12-02 15:43:00,540,540,540,540,0
2022-12-02 15:44:00,540,540,540,540,0
2022-12-02 15:45:00,540,540,540,540,0
2022-12-02 15:46:00,540,540,540,540,0
2022-12-02 15:47:00,540,540,540,540,0
2022-12-02 15:48:00,540,540,540,540,0
2022-12-02 15:49:00,540,540,540,540,0
2022-12-02 15:50:00,540,540,540,540,0
2022-12-02 15:51:00,540,540,540,540,0
2022-12-02 15:52:00,540,540,540,540,0
2022-12-02 15:53:00,540,540,540,540,0
2022-12-02 15:54:00,540,540,540,540,0
2022-12-02 15:55:00,540,540,540,540,0
2022-12-02 15:56:00,540,540,540,540,0
2022-12-02 15:57:00,540,540,540,540,0
2022-12-02 15:58:00,540,540,540,540,0
2022-12-02 15:59:00,540,540,540,540,0
2022-12-05 09:00:00,535,535,540,540,0
2022-12-05 09:01:00,535,535,540,540,0
2022-12-05 09:02:00,535,535,540,540,0
2022-12-05 09:03:00,535,535,535,535,700
2022-12-05 09:04:00,540,540,540,540,0
2022-12-05 09:05:00,540,540,540,540,0
2022-12-05 09:06:00,540,540,540,540,0
2022-12-05 09:07:00,540,540,540,540,0
2022-12-05 09:08:00,540,540,540,540,0
2022-12-05 09:09:00,540,540,540,540,0
2022-12-05 09:10:00,540,540,540,540,0
2022-12-05 09:11:00,540,540,540,540,0
2022-12-05 09:12:00,540,540,540,540,0
2022-12-05 09:13:00,540,540,540,540,0
2022-12-05 09:14:00,540,540,540,540,0
2022-12-05 09:15:00,540,540,540,540,0
2022-12-05 09:16:00,540,540,540,540,0
2022-12-05 09:17:00,540,540,540,540,0
2022-12-05 09:18:00,540,540,540,540,0
2022-12-05 09:19:00,540,540,540,540,0
2022-12-05 09:20:00,540,540,540,540,0
2022-12-05 09:21:00,540,540,540,540,0
2022-12-05 09:22:00,540,540,540,540,0
2022-12-05 09:23:00,540,540,540,540,0
2022-12-05 09:24:00,540,540,540,540,0
2022-12-05 09:25:00,540,540,540,540,0
2022-12-05 09:26:00,540,540,540,540,0
2022-12-05 09:27:00,540,540,540,540,0
2022-12-05 09:28:00,540,540,540,540,0
2022-12-05 09:29:00,540,540,540,540,0
2022-12-05 09:30:00,540,540,540,540,0
2022-12-05 09:31:00,540,540,540,540,0
2022-12-05 09:32:00,540,540,540,540,0
2022-12-05 09:33:00,540,540,540,540,0
2022-12-05 09:34:00,540,540,540,540,0
2022-12-05 09:35:00,540,540,540,540,0
2022-12-05 09:36:00,540,540,540,540,0
2022-12-05 09:37:00,540,540,540,540,0
2022-12-05 09:38:00,540,540,540,540,0
2022-12-05 09:39:00,540,540,540,540,0
2022-12-05 09:40:00,540,540,540,540,0
2022-12-05 09:41:00,540,540,540,540,0
2022-12-05 09:42:00,540,540,540,540,0
2022-12-05 09:43:00,540,540,540,540,0
2022-12-05 09:44:00,540,540,540,540,0
2022-12-05 09:45:00,540,540,540,540,0
2022-12-05 09:46:00,540,540,540,540,0
2022-12-05 09:47:00,540,540,540,540,0
2022-12-05 09:48:00,540,540,540,540,0
2022-12-05 09:49:00,540,540,540,540,0
2022-12-05 09:50:00,540,540,540,540,0
2022-12-05 09:51:00,540,540,540,540,0
2022-12-05 09:52:00,540,540,540,540,0
2022-12-05 09:53:00,535,535,540,540,9100
2022-12-05 09:54:00,535,535,540,540,0
2022-12-05 09:55:00,535,535,540,540,10300
2022-12-05 09:56:00,535,535,540,540,0
2022-12-05 09:57:00,535,535,540,540,0
2022-12-05 09:58:00,540,540,540,540,300
2022-12-05 09:59:00,540,540,540,540,0
2022-12-05 10:00:00,540,540,540,540,0
2022-12-05 10:01:00,540,540,540,540,0
2022-12-05 10:02:00,540,540,540,540,0
2022-12-05 10:03:00,540,540,540,540,0
2022-12-05 10:04:00,540,540,540,540,0
2022-12-05 10:05:00,540,540,540,540,0
2022-12-05 10:06:00,540,540,540,540,0
2022-12-05 10:07:00,540,540,540,540,0
2022-12-05 10:08:00,540,540,540,540,0
2022-12-05 10:09:00,540,540,540,540,0
2022-12-05 10:10:00,540,540,540,540,0
2022-12-05 10:11:00,540,540,540,540,0
2022-12-05 10:12:00,540,540,540,540,0
2022-12-05 10:13:00,540,540,540,540,0
2022-12-05 10:14:00,540,540,540,540,0
2022-12-05 10:15:00,540,540,540,540,0
2022-12-05 10:16:00,540,540,540,540,0
2022-12-05 10:17:00,540,540,540,540,0
2022-12-05 10:18:00,540,540,540,540,0
2022-12-05 10:19:00,540,540,540,540,0
2022-12-05 10:20:00,535,535,535,535,4500
2022-12-05 10:21:00,535,535,540,540,800
2022-12-05 10:22:00,540,540,540,540,800
2022-12-05 10:23:00,540,540,540,540,0
2022-12-05 10:24:00,540,540,540,540,0
2022-12-05 10:25:00,540,540,540,540,0
2022-12-05 10:26:00,540,540,540,540,0
2022-12-05 10:27:00,540,540,540,540,0
2022-12-05 10:28:00,535,535,535,535,2500
2022-12-05 10:29:00,535,535,535,535,0
2022-12-05 10:30:00,540,540,540,540,4600
2022-12-05 10:31:00,540,540,540,540,0
2022-12-05 10:32:00,540,540,540,540,0
2022-12-05 10:33:00,540,540,540,540,0
2022-12-05 10:34:00,540,540,540,540,0
2022-12-05 10:35:00,540,540,540,540,0
2022-12-05 10:36:00,540,540,540,540,0
2022-12-05 10:37:00,540,540,540,540,0
2022-12-05 10:38:00,540,540,540,540,0
2022-12-05 10:39:00,540,540,540,540,0
2022-12-05 10:40:00,540,540,540,540,0
2022-12-05 10:41:00,540,540,540,540,0
2022-12-05 10:42:00,540,540,540,540,0
2022-12-05 10:43:00,535,535,540,540,4100
2022-12-05 10:44:00,535,535,540,540,0
2022-12-05 10:45:00,540,540,540,540,300
2022-12-05 10:46:00,540,540,540,540,0
2022-12-05 10:47:00,540,540,540,540,0
2022-12-05 10:48:00,540,540,540,540,0
2022-12-05 10:49:00,535,535,535,535,2200
2022-12-05 10:50:00,535,535,535,535,400
2022-12-05 10:51:00,535,535,535,535,0
2022-12-05 10:52:00,535,535,535,535,600
2022-12-05 10:53:00,535,535,535,535,900
2022-12-05 10:54:00,535,535,535,535,0
2022-12-05 10:55:00,535,535,535,535,1200
2022-12-05 10:56:00,535,535,535,535,0
2022-12-05 10:57:00,535,535,535,535,200
2022-12-05 10:58:00,535,535,535,535,0
2022-12-05 10:59:00,535,535,535,535,0
2022-12-05 11:00:00,535,535,535,535,0
2022-12-05 11:01:00,535,535,535,535,0
2022-12-05 11:02:00,535,535,535,535,0
2022-12-05 11:03:00,535,535,535,535,0
2022-12-05 11:04:00,535,535,535,535,500
2022-12-05 11:05:00,535,535,535,535,0
2022-12-05 11:06:00,535,535,535,535,0
2022-12-05 11:07:00,535,535,535,535,0
2022-12-05 11:08:00,535,535,535,535,0
2022-12-05 11:09:00,535,535,535,535,0
2022-12-05 11:10:00,535,535,535,535,600
2022-12-05 11:11:00,535,535,535,535,0
2022-12-05 11:12:00,535,535,535,535,0
2022-12-05 11:13:00,535,535,535,535,0
2022-12-05 11:14:00,535,535,535,535,300
2022-12-05 11:15:00,535,535,535,535,0
2022-12-05 11:16:00,530,530,535,535,800
2022-12-05 11:17:00,530,530,535,535,0
2022-12-05 11:18:00,530,530,535,535,0
2022-12-05 11:19:00,530,530,535,535,0
2022-12-05 11:20:00,535,535,535,535,500
2022-12-05 11:21:00,535,535,535,535,0
2022-12-05 11:22:00,535,535,535,535,100
2022-12-05 11:23:00,535,535,535,535,0
2022-12-05 11:24:00,535,535,535,535,0
2022-12-05 11:25:00,535,535,535,535,0
2022-12-05 11:26:00,535,535,535,535,1200
2022-12-05 11:27:00,535,535,535,535,0
2022-12-05 11:28:00,535,535,535,535,400
2022-12-05 11:29:00,535,535,535,535,500
2022-12-05 11:30:00,535,535,535,535,0
2022-12-05 11:31:00,535,535,535,535,0
2022-12-05 11:32:00,535,535,535,535,0
2022-12-05 11:33:00,535,535,535,535,0
2022-12-05 11:34:00,535,535,535,535,0
2022-12-05 11:35:00,535,535,535,535,0
2022-12-05 11:36:00,535,535,535,535,0
2022-12-05 11:37:00,535,535,535,535,0
2022-12-05 11:38:00,535,535,535,535,0
2022-12-05 11:39:00,535,535,535,535,0
2022-12-05 11:40:00,535,535,535,535,0
2022-12-05 11:41:00,535,535,535,535,0
2022-12-05 11:42:00,535,535,535,535,0
2022-12-05 11:43:00,535,535,535,535,0
2022-12-05 11:44:00,535,535,535,535,0
2022-12-05 11:45:00,535,535,535,535,0
2022-12-05 11:46:00,535,535,535,535,0
2022-12-05 11:47:00,535,535,535,535,0
2022-12-05 11:48:00,535,535,535,535,0
2022-12-05 11:49:00,535,535,535,535,0
2022-12-05 11:50:00,535,535,535,535,0
2022-12-05 11:51:00,535,535,535,535,0
2022-12-05 11:52:00,535,535,535,535,0
2022-12-05 11:53:00,535,535,535,535,0
2022-12-05 11:54:00,535,535,535,535,0
2022-12-05 11:55:00,535,535,535,535,0
2022-12-05 11:56:00,535,535,535,535,0
2022-12-05 11:57:00,535,535,535,535,0
2022-12-05 11:58:00,535,535,535,535,0
2022-12-05 11:59:00,535,535,535,535,0
2022-12-05 12:00:00,535,535,535,535,0
2022-12-05 12:01:00,535,535,535,535,0
2022-12-05 12:02:00,535,535,535,535,0
2022-12-05 12:03:00,535,535,535,535,0
2022-12-05 12:04:00,535,535,535,535,0
2022-12-05 12:05:00,535,535,535,535,0
2022-12-05 12:06:00,535,535,535,535,0
2022-12-05 12:07:00,535,535,535,535,0
2022-12-05 12:08:00,535,535,535,535,0
2022-12-05 12:09:00,535,535,535,535,0
2022-12-05 12:10:00,535,535,535,535,0
2022-12-05 12:11:00,535,535,535,535,0
2022-12-05 12:12:00,535,535,535,535,0
2022-12-05 12:13:00,535,535,535,535,0
2022-12-05 12:14:00,535,535,535,535,0
2022-12-05 12:15:00,535,535,535,535,0
2022-12-05 12:16:00,535,535,535,535,0
2022-12-05 12:17:00,535,535,535,535,0
2022-12-05 12:18:00,535,535,535,535,0
2022-12-05 12:19:00,535,535,535,535,0
2022-12-05 12:20:00,535,535,535,535,0
2022-12-05 12:21:00,535,535,535,535,0
2022-12-05 12:22:00,535,535,535,535,0
2022-12-05 12:23:00,535,535,535,535,0
2022-12-05 12:24:00,535,535,535,535,0
2022-12-05 12:25:00,535,535,535,535,0
2022-12-05 12:26:00,535,535,535,535,0
2022-12-05 12:27:00,535,535,535,535,0
2022-12-05 12:28:00,535,535,535,535,0
2022-12-05 12:29:00,535,535,535,535,0
2022-12-05 12:30:00,535,535,535,535,0
2022-12-05 12:31:00,535,535,535,535,0
2022-12-05 12:32:00,535,535,535,535,0
2022-12-05 12:33:00,535,535,535,535,0
2022-12-05 12:34:00,535,535,535,535,0
2022-12-05 12:35:00,535,535,535,535,0
2022-12-05 12:36:00,535,535,535,535,0
2022-12-05 12:37:00,535,535,535,535,0
2022-12-05 12:38:00,535,535,535,535,0
2022-12-05 12:39:00,535,535,535,535,0
2022-12-05 12:40:00,535,535,535,535,0
2022-12-05 12:41:00,535,535,535,535,0
2022-12-05 12:42:00,535,535,535,535,0
2022-12-05 12:43:00,535,535,535,535,0
2022-12-05 12:44:00,535,535,535,535,0
2022-12-05 12:45:00,535,535,535,535,0
2022-12-05 12:46:00,535,535,535,535,0
2022-12-05 12:47:00,535,535,535,535,0
2022-12-05 12:48:00,535,535,535,535,0
2022-12-05 12:49:00,535,535,535,535,0
2022-12-05 12:50:00,535,535,535,535,0
2022-12-05 12:51:00,535,535,535,535,0
2022-12-05 12:52:00,535,535,535,535,0
2022-12-05 12:53:00,535,535,535,535,0
2022-12-05 12:54:00,535,535,535,535,0
2022-12-05 12:55:00,535,535,535,535,0
2022-12-05 12:56:00,535,535,535,535,0
2022-12-05 12:57:00,535,535,535,535,0
2022-12-05 12:58:00,535,535,535,535,0
2022-12-05 12:59:00,535,535,535,535,0
2022-12-05 13:00:00,535,535,535,535,0
2022-12-05 13:01:00,535,535,535,535,0
2022-12-05 13:02:00,535,535,535,535,0
2022-12-05 13:03:00,535,535,535,535,0
2022-12-05 13:04:00,535,535,535,535,0
2022-12-05 13:05:00,535,535,535,535,0
2022-12-05 13:06:00,535,535,535,535,0
2022-12-05 13:07:00,535,535,535,535,0
2022-12-05 13:08:00,535,535,535,535,0
2022-12-05 13:09:00,535,535,535,535,0
2022-12-05 13:10:00,535,535,535,535,0
2022-12-05 13:11:00,535,535,535,535,0
2022-12-05 13:12:00,535,535,535,535,0
2022-12-05 13:13:00,535,535,535,535,0
2022-12-05 13:14:00,535,535,535,535,0
2022-12-05 13:15:00,535,535,535,535,0
2022-12-05 13:16:00,535,535,535,535,0
2022-12-05 13:17:00,535,535,535,535,0
2022-12-05 13:18:00,535,535,535,535,0
2022-12-05 13:19:00,535,535,535,535,0
2022-12-05 13:20:00,535,535,535,535,0
2022-12-05 13:21:00,535,535,535,535,0
2022-12-05 13:22:00,535,535,535,535,0
2022-12-05 13:23:00,535,535,535,535,0
2022-12-05 13:24:00,535,535,535,535,0
2022-12-05 13:25:00,535,535,535,535,0
2022-12-05 13:26:00,535,535,535,535,0
2022-12-05 13:27:00,535,535,535,535,0
2022-12-05 13:28:00,535,535,535,535,0
2022-12-05 13:29:00,535,535,535,535,0
2022-12-05 13:30:00,535,535,535,535,200
2022-12-05 13:31:00,535,535,535,535,0
2022-12-05 13:32:00,535,535,535,535,0
2022-12-05 13:33:00,535,535,535,535,0
2022-12-05 13:34:00,530,530,530,530,101700
2022-12-05 13:35:00,535,535,535,535,0
2022-12-05 13:36:00,535,535,535,535,0
2022-12-05 13:37:00,535,535,535,535,0
2022-12-05 13:38:00,535,535,535,535,0
2022-12-05 13:39:00,535,535,535,535,1600
2022-12-05 13:40:00,530,530,535,535,700
2022-12-05 13:41:00,530,530,535,535,25400
2022-12-05 13:42:00,530,530,535,535,0
2022-12-05 13:43:00,535,535,535,535,500
2022-12-05 13:44:00,535,535,535,535,200
2022-12-05 13:45:00,535,535,535,535,0
2022-12-05 13:46:00,535,535,535,535,0
2022-12-05 13:47:00,535,535,535,535,700
2022-12-05 13:48:00,535,535,535,535,0
2022-12-05 13:49:00,535,535,535,535,0
2022-12-05 13:50:00,535,535,535,535,0
2022-12-05 13:51:00,535,535,535,535,0
2022-12-05 13:52:00,535,535,535,535,0
2022-12-05 13:53:00,535,535,535,535,0
2022-12-05 13:54:00,535,535,535,535,400
2022-12-05 13:55:00,535,535,535,535,600
2022-12-05 13:56:00,535,535,535,535,0
2022-12-05 13:57:00,535,535,535,535,200
2022-12-05 13:58:00,535,535,535,535,0
2022-12-05 13:59:00,535,535,535,535,900
2022-12-05 14:00:00,535,535,535,535,300
2022-12-05 14:01:00,535,535,535,535,0
2022-12-05 14:02:00,535,535,535,535,400
2022-12-05 14:03:00,535,535,535,535,200
2022-12-05 14:04:00,535,535,535,535,0
2022-12-05 14:05:00,535,535,535,535,0
2022-12-05 14:06:00,535,535,535,535,0
2022-12-05 14:07:00,535,535,535,535,0
2022-12-05 14:08:00,535,535,535,535,0
2022-12-05 14:09:00,535,535,535,535,0
2022-12-05 14:10:00,535,535,535,535,200
2022-12-05 14:11:00,535,535,535,535,0
2022-12-05 14:12:00,535,535,535,535,700
2022-12-05 14:13:00,535,535,535,535,0
2022-12-05 14:14:00,535,535,535,535,0
2022-12-05 14:15:00,535,535,535,535,400
2022-12-05 14:16:00,535,535,535,535,0
2022-12-05 14:17:00,535,535,535,535,700
2022-12-05 14:18:00,535,535,535,535,0
2022-12-05 14:19:00,535,535,535,535,0
2022-12-05 14:20:00,535,535,535,535,100
2022-12-05 14:21:00,535,535,535,535,0
2022-12-05 14:22:00,535,535,535,535,0
2022-12-05 14:23:00,535,535,535,535,0
2022-12-05 14:24:00,535,535,535,535,0
2022-12-05 14:25:00,535,535,535,535,1000
2022-12-05 14:26:00,535,535,535,535,0
2022-12-05 14:27:00,535,535,535,535,0
2022-12-05 14:28:00,535,535,535,535,0
2022-12-05 14:29:00,535,535,535,535,0
2022-12-05 14:30:00,535,535,535,535,0
2022-12-05 14:31:00,535,535,535,535,0
2022-12-05 14:32:00,535,535,535,535,700
2022-12-05 14:33:00,535,535,535,535,0
2022-12-05 14:34:00,535,535,535,535,0
2022-12-05 14:35:00,535,535,535,535,0
2022-12-05 14:36:00,535,535,535,535,400
2022-12-05 14:37:00,530,530,535,535,0
2022-12-05 14:38:00,530,530,535,535,0
2022-12-05 14:39:00,530,530,535,535,0
2022-12-05 14:40:00,530,530,535,535,0
2022-12-05 14:41:00,530,530,535,535,0
2022-12-05 14:42:00,530,530,535,535,0
2022-12-05 14:43:00,535,535,535,535,800
2022-12-05 14:44:00,535,535,535,535,200
2022-12-05 14:45:00,535,535,535,535,0
2022-12-05 14:46:00,535,535,535,535,300
2022-12-05 14:47:00,535,535,535,535,700
2022-12-05 14:48:00,535,535,535,535,300
2022-12-05 14:49:00,535,535,535,535,1000
2022-12-05 14:50:00,535,535,535,535,0
2022-12-05 14:51:00,535,535,535,535,0
2022-12-05 14:52:00,535,535,535,535,0
2022-12-05 14:53:00,535,535,535,535,0
2022-12-05 14:54:00,535,535,535,535,0
2022-12-05 14:55:00,535,535,535,535,0
2022-12-05 14:56:00,535,535,535,535,0
2022-12-05 14:57:00,535,535,535,535,0
2022-12-05 14:58:00,535,535,535,535,0
2022-12-05 14:59:00,535,535,535,535,0
2022-12-05 15:00:00,530,530,530,530,80000
2022-12-05 15:01:00,530,530,530,530,35000
2022-12-05 15:02:00,530,530,530,530,0
2022-12-05 15:03:00,530,530,530,530,0
2022-12-05 15:04:00,530,530,530,530,0
2022-12-05 15:05:00,530,530,530,530,0
2022-12-05 15:06:00,530,530,530,530,10000
2022-12-05 15:07:00,530,530,530,530,0
2022-12-05 15:08:00,530,530,530,530,299300
2022-12-05 15:09:00,530,530,530,530,0
2022-12-05 15:10:00,530,530,530,530,0
2022-12-05 15:11:00,530,530,530,530,0
2022-12-05 15:12:00,530,530,530,530,0
2022-12-05 15:13:00,530,530,530,530,0
2022-12-05 15:14:00,530,530,530,530,0
2022-12-05 15:15:00,530,530,530,530,0
2022-12-05 15:16:00,530,530,530,530,0
2022-12-05 15:17:00,530,530,530,530,0
2022-12-05 15:18:00,530,530,530,530,0
2022-12-05 15:19:00,530,530,530,530,0
2022-12-05 15:20:00,530,530,530,530,0
2022-12-05 15:21:00,530,530,530,530,0
2022-12-05 15:22:00,530,530,530,530,0
2022-12-05 15:23:00,530,530,530,530,0
2022-12-05 15:24:00,530,530,530,530,0
2022-12-05 15:25:00,530,530,530,530,0
2022-12-05 15:26:00,530,530,530,530,0
2022-12-05 15:27:00,530,530,530,530,0
2022-12-05 15:28:00,530,530,530,530,0
2022-12-05 15:29:00,530,530,530,530,0
2022-12-05 15:30:00,530,530,530,530,0
2022-12-05 15:31:00,530,530,530,530,0
2022-12-05 15:32:00,530,530,530,530,0
2022-12-05 15:33:00,530,530,530,530,0
2022-12-05 15:34:00,530,530,530,530,0
2022-12-05 15:35:00,530,530,530,530,0
2022-12-05 15:36:00,530,530,530,530,0
2022-12-05 15:37:00,530,530,530,530,0
2022-12-05 15:38:00,530,530,530,530,0
2022-12-05 15:39:00,530,530,530,530,0
2022-12-05 15:40:00,530,530,530,530,0
2022-12-05 15:41:00,530,530,530,530,0
2022-12-05 15:42:00,530,530,530,530,0
2022-12-05 15:43:00,530,530,530,530,0
2022-12-05 15:44:00,530,530,530,530,0
2022-12-05 15:45:00,530,530,530,530,0
2022-12-05 15:46:00,530,530,530,530,0
2022-12-05 15:47:00,530,530,530,530,0
2022-12-05 15:48:00,530,530,530,530,0
2022-12-05 15:49:00,530,530,530,530,0
2022-12-05 15:50:00,530,530,530,530,0
2022-12-05 15:51:00,530,530,530,530,0
2022-12-05 15:52:00,530,530,530,530,0
2022-12-05 15:53:00,530,530,530,530,0
2022-12-05 15:54:00,530,530,530,530,0
2022-12-05 15:55:00,530,530,530,530,0
2022-12-05 15:56:00,530,530,530,530,0
2022-12-05 15:57:00,530,530,530,530,0
2022-12-05 15:58:00,530,530,530,530,0
2022-12-05 15:59:00,530,530,530,530,0
2022-12-06 09:00:00,530,530,530,530,0
2022-12-06 09:01:00,530,530,530,530,0
2022-12-06 09:02:00,530,530,530,530,0
2022-12-06 09:03:00,530,530,530,530,0
2022-12-06 09:04:00,530,530,530,530,0
2022-12-06 09:05:00,530,530,530,530,0
2022-12-06 09:06:00,535,535,535,535,0
2022-12-06 09:07:00,535,535,535,535,0
2022-12-06 09:08:00,535,535,535,535,0
2022-12-06 09:09:00,535,535,535,535,0
2022-12-06 09:10:00,535,535,535,535,0
2022-12-06 09:11:00,535,535,535,535,0
2022-12-06 09:12:00,535,535,535,535,0
2022-12-06 09:13:00,535,535,535,535,0
2022-12-06 09:14:00,535,535,535,535,0
2022-12-06 09:15:00,535,535,535,535,0
2022-12-06 09:16:00,535,535,535,535,0
2022-12-06 09:17:00,535,535,535,535,0
2022-12-06 09:18:00,535,535,535,535,0
2022-12-06 09:19:00,530,530,530,530,8100
2022-12-06 09:20:00,530,530,530,530,0
2022-12-06 09:21:00,530,530,530,530,200
2022-12-06 09:22:00,530,530,530,530,0
2022-12-06 09:23:00,530,530,530,530,1900
2022-12-06 09:24:00,530,530,530,530,0
2022-12-06 09:25:00,530,530,530,530,0
2022-12-06 09:26:00,530,530,530,530,1000
2022-12-06 09:27:00,535,535,535,535,1200
2022-12-06 09:28:00,535,535,535,535,0
2022-12-06 09:29:00,535,535,535,535,0
2022-12-06 09:30:00,535,535,535,535,0
2022-12-06 09:31:00,535,535,535,535,0
2022-12-06 09:32:00,535,535,535,535,0
2022-12-06 09:33:00,530,530,530,530,3400
2022-12-06 09:34:00,530,530,530,530,0
2022-12-06 09:35:00,530,530,530,530,900
2022-12-06 09:36:00,525,525,530,530,1000
2022-12-06 09:37:00,525,525,530,530,0
2022-12-06 09:38:00,530,530,530,530,0
2022-12-06 09:39:00,530,530,530,530,0
2022-12-06 09:40:00,530,530,530,530,0
2022-12-06 09:41:00,530,530,530,530,0
2022-12-06 09:42:00,525,525,530,530,2000
2022-12-06 09:43:00,530,525,530,525,400
2022-12-06 09:44:00,530,530,530,530,900
2022-12-06 09:45:00,530,530,535,535,119900
2022-12-06 09:46:00,530,530,535,535,0
2022-12-06 09:47:00,530,530,535,535,0
2022-12-06 09:48:00,530,530,535,535,0
2022-12-06 09:49:00,530,530,535,535,0
2022-12-06 09:50:00,535,535,535,535,0
2022-12-06 09:51:00,535,535,535,535,0
2022-12-06 09:52:00,535,535,535,535,0
2022-12-06 09:53:00,535,535,535,535,0
2022-12-06 09:54:00,535,535,535,535,0
2022-12-06 09:55:00,535,535,535,535,0
2022-12-06 09:56:00,535,535,535,535,0
2022-12-06 09:57:00,535,535,535,535,0
2022-12-06 09:58:00,535,535,535,535,0
2022-12-06 09:59:00,535,535,535,535,0
2022-12-06 10:00:00,535,535,535,535,1200
2022-12-06 10:01:00,535,535,535,535,0
2022-12-06 10:02:00,530,530,530,530,2700
2022-12-06 10:03:00,530,530,530,530,0
2022-12-06 10:04:00,530,530,530,530,0
2022-12-06 10:05:00,530,530,530,530,400
2022-12-06 10:06:00,530,530,530,530,0
2022-12-06 10:07:00,530,530,530,530,700
2022-12-06 10:08:00,530,530,530,530,200
2022-12-06 10:09:00,530,530,535,535,2000
2022-12-06 10:10:00,530,530,535,535,0
2022-12-06 10:11:00,530,530,535,535,0
2022-12-06 10:12:00,530,530,535,535,0
2022-12-06 10:13:00,530,530,535,535,0
2022-12-06 10:14:00,530,530,535,535,0
2022-12-06 10:15:00,530,530,535,535,0
2022-12-06 10:16:00,530,530,530,530,900
2022-12-06 10:17:00,535,530,535,530,3100
2022-12-06 10:18:00,535,535,535,535,0
2022-12-06 10:19:00,535,535,535,535,0
2022-12-06 10:20:00,535,535,535,535,0
2022-12-06 10:21:00,535,535,535,535,0
2022-12-06 10:22:00,535,535,535,535,0
2022-12-06 10:23:00,535,535,535,535,0
2022-12-06 10:24:00,535,535,535,535,0
2022-12-06 10:25:00,535,535,535,535,0
2022-12-06 10:26:00,535,535,535,535,0
2022-12-06 10:27:00,535,535,535,535,0
2022-12-06 10:28:00,535,535,535,535,0
2022-12-06 10:29:00,535,535,535,535,1000
2022-12-06 10:30:00,535,535,535,535,104800
2022-12-06 10:31:00,535,535,535,535,0
2022-12-06 10:32:00,535,535,535,535,0
2022-12-06 10:33:00,535,535,535,535,0
2022-12-06 10:34:00,535,535,535,535,0
2022-12-06 10:35:00,535,535,535,535,0
2022-12-06 10:36:00,535,535,535,535,0
2022-12-06 10:37:00,535,535,535,535,0
2022-12-06 10:38:00,535,535,535,535,0
2022-12-06 10:39:00,535,535,535,535,0
2022-12-06 10:40:00,535,535,535,535,500
2022-12-06 10:41:00,535,535,535,535,0
2022-12-06 10:42:00,535,535,535,535,0
2022-12-06 10:43:00,535,535,535,535,0
2022-12-06 10:44:00,535,535,535,535,0
2022-12-06 10:45:00,535,535,535,535,0
2022-12-06 10:46:00,535,535,535,535,0
2022-12-06 10:47:00,535,535,535,535,0
2022-12-06 10:48:00,535,535,535,535,0
2022-12-06 10:49:00,535,535,535,535,1400
2022-12-06 10:50:00,535,535,535,535,0
2022-12-06 10:51:00,530,530,530,530,9200
2022-12-06 10:52:00,530,530,530,530,0
2022-12-06 10:53:00,530,530,530,530,0
2022-12-06 10:54:00,535,535,535,535,0
2022-12-06 10:55:00,535,535,535,535,0
2022-12-06 10:56:00,535,535,535,535,0
2022-12-06 10:57:00,535,535,535,535,0
2022-12-06 10:58:00,535,535,535,535,0
2022-12-06 10:59:00,535,535,535,535,0
2022-12-06 11:00:00,535,535,535,535,0
2022-12-06 11:01:00,535,535,535,535,0
2022-12-06 11:02:00,535,535,535,535,0
2022-12-06 11:03:00,535,535,535,535,0
2022-12-06 11:04:00,535,535,535,535,0
2022-12-06 11:05:00,535,535,535,535,0
2022-12-06 11:06:00,535,535,535,535,0
2022-12-06 11:07:00,535,535,535,535,0
2022-12-06 11:08:00,535,535,535,535,0
2022-12-06 11:09:00,535,535,535,535,0
2022-12-06 11:10:00,535,535,535,535,0
2022-12-06 11:11:00,535,535,535,535,0
2022-12-06 11:12:00,535,535,535,535,600
2022-12-06 11:13:00,535,535,535,535,0
2022-12-06 11:14:00,535,535,535,535,0
2022-12-06 11:15:00,535,535,535,535,0
2022-12-06 11:16:00,535,535,535,535,0
2022-12-06 11:17:00,535,535,535,535,0
2022-12-06 11:18:00,535,535,535,535,0
2022-12-06 11:19:00,535,535,535,535,0
2022-12-06 11:20:00,535,535,535,535,0
2022-12-06 11:21:00,535,535,535,535,0
2022-12-06 11:22:00,535,535,535,535,0
2022-12-06 11:23:00,535,535,535,535,0
2022-12-06 11:24:00,535,535,535,535,0
2022-12-06 11:25:00,535,535,535,535,0
2022-12-06 11:26:00,535,535,535,535,0
2022-12-06 11:27:00,535,535,535,535,0
2022-12-06 11:28:00,535,535,535,535,0
2022-12-06 11:29:00,535,535,535,535,0
2022-12-06 11:30:00,535,535,535,535,0
2022-12-06 11:31:00,535,535,535,535,0
2022-12-06 11:32:00,535,535,535,535,0
2022-12-06 11:33:00,535,535,535,535,0
2022-12-06 11:34:00,535,535,535,535,0
2022-12-06 11:35:00,535,535,535,535,0
2022-12-06 11:36:00,535,535,535,535,0
2022-12-06 11:37:00,535,535,535,535,0
2022-12-06 11:38:00,535,535,535,535,0
2022-12-06 11:39:00,535,535,535,535,0
2022-12-06 11:40:00,535,535,535,535,0
2022-12-06 11:41:00,535,535,535,535,0
2022-12-06 11:42:00,535,535,535,535,0
2022-12-06 11:43:00,535,535,535,535,0
2022-12-06 11:44:00,535,535,535,535,0
2022-12-06 11:45:00,535,535,535,535,0
2022-12-06 11:46:00,535,535,535,535,0
2022-12-06 11:47:00,535,535,535,535,0
2022-12-06 11:48:00,535,535,535,535,0
2022-12-06 11:49:00,535,535,535,535,0
2022-12-06 11:50:00,535,535,535,535,0
2022-12-06 11:51:00,535,535,535,535,0
2022-12-06 11:52:00,535,535,535,535,0
2022-12-06 11:53:00,535,535,535,535,0
2022-12-06 11:54:00,535,535,535,535,0
2022-12-06 11:55:00,535,535,535,535,0
2022-12-06 11:56:00,535,535,535,535,0
2022-12-06 11:57:00,535,535,535,535,0
2022-12-06 11:58:00,535,535,535,535,0
2022-12-06 11:59:00,535,535,535,535,0
2022-12-06 12:00:00,535,535,535,535,0
2022-12-06 12:01:00,535,535,535,535,0
2022-12-06 12:02:00,535,535,535,535,0
2022-12-06 12:03:00,535,535,535,535,0
2022-12-06 12:04:00,535,535,535,535,0
2022-12-06 12:05:00,535,535,535,535,0
2022-12-06 12:06:00,535,535,535,535,0
2022-12-06 12:07:00,535,535,535,535,0
2022-12-06 12:08:00,535,535,535,535,0
2022-12-06 12:09:00,535,535,535,535,0
2022-12-06 12:10:00,535,535,535,535,0
2022-12-06 12:11:00,535,535,535,535,0
2022-12-06 12:12:00,535,535,535,535,0
2022-12-06 12:13:00,535,535,535,535,0
2022-12-06 12:14:00,535,535,535,535,0
2022-12-06 12:15:00,535,535,535,535,0
2022-12-06 12:16:00,535,535,535,535,0
2022-12-06 12:17:00,535,535,535,535,0
2022-12-06 12:18:00,535,535,535,535,0
2022-12-06 12:19:00,535,535,535,535,0
2022-12-06 12:20:00,535,535,535,535,0
2022-12-06 12:21:00,535,535,535,535,0
2022-12-06 12:22:00,535,535,535,535,0
2022-12-06 12:23:00,535,535,535,535,0
2022-12-06 12:24:00,535,535,535,535,0
2022-12-06 12:25:00,535,535,535,535,0
2022-12-06 12:26:00,535,535,535,535,0
2022-12-06 12:27:00,535,535,535,535,0
2022-12-06 12:28:00,535,535,535,535,0
2022-12-06 12:29:00,535,535,535,535,0
2022-12-06 12:30:00,535,535,535,535,0
2022-12-06 12:31:00,535,535,535,535,0
2022-12-06 12:32:00,535,535,535,535,0
2022-12-06 12:33:00,535,535,535,535,0
2022-12-06 12:34:00,535,535,535,535,0
2022-12-06 12:35:00,535,535,535,535,0
2022-12-06 12:36:00,535,535,535,535,0
2022-12-06 12:37:00,535,535,535,535,0
2022-12-06 12:38:00,535,535,535,535,0
2022-12-06 12:39:00,535,535,535,535,0
2022-12-06 12:40:00,535,535,535,535,0
2022-12-06 12:41:00,535,535,535,535,0
2022-12-06 12:42:00,535,535,535,535,0
2022-12-06 12:43:00,535,535,535,535,0
2022-12-06 12:44:00,535,535,535,535,0
2022-12-06 12:45:00,535,535,535,535,0
2022-12-06 12:46:00,535,535,535,535,0
2022-12-06 12:47:00,535,535,535,535,0
2022-12-06 12:48:00,535,535,535,535,0
2022-12-06 12:49:00,535,535,535,535,0
2022-12-06 12:50:00,535,535,535,535,0
2022-12-06 12:51:00,535,535,535,535,0
2022-12-06 12:52:00,535,535,535,535,0
2022-12-06 12:53:00,535,535,535,535,0
2022-12-06 12:54:00,535,535,535,535,0
2022-12-06 12:55:00,535,535,535,535,0
2022-12-06 12:56:00,535,535,535,535,0
2022-12-06 12:57:00,535,535,535,535,0
2022-12-06 12:58:00,535,535,535,535,0
2022-12-06 12:59:00,535,535,535,535,0
2022-12-06 13:00:00,535,535,535,535,0
2022-12-06 13:01:00,535,535,535,535,0
2022-12-06 13:02:00,535,535,535,535,0
2022-12-06 13:03:00,535,535,535,535,0
2022-12-06 13:04:00,535,535,535,535,0
2022-12-06 13:05:00,535,535,535,535,0
2022-12-06 13:06:00,535,535,535,535,0
2022-12-06 13:07:00,535,535,535,535,0
2022-12-06 13:08:00,535,535,535,535,0
2022-12-06 13:09:00,535,535,535,535,0
2022-12-06 13:10:00,535,535,535,535,0
2022-12-06 13:11:00,535,535,535,535,0
2022-12-06 13:12:00,535,535,535,535,0
2022-12-06 13:13:00,535,535,535,535,0
2022-12-06 13:14:00,535,535,535,535,0
2022-12-06 13:15:00,535,535,535,535,0
2022-12-06 13:16:00,535,535,535,535,0
2022-12-06 13:17:00,535,535,535,535,0
2022-12-06 13:18:00,535,535,535,535,0
2022-12-06 13:19:00,535,535,535,535,0
2022-12-06 13:20:00,535,535,535,535,0
2022-12-06 13:21:00,535,535,535,535,0
2022-12-06 13:22:00,535,535,535,535,0
2022-12-06 13:23:00,535,535,535,535,0
2022-12-06 13:24:00,535,535,535,535,0
2022-12-06 13:25:00,535,535,535,535,0
2022-12-06 13:26:00,535,535,535,535,0
2022-12-06 13:27:00,535,535,535,535,0
2022-12-06 13:28:00,535,535,535,535,0
2022-12-06 13:29:00,535,535,535,535,0
2022-12-06 13:30:00,535,535,535,535,0
2022-12-06 13:31:00,535,535,535,535,500
2022-12-06 13:32:00,535,535,535,535,0
2022-12-06 13:33:00,535,535,535,535,0
2022-12-06 13:34:00,535,535,535,535,0
2022-12-06 13:35:00,535,535,535,535,0
2022-12-06 13:36:00,535,535,535,535,0
2022-12-06 13:37:00,535,535,535,535,0
2022-12-06 13:38:00,535,535,535,535,0
2022-12-06 13:39:00,535,535,535,535,0
2022-12-06 13:40:00,535,535,535,535,800
2022-12-06 13:41:00,535,535,535,535,0
2022-12-06 13:42:00,535,535,535,535,0
2022-12-06 13:43:00,535,535,535,535,1000
2022-12-06 13:44:00,535,535,535,535,0
2022-12-06 13:45:00,535,535,535,535,0
2022-12-06 13:46:00,535,530,535,530,0
2022-12-06 13:47:00,535,535,535,535,400
2022-12-06 13:48:00,535,535,535,535,0
2022-12-06 13:49:00,535,535,535,535,0
2022-12-06 13:50:00,535,535,535,535,0
2022-12-06 13:51:00,535,535,535,535,0
2022-12-06 13:52:00,535,535,535,535,0
2022-12-06 13:53:00,535,535,535,535,0
2022-12-06 13:54:00,535,535,535,535,0
2022-12-06 13:55:00,535,535,535,535,0
2022-12-06 13:56:00,535,535,535,535,0
2022-12-06 13:57:00,535,535,535,535,0
2022-12-06 13:58:00,535,535,535,535,0
2022-12-06 13:59:00,535,535,535,535,0
2022-12-06 14:00:00,535,535,535,535,1000
2022-12-06 14:01:00,535,535,535,535,0
2022-12-06 14:02:00,535,535,535,535,0
2022-12-06 14:03:00,535,535,535,535,0
2022-12-06 14:04:00,535,535,535,535,0
2022-12-06 14:05:00,535,535,535,535,0
2022-12-06 14:06:00,535,535,535,535,0
2022-12-06 14:07:00,535,535,535,535,0
2022-12-06 14:08:00,535,535,535,535,0
2022-12-06 14:09:00,535,535,535,535,0
2022-12-06 14:10:00,535,535,535,535,0
2022-12-06 14:11:00,530,530,530,530,5100
2022-12-06 14:12:00,530,530,530,530,900
2022-12-06 14:13:00,530,530,530,530,0
2022-12-06 14:14:00,530,530,530,530,4300
2022-12-06 14:15:00,530,530,535,535,300
2022-12-06 14:16:00,530,530,535,535,111200
2022-12-06 14:17:00,530,530,535,535,0
2022-12-06 14:18:00,530,530,535,535,0
2022-12-06 14:19:00,535,535,535,535,0
2022-12-06 14:20:00,535,535,535,535,0
2022-12-06 14:21:00,535,535,535,535,0
2022-12-06 14:22:00,535,535,535,535,0
2022-12-06 14:23:00,535,535,535,535,0
2022-12-06 14:24:00,535,535,535,535,0
2022-12-06 14:25:00,535,535,535,535,0
2022-12-06 14:26:00,535,535,535,535,0
2022-12-06 14:27:00,535,535,535,535,0
2022-12-06 14:28:00,535,535,535,535,0
2022-12-06 14:29:00,535,535,535,535,0
2022-12-06 14:30:00,535,535,535,535,375700
2022-12-06 14:31:00,535,535,535,535,0
2022-12-06 14:32:00,535,535,535,535,0
2022-12-06 14:33:00,535,535,535,535,0
2022-12-06 14:34:00,535,535,535,535,0
2022-12-06 14:35:00,535,535,535,535,0
2022-12-06 14:36:00,535,535,535,535,200
2022-12-06 14:37:00,535,535,535,535,0
2022-12-06 14:38:00,535,535,535,535,0
2022-12-06 14:39:00,535,535,535,535,500
2022-12-06 14:40:00,535,535,535,535,0
2022-12-06 14:41:00,535,535,535,535,0
2022-12-06 14:42:00,535,535,535,535,106000
2022-12-06 14:43:00,535,535,535,535,11800
2022-12-06 14:44:00,535,535,535,535,0
2022-12-06 14:45:00,535,535,535,535,0
2022-12-06 14:46:00,535,535,535,535,69400
2022-12-06 14:47:00,535,535,535,535,32500
2022-12-06 14:48:00,535,535,535,535,0
2022-12-06 14:49:00,535,535,540,540,42400
2022-12-06 14:50:00,535,535,540,540,0
2022-12-06 14:51:00,535,535,540,540,0
2022-12-06 14:52:00,535,535,540,540,0
2022-12-06 14:53:00,535,535,540,540,0
2022-12-06 14:54:00,535,535,540,540,0
2022-12-06 14:55:00,535,535,540,540,0
2022-12-06 14:56:00,535,535,540,540,0
2022-12-06 14:57:00,535,535,540,540,0
2022-12-06 14:58:00,535,535,540,540,0
2022-12-06 14:59:00,535,535,540,540,0
2022-12-06 15:00:00,540,540,540,540,747900
2022-12-06 15:01:00,540,540,540,540,0
2022-12-06 15:02:00,540,540,540,540,0
2022-12-06 15:03:00,540,540,540,540,0
2022-12-06 15:04:00,540,540,540,540,0
2022-12-06 15:05:00,540,540,540,540,0
2022-12-06 15:06:00,540,540,540,540,0
2022-12-06 15:07:00,540,540,540,540,0
2022-12-06 15:08:00,540,540,540,540,0
2022-12-06 15:09:00,540,540,540,540,0
2022-12-06 15:10:00,540,540,540,540,0
2022-12-06 15:11:00,540,540,540,540,0
2022-12-06 15:12:00,540,540,540,540,0
2022-12-06 15:13:00,540,540,540,540,0
2022-12-06 15:14:00,540,540,540,540,0
2022-12-06 15:15:00,540,540,540,540,0
2022-12-06 15:16:00,540,540,540,540,0
2022-12-06 15:17:00,540,540,540,540,0
2022-12-06 15:18:00,540,540,540,540,0
2022-12-06 15:19:00,540,540,540,540,0
2022-12-06 15:20:00,540,540,540,540,0
2022-12-06 15:21:00,540,540,540,540,0
2022-12-06 15:22:00,540,540,540,540,0
2022-12-06 15:23:00,540,540,540,540,0
2022-12-06 15:24:00,540,540,540,540,0
2022-12-06 15:25:00,540,540,540,540,0
2022-12-06 15:26:00,540,540,540,540,0
2022-12-06 15:27:00,540,540,540,540,0
2022-12-06 15:28:00,540,540,540,540,0
2022-12-06 15:29:00,540,540,540,540,0
2022-12-06 15:30:00,540,540,540,540,0
2022-12-06 15:31:00,540,540,540,540,0
2022-12-06 15:32:00,540,540,540,540,0
2022-12-06 15:33:00,540,540,540,540,0
2022-12-06 15:34:00,540,540,540,540,0
2022-12-06 15:35:00,540,540,540,540,0
2022-12-06 15:36:00,540,540,540,540,0
2022-12-06 15:37:00,540,540,540,540,0
2022-12-06 15:38:00,540,540,540,540,0
2022-12-06 15:39:00,540,540,540,540,0
2022-12-06 15:40:00,540,540,540,540,0
2022-12-06 15:41:00,540,540,540,540,0
2022-12-06 15:42:00,540,540,540,540,0
2022-12-06 15:43:00,540,540,540,540,0
2022-12-06 15:44:00,540,540,540,540,0
2022-12-06 15:45:00,540,540,540,540,0
2022-12-06 15:46:00,540,540,540,540,0
2022-12-06 15:47:00,540,540,540,540,0
2022-12-06 15:48:00,540,540,540,540,0
2022-12-06 15:49:00,540,540,540,540,0
2022-12-06 15:50:00,540,540,540,540,0
2022-12-06 15:51:00,540,540,540,540,0
2022-12-06 15:52:00,540,540,540,540,0
2022-12-06 15:53:00,540,540,540,540,0
2022-12-06 15:54:00,540,540,540,540,0
2022-12-06 15:55:00,540,540,540,540,0
2022-12-06 15:56:00,540,540,540,540,0
2022-12-06 15:57:00,540,540,540,540,0
2022-12-06 15:58:00,540,540,540,540,0
2022-12-06 15:59:00,540,540,540,540,0
2022-12-07 09:00:00,540,540,540,540,0
2022-12-07 09:01:00,540,540,540,540,0
2022-12-07 09:02:00,540,540,540,540,0
2022-12-07 09:03:00,540,540,540,540,0
2022-12-07 09:04:00,540,540,540,540,0
2022-12-07 09:05:00,540,540,540,540,0
2022-12-07 09:06:00,540,540,540,540,0
2022-12-07 09:07:00,540,540,540,540,0
2022-12-07 09:08:00,540,540,540,540,0
2022-12-07 09:09:00,540,540,540,540,0
2022-12-07 09:10:00,535,535,535,535,0
2022-12-07 09:11:00,540,540,540,540,500
2022-12-07 09:12:00,540,540,540,540,0
2022-12-07 09:13:00,540,540,540,540,0
2022-12-07 09:14:00,540,540,540,540,0
2022-12-07 09:15:00,540,540,540,540,0
2022-12-07 09:16:00,540,540,540,540,0
2022-12-07 09:17:00,535,535,535,535,4000
2022-12-07 09:18:00,535,535,535,535,0
2022-12-07 09:19:00,535,535,540,540,1300
2022-12-07 09:20:00,535,535,540,540,0
2022-12-07 09:21:00,535,535,540,540,0
2022-12-07 09:22:00,535,535,540,540,0
2022-12-07 09:23:00,535,535,540,540,9100
2022-12-07 09:24:00,540,540,540,540,300
2022-12-07 09:25:00,540,540,540,540,0
2022-12-07 09:26:00,540,540,540,540,0
2022-12-07 09:27:00,540,540,540,540,0
2022-12-07 09:28:00,540,540,540,540,0
2022-12-07 09:29:00,540,540,540,540,0
2022-12-07 09:30:00,540,540,540,540,0
2022-12-07 09:31:00,540,540,540,540,0
2022-12-07 09:32:00,540,540,540,540,0
2022-12-07 09:33:00,540,540,540,540,0
2022-12-07 09:34:00,540,540,540,540,0
2022-12-07 09:35:00,540,540,540,540,0
2022-12-07 09:36:00,540,540,540,540,0
2022-12-07 09:37:00,540,540,540,540,0
2022-12-07 09:38:00,540,540,540,540,0
2022-12-07 09:39:00,540,540,540,540,0
2022-12-07 09:40:00,540,540,540,540,0
2022-12-07 09:41:00,540,540,540,540,0
2022-12-07 09:42:00,540,540,540,540,0
2022-12-07 09:43:00,540,540,540,540,0
2022-12-07 09:44:00,540,540,540,540,0
2022-12-07 09:45:00,540,540,540,540,0
2022-12-07 09:46:00,540,540,540,540,0
2022-12-07 09:47:00,535,535,535,535,2000
2022-12-07 09:48:00,535,535,535,535,0
2022-12-07 09:49:00,540,540,540,540,0
2022-12-07 09:50:00,540,535,540,535,2200
2022-12-07 09:51:00,540,535,540,535,0
2022-12-07 09:52:00,535,535,540,535,1300
2022-12-07 09:53:00,540,540,540,540,200
2022-12-07 09:54:00,540,540,540,540,0
2022-12-07 09:55:00,540,540,540,540,0
2022-12-07 09:56:00,540,540,540,540,0
2022-12-07 09:57:00,540,540,540,540,0
2022-12-07 09:58:00,540,540,540,540,0
2022-12-07 09:59:00,540,540,540,540,0
2022-12-07 10:00:00,540,540,540,540,0
2022-12-07 10:01:00,540,540,540,540,0
2022-12-07 10:02:00,540,540,540,540,0
2022-12-07 10:03:00,540,540,540,540,0
2022-12-07 10:04:00,540,540,540,540,0
2022-12-07 10:05:00,540,540,540,540,0
2022-12-07 10:06:00,540,540,540,540,0
2022-12-07 10:07:00,540,540,540,540,0
2022-12-07 10:08:00,540,540,540,540,0
2022-12-07 10:09:00,540,540,540,540,0
2022-12-07 10:10:00,540,540,540,540,0
2022-12-07 10:11:00,540,540,540,540,0
2022-12-07 10:12:00,540,540,540,540,0
2022-12-07 10:13:00,540,540,540,540,0
2022-12-07 10:14:00,540,540,540,540,0
2022-12-07 10:15:00,540,540,540,540,0
2022-12-07 10:16:00,535,535,535,535,8500
2022-12-07 10:17:00,540,540,540,540,400
2022-12-07 10:18:00,540,540,540,540,0
2022-12-07 10:19:00,540,540,540,540,0
2022-12-07 10:20:00,540,540,540,540,0
2022-12-07 10:21:00,540,540,540,540,0
2022-12-07 10:22:00,540,540,540,540,0
2022-12-07 10:23:00,540,540,540,540,0
2022-12-07 10:24:00,540,540,540,540,0
2022-12-07 10:25:00,540,540,540,540,0
2022-12-07 10:26:00,540,540,540,540,0
2022-12-07 10:27:00,540,540,540,540,0
2022-12-07 10:28:00,540,540,540,540,0
2022-12-07 10:29:00,540,540,540,540,0
2022-12-07 10:30:00,540,540,540,540,0
2022-12-07 10:31:00,540,540,540,540,0
2022-12-07 10:32:00,540,540,540,540,0
2022-12-07 10:33:00,540,540,540,540,0
2022-12-07 10:34:00,540,540,540,540,0
2022-12-07 10:35:00,540,540,540,540,0
2022-12-07 10:36:00,540,540,540,540,0
2022-12-07 10:37:00,540,540,540,540,0
2022-12-07 10:38:00,540,540,540,540,0
2022-12-07 10:39:00,540,540,540,540,0
2022-12-07 10:40:00,540,540,540,540,0
2022-12-07 10:41:00,540,540,540,540,0
2022-12-07 10:42:00,540,540,540,540,0
2022-12-07 10:43:00,540,540,540,540,0
2022-12-07 10:44:00,540,540,540,540,0
2022-12-07 10:45:00,540,540,540,540,0
2022-12-07 10:46:00,540,540,540,540,0
2022-12-07 10:47:00,540,540,540,540,0
2022-12-07 10:48:00,540,540,540,540,0
2022-12-07 10:49:00,540,540,540,540,0
2022-12-07 10:50:00,540,540,540,540,0
2022-12-07 10:51:00,540,540,540,540,0
2022-12-07 10:52:00,540,540,540,540,0
2022-12-07 10:53:00,540,540,540,540,0
2022-12-07 10:54:00,540,540,540,540,0
2022-12-07 10:55:00,540,540,540,540,0
2022-12-07 10:56:00,540,540,540,540,0
2022-12-07 10:57:00,540,540,540,540,0
2022-12-07 10:58:00,540,540,540,540,0
2022-12-07 10:59:00,540,540,540,540,0
2022-12-07 11:00:00,540,540,540,540,0
2022-12-07 11:01:00,540,540,540,540,0
2022-12-07 11:02:00,540,540,540,540,0
2022-12-07 11:03:00,540,540,540,540,0
2022-12-07 11:04:00,535,535,535,535,3100
2022-12-07 11:05:00,535,535,535,535,2100
2022-12-07 11:06:00,535,535,535,535,200
2022-12-07 11:07:00,535,535,535,535,0
2022-12-07 11:08:00,535,535,535,535,0
2022-12-07 11:09:00,535,535,535,535,0
2022-12-07 11:10:00,535,535,535,535,0
2022-12-07 11:11:00,535,535,535,535,0
2022-12-07 11:12:00,535,535,535,535,0
2022-12-07 11:13:00,535,535,535,535,9800
2022-12-07 11:14:00,535,535,535,535,0
2022-12-07 11:15:00,535,535,535,535,1400
2022-12-07 11:16:00,535,535,540,540,2900
2022-12-07 11:17:00,540,540,540,540,500
2022-12-07 11:18:00,540,540,540,540,0
2022-12-07 11:19:00,540,540,540,540,0
2022-12-07 11:20:00,540,540,540,540,0
2022-12-07 11:21:00,540,540,540,540,0
2022-12-07 11:22:00,540,540,540,540,400
2022-12-07 11:23:00,540,540,540,540,0
2022-12-07 11:24:00,540,540,540,540,0
2022-12-07 11:25:00,540,540,540,540,1200
2022-12-07 11:26:00,540,540,540,540,400
2022-12-07 11:27:00,540,540,540,540,0
2022-12-07 11:28:00,540,540,540,540,500
2022-12-07 11:29:00,540,540,540,540,0
2022-12-07 11:30:00,540,540,540,540,0
2022-12-07 11:31:00,540,540,540,540,0
2022-12-07 11:32:00,540,540,540,540,0
2022-12-07 11:33:00,540,540,540,540,0
2022-12-07 11:34:00,540,540,540,540,0
2022-12-07 11:35:00,540,540,540,540,0
2022-12-07 11:36:00,540,540,540,540,0
2022-12-07 11:37:00,540,540,540,540,0
2022-12-07 11:38:00,540,540,540,540,0
2022-12-07 11:39:00,540,540,540,540,0
2022-12-07 11:40:00,540,540,540,540,0
2022-12-07 11:41:00,540,540,540,540,0
2022-12-07 11:42:00,540,540,540,540,0
2022-12-07 11:43:00,540,540,540,540,0
2022-12-07 11:44:00,540,540,540,540,0
2022-12-07 11:45:00,540,540,540,540,0
2022-12-07 11:46:00,540,540,540,540,0
2022-12-07 11:47:00,540,540,540,540,0
2022-12-07 11:48:00,540,540,540,540,0
2022-12-07 11:49:00,540,540,540,540,0
2022-12-07 11:50:00,540,540,540,540,0
2022-12-07 11:51:00,540,540,540,540,0
2022-12-07 11:52:00,540,540,540,540,0
2022-12-07 11:53:00,540,540,540,540,0
2022-12-07 11:54:00,540,540,540,540,0
2022-12-07 11:55:00,540,540,540,540,0
2022-12-07 11:56:00,540,540,540,540,0
2022-12-07 11:57:00,540,540,540,540,0
2022-12-07 11:58:00,540,540,540,540,0
2022-12-07 11:59:00,540,540,540,540,0
2022-12-07 12:00:00,540,540,540,540,0
2022-12-07 12:01:00,540,540,540,540,0
2022-12-07 12:02:00,540,540,540,540,0
2022-12-07 12:03:00,540,540,540,540,0
2022-12-07 12:04:00,540,540,540,540,0
2022-12-07 12:05:00,540,540,540,540,0
2022-12-07 12:06:00,540,540,540,540,0
2022-12-07 12:07:00,540,540,540,540,0
2022-12-07 12:08:00,540,540,540,540,0
2022-12-07 12:09:00,540,540,540,540,0
2022-12-07 12:10:00,540,540,540,540,0
2022-12-07 12:11:00,540,540,540,540,0
2022-12-07 12:12:00,540,540,540,540,0
2022-12-07 12:13:00,540,540,540,540,0
2022-12-07 12:14:00,540,540,540,540,0
2022-12-07 12:15:00,540,540,540,540,0
2022-12-07 12:16:00,540,540,540,540,0
2022-12-07 12:17:00,540,540,540,540,0
2022-12-07 12:18:00,540,540,540,540,0
2022-12-07 12:19:00,540,540,540,540,0
2022-12-07 12:20:00,540,540,540,540,0
2022-12-07 12:21:00,540,540,540,540,0
2022-12-07 12:22:00,540,540,540,540,0
2022-12-07 12:23:00,540,540,540,540,0
2022-12-07 12:24:00,540,540,540,540,0
2022-12-07 12:25:00,540,540,540,540,0
2022-12-07 12:26:00,540,540,540,540,0
2022-12-07 12:27:00,540,540,540,540,0
2022-12-07 12:28:00,540,540,540,540,0
2022-12-07 12:29:00,540,540,540,540,0
2022-12-07 12:30:00,540,540,540,540,0
2022-12-07 12:31:00,540,540,540,540,0
2022-12-07 12:32:00,540,540,540,540,0
2022-12-07 12:33:00,540,540,540,540,0
2022-12-07 12:34:00,540,540,540,540,0
2022-12-07 12:35:00,540,540,540,540,0
2022-12-07 12:36:00,540,540,540,540,0
2022-12-07 12:37:00,540,540,540,540,0
2022-12-07 12:38:00,540,540,540,540,0
2022-12-07 12:39:00,540,540,540,540,0
2022-12-07 12:40:00,540,540,540,540,0
2022-12-07 12:41:00,540,540,540,540,0
2022-12-07 12:42:00,540,540,540,540,0
2022-12-07 12:43:00,540,540,540,540,0
2022-12-07 12:44:00,540,540,540,540,0
2022-12-07 12:45:00,540,540,540,540,0
2022-12-07 12:46:00,540,540,540,540,0
2022-12-07 12:47:00,540,540,540,540,0
2022-12-07 12:48:00,540,540,540,540,0
2022-12-07 12:49:00,540,540,540,540,0
2022-12-07 12:50:00,540,540,540,540,0
2022-12-07 12:51:00,540,540,540,540,0
2022-12-07 12:52:00,540,540,540,540,0
2022-12-07 12:53:00,540,540,540,540,0
2022-12-07 12:54:00,540,540,540,540,0
2022-12-07 12:55:00,540,540,540,540,0
2022-12-07 12:56:00,540,540,540,540,0
2022-12-07 12:57:00,540,540,540,540,0
2022-12-07 12:58:00,540,540,540,540,0
2022-12-07 12:59:00,540,540,540,540,0
2022-12-07 13:00:00,540,540,540,540,0
2022-12-07 13:01:00,540,540,540,540,0
2022-12-07 13:02:00,540,540,540,540,0
2022-12-07 13:03:00,540,540,540,540,0
2022-12-07 13:04:00,540,540,540,540,0
2022-12-07 13:05:00,540,540,540,540,0
2022-12-07 13:06:00,540,540,540,540,0
2022-12-07 13:07:00,540,540,540,540,0
2022-12-07 13:08:00,540,540,540,540,0
2022-12-07 13:09:00,540,540,540,540,0
2022-12-07 13:10:00,540,540,540,540,0
2022-12-07 13:11:00,540,540,540,540,0
2022-12-07 13:12:00,540,540,540,540,0
2022-12-07 13:13:00,540,540,540,540,0
2022-12-07 13:14:00,540,540,540,540,0
2022-12-07 13:15:00,540,540,540,540,0
2022-12-07 13:16:00,540,540,540,540,0
2022-12-07 13:17:00,540,540,540,540,0
2022-12-07 13:18:00,540,540,540,540,0
2022-12-07 13:19:00,540,540,540,540,0
2022-12-07 13:20:00,540,540,540,540,0
2022-12-07 13:21:00,540,540,540,540,0
2022-12-07 13:22:00,540,540,540,540,0
2022-12-07 13:23:00,540,540,540,540,0
2022-12-07 13:24:00,540,540,540,540,0
2022-12-07 13:25:00,540,540,540,540,0
2022-12-07 13:26:00,540,540,540,540,0
2022-12-07 13:27:00,540,540,540,540,0
2022-12-07 13:28:00,540,540,540,540,0
2022-12-07 13:29:00,540,540,540,540,0
2022-12-07 13:30:00,540,540,540,540,0
2022-12-07 13:31:00,540,540,540,540,0
2022-12-07 13:32:00,540,540,540,540,500
2022-12-07 13:33:00,540,540,540,540,0
2022-12-07 13:34:00,540,540,540,540,0
2022-12-07 13:35:00,540,540,540,540,0
2022-12-07 13:36:00,540,540,540,540,0
2022-12-07 13:37:00,540,540,540,540,0
2022-12-07 13:38:00,540,540,540,540,0
2022-12-07 13:39:00,540,540,540,540,0
2022-12-07 13:40:00,540,540,540,540,0
2022-12-07 13:41:00,540,540,540,540,0
2022-12-07 13:42:00,540,540,540,540,0
2022-12-07 13:43:00,540,540,540,540,0
2022-12-07 13:44:00,540,540,540,540,0
2022-12-07 13:45:00,540,540,540,540,0
2022-12-07 13:46:00,540,540,540,540,0
2022-12-07 13:47:00,540,540,540,540,0
2022-12-07 13:48:00,535,535,535,535,1600
2022-12-07 13:49:00,535,535,535,535,0
2022-12-07 13:50:00,540,540,540,540,0
2022-12-07 13:51:00,535,535,535,535,900
2022-12-07 13:52:00,535,535,535,535,0
2022-12-07 13:53:00,540,540,540,540,0
2022-12-07 13:54:00,535,535,535,535,500
2022-12-07 13:55:00,540,540,540,540,1000
2022-12-07 13:56:00,540,535,540,535,100
2022-12-07 13:57:00,540,540,540,540,1100
2022-12-07 13:58:00,535,535,535,535,300
2022-12-07 13:59:00,540,540,540,540,400
2022-12-07 14:00:00,540,540,540,540,0
2022-12-07 14:01:00,540,540,540,540,0
2022-12-07 14:02:00,540,540,540,540,0
2022-12-07 14:03:00,540,540,540,540,0
2022-12-07 14:04:00,540,540,540,540,0
2022-12-07 14:05:00,535,535,535,535,500
2022-12-07 14:06:00,540,540,540,540,200
2022-12-07 14:07:00,540,540,540,540,0
2022-12-07 14:08:00,540,540,540,540,0
2022-12-07 14:09:00,540,540,540,540,0
2022-12-07 14:10:00,540,540,540,540,0
2022-12-07 14:11:00,540,540,540,540,0
2022-12-07 14:12:00,540,540,540,540,0
2022-12-07 14:13:00,540,540,540,540,0
2022-12-07 14:14:00,540,540,540,540,0
2022-12-07 14:15:00,540,540,540,540,0
2022-12-07 14:16:00,540,540,540,540,0
2022-12-07 14:17:00,540,540,540,540,0
2022-12-07 14:18:00,540,540,540,540,0
2022-12-07 14:19:00,540,540,540,540,0
2022-12-07 14:20:00,540,540,540,540,0
2022-12-07 14:21:00,540,540,540,540,0
2022-12-07 14:22:00,540,540,540,540,0
2022-12-07 14:23:00,540,540,540,540,0
2022-12-07 14:24:00,540,540,540,540,0
2022-12-07 14:25:00,540,540,540,540,0
2022-12-07 14:26:00,535,535,540,540,1100
2022-12-07 14:27:00,535,535,540,540,0
2022-12-07 14:28:00,535,535,540,540,0
2022-12-07 14:29:00,535,535,540,540,0
2022-12-07 14:30:00,535,535,535,535,0
2022-12-07 14:31:00,540,540,540,540,900
2022-12-07 14:32:00,540,540,540,540,0
2022-12-07 14:33:00,540,540,540,540,0
2022-12-07 14:34:00,540,540,540,540,0
2022-12-07 14:35:00,540,540,540,540,0
2022-12-07 14:36:00,540,540,540,540,0
2022-12-07 14:37:00,540,540,540,540,0
2022-12-07 14:38:00,540,540,540,540,0
2022-12-07 14:39:00,540,540,540,540,0
2022-12-07 14:40:00,540,540,540,540,0
2022-12-07 14:41:00,535,535,535,535,11100
2022-12-07 14:42:00,535,535,535,535,39500
2022-12-07 14:43:00,535,535,540,540,0
2022-12-07 14:44:00,535,535,540,540,0
2022-12-07 14:45:00,535,535,540,540,0
2022-12-07 14:46:00,535,535,540,540,0
2022-12-07 14:47:00,535,535,540,540,0
2022-12-07 14:48:00,540,540,540,540,500
2022-12-07 14:49:00,540,540,540,540,1300
2022-12-07 14:50:00,540,540,540,540,0
2022-12-07 14:51:00,540,540,540,540,0
2022-12-07 14:52:00,540,540,540,540,0
2022-12-07 14:53:00,540,540,540,540,0
2022-12-07 14:54:00,540,540,540,540,0
2022-12-07 14:55:00,540,540,540,540,0
2022-12-07 14:56:00,540,540,540,540,0
2022-12-07 14:57:00,540,540,540,540,0
2022-12-07 14:58:00,540,540,540,540,0
2022-12-07 14:59:00,540,540,540,540,0
2022-12-07 15:00:00,540,540,540,540,183300
2022-12-07 15:01:00,540,540,540,540,0
2022-12-07 15:02:00,540,540,540,540,0
2022-12-07 15:03:00,540,540,540,540,0
2022-12-07 15:04:00,540,540,540,540,0
2022-12-07 15:05:00,540,540,540,540,0
2022-12-07 15:06:00,540,540,540,540,0
2022-12-07 15:07:00,540,540,540,540,0
2022-12-07 15:08:00,540,540,540,540,0
2022-12-07 15:09:00,540,540,540,540,0
2022-12-07 15:10:00,540,540,540,540,0
2022-12-07 15:11:00,540,540,540,540,0
2022-12-07 15:12:00,540,540,540,540,0
2022-12-07 15:13:00,540,540,540,540,0
2022-12-07 15:14:00,540,540,540,540,0
2022-12-07 15:15:00,540,540,540,540,0
2022-12-07 15:16:00,540,540,540,540,0
2022-12-07 15:17:00,540,540,540,540,0
2022-12-07 15:18:00,540,540,540,540,0
2022-12-07 15:19:00,540,540,540,540,0
2022-12-07 15:20:00,540,540,540,540,0
2022-12-07 15:21:00,540,540,540,540,0
2022-12-07 15:22:00,540,540,540,540,0
2022-12-07 15:23:00,540,540,540,540,0
2022-12-07 15:24:00,540,540,540,540,0
2022-12-07 15:25:00,540,540,540,540,0
2022-12-07 15:26:00,540,540,540,540,0
2022-12-07 15:27:00,540,540,540,540,0
2022-12-07 15:28:00,540,540,540,540,0
2022-12-07 15:29:00,540,540,540,540,0
2022-12-07 15:30:00,540,540,540,540,0
2022-12-07 15:31:00,540,540,540,540,0
2022-12-07 15:32:00,540,540,540,540,0
2022-12-07 15:33:00,540,540,540,540,0
2022-12-07 15:34:00,540,540,540,540,0
2022-12-07 15:35:00,540,540,540,540,0
2022-12-07 15:36:00,540,540,540,540,0
2022-12-07 15:37:00,540,540,540,540,0
2022-12-07 15:38:00,540,540,540,540,0
2022-12-07 15:39:00,540,540,540,540,0
2022-12-07 15:40:00,540,540,540,540,0
2022-12-07 15:41:00,540,540,540,540,0
2022-12-07 15:42:00,540,540,540,540,0
2022-12-07 15:43:00,540,540,540,540,0
2022-12-07 15:44:00,540,540,540,540,0
2022-12-07 15:45:00,540,540,540,540,0
2022-12-07 15:46:00,540,540,540,540,0
2022-12-07 15:47:00,540,540,540,540,0
2022-12-07 15:48:00,540,540,540,540,0
2022-12-07 15:49:00,540,540,540,540,0
2022-12-07 15:50:00,540,540,540,540,0
2022-12-07 15:51:00,540,540,540,540,0
2022-12-07 15:52:00,540,540,540,540,0
2022-12-07 15:53:00,540,540,540,540,0
2022-12-07 15:54:00,540,540,540,540,0
2022-12-07 15:55:00,540,540,540,540,0
2022-12-07 15:56:00,540,540,540,540,0
2022-12-07 15:57:00,540,540,540,540,0
2022-12-07 15:58:00,540,540,540,540,0
2022-12-07 15:59:00,540,540,540,540,0
2022-12-08 09:00:00,540,540,540,540,0
2022-12-08 09:01:00,535,535,540,540,0
2022-12-08 09:02:00,530,530,540,540,13900
2022-12-08 09:03:00,540,540,540,540,100
2022-12-08 09:04:00,540,540,540,540,0
2022-12-08 09:05:00,540,540,540,540,0
2022-12-08 09:06:00,540,540,540,540,0
2022-12-08 09:07:00,540,540,540,540,0
2022-12-08 09:08:00,540,540,540,540,0
2022-12-08 09:09:00,540,540,540,540,0
2022-12-08 09:10:00,540,540,540,540,0
2022-12-08 09:11:00,540,540,540,540,0
2022-12-08 09:12:00,540,540,540,540,0
2022-12-08 09:13:00,535,535,535,535,4000
2022-12-08 09:14:00,540,540,540,540,0
2022-12-08 09:15:00,540,540,540,540,0
2022-12-08 09:16:00,540,540,540,540,200
2022-12-08 09:17:00,535,535,535,535,3600
2022-12-08 09:18:00,540,535,540,535,2400
2022-12-08 09:19:00,540,540,540,540,0
2022-12-08 09:20:00,535,535,535,535,2200
2022-12-08 09:21:00,540,540,540,540,0
2022-12-08 09:22:00,540,540,540,540,0
2022-12-08 09:23:00,535,535,535,535,2100
2022-12-08 09:24:00,540,540,540,540,0
2022-12-08 09:25:00,540,540,540,540,0
2022-12-08 09:26:00,540,540,540,540,0
2022-12-08 09:27:00,540,540,540,540,0
2022-12-08 09:28:00,540,540,540,540,0
2022-12-08 09:29:00,540,540,540,540,0
2022-12-08 09:30:00,540,540,540,540,0
2022-12-08 09:31:00,540,540,540,540,0
2022-12-08 09:32:00,540,540,540,540,0
2022-12-08 09:33:00,540,540,540,540,0
2022-12-08 09:34:00,540,540,540,540,0
2022-12-08 09:35:00,540,540,540,540,0
2022-12-08 09:36:00,540,540,540,540,0
2022-12-08 09:37:00,540,540,540,540,0
2022-12-08 09:38:00,540,540,540,540,0
2022-12-08 09:39:00,540,540,540,540,0
2022-12-08 09:40:00,540,540,540,540,122500
2022-12-08 09:41:00,540,540,540,540,0
2022-12-08 09:42:00,540,540,540,540,0
2022-12-08 09:43:00,540,540,540,540,0
2022-12-08 09:44:00,540,540,540,540,0
2022-12-08 09:45:00,540,540,540,540,0
2022-12-08 09:46:00,540,540,540,540,0
2022-12-08 09:47:00,535,535,535,535,5000
2022-12-08 09:48:00,540,540,540,540,0
2022-12-08 09:49:00,540,540,540,540,0
2022-12-08 09:50:00,540,540,540,540,0
2022-12-08 09:51:00,535,535,535,535,1300
2022-12-08 09:52:00,535,535,535,535,0
2022-12-08 09:53:00,535,535,535,535,0
2022-12-08 09:54:00,535,535,535,535,0
2022-12-08 09:55:00,530,530,535,535,55000
2022-12-08 09:56:00,535,535,540,540,4000
2022-12-08 09:57:00,535,535,535,535,1900
2022-12-08 09:58:00,540,540,540,540,0
2022-12-08 09:59:00,535,530,540,540,50500
2022-12-08 10:00:00,535,535,535,535,1900
2022-12-08 10:01:00,540,540,540,540,1100
2022-12-08 10:02:00,540,540,540,540,0
2022-12-08 10:03:00,540,540,540,540,0
2022-12-08 10:04:00,540,540,540,540,0
2022-12-08 10:05:00,540,540,540,540,0
2022-12-08 10:06:00,535,535,540,540,1100
2022-12-08 10:07:00,540,540,540,540,300
2022-12-08 10:08:00,540,540,540,540,0
2022-12-08 10:09:00,535,535,535,535,1200
2022-12-08 10:10:00,540,540,540,540,400
2022-12-08 10:11:00,540,540,540,540,600
2022-12-08 10:12:00,540,540,540,540,0
2022-12-08 10:13:00,540,540,540,540,0
2022-12-08 10:14:00,535,535,535,535,500
2022-12-08 10:15:00,535,535,535,535,700
2022-12-08 10:16:00,540,540,540,540,300
2022-12-08 10:17:00,540,540,540,540,0
2022-12-08 10:18:00,540,540,540,540,0
2022-12-08 10:19:00,540,540,540,540,0
2022-12-08 10:20:00,540,540,540,540,0
2022-12-08 10:21:00,540,540,540,540,0
2022-12-08 10:22:00,535,535,535,535,600
2022-12-08 10:23:00,540,540,540,540,100
2022-12-08 10:24:00,540,540,540,540,300
2022-12-08 10:25:00,535,535,540,540,2800
2022-12-08 10:26:00,535,535,540,540,0
2022-12-08 10:27:00,535,535,535,535,500
2022-12-08 10:28:00,535,535,535,535,0
2022-12-08 10:29:00,535,535,535,535,0
2022-12-08 10:30:00,535,535,535,535,0
2022-12-08 10:31:00,535,535,535,535,0
2022-12-08 10:32:00,535,535,535,535,0
2022-12-08 10:33:00,535,535,535,535,0
2022-12-08 10:34:00,535,535,535,535,0
2022-12-08 10:35:00,535,535,535,535,0
2022-12-08 10:36:00,535,535,535,535,0
2022-12-08 10:37:00,535,535,535,535,0
2022-12-08 10:38:00,530,530,530,530,59600
2022-12-08 10:39:00,530,530,530,530,0
2022-12-08 10:40:00,530,530,530,530,0
2022-12-08 10:41:00,535,535,535,535,1000
2022-12-08 10:42:00,535,535,535,535,0
2022-12-08 10:43:00,535,535,535,535,0
2022-12-08 10:44:00,535,535,535,535,0
2022-12-08 10:45:00,535,535,535,535,0
2022-12-08 10:46:00,535,535,535,535,0
2022-12-08 10:47:00,535,535,535,535,1200
2022-12-08 10:48:00,535,535,535,535,0
2022-12-08 10:49:00,535,535,535,535,0
2022-12-08 10:50:00,535,535,535,535,0
2022-12-08 10:51:00,535,535,535,535,0
2022-12-08 10:52:00,535,535,535,535,0
2022-12-08 10:53:00,535,535,535,535,0
2022-12-08 10:54:00,535,535,535,535,0
2022-12-08 10:55:00,535,535,535,535,0
2022-12-08 10:56:00,535,535,535,535,1000
2022-12-08 10:57:00,535,535,535,535,0
2022-12-08 10:58:00,535,535,535,535,0
2022-12-08 10:59:00,535,535,535,535,0
2022-12-08 11:00:00,535,535,535,535,0
2022-12-08 11:01:00,535,535,535,535,0
2022-12-08 11:02:00,535,535,535,535,0
2022-12-08 11:03:00,535,535,535,535,0
2022-12-08 11:04:00,535,535,535,535,0
2022-12-08 11:05:00,535,535,535,535,0
2022-12-08 11:06:00,535,535,535,535,0
2022-12-08 11:07:00,535,535,535,535,0
2022-12-08 11:08:00,535,535,535,535,0
2022-12-08 11:09:00,535,535,535,535,0
2022-12-08 11:10:00,535,535,535,535,0
2022-12-08 11:11:00,535,535,535,535,0
2022-12-08 11:12:00,535,535,535,535,700
2022-12-08 11:13:00,535,535,535,535,0
2022-12-08 11:14:00,535,535,535,535,0
2022-12-08 11:15:00,535,535,535,535,0
2022-12-08 11:16:00,535,535,535,535,0
2022-12-08 11:17:00,535,535,535,535,0
2022-12-08 11:18:00,535,535,535,535,0
2022-12-08 11:19:00,535,535,535,535,0
2022-12-08 11:20:00,535,535,535,535,0
2022-12-08 11:21:00,535,535,535,535,0
2022-12-08 11:22:00,535,535,535,535,0
2022-12-08 11:23:00,535,535,535,535,0
2022-12-08 11:24:00,535,535,535,535,200
2022-12-08 11:25:00,535,535,535,535,1400
2022-12-08 11:26:00,535,535,535,535,0
2022-12-08 11:27:00,535,535,535,535,0
2022-12-08 11:28:00,535,535,535,535,0
2022-12-08 11:29:00,535,535,535,535,5700
2022-12-08 11:30:00,535,535,535,535,0
2022-12-08 11:31:00,535,535,535,535,0
2022-12-08 11:32:00,535,535,535,535,0
2022-12-08 11:33:00,535,535,535,535,0
2022-12-08 11:34:00,535,535,535,535,0
2022-12-08 11:35:00,535,535,535,535,0
2022-12-08 11:36:00,535,535,535,535,0
2022-12-08 11:37:00,535,535,535,535,0
2022-12-08 11:38:00,535,535,535,535,0
2022-12-08 11:39:00,535,535,535,535,0
2022-12-08 11:40:00,535,535,535,535,0
2022-12-08 11:41:00,535,535,535,535,0
2022-12-08 11:42:00,535,535,535,535,0
2022-12-08 11:43:00,535,535,535,535,0
2022-12-08 11:44:00,535,535,535,535,0
2022-12-08 11:45:00,535,535,535,535,0
2022-12-08 11:46:00,535,535,535,535,0
2022-12-08 11:47:00,535,535,535,535,0
2022-12-08 11:48:00,535,535,535,535,0
2022-12-08 11:49:00,535,535,535,535,0
2022-12-08 11:50:00,535,535,535,535,0
2022-12-08 11:51:00,535,535,535,535,0
2022-12-08 11:52:00,535,535,535,535,0
2022-12-08 11:53:00,535,535,535,535,0
2022-12-08 11:54:00,535,535,535,535,0
2022-12-08 11:55:00,535,535,535,535,0
2022-12-08 11:56:00,535,535,535,535,0
2022-12-08 11:57:00,535,535,535,535,0
2022-12-08 11:58:00,535,535,535,535,0
2022-12-08 11:59:00,535,535,535,535,0
2022-12-08 12:00:00,535,535,535,535,0
2022-12-08 12:01:00,535,535,535,535,0
2022-12-08 12:02:00,535,535,535,535,0
2022-12-08 12:03:00,535,535,535,535,0
2022-12-08 12:04:00,535,535,535,535,0
2022-12-08 12:05:00,535,535,535,535,0
2022-12-08 12:06:00,535,535,535,535,0
2022-12-08 12:07:00,535,535,535,535,0
2022-12-08 12:08:00,535,535,535,535,0
2022-12-08 12:09:00,535,535,535,535,0
2022-12-08 12:10:00,535,535,535,535,0
2022-12-08 12:11:00,535,535,535,535,0
2022-12-08 12:12:00,535,535,535,535,0
2022-12-08 12:13:00,535,535,535,535,0
2022-12-08 12:14:00,535,535,535,535,0
2022-12-08 12:15:00,535,535,535,535,0
2022-12-08 12:16:00,535,535,535,535,0
2022-12-08 12:17:00,535,535,535,535,0
2022-12-08 12:18:00,535,535,535,535,0
2022-12-08 12:19:00,535,535,535,535,0
2022-12-08 12:20:00,535,535,535,535,0
2022-12-08 12:21:00,535,535,535,535,0
2022-12-08 12:22:00,535,535,535,535,0
2022-12-08 12:23:00,535,535,535,535,0
2022-12-08 12:24:00,535,535,535,535,0
2022-12-08 12:25:00,535,535,535,535,0
2022-12-08 12:26:00,535,535,535,535,0
2022-12-08 12:27:00,535,535,535,535,0
2022-12-08 12:28:00,535,535,535,535,0
2022-12-08 12:29:00,535,535,535,535,0
2022-12-08 12:30:00,535,535,535,535,0
2022-12-08 12:31:00,535,535,535,535,0
2022-12-08 12:32:00,535,535,535,535,0
2022-12-08 12:33:00,535,535,535,535,0
2022-12-08 12:34:00,535,535,535,535,0
2022-12-08 12:35:00,535,535,535,535,0
2022-12-08 12:36:00,535,535,535,535,0
2022-12-08 12:37:00,535,535,535,535,0
2022-12-08 12:38:00,535,535,535,535,0
2022-12-08 12:39:00,535,535,535,535,0
2022-12-08 12:40:00,535,535,535,535,0
2022-12-08 12:41:00,535,535,535,535,0
2022-12-08 12:42:00,535,535,535,535,0
2022-12-08 12:43:00,535,535,535,535,0
2022-12-08 12:44:00,535,535,535,535,0
2022-12-08 12:45:00,535,535,535,535,0
2022-12-08 12:46:00,535,535,535,535,0
2022-12-08 12:47:00,535,535,535,535,0
2022-12-08 12:48:00,535,535,535,535,0
2022-12-08 12:49:00,535,535,535,535,0
2022-12-08 12:50:00,535,535,535,535,0
2022-12-08 12:51:00,535,535,535,535,0
2022-12-08 12:52:00,535,535,535,535,0
2022-12-08 12:53:00,535,535,535,535,0
2022-12-08 12:54:00,535,535,535,535,0
2022-12-08 12:55:00,535,535,535,535,0
2022-12-08 12:56:00,535,535,535,535,0
2022-12-08 12:57:00,535,535,535,535,0
2022-12-08 12:58:00,535,535,535,535,0
2022-12-08 12:59:00,535,535,535,535,0
2022-12-08 13:00:00,535,535,535,535,0
2022-12-08 13:01:00,535,535,535,535,0
2022-12-08 13:02:00,535,535,535,535,0
2022-12-08 13:03:00,535,535,535,535,0
2022-12-08 13:04:00,535,535,535,535,0
2022-12-08 13:05:00,535,535,535,535,0
2022-12-08 13:06:00,535,535,535,535,0
2022-12-08 13:07:00,535,535,535,535,0
2022-12-08 13:08:00,535,535,535,535,0
2022-12-08 13:09:00,535,535,535,535,0
2022-12-08 13:10:00,535,535,535,535,0
2022-12-08 13:11:00,535,535,535,535,0
2022-12-08 13:12:00,535,535,535,535,0
2022-12-08 13:13:00,535,535,535,535,0
2022-12-08 13:14:00,535,535,535,535,0
2022-12-08 13:15:00,535,535,535,535,0
2022-12-08 13:16:00,535,535,535,535,0
2022-12-08 13:17:00,535,535,535,535,0
2022-12-08 13:18:00,535,535,535,535,0
2022-12-08 13:19:00,535,535,535,535,0
2022-12-08 13:20:00,535,535,535,535,0
2022-12-08 13:21:00,535,535,535,535,0
2022-12-08 13:22:00,535,535,535,535,0
2022-12-08 13:23:00,535,535,535,535,0
2022-12-08 13:24:00,535,535,535,535,0
2022-12-08 13:25:00,535,535,535,535,0
2022-12-08 13:26:00,535,535,535,535,0
2022-12-08 13:27:00,535,535,535,535,0
2022-12-08 13:28:00,535,535,535,535,0
2022-12-08 13:29:00,535,535,535,535,0
2022-12-08 13:30:00,535,535,535,535,1500
2022-12-08 13:31:00,535,535,535,535,0
2022-12-08 13:32:00,535,535,535,535,0
2022-12-08 13:33:00,535,535,535,535,1000
2022-12-08 13:34:00,530,530,530,530,49500
2022-12-08 13:35:00,530,530,530,530,0
2022-12-08 13:36:00,530,530,530,530,6000
2022-12-08 13:37:00,530,530,535,535,4700
2022-12-08 13:38:00,530,530,535,535,0
2022-12-08 13:39:00,530,530,535,535,0
2022-12-08 13:40:00,530,530,535,535,0
2022-12-08 13:41:00,530,530,530,530,23000
2022-12-08 13:42:00,530,530,530,530,0
2022-12-08 13:43:00,525,525,525,525,0
2022-12-08 13:44:00,530,530,530,530,700
2022-12-08 13:45:00,530,530,530,530,9600
2022-12-08 13:46:00,530,530,530,530,0
2022-12-08 13:47:00,530,530,530,530,0
2022-12-08 13:48:00,530,530,530,530,0
2022-12-08 13:49:00,530,530,530,530,0
2022-12-08 13:50:00,530,530,530,530,0
2022-12-08 13:51:00,530,530,530,530,0
2022-12-08 13:52:00,530,530,530,530,0
2022-12-08 13:53:00,530,530,530,530,0
2022-12-08 13:54:00,530,530,530,530,500
2022-12-08 13:55:00,530,530,530,530,0
2022-12-08 13:56:00,530,530,530,530,0
2022-12-08 13:57:00,530,530,530,530,0
2022-12-08 13:58:00,530,530,530,530,0
2022-12-08 13:59:00,530,530,530,530,0
2022-12-08 14:00:00,530,530,530,530,0
2022-12-08 14:01:00,530,530,530,530,0
2022-12-08 14:02:00,530,530,530,530,0
2022-12-08 14:03:00,530,530,530,530,800
2022-12-08 14:04:00,530,530,530,530,8600
2022-12-08 14:05:00,530,530,530,530,0
2022-12-08 14:06:00,530,530,530,530,0
2022-12-08 14:07:00,530,530,530,530,0
2022-12-08 14:08:00,530,530,530,530,0
2022-12-08 14:09:00,530,530,530,530,0
2022-12-08 14:10:00,530,530,530,530,0
2022-12-08 14:11:00,530,530,530,530,0
2022-12-08 14:12:00,530,530,530,530,0
2022-12-08 14:13:00,530,530,530,530,1200
2022-12-08 14:14:00,530,530,530,530,1400
2022-12-08 14:15:00,530,530,530,530,0
2022-12-08 14:16:00,530,530,530,530,0
2022-12-08 14:17:00,530,530,530,530,400
2022-12-08 14:18:00,530,530,530,530,0
2022-12-08 14:19:00,530,530,530,530,0
2022-12-08 14:20:00,530,530,530,530,0
2022-12-08 14:21:00,530,530,530,530,0
2022-12-08 14:22:00,530,530,530,530,0
2022-12-08 14:23:00,530,530,530,530,0
2022-12-08 14:24:00,530,530,530,530,500
2022-12-08 14:25:00,530,530,530,530,0
2022-12-08 14:26:00,530,530,530,530,800
2022-12-08 14:27:00,530,530,530,530,0
2022-12-08 14:28:00,530,530,530,530,0
2022-12-08 14:29:00,530,530,530,530,0
2022-12-08 14:30:00,530,530,530,530,0
2022-12-08 14:31:00,530,530,530,530,0
2022-12-08 14:32:00,530,530,530,530,0
2022-12-08 14:33:00,530,530,530,530,0
2022-12-08 14:34:00,530,530,530,530,600
2022-12-08 14:35:00,530,530,530,530,0
2022-12-08 14:36:00,530,530,530,530,0
2022-12-08 14:37:00,530,530,530,530,0
2022-12-08 14:38:00,530,530,530,530,3500
2022-12-08 14:39:00,530,530,530,530,0
2022-12-08 14:40:00,530,530,530,530,0
2022-12-08 14:41:00,530,530,530,530,7800
2022-12-08 14:42:00,530,530,530,530,9100
2022-12-08 14:43:00,530,530,530,530,0
2022-12-08 14:44:00,530,530,530,530,0
2022-12-08 14:45:00,530,530,530,530,0
2022-12-08 14:46:00,530,530,530,530,100
2022-12-08 14:47:00,530,530,530,530,900
2022-12-08 14:48:00,530,530,530,530,0
2022-12-08 14:49:00,530,530,535,535,50400
2022-12-08 14:50:00,530,530,535,535,0
2022-12-08 14:51:00,530,530,535,535,0
2022-12-08 14:52:00,530,530,535,535,0
2022-12-08 14:53:00,530,530,535,535,0
2022-12-08 14:54:00,530,530,535,535,0
2022-12-08 14:55:00,530,530,535,535,0
2022-12-08 14:56:00,530,530,535,535,0
2022-12-08 14:57:00,530,530,535,535,0
2022-12-08 14:58:00,530,530,535,535,0
2022-12-08 14:59:00,530,530,535,535,0
2022-12-08 15:00:00,535,535,535,535,105700
2022-12-08 15:01:00,535,535,535,535,0
2022-12-08 15:02:00,535,535,535,535,0
2022-12-08 15:03:00,535,535,535,535,0
2022-12-08 15:04:00,535,535,535,535,0
2022-12-08 15:05:00,535,535,535,535,0
2022-12-08 15:06:00,535,535,535,535,0
2022-12-08 15:07:00,535,535,535,535,0
2022-12-08 15:08:00,535,535,535,535,0
2022-12-08 15:09:00,535,535,535,535,0
2022-12-08 15:10:00,535,535,535,535,622000
2022-12-08 15:11:00,535,535,535,535,0
2022-12-08 15:12:00,535,535,535,535,0
2022-12-08 15:13:00,535,535,535,535,0
2022-12-08 15:14:00,535,535,535,535,0
2022-12-08 15:15:00,535,535,535,535,0
2022-12-08 15:16:00,535,535,535,535,0
2022-12-08 15:17:00,535,535,535,535,0
2022-12-08 15:18:00,535,535,535,535,0
2022-12-08 15:19:00,535,535,535,535,0
2022-12-08 15:20:00,535,535,535,535,0
2022-12-08 15:21:00,535,535,535,535,0
2022-12-08 15:22:00,535,535,535,535,0
2022-12-08 15:23:00,535,535,535,535,0
2022-12-08 15:24:00,535,535,535,535,0
2022-12-08 15:25:00,535,535,535,535,0
2022-12-08 15:26:00,535,535,535,535,0
2022-12-08 15:27:00,535,535,535,535,0
2022-12-08 15:28:00,535,535,535,535,0
2022-12-08 15:29:00,535,535,535,535,0
2022-12-08 15:30:00,535,535,535,535,0
2022-12-08 15:31:00,535,535,535,535,0
2022-12-08 15:32:00,535,535,535,535,0
2022-12-08 15:33:00,535,535,535,535,0
2022-12-08 15:34:00,535,535,535,535,0
2022-12-08 15:35:00,535,535,535,535,0
2022-12-08 15:36:00,535,535,535,535,0
2022-12-08 15:37:00,535,535,535,535,0
2022-12-08 15:38:00,535,535,535,535,0
2022-12-08 15:39:00,535,535,535,535,0
2022-12-08 15:40:00,535,535,535,535,0
2022-12-08 15:41:00,535,535,535,535,0
2022-12-08 15:42:00,535,535,535,535,0
2022-12-08 15:43:00,535,535,535,535,0
2022-12-08 15:44:00,535,535,535,535,0
2022-12-08 15:45:00,535,535,535,535,0
2022-12-08 15:46:00,535,535,535,535,0
2022-12-08 15:47:00,535,535,535,535,0
2022-12-08 15:48:00,535,535,535,535,0
2022-12-08 15:49:00,535,535,535,535,0
2022-12-08 15:50:00,535,535,535,535,0
2022-12-08 15:51:00,535,535,535,535,0
2022-12-08 15:52:00,535,535,535,535,0
2022-12-08 15:53:00,535,535,535,535,0
2022-12-08 15:54:00,535,535,535,535,0
2022-12-08 15:55:00,535,535,535,535,0
2022-12-08 15:56:00,535,535,535,535,0
2022-12-08 15:57:00,535,535,535,535,0
2022-12-08 15:58:00,535,535,535,535,0
2022-12-08 15:59:00,535,535,535,535,0
2022-12-09 09:00:00,535,535,535,535,0
2022-12-09 09:01:00,535,535,535,535,0
2022-12-09 09:02:00,535,535,535,535,0
2022-12-09 09:03:00,535,535,535,535,0
2022-12-09 09:04:00,535,535,535,535,0
2022-12-09 09:05:00,535,535,535,535,0
2022-12-09 09:06:00,535,535,535,535,0
2022-12-09 09:07:00,535,535,535,535,0
2022-12-09 09:08:00,535,535,535,535,0
2022-12-09 09:09:00,535,535,535,535,0
2022-12-09 09:10:00,535,535,535,535,0
2022-12-09 09:11:00,530,530,535,535,700
2022-12-09 09:12:00,530,530,535,535,0
2022-12-09 09:13:00,530,530,535,535,0
2022-12-09 09:14:00,530,530,535,535,0
2022-12-09 09:15:00,530,530,535,535,0
2022-12-09 09:16:00,530,530,535,535,0
2022-12-09 09:17:00,530,530,535,535,0
2022-12-09 09:18:00,530,530,535,535,0
2022-12-09 09:19:00,530,530,535,535,0
2022-12-09 09:20:00,530,530,535,535,0
2022-12-09 09:21:00,530,530,535,535,0
2022-12-09 09:22:00,530,530,535,535,0
2022-12-09 09:23:00,530,530,535,535,0
2022-12-09 09:24:00,530,530,535,535,0
2022-12-09 09:25:00,530,530,535,535,0
2022-12-09 09:26:00,530,530,535,535,0
2022-12-09 09:27:00,530,530,535,535,0
2022-12-09 09:28:00,530,530,535,535,0
2022-12-09 09:29:00,530,530,535,535,0
2022-12-09 09:30:00,530,530,535,535,0
2022-12-09 09:31:00,530,530,535,535,0
2022-12-09 09:32:00,530,530,535,535,0
2022-12-09 09:33:00,530,530,535,535,0
2022-12-09 09:34:00,530,530,535,535,0
2022-12-09 09:35:00,530,530,530,530,5800
2022-12-09 09:36:00,535,535,535,535,0
2022-12-09 09:37:00,535,535,535,535,0
2022-12-09 09:38:00,535,535,535,535,0
2022-12-09 09:39:00,535,535,535,535,0
2022-12-09 09:40:00,535,535,535,535,0
2022-12-09 09:41:00,535,535,535,535,0
2022-12-09 09:42:00,535,535,535,535,0
2022-12-09 09:43:00,535,535,535,535,0
2022-12-09 09:44:00,535,535,535,535,500
2022-12-09 09:45:00,535,535,535,535,0
2022-12-09 09:46:00,535,535,535,535,0
2022-12-09 09:47:00,535,535,535,535,0
2022-12-09 09:48:00,535,535,535,535,0
2022-12-09 09:49:00,535,535,535,535,0
2022-12-09 09:50:00,535,535,535,535,0
2022-12-09 09:51:00,535,535,535,535,0
2022-12-09 09:52:00,535,535,535,535,0
2022-12-09 09:53:00,535,535,535,535,0
2022-12-09 09:54:00,535,535,535,535,0
2022-12-09 09:55:00,535,535,535,535,0
2022-12-09 09:56:00,535,535,535,535,0
2022-12-09 09:57:00,535,535,535,535,1200
2022-12-09 09:58:00,535,535,535,535,0
2022-12-09 09:59:00,535,535,535,535,0
2022-12-09 10:00:00,535,535,535,535,0
2022-12-09 10:01:00,535,535,535,535,0
2022-12-09 10:02:00,535,535,535,535,0
2022-12-09 10:03:00,535,535,535,535,0
2022-12-09 10:04:00,535,535,535,535,0
2022-12-09 10:05:00,535,535,535,535,0
2022-12-09 10:06:00,535,535,535,535,0
2022-12-09 10:07:00,530,530,530,530,1600
2022-12-09 10:08:00,525,525,525,525,13700
2022-12-09 10:09:00,525,525,535,535,0
2022-12-09 10:10:00,535,535,535,535,400
2022-12-09 10:11:00,535,535,535,535,0
2022-12-09 10:12:00,535,535,535,535,0
2022-12-09 10:13:00,535,535,535,535,0
2022-12-09 10:14:00,535,535,535,535,0
2022-12-09 10:15:00,535,535,535,535,0
2022-12-09 10:16:00,535,535,535,535,0
2022-12-09 10:17:00,535,535,535,535,0
2022-12-09 10:18:00,535,535,535,535,0
2022-12-09 10:19:00,535,535,535,535,0
2022-12-09 10:20:00,535,535,535,535,0
2022-12-09 10:21:00,535,535,535,535,0
2022-12-09 10:22:00,535,535,535,535,0
2022-12-09 10:23:00,535,535,535,535,0
2022-12-09 10:24:00,535,535,535,535,0
2022-12-09 10:25:00,535,535,535,535,0
2022-12-09 10:26:00,535,535,535,535,0
2022-12-09 10:27:00,535,535,535,535,0
2022-12-09 10:28:00,535,535,535,535,0
2022-12-09 10:29:00,535,535,535,535,0
2022-12-09 10:30:00,535,535,535,535,0
2022-12-09 10:31:00,535,535,535,535,0
2022-12-09 10:32:00,535,535,535,535,0
2022-12-09 10:33:00,535,535,535,535,0
2022-12-09 10:34:00,535,535,535,535,0
2022-12-09 10:35:00,535,535,535,535,0
2022-12-09 10:36:00,535,535,535,535,0
2022-12-09 10:37:00,535,535,535,535,0
2022-12-09 10:38:00,535,535,535,535,0
2022-12-09 10:39:00,535,535,535,535,0
2022-12-09 10:40:00,535,530,535,530,3000
2022-12-09 10:41:00,535,530,535,530,0
2022-12-09 10:42:00,535,535,535,535,0
2022-12-09 10:43:00,535,535,535,535,0
2022-12-09 10:44:00,535,535,535,535,200
2022-12-09 10:45:00,535,535,535,535,0
2022-12-09 10:46:00,535,535,535,535,0
2022-12-09 10:47:00,535,535,535,535,0
2022-12-09 10:48:00,535,535,535,535,0
2022-12-09 10:49:00,535,535,535,535,0
2022-12-09 10:50:00,535,535,535,535,0
2022-12-09 10:51:00,535,535,535,535,0
2022-12-09 10:52:00,535,535,535,535,0
2022-12-09 10:53:00,535,535,535,535,0
2022-12-09 10:54:00,535,535,535,535,200
2022-12-09 10:55:00,535,535,535,535,0
2022-12-09 10:56:00,535,535,535,535,0
2022-12-09 10:57:00,530,530,530,530,900
2022-12-09 10:58:00,530,530,530,530,0
2022-12-09 10:59:00,530,530,530,530,0
2022-12-09 11:00:00,535,535,535,535,200
2022-12-09 11:01:00,535,535,535,535,0
2022-12-09 11:02:00,535,535,535,535,0
2022-12-09 11:03:00,535,535,535,535,0
2022-12-09 11:04:00,535,535,535,535,0
2022-12-09 11:05:00,535,535,535,535,0
2022-12-09 11:06:00,535,535,535,535,0
2022-12-09 11:07:00,535,535,535,535,0
2022-12-09 11:08:00,535,535,535,535,0
2022-12-09 11:09:00,535,535,535,535,0
2022-12-09 11:10:00,535,535,535,535,0
2022-12-09 11:11:00,535,535,535,535,0
2022-12-09 11:12:00,535,535,535,535,0
2022-12-09 11:13:00,535,535,535,535,0
2022-12-09 11:14:00,535,535,535,535,400
2022-12-09 11:15:00,535,535,535,535,0
2022-12-09 11:16:00,535,535,535,535,0
2022-12-09 11:17:00,535,535,535,535,0
2022-12-09 11:18:00,535,535,535,535,0
2022-12-09 11:19:00,535,535,535,535,0
2022-12-09 11:20:00,535,535,535,535,0
2022-12-09 11:21:00,535,535,535,535,0
2022-12-09 11:22:00,535,535,535,535,0
2022-12-09 11:23:00,535,535,535,535,0
2022-12-09 11:24:00,535,535,535,535,0
2022-12-09 11:25:00,535,535,535,535,0
2022-12-09 11:26:00,535,535,535,535,0
2022-12-09 11:27:00,535,535,535,535,0
2022-12-09 11:28:00,535,535,535,535,1000
2022-12-09 11:29:00,535,535,535,535,0
2022-12-09 11:30:00,535,535,535,535,0
2022-12-09 11:31:00,535,535,535,535,0
2022-12-09 11:32:00,535,535,535,535,0
2022-12-09 11:33:00,535,535,535,535,0
2022-12-09 11:34:00,535,535,535,535,0
2022-12-09 11:35:00,535,535,535,535,0
2022-12-09 11:36:00,535,535,535,535,0
2022-12-09 11:37:00,535,535,535,535,0
2022-12-09 11:38:00,535,535,535,535,0
2022-12-09 11:39:00,535,535,535,535,0
2022-12-09 11:40:00,535,535,535,535,0
2022-12-09 11:41:00,535,535,535,535,0
2022-12-09 11:42:00,535,535,535,535,0
2022-12-09 11:43:00,535,535,535,535,0
2022-12-09 11:44:00,535,535,535,535,0
2022-12-09 11:45:00,535,535,535,535,0
2022-12-09 11:46:00,535,535,535,535,0
2022-12-09 11:47:00,535,535,535,535,0
2022-12-09 11:48:00,535,535,535,535,0
2022-12-09 11:49:00,535,535,535,535,0
2022-12-09 11:50:00,535,535,535,535,0
2022-12-09 11:51:00,535,535,535,535,0
2022-12-09 11:52:00,535,535,535,535,0
2022-12-09 11:53:00,535,535,535,535,0
2022-12-09 11:54:00,535,535,535,535,0
2022-12-09 11:55:00,535,535,535,535,0
2022-12-09 11:56:00,535,535,535,535,0
2022-12-09 11:57:00,535,535,535,535,0
2022-12-09 11:58:00,535,535,535,535,0
2022-12-09 11:59:00,535,535,535,535,0
2022-12-09 12:00:00,535,535,535,535,0
2022-12-09 12:01:00,535,535,535,535,0
2022-12-09 12:02:00,535,535,535,535,0
2022-12-09 12:03:00,535,535,535,535,0
2022-12-09 12:04:00,535,535,535,535,0
2022-12-09 12:05:00,535,535,535,535,0
2022-12-09 12:06:00,535,535,535,535,0
2022-12-09 12:07:00,535,535,535,535,0
2022-12-09 12:08:00,535,535,535,535,0
2022-12-09 12:09:00,535,535,535,535,0
2022-12-09 12:10:00,535,535,535,535,0
2022-12-09 12:11:00,535,535,535,535,0
2022-12-09 12:12:00,535,535,535,535,0
2022-12-09 12:13:00,535,535,535,535,0
2022-12-09 12:14:00,535,535,535,535,0
2022-12-09 12:15:00,535,535,535,535,0
2022-12-09 12:16:00,535,535,535,535,0
2022-12-09 12:17:00,535,535,535,535,0
2022-12-09 12:18:00,535,535,535,535,0
2022-12-09 12:19:00,535,535,535,535,0
2022-12-09 12:20:00,535,535,535,535,0
2022-12-09 12:21:00,535,535,535,535,0
2022-12-09 12:22:00,535,535,535,535,0
2022-12-09 12:23:00,535,535,535,535,0
2022-12-09 12:24:00,535,535,535,535,0
2022-12-09 12:25:00,535,535,535,535,0
2022-12-09 12:26:00,535,535,535,535,0
2022-12-09 12:27:00,535,535,535,535,0
2022-12-09 12:28:00,535,535,535,535,0
2022-12-09 12:29:00,535,535,535,535,0
2022-12-09 12:30:00,535,535,535,535,0
2022-12-09 12:31:00,535,535,535,535,0
2022-12-09 12:32:00,535,535,535,535,0
2022-12-09 12:33:00,535,535,535,535,0
2022-12-09 12:34:00,535,535,535,535,0
2022-12-09 12:35:00,535,535,535,535,0
2022-12-09 12:36:00,535,535,535,535,0
2022-12-09 12:37:00,535,535,535,535,0
2022-12-09 12:38:00,535,535,535,535,0
2022-12-09 12:39:00,535,535,535,535,0
2022-12-09 12:40:00,535,535,535,535,0
2022-12-09 12:41:00,535,535,535,535,0
2022-12-09 12:42:00,535,535,535,535,0
2022-12-09 12:43:00,535,535,535,535,0
2022-12-09 12:44:00,535,535,535,535,0
2022-12-09 12:45:00,535,535,535,535,0
2022-12-09 12:46:00,535,535,535,535,0
2022-12-09 12:47:00,535,535,535,535,0
2022-12-09 12:48:00,535,535,535,535,0
2022-12-09 12:49:00,535,535,535,535,0
2022-12-09 12:50:00,535,535,535,535,0
2022-12-09 12:51:00,535,535,535,535,0
2022-12-09 12:52:00,535,535,535,535,0
2022-12-09 12:53:00,535,535,535,535,0
2022-12-09 12:54:00,535,535,535,535,0
2022-12-09 12:55:00,535,535,535,535,0
2022-12-09 12:56:00,535,535,535,535,0
2022-12-09 12:57:00,535,535,535,535,0
2022-12-09 12:58:00,535,535,535,535,0
2022-12-09 12:59:00,535,535,535,535,0
2022-12-09 13:00:00,535,535,535,535,0
2022-12-09 13:01:00,535,535,535,535,0
2022-12-09 13:02:00,535,535,535,535,0
2022-12-09 13:03:00,535,535,535,535,0
2022-12-09 13:04:00,535,535,535,535,0
2022-12-09 13:05:00,535,535,535,535,0
2022-12-09 13:06:00,535,535,535,535,0
2022-12-09 13:07:00,535,535,535,535,0
2022-12-09 13:08:00,535,535,535,535,0
2022-12-09 13:09:00,535,535,535,535,0
2022-12-09 13:10:00,535,535,535,535,0
2022-12-09 13:11:00,535,535,535,535,0
2022-12-09 13:12:00,535,535,535,535,0
2022-12-09 13:13:00,535,535,535,535,0
2022-12-09 13:14:00,535,535,535,535,0
2022-12-09 13:15:00,535,535,535,535,0
2022-12-09 13:16:00,535,535,535,535,0
2022-12-09 13:17:00,535,535,535,535,0
2022-12-09 13:18:00,535,535,535,535,0
2022-12-09 13:19:00,535,535,535,535,0
2022-12-09 13:20:00,535,535,535,535,0
2022-12-09 13:21:00,535,535,535,535,0
2022-12-09 13:22:00,535,535,535,535,0
2022-12-09 13:23:00,535,535,535,535,0
2022-12-09 13:24:00,535,535,535,535,0
2022-12-09 13:25:00,535,535,535,535,0
2022-12-09 13:26:00,535,535,535,535,0
2022-12-09 13:27:00,535,535,535,535,0
2022-12-09 13:28:00,535,535,535,535,0
2022-12-09 13:29:00,535,535,535,535,0
2022-12-09 13:30:00,535,535,535,535,0
2022-12-09 13:31:00,535,535,535,535,0
2022-12-09 13:32:00,535,535,535,535,0
2022-12-09 13:33:00,535,535,535,535,0
2022-12-09 13:34:00,535,535,535,535,0
2022-12-09 13:35:00,530,530,530,530,3000
2022-12-09 13:36:00,530,530,530,530,6400
2022-12-09 13:37:00,530,530,530,530,0
2022-12-09 13:38:00,530,530,530,530,0
2022-12-09 13:39:00,530,530,535,535,0
2022-12-09 13:40:00,530,530,535,535,0
2022-12-09 13:41:00,535,535,535,535,600
2022-12-09 13:42:00,535,535,535,535,0
2022-12-09 13:43:00,535,535,535,535,0
2022-12-09 13:44:00,535,535,535,535,0
2022-12-09 13:45:00,535,535,535,535,0
2022-12-09 13:46:00,535,535,535,535,0
2022-12-09 13:47:00,535,535,535,535,0
2022-12-09 13:48:00,535,535,535,535,0
2022-12-09 13:49:00,535,535,535,535,0
2022-12-09 13:50:00,535,535,535,535,0
2022-12-09 13:51:00,535,535,535,535,200
2022-12-09 13:52:00,535,535,535,535,0
2022-12-09 13:53:00,535,535,535,535,0
2022-12-09 13:54:00,535,535,535,535,0
2022-12-09 13:55:00,535,535,535,535,0
2022-12-09 13:56:00,535,535,535,535,0
2022-12-09 13:57:00,535,535,535,535,0
2022-12-09 13:58:00,535,535,535,535,0
2022-12-09 13:59:00,535,535,535,535,0
2022-12-09 14:00:00,535,535,535,535,0
2022-12-09 14:01:00,535,535,535,535,0
2022-12-09 14:02:00,535,535,535,535,0
2022-12-09 14:03:00,535,535,535,535,0
2022-12-09 14:04:00,535,535,535,535,0
2022-12-09 14:05:00,535,535,535,535,0
2022-12-09 14:06:00,535,535,535,535,0
2022-12-09 14:07:00,535,535,535,535,0
2022-12-09 14:08:00,535,535,535,535,400
2022-12-09 14:09:00,535,535,535,535,0
2022-12-09 14:10:00,535,535,535,535,0
2022-12-09 14:11:00,535,535,535,535,0
2022-12-09 14:12:00,535,535,535,535,0
2022-12-09 14:13:00,535,535,535,535,0
2022-12-09 14:14:00,535,535,535,535,0
2022-12-09 14:15:00,535,535,535,535,0
2022-12-09 14:16:00,535,535,535,535,0
2022-12-09 14:17:00,535,535,535,535,0
2022-12-09 14:18:00,535,535,535,535,0
2022-12-09 14:19:00,535,535,535,535,0
2022-12-09 14:20:00,535,535,535,535,0
2022-12-09 14:21:00,535,535,535,535,0
2022-12-09 14:22:00,535,535,535,535,0
2022-12-09 14:23:00,535,535,535,535,600
2022-12-09 14:24:00,535,535,535,535,0
2022-12-09 14:25:00,535,535,535,535,500
2022-12-09 14:26:00,535,535,535,535,0
2022-12-09 14:27:00,535,535,535,535,0
2022-12-09 14:28:00,535,535,535,535,0
2022-12-09 14:29:00,535,535,535,535,0
2022-12-09 14:30:00,535,535,535,535,0
2022-12-09 14:31:00,535,535,535,535,0
2022-12-09 14:32:00,535,535,535,535,0
2022-12-09 14:33:00,535,535,535,535,0
2022-12-09 14:34:00,535,535,535,535,0
2022-12-09 14:35:00,535,535,535,535,0
2022-12-09 14:36:00,535,535,535,535,0
2022-12-09 14:37:00,535,535,535,535,0
2022-12-09 14:38:00,535,535,535,535,0
2022-12-09 14:39:00,535,535,535,535,0
2022-12-09 14:40:00,535,535,535,535,0
2022-12-09 14:41:00,535,535,535,535,202300
2022-12-09 14:42:00,535,535,535,535,0
2022-12-09 14:43:00,535,535,535,535,0
2022-12-09 14:44:00,535,535,535,535,0
2022-12-09 14:45:00,535,535,535,535,1100
2022-12-09 14:46:00,535,535,535,535,0
2022-12-09 14:47:00,535,535,535,535,700
2022-12-09 14:48:00,535,535,535,535,1500
2022-12-09 14:49:00,535,535,535,535,1700
2022-12-09 14:50:00,535,535,535,535,0
2022-12-09 14:51:00,535,535,535,535,0
2022-12-09 14:52:00,535,535,535,535,0
2022-12-09 14:53:00,535,535,535,535,0
2022-12-09 14:54:00,535,535,535,535,0
2022-12-09 14:55:00,535,535,535,535,0
2022-12-09 14:56:00,535,535,535,535,0
2022-12-09 14:57:00,535,535,535,535,0
2022-12-09 14:58:00,535,535,535,535,0
2022-12-09 14:59:00,535,535,535,535,0
2022-12-09 15:00:00,535,535,535,535,100100
2022-12-09 15:01:00,535,535,535,535,0
2022-12-09 15:02:00,535,535,535,535,0
2022-12-09 15:03:00,535,535,535,535,0
2022-12-09 15:04:00,535,535,535,535,0
2022-12-09 15:05:00,535,535,535,535,0
2022-12-09 15:06:00,535,535,535,535,0
2022-12-09 15:07:00,535,535,535,535,0
2022-12-09 15:08:00,535,535,535,535,0
2022-12-09 15:09:00,535,535,535,535,0
2022-12-09 15:10:00,535,535,535,535,0
2022-12-09 15:11:00,535,535,535,535,0
2022-12-09 15:12:00,535,535,535,535,0
2022-12-09 15:13:00,535,535,535,535,0
2022-12-09 15:14:00,535,535,535,535,0
2022-12-09 15:15:00,535,535,535,535,0
2022-12-09 15:16:00,535,535,535,535,0
2022-12-09 15:17:00,535,535,535,535,0
2022-12-09 15:18:00,535,535,535,535,0
2022-12-09 15:19:00,535,535,535,535,0
2022-12-09 15:20:00,535,535,535,535,0
2022-12-09 15:21:00,535,535,535,535,0
2022-12-09 15:22:00,535,535,535,535,0
2022-12-09 15:23:00,535,535,535,535,0
2022-12-09 15:24:00,535,535,535,535,0
2022-12-09 15:25:00,535,535,535,535,0
2022-12-09 15:26:00,535,535,535,535,0
2022-12-09 15:27:00,535,535,535,535,0
2022-12-09 15:28:00,535,535,535,535,0
2022-12-09 15:29:00,535,535,535,535,0
2022-12-09 15:30:00,535,535,535,535,0
2022-12-09 15:31:00,535,535,535,535,0
2022-12-09 15:32:00,535,535,535,535,0
2022-12-09 15:33:00,535,535,535,535,0
2022-12-09 15:34:00,535,535,535,535,0
2022-12-09 15:35:00,535,535,535,535,0
2022-12-09 15:36:00,535,535,535,535,0
2022-12-09 15:37:00,535,535,535,535,0
2022-12-09 15:38:00,535,535,535,535,0
2022-12-09 15:39:00,535,535,535,535,0
2022-12-09 15:40:00,535,535,535,535,0
2022-12-09 15:41:00,535,535,535,535,0
2022-12-09 15:42:00,535,535,535,535,0
2022-12-09 15:43:00,535,535,535,535,0
2022-12-09 15:44:00,535,535,535,535,0
2022-12-09 15:45:00,535,535,535,535,0
2022-12-09 15:46:00,535,535,535,535,0
2022-12-09 15:47:00,535,535,535,535,0
2022-12-09 15:48:00,535,535,535,535,0
2022-12-09 15:49:00,535,535,535,535,0
2022-12-09 15:50:00,535,535,535,535,0
2022-12-09 15:51:00,535,535,535,535,0
2022-12-09 15:52:00,535,535,535,535,0
2022-12-09 15:53:00,535,535,535,535,0
2022-12-09 15:54:00,535,535,535,535,0
2022-12-09 15:55:00,535,535,535,535,0
2022-12-09 15:56:00,535,535,535,535,0
2022-12-09 15:57:00,535,535,535,535,0
2022-12-09 15:58:00,535,535,535,535,0
2022-12-09 15:59:00,535,535,535,535,0
2022-12-12 09:00:00,535,535,535,535,0
2022-12-12 09:01:00,0,0,0,0,0
2022-12-12 09:02:00,530,530,530,530,19900
2022-12-12 09:03:00,530,530,530,530,0
2022-12-12 09:04:00,525,525,525,525,3000
2022-12-12 09:05:00,530,530,530,530,0
2022-12-12 09:06:00,530,530,530,530,34100
2022-12-12 09:07:00,530,530,535,535,0
2022-12-12 09:08:00,535,535,535,535,300
2022-12-12 09:09:00,0,0,0,0,0
2022-12-12 09:10:00,530,525,535,535,133500
2022-12-12 09:11:00,535,535,535,535,0
2022-12-12 09:12:00,535,530,535,530,106400
2022-12-12 09:13:00,530,530,530,530,17900
2022-12-12 09:14:00,530,530,530,530,21000
2022-12-12 09:15:00,530,530,530,530,1600
2022-12-12 09:16:00,530,530,530,530,1500
2022-12-12 09:17:00,0,0,0,0,0
2022-12-12 09:18:00,525,525,525,525,4500
2022-12-12 09:19:00,530,530,530,530,1800
2022-12-12 09:20:00,0,0,0,0,0
2022-12-12 09:21:00,0,0,0,0,0
2022-12-12 09:22:00,530,530,530,530,600
2022-12-12 09:23:00,0,0,0,0,0
2022-12-12 09:24:00,0,0,0,0,0
2022-12-12 09:25:00,0,0,0,0,0
2022-12-12 09:26:00,0,0,0,0,0
2022-12-12 09:27:00,0,0,0,0,0
2022-12-12 09:28:00,0,0,0,0,0
2022-12-12 09:29:00,0,0,0,0,0
2022-12-12 09:30:00,0,0,0,0,0
2022-12-12 09:31:00,0,0,0,0,0
2022-12-12 09:32:00,0,0,0,0,0
2022-12-12 09:33:00,0,0,0,0,0
2022-12-12 09:34:00,0,0,0,0,0
2022-12-12 09:35:00,0,0,0,0,0
2022-12-12 09:36:00,0,0,0,0,0
2022-12-12 09:37:00,0,0,0,0,0
2022-12-12 09:38:00,0,0,0,0,0
2022-12-12 09:39:00,0,0,0,0,0
2022-12-12 09:40:00,0,0,0,0,0
2022-12-12 09:41:00,0,0,0,0,0
2022-12-12 09:42:00,0,0,0,0,0
2022-12-12 09:43:00,0,0,0,0,0
2022-12-12 09:44:00,0,0,0,0,0
2022-12-12 09:45:00,530,530,530,530,9000
2022-12-12 09:46:00,0,0,0,0,0
2022-12-12 09:47:00,0,0,0,0,0
2022-12-12 09:48:00,530,530,530,530,1000
2022-12-12 09:49:00,0,0,0,0,0
2022-12-12 09:50:00,0,0,0,0,0
2022-12-12 09:51:00,0,0,0,0,0
2022-12-12 09:52:00,0,0,0,0,0
2022-12-12 09:53:00,0,0,0,0,0
2022-12-12 09:54:00,0,0,0,0,0
2022-12-12 09:55:00,530,530,530,530,0
2022-12-12 09:56:00,0,0,0,0,0
2022-12-12 09:57:00,525,525,525,525,14000
2022-12-12 09:58:00,530,530,530,530,0
2022-12-12 09:59:00,0,0,0,0,0
2022-12-12 10:00:00,0,0,0,0,0
2022-12-12 10:01:00,530,530,530,530,1000
2022-12-12 10:02:00,0,0,0,0,0
2022-12-12 10:03:00,0,0,0,0,0
2022-12-12 10:04:00,0,0,0,0,0
2022-12-12 10:05:00,530,525,530,525,2200
2022-12-12 10:06:00,530,530,530,530,0
2022-12-12 10:07:00,0,0,0,0,0
2022-12-12 10:08:00,0,0,0,0,0
2022-12-12 10:09:00,0,0,0,0,0
2022-12-12 10:10:00,0,0,0,0,0
2022-12-12 10:11:00,530,530,530,530,1400
2022-12-12 10:12:00,0,0,0,0,0
2022-12-12 10:13:00,0,0,0,0,0
2022-12-12 10:14:00,0,0,0,0,0
2022-12-12 10:15:00,0,0,0,0,0
2022-12-12 10:16:00,530,530,530,530,19300
2022-12-12 10:17:00,0,0,0,0,0
2022-12-12 10:18:00,0,0,0,0,0
2022-12-12 10:19:00,0,0,0,0,0
2022-12-12 10:20:00,0,0,0,0,0
2022-12-12 10:21:00,530,530,530,530,0
2022-12-12 10:22:00,0,0,0,0,0
2022-12-12 10:23:00,0,0,0,0,0
2022-12-12 10:24:00,0,0,0,0,0
2022-12-12 10:25:00,0,0,0,0,0
2022-12-12 10:26:00,0,0,0,0,0
2022-12-12 10:27:00,530,530,530,530,600
2022-12-12 10:28:00,0,0,0,0,0
2022-12-12 10:29:00,0,0,0,0,0
2022-12-12 10:30:00,0,0,0,0,0
2022-12-12 10:31:00,0,0,0,0,0
2022-12-12 10:32:00,0,0,0,0,0
2022-12-12 10:33:00,0,0,0,0,0
2022-12-12 10:34:00,0,0,0,0,0
2022-12-12 10:35:00,0,0,0,0,0
2022-12-12 10:36:00,0,0,0,0,0
2022-12-12 10:37:00,0,0,0,0,0
2022-12-12 10:38:00,0,0,0,0,0
2022-12-12 10:39:00,0,0,0,0,0
2022-12-12 10:40:00,0,0,0,0,0
2022-12-12 10:41:00,0,0,0,0,0
2022-12-12 10:42:00,0,0,0,0,0
2022-12-12 10:43:00,0,0,0,0,0
2022-12-12 10:44:00,0,0,0,0,0
2022-12-12 10:45:00,0,0,0,0,0
2022-12-12 10:46:00,0,0,0,0,0
2022-12-12 10:47:00,0,0,0,0,0
2022-12-12 10:48:00,0,0,0,0,0
2022-12-12 10:49:00,0,0,0,0,0
2022-12-12 10:50:00,0,0,0,0,0
2022-12-12 10:51:00,0,0,0,0,0
2022-12-12 10:52:00,0,0,0,0,0
2022-12-12 10:53:00,0,0,0,0,0
2022-12-12 10:54:00,0,0,0,0,0
2022-12-12 10:55:00,0,0,0,0,0
2022-12-12 10:56:00,0,0,0,0,0
2022-12-12 10:57:00,0,0,0,0,0
2022-12-12 10:58:00,0,0,0,0,0
2022-12-12 10:59:00,0,0,0,0,0
2022-12-12 11:00:00,0,0,0,0,0
2022-12-12 11:01:00,0,0,0,0,0
2022-12-12 11:02:00,0,0,0,0,0
2022-12-12 11:03:00,0,0,0,0,0
2022-12-12 11:04:00,0,0,0,0,0
2022-12-12 11:05:00,0,0,0,0,0
2022-12-12 11:06:00,0,0,0,0,0
2022-12-12 11:07:00,0,0,0,0,0
2022-12-12 11:08:00,0,0,0,0,0
2022-12-12 11:09:00,0,0,0,0,0
2022-12-12 11:10:00,0,0,0,0,0
2022-12-12 11:11:00,0,0,0,0,0
2022-12-12 11:12:00,0,0,0,0,0
2022-12-12 11:13:00,0,0,0,0,0
2022-12-12 11:14:00,0,0,0,0,0
2022-12-12 11:15:00,0,0,0,0,0
2022-12-12 11:16:00,0,0,0,0,0
2022-12-12 11:17:00,0,0,0,0,0
2022-12-12 11:18:00,0,0,0,0,0
2022-12-12 11:19:00,0,0,0,0,0
2022-12-12 11:20:00,0,0,0,0,0
2022-12-12 11:21:00,0,0,0,0,0
2022-12-12 11:22:00,0,0,0,0,0
2022-12-12 11:23:00,0,0,0,0,0
2022-12-12 11:24:00,530,530,530,530,700
2022-12-12 11:25:00,530,530,530,530,1000
2022-12-12 11:26:00,530,530,530,530,900
2022-12-12 11:27:00,0,0,0,0,0
2022-12-12 11:28:00,0,0,0,0,0
2022-12-12 11:29:00,0,0,0,0,0
2022-12-12 11:30:00,0,0,0,0,0
2022-12-12 11:31:00,0,0,0,0,0
2022-12-12 11:32:00,0,0,0,0,0
2022-12-12 11:33:00,0,0,0,0,0
2022-12-12 11:34:00,0,0,0,0,0
2022-12-12 11:35:00,0,0,0,0,0
2022-12-12 11:36:00,0,0,0,0,0
2022-12-12 11:37:00,0,0,0,0,0
2022-12-12 11:38:00,0,0,0,0,0
2022-12-12 11:39:00,0,0,0,0,0
2022-12-12 11:40:00,0,0,0,0,0
2022-12-12 11:41:00,0,0,0,0,0
2022-12-12 11:42:00,0,0,0,0,0
2022-12-12 11:43:00,0,0,0,0,0
2022-12-12 11:44:00,0,0,0,0,0
2022-12-12 11:45:00,0,0,0,0,0
2022-12-12 11:46:00,0,0,0,0,0
2022-12-12 11:47:00,0,0,0,0,0
2022-12-12 11:48:00,0,0,0,0,0
2022-12-12 11:49:00,0,0,0,0,0
2022-12-12 11:50:00,0,0,0,0,0
2022-12-12 11:51:00,0,0,0,0,0
2022-12-12 11:52:00,0,0,0,0,0
2022-12-12 11:53:00,0,0,0,0,0
2022-12-12 11:54:00,0,0,0,0,0
2022-12-12 11:55:00,0,0,0,0,0
2022-12-12 11:56:00,0,0,0,0,0
2022-12-12 11:57:00,0,0,0,0,0
2022-12-12 11:58:00,0,0,0,0,0
2022-12-12 11:59:00,0,0,0,0,0
2022-12-12 12:00:00,0,0,0,0,0
2022-12-12 12:01:00,0,0,0,0,0
2022-12-12 12:02:00,0,0,0,0,0
2022-12-12 12:03:00,0,0,0,0,0
2022-12-12 12:04:00,0,0,0,0,0
2022-12-12 12:05:00,0,0,0,0,0
2022-12-12 12:06:00,0,0,0,0,0
2022-12-12 12:07:00,0,0,0,0,0
2022-12-12 12:08:00,0,0,0,0,0
2022-12-12 12:09:00,0,0,0,0,0
2022-12-12 12:10:00,0,0,0,0,0
2022-12-12 12:11:00,0,0,0,0,0
2022-12-12 12:12:00,0,0,0,0,0
2022-12-12 12:13:00,0,0,0,0,0
2022-12-12 12:14:00,0,0,0,0,0
2022-12-12 12:15:00,0,0,0,0,0
2022-12-12 12:16:00,0,0,0,0,0
2022-12-12 12:17:00,0,0,0,0,0
2022-12-12 12:18:00,0,0,0,0,0
2022-12-12 12:19:00,0,0,0,0,0
2022-12-12 12:20:00,0,0,0,0,0
2022-12-12 12:21:00,0,0,0,0,0
2022-12-12 12:22:00,0,0,0,0,0
2022-12-12 12:23:00,0,0,0,0,0
2022-12-12 12:24:00,0,0,0,0,0
2022-12-12 12:25:00,0,0,0,0,0
2022-12-12 12:26:00,0,0,0,0,0
2022-12-12 12:27:00,0,0,0,0,0
2022-12-12 12:28:00,0,0,0,0,0
2022-12-12 12:29:00,0,0,0,0,0
2022-12-12 12:30:00,0,0,0,0,0
2022-12-12 12:31:00,0,0,0,0,0
2022-12-12 12:32:00,0,0,0,0,0
2022-12-12 12:33:00,0,0,0,0,0
2022-12-12 12:34:00,0,0,0,0,0
2022-12-12 12:35:00,0,0,0,0,0
2022-12-12 12:36:00,0,0,0,0,0
2022-12-12 12:37:00,0,0,0,0,0
2022-12-12 12:38:00,0,0,0,0,0
2022-12-12 12:39:00,0,0,0,0,0
2022-12-12 12:40:00,0,0,0,0,0
2022-12-12 12:41:00,0,0,0,0,0
2022-12-12 12:42:00,0,0,0,0,0
2022-12-12 12:43:00,0,0,0,0,0
2022-12-12 12:44:00,0,0,0,0,0
2022-12-12 12:45:00,0,0,0,0,0
2022-12-12 12:46:00,0,0,0,0,0
2022-12-12 12:47:00,0,0,0,0,0
2022-12-12 12:48:00,0,0,0,0,0
2022-12-12 12:49:00,0,0,0,0,0
2022-12-12 12:50:00,0,0,0,0,0
2022-12-12 12:51:00,0,0,0,0,0
2022-12-12 12:52:00,0,0,0,0,0
2022-12-12 12:53:00,0,0,0,0,0
2022-12-12 12:54:00,0,0,0,0,0
2022-12-12 12:55:00,0,0,0,0,0
2022-12-12 12:56:00,0,0,0,0,0
2022-12-12 12:57:00,0,0,0,0,0
2022-12-12 12:58:00,0,0,0,0,0
2022-12-12 12:59:00,0,0,0,0,0
2022-12-12 13:00:00,0,0,0,0,0
2022-12-12 13:01:00,0,0,0,0,0
2022-12-12 13:02:00,0,0,0,0,0
2022-12-12 13:03:00,0,0,0,0,0
2022-12-12 13:04:00,0,0,0,0,0
2022-12-12 13:05:00,0,0,0,0,0
2022-12-12 13:06:00,0,0,0,0,0
2022-12-12 13:07:00,0,0,0,0,0
2022-12-12 13:08:00,0,0,0,0,0
2022-12-12 13:09:00,0,0,0,0,0
2022-12-12 13:10:00,0,0,0,0,0
2022-12-12 13:11:00,0,0,0,0,0
2022-12-12 13:12:00,0,0,0,0,0
2022-12-12 13:13:00,0,0,0,0,0
2022-12-12 13:14:00,0,0,0,0,0
2022-12-12 13:15:00,0,0,0,0,0
2022-12-12 13:16:00,0,0,0,0,0
2022-12-12 13:17:00,0,0,0,0,0
2022-12-12 13:18:00,0,0,0,0,0
2022-12-12 13:19:00,0,0,0,0,0
2022-12-12 13:20:00,0,0,0,0,0
2022-12-12 13:21:00,0,0,0,0,0
2022-12-12 13:22:00,0,0,0,0,0
2022-12-12 13:23:00,0,0,0,0,0
2022-12-12 13:24:00,0,0,0,0,0
2022-12-12 13:25:00,0,0,0,0,0
2022-12-12 13:26:00,0,0,0,0,0
2022-12-12 13:27:00,0,0,0,0,0
2022-12-12 13:28:00,0,0,0,0,0
2022-12-12 13:29:00,0,0,0,0,0
2022-12-12 13:30:00,530,530,530,530,300
2022-12-12 13:31:00,0,0,0,0,0
2022-12-12 13:32:00,0,0,0,0,0
2022-12-12 13:33:00,0,0,0,0,0
2022-12-12 13:34:00,530,530,535,535,114900
2022-12-12 13:35:00,535,535,535,535,0
2022-12-12 13:36:00,0,0,0,0,0
2022-12-12 13:37:00,0,0,0,0,0
2022-12-12 13:38:00,0,0,0,0,0
2022-12-12 13:39:00,0,0,0,0,0
2022-12-12 13:40:00,0,0,0,0,0
2022-12-12 13:41:00,0,0,0,0,0
2022-12-12 13:42:00,0,0,0,0,0
2022-12-12 13:43:00,0,0,0,0,0
2022-12-12 13:44:00,0,0,0,0,0
2022-12-12 13:45:00,0,0,0,0,0
2022-12-12 13:46:00,0,0,0,0,0
2022-12-12 13:47:00,0,0,0,0,0
2022-12-12 13:48:00,0,0,0,0,0
2022-12-12 13:49:00,0,0,0,0,0
2022-12-12 13:50:00,0,0,0,0,0
2022-12-12 13:51:00,0,0,0,0,0
2022-12-12 13:52:00,0,0,0,0,0
2022-12-12 13:53:00,0,0,0,0,0
2022-12-12 13:54:00,0,0,0,0,0
2022-12-12 13:55:00,0,0,0,0,0
2022-12-12 13:56:00,0,0,0,0,0
2022-12-12 13:57:00,0,0,0,0,0
2022-12-12 13:58:00,0,0,0,0,0
2022-12-12 13:59:00,0,0,0,0,0
2022-12-12 14:00:00,0,0,0,0,0
2022-12-12 14:01:00,0,0,0,0,0
2022-12-12 14:02:00,0,0,0,0,0
2022-12-12 14:03:00,535,535,535,535,1000
2022-12-12 14:04:00,0,0,0,0,0
2022-12-12 14:05:00,0,0,0,0,0
2022-12-12 14:06:00,0,0,0,0,0
2022-12-12 14:07:00,535,535,535,535,300
2022-12-12 14:08:00,0,0,0,0,0
2022-12-12 14:09:00,0,0,0,0,0
2022-12-12 14:10:00,0,0,0,0,0
2022-12-12 14:11:00,0,0,0,0,0
2022-12-12 14:12:00,0,0,0,0,0
2022-12-12 14:13:00,0,0,0,0,0
2022-12-12 14:14:00,535,530,535,535,1500
2022-12-12 14:15:00,0,0,0,0,0
2022-12-12 14:16:00,0,0,0,0,0
2022-12-12 14:17:00,0,0,0,0,0
2022-12-12 14:18:00,535,535,535,535,600
2022-12-12 14:19:00,0,0,0,0,0
2022-12-12 14:20:00,535,535,535,535,700
2022-12-12 14:21:00,0,0,0,0,0
2022-12-12 14:22:00,0,0,0,0,0
2022-12-12 14:23:00,535,535,535,535,0
2022-12-12 14:24:00,0,0,0,0,0
2022-12-12 14:25:00,0,0,0,0,0
2022-12-12 14:26:00,535,535,535,535,1400
2022-12-12 14:27:00,530,530,530,530,1500
2022-12-12 14:28:00,530,530,530,530,6200
2022-12-12 14:29:00,530,530,535,535,2600
2022-12-12 14:30:00,0,0,0,0,0
2022-12-12 14:31:00,535,535,535,535,900
2022-12-12 14:32:00,0,0,0,0,0
2022-12-12 14:33:00,0,0,0,0,0
2022-12-12 14:34:00,0,0,0,0,0
2022-12-12 14:35:00,0,0,0,0,0
2022-12-12 14:36:00,0,0,0,0,0
2022-12-12 14:37:00,535,535,535,535,0
2022-12-12 14:38:00,0,0,0,0,0
2022-12-12 14:39:00,0,0,0,0,0
2022-12-12 14:40:00,0,0,0,0,0
2022-12-12 14:41:00,0,0,0,0,0
2022-12-12 14:42:00,0,0,0,0,0
2022-12-12 14:43:00,0,0,0,0,0
2022-12-12 14:44:00,535,535,535,535,1600
2022-12-12 14:45:00,535,535,535,535,200
2022-12-12 14:46:00,0,0,0,0,0
2022-12-12 14:47:00,535,535,535,535,1700
2022-12-12 14:48:00,535,535,535,535,400
2022-12-12 14:49:00,535,535,535,535,600
2022-12-12 14:50:00,0,0,0,0,0
2022-12-12 14:51:00,0,0,0,0,0
2022-12-12 14:52:00,0,0,0,0,0
2022-12-12 14:53:00,0,0,0,0,0
2022-12-12 14:54:00,0,0,0,0,0
2022-12-12 14:55:00,0,0,0,0,0
2022-12-12 14:56:00,0,0,0,0,0
2022-12-12 14:57:00,0,0,0,0,0
2022-12-12 14:58:00,0,0,0,0,0
2022-12-12 14:59:00,0,0,0,0,0
2022-12-12 15:00:00,535,535,535,535,580500
2022-12-12 15:01:00,0,0,0,0,0
2022-12-12 15:02:00,0,0,0,0,0
2022-12-12 15:03:00,0,0,0,0,0
2022-12-12 15:04:00,0,0,0,0,0
2022-12-12 15:05:00,0,0,0,0,0
2022-12-12 15:06:00,0,0,0,0,0
2022-12-12 15:07:00,0,0,0,0,0
2022-12-12 15:08:00,0,0,0,0,0
2022-12-12 15:09:00,0,0,0,0,0
2022-12-12 15:10:00,0,0,0,0,0
2022-12-12 15:11:00,0,0,0,0,0
2022-12-12 15:12:00,0,0,0,0,0
2022-12-12 15:13:00,0,0,0,0,0
2022-12-12 15:14:00,0,0,0,0,0
2022-12-12 15:15:00,0,0,0,0,0
2022-12-12 15:16:00,0,0,0,0,0
2022-12-12 15:17:00,0,0,0,0,0
2022-12-12 15:18:00,0,0,0,0,0
2022-12-12 15:19:00,0,0,0,0,0
2022-12-12 15:20:00,0,0,0,0,0
2022-12-12 15:21:00,0,0,0,0,0
2022-12-12 15:22:00,0,0,0,0,0
2022-12-12 15:23:00,0,0,0,0,0
2022-12-12 15:24:00,0,0,0,0,0
2022-12-12 15:25:00,0,0,0,0,0
2022-12-12 15:26:00,0,0,0,0,0
2022-12-12 15:27:00,0,0,0,0,0
2022-12-12 15:28:00,0,0,0,0,0
2022-12-12 15:29:00,0,0,0,0,0
2022-12-12 15:30:00,0,0,0,0,0
2022-12-12 15:31:00,0,0,0,0,0
2022-12-12 15:32:00,0,0,0,0,0
2022-12-12 15:33:00,0,0,0,0,0
2022-12-12 15:34:00,0,0,0,0,0
2022-12-12 15:35:00,0,0,0,0,0
2022-12-12 15:36:00,0,0,0,0,0
2022-12-12 15:37:00,0,0,0,0,0
2022-12-12 15:38:00,0,0,0,0,0
2022-12-12 15:39:00,0,0,0,0,0
2022-12-12 15:40:00,0,0,0,0,0
2022-12-12 15:41:00,0,0,0,0,0
2022-12-12 15:42:00,0,0,0,0,0
2022-12-12 15:43:00,0,0,0,0,0
2022-12-12 15:44:00,0,0,0,0,0
2022-12-12 15:45:00,0,0,0,0,0
2022-12-12 15:46:00,0,0,0,0,0
2022-12-12 15:47:00,0,0,0,0,0
2022-12-12 15:48:00,0,0,0,0,0
2022-12-12 15:49:00,0,0,0,0,0
2022-12-12 15:50:00,0,0,0,0,0
2022-12-12 15:51:00,0,0,0,0,0
2022-12-12 15:52:00,0,0,0,0,0
2022-12-12 15:53:00,0,0,0,0,0
2022-12-12 15:54:00,0,0,0,0,0
2022-12-12 15:55:00,0,0,0,0,0
2022-12-12 15:56:00,0,0,0,0,0
2022-12-12 15:57:00,0,0,0,0,0
2022-12-12 15:58:00,0,0,0,0,0
2022-12-12 15:59:00,0,0,0,0,0
2022-12-13 09:00:00,0,0,0,0,0
2022-12-13 09:01:00,0,0,0,0,0
2022-12-13 09:02:00,530,530,530,530,0
2022-12-13 09:03:00,535,535,535,535,600
2022-12-13 09:04:00,0,0,0,0,0
2022-12-13 09:05:00,535,535,540,540,64000
2022-12-13 09:06:00,0,0,0,0,0
2022-12-13 09:07:00,540,540,540,540,0
2022-12-13 09:08:00,0,0,0,0,0
2022-12-13 09:09:00,0,0,0,0,0
2022-12-13 09:10:00,0,0,0,0,0
2022-12-13 09:11:00,0,0,0,0,0
2022-12-13 09:12:00,0,0,0,0,0
2022-12-13 09:13:00,0,0,0,0,0
2022-12-13 09:14:00,0,0,0,0,0
2022-12-13 09:15:00,0,0,0,0,0
2022-12-13 09:16:00,0,0,0,0,0
2022-12-13 09:17:00,540,540,540,540,142500
2022-12-13 09:18:00,540,540,540,540,102600
2022-12-13 09:19:00,540,540,545,545,100100
2022-12-13 09:20:00,0,0,0,0,0
2022-12-13 09:21:00,0,0,0,0,0
2022-12-13 09:22:00,0,0,0,0,0
2022-12-13 09:23:00,545,545,545,545,1900
2022-12-13 09:24:00,0,0,0,0,0
2022-12-13 09:25:00,545,545,545,545,114600
2022-12-13 09:26:00,540,540,540,540,400
2022-12-13 09:27:00,545,545,545,545,800
2022-12-13 09:28:00,0,0,0,0,0
2022-12-13 09:29:00,0,0,0,0,0
2022-12-13 09:30:00,0,0,0,0,0
2022-12-13 09:31:00,0,0,0,0,0
2022-12-13 09:32:00,0,0,0,0,0
2022-12-13 09:33:00,540,540,540,540,1200
2022-12-13 09:34:00,0,0,0,0,0
2022-12-13 09:35:00,0,0,0,0,0
2022-12-13 09:36:00,0,0,0,0,0
2022-12-13 09:37:00,0,0,0,0,0
2022-12-13 09:38:00,535,535,535,535,1700
2022-12-13 09:39:00,535,535,540,540,700
2022-12-13 09:40:00,0,0,0,0,0
2022-12-13 09:41:00,0,0,0,0,0
2022-12-13 09:42:00,535,535,535,535,2700
2022-12-13 09:43:00,0,0,0,0,0
2022-12-13 09:44:00,0,0,0,0,0
2022-12-13 09:45:00,540,540,540,540,100
2022-12-13 09:46:00,0,0,0,0,0
2022-12-13 09:47:00,0,0,0,0,0
2022-12-13 09:48:00,0,0,0,0,0
2022-12-13 09:49:00,535,535,535,535,0
2022-12-13 09:50:00,540,540,540,540,500
2022-12-13 09:51:00,0,0,0,0,0
2022-12-13 09:52:00,0,0,0,0,0
2022-12-13 09:53:00,0,0,0,0,0
2022-12-13 09:54:00,0,0,0,0,0
2022-12-13 09:55:00,0,0,0,0,0
2022-12-13 09:56:00,0,0,0,0,0
2022-12-13 09:57:00,0,0,0,0,0
2022-12-13 09:58:00,0,0,0,0,0
2022-12-13 09:59:00,540,540,540,540,400
2022-12-13 10:00:00,0,0,0,0,0
2022-12-13 10:01:00,0,0,0,0,0
2022-12-13 10:02:00,0,0,0,0,0
2022-12-13 10:03:00,0,0,0,0,0
2022-12-13 10:04:00,0,0,0,0,0
2022-12-13 10:05:00,0,0,0,0,0
2022-12-13 10:06:00,0,0,0,0,0
2022-12-13 10:07:00,0,0,0,0,0
2022-12-13 10:08:00,0,0,0,0,0
2022-12-13 10:09:00,0,0,0,0,0
2022-12-13 10:10:00,0,0,0,0,0
2022-12-13 10:11:00,0,0,0,0,0
2022-12-13 10:12:00,0,0,0,0,0
2022-12-13 10:13:00,0,0,0,0,0
2022-12-13 10:14:00,0,0,0,0,0
2022-12-13 10:15:00,0,0,0,0,0
2022-12-13 10:16:00,0,0,0,0,0
2022-12-13 10:17:00,0,0,0,0,0
2022-12-13 10:18:00,0,0,0,0,0
2022-12-13 10:19:00,0,0,0,0,0
2022-12-13 10:20:00,0,0,0,0,0
2022-12-13 10:21:00,0,0,0,0,0
2022-12-13 10:22:00,535,535,535,535,400
2022-12-13 10:23:00,0,0,0,0,0
2022-12-13 10:24:00,540,540,540,540,600
2022-12-13 10:25:00,535,535,535,535,1500
2022-12-13 10:26:00,535,535,540,540,700
2022-12-13 10:27:00,0,0,0,0,0
2022-12-13 10:28:00,0,0,0,0,0
2022-12-13 10:29:00,540,540,540,540,0
2022-12-13 10:30:00,0,0,0,0,0
2022-12-13 10:31:00,0,0,0,0,0
2022-12-13 10:32:00,0,0,0,0,0
2022-12-13 10:33:00,0,0,0,0,0
2022-12-13 10:34:00,0,0,0,0,0
2022-12-13 10:35:00,0,0,0,0,0
2022-12-13 10:36:00,0,0,0,0,0
2022-12-13 10:37:00,0,0,0,0,0
2022-12-13 10:38:00,0,0,0,0,0
2022-12-13 10:39:00,0,0,0,0,0
2022-12-13 10:40:00,0,0,0,0,0
2022-12-13 10:41:00,0,0,0,0,0
2022-12-13 10:42:00,0,0,0,0,0
2022-12-13 10:43:00,0,0,0,0,0
2022-12-13 10:44:00,0,0,0,0,0
2022-12-13 10:45:00,0,0,0,0,0
2022-12-13 10:46:00,0,0,0,0,0
2022-12-13 10:47:00,0,0,0,0,0
2022-12-13 10:48:00,0,0,0,0,0
2022-12-13 10:49:00,0,0,0,0,0
2022-12-13 10:50:00,0,0,0,0,0
2022-12-13 10:51:00,0,0,0,0,0
2022-12-13 10:52:00,0,0,0,0,0
2022-12-13 10:53:00,0,0,0,0,0
2022-12-13 10:54:00,0,0,0,0,0
2022-12-13 10:55:00,0,0,0,0,0
2022-12-13 10:56:00,0,0,0,0,0
2022-12-13 10:57:00,0,0,0,0,0
2022-12-13 10:58:00,0,0,0,0,0
2022-12-13 10:59:00,0,0,0,0,0
2022-12-13 11:00:00,0,0,0,0,0
2022-12-13 11:01:00,0,0,0,0,0
2022-12-13 11:02:00,0,0,0,0,0
2022-12-13 11:03:00,0,0,0,0,0
2022-12-13 11:04:00,0,0,0,0,0
2022-12-13 11:05:00,0,0,0,0,0
2022-12-13 11:06:00,0,0,0,0,0
2022-12-13 11:07:00,0,0,0,0,0
2022-12-13 11:08:00,0,0,0,0,0
2022-12-13 11:09:00,0,0,0,0,0
2022-12-13 11:10:00,0,0,0,0,0
2022-12-13 11:11:00,0,0,0,0,0
2022-12-13 11:12:00,0,0,0,0,0
2022-12-13 11:13:00,0,0,0,0,0
2022-12-13 11:14:00,0,0,0,0,0
2022-12-13 11:15:00,0,0,0,0,0
2022-12-13 11:16:00,0,0,0,0,0
2022-12-13 11:17:00,0,0,0,0,0
2022-12-13 11:18:00,0,0,0,0,0
2022-12-13 11:19:00,540,540,540,540,500
2022-12-13 11:20:00,0,0,0,0,0
2022-12-13 11:21:00,0,0,0,0,0
2022-12-13 11:22:00,0,0,0,0,0
2022-12-13 11:23:00,0,0,0,0,0
2022-12-13 11:24:00,0,0,0,0,0
2022-12-13 11:25:00,0,0,0,0,0
2022-12-13 11:26:00,0,0,0,0,0
2022-12-13 11:27:00,0,0,0,0,0
2022-12-13 11:28:00,540,540,540,540,500
2022-12-13 11:29:00,0,0,0,0,0
2022-12-13 11:30:00,0,0,0,0,0
2022-12-13 11:31:00,0,0,0,0,0
2022-12-13 11:32:00,0,0,0,0,0
2022-12-13 11:33:00,0,0,0,0,0
2022-12-13 11:34:00,0,0,0,0,0
2022-12-13 11:35:00,0,0,0,0,0
2022-12-13 11:36:00,0,0,0,0,0
2022-12-13 11:37:00,0,0,0,0,0
2022-12-13 11:38:00,0,0,0,0,0
2022-12-13 11:39:00,0,0,0,0,0
2022-12-13 11:40:00,0,0,0,0,0
2022-12-13 11:41:00,0,0,0,0,0
2022-12-13 11:42:00,0,0,0,0,0
2022-12-13 11:43:00,0,0,0,0,0
2022-12-13 11:44:00,0,0,0,0,0
2022-12-13 11:45:00,0,0,0,0,0
2022-12-13 11:46:00,0,0,0,0,0
2022-12-13 11:47:00,0,0,0,0,0
2022-12-13 11:48:00,0,0,0,0,0
2022-12-13 11:49:00,0,0,0,0,0
2022-12-13 11:50:00,0,0,0,0,0
2022-12-13 11:51:00,0,0,0,0,0
2022-12-13 11:52:00,0,0,0,0,0
2022-12-13 11:53:00,0,0,0,0,0
2022-12-13 11:54:00,0,0,0,0,0
2022-12-13 11:55:00,0,0,0,0,0
2022-12-13 11:56:00,0,0,0,0,0
2022-12-13 11:57:00,0,0,0,0,0
2022-12-13 11:58:00,0,0,0,0,0
2022-12-13 11:59:00,0,0,0,0,0
2022-12-13 12:00:00,0,0,0,0,0
2022-12-13 12:01:00,0,0,0,0,0
2022-12-13 12:02:00,0,0,0,0,0
2022-12-13 12:03:00,0,0,0,0,0
2022-12-13 12:04:00,0,0,0,0,0
2022-12-13 12:05:00,0,0,0,0,0
2022-12-13 12:06:00,0,0,0,0,0
2022-12-13 12:07:00,0,0,0,0,0
2022-12-13 12:08:00,0,0,0,0,0
2022-12-13 12:09:00,0,0,0,0,0
2022-12-13 12:10:00,0,0,0,0,0
2022-12-13 12:11:00,0,0,0,0,0
2022-12-13 12:12:00,0,0,0,0,0
2022-12-13 12:13:00,0,0,0,0,0
2022-12-13 12:14:00,0,0,0,0,0
2022-12-13 12:15:00,0,0,0,0,0
2022-12-13 12:16:00,0,0,0,0,0
2022-12-13 12:17:00,0,0,0,0,0
2022-12-13 12:18:00,0,0,0,0,0
2022-12-13 12:19:00,0,0,0,0,0
2022-12-13 12:20:00,0,0,0,0,0
2022-12-13 12:21:00,0,0,0,0,0
2022-12-13 12:22:00,0,0,0,0,0
2022-12-13 12:23:00,0,0,0,0,0
2022-12-13 12:24:00,0,0,0,0,0
2022-12-13 12:25:00,0,0,0,0,0
2022-12-13 12:26:00,0,0,0,0,0
2022-12-13 12:27:00,0,0,0,0,0
2022-12-13 12:28:00,0,0,0,0,0
2022-12-13 12:29:00,0,0,0,0,0
2022-12-13 12:30:00,0,0,0,0,0
2022-12-13 12:31:00,0,0,0,0,0
2022-12-13 12:32:00,0,0,0,0,0
2022-12-13 12:33:00,0,0,0,0,0
2022-12-13 12:34:00,0,0,0,0,0
2022-12-13 12:35:00,0,0,0,0,0
2022-12-13 12:36:00,0,0,0,0,0
2022-12-13 12:37:00,0,0,0,0,0
2022-12-13 12:38:00,0,0,0,0,0
2022-12-13 12:39:00,0,0,0,0,0
2022-12-13 12:40:00,0,0,0,0,0
2022-12-13 12:41:00,0,0,0,0,0
2022-12-13 12:42:00,0,0,0,0,0
2022-12-13 12:43:00,0,0,0,0,0
2022-12-13 12:44:00,0,0,0,0,0
2022-12-13 12:45:00,0,0,0,0,0
2022-12-13 12:46:00,0,0,0,0,0
2022-12-13 12:47:00,0,0,0,0,0
2022-12-13 12:48:00,0,0,0,0,0
2022-12-13 12:49:00,0,0,0,0,0
2022-12-13 12:50:00,0,0,0,0,0
2022-12-13 12:51:00,0,0,0,0,0
2022-12-13 12:52:00,0,0,0,0,0
2022-12-13 12:53:00,0,0,0,0,0
2022-12-13 12:54:00,0,0,0,0,0
2022-12-13 12:55:00,0,0,0,0,0
2022-12-13 12:56:00,0,0,0,0,0
2022-12-13 12:57:00,0,0,0,0,0
2022-12-13 12:58:00,0,0,0,0,0
2022-12-13 12:59:00,0,0,0,0,0
2022-12-13 13:00:00,0,0,0,0,0
2022-12-13 13:01:00,0,0,0,0,0
2022-12-13 13:02:00,0,0,0,0,0
2022-12-13 13:03:00,0,0,0,0,0
2022-12-13 13:04:00,0,0,0,0,0
2022-12-13 13:05:00,0,0,0,0,0
2022-12-13 13:06:00,0,0,0,0,0
2022-12-13 13:07:00,0,0,0,0,0
2022-12-13 13:08:00,0,0,0,0,0
2022-12-13 13:09:00,0,0,0,0,0
2022-12-13 13:10:00,0,0,0,0,0
2022-12-13 13:11:00,0,0,0,0,0
2022-12-13 13:12:00,0,0,0,0,0
2022-12-13 13:13:00,0,0,0,0,0
2022-12-13 13:14:00,0,0,0,0,0
2022-12-13 13:15:00,0,0,0,0,0
2022-12-13 13:16:00,0,0,0,0,0
2022-12-13 13:17:00,0,0,0,0,0
2022-12-13 13:18:00,0,0,0,0,0
2022-12-13 13:19:00,0,0,0,0,0
2022-12-13 13:20:00,0,0,0,0,0
2022-12-13 13:21:00,0,0,0,0,0
2022-12-13 13:22:00,0,0,0,0,0
2022-12-13 13:23:00,0,0,0,0,0
2022-12-13 13:24:00,0,0,0,0,0
2022-12-13 13:25:00,0,0,0,0,0
2022-12-13 13:26:00,0,0,0,0,0
2022-12-13 13:27:00,0,0,0,0,0
2022-12-13 13:28:00,0,0,0,0,0
2022-12-13 13:29:00,0,0,0,0,0
2022-12-13 13:30:00,540,540,540,540,1000
2022-12-13 13:31:00,0,0,0,0,0
2022-12-13 13:32:00,0,0,0,0,0
2022-12-13 13:33:00,0,0,0,0,0
2022-12-13 13:34:00,0,0,0,0,0
2022-12-13 13:35:00,0,0,0,0,0
2022-12-13 13:36:00,0,0,0,0,0
2022-12-13 13:37:00,0,0,0,0,0
2022-12-13 13:38:00,0,0,0,0,0
2022-12-13 13:39:00,0,0,0,0,0
2022-12-13 13:40:00,0,0,0,0,0
2022-12-13 13:41:00,0,0,0,0,0
2022-12-13 13:42:00,0,0,0,0,0
2022-12-13 13:43:00,0,0,0,0,0
2022-12-13 13:44:00,0,0,0,0,0
2022-12-13 13:45:00,0,0,0,0,0
2022-12-13 13:46:00,0,0,0,0,0
2022-12-13 13:47:00,0,0,0,0,0
2022-12-13 13:48:00,0,0,0,0,0
2022-12-13 13:49:00,0,0,0,0,0
2022-12-13 13:50:00,0,0,0,0,0
2022-12-13 13:51:00,0,0,0,0,0
2022-12-13 13:52:00,0,0,0,0,0
2022-12-13 13:53:00,0,0,0,0,0
2022-12-13 13:54:00,0,0,0,0,0
2022-12-13 13:55:00,0,0,0,0,0
2022-12-13 13:56:00,540,540,540,540,1000
2022-12-13 13:57:00,0,0,0,0,0
2022-12-13 13:58:00,0,0,0,0,0
2022-12-13 13:59:00,540,540,540,540,0
2022-12-13 14:00:00,0,0,0,0,0
2022-12-13 14:01:00,0,0,0,0,0
2022-12-13 14:02:00,0,0,0,0,0
2022-12-13 14:03:00,0,0,0,0,0
2022-12-13 14:04:00,0,0,0,0,0
2022-12-13 14:05:00,0,0,0,0,0
2022-12-13 14:06:00,0,0,0,0,0
2022-12-13 14:07:00,0,0,0,0,0
2022-12-13 14:08:00,0,0,0,0,0
2022-12-13 14:09:00,0,0,0,0,0
2022-12-13 14:10:00,540,540,540,540,800
2022-12-13 14:11:00,0,0,0,0,0
2022-12-13 14:12:00,540,540,540,540,200
2022-12-13 14:13:00,0,0,0,0,0
2022-12-13 14:14:00,0,0,0,0,0
2022-12-13 14:15:00,0,0,0,0,0
2022-12-13 14:16:00,0,0,0,0,0
2022-12-13 14:17:00,0,0,0,0,0
2022-12-13 14:18:00,0,0,0,0,0
2022-12-13 14:19:00,0,0,0,0,0
2022-12-13 14:20:00,0,0,0,0,0
2022-12-13 14:21:00,0,0,0,0,0
2022-12-13 14:22:00,0,0,0,0,0
2022-12-13 14:23:00,0,0,0,0,0
2022-12-13 14:24:00,0,0,0,0,0
2022-12-13 14:25:00,0,0,0,0,0
2022-12-13 14:26:00,0,0,0,0,0
2022-12-13 14:27:00,0,0,0,0,0
2022-12-13 14:28:00,0,0,0,0,0
2022-12-13 14:29:00,540,540,540,540,1400
2022-12-13 14:30:00,535,535,535,535,1800
2022-12-13 14:31:00,540,540,540,540,700
2022-12-13 14:32:00,540,540,540,540,200
2022-12-13 14:33:00,0,0,0,0,0
2022-12-13 14:34:00,0,0,0,0,0
2022-12-13 14:35:00,540,540,540,540,200
2022-12-13 14:36:00,0,0,0,0,0
2022-12-13 14:37:00,0,0,0,0,0
2022-12-13 14:38:00,0,0,0,0,0
2022-12-13 14:39:00,0,0,0,0,0
2022-12-13 14:40:00,0,0,0,0,0
2022-12-13 14:41:00,0,0,0,0,0
2022-12-13 14:42:00,0,0,0,0,0
2022-12-13 14:43:00,0,0,0,0,0
2022-12-13 14:44:00,0,0,0,0,0
2022-12-13 14:45:00,540,540,540,540,1000
2022-12-13 14:46:00,535,535,535,535,2600
2022-12-13 14:47:00,540,540,540,540,700
2022-12-13 14:48:00,0,0,0,0,0
2022-12-13 14:49:00,540,540,540,540,2200
2022-12-13 14:50:00,0,0,0,0,0
2022-12-13 14:51:00,0,0,0,0,0
2022-12-13 14:52:00,0,0,0,0,0
2022-12-13 14:53:00,0,0,0,0,0
2022-12-13 14:54:00,0,0,0,0,0
2022-12-13 14:55:00,0,0,0,0,0
2022-12-13 14:56:00,0,0,0,0,0
2022-12-13 14:57:00,0,0,0,0,0
2022-12-13 14:58:00,0,0,0,0,0
2022-12-13 14:59:00,0,0,0,0,0
2022-12-13 15:00:00,540,540,540,540,641400
2022-12-13 15:01:00,0,0,0,0,0
2022-12-13 15:02:00,0,0,0,0,0
2022-12-13 15:03:00,0,0,0,0,0
2022-12-13 15:04:00,0,0,0,0,0
2022-12-13 15:05:00,0,0,0,0,0
2022-12-13 15:06:00,0,0,0,0,0
2022-12-13 15:07:00,0,0,0,0,0
2022-12-13 15:08:00,0,0,0,0,0
2022-12-13 15:09:00,0,0,0,0,0
2022-12-13 15:10:00,0,0,0,0,0
2022-12-13 15:11:00,0,0,0,0,0
2022-12-13 15:12:00,0,0,0,0,0
2022-12-13 15:13:00,0,0,0,0,0
2022-12-13 15:14:00,0,0,0,0,0
2022-12-13 15:15:00,0,0,0,0,0
2022-12-13 15:16:00,0,0,0,0,0
2022-12-13 15:17:00,0,0,0,0,0
2022-12-13 15:18:00,0,0,0,0,0
2022-12-13 15:19:00,0,0,0,0,0
2022-12-13 15:20:00,0,0,0,0,0
2022-12-13 15:21:00,0,0,0,0,0
2022-12-13 15:22:00,0,0,0,0,0
2022-12-13 15:23:00,0,0,0,0,0
2022-12-13 15:24:00,0,0,0,0,0
2022-12-13 15:25:00,0,0,0,0,0
2022-12-13 15:26:00,0,0,0,0,0
2022-12-13 15:27:00,0,0,0,0,0
2022-12-13 15:28:00,0,0,0,0,0
2022-12-13 15:29:00,0,0,0,0,0
2022-12-13 15:30:00,0,0,0,0,0
2022-12-13 15:31:00,0,0,0,0,0
2022-12-13 15:32:00,0,0,0,0,0
2022-12-13 15:33:00,0,0,0,0,0
2022-12-13 15:34:00,0,0,0,0,0
2022-12-13 15:35:00,0,0,0,0,0
2022-12-13 15:36:00,0,0,0,0,0
2022-12-13 15:37:00,0,0,0,0,0
2022-12-13 15:38:00,0,0,0,0,0
2022-12-13 15:39:00,0,0,0,0,0
2022-12-13 15:40:00,0,0,0,0,0
2022-12-13 15:41:00,0,0,0,0,0
2022-12-13 15:42:00,0,0,0,0,0
2022-12-13 15:43:00,0,0,0,0,0
2022-12-13 15:44:00,0,0,0,0,0
2022-12-13 15:45:00,0,0,0,0,0
2022-12-13 15:46:00,0,0,0,0,0
2022-12-13 15:47:00,0,0,0,0,0
2022-12-13 15:48:00,0,0,0,0,0
2022-12-13 15:49:00,0,0,0,0,0
2022-12-13 15:50:00,0,0,0,0,0
2022-12-13 15:51:00,0,0,0,0,0
2022-12-13 15:52:00,0,0,0,0,0
2022-12-13 15:53:00,0,0,0,0,0
2022-12-13 15:54:00,0,0,0,0,0
2022-12-13 15:55:00,0,0,0,0,0
2022-12-13 15:56:00,0,0,0,0,0
2022-12-13 15:57:00,0,0,0,0,0
2022-12-13 15:58:00,0,0,0,0,0
2022-12-13 15:59:00,0,0,0,0,0
2022-12-14 09:00:00,0,0,0,0,0
2022-12-14 09:01:00,0,0,0,0,0
2022-12-14 09:02:00,0,0,0,0,0
2022-12-14 09:03:00,0,0,0,0,0
2022-12-14 09:04:00,0,0,0,0,0
2022-12-14 09:05:00,0,0,0,0,0
2022-12-14 09:06:00,540,540,540,540,0
2022-12-14 09:07:00,540,540,540,540,0
2022-12-14 09:08:00,540,540,540,540,67000
2022-12-14 09:09:00,0,0,0,0,0
2022-12-14 09:10:00,540,540,545,545,108200
2022-12-14 09:11:00,540,540,540,540,0
2022-12-14 09:12:00,540,540,540,540,500
2022-12-14 09:13:00,0,0,0,0,0
2022-12-14 09:14:00,0,0,0,0,0
2022-12-14 09:15:00,540,540,545,545,1100
2022-12-14 09:16:00,540,540,540,540,2000
2022-12-14 09:17:00,545,545,545,545,0
2022-12-14 09:18:00,0,0,0,0,0
2022-12-14 09:19:00,0,0,0,0,0
2022-12-14 09:20:00,0,0,0,0,0
2022-12-14 09:21:00,0,0,0,0,0
2022-12-14 09:22:00,0,0,0,0,0
2022-12-14 09:23:00,0,0,0,0,0
2022-12-14 09:24:00,0,0,0,0,0
2022-12-14 09:25:00,0,0,0,0,0
2022-12-14 09:26:00,540,540,540,540,2500
2022-12-14 09:27:00,545,545,545,545,600
2022-12-14 09:28:00,0,0,0,0,0
2022-12-14 09:29:00,540,540,545,545,1500
2022-12-14 09:30:00,0,0,0,0,0
2022-12-14 09:31:00,0,0,0,0,0
2022-12-14 09:32:00,0,0,0,0,0
2022-12-14 09:33:00,540,540,540,540,3300
2022-12-14 09:34:00,545,545,545,545,100
2022-12-14 09:35:00,0,0,0,0,0
2022-12-14 09:36:00,0,0,0,0,0
2022-12-14 09:37:00,0,0,0,0,0
2022-12-14 09:38:00,0,0,0,0,0
2022-12-14 09:39:00,0,0,0,0,0
2022-12-14 09:40:00,0,0,0,0,0
2022-12-14 09:41:00,0,0,0,0,0
2022-12-14 09:42:00,0,0,0,0,0
2022-12-14 09:43:00,545,545,545,545,1000
2022-12-14 09:44:00,0,0,0,0,0
2022-12-14 09:45:00,0,0,0,0,0
2022-12-14 09:46:00,0,0,0,0,0
2022-12-14 09:47:00,0,0,0,0,0
2022-12-14 09:48:00,0,0,0,0,0
2022-12-14 09:49:00,0,0,0,0,0
2022-12-14 09:50:00,0,0,0,0,0
2022-12-14 09:51:00,0,0,0,0,0
2022-12-14 09:52:00,0,0,0,0,0
2022-12-14 09:53:00,0,0,0,0,0
2022-12-14 09:54:00,0,0,0,0,0
2022-12-14 09:55:00,545,545,545,545,0
2022-12-14 09:56:00,0,0,0,0,0
2022-12-14 09:57:00,0,0,0,0,0
2022-12-14 09:58:00,0,0,0,0,0
2022-12-14 09:59:00,0,0,0,0,0
2022-12-14 10:00:00,545,545,545,545,1000
2022-12-14 10:01:00,0,0,0,0,0
2022-12-14 10:02:00,0,0,0,0,0
2022-12-14 10:03:00,0,0,0,0,0
2022-12-14 10:04:00,0,0,0,0,0
2022-12-14 10:05:00,545,545,545,545,0
2022-12-14 10:06:00,0,0,0,0,0
2022-12-14 10:07:00,0,0,0,0,0
2022-12-14 10:08:00,0,0,0,0,0
2022-12-14 10:09:00,0,0,0,0,0
2022-12-14 10:10:00,0,0,0,0,0
2022-12-14 10:11:00,0,0,0,0,0
2022-12-14 10:12:00,545,545,545,545,400
2022-12-14 10:13:00,0,0,0,0,0
2022-12-14 10:14:00,0,0,0,0,0
2022-12-14 10:15:00,0,0,0,0,0
2022-12-14 10:16:00,0,0,0,0,0
2022-12-14 10:17:00,0,0,0,0,0
2022-12-14 10:18:00,0,0,0,0,0
2022-12-14 10:19:00,0,0,0,0,0
2022-12-14 10:20:00,0,0,0,0,0
2022-12-14 10:21:00,0,0,0,0,0
2022-12-14 10:22:00,0,0,0,0,0
2022-12-14 10:23:00,0,0,0,0,0
2022-12-14 10:24:00,0,0,0,0,0
2022-12-14 10:25:00,0,0,0,0,0
2022-12-14 10:26:00,545,545,545,545,1000
2022-12-14 10:27:00,0,0,0,0,0
2022-12-14 10:28:00,0,0,0,0,0
2022-12-14 10:29:00,0,0,0,0,0
2022-12-14 10:30:00,545,545,545,545,500
2022-12-14 10:31:00,0,0,0,0,0
2022-12-14 10:32:00,545,545,545,545,0
2022-12-14 10:33:00,0,0,0,0,0
2022-12-14 10:34:00,0,0,0,0,0
2022-12-14 10:35:00,0,0,0,0,0
2022-12-14 10:36:00,0,0,0,0,0
2022-12-14 10:37:00,0,0,0,0,0
2022-12-14 10:38:00,0,0,0,0,0
2022-12-14 10:39:00,0,0,0,0,0
2022-12-14 10:40:00,0,0,0,0,0
2022-12-14 10:41:00,0,0,0,0,0
2022-12-14 10:42:00,0,0,0,0,0
2022-12-14 10:43:00,0,0,0,0,0
2022-12-14 10:44:00,0,0,0,0,0
2022-12-14 10:45:00,0,0,0,0,0
2022-12-14 10:46:00,0,0,0,0,0
2022-12-14 10:47:00,0,0,0,0,0
2022-12-14 10:48:00,545,545,545,545,1200
2022-12-14 10:49:00,0,0,0,0,0
2022-12-14 10:50:00,0,0,0,0,0
2022-12-14 10:51:00,0,0,0,0,0
2022-12-14 10:52:00,0,0,0,0,0
2022-12-14 10:53:00,0,0,0,0,0
2022-12-14 10:54:00,545,545,545,545,0
2022-12-14 10:55:00,0,0,0,0,0
2022-12-14 10:56:00,0,0,0,0,0
2022-12-14 10:57:00,0,0,0,0,0
2022-12-14 10:58:00,0,0,0,0,0
2022-12-14 10:59:00,0,0,0,0,0
2022-12-14 11:00:00,0,0,0,0,0
2022-12-14 11:01:00,0,0,0,0,0
2022-12-14 11:02:00,545,545,545,545,500
2022-12-14 11:03:00,0,0,0,0,0
2022-12-14 11:04:00,0,0,0,0,0
2022-12-14 11:05:00,0,0,0,0,0
2022-12-14 11:06:00,0,0,0,0,0
2022-12-14 11:07:00,0,0,0,0,0
2022-12-14 11:08:00,0,0,0,0,0
2022-12-14 11:09:00,0,0,0,0,0
2022-12-14 11:10:00,0,0,0,0,0
2022-12-14 11:11:00,0,0,0,0,0
2022-12-14 11:12:00,0,0,0,0,0
2022-12-14 11:13:00,0,0,0,0,0
2022-12-14 11:14:00,0,0,0,0,0
2022-12-14 11:15:00,0,0,0,0,0
2022-12-14 11:16:00,545,545,545,545,1000
2022-12-14 11:17:00,0,0,0,0,0
2022-12-14 11:18:00,0,0,0,0,0
2022-12-14 11:19:00,0,0,0,0,0
2022-12-14 11:20:00,0,0,0,0,0
2022-12-14 11:21:00,0,0,0,0,0
2022-12-14 11:22:00,0,0,0,0,0
2022-12-14 11:23:00,0,0,0,0,0
2022-12-14 11:24:00,545,545,545,545,100
2022-12-14 11:25:00,0,0,0,0,0
2022-12-14 11:26:00,0,0,0,0,0
2022-12-14 11:27:00,545,545,545,545,500
2022-12-14 11:28:00,0,0,0,0,0
2022-12-14 11:29:00,0,0,0,0,0
2022-12-14 11:30:00,0,0,0,0,0
2022-12-14 11:31:00,0,0,0,0,0
2022-12-14 11:32:00,0,0,0,0,0
2022-12-14 11:33:00,0,0,0,0,0
2022-12-14 11:34:00,0,0,0,0,0
2022-12-14 11:35:00,0,0,0,0,0
2022-12-14 11:36:00,0,0,0,0,0
2022-12-14 11:37:00,0,0,0,0,0
2022-12-14 11:38:00,0,0,0,0,0
2022-12-14 11:39:00,0,0,0,0,0
2022-12-14 11:40:00,0,0,0,0,0
2022-12-14 11:41:00,0,0,0,0,0
2022-12-14 11:42:00,0,0,0,0,0
2022-12-14 11:43:00,0,0,0,0,0
2022-12-14 11:44:00,0,0,0,0,0
2022-12-14 11:45:00,0,0,0,0,0
2022-12-14 11:46:00,0,0,0,0,0
2022-12-14 11:47:00,0,0,0,0,0
2022-12-14 11:48:00,0,0,0,0,0
2022-12-14 11:49:00,0,0,0,0,0
2022-12-14 11:50:00,0,0,0,0,0
2022-12-14 11:51:00,0,0,0,0,0
2022-12-14 11:52:00,0,0,0,0,0
2022-12-14 11:53:00,0,0,0,0,0
2022-12-14 11:54:00,0,0,0,0,0
2022-12-14 11:55:00,0,0,0,0,0
2022-12-14 11:56:00,0,0,0,0,0
2022-12-14 11:57:00,0,0,0,0,0
2022-12-14 11:58:00,0,0,0,0,0
2022-12-14 11:59:00,0,0,0,0,0
2022-12-14 12:00:00,0,0,0,0,0
2022-12-14 12:01:00,0,0,0,0,0
2022-12-14 12:02:00,0,0,0,0,0
2022-12-14 12:03:00,0,0,0,0,0
2022-12-14 12:04:00,0,0,0,0,0
2022-12-14 12:05:00,0,0,0,0,0
2022-12-14 12:06:00,0,0,0,0,0
2022-12-14 12:07:00,0,0,0,0,0
2022-12-14 12:08:00,0,0,0,0,0
2022-12-14 12:09:00,0,0,0,0,0
2022-12-14 12:10:00,0,0,0,0,0
2022-12-14 12:11:00,0,0,0,0,0
2022-12-14 12:12:00,0,0,0,0,0
2022-12-14 12:13:00,0,0,0,0,0
2022-12-14 12:14:00,0,0,0,0,0
2022-12-14 12:15:00,0,0,0,0,0
2022-12-14 12:16:00,0,0,0,0,0
2022-12-14 12:17:00,0,0,0,0,0
2022-12-14 12:18:00,0,0,0,0,0
2022-12-14 12:19:00,0,0,0,0,0
2022-12-14 12:20:00,0,0,0,0,0
2022-12-14 12:21:00,0,0,0,0,0
2022-12-14 12:22:00,0,0,0,0,0
2022-12-14 12:23:00,0,0,0,0,0
2022-12-14 12:24:00,0,0,0,0,0
2022-12-14 12:25:00,0,0,0,0,0
2022-12-14 12:26:00,0,0,0,0,0
2022-12-14 12:27:00,0,0,0,0,0
2022-12-14 12:28:00,0,0,0,0,0
2022-12-14 12:29:00,0,0,0,0,0
2022-12-14 12:30:00,0,0,0,0,0
2022-12-14 12:31:00,0,0,0,0,0
2022-12-14 12:32:00,0,0,0,0,0
2022-12-14 12:33:00,0,0,0,0,0
2022-12-14 12:34:00,0,0,0,0,0
2022-12-14 12:35:00,0,0,0,0,0
2022-12-14 12:36:00,0,0,0,0,0
2022-12-14 12:37:00,0,0,0,0,0
2022-12-14 12:38:00,0,0,0,0,0
2022-12-14 12:39:00,0,0,0,0,0
2022-12-14 12:40:00,0,0,0,0,0
2022-12-14 12:41:00,0,0,0,0,0
2022-12-14 12:42:00,0,0,0,0,0
2022-12-14 12:43:00,0,0,0,0,0
2022-12-14 12:44:00,0,0,0,0,0
2022-12-14 12:45:00,0,0,0,0,0
2022-12-14 12:46:00,0,0,0,0,0
2022-12-14 12:47:00,0,0,0,0,0
2022-12-14 12:48:00,0,0,0,0,0
2022-12-14 12:49:00,0,0,0,0,0
2022-12-14 12:50:00,0,0,0,0,0
2022-12-14 12:51:00,0,0,0,0,0
2022-12-14 12:52:00,0,0,0,0,0
2022-12-14 12:53:00,0,0,0,0,0
2022-12-14 12:54:00,0,0,0,0,0
2022-12-14 12:55:00,0,0,0,0,0
2022-12-14 12:56:00,0,0,0,0,0
2022-12-14 12:57:00,0,0,0,0,0
2022-12-14 12:58:00,0,0,0,0,0
2022-12-14 12:59:00,0,0,0,0,0
2022-12-14 13:00:00,0,0,0,0,0
2022-12-14 13:01:00,0,0,0,0,0
2022-12-14 13:02:00,0,0,0,0,0
2022-12-14 13:03:00,0,0,0,0,0
2022-12-14 13:04:00,0,0,0,0,0
2022-12-14 13:05:00,0,0,0,0,0
2022-12-14 13:06:00,0,0,0,0,0
2022-12-14 13:07:00,0,0,0,0,0
2022-12-14 13:08:00,0,0,0,0,0
2022-12-14 13:09:00,0,0,0,0,0
2022-12-14 13:10:00,0,0,0,0,0
2022-12-14 13:11:00,0,0,0,0,0
2022-12-14 13:12:00,0,0,0,0,0
2022-12-14 13:13:00,0,0,0,0,0
2022-12-14 13:14:00,0,0,0,0,0
2022-12-14 13:15:00,0,0,0,0,0
2022-12-14 13:16:00,0,0,0,0,0
2022-12-14 13:17:00,0,0,0,0,0
2022-12-14 13:18:00,0,0,0,0,0
2022-12-14 13:19:00,0,0,0,0,0
2022-12-14 13:20:00,0,0,0,0,0
2022-12-14 13:21:00,0,0,0,0,0
2022-12-14 13:22:00,0,0,0,0,0
2022-12-14 13:23:00,0,0,0,0,0
2022-12-14 13:24:00,0,0,0,0,0
2022-12-14 13:25:00,0,0,0,0,0
2022-12-14 13:26:00,0,0,0,0,0
2022-12-14 13:27:00,0,0,0,0,0
2022-12-14 13:28:00,0,0,0,0,0
2022-12-14 13:29:00,0,0,0,0,0
2022-12-14 13:30:00,0,0,0,0,0
2022-12-14 13:31:00,0,0,0,0,0
2022-12-14 13:32:00,0,0,0,0,0
2022-12-14 13:33:00,0,0,0,0,0
2022-12-14 13:34:00,0,0,0,0,0
2022-12-14 13:35:00,0,0,0,0,0
2022-12-14 13:36:00,540,540,545,545,50400
2022-12-14 13:37:00,0,0,0,0,0
2022-12-14 13:38:00,0,0,0,0,0
2022-12-14 13:39:00,0,0,0,0,0
2022-12-14 13:40:00,0,0,0,0,0
2022-12-14 13:41:00,0,0,0,0,0
2022-12-14 13:42:00,0,0,0,0,0
2022-12-14 13:43:00,0,0,0,0,0
2022-12-14 13:44:00,0,0,0,0,0
2022-12-14 13:45:00,0,0,0,0,0
2022-12-14 13:46:00,0,0,0,0,0
2022-12-14 13:47:00,0,0,0,0,0
2022-12-14 13:48:00,0,0,0,0,0
2022-12-14 13:49:00,0,0,0,0,0
2022-12-14 13:50:00,0,0,0,0,0
2022-12-14 13:51:00,0,0,0,0,0
2022-12-14 13:52:00,0,0,0,0,0
2022-12-14 13:53:00,0,0,0,0,0
2022-12-14 13:54:00,0,0,0,0,0
2022-12-14 13:55:00,540,540,540,540,4000
2022-12-14 13:56:00,545,545,545,545,0
2022-12-14 13:57:00,0,0,0,0,0
2022-12-14 13:58:00,0,0,0,0,0
2022-12-14 13:59:00,0,0,0,0,0
2022-12-14 14:00:00,0,0,0,0,0
2022-12-14 14:01:00,0,0,0,0,0
2022-12-14 14:02:00,0,0,0,0,0
2022-12-14 14:03:00,0,0,0,0,0
2022-12-14 14:04:00,0,0,0,0,0
2022-12-14 14:05:00,545,545,545,545,0
2022-12-14 14:06:00,0,0,0,0,0
2022-12-14 14:07:00,0,0,0,0,0
2022-12-14 14:08:00,0,0,0,0,0
2022-12-14 14:09:00,0,0,0,0,0
2022-12-14 14:10:00,0,0,0,0,0
2022-12-14 14:11:00,0,0,0,0,0
2022-12-14 14:12:00,0,0,0,0,0
2022-12-14 14:13:00,0,0,0,0,0
2022-12-14 14:14:00,0,0,0,0,0
2022-12-14 14:15:00,0,0,0,0,0
2022-12-14 14:16:00,540,540,540,540,5000
2022-12-14 14:17:00,545,545,545,545,0
2022-12-14 14:18:00,0,0,0,0,0
2022-12-14 14:19:00,0,0,0,0,0
2022-12-14 14:20:00,0,0,0,0,0
2022-12-14 14:21:00,0,0,0,0,0
2022-12-14 14:22:00,0,0,0,0,0
2022-12-14 14:23:00,0,0,0,0,0
2022-12-14 14:24:00,0,0,0,0,0
2022-12-14 14:25:00,0,0,0,0,0
2022-12-14 14:26:00,0,0,0,0,0
2022-12-14 14:27:00,0,0,0,0,0
2022-12-14 14:28:00,0,0,0,0,0
2022-12-14 14:29:00,540,540,540,540,1400
2022-12-14 14:30:00,0,0,0,0,0
2022-12-14 14:31:00,540,540,545,545,6500
2022-12-14 14:32:00,0,0,0,0,0
2022-12-14 14:33:00,0,0,0,0,0
2022-12-14 14:34:00,0,0,0,0,0
2022-12-14 14:35:00,0,0,0,0,0
2022-12-14 14:36:00,0,0,0,0,0
2022-12-14 14:37:00,0,0,0,0,0
2022-12-14 14:38:00,0,0,0,0,0
2022-12-14 14:39:00,0,0,0,0,0
2022-12-14 14:40:00,0,0,0,0,0
2022-12-14 14:41:00,0,0,0,0,0
2022-12-14 14:42:00,0,0,0,0,0
2022-12-14 14:43:00,0,0,0,0,0
2022-12-14 14:44:00,0,0,0,0,0
2022-12-14 14:45:00,545,545,545,545,1000
2022-12-14 14:46:00,545,545,545,545,300
2022-12-14 14:47:00,0,0,0,0,0
2022-12-14 14:48:00,545,545,545,545,800
2022-12-14 14:49:00,545,545,545,545,0
2022-12-14 14:50:00,0,0,0,0,0
2022-12-14 14:51:00,0,0,0,0,0
2022-12-14 14:52:00,0,0,0,0,0
2022-12-14 14:53:00,0,0,0,0,0
2022-12-14 14:54:00,0,0,0,0,0
2022-12-14 14:55:00,0,0,0,0,0
2022-12-14 14:56:00,0,0,0,0,0
2022-12-14 14:57:00,0,0,0,0,0
2022-12-14 14:58:00,0,0,0,0,0
2022-12-14 14:59:00,0,0,0,0,0
2022-12-14 15:00:00,545,545,545,545,335800
2022-12-14 15:01:00,0,0,0,0,0
2022-12-14 15:02:00,0,0,0,0,0
2022-12-14 15:03:00,0,0,0,0,0
2022-12-14 15:04:00,0,0,0,0,0
2022-12-14 15:05:00,0,0,0,0,0
2022-12-14 15:06:00,0,0,0,0,0
2022-12-14 15:07:00,0,0,0,0,0
2022-12-14 15:08:00,0,0,0,0,0
2022-12-14 15:09:00,0,0,0,0,0
2022-12-14 15:10:00,0,0,0,0,0
2022-12-14 15:11:00,0,0,0,0,0
2022-12-14 15:12:00,0,0,0,0,0
2022-12-14 15:13:00,0,0,0,0,0
2022-12-14 15:14:00,0,0,0,0,0
2022-12-14 15:15:00,0,0,0,0,0
2022-12-14 15:16:00,0,0,0,0,0
2022-12-14 15:17:00,0,0,0,0,0
2022-12-14 15:18:00,0,0,0,0,0
2022-12-14 15:19:00,0,0,0,0,0
2022-12-14 15:20:00,0,0,0,0,0
2022-12-14 15:21:00,0,0,0,0,0
2022-12-14 15:22:00,0,0,0,0,0
2022-12-14 15:23:00,0,0,0,0,0
2022-12-14 15:24:00,0,0,0,0,0
2022-12-14 15:25:00,0,0,0,0,0
2022-12-14 15:26:00,0,0,0,0,0
2022-12-14 15:27:00,0,0,0,0,0
2022-12-14 15:28:00,0,0,0,0,0
2022-12-14 15:29:00,0,0,0,0,0
2022-12-14 15:30:00,0,0,0,0,0
2022-12-14 15:31:00,0,0,0,0,0
2022-12-14 15:32:00,0,0,0,0,0
2022-12-14 15:33:00,0,0,0,0,0
2022-12-14 15:34:00,0,0,0,0,0
2022-12-14 15:35:00,0,0,0,0,0
2022-12-14 15:36:00,0,0,0,0,0
2022-12-14 15:37:00,0,0,0,0,0
2022-12-14 15:38:00,0,0,0,0,0
2022-12-14 15:39:00,0,0,0,0,0
2022-12-14 15:40:00,0,0,0,0,0
2022-12-14 15:41:00,0,0,0,0,0
2022-12-14 15:42:00,0,0,0,0,0
2022-12-14 15:43:00,0,0,0,0,0
2022-12-14 15:44:00,0,0,0,0,0
2022-12-14 15:45:00,0,0,0,0,0
2022-12-14 15:46:00,0,0,0,0,0
2022-12-14 15:47:00,0,0,0,0,0
2022-12-14 15:48:00,0,0,0,0,0
2022-12-14 15:49:00,0,0,0,0,0
2022-12-14 15:50:00,0,0,0,0,0
2022-12-14 15:51:00,0,0,0,0,0
2022-12-14 15:52:00,0,0,0,0,0
2022-12-14 15:53:00,0,0,0,0,0
2022-12-14 15:54:00,0,0,0,0,0
2022-12-14 15:55:00,0,0,0,0,0
2022-12-14 15:56:00,0,0,0,0,0
2022-12-14 15:57:00,0,0,0,0,0
2022-12-14 15:58:00,0,0,0,0,0
2022-12-14 15:59:00,0,0,0,0,0
2022-12-15 09:00:00,0,0,0,0,0
2022-12-15 09:01:00,0,0,0,0,0
2022-12-15 09:02:00,0,0,0,0,0
2022-12-15 09:03:00,0,0,0,0,0
2022-12-15 09:04:00,0,0,0,0,0
2022-12-15 09:05:00,0,0,0,0,0
2022-12-15 09:06:00,0,0,0,0,0
2022-12-15 09:07:00,0,0,0,0,0
2022-12-15 09:08:00,0,0,0,0,0
2022-12-15 09:09:00,0,0,0,0,0
2022-12-15 09:10:00,0,0,0,0,0
2022-12-15 09:11:00,0,0,0,0,0
2022-12-15 09:12:00,545,545,545,545,0
2022-12-15 09:13:00,545,545,545,545,500
2022-12-15 09:14:00,0,0,0,0,0
2022-12-15 09:15:00,0,0,0,0,0
2022-12-15 09:16:00,0,0,0,0,0
2022-12-15 09:17:00,0,0,0,0,0
2022-12-15 09:18:00,0,0,0,0,0
2022-12-15 09:19:00,0,0,0,0,0
2022-12-15 09:20:00,0,0,0,0,0
2022-12-15 09:21:00,0,0,0,0,0
2022-12-15 09:22:00,0,0,0,0,0
2022-12-15 09:23:00,0,0,0,0,0
2022-12-15 09:24:00,0,0,0,0,0
2022-12-15 09:25:00,0,0,0,0,0
2022-12-15 09:26:00,0,0,0,0,0
2022-12-15 09:27:00,0,0,0,0,0
2022-12-15 09:28:00,0,0,0,0,0
2022-12-15 09:29:00,0,0,0,0,0
2022-12-15 09:30:00,0,0,0,0,0
2022-12-15 09:31:00,0,0,0,0,0
2022-12-15 09:32:00,0,0,0,0,0
2022-12-15 09:33:00,0,0,0,0,0
2022-12-15 09:34:00,0,0,0,0,0
2022-12-15 09:35:00,0,0,0,0,0
2022-12-15 09:36:00,0,0,0,0,0
2022-12-15 09:37:00,0,0,0,0,0
2022-12-15 09:38:00,0,0,0,0,0
2022-12-15 09:39:00,0,0,0,0,0
2022-12-15 09:40:00,0,0,0,0,0
2022-12-15 09:41:00,0,0,0,0,0
2022-12-15 09:42:00,0,0,0,0,0
2022-12-15 09:43:00,0,0,0,0,0
2022-12-15 09:44:00,0,0,0,0,0
2022-12-15 09:45:00,0,0,0,0,0
2022-12-15 09:46:00,0,0,0,0,0
2022-12-15 09:47:00,0,0,0,0,0
2022-12-15 09:48:00,0,0,0,0,0
2022-12-15 09:49:00,0,0,0,0,0
2022-12-15 09:50:00,0,0,0,0,0
2022-12-15 09:51:00,0,0,0,0,0
2022-12-15 09:52:00,0,0,0,0,0
2022-12-15 09:53:00,0,0,0,0,0
2022-12-15 09:54:00,0,0,0,0,0
2022-12-15 09:55:00,0,0,0,0,0
2022-12-15 09:56:00,0,0,0,0,0
2022-12-15 09:57:00,0,0,0,0,0
2022-12-15 09:58:00,0,0,0,0,0
2022-12-15 09:59:00,0,0,0,0,0
2022-12-15 10:00:00,0,0,0,0,0
2022-12-15 10:01:00,0,0,0,0,0
2022-12-15 10:02:00,0,0,0,0,0
2022-12-15 10:03:00,0,0,0,0,0
2022-12-15 10:04:00,0,0,0,0,0
2022-12-15 10:05:00,0,0,0,0,0
2022-12-15 10:06:00,0,0,0,0,0
2022-12-15 10:07:00,0,0,0,0,0
2022-12-15 10:08:00,0,0,0,0,0
2022-12-15 10:09:00,0,0,0,0,0
2022-12-15 10:10:00,0,0,0,0,0
2022-12-15 10:11:00,0,0,0,0,0
2022-12-15 10:12:00,0,0,0,0,0
2022-12-15 10:13:00,0,0,0,0,0
2022-12-15 10:14:00,0,0,0,0,0
2022-12-15 10:15:00,0,0,0,0,0
2022-12-15 10:16:00,0,0,0,0,0
2022-12-15 10:17:00,0,0,0,0,0
2022-12-15 10:18:00,540,540,540,540,4100
2022-12-15 10:19:00,545,545,545,545,0
2022-12-15 10:20:00,0,0,0,0,0
2022-12-15 10:21:00,0,0,0,0,0
2022-12-15 10:22:00,0,0,0,0,0
2022-12-15 10:23:00,0,0,0,0,0
2022-12-15 10:24:00,0,0,0,0,0
2022-12-15 10:25:00,540,540,545,545,3200
2022-12-15 10:26:00,0,0,0,0,0
2022-12-15 10:27:00,0,0,0,0,0
2022-12-15 10:28:00,0,0,0,0,0
2022-12-15 10:29:00,0,0,0,0,0
2022-12-15 10:30:00,0,0,0,0,0
2022-12-15 10:31:00,0,0,0,0,0
2022-12-15 10:32:00,0,0,0,0,0
2022-12-15 10:33:00,0,0,0,0,0
2022-12-15 10:34:00,0,0,0,0,0
2022-12-15 10:35:00,0,0,0,0,0
2022-12-15 10:36:00,0,0,0,0,0
2022-12-15 10:37:00,0,0,0,0,0
2022-12-15 10:38:00,0,0,0,0,0
2022-12-15 10:39:00,0,0,0,0,0
2022-12-15 10:40:00,0,0,0,0,0
2022-12-15 10:41:00,0,0,0,0,0
2022-12-15 10:42:00,0,0,0,0,0
2022-12-15 10:43:00,0,0,0,0,0
2022-12-15 10:44:00,0,0,0,0,0
2022-12-15 10:45:00,0,0,0,0,0
2022-12-15 10:46:00,0,0,0,0,0
2022-12-15 10:47:00,0,0,0,0,0
2022-12-15 10:48:00,0,0,0,0,0
2022-12-15 10:49:00,0,0,0,0,0
2022-12-15 10:50:00,0,0,0,0,0
2022-12-15 10:51:00,0,0,0,0,0
2022-12-15 10:52:00,0,0,0,0,0
2022-12-15 10:53:00,0,0,0,0,0
2022-12-15 10:54:00,0,0,0,0,0
2022-12-15 10:55:00,0,0,0,0,0
2022-12-15 10:56:00,545,545,545,545,500
2022-12-15 10:57:00,0,0,0,0,0
2022-12-15 10:58:00,0,0,0,0,0
2022-12-15 10:59:00,0,0,0,0,0
2022-12-15 11:00:00,0,0,0,0,0
2022-12-15 11:01:00,0,0,0,0,0
2022-12-15 11:02:00,0,0,0,0,0
2022-12-15 11:03:00,0,0,0,0,0
2022-12-15 11:04:00,0,0,0,0,0
2022-12-15 11:05:00,0,0,0,0,0
2022-12-15 11:06:00,0,0,0,0,0
2022-12-15 11:07:00,0,0,0,0,0
2022-12-15 11:08:00,0,0,0,0,0
2022-12-15 11:09:00,0,0,0,0,0
2022-12-15 11:10:00,0,0,0,0,0
2022-12-15 11:11:00,0,0,0,0,0
2022-12-15 11:12:00,0,0,0,0,0
2022-12-15 11:13:00,0,0,0,0,0
2022-12-15 11:14:00,0,0,0,0,0
2022-12-15 11:15:00,0,0,0,0,0
2022-12-15 11:16:00,0,0,0,0,0
2022-12-15 11:17:00,545,545,545,545,500
2022-12-15 11:18:00,0,0,0,0,0
2022-12-15 11:19:00,0,0,0,0,0
2022-12-15 11:20:00,0,0,0,0,0
2022-12-15 11:21:00,0,0,0,0,0
2022-12-15 11:22:00,0,0,0,0,0
2022-12-15 11:23:00,0,0,0,0,0
2022-12-15 11:24:00,0,0,0,0,0
2022-12-15 11:25:00,0,0,0,0,0
2022-12-15 11:26:00,545,545,545,545,1200
2022-12-15 11:27:00,545,545,545,545,100
2022-12-15 11:28:00,0,0,0,0,0
2022-12-15 11:29:00,0,0,0,0,0
2022-12-15 11:30:00,0,0,0,0,0
2022-12-15 11:31:00,0,0,0,0,0
2022-12-15 11:32:00,0,0,0,0,0
2022-12-15 11:33:00,0,0,0,0,0
2022-12-15 11:34:00,0,0,0,0,0
2022-12-15 11:35:00,0,0,0,0,0
2022-12-15 11:36:00,0,0,0,0,0
2022-12-15 11:37:00,0,0,0,0,0
2022-12-15 11:38:00,0,0,0,0,0
2022-12-15 11:39:00,0,0,0,0,0
2022-12-15 11:40:00,0,0,0,0,0
2022-12-15 11:41:00,0,0,0,0,0
2022-12-15 11:42:00,0,0,0,0,0
2022-12-15 11:43:00,0,0,0,0,0
2022-12-15 11:44:00,0,0,0,0,0
2022-12-15 11:45:00,0,0,0,0,0
2022-12-15 11:46:00,0,0,0,0,0
2022-12-15 11:47:00,0,0,0,0,0
2022-12-15 11:48:00,0,0,0,0,0
2022-12-15 11:49:00,0,0,0,0,0
2022-12-15 11:50:00,0,0,0,0,0
2022-12-15 11:51:00,0,0,0,0,0
2022-12-15 11:52:00,0,0,0,0,0
2022-12-15 11:53:00,0,0,0,0,0
2022-12-15 11:54:00,0,0,0,0,0
2022-12-15 11:55:00,0,0,0,0,0
2022-12-15 11:56:00,0,0,0,0,0
2022-12-15 11:57:00,0,0,0,0,0
2022-12-15 11:58:00,0,0,0,0,0
2022-12-15 11:59:00,0,0,0,0,0
2022-12-15 12:00:00,0,0,0,0,0
2022-12-15 12:01:00,0,0,0,0,0
2022-12-15 12:02:00,0,0,0,0,0
2022-12-15 12:03:00,0,0,0,0,0
2022-12-15 12:04:00,0,0,0,0,0
2022-12-15 12:05:00,0,0,0,0,0
2022-12-15 12:06:00,0,0,0,0,0
2022-12-15 12:07:00,0,0,0,0,0
2022-12-15 12:08:00,0,0,0,0,0
2022-12-15 12:09:00,0,0,0,0,0
2022-12-15 12:10:00,0,0,0,0,0
2022-12-15 12:11:00,0,0,0,0,0
2022-12-15 12:12:00,0,0,0,0,0
2022-12-15 12:13:00,0,0,0,0,0
2022-12-15 12:14:00,0,0,0,0,0
2022-12-15 12:15:00,0,0,0,0,0
2022-12-15 12:16:00,0,0,0,0,0
2022-12-15 12:17:00,0,0,0,0,0
2022-12-15 12:18:00,0,0,0,0,0
2022-12-15 12:19:00,0,0,0,0,0
2022-12-15 12:20:00,0,0,0,0,0
2022-12-15 12:21:00,0,0,0,0,0
2022-12-15 12:22:00,0,0,0,0,0
2022-12-15 12:23:00,0,0,0,0,0
2022-12-15 12:24:00,0,0,0,0,0
2022-12-15 12:25:00,0,0,0,0,0
2022-12-15 12:26:00,0,0,0,0,0
2022-12-15 12:27:00,0,0,0,0,0
2022-12-15 12:28:00,0,0,0,0,0
2022-12-15 12:29:00,0,0,0,0,0
2022-12-15 12:30:00,0,0,0,0,0
2022-12-15 12:31:00,0,0,0,0,0
2022-12-15 12:32:00,0,0,0,0,0
2022-12-15 12:33:00,0,0,0,0,0
2022-12-15 12:34:00,0,0,0,0,0
2022-12-15 12:35:00,0,0,0,0,0
2022-12-15 12:36:00,0,0,0,0,0
2022-12-15 12:37:00,0,0,0,0,0
2022-12-15 12:38:00,0,0,0,0,0
2022-12-15 12:39:00,0,0,0,0,0
2022-12-15 12:40:00,0,0,0,0,0
2022-12-15 12:41:00,0,0,0,0,0
2022-12-15 12:42:00,0,0,0,0,0
2022-12-15 12:43:00,0,0,0,0,0
2022-12-15 12:44:00,0,0,0,0,0
2022-12-15 12:45:00,0,0,0,0,0
2022-12-15 12:46:00,0,0,0,0,0
2022-12-15 12:47:00,0,0,0,0,0
2022-12-15 12:48:00,0,0,0,0,0
2022-12-15 12:49:00,0,0,0,0,0
2022-12-15 12:50:00,0,0,0,0,0
2022-12-15 12:51:00,0,0,0,0,0
2022-12-15 12:52:00,0,0,0,0,0
2022-12-15 12:53:00,0,0,0,0,0
2022-12-15 12:54:00,0,0,0,0,0
2022-12-15 12:55:00,0,0,0,0,0
2022-12-15 12:56:00,0,0,0,0,0
2022-12-15 12:57:00,0,0,0,0,0
2022-12-15 12:58:00,0,0,0,0,0
2022-12-15 12:59:00,0,0,0,0,0
2022-12-15 13:00:00,0,0,0,0,0
2022-12-15 13:01:00,0,0,0,0,0
2022-12-15 13:02:00,0,0,0,0,0
2022-12-15 13:03:00,0,0,0,0,0
2022-12-15 13:04:00,0,0,0,0,0
2022-12-15 13:05:00,0,0,0,0,0
2022-12-15 13:06:00,0,0,0,0,0
2022-12-15 13:07:00,0,0,0,0,0
2022-12-15 13:08:00,0,0,0,0,0
2022-12-15 13:09:00,0,0,0,0,0
2022-12-15 13:10:00,0,0,0,0,0
2022-12-15 13:11:00,0,0,0,0,0
2022-12-15 13:12:00,0,0,0,0,0
2022-12-15 13:13:00,0,0,0,0,0
2022-12-15 13:14:00,0,0,0,0,0
2022-12-15 13:15:00,0,0,0,0,0
2022-12-15 13:16:00,0,0,0,0,0
2022-12-15 13:17:00,0,0,0,0,0
2022-12-15 13:18:00,0,0,0,0,0
2022-12-15 13:19:00,0,0,0,0,0
2022-12-15 13:20:00,0,0,0,0,0
2022-12-15 13:21:00,0,0,0,0,0
2022-12-15 13:22:00,0,0,0,0,0
2022-12-15 13:23:00,0,0,0,0,0
2022-12-15 13:24:00,0,0,0,0,0
2022-12-15 13:25:00,0,0,0,0,0
2022-12-15 13:26:00,0,0,0,0,0
2022-12-15 13:27:00,0,0,0,0,0
2022-12-15 13:28:00,0,0,0,0,0
2022-12-15 13:29:00,0,0,0,0,0
2022-12-15 13:30:00,0,0,0,0,0
2022-12-15 13:31:00,0,0,0,0,0
2022-12-15 13:32:00,540,540,545,545,3000
2022-12-15 13:33:00,0,0,0,0,0
2022-12-15 13:34:00,545,545,545,545,0
2022-12-15 13:35:00,0,0,0,0,0
2022-12-15 13:36:00,0,0,0,0,0
2022-12-15 13:37:00,0,0,0,0,0
2022-12-15 13:38:00,0,0,0,0,0
2022-12-15 13:39:00,0,0,0,0,0
2022-12-15 13:40:00,0,0,0,0,0
2022-12-15 13:41:00,0,0,0,0,0
2022-12-15 13:42:00,0,0,0,0,0
2022-12-15 13:43:00,0,0,0,0,0
2022-12-15 13:44:00,0,0,0,0,0
2022-12-15 13:45:00,0,0,0,0,0
2022-12-15 13:46:00,0,0,0,0,0
2022-12-15 13:47:00,0,0,0,0,0
2022-12-15 13:48:00,0,0,0,0,0
2022-12-15 13:49:00,0,0,0,0,0
2022-12-15 13:50:00,0,0,0,0,0
2022-12-15 13:51:00,0,0,0,0,0
2022-12-15 13:52:00,0,0,0,0,0
2022-12-15 13:53:00,0,0,0,0,0
2022-12-15 13:54:00,0,0,0,0,0
2022-12-15 13:55:00,0,0,0,0,0
2022-12-15 13:56:00,0,0,0,0,0
2022-12-15 13:57:00,0,0,0,0,0
2022-12-15 13:58:00,0,0,0,0,0
2022-12-15 13:59:00,0,0,0,0,0
2022-12-15 14:00:00,0,0,0,0,0
2022-12-15 14:01:00,0,0,0,0,0
2022-12-15 14:02:00,0,0,0,0,0
2022-12-15 14:03:00,0,0,0,0,0
2022-12-15 14:04:00,0,0,0,0,0
2022-12-15 14:05:00,0,0,0,0,0
2022-12-15 14:06:00,0,0,0,0,0
2022-12-15 14:07:00,0,0,0,0,0
2022-12-15 14:08:00,0,0,0,0,0
2022-12-15 14:09:00,0,0,0,0,0
2022-12-15 14:10:00,0,0,0,0,0
2022-12-15 14:11:00,0,0,0,0,0
2022-12-15 14:12:00,0,0,0,0,0
2022-12-15 14:13:00,0,0,0,0,0
2022-12-15 14:14:00,0,0,0,0,0
2022-12-15 14:15:00,0,0,0,0,0
2022-12-15 14:16:00,545,545,545,545,500
2022-12-15 14:17:00,0,0,0,0,0
2022-12-15 14:18:00,0,0,0,0,0
2022-12-15 14:19:00,0,0,0,0,0
2022-12-15 14:20:00,0,0,0,0,0
2022-12-15 14:21:00,0,0,0,0,0
2022-12-15 14:22:00,0,0,0,0,0
2022-12-15 14:23:00,0,0,0,0,0
2022-12-15 14:24:00,0,0,0,0,0
2022-12-15 14:25:00,0,0,0,0,0
2022-12-15 14:26:00,0,0,0,0,0
2022-12-15 14:27:00,0,0,0,0,0
2022-12-15 14:28:00,0,0,0,0,0
2022-12-15 14:29:00,0,0,0,0,0
2022-12-15 14:30:00,0,0,0,0,0
2022-12-15 14:31:00,0,0,0,0,0
2022-12-15 14:32:00,0,0,0,0,0
2022-12-15 14:33:00,0,0,0,0,0
2022-12-15 14:34:00,0,0,0,0,0
2022-12-15 14:35:00,0,0,0,0,0
2022-12-15 14:36:00,0,0,0,0,0
2022-12-15 14:37:00,0,0,0,0,0
2022-12-15 14:38:00,0,0,0,0,0
2022-12-15 14:39:00,545,545,545,545,500
2022-12-15 14:40:00,0,0,0,0,0
2022-12-15 14:41:00,0,0,0,0,0
2022-12-15 14:42:00,0,0,0,0,0
2022-12-15 14:43:00,0,0,0,0,0
2022-12-15 14:44:00,545,545,545,545,1600
2022-12-15 14:45:00,0,0,0,0,0
2022-12-15 14:46:00,545,545,545,545,600
2022-12-15 14:47:00,545,545,545,545,101900
2022-12-15 14:48:00,0,0,0,0,0
2022-12-15 14:49:00,545,545,545,545,0
2022-12-15 14:50:00,0,0,0,0,0
2022-12-15 14:51:00,0,0,0,0,0
2022-12-15 14:52:00,0,0,0,0,0
2022-12-15 14:53:00,0,0,0,0,0
2022-12-15 14:54:00,0,0,0,0,0
2022-12-15 14:55:00,0,0,0,0,0
2022-12-15 14:56:00,0,0,0,0,0
2022-12-15 14:57:00,0,0,0,0,0
2022-12-15 14:58:00,0,0,0,0,0
2022-12-15 14:59:00,0,0,0,0,0
2022-12-15 15:00:00,545,545,545,545,194200
2022-12-15 15:01:00,0,0,0,0,0
2022-12-15 15:02:00,0,0,0,0,0
2022-12-15 15:03:00,0,0,0,0,0
2022-12-15 15:04:00,0,0,0,0,0
2022-12-15 15:05:00,0,0,0,0,0
2022-12-15 15:06:00,0,0,0,0,0
2022-12-15 15:07:00,0,0,0,0,0
2022-12-15 15:08:00,0,0,0,0,0
2022-12-15 15:09:00,0,0,0,0,0
2022-12-15 15:10:00,0,0,0,0,0
2022-12-15 15:11:00,0,0,0,0,0
2022-12-15 15:12:00,0,0,0,0,0
2022-12-15 15:13:00,0,0,0,0,0
2022-12-15 15:14:00,0,0,0,0,0
2022-12-15 15:15:00,0,0,0,0,0
2022-12-15 15:16:00,0,0,0,0,0
2022-12-15 15:17:00,0,0,0,0,0
2022-12-15 15:18:00,0,0,0,0,0
2022-12-15 15:19:00,0,0,0,0,0
2022-12-15 15:20:00,0,0,0,0,0
2022-12-15 15:21:00,0,0,0,0,0
2022-12-15 15:22:00,0,0,0,0,0
2022-12-15 15:23:00,0,0,0,0,0
2022-12-15 15:24:00,0,0,0,0,0
2022-12-15 15:25:00,0,0,0,0,0
2022-12-15 15:26:00,0,0,0,0,0
2022-12-15 15:27:00,0,0,0,0,0
2022-12-15 15:28:00,0,0,0,0,0
2022-12-15 15:29:00,0,0,0,0,0
2022-12-15 15:30:00,0,0,0,0,0
2022-12-15 15:31:00,0,0,0,0,0
2022-12-15 15:32:00,0,0,0,0,0
2022-12-15 15:33:00,0,0,0,0,0
2022-12-15 15:34:00,0,0,0,0,0
2022-12-15 15:35:00,0,0,0,0,0
2022-12-15 15:36:00,0,0,0,0,0
2022-12-15 15:37:00,0,0,0,0,0
2022-12-15 15:38:00,0,0,0,0,0
2022-12-15 15:39:00,0,0,0,0,0
2022-12-15 15:40:00,0,0,0,0,0
2022-12-15 15:41:00,0,0,0,0,0
2022-12-15 15:42:00,0,0,0,0,0
2022-12-15 15:43:00,0,0,0,0,0
2022-12-15 15:44:00,0,0,0,0,0
2022-12-15 15:45:00,0,0,0,0,0
2022-12-15 15:46:00,0,0,0,0,0
2022-12-15 15:47:00,0,0,0,0,0
2022-12-15 15:48:00,0,0,0,0,0
2022-12-15 15:49:00,0,0,0,0,0
2022-12-15 15:50:00,0,0,0,0,0
2022-12-15 15:51:00,0,0,0,0,0
2022-12-15 15:52:00,0,0,0,0,0
2022-12-15 15:53:00,0,0,0,0,0
2022-12-15 15:54:00,0,0,0,0,0
2022-12-15 15:55:00,0,0,0,0,0
2022-12-15 15:56:00,0,0,0,0,0
2022-12-15 15:57:00,0,0,0,0,0
2022-12-15 15:58:00,0,0,0,0,0
2022-12-15 15:59:00,0,0,0,0,0
2022-12-16 09:00:00,0,0,0,0,0
2022-12-16 09:01:00,0,0,0,0,0
2022-12-16 09:02:00,0,0,0,0,0
2022-12-16 09:03:00,0,0,0,0,0
2022-12-16 09:04:00,0,0,0,0,0
2022-12-16 09:05:00,0,0,0,0,0
2022-12-16 09:06:00,0,0,0,0,0
2022-12-16 09:07:00,0,0,0,0,0
2022-12-16 09:08:00,545,545,545,545,0
2022-12-16 09:09:00,0,0,0,0,0
2022-12-16 09:10:00,0,0,0,0,0
2022-12-16 09:11:00,0,0,0,0,0
2022-12-16 09:12:00,0,0,0,0,0
2022-12-16 09:13:00,545,545,545,545,400
2022-12-16 09:14:00,0,0,0,0,0
2022-12-16 09:15:00,0,0,0,0,0
2022-12-16 09:16:00,0,0,0,0,0
2022-12-16 09:17:00,0,0,0,0,0
2022-12-16 09:18:00,0,0,0,0,0
2022-12-16 09:19:00,0,0,0,0,0
2022-12-16 09:20:00,0,0,0,0,0
2022-12-16 09:21:00,0,0,0,0,0
2022-12-16 09:22:00,0,0,0,0,0
2022-12-16 09:23:00,0,0,0,0,0
2022-12-16 09:24:00,0,0,0,0,0
2022-12-16 09:25:00,0,0,0,0,0
2022-12-16 09:26:00,0,0,0,0,0
2022-12-16 09:27:00,0,0,0,0,0
2022-12-16 09:28:00,0,0,0,0,0
2022-12-16 09:29:00,0,0,0,0,0
2022-12-16 09:30:00,0,0,0,0,0
2022-12-16 09:31:00,0,0,0,0,0
2022-12-16 09:32:00,0,0,0,0,0
2022-12-16 09:33:00,0,0,0,0,0
2022-12-16 09:34:00,0,0,0,0,0
2022-12-16 09:35:00,0,0,0,0,0
2022-12-16 09:36:00,0,0,0,0,0
2022-12-16 09:37:00,0,0,0,0,0
2022-12-16 09:38:00,0,0,0,0,0
2022-12-16 09:39:00,0,0,0,0,0
2022-12-16 09:40:00,0,0,0,0,0
2022-12-16 09:41:00,0,0,0,0,0
2022-12-16 09:42:00,0,0,0,0,0
2022-12-16 09:43:00,0,0,0,0,0
2022-12-16 09:44:00,0,0,0,0,0
2022-12-16 09:45:00,0,0,0,0,0
2022-12-16 09:46:00,0,0,0,0,0
2022-12-16 09:47:00,0,0,0,0,0
2022-12-16 09:48:00,0,0,0,0,0
2022-12-16 09:49:00,0,0,0,0,0
2022-12-16 09:50:00,0,0,0,0,0
2022-12-16 09:51:00,0,0,0,0,0
2022-12-16 09:52:00,0,0,0,0,0
2022-12-16 09:53:00,0,0,0,0,0
2022-12-16 09:54:00,0,0,0,0,0
2022-12-16 09:55:00,0,0,0,0,0
2022-12-16 09:56:00,0,0,0,0,0
2022-12-16 09:57:00,545,545,545,545,500
2022-12-16 09:58:00,0,0,0,0,0
2022-12-16 09:59:00,0,0,0,0,0
2022-12-16 10:00:00,0,0,0,0,0
2022-12-16 10:01:00,0,0,0,0,0
2022-12-16 10:02:00,0,0,0,0,0
2022-12-16 10:03:00,0,0,0,0,0
2022-12-16 10:04:00,0,0,0,0,0
2022-12-16 10:05:00,0,0,0,0,0
2022-12-16 10:06:00,0,0,0,0,0
2022-12-16 10:07:00,0,0,0,0,0
2022-12-16 10:08:00,0,0,0,0,0
2022-12-16 10:09:00,0,0,0,0,0
2022-12-16 10:10:00,0,0,0,0,0
2022-12-16 10:11:00,0,0,0,0,0
2022-12-16 10:12:00,0,0,0,0,0
2022-12-16 10:13:00,0,0,0,0,0
2022-12-16 10:14:00,0,0,0,0,0
2022-12-16 10:15:00,0,0,0,0,0
2022-12-16 10:16:00,0,0,0,0,0
2022-12-16 10:17:00,0,0,0,0,0
2022-12-16 10:18:00,0,0,0,0,0
2022-12-16 10:19:00,0,0,0,0,0
2022-12-16 10:20:00,0,0,0,0,0
2022-12-16 10:21:00,0,0,0,0,0
2022-12-16 10:22:00,0,0,0,0,0
2022-12-16 10:23:00,0,0,0,0,0
2022-12-16 10:24:00,0,0,0,0,0
2022-12-16 10:25:00,0,0,0,0,0
2022-12-16 10:26:00,0,0,0,0,0
2022-12-16 10:27:00,0,0,0,0,0
2022-12-16 10:28:00,0,0,0,0,0
2022-12-16 10:29:00,0,0,0,0,0
2022-12-16 10:30:00,0,0,0,0,0
2022-12-16 10:31:00,0,0,0,0,0
2022-12-16 10:32:00,0,0,0,0,0
2022-12-16 10:33:00,0,0,0,0,0
2022-12-16 10:34:00,0,0,0,0,0
2022-12-16 10:35:00,0,0,0,0,0
2022-12-16 10:36:00,0,0,0,0,0
2022-12-16 10:37:00,0,0,0,0,0
2022-12-16 10:38:00,0,0,0,0,0
2022-12-16 10:39:00,0,0,0,0,0
2022-12-16 10:40:00,0,0,0,0,0
2022-12-16 10:41:00,0,0,0,0,0
2022-12-16 10:42:00,0,0,0,0,0
2022-12-16 10:43:00,0,0,0,0,0
2022-12-16 10:44:00,0,0,0,0,0
2022-12-16 10:45:00,0,0,0,0,0
2022-12-16 10:46:00,0,0,0,0,0
2022-12-16 10:47:00,545,545,545,545,700
2022-12-16 10:48:00,0,0,0,0,0
2022-12-16 10:49:00,0,0,0,0,0
2022-12-16 10:50:00,0,0,0,0,0
2022-12-16 10:51:00,0,0,0,0,0
2022-12-16 10:52:00,0,0,0,0,0
2022-12-16 10:53:00,0,0,0,0,0
2022-12-16 10:54:00,0,0,0,0,0
2022-12-16 10:55:00,0,0,0,0,0
2022-12-16 10:56:00,0,0,0,0,0
2022-12-16 10:57:00,0,0,0,0,0
2022-12-16 10:58:00,0,0,0,0,0
2022-12-16 10:59:00,0,0,0,0,0
2022-12-16 11:00:00,0,0,0,0,0
2022-12-16 11:01:00,545,545,545,545,1200
2022-12-16 11:02:00,0,0,0,0,0
2022-12-16 11:03:00,0,0,0,0,0
2022-12-16 11:04:00,0,0,0,0,0
2022-12-16 11:05:00,0,0,0,0,0
2022-12-16 11:06:00,0,0,0,0,0
2022-12-16 11:07:00,0,0,0,0,0
2022-12-16 11:08:00,0,0,0,0,0
2022-12-16 11:09:00,0,0,0,0,0
2022-12-16 11:10:00,0,0,0,0,0
2022-12-16 11:11:00,540,540,540,540,2500
2022-12-16 11:12:00,0,0,0,0,0
2022-12-16 11:13:00,0,0,0,0,0
2022-12-16 11:14:00,540,540,540,540,1600
2022-12-16 11:15:00,0,0,0,0,0
2022-12-16 11:16:00,540,540,540,540,700
2022-12-16 11:17:00,0,0,0,0,0
2022-12-16 11:18:00,0,0,0,0,0
2022-12-16 11:19:00,540,540,540,540,4500
2022-12-16 11:20:00,540,540,540,540,0
2022-12-16 11:21:00,0,0,0,0,0
2022-12-16 11:22:00,0,0,0,0,0
2022-12-16 11:23:00,0,0,0,0,0
2022-12-16 11:24:00,540,540,540,540,2300
2022-12-16 11:25:00,0,0,0,0,0
2022-12-16 11:26:00,0,0,0,0,0
2022-12-16 11:27:00,540,540,540,540,200
2022-12-16 11:28:00,0,0,0,0,0
2022-12-16 11:29:00,540,540,540,540,3300
2022-12-16 11:30:00,0,0,0,0,0
2022-12-16 11:31:00,0,0,0,0,0
2022-12-16 11:32:00,0,0,0,0,0
2022-12-16 11:33:00,0,0,0,0,0
2022-12-16 11:34:00,0,0,0,0,0
2022-12-16 11:35:00,0,0,0,0,0
2022-12-16 11:36:00,0,0,0,0,0
2022-12-16 11:37:00,0,0,0,0,0
2022-12-16 11:38:00,0,0,0,0,0
2022-12-16 11:39:00,0,0,0,0,0
2022-12-16 11:40:00,0,0,0,0,0
2022-12-16 11:41:00,0,0,0,0,0
2022-12-16 11:42:00,0,0,0,0,0
2022-12-16 11:43:00,0,0,0,0,0
2022-12-16 11:44:00,0,0,0,0,0
2022-12-16 11:45:00,0,0,0,0,0
2022-12-16 11:46:00,0,0,0,0,0
2022-12-16 11:47:00,0,0,0,0,0
2022-12-16 11:48:00,0,0,0,0,0
2022-12-16 11:49:00,0,0,0,0,0
2022-12-16 11:50:00,0,0,0,0,0
2022-12-16 11:51:00,0,0,0,0,0
2022-12-16 11:52:00,0,0,0,0,0
2022-12-16 11:53:00,0,0,0,0,0
2022-12-16 11:54:00,0,0,0,0,0
2022-12-16 11:55:00,0,0,0,0,0
2022-12-16 11:56:00,0,0,0,0,0
2022-12-16 11:57:00,0,0,0,0,0
2022-12-16 11:58:00,0,0,0,0,0
2022-12-16 11:59:00,0,0,0,0,0
2022-12-16 12:00:00,0,0,0,0,0
2022-12-16 12:01:00,0,0,0,0,0
2022-12-16 12:02:00,0,0,0,0,0
2022-12-16 12:03:00,0,0,0,0,0
2022-12-16 12:04:00,0,0,0,0,0
2022-12-16 12:05:00,0,0,0,0,0
2022-12-16 12:06:00,0,0,0,0,0
2022-12-16 12:07:00,0,0,0,0,0
2022-12-16 12:08:00,0,0,0,0,0
2022-12-16 12:09:00,0,0,0,0,0
2022-12-16 12:10:00,0,0,0,0,0
2022-12-16 12:11:00,0,0,0,0,0
2022-12-16 12:12:00,0,0,0,0,0
2022-12-16 12:13:00,0,0,0,0,0
2022-12-16 12:14:00,0,0,0,0,0
2022-12-16 12:15:00,0,0,0,0,0
2022-12-16 12:16:00,0,0,0,0,0
2022-12-16 12:17:00,0,0,0,0,0
2022-12-16 12:18:00,0,0,0,0,0
2022-12-16 12:19:00,0,0,0,0,0
2022-12-16 12:20:00,0,0,0,0,0
2022-12-16 12:21:00,0,0,0,0,0
2022-12-16 12:22:00,0,0,0,0,0
2022-12-16 12:23:00,0,0,0,0,0
2022-12-16 12:24:00,0,0,0,0,0
2022-12-16 12:25:00,0,0,0,0,0
2022-12-16 12:26:00,0,0,0,0,0
2022-12-16 12:27:00,0,0,0,0,0
2022-12-16 12:28:00,0,0,0,0,0
2022-12-16 12:29:00,0,0,0,0,0
2022-12-16 12:30:00,0,0,0,0,0
2022-12-16 12:31:00,0,0,0,0,0
2022-12-16 12:32:00,0,0,0,0,0
2022-12-16 12:33:00,0,0,0,0,0
2022-12-16 12:34:00,0,0,0,0,0
2022-12-16 12:35:00,0,0,0,0,0
2022-12-16 12:36:00,0,0,0,0,0
2022-12-16 12:37:00,0,0,0,0,0
2022-12-16 12:38:00,0,0,0,0,0
2022-12-16 12:39:00,0,0,0,0,0
2022-12-16 12:40:00,0,0,0,0,0
2022-12-16 12:41:00,0,0,0,0,0
2022-12-16 12:42:00,0,0,0,0,0
2022-12-16 12:43:00,0,0,0,0,0
2022-12-16 12:44:00,0,0,0,0,0
2022-12-16 12:45:00,0,0,0,0,0
2022-12-16 12:46:00,0,0,0,0,0
2022-12-16 12:47:00,0,0,0,0,0
2022-12-16 12:48:00,0,0,0,0,0
2022-12-16 12:49:00,0,0,0,0,0
2022-12-16 12:50:00,0,0,0,0,0
2022-12-16 12:51:00,0,0,0,0,0
2022-12-16 12:52:00,0,0,0,0,0
2022-12-16 12:53:00,0,0,0,0,0
2022-12-16 12:54:00,0,0,0,0,0
2022-12-16 12:55:00,0,0,0,0,0
2022-12-16 12:56:00,0,0,0,0,0
2022-12-16 12:57:00,0,0,0,0,0
2022-12-16 12:58:00,0,0,0,0,0
2022-12-16 12:59:00,0,0,0,0,0
2022-12-16 13:00:00,0,0,0,0,0
2022-12-16 13:01:00,0,0,0,0,0
2022-12-16 13:02:00,0,0,0,0,0
2022-12-16 13:03:00,0,0,0,0,0
2022-12-16 13:04:00,0,0,0,0,0
2022-12-16 13:05:00,0,0,0,0,0
2022-12-16 13:06:00,0,0,0,0,0
2022-12-16 13:07:00,0,0,0,0,0
2022-12-16 13:08:00,0,0,0,0,0
2022-12-16 13:09:00,0,0,0,0,0
2022-12-16 13:10:00,0,0,0,0,0
2022-12-16 13:11:00,0,0,0,0,0
2022-12-16 13:12:00,0,0,0,0,0
2022-12-16 13:13:00,0,0,0,0,0
2022-12-16 13:14:00,0,0,0,0,0
2022-12-16 13:15:00,0,0,0,0,0
2022-12-16 13:16:00,0,0,0,0,0
2022-12-16 13:17:00,0,0,0,0,0
2022-12-16 13:18:00,0,0,0,0,0
2022-12-16 13:19:00,0,0,0,0,0
2022-12-16 13:20:00,0,0,0,0,0
2022-12-16 13:21:00,0,0,0,0,0
2022-12-16 13:22:00,0,0,0,0,0
2022-12-16 13:23:00,0,0,0,0,0
2022-12-16 13:24:00,0,0,0,0,0
2022-12-16 13:25:00,0,0,0,0,0
2022-12-16 13:26:00,0,0,0,0,0
2022-12-16 13:27:00,0,0,0,0,0
2022-12-16 13:28:00,0,0,0,0,0
2022-12-16 13:29:00,0,0,0,0,0
2022-12-16 13:30:00,540,540,540,540,7400
2022-12-16 13:31:00,0,0,0,0,0
2022-12-16 13:32:00,0,0,0,0,0
2022-12-16 13:33:00,0,0,0,0,0
2022-12-16 13:34:00,540,540,545,545,4100
2022-12-16 13:35:00,545,545,545,545,600
2022-12-16 13:36:00,0,0,0,0,0
2022-12-16 13:37:00,0,0,0,0,0
2022-12-16 13:38:00,0,0,0,0,0
2022-12-16 13:39:00,0,0,0,0,0
2022-12-16 13:40:00,0,0,0,0,0
2022-12-16 13:41:00,0,0,0,0,0
2022-12-16 13:42:00,0,0,0,0,0
2022-12-16 13:43:00,0,0,0,0,0
2022-12-16 13:44:00,0,0,0,0,0
2022-12-16 13:45:00,0,0,0,0,0
2022-12-16 13:46:00,0,0,0,0,0
2022-12-16 13:47:00,0,0,0,0,0
2022-12-16 13:48:00,0,0,0,0,0
2022-12-16 13:49:00,0,0,0,0,0
2022-12-16 13:50:00,0,0,0,0,0
2022-12-16 13:51:00,0,0,0,0,0
2022-12-16 13:52:00,545,545,545,545,500
2022-12-16 13:53:00,0,0,0,0,0
2022-12-16 13:54:00,0,0,0,0,0
2022-12-16 13:55:00,0,0,0,0,0
2022-12-16 13:56:00,0,0,0,0,0
2022-12-16 13:57:00,0,0,0,0,0
2022-12-16 13:58:00,0,0,0,0,0
2022-12-16 13:59:00,545,545,545,545,1000
2022-12-16 14:00:00,0,0,0,0,0
2022-12-16 14:01:00,0,0,0,0,0
2022-12-16 14:02:00,0,0,0,0,0
2022-12-16 14:03:00,0,0,0,0,0
2022-12-16 14:04:00,0,0,0,0,0
2022-12-16 14:05:00,0,0,0,0,0
2022-12-16 14:06:00,540,540,540,540,700
2022-12-16 14:07:00,0,0,0,0,0
2022-12-16 14:08:00,0,0,0,0,0
2022-12-16 14:09:00,0,0,0,0,0
2022-12-16 14:10:00,0,0,0,0,0
2022-12-16 14:11:00,0,0,0,0,0
2022-12-16 14:12:00,540,540,540,540,10000
2022-12-16 14:13:00,0,0,0,0,0
2022-12-16 14:14:00,0,0,0,0,0
2022-12-16 14:15:00,0,0,0,0,0
2022-12-16 14:16:00,0,0,0,0,0
2022-12-16 14:17:00,0,0,0,0,0
2022-12-16 14:18:00,0,0,0,0,0
2022-12-16 14:19:00,0,0,0,0,0
2022-12-16 14:20:00,0,0,0,0,0
2022-12-16 14:21:00,0,0,0,0,0
2022-12-16 14:22:00,0,0,0,0,0
2022-12-16 14:23:00,0,0,0,0,0
2022-12-16 14:24:00,0,0,0,0,0
2022-12-16 14:25:00,0,0,0,0,0
2022-12-16 14:26:00,0,0,0,0,0
2022-12-16 14:27:00,0,0,0,0,0
2022-12-16 14:28:00,0,0,0,0,0
2022-12-16 14:29:00,0,0,0,0,0
2022-12-16 14:30:00,0,0,0,0,0
2022-12-16 14:31:00,0,0,0,0,0
2022-12-16 14:32:00,0,0,0,0,0
2022-12-16 14:33:00,0,0,0,0,0
2022-12-16 14:34:00,0,0,0,0,0
2022-12-16 14:35:00,0,0,0,0,0
2022-12-16 14:36:00,0,0,0,0,0
2022-12-16 14:37:00,0,0,0,0,0
2022-12-16 14:38:00,0,0,0,0,0
2022-12-16 14:39:00,0,0,0,0,0
2022-12-16 14:40:00,0,0,0,0,0
2022-12-16 14:41:00,0,0,0,0,0
2022-12-16 14:42:00,540,540,540,540,1200
2022-12-16 14:43:00,0,0,0,0,0
2022-12-16 14:44:00,0,0,0,0,0
2022-12-16 14:45:00,540,540,540,540,200
2022-12-16 14:46:00,540,540,540,540,2200
2022-12-16 14:47:00,0,0,0,0,0
2022-12-16 14:48:00,540,540,540,540,800
2022-12-16 14:49:00,540,540,540,540,100
2022-12-16 14:50:00,0,0,0,0,0
2022-12-16 14:51:00,0,0,0,0,0
2022-12-16 14:52:00,0,0,0,0,0
2022-12-16 14:53:00,0,0,0,0,0
2022-12-16 14:54:00,0,0,0,0,0
2022-12-16 14:55:00,0,0,0,0,0
2022-12-16 14:56:00,0,0,0,0,0
2022-12-16 14:57:00,0,0,0,0,0
2022-12-16 14:58:00,0,0,0,0,0
2022-12-16 14:59:00,0,0,0,0,0
2022-12-16 15:00:00,540,540,540,540,56800
2022-12-16 15:01:00,540,540,540,540,120700
2022-12-16 15:02:00,0,0,0,0,0
2022-12-16 15:03:00,0,0,0,0,0
2022-12-16 15:04:00,0,0,0,0,0
2022-12-16 15:05:00,0,0,0,0,0
2022-12-16 15:06:00,0,0,0,0,0
2022-12-16 15:07:00,0,0,0,0,0
2022-12-16 15:08:00,0,0,0,0,0
2022-12-16 15:09:00,0,0,0,0,0
2022-12-16 15:10:00,0,0,0,0,0
2022-12-16 15:11:00,0,0,0,0,0
2022-12-16 15:12:00,0,0,0,0,0
2022-12-16 15:13:00,0,0,0,0,0
2022-12-16 15:14:00,0,0,0,0,0
2022-12-16 15:15:00,0,0,0,0,0
2022-12-16 15:16:00,0,0,0,0,0
2022-12-16 15:17:00,0,0,0,0,0
2022-12-16 15:18:00,0,0,0,0,0
2022-12-16 15:19:00,0,0,0,0,0
2022-12-16 15:20:00,0,0,0,0,0
2022-12-16 15:21:00,0,0,0,0,0
2022-12-16 15:22:00,0,0,0,0,0
2022-12-16 15:23:00,0,0,0,0,0
2022-12-16 15:24:00,0,0,0,0,0
2022-12-16 15:25:00,0,0,0,0,0
2022-12-16 15:26:00,0,0,0,0,0
2022-12-16 15:27:00,0,0,0,0,0
2022-12-16 15:28:00,0,0,0,0,0
2022-12-16 15:29:00,0,0,0,0,0
2022-12-16 15:30:00,0,0,0,0,0
2022-12-16 15:31:00,0,0,0,0,0
2022-12-16 15:32:00,0,0,0,0,0
2022-12-16 15:33:00,0,0,0,0,0
2022-12-16 15:34:00,0,0,0,0,0
2022-12-16 15:35:00,0,0,0,0,0
2022-12-16 15:36:00,0,0,0,0,0
2022-12-16 15:37:00,0,0,0,0,0
2022-12-16 15:38:00,0,0,0,0,0
2022-12-16 15:39:00,0,0,0,0,0
2022-12-16 15:40:00,0,0,0,0,0
2022-12-16 15:41:00,0,0,0,0,0
2022-12-16 15:42:00,0,0,0,0,0
2022-12-16 15:43:00,0,0,0,0,0
2022-12-16 15:44:00,0,0,0,0,0
2022-12-16 15:45:00,0,0,0,0,0
2022-12-16 15:46:00,0,0,0,0,0
2022-12-16 15:47:00,0,0,0,0,0
2022-12-16 15:48:00,0,0,0,0,0
2022-12-16 15:49:00,0,0,0,0,0
2022-12-16 15:50:00,0,0,0,0,0
2022-12-16 15:51:00,0,0,0,0,0
2022-12-16 15:52:00,0,0,0,0,0
2022-12-16 15:53:00,0,0,0,0,0
2022-12-16 15:54:00,0,0,0,0,0
2022-12-16 15:55:00,0,0,0,0,0
2022-12-16 15:56:00,0,0,0,0,0
2022-12-16 15:57:00,0,0,0,0,0
2022-12-16 15:58:00,0,0,0,0,0
2022-12-16 15:59:00,0,0,0,0,0
2022-12-19 09:00:00,0,0,0,0,0
2022-12-19 09:01:00,0,0,0,0,0
2022-12-19 09:02:00,0,0,0,0,0
2022-12-19 09:03:00,0,0,0,0,0
2022-12-19 09:04:00,0,0,0,0,0
2022-12-19 09:05:00,540,540,540,540,0
2022-12-19 09:06:00,0,0,0,0,0
2022-12-19 09:07:00,0,0,0,0,0
2022-12-19 09:08:00,0,0,0,0,0
2022-12-19 09:09:00,0,0,0,0,0
2022-12-19 09:10:00,0,0,0,0,0
2022-12-19 09:11:00,0,0,0,0,0
2022-12-19 09:12:00,0,0,0,0,0
2022-12-19 09:13:00,0,0,0,0,0
2022-12-19 09:14:00,0,0,0,0,0
2022-12-19 09:15:00,0,0,0,0,0
2022-12-19 09:16:00,0,0,0,0,0
2022-12-19 09:17:00,0,0,0,0,0
2022-12-19 09:18:00,540,540,540,540,500
2022-12-19 09:19:00,0,0,0,0,0
2022-12-19 09:20:00,0,0,0,0,0
2022-12-19 09:21:00,0,0,0,0,0
2022-12-19 09:22:00,0,0,0,0,0
2022-12-19 09:23:00,0,0,0,0,0
2022-12-19 09:24:00,0,0,0,0,0
2022-12-19 09:25:00,0,0,0,0,0
2022-12-19 09:26:00,0,0,0,0,0
2022-12-19 09:27:00,0,0,0,0,0
2022-12-19 09:28:00,0,0,0,0,0
2022-12-19 09:29:00,0,0,0,0,0
2022-12-19 09:30:00,0,0,0,0,0
2022-12-19 09:31:00,0,0,0,0,0
2022-12-19 09:32:00,0,0,0,0,0
2022-12-19 09:33:00,0,0,0,0,0
2022-12-19 09:34:00,0,0,0,0,0
2022-12-19 09:35:00,0,0,0,0,0
2022-12-19 09:36:00,0,0,0,0,0
2022-12-19 09:37:00,0,0,0,0,0
2022-12-19 09:38:00,0,0,0,0,0
2022-12-19 09:39:00,0,0,0,0,0
2022-12-19 09:40:00,0,0,0,0,0
2022-12-19 09:41:00,540,540,540,540,1000
2022-12-19 09:42:00,0,0,0,0,0
2022-12-19 09:43:00,0,0,0,0,0
2022-12-19 09:44:00,0,0,0,0,0
2022-12-19 09:45:00,0,0,0,0,0
2022-12-19 09:46:00,0,0,0,0,0
2022-12-19 09:47:00,0,0,0,0,0
2022-12-19 09:48:00,0,0,0,0,0
2022-12-19 09:49:00,0,0,0,0,0
2022-12-19 09:50:00,0,0,0,0,0
2022-12-19 09:51:00,0,0,0,0,0
2022-12-19 09:52:00,540,540,540,540,0
2022-12-19 09:53:00,0,0,0,0,0
2022-12-19 09:54:00,0,0,0,0,0
2022-12-19 09:55:00,0,0,0,0,0
2022-12-19 09:56:00,0,0,0,0,0
2022-12-19 09:57:00,0,0,0,0,0
2022-12-19 09:58:00,0,0,0,0,0
2022-12-19 09:59:00,0,0,0,0,0
2022-12-19 10:00:00,0,0,0,0,0
2022-12-19 10:01:00,0,0,0,0,0
2022-12-19 10:02:00,0,0,0,0,0
2022-12-19 10:03:00,0,0,0,0,0
2022-12-19 10:04:00,0,0,0,0,0
2022-12-19 10:05:00,540,540,540,540,700
2022-12-19 10:06:00,0,0,0,0,0
2022-12-19 10:07:00,0,0,0,0,0
2022-12-19 10:08:00,0,0,0,0,0
2022-12-19 10:09:00,0,0,0,0,0
2022-12-19 10:10:00,0,0,0,0,0
2022-12-19 10:11:00,0,0,0,0,0
2022-12-19 10:12:00,0,0,0,0,0
2022-12-19 10:13:00,0,0,0,0,0
2022-12-19 10:14:00,0,0,0,0,0
2022-12-19 10:15:00,540,540,540,540,1200
2022-12-19 10:16:00,0,0,0,0,0
2022-12-19 10:17:00,0,0,0,0,0
2022-12-19 10:18:00,535,535,535,535,23800
2022-12-19 10:19:00,540,540,540,540,0
2022-12-19 10:20:00,0,0,0,0,0
2022-12-19 10:21:00,0,0,0,0,0
2022-12-19 10:22:00,0,0,0,0,0
2022-12-19 10:23:00,0,0,0,0,0
2022-12-19 10:24:00,0,0,0,0,0
2022-12-19 10:25:00,535,535,540,540,2600
2022-12-19 10:26:00,535,535,535,535,10900
2022-12-19 10:27:00,535,535,535,535,0
2022-12-19 10:28:00,535,535,540,540,1500
2022-12-19 10:29:00,0,0,0,0,0
2022-12-19 10:30:00,0,0,0,0,0
2022-12-19 10:31:00,0,0,0,0,0
2022-12-19 10:32:00,0,0,0,0,0
2022-12-19 10:33:00,0,0,0,0,0
2022-12-19 10:34:00,0,0,0,0,0
2022-12-19 10:35:00,0,0,0,0,0
2022-12-19 10:36:00,0,0,0,0,0
2022-12-19 10:37:00,0,0,0,0,0
2022-12-19 10:38:00,0,0,0,0,0
2022-12-19 10:39:00,0,0,0,0,0
2022-12-19 10:40:00,0,0,0,0,0
2022-12-19 10:41:00,0,0,0,0,0
2022-12-19 10:42:00,0,0,0,0,0
2022-12-19 10:43:00,0,0,0,0,0
2022-12-19 10:44:00,0,0,0,0,0
2022-12-19 10:45:00,0,0,0,0,0
2022-12-19 10:46:00,0,0,0,0,0
2022-12-19 10:47:00,0,0,0,0,0
2022-12-19 10:48:00,0,0,0,0,0
2022-12-19 10:49:00,0,0,0,0,0
2022-12-19 10:50:00,0,0,0,0,0
2022-12-19 10:51:00,0,0,0,0,0
2022-12-19 10:52:00,0,0,0,0,0
2022-12-19 10:53:00,0,0,0,0,0
2022-12-19 10:54:00,0,0,0,0,0
2022-12-19 10:55:00,0,0,0,0,0
2022-12-19 10:56:00,0,0,0,0,0
2022-12-19 10:57:00,0,0,0,0,0
2022-12-19 10:58:00,0,0,0,0,0
2022-12-19 10:59:00,0,0,0,0,0
2022-12-19 11:00:00,0,0,0,0,0
2022-12-19 11:01:00,0,0,0,0,0
2022-12-19 11:02:00,0,0,0,0,0
2022-12-19 11:03:00,0,0,0,0,0
2022-12-19 11:04:00,0,0,0,0,0
2022-12-19 11:05:00,0,0,0,0,0
2022-12-19 11:06:00,0,0,0,0,0
2022-12-19 11:07:00,0,0,0,0,0
2022-12-19 11:08:00,0,0,0,0,0
2022-12-19 11:09:00,0,0,0,0,0
2022-12-19 11:10:00,0,0,0,0,0
2022-12-19 11:11:00,0,0,0,0,0
2022-12-19 11:12:00,0,0,0,0,0
2022-12-19 11:13:00,0,0,0,0,0
2022-12-19 11:14:00,0,0,0,0,0
2022-12-19 11:15:00,0,0,0,0,0
2022-12-19 11:16:00,0,0,0,0,0
2022-12-19 11:17:00,0,0,0,0,0
2022-12-19 11:18:00,0,0,0,0,0
2022-12-19 11:19:00,0,0,0,0,0
2022-12-19 11:20:00,0,0,0,0,0
2022-12-19 11:21:00,0,0,0,0,0
2022-12-19 11:22:00,0,0,0,0,0
2022-12-19 11:23:00,0,0,0,0,0
2022-12-19 11:24:00,540,540,540,540,700
2022-12-19 11:24:24,540,540,540,540,0
2022-12-19 11:25:00,0,0,0,0,0
2022-12-19 11:26:00,0,0,0,0,0
2022-12-19 11:27:00,0,0,0,0,0
2022-12-19 11:28:00,0,0,0,0,0
2022-12-19 11:29:00,0,0,0,0,0
2022-12-19 11:30:00,0,0,0,0,0
2022-12-19 11:31:00,0,0,0,0,0
2022-12-19 11:32:00,0,0,0,0,0
2022-12-19 11:33:00,0,0,0,0,0
2022-12-19 11:34:00,0,0,0,0,0
2022-12-19 11:35:00,0,0,0,0,0
2022-12-19 11:36:00,0,0,0,0,0
2022-12-19 11:37:00,0,0,0,0,0
2022-12-19 11:38:00,0,0,0,0,0
2022-12-19 11:39:00,0,0,0,0,0
2022-12-19 11:40:00,0,0,0,0,0
2022-12-19 11:41:00,0,0,0,0,0
2022-12-19 11:42:00,0,0,0,0,0
2022-12-19 11:43:00,0,0,0,0,0
2022-12-19 11:44:00,0,0,0,0,0
2022-12-19 11:45:00,0,0,0,0,0
2022-12-19 11:46:00,0,0,0,0,0
2022-12-19 11:47:00,0,0,0,0,0
2022-12-19 11:48:00,0,0,0,0,0
2022-12-19 11:49:00,0,0,0,0,0
2022-12-19 11:50:00,0,0,0,0,0
2022-12-19 11:51:00,0,0,0,0,0
2022-12-19 11:52:00,0,0,0,0,0
2022-12-19 11:53:00,0,0,0,0,0
2022-12-19 11:54:00,0,0,0,0,0
2022-12-19 11:55:00,0,0,0,0,0
2022-12-19 11:56:00,0,0,0,0,0
2022-12-19 11:57:00,0,0,0,0,0
2022-12-19 11:58:00,0,0,0,0,0
2022-12-19 11:59:00,0,0,0,0,0
2022-12-19 12:00:00,0,0,0,0,0
2022-12-19 12:01:00,0,0,0,0,0
2022-12-19 12:02:00,0,0,0,0,0
2022-12-19 12:03:00,0,0,0,0,0
2022-12-19 12:04:00,0,0,0,0,0
2022-12-19 12:05:00,0,0,0,0,0
2022-12-19 12:06:00,0,0,0,0,0
2022-12-19 12:07:00,0,0,0,0,0
2022-12-19 12:08:00,0,0,0,0,0
2022-12-19 12:09:00,0,0,0,0,0
2022-12-19 12:10:00,0,0,0,0,0
2022-12-19 12:11:00,0,0,0,0,0
2022-12-19 12:12:00,0,0,0,0,0
2022-12-19 12:13:00,0,0,0,0,0
2022-12-19 12:14:00,0,0,0,0,0
2022-12-19 12:15:00,0,0,0,0,0
2022-12-19 12:16:00,0,0,0,0,0
2022-12-19 12:17:00,0,0,0,0,0
2022-12-19 12:18:00,0,0,0,0,0
2022-12-19 12:19:00,0,0,0,0,0
2022-12-19 12:20:00,0,0,0,0,0
2022-12-19 12:21:00,0,0,0,0,0
2022-12-19 12:22:00,0,0,0,0,0
2022-12-19 12:23:00,0,0,0,0,0
2022-12-19 12:24:00,0,0,0,0,0
2022-12-19 12:25:00,0,0,0,0,0
2022-12-19 12:26:00,0,0,0,0,0
2022-12-19 12:27:00,0,0,0,0,0
2022-12-19 12:28:00,0,0,0,0,0
2022-12-19 12:29:00,0,0,0,0,0
2022-12-19 12:30:00,0,0,0,0,0
2022-12-19 12:31:00,0,0,0,0,0
2022-12-19 12:32:00,0,0,0,0,0
2022-12-19 12:33:00,0,0,0,0,0
2022-12-19 12:34:00,0,0,0,0,0
2022-12-19 12:35:00,0,0,0,0,0
2022-12-19 12:36:00,0,0,0,0,0
2022-12-19 12:37:00,0,0,0,0,0
2022-12-19 12:38:00,0,0,0,0,0
2022-12-19 12:39:00,0,0,0,0,0
2022-12-19 12:40:00,0,0,0,0,0
2022-12-19 12:41:00,0,0,0,0,0
2022-12-19 12:42:00,0,0,0,0,0
2022-12-19 12:43:00,0,0,0,0,0
2022-12-19 12:44:00,0,0,0,0,0
2022-12-19 12:45:00,0,0,0,0,0
2022-12-19 12:46:00,0,0,0,0,0
2022-12-19 12:47:00,0,0,0,0,0
2022-12-19 12:48:00,0,0,0,0,0
2022-12-19 12:49:00,0,0,0,0,0
2022-12-19 12:50:00,0,0,0,0,0
2022-12-19 12:51:00,0,0,0,0,0
2022-12-19 12:52:00,0,0,0,0,0
2022-12-19 12:53:00,0,0,0,0,0
2022-12-19 12:54:00,0,0,0,0,0
2022-12-19 12:55:00,0,0,0,0,0
2022-12-19 12:56:00,0,0,0,0,0
2022-12-19 12:57:00,0,0,0,0,0
2022-12-19 12:58:00,0,0,0,0,0
2022-12-19 12:59:00,0,0,0,0,0
2022-12-19 13:00:00,0,0,0,0,0
2022-12-19 13:01:00,0,0,0,0,0
2022-12-19 13:02:00,0,0,0,0,0
2022-12-19 13:03:00,0,0,0,0,0
2022-12-19 13:04:00,0,0,0,0,0
2022-12-19 13:05:00,0,0,0,0,0
2022-12-19 13:06:00,0,0,0,0,0
2022-12-19 13:07:00,0,0,0,0,0
2022-12-19 13:08:00,0,0,0,0,0
2022-12-19 13:09:00,0,0,0,0,0
2022-12-19 13:10:00,0,0,0,0,0
2022-12-19 13:11:00,0,0,0,0,0
2022-12-19 13:12:00,0,0,0,0,0
2022-12-19 13:13:00,0,0,0,0,0
2022-12-19 13:14:00,0,0,0,0,0
2022-12-19 13:15:00,0,0,0,0,0
2022-12-19 13:16:00,0,0,0,0,0
2022-12-19 13:17:00,0,0,0,0,0
2022-12-19 13:18:00,0,0,0,0,0
2022-12-19 13:19:00,0,0,0,0,0
2022-12-19 13:20:00,0,0,0,0,0
2022-12-19 13:21:00,0,0,0,0,0
2022-12-19 13:22:00,0,0,0,0,0
2022-12-19 13:23:00,0,0,0,0,0
2022-12-19 13:24:00,0,0,0,0,0
2022-12-19 13:25:00,0,0,0,0,0
2022-12-19 13:26:00,0,0,0,0,0
2022-12-19 13:27:00,0,0,0,0,0
2022-12-19 13:28:00,0,0,0,0,0
2022-12-19 13:29:00,0,0,0,0,0
2022-12-19 13:30:00,0,0,0,0,0
2022-12-19 13:31:00,0,0,0,0,0
2022-12-19 13:32:00,0,0,0,0,0
2022-12-19 13:33:00,0,0,0,0,0
2022-12-19 13:34:00,0,0,0,0,0
2022-12-19 13:35:00,535,535,535,535,1700
2022-12-19 13:36:00,540,540,540,540,200
2022-12-19 13:37:00,540,540,540,540,100
2022-12-19 13:38:00,0,0,0,0,0
2022-12-19 13:39:00,0,0,0,0,0
2022-12-19 13:40:00,0,0,0,0,0
2022-12-19 13:41:00,0,0,0,0,0
2022-12-19 13:42:00,0,0,0,0,0
2022-12-19 13:43:00,0,0,0,0,0
2022-12-19 13:44:00,0,0,0,0,0
2022-12-19 13:45:00,0,0,0,0,0
2022-12-19 13:46:00,0,0,0,0,0
2022-12-19 13:47:00,0,0,0,0,0
2022-12-19 13:48:00,0,0,0,0,0
2022-12-19 13:49:00,0,0,0,0,0
2022-12-19 13:50:00,0,0,0,0,0
2022-12-19 13:51:00,0,0,0,0,0
2022-12-19 13:52:00,0,0,0,0,0
2022-12-19 13:53:00,0,0,0,0,0
2022-12-19 13:54:00,535,535,540,540,8500
2022-12-19 13:55:00,0,0,0,0,0
2022-12-19 13:56:00,0,0,0,0,0
2022-12-19 13:57:00,0,0,0,0,0
2022-12-19 13:58:00,0,0,0,0,0
2022-12-19 13:59:00,0,0,0,0,0
2022-12-19 14:00:00,0,0,0,0,0
2022-12-19 14:01:00,0,0,0,0,0
2022-12-19 14:02:00,535,535,535,535,200
2022-12-19 14:03:00,0,0,0,0,0
2022-12-19 14:04:00,540,535,540,535,800
2022-12-19 14:05:00,540,535,540,535,900
2022-12-19 14:06:00,540,535,540,535,300
2022-12-19 14:07:00,540,540,540,540,900
2022-12-19 14:08:00,535,535,535,535,0
2022-12-19 14:09:00,540,535,540,535,1200
2022-12-19 14:10:00,535,535,535,535,3300
2022-12-19 14:11:00,530,530,540,540,1800
2022-12-19 14:12:00,540,535,540,535,2700
2022-12-19 14:13:00,535,530,540,540,1200
2022-12-19 14:14:00,535,535,540,540,4800
2022-12-19 14:15:00,540,540,540,540,200
2022-12-19 14:16:00,0,0,0,0,0
2022-12-19 14:17:00,535,535,540,540,600
2022-12-19 14:18:00,0,0,0,0,0
2022-12-19 14:19:00,0,0,0,0,0
2022-12-19 14:20:00,540,540,540,540,0
2022-12-19 14:21:00,0,0,0,0,0
2022-12-19 14:22:00,0,0,0,0,0
2022-12-19 14:23:00,0,0,0,0,0
2022-12-19 14:24:00,0,0,0,0,0
2022-12-19 14:25:00,0,0,0,0,0
2022-12-19 14:26:00,540,540,540,540,800
2022-12-19 14:27:00,0,0,0,0,0
2022-12-19 14:28:00,0,0,0,0,0
2022-12-19 14:29:00,0,0,0,0,0
2022-12-19 14:30:00,0,0,0,0,0
2022-12-19 14:31:00,0,0,0,0,0
2022-12-19 14:32:00,0,0,0,0,0
2022-12-19 14:33:00,0,0,0,0,0
2022-12-19 14:34:00,535,535,535,535,3900
2022-12-19 14:35:00,0,0,0,0,0
2022-12-19 14:36:00,540,540,540,540,500
2022-12-19 14:37:00,535,535,540,540,3400
2022-12-19 14:38:00,535,535,540,540,500
2022-12-19 14:39:00,535,535,535,535,1200
2022-12-19 14:40:00,535,535,540,540,10800
2022-12-19 14:41:00,535,535,540,540,1400
2022-12-19 14:42:00,535,535,535,535,1300
2022-12-19 14:43:00,535,535,540,540,2200
2022-12-19 14:44:00,0,0,0,0,0
2022-12-19 14:45:00,540,540,540,540,300
2022-12-19 14:46:00,0,0,0,0,0
2022-12-19 14:47:00,540,540,540,540,900
2022-12-19 14:48:00,540,540,540,540,500
2022-12-19 14:49:00,540,540,540,540,121100
2022-12-19 14:50:00,0,0,0,0,0
2022-12-19 14:51:00,0,0,0,0,0
2022-12-19 14:52:00,0,0,0,0,0
2022-12-19 14:53:00,0,0,0,0,0
2022-12-19 14:54:00,0,0,0,0,0
2022-12-19 14:55:00,0,0,0,0,0
2022-12-19 14:56:00,0,0,0,0,0
2022-12-19 14:57:00,0,0,0,0,0
2022-12-19 14:58:00,0,0,0,0,0
2022-12-19 14:59:00,0,0,0,0,0
2022-12-19 15:00:00,540,540,540,540,273700
2022-12-19 15:01:00,0,0,0,0,0
2022-12-19 15:02:00,0,0,0,0,0
2022-12-19 15:03:00,0,0,0,0,0
2022-12-19 15:04:00,0,0,0,0,0
2022-12-19 15:05:00,0,0,0,0,0
2022-12-19 15:06:00,0,0,0,0,0
2022-12-19 15:07:00,0,0,0,0,0
2022-12-19 15:08:00,0,0,0,0,0
2022-12-19 15:09:00,0,0,0,0,0
2022-12-19 15:10:00,0,0,0,0,0
2022-12-19 15:11:00,0,0,0,0,0
2022-12-19 15:12:00,0,0,0,0,0
2022-12-19 15:13:00,0,0,0,0,0
2022-12-19 15:14:00,0,0,0,0,0
2022-12-19 15:15:00,0,0,0,0,0
2022-12-19 15:16:00,0,0,0,0,0
2022-12-19 15:17:00,0,0,0,0,0
2022-12-19 15:18:00,0,0,0,0,0
2022-12-19 15:19:00,0,0,0,0,0
2022-12-19 15:20:00,0,0,0,0,0
2022-12-19 15:21:00,0,0,0,0,0
2022-12-19 15:22:00,0,0,0,0,0
2022-12-19 15:23:00,0,0,0,0,0
2022-12-19 15:24:00,0,0,0,0,0
2022-12-19 15:25:00,0,0,0,0,0
2022-12-19 15:26:00,0,0,0,0,0
2022-12-19 15:27:00,0,0,0,0,0
2022-12-19 15:28:00,0,0,0,0,0
2022-12-19 15:29:00,0,0,0,0,0
2022-12-19 15:30:00,0,0,0,0,0
2022-12-19 15:31:00,0,0,0,0,0
2022-12-19 15:32:00,0,0,0,0,0
2022-12-19 15:33:00,0,0,0,0,0
2022-12-19 15:34:00,0,0,0,0,0
2022-12-19 15:35:00,0,0,0,0,0
2022-12-19 15:36:00,0,0,0,0,0
2022-12-19 15:37:00,0,0,0,0,0
2022-12-19 15:38:00,0,0,0,0,0
2022-12-19 15:39:00,0,0,0,0,0
2022-12-19 15:40:00,0,0,0,0,0
2022-12-19 15:41:00,0,0,0,0,0
2022-12-19 15:42:00,0,0,0,0,0
2022-12-19 15:43:00,0,0,0,0,0
2022-12-19 15:44:00,0,0,0,0,0
2022-12-19 15:45:00,0,0,0,0,0
2022-12-19 15:46:00,0,0,0,0,0
2022-12-19 15:47:00,0,0,0,0,0
2022-12-19 15:48:00,0,0,0,0,0
2022-12-19 15:49:00,0,0,0,0,0
2022-12-19 15:50:00,0,0,0,0,0
2022-12-19 15:51:00,0,0,0,0,0
2022-12-19 15:52:00,0,0,0,0,0
2022-12-19 15:53:00,0,0,0,0,0
2022-12-19 15:54:00,0,0,0,0,0
2022-12-19 15:55:00,0,0,0,0,0
2022-12-19 15:56:00,0,0,0,0,0
2022-12-19 15:57:00,0,0,0,0,0
2022-12-19 15:58:00,0,0,0,0,0
2022-12-19 15:59:00,0,0,0,0,0
2022-12-20 09:00:00,0,0,0,0,0
2022-12-20 09:01:00,0,0,0,0,0
2022-12-20 09:02:00,0,0,0,0,0
2022-12-20 09:03:00,0,0,0,0,0
2022-12-20 09:04:00,0,0,0,0,0
2022-12-20 09:05:00,0,0,0,0,0
2022-12-20 09:06:00,540,540,540,540,0
2022-12-20 09:07:00,540,540,545,545,212300
2022-12-20 09:08:00,545,545,550,550,324000
2022-12-20 09:09:00,550,550,550,550,7200
2022-12-20 09:10:00,550,545,550,550,7600
2022-12-20 09:11:00,0,0,0,0,0
2022-12-20 09:12:00,0,0,0,0,0
2022-12-20 09:13:00,0,0,0,0,0
2022-12-20 09:14:00,0,0,0,0,0
2022-12-20 09:15:00,0,0,0,0,0
2022-12-20 09:16:00,0,0,0,0,0
2022-12-20 09:17:00,550,550,550,550,147500
2022-12-20 09:18:00,550,550,550,550,103200
2022-12-20 09:19:00,0,0,0,0,0
2022-12-20 09:20:00,0,0,0,0,0
2022-12-20 09:21:00,550,550,555,555,23900
2022-12-20 09:22:00,555,550,555,550,300
2022-12-20 09:23:00,0,0,0,0,0
2022-12-20 09:24:00,555,555,555,555,300
2022-12-20 09:25:00,0,0,0,0,0
2022-12-20 09:26:00,0,0,0,0,0
2022-12-20 09:27:00,0,0,0,0,0
2022-12-20 09:28:00,555,555,555,555,135000
2022-12-20 09:29:00,0,0,0,0,0
2022-12-20 09:30:00,0,0,0,0,0
2022-12-20 09:31:00,0,0,0,0,0
2022-12-20 09:32:00,555,555,555,555,22700
2022-12-20 09:33:00,555,555,570,570,163800
2022-12-20 09:34:00,570,570,580,580,46500
2022-12-20 09:35:00,580,565,585,580,53300
2022-12-20 09:36:00,565,565,565,565,6900
2022-12-20 09:37:00,580,575,580,575,0
2022-12-20 09:38:00,570,570,570,570,0
2022-12-20 09:39:00,570,570,575,575,1900
2022-12-20 09:40:00,0,0,0,0,0
2022-12-20 09:41:00,570,570,570,570,1100
2022-12-20 09:42:00,0,0,0,0,0
2022-12-20 09:43:00,565,565,565,565,0
2022-12-20 09:44:00,0,0,0,0,0
2022-12-20 09:45:00,565,565,575,575,2900
2022-12-20 09:46:00,0,0,0,0,0
2022-12-20 09:47:00,570,570,570,570,0
2022-12-20 09:48:00,575,575,575,575,700
2022-12-20 09:49:00,0,0,0,0,0
2022-12-20 09:50:00,575,575,575,575,0
2022-12-20 09:51:00,0,0,0,0,0
2022-12-20 09:52:00,0,0,0,0,0
2022-12-20 09:53:00,0,0,0,0,0
2022-12-20 09:54:00,0,0,0,0,0
2022-12-20 09:55:00,0,0,0,0,0
2022-12-20 09:56:00,0,0,0,0,0
2022-12-20 09:57:00,0,0,0,0,0
2022-12-20 09:58:00,0,0,0,0,0
2022-12-20 09:59:00,575,575,575,575,1600
2022-12-20 10:00:00,575,570,575,570,6700
2022-12-20 10:01:00,570,570,570,570,400
2022-12-20 10:02:00,565,565,570,570,9000
2022-12-20 10:03:00,0,0,0,0,0
2022-12-20 10:04:00,570,570,575,575,1700
2022-12-20 10:05:00,570,570,575,575,800
2022-12-20 10:06:00,575,575,575,575,300
2022-12-20 10:07:00,570,570,570,570,1700
2022-12-20 10:08:00,0,0,0,0,0
2022-12-20 10:09:00,565,565,570,570,2300
2022-12-20 10:10:00,565,565,565,565,5200
2022-12-20 10:11:00,0,0,0,0,0
2022-12-20 10:12:00,0,0,0,0,0
2022-12-20 10:13:00,570,565,570,565,2500
2022-12-20 10:14:00,570,570,570,570,100
2022-12-20 10:15:00,565,565,565,565,4000
2022-12-20 10:16:00,570,570,570,570,0
2022-12-20 10:17:00,565,565,565,565,5900
2022-12-20 10:18:00,560,560,560,560,4500
2022-12-20 10:19:00,565,560,565,560,100
2022-12-20 10:20:00,560,560,565,565,1000
2022-12-20 10:21:00,0,0,0,0,0
2022-12-20 10:22:00,560,560,560,560,1200
2022-12-20 10:23:00,560,560,565,565,400
2022-12-20 10:24:00,0,0,0,0,0
2022-12-20 10:25:00,0,0,0,0,0
2022-12-20 10:26:00,0,0,0,0,0
2022-12-20 10:27:00,0,0,0,0,0
2022-12-20 10:28:00,0,0,0,0,0
2022-12-20 10:29:00,0,0,0,0,0
2022-12-20 10:30:00,0,0,0,0,0
2022-12-20 10:31:00,0,0,0,0,0
2022-12-20 10:32:00,565,565,565,565,10400
2022-12-20 10:33:00,0,0,0,0,0
2022-12-20 10:34:00,0,0,0,0,0
2022-12-20 10:35:00,0,0,0,0,0
2022-12-20 10:36:00,565,565,565,565,0
2022-12-20 10:37:00,560,560,560,560,300
2022-12-20 10:38:00,565,565,565,565,800
2022-12-20 10:39:00,565,565,565,565,0
2022-12-20 10:40:00,0,0,0,0,0
2022-12-20 10:41:00,0,0,0,0,0
2022-12-20 10:42:00,560,560,560,560,2200
2022-12-20 10:43:00,565,565,565,565,400
2022-12-20 10:44:00,565,560,565,560,0
2022-12-20 10:45:00,565,565,565,565,700
2022-12-20 10:46:00,565,565,565,565,0
2022-12-20 10:47:00,560,560,565,565,2700
2022-12-20 10:48:00,0,0,0,0,0
2022-12-20 10:49:00,565,565,565,565,1000
2022-12-20 10:50:00,0,0,0,0,0
2022-12-20 10:51:00,0,0,0,0,0
2022-12-20 10:52:00,0,0,0,0,0
2022-12-20 10:53:00,560,560,560,560,2100
2022-12-20 10:54:00,0,0,0,0,0
2022-12-20 10:55:00,0,0,0,0,0
2022-12-20 10:56:00,560,560,565,565,3300
2022-12-20 10:57:00,565,565,565,565,400
2022-12-20 10:58:00,0,0,0,0,0
2022-12-20 10:59:00,0,0,0,0,0
2022-12-20 11:00:00,565,565,565,565,3700
2022-12-20 11:01:00,0,0,0,0,0
2022-12-20 11:02:00,0,0,0,0,0
2022-12-20 11:03:00,0,0,0,0,0
2022-12-20 11:04:00,0,0,0,0,0
2022-12-20 11:05:00,0,0,0,0,0
2022-12-20 11:06:00,0,0,0,0,0
2022-12-20 11:07:00,560,560,560,560,200
2022-12-20 11:08:00,565,555,565,555,7100
2022-12-20 11:09:00,0,0,0,0,0
2022-12-20 11:10:00,0,0,0,0,0
2022-12-20 11:11:00,0,0,0,0,0
2022-12-20 11:12:00,560,560,560,560,800
2022-12-20 11:13:00,0,0,0,0,0
2022-12-20 11:14:00,0,0,0,0,0
2022-12-20 11:15:00,560,560,560,560,600
2022-12-20 11:16:00,0,0,0,0,0
2022-12-20 11:17:00,555,555,555,555,3400
2022-12-20 11:18:00,555,555,560,560,0
2022-12-20 11:19:00,555,555,555,555,500
2022-12-20 11:20:00,560,560,560,560,100
2022-12-20 11:21:00,0,0,0,0,0
2022-12-20 11:22:00,555,545,555,545,5100
2022-12-20 11:23:00,560,560,560,560,600
2022-12-20 11:24:00,555,555,555,555,1700
2022-12-20 11:25:00,0,0,0,0,0
2022-12-20 11:26:00,0,0,0,0,0
2022-12-20 11:27:00,550,550,550,550,2700
2022-12-20 11:28:00,555,555,555,555,700
2022-12-20 11:29:00,550,550,555,550,3300
2022-12-20 11:30:00,0,0,0,0,0
2022-12-20 11:31:00,0,0,0,0,0
2022-12-20 11:32:00,0,0,0,0,0
2022-12-20 11:33:00,0,0,0,0,0
2022-12-20 11:34:00,0,0,0,0,0
2022-12-20 11:35:00,0,0,0,0,0
2022-12-20 11:36:00,0,0,0,0,0
2022-12-20 11:37:00,0,0,0,0,0
2022-12-20 11:38:00,0,0,0,0,0
2022-12-20 11:39:00,0,0,0,0,0
2022-12-20 11:40:00,0,0,0,0,0
2022-12-20 11:41:00,0,0,0,0,0
2022-12-20 11:42:00,0,0,0,0,0
2022-12-20 11:43:00,0,0,0,0,0
2022-12-20 11:44:00,0,0,0,0,0
2022-12-20 11:45:00,0,0,0,0,0
2022-12-20 11:46:00,0,0,0,0,0
2022-12-20 11:47:00,0,0,0,0,0
2022-12-20 11:48:00,0,0,0,0,0
2022-12-20 11:49:00,0,0,0,0,0
2022-12-20 11:50:00,0,0,0,0,0
2022-12-20 11:51:00,0,0,0,0,0
2022-12-20 11:52:00,0,0,0,0,0
2022-12-20 11:53:00,0,0,0,0,0
2022-12-20 11:54:00,0,0,0,0,0
2022-12-20 11:55:00,0,0,0,0,0
2022-12-20 11:56:00,0,0,0,0,0
2022-12-20 11:57:00,0,0,0,0,0
2022-12-20 11:58:00,0,0,0,0,0
2022-12-20 11:59:00,0,0,0,0,0
2022-12-20 12:00:00,0,0,0,0,0
2022-12-20 12:01:00,0,0,0,0,0
2022-12-20 12:02:00,0,0,0,0,0
2022-12-20 12:03:00,0,0,0,0,0
2022-12-20 12:04:00,0,0,0,0,0
2022-12-20 12:05:00,0,0,0,0,0
2022-12-20 12:06:00,0,0,0,0,0
2022-12-20 12:07:00,0,0,0,0,0
2022-12-20 12:08:00,0,0,0,0,0
2022-12-20 12:09:00,0,0,0,0,0
2022-12-20 12:10:00,0,0,0,0,0
2022-12-20 12:11:00,0,0,0,0,0
2022-12-20 12:12:00,0,0,0,0,0
2022-12-20 12:13:00,0,0,0,0,0
2022-12-20 12:14:00,0,0,0,0,0
2022-12-20 12:15:00,0,0,0,0,0
2022-12-20 12:16:00,0,0,0,0,0
2022-12-20 12:17:00,0,0,0,0,0
2022-12-20 12:18:00,0,0,0,0,0
2022-12-20 12:19:00,0,0,0,0,0
2022-12-20 12:20:00,0,0,0,0,0
2022-12-20 12:21:00,0,0,0,0,0
2022-12-20 12:22:00,0,0,0,0,0
2022-12-20 12:23:00,0,0,0,0,0
2022-12-20 12:24:00,0,0,0,0,0
2022-12-20 12:25:00,0,0,0,0,0
2022-12-20 12:26:00,0,0,0,0,0
2022-12-20 12:27:00,0,0,0,0,0
2022-12-20 12:28:00,0,0,0,0,0
2022-12-20 12:29:00,0,0,0,0,0
2022-12-20 12:30:00,0,0,0,0,0
2022-12-20 12:31:00,0,0,0,0,0
2022-12-20 12:32:00,0,0,0,0,0
2022-12-20 12:33:00,0,0,0,0,0
2022-12-20 12:34:00,0,0,0,0,0
2022-12-20 12:35:00,0,0,0,0,0
2022-12-20 12:36:00,0,0,0,0,0
2022-12-20 12:37:00,0,0,0,0,0
2022-12-20 12:38:00,0,0,0,0,0
2022-12-20 12:39:00,0,0,0,0,0
2022-12-20 12:40:00,0,0,0,0,0
2022-12-20 12:41:00,0,0,0,0,0
2022-12-20 12:42:00,0,0,0,0,0
2022-12-20 12:43:00,0,0,0,0,0
2022-12-20 12:44:00,0,0,0,0,0
2022-12-20 12:45:00,0,0,0,0,0
2022-12-20 12:46:00,0,0,0,0,0
2022-12-20 12:47:00,0,0,0,0,0
2022-12-20 12:48:00,0,0,0,0,0
2022-12-20 12:49:00,0,0,0,0,0
2022-12-20 12:50:00,0,0,0,0,0
2022-12-20 12:51:00,0,0,0,0,0
2022-12-20 12:52:00,0,0,0,0,0
2022-12-20 12:53:00,0,0,0,0,0
2022-12-20 12:54:00,0,0,0,0,0
2022-12-20 12:55:00,0,0,0,0,0
2022-12-20 12:56:00,0,0,0,0,0
2022-12-20 12:57:00,0,0,0,0,0
2022-12-20 12:58:00,0,0,0,0,0
2022-12-20 12:59:00,0,0,0,0,0
2022-12-20 13:00:00,0,0,0,0,0
2022-12-20 13:01:00,0,0,0,0,0
2022-12-20 13:02:00,0,0,0,0,0
2022-12-20 13:03:00,0,0,0,0,0
2022-12-20 13:04:00,0,0,0,0,0
2022-12-20 13:05:00,0,0,0,0,0
2022-12-20 13:06:00,0,0,0,0,0
2022-12-20 13:07:00,0,0,0,0,0
2022-12-20 13:08:00,0,0,0,0,0
2022-12-20 13:09:00,0,0,0,0,0
2022-12-20 13:10:00,0,0,0,0,0
2022-12-20 13:11:00,0,0,0,0,0
2022-12-20 13:12:00,0,0,0,0,0
2022-12-20 13:13:00,0,0,0,0,0
2022-12-20 13:14:00,0,0,0,0,0
2022-12-20 13:15:00,0,0,0,0,0
2022-12-20 13:16:00,0,0,0,0,0
2022-12-20 13:17:00,0,0,0,0,0
2022-12-20 13:18:00,0,0,0,0,0
2022-12-20 13:19:00,0,0,0,0,0
2022-12-20 13:20:00,0,0,0,0,0
2022-12-20 13:21:00,0,0,0,0,0
2022-12-20 13:22:00,0,0,0,0,0
2022-12-20 13:23:00,0,0,0,0,0
2022-12-20 13:24:00,0,0,0,0,0
2022-12-20 13:25:00,0,0,0,0,0
2022-12-20 13:26:00,0,0,0,0,0
2022-12-20 13:27:00,0,0,0,0,0
2022-12-20 13:28:00,0,0,0,0,0
2022-12-20 13:29:00,0,0,0,0,0
2022-12-20 13:30:00,550,550,555,555,1900
2022-12-20 13:31:00,550,550,550,550,4600
2022-12-20 13:32:00,0,0,0,0,0
2022-12-20 13:33:00,0,0,0,0,0
2022-12-20 13:34:00,0,0,0,0,0
2022-12-20 13:35:00,0,0,0,0,0
2022-12-20 13:36:00,555,555,555,555,0
2022-12-20 13:37:00,0,0,0,0,0
2022-12-20 13:38:00,0,0,0,0,0
2022-12-20 13:39:00,0,0,0,0,0
2022-12-20 13:40:00,0,0,0,0,0
2022-12-20 13:41:00,550,550,550,550,7400
2022-12-20 13:42:00,555,555,555,555,0
2022-12-20 13:43:00,555,555,555,555,100
2022-12-20 13:44:00,0,0,0,0,0
2022-12-20 13:45:00,0,0,0,0,0
2022-12-20 13:46:00,0,0,0,0,0
2022-12-20 13:47:00,0,0,0,0,0
2022-12-20 13:48:00,0,0,0,0,0
2022-12-20 13:49:00,0,0,0,0,0
2022-12-20 13:50:00,0,0,0,0,0
2022-12-20 13:51:00,0,0,0,0,0
2022-12-20 13:52:00,550,550,550,550,1100
2022-12-20 13:53:00,550,545,555,555,2600
2022-12-20 13:54:00,550,550,550,550,500
2022-12-20 13:55:00,555,555,555,555,1000
2022-12-20 13:56:00,0,0,0,0,0
2022-12-20 13:57:00,0,0,0,0,0
2022-12-20 13:58:00,0,0,0,0,0
2022-12-20 13:59:00,0,0,0,0,0
2022-12-20 14:00:00,0,0,0,0,0
2022-12-20 14:01:00,0,0,0,0,0
2022-12-20 14:02:00,0,0,0,0,0
2022-12-20 14:03:00,0,0,0,0,0
2022-12-20 14:04:00,0,0,0,0,0
2022-12-20 14:05:00,0,0,0,0,0
2022-12-20 14:06:00,0,0,0,0,0
2022-12-20 14:07:00,550,550,550,550,700
2022-12-20 14:08:00,0,0,0,0,0
2022-12-20 14:09:00,0,0,0,0,0
2022-12-20 14:10:00,555,555,555,555,600
2022-12-20 14:11:00,555,555,555,555,300
2022-12-20 14:12:00,0,0,0,0,0
2022-12-20 14:13:00,550,550,555,555,2200
2022-12-20 14:14:00,0,0,0,0,0
2022-12-20 14:15:00,0,0,0,0,0
2022-12-20 14:16:00,0,0,0,0,0
2022-12-20 14:17:00,0,0,0,0,0
2022-12-20 14:18:00,0,0,0,0,0
2022-12-20 14:19:00,0,0,0,0,0
2022-12-20 14:20:00,0,0,0,0,0
2022-12-20 14:21:00,0,0,0,0,0
2022-12-20 14:22:00,0,0,0,0,0
2022-12-20 14:23:00,0,0,0,0,0
2022-12-20 14:24:00,0,0,0,0,0
2022-12-20 14:25:00,0,0,0,0,0
2022-12-20 14:26:00,0,0,0,0,0
2022-12-20 14:27:00,0,0,0,0,0
2022-12-20 14:28:00,0,0,0,0,0
2022-12-20 14:29:00,0,0,0,0,0
2022-12-20 14:30:00,0,0,0,0,0
2022-12-20 14:31:00,0,0,0,0,0
2022-12-20 14:32:00,0,0,0,0,0
2022-12-20 14:33:00,0,0,0,0,0
2022-12-20 14:34:00,0,0,0,0,0
2022-12-20 14:35:00,550,550,555,555,2100
2022-12-20 14:36:00,0,0,0,0,0
2022-12-20 14:37:00,0,0,0,0,0
2022-12-20 14:38:00,550,550,555,555,600
2022-12-20 14:39:00,0,0,0,0,0
2022-12-20 14:40:00,0,0,0,0,0
2022-12-20 14:41:00,0,0,0,0,0
2022-12-20 14:42:00,0,0,0,0,0
2022-12-20 14:43:00,555,555,555,555,600
2022-12-20 14:44:00,555,555,555,555,1300
2022-12-20 14:45:00,550,540,555,555,38900
2022-12-20 14:46:00,550,550,555,555,2000
2022-12-20 14:47:00,555,555,555,555,600
2022-12-20 14:48:00,555,555,555,555,1100
2022-12-20 14:49:00,555,555,555,555,300
2022-12-20 14:50:00,0,0,0,0,0
2022-12-20 14:51:00,0,0,0,0,0
2022-12-20 14:52:00,0,0,0,0,0
2022-12-20 14:53:00,0,0,0,0,0
2022-12-20 14:54:00,0,0,0,0,0
2022-12-20 14:55:00,0,0,0,0,0
2022-12-20 14:56:00,0,0,0,0,0
2022-12-20 14:57:00,0,0,0,0,0
2022-12-20 14:58:00,0,0,0,0,0
2022-12-20 14:59:00,0,0,0,0,0
2022-12-20 15:00:00,555,555,555,555,57800
2022-12-20 15:01:00,555,555,555,555,1496900
2022-12-20 15:02:00,0,0,0,0,0
2022-12-20 15:03:00,0,0,0,0,0
2022-12-20 15:04:00,0,0,0,0,0
2022-12-20 15:05:00,0,0,0,0,0
2022-12-20 15:06:00,0,0,0,0,0
2022-12-20 15:07:00,0,0,0,0,0
2022-12-20 15:08:00,0,0,0,0,0
2022-12-20 15:09:00,0,0,0,0,0
2022-12-20 15:10:00,0,0,0,0,0
2022-12-20 15:11:00,0,0,0,0,0
2022-12-20 15:12:00,0,0,0,0,0
2022-12-20 15:13:00,0,0,0,0,0
2022-12-20 15:14:00,0,0,0,0,0
2022-12-20 15:15:00,0,0,0,0,0
2022-12-20 15:16:00,0,0,0,0,0
2022-12-20 15:17:00,0,0,0,0,0
2022-12-20 15:18:00,0,0,0,0,0
2022-12-20 15:19:00,0,0,0,0,0
2022-12-20 15:20:00,0,0,0,0,0
2022-12-20 15:21:00,0,0,0,0,0
2022-12-20 15:22:00,0,0,0,0,0
2022-12-20 15:23:00,0,0,0,0,0
2022-12-20 15:24:00,0,0,0,0,0
2022-12-20 15:25:00,0,0,0,0,0
2022-12-20 15:26:00,0,0,0,0,0
2022-12-20 15:27:00,0,0,0,0,0
2022-12-20 15:28:00,0,0,0,0,0
2022-12-20 15:29:00,0,0,0,0,0
2022-12-20 15:30:00,0,0,0,0,0
2022-12-20 15:31:00,0,0,0,0,0
2022-12-20 15:32:00,0,0,0,0,0
2022-12-20 15:33:00,0,0,0,0,0
2022-12-20 15:34:00,0,0,0,0,0
2022-12-20 15:35:00,0,0,0,0,0
2022-12-20 15:36:00,0,0,0,0,0
2022-12-20 15:37:00,0,0,0,0,0
2022-12-20 15:38:00,0,0,0,0,0
2022-12-20 15:39:00,0,0,0,0,0
2022-12-20 15:40:00,0,0,0,0,0
2022-12-20 15:41:00,0,0,0,0,0
2022-12-20 15:42:00,0,0,0,0,0
2022-12-20 15:43:00,0,0,0,0,0
2022-12-20 15:44:00,0,0,0,0,0
2022-12-20 15:45:00,0,0,0,0,0
2022-12-20 15:46:00,0,0,0,0,0
2022-12-20 15:47:00,0,0,0,0,0
2022-12-20 15:48:00,0,0,0,0,0
2022-12-20 15:49:00,0,0,0,0,0
2022-12-20 15:50:00,0,0,0,0,0
2022-12-20 15:51:00,0,0,0,0,0
2022-12-20 15:52:00,0,0,0,0,0
2022-12-20 15:53:00,0,0,0,0,0
2022-12-20 15:54:00,0,0,0,0,0
2022-12-20 15:55:00,0,0,0,0,0
2022-12-20 15:56:00,0,0,0,0,0
2022-12-20 15:57:00,0,0,0,0,0
2022-12-20 15:58:00,0,0,0,0,0
2022-12-20 15:59:00,0,0,0,0,0
2022-12-21 09:00:00,0,0,0,0,0
2022-12-21 09:01:00,0,0,0,0,0
2022-12-21 09:02:00,0,0,0,0,0
2022-12-21 09:03:00,0,0,0,0,0
2022-12-21 09:04:00,0,0,0,0,0
2022-12-21 09:05:00,0,0,0,0,0
2022-12-21 09:06:00,0,0,0,0,0
2022-12-21 09:07:00,0,0,0,0,0
2022-12-21 09:08:00,0,0,0,0,0
2022-12-21 09:09:00,555,555,555,555,0
2022-12-21 09:10:00,0,0,0,0,0
2022-12-21 09:11:00,0,0,0,0,0
2022-12-21 09:12:00,0,0,0,0,0
2022-12-21 09:13:00,555,555,555,555,400
2022-12-21 09:14:00,0,0,0,0,0
2022-12-21 09:15:00,0,0,0,0,0
2022-12-21 09:16:00,0,0,0,0,0
2022-12-21 09:17:00,0,0,0,0,0
2022-12-21 09:18:00,0,0,0,0,0
2022-12-21 09:19:00,0,0,0,0,0
2022-12-21 09:20:00,0,0,0,0,0
2022-12-21 09:21:00,0,0,0,0,0
2022-12-21 09:22:00,550,550,550,550,2800
2022-12-21 09:23:00,555,555,555,555,0
2022-12-21 09:24:00,0,0,0,0,0
2022-12-21 09:25:00,0,0,0,0,0
2022-12-21 09:26:00,0,0,0,0,0
2022-12-21 09:27:00,0,0,0,0,0
2022-12-21 09:28:00,0,0,0,0,0
2022-12-21 09:29:00,0,0,0,0,0
2022-12-21 09:30:00,555,555,555,555,2400
2022-12-21 09:31:00,0,0,0,0,0
2022-12-21 09:32:00,0,0,0,0,0
2022-12-21 09:33:00,0,0,0,0,0
2022-12-21 09:34:00,0,0,0,0,0
2022-12-21 09:35:00,0,0,0,0,0
2022-12-21 09:36:00,0,0,0,0,0
2022-12-21 09:37:00,0,0,0,0,0
2022-12-21 09:38:00,0,0,0,0,0
2022-12-21 09:39:00,0,0,0,0,0
2022-12-21 09:40:00,0,0,0,0,0
2022-12-21 09:41:00,0,0,0,0,0
2022-12-21 09:42:00,0,0,0,0,0
2022-12-21 09:43:00,0,0,0,0,0
2022-12-21 09:44:00,0,0,0,0,0
2022-12-21 09:45:00,0,0,0,0,0
2022-12-21 09:46:00,555,555,555,555,400
2022-12-21 09:47:00,0,0,0,0,0
2022-12-21 09:48:00,0,0,0,0,0
2022-12-21 09:49:00,0,0,0,0,0
2022-12-21 09:50:00,0,0,0,0,0
2022-12-21 09:51:00,555,555,555,555,102900
2022-12-21 09:52:00,0,0,0,0,0
2022-12-21 09:53:00,555,555,560,560,89900
2022-12-21 09:54:00,560,560,565,565,122600
2022-12-21 09:55:00,0,0,0,0,0
2022-12-21 09:56:00,565,565,565,565,20000
2022-12-21 09:57:00,0,0,0,0,0
2022-12-21 09:58:00,0,0,0,0,0
2022-12-21 09:59:00,565,565,565,565,600
2022-12-21 10:00:00,0,0,0,0,0
2022-12-21 10:01:00,0,0,0,0,0
2022-12-21 10:02:00,560,560,560,560,2100
2022-12-21 10:03:00,0,0,0,0,0
2022-12-21 10:04:00,565,565,565,565,0
2022-12-21 10:05:00,0,0,0,0,0
2022-12-21 10:06:00,0,0,0,0,0
2022-12-21 10:07:00,0,0,0,0,0
2022-12-21 10:08:00,0,0,0,0,0
2022-12-21 10:09:00,0,0,0,0,0
2022-12-21 10:10:00,0,0,0,0,0
2022-12-21 10:11:00,0,0,0,0,0
2022-12-21 10:12:00,0,0,0,0,0
2022-12-21 10:13:00,0,0,0,0,0
2022-12-21 10:14:00,0,0,0,0,0
2022-12-21 10:15:00,0,0,0,0,0
2022-12-21 10:16:00,0,0,0,0,0
2022-12-21 10:17:00,0,0,0,0,0
2022-12-21 10:18:00,0,0,0,0,0
2022-12-21 10:19:00,0,0,0,0,0
2022-12-21 10:20:00,0,0,0,0,0
2022-12-21 10:21:00,0,0,0,0,0
2022-12-21 10:22:00,0,0,0,0,0
2022-12-21 10:23:00,0,0,0,0,0
2022-12-21 10:24:00,0,0,0,0,0
2022-12-21 10:25:00,560,560,560,560,1400
2022-12-21 10:26:00,565,565,565,565,1300
2022-12-21 10:27:00,0,0,0,0,0
2022-12-21 10:28:00,0,0,0,0,0
2022-12-21 10:29:00,0,0,0,0,0
2022-12-21 10:30:00,560,560,560,560,400
2022-12-21 10:31:00,0,0,0,0,0
2022-12-21 10:32:00,565,565,565,565,0
2022-12-21 10:33:00,0,0,0,0,0
2022-12-21 10:34:00,0,0,0,0,0
2022-12-21 10:35:00,0,0,0,0,0
2022-12-21 10:36:00,0,0,0,0,0
2022-12-21 10:37:00,0,0,0,0,0
2022-12-21 10:38:00,0,0,0,0,0
2022-12-21 10:39:00,0,0,0,0,0
2022-12-21 10:40:00,560,560,560,560,2800
2022-12-21 10:41:00,0,0,0,0,0
2022-12-21 10:42:00,560,560,565,560,1600
2022-12-21 10:43:00,555,555,565,565,2400
2022-12-21 10:44:00,0,0,0,0,0
2022-12-21 10:45:00,0,0,0,0,0
2022-12-21 10:46:00,0,0,0,0,0
2022-12-21 10:47:00,560,560,560,560,2100
2022-12-21 10:48:00,565,565,565,565,100
2022-12-21 10:49:00,565,565,565,565,19700
2022-12-21 10:50:00,560,560,560,560,0
2022-12-21 10:51:00,0,0,0,0,0
2022-12-21 10:52:00,565,565,565,565,300
2022-12-21 10:53:00,0,0,0,0,0
2022-12-21 10:54:00,560,560,565,565,1100
2022-12-21 10:55:00,560,560,560,560,1000
2022-12-21 10:56:00,0,0,0,0,0
2022-12-21 10:57:00,565,565,565,565,1000
2022-12-21 10:58:00,560,560,560,560,0
2022-12-21 10:59:00,565,565,565,565,800
2022-12-21 11:00:00,0,0,0,0,0
2022-12-21 11:01:00,0,0,0,0,0
2022-12-21 11:02:00,0,0,0,0,0
2022-12-21 11:03:00,560,560,560,560,200
2022-12-21 11:04:00,560,560,560,560,500
2022-12-21 11:05:00,565,565,565,565,900
2022-12-21 11:06:00,0,0,0,0,0
2022-12-21 11:07:00,560,560,560,560,600
2022-12-21 11:08:00,0,0,0,0,0
2022-12-21 11:09:00,565,565,565,565,0
2022-12-21 11:10:00,565,565,565,565,300
2022-12-21 11:11:00,0,0,0,0,0
2022-12-21 11:12:00,0,0,0,0,0
2022-12-21 11:13:00,0,0,0,0,0
2022-12-21 11:14:00,0,0,0,0,0
2022-12-21 11:15:00,0,0,0,0,0
2022-12-21 11:16:00,0,0,0,0,0
2022-12-21 11:17:00,0,0,0,0,0
2022-12-21 11:18:00,0,0,0,0,0
2022-12-21 11:19:00,0,0,0,0,0
2022-12-21 11:20:00,0,0,0,0,0
2022-12-21 11:21:00,0,0,0,0,0
2022-12-21 11:22:00,0,0,0,0,0
2022-12-21 11:23:00,0,0,0,0,0
2022-12-21 11:24:00,565,565,565,565,500
2022-12-21 11:25:00,0,0,0,0,0
2022-12-21 11:26:00,0,0,0,0,0
2022-12-21 11:27:00,0,0,0,0,0
2022-12-21 11:28:00,0,0,0,0,0
2022-12-21 11:29:00,565,565,565,565,1100
2022-12-21 11:30:00,0,0,0,0,0
2022-12-21 11:31:00,0,0,0,0,0
2022-12-21 11:32:00,0,0,0,0,0
2022-12-21 11:33:00,0,0,0,0,0
2022-12-21 11:34:00,0,0,0,0,0
2022-12-21 11:35:00,0,0,0,0,0
2022-12-21 11:36:00,0,0,0,0,0
2022-12-21 11:37:00,0,0,0,0,0
2022-12-21 11:38:00,0,0,0,0,0
2022-12-21 11:39:00,0,0,0,0,0
2022-12-21 11:40:00,0,0,0,0,0
2022-12-21 11:41:00,0,0,0,0,0
2022-12-21 11:42:00,0,0,0,0,0
2022-12-21 11:43:00,0,0,0,0,0
2022-12-21 11:44:00,0,0,0,0,0
2022-12-21 11:45:00,0,0,0,0,0
2022-12-21 11:46:00,0,0,0,0,0
2022-12-21 11:47:00,0,0,0,0,0
2022-12-21 11:48:00,0,0,0,0,0
2022-12-21 11:49:00,0,0,0,0,0
2022-12-21 11:50:00,0,0,0,0,0
2022-12-21 11:51:00,0,0,0,0,0
2022-12-21 11:52:00,0,0,0,0,0
2022-12-21 11:53:00,0,0,0,0,0
2022-12-21 11:54:00,0,0,0,0,0
2022-12-21 11:55:00,0,0,0,0,0
2022-12-21 11:56:00,0,0,0,0,0
2022-12-21 11:57:00,0,0,0,0,0
2022-12-21 11:58:00,0,0,0,0,0
2022-12-21 11:59:00,0,0,0,0,0
2022-12-21 12:00:00,0,0,0,0,0
2022-12-21 12:01:00,0,0,0,0,0
2022-12-21 12:02:00,0,0,0,0,0
2022-12-21 12:03:00,0,0,0,0,0
2022-12-21 12:04:00,0,0,0,0,0
2022-12-21 12:05:00,0,0,0,0,0
2022-12-21 12:06:00,0,0,0,0,0
2022-12-21 12:07:00,0,0,0,0,0
2022-12-21 12:08:00,0,0,0,0,0
2022-12-21 12:09:00,0,0,0,0,0
2022-12-21 12:10:00,0,0,0,0,0
2022-12-21 12:11:00,0,0,0,0,0
2022-12-21 12:12:00,0,0,0,0,0
2022-12-21 12:13:00,0,0,0,0,0
2022-12-21 12:14:00,0,0,0,0,0
2022-12-21 12:15:00,0,0,0,0,0
2022-12-21 12:16:00,0,0,0,0,0
2022-12-21 12:17:00,0,0,0,0,0
2022-12-21 12:18:00,0,0,0,0,0
2022-12-21 12:19:00,0,0,0,0,0
2022-12-21 12:20:00,0,0,0,0,0
2022-12-21 12:21:00,0,0,0,0,0
2022-12-21 12:22:00,0,0,0,0,0
2022-12-21 12:23:00,0,0,0,0,0
2022-12-21 12:24:00,0,0,0,0,0
2022-12-21 12:25:00,0,0,0,0,0
2022-12-21 12:26:00,0,0,0,0,0
2022-12-21 12:27:00,0,0,0,0,0
2022-12-21 12:28:00,0,0,0,0,0
2022-12-21 12:29:00,0,0,0,0,0
2022-12-21 12:30:00,0,0,0,0,0
2022-12-21 12:31:00,0,0,0,0,0
2022-12-21 12:32:00,0,0,0,0,0
2022-12-21 12:33:00,0,0,0,0,0
2022-12-21 12:34:00,0,0,0,0,0
2022-12-21 12:35:00,0,0,0,0,0
2022-12-21 12:36:00,0,0,0,0,0
2022-12-21 12:37:00,0,0,0,0,0
2022-12-21 12:38:00,0,0,0,0,0
2022-12-21 12:39:00,0,0,0,0,0
2022-12-21 12:40:00,0,0,0,0,0
2022-12-21 12:41:00,0,0,0,0,0
2022-12-21 12:42:00,0,0,0,0,0
2022-12-21 12:43:00,0,0,0,0,0
2022-12-21 12:44:00,0,0,0,0,0
2022-12-21 12:45:00,0,0,0,0,0
2022-12-21 12:46:00,0,0,0,0,0
2022-12-21 12:47:00,0,0,0,0,0
2022-12-21 12:48:00,0,0,0,0,0
2022-12-21 12:49:00,0,0,0,0,0
2022-12-21 12:50:00,0,0,0,0,0
2022-12-21 12:51:00,0,0,0,0,0
2022-12-21 12:52:00,0,0,0,0,0
2022-12-21 12:53:00,0,0,0,0,0
2022-12-21 12:54:00,0,0,0,0,0
2022-12-21 12:55:00,0,0,0,0,0
2022-12-21 12:56:00,0,0,0,0,0
2022-12-21 12:57:00,0,0,0,0,0
2022-12-21 12:58:00,0,0,0,0,0
2022-12-21 12:59:00,0,0,0,0,0
2022-12-21 13:00:00,0,0,0,0,0
2022-12-21 13:01:00,0,0,0,0,0
2022-12-21 13:02:00,0,0,0,0,0
2022-12-21 13:03:00,0,0,0,0,0
2022-12-21 13:04:00,0,0,0,0,0
2022-12-21 13:05:00,0,0,0,0,0
2022-12-21 13:06:00,0,0,0,0,0
2022-12-21 13:07:00,0,0,0,0,0
2022-12-21 13:08:00,0,0,0,0,0
2022-12-21 13:09:00,0,0,0,0,0
2022-12-21 13:10:00,0,0,0,0,0
2022-12-21 13:11:00,0,0,0,0,0
2022-12-21 13:12:00,0,0,0,0,0
2022-12-21 13:13:00,0,0,0,0,0
2022-12-21 13:14:00,0,0,0,0,0
2022-12-21 13:15:00,0,0,0,0,0
2022-12-21 13:16:00,0,0,0,0,0
2022-12-21 13:17:00,0,0,0,0,0
2022-12-21 13:18:00,0,0,0,0,0
2022-12-21 13:19:00,0,0,0,0,0
2022-12-21 13:20:00,0,0,0,0,0
2022-12-21 13:21:00,0,0,0,0,0
2022-12-21 13:22:00,0,0,0,0,0
2022-12-21 13:23:00,0,0,0,0,0
2022-12-21 13:24:00,0,0,0,0,0
2022-12-21 13:25:00,0,0,0,0,0
2022-12-21 13:26:00,0,0,0,0,0
2022-12-21 13:27:00,0,0,0,0,0
2022-12-21 13:28:00,0,0,0,0,0
2022-12-21 13:29:00,0,0,0,0,0
2022-12-21 13:30:00,565,565,565,565,7300
2022-12-21 13:31:00,0,0,0,0,0
2022-12-21 13:32:00,560,560,565,565,900
2022-12-21 13:33:00,0,0,0,0,0
2022-12-21 13:34:00,0,0,0,0,0
2022-12-21 13:35:00,0,0,0,0,0
2022-12-21 13:36:00,0,0,0,0,0
2022-12-21 13:37:00,0,0,0,0,0
2022-12-21 13:38:00,0,0,0,0,0
2022-12-21 13:39:00,0,0,0,0,0
2022-12-21 13:40:00,0,0,0,0,0
2022-12-21 13:41:00,0,0,0,0,0
2022-12-21 13:42:00,0,0,0,0,0
2022-12-21 13:43:00,0,0,0,0,0
2022-12-21 13:44:00,0,0,0,0,0
2022-12-21 13:45:00,0,0,0,0,0
2022-12-21 13:46:00,0,0,0,0,0
2022-12-21 13:47:00,0,0,0,0,0
2022-12-21 13:48:00,0,0,0,0,0
2022-12-21 13:49:00,560,560,560,560,3400
2022-12-21 13:50:00,565,565,565,565,200
2022-12-21 13:51:00,0,0,0,0,0
2022-12-21 13:52:00,0,0,0,0,0
2022-12-21 13:53:00,0,0,0,0,0
2022-12-21 13:54:00,0,0,0,0,0
2022-12-21 13:55:00,0,0,0,0,0
2022-12-21 13:56:00,0,0,0,0,0
2022-12-21 13:57:00,0,0,0,0,0
2022-12-21 13:58:00,0,0,0,0,0
2022-12-21 13:59:00,0,0,0,0,0
2022-12-21 14:00:00,0,0,0,0,0
2022-12-21 14:01:00,0,0,0,0,0
2022-12-21 14:02:00,0,0,0,0,0
2022-12-21 14:03:00,0,0,0,0,0
2022-12-21 14:04:00,0,0,0,0,0
2022-12-21 14:05:00,0,0,0,0,0
2022-12-21 14:06:00,0,0,0,0,0
2022-12-21 14:07:00,0,0,0,0,0
2022-12-21 14:08:00,0,0,0,0,0
2022-12-21 14:09:00,0,0,0,0,0
2022-12-21 14:10:00,0,0,0,0,0
2022-12-21 14:11:00,0,0,0,0,0
2022-12-21 14:12:00,0,0,0,0,0
2022-12-21 14:13:00,0,0,0,0,0
2022-12-21 14:14:00,560,560,560,560,1600
2022-12-21 14:15:00,560,560,560,560,1900
2022-12-21 14:16:00,0,0,0,0,0
2022-12-21 14:17:00,0,0,0,0,0
2022-12-21 14:18:00,0,0,0,0,0
2022-12-21 14:19:00,560,560,560,560,700
2022-12-21 14:20:00,0,0,0,0,0
2022-12-21 14:21:00,0,0,0,0,0
2022-12-21 14:22:00,560,560,560,560,200
2022-12-21 14:23:00,0,0,0,0,0
2022-12-21 14:24:00,0,0,0,0,0
2022-12-21 14:25:00,0,0,0,0,0
2022-12-21 14:26:00,0,0,0,0,0
2022-12-21 14:27:00,0,0,0,0,0
2022-12-21 14:28:00,0,0,0,0,0
2022-12-21 14:29:00,0,0,0,0,0
2022-12-21 14:30:00,0,0,0,0,0
2022-12-21 14:31:00,0,0,0,0,0
2022-12-21 14:32:00,0,0,0,0,0
2022-12-21 14:33:00,0,0,0,0,0
2022-12-21 14:34:00,0,0,0,0,0
2022-12-21 14:35:00,0,0,0,0,0
2022-12-21 14:36:00,0,0,0,0,0
2022-12-21 14:37:00,0,0,0,0,0
2022-12-21 14:38:00,0,0,0,0,0
2022-12-21 14:39:00,0,0,0,0,0
2022-12-21 14:40:00,0,0,0,0,0
2022-12-21 14:41:00,0,0,0,0,0
2022-12-21 14:42:00,0,0,0,0,0
2022-12-21 14:43:00,555,555,555,555,2500
2022-12-21 14:44:00,560,560,560,560,500
2022-12-21 14:45:00,0,0,0,0,0
2022-12-21 14:46:00,0,0,0,0,0
2022-12-21 14:47:00,560,560,560,560,500
2022-12-21 14:48:00,560,560,560,560,800
2022-12-21 14:49:00,560,560,560,560,700
2022-12-21 14:50:00,0,0,0,0,0
2022-12-21 14:51:00,0,0,0,0,0
2022-12-21 14:52:00,0,0,0,0,0
2022-12-21 14:53:00,0,0,0,0,0
2022-12-21 14:54:00,0,0,0,0,0
2022-12-21 14:55:00,0,0,0,0,0
2022-12-21 14:56:00,0,0,0,0,0
2022-12-21 14:57:00,0,0,0,0,0
2022-12-21 14:58:00,0,0,0,0,0
2022-12-21 14:59:00,0,0,0,0,0
2022-12-21 15:00:00,560,560,560,560,469000
2022-12-21 15:01:00,0,0,0,0,0
2022-12-21 15:02:00,0,0,0,0,0
2022-12-21 15:03:00,0,0,0,0,0
2022-12-21 15:04:00,0,0,0,0,0
2022-12-21 15:05:00,0,0,0,0,0
2022-12-21 15:06:00,0,0,0,0,0
2022-12-21 15:07:00,0,0,0,0,0
2022-12-21 15:08:00,0,0,0,0,0
2022-12-21 15:09:00,0,0,0,0,0
2022-12-21 15:10:00,0,0,0,0,0
2022-12-21 15:11:00,0,0,0,0,0
2022-12-21 15:12:00,0,0,0,0,0
2022-12-21 15:13:00,0,0,0,0,0
2022-12-21 15:14:00,0,0,0,0,0
2022-12-21 15:15:00,0,0,0,0,0
2022-12-21 15:16:00,0,0,0,0,0
2022-12-21 15:17:00,0,0,0,0,0
2022-12-21 15:18:00,0,0,0,0,0
2022-12-21 15:19:00,0,0,0,0,0
2022-12-21 15:20:00,0,0,0,0,0
2022-12-21 15:21:00,0,0,0,0,0
2022-12-21 15:22:00,0,0,0,0,0
2022-12-21 15:23:00,0,0,0,0,0
2022-12-21 15:24:00,0,0,0,0,0
2022-12-21 15:25:00,0,0,0,0,0
2022-12-21 15:26:00,0,0,0,0,0
2022-12-21 15:27:00,0,0,0,0,0
2022-12-21 15:28:00,0,0,0,0,0
2022-12-21 15:29:00,0,0,0,0,0
2022-12-21 15:30:00,0,0,0,0,0
2022-12-21 15:31:00,0,0,0,0,0
2022-12-21 15:32:00,0,0,0,0,0
2022-12-21 15:33:00,0,0,0,0,0
2022-12-21 15:34:00,0,0,0,0,0
2022-12-21 15:35:00,0,0,0,0,0
2022-12-21 15:36:00,0,0,0,0,0
2022-12-21 15:37:00,0,0,0,0,0
2022-12-21 15:38:00,0,0,0,0,0
2022-12-21 15:39:00,0,0,0,0,0
2022-12-21 15:40:00,0,0,0,0,0
2022-12-21 15:41:00,0,0,0,0,0
2022-12-21 15:42:00,0,0,0,0,0
2022-12-21 15:43:00,0,0,0,0,0
2022-12-21 15:44:00,0,0,0,0,0
2022-12-21 15:45:00,0,0,0,0,0
2022-12-21 15:46:00,0,0,0,0,0
2022-12-21 15:47:00,0,0,0,0,0
2022-12-21 15:48:00,0,0,0,0,0
2022-12-21 15:49:00,0,0,0,0,0
2022-12-21 15:50:00,0,0,0,0,0
2022-12-21 15:51:00,0,0,0,0,0
2022-12-21 15:52:00,0,0,0,0,0
2022-12-21 15:53:00,0,0,0,0,0
2022-12-21 15:54:00,0,0,0,0,0
2022-12-21 15:55:00,0,0,0,0,0
2022-12-21 15:56:00,0,0,0,0,0
2022-12-21 15:57:00,0,0,0,0,0
2022-12-21 15:58:00,0,0,0,0,0
2022-12-21 15:59:00,0,0,0,0,0
2022-12-22 09:00:00,0,0,0,0,0
2022-12-22 09:01:00,0,0,0,0,0
2022-12-22 09:02:00,560,560,560,560,0
2022-12-22 09:03:00,0,0,0,0,0
2022-12-22 09:04:00,0,0,0,0,0
2022-12-22 09:05:00,0,0,0,0,0
2022-12-22 09:06:00,0,0,0,0,0
2022-12-22 09:07:00,0,0,0,0,0
2022-12-22 09:08:00,0,0,0,0,0
2022-12-22 09:09:00,0,0,0,0,0
2022-12-22 09:10:00,555,555,555,555,800
2022-12-22 09:11:00,0,0,0,0,0
2022-12-22 09:12:00,555,555,555,555,3300
2022-12-22 09:13:00,555,555,555,555,2500
2022-12-22 09:14:00,555,555,560,560,300
2022-12-22 09:15:00,0,0,0,0,0
2022-12-22 09:16:00,0,0,0,0,0
2022-12-22 09:17:00,0,0,0,0,0
2022-12-22 09:18:00,0,0,0,0,0
2022-12-22 09:19:00,0,0,0,0,0
2022-12-22 09:20:00,0,0,0,0,0
2022-12-22 09:21:00,0,0,0,0,0
2022-12-22 09:22:00,0,0,0,0,0
2022-12-22 09:23:00,0,0,0,0,0
2022-12-22 09:24:00,0,0,0,0,0
2022-12-22 09:25:00,0,0,0,0,0
2022-12-22 09:26:00,0,0,0,0,0
2022-12-22 09:27:00,555,555,555,555,1900
2022-12-22 09:28:00,0,0,0,0,0
2022-12-22 09:29:00,0,0,0,0,0
2022-12-22 09:30:00,0,0,0,0,0
2022-12-22 09:31:00,0,0,0,0,0
2022-12-22 09:32:00,0,0,0,0,0
2022-12-22 09:33:00,0,0,0,0,0
2022-12-22 09:34:00,0,0,0,0,0
2022-12-22 09:35:00,555,555,560,560,143900
2022-12-22 09:36:00,0,0,0,0,0
2022-12-22 09:37:00,0,0,0,0,0
2022-12-22 09:38:00,0,0,0,0,0
2022-12-22 09:39:00,0,0,0,0,0
2022-12-22 09:40:00,0,0,0,0,0
2022-12-22 09:41:00,0,0,0,0,0
2022-12-22 09:42:00,0,0,0,0,0
2022-12-22 09:43:00,0,0,0,0,0
2022-12-22 09:44:00,0,0,0,0,0
2022-12-22 09:45:00,0,0,0,0,0
2022-12-22 09:46:00,0,0,0,0,0
2022-12-22 09:47:00,555,555,555,555,0
2022-12-22 09:48:00,560,560,560,560,0
2022-12-22 09:49:00,555,555,555,555,0
2022-12-22 09:50:00,560,560,560,560,700
2022-12-22 09:51:00,0,0,0,0,0
2022-12-22 09:52:00,0,0,0,0,0
2022-12-22 09:53:00,0,0,0,0,0
2022-12-22 09:54:00,560,560,560,560,0
2022-12-22 09:55:00,0,0,0,0,0
2022-12-22 09:56:00,0,0,0,0,0
2022-12-22 09:57:00,0,0,0,0,0
2022-12-22 09:58:00,0,0,0,0,0
2022-12-22 09:59:00,0,0,0,0,0
2022-12-22 10:00:00,0,0,0,0,0
2022-12-22 10:01:00,0,0,0,0,0
2022-12-22 10:02:00,0,0,0,0,0
2022-12-22 10:03:00,0,0,0,0,0
2022-12-22 10:04:00,0,0,0,0,0
2022-12-22 10:05:00,0,0,0,0,0
2022-12-22 10:06:00,0,0,0,0,0
2022-12-22 10:07:00,0,0,0,0,0
2022-12-22 10:08:00,555,555,555,555,300
2022-12-22 10:09:00,0,0,0,0,0
2022-12-22 10:10:00,0,0,0,0,0
2022-12-22 10:11:00,560,560,560,560,1000
2022-12-22 10:12:00,0,0,0,0,0
2022-12-22 10:13:00,0,0,0,0,0
2022-12-22 10:14:00,0,0,0,0,0
2022-12-22 10:15:00,0,0,0,0,0
2022-12-22 10:16:00,0,0,0,0,0
2022-12-22 10:17:00,0,0,0,0,0
2022-12-22 10:18:00,0,0,0,0,0
2022-12-22 10:19:00,0,0,0,0,0
2022-12-22 10:20:00,0,0,0,0,0
2022-12-22 10:21:00,0,0,0,0,0
2022-12-22 10:22:00,0,0,0,0,0
2022-12-22 10:23:00,0,0,0,0,0
2022-12-22 10:24:00,0,0,0,0,0
2022-12-22 10:25:00,0,0,0,0,0
2022-12-22 10:26:00,0,0,0,0,0
2022-12-22 10:27:00,0,0,0,0,0
2022-12-22 10:28:00,555,555,560,560,900
2022-12-22 10:29:00,0,0,0,0,0
2022-12-22 10:30:00,0,0,0,0,0
2022-12-22 10:31:00,0,0,0,0,0
2022-12-22 10:32:00,0,0,0,0,0
2022-12-22 10:33:00,555,555,555,555,2200
2022-12-22 10:34:00,0,0,0,0,0
2022-12-22 10:35:00,0,0,0,0,0
2022-12-22 10:36:00,0,0,0,0,0
2022-12-22 10:37:00,0,0,0,0,0
2022-12-22 10:38:00,555,555,555,555,600
2022-12-22 10:39:00,555,555,560,560,2400
2022-12-22 10:40:00,560,560,560,560,100
2022-12-22 10:41:00,0,0,0,0,0
2022-12-22 10:42:00,0,0,0,0,0
2022-12-22 10:43:00,0,0,0,0,0
2022-12-22 10:44:00,0,0,0,0,0
2022-12-22 10:45:00,0,0,0,0,0
2022-12-22 10:46:00,0,0,0,0,0
2022-12-22 10:47:00,0,0,0,0,0
2022-12-22 10:48:00,0,0,0,0,0
2022-12-22 10:49:00,0,0,0,0,0
2022-12-22 10:50:00,0,0,0,0,0
2022-12-22 10:51:00,0,0,0,0,0
2022-12-22 10:52:00,0,0,0,0,0
2022-12-22 10:53:00,0,0,0,0,0
2022-12-22 10:54:00,0,0,0,0,0
2022-12-22 10:55:00,0,0,0,0,0
2022-12-22 10:56:00,0,0,0,0,0
2022-12-22 10:57:00,0,0,0,0,0
2022-12-22 10:58:00,0,0,0,0,0
2022-12-22 10:59:00,0,0,0,0,0
2022-12-22 11:00:00,0,0,0,0,0
2022-12-22 11:01:00,0,0,0,0,0
2022-12-22 11:02:00,0,0,0,0,0
2022-12-22 11:03:00,0,0,0,0,0
2022-12-22 11:04:00,0,0,0,0,0
2022-12-22 11:05:00,0,0,0,0,0
2022-12-22 11:06:00,0,0,0,0,0
2022-12-22 11:07:00,0,0,0,0,0
2022-12-22 11:08:00,0,0,0,0,0
2022-12-22 11:09:00,0,0,0,0,0
2022-12-22 11:10:00,0,0,0,0,0
2022-12-22 11:11:00,0,0,0,0,0
2022-12-22 11:12:00,0,0,0,0,0
2022-12-22 11:13:00,0,0,0,0,0
2022-12-22 11:14:00,0,0,0,0,0
2022-12-22 11:15:00,0,0,0,0,0
2022-12-22 11:16:00,0,0,0,0,0
2022-12-22 11:17:00,555,555,555,555,200
2022-12-22 11:18:00,555,555,555,555,1400
2022-12-22 11:19:00,0,0,0,0,0
2022-12-22 11:20:00,0,0,0,0,0
2022-12-22 11:21:00,0,0,0,0,0
2022-12-22 11:22:00,555,555,555,555,1300
2022-12-22 11:23:00,555,555,555,555,900
2022-12-22 11:24:00,0,0,0,0,0
2022-12-22 11:25:00,0,0,0,0,0
2022-12-22 11:26:00,0,0,0,0,0
2022-12-22 11:27:00,0,0,0,0,0
2022-12-22 11:28:00,555,555,555,555,4100
2022-12-22 11:29:00,555,555,560,560,2300
2022-12-22 11:30:00,0,0,0,0,0
2022-12-22 11:31:00,0,0,0,0,0
2022-12-22 11:32:00,0,0,0,0,0
2022-12-22 11:33:00,0,0,0,0,0
2022-12-22 11:34:00,0,0,0,0,0
2022-12-22 11:35:00,0,0,0,0,0
2022-12-22 11:36:00,0,0,0,0,0
2022-12-22 11:37:00,0,0,0,0,0
2022-12-22 11:38:00,0,0,0,0,0
2022-12-22 11:39:00,0,0,0,0,0
2022-12-22 11:40:00,0,0,0,0,0
2022-12-22 11:41:00,0,0,0,0,0
2022-12-22 11:42:00,0,0,0,0,0
2022-12-22 11:43:00,0,0,0,0,0
2022-12-22 11:44:00,0,0,0,0,0
2022-12-22 11:45:00,0,0,0,0,0
2022-12-22 11:46:00,0,0,0,0,0
2022-12-22 11:47:00,0,0,0,0,0
2022-12-22 11:48:00,0,0,0,0,0
2022-12-22 11:49:00,0,0,0,0,0
2022-12-22 11:50:00,0,0,0,0,0
2022-12-22 11:51:00,0,0,0,0,0
2022-12-22 11:52:00,0,0,0,0,0
2022-12-22 11:53:00,0,0,0,0,0
2022-12-22 11:54:00,0,0,0,0,0
2022-12-22 11:55:00,0,0,0,0,0
2022-12-22 11:56:00,0,0,0,0,0
2022-12-22 11:57:00,0,0,0,0,0
2022-12-22 11:58:00,0,0,0,0,0
2022-12-22 11:59:00,0,0,0,0,0
2022-12-22 12:00:00,0,0,0,0,0
2022-12-22 12:01:00,0,0,0,0,0
2022-12-22 12:02:00,0,0,0,0,0
2022-12-22 12:03:00,0,0,0,0,0
2022-12-22 12:04:00,0,0,0,0,0
2022-12-22 12:05:00,0,0,0,0,0
2022-12-22 12:06:00,0,0,0,0,0
2022-12-22 12:07:00,0,0,0,0,0
2022-12-22 12:08:00,0,0,0,0,0
2022-12-22 12:09:00,0,0,0,0,0
2022-12-22 12:10:00,0,0,0,0,0
2022-12-22 12:11:00,0,0,0,0,0
2022-12-22 12:12:00,0,0,0,0,0
2022-12-22 12:13:00,0,0,0,0,0
2022-12-22 12:14:00,0,0,0,0,0
2022-12-22 12:15:00,0,0,0,0,0
2022-12-22 12:16:00,0,0,0,0,0
2022-12-22 12:17:00,0,0,0,0,0
2022-12-22 12:18:00,0,0,0,0,0
2022-12-22 12:19:00,0,0,0,0,0
2022-12-22 12:20:00,0,0,0,0,0
2022-12-22 12:21:00,0,0,0,0,0
2022-12-22 12:22:00,0,0,0,0,0
2022-12-22 12:23:00,0,0,0,0,0
2022-12-22 12:24:00,0,0,0,0,0
2022-12-22 12:25:00,0,0,0,0,0
2022-12-22 12:26:00,0,0,0,0,0
2022-12-22 12:27:00,0,0,0,0,0
2022-12-22 12:28:00,0,0,0,0,0
2022-12-22 12:29:00,0,0,0,0,0
2022-12-22 12:30:00,0,0,0,0,0
2022-12-22 12:31:00,0,0,0,0,0
2022-12-22 12:32:00,0,0,0,0,0
2022-12-22 12:33:00,0,0,0,0,0
2022-12-22 12:34:00,0,0,0,0,0
2022-12-22 12:35:00,0,0,0,0,0
2022-12-22 12:36:00,0,0,0,0,0
2022-12-22 12:37:00,0,0,0,0,0
2022-12-22 12:38:00,0,0,0,0,0
2022-12-22 12:39:00,0,0,0,0,0
2022-12-22 12:40:00,0,0,0,0,0
2022-12-22 12:41:00,0,0,0,0,0
2022-12-22 12:42:00,0,0,0,0,0
2022-12-22 12:43:00,0,0,0,0,0
2022-12-22 12:44:00,0,0,0,0,0
2022-12-22 12:45:00,0,0,0,0,0
2022-12-22 12:46:00,0,0,0,0,0
2022-12-22 12:47:00,0,0,0,0,0
2022-12-22 12:48:00,0,0,0,0,0
2022-12-22 12:49:00,0,0,0,0,0
2022-12-22 12:50:00,0,0,0,0,0
2022-12-22 12:51:00,0,0,0,0,0
2022-12-22 12:52:00,0,0,0,0,0
2022-12-22 12:53:00,0,0,0,0,0
2022-12-22 12:54:00,0,0,0,0,0
2022-12-22 12:55:00,0,0,0,0,0
2022-12-22 12:56:00,0,0,0,0,0
2022-12-22 12:57:00,0,0,0,0,0
2022-12-22 12:58:00,0,0,0,0,0
2022-12-22 12:59:00,0,0,0,0,0
2022-12-22 13:00:00,0,0,0,0,0
2022-12-22 13:01:00,0,0,0,0,0
2022-12-22 13:02:00,0,0,0,0,0
2022-12-22 13:03:00,0,0,0,0,0
2022-12-22 13:04:00,0,0,0,0,0
2022-12-22 13:05:00,0,0,0,0,0
2022-12-22 13:06:00,0,0,0,0,0
2022-12-22 13:07:00,0,0,0,0,0
2022-12-22 13:08:00,0,0,0,0,0
2022-12-22 13:09:00,0,0,0,0,0
2022-12-22 13:10:00,0,0,0,0,0
2022-12-22 13:11:00,0,0,0,0,0
2022-12-22 13:12:00,0,0,0,0,0
2022-12-22 13:13:00,0,0,0,0,0
2022-12-22 13:14:00,0,0,0,0,0
2022-12-22 13:15:00,0,0,0,0,0
2022-12-22 13:16:00,0,0,0,0,0
2022-12-22 13:17:00,0,0,0,0,0
2022-12-22 13:18:00,0,0,0,0,0
2022-12-22 13:19:00,0,0,0,0,0
2022-12-22 13:20:00,0,0,0,0,0
2022-12-22 13:21:00,0,0,0,0,0
2022-12-22 13:22:00,0,0,0,0,0
2022-12-22 13:23:00,0,0,0,0,0
2022-12-22 13:24:00,0,0,0,0,0
2022-12-22 13:25:00,0,0,0,0,0
2022-12-22 13:26:00,0,0,0,0,0
2022-12-22 13:27:00,0,0,0,0,0
2022-12-22 13:28:00,0,0,0,0,0
2022-12-22 13:29:00,0,0,0,0,0
2022-12-22 13:30:00,0,0,0,0,0
2022-12-22 13:31:00,0,0,0,0,0
2022-12-22 13:32:00,0,0,0,0,0
2022-12-22 13:33:00,0,0,0,0,0
2022-12-22 13:34:00,0,0,0,0,0
2022-12-22 13:35:00,0,0,0,0,0
2022-12-22 13:36:00,0,0,0,0,0
2022-12-22 13:37:00,0,0,0,0,0
2022-12-22 13:38:00,0,0,0,0,0
2022-12-22 13:39:00,0,0,0,0,0
2022-12-22 13:40:00,0,0,0,0,0
2022-12-22 13:41:00,555,555,555,555,400
2022-12-22 13:42:00,0,0,0,0,0
2022-12-22 13:43:00,560,560,560,560,600
2022-12-22 13:44:00,0,0,0,0,0
2022-12-22 13:45:00,0,0,0,0,0
2022-12-22 13:46:00,0,0,0,0,0
2022-12-22 13:47:00,0,0,0,0,0
2022-12-22 13:48:00,0,0,0,0,0
2022-12-22 13:49:00,0,0,0,0,0
2022-12-22 13:50:00,0,0,0,0,0
2022-12-22 13:51:00,560,560,560,560,1100
2022-12-22 13:52:00,0,0,0,0,0
2022-12-22 13:53:00,0,0,0,0,0
2022-12-22 13:54:00,0,0,0,0,0
2022-12-22 13:55:00,0,0,0,0,0
2022-12-22 13:56:00,0,0,0,0,0
2022-12-22 13:57:00,0,0,0,0,0
2022-12-22 13:58:00,0,0,0,0,0
2022-12-22 13:59:00,560,560,560,560,1000
2022-12-22 14:00:00,0,0,0,0,0
2022-12-22 14:01:00,0,0,0,0,0
2022-12-22 14:02:00,560,560,560,560,100
2022-12-22 14:03:00,0,0,0,0,0
2022-12-22 14:04:00,0,0,0,0,0
2022-12-22 14:05:00,0,0,0,0,0
2022-12-22 14:06:00,0,0,0,0,0
2022-12-22 14:07:00,0,0,0,0,0
2022-12-22 14:08:00,0,0,0,0,0
2022-12-22 14:09:00,0,0,0,0,0
2022-12-22 14:10:00,0,0,0,0,0
2022-12-22 14:11:00,0,0,0,0,0
2022-12-22 14:12:00,0,0,0,0,0
2022-12-22 14:13:00,560,560,560,560,500
2022-12-22 14:14:00,0,0,0,0,0
2022-12-22 14:15:00,0,0,0,0,0
2022-12-22 14:16:00,0,0,0,0,0
2022-12-22 14:17:00,0,0,0,0,0
2022-12-22 14:18:00,0,0,0,0,0
2022-12-22 14:19:00,0,0,0,0,0
2022-12-22 14:20:00,0,0,0,0,0
2022-12-22 14:21:00,0,0,0,0,0
2022-12-22 14:22:00,0,0,0,0,0
2022-12-22 14:23:00,0,0,0,0,0
2022-12-22 14:24:00,0,0,0,0,0
2022-12-22 14:25:00,0,0,0,0,0
2022-12-22 14:26:00,0,0,0,0,0
2022-12-22 14:27:00,0,0,0,0,0
2022-12-22 14:28:00,0,0,0,0,0
2022-12-22 14:29:00,0,0,0,0,0
2022-12-22 14:30:00,0,0,0,0,0
2022-12-22 14:31:00,0,0,0,0,0
2022-12-22 14:32:00,0,0,0,0,0
2022-12-22 14:33:00,0,0,0,0,0
2022-12-22 14:34:00,0,0,0,0,0
2022-12-22 14:35:00,0,0,0,0,0
2022-12-22 14:36:00,560,560,560,560,600
2022-12-22 14:37:00,0,0,0,0,0
2022-12-22 14:38:00,0,0,0,0,0
2022-12-22 14:39:00,0,0,0,0,0
2022-12-22 14:40:00,0,0,0,0,0
2022-12-22 14:41:00,0,0,0,0,0
2022-12-22 14:42:00,0,0,0,0,0
2022-12-22 14:43:00,0,0,0,0,0
2022-12-22 14:44:00,0,0,0,0,0
2022-12-22 14:45:00,0,0,0,0,0
2022-12-22 14:46:00,0,0,0,0,0
2022-12-22 14:47:00,0,0,0,0,0
2022-12-22 14:48:00,0,0,0,0,0
2022-12-22 14:49:00,0,0,0,0,0
2022-12-22 14:50:00,0,0,0,0,0
2022-12-22 14:51:00,0,0,0,0,0
2022-12-22 14:52:00,0,0,0,0,0
2022-12-22 14:53:00,0,0,0,0,0
2022-12-22 14:54:00,0,0,0,0,0
2022-12-22 14:55:00,0,0,0,0,0
2022-12-22 14:56:00,0,0,0,0,0
2022-12-22 14:57:00,0,0,0,0,0
2022-12-22 14:58:00,0,0,0,0,0
2022-12-22 14:59:00,0,0,0,0,0
2022-12-22 15:00:00,560,560,560,560,202200
2022-12-22 15:01:00,0,0,0,0,0
2022-12-22 15:02:00,0,0,0,0,0
2022-12-22 15:03:00,0,0,0,0,0
2022-12-22 15:04:00,0,0,0,0,0
2022-12-22 15:05:00,0,0,0,0,0
2022-12-22 15:06:00,0,0,0,0,0
2022-12-22 15:07:00,0,0,0,0,0
2022-12-22 15:08:00,0,0,0,0,0
2022-12-22 15:09:00,0,0,0,0,0
2022-12-22 15:10:00,0,0,0,0,0
2022-12-22 15:11:00,0,0,0,0,0
2022-12-22 15:12:00,0,0,0,0,0
2022-12-22 15:13:00,0,0,0,0,0
2022-12-22 15:14:00,0,0,0,0,0
2022-12-22 15:15:00,0,0,0,0,0
2022-12-22 15:16:00,0,0,0,0,0
2022-12-22 15:17:00,0,0,0,0,0
2022-12-22 15:18:00,0,0,0,0,0
2022-12-22 15:19:00,0,0,0,0,0
2022-12-22 15:20:00,0,0,0,0,0
2022-12-22 15:21:00,0,0,0,0,0
2022-12-22 15:22:00,0,0,0,0,0
2022-12-22 15:23:00,0,0,0,0,0
2022-12-22 15:24:00,0,0,0,0,0
2022-12-22 15:25:00,0,0,0,0,0
2022-12-22 15:26:00,0,0,0,0,0
2022-12-22 15:27:00,0,0,0,0,0
2022-12-22 15:28:00,0,0,0,0,0
2022-12-22 15:29:00,0,0,0,0,0
2022-12-22 15:30:00,0,0,0,0,0
2022-12-22 15:31:00,0,0,0,0,0
2022-12-22 15:32:00,0,0,0,0,0
2022-12-22 15:33:00,0,0,0,0,0
2022-12-22 15:34:00,0,0,0,0,0
2022-12-22 15:35:00,0,0,0,0,0
2022-12-22 15:36:00,0,0,0,0,0
2022-12-22 15:37:00,0,0,0,0,0
2022-12-22 15:38:00,0,0,0,0,0
2022-12-22 15:39:00,0,0,0,0,0
2022-12-22 15:40:00,0,0,0,0,0
2022-12-22 15:41:00,0,0,0,0,0
2022-12-22 15:42:00,0,0,0,0,0
2022-12-22 15:43:00,0,0,0,0,0
2022-12-22 15:44:00,0,0,0,0,0
2022-12-22 15:45:00,0,0,0,0,0
2022-12-22 15:46:00,0,0,0,0,0
2022-12-22 15:47:00,0,0,0,0,0
2022-12-22 15:48:00,0,0,0,0,0
2022-12-22 15:49:00,0,0,0,0,0
2022-12-22 15:50:00,0,0,0,0,0
2022-12-22 15:51:00,0,0,0,0,0
2022-12-22 15:52:00,0,0,0,0,0
2022-12-22 15:53:00,0,0,0,0,0
2022-12-22 15:54:00,0,0,0,0,0
2022-12-22 15:55:00,0,0,0,0,0
2022-12-22 15:56:00,0,0,0,0,0
2022-12-22 15:57:00,0,0,0,0,0
2022-12-22 15:58:00,0,0,0,0,0
2022-12-22 15:59:00,0,0,0,0,0
2022-12-23 09:00:00,0,0,0,0,0
2022-12-23 09:01:00,0,0,0,0,0
2022-12-23 09:02:00,0,0,0,0,0
2022-12-23 09:03:00,0,0,0,0,0
2022-12-23 09:04:00,0,0,0,0,0
2022-12-23 09:05:00,0,0,0,0,0
2022-12-23 09:06:00,0,0,0,0,0
2022-12-23 09:07:00,0,0,0,0,0
2022-12-23 09:08:00,0,0,0,0,0
2022-12-23 09:09:00,560,560,560,560,0
2022-12-23 09:10:00,0,0,0,0,0
2022-12-23 09:11:00,0,0,0,0,0
2022-12-23 09:12:00,0,0,0,0,0
2022-12-23 09:13:00,0,0,0,0,0
2022-12-23 09:14:00,0,0,0,0,0
2022-12-23 09:15:00,0,0,0,0,0
2022-12-23 09:16:00,0,0,0,0,0
2022-12-23 09:17:00,0,0,0,0,0
2022-12-23 09:18:00,0,0,0,0,0
2022-12-23 09:19:00,0,0,0,0,0
2022-12-23 09:20:00,0,0,0,0,0
2022-12-23 09:21:00,0,0,0,0,0
2022-12-23 09:22:00,0,0,0,0,0
2022-12-23 09:23:00,0,0,0,0,0
2022-12-23 09:24:00,0,0,0,0,0
2022-12-23 09:25:00,0,0,0,0,0
2022-12-23 09:26:00,0,0,0,0,0
2022-12-23 09:27:00,0,0,0,0,0
2022-12-23 09:28:00,0,0,0,0,0
2022-12-23 09:29:00,0,0,0,0,0
2022-12-23 09:30:00,0,0,0,0,0
2022-12-23 09:31:00,0,0,0,0,0
2022-12-23 09:32:00,0,0,0,0,0
2022-12-23 09:33:00,0,0,0,0,0
2022-12-23 09:34:00,0,0,0,0,0
2022-12-23 09:35:00,0,0,0,0,0
2022-12-23 09:36:00,0,0,0,0,0
2022-12-23 09:37:00,0,0,0,0,0
2022-12-23 09:38:00,0,0,0,0,0
2022-12-23 09:39:00,0,0,0,0,0
2022-12-23 09:40:00,0,0,0,0,0
2022-12-23 09:41:00,0,0,0,0,0
2022-12-23 09:42:00,0,0,0,0,0
2022-12-23 09:43:00,0,0,0,0,0
2022-12-23 09:44:00,0,0,0,0,0
2022-12-23 09:45:00,0,0,0,0,0
2022-12-23 09:46:00,560,560,560,560,500
2022-12-23 09:47:00,0,0,0,0,0
2022-12-23 09:48:00,0,0,0,0,0
2022-12-23 09:49:00,0,0,0,0,0
2022-12-23 09:50:00,0,0,0,0,0
2022-12-23 09:51:00,0,0,0,0,0
2022-12-23 09:52:00,0,0,0,0,0
2022-12-23 09:53:00,0,0,0,0,0
2022-12-23 09:54:00,0,0,0,0,0
2022-12-23 09:55:00,0,0,0,0,0
2022-12-23 09:56:00,560,560,560,560,1000
2022-12-23 09:57:00,0,0,0,0,0
2022-12-23 09:58:00,0,0,0,0,0
2022-12-23 09:59:00,0,0,0,0,0
2022-12-23 10:00:00,0,0,0,0,0
2022-12-23 10:01:00,0,0,0,0,0
2022-12-23 10:02:00,0,0,0,0,0
2022-12-23 10:03:00,0,0,0,0,0
2022-12-23 10:04:00,0,0,0,0,0
2022-12-23 10:05:00,0,0,0,0,0
2022-12-23 10:06:00,0,0,0,0,0
2022-12-23 10:07:00,0,0,0,0,0
2022-12-23 10:08:00,0,0,0,0,0
2022-12-23 10:09:00,0,0,0,0,0
2022-12-23 10:10:00,0,0,0,0,0
2022-12-23 10:11:00,0,0,0,0,0
2022-12-23 10:12:00,0,0,0,0,0
2022-12-23 10:13:00,0,0,0,0,0
2022-12-23 10:14:00,0,0,0,0,0
2022-12-23 10:15:00,0,0,0,0,0
2022-12-23 10:16:00,0,0,0,0,0
2022-12-23 10:17:00,0,0,0,0,0
2022-12-23 10:18:00,0,0,0,0,0
2022-12-23 10:19:00,0,0,0,0,0
2022-12-23 10:20:00,0,0,0,0,0
2022-12-23 10:21:00,0,0,0,0,0
2022-12-23 10:22:00,0,0,0,0,0
2022-12-23 10:23:00,0,0,0,0,0
2022-12-23 10:24:00,0,0,0,0,0
2022-12-23 10:25:00,0,0,0,0,0
2022-12-23 10:26:00,0,0,0,0,0
2022-12-23 10:27:00,0,0,0,0,0
2022-12-23 10:28:00,0,0,0,0,0
2022-12-23 10:29:00,0,0,0,0,0
2022-12-23 10:30:00,0,0,0,0,0
2022-12-23 10:31:00,0,0,0,0,0
2022-12-23 10:32:00,0,0,0,0,0
2022-12-23 10:33:00,0,0,0,0,0
2022-12-23 10:34:00,0,0,0,0,0
2022-12-23 10:35:00,0,0,0,0,0
2022-12-23 10:36:00,0,0,0,0,0
2022-12-23 10:37:00,0,0,0,0,0
2022-12-23 10:38:00,0,0,0,0,0
2022-12-23 10:39:00,0,0,0,0,0
2022-12-23 10:40:00,0,0,0,0,0
2022-12-23 10:41:00,0,0,0,0,0
2022-12-23 10:42:00,0,0,0,0,0
2022-12-23 10:43:00,0,0,0,0,0
2022-12-23 10:44:00,0,0,0,0,0
2022-12-23 10:45:00,0,0,0,0,0
2022-12-23 10:46:00,0,0,0,0,0
2022-12-23 10:47:00,0,0,0,0,0
2022-12-23 10:48:00,0,0,0,0,0
2022-12-23 10:49:00,555,555,555,555,1000
2022-12-23 10:50:00,560,560,560,560,600
2022-12-23 10:51:00,0,0,0,0,0
2022-12-23 10:52:00,0,0,0,0,0
2022-12-23 10:53:00,0,0,0,0,0
2022-12-23 10:54:00,0,0,0,0,0
2022-12-23 10:55:00,0,0,0,0,0
2022-12-23 10:56:00,0,0,0,0,0
2022-12-23 10:57:00,0,0,0,0,0
2022-12-23 10:58:00,0,0,0,0,0
2022-12-23 10:59:00,0,0,0,0,0
2022-12-23 11:00:00,0,0,0,0,0
2022-12-23 11:01:00,0,0,0,0,0
2022-12-23 11:02:00,0,0,0,0,0
2022-12-23 11:03:00,0,0,0,0,0
2022-12-23 11:04:00,0,0,0,0,0
2022-12-23 11:05:00,0,0,0,0,0
2022-12-23 11:06:00,0,0,0,0,0
2022-12-23 11:07:00,0,0,0,0,0
2022-12-23 11:08:00,0,0,0,0,0
2022-12-23 11:09:00,0,0,0,0,0
2022-12-23 11:10:00,0,0,0,0,0
2022-12-23 11:11:00,0,0,0,0,0
2022-12-23 11:12:00,0,0,0,0,0
2022-12-23 11:13:00,0,0,0,0,0
2022-12-23 11:14:00,0,0,0,0,0
2022-12-23 11:15:00,0,0,0,0,0
2022-12-23 11:16:00,0,0,0,0,0
2022-12-23 11:17:00,0,0,0,0,0
2022-12-23 11:18:00,0,0,0,0,0
2022-12-23 11:19:00,0,0,0,0,0
2022-12-23 11:20:00,560,560,560,560,1200
2022-12-23 11:21:00,555,555,555,555,0
2022-12-23 11:22:00,0,0,0,0,0
2022-12-23 11:23:00,555,555,555,555,0
2022-12-23 11:24:00,0,0,0,0,0
2022-12-23 11:25:00,560,560,560,560,1300
2022-12-23 11:26:00,0,0,0,0,0
2022-12-23 11:27:00,0,0,0,0,0
2022-12-23 11:28:00,560,560,560,560,0
2022-12-23 11:29:00,0,0,0,0,0
2022-12-23 11:30:00,0,0,0,0,0
2022-12-23 11:31:00,0,0,0,0,0
2022-12-23 11:32:00,0,0,0,0,0
2022-12-23 11:33:00,0,0,0,0,0
2022-12-23 11:34:00,0,0,0,0,0
2022-12-23 11:35:00,0,0,0,0,0
2022-12-23 11:36:00,0,0,0,0,0
2022-12-23 11:37:00,0,0,0,0,0
2022-12-23 11:38:00,0,0,0,0,0
2022-12-23 11:39:00,0,0,0,0,0
2022-12-23 11:40:00,0,0,0,0,0
2022-12-23 11:41:00,0,0,0,0,0
2022-12-23 11:42:00,0,0,0,0,0
2022-12-23 11:43:00,0,0,0,0,0
2022-12-23 11:44:00,0,0,0,0,0
2022-12-23 11:45:00,0,0,0,0,0
2022-12-23 11:46:00,0,0,0,0,0
2022-12-23 11:47:00,0,0,0,0,0
2022-12-23 11:48:00,0,0,0,0,0
2022-12-23 11:49:00,0,0,0,0,0
2022-12-23 11:50:00,0,0,0,0,0
2022-12-23 11:51:00,0,0,0,0,0
2022-12-23 11:52:00,0,0,0,0,0
2022-12-23 11:53:00,0,0,0,0,0
2022-12-23 11:54:00,0,0,0,0,0
2022-12-23 11:55:00,0,0,0,0,0
2022-12-23 11:56:00,0,0,0,0,0
2022-12-23 11:57:00,0,0,0,0,0
2022-12-23 11:58:00,0,0,0,0,0
2022-12-23 11:59:00,0,0,0,0,0
2022-12-23 12:00:00,0,0,0,0,0
2022-12-23 12:01:00,0,0,0,0,0
2022-12-23 12:02:00,0,0,0,0,0
2022-12-23 12:03:00,0,0,0,0,0
2022-12-23 12:04:00,0,0,0,0,0
2022-12-23 12:05:00,0,0,0,0,0
2022-12-23 12:06:00,0,0,0,0,0
2022-12-23 12:07:00,0,0,0,0,0
2022-12-23 12:08:00,0,0,0,0,0
2022-12-23 12:09:00,0,0,0,0,0
2022-12-23 12:10:00,0,0,0,0,0
2022-12-23 12:11:00,0,0,0,0,0
2022-12-23 12:12:00,0,0,0,0,0
2022-12-23 12:13:00,0,0,0,0,0
2022-12-23 12:14:00,0,0,0,0,0
2022-12-23 12:15:00,0,0,0,0,0
2022-12-23 12:16:00,0,0,0,0,0
2022-12-23 12:17:00,0,0,0,0,0
2022-12-23 12:18:00,0,0,0,0,0
2022-12-23 12:19:00,0,0,0,0,0
2022-12-23 12:20:00,0,0,0,0,0
2022-12-23 12:21:00,0,0,0,0,0
2022-12-23 12:22:00,0,0,0,0,0
2022-12-23 12:23:00,0,0,0,0,0
2022-12-23 12:24:00,0,0,0,0,0
2022-12-23 12:25:00,0,0,0,0,0
2022-12-23 12:26:00,0,0,0,0,0
2022-12-23 12:27:00,0,0,0,0,0
2022-12-23 12:28:00,0,0,0,0,0
2022-12-23 12:29:00,0,0,0,0,0
2022-12-23 12:30:00,0,0,0,0,0
2022-12-23 12:31:00,0,0,0,0,0
2022-12-23 12:32:00,0,0,0,0,0
2022-12-23 12:33:00,0,0,0,0,0
2022-12-23 12:34:00,0,0,0,0,0
2022-12-23 12:35:00,0,0,0,0,0
2022-12-23 12:36:00,0,0,0,0,0
2022-12-23 12:37:00,0,0,0,0,0
2022-12-23 12:38:00,0,0,0,0,0
2022-12-23 12:39:00,0,0,0,0,0
2022-12-23 12:40:00,0,0,0,0,0
2022-12-23 12:41:00,0,0,0,0,0
2022-12-23 12:42:00,0,0,0,0,0
2022-12-23 12:43:00,0,0,0,0,0
2022-12-23 12:44:00,0,0,0,0,0
2022-12-23 12:45:00,0,0,0,0,0
2022-12-23 12:46:00,0,0,0,0,0
2022-12-23 12:47:00,0,0,0,0,0
2022-12-23 12:48:00,0,0,0,0,0
2022-12-23 12:49:00,0,0,0,0,0
2022-12-23 12:50:00,0,0,0,0,0
2022-12-23 12:51:00,0,0,0,0,0
2022-12-23 12:52:00,0,0,0,0,0
2022-12-23 12:53:00,0,0,0,0,0
2022-12-23 12:54:00,0,0,0,0,0
2022-12-23 12:55:00,0,0,0,0,0
2022-12-23 12:56:00,0,0,0,0,0
2022-12-23 12:57:00,0,0,0,0,0
2022-12-23 12:58:00,0,0,0,0,0
2022-12-23 12:59:00,0,0,0,0,0
2022-12-23 13:00:00,0,0,0,0,0
2022-12-23 13:01:00,0,0,0,0,0
2022-12-23 13:02:00,0,0,0,0,0
2022-12-23 13:03:00,0,0,0,0,0
2022-12-23 13:04:00,0,0,0,0,0
2022-12-23 13:05:00,0,0,0,0,0
2022-12-23 13:06:00,0,0,0,0,0
2022-12-23 13:07:00,0,0,0,0,0
2022-12-23 13:08:00,0,0,0,0,0
2022-12-23 13:09:00,0,0,0,0,0
2022-12-23 13:10:00,0,0,0,0,0
2022-12-23 13:11:00,0,0,0,0,0
2022-12-23 13:12:00,0,0,0,0,0
2022-12-23 13:13:00,0,0,0,0,0
2022-12-23 13:14:00,0,0,0,0,0
2022-12-23 13:15:00,0,0,0,0,0
2022-12-23 13:16:00,0,0,0,0,0
2022-12-23 13:17:00,0,0,0,0,0
2022-12-23 13:18:00,0,0,0,0,0
2022-12-23 13:19:00,0,0,0,0,0
2022-12-23 13:20:00,0,0,0,0,0
2022-12-23 13:21:00,0,0,0,0,0
2022-12-23 13:22:00,0,0,0,0,0
2022-12-23 13:23:00,0,0,0,0,0
2022-12-23 13:24:00,0,0,0,0,0
2022-12-23 13:25:00,0,0,0,0,0
2022-12-23 13:26:00,0,0,0,0,0
2022-12-23 13:27:00,0,0,0,0,0
2022-12-23 13:28:00,0,0,0,0,0
2022-12-23 13:29:00,0,0,0,0,0
2022-12-23 13:30:00,560,560,560,560,100
2022-12-23 13:31:00,0,0,0,0,0
2022-12-23 13:32:00,0,0,0,0,0
2022-12-23 13:33:00,0,0,0,0,0
2022-12-23 13:34:00,0,0,0,0,0
2022-12-23 13:35:00,0,0,0,0,0
2022-12-23 13:36:00,0,0,0,0,0
2022-12-23 13:37:00,0,0,0,0,0
2022-12-23 13:38:00,0,0,0,0,0
2022-12-23 13:39:00,0,0,0,0,0
2022-12-23 13:40:00,555,555,555,555,2900
2022-12-23 13:41:00,0,0,0,0,0
2022-12-23 13:42:00,550,550,560,560,2000
2022-12-23 13:43:00,560,560,560,560,500
2022-12-23 13:44:00,0,0,0,0,0
2022-12-23 13:45:00,0,0,0,0,0
2022-12-23 13:46:00,0,0,0,0,0
2022-12-23 13:47:00,0,0,0,0,0
2022-12-23 13:48:00,0,0,0,0,0
2022-12-23 13:49:00,0,0,0,0,0
2022-12-23 13:50:00,0,0,0,0,0
2022-12-23 13:51:00,0,0,0,0,0
2022-12-23 13:52:00,0,0,0,0,0
2022-12-23 13:53:00,0,0,0,0,0
2022-12-23 13:54:00,0,0,0,0,0
2022-12-23 13:55:00,0,0,0,0,0
2022-12-23 13:56:00,0,0,0,0,0
2022-12-23 13:57:00,0,0,0,0,0
2022-12-23 13:58:00,0,0,0,0,0
2022-12-23 13:59:00,0,0,0,0,0
2022-12-23 14:00:00,0,0,0,0,0
2022-12-23 14:01:00,0,0,0,0,0
2022-12-23 14:02:00,0,0,0,0,0
2022-12-23 14:03:00,0,0,0,0,0
2022-12-23 14:04:00,0,0,0,0,0
2022-12-23 14:05:00,0,0,0,0,0
2022-12-23 14:06:00,0,0,0,0,0
2022-12-23 14:07:00,0,0,0,0,0
2022-12-23 14:08:00,0,0,0,0,0
2022-12-23 14:09:00,0,0,0,0,0
2022-12-23 14:10:00,0,0,0,0,0
2022-12-23 14:11:00,0,0,0,0,0
2022-12-23 14:12:00,0,0,0,0,0
2022-12-23 14:13:00,0,0,0,0,0
2022-12-23 14:14:00,0,0,0,0,0
2022-12-23 14:15:00,0,0,0,0,0
2022-12-23 14:16:00,0,0,0,0,0
2022-12-23 14:17:00,0,0,0,0,0
2022-12-23 14:18:00,0,0,0,0,0
2022-12-23 14:19:00,0,0,0,0,0
2022-12-23 14:20:00,0,0,0,0,0
2022-12-23 14:21:00,0,0,0,0,0
2022-12-23 14:22:00,0,0,0,0,0
2022-12-23 14:23:00,0,0,0,0,0
2022-12-23 14:24:00,0,0,0,0,0
2022-12-23 14:25:00,0,0,0,0,0
2022-12-23 14:26:00,0,0,0,0,0
2022-12-23 14:27:00,555,555,555,555,2700
2022-12-23 14:28:00,560,560,560,560,700
2022-12-23 14:29:00,560,560,560,560,100
2022-12-23 14:30:00,0,0,0,0,0
2022-12-23 14:31:00,0,0,0,0,0
2022-12-23 14:32:00,0,0,0,0,0
2022-12-23 14:33:00,0,0,0,0,0
2022-12-23 14:34:00,0,0,0,0,0
2022-12-23 14:35:00,0,0,0,0,0
2022-12-23 14:36:00,0,0,0,0,0
2022-12-23 14:37:00,0,0,0,0,0
2022-12-23 14:38:00,0,0,0,0,0
2022-12-23 14:39:00,0,0,0,0,0
2022-12-23 14:40:00,0,0,0,0,0
2022-12-23 14:41:00,0,0,0,0,0
2022-12-23 14:42:00,0,0,0,0,0
2022-12-23 14:43:00,0,0,0,0,0
2022-12-23 14:44:00,0,0,0,0,0
2022-12-23 14:45:00,0,0,0,0,0
2022-12-23 14:46:00,560,560,560,560,106100
2022-12-23 14:47:00,0,0,0,0,0
2022-12-23 14:48:00,560,560,560,560,0
2022-12-23 14:49:00,560,560,560,560,500
2022-12-23 14:50:00,0,0,0,0,0
2022-12-23 14:51:00,0,0,0,0,0
2022-12-23 14:52:00,0,0,0,0,0
2022-12-23 14:53:00,0,0,0,0,0
2022-12-23 14:54:00,0,0,0,0,0
2022-12-23 14:55:00,0,0,0,0,0
2022-12-23 14:56:00,0,0,0,0,0
2022-12-23 14:57:00,0,0,0,0,0
2022-12-23 14:58:00,0,0,0,0,0
2022-12-23 14:59:00,0,0,0,0,0
2022-12-23 15:00:00,560,560,560,560,66400
2022-12-23 15:01:00,0,0,0,0,0
2022-12-23 15:02:00,0,0,0,0,0
2022-12-23 15:03:00,0,0,0,0,0
2022-12-23 15:04:00,0,0,0,0,0
2022-12-23 15:05:00,0,0,0,0,0
2022-12-23 15:06:00,0,0,0,0,0
2022-12-23 15:07:00,0,0,0,0,0
2022-12-23 15:08:00,0,0,0,0,0
2022-12-23 15:09:00,0,0,0,0,0
2022-12-23 15:10:00,0,0,0,0,0
2022-12-23 15:11:00,0,0,0,0,0
2022-12-23 15:12:00,0,0,0,0,0
2022-12-23 15:13:00,0,0,0,0,0
2022-12-23 15:14:00,0,0,0,0,0
2022-12-23 15:15:00,0,0,0,0,0
2022-12-23 15:16:00,0,0,0,0,0
2022-12-23 15:17:00,0,0,0,0,0
2022-12-23 15:18:00,0,0,0,0,0
2022-12-23 15:19:00,0,0,0,0,0
2022-12-23 15:20:00,0,0,0,0,0
2022-12-23 15:21:00,0,0,0,0,0
2022-12-23 15:22:00,0,0,0,0,0
2022-12-23 15:23:00,0,0,0,0,0
2022-12-23 15:24:00,0,0,0,0,0
2022-12-23 15:25:00,0,0,0,0,0
2022-12-23 15:26:00,0,0,0,0,0
2022-12-23 15:27:00,0,0,0,0,0
2022-12-23 15:28:00,0,0,0,0,0
2022-12-23 15:29:00,0,0,0,0,0
2022-12-23 15:30:00,0,0,0,0,0
2022-12-23 15:31:00,0,0,0,0,0
2022-12-23 15:32:00,0,0,0,0,0
2022-12-23 15:33:00,0,0,0,0,0
2022-12-23 15:34:00,0,0,0,0,0
2022-12-23 15:35:00,0,0,0,0,0
2022-12-23 15:36:00,0,0,0,0,0
2022-12-23 15:37:00,0,0,0,0,0
2022-12-23 15:38:00,0,0,0,0,0
2022-12-23 15:39:00,0,0,0,0,0
2022-12-23 15:40:00,0,0,0,0,0
2022-12-23 15:41:00,0,0,0,0,0
2022-12-23 15:42:00,0,0,0,0,0
2022-12-23 15:43:00,0,0,0,0,0
2022-12-23 15:44:00,0,0,0,0,0
2022-12-23 15:45:00,0,0,0,0,0
2022-12-23 15:46:00,0,0,0,0,0
2022-12-23 15:47:00,0,0,0,0,0
2022-12-23 15:48:00,0,0,0,0,0
2022-12-23 15:49:00,0,0,0,0,0
2022-12-23 15:50:00,0,0,0,0,0
2022-12-23 15:51:00,0,0,0,0,0
2022-12-23 15:52:00,0,0,0,0,0
2022-12-23 15:53:00,0,0,0,0,0
2022-12-23 15:54:00,0,0,0,0,0
2022-12-23 15:55:00,0,0,0,0,0
2022-12-23 15:56:00,0,0,0,0,0
2022-12-23 15:57:00,0,0,0,0,0
2022-12-23 15:58:00,0,0,0,0,0
2022-12-23 15:59:00,0,0,0,0,0
2022-12-26 09:00:00,560,560,560,560,0
2022-12-26 09:01:00,0,0,0,0,0
2022-12-26 09:02:00,0,0,0,0,0
2022-12-26 09:03:00,0,0,0,0,0
2022-12-26 09:04:00,0,0,0,0,0
2022-12-26 09:05:00,0,0,0,0,0
2022-12-26 09:06:00,0,0,0,0,0
2022-12-26 09:07:00,0,0,0,0,0
2022-12-26 09:08:00,0,0,0,0,0
2022-12-26 09:09:00,0,0,0,0,0
2022-12-26 09:10:00,0,0,0,0,0
2022-12-26 09:11:00,0,0,0,0,0
2022-12-26 09:12:00,0,0,0,0,0
2022-12-26 09:13:00,0,0,0,0,0
2022-12-26 09:14:00,0,0,0,0,0
2022-12-26 09:15:00,0,0,0,0,0
2022-12-26 09:16:00,0,0,0,0,0
2022-12-26 09:17:00,550,550,550,550,1400
2022-12-26 09:18:00,560,560,560,560,0
2022-12-26 09:19:00,0,0,0,0,0
2022-12-26 09:20:00,0,0,0,0,0
2022-12-26 09:21:00,0,0,0,0,0
2022-12-26 09:22:00,0,0,0,0,0
2022-12-26 09:23:00,0,0,0,0,0
2022-12-26 09:24:00,0,0,0,0,0
2022-12-26 09:25:00,0,0,0,0,0
2022-12-26 09:26:00,0,0,0,0,0
2022-12-26 09:27:00,0,0,0,0,0
2022-12-26 09:28:00,0,0,0,0,0
2022-12-26 09:29:00,0,0,0,0,0
2022-12-26 09:30:00,0,0,0,0,0
2022-12-26 09:31:00,0,0,0,0,0
2022-12-26 09:32:00,0,0,0,0,0
2022-12-26 09:33:00,0,0,0,0,0
2022-12-26 09:34:00,0,0,0,0,0
2022-12-26 09:35:00,550,550,550,550,7400
2022-12-26 09:36:00,560,560,560,560,0
2022-12-26 09:37:00,0,0,0,0,0
2022-12-26 09:38:00,0,0,0,0,0
2022-12-26 09:39:00,0,0,0,0,0
2022-12-26 09:40:00,0,0,0,0,0
2022-12-26 09:41:00,0,0,0,0,0
2022-12-26 09:42:00,0,0,0,0,0
2022-12-26 09:43:00,0,0,0,0,0
2022-12-26 09:44:00,0,0,0,0,0
2022-12-26 09:45:00,0,0,0,0,0
2022-12-26 09:46:00,0,0,0,0,0
2022-12-26 09:47:00,0,0,0,0,0
2022-12-26 09:48:00,0,0,0,0,0
2022-12-26 09:49:00,0,0,0,0,0
2022-12-26 09:50:00,0,0,0,0,0
2022-12-26 09:51:00,0,0,0,0,0
2022-12-26 09:52:00,0,0,0,0,0
2022-12-26 09:53:00,560,560,560,560,100
2022-12-26 09:54:00,0,0,0,0,0
2022-12-26 09:55:00,0,0,0,0,0
2022-12-26 09:56:00,0,0,0,0,0
2022-12-26 09:57:00,0,0,0,0,0
2022-12-26 09:58:00,560,560,560,560,800
2022-12-26 09:59:00,0,0,0,0,0
2022-12-26 10:00:00,0,0,0,0,0
2022-12-26 10:01:00,0,0,0,0,0
2022-12-26 10:02:00,560,560,560,560,100
2022-12-26 10:03:00,0,0,0,0,0
2022-12-26 10:04:00,0,0,0,0,0
2022-12-26 10:05:00,0,0,0,0,0
2022-12-26 10:06:00,0,0,0,0,0
2022-12-26 10:07:00,0,0,0,0,0
2022-12-26 10:08:00,0,0,0,0,0
2022-12-26 10:09:00,0,0,0,0,0
2022-12-26 10:10:00,0,0,0,0,0
2022-12-26 10:11:00,0,0,0,0,0
2022-12-26 10:12:00,0,0,0,0,0
2022-12-26 10:13:00,0,0,0,0,0
2022-12-26 10:14:00,0,0,0,0,0
2022-12-26 10:15:00,0,0,0,0,0
2022-12-26 10:16:00,0,0,0,0,0
2022-12-26 10:17:00,0,0,0,0,0
2022-12-26 10:18:00,0,0,0,0,0
2022-12-26 10:19:00,0,0,0,0,0
2022-12-26 10:20:00,0,0,0,0,0
2022-12-26 10:21:00,0,0,0,0,0
2022-12-26 10:22:00,0,0,0,0,0
2022-12-26 10:23:00,0,0,0,0,0
2022-12-26 10:24:00,0,0,0,0,0
2022-12-26 10:25:00,0,0,0,0,0
2022-12-26 10:26:00,0,0,0,0,0
2022-12-26 10:27:00,0,0,0,0,0
2022-12-26 10:28:00,0,0,0,0,0
2022-12-26 10:29:00,0,0,0,0,0
2022-12-26 10:30:00,0,0,0,0,0
2022-12-26 10:31:00,0,0,0,0,0
2022-12-26 10:32:00,0,0,0,0,0
2022-12-26 10:33:00,0,0,0,0,0
2022-12-26 10:34:00,0,0,0,0,0
2022-12-26 10:35:00,0,0,0,0,0
2022-12-26 10:36:00,0,0,0,0,0
2022-12-26 10:37:00,0,0,0,0,0
2022-12-26 10:38:00,0,0,0,0,0
2022-12-26 10:39:00,0,0,0,0,0
2022-12-26 10:40:00,0,0,0,0,0
2022-12-26 10:41:00,0,0,0,0,0
2022-12-26 10:42:00,0,0,0,0,0
2022-12-26 10:43:00,0,0,0,0,0
2022-12-26 10:44:00,0,0,0,0,0
2022-12-26 10:45:00,0,0,0,0,0
2022-12-26 10:46:00,0,0,0,0,0
2022-12-26 10:47:00,0,0,0,0,0
2022-12-26 10:48:00,0,0,0,0,0
2022-12-26 10:49:00,550,550,550,550,3600
2022-12-26 10:50:00,0,0,0,0,0
2022-12-26 10:51:00,0,0,0,0,0
2022-12-26 10:52:00,555,555,555,555,0
2022-12-26 10:53:00,0,0,0,0,0
2022-12-26 10:54:00,0,0,0,0,0
2022-12-26 10:55:00,0,0,0,0,0
2022-12-26 10:56:00,0,0,0,0,0
2022-12-26 10:57:00,0,0,0,0,0
2022-12-26 10:58:00,0,0,0,0,0
2022-12-26 10:59:00,0,0,0,0,0
2022-12-26 11:00:00,0,0,0,0,0
2022-12-26 11:01:00,0,0,0,0,0
2022-12-26 11:02:00,0,0,0,0,0
2022-12-26 11:03:00,0,0,0,0,0
2022-12-26 11:04:00,0,0,0,0,0
2022-12-26 11:05:00,0,0,0,0,0
2022-12-26 11:06:00,0,0,0,0,0
2022-12-26 11:07:00,0,0,0,0,0
2022-12-26 11:08:00,0,0,0,0,0
2022-12-26 11:09:00,0,0,0,0,0
2022-12-26 11:10:00,0,0,0,0,0
2022-12-26 11:11:00,0,0,0,0,0
2022-12-26 11:12:00,0,0,0,0,0
2022-12-26 11:13:00,0,0,0,0,0
2022-12-26 11:14:00,0,0,0,0,0
2022-12-26 11:15:00,0,0,0,0,0
2022-12-26 11:16:00,0,0,0,0,0
2022-12-26 11:17:00,555,555,555,555,300
2022-12-26 11:18:00,0,0,0,0,0
2022-12-26 11:19:00,0,0,0,0,0
2022-12-26 11:20:00,0,0,0,0,0
2022-12-26 11:21:00,0,0,0,0,0
2022-12-26 11:22:00,0,0,0,0,0
2022-12-26 11:23:00,0,0,0,0,0
2022-12-26 11:24:00,0,0,0,0,0
2022-12-26 11:25:00,0,0,0,0,0
2022-12-26 11:26:00,555,555,555,555,1000
2022-12-26 11:27:00,555,555,555,555,500
2022-12-26 11:28:00,555,555,555,555,300
2022-12-26 11:29:00,555,555,555,555,500
2022-12-26 11:30:00,0,0,0,0,0
2022-12-26 11:31:00,0,0,0,0,0
2022-12-26 11:32:00,0,0,0,0,0
2022-12-26 11:33:00,0,0,0,0,0
2022-12-26 11:34:00,0,0,0,0,0
2022-12-26 11:35:00,0,0,0,0,0
2022-12-26 11:36:00,0,0,0,0,0
2022-12-26 11:37:00,0,0,0,0,0
2022-12-26 11:38:00,0,0,0,0,0
2022-12-26 11:39:00,0,0,0,0,0
2022-12-26 11:40:00,0,0,0,0,0
2022-12-26 11:41:00,0,0,0,0,0
2022-12-26 11:42:00,0,0,0,0,0
2022-12-26 11:43:00,0,0,0,0,0
2022-12-26 11:44:00,0,0,0,0,0
2022-12-26 11:45:00,0,0,0,0,0
2022-12-26 11:46:00,0,0,0,0,0
2022-12-26 11:47:00,0,0,0,0,0
2022-12-26 11:48:00,0,0,0,0,0
2022-12-26 11:49:00,0,0,0,0,0
2022-12-26 11:50:00,0,0,0,0,0
2022-12-26 11:51:00,0,0,0,0,0
2022-12-26 11:52:00,0,0,0,0,0
2022-12-26 11:53:00,0,0,0,0,0
2022-12-26 11:54:00,0,0,0,0,0
2022-12-26 11:55:00,0,0,0,0,0
2022-12-26 11:56:00,0,0,0,0,0
2022-12-26 11:57:00,0,0,0,0,0
2022-12-26 11:58:00,0,0,0,0,0
2022-12-26 11:59:00,0,0,0,0,0
2022-12-26 12:00:00,0,0,0,0,0
2022-12-26 12:01:00,0,0,0,0,0
2022-12-26 12:02:00,0,0,0,0,0
2022-12-26 12:03:00,0,0,0,0,0
2022-12-26 12:04:00,0,0,0,0,0
2022-12-26 12:05:00,0,0,0,0,0
2022-12-26 12:06:00,0,0,0,0,0
2022-12-26 12:07:00,0,0,0,0,0
2022-12-26 12:08:00,0,0,0,0,0
2022-12-26 12:09:00,0,0,0,0,0
2022-12-26 12:10:00,0,0,0,0,0
2022-12-26 12:11:00,0,0,0,0,0
2022-12-26 12:12:00,0,0,0,0,0
2022-12-26 12:13:00,0,0,0,0,0
2022-12-26 12:14:00,0,0,0,0,0
2022-12-26 12:15:00,0,0,0,0,0
2022-12-26 12:16:00,0,0,0,0,0
2022-12-26 12:17:00,0,0,0,0,0
2022-12-26 12:18:00,0,0,0,0,0
2022-12-26 12:19:00,0,0,0,0,0
2022-12-26 12:20:00,0,0,0,0,0
2022-12-26 12:21:00,0,0,0,0,0
2022-12-26 12:22:00,0,0,0,0,0
2022-12-26 12:23:00,0,0,0,0,0
2022-12-26 12:24:00,0,0,0,0,0
2022-12-26 12:25:00,0,0,0,0,0
2022-12-26 12:26:00,0,0,0,0,0
2022-12-26 12:27:00,0,0,0,0,0
2022-12-26 12:28:00,0,0,0,0,0
2022-12-26 12:29:00,0,0,0,0,0
2022-12-26 12:30:00,0,0,0,0,0
2022-12-26 12:31:00,0,0,0,0,0
2022-12-26 12:32:00,0,0,0,0,0
2022-12-26 12:33:00,0,0,0,0,0
2022-12-26 12:34:00,0,0,0,0,0
2022-12-26 12:35:00,0,0,0,0,0
2022-12-26 12:36:00,0,0,0,0,0
2022-12-26 12:37:00,0,0,0,0,0
2022-12-26 12:38:00,0,0,0,0,0
2022-12-26 12:39:00,0,0,0,0,0
2022-12-26 12:40:00,0,0,0,0,0
2022-12-26 12:41:00,0,0,0,0,0
2022-12-26 12:42:00,0,0,0,0,0
2022-12-26 12:43:00,0,0,0,0,0
2022-12-26 12:44:00,0,0,0,0,0
2022-12-26 12:45:00,0,0,0,0,0
2022-12-26 12:46:00,0,0,0,0,0
2022-12-26 12:47:00,0,0,0,0,0
2022-12-26 12:48:00,0,0,0,0,0
2022-12-26 12:49:00,0,0,0,0,0
2022-12-26 12:50:00,0,0,0,0,0
2022-12-26 12:51:00,0,0,0,0,0
2022-12-26 12:52:00,0,0,0,0,0
2022-12-26 12:53:00,0,0,0,0,0
2022-12-26 12:54:00,0,0,0,0,0
2022-12-26 12:55:00,0,0,0,0,0
2022-12-26 12:56:00,0,0,0,0,0
2022-12-26 12:57:00,0,0,0,0,0
2022-12-26 12:58:00,0,0,0,0,0
2022-12-26 12:59:00,0,0,0,0,0
2022-12-26 13:00:00,0,0,0,0,0
2022-12-26 13:01:00,0,0,0,0,0
2022-12-26 13:02:00,0,0,0,0,0
2022-12-26 13:03:00,0,0,0,0,0
2022-12-26 13:04:00,0,0,0,0,0
2022-12-26 13:05:00,0,0,0,0,0
2022-12-26 13:06:00,0,0,0,0,0
2022-12-26 13:07:00,0,0,0,0,0
2022-12-26 13:08:00,0,0,0,0,0
2022-12-26 13:09:00,0,0,0,0,0
2022-12-26 13:10:00,0,0,0,0,0
2022-12-26 13:11:00,0,0,0,0,0
2022-12-26 13:12:00,0,0,0,0,0
2022-12-26 13:13:00,0,0,0,0,0
2022-12-26 13:14:00,0,0,0,0,0
2022-12-26 13:15:00,0,0,0,0,0
2022-12-26 13:16:00,0,0,0,0,0
2022-12-26 13:17:00,0,0,0,0,0
2022-12-26 13:18:00,0,0,0,0,0
2022-12-26 13:19:00,0,0,0,0,0
2022-12-26 13:20:00,0,0,0,0,0
2022-12-26 13:21:00,0,0,0,0,0
2022-12-26 13:22:00,0,0,0,0,0
2022-12-26 13:23:00,0,0,0,0,0
2022-12-26 13:24:00,0,0,0,0,0
2022-12-26 13:25:00,0,0,0,0,0
2022-12-26 13:26:00,0,0,0,0,0
2022-12-26 13:27:00,0,0,0,0,0
2022-12-26 13:28:00,0,0,0,0,0
2022-12-26 13:29:00,0,0,0,0,0
2022-12-26 13:30:00,0,0,0,0,0
2022-12-26 13:31:00,0,0,0,0,0
2022-12-26 13:32:00,0,0,0,0,0
2022-12-26 13:33:00,0,0,0,0,0
2022-12-26 13:34:00,0,0,0,0,0
2022-12-26 13:35:00,0,0,0,0,0
2022-12-26 13:36:00,555,555,555,555,600
2022-12-26 13:37:00,0,0,0,0,0
2022-12-26 13:38:00,0,0,0,0,0
2022-12-26 13:39:00,0,0,0,0,0
2022-12-26 13:40:00,0,0,0,0,0
2022-12-26 13:41:00,555,555,555,555,1200
2022-12-26 13:42:00,0,0,0,0,0
2022-12-26 13:43:00,0,0,0,0,0
2022-12-26 13:44:00,0,0,0,0,0
2022-12-26 13:45:00,0,0,0,0,0
2022-12-26 13:46:00,0,0,0,0,0
2022-12-26 13:47:00,0,0,0,0,0
2022-12-26 13:48:00,0,0,0,0,0
2022-12-26 13:49:00,0,0,0,0,0
2022-12-26 13:50:00,555,555,555,555,0
2022-12-26 13:51:00,0,0,0,0,0
2022-12-26 13:52:00,0,0,0,0,0
2022-12-26 13:53:00,0,0,0,0,0
2022-12-26 13:54:00,0,0,0,0,0
2022-12-26 13:55:00,0,0,0,0,0
2022-12-26 13:56:00,0,0,0,0,0
2022-12-26 13:57:00,0,0,0,0,0
2022-12-26 13:58:00,0,0,0,0,0
2022-12-26 13:59:00,0,0,0,0,0
2022-12-26 14:00:00,0,0,0,0,0
2022-12-26 14:01:00,0,0,0,0,0
2022-12-26 14:02:00,0,0,0,0,0
2022-12-26 14:03:00,0,0,0,0,0
2022-12-26 14:04:00,0,0,0,0,0
2022-12-26 14:05:00,0,0,0,0,0
2022-12-26 14:06:00,0,0,0,0,0
2022-12-26 14:07:00,0,0,0,0,0
2022-12-26 14:08:00,0,0,0,0,0
2022-12-26 14:09:00,0,0,0,0,0
2022-12-26 14:10:00,0,0,0,0,0
2022-12-26 14:11:00,0,0,0,0,0
2022-12-26 14:12:00,0,0,0,0,0
2022-12-26 14:13:00,0,0,0,0,0
2022-12-26 14:14:00,0,0,0,0,0
2022-12-26 14:15:00,0,0,0,0,0
2022-12-26 14:16:00,0,0,0,0,0
2022-12-26 14:17:00,0,0,0,0,0
2022-12-26 14:18:00,0,0,0,0,0
2022-12-26 14:19:00,0,0,0,0,0
2022-12-26 14:20:00,0,0,0,0,0
2022-12-26 14:21:00,0,0,0,0,0
2022-12-26 14:22:00,0,0,0,0,0
2022-12-26 14:23:00,0,0,0,0,0
2022-12-26 14:24:00,0,0,0,0,0
2022-12-26 14:25:00,0,0,0,0,0
2022-12-26 14:26:00,0,0,0,0,0
2022-12-26 14:27:00,0,0,0,0,0
2022-12-26 14:28:00,0,0,0,0,0
2022-12-26 14:29:00,0,0,0,0,0
2022-12-26 14:30:00,0,0,0,0,0
2022-12-26 14:31:00,0,0,0,0,0
2022-12-26 14:32:00,0,0,0,0,0
2022-12-26 14:33:00,0,0,0,0,0
2022-12-26 14:34:00,0,0,0,0,0
2022-12-26 14:35:00,0,0,0,0,0
2022-12-26 14:36:00,0,0,0,0,0
2022-12-26 14:37:00,0,0,0,0,0
2022-12-26 14:38:00,0,0,0,0,0
2022-12-26 14:39:00,555,555,555,555,500
2022-12-26 14:40:00,0,0,0,0,0
2022-12-26 14:41:00,0,0,0,0,0
2022-12-26 14:42:00,0,0,0,0,0
2022-12-26 14:43:00,0,0,0,0,0
2022-12-26 14:44:00,555,555,555,555,1000
2022-12-26 14:45:00,0,0,0,0,0
2022-12-26 14:46:00,0,0,0,0,0
2022-12-26 14:47:00,555,555,555,555,500
2022-12-26 14:48:00,555,555,555,555,500
2022-12-26 14:49:00,555,555,555,555,800
2022-12-26 14:50:00,0,0,0,0,0
2022-12-26 14:51:00,0,0,0,0,0
2022-12-26 14:52:00,0,0,0,0,0
2022-12-26 14:53:00,0,0,0,0,0
2022-12-26 14:54:00,0,0,0,0,0
2022-12-26 14:55:00,0,0,0,0,0
2022-12-26 14:56:00,0,0,0,0,0
2022-12-26 14:57:00,0,0,0,0,0
2022-12-26 14:58:00,0,0,0,0,0
2022-12-26 14:59:00,0,0,0,0,0
2022-12-26 15:00:00,555,555,555,555,86300
2022-12-26 15:01:00,0,0,0,0,0
2022-12-26 15:02:00,0,0,0,0,0
2022-12-26 15:03:00,0,0,0,0,0
2022-12-26 15:04:00,0,0,0,0,0
2022-12-26 15:05:00,0,0,0,0,0
2022-12-26 15:06:00,0,0,0,0,0
2022-12-26 15:07:00,0,0,0,0,0
2022-12-26 15:08:00,0,0,0,0,0
2022-12-26 15:09:00,0,0,0,0,0
2022-12-26 15:10:00,0,0,0,0,0
2022-12-26 15:11:00,0,0,0,0,0
2022-12-26 15:12:00,0,0,0,0,0
2022-12-26 15:13:00,0,0,0,0,0
2022-12-26 15:14:00,0,0,0,0,0
2022-12-26 15:15:00,0,0,0,0,0
2022-12-26 15:16:00,0,0,0,0,0
2022-12-26 15:17:00,0,0,0,0,0
2022-12-26 15:18:00,0,0,0,0,0
2022-12-26 15:19:00,0,0,0,0,0
2022-12-26 15:20:00,0,0,0,0,0
2022-12-26 15:21:00,0,0,0,0,0
2022-12-26 15:22:00,0,0,0,0,0
2022-12-26 15:23:00,0,0,0,0,0
2022-12-26 15:24:00,0,0,0,0,0
2022-12-26 15:25:00,0,0,0,0,0
2022-12-26 15:26:00,0,0,0,0,0
2022-12-26 15:27:00,0,0,0,0,0
2022-12-26 15:28:00,0,0,0,0,0
2022-12-26 15:29:00,0,0,0,0,0
2022-12-26 15:30:00,0,0,0,0,0
2022-12-26 15:31:00,0,0,0,0,0
2022-12-26 15:32:00,0,0,0,0,0
2022-12-26 15:33:00,0,0,0,0,0
2022-12-26 15:34:00,0,0,0,0,0
2022-12-26 15:35:00,0,0,0,0,0
2022-12-26 15:36:00,0,0,0,0,0
2022-12-26 15:37:00,0,0,0,0,0
2022-12-26 15:38:00,0,0,0,0,0
2022-12-26 15:39:00,0,0,0,0,0
2022-12-26 15:40:00,0,0,0,0,0
2022-12-26 15:41:00,0,0,0,0,0
2022-12-26 15:42:00,0,0,0,0,0
2022-12-26 15:43:00,0,0,0,0,0
2022-12-26 15:44:00,0,0,0,0,0
2022-12-26 15:45:00,0,0,0,0,0
2022-12-26 15:46:00,0,0,0,0,0
2022-12-26 15:47:00,0,0,0,0,0
2022-12-26 15:48:00,0,0,0,0,0
2022-12-26 15:49:00,0,0,0,0,0
2022-12-26 15:50:00,0,0,0,0,0
2022-12-26 15:51:00,0,0,0,0,0
2022-12-26 15:52:00,0,0,0,0,0
2022-12-26 15:53:00,0,0,0,0,0
2022-12-26 15:54:00,0,0,0,0,0
2022-12-26 15:55:00,0,0,0,0,0
2022-12-26 15:56:00,0,0,0,0,0
2022-12-26 15:57:00,0,0,0,0,0
2022-12-26 15:58:00,0,0,0,0,0
2022-12-26 15:59:00,0,0,0,0,0
2022-12-27 09:00:00,0,0,0,0,0
2022-12-27 09:01:00,0,0,0,0,0
2022-12-27 09:02:00,0,0,0,0,0
2022-12-27 09:03:00,0,0,0,0,0
2022-12-27 09:04:00,0,0,0,0,0
2022-12-27 09:05:00,0,0,0,0,0
2022-12-27 09:06:00,0,0,0,0,0
2022-12-27 09:07:00,555,555,555,555,0
2022-12-27 09:08:00,0,0,0,0,0
2022-12-27 09:09:00,0,0,0,0,0
2022-12-27 09:10:00,0,0,0,0,0
2022-12-27 09:11:00,0,0,0,0,0
2022-12-27 09:12:00,0,0,0,0,0
2022-12-27 09:13:00,0,0,0,0,0
2022-12-27 09:14:00,550,550,550,550,700
2022-12-27 09:15:00,555,555,555,555,300
2022-12-27 09:16:00,0,0,0,0,0
2022-12-27 09:17:00,0,0,0,0,0
2022-12-27 09:18:00,0,0,0,0,0
2022-12-27 09:19:00,550,550,555,555,2000
2022-12-27 09:20:00,555,555,555,555,200
2022-12-27 09:21:00,0,0,0,0,0
2022-12-27 09:22:00,0,0,0,0,0
2022-12-27 09:23:00,550,550,550,550,2900
2022-12-27 09:24:00,550,550,550,550,9500
2022-12-27 09:25:00,0,0,0,0,0
2022-12-27 09:26:00,0,0,0,0,0
2022-12-27 09:27:00,0,0,0,0,0
2022-12-27 09:28:00,545,545,545,545,4000
2022-12-27 09:29:00,550,550,550,550,0
2022-12-27 09:30:00,0,0,0,0,0
2022-12-27 09:31:00,0,0,0,0,0
2022-12-27 09:32:00,0,0,0,0,0
2022-12-27 09:33:00,0,0,0,0,0
2022-12-27 09:34:00,0,0,0,0,0
2022-12-27 09:35:00,0,0,0,0,0
2022-12-27 09:36:00,0,0,0,0,0
2022-12-27 09:37:00,0,0,0,0,0
2022-12-27 09:38:00,0,0,0,0,0
2022-12-27 09:39:00,0,0,0,0,0
2022-12-27 09:40:00,0,0,0,0,0
2022-12-27 09:41:00,0,0,0,0,0
2022-12-27 09:42:00,0,0,0,0,0
2022-12-27 09:43:00,0,0,0,0,0
2022-12-27 09:44:00,0,0,0,0,0
2022-12-27 09:45:00,0,0,0,0,0
2022-12-27 09:46:00,0,0,0,0,0
2022-12-27 09:47:00,0,0,0,0,0
2022-12-27 09:48:00,0,0,0,0,0
2022-12-27 09:49:00,0,0,0,0,0
2022-12-27 09:50:00,0,0,0,0,0
2022-12-27 09:51:00,0,0,0,0,0
2022-12-27 09:52:00,0,0,0,0,0
2022-12-27 09:53:00,0,0,0,0,0
2022-12-27 09:54:00,0,0,0,0,0
2022-12-27 09:55:00,0,0,0,0,0
2022-12-27 09:56:00,550,550,550,550,1600
2022-12-27 09:57:00,0,0,0,0,0
2022-12-27 09:58:00,0,0,0,0,0
2022-12-27 09:59:00,0,0,0,0,0
2022-12-27 10:00:00,0,0,0,0,0
2022-12-27 10:01:00,0,0,0,0,0
2022-12-27 10:02:00,0,0,0,0,0
2022-12-27 10:03:00,0,0,0,0,0
2022-12-27 10:04:00,0,0,0,0,0
2022-12-27 10:05:00,0,0,0,0,0
2022-12-27 10:06:00,0,0,0,0,0
2022-12-27 10:07:00,0,0,0,0,0
2022-12-27 10:08:00,0,0,0,0,0
2022-12-27 10:09:00,0,0,0,0,0
2022-12-27 10:10:00,0,0,0,0,0
2022-12-27 10:11:00,0,0,0,0,0
2022-12-27 10:12:00,0,0,0,0,0
2022-12-27 10:13:00,0,0,0,0,0
2022-12-27 10:14:00,0,0,0,0,0
2022-12-27 10:15:00,0,0,0,0,0
2022-12-27 10:16:00,0,0,0,0,0
2022-12-27 10:17:00,0,0,0,0,0
2022-12-27 10:18:00,0,0,0,0,0
2022-12-27 10:19:00,0,0,0,0,0
2022-12-27 10:20:00,0,0,0,0,0
2022-12-27 10:21:00,0,0,0,0,0
2022-12-27 10:22:00,0,0,0,0,0
2022-12-27 10:23:00,0,0,0,0,0
2022-12-27 10:24:00,0,0,0,0,0
2022-12-27 10:25:00,0,0,0,0,0
2022-12-27 10:26:00,0,0,0,0,0
2022-12-27 10:27:00,0,0,0,0,0
2022-12-27 10:28:00,0,0,0,0,0
2022-12-27 10:29:00,550,550,550,550,600
2022-12-27 10:30:00,0,0,0,0,0
2022-12-27 10:31:00,0,0,0,0,0
2022-12-27 10:32:00,0,0,0,0,0
2022-12-27 10:33:00,0,0,0,0,0
2022-12-27 10:34:00,0,0,0,0,0
2022-12-27 10:35:00,0,0,0,0,0
2022-12-27 10:36:00,0,0,0,0,0
2022-12-27 10:37:00,0,0,0,0,0
2022-12-27 10:38:00,0,0,0,0,0
2022-12-27 10:39:00,0,0,0,0,0
2022-12-27 10:40:00,0,0,0,0,0
2022-12-27 10:41:00,0,0,0,0,0
2022-12-27 10:42:00,0,0,0,0,0
2022-12-27 10:43:00,0,0,0,0,0
2022-12-27 10:44:00,0,0,0,0,0
2022-12-27 10:45:00,0,0,0,0,0
2022-12-27 10:46:00,550,550,550,550,400
2022-12-27 10:47:00,0,0,0,0,0
2022-12-27 10:48:00,0,0,0,0,0
2022-12-27 10:49:00,0,0,0,0,0
2022-12-27 10:50:00,0,0,0,0,0
2022-12-27 10:51:00,0,0,0,0,0
2022-12-27 10:52:00,0,0,0,0,0
2022-12-27 10:53:00,0,0,0,0,0
2022-12-27 10:54:00,0,0,0,0,0
2022-12-27 10:55:00,0,0,0,0,0
2022-12-27 10:56:00,550,550,550,550,600
2022-12-27 10:57:00,0,0,0,0,0
2022-12-27 10:58:00,0,0,0,0,0
2022-12-27 10:59:00,0,0,0,0,0
2022-12-27 11:00:00,0,0,0,0,0
2022-12-27 11:01:00,0,0,0,0,0
2022-12-27 11:02:00,550,550,550,550,500
2022-12-27 11:03:00,545,545,545,545,400
2022-12-27 11:04:00,550,550,550,550,100
2022-12-27 11:05:00,0,0,0,0,0
2022-12-27 11:06:00,0,0,0,0,0
2022-12-27 11:07:00,0,0,0,0,0
2022-12-27 11:08:00,0,0,0,0,0
2022-12-27 11:09:00,0,0,0,0,0
2022-12-27 11:10:00,0,0,0,0,0
2022-12-27 11:11:00,0,0,0,0,0
2022-12-27 11:12:00,550,550,550,550,800
2022-12-27 11:13:00,0,0,0,0,0
2022-12-27 11:14:00,545,545,545,545,1000
2022-12-27 11:15:00,550,550,550,550,500
2022-12-27 11:16:00,550,550,550,550,0
2022-12-27 11:17:00,0,0,0,0,0
2022-12-27 11:18:00,0,0,0,0,0
2022-12-27 11:19:00,550,550,550,550,1100
2022-12-27 11:20:00,0,0,0,0,0
2022-12-27 11:21:00,0,0,0,0,0
2022-12-27 11:22:00,550,550,550,550,0
2022-12-27 11:23:00,550,550,550,550,300
2022-12-27 11:24:00,0,0,0,0,0
2022-12-27 11:25:00,0,0,0,0,0
2022-12-27 11:26:00,550,550,550,550,1000
2022-12-27 11:27:00,0,0,0,0,0
2022-12-27 11:28:00,550,550,550,550,500
2022-12-27 11:29:00,550,550,550,550,0
2022-12-27 11:30:00,0,0,0,0,0
2022-12-27 11:31:00,0,0,0,0,0
2022-12-27 11:32:00,0,0,0,0,0
2022-12-27 11:33:00,0,0,0,0,0
2022-12-27 11:34:00,0,0,0,0,0
2022-12-27 11:35:00,0,0,0,0,0
2022-12-27 11:36:00,0,0,0,0,0
2022-12-27 11:37:00,0,0,0,0,0
2022-12-27 11:38:00,0,0,0,0,0
2022-12-27 11:39:00,0,0,0,0,0
2022-12-27 11:40:00,0,0,0,0,0
2022-12-27 11:41:00,0,0,0,0,0
2022-12-27 11:42:00,0,0,0,0,0
2022-12-27 11:43:00,0,0,0,0,0
2022-12-27 11:44:00,0,0,0,0,0
2022-12-27 11:45:00,0,0,0,0,0
2022-12-27 11:46:00,0,0,0,0,0
2022-12-27 11:47:00,0,0,0,0,0
2022-12-27 11:48:00,0,0,0,0,0
2022-12-27 11:49:00,0,0,0,0,0
2022-12-27 11:50:00,0,0,0,0,0
2022-12-27 11:51:00,0,0,0,0,0
2022-12-27 11:52:00,0,0,0,0,0
2022-12-27 11:53:00,0,0,0,0,0
2022-12-27 11:54:00,0,0,0,0,0
2022-12-27 11:55:00,0,0,0,0,0
2022-12-27 11:56:00,0,0,0,0,0
2022-12-27 11:57:00,0,0,0,0,0
2022-12-27 11:58:00,0,0,0,0,0
2022-12-27 11:59:00,0,0,0,0,0
2022-12-27 12:00:00,0,0,0,0,0
2022-12-27 12:01:00,0,0,0,0,0
2022-12-27 12:02:00,0,0,0,0,0
2022-12-27 12:03:00,0,0,0,0,0
2022-12-27 12:04:00,0,0,0,0,0
2022-12-27 12:05:00,0,0,0,0,0
2022-12-27 12:06:00,0,0,0,0,0
2022-12-27 12:07:00,0,0,0,0,0
2022-12-27 12:08:00,0,0,0,0,0
2022-12-27 12:09:00,0,0,0,0,0
2022-12-27 12:10:00,0,0,0,0,0
2022-12-27 12:11:00,0,0,0,0,0
2022-12-27 12:12:00,0,0,0,0,0
2022-12-27 12:13:00,0,0,0,0,0
2022-12-27 12:14:00,0,0,0,0,0
2022-12-27 12:15:00,0,0,0,0,0
2022-12-27 12:16:00,0,0,0,0,0
2022-12-27 12:17:00,0,0,0,0,0
2022-12-27 12:18:00,0,0,0,0,0
2022-12-27 12:19:00,0,0,0,0,0
2022-12-27 12:20:00,0,0,0,0,0
2022-12-27 12:21:00,0,0,0,0,0
2022-12-27 12:22:00,0,0,0,0,0
2022-12-27 12:23:00,0,0,0,0,0
2022-12-27 12:24:00,0,0,0,0,0
2022-12-27 12:25:00,0,0,0,0,0
2022-12-27 12:26:00,0,0,0,0,0
2022-12-27 12:27:00,0,0,0,0,0
2022-12-27 12:28:00,0,0,0,0,0
2022-12-27 12:29:00,0,0,0,0,0
2022-12-27 12:30:00,0,0,0,0,0
2022-12-27 12:31:00,0,0,0,0,0
2022-12-27 12:32:00,0,0,0,0,0
2022-12-27 12:33:00,0,0,0,0,0
2022-12-27 12:34:00,0,0,0,0,0
2022-12-27 12:35:00,0,0,0,0,0
2022-12-27 12:36:00,0,0,0,0,0
2022-12-27 12:37:00,0,0,0,0,0
2022-12-27 12:38:00,0,0,0,0,0
2022-12-27 12:39:00,0,0,0,0,0
2022-12-27 12:40:00,0,0,0,0,0
2022-12-27 12:41:00,0,0,0,0,0
2022-12-27 12:42:00,0,0,0,0,0
2022-12-27 12:43:00,0,0,0,0,0
2022-12-27 12:44:00,0,0,0,0,0
2022-12-27 12:45:00,0,0,0,0,0
2022-12-27 12:46:00,0,0,0,0,0
2022-12-27 12:47:00,0,0,0,0,0
2022-12-27 12:48:00,0,0,0,0,0
2022-12-27 12:49:00,0,0,0,0,0
2022-12-27 12:50:00,0,0,0,0,0
2022-12-27 12:51:00,0,0,0,0,0
2022-12-27 12:52:00,0,0,0,0,0
2022-12-27 12:53:00,0,0,0,0,0
2022-12-27 12:54:00,0,0,0,0,0
2022-12-27 12:55:00,0,0,0,0,0
2022-12-27 12:56:00,0,0,0,0,0
2022-12-27 12:57:00,0,0,0,0,0
2022-12-27 12:58:00,0,0,0,0,0
2022-12-27 12:59:00,0,0,0,0,0
2022-12-27 13:00:00,0,0,0,0,0
2022-12-27 13:01:00,0,0,0,0,0
2022-12-27 13:02:00,0,0,0,0,0
2022-12-27 13:03:00,0,0,0,0,0
2022-12-27 13:04:00,0,0,0,0,0
2022-12-27 13:05:00,0,0,0,0,0
2022-12-27 13:06:00,0,0,0,0,0
2022-12-27 13:07:00,0,0,0,0,0
2022-12-27 13:08:00,0,0,0,0,0
2022-12-27 13:09:00,0,0,0,0,0
2022-12-27 13:10:00,0,0,0,0,0
2022-12-27 13:11:00,0,0,0,0,0
2022-12-27 13:12:00,0,0,0,0,0
2022-12-27 13:13:00,0,0,0,0,0
2022-12-27 13:14:00,0,0,0,0,0
2022-12-27 13:15:00,0,0,0,0,0
2022-12-27 13:16:00,0,0,0,0,0
2022-12-27 13:17:00,0,0,0,0,0
2022-12-27 13:18:00,0,0,0,0,0
2022-12-27 13:19:00,0,0,0,0,0
2022-12-27 13:20:00,0,0,0,0,0
2022-12-27 13:21:00,0,0,0,0,0
2022-12-27 13:22:00,0,0,0,0,0
2022-12-27 13:23:00,0,0,0,0,0
2022-12-27 13:24:00,0,0,0,0,0
2022-12-27 13:25:00,0,0,0,0,0
2022-12-27 13:26:00,0,0,0,0,0
2022-12-27 13:27:00,0,0,0,0,0
2022-12-27 13:28:00,0,0,0,0,0
2022-12-27 13:29:00,0,0,0,0,0
2022-12-27 13:30:00,550,550,550,550,600
2022-12-27 13:31:00,0,0,0,0,0
2022-12-27 13:32:00,0,0,0,0,0
2022-12-27 13:33:00,0,0,0,0,0
2022-12-27 13:34:00,0,0,0,0,0
2022-12-27 13:35:00,0,0,0,0,0
2022-12-27 13:36:00,0,0,0,0,0
2022-12-27 13:37:00,0,0,0,0,0
2022-12-27 13:38:00,550,550,550,550,300
2022-12-27 13:39:00,0,0,0,0,0
2022-12-27 13:40:00,0,0,0,0,0
2022-12-27 13:41:00,0,0,0,0,0
2022-12-27 13:42:00,0,0,0,0,0
2022-12-27 13:43:00,0,0,0,0,0
2022-12-27 13:44:00,0,0,0,0,0
2022-12-27 13:45:00,545,545,545,545,10900
2022-12-27 13:46:00,550,550,550,550,0
2022-12-27 13:47:00,0,0,0,0,0
2022-12-27 13:48:00,0,0,0,0,0
2022-12-27 13:49:00,0,0,0,0,0
2022-12-27 13:50:00,0,0,0,0,0
2022-12-27 13:51:00,550,550,550,550,2600
2022-12-27 13:52:00,0,0,0,0,0
2022-12-27 13:53:00,0,0,0,0,0
2022-12-27 13:54:00,0,0,0,0,0
2022-12-27 13:55:00,0,0,0,0,0
2022-12-27 13:56:00,545,545,545,545,13600
2022-12-27 13:57:00,550,550,550,550,0
2022-12-27 13:58:00,0,0,0,0,0
2022-12-27 13:59:00,0,0,0,0,0
2022-12-27 14:00:00,545,545,545,545,13700
2022-12-27 14:01:00,0,0,0,0,0
2022-12-27 14:02:00,550,550,550,550,0
2022-12-27 14:03:00,0,0,0,0,0
2022-12-27 14:04:00,0,0,0,0,0
2022-12-27 14:05:00,0,0,0,0,0
2022-12-27 14:06:00,0,0,0,0,0
2022-12-27 14:07:00,0,0,0,0,0
2022-12-27 14:08:00,0,0,0,0,0
2022-12-27 14:09:00,0,0,0,0,0
2022-12-27 14:10:00,0,0,0,0,0
2022-12-27 14:11:00,550,550,550,550,1000
2022-12-27 14:12:00,0,0,0,0,0
2022-12-27 14:13:00,0,0,0,0,0
2022-12-27 14:14:00,0,0,0,0,0
2022-12-27 14:15:00,0,0,0,0,0
2022-12-27 14:16:00,0,0,0,0,0
2022-12-27 14:17:00,0,0,0,0,0
2022-12-27 14:18:00,0,0,0,0,0
2022-12-27 14:19:00,0,0,0,0,0
2022-12-27 14:20:00,0,0,0,0,0
2022-12-27 14:21:00,0,0,0,0,0
2022-12-27 14:22:00,545,545,550,550,400
2022-12-27 14:23:00,0,0,0,0,0
2022-12-27 14:24:00,0,0,0,0,0
2022-12-27 14:25:00,545,545,545,545,18800
2022-12-27 14:26:00,550,550,550,550,0
2022-12-27 14:27:00,0,0,0,0,0
2022-12-27 14:28:00,0,0,0,0,0
2022-12-27 14:29:00,0,0,0,0,0
2022-12-27 14:30:00,0,0,0,0,0
2022-12-27 14:31:00,0,0,0,0,0
2022-12-27 14:32:00,0,0,0,0,0
2022-12-27 14:33:00,0,0,0,0,0
2022-12-27 14:34:00,0,0,0,0,0
2022-12-27 14:35:00,0,0,0,0,0
2022-12-27 14:36:00,0,0,0,0,0
2022-12-27 14:37:00,0,0,0,0,0
2022-12-27 14:38:00,550,550,550,550,100
2022-12-27 14:39:00,0,0,0,0,0
2022-12-27 14:40:00,550,550,550,550,1000
2022-12-27 14:41:00,0,0,0,0,0
2022-12-27 14:42:00,0,0,0,0,0
2022-12-27 14:43:00,550,550,550,550,500
2022-12-27 14:44:00,0,0,0,0,0
2022-12-27 14:45:00,550,550,550,550,700
2022-12-27 14:46:00,550,550,550,550,200
2022-12-27 14:47:00,550,550,550,550,200
2022-12-27 14:48:00,545,545,550,550,7100
2022-12-27 14:49:00,550,550,550,550,1000
2022-12-27 14:50:00,0,0,0,0,0
2022-12-27 14:51:00,0,0,0,0,0
2022-12-27 14:52:00,0,0,0,0,0
2022-12-27 14:53:00,0,0,0,0,0
2022-12-27 14:54:00,0,0,0,0,0
2022-12-27 14:55:00,0,0,0,0,0
2022-12-27 14:56:00,0,0,0,0,0
2022-12-27 14:57:00,0,0,0,0,0
2022-12-27 14:58:00,0,0,0,0,0
2022-12-27 14:59:00,0,0,0,0,0
2022-12-27 15:00:00,550,550,550,550,152800
2022-12-27 15:01:00,0,0,0,0,0
2022-12-27 15:02:00,0,0,0,0,0
2022-12-27 15:03:00,0,0,0,0,0
2022-12-27 15:04:00,0,0,0,0,0
2022-12-27 15:05:00,0,0,0,0,0
2022-12-27 15:06:00,0,0,0,0,0
2022-12-27 15:07:00,0,0,0,0,0
2022-12-27 15:08:00,0,0,0,0,0
2022-12-27 15:09:00,0,0,0,0,0
2022-12-27 15:10:00,0,0,0,0,0
2022-12-27 15:11:00,0,0,0,0,0
2022-12-27 15:12:00,0,0,0,0,0
2022-12-27 15:13:00,0,0,0,0,0
2022-12-27 15:14:00,0,0,0,0,0
2022-12-27 15:15:00,0,0,0,0,0
2022-12-27 15:16:00,0,0,0,0,0
2022-12-27 15:17:00,0,0,0,0,0
2022-12-27 15:18:00,0,0,0,0,0
2022-12-27 15:19:00,0,0,0,0,0
2022-12-27 15:20:00,0,0,0,0,0
2022-12-27 15:21:00,0,0,0,0,0
2022-12-27 15:22:00,0,0,0,0,0
2022-12-27 15:23:00,0,0,0,0,0
2022-12-27 15:24:00,0,0,0,0,0
2022-12-27 15:25:00,0,0,0,0,0
2022-12-27 15:26:00,0,0,0,0,0
2022-12-27 15:27:00,0,0,0,0,0
2022-12-27 15:28:00,0,0,0,0,0
2022-12-27 15:29:00,0,0,0,0,0
2022-12-27 15:30:00,0,0,0,0,0
2022-12-27 15:31:00,0,0,0,0,0
2022-12-27 15:32:00,0,0,0,0,0
2022-12-27 15:33:00,0,0,0,0,0
2022-12-27 15:34:00,0,0,0,0,0
2022-12-27 15:35:00,0,0,0,0,0
2022-12-27 15:36:00,0,0,0,0,0
2022-12-27 15:37:00,0,0,0,0,0
2022-12-27 15:38:00,0,0,0,0,0
2022-12-27 15:39:00,0,0,0,0,0
2022-12-27 15:40:00,0,0,0,0,0
2022-12-27 15:41:00,0,0,0,0,0
2022-12-27 15:42:00,0,0,0,0,0
2022-12-27 15:43:00,0,0,0,0,0
2022-12-27 15:44:00,0,0,0,0,0
2022-12-27 15:45:00,0,0,0,0,0
2022-12-27 15:46:00,0,0,0,0,0
2022-12-27 15:47:00,0,0,0,0,0
2022-12-27 15:48:00,0,0,0,0,0
2022-12-27 15:49:00,0,0,0,0,0
2022-12-27 15:50:00,0,0,0,0,0
2022-12-27 15:51:00,0,0,0,0,0
2022-12-27 15:52:00,0,0,0,0,0
2022-12-27 15:53:00,0,0,0,0,0
2022-12-27 15:54:00,0,0,0,0,0
2022-12-27 15:55:00,0,0,0,0,0
2022-12-27 15:56:00,0,0,0,0,0
2022-12-27 15:57:00,0,0,0,0,0
2022-12-27 15:58:00,0,0,0,0,0
2022-12-27 15:59:00,0,0,0,0,0
2022-12-28 09:00:00,545,545,545,545,0
2022-12-28 09:01:00,0,0,0,0,0
2022-12-28 09:02:00,0,0,0,0,0
2022-12-28 09:03:00,545,540,545,540,17200
2022-12-28 09:04:00,545,545,545,545,0
2022-12-28 09:05:00,0,0,0,0,0
2022-12-28 09:06:00,0,0,0,0,0
2022-12-28 09:07:00,0,0,0,0,0
2022-12-28 09:08:00,545,545,545,545,0
2022-12-28 09:09:00,0,0,0,0,0
2022-12-28 09:10:00,0,0,0,0,0
2022-12-28 09:11:00,0,0,0,0,0
2022-12-28 09:12:00,0,0,0,0,0
2022-12-28 09:13:00,0,0,0,0,0
2022-12-28 09:14:00,0,0,0,0,0
2022-12-28 09:15:00,0,0,0,0,0
2022-12-28 09:16:00,0,0,0,0,0
2022-12-28 09:17:00,0,0,0,0,0
2022-12-28 09:18:00,0,0,0,0,0
2022-12-28 09:19:00,0,0,0,0,0
2022-12-28 09:20:00,0,0,0,0,0
2022-12-28 09:21:00,0,0,0,0,0
2022-12-28 09:22:00,0,0,0,0,0
2022-12-28 09:23:00,0,0,0,0,0
2022-12-28 09:24:00,0,0,0,0,0
2022-12-28 09:25:00,0,0,0,0,0
2022-12-28 09:26:00,0,0,0,0,0
2022-12-28 09:27:00,0,0,0,0,0
2022-12-28 09:28:00,0,0,0,0,0
2022-12-28 09:29:00,0,0,0,0,0
2022-12-28 09:30:00,0,0,0,0,0
2022-12-28 09:31:00,0,0,0,0,0
2022-12-28 09:32:00,545,545,545,545,21000
2022-12-28 09:33:00,545,545,545,545,0
2022-12-28 09:34:00,545,545,545,545,1900
2022-12-28 09:35:00,545,545,545,545,0
2022-12-28 09:36:00,0,0,0,0,0
2022-12-28 09:37:00,0,0,0,0,0
2022-12-28 09:38:00,0,0,0,0,0
2022-12-28 09:39:00,0,0,0,0,0
2022-12-28 09:40:00,0,0,0,0,0
2022-12-28 09:41:00,0,0,0,0,0
2022-12-28 09:42:00,0,0,0,0,0
2022-12-28 09:43:00,0,0,0,0,0
2022-12-28 09:44:00,0,0,0,0,0
2022-12-28 09:45:00,0,0,0,0,0
2022-12-28 09:46:00,0,0,0,0,0
2022-12-28 09:47:00,0,0,0,0,0
2022-12-28 09:48:00,0,0,0,0,0
2022-12-28 09:49:00,545,545,545,545,400
2022-12-28 09:50:00,0,0,0,0,0
2022-12-28 09:51:00,0,0,0,0,0
2022-12-28 09:52:00,0,0,0,0,0
2022-12-28 09:53:00,0,0,0,0,0
2022-12-28 09:54:00,0,0,0,0,0
2022-12-28 09:55:00,0,0,0,0,0
2022-12-28 09:56:00,0,0,0,0,0
2022-12-28 09:57:00,0,0,0,0,0
2022-12-28 09:58:00,0,0,0,0,0
2022-12-28 09:59:00,0,0,0,0,0
2022-12-28 10:00:00,545,545,545,545,1000
2022-12-28 10:01:00,0,0,0,0,0
2022-12-28 10:02:00,0,0,0,0,0
2022-12-28 10:03:00,545,545,545,545,0
2022-12-28 10:04:00,0,0,0,0,0
2022-12-28 10:05:00,0,0,0,0,0
2022-12-28 10:06:00,0,0,0,0,0
2022-12-28 10:07:00,0,0,0,0,0
2022-12-28 10:08:00,545,545,545,545,19800
2022-12-28 10:09:00,0,0,0,0,0
2022-12-28 10:10:00,0,0,0,0,0
2022-12-28 10:11:00,0,0,0,0,0
2022-12-28 10:12:00,0,0,0,0,0
2022-12-28 10:13:00,0,0,0,0,0
2022-12-28 10:14:00,0,0,0,0,0
2022-12-28 10:15:00,0,0,0,0,0
2022-12-28 10:16:00,545,545,545,545,3000
2022-12-28 10:17:00,0,0,0,0,0
2022-12-28 10:18:00,545,545,545,545,0
2022-12-28 10:19:00,0,0,0,0,0
2022-12-28 10:20:00,545,545,545,545,4300
2022-12-28 10:21:00,550,550,550,550,800
2022-12-28 10:22:00,0,0,0,0,0
2022-12-28 10:23:00,545,545,545,545,1600
2022-12-28 10:24:00,550,550,550,550,0
2022-12-28 10:25:00,0,0,0,0,0
2022-12-28 10:26:00,545,545,545,545,300
2022-12-28 10:27:00,550,550,550,550,500
2022-12-28 10:28:00,550,550,550,550,500
2022-12-28 10:29:00,0,0,0,0,0
2022-12-28 10:30:00,0,0,0,0,0
2022-12-28 10:31:00,0,0,0,0,0
2022-12-28 10:32:00,0,0,0,0,0
2022-12-28 10:33:00,0,0,0,0,0
2022-12-28 10:34:00,550,550,550,550,100
2022-12-28 10:35:00,0,0,0,0,0
2022-12-28 10:36:00,0,0,0,0,0
2022-12-28 10:37:00,0,0,0,0,0
2022-12-28 10:38:00,0,0,0,0,0
2022-12-28 10:39:00,0,0,0,0,0
2022-12-28 10:40:00,0,0,0,0,0
2022-12-28 10:41:00,0,0,0,0,0
2022-12-28 10:42:00,0,0,0,0,0
2022-12-28 10:43:00,0,0,0,0,0
2022-12-28 10:44:00,0,0,0,0,0
2022-12-28 10:45:00,0,0,0,0,0
2022-12-28 10:46:00,0,0,0,0,0
2022-12-28 10:47:00,0,0,0,0,0
2022-12-28 10:48:00,0,0,0,0,0
2022-12-28 10:49:00,0,0,0,0,0
2022-12-28 10:50:00,0,0,0,0,0
2022-12-28 10:51:00,0,0,0,0,0
2022-12-28 10:52:00,0,0,0,0,0
2022-12-28 10:53:00,0,0,0,0,0
2022-12-28 10:54:00,545,545,545,545,2000
2022-12-28 10:55:00,550,550,550,550,1500
2022-12-28 10:56:00,0,0,0,0,0
2022-12-28 10:57:00,0,0,0,0,0
2022-12-28 10:58:00,0,0,0,0,0
2022-12-28 10:59:00,0,0,0,0,0
2022-12-28 11:00:00,0,0,0,0,0
2022-12-28 11:01:00,0,0,0,0,0
2022-12-28 11:02:00,0,0,0,0,0
2022-12-28 11:03:00,0,0,0,0,0
2022-12-28 11:04:00,0,0,0,0,0
2022-12-28 11:05:00,0,0,0,0,0
2022-12-28 11:06:00,0,0,0,0,0
2022-12-28 11:07:00,0,0,0,0,0
2022-12-28 11:08:00,0,0,0,0,0
2022-12-28 11:09:00,0,0,0,0,0
2022-12-28 11:10:00,0,0,0,0,0
2022-12-28 11:11:00,0,0,0,0,0
2022-12-28 11:12:00,550,550,550,550,800
2022-12-28 11:13:00,0,0,0,0,0
2022-12-28 11:14:00,0,0,0,0,0
2022-12-28 11:15:00,0,0,0,0,0
2022-12-28 11:16:00,550,550,550,550,0
2022-12-28 11:17:00,0,0,0,0,0
2022-12-28 11:18:00,0,0,0,0,0
2022-12-28 11:19:00,0,0,0,0,0
2022-12-28 11:20:00,0,0,0,0,0
2022-12-28 11:21:00,0,0,0,0,0
2022-12-28 11:22:00,0,0,0,0,0
2022-12-28 11:23:00,0,0,0,0,0
2022-12-28 11:24:00,0,0,0,0,0
2022-12-28 11:25:00,0,0,0,0,0
2022-12-28 11:26:00,550,550,550,550,1600
2022-12-28 11:27:00,0,0,0,0,0
2022-12-28 11:28:00,550,550,550,550,100
2022-12-28 11:29:00,550,550,550,550,600
2022-12-28 11:30:00,0,0,0,0,0
2022-12-28 11:31:00,0,0,0,0,0
2022-12-28 11:32:00,0,0,0,0,0
2022-12-28 11:33:00,0,0,0,0,0
2022-12-28 11:34:00,0,0,0,0,0
2022-12-28 11:35:00,0,0,0,0,0
2022-12-28 11:36:00,0,0,0,0,0
2022-12-28 11:37:00,0,0,0,0,0
2022-12-28 11:38:00,0,0,0,0,0
2022-12-28 11:39:00,0,0,0,0,0
2022-12-28 11:40:00,0,0,0,0,0
2022-12-28 11:41:00,0,0,0,0,0
2022-12-28 11:42:00,0,0,0,0,0
2022-12-28 11:43:00,0,0,0,0,0
2022-12-28 11:44:00,0,0,0,0,0
2022-12-28 11:45:00,0,0,0,0,0
2022-12-28 11:46:00,0,0,0,0,0
2022-12-28 11:47:00,0,0,0,0,0
2022-12-28 11:48:00,0,0,0,0,0
2022-12-28 11:49:00,0,0,0,0,0
2022-12-28 11:50:00,0,0,0,0,0
2022-12-28 11:51:00,0,0,0,0,0
2022-12-28 11:52:00,0,0,0,0,0
2022-12-28 11:53:00,0,0,0,0,0
2022-12-28 11:54:00,0,0,0,0,0
2022-12-28 11:55:00,0,0,0,0,0
2022-12-28 11:56:00,0,0,0,0,0
2022-12-28 11:57:00,0,0,0,0,0
2022-12-28 11:58:00,0,0,0,0,0
2022-12-28 11:59:00,0,0,0,0,0
2022-12-28 12:00:00,0,0,0,0,0
2022-12-28 12:01:00,0,0,0,0,0
2022-12-28 12:02:00,0,0,0,0,0
2022-12-28 12:03:00,0,0,0,0,0
2022-12-28 12:04:00,0,0,0,0,0
2022-12-28 12:05:00,0,0,0,0,0
2022-12-28 12:06:00,0,0,0,0,0
2022-12-28 12:07:00,0,0,0,0,0
2022-12-28 12:08:00,0,0,0,0,0
2022-12-28 12:09:00,0,0,0,0,0
2022-12-28 12:10:00,0,0,0,0,0
2022-12-28 12:11:00,0,0,0,0,0
2022-12-28 12:12:00,0,0,0,0,0
2022-12-28 12:13:00,0,0,0,0,0
2022-12-28 12:14:00,0,0,0,0,0
2022-12-28 12:15:00,0,0,0,0,0
2022-12-28 12:16:00,0,0,0,0,0
2022-12-28 12:17:00,0,0,0,0,0
2022-12-28 12:18:00,0,0,0,0,0
2022-12-28 12:19:00,0,0,0,0,0
2022-12-28 12:20:00,0,0,0,0,0
2022-12-28 12:21:00,0,0,0,0,0
2022-12-28 12:22:00,0,0,0,0,0
2022-12-28 12:23:00,0,0,0,0,0
2022-12-28 12:24:00,0,0,0,0,0
2022-12-28 12:25:00,0,0,0,0,0
2022-12-28 12:26:00,0,0,0,0,0
2022-12-28 12:27:00,0,0,0,0,0
2022-12-28 12:28:00,0,0,0,0,0
2022-12-28 12:29:00,0,0,0,0,0
2022-12-28 12:30:00,0,0,0,0,0
2022-12-28 12:31:00,0,0,0,0,0
2022-12-28 12:32:00,0,0,0,0,0
2022-12-28 12:33:00,0,0,0,0,0
2022-12-28 12:34:00,0,0,0,0,0
2022-12-28 12:35:00,0,0,0,0,0
2022-12-28 12:36:00,0,0,0,0,0
2022-12-28 12:37:00,0,0,0,0,0
2022-12-28 12:38:00,0,0,0,0,0
2022-12-28 12:39:00,0,0,0,0,0
2022-12-28 12:40:00,0,0,0,0,0
2022-12-28 12:41:00,0,0,0,0,0
2022-12-28 12:42:00,0,0,0,0,0
2022-12-28 12:43:00,0,0,0,0,0
2022-12-28 12:44:00,0,0,0,0,0
2022-12-28 12:45:00,0,0,0,0,0
2022-12-28 12:46:00,0,0,0,0,0
2022-12-28 12:47:00,0,0,0,0,0
2022-12-28 12:48:00,0,0,0,0,0
2022-12-28 12:49:00,0,0,0,0,0
2022-12-28 12:50:00,0,0,0,0,0
2022-12-28 12:51:00,0,0,0,0,0
2022-12-28 12:52:00,0,0,0,0,0
2022-12-28 12:53:00,0,0,0,0,0
2022-12-28 12:54:00,0,0,0,0,0
2022-12-28 12:55:00,0,0,0,0,0
2022-12-28 12:56:00,0,0,0,0,0
2022-12-28 12:57:00,0,0,0,0,0
2022-12-28 12:58:00,0,0,0,0,0
2022-12-28 12:59:00,0,0,0,0,0
2022-12-28 13:00:00,0,0,0,0,0
2022-12-28 13:01:00,0,0,0,0,0
2022-12-28 13:02:00,0,0,0,0,0
2022-12-28 13:03:00,0,0,0,0,0
2022-12-28 13:04:00,0,0,0,0,0
2022-12-28 13:05:00,0,0,0,0,0
2022-12-28 13:06:00,0,0,0,0,0
2022-12-28 13:07:00,0,0,0,0,0
2022-12-28 13:08:00,0,0,0,0,0
2022-12-28 13:09:00,0,0,0,0,0
2022-12-28 13:10:00,0,0,0,0,0
2022-12-28 13:11:00,0,0,0,0,0
2022-12-28 13:12:00,0,0,0,0,0
2022-12-28 13:13:00,0,0,0,0,0
2022-12-28 13:14:00,0,0,0,0,0
2022-12-28 13:15:00,0,0,0,0,0
2022-12-28 13:16:00,0,0,0,0,0
2022-12-28 13:17:00,0,0,0,0,0
2022-12-28 13:18:00,0,0,0,0,0
2022-12-28 13:19:00,0,0,0,0,0
2022-12-28 13:20:00,0,0,0,0,0
2022-12-28 13:21:00,0,0,0,0,0
2022-12-28 13:22:00,0,0,0,0,0
2022-12-28 13:23:00,0,0,0,0,0
2022-12-28 13:24:00,0,0,0,0,0
2022-12-28 13:25:00,0,0,0,0,0
2022-12-28 13:26:00,0,0,0,0,0
2022-12-28 13:27:00,0,0,0,0,0
2022-12-28 13:28:00,0,0,0,0,0
2022-12-28 13:29:00,0,0,0,0,0
2022-12-28 13:30:00,550,550,550,550,14100
2022-12-28 13:31:00,0,0,0,0,0
2022-12-28 13:32:00,0,0,0,0,0
2022-12-28 13:33:00,0,0,0,0,0
2022-12-28 13:34:00,0,0,0,0,0
2022-12-28 13:35:00,0,0,0,0,0
2022-12-28 13:36:00,0,0,0,0,0
2022-12-28 13:37:00,0,0,0,0,0
2022-12-28 13:38:00,0,0,0,0,0
2022-12-28 13:39:00,0,0,0,0,0
2022-12-28 13:40:00,550,550,550,550,1200
2022-12-28 13:41:00,0,0,0,0,0
2022-12-28 13:42:00,0,0,0,0,0
2022-12-28 13:43:00,0,0,0,0,0
2022-12-28 13:44:00,0,0,0,0,0
2022-12-28 13:45:00,0,0,0,0,0
2022-12-28 13:46:00,550,550,550,550,0
2022-12-28 13:47:00,0,0,0,0,0
2022-12-28 13:48:00,0,0,0,0,0
2022-12-28 13:49:00,0,0,0,0,0
2022-12-28 13:50:00,0,0,0,0,0
2022-12-28 13:51:00,0,0,0,0,0
2022-12-28 13:52:00,0,0,0,0,0
2022-12-28 13:53:00,0,0,0,0,0
2022-12-28 13:54:00,0,0,0,0,0
2022-12-28 13:55:00,0,0,0,0,0
2022-12-28 13:56:00,0,0,0,0,0
2022-12-28 13:57:00,0,0,0,0,0
2022-12-28 13:58:00,0,0,0,0,0
2022-12-28 13:59:00,0,0,0,0,0
2022-12-28 14:00:00,0,0,0,0,0
2022-12-28 14:01:00,0,0,0,0,0
2022-12-28 14:02:00,0,0,0,0,0
2022-12-28 14:03:00,0,0,0,0,0
2022-12-28 14:04:00,0,0,0,0,0
2022-12-28 14:05:00,0,0,0,0,0
2022-12-28 14:06:00,0,0,0,0,0
2022-12-28 14:07:00,0,0,0,0,0
2022-12-28 14:08:00,0,0,0,0,0
2022-12-28 14:09:00,0,0,0,0,0
2022-12-28 14:10:00,545,545,545,545,1300
2022-12-28 14:11:00,550,550,550,550,400
2022-12-28 14:12:00,0,0,0,0,0
2022-12-28 14:13:00,0,0,0,0,0
2022-12-28 14:14:00,0,0,0,0,0
2022-12-28 14:15:00,550,550,550,550,0
2022-12-28 14:16:00,0,0,0,0,0
2022-12-28 14:17:00,0,0,0,0,0
2022-12-28 14:18:00,0,0,0,0,0
2022-12-28 14:19:00,0,0,0,0,0
2022-12-28 14:20:00,0,0,0,0,0
2022-12-28 14:21:00,0,0,0,0,0
2022-12-28 14:22:00,0,0,0,0,0
2022-12-28 14:23:00,0,0,0,0,0
2022-12-28 14:24:00,0,0,0,0,0
2022-12-28 14:25:00,0,0,0,0,0
2022-12-28 14:26:00,0,0,0,0,0
2022-12-28 14:27:00,0,0,0,0,0
2022-12-28 14:28:00,0,0,0,0,0
2022-12-28 14:29:00,0,0,0,0,0
2022-12-28 14:30:00,0,0,0,0,0
2022-12-28 14:31:00,550,550,550,550,1000
2022-12-28 14:32:00,0,0,0,0,0
2022-12-28 14:33:00,0,0,0,0,0
2022-12-28 14:34:00,0,0,0,0,0
2022-12-28 14:35:00,545,545,545,545,800
2022-12-28 14:36:00,550,550,550,550,900
2022-12-28 14:37:00,0,0,0,0,0
2022-12-28 14:38:00,550,550,550,550,0
2022-12-28 14:39:00,0,0,0,0,0
2022-12-28 14:40:00,550,550,550,550,5000
2022-12-28 14:41:00,0,0,0,0,0
2022-12-28 14:42:00,550,550,550,550,0
2022-12-28 14:43:00,550,550,550,550,600
2022-12-28 14:44:00,0,0,0,0,0
2022-12-28 14:45:00,550,550,550,550,300
2022-12-28 14:46:00,550,550,550,550,200
2022-12-28 14:47:00,0,0,0,0,0
2022-12-28 14:48:00,550,550,550,550,1300
2022-12-28 14:49:00,550,550,550,550,200
2022-12-28 14:50:00,0,0,0,0,0
2022-12-28 14:51:00,0,0,0,0,0
2022-12-28 14:52:00,0,0,0,0,0
2022-12-28 14:53:00,0,0,0,0,0
2022-12-28 14:54:00,0,0,0,0,0
2022-12-28 14:55:00,0,0,0,0,0
2022-12-28 14:56:00,0,0,0,0,0
2022-12-28 14:57:00,0,0,0,0,0
2022-12-28 14:58:00,0,0,0,0,0
2022-12-28 14:59:00,0,0,0,0,0
2022-12-28 15:00:00,550,550,550,550,206000
2022-12-28 15:01:00,0,0,0,0,0
2022-12-28 15:02:00,0,0,0,0,0
2022-12-28 15:03:00,0,0,0,0,0
2022-12-28 15:04:00,0,0,0,0,0
2022-12-28 15:05:00,0,0,0,0,0
2022-12-28 15:06:00,0,0,0,0,0
2022-12-28 15:07:00,0,0,0,0,0
2022-12-28 15:08:00,0,0,0,0,0
2022-12-28 15:09:00,0,0,0,0,0
2022-12-28 15:10:00,0,0,0,0,0
2022-12-28 15:11:00,0,0,0,0,0
2022-12-28 15:12:00,0,0,0,0,0
2022-12-28 15:13:00,0,0,0,0,0
2022-12-28 15:14:00,0,0,0,0,0
2022-12-28 15:15:00,0,0,0,0,0
2022-12-28 15:16:00,0,0,0,0,0
2022-12-28 15:17:00,0,0,0,0,0
2022-12-28 15:18:00,0,0,0,0,0
2022-12-28 15:19:00,0,0,0,0,0
2022-12-28 15:20:00,0,0,0,0,0
2022-12-28 15:21:00,0,0,0,0,0
2022-12-28 15:22:00,0,0,0,0,0
2022-12-28 15:23:00,0,0,0,0,0
2022-12-28 15:24:00,0,0,0,0,0
2022-12-28 15:25:00,0,0,0,0,0
2022-12-28 15:26:00,0,0,0,0,0
2022-12-28 15:27:00,0,0,0,0,0
2022-12-28 15:28:00,0,0,0,0,0
2022-12-28 15:29:00,0,0,0,0,0
2022-12-28 15:30:00,0,0,0,0,0
2022-12-28 15:31:00,0,0,0,0,0
2022-12-28 15:32:00,0,0,0,0,0
2022-12-28 15:33:00,0,0,0,0,0
2022-12-28 15:34:00,0,0,0,0,0
2022-12-28 15:35:00,0,0,0,0,0
2022-12-28 15:36:00,0,0,0,0,0
2022-12-28 15:37:00,0,0,0,0,0
2022-12-28 15:38:00,0,0,0,0,0
2022-12-28 15:39:00,0,0,0,0,0
2022-12-28 15:40:00,0,0,0,0,0
2022-12-28 15:41:00,0,0,0,0,0
2022-12-28 15:42:00,0,0,0,0,0
2022-12-28 15:43:00,0,0,0,0,0
2022-12-28 15:44:00,0,0,0,0,0
2022-12-28 15:45:00,0,0,0,0,0
2022-12-28 15:46:00,0,0,0,0,0
2022-12-28 15:47:00,0,0,0,0,0
2022-12-28 15:48:00,0,0,0,0,0
2022-12-28 15:49:00,0,0,0,0,0
2022-12-28 15:50:00,0,0,0,0,0
2022-12-28 15:51:00,0,0,0,0,0
2022-12-28 15:52:00,0,0,0,0,0
2022-12-28 15:53:00,0,0,0,0,0
2022-12-28 15:54:00,0,0,0,0,0
2022-12-28 15:55:00,0,0,0,0,0
2022-12-28 15:56:00,0,0,0,0,0
2022-12-28 15:57:00,0,0,0,0,0
2022-12-28 15:58:00,0,0,0,0,0
2022-12-28 15:59:00,0,0,0,0,0
2022-12-29 09:00:00,0,0,0,0,0
2022-12-29 09:01:00,0,0,0,0,0
2022-12-29 09:02:00,545,545,545,545,0
2022-12-29 09:03:00,0,0,0,0,0
2022-12-29 09:04:00,0,0,0,0,0
2022-12-29 09:05:00,0,0,0,0,0
2022-12-29 09:06:00,0,0,0,0,0
2022-12-29 09:07:00,0,0,0,0,0
2022-12-29 09:08:00,540,540,540,540,200
2022-12-29 09:09:00,545,545,545,545,300
2022-12-29 09:10:00,0,0,0,0,0
2022-12-29 09:11:00,0,0,0,0,0
2022-12-29 09:12:00,0,0,0,0,0
2022-12-29 09:13:00,540,540,540,540,200
2022-12-29 09:14:00,545,545,545,545,500
2022-12-29 09:15:00,0,0,0,0,0
2022-12-29 09:16:00,0,0,0,0,0
2022-12-29 09:17:00,0,0,0,0,0
2022-12-29 09:18:00,0,0,0,0,0
2022-12-29 09:19:00,0,0,0,0,0
2022-12-29 09:20:00,0,0,0,0,0
2022-12-29 09:21:00,0,0,0,0,0
2022-12-29 09:22:00,0,0,0,0,0
2022-12-29 09:23:00,0,0,0,0,0
2022-12-29 09:24:00,0,0,0,0,0
2022-12-29 09:25:00,0,0,0,0,0
2022-12-29 09:26:00,0,0,0,0,0
2022-12-29 09:27:00,0,0,0,0,0
2022-12-29 09:28:00,0,0,0,0,0
2022-12-29 09:29:00,0,0,0,0,0
2022-12-29 09:30:00,0,0,0,0,0
2022-12-29 09:31:00,0,0,0,0,0
2022-12-29 09:32:00,0,0,0,0,0
2022-12-29 09:33:00,0,0,0,0,0
2022-12-29 09:34:00,0,0,0,0,0
2022-12-29 09:35:00,0,0,0,0,0
2022-12-29 09:36:00,0,0,0,0,0
2022-12-29 09:37:00,0,0,0,0,0
2022-12-29 09:38:00,0,0,0,0,0
2022-12-29 09:39:00,0,0,0,0,0
2022-12-29 09:40:00,0,0,0,0,0
2022-12-29 09:41:00,0,0,0,0,0
2022-12-29 09:42:00,0,0,0,0,0
2022-12-29 09:43:00,0,0,0,0,0
2022-12-29 09:44:00,0,0,0,0,0
2022-12-29 09:45:00,0,0,0,0,0
2022-12-29 09:46:00,0,0,0,0,0
2022-12-29 09:47:00,0,0,0,0,0
2022-12-29 09:48:00,0,0,0,0,0
2022-12-29 09:49:00,0,0,0,0,0
2022-12-29 09:50:00,0,0,0,0,0
2022-12-29 09:51:00,0,0,0,0,0
2022-12-29 09:52:00,0,0,0,0,0
2022-12-29 09:53:00,0,0,0,0,0
2022-12-29 09:54:00,0,0,0,0,0
2022-12-29 09:55:00,0,0,0,0,0
2022-12-29 09:56:00,0,0,0,0,0
2022-12-29 09:57:00,0,0,0,0,0
2022-12-29 09:58:00,0,0,0,0,0
2022-12-29 09:59:00,0,0,0,0,0
2022-12-29 10:00:00,0,0,0,0,0
2022-12-29 10:01:00,0,0,0,0,0
2022-12-29 10:02:00,0,0,0,0,0
2022-12-29 10:03:00,0,0,0,0,0
2022-12-29 10:04:00,0,0,0,0,0
2022-12-29 10:05:00,0,0,0,0,0
2022-12-29 10:06:00,0,0,0,0,0
2022-12-29 10:07:00,0,0,0,0,0
2022-12-29 10:08:00,0,0,0,0,0
2022-12-29 10:09:00,0,0,0,0,0
2022-12-29 10:10:00,0,0,0,0,0
2022-12-29 10:11:00,0,0,0,0,0
2022-12-29 10:12:00,0,0,0,0,0
2022-12-29 10:13:00,0,0,0,0,0
2022-12-29 10:14:00,0,0,0,0,0
2022-12-29 10:15:00,545,545,545,545,2000
2022-12-29 10:16:00,0,0,0,0,0
2022-12-29 10:17:00,0,0,0,0,0
2022-12-29 10:18:00,0,0,0,0,0
2022-12-29 10:19:00,0,0,0,0,0
2022-12-29 10:20:00,0,0,0,0,0
2022-12-29 10:21:00,540,540,540,540,0
2022-12-29 10:22:00,0,0,0,0,0
2022-12-29 10:23:00,0,0,0,0,0
2022-12-29 10:24:00,545,545,545,545,500
2022-12-29 10:25:00,0,0,0,0,0
2022-12-29 10:26:00,0,0,0,0,0
2022-12-29 10:27:00,0,0,0,0,0
2022-12-29 10:28:00,0,0,0,0,0
2022-12-29 10:29:00,0,0,0,0,0
2022-12-29 10:30:00,0,0,0,0,0
2022-12-29 10:31:00,0,0,0,0,0
2022-12-29 10:32:00,0,0,0,0,0
2022-12-29 10:33:00,0,0,0,0,0
2022-12-29 10:34:00,0,0,0,0,0
2022-12-29 10:35:00,0,0,0,0,0
2022-12-29 10:36:00,0,0,0,0,0
2022-12-29 10:37:00,0,0,0,0,0
2022-12-29 10:38:00,0,0,0,0,0
2022-12-29 10:39:00,0,0,0,0,0
2022-12-29 10:40:00,0,0,0,0,0
2022-12-29 10:41:00,0,0,0,0,0
2022-12-29 10:42:00,0,0,0,0,0
2022-12-29 10:43:00,0,0,0,0,0
2022-12-29 10:44:00,540,540,540,540,200
2022-12-29 10:45:00,540,540,540,540,39900
2022-12-29 10:46:00,0,0,0,0,0
2022-12-29 10:47:00,0,0,0,0,0
2022-12-29 10:48:00,0,0,0,0,0
2022-12-29 10:49:00,0,0,0,0,0
2022-12-29 10:50:00,0,0,0,0,0
2022-12-29 10:51:00,0,0,0,0,0
2022-12-29 10:52:00,0,0,0,0,0
2022-12-29 10:53:00,0,0,0,0,0
2022-12-29 10:54:00,0,0,0,0,0
2022-12-29 10:55:00,0,0,0,0,0
2022-12-29 10:56:00,0,0,0,0,0
2022-12-29 10:57:00,0,0,0,0,0
2022-12-29 10:58:00,540,540,540,540,25200
2022-12-29 10:59:00,540,540,540,540,21500
2022-12-29 11:00:00,540,540,540,540,0
2022-12-29 11:01:00,540,540,545,545,1700
2022-12-29 11:02:00,545,545,545,545,0
2022-12-29 11:03:00,0,0,0,0,0
2022-12-29 11:04:00,0,0,0,0,0
2022-12-29 11:05:00,0,0,0,0,0
2022-12-29 11:06:00,0,0,0,0,0
2022-12-29 11:07:00,0,0,0,0,0
2022-12-29 11:08:00,0,0,0,0,0
2022-12-29 11:09:00,0,0,0,0,0
2022-12-29 11:10:00,0,0,0,0,0
2022-12-29 11:11:00,0,0,0,0,0
2022-12-29 11:12:00,0,0,0,0,0
2022-12-29 11:13:00,545,540,545,540,12900
2022-12-29 11:14:00,0,0,0,0,0
2022-12-29 11:15:00,545,545,545,545,0
2022-12-29 11:16:00,0,0,0,0,0
2022-12-29 11:17:00,0,0,0,0,0
2022-12-29 11:18:00,0,0,0,0,0
2022-12-29 11:19:00,0,0,0,0,0
2022-12-29 11:20:00,0,0,0,0,0
2022-12-29 11:21:00,0,0,0,0,0
2022-12-29 11:22:00,0,0,0,0,0
2022-12-29 11:23:00,0,0,0,0,0
2022-12-29 11:24:00,0,0,0,0,0
2022-12-29 11:25:00,0,0,0,0,0
2022-12-29 11:26:00,0,0,0,0,0
2022-12-29 11:27:00,545,545,550,550,125000
2022-12-29 11:28:00,0,0,0,0,0
2022-12-29 11:29:00,0,0,0,0,0
2022-12-29 11:30:00,0,0,0,0,0
2022-12-29 11:31:00,0,0,0,0,0
2022-12-29 11:32:00,0,0,0,0,0
2022-12-29 11:33:00,0,0,0,0,0
2022-12-29 11:34:00,0,0,0,0,0
2022-12-29 11:35:00,0,0,0,0,0
2022-12-29 11:36:00,0,0,0,0,0
2022-12-29 11:37:00,0,0,0,0,0
2022-12-29 11:38:00,0,0,0,0,0
2022-12-29 11:39:00,0,0,0,0,0
2022-12-29 11:40:00,0,0,0,0,0
2022-12-29 11:41:00,0,0,0,0,0
2022-12-29 11:42:00,0,0,0,0,0
2022-12-29 11:43:00,0,0,0,0,0
2022-12-29 11:44:00,0,0,0,0,0
2022-12-29 11:45:00,0,0,0,0,0
2022-12-29 11:46:00,0,0,0,0,0
2022-12-29 11:47:00,0,0,0,0,0
2022-12-29 11:48:00,0,0,0,0,0
2022-12-29 11:49:00,0,0,0,0,0
2022-12-29 11:50:00,0,0,0,0,0
2022-12-29 11:51:00,0,0,0,0,0
2022-12-29 11:52:00,0,0,0,0,0
2022-12-29 11:53:00,0,0,0,0,0
2022-12-29 11:54:00,0,0,0,0,0
2022-12-29 11:55:00,0,0,0,0,0
2022-12-29 11:56:00,0,0,0,0,0
2022-12-29 11:57:00,0,0,0,0,0
2022-12-29 11:58:00,0,0,0,0,0
2022-12-29 11:59:00,0,0,0,0,0
2022-12-29 12:00:00,0,0,0,0,0
2022-12-29 12:01:00,0,0,0,0,0
2022-12-29 12:02:00,0,0,0,0,0
2022-12-29 12:03:00,0,0,0,0,0
2022-12-29 12:04:00,0,0,0,0,0
2022-12-29 12:05:00,0,0,0,0,0
2022-12-29 12:06:00,0,0,0,0,0
2022-12-29 12:07:00,0,0,0,0,0
2022-12-29 12:08:00,0,0,0,0,0
2022-12-29 12:09:00,0,0,0,0,0
2022-12-29 12:10:00,0,0,0,0,0
2022-12-29 12:11:00,0,0,0,0,0
2022-12-29 12:12:00,0,0,0,0,0
2022-12-29 12:13:00,0,0,0,0,0
2022-12-29 12:14:00,0,0,0,0,0
2022-12-29 12:15:00,0,0,0,0,0
2022-12-29 12:16:00,0,0,0,0,0
2022-12-29 12:17:00,0,0,0,0,0
2022-12-29 12:18:00,0,0,0,0,0
2022-12-29 12:19:00,0,0,0,0,0
2022-12-29 12:20:00,0,0,0,0,0
2022-12-29 12:21:00,0,0,0,0,0
2022-12-29 12:22:00,0,0,0,0,0
2022-12-29 12:23:00,0,0,0,0,0
2022-12-29 12:24:00,0,0,0,0,0
2022-12-29 12:25:00,0,0,0,0,0
2022-12-29 12:26:00,0,0,0,0,0
2022-12-29 12:27:00,0,0,0,0,0
2022-12-29 12:28:00,0,0,0,0,0
2022-12-29 12:29:00,0,0,0,0,0
2022-12-29 12:30:00,0,0,0,0,0
2022-12-29 12:31:00,0,0,0,0,0
2022-12-29 12:32:00,0,0,0,0,0
2022-12-29 12:33:00,0,0,0,0,0
2022-12-29 12:34:00,0,0,0,0,0
2022-12-29 12:35:00,0,0,0,0,0
2022-12-29 12:36:00,0,0,0,0,0
2022-12-29 12:37:00,0,0,0,0,0
2022-12-29 12:38:00,0,0,0,0,0
2022-12-29 12:39:00,0,0,0,0,0
2022-12-29 12:40:00,0,0,0,0,0
2022-12-29 12:41:00,0,0,0,0,0
2022-12-29 12:42:00,0,0,0,0,0
2022-12-29 12:43:00,0,0,0,0,0
2022-12-29 12:44:00,0,0,0,0,0
2022-12-29 12:45:00,0,0,0,0,0
2022-12-29 12:46:00,0,0,0,0,0
2022-12-29 12:47:00,0,0,0,0,0
2022-12-29 12:48:00,0,0,0,0,0
2022-12-29 12:49:00,0,0,0,0,0
2022-12-29 12:50:00,0,0,0,0,0
2022-12-29 12:51:00,0,0,0,0,0
2022-12-29 12:52:00,0,0,0,0,0
2022-12-29 12:53:00,0,0,0,0,0
2022-12-29 12:54:00,0,0,0,0,0
2022-12-29 12:55:00,0,0,0,0,0
2022-12-29 12:56:00,0,0,0,0,0
2022-12-29 12:57:00,0,0,0,0,0
2022-12-29 12:58:00,0,0,0,0,0
2022-12-29 12:59:00,0,0,0,0,0
2022-12-29 13:00:00,0,0,0,0,0
2022-12-29 13:01:00,0,0,0,0,0
2022-12-29 13:02:00,0,0,0,0,0
2022-12-29 13:03:00,0,0,0,0,0
2022-12-29 13:04:00,0,0,0,0,0
2022-12-29 13:05:00,0,0,0,0,0
2022-12-29 13:06:00,0,0,0,0,0
2022-12-29 13:07:00,0,0,0,0,0
2022-12-29 13:08:00,0,0,0,0,0
2022-12-29 13:09:00,0,0,0,0,0
2022-12-29 13:10:00,0,0,0,0,0
2022-12-29 13:11:00,0,0,0,0,0
2022-12-29 13:12:00,0,0,0,0,0
2022-12-29 13:13:00,0,0,0,0,0
2022-12-29 13:14:00,0,0,0,0,0
2022-12-29 13:15:00,0,0,0,0,0
2022-12-29 13:16:00,0,0,0,0,0
2022-12-29 13:17:00,0,0,0,0,0
2022-12-29 13:18:00,0,0,0,0,0
2022-12-29 13:19:00,0,0,0,0,0
2022-12-29 13:20:00,0,0,0,0,0
2022-12-29 13:21:00,0,0,0,0,0
2022-12-29 13:22:00,0,0,0,0,0
2022-12-29 13:23:00,0,0,0,0,0
2022-12-29 13:24:00,0,0,0,0,0
2022-12-29 13:25:00,0,0,0,0,0
2022-12-29 13:26:00,0,0,0,0,0
2022-12-29 13:27:00,0,0,0,0,0
2022-12-29 13:28:00,0,0,0,0,0
2022-12-29 13:29:00,0,0,0,0,0
2022-12-29 13:30:00,0,0,0,0,0
2022-12-29 13:31:00,0,0,0,0,0
2022-12-29 13:32:00,0,0,0,0,0
2022-12-29 13:33:00,0,0,0,0,0
2022-12-29 13:34:00,0,0,0,0,0
2022-12-29 13:35:00,0,0,0,0,0
2022-12-29 13:36:00,0,0,0,0,0
2022-12-29 13:37:00,0,0,0,0,0
2022-12-29 13:38:00,0,0,0,0,0
2022-12-29 13:39:00,0,0,0,0,0
2022-12-29 13:40:00,0,0,0,0,0
2022-12-29 13:41:00,0,0,0,0,0
2022-12-29 13:42:00,0,0,0,0,0
2022-12-29 13:43:00,0,0,0,0,0
2022-12-29 13:44:00,0,0,0,0,0
2022-12-29 13:45:00,0,0,0,0,0
2022-12-29 13:46:00,0,0,0,0,0
2022-12-29 13:47:00,0,0,0,0,0
2022-12-29 13:48:00,0,0,0,0,0
2022-12-29 13:49:00,0,0,0,0,0
2022-12-29 13:50:00,0,0,0,0,0
2022-12-29 13:51:00,0,0,0,0,0
2022-12-29 13:52:00,0,0,0,0,0
2022-12-29 13:53:00,0,0,0,0,0
2022-12-29 13:54:00,0,0,0,0,0
2022-12-29 13:55:00,0,0,0,0,0
2022-12-29 13:56:00,0,0,0,0,0
2022-12-29 13:57:00,0,0,0,0,0
2022-12-29 13:58:00,0,0,0,0,0
2022-12-29 13:59:00,0,0,0,0,0
2022-12-29 14:00:00,0,0,0,0,0
2022-12-29 14:01:00,0,0,0,0,0
2022-12-29 14:02:00,0,0,0,0,0
2022-12-29 14:03:00,550,550,550,550,500
2022-12-29 14:04:00,0,0,0,0,0
2022-12-29 14:05:00,0,0,0,0,0
2022-12-29 14:06:00,0,0,0,0,0
2022-12-29 14:07:00,0,0,0,0,0
2022-12-29 14:08:00,0,0,0,0,0
2022-12-29 14:09:00,0,0,0,0,0
2022-12-29 14:10:00,0,0,0,0,0
2022-12-29 14:11:00,0,0,0,0,0
2022-12-29 14:12:00,0,0,0,0,0
2022-12-29 14:13:00,0,0,0,0,0
2022-12-29 14:14:00,0,0,0,0,0
2022-12-29 14:15:00,0,0,0,0,0
2022-12-29 14:16:00,0,0,0,0,0
2022-12-29 14:17:00,0,0,0,0,0
2022-12-29 14:18:00,0,0,0,0,0
2022-12-29 14:19:00,0,0,0,0,0
2022-12-29 14:20:00,0,0,0,0,0
2022-12-29 14:21:00,0,0,0,0,0
2022-12-29 14:22:00,0,0,0,0,0
2022-12-29 14:23:00,0,0,0,0,0
2022-12-29 14:24:00,0,0,0,0,0
2022-12-29 14:25:00,0,0,0,0,0
2022-12-29 14:26:00,0,0,0,0,0
2022-12-29 14:27:00,0,0,0,0,0
2022-12-29 14:28:00,545,545,550,545,3100
2022-12-29 14:29:00,545,545,545,545,200
2022-12-29 14:30:00,0,0,0,0,0
2022-12-29 14:31:00,0,0,0,0,0
2022-12-29 14:32:00,0,0,0,0,0
2022-12-29 14:33:00,545,545,545,545,21700
2022-12-29 14:34:00,545,545,550,550,0
2022-12-29 14:35:00,0,0,0,0,0
2022-12-29 14:36:00,0,0,0,0,0
2022-12-29 14:37:00,0,0,0,0,0
2022-12-29 14:38:00,0,0,0,0,0
2022-12-29 14:39:00,0,0,0,0,0
2022-12-29 14:40:00,0,0,0,0,0
2022-12-29 14:41:00,0,0,0,0,0
2022-12-29 14:42:00,0,0,0,0,0
2022-12-29 14:43:00,0,0,0,0,0
2022-12-29 14:44:00,0,0,0,0,0
2022-12-29 14:45:00,0,0,0,0,0
2022-12-29 14:46:00,0,0,0,0,0
2022-12-29 14:47:00,0,0,0,0,0
2022-12-29 14:48:00,0,0,0,0,0
2022-12-29 14:49:00,550,550,550,550,500
2022-12-29 14:50:00,0,0,0,0,0
2022-12-29 14:51:00,0,0,0,0,0
2022-12-29 14:52:00,0,0,0,0,0
2022-12-29 14:53:00,0,0,0,0,0
2022-12-29 14:54:00,0,0,0,0,0
2022-12-29 14:55:00,0,0,0,0,0
2022-12-29 14:56:00,0,0,0,0,0
2022-12-29 14:57:00,0,0,0,0,0
2022-12-29 14:58:00,0,0,0,0,0
2022-12-29 14:59:00,0,0,0,0,0
2022-12-29 15:00:00,550,550,550,550,324200
2022-12-29 15:01:00,0,0,0,0,0
2022-12-29 15:02:00,0,0,0,0,0
2022-12-29 15:03:00,0,0,0,0,0
2022-12-29 15:04:00,0,0,0,0,0
2022-12-29 15:05:00,0,0,0,0,0
2022-12-29 15:06:00,0,0,0,0,0
2022-12-29 15:07:00,0,0,0,0,0
2022-12-29 15:08:00,0,0,0,0,0
2022-12-29 15:09:00,0,0,0,0,0
2022-12-29 15:10:00,0,0,0,0,0
2022-12-29 15:11:00,0,0,0,0,0
2022-12-29 15:12:00,0,0,0,0,0
2022-12-29 15:13:00,0,0,0,0,0
2022-12-29 15:14:00,0,0,0,0,0
2022-12-29 15:15:00,0,0,0,0,0
2022-12-29 15:16:00,0,0,0,0,0
2022-12-29 15:17:00,0,0,0,0,0
2022-12-29 15:18:00,0,0,0,0,0
2022-12-29 15:19:00,0,0,0,0,0
2022-12-29 15:20:00,0,0,0,0,0
2022-12-29 15:21:00,0,0,0,0,0
2022-12-29 15:22:00,0,0,0,0,0
2022-12-29 15:23:00,0,0,0,0,0
2022-12-29 15:24:00,0,0,0,0,0
2022-12-29 15:25:00,0,0,0,0,0
2022-12-29 15:26:00,0,0,0,0,0
2022-12-29 15:27:00,0,0,0,0,0
2022-12-29 15:28:00,0,0,0,0,0
2022-12-29 15:29:00,0,0,0,0,0
2022-12-29 15:30:00,0,0,0,0,0
2022-12-29 15:31:00,0,0,0,0,0
2022-12-29 15:32:00,0,0,0,0,0
2022-12-29 15:33:00,0,0,0,0,0
2022-12-29 15:34:00,0,0,0,0,0
2022-12-29 15:35:00,0,0,0,0,0
2022-12-29 15:36:00,0,0,0,0,0
2022-12-29 15:37:00,0,0,0,0,0
2022-12-29 15:38:00,0,0,0,0,0
2022-12-29 15:39:00,0,0,0,0,0
2022-12-29 15:40:00,0,0,0,0,0
2022-12-29 15:41:00,0,0,0,0,0
2022-12-29 15:42:00,0,0,0,0,0
2022-12-29 15:43:00,0,0,0,0,0
2022-12-29 15:44:00,0,0,0,0,0
2022-12-29 15:45:00,0,0,0,0,0
2022-12-29 15:46:00,0,0,0,0,0
2022-12-29 15:47:00,0,0,0,0,0
2022-12-29 15:48:00,0,0,0,0,0
2022-12-29 15:49:00,0,0,0,0,0
2022-12-29 15:50:00,0,0,0,0,0
2022-12-29 15:51:00,0,0,0,0,0
2022-12-29 15:52:00,0,0,0,0,0
2022-12-29 15:53:00,0,0,0,0,0
2022-12-29 15:54:00,0,0,0,0,0
2022-12-29 15:55:00,0,0,0,0,0
2022-12-29 15:56:00,0,0,0,0,0
2022-12-29 15:57:00,0,0,0,0,0
2022-12-29 15:58:00,0,0,0,0,0
2022-12-29 15:59:00,0,0,0,0,0
2022-12-30 09:00:00,0,0,0,0,0
2022-12-30 09:01:00,0,0,0,0,0
2022-12-30 09:02:00,0,0,0,0,0
2022-12-30 09:03:00,0,0,0,0,0
2022-12-30 09:04:00,0,0,0,0,0
2022-12-30 09:05:00,0,0,0,0,0
2022-12-30 09:06:00,0,0,0,0,0
2022-12-30 09:07:00,0,0,0,0,0
2022-12-30 09:08:00,550,550,550,550,0
2022-12-30 09:09:00,550,550,550,550,0
2022-12-30 09:10:00,0,0,0,0,0
2022-12-30 09:11:00,0,0,0,0,0
2022-12-30 09:12:00,0,0,0,0,0
2022-12-30 09:13:00,0,0,0,0,0
2022-12-30 09:14:00,0,0,0,0,0
2022-12-30 09:15:00,0,0,0,0,0
2022-12-30 09:16:00,0,0,0,0,0
2022-12-30 09:17:00,0,0,0,0,0
2022-12-30 09:18:00,0,0,0,0,0
2022-12-30 09:19:00,0,0,0,0,0
2022-12-30 09:20:00,0,0,0,0,0
2022-12-30 09:21:00,0,0,0,0,0
2022-12-30 09:22:00,0,0,0,0,0
2022-12-30 09:23:00,550,550,550,550,1000
2022-12-30 09:24:00,0,0,0,0,0
2022-12-30 09:25:00,0,0,0,0,0
2022-12-30 09:26:00,0,0,0,0,0
2022-12-30 09:27:00,0,0,0,0,0
2022-12-30 09:28:00,0,0,0,0,0
2022-12-30 09:29:00,0,0,0,0,0
2022-12-30 09:30:00,0,0,0,0,0
2022-12-30 09:31:00,545,545,545,545,800
2022-12-30 09:32:00,0,0,0,0,0
2022-12-30 09:33:00,550,550,550,550,500
2022-12-30 09:34:00,0,0,0,0,0
2022-12-30 09:35:00,0,0,0,0,0
2022-12-30 09:36:00,0,0,0,0,0
2022-12-30 09:37:00,0,0,0,0,0
2022-12-30 09:38:00,0,0,0,0,0
2022-12-30 09:39:00,0,0,0,0,0
2022-12-30 09:40:00,0,0,0,0,0
2022-12-30 09:41:00,0,0,0,0,0
2022-12-30 09:42:00,0,0,0,0,0
2022-12-30 09:43:00,0,0,0,0,0
2022-12-30 09:44:00,0,0,0,0,0
2022-12-30 09:45:00,0,0,0,0,0
2022-12-30 09:46:00,0,0,0,0,0
2022-12-30 09:47:00,0,0,0,0,0
2022-12-30 09:48:00,0,0,0,0,0
2022-12-30 09:49:00,0,0,0,0,0
2022-12-30 09:50:00,0,0,0,0,0
2022-12-30 09:51:00,0,0,0,0,0
2022-12-30 09:52:00,0,0,0,0,0
2022-12-30 09:53:00,0,0,0,0,0
2022-12-30 09:54:00,0,0,0,0,0
2022-12-30 09:55:00,0,0,0,0,0
2022-12-30 09:56:00,0,0,0,0,0
2022-12-30 09:57:00,0,0,0,0,0
2022-12-30 09:58:00,0,0,0,0,0
2022-12-30 09:59:00,0,0,0,0,0
2022-12-30 10:00:00,0,0,0,0,0
2022-12-30 10:01:00,0,0,0,0,0
2022-12-30 10:02:00,0,0,0,0,0
2022-12-30 10:03:00,0,0,0,0,0
2022-12-30 10:04:00,0,0,0,0,0
2022-12-30 10:05:00,0,0,0,0,0
2022-12-30 10:06:00,0,0,0,0,0
2022-12-30 10:07:00,0,0,0,0,0
2022-12-30 10:08:00,0,0,0,0,0
2022-12-30 10:09:00,0,0,0,0,0
2022-12-30 10:10:00,0,0,0,0,0
2022-12-30 10:11:00,0,0,0,0,0
2022-12-30 10:12:00,0,0,0,0,0
2022-12-30 10:13:00,0,0,0,0,0
2022-12-30 10:14:00,0,0,0,0,0
2022-12-30 10:15:00,0,0,0,0,0
2022-12-30 10:16:00,0,0,0,0,0
2022-12-30 10:17:00,0,0,0,0,0
2022-12-30 10:18:00,0,0,0,0,0
2022-12-30 10:19:00,0,0,0,0,0
2022-12-30 10:20:00,0,0,0,0,0
2022-12-30 10:21:00,0,0,0,0,0
2022-12-30 10:22:00,0,0,0,0,0
2022-12-30 10:23:00,0,0,0,0,0
2022-12-30 10:24:00,0,0,0,0,0
2022-12-30 10:25:00,0,0,0,0,0
2022-12-30 10:26:00,0,0,0,0,0
2022-12-30 10:27:00,0,0,0,0,0
2022-12-30 10:28:00,0,0,0,0,0
2022-12-30 10:29:00,0,0,0,0,0
2022-12-30 10:30:00,0,0,0,0,0
2022-12-30 10:31:00,0,0,0,0,0
2022-12-30 10:32:00,0,0,0,0,0
2022-12-30 10:33:00,550,550,550,550,500
2022-12-30 10:34:00,0,0,0,0,0
2022-12-30 10:35:00,0,0,0,0,0
2022-12-30 10:36:00,0,0,0,0,0
2022-12-30 10:37:00,0,0,0,0,0
2022-12-30 10:38:00,0,0,0,0,0
2022-12-30 10:39:00,0,0,0,0,0
2022-12-30 10:40:00,0,0,0,0,0
2022-12-30 10:41:00,0,0,0,0,0
2022-12-30 10:42:00,0,0,0,0,0
2022-12-30 10:43:00,0,0,0,0,0
2022-12-30 10:44:00,0,0,0,0,0
2022-12-30 10:45:00,0,0,0,0,0
2022-12-30 10:46:00,0,0,0,0,0
2022-12-30 10:47:00,0,0,0,0,0
2022-12-30 10:48:00,0,0,0,0,0
2022-12-30 10:49:00,0,0,0,0,0
2022-12-30 10:50:00,0,0,0,0,0
2022-12-30 10:51:00,0,0,0,0,0
2022-12-30 10:52:00,0,0,0,0,0
2022-12-30 10:53:00,0,0,0,0,0
2022-12-30 10:54:00,0,0,0,0,0
2022-12-30 10:55:00,0,0,0,0,0
2022-12-30 10:56:00,0,0,0,0,0
2022-12-30 10:57:00,0,0,0,0,0
2022-12-30 10:58:00,0,0,0,0,0
2022-12-30 10:59:00,0,0,0,0,0
2022-12-30 11:00:00,0,0,0,0,0
2022-12-30 11:01:00,0,0,0,0,0
2022-12-30 11:02:00,0,0,0,0,0
2022-12-30 11:03:00,0,0,0,0,0
2022-12-30 11:04:00,550,550,550,550,1400
2022-12-30 11:05:00,0,0,0,0,0
2022-12-30 11:06:00,0,0,0,0,0
2022-12-30 11:07:00,0,0,0,0,0
2022-12-30 11:08:00,0,0,0,0,0
2022-12-30 11:09:00,550,550,550,550,0
2022-12-30 11:10:00,0,0,0,0,0
2022-12-30 11:11:00,0,0,0,0,0
2022-12-30 11:12:00,545,545,545,545,200
2022-12-30 11:13:00,0,0,0,0,0
2022-12-30 11:14:00,550,550,550,550,800
2022-12-30 11:15:00,0,0,0,0,0
2022-12-30 11:16:00,0,0,0,0,0
2022-12-30 11:17:00,0,0,0,0,0
2022-12-30 11:18:00,0,0,0,0,0
2022-12-30 11:19:00,0,0,0,0,0
2022-12-30 11:20:00,0,0,0,0,0
2022-12-30 11:21:00,0,0,0,0,0
2022-12-30 11:22:00,0,0,0,0,0
2022-12-30 11:23:00,0,0,0,0,0
2022-12-30 11:24:00,0,0,0,0,0
2022-12-30 11:25:00,0,0,0,0,0
2022-12-30 11:26:00,0,0,0,0,0
2022-12-30 11:27:00,550,550,550,550,700
2022-12-30 11:28:00,0,0,0,0,0
2022-12-30 11:29:00,0,0,0,0,0
2022-12-30 11:30:00,0,0,0,0,0
2022-12-30 11:31:00,0,0,0,0,0
2022-12-30 11:32:00,0,0,0,0,0
2022-12-30 11:33:00,0,0,0,0,0
2022-12-30 11:34:00,0,0,0,0,0
2022-12-30 11:35:00,0,0,0,0,0
2022-12-30 11:36:00,0,0,0,0,0
2022-12-30 11:37:00,0,0,0,0,0
2022-12-30 11:38:00,0,0,0,0,0
2022-12-30 11:39:00,0,0,0,0,0
2022-12-30 11:40:00,0,0,0,0,0
2022-12-30 11:41:00,0,0,0,0,0
2022-12-30 11:42:00,0,0,0,0,0
2022-12-30 11:43:00,0,0,0,0,0
2022-12-30 11:44:00,0,0,0,0,0
2022-12-30 11:45:00,0,0,0,0,0
2022-12-30 11:46:00,0,0,0,0,0
2022-12-30 11:47:00,0,0,0,0,0
2022-12-30 11:48:00,0,0,0,0,0
2022-12-30 11:49:00,0,0,0,0,0
2022-12-30 11:50:00,0,0,0,0,0
2022-12-30 11:51:00,0,0,0,0,0
2022-12-30 11:52:00,0,0,0,0,0
2022-12-30 11:53:00,0,0,0,0,0
2022-12-30 11:54:00,0,0,0,0,0
2022-12-30 11:55:00,0,0,0,0,0
2022-12-30 11:56:00,0,0,0,0,0
2022-12-30 11:57:00,0,0,0,0,0
2022-12-30 11:58:00,0,0,0,0,0
2022-12-30 11:59:00,0,0,0,0,0
2022-12-30 12:00:00,0,0,0,0,0
2022-12-30 12:01:00,0,0,0,0,0
2022-12-30 12:02:00,0,0,0,0,0
2022-12-30 12:03:00,0,0,0,0,0
2022-12-30 12:04:00,0,0,0,0,0
2022-12-30 12:05:00,0,0,0,0,0
2022-12-30 12:06:00,0,0,0,0,0
2022-12-30 12:07:00,0,0,0,0,0
2022-12-30 12:08:00,0,0,0,0,0
2022-12-30 12:09:00,0,0,0,0,0
2022-12-30 12:10:00,0,0,0,0,0
2022-12-30 12:11:00,0,0,0,0,0
2022-12-30 12:12:00,0,0,0,0,0
2022-12-30 12:13:00,0,0,0,0,0
2022-12-30 12:14:00,0,0,0,0,0
2022-12-30 12:15:00,0,0,0,0,0
2022-12-30 12:16:00,0,0,0,0,0
2022-12-30 12:17:00,0,0,0,0,0
2022-12-30 12:18:00,0,0,0,0,0
2022-12-30 12:19:00,0,0,0,0,0
2022-12-30 12:20:00,0,0,0,0,0
2022-12-30 12:21:00,0,0,0,0,0
2022-12-30 12:22:00,0,0,0,0,0
2022-12-30 12:23:00,0,0,0,0,0
2022-12-30 12:24:00,0,0,0,0,0
2022-12-30 12:25:00,0,0,0,0,0
2022-12-30 12:26:00,0,0,0,0,0
2022-12-30 12:27:00,0,0,0,0,0
2022-12-30 12:28:00,0,0,0,0,0
2022-12-30 12:29:00,0,0,0,0,0
2022-12-30 12:30:00,0,0,0,0,0
2022-12-30 12:31:00,0,0,0,0,0
2022-12-30 12:32:00,0,0,0,0,0
2022-12-30 12:33:00,0,0,0,0,0
2022-12-30 12:34:00,0,0,0,0,0
2022-12-30 12:35:00,0,0,0,0,0
2022-12-30 12:36:00,0,0,0,0,0
2022-12-30 12:37:00,0,0,0,0,0
2022-12-30 12:38:00,0,0,0,0,0
2022-12-30 12:39:00,0,0,0,0,0
2022-12-30 12:40:00,0,0,0,0,0
2022-12-30 12:41:00,0,0,0,0,0
2022-12-30 12:42:00,0,0,0,0,0
2022-12-30 12:43:00,0,0,0,0,0
2022-12-30 12:44:00,0,0,0,0,0
2022-12-30 12:45:00,0,0,0,0,0
2022-12-30 12:46:00,0,0,0,0,0
2022-12-30 12:47:00,0,0,0,0,0
2022-12-30 12:48:00,0,0,0,0,0
2022-12-30 12:49:00,0,0,0,0,0
2022-12-30 12:50:00,0,0,0,0,0
2022-12-30 12:51:00,0,0,0,0,0
2022-12-30 12:52:00,0,0,0,0,0
2022-12-30 12:53:00,0,0,0,0,0
2022-12-30 12:54:00,0,0,0,0,0
2022-12-30 12:55:00,0,0,0,0,0
2022-12-30 12:56:00,0,0,0,0,0
2022-12-30 12:57:00,0,0,0,0,0
2022-12-30 12:58:00,0,0,0,0,0
2022-12-30 12:59:00,0,0,0,0,0
2022-12-30 13:00:00,0,0,0,0,0
2022-12-30 13:01:00,0,0,0,0,0
2022-12-30 13:02:00,0,0,0,0,0
2022-12-30 13:03:00,0,0,0,0,0
2022-12-30 13:04:00,0,0,0,0,0
2022-12-30 13:05:00,0,0,0,0,0
2022-12-30 13:06:00,0,0,0,0,0
2022-12-30 13:07:00,0,0,0,0,0
2022-12-30 13:08:00,0,0,0,0,0
2022-12-30 13:09:00,0,0,0,0,0
2022-12-30 13:10:00,0,0,0,0,0
2022-12-30 13:11:00,0,0,0,0,0
2022-12-30 13:12:00,0,0,0,0,0
2022-12-30 13:13:00,0,0,0,0,0
2022-12-30 13:14:00,0,0,0,0,0
2022-12-30 13:15:00,0,0,0,0,0
2022-12-30 13:16:00,0,0,0,0,0
2022-12-30 13:17:00,0,0,0,0,0
2022-12-30 13:18:00,0,0,0,0,0
2022-12-30 13:19:00,0,0,0,0,0
2022-12-30 13:20:00,0,0,0,0,0
2022-12-30 13:21:00,0,0,0,0,0
2022-12-30 13:22:00,0,0,0,0,0
2022-12-30 13:23:00,0,0,0,0,0
2022-12-30 13:24:00,0,0,0,0,0
2022-12-30 13:25:00,0,0,0,0,0
2022-12-30 13:26:00,0,0,0,0,0
2022-12-30 13:27:00,0,0,0,0,0
2022-12-30 13:28:00,0,0,0,0,0
2022-12-30 13:29:00,0,0,0,0,0
2022-12-30 13:30:00,0,0,0,0,0
2022-12-30 13:31:00,0,0,0,0,0
2022-12-30 13:32:00,0,0,0,0,0
2022-12-30 13:33:00,0,0,0,0,0
2022-12-30 13:34:00,0,0,0,0,0
2022-12-30 13:35:00,0,0,0,0,0
2022-12-30 13:36:00,0,0,0,0,0
2022-12-30 13:37:00,0,0,0,0,0
2022-12-30 13:38:00,0,0,0,0,0
2022-12-30 13:39:00,0,0,0,0,0
2022-12-30 13:40:00,0,0,0,0,0
2022-12-30 13:41:00,0,0,0,0,0
2022-12-30 13:42:00,545,545,545,545,1300
2022-12-30 13:43:00,550,550,550,550,700
2022-12-30 13:44:00,0,0,0,0,0
2022-12-30 13:45:00,0,0,0,0,0
2022-12-30 13:46:00,0,0,0,0,0
2022-12-30 13:47:00,0,0,0,0,0
2022-12-30 13:48:00,545,545,550,550,1900
2022-12-30 13:49:00,0,0,0,0,0
2022-12-30 13:50:00,0,0,0,0,0
2022-12-30 13:51:00,0,0,0,0,0
2022-12-30 13:52:00,0,0,0,0,0
2022-12-30 13:53:00,550,550,550,550,0
2022-12-30 13:54:00,0,0,0,0,0
2022-12-30 13:55:00,0,0,0,0,0
2022-12-30 13:56:00,0,0,0,0,0
2022-12-30 13:57:00,0,0,0,0,0
2022-12-30 13:58:00,0,0,0,0,0
2022-12-30 13:59:00,0,0,0,0,0
2022-12-30 14:00:00,0,0,0,0,0
2022-12-30 14:01:00,0,0,0,0,0
2022-12-30 14:02:00,0,0,0,0,0
2022-12-30 14:03:00,0,0,0,0,0
2022-12-30 14:04:00,0,0,0,0,0
2022-12-30 14:05:00,0,0,0,0,0
2022-12-30 14:06:00,0,0,0,0,0
2022-12-30 14:07:00,0,0,0,0,0
2022-12-30 14:08:00,0,0,0,0,0
2022-12-30 14:09:00,0,0,0,0,0
2022-12-30 14:10:00,0,0,0,0,0
2022-12-30 14:11:00,0,0,0,0,0
2022-12-30 14:12:00,0,0,0,0,0
2022-12-30 14:13:00,0,0,0,0,0
2022-12-30 14:14:00,0,0,0,0,0
2022-12-30 14:15:00,0,0,0,0,0
2022-12-30 14:16:00,0,0,0,0,0
2022-12-30 14:17:00,0,0,0,0,0
2022-12-30 14:18:00,0,0,0,0,0
2022-12-30 14:19:00,0,0,0,0,0
2022-12-30 14:20:00,0,0,0,0,0
2022-12-30 14:21:00,0,0,0,0,0
2022-12-30 14:22:00,0,0,0,0,0
2022-12-30 14:23:00,0,0,0,0,0
2022-12-30 14:24:00,545,545,545,545,1500
2022-12-30 14:25:00,550,550,550,550,1000
2022-12-30 14:26:00,0,0,0,0,0
2022-12-30 14:27:00,0,0,0,0,0
2022-12-30 14:28:00,550,550,550,550,300
2022-12-30 14:29:00,0,0,0,0,0
2022-12-30 14:30:00,0,0,0,0,0
2022-12-30 14:31:00,0,0,0,0,0
2022-12-30 14:32:00,0,0,0,0,0
2022-12-30 14:33:00,0,0,0,0,0
2022-12-30 14:34:00,0,0,0,0,0
2022-12-30 14:35:00,0,0,0,0,0
2022-12-30 14:36:00,0,0,0,0,0
2022-12-30 14:37:00,0,0,0,0,0
2022-12-30 14:38:00,550,550,550,550,0
2022-12-30 14:39:00,0,0,0,0,0
2022-12-30 14:40:00,0,0,0,0,0
2022-12-30 14:41:00,0,0,0,0,0
2022-12-30 14:42:00,0,0,0,0,0
2022-12-30 14:43:00,0,0,0,0,0
2022-12-30 14:44:00,550,550,550,550,1200
2022-12-30 14:45:00,550,550,550,550,400
2022-12-30 14:46:00,0,0,0,0,0
2022-12-30 14:47:00,0,0,0,0,0
2022-12-30 14:48:00,550,550,550,550,600
2022-12-30 14:49:00,550,550,550,550,1100
2022-12-30 14:50:00,0,0,0,0,0
2022-12-30 14:51:00,0,0,0,0,0
2022-12-30 14:52:00,0,0,0,0,0
2022-12-30 14:53:00,0,0,0,0,0
2022-12-30 14:54:00,0,0,0,0,0
2022-12-30 14:55:00,0,0,0,0,0
2022-12-30 14:56:00,0,0,0,0,0
2022-12-30 14:57:00,0,0,0,0,0
2022-12-30 14:58:00,0,0,0,0,0
2022-12-30 14:59:00,0,0,0,0,0
2022-12-30 15:00:00,0,0,0,0,0
2022-12-30 15:01:00,0,0,0,0,0
2022-12-30 15:02:00,0,0,0,0,0
2022-12-30 15:03:00,0,0,0,0,0
2022-12-30 15:04:00,0,0,0,0,0
2022-12-30 15:05:00,0,0,0,0,0
2022-12-30 15:06:00,0,0,0,0,0
2022-12-30 15:07:00,0,0,0,0,0
2022-12-30 15:08:00,0,0,0,0,0
2022-12-30 15:09:00,0,0,0,0,0
2022-12-30 15:10:00,0,0,0,0,0
2022-12-30 15:11:00,0,0,0,0,0
2022-12-30 15:12:00,0,0,0,0,0
2022-12-30 15:13:00,0,0,0,0,0
2022-12-30 15:14:00,0,0,0,0,0
2022-12-30 15:15:00,0,0,0,0,0
2022-12-30 15:16:00,0,0,0,0,0
2022-12-30 15:17:00,0,0,0,0,0
2022-12-30 15:18:00,0,0,0,0,0
2022-12-30 15:19:00,0,0,0,0,0
2022-12-30 15:20:00,0,0,0,0,0
2022-12-30 15:21:00,0,0,0,0,0
2022-12-30 15:22:00,0,0,0,0,0
2022-12-30 15:23:00,0,0,0,0,0
2022-12-30 15:24:00,0,0,0,0,0
2022-12-30 15:25:00,0,0,0,0,0
2022-12-30 15:26:00,0,0,0,0,0
2022-12-30 15:27:00,0,0,0,0,0
2022-12-30 15:28:00,0,0,0,0,0
2022-12-30 15:29:00,0,0,0,0,0
2022-12-30 15:30:00,0,0,0,0,0
2022-12-30 15:31:00,0,0,0,0,0
2022-12-30 15:32:00,0,0,0,0,0
2022-12-30 15:33:00,0,0,0,0,0
2022-12-30 15:34:00,0,0,0,0,0
2022-12-30 15:35:00,0,0,0,0,0
2022-12-30 15:36:00,0,0,0,0,0
2022-12-30 15:37:00,0,0,0,0,0
2022-12-30 15:38:00,0,0,0,0,0
2022-12-30 15:39:00,0,0,0,0,0
2022-12-30 15:40:00,0,0,0,0,0
2022-12-30 15:41:00,0,0,0,0,0
2022-12-30 15:42:00,0,0,0,0,0
2022-12-30 15:43:00,0,0,0,0,0
2022-12-30 15:44:00,0,0,0,0,0
2022-12-30 15:45:00,0,0,0,0,0
2022-12-30 15:46:00,0,0,0,0,0
2022-12-30 15:47:00,0,0,0,0,0
2022-12-30 15:48:00,0,0,0,0,0
2022-12-30 15:49:00,0,0,0,0,0
2022-12-30 15:50:00,0,0,0,0,0
2022-12-30 15:51:00,0,0,0,0,0
2022-12-30 15:52:00,0,0,0,0,0
2022-12-30 15:53:00,0,0,0,0,0
2022-12-30 15:54:00,0,0,0,0,0
2022-12-30 15:55:00,0,0,0,0,0
2022-12-30 15:56:00,0,0,0,0,0
2022-12-30 15:57:00,0,0,0,0,0
2022-12-30 15:58:00,0,0,0,0,0
2022-12-30 15:59:00,0,0,0,0,0
2023-01-02 09:10:00,545,545,545,545,0
2023-01-02 09:11:00,0,0,0,0,0
2023-01-02 09:12:00,0,0,0,0,0
2023-01-02 09:13:00,0,0,0,0,0
2023-01-02 09:14:00,0,0,0,0,0
2023-01-02 09:15:00,0,0,0,0,0
2023-01-02 09:16:00,0,0,0,0,0
2023-01-02 09:17:00,540,540,550,550,14200
2023-01-02 09:18:00,0,0,0,0,0
2023-01-02 09:19:00,0,0,0,0,0
2023-01-02 09:20:00,0,0,0,0,0
2023-01-02 09:21:00,0,0,0,0,0
2023-01-02 09:22:00,0,0,0,0,0
2023-01-02 09:23:00,0,0,0,0,0
2023-01-02 09:24:00,0,0,0,0,0
2023-01-02 09:25:00,0,0,0,0,0
2023-01-02 09:26:00,0,0,0,0,0
2023-01-02 09:27:00,0,0,0,0,0
2023-01-02 09:28:00,0,0,0,0,0
2023-01-02 09:29:00,0,0,0,0,0
2023-01-02 09:30:00,0,0,0,0,0
2023-01-02 09:31:00,0,0,0,0,0
2023-01-02 09:32:00,0,0,0,0,0
2023-01-02 09:33:00,0,0,0,0,0
2023-01-02 09:34:00,0,0,0,0,0
2023-01-02 09:35:00,0,0,0,0,0
2023-01-02 09:36:00,0,0,0,0,0
2023-01-02 09:37:00,0,0,0,0,0
2023-01-02 09:38:00,0,0,0,0,0
2023-01-02 09:39:00,0,0,0,0,0
2023-01-02 09:40:00,0,0,0,0,0
2023-01-02 09:41:00,0,0,0,0,0
2023-01-02 09:42:00,0,0,0,0,0
2023-01-02 09:43:00,0,0,0,0,0
2023-01-02 09:44:00,0,0,0,0,0
2023-01-02 09:45:00,0,0,0,0,0
2023-01-02 09:46:00,0,0,0,0,0
2023-01-02 09:47:00,0,0,0,0,0
2023-01-02 09:48:00,0,0,0,0,0
2023-01-02 09:49:00,0,0,0,0,0
2023-01-02 09:50:00,0,0,0,0,0
2023-01-02 09:51:00,550,550,550,550,500
2023-01-02 09:52:00,0,0,0,0,0
2023-01-02 09:53:00,0,0,0,0,0
2023-01-02 09:54:00,0,0,0,0,0
2023-01-02 09:55:00,0,0,0,0,0
2023-01-02 09:56:00,0,0,0,0,0
2023-01-02 09:57:00,0,0,0,0,0
2023-01-02 09:58:00,0,0,0,0,0
2023-01-02 09:59:00,0,0,0,0,0
2023-01-02 10:00:00,0,0,0,0,0
2023-01-02 10:01:00,0,0,0,0,0
2023-01-02 10:02:00,0,0,0,0,0
2023-01-02 10:03:00,550,550,550,550,400
2023-01-02 10:04:00,0,0,0,0,0
2023-01-02 10:05:00,0,0,0,0,0
2023-01-02 10:06:00,0,0,0,0,0
2023-01-02 10:07:00,0,0,0,0,0
2023-01-02 10:08:00,0,0,0,0,0
2023-01-02 10:09:00,0,0,0,0,0
2023-01-02 10:10:00,0,0,0,0,0
2023-01-02 10:11:00,0,0,0,0,0
2023-01-02 10:12:00,0,0,0,0,0
2023-01-02 10:13:00,0,0,0,0,0
2023-01-02 10:14:00,0,0,0,0,0
2023-01-02 10:15:00,0,0,0,0,0
2023-01-02 10:16:00,0,0,0,0,0
2023-01-02 10:17:00,0,0,0,0,0
2023-01-02 10:18:00,0,0,0,0,0
2023-01-02 10:19:00,0,0,0,0,0
2023-01-02 10:20:00,0,0,0,0,0
2023-01-02 10:21:00,0,0,0,0,0
2023-01-02 10:22:00,0,0,0,0,0
2023-01-02 10:23:00,0,0,0,0,0
2023-01-02 10:24:00,0,0,0,0,0
2023-01-02 10:25:00,0,0,0,0,0
2023-01-02 10:26:00,0,0,0,0,0
2023-01-02 10:27:00,0,0,0,0,0
2023-01-02 10:28:00,0,0,0,0,0
2023-01-02 10:29:00,550,550,550,550,600
2023-01-02 10:30:00,0,0,0,0,0
2023-01-02 10:31:00,0,0,0,0,0
2023-01-02 10:32:00,0,0,0,0,0
2023-01-02 10:33:00,0,0,0,0,0
2023-01-02 10:34:00,0,0,0,0,0
2023-01-02 10:35:00,0,0,0,0,0
2023-01-02 10:36:00,0,0,0,0,0
2023-01-02 10:37:00,0,0,0,0,0
2023-01-02 10:38:00,0,0,0,0,0
2023-01-02 10:39:00,0,0,0,0,0
2023-01-02 10:40:00,0,0,0,0,0
2023-01-02 10:41:00,0,0,0,0,0
2023-01-02 10:42:00,0,0,0,0,0
2023-01-02 10:43:00,0,0,0,0,0
2023-01-02 10:44:00,0,0,0,0,0
2023-01-02 10:45:00,0,0,0,0,0
2023-01-02 10:46:00,0,0,0,0,0
2023-01-02 10:47:00,0,0,0,0,0
2023-01-02 10:48:00,0,0,0,0,0
2023-01-02 10:49:00,0,0,0,0,0
2023-01-02 10:50:00,0,0,0,0,0
2023-01-02 10:51:00,0,0,0,0,0
2023-01-02 10:52:00,0,0,0,0,0
2023-01-02 10:53:00,550,550,550,550,500
2023-01-02 10:54:00,0,0,0,0,0
2023-01-02 10:55:00,0,0,0,0,0
2023-01-02 10:56:00,0,0,0,0,0
2023-01-02 10:57:00,545,545,550,550,7300
2023-01-02 10:58:00,0,0,0,0,0
2023-01-02 10:59:00,0,0,0,0,0
2023-01-02 11:00:00,0,0,0,0,0
2023-01-02 11:01:00,0,0,0,0,0
2023-01-02 11:02:00,0,0,0,0,0
2023-01-02 11:03:00,0,0,0,0,0
2023-01-02 11:04:00,550,550,550,550,100
2023-01-02 11:05:00,0,0,0,0,0
2023-01-02 11:06:00,0,0,0,0,0
2023-01-02 11:07:00,0,0,0,0,0
2023-01-02 11:08:00,0,0,0,0,0
2023-01-02 11:09:00,0,0,0,0,0
2023-01-02 11:10:00,0,0,0,0,0
2023-01-02 11:11:00,0,0,0,0,0
2023-01-02 11:12:00,0,0,0,0,0
2023-01-02 11:13:00,0,0,0,0,0
2023-01-02 11:14:00,0,0,0,0,0
2023-01-02 11:15:00,550,550,550,550,1000
2023-01-02 11:16:00,0,0,0,0,0
2023-01-02 11:17:00,0,0,0,0,0
2023-01-02 11:18:00,0,0,0,0,0
2023-01-02 11:19:00,0,0,0,0,0
2023-01-02 11:20:00,0,0,0,0,0
2023-01-02 11:21:00,0,0,0,0,0
2023-01-02 11:22:00,550,550,550,550,0
2023-01-02 11:23:00,0,0,0,0,0
2023-01-02 11:24:00,0,0,0,0,0
2023-01-02 11:25:00,0,0,0,0,0
2023-01-02 11:26:00,550,550,550,550,1200
2023-01-02 11:27:00,0,0,0,0,0
2023-01-02 11:28:00,550,550,550,550,0
2023-01-02 11:29:00,550,550,550,550,300
2023-01-02 11:30:00,0,0,0,0,0
2023-01-02 11:31:00,0,0,0,0,0
2023-01-02 11:32:00,0,0,0,0,0
2023-01-02 11:33:00,0,0,0,0,0
2023-01-02 11:34:00,0,0,0,0,0
2023-01-02 11:35:00,0,0,0,0,0
2023-01-02 11:36:00,0,0,0,0,0
2023-01-02 11:37:00,0,0,0,0,0
2023-01-02 11:38:00,0,0,0,0,0
2023-01-02 11:39:00,0,0,0,0,0
2023-01-02 11:40:00,0,0,0,0,0
2023-01-02 11:41:00,0,0,0,0,0
2023-01-02 11:42:00,0,0,0,0,0
2023-01-02 11:43:00,0,0,0,0,0
2023-01-02 11:44:00,0,0,0,0,0
2023-01-02 11:45:00,0,0,0,0,0
2023-01-02 11:46:00,0,0,0,0,0
2023-01-02 11:47:00,0,0,0,0,0
2023-01-02 11:48:00,0,0,0,0,0
2023-01-02 11:49:00,0,0,0,0,0
2023-01-02 11:50:00,0,0,0,0,0
2023-01-02 11:51:00,0,0,0,0,0
2023-01-02 11:52:00,0,0,0,0,0
2023-01-02 11:53:00,0,0,0,0,0
2023-01-02 11:54:00,0,0,0,0,0
2023-01-02 11:55:00,0,0,0,0,0
2023-01-02 11:56:00,0,0,0,0,0
2023-01-02 11:57:00,0,0,0,0,0
2023-01-02 11:58:00,0,0,0,0,0
2023-01-02 11:59:00,0,0,0,0,0
2023-01-02 12:00:00,0,0,0,0,0
2023-01-02 12:01:00,0,0,0,0,0
2023-01-02 12:02:00,0,0,0,0,0
2023-01-02 12:03:00,0,0,0,0,0
2023-01-02 12:04:00,0,0,0,0,0
2023-01-02 12:05:00,0,0,0,0,0
2023-01-02 12:06:00,0,0,0,0,0
2023-01-02 12:07:00,0,0,0,0,0
2023-01-02 12:08:00,0,0,0,0,0
2023-01-02 12:09:00,0,0,0,0,0
2023-01-02 12:10:00,0,0,0,0,0
2023-01-02 12:11:00,0,0,0,0,0
2023-01-02 12:12:00,0,0,0,0,0
2023-01-02 12:13:00,0,0,0,0,0
2023-01-02 12:14:00,0,0,0,0,0
2023-01-02 12:15:00,0,0,0,0,0
2023-01-02 12:16:00,0,0,0,0,0
2023-01-02 12:17:00,0,0,0,0,0
2023-01-02 12:18:00,0,0,0,0,0
2023-01-02 12:19:00,0,0,0,0,0
2023-01-02 12:20:00,0,0,0,0,0
2023-01-02 12:21:00,0,0,0,0,0
2023-01-02 12:22:00,0,0,0,0,0
2023-01-02 12:23:00,0,0,0,0,0
2023-01-02 12:24:00,0,0,0,0,0
2023-01-02 12:25:00,0,0,0,0,0
2023-01-02 12:26:00,0,0,0,0,0
2023-01-02 12:27:00,0,0,0,0,0
2023-01-02 12:28:00,0,0,0,0,0
2023-01-02 12:29:00,0,0,0,0,0
2023-01-02 12:30:00,0,0,0,0,0
2023-01-02 12:31:00,0,0,0,0,0
2023-01-02 12:32:00,0,0,0,0,0
2023-01-02 12:33:00,0,0,0,0,0
2023-01-02 12:34:00,0,0,0,0,0
2023-01-02 12:35:00,0,0,0,0,0
2023-01-02 12:36:00,0,0,0,0,0
2023-01-02 12:37:00,0,0,0,0,0
2023-01-02 12:38:00,0,0,0,0,0
2023-01-02 12:39:00,0,0,0,0,0
2023-01-02 12:40:00,0,0,0,0,0
2023-01-02 12:41:00,0,0,0,0,0
2023-01-02 12:42:00,0,0,0,0,0
2023-01-02 12:43:00,0,0,0,0,0
2023-01-02 12:44:00,0,0,0,0,0
2023-01-02 12:45:00,0,0,0,0,0
2023-01-02 12:46:00,0,0,0,0,0
2023-01-02 12:47:00,0,0,0,0,0
2023-01-02 12:48:00,0,0,0,0,0
2023-01-02 12:49:00,0,0,0,0,0
2023-01-02 12:50:00,0,0,0,0,0
2023-01-02 12:51:00,0,0,0,0,0
2023-01-02 12:52:00,0,0,0,0,0
2023-01-02 12:53:00,0,0,0,0,0
2023-01-02 12:54:00,0,0,0,0,0
2023-01-02 12:55:00,0,0,0,0,0
2023-01-02 12:56:00,0,0,0,0,0
2023-01-02 12:57:00,0,0,0,0,0
2023-01-02 12:58:00,0,0,0,0,0
2023-01-02 12:59:00,0,0,0,0,0
2023-01-02 13:00:00,0,0,0,0,0
2023-01-02 13:01:00,0,0,0,0,0
2023-01-02 13:02:00,0,0,0,0,0
2023-01-02 13:03:00,0,0,0,0,0
2023-01-02 13:04:00,0,0,0,0,0
2023-01-02 13:05:00,0,0,0,0,0
2023-01-02 13:06:00,0,0,0,0,0
2023-01-02 13:07:00,0,0,0,0,0
2023-01-02 13:08:00,0,0,0,0,0
2023-01-02 13:09:00,0,0,0,0,0
2023-01-02 13:10:00,0,0,0,0,0
2023-01-02 13:11:00,0,0,0,0,0
2023-01-02 13:12:00,0,0,0,0,0
2023-01-02 13:13:00,0,0,0,0,0
2023-01-02 13:14:00,0,0,0,0,0
2023-01-02 13:15:00,0,0,0,0,0
2023-01-02 13:16:00,0,0,0,0,0
2023-01-02 13:17:00,0,0,0,0,0
2023-01-02 13:18:00,0,0,0,0,0
2023-01-02 13:19:00,0,0,0,0,0
2023-01-02 13:20:00,0,0,0,0,0
2023-01-02 13:21:00,0,0,0,0,0
2023-01-02 13:22:00,0,0,0,0,0
2023-01-02 13:23:00,0,0,0,0,0
2023-01-02 13:24:00,0,0,0,0,0
2023-01-02 13:25:00,0,0,0,0,0
2023-01-02 13:26:00,0,0,0,0,0
2023-01-02 13:27:00,0,0,0,0,0
2023-01-02 13:28:00,0,0,0,0,0
2023-01-02 13:29:00,0,0,0,0,0
2023-01-02 13:30:00,0,0,0,0,0
2023-01-02 13:31:00,545,545,550,550,800
2023-01-02 13:32:00,0,0,0,0,0
2023-01-02 13:33:00,0,0,0,0,0
2023-01-02 13:34:00,0,0,0,0,0
2023-01-02 13:35:00,0,0,0,0,0
2023-01-02 13:36:00,0,0,0,0,0
2023-01-02 13:37:00,0,0,0,0,0
2023-01-02 13:38:00,0,0,0,0,0
2023-01-02 13:39:00,0,0,0,0,0
2023-01-02 13:40:00,0,0,0,0,0
2023-01-02 13:41:00,0,0,0,0,0
2023-01-02 13:42:00,0,0,0,0,0
2023-01-02 13:43:00,0,0,0,0,0
2023-01-02 13:44:00,0,0,0,0,0
2023-01-02 13:45:00,0,0,0,0,0
2023-01-02 13:46:00,0,0,0,0,0
2023-01-02 13:47:00,0,0,0,0,0
2023-01-02 13:48:00,550,550,550,550,1000
2023-01-02 13:49:00,0,0,0,0,0
2023-01-02 13:50:00,0,0,0,0,0
2023-01-02 13:51:00,0,0,0,0,0
2023-01-02 13:52:00,0,0,0,0,0
2023-01-02 13:53:00,545,545,545,545,1500
2023-01-02 13:54:00,550,550,550,550,1000
2023-01-02 13:55:00,0,0,0,0,0
2023-01-02 13:56:00,0,0,0,0,0
2023-01-02 13:57:00,0,0,0,0,0
2023-01-02 13:58:00,0,0,0,0,0
2023-01-02 13:59:00,0,0,0,0,0
2023-01-02 14:00:00,0,0,0,0,0
2023-01-02 14:01:00,0,0,0,0,0
2023-01-02 14:02:00,0,0,0,0,0
2023-01-02 14:03:00,550,550,550,550,0
2023-01-02 14:04:00,0,0,0,0,0
2023-01-02 14:05:00,0,0,0,0,0
2023-01-02 14:06:00,0,0,0,0,0
2023-01-02 14:07:00,0,0,0,0,0
2023-01-02 14:08:00,0,0,0,0,0
2023-01-02 14:09:00,0,0,0,0,0
2023-01-02 14:10:00,0,0,0,0,0
2023-01-02 14:11:00,0,0,0,0,0
2023-01-02 14:12:00,0,0,0,0,0
2023-01-02 14:13:00,0,0,0,0,0
2023-01-02 14:14:00,0,0,0,0,0
2023-01-02 14:15:00,0,0,0,0,0
2023-01-02 14:16:00,0,0,0,0,0
2023-01-02 14:17:00,0,0,0,0,0
2023-01-02 14:18:00,0,0,0,0,0
2023-01-02 14:19:00,0,0,0,0,0
2023-01-02 14:20:00,0,0,0,0,0
2023-01-02 14:21:00,0,0,0,0,0
2023-01-02 14:22:00,0,0,0,0,0
2023-01-02 14:23:00,0,0,0,0,0
2023-01-02 14:24:00,0,0,0,0,0
2023-01-02 14:25:00,0,0,0,0,0
2023-01-02 14:26:00,0,0,0,0,0
2023-01-02 14:27:00,550,550,550,550,1200
2023-01-02 14:28:00,0,0,0,0,0
2023-01-02 14:29:00,0,0,0,0,0
2023-01-02 14:30:00,0,0,0,0,0
2023-01-02 14:31:00,0,0,0,0,0
2023-01-02 14:32:00,0,0,0,0,0
2023-01-02 14:33:00,0,0,0,0,0
2023-01-02 14:34:00,0,0,0,0,0
2023-01-02 14:35:00,550,550,550,550,0
2023-01-02 14:36:00,0,0,0,0,0
2023-01-02 14:37:00,0,0,0,0,0
2023-01-02 14:38:00,0,0,0,0,0
2023-01-02 14:39:00,550,550,550,550,500
2023-01-02 14:40:00,0,0,0,0,0
2023-01-02 14:41:00,550,550,550,550,800
2023-01-02 14:42:00,0,0,0,0,0
2023-01-02 14:43:00,0,0,0,0,0
2023-01-02 14:44:00,0,0,0,0,0
2023-01-02 14:45:00,550,545,550,550,800
2023-01-02 14:46:00,550,550,550,550,200
2023-01-02 14:47:00,0,0,0,0,0
2023-01-02 14:48:00,550,550,550,550,300
2023-01-02 14:49:00,550,545,550,550,1800
2023-01-02 14:50:00,0,0,0,0,0
2023-01-02 14:51:00,0,0,0,0,0
2023-01-02 14:52:00,0,0,0,0,0
2023-01-02 14:53:00,0,0,0,0,0
2023-01-02 14:54:00,0,0,0,0,0
2023-01-02 14:55:00,0,0,0,0,0
2023-01-02 14:56:00,0,0,0,0,0
2023-01-02 14:57:00,0,0,0,0,0
2023-01-02 14:58:00,0,0,0,0,0
2023-01-02 14:59:00,0,0,0,0,0
2023-01-02 15:00:00,550,550,550,550,97600
2023-01-02 15:01:00,0,0,0,0,0
2023-01-02 15:02:00,0,0,0,0,0
2023-01-02 15:03:00,0,0,0,0,0
2023-01-02 15:04:00,0,0,0,0,0
2023-01-02 15:05:00,0,0,0,0,0
2023-01-02 15:06:00,0,0,0,0,0
2023-01-02 15:07:00,0,0,0,0,0
2023-01-02 15:08:00,0,0,0,0,0
2023-01-02 15:09:00,0,0,0,0,0
2023-01-02 15:10:00,0,0,0,0,0
2023-01-02 15:11:00,0,0,0,0,0
2023-01-02 15:12:00,0,0,0,0,0
2023-01-02 15:13:00,0,0,0,0,0
2023-01-02 15:14:00,0,0,0,0,0
2023-01-02 15:15:00,0,0,0,0,0
2023-01-02 15:16:00,0,0,0,0,0
2023-01-02 15:17:00,0,0,0,0,0
2023-01-02 15:18:00,0,0,0,0,0
2023-01-02 15:19:00,0,0,0,0,0
2023-01-02 15:20:00,0,0,0,0,0
2023-01-02 15:21:00,0,0,0,0,0
2023-01-02 15:22:00,0,0,0,0,0
2023-01-02 15:23:00,0,0,0,0,0
2023-01-02 15:24:00,0,0,0,0,0
2023-01-02 15:25:00,0,0,0,0,0
2023-01-02 15:26:00,0,0,0,0,0
2023-01-02 15:27:00,0,0,0,0,0
2023-01-02 15:28:00,0,0,0,0,0
2023-01-02 15:29:00,0,0,0,0,0
2023-01-02 15:30:00,0,0,0,0,0
2023-01-02 15:31:00,0,0,0,0,0
2023-01-02 15:32:00,0,0,0,0,0
2023-01-02 15:33:00,0,0,0,0,0
2023-01-02 15:34:00,0,0,0,0,0
2023-01-02 15:35:00,0,0,0,0,0
2023-01-02 15:36:00,0,0,0,0,0
2023-01-02 15:37:00,0,0,0,0,0
2023-01-02 15:38:00,0,0,0,0,0
2023-01-02 15:39:00,0,0,0,0,0
2023-01-02 15:40:00,0,0,0,0,0
2023-01-02 15:41:00,0,0,0,0,0
2023-01-02 15:42:00,0,0,0,0,0
2023-01-02 15:43:00,0,0,0,0,0
2023-01-02 15:44:00,0,0,0,0,0
2023-01-02 15:45:00,0,0,0,0,0
2023-01-02 15:46:00,0,0,0,0,0
2023-01-02 15:47:00,0,0,0,0,0
2023-01-02 15:48:00,0,0,0,0,0
2023-01-02 15:49:00,0,0,0,0,0
2023-01-02 15:50:00,0,0,0,0,0
2023-01-02 15:51:00,0,0,0,0,0
2023-01-02 15:52:00,0,0,0,0,0
2023-01-02 15:53:00,0,0,0,0,0
2023-01-02 15:54:00,0,0,0,0,0
2023-01-02 15:55:00,0,0,0,0,0
2023-01-02 15:56:00,0,0,0,0,0
2023-01-02 15:57:00,0,0,0,0,0
2023-01-02 15:58:00,0,0,0,0,0
2023-01-02 15:59:00,0,0,0,0,0
2023-01-03 09:00:00,545,545,545,545,0
2023-01-03 09:01:00,0,0,0,0,0
2023-01-03 09:02:00,0,0,0,0,0
2023-01-03 09:03:00,540,540,545,545,80100
2023-01-03 09:04:00,0,0,0,0,0
2023-01-03 09:05:00,0,0,0,0,0
2023-01-03 09:06:00,0,0,0,0,0
2023-01-03 09:07:00,0,0,0,0,0
2023-01-03 09:08:00,0,0,0,0,0
2023-01-03 09:09:00,0,0,0,0,0
2023-01-03 09:10:00,0,0,0,0,0
2023-01-03 09:11:00,0,0,0,0,0
2023-01-03 09:12:00,0,0,0,0,0
2023-01-03 09:13:00,0,0,0,0,0
2023-01-03 09:14:00,0,0,0,0,0
2023-01-03 09:15:00,0,0,0,0,0
2023-01-03 09:16:00,0,0,0,0,0
2023-01-03 09:17:00,0,0,0,0,0
2023-01-03 09:18:00,0,0,0,0,0
2023-01-03 09:19:00,0,0,0,0,0
2023-01-03 09:20:00,0,0,0,0,0
2023-01-03 09:21:00,0,0,0,0,0
2023-01-03 09:22:00,0,0,0,0,0
2023-01-03 09:23:00,0,0,0,0,0
2023-01-03 09:24:00,0,0,0,0,0
2023-01-03 09:25:00,0,0,0,0,0
2023-01-03 09:26:00,0,0,0,0,0
2023-01-03 09:27:00,0,0,0,0,0
2023-01-03 09:28:00,0,0,0,0,0
2023-01-03 09:29:00,0,0,0,0,0
2023-01-03 09:30:00,0,0,0,0,0
2023-01-03 09:31:00,0,0,0,0,0
2023-01-03 09:32:00,0,0,0,0,0
2023-01-03 09:33:00,0,0,0,0,0
2023-01-03 09:34:00,0,0,0,0,0
2023-01-03 09:35:00,0,0,0,0,0
2023-01-03 09:36:00,540,540,540,540,18700
2023-01-03 09:37:00,545,545,545,545,0
2023-01-03 09:38:00,0,0,0,0,0
2023-01-03 09:39:00,0,0,0,0,0
2023-01-03 09:40:00,0,0,0,0,0
2023-01-03 09:41:00,0,0,0,0,0
2023-01-03 09:42:00,0,0,0,0,0
2023-01-03 09:43:00,0,0,0,0,0
2023-01-03 09:44:00,0,0,0,0,0
2023-01-03 09:45:00,0,0,0,0,0
2023-01-03 09:46:00,0,0,0,0,0
2023-01-03 09:47:00,0,0,0,0,0
2023-01-03 09:48:00,0,0,0,0,0
2023-01-03 09:49:00,0,0,0,0,0
2023-01-03 09:50:00,0,0,0,0,0
2023-01-03 09:51:00,0,0,0,0,0
2023-01-03 09:52:00,545,545,545,545,200
2023-01-03 09:53:00,0,0,0,0,0
2023-01-03 09:54:00,540,540,540,540,400
2023-01-03 09:55:00,545,545,545,545,400
2023-01-03 09:56:00,0,0,0,0,0
2023-01-03 09:57:00,0,0,0,0,0
2023-01-03 09:58:00,0,0,0,0,0
2023-01-03 09:59:00,0,0,0,0,0
2023-01-03 10:00:00,0,0,0,0,0
2023-01-03 10:01:00,0,0,0,0,0
2023-01-03 10:02:00,0,0,0,0,0
2023-01-03 10:03:00,0,0,0,0,0
2023-01-03 10:04:00,0,0,0,0,0
2023-01-03 10:05:00,0,0,0,0,0
2023-01-03 10:06:00,0,0,0,0,0
2023-01-03 10:07:00,0,0,0,0,0
2023-01-03 10:08:00,0,0,0,0,0
2023-01-03 10:09:00,0,0,0,0,0
2023-01-03 10:10:00,0,0,0,0,0
2023-01-03 10:11:00,0,0,0,0,0
2023-01-03 10:12:00,0,0,0,0,0
2023-01-03 10:13:00,0,0,0,0,0
2023-01-03 10:14:00,0,0,0,0,0
2023-01-03 10:15:00,0,0,0,0,0
2023-01-03 10:16:00,0,0,0,0,0
2023-01-03 10:17:00,0,0,0,0,0
2023-01-03 10:18:00,0,0,0,0,0
2023-01-03 10:19:00,0,0,0,0,0
2023-01-03 10:20:00,0,0,0,0,0
2023-01-03 10:21:00,0,0,0,0,0
2023-01-03 10:22:00,0,0,0,0,0
2023-01-03 10:23:00,0,0,0,0,0
2023-01-03 10:24:00,0,0,0,0,0
2023-01-03 10:25:00,0,0,0,0,0
2023-01-03 10:26:00,0,0,0,0,0
2023-01-03 10:27:00,0,0,0,0,0
2023-01-03 10:28:00,0,0,0,0,0
2023-01-03 10:29:00,0,0,0,0,0
2023-01-03 10:30:00,0,0,0,0,0
2023-01-03 10:31:00,0,0,0,0,0
2023-01-03 10:32:00,0,0,0,0,0
2023-01-03 10:33:00,0,0,0,0,0
2023-01-03 10:34:00,545,545,545,545,8000
2023-01-03 10:35:00,545,545,545,545,0
2023-01-03 10:36:00,0,0,0,0,0
2023-01-03 10:37:00,0,0,0,0,0
2023-01-03 10:38:00,0,0,0,0,0
2023-01-03 10:39:00,0,0,0,0,0
2023-01-03 10:40:00,0,0,0,0,0
2023-01-03 10:41:00,0,0,0,0,0
2023-01-03 10:42:00,0,0,0,0,0
2023-01-03 10:43:00,0,0,0,0,0
2023-01-03 10:44:00,0,0,0,0,0
2023-01-03 10:45:00,0,0,0,0,0
2023-01-03 10:46:00,0,0,0,0,0
2023-01-03 10:47:00,0,0,0,0,0
2023-01-03 10:48:00,0,0,0,0,0
2023-01-03 10:49:00,0,0,0,0,0
2023-01-03 10:50:00,0,0,0,0,0
2023-01-03 10:51:00,0,0,0,0,0
2023-01-03 10:52:00,0,0,0,0,0
2023-01-03 10:53:00,0,0,0,0,0
2023-01-03 10:54:00,0,0,0,0,0
2023-01-03 10:55:00,0,0,0,0,0
2023-01-03 10:56:00,0,0,0,0,0
2023-01-03 10:57:00,0,0,0,0,0
2023-01-03 10:58:00,0,0,0,0,0
2023-01-03 10:59:00,0,0,0,0,0
2023-01-03 11:00:00,0,0,0,0,0
2023-01-03 11:01:00,0,0,0,0,0
2023-01-03 11:02:00,0,0,0,0,0
2023-01-03 11:03:00,0,0,0,0,0
2023-01-03 11:04:00,0,0,0,0,0
2023-01-03 11:05:00,0,0,0,0,0
2023-01-03 11:06:00,0,0,0,0,0
2023-01-03 11:07:00,0,0,0,0,0
2023-01-03 11:08:00,0,0,0,0,0
2023-01-03 11:09:00,0,0,0,0,0
2023-01-03 11:10:00,0,0,0,0,0
2023-01-03 11:11:00,0,0,0,0,0
2023-01-03 11:12:00,0,0,0,0,0
2023-01-03 11:13:00,0,0,0,0,0
2023-01-03 11:14:00,0,0,0,0,0
2023-01-03 11:15:00,0,0,0,0,0
2023-01-03 11:16:00,0,0,0,0,0
2023-01-03 11:17:00,0,0,0,0,0
2023-01-03 11:18:00,0,0,0,0,0
2023-01-03 11:19:00,0,0,0,0,0
2023-01-03 11:20:00,0,0,0,0,0
2023-01-03 11:21:00,0,0,0,0,0
2023-01-03 11:22:00,0,0,0,0,0
2023-01-03 11:23:00,545,545,545,545,600
2023-01-03 11:24:00,0,0,0,0,0
2023-01-03 11:25:00,0,0,0,0,0
2023-01-03 11:26:00,0,0,0,0,0
2023-01-03 11:27:00,0,0,0,0,0
2023-01-03 11:28:00,0,0,0,0,0
2023-01-03 11:29:00,0,0,0,0,0
2023-01-03 11:30:00,0,0,0,0,0
2023-01-03 11:31:00,0,0,0,0,0
2023-01-03 11:32:00,0,0,0,0,0
2023-01-03 11:33:00,0,0,0,0,0
2023-01-03 11:34:00,0,0,0,0,0
2023-01-03 11:35:00,0,0,0,0,0
2023-01-03 11:36:00,0,0,0,0,0
2023-01-03 11:37:00,0,0,0,0,0
2023-01-03 11:38:00,0,0,0,0,0
2023-01-03 11:39:00,0,0,0,0,0
2023-01-03 11:40:00,0,0,0,0,0
2023-01-03 11:41:00,0,0,0,0,0
2023-01-03 11:42:00,0,0,0,0,0
2023-01-03 11:43:00,0,0,0,0,0
2023-01-03 11:44:00,0,0,0,0,0
2023-01-03 11:45:00,0,0,0,0,0
2023-01-03 11:46:00,0,0,0,0,0
2023-01-03 11:47:00,0,0,0,0,0
2023-01-03 11:48:00,0,0,0,0,0
2023-01-03 11:49:00,0,0,0,0,0
2023-01-03 11:50:00,0,0,0,0,0
2023-01-03 11:51:00,0,0,0,0,0
2023-01-03 11:52:00,0,0,0,0,0
2023-01-03 11:53:00,0,0,0,0,0
2023-01-03 11:54:00,0,0,0,0,0
2023-01-03 11:55:00,0,0,0,0,0
2023-01-03 11:56:00,0,0,0,0,0
2023-01-03 11:57:00,0,0,0,0,0
2023-01-03 11:58:00,0,0,0,0,0
2023-01-03 11:59:00,0,0,0,0,0
2023-01-03 12:00:00,0,0,0,0,0
2023-01-03 12:01:00,0,0,0,0,0
2023-01-03 12:02:00,0,0,0,0,0
2023-01-03 12:03:00,0,0,0,0,0
2023-01-03 12:04:00,0,0,0,0,0
2023-01-03 12:05:00,0,0,0,0,0
2023-01-03 12:06:00,0,0,0,0,0
2023-01-03 12:07:00,0,0,0,0,0
2023-01-03 12:08:00,0,0,0,0,0
2023-01-03 12:09:00,0,0,0,0,0
2023-01-03 12:10:00,0,0,0,0,0
2023-01-03 12:11:00,0,0,0,0,0
2023-01-03 12:12:00,0,0,0,0,0
2023-01-03 12:13:00,0,0,0,0,0
2023-01-03 12:14:00,0,0,0,0,0
2023-01-03 12:15:00,0,0,0,0,0
2023-01-03 12:16:00,0,0,0,0,0
2023-01-03 12:17:00,0,0,0,0,0
2023-01-03 12:18:00,0,0,0,0,0
2023-01-03 12:19:00,0,0,0,0,0
2023-01-03 12:20:00,0,0,0,0,0
2023-01-03 12:21:00,0,0,0,0,0
2023-01-03 12:22:00,0,0,0,0,0
2023-01-03 12:23:00,0,0,0,0,0
2023-01-03 12:24:00,0,0,0,0,0
2023-01-03 12:25:00,0,0,0,0,0
2023-01-03 12:26:00,0,0,0,0,0
2023-01-03 12:27:00,0,0,0,0,0
2023-01-03 12:28:00,0,0,0,0,0
2023-01-03 12:29:00,0,0,0,0,0
2023-01-03 12:30:00,0,0,0,0,0
2023-01-03 12:31:00,0,0,0,0,0
2023-01-03 12:32:00,0,0,0,0,0
2023-01-03 12:33:00,0,0,0,0,0
2023-01-03 12:34:00,0,0,0,0,0
2023-01-03 12:35:00,0,0,0,0,0
2023-01-03 12:36:00,0,0,0,0,0
2023-01-03 12:37:00,0,0,0,0,0
2023-01-03 12:38:00,0,0,0,0,0
2023-01-03 12:39:00,0,0,0,0,0
2023-01-03 12:40:00,0,0,0,0,0
2023-01-03 12:41:00,0,0,0,0,0
2023-01-03 12:42:00,0,0,0,0,0
2023-01-03 12:43:00,0,0,0,0,0
2023-01-03 12:44:00,0,0,0,0,0
2023-01-03 12:45:00,0,0,0,0,0
2023-01-03 12:46:00,0,0,0,0,0
2023-01-03 12:47:00,0,0,0,0,0
2023-01-03 12:48:00,0,0,0,0,0
2023-01-03 12:49:00,0,0,0,0,0
2023-01-03 12:50:00,0,0,0,0,0
2023-01-03 12:51:00,0,0,0,0,0
2023-01-03 12:52:00,0,0,0,0,0
2023-01-03 12:53:00,0,0,0,0,0
2023-01-03 12:54:00,0,0,0,0,0
2023-01-03 12:55:00,0,0,0,0,0
2023-01-03 12:56:00,0,0,0,0,0
2023-01-03 12:57:00,0,0,0,0,0
2023-01-03 12:58:00,0,0,0,0,0
2023-01-03 12:59:00,0,0,0,0,0
2023-01-03 13:00:00,0,0,0,0,0
2023-01-03 13:01:00,0,0,0,0,0
2023-01-03 13:02:00,0,0,0,0,0
2023-01-03 13:03:00,0,0,0,0,0
2023-01-03 13:04:00,0,0,0,0,0
2023-01-03 13:05:00,0,0,0,0,0
2023-01-03 13:06:00,0,0,0,0,0
2023-01-03 13:07:00,0,0,0,0,0
2023-01-03 13:08:00,0,0,0,0,0
2023-01-03 13:09:00,0,0,0,0,0
2023-01-03 13:10:00,0,0,0,0,0
2023-01-03 13:11:00,0,0,0,0,0
2023-01-03 13:12:00,0,0,0,0,0
2023-01-03 13:13:00,0,0,0,0,0
2023-01-03 13:14:00,0,0,0,0,0
2023-01-03 13:15:00,0,0,0,0,0
2023-01-03 13:16:00,0,0,0,0,0
2023-01-03 13:17:00,0,0,0,0,0
2023-01-03 13:18:00,0,0,0,0,0
2023-01-03 13:19:00,0,0,0,0,0
2023-01-03 13:20:00,0,0,0,0,0
2023-01-03 13:21:00,0,0,0,0,0
2023-01-03 13:22:00,0,0,0,0,0
2023-01-03 13:23:00,0,0,0,0,0
2023-01-03 13:24:00,0,0,0,0,0
2023-01-03 13:25:00,0,0,0,0,0
2023-01-03 13:26:00,0,0,0,0,0
2023-01-03 13:27:00,0,0,0,0,0
2023-01-03 13:28:00,0,0,0,0,0
2023-01-03 13:29:00,0,0,0,0,0
2023-01-03 13:30:00,0,0,0,0,0
2023-01-03 13:31:00,0,0,0,0,0
2023-01-03 13:32:00,0,0,0,0,0
2023-01-03 13:33:00,0,0,0,0,0
2023-01-03 13:34:00,0,0,0,0,0
2023-01-03 13:35:00,0,0,0,0,0
2023-01-03 13:36:00,0,0,0,0,0
2023-01-03 13:37:00,0,0,0,0,0
2023-01-03 13:38:00,0,0,0,0,0
2023-01-03 13:39:00,0,0,0,0,0
2023-01-03 13:40:00,0,0,0,0,0
2023-01-03 13:41:00,0,0,0,0,0
2023-01-03 13:42:00,0,0,0,0,0
2023-01-03 13:43:00,0,0,0,0,0
2023-01-03 13:44:00,0,0,0,0,0
2023-01-03 13:45:00,0,0,0,0,0
2023-01-03 13:46:00,0,0,0,0,0
2023-01-03 13:47:00,0,0,0,0,0
2023-01-03 13:48:00,540,540,540,540,3600
2023-01-03 13:49:00,545,545,545,545,0
2023-01-03 13:50:00,0,0,0,0,0
2023-01-03 13:51:00,0,0,0,0,0
2023-01-03 13:52:00,0,0,0,0,0
2023-01-03 13:53:00,0,0,0,0,0
2023-01-03 13:54:00,0,0,0,0,0
2023-01-03 13:55:00,0,0,0,0,0
2023-01-03 13:56:00,0,0,0,0,0
2023-01-03 13:57:00,0,0,0,0,0
2023-01-03 13:58:00,0,0,0,0,0
2023-01-03 13:59:00,0,0,0,0,0
2023-01-03 14:00:00,0,0,0,0,0
2023-01-03 14:01:00,0,0,0,0,0
2023-01-03 14:02:00,0,0,0,0,0
2023-01-03 14:03:00,0,0,0,0,0
2023-01-03 14:04:00,0,0,0,0,0
2023-01-03 14:05:00,0,0,0,0,0
2023-01-03 14:06:00,0,0,0,0,0
2023-01-03 14:07:00,0,0,0,0,0
2023-01-03 14:08:00,0,0,0,0,0
2023-01-03 14:09:00,0,0,0,0,0
2023-01-03 14:10:00,0,0,0,0,0
2023-01-03 14:11:00,0,0,0,0,0
2023-01-03 14:12:00,0,0,0,0,0
2023-01-03 14:13:00,0,0,0,0,0
2023-01-03 14:14:00,0,0,0,0,0
2023-01-03 14:15:00,0,0,0,0,0
2023-01-03 14:16:00,545,545,545,545,400
2023-01-03 14:17:00,0,0,0,0,0
2023-01-03 14:18:00,0,0,0,0,0
2023-01-03 14:19:00,0,0,0,0,0
2023-01-03 14:20:00,0,0,0,0,0
2023-01-03 14:21:00,0,0,0,0,0
2023-01-03 14:22:00,0,0,0,0,0
2023-01-03 14:23:00,0,0,0,0,0
2023-01-03 14:24:00,0,0,0,0,0
2023-01-03 14:25:00,0,0,0,0,0
2023-01-03 14:26:00,0,0,0,0,0
2023-01-03 14:27:00,0,0,0,0,0
2023-01-03 14:28:00,0,0,0,0,0
2023-01-03 14:29:00,0,0,0,0,0
2023-01-03 14:30:00,0,0,0,0,0
2023-01-03 14:31:00,0,0,0,0,0
2023-01-03 14:32:00,0,0,0,0,0
2023-01-03 14:33:00,0,0,0,0,0
2023-01-03 14:34:00,0,0,0,0,0
2023-01-03 14:35:00,0,0,0,0,0
2023-01-03 14:36:00,0,0,0,0,0
2023-01-03 14:37:00,0,0,0,0,0
2023-01-03 14:38:00,0,0,0,0,0
2023-01-03 14:39:00,0,0,0,0,0
2023-01-03 14:40:00,0,0,0,0,0
2023-01-03 14:41:00,0,0,0,0,0
2023-01-03 14:42:00,0,0,0,0,0
2023-01-03 14:43:00,545,545,545,545,1000
2023-01-03 14:44:00,545,545,545,545,100
2023-01-03 14:45:00,0,0,0,0,0
2023-01-03 14:46:00,0,0,0,0,0
2023-01-03 14:47:00,545,545,545,545,41100
2023-01-03 14:48:00,545,545,545,545,2000
2023-01-03 14:49:00,545,545,550,550,25600
2023-01-03 14:50:00,550,550,550,550,200
2023-01-03 14:51:00,0,0,0,0,0
2023-01-03 14:52:00,0,0,0,0,0
2023-01-03 14:53:00,0,0,0,0,0
2023-01-03 14:54:00,0,0,0,0,0
2023-01-03 14:55:00,0,0,0,0,0
2023-01-03 14:56:00,0,0,0,0,0
2023-01-03 14:57:00,0,0,0,0,0
2023-01-03 14:58:00,0,0,0,0,0
2023-01-03 14:59:00,0,0,0,0,0
2023-01-03 15:00:00,545,545,545,545,5900
2023-01-03 15:01:00,0,0,0,0,0
2023-01-03 15:02:00,0,0,0,0,0
2023-01-03 15:03:00,0,0,0,0,0
2023-01-03 15:04:00,0,0,0,0,0
2023-01-03 15:05:00,0,0,0,0,0
2023-01-03 15:06:00,0,0,0,0,0
2023-01-03 15:07:00,0,0,0,0,0
2023-01-03 15:08:00,0,0,0,0,0
2023-01-03 15:09:00,0,0,0,0,0
2023-01-03 15:10:00,0,0,0,0,0
2023-01-03 15:11:00,0,0,0,0,0
2023-01-03 15:12:00,545,545,545,545,185300
2023-01-03 15:13:00,0,0,0,0,0
2023-01-03 15:14:00,0,0,0,0,0
2023-01-03 15:15:00,0,0,0,0,0
2023-01-03 15:16:00,0,0,0,0,0
2023-01-03 15:17:00,0,0,0,0,0
2023-01-03 15:18:00,0,0,0,0,0
2023-01-03 15:19:00,0,0,0,0,0
2023-01-03 15:20:00,0,0,0,0,0
2023-01-03 15:21:00,0,0,0,0,0
2023-01-03 15:22:00,0,0,0,0,0
2023-01-03 15:23:00,0,0,0,0,0
2023-01-03 15:24:00,0,0,0,0,0
2023-01-03 15:25:00,0,0,0,0,0
2023-01-03 15:26:00,0,0,0,0,0
2023-01-03 15:27:00,0,0,0,0,0
2023-01-03 15:28:00,0,0,0,0,0
2023-01-03 15:29:00,0,0,0,0,0
2023-01-03 15:30:00,0,0,0,0,0
2023-01-03 15:31:00,0,0,0,0,0
2023-01-03 15:32:00,0,0,0,0,0
2023-01-03 15:33:00,0,0,0,0,0
2023-01-03 15:34:00,0,0,0,0,0
2023-01-03 15:35:00,0,0,0,0,0
2023-01-03 15:36:00,0,0,0,0,0
2023-01-03 15:37:00,0,0,0,0,0
2023-01-03 15:38:00,0,0,0,0,0
2023-01-03 15:39:00,0,0,0,0,0
2023-01-03 15:40:00,0,0,0,0,0
2023-01-03 15:41:00,0,0,0,0,0
2023-01-03 15:42:00,0,0,0,0,0
2023-01-03 15:43:00,0,0,0,0,0
2023-01-03 15:44:00,0,0,0,0,0
2023-01-03 15:45:00,0,0,0,0,0
2023-01-03 15:46:00,0,0,0,0,0
2023-01-03 15:47:00,0,0,0,0,0
2023-01-03 15:48:00,0,0,0,0,0
2023-01-03 15:49:00,0,0,0,0,0
2023-01-03 15:50:00,0,0,0,0,0
2023-01-03 15:51:00,0,0,0,0,0
2023-01-03 15:52:00,0,0,0,0,0
2023-01-03 15:53:00,0,0,0,0,0
2023-01-03 15:54:00,0,0,0,0,0
2023-01-03 15:55:00,0,0,0,0,0
2023-01-03 15:56:00,0,0,0,0,0
2023-01-03 15:57:00,0,0,0,0,0
2023-01-03 15:58:00,0,0,0,0,0
2023-01-03 15:59:00,0,0,0,0,0
2023-01-04 09:00:00,0,0,0,0,0
2023-01-04 09:01:00,0,0,0,0,0
2023-01-04 09:02:00,0,0,0,0,0
2023-01-04 09:03:00,0,0,0,0,0
2023-01-04 09:04:00,545,545,545,545,0
2023-01-04 09:05:00,0,0,0,0,0
2023-01-04 09:06:00,0,0,0,0,0
2023-01-04 09:07:00,0,0,0,0,0
2023-01-04 09:08:00,540,540,540,540,3000
2023-01-04 09:09:00,0,0,0,0,0
2023-01-04 09:10:00,0,0,0,0,0
2023-01-04 09:11:00,0,0,0,0,0
2023-01-04 09:12:00,540,540,540,540,7000
2023-01-04 09:13:00,0,0,0,0,0
2023-01-04 09:14:00,0,0,0,0,0
2023-01-04 09:15:00,0,0,0,0,0
2023-01-04 09:16:00,0,0,0,0,0
2023-01-04 09:17:00,0,0,0,0,0
2023-01-04 09:18:00,0,0,0,0,0
2023-01-04 09:19:00,0,0,0,0,0
2023-01-04 09:20:00,0,0,0,0,0
2023-01-04 09:21:00,0,0,0,0,0
2023-01-04 09:22:00,0,0,0,0,0
2023-01-04 09:23:00,0,0,0,0,0
2023-01-04 09:24:00,0,0,0,0,0
2023-01-04 09:25:00,0,0,0,0,0
2023-01-04 09:26:00,0,0,0,0,0
2023-01-04 09:27:00,0,0,0,0,0
2023-01-04 09:28:00,0,0,0,0,0
2023-01-04 09:29:00,0,0,0,0,0
2023-01-04 09:30:00,0,0,0,0,0
2023-01-04 09:31:00,0,0,0,0,0
2023-01-04 09:32:00,0,0,0,0,0
2023-01-04 09:33:00,0,0,0,0,0
2023-01-04 09:34:00,0,0,0,0,0
2023-01-04 09:35:00,0,0,0,0,0
2023-01-04 09:36:00,540,540,540,540,8000
2023-01-04 09:37:00,0,0,0,0,0
2023-01-04 09:38:00,540,540,540,540,0
2023-01-04 09:39:00,0,0,0,0,0
2023-01-04 09:40:00,0,0,0,0,0
2023-01-04 09:41:00,0,0,0,0,0
2023-01-04 09:42:00,0,0,0,0,0
2023-01-04 09:43:00,0,0,0,0,0
2023-01-04 09:44:00,0,0,0,0,0
2023-01-04 09:45:00,0,0,0,0,0
2023-01-04 09:46:00,0,0,0,0,0
2023-01-04 09:47:00,0,0,0,0,0
2023-01-04 09:48:00,0,0,0,0,0
2023-01-04 09:49:00,0,0,0,0,0
2023-01-04 09:50:00,0,0,0,0,0
2023-01-04 09:51:00,0,0,0,0,0
2023-01-04 09:52:00,0,0,0,0,0
2023-01-04 09:53:00,0,0,0,0,0
2023-01-04 09:54:00,0,0,0,0,0
2023-01-04 09:55:00,0,0,0,0,0
2023-01-04 09:56:00,0,0,0,0,0
2023-01-04 09:57:00,0,0,0,0,0
2023-01-04 09:58:00,0,0,0,0,0
2023-01-04 09:59:00,535,535,535,535,200
2023-01-04 10:00:00,535,535,540,540,3300
2023-01-04 10:01:00,0,0,0,0,0
2023-01-04 10:02:00,0,0,0,0,0
2023-01-04 10:03:00,0,0,0,0,0
2023-01-04 10:04:00,0,0,0,0,0
2023-01-04 10:05:00,0,0,0,0,0
2023-01-04 10:06:00,0,0,0,0,0
2023-01-04 10:07:00,0,0,0,0,0
2023-01-04 10:08:00,0,0,0,0,0
2023-01-04 10:09:00,0,0,0,0,0
2023-01-04 10:10:00,0,0,0,0,0
2023-01-04 10:11:00,0,0,0,0,0
2023-01-04 10:12:00,0,0,0,0,0
2023-01-04 10:13:00,0,0,0,0,0
2023-01-04 10:14:00,0,0,0,0,0
2023-01-04 10:15:00,0,0,0,0,0
2023-01-04 10:16:00,0,0,0,0,0
2023-01-04 10:17:00,540,540,540,540,500
2023-01-04 10:18:00,0,0,0,0,0
2023-01-04 10:19:00,0,0,0,0,0
2023-01-04 10:20:00,0,0,0,0,0
2023-01-04 10:21:00,0,0,0,0,0
2023-01-04 10:22:00,0,0,0,0,0
2023-01-04 10:23:00,0,0,0,0,0
2023-01-04 10:24:00,0,0,0,0,0
2023-01-04 10:25:00,0,0,0,0,0
2023-01-04 10:26:00,0,0,0,0,0
2023-01-04 10:27:00,0,0,0,0,0
2023-01-04 10:28:00,0,0,0,0,0
2023-01-04 10:29:00,0,0,0,0,0
2023-01-04 10:30:00,0,0,0,0,0
2023-01-04 10:31:00,0,0,0,0,0
2023-01-04 10:32:00,540,540,540,540,100
2023-01-04 10:33:00,0,0,0,0,0
2023-01-04 10:34:00,0,0,0,0,0
2023-01-04 10:35:00,0,0,0,0,0
2023-01-04 10:36:00,0,0,0,0,0
2023-01-04 10:37:00,0,0,0,0,0
2023-01-04 10:38:00,0,0,0,0,0
2023-01-04 10:39:00,0,0,0,0,0
2023-01-04 10:40:00,0,0,0,0,0
2023-01-04 10:41:00,0,0,0,0,0
2023-01-04 10:42:00,0,0,0,0,0
2023-01-04 10:43:00,0,0,0,0,0
2023-01-04 10:44:00,0,0,0,0,0
2023-01-04 10:45:00,0,0,0,0,0
2023-01-04 10:46:00,0,0,0,0,0
2023-01-04 10:47:00,0,0,0,0,0
2023-01-04 10:48:00,535,535,535,535,200
2023-01-04 10:49:00,0,0,0,0,0
2023-01-04 10:50:00,540,540,540,540,300
2023-01-04 10:51:00,0,0,0,0,0
2023-01-04 10:52:00,0,0,0,0,0
2023-01-04 10:53:00,0,0,0,0,0
2023-01-04 10:54:00,0,0,0,0,0
2023-01-04 10:55:00,0,0,0,0,0
2023-01-04 10:56:00,0,0,0,0,0
2023-01-04 10:57:00,0,0,0,0,0
2023-01-04 10:58:00,0,0,0,0,0
2023-01-04 10:59:00,0,0,0,0,0
2023-01-04 11:00:00,0,0,0,0,0
2023-01-04 11:01:00,0,0,0,0,0
2023-01-04 11:02:00,0,0,0,0,0
2023-01-04 11:03:00,0,0,0,0,0
2023-01-04 11:04:00,0,0,0,0,0
2023-01-04 11:05:00,0,0,0,0,0
2023-01-04 11:06:00,0,0,0,0,0
2023-01-04 11:07:00,540,540,540,540,100
2023-01-04 11:08:00,0,0,0,0,0
2023-01-04 11:09:00,0,0,0,0,0
2023-01-04 11:10:00,0,0,0,0,0
2023-01-04 11:11:00,0,0,0,0,0
2023-01-04 11:12:00,0,0,0,0,0
2023-01-04 11:13:00,0,0,0,0,0
2023-01-04 11:14:00,0,0,0,0,0
2023-01-04 11:15:00,0,0,0,0,0
2023-01-04 11:16:00,0,0,0,0,0
2023-01-04 11:17:00,0,0,0,0,0
2023-01-04 11:18:00,0,0,0,0,0
2023-01-04 11:19:00,0,0,0,0,0
2023-01-04 11:20:00,0,0,0,0,0
2023-01-04 11:21:00,0,0,0,0,0
2023-01-04 11:22:00,0,0,0,0,0
2023-01-04 11:23:00,540,540,540,540,300
2023-01-04 11:24:00,0,0,0,0,0
2023-01-04 11:25:00,0,0,0,0,0
2023-01-04 11:26:00,0,0,0,0,0
2023-01-04 11:27:00,540,540,540,540,1000
2023-01-04 11:28:00,540,540,540,540,0
2023-01-04 11:29:00,0,0,0,0,0
2023-01-04 11:30:00,0,0,0,0,0
2023-01-04 11:31:00,0,0,0,0,0
2023-01-04 11:32:00,0,0,0,0,0
2023-01-04 11:33:00,0,0,0,0,0
2023-01-04 11:34:00,0,0,0,0,0
2023-01-04 11:35:00,0,0,0,0,0
2023-01-04 11:36:00,0,0,0,0,0
2023-01-04 11:37:00,0,0,0,0,0
2023-01-04 11:38:00,0,0,0,0,0
2023-01-04 11:39:00,0,0,0,0,0
2023-01-04 11:40:00,0,0,0,0,0
2023-01-04 11:41:00,0,0,0,0,0
2023-01-04 11:42:00,0,0,0,0,0
2023-01-04 11:43:00,0,0,0,0,0
2023-01-04 11:44:00,0,0,0,0,0
2023-01-04 11:45:00,0,0,0,0,0
2023-01-04 11:46:00,0,0,0,0,0
2023-01-04 11:47:00,0,0,0,0,0
2023-01-04 11:48:00,0,0,0,0,0
2023-01-04 11:49:00,0,0,0,0,0
2023-01-04 11:50:00,0,0,0,0,0
2023-01-04 11:51:00,0,0,0,0,0
2023-01-04 11:52:00,0,0,0,0,0
2023-01-04 11:53:00,0,0,0,0,0
2023-01-04 11:54:00,0,0,0,0,0
2023-01-04 11:55:00,0,0,0,0,0
2023-01-04 11:56:00,0,0,0,0,0
2023-01-04 11:57:00,0,0,0,0,0
2023-01-04 11:58:00,0,0,0,0,0
2023-01-04 11:59:00,0,0,0,0,0
2023-01-04 12:00:00,0,0,0,0,0
2023-01-04 12:01:00,0,0,0,0,0
2023-01-04 12:02:00,0,0,0,0,0
2023-01-04 12:03:00,0,0,0,0,0
2023-01-04 12:04:00,0,0,0,0,0
2023-01-04 12:05:00,0,0,0,0,0
2023-01-04 12:06:00,0,0,0,0,0
2023-01-04 12:07:00,0,0,0,0,0
2023-01-04 12:08:00,0,0,0,0,0
2023-01-04 12:09:00,0,0,0,0,0
2023-01-04 12:10:00,0,0,0,0,0
2023-01-04 12:11:00,0,0,0,0,0
2023-01-04 12:12:00,0,0,0,0,0
2023-01-04 12:13:00,0,0,0,0,0
2023-01-04 12:14:00,0,0,0,0,0
2023-01-04 12:15:00,0,0,0,0,0
2023-01-04 12:16:00,0,0,0,0,0
2023-01-04 12:17:00,0,0,0,0,0
2023-01-04 12:18:00,0,0,0,0,0
2023-01-04 12:19:00,0,0,0,0,0
2023-01-04 12:20:00,0,0,0,0,0
2023-01-04 12:21:00,0,0,0,0,0
2023-01-04 12:22:00,0,0,0,0,0
2023-01-04 12:23:00,0,0,0,0,0
2023-01-04 12:24:00,0,0,0,0,0
2023-01-04 12:25:00,0,0,0,0,0
2023-01-04 12:26:00,0,0,0,0,0
2023-01-04 12:27:00,0,0,0,0,0
2023-01-04 12:28:00,0,0,0,0,0
2023-01-04 12:29:00,0,0,0,0,0
2023-01-04 12:30:00,0,0,0,0,0
2023-01-04 12:31:00,0,0,0,0,0
2023-01-04 12:32:00,0,0,0,0,0
2023-01-04 12:33:00,0,0,0,0,0
2023-01-04 12:34:00,0,0,0,0,0
2023-01-04 12:35:00,0,0,0,0,0
2023-01-04 12:36:00,0,0,0,0,0
2023-01-04 12:37:00,0,0,0,0,0
2023-01-04 12:38:00,0,0,0,0,0
2023-01-04 12:39:00,0,0,0,0,0
2023-01-04 12:40:00,0,0,0,0,0
2023-01-04 12:41:00,0,0,0,0,0
2023-01-04 12:42:00,0,0,0,0,0
2023-01-04 12:43:00,0,0,0,0,0
2023-01-04 12:44:00,0,0,0,0,0
2023-01-04 12:45:00,0,0,0,0,0
2023-01-04 12:46:00,0,0,0,0,0
2023-01-04 12:47:00,0,0,0,0,0
2023-01-04 12:48:00,0,0,0,0,0
2023-01-04 12:49:00,0,0,0,0,0
2023-01-04 12:50:00,0,0,0,0,0
2023-01-04 12:51:00,0,0,0,0,0
2023-01-04 12:52:00,0,0,0,0,0
2023-01-04 12:53:00,0,0,0,0,0
2023-01-04 12:54:00,0,0,0,0,0
2023-01-04 12:55:00,0,0,0,0,0
2023-01-04 12:56:00,0,0,0,0,0
2023-01-04 12:57:00,0,0,0,0,0
2023-01-04 12:58:00,0,0,0,0,0
2023-01-04 12:59:00,0,0,0,0,0
2023-01-04 13:00:00,0,0,0,0,0
2023-01-04 13:01:00,0,0,0,0,0
2023-01-04 13:02:00,0,0,0,0,0
2023-01-04 13:03:00,0,0,0,0,0
2023-01-04 13:04:00,0,0,0,0,0
2023-01-04 13:05:00,0,0,0,0,0
2023-01-04 13:06:00,0,0,0,0,0
2023-01-04 13:07:00,0,0,0,0,0
2023-01-04 13:08:00,0,0,0,0,0
2023-01-04 13:09:00,0,0,0,0,0
2023-01-04 13:10:00,0,0,0,0,0
2023-01-04 13:11:00,0,0,0,0,0
2023-01-04 13:12:00,0,0,0,0,0
2023-01-04 13:13:00,0,0,0,0,0
2023-01-04 13:14:00,0,0,0,0,0
2023-01-04 13:15:00,0,0,0,0,0
2023-01-04 13:16:00,0,0,0,0,0
2023-01-04 13:17:00,0,0,0,0,0
2023-01-04 13:18:00,0,0,0,0,0
2023-01-04 13:19:00,0,0,0,0,0
2023-01-04 13:20:00,0,0,0,0,0
2023-01-04 13:21:00,0,0,0,0,0
2023-01-04 13:22:00,0,0,0,0,0
2023-01-04 13:23:00,0,0,0,0,0
2023-01-04 13:24:00,0,0,0,0,0
2023-01-04 13:25:00,0,0,0,0,0
2023-01-04 13:26:00,0,0,0,0,0
2023-01-04 13:27:00,0,0,0,0,0
2023-01-04 13:28:00,0,0,0,0,0
2023-01-04 13:29:00,0,0,0,0,0
2023-01-04 13:30:00,0,0,0,0,0
2023-01-04 13:31:00,0,0,0,0,0
2023-01-04 13:32:00,0,0,0,0,0
2023-01-04 13:33:00,0,0,0,0,0
2023-01-04 13:34:00,0,0,0,0,0
2023-01-04 13:35:00,0,0,0,0,0
2023-01-04 13:36:00,0,0,0,0,0
2023-01-04 13:37:00,0,0,0,0,0
2023-01-04 13:38:00,0,0,0,0,0
2023-01-04 13:39:00,0,0,0,0,0
2023-01-04 13:40:00,0,0,0,0,0
2023-01-04 13:41:00,0,0,0,0,0
2023-01-04 13:42:00,0,0,0,0,0
2023-01-04 13:43:00,0,0,0,0,0
2023-01-04 13:44:00,0,0,0,0,0
2023-01-04 13:45:00,0,0,0,0,0
2023-01-04 13:46:00,0,0,0,0,0
2023-01-04 13:47:00,540,540,540,540,100
2023-01-04 13:48:00,0,0,0,0,0
2023-01-04 13:49:00,0,0,0,0,0
2023-01-04 13:50:00,0,0,0,0,0
2023-01-04 13:51:00,0,0,0,0,0
2023-01-04 13:52:00,0,0,0,0,0
2023-01-04 13:53:00,0,0,0,0,0
2023-01-04 13:54:00,0,0,0,0,0
2023-01-04 13:55:00,0,0,0,0,0
2023-01-04 13:56:00,0,0,0,0,0
2023-01-04 13:57:00,0,0,0,0,0
2023-01-04 13:58:00,0,0,0,0,0
2023-01-04 13:59:00,0,0,0,0,0
2023-01-04 14:00:00,0,0,0,0,0
2023-01-04 14:01:00,0,0,0,0,0
2023-01-04 14:02:00,540,540,540,540,1000
2023-01-04 14:03:00,540,540,540,540,700
2023-01-04 14:04:00,0,0,0,0,0
2023-01-04 14:05:00,0,0,0,0,0
2023-01-04 14:06:00,0,0,0,0,0
2023-01-04 14:07:00,0,0,0,0,0
2023-01-04 14:08:00,540,540,540,540,0
2023-01-04 14:09:00,0,0,0,0,0
2023-01-04 14:10:00,540,540,540,540,200
2023-01-04 14:11:00,0,0,0,0,0
2023-01-04 14:12:00,0,0,0,0,0
2023-01-04 14:13:00,0,0,0,0,0
2023-01-04 14:14:00,0,0,0,0,0
2023-01-04 14:15:00,0,0,0,0,0
2023-01-04 14:16:00,0,0,0,0,0
2023-01-04 14:17:00,0,0,0,0,0
2023-01-04 14:18:00,0,0,0,0,0
2023-01-04 14:19:00,0,0,0,0,0
2023-01-04 14:20:00,0,0,0,0,0
2023-01-04 14:21:00,0,0,0,0,0
2023-01-04 14:22:00,0,0,0,0,0
2023-01-04 14:23:00,0,0,0,0,0
2023-01-04 14:24:00,0,0,0,0,0
2023-01-04 14:25:00,0,0,0,0,0
2023-01-04 14:26:00,0,0,0,0,0
2023-01-04 14:27:00,0,0,0,0,0
2023-01-04 14:28:00,0,0,0,0,0
2023-01-04 14:29:00,0,0,0,0,0
2023-01-04 14:30:00,0,0,0,0,0
2023-01-04 14:31:00,0,0,0,0,0
2023-01-04 14:32:00,0,0,0,0,0
2023-01-04 14:33:00,0,0,0,0,0
2023-01-04 14:34:00,0,0,0,0,0
2023-01-04 14:35:00,0,0,0,0,0
2023-01-04 14:36:00,0,0,0,0,0
2023-01-04 14:37:00,0,0,0,0,0
2023-01-04 14:38:00,0,0,0,0,0
2023-01-04 14:39:00,0,0,0,0,0
2023-01-04 14:40:00,0,0,0,0,0
2023-01-04 14:41:00,540,540,540,540,800
2023-01-04 14:42:00,0,0,0,0,0
2023-01-04 14:43:00,0,0,0,0,0
2023-01-04 14:44:00,540,540,540,540,400
2023-01-04 14:45:00,0,0,0,0,0
2023-01-04 14:46:00,0,0,0,0,0
2023-01-04 14:47:00,540,540,540,540,400
2023-01-04 14:48:00,540,540,540,540,600
2023-01-04 14:49:00,540,540,540,540,300
2023-01-04 14:50:00,0,0,0,0,0
2023-01-04 14:51:00,0,0,0,0,0
2023-01-04 14:52:00,0,0,0,0,0
2023-01-04 14:53:00,0,0,0,0,0
2023-01-04 14:54:00,0,0,0,0,0
2023-01-04 14:55:00,0,0,0,0,0
2023-01-04 14:56:00,0,0,0,0,0
2023-01-04 14:57:00,0,0,0,0,0
2023-01-04 14:58:00,0,0,0,0,0
2023-01-04 14:59:00,0,0,0,0,0
2023-01-04 15:00:00,540,540,540,540,110300
2023-01-04 15:01:00,0,0,0,0,0
2023-01-04 15:02:00,0,0,0,0,0
2023-01-04 15:03:00,540,540,540,540,137400
2023-01-04 15:04:00,0,0,0,0,0
2023-01-04 15:05:00,0,0,0,0,0
2023-01-04 15:06:00,0,0,0,0,0
2023-01-04 15:07:00,0,0,0,0,0
2023-01-04 15:08:00,0,0,0,0,0
2023-01-04 15:09:00,0,0,0,0,0
2023-01-04 15:10:00,0,0,0,0,0
2023-01-04 15:11:00,0,0,0,0,0
2023-01-04 15:12:00,0,0,0,0,0
2023-01-04 15:13:00,0,0,0,0,0
2023-01-04 15:14:00,0,0,0,0,0
2023-01-04 15:15:00,0,0,0,0,0
2023-01-04 15:16:00,0,0,0,0,0
2023-01-04 15:17:00,0,0,0,0,0
2023-01-04 15:18:00,0,0,0,0,0
2023-01-04 15:19:00,0,0,0,0,0
2023-01-04 15:20:00,0,0,0,0,0
2023-01-04 15:21:00,0,0,0,0,0
2023-01-04 15:22:00,0,0,0,0,0
2023-01-04 15:23:00,0,0,0,0,0
2023-01-04 15:24:00,0,0,0,0,0
2023-01-04 15:25:00,0,0,0,0,0
2023-01-04 15:26:00,0,0,0,0,0
2023-01-04 15:27:00,0,0,0,0,0
2023-01-04 15:28:00,0,0,0,0,0
2023-01-04 15:29:00,0,0,0,0,0
2023-01-04 15:30:00,0,0,0,0,0
2023-01-04 15:31:00,0,0,0,0,0
2023-01-04 15:32:00,0,0,0,0,0
2023-01-04 15:33:00,0,0,0,0,0
2023-01-04 15:34:00,0,0,0,0,0
2023-01-04 15:35:00,0,0,0,0,0
2023-01-04 15:36:00,0,0,0,0,0
2023-01-04 15:37:00,0,0,0,0,0
2023-01-04 15:38:00,0,0,0,0,0
2023-01-04 15:39:00,0,0,0,0,0
2023-01-04 15:40:00,0,0,0,0,0
2023-01-04 15:41:00,0,0,0,0,0
2023-01-04 15:42:00,0,0,0,0,0
2023-01-04 15:43:00,0,0,0,0,0
2023-01-04 15:44:00,0,0,0,0,0
2023-01-04 15:45:00,0,0,0,0,0
2023-01-04 15:46:00,0,0,0,0,0
2023-01-04 15:47:00,0,0,0,0,0
2023-01-04 15:48:00,0,0,0,0,0
2023-01-04 15:49:00,0,0,0,0,0
2023-01-04 15:50:00,0,0,0,0,0
2023-01-04 15:51:00,0,0,0,0,0
2023-01-04 15:52:00,0,0,0,0,0
2023-01-04 15:53:00,0,0,0,0,0
2023-01-04 15:54:00,0,0,0,0,0
2023-01-04 15:55:00,0,0,0,0,0
2023-01-04 15:56:00,0,0,0,0,0
2023-01-04 15:57:00,0,0,0,0,0
2023-01-04 15:58:00,0,0,0,0,0
2023-01-04 15:59:00,0,0,0,0,0
2023-01-05 09:00:00,0,0,0,0,0
2023-01-05 09:01:00,0,0,0,0,0
2023-01-05 09:02:00,0,0,0,0,0
2023-01-05 09:03:00,0,0,0,0,0
2023-01-05 09:04:00,0,0,0,0,0
2023-01-05 09:05:00,535,535,535,535,0
2023-01-05 09:06:00,540,540,540,540,0
2023-01-05 09:07:00,0,0,0,0,0
2023-01-05 09:08:00,0,0,0,0,0
2023-01-05 09:09:00,0,0,0,0,0
2023-01-05 09:10:00,0,0,0,0,0
2023-01-05 09:11:00,0,0,0,0,0
2023-01-05 09:12:00,0,0,0,0,0
2023-01-05 09:13:00,0,0,0,0,0
2023-01-05 09:14:00,0,0,0,0,0
2023-01-05 09:15:00,0,0,0,0,0
2023-01-05 09:16:00,0,0,0,0,0
2023-01-05 09:17:00,0,0,0,0,0
2023-01-05 09:18:00,0,0,0,0,0
2023-01-05 09:19:00,0,0,0,0,0
2023-01-05 09:20:00,0,0,0,0,0
2023-01-05 09:21:00,0,0,0,0,0
2023-01-05 09:22:00,0,0,0,0,0
2023-01-05 09:23:00,0,0,0,0,0
2023-01-05 09:24:00,0,0,0,0,0
2023-01-05 09:25:00,0,0,0,0,0
2023-01-05 09:26:00,0,0,0,0,0
2023-01-05 09:27:00,0,0,0,0,0
2023-01-05 09:28:00,0,0,0,0,0
2023-01-05 09:29:00,0,0,0,0,0
2023-01-05 09:30:00,535,535,535,535,1000
2023-01-05 09:31:00,535,535,535,535,300
2023-01-05 09:32:00,540,540,540,540,200
2023-01-05 09:33:00,0,0,0,0,0
2023-01-05 09:34:00,535,535,540,540,600
2023-01-05 09:35:00,0,0,0,0,0
2023-01-05 09:36:00,0,0,0,0,0
2023-01-05 09:37:00,0,0,0,0,0
2023-01-05 09:38:00,0,0,0,0,0
2023-01-05 09:39:00,0,0,0,0,0
2023-01-05 09:40:00,0,0,0,0,0
2023-01-05 09:41:00,0,0,0,0,0
2023-01-05 09:42:00,0,0,0,0,0
2023-01-05 09:43:00,0,0,0,0,0
2023-01-05 09:44:00,0,0,0,0,0
2023-01-05 09:45:00,0,0,0,0,0
2023-01-05 09:46:00,0,0,0,0,0
2023-01-05 09:47:00,0,0,0,0,0
2023-01-05 09:48:00,0,0,0,0,0
2023-01-05 09:49:00,0,0,0,0,0
2023-01-05 09:50:00,0,0,0,0,0
2023-01-05 09:51:00,540,540,540,540,300
2023-01-05 09:52:00,0,0,0,0,0
2023-01-05 09:53:00,0,0,0,0,0
2023-01-05 09:54:00,0,0,0,0,0
2023-01-05 09:55:00,0,0,0,0,0
2023-01-05 09:56:00,0,0,0,0,0
2023-01-05 09:57:00,0,0,0,0,0
2023-01-05 09:58:00,0,0,0,0,0
2023-01-05 09:59:00,0,0,0,0,0
2023-01-05 10:00:00,0,0,0,0,0
2023-01-05 10:01:00,0,0,0,0,0
2023-01-05 10:02:00,0,0,0,0,0
2023-01-05 10:03:00,0,0,0,0,0
2023-01-05 10:04:00,0,0,0,0,0
2023-01-05 10:05:00,0,0,0,0,0
2023-01-05 10:06:00,0,0,0,0,0
2023-01-05 10:07:00,540,540,540,540,600
2023-01-05 10:08:00,0,0,0,0,0
2023-01-05 10:09:00,0,0,0,0,0
2023-01-05 10:10:00,0,0,0,0,0
2023-01-05 10:11:00,0,0,0,0,0
2023-01-05 10:12:00,0,0,0,0,0
2023-01-05 10:13:00,0,0,0,0,0
2023-01-05 10:14:00,0,0,0,0,0
2023-01-05 10:15:00,0,0,0,0,0
2023-01-05 10:16:00,0,0,0,0,0
2023-01-05 10:17:00,0,0,0,0,0
2023-01-05 10:18:00,0,0,0,0,0
2023-01-05 10:19:00,0,0,0,0,0
2023-01-05 10:20:00,0,0,0,0,0
2023-01-05 10:21:00,0,0,0,0,0
2023-01-05 10:22:00,0,0,0,0,0
2023-01-05 10:23:00,0,0,0,0,0
2023-01-05 10:24:00,0,0,0,0,0
2023-01-05 10:25:00,0,0,0,0,0
2023-01-05 10:26:00,0,0,0,0,0
2023-01-05 10:27:00,0,0,0,0,0
2023-01-05 10:28:00,0,0,0,0,0
2023-01-05 10:29:00,0,0,0,0,0
2023-01-05 10:30:00,0,0,0,0,0
2023-01-05 10:31:00,0,0,0,0,0
2023-01-05 10:32:00,0,0,0,0,0
2023-01-05 10:33:00,0,0,0,0,0
2023-01-05 10:34:00,0,0,0,0,0
2023-01-05 10:35:00,0,0,0,0,0
2023-01-05 10:36:00,0,0,0,0,0
2023-01-05 10:37:00,0,0,0,0,0
2023-01-05 10:38:00,0,0,0,0,0
2023-01-05 10:39:00,0,0,0,0,0
2023-01-05 10:40:00,0,0,0,0,0
2023-01-05 10:41:00,0,0,0,0,0
2023-01-05 10:42:00,0,0,0,0,0
2023-01-05 10:43:00,0,0,0,0,0
2023-01-05 10:44:00,0,0,0,0,0
2023-01-05 10:45:00,0,0,0,0,0
2023-01-05 10:46:00,0,0,0,0,0
2023-01-05 10:47:00,0,0,0,0,0
2023-01-05 10:48:00,0,0,0,0,0
2023-01-05 10:49:00,0,0,0,0,0
2023-01-05 10:50:00,0,0,0,0,0
2023-01-05 10:51:00,0,0,0,0,0
2023-01-05 10:52:00,0,0,0,0,0
2023-01-05 10:53:00,0,0,0,0,0
2023-01-05 10:54:00,0,0,0,0,0
2023-01-05 10:55:00,0,0,0,0,0
2023-01-05 10:56:00,0,0,0,0,0
2023-01-05 10:57:00,0,0,0,0,0
2023-01-05 10:58:00,0,0,0,0,0
2023-01-05 10:59:00,0,0,0,0,0
2023-01-05 11:00:00,0,0,0,0,0
2023-01-05 11:01:00,0,0,0,0,0
2023-01-05 11:02:00,0,0,0,0,0
2023-01-05 11:03:00,0,0,0,0,0
2023-01-05 11:04:00,0,0,0,0,0
2023-01-05 11:05:00,540,540,540,540,400
2023-01-05 11:06:00,0,0,0,0,0
2023-01-05 11:07:00,0,0,0,0,0
2023-01-05 11:08:00,0,0,0,0,0
2023-01-05 11:09:00,0,0,0,0,0
2023-01-05 11:10:00,0,0,0,0,0
2023-01-05 11:11:00,535,535,535,535,3600
2023-01-05 11:12:00,540,540,540,540,1500
2023-01-05 11:13:00,0,0,0,0,0
2023-01-05 11:14:00,0,0,0,0,0
2023-01-05 11:15:00,0,0,0,0,0
2023-01-05 11:16:00,0,0,0,0,0
2023-01-05 11:17:00,0,0,0,0,0
2023-01-05 11:18:00,0,0,0,0,0
2023-01-05 11:19:00,0,0,0,0,0
2023-01-05 11:20:00,0,0,0,0,0
2023-01-05 11:21:00,0,0,0,0,0
2023-01-05 11:22:00,0,0,0,0,0
2023-01-05 11:23:00,0,0,0,0,0
2023-01-05 11:24:00,540,540,540,540,0
2023-01-05 11:25:00,0,0,0,0,0
2023-01-05 11:26:00,540,540,540,540,800
2023-01-05 11:27:00,0,0,0,0,0
2023-01-05 11:28:00,540,540,540,540,900
2023-01-05 11:29:00,540,540,540,540,100
2023-01-05 11:30:00,0,0,0,0,0
2023-01-05 11:31:00,0,0,0,0,0
2023-01-05 11:32:00,0,0,0,0,0
2023-01-05 11:33:00,0,0,0,0,0
2023-01-05 11:34:00,0,0,0,0,0
2023-01-05 11:35:00,0,0,0,0,0
2023-01-05 11:36:00,0,0,0,0,0
2023-01-05 11:37:00,0,0,0,0,0
2023-01-05 11:38:00,0,0,0,0,0
2023-01-05 11:39:00,0,0,0,0,0
2023-01-05 11:40:00,0,0,0,0,0
2023-01-05 11:41:00,0,0,0,0,0
2023-01-05 11:42:00,0,0,0,0,0
2023-01-05 11:43:00,0,0,0,0,0
2023-01-05 11:44:00,0,0,0,0,0
2023-01-05 11:45:00,0,0,0,0,0
2023-01-05 11:46:00,0,0,0,0,0
2023-01-05 11:47:00,0,0,0,0,0
2023-01-05 11:48:00,0,0,0,0,0
2023-01-05 11:49:00,0,0,0,0,0
2023-01-05 11:50:00,0,0,0,0,0
2023-01-05 11:51:00,0,0,0,0,0
2023-01-05 11:52:00,0,0,0,0,0
2023-01-05 11:53:00,0,0,0,0,0
2023-01-05 11:54:00,0,0,0,0,0
2023-01-05 11:55:00,0,0,0,0,0
2023-01-05 11:56:00,0,0,0,0,0
2023-01-05 11:57:00,0,0,0,0,0
2023-01-05 11:58:00,0,0,0,0,0
2023-01-05 11:59:00,0,0,0,0,0
2023-01-05 12:00:00,0,0,0,0,0
2023-01-05 12:01:00,0,0,0,0,0
2023-01-05 12:02:00,0,0,0,0,0
2023-01-05 12:03:00,0,0,0,0,0
2023-01-05 12:04:00,0,0,0,0,0
2023-01-05 12:05:00,0,0,0,0,0
2023-01-05 12:06:00,0,0,0,0,0
2023-01-05 12:07:00,0,0,0,0,0
2023-01-05 12:08:00,0,0,0,0,0
2023-01-05 12:09:00,0,0,0,0,0
2023-01-05 12:10:00,0,0,0,0,0
2023-01-05 12:11:00,0,0,0,0,0
2023-01-05 12:12:00,0,0,0,0,0
2023-01-05 12:13:00,0,0,0,0,0
2023-01-05 12:14:00,0,0,0,0,0
2023-01-05 12:15:00,0,0,0,0,0
2023-01-05 12:16:00,0,0,0,0,0
2023-01-05 12:17:00,0,0,0,0,0
2023-01-05 12:18:00,0,0,0,0,0
2023-01-05 12:19:00,0,0,0,0,0
2023-01-05 12:20:00,0,0,0,0,0
2023-01-05 12:21:00,0,0,0,0,0
2023-01-05 12:22:00,0,0,0,0,0
2023-01-05 12:23:00,0,0,0,0,0
2023-01-05 12:24:00,0,0,0,0,0
2023-01-05 12:25:00,0,0,0,0,0
2023-01-05 12:26:00,0,0,0,0,0
2023-01-05 12:27:00,0,0,0,0,0
2023-01-05 12:28:00,0,0,0,0,0
2023-01-05 12:29:00,0,0,0,0,0
2023-01-05 12:30:00,0,0,0,0,0
2023-01-05 12:31:00,0,0,0,0,0
2023-01-05 12:32:00,0,0,0,0,0
2023-01-05 12:33:00,0,0,0,0,0
2023-01-05 12:34:00,0,0,0,0,0
2023-01-05 12:35:00,0,0,0,0,0
2023-01-05 12:36:00,0,0,0,0,0
2023-01-05 12:37:00,0,0,0,0,0
2023-01-05 12:38:00,0,0,0,0,0
2023-01-05 12:39:00,0,0,0,0,0
2023-01-05 12:40:00,0,0,0,0,0
2023-01-05 12:41:00,0,0,0,0,0
2023-01-05 12:42:00,0,0,0,0,0
2023-01-05 12:43:00,0,0,0,0,0
2023-01-05 12:44:00,0,0,0,0,0
2023-01-05 12:45:00,0,0,0,0,0
2023-01-05 12:46:00,0,0,0,0,0
2023-01-05 12:47:00,0,0,0,0,0
2023-01-05 12:48:00,0,0,0,0,0
2023-01-05 12:49:00,0,0,0,0,0
2023-01-05 12:50:00,0,0,0,0,0
2023-01-05 12:51:00,0,0,0,0,0
2023-01-05 12:52:00,0,0,0,0,0
2023-01-05 12:53:00,0,0,0,0,0
2023-01-05 12:54:00,0,0,0,0,0
2023-01-05 12:55:00,0,0,0,0,0
2023-01-05 12:56:00,0,0,0,0,0
2023-01-05 12:57:00,0,0,0,0,0
2023-01-05 12:58:00,0,0,0,0,0
2023-01-05 12:59:00,0,0,0,0,0
2023-01-05 13:00:00,0,0,0,0,0
2023-01-05 13:01:00,0,0,0,0,0
2023-01-05 13:02:00,0,0,0,0,0
2023-01-05 13:03:00,0,0,0,0,0
2023-01-05 13:04:00,0,0,0,0,0
2023-01-05 13:05:00,0,0,0,0,0
2023-01-05 13:06:00,0,0,0,0,0
2023-01-05 13:07:00,0,0,0,0,0
2023-01-05 13:08:00,0,0,0,0,0
2023-01-05 13:09:00,0,0,0,0,0
2023-01-05 13:10:00,0,0,0,0,0
2023-01-05 13:11:00,0,0,0,0,0
2023-01-05 13:12:00,0,0,0,0,0
2023-01-05 13:13:00,0,0,0,0,0
2023-01-05 13:14:00,0,0,0,0,0
2023-01-05 13:15:00,0,0,0,0,0
2023-01-05 13:16:00,0,0,0,0,0
2023-01-05 13:17:00,0,0,0,0,0
2023-01-05 13:18:00,0,0,0,0,0
2023-01-05 13:19:00,0,0,0,0,0
2023-01-05 13:20:00,0,0,0,0,0
2023-01-05 13:21:00,0,0,0,0,0
2023-01-05 13:22:00,0,0,0,0,0
2023-01-05 13:23:00,0,0,0,0,0
2023-01-05 13:24:00,0,0,0,0,0
2023-01-05 13:25:00,0,0,0,0,0
2023-01-05 13:26:00,0,0,0,0,0
2023-01-05 13:27:00,0,0,0,0,0
2023-01-05 13:28:00,0,0,0,0,0
2023-01-05 13:29:00,0,0,0,0,0
2023-01-05 13:30:00,540,540,540,540,300
2023-01-05 13:31:00,0,0,0,0,0
2023-01-05 13:32:00,0,0,0,0,0
2023-01-05 13:33:00,0,0,0,0,0
2023-01-05 13:34:00,0,0,0,0,0
2023-01-05 13:35:00,0,0,0,0,0
2023-01-05 13:36:00,0,0,0,0,0
2023-01-05 13:37:00,0,0,0,0,0
2023-01-05 13:38:00,0,0,0,0,0
2023-01-05 13:39:00,0,0,0,0,0
2023-01-05 13:40:00,0,0,0,0,0
2023-01-05 13:41:00,0,0,0,0,0
2023-01-05 13:42:00,540,540,540,540,500
2023-01-05 13:43:00,0,0,0,0,0
2023-01-05 13:44:00,0,0,0,0,0
2023-01-05 13:45:00,0,0,0,0,0
2023-01-05 13:46:00,0,0,0,0,0
2023-01-05 13:47:00,0,0,0,0,0
2023-01-05 13:48:00,0,0,0,0,0
2023-01-05 13:49:00,0,0,0,0,0
2023-01-05 13:50:00,0,0,0,0,0
2023-01-05 13:51:00,0,0,0,0,0
2023-01-05 13:52:00,0,0,0,0,0
2023-01-05 13:53:00,0,0,0,0,0
2023-01-05 13:54:00,0,0,0,0,0
2023-01-05 13:55:00,0,0,0,0,0
2023-01-05 13:56:00,0,0,0,0,0
2023-01-05 13:57:00,0,0,0,0,0
2023-01-05 13:58:00,0,0,0,0,0
2023-01-05 13:59:00,0,0,0,0,0
2023-01-05 14:00:00,0,0,0,0,0
2023-01-05 14:01:00,540,540,540,540,300
2023-01-05 14:02:00,0,0,0,0,0
2023-01-05 14:03:00,0,0,0,0,0
2023-01-05 14:04:00,0,0,0,0,0
2023-01-05 14:05:00,0,0,0,0,0
2023-01-05 14:06:00,0,0,0,0,0
2023-01-05 14:07:00,0,0,0,0,0
2023-01-05 14:08:00,0,0,0,0,0
2023-01-05 14:09:00,0,0,0,0,0
2023-01-05 14:10:00,0,0,0,0,0
2023-01-05 14:11:00,0,0,0,0,0
2023-01-05 14:12:00,0,0,0,0,0
2023-01-05 14:13:00,0,0,0,0,0
2023-01-05 14:14:00,0,0,0,0,0
2023-01-05 14:15:00,0,0,0,0,0
2023-01-05 14:16:00,0,0,0,0,0
2023-01-05 14:17:00,0,0,0,0,0
2023-01-05 14:18:00,535,535,540,540,10600
2023-01-05 14:19:00,0,0,0,0,0
2023-01-05 14:20:00,540,540,540,540,500
2023-01-05 14:21:00,0,0,0,0,0
2023-01-05 14:22:00,0,0,0,0,0
2023-01-05 14:23:00,535,535,535,535,800
2023-01-05 14:24:00,540,540,540,540,0
2023-01-05 14:25:00,0,0,0,0,0
2023-01-05 14:26:00,0,0,0,0,0
2023-01-05 14:27:00,0,0,0,0,0
2023-01-05 14:28:00,0,0,0,0,0
2023-01-05 14:29:00,540,540,540,540,1200
2023-01-05 14:30:00,0,0,0,0,0
2023-01-05 14:31:00,0,0,0,0,0
2023-01-05 14:32:00,0,0,0,0,0
2023-01-05 14:33:00,0,0,0,0,0
2023-01-05 14:34:00,0,0,0,0,0
2023-01-05 14:35:00,0,0,0,0,0
2023-01-05 14:36:00,0,0,0,0,0
2023-01-05 14:37:00,0,0,0,0,0
2023-01-05 14:38:00,0,0,0,0,0
2023-01-05 14:39:00,540,535,540,540,1600
2023-01-05 14:40:00,0,0,0,0,0
2023-01-05 14:41:00,0,0,0,0,0
2023-01-05 14:42:00,540,535,540,535,5300
2023-01-05 14:43:00,540,540,540,540,500
2023-01-05 14:44:00,0,0,0,0,0
2023-01-05 14:45:00,540,540,540,540,1100
2023-01-05 14:46:00,0,0,0,0,0
2023-01-05 14:47:00,540,540,540,540,400
2023-01-05 14:48:00,540,540,540,540,1200
2023-01-05 14:49:00,540,540,540,540,600
2023-01-05 14:50:00,0,0,0,0,0
2023-01-05 14:51:00,0,0,0,0,0
2023-01-05 14:52:00,0,0,0,0,0
2023-01-05 14:53:00,0,0,0,0,0
2023-01-05 14:54:00,0,0,0,0,0
2023-01-05 14:55:00,0,0,0,0,0
2023-01-05 14:56:00,0,0,0,0,0
2023-01-05 14:57:00,0,0,0,0,0
2023-01-05 14:58:00,0,0,0,0,0
2023-01-05 14:59:00,0,0,0,0,0
2023-01-05 15:00:00,540,540,540,540,141200
2023-01-05 15:01:00,0,0,0,0,0
2023-01-05 15:02:00,0,0,0,0,0
2023-01-05 15:03:00,0,0,0,0,0
2023-01-05 15:04:00,0,0,0,0,0
2023-01-05 15:05:00,0,0,0,0,0
2023-01-05 15:06:00,0,0,0,0,0
2023-01-05 15:07:00,0,0,0,0,0
2023-01-05 15:08:00,0,0,0,0,0
2023-01-05 15:09:00,0,0,0,0,0
2023-01-05 15:10:00,0,0,0,0,0
2023-01-05 15:11:00,0,0,0,0,0
2023-01-05 15:12:00,0,0,0,0,0
2023-01-05 15:13:00,0,0,0,0,0
2023-01-05 15:14:00,0,0,0,0,0
2023-01-05 15:15:00,0,0,0,0,0
2023-01-05 15:16:00,0,0,0,0,0
2023-01-05 15:17:00,0,0,0,0,0
2023-01-05 15:18:00,0,0,0,0,0
2023-01-05 15:19:00,0,0,0,0,0
2023-01-05 15:20:00,0,0,0,0,0
2023-01-05 15:21:00,0,0,0,0,0
2023-01-05 15:22:00,0,0,0,0,0
2023-01-05 15:23:00,0,0,0,0,0
2023-01-05 15:24:00,0,0,0,0,0
2023-01-05 15:25:00,0,0,0,0,0
2023-01-05 15:26:00,0,0,0,0,0
2023-01-05 15:27:00,0,0,0,0,0
2023-01-05 15:28:00,0,0,0,0,0
2023-01-05 15:29:00,0,0,0,0,0
2023-01-05 15:30:00,0,0,0,0,0
2023-01-05 15:31:00,0,0,0,0,0
2023-01-05 15:32:00,0,0,0,0,0
2023-01-05 15:33:00,0,0,0,0,0
2023-01-05 15:34:00,0,0,0,0,0
2023-01-05 15:35:00,0,0,0,0,0
2023-01-05 15:36:00,0,0,0,0,0
2023-01-05 15:37:00,0,0,0,0,0
2023-01-05 15:38:00,0,0,0,0,0
2023-01-05 15:39:00,0,0,0,0,0
2023-01-05 15:40:00,0,0,0,0,0
2023-01-05 15:41:00,0,0,0,0,0
2023-01-05 15:42:00,0,0,0,0,0
2023-01-05 15:43:00,0,0,0,0,0
2023-01-05 15:44:00,0,0,0,0,0
2023-01-05 15:45:00,0,0,0,0,0
2023-01-05 15:46:00,0,0,0,0,0
2023-01-05 15:47:00,0,0,0,0,0
2023-01-05 15:48:00,0,0,0,0,0
2023-01-05 15:49:00,0,0,0,0,0
2023-01-05 15:50:00,0,0,0,0,0
2023-01-05 15:51:00,0,0,0,0,0
2023-01-05 15:52:00,0,0,0,0,0
2023-01-05 15:53:00,0,0,0,0,0
2023-01-05 15:54:00,0,0,0,0,0
2023-01-05 15:55:00,0,0,0,0,0
2023-01-05 15:56:00,0,0,0,0,0
2023-01-05 15:57:00,0,0,0,0,0
2023-01-05 15:58:00,0,0,0,0,0
2023-01-05 15:59:00,0,0,0,0,0
2023-01-06 09:00:00,0,0,0,0,0
2023-01-06 09:01:00,0,0,0,0,0
2023-01-06 09:02:00,0,0,0,0,0
2023-01-06 09:03:00,0,0,0,0,0
2023-01-06 09:04:00,0,0,0,0,0
2023-01-06 09:05:00,0,0,0,0,0
2023-01-06 09:06:00,0,0,0,0,0
2023-01-06 09:07:00,0,0,0,0,0
2023-01-06 09:08:00,540,540,540,540,0
2023-01-06 09:09:00,0,0,0,0,0
2023-01-06 09:10:00,0,0,0,0,0
2023-01-06 09:11:00,0,0,0,0,0
2023-01-06 09:12:00,0,0,0,0,0
2023-01-06 09:13:00,0,0,0,0,0
2023-01-06 09:14:00,0,0,0,0,0
2023-01-06 09:15:00,0,0,0,0,0
2023-01-06 09:16:00,0,0,0,0,0
2023-01-06 09:17:00,0,0,0,0,0
2023-01-06 09:18:00,0,0,0,0,0
2023-01-06 09:19:00,0,0,0,0,0
2023-01-06 09:20:00,0,0,0,0,0
2023-01-06 09:21:00,0,0,0,0,0
2023-01-06 09:22:00,0,0,0,0,0
2023-01-06 09:23:00,0,0,0,0,0
2023-01-06 09:24:00,0,0,0,0,0
2023-01-06 09:25:00,0,0,0,0,0
2023-01-06 09:26:00,0,0,0,0,0
2023-01-06 09:27:00,0,0,0,0,0
2023-01-06 09:28:00,0,0,0,0,0
2023-01-06 09:29:00,540,540,540,540,1000
2023-01-06 09:30:00,0,0,0,0,0
2023-01-06 09:31:00,0,0,0,0,0
2023-01-06 09:32:00,0,0,0,0,0
2023-01-06 09:33:00,0,0,0,0,0
2023-01-06 09:34:00,0,0,0,0,0
2023-01-06 09:35:00,0,0,0,0,0
2023-01-06 09:36:00,0,0,0,0,0
2023-01-06 09:37:00,0,0,0,0,0
2023-01-06 09:38:00,0,0,0,0,0
2023-01-06 09:39:00,540,540,540,540,0
2023-01-06 09:40:00,0,0,0,0,0
2023-01-06 09:41:00,0,0,0,0,0
2023-01-06 09:42:00,0,0,0,0,0
2023-01-06 09:43:00,0,0,0,0,0
2023-01-06 09:44:00,0,0,0,0,0
2023-01-06 09:45:00,0,0,0,0,0
2023-01-06 09:46:00,0,0,0,0,0
2023-01-06 09:47:00,0,0,0,0,0
2023-01-06 09:48:00,0,0,0,0,0
2023-01-06 09:49:00,0,0,0,0,0
2023-01-06 09:50:00,0,0,0,0,0
2023-01-06 09:51:00,0,0,0,0,0
2023-01-06 09:52:00,0,0,0,0,0
2023-01-06 09:53:00,0,0,0,0,0
2023-01-06 09:54:00,0,0,0,0,0
2023-01-06 09:55:00,0,0,0,0,0
2023-01-06 09:56:00,0,0,0,0,0
2023-01-06 09:57:00,0,0,0,0,0
2023-01-06 09:58:00,0,0,0,0,0
2023-01-06 09:59:00,0,0,0,0,0
2023-01-06 10:00:00,0,0,0,0,0
2023-01-06 10:01:00,0,0,0,0,0
2023-01-06 10:02:00,0,0,0,0,0
2023-01-06 10:03:00,0,0,0,0,0
2023-01-06 10:04:00,0,0,0,0,0
2023-01-06 10:05:00,0,0,0,0,0
2023-01-06 10:06:00,0,0,0,0,0
2023-01-06 10:07:00,540,540,540,540,500
2023-01-06 10:08:00,0,0,0,0,0
2023-01-06 10:09:00,0,0,0,0,0
2023-01-06 10:10:00,0,0,0,0,0
2023-01-06 10:11:00,0,0,0,0,0
2023-01-06 10:12:00,0,0,0,0,0
2023-01-06 10:13:00,0,0,0,0,0
2023-01-06 10:14:00,0,0,0,0,0
2023-01-06 10:15:00,0,0,0,0,0
2023-01-06 10:16:00,0,0,0,0,0
2023-01-06 10:17:00,0,0,0,0,0
2023-01-06 10:18:00,0,0,0,0,0
2023-01-06 10:19:00,0,0,0,0,0
2023-01-06 10:20:00,535,535,535,535,4600
2023-01-06 10:21:00,540,540,540,540,0
2023-01-06 10:22:00,0,0,0,0,0
2023-01-06 10:23:00,0,0,0,0,0
2023-01-06 10:24:00,0,0,0,0,0
2023-01-06 10:25:00,0,0,0,0,0
2023-01-06 10:26:00,0,0,0,0,0
2023-01-06 10:27:00,0,0,0,0,0
2023-01-06 10:28:00,0,0,0,0,0
2023-01-06 10:29:00,0,0,0,0,0
2023-01-06 10:30:00,0,0,0,0,0
2023-01-06 10:31:00,0,0,0,0,0
2023-01-06 10:32:00,0,0,0,0,0
2023-01-06 10:33:00,535,535,535,535,600
2023-01-06 10:34:00,0,0,0,0,0
2023-01-06 10:35:00,0,0,0,0,0
2023-01-06 10:36:00,0,0,0,0,0
2023-01-06 10:37:00,0,0,0,0,0
2023-01-06 10:38:00,0,0,0,0,0
2023-01-06 10:39:00,540,535,540,535,2600
2023-01-06 10:40:00,0,0,0,0,0
2023-01-06 10:41:00,0,0,0,0,0
2023-01-06 10:42:00,0,0,0,0,0
2023-01-06 10:43:00,0,0,0,0,0
2023-01-06 10:44:00,535,535,535,535,100
2023-01-06 10:45:00,0,0,0,0,0
2023-01-06 10:46:00,0,0,0,0,0
2023-01-06 10:47:00,0,0,0,0,0
2023-01-06 10:48:00,0,0,0,0,0
2023-01-06 10:49:00,0,0,0,0,0
2023-01-06 10:50:00,0,0,0,0,0
2023-01-06 10:51:00,0,0,0,0,0
2023-01-06 10:52:00,0,0,0,0,0
2023-01-06 10:53:00,0,0,0,0,0
2023-01-06 10:54:00,0,0,0,0,0
2023-01-06 10:55:00,0,0,0,0,0
2023-01-06 10:56:00,530,530,530,530,3900
2023-01-06 10:57:00,535,535,535,535,0
2023-01-06 10:58:00,0,0,0,0,0
2023-01-06 10:59:00,0,0,0,0,0
2023-01-06 11:00:00,0,0,0,0,0
2023-01-06 11:01:00,535,535,535,535,9100
2023-01-06 11:02:00,535,535,535,535,9500
2023-01-06 11:03:00,535,535,540,540,300
2023-01-06 11:04:00,0,0,0,0,0
2023-01-06 11:05:00,0,0,0,0,0
2023-01-06 11:06:00,535,535,535,535,0
2023-01-06 11:07:00,0,0,0,0,0
2023-01-06 11:08:00,0,0,0,0,0
2023-01-06 11:09:00,540,540,540,540,800
2023-01-06 11:10:00,0,0,0,0,0
2023-01-06 11:11:00,0,0,0,0,0
2023-01-06 11:12:00,0,0,0,0,0
2023-01-06 11:13:00,0,0,0,0,0
2023-01-06 11:14:00,0,0,0,0,0
2023-01-06 11:15:00,0,0,0,0,0
2023-01-06 11:16:00,0,0,0,0,0
2023-01-06 11:17:00,0,0,0,0,0
2023-01-06 11:18:00,0,0,0,0,0
2023-01-06 11:19:00,0,0,0,0,0
2023-01-06 11:20:00,0,0,0,0,0
2023-01-06 11:21:00,0,0,0,0,0
2023-01-06 11:22:00,0,0,0,0,0
2023-01-06 11:23:00,0,0,0,0,0
2023-01-06 11:24:00,540,540,540,540,400
2023-01-06 11:25:00,0,0,0,0,0
2023-01-06 11:26:00,0,0,0,0,0
2023-01-06 11:27:00,540,540,540,540,1100
2023-01-06 11:28:00,540,540,540,540,500
2023-01-06 11:29:00,540,540,540,540,100
2023-01-06 11:30:00,0,0,0,0,0
2023-01-06 11:31:00,0,0,0,0,0
2023-01-06 11:32:00,0,0,0,0,0
2023-01-06 11:33:00,0,0,0,0,0
2023-01-06 11:34:00,0,0,0,0,0
2023-01-06 11:35:00,0,0,0,0,0
2023-01-06 11:36:00,0,0,0,0,0
2023-01-06 11:37:00,0,0,0,0,0
2023-01-06 11:38:00,0,0,0,0,0
2023-01-06 11:39:00,0,0,0,0,0
2023-01-06 11:40:00,0,0,0,0,0
2023-01-06 11:41:00,0,0,0,0,0
2023-01-06 11:42:00,0,0,0,0,0
2023-01-06 11:43:00,0,0,0,0,0
2023-01-06 11:44:00,0,0,0,0,0
2023-01-06 11:45:00,0,0,0,0,0
2023-01-06 11:46:00,0,0,0,0,0
2023-01-06 11:47:00,0,0,0,0,0
2023-01-06 11:48:00,0,0,0,0,0
2023-01-06 11:49:00,0,0,0,0,0
2023-01-06 11:50:00,0,0,0,0,0
2023-01-06 11:51:00,0,0,0,0,0
2023-01-06 11:52:00,0,0,0,0,0
2023-01-06 11:53:00,0,0,0,0,0
2023-01-06 11:54:00,0,0,0,0,0
2023-01-06 11:55:00,0,0,0,0,0
2023-01-06 11:56:00,0,0,0,0,0
2023-01-06 11:57:00,0,0,0,0,0
2023-01-06 11:58:00,0,0,0,0,0
2023-01-06 11:59:00,0,0,0,0,0
2023-01-06 12:00:00,0,0,0,0,0
2023-01-06 12:01:00,0,0,0,0,0
2023-01-06 12:02:00,0,0,0,0,0
2023-01-06 12:03:00,0,0,0,0,0
2023-01-06 12:04:00,0,0,0,0,0
2023-01-06 12:05:00,0,0,0,0,0
2023-01-06 12:06:00,0,0,0,0,0
2023-01-06 12:07:00,0,0,0,0,0
2023-01-06 12:08:00,0,0,0,0,0
2023-01-06 12:09:00,0,0,0,0,0
2023-01-06 12:10:00,0,0,0,0,0
2023-01-06 12:11:00,0,0,0,0,0
2023-01-06 12:12:00,0,0,0,0,0
2023-01-06 12:13:00,0,0,0,0,0
2023-01-06 12:14:00,0,0,0,0,0
2023-01-06 12:15:00,0,0,0,0,0
2023-01-06 12:16:00,0,0,0,0,0
2023-01-06 12:17:00,0,0,0,0,0
2023-01-06 12:18:00,0,0,0,0,0
2023-01-06 12:19:00,0,0,0,0,0
2023-01-06 12:20:00,0,0,0,0,0
2023-01-06 12:21:00,0,0,0,0,0
2023-01-06 12:22:00,0,0,0,0,0
2023-01-06 12:23:00,0,0,0,0,0
2023-01-06 12:24:00,0,0,0,0,0
2023-01-06 12:25:00,0,0,0,0,0
2023-01-06 12:26:00,0,0,0,0,0
2023-01-06 12:27:00,0,0,0,0,0
2023-01-06 12:28:00,0,0,0,0,0
2023-01-06 12:29:00,0,0,0,0,0
2023-01-06 12:30:00,0,0,0,0,0
2023-01-06 12:31:00,0,0,0,0,0
2023-01-06 12:32:00,0,0,0,0,0
2023-01-06 12:33:00,0,0,0,0,0
2023-01-06 12:34:00,0,0,0,0,0
2023-01-06 12:35:00,0,0,0,0,0
2023-01-06 12:36:00,0,0,0,0,0
2023-01-06 12:37:00,0,0,0,0,0
2023-01-06 12:38:00,0,0,0,0,0
2023-01-06 12:39:00,0,0,0,0,0
2023-01-06 12:40:00,0,0,0,0,0
2023-01-06 12:41:00,0,0,0,0,0
2023-01-06 12:42:00,0,0,0,0,0
2023-01-06 12:43:00,0,0,0,0,0
2023-01-06 12:44:00,0,0,0,0,0
2023-01-06 12:45:00,0,0,0,0,0
2023-01-06 12:46:00,0,0,0,0,0
2023-01-06 12:47:00,0,0,0,0,0
2023-01-06 12:48:00,0,0,0,0,0
2023-01-06 12:49:00,0,0,0,0,0
2023-01-06 12:50:00,0,0,0,0,0
2023-01-06 12:51:00,0,0,0,0,0
2023-01-06 12:52:00,0,0,0,0,0
2023-01-06 12:53:00,0,0,0,0,0
2023-01-06 12:54:00,0,0,0,0,0
2023-01-06 12:55:00,0,0,0,0,0
2023-01-06 12:56:00,0,0,0,0,0
2023-01-06 12:57:00,0,0,0,0,0
2023-01-06 12:58:00,0,0,0,0,0
2023-01-06 12:59:00,0,0,0,0,0
2023-01-06 13:00:00,0,0,0,0,0
2023-01-06 13:01:00,0,0,0,0,0
2023-01-06 13:02:00,0,0,0,0,0
2023-01-06 13:03:00,0,0,0,0,0
2023-01-06 13:04:00,0,0,0,0,0
2023-01-06 13:05:00,0,0,0,0,0
2023-01-06 13:06:00,0,0,0,0,0
2023-01-06 13:07:00,0,0,0,0,0
2023-01-06 13:08:00,0,0,0,0,0
2023-01-06 13:09:00,0,0,0,0,0
2023-01-06 13:10:00,0,0,0,0,0
2023-01-06 13:11:00,0,0,0,0,0
2023-01-06 13:12:00,0,0,0,0,0
2023-01-06 13:13:00,0,0,0,0,0
2023-01-06 13:14:00,0,0,0,0,0
2023-01-06 13:15:00,0,0,0,0,0
2023-01-06 13:16:00,0,0,0,0,0
2023-01-06 13:17:00,0,0,0,0,0
2023-01-06 13:18:00,0,0,0,0,0
2023-01-06 13:19:00,0,0,0,0,0
2023-01-06 13:20:00,0,0,0,0,0
2023-01-06 13:21:00,0,0,0,0,0
2023-01-06 13:22:00,0,0,0,0,0
2023-01-06 13:23:00,0,0,0,0,0
2023-01-06 13:24:00,0,0,0,0,0
2023-01-06 13:25:00,0,0,0,0,0
2023-01-06 13:26:00,0,0,0,0,0
2023-01-06 13:27:00,0,0,0,0,0
2023-01-06 13:28:00,0,0,0,0,0
2023-01-06 13:29:00,0,0,0,0,0
2023-01-06 13:30:00,540,540,540,540,125100
2023-01-06 13:31:00,0,0,0,0,0
2023-01-06 13:32:00,0,0,0,0,0
2023-01-06 13:33:00,0,0,0,0,0
2023-01-06 13:34:00,540,540,540,540,13000
2023-01-06 13:35:00,545,540,545,540,2300
2023-01-06 13:36:00,0,0,0,0,0
2023-01-06 13:37:00,0,0,0,0,0
2023-01-06 13:38:00,0,0,0,0,0
2023-01-06 13:39:00,0,0,0,0,0
2023-01-06 13:40:00,0,0,0,0,0
2023-01-06 13:41:00,0,0,0,0,0
2023-01-06 13:42:00,0,0,0,0,0
2023-01-06 13:43:00,0,0,0,0,0
2023-01-06 13:44:00,0,0,0,0,0
2023-01-06 13:45:00,0,0,0,0,0
2023-01-06 13:46:00,0,0,0,0,0
2023-01-06 13:47:00,0,0,0,0,0
2023-01-06 13:48:00,535,535,535,535,200
2023-01-06 13:49:00,540,540,540,540,900
2023-01-06 13:50:00,0,0,0,0,0
2023-01-06 13:51:00,0,0,0,0,0
2023-01-06 13:52:00,0,0,0,0,0
2023-01-06 13:53:00,0,0,0,0,0
2023-01-06 13:54:00,0,0,0,0,0
2023-01-06 13:55:00,0,0,0,0,0
2023-01-06 13:56:00,0,0,0,0,0
2023-01-06 13:57:00,0,0,0,0,0
2023-01-06 13:58:00,0,0,0,0,0
2023-01-06 13:59:00,0,0,0,0,0
2023-01-06 14:00:00,0,0,0,0,0
2023-01-06 14:01:00,0,0,0,0,0
2023-01-06 14:02:00,0,0,0,0,0
2023-01-06 14:03:00,0,0,0,0,0
2023-01-06 14:04:00,540,540,540,540,300
2023-01-06 14:05:00,0,0,0,0,0
2023-01-06 14:06:00,0,0,0,0,0
2023-01-06 14:07:00,0,0,0,0,0
2023-01-06 14:08:00,0,0,0,0,0
2023-01-06 14:09:00,0,0,0,0,0
2023-01-06 14:10:00,0,0,0,0,0
2023-01-06 14:11:00,0,0,0,0,0
2023-01-06 14:12:00,0,0,0,0,0
2023-01-06 14:13:00,0,0,0,0,0
2023-01-06 14:14:00,0,0,0,0,0
2023-01-06 14:15:00,0,0,0,0,0
2023-01-06 14:16:00,0,0,0,0,0
2023-01-06 14:17:00,0,0,0,0,0
2023-01-06 14:18:00,0,0,0,0,0
2023-01-06 14:19:00,0,0,0,0,0
2023-01-06 14:20:00,0,0,0,0,0
2023-01-06 14:21:00,0,0,0,0,0
2023-01-06 14:22:00,0,0,0,0,0
2023-01-06 14:23:00,0,0,0,0,0
2023-01-06 14:24:00,0,0,0,0,0
2023-01-06 14:25:00,0,0,0,0,0
2023-01-06 14:26:00,0,0,0,0,0
2023-01-06 14:27:00,0,0,0,0,0
2023-01-06 14:28:00,0,0,0,0,0
2023-01-06 14:29:00,0,0,0,0,0
2023-01-06 14:30:00,0,0,0,0,0
2023-01-06 14:31:00,0,0,0,0,0
2023-01-06 14:32:00,0,0,0,0,0
2023-01-06 14:33:00,0,0,0,0,0
2023-01-06 14:34:00,0,0,0,0,0
2023-01-06 14:35:00,0,0,0,0,0
2023-01-06 14:36:00,0,0,0,0,0
2023-01-06 14:37:00,540,540,540,540,500
2023-01-06 14:38:00,0,0,0,0,0
2023-01-06 14:39:00,0,0,0,0,0
2023-01-06 14:40:00,0,0,0,0,0
2023-01-06 14:41:00,540,540,540,540,600
2023-01-06 14:42:00,0,0,0,0,0
2023-01-06 14:43:00,540,540,540,540,500
2023-01-06 14:44:00,540,540,540,540,800
2023-01-06 14:45:00,0,0,0,0,0
2023-01-06 14:46:00,540,540,540,540,200
2023-01-06 14:47:00,540,540,540,540,700
2023-01-06 14:48:00,0,0,0,0,0
2023-01-06 14:49:00,540,540,540,540,800
2023-01-06 14:50:00,0,0,0,0,0
2023-01-06 14:51:00,0,0,0,0,0
2023-01-06 14:52:00,0,0,0,0,0
2023-01-06 14:53:00,0,0,0,0,0
2023-01-06 14:54:00,0,0,0,0,0
2023-01-06 14:55:00,0,0,0,0,0
2023-01-06 14:56:00,0,0,0,0,0
2023-01-06 14:57:00,0,0,0,0,0
2023-01-06 14:58:00,0,0,0,0,0
2023-01-06 14:59:00,0,0,0,0,0
2023-01-06 15:00:00,540,540,540,540,60500
2023-01-06 15:01:00,0,0,0,0,0
2023-01-06 15:02:00,0,0,0,0,0
2023-01-06 15:03:00,0,0,0,0,0
2023-01-06 15:04:00,0,0,0,0,0
2023-01-06 15:05:00,0,0,0,0,0
2023-01-06 15:06:00,0,0,0,0,0
2023-01-06 15:07:00,0,0,0,0,0
2023-01-06 15:08:00,0,0,0,0,0
2023-01-06 15:09:00,0,0,0,0,0
2023-01-06 15:10:00,0,0,0,0,0
2023-01-06 15:11:00,0,0,0,0,0
2023-01-06 15:12:00,0,0,0,0,0
2023-01-06 15:13:00,0,0,0,0,0
2023-01-06 15:14:00,0,0,0,0,0
2023-01-06 15:15:00,0,0,0,0,0
2023-01-06 15:16:00,0,0,0,0,0
2023-01-06 15:17:00,0,0,0,0,0
2023-01-06 15:18:00,0,0,0,0,0
2023-01-06 15:19:00,0,0,0,0,0
2023-01-06 15:20:00,0,0,0,0,0
2023-01-06 15:21:00,0,0,0,0,0
2023-01-06 15:22:00,0,0,0,0,0
2023-01-06 15:23:00,0,0,0,0,0
2023-01-06 15:24:00,0,0,0,0,0
2023-01-06 15:25:00,0,0,0,0,0
2023-01-06 15:26:00,0,0,0,0,0
2023-01-06 15:27:00,0,0,0,0,0
2023-01-06 15:28:00,0,0,0,0,0
2023-01-06 15:29:00,0,0,0,0,0
2023-01-06 15:30:00,0,0,0,0,0
2023-01-06 15:31:00,0,0,0,0,0
2023-01-06 15:32:00,0,0,0,0,0
2023-01-06 15:33:00,0,0,0,0,0
2023-01-06 15:34:00,0,0,0,0,0
2023-01-06 15:35:00,0,0,0,0,0
2023-01-06 15:36:00,0,0,0,0,0
2023-01-06 15:37:00,0,0,0,0,0
2023-01-06 15:38:00,0,0,0,0,0
2023-01-06 15:39:00,0,0,0,0,0
2023-01-06 15:40:00,0,0,0,0,0
2023-01-06 15:41:00,0,0,0,0,0
2023-01-06 15:42:00,0,0,0,0,0
2023-01-06 15:43:00,0,0,0,0,0
2023-01-06 15:44:00,0,0,0,0,0
2023-01-06 15:45:00,0,0,0,0,0
2023-01-06 15:46:00,0,0,0,0,0
2023-01-06 15:47:00,0,0,0,0,0
2023-01-06 15:48:00,0,0,0,0,0
2023-01-06 15:49:00,0,0,0,0,0
2023-01-06 15:50:00,0,0,0,0,0
2023-01-06 15:51:00,0,0,0,0,0
2023-01-06 15:52:00,0,0,0,0,0
2023-01-06 15:53:00,0,0,0,0,0
2023-01-06 15:54:00,0,0,0,0,0
2023-01-06 15:55:00,0,0,0,0,0
2023-01-06 15:56:00,0,0,0,0,0
2023-01-06 15:57:00,0,0,0,0,0
2023-01-06 15:58:00,0,0,0,0,0
2023-01-06 15:59:00,0,0,0,0,0
